1	61.97000122
2	61.90999985
3	61.81000137
4	62.33000183
5	61.36000061
6	61.90999985
7	61.88999939
8	61.90999985
9	61.83000183
10	62.25
11	62.22999954
12	62.18000031
13	61.88999939
14	61.59999847
15	61.59999847
16	61.84999847
17	61.95000076
18	62.20999908
19	62.11999893
20	61.45000076
21	61.84999847
22	61.79000092
23	61.86999893
24	61.68000031
25	62.20000076
26	62.22999954
27	62.27000046
28	62.20000076
29	61.68000031
30	61.65999985
31	61.72000122
32	61.90999985
33	61.90999985
34	62.36999893
35	62.20999908
36	61.59999847
37	62.08000183
38	61.93000031
39	61.99000168
40	62.52000046
41	62.34999847
42	61.86999893
43	61.63999939
44	61.79000092
45	62.09999847
46	62.04000092
47	62.47999954
48	62.65000153
49	62.20999908
50	62.47999954
51	61.84999847
52	61.79000092
53	61.83000183
54	62.13999939
55	62.18000031
56	62.15999985
57	62.40999985
58	62.25
59	62.34999847
60	61.83000183
61	61.70000076
62	61.86999893
63	61.77999878
64	61.90999985
65	62.18000031
66	61.97000122
67	62.20999908
68	61.93000031
69	62.22999954
70	62.36999893
71	62.33000183
72	62.11999893
73	62.20999908
74	61.45000076
75	61.81000137
76	61.70000076
77	61.31999969
78	61.72000122
79	61.97000122
80	61.81000137
81	62.15999985
82	62.33000183
83	62.04000092
84	62.38999939
85	62.11999893
86	62.65000153
87	62.13999939
88	62.38999939
89	62.58000183
90	62.34999847
91	62.5
92	61.61999893
93	61.99000168
94	61.90999985
95	62.20999908
96	62.31000137
97	62.25
98	62.79000092
99	62.65000153
100	62.81000137
101	63
102	62.68999863
103	62.59999847
104	62.29000092
105	62.56000137
106	62.52000046
107	62.95999908
108	63.11000061
109	62.97999954
110	62.84000015
111	62.93999863
112	63.25999832
113	63.13000107
114	63.45000076
115	63.34000015
116	63.18999863
117	63.24000168
118	62.66999817
119	62.79000092
120	62.54000092
121	63
122	63.38000107
123	63.29999924
124	62.90000153
125	63.41999817
126	62.93999863
127	63.15000153
128	63.41999817
129	63.47000122
130	63.65000153
131	63.77999878
132	63.36000061
133	63.75999832
134	62.95999908
135	63.16999817
136	63.20999908
137	62.70999908
138	62.93999863
139	63.16999817
140	63.43999863
141	63.06999969
142	63.41999817
143	63.54999924
144	63.70000076
145	63.45000076
146	63.43999863
147	63.47000122
148	63.56999969
149	63.65000153
150	63.70000076
151	63.81999969
152	63.54999924
153	63.34000015
154	62.95999908
155	63.25999832
156	63.13000107
157	63.20999908
158	63.38000107
159	63.24000168
160	63.20999908
161	63.16999817
162	63.25999832
163	63.27999878
164	63
165	63.41999817
166	63.29999924
167	63.65999985
168	63.54999924
169	63.79999924
170	63.86999893
171	63.43999863
172	63.38000107
173	62.77000046
174	63.36000061
175	62.86000061
176	63.22999954
177	63.16999817
178	64.05000305
179	63.97000122
180	63.36000061
181	63.27999878
182	63.18999863
183	62.97999954
184	63.65999985
185	63.13000107
186	63.59000015
187	63.68000031
188	63.31999969
189	63.45000076
190	63.36000061
191	62.75
192	63.24000168
193	63.41999817
194	63.68000031
195	63.72000122
196	64.01000214
197	63.63000107
198	63.84000015
199	63.40000153
200	62.97999954
201	63.31999969
202	63.34000015
203	63.43999863
204	63.31999969
205	63.31999969
206	63.84000015
207	64.12000275
208	63.38000107
209	63.06999969
210	62.81000137
211	63.27999878
212	63.40000153
213	63.40000153
214	63.72000122
215	63.50999832
216	63.86999893
217	63.25999832
218	62.95999908
219	62.97999954
220	63.02999878
221	63.45000076
222	63.29999924
223	63.70000076
224	63.15000153
225	63.63000107
226	63.88999939
227	63.63000107
228	63.65999985
229	63.34000015
230	62.70999908
231	63.29999924
232	63.84999847
233	63.18999863
234	63.65999985
235	63.61000061
236	63.50999832
237	63.18999863
238	62.90000153
239	63.15000153
240	63.13000107
241	63.18999863
242	63.40000153
243	63.65000153
244	63.54999924
245	63.47000122
246	63.56999969
247	63.06999969
248	63.31999969
249	63.45000076
250	63.45000076
251	63.77999878
252	63.13000107
253	63.27999878
254	63.61000061
255	63.61000061
256	63.65000153
257	63.81999969
258	63.27999878
259	63.47000122
260	63.24000168
261	63.56999969
262	63.61000061
263	63.04999924
264	62.45999908
265	63.24000168
266	63.24000168
267	63.54999924
268	62.84000015
269	63.22999954
270	62.77000046
271	63.52999878
272	62.77000046
273	63
274	62.61999893
275	63.31999969
276	62.5
277	62.45999908
278	62.79000092
279	62.88000107
280	61.63999939
281	61.90999985
282	61.81000137
283	61.61999893
284	61.18000031
285	60.90000153
286	60.38000107
287	60.36000061
288	60.47999954
289	61.00999832
290	60.11999893
291	60.59000015
292	60.27000046
293	60.04000092
294	60.34999847
295	60.68999863
296	60.41999817
297	61.09000015
298	60.22999954
299	60.02000046
300	60.70999908
301	59.72999954
302	60.33000183
303	60.54000092
304	60.72999954
305	60.18999863
306	60.56000137
307	61.06999969
308	60.16999817
309	60.52000046
310	61.22000122
311	60.47999954
312	60.88000107
313	61.13000107
314	61.15000153
315	60.75
316	61.02999878
317	61.13000107
318	61.50999832
319	61.09000015
320	60.99000168
321	61.27999878
322	61.45000076
323	61.00999832
324	61.20000076
325	61.15000153
326	61.93000031
327	61.00999832
328	61.34000015
329	61.68000031
330	61.70000076
331	61.04999924
332	61.13000107
333	61.54999924
334	61.81000137
335	61.09000015
336	61.59000015
337	61.70000076
338	61.83000183
339	61.54999924
340	61.04999924
341	61.49000168
342	61.65999985
343	61.75999832
344	62.06000137
345	61.15000153
346	61.16999817
347	61.83000183
348	61.95000076
349	61.56999969
350	61.54999924
351	61.49000168
352	61.99000168
353	61.75999832
354	62.06000137
355	61.40999985
356	61.40999985
357	61.70000076
358	61.84999847
359	62.13999939
360	61.90999985
361	61.36000061
362	61.61999893
363	61.63999939
364	61.77999878
365	62.13999939
366	61.70000076
367	61.61999893
368	61.38000107
369	61.36000061
370	61.88999939
371	61.81000137
372	62.22999954
373	61.86999893
374	61.36000061
375	61.90999985
376	61.99000168
377	61.68000031
378	62.08000183
379	62.08000183
380	61.68000031
381	61.49000168
382	61.43000031
383	61.59999847
384	61.70000076
385	62.34999847
386	62.20000076
387	61.77999878
388	61.74000168
389	62.22999954
390	61.65999985
391	61.90999985
392	61.83000183
393	61.75999832
394	61.54999924
395	61.22000122
396	61.75999832
397	61.93000031
398	62.08000183
399	61.99000168
400	61.86999893
401	62.31000137
402	61.40999985
403	61.68000031
404	61.52999878
405	61.90999985
406	61.97000122
407	61.79000092
408	62.31000137
409	61.68000031
410	61.75999832
411	61.65999985
412	61.81000137
413	61.68000031
414	62.18000031
415	62.27000046
416	61.99000168
417	61.77999878
418	61.74000168
419	61.93000031
420	61.84999847
421	62.40999985
422	62.38999939
423	61.70000076
424	61.84999847
425	61.95000076
426	61.88999939
427	62.20000076
428	61.47000122
429	61.59000015
430	61.88999939
431	61.75999832
432	62.36999893
433	62.41999817
434	61.52999878
435	62.06000137
436	62.02000046
437	62.43999863
438	62.54000092
439	62.20999908
440	61.86999893
441	61.95000076
442	61.70000076
443	62.08000183
444	62.5
445	61.70000076
446	61.88999939
447	61.83000183
448	62.04000092
449	62.36999893
450	62.11999893
451	62.04000092
452	61.56999969
453	61.81000137
454	61.81000137
455	62.20000076
456	62.40999985
457	61.97000122
458	61.93000031
459	61.52999878
460	62.20000076
461	62.13999939
462	62.40999985
463	62.20000076
464	62.09999847
465	61.59000015
466	61.86999893
467	62.02000046
468	62.29000092
469	61.95000076
470	62.22999954
471	61.68000031
472	61.74000168
473	61.77999878
474	61.99000168
475	62.27000046
476	62.18000031
477	62.22999954
478	62.04000092
479	61.97000122
480	61.61999893
481	62
482	61.93000031
483	62.38999939
484	62.27000046
485	61.49000168
486	61.72000122
487	61.99000168
488	61.72000122
489	62.13999939
490	62.20000076
491	61.61999893
492	61.95000076
493	61.59999847
494	62.04000092
495	62.04000092
496	62.43999863
497	62.33000183
498	61.86999893
499	61.79000092
500	61.75999832
501	61.70000076
502	62.02000046
503	62.08000183
504	61.77999878
505	61.56999969
506	61.81000137
507	61.88999939
508	62.09999847
509	62.18000031
510	62.02000046
511	61.59000015
512	61.47000122
513	62.04000092
514	61.81000137
515	61.74000168
516	61.99000168
517	61.63999939
518	61.63999939
519	61.34000015
520	62.22999954
521	62.11999893
522	61.97000122
523	61.38000107
524	61.99000168
525	61.97000122
526	62.20999908
527	62.27000046
528	61.77999878
529	61.61999893
530	62.20000076
531	62.45999908
532	62.02000046
533	61.79000092
534	62.06000137
535	61.59999847
536	61.90999985
537	61.95000076
538	62.22999954
539	61.77999878
540	61.77999878
541	62.04000092
542	62.18000031
543	62.15999985
544	61.93000031
545	61.81000137
546	61.83000183
547	62.25
548	62.08000183
549	62.40999985
550	62
551	62.40999985
552	62.06000137
553	62.02000046
554	62.52000046
555	62.18000031
556	62.31000137
557	61.77999878
558	62.61999893
559	62.52000046
560	62.20000076
561	62.29000092
562	62.27000046
563	61.95000076
564	62.52000046
565	62.18000031
566	62.95999908
567	62.45999908
568	61.75999832
569	62.29000092
570	62.20000076
571	62.81000137
572	62.79000092
573	63.15000153
574	62.90000153
575	62.36999893
576	62.22999954
577	62.58000183
578	62.79000092
579	63.16999817
580	63.38000107
581	62.75
582	62.84000015
583	62.81000137
584	62.95999908
585	63.04999924
586	63.25999832
587	63.22999954
588	63.09000015
589	62.5
590	62.79000092
591	63.20999908
592	63.41999817
593	63.04999924
594	63.65000153
595	63.04999924
596	63.27999878
597	63.09000015
598	63.18999863
599	62.72999954
600	62.65000153
601	63.04999924
602	63.11000061
603	63.61000061
604	63.72000122
605	63.24000168
606	62.81000137
607	62.95999908
608	62.68999863
609	63.27999878
610	63.20999908
611	63
612	63.27999878
613	63.22999954
614	63.16999817
615	63.31999969
616	63.59000015
617	63.50999832
618	63.54999924
619	62.93999863
620	62.97999954
621	62.93999863
622	63.11000061
623	63.15000153
624	63.22999954
625	63.24000168
626	63.38000107
627	63.24000168
628	63.36000061
629	63.15000153
630	63.61000061
631	63.45000076
632	63.13000107
633	63.36000061
634	62.93999863
635	63.38000107
636	63.47000122
637	63.50999832
638	63.63000107
639	63.38000107
640	63.45000076
641	63.09000015
642	63.22999954
643	63.65000153
644	63.27999878
645	63.47000122
646	63.36000061
647	62.84000015
648	63.41999817
649	63.13000107
650	63.15000153
651	62.88000107
652	62.58000183
653	63.15000153
654	62.88000107
655	63.20999908
656	63.20999908
657	63.50999832
658	63.25999832
659	63.47000122
660	63.13000107
661	63.68000031
662	63.79999924
663	63.75999832
664	63.86999893
665	63.15000153
666	63.06999969
667	62.79000092
668	63.02000046
669	62.86000061
670	63.24000168
671	63.18999863
672	63.45000076
673	63.09000015
674	63.63000107
675	63.74000168
676	63.68000031
677	63.24000168
678	62.88000107
679	62.81000137
680	63.40000153
681	63.34000015
682	63.20999908
683	63.50999832
684	63.56999969
685	63.20999908
686	63.31999969
687	63.45000076
688	62.90000153
689	62.84000015
690	63.24000168
691	63
692	63.13000107
693	63.34000015
694	63.41999817
695	63.40000153
696	63.04999924
697	63.38000107
698	63.59000015
699	63.49000168
700	62.97999954
701	63.27999878
702	63.04999924
703	63.02999878
704	62.84000015
705	63.20999908
706	63.34000015
707	63.24000168
708	63.02999878
709	63.45000076
710	63.20999908
711	63.43999863
712	63.61000061
713	63.40000153
714	63.59000015
715	63.65999985
716	63.18999863
717	63.18999863
718	62.70999908
719	63.40000153
720	62.93999863
721	63.13000107
722	63.11000061
723	63.11000061
724	63.27999878
725	63.52999878
726	63.61000061
727	63.41999817
728	63.65000153
729	63.40000153
730	63.02999878
731	63.27999878
732	62.70999908
733	62.97999954
734	62.91999817
735	63.27999878
736	63.09000015
737	63
738	63.09000015
739	63.56999969
740	63.09000015
741	63.52999878
742	63.49000168
743	63
744	62.79000092
745	63
746	62.86000061
747	62.91999817
748	62.68999863
749	62.68999863
750	62.20000076
751	62.68999863
752	62.41999817
753	62.20000076
754	62.02000046
755	62.08000183
756	61.81000137
757	61.49000168
758	61.49000168
759	61.36000061
760	60.45999908
761	60.54000092
762	60.04000092
763	60.13999939
764	60.40000153
765	60.11999893
766	60.45999908
767	60.22999954
768	60.29000092
769	60.31000137
770	60.38000107
771	59.72999954
772	60.31000137
773	59.79000092
774	60.36000061
775	60.34999847
776	60.56999969
777	60.70999908
778	60.38000107
779	60.11999893
780	60.15000153
781	60.66999817
782	60.70999908
783	60.86000061
784	60.63000107
785	60.77999878
786	60.88000107
787	60.79999924
788	60.68999863
789	60.59000015
790	61.02999878
791	61.16999817
792	61.06999969
793	61.15000153
794	61.45000076
795	60.95999908
796	60.97000122
797	60.91999817
798	60.99000168
799	61.02999878
800	61.79000092
801	61.59000015
802	61.59000015
803	61.50999832
804	61.52999878
805	60.75999832
806	61.02999878
807	61.45000076
808	61.43000031
809	61.43000031
810	61.68000031
811	61.74000168
812	60.95999908
813	61.93000031
814	61.27999878
815	61.59999847
816	61.72000122
817	61.88999939
818	61.81000137
819	61.47000122
820	61.25999832
821	61.47000122
822	61.84999847
823	61.72000122
824	62.06000137
825	61.77999878
826	61.93000031
827	61.63999939
828	61.43000031
829	61.52999878
830	61.11000061
831	61.97000122
832	61.47000122
833	62.29000092
834	61.83000183
835	61.93000031
836	61.00999832
837	61.45000076
838	61.75999832
839	61.59000015
840	61.81000137
841	61.97000122
842	61.79000092
843	62.27000046
844	62.20000076
845	61.70000076
846	61.20000076
847	61.63999939
848	61.88999939
849	61.88999939
850	61.83000183
851	62.02000046
852	62.31000137
853	62.06000137
854	61.90999985
855	61.34000015
856	61.52999878
857	61.36000061
858	61.75999832
859	62.66999817
860	61.99000168
861	61.90999985
862	62.43999863
863	62.20000076
864	61.90999985
865	61.83000183
866	61.93000031
867	61.45000076
868	61.59000015
869	61.50999832
870	61.83000183
871	62.20000076
872	61.63999939
873	61.72000122
874	62.40999985
875	62.20000076
876	61.79000092
877	61.61999893
878	61.75999832
879	61.29999924
880	61.59000015
881	61.63999939
882	61.63999939
883	62.02000046
884	61.97000122
885	62.11999893
886	61.63999939
887	62.02000046
888	61.97000122
889	61.77999878
890	62
891	61.74000168
892	62.56000137
893	62.11999893
894	62.04000092
895	61.95000076
896	61.70000076
897	61.36000061
898	61.79000092
899	61.43000031
900	61.74000168
901	61.70000076
902	61.93000031
903	61.68000031
904	61.49000168
905	62.08000183
906	61.54999924
907	62
908	61.84999847
909	61.97000122
910	61.86999893
911	62.38999939
912	62.52000046
913	62.08000183
914	61.97000122
915	61.83000183
916	62.18000031
917	61.70000076
918	62
919	61.68000031
920	61.65999985
921	61.77999878
922	61.45000076
923	61.49000168
924	61.63999939
925	61.90999985
926	61.97000122
927	61.63999939
928	61.93000031
929	62.13999939
930	61.75999832
931	61.86999893
932	62.06000137
933	61.72000122
934	61.59000015
935	61.75999832
936	61.70000076
937	61.90999985
938	62.08000183
939	62.43999863
940	62.11999893
941	62.15999985
942	61.59999847
943	61.63999939
944	61.43000031
945	62.02000046
946	62.09999847
947	61.75999832
948	62.5
949	62.15999985
950	62.25
951	62.13999939
952	61.74000168
953	61.99000168
954	61.74000168
955	61.97000122
956	61.97000122
957	62.11999893
958	62.20999908
959	61.99000168
960	61.63999939
961	62.04000092
962	61.95000076
963	61.86999893
964	62.13999939
965	62.33000183
966	61.70000076
967	61.70000076
968	61.77999878
969	62.18000031
970	62.04000092
971	62.11999893
972	61.27999878
973	61.59000015
974	62.06000137
975	62.36999893
976	61.95000076
977	62.06000137
978	61.63999939
979	61.59999847
980	62.08000183
981	62.47999954
982	62.02000046
983	61.68000031
984	61.88999939
985	61.88999939
986	62.06000137
987	61.72000122
988	61.63999939
989	61.84999847
990	62.09999847
991	61.74000168
992	61.54999924
993	61.50999832
994	62.22999954
995	61.90999985
996	61.77999878
997	61.88999939
998	62.06000137
999	62.22999954
1000	61.84999847
1001	61.47000122
1002	61.95000076
1003	62.38999939
1004	61.27999878
1005	62.11999893
1006	62.06000137
1007	61.27999878
1008	61.81000137
1009	61.97000122
1010	62.27000046
1011	61.68000031
1012	61.59999847
1013	62.06000137
1014	61.95000076
1015	61.90999985
1016	61.99000168
1017	61.97000122
1018	62.20999908
1019	61.97000122
1020	61.29999924
1021	61.68000031
1022	61.88999939
1023	62.18000031
1024	61.40999985
1025	61.70000076
1026	62.25
1027	62.18000031
1028	61.81000137
1029	61.84999847
1030	62.61999893
1031	62.29000092
1032	61.97000122
1033	61.65999985
1034	62.18000031
1035	62.63000107
1036	62.11999893
1037	62.13999939
1038	62.13999939
1039	62.31000137
1040	62.11999893
1041	62.93999863
1042	62.5
1043	61.95000076
1044	62.34999847
1045	62.70999908
1046	62.56000137
1047	62.59999847
1048	62.58000183
1049	62.84000015
1050	62.84000015
1051	62.81000137
1052	63.04999924
1053	62.63000107
1054	62.54000092
1055	62.93999863
1056	62.70999908
1057	63.27999878
1058	62.56000137
1059	62.58000183
1060	62.59999847
1061	63.06999969
1062	63.04999924
1063	63.18999863
1064	62.66999817
1065	62.5
1066	63.06999969
1067	63.20999908
1068	63.29999924
1069	62.81999969
1070	62.58000183
1071	62.68999863
1072	63.02000046
1073	62.93999863
1074	63.40000153
1075	63.04999924
1076	63.02000046
1077	62.68999863
1078	62.86000061
1079	63.02000046
1080	62.79000092
1081	63.20999908
1082	62.91999817
1083	63.47000122
1084	63.31999969
1085	63.70000076
1086	62.79000092
1087	62.63000107
1088	63.04999924
1089	63.02000046
1090	63.18999863
1091	62.91999817
1092	63.61000061
1093	63.63000107
1094	63.45000076
1095	63.43999863
1096	63.54999924
1097	63.24000168
1098	62.97999954
1099	63.06999969
1100	63.20999908
1101	63
1102	63.18999863
1103	63.74000168
1104	62.91999817
1105	62.43999863
1106	62.91999817
1107	63.11000061
1108	63.02000046
1109	63.22999954
1110	63.86999893
1111	63.22999954
1112	63.52999878
1113	63.18999863
1114	63.02000046
1115	63.20999908
1116	63.13000107
1117	62.65000153
1118	63.11000061
1119	62.72999954
1120	62.81999969
1121	63.16999817
1122	63.38000107
1123	63.09000015
1124	62.91999817
1125	62.88000107
1126	63.41999817
1127	63.45000076
1128	63.45000076
1129	63.20999908
1130	63.15000153
1131	63.06999969
1132	63.15000153
1133	63.34000015
1134	63.84999847
1135	63.65999985
1136	63.99000168
1137	63.88999939
1138	63.40000153
1139	63.75999832
1140	63.74000168
1141	63.27999878
1142	63.22999954
1143	63.50999832
1144	63.13000107
1145	63.15000153
1146	63.16999817
1147	62.93999863
1148	62.81999969
1149	62.81000137
1150	63.18999863
1151	63.24000168
1152	63.40000153
1153	63.20999908
1154	63.04999924
1155	63.22999954
1156	63.09000015
1157	62.93999863
1158	63.31999969
1159	63.45000076
1160	63.34000015
1161	63.27999878
1162	63.79999924
1163	63.61000061
1164	62.72999954
1165	62.86000061
1166	63.31999969
1167	63.27999878
1168	63.52999878
1169	63.13000107
1170	63.34000015
1171	63.59000015
1172	63.88999939
1173	63.24000168
1174	63.15000153
1175	63.02999878
1176	63.13000107
1177	62.95999908
1178	63.36000061
1179	62.97999954
1180	63.04999924
1181	64.05000305
1182	63.13000107
1183	62.90000153
1184	62.84000015
1185	63.22999954
1186	63.41999817
1187	63.49000168
1188	63.18999863
1189	62.5
1190	63
1191	62.95999908
1192	63.13000107
1193	63.24000168
1194	63.04999924
1195	63.34000015
1196	62.77000046
1197	63.15000153
1198	62.81000137
1199	63.49000168
1200	63.31999969
1201	63.29999924
1202	63.06999969
1203	63
1204	63.43999863
1205	63.13000107
1206	62.68999863
1207	62.88000107
1208	62.86000061
1209	63.18999863
1210	62.68999863
1211	63.15000153
1212	62.72999954
1213	63.02000046
1214	63.11000061
1215	62.72999954
1216	62.75
1217	63.34000015
1218	62.79000092
1219	62.52000046
1220	62.86000061
1221	62.58000183
1222	62.36999893
1223	62.20000076
1224	62.25
1225	62.25
1226	62.18000031
1227	61.56999969
1228	61.90999985
1229	61.00999832
1230	61.45000076
1231	61.15000153
1232	61.16999817
1233	60.20999908
1234	60.34999847
1235	60.65000153
1236	60.41999817
1237	59.83000183
1238	60.27000046
1239	60.13999939
1240	60.06000137
1241	59.72000122
1242	59.50999832
1243	59.79000092
1244	60
1245	59.79000092
1246	60.16999817
1247	60.54000092
1248	59.84999847
1249	59.81000137
1250	59.83000183
1251	60.75999832
1252	59.95999908
1253	60.16999817
1254	60.33000183
1255	60.72999954
1256	60.43999863
1257	60.45999908
1258	60.88000107
1259	60.16999817
1260	60.40000153
1261	61.04999924
1262	60.40000153
1263	60.66999817
1264	61.13000107
1265	60.65000153
1266	60.75999832
1267	61.16999817
1268	60.97000122
1269	60.88000107
1270	60.99000168
1271	61.29999924
1272	61.16999817
1273	60.66999817
1274	60.75
1275	61.29999924
1276	61.11000061
1277	60.81999969
1278	61.04999924
1279	61.02999878
1280	60.63000107
1281	61.02999878
1282	61.56999969
1283	61.63999939
1284	60.68999863
1285	61.13000107
1286	61.56999969
1287	61.68000031
1288	61.40999985
1289	61.02999878
1290	61.11000061
1291	61.29999924
1292	61.38999939
1293	60.91999817
1294	61.43000031
1295	61.40999985
1296	61.59000015
1297	60.65000153
1298	61.29999924
1299	61.15000153
1300	61.49000168
1301	61.06999969
1302	61.16999817
1303	61.72000122
1304	61.43000031
1305	61.36000061
1306	60.99000168
1307	61.20000076
1308	61.79000092
1309	61.47000122
1310	61.15000153
1311	61.13000107
1312	61.54999924
1313	61.93000031
1314	61.24000168
1315	61.47000122
1316	61.56999969
1317	61.79000092
1318	61.15000153
1319	61.52999878
1320	61.54999924
1321	61.20000076
1322	61.40999985
1323	61.27999878
1324	61.56999969
1325	61.70000076
1326	60.75
1327	61.59000015
1328	61.27999878
1329	61.38999939
1330	60.97000122
1331	61.52999878
1332	61.61999893
1333	61.79000092
1334	61.25999832
1335	61.47000122
1336	61.50999832
1337	61.59999847
1338	61.15000153
1339	60.99000168
1340	61.70000076
1341	61.59999847
1342	61.40999985
1343	61.59999847
1344	61.50999832
1345	61.27999878
1346	61.09000015
1347	61.43000031
1348	61.79000092
1349	61.29999924
1350	61.06999969
1351	61.79000092
1352	61.56999969
1353	61.13000107
1354	61.47000122
1355	61.56999969
1356	61.75999832
1357	61.02999878
1358	61.63999939
1359	61.59000015
1360	61.25999832
1361	61.63999939
1362	61.20000076
1363	61.63999939
1364	61.38999939
1365	61.22000122
1366	61.72000122
1367	61.49000168
1368	61.43000031
1369	61.18000031
1370	61.52999878
1371	61.70000076
1372	61.61999893
1373	61.52999878
1374	61.54999924
1375	61.79000092
1376	61.59999847
1377	61.43000031
1378	61.75999832
1379	62
1380	61.77999878
1381	61.50999832
1382	61.59000015
1383	61.81000137
1384	61.47000122
1385	61.13000107
1386	61.40999985
1387	61.68000031
1388	61.52999878
1389	61.88999939
1390	61.68000031
1391	61.31999969
1392	61.90999985
1393	61.86999893
1394	61.38000107
1395	61.68000031
1396	61.59000015
1397	61.56999969
1398	61.38999939
1399	61.65999985
1400	61.56999969
1401	61.79000092
1402	61.04999924
1403	61.63999939
1404	61.43000031
1405	61.59000015
1406	61.29999924
1407	61.27999878
1408	61.04999924
1409	61.54999924
1410	61.72000122
1411	61.74000168
1412	61.24000168
1413	61.31999969
1414	61.49000168
1415	61.59999847
1416	61.43000031
1417	60.93999863
1418	61.40999985
1419	61.43000031
1420	61.65999985
1421	61.31999969
1422	60.99000168
1423	61.49000168
1424	61.24000168
1425	61.18000031
1426	61.72000122
1427	61.75999832
1428	61.54999924
1429	61.18000031
1430	61.29999924
1431	61.27999878
1432	61.56999969
1433	62.20999908
1434	61.83000183
1435	61.04999924
1436	61.18000031
1437	61.38999939
1438	61.29999924
1439	61.74000168
1440	61.93000031
1441	61.16999817
1442	61.20000076
1443	61.22000122
1444	61.72000122
1445	61.47000122
1446	61.20000076
1447	61.34000015
1448	61.15000153
1449	61.74000168
1450	61.81000137
1451	61.65999985
1452	61.16999817
1453	61.34000015
1454	61.20000076
1455	61.81000137
1456	61.11000061
1457	61.43000031
1458	61.38000107
1459	61.59999847
1460	61.16999817
1461	60.99000168
1462	61.47000122
1463	61.52999878
1464	62.33000183
1465	61.29999924
1466	61.04999924
1467	61.75999832
1468	61.52999878
1469	62.11999893
1470	61.40999985
1471	61.52999878
1472	61.61999893
1473	61.99000168
1474	61.27999878
1475	61.61999893
1476	61.79000092
1477	62.02000046
1478	61.24000168
1479	61.83000183
1480	61.88999939
1481	61.97000122
1482	61.43000031
1483	61.40999985
1484	61.25999832
1485	61.72000122
1486	61.95000076
1487	61.40999985
1488	61.59999847
1489	61.90999985
1490	61.59999847
1491	61.97000122
1492	62.09999847
1493	61.34000015
1494	61.36000061
1495	61.61999893
1496	61.54999924
1497	61.31999969
1498	61.47000122
1499	62.04000092
1500	61.40999985
1501	61.56999969
1502	62.20000076
1503	61.61999893
1504	61.72000122
1505	61.77999878
1506	62.04000092
1507	61.47000122
1508	61.90999985
1509	62.13999939
1510	62.36999893
1511	61.88999939
1512	62.36999893
1513	61.79000092
1514	61.59999847
1515	62
1516	62.15999985
1517	62.09999847
1518	62.33000183
1519	62.34999847
1520	61.83000183
1521	62.33000183
1522	62.61999893
1523	62.75
1524	62.11999893
1525	62.52000046
1526	62.29000092
1527	63.04999924
1528	62.20999908
1529	62.25
1530	62.72999954
1531	62.88000107
1532	62.15999985
1533	62.33000183
1534	62.70999908
1535	62.63000107
1536	62.43999863
1537	62.58000183
1538	62.95999908
1539	62.31000137
1540	62.72999954
1541	62.66999817
1542	63.34000015
1543	62.59999847
1544	62.56000137
1545	62.68999863
1546	62.91999817
1547	62.11999893
1548	62.65000153
1549	62.47999954
1550	62.27000046
1551	62.33000183
1552	63.20999908
1553	62.33000183
1554	62.59999847
1555	62.90000153
1556	63.06999969
1557	62.66999817
1558	62.61999893
1559	62.86000061
1560	62.84000015
1561	63
1562	62.95999908
1563	62.86000061
1564	63.11000061
1565	62.81000137
1566	62.90000153
1567	62.22999954
1568	62.63000107
1569	62.70999908
1570	62.91999817
1571	62.33000183
1572	62.65000153
1573	63.29999924
1574	63.29999924
1575	62.81999969
1576	62.91999817
1577	63.29999924
1578	63
1579	62.31000137
1580	62.41999817
1581	62.66999817
1582	63.15000153
1583	62.20999908
1584	62.59999847
1585	62.90000153
1586	62.95999908
1587	63.52999878
1588	62.06000137
1589	63.06999969
1590	62.90000153
1591	63.34000015
1592	62.58000183
1593	62.06000137
1594	62.63000107
1595	62.81999969
1596	62.95999908
1597	62.65000153
1598	62.65000153
1599	62.72999954
1600	62.41999817
1601	62.95999908
1602	62.15999985
1603	62.56000137
1604	62.79000092
1605	62.65000153
1606	63.15000153
1607	63.06999969
1608	62.70999908
1609	62.65000153
1610	63.04999924
1611	63
1612	62.18000031
1613	62.61999893
1614	63
1615	63.40000153
1616	62.59999847
1617	62.56000137
1618	62.68999863
1619	62.86000061
1620	63.24000168
1621	61.97000122
1622	62.43999863
1623	62.72999954
1624	62.61999893
1625	63.50999832
1626	62.52000046
1627	63.02000046
1628	62.58000183
1629	63.06999969
1630	62.31000137
1631	62.52000046
1632	62.77000046
1633	63.06999969
1634	62.61999893
1635	62.72999954
1636	62.68999863
1637	62.88000107
1638	62.36999893
1639	62.81000137
1640	63.15000153
1641	62.66999817
1642	62.66999817
1643	62.77000046
1644	62.5
1645	62.61999893
1646	62.84000015
1647	62.63000107
1648	62.68999863
1649	62.88000107
1650	62.43999863
1651	62.45999908
1652	63.02000046
1653	62.65000153
1654	62.81000137
1655	63.22999954
1656	62.52000046
1657	62.65000153
1658	63.09000015
1659	62.34999847
1660	62.45999908
1661	62.95999908
1662	63.20999908
1663	62.47999954
1664	62.56000137
1665	62.90000153
1666	62.91999817
1667	62.70999908
1668	62.88000107
1669	62.66999817
1670	62.81000137
1671	62.45999908
1672	62.38999939
1673	62.81000137
1674	63.04999924
1675	63.18999863
1676	62.45999908
1677	63.02000046
1678	62.93999863
1679	61.93000031
1680	62.61999893
1681	62.68999863
1682	62.90000153
1683	62.25
1684	62.59999847
1685	62.61999893
1686	62.59999847
1687	62.27000046
1688	62.29000092
1689	62.88000107
1690	62.5
1691	62.13999939
1692	62.29000092
1693	62.59999847
1694	62.56000137
1695	62.27000046
1696	61.84999847
1697	61.90999985
1698	62.15999985
1699	61.65999985
1700	61.84999847
1701	61.88999939
1702	61.45000076
1703	60.66999817
1704	60.75999832
1705	60.54000092
1706	60.79999924
1707	59.90999985
1708	59.50999832
1709	60.09999847
1710	59.79000092
1711	60.31000137
1712	59.84999847
1713	59.02999878
1714	59.29999924
1715	59.86999893
1716	60.31000137
1717	59.45000076
1718	59.59999847
1719	59.83000183
1720	59.63999939
1721	59.84999847
1722	60.45999908
1723	59.22000122
1724	59.93999863
1725	60.06000137
1726	59.95999908
1727	60.16999817
1728	59.79000092
1729	60.09999847
1730	59.97999954
1731	60.22999954
1732	60.40000153
1733	59.93999863
1734	60.20999908
1735	60.56000137
1736	60.72999954
1737	60.88000107
1738	60.75
1739	60.70999908
1740	60.91999817
1741	61.04999924
1742	61.20000076
1743	61.09000015
1744	60.97000122
1745	61.00999832
1746	61.16999817
1747	60.81999969
1748	61.09000015
1749	61.00999832
1750	61.00999832
1751	60.90000153
1752	60.81999969
1753	60.90000153
1754	61.59000015
1755	60.66999817
1756	61.18000031
1757	60.97000122
1758	61.38000107
1759	61.09000015
1760	60.90000153
1761	61.38000107
1762	61.20000076
1763	60.81999969
1764	61.13000107
1765	61.65999985
1766	61.04999924
1767	61.25999832
1768	61.20000076
1769	60.81999969
1770	60.91999817
1771	60.84000015
1772	61.49000168
1773	60.90000153
1774	61.36000061
1775	61.25999832
1776	60.95999908
1777	60.91999817
1778	61.54999924
1779	61.34000015
1780	61.29999924
1781	61.50999832
1782	61.74000168
1783	61.18000031
1784	61.29999924
1785	61.56999969
1786	61.27999878
1787	61.49000168
1788	61.61999893
1789	61.00999832
1790	61.52999878
1791	61.50999832
1792	61.24000168
1793	61.16999817
1794	61.27999878
1795	61.49000168
1796	61.16999817
1797	61.11000061
1798	61.45000076
1799	61.90999985
1800	61.20000076
1801	60.86000061
1802	61.83000183
1803	61.31999969
1804	61.36000061
1805	61.38000107
1806	61.63999939
1807	60.95999908
1808	61.06999969
1809	61.02999878
1810	61.18000031
1811	61.18000031
1812	61.86999893
1813	61.22000122
1814	61.34000015
1815	61.20000076
1816	61.25999832
1817	61.52999878
1818	61.79000092
1819	61.45000076
1820	61.34000015
1821	61.47000122
1822	61.36000061
1823	60.93999863
1824	61.16999817
1825	61.25999832
1826	62.08000183
1827	61.65999985
1828	60.91999817
1829	61.24000168
1830	61.68000031
1831	62.27000046
1832	61.59999847
1833	61.52999878
1834	60.88000107
1835	60.84000015
1836	61.36000061
1837	61.56999969
1838	61.63999939
1839	61.97000122
1840	61.65999985
1841	61.77999878
1842	61.18000031
1843	61.61999893
1844	61.43000031
1845	61.63999939
1846	62.04000092
1847	61.31999969
1848	61.59000015
1849	61.45000076
1850	61.61999893
1851	61.31999969
1852	61.63999939
1853	61.15000153
1854	61.27999878
1855	61.29999924
1856	61.56999969
1857	61.49000168
1858	61.36000061
1859	61.38999939
1860	60.77999878
1861	60.86000061
1862	61.09000015
1863	61.16999817
1864	61.63999939
1865	61.16999817
1866	61.25999832
1867	61.54999924
1868	61.06999969
1869	61.16999817
1870	61.68000031
1871	61.49000168
1872	61.09000015
1873	61.43000031
1874	61.18000031
1875	61.38000107
1876	61.24000168
1877	61.52999878
1878	61.52999878
1879	61.18000031
1880	61.56999969
1881	61.15000153
1882	61.50999832
1883	61.27999878
1884	60.91999817
1885	61.70000076
1886	61.27999878
1887	61.50999832
1888	61.38999939
1889	61.38000107
1890	61.50999832
1891	61.24000168
1892	61.13000107
1893	61.38000107
1894	61.45000076
1895	61.52999878
1896	61.36000061
1897	61.65999985
1898	61.84999847
1899	61.38000107
1900	61.49000168
1901	61.36000061
1902	61.40999985
1903	60.88000107
1904	60.79999924
1905	61.13000107
1906	61.50999832
1907	60.93999863
1908	61.43000031
1909	61.16999817
1910	61.34000015
1911	61.06999969
1912	61.11000061
1913	61.36000061
1914	61.47000122
1915	61.49000168
1916	61.04999924
1917	61.13000107
1918	61.29999924
1919	60.95999908
1920	61.25999832
1921	61.15000153
1922	61.63999939
1923	60.97000122
1924	61.38999939
1925	61.38000107
1926	61.56999969
1927	61.45000076
1928	61.65999985
1929	61.52999878
1930	61.09000015
1931	61.47000122
1932	61.38000107
1933	61.29999924
1934	61.09000015
1935	61.52999878
1936	61.16999817
1937	61.29999924
1938	61.45000076
1939	61.31999969
1940	61.50999832
1941	60.97000122
1942	61.24000168
1943	61.24000168
1944	61.04999924
1945	61.34000015
1946	61.02999878
1947	61.04999924
1948	61.24000168
1949	61.52999878
1950	61.38999939
1951	61.00999832
1952	61.36000061
1953	61.29999924
1954	61.25999832
1955	61.38000107
1956	61.81000137
1957	61.25999832
1958	61.47000122
1959	61.75999832
1960	61.27999878
1961	61.50999832
1962	61.50999832
1963	61.15000153
1964	61.06999969
1965	60.75
1966	60.81999969
1967	61.06999969
1968	60.84000015
1969	61.06999969
1970	60.95999908
1971	61.06999969
1972	61.13000107
1973	61.24000168
1974	61.63999939
1975	61.47000122
1976	61.16999817
1977	61.34000015
1978	61.59999847
1979	61.65999985
1980	61.40999985
1981	61.68000031
1982	61.83000183
1983	62.13999939
1984	61.81000137
1985	61.77999878
1986	61.38999939
1987	61.29999924
1988	61.38000107
1989	61.54999924
1990	61.50999832
1991	61.49000168
1992	61.50999832
1993	61.97000122
1994	61.49000168
1995	61.79000092
1996	62.29000092
1997	61.93000031
1998	62.31000137
1999	62.22999954
2000	62.36999893
2001	62.40999985
2002	62.36999893
2003	62.22999954
2004	61.74000168
2005	62.08000183
2006	61.93000031
2007	62.22999954
2008	62.5
2009	62.06000137
2010	62.43999863
2011	62.68999863
2012	62.66999817
2013	62.43999863
2014	62.75
2015	63
2016	62.20000076
2017	62.52000046
2018	62.43999863
2019	62.20999908
2020	62.04000092
2021	62.02000046
2022	62.18000031
2023	62.09999847
2024	62.5
2025	62.47999954
2026	62.56000137
2027	62.02000046
2028	62.09999847
2029	62.58000183
2030	62.72999954
2031	62.27000046
2032	62.86000061
2033	62.91999817
2034	62.91999817
2035	62.41999817
2036	62.93999863
2037	62.29000092
2038	61.88999939
2039	62.20000076
2040	62.11999893
2041	62.11999893
2042	61.90999985
2043	62.25
2044	62.18000031
2045	62.13999939
2046	62.47999954
2047	61.99000168
2048	62.58000183
2049	62.66999817
2050	62.08000183
2051	62
2052	62.47999954
2053	62.5
2054	61.88999939
2055	62.04000092
2056	62.54000092
2057	62.20000076
2058	62.47999954
2059	62.41999817
2060	62.20000076
2061	62.41999817
2062	62.47999954
2063	62.5
2064	62.75
2065	62.33000183
2066	62.56000137
2067	62.34999847
2068	62.79000092
2069	62.59999847
2070	62.13999939
2071	62.27000046
2072	62.47999954
2073	62.54000092
2074	62.59999847
2075	62.56000137
2076	62.11999893
2077	62.59999847
2078	62.47999954
2079	62.77000046
2080	62.20999908
2081	62.91999817
2082	62.25
2083	63.34000015
2084	62.81999969
2085	62.81000137
2086	63.18999863
2087	62.77000046
2088	62.18000031
2089	62.38999939
2090	62.41999817
2091	62.31000137
2092	62.5
2093	62.79000092
2094	62.81999969
2095	62.61999893
2096	62.13999939
2097	61.86999893
2098	62.40999985
2099	62.11999893
2100	62.02000046
2101	62.02000046
2102	62.52000046
2103	62.41999817
2104	62.70999908
2105	62.22999954
2106	62.15999985
2107	62.13999939
2108	62.63000107
2109	62.27000046
2110	62.41999817
2111	62.70999908
2112	62.45999908
2113	62.56000137
2114	62.81000137
2115	62.36999893
2116	62.59999847
2117	62.22999954
2118	62.63000107
2119	62.66999817
2120	63.18999863
2121	63.02999878
2122	62.79000092
2123	62.91999817
2124	62.81000137
2125	63.02999878
2126	62.79000092
2127	63.13000107
2128	62.65000153
2129	62.45999908
2130	62.59999847
2131	62.18000031
2132	62.22999954
2133	62.45999908
2134	62.66999817
2135	62.58000183
2136	62.59999847
2137	62.31000137
2138	62.59999847
2139	62.61999893
2140	62.72999954
2141	62.33000183
2142	62.70999908
2143	62.75
2144	62.54000092
2145	62.18000031
2146	62.5
2147	61.09000015
2148	62.15999985
2149	62.31000137
2150	62.18000031
2151	62.52000046
2152	62.38999939
2153	62.34999847
2154	62.84000015
2155	62.75
2156	63.02999878
2157	62.25
2158	62.22999954
2159	62.18000031
2160	61.95000076
2161	62.34999847
2162	62.52000046
2163	62.13999939
2164	62.27000046
2165	62.27000046
2166	62.22999954
2167	62.38999939
2168	62.08000183
2169	61.75999832
2170	61.16999817
2171	61.75999832
2172	61.15000153
2173	61.65999985
2174	61.49000168
2175	61.38000107
2176	60.29000092
2177	60.5
2178	60.25
2179	60.02000046
2180	59.65999985
2181	59.79000092
2182	59.86999893
2183	59.72999954
2184	59.84999847
2185	59.56000137
2186	59.34999847
2187	59.22000122
2188	59.47000122
2189	59.29999924
2190	59.22000122
2191	59.72000122
2192	60.29000092
2193	59.68000031
2194	59.34999847
2195	59.50999832
2196	59.77000046
2197	59.88999939
2198	59.56000137
2199	60.15000153
2200	59.90999985
2201	60.04000092
2202	59.90999985
2203	59.86999893
2204	59.54000092
2205	60.02000046
2206	60.16999817
2207	60.09999847
2208	60.5
2209	60.36000061
2210	60.02000046
2211	59.95999908
2212	60.25
2213	60.38000107
2214	60.61000061
2215	60.91999817
2216	60.20999908
2217	60.04000092
2218	60.72999954
2219	60.54000092
2220	60.90000153
2221	60.93999863
2222	60.52000046
2223	60.52000046
2224	60.27000046
2225	60.86000061
2226	60.40000153
2227	60.36000061
2228	60.54000092
2229	60.52000046
2230	61.25999832
2231	60.31000137
2232	60.81999969
2233	60.72999954
2234	60.90000153
2235	61.09000015
2236	60.31000137
2237	60.86000061
2238	60.77999878
2239	60.95999908
2240	60.34999847
2241	60.86000061
2242	61.02999878
2243	61.45000076
2244	60.61000061
2245	60.72999954
2246	60.81999969
2247	61.34000015
2248	61.22000122
2249	60.99000168
2250	60.77999878
2251	61.63999939
2252	60.72999954
2253	60.40000153
2254	60.88000107
2255	61.31999969
2256	60.75
2257	61.02999878
2258	61.02999878
2259	60.61000061
2260	60.63000107
2261	61.11000061
2262	61.11000061
2263	61.16999817
2264	60.5
2265	61.16999817
2266	61.18000031
2267	61.16999817
2268	61.15000153
2269	61.15000153
2270	61.27999878
2271	60.81999969
2272	60.95999908
2273	61.38000107
2274	60.75
2275	60.68999863
2276	60.95999908
2277	61.70000076
2278	60.93999863
2279	61.13000107
2280	60.70999908
2281	61.47000122
2282	60.75999832
2283	61.00999832
2284	61.04999924
2285	61.38000107
2286	61.22000122
2287	61.24000168
2288	61.72000122
2289	60.63000107
2290	61.02999878
2291	61.54999924
2292	60.79999924
2293	60.72999954
2294	61.18000031
2295	61.11000061
2296	60.59000015
2297	61.16999817
2298	61.59999847
2299	60.61000061
2300	60.90000153
2301	61.25999832
2302	60.91999817
2303	60.93999863
2304	60.99000168
2305	61.25999832
2306	60.91999817
2307	61.06999969
2308	61.38999939
2309	61.43000031
2310	60.91999817
2311	61.06999969
2312	61.34000015
2313	61.16999817
2314	61.20000076
2315	61.52999878
2316	60.77999878
2317	60.56000137
2318	60.95999908
2319	61.29999924
2320	60.97000122
2321	60.66999817
2322	61.16999817
2323	61.22000122
2324	60.93999863
2325	60.79999924
2326	60.81999969
2327	61.45000076
2328	61.02999878
2329	60.97000122
2330	61.00999832
2331	61.36000061
2332	61.06999969
2333	60.75
2334	61.09000015
2335	60.95999908
2336	61.36000061
2337	60.75999832
2338	61.11000061
2339	61.34000015
2340	61.36000061
2341	61.13000107
2342	60.65000153
2343	61.11000061
2344	61.13000107
2345	61.27999878
2346	61.13000107
2347	60.91999817
2348	60.84000015
2349	61.43000031
2350	60.91999817
2351	60.68999863
2352	60.68999863
2353	61.47000122
2354	61.24000168
2355	61.00999832
2356	60.95999908
2357	61.16999817
2358	61.16999817
2359	61.52999878
2360	61.02999878
2361	60.59000015
2362	60.90000153
2363	61.20000076
2364	61.13000107
2365	61.50999832
2366	60.68999863
2367	60.70999908
2368	61.22000122
2369	61.11000061
2370	61.38000107
2371	60.63000107
2372	60.77999878
2373	61.09000015
2374	61.36000061
2375	61.13000107
2376	61.11000061
2377	60.93999863
2378	60.88000107
2379	61.25999832
2380	60.88000107
2381	61.38999939
2382	61.36000061
2383	60.91999817
2384	61.02999878
2385	60.97000122
2386	61.40999985
2387	61.18000031
2388	61.00999832
2389	61.13000107
2390	61.36000061
2391	61.29999924
2392	60.59000015
2393	61.02999878
2394	61.24000168
2395	61.36000061
2396	61.16999817
2397	61.29999924
2398	60.81999969
2399	61.38999939
2400	61.36000061
2401	61.20000076
2402	61.02999878
2403	61.09000015
2404	61.09000015
2405	61.29999924
2406	61.13000107
2407	61.25999832
2408	60.99000168
2409	61.83000183
2410	61.40999985
2411	61.09000015
2412	61.09000015
2413	61.52999878
2414	61.25999832
2415	61.47000122
2416	61.16999817
2417	61.13000107
2418	61.49000168
2419	61.45000076
2420	60.95999908
2421	61.04999924
2422	61.18000031
2423	61.06999969
2424	61.38000107
2425	60.95999908
2426	61.38999939
2427	61.20000076
2428	60.90000153
2429	61.40999985
2430	60.95999908
2431	60.97000122
2432	61.18000031
2433	61.15000153
2434	61.38000107
2435	60.88000107
2436	60.77999878
2437	61.22000122
2438	61.15000153
2439	61.06999969
2440	61.15000153
2441	60.99000168
2442	60.90000153
2443	60.99000168
2444	61.36000061
2445	61.06999969
2446	61.02999878
2447	60.68999863
2448	61.22000122
2449	61.40999985
2450	61.15000153
2451	61.16999817
2452	60.97000122
2453	61.24000168
2454	61.49000168
2455	61.63999939
2456	61.47000122
2457	61.11000061
2458	61.29999924
2459	61.38999939
2460	61.29999924
2461	61.95000076
2462	61.25999832
2463	61.25999832
2464	61.70000076
2465	62.20999908
2466	61.79000092
2467	61.59999847
2468	61.75999832
2469	61.63999939
2470	62.36999893
2471	61.88999939
2472	62.02000046
2473	62.06000137
2474	62.29000092
2475	62.34999847
2476	62.06000137
2477	61.77999878
2478	62.18000031
2479	62.5
2480	62.43999863
2481	62.43999863
2482	62.56000137
2483	62.02000046
2484	62.22999954
2485	62.45999908
2486	62.75
2487	62.18000031
2488	62
2489	62.20999908
2490	62.40999985
2491	61.81000137
2492	62.38999939
2493	62.47999954
2494	62.41999817
2495	61.75999832
2496	62.41999817
2497	62.77000046
2498	62.47999954
2499	62.29000092
2500	62.25
2501	62.43999863
2502	62.54000092
2503	61.93000031
2504	62.54000092
2505	62.77000046
2506	62.06000137
2507	62.18000031
2508	62.18000031
2509	61.50999832
2510	61.81000137
2511	62.25
2512	62.63000107
2513	62.11999893
2514	62.38999939
2515	62.56000137
2516	62.13999939
2517	62.27000046
2518	62.54000092
2519	62.5
2520	62.43999863
2521	62.61999893
2522	62.47999954
2523	62.45999908
2524	63.02000046
2525	62.72999954
2526	62.45999908
2527	62.81999969
2528	62.5
2529	62.66999817
2530	62.02000046
2531	62.27000046
2532	62.81000137
2533	62.79000092
2534	62.41999817
2535	62.59999847
2536	62.97999954
2537	62.68999863
2538	62.31000137
2539	62.40999985
2540	63.09000015
2541	62.43999863
2542	62.66999817
2543	62.90000153
2544	62.38999939
2545	62.27000046
2546	62.22999954
2547	62.08000183
2548	62.09999847
2549	62.41999817
2550	62.52000046
2551	62.06000137
2552	62.56000137
2553	62.25
2554	61.97000122
2555	61.84999847
2556	62.54000092
2557	63
2558	62.41999817
2559	62.66999817
2560	62.5
2561	62.45999908
2562	63.06999969
2563	62.88000107
2564	62.81000137
2565	62.45999908
2566	62.5
2567	62.90000153
2568	62.5
2569	62.29000092
2570	62.81999969
2571	62.72999954
2572	62.34999847
2573	62.66999817
2574	62.79000092
2575	62.65000153
2576	62.61999893
2577	62.40999985
2578	62.72999954
2579	62.20999908
2580	62.86000061
2581	62.79000092
2582	62.36999893
2583	62.56000137
2584	62.56000137
2585	63.02999878
2586	62.40999985
2587	62.72999954
2588	63.02999878
2589	62.77000046
2590	62.31000137
2591	62.93999863
2592	62.88000107
2593	62.61999893
2594	62.36999893
2595	62.65000153
2596	62.5
2597	63.09000015
2598	62.04000092
2599	62.72999954
2600	62.47999954
2601	62.40999985
2602	62.08000183
2603	62.70999908
2604	62.61999893
2605	62.45999908
2606	62.34999847
2607	62.61999893
2608	62.56000137
2609	62.22999954
2610	62.59999847
2611	62.47999954
2612	62.33000183
2613	62.27000046
2614	62.68999863
2615	63.02000046
2616	62.31000137
2617	62.20000076
2618	62.22999954
2619	62.40999985
2620	62.75
2621	63.24000168
2622	62.43999863
2623	62.31000137
2624	62.25
2625	62.84000015
2626	62.34999847
2627	62.72999954
2628	62.88000107
2629	62.38999939
2630	61.81000137
2631	61.99000168
2632	62.11999893
2633	62.20000076
2634	61.99000168
2635	62.22999954
2636	62.52000046
2637	62.56000137
2638	61.81000137
2639	61.99000168
2640	62.08000183
2641	61.88999939
2642	61.90999985
2643	61.99000168
2644	61.77999878
2645	61.59000015
2646	61.43000031
2647	60.63000107
2648	60.68999863
2649	60.34999847
2650	59.90999985
2651	60
2652	60.04000092
2653	60.11999893
2654	59.72999954
2655	59.79000092
2656	60.13999939
2657	59.65999985
2658	59.06999969
2659	59.09000015
2660	59.06999969
2661	59.27999878
2662	59.45000076
2663	58.97000122
2664	59.33000183
2665	59.27999878
2666	59.70000076
2667	59.77000046
2668	59.84999847
2669	59.70000076
2670	59.81000137
2671	59.65999985
2672	59.88999939
2673	59.84999847
2674	59.61999893
2675	59.33000183
2676	59.83000183
2677	60.16999817
2678	59.83000183
2679	59.97999954
2680	60.22999954
2681	60.29000092
2682	60.66999817
2683	60.41999817
2684	60.11999893
2685	59.72999954
2686	60.09999847
2687	60.18999863
2688	60.13999939
2689	60.40000153
2690	60.29000092
2691	60.34999847
2692	60.54000092
2693	60.38000107
2694	60.68999863
2695	60.63000107
2696	61.15000153
2697	60.66999817
2698	60.70999908
2699	60.97000122
2700	60.47999954
2701	60.66999817
2702	60.54000092
2703	60.66999817
2704	60.61000061
2705	60.70999908
2706	60.77999878
2707	60.56000137
2708	60.70999908
2709	60.75
2710	60.77999878
2711	61.20000076
2712	61.11000061
2713	61.15000153
2714	60.84000015
2715	60.54000092
2716	60.75999832
2717	60.97000122
2718	60.61000061
2719	60.84000015
2720	60.65000153
2721	60.56999969
2722	60.93999863
2723	60.99000168
2724	61.02999878
2725	60.68999863
2726	61.02999878
2727	60.77999878
2728	60.79999924
2729	60.43999863
2730	60.99000168
2731	60.95999908
2732	60.91999817
2733	60.70999908
2734	61.06999969
2735	61.18000031
2736	60.72999954
2737	60.81999969
2738	60.61000061
2739	61.16999817
2740	61.22000122
2741	60.91999817
2742	60.97000122
2743	61.38999939
2744	61.20000076
2745	60.90000153
2746	60.95999908
2747	60.65000153
2748	60.95999908
2749	61.31999969
2750	60.90000153
2751	61.09000015
2752	61.02999878
2753	61.38000107
2754	60.84000015
2755	60.65000153
2756	60.99000168
2757	60.54000092
2758	60.91999817
2759	61.02999878
2760	61.18000031
2761	61.16999817
2762	61.38000107
2763	61.02999878
2764	60.72999954
2765	60.86000061
2766	60.90000153
2767	60.88000107
2768	60.68999863
2769	60.84000015
2770	60.88000107
2771	61.09000015
2772	61.63999939
2773	61.31999969
2774	60.81999969
2775	61.00999832
2776	60.93999863
2777	61.02999878
2778	60.90000153
2779	61.09000015
2780	61.00999832
2781	61.02999878
2782	60.77999878
2783	60.70999908
2784	60.65000153
2785	61.13000107
2786	61.09000015
2787	60.99000168
2788	61.16999817
2789	60.91999817
2790	61.36000061
2791	61.29999924
2792	60.91999817
2793	60.52000046
2794	60.95999908
2795	61.22000122
2796	61.00999832
2797	61.25999832
2798	61.40999985
2799	60.65000153
2800	61.02999878
2801	61.00999832
2802	61.06999969
2803	60.95999908
2804	60.91999817
2805	61.20000076
2806	61.45000076
2807	61.52999878
2808	60.99000168
2809	60.86000061
2810	61.16999817
2811	61.18000031
2812	61.20000076
2813	60.90000153
2814	60.66999817
2815	60.99000168
2816	60.75999832
2817	61.16999817
2818	61.22000122
2819	61.18000031
2820	61.54999924
2821	61.11000061
2822	60.65000153
2823	61.15000153
2824	61.09000015
2825	61.15000153
2826	60.91999817
2827	61.18000031
2828	61.75999832
2829	61.59999847
2830	61.49000168
2831	61.38000107
2832	60.79999924
2833	60.77999878
2834	61.29999924
2835	60.91999817
2836	61.20000076
2837	61.34000015
2838	61.47000122
2839	61.31999969
2840	60.90000153
2841	60.02000046
2842	59.79000092
2843	59.36999893
2844	59.31999969
2845	59.75
2846	60.11999893
2847	60.20999908
2848	60.13999939
2849	60.56999969
2850	61.06999969
2851	61.38999939
2852	61.20000076
2853	60.97000122
2854	60.99000168
2855	61.09000015
2856	61.04999924
2857	61.25999832
2858	60.95999908
2859	61.04999924
2860	61.63999939
2861	61.52999878
2862	61.45000076
2863	61.65999985
2864	61.72000122
2865	61.70000076
2866	61.61999893
2867	61.18000031
2868	61.11000061
2869	61.15000153
2870	61.36000061
2871	61.38999939
2872	61.04999924
2873	61.25999832
2874	60.93999863
2875	61.15000153
2876	60.70999908
2877	61.31999969
2878	60.81999969
2879	61.52999878
2880	61.18000031
2881	61.59000015
2882	61.04999924
2883	60.79999924
2884	61.27999878
2885	61.31999969
2886	60.93999863
2887	60.95999908
2888	61.54999924
2889	61.36000061
2890	61.27999878
2891	61.36000061
2892	61.09000015
2893	60.90000153
2894	61.25999832
2895	61.04999924
2896	61.70000076
2897	61.04999924
2898	61.16999817
2899	60.95999908
2900	60.95999908
2901	61.18000031
2902	61.36000061
2903	61.43000031
2904	61.06999969
2905	61.38000107
2906	61.52999878
2907	60.68999863
2908	61.20000076
2909	60.97000122
2910	61.25999832
2911	60.91999817
2912	61.15000153
2913	61.50999832
2914	61.16999817
2915	60.59000015
2916	61.06999969
2917	60.99000168
2918	61.20000076
2919	61.38000107
2920	61.13000107
2921	61.11000061
2922	60.75
2923	61.13000107
2924	61.15000153
2925	60.95999908
2926	61.13000107
2927	61.34000015
2928	61.40999985
2929	61.15000153
2930	60.93999863
2931	61.25999832
2932	61.40999985
2933	61.45000076
2934	61.74000168
2935	61.59999847
2936	61.74000168
2937	61.68000031
2938	61.49000168
2939	61.29999924
2940	61.95000076
2941	61.61999893
2942	61.74000168
2943	62.18000031
2944	62.22999954
2945	61.97000122
2946	62.47999954
2947	61.86999893
2948	61.59999847
2949	61.97000122
2950	62.15999985
2951	62.06000137
2952	62.15999985
2953	62.61999893
2954	62.36999893
2955	62.68999863
2956	62.13999939
2957	62.06000137
2958	62.18000031
2959	62.27000046
2960	62.20999908
2961	62.02000046
2962	62.20999908
2963	61.99000168
2964	62.5
2965	62.22999954
2966	62.04000092
2967	62.13999939
2968	62.08000183
2969	62.34999847
2970	62.41999817
2971	62.66999817
2972	62.70999908
2973	62.58000183
2974	62.79000092
2975	62.15999985
2976	62.5
2977	62.66999817
2978	62.25
2979	62.75
2980	63.13000107
2981	62.61999893
2982	62.38999939
2983	62.43999863
2984	62.45999908
2985	62.38999939
2986	62.81999969
2987	62.86000061
2988	62.86000061
2989	62.41999817
2990	62.66999817
2991	62.79000092
2992	63.06999969
2993	63.20999908
2994	62.41999817
2995	62.20000076
2996	62.54000092
2997	62.56000137
2998	62.75
2999	62.97999954
3000	62.93999863
3001	62.81999969
3002	62.31000137
3003	62.52000046
3004	62.43999863
3005	63.04999924
3006	62.36999893
3007	62.20000076
3008	62.43999863
3009	62.58000183
3010	62.63000107
3011	63.02000046
3012	62.45999908
3013	62.20999908
3014	62.59999847
3015	62.52000046
3016	62.91999817
3017	62.25
3018	62.47999954
3019	62.36999893
3020	62.15999985
3021	62.56000137
3022	62.77000046
3023	62.33000183
3024	62.04000092
3025	62.11999893
3026	62.58000183
3027	62.59999847
3028	62.22999954
3029	62.08000183
3030	62.06000137
3031	62.54000092
3032	62.72999954
3033	62.88000107
3034	62.36999893
3035	62.38999939
3036	62.79000092
3037	62.54000092
3038	62.41999817
3039	62.31000137
3040	62.47999954
3041	62.40999985
3042	62.54000092
3043	62.22999954
3044	62.77000046
3045	62.63000107
3046	62.09999847
3047	61.97000122
3048	62.20000076
3049	62.43999863
3050	62.20000076
3051	62.27000046
3052	62.18000031
3053	62.38999939
3054	62.59999847
3055	62.66999817
3056	62.33000183
3057	62.18000031
3058	62.11999893
3059	62.13999939
3060	62.93999863
3061	62.81000137
3062	62.38999939
3063	62.13999939
3064	62.68999863
3065	62.47999954
3066	62.36999893
3067	62.52000046
3068	63.02000046
3069	62.11999893
3070	62.20999908
3071	62.5
3072	63.04999924
3073	62.02000046
3074	62.18000031
3075	62.59999847
3076	62.34999847
3077	61.93000031
3078	62.41999817
3079	62.29000092
3080	63.16999817
3081	62.09999847
3082	62.34999847
3083	62.70999908
3084	62.38999939
3085	62.22999954
3086	62.45999908
3087	62.59999847
3088	62.72999954
3089	62.59999847
3090	62.63000107
3091	62.45999908
3092	62.68999863
3093	62.47999954
3094	62.70999908
3095	62.36999893
3096	62.31000137
3097	62.72999954
3098	62.33000183
3099	62.02000046
3100	62.20000076
3101	62.20999908
3102	61.86999893
3103	61.95000076
3104	62.11999893
3105	62.20999908
3106	62.02000046
3107	62.13999939
3108	62.90000153
3109	61.93000031
3110	62.38999939
3111	62.68999863
3112	62.18000031
3113	62.45999908
3114	62.09999847
3115	61.84999847
3116	61.97000122
3117	61.52999878
3118	61.84999847
3119	61.02999878
3120	61.04999924
3121	60.88000107
3122	61.15000153
3123	60.59000015
3124	60
3125	60.38000107
3126	60.04000092
3127	59.45000076
3128	60.02000046
3129	59.61999893
3130	59.36999893
3131	59.27999878
3132	59.88999939
3133	59.75
3134	59.04999924
3135	59.02999878
3136	59.38999939
3137	59.56000137
3138	59.40999985
3139	59.04999924
3140	59.54000092
3141	59.81000137
3142	59.54000092
3143	59.40999985
3144	59.72000122
3145	59.68000031
3146	60.27000046
3147	59.49000168
3148	59.34999847
3149	60.02000046
3150	60.11999893
3151	60.34999847
3152	59.77000046
3153	59.93999863
3154	60.08000183
3155	60.08000183
3156	60.20999908
3157	60.56000137
3158	60.18999863
3159	59.83000183
3160	60.45999908
3161	60.75
3162	60.33000183
3163	60.34999847
3164	59.97999954
3165	60.95999908
3166	60.47999954
3167	60
3168	60.84000015
3169	60.72999954
3170	60.56000137
3171	60.08000183
3172	60.59000015
3173	60.54000092
3174	61.34000015
3175	60.72999954
3176	60.38000107
3177	60.34999847
3178	60.61000061
3179	61.02999878
3180	60.81999969
3181	60.68999863
3182	60.59000015
3183	60.93999863
3184	60.97000122
3185	60.22999954
3186	60.5
3187	60.75999832
3188	61.04999924
3189	60.45999908
3190	60.68999863
3191	60.45999908
3192	60.31000137
3193	61.04999924
3194	60.95999908
3195	60.33000183
3196	60.81999969
3197	60.63000107
3198	61.18000031
3199	60.47999954
3200	60.52000046
3201	60.99000168
3202	60.75999832
3203	60.91999817
3204	60.79999924
3205	60.61000061
3206	60.52000046
3207	60.40000153
3208	61.00999832
3209	61.11000061
3210	60.91999817
3211	60.61000061
3212	60.66999817
3213	60.65000153
3214	61.00999832
3215	61.00999832
3216	60.70999908
3217	60.65000153
3218	60.47999954
3219	60.75
3220	61.16999817
3221	60.81999969
3222	60.75999832
3223	60.11999893
3224	60.59000015
3225	60.72999954
3226	60.88000107
3227	60.65000153
3228	61.02999878
3229	60.47999954
3230	60.61000061
3231	60.88000107
3232	60.36000061
3233	60.54000092
3234	60.97000122
3235	61.13000107
3236	60.90000153
3237	60.65000153
3238	60.86000061
3239	61.00999832
3240	60.79999924
3241	61.31999969
3242	61.36000061
3243	60.65000153
3244	60.34999847
3245	60.75
3246	60.68999863
3247	60.79999924
3248	60.93999863
3249	61.18000031
3250	61.29999924
3251	60.99000168
3252	60.97000122
3253	60.99000168
3254	60.70999908
3255	60.59000015
3256	60.40000153
3257	60.47999954
3258	60.91999817
3259	61.00999832
3260	61.13000107
3261	60.81999969
3262	60.34999847
3263	60.70999908
3264	60.75
3265	60.70999908
3266	61.00999832
3267	60.86000061
3268	61.25999832
3269	61.02999878
3270	60.43999863
3271	60.47999954
3272	60.33000183
3273	60.75999832
3274	60.56999969
3275	60.34999847
3276	61.02999878
3277	61.09000015
3278	60.95999908
3279	60.93999863
3280	60.20999908
3281	60.72999954
3282	60.52000046
3283	60.72999954
3284	61.24000168
3285	60.93999863
3286	61.09000015
3287	60.61000061
3288	60.43999863
3289	60.54000092
3290	60.77999878
3291	60.63000107
3292	60.84000015
3293	60.84000015
3294	60.20999908
3295	60.75
3296	60.66999817
3297	60.54000092
3298	61.20000076
3299	60.72999954
3300	60.41999817
3301	60.41999817
3302	60.45999908
3303	60.63000107
3304	61.20000076
3305	60.75
3306	60.66999817
3307	60.43999863
3308	61.02999878
3309	60.81999969
3310	61.09000015
3311	60.45999908
3312	60.22999954
3313	60.95999908
3314	60.68999863
3315	60.86000061
3316	60.84000015
3317	60.47999954
3318	60.65000153
3319	61.11000061
3320	61.00999832
3321	60.13999939
3322	60.63000107
3323	61.00999832
3324	60.75999832
3325	61.11000061
3326	60.33000183
3327	60.63000107
3328	60.81999969
3329	60.99000168
3330	60.38000107
3331	60.54000092
3332	60.72999954
3333	60.5
3334	61.06999969
3335	60.5
3336	60.81999969
3337	60.5
3338	61.38999939
3339	60.86000061
3340	60.40000153
3341	60.91999817
3342	60.72999954
3343	61.22000122
3344	60.29000092
3345	60.70999908
3346	60.54000092
3347	61.04999924
3348	60.75999832
3349	60.31000137
3350	60.5
3351	60.54000092
3352	60.95999908
3353	61.04999924
3354	60.61000061
3355	60.41999817
3356	61.22000122
3357	61.25999832
3358	60.72999954
3359	60.75999832
3360	61.02999878
3361	61.04999924
3362	60.47999954
3363	60.75999832
3364	61.00999832
3365	60.81999969
3366	60.56000137
3367	60.79999924
3368	60.99000168
3369	60.95999908
3370	60.75
3371	60.52000046
3372	60.99000168
3373	60.81999969
3374	60.88000107
3375	60.38000107
3376	60.41999817
3377	60.86000061
3378	60.81999969
3379	60.43999863
3380	60.88000107
3381	61.18000031
3382	60.75
3383	60.65000153
3384	60.56000137
3385	60.72999954
3386	60.81999969
3387	61.02999878
3388	60.29000092
3389	60.68999863
3390	60.95999908
3391	60.72999954
3392	60.36000061
3393	60.77999878
3394	60.99000168
3395	60.63000107
3396	60.72999954
3397	61.00999832
3398	60.95999908
3399	61.52999878
3400	60.95999908
3401	60.72999954
3402	61.11000061
3403	61.06999969
3404	60.84000015
3405	61.00999832
3406	61.34000015
3407	60.86000061
3408	60.91999817
3409	61.09000015
3410	61.52999878
3411	61.34000015
3412	61.20000076
3413	60.90000153
3414	61.70000076
3415	60.99000168
3416	61.47000122
3417	61.45000076
3418	61.86999893
3419	61.43000031
3420	61.59000015
3421	61.77999878
3422	62.11999893
3423	61.68000031
3424	61.74000168
3425	61.81000137
3426	61.75999832
3427	61.00999832
3428	61.49000168
3429	61.84999847
3430	61.97000122
3431	61.70000076
3432	61.56999969
3433	62.20999908
3434	62.18000031
3435	61.70000076
3436	61.72000122
3437	62
3438	61.93000031
3439	61.59999847
3440	61.88999939
3441	62.04000092
3442	61.83000183
3443	61.83000183
3444	61.86999893
3445	62.09999847
3446	61.16999817
3447	61.61999893
3448	62.08000183
3449	62.09999847
3450	61.38999939
3451	62.06000137
3452	61.75999832
3453	61.83000183
3454	61.95000076
3455	61.93000031
3456	61.84999847
3457	61.97000122
3458	62.06000137
3459	61.68000031
3460	61.95000076
3461	62.43999863
3462	61.99000168
3463	61.68000031
3464	62.02000046
3465	61.77999878
3466	61.74000168
3467	61.77999878
3468	61.99000168
3469	61.27999878
3470	61.90999985
3471	61.77999878
3472	61.99000168
3473	61.47000122
3474	61.97000122
3475	62.20000076
3476	61.72000122
3477	61.72000122
3478	61.99000168
3479	62.11999893
3480	62.04000092
3481	61.45000076
3482	61.74000168
3483	61.86999893
3484	62.22999954
3485	62.06000137
3486	61.88999939
3487	61.93000031
3488	62.06000137
3489	61.81000137
3490	62.18000031
3491	61.72000122
3492	61.90999985
3493	61.99000168
3494	61.97000122
3495	61.52999878
3496	62
3497	62.15999985
3498	61.81000137
3499	61.81000137
3500	61.38999939
3501	61.72000122
3502	61.52999878
3503	62.02000046
3504	61.77999878
3505	62.22999954
3506	61.97000122
3507	61.68000031
3508	61.72000122
3509	61.61999893
3510	61.74000168
3511	61.63999939
3512	61.93000031
3513	62.27000046
3514	62.06000137
3515	61.29999924
3516	61.88999939
3517	61.93000031
3518	61.83000183
3519	61.72000122
3520	61.70000076
3521	62.13999939
3522	62
3523	62
3524	61.59000015
3525	61.59999847
3526	61.59999847
3527	61.59000015
3528	61.29999924
3529	61.84999847
3530	61.65999985
3531	62.27000046
3532	61.83000183
3533	61.88999939
3534	61.79000092
3535	62.08000183
3536	61.43000031
3537	61.65999985
3538	61.22000122
3539	61.81000137
3540	61.56999969
3541	61.74000168
3542	61.75999832
3543	61.72000122
3544	61.52999878
3545	61.88999939
3546	61.43000031
3547	61.47000122
3548	61.43000031
3549	62.04000092
3550	61.75999832
3551	61.59999847
3552	62.06000137
3553	62.02000046
3554	61.95000076
3555	61.68000031
3556	61.63999939
3557	61.38999939
3558	61.83000183
3559	61.63999939
3560	61.74000168
3561	62
3562	61.65999985
3563	62.20000076
3564	61.70000076
3565	61.74000168
3566	61.63999939
3567	61.74000168
3568	61.79000092
3569	62.20999908
3570	61.74000168
3571	62.02000046
3572	62.29000092
3573	61.72000122
3574	61.68000031
3575	61.50999832
3576	61.29999924
3577	61.13000107
3578	61.47000122
3579	61.61999893
3580	61.63999939
3581	61.50999832
3582	61.97000122
3583	61.20000076
3584	61.77999878
3585	61.70000076
3586	61.95000076
3587	61.61999893
3588	60.97000122
3589	60.97000122
3590	61.18000031
3591	60.63000107
3592	60.79999924
3593	60.43999863
3594	60.47999954
3595	60.25
3596	59.93000031
3597	59.72000122
3598	59.18000031
3599	59.18000031
3600	59.36999893
3601	58.90000153
3602	59.00999832
3603	59.59999847
3604	58.86000061
3605	58.29000092
3606	58.68999863
3607	58.90999985
3608	59.22000122
3609	58.90000153
3610	58.65000153
3611	58.34000015
3612	58.81999969
3613	59.43000031
3614	58.84000015
3615	58.75999832
3616	59.20000076
3617	59.43000031
3618	59.45000076
3619	59.25999832
3620	59.20000076
3621	59.18000031
3622	59.56000137
3623	59.27999878
3624	58.99000168
3625	59.49000168
3626	60.06000137
3627	59.77000046
3628	58.86000061
3629	59.68000031
3630	59.52999878
3631	60.13999939
3632	59.33000183
3633	59.56000137
3634	59.86999893
3635	60.25
3636	59.63999939
3637	59.58000183
3638	59.93000031
3639	59.59999847
3640	60.16999817
3641	60.06000137
3642	59.65999985
3643	59.93999863
3644	60.11999893
3645	59.72999954
3646	60.33000183
3647	59.93999863
3648	60.11999893
3649	59.50999832
3650	60.33000183
3651	60.18999863
3652	59.97999954
3653	60.66999817
3654	59.36999893
3655	60
3656	59.75
3657	60.29000092
3658	59.72999954
3659	59.93000031
3660	60.04000092
3661	59.77000046
3662	59.70000076
3663	59.93000031
3664	59.95999908
3665	59.68000031
3666	60.16999817
3667	60.20999908
3668	60.56999969
3669	60.15000153
3670	59.58000183
3671	59.90999985
3672	60.13999939
3673	60.41999817
3674	60.56000137
3675	60.16999817
3676	59.93000031
3677	59.86999893
3678	60.15000153
3679	60.15000153
3680	59.70000076
3681	60.09999847
3682	60.11999893
3683	59.83000183
3684	59.79000092
3685	60.02000046
3686	60.13999939
3687	60.70999908
3688	60.06000137
3689	60.38000107
3690	60.08000183
3691	60.25
3692	60.13999939
3693	60.36000061
3694	60.18999863
3695	59.93000031
3696	59.61999893
3697	60.06000137
3698	60.06000137
3699	59.88999939
3700	59.93000031
3701	60.68999863
3702	60.29000092
3703	59.70000076
3704	59.68000031
3705	60.34999847
3706	60.22999954
3707	60.56000137
3708	60.08000183
3709	60.08000183
3710	60.04000092
3711	59.90999985
3712	60.25
3713	60.43999863
3714	59.95999908
3715	59.83000183
3716	59.63999939
3717	60.20999908
3718	60.13999939
3719	60.47999954
3720	60.45999908
3721	60.13999939
3722	60.72999954
3723	59.68000031
3724	60.06000137
3725	60.08000183
3726	59.81000137
3727	60.02000046
3728	60.5
3729	60.65000153
3730	60.22999954
3731	60.15000153
3732	59.83000183
3733	60.20999908
3734	60.04000092
3735	60.33000183
3736	60.02000046
3737	60.31000137
3738	59.84999847
3739	60.41999817
3740	60.33000183
3741	60.56000137
3742	59.90999985
3743	60.04000092
3744	59.86999893
3745	60.15000153
3746	60.38000107
3747	60.43999863
3748	60.38000107
3749	60.56999969
3750	59.95999908
3751	59.88999939
3752	59.97999954
3753	60.16999817
3754	60.06000137
3755	60.31000137
3756	60.29000092
3757	60.56000137
3758	60.36000061
3759	59.88999939
3760	59.90999985
3761	60
3762	59.72000122
3763	60.27000046
3764	59.93000031
3765	60.29000092
3766	60.18999863
3767	60.02000046
3768	59.83000183
3769	60
3770	60.33000183
3771	60.56000137
3772	60.34999847
3773	60.63000107
3774	59.88999939
3775	59.70000076
3776	60.04000092
3777	60.08000183
3778	60.54000092
3779	60.33000183
3780	60.59000015
3781	60.08000183
3782	59.81000137
3783	59.97999954
3784	60.11999893
3785	60.34999847
3786	60.15000153
3787	60.56000137
3788	59.93000031
3789	60.02000046
3790	59.59999847
3791	60.22999954
3792	59.93999863
3793	60.41999817
3794	60.25
3795	60.45999908
3796	60.18999863
3797	59.72999954
3798	59.61999893
3799	60.25
3800	60.16999817
3801	59.83000183
3802	60.27000046
3803	60.20999908
3804	59.68000031
3805	59.95999908
3806	59.88999939
3807	60.20999908
3808	60.06000137
3809	60.29000092
3810	60.45999908
3811	60.20999908
3812	60.36000061
3813	59.72000122
3814	60.11999893
3815	60.13999939
3816	60.06000137
3817	60.29000092
3818	60.15000153
3819	60.11999893
3820	60.66999817
3821	60.38000107
3822	60.11999893
3823	60.13999939
3824	60.06000137
3825	60.31000137
3826	60.04000092
3827	60
3828	60.27000046
3829	60.5
3830	60.63000107
3831	60.66999817
3832	60.45999908
3833	60.56999969
3834	60.41999817
3835	60.61000061
3836	60.47999954
3837	60.45999908
3838	60.34999847
3839	60.16999817
3840	60.25
3841	60.09999847
3842	60.18999863
3843	60.25
3844	59.93000031
3845	60.13999939
3846	59.93999863
3847	59.72999954
3848	60.29000092
3849	60.08000183
3850	60.36000061
3851	60.5
3852	60.40000153
3853	60.20999908
3854	60.38000107
3855	60.54000092
3856	60.56000137
3857	60.18999863
3858	59.72999954
3859	59.84999847
3860	60.22999954
3861	59.68000031
3862	59.72999954
3863	60.22999954
3864	60.06000137
3865	60.34999847
3866	60.65000153
3867	60.81999969
3868	60.75999832
3869	60.66999817
3870	60.77999878
3871	60.52000046
3872	60.15000153
3873	60.16999817
3874	60.16999817
3875	60.08000183
3876	60.36000061
3877	60.18999863
3878	60.63000107
3879	60.59000015
3880	60.75
3881	60.59000015
3882	61.15000153
3883	60.75
3884	60.93999863
3885	60.27000046
3886	60.52000046
3887	60.08000183
3888	60.84000015
3889	60.72999954
3890	60.99000168
3891	60.93999863
3892	61.34000015
3893	61.43000031
3894	61.11000061
3895	60.66999817
3896	61.11000061
3897	61.15000153
3898	61.22000122
3899	61.06999969
3900	61.38000107
3901	60.77999878
3902	61.02999878
3903	60.84000015
3904	61.36000061
3905	61.50999832
3906	61.50999832
3907	61.04999924
3908	61.11000061
3909	61.20000076
3910	60.81999969
3911	61.27999878
3912	61.04999924
3913	61.00999832
3914	60.75
3915	61.13000107
3916	61.18000031
3917	61.40999985
3918	61.20000076
3919	60.65000153
3920	61.22000122
3921	60.81999969
3922	61.29999924
3923	60.90000153
3924	60.91999817
3925	60.99000168
3926	61.09000015
3927	61.34000015
3928	61.61999893
3929	60.77999878
3930	61.09000015
3931	61.06999969
3932	61.00999832
3933	61.13000107
3934	61.70000076
3935	61.36000061
3936	61.09000015
3937	61.49000168
3938	61.59000015
3939	61.47000122
3940	60.90000153
3941	60.93999863
3942	61.59999847
3943	61.95000076
3944	60.5
3945	60.93999863
3946	61.43000031
3947	61.04999924
3948	61.52999878
3949	60.91999817
3950	60.99000168
3951	61.24000168
3952	61.36000061
3953	61.75999832
3954	60.88000107
3955	61.27999878
3956	61.06999969
3957	61.99000168
3958	61.34000015
3959	60.99000168
3960	61.06999969
3961	61.38999939
3962	61.77999878
3963	61.02999878
3964	61.06999969
3965	61.29999924
3966	61.68000031
3967	61.31999969
3968	61.25999832
3969	60.86000061
3970	61.36000061
3971	61.06999969
3972	61.02999878
3973	60.88000107
3974	61.18000031
3975	61.11000061
3976	61.54999924
3977	61.00999832
3978	61.25999832
3979	61.06999969
3980	61.56999969
3981	61.45000076
3982	60.68999863
3983	61.24000168
3984	61.15000153
3985	61.59000015
3986	60.93999863
3987	61.06999969
3988	61.18000031
3989	61.54999924
3990	61.56999969
3991	60.99000168
3992	60.91999817
3993	60.88000107
3994	61.56999969
3995	61.29999924
3996	60.79999924
3997	61.38000107
3998	61.18000031
3999	61.22000122
4000	61.38999939
4001	61.04999924
4002	61.54999924
4003	61.13000107
4004	60.56000137
4005	60.93999863
4006	61.11000061
4007	61.38999939
4008	61.04999924
4009	61.25999832
4010	60.97000122
4011	61.50999832
4012	61.31999969
4013	61.11000061
4014	61.06999969
4015	61.34000015
4016	61.27999878
4017	60.56000137
4018	60.95999908
4019	61.13000107
4020	61.61999893
4021	60.66999817
4022	60.97000122
4023	61.31999969
4024	61.22000122
4025	61.61999893
4026	60.70999908
4027	61.06999969
4028	61.06999969
4029	60.84000015
4030	61.49000168
4031	61.36000061
4032	61.09000015
4033	61.02999878
4034	61.77999878
4035	61.22000122
4036	60.84000015
4037	60.77999878
4038	61.11000061
4039	61.45000076
4040	60.93999863
4041	60.99000168
4042	60.88000107
4043	61.49000168
4044	61.09000015
4045	60.75
4046	60.70999908
4047	61.11000061
4048	61.02999878
4049	61.29999924
4050	61.16999817
4051	60.75999832
4052	60.65000153
4053	60.75
4054	60.66999817
4055	60.72999954
4056	60.88000107
4057	60.99000168
4058	60.52000046
4059	60.38000107
4060	60.38000107
4061	60.54000092
4062	60.95999908
4063	60.66999817
4064	60.91999817
4065	59.61999893
4066	59.86999893
4067	59.63999939
4068	59.45000076
4069	59.11000061
4070	59.52999878
4071	59.06999969
4072	59.49000168
4073	58.45999908
4074	58.47999954
4075	58.27000046
4076	58.11000061
4077	58.20999908
4078	57.90000153
4079	58.47999954
4080	58.43999863
4081	58.72000122
4082	58.61000061
4083	57.77000046
4084	58.04000092
4085	58
4086	58.27000046
4087	57.81000137
4088	58.08000183
4089	58.27000046
4090	58.13000107
4091	58.75999832
4092	58.93000031
4093	58.47999954
4094	58.15000153
4095	58.29000092
4096	58.36000061
4097	58.81999969
4098	58.75999832
4099	58.77999878
4100	58.84000015
4101	59.09000015
4102	59.11999893
4103	59.22000122
4104	58.90000153
4105	58.81999969
4106	58.81999969
4107	58.93000031
4108	59.04999924
4109	58.93000031
4110	59.02999878
4111	58.93000031
4112	59.22000122
4113	59.59999847
4114	59.22000122
4115	59.47000122
4116	58.74000168
4117	59.06999969
4118	58.86000061
4119	58.88000107
4120	59.22000122
4121	59.15999985
4122	59.11000061
4123	59.47000122
4124	59.06999969
4125	59.50999832
4126	59.36999893
4127	59.47000122
4128	59.58000183
4129	59.49000168
4130	59.31999969
4131	58.95000076
4132	59.40999985
4133	59.11000061
4134	59.68000031
4135	59.34999847
4136	59.47000122
4137	59.72999954
4138	59.56000137
4139	59.40999985
4140	58.81999969
4141	59.15999985
4142	59.06999969
4143	59.56000137
4144	59.72999954
4145	59.72000122
4146	59.72000122
4147	59.58000183
4148	59.61999893
4149	59.75
4150	59.22000122
4151	59.36999893
4152	58.97000122
4153	59.49000168
4154	59.36999893
4155	59.58000183
4156	59.58000183
4157	60
4158	59.88999939
4159	59.59999847
4160	59.63999939
4161	59.68000031
4162	59.13999939
4163	59.31999969
4164	59.22000122
4165	59.22000122
4166	59.58000183
4167	59.54000092
4168	59.61999893
4169	59.40999985
4170	59.68000031
4171	59.83000183
4172	59.77000046
4173	59.97999954
4174	59.75
4175	60.02000046
4176	59.29999924
4177	59.50999832
4178	59.15999985
4179	59.49000168
4180	59.56000137
4181	59.63999939
4182	59.61999893
4183	59.25999832
4184	59.50999832
4185	59.29999924
4186	59.61999893
4187	59.58000183
4188	59.95999908
4189	59.93000031
4190	59.58000183
4191	59.11999893
4192	59.75
4193	59.18000031
4194	59.54000092
4195	59.40999985
4196	59.54000092
4197	59.75
4198	59.83000183
4199	59.36999893
4200	59.56000137
4201	59.11000061
4202	59.36999893
4203	59.50999832
4204	59.79000092
4205	59.49000168
4206	59.50999832
4207	59.95999908
4208	59.52999878
4209	59.72000122
4210	59.31999969
4211	59.61999893
4212	59.81000137
4213	59.52999878
4214	60.02000046
4215	59.95999908
4216	60.06000137
4217	59.43000031
4218	59.45000076
4219	59.68000031
4220	59.52999878
4221	59.68000031
4222	59.50999832
4223	59.68000031
4224	59.83000183
4225	59.68000031
4226	59.83000183
4227	59.58000183
4228	59.38999939
4229	59.83000183
4230	59.54000092
4231	59.24000168
4232	59.59999847
4233	59.63999939
4234	59.68000031
4235	59.72999954
4236	59.83000183
4237	59.56000137
4238	59.38999939
4239	59.29999924
4240	59.83000183
4241	59.45000076
4242	59.68000031
4243	59.54000092
4244	60.04000092
4245	59.61999893
4246	59.47000122
4247	59.24000168
4248	59.75
4249	59.34999847
4250	59.52999878
4251	59.90999985
4252	59.90999985
4253	59.61999893
4254	59.27999878
4255	59.40999985
4256	59.50999832
4257	59.43000031
4258	59.58000183
4259	59.97999954
4260	59.97999954
4261	59.95999908
4262	59.63999939
4263	59.40999985
4264	59.72000122
4265	59.47000122
4266	59.59999847
4267	59.68000031
4268	59.93999863
4269	59.97999954
4270	59.43000031
4271	59.31999969
4272	59.70000076
4273	59.58000183
4274	59.59999847
4275	59.93000031
4276	59.81000137
4277	59.70000076
4278	60.34999847
4279	59.88999939
4280	59.75
4281	59.83000183
4282	59.43000031
4283	59.13999939
4284	59.50999832
4285	59.86999893
4286	59.38999939
4287	59.95999908
4288	59.84999847
4289	59.86999893
4290	59.81000137
4291	59.04999924
4292	59.81000137
4293	59.81000137
4294	59.84999847
4295	59.25999832
4296	59.59999847
4297	59.83000183
4298	60.25
4299	59.72000122
4300	59.13999939
4301	59.50999832
4302	59.34999847
4303	59.59999847
4304	59.34999847
4305	59.38999939
4306	59.79000092
4307	59.65999985
4308	60.33000183
4309	59.72000122
4310	59.59999847
4311	59.68000031
4312	59.40999985
4313	59.50999832
4314	59.54000092
4315	59.00999832
4316	59.29999924
4317	59.00999832
4318	59.24000168
4319	59.11000061
4320	59.18000031
4321	59.00999832
4322	58.95000076
4323	59.00999832
4324	59.47000122
4325	59.33000183
4326	59.36999893
4327	59.45000076
4328	59.11000061
4329	59.04999924
4330	58.63000107
4331	58.88000107
4332	58.90000153
4333	59.36999893
4334	59.15999985
4335	59.45000076
4336	59.20000076
4337	59.36999893
4338	59.40999985
4339	59.27999878
4340	59.50999832
4341	59.72999954
4342	59.18000031
4343	59.49000168
4344	59.25999832
4345	59.22000122
4346	58.93000031
4347	59.11999893
4348	59.11000061
4349	59.36999893
4350	59.29999924
4351	59.18000031
4352	59.38999939
4353	59.81000137
4354	59.93000031
4355	59.97999954
4356	60
4357	59.63999939
4358	59.83000183
4359	60.09999847
4360	59.90999985
4361	59.52999878
4362	60.04000092
4363	60.02000046
4364	60.11999893
4365	60.63000107
4366	60.25
4367	59.83000183
4368	59.77000046
4369	59.77000046
4370	60.27000046
4371	60.04000092
4372	59.93000031
4373	60.56000137
4374	60.27000046
4375	60.11999893
4376	60.13999939
4377	60.11999893
4378	60.06000137
4379	60
4380	60.56000137
4381	60.5
4382	59.63999939
4383	60.04000092
4384	60.29000092
4385	60.22999954
4386	60.43999863
4387	60.59000015
4388	60.33000183
4389	60.08000183
4390	60.29000092
4391	60.16999817
4392	60.31000137
4393	60.09999847
4394	60.27000046
4395	60
4396	59.97999954
4397	60.33000183
4398	60.72999954
4399	60.63000107
4400	59.84999847
4401	60.31000137
4402	60.27000046
4403	60.61000061
4404	60.63000107
4405	59.84999847
4406	59.86999893
4407	60.16999817
4408	60.11999893
4409	60.25
4410	60.61000061
4411	60.16999817
4412	60.34999847
4413	60.41999817
4414	60.22999954
4415	60.40000153
4416	60.43999863
4417	60.52000046
4418	60.5
4419	60.38000107
4420	60.06000137
4421	60.13999939
4422	60.5
4423	60.65000153
4424	60.86000061
4425	59.93999863
4426	60.43999863
4427	60.11999893
4428	60.16999817
4429	60.56000137
4430	60.33000183
4431	60.20999908
4432	60.36000061
4433	60.15000153
4434	60.65000153
4435	60.66999817
4436	59.93000031
4437	59.72999954
4438	60.29000092
4439	60.45999908
4440	60.56999969
4441	60.20999908
4442	60.20999908
4443	59.84999847
4444	60.25
4445	60.18999863
4446	59.86999893
4447	60.56000137
4448	60.18999863
4449	59.77000046
4450	60.18999863
4451	59.79000092
4452	60.5
4453	60.41999817
4454	60.31000137
4455	60.22999954
4456	60.15000153
4457	59.86999893
4458	60.61000061
4459	60.11999893
4460	60.25
4461	60.08000183
4462	59.86999893
4463	60.15000153
4464	59.93000031
4465	59.90999985
4466	60.31000137
4467	60.61000061
4468	60.36000061
4469	60.08000183
4470	59.90999985
4471	60.18999863
4472	59.83000183
4473	60.13999939
4474	60.27000046
4475	60.38000107
4476	60.29000092
4477	60.29000092
4478	59.88999939
4479	60.04000092
4480	60.13999939
4481	60.20999908
4482	60.16999817
4483	60.43999863
4484	60.56000137
4485	59.93000031
4486	60.27000046
4487	60.06000137
4488	60.13999939
4489	60.16999817
4490	60.25
4491	60.18999863
4492	60.25
4493	59.86999893
4494	60.5
4495	60.43999863
4496	60.66999817
4497	60.56999969
4498	60.34999847
4499	60.08000183
4500	59.70000076
4501	60.22999954
4502	59.58000183
4503	59.47000122
4504	59.97999954
4505	60.45999908
4506	59.90999985
4507	60.25
4508	59.93000031
4509	60.27000046
4510	60.22999954
4511	60.43999863
4512	60.25
4513	60.29000092
4514	60.5
4515	60.59000015
4516	60.54000092
4517	59.93999863
4518	59.95999908
4519	59.72999954
4520	60.06000137
4521	60.08000183
4522	60.47999954
4523	60.08000183
4524	60.43999863
4525	59.97999954
4526	60.13999939
4527	59.68000031
4528	60.02000046
4529	59.68000031
4530	59.88999939
4531	59.79000092
4532	60.11999893
4533	59.97999954
4534	60.08000183
4535	60
4536	59.38999939
4537	59.31999969
4538	59.36999893
4539	59.25999832
4540	58.86000061
4541	59.06999969
4542	59.04999924
4543	58.43999863
4544	58.50999832
4545	58.27000046
4546	57.97999954
4547	57.91999817
4548	57.88000107
4549	57.75
4550	58.15000153
4551	57.77000046
4552	58.09000015
4553	57.5
4554	57.61999893
4555	57.18000031
4556	57.52000046
4557	57.27000046
4558	57.86999893
4559	57.38999939
4560	57.27000046
4561	57.40999985
4562	57.72999954
4563	57.65999985
4564	57.83000183
4565	58.02000046
4566	58.04000092
4567	57.66999817
4568	57.84999847
4569	57.72999954
4570	57.95999908
4571	57.86999893
4572	58.59000015
4573	58.22999954
4574	57.95999908
4575	57.72999954
4576	58.29000092
4577	58.25
4578	58.70000076
4579	58.20999908
4580	58.18999863
4581	58.18999863
4582	58.47999954
4583	58.43999863
4584	58.74000168
4585	58.31999969
4586	58.65000153
4587	58.04000092
4588	58.29000092
4589	58.20999908
4590	58.50999832
4591	58.5
4592	58.63000107
4593	58.84000015
4594	57.88000107
4595	58.31999969
4596	58.36000061
4597	58.40000153
4598	58.95000076
4599	58.66999817
4600	58.34000015
4601	58.5
4602	58.56999969
4603	58.54999924
4604	58.88000107
4605	58.84000015
4606	58.09000015
4607	58.47999954
4608	58.27000046
4609	58.65000153
4610	58.52999878
4611	58.43999863
4612	59.20000076
4613	58.65000153
4614	58.56999969
4615	58.90000153
4616	58.52999878
4617	58.72000122
4618	58.99000168
4619	58.74000168
4620	58.75999832
4621	58.59000015
4622	58.86000061
4623	58.90000153
4624	58.34000015
4625	58.50999832
4626	58.74000168
4627	58.43999863
4628	58.95000076
4629	58.65000153
4630	58.36000061
4631	58.61000061
4632	58.90999985
4633	59.13999939
4634	59.11000061
4635	58.70000076
4636	58.74000168
4637	58.95000076
4638	59.25999832
4639	59.04999924
4640	58.56999969
4641	58.50999832
4642	58.61000061
4643	59.06999969
4644	58.77999878
4645	58.68999863
4646	58.72000122
4647	58.79999924
4648	58.61000061
4649	58.93000031
4650	59.04999924
4651	58.70000076
4652	58.74000168
4653	58.74000168
4654	59.09000015
4655	59.18000031
4656	58.65000153
4657	58.63000107
4658	58.56999969
4659	59.04999924
4660	59.04999924
4661	58.34000015
4662	59.09000015
4663	59.02999878
4664	58.75999832
4665	58.75999832
4666	58.61000061
4667	58.88000107
4668	58.70000076
4669	58.81999969
4670	58.84000015
4671	58.65000153
4672	58.68999863
4673	59.27999878
4674	58.95000076
4675	58.75999832
4676	59.09000015
4677	59.06999969
4678	59.27999878
4679	58.93000031
4680	58.70000076
4681	59.34999847
4682	59.27999878
4683	58.77999878
4684	59.04999924
4685	58.95000076
4686	59.04999924
4687	58.74000168
4688	58.95000076
4689	58.95000076
4690	58.81999969
4691	58.75999832
4692	58.63000107
4693	59.11000061
4694	58.65000153
4695	58.84000015
4696	59.81000137
4697	59.06999969
4698	58.65000153
4699	58.77999878
4700	59.15999985
4701	58.74000168
4702	58.72000122
4703	58.66999817
4704	59.00999832
4705	58.66999817
4706	58.59000015
4707	58.70000076
4708	59.24000168
4709	58.47999954
4710	58.95000076
4711	58.59000015
4712	58.70000076
4713	58.95000076
4714	58.90000153
4715	59.43000031
4716	58.38000107
4717	58.54999924
4718	58.84000015
4719	58.50999832
4720	58.66999817
4721	59.02999878
4722	58.34000015
4723	59.06999969
4724	59.00999832
4725	58.90999985
4726	58.97000122
4727	58.70000076
4728	59.24000168
4729	58.52999878
4730	58.70000076
4731	58.99000168
4732	58.61000061
4733	58.75999832
4734	58.90000153
4735	58.56999969
4736	58.90000153
4737	58.90000153
4738	59.13999939
4739	58.43999863
4740	58.81999969
4741	58.97000122
4742	58.66999817
4743	58.31999969
4744	58.70000076
4745	58.88000107
4746	58.79999924
4747	58.45999908
4748	58.97000122
4749	58.88000107
4750	58.56999969
4751	58.97000122
4752	59.02999878
4753	58.29999924
4754	58.95000076
4755	58.90999985
4756	59.47000122
4757	58.81999969
4758	58.79999924
4759	58.93000031
4760	59.18000031
4761	58.59000015
4762	59.06999969
4763	58.61000061
4764	59.09000015
4765	59.04999924
4766	58.59000015
4767	58.65000153
4768	58.97000122
4769	59.11999893
4770	58.41999817
4771	58.43999863
4772	58.93000031
4773	59.27999878
4774	58.77999878
4775	58.68999863
4776	58.68999863
4777	59.09000015
4778	59.02999878
4779	58.72000122
4780	58.65000153
4781	58.74000168
4782	58.90000153
4783	58.81999969
4784	58.86000061
4785	59.09000015
4786	58.59000015
4787	59.15999985
4788	59.04999924
4789	58.74000168
4790	59.06999969
4791	58.63000107
4792	59.40999985
4793	58.61000061
4794	58.61000061
4795	59.15999985
4796	58.74000168
4797	59.24000168
4798	59.06999969
4799	58.47999954
4800	58.97000122
4801	58.77999878
4802	59.09000015
4803	58.95000076
4804	58.86000061
4805	58.90000153
4806	58.59000015
4807	58.81999969
4808	58.65000153
4809	58.63000107
4810	58.70000076
4811	58.90999985
4812	58.79999924
4813	58.99000168
4814	58.70000076
4815	58.63000107
4816	58.97000122
4817	59.33000183
4818	58.72000122
4819	59.04999924
4820	58.70000076
4821	59.04999924
4822	58.93000031
4823	58.86000061
4824	58.79999924
4825	59.11999893
4826	59.52999878
4827	58.86000061
4828	59.22000122
4829	59.11000061
4830	59.47000122
4831	58.90000153
4832	59.15999985
4833	59.34999847
4834	59.59999847
4835	59.52999878
4836	59.58000183
4837	59.68000031
4838	59.52999878
4839	59.36999893
4840	59.20000076
4841	59.50999832
4842	59.95999908
4843	59.59999847
4844	59.65999985
4845	60
4846	59.84999847
4847	59.63999939
4848	59.56000137
4849	59.77000046
4850	59.72999954
4851	59.59999847
4852	59.43000031
4853	59.84999847
4854	60.15000153
4855	59.54000092
4856	59.43000031
4857	59.56000137
4858	60.16999817
4859	59.81000137
4860	59.45000076
4861	60.04000092
4862	60.06000137
4863	59.52999878
4864	59.72000122
4865	59.49000168
4866	60.02000046
4867	59.90999985
4868	60.25
4869	59.54000092
4870	60.02000046
4871	59.59999847
4872	59.97999954
4873	59.93000031
4874	59.61999893
4875	59.45000076
4876	59.45000076
4877	60.27000046
4878	59.83000183
4879	59.49000168
4880	59.88999939
4881	59.93999863
4882	60.02000046
4883	59.59999847
4884	59.54000092
4885	59.93000031
4886	60.02000046
4887	59.33000183
4888	59.84999847
4889	59.86999893
4890	59.83000183
4891	60.13999939
4892	59.43000031
4893	59.70000076
4894	59.79000092
4895	59.84999847
4896	59.34999847
4897	59.61999893
4898	59.84999847
4899	59.88999939
4900	60.18999863
4901	59.93999863
4902	59.31999969
4903	60.08000183
4904	59.52999878
4905	60.02000046
4906	59.68000031
4907	59.40999985
4908	60.15000153
4909	60.06000137
4910	59.61999893
4911	59.38999939
4912	59.95999908
4913	60.09999847
4914	59.72999954
4915	59.83000183
4916	60.11999893
4917	60.40000153
4918	59.81000137
4919	59.97999954
4920	59.50999832
4921	60.06000137
4922	59.93999863
4923	59.77000046
4924	59.83000183
4925	60
4926	59.70000076
4927	59.59999847
4928	59.49000168
4929	59.58000183
4930	59.72999954
4931	59.47000122
4932	59.88999939
4933	59.79000092
4934	60.11999893
4935	59.40999985
4936	59.65999985
4937	59.79000092
4938	59.84999847
4939	60.34999847
4940	59.54000092
4941	59.72999954
4942	59.72999954
4943	60.45999908
4944	59.72999954
4945	59.31999969
4946	59.77000046
4947	59.83000183
4948	59.49000168
4949	59.68000031
4950	59.90999985
4951	59.79000092
4952	60.15000153
4953	59.93999863
4954	59.79000092
4955	59.93999863
4956	60
4957	59.45000076
4958	59.43000031
4959	59.65999985
4960	59.59999847
4961	60.52000046
4962	59.88999939
4963	60.02000046
4964	59.93999863
4965	60.31000137
4966	59.47000122
4967	59.81000137
4968	60.06000137
4969	60.18999863
4970	59.59999847
4971	60
4972	60.09999847
4973	60.15000153
4974	59.77000046
4975	60
4976	59.93999863
4977	60.29000092
4978	60.5
4979	59.88999939
4980	60.04000092
4981	59.97999954
4982	60.43999863
4983	59.93999863
4984	59.88999939
4985	59.70000076
4986	59.84999847
4987	59.40999985
4988	59.40999985
4989	59.22000122
4990	59.49000168
4991	59.50999832
4992	59.49000168
4993	59.49000168
4994	59.65999985
4995	59.97999954
4996	59.83000183
4997	59.68000031
4998	59.58000183
4999	59.84999847
5000	60.04000092
5001	60.27000046
5002	59.72999954
5003	60.09999847
5004	60.04000092
5005	59.72999954
5006	59.29999924
5007	59.70000076
5008	59.86999893
5009	59.06999969
5010	58.74000168
5011	58.81999969
5012	58.70000076
5013	58.59000015
5014	58.29000092
5015	58.02000046
5016	57.75
5017	57.95999908
5018	58.15000153
5019	57.58000183
5020	57.27000046
5021	57.31000137
5022	57.79000092
5023	56.86999893
5024	56.81999969
5025	56.79999924
5026	56.88999939
5027	56.56999969
5028	56.16999817
5029	56.45000076
5030	57.40999985
5031	57.00999832
5032	56.63999939
5033	57.11999893
5034	57.36999893
5035	57.38999939
5036	57.61999893
5037	57.06000137
5038	57.27000046
5039	57.56000137
5040	57.70999908
5041	57.86999893
5042	57.84999847
5043	58.22999954
5044	58.02000046
5045	58
5046	57.59999847
5047	57.61999893
5048	57.95999908
5049	57.86999893
5050	58.29999924
5051	58.52999878
5052	58.11000061
5053	57.95999908
5054	57.90000153
5055	58.13000107
5056	58.61000061
5057	58.13000107
5058	57.83000183
5059	58.13000107
5060	57.95999908
5061	58.08000183
5062	58.25
5063	58.18999863
5064	58.18999863
5065	58.38000107
5066	58.11000061
5067	58.5
5068	58.61000061
5069	58.15000153
5070	58.27000046
5071	58.11000061
5072	58.5
5073	58.36000061
5074	58.79999924
5075	58.45999908
5076	57.97999954
5077	58.36000061
5078	58.50999832
5079	58.59000015
5080	58.29999924
5081	58.77999878
5082	58.66999817
5083	58.38000107
5084	58.22999954
5085	58.38000107
5086	58.41999817
5087	58.25
5088	58.61000061
5089	58.65000153
5090	58.68999863
5091	58.65000153
5092	58.31999969
5093	58.43999863
5094	58.25
5095	58.18999863
5096	58.29000092
5097	58.61000061
5098	58.61000061
5099	58.5
5100	59.06999969
5101	58.75999832
5102	58.47999954
5103	58.41999817
5104	58.36000061
5105	58.50999832
5106	58.61000061
5107	58.66999817
5108	58.68999863
5109	58.72000122
5110	58.29000092
5111	58.11000061
5112	58.74000168
5113	58.75999832
5114	58.5
5115	58.88000107
5116	58.90999985
5117	58.52999878
5118	58.61000061
5119	58.90999985
5120	58.50999832
5121	58.43999863
5122	58.54999924
5123	58.86000061
5124	58.20999908
5125	58.16999817
5126	58.5
5127	58.09000015
5128	58.50999832
5129	58.61000061
5130	58.09000015
5131	57.86999893
5132	58.16999817
5133	58.38000107
5134	58.38000107
5135	58.08000183
5136	58.41999817
5137	58.38000107
5138	58.36000061
5139	58.25
5140	58.29999924
5141	58.65000153
5142	58.41999817
5143	58.20999908
5144	58.38000107
5145	58.25
5146	58.75999832
5147	58.31999969
5148	58.38000107
5149	58.52999878
5150	58.70000076
5151	58.93000031
5152	58.77999878
5153	58.22999954
5154	58.18999863
5155	58.61000061
5156	58.95000076
5157	58.47999954
5158	58.11000061
5159	58.47999954
5160	58.90999985
5161	58.20999908
5162	58.31999969
5163	58.52999878
5164	58.54999924
5165	58.41999817
5166	58.5
5167	58.45999908
5168	58.59000015
5169	58.74000168
5170	58.29999924
5171	58.45999908
5172	58.54999924
5173	58.45999908
5174	58.41999817
5175	58.45999908
5176	58.65000153
5177	58.61000061
5178	58.31999969
5179	58.36000061
5180	58.93000031
5181	58.56999969
5182	58.70000076
5183	58.29999924
5184	58.50999832
5185	58.77999878
5186	58.66999817
5187	58.59000015
5188	58.15000153
5189	58.70000076
5190	58.52999878
5191	58.45999908
5192	58.31999969
5193	58.36000061
5194	58.81999969
5195	58.27000046
5196	58.18999863
5197	58.81999969
5198	58.47999954
5199	58.63000107
5200	58.99000168
5201	58.72000122
5202	58.27000046
5203	58.50999832
5204	58.65000153
5205	58.59000015
5206	58.52999878
5207	58.66999817
5208	58.66999817
5209	58.90000153
5210	58.38000107
5211	58.40000153
5212	58.79999924
5213	58.04000092
5214	58.50999832
5215	58.77999878
5216	58.27000046
5217	58.5
5218	58.45999908
5219	58.36000061
5220	58.29000092
5221	58.63000107
5222	58.22999954
5223	58.15000153
5224	58.38000107
5225	58.04000092
5226	58.43999863
5227	58.31999969
5228	58.59000015
5229	58.36000061
5230	58.31999969
5231	58.40000153
5232	58.16999817
5233	58.56999969
5234	58.81999969
5235	57.97999954
5236	58.22999954
5237	58.52999878
5238	58.95000076
5239	58.38000107
5240	57.91999817
5241	58.09000015
5242	58.27000046
5243	58.11000061
5244	58.74000168
5245	58.47999954
5246	58.36000061
5247	58.27000046
5248	58.63000107
5249	58.25
5250	58.47999954
5251	58.40000153
5252	58.38000107
5253	58.36000061
5254	58.06000137
5255	58.56999969
5256	58.15000153
5257	58.70000076
5258	58.34000015
5259	58.20999908
5260	58.29000092
5261	58.38000107
5262	58.29999924
5263	58.50999832
5264	58.43999863
5265	58.29999924
5266	58.22999954
5267	58.16999817
5268	58.38000107
5269	58.34000015
5270	58.31999969
5271	58.70000076
5272	58.54999924
5273	58.41999817
5274	57.90000153
5275	58.16999817
5276	58.43999863
5277	58.27000046
5278	58.72000122
5279	58.41999817
5280	57.95999908
5281	58.18999863
5282	58.09000015
5283	58.25
5284	58.02000046
5285	58.43999863
5286	58.36000061
5287	58.90999985
5288	58.56999969
5289	58.63000107
5290	58.84000015
5291	58.59000015
5292	58.22999954
5293	58.20999908
5294	58.63000107
5295	58.31999969
5296	58.54999924
5297	58.75999832
5298	58.16999817
5299	58.50999832
5300	58.34000015
5301	58.65000153
5302	58.41999817
5303	58.66999817
5304	58.56999969
5305	58.75999832
5306	58.74000168
5307	58.95000076
5308	58.90999985
5309	58.43999863
5310	58.59000015
5311	58.72000122
5312	58.88000107
5313	58.63000107
5314	59.11999893
5315	59.04999924
5316	59.45000076
5317	58.93000031
5318	58.81999969
5319	58.90999985
5320	58.77999878
5321	58.84000015
5322	59.49000168
5323	59.72999954
5324	59.34999847
5325	59.83000183
5326	59.75
5327	59.04999924
5328	59.31999969
5329	58.86000061
5330	59.04999924
5331	58.99000168
5332	59.36999893
5333	59.40999985
5334	59.50999832
5335	59.56000137
5336	58.88000107
5337	59.18000031
5338	59.33000183
5339	58.74000168
5340	59.56000137
5341	59.06999969
5342	59.29999924
5343	59.65999985
5344	59.58000183
5345	59.20000076
5346	59.56000137
5347	59.88999939
5348	59.43000031
5349	59.86999893
5350	59.49000168
5351	59.81000137
5352	59.47000122
5353	59.72000122
5354	59.38999939
5355	58.90000153
5356	59.29999924
5357	59.11000061
5358	58.93000031
5359	59.11999893
5360	58.99000168
5361	59.06999969
5362	59.15999985
5363	59.11999893
5364	59.13999939
5365	59.34999847
5366	58.97000122
5367	59.18000031
5368	59.43000031
5369	59.22000122
5370	58.99000168
5371	59.22000122
5372	59.38999939
5373	59.38999939
5374	59.24000168
5375	59.43000031
5376	59.20000076
5377	59.00999832
5378	59.72999954
5379	58.97000122
5380	59.34999847
5381	59.29999924
5382	58.84000015
5383	59.24000168
5384	59.13999939
5385	59.11999893
5386	58.99000168
5387	59.18000031
5388	58.97000122
5389	59.24000168
5390	59.43000031
5391	59.24000168
5392	59.36999893
5393	58.74000168
5394	58.90999985
5395	59.15999985
5396	59.13999939
5397	58.88000107
5398	59.63999939
5399	59.11000061
5400	59.04999924
5401	59.09000015
5402	58.86000061
5403	59.50999832
5404	59.27999878
5405	59.24000168
5406	59.33000183
5407	59.77000046
5408	59.18000031
5409	58.75999832
5410	59.33000183
5411	58.79999924
5412	59.29999924
5413	59.25999832
5414	59.63999939
5415	58.99000168
5416	58.86000061
5417	59.11000061
5418	59.33000183
5419	59.65999985
5420	59.65999985
5421	59.15999985
5422	58.88000107
5423	59.15999985
5424	58.90999985
5425	59.54000092
5426	59.11000061
5427	58.90000153
5428	59.09000015
5429	59.29999924
5430	59.22000122
5431	59.11999893
5432	59.29999924
5433	58.61000061
5434	59.31999969
5435	59.47000122
5436	58.84000015
5437	59.47000122
5438	59.36999893
5439	58.79999924
5440	58.99000168
5441	59.29999924
5442	59.49000168
5443	59.49000168
5444	58.77999878
5445	58.95000076
5446	58.93000031
5447	59.33000183
5448	59.50999832
5449	58.77999878
5450	59.02999878
5451	58.68999863
5452	59.56000137
5453	59.45000076
5454	58.97000122
5455	59.43000031
5456	59.18000031
5457	59.31999969
5458	59.45000076
5459	58.63000107
5460	59.09000015
5461	59.15999985
5462	59.29999924
5463	59.43000031
5464	58.72000122
5465	59.09000015
5466	58.93000031
5467	59.13999939
5468	59.11000061
5469	59.18000031
5470	58.97000122
5471	59.11000061
5472	59.04999924
5473	59.13999939
5474	59.04999924
5475	59.00999832
5476	59.47000122
5477	58.65000153
5478	58.97000122
5479	59.13999939
5480	59.27999878
5481	58.75999832
5482	58.81999969
5483	58.66999817
5484	58.59000015
5485	58.72000122
5486	57.88000107
5487	57.79000092
5488	58.20999908
5489	57.45000076
5490	57.36999893
5491	57.54000092
5492	57.25999832
5493	57.18000031
5494	57.00999832
5495	56.77999878
5496	56.95000076
5497	57.43000031
5498	56.45000076
5499	56.63000107
5500	56.88999939
5501	56.63000107
5502	56.81999969
5503	56.70000076
5504	57.00999832
5505	56.90999985
5506	56.72000122
5507	57.02999878
5508	57.00999832
5509	57.11999893
5510	57.08000183
5511	56.72000122
5512	57.11999893
5513	57.66999817
5514	57.31000137
5515	57.22000122
5516	57.47000122
5517	57.72999954
5518	57.22000122
5519	57.34999847
5520	57.56000137
5521	57.24000168
5522	57.90000153
5523	57.95999908
5524	57.75
5525	57.77000046
5526	57.56000137
5527	57.93999863
5528	57.70999908
5529	57.36999893
5530	57.88000107
5531	57.84999847
5532	57.63999939
5533	57.81000137
5534	57.86999893
5535	57.5
5536	57.75
5537	57.86999893
5538	57.68999863
5539	58.20999908
5540	58.08000183
5541	57.56000137
5542	57.52000046
5543	57.81000137
5544	58.02000046
5545	57.79000092
5546	58.11000061
5547	58.27000046
5548	57.77000046
5549	57.47999954
5550	57.83000183
5551	58.15000153
5552	57.95999908
5553	58.41999817
5554	58.04000092
5555	57.81000137
5556	57.95999908
5557	58.18999863
5558	58.25
5559	57.90000153
5560	57.88000107
5561	57.93999863
5562	57.68999863
5563	57.72999954
5564	58.09000015
5565	57.97999954
5566	58.04000092
5567	58.29999924
5568	58.5
5569	58.18999863
5570	57.95999908
5571	57.95999908
5572	57.86999893
5573	58.06000137
5574	58.40000153
5575	58.25
5576	58.56999969
5577	58.41999817
5578	58.40000153
5579	58.45999908
5580	58.29000092
5581	58.47999954
5582	58.27000046
5583	58.04000092
5584	58.11000061
5585	58.40000153
5586	58.70000076
5587	58.27000046
5588	58.31999969
5589	58.06000137
5590	58.41999817
5591	57.83000183
5592	58.02000046
5593	58
5594	58.61000061
5595	58.74000168
5596	58.36000061
5597	58.5
5598	58.25
5599	58.38000107
5600	58.41999817
5601	58.27000046
5602	58.34000015
5603	58.54999924
5604	58.54999924
5605	58.5
5606	58.18999863
5607	57.88000107
5608	58.36000061
5609	58.50999832
5610	58.54999924
5611	58.75999832
5612	58.09000015
5613	58.16999817
5614	58.45999908
5615	58.5
5616	58.45999908
5617	58.15000153
5618	58.27000046
5619	58.5
5620	58.43999863
5621	58.52999878
5622	58.22999954
5623	58.54999924
5624	58.72000122
5625	58.18999863
5626	58.72000122
5627	58.04000092
5628	58
5629	58.16999817
5630	58.38000107
5631	58.25
5632	58.43999863
5633	58.56999969
5634	58.5
5635	58.08000183
5636	58.18999863
5637	58.09000015
5638	58.43999863
5639	58.38000107
5640	58.5
5641	57.93999863
5642	58.15000153
5643	58.09000015
5644	58.41999817
5645	58.70000076
5646	58.18999863
5647	58.16999817
5648	58.20999908
5649	58.09000015
5650	58.36000061
5651	58.36000061
5652	58.5
5653	57.83000183
5654	58.04000092
5655	58.06000137
5656	58.41999817
5657	58.45999908
5658	58.56999969
5659	58.15000153
5660	58.15000153
5661	58.13000107
5662	58
5663	58.54999924
5664	58.43999863
5665	57.91999817
5666	58.18999863
5667	58.25
5668	58.27000046
5669	58.41999817
5670	58.38000107
5671	58.5
5672	58.59000015
5673	58.08000183
5674	58.38000107
5675	58.29999924
5676	58.52999878
5677	57.68999863
5678	57.81000137
5679	58.13000107
5680	58.27000046
5681	58.45999908
5682	58.18999863
5683	57.90000153
5684	58.29000092
5685	58.45999908
5686	58.09000015
5687	57.97999954
5688	58.09000015
5689	58.08000183
5690	58.59000015
5691	57.93999863
5692	58.38000107
5693	58.25
5694	58.74000168
5695	57.61999893
5696	57.86999893
5697	57.88000107
5698	58.15000153
5699	58.31999969
5700	58.09000015
5701	58.66999817
5702	58.52999878
5703	58.54999924
5704	58.16999817
5705	58.04000092
5706	58.16999817
5707	58.47999954
5708	58.27000046
5709	58.11000061
5710	58.43999863
5711	58.61000061
5712	58.36000061
5713	58.09000015
5714	58.15000153
5715	58.29000092
5716	58.20999908
5717	58.72000122
5718	57.84999847
5719	58.36000061
5720	58.34000015
5721	58.50999832
5722	59.02999878
5723	57.90000153
5724	57.91999817
5725	58.06000137
5726	58.11000061
5727	58.29999924
5728	58.02000046
5729	58.15000153
5730	58.38000107
5731	57.93999863
5732	58.25
5733	57.97999954
5734	57.68999863
5735	57.84999847
5736	57.68999863
5737	58.5
5738	58.61000061
5739	58.45999908
5740	58.38000107
5741	58.04000092
5742	58.29000092
5743	58.68999863
5744	58.43999863
5745	58.45999908
5746	58.31999969
5747	58.09000015
5748	58.08000183
5749	58.20999908
5750	58.31999969
5751	57.90000153
5752	58.09000015
5753	58.20999908
5754	58.38000107
5755	58.25
5756	58.02000046
5757	57.95999908
5758	58.15000153
5759	57.97999954
5760	58.38000107
5761	58.20999908
5762	58.08000183
5763	57.47000122
5764	57.47000122
5765	58.09000015
5766	58.27000046
5767	58.59000015
5768	58.36000061
5769	58.65000153
5770	58.43999863
5771	58.61000061
5772	58.27000046
5773	58.20999908
5774	58.84000015
5775	58.56999969
5776	58.70000076
5777	59.25999832
5778	58.99000168
5779	58.36000061
5780	58.45999908
5781	58.84000015
5782	58.84000015
5783	59.09000015
5784	58.95000076
5785	58.93000031
5786	58.88000107
5787	59.00999832
5788	58.70000076
5789	59.09000015
5790	59.38999939
5791	59.25999832
5792	59.06999969
5793	59.31999969
5794	58.99000168
5795	59.22000122
5796	59.18000031
5797	59.59999847
5798	59.00999832
5799	59.09000015
5800	59.43000031
5801	58.95000076
5802	59.02999878
5803	59.40999985
5804	58.93000031
5805	58.5
5806	59.11000061
5807	59.45000076
5808	59.20000076
5809	59.02999878
5810	58.59000015
5811	58.84000015
5812	59.20000076
5813	58.97000122
5814	59.88999939
5815	58.75999832
5816	58.90000153
5817	59.27999878
5818	58.95000076
5819	59.58000183
5820	58.97000122
5821	58.75999832
5822	59.33000183
5823	59.06999969
5824	59.11999893
5825	59.04999924
5826	58.99000168
5827	59.24000168
5828	58.88000107
5829	59.40999985
5830	58.90999985
5831	59.00999832
5832	58.75999832
5833	59.29999924
5834	59.18000031
5835	59.29999924
5836	59.09000015
5837	58.97000122
5838	58.88000107
5839	59.38999939
5840	58.88000107
5841	59.11000061
5842	59.27999878
5843	59.68000031
5844	58.99000168
5845	59.22000122
5846	58.88000107
5847	59.25999832
5848	59.50999832
5849	59.49000168
5850	59.00999832
5851	58.72000122
5852	59.24000168
5853	59.20000076
5854	59.47000122
5855	59.65999985
5856	59.00999832
5857	58.88000107
5858	59.50999832
5859	59.45000076
5860	58.81999969
5861	58.61000061
5862	58.93000031
5863	59.56000137
5864	59.27999878
5865	59.36999893
5866	59.20000076
5867	59.22000122
5868	59.18000031
5869	59.38999939
5870	59.22000122
5871	58.63000107
5872	58.95000076
5873	58.81999969
5874	59.11000061
5875	59.25999832
5876	59.27999878
5877	58.63000107
5878	59.31999969
5879	58.88000107
5880	59.47000122
5881	58.72000122
5882	59.22000122
5883	59.02999878
5884	59.20000076
5885	59.50999832
5886	59.04999924
5887	59.09000015
5888	58.75999832
5889	58.88000107
5890	58.88000107
5891	59.56000137
5892	59.04999924
5893	59.09000015
5894	59.18000031
5895	58.81999969
5896	59.40999985
5897	59.09000015
5898	58.65000153
5899	58.77999878
5900	58.97000122
5901	59.56000137
5902	59.24000168
5903	58.90999985
5904	58.88000107
5905	59.11000061
5906	59.09000015
5907	59.34999847
5908	59.02999878
5909	59.04999924
5910	59.11999893
5911	58.81999969
5912	59.00999832
5913	58.99000168
5914	58.70000076
5915	59.15999985
5916	59.11999893
5917	58.75999832
5918	58.97000122
5919	59.20000076
5920	59.02999878
5921	59.36999893
5922	59.09000015
5923	59.11000061
5924	58.93000031
5925	59.27999878
5926	58.81999969
5927	59.06999969
5928	59.18000031
5929	59.11999893
5930	59.29999924
5931	58.65000153
5932	59.25999832
5933	59.20000076
5934	59.20000076
5935	59.18000031
5936	58.90000153
5937	59.43000031
5938	58.66999817
5939	58.84000015
5940	59.04999924
5941	59.09000015
5942	58.72000122
5943	59.00999832
5944	59.00999832
5945	58.47999954
5946	58.88000107
5947	58.77999878
5948	59.29999924
5949	58.65000153
5950	58.84000015
5951	58.90999985
5952	58.65000153
5953	58.77999878
5954	58.77999878
5955	58.50999832
5956	58.34000015
5957	58.72000122
5958	58.40000153
5959	57.90000153
5960	58.16999817
5961	58.04000092
5962	57.63999939
5963	57.43000031
5964	57.77000046
5965	57.45000076
5966	56.99000168
5967	57.04999924
5968	57.27000046
5969	57.13999939
5970	56.47000122
5971	56.86999893
5972	56.59000015
5973	56.45000076
5974	56.68000031
5975	56.27999878
5976	56.63999939
5977	56.40000153
5978	56.52999878
5979	56.84000015
5980	57.08000183
5981	56.34000015
5982	56.59000015
5983	56.79999924
5984	57.20000076
5985	56.74000168
5986	56.81999969
5987	56.84000015
5988	57.11999893
5989	57.47999954
5990	56.81999969
5991	56.84999847
5992	57.08000183
5993	57.68999863
5994	57.04999924
5995	57.15999985
5996	57.18000031
5997	56.99000168
5998	57.72999954
5999	57.38999939
6000	56.95000076
6001	57.31000137
6002	57.34999847
6003	57.08000183
6004	57.58000183
6005	58
6006	57.24000168
6007	57.88000107
6008	57.72999954
6009	57.47999954
6010	57.18000031
6011	57.13999939
6012	57.52000046
6013	57.52000046
6014	57.65999985
6015	57.5
6016	58.16999817
6017	57.68999863
6018	57.83000183
6019	58.04000092
6020	57.45000076
6021	57.81000137
6022	57.61999893
6023	57.61999893
6024	58.06000137
6025	57.72999954
6026	58
6027	58.08000183
6028	57.83000183
6029	57.84999847
6030	57.77000046
6031	58.04000092
6032	57.54000092
6033	57.66999817
6034	57.97999954
6035	57.97999954
6036	58.16999817
6037	57.93999863
6038	57.90000153
6039	57.91999817
6040	58.11000061
6041	57.70999908
6042	58
6043	58.20999908
6044	58.09000015
6045	57.5
6046	57.47000122
6047	57.65999985
6048	57.66999817
6049	57.65999985
6050	57.65999985
6051	57.59999847
6052	57.45000076
6053	57.86999893
6054	57.61999893
6055	57.91999817
6056	57.68999863
6057	57.47999954
6058	57.63999939
6059	57.59999847
6060	57.65999985
6061	57.72999954
6062	57.72999954
6063	57.40999985
6064	57.61999893
6065	57.86999893
6066	57.5
6067	57.75
6068	57.63999939
6069	57.77000046
6070	57.47999954
6071	57.66999817
6072	57.43000031
6073	57.56000137
6074	57.59999847
6075	57.86999893
6076	57.90000153
6077	57.61999893
6078	57.91999817
6079	57.91999817
6080	57.83000183
6081	57.88000107
6082	57.63999939
6083	57.81000137
6084	57.93999863
6085	57.68999863
6086	57.90000153
6087	58.04000092
6088	57.95999908
6089	58.13000107
6090	57.88000107
6091	57.61999893
6092	57.77000046
6093	57.70999908
6094	57.86999893
6095	57.95999908
6096	57.59999847
6097	57.72999954
6098	58.40000153
6099	58
6100	58.18999863
6101	58.31999969
6102	58.08000183
6103	57.52000046
6104	57.91999817
6105	57.40999985
6106	57.77000046
6107	57.88000107
6108	57.65999985
6109	57.93999863
6110	57.88000107
6111	58.20999908
6112	58.41999817
6113	57.83000183
6114	57.61999893
6115	58.22999954
6116	57.83000183
6117	57.65999985
6118	57.66999817
6119	58
6120	58
6121	57.90000153
6122	58.02000046
6123	58.11000061
6124	57.91999817
6125	57.81000137
6126	58.02000046
6127	57.63999939
6128	57.5
6129	57.79000092
6130	58
6131	57.88000107
6132	58.20999908
6133	58.40000153
6134	57.79000092
6135	57.66999817
6136	58.04000092
6137	58.06000137
6138	57.66999817
6139	57.86999893
6140	58.31999969
6141	58.13000107
6142	57.59999847
6143	57.65999985
6144	57.72999954
6145	57.79000092
6146	57.88000107
6147	58.31999969
6148	57.70999908
6149	57.83000183
6150	57.86999893
6151	58.20999908
6152	58.09000015
6153	57.75
6154	57.52000046
6155	57.91999817
6156	58
6157	58.20999908
6158	58.09000015
6159	57.61999893
6160	57.91999817
6161	58.06000137
6162	57.97999954
6163	58.22999954
6164	57.95999908
6165	57.52000046
6166	57.90000153
6167	57.86999893
6168	57.63999939
6169	57.93999863
6170	58.09000015
6171	57.75
6172	58.08000183
6173	57.75
6174	58.16999817
6175	57.91999817
6176	58
6177	58.18999863
6178	58.04000092
6179	57.45000076
6180	57.95999908
6181	58.15000153
6182	57.90000153
6183	57.70999908
6184	58
6185	57.81000137
6186	57.77000046
6187	58.15000153
6188	57.47000122
6189	57.95999908
6190	58.40000153
6191	57.63999939
6192	58.06000137
6193	58.25
6194	57.77000046
6195	57.93999863
6196	58.13000107
6197	57.95999908
6198	57.52000046
6199	57.75
6200	58.29000092
6201	57.90000153
6202	58.15000153
6203	58.31999969
6204	58.08000183
6205	57.83000183
6206	58.22999954
6207	58.04000092
6208	57.70999908
6209	58.11000061
6210	58.06000137
6211	58.04000092
6212	58
6213	58.04000092
6214	58.04000092
6215	58
6216	57.86999893
6217	58.04000092
6218	58.08000183
6219	57.65999985
6220	57.75
6221	57.88000107
6222	58.15000153
6223	57.54000092
6224	57.68999863
6225	57.95999908
6226	58.06000137
6227	57.95999908
6228	58.08000183
6229	58.11000061
6230	58.08000183
6231	57.81000137
6232	58.08000183
6233	58.08000183
6234	58.31999969
6235	58.56999969
6236	58.15000153
6237	58.22999954
6238	58.34000015
6239	58.34000015
6240	58.29999924
6241	58.43999863
6242	58.15000153
6243	58.31999969
6244	58.31999969
6245	58.45999908
6246	57.97999954
6247	58.09000015
6248	58.41999817
6249	58.65000153
6250	58.61000061
6251	58.22999954
6252	58.38000107
6253	58.18999863
6254	58.59000015
6255	59.06999969
6256	58.66999817
6257	58.90000153
6258	58.97000122
6259	58.56999969
6260	58.43999863
6261	58.79999924
6262	59.29999924
6263	59.11000061
6264	58.95000076
6265	58.84000015
6266	59.00999832
6267	59.33000183
6268	58.66999817
6269	58.81999969
6270	58.95000076
6271	59.15999985
6272	58.84000015
6273	58.68999863
6274	58.74000168
6275	59.00999832
6276	59.04999924
6277	58.25
6278	58.56999969
6279	58.68999863
6280	59.22000122
6281	59.02999878
6282	58.59000015
6283	58.90000153
6284	58.65000153
6285	59.06999969
6286	59.09000015
6287	58.34000015
6288	58.72000122
6289	58.81999969
6290	59.18000031
6291	58.65000153
6292	58.97000122
6293	58.86000061
6294	58.68999863
6295	59.04999924
6296	59.06999969
6297	58.79999924
6298	58.59000015
6299	59.00999832
6300	59.34999847
6301	58.66999817
6302	58.70000076
6303	58.70000076
6304	59.11999893
6305	58.99000168
6306	58.88000107
6307	58.63000107
6308	58.84000015
6309	58.81999969
6310	58.84000015
6311	58.63000107
6312	58.93000031
6313	58.72000122
6314	58.70000076
6315	58.65000153
6316	58.77999878
6317	58.65000153
6318	59.24000168
6319	58.61000061
6320	58.66999817
6321	59.25999832
6322	58.72000122
6323	58.77999878
6324	59.00999832
6325	59.15999985
6326	58.20999908
6327	58.81999969
6328	59.15999985
6329	58.90999985
6330	58.74000168
6331	58.88000107
6332	58.77999878
6333	58.50999832
6334	58.45999908
6335	58.90000153
6336	58.99000168
6337	58.77999878
6338	58.52999878
6339	59.11000061
6340	58.59000015
6341	58.93000031
6342	59.06999969
6343	58.93000031
6344	58.40000153
6345	58.88000107
6346	58.79999924
6347	58.72000122
6348	58.50999832
6349	58.90000153
6350	58.86000061
6351	58.61000061
6352	58.56999969
6353	58.81999969
6354	58.90000153
6355	59.22000122
6356	58.74000168
6357	58.65000153
6358	58.50999832
6359	59.33000183
6360	59.27999878
6361	58.97000122
6362	59.11000061
6363	58.72000122
6364	58.70000076
6365	58.81999969
6366	59.15999985
6367	58.5
6368	58.81999969
6369	58.81999969
6370	59.24000168
6371	59.02999878
6372	58.70000076
6373	58.68999863
6374	58.93000031
6375	59.31999969
6376	58.68999863
6377	58.90000153
6378	59.06999969
6379	58.97000122
6380	58.74000168
6381	58.90999985
6382	58.63000107
6383	58.99000168
6384	59.02999878
6385	58.70000076
6386	58.88000107
6387	58.90999985
6388	58.43999863
6389	58.75999832
6390	58.90999985
6391	58.70000076
6392	59.02999878
6393	59.11999893
6394	58.52999878
6395	58.68999863
6396	58.65000153
6397	58.84000015
6398	58.79999924
6399	58.93000031
6400	58.50999832
6401	59.38999939
6402	58.72000122
6403	58.5
6404	59.11999893
6405	59.02999878
6406	58.54999924
6407	58.45999908
6408	59.04999924
6409	59.09000015
6410	58.66999817
6411	58.79999924
6412	58.90000153
6413	58.99000168
6414	58.61000061
6415	58.63000107
6416	58.81999969
6417	58.81999969
6418	58.38000107
6419	58.63000107
6420	58.45999908
6421	59.02999878
6422	58.29999924
6423	58.52999878
6424	58.63000107
6425	59.04999924
6426	58.15000153
6427	58.41999817
6428	58.5
6429	58.40000153
6430	58.66999817
6431	58.02000046
6432	58.15000153
6433	58.04000092
6434	58.16999817
6435	58.04000092
6436	57.38999939
6437	56.88999939
6438	57.11999893
6439	57.38999939
6440	56.99000168
6441	56.25999832
6442	56.61000061
6443	56.70000076
6444	56.72000122
6445	56.50999832
6446	56.06999969
6447	56.18999863
6448	56.75999832
6449	56.77999878
6450	56.74000168
6451	56.41999817
6452	56.24000168
6453	56.49000168
6454	56.38000107
6455	56.84999847
6456	56.75999832
6457	56.40000153
6458	56.52999878
6459	56.88999939
6460	56.88999939
6461	56.63999939
6462	56.49000168
6463	56.86999893
6464	57.34999847
6465	57.43000031
6466	56.54999924
6467	56.99000168
6468	57.06000137
6469	57.29000092
6470	57.22000122
6471	57.11999893
6472	57.04999924
6473	57.22000122
6474	57.13999939
6475	57.5
6476	57.11999893
6477	57.08000183
6478	57.75
6479	57.45000076
6480	57.45000076
6481	56.99000168
6482	57.36999893
6483	57.56000137
6484	57.68999863
6485	57.38999939
6486	57.33000183
6487	57.72999954
6488	57.52000046
6489	57.63999939
6490	57.34999847
6491	57.54000092
6492	57.33000183
6493	57.36999893
6494	57.47000122
6495	57.58000183
6496	57.09999847
6497	57.63999939
6498	57.5
6499	57.63999939
6500	57.43000031
6501	57.75
6502	57.59999847
6503	57.45000076
6504	58
6505	57.40999985
6506	57.61999893
6507	57.66999817
6508	57.93999863
6509	57.45000076
6510	57.33000183
6511	57.27000046
6512	57.40999985
6513	57.47999954
6514	57.90000153
6515	57.22000122
6516	57.63999939
6517	57.47000122
6518	57.45000076
6519	57.18000031
6520	57.83000183
6521	57.68999863
6522	57.88000107
6523	57.38999939
6524	57.40999985
6525	57.83000183
6526	57.79000092
6527	57.68999863
6528	57.68999863
6529	57.77000046
6530	57.79000092
6531	57.56000137
6532	57.77000046
6533	57.47000122
6534	57.77000046
6535	57.65999985
6536	57.38999939
6537	57.54000092
6538	57.5
6539	57.34999847
6540	57.66999817
6541	57.75
6542	57.47999954
6543	57.47000122
6544	57.86999893
6545	57.91999817
6546	57.31000137
6547	57.54000092
6548	57.86999893
6549	58.08000183
6550	57.65999985
6551	57.47999954
6552	57.81000137
6553	58.16999817
6554	58.40000153
6555	57.47000122
6556	57.54000092
6557	57.88000107
6558	57.54000092
6559	57.93999863
6560	58.31999969
6561	58.31999969
6562	57.88000107
6563	58.15000153
6564	58.38000107
6565	57.95999908
6566	57.72999954
6567	57.81000137
6568	58.09000015
6569	57.77000046
6570	57.56000137
6571	57.34999847
6572	57.36999893
6573	57.77000046
6574	57.5
6575	57.75
6576	57.91999817
6577	58.25
6578	57.72999954
6579	57.97999954
6580	57.97999954
6581	58.16999817
6582	57.95999908
6583	57.79000092
6584	57.79000092
6585	57.97999954
6586	58.22999954
6587	58.13000107
6588	57.86999893
6589	57.52000046
6590	58.09000015
6591	58.5
6592	58.38000107
6593	57.88000107
6594	57.75
6595	57.88000107
6596	58.18999863
6597	58.15000153
6598	57.83000183
6599	57.81000137
6600	57.95999908
6601	57.90000153
6602	58.20999908
6603	58.45999908
6604	57.97999954
6605	57.93999863
6606	58.09000015
6607	57.88000107
6608	58.18999863
6609	58
6610	57.61999893
6611	57.79000092
6612	57.38999939
6613	57.02999878
6614	57.22000122
6615	57.08000183
6616	57.25999832
6617	57.47000122
6618	57.40999985
6619	58.08000183
6620	57.72999954
6621	57.59999847
6622	57.56000137
6623	57.45000076
6624	57.95999908
6625	58.20999908
6626	58.29000092
6627	58.08000183
6628	57.56000137
6629	57.52000046
6630	58.09000015
6631	57.93999863
6632	57.86999893
6633	57.86999893
6634	57.56000137
6635	57.47000122
6636	57.81000137
6637	57.59999847
6638	58.20999908
6639	58.27000046
6640	57.93999863
6641	58.06000137
6642	58.09000015
6643	58.08000183
6644	58.04000092
6645	58.02000046
6646	57.72999954
6647	58.02000046
6648	58.25
6649	57.84999847
6650	57.18000031
6651	56.86999893
6652	57.40999985
6653	57.47999954
6654	57.34999847
6655	57.31000137
6656	57.84999847
6657	57.36999893
6658	57.58000183
6659	57.84999847
6660	58.25
6661	57.56000137
6662	57.77000046
6663	58.02000046
6664	57.95999908
6665	58.04000092
6666	58.08000183
6667	57.91999817
6668	57.77000046
6669	57.75
6670	58.34000015
6671	58.08000183
6672	57.81000137
6673	57.59999847
6674	57.86999893
6675	58.06000137
6676	58.54999924
6677	57.63999939
6678	57.56000137
6679	57.97999954
6680	57.91999817
6681	58.25
6682	57.91999817
6683	57.97999954
6684	57.63999939
6685	57.47000122
6686	57.18000031
6687	57.31000137
6688	57.08000183
6689	56.95000076
6690	56.75999832
6691	57.09999847
6692	57.20000076
6693	57.52000046
6694	57.52000046
6695	57.27000046
6696	57.83000183
6697	58
6698	58.08000183
6699	57.93999863
6700	57.56000137
6701	57.45000076
6702	57.5
6703	57.56000137
6704	57.93999863
6705	57.90000153
6706	57.81000137
6707	57.93999863
6708	57.86999893
6709	57.68999863
6710	58.47999954
6711	57.95999908
6712	57.63999939
6713	57.77000046
6714	58.18999863
6715	58.25
6716	57.75
6717	57.84999847
6718	57.75
6719	58.09000015
6720	58.04000092
6721	57.75
6722	58.13000107
6723	58.11000061
6724	58.52999878
6725	58.11000061
6726	58.27000046
6727	58.15000153
6728	58.02000046
6729	58.52999878
6730	58
6731	58.15000153
6732	58.47999954
6733	58.61000061
6734	58.90999985
6735	58.29999924
6736	58.79999924
6737	58.70000076
6738	58.61000061
6739	58.50999832
6740	57.97999954
6741	58.27000046
6742	58.93000031
6743	58.70000076
6744	58.88000107
6745	58.70000076
6746	58.18999863
6747	58.99000168
6748	58.41999817
6749	58.52999878
6750	58.68999863
6751	58.16999817
6752	58.08000183
6753	58.45999908
6754	58.18999863
6755	58.34000015
6756	58.15000153
6757	58.90000153
6758	58.40000153
6759	58.74000168
6760	58.79999924
6761	58.90999985
6762	58.59000015
6763	58.50999832
6764	58.65000153
6765	58.74000168
6766	58.99000168
6767	58.45999908
6768	58.38000107
6769	58.74000168
6770	59.52999878
6771	59.33000183
6772	58.77999878
6773	59.18000031
6774	58.93000031
6775	58.84000015
6776	58.38000107
6777	58.74000168
6778	58.63000107
6779	59.09000015
6780	59.09000015
6781	58.20999908
6782	58.63000107
6783	58.75999832
6784	59.20000076
6785	58.54999924
6786	58.79999924
6787	58.72000122
6788	58.93000031
6789	58.79999924
6790	58.74000168
6791	58.40000153
6792	59.11000061
6793	58.75999832
6794	58.90000153
6795	58.45999908
6796	58.59000015
6797	58.65000153
6798	59.04999924
6799	58.36000061
6800	58.61000061
6801	58.43999863
6802	58.74000168
6803	58.63000107
6804	58.77999878
6805	58.34000015
6806	58.43999863
6807	58.65000153
6808	58.90000153
6809	58.29000092
6810	58.45999908
6811	58.29000092
6812	58.5
6813	58.93000031
6814	58.45999908
6815	58.04000092
6816	58.18999863
6817	58.41999817
6818	58.61000061
6819	58.52999878
6820	58.18999863
6821	58.50999832
6822	58.56999969
6823	58.68999863
6824	58.97000122
6825	58.18999863
6826	58.41999817
6827	58.45999908
6828	58.65000153
6829	58.56999969
6830	58.15000153
6831	58.41999817
6832	58.68999863
6833	58.72000122
6834	58.54999924
6835	58.20999908
6836	58.18999863
6837	58.81999969
6838	58.45999908
6839	58.54999924
6840	58.06000137
6841	58.50999832
6842	58.22999954
6843	58.90999985
6844	58.31999969
6845	58.45999908
6846	58.72000122
6847	58.84000015
6848	58.43999863
6849	58.38000107
6850	58.22999954
6851	58.75999832
6852	57.97999954
6853	58.18999863
6854	58.43999863
6855	58.38000107
6856	58.29999924
6857	58.43999863
6858	58.63000107
6859	58.40000153
6860	58.5
6861	58.27000046
6862	58.63000107
6863	58.47999954
6864	58.74000168
6865	58.22999954
6866	58.75999832
6867	58.38000107
6868	58.29999924
6869	58.68999863
6870	58.47999954
6871	58.61000061
6872	58.79999924
6873	58.47999954
6874	58.74000168
6875	58.86000061
6876	58.90999985
6877	58.59000015
6878	58.75999832
6879	58.86000061
6880	58.66999817
6881	58.41999817
6882	58.63000107
6883	58.93000031
6884	58.40000153
6885	58.70000076
6886	58.52999878
6887	58.18999863
6888	58.56999969
6889	58.45999908
6890	58.77999878
6891	58.79999924
6892	58.52999878
6893	58.47999954
6894	58.65000153
6895	58.43999863
6896	58.5
6897	58.54999924
6898	58.68999863
6899	57.84999847
6900	58.36000061
6901	58.47999954
6902	57.91999817
6903	58.04000092
6904	57.84999847
6905	57.95999908
6906	57.33000183
6907	57.54000092
6908	57.45000076
6909	57.08000183
6910	57.15999985
6911	57.08000183
6912	56.70000076
6913	56.72000122
6914	56.72000122
6915	56.75999832
6916	56.22999954
6917	56.41999817
6918	56.43999863
6919	56.31999969
6920	56.24000168
6921	56.20999908
6922	56.47000122
6923	56.20999908
6924	56.56999969
6925	56.27999878
6926	57.08000183
6927	56.02999878
6928	56.22999954
6929	56.27999878
6930	56.63000107
6931	56.31999969
6932	56.54999924
6933	56.86999893
6934	57.09999847
6935	56.88999939
6936	56.06999969
6937	56.77999878
6938	56.70000076
6939	56.43999863
6940	57.04999924
6941	56.70000076
6942	56.43999863
6943	56.74000168
6944	57.24000168
6945	57.02999878
6946	56.75999832
6947	56.88999939
6948	57.24000168
6949	57.22000122
6950	57.15999985
6951	56.61000061
6952	57.27000046
6953	57.09999847
6954	56.77999878
6955	57.34999847
6956	57.06000137
6957	56.65999985
6958	57.11999893
6959	57.04999924
6960	56.88999939
6961	57.24000168
6962	57.5
6963	57.61999893
6964	56.75999832
6965	56.95000076
6966	56.79999924
6967	57.31000137
6968	57.02999878
6969	57.27000046
6970	57.83000183
6971	57.47000122
6972	57.40999985
6973	56.99000168
6974	57.47000122
6975	57.11999893
6976	57.18000031
6977	57.04999924
6978	57.38999939
6979	57.09999847
6980	57.18000031
6981	57.40999985
6982	57.20000076
6983	57.38999939
6984	57.33000183
6985	57.02999878
6986	57.34999847
6987	57.06000137
6988	57.59999847
6989	56.97000122
6990	57.34999847
6991	57.02999878
6992	57.24000168
6993	57.18000031
6994	57.43000031
6995	57.52000046
6996	57.27000046
6997	56.97000122
6998	57.04999924
6999	57.45000076
7000	57.22000122
7001	57.29000092
7002	57.20000076
7003	57.59999847
7004	57.61999893
7005	57.91999817
7006	57.68999863
7007	57.70999908
7008	57.31000137
7009	57.38999939
7010	57.43000031
7011	57.15999985
7012	57.29000092
7013	57.54000092
7014	57.47999954
7015	57.40999985
7016	57.58000183
7017	57.68999863
7018	57.56000137
7019	57.43000031
7020	57.11999893
7021	57.81000137
7022	57.58000183
7023	57.52000046
7024	57.45000076
7025	57.36999893
7026	57.33000183
7027	57.54000092
7028	57.5
7029	57.66999817
7030	57.38999939
7031	57.59999847
7032	57.81000137
7033	57.52000046
7034	57.91999817
7035	57.83000183
7036	57.40999985
7037	57.56000137
7038	57.45000076
7039	57.18000031
7040	57.45000076
7041	57.38999939
7042	57.38999939
7043	57.45000076
7044	57.31000137
7045	57.45000076
7046	57.22000122
7047	57.47999954
7048	57.18000031
7049	57.33000183
7050	57.27000046
7051	57.52000046
7052	58
7053	57.45000076
7054	57.24000168
7055	57.11999893
7056	57.40999985
7057	56.95000076
7058	57.58000183
7059	57.06000137
7060	57.40999985
7061	57.84999847
7062	57.90000153
7063	57.79000092
7064	57.52000046
7065	57.36999893
7066	57.09999847
7067	57.52000046
7068	57.24000168
7069	57.56000137
7070	57.33000183
7071	57.47999954
7072	57.45000076
7073	57.45000076
7074	57.70999908
7075	57.65999985
7076	57.15999985
7077	56.95000076
7078	57.33000183
7079	57.47999954
7080	57.54000092
7081	57.5
7082	58.09000015
7083	57.59999847
7084	57.59999847
7085	57.84999847
7086	57.15999985
7087	57.02999878
7088	57.08000183
7089	57.38999939
7090	57.27000046
7091	57.59999847
7092	57.34999847
7093	57.34999847
7094	57.56000137
7095	57.43000031
7096	57.63999939
7097	57.56000137
7098	57.81000137
7099	57.81000137
7100	57.5
7101	57.24000168
7102	57.27000046
7103	57.47000122
7104	57.40999985
7105	57.22000122
7106	57.70999908
7107	57.33000183
7108	57.5
7109	57.61999893
7110	57.25999832
7111	57.77000046
7112	57.36999893
7113	57.79000092
7114	57.84999847
7115	57.54000092
7116	57.79000092
7117	57.52000046
7118	57.29000092
7119	57.34999847
7120	56.95000076
7121	57.36999893
7122	57.40999985
7123	57.45000076
7124	57.31000137
7125	57.13999939
7126	57.47000122
7127	57.09999847
7128	57.52000046
7129	57.38999939
7130	57.65999985
7131	57.06000137
7132	57.29000092
7133	57.33000183
7134	57.38999939
7135	57.61999893
7136	57.58000183
7137	57.25999832
7138	57.38999939
7139	57.31000137
7140	57.45000076
7141	57.47999954
7142	57.40999985
7143	57.38999939
7144	57.43000031
7145	57.36999893
7146	57.59999847
7147	57.47000122
7148	57.47999954
7149	57.52000046
7150	57.38999939
7151	57.5
7152	57.15999985
7153	57.15999985
7154	57.54000092
7155	57.5
7156	57.24000168
7157	57.54000092
7158	57.91999817
7159	57.68999863
7160	57.38999939
7161	57.38999939
7162	56.99000168
7163	57.33000183
7164	57.5
7165	57.45000076
7166	57.29000092
7167	57.75
7168	57.18000031
7169	57.43000031
7170	57.33000183
7171	57.90000153
7172	57.43000031
7173	56.97000122
7174	57.33000183
7175	57.15999985
7176	57.47999954
7177	57.45000076
7178	57.70999908
7179	57.61999893
7180	57.11999893
7181	57.02999878
7182	57.5
7183	57.68999863
7184	57.36999893
7185	57.54000092
7186	58.02000046
7187	57.91999817
7188	57.25999832
7189	57.24000168
7190	57.52000046
7191	57.54000092
7192	57.56000137
7193	58.20999908
7194	57.72999954
7195	57.61999893
7196	57.54000092
7197	57.81000137
7198	57.93999863
7199	58.15000153
7200	58.15000153
7201	57.90000153
7202	57.84999847
7203	57.88000107
7204	58.13000107
7205	58.29000092
7206	57.70999908
7207	57.63999939
7208	58.06000137
7209	58.25
7210	58.40000153
7211	58.77999878
7212	58.34000015
7213	58.11000061
7214	58.04000092
7215	58.29000092
7216	58.40000153
7217	58.41999817
7218	58.09000015
7219	58.16999817
7220	58.16999817
7221	58.31999969
7222	58.59000015
7223	58.88000107
7224	58.27000046
7225	58.47999954
7226	58.29999924
7227	58.45999908
7228	58.66999817
7229	58.36000061
7230	58.43999863
7231	59.11000061
7232	58.81999969
7233	58.29000092
7234	58.41999817
7235	58.59000015
7236	58.90999985
7237	58.36000061
7238	58.16999817
7239	58.5
7240	58.25
7241	58.50999832
7242	58.74000168
7243	58
7244	58.25
7245	58.27000046
7246	58.68999863
7247	58.52999878
7248	58.56999969
7249	57.83000183
7250	58.40000153
7251	58.52999878
7252	58.29000092
7253	58.54999924
7254	58.52999878
7255	57.91999817
7256	58.15000153
7257	58.22999954
7258	58.20999908
7259	58.66999817
7260	58.16999817
7261	58.04000092
7262	58.40000153
7263	58.13000107
7264	57.97999954
7265	58.38000107
7266	58.11000061
7267	57.83000183
7268	58.16999817
7269	58.11000061
7270	58.29000092
7271	58.50999832
7272	57.93999863
7273	57.97999954
7274	57.88000107
7275	58.50999832
7276	58.56999969
7277	57.79000092
7278	57.83000183
7279	58.22999954
7280	58.34000015
7281	58.66999817
7282	58.86000061
7283	58.22999954
7284	58.34000015
7285	58.11000061
7286	58.43999863
7287	58.52999878
7288	58.34000015
7289	58.15000153
7290	58.15000153
7291	58.61000061
7292	58.59000015
7293	58.52999878
7294	58.29999924
7295	58.70000076
7296	58.41999817
7297	58.27000046
7298	58.29000092
7299	58.22999954
7300	58.45999908
7301	58.15000153
7302	58.09000015
7303	58.40000153
7304	58.15000153
7305	58.02000046
7306	58
7307	58.13000107
7308	58.43999863
7309	58.47999954
7310	58.22999954
7311	58.63000107
7312	58.66999817
7313	58.29999924
7314	58.08000183
7315	58.20999908
7316	58.25
7317	58.81999969
7318	58.40000153
7319	58.52999878
7320	58.5
7321	58.63000107
7322	58.68999863
7323	58.61000061
7324	58.29000092
7325	58.77999878
7326	58.68999863
7327	58.43999863
7328	58.29999924
7329	58.43999863
7330	58.54999924
7331	58.27000046
7332	58.45999908
7333	58.75999832
7334	58.70000076
7335	58.5
7336	58.22999954
7337	58.63000107
7338	58.27000046
7339	58.08000183
7340	58.38000107
7341	59.09000015
7342	58.79999924
7343	58.06000137
7344	58.5
7345	58.54999924
7346	58.54999924
7347	58.29000092
7348	58.61000061
7349	58.65000153
7350	58.75999832
7351	58.31999969
7352	58.34000015
7353	58.38000107
7354	58.11000061
7355	58.29999924
7356	58.66999817
7357	58.68999863
7358	58.02000046
7359	58.22999954
7360	58.08000183
7361	58.50999832
7362	58.52999878
7363	58.31999969
7364	58.5
7365	58.43999863
7366	58.43999863
7367	58.43999863
7368	58.50999832
7369	58.77999878
7370	58.25
7371	58.25
7372	58.20999908
7373	58.40000153
7374	57.63999939
7375	57.47000122
7376	57.56000137
7377	57.72999954
7378	57.20000076
7379	57.15999985
7380	57.24000168
7381	57.25999832
7382	56.72000122
7383	56.81999969
7384	56.63999939
7385	56.72000122
7386	56.50999832
7387	56.59000015
7388	56.36000061
7389	56.22999954
7390	56.02999878
7391	56.38000107
7392	56.72000122
7393	56
7394	55.91999817
7395	56.06999969
7396	56.75999832
7397	56.09000015
7398	56.38000107
7399	56.52999878
7400	56.65999985
7401	56.74000168
7402	56.65999985
7403	56.81999969
7404	56.95000076
7405	57.02999878
7406	56.50999832
7407	56.86999893
7408	56.84999847
7409	56.81999969
7410	56.59000015
7411	56.27999878
7412	56.36000061
7413	56.90999985
7414	56.43999863
7415	56.88999939
7416	56.63000107
7417	56.84000015
7418	56.72000122
7419	56.63999939
7420	56.81999969
7421	56.77999878
7422	56.86999893
7423	57.18000031
7424	57.5
7425	57.29000092
7426	57.00999832
7427	57.33000183
7428	56.93000031
7429	57.27000046
7430	57.08000183
7431	57.27000046
7432	57.09999847
7433	57.09999847
7434	57.54000092
7435	57.29000092
7436	57.34999847
7437	57.36999893
7438	57.24000168
7439	57.29000092
7440	57.47999954
7441	57.56000137
7442	57.47999954
7443	56.99000168
7444	56.75999832
7445	56.88999939
7446	57.29000092
7447	57.65999985
7448	57.27000046
7449	57.63999939
7450	57.06000137
7451	57.11999893
7452	57.24000168
7453	57.52000046
7454	57.58000183
7455	57.04999924
7456	57.40999985
7457	57.25999832
7458	57.27000046
7459	57.5
7460	57.56000137
7461	57.83000183
7462	57.68999863
7463	57.52000046
7464	57.43000031
7465	57.43000031
7466	57.65999985
7467	57.47999954
7468	57.63999939
7469	57.61999893
7470	56.75999832
7471	57.27000046
7472	57.47000122
7473	57.47000122
7474	57.68999863
7475	57.84999847
7476	57.83000183
7477	57.45000076
7478	56.95000076
7479	56.97000122
7480	57.31000137
7481	57.25999832
7482	57.29000092
7483	57.86999893
7484	57.91999817
7485	57.36999893
7486	56.81999969
7487	57.00999832
7488	57.63999939
7489	57.75
7490	57.84999847
7491	57.86999893
7492	57.29000092
7493	56.95000076
7494	57.09999847
7495	57.11999893
7496	57.56000137
7497	57.97999954
7498	57.54000092
7499	57.31000137
7500	57.06000137
7501	57.29000092
7502	57.47000122
7503	57.65999985
7504	57.24000168
7505	57.90000153
7506	57.25999832
7507	57.38999939
7508	57.20000076
7509	57.18000031
7510	57.31000137
7511	57.47999954
7512	57.61999893
7513	57.45000076
7514	56.99000168
7515	57.22000122
7516	57.08000183
7517	57.22000122
7518	57.27000046
7519	57.70999908
7520	57.61999893
7521	57.79000092
7522	57.20000076
7523	57.20000076
7524	57.29000092
7525	57.36999893
7526	57.79000092
7527	57.38999939
7528	57.29000092
7529	57.08000183
7530	57.15999985
7531	57.20000076
7532	57.33000183