1	282.7600098
2	282.7600098
3	282.6600037
4	282.6799927
5	282.5700073
6	282.5499878
7	282.5499878
8	282.5700073
9	282.5899963
10	282.5299988
11	282.4899902
12	282.3599854
13	282.3800049
14	282.3399963
15	282.2999878
16	282.2999878
17	282.2600098
18	282.1700134
19	282.2200012
20	282.2200012
21	282.2000122
22	282.2000122
23	282.2799988
24	282.3200073
25	282.3800049
26	282.3399963
27	282.2399902
28	282.2600098
29	282.2600098
30	282.2799988
31	282.1700134
32	282.2799988
33	282.2999878
34	282.2999878
35	282.3399963
36	282.3399963
37	282.2999878
38	282.2600098
39	282.2600098
40	282.2000122
41	282.2000122
42	282.2000122
43	282.1700134
44	282.2799988
45	282.2799988
46	282.2999878
47	282.3200073
48	282.2799988
49	282.2000122
50	282.2200012
51	282.2200012
52	282.3200073
53	282.3999939
54	282.3399963
55	282.3599854
56	282.3399963
57	282.2999878
58	282.2999878
59	282.2999878
60	282.2999878
61	282.2999878
62	282.3599854
63	282.3599854
64	282.2999878
65	282.3200073
66	282.2399902
67	282.2399902
68	282.2399902
69	282.2600098
70	282.2999878
71	282.3200073
72	282.2600098
73	282.1700134
74	282.2799988
75	282.1300049
76	282.1700134
77	282.1499939
78	282.2200012
79	282.1499939
80	282.1499939
81	282.2200012
82	282.2600098
83	282.2999878
84	282.3399963
85	282.3399963
86	282.3800049
87	282.3599854
88	282.3399963
89	282.3599854
90	282.3200073
91	282.4700012
92	282.3999939
93	282.3999939
94	282.1300049
95	281.9899902
96	282.0700073
97	282.0499878
98	281.9400024
99	281.9899902
100	281.9899902
101	282.0899963
102	282.1700134
103	282.2799988
104	282.4899902
105	282.8399963
106	282.9700012
107	283.0899963
108	283.7399902
109	284.1000061
110	284.1600037
111	284.4500122
112	284.5
113	284.6400146
114	284.75
115	285.1199951
116	285.2099915
117	285.3500061
118	285.3900146
119	285.4599915
120	285.5
121	285.4599915
122	285.3099976
123	285.480011
124	285.6900024
125	285.75
126	285.7900085
127	285.8999939
128	285.8999939
129	285.8299866
130	285.7099915
131	285.6199951
132	285.6199951
133	285.8500061
134	286.1099854
135	286.1499939
136	286.1300049
137	286.1700134
138	286.1900024
139	286.1900024
140	286.3999939
141	286.5899963
142	286.6499939
143	286.5899963
144	286.4200134
145	286.4599915
146	286.4200134
147	286.4200134
148	286.230011
149	286.1300049
150	286.0400085
151	285.8800049
152	285.8800049
153	285.9400024
154	285.9599915
155	285.980011
156	285.9400024
157	285.9400024
158	285.8500061
159	285.75
160	285.769989
161	285.6900024
162	285.7099915
163	285.7900085
164	285.7900085
165	285.8099976
166	285.9599915
167	286
168	286.0400085
169	285.9400024
170	285.8299866
171	285.8299866
172	285.7900085
173	285.8299866
174	285.8800049
175	285.9200134
176	285.980011
177	286.0599976
178	286.0599976
179	285.8999939
180	285.8500061
181	285.8800049
182	285.8099976
183	285.7900085
184	285.8299866
185	285.8500061
186	285.8800049
187	285.9599915
188	285.9599915
189	285.9200134
190	285.8500061
191	285.8099976
192	285.75
193	285.6700134
194	285.6700134
195	285.7099915
196	285.769989
197	285.769989
198	285.730011
199	285.8099976
200	285.9200134
201	285.8500061
202	285.7099915
203	285.7099915
204	285.6700134
205	285.730011
206	285.6700134
207	285.769989
208	285.7099915
209	285.6000061
210	285.6000061
211	285.5599976
212	285.6900024
213	285.8299866
214	285.9400024
215	285.9400024
216	285.8999939
217	285.9200134
218	285.730011
219	285.6499939
220	285.7099915
221	285.8299866
222	286
223	285.9599915
224	285.8999939
225	285.6000061
226	285.6000061
227	285.7099915
228	285.6700134
229	285.6700134
230	285.5799866
231	285.6499939
232	285.480011
233	285.5
234	285.5799866
235	285.5799866
236	285.5799866
237	285.6700134
238	285.6900024
239	285.75
240	285.8299866
241	285.8800049
242	285.8800049
243	285.8800049
244	285.8800049
245	285.8800049
246	285.980011
247	285.980011
248	285.8999939
249	285.8999939
250	285.9400024
251	285.8999939
252	286.019989
253	286.0799866
254	286.0599976
255	286
256	286
257	285.8999939
258	285.7900085
259	285.6900024
260	285.6900024
261	285.6000061
262	285.6199951
263	285.6000061
264	285.6199951
265	285.6000061
266	285.5400085
267	285.4200134
268	285.5
269	285.6900024
270	285.8800049
271	286.0400085
272	286.0799866
273	286.1499939
274	286.1499939
275	286.1300049
276	286.230011
277	286.230011
278	286.1700134
279	286.019989
280	286.0599976
281	286.0599976
282	286.019989
283	285.9400024
284	285.8099976
285	285.5400085
286	285.2099915
287	285
288	284.6199951
289	283.3500061
290	282.3200073
291	281.7799988
292	280.6099854
293	279.6000061
294	279.0799866
295	278.5799866
296	277.3200073
297	277.0100098
298	276.5299988
299	276
300	275.8999939
301	275.5899963
302	275.5400085
303	275.480011
304	275.4599915
305	275.480011
306	275.480011
307	275.4599915
308	275.5700073
309	275.5700073
310	275.7999878
311	275.9400024
312	276.1700134
313	276.1700134
314	276.3999939
315	276.5899963
316	276.6499939
317	276.8800049
318	277.0899963
319	277.2600098
320	277.2600098
321	277.4899902
322	277.7000122
323	277.7799988
324	277.9100037
325	278.0499878
326	278.2200012
327	278.2799988
328	278.6000061
329	278.7000122
330	278.8699951
331	279.0400085
332	279
333	279.1000061
334	279.0799866
335	279.0799866
336	279.1000061
337	279.1600037
338	279.1799927
339	279.269989
340	279.3500061
341	279.3699951
342	279.480011
343	279.5
344	279.6900024
345	279.6900024
346	279.8299866
347	279.8500061
348	279.9200134
349	279.8900146
350	279.8900146
351	279.8900146
352	279.8900146
353	279.9400024
354	279.9599915
355	279.980011
356	280.0799866
357	280.0599976
358	280.0799866
359	280.0599976
360	280.1900024
361	280.1900024
362	280.230011
363	280.25
364	280.25
365	280.25
366	280.269989
367	280.3299866
368	280.269989
369	280.25
370	280.3099976
371	280.269989
372	280.3500061
373	280.4200134
374	280.4200134
375	280.5
376	280.519989
377	280.519989
378	280.5799866
379	280.5400085
380	280.5799866
381	280.6099854
382	280.5799866
383	280.6300049
384	280.6300049
385	280.519989
386	280.6099854
387	280.5599976
388	280.5799866
389	280.519989
390	280.5599976
391	280.5599976
392	280.6300049
393	280.6099854
394	280.6499939
395	280.730011
396	280.6900024
397	280.6700134
398	280.730011
399	280.6900024
400	280.6300049
401	280.5799866
402	280.6700134
403	280.6700134
404	280.6300049
405	280.7099915
406	280.75
407	280.75
408	280.730011
409	280.6499939
410	280.6700134
411	280.5599976
412	280.5799866
413	280.5400085
414	280.5599976
415	280.5599976
416	280.5599976
417	280.730011
418	280.6499939
419	280.6900024
420	280.6700134
421	280.7099915
422	280.6900024
423	280.6900024
424	280.6700134
425	280.7099915
426	280.6300049
427	280.7099915
428	280.730011
429	280.6900024
430	280.6900024
431	280.75
432	280.8099976
433	280.7900085
434	280.8399963
435	280.9400024
436	280.9200134
437	280.980011
438	280.980011
439	280.980011
440	280.8800049
441	280.7900085
442	280.8599854
443	280.7900085
444	280.7900085
445	280.7099915
446	280.7099915
447	280.769989
448	280.7900085
449	280.8099976
450	280.7099915
451	280.769989
452	280.769989
453	280.8800049
454	280.8399963
455	280.8399963
456	280.8800049
457	280.8999939
458	280.8599854
459	280.8599854
460	280.8599854
461	280.8599854
462	280.8599854
463	280.9200134
464	280.9400024
465	281
466	280.8999939
467	280.8999939
468	280.8800049
469	280.8099976
470	280.8999939
471	280.9200134
472	281.019989
473	281.0700073
474	281.1300049
475	281.1099854
476	281.1700134
477	281.2099915
478	281.230011
479	281.3399963
480	281.230011
481	281.1900024
482	281.2099915
483	281.269989
484	281.269989
485	281.269989
486	281.3399963
487	281.3399963
488	281.3200073
489	281.2999878
490	281.3599854
491	281.269989
492	281.230011
493	281.25
494	281.25
495	281.3599854
496	281.4400024
497	281.3999939
498	281.4200134
499	281.4599915
500	281.3999939
501	281.3999939
502	281.4599915
503	281.5
504	281.4599915
505	281.4200134
506	281.4599915
507	281.4599915
508	281.480011
509	281.5299988
510	281.5299988
511	281.6300049
512	281.6499939
513	281.730011
514	281.7099915
515	281.6499939
516	281.730011
517	281.730011
518	281.730011
519	281.7099915
520	281.730011
521	281.7799988
522	281.7099915
523	281.6300049
524	281.6300049
525	281.6300049
526	281.6300049
527	281.7600098
528	281.6499939
529	281.6499939
530	281.6300049
531	281.6099854
532	281.5499878
533	281.5499878
534	281.5899963
535	281.6700134
536	281.7099915
537	281.7099915
538	281.7099915
539	281.7600098
540	281.8200073
541	281.9200134
542	281.8999939
543	281.9599915
544	281.9400024
545	282.0299988
546	282.0899963
547	282.0299988
548	282.0899963
549	282.1099854
550	282.1099854
551	282.1300049
552	282.2000122
553	282.2200012
554	282.1700134
555	282.1499939
556	282.2200012
557	282.2200012
558	282.2200012
559	282.2399902
560	282.2999878
561	282.2399902
562	282.3800049
563	282.4700012
564	282.5899963
565	282.5899963
566	282.4500122
567	282.2799988
568	282.1700134
569	282.1499939
570	282.0899963
571	282.1300049
572	282.1300049
573	282.2399902
574	282.3200073
575	282.3200073
576	282.3200073
577	282.3200073
578	282.2799988
579	282.2600098
580	282.6300049
581	282.6799927
582	282.9500122
583	283.1400146
584	283.2000122
585	283.2799988
586	283.3200073
587	283.5799866
588	283.7600098
589	284.0100098
590	284.1600037
591	284.1400146
592	284.2000122
593	284.269989
594	284.4100037
595	284.6000061
596	284.8299866
597	284.8299866
598	285.019989
599	285.0599976
600	285.1400146
601	285.269989
602	285.3900146
603	285.480011
604	285.480011
605	285.480011
606	285.4400024
607	285.4400024
608	285.5799866
609	285.7900085
610	285.8299866
611	285.9200134
612	285.9200134
613	285.8800049
614	285.7900085
615	285.6700134
616	285.6700134
617	285.6199951
618	285.730011
619	285.7900085
620	285.730011
621	285.6700134
622	285.6700134
623	285.6000061
624	285.6199951
625	285.6199951
626	285.7099915
627	285.6499939
628	285.5400085
629	285.4400024
630	285.3699951
631	285.3900146
632	285.4400024
633	285.519989
634	285.3900146
635	285.4200134
636	285.4200134
637	285.3500061
638	285.3500061
639	285.3500061
640	285.4200134
641	285.4599915
642	285.4400024
643	285.4400024
644	285.5400085
645	285.6000061
646	285.6000061
647	285.6199951
648	285.75
649	285.7099915
650	285.6900024
651	285.6499939
652	285.5599976
653	285.5
654	285.5
655	285.4400024
656	285.480011
657	285.6199951
658	285.8299866
659	285.7900085
660	285.8299866
661	285.980011
662	285.9400024
663	285.8999939
664	285.8999939
665	285.9200134
666	285.8299866
667	285.7900085
668	285.7900085
669	285.6700134
670	285.6499939
671	285.5799866
672	285.6900024
673	285.6499939
674	285.6499939
675	285.6499939
676	285.6700134
677	285.730011
678	285.7099915
679	285.8299866
680	285.8500061
681	285.7900085
682	285.8099976
683	285.8299866
684	285.8299866
685	285.9200134
686	285.8999939
687	285.8299866
688	285.7900085
689	285.769989
690	285.9200134
691	285.8800049
692	285.9200134
693	285.9599915
694	286.019989
695	285.9599915
696	285.8999939
697	285.8299866
698	285.75
699	285.75
700	285.6700134
701	285.6700134
702	285.6900024
703	285.6900024
704	285.6900024
705	285.730011
706	285.6499939
707	285.6499939
708	285.6900024
709	285.75
710	285.6499939
711	285.6199951
712	285.5599976
713	285.6499939
714	285.6499939
715	285.5599976
716	285.6900024
717	285.730011
718	285.730011
719	285.6900024
720	285.6700134
721	285.5599976
722	285.6000061
723	285.6499939
724	285.5799866
725	285.5799866
726	285.5599976
727	285.5599976
728	285.5799866
729	285.519989
730	285.5599976
731	285.6000061
732	285.5
733	285.519989
734	285.3900146
735	285.3699951
736	285.4400024
737	285.4200134
738	285.3099976
739	285.3099976
740	285.1900024
741	285.1199951
742	285.1199951
743	285.3699951
744	285.480011
745	285.4400024
746	285.4400024
747	285.3900146
748	285.519989
749	285.6000061
750	285.6199951
751	285.5599976
752	285.5400085
753	285.5400085
754	285.4400024
755	285.269989
756	285.1000061
757	284.9100037
758	284.5799866
759	284.2200012
760	283.6600037
761	281.7600098
762	281.230011
763	280.3299866
764	279.3099976
765	278.8699951
766	277.8900146
767	277.5299988
768	276.7999878
769	276.230011
770	275.9400024
771	275.5400085
772	275.4200134
773	275.2900085
774	275.2099915
775	275.25
776	275.3099976
777	275.480011
778	275.480011
779	275.6900024
780	275.9200134
781	276.0899963
782	276.5499878
783	276.8599854
784	277.1499939
785	277.1499939
786	277.4500122
787	277.6400146
788	277.6799927
789	277.8200073
790	278.0100098
791	278.0799866
792	278.0799866
793	278.4500122
794	278.5400085
795	278.6600037
796	278.8900146
797	279.019989
798	279.1000061
799	279.1799927
800	279.3299866
801	279.3299866
802	279.4100037
803	279.5400085
804	279.6199951
805	279.769989
806	279.8500061
807	280.019989
808	280.1199951
809	280.1199951
810	280.1199951
811	280.2099915
812	280.269989
813	280.3800049
814	280.3999939
815	280.4599915
816	280.4400024
817	280.4400024
818	280.5799866
819	280.6099854
820	280.6900024
821	280.6300049
822	280.769989
823	280.8399963
824	280.8399963
825	280.8999939
826	280.8599854
827	280.9200134
828	280.8800049
829	280.9400024
830	281
831	280.9599915
832	281.1099854
833	281.1900024
834	281.0899963
835	281.1700134
836	281.1099854
837	281.1300049
838	281.230011
839	281.269989
840	281.269989
841	281.230011
842	281.269989
843	281.25
844	281.230011
845	281.3200073
846	281.3399963
847	281.3399963
848	281.3999939
849	281.3999939
850	281.480011
851	281.4200134
852	281.4400024
853	281.4599915
854	281.4200134
855	281.4599915
856	281.4599915
857	281.480011
858	281.5700073
859	281.5499878
860	281.6499939
861	281.6300049
862	281.5899963
863	281.6300049
864	281.6300049
865	281.5899963
866	281.5700073
867	281.5899963
868	281.6499939
869	281.6499939
870	281.6099854
871	281.6700134
872	281.6499939
873	281.7099915
874	281.7099915
875	281.6900024
876	281.6700134
877	281.7099915
878	281.7099915
879	281.6300049
880	281.6099854
881	281.6099854
882	281.7799988
883	281.7799988
884	281.7099915
885	281.6700134
886	281.6700134
887	281.7600098
888	281.7600098
889	281.6099854
890	281.6700134
891	281.5700073
892	281.5899963
893	281.6499939
894	281.6900024
895	281.6900024
896	281.7600098
897	281.730011
898	281.730011
899	281.730011
900	281.6900024
901	281.7600098
902	281.7600098
903	281.6499939
904	281.7600098
905	281.730011
906	281.8399963
907	281.8599854
908	281.8800049
909	281.8599854
910	281.8800049
911	281.9400024
912	281.9599915
913	281.9400024
914	281.9899902
915	281.9599915
916	282.0100098
917	282.0100098
918	282.0899963
919	282.0700073
920	282.0700073
921	282.0499878
922	282.0499878
923	281.9899902
924	281.9599915
925	281.9400024
926	281.8999939
927	281.8999939
928	281.9599915
929	282.0299988
930	281.9599915
931	281.8999939
932	281.9599915
933	281.8999939
934	281.8999939
935	281.9599915
936	281.8999939
937	281.8800049
938	281.8800049
939	281.7799988
940	281.7799988
941	281.8599854
942	281.7999878
943	281.8399963
944	281.8800049
945	281.9599915
946	281.8800049
947	281.9400024
948	281.9599915
949	281.9200134
950	281.8599854
951	281.8999939
952	281.9400024
953	281.9899902
954	281.8999939
955	281.9200134
956	281.8800049
957	281.9899902
958	281.9599915
959	281.9599915
960	281.8599854
961	281.8800049
962	281.9200134
963	281.9400024
964	281.9599915
965	282.0100098
966	282.0100098
967	281.8999939
968	281.8599854
969	281.8399963
970	281.7999878
971	281.8800049
972	281.8399963
973	281.8399963
974	281.9200134
975	281.8800049
976	281.8999939
977	281.8599854
978	281.8399963
979	281.8999939
980	281.8800049
981	281.9200134
982	281.9200134
983	281.8599854
984	281.8999939
985	281.9200134
986	281.9200134
987	281.8999939
988	281.9200134
989	281.9200134
990	281.9400024
991	281.9400024
992	281.8800049
993	281.9400024
994	281.9899902
995	281.8599854
996	281.9899902
997	282.0100098
998	282.0100098
999	282.1300049
1000	282.0499878
1001	282.0299988
1002	281.9899902
1003	282.0700073
1004	282.0100098
1005	282.0100098
1006	281.9899902
1007	282.0700073
1008	282.1099854
1009	282.0899963
1010	282.0100098
1011	282.0700073
1012	282.0499878
1013	282.1099854
1014	282.0700073
1015	282.0299988
1016	282.1300049
1017	282.1499939
1018	282.1300049
1019	282.1499939
1020	282.1700134
1021	282.2000122
1022	282.1300049
1023	282.0499878
1024	282.0299988
1025	282.0100098
1026	282.0299988
1027	281.9899902
1028	282.0899963
1029	282.1300049
1030	282.1300049
1031	282.1099854
1032	282.6099854
1033	283.0499878
1034	284.0100098
1035	284.3500061
1036	283.9700012
1037	283.9700012
1038	283.2999878
1039	282.9899902
1040	282.8200073
1041	282.6300049
1042	282.6600037
1043	282.6300049
1044	282.5499878
1045	282.3800049
1046	282.2600098
1047	282.2999878
1048	282.2399902
1049	282.2799988
1050	282.1700134
1051	282.1499939
1052	282.2200012
1053	282.2999878
1054	282.3800049
1055	282.5700073
1056	282.6099854
1057	282.9299927
1058	283.1199951
1059	283.4500122
1060	283.6400146
1061	283.8299866
1062	283.8299866
1063	283.9899902
1064	283.9899902
1065	284.0100098
1066	284.1000061
1067	284.2200012
1068	284.1799927
1069	284.1799927
1070	284.3500061
1071	284.3900146
1072	284.5599976
1073	284.6199951
1074	284.6600037
1075	284.6799927
1076	284.6799927
1077	284.6799927
1078	284.7000122
1079	284.6199951
1080	284.75
1081	284.9100037
1082	284.9599915
1083	285.019989
1084	284.9599915
1085	284.9100037
1086	284.8900146
1087	284.9299927
1088	284.9599915
1089	284.9599915
1090	284.9299927
1091	285.019989
1092	285
1093	285.0599976
1094	285
1095	285.019989
1096	285.019989
1097	284.980011
1098	285
1099	285.0599976
1100	285.1900024
1101	285.1900024
1102	285.1400146
1103	285.1400146
1104	285.1400146
1105	285.0799866
1106	285
1107	284.9100037
1108	284.9100037
1109	284.9299927
1110	285.0400085
1111	285.25
1112	285.4200134
1113	285.3900146
1114	285.4200134
1115	285.3900146
1116	285.4200134
1117	285.3699951
1118	285.5
1119	285.5799866
1120	285.519989
1121	285.5
1122	285.519989
1123	285.5799866
1124	285.5400085
1125	285.4400024
1126	285.5400085
1127	285.5599976
1128	285.5
1129	285.5599976
1130	285.5400085
1131	285.480011
1132	285.4200134
1133	285.3099976
1134	285.2099915
1135	285.230011
1136	285.230011
1137	285.0400085
1138	285
1139	285.0599976
1140	285.0599976
1141	285.1000061
1142	285.2099915
1143	285.269989
1144	285.230011
1145	285.3900146
1146	285.5599976
1147	285.5599976
1148	285.6000061
1149	285.6199951
1150	285.6900024
1151	285.7099915
1152	285.7900085
1153	285.8999939
1154	285.8099976
1155	285.6199951
1156	285.6199951
1157	285.4599915
1158	285.3500061
1159	285.3500061
1160	285.3699951
1161	285.3500061
1162	285.4400024
1163	285.3699951
1164	285.3099976
1165	285.3500061
1166	285.519989
1167	285.6000061
1168	285.730011
1169	285.8299866
1170	285.8299866
1171	285.8099976
1172	285.8099976
1173	285.769989
1174	285.730011
1175	285.7099915
1176	285.6199951
1177	285.6199951
1178	285.6499939
1179	285.6499939
1180	285.6900024
1181	285.6499939
1182	285.6000061
1183	285.6499939
1184	285.5599976
1185	285.5400085
1186	285.5400085
1187	285.6000061
1188	285.5599976
1189	285.5400085
1190	285.480011
1191	285.6499939
1192	285.6000061
1193	285.6499939
1194	285.6900024
1195	285.7099915
1196	285.6000061
1197	285.5
1198	285.480011
1199	285.4599915
1200	285.4599915
1201	285.4400024
1202	285.3500061
1203	285.269989
1204	285.3500061
1205	285.3500061
1206	285.3500061
1207	285.519989
1208	285.6700134
1209	285.7099915
1210	285.7099915
1211	285.7099915
1212	285.7900085
1213	285.7099915
1214	285.6900024
1215	285.6700134
1216	285.8299866
1217	285.8800049
1218	285.8800049
1219	285.9599915
1220	285.980011
1221	285.9200134
1222	285.9400024
1223	285.9599915
1224	285.8999939
1225	285.8800049
1226	285.8999939
1227	285.9599915
1228	285.9400024
1229	285.7099915
1230	285.3900146
1231	285.2099915
1232	284.9100037
1233	284.1000061
1234	283.6199951
1235	282.5499878
1236	281.019989
1237	280.5
1238	279.3699951
1239	278.9299927
1240	277.8900146
1241	277.1300049
1242	276.5299988
1243	276.5299988
1244	275.769989
1245	275.5
1246	275.4400024
1247	275.4200134
1248	275.4400024
1249	275.4599915
1250	275.4599915
1251	275.7099915
1252	275.9200134
1253	276.1300049
1254	276.3800049
1255	276.6499939
1256	276.8399963
1257	276.8399963
1258	277.2399902
1259	277.3399963
1260	277.4500122
1261	277.5700073
1262	277.7200012
1263	277.7399902
1264	277.9500122
1265	278.2600098
1266	278.3099976
1267	278.5799866
1268	278.8699951
1269	278.8699951
1270	279.0599976
1271	279.1600037
1272	279.3299866
1273	279.4100037
1274	279.5
1275	279.5799866
1276	279.6000061
1277	279.8099976
1278	279.8299866
1279	279.980011
1280	280.0400085
1281	280.2099915
1282	280.2099915
1283	280.269989
1284	280.25
1285	280.2900085
1286	280.3999939
1287	280.5
1288	280.5599976
1289	280.5599976
1290	280.6900024
1291	280.75
1292	280.7900085
1293	280.8099976
1294	280.980011
1295	280.980011
1296	281.0700073
1297	281.1300049
1298	281.1700134
1299	281.230011
1300	281.2099915
1301	281.1499939
1302	281.230011
1303	281.2099915
1304	281.2099915
1305	281.230011
1306	281.2999878
1307	281.3599854
1308	281.3399963
1309	281.3200073
1310	281.2999878
1311	281.4400024
1312	281.5499878
1313	281.5899963
1314	281.5899963
1315	281.5299988
1316	281.480011
1317	281.480011
1318	281.5899963
1319	281.6900024
1320	281.5899963
1321	281.5899963
1322	281.5700073
1323	281.5700073
1324	281.6300049
1325	281.6300049
1326	281.6499939
1327	281.6300049
1328	281.6300049
1329	281.7099915
1330	281.7099915
1331	281.7600098
1332	281.6900024
1333	281.7099915
1334	281.7099915
1335	281.8200073
1336	281.7799988
1337	281.7999878
1338	281.8599854
1339	281.8599854
1340	281.8399963
1341	281.9200134
1342	281.9400024
1343	281.9599915
1344	282.0499878
1345	282.0700073
1346	282.0700073
1347	282.1099854
1348	282.2000122
1349	282.1300049
1350	282.0499878
1351	282.0100098
1352	282.0299988
1353	282.0299988
1354	281.9400024
1355	282.0499878
1356	282.1700134
1357	282.1099854
1358	282.2399902
1359	282.3800049
1360	282.3800049
1361	282.3800049
1362	282.2999878
1363	282.3200073
1364	282.1499939
1365	282.0700073
1366	282.1499939
1367	282.1499939
1368	282.1099854
1369	282.1300049
1370	282.2200012
1371	282.2000122
1372	282.2799988
1373	282.2600098
1374	282.3399963
1375	282.2600098
1376	282.3399963
1377	282.2600098
1378	282.2799988
1379	282.2999878
1380	282.2999878
1381	282.2200012
1382	282.2200012
1383	282.2399902
1384	282.1300049
1385	282.1300049
1386	282.1300049
1387	282.1499939
1388	282.2000122
1389	282.2600098
1390	282.1300049
1391	282.1700134
1392	282.1700134
1393	282.2399902
1394	282.2200012
1395	282.1700134
1396	282.2000122
1397	282.1499939
1398	282.1700134
1399	282.1700134
1400	282.2399902
1401	282.2399902
1402	282.2600098
1403	282.1499939
1404	282.2000122
1405	282.1499939
1406	282.1099854
1407	282.2200012
1408	282.2399902
1409	282.1499939
1410	282.2399902
1411	282.1499939
1412	282.1499939
1413	282.1499939
1414	282.2600098
1415	282.2399902
1416	282.2799988
1417	282.3599854
1418	282.2999878
1419	282.2999878
1420	282.2600098
1421	282.2200012
1422	282.2200012
1423	282.2399902
1424	282.2399902
1425	282.2399902
1426	282.2799988
1427	282.2999878
1428	282.3399963
1429	282.3800049
1430	282.3800049
1431	282.3800049
1432	282.4700012
1433	282.5299988
1434	282.4899902
1435	282.5299988
1436	282.4899902
1437	282.4299927
1438	282.4299927
1439	282.3999939
1440	282.4299927
1441	282.3399963
1442	282.3800049
1443	282.3599854
1444	282.3800049
1445	282.3399963
1446	282.3399963
1447	282.2600098
1448	282.3399963
1449	282.2999878
1450	282.3200073
1451	282.3200073
1452	282.3399963
1453	282.2600098
1454	282.3599854
1455	282.3200073
1456	282.4299927
1457	282.4299927
1458	282.4299927
1459	282.3399963
1460	282.3800049
1461	282.3800049
1462	282.3999939
1463	282.3999939
1464	282.3800049
1465	282.3599854
1466	282.4700012
1467	282.5499878
1468	282.5100098
1469	282.5700073
1470	282.5700073
1471	282.5100098
1472	282.4500122
1473	282.4500122
1474	282.3800049
1475	282.4500122
1476	282.4700012
1477	282.3800049
1478	282.3599854
1479	282.4299927
1480	282.3800049
1481	282.2399902
1482	282.3200073
1483	282.3200073
1484	282.3599854
1485	282.3599854
1486	282.4500122
1487	282.3999939
1488	282.3800049
1489	282.3599854
1490	282.4500122
1491	282.3200073
1492	282.3800049
1493	282.3599854
1494	282.2799988
1495	282.2799988
1496	282.2799988
1497	282.2000122
1498	282.2000122
1499	282.2000122
1500	282.1499939
1501	282.1499939
1502	282.1499939
1503	282.2200012
1504	282.1300049
1505	282.2399902
1506	282.1700134
1507	282.1700134
1508	282.1700134
1509	282.1700134
1510	282.2799988
1511	282.3599854
1512	282.2999878
1513	282.0299988
1514	281.8200073
1515	281.8599854
1516	281.730011
1517	281.6099854
1518	281.5700073
1519	281.5499878
1520	281.730011
1521	281.8800049
1522	282.0100098
1523	282.0299988
1524	282.0700073
1525	282.0899963
1526	282.3800049
1527	282.5700073
1528	282.7999878
1529	282.8900146
1530	283.0299988
1531	283.1799927
1532	283.3200073
1533	283.4100037
1534	283.4100037
1535	283.6199951
1536	283.8099976
1537	283.8500061
1538	283.9700012
1539	284.2200012
1540	284.3699951
1541	284.3699951
1542	284.4100037
1543	284.5400085
1544	284.6400146
1545	284.8299866
1546	284.9299927
1547	284.980011
1548	285.1199951
1549	285.1400146
1550	285.1000061
1551	285.0799866
1552	285.019989
1553	285.0599976
1554	284.9599915
1555	284.9599915
1556	285.0599976
1557	285.1000061
1558	285.0599976
1559	284.980011
1560	285.019989
1561	285.0400085
1562	285.1900024
1563	285.5
1564	285.6000061
1565	285.5
1566	285.5
1567	285.4599915
1568	285.5799866
1569	285.5799866
1570	285.6700134
1571	285.6900024
1572	285.6499939
1573	285.6499939
1574	285.5599976
1575	285.5799866
1576	285.730011
1577	285.8999939
1578	285.9599915
1579	285.8800049
1580	285.8800049
1581	285.5799866
1582	285.6199951
1583	285.6199951
1584	285.75
1585	285.8099976
1586	285.8099976
1587	285.769989
1588	285.5799866
1589	285.480011
1590	285.519989
1591	285.6000061
1592	285.5799866
1593	285.5
1594	285.5400085
1595	285.519989
1596	285.6000061
1597	285.5599976
1598	285.6199951
1599	285.5400085
1600	285.519989
1601	285.480011
1602	285.519989
1603	285.5599976
1604	285.730011
1605	285.730011
1606	285.4400024
1607	285.3900146
1608	285.3500061
1609	285.5
1610	285.6199951
1611	285.769989
1612	285.769989
1613	285.9400024
1614	285.769989
1615	285.6499939
1616	285.730011
1617	285.7900085
1618	285.9400024
1619	285.8999939
1620	285.8500061
1621	285.730011
1622	285.8099976
1623	285.9400024
1624	285.980011
1625	285.8999939
1626	285.7900085
1627	285.730011
1628	285.6499939
1629	285.6199951
1630	285.730011
1631	285.6499939
1632	285.7099915
1633	285.730011
1634	285.6900024
1635	285.730011
1636	285.769989
1637	285.6900024
1638	285.6000061
1639	285.519989
1640	285.519989
1641	285.5599976
1642	285.5400085
1643	285.6000061
1644	285.6000061
1645	285.8299866
1646	285.980011
1647	285.8500061
1648	285.8500061
1649	285.7900085
1650	285.769989
1651	285.769989
1652	285.6499939
1653	285.519989
1654	285.3500061
1655	285.2900085
1656	285.269989
1657	285.3099976
1658	285.3699951
1659	285.519989
1660	285.4599915
1661	285.2900085
1662	285.3699951
1663	285.519989
1664	285.5400085
1665	285.6700134
1666	285.769989
1667	285.769989
1668	285.8099976
1669	285.75
1670	285.7900085
1671	285.7900085
1672	285.769989
1673	285.75
1674	285.730011
1675	285.6499939
1676	285.6499939
1677	285.6900024
1678	285.519989
1679	285.5
1680	285.4400024
1681	285.4200134
1682	285.3699951
1683	285.3699951
1684	285.269989
1685	285.3699951
1686	285.3699951
1687	285.2900085
1688	285.5599976
1689	285.769989
1690	285.769989
1691	286.0400085
1692	286.0599976
1693	286.019989
1694	286.019989
1695	286.0400085
1696	286.0599976
1697	286.0599976
1698	286.019989
1699	286
1700	286.019989
1701	286
1702	285.9200134
1703	285.6199951
1704	285.5
1705	285.2099915
1706	284.769989
1707	283.8900146
1708	282.7799988
1709	282.2600098
1710	281.0899963
1711	280.5
1712	279.2900085
1713	278.3099976
1714	277.4899902
1715	277.4899902
1716	276.4400024
1717	276.0700073
1718	275.8599854
1719	275.6700134
1720	275.5899963
1721	275.5400085
1722	275.5400085
1723	275.5700073
1724	275.7099915
1725	275.8200073
1726	275.980011
1727	276.1700134
1728	276.2999878
1729	276.3999939
1730	276.7399902
1731	276.8599854
1732	277.1099854
1733	277.3200073
1734	277.5299988
1735	277.5499878
1736	277.6400146
1737	277.9500122
1738	278.0299988
1739	278.3099976
1740	278.4700012
1741	278.5100098
1742	278.7399902
1743	278.7900085
1744	278.8299866
1745	279
1746	279.1000061
1747	279.1000061
1748	279.25
1749	279.3900146
1750	279.480011
1751	279.769989
1752	279.8099976
1753	279.9599915
1754	279.9599915
1755	280.019989
1756	280.1199951
1757	280.1000061
1758	280.2099915
1759	280.3299866
1760	280.4200134
1761	280.4200134
1762	280.519989
1763	280.5799866
1764	280.5799866
1765	280.6900024
1766	280.730011
1767	280.6900024
1768	280.769989
1769	280.8599854
1770	280.9599915
1771	280.9599915
1772	281.0400085
1773	281.0400085
1774	281.0400085
1775	281
1776	281.2099915
1777	281.2999878
1778	281.3200073
1779	281.3999939
1780	281.3999939
1781	281.3599854
1782	281.4200134
1783	281.5
1784	281.480011
1785	281.5700073
1786	281.5700073
1787	281.6499939
1788	281.6499939
1789	281.7099915
1790	281.6700134
1791	281.6300049
1792	281.6499939
1793	281.6499939
1794	281.6700134
1795	281.6499939
1796	281.6499939
1797	281.6300049
1798	281.730011
1799	281.7600098
1800	281.730011
1801	281.7999878
1802	281.730011
1803	281.7600098
1804	281.7600098
1805	281.7799988
1806	281.8399963
1807	281.8599854
1808	281.7999878
1809	281.8399963
1810	281.8599854
1811	281.8599854
1812	281.7799988
1813	281.8399963
1814	281.8599854
1815	281.8599854
1816	281.9599915
1817	281.9200134
1818	281.9200134
1819	281.9400024
1820	281.9200134
1821	281.9200134
1822	282.0499878
1823	282.0499878
1824	282.1499939
1825	282.1499939
1826	282.1099854
1827	282.0899963
1828	282.0100098
1829	281.9599915
1830	281.9200134
1831	281.8599854
1832	281.8599854
1833	281.9599915
1834	282.0100098
1835	282.0299988
1836	282.0700073
1837	281.9400024
1838	281.9599915
1839	281.8599854
1840	282.0299988
1841	282.1099854
1842	282.2200012
1843	282.2399902
1844	282.2600098
1845	282.2000122
1846	282.1499939
1847	282.2600098
1848	282.2999878
1849	282.2799988
1850	282.3599854
1851	282.2399902
1852	282.2999878
1853	282.2399902
1854	282.2600098
1855	282.2000122
1856	282.2000122
1857	282.2000122
1858	282.1700134
1859	282.3200073
1860	282.3800049
1861	282.4299927
1862	282.4500122
1863	282.5299988
1864	282.5299988
1865	282.5299988
1866	282.5700073
1867	282.5299988
1868	282.5899963
1869	282.5100098
1870	282.5700073
1871	282.5100098
1872	282.4500122
1873	282.5499878
1874	282.5700073
1875	282.6600037
1876	282.6799927
1877	282.6799927
1878	282.6300049
1879	282.5700073
1880	282.5499878
1881	282.5899963
1882	282.5100098
1883	282.4500122
1884	282.5700073
1885	282.6099854
1886	282.6600037
1887	282.6099854
1888	282.6799927
1889	282.6600037
1890	282.6300049
1891	282.6300049
1892	282.6300049
1893	282.6300049
1894	282.5700073
1895	282.6300049
1896	282.6300049
1897	282.6600037
1898	282.6099854
1899	282.6600037
1900	282.5499878
1901	282.5499878
1902	282.6799927
1903	282.6799927
1904	282.6300049
1905	282.6600037
1906	282.7600098
1907	282.7600098
1908	282.7600098
1909	282.6799927
1910	282.7399902
1911	282.6099854
1912	282.6799927
1913	282.7000122
1914	282.7000122
1915	282.7600098
1916	282.7200012
1917	282.7600098
1918	282.7200012
1919	282.7600098
1920	282.7399902
1921	282.7399902
1922	282.7000122
1923	282.7600098
1924	282.7600098
1925	282.7999878
1926	282.7799988
1927	282.7600098
1928	282.7600098
1929	282.8599854
1930	282.9299927
1931	282.8900146
1932	282.8399963
1933	282.9299927
1934	282.8599854
1935	282.8599854
1936	282.7999878
1937	282.8900146
1938	282.8399963
1939	282.8399963
1940	282.8599854
1941	282.7799988
1942	282.7799988
1943	282.7399902
1944	282.7000122
1945	282.7000122
1946	282.7000122
1947	282.7399902
1948	282.7999878
1949	282.7399902
1950	282.7799988
1951	282.8399963
1952	282.9100037
1953	282.8599854
1954	282.8399963
1955	282.8399963
1956	282.8599854
1957	282.8599854
1958	282.8399963
1959	282.7600098
1960	282.8599854
1961	282.7799988
1962	282.7399902
1963	282.8200073
1964	282.7799988
1965	282.8900146
1966	282.9100037
1967	282.9100037
1968	282.8900146
1969	282.9500122
1970	282.9100037
1971	282.8900146
1972	282.8399963
1973	282.9299927
1974	282.9299927
1975	282.9299927
1976	282.8399963
1977	282.9299927
1978	282.9100037
1979	282.9500122
1980	282.9100037
1981	282.8900146
1982	282.8599854
1983	282.8599854
1984	283.0299988
1985	283.0700073
1986	283.0100098
1987	282.9700012
1988	283.0100098
1989	283.0700073
1990	283.0499878
1991	282.9100037
1992	282.8399963
1993	282.8200073
1994	282.7999878
1995	282.9899902
1996	283.1199951
1997	283.2000122
1998	283.3699951
1999	283.3699951
2000	283.5299988
2001	283.6400146
2002	283.7399902
2003	283.8699951
2004	283.9500122
2005	284.1000061
2006	284.1000061
2007	284.269989
2008	284.3900146
2009	284.3699951
2010	284.4500122
2011	284.5
2012	284.730011
2013	284.730011
2014	284.8500061
2015	284.8900146
2016	284.8699951
2017	284.8699951
2018	285.0599976
2019	285.0400085
2020	285.0400085
2021	285.0799866
2022	285.0799866
2023	285.0599976
2024	285.2099915
2025	285.3099976
2026	285.3900146
2027	285.3299866
2028	285.3500061
2029	285.3699951
2030	285.269989
2031	285.3299866
2032	285.3500061
2033	285.4400024
2034	285.5
2035	285.4400024
2036	285.4200134
2037	285.3500061
2038	285.3500061
2039	285.3500061
2040	285.5
2041	285.5799866
2042	285.5599976
2043	285.6199951
2044	285.519989
2045	285.519989
2046	285.4599915
2047	285.4200134
2048	285.6000061
2049	285.6700134
2050	285.6499939
2051	285.6499939
2052	285.6700134
2053	285.7099915
2054	285.769989
2055	285.75
2056	285.7900085
2057	285.7900085
2058	285.75
2059	285.7099915
2060	285.769989
2061	285.8099976
2062	285.8999939
2063	285.9200134
2064	285.8800049
2065	285.8299866
2066	285.8800049
2067	285.9400024
2068	286.019989
2069	285.8999939
2070	285.8999939
2071	285.8500061
2072	285.8099976
2073	285.8500061
2074	285.9400024
2075	285.9200134
2076	285.980011
2077	285.980011
2078	286.019989
2079	286.019989
2080	285.9400024
2081	286.0799866
2082	286.0400085
2083	285.980011
2084	285.980011
2085	285.8999939
2086	285.75
2087	285.6499939
2088	285.8099976
2089	285.8500061
2090	285.9200134
2091	285.9400024
2092	285.8800049
2093	285.730011
2094	285.8299866
2095	285.8099976
2096	285.769989
2097	285.75
2098	285.769989
2099	285.75
2100	285.8099976
2101	285.730011
2102	285.7099915
2103	285.7099915
2104	285.6499939
2105	285.6499939
2106	285.6499939
2107	285.6700134
2108	285.6900024
2109	285.6900024
2110	285.75
2111	285.6700134
2112	285.6900024
2113	285.769989
2114	285.75
2115	285.6900024
2116	285.6900024
2117	285.730011
2118	285.730011
2119	285.75
2120	285.769989
2121	285.730011
2122	285.5799866
2123	285.6199951
2124	285.75
2125	285.6199951
2126	285.6000061
2127	285.6900024
2128	285.7099915
2129	285.730011
2130	285.8099976
2131	285.7900085
2132	285.6900024
2133	285.7099915
2134	285.75
2135	285.7900085
2136	285.8500061
2137	285.75
2138	285.6700134
2139	285.769989
2140	285.75
2141	285.6499939
2142	285.6900024
2143	285.7900085
2144	285.769989
2145	285.6900024
2146	285.6700134
2147	285.6900024
2148	285.6900024
2149	285.8299866
2150	285.8299866
2151	285.8500061
2152	285.8800049
2153	285.8999939
2154	285.9400024
2155	285.9400024
2156	285.8999939
2157	285.9599915
2158	285.980011
2159	285.8800049
2160	285.7099915
2161	285.6000061
2162	285.6900024
2163	285.7900085
2164	285.8500061
2165	285.8299866
2166	286.019989
2167	286
2168	286
2169	286.0599976
2170	286.1300049
2171	286.1700134
2172	286.1499939
2173	286.1499939
2174	286.0400085
2175	285.75
2176	285.519989
2177	285.269989
2178	284.980011
2179	283.9899902
2180	283.9899902
2181	281.8399963
2182	280.4200134
2183	279.75
2184	278.4899902
2185	277.5100098
2186	276.7799988
2187	276.7799988
2188	276.1499939
2189	275.8800049
2190	275.8200073
2191	275.75
2192	275.8999939
2193	276.0700073
2194	276.0700073
2195	276.4200134
2196	276.7200012
2197	276.8200073
2198	277.0899963
2199	277.4299927
2200	277.5299988
2201	277.7000122
2202	278.1000061
2203	278.2399902
2204	278.4700012
2205	278.6600037
2206	278.7900085
2207	279
2208	279.1199951
2209	279.2900085
2210	279.3900146
2211	279.6600037
2212	279.9400024
2213	279.980011
2214	280.1199951
2215	280.1900024
2216	280.269989
2217	280.3800049
2218	280.480011
2219	280.480011
2220	280.6900024
2221	280.7900085
2222	280.9200134
2223	281.1300049
2224	281.1900024
2225	281.3800049
2226	281.3800049
2227	281.5700073
2228	281.730011
2229	281.7799988
2230	281.8999939
2231	281.9200134
2232	281.9899902
2233	281.9899902
2234	282.1099854
2235	282.0899963
2236	282.1099854
2237	282.2200012
2238	282.2600098
2239	282.3399963
2240	282.2799988
2241	282.4899902
2242	282.5700073
2243	282.5899963
2244	282.5499878
2245	282.5499878
2246	282.5700073
2247	282.5700073
2248	282.6600037
2249	282.7000122
2250	282.6600037
2251	282.6600037
2252	282.5700073
2253	282.6099854
2254	282.6099854
2255	282.6300049
2256	282.7000122
2257	282.6600037
2258	282.6600037
2259	282.7600098
2260	282.7200012
2261	282.7399902
2262	282.7799988
2263	282.8900146
2264	282.8399963
2265	282.8399963
2266	282.8599854
2267	282.8399963
2268	282.8399963
2269	282.8599854
2270	282.9700012
2271	282.9500122
2272	282.8900146
2273	282.9500122
2274	282.9500122
2275	282.9500122
2276	282.8900146
2277	282.9299927
2278	282.9100037
2279	282.8599854
2280	283.0299988
2281	283.0700073
2282	283.0299988
2283	282.9700012
2284	283.0299988
2285	283.0299988
2286	283.0299988
2287	283.0499878
2288	283.0299988
2289	283.0100098
2290	283.0100098
2291	282.9500122
2292	282.9500122
2293	282.8900146
2294	282.9500122
2295	283.0299988
2296	283.0499878
2297	283.0499878
2298	283.0499878
2299	283.0299988
2300	283.0499878
2301	283.1199951
2302	283.0899963
2303	283.0700073
2304	283.0299988
2305	283.1600037
2306	283.2000122
2307	283.1600037
2308	283.1600037
2309	283.0899963
2310	283.0700073
2311	283.0700073
2312	283.0299988
2313	283.0499878
2314	283.0100098
2315	283.0100098
2316	283.0100098
2317	282.9299927
2318	282.9899902
2319	283.0499878
2320	283.0299988
2321	283.0899963
2322	283.0899963
2323	283.0499878
2324	283.1400146
2325	283.1400146
2326	283.1799927
2327	283.1600037
2328	283.2000122
2329	283.2000122
2330	283.1600037
2331	283.1799927
2332	283.0899963
2333	283.0899963
2334	283.1199951
2335	283.1600037
2336	283.1600037
2337	283.1600037
2338	283.1199951
2339	283.2200012
2340	283.1600037
2341	283.1799927
2342	283.1799927
2343	283.2200012
2344	283.1799927
2345	283.1799927
2346	283.2399902
2347	283.2000122
2348	283.2000122
2349	283.2000122
2350	283.2600098
2351	283.1400146
2352	283.2000122
2353	283.1400146
2354	283.1799927
2355	283.2600098
2356	283.2000122
2357	283.2399902
2358	283.2600098
2359	284.3900146
2360	284.3299866
2361	284.4299927
2362	284.519989
2363	284.519989
2364	284.5599976
2365	284.4500122
2366	284.519989
2367	284.5
2368	284.4700012
2369	284.4700012
2370	284.4700012
2371	284.4100037
2372	284.4100037
2373	284.4100037
2374	284.3699951
2375	284.4299927
2376	284.3500061
2377	284.3500061
2378	284.3099976
2379	284.2000122
2380	284.269989
2381	284.3099976
2382	284.3299866
2383	284.4299927
2384	284.3699951
2385	284.4500122
2386	284.3900146
2387	284.4100037
2388	284.519989
2389	284.5599976
2390	284.5799866
2391	284.6000061
2392	284.6000061
2393	284.6000061
2394	284.5599976
2395	284.519989
2396	284.6000061
2397	284.5799866
2398	284.5599976
2399	284.6199951
2400	284.4700012
2401	284.5799866
2402	284.5799866
2403	284.5
2404	284.6000061
2405	284.5599976
2406	284.6199951
2407	284.6199951
2408	284.6000061
2409	284.6000061
2410	284.5400085
2411	284.5
2412	284.5400085
2413	284.4700012
2414	284.519989
2415	284.5
2416	284.4500122
2417	284.4299927
2418	284.5400085
2419	284.519989
2420	284.5599976
2421	284.4299927
2422	284.519989
2423	284.5400085
2424	284.5400085
2425	284.519989
2426	284.4500122
2427	284.4500122
2428	284.4500122
2429	284.4299927
2430	284.519989
2431	284.4100037
2432	284.4500122
2433	284.3900146
2434	284.3900146
2435	284.3099976
2436	284.3500061
2437	284.3099976
2438	284.3500061
2439	284.2200012
2440	284.269989
2441	284.269989
2442	284.269989
2443	284.3500061
2444	284.3699951
2445	284.4100037
2446	284.4299927
2447	284.519989
2448	284.519989
2449	284.4500122
2450	284.5400085
2451	284.5799866
2452	284.6199951
2453	284.5799866
2454	284.5400085
2455	284.5599976
2456	284.6000061
2457	284.6000061
2458	284.5599976
2459	284.519989
2460	284.519989
2461	284.519989
2462	284.5
2463	284.5
2464	284.4700012
2465	284.4500122
2466	284.3900146
2467	284.519989
2468	284.8099976
2469	284.9299927
2470	285.2099915
2471	285.3099976
2472	285.480011
2473	285.480011
2474	285.5599976
2475	285.75
2476	285.8800049
2477	286.2099915
2478	286.3599854
2479	286.6499939
2480	286.6499939
2481	287.1900024
2482	287.4200134
2483	287.5100098
2484	287.7799988
2485	287.9500122
2486	287.9299927
2487	287.9899902
2488	288.2200012
2489	288.2999878
2490	288.2999878
2491	288.2399902
2492	288.2799988
2493	288.2999878
2494	288.3599854
2495	288.4899902
2496	288.5299988
2497	288.5700073
2498	288.5299988
2499	288.6199951
2500	288.5499878
2501	288.5700073
2502	288.6199951
2503	288.7399902
2504	288.8699951
2505	288.8900146
2506	288.8500061
2507	288.9100037
2508	288.8699951
2509	288.8900146
2510	288.9700012
2511	288.8900146
2512	288.8900146
2513	288.9299927
2514	289.0100098
2515	289.0100098
2516	289.0100098
2517	289.0799866
2518	289.0499878
2519	289.0499878
2520	289.0799866
2521	289.1400146
2522	289.1000061
2523	289.1199951
2524	289.1600037
2525	289.1400146
2526	289.0799866
2527	289.0799866
2528	289.0499878
2529	288.9899902
2530	288.9700012
2531	288.9899902
2532	288.9700012
2533	288.8900146
2534	289.0299988
2535	289.0799866
2536	289.0100098
2537	288.9100037
2538	288.9100037
2539	288.9100037
2540	288.8500061
2541	288.8500061
2542	288.9899902
2543	289.0299988
2544	289.0299988
2545	289.1199951
2546	289.1799927
2547	289.1400146
2548	289.2600098
2549	289.1600037
2550	289.3099976
2551	289.3099976
2552	289.1799927
2553	289.1799927
2554	289.1199951
2555	289.0799866
2556	289.1600037
2557	289.2000122
2558	289.2000122
2559	289.2000122
2560	289.1600037
2561	289.1600037
2562	289.1199951
2563	289.0799866
2564	289.1199951
2565	289.1799927
2566	289.2600098
2567	289.2399902
2568	289.2799988
2569	289.2399902
2570	289.2000122
2571	289.1199951
2572	289.1000061
2573	289.1600037
2574	289.1199951
2575	289.1199951
2576	288.9899902
2577	288.9700012
2578	288.8699951
2579	288.8200073
2580	288.7200012
2581	288.7000122
2582	288.8900146
2583	288.8900146
2584	288.7999878
2585	288.8699951
2586	288.9100037
2587	288.9899902
2588	288.8900146
2589	288.7799988
2590	288.7799988
2591	288.7200012
2592	288.7200012
2593	288.7000122
2594	288.7200012
2595	288.9100037
2596	288.7999878
2597	288.8500061
2598	288.7600098
2599	288.7799988
2600	288.8699951
2601	288.8699951
2602	288.9299927
2603	288.7799988
2604	288.8900146
2605	288.8699951
2606	288.8900146
2607	288.7799988
2608	288.8500061
2609	288.9100037
2610	288.9899902
2611	288.8900146
2612	288.8200073
2613	288.7999878
2614	288.7200012
2615	288.7200012
2616	288.9299927
2617	289.0100098
2618	288.9899902
2619	289.0100098
2620	288.9299927
2621	288.8900146
2622	288.8900146
2623	288.9899902
2624	288.9899902
2625	288.9700012
2626	288.9700012
2627	289.1400146
2628	289.0299988
2629	289.0299988
2630	289.0100098
2631	288.9899902
2632	288.9500122
2633	288.9700012
2634	288.9700012
2635	288.8900146
2636	288.8699951
2637	288.7600098
2638	288.8500061
2639	288.8200073
2640	288.8200073
2641	288.8200073
2642	288.8200073
2643	288.9500122
2644	288.7600098
2645	288.6600037
2646	288.4500122
2647	288.3399963
2648	288.3200073
2649	288.2200012
2650	288.1600037
2651	288.1600037
2652	288.0499878
2653	288.0499878
2654	288.0499878
2655	287.8800049
2656	287.7999878
2657	287.6700134
2658	287.3399963
2659	286.7099915
2660	285.5599976
2661	285.5599976
2662	283.1600037
2663	281.6499939
2664	280.8599854
2665	279.6000061
2666	278.9299927
2667	278.7000122
2668	278.4700012
2669	278.3900146
2670	278.4100037
2671	278.5400085
2672	278.8500061
2673	279.25
2674	279.5
2675	279.730011
2676	280.3999939
2677	280.5400085
2678	280.8999939
2679	281.1900024
2680	281.3399963
2681	281.6499939
2682	281.8200073
2683	281.9899902
2684	282.2000122
2685	282.3200073
2686	282.3200073
2687	282.4899902
2688	282.3599854
2689	282.5299988
2690	282.5100098
2691	282.4700012
2692	282.5100098
2693	282.5100098
2694	282.6099854
2695	282.7000122
2696	282.7600098
2697	282.7799988
2698	282.8599854
2699	282.8200073
2700	282.8200073
2701	282.7999878
2702	282.8900146
2703	282.9500122
2704	282.9500122
2705	283.0100098
2706	283.0100098
2707	283.0299988
2708	283.0899963
2709	283.0899963
2710	283.0499878
2711	283.1600037
2712	283.2000122
2713	283.2600098
2714	283.2399902
2715	283.2600098
2716	283.2799988
2717	283.3200073
2718	283.2999878
2719	283.3200073
2720	283.3699951
2721	283.3200073
2722	283.3699951
2723	283.4299927
2724	283.4100037
2725	283.4100037
2726	283.4700012
2727	283.5100098
2728	283.5499878
2729	283.6600037
2730	283.6400146
2731	283.5499878
2732	283.5499878
2733	283.5299988
2734	283.4899902
2735	283.5299988
2736	283.6000061
2737	283.6400146
2738	283.7399902
2739	283.7200012
2740	283.6799927
2741	283.7000122
2742	283.6400146
2743	283.6199951
2744	283.7000122
2745	283.7200012
2746	283.6600037
2747	283.6799927
2748	283.6199951
2749	283.7000122
2750	283.8099976
2751	283.7799988
2752	283.8099976
2753	283.8099976
2754	283.7200012
2755	283.7799988
2756	283.8500061
2757	283.8699951
2758	283.8500061
2759	283.9299927
2760	283.9299927
2761	283.9899902
2762	283.9899902
2763	283.9500122
2764	283.9500122
2765	284.0100098
2766	284.0100098
2767	284.0100098
2768	284.0400085
2769	284.0100098
2770	283.9899902
2771	283.9899902
2772	284.0599976
2773	284.1400146
2774	284.1000061
2775	284.0799866
2776	284.1199951
2777	284.1000061
2778	284.1199951
2779	284.1400146
2780	284.1000061
2781	284.1199951
2782	284.0400085
2783	284.0599976
2784	284.1199951
2785	284.1400146
2786	284.1600037
2787	284.1400146
2788	284.2000122
2789	284.2900085
2790	284.2900085
2791	284.3500061
2792	284.3299866
2793	284.2000122
2794	284.2200012
2795	284.2000122
2796	284.2000122
2797	284.1799927
2798	284.2399902
2799	284.269989
2800	284.2200012
2801	284.269989
2802	284.269989
2803	284.269989
2804	284.2200012
2805	284.1600037
2806	284.1799927
2807	284.2200012
2808	284.2000122
2809	284.2000122
2810	284.2000122
2811	284.1799927
2812	284.1600037
2813	284.3299866
2814	284.2200012
2815	284.1600037
2816	284.2200012
2817	284.2000122
2818	284.3299866
2819	284.3099976
2820	284.269989
2821	284.1799927
2822	284.1600037
2823	284.1400146
2824	284.1600037
2825	284.2900085
2826	284.269989
2827	284.2399902
2828	284.2000122
2829	284.1799927
2830	284.1400146
2831	284.2000122
2832	284.2000122
2833	284.2000122
2834	284.1799927
2835	284.1799927
2836	284.1400146
2837	284.2000122
2838	284.1799927
2839	284.269989
2840	284.2000122
2841	284.2200012
2842	284.2200012
2843	284.2200012
2844	284.2000122
2845	284.1799927
2846	284.2200012
2847	284.2200012
2848	284.2399902
2849	284.3099976
2850	284.2900085
2851	284.3699951
2852	284.3299866
2853	284.3699951
2854	284.3299866
2855	284.3299866
2856	284.3299866
2857	284.3099976
2858	284.3299866
2859	284.3299866
2860	284.3299866
2861	284.2000122
2862	284.3099976
2863	284.3699951
2864	284.4100037
2865	284.3900146
2866	284.3299866
2867	284.3299866
2868	284.3299866
2869	284.3500061
2870	284.3699951
2871	284.269989
2872	284.3299866
2873	284.3099976
2874	284.3099976
2875	284.3099976
2876	284.3699951
2877	284.3299866
2878	284.2900085
2879	284.2399902
2880	284.3099976
2881	284.3099976
2882	284.3299866
2883	284.2900085
2884	284.1799927
2885	284.3299866
2886	284.269989
2887	284.2900085
2888	284.3299866
2889	284.269989
2890	284.3099976
2891	284.3099976
2892	284.3900146
2893	284.3099976
2894	284.3900146
2895	284.4700012
2896	284.3900146
2897	284.3099976
2898	284.2900085
2899	284.3099976
2900	284.3099976
2901	284.3299866
2902	284.2399902
2903	284.3099976
2904	284.1799927
2905	284.2000122
2906	284.2000122
2907	284.3099976
2908	284.2399902
2909	284.3099976
2910	284.3900146
2911	284.2900085
2912	284.2399902
2913	284.2399902
2914	284.2200012
2915	284.3299866
2916	284.2200012
2917	284.269989
2918	284.3900146
2919	284.3699951
2920	284.2900085
2921	284.3099976
2922	284.2399902
2923	284.1799927
2924	284.2399902
2925	284.2200012
2926	284.1799927
2927	284.2200012
2928	284.1799927
2929	284.269989
2930	284.2399902
2931	284.2200012
2932	284.2399902
2933	284.3099976
2934	284.2399902
2935	284.3099976
2936	284.269989
2937	284.3699951
2938	284.3699951
2939	284.3500061
2940	284.3099976
2941	284.3900146
2942	284.3900146
2943	284.519989
2944	284.4299927
2945	284.4299927
2946	284.3900146
2947	284.3299866
2948	284.4100037
2949	284.4700012
2950	284.6600037
2951	284.8900146
2952	284.8900146
2953	285.1900024
2954	285.3500061
2955	285.4200134
2956	285.6000061
2957	285.5799866
2958	285.6499939
2959	285.6900024
2960	285.8299866
2961	285.8299866
2962	285.9599915
2963	285.9599915
2964	285.9599915
2965	285.9599915
2966	285.9599915
2967	286.0400085
2968	286.0599976
2969	286.0599976
2970	286.1499939
2971	286.0599976
2972	286.1099854
2973	286.1499939
2974	286.1700134
2975	286.1099854
2976	286.1900024
2977	286.1900024
2978	286.25
2979	286.1900024
2980	286.1900024
2981	286.1900024
2982	286.25
2983	286.1700134
2984	286.1700134
2985	286.1900024
2986	286.269989
2987	286.1499939
2988	286.2099915
2989	286.1900024
2990	286.1700134
2991	286.2099915
2992	286.269989
2993	286.2900085
2994	286.3399963
2995	286.3599854
2996	286.2900085
2997	286.3099976
2998	286.269989
2999	286.2900085
3000	286.2900085
3001	286.2900085
3002	286.3099976
3003	286.3099976
3004	286.3399963
3005	286.3399963
3006	286.3399963
3007	286.269989
3008	286.3099976
3009	286.25
3010	286.3099976
3011	286.269989
3012	286.3599854
3013	286.3099976
3014	286.3399963
3015	286.2900085
3016	286.2900085
3017	286.2900085
3018	286.3099976
3019	286.2099915
3020	286.3099976
3021	286.3099976
3022	286.3399963
3023	286.3399963
3024	286.3099976
3025	286.3800049
3026	286.3800049
3027	286.3099976
3028	286.2900085
3029	286.3399963
3030	286.3599854
3031	286.3399963
3032	286.3399963
3033	286.3800049
3034	286.4200134
3035	286.4200134
3036	286.3800049
3037	286.4400024
3038	286.4400024
3039	286.4400024
3040	286.4200134
3041	286.3399963
3042	286.3999939
3043	286.3399963
3044	286.3099976
3045	286.3099976
3046	286.3599854
3047	286.3800049
3048	286.3800049
3049	286.3099976
3050	286.3599854
3051	286.25
3052	286.2900085
3053	286.2900085
3054	286.2900085
3055	286.2900085
3056	286.269989
3057	286.3599854
3058	286.3399963
3059	286.3399963
3060	286.3800049
3061	286.3099976
3062	286.2900085
3063	286.3099976
3064	286.269989
3065	286.3099976
3066	286.2900085
3067	286.25
3068	286.2900085
3069	286.25
3070	286.269989
3071	286.3599854
3072	286.25
3073	286.3599854
3074	286.3399963
3075	286.230011
3076	286.3399963
3077	286.3399963
3078	286.3999939
3079	286.3599854
3080	286.2900085
3081	286.3999939
3082	286.3599854
3083	286.4200134
3084	286.4400024
3085	286.3800049
3086	286.3999939
3087	286.3999939
3088	286.3800049
3089	286.4599915
3090	286.3800049
3091	286.4400024
3092	286.480011
3093	286.3800049
3094	286.3800049
3095	286.3800049
3096	286.3999939
3097	286.3999939
3098	286.4400024
3099	286.4599915
3100	286.3999939
3101	286.480011
3102	286.4599915
3103	286.4400024
3104	286.4400024
3105	286.480011
3106	286.4200134
3107	286.4400024
3108	286.4599915
3109	286.4200134
3110	286.3999939
3111	286.4599915
3112	286.4400024
3113	286.3800049
3114	286.3999939
3115	286.4400024
3116	286.4400024
3117	286.3399963
3118	286.1499939
3119	286.1499939
3120	286.1099854
3121	286.0400085
3122	286.1300049
3123	286.1900024
3124	286.230011
3125	286.3399963
3126	286.3399963
3127	286.3999939
3128	286.25
3129	286.1900024
3130	285.6199951
3131	284.9100037
3132	283.6000061
3133	283.6000061
3134	281.9400024
3135	280.9400024
3136	280.3299866
3137	279.1000061
3138	278.2200012
3139	277.9299927
3140	277.7600098
3141	277.4700012
3142	277.4100037
3143	277.3900146
3144	277.5899963
3145	277.7999878
3146	278.0299988
3147	278.2000122
3148	278.3500061
3149	278.5599976
3150	278.8299866
3151	279.1400146
3152	279.230011
3153	279.519989
3154	279.75
3155	280.019989
3156	280.1499939
3157	280.3099976
3158	280.3099976
3159	280.4599915
3160	280.6900024
3161	280.6700134
3162	280.8999939
3163	280.980011
3164	281.0700073
3165	281.0700073
3166	281.269989
3167	281.3999939
3168	281.4400024
3169	281.5700073
3170	281.6300049
3171	281.5899963
3172	281.6499939
3173	281.7600098
3174	281.7999878
3175	281.8999939
3176	281.9200134
3177	282.0299988
3178	282.0700073
3179	282.0899963
3180	282.2200012
3181	282.2000122
3182	282.2999878
3183	282.3800049
3184	282.2999878
3185	282.4299927
3186	282.4299927
3187	282.5299988
3188	282.5299988
3189	282.5499878
3190	282.5499878
3191	282.5499878
3192	282.5700073
3193	282.6300049
3194	282.5700073
3195	282.5700073
3196	282.6799927
3197	282.6799927
3198	282.7000122
3199	282.7000122
3200	282.7200012
3201	282.7000122
3202	282.7399902
3203	282.7000122
3204	282.7000122
3205	282.7799988
3206	282.7399902
3207	282.8200073
3208	282.7999878
3209	282.7999878
3210	282.7999878
3211	282.7999878
3212	282.7799988
3213	282.7999878
3214	282.8399963
3215	282.8200073
3216	282.8399963
3217	282.9299927
3218	282.9299927
3219	282.8599854
3220	282.9700012
3221	282.8599854
3222	282.8900146
3223	282.9100037
3224	282.8599854
3225	282.9299927
3226	282.9700012
3227	282.9299927
3228	283.0299988
3229	283.0299988
3230	283.0100098
3231	283.0700073
3232	283.0899963
3233	283.0700073
3234	283.1199951
3235	283.0100098
3236	283.0100098
3237	283.0100098
3238	283.0899963
3239	283.0100098
3240	283.0499878
3241	283.0899963
3242	283.0700073
3243	283.0499878
3244	283.0899963
3245	283.0499878
3246	283.1600037
3247	283.1199951
3248	283.2200012
3249	283.2000122
3250	283.2399902
3251	283.2200012
3252	283.1799927
3253	283.1799927
3254	283.1400146
3255	283.1199951
3256	283.1799927
3257	283.1199951
3258	283.1600037
3259	283.2799988
3260	283.2000122
3261	283.2000122
3262	283.2000122
3263	283.1799927
3264	283.2399902
3265	283.2200012
3266	283.2799988
3267	283.2799988
3268	283.2799988
3269	283.3900146
3270	283.4100037
3271	283.3699951
3272	283.2999878
3273	283.2999878
3274	283.3699951
3275	283.3699951
3276	283.3500061
3277	283.3900146
3278	283.3699951
3279	283.4100037
3280	283.4100037
3281	283.4100037
3282	283.3699951
3283	283.3500061
3284	283.3500061
3285	283.2999878
3286	283.2999878
3287	283.3500061
3288	283.3200073
3289	283.2799988
3290	283.3699951
3291	283.2799988
3292	283.2600098
3293	283.2399902
3294	283.2799988
3295	283.3500061
3296	283.2999878
3297	283.3200073
3298	283.3500061
3299	283.3500061
3300	283.3500061
3301	283.3200073
3302	283.3699951
3303	283.3900146
3304	283.2999878
3305	283.2999878
3306	283.4100037
3307	283.4100037
3308	283.3900146
3309	283.4700012
3310	283.4500122
3311	283.4100037
3312	283.5299988
3313	283.4700012
3314	283.4500122
3315	283.4500122
3316	283.4700012
3317	283.4299927
3318	283.3500061
3319	283.3699951
3320	283.3900146
3321	283.3900146
3322	283.3200073
3323	283.4700012
3324	283.4500122
3325	283.4700012
3326	283.4500122
3327	283.3900146
3328	283.4700012
3329	283.3699951
3330	283.3200073
3331	283.4500122
3332	283.4299927
3333	283.3200073
3334	283.4700012
3335	283.3500061
3336	283.3500061
3337	283.4299927
3338	283.4100037
3339	283.4100037
3340	283.4700012
3341	283.5299988
3342	283.6000061
3343	283.6799927
3344	283.6600037
3345	283.6400146
3346	283.6400146
3347	283.5799866
3348	283.5799866
3349	283.6199951
3350	283.5299988
3351	283.5499878
3352	283.6000061
3353	283.5299988
3354	283.5100098
3355	283.5100098
3356	283.4899902
3357	283.5100098
3358	283.5100098
3359	283.5499878
3360	283.6199951
3361	283.4700012
3362	283.5499878
3363	283.5100098
3364	283.4100037
3365	283.4899902
3366	283.5499878
3367	283.5499878
3368	283.4899902
3369	283.5100098
3370	283.5799866
3371	283.5799866
3372	283.6000061
3373	283.5499878
3374	283.6000061
3375	283.5499878
3376	283.6000061
3377	283.5100098
3378	283.5100098
3379	283.5299988
3380	283.5499878
3381	283.5499878
3382	283.6000061
3383	283.6000061
3384	283.6400146
3385	283.6400146
3386	283.5499878
3387	283.6400146
3388	283.6799927
3389	283.6199951
3390	283.6400146
3391	283.6600037
3392	283.7000122
3393	283.6400146
3394	283.6600037
3395	283.7000122
3396	283.7000122
3397	283.6600037
3398	283.6600037
3399	283.6199951
3400	283.6400146
3401	283.7399902
3402	283.7000122
3403	283.7399902
3404	283.7399902
3405	283.7000122
3406	283.6600037
3407	283.7000122
3408	283.6600037
3409	283.7200012
3410	283.7200012
3411	283.7200012
3412	283.7200012
3413	283.6400146
3414	283.7399902
3415	283.8299866
3416	283.9100037
3417	283.9100037
3418	283.7200012
3419	283.8699951
3420	283.8900146
3421	284.0400085
3422	284.1799927
3423	284.3900146
3424	284.5400085
3425	284.8500061
3426	284.980011
3427	285.1000061
3428	285.2099915
3429	285.3500061
3430	285.4200134
3431	285.519989
3432	285.6000061
3433	285.6700134
3434	285.7099915
3435	285.7099915
3436	285.7900085
3437	285.8099976
3438	285.8500061
3439	285.9599915
3440	285.9599915
3441	285.980011
3442	285.980011
3443	286
3444	285.980011
3445	286.1099854
3446	286.1099854
3447	286.0799866
3448	286.1300049
3449	286.1300049
3450	286.1700134
3451	286.1900024
3452	286.1499939
3453	286.1700134
3454	286.25
3455	286.230011
3456	286.230011
3457	286.1900024
3458	286.1499939
3459	286.2099915
3460	286.1700134
3461	286.1900024
3462	286.25
3463	286.25
3464	286.2099915
3465	286.1900024
3466	286.1900024
3467	286.269989
3468	286.269989
3469	286.2900085
3470	286.230011
3471	286.25
3472	286.3399963
3473	286.3399963
3474	286.25
3475	286.2099915
3476	286.25
3477	286.2900085
3478	286.25
3479	286.3399963
3480	286.3099976
3481	286.3099976
3482	286.2900085
3483	286.3399963
3484	286.3099976
3485	286.3599854
3486	286.3800049
3487	286.3399963
3488	286.3399963
3489	286.3399963
3490	286.3099976
3491	286.3800049
3492	286.3399963
3493	286.3599854
3494	286.3800049
3495	286.3099976
3496	286.3999939
3497	286.3399963
3498	286.4599915
3499	286.3999939
3500	286.4400024
3501	286.3599854
3502	286.3999939
3503	286.480011
3504	286.4200134
3505	286.3599854
3506	286.3599854
3507	286.4200134
3508	286.3800049
3509	286.3099976
3510	286.3599854
3511	286.3999939
3512	286.3399963
3513	286.3399963
3514	286.3099976
3515	286.3399963
3516	286.3099976
3517	286.3099976
3518	286.3599854
3519	286.3800049
3520	286.3800049
3521	286.5
3522	286.4599915
3523	286.480011
3524	286.480011
3525	286.4200134
3526	286.4200134
3527	286.4200134
3528	286.4599915
3529	286.480011
3530	286.3800049
3531	286.4400024
3532	286.5
3533	286.3999939
3534	286.5
3535	286.4200134
3536	286.3999939
3537	286.4400024
3538	286.4200134
3539	286.480011
3540	286.5
3541	286.3399963
3542	286.4599915
3543	286.4400024
3544	286.4599915
3545	286.5
3546	286.4400024
3547	286.4599915
3548	286.4599915
3549	286.3800049
3550	286.4200134
3551	286.3800049
3552	286.3800049
3553	286.4599915
3554	286.4400024
3555	286.4400024
3556	286.480011
3557	286.4599915
3558	286.480011
3559	286.480011
3560	286.5
3561	286.5
3562	286.519989
3563	286.4400024
3564	286.5
3565	286.5
3566	286.5
3567	286.4400024
3568	286.5400085
3569	286.480011
3570	286.5
3571	286.4599915
3572	286.480011
3573	286.4200134
3574	286.480011
3575	286.519989
3576	286.519989
3577	286.519989
3578	286.5400085
3579	286.519989
3580	286.5899963
3581	286.519989
3582	286.4400024
3583	286.3999939
3584	286.4599915
3585	286.5400085
3586	286.5400085
3587	286.5
3588	286.480011
3589	286.4400024
3590	286.4200134
3591	286.4200134
3592	286.3099976
3593	286.269989
3594	286.3599854
3595	286.3599854
3596	286.3800049
3597	286.4400024
3598	286.4400024
3599	286.5
3600	286.3999939
3601	286.3099976
3602	285.9400024
3603	285.1000061
3604	284.5400085
3605	284.0100098
3606	282.0700073
3607	281.3200073
3608	279.9200134
3609	278.7900085
3610	278.1000061
3611	277.9700012
3612	277.8200073
3613	277.9700012
3614	277.9500122
3615	278.1199951
3616	278.3699951
3617	278.4899902
3618	278.769989
3619	278.9100037
3620	279.269989
3621	279.6600037
3622	279.8699951
3623	279.8699951
3624	280.1000061
3625	280.3500061
3626	280.4400024
3627	280.7099915
3628	280.8999939
3629	280.9400024
3630	280.9400024
3631	281.25
3632	281.4599915
3633	281.5299988
3634	281.5
3635	281.6300049
3636	281.6700134
3637	281.6700134
3638	281.8399963
3639	281.8599854
3640	281.9200134
3641	282.1499939
3642	282.2200012
3643	282.2399902
3644	282.2799988
3645	282.3999939
3646	282.3800049
3647	282.3399963
3648	282.3399963
3649	282.3399963
3650	282.3800049
3651	282.4500122
3652	282.4299927
3653	282.4299927
3654	282.4899902
3655	282.5899963
3656	282.5899963
3657	282.6799927
3658	282.7399902
3659	282.7600098
3660	282.8399963
3661	282.8900146
3662	282.8900146
3663	282.9299927
3664	283.0299988
3665	282.9899902
3666	283.0100098
3667	282.9899902
3668	283.0299988
3669	283.0299988
3670	283.1199951
3671	283.1600037
3672	283.0899963
3673	283.0700073
3674	283.0700073
3675	283.0100098
3676	283.0700073
3677	282.9700012
3678	282.9899902
3679	283.1400146
3680	283.0499878
3681	283.0299988
3682	283.0100098
3683	283.0499878
3684	283.0899963
3685	283.1400146
3686	283.2200012
3687	283.2799988
3688	283.2799988
3689	283.3200073
3690	283.2600098
3691	283.1400146
3692	283.1199951
3693	283.0700073
3694	283.0700073
3695	283.0700073
3696	283.1199951
3697	283.0499878
3698	283.0499878
3699	283.0499878
3700	283.0299988
3701	283.0299988
3702	283.0499878
3703	283.1199951
3704	283.1199951
3705	283.2600098
3706	283.2600098
3707	283.2600098
3708	283.2600098
3709	283.3200073
3710	283.3900146
3711	283.3500061
3712	283.2799988
3713	283.1600037
3714	283.2000122
3715	283.2399902
3716	283.2000122
3717	283.2200012
3718	283.1600037
3719	283.1600037
3720	283.1799927
3721	283.0899963
3722	283.0499878
3723	283.1400146
3724	283.1199951
3725	283.1400146
3726	283.1199951
3727	283.1400146
3728	283.0899963
3729	283.0899963
3730	283.2200012
3731	283.2399902
3732	283.2200012
3733	283.2200012
3734	283.2600098
3735	283.2799988
3736	283.2999878
3737	283.2000122
3738	283.2000122
3739	283.2399902
3740	283.2399902
3741	283.1600037
3742	283.2000122
3743	283.2000122
3744	283.1600037
3745	283.2799988
3746	283.3200073
3747	283.2799988
3748	283.1600037
3749	283.1799927
3750	283.2000122
3751	283.2000122
3752	283.2200012
3753	283.2799988
3754	283.2600098
3755	283.2200012
3756	283.2399902
3757	283.2799988
3758	283.2799988
3759	283.2399902
3760	283.2399902
3761	283.3200073
3762	283.2999878
3763	283.2200012
3764	283.2000122
3765	283.2399902
3766	283.2000122
3767	283.2999878
3768	283.3900146
3769	283.4899902
3770	283.4500122
3771	283.3900146
3772	283.3900146
3773	283.2999878
3774	283.2799988
3775	283.2799988
3776	283.4299927
3777	283.4700012
3778	283.5799866
3779	283.5799866
3780	283.4899902
3781	283.4700012
3782	283.4299927
3783	283.3900146
3784	283.4500122
3785	283.3200073
3786	283.4100037
3787	283.3900146
3788	283.4100037
3789	283.2999878
3790	283.3699951
3791	283.4100037
3792	283.4500122
3793	283.4299927
3794	283.4299927
3795	283.3500061
3796	283.3900146
3797	283.3500061
3798	283.3900146
3799	283.3200073
3800	283.3200073
3801	283.2999878
3802	283.3500061
3803	283.4299927
3804	283.4299927
3805	283.4299927
3806	283.4899902
3807	283.5299988
3808	283.5299988
3809	283.5100098
3810	283.4500122
3811	283.4500122
3812	283.4500122
3813	283.5100098
3814	283.5299988
3815	283.4899902
3816	283.5299988
3817	283.4299927
3818	283.4299927
3819	283.5799866
3820	283.5499878
3821	283.5499878
3822	283.5499878
3823	283.5100098
3824	283.4500122
3825	283.4299927
3826	283.4100037
3827	283.4500122
3828	283.4500122
3829	283.4299927
3830	283.4899902
3831	283.4299927
3832	283.5100098
3833	283.5100098
3834	283.5299988
3835	283.4700012
3836	283.4500122
3837	283.4899902
3838	283.4899902
3839	283.4700012
3840	283.4700012
3841	283.4700012
3842	283.4700012
3843	283.4700012
3844	283.4899902
3845	283.5499878
3846	283.5499878
3847	283.4700012
3848	283.3900146
3849	283.3900146
3850	283.3900146
3851	283.4299927
3852	283.4100037
3853	283.4299927
3854	283.4500122
3855	283.4500122
3856	283.4899902
3857	283.3900146
3858	283.4100037
3859	283.4500122
3860	283.5100098
3861	283.6199951
3862	283.5499878
3863	283.4700012
3864	283.4299927
3865	283.5299988
3866	283.5499878
3867	283.6400146
3868	283.6000061
3869	283.5799866
3870	283.6199951
3871	283.6400146
3872	283.5499878
3873	283.6000061
3874	283.5499878
3875	283.5499878
3876	283.6000061
3877	283.6199951
3878	283.6199951
3879	283.5100098
3880	283.5799866
3881	283.5299988
3882	283.5299988
3883	283.6000061
3884	283.6000061
3885	283.6000061
3886	283.5499878
3887	283.6199951
3888	283.6799927
3889	283.6799927
3890	283.8299866
3891	283.7399902
3892	283.7600098
3893	283.7600098
3894	283.8500061
3895	283.8699951
3896	284.0799866
3897	284.3900146
3898	284.5400085
3899	284.8299866
3900	284.9599915
3901	285.0400085
3902	285.1199951
3903	285.1400146
3904	285.269989
3905	285.3099976
3906	285.4400024
3907	285.5799866
3908	285.5400085
3909	285.5799866
3910	285.6000061
3911	285.6700134
3912	285.6900024
3913	285.7900085
3914	285.7900085
3915	285.7900085
3916	285.730011
3917	285.7900085
3918	285.7900085
3919	285.8999939
3920	285.8800049
3921	285.8800049
3922	285.8099976
3923	285.9200134
3924	285.8099976
3925	285.8299866
3926	285.9400024
3927	286.019989
3928	286
3929	286.019989
3930	285.980011
3931	286
3932	286.019989
3933	286.019989
3934	285.9599915
3935	285.9599915
3936	285.9599915
3937	286.019989
3938	286.019989
3939	286.0599976
3940	286.0799866
3941	286.019989
3942	286.0599976
3943	286.1300049
3944	286.1300049
3945	286.1499939
3946	286.1499939
3947	286.1099854
3948	286.1499939
3949	286.1300049
3950	286.25
3951	286.1700134
3952	286.1300049
3953	286.1300049
3954	286.1099854
3955	286.1099854
3956	286.1099854
3957	286.1300049
3958	286.1700134
3959	286.1499939
3960	286.1499939
3961	286.230011
3962	286.1499939
3963	286.1499939
3964	286.1700134
3965	286.1700134
3966	286.269989
3967	286.2099915
3968	286.230011
3969	286.1700134
3970	286.25
3971	286.1300049
3972	286.1499939
3973	286.2099915
3974	286.2099915
3975	286.3099976
3976	286.269989
3977	286.25
3978	286.230011
3979	286.2900085
3980	286.230011
3981	286.2099915
3982	286.269989
3983	286.230011
3984	286.25
3985	286.25
3986	286.25
3987	286.2099915
3988	286.3099976
3989	286.3399963
3990	286.269989
3991	286.25
3992	286.25
3993	286.230011
3994	286.1499939
3995	286.1900024
3996	286.1700134
3997	286.3099976
3998	286.269989
3999	286.25
4000	286.1700134
4001	286.1900024
4002	286.25
4003	286.2900085
4004	286.230011
4005	286.2900085
4006	286.230011
4007	286.25
4008	286.3399963
4009	286.25
4010	286.230011
4011	286.25
4012	286.230011
4013	286.269989
4014	286.25
4015	286.2099915
4016	286.25
4017	286.230011
4018	286.25
4019	286.3800049
4020	286.3099976
4021	286.3099976
4022	286.3099976
4023	286.269989
4024	286.269989
4025	286.230011
4026	286.2099915
4027	286.2099915
4028	286.2099915
4029	286.2900085
4030	286.230011
4031	286.230011
4032	286.269989
4033	286.25
4034	286.1700134
4035	286.2099915
4036	286.1700134
4037	286.1900024
4038	286.0400085
4039	286.1099854
4040	286.0799866
4041	286.1499939
4042	286.1700134
4043	286.1900024
4044	286.1300049
4045	286.2099915
4046	286.230011
4047	286.2099915
4048	286.230011
4049	286.1700134
4050	286.0799866
4051	286.0799866
4052	286.1700134
4053	286.2099915
4054	286.0799866
4055	286.1099854
4056	286.1099854
4057	286.0799866
4058	286.0400085
4059	286.0599976
4060	286.1499939
4061	286.1099854
4062	286.1099854
4063	286.1099854
4064	286.019989
4065	285.8500061
4066	285.8999939
4067	285.8299866
4068	285.9599915
4069	285.9400024
4070	285.9400024
4071	286
4072	286.019989
4073	286.0400085
4074	285.9400024
4075	285.6900024
4076	285.5400085
4077	285.230011
4078	283.4100037
4079	282.6799927
4080	281.1700134
4081	279.7099915
4082	279.0799866
4083	278.1199951
4084	277.7600098
4085	277.2799988
4086	277.2200012
4087	277.2200012
4088	277.3200073
4089	277.5100098
4090	277.7799988
4091	277.9899902
4092	278.1600037
4093	278.3500061
4094	278.6000061
4095	278.6000061
4096	279.0599976
4097	279.3699951
4098	279.4599915
4099	279.6900024
4100	279.8699951
4101	280
4102	280
4103	280.230011
4104	280.3800049
4105	280.480011
4106	280.6900024
4107	280.8599854
4108	280.8800049
4109	280.8999939
4110	281.1300049
4111	281.1700134
4112	281.3200073
4113	281.3599854
4114	281.4599915
4115	281.5499878
4116	281.6499939
4117	281.7799988
4118	281.8399963
4119	281.8399963
4120	282.0299988
4121	282.0700073
4122	282.1099854
4123	282.1499939
4124	282.2000122
4125	282.2399902
4126	282.2799988
4127	282.2799988
4128	282.2799988
4129	282.3599854
4130	282.3999939
4131	282.5100098
4132	282.5100098
4133	282.5499878
4134	282.5499878
4135	282.5899963
4136	282.7000122
4137	282.7000122
4138	282.7799988
4139	282.7600098
4140	282.8599854
4141	282.8599854
4142	282.8399963
4143	282.8599854
4144	282.8599854
4145	282.8399963
4146	282.9299927
4147	282.8599854
4148	282.9100037
4149	282.8399963
4150	282.8399963
4151	282.8900146
4152	282.9700012
4153	283.0499878
4154	282.9299927
4155	282.9700012
4156	282.9899902
4157	283.0100098
4158	283.0499878
4159	283.0499878
4160	283.1600037
4161	283.1199951
4162	283.0700073
4163	283.0700073
4164	283.1400146
4165	283.1400146
4166	283.1400146
4167	283.1600037
4168	283.2000122
4169	283.1400146
4170	283.0899963
4171	283.1199951
4172	283.1799927
4173	283.1799927
4174	283.2399902
4175	283.3200073
4176	283.4299927
4177	283.3699951
4178	283.3900146
4179	283.3900146
4180	283.3900146
4181	283.4100037
4182	283.4299927
4183	283.3500061
4184	283.2999878
4185	283.2999878
4186	283.3500061
4187	283.3500061
4188	283.2600098
4189	283.3900146
4190	283.2799988
4191	283.3900146
4192	283.3900146
4193	283.4899902
4194	283.5100098
4195	283.4500122
4196	283.4500122
4197	283.4100037
4198	283.4100037
4199	283.3900146
4200	283.3900146
4201	283.3699951
4202	283.3900146
4203	283.4100037
4204	283.3900146
4205	283.3900146
4206	283.4899902
4207	283.6000061
4208	283.5799866
4209	283.5299988
4210	283.5499878
4211	283.5799866
4212	283.5799866
4213	283.5299988
4214	283.6199951
4215	283.6199951
4216	283.7200012
4217	283.7000122
4218	283.6799927
4219	283.6600037
4220	283.6600037
4221	283.6000061
4222	283.7600098
4223	283.8500061
4224	283.8299866
4225	283.7600098
4226	283.7799988
4227	283.7000122
4228	283.7600098
4229	283.8299866
4230	283.8099976
4231	283.8099976
4232	283.8299866
4233	283.8099976
4234	283.8299866
4235	283.8099976
4236	283.8299866
4237	283.8299866
4238	283.8699951
4239	283.9100037
4240	283.8900146
4241	283.8699951
4242	283.8099976
4243	283.7799988
4244	283.7799988
4245	283.7799988
4246	283.8500061
4247	283.8500061
4248	283.8900146
4249	283.8900146
4250	283.8500061
4251	283.8900146
4252	283.8699951
4253	283.8500061
4254	283.7600098
4255	283.7200012
4256	283.8099976
4257	283.7600098
4258	283.7600098
4259	283.7799988
4260	283.7399902
4261	283.8500061
4262	283.7200012
4263	283.7600098
4264	283.7000122
4265	283.7200012
4266	283.7200012
4267	283.7600098
4268	283.7000122
4269	283.8099976
4270	283.7600098
4271	283.7399902
4272	283.7799988
4273	283.6799927
4274	283.7200012
4275	283.7399902
4276	283.7399902
4277	283.7200012
4278	283.7399902
4279	283.7000122
4280	283.7000122
4281	283.7000122
4282	283.7000122
4283	283.7000122
4284	283.7200012
4285	283.7200012
4286	283.7200012
4287	283.7399902
4288	283.7600098
4289	283.7399902
4290	283.7799988
4291	283.7399902
4292	283.5799866
4293	282.8900146
4294	282.7600098
4295	282.9299927
4296	283.1199951
4297	283.2000122
4298	283.5499878
4299	283.6400146
4300	283.6400146
4301	283.6000061
4302	283.6400146
4303	283.5799866
4304	283.6400146
4305	283.7000122
4306	283.6400146
4307	283.6400146
4308	283.6400146
4309	283.5100098
4310	283.5100098
4311	283.4899902
4312	283.4899902
4313	283.5499878
4314	283.6400146
4315	283.6400146
4316	283.5100098
4317	283.4700012
4318	283.4299927
4319	283.3699951
4320	283.2600098
4321	283.3200073
4322	283.3200073
4323	283.3699951
4324	283.4500122
4325	283.4500122
4326	283.4700012
4327	283.5799866
4328	283.5299988
4329	283.5100098
4330	283.5499878
4331	283.5100098
4332	283.5100098
4333	283.5100098
4334	283.5799866
4335	283.6199951
4336	283.6000061
4337	283.6199951
4338	283.5299988
4339	283.4899902
4340	283.5299988
4341	283.5100098
4342	283.5299988
4343	283.5799866
4344	283.6199951
4345	283.7600098
4346	283.6799927
4347	283.6799927
4348	283.4899902
4349	283.5499878
4350	283.6600037
4351	283.5299988
4352	283.5299988
4353	283.5799866
4354	283.5799866
4355	283.6000061
4356	283.6000061
4357	283.6400146
4358	283.6400146
4359	283.7000122
4360	283.6600037
4361	283.6600037
4362	283.7799988
4363	283.7799988
4364	283.6199951
4365	283.6000061
4366	283.6400146
4367	283.6400146
4368	283.6799927
4369	283.9299927
4370	284.0799866
4371	284.2000122
4372	284.3900146
4373	284.519989
4374	284.6000061
4375	284.6600037
4376	284.6600037
4377	284.730011
4378	284.8099976
4379	284.8099976
4380	284.9599915
4381	284.980011
4382	285.0400085
4383	285.1000061
4384	285.0400085
4385	285.1000061
4386	285.1000061
4387	285.1400146
4388	285.230011
4389	285.1900024
4390	285.25
4391	285.269989
4392	285.269989
4393	285.269989
4394	285.3099976
4395	285.2900085
4396	285.3500061
4397	285.3299866
4398	285.3699951
4399	285.3299866
4400	285.3699951
4401	285.3500061
4402	285.3500061
4403	285.3699951
4404	285.4200134
4405	285.3500061
4406	285.3699951
4407	285.3699951
4408	285.3699951
4409	285.4200134
4410	285.3299866
4411	285.3299866
4412	285.3299866
4413	285.3500061
4414	285.3900146
4415	285.3699951
4416	285.3299866
4417	285.3299866
4418	285.3299866
4419	285.3099976
4420	285.3699951
4421	285.3299866
4422	285.3299866
4423	285.3099976
4424	285.2900085
4425	285.2900085
4426	285.2900085
4427	285.2900085
4428	285.269989
4429	285.269989
4430	285.2900085
4431	285.230011
4432	285.3099976
4433	285.3299866
4434	285.25
4435	285.2900085
4436	285.25
4437	285.2900085
4438	285.230011
4439	285.269989
4440	285.3299866
4441	285.230011
4442	285.2900085
4443	285.269989
4444	285.230011
4445	285.2099915
4446	285.1900024
4447	285.0799866
4448	285.1199951
4449	285.1900024
4450	285.1900024
4451	285.25
4452	285.269989
4453	285.230011
4454	285.269989
4455	285.1400146
4456	285.1900024
4457	285.1900024
4458	285.230011
4459	285.2099915
4460	285.1600037
4461	285.269989
4462	285.1400146
4463	285.230011
4464	285.230011
4465	285.1900024
4466	285.230011
4467	285.230011
4468	285.3299866
4469	285.1900024
4470	285.230011
4471	285.1900024
4472	285.1600037
4473	285.1900024
4474	285.1900024
4475	285.1900024
4476	285.1400146
4477	285.1199951
4478	285.1400146
4479	285.1000061
4480	285.1600037
4481	285.1400146
4482	285.1600037
4483	285.0799866
4484	285.1400146
4485	285.1199951
4486	285.1199951
4487	285.1900024
4488	285.1600037
4489	285.1600037
4490	285.1600037
4491	285.1900024
4492	285.1900024
4493	285.1600037
4494	285.1400146
4495	285.2099915
4496	285.2099915
4497	285.1900024
4498	285.1900024
4499	285.1400146
4500	285.1400146
4501	285.1600037
4502	285.1900024
4503	285.1900024
4504	285.1600037
4505	285.230011
4506	285.1600037
4507	285.1900024
4508	285.1000061
4509	285.1600037
4510	285.1199951
4511	285.0599976
4512	285.0599976
4513	285.1000061
4514	285.1000061
4515	285.0599976
4516	285.1199951
4517	285.1400146
4518	285.1199951
4519	285.1600037
4520	285.1400146
4521	285.1600037
4522	285.1000061
4523	285.0599976
4524	285.0799866
4525	285.1400146
4526	285.1900024
4527	285.0799866
4528	285.0799866
4529	285.1600037
4530	285.1000061
4531	285.1000061
4532	285.1600037
4533	285.1600037
4534	285.1400146
4535	285.1400146
4536	285.1900024
4537	285.0400085
4538	285.019989
4539	284.9599915
4540	285
4541	284.980011
4542	285.0599976
4543	285.1400146
4544	285.1000061
4545	285.1600037
4546	285.1400146
4547	285.1199951
4548	285.0799866
4549	284.9100037
4550	284.2000122
4551	283.7799988
4552	282.4299927
4553	280.75
4554	279.9599915
4555	278.6600037
4556	278.1199951
4557	277.2600098
4558	276.6300049
4559	276.3800049
4560	276.3800049
4561	276.5700073
4562	276.8800049
4563	276.9899902
4564	277.2200012
4565	277.4899902
4566	277.9500122
4567	277.9500122
4568	278.3900146
4569	278.6400146
4570	278.7000122
4571	279.0599976
4572	279.230011
4573	279.3500061
4574	279.3500061
4575	279.6199951
4576	279.8500061
4577	279.8900146
4578	280.0599976
4579	280.1499939
4580	280.1499939
4581	280.230011
4582	280.4400024
4583	280.480011
4584	280.5
4585	280.5
4586	280.519989
4587	280.5599976
4588	280.5799866
4589	280.75
4590	280.8099976
4591	280.9200134
4592	280.8999939
4593	280.8999939
4594	280.9400024
4595	280.9200134
4596	280.9599915
4597	280.9599915
4598	280.8999939
4599	280.8999939
4600	280.980011
4601	281.0400085
4602	281.019989
4603	281.1499939
4604	281.230011
4605	281.25
4606	281.25
4607	281.3599854
4608	281.5499878
4609	281.5700073
4610	281.5299988
4611	281.5299988
4612	281.5299988
4613	281.4599915
4614	281.480011
4615	281.4200134
4616	281.5
4617	281.5499878
4618	281.6300049
4619	281.6099854
4620	281.6300049
4621	281.6300049
4622	281.6300049
4623	281.6099854
4624	281.6900024
4625	281.6900024
4626	281.730011
4627	281.6900024
4628	281.730011
4629	281.7099915
4630	281.7099915
4631	281.7099915
4632	281.7099915
4633	281.7999878
4634	281.7099915
4635	281.730011
4636	281.6700134
4637	281.7099915
4638	281.7099915
4639	281.8200073
4640	281.7799988
4641	281.8999939
4642	281.9200134
4643	281.9899902
4644	282.1300049
4645	282.1300049
4646	282.1700134
4647	282.1099854
4648	282.0899963
4649	282.1700134
4650	282.0499878
4651	282.1300049
4652	282.0499878
4653	281.9599915
4654	281.9400024
4655	282.0700073
4656	282.0499878
4657	281.9899902
4658	282.0299988
4659	281.8800049
4660	282.0100098
4661	282.0499878
4662	281.9899902
4663	282.0299988
4664	282.0299988
4665	282.0299988
4666	282.0299988
4667	282.1300049
4668	282.0899963
4669	282.0299988
4670	282.0299988
4671	282.0299988
4672	282.0899963
4673	282.0299988
4674	282.0899963
4675	282.0499878
4676	282.0499878
4677	282.0499878
4678	282.0299988
4679	281.9899902
4680	282.0299988
4681	282.0299988
4682	281.9899902
4683	281.9899902
4684	282.0100098
4685	282.0299988
4686	282.0299988
4687	282.0700073
4688	282.0899963
4689	282.0899963
4690	282.1099854
4691	282.0299988
4692	282.0499878
4693	282.0700073
4694	282.0499878
4695	282.0499878
4696	282.1099854
4697	282.0899963
4698	282.0700073
4699	282.0899963
4700	282.0299988
4701	282.0899963
4702	282.0899963
4703	282.0700073
4704	282.1099854
4705	282.1499939
4706	282.1700134
4707	282.0899963
4708	282.1099854
4709	282.1099854
4710	282.0899963
4711	282.1300049
4712	282.0700073
4713	282.0100098
4714	282.0299988
4715	282.0700073
4716	282.0700073
4717	282.0899963
4718	282.1099854
4719	282.1300049
4720	282.2200012
4721	282.2399902
4722	282.2000122
4723	282.2000122
4724	282.0299988
4725	282.1099854
4726	282.0899963
4727	282.1099854
4728	282.1099854
4729	282.0899963
4730	282.1300049
4731	282.2200012
4732	282.2399902
4733	282.2200012
4734	282.1700134
4735	282.2200012
4736	282.2200012
4737	282.2999878
4738	282.2000122
4739	282.2799988
4740	282.2600098
4741	282.2600098
4742	282.2200012
4743	282.2200012
4744	282.2399902
4745	282.1700134
4746	282.0499878
4747	282.1700134
4748	282.1700134
4749	282.2000122
4750	282.1499939
4751	282.2000122
4752	282.2000122
4753	282.1700134
4754	282.1499939
4755	282.2399902
4756	282.1700134
4757	282.2000122
4758	282.2600098
4759	282.1700134
4760	282.2999878
4761	282.2600098
4762	282.3200073
4763	282.2600098
4764	282.3599854
4765	282.2600098
4766	282.2999878
4767	282.2999878
4768	282.2999878
4769	282.2799988
4770	282.3800049
4771	282.3800049
4772	282.3399963
4773	282.3399963
4774	282.1700134
4775	282.2799988
4776	282.1499939
4777	282.2200012
4778	282.2200012
4779	282.2200012
4780	282.2200012
4781	282.2799988
4782	282.2200012
4783	282.2399902
4784	282.2600098
4785	282.3399963
4786	282.3399963
4787	282.3399963
4788	282.2999878
4789	282.3200073
4790	282.3399963
4791	282.3999939
4792	282.4299927
4793	282.4700012
4794	282.4299927
4795	282.4899902
4796	282.5100098
4797	282.3800049
4798	282.4500122
4799	282.3999939
4800	282.4899902
4801	282.5299988
4802	282.4500122
4803	282.4500122
4804	282.4700012
4805	282.4299927
4806	282.4500122
4807	282.3599854
4808	282.4299927
4809	282.3800049
4810	282.4500122
4811	282.4500122
4812	282.4500122
4813	282.3999939
4814	282.2600098
4815	282.2999878
4816	282.2799988
4817	282.2799988
4818	282.2799988
4819	282.2799988
4820	282.3399963
4821	282.3200073
4822	282.3800049
4823	282.3800049
4824	282.3999939
4825	282.3800049
4826	282.4500122
4827	282.4500122
4828	282.3999939
4829	282.4299927
4830	282.3599854
4831	282.4299927
4832	282.3800049
4833	282.3200073
4834	282.3599854
4835	282.4700012
4836	282.6600037
4837	282.8399963
4838	282.7999878
4839	282.8200073
4840	282.8399963
4841	282.9500122
4842	283.1600037
4843	283.3900146
4844	283.5799866
4845	283.6400146
4846	283.8500061
4847	283.9100037
4848	284.1000061
4849	284.2200012
4850	284.4100037
4851	284.4100037
4852	284.4299927
4853	284.5
4854	284.5599976
4855	284.6199951
4856	284.6600037
4857	284.6799927
4858	284.6799927
4859	284.75
4860	284.75
4861	284.730011
4862	284.769989
4863	284.8699951
4864	284.8500061
4865	284.8299866
4866	284.9599915
4867	284.980011
4868	284.980011
4869	285
4870	285.0400085
4871	285.0599976
4872	285.019989
4873	284.980011
4874	284.9599915
4875	285.0400085
4876	285
4877	285.019989
4878	285.0799866
4879	285.0799866
4880	285.1199951
4881	285.0799866
4882	285.1900024
4883	285.1900024
4884	285.2099915
4885	285.1900024
4886	285.1900024
4887	285.1600037
4888	285.1900024
4889	285.25
4890	285.25
4891	285.2099915
4892	285.25
4893	285.2099915
4894	285.2099915
4895	285.1199951
4896	285.230011
4897	285.230011
4898	285.1900024
4899	285.1400146
4900	285.1000061
4901	285.25
4902	285.3099976
4903	285.25
4904	285.25
4905	285.2900085
4906	285.3299866
4907	285.3299866
4908	285.3699951
4909	285.3099976
4910	285.3099976
4911	285.25
4912	285.2900085
4913	285.269989
4914	285.3299866
4915	285.25
4916	285.2900085
4917	285.3299866
4918	285.2900085
4919	285.25
4920	285.25
4921	285.2900085
4922	285.2900085
4923	285.269989
4924	285.230011
4925	285.230011
4926	285.269989
4927	285.3299866
4928	285.230011
4929	285.230011
4930	285.1900024
4931	285.2099915
4932	285.3099976
4933	285.25
4934	285.3099976
4935	285.230011
4936	285.2099915
4937	285.3299866
4938	285.3099976
4939	285.3699951
4940	285.2900085
4941	285.269989
4942	285.3099976
4943	285.2900085
4944	285.269989
4945	285.3299866
4946	285.2900085
4947	285.269989
4948	285.3099976
4949	285.269989
4950	285.3099976
4951	285.2900085
4952	285.3299866
4953	285.2900085
4954	285.2900085
4955	285.3299866
4956	285.269989
4957	285.269989
4958	285.269989
4959	285.269989
4960	285.2900085
4961	285.2900085
4962	285.2900085
4963	285.1900024
4964	285.230011
4965	285.2099915
4966	285.25
4967	285.230011
4968	285.230011
4969	285.3099976
4970	285.3299866
4971	285.3099976
4972	285.3099976
4973	285.3099976
4974	285.3099976
4975	285.25
4976	285.1000061
4977	285.2099915
4978	285.1900024
4979	285.25
4980	285.1900024
4981	285.25
4982	285.230011
4983	285.230011
4984	285.1600037
4985	285.2099915
4986	285.1900024
4987	285.1900024
4988	285.25
4989	285.2900085
4990	285.3099976
4991	285.25
4992	285.269989
4993	285.269989
4994	285.2099915
4995	285.1600037
4996	285.1600037
4997	285.2099915
4998	285.1600037
4999	285.1900024
5000	285.1900024
5001	285.1900024
5002	285.1900024
5003	285.1900024
5004	285.1900024
5005	285.1400146
5006	285.1600037
5007	285.25
5008	285.230011
5009	285.25
5010	285.2099915
5011	285.0799866
5012	285.0799866
5013	285.0599976
5014	285.1400146
5015	285.1400146
5016	285.2099915
5017	285.25
5018	285.25
5019	285.3099976
5020	285.2900085
5021	285.1900024
5022	285.1400146
5023	284.7000122
5024	284.0400085
5025	284.0400085
5026	281.7799988
5027	280.230011
5028	279.6000061
5029	278.5100098
5030	277.8500061
5031	277.3200073
5032	277.3200073
5033	277.0499878
5034	277.0700073
5035	277.2200012
5036	277.4500122
5037	277.7399902
5038	278.0100098
5039	278.0100098
5040	278.5100098
5041	278.8500061
5042	279.0599976
5043	279.3299866
5044	279.6199951
5045	279.769989
5046	279.8099976
5047	280.2099915
5048	280.3299866
5049	280.4599915
5050	280.5400085
5051	280.6900024
5052	280.75
5053	280.8399963
5054	281.1499939
5055	281.1900024
5056	281.269989
5057	281.3599854
5058	281.3800049
5059	281.5700073
5060	281.5499878
5061	281.6300049
5062	281.6499939
5063	281.7099915
5064	281.7099915
5065	281.730011
5066	281.7099915
5067	281.8200073
5068	281.7600098
5069	281.9200134
5070	281.9599915
5071	281.9599915
5072	282.1300049
5073	282.0700073
5074	282.1700134
5075	282.1499939
5076	282.2799988
5077	282.2399902
5078	282.2600098
5079	282.3200073
5080	282.2999878
5081	282.3200073
5082	282.3800049
5083	282.3599854
5084	282.4299927
5085	282.4500122
5086	282.5299988
5087	282.5700073
5088	282.4700012
5089	282.5100098
5090	282.4899902
5091	282.4700012
5092	282.4899902
5093	282.4899902
5094	282.4899902
5095	282.4700012
5096	282.5299988
5097	282.5100098
5098	282.6099854
5099	282.5700073
5100	282.5499878
5101	282.6099854
5102	282.5899963
5103	282.5899963
5104	282.6799927
5105	282.7200012
5106	282.7200012
5107	282.7399902
5108	282.7999878
5109	282.7799988
5110	282.7799988
5111	282.7600098
5112	282.7799988
5113	282.7999878
5114	282.8200073
5115	282.8399963
5116	282.9299927
5117	282.9100037
5118	282.9899902
5119	282.9100037
5120	282.9700012
5121	282.9100037
5122	282.9100037
5123	282.9299927
5124	282.8599854
5125	282.7999878
5126	282.7600098
5127	282.7200012
5128	282.8399963
5129	282.7399902
5130	282.8599854
5131	282.7999878
5132	282.9100037
5133	282.8900146
5134	282.8599854
5135	282.8599854
5136	282.8599854
5137	282.8599854
5138	282.9100037
5139	282.9100037
5140	282.8900146
5141	282.8200073
5142	282.8200073
5143	282.8399963
5144	282.7600098
5145	282.8200073
5146	282.8900146
5147	282.7999878
5148	282.8399963
5149	282.8399963
5150	282.8399963
5151	282.8900146
5152	282.8599854
5153	282.7799988
5154	282.8599854
5155	282.8900146
5156	282.8200073
5157	282.8599854
5158	282.7999878
5159	282.8900146
5160	282.8900146
5161	282.8900146
5162	282.8900146
5163	282.8900146
5164	282.8900146
5165	282.9100037
5166	282.9299927
5167	282.9500122
5168	282.9500122
5169	282.9299927
5170	282.9899902
5171	282.9500122
5172	283.0100098
5173	283.0100098
5174	283.0100098
5175	282.9299927
5176	282.9500122
5177	282.9500122
5178	282.8399963
5179	282.9299927
5180	282.9700012
5181	282.9700012
5182	283.0100098
5183	282.9899902
5184	283.0499878
5185	283.0100098
5186	283.0700073
5187	283.0700073
5188	283.0499878
5189	283.0299988
5190	283.0100098
5191	283.0499878
5192	283.0299988
5193	283.0499878
5194	283.0899963
5195	283.0100098
5196	283.0100098
5197	282.9500122
5198	283.0700073
5199	283.0700073
5200	283.0100098
5201	283.0700073
5202	283.0499878
5203	283.0499878
5204	283.0299988
5205	283.0700073
5206	283.0700073
5207	283.0499878
5208	283.0899963
5209	283.0499878
5210	283.0899963
5211	283.1400146
5212	283.1799927
5213	283.1799927
5214	283.2200012
5215	283.1199951
5216	283.1400146
5217	283.1400146
5218	283.1400146
5219	283.1799927
5220	283.1799927
5221	283.0299988
5222	283.0499878
5223	283.0100098
5224	283.0499878
5225	283.0499878
5226	283.0100098
5227	282.9700012
5228	282.9500122
5229	282.9500122
5230	282.9500122
5231	283.0499878
5232	283.0299988
5233	283.0100098
5234	282.9500122
5235	282.9899902
5236	282.9299927
5237	283.0100098
5238	283.0299988
5239	282.9700012
5240	283.0100098
5241	282.9899902
5242	283.0100098
5243	283.0100098
5244	283.0100098
5245	283.0100098
5246	283.0100098
5247	283.0499878
5248	283.0100098
5249	283.0299988
5250	282.9700012
5251	282.8599854
5252	282.8599854
5253	282.8900146
5254	282.9899902
5255	282.9899902
5256	282.9899902
5257	282.9700012
5258	282.9700012
5259	282.9700012
5260	283.1400146
5261	283.0700073
5262	283.1199951
5263	283.0100098
5264	282.9700012
5265	282.9899902
5266	283.0100098
5267	282.9700012
5268	282.9899902
5269	283.0499878
5270	283.0299988
5271	283.0299988
5272	283.0299988
5273	283.0499878
5274	283.0899963
5275	283.1400146
5276	283.0499878
5277	283.0499878
5278	282.9899902
5279	282.9700012
5280	282.9100037
5281	282.9299927
5282	282.9700012
5283	283.0299988
5284	283.0299988
5285	282.9299927
5286	282.9899902
5287	283.0499878
5288	283.0499878
5289	283.0299988
5290	283.0299988
5291	283.0299988
5292	283.0700073
5293	282.9899902
5294	283.0299988
5295	282.9700012
5296	283.0100098
5297	283.0499878
5298	283.0299988
5299	283.0299988
5300	283.0499878
5301	283.0899963
5302	283.0700073
5303	283.0299988
5304	283.0299988
5305	283.0299988
5306	282.9500122
5307	283.0499878
5308	283.1600037
5309	283.2200012
5310	283.2600098
5311	283.2200012
5312	283.2600098
5313	283.1400146
5314	283.1600037
5315	283.2799988
5316	283.2799988
5317	283.5799866
5318	283.6799927
5319	283.7799988
5320	283.9899902
5321	284.0599976
5322	284.1799927
5323	284.1799927
5324	284.3299866
5325	284.2900085
5326	284.3699951
5327	284.3699951
5328	284.4700012
5329	284.4500122
5330	284.5
5331	284.6000061
5332	284.6799927
5333	284.6400146
5334	284.769989
5335	284.7900085
5336	284.769989
5337	284.7900085
5338	284.8900146
5339	284.769989
5340	284.75
5341	284.769989
5342	284.7900085
5343	284.7900085
5344	284.8299866
5345	284.8099976
5346	284.8900146
5347	284.9299927
5348	284.9100037
5349	284.980011
5350	284.8900146
5351	284.9299927
5352	284.9299927
5353	285.0400085
5354	285
5355	285
5356	284.9599915
5357	285
5358	285
5359	285.019989
5360	284.980011
5361	284.9299927
5362	284.9299927
5363	285.0599976
5364	285.019989
5365	285.019989
5366	284.980011
5367	285.0799866
5368	285.0400085
5369	285
5370	285.019989
5371	285.1199951
5372	285.0599976
5373	285.0799866
5374	285.0799866
5375	285.1199951
5376	285.0599976
5377	285.2099915
5378	285.1900024
5379	285.2099915
5380	285.25
5381	285.3099976
5382	285.25
5383	285.1600037
5384	285.1900024
5385	285.1600037
5386	285.25
5387	285.25
5388	285.1900024
5389	285.2099915
5390	285.25
5391	285.3099976
5392	285.269989
5393	285.230011
5394	285.230011
5395	285.2900085
5396	285.25
5397	285.269989
5398	285.25
5399	285.269989
5400	285.1600037
5401	285.1600037
5402	285.3099976
5403	285.3299866
5404	285.269989
5405	285.3099976
5406	285.3900146
5407	285.4599915
5408	285.3900146
5409	285.3900146
5410	285.3699951
5411	285.3500061
5412	285.3299866
5413	285.3099976
5414	285.3299866
5415	285.3099976
5416	285.2900085
5417	285.2900085
5418	285.269989
5419	285.2900085
5420	285.3299866
5421	285.3699951
5422	285.3299866
5423	285.3699951
5424	285.3099976
5425	285.3099976
5426	285.3099976
5427	285.3099976
5428	285.3099976
5429	285.2900085
5430	285.269989
5431	285.2900085
5432	285.3099976
5433	285.3099976
5434	285.3299866
5435	285.3500061
5436	285.3299866
5437	285.25
5438	285.269989
5439	285.3900146
5440	285.3699951
5441	285.3500061
5442	285.3299866
5443	285.3299866
5444	285.3299866
5445	285.3099976
5446	285.3500061
5447	285.2900085
5448	285.230011
5449	285.2099915
5450	285.230011
5451	285.3500061
5452	285.3699951
5453	285.3299866
5454	285.3099976
5455	285.3699951
5456	285.3099976
5457	285.3299866
5458	285.3299866
5459	285.3699951
5460	285.4200134
5461	285.3900146
5462	285.4599915
5463	285.3500061
5464	285.4200134
5465	285.4200134
5466	285.4400024
5467	285.4200134
5468	285.3900146
5469	285.4400024
5470	285.4400024
5471	285.4599915
5472	285.4599915
5473	285.4599915
5474	285.3699951
5475	285.3500061
5476	285.3099976
5477	285.3299866
5478	285.2900085
5479	285.2900085
5480	285.3299866
5481	285.3099976
5482	285.3299866
5483	285.3299866
5484	285.25
5485	285.25
5486	285.2099915
5487	285.3099976
5488	285.2900085
5489	285.3500061
5490	285.519989
5491	285.5
5492	285.5
5493	285.4599915
5494	285.4400024
5495	285.4200134
5496	285.1400146
5497	285.1400146
5498	284.3099976
5499	283.2399902
5500	282.5299988
5501	281.0400085
5502	279.980011
5503	279.2900085
5504	279.2900085
5505	278.6799927
5506	278.6000061
5507	278.6799927
5508	278.8099976
5509	278.9700012
5510	279
5511	279.0599976
5512	279.3699951
5513	279.7099915
5514	279.769989
5515	279.980011
5516	280.2099915
5517	280.3299866
5518	280.4200134
5519	280.7099915
5520	280.8399963
5521	281
5522	281.1300049
5523	281.2099915
5524	281.3599854
5525	281.4200134
5526	281.5
5527	281.6300049
5528	281.7600098
5529	281.7600098
5530	281.8999939
5531	282.0100098
5532	282.0299988
5533	282.1099854
5534	282.2999878
5535	282.3399963
5536	282.3399963
5537	282.4700012
5538	282.5499878
5539	282.6099854
5540	282.7200012
5541	282.7000122
5542	282.7200012
5543	282.7200012
5544	282.9100037
5545	282.9500122
5546	282.9700012
5547	283.0299988
5548	283.0499878
5549	282.9899902
5550	282.9899902
5551	283.0299988
5552	283.1199951
5553	283.1199951
5554	283.2000122
5555	283.1400146
5556	283.2600098
5557	283.2399902
5558	283.2399902
5559	283.2399902
5560	283.2000122
5561	283.2600098
5562	283.2600098
5563	283.3500061
5564	283.3900146
5565	283.4299927
5566	283.4299927
5567	283.4299927
5568	283.4299927
5569	283.3900146
5570	283.4500122
5571	283.4100037
5572	283.4500122
5573	283.3699951
5574	283.3900146
5575	283.3900146
5576	283.4100037
5577	283.4100037
5578	283.4500122
5579	283.4899902
5580	283.4500122
5581	283.4700012
5582	283.4299927
5583	283.4100037
5584	283.4899902
5585	283.4700012
5586	283.6799927
5587	283.6600037
5588	283.6799927
5589	283.6799927
5590	283.5799866
5591	283.6000061
5592	283.6000061
5593	283.5799866
5594	283.5100098
5595	283.6199951
5596	283.6199951
5597	283.6199951
5598	283.6799927
5599	283.7200012
5600	283.7000122
5601	283.7200012
5602	283.7399902
5603	283.6199951
5604	283.6199951
5605	283.6199951
5606	283.7000122
5607	283.7000122
5608	283.6799927
5609	283.6600037
5610	283.6799927
5611	283.6000061
5612	283.7000122
5613	283.7000122
5614	283.7000122
5615	283.7200012
5616	283.7799988
5617	283.7399902
5618	283.8500061
5619	283.8699951
5620	283.8299866
5621	283.8099976
5622	283.7799988
5623	283.8099976
5624	283.7399902
5625	283.7600098
5626	283.7799988
5627	283.7399902
5628	283.7399902
5629	283.8099976
5630	283.8500061
5631	283.8299866
5632	283.8299866
5633	283.9100037
5634	283.8299866
5635	283.9100037
5636	283.8699951
5637	283.8500061
5638	283.8699951
5639	283.8699951
5640	283.8500061
5641	283.8500061
5642	283.8500061
5643	283.8500061
5644	283.8099976
5645	283.7600098
5646	283.7600098
5647	283.8900146
5648	283.9100037
5649	283.9100037
5650	283.8500061
5651	283.8299866
5652	283.8699951
5653	283.8699951
5654	283.8299866
5655	283.7799988
5656	283.8299866
5657	283.8299866
5658	283.7799988
5659	283.7600098
5660	283.8500061
5661	283.8299866
5662	283.8299866
5663	283.8699951
5664	283.9299927
5665	283.9100037
5666	283.9299927
5667	283.9299927
5668	284.0400085
5669	284.0100098
5670	283.9700012
5671	284.0400085
5672	283.9500122
5673	283.9700012
5674	283.9899902
5675	283.9700012
5676	283.9899902
5677	283.9899902
5678	283.9899902
5679	284.0100098
5680	284.0799866
5681	284.0400085
5682	284.0400085
5683	284.0400085
5684	284.0599976
5685	284.0599976
5686	284.0400085
5687	284.1199951
5688	284.0799866
5689	284.1199951
5690	284.1000061
5691	284.1199951
5692	284.1199951
5693	284.0100098
5694	284.0799866
5695	283.9899902
5696	283.9899902
5697	283.9299927
5698	284.0599976
5699	283.9899902
5700	283.9299927
5701	283.9899902
5702	284.0100098
5703	284.1400146
5704	284.1199951
5705	284.1199951
5706	284.0799866
5707	284.0799866
5708	284.1000061
5709	284.0799866
5710	284.0799866
5711	284.0100098
5712	284.0400085
5713	283.9899902
5714	284.0100098
5715	284.0400085
5716	283.9700012
5717	283.9700012
5718	284.0100098
5719	283.9899902
5720	283.9500122
5721	283.9500122
5722	283.9700012
5723	283.9899902
5724	283.9899902
5725	284.1199951
5726	284.1000061
5727	284.0400085
5728	283.9899902
5729	283.9700012
5730	284.0100098
5731	283.9899902
5732	284.1000061
5733	284.0599976
5734	284.0799866
5735	283.9899902
5736	284.0400085
5737	284.0100098
5738	283.9899902
5739	284.1000061
5740	284.1199951
5741	284.0100098
5742	284.0400085
5743	284.0400085
5744	284.1199951
5745	284.1799927
5746	284.1799927
5747	284.1199951
5748	284.1199951
5749	284.1199951
5750	284.1799927
5751	284.1799927
5752	284.2200012
5753	284.2399902
5754	284.2000122
5755	284.2900085
5756	284.2900085
5757	284.2200012
5758	284.2000122
5759	284.1799927
5760	284.1000061
5761	284.1199951
5762	284.1400146
5763	284.0799866
5764	284.1799927
5765	284.2200012
5766	284.2000122
5767	284.1000061
5768	284.0799866
5769	284.0799866
5770	284.1400146
5771	284.1199951
5772	284.1000061
5773	284.269989
5774	284.3099976
5775	284.3099976
5776	284.2900085
5777	284.2900085
5778	284.2000122
5779	284.1400146
5780	284.1199951
5781	284.1199951
5782	284.1600037
5783	284.2200012
5784	284.1600037
5785	284.2399902
5786	284.2000122
5787	284.269989
5788	284.269989
5789	284.3500061
5790	284.5
5791	284.519989
5792	284.6400146
5793	284.7900085
5794	284.9599915
5795	284.9599915
5796	285.0599976
5797	285.1400146
5798	285.1199951
5799	285.1000061
5800	285.0799866
5801	285.1000061
5802	285.1000061
5803	285.1400146
5804	285.1900024
5805	285.1900024
5806	285.1900024
5807	285.230011
5808	285.2099915
5809	285.230011
5810	285.25
5811	285.25
5812	285.2900085
5813	285.3900146
5814	285.4200134
5815	285.4200134
5816	285.4599915
5817	285.4400024
5818	285.4599915
5819	285.4599915
5820	285.4599915
5821	285.4599915
5822	285.5400085
5823	285.519989
5824	285.5599976
5825	285.5799866
5826	285.5400085
5827	285.5400085
5828	285.5400085
5829	285.6000061
5830	285.5599976
5831	285.5799866
5832	285.519989
5833	285.5
5834	285.519989
5835	285.519989
5836	285.4599915
5837	285.5400085
5838	285.519989
5839	285.5599976
5840	285.5400085
5841	285.5599976
5842	285.519989
5843	285.519989
5844	285.5599976
5845	285.4599915
5846	285.519989
5847	285.5599976
5848	285.6000061
5849	285.519989
5850	285.5400085
5851	285.6000061
5852	285.5599976
5853	285.5400085
5854	285.6000061
5855	285.6499939
5856	285.5799866
5857	285.5599976
5858	285.519989
5859	285.519989
5860	285.5400085
5861	285.5400085
5862	285.5599976
5863	285.5599976
5864	285.5599976
5865	285.519989
5866	285.519989
5867	285.519989
5868	285.5
5869	285.5799866
5870	285.5400085
5871	285.5400085
5872	285.5
5873	285.4599915
5874	285.5
5875	285.5
5876	285.480011
5877	285.5
5878	285.480011
5879	285.4599915
5880	285.4599915
5881	285.4599915
5882	285.5799866
5883	285.519989
5884	285.6000061
5885	285.6000061
5886	285.5799866
5887	285.5599976
5888	285.5599976
5889	285.5599976
5890	285.5400085
5891	285.5400085
5892	285.4599915
5893	285.5
5894	285.5
5895	285.480011
5896	285.519989
5897	285.5400085
5898	285.5400085
5899	285.4400024
5900	285.480011
5901	285.5
5902	285.6000061
5903	285.5400085
5904	285.5
5905	285.5
5906	285.5
5907	285.480011
5908	285.5400085
5909	285.480011
5910	285.4200134
5911	285.5400085
5912	285.519989
5913	285.4400024
5914	285.480011
5915	285.519989
5916	285.5
5917	285.5
5918	285.519989
5919	285.5400085
5920	285.5599976
5921	285.5599976
5922	285.5400085
5923	285.5599976
5924	285.6499939
5925	285.6499939
5926	285.6000061
5927	285.6000061
5928	285.5799866
5929	285.6000061
5930	285.6000061
5931	285.5400085
5932	285.5599976
5933	285.5799866
5934	285.5599976
5935	285.519989
5936	285.6199951
5937	285.6199951
5938	285.6199951
5939	285.6000061
5940	285.6000061
5941	285.6000061
5942	285.6499939
5943	285.6199951
5944	285.5400085
5945	285.5799866
5946	285.5400085
5947	285.5599976
5948	285.5400085
5949	285.5799866
5950	285.5799866
5951	285.5599976
5952	285.6000061
5953	285.5799866
5954	285.6499939
5955	285.6199951
5956	285.6700134
5957	285.6900024
5958	285.6199951
5959	285.5400085
5960	285.6000061
5961	285.6700134
5962	285.6700134
5963	285.7099915
5964	285.75
5965	285.75
5966	285.75
5967	285.7099915
5968	285.6900024
5969	285.6900024
5970	285.1400146
5971	284.4500122
5972	284.0100098
5973	282.9299927
5974	281.8999939
5975	280.9400024
5976	280.9400024
5977	279.8699951
5978	279.5599976
5979	279.4100037
5980	279.2900085
5981	279.3900146
5982	279.4299927
5983	279.519989
5984	279.8699951
5985	279.980011
5986	280.25
5987	280.480011
5988	280.6499939
5989	280.8399963
5990	281.019989
5991	281.230011
5992	281.3800049
5993	281.5299988
5994	281.6499939
5995	281.7099915
5996	281.8200073
5997	281.8399963
5998	281.9200134
5999	282.1099854
6000	282.2799988
6001	282.2799988
6002	282.3800049
6003	282.5299988
6004	282.5100098
6005	282.5899963
6006	282.6300049
6007	282.7399902
6008	282.7399902
6009	282.9500122
6010	282.9700012
6011	282.9500122
6012	282.9700012
6013	282.9500122
6014	283.0299988
6015	283.0899963
6016	283.2000122
6017	283.1600037
6018	283.1400146
6019	283.2399902
6020	283.2399902
6021	283.2999878
6022	283.2600098
6023	283.2799988
6024	283.3699951
6025	283.2999878
6026	283.2799988
6027	283.2799988
6028	283.2399902
6029	283.2999878
6030	283.2600098
6031	283.2000122
6032	283.1799927
6033	283.1799927
6034	283.2000122
6035	283.2399902
6036	283.2799988
6037	283.2799988
6038	283.2200012
6039	283.3200073
6040	283.3200073
6041	283.3699951
6042	283.4500122
6043	283.4100037
6044	283.4100037
6045	283.4100037
6046	283.4500122
6047	283.4500122
6048	283.5799866
6049	283.6000061
6050	283.6000061
6051	283.6000061
6052	283.6199951
6053	283.5100098
6054	283.6199951
6055	283.5100098
6056	283.5100098
6057	283.5499878
6058	283.5299988
6059	283.6000061
6060	283.5499878
6061	283.6199951
6062	283.6600037
6063	283.6199951
6064	283.6199951
6065	283.7000122
6066	283.6400146
6067	283.6799927
6068	283.6400146
6069	283.6199951
6070	283.7000122
6071	283.7000122
6072	283.7000122
6073	283.7399902
6074	283.7000122
6075	283.7200012
6076	283.7200012
6077	283.6799927
6078	283.6799927
6079	283.6799927
6080	283.6799927
6081	283.6799927
6082	283.7000122
6083	283.7000122
6084	283.6600037
6085	283.6400146
6086	283.6799927
6087	283.6799927
6088	283.6799927
6089	283.6600037
6090	283.7200012
6091	283.7200012
6092	283.7200012
6093	283.6600037
6094	283.7000122
6095	283.6400146
6096	283.6400146
6097	283.7200012
6098	283.7399902
6099	283.7399902
6100	283.7600098
6101	283.7799988
6102	283.7799988
6103	283.8500061
6104	283.8500061
6105	283.8500061
6106	283.8699951
6107	283.8900146
6108	283.8500061
6109	283.8900146
6110	283.8299866
6111	283.8299866
6112	283.7799988
6113	283.7399902
6114	283.7799988
6115	283.8099976
6116	283.7600098
6117	283.8099976
6118	283.8099976
6119	283.8900146
6120	283.8699951
6121	283.8699951
6122	283.8900146
6123	283.8699951
6124	283.9299927
6125	283.8699951
6126	283.8500061
6127	283.8699951
6128	283.8699951
6129	283.9299927
6130	283.9100037
6131	283.9500122
6132	284.0100098
6133	283.9899902
6134	284.0599976
6135	284.0400085
6136	284.0599976
6137	284.0100098
6138	284.0599976
6139	284.0400085
6140	284.0100098
6141	283.9700012
6142	283.9500122
6143	283.9500122
6144	284.0100098
6145	284.0400085
6146	283.9700012
6147	283.9700012
6148	283.9700012
6149	284.1000061
6150	284.1000061
6151	284.0599976
6152	284.1199951
6153	284.0599976
6154	283.9500122
6155	283.9899902
6156	284.0400085
6157	283.9700012
6158	283.9899902
6159	284.0799866
6160	284.0100098
6161	284.0599976
6162	284.0799866
6163	284.0400085
6164	284.0799866
6165	284.0799866
6166	284.1400146
6167	284.1000061
6168	284.0799866
6169	284.1000061
6170	284.1199951
6171	284.0599976
6172	284.0599976
6173	284.0100098
6174	284.0400085
6175	283.9899902
6176	284.0400085
6177	283.9899902
6178	283.9899902
6179	283.8900146
6180	284.0100098
6181	284.0400085
6182	284.0400085
6183	283.9899902
6184	283.9700012
6185	283.9500122
6186	283.9700012
6187	283.9899902
6188	284.0599976
6189	284.0599976
6190	284.0400085
6191	284.0599976
6192	284.0100098
6193	284.0400085
6194	284.0100098
6195	283.9899902
6196	284.0100098
6197	284.0100098
6198	284.1199951
6199	284.0599976
6200	284.0799866
6201	284.1400146
6202	284.1600037
6203	284.1199951
6204	284.1199951
6205	284.1400146
6206	284.1000061
6207	284.1199951
6208	284.0599976
6209	284.1199951
6210	284.1000061
6211	284.0599976
6212	283.9700012
6213	283.9700012
6214	283.9700012
6215	283.9500122
6216	283.9700012
6217	283.9299927
6218	284.0100098
6219	284.0799866
6220	283.9899902
6221	283.9899902
6222	283.9299927
6223	283.9299927
6224	283.9299927
6225	283.9700012
6226	284.0400085
6227	284.0400085
6228	284.0400085
6229	284.0599976
6230	284.1600037
6231	284.1199951
6232	284.1400146
6233	284.1000061
6234	284.1000061
6235	284.0400085
6236	284.0400085
6237	284.1000061
6238	284.1000061
6239	284.1000061
6240	284.0799866
6241	284.0100098
6242	284.0799866
6243	284.0400085
6244	284.0100098
6245	283.9500122
6246	283.9700012
6247	283.9899902
6248	284.0100098
6249	284.0799866
6250	283.9700012
6251	284.1000061
6252	284.2200012
6253	284.2200012
6254	284.269989
6255	284.3299866
6256	284.4100037
6257	284.3099976
6258	284.2399902
6259	284.1600037
6260	284.1600037
6261	284.0100098
6262	284.2000122
6263	284.2200012
6264	284.4100037
6265	284.5599976
6266	284.5799866
6267	284.6600037
6268	284.8099976
6269	284.8699951
6270	284.8699951
6271	284.9299927
6272	284.9100037
6273	284.9100037
6274	284.9100037
6275	284.9100037
6276	284.9299927
6277	284.9299927
6278	284.980011
6279	284.9299927
6280	284.9599915
6281	284.9299927
6282	284.9299927
6283	284.9599915
6284	285.0799866
6285	285.0799866
6286	285.1000061
6287	285.0799866
6288	285.1400146
6289	285.019989
6290	285.0599976
6291	285.1000061
6292	285.1000061
6293	285.1199951
6294	285.1900024
6295	285.1900024
6296	285.1600037
6297	285.1900024
6298	285.1600037
6299	285.1600037
6300	285.1400146
6301	285.1400146
6302	285.1900024
6303	285.230011
6304	285.230011
6305	285.269989
6306	285.269989
6307	285.25
6308	285.269989
6309	285.269989
6310	285.3099976
6311	285.3099976
6312	285.3500061
6313	285.2900085
6314	285.3699951
6315	285.3500061
6316	285.269989
6317	285.3099976
6318	285.25
6319	285.3099976
6320	285.3299866
6321	285.3299866
6322	285.3099976
6323	285.269989
6324	285.269989
6325	285.3099976
6326	285.3099976
6327	285.269989
6328	285.269989
6329	285.230011
6330	285.269989
6331	285.269989
6332	285.269989
6333	285.3099976
6334	285.2900085
6335	285.2900085
6336	285.3099976
6337	285.3699951
6338	285.3900146
6339	285.2900085
6340	285.230011
6341	285.230011
6342	285.1900024
6343	285.25
6344	285.25
6345	285.3299866
6346	285.2900085
6347	285.269989
6348	285.269989
6349	285.1900024
6350	285.25
6351	285.25
6352	285.230011
6353	285.25
6354	285.25
6355	285.269989
6356	285.269989
6357	285.3099976
6358	285.3099976
6359	285.3099976
6360	285.3500061
6361	285.3699951
6362	285.3699951
6363	285.3699951
6364	285.25
6365	285.3900146
6366	285.4200134
6367	285.3699951
6368	285.3900146
6369	285.3900146
6370	285.3900146
6371	285.3500061
6372	285.4599915
6373	285.3699951
6374	285.3900146
6375	285.3699951
6376	285.3900146
6377	285.4200134
6378	285.3900146
6379	285.4599915
6380	285.480011
6381	285.4599915
6382	285.480011
6383	285.4400024
6384	285.4599915
6385	285.4599915
6386	285.519989
6387	285.5
6388	285.4599915
6389	285.4400024
6390	285.4599915
6391	285.5400085
6392	285.480011
6393	285.519989
6394	285.5400085
6395	285.5400085
6396	285.5799866
6397	285.5599976
6398	285.5400085
6399	285.5599976
6400	285.5599976
6401	285.6000061
6402	285.6000061
6403	285.5400085
6404	285.4599915
6405	285.4599915
6406	285.519989
6407	285.5
6408	285.480011
6409	285.480011
6410	285.5
6411	285.480011
6412	285.519989
6413	285.480011
6414	285.4599915
6415	285.4599915
6416	285.3900146
6417	285.4200134
6418	285.4200134
6419	285.4599915
6420	285.4400024
6421	285.480011
6422	285.4400024
6423	285.480011
6424	285.4200134
6425	285.4200134
6426	285.4400024
6427	285.480011
6428	285.5
6429	285.4400024
6430	285.3900146
6431	285.25
6432	285.269989
6433	285.2900085
6434	285.2900085
6435	285.4599915
6436	285.4599915
6437	285.5
6438	285.519989
6439	285.5799866
6440	285.5599976
6441	285.5599976
6442	285.3900146
6443	285.1400146
6444	284.8699951
6445	284.0400085
6446	283.0899963
6447	282.5700073
6448	282.0299988
6449	280.6700134
6450	280.3999939
6451	279.980011
6452	279.730011
6453	279.7099915
6454	279.6600037
6455	279.75
6456	280.0599976
6457	280.2099915
6458	280.480011
6459	280.7099915
6460	280.7900085
6461	281
6462	281.1099854
6463	281.3599854
6464	281.4599915
6465	281.6300049
6466	281.6300049
6467	281.7999878
6468	281.9400024
6469	281.9200134
6470	282.0700073
6471	282.2000122
6472	282.3999939
6473	282.3999939
6474	282.3999939
6475	282.4899902
6476	282.5100098
6477	282.6099854
6478	282.6300049
6479	282.7999878
6480	282.7999878
6481	282.9299927
6482	282.9500122
6483	283.0299988
6484	283.0100098
6485	283.1199951
6486	283.0499878
6487	283.0700073
6488	283.1799927
6489	283.1600037
6490	283.1600037
6491	283.0899963
6492	283.2200012
6493	283.2000122
6494	283.2200012
6495	283.2200012
6496	283.2999878
6497	283.2799988
6498	283.2999878
6499	283.2399902
6500	283.2999878
6501	283.3200073
6502	283.2799988
6503	283.2799988
6504	283.2999878
6505	283.2999878
6506	283.3200073
6507	283.4299927
6508	283.4100037
6509	283.4500122
6510	283.4100037
6511	283.4299927
6512	283.4299927
6513	283.5100098
6514	283.5499878
6515	283.5499878
6516	283.6400146
6517	283.5799866
6518	283.6400146
6519	283.6400146
6520	283.7000122
6521	283.7200012
6522	283.6799927
6523	283.5799866
6524	283.6000061
6525	283.6199951
6526	283.6199951
6527	283.5799866
6528	283.5299988
6529	283.5799866
6530	283.5499878
6531	283.6000061
6532	283.6400146
6533	283.6600037
6534	283.7200012
6535	283.7399902
6536	283.6799927
6537	283.6799927
6538	283.6600037
6539	283.6600037
6540	283.6799927
6541	283.6199951
6542	283.6799927
6543	283.6400146
6544	283.6400146
6545	283.7000122
6546	283.7000122
6547	283.6600037
6548	283.7399902
6549	283.6400146
6550	283.6799927
6551	283.6799927
6552	283.6799927
6553	283.7200012
6554	283.7600098
6555	283.8099976
6556	283.8299866
6557	283.8500061
6558	283.8699951
6559	283.8299866
6560	283.8699951
6561	283.8699951
6562	283.8900146
6563	283.9299927
6564	283.8500061
6565	283.8900146
6566	283.8299866
6567	283.8500061
6568	283.8900146
6569	283.8099976
6570	283.9299927
6571	283.9100037
6572	283.9299927
6573	283.9500122
6574	283.9899902
6575	284.0400085
6576	284.0400085
6577	284.0100098
6578	283.9700012
6579	283.9899902
6580	284.0599976
6581	284.0599976
6582	284.1199951
6583	284.1199951
6584	284.0100098
6585	284.0400085
6586	284.0400085
6587	284.0400085
6588	283.9899902
6589	284.0100098
6590	283.9899902
6591	283.9100037
6592	283.9700012
6593	283.9100037
6594	283.8900146
6595	283.9299927
6596	283.9299927
6597	283.8900146
6598	283.9100037
6599	283.9100037
6600	283.9100037
6601	283.9500122
6602	283.9500122
6603	283.9100037
6604	283.9100037
6605	283.8699951
6606	283.8900146
6607	283.9899902
6608	284.0400085
6609	284.0400085
6610	284.0400085
6611	284.0599976
6612	284.0100098
6613	284.0100098
6614	284.0799866
6615	284.0799866
6616	283.9899902
6617	284.0799866
6618	284.0799866
6619	284.0799866
6620	284.0599976
6621	284.0400085
6622	284.0400085
6623	284.0599976
6624	284.1000061
6625	284.0599976
6626	284.1400146
6627	284.1000061
6628	284.0799866
6629	284.0799866
6630	284.1799927
6631	284.1600037
6632	284.1600037
6633	284.1400146
6634	284.1199951
6635	284.1400146
6636	284.1799927
6637	284.1199951
6638	284.0599976
6639	284.0799866
6640	284.0799866
6641	284.1000061
6642	284.1199951
6643	284.1600037
6644	284.2000122
6645	284.1600037
6646	284.1600037
6647	284.1600037
6648	284.0799866
6649	284.0599976
6650	284.0799866
6651	284.0599976
6652	284.1400146
6653	284.1400146
6654	284.1400146
6655	284.1199951
6656	284.1799927
6657	284.1799927
6658	284.1600037
6659	284.0400085
6660	284.1199951
6661	284.1199951
6662	284.1199951
6663	284.1199951
6664	284.1400146
6665	284.1199951
6666	284.0599976
6667	284.1000061
6668	284.0799866
6669	284.1600037
6670	284.1400146
6671	284.0599976
6672	284.1600037
6673	284.1000061
6674	284.1000061
6675	284.1000061
6676	284.1799927
6677	284.1799927
6678	284.2000122
6679	284.1799927
6680	284.1400146
6681	284.1799927
6682	284.1799927
6683	284.1799927
6684	284.269989
6685	284.3099976
6686	284.3099976
6687	284.2200012
6688	284.2200012
6689	284.269989
6690	284.269989
6691	284.1799927
6692	284.1600037
6693	284.1600037
6694	284.1799927
6695	284.2200012
6696	284.3299866
6697	284.2900085
6698	284.2900085
6699	284.269989
6700	284.2399902
6701	284.2900085
6702	284.269989
6703	284.1600037
6704	284.2399902
6705	284.2200012
6706	284.2900085
6707	284.2000122
6708	284.2200012
6709	284.1600037
6710	284.2000122
6711	284.269989
6712	284.2000122
6713	284.2900085
6714	284.3299866
6715	284.3099976
6716	284.2000122
6717	284.2399902
6718	284.2399902
6719	284.2900085
6720	284.269989
6721	284.269989
6722	284.2200012
6723	284.3099976
6724	284.2900085
6725	284.2900085
6726	284.2000122
6727	284.2000122
6728	284.2900085
6729	284.3900146
6730	284.3699951
6731	284.3299866
6732	284.3299866
6733	284.2399902
6734	284.269989
6735	284.3099976
6736	284.3500061
6737	284.4500122
6738	284.519989
6739	284.5599976
6740	284.8099976
6741	284.8900146
6742	284.9299927
6743	284.9599915
6744	284.9599915
6745	285.0599976
6746	285
6747	285
6748	285.019989
6749	285.0400085
6750	285.019989
6751	285.0400085
6752	285.0400085
6753	284.980011
6754	284.980011
6755	285.1000061
6756	285.1000061
6757	285.1000061
6758	285.1600037
6759	285.1900024
6760	285.2099915
6761	285.1900024
6762	285.1000061
6763	285.1000061
6764	285.1000061
6765	285.0400085
6766	285.0599976
6767	285.0799866
6768	285.1000061
6769	285.1600037
6770	285.1199951
6771	285.25
6772	285.1400146
6773	285.1600037
6774	285.1000061
6775	285.230011
6776	285.1400146
6777	285.1900024
6778	285.1400146
6779	285.2099915
6780	285.1199951
6781	285.1900024
6782	285.1600037
6783	285.2099915
6784	285.25
6785	285.2099915
6786	285.230011
6787	285.1400146
6788	285.230011
6789	285.230011
6790	285.2099915
6791	285.230011
6792	285.2099915
6793	285.230011
6794	285.269989
6795	285.25
6796	285.25
6797	285.3099976
6798	285.25
6799	285.25
6800	285.269989
6801	285.230011
6802	285.1400146
6803	285.1400146
6804	285.1600037
6805	285.230011
6806	285.2900085
6807	285.3500061
6808	285.3500061
6809	285.3099976
6810	285.3099976
6811	285.2900085
6812	285.3299866
6813	285.230011
6814	285.3099976
6815	285.3299866
6816	285.3699951
6817	285.3099976
6818	285.3699951
6819	285.3900146
6820	285.3900146
6821	285.3500061
6822	285.3500061
6823	285.4200134
6824	285.4200134
6825	285.4400024
6826	285.3900146
6827	285.4599915
6828	285.4599915
6829	285.4400024
6830	285.3900146
6831	285.3099976
6832	285.3900146
6833	285.4599915
6834	285.4400024
6835	285.4400024
6836	285.480011
6837	285.3900146
6838	285.480011
6839	285.5
6840	285.480011
6841	285.3900146
6842	285.3699951
6843	285.3699951
6844	285.3699951
6845	285.3500061
6846	285.3699951
6847	285.3699951
6848	285.3699951
6849	285.3500061
6850	285.3900146
6851	285.3699951
6852	285.3900146
6853	285.5
6854	285.4599915
6855	285.480011
6856	285.4599915
6857	285.4599915
6858	285.480011
6859	285.4400024
6860	285.4200134
6861	285.4400024
6862	285.4599915
6863	285.4400024
6864	285.4400024
6865	285.3900146
6866	285.3299866
6867	285.3299866
6868	285.3299866
6869	285.3900146
6870	285.3699951
6871	285.3500061
6872	285.3699951
6873	285.3500061
6874	285.3500061
6875	285.3699951
6876	285.4200134
6877	285.4200134
6878	285.4400024
6879	285.3699951
6880	285.3500061
6881	285.3500061
6882	285.480011
6883	285.4400024
6884	285.4200134
6885	285.4200134
6886	285.3900146
6887	285.3099976
6888	285.3299866
6889	285.3900146
6890	285.3900146
6891	285.4400024
6892	285.4200134
6893	285.4200134
6894	285.4400024
6895	285.4400024
6896	285.4400024
6897	285.4599915
6898	285.519989
6899	285.519989
6900	285.5400085
6901	285.480011
6902	285.5
6903	285.5599976
6904	285.480011
6905	285.3299866
6906	285.3299866
6907	285.3699951
6908	285.5
6909	285.519989
6910	285.5799866
6911	285.5599976
6912	285.5599976
6913	285.5599976
6914	285.5
6915	285.2900085
6916	285.1199951
6917	284.5799866
6918	283.8699951
6919	283.4299927
6920	282.9500122
6921	281.5499878
6922	281.1300049
6923	280.480011
6924	280
6925	279.9200134
6926	279.9400024
6927	279.9599915
6928	280.0400085
6929	280.1700134
6930	280.3800049
6931	280.5400085
6932	280.6499939
6933	280.8099976
6934	280.9400024
6935	281.1099854
6936	281.3200073
6937	281.480011
6938	281.480011
6939	281.7600098
6940	281.9400024
6941	281.9899902
6942	282.1700134
6943	282.2600098
6944	282.3200073
6945	282.3200073
6946	282.4500122
6947	282.5299988
6948	282.5899963
6949	282.6099854
6950	282.6799927
6951	282.7399902
6952	282.7799988
6953	282.9100037
6954	282.9500122
6955	282.9100037
6956	282.9500122
6957	283.1400146
6958	283.1600037
6959	283.1400146
6960	283.2200012
6961	283.2399902
6962	283.2600098
6963	283.2399902
6964	283.2600098
6965	283.2999878
6966	283.3500061
6967	283.3200073
6968	283.3699951
6969	283.4299927
6970	283.4299927
6971	283.4100037
6972	283.4100037
6973	283.4899902
6974	283.5100098
6975	283.4899902
6976	283.5299988
6977	283.5299988
6978	283.5799866
6979	283.5799866
6980	283.5499878
6981	283.6400146
6982	283.6600037
6983	283.5499878
6984	283.5499878
6985	283.6400146
6986	283.7000122
6987	283.6600037
6988	283.7200012
6989	283.7200012
6990	283.7799988
6991	283.7000122
6992	283.8699951
6993	283.8099976
6994	283.8099976
6995	283.8299866
6996	283.8500061
6997	283.9100037
6998	283.8699951
6999	283.8699951
7000	283.8900146
7001	283.8900146
7002	283.9299927
7003	283.9700012
7004	283.9299927
7005	283.9299927
7006	283.9500122
7007	283.9500122
7008	283.8699951
7009	283.8699951
7010	283.9100037
7011	283.7600098
7012	283.8699951
7013	283.8699951
7014	283.8299866
7015	283.9100037
7016	283.9100037
7017	283.9899902
7018	283.9500122
7019	284.0100098
7020	284.0400085
7021	284.0100098
7022	283.9899902
7023	283.9700012
7024	283.9100037
7025	283.9299927
7026	283.9500122
7027	284.0100098
7028	283.9899902
7029	284.0599976
7030	284.1000061
7031	284.0799866
7032	284.1199951
7033	284.0100098
7034	284.0799866
7035	284.0100098
7036	284.0599976
7037	284.1000061
7038	284.1199951
7039	284.1400146
7040	284.1600037
7041	284.1600037
7042	284.1199951
7043	284.1400146
7044	284.1199951
7045	284.1000061
7046	284.1000061
7047	284.1400146
7048	284.1400146
7049	284.0100098
7050	284.0400085
7051	284.0400085
7052	283.9899902
7053	284.0400085
7054	284.0400085
7055	284.0400085