1	284.8099976
2	284.8099976
3	284.730011
4	284.769989
5	284.8299866
6	284.8299866
7	284.75
8	284.75
9	284.769989
10	284.75
11	284.8299866
12	284.769989
13	284.769989
14	284.75
15	284.730011
16	284.7000122
17	284.6600037
18	284.7000122
19	284.8099976
20	284.8299866
21	285.0400085
22	285.019989
23	285.019989
24	285.0400085
25	285
26	285
27	285
28	284.980011
29	284.980011
30	285.019989
31	285
32	284.9599915
33	284.9299927
34	284.9599915
35	284.7900085
36	284.75
37	284.7000122
38	284.7000122
39	284.8900146
40	284.9599915
41	284.8500061
42	284.8699951
43	284.8500061
44	284.9299927
45	284.9299927
46	284.9299927
47	284.9100037
48	284.8900146
49	284.9100037
50	284.8900146
51	284.9299927
52	284.9299927
53	284.9599915
54	284.980011
55	284.9100037
56	284.9299927
57	284.980011
58	285
59	285.0599976
60	285.1600037
61	285.1400146
62	285.0599976
63	285.019989
64	285.019989
65	285.0400085
66	285.0400085
67	284.9299927
68	284.9599915
69	285.1000061
70	285.1000061
71	285.1199951
72	285.1199951
73	285.1000061
74	285.0799866
75	285.0400085
76	285.0799866
77	285.0799866
78	285.1000061
79	285.1000061
80	285.0400085
81	284.980011
82	284.9599915
83	284.980011
84	284.980011
85	285.1400146
86	285.0799866
87	285.0799866
88	285.0400085
89	285.1000061
90	285.0400085
91	285.1000061
92	285.1199951
93	285.1199951
94	285.0599976
95	285.0799866
96	285
97	285.0400085
98	285.0799866
99	285.3699951
100	285.3900146
101	285.3699951
102	285.269989
103	285.25
104	285.3099976
105	285.269989
106	285.3299866
107	285.3500061
108	285.5799866
109	285.5799866
110	285.769989
111	286
112	286.0400085
113	286.269989
114	286.3099976
115	286.3599854
116	286.3599854
117	286.5
118	286.5899963
119	286.6700134
120	286.769989
121	286.9200134
122	286.9599915
123	286.9599915
124	287.0499878
125	287.0700073
126	287.0100098
127	287.0299988
128	287.1099854
129	287.0299988
130	287.0299988
131	286.9599915
132	286.9599915
133	286.9400024
134	286.980011
135	287.0499878
136	287.1300049
137	287.1300049
138	287.2099915
139	287.1900024
140	287.2399902
141	287.2600098
142	287.2999878
143	287.2399902
144	287.2799988
145	287.2799988
146	287.3200073
147	287.3399963
148	287.3399963
149	287.4400024
150	287.4700012
151	287.4700012
152	287.4400024
153	287.4899902
154	287.4899902
155	287.4899902
156	287.4899902
157	287.4400024
158	287.4899902
159	287.3800049
160	287.4400024
161	287.4200134
162	287.4400024
163	287.4400024
164	287.4700012
165	287.4700012
166	287.4700012
167	287.4400024
168	287.4700012
169	287.4400024
170	287.4200134
171	287.4899902
172	287.4899902
173	287.5299988
174	287.4700012
175	287.4200134
176	287.4899902
177	287.5100098
178	287.4200134
179	287.3800049
180	287.3800049
181	287.4200134
182	287.4400024
183	287.4400024
184	287.3999939
185	287.4700012
186	287.5100098
187	287.5100098
188	287.5299988
189	287.4899902
190	287.5499878
191	287.4700012
192	287.4700012
193	287.4200134
194	287.4200134
195	287.4899902
196	287.4700012
197	287.4400024
198	287.4700012
199	287.5499878
200	287.4400024
201	287.5299988
202	287.4700012
203	287.4700012
204	287.5299988
205	287.4899902
206	287.5499878
207	287.5899963
208	287.6099854
209	287.5299988
210	287.5499878
211	287.5299988
212	287.5499878
213	287.5700073
214	287.4899902
215	287.5299988
216	287.5100098
217	287.5700073
218	287.5899963
219	287.5899963
220	287.5499878
221	287.5100098
222	287.5499878
223	287.5100098
224	287.5899963
225	287.5299988
226	287.5299988
227	287.4200134
228	287.5299988
229	287.4899902
230	287.4400024
231	287.4700012
232	287.4899902
233	287.4899902
234	287.5100098
235	287.4899902
236	287.5100098
237	287.5499878
238	287.4899902
239	287.4899902
240	287.5299988
241	287.5899963
242	287.6099854
243	287.6099854
244	287.4700012
245	287.4899902
246	287.4899902
247	287.5299988
248	287.4700012
249	287.4700012
250	287.5299988
251	287.5899963
252	287.6300049
253	287.5700073
254	287.6300049
255	287.6499939
256	287.6499939
257	287.7399902
258	287.7399902
259	287.7000122
260	287.6499939
261	287.6099854
262	287.6499939
263	287.6499939
264	287.6300049
265	287.6300049
266	287.6300049
267	287.6700134
268	287.6300049
269	287.6499939
270	287.6300049
271	287.6499939
272	287.7399902
273	287.5700073
274	287.4899902
275	287.2999878
276	287.2099915
277	287.1499939
278	287.1499939
279	287.2099915
280	287.2999878
281	287.2999878
282	287.1900024
283	287.2600098
284	287.2999878
285	287.3399963
286	287.2399902
287	286.8999939
288	286.730011
289	286.6700134
290	286.6700134
291	286.1900024
292	285.2900085
293	284.7000122
294	283.8299866
295	283.1799927
296	282.3399963
297	282.3399963
298	280.980011
299	280.5599976
300	280.3500061
301	280.0599976
302	280.1700134
303	280.3099976
304	280.3099976
305	280.5599976
306	280.730011
307	280.75
308	280.9400024
309	281.1499939
310	281.1900024
311	281.3200073
312	281.4599915
313	281.5
314	281.5
315	281.6300049
316	281.7099915
317	281.9599915
318	282.0899963
319	282.4299927
320	282.5100098
321	282.6099854
322	282.6600037
323	282.7200012
324	282.8200073
325	282.9500122
326	283.1199951
327	283.2000122
328	283.2999878
329	283.2999878
330	283.3500061
331	283.2999878
332	283.2799988
333	283.2999878
334	283.5299988
335	283.6400146
336	283.6400146
337	283.9500122
338	284.0599976
339	284.1000061
340	284.1000061
341	284.0799866
342	284.1400146
343	284.1000061
344	284.0599976
345	284.0799866
346	284.1199951
347	284.1199951
348	284.2000122
349	284.1600037
350	284.1799927
351	284.2399902
352	284.2399902
353	284.3099976
354	284.3500061
355	284.5
356	284.5799866
357	284.6199951
358	284.6400146
359	284.6600037
360	284.6199951
361	284.6199951
362	284.6199951
363	284.5400085
364	284.6000061
365	284.5599976
366	284.5799866
367	284.5599976
368	284.5599976
369	284.7000122
370	284.7000122
371	284.6600037
372	284.8299866
373	284.8099976
374	284.8900146
375	284.8900146
376	284.8500061
377	284.8099976
378	284.8900146
379	284.980011
380	284.9100037
381	284.980011
382	284.9299927
383	284.9299927
384	284.9599915
385	285.019989
386	285
387	285.019989
388	285
389	285.0400085
390	285.0400085
391	285.0400085
392	285
393	284.980011
394	285.0400085
395	285.019989
396	285.0400085
397	284.9299927
398	284.9100037
399	284.9299927
400	284.9299927
401	284.9299927
402	285
403	285.0599976
404	285.0599976
405	285.1199951
406	285.1400146
407	285.1400146
408	285.0400085
409	284.9599915
410	284.980011
411	285.0400085
412	285.0799866
413	285.1199951
414	285.1400146
415	285.1400146
416	285.1400146
417	285.1400146
418	285.1199951
419	285.1199951
420	285.2099915
421	285.0400085
422	285.1199951
423	285.1400146
424	285.1400146
425	285.1199951
426	285.0799866
427	285.0799866
428	285.1000061
429	285.0400085
430	285
431	284.8500061
432	284.9100037
433	284.9599915
434	285
435	285.019989
436	285
437	285
438	285.0400085
439	285.0400085
440	285.0400085
441	285.1000061
442	285.1000061
443	285.0799866
444	285
445	284.980011
446	284.980011
447	285
448	284.9299927
449	284.9599915
450	284.9599915
451	284.9100037
452	284.9599915
453	284.9299927
454	285.0400085
455	285.019989
456	285
457	284.980011
458	284.9100037
459	284.9599915
460	284.9100037
461	285.0799866
462	285.2099915
463	285.1000061
464	285.1199951
465	285.1199951
466	285.1199951
467	285.1600037
468	285.1000061
469	285.1199951
470	285.0599976
471	285.0599976
472	285.0799866
473	285.0599976
474	285.0599976
475	285.2099915
476	285.230011
477	285.230011
478	285.230011
479	285.2099915
480	285.230011
481	285.25
482	285.2900085
483	285.269989
484	285.25
485	285.1900024
486	285.269989
487	285.2900085
488	285.230011
489	285.230011
490	285.1900024
491	285.1900024
492	285.1900024
493	285.25
494	285.25
495	285.3299866
496	285.230011
497	285.230011
498	285.269989
499	285.230011
500	285.3099976
501	285.3099976
502	285.269989
503	285.269989
504	285.269989
505	285.3099976
506	285.2900085
507	285.3299866
508	285.3099976
509	285.3900146
510	285.3900146
511	285.3500061
512	285.3099976
513	285.25
514	285.1900024
515	285.230011
516	285.3500061
517	285.3500061
518	285.2900085
519	285.3299866
520	285.4200134
521	285.4400024
522	285.4200134
523	285.3900146
524	285.4400024
525	285.4599915
526	285.4400024
527	285.3699951
528	285.3699951
529	285.4400024
530	285.3900146
531	285.4400024
532	285.4599915
533	285.4200134
534	285.3099976
535	285.3299866
536	285.3900146
537	285.3699951
538	285.3900146
539	285.3500061
540	285.3900146
541	285.3099976
542	285.3099976
543	285.3099976
544	285.3299866
545	285.2900085
546	285.3099976
547	285.3500061
548	285.3099976
549	285.3099976
550	285.3699951
551	285.3299866
552	285.25
553	285.269989
554	285.3099976
555	285.3699951
556	285.3699951
557	285.2900085
558	285.3500061
559	285.2900085
560	285.3500061
561	285.2900085
562	285.230011
563	285.1900024
564	285.25
565	285.3099976
566	285.269989
567	285.3500061
568	285.3500061
569	285.4200134
570	285.3500061
571	285.4400024
572	285.5599976
573	285.5599976
574	285.519989
575	285.5799866
576	285.4599915
577	285.4599915
578	285.4200134
579	285.4599915
580	285.4400024
581	285.4400024
582	285.480011
583	285.6199951
584	285.6900024
585	285.8299866
586	285.9599915
587	286.0799866
588	286.0799866
589	286.3599854
590	286.3599854
591	286.4400024
592	286.5700073
593	286.6900024
594	286.6900024
595	286.6099854
596	286.730011
597	286.730011
598	286.7999878
599	286.8800049
600	286.9400024
601	286.9599915
602	287.0100098
603	287.0700073
604	287.1099854
605	287.0899963
606	287.1099854
607	287.1300049
608	287.1700134
609	287.1900024
610	287.1700134
611	287.2099915
612	287.2099915
613	287.2099915
614	287.2099915
615	287.1300049
616	287.1900024
617	287.2399902
618	287.2600098
619	287.2399902
620	287.2399902
621	287.2999878
622	287.3200073
623	287.3599854
624	287.3399963
625	287.3800049
626	287.3399963
627	287.3399963
628	287.3200073
629	287.3800049
630	287.3800049
631	287.4200134
632	287.3399963
633	287.3399963
634	287.3399963
635	287.3599854
636	287.3999939
637	287.4200134
638	287.3999939
639	287.3800049
640	287.3999939
641	287.3800049
642	287.3800049
643	287.3800049
644	287.5100098
645	287.4200134
646	287.4899902
647	287.4200134
648	287.4400024
649	287.5100098
650	287.4700012
651	287.5299988
652	287.5299988
653	287.4899902
654	287.4400024
655	287.4200134
656	287.4700012
657	287.3999939
658	287.4700012
659	287.4700012
660	287.4200134
661	287.3800049
662	287.4700012
663	287.4400024
664	287.4899902
665	287.4400024
666	287.4400024
667	287.4899902
668	287.5700073
669	287.5499878
670	287.4400024
671	287.4700012
672	287.3999939
673	287.3999939
674	287.4700012
675	287.5100098
676	287.4400024
677	287.4700012
678	287.4899902
679	287.4899902
680	287.4700012
681	287.4700012
682	287.5100098
683	287.4899902
684	287.4899902
685	287.4400024
686	287.4899902
687	287.5499878
688	287.6300049
689	287.5499878
690	287.5299988
691	287.5299988
692	287.5899963
693	287.6099854
694	287.6300049
695	287.6700134
696	287.5499878
697	287.5299988
698	287.5299988
699	287.4700012
700	287.4400024
701	287.4899902
702	287.4700012
703	287.4899902
704	287.4700012
705	287.5100098
706	287.5100098
707	287.5700073
708	287.6099854
709	287.6099854
710	287.6300049
711	287.5899963
712	287.6300049
713	287.5700073
714	287.5899963
715	287.5700073
716	287.5100098
717	287.5299988
718	287.5100098
719	287.5100098
720	287.4700012
721	287.4899902
722	287.4400024
723	287.4400024
724	287.4700012
725	287.4899902
726	287.5299988
727	287.5100098
728	287.5299988
729	287.5499878
730	287.5499878
731	287.5499878
732	287.6099854
733	287.5499878
734	287.6499939
735	287.6099854
736	287.5700073
737	287.5299988
738	287.5499878
739	287.5499878
740	287.5299988
741	287.5100098
742	287.5299988
743	287.5700073
744	287.6099854
745	287.5499878
746	287.6099854
747	287.5299988
748	287.3599854
749	287.2999878
750	287.1700134
751	287.1700134
752	287.1900024
753	287.3200073
754	287.2600098
755	287.2600098
756	287.2999878
757	287.2600098
758	287.2799988
759	287.2999878
760	287.0499878
761	286.730011
762	286.730011
763	286.269989
764	285.3099976
765	284.8099976
766	283.5799866
767	282.6300049
768	281.8399963
769	281.8399963
770	280.6900024
771	280.2099915
772	280
773	279.730011
774	279.6900024
775	279.6600037
776	279.7099915
777	280.1700134
778	280.3099976
779	280.6300049
780	280.9200134
781	281.019989
782	281.1700134
783	281.230011
784	281.6700134
785	281.7099915
786	282.0100098
787	282.2000122
788	282.2799988
789	282.3999939
790	282.4899902
791	282.6799927
792	282.8200073
793	283.0499878
794	283.0499878
795	283.2000122
796	283.2200012
797	283.1799927
798	283.1199951
799	283.2000122
800	283.2999878
801	283.2999878
802	283.3900146
803	283.4700012
804	283.5299988
805	283.7200012
806	283.7600098
807	283.8299866
808	283.8299866
809	283.8500061
810	283.8699951
811	283.8699951
812	283.9899902
813	284.1199951
814	284.0799866
815	284.1000061
816	283.9899902
817	284.0100098
818	283.9500122
819	284.0100098
820	284.1000061
821	284.2200012
822	284.2200012
823	284.3299866
824	284.4100037
825	284.519989
826	284.5599976
827	284.5599976
828	284.6600037
829	284.6600037
830	284.6799927
831	284.730011
832	284.730011
833	284.730011
834	284.6799927
835	284.6400146
836	284.6400146
837	284.6799927
838	284.6400146
839	284.6400146
840	284.6400146
841	284.6799927
842	284.730011
843	284.6799927
844	284.75
845	284.75
846	284.769989
847	284.769989
848	284.730011
849	284.7000122
850	284.6000061
851	284.6199951
852	284.5799866
853	284.6400146
854	284.6400146
855	284.8299866
856	284.8500061
857	284.8500061
858	284.7900085
859	284.7900085
860	284.8299866
861	284.8299866
862	284.8099976
863	284.8299866
864	284.9100037
865	284.9100037
866	285.0599976
867	285.1000061
868	285.1199951
869	285.1000061
870	285.0799866
871	285.0400085
872	285.0400085
873	284.980011
874	285.019989
875	285.0400085
876	285.019989
877	284.9599915
878	284.9299927
879	284.9299927
880	285.0400085
881	285.0799866
882	285.1199951
883	284.9299927
884	285.019989
885	284.9100037
886	284.980011
887	285
888	285.019989
889	285.0400085
890	285
891	285
892	284.9299927
893	284.9100037
894	285
895	285.019989
896	285.1000061
897	285.1000061
898	285.1199951
899	285.0799866
900	285.1000061
901	284.9599915
902	284.8500061
903	284.8500061
904	284.8500061
905	284.8900146
906	284.9100037
907	284.8900146
908	284.9299927
909	284.8900146
910	284.9100037
911	284.9100037
912	284.9599915
913	285
914	285.019989
915	285.1199951
916	285.1900024
917	285.1900024
918	285.1900024
919	285.0799866
920	285.1199951
921	285.019989
922	285.019989
923	284.9100037
924	284.980011
925	284.9599915
926	284.9599915
927	285.019989
928	285.019989
929	285
930	285.019989
931	284.9599915
932	284.9299927
933	284.8900146
934	284.9299927
935	285
936	285
937	285.0400085
938	285.0599976
939	285.0599976
940	285.0599976
941	285.0799866
942	285.0799866
943	285.0799866
944	285.0400085
945	285.019989
946	285.0400085
947	285.0400085
948	285
949	284.9299927
950	284.9299927
951	284.9299927
952	284.9100037
953	285
954	285.0400085
955	285.0599976
956	285.0400085
957	285.0799866
958	285.1900024
959	285.2099915
960	285.1400146
961	285.2099915
962	285.25
963	285.25
964	285.2900085
965	285.3099976
966	285.3099976
967	285.269989
968	285.25
969	285.2099915
970	285.230011
971	285.230011
972	285.230011
973	285.1600037
974	285.25
975	285.25
976	285.230011
977	285.3699951
978	285.269989
979	285.230011
980	285.230011
981	285.1900024
982	285.1900024
983	285.1600037
984	285.269989
985	285.25
986	285.25
987	285.2900085
988	285.3099976
989	285.2900085
990	285.3099976
991	285.3099976
992	285.2900085
993	285.2900085
994	285.1600037
995	285.1199951
996	285.1000061
997	285.1600037
998	285.2099915
999	285.2900085
1000	285.2900085
1001	285.269989
1002	285.230011
1003	285.25
1004	285.25
1005	285.25
1006	285.1900024
1007	285.1900024
1008	285.1000061
1009	285.0400085
1010	285.0799866
1011	285.1000061
1012	285
1013	285.1199951
1014	285.1199951
1015	285.269989
1016	285.3099976
1017	285.269989
1018	285.25
1019	285.1900024
1020	285.2099915
1021	285.2099915
1022	285.1600037
1023	285.1600037
1024	285.1400146
1025	285.1199951
1026	285.0799866
1027	285.1000061
1028	285.1199951
1029	285.0400085
1030	285.0400085
1031	285.0400085
1032	284.980011
1033	284.980011
1034	285.019989
1035	285.0599976
1036	285.0599976
1037	285.019989
1038	285.0599976
1039	285.1000061
1040	285.1000061
1041	285.1000061
1042	285.25
1043	285.269989
1044	285.269989
1045	285.5400085
1046	285.5400085
1047	285.5599976
1048	285.519989
1049	285.519989
1050	285.480011
1051	285.4200134
1052	285.3500061
1053	285.3500061
1054	285.5
1055	285.5
1056	285.5400085
1057	285.6199951
1058	285.75
1059	285.7900085
1060	285.8999939
1061	286.1300049
1062	286.3399963
1063	286.4400024
1064	286.4599915
1065	286.5700073
1066	286.6300049
1067	286.6499939
1068	286.7999878
1069	286.7999878
1070	286.769989
1071	286.8999939
1072	286.8399963
1073	286.8800049
1074	286.9200134
1075	287.0100098
1076	287.0299988
1077	287.0100098
1078	287.1099854
1079	287.1300049
1080	287.1499939
1081	287.1700134
1082	287.1099854
1083	287.0899963
1084	287.1700134
1085	287.1700134
1086	287.1099854
1087	287.1700134
1088	287.1700134
1089	287.2399902
1090	287.2399902
1091	287.2099915
1092	287.2099915
1093	287.1700134
1094	287.1700134
1095	287.1499939
1096	287.2799988
1097	287.2799988
1098	287.2099915
1099	287.2099915
1100	287.3200073
1101	287.3200073
1102	287.2999878
1103	287.3599854
1104	287.3599854
1105	287.3399963
1106	287.3399963
1107	287.3200073
1108	287.2600098
1109	287.2799988
1110	287.2999878
1111	287.3399963
1112	287.3399963
1113	287.3599854
1114	287.3599854
1115	287.3399963
1116	287.3200073
1117	287.3200073
1118	287.2799988
1119	287.3599854
1120	287.3399963
1121	287.3399963
1122	287.3399963
1123	287.3399963
1124	287.3399963
1125	287.3599854
1126	287.2999878
1127	287.2999878
1128	287.3399963
1129	287.3599854
1130	287.3800049
1131	287.3800049
1132	287.3399963
1133	287.3399963
1134	287.3399963
1135	287.4200134
1136	287.4400024
1137	287.4400024
1138	287.4200134
1139	287.3800049
1140	287.4200134
1141	287.4200134
1142	287.3999939
1143	287.3999939
1144	287.3999939
1145	287.3999939
1146	287.4400024
1147	287.3800049
1148	287.3800049
1149	287.3800049
1150	287.4200134
1151	287.5100098
1152	287.5100098
1153	287.5299988
1154	287.4400024
1155	287.4700012
1156	287.4700012
1157	287.5499878
1158	287.5499878
1159	287.5700073
1160	287.5499878
1161	287.5499878
1162	287.5100098
1163	287.5100098
1164	287.5299988
1165	287.5700073
1166	287.5299988
1167	287.5899963
1168	287.5700073
1169	287.5700073
1170	287.5700073
1171	287.5100098
1172	287.4899902
1173	287.4400024
1174	287.5499878
1175	287.4700012
1176	287.5299988
1177	287.4899902
1178	287.4899902
1179	287.4400024
1180	287.4700012
1181	287.4700012
1182	287.4400024
1183	287.3599854
1184	287.3599854
1185	287.4200134
1186	287.4200134
1187	287.5100098
1188	287.5100098
1189	287.3599854
1190	287.3200073
1191	287.3200073
1192	287.3800049
1193	287.3200073
1194	287.2999878
1195	287.2999878
1196	287.3800049
1197	287.3399963
1198	287.3399963
1199	287.3999939
1200	287.3999939
1201	287.4400024
1202	287.4400024
1203	287.4899902
1204	287.4200134
1205	287.4899902
1206	287.4200134
1207	287.4200134
1208	287.4200134
1209	287.3999939
1210	287.4400024
1211	287.4899902
1212	287.4400024
1213	287.4899902
1214	287.4700012
1215	287.4700012
1216	287.4400024
1217	287.4899902
1218	287.3999939
1219	287.4200134
1220	287.3399963
1221	287.2099915
1222	287.1900024
1223	287.0700073
1224	287.0700073
1225	287.0700073
1226	287.1099854
1227	287.1099854
1228	287.1499939
1229	287.1700134
1230	287.2099915
1231	287.1900024
1232	287.1300049
1233	287.0899963
1234	287.0899963
1235	286.480011
1236	285.730011
1237	285.480011
1238	284.980011
1239	284.6199951
1240	284.4100037
1241	284.1600037
1242	283.0899963
1243	282.4700012
1244	282.1099854
1245	281.480011
1246	281.0899963
1247	280.9200134
1248	280.7900085
1249	280.6700134
1250	280.6700134
1251	280.6300049
1252	280.6099854
1253	280.6300049
1254	280.519989
1255	280.5799866
1256	280.769989
1257	280.9599915
1258	281.1499939
1259	281.480011
1260	281.6300049
1261	282.0100098
1262	282.2999878
1263	282.4899902
1264	282.6600037
1265	282.8399963
1266	282.8399963
1267	282.9899902
1268	282.9500122
1269	282.9500122
1270	282.9100037
1271	283.1600037
1272	283.2999878
1273	283.2999878
1274	283.4899902
1275	283.6400146
1276	283.7000122
1277	283.7200012
1278	283.8299866
1279	283.8299866
1280	283.9100037
1281	284.0599976
1282	284.0400085
1283	284.0100098
1284	284.0599976
1285	284.0599976
1286	284.1600037
1287	284.1199951
1288	284.1400146
1289	284.1199951
1290	284.0100098
1291	283.9899902
1292	284.0400085
1293	284.0599976
1294	284.0799866
1295	284.1000061
1296	284.2399902
1297	284.3299866
1298	284.3299866
1299	284.2900085
1300	284.2399902
1301	284.2200012
1302	284.2200012
1303	284.1600037
1304	284.2399902
1305	284.2399902
1306	284.3299866
1307	284.3299866
1308	284.3500061
1309	284.3099976
1310	284.2900085
1311	284.3099976
1312	284.3500061
1313	284.5
1314	284.5400085
1315	284.5799866
1316	284.7000122
1317	284.8099976
1318	284.8500061
1319	284.7900085
1320	284.8699951
1321	284.9100037
1322	284.8500061
1323	284.8900146
1324	284.8099976
1325	284.8900146
1326	284.980011
1327	285
1328	284.9100037
1329	284.9599915
1330	285
1331	284.980011
1332	285.0400085
1333	284.980011
1334	284.9599915
1335	284.9299927
1336	284.8299866
1337	284.8299866
1338	284.8900146
1339	284.8699951
1340	284.8500061
1341	284.8299866
1342	284.75
1343	284.769989
1344	284.769989
1345	284.8500061
1346	284.8900146
1347	284.9100037
1348	284.8900146
1349	284.8500061
1350	284.7900085
1351	284.8299866
1352	284.8900146
1353	284.980011
1354	285.0400085
1355	285.0799866
1356	285.1000061
1357	285.1400146
1358	285.1199951
1359	285.1000061
1360	285.1600037
1361	285.019989
1362	285.0599976
1363	285.1000061
1364	285.1000061
1365	285.1199951
1366	285.0599976
1367	285.019989
1368	284.980011
1369	284.980011
1370	285.0400085
1371	285.0599976
1372	285.1199951
1373	285.1600037
1374	285.1199951
1375	285.1400146
1376	285.1400146
1377	285.0799866
1378	285.0400085
1379	285.0799866
1380	285.1199951
1381	285.1900024
1382	285.269989
1383	285.269989
1384	285.3299866
1385	285.2900085
1386	285.25
1387	285.1400146
1388	285.1400146
1389	285.230011
1390	285.2099915
1391	285.25
1392	285.3099976
1393	285.2900085
1394	285.269989
1395	285.269989
1396	285.2900085
1397	285.2900085
1398	285.230011
1399	285.1600037
1400	285.1400146
1401	285.1000061
1402	285.1900024
1403	285.1400146
1404	285.1900024
1405	285.1000061
1406	285
1407	285.0599976
1408	285.0599976
1409	285.1000061
1410	285.0599976
1411	285.0599976
1412	285
1413	285.1000061
1414	285.1199951
1415	285.1199951
1416	285.1199951
1417	285.019989
1418	285.019989
1419	285
1420	285.1199951
1421	285.1400146
1422	285.1900024
1423	285.1600037
1424	285.230011
1425	285.25
1426	285.3500061
1427	285.2099915
1428	285.1900024
1429	285.2099915
1430	285.1199951
1431	285.1600037
1432	285.25
1433	285.2900085
1434	285.269989
1435	285.1900024
1436	285.1900024
1437	285.1400146
1438	285.1199951
1439	285.1600037
1440	285.1600037
1441	285.1400146
1442	285.0599976
1443	285.1199951
1444	285.1199951
1445	285.1199951
1446	285.1199951
1447	285.1199951
1448	285.1600037
1449	285.1900024
1450	285.2099915
1451	285.2099915
1452	285.230011
1453	285.25
1454	285.25
1455	285.2900085
1456	285.3099976
1457	285.3299866
1458	285.3099976
1459	285.269989
1460	285.2900085
1461	285.2900085
1462	285.25
1463	285.269989
1464	285.3299866
1465	285.230011
1466	285.230011
1467	285.1900024
1468	285.230011
1469	285.1900024
1470	285.1900024
1471	285.1900024
1472	285.1000061
1473	285.1000061
1474	285.1199951
1475	285.25
1476	285.269989
1477	285.230011
1478	285.1199951
1479	285.1199951
1480	285.1600037
1481	285.1900024
1482	285.230011
1483	285.2099915
1484	285.2099915
1485	285.230011
1486	285.230011
1487	285.1900024
1488	285.1600037
1489	285.2099915
1490	285.269989
1491	285.2900085
1492	285.3699951
1493	285.3900146
1494	285.3500061
1495	285.25
1496	285.25
1497	285.2099915
1498	285.1900024
1499	285.269989
1500	285.3099976
1501	285.2900085
1502	285.3299866
1503	285.269989
1504	285.3299866
1505	285.3299866
1506	285.269989
1507	285.3099976
1508	285.269989
1509	285.25
1510	285.2099915
1511	285.2099915
1512	285.230011
1513	285.25
1514	285.230011
1515	285.2099915
1516	285.1900024
1517	285.1900024
1518	285.1900024
1519	285.3699951
1520	285.4400024
1521	285.3699951
1522	285.3500061
1523	285.3699951
1524	285.3699951
1525	285.3699951
1526	285.3900146
1527	285.3900146
1528	285.4400024
1529	285.5799866
1530	285.7099915
1531	285.75
1532	285.75
1533	286.019989
1534	286.1099854
1535	286.1700134
1536	286.3999939
1537	286.519989
1538	286.6099854
1539	286.6300049
1540	286.6300049
1541	286.6900024
1542	286.75
1543	286.9200134
1544	286.9599915
1545	287.0700073
1546	287.0499878
1547	287.0700073
1548	287.0700073
1549	287.1099854
1550	287.1099854
1551	287.1300049
1552	287.1700134
1553	287.2099915
1554	287.2099915
1555	287.1499939
1556	287.1700134
1557	287.1700134
1558	287.2099915
1559	287.2600098
1560	287.2099915
1561	287.2799988
1562	287.3200073
1563	287.2799988
1564	287.2799988
1565	287.3200073
1566	287.3399963
1567	287.3999939
1568	287.3200073
1569	287.3800049
1570	287.3399963
1571	287.3800049
1572	287.4899902
1573	287.4700012
1574	287.4899902
1575	287.4899902
1576	287.5100098
1577	287.5100098
1578	287.4700012
1579	287.5299988
1580	287.5499878
1581	287.5299988
1582	287.5299988
1583	287.5100098
1584	287.4700012
1585	287.5100098
1586	287.5100098
1587	287.4899902
1588	287.4700012
1589	287.4700012
1590	287.5700073
1591	287.5700073
1592	287.6099854
1593	287.5899963
1594	287.5499878
1595	287.5700073
1596	287.5700073
1597	287.5700073
1598	287.5700073
1599	287.5499878
1600	287.5499878
1601	287.5899963
1602	287.5499878
1603	287.5700073
1604	287.5299988
1605	287.5499878
1606	287.5299988
1607	287.4899902
1608	287.5700073
1609	287.5499878
1610	287.6099854
1611	287.5499878
1612	287.5700073
1613	287.6099854
1614	287.5700073
1615	287.6099854
1616	287.5499878
1617	287.5899963
1618	287.6099854
1619	287.5700073
1620	287.5700073
1621	287.5700073
1622	287.6099854
1623	287.6099854
1624	287.5899963
1625	287.5299988
1626	287.4700012
1627	287.4400024
1628	287.4400024
1629	287.5899963
1630	287.5700073
1631	287.6099854
1632	287.5899963
1633	287.5899963
1634	287.5899963
1635	287.5899963
1636	287.7200012
1637	287.7399902
1638	287.6700134
1639	287.6499939
1640	287.6300049
1641	287.6300049
1642	287.6300049
1643	287.6700134
1644	287.6300049
1645	287.6300049
1646	287.6099854
1647	287.6300049
1648	287.6300049
1649	287.6300049
1650	287.6499939
1651	287.6300049
1652	287.6300049
1653	287.6099854
1654	287.6700134
1655	287.6300049
1656	287.6499939
1657	287.6700134
1658	287.7000122
1659	287.6300049
1660	287.6300049
1661	287.7000122
1662	287.6499939
1663	287.6700134
1664	287.7000122
1665	287.6300049
1666	287.6499939
1667	287.6499939
1668	287.6499939
1669	287.7000122
1670	287.7000122
1671	287.7600098
1672	287.7000122
1673	287.7000122
1674	287.7000122
1675	287.6499939
1676	287.6300049
1677	287.6700134
1678	287.7000122
1679	287.6700134
1680	287.7600098
1681	287.7000122
1682	287.7600098
1683	287.7000122
1684	287.7000122
1685	287.6700134
1686	287.6499939
1687	287.6499939
1688	287.6700134
1689	287.7000122
1690	287.7000122
1691	287.7000122
1692	287.7000122
1693	287.7600098
1694	287.5700073
1695	287.6099854
1696	287.4899902
1697	287.3999939
1698	287.3599854
1699	287.3599854
1700	287.4700012
1701	287.4899902
1702	287.5499878
1703	287.4899902
1704	287.4400024
1705	287.4200134
1706	287.4200134
1707	287.2999878
1708	287.1099854
1709	286.9599915
1710	286.5700073
1711	285.9400024
1712	285.5
1713	285.0599976
1714	283.3500061
1715	282.9100037
1716	281.9599915
1717	281.019989
1718	280.6300049
1719	280.1700134
1720	279.9599915
1721	279.8299866
1722	279.8699951
1723	280.0400085
1724	280.4400024
1725	280.6900024
1726	281.1099854
1727	281.269989
1728	281.5899963
1729	281.7099915
1730	281.8599854
1731	281.8599854
1732	282.0299988
1733	282.2200012
1734	282.2000122
1735	282.2999878
1736	282.3200073
1737	282.4299927
1738	282.4299927
1739	282.5299988
1740	282.6600037
1741	282.7200012
1742	282.8200073
1743	282.9299927
1744	282.9899902
1745	283.0499878
1746	283.4700012
1747	283.7000122
1748	283.7399902
1749	283.8299866
1750	283.8299866
1751	283.9299927
1752	283.9700012
1753	284.0599976
1754	284.1000061
1755	284.1400146
1756	284.2000122
1757	284.1400146
1758	284.269989
1759	284.3699951
1760	284.3900146
1761	284.4100037
1762	284.4700012
1763	284.4500122
1764	284.5
1765	284.519989
1766	284.519989
1767	284.6199951
1768	284.75
1769	284.730011
1770	284.730011
1771	284.769989
1772	284.7900085
1773	284.75
1774	284.6799927
1775	284.769989
1776	284.8099976
1777	284.8099976
1778	284.75
1779	284.8099976
1780	284.769989
1781	284.8099976
1782	284.8900146
1783	284.9299927
1784	285
1785	285.019989
1786	284.9599915
1787	284.9100037
1788	284.8099976
1789	284.8900146
1790	284.8299866
1791	284.8900146
1792	284.9299927
1793	284.9100037
1794	284.9299927
1795	284.9100037
1796	284.8900146
1797	284.9100037
1798	284.8900146
1799	284.9100037
1800	284.980011
1801	284.9100037
1802	284.9100037
1803	284.9599915
1804	284.9299927
1805	284.9599915
1806	285.019989
1807	284.9599915
1808	284.980011
1809	284.980011
1810	285.0799866
1811	285.1199951
1812	285.1000061
1813	285.1600037
1814	285.1400146
1815	285.1400146
1816	285.1900024
1817	285.2099915
1818	285.230011
1819	285.25
1820	285.1000061
1821	285.0400085
1822	285.1000061
1823	285.0400085
1824	285.0599976
1825	285.0400085
1826	285.1000061
1827	285.0599976
1828	285.1000061
1829	285.0599976
1830	285.1199951
1831	285.0799866
1832	285.0799866
1833	285.1000061
1834	285.1400146
1835	285.2099915
1836	285.1600037
1837	285.1199951
1838	285.1400146
1839	285.1600037
1840	285.1199951
1841	285.1199951
1842	285.1900024
1843	285.269989
1844	285.2900085
1845	285.3099976
1846	285.3699951
1847	285.3900146
1848	285.3900146
1849	285.3099976
1850	285.269989
1851	285.230011
1852	285.1400146
1853	285.1900024
1854	285.2099915
1855	285.230011
1856	285.25
1857	285.25
1858	285.2900085
1859	285.269989
1860	285.2900085
1861	285.3099976
1862	285.3299866
1863	285.3099976
1864	285.2900085
1865	285.3299866
1866	285.25
1867	285.269989
1868	285.1600037
1869	285.1600037
1870	285.019989
1871	284.9299927
1872	285
1873	285
1874	284.9599915
1875	285.0400085
1876	285.0599976
1877	285.1400146
1878	285.2900085
1879	285.3099976
1880	285.3099976
1881	285.269989
1882	285.25
1883	285.3299866
1884	285.3500061
1885	285.3099976
1886	285.25
1887	285.25
1888	285.269989
1889	285.230011
1890	285.25
1891	285.269989
1892	285.2099915
1893	285.1600037
1894	285.1600037
1895	285.2099915
1896	285.1900024
1897	285.3099976
1898	285.4200134
1899	285.3500061
1900	285.3900146
1901	285.3699951
1902	285.3500061
1903	285.3299866
1904	285.3099976
1905	285.3299866
1906	285.3299866
1907	285.3299866
1908	285.25
1909	285.25
1910	285.2099915
1911	285.269989
1912	285.269989
1913	285.1400146
1914	285.1199951
1915	285.1600037
1916	285.1900024
1917	285.25
1918	285.3299866
1919	285.3299866
1920	285.4400024
1921	285.3500061
1922	285.3500061
1923	285.3099976
1924	285.269989
1925	285.2900085
1926	285.230011
1927	285.2900085
1928	285.2900085
1929	285.3500061
1930	285.4200134
1931	285.3900146
1932	285.3900146
1933	285.3900146
1934	285.25
1935	285.269989
1936	285.230011
1937	285.2099915
1938	285.230011
1939	285.1199951
1940	285.2099915
1941	285.3299866
1942	285.3900146
1943	285.4200134
1944	285.4200134
1945	285.3500061
1946	285.3900146
1947	285.269989
1948	285.3699951
1949	285.3299866
1950	285.3699951
1951	285.3699951
1952	285.4200134
1953	285.4400024
1954	285.3500061
1955	285.5
1956	285.4599915
1957	285.4200134
1958	285.4200134
1959	285.4200134
1960	285.4400024
1961	285.4200134
1962	285.3699951
1963	285.3299866
1964	285.3900146
1965	285.2900085
1966	285.2900085
1967	285.3900146
1968	285.519989
1969	285.5599976
1970	285.5
1971	285.519989
1972	285.4400024
1973	285.3699951
1974	285.3699951
1975	285.4200134
1976	285.3900146
1977	285.3900146
1978	285.3699951
1979	285.3699951
1980	285.4200134
1981	285.3299866
1982	285.3699951
1983	285.3699951
1984	285.3900146
1985	285.3699951
1986	285.3900146
1987	285.4400024
1988	285.3900146
1989	285.4599915
1990	285.4599915
1991	285.5599976
1992	285.75
1993	285.769989
1994	285.7900085
1995	285.6700134
1996	285.6700134
1997	285.6900024
1998	285.6499939
1999	285.5599976
2000	285.4400024
2001	285.480011
2002	285.5799866
2003	285.7099915
2004	285.6900024
2005	286.019989
2006	286.1099854
2007	286.25
2008	286.4200134
2009	286.4599915
2010	286.5400085
2011	286.5899963
2012	286.730011
2013	286.8599854
2014	286.9599915
2015	286.9599915
2016	286.9599915
2017	287.0100098
2018	287.0499878
2019	287.1700134
2020	287.2099915
2021	287.2399902
2022	287.2399902
2023	287.3200073
2024	287.3399963
2025	287.3399963
2026	287.3800049
2027	287.4700012
2028	287.4200134
2029	287.4200134
2030	287.3999939
2031	287.3800049
2032	287.4200134
2033	287.4400024
2034	287.4200134
2035	287.5100098
2036	287.5100098
2037	287.5499878
2038	287.5299988
2039	287.5899963
2040	287.5499878
2041	287.5299988
2042	287.4700012
2043	287.4899902
2044	287.5100098
2045	287.5499878
2046	287.4899902
2047	287.4700012
2048	287.4899902
2049	287.4700012
2050	287.5299988
2051	287.5499878
2052	287.5100098
2053	287.5899963
2054	287.5899963
2055	287.6300049
2056	287.6300049
2057	287.6700134
2058	287.6300049
2059	287.6099854
2060	287.5899963
2061	287.5899963
2062	287.5700073
2063	287.6099854
2064	287.6499939
2065	287.5899963
2066	287.5899963
2067	287.5899963
2068	287.5700073
2069	287.5299988
2070	287.5899963
2071	287.5700073
2072	287.6099854
2073	287.5700073
2074	287.5299988
2075	287.5700073
2076	287.7000122
2077	287.6300049
2078	287.7000122
2079	287.7000122
2080	287.7000122
2081	287.7200012
2082	287.6300049
2083	287.6300049
2084	287.6099854
2085	287.6499939
2086	287.7000122
2087	287.6099854
2088	287.7200012
2089	287.7000122
2090	287.7000122
2091	287.7200012
2092	287.7200012
2093	287.7200012
2094	287.8399963
2095	287.8599854
2096	287.8399963
2097	287.7999878
2098	287.8399963
2099	287.8200073
2100	287.8200073
2101	287.7600098
2102	287.7600098
2103	287.7600098
2104	287.7200012
2105	287.7999878
2106	287.8200073
2107	287.7600098
2108	287.7200012
2109	287.7200012
2110	287.7399902
2111	287.6700134
2112	287.7200012
2113	287.7600098
2114	287.7000122
2115	287.7200012
2116	287.5899963
2117	287.6700134
2118	287.7200012
2119	287.6099854
2120	287.7000122
2121	287.6499939
2122	287.6099854
2123	287.7000122
2124	287.7200012
2125	287.7200012
2126	287.7200012
2127	287.8200073
2128	287.7999878
2129	287.7200012
2130	287.7000122
2131	287.6700134
2132	287.6700134
2133	287.7600098
2134	287.7799988
2135	287.7999878
2136	287.8599854
2137	287.7999878
2138	287.7999878
2139	287.7999878
2140	287.7600098
2141	287.7600098
2142	287.7799988
2143	287.7399902
2144	287.7200012
2145	287.6700134
2146	287.7000122
2147	287.7000122
2148	287.6700134
2149	287.7399902
2150	287.6499939
2151	287.7000122
2152	287.7000122
2153	287.6700134
2154	287.7200012
2155	287.7600098
2156	287.7999878
2157	287.7999878
2158	287.6700134
2159	287.7399902
2160	287.7399902
2161	287.7000122
2162	287.7200012
2163	287.6499939
2164	287.6499939
2165	287.7000122
2166	287.8599854
2167	287.7799988
2168	287.6499939
2169	287.5899963
2170	287.4200134
2171	287.4200134
2172	287.4200134
2173	287.4700012
2174	287.4400024
2175	287.4899902
2176	287.3399963
2177	287.4200134
2178	287.3999939
2179	287.4200134
2180	287.3399963
2181	287.0899963
2182	286.5400085
2183	285.75
2184	285.25
2185	284.8699951
2186	283.4700012
2187	283.0299988
2188	282.3399963
2189	281.6900024
2190	281.3399963
2191	280.730011
2192	280.5
2193	280.0400085
2194	279.8900146
2195	280
2196	280
2197	280.3999939
2198	280.6700134
2199	280.769989
2200	280.9200134
2201	281.1700134
2202	281.5
2203	281.5
2204	282.1099854
2205	282.3200073
2206	282.4299927
2207	282.6799927
2208	282.8399963
2209	282.9899902
2210	282.9899902
2211	283.1799927
2212	283.2600098
2213	283.2600098
2214	283.3500061
2215	283.4299927
2216	283.4899902
2217	283.5299988
2218	283.6400146
2219	283.6600037
2220	283.7600098
2221	283.7799988
2222	283.8500061
2223	283.8900146
2224	284.0100098
2225	284.0100098
2226	284.0799866
2227	284.1000061
2228	284.1600037
2229	284.2200012
2230	284.269989
2231	284.2200012
2232	284.1600037
2233	284.1600037
2234	284.1199951
2235	284.1199951
2236	284.0799866
2237	284.0799866
2238	284.0400085
2239	284.1400146
2240	284.3099976
2241	284.4100037
2242	284.4100037
2243	284.4500122
2244	284.5400085
2245	284.5400085
2246	284.6000061
2247	284.6199951
2248	284.6199951
2249	284.6600037
2250	284.6199951
2251	284.5599976
2252	284.5599976
2253	284.6000061
2254	284.6000061
2255	284.6600037
2256	284.6600037
2257	284.6799927
2258	284.75
2259	284.75
2260	284.8900146
2261	284.8699951
2262	284.8500061
2263	284.9100037
2264	284.9299927
2265	284.980011
2266	284.9599915
2267	284.9299927
2268	284.9299927
2269	284.8099976
2270	284.7900085
2271	284.7900085
2272	284.7900085
2273	284.8299866
2274	284.8299866
2275	284.8900146
2276	284.9599915
2277	284.980011
2278	284.9599915
2279	285.019989
2280	285.0400085
2281	285.0400085
2282	285.0400085
2283	284.9100037
2284	284.9100037
2285	284.9100037
2286	284.9299927
2287	284.8900146
2288	284.8900146
2289	284.8900146
2290	284.9100037
2291	284.980011
2292	285.019989
2293	285.0400085
2294	285.019989
2295	285.019989
2296	285.1000061
2297	285.1400146
2298	285.1199951
2299	285.1199951
2300	285.1000061
2301	285.230011
2302	285.25
2303	285.3299866
2304	285.3299866
2305	285.2900085
2306	285.2900085
2307	285.2099915
2308	285.1199951
2309	285.1600037
2310	285.2099915
2311	285.25
2312	285.3500061
2313	285.3500061
2314	285.3299866
2315	285.2900085
2316	285.3099976
2317	285.3099976
2318	285.25
2319	285.3299866
2320	285.3299866
2321	285.3500061
2322	285.3699951
2323	285.3699951
2324	285.3900146
2325	285.4200134
2326	285.4200134
2327	285.4599915
2328	285.2099915
2329	285.2099915
2330	285.1600037
2331	285.25
2332	285.269989
2333	285.3099976
2334	285.269989
2335	285.25
2336	285.2900085
2337	285.269989
2338	285.25
2339	285.25
2340	285.230011
2341	285.1000061
2342	285.1400146
2343	285.2900085
2344	285.3299866
2345	285.3299866
2346	285.4200134
2347	285.3900146
2348	285.3900146
2349	285.3299866
2350	285.3299866
2351	285.4200134
2352	285.4200134
2353	285.480011
2354	285.4200134
2355	285.480011
2356	285.3900146
2357	285.480011
2358	285.4599915
2359	285.4599915
2360	285.3500061
2361	285.4200134
2362	285.3500061
2363	285.269989
2364	285.230011
2365	285.2099915
2366	285.2900085
2367	285.1199951
2368	285.0799866
2369	285.0400085
2370	285.1400146
2371	285.0799866
2372	285.1600037
2373	285.1600037
2374	285.1400146
2375	285.1400146
2376	285.230011
2377	285.230011
2378	285.2099915
2379	285.1900024
2380	285.1900024
2381	285.2099915
2382	285.2099915
2383	285.1600037
2384	285.1600037
2385	285.1900024
2386	285.1900024
2387	285.1900024
2388	285.1400146
2389	285.1400146
2390	285.230011
2391	285.230011
2392	285.2900085
2393	285.230011
2394	285.25
2395	285.1600037
2396	285.1400146
2397	285.1900024
2398	285.1600037
2399	285.2099915
2400	285.1400146
2401	285.0599976
2402	285.019989
2403	285.1000061
2404	285.0799866
2405	285.1400146
2406	285.1199951
2407	285.1400146
2408	285.1199951
2409	285.1600037
2410	285.1900024
2411	285.25
2412	285.3099976
2413	285.230011
2414	285.1600037
2415	285.1400146
2416	285.1400146
2417	285.230011
2418	285.3500061
2419	285.3900146
2420	285.5
2421	285.4400024
2422	285.3900146
2423	285.3900146
2424	285.3099976
2425	285.3699951
2426	285.2900085
2427	285.25
2428	285.3299866
2429	285.2900085
2430	285.3699951
2431	285.4200134
2432	285.3900146
2433	285.4400024
2434	285.4400024
2435	285.4599915
2436	285.4200134
2437	285.3699951
2438	285.3299866
2439	285.3500061
2440	285.4200134
2441	285.3900146
2442	285.3900146
2443	285.3299866
2444	285.269989
2445	285.25
2446	285.25
2447	285.2099915
2448	285.2099915
2449	285.269989
2450	285.1900024
2451	285.230011
2452	285.2900085
2453	285.230011
2454	285.230011
2455	285.230011
2456	285.2900085
2457	285.269989
2458	285.230011
2459	285.1000061
2460	285.1000061
2461	285.1400146
2462	285.1400146
2463	285.1400146
2464	285.3299866
2465	285.4599915
2466	285.519989
2467	285.5
2468	285.5799866
2469	285.4599915
2470	285.480011
2471	285.4599915
2472	285.4200134
2473	285.4400024
2474	285.4599915
2475	285.5799866
2476	285.5799866
2477	285.730011
2478	285.769989
2479	285.8800049
2480	286
2481	286.1099854
2482	286.25
2483	286.3099976
2484	286.4599915
2485	286.7099915
2486	286.8200073
2487	286.8200073
2488	286.9400024
2489	286.980011
2490	287.0100098
2491	287.0899963
2492	287.1300049
2493	287.2600098
2494	287.2600098
2495	287.2600098
2496	287.3200073
2497	287.2399902
2498	287.2399902
2499	287.2600098
2500	287.2999878
2501	287.2999878
2502	287.4700012
2503	287.4899902
2504	287.3800049
2505	287.4400024
2506	287.5299988
2507	287.4899902
2508	287.4400024
2509	287.5299988
2510	287.4700012
2511	287.5700073
2512	287.5499878
2513	287.5899963
2514	287.6099854
2515	287.5499878
2516	287.6300049
2517	287.6499939
2518	287.6099854
2519	287.6099854
2520	287.5700073
2521	287.7000122
2522	287.6499939
2523	287.6700134
2524	287.6700134
2525	287.7399902
2526	287.7399902
2527	287.7600098
2528	287.7200012
2529	287.7000122
2530	287.7000122
2531	287.6700134
2532	287.5899963
2533	287.5899963
2534	287.6499939
2535	287.6099854
2536	287.6700134
2537	287.7600098
2538	287.7200012
2539	287.7600098
2540	287.7600098
2541	287.7399902
2542	287.7600098
2543	287.6700134
2544	287.7600098
2545	287.7799988
2546	287.7200012
2547	287.6700134
2548	287.7600098
2549	287.7399902
2550	287.7399902
2551	287.6700134
2552	287.7200012
2553	287.6499939
2554	287.7399902
2555	287.7200012
2556	287.6700134
2557	287.7000122
2558	287.7000122
2559	287.7000122
2560	287.5899963
2561	287.6099854
2562	287.6099854
2563	287.6700134
2564	287.7799988
2565	287.7799988
2566	287.6700134
2567	287.7399902
2568	287.7799988
2569	287.7799988
2570	287.7399902
2571	287.6700134
2572	287.6700134
2573	287.6700134
2574	287.6700134
2575	287.7000122
2576	287.6300049
2577	287.7600098
2578	287.7799988
2579	287.8399963
2580	287.8200073
2581	287.7999878
2582	287.8200073
2583	287.7799988
2584	287.7600098
2585	287.7799988
2586	287.7799988
2587	287.8200073
2588	287.8200073
2589	287.8200073
2590	287.7399902
2591	287.7999878
2592	287.7799988
2593	287.7999878
2594	287.7600098
2595	287.7799988
2596	287.7600098
2597	287.7600098
2598	287.8200073
2599	287.8599854
2600	287.8200073
2601	287.8399963
2602	287.8599854
2603	287.8999939
2604	287.8999939
2605	287.8800049
2606	287.8599854
2607	287.8200073
2608	287.7999878
2609	287.7399902
2610	287.7600098
2611	287.7799988
2612	287.7200012
2613	287.7200012
2614	287.7200012
2615	287.7600098
2616	287.7600098
2617	287.8200073
2618	287.7799988
2619	287.7799988
2620	287.7200012
2621	287.7799988
2622	287.7200012
2623	287.8200073
2624	287.7399902
2625	287.7399902
2626	287.6700134
2627	287.7200012
2628	287.7000122
2629	287.7000122
2630	287.6499939
2631	287.7200012
2632	287.7200012
2633	287.7200012
2634	287.7200012
2635	287.7399902
2636	287.7399902
2637	287.7000122
2638	287.6300049
2639	287.5899963
2640	287.7000122
2641	287.5100098
2642	287.3800049
2643	287.3800049
2644	287.2600098
2645	287.3399963
2646	287.3599854
2647	287.3599854
2648	287.2999878
2649	287.2600098
2650	287.2600098
2651	287.2799988
2652	287.2799988
2653	287.3399963
2654	287.1900024
2655	286.9400024
2656	286.1499939
2657	285.7900085
2658	285
2659	284.1799927
2660	283.3500061
2661	282.5299988
2662	282.2000122
2663	281.269989
2664	280.9400024
2665	280.2900085
2666	279.8500061
2667	279.5599976
2668	279.5599976
2669	279.7900085
2670	280.1499939
2671	280.3299866
2672	280.6700134
2673	281
2674	281.269989
2675	281.269989
2676	281.6499939
2677	281.8599854
2678	281.8999939
2679	282.0899963
2680	282.2399902
2681	282.3399963
2682	282.3999939
2683	282.6099854
2684	282.7000122
2685	282.7399902
2686	282.8599854
2687	282.9700012
2688	283.0499878
2689	283.1199951
2690	283.4100037
2691	283.4899902
2692	283.6400146
2693	283.7000122
2694	283.7000122
2695	283.7399902
2696	283.6799927
2697	283.7799988
2698	283.8299866
2699	283.9100037
2700	283.9100037
2701	283.9899902
2702	284.1000061
2703	284.1000061
2704	284.1400146
2705	284.2200012
2706	284.3699951
2707	284.3699951
2708	284.4299927
2709	284.5
2710	284.519989
2711	284.4700012
2712	284.5
2713	284.5799866
2714	284.5799866
2715	284.7900085
2716	284.7900085
2717	284.8900146
2718	284.8699951
2719	284.8500061
2720	284.8500061
2721	284.8699951
2722	284.8500061
2723	284.8699951
2724	284.8299866
2725	284.8699951
2726	284.769989
2727	284.7900085
2728	284.7900085
2729	284.8900146
2730	284.8699951
2731	284.8500061
2732	284.8699951
2733	284.8900146
2734	284.8900146
2735	284.9100037
2736	284.8299866
2737	284.8900146
2738	284.9599915
2739	284.9599915
2740	284.9100037
2741	284.9100037
2742	284.8900146
2743	284.9100037
2744	284.8900146
2745	284.9100037
2746	284.9100037
2747	284.7900085
2748	284.75
2749	284.8099976
2750	284.8099976
2751	284.7900085
2752	284.8299866
2753	284.7900085
2754	284.9100037
2755	284.9299927
2756	284.9599915
2757	284.980011
2758	284.9599915
2759	284.9299927
2760	284.8299866
2761	284.9100037
2762	284.9599915
2763	285
2764	285.1199951
2765	285.1600037
2766	285.1900024
2767	285.25
2768	285.230011
2769	285.1600037
2770	285.1900024
2771	285.1900024
2772	285.0799866
2773	285.1199951
2774	285.0799866
2775	285.1900024
2776	285.2099915
2777	285.1900024
2778	285.1900024
2779	285.269989
2780	285.2099915
2781	285.2099915
2782	285.25
2783	285.3299866
2784	285.2900085
2785	285.2900085
2786	285.25
2787	285.230011
2788	285.3099976
2789	285.230011
2790	285.230011
2791	285.1900024
2792	285.2099915
2793	285.0799866
2794	285.0799866
2795	285.1600037
2796	285.230011
2797	285.230011
2798	285.230011
2799	285.230011
2800	285.1199951
2801	285.1000061
2802	285.1400146
2803	285.1199951
2804	285.1199951
2805	285.0599976
2806	285.0799866
2807	285.1199951
2808	285.1400146
2809	285.1000061
2810	285.1000061
2811	285.1000061
2812	285.1600037
2813	285.1199951
2814	285.0599976
2815	284.980011
2816	285.0400085
2817	285.0400085
2818	285.0599976
2819	285.0400085
2820	284.9100037
2821	284.9599915
2822	284.9299927
2823	284.9299927
2824	284.9100037
2825	284.980011
2826	285.019989
2827	285
2828	285.0799866
2829	285.1400146
2830	285.1199951
2831	285.1000061
2832	285.0400085
2833	285.0599976
2834	285
2835	285.0799866
2836	285.1400146
2837	285.1000061
2838	285.1600037
2839	285.25
2840	285.230011
2841	285.269989
2842	285.3500061
2843	285.3900146
2844	285.3500061
2845	285.3099976
2846	285.3699951
2847	285.3299866
2848	285.3900146
2849	285.3900146
2850	285.3299866
2851	285.3699951
2852	285.3699951
2853	285.3500061
2854	285.2900085
2855	285.25
2856	285.25
2857	285.25
2858	285.25
2859	285.2099915
2860	285.1600037
2861	285.2099915
2862	285.2099915
2863	285.230011
2864	285.25
2865	285.25
2866	285.1400146
2867	285.0599976
2868	285
2869	284.8900146
2870	284.8900146
2871	284.9100037
2872	285
2873	285
2874	285.0599976
2875	285.019989
2876	285.1000061
2877	285.1000061
2878	285.1199951
2879	285.25
2880	285.1900024
2881	285.1900024
2882	285.3099976
2883	285.3099976
2884	285.3299866
2885	285.3299866
2886	285.3699951
2887	285.269989
2888	285.269989
2889	284.9599915
2890	285.0400085
2891	285.0799866
2892	285.1400146
2893	284.9599915
2894	284.8099976
2895	284.8099976
2896	284.769989
2897	284.769989
2898	284.8299866
2899	284.9599915
2900	285.0400085
2901	285.0400085
2902	285.0400085
2903	285.1199951
2904	285.1400146
2905	285.1400146
2906	285.2099915
2907	285.230011
2908	285.269989
2909	285.3500061
2910	285.3500061
2911	285.3099976
2912	285.3500061
2913	285.3699951
2914	285.4200134
2915	285.3900146
2916	285.4200134
2917	285.3699951
2918	285.3099976
2919	285.269989
2920	285.269989
2921	285.2900085
2922	285.2900085
2923	285.3500061
2924	285.3500061
2925	285.3500061
2926	285.3900146
2927	285.3900146
2928	285.3900146
2929	285.3299866
2930	285.25
2931	285.2900085
2932	285.3099976
2933	285.3500061
2934	285.269989
2935	285.3500061
2936	285.3500061
2937	285.3299866
2938	285.5799866
2939	285.7099915
2940	285.7099915
2941	285.6900024
2942	285.5799866
2943	285.5799866
2944	285.5799866
2945	285.6199951
2946	285.6499939
2947	285.75
2948	285.769989
2949	285.8500061
2950	285.980011
2951	285.980011
2952	285.980011
2953	286.269989
2954	286.3999939
2955	286.5400085
2956	286.6300049
2957	286.75
2958	286.75
2959	286.75
2960	286.8800049
2961	286.8999939
2962	286.9400024
2963	287.0700073
2964	287.1099854
2965	287.1900024
2966	287.1900024
2967	287.1900024
2968	287.2099915
2969	287.2099915
2970	287.1700134
2971	287.1900024
2972	287.2799988
2973	287.3800049
2974	287.4400024
2975	287.4400024
2976	287.4200134
2977	287.4700012
2978	287.4700012
2979	287.4200134
2980	287.4700012
2981	287.4200134
2982	287.4200134
2983	287.3599854
2984	287.4400024
2985	287.4700012
2986	287.4899902
2987	287.4899902
2988	287.5499878
2989	287.5499878
2990	287.6300049
2991	287.6300049
2992	287.5700073
2993	287.5700073
2994	287.5499878
2995	287.5299988
2996	287.5100098
2997	287.5499878
2998	287.5499878
2999	287.4700012
3000	287.4400024
3001	287.4700012
3002	287.4899902
3003	287.5700073
3004	287.5299988
3005	287.5899963
3006	287.6099854
3007	287.6700134
3008	287.5899963
3009	287.7000122
3010	287.6099854
3011	287.5899963
3012	287.5700073
3013	287.5499878
3014	287.5899963
3015	287.5899963
3016	287.5700073
3017	287.6099854
3018	287.5899963
3019	287.6300049
3020	287.5499878
3021	287.5899963
3022	287.6099854
3023	287.6099854
3024	287.5299988
3025	287.5700073
3026	287.6099854
3027	287.6300049
3028	287.6700134
3029	287.6700134
3030	287.6700134
3031	287.6099854
3032	287.6099854
3033	287.5899963
3034	287.5499878
3035	287.5899963
3036	287.5700073
3037	287.5700073
3038	287.6499939
3039	287.6300049
3040	287.6700134
3041	287.6499939
3042	287.6499939
3043	287.6499939
3044	287.6700134
3045	287.6499939
3046	287.6499939
3047	287.6700134
3048	287.6700134
3049	287.5899963
3050	287.6099854
3051	287.6499939
3052	287.6300049
3053	287.6499939
3054	287.6300049
3055	287.6300049
3056	287.6499939
3057	287.6300049
3058	287.6300049
3059	287.6499939
3060	287.6300049
3061	287.5700073
3062	287.5700073
3063	287.6499939
3064	287.6700134
3065	287.6099854
3066	287.6700134
3067	287.7200012
3068	287.7600098
3069	287.7600098
3070	287.7799988
3071	287.7399902
3072	287.7600098
3073	287.7600098
3074	287.7399902
3075	287.7799988
3076	287.7600098
3077	287.7200012
3078	287.7000122
3079	287.7200012
3080	287.7399902
3081	287.6300049
3082	287.7000122
3083	287.7200012
3084	287.8399963
3085	287.7999878
3086	287.8200073
3087	287.8599854
3088	287.7999878
3089	287.8399963
3090	287.7799988
3091	287.7600098
3092	287.7600098
3093	287.7200012
3094	287.6300049
3095	287.6700134
3096	287.7000122
3097	287.6700134
3098	287.6700134
3099	287.7000122
3100	287.7200012
3101	287.7200012
3102	287.7000122
3103	287.7200012
3104	287.6499939
3105	287.7000122
3106	287.7600098
3107	287.7799988
3108	287.7799988
3109	287.7999878
3110	287.8200073
3111	287.8399963
3112	287.8200073
3113	287.7799988
3114	287.7600098
3115	287.6700134
3116	287.4700012
3117	287.4200134
3118	287.3999939
3119	287.4400024
3120	287.5100098
3121	287.5899963
3122	287.5899963
3123	287.5100098
3124	287.5100098
3125	287.5100098
3126	287.3800049
3127	287.3399963
3128	287.1900024
3129	287.0299988
3130	286.5400085
3131	285.9599915
3132	285.019989
3133	285.019989
3134	283.1600037
3135	282.1499939
3136	281.7600098
3137	281.3399963
3138	280.9599915
3139	280.6700134
3140	280.6700134
3141	280.480011
3142	280.3999939
3143	280.5400085
3144	280.8599854
3145	281.1099854
3146	281.1700134
3147	281.2099915
3148	281.6300049
3149	281.8200073
3150	281.8800049
3151	282.0700073
3152	282.1099854
3153	282.1499939
3154	282.2000122
3155	282.4700012
3156	282.4299927
3157	282.7200012
3158	282.8399963
3159	282.8900146
3160	282.9899902
3161	282.9899902
3162	283.1199951
3163	283.2200012
3164	283.3500061
3165	283.4700012
3166	283.4500122
3167	283.5499878
3168	283.6400146
3169	283.6600037
3170	283.6600037
3171	283.6799927
3172	283.6799927
3173	283.7200012
3174	283.8099976
3175	283.7799988
3176	283.9700012
3177	284.0799866
3178	284.1600037
3179	284.1600037
3180	284.1799927
3181	284.2200012
3182	284.3500061
3183	284.5
3184	284.5400085
3185	284.6000061
3186	284.5799866
3187	284.4299927
3188	284.4100037
3189	284.4299927
3190	284.4299927
3191	284.3500061
3192	284.3699951
3193	284.3699951
3194	284.519989
3195	284.5400085
3196	284.5799866
3197	284.6199951
3198	284.7000122
3199	284.6600037
3200	284.75
3201	284.769989
3202	284.8299866
3203	284.7900085
3204	284.7900085
3205	284.8299866
3206	284.8900146
3207	284.980011
3208	285
3209	285.0400085
3210	285.0400085
3211	285.0400085
3212	284.9299927
3213	284.8900146
3214	284.8900146
3215	284.9299927
3216	284.9599915
3217	285
3218	285
3219	285
3220	285.0599976
3221	285
3222	285.019989
3223	285.0599976
3224	285.0400085
3225	285.0599976
3226	285.1000061
3227	285.0400085
3228	285.0599976
3229	285.0599976
3230	284.980011
3231	284.980011
3232	284.980011
3233	285.0799866
3234	285.1000061
3235	285.1199951
3236	285.1600037
3237	285.1900024
3238	285.2900085
3239	285.269989
3240	285.230011
3241	285.269989
3242	285.25
3243	285.25
3244	285.269989
3245	285.3099976
3246	285.3299866
3247	285.269989
3248	285.2900085
3249	285.3299866
3250	285.3299866
3251	285.3900146
3252	285.3900146
3253	285.3900146
3254	285.4200134
3255	285.4400024
3256	285.4400024
3257	285.4200134
3258	285.3500061
3259	285.3500061
3260	285.269989
3261	285.3099976
3262	285.3299866
3263	285.3299866
3264	285.3500061
3265	285.269989
3266	285.3699951
3267	285.269989
3268	285.269989
3269	285.2900085
3270	285.3500061
3271	285.3500061
3272	285.3699951
3273	285.3500061
3274	285.2900085
3275	285.2900085
3276	285.1900024
3277	285.230011
3278	285.230011
3279	285.269989
3280	285.3699951
3281	285.3900146
3282	285.3900146
3283	285.2900085
3284	285.230011
3285	285.1900024
3286	285.1900024
3287	285.1199951
3288	285.1199951
3289	285.1199951
3290	285.1400146
3291	285.2099915
3292	285.2099915
3293	285.2900085
3294	285.269989
3295	285.25
3296	285.2099915
3297	285.1400146
3298	285.2099915
3299	285.3099976
3300	285.2099915
3301	285.1400146
3302	285.1400146
3303	285.1199951
3304	285.1600037
3305	285.1400146
3306	285.0799866
3307	285.1600037
3308	285.1900024
3309	285.25
3310	285.2900085
3311	285.3099976
3312	285.2099915
3313	285.1400146
3314	285.1400146
3315	285.1000061
3316	285.0799866
3317	285.0599976
3318	285.0799866
3319	285.1000061
3320	285.1000061
3321	285.1000061
3322	285.1000061
3323	285.1199951
3324	285.1000061
3325	285.2099915
3326	285.2900085
3327	285.269989
3328	285.2900085
3329	285.230011
3330	285.2900085
3331	285.3099976
3332	285.269989
3333	285.230011
3334	285.25
3335	285.2900085
3336	285.1900024
3337	285.230011
3338	285.2900085
3339	285.2900085
3340	285.269989
3341	285.269989
3342	285.25
3343	285.3099976
3344	285.3500061
3345	285.4200134
3346	285.4200134
3347	285.3500061
3348	285.3099976
3349	285.3299866
3350	285.3099976
3351	285.269989
3352	285.2099915
3353	285.2099915
3354	285.269989
3355	285.25
3356	285.230011
3357	285.269989
3358	285.2099915
3359	285.230011
3360	285.230011
3361	285.3900146
3362	285.3900146
3363	285.3699951
3364	285.4200134
3365	285.3299866
3366	285.269989
3367	285.3099976
3368	285.3299866
3369	285.3099976
3370	285.25
3371	285.269989
3372	285.3299866
3373	285.230011
3374	285.3099976
3375	285.1900024
3376	285.230011
3377	285.269989
3378	285.25
3379	285.230011
3380	285.1000061
3381	285.1000061
3382	285.1199951
3383	285.1900024
3384	285.25
3385	285.25
3386	285.2900085
3387	285.269989
3388	285.25
3389	285.269989
3390	285.2900085
3391	285.2900085
3392	285.2900085
3393	285.2900085
3394	285.3099976
3395	285.3500061
3396	285.3699951
3397	285.3500061
3398	285.3500061
3399	285.3099976
3400	285.230011
3401	285.2099915
3402	285.2099915
3403	285.230011
3404	285.2099915
3405	285.1199951
3406	285.0799866
3407	285.1199951
3408	285.0799866
3409	285.2099915
3410	285.1900024
3411	285.1900024
3412	285.3699951
3413	285.3099976
3414	285.3699951
3415	285.3500061
3416	285.269989
3417	285.3299866
3418	285.3299866
3419	285.3900146
3420	285.480011
3421	285.5799866
3422	285.6900024
3423	285.8500061
3424	285.8500061
3425	285.9200134
3426	286.0799866
3427	286.0799866
3428	286.3099976
3429	286.4200134
3430	286.6099854
3431	286.6099854
3432	286.769989
3433	286.769989
3434	286.769989
3435	286.8399963
3436	286.8999939
3437	286.9400024
3438	286.9599915
3439	287.0899963
3440	287.0100098
3441	287.0499878
3442	287.1300049
3443	287.1300049
3444	287.1700134
3445	287.1900024
3446	287.2999878
3447	287.2799988
3448	287.3599854
3449	287.2600098
3450	287.2600098
3451	287.1900024
3452	287.2399902
3453	287.2799988
3454	287.3399963
3455	287.3200073
3456	287.3200073
3457	287.3399963
3458	287.3599854
3459	287.3599854
3460	287.3399963
3461	287.3999939
3462	287.4400024
3463	287.4400024
3464	287.4899902
3465	287.3999939
3466	287.4400024
3467	287.4200134
3468	287.4400024
3469	287.4400024
3470	287.4400024
3471	287.4700012
3472	287.4899902
3473	287.5499878
3474	287.5899963
3475	287.5700073
3476	287.5700073
3477	287.5299988
3478	287.5700073
3479	287.5700073
3480	287.6300049
3481	287.5700073
3482	287.5899963
3483	287.5499878
3484	287.5899963
3485	287.5100098
3486	287.5299988
3487	287.4899902
3488	287.5100098
3489	287.5299988
3490	287.5700073
3491	287.5700073
3492	287.6099854
3493	287.5899963
3494	287.7200012
3495	287.7200012
3496	287.7000122
3497	287.7399902
3498	287.6700134
3499	287.6099854
3500	287.6300049
3501	287.5700073
3502	287.5700073
3503	287.5299988
3504	287.4899902
3505	287.4899902
3506	287.4899902
3507	287.5499878
3508	287.5899963
3509	287.5299988
3510	287.6099854
3511	287.6499939
3512	287.6700134
3513	287.6499939
3514	287.6300049
3515	287.6099854
3516	287.6300049
3517	287.5899963
3518	287.6099854
3519	287.6099854
3520	287.5499878
3521	287.5899963
3522	287.5700073
3523	287.5899963
3524	287.6499939
3525	287.6499939
3526	287.6300049
3527	287.6300049
3528	287.5700073
3529	287.5899963
3530	287.5899963
3531	287.6099854
3532	287.6099854
3533	287.5899963
3534	287.5899963
3535	287.5700073
3536	287.4899902
3537	287.5100098
3538	287.5499878
3539	287.5299988
3540	287.5499878
3541	287.5499878
3542	287.6700134
3543	287.6499939
3544	287.7000122
3545	287.5899963
3546	287.6300049
3547	287.5899963
3548	287.5899963
3549	287.5700073
3550	287.5700073
3551	287.6099854
3552	287.5700073
3553	287.5700073
3554	287.5299988
3555	287.6099854
3556	287.5499878
3557	287.5700073
3558	287.6300049
3559	287.6099854
3560	287.6300049
3561	287.5499878
3562	287.5499878
3563	287.6099854
3564	287.5499878
3565	287.5100098
3566	287.5100098
3567	287.3999939
3568	287.4400024
3569	287.4899902
3570	287.5100098
3571	287.5899963
3572	287.6300049
3573	287.6300049
3574	287.5700073
3575	287.5499878
3576	287.5899963
3577	287.5499878
3578	287.5499878
3579	287.5700073
3580	287.5499878
3581	287.5299988
3582	287.5100098
3583	287.5299988
3584	287.5499878
3585	287.5899963
3586	287.5700073
3587	287.6499939
3588	287.3800049
3589	287.2600098
3590	287.1499939
3591	287.1300049
3592	287.0899963
3593	287.1499939
3594	287.1700134
3595	287.1300049
3596	287.2099915
3597	287.1700134
3598	287.2600098
3599	287.2399902
3600	287.2399902
3601	287.1300049
3602	286.8599854
3603	286.4599915
3604	286.1499939
3605	286.1499939
3606	285.1000061
3607	284.1600037
3608	283.5799866
3609	282.5299988
3610	281.6499939
3611	280.8800049
3612	280.8800049
3613	280.2900085
3614	280.1199951
3615	280.019989
3616	280.0400085
3617	280.2099915
3618	280.269989
3619	280.3500061
3620	280.4200134
3621	280.3999939
3622	280.4599915
3623	280.480011
3624	280.7099915
3625	280.7900085
3626	280.980011
3627	281.6499939
3628	281.8599854
3629	282.2999878
3630	282.5700073
3631	282.5700073
3632	282.7200012
3633	282.7999878
3634	282.8200073
3635	282.9500122
3636	283.0899963
3637	283.0899963
3638	283.1799927
3639	283.2000122
3640	283.2399902
3641	283.3900146
3642	283.5100098
3643	283.6400146
3644	283.6400146
3645	283.7399902
3646	283.7000122
3647	283.6600037
3648	283.6199951
3649	283.6199951
3650	283.5799866
3651	283.5299988
3652	283.6799927
3653	283.7000122
3654	283.7000122
3655	283.8099976
3656	283.8500061
3657	283.8900146
3658	283.8699951
3659	283.9100037
3660	283.9299927
3661	284.1199951
3662	284.2200012
3663	284.2399902
3664	284.3299866
3665	284.269989
3666	284.2399902
3667	284.269989
3668	284.3500061
3669	284.4299927
3670	284.4500122
3671	284.4500122
3672	284.5599976
3673	284.519989
3674	284.5400085
3675	284.5
3676	284.5
3677	284.519989
3678	284.5400085
3679	284.6199951
3680	284.6199951
3681	284.6600037
3682	284.7900085
3683	284.7900085
3684	284.730011
3685	284.7000122
3686	284.730011
3687	284.75
3688	284.730011
3689	284.730011
3690	284.75
3691	284.769989
3692	284.8099976
3693	284.769989
3694	284.7900085
3695	284.8099976
3696	284.769989
3697	284.769989
3698	284.8099976
3699	284.75
3700	284.8099976
3701	284.8099976
3702	284.8699951
3703	284.8699951
3704	284.8900146
3705	284.8900146
3706	284.8699951
3707	284.9599915
3708	284.9599915
3709	284.9599915
3710	284.980011
3711	284.980011
3712	284.9100037
3713	284.8699951
3714	284.730011
3715	284.730011
3716	284.6799927
3717	284.6600037
3718	284.6799927
3719	284.769989
3720	284.8099976
3721	284.9100037
3722	284.9100037
3723	285
3724	284.8900146
3725	284.9299927
3726	284.8900146
3727	284.980011
3728	284.980011
3729	284.8699951
3730	284.9599915
3731	284.980011
3732	284.9599915
3733	284.9599915
3734	284.8900146
3735	284.8900146
3736	284.8900146
3737	284.8900146
3738	284.8699951
3739	284.9100037
3740	284.8900146
3741	284.8699951
3742	284.8099976
3743	284.8699951
3744	284.9100037
3745	284.9299927
3746	284.9299927
3747	284.9299927
3748	284.8900146
3749	284.9100037
3750	284.9299927
3751	284.9599915
3752	284.980011
3753	284.9599915
3754	284.9599915
3755	284.8900146
3756	284.8900146
3757	284.9100037
3758	284.9299927
3759	284.9599915
3760	284.9599915
3761	285.0599976
3762	285.0599976
3763	285.0400085
3764	285.0799866
3765	284.980011
3766	284.9100037
3767	285
3768	285
3769	285
3770	285.0400085
3771	284.9299927
3772	284.9599915
3773	285
3774	285.1400146
3775	285.2099915
3776	285.25
3777	285.3099976
3778	285.269989
3779	285.269989
3780	285.25
3781	285.1900024
3782	285.2099915
3783	285.230011
3784	285.230011
3785	285.230011
3786	285.230011
3787	285.2099915
3788	285.25
3789	285.25
3790	285.269989
3791	285.2900085
3792	285.2900085
3793	285.2900085
3794	285.2099915
3795	285.1900024
3796	285.2099915
3797	285.269989
3798	285.269989
3799	285.2900085
3800	285.3099976
3801	285.3500061
3802	285.3900146
3803	285.3299866
3804	285.3099976
3805	285.2900085
3806	285.25
3807	285.269989
3808	285.1400146
3809	285.25
3810	285.1900024
3811	285.230011
3812	285.1600037
3813	285.1199951
3814	285.1900024
3815	285.1400146
3816	285.1600037
3817	285.25
3818	285.25
3819	285.1000061
3820	285.2099915
3821	285.1600037
3822	285.1400146
3823	285.1199951
3824	285.1000061
3825	285.1000061
3826	285.0799866
3827	285.019989
3828	284.9599915
3829	284.8699951
3830	284.7900085
3831	284.8900146
3832	284.8299866
3833	285
3834	285.0599976
3835	285.0400085
3836	285.019989
3837	285.0599976
3838	285.0599976
3839	285.1199951
3840	285.0799866
3841	285.1000061
3842	285.1600037
3843	285.1400146
3844	285.1900024
3845	285.1000061
3846	285.0799866
3847	285.1400146
3848	285.0599976
3849	285.0400085
3850	285
3851	285
3852	284.8900146
3853	284.9299927
3854	285.0400085
3855	285.0799866
3856	285.1199951
3857	285.1199951
3858	285.3299866
3859	285.2900085
3860	285.3099976
3861	285.3299866
3862	285.3099976
3863	285.25
3864	285.25
3865	285.1400146
3866	285.1000061
3867	285.1400146
3868	285.1400146
3869	285.1199951
3870	285.1900024
3871	285.1000061
3872	285.0799866
3873	285.1000061
3874	285.1400146
3875	285.1000061
3876	285.1600037
3877	285.1400146
3878	285.1600037
3879	285.1000061
3880	285.1400146
3881	285.1600037
3882	285.2099915
3883	285.230011
3884	285.1900024
3885	285.3500061
3886	285.5400085
3887	285.5400085
3888	285.5599976
3889	285.5599976
3890	285.5599976
3891	285.5400085
3892	285.519989
3893	285.480011
3894	285.5599976
3895	285.6900024
3896	285.6900024
3897	285.8999939
3898	286
3899	286.0799866
3900	286.269989
3901	286.3800049
3902	286.480011
3903	286.480011
3904	286.6900024
3905	286.8599854
3906	286.8599854
3907	286.9200134
3908	287.0299988
3909	287.0700073
3910	287.1099854
3911	287.1700134
3912	287.1900024
3913	287.1700134
3914	287.1700134
3915	287.2399902
3916	287.2099915
3917	287.1900024
3918	287.2399902
3919	287.2600098
3920	287.2399902
3921	287.2999878
3922	287.3399963
3923	287.4400024
3924	287.4400024
3925	287.5499878
3926	287.5100098
3927	287.4899902
3928	287.4899902
3929	287.4899902
3930	287.5100098
3931	287.5100098
3932	287.4899902
3933	287.4700012
3934	287.5299988
3935	287.5299988
3936	287.5499878
3937	287.5100098
3938	287.5299988
3939	287.5899963
3940	287.6099854
3941	287.6099854
3942	287.6099854
3943	287.6499939
3944	287.6499939
3945	287.6099854
3946	287.6499939
3947	287.7200012
3948	287.7000122
3949	287.7000122
3950	287.6700134
3951	287.6099854
3952	287.5899963
3953	287.6099854
3954	287.6300049
3955	287.6499939
3956	287.6700134
3957	287.6499939
3958	287.7200012
3959	287.7399902
3960	287.7399902
3961	287.7000122
3962	287.6499939
3963	287.6499939
3964	287.7399902
3965	287.7999878
3966	287.8200073
3967	287.8200073
3968	287.7999878
3969	287.7600098
3970	287.7000122
3971	287.7200012
3972	287.7799988
3973	287.8399963
3974	287.8399963
3975	287.8999939
3976	287.8999939
3977	287.8599854
3978	287.8599854
3979	287.8599854
3980	287.8399963
3981	287.8399963
3982	287.8399963
3983	287.7999878
3984	287.6700134
3985	287.6700134
3986	287.6700134
3987	287.6499939
3988	287.7000122
3989	287.6499939
3990	287.6300049
3991	287.6499939
3992	287.7000122
3993	287.6499939
3994	287.7399902
3995	287.6700134
3996	287.7200012
3997	287.6700134
3998	287.7600098
3999	287.7600098
4000	287.7000122
4001	287.6499939
4002	287.6099854
4003	287.6700134
4004	287.7000122
4005	287.6700134
4006	287.6700134
4007	287.7000122
4008	287.6700134
4009	287.6499939
4010	287.6499939
4011	287.7200012
4012	287.6700134
4013	287.7000122
4014	287.7200012
4015	287.7200012
4016	287.7799988
4017	287.8399963
4018	287.8599854
4019	287.7999878
4020	287.7600098
4021	287.7000122
4022	287.7000122
4023	287.7399902
4024	287.7600098
4025	287.7799988
4026	287.7399902
4027	287.7399902
4028	287.7600098
4029	287.8200073
4030	287.7200012
4031	287.7200012
4032	287.7200012
4033	287.7799988
4034	287.6700134
4035	287.7000122
4036	287.7600098
4037	287.7600098
4038	287.7600098
4039	287.7200012
4040	287.6700134
4041	287.6700134
4042	287.7399902
4043	287.7600098
4044	287.7999878
4045	287.7999878
4046	287.7799988
4047	287.7999878
4048	287.7799988
4049	287.8399963
4050	287.8800049
4051	287.8599854
4052	287.8399963
4053	287.7999878
4054	287.7200012
4055	287.7399902
4056	287.7000122
4057	287.7399902
4058	287.7600098
4059	287.7600098
4060	287.7999878
4061	287.6499939
4062	287.5100098
4063	287.3599854
4064	287.3200073
4065	287.3399963
4066	287.3200073
4067	287.4700012
4068	287.5100098
4069	287.5700073
4070	287.5700073
4071	287.4200134
4072	287.4200134
4073	287.3599854
4074	287.3599854
4075	287.1700134
4076	287.0700073
4077	287.0700073
4078	286.230011
4079	285.230011
4080	284.6199951
4081	283.5299988
4082	282.6300049
4083	282.2999878
4084	281.8999939
4085	281.269989
4086	280.9599915
4087	280.8800049
4088	280.6700134
4089	280.8399963
4090	280.8999939
4091	281.0700073
4092	281.3800049
4093	281.4200134
4094	281.5
4095	281.5
4096	281.5899963
4097	281.7099915
4098	281.8599854
4099	282.2000122
4100	282.3599854
4101	282.4700012
4102	282.4700012
4103	282.3999939
4104	282.3599854
4105	282.4299927
4106	282.5499878
4107	282.7000122
4108	282.7799988
4109	282.7799988
4110	282.9500122
4111	283.0700073
4112	283.1600037
4113	283.2200012
4114	283.2999878
4115	283.2799988
4116	283.2799988
4117	283.4500122
4118	283.6000061
4119	283.6799927
4120	283.7799988
4121	283.8699951
4122	283.9100037
4123	283.9700012
4124	284.0599976
4125	284.1199951
4126	284.2000122
4127	284.2000122
4128	284.2000122
4129	284.3699951
4130	284.3900146
4131	284.4100037
4132	284.4500122
4133	284.5
4134	284.5400085
4135	284.6199951
4136	284.6600037
4137	284.6400146
4138	284.730011
4139	284.730011
4140	284.730011
4141	284.730011
4142	284.8099976
4143	284.8299866
4144	284.8699951
4145	284.8500061
4146	284.9599915
4147	284.9100037
4148	284.9100037
4149	284.8900146
4150	284.8699951
4151	284.8900146
4152	284.9100037
4153	284.9299927
4154	284.9299927
4155	284.8500061
4156	284.8099976
4157	284.75
4158	284.8099976
4159	284.9100037
4160	284.8699951
4161	284.8900146
4162	284.9100037
4163	284.8900146
4164	284.9299927
4165	285
4166	285
4167	285.0400085
4168	285.1000061
4169	285.0799866
4170	285.0799866
4171	285.1600037
4172	285.1400146
4173	285.1400146
4174	285.1199951
4175	285.1400146
4176	285.1199951
4177	285.019989
4178	285.019989
4179	285.0400085
4180	285.0400085
4181	285.0799866
4182	285.1000061
4183	285.1400146
4184	285.1600037
4185	285.2900085
4186	285.3299866
4187	285.3299866
4188	285.3699951
4189	285.3099976
4190	285.3299866
4191	285.269989
4192	285.230011
4193	285.230011
4194	285.25
4195	285.3299866
4196	285.3500061
4197	285.3900146
4198	285.3900146
4199	285.3699951
4200	285.3699951
4201	285.3900146
4202	285.3699951
4203	285.4200134
4204	285.3500061
4205	285.3900146
4206	285.3900146
4207	285.3299866
4208	285.3500061
4209	285.3299866
4210	285.3699951
4211	285.3299866
4212	285.3299866
4213	285.2900085
4214	285.3900146
4215	285.3900146
4216	285.3900146
4217	285.3699951
4218	285.3099976
4219	285.3099976
4220	285.2900085
4221	285.3500061
4222	285.3900146
4223	285.4200134
4224	285.3500061
4225	285.3099976
4226	285.3099976
4227	285.3099976
4228	285.3699951
4229	285.3500061
4230	285.3299866
4231	285.3099976
4232	285.3299866
4233	285.3699951
4234	285.269989
4235	285.25
4236	285.2099915
4237	285.3299866
4238	285.3299866
4239	285.4200134
4240	285.4200134
4241	285.4200134
4242	285.3500061
4243	285.3699951
4244	285.3299866
4245	285.3099976
4246	285.269989
4247	285.269989
4248	285.230011
4249	285.230011
4250	285.269989
4251	285.269989
4252	285.3099976
4253	285.269989
4254	285.25
4255	285.25
4256	285.1400146
4257	285.0799866
4258	285.0799866
4259	285.1199951
4260	285.1400146
4261	285.1000061
4262	285.1600037
4263	285.2099915
4264	285.2099915
4265	285.2900085
4266	285.3299866
4267	285.3299866
4268	285.3699951
4269	285.3299866
4270	285.3500061
4271	285.3500061
4272	285.2900085
4273	285.3500061
4274	285.3900146
4275	285.3699951
4276	285.3500061
4277	285.3299866
4278	285.3099976
4279	285.3099976
4280	285.2099915
4281	285.2099915
4282	285.2099915
4283	285.2099915
4284	285.1199951
4285	285.1900024
4286	285.230011
4287	285.3500061
4288	285.4200134
4289	285.4400024
4290	285.4400024
4291	285.3500061
4292	285.269989
4293	285.269989
4294	285.25
4295	285.269989
4296	285.3299866
4297	285.3299866
4298	285.3699951
4299	285.4400024
4300	285.480011
4301	285.480011
4302	285.4599915
4303	285.4400024
4304	285.3900146
4305	285.4599915
4306	285.4599915
4307	285.4599915
4308	285.4400024
4309	285.480011
4310	285.519989
4311	285.5400085
4312	285.5599976
4313	285.519989
4314	285.480011
4315	285.4400024
4316	285.4599915
4317	285.5400085
4318	285.5400085
4319	285.5
4320	285.4599915
4321	285.480011
4322	285.480011
4323	285.5
4324	285.4400024
4325	285.4599915
4326	285.4599915
4327	285.4400024
4328	285.3900146
4329	285.3900146
4330	285.269989
4331	285.25
4332	285.230011
4333	285.3500061
4334	285.4200134
4335	285.3500061
4336	285.4400024
4337	285.3299866
4338	285.25
4339	285.3099976
4340	285.4200134
4341	285.4400024
4342	285.4400024
4343	285.4400024
4344	285.4599915
4345	285.4400024
4346	285.4200134
4347	285.3900146
4348	285.3699951
4349	285.3500061
4350	285.3099976
4351	285.3099976
4352	285.269989
4353	285.3900146
4354	285.3900146
4355	285.3699951
4356	285.4200134
4357	285.3500061
4358	285.519989
4359	285.6700134
4360	285.6900024
4361	285.6900024
4362	285.6199951
4363	285.6000061
4364	285.5799866
4365	285.6000061
4366	285.6000061
4367	285.6199951
4368	285.6199951
4369	285.8299866
4370	286.019989
4371	286.019989
4372	286.1300049
4373	286.25
4374	286.3599854
4375	286.4400024
4376	286.7099915
4377	286.6499939
4378	286.730011
4379	286.7999878
4380	286.8800049
4381	286.9200134
4382	287.0100098
4383	287.0899963
4384	287.1300049
4385	287.1900024
4386	287.2099915
4387	287.1900024
4388	287.1900024
4389	287.2099915
4390	287.3399963
4391	287.3399963
4392	287.3200073
4393	287.3200073
4394	287.2600098
4395	287.2600098
4396	287.3399963
4397	287.3599854
4398	287.3999939
4399	287.3999939
4400	287.3999939
4401	287.4200134
4402	287.4200134
4403	287.4400024
4404	287.4400024
4405	287.4400024
4406	287.4400024
4407	287.4400024
4408	287.4400024
4409	287.4700012
4410	287.4400024
4411	287.4899902
4412	287.5700073
4413	287.6099854
4414	287.6499939
4415	287.7399902
4416	287.6700134
4417	287.7200012
4418	287.6499939
4419	287.6099854
4420	287.6099854
4421	287.6700134
4422	287.6700134
4423	287.6099854
4424	287.5899963
4425	287.6300049
4426	287.6300049
4427	287.5899963
4428	287.6499939
4429	287.6499939
4430	287.5700073
4431	287.6099854
4432	287.6099854
4433	287.5100098
4434	287.6099854
4435	287.5700073
4436	287.6300049
4437	287.6300049
4438	287.5700073
4439	287.5700073
4440	287.5700073
4441	287.5700073
4442	287.5499878
4443	287.6099854
4444	287.6300049
4445	287.6700134
4446	287.6300049
4447	287.6099854
4448	287.6099854
4449	287.6700134
4450	287.7399902
4451	287.7600098
4452	287.7399902
4453	287.7399902
4454	287.7200012
4455	287.6499939
4456	287.6700134
4457	287.6300049
4458	287.6700134
4459	287.7399902
4460	287.7000122
4461	287.6700134
4462	287.7000122
4463	287.6700134
4464	287.6700134
4465	287.6700134
4466	287.6499939
4467	287.6700134
4468	287.7200012
4469	287.6499939
4470	287.6300049
4471	287.6300049
4472	287.6300049
4473	287.7000122
4474	287.6300049
4475	287.7200012
4476	287.6700134
4477	287.6700134
4478	287.6700134
4479	287.7399902
4480	287.7200012
4481	287.7600098
4482	287.7000122
4483	287.7000122
4484	287.6700134
4485	287.6499939
4486	287.6700134
4487	287.7000122
4488	287.6700134
4489	287.7200012
4490	287.6300049
4491	287.6300049
4492	287.6300049
4493	287.6499939
4494	287.6700134
4495	287.6499939
4496	287.6700134
4497	287.7000122
4498	287.7200012
4499	287.7200012
4500	287.7000122
4501	287.7200012
4502	287.6700134
4503	287.6700134
4504	287.6499939
4505	287.6499939
4506	287.7000122
4507	287.7000122
4508	287.6499939
4509	287.6300049
4510	287.6300049
4511	287.6499939
4512	287.6499939
4513	287.6099854
4514	287.6099854
4515	287.6300049
4516	287.6700134
4517	287.6700134
4518	287.7000122
4519	287.6700134
4520	287.6499939
4521	287.7000122
4522	287.6499939
4523	287.6700134
4524	287.6700134
4525	287.6300049
4526	287.7399902
4527	287.7399902
4528	287.7799988
4529	287.7399902
4530	287.6700134
4531	287.7000122
4532	287.7399902
4533	287.8200073
4534	287.5700073
4535	287.5700073
4536	287.2799988
4537	287.1700134
4538	287.1300049
4539	287.1499939
4540	287.2099915
4541	287.1900024
4542	287.1900024
4543	287.1700134
4544	287.1900024
4545	287.1700134
4546	287.1300049
4547	287.0700073
4548	287.0100098
4549	287.0100098
4550	286.6099854
4551	286.0799866
4552	285.769989
4553	285.1199951
4554	284.3299866
4555	283.9700012
4556	283.7000122
4557	282.6300049
4558	282.3599854
4559	281.8999939
4560	281.4200134
4561	281.269989
4562	281.0400085
4563	281.019989
4564	281
4565	281.019989
4566	281.1700134
4567	281.4599915
4568	281.5299988
4569	281.8999939
4570	282.0499878
4571	282.2799988
4572	282.4299927
4573	282.3599854
4574	282.3599854
4575	282.5100098
4576	282.7000122
4577	282.7799988
4578	282.9100037
4579	282.9899902
4580	283.1799927
4581	283.1799927
4582	283.3200073
4583	283.3500061
4584	283.3500061
4585	283.5299988
4586	283.6400146
4587	283.7000122
4588	283.7399902
4589	283.9299927
4590	283.9500122
4591	284.0400085
4592	284.1600037
4593	284.2200012
4594	284.269989
4595	284.2900085
4596	284.519989
4597	284.519989
4598	284.4500122
4599	284.5
4600	284.519989
4601	284.5400085
4602	284.519989
4603	284.5599976
4604	284.5
4605	284.4700012
4606	284.5799866
4607	284.5799866
4608	284.6199951
4609	284.6400146
4610	284.6000061
4611	284.7000122
4612	284.6600037
4613	284.6600037
4614	284.6799927
4615	284.75
4616	284.7000122
4617	284.6600037
4618	284.6400146
4619	284.6199951
4620	284.6199951
4621	284.75
4622	284.7900085
4623	284.8099976
4624	284.9599915
4625	285.0400085
4626	285.1199951
4627	285.1000061
4628	285.0599976
4629	285.1000061
4630	285.1199951
4631	285.0400085
4632	285.0599976
4633	285.0799866
4634	285.0799866
4635	285.1000061
4636	285.0599976
4637	285.0799866
4638	285.019989
4639	285.0799866
4640	285.1199951
4641	285.1000061
4642	285.1000061
4643	285.1400146
4644	285.1900024
4645	285.1900024
4646	285.1900024
4647	285.1600037
4648	285.1600037
4649	285.1199951
4650	285.0799866
4651	285.1000061
4652	285.1000061
4653	285
4654	285.019989
4655	285
4656	285.0799866
4657	285.1400146
4658	285.230011
4659	285.230011
4660	285.269989
4661	285.2900085
4662	285.3299866
4663	285.4400024
4664	285.4599915
4665	285.480011
4666	285.480011
4667	285.3500061
4668	285.3900146
4669	285.3299866
4670	285.3299866
4671	285.3099976
4672	285.269989
4673	285.230011
4674	285.25
4675	285.3299866
4676	285.3699951
4677	285.3500061
4678	285.4400024
4679	285.4400024
4680	285.4599915
4681	285.5
4682	285.5
4683	285.4200134
4684	285.4200134
4685	285.3299866
4686	285.3299866
4687	285.3699951
4688	285.4400024
4689	285.3500061
4690	285.3900146
4691	285.3900146
4692	285.4400024
4693	285.5400085
4694	285.4599915
4695	285.3900146
4696	285.480011
4697	285.3900146
4698	285.4200134
4699	285.4599915
4700	285.519989
4701	285.480011
4702	285.480011
4703	285.480011
4704	285.5
4705	285.4599915
4706	285.4599915
4707	285.5
4708	285.480011
4709	285.480011
4710	285.480011
4711	285.4599915
4712	285.4599915
4713	285.4200134
4714	285.4599915
4715	285.480011
4716	285.480011
4717	285.480011
4718	285.5
4719	285.519989
4720	285.6000061
4721	285.6000061
4722	285.5799866
4723	285.5799866
4724	285.5799866
4725	285.5799866
4726	285.5799866
4727	285.6499939
4728	285.6700134
4729	285.5599976
4730	285.5599976
4731	285.5400085
4732	285.4599915
4733	285.4400024
4734	285.3500061
4735	285.3699951
4736	285.3699951
4737	285.3699951
4738	285.4599915
4739	285.3699951
4740	285.3299866
4741	285.269989
4742	285.3099976
4743	285.3099976
4744	285.4200134
4745	285.4599915
4746	285.519989
4747	285.6000061
4748	285.5599976
4749	285.5799866
4750	285.5
4751	285.5599976
4752	285.4599915
4753	285.480011
4754	285.4599915
4755	285.4599915
4756	285.480011
4757	285.4599915
4758	285.3900146
4759	285.4200134
4760	285.4400024
4761	285.5
4762	285.5
4763	285.6000061
4764	285.5799866
4765	285.6000061
4766	285.5599976
4767	285.480011
4768	285.4400024
4769	285.4599915
4770	285.3099976
4771	285.2900085
4772	285.3500061
4773	285.3699951
4774	285.4200134
4775	285.4599915
4776	285.4599915
4777	285.519989
4778	285.4400024
4779	285.3500061
4780	285.3299866
4781	285.3500061
4782	285.3900146
4783	285.3900146
4784	285.5
4785	285.5
4786	285.519989
4787	285.519989
4788	285.5599976
4789	285.6499939
4790	285.6900024
4791	285.6900024
4792	285.769989
4793	285.6700134
4794	285.6700134
4795	285.6199951
4796	285.5799866
4797	285.6000061
4798	285.6499939
4799	285.6700134
4800	285.6499939
4801	285.6499939
4802	285.7099915
4803	285.6700134
4804	285.6900024
4805	285.730011
4806	285.6700134
4807	285.6700134
4808	285.7099915
4809	285.7900085
4810	285.8500061
4811	285.9599915
4812	285.8800049
4813	285.8500061
4814	285.8500061
4815	285.8500061
4816	285.75
4817	285.75
4818	285.6700134
4819	285.7099915
4820	285.7099915
4821	285.75
4822	285.769989
4823	285.769989
4824	285.730011
4825	285.7900085
4826	285.7900085
4827	285.7099915
4828	285.6700134
4829	285.6199951
4830	285.6499939
4831	285.7099915
4832	285.8999939
4833	285.8999939
4834	286.0400085
4835	285.980011
4836	285.9200134
4837	285.8500061
4838	285.8099976
4839	285.8099976
4840	285.8299866
4841	285.9400024
4842	285.9599915
4843	285.9599915
4844	286.0799866
4845	286.230011
4846	286.3800049
4847	286.4599915
4848	286.6300049
4849	286.6900024
4850	286.8200073
4851	286.980011
4852	287.0100098
4853	287.0700073
4854	287.1300049
4855	287.1700134
4856	287.2099915
4857	287.2999878
4858	287.2999878
4859	287.3399963
4860	287.3599854
4861	287.4200134
4862	287.3599854
4863	287.4400024
4864	287.4400024
4865	287.4400024
4866	287.4400024
4867	287.4899902
4868	287.4200134
4869	287.5100098
4870	287.4400024
4871	287.4400024
4872	287.4400024
4873	287.3800049
4874	287.5100098
4875	287.5499878
4876	287.6099854
4877	287.6099854
4878	287.6099854
4879	287.6300049
4880	287.6300049
4881	287.5899963
4882	287.6099854
4883	287.6499939
4884	287.6300049
4885	287.5899963
4886	287.5499878
4887	287.5899963
4888	287.5499878
4889	287.5899963
4890	287.6499939
4891	287.7000122
4892	287.7600098
4893	287.7200012
4894	287.7799988
4895	287.7999878
4896	287.7600098
4897	287.7600098
4898	287.7799988
4899	287.7999878
4900	287.7799988
4901	287.7999878
4902	287.7999878
4903	287.7799988
4904	287.7799988
4905	287.8800049
4906	287.8999939
4907	287.8999939
4908	287.9500122
4909	287.8599854
4910	287.8399963
4911	287.8399963
4912	287.7999878
4913	287.7799988
4914	287.7999878
4915	287.7799988
4916	287.8200073
4917	287.8200073
4918	287.7999878
4919	287.7600098
4920	287.7799988
4921	287.7799988
4922	287.7999878
4923	287.7999878
4924	287.8399963
4925	287.8599854
4926	287.9299927
4927	287.8800049
4928	287.8599854
4929	287.7999878
4930	287.7600098
4931	287.7399902
4932	287.7600098
4933	287.7999878
4934	287.7999878
4935	287.7799988
4936	287.7799988
4937	287.8200073
4938	287.7600098
4939	287.7799988
4940	287.7799988
4941	287.7999878
4942	287.7799988
4943	287.7799988
4944	287.8599854
4945	287.9299927
4946	287.9899902
4947	287.9299927
4948	287.9500122
4949	287.9299927
4950	287.9899902
4951	287.7999878
4952	287.8800049
4953	287.8999939
4954	287.9500122
4955	287.8599854
4956	287.9299927
4957	287.8599854
4958	287.8599854
4959	287.8800049
4960	287.8599854
4961	287.9700012
4962	287.9299927
4963	287.9899902
4964	287.9899902
4965	287.9500122
4966	288.0100098
4967	287.9299927
4968	287.9299927
4969	287.8999939
4970	287.9500122
4971	287.9299927
4972	287.9899902
4973	287.9299927
4974	287.9500122
4975	287.9500122
4976	287.9299927
4977	287.9299927
4978	287.9899902
4979	287.9500122
4980	287.8399963
4981	287.7799988
4982	287.7799988
4983	287.8399963
4984	287.8200073
4985	287.8399963
4986	287.8399963
4987	287.8599854
4988	287.8200073
4989	287.7600098
4990	287.8599854
4991	287.8200073
4992	287.8599854
4993	287.8999939
4994	287.8999939
4995	287.9700012
4996	287.8800049
4997	287.8599854
4998	287.8399963
4999	287.8399963
5000	287.8599854
5001	287.8800049
5002	287.8999939
5003	287.8800049
5004	287.8999939
5005	287.9899902
5006	288.0299988
5007	288.0299988
5008	287.7600098
5009	287.5700073
5010	287.4200134
5011	287.3800049
5012	287.4400024
5013	287.4899902
5014	287.4899902
5015	287.4700012
5016	287.5499878
5017	287.4899902
5018	287.5299988
5019	287.5499878
5020	287.5899963
5021	287.5499878
5022	287.1099854
5023	286.9599915
5024	286.6099854
5025	286.1700134
5026	285.4599915
5027	285.230011
5028	284.9100037
5029	283.5799866
5030	283.2399902
5031	282.4500122
5032	282.0499878
5033	281.8599854
5034	281.730011
5035	281.7099915
5036	281.6099854
5037	281.5899963
5038	281.7099915
5039	281.7099915
5040	282.0299988
5041	282.1499939
5042	282.2200012
5043	282.3800049
5044	282.5899963
5045	282.8599854
5046	282.8599854
5047	283.1799927
5048	283.3200073
5049	283.3699951
5050	283.5299988
5051	283.6600037
5052	283.7600098
5053	283.7600098
5054	283.9899902
5055	284.0599976
5056	284.0400085
5057	284.1000061
5058	284.1600037
5059	284.1799927
5060	284.2200012
5061	284.2200012
5062	284.3500061
5063	284.4100037
5064	284.5400085
5065	284.6199951
5066	284.730011
5067	284.8099976
5068	284.8900146
5069	284.8699951
5070	284.8699951
5071	284.9100037
5072	284.980011
5073	284.8699951
5074	284.8299866
5075	284.769989
5076	284.769989
5077	284.8099976
5078	284.8099976
5079	284.8099976
5080	284.8299866
5081	284.8699951
5082	284.8500061
5083	284.9100037
5084	284.9299927
5085	284.9299927
5086	285.019989
5087	285.0799866
5088	285.1199951
5089	285.1199951
5090	285.1600037
5091	285.230011
5092	285.1400146
5093	285.230011
5094	285.1900024
5095	285.2099915
5096	285.269989
5097	285.3099976
5098	285.3500061
5099	285.4200134
5100	285.4599915
5101	285.480011
5102	285.480011
5103	285.5
5104	285.519989
5105	285.5
5106	285.4599915
5107	285.5
5108	285.480011
5109	285.5
5110	285.5
5111	285.4200134
5112	285.480011
5113	285.519989
5114	285.5599976
5115	285.6199951
5116	285.6199951
5117	285.6199951
5118	285.5799866
5119	285.5599976
5120	285.5
5121	285.519989
5122	285.519989
5123	285.480011
5124	285.480011
5125	285.5400085
5126	285.6000061
5127	285.6700134
5128	285.6199951
5129	285.6700134
5130	285.6199951
5131	285.6900024
5132	285.6700134
5133	285.730011
5134	285.8800049
5135	285.8500061
5136	285.8999939
5137	285.8099976
5138	285.8099976
5139	285.730011
5140	285.75
5141	285.769989
5142	285.75
5143	285.769989
5144	285.6900024
5145	285.6900024
5146	285.6199951
5147	285.6000061
5148	285.6499939
5149	285.6499939
5150	285.6199951
5151	285.5599976
5152	285.5599976
5153	285.6900024
5154	285.730011
5155	285.769989
5156	285.769989
5157	285.7099915
5158	285.6199951
5159	285.5799866
5160	285.6000061
5161	285.5799866
5162	285.6499939
5163	285.6499939
5164	285.75
5165	285.8299866
5166	285.8500061
5167	285.7900085
5168	285.75
5169	285.7900085
5170	285.8099976
5171	285.8299866
5172	285.8099976
5173	285.7900085
5174	285.75
5175	285.75
5176	285.8099976
5177	285.7900085
5178	285.7099915
5179	285.7099915
5180	285.769989
5181	285.75
5182	285.8299866
5183	285.75
5184	285.769989
5185	285.769989
5186	285.8099976
5187	285.8299866
5188	285.8299866
5189	285.8999939
5190	285.9400024
5191	285.8800049
5192	285.8800049
5193	285.8500061
5194	285.9400024
5195	285.9400024
5196	285.8800049
5197	285.8999939
5198	285.8500061
5199	285.8999939
5200	285.8999939
5201	285.8500061
5202	285.9200134
5203	285.8999939
5204	285.9200134
5205	285.9599915
5206	285.980011
5207	285.980011
5208	285.8800049
5209	285.8800049
5210	285.7900085
5211	285.7900085
5212	285.8299866
5213	285.730011
5214	285.75
5215	285.8500061
5216	285.8500061
5217	285.8500061
5218	285.8500061
5219	285.8999939
5220	285.8999939
5221	285.9200134
5222	285.8299866
5223	285.7900085
5224	285.8099976
5225	285.769989
5226	285.75
5227	285.75
5228	285.75
5229	285.6900024
5230	285.7099915
5231	285.8299866
5232	285.9400024
5233	286.019989
5234	286.019989
5235	285.980011
5236	286
5237	286
5238	286.019989
5239	285.9599915
5240	285.9599915
5241	285.8999939
5242	285.980011
5243	286
5244	285.9400024
5245	285.9400024
5246	285.980011
5247	285.8800049
5248	285.9400024
5249	285.8299866
5250	285.8299866
5251	285.8099976
5252	285.8500061
5253	285.8500061
5254	285.8500061
5255	285.8500061
5256	285.8099976
5257	285.9200134
5258	285.9400024
5259	285.9400024
5260	285.8500061
5261	285.8299866
5262	285.730011
5263	285.6499939
5264	285.6900024
5265	285.6700134
5266	285.6700134
5267	285.5799866
5268	285.5599976
5269	285.6000061
5270	285.7099915
5271	285.8299866
5272	285.8299866
5273	285.8099976
5274	285.8500061
5275	285.8800049
5276	285.8299866
5277	285.8999939
5278	285.8299866
5279	285.8299866
5280	285.7900085
5281	285.7099915
5282	285.6499939
5283	285.6199951
5284	285.730011
5285	285.730011
5286	285.8500061
5287	285.8800049
5288	285.8999939
5289	285.8299866
5290	285.8299866
5291	285.8299866
5292	285.8500061
5293	285.8099976
5294	285.8299866
5295	285.769989
5296	285.75
5297	285.75
5298	285.75
5299	285.75
5300	285.730011
5301	285.8099976
5302	285.8299866
5303	285.9200134
5304	285.980011
5305	285.980011
5306	286.25
5307	286.25
5308	286.2099915
5309	286.2099915
5310	286.269989
5311	286.2900085
5312	286.269989
5313	286.3599854
5314	286.3999939
5315	286.4200134
5316	286.4599915
5317	286.5
5318	286.6300049
5319	286.6700134
5320	286.8599854
5321	286.9400024
5322	287.1099854
5323	287.1700134
5324	287.2099915
5325	287.2099915
5326	287.2600098
5327	287.3399963
5328	287.3599854
5329	287.3800049
5330	287.3800049
5331	287.4899902
5332	287.6300049
5333	287.7200012
5334	287.7200012
5335	287.5899963
5336	287.5299988
5337	287.5299988
5338	287.5700073
5339	287.5899963
5340	287.6499939
5341	287.6099854
5342	287.7000122
5343	287.6700134
5344	287.6700134
5345	287.7799988
5346	287.7999878
5347	287.8599854
5348	287.8599854
5349	287.8399963
5350	287.7999878
5351	287.8399963
5352	287.7799988
5353	287.7999878
5354	287.7999878
5355	287.8200073
5356	287.7600098
5357	287.7799988
5358	287.7000122
5359	287.7399902
5360	287.7799988
5361	287.9299927
5362	287.9299927
5363	287.9500122
5364	287.8999939
5365	287.8800049
5366	287.8399963
5367	287.8599854
5368	287.8999939
5369	287.8999939
5370	287.9299927
5371	287.9899902
5372	287.9500122
5373	287.9500122
5374	287.8800049
5375	287.8999939
5376	287.8999939
5377	287.8599854
5378	287.8800049
5379	287.8599854
5380	287.8599854
5381	287.8399963
5382	287.8800049
5383	287.8399963
5384	287.8800049
5385	287.8599854
5386	287.8999939
5387	287.8599854
5388	287.8599854
5389	287.8800049
5390	287.8399963
5391	287.8200073
5392	287.8200073
5393	287.8399963
5394	287.8999939
5395	287.8999939
5396	287.8999939
5397	287.9299927
5398	287.8800049
5399	287.8599854
5400	287.8599854
5401	287.8599854
5402	287.8599854
5403	287.8999939
5404	287.9299927
5405	287.9299927
5406	287.8399963
5407	287.9500122
5408	287.9500122
5409	287.9700012
5410	287.9700012
5411	287.9700012
5412	287.8800049
5413	287.8599854
5414	287.9299927
5415	287.9299927
5416	287.9500122
5417	287.8800049
5418	287.8599854
5419	287.8800049
5420	287.8800049
5421	287.8999939
5422	287.9500122
5423	287.8399963
5424	287.8399963
5425	287.8399963
5426	287.8999939
5427	287.8800049
5428	287.9299927
5429	288.0100098
5430	287.9899902
5431	287.9700012
5432	287.9899902
5433	287.9500122
5434	287.9500122
5435	287.8999939
5436	287.9700012
5437	288.0700073
5438	288.0700073
5439	288.0700073
5440	288.0700073
5441	288.0700073
5442	288.0899963
5443	288.0700073
5444	288.0299988
5445	288.0499878
5446	288.0499878
5447	288.0499878
5448	288.0299988
5449	287.9899902
5450	287.9899902
5451	287.8800049
5452	287.9299927
5453	287.8999939
5454	287.9299927
5455	287.9500122
5456	288.0100098
5457	287.9500122
5458	287.8999939
5459	287.8999939
5460	287.8800049
5461	287.9500122
5462	288.0499878
5463	288.0700073
5464	288.1300049
5465	288.0700073
5466	288.0499878
5467	288.0700073
5468	288.0299988
5469	287.9500122
5470	287.8999939
5471	287.9299927
5472	287.9299927
5473	287.9500122
5474	287.9299927
5475	287.9299927
5476	287.8999939
5477	287.9700012
5478	287.9899902
5479	287.9899902
5480	288.0299988
5481	287.8599854
5482	287.7600098
5483	287.6300049
5484	287.4899902
5485	287.4400024
5486	287.4400024
5487	287.4400024
5488	287.4899902
5489	287.5499878
5490	287.5299988
5491	287.5299988
5492	287.6300049
5493	287.6300049
5494	287.4899902
5495	287.4200134
5496	287.1300049
5497	286.519989
5498	286.230011
5499	285.6900024
5500	285.480011
5501	285.019989
5502	284.2399902
5503	283.3200073
5504	282.4700012
5505	282.1300049
5506	281.6700134
5507	281.5
5508	281.25
5509	281.1900024
5510	281.1099854
5511	281.1099854
5512	281.0400085
5513	280.980011
5514	281.019989
5515	281.1900024
5516	281.4599915
5517	281.6900024
5518	281.6900024
5519	282.0899963
5520	282.4299927
5521	282.5100098
5522	282.6799927
5523	282.8200073
5524	282.8399963
5525	282.9100037
5526	282.9700012
5527	283.1799927
5528	283.1799927
5529	283.5499878
5530	283.6600037
5531	283.7600098
5532	283.8299866
5533	284.0400085
5534	284.1000061
5535	284.1199951
5536	284.2399902
5537	284.2200012
5538	284.269989
5539	284.2399902
5540	284.3099976
5541	284.3099976
5542	284.3500061
5543	284.3500061
5544	284.3500061
5545	284.3500061
5546	284.3500061
5547	284.3900146
5548	284.3699951
5549	284.3500061
5550	284.3500061
5551	284.4100037
5552	284.5
5553	284.5799866
5554	284.7000122
5555	284.75
5556	284.769989
5557	284.769989
5558	284.7900085
5559	284.8500061
5560	284.8699951
5561	284.9100037
5562	284.9100037
5563	284.980011
5564	285
5565	285.1199951
5566	285.1199951
5567	285.1199951
5568	285.019989
5569	285.019989
5570	285
5571	284.980011
5572	284.9599915
5573	285.0400085
5574	285.1600037
5575	285.230011
5576	285.2099915
5577	285.3299866
5578	285.3500061
5579	285.3900146
5580	285.4599915
5581	285.4599915
5582	285.4599915
5583	285.519989
5584	285.5
5585	285.5400085
5586	285.6000061
5587	285.6199951
5588	285.6499939
5589	285.6499939
5590	285.730011
5591	285.6199951
5592	285.7099915
5593	285.6900024
5594	285.7099915
5595	285.730011
5596	285.7099915
5597	285.6900024
5598	285.6700134
5599	285.6199951
5600	285.6700134
5601	285.6900024
5602	285.6900024
5603	285.730011
5604	285.769989
5605	285.769989
5606	285.730011
5607	285.6199951
5608	285.5799866
5609	285.5599976
5610	285.519989
5611	285.480011
5612	285.5599976
5613	285.6000061
5614	285.6000061
5615	285.5400085
5616	285.480011
5617	285.519989
5618	285.5599976
5619	285.5799866
5620	285.519989
5621	285.519989
5622	285.5400085
5623	285.5799866
5624	285.5799866
5625	285.519989
5626	285.6000061
5627	285.6199951
5628	285.6199951
5629	285.5599976
5630	285.6499939
5631	285.6199951
5632	285.6499939
5633	285.6199951
5634	285.6199951
5635	285.6700134
5636	285.6900024
5637	285.8099976
5638	285.769989
5639	285.7900085
5640	285.8800049
5641	285.8500061
5642	285.8999939
5643	285.7900085
5644	285.8099976
5645	285.8299866
5646	285.8299866
5647	285.8800049
5648	285.9599915
5649	285.9599915
5650	285.8800049
5651	285.8500061
5652	285.769989
5653	285.769989
5654	285.769989
5655	285.75
5656	285.769989
5657	285.7900085
5658	285.7900085
5659	285.6199951
5660	285.6199951
5661	285.6199951
5662	285.6499939
5663	285.6000061
5664	285.5400085
5665	285.4599915
5666	285.4400024
5667	285.480011
5668	285.5799866
5669	285.6199951
5670	285.769989
5671	285.730011
5672	285.730011
5673	285.7099915
5674	285.8500061
5675	285.8999939
5676	285.9400024
5677	286.0400085
5678	286.019989
5679	286.0400085
5680	285.980011
5681	285.9599915
5682	285.9400024
5683	285.980011
5684	286.019989
5685	285.9400024
5686	285.8800049
5687	285.8500061
5688	285.8500061
5689	285.7900085
5690	285.7900085
5691	285.769989
5692	285.769989
5693	285.7099915
5694	285.7099915
5695	285.7099915
5696	285.7900085
5697	285.7900085
5698	285.8800049
5699	285.8800049
5700	285.8999939
5701	285.9200134
5702	285.8299866
5703	285.7900085
5704	285.769989
5705	285.8099976
5706	285.8299866
5707	285.769989
5708	285.8099976
5709	285.75
5710	285.8800049
5711	285.8999939
5712	285.8999939
5713	285.9400024
5714	285.9400024
5715	286
5716	285.9599915
5717	285.8999939
5718	285.980011
5719	285.9200134
5720	285.8999939
5721	285.8999939
5722	285.9200134
5723	285.9200134
5724	285.9200134
5725	285.9400024
5726	285.9599915
5727	286
5728	286
5729	285.9400024
5730	285.9200134
5731	285.9200134
5732	285.9599915
5733	285.9200134
5734	285.8999939
5735	285.8299866
5736	285.8299866
5737	285.8999939
5738	285.8999939
5739	286
5740	286.019989
5741	286.0400085
5742	286.0400085
5743	286.0599976
5744	286.0400085
5745	286.019989
5746	286.0799866
5747	286.0400085
5748	286.019989
5749	286.019989
5750	285.980011
5751	286.0400085
5752	286
5753	286.0799866
5754	286.1099854
5755	286.0799866
5756	286.1300049
5757	286.0599976
5758	286.1300049
5759	286.0599976
5760	286
5761	286.0599976
5762	286.0799866
5763	286.0799866
5764	286.0599976
5765	286.019989
5766	286.019989
5767	286
5768	286.0400085
5769	286.019989
5770	286.019989
5771	285.9200134
5772	285.8299866
5773	285.8099976
5774	285.7900085
5775	285.8999939
5776	285.8999939
5777	285.8999939
5778	285.980011
5779	286.1099854
5780	286.0599976
5781	286.2099915
5782	286.2099915
5783	286.230011
5784	286.2099915
5785	286.1499939
5786	286.1900024
5787	286.2099915
5788	286.3599854
5789	286.3800049
5790	286.4599915
5791	286.5400085
5792	286.6300049
5793	286.6300049
5794	286.75
5795	286.75
5796	286.9400024
5797	286.980011
5798	287.0299988
5799	287.1499939
5800	287.2099915
5801	287.2799988
5802	287.2799988
5803	287.4400024
5804	287.4400024
5805	287.5100098
5806	287.5499878
5807	287.6099854
5808	287.6099854
5809	287.6099854
5810	287.6099854
5811	287.6700134
5812	287.6499939
5813	287.7399902
5814	287.7600098
5815	287.6700134
5816	287.7000122
5817	287.7200012
5818	287.7600098
5819	287.7999878
5820	287.7999878
5821	287.7200012
5822	287.7999878
5823	287.8599854
5824	287.8999939
5825	287.8999939
5826	287.8599854
5827	287.8200073
5828	287.8200073
5829	287.8599854
5830	287.9299927
5831	287.9299927
5832	287.9500122
5833	288.0100098
5834	288.0100098
5835	288.0299988
5836	288.0299988
5837	288.0100098
5838	287.9500122
5839	287.9299927
5840	287.8999939
5841	287.8999939
5842	287.8800049
5843	287.8800049
5844	287.8200073
5845	287.8399963
5846	287.8999939
5847	287.8999939
5848	287.8999939
5849	287.9299927
5850	287.8999939
5851	287.9299927
5852	287.8999939
5853	287.9700012
5854	287.9700012
5855	287.9299927
5856	287.8800049
5857	287.8800049
5858	287.9299927
5859	287.9500122
5860	288.0100098
5861	288.0899963
5862	288.0700073
5863	288.0499878
5864	288.0499878
5865	288.0899963
5866	288.0899963
5867	288.0700073
5868	288.1300049
5869	288.1099854
5870	288.1300049
5871	288.0700073
5872	288.0700073
5873	288.0700073
5874	288.0700073
5875	287.9899902
5876	287.9500122
5877	288.0100098
5878	288.0299988
5879	288.0100098
5880	288.0100098
5881	288.0700073
5882	288.0299988
5883	288.0499878
5884	288.0299988
5885	287.9899902
5886	288.0499878
5887	288.0700073
5888	288.1300049
5889	288.0899963
5890	288.0499878
5891	288.0899963
5892	288.1099854
5893	288.0899963
5894	288.1300049
5895	288.0299988
5896	288.0100098
5897	287.9500122
5898	287.9899902
5899	287.9899902
5900	287.9700012
5901	287.9700012
5902	288.0299988
5903	287.9899902
5904	287.9700012
5905	287.9700012
5906	287.9299927
5907	287.9299927
5908	287.9500122
5909	288.0100098
5910	287.9500122
5911	287.9500122
5912	287.9500122
5913	288.0499878
5914	288.0100098
5915	288.0100098
5916	288.0100098
5917	288.0899963
5918	288.0700073
5919	288.1099854
5920	288.0700073
5921	288.0499878
5922	288.0899963
5923	288.0700073
5924	288.0899963
5925	288.0700073
5926	288.1300049
5927	288.1099854
5928	288.0899963
5929	288.0899963
5930	288.0899963
5931	288.1300049
5932	288.0899963
5933	288.0899963
5934	288.1300049
5935	288.1300049
5936	288.1300049
5937	288.1099854
5938	288.0299988
5939	288.0700073
5940	288.0299988
5941	288.0700073
5942	288.0899963
5943	288.0499878
5944	288.0499878
5945	288.1300049
5946	288.0899963
5947	288.1099854
5948	288.1600037
5949	288.2200012
5950	288.2600098
5951	288.2600098
5952	288.3200073
5953	288.3399963
5954	288.2200012
5955	288.0499878
5956	287.8999939
5957	287.8599854
5958	287.8200073
5959	287.7600098
5960	287.7000122
5961	287.7600098
5962	287.6700134
5963	287.7799988
5964	287.7200012
5965	287.7200012
5966	287.6300049
5967	287.6099854
5968	287.5899963
5969	287.4899902
5970	287.3599854
5971	287.1499939
5972	287.0499878
5973	286.230011
5974	285.3099976
5975	284.6000061
5976	284.6000061
5977	283.7799988
5978	283.2799988
5979	283.0700073
5980	282.6300049
5981	282.3599854
5982	282.2799988
5983	282.2799988
5984	282.2600098
5985	282.2399902
5986	282.2799988
5987	282.3800049
5988	282.4700012
5989	282.6099854
5990	282.7000122
5991	283.0100098
5992	283.2200012
5993	283.3500061
5994	283.4299927
5995	283.6199951
5996	283.6000061
5997	283.6199951
5998	283.5799866
5999	283.6799927
6000	283.8500061
6001	283.9700012
6002	284.1199951
6003	284.2200012
6004	284.269989
6005	284.3500061
6006	284.4299927
6007	284.5799866
6008	284.730011
6009	284.769989
6010	284.8699951
6011	284.9100037
6012	284.9599915
6013	285.2099915
6014	285.25
6015	285.25
6016	285.25
6017	285.3099976
6018	285.25
6019	285.3500061
6020	285.3699951
6021	285.4599915
6022	285.4599915
6023	285.4400024
6024	285.4599915
6025	285.480011
6026	285.4599915
6027	285.480011
6028	285.519989
6029	285.480011
6030	285.5400085
6031	285.5599976
6032	285.6000061
6033	285.6000061
6034	285.5400085
6035	285.6000061
6036	285.5599976
6037	285.5400085
6038	285.5599976
6039	285.6199951
6040	285.730011
6041	285.7900085
6042	285.8299866
6043	285.8800049
6044	285.8999939
6045	285.8099976
6046	285.769989
6047	285.769989
6048	285.8099976
6049	285.7900085
6050	285.7900085
6051	285.7900085
6052	285.730011
6053	285.7099915
6054	285.7099915
6055	285.75
6056	285.8099976
6057	285.8500061
6058	285.9599915
6059	286
6060	285.9599915
6061	285.9599915
6062	285.9200134
6063	286
6064	285.9599915
6065	285.9400024
6066	285.9200134
6067	285.7900085
6068	285.8500061
6069	285.8500061
6070	285.8999939
6071	285.9400024
6072	286.019989
6073	286.0799866
6074	286.0799866
6075	286.019989
6076	286.019989
6077	286.1099854
6078	286.1300049
6079	286.269989
6080	286.2900085
6081	286.3099976
6082	286.3099976
6083	286.2099915
6084	286.25
6085	286.1700134
6086	286.1700134
6087	286.1300049
6088	286.1099854
6089	286.1300049
6090	286.0599976
6091	286.1099854
6092	286.1099854
6093	286.1099854
6094	286.0799866
6095	286
6096	286.0400085
6097	286.1099854
6098	286.1700134
6099	286.1300049
6100	286.1300049
6101	286.1499939
6102	286.1499939
6103	286.1099854
6104	286.0799866
6105	286.2099915
6106	286.1900024
6107	286.2099915
6108	286.1900024
6109	286.1900024
6110	286.230011
6111	286.25
6112	286.25
6113	286.230011
6114	286.1700134
6115	286.1700134
6116	286.1300049
6117	286.1300049
6118	286.1300049
6119	286.0799866
6120	285.980011
6121	286.0799866
6122	285.9200134
6123	285.980011
6124	285.9200134
6125	285.9200134
6126	285.9599915
6127	286
6128	286.0400085
6129	286.0799866
6130	286.1499939
6131	286.1499939
6132	286.1499939
6133	286.1900024
6134	286.2099915
6135	286.230011
6136	286.0799866
6137	286.1099854
6138	286.1099854
6139	286.019989
6140	286.0400085
6141	286.1300049
6142	286.1499939
6143	286.1700134
6144	286.25
6145	286.269989
6146	286.3399963
6147	286.3800049
6148	286.3800049
6149	286.3599854
6150	286.3099976
6151	286.3599854
6152	286.3800049
6153	286.3399963
6154	286.3099976
6155	286.3599854
6156	286.3099976
6157	286.3099976
6158	286.3999939
6159	286.4400024
6160	286.4200134
6161	286.3999939
6162	286.3099976
6163	286.2900085
6164	286.2900085
6165	286.3099976
6166	286.3599854
6167	286.4200134
6168	286.4200134
6169	286.3800049
6170	286.3999939
6171	286.3099976
6172	286.3999939
6173	286.3999939
6174	286.3099976
6175	286.3099976
6176	286.269989
6177	286.3399963
6178	286.2900085
6179	286.1499939
6180	286.1499939
6181	286.019989
6182	285.980011
6183	286
6184	286.0599976
6185	286.1099854
6186	286.0799866
6187	286.1499939
6188	286.0599976
6189	286.0599976
6190	286.0799866
6191	286.0799866
6192	286
6193	286.019989
6194	286.0400085
6195	286.0400085
6196	286.0400085
6197	286.1099854
6198	286.0599976
6199	286.1300049
6200	286.0400085
6201	286.1700134
6202	286.230011
6203	286.230011
6204	286.3399963
6205	286.3800049
6206	286.4599915
6207	286.3999939
6208	286.5
6209	286.3999939
6210	286.3599854
6211	286.3999939
6212	286.3800049
6213	286.3399963
6214	286.3599854
6215	286.3599854
6216	286.3999939
6217	286.4400024
6218	286.5
6219	286.5400085
6220	286.4400024
6221	286.4400024
6222	286.4599915
6223	286.3999939
6224	286.4200134
6225	286.3999939
6226	286.3800049
6227	286.3800049
6228	286.3800049
6229	286.4599915
6230	286.4400024
6231	286.4400024
6232	286.4599915
6233	286.5
6234	286.5400085
6235	286.5400085
6236	286.4599915
6237	286.5
6238	286.480011
6239	286.4400024
6240	286.3800049
6241	286.2900085
6242	286.3099976
6243	286.230011
6244	286.3399963
6245	286.269989
6246	286.25
6247	286.2099915
6248	286.2099915
6249	286.1900024
6250	286.1900024
6251	286.1499939
6252	286.3599854
6253	286.480011
6254	286.5400085
6255	286.5899963
6256	286.5899963
6257	286.519989
6258	286.480011
6259	286.4400024
6260	286.5400085
6261	286.6099854
6262	286.5700073
6263	286.6700134
6264	286.8200073
6265	286.9200134
6266	287.0700073
6267	287.0700073
6268	287.2399902
6269	287.3800049
6270	287.3800049
6271	287.3800049
6272	287.5299988
6273	287.6499939
6274	287.6499939
6275	287.6700134
6276	287.7399902
6277	287.7999878
6278	287.7999878
6279	287.8399963
6280	287.8399963
6281	287.8599854
6282	287.8800049
6283	287.8800049
6284	287.8599854
6285	287.8999939
6286	287.9299927
6287	287.9500122
6288	287.9500122
6289	287.9299927
6290	287.9899902
6291	287.9899902
6292	287.9899902
6293	288.0299988
6294	288.0899963
6295	288.0899963
6296	288.0700073
6297	288.0499878
6298	288.0299988
6299	288.0299988
6300	288.1099854
6301	288.1099854
6302	288.0899963
6303	288.0100098
6304	287.9899902
6305	288.0100098
6306	288.0100098
6307	288.0299988
6308	288.0700073
6309	288.0899963
6310	288.0700073
6311	288.0299988
6312	288.0299988
6313	288.0299988
6314	288.0700073
6315	288.1300049
6316	288.1300049
6317	288.1799927
6318	288.1300049
6319	288.2000122
6320	288.2399902
6321	288.2000122
6322	288.2000122
6323	288.1799927
6324	288.1600037
6325	288.1300049
6326	288.1099854
6327	288.2000122
6328	288.1600037
6329	288.1099854
6330	288.1799927
6331	288.1099854
6332	288.1600037
6333	288.1600037
6334	288.2399902
6335	288.2399902
6336	288.1799927
6337	288.2200012
6338	288.2200012
6339	288.2000122
6340	288.1799927
6341	288.2000122
6342	288.2200012
6343	288.2000122
6344	288.2200012
6345	288.2200012
6346	288.2399902
6347	288.2600098
6348	288.2799988
6349	288.2999878
6350	288.2999878
6351	288.2799988
6352	288.2999878
6353	288.1799927
6354	288.1099854
6355	288.1799927
6356	288.1799927
6357	288.2000122
6358	288.2399902
6359	288.2000122
6360	288.1799927
6361	288.1799927
6362	288.2399902
6363	288.2200012
6364	288.2000122
6365	288.2200012
6366	288.2200012
6367	288.2799988
6368	288.2000122
6369	288.1300049
6370	288.1300049
6371	288.0899963
6372	288.1300049
6373	288.0700073
6374	288.1600037
6375	288.1300049
6376	288.1099854
6377	288.1099854
6378	288.1099854
6379	288.2000122
6380	288.1799927
6381	288.1600037
6382	288.2000122
6383	288.1300049
6384	288.1300049
6385	288.0899963
6386	288.0899963
6387	288.0499878
6388	288.0299988
6389	288.0899963
6390	288.1099854
6391	288.1099854
6392	288.1600037
6393	288.1799927
6394	288.1600037
6395	288.1799927
6396	288.1300049
6397	288.1600037
6398	288.1099854
6399	288.2600098
6400	288.2799988
6401	288.2999878
6402	288.2799988
6403	288.2799988
6404	288.3200073
6405	288.2799988
6406	288.2999878
6407	288.2799988
6408	288.3399963
6409	288.3399963
6410	288.2399902
6411	288.2200012
6412	288.2799988
6413	288.2399902
6414	288.2600098
6415	288.2600098
6416	288.2600098
6417	288.2200012
6418	288.2600098
6419	288.3399963
6420	288.3200073
6421	288.2399902
6422	288.2399902
6423	288.2999878
6424	288.2600098
6425	288.2999878
6426	288.2999878
6427	288.2999878
6428	288.1099854
6429	287.9899902
6430	287.9700012
6431	287.7999878
6432	287.8200073
6433	287.8800049
6434	287.7799988
6435	287.7399902
6436	287.7799988
6437	287.7600098
6438	287.7600098
6439	287.7799988
6440	287.7200012
6441	287.6499939
6442	287.6099854
6443	287.4400024
6444	287.4200134
6445	287.1700134
6446	286.519989
6447	285.8299866
6448	285.8299866
6449	285.0799866
6450	284.3500061
6451	283.9700012
6452	283.2600098
6453	282.8200073
6454	282.5499878
6455	282.5499878
6456	282.4299927
6457	282.3800049
6458	282.3800049
6459	282.4500122
6460	282.4899902
6461	282.5299988
6462	282.6799927
6463	282.8599854
6464	282.9500122
6465	283.1400146
6466	283.3900146
6467	283.6199951
6468	283.7200012
6469	283.8099976
6470	284.1000061
6471	284.1000061
6472	284.1600037
6473	284.3299866
6474	284.4700012
6475	284.5
6476	284.6000061
6477	284.6400146
6478	284.6799927
6479	284.6199951
6480	284.6199951
6481	284.5400085
6482	284.5599976
6483	284.6600037
6484	284.8500061
6485	284.9100037
6486	284.9599915
6487	284.9599915
6488	285.019989
6489	285
6490	285
6491	285.019989
6492	284.9100037
6493	285.0599976
6494	285.0599976
6495	285.2099915
6496	285.269989
6497	285.3099976
6498	285.3699951
6499	285.4599915
6500	285.5
6501	285.519989
6502	285.5799866
6503	285.5400085
6504	285.5400085
6505	285.519989
6506	285.5400085
6507	285.5599976
6508	285.5799866
6509	285.6000061
6510	285.6900024
6511	285.7900085
6512	285.8500061
6513	285.8099976
6514	285.7900085
6515	285.769989
6516	285.8800049
6517	285.8800049
6518	285.8999939
6519	285.8999939
6520	285.8999939
6521	285.9200134
6522	285.8999939
6523	285.980011
6524	286
6525	285.9400024
6526	285.9400024
6527	285.8500061
6528	285.8999939
6529	285.8999939
6530	285.9599915
6531	286.0799866
6532	286.1099854
6533	286.1099854
6534	286.1499939
6535	286.1700134
6536	286.2099915
6537	286.2900085
6538	286.3099976
6539	286.230011
6540	286.1700134
6541	286.1900024
6542	286.1900024
6543	286.25
6544	286.269989
6545	286.2900085
6546	286.3399963
6547	286.269989
6548	286.2099915
6549	286.2099915
6550	286.2099915
6551	286.2099915
6552	286.25
6553	286.230011
6554	286.2900085
6555	286.25
6556	286.269989
6557	286.2900085
6558	286.2900085
6559	286.269989
6560	286.3599854
6561	286.2900085
6562	286.2099915
6563	286.25
6564	286.25
6565	286.25
6566	286.3999939
6567	286.3599854
6568	286.5
6569	286.5
6570	286.480011
6571	286.4400024
6572	286.3599854
6573	286.4400024
6574	286.4400024
6575	286.3800049
6576	286.3999939
6577	286.3599854
6578	286.3999939
6579	286.4200134
6580	286.4599915
6581	286.4400024
6582	286.3800049
6583	286.3800049
6584	286.4200134
6585	286.3800049
6586	286.4200134
6587	286.3399963
6588	286.3999939
6589	286.3999939
6590	286.3999939
6591	286.3399963
6592	286.3099976
6593	286.230011
6594	286.1700134
6595	286.230011
6596	286.2099915
6597	286.2099915
6598	286.3399963
6599	286.3599854
6600	286.3800049
6601	286.2900085
6602	286.3599854
6603	286.3599854
6604	286.3800049
6605	286.3399963
6606	286.3399963
6607	286.3599854
6608	286.4400024
6609	286.4599915
6610	286.3999939
6611	286.269989
6612	286.3399963
6613	286.2900085
6614	286.2900085
6615	286.3999939
6616	286.3800049
6617	286.4400024
6618	286.4200134
6619	286.3999939
6620	286.3800049
6621	286.1900024
6622	286.1900024
6623	286.1300049
6624	286.2099915
6625	286.2099915
6626	286.2099915
6627	286.25
6628	286.269989
6629	286.269989
6630	286.269989
6631	286.1900024
6632	286.1499939
6633	286.230011
6634	286.269989
6635	286.3999939
6636	286.3999939
6637	286.3599854
6638	286.3599854
6639	286.3999939
6640	286.5
6641	286.480011
6642	286.5
6643	286.4599915
6644	286.3399963
6645	286.2900085
6646	286.25
6647	286.1700134
6648	286.3399963
6649	286.3599854
6650	286.3099976
6651	286.25
6652	286.3599854
6653	286.4200134
6654	286.3599854
6655	286.3599854
6656	286.3099976
6657	286.2900085
6658	286.3599854
6659	286.3599854
6660	286.3399963
6661	286.3399963
6662	286.2900085
6663	286.269989
6664	286.230011
6665	286.1900024
6666	286.25
6667	286.3599854
6668	286.3599854
6669	286.3800049
6670	286.3399963
6671	286.3599854
6672	286.269989
6673	286.269989
6674	286.25
6675	286.2900085
6676	286.3399963
6677	286.3999939
6678	286.4400024
6679	286.4599915
6680	286.3999939
6681	286.4599915
6682	286.4200134
6683	286.4200134
6684	286.4400024
6685	286.480011
6686	286.5
6687	286.4599915
6688	286.5
6689	286.519989
6690	286.6099854
6691	286.6099854
6692	286.5899963
6693	286.519989
6694	286.480011
6695	286.519989
6696	286.5
6697	286.480011
6698	286.3999939
6699	286.480011
6700	286.480011
6701	286.4599915
6702	286.480011
6703	286.5700073
6704	286.4599915
6705	286.5
6706	286.4400024
6707	286.4400024
6708	286.4599915
6709	286.4599915
6710	286.4400024
6711	286.5400085
6712	286.480011
6713	286.4400024
6714	286.4599915
6715	286.4599915
6716	286.519989
6717	286.5
6718	286.4200134
6719	286.4599915
6720	286.3800049
6721	286.3800049
6722	286.4599915
6723	286.3999939
6724	286.3399963
6725	286.5
6726	286.6900024
6727	286.8200073
6728	286.8599854
6729	286.8599854
6730	286.8399963
6731	286.75
6732	286.75
6733	286.8399963
6734	286.8599854
6735	286.8800049
6736	286.8999939
6737	286.9200134
6738	286.9200134
6739	286.9200134
6740	287.1300049
6741	287.2099915
6742	287.2600098
6743	287.3999939
6744	287.4700012
6745	287.4899902
6746	287.4899902
6747	287.6700134
6748	287.7000122
6749	287.7399902
6750	287.7799988
6751	287.8599854
6752	287.9500122
6753	287.9299927
6754	287.9700012
6755	287.9700012
6756	288.0499878
6757	288.0499878
6758	288.0299988
6759	288.0299988
6760	288.0499878
6761	288.0700073
6762	288.0299988
6763	288.0899963
6764	288.1099854
6765	288.1300049
6766	288.0700073
6767	288.0700073
6768	288.1300049
6769	288.2000122
6770	288.2399902
6771	288.2399902
6772	288.2399902
6773	288.2399902
6774	288.2200012
6775	288.3200073
6776	288.3599854
6777	288.3900146
6778	288.3900146
6779	288.3599854
6780	288.3900146
6781	288.2999878
6782	288.3200073
6783	288.2999878
6784	288.2600098
6785	288.3399963
6786	288.3599854
6787	288.2799988
6788	288.2999878
6789	288.2799988
6790	288.2799988
6791	288.2600098
6792	288.2799988
6793	288.3200073
6794	288.2999878
6795	288.3200073
6796	288.3200073
6797	288.3900146
6798	288.4100037
6799	288.3900146
6800	288.4100037
6801	288.3599854
6802	288.2999878
6803	288.2999878
6804	288.2399902
6805	288.2600098
6806	288.2600098
6807	288.2799988
6808	288.2999878
6809	288.3399963
6810	288.3399963
6811	288.3900146
6812	288.2999878
6813	288.3200073
6814	288.2999878
6815	288.2600098
6816	288.2799988
6817	288.2799988
6818	288.1799927
6819	288.2600098
6820	288.2799988
6821	288.3200073
6822	288.2999878
6823	288.2799988
6824	288.2600098
6825	288.2399902
6826	288.2999878
6827	288.2799988
6828	288.3200073
6829	288.3599854
6830	288.2999878
6831	288.3200073
6832	288.2799988
6833	288.4100037
6834	288.3900146
6835	288.3399963
6836	288.3399963
6837	288.3599854
6838	288.3200073
6839	288.3599854
6840	288.2399902
6841	288.2399902
6842	288.2399902
6843	288.2799988
6844	288.2600098
6845	288.2600098
6846	288.2799988
6847	288.2600098
6848	288.2200012
6849	288.2200012
6850	288.2200012
6851	288.2600098
6852	288.2600098
6853	288.2600098
6854	288.2799988
6855	288.2799988
6856	288.2200012
6857	288.3399963
6858	288.2999878
6859	288.3900146
6860	288.4700012
6861	288.4100037
6862	288.3900146
6863	288.3599854
6864	288.4299927
6865	288.2999878
6866	288.3399963
6867	288.3599854
6868	288.2999878
6869	288.4500122
6870	288.4100037
6871	288.4299927
6872	288.4100037
6873	288.4899902
6874	288.4899902
6875	288.4100037
6876	288.4100037
6877	288.3599854
6878	288.4100037
6879	288.3599854
6880	288.4299927
6881	288.4299927
6882	288.4500122
6883	288.3599854
6884	288.4100037
6885	288.2799988
6886	288.3599854
6887	288.3200073
6888	288.3200073
6889	288.3200073
6890	288.2999878
6891	288.2999878
6892	288.3399963
6893	288.4299927
6894	288.3599854
6895	288.3599854
6896	288.4100037
6897	288.4100037
6898	288.4100037
6899	288.4500122
6900	288.4899902
6901	288.3599854
6902	288.2799988
6903	288.0899963
6904	288.0499878
6905	288.0100098
6906	288.0299988
6907	288.0100098
6908	288.1099854
6909	288.1099854
6910	288.1600037
6911	288.1099854
6912	288.0700073
6913	288.0700073
6914	288.1099854
6915	287.9899902
6916	287.9500122
6917	287.7200012
6918	287.2099915
6919	286.4200134
6920	286.4200134
6921	285.3500061
6922	284.8299866
6923	284.5400085
6924	284.0599976
6925	283.7200012
6926	283.6000061
6927	283.3900146
6928	282.9500122
6929	282.7200012
6930	282.6600037
6931	282.6099854
6932	282.5700073
6933	282.5700073
6934	282.7399902
6935	283.1799927
6936	283.3500061
6937	283.5100098
6938	283.6400146
6939	283.7000122
6940	283.7600098
6941	283.7600098
6942	283.9100037
6943	284.0599976
6944	284.1799927
6945	284.1799927
6946	284.2900085
6947	284.3699951
6948	284.3900146
6949	284.5400085
6950	284.6000061
6951	284.769989
6952	284.769989
6953	284.9100037
6954	284.9599915
6955	284.9299927
6956	285
6957	285.0799866
6958	284.980011
6959	284.980011
6960	284.9599915
6961	285.0400085
6962	285.0599976
6963	285.230011
6964	285.3900146
6965	285.4599915
6966	285.4200134
6967	285.480011
6968	285.5
6969	285.519989
6970	285.6000061
6971	285.6000061
6972	285.6700134
6973	285.6000061
6974	285.730011
6975	285.730011
6976	285.8099976
6977	285.8500061
6978	285.8500061
6979	285.8800049
6980	285.8299866
6981	285.8500061
6982	285.9200134
6983	285.9400024
6984	285.9400024
6985	285.8999939
6986	285.8800049
6987	285.8999939
6988	285.9200134
6989	286
6990	286.0799866
6991	286.0799866
6992	286.1900024
6993	286.269989
6994	286.1700134
6995	286.2099915
6996	286.2099915
6997	286.1700134
6998	286.2099915
6999	286.269989
7000	286.3399963
7001	286.3099976
7002	286.3399963
7003	286.3399963
7004	286.3399963
7005	286.2900085
7006	286.3999939
7007	286.3099976
7008	286.3599854
7009	286.4200134
7010	286.3999939
7011	286.3099976
7012	286.3800049
7013	286.3800049
7014	286.3800049
7015	286.3800049
7016	286.3599854
7017	286.3599854
7018	286.3599854
7019	286.2900085
7020	286.3599854
7021	286.3800049
7022	286.4599915
7023	286.4599915
7024	286.5899963
7025	286.5700073
7026	286.4599915
7027	286.519989
7028	286.5
7029	286.480011
7030	286.480011
7031	286.519989
7032	286.5899963
7033	286.519989
7034	286.4599915
7035	286.480011
7036	286.5
7037	286.480011
7038	286.4200134
7039	286.4200134
7040	286.4200134
7041	286.4200134
7042	286.3800049
7043	286.4400024
7044	286.4400024
7045	286.4400024
7046	286.3800049
7047	286.5
7048	286.5400085
7049	286.5400085
7050	286.5
7051	286.519989
7052	286.5700073
7053	286.5
7054	286.5899963
7055	286.5899963
7056	286.6900024
7057	286.6499939
7058	286.6300049
7059	286.6700134
7060	286.6700134
7061	286.7099915
7062	286.7099915
7063	286.6499939
7064	286.5899963
7065	286.5700073
7066	286.519989
7067	286.4400024
7068	286.0599976
7069	286.0599976
7070	284.9599915
7071	284.2200012
7072	283.8500061
7073	283.0299988
7074	282.3399963
7075	282.1700134
7076	282.3399963
7077	283.8500061
7078	284.3099976
7079	284.769989
7080	284.4500122
7081	284.1799927
7082	283.7000122
7083	283.3200073
7084	282.6300049
7085	281.9599915
7086	281.4599915
7087	280.8999939
7088	281.9899902
7089	286.1499939
7090	287.5899963
7091	289.4100037
7092	290.0799866
7093	290.4100037
7094	290.4100037
7095	290.8900146
7096	291
7097	290.8900146
7098	291
7099	291.3999939
7100	291.8599854
7101	291.8599854
7102	292.1499939
7103	292.4400024
7104	292.4200134
7105	292.3399963
7106	292.8999939
7107	293.2200012
7108	293.4899902
7109	294.0700073
7110	294.0499878
7111	294.0299988
7112	294.3900146
7113	294.5499878
7114	294.6600037
7115	294.7200012
7116	294.8500061
7117	294.9299927
7118	294.9700012
7119	295.1400146
7120	295.1600037
7121	295.2399902
7122	295.3299866
7123	295.4299927
7124	295.5599976
7125	295.6400146
7126	295.6400146
7127	295.8099976
7128	295.9100037
7129	295.9100037
7130	296.0599976
7131	296.1400146
7132	296.230011