1	278.3299866
2	278.3900146
3	278.4299927
4	278.4299927
5	278.4700012
6	278.4700012
7	278.3699951
8	278.3500061
9	278.3500061
10	278.3699951
11	278.3699951
12	278.3900146
13	278.3099976
14	278.3099976
15	278.2600098
16	278.2600098
17	278.3299866
18	278.3900146
19	278.3900146
20	278.4299927
21	278.5400085
22	278.5400085
23	278.3500061
24	278.2600098
25	278.2200012
26	278.1799927
27	278.2200012
28	278.1199951
29	278.2399902
30	278.2600098
31	278.2600098
32	278.2000122
33	278.2399902
34	278.2000122
35	278.2399902
36	278.1600037
37	278.1799927
38	278.1799927
39	278.2399902
40	278.2399902
41	278.2200012
42	278.1400146
43	278.1000061
44	278.0100098
45	278.0100098
46	278.0799866
47	278.1000061
48	278.0499878
49	278.0299988
50	278.0100098
51	277.9899902
52	277.9899902
53	278.0499878
54	278.0299988
55	278.1000061
56	278.1000061
57	278.0299988
58	278.0799866
59	278.0299988
60	278.0299988
61	278.0799866
62	278.0799866
63	277.9899902
64	277.9500122
65	278.0499878
66	278.0299988
67	278.1000061
68	277.9700012
69	278.0100098
70	278.0100098
71	278.1600037
72	278.0799866
73	278.1000061
74	277.9899902
75	278.0799866
76	278.1199951
77	278.1199951
78	278.3500061
79	278.3699951
80	278.3699951
81	278.2200012
82	278.1199951
83	278.1400146
84	278.1000061
85	278.0499878
86	278.0299988
87	278.1400146
88	278.1400146
89	278.1000061
90	278.1000061
91	278.1600037
92	278.0499878
93	278.1199951
94	278.1799927
95	278.2399902
96	278.1799927
97	278.2000122
98	278.1799927
99	278.0499878
100	278.2200012
101	278.5599976
102	278.5599976
103	278.7399902
104	278.8699951
105	278.9100037
106	279.1400146
107	279.4299927
108	279.8099976
109	279.8099976
110	280.3099976
111	280.730011
112	280.9200134
113	281.25
114	281.6099854
115	281.7099915
116	281.7099915
117	281.7999878
118	281.8200073
119	281.8800049
120	281.8999939
121	281.9899902
122	282.0299988
123	282.0299988
124	282.1700134
125	282.2399902
126	282.3200073
127	282.2799988
128	282.2399902
129	282.3200073
130	282.3999939
131	282.3800049
132	282.3800049
133	282.3599854
134	282.4500122
135	282.4299927
136	282.5100098
137	282.5299988
138	282.5700073
139	282.5299988
140	282.5499878
141	282.5499878
142	282.6099854
143	282.6300049
144	282.6300049
145	282.6600037
146	282.6799927
147	282.7799988
148	282.7799988
149	282.8599854
150	282.8200073
151	282.8200073
152	282.8200073
153	282.7799988
154	282.7999878
155	282.8599854
156	282.9500122
157	282.9700012
158	282.9500122
159	282.8599854
160	282.8599854
161	282.8599854
162	282.8599854
163	282.9899902
164	282.9899902
165	282.9299927
166	282.9500122
167	282.9299927
168	283.0100098
169	282.9700012
170	282.9700012
171	282.8399963
172	282.8900146
173	282.9899902
174	282.8900146
175	282.8900146
176	282.8599854
177	282.8399963
178	282.8599854
179	282.9100037
180	282.9100037
181	282.8599854
182	282.8900146
183	282.8599854
184	282.8399963
185	282.8399963
186	282.9100037
187	282.9100037
188	282.9299927
189	282.7999878
190	282.8200073
191	282.7999878
192	282.8200073
193	282.8900146
194	282.9299927
195	283.0299988
196	283.0299988
197	283.0499878
198	282.9899902
199	282.9299927
200	282.9500122
201	282.9299927
202	283.0299988
203	283.0700073
204	283.0100098
205	283.1199951
206	283.0499878
207	283.0499878
208	283.0700073
209	283.0499878
210	283.0100098
211	283.0899963
212	283.0899963
213	283.0700073
214	283.0499878
215	283.0899963
216	283.1799927
217	283.1600037
218	283.0499878
219	283.0499878
220	283.0100098
221	283.0700073
222	283.1199951
223	283.0100098
224	283.0499878
225	283.0899963
226	283.1400146
227	283.2000122
228	283.2399902
229	283.2200012
230	283.2000122
231	283.0899963
232	283.1199951
233	283.1400146
234	283.1199951
235	283.1199951
236	283.0299988
237	283.1199951
238	283.1600037
239	283.1400146
240	283.1600037
241	283.1600037
242	283.0899963
243	283.1199951
244	282.9899902
245	283.0299988
246	283.0899963
247	283.1199951
248	283.0899963
249	283.2200012
250	283.2000122
251	283.2000122
252	283.2399902
253	283.2200012
254	283.0899963
255	283.1199951
256	283.1199951
257	283.1199951
258	283.1199951
259	283.1400146
260	283.1400146
261	283.0499878
262	283.0499878
263	283.0700073
264	283.1199951
265	283.1799927
266	283.2000122
267	283.1600037
268	283.1400146
269	283.2000122
270	283.1400146
271	283.1400146
272	283.1600037
273	283.0700073
274	283.0700073
275	283.1400146
276	282.9500122
277	282.8399963
278	282.6099854
279	282.5499878
280	282.4299927
281	282.2999878
282	282.1700134
283	282.1700134
284	282.0700073
285	281.9599915
286	281.8800049
287	281.4400024
288	280.9599915
289	280.4400024
290	280.4400024
291	278.769989
292	277.4899902
293	276.6700134
294	274.8299866
295	273.0799866
296	271.4700012
297	271.4700012
298	269.7099915
299	269.0799866
300	268.7900085
301	268.480011
302	268.4299927
303	268.5
304	268.6400146
305	269.2099915
306	269.4599915
307	269.8800049
308	270.3599854
309	270.5499878
310	270.9599915
311	271.1900024
312	271.9299927
313	272.0499878
314	272.5100098
315	272.9299927
316	273.1400146
317	273.4100037
318	273.5799866
319	273.8500061
320	274.1199951
321	274.4599915
322	274.4599915
323	274.769989
324	274.9400024
325	275.0799866
326	275.3800049
327	275.4599915
328	275.6300049
329	275.6300049
330	275.75
331	275.8399963
332	275.9400024
333	276.0499878
334	276.1099854
335	276.0499878
336	276.1700134
337	276.3200073
338	276.3999939
339	276.4200134
340	276.4599915
341	276.5299988
342	276.5499878
343	276.6499939
344	276.7600098
345	276.7600098
346	276.8599854
347	276.8399963
348	276.9500122
349	277.0499878
350	277.0700073
351	277.0899963
352	277.0899963
353	277.1300049
354	277.1300049
355	277.1099854
356	277.0700073
357	277.0700073
358	277.0899963
359	277.1300049
360	277.2399902
361	277.2399902
362	277.2399902
363	277.2999878
364	277.3200073
365	277.3599854
366	277.4299927
367	277.4700012
368	277.4700012
369	277.4500122
370	277.4100037
371	277.4100037
372	277.4299927
373	277.4299927
374	277.5100098
375	277.5100098
376	277.5100098
377	277.5100098
378	277.4500122
379	277.5299988
380	277.4700012
381	277.4700012
382	277.5499878
383	277.5100098
384	277.4899902
385	277.5899963
386	277.6799927
387	277.6799927
388	277.7399902
389	277.7600098
390	277.7399902
391	277.7200012
392	277.6400146
393	277.6400146
394	277.6799927
395	277.6799927
396	277.7200012
397	277.7999878
398	277.7399902
399	277.7399902
400	277.7399902
401	277.8200073
402	277.8200073
403	277.7999878
404	277.7799988
405	277.7000122
406	277.7600098
407	277.8200073
408	277.8900146
409	277.9299927
410	277.9299927
411	277.8699951
412	277.9100037
413	277.9299927
414	278.0100098
415	278.1000061
416	278.0799866
417	278.0100098
418	277.8699951
419	277.8900146
420	277.8699951
421	277.8900146
422	277.9100037
423	277.8500061
424	277.9500122
425	277.9500122
426	277.9299927
427	277.9700012
428	277.9500122
429	277.9500122
430	277.9299927
431	277.9100037
432	277.9100037
433	278.0799866
434	278.0299988
435	278.0799866
436	278.0499878
437	278.0499878
438	278.0799866
439	278.0799866
440	278.1000061
441	278.0100098
442	278.0100098
443	278.0799866
444	278.1199951
445	278.1600037
446	278.1799927
447	278.1400146
448	278.1199951
449	278.0499878
450	278.0499878
451	278.1000061
452	278.1000061
453	278.1199951
454	278.1199951
455	278.0799866
456	277.9700012
457	278.1600037
458	278.1799927
459	278.1199951
460	278.0799866
461	278.0100098
462	278.1000061
463	278.2399902
464	278.2399902
465	278.3699951
466	278.2600098
467	278.2399902
468	278.2799988
469	278.2799988
470	278.2000122
471	278.2000122
472	278.2200012
473	278.2000122
474	278.2600098
475	278.2000122
476	278.2000122
477	278.2200012
478	278.1600037
479	278.2000122
480	278.1799927
481	278.2000122
482	278.1199951
483	278.1400146
484	278.1600037
485	278.2000122
486	278.1199951
487	278.1600037
488	278.1400146
489	278.1199951
490	278.1199951
491	278.2200012
492	278.2399902
493	278.2200012
494	278.2399902
495	278.1600037
496	278.1799927
497	278.1400146
498	278.0299988
499	278.0299988
500	278.0499878
501	278.0100098
502	278.1199951
503	278.1199951
504	278.2399902
505	278.2600098
506	278.2200012
507	278.2200012
508	278.1199951
509	278.1400146
510	278.1400146
511	278.1400146
512	278.0799866
513	277.9899902
514	278.0299988
515	278.0299988
516	278.0499878
517	278.1000061
518	278.1000061
519	278.1000061
520	278.1600037
521	278.2200012
522	278.2799988
523	278.2600098
524	278.1600037
525	278.1199951
526	278.1000061
527	278.0100098
528	277.9899902
529	277.9700012
530	278.0100098
531	277.9899902
532	278.0299988
533	278.0499878
534	278.0499878
535	278.0499878
536	277.9700012
537	277.9500122
538	277.9500122
539	277.9899902
540	278.0499878
541	278.0499878
542	278.0499878
543	277.8699951
544	277.8900146
545	277.9299927
546	277.9299927
547	277.9899902
548	278.0100098
549	278.0100098
550	278.0499878
551	277.9299927
552	277.9100037
553	277.8900146
554	277.9299927
555	277.8200073
556	277.8900146
557	277.8200073
558	277.8200073
559	277.8699951
560	277.9100037
561	277.8699951
562	277.8699951
563	277.8500061
564	277.8200073
565	277.9299927
566	278.0100098
567	277.7799988
568	277.8699951
569	277.8200073
570	277.7999878
571	277.9100037
572	277.8900146
573	277.9500122
574	277.9500122
575	278.1799927
576	278.4299927
577	278.4500122
578	278.5100098
579	278.6799927
580	278.9500122
581	278.9500122
582	279.5
583	279.8500061
584	280.0599976
585	280.3999939
586	280.6499939
587	280.7900085
588	280.8800049
589	281.1700134
590	281.2999878
591	281.4400024
592	281.5700073
593	281.6900024
594	281.6700134
595	281.730011
596	281.8399963
597	281.8800049
598	281.8399963
599	281.9400024
600	281.9200134
601	281.9200134
602	281.9899902
603	281.9400024
604	281.9899902
605	282.1099854
606	282.1099854
607	282.1700134
608	282.1700134
609	282.2600098
610	282.1499939
611	282.1499939
612	282.2000122
613	282.2000122
614	282.2399902
615	282.3800049
616	282.3800049
617	282.4299927
618	282.4500122
619	282.5100098
620	282.5100098
621	282.5299988
622	282.4700012
623	282.4299927
624	282.4700012
625	282.4899902
626	282.5299988
627	282.4700012
628	282.4299927
629	282.4299927
630	282.4700012
631	282.4299927
632	282.3599854
633	282.4299927
634	282.4299927
635	282.5299988
636	282.4899902
637	282.4899902
638	282.4500122
639	282.4700012
640	282.5499878
641	282.5100098
642	282.5299988
643	282.5899963
644	282.5499878
645	282.5499878
646	282.5700073
647	282.5700073
648	282.5700073
649	282.6099854
650	282.6099854
651	282.5700073
652	282.5700073
653	282.4899902
654	282.6300049
655	282.5700073
656	282.6099854
657	282.5299988
658	282.6099854
659	282.6300049
660	282.6799927
661	282.7200012
662	282.7399902
663	282.7000122
664	282.6300049
665	282.5899963
666	282.6300049
667	282.6600037
668	282.7000122
669	282.7600098
670	282.7799988
671	282.7399902
672	282.7799988
673	282.8200073
674	282.7799988
675	282.7600098
676	282.7399902
677	282.7399902
678	282.7399902
679	282.7000122
680	282.7399902
681	282.6799927
682	282.5899963
683	282.7200012
684	282.7200012
685	282.6300049
686	282.7200012
687	282.7399902
688	282.7799988
689	282.7799988
690	282.7399902
691	282.7399902
692	282.6600037
693	282.7000122
694	282.7200012
695	282.8399963
696	282.8200073
697	282.7600098
698	282.7799988
699	282.7799988
700	282.7600098
701	282.7200012
702	282.7600098
703	282.7799988
704	282.7600098
705	282.8599854
706	282.7799988
707	282.7799988
708	282.8200073
709	282.8200073
710	282.8900146
711	282.7999878
712	282.7799988
713	282.7399902
714	282.7200012
715	282.6600037
716	282.6600037
717	282.6600037
718	282.6600037
719	282.6799927
720	282.5899963
721	282.6099854
722	282.6099854
723	282.6099854
724	282.6099854
725	282.6600037
726	282.5899963
727	282.7799988
728	282.7600098
729	282.7600098
730	282.7600098
731	282.7200012
732	282.6300049
733	282.5899963
734	282.6600037
735	282.7399902
736	282.7600098
737	282.7999878
738	282.7999878
739	282.8399963
740	282.7399902
741	282.8200073
742	282.7799988
743	282.6300049
744	282.7200012
745	282.7999878
746	282.7999878
747	282.8399963
748	282.8399963
749	282.7799988
750	282.4500122
751	282.4299927
752	282.2999878
753	282.1499939
754	282.0700073
755	282.0700073
756	281.9200134
757	281.8800049
758	281.8999939
759	281.7799988
760	281.6099854
761	281.1700134
762	281.1700134
763	279.980011
764	278.769989
765	278.1000061
766	276.2999878
767	274.6000061
768	273.8099976
769	273.0100098
770	271.0299988
771	270.480011
772	269.5400085
773	268.9200134
774	268.519989
775	268.4100037
776	268.2900085
777	268.4299927
778	268.480011
779	268.5799866
780	269.0599976
781	269.3500061
782	270
783	270.230011
784	270.6700134
785	271.0899963
786	271.5299988
787	271.5299988
788	272.1400146
789	272.5799866
790	272.8099976
791	273.1600037
792	273.519989
793	273.8099976
794	273.8099976
795	274.2900085
796	274.6000061
797	274.6900024
798	274.8800049
799	275.0599976
800	275.2900085
801	275.2900085
802	275.519989
803	275.6700134
804	275.7099915
805	275.8800049
806	275.9599915
807	275.980011
808	276.1300049
809	276.230011
810	276.230011
811	276.3200073
812	276.3999939
813	276.4400024
814	276.6499939
815	276.7799988
816	276.8399963
817	276.9700012
818	276.9700012
819	277.0299988
820	276.9899902
821	277.1499939
822	277.1499939
823	277.2000122
824	277.1499939
825	277.2799988
826	277.2799988
827	277.4100037
828	277.3900146
829	277.3900146
830	277.3399963
831	277.4100037
832	277.5100098
833	277.5100098
834	277.6400146
835	277.6600037
836	277.6199951
837	277.5499878
838	277.5899963
839	277.5899963
840	277.6400146
841	277.6400146
842	277.5499878
843	277.5899963
844	277.7999878
845	277.8500061
846	277.7799988
847	277.7399902
848	277.7000122
849	277.7000122
850	277.7399902
851	277.7999878
852	277.7999878
853	277.7999878
854	277.8500061
855	277.7999878
856	277.7399902
857	277.8699951
858	277.8699951
859	277.8699951
860	277.7999878
861	277.8200073
862	277.8900146
863	277.9299927
864	277.8900146
865	277.8900146
866	277.9100037
867	277.9700012
868	277.9700012
869	278.0499878
870	278.0499878
871	278.0799866
872	278.0799866
873	277.9500122
874	277.9100037
875	277.9299927
876	277.9899902
877	277.9700012
878	277.9700012
879	278.0100098
880	277.9500122
881	278.0100098
882	278.0299988
883	278.0100098
884	277.9700012
885	277.9500122
886	277.9299927
887	277.9700012
888	277.9500122
889	278.0799866
890	278.0499878
891	278.0499878
892	277.9899902
893	278.0299988
894	278.1000061
895	278.0799866
896	278.0499878
897	278.0499878
898	277.9299927
899	277.8900146
900	277.9500122
901	277.9100037
902	277.9100037
903	277.9299927
904	277.9299927
905	277.9299927
906	277.9700012
907	277.9500122
908	277.9700012
909	278.0100098
910	278.0499878
911	278.0100098
912	278.1000061
913	277.9899902
914	278.1199951
915	278.1199951
916	278.1000061
917	278.1000061
918	278.0799866
919	277.9700012
920	278.0799866
921	278.1000061
922	278.1000061
923	278.1199951
924	278.1400146
925	278.1000061
926	278.1600037
927	278.3099976
928	278.2000122
929	278.1199951
930	278.1199951
931	278.2000122
932	278.2000122
933	278.1799927
934	278.1199951
935	278.0799866
936	278.0799866
937	278.0499878
938	278.0299988
939	278.0299988
940	278.0100098
941	278.0100098
942	278.0499878
943	278.0499878
944	278.1799927
945	278.3099976
946	278.1799927
947	278.1199951
948	278.0499878
949	278.0799866
950	278.0799866
951	278.1400146
952	278.1600037
953	278.2000122
954	278.2799988
955	278.2799988
956	278.2600098
957	278.2799988
958	278.2600098
959	278.2600098
960	278.3099976
961	278.3099976
962	278.2799988
963	278.3299866
964	278.3099976
965	278.2799988
966	278.1199951
967	278.1400146
968	278.1400146
969	278.1600037
970	278.1600037
971	278.1000061
972	278.1199951
973	278.0499878
974	278.0100098
975	278.0100098
976	278.0499878
977	278.0799866
978	278.1400146
979	278.1600037
980	278.1000061
981	278.0499878
982	278.0499878
983	278.0799866
984	278.1199951
985	278.1799927
986	278.1799927
987	278.1400146
988	278.1000061
989	278.1600037
990	278.1600037
991	278.1199951
992	278.0799866
993	278.1000061
994	278.0299988
995	278.0299988
996	277.9500122
997	278.0100098
998	278.0299988
999	278.0799866
1000	277.9899902
1001	277.9700012
1002	277.9700012
1003	277.8900146
1004	278.0100098
1005	277.9500122
1006	277.9299927
1007	277.9299927
1008	277.9500122
1009	277.9500122
1010	277.9700012
1011	277.9899902
1012	278.1199951
1013	278.0499878
1014	278.0499878
1015	277.9899902
1016	277.9899902
1017	278.0100098
1018	278.0100098
1019	278.0499878
1020	278.0299988
1021	278.0299988
1022	278.0100098
1023	278.0100098
1024	278.0799866
1025	277.9899902
1026	277.9899902
1027	278.0299988
1028	277.9700012
1029	277.9899902
1030	278.0100098
1031	278.0299988
1032	278.0799866
1033	278.0499878
1034	278.1000061
1035	278.0299988
1036	278.2399902
1037	278.2200012
1038	278.0100098
1039	278.0100098
1040	277.9100037
1041	277.8500061
1042	277.8500061
1043	277.8699951
1044	278.0100098
1045	277.9899902
1046	277.9899902
1047	278.1199951
1048	278.3699951
1049	278.3900146
1050	278.6199951
1051	278.8299866
1052	278.9700012
1053	278.9700012
1054	279.3699951
1055	279.730011
1056	279.8099976
1057	280.1700134
1058	280.4400024
1059	280.5
1060	280.6099854
1061	280.8999939
1062	281.019989
1063	281.25
1064	281.4400024
1065	281.4599915
1066	281.5499878
1067	281.6300049
1068	281.7799988
1069	281.8999939
1070	281.9599915
1071	281.9400024
1072	281.9899902
1073	282.0499878
1074	282.0499878
1075	282.0299988
1076	282.0499878
1077	282.0700073
1078	282.0700073
1079	282.1499939
1080	282.1700134
1081	282.2000122
1082	282.3599854
1083	282.2600098
1084	282.3999939
1085	282.3999939
1086	282.2799988
1087	282.2200012
1088	282.2600098
1089	282.3399963
1090	282.3200073
1091	282.2600098
1092	282.3399963
1093	282.4700012
1094	282.4500122
1095	282.4500122
1096	282.4299927
1097	282.3800049
1098	282.4500122
1099	282.5499878
1100	282.7200012
1101	282.7799988
1102	282.7200012
1103	282.7000122
1104	282.7399902
1105	282.6600037
1106	282.6799927
1107	282.6300049
1108	282.6099854
1109	282.7000122
1110	282.7000122
1111	282.7000122
1112	282.6799927
1113	282.7399902
1114	282.7000122
1115	282.8399963
1116	282.7399902
1117	282.7399902
1118	282.7799988
1119	282.8200073
1120	282.7999878
1121	282.8399963
1122	282.7799988
1123	282.7399902
1124	282.7399902
1125	282.7000122
1126	282.6799927
1127	282.6300049
1128	282.7000122
1129	282.7000122
1130	282.6799927
1131	282.6799927
1132	282.6099854
1133	282.5499878
1134	282.5299988
1135	282.5100098
1136	282.4899902
1137	282.5700073
1138	282.5899963
1139	282.5899963
1140	282.5499878
1141	282.5499878
1142	282.6099854
1143	282.6300049
1144	282.6799927
1145	282.7000122
1146	282.7200012
1147	282.7000122
1148	282.6600037
1149	282.6600037
1150	282.6099854
1151	282.5499878
1152	282.5899963
1153	282.5899963
1154	282.5899963
1155	282.6099854
1156	282.6099854
1157	282.6300049
1158	282.6300049
1159	282.6600037
1160	282.7200012
1161	282.7799988
1162	282.7600098
1163	282.7600098
1164	282.7600098
1165	282.7999878
1166	282.8200073
1167	282.7399902
1168	282.7999878
1169	282.7799988
1170	282.7999878
1171	282.8599854
1172	282.7999878
1173	282.7399902
1174	282.7999878
1175	282.7999878
1176	282.8399963
1177	282.8200073
1178	282.7999878
1179	282.7999878
1180	282.7399902
1181	282.7600098
1182	282.7999878
1183	282.8200073
1184	282.7799988
1185	282.7200012
1186	282.8399963
1187	282.8399963
1188	282.8399963
1189	282.7999878
1190	282.8399963
1191	282.7999878
1192	282.8900146
1193	282.9299927
1194	282.9100037
1195	282.9100037
1196	282.7999878
1197	282.7799988
1198	282.7999878
1199	282.7200012
1200	282.7799988
1201	282.7600098
1202	282.7399902
1203	282.7799988
1204	282.7999878
1205	282.7799988
1206	282.7200012
1207	282.7799988
1208	282.7399902
1209	282.7399902
1210	282.8399963
1211	282.8900146
1212	282.9500122
1213	282.8599854
1214	282.8599854
1215	282.7399902
1216	282.7200012
1217	282.7799988
1218	282.7799988
1219	282.7999878
1220	282.7999878
1221	282.8599854
1222	282.8200073
1223	282.6799927
1224	282.4700012
1225	282.3399963
1226	282.2000122
1227	282.2000122
1228	282.0100098
1229	282.0499878
1230	281.9599915
1231	281.9200134
1232	281.8800049
1233	281.5299988
1234	281.5299988
1235	280.480011
1236	279.6900024
1237	279.1400146
1238	277.7600098
1239	276.0499878
1240	275.0400085
1241	274
1242	271.2600098
1243	270.6499939
1244	269.6099854
1245	268.769989
1246	268.4299927
1247	268.1799927
1248	268.230011
1249	268.3500061
1250	268.6199951
1251	268.9200134
1252	269.3299866
1253	269.4200134
1254	269.8099976
1255	270.1499939
1256	270.6700134
1257	271.2200012
1258	271.7200012
1259	271.7200012
1260	272.5299988
1261	272.9500122
1262	273.2200012
1263	273.4500122
1264	273.75
1265	274.0599976
1266	274.0599976
1267	274.5599976
1268	274.75
1269	274.8800049
1270	275.1499939
1271	275.3800049
1272	275.4200134
1273	275.5400085
1274	275.6099854
1275	275.769989
1276	275.9400024
1277	276.2099915
1278	276.3200073
1279	276.4200134
1280	276.4599915
1281	276.6099854
1282	276.6099854
1283	276.6499939
1284	276.7200012
1285	276.6900024
1286	276.8200073
1287	276.9200134
1288	277.0100098
1289	277.0499878
1290	277.0899963
1291	277.0899963
1292	277.1300049
1293	277.2799988
1294	277.2999878
1295	277.3399963
1296	277.4100037
1297	277.3900146
1298	277.3900146
1299	277.4700012
1300	277.5899963
1301	277.6799927
1302	277.7200012
1303	277.6199951
1304	277.5700073
1305	277.5700073
1306	277.5700073
1307	277.5499878
1308	277.6199951
1309	277.8200073
1310	277.8200073
1311	277.7999878
1312	277.7200012
1313	277.7999878
1314	277.7999878
1315	277.7600098
1316	277.7600098
1317	277.7799988
1318	277.8699951
1319	277.8500061
1320	277.9299927
1321	277.9299927
1322	277.8500061
1323	277.7999878
1324	277.7799988
1325	277.7999878
1326	277.7200012
1327	277.7399902
1328	277.7600098
1329	277.7799988
1330	277.7799988
1331	277.8699951
1332	277.8900146
1333	277.8900146
1334	277.9500122
1335	277.8699951
1336	277.9100037
1337	277.9100037
1338	277.9299927
1339	278.0100098
1340	277.9700012
1341	277.8900146
1342	277.9299927
1343	277.9100037
1344	277.9100037
1345	277.9100037
1346	278.0100098
1347	277.9700012
1348	278.0799866
1349	278.0499878
1350	278.0499878
1351	277.9899902
1352	277.9100037
1353	277.8699951
1354	277.8200073
1355	277.8500061
1356	277.8200073
1357	277.7999878
1358	277.8200073
1359	277.7399902
1360	277.8200073
1361	277.9500122
1362	277.9500122
1363	277.9500122
1364	277.9100037
1365	277.9100037
1366	277.9500122
1367	277.9899902
1368	278.0499878
1369	278.0499878
1370	277.9700012
1371	277.8699951
1372	277.8699951
1373	277.8500061
1374	277.8500061
1375	277.9100037
1376	277.9100037
1377	277.9100037
1378	277.9700012
1379	277.9700012
1380	277.8900146
1381	277.8900146
1382	277.9700012
1383	277.8900146
1384	278.0499878
1385	278.0299988
1386	278.0100098
1387	277.9100037
1388	277.8900146
1389	277.8200073
1390	277.8200073
1391	277.8900146
1392	277.9299927
1393	277.9700012
1394	277.9299927
1395	277.9299927
1396	277.8699951
1397	277.8699951
1398	277.9500122
1399	278.0100098
1400	278.0100098
1401	278.0100098
1402	277.7799988
1403	277.7799988
1404	277.7200012
1405	277.7799988
1406	277.9899902
1407	278.0100098
1408	278.0100098
1409	277.9700012
1410	277.9899902
1411	277.9899902
1412	277.9700012
1413	277.9700012
1414	277.9700012
1415	277.9700012
1416	277.9899902
1417	278.0100098
1418	278.0299988
1419	278.1400146
1420	278.1199951
1421	278.1400146
1422	278.1600037
1423	278.2000122
1424	278.1600037
1425	278.2000122
1426	278.3500061
1427	278.3699951
1428	278.4100037
1429	278.3699951
1430	278.2799988
1431	278.2799988
1432	278.2399902
1433	278.2399902
1434	278.2600098
1435	278.1600037
1436	278.1000061
1437	278.0799866
1438	278.1000061
1439	278.1000061
1440	278.1000061
1441	278.1400146
1442	278.1199951
1443	278.1199951
1444	278.2200012
1445	278.1400146
1446	278.1199951
1447	278.1199951
1448	278.1400146
1449	278.0499878
1450	278.1000061
1451	278.1400146
1452	278.1600037
1453	278.1600037
1454	278.1799927
1455	278.1000061
1456	278.0499878
1457	278.1400146
1458	278.0299988
1459	277.9700012
1460	278.0299988
1461	278.0100098
1462	278.0499878
1463	277.9899902
1464	277.9700012
1465	278.0499878
1466	278.1199951
1467	278.1400146
1468	278.2600098
1469	278.2799988
1470	278.2399902
1471	278.1600037
1472	278.1600037
1473	278.1000061
1474	278.0799866
1475	278.1000061
1476	278.1400146
1477	278.1400146
1478	278.0799866
1479	278.0799866
1480	277.9500122
1481	277.9500122
1482	278.0299988
1483	278.0799866
1484	278.0799866
1485	278.0100098
1486	277.9700012
1487	277.9899902
1488	277.9899902
1489	277.9700012
1490	278.0100098
1491	278.0100098
1492	277.9100037
1493	277.8699951
1494	277.8699951
1495	277.8900146
1496	277.9500122
1497	277.9899902
1498	278.0299988
1499	277.9500122
1500	277.8699951
1501	277.9700012
1502	277.9299927
1503	277.9700012
1504	278.0299988
1505	278.0299988
1506	278.0799866
1507	278.0499878
1508	278.0299988
1509	277.9700012
1510	277.9299927
1511	277.9299927
1512	277.9899902
1513	278.0799866
1514	277.9700012
1515	277.8900146
1516	278.0100098
1517	278.1799927
1518	278.1799927
1519	278.2200012
1520	278.3699951
1521	278.5100098
1522	278.5599976
1523	278.6199951
1524	278.7399902
1525	278.7399902
1526	278.9700012
1527	279.0400085
1528	279.269989
1529	279.8099976
1530	280.2099915
1531	280.3500061
1532	280.519989
1533	280.8999939
1534	281.0400085
1535	281.2099915
1536	281.3200073
1537	281.3800049
1538	281.4599915
1539	281.5
1540	281.5899963
1541	281.6900024
1542	281.730011
1543	281.730011
1544	281.8200073
1545	281.9200134
1546	282.0100098
1547	282.0499878
1548	282.1099854
1549	282.0499878
1550	282.0499878
1551	282.2000122
1552	282.1700134
1553	282.2200012
1554	282.2999878
1555	282.2399902
1556	282.2200012
1557	282.2200012
1558	282.3200073
1559	282.2600098
1560	282.2200012
1561	282.2799988
1562	282.2799988
1563	282.3399963
1564	282.3399963
1565	282.4500122
1566	282.4899902
1567	282.4899902
1568	282.4899902
1569	282.5499878
1570	282.4899902
1571	282.5299988
1572	282.3999939
1573	282.4700012
1574	282.4899902
1575	282.4899902
1576	282.5899963
1577	282.6600037
1578	282.6300049
1579	282.5700073
1580	282.4899902
1581	282.4700012
1582	282.4700012
1583	282.5299988
1584	282.4700012
1585	282.5299988
1586	282.5899963
1587	282.5499878
1588	282.4500122
1589	282.4500122
1590	282.4500122
1591	282.4899902
1592	282.4899902
1593	282.5499878
1594	282.6300049
1595	282.7000122
1596	282.6799927
1597	282.5100098
1598	282.4500122
1599	282.4899902
1600	282.5100098
1601	282.5299988
1602	282.6099854
1603	282.6099854
1604	282.5899963
1605	282.5299988
1606	282.5899963
1607	282.5899963
1608	282.6300049
1609	282.6600037
1610	282.6799927
1611	282.6600037
1612	282.5899963
1613	282.5899963
1614	282.5899963
1615	282.6600037
1616	282.6300049
1617	282.6300049
1618	282.6099854
1619	282.5899963
1620	282.6600037
1621	282.6600037
1622	282.7600098
1623	282.7600098
1624	282.6799927
1625	282.5100098
1626	282.6300049
1627	282.7200012
1628	282.7200012
1629	282.7600098
1630	282.8200073
1631	282.8200073
1632	282.8200073
1633	282.7999878
1634	282.7799988
1635	282.7600098
1636	282.7600098
1637	282.7799988
1638	282.7799988
1639	282.7200012
1640	282.7600098
1641	282.7799988
1642	282.7600098
1643	282.7200012
1644	282.8200073
1645	282.7200012
1646	282.7000122
1647	282.7200012
1648	282.6799927
1649	282.7600098
1650	282.7200012
1651	282.7000122
1652	282.7399902
1653	282.7399902
1654	282.7799988
1655	282.6799927
1656	282.7000122
1657	282.7399902
1658	282.7799988
1659	282.7200012
1660	282.7200012
1661	282.7000122
1662	282.7399902
1663	282.7200012
1664	282.7600098
1665	282.6600037
1666	282.6099854
1667	282.6099854
1668	282.6600037
1669	282.6600037
1670	282.7000122
1671	282.7999878
1672	282.7600098
1673	282.7200012
1674	282.6300049
1675	282.6799927
1676	282.7399902
1677	282.7799988
1678	282.8599854
1679	282.7999878
1680	282.7999878
1681	282.7399902
1682	282.7399902
1683	282.7399902
1684	282.7200012
1685	282.7200012
1686	282.7799988
1687	282.7799988
1688	282.8200073
1689	282.7999878
1690	282.8900146
1691	282.7600098
1692	282.7600098
1693	282.7200012
1694	282.8599854
1695	282.9500122
1696	282.7600098
1697	282.5100098
1698	282.2399902
1699	282.2399902
1700	282.0299988
1701	281.9400024
1702	281.9200134
1703	281.7799988
1704	281.730011
1705	281.6700134
1706	281.7099915
1707	281.480011
1708	281.3200073
1709	280.7099915
1710	279.519989
1711	278.7399902
1712	277.0499878
1713	276.2799988
1714	273.8299866
1715	273.0599976
1716	271.5100098
1717	270.1300049
1718	269.6499939
1719	268.9400024
1720	268.769989
1721	268.3699951
1722	268.2900085
1723	268.1600037
1724	268.1600037
1725	268.3900146
1726	268.8500061
1727	269.0599976
1728	269.4599915
1729	269.980011
1730	270.5
1731	270.5
1732	271.3200073
1733	271.8399963
1734	272.0499878
1735	272.3900146
1736	272.6199951
1737	272.8900146
1738	272.8900146
1739	273.519989
1740	273.9100037
1741	274.1199951
1742	274.4599915
1743	274.730011
1744	274.75
1745	274.8299866
1746	275.0400085
1747	275.1700134
1748	275.25
1749	275.4200134
1750	275.519989
1751	275.6099854
1752	275.6900024
1753	275.8200073
1754	275.9200134
1755	276.0899963
1756	276.2600098
1757	276.3399963
1758	276.3599854
1759	276.4400024
1760	276.5100098
1761	276.5499878
1762	276.5700073
1763	276.5700073
1764	276.8599854
1765	276.9200134
1766	276.9500122
1767	276.9200134
1768	276.9500122
1769	277.0299988
1770	277.0299988
1771	277.0499878
1772	277.2200012
1773	277.2999878
1774	277.3599854
1775	277.4100037
1776	277.4899902
1777	277.4700012
1778	277.5499878
1779	277.5299988
1780	277.5299988
1781	277.5499878
1782	277.5499878
1783	277.5700073
1784	277.5299988
1785	277.5899963
1786	277.6400146
1787	277.7200012
1788	277.7600098
1789	277.7399902
1790	277.6799927
1791	277.6600037
1792	277.7000122
1793	277.6799927
1794	277.6799927
1795	277.6799927
1796	277.7200012
1797	277.7999878
1798	277.8500061
1799	277.7999878
1800	277.7799988
1801	277.8200073
1802	277.8200073
1803	277.7200012
1804	277.7799988
1805	277.8500061
1806	277.9899902
1807	277.9899902
1808	277.9700012
1809	277.9700012
1810	277.7999878
1811	277.7600098
1812	277.7600098
1813	277.7999878
1814	277.8200073
1815	277.8699951
1816	277.8900146
1817	278.0100098
1818	277.9100037
1819	277.8699951
1820	277.8500061
1821	277.8500061
1822	277.8699951
1823	277.9299927
1824	278.0100098
1825	277.9899902
1826	278.0100098
1827	278.0799866
1828	278.1199951
1829	278.1600037
1830	278.1600037
1831	278.1600037
1832	278.1600037
1833	278.0799866
1834	278.0799866
1835	278.1000061
1836	278.0799866
1837	278.1000061
1838	278.1400146
1839	278.1400146
1840	278.1600037
1841	278.1600037
1842	278.1600037
1843	278.1400146
1844	278.0499878
1845	278.1199951
1846	278.1000061
1847	278.0799866
1848	278.0499878
1849	278.1600037
1850	278.1199951
1851	278.1199951
1852	278.1000061
1853	278.0799866
1854	278.1199951
1855	278.1600037
1856	278.0299988
1857	278.1199951
1858	278.1400146
1859	278.0499878
1860	278.1199951
1861	278.0499878
1862	278.0499878
1863	278.0299988
1864	278.0799866
1865	278.0100098
1866	278.0100098
1867	278.1400146
1868	278.1000061
1869	278.0299988
1870	278.0799866
1871	278.0499878
1872	278.0299988
1873	278.0299988
1874	278.0299988
1875	278.0499878
1876	278.1000061
1877	278.2200012
1878	278.2000122
1879	278.1199951
1880	278.1199951
1881	277.9700012
1882	278.0100098
1883	278.0499878
1884	278.0499878
1885	278.1199951
1886	278.1199951
1887	278.1199951
1888	277.9500122
1889	277.9299927
1890	277.9299927
1891	277.9899902
1892	278.0100098
1893	277.9700012
1894	278.0100098
1895	278.0499878
1896	278.0799866
1897	278.1000061
1898	278.0499878
1899	278.0799866
1900	278.0799866
1901	278.0799866
1902	278.1199951
1903	278.2399902
1904	278.1600037
1905	278.1600037
1906	278.2200012
1907	278.2000122
1908	278.1199951
1909	278.1199951
1910	278.1400146
1911	278.0499878
1912	278.0499878
1913	278.0299988
1914	278.0799866
1915	278.0100098
1916	277.9899902
1917	277.9899902
1918	277.9299927
1919	277.9100037
1920	278.0100098
1921	277.9700012
1922	278.0799866
1923	277.9700012
1924	277.9700012
1925	277.9500122
1926	277.9700012
1927	278.0100098
1928	278.0799866
1929	278.1199951
1930	278.0299988
1931	278.0799866
1932	278.0299988
1933	277.9899902
1934	277.9899902
1935	278.0100098
1936	277.9299927
1937	277.9299927
1938	277.8900146
1939	277.8500061
1940	277.9299927
1941	277.9299927
1942	277.9700012
1943	277.9299927
1944	277.9299927
1945	277.8500061
1946	277.8699951
1947	277.7799988
1948	277.7200012
1949	277.7000122
1950	277.7200012
1951	277.7200012
1952	277.9299927
1953	277.8699951
1954	277.8200073
1955	277.7999878
1956	277.7200012
1957	277.7200012
1958	277.6600037
1959	277.5700073
1960	277.5299988
1961	277.5700073
1962	277.6199951
1963	277.6600037
1964	277.7000122
1965	277.7799988
1966	277.8699951
1967	277.9100037
1968	277.9500122
1969	277.9299927
1970	277.9899902
1971	277.9899902
1972	277.9700012
1973	277.9299927
1974	277.9100037
1975	277.8900146
1976	277.8900146
1977	278.0299988
1978	277.8500061
1979	277.8500061
1980	277.7399902
1981	277.7000122
1982	277.6400146
1983	277.6400146
1984	277.5899963
1985	277.6199951
1986	277.6400146
1987	277.6799927
1988	277.6799927
1989	277.7399902
1990	277.7000122
1991	277.7399902
1992	277.7200012
1993	277.7399902
1994	277.9899902
1995	278.2799988
1996	278.4100037
1997	278.5400085
1998	278.6000061
1999	278.6000061
2000	278.7399902
2001	279.0400085
2002	279.1400146
2003	279.5599976
2004	279.75
2005	280.0799866
2006	280.480011
2007	280.8599854
2008	281.1499939
2009	281.269989
2010	281.3999939
2011	281.4200134
2012	281.480011
2013	281.480011
2014	281.5700073
2015	281.5700073
2016	281.730011
2017	281.7600098
2018	281.8200073
2019	281.8800049
2020	281.9899902
2021	282.0299988
2022	282.0299988
2023	282.1099854
2024	282.2799988
2025	282.3200073
2026	282.2399902
2027	282.2000122
2028	282.1499939
2029	282.1499939
2030	282.2600098
2031	282.2600098
2032	282.2600098
2033	282.2600098
2034	282.2600098
2035	282.1700134
2036	282.2399902
2037	282.3200073
2038	282.3200073
2039	282.3800049
2040	282.3200073
2041	282.3599854
2042	282.3399963
2043	282.3200073
2044	282.3200073
2045	282.4500122
2046	282.3999939
2047	282.3999939
2048	282.4500122
2049	282.4899902
2050	282.4299927
2051	282.3999939
2052	282.3800049
2053	282.3800049
2054	282.3800049
2055	282.4500122
2056	282.4299927
2057	282.4700012
2058	282.3800049
2059	282.4500122
2060	282.5100098
2061	282.5100098
2062	282.4899902
2063	282.4500122
2064	282.4899902
2065	282.5100098
2066	282.5700073
2067	282.5700073
2068	282.5899963
2069	282.5700073
2070	282.5299988
2071	282.5899963
2072	282.5899963
2073	282.5899963
2074	282.6600037
2075	282.6799927
2076	282.7200012
2077	282.7000122
2078	282.6300049
2079	282.6300049
2080	282.6099854
2081	282.4899902
2082	282.4500122
2083	282.4700012
2084	282.5100098
2085	282.4899902
2086	282.4899902
2087	282.4299927
2088	282.4700012
2089	282.5100098
2090	282.5700073
2091	282.7200012
2092	282.6799927
2093	282.6799927
2094	282.6600037
2095	282.7200012
2096	282.7200012
2097	282.6600037
2098	282.6799927
2099	282.7000122
2100	282.7000122
2101	282.6600037
2102	282.6300049
2103	282.6600037
2104	282.6799927
2105	282.6300049
2106	282.6600037
2107	282.6099854
2108	282.6799927
2109	282.7000122
2110	282.7600098
2111	282.7799988
2112	282.8399963
2113	282.7999878
2114	282.8900146
2115	282.7999878
2116	282.7399902
2117	282.6600037
2118	282.6600037
2119	282.6600037
2120	282.6300049
2121	282.6300049
2122	282.6799927
2123	282.7200012
2124	282.8399963
2125	282.8399963
2126	282.7600098
2127	282.7799988
2128	282.7799988
2129	282.7000122
2130	282.7799988
2131	282.7799988
2132	282.7799988
2133	282.8900146
2134	282.9700012
2135	282.9100037
2136	282.9899902
2137	282.9299927
2138	282.9100037
2139	282.8900146
2140	282.8900146
2141	282.8399963
2142	282.8900146
2143	283.0100098
2144	282.9700012
2145	283.0299988
2146	282.9700012
2147	282.8200073
2148	282.7799988
2149	282.7600098
2150	282.7999878
2151	282.7999878
2152	282.8399963
2153	282.8399963
2154	282.8399963
2155	282.7799988
2156	282.7999878
2157	282.7999878
2158	282.7799988
2159	282.7600098
2160	282.7399902
2161	282.8399963
2162	282.8599854
2163	282.8599854
2164	282.8599854
2165	282.8599854
2166	282.8200073
2167	282.8399963
2168	282.8599854
2169	282.8200073
2170	282.6099854
2171	282.5100098
2172	282.2600098
2173	282.1499939
2174	282.1499939
2175	282.2000122
2176	282.0299988
2177	281.9599915
2178	282.0499878
2179	281.8399963
2180	281.7600098
2181	281.230011
2182	280.6099854
2183	280.1900024
2184	279.1799927
2185	278.4899902
2186	277.0499878
2187	275.8999939
2188	274.7099915
2189	274.7099915
2190	272.3200073
2191	270.7600098
2192	270.1300049
2193	268.9599915
2194	268.3099976
2195	267.8299866
2196	267.8299866
2197	267.5400085
2198	267.6199951
2199	267.7200012
2200	268.1199951
2201	268.6400146
2202	269.230011
2203	269.230011
2204	269.980011
2205	270.4200134
2206	270.6499939
2207	271.1099854
2208	271.6300049
2209	271.7399902
2210	271.9299927
2211	272.4100037
2212	272.6400146
2213	272.9100037
2214	273.2399902
2215	273.2900085
2216	273.5799866
2217	273.75
2218	274.1900024
2219	274.269989
2220	274.3900146
2221	274.5400085
2222	274.6700134
2223	274.8800049
2224	274.9599915
2225	275.1900024
2226	275.230011
2227	275.3099976
2228	275.3099976
2229	275.5
2230	275.6700134
2231	275.730011
2232	275.9599915
2233	276
2234	276.1300049
2235	276.1300049
2236	276.0899963
2237	276.1499939
2238	276.1700134
2239	276.2799988
2240	276.3999939
2241	276.4400024
2242	276.4899902
2243	276.5299988
2244	276.5499878
2245	276.5700073
2246	276.6900024
2247	276.7600098
2248	276.7399902
2249	276.7399902
2250	276.8599854
2251	276.8599854
2252	276.7999878
2253	276.8399963
2254	276.8399963
2255	276.9200134
2256	276.9700012
2257	277.2200012
2258	277.3200073
2259	277.3399963
2260	277.4100037
2261	277.4299927
2262	277.4700012
2263	277.4899902
2264	277.4899902
2265	277.4700012
2266	277.3599854
2267	277.3599854
2268	277.2600098
2269	277.2999878
2270	277.2999878
2271	277.2999878
2272	277.2399902
2273	277.2600098
2274	277.2600098
2275	277.2200012
2276	277.3200073
2277	277.3900146
2278	277.3900146
2279	277.3900146
2280	277.3599854
2281	277.3900146
2282	277.4299927
2283	277.4899902
2284	277.4500122
2285	277.5299988
2286	277.6400146
2287	277.6199951
2288	277.5899963
2289	277.6199951
2290	277.6199951
2291	277.5899963
2292	277.6400146
2293	277.5700073
2294	277.6799927
2295	277.6799927
2296	277.7000122
2297	277.6400146
2298	277.7000122
2299	277.7000122
2300	277.6799927
2301	277.6199951
2302	277.6600037
2303	277.7600098
2304	277.8500061
2305	277.7200012
2306	277.7200012
2307	277.7200012
2308	277.7600098
2309	277.7399902
2310	277.7200012
2311	277.7000122
2312	277.6199951
2313	277.6199951
2314	277.7399902
2315	277.6799927
2316	277.7000122
2317	277.7399902
2318	277.6799927
2319	277.6400146
2320	277.7000122
2321	277.7600098
2322	277.7399902
2323	277.7999878
2324	277.7799988
2325	277.7399902
2326	277.6600037
2327	277.6799927
2328	277.6799927
2329	277.8500061
2330	277.8500061
2331	277.7200012
2332	277.7799988
2333	277.8500061
2334	277.9100037
2335	277.8699951
2336	277.8200073
2337	277.8699951
2338	277.8699951
2339	277.9100037
2340	278.0100098
2341	277.9899902
2342	277.9299927
2343	277.8200073
2344	277.8500061
2345	277.8500061
2346	277.8699951
2347	277.8500061
2348	277.8200073
2349	277.8900146
2350	277.9500122
2351	277.9100037
2352	277.9100037
2353	277.9899902
2354	278.0499878
2355	277.9899902
2356	277.9899902
2357	278.1000061
2358	278.0799866
2359	278.1199951
2360	278.2000122
2361	278.1000061
2362	278.0799866
2363	278.0499878
2364	278.1199951
2365	278.1400146
2366	278.0799866
2367	278.0299988
2368	277.9700012
2369	278.0299988
2370	278.0299988
2371	278.2000122
2372	278.2000122
2373	278.2000122
2374	278.1600037
2375	278.0799866
2376	278.0799866
2377	278.0799866
2378	278.0499878
2379	278.0499878
2380	278.1000061
2381	278.0100098
2382	278.2200012
2383	278.2600098
2384	278.2600098
2385	278.3099976
2386	278.3299866
2387	278.3099976
2388	278.2000122
2389	278.1799927
2390	278.2600098
2391	278.3099976
2392	278.2600098
2393	278.2600098
2394	278.2799988
2395	278.3699951
2396	278.3699951
2397	278.3699951
2398	278.2799988
2399	278.1600037
2400	278.1600037
2401	278.2000122
2402	278.3099976
2403	278.3299866
2404	278.1799927
2405	278.1600037
2406	278.1600037
2407	278.2200012
2408	278.1600037
2409	278.1600037
2410	278.2600098
2411	278.2799988
2412	278.2799988
2413	278.2600098
2414	278.2600098
2415	278.2600098
2416	278.2600098
2417	278.2799988
2418	278.4299927
2419	278.3900146
2420	278.3500061
2421	278.2600098
2422	278.2000122
2423	278.1799927
2424	278.1199951
2425	278.1600037
2426	278.1400146
2427	278.2200012
2428	278.2200012
2429	278.2000122
2430	278.2000122
2431	278.2000122
2432	278.1400146
2433	278.0499878
2434	278.0499878
2435	278.0100098
2436	278.0799866
2437	278.1000061
2438	278.1400146
2439	278.1600037
2440	278.2200012
2441	278.2200012
2442	278.1000061
2443	278.1600037
2444	278.1799927
2445	278.2000122
2446	278.1799927
2447	278.2000122
2448	278.2000122
2449	278.1199951
2450	278.1600037
2451	278.1199951
2452	278.1000061
2453	278.1000061
2454	278.1600037
2455	278.1600037
2456	278.2200012
2457	278.1199951
2458	278.1000061
2459	278.0499878
2460	278.0100098
2461	277.9700012
2462	277.9299927
2463	278.0499878
2464	278.0499878
2465	278.0299988
2466	277.9899902
2467	278.0299988
2468	278.2799988
2469	278.3900146
2470	278.6000061
2471	278.6600037
2472	278.8500061
2473	279.0400085
2474	279.2000122
2475	279.5400085
2476	279.769989
2477	280.2099915
2478	280.3999939
2479	280.6099854
2480	280.6099854
2481	281.0899963
2482	281.269989
2483	281.3399963
2484	281.5
2485	281.6499939
2486	281.6700134
2487	281.6700134
2488	281.7799988
2489	281.8399963
2490	281.9400024
2491	281.9400024
2492	281.8999939
2493	281.9899902
2494	282.0100098
2495	282.2999878
2496	282.3200073
2497	282.2999878
2498	282.4700012
2499	282.4700012
2500	282.5499878
2501	282.5499878
2502	282.5299988
2503	282.5499878
2504	282.5100098
2505	282.4500122
2506	282.4899902
2507	282.4700012
2508	282.4500122
2509	282.5299988
2510	282.6300049
2511	282.6799927
2512	282.5299988
2513	282.4899902
2514	282.4700012
2515	282.5299988
2516	282.5499878
2517	282.5299988
2518	282.5100098
2519	282.5100098
2520	282.4700012
2521	282.5899963
2522	282.5700073
2523	282.5499878
2524	282.6099854
2525	282.5299988
2526	282.5299988
2527	282.5899963
2528	282.6600037
2529	282.6799927
2530	282.7200012
2531	282.7999878
2532	282.7799988
2533	282.7600098
2534	282.7399902
2535	282.7000122
2536	282.7399902
2537	282.7200012
2538	282.7399902
2539	282.7799988
2540	282.7799988
2541	282.8200073
2542	282.7600098
2543	282.7999878
2544	282.8399963
2545	282.8399963
2546	282.8200073
2547	282.8599854
2548	282.8200073
2549	282.8399963
2550	282.7999878
2551	282.7999878
2552	282.8399963
2553	282.7600098
2554	282.7600098
2555	282.7999878
2556	282.8599854
2557	282.8399963
2558	282.8399963
2559	282.9100037
2560	282.8900146
2561	282.8900146
2562	282.8599854
2563	282.8200073
2564	282.8200073
2565	282.8200073
2566	282.7999878
2567	282.8200073
2568	282.8200073
2569	282.8599854
2570	282.8599854
2571	282.8900146
2572	282.9100037
2573	282.7799988
2574	282.7799988
2575	282.8200073
2576	282.8599854
2577	282.8599854
2578	282.8599854
2579	282.8399963
2580	282.7600098
2581	282.7200012
2582	282.7200012
2583	282.7399902
2584	282.7799988
2585	282.7799988
2586	282.7399902
2587	282.7600098
2588	282.8200073
2589	282.8599854
2590	282.8599854
2591	282.9100037
2592	282.8399963
2593	282.8599854
2594	282.8200073
2595	282.7999878
2596	282.7799988
2597	282.7799988
2598	282.6799927
2599	282.6600037
2600	282.6099854
2601	282.6600037
2602	282.6799927
2603	282.6799927
2604	282.6099854
2605	282.7000122
2606	282.7200012
2607	282.8399963
2608	282.8599854
2609	282.7600098
2610	282.7399902
2611	282.7200012
2612	282.7600098
2613	282.8200073
2614	282.7600098
2615	282.8399963
2616	282.7999878
2617	282.8399963
2618	282.8399963
2619	282.7999878
2620	282.8399963
2621	282.7799988
2622	282.7799988
2623	282.7799988
2624	282.7600098
2625	282.8200073
2626	282.8200073
2627	282.8599854
2628	282.8399963
2629	282.8399963
2630	282.9100037
2631	282.8399963
2632	282.8599854
2633	282.7799988
2634	282.7399902
2635	282.7399902
2636	282.7399902
2637	282.7600098
2638	282.8200073
2639	282.7999878
2640	282.8900146
2641	282.7799988
2642	282.7999878
2643	282.7600098
2644	282.3800049
2645	282.2399902
2646	282.2200012
2647	282.0499878
2648	282.0700073
2649	282.1099854
2650	282.0700073
2651	282.0899963
2652	281.9899902
2653	281.7099915
2654	281.2099915
2655	280.9599915
2656	280.1900024
2657	279.7099915
2658	278.3900146
2659	276.7600098
2660	274.8099976
2661	274.8099976
2662	272.2399902
2663	270.8399963
2664	270.2999878
2665	269.25
2666	268.5400085
2667	268.1600037
2668	268.1600037
2669	268.0400085
2670	268.1199951
2671	268.25
2672	268.5799866
2673	268.9400024
2674	269.1900024
2675	269.3999939
2676	270.25
2677	270.730011
2678	271.0100098
2679	271.5100098
2680	271.8399963
2681	271.9899902
2682	272.1600037
2683	272.8099976
2684	273.0400085
2685	273.4700012
2686	273.8099976
2687	274.0400085
2688	274.4400024
2689	274.5599976
2690	274.75
2691	274.8099976
2692	274.9599915
2693	274.9599915
2694	275.3800049
2695	275.5700073
2696	275.6499939
2697	275.8200073
2698	275.9599915
2699	276.0700073
2700	276.0700073
2701	276.2600098
2702	276.3399963
2703	276.3999939
2704	276.4200134
2705	276.4400024
2706	276.5100098
2707	276.5100098
2708	276.7200012
2709	276.7999878
2710	276.7999878
2711	276.8599854
2712	276.9899902
2713	276.9700012
2714	276.9500122
2715	277.1099854
2716	277.2600098
2717	277.2999878
2718	277.2600098
2719	277.2200012
2720	277.2999878
2721	277.4100037
2722	277.4500122
2723	277.4700012
2724	277.5700073
2725	277.5299988
2726	277.5299988
2727	277.4500122
2728	277.4899902
2729	277.5899963
2730	277.5899963
2731	277.7000122
2732	277.7000122
2733	277.8200073
2734	277.7399902
2735	277.7399902
2736	277.7600098
2737	277.6799927
2738	277.7200012
2739	277.7200012
2740	277.6400146
2741	277.8500061
2742	277.8500061
2743	277.9500122
2744	277.9100037
2745	277.7799988
2746	277.8900146
2747	277.9899902
2748	277.9299927
2749	277.9299927
2750	277.8500061
2751	277.8200073
2752	277.8699951
2753	277.9500122
2754	277.8699951
2755	277.8699951
2756	277.8500061
2757	277.8200073
2758	277.8500061
2759	277.7799988
2760	277.7799988
2761	277.9100037
2762	277.8900146
2763	277.8699951
2764	277.8500061
2765	277.7999878
2766	277.8500061
2767	277.7799988
2768	277.8699951
2769	277.8900146
2770	277.9700012
2771	277.9700012
2772	278.0799866
2773	278.2000122
2774	278.1600037
2775	278.1000061
2776	278.1000061
2777	277.8699951
2778	277.8699951
2779	277.5700073
2780	277.4899902
2781	277.5100098
2782	277.5100098
2783	277.5700073
2784	277.5499878
2785	277.6400146
2786	277.7600098
2787	277.8200073
2788	277.7799988
2789	277.9700012
2790	277.9700012
2791	277.9899902
2792	277.9899902
2793	277.9899902
2794	277.9899902
2795	278.0100098
2796	277.9899902
2797	277.9500122
2798	277.9899902
2799	277.9500122
2800	277.9500122
2801	277.9700012
2802	277.9899902
2803	277.9899902
2804	277.8200073
2805	277.8699951
2806	277.8900146
2807	277.8500061
2808	277.8699951
2809	277.8699951
2810	277.8699951
2811	277.8200073
2812	277.8200073
2813	277.8900146
2814	277.9100037
2815	277.9100037
2816	277.8500061
2817	277.8500061
2818	277.9100037
2819	277.8699951
2820	277.8200073
2821	277.8699951
2822	277.9100037
2823	277.9700012
2824	277.9500122
2825	277.9899902
2826	277.9899902
2827	278.0100098
2828	278.0100098
2829	278.0799866
2830	278.0499878
2831	278.1400146
2832	278.1000061
2833	278.1199951
2834	278.2399902
2835	278.2200012
2836	278.2200012
2837	278.2600098
2838	278.3500061
2839	278.3900146
2840	278.4500122
2841	278.4500122
2842	278.4500122
2843	278.3900146
2844	278.4100037
2845	278.3500061
2846	278.3299866
2847	278.3500061
2848	278.3099976
2849	278.3099976
2850	278.2799988
2851	278.3699951
2852	278.4100037
2853	278.4500122
2854	278.4299927
2855	278.4100037
2856	278.4100037
2857	278.4700012
2858	278.4299927
2859	278.5400085
2860	278.4500122
2861	278.4500122
2862	278.4100037
2863	278.4500122
2864	278.5799866
2865	278.6000061
2866	278.6400146
2867	278.7000122
2868	278.5599976
2869	278.6199951
2870	278.5799866
2871	278.6199951
2872	278.6400146
2873	278.6400146
2874	278.6400146
2875	278.6799927
2876	278.6799927
2877	278.8299866
2878	278.7200012
2879	278.6799927
2880	278.7399902
2881	278.7399902
2882	278.8099976
2883	278.8699951
2884	278.8500061
2885	278.7399902
2886	278.8099976
2887	278.8500061
2888	278.8500061
2889	278.8699951
2890	278.8699951
2891	278.9500122
2892	278.9299927
2893	279
2894	279
2895	279.019989
2896	279.019989
2897	279.0599976
2898	279.019989
2899	279.0599976
2900	279.1199951
2901	279.0799866
2902	279.0599976
2903	279.1000061
2904	279.0799866
2905	279.1199951
2906	279.1400146
2907	279.1199951
2908	279.1000061
2909	279.1000061
2910	279.0599976
2911	279.1000061
2912	279.1000061
2913	279.1000061
2914	279.1400146
2915	279.1600037
2916	279.1400146
2917	279.1799927
2918	279.2000122
2919	279.2000122
2920	279.2000122
2921	279.25
2922	279.2900085
2923	279.3699951
2924	279.269989
2925	279.269989
2926	279.25
2927	279.1600037
2928	279.3099976
2929	279.25
2930	279.230011
2931	279.3299866
2932	279.2900085
2933	279.269989
2934	279.3099976
2935	279.4100037
2936	279.3900146
2937	279.3699951
2938	279.3500061
2939	279.2900085
2940	279.4299927
2941	279.5599976
2942	279.7900085
2943	280
2944	280.0400085
2945	280.0400085
2946	280.1499939
2947	280.4200134
2948	280.5599976
2949	280.9200134
2950	281.269989
2951	281.4200134
2952	281.4200134
2953	281.7099915
2954	281.7600098
2955	281.7799988
2956	281.8399963
2957	281.9200134
2958	281.9599915
2959	281.9599915
2960	282.1499939
2961	282.2600098
2962	282.3200073
2963	282.2399902
2964	282.4299927
2965	282.3200073
2966	282.3399963
2967	282.4500122
2968	282.4700012
2969	282.4700012
2970	282.6099854
2971	282.5899963
2972	282.6600037
2973	282.5700073
2974	282.6099854
2975	282.6799927
2976	282.7000122
2977	282.6300049
2978	282.6300049
2979	282.5899963
2980	282.5499878
2981	282.5899963
2982	282.5700073
2983	282.6099854
2984	282.6099854
2985	282.6300049
2986	282.6799927
2987	282.7399902
2988	282.8900146
2989	283.0100098
2990	283.0499878
2991	283.0499878
2992	283.1600037
2993	283.0299988
2994	283.0899963
2995	282.9899902
2996	282.9500122
2997	282.8399963
2998	282.7999878
2999	282.8399963
3000	282.8599854
3001	282.8599854
3002	282.9700012
3003	282.9700012
3004	282.9700012
3005	282.9700012
3006	283.0499878
3007	283.0499878
3008	282.9500122
3009	283.0100098
3010	282.9899902
3011	283.0299988
3012	283.0499878
3013	283.0899963
3014	283.0499878
3015	283.0700073
3016	283.0700073
3017	283.2399902
3018	283.0499878
3019	283.0899963
3020	283.1400146
3021	283.0899963
3022	283.0899963
3023	283.0899963
3024	283.0700073
3025	283.0700073
3026	283.0899963
3027	283.0899963
3028	283.1199951
3029	283.0899963
3030	283.0899963
3031	283.0499878
3032	283.1199951
3033	283.0299988
3034	283.0499878
3035	283.0499878
3036	283.0700073
3037	283.0899963
3038	283.1799927
3039	283.1600037
3040	283.1799927
3041	283.2200012
3042	283.2399902
3043	283.1400146
3044	283.1199951
3045	283.1799927
3046	283.1199951
3047	283.1600037
3048	283.2200012
3049	283.2600098
3050	283.1799927
3051	283.2200012
3052	283.0899963
3053	283.0299988
3054	283.0499878
3055	283.0499878
3056	283.0899963
3057	283.0700073
3058	283.1799927
3059	283.2000122
3060	283.2399902
3061	283.2799988
3062	283.2799988
3063	283.1400146
3064	283.1799927
3065	283.1799927
3066	283.1799927
3067	283.2399902
3068	283.2000122
3069	283.2799988
3070	283.1600037
3071	283.1600037
3072	283.0899963
3073	283.1600037
3074	283.1199951
3075	283.0499878
3076	282.9899902
3077	283.0499878
3078	283.0899963
3079	283.0700073
3080	283.0899963
3081	283.0899963
3082	283.1199951
3083	283.1400146
3084	283.0700073
3085	283.0899963
3086	283.2000122
3087	283.1199951
3088	283.0899963
3089	283.1199951
3090	283.1400146
3091	283.0899963
3092	283.1600037
3093	283.2000122
3094	283.2000122
3095	283.2600098
3096	283.2600098
3097	283.2999878
3098	283.3200073
3099	283.3699951
3100	283.2999878
3101	283.2999878
3102	283.1799927
3103	283.2000122
3104	283.2600098
3105	283.3200073
3106	283.2200012
3107	283.1600037
3108	283.2200012
3109	283.4100037
3110	283.4299927
3111	283.3900146
3112	283.2200012
3113	283.1400146
3114	283.1600037
3115	283.1799927
3116	283.0499878
3117	282.9299927
3118	282.7600098
3119	282.5700073
3120	282.5299988
3121	282.4700012
3122	282.4299927
3123	282.2999878
3124	282.2399902
3125	282.2799988
3126	282.2799988
3127	281.8800049
3128	281.3999939
3129	281.1099854
3130	280.5799866
3131	279.8299866
3132	278.9299927
3133	278.9299927
3134	277.2399902
3135	276.1099854
3136	275.6099854
3137	274.519989
3138	273.8099976
3139	273.2399902
3140	273.2399902
3141	272.9500122
3142	273.0400085
3143	273.0100098
3144	273.1799927
3145	273.3900146
3146	273.5400085
3147	273.6799927
3148	274.2099915
3149	274.2900085
3150	274.6000061
3151	275.0799866
3152	275.2099915
3153	275.5700073
3154	275.6700134
3155	276.2600098
3156	276.2999878
3157	276.5499878
3158	276.7399902
3159	276.7600098
3160	276.9500122
3161	277.0899963
3162	277.2999878
3163	277.6400146
3164	277.7799988
3165	277.7799988
3166	277.9700012
3167	277.9700012
3168	277.9299927
3169	277.9899902
3170	278.1799927
3171	278.2799988
3172	278.2799988
3173	278.3900146
3174	278.4100037
3175	278.3900146
3176	278.6000061
3177	278.6199951
3178	278.6799927
3179	278.6600037
3180	278.769989
3181	278.8500061
3182	278.9100037
3183	278.8900146
3184	278.8699951
3185	278.9299927
3186	279.019989
3187	279.1199951
3188	279.0799866
3189	279.0400085
3190	279.0400085
3191	279.1799927
3192	279.230011
3193	279.2900085
3194	279.3299866
3195	279.3299866
3196	279.2900085
3197	279.2900085
3198	279.3299866
3199	279.4299927
3200	279.4100037
3201	279.4599915
3202	279.4299927
3203	279.4299927
3204	279.4299927
3205	279.5599976
3206	279.5799866
3207	279.5400085
3208	279.5799866
3209	279.6000061
3210	279.6900024
3211	279.6900024
3212	279.5400085
3213	279.5599976
3214	279.5799866
3215	279.6900024
3216	279.769989
3217	279.769989
3218	279.769989
3219	279.8099976
3220	279.7099915
3221	279.6600037
3222	279.6900024
3223	279.6400146
3224	279.6000061
3225	279.6199951
3226	279.6900024
3227	279.6900024
3228	279.730011
3229	279.730011
3230	279.75
3231	279.730011
3232	279.6900024
3233	279.7900085
3234	279.7099915
3235	279.6900024
3236	279.6900024
3237	279.8099976
3238	279.8099976
3239	279.8299866
3240	279.75
3241	279.75
3242	279.8099976
3243	279.8099976
3244	279.7900085
3245	279.8500061
3246	279.8299866
3247	279.8500061
3248	279.9200134
3249	279.9200134
3250	279.9200134
3251	279.8699951
3252	279.980011
3253	279.9599915
3254	279.8900146
3255	279.8500061
3256	279.9400024
3257	279.8500061
3258	279.9200134
3259	279.9400024
3260	280.0400085
3261	280.1199951
3262	280.0799866
3263	280.1199951
3264	280
3265	280.019989
3266	279.9400024
3267	279.9200134
3268	279.980011
3269	279.9599915
3270	280.0400085
3271	280.0799866
3272	280.0799866
3273	280.1199951
3274	280.0799866
3275	280.0799866
3276	280.0799866
3277	279.980011
3278	279.9400024
3279	280
3280	280.0599976
3281	280.019989
3282	280.019989
3283	280.0400085
3284	280.0400085
3285	280
3286	280
3287	279.9599915
3288	279.9200134
3289	279.8900146
3290	279.9599915
3291	280
3292	280
3293	280.0599976
3294	280.0799866
3295	280.1199951
3296	280.0400085
3297	280
3298	280.0599976
3299	280
3300	279.980011
3301	280.1000061
3302	280.0799866
3303	280.1199951
3304	280.019989
3305	279.980011
3306	280.0799866
3307	280.0799866
3308	280.0599976
3309	280
3310	280.019989
3311	280.019989
3312	280
3313	280.1000061
3314	280.1000061
3315	280.0599976
3316	280.1000061
3317	280.1199951
3318	280.1199951
3319	280.019989
3320	280
3321	280
3322	280
3323	280.0599976
3324	280
3325	280.1000061
3326	280.0599976
3327	280.1000061
3328	280.1000061
3329	280.1199951
3330	280.1199951
3331	280.1499939
3332	280.1499939
3333	280.1700134
3334	280.1700134
3335	280.1199951
3336	280.1499939
3337	280.1900024
3338	280.1700134
3339	280.1199951
3340	280.1199951
3341	280.1700134
3342	280.1499939
3343	280.0599976
3344	280.1000061
3345	280.1199951
3346	280.1199951
3347	280.1499939
3348	280.1700134
3349	280.25
3350	280.269989
3351	280.1900024
3352	280.1199951
3353	280.1199951
3354	280.2099915
3355	280.2099915
3356	280.2099915
3357	280.230011
3358	280.2900085
3359	280.2900085
3360	280.3299866
3361	280.269989
3362	280.269989
3363	280.2900085
3364	280.25
3365	280.25
3366	280.1900024
3367	280.25
3368	280.2099915
3369	280.2099915
3370	280.3099976
3371	280.2900085
3372	280.3099976
3373	280.3500061
3374	280.3299866
3375	280.230011
3376	280.3299866
3377	280.5
3378	280.5
3379	280.5599976
3380	280.4200134
3381	280.480011
3382	280.3099976
3383	280.3299866
3384	280.3500061
3385	280.3500061
3386	280.2900085
3387	280.269989
3388	280.230011
3389	280.25
3390	280.2099915
3391	280.230011
3392	280.230011
3393	280.1900024
3394	280.230011
3395	280.25
3396	280.3099976
3397	280.2900085
3398	280.3500061
3399	280.3800049
3400	280.25
3401	280.269989
3402	280.2099915
3403	280.230011
3404	280.269989
3405	280.25
3406	280.2900085
3407	280.3800049
3408	280.3299866
3409	280.230011
3410	280.2099915
3411	280.2099915
3412	280.230011
3413	280.3099976
3414	280.480011
3415	280.730011
3416	280.9200134
3417	280.9200134
3418	281.0700073
3419	281.1700134
3420	281.269989
3421	281.5
3422	281.7600098
3423	281.8999939
3424	281.8999939
3425	282.0499878
3426	282.1300049
3427	282.2200012
3428	282.2000122
3429	282.2399902
3430	282.2600098
3431	282.3399963
3432	282.3200073
3433	282.2999878
3434	282.3599854
3435	282.5499878
3436	282.5499878
3437	282.6099854
3438	282.6300049
3439	282.6300049
3440	282.5899963
3441	282.6099854
3442	282.7399902
3443	282.7200012
3444	282.5700073
3445	282.5899963
3446	282.6300049
3447	282.6300049
3448	282.7200012
3449	282.7200012
3450	282.7600098
3451	282.7399902
3452	282.7200012
3453	282.7999878
3454	282.8900146
3455	282.8599854
3456	282.8599854
3457	282.8399963
3458	282.8599854
3459	282.8599854
3460	283.0100098
3461	283.0299988
3462	283.0100098
3463	283.0100098
3464	282.9700012
3465	283.0299988
3466	282.9899902
3467	283.0299988
3468	282.9700012
3469	282.9500122
3470	282.9700012
3471	283.0899963
3472	283.0499878
3473	282.9899902
3474	283.0299988
3475	283.0499878
3476	283.0299988
3477	282.9700012
3478	283.1799927
3479	283.1600037
3480	283.0899963
3481	283.0899963
3482	283.0299988
3483	282.9899902
3484	283.0100098
3485	282.9500122
3486	283.0499878
3487	283.0499878
3488	283.0499878
3489	282.9899902
3490	283.0299988
3491	282.9700012
3492	282.9700012
3493	283.0100098
3494	282.9899902
3495	282.9899902
3496	283.0499878
3497	283.0299988
3498	283.0100098
3499	283.0899963
3500	283.1600037
3501	283.1199951
3502	283.1199951
3503	283.0299988
3504	283.1600037
3505	283.1799927
3506	283.1199951
3507	283.2399902
3508	283.2000122
3509	283.2000122
3510	283.1400146
3511	283.1199951
3512	283.1799927
3513	283.1799927
3514	283.2600098
3515	283.2000122
3516	283.2399902
3517	283.0899963
3518	282.9500122
3519	282.9899902
3520	282.9899902
3521	283.0899963
3522	283.1400146
3523	283.1799927
3524	283.2600098
3525	283.2600098
3526	283.3500061
3527	283.3500061
3528	283.3500061
3529	283.2399902
3530	283.2600098
3531	283.2200012
3532	283.2600098
3533	283.2399902
3534	283.2399902
3535	283.1400146
3536	283.0899963
3537	283.0499878
3538	283.0299988
3539	282.9500122
3540	283.0299988
3541	283.0100098
3542	283.0700073
3543	283.0700073
3544	283.0899963
3545	283.1400146
3546	283.1799927
3547	283.2399902
3548	283.2399902
3549	283.1799927
3550	283.1799927
3551	283.1400146
3552	283.1799927
3553	283.2200012
3554	283.1799927
3555	283.2200012
3556	283.1600037
3557	283.1199951
3558	283.1600037
3559	283.1600037
3560	283.1199951
3561	283.1799927
3562	283.2600098
3563	283.3699951
3564	283.2999878
3565	283.3500061
3566	283.3500061
3567	283.3699951
3568	283.3200073
3569	283.2799988
3570	283.3500061
3571	283.3900146
3572	283.2999878
3573	283.2399902
3574	283.2600098
3575	283.2600098
3576	283.2999878
3577	283.3200073
3578	283.2600098
3579	283.3500061
3580	283.3699951
3581	283.2600098
3582	283.2000122
3583	283.2600098
3584	283.1400146
3585	283.1400146
3586	283.1199951
3587	283.1799927
3588	283.1799927
3589	283.1400146
3590	282.8900146
3591	282.7799988
3592	282.7200012
3593	282.5299988
3594	282.5100098
3595	282.4899902
3596	282.3800049
3597	282.3599854
3598	282.3599854
3599	282.3200073
3600	282.2600098
3601	282.1700134
3602	281.7099915
3603	281.25
3604	280.75
3605	280.75
3606	279.8699951
3607	279.1799927
3608	278.8299866
3609	277.9700012
3610	277.2999878
3611	276.9899902
3612	276.7799988
3613	276.2999878
3614	276.230011
3615	276.2799988
3616	276.3399963
3617	276.5299988
3618	276.5700073
3619	276.7200012
3620	277.0899963
3621	277.2000122
3622	277.2399902
3623	277.4899902
3624	277.6199951
3625	277.8900146
3626	277.9299927
3627	278.1400146
3628	278.3299866
3629	278.5400085
3630	278.5400085
3631	278.7399902
3632	278.8099976
3633	278.9500122
3634	279
3635	279
3636	279.0799866
3637	279.0799866
3638	279.230011
3639	279.3699951
3640	279.4100037
3641	279.5799866
3642	279.6199951
3643	279.6600037
3644	279.6600037
3645	279.769989
3646	279.8500061
3647	279.8500061
3648	279.8500061
3649	279.8900146
3650	279.8099976
3651	279.8699951
3652	279.8900146
3653	279.8900146
3654	279.9599915
3655	279.8900146
3656	279.9599915
3657	280.0599976
3658	280.1499939
3659	280.1499939
3660	280.1199951
3661	280.1499939
3662	280.25
3663	280.2099915
3664	280.25
3665	280.230011
3666	280.2099915
3667	280.2900085
3668	280.3999939
3669	280.3999939
3670	280.4400024
3671	280.4200134
3672	280.3999939
3673	280.3500061
3674	280.3500061
3675	280.3800049
3676	280.3800049
3677	280.3500061
3678	280.4200134
3679	280.4599915
3680	280.5
3681	280.519989
3682	280.519989
3683	280.5
3684	280.5
3685	280.5
3686	280.5400085
3687	280.5599976
3688	280.480011
3689	280.519989
3690	280.5599976
3691	280.5799866
3692	280.6099854
3693	280.6700134
3694	280.6099854
3695	280.6300049
3696	280.5599976
3697	280.5799866
3698	280.5799866
3699	280.6099854
3700	280.6499939
3701	280.6499939
3702	280.6300049
3703	280.6300049
3704	280.5799866
3705	280.6300049
3706	280.6300049
3707	280.5799866
3708	280.5799866
3709	280.6099854
3710	280.6499939
3711	280.769989
3712	280.769989
3713	280.7099915
3714	280.6900024
3715	280.6900024
3716	280.730011
3717	280.75
3718	280.730011
3719	280.6700134
3720	280.6900024
3721	280.7099915
3722	280.7900085
3723	280.8399963
3724	280.7900085
3725	280.769989
3726	280.769989
3727	280.7099915
3728	280.6900024
3729	280.6700134
3730	280.6700134
3731	280.730011
3732	280.6499939
3733	280.7099915
3734	280.6900024
3735	280.6300049
3736	280.6300049
3737	280.6099854
3738	280.6700134
3739	280.6300049
3740	280.6300049
3741	280.6700134
3742	280.6499939
3743	280.6300049
3744	280.6300049
3745	280.6700134
3746	280.75
3747	280.75
3748	280.7900085
3749	280.8399963
3750	280.7900085
3751	280.75
3752	280.7099915
3753	280.75
3754	280.75
3755	280.75
3756	280.8800049
3757	280.8399963
3758	280.7900085
3759	280.75
3760	280.730011
3761	280.6900024
3762	280.6700134
3763	280.7099915
3764	280.75
3765	280.769989
3766	280.75
3767	280.7099915
3768	280.7099915
3769	280.75
3770	280.730011
3771	280.769989
3772	280.769989
3773	280.75
3774	280.75
3775	280.6900024
3776	280.6900024
3777	280.75
3778	280.8800049
3779	280.8800049
3780	280.7900085
3781	280.7900085
3782	280.8099976
3783	280.8399963
3784	280.8599854
3785	280.8800049
3786	280.8800049
3787	280.8800049
3788	280.769989
3789	280.7900085
3790	280.75
3791	280.769989
3792	280.769989
3793	280.769989
3794	280.769989
3795	280.6900024
3796	280.7099915
3797	280.730011
3798	280.7099915
3799	280.6900024
3800	280.6099854
3801	280.5799866
3802	280.6700134
3803	280.6700134
3804	280.7099915
3805	280.75
3806	280.730011
3807	280.6499939
3808	280.6499939
3809	280.6700134
3810	280.6499939
3811	280.6499939
3812	280.5599976
3813	280.6900024
3814	280.75
3815	280.730011
3816	280.769989
3817	280.769989
3818	280.769989
3819	280.6700134
3820	280.7099915
3821	280.8099976
3822	280.7900085
3823	280.7900085
3824	280.769989
3825	280.8099976
3826	280.6900024
3827	280.6300049
3828	280.6499939
3829	280.730011
3830	280.6900024
3831	280.7900085
3832	280.7099915
3833	280.6300049
3834	280.6499939
3835	280.5799866
3836	280.6499939
3837	280.6499939
3838	280.730011
3839	280.730011
3840	280.6499939
3841	280.6700134
3842	280.6900024
3843	280.7900085
3844	280.769989
3845	280.730011
3846	280.769989
3847	280.8399963
3848	280.7900085
3849	280.8599854
3850	280.8599854
3851	280.75
3852	280.7900085
3853	280.769989
3854	280.75
3855	280.8099976
3856	280.769989
3857	280.769989
3858	280.8099976
3859	280.8399963
3860	280.769989
3861	280.7900085
3862	280.7900085
3863	280.730011
3864	280.7099915
3865	280.7099915
3866	280.7099915
3867	280.7099915
3868	280.7900085
3869	280.8099976
3870	280.730011
3871	280.8099976
3872	280.75
3873	280.8599854
3874	280.8099976
3875	280.7900085
3876	280.8800049
3877	280.8999939
3878	280.8599854
3879	280.8599854
3880	280.980011
3881	281
3882	281
3883	280.9200134
3884	280.980011
3885	281.019989
3886	280.8399963
3887	281.0700073
3888	281.2099915
3889	281.2099915
3890	281.480011
3891	281.5899963
3892	281.5899963
3893	281.6900024
3894	281.8200073
3895	282.0299988
3896	282.0299988
3897	282.1300049
3898	282.2999878
3899	282.3399963
3900	282.3999939
3901	282.5100098
3902	282.5700073
3903	282.6600037
3904	282.7399902
3905	282.7600098
3906	282.7399902
3907	282.7999878
3908	282.8200073
3909	282.8599854
3910	282.8399963
3911	282.8399963
3912	282.9500122
3913	282.8200073
3914	282.9299927
3915	283.0299988
3916	282.9899902
3917	283.0100098
3918	283.0499878
3919	283.0299988
3920	283.0100098
3921	283.0100098
3922	282.9700012
3923	282.9100037
3924	283.0100098
3925	282.9899902
3926	283.0100098
3927	282.9899902
3928	282.9899902
3929	283.0700073
3930	283.1799927
3931	283.1600037
3932	283.0899963
3933	283.0700073
3934	283.1400146
3935	283.1400146
3936	283.1400146
3937	283.2399902
3938	283.2200012
3939	283.4100037
3940	283.4299927
3941	283.3900146
3942	283.2799988
3943	283.2399902
3944	283.2000122
3945	283.1600037
3946	283.2200012
3947	283.2600098
3948	283.2999878
3949	283.3699951
3950	283.3500061
3951	283.2999878
3952	283.3699951
3953	283.3699951
3954	283.2200012
3955	283.2799988
3956	283.2799988
3957	283.2600098
3958	283.2799988
3959	283.0899963
3960	283.0899963
3961	283.1400146
3962	283.2200012
3963	283.2399902
3964	283.3200073
3965	283.3200073
3966	283.3200073
3967	283.3200073
3968	283.3500061
3969	283.3200073
3970	283.3500061
3971	283.3200073
3972	283.2399902
3973	283.3500061
3974	283.2799988
3975	283.3500061
3976	283.2000122
3977	283.3699951
3978	283.3900146
3979	283.3900146
3980	283.3699951
3981	283.2600098
3982	283.2799988
3983	283.2799988
3984	283.2399902
3985	283.1799927
3986	283.2600098
3987	283.2999878
3988	283.2999878
3989	283.2799988
3990	283.2600098
3991	283.3500061
3992	283.3500061
3993	283.2999878
3994	283.3200073
3995	283.3200073
3996	283.3200073
3997	283.3500061
3998	283.2799988
3999	283.2799988
4000	283.2799988
4001	283.3699951
4002	283.3900146
4003	283.2799988
4004	283.2200012
4005	283.2000122
4006	283.2399902
4007	283.2999878
4008	283.2799988
4009	283.2200012
4010	283.2000122
4011	283.2399902
4012	283.2999878
4013	283.2200012
4014	283.2200012
4015	283.2600098
4016	283.2399902
4017	283.2999878
4018	283.2200012
4019	283.2399902
4020	283.2799988
4021	283.3900146
4022	283.3900146
4023	283.2799988
4024	283.2799988
4025	283.2999878
4026	283.2999878
4027	283.2600098
4028	283.3200073
4029	283.4299927
4030	283.3500061
4031	283.3500061
4032	283.3500061
4033	283.4700012
4034	283.4100037
4035	283.3699951
4036	283.3699951
4037	283.3500061
4038	283.3500061
4039	283.3500061
4040	283.2999878
4041	283.2600098
4042	283.1799927
4043	283.2600098
4044	283.3500061
4045	283.2799988
4046	283.3500061
4047	283.2799988
4048	283.2399902
4049	283.2999878
4050	283.2799988
4051	283.2600098
4052	283.2799988
4053	283.2399902
4054	283.2799988
4055	283.3500061
4056	283.3500061
4057	283.2999878
4058	283.2000122
4059	283.1799927
4060	283.2399902
4061	283.2399902
4062	283.2600098
4063	283.2600098
4064	282.9299927
4065	282.6799927
4066	282.6300049
4067	282.5700073
4068	282.4899902
4069	282.3999939
4070	282.3999939
4071	282.3399963
4072	282.2799988
4073	282.2600098
4074	282.1499939
4075	281.8800049
4076	281.5899963
4077	281.5899963
4078	281.0899963
4079	280.6700134
4080	280.4599915
4081	279.9599915
4082	279.3099976
4083	279.1000061
4084	278.8900146
4085	278.2600098
4086	278.2000122
4087	278.0299988
4088	277.9899902
4089	277.9899902
4090	278.1000061
4091	278.0100098
4092	278.0499878
4093	278.1199951
4094	278.2200012
4095	278.4299927
4096	278.5599976
4097	278.7900085
4098	278.8900146
4099	279
4100	279.0400085
4101	279.1799927
4102	279.1799927
4103	279.4599915
4104	279.6199951
4105	279.6000061
4106	279.6900024
4107	279.6900024
4108	279.6900024
4109	279.6900024
4110	279.9200134
4111	280
4112	280.0599976
4113	280.1900024
4114	280.1000061
4115	280.1199951
4116	280.1199951
4117	280.25
4118	280.25
4119	280.2900085
4120	280.3500061
4121	280.3999939
4122	280.3800049
4123	280.3800049
4124	280.3800049
4125	280.3800049
4126	280.4400024
4127	280.4400024
4128	280.4599915
4129	280.5599976
4130	280.6300049
4131	280.6499939
4132	280.6499939
4133	280.6499939
4134	280.6499939
4135	280.7099915
4136	280.75
4137	280.769989
4138	280.730011
4139	280.6300049
4140	280.730011
4141	280.730011
4142	280.769989
4143	280.769989
4144	280.75
4145	280.769989
4146	280.6900024
4147	280.6900024
4148	280.6900024
4149	280.6700134
4150	280.7900085
4151	280.730011
4152	280.730011
4153	280.6900024
4154	280.6900024
4155	280.730011
4156	280.75
4157	280.730011
4158	280.75
4159	280.8399963
4160	280.8099976
4161	280.8599854
4162	280.8999939
4163	280.8599854
4164	280.9200134
4165	280.8800049
4166	280.8800049
4167	280.8599854
4168	280.9200134
4169	280.8800049
4170	280.8800049
4171	280.7900085
4172	280.8099976
4173	280.8099976
4174	280.75
4175	280.8399963
4176	280.8599854
4177	280.980011
4178	280.9599915
4179	281.0700073
4180	281.0700073
4181	280.9400024
4182	280.980011
4183	280.9200134
4184	280.980011
4185	281.0400085
4186	281.019989
4187	281.0400085
4188	281.0899963
4189	281.0400085
4190	281.0700073
4191	280.9599915
4192	281
4193	281
4194	280.9200134
4195	281.0400085
4196	281.1099854
4197	281.1099854
4198	281.0700073
4199	280.980011
4200	280.9200134
4201	280.8999939
4202	280.9200134
4203	280.9200134
4204	281
4205	281
4206	281.1900024
4207	281.1900024
4208	281.1900024
4209	281.1099854
4210	281.019989
4211	280.9599915
4212	280.9599915
4213	281.0899963
4214	281.1700134
4215	281.1099854
4216	281.0899963
4217	281.0899963
4218	281
4219	281
4220	281.0400085
4221	280.9599915
4222	280.9400024
4223	281.019989
4224	280.980011
4225	281.019989
4226	281.0400085
4227	281.0700073
4228	281.019989
4229	281.019989
4230	281
4231	281.019989
4232	281.0400085
4233	281.0899963
4234	281.2099915
4235	281.1900024
4236	281.230011
4237	281.2099915
4238	281.1499939
4239	281.1499939
4240	281.1700134
4241	281.1700134
4242	281.230011
4243	281.2999878
4244	281.2999878
4245	281.230011
4246	281.25
4247	281.230011
4248	281.2099915
4249	281.1900024
4250	280.980011
4251	280.980011
4252	281.1900024
4253	281.230011
4254	281.1700134
4255	281.1499939
4256	281.1499939
4257	281.1300049
4258	281.1900024
4259	281.230011
4260	281.1900024
4261	281.2099915
4262	281.1300049
4263	281.1900024
4264	281.230011
4265	281.25
4266	281.1499939
4267	281.1099854
4268	281.1099854
4269	281.0700073
4270	281.1099854
4271	281.1900024
4272	281.230011
4273	281.269989
4274	281.25
4275	281.2999878
4276	281.2999878
4277	281.1700134
4278	281.25
4279	281.1900024
4280	281.2099915
4281	281.1300049
4282	281.1700134
4283	281.1700134
4284	281.3399963
4285	281.2999878
4286	281.3200073
4287	281.3800049
4288	281.3200073
4289	281.3800049
4290	281.3800049
4291	281.3399963
4292	281.4200134
4293	281.3800049
4294	281.4400024
4295	281.3599854
4296	281.3800049
4297	281.480011
4298	281.4200134
4299	281.4200134
4300	281.3999939
4301	281.4200134
4302	281.4200134
4303	281.3800049
4304	281.3999939
4305	281.3999939
4306	281.3399963
4307	281.3599854
4308	281.3599854
4309	281.3399963
4310	281.4200134
4311	281.5
4312	281.5299988
4313	281.480011
4314	281.4599915
4315	281.4599915
4316	281.5
4317	281.4599915
4318	281.4200134
4319	281.4400024
4320	281.4599915
4321	281.5299988
4322	281.5299988
4323	281.5299988
4324	281.5299988
4325	281.5700073
4326	281.6300049
4327	281.7099915
4328	281.6499939
4329	281.6499939
4330	281.5499878
4331	281.5700073
4332	281.5
4333	281.5
4334	281.5299988
4335	281.5299988
4336	281.5499878
4337	281.6099854
4338	281.6300049
4339	281.6900024
4340	281.6099854
4341	281.5
4342	281.5299988
4343	281.5299988
4344	281.5499878
4345	281.6300049
4346	281.5299988
4347	281.5299988
4348	281.5
4349	281.5
4350	281.5299988
4351	281.5899963
4352	281.5899963
4353	281.5499878
4354	281.5499878
4355	281.5899963
4356	281.6700134
4357	281.6700134
4358	281.6300049
4359	281.6700134
4360	281.8999939
4361	281.8999939
4362	282.1700134
4363	282.2399902
4364	282.2399902
4365	282.3399963
4366	282.3800049
4367	282.5100098
4368	282.5299988
4369	282.7000122
4370	282.7999878
4371	282.8399963
4372	282.9100037
4373	283.0100098
4374	283.0899963
4375	283.0499878
4376	283.1400146
4377	283.1400146
4378	283.1799927
4379	283.1799927
4380	283.1400146
4381	283.1400146
4382	283.1400146
4383	283.2200012
4384	283.2600098
4385	283.3900146
4386	283.3900146
4387	283.3200073
4388	283.3900146
4389	283.3699951
4390	283.3200073
4391	283.2799988
4392	283.2999878
4393	283.2999878
4394	283.3200073
4395	283.3500061
4396	283.3200073
4397	283.2999878
4398	283.3699951
4399	283.3699951
4400	283.3699951
4401	283.3500061
4402	283.3500061
4403	283.2799988
4404	283.4100037
4405	283.4500122
4406	283.4700012
4407	283.3200073
4408	283.4100037
4409	283.4100037
4410	283.3900146
4411	283.4299927
4412	283.4500122
4413	283.4700012
4414	283.5100098
4415	283.5499878
4416	283.4700012
4417	283.4100037
4418	283.3699951
4419	283.3900146
4420	283.3900146
4421	283.3500061
4422	283.4500122
4423	283.4700012
4424	283.4700012
4425	283.4700012
4426	283.5299988
4427	283.5299988
4428	283.4899902
4429	283.5499878
4430	283.4899902
4431	283.5799866
4432	283.5799866
4433	283.6799927
4434	283.6199951
4435	283.6600037
4436	283.5499878
4437	283.5499878
4438	283.5499878
4439	283.6000061
4440	283.4899902
4441	283.4500122
4442	283.5100098
4443	283.6199951
4444	283.6600037
4445	283.5299988
4446	283.5499878
4447	283.6600037
4448	283.6799927
4449	283.7000122
4450	283.7399902
4451	283.7200012
4452	283.6199951
4453	283.5299988
4454	283.5299988
4455	283.4899902
4456	283.5299988
4457	283.5299988
4458	283.5299988
4459	283.4299927
4460	283.4899902
4461	283.5299988
4462	283.5799866
4463	283.5799866
4464	283.5799866
4465	283.5100098
4466	283.4700012
4467	283.5299988
4468	283.5799866
4469	283.5299988
4470	283.5799866
4471	283.5799866
4472	283.5100098
4473	283.4899902
4474	283.4700012
4475	283.5100098
4476	283.5499878
4477	283.5499878
4478	283.5499878
4479	283.6199951
4480	283.5299988
4481	283.6400146
4482	283.6199951
4483	283.6799927
4484	283.6400146
4485	283.5799866
4486	283.5499878
4487	283.5499878
4488	283.5799866
4489	283.6000061
4490	283.5799866
4491	283.5299988
4492	283.6600037
4493	283.6199951
4494	283.6199951
4495	283.5799866
4496	283.5799866
4497	283.6199951
4498	283.6199951
4499	283.6799927
4500	283.6799927
4501	283.7000122
4502	283.7399902
4503	283.7399902
4504	283.6799927
4505	283.6400146
4506	283.6400146
4507	283.6400146
4508	283.6600037
4509	283.7200012
4510	283.7399902
4511	283.7600098
4512	283.7200012
4513	283.6799927
4514	283.6600037
4515	283.7000122
4516	283.7200012
4517	283.7000122
4518	283.6600037
4519	283.6600037
4520	283.7000122
4521	283.6400146
4522	283.7000122
4523	283.7399902
4524	283.7200012
4525	283.8099976
4526	283.7399902
4527	283.7000122
4528	283.7000122
4529	283.8299866
4530	283.7000122
4531	283.6600037
4532	283.7000122
4533	283.7600098
4534	283.8500061
4535	283.8500061
4536	283.7000122
4537	283.5499878
4538	283.4899902
4539	283.3500061
4540	283.2399902
4541	283.1799927
4542	283.1799927
4543	283.0899963
4544	283.1199951
4545	283.1199951
4546	282.9700012
4547	282.7600098
4548	282.5899963
4549	282.3999939
4550	281.6900024
4551	281.3800049
4552	280.980011
4553	280.6499939
4554	280.480011
4555	280.230011
4556	280.019989
4557	279.8900146
4558	279.8699951
4559	279.9200134
4560	279.9599915
4561	280
4562	280.1199951
4563	280.2099915
4564	280.4200134
4565	280.5400085
4566	280.6900024
4567	280.6900024
4568	280.9400024
4569	280.9599915
4570	281.0700073
4571	281.1700134
4572	281.230011
4573	281.3599854
4574	281.3599854
4575	281.4599915
4576	281.5299988
4577	281.5700073
4578	281.6099854
4579	281.6499939
4580	281.7600098
4581	281.7600098
4582	281.7099915
4583	281.6900024
4584	281.7600098
4585	281.6900024
4586	281.6499939
4587	281.6900024
4588	281.6499939
4589	281.7600098
4590	281.8399963
4591	281.8399963
4592	281.8800049
4593	281.8800049
4594	281.8800049
4595	281.8599854
4596	281.8200073
4597	281.8999939
4598	281.8800049
4599	281.8399963
4600	281.7600098
4601	281.8599854
4602	281.8800049
4603	281.7600098
4604	281.8800049
4605	281.9200134
4606	281.9200134
4607	282.0100098
4608	281.9200134
4609	281.9200134
4610	281.8999939
4611	281.8599854
4612	281.8599854
4613	281.8599854
4614	281.9200134
4615	281.8399963
4616	281.9200134
4617	281.8399963
4618	281.8399963
4619	281.8200073
4620	281.8200073
4621	281.7600098
4622	281.7600098
4623	281.7999878
4624	281.8800049
4625	281.9200134
4626	281.8999939
4627	281.8999939
4628	281.9200134
4629	281.9899902
4630	282.0299988
4631	281.9599915
4632	282.0100098
4633	281.9599915
4634	281.9200134
4635	281.9599915
4636	281.9400024
4637	282.0299988
4638	282.0299988
4639	281.9899902
4640	281.8399963
4641	281.8399963
4642	281.8399963
4643	281.8200073
4644	281.8999939
4645	281.8999939
4646	281.9899902
4647	282.0299988
4648	281.9599915
4649	281.8800049
4650	281.8599854
4651	281.8800049
4652	281.8800049
4653	281.6300049
4654	281.6099854
4655	281.6099854
4656	281.5899963
4657	281.7600098
4658	281.6300049
4659	281.6499939
4660	281.6300049
4661	281.6499939
4662	281.6300049
4663	281.5700073
4664	281.5499878
4665	281.5
4666	281.5
4667	281.4599915
4668	281.5
4669	281.5299988
4670	281.4599915
4671	281.3999939
4672	281.4400024
4673	281.480011
4674	281.3399963
4675	281.3200073
4676	281.3200073
4677	281.3200073
4678	281.3800049
4679	281.3399963
4680	281.3399963
4681	281.4400024
4682	281.4200134
4683	281.3999939
4684	281.3999939
4685	281.2999878
4686	281.2099915
4687	281.2099915
4688	281.25
4689	281.2099915
4690	281.1900024
4691	281.1900024
4692	281.230011
4693	281.1700134
4694	281.1700134
4695	281.1700134
4696	281.1499939
4697	281.2099915
4698	281.1900024
4699	281.2999878
4700	281.3399963
4701	281.230011
4702	281.1099854
4703	281
4704	280.980011
4705	280.980011
4706	281.0700073
4707	281.1300049
4708	281.1499939
4709	281.1499939
4710	281.2099915
4711	281.1700134
4712	281.230011
4713	281.25
4714	281.230011
4715	281.3399963
4716	281.3399963
4717	281.5299988
4718	281.480011
4719	281.4400024
4720	281.3800049
4721	281.3599854
4722	281.3999939
4723	281.3999939
4724	281.2999878
4725	281.3399963
4726	281.3599854
4727	281.4400024
4728	281.4400024
4729	281.4200134
4730	281.3999939
4731	281.3800049
4732	281.3200073
4733	281.4400024
4734	281.5499878
4735	281.5899963
4736	281.6499939
4737	281.5899963
4738	281.5299988
4739	281.6099854
4740	281.6499939
4741	281.7099915
4742	281.730011
4743	281.7999878
4744	281.8800049
4745	281.8999939
4746	281.9400024
4747	282.0700073
4748	282.0700073
4749	282.0700073
4750	282.1099854
4751	282.0899963
4752	282.0700073
4753	282.1499939
4754	282.1700134
4755	282.1700134
4756	282.2399902
4757	282.2000122
4758	282.1700134
4759	282.2399902
4760	282.2600098
4761	282.2799988
4762	282.3399963
4763	282.2600098
4764	282.2200012
4765	282.2200012
4766	282.2600098
4767	282.2399902
4768	282.2799988
4769	282.2999878
4770	282.3800049
4771	282.3200073
4772	282.2999878
4773	282.3399963
4774	282.2600098
4775	282.2600098
4776	282.2399902
4777	282.2600098
4778	282.1700134
4779	282.1499939
4780	282.2999878
4781	282.3399963
4782	282.4500122
4783	282.4299927
4784	282.3599854
4785	282.3599854
4786	282.4299927
4787	282.4299927
4788	282.5100098
4789	282.5299988
4790	282.3999939
4791	282.3999939
4792	282.3599854
4793	282.4500122
4794	282.4500122
4795	282.2999878
4796	282.3599854
4797	282.3200073
4798	282.3200073
4799	282.3399963
4800	282.3399963
4801	282.3599854
4802	282.2399902
4803	282.2799988
4804	282.3999939
4805	282.2600098
4806	282.3200073
4807	282.3200073
4808	282.3800049
4809	282.4899902
4810	282.6099854
4811	282.5299988
4812	282.4700012
4813	282.5100098
4814	282.4500122
4815	282.4299927
4816	282.4899902
4817	282.3800049
4818	282.4700012
4819	282.4700012
4820	282.3399963
4821	282.2600098
4822	282.2799988
4823	282.3200073
4824	282.3200073
4825	282.2000122
4826	282.2000122
4827	282.3800049
4828	282.3200073
4829	282.3200073
4830	282.2399902
4831	282.2999878
4832	282.3800049
4833	282.3800049
4834	282.5899963
4835	282.6799927
4836	282.6799927
4837	282.7399902
4838	282.7799988
4839	282.7999878
4840	282.7999878
4841	282.8399963
4842	282.9500122
4843	283.0100098
4844	283.0499878
4845	283.0499878
4846	283.1199951
4847	283.1600037
4848	283.2000122
4849	283.2000122
4850	283.2799988
4851	283.2999878
4852	283.2999878
4853	283.2999878
4854	283.3699951
4855	283.3900146
4856	283.3200073
4857	283.5100098
4858	283.5100098
4859	283.4700012
4860	283.4700012
4861	283.4299927
4862	283.5100098
4863	283.4899902
4864	283.5299988
4865	283.5299988
4866	283.5299988
4867	283.5499878
4868	283.5499878
4869	283.4700012
4870	283.4100037
4871	283.4700012
4872	283.3900146
4873	283.4700012
4874	283.4899902
4875	283.5299988
4876	283.4899902
4877	283.4299927
4878	283.4700012
4879	283.4899902
4880	283.4899902
4881	283.5799866
4882	283.4899902
4883	283.5299988
4884	283.4700012
4885	283.5299988
4886	283.5100098
4887	283.4899902
4888	283.4899902
4889	283.4299927
4890	283.4299927
4891	283.4899902
4892	283.5499878
4893	283.5299988
4894	283.5299988
4895	283.4899902
4896	283.4899902
4897	283.4899902
4898	283.5299988
4899	283.4899902
4900	283.4299927
4901	283.5100098
4902	283.5100098
4903	283.5499878
4904	283.5499878
4905	283.5499878
4906	283.4899902
4907	283.5100098
4908	283.6000061
4909	283.6000061
4910	283.6400146
4911	283.6400146
4912	283.5499878
4913	283.5299988
4914	283.5799866
4915	283.5100098
4916	283.5100098
4917	283.5299988
4918	283.5499878
4919	283.6600037
4920	283.6199951
4921	283.6199951
4922	283.5499878
4923	283.6000061
4924	283.5299988
4925	283.4899902
4926	283.4299927
4927	283.5299988
4928	283.5499878
4929	283.5499878
4930	283.6600037
4931	283.5799866
4932	283.5799866
4933	283.4299927
4934	283.5299988
4935	283.5100098
4936	283.5100098
4937	283.6400146
4938	283.7200012
4939	283.7000122
4940	283.7000122
4941	283.6799927
4942	283.6000061
4943	283.6199951
4944	283.6600037
4945	283.5799866
4946	283.6199951
4947	283.6000061
4948	283.5499878
4949	283.6000061
4950	283.6600037
4951	283.6199951
4952	283.5799866
4953	283.5799866
4954	283.6199951
4955	283.6199951
4956	283.6400146
4957	283.6199951
4958	283.6400146
4959	283.6199951
4960	283.6400146
4961	283.6400146
4962	283.6799927
4963	283.6400146
4964	283.6600037
4965	283.6400146
4966	283.7000122
4967	283.6400146
4968	283.6400146
4969	283.5299988
4970	283.5799866
4971	283.5799866
4972	283.7200012
4973	283.6600037
4974	283.6199951
4975	283.6199951
4976	283.6799927
4977	283.6400146
4978	283.5799866
4979	283.4899902
4980	283.4899902
4981	283.5299988
4982	283.5100098
4983	283.5799866
4984	283.5299988
4985	283.5299988
4986	283.4700012
4987	283.5100098
4988	283.6000061
4989	283.6199951
4990	283.4700012
4991	283.5299988
4992	283.5100098
4993	283.5299988
4994	283.5299988
4995	283.5799866
4996	283.5799866
4997	283.5799866
4998	283.6199951
4999	283.6199951
5000	283.6199951
5001	283.5799866
5002	283.5799866
5003	283.5799866
5004	283.5799866
5005	283.6000061
5006	283.6000061
5007	283.6000061
5008	283.6000061
5009	283.6199951
5010	283.4899902
5011	283.4700012
5012	283.4100037
5013	283.4100037
5014	283.2399902
5015	283.2000122
5016	283.2399902
5017	283.2399902
5018	283.2200012
5019	282.9500122
5020	282.8200073
5021	282.7200012
5022	282.2200012
5023	282.0700073
5024	281.6499939
5025	281.3399963
5026	281.1900024
5027	280.8800049
5028	280.730011
5029	280.4599915
5030	280.4200134
5031	280.5400085
5032	280.5400085
5033	280.7900085
5034	280.8999939
5035	280.9400024
5036	281.019989
5037	281.230011
5038	281.3200073
5039	281.3200073
5040	281.480011
5041	281.6300049
5042	281.6099854
5043	281.730011
5044	281.7999878
5045	281.7999878
5046	281.7999878
5047	282.0299988
5048	281.9899902
5049	282.0100098
5050	282.0299988
5051	281.8999939
5052	281.9599915
5053	282.0299988
5054	282.1499939
5055	282.1700134
5056	282.1300049
5057	282.1099854
5058	282.3200073
5059	282.3399963
5060	282.3200073
5061	282.2000122
5062	282.2799988
5063	282.2799988
5064	282.3200073
5065	282.3399963
5066	282.3800049
5067	282.3200073
5068	282.3399963
5069	282.2600098
5070	282.2600098
5071	282.2600098
5072	282.3399963
5073	282.3800049
5074	282.3800049
5075	282.3800049
5076	282.2799988
5077	282.3599854
5078	282.3599854
5079	282.3399963
5080	282.3800049
5081	282.4299927
5082	282.3999939
5083	282.3200073
5084	282.3200073
5085	282.3800049
5086	282.4299927
5087	282.5100098
5088	282.4700012
5089	282.5100098
5090	282.5499878
5091	282.5899963
5092	282.5100098
5093	282.5299988
5094	282.5700073
5095	282.5499878
5096	282.5499878
5097	282.5700073
5098	282.4899902
5099	282.5299988
5100	282.5700073
5101	282.5499878
5102	282.5899963
5103	282.6600037
5104	282.6099854
5105	282.5499878
5106	282.6099854
5107	282.5100098
5108	282.5899963
5109	282.5700073
5110	282.5700073
5111	282.5700073
5112	282.5700073
5113	282.6099854
5114	282.6300049
5115	282.5899963
5116	282.5700073
5117	282.5700073
5118	282.5899963
5119	282.5700073
5120	282.5700073
5121	282.4700012
5122	282.3999939
5123	282.4700012
5124	282.5299988
5125	282.6099854
5126	282.5700073
5127	282.6600037
5128	282.5899963
5129	282.5899963
5130	282.6099854
5131	282.5299988
5132	282.4299927
5133	282.3399963
5134	282.4500122
5135	282.5499878
5136	282.5100098
5137	282.4700012
5138	282.5499878
5139	282.5100098
5140	282.4500122
5141	282.5100098
5142	282.5100098
5143	282.5899963
5144	282.5100098
5145	282.5299988
5146	282.4700012
5147	282.4700012
5148	282.5499878
5149	282.5499878
5150	282.5499878
5151	282.5299988
5152	282.5700073
5153	282.5499878
5154	282.4700012
5155	282.4500122
5156	282.4500122
5157	282.4899902
5158	282.4700012
5159	282.4899902
5160	282.5100098
5161	282.6600037
5162	282.6600037
5163	282.5700073
5164	282.5499878
5165	282.5100098
5166	282.5899963
5167	282.5899963
5168	282.5499878
5169	282.4700012
5170	282.4700012
5171	282.4500122
5172	282.4700012
5173	282.5100098
5174	282.5299988
5175	282.5499878
5176	282.6300049
5177	282.7000122
5178	282.7399902
5179	282.7200012
5180	282.7399902
5181	282.7399902
5182	282.6300049
5183	282.6799927
5184	282.5700073
5185	282.6600037
5186	282.7200012
5187	282.6799927
5188	282.6799927
5189	282.7000122
5190	282.7399902
5191	282.7999878
5192	282.8599854
5193	282.8599854
5194	282.8200073
5195	282.7600098
5196	282.5700073
5197	282.5700073
5198	282.4899902
5199	282.5299988
5200	282.5100098
5201	282.6099854
5202	282.5899963
5203	282.6799927
5204	282.6099854
5205	282.6300049
5206	282.7200012
5207	282.7200012
5208	282.6600037
5209	282.7000122
5210	282.7600098
5211	282.7200012
5212	282.7799988
5213	282.7799988
5214	282.7799988
5215	282.8599854
5216	282.8900146
5217	282.8399963
5218	282.7399902
5219	282.7000122
5220	282.7000122
5221	282.6300049
5222	282.5700073
5223	282.5899963
5224	282.6600037
5225	282.6799927
5226	282.7600098
5227	282.7600098
5228	282.7600098
5229	282.7799988
5230	282.8399963
5231	282.7799988
5232	282.7200012
5233	282.6099854
5234	282.5700073
5235	282.5899963
5236	282.5499878
5237	282.5899963
5238	282.5299988
5239	282.5100098
5240	282.5700073
5241	282.6799927
5242	282.6300049
5243	282.5700073
5244	282.5100098
5245	282.7399902
5246	282.7600098
5247	282.7200012
5248	282.7399902
5249	282.7200012
5250	282.7799988
5251	282.7399902
5252	282.7399902
5253	282.6600037
5254	282.7200012
5255	282.7399902
5256	282.6600037
5257	282.6600037
5258	282.6799927
5259	282.6799927
5260	282.7000122
5261	282.6799927
5262	282.6799927
5263	282.6099854
5264	282.5700073
5265	282.6099854
5266	282.6600037
5267	282.6600037
5268	282.6799927
5269	282.7200012
5270	282.7600098
5271	282.7000122
5272	282.6600037
5273	282.6300049
5274	282.6300049
5275	282.7000122
5276	282.7000122
5277	282.6099854
5278	282.6099854
5279	282.6600037
5280	282.6600037
5281	282.7000122
5282	282.6300049
5283	282.7600098
5284	282.7600098
5285	282.7600098
5286	282.7200012
5287	282.7200012
5288	282.8200073
5289	282.7200012
5290	282.6300049
5291	282.6300049
5292	282.6300049
5293	282.5700073
5294	282.6300049
5295	282.7000122
5296	282.7200012
5297	282.7000122
5298	282.7000122
5299	282.7399902
5300	282.7200012
5301	282.7000122
5302	282.7000122
5303	282.7200012
5304	282.7399902
5305	282.7799988
5306	282.7799988
5307	282.8599854
5308	283.0499878
5309	283.0899963
5310	283.0499878
5311	283.2000122
5312	283.2399902
5313	283.2200012
5314	283.2000122
5315	283.3200073
5316	283.3500061
5317	283.4299927
5318	283.4700012
5319	283.4500122
5320	283.5799866
5321	283.6199951
5322	283.6000061
5323	283.6000061
5324	283.6199951
5325	283.5499878
5326	283.5499878
5327	283.5499878
5328	283.5499878
5329	283.5100098
5330	283.5100098
5331	283.6199951
5332	283.6600037
5333	283.6600037
5334	283.6799927
5335	283.6799927
5336	283.6199951
5337	283.5100098
5338	283.6000061
5339	283.6400146
5340	283.6000061
5341	283.6199951
5342	283.6600037
5343	283.6400146
5344	283.6799927
5345	283.7399902
5346	283.6799927
5347	283.6199951
5348	283.7399902
5349	283.6799927
5350	283.6799927
5351	283.6799927
5352	283.7399902
5353	283.7399902
5354	283.7200012
5355	283.6199951
5356	283.6799927
5357	283.7000122
5358	283.7000122
5359	283.7799988
5360	283.8299866
5361	283.8299866
5362	283.8299866
5363	283.7200012
5364	283.6799927
5365	283.7000122
5366	283.7399902
5367	283.8099976
5368	283.8099976
5369	283.8099976
5370	283.8500061
5371	283.8500061
5372	283.8099976
5373	283.7600098
5374	283.7600098
5375	283.8099976
5376	283.7600098
5377	283.8699951
5378	283.8900146
5379	283.8900146
5380	283.8299866
5381	283.7799988
5382	283.7600098
5383	283.8099976
5384	283.7600098
5385	283.8099976
5386	283.7399902
5387	283.8299866
5388	283.8500061
5389	283.8900146
5390	283.8699951
5391	283.8299866
5392	283.8500061
5393	283.8099976
5394	283.8099976
5395	283.7600098
5396	283.7600098
5397	283.8299866
5398	283.7600098
5399	283.7399902
5400	283.7200012
5401	283.7200012
5402	283.6400146
5403	283.6600037
5404	283.7000122
5405	283.8099976
5406	283.8500061
5407	283.8500061
5408	283.8500061
5409	283.9100037
5410	283.7799988
5411	283.8099976
5412	283.8699951
5413	283.9100037
5414	283.9100037
5415	283.8900146
5416	283.8699951
5417	283.8900146
5418	283.8299866
5419	283.8099976
5420	283.8699951
5421	283.7600098
5422	283.7200012
5423	283.7200012
5424	283.7399902
5425	283.7200012
5426	283.7799988
5427	283.7200012
5428	283.7799988
5429	283.7799988
5430	283.7799988
5431	283.7799988
5432	283.7799988
5433	283.7799988
5434	283.7799988
5435	283.7799988
5436	283.8299866
5437	283.8500061
5438	283.8299866
5439	283.8099976
5440	283.8099976
5441	283.9299927
5442	283.9500122
5443	283.8900146
5444	283.8299866
5445	283.8299866
5446	283.8500061
5447	283.8699951
5448	283.8299866
5449	283.8099976
5450	283.7600098
5451	283.8099976
5452	283.7200012
5453	283.7399902
5454	283.7000122
5455	283.8099976
5456	283.8500061
5457	283.8500061
5458	283.8299866
5459	283.8900146
5460	283.8699951
5461	283.9100037
5462	283.9299927
5463	283.8299866
5464	283.8299866
5465	283.8299866
5466	283.7799988
5467	283.8099976
5468	283.8299866
5469	283.8299866
5470	283.8699951
5471	283.8299866
5472	283.8299866
5473	283.8099976
5474	283.7799988
5475	283.7600098
5476	283.7799988
5477	283.7600098
5478	283.8500061
5479	283.8500061
5480	283.9299927
5481	283.9100037
5482	283.9299927
5483	283.7799988
5484	283.6400146
5485	283.5299988
5486	283.5100098
5487	283.4700012
5488	283.4899902
5489	283.4500122
5490	283.4700012
5491	283.4700012
5492	283.3500061
5493	283.2200012
5494	282.8900146
5495	282.7399902
5496	282.4500122
5497	282.0700073
5498	282.0100098
5499	281.6499939
5500	281.480011
5501	281.269989
5502	281.230011
5503	281.230011
5504	281.230011
5505	281.25
5506	281.3200073
5507	281.3599854
5508	281.5
5509	281.5899963
5510	281.6700134
5511	281.6700134
5512	281.9400024
5513	282.0100098
5514	281.9899902
5515	282.0700073
5516	282.1499939
5517	282.1499939
5518	282.1700134
5519	282.3200073
5520	282.2999878
5521	282.2999878
5522	282.3999939
5523	282.4899902
5524	282.5299988
5525	282.5499878
5526	282.5100098
5527	282.5100098
5528	282.5299988
5529	282.6099854
5530	282.6300049
5531	282.6300049
5532	282.6300049
5533	282.5899963
5534	282.6799927
5535	282.5899963
5536	282.5899963
5537	282.6600037
5538	282.6099854
5539	282.6099854
5540	282.6300049
5541	282.6799927
5542	282.5499878
5543	282.5499878
5544	282.5100098
5545	282.6600037
5546	282.7000122
5547	282.7200012
5548	282.7200012
5549	282.7200012
5550	282.7200012
5551	282.7000122
5552	282.6099854
5553	282.6099854
5554	282.6300049
5555	282.6600037
5556	282.6300049
5557	282.6300049
5558	282.7999878
5559	282.8200073
5560	282.7600098
5561	282.8200073
5562	282.7600098
5563	282.6300049
5564	282.5899963
5565	282.6300049
5566	282.6099854
5567	282.6799927
5568	282.7000122
5569	282.7200012
5570	282.7999878
5571	282.7200012
5572	282.7399902
5573	282.8399963
5574	282.9100037
5575	282.9100037
5576	282.6600037
5577	282.5700073
5578	282.6099854
5579	282.7600098
5580	282.8599854
5581	282.8900146
5582	282.8900146
5583	282.8599854
5584	282.8399963
5585	282.9100037
5586	282.9100037
5587	282.7999878
5588	282.8599854
5589	282.8399963
5590	282.9700012
5591	282.9700012
5592	282.9500122
5593	282.9299927
5594	282.9100037
5595	282.9100037
5596	282.8200073
5597	282.8599854
5598	282.9100037
5599	282.9299927
5600	282.8399963
5601	282.9299927
5602	282.9299927
5603	283.0100098
5604	282.9899902
5605	282.8900146
5606	282.8900146
5607	282.9299927
5608	282.8599854
5609	282.7399902
5610	282.7799988
5611	282.8900146
5612	282.8200073
5613	282.8200073
5614	282.8200073
5615	282.6799927
5616	282.6799927
5617	282.7000122
5618	282.7200012
5619	282.7600098
5620	282.8599854
5621	282.8599854
5622	282.8200073
5623	282.8900146
5624	282.8599854
5625	282.7999878
5626	282.8200073
5627	282.7799988
5628	282.8200073
5629	282.8599854
5630	282.8399963
5631	282.8399963
5632	282.8900146
5633	282.8200073
5634	282.7999878
5635	282.8399963
5636	282.8399963
5637	282.8200073
5638	282.8399963
5639	282.9100037
5640	282.9299927
5641	282.9700012
5642	283.0299988
5643	283.0299988
5644	283.0700073
5645	282.9700012
5646	282.9700012
5647	282.8599854
5648	282.8599854
5649	282.9299927
5650	282.7999878
5651	282.7600098
5652	282.7600098
5653	282.7600098
5654	282.7999878
5655	282.8399963
5656	282.8200073
5657	282.8200073
5658	282.8200073
5659	282.8399963
5660	282.8399963
5661	282.7999878
5662	282.8900146
5663	282.9100037
5664	282.9500122
5665	282.9100037
5666	282.9500122
5667	282.8900146
5668	282.8599854
5669	282.9100037
5670	282.9100037
5671	282.9700012
5672	282.9700012
5673	283.0100098
5674	283.0899963
5675	282.9299927
5676	282.7999878
5677	282.8200073
5678	282.9100037
5679	282.9299927
5680	282.8399963
5681	282.7999878
5682	282.7999878
5683	282.9100037
5684	282.9100037
5685	282.9100037
5686	282.8599854
5687	282.8599854
5688	282.7799988
5689	282.7999878
5690	282.8399963
5691	282.8599854
5692	282.8599854
5693	282.9100037
5694	282.8900146
5695	282.9100037
5696	282.9500122
5697	282.8599854
5698	282.7999878
5699	282.7799988
5700	282.8200073
5701	282.7999878
5702	282.8399963
5703	282.9299927
5704	282.8599854
5705	282.9299927
5706	282.9100037
5707	282.9100037
5708	282.8599854
5709	282.8599854
5710	282.8599854
5711	282.8399963
5712	282.9500122
5713	282.9500122
5714	282.9700012
5715	282.9700012
5716	282.8200073
5717	282.8200073
5718	282.7600098
5719	282.8599854
5720	282.8599854
5721	282.8599854
5722	282.7799988
5723	282.7600098
5724	282.7600098
5725	282.7399902
5726	282.7399902
5727	282.7200012
5728	282.6600037
5729	282.7000122
5730	282.7399902
5731	282.7399902
5732	282.7999878
5733	282.8599854
5734	282.8900146
5735	282.7799988
5736	282.8399963
5737	282.9100037
5738	282.9100037
5739	282.9299927
5740	282.9899902
5741	282.8900146
5742	282.9299927
5743	282.9500122
5744	282.9700012
5745	283.0499878
5746	282.9700012
5747	282.8399963
5748	282.9500122
5749	282.9299927
5750	282.8900146
5751	282.7799988
5752	282.7799988
5753	282.8399963
5754	282.7600098
5755	282.7799988
5756	282.7799988
5757	282.7399902
5758	282.7600098
5759	282.7799988
5760	282.7200012
5761	282.7999878
5762	282.9700012
5763	282.9700012
5764	282.9100037
5765	282.8900146
5766	282.8599854
5767	282.8399963
5768	282.8200073
5769	282.8399963
5770	282.7999878
5771	282.7399902
5772	282.7000122
5773	282.8399963
5774	282.9100037
5775	282.9100037
5776	282.8399963
5777	282.9100037
5778	282.9299927
5779	282.8599854
5780	282.9500122
5781	283.1600037
5782	283.1799927
5783	283.2799988
5784	283.3900146
5785	283.3699951
5786	283.3699951
5787	283.4100037
5788	283.4100037
5789	283.4899902
5790	283.4500122
5791	283.5100098
5792	283.6000061
5793	283.6400146
5794	283.6199951
5795	283.6199951
5796	283.6000061
5797	283.5799866
5798	283.5499878
5799	283.6799927
5800	283.6600037
5801	283.6400146
5802	283.6400146
5803	283.5799866
5804	283.6400146
5805	283.6000061
5806	283.5799866
5807	283.5799866
5808	283.5499878
5809	283.5299988
5810	283.7000122
5811	283.7399902
5812	283.6799927
5813	283.6199951
5814	283.6400146
5815	283.6600037
5816	283.7000122
5817	283.8299866
5818	283.7799988
5819	283.8099976
5820	283.8099976
5821	283.7799988
5822	283.7399902
5823	283.7200012
5824	283.7200012
5825	283.7200012
5826	283.7600098
5827	283.7600098
5828	283.7799988
5829	283.7399902
5830	283.7600098
5831	283.8500061
5832	283.8299866
5833	283.8099976
5834	283.8099976
5835	283.8099976
5836	283.7799988
5837	283.7799988
5838	283.6600037
5839	283.6799927
5840	283.7600098
5841	283.7600098
5842	283.8099976
5843	283.8699951
5844	283.8500061
5845	283.8099976
5846	283.7200012
5847	283.7399902
5848	283.7600098
5849	283.7200012
5850	283.7000122
5851	283.7000122
5852	283.7600098
5853	283.8099976
5854	283.7200012
5855	283.7000122
5856	283.6799927
5857	283.7399902
5858	283.6600037
5859	283.6600037
5860	283.6600037
5861	283.7600098
5862	283.7200012
5863	283.7200012
5864	283.7200012
5865	283.6600037
5866	283.6600037
5867	283.6600037
5868	283.7200012
5869	283.7399902
5870	283.7600098
5871	283.6799927
5872	283.7000122
5873	283.7000122
5874	283.7399902
5875	283.7000122
5876	283.7000122
5877	283.6799927
5878	283.6400146
5879	283.7000122
5880	283.7000122
5881	283.6799927
5882	283.6199951
5883	283.6799927
5884	283.7000122
5885	283.6400146
5886	283.7200012
5887	283.7200012
5888	283.7000122
5889	283.7200012
5890	283.7000122
5891	283.7000122
5892	283.7200012
5893	283.7399902
5894	283.7600098
5895	283.7600098
5896	283.7200012
5897	283.7399902
5898	283.7399902
5899	283.7200012
5900	283.7600098
5901	283.7399902
5902	283.7000122
5903	283.7200012
5904	283.7200012
5905	283.7200012
5906	283.7200012
5907	283.7200012
5908	283.6799927
5909	283.6799927
5910	283.6600037
5911	283.6600037
5912	283.6199951
5913	283.6600037
5914	283.6600037
5915	283.7799988
5916	283.7000122
5917	283.7200012
5918	283.7799988
5919	283.7200012
5920	283.7200012
5921	283.8099976
5922	283.7200012
5923	283.7600098
5924	283.7399902
5925	283.7600098
5926	283.7399902
5927	283.7200012
5928	283.7000122
5929	283.7200012
5930	283.7200012
5931	283.6799927
5932	283.7200012
5933	283.6799927
5934	283.6799927
5935	283.5799866
5936	283.6600037
5937	283.6600037
5938	283.7600098
5939	283.6400146
5940	283.7399902
5941	283.7399902
5942	283.6799927
5943	283.7200012
5944	283.7200012
5945	283.6600037
5946	283.6000061
5947	283.7000122
5948	283.6600037
5949	283.6400146
5950	283.6600037
5951	283.6600037
5952	283.7399902
5953	283.7600098
5954	283.7600098
5955	283.8099976
5956	283.6199951
5957	283.5499878
5958	283.5499878
5959	283.3500061
5960	283.3500061
5961	283.2399902
5962	283.2999878
5963	283.2799988
5964	283.2999878
5965	283.2799988
5966	283.2000122
5967	283.0100098
5968	282.7200012
5969	282.7200012
5970	282.3800049
5971	282.2399902
5972	282.1099854
5973	281.7099915
5974	281.480011
5975	281.3800049
5976	281.3800049
5977	281.3399963
5978	281.3200073
5979	281.3800049
5980	281.5299988
5981	281.5899963
5982	281.6499939
5983	281.6499939
5984	281.8599854
5985	281.8999939
5986	281.9899902
5987	281.9899902
5988	282.0499878
5989	282.0299988
5990	282.0299988
5991	282.1099854
5992	282.1300049
5993	282.2799988
5994	282.3800049
5995	282.3599854
5996	282.3999939
5997	282.4700012
5998	282.4500122
5999	282.4500122
6000	282.3999939
6001	282.4500122
6002	282.4899902
6003	282.5499878
6004	282.5899963
6005	282.6099854
6006	282.6799927
6007	282.6300049
6008	282.6300049
6009	282.6799927
6010	282.6099854
6011	282.6799927
6012	282.6600037
6013	282.7600098
6014	282.7000122
6015	282.7000122
6016	282.7399902
6017	282.7200012
6018	282.7200012
6019	282.6600037
6020	282.7200012
6021	282.6600037
6022	282.6600037
6023	282.5899963
6024	282.6600037
6025	282.7000122
6026	282.6600037
6027	282.6600037
6028	282.7000122
6029	282.7200012
6030	282.8200073
6031	282.8200073
6032	282.6300049
6033	282.6300049
6034	282.6799927
6035	282.6099854
6036	282.6799927
6037	282.5899963
6038	282.6099854
6039	282.6099854
6040	282.6099854
6041	282.6799927
6042	282.6799927
6043	282.6799927
6044	282.6300049
6045	282.7200012
6046	282.6600037
6047	282.6600037
6048	282.6600037
6049	282.5899963
6050	282.6300049
6051	282.7399902
6052	282.7399902
6053	282.7799988
6054	282.7799988
6055	282.6799927
6056	282.7200012
6057	282.7999878
6058	282.7600098
6059	282.6099854
6060	282.6099854
6061	282.6300049
6062	282.5700073
6063	282.5899963
6064	282.6099854
6065	282.7799988
6066	282.7000122
6067	282.6600037
6068	282.6600037
6069	282.7000122
6070	282.6600037
6071	282.7000122
6072	282.7200012
6073	282.7200012
6074	282.6799927
6075	282.6300049
6076	282.5899963
6077	282.5499878
6078	282.6300049
6079	282.6300049
6080	282.6799927
6081	282.6799927
6082	282.7600098
6083	282.7799988
6084	282.7600098
6085	282.6799927
6086	282.6799927
6087	282.7200012
6088	282.7200012
6089	282.7600098
6090	282.7999878
6091	282.8200073
6092	282.7999878
6093	282.7600098
6094	282.7399902
6095	282.7200012
6096	282.7000122
6097	282.7000122
6098	282.7200012
6099	282.7000122
6100	282.7200012
6101	282.7999878
6102	282.7799988
6103	282.7399902
6104	282.7200012
6105	282.7600098
6106	282.7999878
6107	282.7399902
6108	282.7200012
6109	282.7000122
6110	282.7799988
6111	282.7600098
6112	282.7000122
6113	282.5700073
6114	282.5700073
6115	282.6099854
6116	282.6799927
6117	282.7999878
6118	282.7999878
6119	282.7799988
6120	282.7399902
6121	282.7200012
6122	282.8200073
6123	282.8900146
6124	282.7600098
6125	282.7600098
6126	282.5700073
6127	282.6300049
6128	282.6600037
6129	282.5700073
6130	282.5499878
6131	282.5299988
6132	282.6799927
6133	282.7200012
6134	282.7600098
6135	282.6600037
6136	282.6600037
6137	282.6600037
6138	282.5700073
6139	282.6600037
6140	282.7799988
6141	282.7799988
6142	282.7200012
6143	282.7000122
6144	282.7399902
6145	282.6799927
6146	282.7000122
6147	282.7999878
6148	282.7600098
6149	282.7600098
6150	282.7600098
6151	282.7000122
6152	282.6099854
6153	282.6300049
6154	282.6300049
6155	282.7200012
6156	282.6799927
6157	282.6799927
6158	282.7000122
6159	282.6099854
6160	282.6600037
6161	282.6099854
6162	282.6799927
6163	282.6799927
6164	282.6300049
6165	282.6099854
6166	282.6300049
6167	282.5700073
6168	282.5100098
6169	282.5700073
6170	282.5700073
6171	282.7000122
6172	282.7799988
6173	282.8200073
6174	282.7600098
6175	282.7200012
6176	282.7000122
6177	282.6099854
6178	282.6600037
6179	282.6799927
6180	282.5899963
6181	282.5299988
6182	282.5299988
6183	282.4299927
6184	282.3800049
6185	282.4899902
6186	282.6600037
6187	282.5499878
6188	282.4700012
6189	282.4700012
6190	282.5700073
6191	282.6099854
6192	282.6099854
6193	282.6300049
6194	282.6600037
6195	282.7000122
6196	282.7000122
6197	282.5899963
6198	282.5499878
6199	282.5299988
6200	282.5700073
6201	282.6099854
6202	282.6099854
6203	282.5499878
6204	282.6799927
6205	282.7000122
6206	282.7399902
6207	282.7200012
6208	282.7399902
6209	282.7200012
6210	282.6799927
6211	282.5499878
6212	282.5700073
6213	282.6300049
6214	282.7000122
6215	282.6799927
6216	282.6799927
6217	282.7000122
6218	282.6799927
6219	282.7200012
6220	282.7399902
6221	282.7399902
6222	282.6300049
6223	282.6799927
6224	282.6300049
6225	282.6799927
6226	282.5899963
6227	282.4700012
6228	282.4700012
6229	282.5299988
6230	282.4899902
6231	282.6600037
6232	282.5499878
6233	282.6799927
6234	282.6799927
6235	282.6799927
6236	282.6300049
6237	282.6099854
6238	282.5499878
6239	282.5100098
6240	282.6300049
6241	282.6600037
6242	282.5899963
6243	282.5700073
6244	282.5499878
6245	282.5100098
6246	282.5499878
6247	282.5899963
6248	282.5299988
6249	282.6300049
6250	282.4899902
6251	282.4700012
6252	282.4500122
6253	282.5299988
6254	282.7200012
6255	282.8200073
6256	282.9500122
6257	282.9700012
6258	283.0100098
6259	283.0100098
6260	283.0100098
6261	283.1199951
6262	283.1799927
6263	283.2000122
6264	283.2200012
6265	283.2399902
6266	283.2799988
6267	283.2799988
6268	283.3900146
6269	283.3699951
6270	283.3500061
6271	283.2799988
6272	283.3500061
6273	283.3900146
6274	283.3699951
6275	283.2799988
6276	283.3500061
6277	283.2399902
6278	283.2799988
6279	283.3500061
6280	283.3500061
6281	283.3500061
6282	283.3699951
6283	283.3900146
6284	283.4299927
6285	283.5299988
6286	283.4299927
6287	283.3699951
6288	283.3500061
6289	283.3900146
6290	283.4500122
6291	283.4500122
6292	283.4500122
6293	283.4100037
6294	283.4700012
6295	283.5100098
6296	283.4299927
6297	283.4100037
6298	283.3500061
6299	283.3500061
6300	283.3699951
6301	283.3900146
6302	283.4100037
6303	283.4500122
6304	283.3699951
6305	283.3200073
6306	283.3200073
6307	283.4700012
6308	283.4500122
6309	283.4899902
6310	283.4500122
6311	283.5100098
6312	283.5499878
6313	283.5799866
6314	283.4500122
6315	283.4500122
6316	283.4500122
6317	283.4700012
6318	283.5100098
6319	283.4700012
6320	283.4899902
6321	283.6199951
6322	283.6199951
6323	283.6199951
6324	283.6600037
6325	283.6000061
6326	283.6000061
6327	283.4700012
6328	283.4899902
6329	283.5799866
6330	283.5799866
6331	283.5799866
6332	283.5499878
6333	283.5299988
6334	283.5499878
6335	283.5299988
6336	283.6400146
6337	283.5499878
6338	283.5499878
6339	283.5799866
6340	283.6199951
6341	283.5799866
6342	283.4899902
6343	283.5299988
6344	283.5100098
6345	283.4899902
6346	283.4700012
6347	283.4100037
6348	283.3900146
6349	283.3900146
6350	283.4899902
6351	283.4899902
6352	283.5100098
6353	283.5499878
6354	283.5499878
6355	283.4700012
6356	283.6000061
6357	283.6400146
6358	283.6400146
6359	283.6400146
6360	283.6400146
6361	283.6400146
6362	283.6199951
6363	283.6199951
6364	283.4500122
6365	283.4700012
6366	283.4299927
6367	283.4500122
6368	283.4100037
6369	283.4899902
6370	283.4899902
6371	283.5499878
6372	283.5799866
6373	283.6000061
6374	283.5299988
6375	283.5799866
6376	283.6400146
6377	283.6400146
6378	283.6000061
6379	283.6400146
6380	283.6199951
6381	283.6199951
6382	283.5499878
6383	283.5799866
6384	283.5100098
6385	283.4899902
6386	283.5299988
6387	283.5499878
6388	283.4899902
6389	283.4299927
6390	283.4500122
6391	283.5299988
6392	283.5299988
6393	283.5499878
6394	283.6199951
6395	283.6799927
6396	283.6600037
6397	283.6400146
6398	283.6400146
6399	283.6000061
6400	283.6400146
6401	283.6400146
6402	283.6400146
6403	283.7600098
6404	283.6600037
6405	283.6600037
6406	283.6600037
6407	283.6799927
6408	283.6799927
6409	283.6799927
6410	283.6000061
6411	283.5499878
6412	283.6199951
6413	283.5299988
6414	283.4700012
6415	283.5499878
6416	283.5499878
6417	283.6000061
6418	283.4899902
6419	283.5799866
6420	283.6000061
6421	283.5299988
6422	283.5100098
6423	283.4899902
6424	283.5499878
6425	283.4899902
6426	283.4899902
6427	283.5299988
6428	283.5799866
6429	283.6400146
6430	283.5100098
6431	283.3500061
6432	283.2600098
6433	283.1600037
6434	283.0700073
6435	283.0100098
6436	283.0499878
6437	283.1600037
6438	283.1199951
6439	282.9500122
6440	282.7399902
6441	282.7399902
6442	282.4500122
6443	282.2799988
6444	282.1700134
6445	281.8800049
6446	281.5299988
6447	281.269989
6448	281.269989
6449	281.1499939
6450	281.019989
6451	281.0899963
6452	281.0700073
6453	281.0899963
6454	281.1099854
6455	281.1499939
6456	281.25
6457	281.269989
6458	281.3200073
6459	281.4400024
6460	281.480011
6461	281.6099854
6462	281.6099854
6463	281.730011
6464	281.7600098
6465	281.8399963
6466	281.8399963
6467	281.9200134
6468	281.9400024
6469	282.0100098
6470	281.9400024
6471	281.8800049
6472	281.9400024
6473	281.9400024
6474	281.9200134
6475	281.9400024
6476	281.9899902
6477	282.0700073
6478	282.0100098
6479	282.0100098
6480	282.0100098
6481	282.0899963
6482	282.1700134
6483	282.2000122
6484	282.1700134
6485	282.2000122
6486	282.2799988
6487	282.2799988
6488	282.2200012
6489	282.2000122
6490	282.2000122
6491	282.2000122
6492	282.1499939
6493	282.1300049
6494	282.1499939
6495	282.1300049
6496	282.1300049
6497	282.2399902
6498	282.2399902
6499	282.2600098
6500	282.3399963
6501	282.3200073
6502	282.3200073
6503	282.2999878
6504	282.3599854
6505	282.3599854
6506	282.3800049
6507	282.3599854
6508	282.3200073
6509	282.3200073
6510	282.3999939
6511	282.4700012
6512	282.4700012
6513	282.5700073
6514	282.5100098
6515	282.4700012
6516	282.4700012
6517	282.4700012
6518	282.3399963
6519	282.3399963
6520	282.3800049
6521	282.3399963
6522	282.3200073
6523	282.3200073
6524	282.2999878
6525	282.3200073
6526	282.2999878
6527	282.5499878
6528	282.5100098
6529	282.3999939
6530	282.3399963
6531	282.2999878
6532	282.3599854
6533	282.3200073
6534	282.2600098
6535	282.2799988
6536	282.2999878
6537	282.3599854
6538	282.3399963
6539	282.4500122
6540	282.4700012
6541	282.4299927
6542	282.3399963
6543	282.3399963
6544	282.3399963
6545	282.4500122
6546	282.4299927
6547	282.3999939
6548	282.4299927
6549	282.3800049
6550	282.4899902
6551	282.4899902
6552	282.4500122
6553	282.4899902
6554	282.5100098
6555	282.3999939
6556	282.3800049
6557	282.3399963
6558	282.3399963
6559	282.3399963
6560	282.3999939
6561	282.4500122