1	281.84
2	281.88
3	281.84
4	281.88
5	281.94
6	281.86
7	281.88
8	281.99
9	282.03
10	282.11
11	282.13
12	282.07
13	282.07
14	282.01
15	281.9
16	281.86
17	281.84
18	281.92
19	281.94
20	281.94
21	282.05
22	282.03
23	282.05
24	282.03
25	282.09
26	282.05
27	282.05
28	282.05
29	282.11
30	282.09
31	282.01
32	282.11
33	282.09
34	282.11
35	282.11
36	282.15
37	282.13
38	282.07
39	282.09
40	282.05
41	282.07
42	281.96
43	281.99
44	281.86
45	281.9
46	281.94
47	281.96
48	281.99
49	282.11
50	282.13
51	282.17
52	282.17
53	282.11
54	282.07
55	282.09
56	282.2
57	282.26
58	282.28
59	282.28
60	282.15
61	282.09
62	282.07
63	282.09
64	282.03
65	282.05
66	281.96
67	281.92
68	282.05
69	282.01
70	282.03
71	282.09
72	282.09
73	282.07
74	281.96
75	282.01
76	282.03
77	281.99
78	282.01
79	282.05
80	282.07
81	282.01
82	282.07
83	282.05
84	282.13
85	282.09
86	282.07
87	281.99
88	282.01
89	282.09
90	282.17
91	282.17
92	282.03
93	281.99
94	281.94
95	281.99
96	281.96
97	282.07
98	282.07
99	282.51
100	282.55
101	282.47
102	282.59
103	282.59
104	282.63
105	282.63
106	282.63
107	282.63
108	282.66
109	282.82
110	282.84
111	282.84
112	282.91
113	283.28
114	283.24
115	283.2
116	282.99
117	282.95
118	282.97
119	282.99
120	282.93
121	283.05
122	283.16
123	283.16
124	283.14
125	283.24
126	283.2
127	283.14
128	283.18
129	283.24
130	283.24
131	283.24
132	283.41
133	283.47
134	283.64
135	283.55
136	283.66
137	283.72
138	283.81
139	283.78
140	283.68
141	283.72
142	283.58
143	283.49
144	283.47
145	283.47
146	283.49
147	283.58
148	283.62
149	283.53
150	283.41
151	283.47
152	283.62
153	283.66
154	283.68
155	283.55
156	283.6
157	283.6
158	283.55
159	283.47
160	283.37
161	283.35
162	283.35
163	283.45
164	283.58
165	283.68
166	283.74
167	283.66
168	283.45
169	283.45
170	283.43
171	283.39
172	283.41
173	283.58
174	283.66
175	283.66
176	283.66
177	283.74
178	283.83
179	283.74
180	283.53
181	283.45
182	283.41
183	283.28
184	283.41
185	283.45
186	283.53
187	283.37
188	283.37
189	283.45
190	283.39
191	283.39
192	283.41
193	283.32
194	283.32
195	283.28
196	283.16
197	283.14
198	283.24
199	283.22
200	283.16
201	283.16
202	283.16
203	283.05
204	282.99
205	282.89
206	282.91
207	283.09
208	283.09
209	283.09
210	283.16
211	283.18
212	283.07
213	283.35
214	283.35
215	283.37
216	283.09
217	283.07
218	283.2
219	283.47
220	283.47
221	283.51
222	283.66
223	283.55
224	283.35
225	283.45
226	283.37
227	283.28
228	283.22
229	283.18
230	283.18
231	283.3
232	283.41
233	283.41
234	283.51
235	283.68
236	283.64
237	283.64
238	283.51
239	283.39
240	283.39
241	283.2
242	283.24
243	283.37
244	283.53
245	283.6
246	283.58
247	283.51
248	283.45
249	283.41
250	283.51
251	283.72
252	283.76
253	283.76
254	283.58
255	283.68
256	283.68
257	283.51
258	283.39
259	283.41
260	283.53
261	283.53
262	283.49
263	283.39
264	283.45
265	283.45
266	283.66
267	283.49
268	283.39
269	283.43
270	283.43
271	283.39
272	283.39
273	283.16
274	282.84
275	282.89
276	282.89
277	282.82
278	282.72
279	282.72
280	282.61
281	282.66
282	282.74
283	282.74
284	282.7
285	282.7
286	282.68
287	282.7
288	282.61
289	282.47
290	282.22
291	282.01
292	281.57
293	281.42
294	280.79
295	280.58
296	280.17
297	279.83
298	279.66
299	279.35
300	279.41
301	279.27
302	279.33
303	279.37
304	279.37
305	279.73
306	279.83
307	279.83
308	279.85
309	279.89
310	280.02
311	280.02
312	280.08
313	280.15
314	280.25
315	280.44
316	280.56
317	280.5
318	280.63
319	280.69
320	280.73
321	280.75
322	280.84
323	280.9
324	280.9
325	280.88
326	280.86
327	280.88
328	280.94
329	280.96
330	281.09
331	281.09
332	281
333	281
334	280.94
335	280.88
336	280.88
337	281.09
338	281.27
339	281.23
340	281.21
341	281.21
342	281.23
343	281.23
344	281.19
345	281.21
346	281.23
347	281.32
348	281.4
349	281.42
350	281.42
351	281.4
352	281.42
353	281.44
354	281.42
355	281.53
356	281.55
357	281.53
358	281.48
359	281.53
360	281.46
361	281.4
362	281.4
363	281.36
364	281.46
365	281.32
366	281.32
367	281.32
368	281.23
369	281.23
370	281.11
371	281.11
372	281.13
373	281.15
374	281.11
375	281.11
376	281.15
377	281.32
378	281.46
379	281.5
380	281.53
381	281.53
382	281.53
383	281.44
384	281.57
385	281.42
386	281.48
387	281.44
388	281.48
389	281.48
390	281.42
391	281.44
392	281.4
393	281.42
394	281.46
395	281.44
396	281.38
397	281.48
398	281.42
399	281.48
400	281.42
401	281.44
402	281.42
403	281.4
404	281.32
405	281.27
406	281.44
407	281.38
408	281.36
409	281.4
410	281.32
411	281.36
412	281.36
413	281.44
414	281.44
415	281.42
416	281.4
417	281.36
418	281.34
419	281.38
420	281.4
421	281.4
422	281.42
423	281.34
424	281.34
425	281.23
426	281.32
427	281.4
428	281.38
429	281.34
430	281.42
431	281.42
432	281.44
433	281.4
434	281.38
435	281.32
436	281.32
437	281.36
438	281.44
439	281.4
440	281.4
441	281.36
442	281.38
443	281.4
444	281.53
445	281.42
446	281.42
447	281.48
448	281.57
449	281.5
450	281.57
451	281.5
452	281.5
453	281.5
454	281.55
455	281.57
456	281.55
457	281.55
458	281.65
459	281.46
460	281.46
461	281.34
462	281.23
463	281.36
464	281.36
465	281.32
466	281.32
467	281.27
468	281.23
469	281.21
470	281.36
471	281.38
472	281.42
473	281.65
474	281.65
475	281.59
476	281.57
477	281.59
478	281.55
479	281.59
480	281.44
481	281.48
482	281.63
483	281.63
484	281.59
485	281.59
486	281.55
487	281.65
488	281.67
489	281.53
490	281.36
491	281.34
492	281.34
493	281.32
494	281.42
495	281.4
496	281.48
497	281.57
498	281.63
499	281.69
500	281.76
501	281.71
502	281.8
503	281.82
504	281.71
505	281.63
506	281.65
507	281.65
508	281.67
509	281.65
510	281.67
511	281.63
512	281.78
513	281.71
514	281.61
515	281.61
516	281.55
517	281.55
518	281.57
519	281.65
520	281.78
521	281.61
522	281.57
523	281.53
524	281.53
525	281.32
526	281.25
527	281.17
528	281.23
529	281.44
530	281.61
531	281.61
532	281.65
533	281.57
534	281.57
535	281.5
536	281.46
537	281.5
538	281.55
539	281.5
540	281.44
541	281.42
542	281.61
543	281.59
544	281.63
545	281.76
546	281.8
547	281.78
548	281.73
549	281.65
550	281.65
551	281.53
552	281.53
553	281.42
554	281.48
555	281.46
556	281.46
557	281.34
558	281.36
559	281.42
560	281.53
561	281.59
562	281.5
563	281.5
564	281.53
565	281.57
566	281.53
567	281.57
568	281.53
569	281.53
570	281.42
571	281.55
572	281.9
573	281.96
574	282.2
575	282.28
576	282.26
577	282.24
578	282.17
579	282.17
580	282.4
581	282.63
582	282.53
583	282.57
584	282.72
585	282.93
586	283.01
587	283.05
588	283.05
589	283.12
590	283.14
591	283.12
592	282.99
593	282.82
594	282.89
595	282.89
596	283.07
597	283.18
598	283.24
599	283.2
600	283.14
601	283.18
602	283.18
603	283.18
604	283.22
605	283.28
606	283.41
607	283.35
608	283.32
609	283.35
610	283.18
611	283.16
612	283.16
613	283.2
614	283.28
615	283.41
616	283.49
617	283.47
618	283.32
619	283.3
620	283.18
621	283.32
622	283.43
623	283.51
624	283.45
625	283.45
626	283.49
627	283.49
628	283.53
629	283.37
630	283.22
631	283.32
632	283.35
633	283.45
634	283.45
635	283.68
636	283.66
637	283.58
638	283.6
639	283.68
640	283.62
641	283.62
642	283.35
643	283.35
644	283.32
645	283.22
646	283.2
647	283.22
648	283.26
649	283.12
650	283.24
651	283.3
652	283.41
653	283.3
654	283.12
655	283.16
656	283.32
657	283.51
658	283.58
659	283.47
660	283.49
661	283.3
662	283.39
663	283.41
664	283.49
665	283.49
666	283.49
667	283.47
668	283.58
669	283.49
670	283.49
671	283.58
672	283.6
673	283.6
674	283.6
675	283.72
676	283.68
677	283.6
678	283.37
679	283.32
680	283.39
681	283.55
682	283.43
683	283.43
684	283.37
685	283.28
686	283.3
687	283.32
688	283.28
689	283.39
690	283.41
691	283.35
692	283.32
693	283.32
694	283.35
695	283.41
696	283.53
697	283.41
698	283.41
699	283.51
700	283.68
701	283.76
702	283.6
703	283.45
704	283.39
705	283.39
706	283.62
707	283.68
708	283.72
709	283.64
710	283.55
711	283.68
712	283.68
713	283.72
714	283.78
715	283.85
716	283.85
717	283.76
718	283.74
719	283.78
720	283.6
721	283.6
722	283.7
723	283.66
724	283.74
725	283.76
726	283.76
727	283.68
728	283.66
729	283.72
730	283.74
731	283.78
732	283.95
733	283.97
734	283.72
735	283.64
736	283.78
737	283.78
738	283.6
739	283.76
740	283.87
741	283.93
742	283.87
743	283.72
744	283.72
745	283.66
746	283.74
747	283.64
748	283.43
749	283.35
750	283.3
751	283.28
752	283.28
753	283.28
754	283.16
755	283.05
756	283.03
757	283.14
758	283.09
759	283.09
760	283.16
761	283.22
762	283.14
763	283.01
764	282.61
765	282.36
766	281.92
767	281.5
768	281.04
769	281.04
770	280.35
771	280.04
772	279.92
773	279.71
774	279.54
775	279.48
776	279.48
777	279.62
778	279.6
779	279.56
780	279.5
781	279.66
782	279.83
783	279.83
784	279.83
785	279.96
786	280.02
787	280.08
788	280.33
789	280.44
790	280.56
791	280.92
792	280.94
793	281.07
794	281.04
795	281.02
796	281.02
797	281.11
798	281.25
799	281.27
800	281.23
801	281.3
802	281.32
803	281.3
804	281.27
805	281.3
806	281.32
807	281.36
808	281.36
809	281.42
810	281.42
811	281.46
812	281.55
813	281.65
814	281.61
815	281.61
816	281.5
817	281.59
818	281.59
819	281.73
820	281.69
821	281.63
822	281.63
823	281.55
824	281.55
825	281.61
826	281.67
827	281.69
828	281.71
829	281.71
830	281.61
831	281.61
832	281.67
833	281.76
834	281.76
835	281.78
836	281.82
837	281.82
838	281.8
839	281.82
840	281.82
841	281.9
842	281.8
843	281.69
844	281.76
845	281.8
846	281.84
847	281.84
848	281.84
849	281.71
850	281.76
851	281.76
852	281.71
853	281.71
854	281.71
855	281.73
856	281.78
857	281.82
858	281.8
859	281.73
860	281.71
861	281.71
862	281.78
863	281.78
864	281.84
865	281.82
866	281.82
867	281.76
868	281.8
869	281.82
870	281.84
871	281.84
872	281.82
873	281.78
874	281.9
875	281.92
876	282.01
877	281.99
878	282.03
879	282.03
880	282.07
881	281.96
882	281.9
883	281.9
884	281.96
885	282.05
886	282.05
887	282.28
888	282.15
889	282.09
890	282.01
891	281.9
892	281.78
893	281.78
894	281.67
895	281.76
896	281.8
897	281.84
898	281.76
899	281.88
900	281.86
901	281.84
902	281.9
903	281.96
904	281.99
905	282.01
906	282.05
907	282.07
908	282.03
909	281.96
910	281.96
911	282.01
912	281.99
913	282.01
914	281.9
915	281.96
916	282.01
917	281.9
918	281.9
919	281.94
920	281.92
921	281.94
922	281.88
923	281.78
924	281.84
925	281.84
926	281.9
927	281.9
928	281.9
929	281.84
930	281.73
931	281.71
932	281.73
933	281.73
934	281.82
935	281.76
936	281.67
937	281.67
938	281.78
939	281.73
940	281.8
941	281.76
942	281.86
943	281.86
944	281.82
945	281.94
946	281.88
947	281.88
948	281.82
949	281.78
950	281.78
951	281.65
952	281.82
953	281.76
954	281.73
955	281.78
956	281.71
957	281.71
958	281.69
959	281.71
960	281.78
961	281.8
962	281.78
963	281.76
964	281.76
965	281.71
966	281.67
967	281.67
968	281.67
969	281.71
970	281.76
971	281.69
972	281.76
973	281.73
974	281.69
975	281.76
976	281.76
977	281.8
978	281.76
979	281.71
980	281.67
981	281.61
982	281.63
983	281.55
984	281.67
985	281.65
986	281.59
987	281.69
988	281.63
989	281.63
990	281.61
991	281.63
992	281.59
993	281.57
994	281.67
995	281.63
996	281.63
997	281.69
998	281.73
999	281.73
1000	281.84
1001	281.82
1002	281.78
1003	281.76
1004	281.78
1005	281.78
1006	281.76
1007	281.88
1008	281.92
1009	281.86
1010	281.96
1011	281.86
1012	281.8
1013	281.82
1014	281.84
1015	281.8
1016	281.73
1017	281.76
1018	281.71
1019	281.69
1020	281.65
1021	281.65
1022	281.71
1023	281.9
1024	281.88
1025	281.94
1026	281.88
1027	281.8
1028	281.8
1029	281.78
1030	281.8
1031	281.8
1032	281.82
1033	281.73
1034	281.76
1035	281.76
1036	281.73
1037	281.73
1038	281.76
1039	281.71
1040	281.65
1041	281.78
1042	281.76
1043	281.59
1044	281.63
1045	281.88
1046	282.07
1047	282.13
1048	282.28
1049	282.34
1050	282.61
1051	282.76
1052	282.95
1053	282.97
1054	282.99
1055	283.01
1056	283.03
1057	282.97
1058	282.76
1059	282.68
1060	282.68
1061	282.99
1062	283.12
1063	283.14
1064	283.14
1065	283.28
1066	283.51
1067	283.51
1068	283.47
1069	283.47
1070	283.6
1071	283.64
1072	283.6
1073	283.58
1074	283.49
1075	283.41
1076	283.55
1077	283.51
1078	283.47
1079	283.47
1080	283.58
1081	283.55
1082	283.47
1083	283.45
1084	283.58
1085	283.55
1086	283.45
1087	283.41
1088	283.32
1089	283.41
1090	283.6
1091	283.6
1092	283.6
1093	283.58
1094	283.58
1095	283.6
1096	283.55
1097	283.53
1098	283.66
1099	283.66
1100	283.53
1101	283.53
1102	283.47
1103	283.3
1104	283.26
1105	283.37
1106	283.37
1107	283.58
1108	283.53
1109	283.51
1110	283.53
1111	283.68
1112	283.68
1113	283.74
1114	283.68
1115	283.6
1116	283.58
1117	283.66
1118	283.74
1119	283.68
1120	283.7
1121	283.55
1122	283.6
1123	283.72
1124	283.7
1125	283.72
1126	283.68
1127	283.66
1128	283.7
1129	283.81
1130	283.74
1131	283.74
1132	283.55
1133	283.76
1134	283.74
1135	283.83
1136	283.85
1137	283.64
1138	283.64
1139	283.62
1140	283.64
1141	283.6
1142	283.49
1143	283.6
1144	283.6
1145	283.64
1146	283.6
1147	283.49
1148	283.41
1149	283.32
1150	283.3
1151	283.32
1152	283.37
1153	283.58
1154	283.53
1155	283.32
1156	283.35
1157	283.26
1158	283.24
1159	283.24
1160	283.39
1161	283.35
1162	283.3
1163	283.47
1164	283.58
1165	283.68
1166	283.62
1167	283.41
1168	283.51
1169	283.55
1170	283.55
1171	283.37
1172	283.51
1173	283.68
1174	283.78
1175	283.78
1176	283.66
1177	283.66
1178	283.64
1179	283.64
1180	283.72
1181	283.78
1182	283.74
1183	283.74
1184	283.83
1185	283.6
1186	283.41
1187	283.3
1188	283.35
1189	283.55
1190	283.64
1191	283.62
1192	283.64
1193	283.64
1194	283.7
1195	283.74
1196	283.74
1197	283.74
1198	283.68
1199	283.64
1200	283.6
1201	283.58
1202	283.58
1203	283.83
1204	283.97
1205	283.97
1206	283.62
1207	283.49
1208	283.47
1209	283.47
1210	283.68
1211	283.78
1212	283.89
1213	283.85
1214	283.85
1215	283.93
1216	283.93
1217	283.81
1218	283.78
1219	283.87
1220	283.62
1221	283.47
1222	283.47
1223	283.51
1224	283.37
1225	283.41
1226	283.37
1227	283.37
1228	283.32
1229	283.16
1230	283.09
1231	283.03
1232	283.07
1233	283.09
1234	283.14
1235	283.05
1236	282.86
1237	282.72
1238	282.38
1239	282.07
1240	281.65
1241	281.65
1242	280.98
1243	280.5
1244	280.31
1245	280.08
1246	279.87
1247	279.77
1248	279.77
1249	279.58
1250	279.56
1251	279.52
1252	279.54
1253	279.71
1254	279.66
1255	279.64
1256	279.75
1257	279.77
1258	279.73
1259	279.89
1260	280.04
1261	280.08
1262	280.17
1263	280.56
1264	280.63
1265	280.81
1266	280.79
1267	280.77
1268	280.84
1269	280.88
1270	280.84
1271	280.94
1272	281
1273	281
1274	281.15
1275	281.23
1276	281.21
1277	281.19
1278	281.17
1279	281.21
1280	281.21
1281	281.36
1282	281.34
1283	281.38
1284	281.36
1285	281.4
1286	281.38
1287	281.38
1288	281.36
1289	281.44
1290	281.46
1291	281.46
1292	281.61
1293	281.59
1294	281.63
1295	281.63
1296	281.59
1297	281.5
1298	281.57
1299	281.59
1300	281.76
1301	281.78
1302	281.71
1303	281.71
1304	281.71
1305	281.65
1306	281.59
1307	281.57
1308	281.55
1309	281.57
1310	281.69
1311	281.63
1312	281.63
1313	281.67
1314	281.63
1315	281.63
1316	281.67
1317	281.76
1318	281.73
1319	281.73
1320	281.67
1321	281.69
1322	281.82
1323	281.8
1324	281.76
1325	281.8
1326	281.69
1327	281.59
1328	281.65
1329	281.61
1330	281.55
1331	281.65
1332	281.65
1333	281.65
1334	281.78
1335	281.82
1336	281.78
1337	281.76
1338	281.69
1339	281.67
1340	281.71
1341	281.73
1342	281.76
1343	281.84
1344	281.84
1345	281.84
1346	281.84
1347	281.82
1348	281.9
1349	281.94
1350	281.9
1351	281.9
1352	281.76
1353	281.8
1354	281.82
1355	281.86
1356	281.86
1357	281.92
1358	281.92
1359	281.82
1360	281.82
1361	281.8
1362	281.82
1363	281.73
1364	281.73
1365	281.78
1366	281.78
1367	281.71
1368	281.65
1369	281.67
1370	281.67
1371	281.71
1372	281.82
1373	281.88
1374	281.88
1375	281.96
1376	281.96
1377	281.94
1378	281.94
1379	281.9
1380	281.9
1381	281.92
1382	281.96
1383	281.96
1384	282.22
1385	282.15
1386	282.24
1387	282.11
1388	281.94
1389	281.92
1390	281.92
1391	281.92
1392	281.88
1393	281.88
1394	281.92
1395	281.96
1396	281.99
1397	281.96
1398	282.05
1399	282.01
1400	282.03
1401	281.99
1402	282.03
1403	282.09
1404	282.05
1405	282.03
1406	282.05
1407	282.01
1408	281.96
1409	281.94
1410	281.92
1411	281.96
1412	281.99
1413	281.96
1414	281.99
1415	281.96
1416	281.94
1417	281.96
1418	281.88
1419	281.86
1420	281.84
1421	281.82
1422	281.82
1423	281.82
1424	281.84
1425	281.82
1426	281.88
1427	281.94
1428	281.92
1429	281.92
1430	281.94
1431	281.94
1432	282.03
1433	282.05
1434	282.07
1435	282.07
1436	282.13
1437	281.94
1438	281.92
1439	281.88
1440	281.94
1441	281.9
1442	281.92
1443	281.92
1444	281.99
1445	282.03
1446	282.01
1447	282.01
1448	281.99
1449	282.03
1450	281.99
1451	282.01
1452	281.99
1453	281.96
1454	281.96
1455	282.03
1456	281.99
1457	281.96
1458	281.9
1459	281.8
1460	281.69
1461	281.69
1462	281.71
1463	281.73
1464	281.69
1465	281.73
1466	281.82
1467	281.86
1468	281.84
1469	281.88
1470	281.94
1471	281.94
1472	281.94
1473	281.9
1474	281.9
1475	281.9
1476	281.94
1477	281.96
1478	281.96
1479	281.94
1480	281.9
1481	281.88
1482	281.92
1483	281.84
1484	281.84
1485	281.92
1486	282.05
1487	281.92
1488	281.92
1489	281.84
1490	281.88
1491	282.05
1492	282.15
1493	282.15
1494	282.13
1495	282.01
1496	282.01
1497	281.86
1498	281.92
1499	281.84
1500	281.84
1501	281.78
1502	281.82
1503	281.86
1504	281.94
1505	281.99
1506	281.99
1507	281.99
1508	281.99
1509	282.01
1510	282.01
1511	281.92
1512	281.9
1513	281.94
1514	281.92
1515	282.11
1516	282.07
1517	282.09
1518	282.34
1519	282.43
1520	282.66
1521	282.68
1522	282.63
1523	282.61
1524	282.53
1525	282.53
1526	282.55
1527	282.72
1528	282.76
1529	282.97
1530	283.01
1531	283.18
1532	283.18
1533	283.26
1534	283.35
1535	283.49
1536	283.55
1537	283.55
1538	283.68
1539	283.68
1540	283.55
1541	283.62
1542	283.64
1543	283.66
1544	283.78
1545	283.83
1546	283.81
1547	283.66
1548	283.74
1549	283.74
1550	283.64
1551	283.6
1552	283.62
1553	283.68
1554	283.76
1555	283.7
1556	283.76
1557	283.78
1558	283.76
1559	283.83
1560	283.89
1561	283.87
1562	283.85
1563	283.76
1564	283.76
1565	283.99
1566	284.12
1567	284.12
1568	284.14
1569	283.97
1570	283.83
1571	283.83
1572	283.87
1573	283.78
1574	283.83
1575	283.91
1576	283.95
1577	283.83
1578	283.87
1579	283.91
1580	283.93
1581	283.95
1582	283.85
1583	283.91
1584	283.93
1585	283.85
1586	283.97
1587	283.97
1588	284.01
1589	284.1
1590	284.1
1591	284.14
1592	284.06
1593	283.99
1594	283.89
1595	283.87
1596	283.87
1597	283.85
1598	283.99
1599	283.99
1600	284.04
1601	284.01
1602	283.97
1603	283.97
1604	284.08
1605	284.06
1606	284.04
1607	284.14
1608	284.31
1609	284.16
1610	284.16
1611	284.06
1612	284.06
1613	284.04
1614	284.01
1615	284.01
1616	283.99
1617	284.04
1618	284.14
1619	284.14
1620	284.1
1621	284.04
1622	284.04
1623	284.08
1624	284.08
1625	283.99
1626	284.06
1627	284.01
1628	283.81
1629	283.81
1630	283.81
1631	283.91
1632	283.83
1633	283.89
1634	283.91
1635	283.91
1636	283.97
1637	284.06
1638	284.06
1639	283.97
1640	283.7
1641	283.43
1642	283.43
1643	283.72
1644	284.06
1645	284.06
1646	284.14
1647	284.18
1648	284.12
1649	284.12
1650	284.08
1651	283.87
1652	283.85
1653	283.91
1654	283.99
1655	284.01
1656	284.08
1657	283.95
1658	283.85
1659	283.87
1660	284.08
1661	284.14
1662	284.1
1663	283.99
1664	283.87
1665	283.81
1666	283.89
1667	283.89
1668	283.99
1669	283.99
1670	284.04
1671	284.18
1672	284.31
1673	284.24
1674	284.24
1675	283.91
1676	283.85
1677	283.83
1678	283.99
1679	284.08
1680	284.01
1681	284.01
1682	283.91
1683	283.87
1684	283.83
1685	283.74
1686	283.87
1687	283.87
1688	283.93
1689	283.87
1690	283.85
1691	283.97
1692	283.95
1693	283.99
1694	283.68
1695	283.53
1696	283.64
1697	283.7
1698	283.64
1699	283.53
1700	283.47
1701	283.47
1702	283.45
1703	283.35
1704	283.35
1705	283.37
1706	283.37
1707	283.37
1708	283.32
1709	283.28
1710	283.07
1711	282.74
1712	282.11
1713	282.11
1714	281.34
1715	281.02
1716	280.79
1717	280.46
1718	280.31
1719	280.17
1720	280.08
1721	279.89
1722	279.83
1723	279.83
1724	279.92
1725	280.02
1726	280.08
1727	280.15
1728	280.25
1729	280.31
1730	280.38
1731	280.33
1732	280.31
1733	280.4
1734	280.5
1735	280.5
1736	280.65
1737	280.81
1738	280.94
1739	280.94
1740	281.02
1741	281.02
1742	281.02
1743	281.09
1744	281.13
1745	281.13
1746	281.15
1747	281.21
1748	281.23
1749	281.3
1750	281.38
1751	281.44
1752	281.44
1753	281.36
1754	281.3
1755	281.3
1756	281.21
1757	281.32
1758	281.32
1759	281.38
1760	281.63
1761	281.69
1762	281.76
1763	281.92
1764	281.96
1765	281.96
1766	281.92
1767	281.71
1768	281.67
1769	281.73
1770	281.69
1771	281.73
1772	281.78
1773	281.76
1774	281.82
1775	281.8
1776	281.76
1777	281.76
1778	281.9
1779	282.01
1780	281.96
1781	281.92
1782	281.82
1783	281.9
1784	281.9
1785	281.94
1786	281.96
1787	281.92
1788	281.9
1789	281.84
1790	281.78
1791	281.78
1792	281.78
1793	281.84
1794	281.9
1795	281.9
1796	281.82
1797	281.8
1798	281.78
1799	281.84
1800	281.82
1801	281.78
1802	281.86
1803	281.88
1804	281.9
1805	281.92
1806	281.86
1807	281.82
1808	281.8
1809	281.84
1810	281.82
1811	281.8
1812	281.8
1813	281.69
1814	281.73
1815	281.92
1816	281.92
1817	282.07
1818	282.11
1819	282.09
1820	282.03
1821	282.01
1822	281.88
1823	281.88
1824	281.88
1825	281.94
1826	281.92
1827	281.94
1828	281.92
1829	281.92
1830	281.92
1831	281.92
1832	281.99
1833	282.03
1834	282.05
1835	282.01
1836	282.01
1837	282.15
1838	282.09
1839	282.07
1840	282.03
1841	281.94
1842	282.03
1843	282.11
1844	282.07
1845	282.03
1846	281.92
1847	281.9
1848	281.9
1849	281.82
1850	281.82
1851	281.86
1852	281.82
1853	281.82
1854	281.82
1855	281.82
1856	281.82
1857	281.92
1858	281.94
1859	282.01
1860	281.99
1861	281.92
1862	281.92
1863	281.94
1864	281.99
1865	281.92
1866	282.01
1867	282.05
1868	282.03
1869	282.01
1870	281.9
1871	281.94
1872	281.92
1873	281.86
1874	281.92
1875	281.96
1876	282.05
1877	282.03
1878	281.99
1879	282.09
1880	282.11
1881	282.13
1882	282.11
1883	282.05
1884	282.03
1885	282.01
1886	281.92
1887	281.92
1888	281.94
1889	281.9
1890	281.86
1891	281.9
1892	281.92
1893	281.88
1894	281.88
1895	281.96
1896	281.96
1897	282.05
1898	282.09
1899	282.01
1900	281.99
1901	281.94
1902	281.99
1903	281.92
1904	281.88
1905	281.96
1906	282.09
1907	282.09
1908	282.09
1909	282.05
1910	282.11
1911	282.05
1912	281.86
1913	281.86
1914	281.86
1915	282.01
1916	282.13
1917	282.2
1918	281.99
1919	282.11
1920	282.11
1921	282.15
1922	282.17
1923	282.11
1924	281.96
1925	281.92
1926	281.92
1927	281.86
1928	281.82
1929	281.84
1930	281.84
1931	281.99
1932	282.09
1933	282.09
1934	282.05
1935	281.96
1936	281.99
1937	281.99
1938	282.05
1939	282.03
1940	281.99
1941	281.88
1942	281.88
1943	281.9
1944	281.94
1945	282.05
1946	282.11
1947	282.13
1948	282.05
1949	282.07
1950	281.9
1951	281.88
1952	281.82
1953	281.94
1954	281.92
1955	282.01
1956	281.82
1957	281.71
1958	281.71
1959	281.88
1960	281.9
1961	281.94
1962	282.03
1963	281.99
1964	281.94
1965	281.94
1966	281.94
1967	281.96
1968	281.92
1969	282.03
1970	282.05
1971	282.01
1972	282.01
1973	281.92
1974	281.88
1975	281.86
1976	281.82
1977	281.82
1978	281.8
1979	281.84
1980	281.94
1981	281.96
1982	281.94
1983	281.99
1984	281.96
1985	282.01
1986	281.99
1987	281.96
1988	281.94
1989	281.92
1990	281.9
1991	282.03
1992	282.13
1993	282.22
1994	282.38
1995	282.49
1996	282.49
1997	282.49
1998	282.76
1999	282.82
2000	282.89
2001	283.01
2002	283.24
2003	283.39
2004	283.39
2005	283.3
2006	283.26
2007	283.2
2008	283.09
2009	283.24
2010	283.3
2011	283.35
2012	283.55
2013	283.55
2014	283.51
2015	283.7
2016	283.6
2017	283.58
2018	283.49
2019	283.41
2020	283.55
2021	283.68
2022	283.72
2023	283.78
2024	283.81
2025	283.83
2026	283.87
2027	283.87
2028	284.04
2029	284.04
2030	283.99
2031	283.85
2032	283.81
2033	283.74
2034	283.78
2035	283.72
2036	283.72
2037	283.66
2038	283.74
2039	283.72
2040	283.85
2041	283.91
2042	283.83
2043	283.83
2044	283.72
2045	283.78
2046	283.76
2047	283.74
2048	283.55
2049	283.55
2050	283.58
2051	283.49
2052	283.55
2053	283.6
2054	283.7
2055	283.7
2056	283.6
2057	283.49
2058	283.49
2059	283.58
2060	283.43
2061	283.3
2062	283.35
2063	283.45
2064	283.53
2065	283.43
2066	283.47
2067	283.53
2068	283.53
2069	283.64
2070	283.66
2071	283.68
2072	283.62
2073	283.62
2074	283.55
2075	283.55
2076	283.6
2077	283.7
2078	283.78
2079	283.81
2080	283.66
2081	283.58
2082	283.45
2083	283.45
2084	283.45
2085	283.45
2086	283.55
2087	283.66
2088	283.68
2089	283.72
2090	283.64
2091	283.6
2092	283.58
2093	283.53
2094	283.53
2095	283.45
2096	283.39
2097	283.45
2098	283.58
2099	283.41
2100	283.41
2101	283.2
2102	283.28
2103	283.24
2104	283.41
2105	283.58
2106	283.64
2107	283.64
2108	283.7
2109	283.6
2110	283.55
2111	283.62
2112	283.76
2113	283.78
2114	283.78
2115	283.74
2116	283.76
2117	283.7
2118	283.68
2119	283.66
2120	283.64
2121	283.51
2122	283.49
2123	283.53
2124	283.49
2125	283.53
2126	283.55
2127	283.55
2128	283.51
2129	283.51
2130	283.45
2131	283.49
2132	283.45
2133	283.53
2134	283.41
2135	283.39
2136	283.45
2137	283.6
2138	283.78
2139	283.78
2140	283.74
2141	283.66
2142	283.64
2143	283.74
2144	283.76
2145	283.72
2146	283.72
2147	283.83
2148	283.87
2149	283.83
2150	283.91
2151	283.99
2152	284.04
2153	284.12
2154	283.99
2155	283.87
2156	283.85
2157	283.83
2158	283.74
2159	283.76
2160	283.83
2161	283.89
2162	283.99
2163	283.83
2164	283.49
2165	283.47
2166	283.72
2167	283.74
2168	283.51
2169	283.58
2170	283.64
2171	283.64
2172	283.45
2173	283.35
2174	283.37
2175	283.22
2176	283.12
2177	283.05
2178	283.05
2179	283.2
2180	283.22
2181	283.14
2182	283.01
2183	282.78
2184	282.61
2185	282.61
2186	281.96
2187	281.5
2188	281.23
2189	280.88
2190	280.54
2191	280.35
2192	280.25
2193	279.81
2194	279.71
2195	279.69
2196	279.69
2197	279.69
2198	279.58
2199	279.58
2200	279.75
2201	279.81
2202	279.85
2203	279.92
2204	280.02
2205	280.06
2206	280.12
2207	280.23
2208	280.31
2209	280.48
2210	280.48
2211	280.65
2212	280.77
2213	280.73
2214	280.92
2215	281.02
2216	281.13
2217	281.13
2218	281.27
2219	281.23
2220	281.25
2221	281.21
2222	281.19
2223	281.15
2224	281.15
2225	281.23
2226	281.36
2227	281.44
2228	281.46
2229	281.36
2230	281.36
2231	281.32
2232	281.36
2233	281.38
2234	281.46
2235	281.42
2236	281.44
2237	281.48
2238	281.48
2239	281.55
2240	281.63
2241	281.67
2242	281.71
2243	281.76
2244	281.69
2245	281.65
2246	281.73
2247	281.78
2248	281.84
2249	281.84
2250	281.84
2251	281.78
2252	281.73
2253	281.71
2254	281.67
2255	281.73
2256	281.73
2257	281.76
2258	281.76
2259	281.8
2260	281.92
2261	281.9
2262	281.88
2263	281.88
2264	281.9
2265	281.9
2266	281.92
2267	281.92
2268	281.86
2269	281.82
2270	281.86
2271	281.73
2272	281.78
2273	281.78
2274	281.84
2275	281.94
2276	282.01
2277	282.09
2278	282.03
2279	282.03
2280	281.84
2281	281.84
2282	281.82
2283	281.8
2284	281.8
2285	281.84
2286	281.82
2287	281.92
2288	281.92
2289	281.9
2290	281.92
2291	281.94
2292	281.96
2293	282.03
2294	282.01
2295	282.01
2296	281.76
2297	281.76
2298	281.82
2299	281.73
2300	281.82
2301	281.9
2302	281.92
2303	282.09
2304	282.07
2305	282.03
2306	282.01
2307	282.01
2308	282.07
2309	282.01
2310	281.99
2311	281.9
2312	281.86
2313	281.99
2314	281.99
2315	281.99
2316	282.03
2317	282.2
2318	282.2
2319	282.15
2320	282.15
2321	282.13
2322	282.13
2323	282.09
2324	282.09
2325	282.22
2326	282.09
2327	282.09
2328	281.94
2329	281.96
2330	282.01
2331	282.07
2332	282.15
2333	282.15
2334	282.09
2335	282.15
2336	282.09
2337	282.01
2338	282.03
2339	282.2
2340	282.13
2341	282.11
2342	282.15
2343	282.17
2344	282.13
2345	282.09
2346	282.13
2347	282.03
2348	281.99
2349	281.86
2350	281.92
2351	281.92
2352	281.92
2353	281.86
2354	281.78
2355	281.71
2356	281.86
2357	281.88
2358	281.94
2359	281.94
2360	281.99
2361	281.88
2362	281.82
2363	281.86
2364	281.88
2365	281.92
2366	281.92
2367	281.84
2368	281.86
2369	281.88
2370	281.88
2371	282.01
2372	281.96
2373	281.96
2374	281.92
2375	281.96
2376	281.99
2377	282.05
2378	282.03
2379	282.13
2380	282.15
2381	282.03
2382	282.01
2383	282.05
2384	282.09
2385	282.03
2386	281.94
2387	281.9
2388	281.82
2389	281.76
2390	281.82
2391	281.82
2392	281.84
2393	281.9
2394	281.9
2395	282.03
2396	281.99
2397	282.01
2398	282.01
2399	281.99
2400	282.03
2401	282.09
2402	282.03
2403	281.96
2404	281.94
2405	282.01
2406	282.05
2407	282.11
2408	282.09
2409	282.01
2410	282.05
2411	281.99
2412	282.05
2413	282.01
2414	282.01
2415	281.99
2416	281.92
2417	281.88
2418	281.84
2419	281.84
2420	281.9
2421	281.82
2422	281.9
2423	281.9
2424	281.99
2425	281.99
2426	281.99
2427	281.96
2428	281.96
2429	282.03
2430	282.03
2431	282.24
2432	282.13
2433	282.05
2434	281.88
2435	281.88
2436	281.96
2437	281.96
2438	282.03
2439	281.96
2440	281.9
2441	281.86
2442	281.88
2443	281.86
2444	281.8
2445	281.8
2446	281.88
2447	281.9
2448	281.99
2449	281.94
2450	282.01
2451	281.99
2452	282.03
2453	282.01
2454	281.94
2455	281.99
2456	281.96
2457	282.01
2458	281.99
2459	282.05
2460	281.99
2461	281.92
2462	281.92
2463	281.78
2464	281.96
2465	282.11
2466	282.53
2467	282.51
2468	282.57
2469	282.57
2470	282.86
2471	282.76
2472	282.82
2473	282.91
2474	282.91
2475	282.86
2476	282.95
2477	283.32
2478	283.24
2479	283.26
2480	283.26
2481	283.12
2482	283.05
2483	283.07
2484	283.16
2485	283.22
2486	283.26
2487	283.62
2488	283.7
2489	283.7
2490	283.49
2491	283.64
2492	283.76
2493	283.76
2494	283.74
2495	283.83
2496	283.89
2497	283.91
2498	283.83
2499	283.78
2500	283.68
2501	283.68
2502	283.83
2503	283.76
2504	283.72
2505	283.58
2506	283.58
2507	283.78
2508	283.78
2509	283.97
2510	283.99
2511	283.93
2512	283.78
2513	283.83
2514	283.85
2515	283.97
2516	284.14
2517	284.14
2518	284.14
2519	284.1
2520	284.14
2521	284.22
2522	284.22
2523	283.85
2524	283.76
2525	283.7
2526	283.64
2527	283.62
2528	283.78
2529	283.83
2530	283.87
2531	283.91
2532	284.06
2533	284.06
2534	284.2
2535	284.04
2536	283.93
2537	283.76
2538	283.74
2539	283.83
2540	283.83
2541	283.93
2542	283.97
2543	283.95
2544	283.89
2545	283.74
2546	283.78
2547	283.78
2548	283.85
2549	283.99
2550	283.97
2551	284.06
2552	283.97
2553	283.91
2554	283.83
2555	283.7
2556	283.66
2557	283.62
2558	283.72
2559	283.81
2560	283.93
2561	284.04
2562	284.06
2563	283.91
2564	283.85
2565	283.81
2566	283.81
2567	283.87
2568	283.74
2569	283.58
2570	283.6
2571	283.78
2572	283.78
2573	283.81
2574	283.83
2575	283.91
2576	283.91
2577	283.78
2578	283.78
2579	283.78
2580	283.85
2581	283.97
2582	283.81
2583	283.78
2584	283.89
2585	283.85
2586	283.89
2587	283.83
2588	283.74
2589	283.7
2590	283.51
2591	283.51
2592	283.6
2593	283.64
2594	283.55
2595	283.58
2596	283.53
2597	283.58
2598	283.64
2599	283.49
2600	283.47
2601	283.45
2602	283.49
2603	283.68
2604	283.68
2605	283.74
2606	283.76
2607	283.78
2608	283.66
2609	283.51
2610	283.39
2611	283.39
2612	283.6
2613	283.76
2614	283.72
2615	283.76
2616	283.83
2617	283.85
2618	283.85
2619	283.87
2620	283.74
2621	283.81
2622	283.72
2623	283.68
2624	283.7
2625	283.7
2626	283.95
2627	284.01
2628	283.95
2629	283.87
2630	283.87
2631	283.91
2632	283.97
2633	284.12
2634	284.12
2635	284.12
2636	283.91
2637	283.85
2638	283.87
2639	283.85
2640	283.91
2641	283.81
2642	283.78
2643	283.78
2644	283.66
2645	283.47
2646	283.39
2647	283.26
2648	283.16
2649	283.18
2650	283.18
2651	283.18
2652	283.16
2653	283.03
2654	282.99
2655	282.91
2656	282.86
2657	282.91
2658	282.66
2659	282.45
2660	282.3
2661	281.92
2662	281.5
2663	281.23
2664	280.96
2665	280.33
2666	280.06
2667	279.85
2668	279.77
2669	279.75
2670	279.71
2671	279.69
2672	279.73
2673	279.83
2674	279.87
2675	279.87
2676	279.94
2677	279.98
2678	279.98
2679	280.15
2680	280.21
2681	280.42
2682	280.42
2683	280.63
2684	280.67
2685	280.67
2686	280.77
2687	280.84
2688	280.9
2689	280.9
2690	280.94
2691	280.98
2692	280.98
2693	281.09
2694	281.09
2695	281.13
2696	281.21
2697	281.04
2698	281.04
2699	281.11
2700	281.15
2701	281.3
2702	281.32
2703	281.36
2704	281.27
2705	281.32
2706	281.34
2707	281.42
2708	281.57
2709	281.67
2710	281.71
2711	281.78
2712	281.76
2713	281.71
2714	281.71
2715	281.63
2716	281.65
2717	281.73
2718	281.86
2719	281.84
2720	281.78
2721	281.78
2722	281.69
2723	281.63
2724	281.59
2725	281.61
2726	281.63
2727	281.61
2728	281.65
2729	281.59
2730	281.71
2731	281.8
2732	281.71
2733	281.65
2734	281.65
2735	281.69
2736	281.78
2737	281.78
2738	281.71
2739	281.76
2740	281.78
2741	281.84
2742	281.84
2743	281.78
2744	281.92
2745	281.88
2746	281.84
2747	281.9
2748	281.84
2749	281.86
2750	281.8
2751	281.82
2752	281.94
2753	281.94
2754	281.99
2755	281.86
2756	281.82
2757	281.88
2758	281.99
2759	281.99
2760	281.99
2761	281.92
2762	281.92
2763	281.94
2764	281.96
2765	281.9
2766	281.96
2767	282.03
2768	282.05
2769	282.01
2770	282.03
2771	281.99
2772	282.03
2773	282.09
2774	282.07
2775	282.03
2776	282.03
2777	282.03
2778	282.11
2779	282.17
2780	282.15
2781	282.11
2782	282.01
2783	281.99
2784	281.99
2785	281.99
2786	281.94
2787	281.96
2788	281.92
2789	281.94
2790	281.92
2791	281.92
2792	281.92
2793	282.01
2794	281.94
2795	281.92
2796	281.96
2797	282.05
2798	282.11
2799	282.11
2800	282.09
2801	282.09
2802	282.01
2803	282.01
2804	282.05
2805	282.03
2806	281.99
2807	281.96
2808	281.94
2809	281.94
2810	281.94
2811	282.01
2812	282.05
2813	282.03
2814	281.99
2815	281.94
2816	281.84
2817	281.86
2818	281.84
2819	282.03
2820	281.99
2821	281.92
2822	281.82
2823	281.8
2824	281.8
2825	281.86
2826	282.03
2827	282.15
2828	282.36
2829	282.3
2830	282.17
2831	282.17
2832	282.05
2833	281.94
2834	282.03
2835	282.07
2836	282.09
2837	282.11
2838	282.15
2839	282.03
2840	282.01
2841	282.13
2842	282.22
2843	282.2
2844	282.07
2845	282.07
2846	281.94
2847	281.88
2848	281.84
2849	281.86
2850	281.8
2851	281.88
2852	281.84
2853	281.88
2854	281.9
2855	281.94
2856	281.94
2857	281.84
2858	281.88
2859	281.9
2860	281.8
2861	281.86
2862	281.82
2863	281.82
2864	281.8
2865	281.88
2866	281.88
2867	282.05
2868	282.07
2869	282.01
2870	282.01
2871	281.92
2872	281.92
2873	281.96
2874	281.92
2875	281.86
2876	281.86
2877	281.88
2878	281.96
2879	281.92
2880	282.05
2881	282.01
2882	281.92
2883	281.9
2884	281.9
2885	281.78
2886	281.69
2887	281.65
2888	281.71
2889	281.8
2890	281.73
2891	281.76
2892	281.73
2893	281.67
2894	281.69
2895	281.69
2896	281.8
2897	281.88
2898	281.86
2899	281.8
2900	281.94
2901	281.88
2902	281.88
2903	281.84
2904	281.73
2905	281.76
2906	281.86
2907	281.92
2908	281.9
2909	281.9
2910	281.78
2911	281.82
2912	281.82
2913	281.73
2914	281.69
2915	281.63
2916	281.69
2917	281.69
2918	281.71
2919	281.65
2920	281.63
2921	281.67
2922	281.63
2923	281.76
2924	281.78
2925	281.86
2926	281.9
2927	281.88
2928	281.82
2929	281.86
2930	281.78
2931	281.82
2932	281.82
2933	281.76
2934	281.76
2935	281.73
2936	281.67
2937	281.69
2938	281.9
2939	282.17
2940	282.34
2941	282.34
2942	282.51
2943	282.57
2944	282.55
2945	282.74
2946	282.7
2947	282.74
2948	282.68
2949	282.51
2950	282.63
2951	282.97
2952	283.3
2953	283.3
2954	283.2
2955	283.14
2956	283.28
2957	283.35
2958	283.3
2959	283.39
2960	283.41
2961	283.43
2962	283.45
2963	283.43
2964	283.55
2965	283.66
2966	283.66
2967	283.66
2968	283.64
2969	283.62
2970	283.68
2971	283.64
2972	283.6
2973	283.6
2974	283.64
2975	283.6
2976	283.64
2977	283.55
2978	283.55
2979	283.51
2980	283.58
2981	283.62
2982	283.7
2983	283.7
2984	283.78
2985	283.66
2986	283.55
2987	283.53
2988	283.62
2989	283.47
2990	283.49
2991	283.47
2992	283.58
2993	283.7
2994	283.72
2995	283.62
2996	283.6
2997	283.47
2998	283.49
2999	283.51
3000	283.55
3001	283.47
3002	283.47
3003	283.35
3004	283.3
3005	283.3
3006	283.39
3007	283.55
3008	283.53
3009	283.72
3010	283.81
3011	283.72
3012	283.72
3013	283.6
3014	283.6
3015	283.55
3016	283.53
3017	283.45
3018	283.35
3019	283.39
3020	283.43
3021	283.53
3022	283.72
3023	283.7
3024	283.64
3025	283.55
3026	283.47
3027	283.64
3028	283.76
3029	283.81
3030	283.62
3031	283.58
3032	283.6
3033	283.64
3034	283.49
3035	283.37
3036	283.35
3037	283.35
3038	283.37
3039	283.41
3040	283.51
3041	283.41
3042	283.49
3043	283.58
3044	283.58
3045	283.39
3046	283.26
3047	283.26
3048	283.37
3049	283.28
3050	283.18
3051	283.18
3052	283.14
3053	283.2
3054	283.18
3055	283.16
3056	283.2
3057	283.14
3058	283.14
3059	283.2
3060	283.3
3061	283.37
3062	283.24
3063	283.22
3064	283.26
3065	283.24
3066	283.16
3067	283.22
3068	283.35
3069	283.37
3070	283.32
3071	283.32
3072	283.37
3073	283.55
3074	283.6
3075	283.53
3076	283.53
3077	283.35
3078	283.35
3079	283.32
3080	283.43
3081	283.41
3082	283.43
3083	283.43
3084	283.45
3085	283.51
3086	283.53
3087	283.47
3088	283.6
3089	283.6
3090	283.45
3091	283.35
3092	283.3
3093	283.2
3094	283.26
3095	283.05
3096	283.05
3097	283.12
3098	283.32
3099	283.28
3100	283.26
3101	283.39
3102	283.47
3103	283.58
3104	283.6
3105	283.6
3106	283.62
3107	283.51
3108	283.51
3109	283.66
3110	283.74
3111	283.7
3112	283.6
3113	283.39
3114	283.14
3115	283.14
3116	283.18
3117	283.18
3118	283.09
3119	282.89
3120	282.8
3121	282.8
3122	282.8
3123	282.86
3124	282.93
3125	283.03
3126	283.03
3127	282.95
3128	282.95
3129	282.91
3130	282.76
3131	282.74
3132	282.49
3133	282.17
3134	281.94
3135	281.46
3136	281.19
3137	280.44
3138	280.29
3139	279.96
3140	279.69
3141	279.64
3142	279.69
3143	279.66
3144	279.75
3145	279.73
3146	279.69
3147	279.69
3148	279.92
3149	280.04
3150	280.06
3151	280.25
3152	280.31
3153	280.4
3154	280.4
3155	280.44
3156	280.33
3157	280.4
3158	280.52
3159	280.63
3160	280.73
3161	280.71
3162	280.84
3163	280.92
3164	280.94
3165	280.96
3166	281.07
3167	281.07
3168	281.11
3169	281.04
3170	281
3171	281.11
3172	281.09
3173	281.09
3174	281.07
3175	281.07
3176	281.15
3177	281.23
3178	281.13
3179	281.13
3180	281.19
3181	281.21
3182	281.25
3183	281.21
3184	281.21
3185	281.3
3186	281.3
3187	281.36
3188	281.38
3189	281.38
3190	281.42
3191	281.4
3192	281.4
3193	281.4
3194	281.42
3195	281.38
3196	281.4
3197	281.42
3198	281.44
3199	281.55
3200	281.67
3201	281.61
3202	281.59
3203	281.48
3204	281.53
3205	281.53
3206	281.61
3207	281.57
3208	281.63
3209	281.71
3210	281.78
3211	281.69
3212	281.67
3213	281.55
3214	281.55
3215	281.63
3216	281.76
3217	281.8
3218	281.8
3219	281.73
3220	281.71
3221	281.67
3222	281.69
3223	281.78
3224	281.84
3225	281.84
3226	281.88
3227	281.71
3228	281.71
3229	281.69
3230	281.71
3231	281.73
3232	281.78
3233	281.8
3234	281.73
3235	281.73
3236	281.76
3237	281.8
3238	281.8
3239	281.82
3240	281.67
3241	281.36
3242	280.35
3243	279.5
3244	279.6
3245	280.21
3246	280.48
3247	281.11
3248	281.4
3249	281.5
3250	281.63
3251	281.71
3252	281.76
3253	281.73
3254	281.71
3255	281.71
3256	281.82
3257	281.82
3258	281.82
3259	281.99
3260	281.99
3261	282.05
3262	282.13
3263	282.03
3264	282.03
3265	282.03
3266	282.11
3267	282.11
3268	282.13
3269	282.17
3270	282.26
3271	282.26
3272	282.07
3273	282.05
3274	282.01
3275	282.15
3276	282.2
3277	282.22
3278	282.15
3279	282.01
3280	281.99
3281	282.07
3282	282.13
3283	282.11
3284	282.09
3285	282.11
3286	282.11
3287	282.03
3288	282.11
3289	282.11
3290	282.05
3291	282.03
3292	281.94
3293	281.86
3294	281.8
3295	281.73
3296	281.73
3297	281.69
3298	281.59
3299	281.61
3300	281.53
3301	281.57
3302	281.57
3303	281.57
3304	281.61
3305	281.55
3306	281.55
3307	281.67
3308	281.71
3309	281.61
3310	281.57
3311	281.4
3312	281.32
3313	281.32
3314	281.32
3315	281.36
3316	281.4
3317	281.34
3318	281.3
3319	281.36
3320	281.44
3321	281.4
3322	281.4
3323	281.36
3324	281.53
3325	281.36
3326	281.34
3327	281.36
3328	281.36
3329	281.42
3330	281.53
3331	281.63
3332	281.65
3333	281.59
3334	281.61
3335	281.61
3336	281.59
3337	281.67
3338	281.63
3339	281.65
3340	281.59
3341	281.61
3342	281.59
3343	281.61
3344	281.63
3345	281.67
3346	281.65
3347	281.67
3348	281.69
3349	281.71
3350	281.71
3351	281.76
3352	281.78
3353	281.76
3354	281.78
3355	281.78
3356	281.76
3357	281.86
3358	281.9
3359	281.88
3360	281.88
3361	281.69
3362	281.9
3363	281.99
3364	281.99
3365	282.01
3366	282.01
3367	282.01
3368	281.9
3369	281.86
3370	281.9
3371	281.84
3372	281.8
3373	281.76
3374	281.76
3375	281.84
3376	281.88
3377	281.94
3378	282.01
3379	281.99
3380	282.03
3381	282.05
3382	282.01
3383	282.05
3384	281.99
3385	281.99
3386	281.9
3387	281.99
3388	281.94
3389	281.84
3390	281.88
3391	281.9
3392	281.92
3393	281.99
3394	281.9
3395	281.99
3396	282.01
3397	282.03
3398	281.99
3399	281.99
3400	281.92
3401	281.96
3402	281.99
3403	281.96
3404	281.88
3405	281.82
3406	281.82
3407	281.94
3408	282.15
3409	282.09
3410	282.01
3411	282.05
3412	282.05
3413	282.05
3414	282.01
3415	282.09
3416	282.17
3417	282.17
3418	282.28
3419	282.43
3420	282.51
3421	282.36
3422	282.34
3423	282.53
3424	282.55
3425	282.51
3426	282.53
3427	282.51
3428	282.61
3429	282.84
3430	282.99
3431	282.99
3432	282.99
3433	282.93
3434	282.93
3435	282.93
3436	282.82
3437	282.91
3438	282.91
3439	282.82
3440	282.82
3441	282.89
3442	282.68
3443	282.76
3444	282.86
3445	282.86
3446	282.84
3447	282.84
3448	282.86
3449	282.82
3450	282.86
3451	282.84
3452	282.89
3453	282.91
3454	282.89
3455	282.89
3456	282.89
3457	282.91
3458	283.03
3459	283.05
3460	282.97
3461	282.97
3462	283.07
3463	283.03
3464	283.09
3465	283.18
3466	283.2
3467	283.18
3468	283.12
3469	283.01
3470	283.01
3471	282.91
3472	282.99
3473	282.97
3474	282.95
3475	282.93
3476	283.09
3477	283.09
3478	283.26
3479	283.07
3480	282.93
3481	283.05
3482	283.14
3483	283.16
3484	283.16
3485	282.91
3486	282.89
3487	282.95
3488	282.97
3489	282.99
3490	282.95
3491	282.97
3492	283.2
3493	283.18
3494	283.3
3495	283.2
3496	283.14
3497	283.03
3498	282.97
3499	282.91
3500	282.99
3501	282.91
3502	282.89
3503	282.84
3504	282.82
3505	282.86
3506	282.89
3507	283.07
3508	283.16
3509	283.16
3510	283.3
3511	283.3
3512	283.26
3513	283.37
3514	283.43
3515	283.32
3516	283.32
3517	283.2
3518	282.99
3519	283.01
3520	283.16
3521	283.32
3522	283.3
3523	283.43
3524	283.39
3525	283.35
3526	283.41
3527	283.26
3528	283.2
3529	283.2
3530	283.18
3531	283.22
3532	283.16
3533	282.97
3534	283.12
3535	283.16
3536	283.16
3537	283.2
3538	283.18
3539	282.84
3540	282.76
3541	282.76
3542	282.86
3543	282.86
3544	282.84
3545	282.86
3546	282.95
3547	282.93
3548	282.93
3549	283.12
3550	283.03
3551	282.95
3552	282.89
3553	282.8
3554	282.86
3555	282.86
3556	283.03
3557	283.05
3558	283.05
3559	283.05
3560	282.82
3561	282.86
3562	282.8
3563	282.95
3564	283.01
3565	283.01
3566	282.89
3567	282.86
3568	283.05
3569	283.09
3570	283.12
3571	282.95
3572	283.03
3573	283.05
3574	282.99
3575	283.01
3576	282.86
3577	282.84
3578	282.95
3579	282.99
3580	282.99
3581	282.86
3582	282.91
3583	282.86
3584	282.76
3585	282.66
3586	282.76
3587	282.76
3588	282.45
3589	282.63
3590	282.76
3591	282.78
3592	282.82
3593	282.91
3594	282.91
3595	282.99
3596	283.07
3597	283.05
3598	282.93
3599	282.8
3600	282.76
3601	282.66
3602	282.53
3603	282.36
3604	282.13
3605	281.5
3606	281.21
3607	280.73
3608	280.56
3609	280.15
3610	279.85
3611	279.66
3612	279.66
3613	279.69
3614	279.54
3615	279.52
3616	279.52
3617	279.56
3618	279.73
3619	279.73
3620	280.12
3621	280.15
3622	280.15
3623	280.25
3624	280.42
3625	280.44
3626	280.44
3627	280.42
3628	280.46
3629	280.52
3630	280.63
3631	280.69
3632	280.73
3633	280.77
3634	280.98
3635	281.13
3636	281.19
3637	281.13
3638	281.15
3639	281.25
3640	281.23
3641	281.4
3642	281.5
3643	281.5
3644	281.46
3645	281.61
3646	281.55
3647	281.57
3648	281.61
3649	281.61
3650	281.57
3651	281.57
3652	281.67
3653	281.69
3654	281.73
3655	281.63
3656	281.67
3657	281.65
3658	281.65
3659	281.48
3660	281.44
3661	281.4
3662	281.42
3663	281.57
3664	281.59
3665	281.61
3666	281.65
3667	281.78
3668	281.78
3669	281.8
3670	281.82
3671	281.88
3672	281.94
3673	282.03
3674	281.96
3675	281.96
3676	281.99
3677	282.01
3678	281.92
3679	281.86
3680	281.92
3681	281.88
3682	281.86
3683	281.92
3684	281.94
3685	282.03
3686	281.94
3687	281.94
3688	281.96
3689	282.07
3690	282.07
3691	281.94
3692	282.01
3693	282.03
3694	282.05
3695	282.01
3696	282.03
3697	282.03
3698	281.99
3699	282.05
3700	282.17
3701	282.2
3702	282.13
3703	282.15
3704	282.17
3705	281.96
3706	281.92
3707	281.96
3708	281.99
3709	281.99
3710	281.99
3711	282.03
3712	282.13
3713	282.07
3714	282.09
3715	281.99
3716	281.99
3717	281.92
3718	281.94
3719	282.01
3720	282.09
3721	281.99
3722	281.99
3723	281.96
3724	281.94
3725	281.94
3726	281.86
3727	281.73
3728	281.86
3729	281.86
3730	281.96
3731	282.01
3732	281.99
3733	281.99
3734	282.09
3735	282.01
3736	281.96
3737	281.86
3738	281.9
3739	281.9
3740	281.96
3741	281.96
3742	282.07
3743	282.03
3744	281.94
3745	281.9
3746	281.82
3747	281.86
3748	281.84
3749	281.9
3750	282.05
3751	282.13
3752	282.11
3753	282.17
3754	282.24
3755	282.17
3756	282.2
3757	282.24
3758	282.05
3759	282.05
3760	281.99
3761	281.99
3762	282.03
3763	282.03
3764	281.99
3765	282.03
3766	281.94
3767	281.99
3768	281.99
3769	282.13
3770	282.2
3771	282.15
3772	282.13
3773	282.24
3774	282.22
3775	282.13
3776	282.01
3777	281.96
3778	282.07
3779	282.13
3780	282.17
3781	282.26
3782	282.09
3783	281.96
3784	281.99
3785	282.05
3786	282.03
3787	282.03
3788	282.01
3789	282.05
3790	282.11
3791	282.13
3792	282.07
3793	282.07
3794	282.11
3795	282.07
3796	282.09
3797	281.92
3798	281.92
3799	281.99
3800	281.99
3801	281.96
3802	282.01
3803	281.99
3804	281.96
3805	281.92
3806	281.99
3807	281.99
3808	282.13
3809	282.17
3810	282.26
3811	282.22
3812	282.2
3813	282.13
3814	282.07
3815	282.13
3816	282.07
3817	282.03
3818	282.11
3819	282.2
3820	282.15
3821	282.17
3822	282.09
3823	281.94
3824	281.86
3825	281.88
3826	281.86
3827	281.88
3828	281.92
3829	281.9
3830	281.88
3831	281.88
3832	281.88
3833	281.82
3834	281.9
3835	281.94
3836	282.01
3837	282.13
3838	282.15
3839	282.15
3840	282.09
3841	282.03
3842	282.05
3843	281.99
3844	282.09
3845	282.05
3846	282.09
3847	282.09
3848	281.99
3849	281.96
3850	281.94
3851	281.96
3852	282.03
3853	282.05
3854	282.2
3855	282.24
3856	282.28
3857	282.26
3858	282.26
3859	282.11
3860	282.05
3861	282.17
3862	282.26
3863	282.22
3864	282.22
3865	282.07
3866	282.07
3867	282.09
3868	282.22
3869	282.26
3870	282.22
3871	282.22
3872	282.17
3873	282.13
3874	282.13
3875	282.22
3876	282.09
3877	282.09
3878	282.09
3879	282.15
3880	282.15
3881	282.13
3882	282.17
3883	282.2
3884	282.11
3885	282.13
3886	282.28
3887	282.3
3888	282.24
3889	282.3
3890	282.26
3891	282.09
3892	282.13
3893	282.17
3894	282.07
3895	281.99
3896	281.99
3897	282.05
3898	282.28
3899	282.32
3900	282.38
3901	282.47
3902	282.49
3903	282.49
3904	282.68
3905	282.84
3906	282.89
3907	282.86
3908	282.78
3909	282.78
3910	282.78
3911	282.59
3912	282.53
3913	282.53
3914	282.74
3915	282.76
3916	282.7
3917	282.63
3918	282.59
3919	282.59
3920	282.61
3921	282.7
3922	282.63
3923	282.59
3924	282.59
3925	282.72
3926	282.8
3927	282.8
3928	282.78
3929	282.66
3930	282.66
3931	282.66
3932	282.7
3933	282.78
3934	282.99
3935	282.99
3936	282.86
3937	282.82
3938	282.82
3939	282.84
3940	282.84
3941	282.89
3942	282.89
3943	282.68
3944	282.74
3945	282.84
3946	282.84
3947	282.8
3948	282.86
3949	282.86
3950	282.82
3951	282.97
3952	283.01
3953	283.12
3954	283.16
3955	283.12
3956	283.2
3957	283.05
3958	283.01
3959	282.91
3960	282.84
3961	282.95
3962	283.07
3963	283.05
3964	282.91
3965	282.84
3966	282.95
3967	282.93
3968	282.89
3969	283.05
3970	283.09
3971	283.22
3972	283.24
3973	283.16
3974	283.16
3975	283.09
3976	283.03
3977	283.03
3978	282.84
3979	282.84
3980	282.8
3981	282.8
3982	282.89
3983	282.78
3984	282.78
3985	282.99
3986	282.99
3987	282.91
3988	282.86
3989	282.97
3990	283.01
3991	283.05
3992	282.99
3993	282.93
3994	282.91
3995	282.82
3996	282.74
3997	282.84
3998	283.01
3999	282.93
4000	282.86
4001	282.66
4002	282.63
4003	282.68
4004	282.93
4005	282.93
4006	282.86
4007	282.86
4008	282.8
4009	282.66
4010	282.68
4011	282.95
4012	282.95
4013	282.95
4014	282.74
4015	282.72
4016	282.7
4017	282.66
4018	282.68
4019	282.72
4020	282.72
4021	282.93
4022	282.63
4023	282.49
4024	282.36
4025	282.51
4026	282.66
4027	282.72
4028	282.76
4029	282.74
4030	282.78
4031	282.84
4032	282.84
4033	282.82
4034	282.8
4035	282.82
4036	282.86
4037	282.86
4038	282.63
4039	282.55
4040	282.57
4041	282.66
4042	282.72
4043	282.66
4044	282.68
4045	282.68
4046	282.78
4047	282.74
4048	282.78
4049	282.84
4050	282.76
4051	282.8
4052	282.8
4053	282.99
4054	283.05
4055	283.05
4056	282.99
4057	282.84
4058	282.76
4059	282.76
4060	282.61
4061	282.36
4062	282.38
4063	282.51
4064	282.59
4065	282.7
4066	282.7
4067	282.8
4068	282.8
4069	282.78
4070	282.84
4071	282.8
4072	282.84
4073	282.84
4074	282.76
4075	282.63
4076	282.45
4077	282.3
4078	282.09
4079	281.69
4080	281.53
4081	280.98
4082	280.61
4083	280.25
4084	280.25
4085	279.73
4086	279.52
4087	279.5
4088	279.5
4089	279.52
4090	279.64
4091	279.64
4092	279.85
4093	280.04
4094	280.15
4095	280.31
4096	280.27
4097	280.31
4098	280.42
4099	280.77
4100	280.73
4101	280.71
4102	280.86
4103	281.07
4104	281.11
4105	281.15
4106	281.27
4107	281.23
4108	281.34
4109	281.44
4110	281.44
4111	281.55
4112	281.63
4113	281.61
4114	281.59
4115	281.63
4116	281.63
4117	281.63
4118	281.69
4119	281.71
4120	281.78
4121	281.82
4122	281.92
4123	281.92
4124	281.9
4125	281.78
4126	281.76
4127	281.92
4128	281.96
4129	281.8
4130	281.8
4131	281.94
4132	281.99
4133	282.03
4134	281.94
4135	281.92
4136	281.99
4137	281.96
4138	282.11
4139	282.07
4140	282.03
4141	282.22
4142	282.28
4143	282.11
4144	282.07
4145	282.01
4146	282.03
4147	282.07
4148	282.05
4149	281.99
4150	282.05
4151	282.11
4152	281.94
4153	281.8
4154	281.8
4155	281.8
4156	281.94
4157	282.09
4158	282.09
4159	282.01
4160	282.05
4161	282.07
4162	282.07
4163	282.03
4164	282.11
4165	282.05
4166	282.07
4167	282.03
4168	282.01
4169	282.07
4170	282.11
4171	282.07
4172	282.03
4173	282.03
4174	281.92
4175	281.88
4176	281.88
4177	281.9
4178	281.96
4179	281.92
4180	281.96
4181	281.96
4182	282.03
4183	282.03
4184	282.11
4185	282.17
4186	282.3
4187	282.3
4188	282.24
4189	282.22
4190	282.28
4191	282.22
4192	282.07
4193	282.11
4194	282.11
4195	282.2
4196	282.22
4197	282.22
4198	282.03
4199	282.01
4200	281.99
4201	281.99
4202	282.15
4203	282.09
4204	282.05
4205	282.03
4206	282.03
4207	281.99
4208	282.03
4209	282.09
4210	282.13
4211	282.15
4212	282.15
4213	282.05
4214	282.09
4215	282.15
4216	282.17
4217	282.26
4218	282.2
4219	282.11
4220	282.07
4221	282.09
4222	282.09
4223	282.07
4224	282.2
4225	282.3
4226	282.3
4227	282.28
4228	282.2
4229	282.11
4230	282.01
4231	281.92
4232	281.96
4233	281.96
4234	281.99
4235	281.94
4236	281.94
4237	282.05
4238	282.05
4239	282.05
4240	282.09
4241	282.05
4242	282.07
4243	281.99
4244	282.01
4245	281.96
4246	281.94
4247	281.96
4248	282.13
4249	282.15
4250	282.17
4251	282.17
4252	282.22
4253	282.32
4254	282.28
4255	282.24
4256	282.09
4257	281.96
4258	282.01
4259	282.07
4260	282.17
4261	282.2
4262	282.22
4263	282.15
4264	282.2
4265	282.2
4266	282.2
4267	282.28
4268	282.2
4269	282.26
4270	282.28
4271	282.4
4272	282.4
4273	282.28
4274	282.2
4275	282.17
4276	282.22
4277	282.15
4278	282.13
4279	282.13
4280	282.11
4281	282.09
4282	282.07
4283	282.03
4284	281.99
4285	282.07
4286	282.09
4287	282.05
4288	281.92
4289	281.86
4290	281.96
4291	282.03
4292	282.13
4293	282.13
4294	282.22
4295	282.17
4296	282.13
4297	282.13
4298	282.03
4299	281.94
4300	281.96
4301	282.03
4302	282.01
4303	282.13
4304	282.13
4305	282.22
4306	282.07
4307	282.11
4308	282.13
4309	282.17
4310	282.2
4311	282.24
4312	282.36
4313	282.36
4314	282.28
4315	282.22
4316	282.24
4317	282.3
4318	282.32
4319	282.26
4320	282.17
4321	282.07
4322	282.05
4323	282.05
4324	282.11
4325	282.07
4326	282.07
4327	282.22
4328	282.22
4329	282.3
4330	282.32
4331	282.34
4332	282.32
4333	282.24
4334	282.13
4335	282.07
4336	282.07
4337	282.2
4338	282.26
4339	282.24
4340	282.26
4341	282.26
4342	282.26
4343	282.26
4344	282.24
4345	282.28
4346	282.32
4347	282.32
4348	282.26
4349	282.28
4350	282.28
4351	282.3
4352	282.24
4353	282.2
4354	282.2
4355	282.24
4356	282.2
4357	282.09
4358	282.28
4359	282.34
4360	282.32
4361	282.49
4362	282.45
4363	282.34
4364	282.32
4365	282.22
4366	282.3
4367	282.43
4368	282.43
4369	282.26
4370	282.2
4371	282.24
4372	282.45
4373	282.57
4374	282.51
4375	282.51
4376	282.51
4377	282.61
4378	282.68
4379	282.66
4380	282.68
4381	282.55
4382	282.55
4383	282.4
4384	282.51
4385	282.45
4386	282.51
4387	282.57
4388	282.57
4389	282.53
4390	282.51
4391	282.55
4392	282.68
4393	282.78
4394	282.84
4395	282.84
4396	282.78
4397	282.72
4398	282.82
4399	282.86
4400	282.86
4401	282.78
4402	282.8
4403	282.89
4404	282.8
4405	282.63
4406	282.63
4407	282.63
4408	282.7
4409	282.7
4410	282.72
4411	282.76
4412	282.84
4413	282.82
4414	282.82
4415	282.91
4416	282.89
4417	282.86
4418	282.91
4419	282.86
4420	282.89
4421	282.93
4422	282.72
4423	282.78
4424	282.74
4425	282.78
4426	282.8
4427	282.78
4428	282.82
4429	282.97
4430	282.93
4431	282.82
4432	282.59
4433	282.59
4434	282.7
4435	282.76
4436	282.89
4437	282.8
4438	282.8
4439	282.8
4440	282.7
4441	282.7
4442	282.8
4443	282.91
4444	282.95
4445	282.82
4446	282.82
4447	282.74
4448	282.86
4449	282.76
4450	282.74
4451	282.91
4452	283.01
4453	283.01
4454	283.12
4455	282.99
4456	283.01
4457	283.01
4458	282.99
4459	282.97
4460	283.01
4461	282.84
4462	282.8
4463	282.8
4464	282.97
4465	282.97
4466	282.95
4467	282.97
4468	283.01
4469	283.05
4470	283.07
4471	282.93
4472	282.89
4473	282.89
4474	282.91
4475	282.86
4476	282.93
4477	282.84
4478	282.84
4479	282.8
4480	282.7
4481	282.72
4482	282.74
4483	282.91
4484	283.03
4485	283.03
4486	283.03
4487	283.03
4488	283.09
4489	282.97
4490	282.84
4491	282.82
4492	282.89
4493	282.91
4494	282.93
4495	282.95
4496	283.01
4497	283.14
4498	283.16
4499	283.09
4500	282.84
4501	282.91
4502	282.91
4503	282.97
4504	282.95
4505	282.97
4506	283.07
4507	283.05
4508	283.14
4509	283.18
4510	283.18
4511	283.2
4512	283.09
4513	283.07
4514	283.01
4515	282.97
4516	283.07
4517	283.07
4518	283.26
4519	283.24
4520	283.2
4521	283.16
4522	283.16
4523	283.07
4524	283.07
4525	283.05
4526	283.14
4527	283.05
4528	282.99
4529	283.03
4530	282.91
4531	282.95
4532	282.86
4533	282.86
4534	282.76
4535	282.8
4536	282.97
4537	283.05
4538	283.05
4539	283.03
4540	283.01
4541	283.07
4542	283.01
4543	283.07
4544	282.97
4545	282.91
4546	282.89
4547	282.68
4548	282.61
4549	282.61
4550	282.34
4551	282.09
4552	281.82
4553	281.32
4554	280.86
4555	280.61
4556	280.61
4557	280.33
4558	280.08
4559	280.08
4560	279.94
4561	279.85
4562	280
4563	280
4564	280.15
4565	280.17
4566	280.31
4567	280.42
4568	280.69
4569	280.75
4570	280.77
4571	280.98
4572	281.11
4573	281.09
4574	281.17
4575	281.17
4576	281.15
4577	281.15
4578	281.19
4579	281.27
4580	281.25
4581	281.25
4582	281.32
4583	281.42
4584	281.5
4585	281.69
4586	281.8
4587	281.82
4588	281.82
4589	281.84
4590	281.86
4591	281.82
4592	281.88
4593	281.9
4594	281.69
4595	281.69
4596	281.63
4597	281.69
4598	281.73
4599	281.71
4600	281.67
4601	281.63
4602	281.61
4603	281.67
4604	281.84
4605	281.84
4606	281.84
4607	281.9
4608	281.92
4609	281.88
4610	282.07
4611	282.03
4612	282.01
4613	281.88
4614	281.88
4615	281.84
4616	282.03
4617	282.22
4618	282.32
4619	282.13
4620	282.13
4621	282.13
4622	282.2
4623	282.24
4624	282.28
4625	282.2
4626	282.11
4627	282.11
4628	282.13
4629	282.28
4630	282.22
4631	282.28
4632	282.28
4633	282.28
4634	282.28
4635	282.26
4636	282.26
4637	282.2
4638	282.22
4639	282.24
4640	282.3
4641	282.24
4642	282.13
4643	282.11
4644	282.09
4645	282.22
4646	282.17
4647	282.24
4648	282.28
4649	282.26
4650	282.26
4651	282.26
4652	282.22
4653	282.17
4654	282.26
4655	282.28
4656	282.32
4657	282.32
4658	282.32
4659	282.32
4660	282.26
4661	282.34
4662	282.32
4663	282.36
4664	282.34
4665	282.32
4666	282.32
4667	282.28
4668	282.3
4669	282.4
4670	282.32
4671	282.26
4672	282.34
4673	282.17
4674	282.2
4675	282.2
4676	282.17
4677	282.24
4678	282.32
4679	282.28
4680	282.24
4681	282.32
4682	282.34
4683	282.43
4684	282.4
4685	282.36
4686	282.28
4687	282.3
4688	282.26
4689	282.2
4690	282.38
4691	282.38
4692	282.38
4693	282.49
4694	282.51
4695	282.47
4696	282.49
4697	282.49
4698	282.49
4699	282.47
4700	282.47
4701	282.49
4702	282.4
4703	282.26
4704	282.24
4705	282.24
4706	282.36
4707	282.43
4708	282.4
4709	282.28
4710	282.34
4711	282.4
4712	282.4
4713	282.38
4714	282.47
4715	282.49
4716	282.36
4717	282.43
4718	282.45
4719	282.43
4720	282.43
4721	282.47
4722	282.36
4723	282.28
4724	282.34
4725	282.38
4726	282.38
4727	282.38
4728	282.32
4729	282.3
4730	282.3
4731	282.3
4732	282.34
4733	282.34
4734	282.13
4735	282.17
4736	282.32
4737	282.32
4738	282.24
4739	282.22
4740	282.24
4741	282.17
4742	282.11
4743	282.13
4744	282.34
4745	282.45
4746	282.38
4747	282.4
4748	282.3
4749	282.3
4750	282.26
4751	282.24
4752	282.28
4753	282.26
4754	282.34
4755	282.34
4756	282.3
4757	282.2
4758	282.22
4759	282.2
4760	282.2
4761	282.05
4762	282.05
4763	281.99
4764	282.05
4765	282.15
4766	282.15
4767	282.09
4768	282.03
4769	282.03
4770	282.09
4771	282.11
4772	282.13
4773	282.03
4774	282.01
4775	281.99
4776	281.99
4777	282.11
4778	282.15
4779	282.15
4780	282.17
4781	282.22
4782	282.22
4783	282.28
4784	282.3
4785	282.26
4786	282.3
4787	282.43
4788	282.38
4789	282.22
4790	282.26
4791	282.24
4792	282.22
4793	282.32
4794	282.34
4795	282.34
4796	282.49
4797	282.53
4798	282.57
4799	282.45
4800	282.34
4801	282.34
4802	282.36
4803	282.51
4804	282.51
4805	282.49
4806	282.49
4807	282.47
4808	282.47
4809	282.38
4810	282.3
4811	282.28
4812	282.15
4813	282.09
4814	282.15
4815	282.2
4816	282.32
4817	282.36
4818	282.36
4819	282.49
4820	282.51
4821	282.51
4822	282.49
4823	282.26
4824	282.26
4825	282.24
4826	282.22
4827	282.22
4828	282.26
4829	282.22
4830	282.15
4831	282.2
4832	282.28
4833	282.38
4834	282.3
4835	282.43
4836	282.38
4837	282.38
4838	282.36
4839	282.36
4840	282.36
4841	282.32
4842	282.43
4843	282.49
4844	282.49
4845	282.49
4846	282.61
4847	282.61
4848	282.78
4849	282.78
4850	282.8
4851	282.93
4852	283.01
4853	282.93
4854	282.97
4855	283.01
4856	283.01
4857	283.03
4858	283.09
4859	282.89
4860	282.86
4861	282.91
4862	282.82
4863	282.84
4864	283.18
4865	283.32
4866	283.18
4867	283.03
4868	282.95
4869	282.97
4870	282.97
4871	282.74
4872	282.74
4873	282.7
4874	282.97
4875	283.01
4876	283.05
4877	282.93
4878	282.93
4879	282.93
4880	282.93
4881	283.01
4882	283.01
4883	282.95
4884	282.93
4885	282.97
4886	282.97
4887	282.97
4888	282.86
4889	282.8
4890	282.84
4891	282.82
4892	282.8
4893	282.78
4894	283.01
4895	283.03
4896	283.01
4897	282.97
4898	282.91
4899	282.95
4900	282.93
4901	282.91
4902	282.95
4903	283.03
4904	282.84
4905	282.72
4906	282.84
4907	283.03
4908	283.09
4909	282.99
4910	283.05
4911	283.05
4912	282.91
4913	282.84
4914	282.84
4915	282.7
4916	282.61
4917	282.82
4918	282.82
4919	282.99
4920	283.01
4921	282.93
4922	282.91
4923	282.86
4924	282.8
4925	282.82
4926	282.78
4927	282.89
4928	282.86
4929	282.8
4930	282.72
4931	282.76
4932	282.78
4933	282.84
4934	282.93
4935	282.99
4936	282.97
4937	282.99
4938	282.95
4939	282.91
4940	282.76
4941	282.84
4942	282.95
4943	282.95
4944	282.76
4945	282.89
4946	282.86
4947	283.07
4948	283.09
4949	283.09
4950	283.09
4951	283.14
4952	283.12
4953	283.16
4954	282.99
4955	282.93
4956	282.99
4957	282.99
4958	282.93
4959	283.05
4960	283.05
4961	283.05
4962	283.09
4963	283.05
4964	283.07
4965	282.95
4966	282.97
4967	282.91
4968	283.07
4969	283.16
4970	283.09
4971	283.09
4972	283.07
4973	282.99
4974	282.91
4975	282.82
4976	282.74
4977	282.84
4978	282.78
4979	282.8
4980	282.91
4981	282.82
4982	282.82
4983	282.89
4984	282.78
4985	282.7
4986	282.74
4987	282.93
4988	282.95
4989	282.95
4990	283.18
4991	283.28
4992	283.2
4993	283.03
4994	283.03
4995	283.09
4996	283.12
4997	282.97
4998	282.91
4999	283.01
5000	282.95
5001	283.03
5002	283.03
5003	283.01
5004	282.95
5005	282.99
5006	283.07
5007	282.86
5008	282.76
5009	282.68
5010	282.66
5011	282.59
5012	282.61
5013	282.66
5014	282.74
5015	282.76
5016	282.89
5017	282.89
5018	282.91
5019	282.82
5020	282.7
5021	282.7
5022	282.4
5023	282.47
5024	282.3
5025	281.8
5026	281.4
5027	281.04
5028	281.04
5029	280.54
5030	280.29
5031	280.23
5032	280.17
5033	280.1
5034	280.06
5035	280.1
5036	279.92
5037	279.98
5038	280.15
5039	280.35
5040	280.4
5041	280.58
5042	280.63
5043	280.65
5044	280.81
5045	280.92
5046	280.92
5047	280.92
5048	280.88
5049	280.98
5050	281.07
5051	281.21
5052	281.38
5053	281.38
5054	281.48
5055	281.36
5056	281.32
5057	281.38
5058	281.38
5059	281.34
5060	281.34
5061	281.44
5062	281.53
5063	281.55
5064	281.59
5065	281.59
5066	281.63
5067	281.65
5068	281.84
5069	281.88
5070	281.92
5071	281.84
5072	281.8
5073	281.8
5074	281.84
5075	281.82
5076	281.86
5077	282.01
5078	282.03
5079	282.03
5080	282.05
5081	281.99
5082	281.94
5083	281.92
5084	281.88
5085	281.88
5086	281.92
5087	281.94
5088	281.92
5089	281.86
5090	281.92
5091	281.96
5092	281.96
5093	282.07
5094	282.05
5095	282.07
5096	282.17
5097	282.26
5098	282.11
5099	282.11
5100	282.05
5101	281.96
5102	282.01
5103	282.01
5104	281.99
5105	281.86
5106	281.88
5107	282.01
5108	282.07
5109	282.07
5110	282.09
5111	282.13
5112	282.11
5113	282.11
5114	282.22
5115	282.28
5116	282.32
5117	282.36
5118	282.26
5119	282.3
5120	282.36
5121	282.28
5122	282.17
5123	282.17
5124	282.17
5125	282.17
5126	282.28
5127	282.28
5128	282.22
5129	282.15
5130	282.17
5131	282.17
5132	282.07
5133	282.2
5134	282.2
5135	282.24
5136	282.24
5137	282.24
5138	282.24
5139	282.22
5140	282.13
5141	282.09
5142	282.15
5143	282.03
5144	282.17
5145	282.11
5146	282.22
5147	282.28
5148	282.34
5149	282.4
5150	282.47
5151	282.43
5152	282.38
5153	282.45
5154	282.4
5155	282.34
5156	282.28
5157	282.26
5158	282.26
5159	282.22
5160	282.24
5161	282.07
5162	282.07
5163	282.07
5164	282.07
5165	282.07
5166	282.09
5167	282.2
5168	282.24
5169	282.2
5170	282.2
5171	282.17
5172	282.11
5173	282.09
5174	282.11
5175	282.15
5176	282.17
5177	282.28
5178	282.38
5179	282.4
5180	282.26
5181	282.09
5182	282.2
5183	282.22
5184	282.26
5185	282.32
5186	282.34
5187	282.36
5188	282.36
5189	282.28
5190	282.26
5191	282.26
5192	282.17
5193	282.22
5194	282.34
5195	282.34
5196	282.4
5197	282.49
5198	282.45
5199	282.43
5200	282.36
5201	282.26
5202	282.26
5203	282.24
5204	282.13
5205	282.22
5206	282.13
5207	282.2
5208	282.22
5209	282.22
5210	282.22
5211	282.3
5212	282.24
5213	282.2
5214	282.22
5215	282.3
5216	282.34
5217	282.38
5218	282.36
5219	282.43
5220	282.4
5221	282.28
5222	282.24
5223	282.2
5224	282.38
5225	282.45
5226	282.47
5227	282.36
5228	282.38
5229	282.3
5230	282.22
5231	282.11
5232	282.07
5233	282.05
5234	282.05
5235	281.9
5236	281.96
5237	281.99
5238	282.11
5239	282.17
5240	282.17
5241	282.17
5242	282.17
5243	282.15
5244	282.24
5245	282.17
5246	282.11
5247	282.22
5248	282.26
5249	282.26
5250	282.09
5251	282.05
5252	282.07
5253	282.17
5254	282.24
5255	282.3
5256	282.36
5257	282.34
5258	282.34
5259	282.17
5260	282.17
5261	282.2
5262	282.24
5263	282.3
5264	282.17
5265	282.11
5266	282.11
5267	282.05
5268	282.03
5269	282.09
5270	282.2
5271	282.15
5272	282.15
5273	282.15
5274	282.2
5275	282.13
5276	282.17
5277	282.13
5278	282.15
5279	282.09
5280	282.09
5281	282.24
5282	282.34
5283	282.4
5284	282.38
5285	282.34
5286	282.36
5287	282.4
5288	282.36
5289	282.36
5290	282.38
5291	282.28
5292	282.3
5293	282.43
5294	282.36
5295	282.36
5296	282.32
5297	282.34
5298	282.32
5299	282.28
5300	282.2
5301	282.13
5302	282.01
5303	281.94
5304	282.01
5305	282.01
5306	282.4
5307	282.38
5308	282.38
5309	282.38
5310	282.38
5311	282.4
5312	282.4
5313	282.26
5314	282.11
5315	282.26
5316	282.4
5317	282.59
5318	282.76
5319	282.76
5320	282.72
5321	282.7
5322	282.59
5323	282.47
5324	282.51
5325	282.53
5326	282.51
5327	282.78
5328	282.97
5329	282.97
5330	282.97
5331	282.97
5332	282.93
5333	282.86
5334	282.86
5335	282.76
5336	282.66
5337	282.63
5338	282.61
5339	282.57
5340	282.51
5341	282.49
5342	282.38
5343	282.38
5344	282.38
5345	282.82
5346	282.76
5347	282.66
5348	282.72
5349	282.86
5350	282.78
5351	282.78
5352	282.82
5353	282.89
5354	282.89
5355	282.78
5356	282.57
5357	282.61
5358	282.66
5359	282.84
5360	282.8
5361	282.7
5362	282.76
5363	282.8
5364	282.82
5365	282.86
5366	282.7
5367	282.78
5368	282.91
5369	282.91
5370	282.78
5371	282.76
5372	282.66
5373	282.68
5374	282.78
5375	282.72
5376	282.72
5377	282.74
5378	282.86
5379	282.99
5380	283.07
5381	283.03
5382	282.74
5383	282.74
5384	282.63
5385	282.68
5386	282.78
5387	282.76
5388	282.74
5389	282.59
5390	282.59
5391	282.68
5392	282.78
5393	282.95
5394	282.99
5395	282.89
5396	282.91
5397	282.82
5398	282.76
5399	282.84
5400	282.76
5401	282.55
5402	282.53
5403	282.53
5404	282.57
5405	282.59
5406	282.7
5407	282.93
5408	282.95
5409	282.84
5410	282.8
5411	282.82
5412	282.68
5413	282.74
5414	282.63
5415	282.63
5416	282.66
5417	282.7
5418	282.78
5419	282.72
5420	282.82
5421	282.93
5422	282.93
5423	282.8
5424	282.68
5425	282.63
5426	282.55
5427	282.59
5428	282.68
5429	282.72
5430	282.84
5431	282.78
5432	282.76
5433	282.84
5434	282.89
5435	282.86
5436	282.8
5437	282.74
5438	282.76
5439	282.78
5440	282.74
5441	282.66
5442	282.66
5443	282.76
5444	282.63
5445	282.59
5446	282.53
5447	282.53
5448	282.84
5449	282.84
5450	282.89
5451	282.91
5452	282.78
5453	282.68
5454	282.68
5455	282.74
5456	282.7
5457	282.7
5458	282.76
5459	282.78
5460	282.72
5461	282.72
5462	282.78
5463	282.7
5464	282.76
5465	282.8
5466	282.82
5467	282.8
5468	282.76
5469	282.91
5470	282.89
5471	282.82
5472	282.82
5473	282.82
5474	282.89
5475	282.93
5476	283.07
5477	283.07
5478	283.09
5479	283.09
5480	282.97
5481	282.74
5482	282.72
5483	282.59
5484	282.49
5485	282.53
5486	282.53
5487	282.59
5488	282.63
5489	282.55
5490	282.63
5491	282.68
5492	282.7
5493	282.7
5494	282.66
5495	282.47
5496	282.36
5497	282.22
5498	281.88
5499	281.76
5500	281.57
5501	280.86
5502	280.48
5503	280.33
5504	280.23
5505	280.21
5506	280.15
5507	280.06
5508	280
5509	280.04
5510	280.12
5511	280.21
5512	280.23
5513	280.21
5514	280.25
5515	280.38
5516	280.56
5517	280.73
5518	280.73
5519	280.73
5520	280.69
5521	280.69
5522	280.79
5523	280.9
5524	280.98
5525	280.98
5526	280.92
5527	280.94
5528	280.98
5529	280.96
5530	281.09
5531	281.25
5532	281.25
5533	281.36
5534	281.34
5535	281.4
5536	281.48
5537	281.59
5538	281.61
5539	281.61
5540	281.59
5541	281.61
5542	281.57
5543	281.65
5544	281.67
5545	281.71
5546	281.69
5547	281.8
5548	281.76
5549	281.69
5550	281.78
5551	281.8
5552	281.84
5553	281.86
5554	281.8
5555	281.78
5556	281.76
5557	281.76
5558	281.88
5559	281.88
5560	281.92
5561	281.94
5562	281.88
5563	281.69
5564	281.69
5565	281.8
5566	281.86
5567	281.84
5568	281.84
5569	281.73
5570	281.78
5571	281.86
5572	281.8
5573	281.84
5574	281.8
5575	281.94
5576	281.9
5577	281.86
5578	281.73
5579	281.73
5580	281.86
5581	281.86
5582	281.86
5583	281.94
5584	281.86
5585	281.8
5586	281.67
5587	281.63
5588	281.73
5589	281.76
5590	281.71
5591	281.76
5592	281.92
5593	281.86
5594	281.9
5595	281.9
5596	281.9
5597	281.96
5598	281.96
5599	281.99
5600	281.92
5601	281.94
5602	281.94
5603	281.94
5604	282.03
5605	281.96
5606	282.03
5607	282.01
5608	281.9
5609	281.88
5610	281.96
5611	282.05
5612	282.07
5613	282.03
5614	282.07
5615	281.99
5616	282.01
5617	282.03
5618	281.99
5619	282.01
5620	281.99
5621	282.01
5622	282.11
5623	282.05
5624	281.92
5625	281.94
5626	281.94
5627	282.11
5628	282.11
5629	282.07
5630	282.03
5631	281.99
5632	281.99
5633	282.11
5634	282.07
5635	282.07
5636	281.96
5637	281.9
5638	281.92
5639	282.01
5640	282.03
5641	282.05
5642	282.13
5643	282.03
5644	282.03
5645	282.15
5646	282.22
5647	282.2
5648	282.32
5649	282.15
5650	282.05
5651	282.03
5652	281.94
5653	281.92
5654	281.94
5655	282.07
5656	282.11
5657	282.17
5658	282.03
5659	282.07
5660	282.09
5661	282.07
5662	282.07
5663	282.01
5664	282.05
5665	282.13
5666	282.28
5667	282.28
5668	282.2
5669	282.2
5670	282.15
5671	282.22
5672	282.22
5673	282.17
5674	282.17
5675	282.09
5676	282.17
5677	282.07
5678	282.09
5679	282.07
5680	282.09
5681	282.03
5682	282.07
5683	282.09
5684	282.2
5685	282.07
5686	282.03
5687	281.99
5688	281.96
5689	282.05
5690	282.01
5691	281.9
5692	281.82
5693	281.8
5694	281.84
5695	281.92
5696	281.86
5697	282.01
5698	282.01
5699	282.01
5700	281.99
5701	281.92
5702	281.88
5703	282.07
5704	282.05
5705	282.11
5706	282.11
5707	282.09
5708	282.13
5709	282.15
5710	282.2
5711	282.24
5712	282.11
5713	282.11
5714	281.94
5715	281.92
5716	281.86
5717	281.94
5718	281.99
5719	282.11
5720	282.13
5721	282.07
5722	282.09
5723	282.05
5724	281.92
5725	281.86
5726	281.82
5727	281.76
5728	281.82
5729	281.86
5730	281.8
5731	281.69
5732	281.67
5733	281.9
5734	281.99
5735	282.01
5736	281.96
5737	281.96
5738	281.96
5739	281.94
5740	282.03
5741	281.99
5742	282.07
5743	282.03
5744	281.99
5745	281.99
5746	282.03
5747	281.9
5748	281.9
5749	281.92
5750	282.05
5751	282.09
5752	282.09
5753	281.99
5754	281.99
5755	282.01
5756	282.07
5757	282.07
5758	282.13
5759	282.17
5760	282.13
5761	282.13
5762	282.15
5763	282.2
5764	282.2
5765	282.07
5766	282.01
5767	282.03
5768	282.05
5769	282.01
5770	282.01
5771	281.9
5772	281.82
5773	281.71
5774	281.67
5775	281.88
5776	282.05
5777	282.05
5778	282.15
5779	282.17
5780	282.15
5781	282.15
5782	282.17
5783	282.3
5784	282.3
5785	282.26
5786	282.3
5787	282.36
5788	282.53
5789	282.57
5790	282.63
5791	282.61
5792	282.51
5793	282.49
5794	282.53
5795	282.66
5796	282.76
5797	282.78
5798	282.82
5799	282.61
5800	282.55
5801	282.55
5802	282.49
5803	282.53
5804	282.61
5805	282.66
5806	282.59
5807	282.59
5808	282.59
5809	282.59
5810	282.45
5811	282.61
5812	282.53
5813	282.63
5814	282.72
5815	282.7
5816	282.7
5817	282.47
5818	282.36
5819	282.34
5820	282.49
5821	282.57
5822	282.59
5823	282.53
5824	282.53
5825	282.72
5826	282.84
5827	282.91
5828	282.91
5829	282.89
5830	282.82
5831	282.61
5832	282.61
5833	282.55
5834	282.59
5835	282.59
5836	282.57
5837	282.57
5838	282.57
5839	282.55
5840	282.32
5841	282.32
5842	282.53
5843	282.53
5844	282.63
5845	282.51
5846	282.61
5847	282.68
5848	282.68
5849	282.43
5850	282.43
5851	282.49
5852	282.66
5853	282.8
5854	282.78
5855	282.78
5856	282.97
5857	283.01
5858	282.97
5859	282.89
5860	282.84
5861	282.74
5862	282.74
5863	282.76
5864	282.68
5865	282.53
5866	282.57
5867	282.59
5868	282.55
5869	282.61
5870	282.61
5871	282.7
5872	282.72
5873	282.74
5874	282.76
5875	282.72
5876	282.68
5877	282.72
5878	282.8
5879	282.72
5880	282.72
5881	282.7
5882	282.68
5883	282.72
5884	282.66
5885	282.68
5886	282.7
5887	282.7
5888	282.63
5889	282.59
5890	282.57
5891	282.45
5892	282.53
5893	282.74
5894	282.74
5895	282.78
5896	282.68
5897	282.57
5898	282.45
5899	282.57
5900	282.68
5901	282.72
5902	282.84
5903	282.84
5904	282.89
5905	282.8
5906	282.63
5907	282.57
5908	282.51
5909	282.32
5910	282.17
5911	282.2
5912	282.3
5913	282.38
5914	282.68
5915	282.66
5916	282.7
5917	282.63
5918	282.59
5919	282.59
5920	282.7
5921	282.74
5922	282.7
5923	282.47
5924	282.53
5925	282.7
5926	282.7
5927	282.84
5928	282.89
5929	282.84
5930	282.76
5931	282.61
5932	282.53
5933	282.57
5934	282.45
5935	282.45
5936	282.34
5937	282.38
5938	282.45
5939	282.43
5940	282.51
5941	282.7
5942	282.72
5943	282.76
5944	282.66
5945	282.61
5946	282.66
5947	282.72
5948	282.74
5949	282.7
5950	282.61
5951	282.61
5952	282.45
5953	282.57
5954	282.53
5955	282.43
5956	282.55
5957	282.63
5958	282.63
5959	282.51
5960	282.47
5961	282.51
5962	282.51
5963	282.59
5964	282.59
5965	282.59
5966	282.63
5967	282.57
5968	282.55
5969	282.36
5970	282.15
5971	282.01
5972	281.9
5973	281.34
5974	281.11
5975	280.88
5976	280.61
5977	280.46
5978	280.17
5979	280.02
5980	279.69
5981	279.66
5982	279.89
5983	280.04
5984	280.08
5985	280.12
5986	280.21
5987	280.31
5988	280.38
5989	280.46
5990	280.46
5991	280.79
5992	280.81
5993	280.84
5994	280.88
5995	281
5996	280.94
5997	280.94
5998	280.9
5999	280.92
6000	280.94
6001	281.02
6002	281.13
6003	281.04
6004	281.13
6005	281.17
6006	281
6007	281.09
6008	281.11
6009	281.15
6010	281.27
6011	281.34
6012	281.48
6013	281.53
6014	281.57
6015	281.61
6016	281.65
6017	281.63
6018	281.57
6019	281.67
6020	281.67
6021	281.67
6022	281.67
6023	281.63
6024	281.59
6025	281.71
6026	281.76
6027	281.8
6028	281.78
6029	281.78
6030	281.73
6031	281.8
6032	281.92
6033	281.94
6034	282.05
6035	281.96
6036	281.96
6037	281.86
6038	281.69
6039	281.65
6040	281.55
6041	281.53
6042	281.48
6043	281.55
6044	281.65
6045	281.69
6046	281.73
6047	281.69
6048	281.67
6049	281.73
6050	281.73
6051	281.73
6052	281.82
6053	281.94
6054	281.92
6055	281.88
6056	281.8
6057	281.84
6058	281.88
6059	281.9
6060	281.92
6061	281.92
6062	281.9
6063	281.86
6064	281.76
6065	281.8
6066	281.86
6067	281.86
6068	281.86
6069	281.94
6070	281.8
6071	281.76
6072	281.76
6073	281.61
6074	281.57
6075	281.53
6076	281.57
6077	281.63
6078	281.73
6079	281.73
6080	281.9
6081	281.84
6082	281.84
6083	281.8
6084	281.84
6085	281.92
6086	281.94
6087	281.86
6088	281.99
6089	281.94
6090	281.9
6091	281.92
6092	281.86
6093	281.99
6094	282.07
6095	281.96
6096	281.9
6097	281.88
6098	281.8
6099	281.67
6100	281.67
6101	281.78
6102	281.67
6103	281.65
6104	281.67
6105	281.69
6106	281.67
6107	281.67
6108	281.67
6109	281.76
6110	281.82
6111	281.82
6112	281.99
6113	281.92
6114	281.96
6115	281.94
6116	281.94
6117	281.92
6118	281.9
6119	282.09
6120	282.01
6121	281.99
6122	282.05
6123	282.07
6124	282.05
6125	282.11
6126	282.11
6127	282.05
6128	281.99
6129	281.92
6130	281.94
6131	281.99
6132	281.99
6133	281.9
6134	281.9
6135	281.86
6136	281.99
6137	282.05
6138	282.01
6139	282.01
6140	282.09
6141	282.03
6142	282.09
6143	281.96
6144	281.88
6145	281.84
6146	281.84
6147	282.05
6148	282.11
6149	282.05
6150	281.94
6151	281.99
6152	282.07
6153	282.03
6154	282.03
6155	281.99
6156	281.94
6157	281.88
6158	281.9
6159	281.78
6160	281.82
6161	281.99
6162	282.09
6163	282.07
6164	282.03
6165	281.99
6166	281.84
6167	281.86
6168	281.9
6169	282.09
6170	282.07
6171	282.07
6172	281.84
6173	281.88
6174	281.9
6175	282.13
6176	282.03
6177	281.88
6178	281.88
6179	281.96
6180	281.9
6181	281.92
6182	281.92
6183	281.84
6184	281.94
6185	281.94
6186	281.92
6187	281.96
6188	281.82
6189	281.92
6190	281.92
6191	281.9
6192	281.92
6193	281.9
6194	281.92
6195	281.86
6196	281.88
6197	281.86
6198	281.9
6199	281.94
6200	281.99
6201	281.99
6202	281.96
6203	281.96
6204	281.9
6205	281.94
6206	281.96
6207	281.99
6208	282.05
6209	282.22
6210	282.22
6211	282.2
6212	282.24
6213	282.15
6214	282.01
6215	281.9
6216	281.94
6217	281.94
6218	282.13
6219	282.22
6220	282.2
6221	282.15
6222	282.17
6223	282.09
6224	282.15
6225	282.03
6226	282.11
6227	282.01
6228	282.13
6229	282.09
6230	282.03
6231	282.01
6232	281.96
6233	281.96
6234	281.84
6235	281.9
6236	281.9
6237	281.9
6238	281.96
6239	281.84
6240	281.82
6241	281.92
6242	281.92
6243	282.03
6244	282.03
6245	282.09
6246	282.05
6247	281.96
6248	281.82
6249	281.82
6250	281.73
6251	281.84
6252	282.01
6253	282.22
6254	282.05
6255	282.03
6256	282.11
6257	282.34
6258	282.55
6259	282.51
6260	282.57
6261	282.49
6262	282.51
6263	282.49
6264	282.72
6265	282.7
6266	282.72
6267	282.59
6268	282.53
6269	282.55
6270	282.57
6271	282.59
6272	282.55
6273	282.59
6274	282.59
6275	282.84
6276	282.93
6277	282.99
6278	282.7
6279	282.59
6280	282.45
6281	282.45
6282	282.55
6283	282.72
6284	282.68
6285	282.63
6286	282.78
6287	282.66
6288	282.66
6289	282.68
6290	282.82
6291	282.82
6292	282.8
6293	282.97
6294	283.01
6295	282.99
6296	282.97
6297	283.03
6298	282.93
6299	282.82
6300	282.82
6301	282.86
6302	282.86
6303	282.86
6304	282.86
6305	282.89
6306	282.76
6307	282.76
6308	282.8
6309	282.8
6310	282.78
6311	282.66
6312	282.66
6313	282.66
6314	282.74
6315	282.66
6316	282.61
6317	282.82
6318	282.91
6319	282.8
6320	282.8
6321	282.76
6322	282.82
6323	282.76
6324	282.8
6325	282.84
6326	282.91
6327	282.93
6328	282.78
6329	282.82
6330	282.89
6331	282.95
6332	282.99
6333	283.07
6334	283.01
6335	282.84
6336	282.84
6337	282.76
6338	282.63
6339	282.61
6340	282.63
6341	282.74
6342	282.99
6343	282.97
6344	282.89
6345	282.76
6346	282.86
6347	282.93
6348	282.97
6349	283.24
6350	283.14
6351	283.07
6352	283.07
6353	283.03
6354	282.99
6355	283.03
6356	282.93
6357	282.93
6358	283.09
6359	283.09
6360	283.41
6361	283.43
6362	283.37
6363	283.22
6364	283.07
6365	283.03
6366	282.99
6367	283.09
6368	283.05
6369	282.95
6370	282.86
6371	282.97
6372	283.03
6373	282.97
6374	282.93
6375	282.95
6376	282.93
6377	283.07
6378	283.05
6379	282.99
6380	283.03
6381	282.97
6382	282.84
6383	282.74
6384	282.74
6385	282.84
6386	283.05
6387	283.16
6388	283.16
6389	283.07
6390	283.12
6391	283.12
6392	282.97
6393	282.86
6394	282.91
6395	282.89
6396	282.78
6397	282.8
6398	282.8
6399	282.86
6400	282.86
6401	282.89
6402	283.01
6403	282.95
6404	282.91
6405	282.84
6406	282.84
6407	282.91
6408	282.89
6409	282.78
6410	282.78
6411	282.68
6412	282.51
6413	282.7
6414	282.95
6415	283.05
6416	283.01
6417	282.93
6418	282.8
6419	282.91
6420	282.93
6421	282.93
6422	282.7
6423	282.7
6424	282.74
6425	282.91
6426	282.8
6427	282.63
6428	282.51
6429	282.63
6430	282.63
6431	282.59
6432	282.66
6433	282.74
6434	282.72
6435	282.7
6436	282.66
6437	282.59
6438	282.53
6439	282.4
6440	282.38
6441	282.43
6442	282.34
6443	282.3
6444	282.24
6445	281.71
6446	281.59
6447	281.23
6448	280.84
6449	280.75
6450	280.5
6451	280.44
6452	280.29
6453	280.38
6454	280.42
6455	280.42
6456	280.42
6457	280.44
6458	280.48
6459	280.48
6460	280.46
6461	280.58
6462	280.58
6463	281.07
6464	281
6465	281.09
6466	281.25
6467	281.25
6468	281.32
6469	281.32
6470	281.27
6471	281.23
6472	281.23
6473	281.36
6474	281.36
6475	281.38
6476	281.38
6477	281.42
6478	281.42
6479	281.48
6480	281.42
6481	281.42
6482	281.61
6483	281.59
6484	281.5
6485	281.55
6486	281.48
6487	281.4
6488	281.34
6489	281.44
6490	281.61
6491	281.5
6492	281.53
6493	281.63
6494	281.63
6495	281.78
6496	281.88
6497	281.88
6498	281.92
6499	281.88
6500	281.78
6501	281.78
6502	281.76
6503	281.69
6504	281.76
6505	281.82
6506	281.78
6507	281.76
6508	281.8
6509	281.82
6510	281.8
6511	281.78
6512	281.82
6513	281.86
6514	281.78
6515	281.78
6516	281.73
6517	281.71
6518	281.71
6519	281.8
6520	281.82
6521	281.76
6522	281.73
6523	281.78
6524	281.78
6525	281.76
6526	281.76
6527	281.78
6528	281.84
6529	281.88
6530	281.84
6531	281.88
6532	281.8
6533	281.8
6534	281.69
6535	281.71
6536	281.84
6537	281.86
6538	281.94
6539	282.09
6540	282.09
6541	281.82
6542	281.76
6543	281.82
6544	281.82
6545	281.86
6546	281.82
6547	281.8
6548	281.67
6549	281.71
6550	281.78
6551	281.86
6552	281.88
6553	281.88
6554	281.82
6555	281.76
6556	281.73
6557	281.8
6558	281.88
6559	281.92
6560	282.05
6561	282.01
6562	282.05
6563	282.07
6564	282.03
6565	282.03
6566	282.01
6567	282.09
6568	282.11
6569	282.13
6570	282.05
6571	281.92
6572	281.92
6573	281.92
6574	281.96
6575	281.96
6576	282.03
6577	282.11
6578	282.13
6579	282.13
6580	282.13
6581	281.99
6582	282.03
6583	282.03
6584	281.99
6585	281.94
6586	281.9
6587	281.99
6588	282.01
6589	282.05
6590	282.09
6591	282.07
6592	282.05
6593	282.07
6594	282.01
6595	282.07
6596	282.26
6597	282.28
6598	282.22
6599	282.05
6600	282.09
6601	282.05
6602	281.94
6603	282.05
6604	282.05
6605	281.99
6606	281.88
6607	281.84
6608	281.82
6609	281.78
6610	281.69
6611	281.69
6612	281.82
6613	281.92
6614	281.96
6615	281.92
6616	281.9
6617	281.86
6618	281.84
6619	281.73
6620	281.8
6621	281.69
6622	281.82
6623	281.88
6624	281.88
6625	281.96
6626	282.07
6627	282.01
6628	281.9
6629	281.94
6630	282.01
6631	281.99
6632	282.01
6633	282.2
6634	282.26
6635	282.13
6636	282.13
6637	282.11
6638	282.07
6639	282.07
6640	282.09
6641	282.17
6642	282.2
6643	282.2
6644	282.05
6645	282.03
6646	281.92
6647	282.01
6648	282.05
6649	282.09
6650	282.09
6651	281.88
6652	281.94
6653	281.88
6654	281.84
6655	281.9
6656	282.05
6657	282.01
6658	282.15
6659	282.05
6660	281.96
6661	282.01
6662	282.01
6663	282.05
6664	282.03
6665	281.94
6666	281.84
6667	281.88
6668	281.86
6669	281.84
6670	281.96
6671	281.96
6672	281.88
6673	281.86
6674	281.92
6675	281.92
6676	282.01
6677	281.99
6678	281.94
6679	282.07
6680	282.22
6681	282.22
6682	282.22
6683	282.17
6684	282.13
6685	282.07
6686	282.03
6687	282.07
6688	282.2
6689	282.2
6690	282.03
6691	281.99
6692	281.94
6693	281.92
6694	281.92
6695	281.99
6696	282.05
6697	282.01
6698	282.07
6699	282.07
6700	282.09
6701	282.03
6702	282.09
6703	281.99
6704	281.99
6705	282.07
6706	282.03
6707	282.03
6708	282.05
6709	281.9
6710	281.9
6711	281.94
6712	282.03
6713	282.03
6714	282.03
6715	282.22
6716	282.2
6717	282.15
6718	282.17
6719	282.11
6720	282.11
6721	282.11
6722	282.17
6723	282.09
6724	282.11
6725	282.28
6726	282.43
6727	282.34
6728	282.2
6729	282.24
6730	282.3
6731	282.24
6732	282.15
6733	282.11
6734	282.15
6735	282.17
6736	282.43
6737	282.43
6738	282.32
6739	282.38
6740	282.47
6741	282.53
6742	282.66
6743	282.63
6744	282.55
6745	282.59
6746	282.59
6747	282.66
6748	282.7
6749	282.63
6750	282.7
6751	282.55
6752	282.51
6753	282.51
6754	282.72
6755	282.74
6756	282.74
6757	282.63
6758	282.61
6759	282.59
6760	282.57
6761	282.45
6762	282.43
6763	282.43
6764	282.57
6765	282.66
6766	282.68
6767	282.8
6768	282.82
6769	282.74
6770	282.53
6771	282.59
6772	282.63
6773	282.72
6774	282.78
6775	282.57
6776	282.47
6777	282.51
6778	282.51
6779	282.45
6780	282.36
6781	282.38
6782	282.55
6783	282.55
6784	282.57
6785	282.57
6786	282.36
6787	282.43
6788	282.43
6789	282.55
6790	282.59
6791	282.66
6792	282.66
6793	282.86
6794	282.78
6795	282.82
6796	282.74
6797	282.68
6798	282.57
6799	282.49
6800	282.55
6801	282.68
6802	282.78
6803	282.78
6804	282.82
6805	282.66
6806	282.7
6807	282.72
6808	282.72
6809	282.61
6810	282.45
6811	282.45
6812	282.38
6813	282.43
6814	282.59
6815	282.7
6816	282.7
6817	282.7
6818	282.72
6819	282.7
6820	282.61
6821	282.4
6822	282.3
6823	282.38
6824	282.38
6825	282.76
6826	282.86
6827	282.91
6828	282.84
6829	282.68
6830	282.78
6831	282.78
6832	282.72
6833	282.72
6834	282.72
6835	282.7
6836	282.74
6837	282.78
6838	282.76
6839	282.61
6840	282.55
6841	282.59
6842	282.53
6843	282.47
6844	282.66
6845	282.72
6846	282.68
6847	282.55
6848	282.72
6849	282.84
6850	282.86
6851	282.84
6852	282.93
6853	283.03
6854	283.01
6855	282.95
6856	282.95
6857	282.91
6858	282.93
6859	282.93
6860	282.86
6861	282.84
6862	282.95
6863	282.95
6864	282.97
6865	282.86
6866	282.74
6867	282.78
6868	282.72
6869	282.66
6870	282.55
6871	282.63
6872	282.66
6873	282.76
6874	282.82
6875	282.78
6876	282.76
6877	282.8
6878	282.86
6879	282.91
6880	282.95
6881	283.05
6882	283.05
6883	283.12
6884	283.01
6885	282.84
6886	282.74
6887	282.74
6888	282.74
6889	282.95
6890	282.93
6891	282.95
6892	282.99
6893	282.91
6894	282.82
6895	282.82
6896	282.53
6897	282.45
6898	282.45
6899	282.59
6900	282.66
6901	282.49
6902	282.49
6903	282.66
6904	282.7
6905	282.72
6906	282.66
6907	282.68
6908	282.63
6909	282.59
6910	282.57
6911	282.61
6912	282.63
6913	282.66
6914	282.74
6915	282.63
6916	282.55
6917	282.28
6918	282.01
6919	281.61
6920	281.15
6921	281.07
6922	280.75
6923	280.56
6924	280.27
6925	280.21
6926	280.04
6927	280.04
6928	280.12
6929	280.29
6930	280.4
6931	280.52
6932	280.5
6933	280.5
6934	280.5
6935	280.38
6936	280.46
6937	280.58
6938	280.63
6939	280.79
6940	280.79
6941	280.9
6942	281.15
6943	281.09
6944	281.07
6945	281.11
6946	281.21
6947	281.13
6948	281.27
6949	281.3
6950	281.3
6951	281.3
6952	281.36
6953	281.42
6954	281.57
6955	281.59
6956	281.59
6957	281.57
6958	281.63
6959	281.63
6960	281.67
6961	281.67
6962	281.65
6963	281.73
6964	281.69
6965	281.73
6966	281.73
6967	281.92
6968	281.92
6969	281.86
6970	281.73
6971	281.76
6972	281.73
6973	281.73
6974	281.73
6975	281.69
6976	281.67
6977	281.76
6978	281.96
6979	281.88
6980	281.88
6981	281.9
6982	281.92
6983	281.92
6984	281.84
6985	281.86
6986	281.9
6987	281.9
6988	282.26
6989	282.28
6990	282.2
6991	282.13
6992	282.22
6993	282.11
6994	282.11
6995	282.09
6996	281.99
6997	281.86
6998	281.86
6999	281.71
7000	281.78
7001	281.82
7002	281.9
7003	281.96
7004	282.03
7005	282.03
7006	282.03
7007	282.01
7008	281.99
7009	282.09
7010	281.92
7011	281.9
7012	281.99
7013	281.96
7014	281.88
7015	281.88
7016	281.88
7017	281.88
7018	281.84
7019	281.8
7020	281.84
7021	281.94
7022	281.88
7023	281.9
7024	281.99
7025	282.03
7026	281.99
7027	282.03
7028	281.99
7029	281.94
7030	281.94
7031	282.01
7032	282.22
7033	282.22
7034	282.2
7035	282.13
7036	282.17
7037	282.17
7038	282.22
7039	282.07
7040	282.07
7041	282.01
7042	282.17
7043	282.22
7044	282.22
7045	282.26
7046	282.2
7047	282.13
7048	282.03
7049	282.01
7050	282.09
7051	282.09
7052	282.11
7053	282.07
7054	282.17
7055	282.22
7056	282.2
7057	282.24
7058	282.24
7059	282.24
7060	282.15
7061	282.01
7062	282.01
7063	281.99
7064	281.92
7065	281.99
7066	281.99
7067	282.01
7068	282.03
7069	282.03
7070	282.13
7071	282.09
7072	282.03
7073	281.92
7074	281.84
7075	281.88
7076	281.88
7077	281.99
7078	281.92
7079	281.96
7080	281.99
7081	281.92
7082	281.84
7083	281.88
7084	281.84
7085	282.01
7086	282.13
7087	282.15
7088	282.2
7089	282.15
7090	282.09
7091	282.09
7092	282.09
7093	282.05
7094	281.94
7095	281.94
7096	281.99
7097	282.05
7098	282.13
7099	282.15
7100	282.15
7101	282.11
7102	282.09
7103	282.07
7104	282.05
7105	281.94
7106	281.99
7107	282.03
7108	282.03
7109	282.01
7110	281.92
7111	281.92
7112	281.88
7113	281.9
7114	282.01
7115	282.01
7116	282.09
7117	282.01
7118	282.05
7119	282.17
7120	282.13
7121	282.22
7122	282.07
7123	282.22
7124	282.24
7125	282.17
7126	282.15
7127	282.11
7128	282.17
7129	282.22
7130	282.17
7131	282.13
7132	282.15
7133	282.15
7134	282.2
7135	282.03
7136	281.96
7137	282.01
7138	282.03
7139	282.07
7140	282.07
7141	282.11
7142	282.13
7143	282.09
7144	282.09
7145	282.01
7146	282.13
7147	282.13
7148	282.01
7149	282.07
7150	282.03
7151	281.96
7152	281.99
7153	281.96
7154	281.96
7155	282.09
7156	282.32
7157	282.36
7158	282.34
7159	282.34
7160	282.22
7161	282.26
7162	282.28
7163	282.2
7164	282.26
7165	282.2
7166	282.13
7167	282.09
7168	282.13
7169	282.07
7170	282.13
7171	282.13
7172	281.96
7173	281.96
7174	282.15
7175	282.09
7176	282.2
7177	282.24
7178	282.22
7179	282.22
7180	282.26
7181	282.24
7182	282.24
7183	282.15
7184	282.22
7185	282.26
7186	282.26
7187	282.26
7188	282.26
7189	282.15
7190	282.11
7191	282.01
7192	282.11
7193	282.03
7194	282.2
7195	282.24
7196	282.22
7197	282.09
7198	282.22
7199	282.3
7200	282.28
7201	282.26
7202	282.28
7203	282.26
7204	282.34
7205	282.32
7206	282.26
7207	282.24
7208	282.36
7209	282.43
7210	282.51
7211	282.51
7212	282.68
7213	282.61
7214	282.53
7215	282.53
7216	282.4
7217	282.47
7218	282.47
7219	282.49
7220	282.49
7221	282.59
7222	282.63
7223	282.7
7224	282.47
7225	282.47
7226	282.51
7227	282.51
7228	282.51
7229	282.61
7230	282.68
7231	282.68
7232	282.66
7233	282.59
7234	282.66
7235	282.7
7236	282.68
7237	282.63
7238	282.61
7239	282.57
7240	282.53
7241	282.47
7242	282.4
7243	282.45
7244	282.59
7245	282.68
7246	282.66
7247	282.53
7248	282.63
7249	282.76
7250	282.76
7251	282.57
7252	282.45
7253	282.53
7254	282.38
7255	282.32
7256	282.47
7257	282.47
7258	282.68
7259	282.63
7260	282.63
7261	282.59
7262	282.66
7263	282.68
7264	282.55
7265	282.61
7266	282.66
7267	282.53
7268	282.47
7269	282.51
7270	282.49
7271	282.47
7272	282.45
7273	282.4
7274	282.55
7275	282.74
7276	282.74
7277	282.89
7278	282.95
7279	282.89
7280	282.82
7281	282.74
7282	282.74
7283	282.57
7284	282.49
7285	282.47
7286	282.57
7287	282.36
7288	282.43
7289	282.43
7290	282.55
7291	282.63
7292	282.68
7293	282.7
7294	282.63
7295	282.72
7296	282.72
7297	282.72
7298	282.84
7299	282.82
7300	282.63
7301	282.72
7302	282.74
7303	282.8
7304	282.78
7305	282.8
7306	282.74
7307	282.63
7308	282.61
7309	282.76
7310	282.74
7311	282.8
7312	282.74
7313	282.59
7314	282.72
7315	282.74
7316	282.66
7317	282.66
7318	282.74
7319	282.82
7320	282.89
7321	282.89
7322	282.91
7323	282.82
7324	282.95
7325	282.84
7326	282.8
7327	282.74
7328	282.74
7329	282.89
7330	282.78
7331	282.7
7332	282.51
7333	282.61
7334	282.66
7335	282.68
7336	282.66
7337	282.76
7338	282.8
7339	282.82
7340	282.8
7341	282.78
7342	282.72
7343	282.63
7344	282.8
7345	282.78
7346	282.68
7347	282.66
7348	282.63
7349	282.55
7350	282.51
7351	282.51
7352	282.57
7353	282.57
7354	282.55
7355	282.7
7356	282.72
7357	282.63
7358	282.72
7359	282.72
7360	282.72
7361	282.76
7362	282.84
7363	282.78
7364	282.61
7365	282.76
7366	282.68
7367	282.68
7368	282.7
7369	282.61
7370	282.55
7371	282.55
7372	282.51
7373	282.51
7374	282.49
7375	282.36
7376	282.32
7377	282.4
7378	282.49
7379	282.49
7380	282.51
7381	282.53
7382	282.51
7383	282.51
7384	282.59
7385	282.59
7386	282.59
7387	282.68
7388	282.68
7389	282.51
7390	282.3
7391	282.09
7392	282.09
7393	281.57
7394	281.11
7395	281.04
7396	280.71
7397	280.4
7398	280.12
7399	280.12
7400	280.02
7401	280.15
7402	280.25
7403	280.4
7404	280.4
7405	280.33
7406	280.46
7407	280.58
7408	280.67
7409	280.71
7410	280.9
7411	281.04
7412	281.09
7413	281.13
7414	281.27
7415	281.21
7416	281.23
7417	281.23
7418	281.21
7419	281.21
7420	281.27
7421	281.27
7422	281.3
7423	281.34
7424	281.36
7425	281.38
7426	281.34
7427	281.38
7428	281.53
7429	281.61
7430	281.63
7431	281.63
7432	281.5
7433	281.53
7434	281.53
7435	281.73
7436	281.84
7437	281.67
7438	281.67
7439	281.59
7440	281.61
7441	281.76
7442	282.01
7443	282.13
7444	282.11
7445	282.03
7446	281.99
7447	281.9
7448	281.86
7449	281.76
7450	281.76
7451	281.84
7452	281.82
7453	281.88
7454	281.9
7455	281.82
7456	281.84
7457	281.86
7458	281.96
7459	281.99
7460	281.94
7461	281.84
7462	281.9
7463	281.9
7464	281.96
7465	282.01
7466	281.96
7467	281.96
7468	281.94
7469	281.9
7470	281.9
7471	282.09
7472	282.09
7473	282.07
7474	282.03
7475	281.92
7476	281.9
7477	281.9
7478	281.86
7479	281.8
7480	281.8
7481	281.78
7482	281.94
7483	282.05
7484	282.03
7485	282.03
7486	281.92
7487	281.82
7488	281.82
7489	281.8
7490	281.76
7491	281.69
7492	281.78
7493	281.73
7494	281.73
7495	281.82
7496	281.9
7497	281.9
7498	281.8
7499	281.78
7500	281.9
7501	281.9
7502	281.9
7503	281.96
7504	282.07
7505	282.03
7506	282.05
7507	281.92
7508	281.86
7509	281.86
7510	281.94
7511	281.84
7512	281.82
7513	281.99
7514	281.94
7515	281.86
7516	281.86
7517	281.96
7518	281.9
7519	281.94
7520	281.9
7521	281.92
7522	281.92
7523	281.96
7524	282.01
7525	281.92
7526	281.82
7527	281.82
7528	281.8
7529	281.78
7530	281.73
7531	281.69
7532	281.69
7533	281.67
7534	281.67
7535	281.82
7536	281.94
7537	281.92
7538	281.99
7539	282.05
7540	282.05
7541	282.05
7542	281.99
7543	281.99
7544	282.03
7545	281.96
7546	282.01
7547	282.17
7548	282.17
7549	282.09
7550	282.17
7551	282.17
7552	282.11
7553	282.07
7554	282.11
7555	282.03
7556	281.9
7557	281.88
7558	281.99
7559	282.01
7560	281.99
7561	282.09
7562	282.11
7563	282.11
7564	282.15
7565	282.13
7566	282.03
7567	282.07
7568	282.05
7569	282.11
7570	281.94
7571	281.99
7572	282.05
7573	282.05
7574	282.09
7575	282.07
7576	281.99
7577	282.03
7578	282.07
7579	282.07
7580	282.07
7581	282.07
7582	282.15
7583	282.13
7584	282.09
7585	282.17
7586	282.03
7587	281.92
7588	281.92
7589	281.84
7590	281.9
7591	281.96
7592	281.99
7593	282.05
7594	282.07
7595	282.05
7596	281.96
7597	281.92
7598	282.01
7599	282.03
7600	282.05
7601	282.07
7602	282.09
7603	282.17
7604	282.05
7605	282.05
7606	282.01
7607	282.07
7608	282.01
7609	282.01
7610	282.01
7611	282.07
7612	282.07
7613	281.9
7614	281.86
7615	281.86
7616	281.96
7617	281.94
7618	282.05
7619	282.05
7620	282.22
7621	282.13
7622	282.15
7623	282.03
7624	282.17
7625	282.15
7626	282.07
7627	281.94
7628	281.94
7629	281.9
7630	281.88
7631	281.88
7632	281.84
7633	281.82
7634	281.99
7635	281.96
7636	281.88
7637	281.9
7638	281.84
7639	281.76
7640	281.82
7641	281.9
7642	281.9
7643	281.94
7644	281.94
7645	281.88
7646	281.78
7647	281.84
7648	281.9
7649	281.99
7650	281.96
7651	281.96
7652	281.96
7653	281.92
7654	281.86
7655	281.78
7656	281.82
7657	281.84
7658	281.84
7659	281.88
7660	281.88
7661	281.86
7662	281.84
7663	281.71
7664	281.71
7665	281.61
7666	281.82
7667	281.88
7668	281.94
7669	281.96
7670	281.96
7671	282.03
7672	282.07
7673	282.17
7674	282.11
7675	282.28
7676	282.2
7677	282.11
7678	282.05
7679	282.03
7680	282.13
7681	282.2
7682	282.36
7683	282.36
7684	282.55
7685	282.66
7686	282.68
7687	282.59
7688	282.49
7689	282.68
7690	282.68
7691	282.89
7692	282.57
7693	282.51
7694	282.63
7695	282.72
7696	282.7
7697	282.76
7698	282.53
7699	282.49
7700	282.59
7701	282.53
7702	282.43
7703	282.51
7704	282.47
7705	282.74
7706	282.76
7707	282.68
7708	282.55
7709	282.49
7710	282.57
7711	282.49
7712	282.45
7713	282.45
7714	282.53
7715	282.53
7716	282.63
7717	282.59
7718	282.53
7719	282.47
7720	282.51
7721	282.68
7722	282.68
7723	282.8
7724	282.72
7725	282.76
7726	282.66
7727	282.74
7728	282.82
7729	282.82
7730	282.8
7731	282.66
7732	282.66
7733	282.74
7734	282.72
7735	282.74
7736	282.61
7737	282.66
7738	282.7
7739	282.55
7740	282.51
7741	282.45
7742	282.7
7743	282.74
7744	282.76
7745	282.78
7746	282.74
7747	282.7
7748	282.57
7749	282.49
7750	282.38
7751	282.59
7752	282.74
7753	282.76
7754	282.76
7755	282.74
7756	282.76
7757	282.66
7758	282.49
7759	282.59
7760	282.8
7761	282.8
7762	282.61
7763	282.57
7764	282.66
7765	282.76
7766	282.7
7767	282.66
7768	282.68
7769	282.66
7770	282.7
7771	282.68
7772	282.57
7773	282.63
7774	282.66
7775	282.7
7776	282.76
7777	282.74
7778	282.7
7779	282.68
7780	282.68
7781	282.8
7782	282.89
7783	282.91
7784	282.72
7785	282.59
7786	282.82
7787	282.74
7788	282.74
7789	282.72
7790	282.7
7791	282.7
7792	282.74
7793	282.74
7794	282.45
7795	282.45
7796	282.51
7797	282.55
7798	282.47
7799	282.45
7800	282.45
7801	282.51
7802	282.49
7803	282.38
7804	282.45
7805	280.1900024
7806	280.4599915
7807	280.519989
7808	280.5799866
7809	280.519989
7810	280.5799866
7811	280.730011
7812	280.5799866
7813	280.6700134
7814	280.6499939
7815	280.730011
7816	280.8399963
7817	280.8999939
7818	280.8800049
7819	280.9200134
7820	280.9200134
7821	281
7822	280.9599915
7823	281.1300049
7824	281.3200073
7825	281.3399963
7826	281.3399963
7827	281.3399963
7828	281.3999939
7829	281.3999939
7830	281.3999939
7831	281.4599915
7832	281.5299988
7833	281.5299988
7834	281.5700073
7835	281.5700073
7836	281.5499878
7837	281.5
7838	281.5499878
7839	281.5
7840	281.5299988
7841	281.6099854
7842	281.6700134
7843	281.6499939
7844	281.6900024
7845	281.730011
7846	281.7099915
7847	281.7099915
7848	281.7999878
7849	281.8599854
7850	281.9200134
7851	281.730011
7852	281.730011
7853	281.730011
7854	281.7600098
7855	281.8200073
7856	281.7999878
7857	281.8200073
7858	281.6499939
7859	281.6499939
7860	281.730011
7861	281.7999878
7862	281.7799988
7863	281.7600098
7864	281.8200073
7865	281.8200073
7866	281.8999939
7867	281.9899902
7868	282.0700073
7869	281.9599915
7870	281.9200134
7871	281.9400024
7872	281.9400024
7873	281.8800049
7874	281.9200134
7875	281.9200134
7876	282.0299988
7877	281.9899902
7878	282.0499878
7879	282.0499878
7880	281.9899902
7881	282.0299988
7882	282.0100098
7883	282.0499878
7884	281.9599915
7885	281.9200134
7886	281.9599915
7887	282.0899963
7888	282.0100098
7889	281.8999939
7890	281.7099915
7891	281.5899963
7892	281.5700073
7893	281.5899963
7894	281.5499878
7895	281.5499878
7896	281.5899963
7897	281.5899963
7898	281.6300049
7899	281.5700073
7900	281.5700073
7901	281.6900024
7902	281.8599854
7903	281.8399963
7904	281.8399963
7905	281.8599854
7906	281.9400024
7907	282.0100098
7908	282.1700134
7909	282.1499939
7910	282.1300049
7911	282.1300049
7912	282.0700073
7913	282.0299988
7914	282.0100098
7915	281.9899902
7916	282.0299988
7917	282.0899963
7918	282.0499878
7919	282.0499878
7920	282.0700073
7921	281.9599915
7922	281.9599915
7923	282.0299988
7924	281.9200134
7925	281.9400024
7926	281.9400024
7927	281.8599854
7928	281.9400024
7929	281.9400024
7930	282.0100098
7931	282.0299988
7932	282.0499878
7933	282.0899963
7934	282.0700073
7935	282.0299988
7936	282.0299988
7937	282.0899963
7938	282.0899963
7939	282.0899963
7940	282.1099854
7941	282.2600098
7942	282.1700134
7943	282.1700134
7944	282.0499878
7945	282.0100098
7946	282.0299988
7947	282.0499878
7948	282.0499878
7949	282.0700073
7950	281.9899902
7951	282.0499878
7952	282.0700073
7953	282.0899963
7954	282.0700073
7955	282.0100098
7956	281.9899902
7957	281.9599915
7958	281.730011
7959	281.730011
7960	281.7099915
7961	281.7999878
7962	281.8399963
7963	281.9400024
7964	282.0299988
7965	282.0499878
7966	282.0299988
7967	282.0899963
7968	282.0899963
7969	282.0499878
7970	281.9899902
7971	281.9599915
7972	282.1099854
7973	282.2000122
7974	282.1300049
7975	282.1300049
7976	282.1099854
7977	282.0499878
7978	282.0899963
7979	282.1300049
7980	282.1300049
7981	282.1300049
7982	282.1300049
7983	282.1099854
7984	282.2200012
7985	282.2000122
7986	282.1700134
7987	282.0299988
7988	282.0299988
7989	282.0100098
7990	282.0499878
7991	282.0700073
7992	282.0499878
7993	282.0499878
7994	282.0299988
7995	282.0499878
7996	281.9899902
7997	282.0100098
7998	281.9599915
7999	281.9200134
8000	282.0499878
8001	282.1300049
8002	282.0700073
8003	282.0899963
8004	281.9400024
8005	281.8599854
8006	281.9599915
8007	281.9599915
8008	282.1099854
8009	282.0299988
8010	282.0299988
8011	282.1099854
8012	282.1099854
8013	282.0499878
8014	282.0499878
8015	281.9599915
8016	281.9599915
8017	282.0100098
8018	281.9899902
8019	281.9899902
8020	281.8999939
8021	282.0100098
8022	282.1099854
8023	282.2399902
8024	282.2200012
8025	282.1099854
8026	281.9899902
8027	281.9899902
8028	282.0299988
8029	282.0899963
8030	282.1300049
8031	282.1700134
8032	282.1700134
8033	282.0499878
8034	281.9400024
8035	281.9599915
8036	281.9599915
8037	281.8999939
8038	281.8200073
8039	281.8200073
8040	281.8999939
8041	282.0499878
8042	282.0700073
8043	282.0299988
8044	281.9899902
8045	282.0100098
8046	282.0100098
8047	281.8800049
8048	281.8999939
8049	281.9200134
8050	281.9400024
8051	281.8399963
8052	281.7999878
8053	281.7999878
8054	281.7799988
8055	281.7999878
8056	281.8399963
8057	281.9400024
8058	282.0100098
8059	281.9899902
8060	281.9599915
8061	282.0100098
8062	281.9400024
8063	281.9599915
8064	281.8599854
8065	281.8599854
8066	281.9599915
8067	282.0299988
8068	282.0899963
8069	282.1300049
8070	282.1700134
8071	282.2200012
8072	282.2200012
8073	282.1499939
8074	282.0100098
8075	282.1099854
8076	282.2000122
8077	282.2399902
8078	282.2399902
8079	282.2200012
8080	282.2799988
8081	282.1300049
8082	282.0299988
8083	282.0499878
8084	282.3200073
8085	282.3200073
8086	282.6099854
8087	282.7000122
8088	282.8399963
8089	282.7399902
8090	282.7399902
8091	282.7600098
8092	282.7000122
8093	282.4899902
8094	282.3200073
8095	282.2999878
8096	282.4899902
8097	282.5299988
8098	282.4299927
8099	282.3800049
8100	282.6300049
8101	282.6300049
8102	282.6300049
8103	282.6600037
8104	282.6300049
8105	282.5899963
8106	282.5899963
8107	282.6099854
8108	282.5299988
8109	282.6300049
8110	282.6799927
8111	282.6600037
8112	282.7000122
8113	282.6799927
8114	282.6300049
8115	282.7200012
8116	282.7799988
8117	282.7799988
8118	282.7799988
8119	282.7600098
8120	282.7399902
8121	282.8200073
8122	282.9100037
8123	282.9500122
8124	282.9500122
8125	282.8200073
8126	282.7200012
8127	282.6799927
8128	282.7200012
8129	282.7399902
8130	282.7399902
8131	282.7600098
8132	282.7999878
8133	282.7799988
8134	282.8200073
8135	282.8200073
8136	282.8399963
8137	282.7799988
8138	282.7799988
8139	282.7399902
8140	282.7200012
8141	282.7600098
8142	282.8599854
8143	282.7999878
8144	282.8399963
8145	282.8900146
8146	282.7399902
8147	282.7200012
8148	282.7000122
8149	282.7000122
8150	282.8200073
8151	282.8900146
8152	282.8900146
8153	283.0700073
8154	283.0299988
8155	282.9299927
8156	282.9299927
8157	283.0100098
8158	282.8200073
8159	282.7799988
8160	282.8200073
8161	282.9500122
8162	282.9500122
8163	282.9500122
8164	282.7200012
8165	282.7200012
8166	282.7999878
8167	282.6799927
8168	282.6300049
8169	282.6099854
8170	282.7600098
8171	282.9500122
8172	282.9899902
8173	282.9299927
8174	282.9299927
8175	282.9299927
8176	283.0299988
8177	283.0499878
8178	283.0100098
8179	283.0299988
8180	283.0499878
8181	283.0499878
8182	282.9700012
8183	282.8900146
8184	282.7399902
8185	282.7600098
8186	282.7200012
8187	282.7200012
8188	282.7200012
8189	282.8399963
8190	282.8599854
8191	282.7999878
8192	282.8200073
8193	282.9299927
8194	282.9500122
8195	282.9500122
8196	283.0899963
8197	282.9899902
8198	282.8900146
8199	282.7600098
8200	282.7399902
8201	282.7399902
8202	282.7600098
8203	282.5899963
8204	282.6600037
8205	282.7600098
8206	282.8200073
8207	282.6799927
8208	282.6799927
8209	282.5499878
8210	282.3599854
8211	282.3800049
8212	282.4500122
8213	282.5499878
8214	282.5700073
8215	282.6099854
8216	282.5499878
8217	282.6099854
8218	282.6300049
8219	282.4899902
8220	282.4899902
8221	282.5299988
8222	282.5299988
8223	282.5299988
8224	282.5700073
8225	282.4899902
8226	282.4700012
8227	282.4700012
8228	282.5299988
8229	282.5100098
8230	282.5700073
8231	282.6300049
8232	282.5100098
8233	282.6600037
8234	282.6600037
8235	282.4700012
8236	282.2600098
8237	282.2200012
8238	282.2999878
8239	282.5499878
8240	282.6099854
8241	282.5299988
8242	282.5299988
8243	282.4899902
8244	282.6799927
8245	282.7799988
8246	282.7399902
8247	282.6600037
8248	282.6099854
8249	282.6600037
8250	282.7399902
8251	282.5700073
8252	282.5299988
8253	282.5700073
8254	282.5899963
8255	282.4700012
8256	282.3599854
8257	282.2999878
8258	282.3800049
8259	282.3800049
8260	282.6099854
8261	282.6099854
8262	282.5499878
8263	282.4899902
8264	282.4500122
8265	282.4299927
8266	282.4299927
8267	282.3200073
8268	282.0299988
8269	281.8999939
8270	281.5299988
8271	281.2099915
8272	281.0700073
8273	280.8999939
8274	280.6700134
8275	280.480011
8276	280.3800049
8277	280.269989
8278	280.3099976
8279	280.3500061
8280	280.4400024
8281	280.5599976
8282	280.5599976
8283	280.6700134
8284	280.8399963
8285	280.8999939
8286	281
8287	281.0700073
8288	281.1300049
8289	281.269989
8290	281.230011
8291	281.269989
8292	281.3200073
8293	281.25
8294	281.3800049
8295	281.3599854
8296	281.269989
8297	281.3599854
8298	281.3599854
8299	281.5
8300	281.3999939
8301	281.4400024
8302	281.5700073
8303	281.6099854
8304	281.5700073
8305	281.5700073
8306	281.5299988
8307	281.5
8308	281.5499878
8309	281.6499939
8310	281.6700134
8311	281.5899963
8312	281.6099854
8313	281.5700073
8314	281.6300049
8315	281.7600098
8316	281.6700134
8317	281.6300049
8318	281.6499939
8319	281.7099915
8320	281.6499939
8321	281.6499939
8322	281.6499939
8323	281.6499939
8324	281.6900024
8325	281.6099854
8326	281.6900024
8327	281.6499939
8328	281.6300049
8329	281.6300049
8330	281.6300049
8331	281.6700134
8332	281.6900024
8333	281.7600098
8334	281.8599854
8335	281.9200134
8336	281.8800049
8337	281.8800049
8338	281.7099915
8339	281.6099854
8340	281.6300049
8341	281.6300049
8342	281.8399963
8343	281.8599854
8344	281.8800049
8345	282.0299988
8346	282.0100098
8347	282.0700073
8348	281.9200134
8349	281.8200073
8350	281.7600098
8351	281.7099915
8352	281.8200073
8353	281.8399963
8354	281.8399963
8355	281.8200073
8356	281.8399963
8357	281.7999878
8358	281.7999878
8359	281.8800049
8360	281.8399963
8361	281.8599854
8362	281.9200134
8363	281.9899902
8364	281.9599915
8365	281.9599915
8366	281.8800049
8367	281.7600098
8368	281.8800049
8369	281.8800049
8370	281.9599915
8371	281.9899902
8372	281.9200134
8373	281.8800049
8374	281.9200134
8375	281.9200134
8376	281.9200134
8377	281.730011
8378	281.6300049
8379	281.6300049
8380	281.6700134
8381	281.8200073
8382	281.8200073
8383	281.8800049
8384	281.8599854
8385	281.8200073
8386	281.8200073
8387	281.8999939
8388	281.9599915
8389	281.9899902
8390	281.9200134
8391	282.0299988
8392	282.0700073
8393	282.0899963
8394	282.1099854
8395	282.0899963
8396	281.9599915
8397	281.9899902
8398	281.8800049
8399	281.8800049
8400	281.8399963
8401	281.8399963
8402	282.0499878
8403	281.8599854
8404	281.7999878
8405	281.8599854
8406	281.9599915
8407	281.8599854
8408	281.8599854
8409	281.7600098
8410	281.6300049
8411	281.6900024
8412	281.7999878
8413	281.9200134
8414	281.8599854
8415	281.8599854
8416	282.0100098
8417	282.0100098
8418	282.0700073
8419	282.0899963
8420	282.0100098
8421	282.0100098
8422	281.9200134
8423	281.7999878
8424	281.7600098
8425	281.7600098
8426	281.8200073
8427	281.8399963
8428	281.7999878
8429	281.7999878
8430	281.8599854
8431	281.9400024
8432	281.9599915
8433	282.0700073
8434	282.0700073
8435	282.0100098
8436	282.0100098
8437	282.0299988
8438	282.0899963
8439	282.0899963
8440	282.0899963
8441	282.0100098
8442	282.0700073
8443	282.0100098
8444	281.9899902
8445	282.0299988
8446	282.1300049
8447	282.1300049
8448	282.1300049
8449	282.0499878
8450	282.0100098
8451	281.9400024
8452	282.0299988
8453	281.9599915
8454	281.9400024
8455	281.8599854
8456	281.8599854
8457	281.8399963
8458	281.8800049
8459	281.8999939
8460	281.9400024
8461	281.9200134
8462	281.9400024
8463	281.9200134
8464	281.8800049
8465	281.8399963
8466	281.8200073
8467	281.8399963
8468	281.8599854
8469	281.8200073
8470	281.8399963
8471	281.730011
8472	281.730011
8473	281.7600098
8474	281.7600098
8475	281.730011
8476	281.7600098
8477	281.8200073
8478	281.8599854
8479	281.8599854
8480	281.8399963
8481	281.8999939
8482	281.8999939
8483	281.9899902
8484	281.8599854
8485	281.8399963
8486	281.8399963
8487	282.1099854
8488	282.0700073
8489	281.9400024
8490	281.9200134
8491	281.9200134
8492	281.8200073
8493	281.7799988
8494	281.8999939
8495	281.9400024
8496	281.9200134
8497	281.8999939
8498	281.8800049
8499	281.9400024
8500	281.9200134
8501	282.0499878
8502	282.0299988
8503	281.9400024
8504	281.9599915
8505	281.9400024
8506	281.9400024
8507	281.8999939
8508	281.9200134
8509	281.9400024
8510	282.0100098
8511	282.0100098
8512	282.1099854
8513	282.0700073
8514	282.0499878
8515	282.0100098
8516	282.0100098
8517	282.0100098
8518	282.0100098
8519	282.1099854
8520	282.2200012
8521	282.2399902
8522	282.2600098
8523	282.1300049
8524	282.1300049
8525	282.0700073
8526	282.0700073
8527	282.1300049
8528	282.1700134
8529	282.1700134
8530	282.2600098
8531	282.2999878
8532	282.3200073
8533	282.2399902
8534	282.1300049
8535	282.1300049
8536	282.0100098
8537	281.9400024
8538	281.9599915
8539	281.9599915
8540	281.9599915
8541	282.0100098
8542	282.0700073
8543	282.0899963
8544	282.0899963
8545	282.1300049
8546	282.0700073
8547	281.9899902
8548	282.0299988
8549	282.2000122
8550	282.2000122
8551	282.1499939
8552	282.1300049
8553	282.1700134
8554	282.3800049
8555	282.6099854
8556	282.6600037
8557	282.6600037
8558	282.5499878
8559	282.5899963
8560	282.7399902
8561	282.6600037
8562	282.6099854
8563	282.6600037
8564	282.7799988
8565	282.8399963
8566	282.7799988
8567	282.7999878
8568	282.9700012
8569	282.9899902
8570	282.8399963
8571	282.7399902
8572	282.7000122
8573	282.8200073
8574	282.8599854
8575	282.8399963
8576	282.9299927
8577	282.8599854
8578	282.9299927
8579	282.8599854
8580	282.8599854
8581	282.7799988
8582	282.7799988
8583	282.7399902
8584	282.7999878
8585	282.7200012
8586	282.7600098
8587	282.6799927
8588	282.6099854
8589	282.6099854
8590	282.7799988
8591	282.7799988
8592	282.8200073
8593	282.7600098
8594	282.8200073
8595	282.8599854
8596	282.7600098
8597	282.7200012
8598	282.7000122
8599	282.7000122
8600	282.7600098
8601	282.8399963
8602	282.9100037
8603	282.8900146
8604	282.6799927
8605	282.6099854
8606	282.6799927
8607	282.8200073
8608	282.8200073
8609	282.8399963
8610	282.9500122
8611	283.1199951
8612	282.9500122
8613	282.7200012
8614	282.6600037
8615	282.5499878
8616	282.5299988
8617	282.5100098
8618	282.5700073
8619	282.4700012
8620	282.4899902
8621	282.4899902
8622	282.6300049
8623	282.7000122
8624	282.7200012
8625	282.7200012
8626	282.8399963
8627	282.8399963
8628	282.8399963
8629	282.9299927
8630	283.1400146
8631	283.2000122
8632	283.2799988
8633	283.1400146
8634	283.0299988
8635	282.9100037
8636	282.7799988
8637	282.8599854
8638	282.8200073
8639	282.8599854
8640	282.8599854
8641	282.8599854
8642	282.8200073
8643	282.6600037
8644	282.6799927
8645	282.6099854
8646	282.7399902
8647	282.7600098
8648	282.6799927
8649	282.7000122
8650	282.7999878
8651	282.7000122
8652	282.5299988
8653	282.5299988
8654	282.5299988
8655	282.6300049
8656	282.6799927
8657	282.6300049
8658	282.5499878
8659	282.6300049
8660	282.6300049
8661	282.6799927
8662	282.6300049
8663	282.4899902
8664	282.3399963
8665	282.3800049
8666	282.4899902
8667	282.4899902
8668	282.6600037
8669	282.6799927
8670	282.7399902
8671	282.8399963
8672	282.9500122
8673	283.0499878
8674	283.1799927
8675	282.9500122
8676	282.9299927
8677	282.7399902
8678	282.7000122
8679	282.7000122
8680	282.6600037
8681	282.6099854
8682	282.7200012
8683	282.7600098
8684	282.9299927
8685	283.0499878
8686	283.0100098
8687	282.9700012
8688	282.9700012
8689	282.9700012
8690	282.9100037
8691	282.7600098
8692	282.7600098
8693	282.8599854
8694	282.7999878
8695	282.7399902
8696	282.7399902
8697	282.7000122
8698	282.7200012
8699	282.7200012
8700	282.9100037
8701	282.7200012
8702	282.6600037
8703	282.7600098
8704	282.7799988
8705	282.8200073
8706	282.7799988
8707	283.0100098
8708	283.0700073
8709	283.1199951
8710	283.0299988
8711	282.8900146
8712	282.7999878
8713	282.8900146
8714	282.9100037
8715	282.9899902
8716	282.8599854
8717	282.9299927
8718	282.9500122
8719	282.9299927
8720	282.9100037
8721	283.0499878
8722	283.0499878
8723	283.1600037
8724	283.1600037
8725	282.7399902
8726	282.6799927
8727	282.6600037
8728	282.5899963
8729	282.5499878
8730	282.6099854
8731	282.6099854
8732	282.5499878
8733	282.5299988
8734	282.5899963
8735	282.6799927
8736	282.7200012
8737	282.6099854
8738	282.6099854
8739	282.4899902
8740	282.3800049
8741	282.3399963
8742	281.9899902
8743	281.6700134
8744	281.5499878
8745	281.3999939
8746	281.0400085
8747	280.8800049
8748	280.6700134
8749	280.4599915
8750	280.4200134
8751	280.269989
8752	280.3500061
8753	280.7099915
8754	280.7099915
8755	280.769989
8756	280.7099915
8757	280.6499939
8758	280.6700134
8759	280.6499939
8760	280.7099915
8761	280.8399963
8762	280.9599915
8763	280.9599915
8764	281.0400085
8765	281.1099854
8766	281.0899963
8767	281.25
8768	281.3399963
8769	281.2999878
8770	281.2999878
8771	281.3599854
8772	281.3800049
8773	281.4599915
8774	281.5
8775	281.4599915
8776	281.4599915
8777	281.480011
8778	281.5299988
8779	281.5299988
8780	281.5299988
8781	281.5499878
8782	281.6099854
8783	281.5899963
8784	281.5899963
8785	281.4599915
8786	281.5299988
8787	281.5499878
8788	281.6700134
8789	281.6300049
8790	281.6099854
8791	281.6700134
8792	281.730011
8793	281.7999878
8794	281.8599854
8795	281.8599854
8796	281.8399963
8797	281.8200073
8798	281.7600098
8799	281.7600098
8800	281.7600098
8801	281.6700134
8802	281.6700134
8803	281.9200134
8804	281.8999939
8805	281.8599854
8806	281.8399963
8807	281.7099915
8808	281.6900024
8809	281.6900024
8810	281.730011
8811	281.6700134
8812	281.6099854
8813	281.8200073
8814	281.8800049
8815	281.8399963
8816	281.8399963
8817	281.8200073
8818	281.7999878
8819	281.7099915
8820	281.6900024
8821	281.6700134
8822	281.7099915