1	289.89
2	290
3	289.87
4	289.72
5	289.72
6	289.81
7	290.02
8	290.02
9	289.93
10	289.81
11	289.85
12	289.93
13	290.04
14	290.2
15	290.16
16	289.97
17	290
18	290
19	289.97
20	290
21	289.97
22	289.93
23	289.79
24	289.83
25	289.79
26	289.87
27	289.77
28	289.77
29	289.77
30	289.7
31	289.66
32	289.81
33	289.81
34	289.83
35	289.83
36	289.89
37	289.89
38	289.89
39	289.72
40	289.58
41	289.47
42	289.56
43	289.7
44	289.7
45	289.83
46	289.77
47	289.89
48	289.85
49	289.79
50	289.89
51	289.91
52	289.87
53	289.85
54	289.62
55	289.51
56	289.49
57	289.43
58	289.54
59	289.45
60	289.43
61	289.58
62	289.66
63	289.6
64	289.64
65	289.68
66	289.7
67	289.62
68	289.62
69	289.62
70	289.62
71	289.47
72	289.49
73	289.54
74	289.54
75	289.49
76	289.49
77	289.47
78	289.49
79	289.56
80	289.62
81	289.58
82	289.51
83	289.6
84	289.41
85	289.41
86	289.41
87	289.45
88	289.43
89	289.35
90	289.28
91	289.33
92	289.33
93	289.41
94	289.43
95	289.47
96	289.54
97	289.64
98	289.7
99	289.68
100	289.77
101	289.79
102	289.91
103	290.23
104	290.31
105	290.56
106	290.87
107	291.04
108	291.04
109	291.25
110	291.5
111	291.69
112	291.96
113	292.19
114	292.23
115	292.23
116	292.28
117	292.25
118	292.38
119	292.51
120	292.53
121	292.59
122	292.61
123	292.63
124	292.71
125	292.63
126	292.67
127	292.71
128	292.8
129	292.8
130	292.78
131	292.82
132	292.74
133	292.82
134	292.74
135	292.86
136	292.97
137	292.97
138	293.01
139	293.09
140	293.09
141	293.03
142	293.05
143	293.11
144	293.07
145	293.01
146	293.05
147	293.05
148	293.11
149	293.07
150	293.09
151	293.11
152	293.24
153	293.2
154	293.2
155	293.05
156	293.17
157	293.2
158	293.22
159	293.15
160	293.28
161	293.15
162	293.24
163	293.17
164	293.15
165	293.3
166	293.26
167	293.22
168	293.11
169	292.99
170	292.99
171	293.05
172	293.09
173	293.05
174	292.94
175	292.9
176	293.03
177	293.09
178	293.2
179	293.2
180	293.2
181	293.15
182	293.07
183	293.17001
184	293.22
185	293.20001
186	293.20001
187	293.22
188	293.17001
189	293.13
190	293.10999
191	293.09
192	293.20001
193	293.10999
194	293.04999
195	293.14999
196	293.13
197	293.17001
198	293.17001
199	293.22
200	293.22
201	293.07001
202	293.04999
203	293.13
204	293.26001
205	293.17001
206	293.13
207	293.03
208	293.13
209	293.20001
210	293.23999
211	293.23999
212	293.17001
213	293.14999
214	293.23999
215	293.07001
216	293.20001
217	293.26001
218	293.26001
219	293.14999
220	293.23999
221	293.20001
222	293.22
223	293.23999
224	293.26001
225	293.26001
226	293.23999
227	293.10999
228	293.09
229	293.03
230	293.03
231	293.04999
232	293.04999
233	293.10999
234	293.13
235	293.14999
236	293.23999
237	293.22
238	293.20001
239	293.20001
240	293.26001
241	293.26001
242	293.22
243	293.22
244	293.14999
245	293.14999
246	293.20001
247	293.26001
248	293.20001
249	293.22
250	293.22
251	293.13
252	292.98999
253	293.03
254	293.10999
255	293.14999
256	293.20001
257	293.20001
258	293.29999
259	293.29999
260	293.22
261	293.26001
262	293.20001
263	293.22
264	293.23999
265	293.29999
266	293.34
267	293.23999
268	293.35999
269	293.20001
270	293.26001
271	293.23999
272	293.13
273	293.14999
274	293.03
275	292.88
276	292.69
277	292.39999
278	292.34
279	292.14999
280	291.94
281	291.89999
282	291.82001
283	291.76999
284	291.82001
285	291.76999
286	291.67001
287	291.54001
288	291.39999
289	291.39999
290	290.79001
291	290
292	289.60001
293	288.59
294	287.54999
295	286.39999
296	286.39999
297	284.98001
298	284.51999
299	284.31
300	284.04001
301	283.91
302	283.89001
303	284.04001
304	284.39001
305	284.47
306	284.75
307	284.91
308	285.26999
309	285.44
310	285.60001
311	286.07999
312	286.25
313	286.59
314	286.82001
315	286.82001
316	287.04999
317	287.10999
318	287.23999
319	287.26001
320	287.38
321	287.38
322	287.57001
323	287.76001
324	287.84
325	287.82001
326	287.79999
327	287.88
328	287.88
329	287.97
330	288.13
331	288.20001
332	288.41
333	288.45001
334	288.47
335	288.47
336	288.34
337	288.42999
338	288.45001
339	288.62
340	288.72
341	288.72
342	288.85001
343	288.98999
344	288.89001
345	288.70001
346	288.54999
347	288.64001
348	288.76001
349	288.76001
350	288.91
351	289.12
352	289.28
353	289.23999
354	289.17999
355	289.12
356	289.14001
357	289.23999
358	289.22
359	289.14001
360	289.14001
361	289.01001
362	288.92999
363	288.95001
364	289.03
365	289.10001
366	289.04999
367	289.04999
368	288.98999
369	289.01001
370	289.03
371	289.16
372	289.35001
373	289.37
374	289.28
375	289.14001
376	289.17999
377	289.10001
378	289.22
379	289.35001
380	289.35001
381	289.31
382	289.22
383	289.28
384	289.35001
385	289.28
386	289.26001
387	289.26001
388	289.26001
389	289.31
390	289.28
391	289.12
392	289.12
393	289.07999
394	289.17999
395	289.23999
396	289.26001
397	289.26001
398	289.23999
399	289.23999
400	289.20001
401	289.23999
402	289.23999
403	289.23999
404	289.17999
405	289.23999
406	289.23999
407	289.35001
408	289.22
409	289.20001
410	289.12
411	289.07999
412	289.14001
413	289.12
414	289.31
415	289.26001
416	289.32999
417	289.22
418	289.23999
419	289.10001
420	289.07999
421	289.10001
422	289.12
423	289.31
424	289.45001
425	289.48999
426	289.42999
427	289.41
428	289.42999
429	289.47
430	289.35001
431	289.35001
432	289.12
433	289.23999
434	289.28
435	289.26001
436	289.31
437	289.35001
438	289.35001
439	289.39001
440	289.41
441	289.37
442	289.17999
443	288.95001
444	289.01001
445	289.03
446	289.28
447	289.28
448	289.32999
449	289.31
450	289.26001
451	289.26001
452	289.26001
453	289.42999
454	289.39001
455	289.37
456	289.23999
457	289.28
458	289.35001
459	289.42999
460	289.62
461	289.70001
462	289.54001
463	289.54001
464	289.41
465	289.37
466	289.42999
467	289.45001
468	289.45001
469	289.41
470	289.41
471	289.32999
472	289.37
473	289.31
474	289.22
475	289.31
476	289.32999
477	289.32999
478	289.45001
479	289.45001
480	289.37
481	289.47
482	289.41
483	289.39001
484	289.28
485	289.17999
486	289.16
487	289.23999
488	289.32999
489	289.32999
490	289.37
491	289.39001
492	289.28
493	289.26001
494	289.17999
495	289.41
496	289.54001
497	289.56
498	289.42999
499	289.31
500	289.37
501	289.48999
502	289.48999
503	289.56
504	289.57999
505	289.56
506	289.47
507	289.42999
508	289.31
509	289.31
510	289.41
511	289.54001
512	289.56
513	289.60001
514	289.48999
515	289.45001
516	289.45001
517	289.37
518	289.31
519	289.35001
520	289.39001
521	289.39001
522	289.39001
523	289.35001
524	289.54001
525	289.54001
526	289.51001
527	289.48999
528	289.41
529	289.39001
530	289.42999
531	289.56
532	289.57999
533	289.42999
534	289.32999
535	289.26001
536	289.22
537	289.22
538	289.35001
539	289.28
540	289.20001
541	289.20001
542	289.41
543	289.42999
544	289.54001
545	289.56
546	289.51001
547	289.54001
548	289.54001
549	289.45001
550	289.41
551	289.39001
552	289.35001
553	289.17999
554	289.14001
555	289.16
556	289.22
557	289.23999
558	289.31
559	289.35001
560	289.31
561	289.26001
562	289.31
563	289.47
564	289.39001
565	289.37
566	289.32999
567	289.28
568	289.32999
569	289.28
570	289.26001
571	289.26001
572	289.32999
573	289.32999
574	289.62
575	289.67999
576	289.82999
577	290.04001
578	290.31
579	290.57999
580	290.57999
581	291.04001
582	291.07999
583	291.19
584	291.5
585	291.70999
586	291.85999
587	291.85999
588	291.95999
589	292.09
590	292.19
591	292.25
592	292.28
593	292.35999
594	292.38
595	292.34
596	292.35999
597	292.45999
598	292.45999
599	292.42001
600	292.54999
601	292.59
602	292.67001
603	292.73999
604	292.78
605	292.76001
606	292.76001
607	292.82001
608	292.78
609	292.85999
610	292.79999
611	292.88
612	292.88
613	292.94
614	292.94
615	292.92001
616	292.94
617	292.97
618	292.98999
619	292.98999
620	293.01001
621	292.94
622	292.92001
623	292.82001
624	292.88
625	292.88
626	292.89999
627	292.89999
628	292.98999
629	292.98999
630	292.94
631	292.94
632	292.94
633	292.89999
634	292.70999
635	292.70999
636	292.70999
637	292.78
638	292.73999
639	292.76001
640	292.82001
641	292.89999
642	292.89999
643	292.94
644	292.94
645	292.88
646	292.84
647	292.92001
648	292.97
649	292.98999
650	292.97
651	292.97
652	293.03
653	292.97
654	292.98999
655	292.92001
656	292.84
657	292.89999
658	292.89999
659	292.98999
660	293.04999
661	293.04999
662	292.94
663	292.92001
664	292.89999
665	292.84
666	292.82001
667	292.79999
668	292.76001
669	292.70999
670	292.69
671	292.82001
672	292.88
673	292.85999
674	292.82001
675	292.84
676	292.89999
677	292.94
678	293.01001
679	292.98999
680	293.01001
681	292.97
682	292.94
683	292.94
684	292.98999
685	292.88
686	292.88
687	292.94
688	292.98999
689	292.98999
690	292.98999
691	292.94
692	292.98999
693	292.94
694	292.94
695	292.94
696	292.92001
697	292.98999
698	292.97
699	292.97
700	292.94
701	293.07001
702	293.04999
703	293.03
704	293.04999
705	293.01001
706	293.04999
707	292.98999
708	293.01001
709	292.98999
710	293.04999
711	293.09
712	293.09
713	293.01001
714	293.10999
715	293.10999
716	293.01001
717	293.09
718	293.13
719	293.03
720	292.98999
721	292.98999
722	292.98999
723	292.98999
724	293.01001
725	292.97
726	292.92001
727	292.89999
728	292.89999
729	292.89999
730	292.85999
731	292.79999
732	292.84
733	292.98999
734	292.89999
735	292.84
736	292.85999
737	292.97
738	292.94
739	292.88
740	292.94
741	292.98999
742	292.94
743	292.89999
744	292.88
745	292.79999
746	292.88
747	292.82001
748	292.79999
749	292.78
750	292.67001
751	292.32001
752	291.98001
753	291.92001
754	291.92001
755	291.84
756	291.89999
757	291.95999
758	291.92001
759	291.69
760	291.5
761	291.5
762	291.23001
763	290.94
764	290.66
765	289.67999
766	288.54999
767	287.95001
768	287.39999
769	285.94
770	285.19
771	284.79001
772	284.14001
773	283.85001
774	283.73999
775	283.72
776	284.14001
777	284.31
778	284.66
779	284.85001
780	284.92999
781	285.01999
782	285.07999
783	285.29001
784	285.45999
785	285.67001
786	285.89999
787	286.07999
788	286.38
789	286.5
790	286.85999
791	286.95999
792	287.07001
793	287.07001
794	287.34
795	287.53
796	287.57001
797	287.70001
798	287.76001
799	287.88
800	287.88
801	287.97
802	288.01001
803	288.07001
804	288.16
805	288.26001
806	288.28
807	288.41
808	288.47
809	288.54999
810	288.54999
811	288.53
812	288.47
813	288.45001
814	288.48999
815	288.54999
816	288.62
817	288.62
818	288.54999
819	288.54999
820	288.59
821	288.59
822	288.64001
823	288.67999
824	288.57001
825	288.57001
826	288.64001
827	288.62
828	288.66
829	288.67999
830	288.66
831	288.72
832	288.72
833	288.72
834	288.78
835	288.89001
836	288.92999
837	288.89001
838	288.85001
839	288.79999
840	288.97
841	288.85001
842	288.91
843	288.79999
844	288.82001
845	288.82001
846	288.91
847	289.10001
848	289.12
849	289.16
850	289.07999
851	289.04999
852	289.12
853	289.17999
854	289.16
855	289.17999
856	289.12
857	289.07999
858	289.10001
859	289.14001
860	289.20001
861	289.07999
862	288.97
863	288.95001
864	288.95001
865	289.01001
866	289.17999
867	289.22
868	289.26001
869	289.28
870	289.17999
871	289.17999
872	289.10001
873	288.98999
874	288.97
875	288.91
876	288.87
877	288.92999
878	288.92999
879	289.14001
880	289.17999
881	289.17999
882	289.31
883	289.28
884	289.20001
885	289.31
886	289.26001
887	289.22
888	289.23999
889	289.26001
890	289.23999
891	289.22
892	289.23999
893	289.16
894	289.03
895	289.01001
896	289.01001
897	289.01001
898	289.03
899	289.10001
900	289.26001
901	289.32999
902	289.28
903	289.28
904	289.26001
905	289.41
906	289.35001
907	289.32999
908	289.39001
909	289.35001
910	289.35001
911	289.22
912	289.32999
913	289.42999
914	289.47
915	289.47
916	289.47
917	289.37
918	289.32999
919	289.37
920	289.39001
921	289.47
922	289.56
923	289.48999
924	289.41
925	289.20001
926	289.26001
927	289.20001
928	289.10001
929	289.07999
930	289.16
931	289.16
932	289.22
933	289.23999
934	289.23999
935	289.23999
936	289.35001
937	289.42999
938	289.39001
939	289.31
940	289.35001
941	289.32999
942	289.32999
943	289.42999
944	289.60001
945	289.56
946	289.41
947	289.28
948	289.26001
949	289.31
950	289.37
951	289.32999
952	289.31
953	289.31
954	289.41
955	289.37
956	289.39001
957	289.41
958	289.35001
959	289.26001
960	289.28
961	289.31
962	289.35001
963	289.39001
964	289.37
965	289.39001
966	289.31
967	289.31
968	289.17999
969	289.32999
970	289.37
971	289.51001
972	289.54001
973	289.60001
974	289.60001
975	289.35001
976	289.28
977	289.31
978	289.28
979	289.17999
980	289.28
981	289.28
982	289.14001
983	289.17999
984	289.16
985	289.14001
986	289.07999
987	289.07999
988	289.07999
989	289.10001
990	289.17999
991	289.22
992	289.23999
993	289.23999
994	289.26001
995	289.16
996	289.14001
997	289.16
998	289.32999
999	289.41
1000	289.32999
1001	289.39001
1002	289.35001
1003	289.35001
1004	289.23999
1005	289.17999
1006	289.17999
1007	289.26001
1008	289.31
1009	289.28
1010	289.23999
1011	289.20001
1012	289.23999
1013	289.23999
1014	289.22
1015	289.16
1016	289.14001
1017	289.22
1018	289.28
1019	289.32999
1020	289.37
1021	289.35001
1022	289.31
1023	289.14001
1024	289.12
1025	289.12
1026	289.07999
1027	289.14001
1028	289.28
1029	289.23999
1030	289.28
1031	289.23999
1032	289.16
1033	289.12
1034	289.04999
1035	289.04999
1036	289.07999
1037	288.97
1038	288.97
1039	288.98999
1040	289.17999
1041	289.16
1042	289.23999
1043	289.26001
1044	289.22
1045	289.22
1046	289.20001
1047	289.35001
1048	289.42999
1049	289.70001
1050	289.85001
1051	290.06
1052	290.06
1053	290.39001
1054	290.66
1055	290.75
1056	290.92001
1057	291.26999
1058	291.35001
1059	291.48001
1060	291.79001
1061	291.95999
1062	292.07001
1063	292.04999
1064	292.07001
1065	292.28
1066	292.32001
1067	292.39999
1068	292.44
1069	292.32001
1070	292.34
1071	292.34
1072	292.42001
1073	292.45999
1074	292.44
1075	292.48001
1076	292.44
1077	292.44
1078	292.48001
1079	292.57001
1080	292.54999
1081	292.57001
1082	292.57001
1083	292.53
1084	292.53
1085	292.57001
1086	292.45999
1087	292.42001
1088	292.45999
1089	292.59
1090	292.59
1091	292.59
1092	292.63
1093	292.64999
1094	292.60999
1095	292.60999
1096	292.63
1097	292.63
1098	292.64999
1099	292.73999
1100	292.70999
1101	292.67001
1102	292.76001
1103	292.70999
1104	292.73999
1105	292.78
1106	292.73999
1107	292.63
1108	292.70999
1109	292.79999
1110	292.78
1111	292.76001
1112	292.73999
1113	292.69
1114	292.84
1115	292.78
1116	292.78
1117	292.78
1118	292.73999
1119	292.69
1120	292.73999
1121	292.73999
1122	292.69
1123	292.69
1124	292.78
1125	292.79999
1126	292.78
1127	292.67001
1128	292.84
1129	292.82001
1130	292.85999
1131	292.85999
1132	292.85999
1133	292.88
1134	292.88
1135	292.76001
1136	292.76001
1137	292.82001
1138	292.89999
1139	292.85999
1140	292.89999
1141	293.01001
1142	292.97
1143	292.94
1144	292.85999
1145	292.88
1146	292.82001
1147	292.76001
1148	292.76001
1149	292.82001
1150	292.84
1151	292.84
1152	292.73999
1153	292.70999
1154	292.78
1155	292.78
1156	292.82001
1157	292.85999
1158	292.84
1159	292.88
1160	292.97
1161	292.92001
1162	292.92001
1163	292.78
1164	292.78
1165	292.76001
1166	292.69
1167	292.63
1168	292.70999
1169	292.67001
1170	292.78
1171	292.79999
1172	292.89999
1173	292.79999
1174	292.78
1175	292.82001
1176	292.73999
1177	292.84
1178	292.85999
1179	292.85999
1180	292.84
1181	292.79999
1182	292.78
1183	292.78
1184	292.79999
1185	292.84
1186	292.84
1187	292.84
1188	292.78
1189	292.76001
1190	292.78
1191	292.82001
1192	292.79999
1193	292.79999
1194	292.79999
1195	292.79999
1196	292.76001
1197	292.78
1198	292.84
1199	292.82001
1200	292.85999
1201	292.82001
1202	292.79999
1203	292.84
1204	292.82001
1205	292.82001
1206	292.76001
1207	292.70999
1208	292.76001
1209	292.82001
1210	292.84
1211	292.92001
1212	292.84
1213	292.79999
1214	292.79999
1215	292.79999
1216	292.78
1217	292.78
1218	292.82001
1219	292.82001
1220	292.76001
1221	292.73999
1222	292.76001
1223	292.51001
1224	292.34
1225	292.14999
1226	292.14999
1227	291.85999
1228	291.73001
1229	291.70999
1230	291.73001
1231	291.75
1232	291.69
1233	291.69
1234	291.51999
1235	291.20999
1236	291
1237	290.39001
1238	289.76999
1239	289.37
1240	288.82001
1241	286.98001
1242	286.45999
1243	285.45999
1244	284.66
1245	284.41
1246	284.04001
1247	283.89001
1248	283.64001
1249	283.70001
1250	283.97
1251	284.14001
1252	284.12
1253	284.45001
1254	284.62
1255	285.06
1256	285.42001
1257	285.60001
1258	285.60001
1259	285.81
1260	285.98001
1261	286.06
1262	286.25
1263	286.44
1264	286.59
1265	286.59
1266	287.03
1267	287.19
1268	287.19
1269	287.28
1270	287.32001
1271	287.39999
1272	287.48999
1273	287.60999
1274	287.63
1275	287.63
1276	287.78
1277	287.85999
1278	287.97
1279	287.92999
1280	287.95001
1281	288.03
1282	288.04999
1283	288.13
1284	288.20001
1285	288.34
1286	288.41
1287	288.51001
1288	288.66
1289	288.53
1290	288.53
1291	288.51001
1292	288.57001
1293	288.62
1294	288.62
1295	288.64001
1296	288.59
1297	288.59
1298	288.51001
1299	288.54999
1300	288.53
1301	288.53
1302	288.47
1303	288.48999
1304	288.48999
1305	288.59
1306	288.72
1307	288.76001
1308	288.76001
1309	288.73999
1310	288.72
1311	288.64001
1312	288.76001
1313	288.78
1314	288.72
1315	288.66
1316	288.72
1317	288.82001
1318	288.85001
1319	288.79999
1320	288.82001
1321	288.89001
1322	288.97
1323	288.98999
1324	288.97
1325	288.91
1326	288.72
1327	288.72
1328	288.78
1329	288.78
1330	288.91
1331	288.87
1332	288.85001
1333	288.85001
1334	288.85001
1335	288.89001
1336	288.89001
1337	289.01001
1338	288.97
1339	289.04999
1340	289.04999
1341	289.04999
1342	289.03
1343	288.98999
1344	288.97
1345	288.89001
1346	288.89001
1347	288.95001
1348	289.01001
1349	289.01001
1350	288.95001
1351	288.92999
1352	288.92999
1353	289.04999
1354	289.20001
1355	289.23999
1356	289.23999
1357	289.22
1358	289.10001
1359	289.01001
1360	289.01001
1361	289.14001
1362	289.10001
1363	289.16
1364	289.17999
1365	289.07999
1366	288.95001
1367	288.85001
1368	288.85001
1369	288.82001
1370	288.85001
1371	288.89001
1372	288.97
1373	288.92999
1374	289.03
1375	289.03
1376	289.04999
1377	288.95001
1378	289.01001
1379	289.01001
1380	289.07999
1381	289.04999
1382	289.12
1383	289.12
1384	289.22
1385	289.20001
1386	289.10001
1387	289.10001
1388	289.03
1389	289.03
1390	289.14001
1391	289.22
1392	289.22
1393	289.26001
1394	289.28
1395	289.32999
1396	289.35001
1397	289.31
1398	289.23999
1399	289.17999
1400	289.17999
1401	289.17999
1402	289.20001
1403	289.23999
1404	289.39001
1405	289.26001
1406	289.10001
1407	289.10001
1408	289.03
1409	289.17999
1410	289.17999
1411	289.23999
1412	289.26001
1413	289.22
1414	289.22
1415	289.16
1416	289.07999
1417	289.04999
1418	288.95001
1419	288.91
1420	288.97
1421	289.01001
1422	289.01001
1423	289.01001
1424	289.10001
1425	289.10001
1426	289.10001
1427	289.16
1428	289.16
1429	289.17999
1430	289.10001
1431	289.01001
1432	288.95001
1433	288.91
1434	288.92999
1435	288.87
1436	288.85001
1437	288.89001
1438	288.85001
1439	288.85001
1440	289.04999
1441	289.01001
1442	289.04999
1443	289.12
1444	289.14001
1445	289.12
1446	289.12
1447	289.16
1448	289.20001
1449	289.17999
1450	289.10001
1451	289.04999
1452	289.07999
1453	289.04999
1454	289.16
1455	289.23999
1456	289.26001
1457	289.20001
1458	289.07999
1459	289.10001
1460	289.04999
1461	289.04999
1462	289.03
1463	289.04999
1464	289.10001
1465	289.10001
1466	289.20001
1467	289.17999
1468	289.12
1469	289.14001
1470	289.17999
1471	289.17999
1472	289.10001
1473	289.10001
1474	289.12
1475	289.04999
1476	289.01001
1477	289.04999
1478	289.04999
1479	289.10001
1480	289.10001
1481	289.01001
1482	289.04999
1483	289.10001
1484	289.17999
1485	289.17999
1486	289.20001
1487	289.32999
1488	289.32999
1489	289.32999
1490	289.22
1491	289.22
1492	289.12
1493	289.14001
1494	289.17999
1495	289.04999
1496	289.03
1497	289.14001
1498	289.17999
1499	289.22
1500	289.10001
1501	289.04999
1502	288.98999
1503	289.03
1504	288.97
1505	289.04999
1506	289.14001
1507	289.26001
1508	289.26001
1509	289.23999
1510	289.23999
1511	289.31
1512	289.41
1513	289.32999
1514	289.16
1515	289.23999
1516	289.14001
1517	289.14001
1518	289.07999
1519	289.12
1520	289.17999
1521	289.32999
1522	289.37
1523	289.56
1524	289.64001
1525	290.14001
1526	290.45999
1527	290.60001
1528	290.69
1529	290.98001
1530	291.10001
1531	291.17001
1532	291.5
1533	291.60999
1534	291.64999
1535	291.69
1536	291.89999
1537	292.07001
1538	292.09
1539	292.13
1540	292.07001
1541	292.13
1542	292.13
1543	292.23001
1544	292.25
1545	292.29999
1546	292.28
1547	292.19
1548	292.28
1549	292.28
1550	292.51001
1551	292.60999
1552	292.57001
1553	292.54999
1554	292.51001
1555	292.45999
1556	292.45999
1557	292.53
1558	292.57001
1559	292.57001
1560	292.63
1561	292.67001
1562	292.60999
1563	292.59
1564	292.39999
1565	292.38
1566	292.39999
1567	292.35999
1568	292.42001
1569	292.57001
1570	292.60999
1571	292.69
1572	292.69
1573	292.70999
1574	292.78
1575	292.69
1576	292.67001
1577	292.64999
1578	292.64999
1579	292.59
1580	292.70999
1581	292.70999
1582	292.79999
1583	292.73999
1584	292.63
1585	292.60999
1586	292.54999
1587	292.57001
1588	292.57001
1589	292.60999
1590	292.64999
1591	292.69
1592	292.73999
1593	292.73999
1594	292.73999
1595	292.67001
1596	292.64999
1597	292.60999
1598	292.63
1599	292.59
1600	292.60999
1601	292.69
1602	292.64999
1603	292.69
1604	292.69
1605	292.70999
1606	292.69
1607	292.69
1608	292.69
1609	292.63
1610	292.57001
1611	292.63
1612	292.70999
1613	292.76001
1614	292.63
1615	292.67001
1616	292.60999
1617	292.76001
1618	292.69
1619	292.67001
1620	292.67001
1621	292.67001
1622	292.73999
1623	292.78
1624	292.73999
1625	292.59
1626	292.59
1627	292.59
1628	292.57001
1629	292.53
1630	292.57001
1631	292.59
1632	292.67001
1633	292.69
1634	292.73999
1635	292.69
1636	292.70999
1637	292.69
1638	292.78
1639	292.67001
1640	292.63
1641	292.69
1642	292.76001
1643	292.67001
1644	292.67001
1645	292.64999
1646	292.67001
1647	292.70999
1648	292.76001
1649	292.70999
1650	292.76001
1651	292.82001
1652	292.82001
1653	292.85999
1654	292.88
1655	292.79999
1656	292.78
1657	292.84
1658	292.85999
1659	292.85999
1660	292.76001
1661	292.78
1662	292.78
1663	292.84
1664	292.78
1665	292.73999
1666	292.73999
1667	292.70999
1668	292.73999
1669	292.73999
1670	292.70999
1671	292.67001
1672	292.67001
1673	292.70999
1674	292.76001
1675	292.76001
1676	292.69
1677	292.70999
1678	292.60999
1679	292.67001
1680	292.59
1681	292.60999
1682	292.59
1683	292.53
1684	292.63
1685	292.69
1686	292.73999
1687	292.64999
1688	292.73999
1689	292.63
1690	292.60999
1691	292.60999
1692	292.63
1693	292.63
1694	292.60999
1695	292.69
1696	292.44
1697	292.25
1698	292.25
1699	291.84
1700	291.70999
1701	291.70999
1702	291.70999
1703	291.67001
1704	291.60999
1705	291.51999
1706	291.31
1707	291.35001
1708	291.20999
1709	290.81
1710	290.29001
1711	289.85001
1712	289.42999
1713	287.92999
1714	287.44
1715	286.26999
1716	285.25
1717	284.81
1718	284.06
1719	283.73999
1720	283.26001
1721	283.22
1722	283.37
1723	283.37
1724	283.53
1725	283.78
1726	283.97
1727	284.32999
1728	284.75
1729	285.06
1730	285.06
1731	285.31
1732	285.57999
1733	285.69
1734	285.88
1735	286.10999
1736	286.34
1737	286.34
1738	286.73001
1739	286.94
1740	286.98001
1741	287.07001
1742	287.20999
1743	287.23999
1744	287.26001
1745	287.39999
1746	287.34
1747	287.47
1748	287.59
1749	287.64999
1750	287.76001
1751	287.73999
1752	287.97
1753	288.03
1754	288.09
1755	288.07001
1756	288.04999
1757	288.07001
1758	288.10999
1759	288.28
1760	288.32001
1761	288.39001
1762	288.39001
1763	288.34
1764	288.35999
1765	288.29999
1766	288.32001
1767	288.39001
1768	288.47
1769	288.47
1770	288.48999
1771	288.53
1772	288.45001
1773	288.42999
1774	288.41
1775	288.47
1776	288.53
1777	288.66
1778	288.62
1779	288.66
1780	288.70001
1781	288.91
1782	288.89001
1783	288.91
1784	288.78
1785	288.79999
1786	288.79999
1787	288.76001
1788	288.76001
1789	288.79999
1790	288.85001
1791	288.87
1792	288.73999
1793	288.76001
1794	288.82001
1795	288.87
1796	288.92999
1797	288.95001
1798	288.92999
1799	288.91
1800	288.85001
1801	288.85001
1802	288.91
1803	288.97
1804	288.98999
1805	288.97
1806	288.89001
1807	289.04999
1808	289.04999
1809	288.98999
1810	288.91
1811	288.91
1812	288.98999
1813	288.97
1814	288.97
1815	288.98999
1816	288.85001
1817	288.89001
1818	289.03
1819	288.98999
1820	289.10001
1821	289.01001
1822	289.04999
1823	289.01001
1824	288.95001
1825	289.01001
1826	289.04999
1827	289.07999
1828	289.07999
1829	289.03
1830	289.03
1831	289.14001
1832	289.17999
1833	289.17999
1834	289.07999
1835	289.16
1836	289.20001
1837	289.10001
1838	288.91
1839	288.98999
1840	288.98999
1841	288.92999
1842	289.04999
1843	289.10001
1844	289.03
1845	288.91
1846	288.92999
1847	288.98999
1848	289.14001
1849	289.12
1850	289.07999
1851	289.03
1852	288.98999
1853	288.97
1854	288.95001
1855	289.01001
1856	289.03
1857	288.97
1858	288.82001
1859	288.76001
1860	288.85001
1861	288.82001
1862	288.78
1863	288.79999
1864	288.91
1865	288.92999
1866	289.10001
1867	289.20001
1868	289.20001
1869	288.98999
1870	288.85001
1871	288.82001
1872	288.82001
1873	288.89001
1874	288.95001
1875	288.91
1876	288.79999
1877	288.66
1878	288.72
1879	288.72
1880	288.76001
1881	288.79999
1882	288.78
1883	288.79999
1884	288.79999
1885	288.82001
1886	288.82001
1887	288.91
1888	288.91
1889	288.91
1890	288.79999
1891	288.76001
1892	288.78
1893	288.76001
1894	288.79999
1895	288.79999
1896	288.85001
1897	288.87
1898	288.95001
1899	288.91
1900	288.85001
1901	288.76001
1902	288.76001
1903	288.85001
1904	288.85001
1905	288.92999
1906	288.95001
1907	288.92999
1908	288.89001
1909	288.78
1910	288.85001
1911	288.85001
1912	288.87
1913	288.79999
1914	288.85001
1915	288.78
1916	288.70001
1917	288.76001
1918	288.76001
1919	288.87
1920	288.85001
1921	288.89001
1922	288.87
1923	289.01001
1924	289.03
1925	288.98999
1926	289.07999
1927	289.10001
1928	288.98999
1929	288.89001
1930	288.89001
1931	288.92999
1932	288.95001
1933	288.87
1934	288.89001
1935	288.87
1936	289.01001
1937	289.04999
1938	289.03
1939	289.07999
1940	289.12
1941	288.95001
1942	289.03
1943	289.03
1944	289.16
1945	289.14001
1946	289.14001
1947	289.22
1948	289.31
1949	289.35001
1950	289.35001
1951	289.20001
1952	289.16
1953	289.20001
1954	289.12
1955	289.07999
1956	289.17999
1957	289.17999
1958	289.10001
1959	289.04999
1960	289.04999
1961	288.92999
1962	288.95001
1963	288.92999
1964	288.95001
1965	289.01001
1966	289.01001
1967	289.14001
1968	289.12
1969	289.03
1970	289.04999
1971	288.98999
1972	288.85001
1973	288.76001
1974	288.82001
1975	288.82001
1976	288.92999
1977	289.01001
1978	289.01001
1979	289.03
1980	289.01001
1981	288.95001
1982	288.95001
1983	288.92999
1984	288.82001
1985	288.87
1986	288.87
1987	288.85001
1988	288.97
1989	288.97
1990	288.91
1991	288.87
1992	288.79999
1993	289.01001
1994	289.22
1995	289.22
1996	289.41
1997	289.81
1998	289.97
1999	290.14001
2000	290.45999
2001	290.60001
2002	290.85001
2003	290.95999
2004	291.12
2005	291.19
2006	291.42001
2007	291.60999
2008	291.64999
2009	291.70999
2010	291.70999
2011	291.92001
2012	291.94
2013	291.98001
2014	291.98001
2015	292.01999
2016	292
2017	292.09
2018	292.13
2019	292.17001
2020	292.28
2021	292.28
2022	292.35999
2023	292.35999
2024	292.42001
2025	292.42001
2026	292.39999
2027	292.39999
2028	292.39999
2029	292.48001
2030	292.54999
2031	292.57001
2032	292.60999
2033	292.51001
2034	292.53
2035	292.51001
2036	292.39999
2037	292.39999
2038	292.57001
2039	292.70999
2040	292.69
2041	292.67001
2042	292.60999
2043	292.60999
2044	292.57001
2045	292.54999
2046	292.54999
2047	292.53
2048	292.57001
2049	292.54999
2050	292.53
2051	292.54999
2052	292.59
2053	292.59
2054	292.60999
2055	292.64999
2056	292.63
2057	292.59
2058	292.59
2059	292.54999
2060	292.54999
2061	292.67001
2062	292.64999
2063	292.64999
2064	292.64999
2065	292.67001
2066	292.63
2067	292.64999
2068	292.64999
2069	292.67001
2070	292.67001
2071	292.63
2072	292.64999
2073	292.64999
2074	292.70999
2075	292.70999
2076	292.76001
2077	292.78
2078	292.70999
2079	292.69
2080	292.67001
2081	292.73999
2082	292.70999
2083	292.73999
2084	292.70999
2085	292.70999
2086	292.64999
2087	292.57001
2088	292.53
2089	292.53
2090	292.54999
2091	292.57001
2092	292.57001
2093	292.59
2094	292.54999
2095	292.53
2096	292.67001
2097	292.76001
2098	292.70999
2099	292.70999
2100	292.70999
2101	292.64999
2102	292.64999
2103	292.60999
2104	292.57001
2105	292.59
2106	292.63
2107	292.67001
2108	292.63
2109	292.67001
2110	292.69
2111	292.78
2112	292.79999
2113	292.76001
2114	292.76001
2115	292.64999
2116	292.63
2117	292.70999
2118	292.78
2119	292.69
2120	292.67001
2121	292.69
2122	292.67001
2123	292.60999
2124	292.60999
2125	292.67001
2126	292.60999
2127	292.59
2128	292.60999
2129	292.64999
2130	292.70999
2131	292.70999
2132	292.82001
2133	292.82001
2134	292.84
2135	292.79999
2136	292.79999
2137	292.73999
2138	292.78
2139	292.63
2140	292.64999
2141	292.64999
2142	292.69
2143	292.64999
2144	292.63
2145	292.59
2146	292.64999
2147	292.60999
2148	292.54999
2149	292.59
2150	292.59
2151	292.67001
2152	292.67001
2153	292.73999
2154	292.67001
2155	292.69
2156	292.69
2157	292.57001
2158	292.67001
2159	292.69
2160	292.63
2161	292.53
2162	292.53
2163	292.53
2164	292.63
2165	292.63
2166	292.63
2167	292.53
2168	292.57001
2169	292.38
2170	292.38
2171	291.98001
2172	291.84
2173	291.84
2174	291.82001
2175	291.79001
2176	291.79001
2177	291.70999
2178	291.48001
2179	291.38
2180	291.26999
2181	291.06
2182	291.04001
2183	290.69
2184	290.37
2185	289.54001
2186	288.62
2187	287.51001
2188	286.26999
2189	285.73001
2190	284.76999
2191	284.35001
2192	283.72
2193	283.32001
2194	283.04999
2195	283.04999
2196	282.98999
2197	283.17999
2198	283.28
2199	283.60001
2200	283.97
2201	284.45001
2202	284.45001
2203	285.14001
2204	285.39001
2205	285.39001
2206	285.67001
2207	285.98001
2208	286.10999
2209	286.23001
2210	286.57001
2211	286.69
2212	286.75
2213	286.88
2214	287.01001
2215	287.03
2216	286.98001
2217	287.10999
2218	287.14999
2219	287.10999
2220	287.14999
2221	287.35999
2222	287.47
2223	287.54999
2224	287.72
2225	287.78
2226	287.79999
2227	287.79999
2228	287.67001
2229	287.88
2230	287.89999
2231	287.95001
2232	288.04999
2233	288.10999
2234	288.10999
2235	288.22
2236	288.22
2237	288.22
2238	288.29999
2239	288.35999
2240	288.41
2241	288.41
2242	288.51001
2243	288.51001
2244	288.54999
2245	288.59
2246	288.47
2247	288.45001
2248	288.39001
2249	288.34
2250	288.35999
2251	288.41
2252	288.32001
2253	288.26001
2254	288.39001
2255	288.35999
2256	288.41
2257	288.35999
2258	288.41
2259	288.42999
2260	288.48999
2261	288.59
2262	288.59
2263	288.54999
2264	288.54999
2265	288.67999
2266	288.67999
2267	288.82001
2268	288.87
2269	288.78
2270	288.78
2271	288.82001
2272	288.79999
2273	288.79999
2274	288.82001
2275	288.66
2276	288.67999
2277	288.85001
2278	288.89001
2279	288.91
2280	288.89001
2281	288.85001
2282	288.87
2283	288.85001
2284	288.89001
2285	288.82001
2286	288.87
2287	288.78
2288	288.72
2289	288.79999
2290	288.78
2291	288.72
2292	288.89001
2293	288.85001
2294	288.87
2295	288.89001
2296	289.04999
2297	289.14001
2298	289.20001
2299	289.16
2300	289.04999
2301	289.04999
2302	288.98999
2303	288.98999
2304	289.03
2305	289.03
2306	288.95001
2307	288.91
2308	288.87
2309	288.91
2310	288.97
2311	289.04999
2312	289.04999
2313	288.89001
2314	288.89001
2315	288.98999
2316	289.16
2317	289.26001
2318	289.26001
2319	289.16
2320	288.95001
2321	288.97
2322	288.89001
2323	288.85001
2324	288.82001
2325	288.73999
2326	288.72
2327	288.67999
2328	288.73999
2329	288.70001
2330	288.64001
2331	288.66
2332	288.64001
2333	288.66
2334	288.78
2335	288.85001
2336	288.92999
2337	288.92999
2338	288.85001
2339	288.78
2340	288.79999
2341	288.87
2342	288.82001
2343	288.87
2344	288.87
2345	288.97
2346	289.01001
2347	288.98999
2348	288.92999
2349	288.85001
2350	288.92999
2351	288.92999
2352	288.91
2353	288.87
2354	288.79999
2355	288.72
2356	288.72
2357	288.73999
2358	288.67999
2359	288.64001
2360	288.64001
2361	288.54999
2362	288.57001
2363	288.66
2364	288.79999
2365	288.73999
2366	288.97
2367	289.07999
2368	289.07999
2369	289.01001
2370	288.95001
2371	288.92999
2372	288.97
2373	289.03
2374	289.01001
2375	288.95001
2376	288.95001
2377	288.95001
2378	289.03
2379	289.04999
2380	289.14001
2381	289.07999
2382	289.04999
2383	289.04999
2384	288.98999
2385	288.95001
2386	288.92999
2387	288.97
2388	288.98999
2389	288.91
2390	289.03
2391	288.97
2392	288.92999
2393	288.98999
2394	288.95001
2395	288.78
2396	288.72
2397	288.70001
2398	288.91
2399	289.10001
2400	289.26001
2401	289.32999
2402	289.31
2403	289.32999
2404	289.26001
2405	289.26001
2406	289.20001
2407	289.17999
2408	289.17999
2409	288.95001
2410	288.92999
2411	288.92999
2412	288.91
2413	288.92999
2414	289.07999
2415	289.07999
2416	288.98999
2417	289.03
2418	289.03
2419	289.03
2420	288.92999
2421	288.82001
2422	288.82001
2423	288.95001
2424	288.97
2425	288.92999
2426	288.91
2427	288.85001
2428	288.79999
2429	288.87
2430	288.95001
2431	289.03
2432	289.07999
2433	289.01001
2434	289.01001
2435	288.98999
2436	288.95001
2437	289.01001
2438	289.04999
2439	289.14001
2440	289.10001
2441	289.10001
2442	289.07999
2443	289.14001
2444	289.17999
2445	289.16
2446	289.01001
2447	289.01001
2448	289.10001
2449	289.03
2450	288.97
2451	288.79999
2452	288.95001
2453	289.12
2454	289.12
2455	288.97
2456	289.07999
2457	289.10001
2458	289.03
2459	289.01001
2460	288.97
2461	288.85001
2462	288.95001
2463	288.95001
2464	288.97
2465	288.82001
2466	289.01001
2467	289.22
2468	289.37
2469	289.67999
2470	289.81
2471	289.91
2472	290.01999
2473	290.10001
2474	290.37
2475	290.5
2476	290.69
2477	290.81
2478	291
2479	291
2480	291.39999
2481	291.57999
2482	291.57999
2483	291.75
2484	291.82001
2485	291.88
2486	291.88
2487	292
2488	292.07001
2489	292
2490	292.01999
2491	291.95999
2492	292.04999
2493	292.04999
2494	292.17001
2495	292.14999
2496	292.19
2497	292.29999
2498	292.34
2499	292.38
2500	292.42001
2501	292.44
2502	292.44
2503	292.45999
2504	292.44
2505	292.39999
2506	292.39999
2507	292.45999
2508	292.29999
2509	292.29999
2510	292.34
2511	292.29999
2512	292.25
2513	292.32001
2514	292.32001
2515	292.34
2516	292.32001
2517	292.44
2518	292.44
2519	292.39999
2520	292.48001
2521	292.48001
2522	292.51001
2523	292.48001
2524	292.45999
2525	292.45999
2526	292.51001
2527	292.59
2528	292.59
2529	292.64999
2530	292.67001
2531	292.67001
2532	292.57001
2533	292.57001
2534	292.60999
2535	292.54999
2536	292.53
2537	292.57001
2538	292.60999
2539	292.57001
2540	292.57001
2541	292.51001
2542	292.54999
2543	292.48001
2544	292.48001
2545	292.44
2546	292.51001
2547	292.59
2548	292.54999
2549	292.59
2550	292.59
2551	292.51001
2552	292.59
2553	292.54999
2554	292.63
2555	292.63
2556	292.69
2557	292.69
2558	292.76001
2559	292.70999
2560	292.73999
2561	292.76001
2562	292.70999
2563	292.69
2564	292.69
2565	292.70999
2566	292.57001
2567	292.60999
2568	292.67001
2569	292.60999
2570	292.57001
2571	292.53
2572	292.48001
2573	292.53
2574	292.59
2575	292.51001
2576	292.54999
2577	292.53
2578	292.59
2579	292.57001
2580	292.60999
2581	292.67001
2582	292.53
2583	292.51001
2584	292.51001
2585	292.54999
2586	292.59
2587	292.64999
2588	292.69
2589	292.69
2590	292.67001
2591	292.63
2592	292.57001
2593	292.51001
2594	292.53
2595	292.57001
2596	292.57001
2597	292.60999
2598	292.60999
2599	292.59
2600	292.59
2601	292.60999
2602	292.64999
2603	292.67001
2604	292.60999
2605	292.57001
2606	292.59
2607	292.51001
2608	292.48001
2609	292.54999
2610	292.59
2611	292.59
2612	292.57001
2613	292.59
2614	292.70999
2615	292.70999
2616	292.70999
2617	292.63
2618	292.63
2619	292.73999
2620	292.73999
2621	292.63
2622	292.63
2623	292.63
2624	292.63
2625	292.63
2626	292.67001
2627	292.70999
2628	292.70999
2629	292.70999
2630	292.64999
2631	292.69
2632	292.67001
2633	292.64999
2634	292.64999
2635	292.64999
2636	292.48001
2637	292.51001
2638	292.53
2639	292.53
2640	292.51001
2641	292.54999
2642	292.51001
2643	292.32001
2644	292.14999
2645	291.75
2646	291.48001
2647	291.44
2648	291.31
2649	291.35001
2650	291.42001
2651	291.44
2652	291.45999
2653	291.31
2654	291.23001
2655	291.14999
2656	290.92001
2657	290.16
2658	289.51001
2659	288.59
2660	288.59
2661	286.64999
2662	285.5
2663	285
2664	284.12
2665	283.51001
2666	283.04999
2667	283.04999
2668	282.95001
2669	283.01001
2670	283.09
2671	283.51001
2672	283.95001
2673	284.06
2674	284.23999
2675	284.64001
2676	284.79001
2677	284.89001
2678	285.16
2679	285.48001
2680	285.60001
2681	285.70999
2682	285.95999
2683	285.98001
2684	286.23001
2685	286.51999
2686	286.69
2687	287.01001
2688	287.01001
2689	287.03
2690	287.10999
2691	287.28
2692	287.29999
2693	287.29999
2694	287.44
2695	287.60999
2696	287.82001
2697	287.82001
2698	287.89999
2699	287.89999
2700	288.09
2701	288.04999
2702	287.97
2703	288.22
2704	288.28
2705	288.35999
2706	288.35999
2707	288.41
2708	288.34
2709	288.34
2710	288.47
2711	288.53
2712	288.59
2713	288.59
2714	288.53
2715	288.47
2716	288.47
2717	288.54999
2718	288.66
2719	288.67999
2720	288.62
2721	288.59
2722	288.54999
2723	288.66
2724	288.70001
2725	288.67999
2726	288.67999
2727	288.67999
2728	288.73999
2729	288.70001
2730	288.79999
2731	288.79999
2732	288.85001
2733	288.70001
2734	288.78
2735	288.76001
2736	288.87
2737	288.95001
2738	288.95001
2739	288.97
2740	288.91
2741	288.87
2742	288.85001
2743	288.78
2744	288.87
2745	288.87
2746	288.64001
2747	288.64001
2748	288.70001
2749	288.73999
2750	288.72
2751	288.67999
2752	288.67999
2753	288.87
2754	288.89001
2755	288.95001
2756	288.91
2757	288.89001
2758	288.89001
2759	288.89001
2760	289.01001
2761	289.04999
2762	289.07999
2763	289.10001
2764	289.10001
2765	289.04999
2766	289.10001
2767	289.12
2768	289.16
2769	289.07999
2770	289.07999
2771	288.98999
2772	288.95001
2773	288.92999
2774	288.89001
2775	288.89001
2776	288.98999
2777	288.98999
2778	289.10001
2779	289.20001
2780	289.20001
2781	289.16
2782	289.01001
2783	288.97
2784	288.97
2785	288.92999
2786	288.97
2787	288.97
2788	289.12
2789	289.17999
2790	289.14001
2791	289.14001
2792	289.03
2793	289.10001
2794	289.07999
2795	289.03
2796	289.01001
2797	288.98999
2798	289.01001
2799	288.89001
2800	288.87
2801	288.95001
2802	288.92999
2803	288.91
2804	288.78
2805	288.78
2806	288.85001
2807	288.91
2808	288.95001
2809	288.95001
2810	288.91
2811	288.79999
2812	288.72
2813	288.72
2814	288.67999
2815	288.76001
2816	288.76001
2817	288.85001
2818	288.79999
2819	288.82001
2820	288.89001
2821	288.97
2822	289.01001
2823	289.14001
2824	289.04999
2825	288.95001
2826	288.85001
2827	288.85001
2828	288.82001
2829	288.95001
2830	289.07999
2831	289.07999
2832	289.04999
2833	288.97
2834	288.91
2835	288.92999
2836	288.95001
2837	288.91
2838	288.73999
2839	288.62
2840	288.79999
2841	288.79999
2842	288.87
2843	288.95001
2844	288.98999
2845	289.07999
2846	289.14001
2847	289.10001
2848	289.10001
2849	289.12
2850	289.07999
2851	289.04999
2852	289.10001
2853	288.95001
2854	288.92999
2855	288.87
2856	288.72
2857	288.73999
2858	288.82001
2859	288.85001
2860	288.85001
2861	288.78
2862	288.78
2863	288.98999
2864	289.03
2865	289.07999
2866	289.10001
2867	289.10001
2868	288.95001
2869	288.91
2870	288.78
2871	288.82001
2872	289.03
2873	289.10001
2874	288.98999
2875	288.97
2876	288.92999
2877	288.85001
2878	288.79999
2879	288.87
2880	288.87
2881	288.85001
2882	288.85001
2883	288.91
2884	288.87
2885	288.87
2886	288.92999
2887	288.92999
2888	288.98999
2889	289.04999
2890	289.04999
2891	289.20001
2892	289.12
2893	288.98999
2894	288.95001
2895	288.91
2896	288.85001
2897	288.95001
2898	288.98999
2899	289.04999
2900	289.04999
2901	289.10001
2902	289.10001
2903	289.12
2904	289.01001
2905	289.01001
2906	288.98999
2907	289.03
2908	289.03
2909	288.95001
2910	288.98999
2911	289.10001
2912	289.10001
2913	289.10001
2914	288.95001
2915	288.98999
2916	288.95001
2917	288.91
2918	288.92999
2919	288.92999
2920	289.01001
2921	289.07999
2922	289.14001
2923	289.12
2924	289.12
2925	289.14001
2926	289.14001
2927	289.04999
2928	288.98999
2929	289.10001
2930	289.22
2931	289.23999
2932	289.23999
2933	289.22
2934	289.14001
2935	289.12
2936	288.95001
2937	288.97
2938	288.97
2939	289.03
2940	289.17999
2941	289.35001
2942	289.37
2943	289.56
2944	289.82999
2945	289.92999
2946	290.06
2947	290.23001
2948	290.51999
2949	290.75
2950	290.94
2951	290.94
2952	291.20999
2953	291.25
2954	291.38
2955	291.5
2956	291.73001
2957	291.84
2958	291.84
2959	291.88
2960	291.89999
2961	291.92001
2962	291.98001
2963	291.92001
2964	292.04999
2965	292
2966	292.20999
2967	292.28
2968	292.17001
2969	292.17001
2970	292.17001
2971	292.17001
2972	292.13
2973	292.17001
2974	292.17001
2975	292.20999
2976	292.28
2977	292.29999
2978	292.23001
2979	292.25
2980	292.25
2981	292.34
2982	292.20999
2983	292.20999
2984	292.35999
2985	292.32001
2986	292.38
2987	292.39999
2988	292.44
2989	292.42001
2990	292.42001
2991	292.38
2992	292.29999
2993	292.35999
2994	292.32001
2995	292.38
2996	292.44
2997	292.44
2998	292.48001
2999	292.48001
3000	292.51001
3001	292.57001
3002	292.57001
3003	292.60999
3004	292.59
3005	292.57001
3006	292.60999
3007	292.63
3008	292.63
3009	292.60999
3010	292.59
3011	292.64999
3012	292.59
3013	292.54999
3014	292.54999
3015	292.69
3016	292.76001
3017	292.85999
3018	292.79999
3019	292.79999
3020	292.76001
3021	292.85999
3022	292.85999
3023	292.79999
3024	292.88
3025	292.89999
3026	292.92001
3027	292.84
3028	292.82001
3029	292.82001
3030	292.88
3031	292.82001
3032	292.82001
3033	292.73999
3034	292.69
3035	292.70999
3036	292.70999
3037	292.78
3038	292.82001
3039	292.84
3040	292.73999
3041	292.67001
3042	292.70999
3043	292.76001
3044	292.82001
3045	292.84
3046	292.88
3047	292.98999
3048	292.89999
3049	293.01001
3050	292.97
3051	293.04999
3052	292.97
3053	292.94
3054	292.94
3055	292.79999
3056	292.63
3057	292.60999
3058	292.69
3059	292.79999
3060	292.79999
3061	292.79999
3062	292.78
3063	292.85999
3064	292.79999
3065	292.79999
3066	292.78
3067	292.79999
3068	292.79999
3069	292.79999
3070	292.84
3071	292.89999
3072	292.94
3073	292.89999
3074	292.82001
3075	292.78
3076	292.79999
3077	292.78
3078	292.88
3079	292.85999
3080	292.85999
3081	292.89999
3082	292.89999
3083	292.92001
3084	292.88
3085	292.88
3086	292.88
3087	292.88
3088	292.88
3089	292.89999
3090	292.84
3091	292.84
3092	293.01001
3093	293.01001
3094	292.97
3095	292.94
3096	292.92001
3097	292.89999
3098	292.88
3099	292.84
3100	292.84
3101	292.82001
3102	292.78
3103	292.79999
3104	292.79999
3105	292.88
3106	292.85999
3107	292.85999
3108	292.85999
3109	292.79999
3110	292.82001
3111	292.76001
3112	292.73999
3113	292.79999
3114	292.79999
3115	292.79999
3116	292.70999
3117	292.38
3118	292.14999
3119	292.10999
3120	291.98001
3121	291.84
3122	291.69
3123	291.60999
3124	291.67001
3125	291.57999
3126	291.60999
3127	291.39999
3128	291.32999
3129	290.98001
3130	290.5
3131	289.97
3132	289.97
3133	288.28
3134	287.03
3135	286.44
3136	285.39001
3137	284.5
3138	283.85001
3139	283.85001
3140	283.14001
3141	282.95001
3142	283.04999
3143	283.20001
3144	283.32001
3145	283.41
3146	283.48999
3147	283.87
3148	284.04001
3149	284.31
3150	284.79001
3151	285.16
3152	285.32999
3153	285.5
3154	285.95999
3155	286.01999
3156	286.07999
3157	286.26999
3158	286.29001
3159	286.51999
3160	286.64999
3161	286.88
3162	286.94
3163	287.10999
3164	287.10999
3165	287.44
3166	287.67001
3167	287.60999
3168	287.64999
3169	287.67001
3170	287.79999
3171	287.79999
3172	287.82001
3173	287.88
3174	287.97
3175	288.03
3176	288.01001
3177	288.10999
3178	288.10999
3179	288.35999
3180	288.47
3181	288.39001
3182	288.42999
3183	288.41
3184	288.39001
3185	288.39001
3186	288.39001
3187	288.45001
3188	288.42999
3189	288.48999
3190	288.42999
3191	288.48999
3192	288.47
3193	288.59
3194	288.59
3195	288.76001
3196	288.85001
3197	288.76001
3198	288.67999
3199	288.72
3200	288.72
3201	288.85001
3202	288.97
3203	288.97
3204	288.85001
3205	288.70001
3206	288.73999
3207	288.78
3208	288.72
3209	288.70001
3210	288.70001
3211	288.76001
3212	288.70001
3213	288.62
3214	288.78
3215	288.67999
3216	288.73999
3217	288.64001
3218	288.73999
3219	288.87
3220	288.82001
3221	288.89001
3222	288.78
3223	288.89001
3224	288.91
3225	288.92999
3226	288.89001
3227	288.95001
3228	288.91
3229	288.89001
3230	288.87
3231	288.91
3232	288.87
3233	288.89001
3234	288.98999
3235	288.98999
3236	289.03
3237	288.98999
3238	289.03
3239	288.91
3240	288.87
3241	288.82001
3242	288.82001
3243	288.73999
3244	288.89001
3245	288.92999
3246	288.92999
3247	288.91
3248	288.97
3249	288.97
3250	289.07999
3251	289.07999
3252	289.01001
3253	288.95001
3254	289.03
3255	288.98999
3256	289.04999
3257	289.10001
3258	289.04999
3259	289.16
3260	289.22
3261	289.23999
3262	289.28
3263	289.20001
3264	289.07999
3265	289.03
3266	288.92999
3267	288.98999
3268	289.07999
3269	289.03
3270	289.10001
3271	289.01001
3272	289.17999
3273	289.16
3274	289.16
3275	289.22
3276	289.20001
3277	289.20001
3278	289.22
3279	289.23999
3280	289.31
3281	289.31
3282	289.23999
3283	289.20001
3284	289.22
3285	289.22
3286	289.20001
3287	289.28
3288	289.22
3289	289.20001
3290	289.16
3291	289.17999
3292	289.23999
3293	289.35001
3294	289.26001
3295	289.23999
3296	289.14001
3297	289.10001
3298	289.14001
3299	289.10001
3300	289.10001
3301	289.07999
3302	289.12
3303	289.14001
3304	289.10001
3305	289.07999
3306	289.07999
3307	289.10001
3308	289.22
3309	289.20001
3310	289.22
3311	289.26001
3312	289.35001
3313	289.35001
3314	289.35001
3315	289.37
3316	289.17999
3317	289.20001
3318	289.10001
3319	289.04999
3320	289.04999
3321	289.20001
3322	289.26001
3323	289.23999
3324	289.35001
3325	289.26001
3326	289.20001
3327	289.12
3328	289.22
3329	289.23999
3330	289.26001
3331	289.16
3332	289.17999
3333	289.20001
3334	289.32999
3335	289.37
3336	289.39001
3337	289.45001
3338	289.41
3339	289.47
3340	289.32999
3341	289.28
3342	289.22
3343	289.23999
3344	289.17999
3345	289.17999
3346	289.23999
3347	289.26001
3348	289.28
3349	289.26001
3350	289.35001
3351	289.28
3352	289.28
3353	289.31
3354	289.26001
3355	289.23999
3356	289.17999
3357	289.22
3358	289.20001
3359	289.23999
3360	289.17999
3361	289.23999
3362	289.17999
3363	289.23999
3364	289.14001
3365	289.22
3366	289.23999
3367	289.35001
3368	289.37
3369	289.39001
3370	289.23999
3371	289.28
3372	289.20001
3373	289.12
3374	289.16
3375	289.26001
3376	289.23999
3377	289.22
3378	289.23999
3379	289.20001
3380	289.17999
3381	289.12
3382	289.10001
3383	289.14001
3384	289.14001
3385	289.07999
3386	289.07999
3387	289.12
3388	289.01001
3389	289.03
3390	288.98999
3391	288.98999
3392	289.10001
3393	289.16
3394	289.20001
3395	289.20001
3396	289.16
3397	289.17999
3398	289.26001
3399	289.26001
3400	289.26001
3401	289.20001
3402	289.16
3403	289.20001
3404	289.14001
3405	289.14001
3406	289.12
3407	289.16
3408	289.17999
3409	289.14001
3410	289.22
3411	289.32999
3412	289.31
3413	289.42999
3414	289.54001
3415	289.72
3416	289.72
3417	290.20001
3418	290.29001
3419	290.42999
3420	290.57999
3421	290.95999
3422	291.23001
3423	291.23001
3424	291.64999
3425	291.84
3426	291.84
3427	291.85999
3428	292.09
3429	292.17001
3430	292.17001
3431	292.20999
3432	292.13
3433	292.13
3434	292.25
3435	292.38
3436	292.39999
3437	292.39999
3438	292.53
3439	292.53
3440	292.54999
3441	292.59
3442	292.57001
3443	292.59
3444	292.54999
3445	292.57001
3446	292.69
3447	292.85999
3448	292.79999
3449	292.82001
3450	292.79999
3451	292.73999
3452	292.78
3453	292.79999
3454	292.79999
3455	292.79999
3456	292.73999
3457	292.73999
3458	292.82001
3459	292.85999
3460	292.73999
3461	292.67001
3462	292.67001
3463	292.82001
3464	292.79999
3465	292.88
3466	292.76001
3467	292.85999
3468	292.82001
3469	292.79999
3470	292.85999
3471	292.88
3472	292.82001
3473	292.89999
3474	293.01001
3475	292.94
3476	292.84
3477	292.84
3478	292.82001
3479	292.94
3480	293.03
3481	293.03
3482	293.01001
3483	293.03
3484	292.97
3485	293.03
3486	293.01001
3487	293.01001
3488	292.89999
3489	292.88
3490	292.85999
3491	292.89999
3492	293.01001
3493	293.04999
3494	293.04999
3495	292.98999
3496	292.89999
3497	292.88
3498	292.97
3499	293.03
3500	293.01001
3501	293.01001
3502	293.14999
3503	292.98999
3504	292.97
3505	292.89999
3506	292.89999
3507	292.94
3508	292.89999
3509	292.84
3510	292.82001
3511	292.88
3512	292.94
3513	292.98999
3514	292.97
3515	293.01001
3516	292.85999
3517	292.94
3518	292.97
3519	292.94
3520	292.92001
3521	292.94
3522	292.88
3523	292.79999
3524	292.70999
3525	292.70999
3526	292.70999
3527	292.76001
3528	292.88
3529	292.82001
3530	292.89999
3531	292.92001
3532	292.97
3533	292.97
3534	292.97
3535	292.88
3536	292.88
3537	293.04999
3538	293.03
3539	293.03
3540	293.01001
3541	292.98999
3542	292.89999
3543	292.85999
3544	292.89999
3545	292.92001
3546	292.89999
3547	292.94
3548	292.79999
3549	292.85999
3550	292.85999
3551	292.97
3552	293.03
3553	292.98999
3554	292.92001
3555	292.97
3556	292.97
3557	292.92001
3558	292.92001
3559	292.97
3560	292.88
3561	292.84
3562	292.85999
3563	292.97
3564	292.89999
3565	292.89999
3566	292.76001
3567	292.88
3568	292.85999
3569	292.88
3570	292.85999
3571	292.82001
3572	292.82001
3573	292.79999
3574	292.85999
3575	292.82001
3576	292.92001
3577	293.01001
3578	293.01001
3579	292.92001
3580	293.01001
3581	292.94
3582	292.88
3583	292.98999
3584	293.04999
3585	292.98999
3586	292.94
3587	293.01001
3588	293.04999
3589	292.88
3590	292.57001
3591	292.39999
3592	292.13
3593	291.92001
3594	291.82001
3595	291.89999
3596	291.84
3597	291.84
3598	291.75
3599	291.70999
3600	291.57999
3601	291.38
3602	291.20999
3603	290.66
3604	290.66
3605	289.67999
3606	288.89001
3607	288.32001
3608	287.07001
3609	285.82999
3610	285.26999
3611	284.76999
3612	283.72
3613	283.42999
3614	283.35001
3615	283.12
3616	283.20001
3617	283.39001
3618	283.47
3619	283.85001
3620	283.95001
3621	284.07999
3622	284.23999
3623	284.29001
3624	284.22
3625	284.26999
3626	284.39001
3627	284.64001
3628	284.85001
3629	285.07999
3630	285.20999
3631	285.37
3632	285.44
3633	285.48001
3634	285.54001
3635	285.57999
3636	285.57999
3637	285.81
3638	285.79001
3639	285.82999
3640	285.85001
3641	285.81
3642	285.82999
3643	285.82999
3644	285.73001
3645	285.73001
3646	285.70999
3647	285.73001
3648	285.56
3649	285.32999
3650	285.23001
3651	285.12
3652	285.12
3653	285.35001
3654	284.92999
3655	284.41
3656	283.95001
3657	283.66
3658	282.82001
3659	282.32001
3660	281.59
3661	280.94
3662	280.64999
3663	280.17001
3664	280.07999
3665	279.76999
3666	279.81
3667	279.54001
3668	279.54001
3669	278.64001
3670	278.16
3671	278.01001
3672	277.82001
3673	277.87
3674	277.64001
3675	277.64001
3676	276.92001
3677	276.67001
3678	276.78
3679	276.89999
3680	276.64999
3681	276.54999
3682	276.54999
3683	276.26001
3684	275.64999
3685	275.34
3686	274.44
3687	273.85001
3688	273.45001
3689	273.10001
3690	272.42999
3691	272.37
3692	272.42999
3693	272.70001
3694	272.87
3695	272.98999
3696	272.97
3697	272.76001
3698	272.89001
3699	274.31
3700	277.78
3701	279.41
3702	281.84
3703	282.73999
3704	283.87
3705	284.47
3706	284.92999
3707	284.92999
3708	285.32999
3709	285.44
3710	285.48001
3711	285.69
3712	285.82999
3713	285.85001
3714	285.85001
3715	286.04001
3716	286.14999
3717	286.23001
3718	286.39999
3719	286.54001
3720	286.63
3721	286.63
3722	286.89999
3723	287.01001
3724	287.07001
3725	286.95999
3726	286.98001
3727	286.98001
3728	287.01001
3729	287.20999
3730	287.28
3731	287.34
3732	287.48999
3733	287.42001
3734	287.42001
3735	287.42001
3736	287.42001
3737	287.48999
3738	287.53
3739	287.53
3740	287.72
3741	287.64999
3742	287.79999
3743	287.82001
3744	287.78
3745	287.78
3746	287.78
3747	287.84
3748	287.88
3749	287.89999
3750	287.84
3751	287.82001
3752	287.88
3753	287.88
3754	288.04999
3755	288.07001
3756	288.22
3757	288.20001
3758	288.20001
3759	288.22
3760	288.10999
3761	288.22
3762	288.22
3763	288.26001
3764	288.28
3765	288.20001
3766	288.10999
3767	288.13
3768	288.22
3769	288.26001
3770	288.29999
3771	288.34
3772	288.32001
3773	288.29999
3774	288.28
3775	288.28
3776	288.22
3777	288.23999
3778	288.23999
3779	288.20001
3780	288.16
3781	288.20001
3782	288.29999
3783	288.34
3784	288.23999
3785	288.23999
3786	288.29999
3787	288.29999
3788	288.41
3789	288.34
3790	288.34
3791	288.29999
3792	288.26001
3793	288.23999
3794	288.28
3795	288.35999
3796	288.53
3797	288.42999
3798	288.42999
3799	288.51001
3800	288.42999
3801	288.35999
3802	288.26001
3803	288.17999
3804	288.26001
3805	288.26001
3806	288.29999
3807	288.57001
3808	288.64001
3809	288.54999
3810	288.54999
3811	288.47
3812	288.51001
3813	288.54999
3814	288.51001
3815	288.39001
3816	288.26001
3817	288.26001
3818	288.28
3819	288.32001
3820	288.41
3821	288.32001
3822	288.41
3823	288.42999
3824	288.42999
3825	288.54999
3826	288.59
3827	288.47
3828	288.32001
3829	288.29999
3830	288.23999
3831	288.26001
3832	288.17999
3833	288.17999
3834	288.20001
3835	288.17999
3836	288.35999
3837	288.39001
3838	288.39001
3839	288.47
3840	288.47
3841	288.48999
3842	288.47
3843	288.48999
3844	288.45001
3845	288.45001
3846	288.45001
3847	288.48999
3848	288.35999
3849	288.35999
3850	288.26001
3851	288.23999
3852	288.29999
3853	288.32001
3854	288.34
3855	288.45001
3856	288.45001
3857	288.28
3858	288.41
3859	288.41
3860	288.51001
3861	288.48999
3862	288.48999
3863	288.51001
3864	288.48999
3865	288.35999
3866	288.39001
3867	288.29999
3868	288.23999
3869	288.17999
3870	288.34
3871	288.34
3872	288.34
3873	288.32001
3874	288.34
3875	288.45001
3876	288.47
3877	288.54999
3878	288.67999
3879	288.62
3880	288.57001
3881	288.53
3882	288.54999
3883	288.64001
3884	288.54999
3885	288.41
3886	288.66
3887	288.95001
3888	288.95001
3889	289.20001
3890	289.31
3891	289.39001
3892	289.64001
3893	289.85001
3894	290.04001
3895	290.04001
3896	290.32999
3897	290.57999
3898	290.64001
3899	290.94
3900	291.01999
3901	290.98001
3902	291.10001
3903	291.14999
3904	291.14999
3905	291.20999
3906	291.29001
3907	291.29001
3908	291.31
3909	291.35001
3910	291.44
3911	291.35001
3912	291.35001
3913	291.35001
3914	291.29001
3915	291.29001
3916	291.26999
3917	291.29001
3918	291.51999
3919	291.44
3920	291.44
3921	291.56
3922	291.63
3923	291.60999
3924	291.82001
3925	291.70999
3926	291.60999
3927	291.60999
3928	291.60999
3929	291.67001
3930	291.70999
3931	291.70999
3932	291.75
3933	291.82001
3934	291.82001
3935	291.76999
3936	291.82001
3937	291.82001
3938	291.79001
3939	291.64999
3940	291.76999
3941	291.76999
3942	291.89999
3943	291.92001
3944	291.95999
3945	291.95999
3946	291.88
3947	291.88
3948	291.85999
3949	291.79001
3950	291.92001
3951	292.10999
3952	292.13
3953	292.09
3954	292.04999
3955	292.09
3956	292.04999
3957	291.98001
3958	291.94
3959	291.94
3960	291.76999
3961	291.84
3962	291.88
3963	291.94
3964	291.92001
3965	291.88
3966	291.88
3967	291.88
3968	291.88
3969	291.84
3970	291.82001
3971	291.88
3972	291.95999
3973	291.94
3974	291.92001
3975	291.95999
3976	291.82001
3977	291.79001
3978	291.75
3979	291.73001
3980	291.70999
3981	291.70999
3982	291.69
3983	291.67001
3984	291.70999
3985	291.76999
3986	291.85999
3987	291.88
3988	291.79001
3989	291.88
3990	291.85999
3991	291.85999
3992	291.82001
3993	291.82001
3994	291.84
3995	291.88
3996	291.84
3997	291.76999
3998	291.76999
3999	291.75
4000	291.79001
4001	291.88
4002	291.76999
4003	291.92001
4004	291.89999
4005	291.89999
4006	291.92001
4007	291.92001
4008	291.92001
4009	291.88
4010	291.88
4011	291.92001
4012	291.88
4013	291.88
4014	291.84
4015	291.88
4016	291.98001
4017	291.95999
4018	291.98001
4019	291.95999
4020	292
4021	292.04999
4022	291.92001
4023	291.89999
4024	291.85999
4025	292.01999
4026	292
4027	292
4028	291.94
4029	291.98001
4030	291.98001
4031	291.89999
4032	291.89999
4033	291.92001
4034	292
4035	291.95999
4036	291.92001
4037	291.92001
4038	291.88
4039	291.84
4040	291.85999
4041	291.82001
4042	291.73001
4043	291.84
4044	291.88
4045	291.88
4046	291.76999
4047	291.79001
4048	291.84
4049	291.84
4050	291.95999
4051	291.95999
4052	291.76999
4053	291.82001
4054	291.84
4055	291.88
4056	291.92001
4057	291.94
4058	291.95999
4059	292
4060	291.98001
4061	291.95999
4062	291.95999
4063	291.64999
4064	291.31
4065	291.17001
4066	291
4067	290.85001
4068	290.76999
4069	290.76999
4070	290.60001
4071	290.5
4072	290.41
4073	290.5
4074	290.20001
4075	289.89001
4076	289.89001
4077	289.03
4078	288.16
4079	287.60999
4080	286.17001
4081	284.92999
4082	284.42999
4083	283.91
4084	282.78
4085	282.48999
4086	282.14999
4087	282.04999
4088	282.13
4089	282.60999
4090	282.84
4091	283.35001
4092	283.51001
4093	284.06
4094	284.47
4095	284.64001
4096	284.91
4097	284.95999
4098	285.16
4099	285.44
4100	285.64999
4101	285.64999
4102	286.13
4103	286.29001
4104	286.31
4105	286.26999
4106	286.42001
4107	286.44
4108	286.44
4109	286.54001
4110	286.57001
4111	286.63
4112	286.60999
4113	286.70999
4114	286.76999
4115	286.85999
4116	286.98001
4117	287.07001
4118	287.10999
4119	287.23999
4120	287.28
4121	287.28
4122	287.35999
4123	287.67001
4124	287.73999
4125	287.84
4126	287.95001
4127	287.92999
4128	287.95001
4129	287.85999
4130	287.79999
4131	287.97
4132	287.98999
4133	287.89999
4134	287.85999
4135	287.85999
4136	287.82001
4137	287.85999
4138	287.85999
4139	287.82001
4140	287.82001
4141	287.92999
4142	288.04999
4143	287.95001
4144	287.98999
4145	288.10999
4146	288.07001
4147	288.07001
4148	288.23999
4149	288.22
4150	288.20001
4151	288.17999
4152	288.09
4153	288.13
4154	288.17999
4155	288.23999
4156	288.23999
4157	288.29999
4158	288.20001
4159	288.10999
4160	288.07001
4161	288.04999
4162	288.17999
4163	288.20001
4164	288.22
4165	288.20001
4166	288.22
4167	288.32001
4168	288.20001
4169	288.10999
4170	288.07001
4171	287.92999
4172	287.92999
4173	287.89999
4174	287.84
4175	287.82001
4176	287.88
4177	288.04999
4178	288.20001
4179	288.20001
4180	288.32001
4181	288.32001
4182	288.29999
4183	288.26001
4184	288.28
4185	288.17999
4186	288.17999
4187	288.32001
4188	288.45001
4189	288.48999
4190	288.48999
4191	288.42999
4192	288.32001
4193	288.35999
4194	288.28
4195	288.16
4196	288.20001
4197	288.13
4198	288.16
4199	288.22
4200	288.22
4201	288.22
4202	288.20001
4203	288.16
4204	288.20001
4205	288.26001
4206	288.28
4207	288.28
4208	288.29999
4209	288.26001
4210	288.16
4211	288.16
4212	288.39001
4213	288.29999
4214	288.29999
4215	288.22
4216	288.34
4217	288.41
4218	288.41
4219	288.17999
4220	288.20001
4221	288.13
4222	288.17999
4223	288.20001
4224	288.22
4225	288.34
4226	288.29999
4227	288.26001
4228	288.13
4229	288.10999
4230	288.22
4231	288.17999
4232	288.20001
4233	288.22
4234	288.16
4235	288.10999
4236	288.28
4237	288.26001
4238	288.26001
4239	288.23999
4240	288.22
4241	288.17999
4242	288.26001
4243	288.26001
4244	288.17999
4245	288.16
4246	288.09
4247	288.10999
4248	288.16
4249	288.34
4250	288.34
4251	288.26001
4252	288.22
4253	288.07001
4254	288.04999
4255	288.16
4256	288.10999
4257	288.10999
4258	288.23999
4259	288.26001
4260	288.26001
4261	288.29999
4262	288.35999
4263	288.39001
4264	288.39001
4265	288.28
4266	288.23999
4267	288.09
4268	288.13
4269	288.13
4270	288.28
4271	288.34
4272	288.39001
4273	288.39001
4274	288.39001
4275	288.26001
4276	288.13
4277	288.10999
4278	288.07001
4279	288.04999
4280	288.04999
4281	288.16
4282	288.16
4283	288.20001
4284	287.98999
4285	288.04999
4286	288.22
4287	288.16
4288	288.20001
4289	288.20001
4290	288.23999
4291	288.26001
4292	288.20001
4293	288.20001
4294	288.16
4295	288.17999
4296	288.20001
4297	288.29999
4298	288.28
4299	288.22
4300	288.13
4301	288.17999
4302	288.23999
4303	288.28
4304	288.22
4305	288.16
4306	288.07001
4307	288.09
4308	288.10999
4309	288.22
4310	288.29999
4311	288.26001
4312	288.09
4313	288.09
4314	288.09
4315	288.13
4316	288.17999
4317	288.03
4318	288.09
4319	288.16
4320	288.04999
4321	288.04999
4322	288.07001
4323	288.13
4324	288.16
4325	288.20001
4326	288.13
4327	288.28
4328	288.28
4329	288.26001
4330	288.10999
4331	288.03
4332	287.98999
4333	288.13
4334	288.07001
4335	288.13
4336	288.28
4337	288.32001
4338	288.32001
4339	288.26001
4340	288.17999
4341	288.13
4342	288.17999
4343	288.17999
4344	288.16
4345	288.10999
4346	288.20001
4347	288.32001
4348	288.32001
4349	288.34
4350	288.22
4351	288.22
4352	288.23999
4353	288.23999
4354	288.34
4355	288.39001
4356	288.48999
4357	288.42999
4358	288.32001
4359	288.35999
4360	288.35999
4361	288.47
4362	288.72
4363	288.70001
4364	289.03
4365	289.35001
4366	289.41
4367	289.57999
4368	290
4369	290.17999
4370	290.29001
4371	290.5
4372	290.70999
4373	290.81
4374	290.85001
4375	290.98001
4376	290.89001
4377	290.98001
4378	291
4379	291.04001
4380	291.19
4381	291.20999
4382	291.26999
4383	291.31
4384	291.26999
4385	291.26999
4386	291.29001
4387	291.42001
4388	291.44
4389	291.44
4390	291.44
4391	291.32999
4392	291.32999
4393	291.44
4394	291.39999
4395	291.42001
4396	291.44
4397	291.5
4398	291.56
4399	291.56
4400	291.48001
4401	291.56
4402	291.54001
4403	291.64999
4404	291.75
4405	291.67001
4406	291.67001
4407	291.51999
4408	291.56
4409	291.64999
4410	291.57999
4411	291.60999
4412	291.56
4413	291.56
4414	291.60999
4415	291.51999
4416	291.56
4417	291.64999
4418	291.73001
4419	291.73001
4420	291.57999
4421	291.75
4422	291.73001
4423	291.76999
4424	291.76999
4425	291.73001
4426	291.73001
4427	291.76999
4428	291.76999
4429	291.69
4430	291.67001
4431	291.67001
4432	291.67001
4433	291.73001
4434	291.82001
4435	291.64999
4436	291.60999
4437	291.67001
4438	291.67001
4439	291.69
4440	291.67001
4441	291.56
4442	291.51999
4443	291.64999
4444	291.57999
4445	291.60999
4446	291.51999
4447	291.54001
4448	291.60999
4449	291.54001
4450	291.48001
4451	291.60999
4452	291.67001
4453	291.67001
4454	291.69
4455	291.57999
4456	291.57999
4457	291.56
4458	291.63
4459	291.57999
4460	291.57999
4461	291.56
4462	291.67001
4463	291.67001
4464	291.64999
4465	291.73001
4466	291.79001
4467	291.73001
4468	291.69
4469	291.64999
4470	291.64999
4471	291.67001
4472	291.76999
4473	291.70999
4474	291.67001
4475	291.70999
4476	291.82001
4477	291.70999
4478	291.70999
4479	291.79001
4480	291.73001
4481	291.73001
4482	291.94
4483	291.82001
4484	291.85999
4485	291.82001
4486	291.79001
4487	291.79001
4488	291.82001
4489	291.76999
4490	291.82001
4491	291.79001
4492	291.92001
4493	291.82001
4494	291.82001
4495	291.82001
4496	291.70999
4497	291.82001
4498	291.82001
4499	291.89999
4500	291.82001
4501	291.84
4502	291.84
4503	291.95999
4504	291.84
4505	291.79001
4506	291.82001
4507	291.67001
4508	291.63
4509	291.63
4510	291.64999
4511	291.70999
4512	291.64999
4513	291.60999
4514	291.60999
4515	291.48001
4516	291.5
4517	291.5
4518	291.48001
4519	291.44
4520	291.45999
4521	291.5
4522	291.48001
4523	291.44
4524	291.44
4525	291.32999
4526	291.32999
4527	291.44
4528	291.45999
4529	291.5
4530	291.48001
4531	291.39999
4532	291.38
4533	291.44
4534	291.44
4535	291.29001
4536	291.10001
4537	290.95999
4538	290.48001
4539	290.26999
4540	290.12
4541	290.12
4542	290.01999
4543	290
4544	290.10001
4545	290.23001
4546	290.20001
4547	290.20001
4548	290.14001
4549	289.62
4550	289.42999
4551	288.79999
4552	287.98999
4553	287.14999
4554	286.70999
4555	286.23001
4556	284.67999
4557	284.23999
4558	283.35001
4559	282.79999
4560	282.66
4561	282.38
4562	282.22
4563	282.20001
4564	282.20001
4565	282.39999
4566	282.39999
4567	282.98999
4568	283.39001
4569	283.54999
4570	283.89001
4571	284.20001
4572	284.39001
4573	284.39001
4574	284.73001
4575	285
4576	285.16
4577	285.29001
4578	285.32999
4579	285.48001
4580	285.48001
4581	285.75
4582	285.81
4583	285.94
4584	286.13
4585	286.17001
4586	286.26999
4587	286.34
4588	286.5
4589	286.48001
4590	286.59
4591	286.60999
4592	286.51999
4593	286.60999
4594	286.67001
4595	286.69
4596	286.85999
4597	287.01001
4598	287.13
4599	287.09
4600	287.01001
4601	286.95999
4602	286.98001
4603	287.09
4604	287.19
4605	287.19
4606	287.35999
4607	287.34
4608	287.32001
4609	287.48999
4610	287.59
4611	287.60999
4612	287.60999
4613	287.44
4614	287.35999
4615	287.34
4616	287.48999
4617	287.39999
4618	287.35999
4619	287.47
4620	287.44
4621	287.47
4622	287.35999
4623	287.48999
4624	287.57001
4625	287.54999
4626	287.47
4627	287.64999
4628	287.57001
4629	287.51001
4630	287.44
4631	287.39999
4632	287.44
4633	287.44
4634	287.57001
4635	287.70001
4636	287.76001
4637	287.76001
4638	287.88
4639	288.03
4640	288.01001
4641	288.09
4642	287.95001
4643	287.97
4644	287.97
4645	287.88
4646	287.84
4647	287.76001
4648	287.84
4649	287.82001
4650	287.79999
4651	287.79999
4652	287.85999
4653	287.88
4654	287.88
4655	287.82001
4656	287.73999
4657	287.70001
4658	287.78
4659	287.92999
4660	287.92999
4661	287.79999
4662	287.72
4663	287.67001
4664	287.73999
4665	287.67001
4666	287.76001
4667	287.64999
4668	287.64999
4669	287.67001
4670	287.67001
4671	287.67001
4672	287.59
4673	287.60999
4674	287.64999
4675	287.78
4676	287.78
4677	287.76001
4678	287.78
4679	287.79999
4680	287.84
4681	287.88
4682	287.85999
4683	287.85999
4684	287.89999
4685	287.76001
4686	287.79999
4687	287.72
4688	287.78
4689	287.85999
4690	287.85999
4691	287.88
4692	287.82001
4693	287.78
4694	287.78
4695	287.60999
4696	287.73999
4697	287.67001
4698	287.73999
4699	287.72
4700	287.73999
4701	287.82001
4702	287.79999
4703	287.78
4704	287.76001
4705	287.84
4706	287.85999
4707	287.82001
4708	287.78
4709	287.79999
4710	287.76001
4711	287.78
4712	287.84
4713	287.95001
4714	287.95001
4715	287.95001
4716	287.84
4717	287.82001
4718	287.89999
4719	287.98999
4720	287.88
4721	287.78
4722	287.78
4723	287.72
4724	287.63
4725	287.63
4726	287.70001
4727	287.85999
4728	287.92999
4729	287.98999
4730	288.07001
4731	288.01001
4732	287.89999
4733	287.76001
4734	287.70001
4735	287.64999
4736	287.60999
4737	287.64999
4738	287.76001
4739	287.70001
4740	287.72
4741	287.88
4742	287.92999
4743	287.85999
4744	287.88
4745	287.76001
4746	287.73999
4747	287.73999
4748	287.70001
4749	287.67001
4750	287.72
4751	287.70001
4752	287.78
4753	287.78
4754	287.78
4755	287.73999
4756	287.70001
4757	287.67001
4758	287.64999
4759	287.76001
4760	287.76001
4761	287.76001
4762	287.72
4763	287.59
4764	287.59
4765	287.60999
4766	287.67001
4767	287.64999
4768	287.70001
4769	287.79999
4770	287.73999
4771	287.70001
4772	287.76001
4773	287.82001
4774	287.85999
4775	287.76001
4776	287.79999
4777	287.84
4778	287.67001
4779	287.59
4780	287.54999
4781	287.63
4782	287.57001
4783	287.59
4784	287.63
4785	287.47
4786	287.47
4787	287.20999
4788	287.28
4789	287.32001
4790	287.35999
4791	287.42001
4792	287.38
4793	287.38
4794	287.26001
4795	287.32001
4796	287.23999
4797	287.29999
4798	287.35999
4799	287.34
4800	287.29999
4801	287.32001
4802	287.48999
4803	287.39999
4804	287.38
4805	287.48999
4806	287.42001
4807	287.47
4808	287.44
4809	287.42001
4810	287.26001
4811	287.28
4812	287.20999
4813	287.17001
4814	287.17001
4815	287.35999
4816	287.28
4817	287.19
4818	287.19
4819	287.34
4820	287.44
4821	287.48999
4822	287.51001
4823	287.38
4824	287.20999
4825	287.20999
4826	287.28
4827	287.26001
4828	287.26001
4829	287.34
4830	287.34
4831	287.19
4832	287.19
4833	287.39999
4834	287.59
4835	287.64999
4836	287.79999
4837	288.13
4838	288.23999
4839	288.34
4840	288.79999
4841	288.91
4842	289.22
4843	289.41
4844	289.56
4845	289.66
4846	289.76999
4847	289.92999
4848	290.01999
4849	290.17999
4850	290.31
4851	290.35001
4852	290.35001
4853	290.35001
4854	290.41
4855	290.48001
4856	290.45999
4857	290.45999
4858	290.54001
4859	290.54001
4860	290.66
4861	290.62
4862	290.69
4863	290.75
4864	290.75
4865	290.81
4866	290.89001
4867	290.87
4868	290.95999
4869	290.98001
4870	291.04001
4871	291.04001
4872	290.95999
4873	290.95999
4874	291
4875	290.98001
4876	291
4877	290.98001
4878	290.95999
4879	290.89001
4880	290.98001
4881	291.01999
4882	290.98001
4883	290.95999
4884	291.07999
4885	291
4886	291.12
4887	291.06
4888	291.01999
4889	290.95999
4890	291
4891	291
4892	291.04001
4893	290.98001
4894	291.01999
4895	291.04001
4896	291.04001
4897	291.10001
4898	291.07999
4899	291.12
4900	291.10001
4901	291.19
4902	291.12
4903	291.12
4904	291.12
4905	291.10001
4906	291.14999
4907	291.17001
4908	291.14999
4909	291.04001
4910	291.07999
4911	291.06
4912	291.04001
4913	291.07999
4914	291.04001
4915	291
4916	291.06
4917	291.04001
4918	291.06
4919	291
4920	291.01999
4921	290.95999
4922	290.95999
4923	291.10001
4924	291.12
4925	291.06
4926	291.12
4927	291
4928	291
4929	291.12
4930	291.19
4931	291.20999
4932	291.23001
4933	291.23001
4934	291.20999
4935	291.20999
4936	291.29001
4937	291.20999
4938	291.19
4939	291.17001
4940	291.14999
4941	291.23001
4942	291.23001
4943	291.17001
4944	291.17001
4945	291.20999
4946	291.14999
4947	291.17001
4948	291.19
4949	291.19
4950	291.10001
4951	291.14999
4952	291.07999
4953	291.10001
4954	291.14999
4955	291.17001
4956	291.10001
4957	291.23001
4958	291.23001
4959	291.01999
4960	291
4961	291.01999
4962	290.95999
4963	290.95999
4964	291.04001
4965	291.01999
4966	291.12
4967	291.12
4968	291.06
4969	291
4970	291.04001
4971	290.92001
4972	290.85001
4973	290.98001
4974	290.98001
4975	291.20999
4976	291.26999
4977	291.25
4978	291.14999
4979	291.06
4980	291.10001
4981	291.17001
4982	291.14999
4983	291.20999
4984	291.10001
4985	291.07999
4986	291.04001
4987	291.07999
4988	291.12
4989	291.10001
4990	291.10001
4991	291.10001
4992	291.04001
4993	291.10001
4994	291.04001
4995	291.14999
4996	291.14999
4997	291.19
4998	291.10001
4999	291.10001
5000	291.19
5001	291
5002	291.01999
5003	291.04001
5004	291.07999
5005	291.12
5006	291.12
5007	291.20999
5008	291.20999
5009	291.20999
5010	290.85001
5011	290.51999
5012	290.23001
5013	290.23001
5014	289.91
5015	289.64001
5016	289.60001
5017	289.51001
5018	289.48999
5019	289.56
5020	289.48999
5021	289.41
5022	289.39001
5023	289.32999
5024	288.95001
5025	288.57001
5026	287.70001
5027	287.23999
5028	286.06
5029	285.12
5030	284.16
5031	283.28
5032	282.91
5033	282.29999
5034	282.20001
5035	281.84
5036	281.54999
5037	281.39999
5038	281.39999
5039	281.5
5040	281.73001
5041	281.89999
5042	282.20001
5043	282.35999
5044	282.66
5045	282.66
5046	283.16
5047	283.39001
5048	283.42999
5049	283.64001
5050	283.92999
5051	284.14001
5052	284.26999
5053	284.56
5054	284.75
5055	284.92999
5056	285
5057	284.98001
5058	284.98001
5059	285
5060	285.14001
5061	285.14001
5062	285.16
5063	285.31
5064	285.37
5065	285.54001
5066	285.57999
5067	285.69
5068	285.85001
5069	286.04001
5070	286.04001
5071	285.98001
5072	286.06
5073	286.07999
5074	286.06
5075	286.10999
5076	286.13
5077	286.13
5078	286.20999
5079	286.23001
5080	286.25
5081	286.34
5082	286.35999
5083	286.44
5084	286.44
5085	286.54001
5086	286.57001
5087	286.39999
5088	286.54001
5089	286.5
5090	286.59
5091	286.51999
5092	286.67001
5093	286.67001
5094	286.64999
5095	286.63
5096	286.59
5097	286.57001
5098	286.67001
5099	286.63
5100	286.63
5101	286.59
5102	286.64999
5103	286.59
5104	286.59
5105	286.54001
5106	286.64999
5107	286.76999
5108	286.85999
5109	286.85999
5110	286.82001
5111	286.82001
5112	286.84
5113	286.82001
5114	286.92001
5115	286.95999
5116	286.95999
5117	286.98001
5118	286.98001
5119	286.94
5120	286.94
5121	286.98001
5122	286.95999
5123	287.03
5124	287.01001
5125	286.92001
5126	286.95999
5127	286.98001
5128	286.94
5129	286.95999
5130	287.01001
5131	286.89999
5132	286.89999
5133	287.01001
5134	286.98001
5135	286.89999
5136	286.82001
5137	286.82001
5138	286.82001
5139	286.88
5140	286.94
5141	286.92001
5142	286.95999
5143	287.03
5144	287.09
5145	287.01001
5146	286.98001
5147	287.07001
5148	287.07001
5149	287.07001
5150	287.07001
5151	287.10999
5152	287.13
5153	287.14999
5154	287.10999
5155	287.10999
5156	287.07001
5157	286.98001
5158	286.98001
5159	286.89999
5160	286.92001
5161	286.88
5162	287.01001
5163	287.20999
5164	287.20999
5165	287.13
5166	287.07001
5167	286.98001
5168	286.95999
5169	286.92001
5170	287.13
5171	287.09
5172	287.19
5173	287.19
5174	287.10999
5175	287.07001
5176	287.10999
5177	287.19
5178	287.14999
5179	287.10999
5180	287.10999
5181	287.07001
5182	287.19
5183	287.13
5184	287.01001
5185	286.94
5186	287.03
5187	287.03
5188	287.20999
5189	287.19
5190	287.20999
5191	287.20999
5192	287.23999
5193	287.23999
5194	287.17001
5195	287.10999
5196	287.14999
5197	287.14999
5198	287.23999
5199	287.26001
5200	287.20999
5201	287.19
5202	287.19
5203	287.20999
5204	287.23999
5205	287.23999
5206	287.10999
5207	287.10999
5208	287.10999
5209	287.10999
5210	287.10999
5211	287.07001
5212	287.07001
5213	287.03
5214	287.09
5215	287.07001
5216	287.04999
5217	287.07001
5218	287.17001
5219	287.17001
5220	287.29999
5221	287.13
5222	287.14999
5223	287.14999
5224	287.17001
5225	287.17001
5226	287.17001
5227	287.20999
5228	287.28
5229	287.23999
5230	287.14999
5231	287.19
5232	287.20999
5233	287.14999
5234	287.19
5235	287.17001
5236	287.09
5237	287.19
5238	287.19
5239	287.14999
5240	287.14999
5241	287.13
5242	287.14999
5243	287.10999
5244	287.09
5245	286.98001
5246	287.03
5247	287.07001
5248	287.14999
5249	287.23999
5250	287.32001
5251	287.32001
5252	287.28
5253	287.20999
5254	287.26001
5255	287.19
5256	287.10999
5257	287.13
5258	287.13
5259	287.13
5260	287.26001
5261	287.32001
5262	287.38
5263	287.32001
5264	287.32001
5265	287.32001
5266	287.20999
5267	287.20999
5268	287.23999
5269	287.23999
5270	287.14999
5271	287.23999
5272	287.19
5273	287.07001
5274	287.01001
5275	287.10999
5276	287.19
5277	287.19
5278	287.19
5279	287.17001
5280	287.07001
5281	287.07001
5282	287.14999
5283	287.19
5284	287.19
5285	287.13
5286	287.09
5287	287.09
5288	287.07001
5289	287.01001
5290	287.01001
5291	287.04999
5292	287.04999
5293	287.13
5294	287.26001
5295	287.29999
5296	287.20999
5297	287.20999
5298	287.03
5299	287.10999
5300	287.09
5301	287.10999
5302	287.07001
5303	287.01001
5304	287.07001
5305	287.03
5306	287.17001
5307	287.35999
5308	287.63
5309	287.79999
5310	287.89999
5311	288.16
5312	288.41
5313	288.57001
5314	288.82001
5315	289.12
5316	289.20001
5317	289.39001
5318	289.56
5319	289.82999
5320	290
5321	290.17999
5322	290.17999
5323	290.23001
5324	290.23001
5325	290.29001
5326	290.26999
5327	290.32999
5328	290.37
5329	290.37
5330	290.5
5331	290.48001
5332	290.54001
5333	290.66
5334	290.69
5335	290.69
5336	290.69
5337	290.81
5338	290.92001
5339	290.95999
5340	290.98001
5341	290.89001
5342	290.82999
5343	290.81
5344	290.85001
5345	290.81
5346	290.94
5347	291.01999
5348	290.98001
5349	291.07999
5350	290.98001
5351	291.14999
5352	290.95999
5353	291
5354	290.95999
5355	291.10001
5356	291.17001
5357	291.07999
5358	291.10001
5359	291.17001
5360	291.20999
5361	291.20999
5362	291.04001
5363	290.98001
5364	291
5365	290.92001
5366	291
5367	290.95999
5368	290.95999
5369	290.87
5370	290.98001
5371	291.04001
5372	291.01999
5373	291.12
5374	291.10001
5375	291.10001
5376	291.17001
5377	291.19
5378	291.10001
5379	291.10001
5380	291.01999
5381	291.01999
5382	291.10001
5383	291.23001
5384	291.14999
5385	291.10001
5386	291.14999
5387	291
5388	291.12
5389	291.14999
5390	291.14999
5391	291.20999
5392	291.17001
5393	291.17001
5394	291.04001
5395	291.07999
5396	291.04001
5397	291.17001
5398	291.12
5399	291.12
5400	291.12
5401	291.04001
5402	290.98001
5403	290.95999
5404	290.95999
5405	291.06
5406	291.17001
5407	291.17001
5408	291.04001
5409	290.98001
5410	291
5411	291.01999
5412	290.94
5413	291
5414	290.98001
5415	291.10001
5416	291.06
5417	291.12
5418	291.07999
5419	291.12
5420	291.26999
5421	291.29001
5422	291.12
5423	291.12
5424	291.07999
5425	291.14999
5426	291.12
5427	291.12
5428	291.12
5429	291.06
5430	291.04001
5431	291.06
5432	291.06
5433	291.07999
5434	291.07999
5435	291.14999
5436	291.19
5437	291.19
5438	291.19
5439	291.19
5440	291.23001
5441	291.26999
5442	291.23001
5443	291.26999
5444	291.35001
5445	291.26999
5446	291.29001
5447	291.20999
5448	291.14999
5449	291.10001
5450	291.07999
5451	291.06
5452	291
5453	290.87
5454	290.87
5455	290.95999
5456	291.04001
5457	291.06
5458	291.04001
5459	290.95999
5460	290.94
5461	291.10001
5462	291.14999
5463	291.12
5464	291.04001
5465	291.06
5466	291.10001
5467	290.94
5468	290.94
5469	290.94
5470	290.98001
5471	290.98001
5472	291.10001
5473	291.10001
5474	291.07999
5475	290.95999
5476	290.95999
5477	291.01999
5478	291.01999
5479	291.01999
5480	290.98001
5481	291
5482	291.01999
5483	290.70999
5484	290.56
5485	290.39001
5486	289.95001
5487	289.91
5488	289.81
5489	289.72
5490	289.64001
5491	289.56
5492	289.47
5493	289.41
5494	289.37
5495	289.28
5496	289.07999
5497	288.92999
5498	288.57001
5499	288.35999
5500	287.57001
5501	286.45999
5502	285.39001
5503	285.39001
5504	283.78
5505	282.91
5506	282.53
5507	281.89999
5508	281.64999
5509	281.44
5510	281.44
5511	281.35999
5512	281.45999
5513	281.59
5514	281.79999
5515	282.04999
5516	282.22
5517	282.42999
5518	282.59
5519	282.72
5520	282.89001
5521	283.35001
5522	283.73999
5523	283.82999
5524	283.89001
5525	284.22
5526	284.37
5527	284.56
5528	284.64001
5529	284.75
5530	284.76999
5531	284.79001
5532	284.89001
5533	285
5534	285.16
5535	285.26999
5536	285.35001
5537	285.39001
5538	285.5
5539	285.75
5540	285.79001
5541	285.73001
5542	285.73001
5543	285.85001
5544	285.85001
5545	285.89999
5546	285.92001
5547	286.07999
5548	286.19
5549	286.19
5550	286.23001
5551	286.25
5552	286.17001
5553	286.29001
5554	286.38
5555	286.35999
5556	286.39999
5557	286.26999
5558	286.29001
5559	286.31
5560	286.42001
5561	286.45999
5562	286.42001
5563	286.38
5564	286.48001
5565	286.63
5566	286.63
5567	286.64999
5568	286.69
5569	286.60999
5570	286.63
5571	286.57001
5572	286.59
5573	286.59
5574	286.59
5575	286.69
5576	286.59
5577	286.60999
5578	286.60999
5579	286.60999
5580	286.54001
5581	286.54001
5582	286.51999
5583	286.54001
5584	286.57001
5585	286.57001
5586	286.75
5587	286.63
5588	286.63
5589	286.60999
5590	286.60999
5591	286.54001
5592	286.60999
5593	286.69
5594	286.73001
5595	286.69
5596	286.63
5597	286.67001
5598	286.82001
5599	286.84
5600	286.70999
5601	286.69
5602	286.60999
5603	286.64999
5604	286.67001
5605	286.69
5606	286.67001
5607	286.70999
5608	286.69
5609	286.63
5610	286.60999
5611	286.57001
5612	286.59
5613	286.59
5614	286.57001
5615	286.54001
5616	286.54001
5617	286.60999
5618	286.75
5619	286.75
5620	286.75
5621	286.73001
5622	286.73001
5623	286.70999
5624	286.64999
5625	286.70999
5626	286.67001
5627	286.70999
5628	286.69
5629	286.73001
5630	286.76999
5631	286.73001
5632	286.70999
5633	286.64999
5634	286.70999
5635	286.67001
5636	286.73001
5637	286.75
5638	286.85999
5639	286.88
5640	286.79999
5641	286.73001
5642	286.69
5643	286.70999
5644	286.67001
5645	286.67001
5646	286.63
5647	286.60999
5648	286.59
5649	286.51999
5650	286.60999
5651	286.69
5652	286.69
5653	286.75
5654	286.73001
5655	286.76999
5656	286.67001
5657	286.64999
5658	286.57001
5659	286.57001
5660	286.64999
5661	286.79999
5662	286.82001
5663	286.89999
5664	286.89999
5665	286.84
5666	286.88
5667	286.92001
5668	286.85999
5669	286.92001
5670	286.95999
5671	286.92001
5672	286.94
5673	286.88
5674	286.82001
5675	286.75
5676	286.63
5677	286.64999
5678	286.70999
5679	286.82001
5680	286.82001
5681	286.85999
5682	286.76999
5683	286.79999
5684	286.79999
5685	286.85999
5686	286.70999
5687	286.73001
5688	286.88
5689	286.94
5690	286.98001
5691	286.98001
5692	286.88
5693	286.92001
5694	286.88
5695	286.92001
5696	286.94
5697	286.95999
5698	286.94
5699	286.89999
5700	286.92001
5701	286.88
5702	287.01001
5703	287.07001
5704	287.13
5705	287.09
5706	287.01001
5707	286.85999
5708	286.82001
5709	286.82001
5710	286.84
5711	286.88
5712	286.89999
5713	286.89999
5714	286.76999
5715	286.84
5716	286.84
5717	286.88
5718	286.82001
5719	286.92001
5720	286.98001
5721	286.98001
5722	286.94
5723	286.94
5724	286.75
5725	286.69
5726	286.60999
5727	286.54001
5728	286.63
5729	286.63
5730	286.63
5731	286.60999
5732	286.70999
5733	286.69
5734	286.67001
5735	286.69
5736	286.64999
5737	286.63
5738	286.51999
5739	286.5
5740	286.59
5741	286.59
5742	286.69
5743	286.69
5744	286.73001
5745	286.73001
5746	286.70999
5747	286.70999
5748	286.75
5749	286.75
5750	286.70999
5751	286.73001
5752	286.60999
5753	286.54001
5754	286.51999
5755	286.51999
5756	286.60999
5757	286.63
5758	286.70999
5759	286.63
5760	286.51999
5761	286.54001
5762	286.54001
5763	286.64999
5764	286.59
5765	286.59
5766	286.67001
5767	286.63
5768	286.54001
5769	286.54001
5770	286.45999
5771	286.59
5772	286.60999
5773	286.76999
5774	286.70999
5775	286.69
5776	286.67001
5777	286.59
5778	286.60999
5779	286.51999
5780	286.85999
5781	286.94
5782	287.17001
5783	287.35999
5784	287.70001
5785	287.95001
5786	288.13
5787	288.29999
5788	288.45001
5789	288.70001
5790	288.73999
5791	288.95001
5792	289.20001
5793	289.31
5794	289.31
5795	289.66
5796	289.81
5797	289.82999
5798	289.91
5799	289.97
5800	290.07999
5801	290.07999
5802	290.20001
5803	290.23001
5804	290.26999
5805	290.23001
5806	290.25
5807	290.29001
5808	290.26999
5809	290.25
5810	290.31
5811	290.48001
5812	290.37
5813	290.45999
5814	290.45999
5815	290.5
5816	290.54001
5817	290.62
5818	290.66
5819	290.56
5820	290.54001
5821	290.51999
5822	290.5
5823	290.54001
5824	290.54001
5825	290.5
5826	290.5
5827	290.39001
5828	290.5
5829	290.51999
5830	290.56
5831	290.62
5832	290.5
5833	290.5
5834	290.51999
5835	290.64001
5836	290.70999
5837	290.70999
5838	290.69
5839	290.79001
5840	290.79001
5841	290.73001
5842	290.73001
5843	290.75
5844	290.62
5845	290.5
5846	290.54001
5847	290.56
5848	290.64001
5849	290.66
5850	290.73001
5851	290.73001
5852	290.70999
5853	290.69
5854	290.62
5855	290.70999
5856	290.69
5857	290.70999
5858	290.66
5859	290.70999
5860	290.70999
5861	290.69
5862	290.75
5863	290.75
5864	290.70999
5865	290.70999
5866	290.70999
5867	290.70999
5868	290.69
5869	290.75
5870	290.73001
5871	290.75
5872	290.75
5873	290.73001
5874	290.69
5875	290.69
5876	290.73001
5877	290.75
5878	290.75
5879	290.69
5880	290.62
5881	290.62
5882	290.60001
5883	290.54001
5884	290.60001
5885	290.60001
5886	290.69
5887	290.76999
5888	290.75
5889	290.75
5890	290.79001
5891	290.76999
5892	290.79001
5893	290.69
5894	290.64001
5895	290.56
5896	290.56
5897	290.56
5898	290.57999
5899	290.62
5900	290.70999
5901	290.79001
5902	290.79001
5903	290.70999
5904	290.70999
5905	290.66
5906	290.66
5907	290.64001
5908	290.57999
5909	290.56
5910	290.5
5911	290.5
5912	290.5
5913	290.62
5914	290.70999
5915	290.66
5916	290.69
5917	290.73001
5918	290.79001
5919	290.81
5920	290.82999
5921	290.81
5922	290.85001
5923	290.87
5924	290.87
5925	290.85001
5926	290.79001
5927	290.79001
5928	290.75
5929	290.64001
5930	290.66
5931	290.76999
5932	290.76999
5933	290.75
5934	290.79001
5935	290.85001
5936	290.85001
5937	290.69
5938	290.75
5939	290.73001
5940	290.81
5941	290.82999
5942	290.75
5943	290.75
5944	290.66
5945	290.64001
5946	290.57999
5947	290.60001
5948	290.66
5949	290.69
5950	290.66
5951	290.60001
5952	290.60001
5953	290.62
5954	290.64001
5955	290.57999
5956	290.45999
5957	290.32999
5958	289.85001
5959	289.66
5960	289.42999
5961	289.26001
5962	289.31
5963	289.31
5964	289.31
5965	289.22
5966	289.14001
5967	289.14001
5968	289.01001
5969	288.89001
5970	288.66
5971	288.45001
5972	287.73999
5973	287.19
5974	286.48001
5975	286.48001
5976	285.10001
5977	284.23999
5978	283.89001
5979	283.16
5980	282.48999
5981	282.03
5982	282.03
5983	281.53
5984	281.59
5985	281.67001
5986	281.70999
5987	281.85999
5988	281.88
5989	281.98999
5990	282.26001
5991	282.29999
5992	282.39999
5993	282.82001
5994	283.12
5995	283.23999
5996	283.35001
5997	283.67999
5998	283.70001
5999	283.87
6000	284.16
6001	284.29001
6002	284.5
6003	284.56
6004	284.62
6005	284.73001
6006	284.79001
6007	284.79001
6008	285
6009	285.07999
6010	285.12
6011	285.12
6012	285.20999
6013	285.35001
6014	285.35001
6015	285.54001
6016	285.60001
6017	285.60001
6018	285.60001
6019	285.70999
6020	285.79001
6021	285.79001
6022	285.70999
6023	285.64999
6024	285.67001
6025	285.79001
6026	285.85001
6027	285.92001
6028	285.92001
6029	285.98001
6030	286.06
6031	286.10999
6032	286
6033	285.98001
6034	285.89999
6035	285.94
6036	286.01999
6037	286.01999
6038	286.07999
6039	286.19
6040	286.20999
6041	286.20999
6042	286.19
6043	286.25
6044	286.31
6045	286.26999
6046	286.26999
6047	286.19
6048	286.25
6049	286.20999
6050	286.23001
6051	286.20999
6052	286.23001
6053	286.23001
6054	286.34
6055	286.29001
6056	286.29001
6057	286.29001
6058	286.34
6059	286.35999
6060	286.34
6061	286.42001
6062	286.45999
6063	286.48001
6064	286.63
6065	286.54001
6066	286.51999
6067	286.45999
6068	286.48001
6069	286.51999
6070	286.60999
6071	286.63
6072	286.60999
6073	286.63
6074	286.64999
6075	286.64999
6076	286.73001
6077	286.84
6078	286.84
6079	286.92001
6080	286.89999
6081	286.84
6082	286.85999
6083	286.75
6084	286.69
6085	286.69
6086	286.82001
6087	286.79999
6088	286.79999
6089	286.76999
6090	286.88
6091	286.84
6092	286.84
6093	286.64999
6094	286.73001
6095	286.79999
6096	286.60999
6097	286.64999
6098	286.63
6099	286.57001
6100	286.70999
6101	286.76999
6102	286.84
6103	286.84
6104	286.84
6105	286.84
6106	286.84
6107	286.84
6108	286.82001
6109	286.75
6110	286.73001
6111	286.75
6112	286.88
6113	286.92001
6114	286.92001
6115	287.03
6116	286.84
6117	286.84
6118	286.69
6119	286.57001
6120	286.60999
6121	286.60999
6122	286.64999
6123	286.67001
6124	286.67001
6125	286.67001
6126	286.82001
6127	286.84
6128	286.94
6129	287.03
6130	287.04999
6131	287.09
6132	287.10999
6133	286.94
6134	286.94
6135	286.82001
6136	286.84
6137	286.84
6138	286.92001
6139	287.04999
6140	286.95999
6141	286.94
6142	286.84
6143	286.92001
6144	286.92001
6145	286.88
6146	286.84
6147	286.82001
6148	286.84
6149	286.84
6150	286.88
6151	286.98001
6152	287.01001
6153	286.98001
6154	286.98001
6155	287.09
6156	287.09
6157	286.98001
6158	286.95999
6159	287.03
6160	287.03
6161	287.03
6162	287.04999
6163	287.04999
6164	286.92001
6165	286.98001
6166	286.98001
6167	287.13
6168	286.98001
6169	286.89999
6170	286.88
6171	287.04999
6172	287.04999
6173	287.04999
6174	287.03
6175	286.98001
6176	286.92001
6177	287.01001
6178	286.98001
6179	287.07001
6180	286.98001
6181	286.89999
6182	286.89999
6183	287.01001
6184	286.95999
6185	286.94
6186	286.94
6187	286.95999
6188	286.95999
6189	287.17001
6190	287.13
6191	287.13
6192	286.98001
6193	286.98001
6194	286.98001
6195	286.98001
6196	286.85999
6197	286.85999
6198	286.89999
6199	287.03
6200	287.03
6201	287.03
6202	286.98001
6203	286.98001
6204	286.94
6205	286.98001
6206	287.03
6207	287.07001
6208	287.03
6209	286.95999
6210	286.94
6211	286.94
6212	286.94
6213	286.84
6214	286.89999
6215	286.94
6216	286.98001
6217	287.09
6218	287.07001
6219	287.01001
6220	287.01001
6221	286.98001
6222	287.03
6223	286.98001
6224	286.95999
6225	287.10999
6226	287.28
6227	287.28
6228	287.38
6229	287.44
6230	287.47
6231	287.51001
6232	287.64999
6233	287.64999
6234	287.64999
6235	287.72
6236	287.78
6237	287.89999
6238	287.82001
6239	287.82001
6240	287.82001
6241	287.88
6242	287.89999
6243	287.97
6244	287.98999
6245	287.97
6246	287.88
6247	287.84
6248	287.84
6249	287.88
6250	287.85999
6251	287.82001
6252	287.73999
6253	287.82001
6254	288.10999
6255	288.28
6256	288.35999
6257	288.29999
6258	288.32001
6259	288.32001
6260	288.29999
6261	288.42999
6262	288.57001
6263	288.78
6264	288.95001
6265	289.17999
6266	289.17999
6267	289.37
6268	289.47
6269	289.48999
6270	289.57999
6271	289.66
6272	289.70001
6273	289.66
6274	289.73999
6275	289.73999
6276	289.70001
6277	289.70001
6278	289.76999
6279	289.81
6280	289.85001
6281	289.97
6282	289.89001
6283	289.89001
6284	289.91
6285	289.91
6286	290
6287	290.04001
6288	290.06
6289	290.12
6290	290.06
6291	290.12
6292	290.07999
6293	290.06
6294	290.10001
6295	290.14001
6296	290.16
6297	290.10001
6298	290.10001
6299	290.14001
6300	290.26999
6301	290.32999
6302	290.39001
6303	290.32999
6304	290.32999
6305	290.32999
6306	290.25
6307	290.23001
6308	290.25
6309	290.32999
6310	290.32999
6311	290.35001
6312	290.35001
6313	290.32999
6314	290.35001
6315	290.23001
6316	290.26999
6317	290.26999
6318	290.25
6319	290.26999
6320	290.35001
6321	290.37
6322	290.35001
6323	290.32999
6324	290.35001
6325	290.35001
6326	290.35001
6327	290.39001
6328	290.39001
6329	290.42999
6330	290.42999
6331	290.41
6332	290.37
6333	290.37
6334	290.37
6335	290.29001
6336	290.32999
6337	290.32999
6338	290.48001
6339	290.45999
6340	290.51999
6341	290.54001
6342	290.5
6343	290.45999
6344	290.45999
6345	290.41
6346	290.41
6347	290.41
6348	290.32999
6349	290.37
6350	290.42999
6351	290.37
6352	290.41
6353	290.37
6354	290.35001
6355	290.32999
6356	290.29001
6357	290.26999
6358	290.26999
6359	290.31
6360	290.32999
6361	290.37
6362	290.32999
6363	290.29001
6364	290.25
6365	290.23001
6366	290.26999
6367	290.25
6368	290.31
6369	290.31
6370	290.26999
6371	290.29001
6372	290.31
6373	290.32999
6374	290.35001
6375	290.39001
6376	290.39001
6377	290.37
6378	290.39001
6379	290.41
6380	290.37
6381	290.32999
6382	290.35001
6383	290.31
6384	290.23001
6385	290.31
6386	290.35001
6387	290.39001
6388	290.39001
6389	290.32999
6390	290.29001
6391	290.31
6392	290.32999
6393	290.29001
6394	290.23001
6395	290.16
6396	290.26999
6397	290.26999
6398	290.17999
6399	290.26999
6400	290.32999
6401	290.32999
6402	290.26999
6403	290.26999
6404	290.29001
6405	290.31
6406	290.39001
6407	290.35001
6408	290.35001
6409	290.37
6410	290.37
6411	290.31
6412	290.35001
6413	290.39001
6414	290.32999
6415	290.32999
6416	290.25
6417	290.26999
6418	290.25
6419	290.23001
6420	290.26999
6421	290.26999
6422	290.20001
6423	290.16
6424	290.17999
6425	290.14001
6426	290.10001
6427	290.16
6428	290.20001
6429	290.23001
6430	289.76999
6431	289.70001
6432	289.73999
6433	289.91
6434	289.92999
6435	290.04001
6436	290
6437	289.97
6438	289.81
6439	289.95001
6440	289.95001
6441	289.91
6442	289.81
6443	289.66
6444	289.22
6445	288.57001
6446	287.82001
6447	287.82001
6448	286.29001
6449	285.20999
6450	284.62
6451	283.45001
6452	282.72
6453	282.47
6454	282.34
6455	282.17001
6456	282.09
6457	282.09
6458	282.38
6459	282.63
6460	282.82001
6461	282.97
6462	283.45001
6463	283.57999
6464	283.87
6465	284.01001
6466	284.12
6467	284.17999
6468	284.39001
6469	284.60001
6470	284.82999
6471	285.04001
6472	285.04001
6473	285.25
6474	285.45999
6475	285.57999
6476	285.85001
6477	286
6478	286.19
6479	286.19
6480	286.34
6481	286.51999
6482	286.59
6483	286.69
6484	286.69
6485	286.67001
6486	286.67001
6487	286.79999
6488	286.85999
6489	286.84
6490	286.85999
6491	286.94
6492	286.94
6493	286.95999
6494	287.03
6495	287.01001
6496	287.13
6497	287.26001
6498	287.35999
6499	287.35999
6500	287.38
6501	287.29999
6502	287.29999
6503	287.32001
6504	287.38
6505	287.42001
6506	287.42001
6507	287.47
6508	287.47
6509	287.47
6510	287.38
6511	287.38
6512	287.34
6513	287.44
6514	287.48999
6515	287.51001
6516	287.53
6517	287.54999
6518	287.54999
6519	287.72
6520	287.67001
6521	287.70001
6522	287.60999
6523	287.54999
6524	287.63
6525	287.67001
6526	287.60999
6527	287.63
6528	287.60999
6529	287.72
6530	287.73999
6531	287.72
6532	287.72
6533	287.70001
6534	287.76001
6535	287.79999
6536	287.95001
6537	287.98999
6538	288.03
6539	287.97
6540	287.82001
6541	287.78
6542	287.76001
6543	287.73999
6544	287.67001
6545	287.70001
6546	287.70001
6547	287.72
6548	287.76001
6549	287.82001
6550	287.82001
6551	287.88
6552	287.85999
6553	287.85999
6554	287.76001
6555	287.70001
6556	287.78
6557	287.78
6558	287.78
6559	287.84
6560	287.89999
6561	287.98999
6562	288.04999
6563	288.10999
6564	288.10999
6565	288.07001
6566	288.03
6567	287.92999
6568	287.92999
6569	287.97
6570	287.98999
6571	287.97
6572	287.85999
6573	287.88
6574	287.79999
6575	287.76001
6576	287.78
6577	287.73999
6578	287.72
6579	287.70001
6580	287.72
6581	287.70001
6582	287.70001
6583	287.72
6584	287.73999
6585	287.70001
6586	287.64999
6587	287.73999
6588	287.67001
6589	287.67001
6590	287.88
6591	287.92999
6592	287.95001
6593	287.89999
6594	287.88
6595	287.88
6596	287.88
6597	287.89999
6598	287.92999
6599	287.97
6600	287.98999
6601	288.01001
6602	288.01001
6603	287.98999
6604	288.03
6605	287.97
6606	287.92999
6607	288.01001
6608	288.07001
6609	288.13
6610	288.13
6611	288.20001
6612	288.04999
6613	287.95001
6614	287.97
6615	287.97
6616	287.92999
6617	287.89999
6618	288.01001
6619	287.92999
6620	287.92999
6621	287.92999
6622	287.84
6623	287.79999
6624	287.79999
6625	287.84
6626	287.92999
6627	287.98999
6628	287.98999
6629	288.09
6630	288.20001
6631	288.28
6632	288.17999
6633	288.10999
6634	288.09
6635	288.16
6636	288.01001
6637	288.03
6638	287.98999
6639	287.95001
6640	287.98999
6641	288.04999
6642	288.03
6643	288.09
6644	288.13
6645	288.10999
6646	288.07001
6647	288.20001
6648	288.16
6649	288.10999
6650	287.97
6651	287.92999
6652	288.03
6653	288.03
6654	288.04999
6655	288.04999
6656	288.17999
6657	288.07001
6658	288.10999
6659	288.10999
6660	288.10999
6661	288.01001
6662	288.01001
6663	288.04999
6664	287.98999
6665	288.01001
6666	287.98999
6667	287.98999
6668	287.98999
6669	287.95001
6670	287.89999
6671	287.97
6672	288.03
6673	288.04999
6674	288.03
6675	288.04999
6676	288.09
6677	288.16
6678	288.13
6679	288.13
6680	288.20001
6681	288.17999
6682	288.04999
6683	288.04999
6684	288.13
6685	288.17999
6686	288.22
6687	288.16
6688	288.16
6689	288.10999
6690	288.07001
6691	288.09
6692	288.09
6693	288.22
6694	288.22
6695	288.22
6696	288.13
6697	288.09
6698	288.17999
6699	288.17999
6700	288.29999
6701	288.22
6702	288.10999
6703	288.13
6704	288.13
6705	288.16
6706	288.22
6707	288.20001
6708	288.13
6709	288.13
6710	288.13
6711	288.09
6712	288.13
6713	288.17999
6714	288.09
6715	288.04999
6716	287.98999
6717	288.01001
6718	287.95001
6719	287.98999
6720	287.95001
6721	287.98999
6722	288.09
6723	288.16
6724	288.16
6725	288.22
6726	288.29999
6727	288.35999
6728	288.54999
6729	288.67999
6730	288.70001
6731	288.70001
6732	288.54999
6733	288.51001
6734	288.59
6735	288.78
6736	288.95001
6737	289.12
6738	289.12
6739	289.42999
6740	289.60001
6741	289.66
6742	289.70001
6743	289.73999
6744	289.85001
6745	289.92999
6746	289.95001
6747	290
6748	290
6749	290.04001
6750	290
6751	290.10001
6752	290.16
6753	290.16
6754	290.12
6755	290.16
6756	290.10001
6757	290.07999
6758	290.06
6759	290.07999
6760	290.14001
6761	290.14001
6762	290.12
6763	290.12
6764	290.20001
6765	290.26999
6766	290.29001
6767	290.32999
6768	290.35001
6769	290.35001
6770	290.35001
6771	290.31
6772	290.39001
6773	290.37
6774	290.41
6775	290.42999
6776	290.45999
6777	290.45999
6778	290.41
6779	290.39001
6780	290.37
6781	290.45999
6782	290.41
6783	290.39001
6784	290.32999
6785	290.42999
6786	290.41
6787	290.37
6788	290.41
6789	290.48001
6790	290.48001
6791	290.45999
6792	290.51999
6793	290.48001
6794	290.42999
6795	290.41
6796	290.42999
6797	290.39001
6798	290.35001
6799	290.37
6800	290.42999
6801	290.56
6802	290.56
6803	290.54001
6804	290.5
6805	290.48001
6806	290.51999
6807	290.51999
6808	290.51999
6809	290.51999
6810	290.51999
6811	290.56
6812	290.56
6813	290.54001
6814	290.56
6815	290.60001
6816	290.56
6817	290.60001
6818	290.57999
6819	290.64001
6820	290.56
6821	290.5
6822	290.51999
6823	290.48001
6824	290.62
6825	290.62
6826	290.57999
6827	290.60001
6828	290.60001
6829	290.56
6830	290.48001
6831	290.48001
6832	290.5
6833	290.51999
6834	290.51999
6835	290.45999
6836	290.48001
6837	290.39001
6838	290.39001
6839	290.51999
6840	290.45999
6841	290.45999
6842	290.45999
6843	290.54001
6844	290.56
6845	290.56
6846	290.51999
6847	290.5
6848	290.5
6849	290.42999
6850	290.42999
6851	290.51999
6852	290.54001
6853	290.48001
6854	290.42999
6855	290.45999
6856	290.48001
6857	290.57999
6858	290.62
6859	290.62
6860	290.56
6861	290.48001
6862	290.51999
6863	290.51999
6864	290.57999
6865	290.57999
6866	290.54001
6867	290.51999
6868	290.57999
6869	290.60001
6870	290.60001
6871	290.56
6872	290.54001
6873	290.54001
6874	290.45999
6875	290.45999
6876	290.5
6877	290.54001
6878	290.64001
6879	290.51999
6880	290.51999
6881	290.51999
6882	290.57999
6883	290.66
6884	290.70999
6885	290.69
6886	290.64001
6887	290.57999
6888	290.56
6889	290.62
6890	290.51999
6891	290.45999
6892	290.45999
6893	290.39001
6894	290.37
6895	290.41
6896	290.39001
6897	290.32999
6898	290.41
6899	290.45999
6900	290.42999
6901	290.54001
6902	290.5
6903	290.29001
6904	290.07999
6905	290.07999
6906	290.16
6907	290.29001
6908	290.31
6909	290.25
6910	290.31
6911	290.29001
6912	290.29001
6913	290.26999
6914	290.10001
6915	290.07999
6916	289.72
6917	289.35001
6918	288.59
6919	288.59
6920	286.89999
6921	285.64999
6922	285.06
6923	284.16
6924	283.66
6925	283.35001
6926	283.12
6927	282.51001
6928	282.47
6929	282.47
6930	282.54999
6931	282.60999
6932	282.78
6933	282.92999
6934	283.32001
6935	283.53
6936	283.89001
6937	284.35001
6938	284.47
6939	284.81
6940	284.89001
6941	285.23001
6942	285.44
6943	285.64999
6944	285.64999
6945	285.89999
6946	285.98001
6947	286.07999
6948	286.25
6949	286.42001
6950	286.45999
6951	286.45999
6952	286.48001
6953	286.45999
6954	286.63
6955	286.79999
6956	287.09
6957	287.19
6958	287.26001
6959	287.28
6960	287.28
6961	287.28
6962	287.28
6963	287.38
6964	287.34
6965	287.35999
6966	287.19
6967	287.17001
6968	287.32001
6969	287.44
6970	287.48999
6971	287.57001
6972	287.59
6973	287.54999
6974	287.48999
6975	287.44
6976	287.57001
6977	287.64999
6978	287.73999
6979	287.76001
6980	287.67001
6981	287.79999
6982	287.76001
6983	287.76001
6984	287.84
6985	287.92999
6986	287.95001
6987	287.98999
6988	287.95001
6989	287.88
6990	287.88
6991	288.13
6992	288.22
6993	288.23999
6994	288.13
6995	287.95001
6996	287.92999
6997	287.88
6998	287.92999
6999	287.98999
7000	287.95001
7001	288.01001
7002	288.01001
7003	287.97
7004	287.95001
7005	288.03
7006	288.03
7007	287.98999
7008	287.97
7009	288.07001
7010	287.98999
7011	288.07001
7012	288.22
7013	288.16
7014	288.13
7015	288.13
7016	288.22
7017	288.20001
7018	288.22
7019	288.20001
7020	288.22
7021	288.17999
7022	288.17999
7023	288.20001
7024	288.22
7025	288.28
7026	288.34
7027	288.28
7028	288.26001
7029	288.22
7030	288.23999
7031	288.29999
7032	288.35999
7033	288.41
7034	288.35999
7035	288.29999
7036	288.32001
7037	288.35999
7038	288.23999
7039	288.20001
7040	288.16
7041	288.09
7042	288.10999
7043	288.16
7044	288.23999
7045	288.28
7046	288.26001
7047	288.26001
7048	288.17999
7049	288.17999
7050	288.13
7051	288.03
7052	288.03
7053	288.04999
7054	288.04999
7055	288.09
7056	287.98999
7057	288.07001
7058	288.10999
7059	288.13
7060	288.09
7061	288.09
7062	287.92999
7063	287.97
7064	288.03
7065	288.09
7066	288.03
7067	288.01001
7068	287.97
7069	287.95001
7070	287.95001
7071	287.95001
7072	287.98999
7073	287.98999
7074	287.95001
7075	287.95001
7076	288.07001
7077	288.10999
7078	288.09
7079	288.20001
7080	288.20001
7081	288.17999
7082	288.13
7083	288.03
7084	288.01001
7085	288.10999
7086	288.10999
7087	288.10999
7088	288.09
7089	288.03
7090	288.04999
7091	288.09
7092	288.03
7093	288.03
7094	287.98999
7095	288.03
7096	287.97
7097	288.03
7098	287.97
7099	287.95001
7100	287.95001
7101	287.98999
7102	288.04999
7103	288.01001
7104	287.98999
7105	288.07001
7106	288.04999
7107	288.03
7108	288.01001
7109	287.95001
7110	287.95001
7111	287.88
7112	287.89999
7113	287.95001
7114	288.01001
7115	287.95001
7116	287.95001
7117	287.88
7118	287.79999
7119	287.78
7120	287.85999
7121	287.89999
7122	287.98999
7123	288.04999
7124	288.04999
7125	288.04999
7126	287.97
7127	287.97
7128	288.03
7129	287.92999
7130	287.89999
7131	288.01001
7132	288.01001
7133	288.01001
7134	287.92999
7135	287.88
7136	287.97
7137	288.13
7138	288.17999
7139	288.20001
7140	288.13
7141	288.09
7142	288.09
7143	288.17999
7144	288.23999
7145	288.22
7146	288.20001
7147	287.97
7148	287.97
7149	287.92999
7150	287.84
7151	287.82001
7152	287.85999
7153	287.95001
7154	288.07001
7155	288.16
7156	288.16
7157	288.16
7158	288.04999
7159	287.98999
7160	287.97
7161	287.92999
7162	287.92999
7163	288.03
7164	288.03
7165	288.03
7166	288.03
7167	288.03
7168	287.95001
7169	288.09
7170	288.16
7171	288.16
7172	288.28
7173	288.09
7174	288.03
7175	287.98999
7176	287.92999
7177	287.89999
7178	287.88
7179	287.98999
7180	287.92999
7181	287.89999
7182	287.88
7183	287.88
7184	288.03
7185	288.01001
7186	288.09
7187	288.17999
7188	288.20001
7189	288.17999
7190	288.16
7191	288.13
7192	288.10999
7193	288.13
7194	288.10999
7195	288.10999
7196	288.10999
7197	288.10999
7198	288.03
7199	288.04999
7200	288.22
7201	288.48999
7202	288.66
7203	288.66
7204	288.59
7205	288.59
7206	288.59
7207	288.66
7208	288.70001
7209	288.82001
7210	288.87
7211	289.14001
7212	289.31
7213	289.35001
7214	289.54001
7215	289.64001
7216	289.64001
7217	289.72
7218	289.92999
7219	289.92999
7220	289.97
7221	289.91
7222	289.92999
7223	289.97
7224	290.04001
7225	290.17999
7226	290.25
7227	290.17999
7228	290.17999
7229	290.16
7230	290.23001
7231	290.23001
7232	290.12
7233	290.12
7234	290.14001
7235	290.14001
7236	290.25
7237	290.29001
7238	290.32999
7239	290.32999
7240	290.32999
7241	290.39001
7242	290.39001
7243	290.29001
7244	290.25
7245	290.31
7246	290.29001
7247	290.23001
7248	290.25
7249	290.17999
7250	290.16
7251	290.23001
7252	290.23001
7253	290.25
7254	290.26999
7255	290.32999
7256	290.31
7257	290.35001
7258	290.41
7259	290.37
7260	290.41
7261	290.41
7262	290.48001
7263	290.42999
7264	290.35001
7265	290.42999
7266	290.32999
7267	290.32999
7268	290.26999
7269	290.32999
7270	290.25
7271	290.32999
7272	290.32999
7273	290.39001
7274	290.39001
7275	290.32999
7276	290.35001
7277	290.32999
7278	290.31
7279	290.26999
7280	290.26999
7281	290.29001
7282	290.32999
7283	290.39001
7284	290.39001
7285	290.37
7286	290.51999
7287	290.56
7288	290.51999
7289	290.48001
7290	290.5
7291	290.45999
7292	290.48001
7293	290.45999
7294	290.54001
7295	290.5
7296	290.51999
7297	290.54001
7298	290.51999
7299	290.54001
7300	290.56
7301	290.54001
7302	290.51999
7303	290.48001
7304	290.45999
7305	290.54001
7306	290.54001
7307	290.45999
7308	290.5
7309	290.5
7310	290.51999
7311	290.5
7312	290.5
7313	290.5
7314	290.57999
7315	290.51999
7316	290.45999
7317	290.5
7318	290.54001
7319	290.51999
7320	290.56
7321	290.51999
7322	290.48001
7323	290.42999
7324	290.42999
7325	290.54001
7326	290.51999
7327	290.62
7328	290.64001
7329	290.60001
7330	290.5
7331	290.5
7332	290.51999
7333	290.48001
7334	290.5
7335	290.5
7336	290.45999
7337	290.56
7338	290.56
7339	290.51999
7340	290.5
7341	290.5
7342	290.45999
7343	290.54001
7344	290.51999
7345	290.51999
7346	290.56
7347	290.5
7348	290.56
7349	290.5
7350	290.45999
7351	290.5
7352	290.5
7353	290.57999
7354	290.45999
7355	290.51999
7356	290.51999
7357	290.48001
7358	290.54001
7359	290.56
7360	290.60001
7361	290.62
7362	290.51999
7363	290.42999
7364	290.42999
7365	290.48001
7366	290.42999
7367	290.51999
7368	290.54001
7369	290.57999
7370	290.54001
7371	290.57999
7372	290.60001
7373	290.57999
7374	290.69
7375	290.66
7376	290.5
7377	290.5
7378	290.26999
7379	290.17999
7380	290.16
7381	290.07999
7382	290.12
7383	290.16
7384	290.16
7385	290.07999
7386	290.12
7387	290.16
7388	289.97
7389	289.72
7390	289.57999
7391	289.41
7392	288.39001
7393	287.85999
7394	286.94
7395	285.62
7396	284.32999
7397	283.87
7398	283.41
7399	282.51001
7400	282.34
7401	282.28
7402	282.22
7403	282.28
7404	282.60999
7405	282.82001
7406	283.16
7407	283.42999
7408	283.78
7409	283.78
7410	284.47
7411	284.73001
7412	284.85001
7413	284.91
7414	285.07999
7415	285.29001
7416	285.29001
7417	285.60001
7418	285.79001
7419	285.85001
7420	286.04001
7421	286.31
7422	286.57001
7423	286.57001
7424	286.67001
7425	286.67001
7426	286.60999
7427	286.63
7428	286.70999
7429	286.75
7430	286.79999
7431	286.92001
7432	286.94
7433	286.98001
7434	287.10999
7435	287.14999
7436	287.34
7437	287.32001
7438	287.34
7439	287.35999
7440	287.48999
7441	287.63
7442	287.63
7443	287.54999
7444	287.57001
7445	287.70001
7446	287.78
7447	287.73999
7448	287.73999
7449	287.63
7450	287.70001
7451	287.67001
7452	287.70001
7453	287.78
7454	287.73999
7455	287.73999
7456	287.70001
7457	287.76001
7458	287.79999
7459	287.85999
7460	287.97
7461	287.98999
7462	287.95001
7463	288.07001
7464	288.13
7465	288.04999
7466	288.04999
7467	287.95001
7468	288.03
7469	288.04999
7470	287.92999
7471	287.95001
7472	287.98999
7473	288.03
7474	288.13
7475	288.03
7476	288.03
7477	287.97
7478	288.01001
7479	288.03
7480	288.03
7481	288.10999
7482	288.09
7483	288.07001
7484	287.97
7485	288.09
7486	288.09
7487	288.09
7488	288.07001
7489	288.03
7490	288.10999
7491	288.07001
7492	288.04999
7493	287.97
7494	287.97
7495	287.97
7496	288.09
7497	288.09
7498	288.16
7499	288.16
7500	288.13
7501	288.17999
7502	288.04999
7503	288.07001
7504	288.13
7505	288.32001
7506	288.26001
7507	288.23999
7508	288.17999
7509	288.13
7510	288.17999
7511	288.13
7512	288.04999
7513	288.01001
7514	287.88
7515	287.85999
7516	287.84
7517	287.79999
7518	287.84
7519	287.84
7520	287.98999
7521	288.07001
7522	288.10999
7523	288.03
7524	287.89999
7525	287.84
7526	287.84
7527	287.92999
7528	288.03
7529	288.04999
7530	287.98999
7531	288.07001
7532	288.07001
7533	287.98999
7534	287.92999
7535	287.98999
7536	288.04999
7537	288.04999
7538	288.16
7539	288.17999
7540	288.09
7541	288.07001
7542	288.07001
7543	288.09
7544	288.03
7545	288.04999
7546	287.92999
7547	287.89999
7548	287.98999
7549	287.95001
7550	287.89999
7551	287.89999
7552	287.88
7553	288.07001
7554	288.03
7555	288.04999
7556	288.16
7557	288.20001
7558	288.20001
7559	288.20001
7560	288.26001
7561	288.22
7562	288.13
7563	288.07001
7564	287.95001
7565	287.95001
7566	287.85999
7567	287.78
7568	287.79999
7569	287.82001
7570	287.92999
7571	287.89999
7572	287.89999
7573	287.89999
7574	287.89999
7575	287.92999
7576	287.95001
7577	287.92999
7578	287.92999
7579	287.97
7580	288.07001
7581	288.09
7582	288.10999
7583	288.04999
7584	288.04999
7585	288.03
7586	288.07001
7587	288.03
7588	287.97
7589	287.92999
7590	287.92999
7591	287.97
7592	287.98999
7593	287.97
7594	287.88
7595	287.98999
7596	288.07001
7597	288.07001
7598	288.07001
7599	288.07001
7600	288.04999
7601	288.09
7602	287.98999
7603	287.89999
7604	287.89999
7605	287.85999
7606	287.84
7607	287.85999
7608	287.95001
7609	287.89999
7610	287.89999
7611	287.97
7612	288.07001
7613	288.03
7614	288.03
7615	288.13
7616	288.10999
7617	288.01001
7618	288.01001
7619	287.97
7620	287.95001
7621	287.89999
7622	287.98999
7623	287.95001
7624	287.82001
7625	287.82001
7626	287.85999
7627	287.88
7628	287.84
7629	287.84
7630	287.78
7631	287.72
7632	287.79999
7633	287.88
7634	287.95001
7635	287.98999
7636	287.98999
7637	287.88
7638	287.82001
7639	287.88
7640	287.82001
7641	287.98999
7642	287.97
7643	288.09
7644	287.92999
7645	287.84
7646	287.82001
7647	287.89999
7648	287.84
7649	287.84
7650	287.85999
7651	287.85999
7652	287.85999
7653	287.85999
7654	287.97
7655	288.09
7656	288.09
7657	288.03
7658	288.04999
7659	288.13
7660	288.01001
7661	288.01001
7662	287.89999
7663	287.84
7664	287.88
7665	287.95001
7666	287.97
7667	287.97
7668	287.97
7669	287.84
7670	287.84
7671	287.82001
7672	287.85999
7673	288.09
7674	288.26001
7675	288.26001
7676	288.29999
7677	288.29999
7678	288.29999
7679	288.39001
7680	288.47
7681	288.57001
7682	288.64001
7683	288.89001
7684	289.01001
7685	289.31
7686	289.39001
7687	289.42999
7688	289.57999
7689	289.62
7690	289.70001
7691	289.72
7692	289.76999
7693	289.85001
7694	289.89001
7695	289.85001
7696	289.89001
7697	290.01999
7698	290
7699	289.95001
7700	289.95001
7701	289.79001
7702	289.85001
7703	289.89001
7704	289.95001
7705	289.97
7706	290.07999
7707	290.07999
7708	290.12
7709	290.16
7710	290.14001
7711	290.14001
7712	290.04001
7713	290.12
7714	290.12
7715	290.17999
7716	290.10001
7717	290.14001
7718	290.23001
7719	290.12
7720	290.16
7721	290.10001
7722	290.20001
7723	290.26999
7724	290.29001
7725	290.35001
7726	290.35001
7727	290.31
7728	290.32999
7729	290.26999
7730	290.23001
7731	290.23001
7732	290.23001
7733	290.29001
7734	290.23001
7735	290.16
7736	290.17999
7737	290.17999
7738	290.23001
7739	290.23001
7740	290.25
7741	290.29001
7742	290.29001
7743	290.29001
7744	290.20001
7745	290.16
7746	290.16
7747	290.26999
7748	290.20001
7749	290.20001
7750	290.20001
7751	290.29001
7752	290.37
7753	290.39001
7754	290.25
7755	290.26999
7756	290.26999
7757	290.26999
7758	290.25
7759	290.20001
7760	290.16
7761	290.20001
7762	290.17999
7763	290.25
7764	290.31
7765	290.26999
7766	290.39001
7767	290.39001
7768	290.37
7769	290.26999
7770	290.25
7771	290.25
7772	290.20001
7773	290.26999
7774	290.26999
7775	290.29001
7776	290.35001
7777	290.35001
7778	290.35001
7779	290.25
7780	290.23001
7781	290.23001
7782	290.32999
7783	290.25
7784	290.26999
7785	290.25
7786	290.32999
7787	290.31
7788	290.32999
7789	290.39001
7790	290.31
7791	290.32999
7792	290.35001
7793	290.39001
7794	290.37
7795	290.32999
7796	290.32999
7797	290.31
7798	290.29001
7799	290.29001
7800	290.32999
7801	290.45999
7802	290.42999
7803	290.39001
7804	290.39001
7805	290.31
7806	290.35001
7807	290.32999
7808	290.39001
7809	290.35001
7810	290.35001
7811	290.29001
7812	290.23001
7813	290.20001
7814	290.23001
7815	290.25
7816	290.31
7817	290.31
7818	290.35001
7819	290.23001
7820	290.20001
7821	290.25
7822	290.32999
7823	290.29001
7824	290.29001
7825	290.39001
7826	290.45999
7827	290.39001
7828	290.29001
7829	290.20001
7830	290.31
7831	290.32999
7832	290.35001
7833	290.35001
7834	290.35001
7835	290.37
7836	290.26999
7837	290.31
7838	290.26999
7839	290.37
7840	290.37
7841	290.37
7842	290.37
7843	290.32999
7844	290.39001
7845	290.37
7846	290.39001
7847	290.39001
7848	290.37
7849	290.37
7850	289.97
7851	289.87
7852	289.87
7853	290
7854	290.01999
7855	290.06
7856	290.07999
7857	289.97
7858	290
7859	290.06
7860	289.97
7861	290.01999
7862	289.92999
7863	289.73999
7864	288.85001
7865	288.59
7866	288.10999
7867	287.23999
7868	286.59
7869	285.32999
7870	284.79001
7871	283.54999
7872	282.84
7873	282.34
7874	281.94
7875	281.92001
7876	281.95999
7877	282.09
7878	282.48999
7879	282.91
7880	283.23999
7881	283.23999
7882	283.67999
7883	283.76001
7884	283.85001
7885	284.20001
7886	284.41
7887	284.57999
7888	284.57999
7889	284.85001
7890	285.12
7891	285.31
7892	285.48001
7893	285.60001
7894	285.64999
7895	285.76999
7896	286.17001
7897	286.20999
7898	286.23001
7899	286.19
7900	286.19
7901	286.25
7902	286.34
7903	286.59
7904	286.69
7905	286.73001
7906	286.79999
7907	286.84
7908	286.94
7909	287.01001
7910	287.07001
7911	287.17001
7912	287.32001
7913	287.32001
7914	287.39999
7915	287.44
7916	287.42001
7917	287.47
7918	287.44
7919	287.48999
7920	287.48999
7921	287.59
7922	287.57001
7923	287.57001
7924	287.47
7925	287.48999
7926	287.54999
7927	287.54999
7928	287.53
7929	287.51001
7930	287.53
7931	287.48999
7932	287.42001
7933	287.39999
7934	287.34
7935	287.54999
7936	287.57001
7937	287.60999
7938	287.59
7939	287.59
7940	287.60999
7941	287.64999
7942	287.72
7943	287.70001
7944	287.64999
7945	287.57001
7946	287.57001
7947	287.53
7948	287.53
7949	287.67001
7950	287.67001
7951	287.60999
7952	287.60999
7953	287.63
7954	287.63
7955	287.73999
7956	287.82001
7957	287.78
7958	287.72
7959	287.72
7960	287.64999
7961	287.67001
7962	287.72
7963	287.72
7964	287.76001
7965	287.73999
7966	287.76001
7967	287.84
7968	287.89999
7969	287.89999
7970	287.92999
7971	287.82001
7972	287.82001
7973	287.82001
7974	287.79999
7975	287.79999
7976	287.79999
7977	287.85999
7978	287.88
7979	287.92999
7980	287.85999
7981	287.79999
7982	287.76001
7983	287.79999
7984	287.79999
7985	287.84
7986	287.82001
7987	287.79999
7988	287.85999
7989	287.92999
7990	287.97
7991	287.97
7992	288.01001
7993	287.98999
7994	287.95001
7995	287.95001
7996	287.95001
7997	287.88
7998	287.88
7999	287.88
8000	287.92999
8001	287.89999
8002	287.95001
8003	287.95001
8004	287.95001
8005	287.82001
8006	287.72
8007	287.82001
8008	287.92999
8009	287.88
8010	287.88
8011	287.85999
8012	287.85999
8013	287.98999
8014	288.01001
8015	288.09
8016	288.07001
8017	288.04999
8018	288.10999
8019	288.10999
8020	287.98999
8021	287.97
8022	288.01001
8023	288.01001
8024	287.95001
8025	287.97
8026	288.01001
8027	288.01001
8028	287.92999
8029	287.89999
8030	287.89999
8031	287.82001
8032	287.89999
8033	287.89999
8034	287.92999
8035	287.92999
8036	287.92999
8037	287.95001
8038	287.89999
8039	287.84
8040	287.84
8041	287.79999
8042	287.82001
8043	287.82001
8044	287.82001
8045	287.82001
8046	287.82001
8047	287.88
8048	287.85999
8049	287.92999
8050	287.92999
8051	287.97
8052	288.09
8053	288.03
8054	287.95001
8055	287.95001
8056	287.92999
8057	287.97
8058	287.97
8059	288.01001
8060	288.03
8061	288.09
8062	288.09
8063	288.09
8064	288.09
8065	288.03
8066	288.04999
8067	288.07001
8068	288.01001
8069	287.97
8070	287.95001
8071	287.98999
8072	287.95001
8073	287.85999
8074	287.89999
8075	287.85999
8076	287.88
8077	287.82001
8078	287.88
8079	287.79999
8080	287.88
8081	287.95001
8082	288.04999
8083	288.09
8084	288.01001
8085	288.01001
8086	288.01001
8087	288.01001
8088	287.97
8089	287.97
8090	288.01001
8091	287.92999
8092	287.97
8093	288.07001
8094	288.07001
8095	287.98999
8096	287.98999
8097	287.89999
8098	287.89999
8099	287.97
8100	287.95001
8101	287.95001
8102	288.03
8103	288.09
8104	288.03
8105	287.98999
8106	287.98999
8107	288.01001
8108	287.98999
8109	288.04999
8110	288.01001
8111	288.01001
8112	287.95001
8113	287.79999
8114	287.85999
8115	287.84
8116	287.95001
8117	287.97
8118	288.07001
8119	288.17999
8120	288.10999
8121	288.07001
8122	287.95001
8123	287.92999
8124	287.95001
8125	287.95001
8126	287.92999
8127	287.92999
8128	287.89999
8129	287.88
8130	287.89999
8131	287.85999
8132	288.01001
8133	288.01001
8134	288.16
8135	288.13
8136	288.09
8137	287.98999
8138	288.03
8139	287.98999
8140	287.98999
8141	288.10999
8142	288.28
8143	288.22
8144	288.07001
8145	287.97
8146	287.97
8147	288.01001
8148	288.26001
8149	288.34
8150	288.34
8151	288.35999
8152	288.32001
8153	288.35999
8154	288.35999
8155	288.62
8156	288.66
8157	288.82001
8158	289.01001
8159	289.10001
8160	289.28
8161	289.32999
8162	289.45001
8163	289.57999
8164	289.62
8165	289.62
8166	289.79001
8167	289.85001
8168	289.82999
8169	289.87
8170	289.95001
8171	290.01999
8172	290.01999
8173	290
8174	290.04001
8175	290
8176	289.95001
8177	290
8178	290
8179	290
8180	289.95001
8181	290.01999
8182	290.14001
8183	290.17999
8184	290.16
8185	290.17999
8186	290.20001
8187	290.14001
8188	290.10001
8189	290.12
8190	290.20001
8191	290.16
8192	290.23001
8193	290.26999
8194	290.29001
8195	290.23001
8196	290.23001
8197	290.32999
8198	290.25
8199	290.32999
8200	290.32999
8201	290.35001
8202	290.35001
8203	290.32999
8204	290.32999
8205	290.29001
8206	290.17999
8207	290.16
8208	290.26999
8209	290.29001
8210	290.32999
8211	290.32999
8212	290.25
8213	290.25
8214	290.29001
8215	290.32999
8216	290.39001
8217	290.35001
8218	290.37
8219	290.37
8220	290.42999
8221	290.41
8222	290.37
8223	290.37
8224	290.31
8225	290.26999
8226	290.23001
8227	290.29001
8228	290.35001
8229	290.32999
8230	290.39001
8231	290.37
8232	290.37
8233	290.42999
8234	290.37
8235	290.29001
8236	290.29001
8237	290.25
8238	290.29001
8239	290.25
8240	290.25
8241	290.23001
8242	290.35001
8243	290.35001
8244	290.37
8245	290.39001
8246	290.32999
8247	290.25
8248	290.29001
8249	290.32999
8250	290.32999
8251	290.31
8252	290.32999
8253	290.29001
8254	290.29001
8255	290.23001
8256	290.20001
8257	290.23001
8258	290.29001
8259	290.26999
8260	290.25
8261	290.37
8262	290.45999
8263	290.5
8264	290.45999
8265	290.35001
8266	290.31
8267	290.39001
8268	290.31
8269	290.31
8270	290.32999
8271	290.29001
8272	290.31
8273	290.32999
8274	290.39001
8275	290.39001
8276	290.5
8277	290.48001
8278	290.42999
8279	290.37
8280	290.39001
8281	290.39001
8282	290.39001
8283	290.29001
8284	290.25
8285	290.20001
8286	290.35001
8287	290.32999
8288	290.35001
8289	290.41
8290	290.42999
8291	290.45999
8292	290.39001
8293	290.42999
8294	290.45999
8295	290.37
8296	290.41
8297	290.45999
8298	290.45999
8299	290.42999
8300	290.39001
8301	290.35001
8302	290.29001
8303	290.23001
8304	290.32999
8305	290.39001
8306	290.41
8307	290.41
8308	290.39001
8309	290.37
8310	290.35001
8311	290.31
8312	290.29001
8313	290.35001
8314	290.35001
8315	290.32999
8316	290.23001
8317	290.16
8318	290.25
8319	290.31
8320	290.31
8321	290.31
8322	290.37
8323	290.14001
8324	290.07999
8325	289.97
8326	290.01999
8327	290.10001
8328	290.07999
8329	290.01999
8330	290.01999
8331	290.04001
8332	290.12
8333	290.01999
8334	290.01999
8335	290.01999
8336	289.66
8337	289.51001
8338	288.97
8339	288.07001
8340	287.59
8341	286.51999
8342	285.94
8343	284.95999
8344	284.04001
8345	283.12
8346	283.12
8347	282.10999
8348	281.79999
8349	281.73001
8350	281.60999
8351	281.70999
8352	281.94
8353	281.94
8354	282.67999
8355	282.92999
8356	283.04999
8357	283.32001
8358	283.62
8359	283.78
8360	283.97
8361	284.39001
8362	284.62
8363	284.73001
8364	285.04001
8365	285.25
8366	285.37
8367	285.51999
8368	285.56
8369	285.60001
8370	285.67001
8371	285.73001
8372	285.82999
8373	285.95999
8374	286.01999
8375	286.19
8376	286.34
8377	286.45999
8378	286.48001
8379	286.57001
8380	286.67001
8381	286.67001
8382	286.76999
8383	286.84
8384	286.84
8385	286.84
8386	286.82001
8387	286.76999
8388	286.82001
8389	286.75
8390	286.85999
8391	286.95999
8392	286.95999
8393	287.03
8394	287.03
8395	286.98001
8396	287.07001
8397	287.09
8398	287.10999
8399	287.09
8400	287.04999
8401	287.13
8402	287.17001
8403	287.28
8404	287.32001
8405	287.29999
8406	287.26001
8407	287.35999
8408	287.39999
8409	287.34
8410	287.34
8411	287.34
8412	287.29999
8413	287.28
8414	287.44
8415	287.47
8416	287.44
8417	287.44
8418	287.38
8419	287.53
8420	287.57001
8421	287.54999
8422	287.54999
8423	287.53
8424	287.53
8425	287.48999
8426	287.48999
8427	287.53
8428	287.44
8429	287.47
8430	287.42001
8431	287.42001
8432	287.48999
8433	287.47
8434	287.51001
8435	287.54999
8436	287.60999
8437	287.57001
8438	287.60999
8439	287.54999
8440	287.59
8441	287.54999
8442	287.57001
8443	287.53
8444	287.57001
8445	287.60999
8446	287.72
8447	287.79999
8448	287.82001
8449	287.78
8450	287.73999
8451	287.67001
8452	287.67001
8453	287.67001
8454	287.63
8455	287.67001
8456	287.67001
8457	287.64999
8458	287.63
8459	287.64999
8460	287.78
8461	287.88
8462	287.85999
8463	287.85999
8464	287.59
8465	287.44