1	276.8800049
2	276.8399963
3	276.7799988
4	276.8200073
5	276.9700012
6	277.0100098
7	277.0100098
8	277.0100098
9	276.9500122
10	276.9700012
11	277.0100098
12	277.1099854
13	277.1300049
14	277.0700073
15	277.1799927
16	277.2200012
17	277.3900146
18	277.3399963
19	277.2799988
20	277.2399902
21	277.2000122
22	277.1799927
23	277.2200012
24	277.1799927
25	277.2000122
26	277.2200012
27	277.1799927
28	277.1499939
29	277.1499939
30	277.2399902
31	277.2200012
32	277.2200012
33	277.2600098
34	277.2799988
35	277.2600098
36	277.2200012
37	277.1799927
38	277.1499939
39	277.1499939
40	277.1099854
41	277.1499939
42	277.1799927
43	277.0499878
44	276.9500122
45	276.8599854
46	276.9500122
47	277.0700073
48	277.1300049
49	277.2999878
50	277.4500122
51	277.2799988
52	277.2399902
53	277.2200012
54	277.1499939
55	277.2000122
56	277.0499878
57	277.0700073
58	277.0700073
59	277.1499939
60	277.2200012
61	277.2200012
62	277.2000122
63	277.2999878
64	277.2999878
65	277.3599854
66	277.4500122
67	277.3599854
68	277.3599854
69	277.3900146
70	277.4700012
71	277.4700012
72	277.4899902
73	277.4299927
74	277.4500122
75	277.3200073
76	277.2600098
77	277.2000122
78	277.2000122
79	277.3399963
80	277.4299927
81	277.3399963
82	277.2399902
83	277.2200012
84	277.2799988
85	277.3399963
86	277.5299988
87	277.5100098
88	277.5899963
89	277.5299988
90	277.5100098
91	277.2999878
92	277.2600098
93	276.9700012
94	276.8999939
95	276.7600098
96	276.7999878
97	276.7600098
98	277.0100098
99	277.3200073
100	277.8699951
101	278.1400146
102	278.3699951
103	278.3699951
104	278.3900146
105	278.5400085
106	278.5799866
107	278.7399902
108	279.0400085
109	279.230011
110	279.230011
111	279.3099976
112	279.4100037
113	279.6000061
114	279.8900146
115	280.019989
116	279.9599915
117	279.9200134
118	279.8500061
119	279.769989
120	279.7099915
121	279.4299927
122	279.4299927
123	279.4599915
124	279.5599976
125	279.8099976
126	280
127	280.2900085
128	280.4200134
129	280.5
130	280.5599976
131	280.5599976
132	280.4400024
133	280.5799866
134	280.730011
135	280.6300049
136	280.5
137	280.769989
138	280.8599854
139	280.769989
140	280.7099915
141	280.5599976
142	280.5599976
143	280.3500061
144	280.4200134
145	280.3800049
146	280.2900085
147	280.480011
148	280.5799866
149	280.5799866
150	280.6900024
151	280.5
152	280.4599915
153	280.4599915
154	280.4200134
155	280.3999939
156	280.5400085
157	280.6099854
158	280.5400085
159	280.4599915
160	280.6499939
161	280.6900024
162	280.5799866
163	280.4599915
164	280.6700134
165	280.8099976
166	281.1099854
167	281.019989
168	280.9599915
169	280.8599854
170	280.75
171	280.5
172	280.4400024
173	280.5
174	280.5
175	280.4599915
176	280.6700134
177	280.6499939
178	280.4599915
179	280.4599915
180	280.8800049
181	280.8800049
182	280.8800049
183	280.7900085
184	280.8099976
185	280.7099915
186	280.8399963
187	280.9200134
188	280.769989
189	280.2900085
190	280.1199951
191	280.1000061
192	280.1499939
193	280.019989
194	280.1499939
195	280.25
196	280.4400024
197	280.5
198	280.5
199	280.5599976
200	280.6700134
201	280.769989
202	280.8099976
203	280.6900024
204	280.7099915
205	280.6300049
206	280.6499939
207	280.5799866
208	280.5
209	280.5
210	280.4599915
211	280.3800049
212	279.9599915
213	279.9599915
214	279.8500061
215	280.1000061
216	280.1700134
217	280.269989
218	280.5
219	280.4400024
220	280.4400024
221	280.480011
222	280.1900024
223	280.230011
224	280.269989
225	280.4400024
226	280.4200134
227	280.5400085
228	280.6300049
229	280.519989
230	280.480011
231	280.480011
232	280.519989
233	280.5400085
234	280.5599976
235	280.6099854
236	280.519989
237	280.3099976
238	280.269989
239	280.2099915
240	280.3800049
241	280.4400024
242	280.230011
243	280.25
244	280.2900085
245	280.2900085
246	280.4400024
247	280.5599976
248	280.5799866
249	280.480011
250	280.3099976
251	280.1199951
252	280.1199951
253	280.2099915
254	280.3099976
255	280.3099976
256	280.3800049
257	280.4599915
258	280.3800049
259	280.3800049
260	280.4400024
261	280.519989
262	280.6700134
263	280.8099976
264	280.6900024
265	280.6700134
266	280.5400085
267	280.4400024
268	280.3999939
269	280.3099976
270	280.1499939
271	280
272	279.980011
273	279.980011
274	280.0799866
275	280.2099915
276	279.8699951
277	279.480011
278	279.269989
279	279.1199951
280	279.0599976
281	279.1000061
282	279.0799866
283	279.269989
284	279.269989
285	279.1000061
286	278.8299866
287	278.6400146
288	278.3099976
289	277.9700012
290	277.5299988
291	277.5299988
292	276.2799988
293	274.980011
294	274.5
295	273.5599976
296	272.9100037
297	272.6000061
298	272.3699951
299	271.8399963
300	271.7399902
301	271.5499878
302	271.6499939
303	271.9500122
304	272.1099854
305	272.3399963
306	272.5299988
307	272.6000061
308	272.7600098
309	273.1000061
310	273.2000122
311	273.519989
312	273.6000061
313	273.8299866
314	273.8699951
315	273.9599915
316	273.9599915
317	274
318	274.1000061
319	274.1000061
320	274.269989
321	274.5
322	274.7900085
323	274.7900085
324	274.9200134
325	275.0799866
326	275.1700134
327	275.3999939
328	275.6300049
329	275.8599854
330	275.8599854
331	276.1499939
332	276.2799988
333	276.3599854
334	276.3800049
335	276.3399963
336	276.3800049
337	276.4200134
338	276.3200073
339	276.3399963
340	276.3999939
341	276.2799988
342	276.2600098
343	276.1499939
344	276.1900024
345	276.1900024
346	276.2099915
347	276.1900024
348	276.1900024
349	276.2099915
350	276.3599854
351	276.3399963
352	276.2999878
353	276.3200073
354	276.3800049
355	276.3800049
356	276.4899902
357	276.4599915
358	276.4599915
359	276.3800049
360	276.3200073
361	276.4200134
362	276.4200134
363	276.3599854
364	276.3599854
365	276.3599854
366	276.4200134
367	276.4400024
368	276.5700073
369	276.6700134
370	276.6499939
371	276.6099854
372	276.5899963
373	276.6900024
374	276.6499939
375	276.6900024
376	276.6700134
377	276.5899963
378	276.5299988
379	276.6099854
380	276.4899902
381	276.5499878
382	276.6300049
383	276.5899963
384	276.6099854
385	276.5499878
386	276.6099854
387	276.7600098
388	276.8200073
389	276.8200073
390	276.7399902
391	276.7600098
392	276.8200073
393	276.8399963
394	276.8399963
395	276.7600098
396	276.6900024
397	276.6700134
398	276.5700073
399	276.6099854
400	276.7399902
401	276.7399902
402	276.7600098
403	276.6300049
404	276.5499878
405	276.5899963
406	276.6700134
407	276.6499939
408	276.7799988
409	276.8200073
410	276.8200073
411	276.7999878
412	276.7200012
413	276.5899963
414	276.5899963
415	276.6300049
416	276.5899963
417	276.6300049
418	276.7200012
419	276.7999878
420	276.7999878
421	276.6499939
422	276.5700073
423	276.5899963
424	276.6499939
425	276.7600098
426	276.7600098
427	276.8200073
428	276.8399963
429	276.8200073
430	276.8800049
431	277.0299988
432	277.0100098
433	277.0100098
434	276.8800049
435	276.8599854
436	276.7799988
437	276.7600098
438	276.6300049
439	276.5299988
440	276.5299988
441	276.7200012
442	276.7799988
443	276.7799988
444	276.6700134
445	276.6900024
446	276.8200073
447	276.8800049
448	277.0100098
449	277.0299988
450	277.0499878
451	277.0100098
452	277.0100098
453	276.8999939
454	276.8800049
455	277.0100098
456	277.0499878
457	277.0700073
458	277.0700073
459	277.0499878
460	277.0499878
461	276.9700012
462	276.8399963
463	276.8200073
464	276.7999878
465	276.7999878
466	276.7999878
467	276.8800049
468	276.8999939
469	276.9899902
470	277.0899963
471	277.1499939
472	277.1499939
473	277.1799927
474	277.1099854
475	277.1300049
476	277.0299988
477	277.0100098
478	277.0299988
479	277.0299988
480	276.9700012
481	276.8999939
482	276.7399902
483	276.7200012
484	276.9200134
485	276.9700012
486	277.0499878
487	277.1300049
488	277.0899963
489	276.9200134
490	276.8200073
491	276.9200134
492	277.1499939
493	277.1499939
494	277.0700073
495	276.9899902
496	277.0299988
497	277.0299988
498	277.0899963
499	277.0899963
500	277.0899963
501	276.9200134
502	277.0499878
503	277.1799927
504	277.1799927
505	277.2200012
506	277.1300049
507	277.0899963
508	277.0100098
509	276.7999878
510	276.8399963
511	276.8399963
512	277.0899963
513	277.1099854
514	277.0700073
515	276.9200134
516	276.8800049
517	276.8200073
518	276.9500122
519	276.9700012
520	277.0299988
521	277.0299988
522	277.0700073
523	277.0899963
524	277.1300049
525	277.1799927
526	277.1499939
527	277.1499939
528	277.2399902
529	277.3399963
530	277.3200073
531	277.2399902
532	277.1799927
533	276.8999939
534	276.8200073
535	276.9200134
536	276.9200134
537	276.9200134
538	276.8399963
539	276.8599854
540	276.7600098
541	276.7600098
542	276.7999878
543	276.7999878
544	276.9200134
545	276.9500122
546	276.9700012
547	276.9500122
548	277.0700073
549	277.0899963
550	277.1099854
551	277.2200012
552	277.2200012
553	277.1499939
554	276.9899902
555	276.9700012
556	276.9899902
557	276.9700012
558	276.9700012
559	277.0499878
560	277.0499878
561	276.9899902
562	276.9700012
563	277.0299988
564	277.0899963
565	277.0299988
566	277.0100098
567	276.9500122
568	276.9500122
569	277.0299988
570	277.0499878
571	277.0100098
572	277.1099854
573	277.3399963
574	277.4299927
575	277.4299927
576	277.5899963
577	277.7999878
578	277.8900146
579	278.0499878
580	278.1799927
581	278.4299927
582	278.4299927
583	278.9100037
584	278.8699951
585	278.8900146
586	279.0400085
587	279.2900085
588	279.4100037
589	279.5599976
590	279.5
591	279.4299927
592	279.6600037
593	279.75
594	279.6600037
595	279.6600037
596	279.8699951
597	280.230011
598	280.25
599	280.269989
600	280.1700134
601	280.230011
602	279.980011
603	279.8900146
604	279.5400085
605	279.6199951
606	279.6900024
607	279.6900024
608	279.6900024
609	280.0400085
610	280.1700134
611	280.2900085
612	280.269989
613	280.230011
614	280.230011
615	280.0599976
616	280.1000061
617	279.9599915
618	279.8500061
619	279.8900146
620	280.019989
621	280.1900024
622	279.8699951
623	279.7099915
624	279.8299866
625	280.1700134
626	280.230011
627	280.2099915
628	280.2099915
629	280.269989
630	280.0799866
631	280.0799866
632	280.3800049
633	280.3099976
634	280.1700134
635	280.1700134
636	280.019989
637	279.8900146
638	280
639	280
640	280.1900024
641	280.5400085
642	280.5599976
643	280.5599976
644	280.5
645	280.5
646	280.5
647	280.7099915
648	280.6300049
649	280.6900024
650	280.6700134
651	280.7099915
652	280.7099915
653	280.7099915
654	280.6499939
655	280.6900024
656	280.730011
657	280.730011
658	280.5400085
659	280.480011
660	280.4400024
661	280.269989
662	280.1499939
663	280.1000061
664	280.0599976
665	280.0799866
666	280.2099915
667	280.3999939
668	280.3999939
669	280.3299866
670	280.3099976
671	280.4400024
672	280.6499939
673	280.730011
674	280.6499939
675	280.6700134
676	280.519989
677	280.3099976
678	280.3099976
679	280.0799866
680	279.980011
681	280.2900085
682	280.6099854
683	280.6099854
684	280.3800049
685	280.3800049
686	280.3500061
687	280.4599915
688	280.4200134
689	280.4200134
690	280.3299866
691	280.269989
692	280.3800049
693	280.3999939
694	280.3099976
695	280.2099915
696	279.9599915
697	279.8900146
698	280
699	279.980011
700	279.8900146
701	279.8500061
702	279.6400146
703	279.6600037
704	279.769989
705	279.9599915
706	280.1700134
707	280.4200134
708	280.5
709	280.3099976
710	280.269989
711	280.3299866
712	280.4400024
713	280.3800049
714	280.3500061
715	280.4200134
716	280.7099915
717	280.7099915
718	280.5
719	280.3800049
720	280.3999939
721	280.5799866
722	280.5799866
723	280.6900024
724	280.6900024
725	280.519989
726	280.1700134
727	280.0400085
728	280.1000061
729	280.1199951
730	280.1000061
731	280.269989
732	280.4400024
733	280.3099976
734	280.269989
735	280.3500061
736	280.1199951
737	280.1000061
738	280.1000061
739	280.25
740	280.1900024
741	280.1000061
742	280.1199951
743	280.3800049
744	280.519989
745	280.5
746	280.3299866
747	280.4200134
748	280.4400024
749	280.4400024
750	280.3099976
751	279.980011
752	279.6600037
753	279.5400085
754	279.4100037
755	279.3699951
756	279.3699951
757	279.5
758	279.5
759	279.480011
760	279.2000122
761	278.8900146
762	278.5400085
763	278.5400085
764	277.8200073
765	276.9200134
766	276.4400024
767	275.4400024
768	274.5400085
769	274.1900024
770	273.8299866
771	272.9500122
772	272.7000122
773	272.2999878
774	272.0100098
775	271.8800049
776	271.6499939
777	271.6300049
778	271.7200012
779	271.8800049
780	271.9500122
781	272.2600098
782	272.3399963
783	272.5100098
784	272.6799927
785	272.7000122
786	272.8900146
787	273.2000122
788	273.2000122
789	273.6600037
790	273.9100037
791	273.9299927
792	274.019989
793	274.0599976
794	274.2099915
795	274.2099915
796	274.4599915
797	274.5400085
798	274.5799866
799	274.769989
800	274.8299866
801	274.8800049
802	274.8800049
803	275.019989
804	275.019989
805	275
806	275.1300049
807	275.4400024
808	275.5899963
809	275.6700134
810	275.75
811	275.75
812	275.75
813	275.75
814	275.75
815	275.769989
816	275.7999878
817	275.769989
818	275.769989
819	275.8200073
820	275.8200073
821	275.8599854
822	276
823	276.1099854
824	276.1700134
825	276.1700134
826	276.0899963
827	276.0899963
828	276.1499939
829	276.1900024
830	276.1099854
831	276.1099854
832	275.980011
833	276.0499878
834	276.0499878
835	276.3399963
836	276.3999939
837	276.3800049
838	276.3200073
839	276.2099915
840	276.230011
841	276.2600098
842	276.4200134
843	276.3599854
844	276.3800049
845	276.3200073
846	276.3999939
847	276.5899963
848	276.7399902
849	276.7799988
850	276.7200012
851	276.6700134
852	276.8599854
853	276.9200134
854	277.1499939
855	277.1799927
856	277.1799927
857	277.2399902
858	277.3200073
859	277.3200073
860	277.2399902
861	277.2399902
862	277.1799927
863	277.1499939
864	277.1099854
865	277.1799927
866	277.1799927
867	277.2399902
868	277.2600098
869	277.2200012
870	277.2000122
871	277.1499939
872	277.1099854
873	276.9899902
874	276.9200134
875	276.7999878
876	276.7799988
877	276.7600098
878	276.8800049
879	276.8999939
880	276.9700012
881	276.8999939
882	276.8999939
883	276.7600098
884	276.6099854
885	276.5700073
886	276.5499878
887	276.5700073
888	276.6099854
889	276.6700134
890	276.7200012
891	276.7200012
892	276.8800049
893	276.8999939
894	276.8800049
895	276.7799988
896	276.7999878
897	276.8200073
898	276.8999939
899	276.9700012
900	277.0700073
901	276.9899902
902	277.0100098
903	277.0700073
904	277.0899963
905	277.0899963
906	277.0299988
907	276.9700012
908	277.0299988
909	277.0700073
910	277.1300049
911	277.0700073
912	276.9700012
913	276.6099854
914	276.5899963
915	276.5299988
916	276.6700134
917	276.8399963
918	277.0499878
919	276.9700012
920	276.8999939
921	276.7799988
922	276.6300049
923	276.5100098
924	276.4899902
925	276.5899963
926	276.5899963
927	276.6099854
928	276.7600098
929	276.8599854
930	276.8599854
931	276.9899902
932	276.8800049
933	276.8399963
934	276.8599854
935	277.0700073
936	277.0100098
937	277.0100098
938	277.0700073
939	277.2600098
940	277.2200012
941	277.2200012
942	277.1099854
943	277.0100098
944	276.9500122
945	276.6900024
946	276.7200012
947	276.6499939
948	276.6700134
949	276.6900024
950	276.7200012
951	276.6900024
952	276.8999939
953	276.8800049
954	276.8399963
955	276.6499939
956	276.6099854
957	276.6099854
958	276.6300049
959	276.7399902
960	276.8200073
961	276.7600098
962	276.8200073
963	276.8999939
964	277.0499878
965	277.0899963
966	277.1300049
967	277.2000122
968	277.1499939
969	277.1499939
970	276.9200134
971	276.8399963
972	276.8800049
973	276.9200134
974	276.9700012
975	277.0700073
976	277.0700073
977	277.0899963
978	277.0700073
979	277.0100098
980	276.9500122
981	276.9500122
982	276.8599854
983	276.8999939
984	276.8800049
985	276.8399963
986	276.6900024
987	276.4599915
988	276.3999939
989	276.2999878
990	276.230011
991	276.3599854
992	276.4200134
993	276.4400024
994	276.5299988
995	276.5499878
996	276.6700134
997	276.6099854
998	276.5700073
999	276.6300049
1000	276.9700012
1001	276.9700012
1002	277.1799927
1003	277.1799927
1004	277.1499939
1005	277.0899963
1006	276.8999939
1007	276.8200073
1008	276.8200073
1009	276.7200012
1010	276.6300049
1011	276.7399902
1012	276.6700134
1013	276.5700073
1014	276.6099854
1015	276.6499939
1016	276.8800049
1017	277.0100098
1018	276.9899902
1019	276.9200134
1020	277.0100098
1021	277.0299988
1022	277.0499878
1023	277.0100098
1024	276.9700012
1025	276.8599854
1026	276.8599854
1027	276.8999939
1028	276.9500122
1029	276.9500122
1030	276.8999939
1031	276.8399963
1032	276.8200073
1033	276.7999878
1034	276.7999878
1035	276.7200012
1036	276.7600098
1037	276.7999878
1038	276.9500122
1039	277.0499878
1040	277.0499878
1041	276.9700012
1042	276.7200012
1043	276.5899963
1044	276.5899963
1045	276.7999878
1046	277.1099854
1047	277.1099854
1048	277.6600037
1049	278.0799866
1050	278.1000061
1051	278.2200012
1052	278.2799988
1053	278.3900146
1054	278.5400085
1055	278.6000061
1056	278.8299866
1057	278.9299927
1058	278.9700012
1059	279.0599976
1060	279.0400085
1061	279.0400085
1062	279.480011
1063	279.6400146
1064	279.769989
1065	279.5799866
1066	279.6000061
1067	279.6600037
1068	279.6400146
1069	279.480011
1070	279.5599976
1071	279.6900024
1072	279.6900024
1073	279.980011
1074	280.1700134
1075	280.1499939
1076	280.0599976
1077	280.1199951
1078	280.3999939
1079	280.3999939
1080	280.2900085
1081	280.4599915
1082	280.519989
1083	280.519989
1084	280.3500061
1085	280.1900024
1086	280.1900024
1087	280.1900024
1088	280.1000061
1089	280.1499939
1090	280.0400085
1091	280
1092	279.9599915
1093	280.0400085
1094	280.2099915
1095	280.25
1096	280.0599976
1097	279.7099915
1098	279.769989
1099	280.1499939
1100	280.2900085
1101	280.480011
1102	280.4599915
1103	280.6300049
1104	280.3800049
1105	280.1900024
1106	280.1199951
1107	280.1000061
1108	280.0799866
1109	280.0799866
1110	279.9599915
1111	279.9599915
1112	279.2900085
1113	279.0799866
1114	279.0400085
1115	279.3900146
1116	279.6199951
1117	279.7900085
1118	279.7900085
1119	279.980011
1120	279.8699951
1121	280.019989
1122	280.3299866
1123	280.6300049
1124	280.6700134
1125	280.7900085
1126	280.7900085
1127	280.5799866
1128	280.519989
1129	280.519989
1130	280.5799866
1131	280.3999939
1132	280.3099976
1133	280.3500061
1134	280.1700134
1135	280.0400085
1136	280.1199951
1137	280.0799866
1138	280.2099915
1139	280.269989
1140	280.4599915
1141	280.4200134
1142	280.0599976
1143	280.2099915
1144	280.230011
1145	280.1700134
1146	280.1900024
1147	280.2900085
1148	280.1700134
1149	280.480011
1150	280.480011
1151	280.1900024
1152	279.9599915
1153	280
1154	280.2099915
1155	280.6499939
1156	280.75
1157	280.75
1158	280.7099915
1159	280.730011
1160	280.6499939
1161	280.5599976
1162	280.6499939
1163	280.5599976
1164	280.5
1165	280.480011
1166	280.480011
1167	280.3999939
1168	280.3099976
1169	280.2099915
1170	280.0400085
1171	279.8299866
1172	280.2099915
1173	280.3500061
1174	280.730011
1175	280.75
1176	280.6900024
1177	280.6900024
1178	280.7099915
1179	280.6900024
1180	280.6099854
1181	280.7099915
1182	280.7099915
1183	280.6700134
1184	280.5400085
1185	280.4400024
1186	280.3299866
1187	280.519989
1188	280.6099854
1189	280.6099854
1190	280.519989
1191	280.5
1192	280.4200134
1193	280.4599915
1194	280.5400085
1195	280.6099854
1196	280.5400085
1197	280.4400024
1198	280.2900085
1199	280.1700134
1200	280.2900085
1201	280.5
1202	280.4400024
1203	280.3999939
1204	280.5599976
1205	280.4400024
1206	280.230011
1207	280
1208	280
1209	280.3999939
1210	280.6700134
1211	280.75
1212	281.0400085
1213	280.8999939
1214	280.5400085
1215	280.5599976
1216	280.6499939
1217	280.6300049
1218	280.4200134
1219	280.8099976
1220	280.75
1221	280.75
1222	280.1000061
1223	279.5400085
1224	279.2900085
1225	278.9299927
1226	278.8699951
1227	278.9299927
1228	278.9299927
1229	278.9700012
1230	279
1231	278.8699951
1232	278.6400146
1233	278.5400085
1234	278.4500122
1235	278.4899902
1236	278.3099976
1237	278.1600037
1238	277.6600037
1239	276.9500122
1240	276.3200073
1241	276.0299988
1242	275.6499939
1243	274.4599915
1244	274.0400085
1245	273.3099976
1246	272.6199951
1247	272.3699951
1248	271.9299927
1249	271.7600098
1250	271.5499878
1251	271.4700012
1252	271.4500122
1253	271.4500122
1254	271.5499878
1255	271.5700073
1256	271.7000122
1257	272.0499878
1258	272.2600098
1259	272.4700012
1260	272.4700012
1261	272.7200012
1262	272.9100037
1263	272.9899902
1264	273.1199951
1265	273.2900085
1266	273.3900146
1267	273.3900146
1268	273.8099976
1269	274.0400085
1270	274.1900024
1271	274.269989
1272	274.4400024
1273	274.5
1274	274.5799866
1275	274.769989
1276	274.730011
1277	274.7099915
1278	274.7099915
1279	274.75
1280	274.8099976
1281	274.8999939
1282	275.019989
1283	275
1284	274.9200134
1285	274.9200134
1286	274.9200134
1287	275
1288	275.1300049
1289	275.269989
1290	275.25
1291	275.2099915
1292	275.2099915
1293	275.1700134
1294	275.1900024
1295	275.269989
1296	275.3800049
1297	275.4200134
1298	275.480011
1299	275.480011
1300	275.4200134
1301	275.4200134
1302	275.3800049
1303	275.4599915
1304	275.5
1305	275.4599915
1306	275.4400024
1307	275.3800049
1308	275.3800049
1309	275.3999939
1310	275.5
1311	275.6300049
1312	275.6099854
1313	275.6099854
1314	275.519989
1315	275.5400085
1316	275.6099854
1317	275.6900024
1318	275.769989
1319	275.75
1320	275.6700134
1321	275.6700134
1322	275.8800049
1323	275.9200134
1324	275.9200134
1325	275.769989
1326	275.730011
1327	275.6700134
1328	275.6499939
1329	275.7099915
1330	275.8399963
1331	275.8399963
1332	275.8399963
1333	275.8599854
1334	275.7999878
1335	275.8200073
1336	275.8200073
1337	275.730011
1338	275.730011
1339	275.5899963
1340	275.4599915
1341	275.480011
1342	275.6099854
1343	275.7999878
1344	275.8599854
1345	275.8800049
1346	275.8200073
1347	275.8800049
1348	275.8999939
1349	275.9200134
1350	275.9599915
1351	276.0299988
1352	275.9400024
1353	275.8999939
1354	276
1355	276.2099915
1356	276.2999878
1357	276.2999878
1358	276.3399963
1359	276.2799988
1360	276.230011
1361	276.2799988
1362	276.1300049
1363	276.1300049
1364	276.1700134
1365	276.1700134
1366	276.0700073
1367	275.9599915
1368	275.9200134
1369	275.8399963
1370	275.8399963
1371	275.769989
1372	275.769989
1373	275.8599854
1374	275.8800049
1375	275.9200134
1376	275.8599854
1377	275.8200073
1378	275.769989
1379	275.8800049
1380	275.9400024
1381	276.0700073
1382	276
1383	275.980011
1384	275.9200134
1385	275.8599854
1386	275.8999939
1387	275.9599915
1388	276.0499878
1389	276.0899963
1390	276.1499939
1391	276.0899963
1392	276.1499939
1393	276.1499939
1394	276.1099854
1395	276.1099854
1396	275.980011
1397	275.980011
1398	275.9599915
1399	276.0499878
1400	276.0299988
1401	275.980011
1402	275.980011
1403	275.8399963
1404	275.9200134
1405	275.8599854
1406	275.8800049
1407	275.8399963
1408	275.8200073
1409	275.8200073
1410	275.8399963
1411	275.8599854
1412	275.9400024
1413	276.2999878
1414	276.4899902
1415	276.5100098
1416	276.4899902
1417	276.2600098
1418	276.1499939
1419	275.9599915
1420	275.8599854
1421	275.8800049
1422	275.9400024
1423	276
1424	276.1499939
1425	276.1300049
1426	276
1427	275.980011
1428	276.0899963
1429	276.0700073
1430	276.0899963
1431	276.0499878
1432	276.1099854
1433	276.0899963
1434	276.0899963
1435	276.0700073
1436	276.0499878
1437	276.0499878
1438	276.0499878
1439	276.0700073
1440	276.0700073
1441	276.0700073
1442	275.980011
1443	276
1444	275.8999939
1445	275.980011
1446	275.9599915
1447	275.980011
1448	275.9400024
1449	276.0899963
1450	276.0899963
1451	276.1300049
1452	275.980011
1453	275.8800049
1454	275.8200073
1455	275.8200073
1456	275.8200073
1457	275.769989
1458	275.730011
1459	275.8200073
1460	275.8800049
1461	275.8599854
1462	275.8999939
1463	275.8200073
1464	275.8399963
1465	275.8399963
1466	275.8200073
1467	275.8800049
1468	276
1469	276.1099854
1470	276.2600098
1471	276.2999878
1472	276.2099915
1473	276.2099915
1474	276.1099854
1475	275.9599915
1476	275.9599915
1477	276.0299988
1478	276.0299988
1479	275.8999939
1480	275.8999939
1481	275.769989
1482	275.6300049
1483	275.6099854
1484	275.769989
1485	275.7999878
1486	275.8399963
1487	275.8800049
1488	275.7999878
1489	275.769989
1490	275.769989
1491	275.75
1492	275.730011
1493	275.75
1494	275.8399963
1495	275.8399963
1496	275.8999939
1497	275.9200134
1498	275.9599915
1499	275.9400024
1500	275.8999939
1501	275.9200134
1502	275.9599915
1503	276.0700073
1504	275.980011
1505	275.980011
1506	276
1507	276.0299988
1508	275.9400024
1509	275.9400024
1510	275.8999939
1511	275.8399963
1512	275.8399963
1513	275.9200134
1514	276.0299988
1515	275.980011
1516	276.0700073
1517	276
1518	276
1519	276.0899963
1520	276.3999939
1521	276.7399902
1522	276.9200134
1523	277.1799927
1524	277.3599854
1525	277.4700012
1526	277.5100098
1527	277.6199951
1528	277.7000122
1529	277.9299927
1530	278.0799866
1531	278.0299988
1532	277.9100037
1533	277.7799988
1534	278.0299988
1535	278.0499878
1536	278.0299988
1537	278.4899902
1538	278.5599976
1539	279
1540	279.1400146
1541	279.1000061
1542	279.019989
1543	279.1400146
1544	279.1400146
1545	279.019989
1546	278.9500122
1547	278.9299927
1548	279.25
1549	279.230011
1550	279.1199951
1551	279.1199951
1552	279.3500061
1553	279.5400085
1554	279.5
1555	279.6000061
1556	279.5799866
1557	279.5799866
1558	279.6199951
1559	279.6400146
1560	279.75
1561	279.8099976
1562	279.6199951
1563	279.4599915
1564	279.5
1565	279.519989
1566	279.5400085
1567	279.5400085
1568	279.4599915
1569	279.5799866
1570	279.6199951
1571	279.519989
1572	279.480011
1573	279.769989
1574	279.5
1575	279.1600037
1576	279.1600037
1577	279.1199951
1578	279.4299927
1579	279.480011
1580	279.4599915
1581	279.6400146
1582	279.6400146
1583	279.6400146
1584	279.8299866
1585	280.019989
1586	279.8900146
1587	279.8099976
1588	279.75
1589	279.5599976
1590	279.5599976
1591	279.2000122
1592	279.269989
1593	279.3699951
1594	279.5400085
1595	279.6600037
1596	279.7900085
1597	279.8299866
1598	279.480011
1599	279.3500061
1600	279.4599915
1601	279.6400146
1602	279.519989
1603	279.2900085
1604	279.25
1605	279.480011
1606	279.480011
1607	279.6000061
1608	279.5599976
1609	279.6199951
1610	279.480011
1611	279.3900146
1612	279.5599976
1613	279.7099915
1614	279.8500061
1615	279.8500061
1616	279.9200134
1617	279.8500061
1618	279.9599915
1619	280.0599976
1620	280.0799866
1621	279.9599915
1622	279.9599915
1623	279.7099915
1624	279.730011
1625	279.7099915
1626	279.519989
1627	279.7900085
1628	279.7900085
1629	279.7900085
1630	279.9599915
1631	280.1700134
1632	280.2099915
1633	280.0799866
1634	280.0799866
1635	279.8500061
1636	279.7099915
1637	279.3900146
1638	279.2900085
1639	279.1600037
1640	279.0799866
1641	279.3299866
1642	279.5599976
1643	279.480011
1644	279.4299927
1645	279.480011
1646	279.75
1647	279.75
1648	279.6400146
1649	279.4100037
1650	279.3099976
1651	279.2900085
1652	279.4299927
1653	279.3500061
1654	279.3500061
1655	279.4100037
1656	279.4299927
1657	279.6199951
1658	279.8500061
1659	279.7900085
1660	279.5
1661	279.5
1662	279.5400085
1663	279.6600037
1664	279.75
1665	279.7900085
1666	279.5799866
1667	279.4599915
1668	279.3900146
1669	279.25
1670	279.1600037
1671	279.2000122
1672	279.269989
1673	279.4599915
1674	279.6600037
1675	279.7099915
1676	279.7900085
1677	279.8099976
1678	279.8299866
1679	279.8900146
1680	279.8500061
1681	279.6600037
1682	279.6000061
1683	279.6000061
1684	279.6600037
1685	279.5799866
1686	279.5799866
1687	279.3299866
1688	279.3900146
1689	279.480011
1690	279.769989
1691	279.75
1692	279.6900024
1693	279.6900024
1694	279.6199951
1695	279.7099915
1696	279.5799866
1697	279.0799866
1698	278.7000122
1699	278.6199951
1700	278.4899902
1701	278.4100037
1702	278.3500061
1703	278.3299866
1704	278.3099976
1705	278.2600098
1706	278.1600037
1707	278.1400146
1708	277.8500061
1709	277.7200012
1710	277.3399963
1711	277.0499878
1712	277.0100098
1713	276.7399902
1714	276.5100098
1715	275.7999878
1716	275.0799866
1717	274.3500061
1718	273.6000061
1719	273.2200012
1720	272.6400146
1721	272.3900146
1722	271.8599854
1723	271.5100098
1724	271.2799988
1725	271.2799988
1726	271.1900024
1727	271.3200073
1728	271.3599854
1729	271.7200012
1730	272.0299988
1731	272.3699951
1732	272.3699951
1733	272.7399902
1734	272.7799988
1735	272.8699951
1736	272.8500061
1737	272.9500122
1738	273.0799866
1739	273.0799866
1740	273.4299927
1741	273.5599976
1742	273.730011
1743	273.8099976
1744	273.8900146
1745	274.0599976
1746	274.0400085
1747	274.1199951
1748	274.1600037
1749	274.230011
1750	274.25
1751	274.3099976
1752	274.4599915
1753	274.480011
1754	274.5400085
1755	274.6499939
1756	274.6000061
1757	274.6000061
1758	274.769989
1759	274.9200134
1760	274.980011
1761	275.1300049
1762	275.1099854
1763	275.1499939
1764	275.1499939
1765	275.1099854
1766	275.1700134
1767	275.2099915
1768	275.3099976
1769	275.2900085
1770	275.269989
1771	275.1900024
1772	275.1300049
1773	275.1700134
1774	275.1900024
1775	275.1900024
1776	275.2099915
1777	275.25
1778	275.3099976
1779	275.25
1780	275.3099976
1781	275.4200134
1782	275.5
1783	275.4599915
1784	275.480011
1785	275.519989
1786	275.6700134
1787	275.730011
1788	275.6900024
1789	275.6900024
1790	275.6900024
1791	275.6300049
1792	275.6499939
1793	275.769989
1794	275.9200134
1795	275.9200134
1796	275.9200134
1797	275.8999939
1798	275.8200073
1799	275.730011
1800	275.6499939
1801	275.6099854
1802	275.519989
1803	275.519989
1804	275.6700134
1805	275.769989
1806	275.8399963
1807	275.8399963
1808	275.6499939
1809	275.6099854
1810	275.6499939
1811	275.6900024
1812	275.7099915
1813	275.6300049
1814	275.5700073
1815	275.6300049
1816	275.7099915
1817	275.75
1818	275.8399963
1819	275.8800049
1820	275.8399963
1821	275.8399963
1822	275.8200073
1823	275.7099915
1824	275.75
1825	275.8800049
1826	275.9599915
1827	275.8599854
1828	275.8599854
1829	275.730011
1830	275.6300049
1831	275.6499939
1832	275.5700073
1833	275.6499939
1834	275.6099854
1835	275.6099854
1836	275.5
1837	275.5400085
1838	275.5400085
1839	275.6700134
1840	275.8800049
1841	276.1099854
1842	276.1099854
1843	276.1700134
1844	276.1300049
1845	276.0499878
1846	276
1847	275.9200134
1848	275.9599915
1849	275.9400024
1850	275.980011
1851	275.980011
1852	275.8800049
1853	275.769989
1854	275.8399963
1855	275.8200073
1856	275.769989
1857	275.8999939
1858	275.8999939
1859	275.8800049
1860	275.9599915
1861	275.8999939
1862	275.9400024
1863	275.9400024
1864	275.980011
1865	275.9599915
1866	275.9599915
1867	275.9599915
1868	276
1869	275.9400024
1870	275.9200134
1871	275.8800049
1872	275.75
1873	275.8200073
1874	275.8200073
1875	275.769989
1876	275.75
1877	275.7999878
1878	275.730011
1879	275.730011
1880	275.730011
1881	275.730011
1882	275.730011
1883	275.8599854
1884	275.8399963
1885	275.7999878
1886	275.9599915
1887	276.1099854
1888	276.1300049
1889	276.1099854
1890	276.0700073
1891	275.8999939
1892	275.8200073
1893	275.8200073
1894	275.8200073
1895	275.8599854
1896	275.9400024
1897	276.0700073
1898	276.0899963
1899	276.0299988
1900	275.9400024
1901	275.8800049
1902	275.9200134
1903	275.980011
1904	276.1499939
1905	276.1700134
1906	276.1700134
1907	276.1099854
1908	275.980011
1909	276
1910	276.1300049
1911	276.1499939
1912	275.9400024
1913	275.9400024
1914	275.8399963
1915	275.8999939
1916	275.8999939
1917	275.8599854
1918	275.9200134
1919	275.9400024
1920	275.8599854
1921	275.8999939
1922	275.8800049
1923	275.8999939
1924	276.0299988
1925	276.0700073
1926	276
1927	275.980011
1928	275.8599854
1929	275.8999939
1930	275.9200134
1931	275.8800049
1932	275.8599854
1933	275.7999878
1934	275.7099915
1935	275.5899963
1936	275.6700134
1937	275.769989
1938	275.769989
1939	275.8999939
1940	275.8200073
1941	275.7999878
1942	275.8200073
1943	275.9200134
1944	275.9400024
1945	275.9400024
1946	275.8800049
1947	275.8599854
1948	275.769989
1949	275.980011
1950	276.1700134
1951	276.2600098
1952	276.2600098
1953	276.1300049
1954	276.1499939
1955	276.1300049
1956	276.1099854
1957	276.0499878
1958	276.0899963
1959	276.0899963
1960	276.1900024
1961	276.1900024
1962	276.4400024
1963	276.4400024
1964	276.3599854
1965	276.0499878
1966	275.980011
1967	275.75
1968	275.6499939
1969	275.6300049
1970	275.6300049
1971	275.6300049
1972	275.6099854
1973	275.6499939
1974	275.8399963
1975	275.980011
1976	276.0299988
1977	276.0299988
1978	275.980011
1979	275.8999939
1980	275.8599854
1981	275.8800049
1982	275.8599854
1983	275.8399963
1984	275.8399963
1985	275.7999878
1986	275.7099915
1987	275.7999878
1988	275.7999878
1989	275.75
1990	275.730011
1991	275.7099915
1992	275.75
1993	275.8200073
1994	276.0899963
1995	276.5299988
1996	276.6900024
1997	276.7600098
1998	276.7399902
1999	276.9899902
2000	277.0899963
2001	277.2799988
2002	277.5499878
2003	277.7000122
2004	277.9299927
2005	277.9700012
2006	278.1400146
2007	278.2200012
2008	278.0799866
2009	278.0799866
2010	278.3500061
2011	278.4700012
2012	278.6799927
2013	279.019989
2014	278.9700012
2015	279.0599976
2016	279.0599976
2017	279.2900085
2018	279.2900085
2019	279.230011
2020	279.1400146
2021	279.1799927
2022	279.1799927
2023	279.2000122
2024	279.2900085
2025	279.2900085
2026	279.3500061
2027	279.519989
2028	279.4599915
2029	279.519989
2030	279.5400085
2031	279.230011
2032	279.0599976
2033	278.8900146
2034	278.9500122
2035	278.8699951
2036	278.9299927
2037	278.8299866
2038	278.7000122
2039	278.6000061
2040	278.7000122
2041	278.8299866
2042	278.8900146
2043	278.8299866
2044	278.8900146
2045	279.3900146
2046	279.730011
2047	279.730011
2048	279.730011
2049	279.3699951
2050	279.3900146
2051	279.3900146
2052	279.2000122
2053	279.0400085
2054	279.230011
2055	279.230011
2056	279.1799927
2057	279.1400146
2058	279.1799927
2059	279.269989
2060	279.3699951
2061	279.480011
2062	279.6199951
2063	279.3900146
2064	279.3900146
2065	279.4599915
2066	279.4599915
2067	279.5599976
2068	279.519989
2069	279.480011
2070	279.6600037
2071	279.6900024
2072	279.480011
2073	279.2000122
2074	278.9100037
2075	278.6600037
2076	278.6199951
2077	278.769989
2078	278.8299866
2079	279.230011
2080	279.230011
2081	279.1799927
2082	279.4599915
2083	279.6199951
2084	279.8699951
2085	279.9400024
2086	279.7099915
2087	279.7099915
2088	279.4299927
2089	279.6199951
2090	279.6900024
2091	279.7099915
2092	279.6400146
2093	279.8299866
2094	279.8299866
2095	279.730011
2096	279.4299927
2097	279.269989
2098	279.0400085
2099	278.9500122
2100	278.9700012
2101	278.9500122
2102	278.8699951
2103	279.0400085
2104	279.2900085
2105	279.3500061
2106	279.25
2107	279.1400146
2108	279.1199951
2109	279.519989
2110	279.5599976
2111	279.480011
2112	279.6600037
2113	279.75
2114	279.7099915
2115	279.6000061
2116	279.25
2117	279.2900085
2118	279.230011
2119	279.230011
2120	279.1199951
2121	279.3299866
2122	279.3500061
2123	279.3900146
2124	279.4299927
2125	279.8699951
2126	279.8699951
2127	279.769989
2128	279.5
2129	279.230011
2130	279.25
2131	279.2000122
2132	279.1799927
2133	279.2000122
2134	279
2135	279.0400085
2136	279.1600037
2137	279.2900085
2138	279.4299927
2139	279.6199951
2140	279.5400085
2141	279.4599915
2142	279.3099976
2143	279.2000122
2144	279.3699951
2145	279.4100037
2146	279.269989
2147	279.1400146
2148	279.2900085
2149	279.4599915
2150	279.5400085
2151	279.5400085
2152	279.480011
2153	279.5
2154	279.6199951
2155	279.6400146
2156	279.730011
2157	279.730011
2158	279.730011
2159	279.769989
2160	280.0400085
2161	279.980011
2162	279.75
2163	279.5
2164	279.480011
2165	279.480011
2166	279.5599976
2167	279.769989
2168	279.7900085
2169	279.6600037
2170	279.2900085
2171	279.1199951
2172	278.9500122
2173	278.4500122
2174	278.3500061
2175	278.1799927
2176	278.2000122
2177	278.2399902
2178	278.4299927
2179	278.4299927
2180	278.3699951
2181	278.2799988
2182	277.9299927
2183	277.5299988
2184	277.3399963
2185	276.7999878
2186	276.5299988
2187	275.9400024
2188	275.3099976
2189	274.6199951
2190	274.6199951
2191	273.5
2192	272.8699951
2193	272.5799866
2194	272.0700073
2195	271.7399902
2196	271.5499878
2197	271.5499878
2198	271.2999878
2199	271.2999878
2200	271.3599854
2201	271.4500122
2202	271.5700073
2203	271.6499939
2204	271.6499939
2205	271.7999878
2206	271.8599854
2207	271.9899902
2208	272.1400146
2209	272.3200073
2210	272.4299927
2211	272.5100098
2212	272.8500061
2213	272.9299927
2214	273.1400146
2215	273.2399902
2216	273.3099976
2217	273.5599976
2218	273.6000061
2219	273.769989
2220	273.8900146
2221	273.980011
2222	274.0400085
2223	274.1400146
2224	274.2099915
2225	274.2099915
2226	274.3900146
2227	274.3699951
2228	274.3299866
2229	274.3299866
2230	274.4400024
2231	274.519989
2232	274.5599976
2233	274.6199951
2234	274.6700134
2235	274.7900085
2236	274.7900085
2237	274.980011
2238	275.0400085
2239	275.019989
2240	274.9599915
2241	274.980011
2242	274.9599915
2243	274.9599915
2244	274.9400024
2245	274.9599915
2246	274.980011
2247	275.0400085
2248	274.9599915
2249	274.9599915
2250	274.9200134
2251	275.0400085
2252	275.0400085
2253	275.230011
2254	275.2900085
2255	275.25
2256	275.3399963
2257	275.3399963
2258	275.3599854
2259	275.4599915
2260	275.5700073
2261	275.5700073
2262	275.6499939
2263	275.6499939
2264	275.6300049
2265	275.5899963
2266	275.6499939
2267	275.730011
2268	275.730011
2269	275.769989
2270	275.8200073
2271	275.8200073
2272	275.730011
2273	275.75
2274	275.7099915
2275	275.7099915
2276	275.730011
2277	275.75
2278	275.75
2279	275.730011
2280	275.6900024
2281	275.6900024
2282	275.6499939
2283	275.8399963
2284	275.8999939
2285	275.8200073
2286	275.7999878
2287	275.75
2288	275.730011
2289	275.6900024
2290	275.8399963
2291	275.980011
2292	276
2293	275.9200134
2294	275.8999939
2295	275.8999939
2296	275.8800049
2297	275.8599854
2298	275.769989
2299	275.75
2300	275.75
2301	275.9200134
2302	276
2303	275.9200134
2304	275.8599854
2305	275.8200073
2306	275.8200073
2307	275.8200073
2308	275.8599854
2309	275.8999939
2310	275.9400024
2311	275.8999939
2312	275.9200134
2313	276
2314	276
2315	276.230011
2316	276.1900024
2317	276.0899963
2318	276
2319	275.8399963
2320	275.769989
2321	275.7999878
2322	275.769989
2323	275.8599854
2324	275.9599915
2325	275.980011
2326	275.980011
2327	275.9599915
2328	276
2329	276.0700073
2330	276.0299988
2331	275.9400024
2332	275.9400024
2333	276.1099854
2334	276
2335	275.980011
2336	275.9599915
2337	276.0299988
2338	276.0499878
2339	276.0499878
2340	276
2341	276.0299988
2342	276.0899963
2343	276.1300049
2344	276.1499939
2345	276.0899963
2346	276.0899963
2347	276.2600098
2348	276.2099915
2349	276.2600098
2350	276.2999878
2351	276.3399963
2352	276.3599854
2353	276.4599915
2354	276.4899902
2355	276.4400024
2356	276.3599854
2357	276.230011
2358	276.1499939
2359	276.0700073
2360	276.0299988
2361	275.9400024
2362	275.8599854
2363	275.9599915
2364	276
2365	276
2366	276
2367	276.1300049
2368	276.1099854
2369	276
2370	275.9200134
2371	275.9200134
2372	275.7999878
2373	275.7099915
2374	275.6900024
2375	275.6900024
2376	275.730011
2377	275.769989
2378	275.769989
2379	275.6300049
2380	275.6700134
2381	275.6300049
2382	275.730011
2383	275.769989
2384	275.8999939
2385	275.9200134
2386	275.9599915
2387	275.769989
2388	275.6700134
2389	275.5700073
2390	275.5400085
2391	275.5899963
2392	275.6499939
2393	275.6499939
2394	275.6900024
2395	275.6900024
2396	275.730011
2397	275.6499939
2398	275.6099854
2399	275.6499939
2400	275.5700073
2401	275.6099854
2402	275.6499939
2403	275.6499939
2404	275.730011
2405	275.8200073
2406	275.8200073
2407	275.8599854
2408	275.9400024
2409	275.9200134
2410	275.9200134
2411	276.0700073
2412	276.0899963
2413	276.1499939
2414	276.2099915
2415	276.3399963
2416	276.3999939
2417	276.3999939
2418	276.3599854
2419	276.3800049
2420	276.3800049
2421	276.3599854
2422	276.3399963
2423	276.3200073
2424	276.3200073
2425	276.2600098
2426	276.1700134
2427	276.1300049
2428	276.1099854
2429	276.1300049
2430	276.0499878
2431	276
2432	276.1099854
2433	276.1499939
2434	276.1300049
2435	276.1700134
2436	276.1300049
2437	276.1499939
2438	276.1300049
2439	276.1900024
2440	276.1900024
2441	276.1099854
2442	276.1099854
2443	276.3599854
2444	276.5299988
2445	276.5100098
2446	276.3599854
2447	276.2799988
2448	276.230011
2449	276.230011
2450	276.230011
2451	276.2099915
2452	276.1700134
2453	276.1099854
2454	276.1300049
2455	276.1099854
2456	276.1700134
2457	276.1099854
2458	276
2459	275.980011
2460	275.8599854
2461	275.6900024
2462	275.6300049
2463	275.5700073
2464	275.4599915
2465	275.5400085
2466	275.8999939
2467	276.4599915
2468	276.6499939
2469	277.0700073
2470	277.0700073
2471	277.3200073
2472	277.2999878
2473	277.0899963
2474	277.0899963
2475	277.0299988
2476	277.4299927
2477	277.6400146
2478	277.9899902
2479	278.3299866
2480	278.6600037
2481	278.6600037
2482	279.0599976
2483	278.9500122
2484	278.8699951
2485	278.769989
2486	278.8099976
2487	278.8299866
2488	278.8299866
2489	279.3500061
2490	279.1400146
2491	279
2492	278.7900085
2493	279.0599976
2494	279.1400146
2495	279.3299866
2496	279.5599976
2497	279.4599915
2498	279.1600037
2499	279.1400146
2500	279.0599976
2501	279.1600037
2502	279.2000122
2503	279.3099976
2504	279.4599915
2505	279.6000061
2506	279.5
2507	279.480011
2508	279.5599976
2509	279.519989
2510	279.519989
2511	279.6900024
2512	279.6600037
2513	279.6600037
2514	279.6600037
2515	279.5599976
2516	279.519989
2517	279.519989
2518	279.5599976
2519	279.8299866
2520	279.8299866
2521	279.8500061
2522	279.7900085
2523	279.769989
2524	279.5
2525	279.3299866
2526	279.3099976
2527	279.3500061
2528	279.6900024
2529	279.730011
2530	279.6900024
2531	279.6900024
2532	279.769989
2533	279.769989
2534	279.6900024
2535	279.5799866
2536	279.6199951
2537	279.7900085
2538	279.7099915
2539	279.6199951
2540	279.5599976
2541	279.5799866
2542	279.4299927
2543	279.4599915
2544	279.5799866
2545	280
2546	279.980011
2547	279.75
2548	279.6000061
2549	279.519989
2550	279.3900146
2551	279.3099976
2552	279.3099976
2553	279.75
2554	279.75
2555	279.8699951
2556	279.8699951
2557	279.8500061
2558	280.1199951
2559	280.1199951
2560	280.4200134
2561	280.3999939
2562	280.3299866
2563	280.1199951
2564	280.1900024
2565	280.1000061
2566	280.0599976
2567	279.9200134
2568	279.8099976
2569	279.6199951
2570	279.6900024
2571	279.5799866
2572	279.6199951
2573	279.6900024
2574	279.3900146
2575	279.4100037
2576	279.3699951
2577	279.3699951
2578	279.4100037
2579	279.5599976
2580	279.6600037
2581	279.8500061
2582	279.7900085
2583	279.7099915
2584	279.7099915
2585	279.1600037
2586	279.1400146
2587	279.0799866
2588	279.0799866
2589	279.4100037
2590	279.5599976
2591	279.5599976
2592	279.769989
2593	279.730011
2594	279.7900085
2595	279.8500061
2596	279.8099976
2597	279.8299866
2598	279.8299866
2599	280.1199951
2600	279.9599915
2601	279.980011
2602	279.8299866
2603	280.0599976
2604	280.2099915
2605	280.1900024
2606	279.8900146
2607	279.8900146
2608	279.6600037
2609	279.730011
2610	279.769989
2611	279.730011
2612	279.730011
2613	279.8299866
2614	279.8299866
2615	279.9400024
2616	279.730011
2617	279.6600037
2618	279.480011
2619	279.3299866
2620	279.6900024
2621	279.8099976
2622	279.980011
2623	279.980011
2624	279.8099976
2625	280.019989
2626	280.0400085
2627	280.019989
2628	279.9400024
2629	280
2630	280
2631	279.8299866
2632	280.3299866
2633	280.25
2634	279.9599915
2635	280.019989
2636	279.9400024
2637	279.8699951
2638	279.730011
2639	279.7099915
2640	279.75
2641	279.9599915
2642	279.8500061
2643	279.5799866
2644	279.4100037
2645	278.8900146
2646	278.6400146
2647	278.4299927
2648	278.3699951
2649	278.4500122
2650	278.4299927
2651	278.4100037
2652	278.4500122
2653	278.3500061
2654	278.1799927
2655	278.1799927
2656	277.7200012
2657	277.5299988
2658	277.4100037
2659	276.8800049
2660	276.1900024
2661	275.4400024
2662	275.4400024
2663	274.3299866
2664	273.5799866
2665	273.1199951
2666	272.2799988
2667	271.5700073
2668	271.1099854
2669	271.1099854
2670	270.6700134
2671	270.5
2672	270.4200134
2673	270.3999939
2674	270.5499878
2675	270.6099854
2676	270.6300049
2677	271.0700073
2678	271.1900024
2679	271.5700073
2680	271.7799988
2681	271.9299927
2682	272.0299988
2683	272.1799927
2684	272.5299988
2685	272.6600037
2686	272.8500061
2687	273.1400146
2688	273.269989
2689	273.5400085
2690	273.6799927
2691	273.769989
2692	273.8500061
2693	274.0799866
2694	274.0799866
2695	274.2900085
2696	274.2900085
2697	274.3500061
2698	274.5799866
2699	274.6199951
2700	274.6000061
2701	274.6000061
2702	274.5799866
2703	274.6900024
2704	274.730011
2705	274.8299866
2706	274.75
2707	274.8299866
2708	274.8299866
2709	274.769989
2710	274.8999939
2711	275
2712	275.1300049
2713	275.269989
2714	275.2900085
2715	275.269989
2716	275.2900085
2717	275.2900085
2718	275.230011
2719	275.2099915
2720	275.269989
2721	275.3599854
2722	275.3999939
2723	275.4400024
2724	275.4599915
2725	275.519989
2726	275.519989
2727	275.6700134
2728	275.6700134
2729	275.6700134
2730	275.6700134
2731	275.6099854
2732	275.6300049
2733	275.6300049
2734	275.769989
2735	275.8399963
2736	275.8200073
2737	275.8999939
2738	275.9599915
2739	276
2740	276
2741	275.8800049
2742	275.75
2743	275.8200073
2744	275.769989
2745	275.7999878
2746	275.8800049
2747	275.8200073
2748	275.8200073
2749	275.7999878
2750	275.7999878
2751	275.6499939
2752	275.6900024
2753	275.8200073
2754	275.980011
2755	276.1099854
2756	276.0299988
2757	276.1099854
2758	276.1300049
2759	276.2099915
2760	276.1700134
2761	276.1099854
2762	276.1099854
2763	276.1300049
2764	276.0899963
2765	276.0899963
2766	275.8200073
2767	275.730011
2768	275.6900024
2769	275.6300049
2770	275.6700134
2771	275.730011
2772	275.730011
2773	275.8800049
2774	275.9599915
2775	276.0299988
2776	275.980011
2777	275.9400024
2778	275.9400024
2779	275.8399963
2780	275.8599854
2781	275.8999939
2782	275.8999939
2783	275.9200134
2784	275.9200134
2785	275.9599915
2786	275.9200134
2787	275.9400024
2788	276.1099854
2789	276.3200073
2790	276.5100098
2791	276.6099854
2792	276.4899902
2793	276.3999939
2794	276.2799988
2795	276.2099915
2796	276.0899963
2797	275.9599915
2798	275.9599915
2799	276.0899963
2800	276.1099854
2801	276.0299988
2802	275.9400024
2803	275.8200073
2804	275.8200073
2805	275.9400024
2806	275.9400024
2807	275.9599915
2808	276.0299988
2809	276.0700073
2810	276
2811	276
2812	276.0299988
2813	276.0899963
2814	276.0899963
2815	275.8999939
2816	275.8200073
2817	275.8200073
2818	275.8399963
2819	275.8999939
2820	275.8599854
2821	275.8599854
2822	275.75
2823	275.6900024
2824	275.6499939
2825	275.6499939
2826	275.8800049
2827	275.9400024
2828	275.9200134
2829	275.8399963
2830	275.7999878
2831	275.7999878
2832	275.8399963
2833	275.7999878
2834	275.8399963
2835	276
2836	276
2837	275.9400024
2838	276
2839	276.0299988
2840	276.0299988
2841	276.0499878
2842	275.8999939
2843	275.8999939
2844	275.9200134
2845	275.980011
2846	276
2847	276.0299988
2848	276.0499878
2849	276.0700073
2850	276.0700073
2851	276.1099854
2852	276.1099854
2853	275.980011
2854	275.9200134
2855	275.8599854
2856	275.9599915
2857	275.9400024
2858	275.8599854
2859	275.8599854
2860	275.8399963
2861	275.75
2862	275.75
2863	275.8999939
2864	276.0499878
2865	276.1499939
2866	276.1300049
2867	276.0299988
2868	275.8800049
2869	275.8599854
2870	275.8800049
2871	275.9200134
2872	275.9200134
2873	275.8599854
2874	276.0499878
2875	276.0499878
2876	276.0700073
2877	276
2878	276
2879	276.0499878
2880	276.0700073
2881	276
2882	276
2883	275.9200134
2884	275.8800049
2885	275.8599854
2886	275.8599854
2887	275.8399963
2888	275.8599854
2889	275.8599854
2890	275.9400024
2891	275.9400024
2892	275.9599915
2893	275.9200134
2894	275.9200134
2895	275.8800049
2896	275.8599854
2897	275.730011
2898	275.6099854
2899	275.5400085
2900	275.4599915
2901	275.5
2902	275.75
2903	275.8200073
2904	275.9400024
2905	276.0700073
2906	276.1700134
2907	276.1700134
2908	276.1499939
2909	276.1300049
2910	276.0700073
2911	276.0299988
2912	276.0299988
2913	275.9400024
2914	275.9400024
2915	275.75
2916	275.7099915
2917	275.7099915
2918	275.6499939
2919	275.7099915
2920	275.8599854
2921	275.8599854
2922	276.0299988
2923	276.1499939
2924	276.1099854
2925	276.1700134
2926	276.1900024
2927	276.230011
2928	276.230011
2929	276.1700134
2930	276.1700134
2931	276.3599854
2932	276.4200134
2933	276.4200134
2934	276.3800049
2935	276.3599854
2936	276.1499939
2937	276.1499939
2938	276.1300049
2939	276.3399963
2940	276.4899902
2941	276.6499939
2942	276.7799988
2943	277.0100098
2944	277.0899963
2945	277.0100098
2946	277.0100098
2947	277.2399902
2948	277.2600098
2949	277.2000122
2950	277.0899963
2951	277.5700073
2952	278.2000122
2953	278.2000122
2954	278.4100037
2955	278.4500122
2956	278.5599976
2957	278.6000061
2958	278.8699951
2959	278.9500122
2960	278.9500122
2961	279.2000122
2962	279.3699951
2963	279.25
2964	279.1600037
2965	279.1400146
2966	279.2900085
2967	279.3299866
2968	279.5400085
2969	279.5599976
2970	279.8299866
2971	279.769989
2972	279.6400146
2973	279.769989
2974	279.6600037
2975	279.6600037
2976	279.6400146
2977	279.4599915
2978	279.4599915
2979	279.3099976
2980	279.8099976
2981	279.8900146
2982	279.9599915
2983	279.6199951
2984	279.8099976
2985	279.8099976
2986	280.1199951
2987	279.9599915
2988	279.980011
2989	279.6400146
2990	279.4299927
2991	279.6400146
2992	279.6400146
2993	279.75
2994	279.6000061
2995	279.6000061
2996	279.7099915
2997	279.6400146
2998	279.75
2999	279.6600037
3000	279.5599976
3001	279.6600037
3002	279.6400146
3003	279.6199951
3004	279.6000061
3005	279.5400085
3006	279.75
3007	279.6000061
3008	279.6000061
3009	279.3900146
3010	279.4599915
3011	279.519989
3012	279.6900024
3013	279.7099915
3014	279.5599976
3015	279.6000061
3016	279.2900085
3017	279.2900085
3018	279.1199951
3019	279.230011
3020	279.269989
3021	279.269989
3022	279.5799866
3023	280.019989
3024	280.019989
3025	279.8299866
3026	279.5799866
3027	279.5400085
3028	279.5400085
3029	279.7099915
3030	279.7900085
3031	279.8500061
3032	279.6199951
3033	279.7900085
3034	279.8500061
3035	279.6000061
3036	279.4100037
3037	279.3500061
3038	279.3900146
3039	279.480011
3040	279.4599915
3041	279.6199951
3042	279.5599976
3043	279.4599915
3044	279.4100037
3045	279.2900085
3046	279.4299927
3047	279.3299866
3048	279.269989
3049	279.6600037
3050	279.7099915
3051	279.6400146
3052	279.6199951
3053	279.6400146
3054	279.5400085
3055	279.3099976
3056	279.3099976
3057	279.5400085
3058	279.3699951
3059	279.5
3060	279.5599976
3061	279.4599915
3062	279.3099976
3063	279.3099976
3064	279.3699951
3065	279.4299927
3066	279.519989
3067	279.519989
3068	279.519989
3069	279.5400085
3070	279.5
3071	279.3099976
3072	279.25
3073	279.25
3074	279.480011
3075	279.519989
3076	279.4299927
3077	279.4599915
3078	279.3500061
3079	279.25
3080	279.3699951
3081	279.269989
3082	279.25
3083	279.2900085
3084	279.2900085
3085	279.3299866
3086	279.6900024
3087	279.6199951
3088	279.6199951
3089	279.769989
3090	279.8500061
3091	279.75
3092	279.5599976
3093	279.25
3094	279.3099976
3095	279.3099976
3096	279.519989
3097	279.5
3098	279.4100037
3099	279.3099976
3100	279.3299866
3101	279.4299927
3102	279.4299927
3103	279.5799866
3104	279.6400146
3105	279.6900024
3106	279.4599915
3107	279.3699951
3108	279.519989
3109	279.4599915
3110	279.3299866
3111	279.3299866
3112	279.519989
3113	279.5599976
3114	279.5
3115	279.3500061
3116	279.1799927
3117	278.6600037
3118	278.6400146
3119	278.5400085
3120	278.5400085
3121	278.5599976
3122	278.5799866
3123	278.6000061
3124	278.6000061
3125	278.5400085
3126	278.2399902
3127	278.2399902
3128	277.9899902
3129	277.7600098
3130	277.5700073
3131	277.1300049
3132	276.7399902
3133	276.1499939
3134	276.1499939
3135	275.3099976
3136	274.6900024
3137	274.269989
3138	273.8699951
3139	273.4500122
3140	273.2399902
3141	273.0599976
3142	272.4700012
3143	272.4100037
3144	272.1400146
3145	271.8800049
3146	271.8200073
3147	271.8200073
3148	271.8200073
3149	271.9500122
3150	272.0299988
3151	272.0499878
3152	272.1099854
3153	272.0499878
3154	272.1799927
3155	272.2999878
3156	272.5100098
3157	272.5299988
3158	272.5299988
3159	272.5299988
3160	272.9100037
3161	272.9899902
3162	273.0400085
3163	273.1799927
3164	273.2399902
3165	273.2900085
3166	273.2900085
3167	273.5400085
3168	273.8500061
3169	273.9599915
3170	274.1900024
3171	274.1600037
3172	274.2900085
3173	274.2900085
3174	274.3699951
3175	274.3099976
3176	274.3299866
3177	274.3500061
3178	274.3699951
3179	274.3299866
3180	274.3099976
3181	274.4200134
3182	274.5
3183	274.6700134
3184	274.769989
3185	274.7900085
3186	274.7900085
3187	274.8500061
3188	275.019989
3189	275.0400085
3190	275.0799866
3191	275.1700134
3192	275.1900024
3193	275.1700134
3194	275.1700134
3195	275.230011
3196	275.2099915
3197	275.2099915
3198	275.2099915
3199	275.2099915
3200	275.230011
3201	275.3099976
3202	275.6700134
3203	275.8599854
3204	275.9400024
3205	275.9400024
3206	275.8599854
3207	275.7099915
3208	275.8200073
3209	275.9200134
3210	275.9599915
3211	275.9400024
3212	275.8999939
3213	275.730011
3214	275.5899963
3215	275.6300049
3216	275.5400085
3217	275.6099854
3218	275.6300049
3219	275.6499939
3220	275.5
3221	275.3999939
3222	275.3800049
3223	275.4400024
3224	275.5400085
3225	275.6300049
3226	275.6900024
3227	275.75
3228	275.8399963
3229	275.7999878
3230	275.75
3231	275.7099915
3232	275.5700073
3233	275.5700073
3234	275.6900024
3235	275.8200073
3236	275.8800049
3237	275.8800049
3238	275.8399963
3239	275.9400024
3240	275.9400024
3241	276
3242	275.9599915
3243	275.9200134
3244	275.9200134
3245	275.8399963
3246	275.7999878
3247	275.8399963
3248	275.75
3249	275.6700134
3250	275.6700134
3251	275.6300049
3252	275.5700073
3253	275.6499939
3254	275.75
3255	275.8999939
3256	275.9200134
3257	275.9400024
3258	275.8800049
3259	275.769989
3260	275.769989
3261	275.769989
3262	275.769989
3263	275.7099915
3264	275.6499939
3265	275.6900024
3266	275.730011
3267	275.8399963
3268	275.9200134
3269	275.9200134
3270	275.9200134
3271	275.9200134
3272	276.1099854
3273	276.2799988
3274	276.4200134
3275	276.3599854
3276	276.3599854
3277	276.1700134
3278	275.9599915
3279	276.0299988
3280	276.0499878
3281	276.0299988
3282	275.9200134
3283	275.9200134
3284	275.8399963
3285	275.8999939
3286	275.9400024
3287	276
3288	276
3289	275.9400024
3290	275.9400024
3291	275.8599854
3292	275.730011
3293	275.7099915
3294	275.6900024
3295	275.7099915
3296	275.8599854
3297	275.8800049
3298	275.8800049
3299	275.8599854
3300	275.8200073
3301	275.8800049
3302	275.7999878
3303	275.8599854
3304	275.8599854
3305	275.8399963
3306	275.769989
3307	275.730011
3308	275.730011
3309	275.6099854
3310	275.6900024
3311	275.730011
3312	275.75
3313	275.6700134
3314	275.6499939
3315	275.6499939
3316	275.6099854
3317	275.5400085
3318	275.5
3319	275.4400024
3320	275.5700073
3321	275.6099854
3322	275.6300049
3323	275.6499939
3324	275.6900024
3325	275.730011
3326	275.8200073
3327	275.8399963
3328	275.7999878
3329	275.8999939
3330	275.8599854
3331	275.8800049
3332	275.8599854
3333	275.6700134
3334	275.6700134
3335	275.6300049
3336	275.5899963
3337	275.5700073
3338	275.5899963
3339	275.6300049
3340	275.6300049
3341	275.6700134
3342	275.6499939
3343	275.6700134
3344	275.730011
3345	276
3346	276.1300049
3347	276.1300049
3348	276
3349	275.8800049
3350	275.7999878
3351	275.6900024
3352	275.6700134
3353	275.6300049
3354	275.6300049
3355	275.6499939
3356	275.75
3357	275.769989
3358	275.75
3359	275.730011
3360	275.7099915
3361	275.6099854
3362	275.5700073
3363	275.519989
3364	275.5400085
3365	275.6499939
3366	275.6300049
3367	275.5700073
3368	275.5899963
3369	275.6499939
3370	275.6900024
3371	275.8399963
3372	276.1900024
3373	276.2600098
3374	276.1099854
3375	276.1700134
3376	276.2999878
3377	276.3399963
3378	276.2799988
3379	276.2799988
3380	276.0299988
3381	276
3382	276.0499878
3383	275.9400024
3384	275.980011
3385	275.7999878
3386	275.7999878
3387	275.6900024
3388	275.7099915
3389	275.7999878
3390	275.8999939
3391	275.7999878
3392	275.8200073
3393	275.8599854
3394	275.8999939
3395	275.8999939
3396	275.7999878
3397	275.75
3398	275.730011
3399	275.7099915
3400	275.769989
3401	275.730011
3402	275.6900024
3403	275.7099915
3404	275.7099915
3405	275.75
3406	275.730011
3407	275.7099915
3408	275.6700134
3409	275.7099915
3410	275.8399963
3411	275.8399963
3412	275.9200134
3413	275.8800049
3414	275.9400024
3415	276.1900024
3416	276.5700073
3417	276.7799988
3418	276.7799988
3419	277.2000122
3420	277.3200073
3421	277.4100037
3422	277.6600037
3423	277.6799927
3424	278.2399902
3425	278.2399902
3426	278.4700012
3427	278.5400085
3428	278.4899902
3429	278.3500061
3430	278.5599976
3431	278.6400146
3432	278.769989
3433	279.0799866
3434	279.019989
3435	278.7900085
3436	278.7200012
3437	278.7200012
3438	278.8299866
3439	279.019989
3440	279.2000122
3441	279.25
3442	279.1199951
3443	279.0599976
3444	279.1400146
3445	279.2900085
3446	279.3500061
3447	279.5
3448	279.3299866
3449	279.1199951
3450	279.1199951
3451	279.1000061
3452	279.1199951
3453	279.0799866
3454	279.25
3455	279.230011
3456	279.019989
3457	279.019989
3458	279.1400146
3459	278.8900146
3460	278.9100037
3461	278.9500122
3462	279
3463	278.9500122
3464	278.9500122
3465	279.3900146
3466	279.3900146
3467	279.3299866
3468	279.1000061
3469	279.3900146
3470	279.730011
3471	279.8900146
3472	279.6900024
3473	279.5799866
3474	279.4100037
3475	279.2900085
3476	279.25
3477	279.25
3478	279.1000061
3479	279.2000122
3480	279.4100037
3481	279.3699951
3482	279.3699951
3483	279.480011
3484	279.3299866
3485	279.1400146
3486	279.1000061
3487	279.0799866
3488	279.019989
3489	279.019989
3490	278.8500061
3491	278.769989
3492	278.769989
3493	279.1199951
3494	279.2900085
3495	279.3699951
3496	279.3699951
3497	279.6000061
3498	279.519989
3499	279.5400085
3500	279.4599915
3501	279.25
3502	279.1799927
3503	279.1600037
3504	278.8299866
3505	278.7399902
3506	278.8900146
3507	279.019989
3508	279.0799866
3509	279.1600037
3510	279.230011
3511	279.1600037
3512	278.9500122
3513	278.7900085
3514	278.9100037
3515	279.1199951
3516	279.1000061
3517	279.0599976
3518	279.1799927
3519	279.4100037
3520	279.5400085
3521	279.5400085
3522	279.2900085
3523	279.3500061
3524	279.3699951
3525	279.4599915
3526	279.3699951
3527	279.1799927
3528	279.1799927
3529	279.519989
3530	279.519989
3531	279.4100037
3532	279.4100037
3533	279.519989
3534	279.6400146
3535	279.5799866
3536	279.6000061
3537	279.3299866
3538	279.4100037
3539	279.8099976
3540	279.8500061
3541	279.9400024
3542	280.0400085
3543	279.8699951
3544	279.75
3545	279.6000061
3546	279.5599976
3547	279.519989
3548	279.7099915
3549	279.730011
3550	279.6400146
3551	279.7900085
3552	279.7900085
3553	279.6600037
3554	279.6199951
3555	279.5599976
3556	279.480011
3557	279.769989
3558	279.8299866
3559	279.75
3560	279.75
3561	279.5599976
3562	279.480011
3563	279.519989
3564	279.3900146
3565	279.230011
3566	279.230011
3567	279.230011
3568	279.3299866
3569	279.25
3570	279.25
3571	279.4299927
3572	279.6400146
3573	279.730011
3574	279.7900085
3575	279.5599976
3576	279.5400085
3577	279.6900024
3578	279.7900085
3579	279.8500061
3580	279.8299866
3581	279.8299866
3582	279.5400085
3583	279.4599915
3584	279.3099976
3585	279.4100037
3586	279.3900146
3587	279.269989
3588	279.2900085
3589	279.2000122
3590	279.1799927
3591	279.0599976
3592	279.0599976
3593	278.7000122
3594	278.5599976
3595	278.4299927
3596	278.4500122
3597	278.3900146
3598	278.4299927
3599	278.4299927
3600	278.3299866
3601	278.1000061
3602	277.8699951
3603	277.4700012
3604	277.0100098
3605	276.6900024
3606	276.6900024
3607	276.1499939
3608	275.5
3609	275.0799866
3610	274.1000061
3611	273.269989
3612	272.7799988
3613	272.4500122
3614	271.5700073
3615	271.3999939
3616	271.0299988
3617	270.8800049
3618	270.7999878
3619	270.730011
3620	270.730011
3621	270.8399963
3622	271.0100098
3623	271.2600098
3624	271.5100098
3625	271.5700073
3626	271.7000122
3627	271.6499939
3628	271.7799988
3629	271.9299927
3630	272.0899963
3631	272.0899963
3632	272.4100037
3633	272.5299988
3634	272.6400146
3635	272.9299927
3636	273.1400146
3637	273.2900085
3638	273.2900085
3639	273.3500061
3640	273.4299927
3641	273.4100037
3642	273.4500122
3643	273.4700012
3644	273.519989
3645	273.5
3646	273.75
3647	273.8099976
3648	273.9100037
3649	274.0400085
3650	274.019989
3651	274.0400085
3652	274.1000061
3653	274.230011
3654	274.2099915
3655	274.1900024
3656	274.3099976
3657	274.4200134
3658	274.5
3659	274.6000061
3660	274.769989
3661	274.8999939
3662	274.9200134
3663	274.9200134
3664	274.8500061
3665	274.8299866
3666	274.8500061
3667	274.8099976
3668	274.730011
3669	274.6199951
3670	274.6199951
3671	274.7099915
3672	274.6700134
3673	274.7099915
3674	274.8299866
3675	274.8999939
3676	274.8800049
3677	274.8800049
3678	275.0400085
3679	275.3099976
3680	275.4200134
3681	275.5400085
3682	275.4400024
3683	275.4400024
3684	275.3800049
3685	275.25
3686	275.3099976
3687	275.2900085
3688	275.3399963
3689	275.25
3690	275.2900085
3691	275.2900085
3692	275.3099976
3693	275.3399963
3694	275.1700134
3695	275.1499939
3696	275.1099854
3697	275.1300049
3698	275.1300049
3699	275.2099915
3700	275.2900085
3701	275.269989
3702	275.269989
3703	275.25
3704	275.269989
3705	275.3099976
3706	275.269989
3707	275.2900085
3708	275.3099976
3709	275.3099976
3710	275.3099976
3711	275.3099976
3712	275.2099915
3713	275.0799866
3714	274.8999939
3715	274.8299866
3716	274.75
3717	274.6499939
3718	274.7900085
3719	274.9200134
3720	274.9599915
3721	274.980011
3722	275.019989
3723	275.019989
3724	275
3725	275.0599976
3726	275.0599976
3727	274.5799866
3728	274.4599915
3729	274.6499939
3730	274.8099976
3731	275.0599976
3732	275.230011
3733	275.2099915
3734	275.2099915
3735	275.1900024
3736	275.2099915
3737	275.25
3738	275.2900085
3739	275.3599854
3740	275.4200134
3741	275.4200134
3742	275.3399963
3743	275.3599854
3744	275.3800049
3745	275.4400024
3746	275.5700073
3747	275.6499939
3748	275.6499939
3749	275.6700134
3750	275.6499939
3751	275.6300049
3752	275.6900024
3753	275.6900024
3754	275.6900024
3755	275.6300049
3756	275.6499939
3757	275.6900024
3758	275.6300049
3759	275.7099915
3760	275.6900024
3761	275.8599854
3762	275.8999939
3763	275.8999939
3764	275.9200134
3765	275.8800049
3766	275.9400024
3767	275.8800049
3768	275.9200134
3769	275.9599915
3770	275.8999939
3771	275.8399963
3772	275.9200134
3773	275.9200134
3774	276
3775	275.980011
3776	276.0299988
3777	276.0899963
3778	276.0499878
3779	275.980011
3780	275.980011
3781	275.8599854
3782	275.8800049
3783	275.9599915
3784	276.2099915
3785	276.2099915
3786	276.2099915
3787	276.1900024
3788	276.3599854
3789	276.230011
3790	276.2099915
3791	276.0700073
3792	275.8999939
3793	275.9200134
3794	275.9400024
3795	275.9599915
3796	276
3797	276.230011
3798	276.3399963
3799	276.3200073
3800	276.3200073
3801	276.2600098
3802	276.1700134
3803	276.3200073
3804	276.4899902
3805	276.6300049
3806	276.6499939
3807	276.6499939
3808	276.5899963
3809	276.4899902
3810	276.3399963
3811	276.3200073
3812	276.3200073
3813	276.3599854
3814	276.3800049
3815	276.4400024
3816	276.4200134
3817	276.3599854
3818	276.2999878
3819	276.2999878
3820	276.3999939
3821	276.3800049
3822	276.3999939
3823	276.4599915
3824	276.4899902
3825	276.4899902
3826	276.5299988
3827	276.5899963
3828	276.5899963
3829	276.7399902
3830	276.7399902
3831	276.7799988
3832	276.5899963
3833	276.5700073
3834	276.4200134
3835	276.5100098
3836	276.5499878
3837	276.7200012
3838	276.6900024
3839	276.8999939
3840	276.9200134
3841	277.0499878
3842	276.9700012
3843	276.8999939
3844	276.8999939
3845	276.6900024
3846	276.6099854
3847	276.7200012
3848	276.7799988
3849	277.0100098
3850	276.9500122
3851	276.9500122
3852	276.7799988
3853	276.8399963
3854	276.8999939
3855	277.0299988
3856	276.9899902
3857	276.9700012
3858	276.9200134
3859	276.8999939
3860	276.8599854
3861	276.9899902
3862	276.9200134
3863	276.9200134
3864	276.8800049
3865	276.9500122
3866	276.8999939
3867	276.9200134
3868	276.9700012
3869	276.9200134
3870	276.9200134
3871	276.9500122
3872	276.8999939
3873	276.8599854
3874	276.8200073
3875	276.8800049
3876	276.8599854
3877	276.8800049
3878	276.9700012
3879	277.0700073
3880	277.0700073
3881	277.1799927
3882	277.0899963
3883	277.0899963
3884	276.9500122
3885	276.9200134
3886	277.0299988
3887	277.2000122
3888	277.4100037
3889	277.6799927
3890	277.6799927
3891	277.9700012
3892	277.9899902
3893	277.9100037
3894	277.8500061
3895	277.9899902
3896	278.1000061
3897	278.1600037
3898	278.3900146
3899	278.6799927
3900	278.9500122
3901	278.9700012
3902	278.7000122
3903	278.769989
3904	278.8099976
3905	278.8900146
3906	278.9100037
3907	279.0400085
3908	279.3099976
3909	279.5
3910	279.519989
3911	279.6000061
3912	279.6600037
3913	279.5799866
3914	279.4100037
3915	279.4100037
3916	279.2900085
3917	279.3699951
3918	279.269989
3919	279.1799927
3920	279.230011
3921	279.230011
3922	279.230011
3923	279.4299927
3924	279.25
3925	279.269989
3926	279.3900146
3927	279.269989
3928	279.2900085
3929	279.2900085
3930	279.5
3931	279.6600037
3932	279.75
3933	279.6900024
3934	279.5599976
3935	279.519989
3936	279.3699951
3937	279.269989
3938	279.25
3939	279.25
3940	279.3699951
3941	279.3299866
3942	279.2000122
3943	279.0400085
3944	278.9700012
3945	279.0599976
3946	279.2000122
3947	279.25
3948	279.25
3949	279.25
3950	279.1600037
3951	279.0400085
3952	279.2000122
3953	279.2900085
3954	279.2900085
3955	279.4599915
3956	279.480011
3957	279.4299927
3958	279.3099976
3959	279.1000061
3960	279.0599976
3961	279.0599976
3962	279.1600037
3963	279.3699951
3964	279.4299927
3965	279.7099915
3966	279.8299866
3967	279.75
3968	279.6199951
3969	279.5799866
3970	279.480011
3971	279.5
3972	279.7099915
3973	279.75
3974	279.75
3975	279.6400146
3976	280.0599976
3977	280.1700134
3978	280.019989
3979	279.8299866
3980	279.8699951
3981	279.9200134
3982	279.769989
3983	279.769989
3984	279.5799866
3985	279.4100037
3986	279.4100037
3987	279.5799866
3988	279.519989
3989	279.5400085
3990	279.4299927
3991	279.25
3992	279.4100037
3993	279.4100037
3994	279.4299927
3995	279.4599915
3996	279.5599976
3997	279.6900024
3998	279.7099915
3999	279.5
4000	279.5
4001	279.5400085
4002	279.5799866
4003	279.5400085
4004	279.3699951
4005	279.2900085
4006	279.269989
4007	279.25
4008	279.2900085
4009	279.25
4010	279.1400146
4011	279.1199951
4012	279.1199951
4013	279.3099976
4014	279.6199951
4015	279.6400146
4016	279.5799866
4017	279.269989
4018	278.9500122
4019	278.9299927
4020	279.0599976
4021	279.1400146
4022	279.1199951
4023	279.1600037
4024	279.2000122
4025	279.2000122
4026	279.4100037
4027	279.4100037
4028	279.4100037
4029	279.2000122
4030	279.1199951
4031	279.25
4032	279.25
4033	279.3299866
4034	279.6900024
4035	279.7099915
4036	279.4599915
4037	279.4299927
4038	279.4100037
4039	279.3900146
4040	279.269989
4041	279.269989
4042	279.1799927
4043	279.1000061
4044	279.0400085
4045	279.0799866
4046	279.1000061
4047	279.3500061
4048	279.3699951
4049	279.2900085
4050	279.230011
4051	279.25
4052	279.4100037
4053	279.480011
4054	279.6600037
4055	279.7900085
4056	279.769989
4057	280.0400085
4058	280.0400085
4059	280
4060	280.019989
4061	279.8500061
4062	279.6400146
4063	279.3699951
4064	279.3699951
4065	278.9700012
4066	278.7900085
4067	278.7000122
4068	278.6199951
4069	278.6400146
4070	278.7000122
4071	278.7000122
4072	278.6600037
4073	278.5799866
4074	278.5100098
4075	278.3900146
4076	278.2600098
4077	278.2000122
4078	278.1000061
4079	277.6600037
4080	277.5299988
4081	277.1300049
4082	276.5299988
4083	275.8399963
4084	275.4599915
4085	275.0799866
4086	274.1199951
4087	273.9100037
4088	273.5799866
4089	273.4700012
4090	273.4700012
4091	273.2900085
4092	273.1799927
4093	273.1199951
4094	273.2000122
4095	273.2399902
4096	273.2399902
4097	273.3500061
4098	273.4299927
4099	273.5
4100	273.7900085
4101	274.1000061
4102	274.25
4103	274.25
4104	274.4200134
4105	274.4200134
4106	274.5
4107	274.519989
4108	274.7900085
4109	274.8999939
4110	274.8999939
4111	275.5
4112	275.7099915
4113	275.7099915
4114	275.6300049
4115	275.5
4116	275.3999939
4117	275.3999939
4118	275.3599854
4119	275.4400024
4120	275.4599915
4121	275.4400024
4122	275.3999939
4123	275.4599915
4124	275.4400024
4125	275.5700073
4126	275.6099854
4127	275.8200073
4128	275.9400024
4129	276
4130	275.9200134
4131	275.8599854
4132	275.8399963
4133	275.9400024
4134	275.9400024
4135	275.9400024
4136	276.0700073
4137	276.1700134
4138	276.1499939
4139	276.1300049
4140	276.1499939
4141	276.1499939
4142	276.1499939
4143	276.1900024
4144	276.230011
4145	276.2600098
4146	276.3599854
4147	276.3399963
4148	276.3999939
4149	276.3599854
4150	276.3200073
4151	276.3399963
4152	276.2999878
4153	276.230011
4154	276.1700134
4155	276.1900024
4156	276.1700134
4157	276.2099915
4158	276.230011
4159	276.230011
4160	276.4400024
4161	276.3399963
4162	276.4200134
4163	276.3800049
4164	276.3999939
4165	276.4200134
4166	276.4400024
4167	276.4400024
4168	276.5499878
4169	276.7399902
4170	276.7799988
4171	276.7399902
4172	276.7600098
4173	276.7600098
4174	276.7600098
4175	276.6900024
4176	276.6300049
4177	276.5899963
4178	276.5700073
4179	276.5899963
4180	276.6700134
4181	276.6700134
4182	276.7200012
4183	276.6499939
4184	276.6499939
4185	276.7200012
4186	276.7999878
4187	276.8200073
4188	276.7600098
4189	276.6700134
4190	276.6099854
4191	276.6300049
4192	276.7200012
4193	276.7799988
4194	276.7600098
4195	276.8399963
4196	276.8599854
4197	276.8399963
4198	276.7799988
4199	276.6700134
4200	276.5499878
4201	276.6099854
4202	276.6900024
4203	276.7600098
4204	276.7399902
4205	276.7600098
4206	276.7600098
4207	276.6099854
4208	276.5700073
4209	276.5499878
4210	276.5499878
4211	276.5700073
4212	276.6700134
4213	276.6700134
4214	276.6300049
4215	276.5700073
4216	276.5499878
4217	276.6099854
4218	276.6700134
4219	276.7200012
4220	276.6300049
4221	276.5899963
4222	276.6499939
4223	276.6900024
4224	276.7399902
4225	276.8399963
4226	276.8999939
4227	276.8800049
4228	276.7999878
4229	276.8399963
4230	276.7799988
4231	276.7200012
4232	276.6499939
4233	276.6499939
4234	276.6099854
4235	276.6700134
4236	276.5899963
4237	276.6300049
4238	276.6300049
4239	276.5899963
4240	276.5700073
4241	276.5899963
4242	276.5899963
4243	276.5899963
4244	276.5899963
4245	276.5899963
4246	276.4899902
4247	276.5499878
4248	276.4899902
4249	276.4599915
4250	276.4599915
4251	276.5499878
4252	276.5499878
4253	276.6099854
4254	276.6900024
4255	276.7399902
4256	276.7799988
4257	276.6900024
4258	276.7200012
4259	276.7600098
4260	276.9500122
4261	277.0299988
4262	277.0499878
4263	277.0100098
4264	277.0499878
4265	277.0299988
4266	277.0299988
4267	277.0499878
4268	277.0100098
4269	276.8800049
4270	276.8999939
4271	276.8800049
4272	276.8800049
4273	276.8399963
4274	276.7999878
4275	276.7200012
4276	276.6900024
4277	276.6900024
4278	276.6099854
4279	276.6099854
4280	276.6300049
4281	276.5899963
4282	276.5899963
4283	276.6499939
4284	276.6499939
4285	276.8200073
4286	276.8200073
4287	276.8399963
4288	276.7999878
4289	276.8800049
4290	276.9700012
4291	276.9700012
4292	276.9700012
4293	276.8399963
4294	276.7399902
4295	276.7399902
4296	276.7999878
4297	276.8599854
4298	276.9500122
4299	277.0700073
4300	277.0700073
4301	277.0700073
4302	276.9700012
4303	276.9700012
4304	276.8800049
4305	276.7999878
4306	276.9200134
4307	276.9200134
4308	276.8800049
4309	276.8800049
4310	276.8800049
4311	276.8399963
4312	276.8599854
4313	276.8200073
4314	276.6900024
4315	276.7200012
4316	276.7200012
4317	276.8599854
4318	276.9700012
4319	277.0499878
4320	276.9899902
4321	276.8999939
4322	276.8200073
4323	276.8200073
4324	276.7799988
4325	276.8800049
4326	276.8800049
4327	277.0299988
4328	277.0899963
4329	277.1099854
4330	277.0299988
4331	276.8800049
4332	276.8399963
4333	276.7399902
4334	276.6900024
4335	276.6900024
4336	276.6900024
4337	276.6900024
4338	276.7999878
4339	276.7999878
4340	276.7799988
4341	276.7600098
4342	276.7399902
4343	276.6900024
4344	276.6700134
4345	276.6700134
4346	276.7200012
4347	276.8200073
4348	276.8200073
4349	276.8999939
4350	277.0100098
4351	277.1099854
4352	277.0899963
4353	277.1099854
4354	277.0299988
4355	277.0299988
4356	277.0100098
4357	276.9700012
4358	276.8999939
4359	277.0100098
4360	277.0299988
4361	277.1099854
4362	277.1099854
4363	277.3900146
4364	277.5700073
4365	277.5100098
4366	277.4500122
4367	277.5899963
4368	277.7399902
4369	277.7200012
4370	277.8699951
4371	278.0100098
4372	278.3699951
4373	278.1799927
4374	278.1000061
4375	278.3099976
4376	278.3099976
4377	278.7000122
4378	278.6199951
4379	278.5799866
4380	277.9100037
4381	277.4100037
4382	276.4599915
4383	275.9400024
4384	274.8500061
4385	273.8299866
4386	272.9299927
4387	272.9299927
4388	271.5499878
4389	270.6700134
4390	270.230011
4391	269.480011
4392	268.6900024
4393	268.019989
4394	268.019989
4395	266.8699951
4396	266.2000122
4397	265.8399963
4398	265.1300049
4399	264.5
4400	264.2099915
4401	263.8999939
4402	262.9599915
4403	262.6600037
4404	262.1000061
4405	261.5299988
4406	260.9700012
4407	260.7200012
4408	260.4899902
4409	259.6900024
4410	259.4400024
4411	259
4412	258.519989
4413	258.3099976
4414	257.9200134
4415	257.6600037
4416	257.269989
4417	256.8699951
4418	256.4500122
4419	256.4500122
4420	255.9100037
4421	255.5299988
4422	255.3800049
4423	255.4499969
4424	257.3699951
4425	260.2399902
4426	260.2399902
4427	263.3099976
4428	264.3099976
4429	264.6900024
4430	265.1499939
4431	265.4400024
4432	265.4899902
4433	265.4899902
4434	265.3200073
4435	265.1900024
4436	265.0700073
4437	264.75
4438	264.3999939
4439	264.25
4440	264.0799866
4441	263.4599915
4442	263.3699951
4443	264.3999939
4444	266.8399963
4445	267.5100098
4446	270.3599854
4447	272.3200073
4448	274.980011
4449	274.9599915
4450	274.7099915
4451	274.1199951
4452	273.8500061
4453	273.1799927
4454	272.9100037
4455	272.2799988
4456	271.7600098
4457	271.2600098
4458	271.2600098
4459	270.3399963
4460	269.7900085
4461	269.519989
4462	268.8900146
4463	268.230011
4464	267.6600037
4465	267.6600037
4466	266.8699951
4467	266.2200012
4468	265.9700012
4469	265.4899902
4470	265.0499878
4471	264.8399963
4472	264.5899963
4473	263.8099976
4474	263.3699951
4475	263.1600037
4476	262.6600037
4477	262.2399902
4478	261.9899902
4479	261.7200012
4480	261.0499878
4481	260.7999878
4482	260.3999939
4483	259.9200134
4484	259.6900024
4485	259.269989
4486	259.0400085
4487	258.6499939
4488	258.230011
4489	257.8299866
4490	257.8299866
4491	257.2000122
4492	256.8099976
4493	256.6600037
4494	256.2600098
4495	255.9299927
4496	255.6100006
4497	255.6100006
4498	255.0099945
4499	254.7200012
4500	254.5700073
4501	254.2299957
4502	253.9400024
4503	253.5899963
4504	253.5899963
4505	253.1300049
4506	252.8500061
4507	252.7100067
4508	252.4400024
4509	252.1199951
4510	252.0200043
4511	251.8899994
4512	251.4299927
4513	251.3500061
4514	251.1000061
4515	250.7799988
4516	250.5500031
4517	250.4100037
4518	250.3200073
4519	249.9499969
4520	249.8000031
4521	249.5299988
4522	249.3000031
4523	249.2400055
4524	249.0299988
4525	248.9400024
4526	248.6300049
4527	248.4799957
4528	248.25
4529	248.25
4530	247.9600067
4531	247.75
4532	247.6699982
4533	247.5200043
4534	247.2899933
4535	247.1199951
4536	247.1199951
4537	246.8099976
4538	246.6600037
4539	246.6000061
4540	246.4299927
4541	246.2899933
4542	246.2200012
4543	246.1399994
4544	245.9100037
4545	245.7200012
4546	245.6999969
4547	245.5099945
4548	245.4299927
4549	245.3699951
4550	245.2400055
4551	245.0500031
4552	244.9900055
4553	244.9100037
4554	244.7799988
4555	244.6999969
4556	244.6100006
4557	244.5700073
4558	244.4299927
4559	244.3800049
4560	244.2799988
4561	244.1799927
4562	244.1499939
4563	244.0700073
4564	244.0099945
4565	243.9499969
4566	243.8399963
4567	243.7799988
4568	243.7799988
4569	243.6900024
4570	243.6499939
4571	243.6100006
4572	243.5700073
4573	243.5299988
4574	243.4900055
4575	243.4900055
4576	243.4199982
4577	243.4199982
4578	243.3399963
4579	243.3600006
4580	243.3600006
4581	243.3200073
4582	243.3000031
4583	243.2599945
4584	243.2599945
4585	243.2299957
4586	243.2599945
4587	243.2299957
4588	243.2599945
4589	243.2299957
4590	243.2799988
4591	243.2799988
4592	243.2799988
4593	243.2799988
4594	243.2799988
4595	243.3200073
4596	243.3200073
4597	243.3800049
4598	243.3600006
4599	243.3399963
4600	243.3399963
4601	243.3399963
4602	243.4400024
4603	243.4900055
4604	243.4900055
4605	243.4900055
4606	243.5099945
4607	243.5099945
4608	243.5700073
4609	243.6699982
4610	243.6499939
4611	243.6300049
4612	243.7200012
4613	243.7400055
4614	243.7400055
4615	243.8399963
4616	243.8200073
4617	243.8399963
4618	243.8999939
4619	243.9199982
4620	243.9700012
4621	244.0099945
4622	244.0099945
4623	244.0899963
4624	244.1300049
4625	244.0899963
4626	244.2200012
4627	244.2200012
4628	244.2400055
4629	244.2799988
4630	244.3200073
4631	244.3399963
4632	244.4700012
4633	244.4499969
4634	244.4499969
4635	244.4700012
4636	244.4900055
4637	244.5500031
4638	244.6100006
4639	244.6100006
4640	244.5899963
4641	244.6399994
4642	244.6799927
4643	244.7200012
4644	244.6999969
4645	244.7200012
4646	244.7200012
4647	244.7599945
4648	244.7799988
4649	244.8200073
4650	244.8200073
4651	244.8399963
4652	244.8699951
4653	244.8899994
4654	244.9100037
4655	244.9299927
4656	244.9100037
4657	244.9700012
4658	244.9700012
4659	245.0099945
4660	245.0099945
4661	245.0299988
4662	245.0099945
4663	245.0299988
4664	245.0500031
4665	245.0700073
4666	245.1399994
4667	245.1199951
4668	245.1399994
4669	245.1000061
4670	245.1799927
4671	245.1799927
4672	245.1399994
4673	245.1600037
4674	245.1799927
4675	245.2400055
4676	245.1999969
4677	245.2200012
4678	245.2200012
4679	245.1999969
4680	245.2599945
4681	245.2599945
4682	245.2599945
4683	245.2400055
4684	245.2200012
4685	245.2200012
4686	245.2400055
4687	245.2400055
4688	245.3000031
4689	245.2799988
4690	245.2799988
4691	245.3000031
4692	245.2599945
4693	245.2799988
4694	245.2599945
4695	245.2200012
4696	245.3000031
4697	245.2400055
4698	245.2599945
4699	245.2200012
4700	245.2599945
4701	245.2599945
4702	245.2400055
4703	245.2799988
4704	245.2599945
4705	245.2799988
4706	245.2799988
4707	245.2599945
4708	245.2599945
4709	245.2200012
4710	245.2200012
4711	245.2799988
4712	245.3000031
4713	245.2400055
4714	245.2200012
4715	245.2599945
4716	245.2599945
4717	245.2599945
4718	245.2200012
4719	245.2400055
4720	245.2599945
4721	245.2200012
4722	245.2200012
4723	245.2599945
4724	245.2599945
4725	245.2200012
4726	245.2400055
4727	245.1999969
4728	245.1999969
4729	245.2200012
4730	245.1999969
4731	245.1999969
4732	245.1600037
4733	245.1600037
4734	245.1399994
4735	245.1999969
4736	245.1999969
4737	245.1199951
4738	245.1399994
4739	245.1399994
4740	245.1000061
4741	245.1199951
4742	245.1199951
4743	245.1000061
4744	245.0500031
4745	245.0500031
4746	245.0700073
4747	245.0500031
4748	245.0299988
4749	245.0299988
4750	244.9900055
4751	245.0299988
4752	244.9900055
4753	245.0099945
4754	244.9900055
4755	244.9900055
4756	244.9900055
4757	244.9499969
4758	244.9299927
4759	244.9299927
4760	244.9299927
4761	244.9299927
4762	244.9100037
4763	244.9100037
4764	244.8699951
4765	244.9100037
4766	244.9100037
4767	244.8399963
4768	244.9100037
4769	244.9299927
4770	244.8399963
4771	244.8699951
4772	244.8000031
4773	244.8399963
4774	244.8699951
4775	244.8200073
4776	244.8200073
4777	244.8000031
4778	244.7799988
4779	244.8000031
4780	244.8000031
4781	244.8000031
4782	244.7599945
4783	244.7400055
4784	244.7599945
4785	244.7799988
4786	244.7599945
4787	244.7599945
4788	244.7599945
4789	244.7599945
4790	244.7200012
4791	244.7599945
4792	244.7400055
4793	244.7200012
4794	244.7400055
4795	244.6999969
4796	244.6999969
4797	244.6999969
4798	244.6999969
4799	244.6799927
4800	244.6600037
4801	244.6999969
4802	244.6600037
4803	244.6600037
4804	244.6399994
4805	244.6100006
4806	244.6600037
4807	244.5899963
4808	244.6399994
4809	244.6399994
4810	244.6600037
4811	244.5899963
4812	244.5899963
4813	244.6399994
4814	244.5899963
4815	244.5899963
4816	244.5899963
4817	244.6100006
4818	244.5500031
4819	244.5299988
4820	244.5299988
4821	244.5299988
4822	244.5500031
4823	244.5700073
4824	244.5700073
4825	244.5099945
4826	244.4700012
4827	244.4700012
4828	244.4700012
4829	244.4900055
4830	244.4700012
4831	244.4499969
4832	244.4700012
4833	244.4700012
4834	244.4700012
4835	244.4299927
4836	244.4299927
4837	244.4100037
4838	244.4100037
4839	244.4100037
4840	244.4499969
4841	244.3399963
4842	244.3800049
4843	244.4100037
4844	244.3200073
4845	244.3399963
4846	244.3200073
4847	244.3200073
4848	244.3399963
4849	244.3200073
4850	244.2400055
4851	244.2400055
4852	244.2400055
4853	244.2400055
4854	244.2400055
4855	244.2200012
4856	244.1999969
4857	244.1799927
4858	244.1799927
4859	244.1799927
4860	244.1100006
4861	244.0899963
4862	244.1100006
4863	244.0700073
4864	244.0700073
4865	244.0700073
4866	244.0700073
4867	243.9900055
4868	243.9700012
4869	244.0299988
4870	243.9199982
4871	243.9199982
4872	243.9199982
4873	243.8800049
4874	243.8999939
4875	243.9199982
4876	243.8600006
4877	243.8399963
4878	243.8800049
4879	243.7599945
4880	243.8200073
4881	243.8200073
4882	243.7799988
4883	243.7799988
4884	243.7799988
4885	243.7400055
4886	243.6699982
4887	243.7599945
4888	243.7200012
4889	243.6900024
4890	243.6499939
4891	243.6499939
4892	243.6499939
4893	243.6499939
4894	243.6300049
4895	243.6699982
4896	243.6499939
4897	243.5899963
4898	243.5899963
4899	243.5899963
4900	243.5700073
4901	243.5899963
4902	243.6100006
4903	243.5500031
4904	243.5299988
4905	243.5500031
4906	243.5500031
4907	243.5299988
4908	243.5299988
4909	243.4900055
4910	243.4900055
4911	243.5299988
4912	243.5099945
4913	243.4900055
4914	243.4900055
4915	243.5099945
4916	243.5099945
4917	243.4900055
4918	243.4900055
4919	243.5099945
4920	243.4900055
4921	243.4600067
4922	243.5299988
4923	243.5299988
4924	243.5099945
4925	243.4199982
4926	243.4199982
4927	243.4600067
4928	243.4600067
4929	243.4900055
4930	243.4900055
4931	243.4400024
4932	243.4400024
4933	243.5099945
4934	243.4900055
4935	243.4900055
4936	243.5099945
4937	243.5099945
4938	243.5099945
4939	243.5099945
4940	243.4900055
4941	243.4600067
4942	243.4900055
4943	243.5299988
4944	243.5299988
4945	243.5099945
4946	243.6100006
4947	243.5500031
4948	243.5099945
4949	243.4900055
4950	243.5500031
4951	243.5299988
4952	243.5700073
4953	243.6100006
4954	243.5899963
4955	243.5899963
4956	243.5899963
4957	243.6499939
4958	243.5700073
4959	243.6300049
4960	243.6499939
4961	243.6499939
4962	243.6499939
4963	243.6300049
4964	243.6300049
4965	243.5899963
4966	243.6699982
4967	243.6300049
4968	243.6499939
4969	243.6499939
4970	243.6699982
4971	243.6699982
4972	243.6900024
4973	243.6900024
4974	243.6900024
4975	243.6900024
4976	243.6699982
4977	243.6900024
4978	243.6499939
4979	243.6699982
4980	243.6499939
4981	243.6300049
4982	243.6900024
4983	243.6499939
4984	243.6900024
4985	243.6699982
4986	243.6699982
4987	243.6699982
4988	243.6499939
4989	243.6699982
4990	243.6499939
4991	243.6300049
4992	243.6900024
4993	243.6499939
4994	243.6499939
4995	243.6300049
4996	243.6499939
4997	243.6499939
4998	243.6499939
4999	243.6499939
5000	243.6499939
5001	243.6499939
5002	243.5899963
5003	243.6100006
5004	243.6100006
5005	243.5299988
5006	243.5899963
5007	243.5299988
5008	243.5299988
5009	243.5299988
5010	243.5099945
5011	243.5099945
5012	243.5099945
5013	243.4600067
5014	243.4900055
5015	243.4400024
5016	243.4400024
5017	243.3800049
5018	243.4199982
5019	243.3600006
5020	243.3999939
5021	243.3600006
5022	243.3999939
5023	243.3399963
5024	243.3800049
5025	243.3399963
5026	243.3600006
5027	243.4600067
5028	244.6600037
5029	245.1399994
5030	246.0399933
5031	246.8500061
5032	247.5200043
5033	247.5200043
5034	248.5299988
5035	250.6199951
5036	251.9499969
5037	254.5700073
5038	256.5599976
5039	258.1900024
5040	258.1900024
5041	259.6099854
5042	260.0100098
5043	260.0499878
5044	260.0700073
5045	259.8200073
5046	259.6700134
5047	259.5499878
5048	259.3200073
5049	259.1900024
5050	259.1700134
5051	259.0400085
5052	258.9200134
5053	258.8399963
5054	258.75
5055	258.730011
5056	258.8099976
5057	259.1099854
5058	259.7099915
5059	259.9899902
5060	260.5700073
5061	260.8399963
5062	261.5700073
5063	262.1400146
5064	262.7000122
5065	263.230011
5066	263.5599976
5067	264.1499939
5068	264.5
5069	265.4200134
5070	266.3599854
5071	267.1199951
5072	267.1199951
5073	267.8299866
5074	268.2900085
5075	268.5
5076	269.0400085
5077	269.5400085
5078	269.9200134
5079	269.9200134
5080	270.730011
5081	271.0499878
5082	271.2399902
5083	271.5700073
5084	271.9100037
5085	272.0899963
5086	272.2200012
5087	272.7399902
5088	272.9100037
5089	273.269989
5090	273.5599976
5091	273.8099976
5092	273.980011
5093	274.0799866
5094	274.269989
5095	274.3099976
5096	274.2900085
5097	274.3699951
5098	274.5
5099	274.6199951
5100	274.6199951
5101	274.5599976
5102	274.5599976
5103	274.6900024
5104	274.6900024
5105	274.8800049
5106	274.9599915
5107	275
5108	275.1300049
5109	275.1900024
5110	275.230011
5111	275.230011
5112	275.25
5113	275.4400024
5114	275.480011
5115	275.519989
5116	275.480011
5117	275.6099854
5118	275.6099854
5119	275.8599854
5120	275.8999939
5121	275.8800049
5122	276.0899963
5123	276.2999878
5124	276.3399963
5125	276.3200073
5126	277.6199951
5127	277.6600037
5128	277.2799988
5129	276.8399963
5130	276.6499939
5131	276.4599915
5132	276.4200134
5133	276.3599854
5134	276.4200134
5135	276.4899902
5136	276.5700073
5137	276.6099854
5138	276.6499939
5139	276.6900024
5140	276.5499878
5141	276.4599915
5142	276.4200134
5143	276.4200134
5144	276.4899902
5145	276.4599915
5146	276.4899902
5147	276.5700073
5148	276.6099854
5149	276.6700134
5150	276.6700134
5151	276.5899963
5152	276.5499878
5153	276.6300049
5154	276.7200012
5155	276.7999878
5156	276.7999878
5157	276.6900024
5158	276.5299988
5159	276.5100098
5160	276.6499939
5161	276.8200073
5162	276.8599854
5163	276.9500122
5164	277.0100098
5165	277.0499878
5166	276.9899902
5167	276.8399963
5168	276.7999878
5169	276.7200012
5170	276.6099854
5171	276.5299988
5172	276.5700073
5173	276.5899963
5174	276.7600098
5175	276.7600098
5176	276.7399902
5177	276.7799988
5178	276.7600098
5179	276.7399902
5180	276.7799988
5181	276.8599854
5182	276.8599854
5183	276.7799988
5184	276.7399902
5185	276.7999878
5186	276.8200073
5187	276.9700012
5188	276.9200134
5189	276.9200134
5190	276.9500122
5191	277.0499878
5192	277.1300049
5193	277.2000122
5194	277.2200012
5195	277.1300049
5196	277.1799927
5197	277.0700073
5198	277.1099854
5199	277.2000122
5200	277.1499939
5201	277.1499939
5202	277.1300049
5203	277.0899963
5204	277.2999878
5205	277.3399963
5206	277.2999878
5207	277.4100037
5208	277.3900146
5209	277.2399902
5210	277.0899963
5211	277.1099854
5212	277.1799927
5213	277.3399963
5214	277.3399963
5215	277.3599854
5216	277.4100037
5217	277.4299927
5218	277.5499878
5219	277.6199951
5220	277.6400146
5221	277.6400146
5222	277.5299988
5223	277.4100037
5224	277.3399963
5225	277.4500122
5226	277.4299927
5227	277.4899902
5228	277.5100098
5229	277.7399902
5230	277.7200012
5231	277.6799927
5232	277.6199951
5233	277.6199951
5234	277.5299988
5235	277.5299988
5236	277.5499878
5237	277.6199951
5238	277.5299988
5239	277.4299927
5240	277.4700012
5241	277.4700012
5242	277.5299988
5243	277.4899902
5244	277.5100098
5245	277.5299988
5246	277.5299988
5247	277.4299927
5248	277.4899902
5249	277.4700012
5250	277.4700012
5251	277.4299927
5252	277.4700012
5253	277.4700012
5254	277.5899963
5255	277.6600037
5256	277.6799927
5257	277.7999878
5258	277.8900146
5259	277.9299927
5260	277.9299927
5261	277.8200073
5262	277.6400146
5263	277.5700073
5264	277.4500122
5265	277.4299927
5266	277.4899902
5267	277.5299988
5268	277.5700073
5269	277.7399902
5270	277.7399902
5271	277.6199951
5272	277.5700073
5273	277.5700073
5274	277.5299988
5275	277.2600098
5276	277.3599854
5277	277.4500122
5278	277.5899963
5279	277.6600037
5280	277.6799927
5281	277.5899963
5282	277.5700073
5283	277.5499878
5284	277.6400146
5285	277.6400146
5286	277.5899963
5287	277.6400146
5288	277.6400146
5289	277.6600037
5290	277.7999878
5291	277.8200073
5292	277.8200073
5293	277.6400146
5294	277.4500122
5295	277.4500122
5296	277.6799927
5297	277.6600037
5298	277.6799927
5299	277.5899963
5300	277.6199951
5301	277.5299988
5302	277.5499878
5303	277.5499878
5304	277.5100098
5305	277.5299988
5306	277.5299988
5307	277.5499878
5308	277.5499878
5309	277.5299988
5310	277.4100037
5311	277.3399963
5312	277.3399963
5313	277.4500122
5314	277.4100037
5315	277.6199951
5316	277.8500061
5317	277.7999878
5318	277.7200012
5319	277.6600037
5320	277.6799927
5321	277.8200073
5322	278.1400146
5323	278.3699951
5324	278.3699951
5325	278.6199951
5326	278.769989
5327	278.8099976
5328	278.769989
5329	278.7399902
5330	278.9100037
5331	278.9100037
5332	279.0400085
5333	278.8699951
5334	278.8900146
5335	279.0599976
5336	279.3099976
5337	279.3500061
5338	279.3699951
5339	279.3900146
5340	279.3699951
5341	279.3099976
5342	279.4100037
5343	279.5599976
5344	279.769989
5345	279.8099976
5346	279.6199951
5347	279.6600037
5348	279.769989
5349	279.8299866
5350	279.7900085
5351	279.8900146
5352	279.8900146
5353	279.7099915
5354	279.6600037
5355	279.769989
5356	279.769989
5357	280.1000061
5358	279.8699951
5359	279.8500061
5360	279.769989
5361	279.9200134
5362	279.9400024
5363	279.9400024
5364	280.0799866
5365	279.9599915
5366	279.8299866
5367	279.769989
5368	279.8500061
5369	279.9400024
5370	279.9400024
5371	280.019989
5372	280
5373	279.8500061
5374	280.0400085
5375	280.3099976
5376	280.4200134
5377	280.3500061
5378	280.2900085
5379	280.2099915
5380	280.230011
5381	280.1499939
5382	280.230011
5383	280.1700134
5384	280.1000061
5385	280
5386	279.9200134
5387	279.9400024
5388	279.9599915
5389	280.1000061
5390	279.8900146
5391	279.8699951
5392	280.019989
5393	279.8900146
5394	279.7900085
5395	279.7900085
5396	279.6400146
5397	279.6199951
5398	279.6400146
5399	279.6000061
5400	279.5799866
5401	279.5
5402	279.5
5403	279.8099976
5404	279.9400024
5405	279.9599915
5406	280.1700134
5407	280.3500061
5408	280.3299866
5409	280.0799866
5410	279.5599976
5411	279.6000061
5412	279.6400146
5413	279.3699951
5414	279.4599915
5415	279.5599976
5416	279.519989
5417	279.75
5418	279.7900085
5419	279.769989
5420	279.519989
5421	279.6199951
5422	279.769989
5423	279.8099976
5424	279.8099976
5425	279.75
5426	279.730011
5427	279.730011
5428	279.9400024
5429	279.980011
5430	279.9200134
5431	279.8900146
5432	279.730011
5433	279.6900024
5434	279.6900024
5435	279.8900146
5436	279.8500061
5437	279.8500061
5438	279.6000061
5439	279.7099915
5440	279.730011
5441	279.730011
5442	279.6199951
5443	279.769989
5444	279.7099915
5445	279.6000061
5446	279.7099915
5447	279.75
5448	279.8099976
5449	279.6900024
5450	279.730011
5451	279.769989
5452	279.8099976
5453	279.8500061
5454	280.1499939
5455	280.1900024
5456	279.8299866
5457	279.8699951
5458	280.1900024
5459	280.1700134
5460	280.1000061
5461	280.1900024
5462	280.1700134
5463	280.3299866
5464	280.2099915
5465	280.0599976
5466	280.0599976
5467	280.0799866
5468	280.230011
5469	280.1900024
5470	280
5471	280.019989
5472	279.980011
5473	279.980011
5474	280
5475	280.0400085
5476	280.0400085
5477	280.1499939
5478	280.2099915
5479	280.269989
5480	280.230011
5481	280.269989
5482	280.2099915
5483	280.0799866
5484	279.9599915
5485	279.8900146
5486	279.8099976
5487	279.6600037
5488	279.8299866
5489	279.9400024
5490	279.980011
5491	279.769989
5492	279.6000061
5493	279.3699951
5494	279.25
5495	279.1400146
5496	279.1000061
5497	279
5498	279
5499	279.1400146
5500	279.0799866
5501	279.1000061
5502	279.1199951
5503	278.6199951
5504	278.0799866
5505	278.0799866
5506	277.5899963
5507	277.2999878
5508	277.0899963
5509	276.4200134
5510	275.519989
5511	274.7099915
5512	274.7099915
5513	273.75
5514	273.3299866
5515	273.1799927
5516	273.0100098
5517	272.9100037
5518	272.8500061
5519	272.8699951
5520	272.8699951
5521	272.8500061
5522	272.8099976
5523	272.9299927
5524	273.1000061
5525	273.4700012
5526	273.6000061
5527	274.0799866
5528	274.0799866
5529	274.25
5530	274.3900146
5531	274.4200134
5532	274.519989
5533	274.6199951
5534	274.8099976
5535	275
5536	275.1300049
5537	275.1300049
5538	275.3599854
5539	275.5400085
5540	275.6300049
5541	275.8200073
5542	275.8800049
5543	275.8800049
5544	275.8800049
5545	275.730011
5546	275.730011
5547	275.7099915
5548	275.8399963
5549	276.0299988
5550	275.9599915
5551	276.0499878
5552	276.0499878
5553	276.0899963
5554	276.1099854
5555	276.0299988
5556	276.0499878
5557	276.0499878
5558	276.0499878
5559	276.2999878
5560	276.3999939
5561	276.4400024
5562	276.4200134
5563	276.4599915
5564	276.3200073
5565	276.3599854
5566	276.2799988
5567	276.2099915
5568	276.1700134
5569	276.230011
5570	276.2600098
5571	276.2999878
5572	276.2799988
5573	276.2099915
5574	276.2799988
5575	276.4200134
5576	276.4200134
5577	276.4899902
5578	276.5899963
5579	276.6499939
5580	276.7399902
5581	276.6900024
5582	276.6300049
5583	276.6300049
5584	276.4200134
5585	276.5100098
5586	276.6700134
5587	276.7999878
5588	276.7999878
5589	276.8399963
5590	276.7799988
5591	276.7399902
5592	276.6900024
5593	276.6700134
5594	276.6099854
5595	276.6700134
5596	276.6300049
5597	276.7200012
5598	276.7999878
5599	276.7600098
5600	276.7999878
5601	276.7600098
5602	276.7200012
5603	276.5700073
5604	276.5299988
5605	276.4599915
5606	276.3999939
5607	276.4899902
5608	276.4899902
5609	276.5100098
5610	276.5700073
5611	276.6300049
5612	276.5700073
5613	276.6099854
5614	276.7799988
5615	276.7799988
5616	276.7799988
5617	276.7399902
5618	276.6499939
5619	276.5299988
5620	276.4200134
5621	276.3599854
5622	276.3599854
5623	276.3599854
5624	276.6300049
5625	276.6300049
5626	276.5899963
5627	276.4599915
5628	276.4200134
5629	276.3599854
5630	276.4200134
5631	276.4899902
5632	276.3999939
5633	276.5499878
5634	276.5299988
5635	276.6099854
5636	276.5700073
5637	276.5700073
5638	276.5499878
5639	276.4899902
5640	276.6499939
5641	276.7399902
5642	276.8999939
5643	276.9700012
5644	276.8999939
5645	276.8200073
5646	276.8200073
5647	276.8200073
5648	276.9700012
5649	276.8800049
5650	276.9200134
5651	276.7999878
5652	276.9899902
5653	276.9500122
5654	276.9500122
5655	276.7999878
5656	276.8599854
5657	276.8999939
5658	276.9899902
5659	276.9500122
5660	277.0100098
5661	276.9899902
5662	277.0499878
5663	277.0299988
5664	276.9899902
5665	277.0100098
5666	277.0499878
5667	277.0499878
5668	277.1099854
5669	277.1099854
5670	277.0899963
5671	277.1099854
5672	276.8999939
5673	276.9200134
5674	276.7600098
5675	276.7799988
5676	276.5899963
5677	276.5700073
5678	276.4899902
5679	276.4899902
5680	276.4899902
5681	276.5700073
5682	276.5899963
5683	276.5499878
5684	276.5299988
5685	276.5499878
5686	276.5499878
5687	276.7600098
5688	276.7399902
5689	276.7799988
5690	276.8599854
5691	276.9700012
5692	277.1300049
5693	277.1300049
5694	277.2399902
5695	277.2999878
5696	277.2399902
5697	277.1300049
5698	277.0100098
5699	276.9700012
5700	276.9500122
5701	277.0100098
5702	277.0299988
5703	276.9899902
5704	277.0700073
5705	277.0499878
5706	276.9899902
5707	277.0299988
5708	277.0700073
5709	277.0299988
5710	277.0299988
5711	276.9700012
5712	276.9500122
5713	276.8800049
5714	276.9200134
5715	276.8599854
5716	276.9700012
5717	277.0299988
5718	277.0299988
5719	277.1099854
5720	277.1300049
5721	277.2399902
5722	277.1499939
5723	277.0899963
5724	277.0899963
5725	277.0899963
5726	277.1099854
5727	276.9899902
5728	276.9899902
5729	276.9500122
5730	276.9500122
5731	276.8999939
5732	276.9200134
5733	277.0899963
5734	277.0899963
5735	277.1300049
5736	277.1099854
5737	277.1099854
5738	277.0700073
5739	277.0899963
5740	277.2000122
5741	277.1499939
5742	277.0499878
5743	276.9200134
5744	276.9700012
5745	277.0299988
5746	277.1099854
5747	277.1499939
5748	277.2399902
5749	277.2399902
5750	277.2399902
5751	277.1099854
5752	277.1499939
5753	277.1499939
5754	277.1799927
5755	277.0299988
5756	277.1499939
5757	277.1499939
5758	277.1799927
5759	277.1499939
5760	277.2000122
5761	277.2600098
5762	277.1499939
5763	277.0499878
5764	277.0499878
5765	277.2200012
5766	277.1499939
5767	277.2399902
5768	277.1799927
5769	277.2600098
5770	277.2600098
5771	277.3399963
5772	277.2799988
5773	277.3200073
5774	277.3200073
5775	277.4100037
5776	277.3399963
5777	277.4299927
5778	277.3399963
5779	277.3599854
5780	277.3200073
5781	277.2600098
5782	277.2000122
5783	277.2000122
5784	277.2000122
5785	277.2399902
5786	277.2000122
5787	277.2600098
5788	277.4500122
5789	277.4500122
5790	277.8200073
5791	278.2200012
5792	278.3500061
5793	278.4899902
5794	278.4500122
5795	278.5799866
5796	278.5799866
5797	278.9500122
5798	279.1000061
5799	279.1400146
5800	279.1199951
5801	279.25
5802	279.2900085
5803	279.2900085
5804	279.480011
5805	279.5799866
5806	279.480011
5807	279.5599976
5808	279.480011
5809	279.5400085
5810	279.5599976
5811	279.8900146
5812	279.9200134
5813	280.25
5814	280.3500061
5815	280.1700134
5816	279.9200134
5817	279.9400024
5818	280.1000061
5819	280.0599976
5820	279.8900146
5821	279.8900146
5822	279.8900146
5823	279.9599915
5824	279.9599915
5825	279.7099915
5826	279.6600037
5827	279.730011
5828	279.730011
5829	279.769989
5830	279.75
5831	279.8699951
5832	279.8699951
5833	279.8099976
5834	279.5400085
5835	279.5400085
5836	279.5599976
5837	279.6199951
5838	279.6199951
5839	279.769989
5840	279.730011
5841	279.7099915
5842	279.730011
5843	279.769989
5844	279.7099915
5845	279.7900085
5846	279.9200134
5847	279.9200134
5848	279.980011
5849	279.8900146
5850	279.8299866
5851	279.7099915
5852	279.7099915
5853	279.6199951
5854	279.6900024
5855	279.8099976
5856	279.8900146
5857	280.0599976
5858	280.230011
5859	280.3299866
5860	280.3299866
5861	280.2099915
5862	280.1900024
5863	280.0599976
5864	280
5865	280.1900024
5866	280.230011
5867	280.230011
5868	280.2099915
5869	280.2099915
5870	280.1199951
5871	279.9400024
5872	279.8299866
5873	279.8900146
5874	279.8900146
5875	280.3299866
5876	280.3299866
5877	280.230011
5878	279.9599915
5879	279.75
5880	279.75
5881	279.9400024
5882	280.1199951
5883	280.0799866
5884	279.9599915
5885	279.769989
5886	279.6900024
5887	279.5400085
5888	279.5
5889	279.75
5890	279.8099976
5891	279.8099976
5892	279.8500061
5893	279.8900146
5894	279.8500061
5895	279.769989
5896	279.8900146
5897	279.9400024
5898	279.8699951
5899	279.8699951
5900	279.9599915
5901	279.9599915
5902	279.980011
5903	279.8699951
5904	279.9200134
5905	279.9200134
5906	279.9200134
5907	279.980011
5908	279.8699951
5909	279.8299866
5910	279.5400085
5911	279.6199951
5912	279.5599976
5913	279.5400085
5914	279.730011
5915	279.8699951
5916	279.9599915
5917	279.9200134
5918	279.8699951
5919	279.980011
5920	280
5921	280.1000061
5922	280.1000061
5923	280.019989
5924	279.7900085
5925	279.7900085
5926	279.769989
5927	279.7900085
5928	279.8500061
5929	279.980011
5930	279.8900146
5931	279.8900146
5932	279.9599915
5933	280.1000061
5934	279.980011
5935	279.9400024
5936	279.9400024
5937	279.730011
5938	279.730011
5939	279.6000061
5940	279.769989
5941	279.8500061
5942	279.730011
5943	279.6400146
5944	279.7099915
5945	279.7099915
5946	279.730011
5947	279.8500061
5948	280.019989
5949	279.9400024
5950	279.9200134
5951	279.8900146
5952	279.9599915
5953	280.1000061
5954	280.0400085
5955	279.8900146
5956	279.8699951
5957	279.8699951
5958	280.0799866
5959	280.1900024
5960	280.2099915
5961	280.0599976
5962	280.0799866
5963	279.8299866
5964	279.6600037
5965	279.519989
5966	279.4599915
5967	279.3500061
5968	279.2000122
5969	279.1000061
5970	279.1000061
5971	279.1000061
5972	279.1600037
5973	279.269989
5974	279.3699951
5975	279.4100037
5976	279.2000122
5977	279.2000122
5978	278.6000061
5979	278.1600037
5980	277.8500061
5981	277.4100037
5982	276.7600098
5983	276.3599854
5984	275.9400024
5985	274.6499939
5986	274.0400085
5987	273.769989
5988	273.4100037
5989	273.2000122
5990	273.0799866
5991	273.0400085
5992	273.0400085
5993	273.1199951
5994	273.4700012
5995	273.8699951
5996	273.9599915
5997	274.1400146
5998	274.1199951
5999	274.230011
6000	274.3299866
6001	274.3699951
6002	274.3699951
6003	274.4200134
6004	274.5400085
6005	274.6700134
6006	274.7099915
6007	274.9400024
6008	275.0400085
6009	275.0400085
6010	275.2099915
6011	275.2900085
6012	275.3399963
6013	275.5700073
6014	275.7999878
6015	275.8599854
6016	275.8599854
6017	275.8200073
6018	275.8599854
6019	275.8800049
6020	276
6021	276.1900024
6022	276.2099915
6023	276.2799988
6024	276.3599854
6025	276.4400024
6026	276.5499878
6027	276.6900024
6028	276.6700134
6029	276.5899963
6030	276.6499939
6031	276.5499878
6032	276.6099854
6033	276.5299988
6034	276.6300049
6035	276.6499939
6036	276.6900024
6037	276.6499939
6038	276.7200012
6039	276.6499939
6040	276.6499939
6041	276.6499939
6042	276.6099854
6043	276.7999878
6044	276.8599854
6045	276.8399963
6046	276.8800049
6047	276.9200134
6048	276.9200134
6049	276.9700012
6050	276.9899902
6051	276.9200134
6052	276.9200134
6053	276.8999939
6054	276.9700012
6055	276.9700012
6056	276.9200134
6057	277.0899963
6058	277.1499939
6059	277.1799927
6060	277.1300049
6061	277.1300049
6062	277.1799927
6063	277.2000122
6064	277.1799927
6065	277.1799927
6066	277.2399902
6067	277.2200012
6068	277.3900146
6069	277.4500122
6070	277.4500122
6071	277.3599854
6072	277.4100037
6073	277.4100037
6074	277.2200012
6075	277.1799927
6076	277.2799988
6077	277.2999878
6078	277.3399963
6079	277.4100037
6080	277.4100037
6081	277.5299988
6082	277.4500122
6083	277.4500122
6084	277.4700012
6085	277.4299927
6086	277.4700012
6087	277.4700012
6088	277.6400146
6089	277.5499878
6090	277.4700012
6091	277.3599854
6092	277.2600098
6093	277.2200012
6094	277.3200073
6095	277.3900146
6096	277.4299927
6097	277.4299927
6098	277.3399963
6099	277.2999878
6100	277.2999878
6101	277.2799988
6102	277.2600098
6103	277.2399902
6104	277.2999878
6105	277.2600098
6106	277.3200073
6107	277.2399902
6108	277.1799927
6109	277.0299988
6110	277.0100098
6111	277.0700073
6112	277.0700073
6113	277.1300049
6114	277.2200012
6115	277.2200012
6116	277.2200012
6117	277.1499939
6118	277.0899963
6119	277.0899963
6120	277.2399902
6121	277.2799988
6122	277.3599854
6123	277.2999878
6124	277.2399902
6125	277.2200012
6126	277.2799988
6127	277.2999878
6128	277.2600098
6129	277.2000122
6130	277.0499878
6131	277.0299988
6132	277.0100098
6133	277.0700073
6134	277.0700073
6135	277.0700073
6136	277.0299988
6137	277.1099854
6138	277.1300049
6139	277.0899963
6140	277.0899963
6141	277.1099854
6142	277.2399902
6143	277.4500122
6144	277.5299988
6145	277.4700012
6146	277.5100098
6147	277.4700012
6148	277.4899902
6149	277.3599854
6150	277.3599854
6151	277.3599854
6152	277.4700012
6153	277.6199951
6154	277.5499878
6155	277.4899902
6156	277.3900146
6157	277.2999878
6158	277.2999878
6159	277.2600098
6160	277.1499939
6161	277.1799927
6162	277.0899963
6163	277.1300049
6164	277.1799927
6165	277.2200012
6166	277.2000122
6167	277.1799927
6168	277.1099854
6169	277.1099854
6170	277.0899963
6171	277.2000122
6172	277.1300049
6173	276.9899902
6174	276.9200134
6175	276.8999939
6176	276.9200134
6177	276.9500122
6178	276.9700012
6179	277.0499878
6180	276.8800049
6181	276.8800049
6182	276.9500122
6183	276.9500122
6184	277.1099854
6185	277.0700073
6186	277.1799927
6187	277.1499939
6188	277.1300049
6189	277.0100098
6190	277.0100098
6191	276.9899902
6192	277.0499878
6193	277.1300049
6194	277.1499939
6195	277.2799988
6196	277.2799988
6197	277.2799988
6198	277.2999878
6199	277.4100037
6200	277.3900146
6201	277.2999878
6202	277.2600098
6203	277.1799927
6204	277.2200012
6205	277.0899963
6206	277.0899963
6207	277.1099854
6208	277.1799927
6209	277.2200012
6210	277.2399902
6211	277.2399902
6212	277.2200012
6213	277.1300049
6214	277.0899963
6215	277.0299988
6216	277.0100098
6217	276.8999939
6218	276.9700012
6219	276.8999939
6220	276.8800049
6221	276.9200134
6222	276.9200134
6223	277.0499878
6224	277.0700073
6225	277.0899963
6226	277.1499939
6227	277.1499939
6228	277.2200012
6229	277.2200012
6230	277.2600098
6231	277.2200012
6232	277.2799988
6233	277.2600098
6234	277.2000122
6235	277.2399902
6236	277.2200012
6237	277.2600098
6238	277.2399902
6239	277.2799988
6240	277.2799988
6241	277.1799927
6242	277.0499878
6243	276.9899902
6244	276.8800049
6245	276.8800049
6246	276.9500122
6247	276.8999939
6248	276.8999939
6249	276.8999939
6250	276.9899902
6251	276.8999939
6252	276.9899902
6253	276.9899902
6254	276.9899902
6255	277.0100098
6256	277.0299988
6257	276.9899902
6258	277.0299988
6259	277.0100098
6260	277.0299988
6261	277.0299988
6262	277.5299988
6263	278.0100098
6264	278.1799927
6265	278.2799988
6266	278.3299866
6267	278.3699951
6268	278.3699951
6269	278.4700012
6270	278.4299927
6271	278.4299927
6272	278.4100037
6273	278.4899902
6274	278.6400146
6275	278.769989
6276	279.1400146
6277	279.1799927
6278	279.3900146
6279	279.5
6280	279.480011
6281	279.3500061
6282	279.4100037
6283	279.6900024
6284	279.75
6285	279.7099915
6286	279.5799866
6287	279.5599976
6288	279.6000061
6289	279.5599976
6290	279.3699951
6291	279.3299866
6292	279.5400085
6293	279.5400085
6294	279.5599976
6295	279.4100037
6296	279.5
6297	279.519989
6298	279.6900024
6299	279.769989
6300	279.769989
6301	279.8299866
6302	279.6000061
6303	279.4599915
6304	279.3299866
6305	279.269989
6306	279.3500061
6307	279.4100037
6308	279.8099976
6309	279.8900146
6310	279.730011
6311	279.480011
6312	279.3099976
6313	279.3299866
6314	279.3699951
6315	279.230011
6316	279.25
6317	279.3500061
6318	279.4100037
6319	279.3900146
6320	279.5400085
6321	279.5599976
6322	279.6900024
6323	279.7900085
6324	279.8099976
6325	279.8099976
6326	279.6400146
6327	279.5400085
6328	279.480011
6329	279.6000061
6330	279.730011
6331	279.8099976
6332	279.8099976
6333	279.769989
6334	279.8299866
6335	279.8900146
6336	279.75
6337	279.75
6338	279.9400024
6339	279.9400024
6340	279.9200134
6341	279.9400024
6342	279.8500061
6343	279.769989
6344	279.6900024
6345	279.6900024
6346	279.6400146
6347	279.5599976
6348	279.6600037
6349	279.6600037
6350	279.6000061
6351	279.5599976
6352	279.6000061
6353	279.7099915
6354	279.75
6355	279.730011
6356	279.5599976
6357	279.730011
6358	279.7900085
6359	280.1000061
6360	280.0599976
6361	280.019989
6362	279.9400024
6363	279.9200134
6364	279.9200134
6365	279.8900146
6366	279.9200134
6367	279.8500061
6368	279.730011
6369	279.6400146
6370	279.75
6371	279.75
6372	279.7099915
6373	279.730011
6374	279.730011
6375	279.75
6376	279.519989
6377	279.4100037
6378	279.4599915
6379	279.8699951
6380	279.8900146
6381	279.9400024
6382	279.8900146
6383	279.7099915
6384	279.6600037
6385	279.6400146
6386	279.6199951
6387	279.6000061
6388	279.4100037
6389	279.2000122
6390	279.1799927
6391	279.2000122
6392	279.25
6393	279.3500061
6394	279.4599915
6395	279.3699951
6396	279.4100037
6397	279.4100037
6398	279.5599976
6399	279.6900024
6400	279.6900024
6401	279.8299866
6402	279.7099915
6403	279.7099915
6404	279.730011
6405	279.8500061
6406	279.8699951
6407	279.980011
6408	280.019989
6409	279.9599915
6410	279.9599915
6411	280.0799866
6412	280.0400085
6413	280
6414	279.980011
6415	280.0599976
6416	280.0400085
6417	280.0400085
6418	280.0400085
6419	280.1199951
6420	280.1199951
6421	280.019989
6422	279.769989
6423	279.7900085
6424	279.8299866
6425	280.1499939
6426	280.0799866
6427	279.8900146
6428	279.8500061
6429	279.8699951
6430	279.8900146
6431	279.8099976
6432	279.8500061
6433	279.8900146
6434	280.019989
6435	280.019989
6436	279.8900146
6437	279.6000061
6438	279.5799866
6439	279.730011
6440	279.6400146
6441	279.4599915
6442	279.4599915
6443	279.25
6444	279.1199951
6445	279.0599976
6446	278.9500122
6447	278.9100037
6448	278.8900146
6449	278.8900146
6450	278.9299927
6451	278.6799927
6452	278.4500122
6453	278.0299988
6454	277.5299988
6455	277.2200012
6456	276.8800049
6457	275.7999878
6458	275.4599915
6459	274.7099915
6460	274.0400085
6461	273.7000122
6462	273.3099976
6463	273.1199951
6464	273.0400085
6465	273.1400146
6466	273.2200012
6467	273.3699951
6468	273.4100037
6469	273.5599976
6470	273.5799866
6471	273.6799927
6472	273.8500061
6473	273.8099976
6474	273.8099976
6475	273.8500061
6476	273.9100037
6477	273.980011
6478	274.3699951
6479	274.519989
6480	274.5599976
6481	274.5599976
6482	274.6900024
6483	274.8500061
6484	274.9400024
6485	275.0799866
6486	275.2900085
6487	275.4200134
6488	275.4200134
6489	275.519989
6490	275.5
6491	275.6099854
6492	275.6900024
6493	275.75
6494	275.8200073
6495	275.8599854
6496	275.9599915
6497	276
6498	276.0499878
6499	276.1099854
6500	276.1499939
6501	276.1700134
6502	276.1700134
6503	276.0700073
6504	276.0299988
6505	276.0899963
6506	276.0899963
6507	276.2099915
6508	276.3200073
6509	276.3200073
6510	276.3399963
6511	276.3599854
6512	276.3599854
6513	276.3599854
6514	276.3200073
6515	276.3399963
6516	276.3800049
6517	276.5499878
6518	276.4200134
6519	276.3800049
6520	276.3800049
6521	276.3800049
6522	276.4400024
6523	276.4899902
6524	276.6099854
6525	276.6099854
6526	276.5299988
6527	276.5299988
6528	276.5499878
6529	276.5100098
6530	276.5899963
6531	276.5499878
6532	276.6499939
6533	276.8200073
6534	276.7999878
6535	276.9200134
6536	276.8599854
6537	276.7200012
6538	276.6300049
6539	276.5700073
6540	276.4599915
6541	276.4899902
6542	276.3999939
6543	276.2799988
6544	276.2999878
6545	276.2999878
6546	276.4599915
6547	276.4899902
6548	276.5100098
6549	276.5899963
6550	276.6099854
6551	276.6499939
6552	276.6499939
6553	276.9700012
6554	276.9200134
6555	276.9700012
6556	276.8599854
6557	276.8399963
6558	276.8399963
6559	276.8200073
6560	276.9899902
6561	276.9200134
6562	276.8599854
6563	276.7200012
6564	276.7600098
6565	276.7600098
6566	276.8200073
6567	276.8599854
6568	276.8800049
6569	276.8800049
6570	276.9700012
6571	276.9700012
6572	276.9500122
6573	276.9500122
6574	276.8999939
6575	276.9700012
6576	276.9700012
6577	276.9700012
6578	276.9500122
6579	276.8999939
6580	276.8800049
6581	276.7999878
6582	276.7200012
6583	276.6700134
6584	276.6700134
6585	276.7999878
6586	276.8800049
6587	276.8399963
6588	276.7999878
6589	276.8399963
6590	276.8800049
6591	276.8800049
6592	276.7600098
6593	276.7600098
6594	276.6900024
6595	276.7799988
6596	276.8999939
6597	276.8999939
6598	276.9500122
6599	276.8599854
6600	276.8599854
6601	276.9200134
6602	276.9500122
6603	276.9899902
6604	276.9200134
6605	276.8800049
6606	276.7600098
6607	276.7600098
6608	276.7999878
6609	276.7600098
6610	276.6900024
6611	276.7399902
6612	276.6900024
6613	276.7399902
6614	276.7799988
6615	276.7399902
6616	276.7399902
6617	276.8599854
6618	277.0499878
6619	277.1099854
6620	277.2999878
6621	277.2999878
6622	277.2200012
6623	277.2200012
6624	277.0899963
6625	277.0499878
6626	277.0899963
6627	277.0299988
6628	277.0100098
6629	277.0100098
6630	277.0899963
6631	276.9899902
6632	277.1099854
6633	277.1300049
6634	277.0299988
6635	277.0100098
6636	277.0299988
6637	276.9700012
6638	276.8200073
6639	276.8200073
6640	276.8200073
6641	276.8599854
6642	276.7399902
6643	276.6700134
6644	276.6700134
6645	276.7600098
6646	276.8399963
6647	276.9700012
6648	277.0100098
6649	276.9899902
6650	276.8200073
6651	276.8399963
6652	276.8599854
6653	276.9899902
6654	277.1099854
6655	277.1099854
6656	277.0899963
6657	276.9899902
6658	276.9899902
6659	277.0299988
6660	276.9899902
6661	276.9500122
6662	276.9500122
6663	276.8800049
6664	276.8599854
6665	276.8800049
6666	276.9200134
6667	277.0700073
6668	277.1300049
6669	277.0100098
6670	276.9899902
6671	277.0499878
6672	277.0299988
6673	276.9700012
6674	276.9700012
6675	276.9500122
6676	276.9200134
6677	276.7399902
6678	276.7999878
6679	276.7999878
6680	276.7600098
6681	276.6900024
6682	276.6900024
6683	276.7200012
6684	276.6700134
6685	276.6499939
6686	276.6900024
6687	276.6900024
6688	276.7600098
6689	276.8200073
6690	276.8599854
6691	276.8200073
6692	276.7399902
6693	276.7999878
6694	276.7999878
6695	276.8399963
6696	276.8399963
6697	276.8800049
6698	276.8599854
6699	276.8599854
6700	276.8999939
6701	276.8999939
6702	277.0100098
6703	277.0299988
6704	277.0499878
6705	277.0899963
6706	277.0700073
6707	277.0100098
6708	276.9500122
6709	276.9700012
6710	276.9500122
6711	276.8399963
6712	276.7200012
6713	276.6499939
6714	276.6099854
6715	276.6300049
6716	276.6700134
6717	276.7600098
6718	276.8599854
6719	276.8599854
6720	276.8999939
6721	276.9500122
6722	276.8399963
6723	276.8200073
6724	276.7799988
6725	276.7799988
6726	276.7799988
6727	276.6900024
6728	276.5700073
6729	276.5299988
6730	276.5499878
6731	276.7200012
6732	276.7799988
6733	276.7799988
6734	276.9200134
6735	277.1799927
6736	277.3599854
6737	277.5899963
6738	277.7399902
6739	277.7200012
6740	277.8900146
6741	278.1000061
6742	278.1199951
6743	278.0299988
6744	277.9700012
6745	278.0799866
6746	278.2399902
6747	278.4299927
6748	278.7000122
6749	278.7399902
6750	278.9100037
6751	279.019989
6752	278.9299927
6753	278.9299927
6754	279
6755	279.0799866
6756	279.269989
6757	279.3299866
6758	279.3299866
6759	279.3500061
6760	279.4100037
6761	279.3900146
6762	279.2900085
6763	279.2000122
6764	279.2900085
6765	279.2900085
6766	279.3900146
6767	279.269989
6768	279.2000122
6769	279.25
6770	279.25
6771	279.3299866
6772	279.3299866
6773	279.480011
6774	279.480011
6775	279.480011
6776	279.5
6777	279.480011
6778	279.3900146
6779	279.3299866
6780	279.1600037
6781	279.1400146
6782	279.25
6783	279.4100037
6784	279.5
6785	279.5
6786	279.480011
6787	279.4599915
6788	279.3500061
6789	279.3099976
6790	279.3099976
6791	279.3299866
6792	279.5
6793	279.480011
6794	279.4599915
6795	279.4299927
6796	279.3299866
6797	279.3299866
6798	279.3900146
6799	279.5599976
6800	279.6900024
6801	279.5799866
6802	279.4299927
6803	279.4100037
6804	279.4100037
6805	279.6400146
6806	279.75
6807	279.6600037
6808	279.7099915
6809	279.4599915
6810	279.3699951
6811	279.3500061
6812	279.25
6813	279.230011
6814	279.25
6815	279.4299927
6816	279.5799866
6817	279.5599976
6818	279.5
6819	279.519989
6820	279.5599976
6821	279.5
6822	279.3299866
6823	279.3299866
6824	279.4299927
6825	279.4599915
6826	279.4100037
6827	279.5599976
6828	279.7099915
6829	279.7099915
6830	279.4599915
6831	279.6199951
6832	279.5599976
6833	279.3500061
6834	279.5
6835	279.5799866
6836	279.5799866
6837	279.519989
6838	279.5799866
6839	279.6400146
6840	279.730011
6841	279.8500061
6842	280.1900024
6843	280.1900024
6844	280.019989
6845	279.9400024
6846	279.8900146
6847	279.8299866
6848	279.730011
6849	279.75
6850	279.6199951
6851	279.6600037
6852	279.6199951
6853	279.6400146
6854	279.7099915
6855	279.6900024
6856	279.6199951
6857	279.5799866
6858	279.7099915
6859	279.8099976
6860	280
6861	279.9599915
6862	279.8699951
6863	279.7900085
6864	279.9599915
6865	279.980011
6866	280
6867	279.9400024
6868	279.9400024
6869	279.8500061
6870	279.8500061
6871	279.769989
6872	279.8699951
6873	279.9599915
6874	279.9599915
6875	279.9599915
6876	279.8699951
6877	279.730011
6878	279.75
6879	279.6199951
6880	279.6600037
6881	279.7099915
6882	279.730011
6883	279.7099915
6884	279.480011
6885	279.3900146
6886	279.3500061
6887	279.2900085
6888	279.3900146
6889	279.4599915
6890	279.6600037
6891	279.7099915
6892	279.7900085
6893	279.8299866
6894	279.75
6895	279.7099915
6896	279.730011
6897	279.769989
6898	279.6400146
6899	279.769989
6900	279.769989
6901	279.8500061
6902	279.6900024
6903	279.5599976
6904	279.5400085
6905	279.7099915
6906	279.980011
6907	279.980011
6908	279.75
6909	279.8500061
6910	279.9200134
6911	279.5799866
6912	279.2900085
6913	279.0799866
6914	279.0799866
6915	278.769989
6916	278.6600037
6917	278.7200012
6918	278.8699951
6919	279
6920	279.1199951
6921	279.1600037
6922	279
6923	278.8500061
6924	278.6199951
6925	278.4100037
6926	278.3299866
6927	278.1400146
6928	277.8900146
6929	276.9700012
6930	276.5700073
6931	275.75
6932	274.730011
6933	274.3500061
6934	273.7900085
6935	273.5599976
6936	273.1199951
6937	272.8900146
6938	272.7000122
6939	272.7000122
6940	272.7799988
6941	272.8699951
6942	272.8900146
6943	272.9700012
6944	273.1799927
6945	273.4299927
6946	273.4299927
6947	274
6948	274.1600037
6949	274.25
6950	274.3900146
6951	274.4599915
6952	274.4400024
6953	274.5
6954	274.8099976
6955	274.8999939
6956	274.980011
6957	275.0599976
6958	275.1300049
6959	275.1099854
6960	275.0799866
6961	275.019989
6962	275.019989
6963	275.1700134
6964	275.3399963
6965	275.4200134
6966	275.6300049
6967	275.730011
6968	275.8599854
6969	275.9599915
6970	276.1700134
6971	276.1700134
6972	276.1499939
6973	276.1499939
6974	276.1099854
6975	276
6976	276.0700073
6977	276.230011
6978	276.230011
6979	276.1300049
6980	276.1900024
6981	276.230011
6982	276.2799988
6983	276.3800049
6984	276.4200134
6985	276.4200134
6986	276.5299988
6987	276.5299988
6988	276.5299988
6989	276.5499878
6990	276.5299988
6991	276.4899902
6992	276.5299988
6993	276.4599915
6994	276.4200134
6995	276.3800049
6996	276.3599854
6997	276.4599915
6998	276.5299988
6999	276.6700134
7000	276.8200073
7001	276.8999939
7002	276.8599854
7003	276.8599854
7004	276.8599854
7005	276.7799988
7006	276.6499939
7007	276.5700073
7008	276.5700073
7009	276.5700073
7010	276.5700073
7011	276.6700134
7012	276.8200073
7013	276.8200073
7014	276.7799988
7015	276.7999878
7016	276.6099854
7017	276.6099854
7018	276.5700073
7019	276.7399902
7020	276.6900024
7021	276.7399902
7022	276.7799988
7023	276.6900024
7024	276.6900024
7025	276.6300049
7026	276.6099854
7027	276.5299988
7028	276.5899963
7029	276.6700134
7030	276.7600098
7031	276.6900024
7032	276.6499939
7033	276.6900024
7034	276.6499939
7035	276.6499939
7036	276.6099854
7037	276.6300049
7038	276.6900024
7039	276.8200073
7040	276.8999939
7041	277.0299988
7042	277.1099854
7043	277.1099854
7044	277.1799927
7045	277.1300049
7046	276.9899902
7047	277.0100098
7048	276.8999939
7049	276.8999939
7050	276.8200073
7051	276.8800049
7052	276.8800049
7053	276.9700012
7054	277.1099854
7055	277.2399902
7056	277.2399902
7057	277.2200012
7058	277.1499939
7059	277.0499878
7060	276.9500122
7061	276.9200134
7062	276.9700012
7063	276.8399963
7064	276.8399963
7065	276.8800049
7066	276.8999939
7067	276.9899902
7068	276.9700012
7069	276.8999939
7070	276.8999939
7071	276.8599854
7072	276.8399963
7073	276.7999878
7074	276.9500122
7075	276.9500122
7076	277.0100098
7077	276.9899902
7078	276.9700012
7079	276.8399963
7080	276.8200073
7081	276.8200073
7082	276.8200073
7083	276.7600098
7084	276.6900024
7085	276.7200012
7086	276.8399963
7087	276.8399963
7088	276.8399963
7089	276.8200073
7090	276.7600098
7091	276.6700134
7092	276.7200012
7093	276.7399902
7094	276.7799988
7095	276.7799988
7096	276.9899902
7097	277.1300049
7098	277.0499878
7099	276.9200134
7100	276.9500122
7101	276.9200134
7102	276.9200134
7103	276.8599854
7104	276.8800049
7105	276.8999939
7106	277.0700073
7107	277.0899963
7108	277.0700073
7109	277.0899963
7110	277.0499878
7111	277.0100098
7112	277.0499878
7113	277.0700073
7114	277.0499878
7115	277.0700073
7116	277.1099854
7117	277.0499878
7118	277.1300049
7119	277.0700073
7120	277.0700073
7121	277.0499878
7122	277.1099854
7123	277.1799927
7124	277.3200073
7125	277.4100037
7126	277.2600098
7127	277.2600098
7128	277.2200012
7129	277.2399902
7130	277.3200073
7131	277.2200012
7132	277.1499939
7133	277.1099854
7134	277.0899963
7135	277.1799927
7136	277.2200012
7137	277.2600098
7138	277.1099854
7139	277.1499939
7140	277.1300049
7141	277.1099854
7142	276.8999939
7143	276.8599854
7144	276.8399963
7145	276.9200134
7146	276.9700012
7147	277.1499939
7148	277.1099854
7149	277.0899963
7150	276.9899902
7151	277.0499878
7152	277.0700073
7153	277.0499878
7154	276.9899902
7155	277.0100098
7156	277.0499878
7157	277.0499878
7158	276.9899902
7159	276.9899902
7160	276.9700012
7161	277.0299988
7162	276.8999939
7163	276.8200073
7164	276.7600098
7165	276.7399902
7166	276.7399902
7167	276.8200073
7168	276.8999939
7169	276.8999939
7170	276.8999939
7171	276.8800049
7172	277.0100098
7173	276.9700012
7174	276.9500122
7175	276.9899902
7176	277.0299988
7177	277.0499878
7178	277.0100098
7179	276.9899902
7180	276.9700012
7181	276.8999939
7182	276.8599854
7183	276.8200073
7184	276.8200073
7185	276.8399963
7186	276.8200073
7187	276.7600098
7188	276.6499939
7189	276.4599915
7190	276.4899902
7191	276.4899902
7192	276.6700134
7193	276.8200073
7194	276.8800049
7195	276.8999939
7196	276.9700012
7197	276.9200134
7198	276.9200134
7199	276.9500122
7200	276.7999878
7201	276.7600098
7202	276.7999878
7203	276.9500122
7204	277.0700073
7205	277.0700073
7206	277.0700073
7207	277.0499878
7208	277.2200012
7209	277.7000122
7210	277.9700012
7211	277.9899902
7212	277.9899902
7213	277.8200073
7214	277.8699951
7215	278.1400146
7216	278.4100037
7217	278.4700012
7218	278.6000061
7219	278.5799866
7220	278.8299866
7221	279.2900085
7222	279.4299927
7223	279.230011
7224	279.1799927
7225	279.25
7226	279.25
7227	279.3099976
7228	279.3699951
7229	279.4599915
7230	279.4599915
7231	279.4100037
7232	279.3699951
7233	279.4100037
7234	279.6900024
7235	279.769989
7236	279.8900146
7237	279.8900146
7238	279.7900085
7239	279.730011
7240	279.75
7241	279.769989
7242	279.980011
7243	280.1000061
7244	280.0599976
7245	279.9599915
7246	279.9200134
7247	279.7900085
7248	279.9200134
7249	280
7250	280.1000061
7251	280.230011
7252	279.980011
7253	279.9400024
7254	279.9400024
7255	279.9400024
7256	279.8900146
7257	279.8699951
7258	279.8099976
7259	279.730011
7260	279.730011
7261	279.8900146
7262	279.8900146
7263	280.0400085
7264	280.0599976
7265	280.019989
7266	280.0799866
7267	280.1499939
7268	280.0799866
7269	280.0799866
7270	280.1199951
7271	280.3099976
7272	280.3800049
7273	280.4200134
7274	280.3099976
7275	280.0599976
7276	280.0599976
7277	279.980011
7278	280.2099915
7279	280.2900085
7280	280.1000061
7281	280.019989
7282	280.0599976
7283	279.980011
7284	279.6400146
7285	279.5599976
7286	279.5400085
7287	279.6900024
7288	279.6400146
7289	279.6600037
7290	279.7900085
7291	279.8099976
7292	279.8699951
7293	279.9400024
7294	279.7900085
7295	279.8299866
7296	279.8099976
7297	279.8099976
7298	279.7099915
7299	279.5400085
7300	279.6900024
7301	279.6900024
7302	279.730011
7303	279.6900024
7304	279.6400146
7305	279.6199951
7306	279.5400085
7307	279.480011
7308	279.480011
7309	279.0799866
7310	279.230011
7311	279.2900085
7312	279.4100037
7313	279.3900146
7314	279.4100037
7315	279.4599915
7316	279.4599915
7317	279.5
7318	279.4599915
7319	279.6000061
7320	279.8699951
7321	279.8099976
7322	279.75
7323	279.519989
7324	279.5400085
7325	279.4599915
7326	279.519989
7327	279.480011
7328	279.6000061
7329	279.6000061
7330	279.6400146
7331	279.6000061
7332	279.4299927
7333	279.4299927
7334	279.1400146
7335	279.1799927
7336	279.2000122
7337	279.1400146
7338	279.5599976
7339	279.6600037
7340	279.6600037
7341	279.4599915
7342	279.6000061
7343	279.6600037
7344	279.6900024
7345	279.769989
7346	279.8699951
7347	279.8699951
7348	279.8099976
7349	279.8500061
7350	279.75
7351	279.8900146
7352	279.8299866
7353	279.8900146
7354	279.9400024
7355	280.0400085
7356	279.9599915
7357	279.8500061
7358	279.9400024
7359	279.6900024
7360	279.6000061
7361	279.5799866
7362	279.8099976
7363	279.9400024
7364	280
7365	280.230011
7366	280.1700134
7367	280.0799866
7368	280.0799866
7369	279.9200134
7370	279.8299866
7371	279.6900024
7372	279.6900024
7373	279.769989
7374	279.7099915
7375	279.7900085
7376	280.2099915
7377	280.1499939
7378	279.980011
7379	279.980011
7380	280.0400085
7381	279.8500061
7382	279.8500061
7383	279.9200134
7384	279.980011
7385	280.1000061
7386	280.1000061
7387	279.769989
7388	279.519989
7389	279.3500061
7390	279.2000122
7391	279.1199951
7392	279.1400146
7393	279.1400146
7394	279
7395	278.9700012
7396	278.8500061
7397	278.8299866
7398	278.769989
7399	278.4299927
7400	278.1799927
7401	277.4700012
7402	276.6099854
7403	275.730011
7404	274.7099915
7405	274.25
7406	273.519989
7407	273.2000122
7408	272.8099976
7409	272.5299988
7410	272.3399963
7411	272.3399963
7412	272.2399902
7413	272.4299927
7414	272.5499878
7415	272.7799988
7416	273.0100098
7417	273.1600037
7418	273.1600037
7419	273.3699951
7420	273.5599976
7421	273.7000122
7422	273.9299927
7423	274.1600037
7424	274.1600037
7425	274.269989
7426	274.3299866
7427	274.3699951
7428	274.6499939
7429	274.7900085
7430	274.980011
7431	275.2099915
7432	275.3399963
7433	275.6700134
7434	275.6300049
7435	275.6700134
7436	275.6700134
7437	275.75
7438	275.8200073
7439	275.8599854
7440	275.8599854
7441	275.7999878
7442	275.8200073
7443	275.8200073
7444	275.8599854
7445	275.9599915
7446	276
7447	276
7448	276.1900024
7449	276.1499939
7450	276.1499939
7451	276.1700134
7452	276.1700134
7453	276.1499939
7454	276.0499878
7455	276.1499939
7456	276.0700073
7457	276.0700073
7458	276.0299988
7459	275.980011
7460	276
7461	276.0700073
7462	276.3999939
7463	276.3800049
7464	276.4400024
7465	276.5299988
7466	276.4599915
7467	276.3999939
7468	276.3800049
7469	276.4200134
7470	276.3599854
7471	276.3999939
7472	276.4400024
7473	276.3999939
7474	276.5899963
7475	276.6099854
7476	276.5299988
7477	276.5299988
7478	276.5700073
7479	276.6300049
7480	276.6099854
7481	276.5899963
7482	276.5899963
7483	276.8800049
7484	276.9200134
7485	276.8999939
7486	276.7799988
7487	276.7399902
7488	276.6900024
7489	276.6900024
7490	276.6900024
7491	276.7600098
7492	276.7600098
7493	276.9700012
7494	277.0299988
7495	277.0299988
7496	276.9899902
7497	277.0100098
7498	276.8999939
7499	276.8200073
7500	276.7799988
7501	276.7399902
7502	276.7399902
7503	276.6900024
7504	276.6499939
7505	276.6700134
7506	276.6099854
7507	276.5100098
7508	276.5700073
7509	276.5700073
7510	276.6300049
7511	276.8200073
7512	276.8399963
7513	276.8599854
7514	276.8599854
7515	277.0100098
7516	277.0499878
7517	277.1099854
7518	277.0700073
7519	276.9899902
7520	276.8800049
7521	276.8800049
7522	276.9899902
7523	276.9899902
7524	277.0299988
7525	277.0100098
7526	276.8999939
7527	276.8599854
7528	276.8599854
7529	276.7799988
7530	276.7399902
7531	276.8399963
7532	276.7799988
7533	276.7799988
7534	276.7999878
7535	276.7399902
7536	276.7399902
7537	276.7799988
7538	276.7799988
7539	276.6099854
7540	276.7200012
7541	276.6700134
7542	276.7200012
7543	276.7200012
7544	276.7799988
7545	276.7999878
7546	276.7600098
7547	276.7600098
7548	276.7200012
7549	276.7600098
7550	276.8599854
7551	276.8599854
7552	276.8999939
7553	276.8999939
7554	276.8599854
7555	276.7999878
7556	276.7399902
7557	276.7999878
7558	276.7799988
7559	276.7999878
7560	276.7999878
7561	276.9200134
7562	276.9899902
7563	277.0100098
7564	276.9200134
7565	276.8399963
7566	276.8200073
7567	276.7999878
7568	276.8200073
7569	277.0899963
7570	277.1300049
7571	277.2000122
7572	277.2399902
7573	277.2600098
7574	277.2799988
7575	276.9200134
7576	276.8800049
7577	276.7600098
7578	276.8200073
7579	276.7799988
7580	276.7999878
7581	276.8399963
7582	276.8800049
7583	276.8800049
7584	276.8999939
7585	276.8999939
7586	277.0299988
7587	276.9700012
7588	277.0100098
7589	276.9200134
7590	276.8999939
7591	276.9200134
7592	276.9200134
7593	276.8999939
7594	276.8399963
7595	276.8399963
7596	276.7799988
7597	276.6900024
7598	276.6900024
7599	276.6900024
7600	276.6700134
7601	276.6300049
7602	276.5899963
7603	276.5700073
7604	276.6499939
7605	276.7600098
7606	276.7600098
7607	276.9200134
7608	276.9700012
7609	277.1099854
7610	277.1499939
7611	277.1300049
7612	277.0899963
7613	276.9899902
7614	276.9500122
7615	276.9700012
7616	276.8800049
7617	276.8800049
7618	276.9700012
7619	276.9700012
7620	276.8999939
7621	276.9500122
7622	277.1300049
7623	277.1300049
7624	277.1300049
7625	277.0899963
7626	277.0499878
7627	277.0299988
7628	277.0700073
7629	277.0899963
7630	277.0899963
7631	277.0899963
7632	277.0700073
7633	276.9200134
7634	276.9899902
7635	276.9700012
7636	276.9899902
7637	276.9700012
7638	276.9700012
7639	277.0299988
7640	277.0299988
7641	276.9899902
7642	276.8399963
7643	276.8800049
7644	276.8399963
7645	276.8399963
7646	277.0100098
7647	277.0299988
7648	277.0700073
7649	277.1099854
7650	277.0899963
7651	277.0899963
7652	277.1099854
7653	277.0100098
7654	277.0299988
7655	277.0700073
7656	277.1099854
7657	277.1799927
7658	277.1499939
7659	277.1799927
7660	277.2200012
7661	277.1499939
7662	277.1099854
7663	277.1099854
7664	276.8999939
7665	276.8800049
7666	276.9200134
7667	276.8200073
7668	276.7600098
7669	276.7399902
7670	276.7399902
7671	276.8200073
7672	276.9200134
7673	276.9200134
7674	276.8599854
7675	276.8999939
7676	276.8999939
7677	276.9899902
7678	276.9899902
7679	277.0100098
7680	276.9200134
7681	277.0499878
7682	277.2600098
7683	277.3900146
7684	277.5700073
7685	277.7399902
7686	277.6600037
7687	277.6199951
7688	277.7399902
7689	277.7999878
7690	278.0100098
7691	277.9700012
7692	278.1400146
7693	278.4299927
7694	278.6400146
7695	278.6400146
7696	278.8699951
7697	279.0599976
7698	279.1199951
7699	279.019989
7700	279.1000061
7701	279.0599976
7702	279.0599976
7703	279.25
7704	279.4100037
7705	279.4299927
7706	279.4100037
7707	279.5799866
7708	279.6400146
7709	279.6400146
7710	279.519989
7711	279.5799866
7712	279.6000061
7713	279.5599976
7714	279.5
7715	279.519989
7716	279.519989
7717	279.7099915
7718	279.6000061
7719	279.4599915
7720	279.4599915
7721	279.4599915
7722	279.5799866
7723	279.6000061
7724	279.6400146
7725	279.8699951
7726	280
7727	279.9200134
7728	279.8299866
7729	279.5400085
7730	279.5599976
7731	279.5599976
7732	279.75
7733	279.6199951
7734	279.6199951
7735	279.7099915
7736	279.9400024
7737	279.8699951
7738	279.5599976
7739	279.3699951
7740	279.5799866
7741	279.5799866
7742	279.6600037
7743	279.7099915
7744	279.6199951
7745	279.5599976
7746	279.480011
7747	279.5400085
7748	279.5799866
7749	279.7099915
7750	279.5599976
7751	279.519989
7752	279.519989
7753	279.5799866
7754	279.7099915
7755	279.769989
7756	279.730011
7757	279.730011
7758	279.5799866
7759	279.3699951
7760	279.3099976
7761	279.5
7762	279.5400085
7763	279.6400146
7764	279.7099915
7765	279.7099915
7766	279.7099915
7767	279.519989
7768	279.480011
7769	279.6199951
7770	279.8099976
7771	280
7772	280.1199951
7773	280.1199951
7774	279.8099976
7775	279.769989
7776	279.75
7777	279.6000061
7778	279.7099915
7779	279.6600037
7780	279.6600037
7781	279.4100037
7782	279.3699951
7783	279.480011
7784	279.4100037
7785	279.3099976
7786	279.3099976
7787	279.3099976
7788	279.4100037
7789	279.480011
7790	279.4599915
7791	279.4299927
7792	279.4599915
7793	279.5
7794	279.5400085
7795	279.7099915
7796	279.6900024
7797	279.75
7798	279.7099915
7799	279.7099915
7800	279.7900085
7801	279.7900085
7802	279.8299866
7803	279.8900146
7804	279.9400024
7805	279.9400024
7806	279.9200134
7807	279.9200134
7808	279.8900146
7809	279.7900085
7810	279.8699951
7811	279.8900146
7812	279.8900146
7813	279.6199951
7814	279.7900085
7815	279.8099976
7816	279.8500061
7817	279.8099976
7818	279.8299866
7819	279.8299866
7820	279.6900024
7821	279.6199951
7822	279.5799866
7823	279.730011
7824	279.7900085
7825	279.769989
7826	279.6900024
7827	279.4100037
7828	279.4299927
7829	279.6900024
7830	279.8900146
7831	279.9599915
7832	279.9400024
7833	279.9400024
7834	279.8699951
7835	280
7836	280.019989
7837	280.019989
7838	280
7839	279.730011
7840	279.730011
7841	279.6600037
7842	279.519989
7843	279.7900085
7844	279.7900085
7845	279.8099976
7846	279.75
7847	279.730011
7848	279.8099976
7849	279.8099976
7850	279.6400146
7851	279.6400146
7852	279.3900146
7853	279.480011
7854	279.519989
7855	279.4299927
7856	279.5
7857	279.5799866
7858	279.6600037
7859	279.6000061
7860	279.519989
7861	279.3900146
7862	279.2000122
7863	279.1600037
7864	279.019989
7865	279.019989
7866	279.1000061
7867	279.1600037
7868	279.2000122
7869	279
7870	278.8500061
7871	278.6000061
7872	278.4299927
7873	277.7799988
7874	277.1300049
7875	276.5700073
7876	276.5700073
7877	275.6499939
7878	274.8299866
7879	274.3900146
7880	273.5400085
7881	273.0100098
7882	272.6400146
7883	272.6400146
7884	272.5100098
7885	272.6799927
7886	272.7799988
7887	272.9500122
7888	273.1000061
7889	273.1799927
7890	273.2900085
7891	273.5599976
7892	273.7000122
7893	273.8500061
7894	273.8699951
7895	274.019989
7896	274.0400085
7897	274.1199951
7898	274.269989
7899	274.3900146
7900	274.5799866
7901	274.730011
7902	274.7900085
7903	274.9400024
7904	275.019989
7905	275.0400085
7906	275.1499939
7907	275.1499939
7908	275.1900024
7909	275.25
7910	275.3099976
7911	275.4599915
7912	275.730011
7913	275.75
7914	275.7099915
7915	275.7099915
7916	275.730011
7917	275.75
7918	275.769989
7919	275.9200134
7920	275.9599915
7921	276.1099854
7922	276.1099854
7923	276.1300049
7924	276.1700134
7925	276.1300049
7926	276.1700134
7927	276.2099915
7928	276.1499939
7929	276.2099915
7930	276.1700134
7931	276.1900024
7932	276.2600098
7933	276.2099915
7934	276.1700134
7935	276.1700134
7936	276.1099854
7937	276.230011
7938	276.2099915
7939	276.3599854
7940	276.3800049
7941	276.4200134
7942	276.4200134
7943	276.3999939
7944	276.4200134
7945	276.4200134
7946	276.3800049
7947	276.3800049
7948	276.3800049
7949	276.3999939
7950	276.4400024
7951	276.5100098
7952	276.5499878
7953	276.6900024
7954	276.6900024
7955	276.7399902
7956	276.5899963
7957	276.6300049
7958	276.6099854
7959	276.6300049
7960	276.6300049
7961	276.6300049
7962	276.7999878
7963	276.8599854
7964	276.8200073
7965	276.6900024
7966	276.6900024
7967	276.6900024
7968	276.7399902
7969	276.7600098
7970	276.7999878
7971	276.7999878
7972	276.7600098
7973	276.7600098
7974	276.8200073
7975	276.7999878
7976	276.8999939
7977	276.9899902
7978	276.8999939
7979	276.7799988
7980	276.7999878
7981	276.7600098
7982	276.6900024
7983	276.7600098
7984	276.8399963
7985	276.8800049
7986	276.8800049
7987	277.0299988
7988	276.9700012
7989	276.9700012
7990	276.8599854
7991	276.8800049
7992	276.9500122
7993	276.9500122
7994	276.9500122
7995	276.9200134
7996	276.8999939
7997	276.8399963
7998	276.9200134
7999	276.9700012
8000	277.0100098
8001	277.0100098
8002	277.0100098
8003	276.9500122
8004	276.9500122
8005	276.9200134
8006	276.8599854
8007	276.8599854
8008	276.8200073
8009	276.8599854
8010	276.8599854
8011	276.8399963
8012	276.8200073
8013	276.7799988
8014	276.7999878
8015	276.8800049
8016	276.8999939
8017	276.8999939
8018	276.8999939
8019	276.8200073
8020	276.7999878
8021	276.8399963
8022	276.9500122
8023	276.9200134
8024	276.8800049
8025	276.8800049
8026	276.7399902
8027	276.6900024
8028	276.7799988
8029	276.8599854
8030	276.8800049
8031	276.8599854
8032	276.8599854
8033	276.7999878
8034	276.8399963
8035	276.8399963
8036	276.8399963
8037	276.8800049
8038	276.8800049
8039	276.8599854
8040	276.8800049
8041	276.9500122
8042	276.9899902
8043	277.1099854
8044	277.1799927
8045	277.1799927
8046	277.1099854
8047	277.0499878
8048	276.9700012
8049	276.8800049
8050	276.8800049
8051	276.8599854
8052	276.8599854
8053	276.8599854
8054	276.9200134
8055	276.8599854
8056	276.8999939
8057	276.8999939
8058	277.0299988
8059	276.8399963
8060	276.8999939
8061	276.9200134
8062	277.0100098
8063	277.0100098
8064	277.0100098
8065	276.8800049
8066	276.8399963
8067	276.8599854
8068	276.8200073
8069	276.8399963
8070	276.8200073
8071	276.8399963
8072	276.9200134
8073	276.9500122
8074	276.9899902
8075	277.0700073
8076	277.0299988
8077	276.9899902
8078	276.9500122
8079	276.8200073
8080	276.8200073
8081	276.7799988
8082	276.7200012
8083	276.7399902
8084	276.7999878
8085	276.7999878
8086	276.7999878
8087	276.7999878
8088	276.7200012
8089	276.7200012
8090	276.8399963
8091	277.0499878
8092	277.1300049
8093	277.1499939
8094	276.9899902
8095	276.7999878
8096	276.7999878
8097	276.8800049
8098	276.9700012
8099	277.0100098
8100	276.9500122
8101	276.8399963
8102	276.7200012
8103	276.7200012
8104	276.7999878
8105	276.8200073
8106	276.8999939
8107	276.9500122
8108	277.0100098
8109	277.0499878
8110	277.0499878
8111	276.9700012
8112	276.9200134
8113	276.8999939
8114	276.8999939
8115	276.9200134
8116	276.8999939
8117	276.8800049
8118	276.7399902
8119	276.7799988
8120	276.9200134
8121	276.9700012
8122	276.9200134
8123	276.8999939
8124	276.9700012
8125	277.1300049
8126	277.2000122
8127	277.1300049
8128	277.1300049
8129	277.0499878
8130	277.0299988
8131	277.0299988
8132	277.0299988
8133	277.0499878
8134	276.9200134
8135	276.9200134
8136	276.8599854
8137	276.8399963
8138	276.7999878
8139	276.7399902
8140	276.6900024
8141	276.6099854
8142	276.6099854
8143	276.5899963
8144	276.5899963
8145	276.6300049
8146	276.6499939
8147	276.6499939
8148	276.6499939
8149	276.6099854
8150	276.7200012
8151	276.7799988
8152	276.9500122
8153	276.9700012
8154	276.9500122
8155	277.3900146
8156	277.6199951
8157	277.7399902
8158	277.7200012
8159	277.6799927
8160	277.5700073
8161	277.6600037
8162	277.7600098
8163	277.9700012
8164	277.9700012
8165	277.9700012
8166	278.2000122
8167	278.2000122
8168	278.6000061
8169	278.6799927
8170	278.6199951
8171	278.7000122
8172	279.0400085
8173	279.2000122
8174	279.2000122
8175	279.5
8176	279.4599915
8177	279.4299927
8178	279.269989
8179	279.25
8180	279.2900085
8181	279.1799927
8182	279.3500061
8183	279.3699951
8184	279.25
8185	279.230011
8186	279.269989
8187	279.3699951
8188	279.3299866
8189	279.2900085
8190	279.3299866
8191	279.5
8192	279.4299927
8193	279.3500061
8194	279.3299866
8195	279.269989
8196	279.1000061
8197	279.0400085
8198	279.25
8199	279.25
8200	279.6000061
8201	279.8099976
8202	279.8500061
8203	280
8204	280.1199951
8205	280.1000061
8206	280.1000061
8207	279.769989
8208	279.6400146
8209	279.5799866
8210	279.519989
8211	279.3900146
8212	279.3500061
8213	279.3900146
8214	279.3699951
8215	279.2900085
8216	279.1799927
8217	279.2900085
8218	279.4599915
8219	279.6199951
8220	279.7900085
8221	279.9599915
8222	279.8699951
8223	279.7099915
8224	279.6400146
8225	279.6900024
8226	279.75
8227	279.8299866
8228	279.8500061
8229	279.9200134
8230	279.8099976
8231	279.6600037
8232	279.6199951
8233	279.6600037
8234	279.6199951
8235	279.480011
8236	279.5400085
8237	279.75
8238	279.75
8239	279.8699951
8240	279.7900085
8241	279.8099976
8242	279.6600037
8243	279.6000061
8244	279.5599976
8245	279.5599976
8246	279.6900024
8247	279.7900085
8248	279.8299866
8249	279.8900146
8250	279.9599915
8251	279.9400024
8252	279.8900146
8253	280.0599976
8254	279.980011
8255	279.9400024
8256	279.769989
8257	279.730011
8258	279.6400146
8259	279.5799866
8260	279.7099915
8261	279.769989
8262	279.8099976
8263	279.8299866
8264	279.8500061
8265	279.6600037
8266	279.519989
8267	279.3699951
8268	279.3699951
8269	279.730011
8270	279.730011
8271	279.6900024
8272	279.6000061
8273	279.7099915
8274	279.8699951
8275	279.769989
8276	279.6199951
8277	279.6199951
8278	279.6600037
8279	279.7099915
8280	279.6600037
8281	279.6400146
8282	279.6400146
8283	279.6900024
8284	279.6900024
8285	279.8299866
8286	279.9200134
8287	279.9200134
8288	280
8289	279.8699951
8290	279.7900085
8291	279.75
8292	279.5799866
8293	279.5400085
8294	279.5599976
8295	279.6199951
8296	279.6400146
8297	279.6199951
8298	279.519989
8299	279.2900085
8300	279.269989
8301	279.4100037
8302	279.6199951
8303	279.7099915
8304	279.9400024
8305	279.9200134
8306	279.75
8307	279.6900024
8308	279.6199951
8309	279.6199951
8310	279.3099976
8311	279.4599915
8312	279.5
8313	279.6900024
8314	279.769989
8315	279.6400146
8316	279.6400146
8317	279.8699951
8318	279.8099976
8319	279.8299866
8320	279.6400146
8321	279.5799866
8322	279.5799866
8323	279.5799866
8324	279.5799866
8325	279.5400085
8326	279.25
8327	279.3099976
8328	279.3099976
8329	279.3099976
8330	279.4299927
8331	279.4599915
8332	279.4100037
8333	279.3099976
8334	279.1799927
8335	279.0799866
8336	279
8337	278.9299927
8338	278.8699951
8339	278.8099976
8340	278.8099976
8341	278.8099976
8342	278.8299866
8343	278.6600037
8344	278.5400085
8345	278.1600037
8346	277.7799988
8347	277.3900146
8348	277.3900146
8349	276.230011
8350	275.1900024
8351	274.730011
8352	273.8299866
8353	273.2000122
8354	272.8500061
8355	272.8500061
8356	272.4700012
8357	272.2600098
8358	272.2200012
8359	272.4500122
8360	272.6000061
8361	272.6400146
8362	272.6600037
8363	272.8500061
8364	272.9100037
8365	272.9500122
8366	273.0599976
8367	273.1600037
8368	273.3900146
8369	273.5400085
8370	273.8900146
8371	274
8372	274.1400146
8373	274.269989
8374	274.3099976
8375	274.519989
8376	274.6199951
8377	274.75
8378	274.8999939
8379	275.019989
8380	275.019989
8381	275.25
8382	275.3999939
8383	275.3999939
8384	275.519989
8385	275.519989
8386	275.480011
8387	275.480011
8388	275.519989
8389	275.5
8390	275.480011
8391	275.5
8392	275.5899963
8393	275.5700073
8394	275.6499939
8395	275.6900024
8396	275.769989
8397	275.8399963
8398	275.9599915
8399	276
8400	276.1499939
8401	276.1300049
8402	276.2999878
8403	276.2099915
8404	276.3599854
8405	276.3200073
8406	276.3200073
8407	276.230011
8408	276.2999878
8409	276.230011
8410	276.2799988
8411	276.3800049
8412	276.3800049
8413	276.4400024
8414	276.4599915
8415	276.5100098
8416	276.5299988
8417	276.4599915
8418	276.4200134
8419	276.4200134
8420	276.2999878
8421	276.3599854
8422	276.3200073
8423	276.3399963
8424	276.3200073
8425	276.4899902
8426	276.4899902
8427	276.6099854
8428	276.6300049
8429	276.6300049
8430	276.5499878
8431	276.4899902
8432	276.5299988
8433	276.5100098
8434	276.5700073
8435	276.5899963
8436	276.6300049
8437	276.5899963
8438	276.5700073
8439	276.5700073
8440	276.5499878
8441	276.6099854
8442	276.6300049
8443	276.6900024
8444	276.7200012
8445	276.8399963
8446	276.7999878
8447	276.8200073
8448	276.8800049
8449	277.1099854
8450	277.0299988
8451	277.0299988
8452	276.7799988
8453	276.6300049
8454	276.6300049
8455	276.5700073
8456	276.6099854
8457	276.6099854
8458	276.6099854
8459	276.7200012
8460	276.8800049
8461	276.9500122
8462	277.0100098
8463	276.9200134
8464	276.8200073
8465	276.8200073
8466	276.8200073
8467	276.8800049
8468	276.8800049
8469	276.8599854
8470	276.8800049
8471	276.8800049
8472	276.8399963
8473	276.6700134
8474	276.6300049
8475	276.6900024
8476	276.6900024
8477	276.7200012
8478	276.7600098
8479	276.7200012
8480	276.7999878
8481	276.9200134
8482	276.9500122
8483	276.9700012
8484	276.9899902
8485	276.9899902
8486	277.0100098
8487	276.9500122
8488	276.9500122
8489	276.9700012
8490	276.9700012
8491	276.9200134
8492	276.8800049
8493	276.8599854
8494	276.7600098
8495	276.6099854
8496	276.6300049
8497	276.6300049
8498	276.5700073
8499	276.5700073
8500	276.5899963
8501	276.5700073
8502	276.4599915
8503	276.5299988
8504	276.5700073
8505	276.7600098
8506	276.7799988
8507	276.8399963
8508	276.7999878
8509	276.8599854
8510	276.8800049
8511	276.9200134
8512	276.8200073
8513	276.7600098
8514	276.7399902
8515	276.7200012
8516	276.7399902
8517	276.7200012
8518	276.7200012
8519	276.7399902
8520	276.8599854
8521	276.8599854
8522	276.8599854
8523	276.9500122
8524	276.8599854
8525	276.8800049
8526	276.8800049
8527	276.9500122
8528	276.9700012
8529	276.9700012
8530	277.0700073
8531	277.0299988
8532	277.0100098
8533	277.0100098
8534	276.8599854
8535	276.8800049
8536	276.8800049
8537	276.8999939
8538	277.0100098
8539	276.9500122
8540	276.9200134
8541	276.8800049
8542	276.8800049
8543	276.8599854
8544	276.8599854
8545	276.8599854
8546	276.8399963
8547	276.9700012
8548	277.0100098
8549	276.8999939
8550	276.9200134
8551	277.0100098
8552	277.0299988
8553	277.0100098
8554	276.9500122
8555	276.9500122
8556	276.8999939
8557	276.9500122
8558	276.8599854
8559	276.7999878
8560	276.7600098
8561	276.7600098
8562	276.7399902
8563	276.7200012
8564	276.6900024
8565	276.7200012
8566	276.6700134
8567	276.6900024
8568	276.6900024
8569	276.7200012
8570	276.6499939
8571	276.6300049
8572	276.7600098
8573	276.7799988
8574	276.8399963
8575	276.8999939
8576	276.9500122
8577	276.8999939
8578	276.8599854
8579	277.0299988
8580	277.0299988
8581	276.9700012
8582	276.9500122
8583	277.0299988
8584	277.0100098
8585	276.8800049
8586	276.8800049
8587	276.9899902
8588	277.1300049
8589	277.2200012
8590	277.2399902
8591	277.1499939
8592	277.0299988
8593	277.0299988
8594	276.9200134
8595	276.8999939
8596	276.9200134
8597	277.0700073
8598	277.1099854
8599	277.1300049
8600	277.1300049
8601	277.0899963
8602	276.9700012
8603	276.9700012
8604	276.8800049
8605	276.8200073
8606	276.7600098
8607	276.7600098
8608	276.8999939
8609	276.9700012
8610	276.8999939
8611	276.9200134
8612	276.8599854
8613	276.8399963
8614	276.9700012
8615	276.9899902
8616	276.9500122
8617	276.9500122
8618	276.9899902
8619	277.0100098
8620	277.0299988
8621	276.9899902
8622	276.9899902
8623	276.9700012
8624	277.0299988
8625	277.0299988
8626	276.9700012
8627	276.8999939
8628	276.8999939
8629	277.1300049
8630	277.5299988
8631	277.6600037
8632	277.6600037
8633	277.7399902
8634	277.7200012
8635	277.7000122
8636	277.7999878
8637	278.1000061
8638	278.3900146
8639	278.3900146
8640	278.2799988
8641	278.5100098
8642	278.7000122
8643	278.9100037
8644	278.9100037
8645	278.9700012
8646	278.9500122
8647	279.2000122
8648	279.3099976
8649	279.3699951
8650	279.1400146
8651	279.1799927
8652	279.2900085
8653	279.3299866
8654	279.3500061
8655	279.3900146
8656	279.5
8657	279.519989
8658	279.3500061
8659	279.519989
8660	279.5799866
8661	279.5599976
8662	279.6600037
8663	279.6400146
8664	279.519989
8665	279.4599915
8666	279.2900085
8667	279.3299866
8668	279.2000122
8669	279.3699951
8670	279.5799866
8671	279.5799866
8672	279.5799866
8673	279.5599976
8674	279.6400146
8675	279.769989
8676	279.8699951
8677	279.9400024
8678	279.9400024
8679	280.0799866
8680	280.019989
8681	279.9200134
8682	279.8699951
8683	279.7099915
8684	279.6600037
8685	279.6400146
8686	279.8299866
8687	279.8500061
8688	279.6400146
8689	279.3699951
8690	279.4100037
8691	279.4299927
8692	279.4100037
8693	279.5
8694	279.519989
8695	279.519989
8696	279.5
8697	279.4100037
8698	279.4599915
8699	279.5400085
8700	279.5799866
8701	279.5400085
8702	279.7099915
8703	279.7099915
8704	279.769989
8705	279.75
8706	279.7099915
8707	279.5799866
8708	279.6199951
8709	279.5400085
8710	279.5400085
8711	279.4599915
8712	279.4599915
8713	279.4599915
8714	279.519989
8715	279.5799866
8716	279.6900024
8717	279.8299866
8718	280.019989
8719	279.8500061
8720	279.7900085
8721	279.9599915
8722	279.9200134
8723	279.8699951
8724	279.8500061
8725	279.8099976
8726	279.730011
8727	279.6600037
8728	279.5799866
8729	279.6000061
8730	279.6600037
8731	279.6400146
8732	279.7099915
8733	279.769989
8734	279.75
8735	279.8299866
8736	279.9200134
8737	279.730011
8738	279.6900024
8739	279.7099915
8740	279.730011
8741	279.5599976
8742	279.5599976
8743	279.5
8744	279.769989
8745	279.7099915
8746	279.730011
8747	279.6400146
8748	279.8099976
8749	279.8099976
8750	279.769989
8751	279.6199951
8752	279.6199951
8753	279.6199951
8754	279.5400085
8755	279.6000061
8756	279.6400146
8757	279.6400146
8758	279.6000061
8759	279.3699951
8760	279.3500061
8761	279.3900146
8762	279.519989
8763	279.5400085
8764	279.6400146
8765	279.5799866
8766	279.4599915
8767	279.4599915
8768	279.5599976
8769	279.6199951
8770	279.6900024
8771	279.6900024
8772	279.6600037
8773	279.5799866
8774	279.5799866
8775	279.6000061
8776	279.6900024
8777	279.7099915
8778	279.8500061
8779	279.8699951
8780	279.9200134
8781	279.9200134
8782	280
8783	280.0599976
8784	280.0599976
8785	279.9200134
8786	279.9200134
8787	279.8900146
8788	279.8900146
8789	279.7900085
8790	279.769989
8791	279.730011
8792	279.519989
8793	279.5
8794	279.5400085
8795	279.480011
8796	279.5799866
8797	279.6000061
8798	279.519989
8799	279.769989
8800	279.8099976
8801	279.8900146
8802	279.8900146
8803	279.9599915
8804	279.9599915
8805	280
8806	279.769989
8807	279.6199951
8808	279.3900146
8809	279.2900085
8810	279.1199951
8811	279.0599976
8812	278.8699951
8813	278.8699951
8814	278.9299927
8815	279
8816	278.8099976
8817	278.6600037
8818	278.2799988
8819	277.7999878
8820	277.7999878
8821	276.7999878
8822	275.75
8823	275.5
8824	274.75
8825	274.1400146
8826	273.8299866
8827	273.519989
8828	272.8299866
8829	272.7000122
8830	272.5100098
8831	272.4700012
8832	272.6000061
8833	272.7000122
8834	272.7000122
8835	272.7600098
8836	272.8500061
8837	272.9899902
8838	273.1799927
8839	273.1400146
8840	273.2399902
8841	273.2900085
8842	273.3699951
8843	273.5
8844	273.75
8845	273.75
8846	273.9100037
8847	274.0799866
8848	274.2099915
8849	274.3500061
8850	274.4599915
8851	274.6700134
8852	274.6700134
8853	274.9400024
8854	275.0599976
8855	275.1900024
8856	275.3999939
8857	275.5
8858	275.6099854
8859	275.6099854
8860	275.6300049
8861	275.6900024
8862	275.7999878
8863	275.8200073
8864	275.8399963
8865	275.8200073
8866	275.730011
8867	275.8999939
8868	275.9599915
8869	275.980011
8870	276
8871	276
8872	276
8873	276
8874	275.9400024
8875	275.980011
8876	276.0700073
8877	276.0899963
8878	276.1099854
8879	276.0899963
8880	276.0899963
8881	276.1700134
8882	276.3599854
8883	276.3599854
8884	276.3599854
8885	276.2999878
8886	276.3800049
8887	276.3599854
8888	276.3999939
8889	276.3599854
8890	276.4400024
8891	276.4400024
8892	276.5499878
8893	276.6499939
8894	276.7200012
8895	276.7600098
8896	276.7600098
8897	276.7600098
8898	276.8200073
8899	276.8999939
8900	277.0100098
8901	276.9200134
8902	276.8599854
8903	276.8599854
8904	276.8800049
8905	276.9700012
8906	276.8200073
8907	276.8800049
8908	276.8800049
8909	276.8599854
8910	276.8599854
8911	276.7399902
8912	276.7200012
8913	276.7799988
8914	276.7999878
8915	276.7799988
8916	276.7799988
8917	276.6900024
8918	276.7200012
8919	276.7600098
8920	276.8599854
8921	276.7799988
8922	276.6700134
8923	276.6700134
8924	276.6900024
8925	276.7799988
8926	276.6700134
8927	276.6700134
8928	276.6700134
8929	276.7799988
8930	276.7799988
8931	276.8999939
8932	276.9500122
8933	277.0100098
8934	276.9200134
8935	276.8200073
8936	276.8999939
8937	276.8200073
8938	276.6900024
8939	276.7200012
8940	276.7600098
8941	276.9700012
8942	276.9500122
8943	276.9899902
8944	276.9500122
8945	276.8999939
8946	276.8399963
8947	276.8399963
8948	276.7799988
8949	276.8200073
8950	276.7799988
8951	276.7999878
8952	276.9200134
8953	277.0299988
8954	277.0299988
8955	277.0299988
8956	276.8800049
8957	276.8599854
8958	276.8599854
8959	276.8800049
8960	276.7600098
8961	276.7399902
8962	276.7399902
8963	276.6099854
8964	276.6700134
8965	276.6900024
8966	276.7200012
8967	276.7399902
8968	276.7399902
8969	276.7399902
8970	276.6700134
8971	276.6700134
8972	276.6700134
8973	276.6700134
8974	276.7399902
8975	276.7200012
8976	276.7200012
8977	276.7799988
8978	276.7600098
8979	276.7600098
8980	276.7200012
8981	276.7600098
8982	276.7200012
8983	276.6700134
8984	276.7200012
8985	276.6900024
8986	276.7799988
8987	276.8599854
8988	276.8200073
8989	276.9200134
8990	277.0100098
8991	276.8999939
8992	276.8200073
8993	276.8200073
8994	276.8200073
8995	276.7600098
8996	276.6700134
8997	276.6099854
8998	276.5899963
8999	276.5899963
9000	276.6099854
9001	276.6099854
9002	276.7799988
9003	276.7999878
9004	276.8599854
9005	276.8599854
9006	276.7999878
9007	276.7999878
9008	276.7799988
9009	276.9500122
9010	276.9700012
9011	277.0700073
9012	277.0899963
9013	277.0299988
9014	276.8999939
9015	276.8800049
9016	276.8200073
9017	276.7600098
9018	276.7999878
9019	276.7999878
9020	276.8200073
9021	276.9500122
9022	276.8999939
9023	276.8800049
9024	276.8399963
9025	276.8200073
9026	276.8200073
9027	276.8800049
9028	276.9200134
9029	276.9700012
9030	276.9500122
9031	276.9899902
9032	276.9500122
9033	276.9500122
9034	276.8599854
9035	276.8800049
9036	276.7999878
9037	276.8999939
9038	276.9200134
9039	276.9500122
9040	276.9500122
9041	277.0299988
9042	277.1099854
9043	276.9700012
9044	277.0100098
9045	276.9899902
9046	276.9200134
9047	276.8399963
9048	276.9200134
9049	276.9899902
9050	277.0499878
9051	277.0299988
9052	276.9899902
9053	277.0100098
9054	276.9500122
9055	276.8200073
9056	276.7799988
9057	276.6300049
9058	276.6499939
9059	276.5899963
9060	276.5700073
9061	276.6300049
9062	276.6499939
9063	276.5700073
9064	276.5299988
9065	276.5299988
9066	276.6700134
9067	276.7200012
9068	276.7999878
9069	276.9200134
9070	276.9200134
9071	276.8200073
9072	276.8200073
9073	276.7799988
9074	276.6300049
9075	276.6099854
9076	276.6499939
9077	276.6099854
9078	276.5499878
9079	276.6099854
9080	276.7600098
9081	276.7399902
9082	276.6900024
9083	276.6300049
9084	276.6300049
9085	276.6099854
9086	276.5899963
9087	276.7600098
9088	276.6900024
9089	276.6499939
9090	276.5899963
9091	276.6300049
9092	276.7399902
9093	276.7200012
9094	276.7200012
9095	276.7600098
9096	276.8800049
9097	276.8800049
9098	276.7799988
9099	276.7999878
9100	276.8599854
9101	276.9700012
9102	277.5299988
9103	277.7399902
9104	277.7399902
9105	277.8200073
9106	277.9100037
9107	278.0299988
9108	278.1400146
9109	277.9899902
9110	278.0100098
9111	278.0100098
9112	278.2399902
9113	278.4700012
9114	278.5599976
9115	278.6400146
9116	278.7000122
9117	278.769989
9118	278.7900085
9119	278.9299927
9120	278.8900146
9121	279.269989
9122	279.2900085
9123	279.3099976
9124	279.3500061
9125	279.4599915
9126	279.4100037
9127	279.4100037
9128	279.6900024
9129	279.5599976
9130	279.4599915
9131	279.4599915
9132	279.5
9133	279.5599976
9134	279.5
9135	279.4599915
9136	279.4599915
9137	279.5599976
9138	279.5799866
9139	279.5400085
9140	279.6000061
9141	279.519989
9142	279.6000061
9143	279.6000061
9144	279.6600037
9145	279.5599976
9146	279.5799866
9147	279.5
9148	279.5799866
9149	279.6900024
9150	279.7099915
9151	279.769989
9152	279.8900146
9153	279.980011
9154	280.25
9155	280.0599976
9156	280
9157	279.8699951
9158	279.5799866
9159	279.5400085
9160	279.6900024
9161	279.730011
9162	279.75
9163	279.75
9164	279.6400146
9165	279.4299927
9166	279.6199951
9167	279.6900024
9168	279.6900024
9169	279.8299866
9170	279.9200134
9171	279.9200134
9172	279.8900146
9173	280.019989
9174	279.9400024
9175	279.9400024
9176	280
9177	280.019989
9178	279.9200134
9179	279.75
9180	279.769989
9181	279.6199951
9182	279.6199951
9183	279.519989
9184	279.6199951
9185	279.6600037
9186	279.730011
9187	279.769989
9188	279.6900024
9189	279.7099915
9190	279.8099976
9191	279.9400024
9192	279.980011
9193	279.9400024
9194	279.9400024
9195	279.8299866
9196	279.769989
9197	279.6900024
9198	279.730011
9199	279.5799866
9200	279.6400146
9201	279.6900024
9202	279.7900085
9203	279.8099976
9204	279.7099915
9205	279.5599976
9206	279.730011
9207	279.730011
9208	280.019989
9209	280.019989
9210	279.9200134
9211	279.9599915
9212	279.8699951
9213	279.8500061
9214	279.8500061
9215	279.75
9216	279.730011
9217	279.6600037
9218	279.5799866
9219	279.730011
9220	279.6400146
9221	279.6400146
9222	279.6600037
9223	279.6900024
9224	279.8900146
9225	279.8500061
9226	279.6600037
9227	279.6600037
9228	279.730011
9229	279.9200134
9230	279.8900146
9231	279.8299866
9232	279.7099915
9233	279.769989
9234	279.769989
9235	279.769989
9236	279.6600037
9237	279.6400146
9238	279.8699951
9239	280.0400085
9240	280.0799866
9241	280.0400085
9242	279.9400024
9243	279.769989
9244	279.6900024
9245	279.5400085
9246	279.5400085
9247	279.3699951
9248	279.4100037
9249	279.519989
9250	279.5599976
9251	279.769989
9252	279.769989
9253	279.769989
9254	279.480011
9255	279.5
9256	279.5
9257	279.6400146
9258	279.8099976
9259	279.8699951
9260	279.8500061
9261	279.7099915
9262	279.6600037
9263	279.6000061
9264	279.75
9265	279.769989
9266	279.8900146
9267	280.019989
9268	279.8500061
9269	279.8900146
9270	280.0599976
9271	280.1000061
9272	280.1900024
9273	280.3099976
9274	280.269989
9275	280.2900085
9276	280.2099915
9277	280.1499939
9278	280.1499939
9279	279.8699951
9280	279.5400085
9281	279.480011
9282	279.4100037
9283	279.2900085
9284	279.2900085
9285	279.2900085
9286	279.2900085
9287	279.269989
9288	279.269989
9289	279.2000122
9290	278.9700012
9291	278.6799927
9292	278.6799927
9293	278.2000122
9294	277.5899963
9295	277.2200012
9296	276.5299988
9297	275.8999939
9298	275.5899963
9299	275.2900085
9300	274.230011
9301	273.9100037
9302	273.5
9303	273.2000122
9304	273.1600037
9305	272.9899902
9306	272.9100037
9307	272.7799988
9308	272.8699951
9309	272.9500122
9310	273.0599976
9311	273.1799927
9312	273.4700012
9313	273.6799927
9314	274.0400085
9315	274.2099915
9316	274.3099976
9317	274.3099976
9318	274.5
9319	274.6900024
9320	274.8299866
9321	274.980011
9322	275.1300049
9323	275.230011
9324	275.230011
9325	275.3800049
9326	275.3399963
9327	275.3800049
9328	275.3800049
9329	275.4200134
9330	275.4400024
9331	275.4400024
9332	275.6099854
9333	275.5899963
9334	275.769989
9335	275.8599854
9336	275.8599854
9337	275.8999939
9338	275.9200134
9339	275.9599915
9340	275.9599915
9341	275.9599915
9342	275.9400024
9343	275.9599915
9344	275.980011
9345	276.0700073
9346	276.1300049
9347	276.230011
9348	276.230011
9349	276.230011
9350	276.230011
9351	276.230011
9352	276.2600098
9353	276.2799988
9354	276.2999878
9355	276.3599854
9356	276.3599854
9357	276.4899902
9358	276.5299988
9359	276.5100098
9360	276.4899902
9361	276.4400024
9362	276.3999939
9363	276.3999939
9364	276.4400024
9365	276.5499878
9366	276.5299988
9367	276.4899902
9368	276.5100098
9369	276.5499878
9370	276.4599915
9371	276.5499878
9372	276.6300049
9373	276.5899963
9374	276.5899963
9375	276.6499939
9376	276.7399902
9377	276.7399902
9378	276.8399963
9379	276.8200073
9380	276.8399963
9381	276.7600098
9382	276.7999878
9383	276.7999878
9384	276.7600098
9385	276.7799988
9386	276.7399902
9387	276.6900024
9388	276.6900024
9389	276.6099854
9390	276.6099854
9391	276.6300049
9392	276.6099854
9393	276.6099854
9394	276.5899963
9395	276.5899963
9396	276.6900024
9397	276.7399902
9398	276.7799988
9399	276.7799988
9400	276.7600098
9401	276.8599854
9402	276.7799988
9403	276.7200012
9404	276.6900024
9405	276.7999878
9406	276.6900024
9407	276.7200012
9408	276.7799988
9409	276.8200073
9410	276.9700012
9411	276.9899902
9412	276.8800049
9413	276.8800049
9414	276.9200134
9415	277.0299988
9416	277.0299988
9417	276.9500122
9418	276.9700012
9419	276.9200134
9420	276.9200134
9421	276.8800049
9422	276.8599854
9423	276.7799988
9424	276.8200073
9425	276.8800049
9426	276.9700012
9427	276.9700012
9428	276.7600098
9429	276.7399902
9430	276.6700134
9431	276.6499939
9432	276.6900024
9433	276.7399902
9434	276.7399902
9435	276.8399963
9436	276.7999878
9437	276.8800049
9438	276.8999939
9439	276.8800049
9440	276.9200134
9441	276.9500122
9442	276.8599854
9443	276.9500122
9444	276.8599854
9445	276.9899902
9446	276.9899902
9447	276.9700012
9448	276.8999939
9449	276.8800049
9450	276.9899902
9451	276.9500122
9452	276.9200134
9453	276.8399963
9454	276.7799988
9455	276.7600098
9456	276.7600098
9457	276.7999878
9458	276.9700012
9459	276.9700012
9460	277.0700073
9461	276.9899902
9462	276.9500122
9463	277.0100098
9464	277.0499878
9465	277.0499878
9466	277.0499878
9467	277.0499878
9468	277.0100098
9469	276.8399963
9470	276.7999878
9471	276.7999878
9472	276.6900024
9473	276.7200012
9474	276.9200134
9475	276.9899902
9476	277.0700073
9477	277.2200012
9478	277.2600098
9479	277.1499939
9480	277.0700073
9481	276.9700012
9482	276.9899902
9483	276.8599854
9484	276.8599854
9485	276.8599854
9486	276.9700012
9487	276.9899902
9488	277.1300049
9489	277.2399902
9490	277.4500122
9491	277.2999878
9492	277.2600098
9493	277.1099854
9494	277.0899963
9495	277.1300049
9496	277.1499939
9497	277.1300049
9498	277.1300049
9499	277.1099854
9500	277.1799927
9501	277.2200012
9502	277.2600098
9503	277.2600098
9504	277.1799927
9505	277.1799927
9506	277.2000122
9507	277.2200012
9508	277.2200012
9509	277.3399963
9510	277.3200073
9511	277.4100037
9512	277.4700012
9513	277.3599854
9514	277.2999878
9515	277.2799988
9516	277.1499939
9517	277.0899963
9518	277.0499878
9519	277.0299988
9520	276.9500122
9521	276.9899902
9522	277.0499878
9523	277.0899963
9524	277.0700073
9525	277.0700073
9526	277.0499878
9527	277.0100098
9528	276.8999939
9529	276.8599854
9530	276.8599854
9531	276.8599854
9532	276.9899902
9533	277.0299988
9534	277.1300049
9535	277.2000122
9536	277.1499939
9537	277.1499939
9538	277.2200012
9539	277.0899963
9540	277.1099854
9541	277.1099854
9542	277.2200012
9543	277.2200012
9544	277.2200012
9545	277.1499939
9546	277.1099854
9547	277.1099854
9548	277.2000122
9549	277.2000122
9550	277.2000122
9551	277.2000122
9552	277.1099854
9553	277.0700073
9554	277.1799927
9555	277.2200012
9556	277.1099854
9557	277.1099854
9558	277.1799927
9559	277.3200073
9560	277.2799988
9561	277.2799988
9562	277.1799927
9563	277.2000122
9564	277.0700073
9565	277.0899963
9566	277.0299988
9567	277.0100098
9568	276.9500122
9569	276.9500122
9570	277.1099854
9571	277.2600098
9572	277.3200073
9573	277.3399963
9574	277.4500122
9575	277.7799988
9576	277.7799988
9577	278.2600098
9578	278.2200012
9579	278.1000061
9580	277.9500122
9581	277.8900146
9582	277.9299927
9583	278.0799866
9584	278.2399902
9585	278.2799988
9586	278.7000122
9587	278.8900146
9588	278.9100037
9589	278.9700012
9590	279.019989
9591	279.1799927
9592	279.230011
9593	279.269989
9594	279.4599915
9595	279.5599976
9596	279.6000061
9597	279.5799866
9598	279.730011
9599	279.730011
9600	279.8699951
9601	279.8699951
9602	279.8500061
9603	279.8900146
9604	279.8699951
9605	280.0599976
9606	280.1700134
9607	280.1499939
9608	280.1499939
9609	280.1000061
9610	280.0400085
9611	280.0799866
9612	280.0599976
9613	280.1000061
9614	280.1000061
9615	280.1000061
9616	280.0400085
9617	280.0400085
9618	280.1199951
9619	280.0799866
9620	279.9599915
9621	279.9599915
9622	279.980011
9623	280.0599976
9624	280.0599976
9625	279.9599915
9626	280
9627	280.019989
9628	280.0799866
9629	280.0400085
9630	280.1700134
9631	280.1499939
9632	279.980011
9633	279.980011
9634	279.980011
9635	280.019989
9636	280.019989
9637	280.1499939
9638	280.1900024
9639	280.1900024
9640	280.1900024
9641	280.1199951
9642	280.0400085
9643	280.0400085
9644	279.980011
9645	280
9646	280
9647	280
9648	279.9400024
9649	280.019989
9650	280
9651	279.8299866
9652	279.7099915
9653	279.7099915
9654	279.769989
9655	279.8099976
9656	279.6400146
9657	279.75
9658	279.8500061
9659	279.8699951
9660	279.8699951
9661	279.980011
9662	280.1700134
9663	280.0799866
9664	280
9665	279.7900085
9666	279.7900085
9667	279.8500061
9668	279.8500061
9669	279.9200134
9670	280.019989
9671	279.980011
9672	279.980011
9673	279.8699951
9674	279.8900146
9675	279.980011
9676	280.0799866
9677	280.0599976
9678	280.0599976
9679	280.0599976
9680	280.0599976
9681	280.1199951
9682	280.1000061
9683	280
9684	279.8699951
9685	279.9599915
9686	279.9599915
9687	280.0799866
9688	280.0599976
9689	280
9690	279.8699951
9691	279.8099976
9692	279.8699951
9693	279.9400024
9694	280.1700134
9695	280.1700134
9696	280.2099915
9697	280.230011
9698	280.3500061
9699	280.3299866
9700	280.3099976
9701	280.230011
9702	280.3299866
9703	280.230011
9704	280.25
9705	280.269989
9706	280.1199951
9707	280.0400085
9708	279.9400024
9709	279.9200134
9710	280.1000061
9711	280.1000061
9712	279.980011
9713	279.9599915
9714	279.980011
9715	279.8900146
9716	279.9599915
9717	279.9599915
9718	279.9599915
9719	279.9400024
9720	279.9599915
9721	279.9400024
9722	279.9400024
9723	279.9599915
9724	280
9725	280.1000061
9726	280.0599976
9727	280.1700134
9728	280.1000061
9729	280.4200134
9730	280.3500061
9731	280.3099976
9732	280.269989
9733	280.1900024
9734	280.2099915
9735	280.2099915
9736	280.1900024
9737	280.2099915
9738	280.1900024
9739	280.1700134
9740	280.1700134
9741	280.0599976
9742	279.8699951
9743	279.8900146
9744	279.980011
9745	280.0799866
9746	280.1700134
9747	280.0799866
9748	280
9749	280.0599976
9750	280.0599976
9751	280.1000061
9752	279.980011
9753	279.8900146
9754	279.6600037
9755	279.4100037
9756	279.269989
9757	279.269989
9758	279.1799927
9759	279.2000122
9760	279.230011
9761	279.3299866
9762	279.3299866
9763	279.2900085
9764	279.1199951
9765	278.5799866
9766	278.4100037
9767	278.0100098
9768	277.4899902
9769	276.7799988
9770	276.3800049
9771	276.0499878
9772	274.730011
9773	274.3299866
9774	273.8099976
9775	273.4299927
9776	273.3500061
9777	273.2200012
9778	273.1000061
9779	273.0599976
9780	273.1000061
9781	273.2000122
9782	273.2000122
9783	273.3900146
9784	273.5400085
9785	273.5599976
9786	273.6000061
9787	273.730011
9788	273.8099976
9789	273.8099976
9790	274.0400085
9791	274.269989
9792	274.3699951
9793	274.4599915
9794	274.6700134
9795	274.7900085
9796	274.7900085
9797	275.019989
9798	275.1700134
9799	275.25
9800	275.4200134
9801	275.5899963
9802	275.5700073
9803	275.5899963
9804	275.5700073
9805	275.6300049
9806	275.7099915
9807	275.769989
9808	275.769989
9809	275.75
9810	275.75
9811	275.8999939
9812	275.9599915
9813	276.1900024
9814	276.3999939
9815	276.4200134
9816	276.4400024
9817	276.4400024
9818	276.4400024
9819	276.5100098
9820	276.5499878
9821	276.5499878
9822	276.4899902
9823	276.5100098
9824	276.5700073
9825	276.6700134
9826	276.6499939
9827	276.6900024
9828	276.6900024
9829	276.8200073
9830	276.7999878
9831	276.7799988
9832	276.7399902
9833	276.8200073
9834	276.7600098
9835	276.7600098
9836	277.0299988
9837	277.0700073
9838	277.1799927
9839	277.2000122
9840	277.0299988
9841	277.0100098
9842	276.9899902
9843	277.0700073
9844	277.0499878
9845	277.0899963
9846	277.0499878
9847	277.0899963
9848	277.2000122
9849	277.1300049
9850	277.1799927
9851	277.1499939
9852	277.1300049
9853	277.1300049
9854	277.0499878
9855	277.0299988
9856	277.0700073
9857	277.1300049
9858	277.2000122
9859	277.1499939
9860	277.1499939
9861	277.1099854
9862	277.0700073
9863	277.0700073
9864	277.1300049
9865	277.2799988
9866	277.3200073
9867	277.3200073
9868	277.2600098
9869	277.2000122
9870	277.1499939
9871	277.2200012
9872	277.2200012
9873	277.2600098
9874	277.2600098
9875	277.3900146
9876	277.4700012
9877	277.4899902
9878	277.4100037
9879	277.3200073
9880	277.2799988
9881	277.2200012