1	355.1999927
2	355.3000093
3	355.399996
4	355.399996
5	355.5999994
6	355.5999994
7	355.8999896
8	355.6999862
9	355.6999862
10	355.5999994
11	355.6999862
12	355.5000126
13	355.5999994
14	355.5999994
15	355.5000126
16	355.5999994
17	355.5000126
18	355.8000028
19	356.2000096
20	355.8999896
21	356.099993
22	356.099993
23	356.0000062
24	356.099993
25	355.8999896
26	355.8999896
27	355.8000028
28	355.8999896
29	355.8000028
30	355.8999896
31	355.6999862
32	355.5999994
33	355.5999994
34	355.8999896
35	355.5999994
36	355.8000028
37	355.8999896
38	355.8999896
39	356.2000096
40	356.0000062
41	356.0000062
42	356.099993
43	355.8999896
44	355.8999896
45	356.2999964
46	356.2999964
47	356.2999964
48	356.2999964
49	356.2000096
50	356.0000062
51	355.8999896
52	355.8999896
53	355.8999896
54	355.8000028
55	355.8000028
56	355.8999896
57	355.8999896
58	356.2000096
59	355.8999896
60	356.099993
61	356.2000096
62	356.2999964
63	356.2999964
64	355.8999896
65	355.8999896
66	356.099993
67	356.099993
68	356.400013
69	356.2999964
70	356.400013
71	356.2999964
72	356.099993
73	356.2999964
74	356.0000062
75	356.4999998
76	356.2999964
77	356.2999964
78	356.2999964
79	356.400013
80	356.2999964
81	356.2999964
82	356.2000096
83	356.2999964
84	356.2000096
85	355.8000028
86	355.8000028
87	355.6999862
88	355.6999862
89	355.6999862
90	355.8999896
91	355.8999896
92	355.8999896
93	356.2000096
94	356.2000096
95	356.4999998
96	356.2999964
97	356.099993
98	356.2000096
99	356.7000031
100	356.7999899
101	356.5999866
102	356.2999964
103	355.8999896
104	355.6999862
105	355.8999896
106	355.6999862
107	355.8999896
108	356.099993
109	356.2999964
110	356.7000031
111	357.6000035
112	358.099997
113	358.5000038
114	358.799994
115	359.4999909
116	359.6000075
117	360.1999879
118	360.7000113
119	360.799998
120	360.799998
121	361.0000014
122	361.0999882
123	361.4000082
124	361.4000082
125	361.499995
126	361.4000082
127	361.499995
128	361.6999984
129	362.1000051
130	362.1999919
131	362.1000051
132	362.1000051
133	361.7999852
134	361.7999852
135	361.6999984
136	361.7999852
137	361.9999886
138	361.7999852
139	361.6999984
140	361.9999886
141	361.9000018
142	362.1000051
143	362.1000051
144	361.9000018
145	361.6999984
146	361.9999886
147	361.9000018
148	361.9000018
149	361.7999852
150	361.6999984
151	361.6999984
152	361.7999852
153	361.7999852
154	361.7999852
155	361.9999886
156	362.3999953
157	362.3999953
158	362.5999987
159	362.3999953
160	362.3999953
161	362.3000085
162	362.3999953
163	362.1000051
164	362.1999919
165	362.1000051
166	362.1999919
167	361.9999886
168	361.4000082
169	361.2000048
170	361.4000082
171	361.7999852
172	362.3999953
173	362.3999953
174	362.3999953
175	362.6999855
176	362.6999855
177	362.6999855
178	362.3000085
179	362.1000051
180	362.1999919
181	362.1999919
182	362.3000085
183	362.3999953
184	362.3999953
185	362.5000119
186	362.3999953
187	362.1999919
188	362.3000085
189	362.1999919
190	362.5000119
191	362.8000021
192	363.0000055
193	363.0000055
194	363.0000055
195	363.0000055
196	362.6999855
197	362.8000021
198	362.5999987
199	362.3999953
200	362.5000119
201	362.3000085
202	362.1999919
203	362.1000051
204	362.1000051
205	361.9999886
206	361.9000018
207	362.1000051
208	362.1000051
209	362.1999919
210	362.1000051
211	362.3000085
212	362.1999919
213	362.5000119
214	362.6999855
215	362.6999855
216	362.6999855
217	362.8999889
218	363.0000055
219	363.0999923
220	363.0999923
221	363.0000055
222	363.2999957
223	363.2999957
224	363.0999923
225	363.0000055
226	363.0000055
227	362.6999855
228	362.6999855
229	362.5999987
230	362.6999855
231	362.6999855
232	362.6999855
233	362.3999953
234	362.3999953
235	362.1999919
236	362.3000085
237	362.6999855
238	362.5000119
239	362.3999953
240	362.5000119
241	362.5000119
242	362.5000119
243	362.3999953
244	362.3999953
245	362.3000085
246	362.5000119
247	362.5999987
248	363.0000055
249	363.0000055
250	363.2000089
251	363.2000089
252	362.3999953
253	362.1999919
254	362.1000051
255	362.3000085
256	362.3999953
257	362.1000051
258	362.1000051
259	362.1000051
260	362.6999855
261	363.0000055
262	363.2999957
263	363.0000055
264	362.8000021
265	362.6999855
266	362.8000021
267	362.8999889
268	362.8999889
269	363.0000055
270	363.2999957
271	363.2000089
272	363.2999957
273	362.1000051
274	363.0000055
275	363.2999957
276	363.0999923
277	362.8999889
278	363.0999923
279	363.7999892
280	363.7000024
281	363.7000024
282	364.1000092
283	363.9999926
284	363.9999926
285	364.1000092
286	363.9999926
287	364.199996
288	363.7999892
289	363.499999
290	362.3999953
291	360.1999879
292	357.6000035
293	355.8999896
294	352.8999984
295	350.1000106
296	347.6999998
297	346.7000127
298	344.7999954
299	343.4000015
300	343.1000113
301	342.200011
302	342.0999944
303	342.0999944
304	342.0000076
305	342.5000012
306	343.3000147
307	344.0999985
308	344.1999853
309	344.9999988
310	345.600009
311	346.5000093
312	347.0000029
313	347.9000032
314	348.3999968
315	348.8000035
316	348.8999903
317	349.5000005
318	349.7999907
319	349.9000072
320	350.1000106
321	350.4999876
322	350.8999944
323	351.0999978
324	351.7000079
325	351.7999947
326	351.9000113
327	352.1000147
328	352.2999883
329	352.2000015
330	352.4999917
331	352.4000049
332	352.699995
333	352.8000116
334	352.699995
335	352.8999984
336	352.9999852
337	353.1999886
338	353.5000086
339	353.5000086
340	353.7999988
341	353.8999856
342	354.0999889
343	354.0999889
344	354.2999923
345	354.2999923
346	354.2999923
347	354.2999923
348	354.4999957
349	354.4999957
350	354.4999957
351	354.2000055
352	354.0000021
353	354.0999889
354	354.2999923
355	354.4999957
356	354.2999923
357	354.2999923
358	354.2999923
359	354.2999923
360	354.4000089
361	354.4999957
362	354.2999923
363	354.2999923
364	354.6999991
365	354.6999991
366	354.6000123
367	354.4000089
368	354.4999957
369	354.6000123
370	354.6000123
371	354.6999991
372	354.9999893
373	354.9000025
374	354.6999991
375	354.6999991
376	354.6000123
377	354.6000123
378	354.6999991
379	354.6999991
380	354.6999991
381	354.6000123
382	354.4000089
383	354.6000123
384	354.4999957
385	354.6000123
386	354.9999893
387	354.9999893
388	354.9999893
389	355.1999927
390	354.9999893
391	355.1000059
392	354.9999893
393	354.9999893
394	354.9999893
395	354.9999893
396	355.1999927
397	355.1000059
398	354.9999893
399	354.9000025
400	354.7999859
401	354.6999991
402	354.7999859
403	354.9999893
404	355.3000093
405	355.1000059
406	355.3000093
407	355.3000093
408	355.3000093
409	355.3000093
410	354.9999893
411	354.9999893
412	354.9999893
413	355.1999927
414	355.3000093
415	355.3000093
416	355.1000059
417	355.1999927
418	355.3000093
419	355.5999994
420	355.5999994
421	355.5999994
422	355.5000126
423	355.5000126
424	355.3000093
425	355.3000093
426	355.399996
427	355.3000093
428	355.3000093
429	355.5999994
430	355.5999994
431	355.5999994
432	355.5999994
433	355.5000126
434	355.1999927
435	355.3000093
436	355.1000059
437	355.1000059
438	355.1000059
439	355.5000126
440	355.5000126
441	355.5999994
442	355.5999994
443	355.5999994
444	355.6999862
445	355.8999896
446	355.8000028
447	355.8999896
448	355.8000028
449	356.099993
450	356.0000062
451	355.5999994
452	355.5999994
453	355.399996
454	355.5999994
455	355.5999994
456	355.6999862
457	355.8999896
458	355.8999896
459	355.5999994
460	355.6999862
461	355.6999862
462	355.8000028
463	355.8999896
464	355.8999896
465	355.8999896
466	355.6999862
467	355.6999862
468	355.8000028
469	356.0000062
470	356.099993
471	355.8999896
472	355.8999896
473	355.6999862
474	355.6999862
475	355.8000028
476	355.8999896
477	355.8999896
478	355.8999896
479	356.2000096
480	356.2000096
481	356.099993
482	356.099993
483	356.2999964
484	356.2000096
485	356.2999964
486	356.0000062
487	356.2999964
488	356.2999964
489	356.2999964
490	356.2000096
491	356.0000062
492	355.8999896
493	356.099993
494	356.099993
495	356.099993
496	356.0000062
497	356.0000062
498	356.2000096
499	356.099993
500	356.0000062
501	355.8999896
502	355.8999896
503	355.8999896
504	355.8999896
505	355.8999896
506	355.8999896
507	355.8000028
508	355.8000028
509	355.6999862
510	355.5999994
511	355.6999862
512	355.8999896
513	355.6999862
514	355.399996
515	355.3000093
516	355.5999994
517	355.6999862
518	355.6999862
519	355.5999994
520	355.399996
521	355.3000093
522	355.399996
523	355.5000126
524	355.8000028
525	356.099993
526	356.2000096
527	356.5999866
528	356.2999964
529	356.099993
530	356.2999964
531	356.099993
532	355.8999896
533	356.2000096
534	356.2999964
535	355.8999896
536	356.0000062
537	355.8999896
538	355.8999896
539	355.8999896
540	356.099993
541	355.8999896
542	356.0000062
543	356.099993
544	356.2999964
545	355.8999896
546	355.8999896
547	355.8999896
548	355.8999896
549	355.6999862
550	355.8999896
551	355.8000028
552	355.8999896
553	356.0000062
554	355.8999896
555	355.8999896
556	355.8999896
557	355.8999896
558	356.099993
559	356.400013
560	356.5999866
561	356.5999866
562	356.400013
563	356.400013
564	356.2999964
565	356.2000096
566	356.0000062
567	356.099993
568	355.8999896
569	355.8999896
570	356.2000096
571	356.2999964
572	356.2999964
573	356.4999998
574	356.4999998
575	356.9000065
576	356.7999899
577	356.5999866
578	356.7999899
579	356.7000031
580	356.9000065
581	356.7999899
582	356.9999933
583	356.9000065
584	356.9999933
585	357.3000133
586	357.6999903
587	357.8000069
588	358.0000103
589	358.2000136
590	359.2999876
591	359.8000109
592	360.1000011
593	360.3999913
594	361.0000014
595	361.2000048
596	361.2000048
597	361.4000082
598	361.6000116
599	361.6999984
600	361.9000018
601	362.1000051
602	362.1000051
603	361.9999886
604	362.1999919
605	362.3999953
606	362.1000051
607	361.9999886
608	361.9000018
609	361.6999984
610	361.499995
611	361.4000082
612	361.4000082
613	361.6000116
614	361.4000082
615	361.4000082
616	361.6999984
617	361.9999886
618	361.9000018
619	361.9999886
620	362.3999953
621	362.5000119
622	362.3999953
623	362.5000119
624	362.1000051
625	361.6999984
626	361.6000116
627	361.6999984
628	362.1000051
629	362.3000085
630	362.3999953
631	362.8000021
632	362.6999855
633	362.5999987
634	362.5000119
635	362.3999953
636	362.3999953
637	362.1000051
638	362.1000051
639	362.1999919
640	362.3000085
641	362.3000085
642	362.3000085
643	362.5000119
644	362.5000119
645	362.3999953
646	362.3999953
647	362.5000119
648	362.6999855
649	362.5000119
650	362.5999987
651	362.5000119
652	362.5999987
653	362.5999987
654	362.5000119
655	362.3999953
656	362.1000051
657	362.1999919
658	362.1000051
659	361.9999886
660	362.1999919
661	362.1000051
662	362.1999919
663	362.1000051
664	362.3999953
665	362.5999987
666	363.0000055
667	363.4000123
668	363.2999957
669	363.2999957
670	363.2999957
671	363.0999923
672	363.0999923
673	362.8999889
674	363.0999923
675	363.2999957
676	363.2999957
677	363.499999
678	363.9000058
679	363.9999926
680	363.7000024
681	363.499999
682	363.4000123
683	363.5999858
684	363.499999
685	363.2999957
686	363.2999957
687	363.2999957
688	363.2000089
689	363.0000055
690	362.8999889
691	363.0999923
692	363.2999957
693	363.2999957
694	363.2999957
695	363.0000055
696	362.8999889
697	362.8000021
698	363.2999957
699	363.499999
700	363.499999
701	363.4000123
702	363.2999957
703	363.2000089
704	363.0999923
705	363.2999957
706	363.4000123
707	363.499999
708	363.5999858
709	363.5999858
710	363.0000055
711	362.8999889
712	363.0000055
713	362.8000021
714	362.6999855
715	362.6999855
716	363.0000055
717	363.0000055
718	363.2000089
719	363.0999923
720	363.2000089
721	363.2999957
722	363.2000089
723	363.0000055
724	363.0999923
725	363.2000089
726	363.0999923
727	363.0999923
728	363.0000055
729	363.0000055
730	362.8999889
731	362.8000021
732	362.6999855
733	362.8999889
734	362.8999889
735	363.2999957
736	363.7000024
737	363.9999926
738	364.1000092
739	364.3000126
740	364.3000126
741	364.1000092
742	364.199996
743	363.9999926
744	364.199996
745	363.9999926
746	363.9000058
747	363.7999892
748	363.5999858
749	363.2999957
750	363.0000055
751	363.4000123
752	363.499999
753	363.499999
754	363.4000123
755	363.4000123
756	363.2999957
757	363.2999957
758	363.4000123
759	363.4000123
760	363.499999
761	363.2999957
762	362.6999855
763	361.499995
764	360.799998
765	358.9000106
766	356.5999866
767	353.5999954
768	352.1000147
769	349.2000103
770	346.8999863
771	345.0999856
772	344.5000052
773	343.4000015
774	342.900008
775	342.9999948
776	343.1000113
777	343.3000147
778	343.4000015
779	344.1999853
780	344.3999887
781	345.299989
782	346.3000059
783	346.3999927
784	347.299993
785	347.9000032
786	348.6999869
787	348.8000035
788	349.5000005
789	350.1999974
790	350.4999876
791	350.6000042
792	351.0999978
793	351.3999879
794	351.7000079
795	351.7999947
796	352.1000147
797	352.2000015
798	352.6000082
799	352.699995
800	353.1999886
801	353.5000086
802	353.5999954
803	353.7999988
804	353.700012
805	353.700012
806	353.7999988
807	353.700012
808	353.8999856
809	353.8999856
810	354.0000021
811	354.2000055
812	354.2999923
813	354.2000055
814	354.2000055
815	354.2999923
816	354.2000055
817	354.0999889
818	354.0999889
819	354.2999923
820	354.2999923
821	354.2999923
822	354.2999923
823	354.2999923
824	354.4999957
825	354.2999923
826	354.2999923
827	354.6000123
828	354.4999957
829	354.4000089
830	354.6000123
831	354.6999991
832	354.6999991
833	354.7999859
834	354.6999991
835	354.7999859
836	354.6999991
837	354.6999991
838	354.6999991
839	354.6999991
840	354.4999957
841	354.6000123
842	354.6999991
843	354.7999859
844	354.9999893
845	354.9999893
846	354.9999893
847	355.5999994
848	355.8999896
849	355.8999896
850	356.2000096
851	356.4999998
852	356.4999998
853	356.7999899
854	356.9000065
855	356.9000065
856	356.9999933
857	357.1999967
858	357.4000001
859	357.4999869
860	357.4000001
861	357.4999869
862	357.4999869
863	357.8000069
864	357.8000069
865	357.8999937
866	357.8999937
867	358.099997
868	358.099997
869	358.2000136
870	357.6999903
871	357.6999903
872	357.6000035
873	357.4000001
874	357.4999869
875	357.6000035
876	357.4000001
877	357.4999869
878	357.4000001
879	357.3000133
880	357.6000035
881	357.8999937
882	357.8999937
883	357.8999937
884	357.6999903
885	357.8999937
886	357.8999937
887	357.6000035
888	357.6000035
889	357.6000035
890	357.4000001
891	357.1999967
892	357.1999967
893	357.1999967
894	357.1000099
895	357.1999967
896	357.3000133
897	357.1000099
898	356.9000065
899	356.9000065
900	357.1999967
901	357.1999967
902	357.1999967
903	356.9000065
904	356.9000065
905	356.7999899
906	356.9000065
907	356.7999899
908	356.9000065
909	356.5999866
910	356.400013
911	356.2999964
912	356.2999964
913	356.2999964
914	356.5999866
915	356.5999866
916	356.5999866
917	356.2999964
918	356.400013
919	356.400013
920	356.5999866
921	356.4999998
922	356.5999866
923	356.7000031
924	356.5999866
925	356.5999866
926	356.7000031
927	356.9000065
928	356.7000031
929	356.7999899
930	356.400013
931	356.4999998
932	356.5999866
933	356.5999866
934	356.4999998
935	356.5999866
936	356.9000065
937	356.5999866
938	356.9000065
939	356.9000065
940	356.9000065
941	356.7999899
942	356.7000031
943	356.7000031
944	356.7000031
945	356.5999866
946	356.5999866
947	356.4999998
948	356.5999866
949	356.400013
950	356.2999964
951	356.400013
952	356.400013
953	356.5999866
954	356.4999998
955	356.5999866
956	356.7999899
957	356.9000065
958	356.9999933
959	357.1999967
960	356.9000065
961	357.1999967
962	357.1000099
963	357.1999967
964	356.9999933
965	357.1999967
966	356.9000065
967	356.9000065
968	356.9999933
969	356.9000065
970	357.1000099
971	356.9000065
972	356.9000065
973	356.7000031
974	356.5999866
975	356.5999866
976	356.7000031
977	356.9000065
978	356.9000065
979	356.9999933
980	356.9000065
981	356.7999899
982	356.9000065
983	356.7999899
984	356.9999933
985	356.7999899
986	356.7999899
987	356.7000031
988	356.7999899
989	356.7999899
990	356.9000065
991	356.9000065
992	356.9999933
993	356.9000065
994	356.9000065
995	356.9999933
996	356.9000065
997	356.9000065
998	356.9000065
999	356.9000065
1000	356.7000031
1001	356.5999866
1002	356.400013
1003	356.4999998
1004	356.5999866
1005	356.7999899
1006	356.7999899
1007	356.5999866
1008	356.5999866
1009	356.5999866
1010	356.5999866
1011	356.400013
1012	356.2999964
1013	356.2999964
1014	356.2999964
1015	356.2000096
1016	356.400013
1017	356.400013
1018	356.2999964
1019	356.2999964
1020	356.2999964
1021	356.2999964
1022	356.2999964
1023	356.400013
1024	356.400013
1025	356.2000096
1026	356.099993
1027	356.2000096
1028	356.099993
1029	356.2999964
1030	356.2999964
1031	356.099993
1032	356.2999964
1033	356.2999964
1034	356.2000096
1035	356.2999964
1036	356.400013
1037	356.2999964
1038	356.2999964
1039	356.2000096
1040	356.099993
1041	356.0000062
1042	356.099993
1043	356.099993
1044	356.0000062
1045	355.8999896
1046	356.099993
1047	355.8999896
1048	355.8999896
1049	355.8999896
1050	356.2999964
1051	356.4999998
1052	356.5999866
1053	356.2999964
1054	356.2999964
1055	356.2000096
1056	356.2000096
1057	356.400013
1058	356.5999866
1059	356.7000031
1060	357.1000099
1061	357.6999903
1062	358.3000004
1063	358.5999906
1064	359.2999876
1065	360.0000143
1066	360.3000045
1067	360.7000113
1068	360.799998
1069	361.0999882
1070	361.2999916
1071	361.0999882
1072	361.2000048
1073	361.4000082
1074	361.7999852
1075	361.7999852
1076	362.1000051
1077	362.1999919
1078	362.5000119
1079	362.6999855
1080	362.8000021
1081	362.8999889
1082	362.8000021
1083	362.5999987
1084	362.3999953
1085	362.3000085
1086	362.3000085
1087	362.1000051
1088	362.1000051
1089	362.3999953
1090	362.5999987
1091	362.6999855
1092	363.0000055
1093	363.0000055
1094	362.8000021
1095	362.8000021
1096	362.5000119
1097	362.3000085
1098	362.1999919
1099	361.6999984
1100	361.6999984
1101	361.6999984
1102	361.6999984
1103	361.6999984
1104	361.6999984
1105	361.9000018
1106	362.1000051
1107	362.1999919
1108	362.5999987
1109	362.3000085
1110	362.1999919
1111	361.9000018
1112	361.6000116
1113	361.6999984
1114	361.7999852
1115	361.6999984
1116	361.6999984
1117	361.7999852
1118	361.9000018
1119	362.1000051
1120	362.3999953
1121	362.3000085
1122	362.1000051
1123	362.1000051
1124	361.9999886
1125	361.7999852
1126	361.6000116
1127	361.6000116
1128	361.6999984
1129	361.6999984
1130	361.4000082
1131	361.2000048
1132	360.9000146
1133	361.0999882
1134	361.2999916
1135	361.2000048
1136	361.4000082
1137	361.6999984
1138	361.9000018
1139	362.3000085
1140	362.5000119
1141	362.8000021
1142	362.5999987
1143	362.3999953
1144	362.3000085
1145	361.6999984
1146	361.4000082
1147	361.499995
1148	361.4000082
1149	361.6999984
1150	361.7999852
1151	361.6999984
1152	361.4000082
1153	361.2999916
1154	361.499995
1155	361.6000116
1156	361.9999886
1157	361.7999852
1158	361.9999886
1159	361.7999852
1160	361.6999984
1161	361.6999984
1162	361.499995
1163	361.499995
1164	361.6999984
1165	361.6000116
1166	361.499995
1167	361.4000082
1168	361.4000082
1169	361.2999916
1170	361.499995
1171	361.499995
1172	361.7999852
1173	361.9000018
1174	362.1000051
1175	362.3000085
1176	362.3000085
1177	362.1000051
1178	361.6999984
1179	362.1000051
1180	362.3000085
1181	362.5000119
1182	362.6999855
1183	362.3999953
1184	362.1999919
1185	362.1000051
1186	361.6999984
1187	361.499995
1188	361.499995
1189	361.6000116
1190	361.4000082
1191	361.6999984
1192	361.7999852
1193	361.7999852
1194	361.9000018
1195	361.9000018
1196	362.1999919
1197	362.3999953
1198	362.1999919
1199	362.1999919
1200	362.6999855
1201	362.6999855
1202	363.0000055
1203	363.0000055
1204	362.8999889
1205	363.0000055
1206	362.6999855
1207	362.3999953
1208	362.3000085
1209	362.3999953
1210	362.5000119
1211	362.1000051
1212	361.9000018
1213	361.9000018
1214	361.6000116
1215	361.7999852
1216	361.6999984
1217	361.7999852
1218	361.9999886
1219	361.9000018
1220	361.6999984
1221	361.6999984
1222	361.6000116
1223	361.4000082
1224	361.6000116
1225	361.6999984
1226	361.9000018
1227	361.9999886
1228	362.1000051
1229	361.9000018
1230	362.1000051
1231	362.1000051
1232	362.1000051
1233	362.1999919
1234	362.3999953
1235	361.6999984
1236	361.2000048
1237	359.2000008
1238	356.9000065
1239	354.2999923
1240	352.9999852
1241	349.999994
1242	347.4999964
1243	346.3999927
1244	344.3999887
1245	343.1000113
1246	342.0999944
1247	341.8000042
1248	341.6000009
1249	341.8000042
1250	341.8000042
1251	341.8000042
1252	342.5000012
1253	343.3000147
1254	343.8000083
1255	344.1999853
1256	344.900012
1257	345.6999958
1258	346.5000093
1259	346.7999995
1260	347.7999866
1261	348.1999934
1262	348.6999869
1263	349.2000103
1264	349.4000137
1265	349.7999907
1266	349.9000072
1267	350.4999876
1268	350.8000076
1269	351.0999978
1270	351.2000144
1271	351.3999879
1272	351.0999978
1273	351.5000045
1274	351.5000045
1275	351.7999947
1276	351.7999947
1277	352.1000147
1278	351.7999947
1279	352.2000015
1280	352.2999883
1281	352.4000049
1282	352.4000049
1283	352.4999917
1284	352.4000049
1285	352.4000049
1286	352.4999917
1287	352.1000147
1288	352.1000147
1289	352.2999883
1290	352.1000147
1291	352.2999883
1292	352.6000082
1293	352.6000082
1294	352.8000116
1295	352.9999852
1296	353.3000052
1297	353.1999886
1298	353.1999886
1299	353.399992
1300	353.5000086
1301	353.5999954
1302	353.700012
1303	353.7999988
1304	354.0000021
1305	354.2000055
1306	354.2999923
1307	354.2999923
1308	354.2000055
1309	354.2000055
1310	354.0999889
1311	354.0000021
1312	354.0999889
1313	354.0999889
1314	354.0999889
1315	354.0000021
1316	353.8999856
1317	354.0000021
1318	354.0000021
1319	354.0000021
1320	354.0000021
1321	353.700012
1322	353.8999856
1323	353.8999856
1324	354.0000021
1325	354.2000055
1326	354.2999923
1327	354.4999957
1328	354.6999991
1329	354.6999991
1330	354.7999859
1331	354.6999991
1332	354.6000123
1333	354.2999923
1334	354.4999957
1335	354.2999923
1336	354.4000089
1337	354.2999923
1338	354.6000123
1339	354.4999957
1340	354.2999923
1341	354.2999923
1342	354.2999923
1343	354.2000055
1344	354.2999923
1345	354.0999889
1346	354.0999889
1347	354.2000055
1348	354.2000055
1349	354.2999923
1350	354.2999923
1351	354.4999957
1352	354.6999991
1353	354.6999991
1354	354.7999859
1355	354.7999859
1356	354.6999991
1357	354.6000123
1358	354.6999991
1359	354.6000123
1360	354.6999991
1361	354.4999957
1362	354.2999923
1363	354.2000055
1364	354.0000021
1365	354.0999889
1366	354.0000021
1367	354.0999889
1368	354.0999889
1369	354.2999923
1370	354.0999889
1371	354.0999889
1372	354.0000021
1373	353.700012
1374	353.700012
1375	353.7999988
1376	353.8999856
1377	353.5999954
1378	353.700012
1379	353.700012
1380	353.8999856
1381	353.700012
1382	353.700012
1383	353.700012
1384	353.8999856
1385	354.0000021
1386	353.8999856
1387	354.0999889
1388	354.2000055
1389	354.2999923
1390	354.2000055
1391	354.2000055
1392	354.2999923
1393	354.0000021
1394	353.8999856
1395	354.0000021
1396	353.700012
1397	353.700012
1398	353.7999988
1399	353.700012
1400	353.8999856
1401	353.8999856
1402	353.700012
1403	353.7999988
1404	353.8999856
1405	353.700012
1406	353.7999988
1407	353.8999856
1408	353.8999856
1409	353.8999856
1410	354.0000021
1411	354.0000021
1412	354.0000021
1413	354.0000021
1414	354.0000021
1415	354.0000021
1416	354.0000021
1417	354.2999923
1418	354.2999923
1419	354.4999957
1420	354.2999923
1421	354.2999923
1422	354.2999923
1423	354.2999923
1424	354.2999923
1425	354.0000021
1426	354.0000021
1427	354.0000021
1428	354.0999889
1429	354.0999889
1430	354.0999889
1431	354.2000055
1432	353.8999856
1433	353.700012
1434	353.5000086
1435	353.5999954
1436	353.5000086
1437	353.700012
1438	353.7999988
1439	353.700012
1440	353.8999856
1441	354.0000021
1442	354.0000021
1443	354.0999889
1444	354.2000055
1445	354.2999923
1446	354.0000021
1447	354.0000021
1448	353.8999856
1449	354.0000021
1450	353.8999856
1451	354.0000021
1452	354.2000055
1453	354.2999923
1454	354.2999923
1455	354.4000089
1456	354.4000089
1457	354.4000089
1458	354.6000123
1459	354.4000089
1460	354.6000123
1461	354.4999957
1462	354.4999957
1463	354.6000123
1464	354.4000089
1465	354.2999923
1466	354.0999889
1467	354.0000021
1468	353.7999988
1469	353.8999856
1470	354.0000021
1471	354.0000021
1472	354.0000021
1473	354.0000021
1474	353.8999856
1475	353.7999988
1476	353.7999988
1477	353.700012
1478	353.7999988
1479	353.7999988
1480	353.8999856
1481	353.700012
1482	353.700012
1483	353.700012
1484	353.700012
1485	353.7999988
1486	353.7999988
1487	353.8999856
1488	354.0999889
1489	354.0000021
1490	354.0000021
1491	354.0999889
1492	354.2000055
1493	354.2000055
1494	354.0000021
1495	354.2000055
1496	354.0999889
1497	354.0999889
1498	354.2000055
1499	354.2000055
1500	354.2999923
1501	354.2999923
1502	354.2000055
1503	354.0000021
1504	354.0000021
1505	354.0000021
1506	354.2000055
1507	354.0999889
1508	354.0000021
1509	354.0000021
1510	354.0999889
1511	354.0000021
1512	354.0999889
1513	353.8999856
1514	353.7999988
1515	353.700012
1516	353.7999988
1517	353.5999954
1518	353.5999954
1519	353.700012
1520	353.7999988
1521	354.0000021
1522	353.8999856
1523	354.0000021
1524	354.2999923
1525	354.2999923
1526	354.2999923
1527	353.8999856
1528	353.7999988
1529	354.0999889
1530	354.6000123
1531	354.7999859
1532	355.3000093
1533	355.8000028
1534	356.5999866
1535	356.7000031
1536	357.1999967
1537	357.8999937
1538	358.3000004
1539	358.5000038
1540	358.9000106
1541	359.4000041
1542	359.4000041
1543	359.4999909
1544	359.2999876
1545	359.4999909
1546	359.6999943
1547	359.6000075
1548	359.4999909
1549	359.4999909
1550	359.8000109
1551	359.4999909
1552	359.6000075
1553	359.6000075
1554	359.4999909
1555	359.6999943
1556	360.0000143
1557	360.0000143
1558	360.1000011
1559	359.8999977
1560	360.3000045
1561	360.1000011
1562	360.1000011
1563	360.1000011
1564	360.1000011
1565	360.1000011
1566	359.6999943
1567	359.4999909
1568	359.2000008
1569	359.2999876
1570	359.6000075
1571	360.0000143
1572	360.3999913
1573	360.5999947
1574	360.3999913
1575	360.1000011
1576	359.8999977
1577	360.1000011
1578	360.1999879
1579	360.1999879
1580	360.0000143
1581	360.0000143
1582	359.4999909
1583	359.4999909
1584	359.4999909
1585	359.8000109
1586	359.6999943
1587	360.0000143
1588	359.8000109
1589	359.8999977
1590	360.1000011
1591	360.1000011
1592	360.1999879
1593	360.1999879
1594	360.1000011
1595	360.3000045
1596	360.5000079
1597	360.7000113
1598	360.799998
1599	360.5000079
1600	360.3000045
1601	360.1999879
1602	360.1000011
1603	360.0000143
1604	359.8999977
1605	360.1000011
1606	359.8000109
1607	359.8000109
1608	359.8000109
1609	359.8000109
1610	359.6999943
1611	359.6999943
1612	359.8000109
1613	359.8999977
1614	359.8999977
1615	360.1000011
1616	360.1000011
1617	360.1000011
1618	360.1000011
1619	360.1000011
1620	360.1999879
1621	360.3999913
1622	360.3999913
1623	360.1999879
1624	360.1000011
1625	359.8999977
1626	360.3000045
1627	360.3999913
1628	360.5000079
1629	360.3000045
1630	360.1000011
1631	360.1000011
1632	360.3000045
1633	360.1999879
1634	360.1999879
1635	360.1999879
1636	360.1000011
1637	359.4999909
1638	359.6000075
1639	359.4999909
1640	359.8000109
1641	360.0000143
1642	360.1999879
1643	360.1999879
1644	360.1000011
1645	360.1000011
1646	360.1000011
1647	359.8000109
1648	360.0000143
1649	360.1000011
1650	360.1000011
1651	360.1999879
1652	360.3000045
1653	360.1000011
1654	360.3000045
1655	360.1000011
1656	360.1000011
1657	360.0000143
1658	359.8000109
1659	359.8000109
1660	359.8999977
1661	359.8000109
1662	359.6000075
1663	359.6000075
1664	358.9999974
1665	358.9999974
1666	358.9000106
1667	359.2000008
1668	359.4999909
1669	359.8000109
1670	359.6999943
1671	359.8000109
1672	359.8999977
1673	360.1000011
1674	360.5999947
1675	360.3999913
1676	360.7000113
1677	360.799998
1678	361.0999882
1679	361.0999882
1680	361.0999882
1681	360.7000113
1682	360.3000045
1683	360.1999879
1684	360.1999879
1685	360.3999913
1686	360.5000079
1687	360.3999913
1688	360.3000045
1689	360.5000079
1690	360.799998
1691	360.799998
1692	360.9000146
1693	360.799998
1694	360.1999879
1695	360.1000011
1696	359.6000075
1697	359.8999977
1698	360.3999913
1699	360.5999947
1700	360.7000113
1701	360.3999913
1702	360.5999947
1703	360.799998
1704	361.0000014
1705	361.0999882
1706	361.0999882
1707	361.0999882
1708	360.3999913
1709	360.1000011
1710	358.9000106
1711	358.0000103
1712	355.5999994
1713	352.8000116
1714	349.9000072
1715	348.1999934
1716	345.600009
1717	343.6999917
1718	341.8000042
1719	341.3999975
1720	340.2999938
1721	340.0999904
1722	339.8000002
1723	339.899987
1724	340.4999971
1725	341.1999941
1726	341.1999941
1727	341.899991
1728	342.7000046
1729	343.8000083
1730	344.3000019
1731	344.9999988
1732	345.9999859
1733	346.7999995
1734	346.8999863
1735	347.600013
1736	348.30001
1737	348.8999903
1738	348.8999903
1739	349.2000103
1740	349.5000005
1741	349.5000005
1742	349.2999971
1743	349.9000072
1744	350.1000106
1745	350.300014
1746	350.1999974
1747	350.4999876
1748	350.699991
1749	350.8000076
1750	350.4999876
1751	350.8000076
1752	351.0999978
1753	351.0999978
1754	351.3000011
1755	351.7000079
1756	351.7999947
1757	351.9000113
1758	352.1000147
1759	352.1000147
1760	352.2000015
1761	352.2999883
1762	352.4000049
1763	352.4000049
1764	352.4000049
1765	352.699995
1766	352.6000082
1767	352.8000116
1768	352.6000082
1769	352.8000116
1770	352.8999984
1771	352.8999984
1772	352.699995
1773	352.8999984
1774	352.9999852
1775	352.8000116
1776	352.8000116
1777	352.699995
1778	352.8000116
1779	353.1999886
1780	352.8000116
1781	352.699995
1782	352.699995
1783	352.4000049
1784	352.4999917
1785	352.699995
1786	352.8000116
1787	352.9999852
1788	352.9999852
1789	352.9999852
1790	352.8999984
1791	352.8000116
1792	352.8000116
1793	352.8000116
1794	353.1000018
1795	353.1000018
1796	353.1999886
1797	353.1999886
1798	353.1000018
1799	352.8999984
1800	352.8000116
1801	352.8000116
1802	352.699995
1803	352.699995
1804	352.8000116
1805	352.9999852
1806	352.9999852
1807	353.1000018
1808	353.1000018
1809	353.1999886
1810	353.1999886
1811	353.1999886
1812	353.3000052
1813	353.1999886
1814	352.9999852
1815	352.9999852
1816	352.8999984
1817	352.9999852
1818	352.9999852
1819	353.1000018
1820	353.1999886
1821	352.9999852
1822	353.1000018
1823	353.399992
1824	353.399992
1825	353.399992
1826	353.399992
1827	353.1999886
1828	353.399992
1829	353.5000086
1830	353.5000086
1831	353.5000086
1832	353.5000086
1833	353.700012
1834	353.5000086
1835	353.399992
1836	353.399992
1837	353.700012
1838	353.700012
1839	353.399992
1840	353.399992
1841	353.5000086
1842	353.3000052
1843	353.3000052
1844	353.399992
1845	353.1000018
1846	353.1000018
1847	353.1999886
1848	353.1999886
1849	353.1999886
1850	352.9999852
1851	352.9999852
1852	353.1000018
1853	353.3000052
1854	353.1999886
1855	353.399992
1856	353.700012
1857	353.700012
1858	354.0000021
1859	353.700012
1860	353.8999856
1861	353.700012
1862	353.5999954
1863	353.3000052
1864	353.1999886
1865	353.1000018
1866	352.8000116
1867	352.8999984
1868	352.9999852
1869	352.699995
1870	352.9999852
1871	353.1000018
1872	353.1000018
1873	352.9999852
1874	353.5000086
1875	353.5000086
1876	353.399992
1877	353.399992
1878	353.700012
1879	353.5999954
1880	353.3000052
1881	353.399992
1882	353.5999954
1883	353.700012
1884	353.399992
1885	353.399992
1886	353.5999954
1887	353.700012
1888	353.700012
1889	353.5000086
1890	353.399992
1891	353.3000052
1892	354.2999923
1893	354.4000089
1894	354.6999991
1895	354.6000123
1896	354.6000123
1897	354.2999923
1898	354.6000123
1899	354.6999991
1900	354.6000123
1901	354.6999991
1902	354.6999991
1903	354.7999859
1904	354.7999859
1905	354.6999991
1906	354.4999957
1907	354.4999957
1908	354.4000089
1909	354.4000089
1910	354.6999991
1911	354.4999957
1912	354.6999991
1913	354.6000123
1914	354.6000123
1915	354.4999957
1916	354.4999957
1917	354.6000123
1918	354.2999923
1919	354.2999923
1920	354.2999923
1921	354.0999889
1922	354.2000055
1923	354.2000055
1924	354.0999889
1925	354.0000021
1926	354.0000021
1927	354.0000021
1928	353.7999988
1929	354.0000021
1930	353.8999856
1931	353.8999856
1932	353.700012
1933	353.5999954
1934	353.5999954
1935	353.700012
1936	353.8999856
1937	354.0000021
1938	353.700012
1939	353.5000086
1940	353.399992
1941	353.399992
1942	353.399992
1943	353.5999954
1944	353.5999954
1945	353.5999954
1946	353.5000086
1947	353.399992
1948	353.399992
1949	353.399992
1950	353.1999886
1951	353.3000052
1952	353.3000052
1953	353.399992
1954	353.399992
1955	353.5000086
1956	353.3000052
1957	353.399992
1958	353.399992
1959	353.5000086
1960	353.399992
1961	353.3000052
1962	353.1000018
1963	353.1000018
1964	352.8000116
1965	352.9999852
1966	353.1000018
1967	353.3000052
1968	352.9999852
1969	352.9999852
1970	353.399992
1971	353.3000052
1972	353.1999886
1973	352.9999852
1974	353.399992
1975	353.700012
1976	353.700012
1977	353.700012
1978	353.7999988
1979	354.0000021
1980	353.8999856
1981	353.8999856
1982	353.8999856
1983	354.0000021
1984	353.7999988
1985	353.7999988
1986	353.700012
1987	353.5000086
1988	353.399992
1989	353.399992
1990	353.3000052
1991	353.399992
1992	353.399992
1993	353.399992
1994	353.700012
1995	353.5999954
1996	353.5999954
1997	353.399992
1998	353.5000086
1999	353.399992
2000	353.5000086
2001	353.3000052
2002	352.9999852
2003	352.9999852
2004	353.1999886
2005	353.399992
2006	353.700012
2007	353.700012
2008	354.0000021
2009	354.0999889
2010	354.4999957
2011	354.4999957
2012	354.6999991
2013	355.1999927
2014	355.399996
2015	355.5000126
2016	355.5999994
2017	356.099993
2018	356.2999964
2019	356.5999866
2020	356.9000065
2021	357.4000001
2022	357.4999869
2023	357.6000035
2024	357.8999937
2025	358.0000103
2026	358.0000103
2027	358.0000103
2028	357.8999937
2029	357.8999937
2030	357.8999937
2031	357.8000069
2032	357.8999937
2033	357.8999937
2034	358.099997
2035	358.3000004
2036	358.5000038
2037	358.7000072
2038	358.799994
2039	359.2000008
2040	359.4999909
2041	359.4000041
2042	359.2999876
2043	358.9999974
2044	358.9999974
2045	358.9999974
2046	358.799994
2047	358.799994
2048	359.2000008
2049	359.100014
2050	358.9999974
2051	359.2000008
2052	359.2000008
2053	359.4000041
2054	359.4000041
2055	359.100014
2056	358.9999974
2057	359.100014
2058	359.2000008
2059	358.9999974
2060	359.2000008
2061	359.2000008
2062	359.2000008
2063	359.2000008
2064	359.2000008
2065	359.2000008
2066	359.2000008
2067	359.2000008
2068	359.2000008
2069	359.4000041
2070	359.8000109
2071	359.4999909
2072	359.4999909
2073	359.2999876
2074	359.4000041
2075	359.2999876
2076	359.4000041
2077	359.4999909
2078	359.4000041
2079	359.2999876
2080	359.2000008
2081	358.799994
2082	358.799994
2083	358.799994
2084	358.9999974
2085	359.100014
2086	358.9999974
2087	359.2000008
2088	359.4999909
2089	359.4999909
2090	359.4999909
2091	359.4999909
2092	359.4000041
2093	359.4999909
2094	359.6000075
2095	359.4999909
2096	359.6999943
2097	359.8000109
2098	359.8000109
2099	359.6999943
2100	359.6000075
2101	359.4999909
2102	360.0000143
2103	359.8000109
2104	359.8000109
2105	359.6000075
2106	360.0000143
2107	360.0000143
2108	360.3000045
2109	360.3999913
2110	360.799998
2111	360.5999947
2112	360.799998
2113	360.5000079
2114	360.3999913
2115	360.1000011
2116	359.6999943
2117	359.4999909
2118	359.4999909
2119	359.6999943
2120	359.6000075
2121	359.4999909
2122	359.4999909
2123	359.2999876
2124	359.4999909
2125	359.4999909
2126	359.4999909
2127	359.6000075
2128	359.6999943
2129	359.6999943
2130	359.8000109
2131	360.1000011
2132	360.1000011
2133	360.1000011
2134	360.3000045
2135	360.3000045
2136	360.5999947
2137	360.3999913
2138	360.3999913
2139	359.8999977
2140	359.4999909
2141	359.4999909
2142	359.4000041
2143	359.2999876
2144	359.2000008
2145	359.4000041
2146	359.4999909
2147	359.6000075
2148	359.6999943
2149	359.8000109
2150	359.8999977
2151	359.6999943
2152	359.8000109
2153	359.4999909
2154	359.2000008
2155	359.4000041
2156	359.4999909
2157	359.4999909
2158	359.2999876
2159	359.4999909
2160	359.6000075
2161	360.0000143
2162	359.8000109
2163	360.0000143
2164	360.1000011
2165	360.1000011
2166	360.1000011
2167	360.1000011
2168	359.8999977
2169	360.1000011
2170	360.0000143
2171	360.1000011
2172	360.1000011
2173	359.8999977
2174	359.6999943
2175	359.6999943
2176	359.6000075
2177	359.8000109
2178	360.1000011
2179	360.5000079
2180	360.5999947
2181	360.3999913
2182	360.799998
2183	360.799998
2184	360.5000079
2185	360.7000113
2186	360.799998
2187	360.799998
2188	360.5000079
2189	359.6999943
2190	357.6999903
2191	356.9000065
2192	354.6999991
2193	351.9999981
2194	349.5000005
2195	347.9000032
2196	345.299989
2197	343.1000113
2198	341.5000141
2199	340.7999873
2200	340.0999904
2201	339.7000134
2202	339.7000134
2203	340.0000036
2204	340.2999938
2205	341.1000073
2206	341.3999975
2207	342.0999944
2208	343.1000113
2209	344.0000117
2210	344.1999853
2211	344.900012
2212	345.6999958
2213	346.1999893
2214	346.5000093
2215	346.7999995
2216	347.4999964
2217	347.99999
2218	347.99999
2219	348.3999968
2220	348.8999903
2221	349.2000103
2222	349.2999971
2223	349.7000039
2224	350.1000106
2225	350.1999974
2226	350.6000042
2227	350.699991
2228	350.6000042
2229	350.6000042
2230	351.000011
2231	351.0999978
2232	351.0999978
2233	351.000011
2234	351.5000045
2235	351.7999947
2236	351.9999981
2237	351.9000113
2238	352.1000147
2239	352.1000147
2240	352.1000147
2241	352.2000015
2242	352.2999883
2243	352.4000049
2244	352.4999917
2245	352.4999917
2246	352.4000049
2247	352.4999917
2248	352.4999917
2249	352.4000049
2250	352.4000049
2251	352.4000049
2252	352.4000049
2253	352.8000116
2254	352.6000082
2255	352.699995
2256	352.8000116
2257	352.699995
2258	352.699995
2259	352.8000116
2260	352.699995
2261	352.6000082
2262	352.699995
2263	352.4000049
2264	352.6000082
2265	352.699995
2266	352.2999883
2267	352.699995
2268	352.699995
2269	352.4000049
2270	352.699995
2271	352.699995
2272	352.699995
2273	352.4999917
2274	352.9999852
2275	352.699995
2276	352.6000082
2277	352.8000116
2278	352.8999984
2279	352.6000082
2280	352.9999852
2281	352.9999852
2282	353.1000018
2283	352.9999852
2284	353.1000018
2285	353.1000018
2286	353.1000018
2287	352.9999852
2288	353.1000018
2289	352.9999852
2290	352.9999852
2291	352.699995
2292	352.699995
2293	352.4000049
2294	352.4000049
2295	352.4000049
2296	352.4000049
2297	352.9999852
2298	352.8999984
2299	352.8000116
2300	352.4000049
2301	352.6000082
2302	352.4999917
2303	352.4000049
2304	352.2000015
2305	352.699995
2306	352.699995
2307	352.699995
2308	352.699995
2309	352.699995
2310	352.8000116
2311	353.1000018
2312	352.8000116
2313	353.3000052
2314	352.9999852
2315	353.1000018
2316	352.9999852
2317	352.8999984
2318	353.1000018
2319	353.1999886
2320	353.399992
2321	353.1999886
2322	353.3000052
2323	353.3000052
2324	353.1000018
2325	353.1999886
2326	353.1000018
2327	352.9999852
2328	353.1999886
2329	353.3000052
2330	353.1999886
2331	352.9999852
2332	352.9999852
2333	353.1000018
2334	352.9999852
2335	353.1999886
2336	353.1999886
2337	353.5000086
2338	353.1999886
2339	353.1999886
2340	353.1999886
2341	353.399992
2342	353.3000052
2343	353.1999886
2344	353.1999886
2345	353.1999886
2346	353.399992
2347	353.5000086
2348	353.5000086
2349	353.399992
2350	353.1999886
2351	352.8999984
2352	352.8000116
2353	352.8999984
2354	352.9999852
2355	352.9999852
2356	352.9999852
2357	352.9999852
2358	352.9999852
2359	352.9999852
2360	352.9999852
2361	352.8000116
2362	352.9999852
2363	353.399992
2364	353.1999886
2365	352.9999852
2366	353.1999886
2367	353.3000052
2368	353.5000086
2369	353.1000018
2370	353.1999886
2371	353.1000018
2372	353.3000052
2373	353.3000052
2374	353.399992
2375	353.399992
2376	353.399992
2377	353.700012
2378	353.399992
2379	353.399992
2380	353.399992
2381	353.399992
2382	353.399992
2383	353.3000052
2384	353.3000052
2385	353.3000052
2386	352.9999852
2387	352.9999852
2388	352.9999852
2389	353.399992
2390	353.1999886
2391	353.1000018
2392	353.5999954
2393	353.5000086
2394	353.5999954
2395	353.399992
2396	353.1999886
2397	353.3000052
2398	353.1999886
2399	353.3000052
2400	353.3000052
2401	353.399992
2402	353.3000052
2403	353.5000086
2404	353.399992
2405	353.399992
2406	353.5999954
2407	353.3000052
2408	353.5999954
2409	353.5999954
2410	353.5999954
2411	353.700012
2412	353.700012
2413	353.700012
2414	353.7999988
2415	353.7999988
2416	353.700012
2417	353.5000086
2418	353.700012
2419	353.700012
2420	353.5000086
2421	353.399992
2422	353.399992
2423	353.399992
2424	353.5000086
2425	353.5000086
2426	353.5999954
2427	353.5999954
2428	353.5999954
2429	353.700012
2430	353.399992
2431	353.5000086
2432	353.700012
2433	353.700012
2434	353.5999954
2435	353.700012
2436	353.700012
2437	353.3000052
2438	353.3000052
2439	353.3000052
2440	353.5000086
2441	353.700012
2442	353.5999954
2443	353.5999954
2444	353.5999954
2445	353.5999954
2446	353.399992
2447	353.399992
2448	353.399992
2449	353.399992
2450	353.3000052
2451	353.1999886
2452	353.399992
2453	353.5000086
2454	353.399992
2455	353.399992
2456	353.5999954
2457	353.5999954
2458	353.5999954
2459	353.700012
2460	353.5000086
2461	353.3000052
2462	353.3000052
2463	353.399992
2464	353.5999954
2465	353.399992
2466	353.3000052
2467	353.1999886
2468	353.399992
2469	353.399992
2470	353.399992
2471	353.399992
2472	353.5999954
2473	353.5000086
2474	353.1000018
2475	352.8000116
2476	352.8999984
2477	353.1000018
2478	353.3000052
2479	353.5000086
2480	353.5000086
2481	354.0999889
2482	354.2000055
2483	354.0999889
2484	354.2999923
2485	354.4000089
2486	354.4000089
2487	354.6999991
2488	355.3000093
2489	355.8999896
2490	356.400013
2491	356.7000031
2492	356.7000031
2493	357.4999869
2494	357.6999903
2495	358.0000103
2496	358.099997
2497	358.5000038
2498	358.5000038
2499	358.5000038
2500	358.3999872
2501	358.5000038
2502	358.7000072
2503	358.799994
2504	358.799994
2505	358.799994
2506	359.2000008
2507	359.100014
2508	359.2000008
2509	358.799994
2510	359.2000008
2511	359.2000008
2512	358.9000106
2513	358.7000072
2514	358.9999974
2515	358.799994
2516	358.799994
2517	358.5999906
2518	359.100014
2519	359.2000008
2520	359.2000008
2521	359.2000008
2522	359.4000041
2523	359.2999876
2524	359.2000008
2525	359.8000109
2526	359.8000109
2527	359.8000109
2528	359.8000109
2529	359.4999909
2530	359.2999876
2531	359.2000008
2532	359.2000008
2533	359.2000008
2534	359.2000008
2535	359.100014
2536	358.799994
2537	358.9999974
2538	358.9000106
2539	358.5999906
2540	358.799994
2541	358.9000106
2542	358.7000072
2543	358.5000038
2544	358.3000004
2545	358.2000136
2546	358.5000038
2547	358.799994
2548	358.799994
2549	358.9000106
2550	359.2000008
2551	359.2999876
2552	359.2999876
2553	359.2999876
2554	359.100014
2555	359.2000008
2556	358.9999974
2557	359.100014
2558	358.9999974
2559	359.2000008
2560	359.2000008
2561	359.2999876
2562	359.2000008
2563	358.9999974
2564	359.2000008
2565	358.9000106
2566	358.7000072
2567	358.5999906
2568	358.7000072
2569	358.5999906
2570	358.5999906
2571	358.5000038
2572	358.5000038
2573	358.5000038
2574	358.5000038
2575	358.3999872
2576	358.5000038
2577	358.7000072
2578	358.7000072
2579	358.5999906
2580	358.5999906
2581	358.9999974
2582	359.2000008
2583	359.100014
2584	358.5999906
2585	358.5999906
2586	358.799994
2587	358.9999974
2588	358.799994
2589	358.7000072
2590	358.5000038
2591	358.3000004
2592	358.799994
2593	358.7000072
2594	358.9999974
2595	358.799994
2596	358.5999906
2597	358.799994
2598	359.2000008
2599	359.2999876
2600	359.4000041
2601	359.4000041
2602	359.8999977
2603	359.8999977
2604	359.8000109
2605	359.8000109
2606	359.8000109
2607	360.0000143
2608	360.1000011
2609	360.0000143
2610	360.1000011
2611	360.1000011
2612	360.1999879
2613	360.0000143
2614	359.8000109
2615	359.8000109
2616	359.6000075
2617	359.4999909
2618	359.4999909
2619	359.4000041
2620	359.4999909
2621	359.2000008
2622	359.2000008
2623	359.2000008
2624	359.100014
2625	358.799994
2626	358.9000106
2627	358.9000106
2628	358.9999974
2629	359.2000008
2630	359.2000008
2631	359.2000008
2632	359.2000008
2633	359.4999909
2634	359.4000041
2635	359.100014
2636	358.9999974
2637	359.2000008
2638	359.2999876
2639	359.2999876
2640	359.4000041
2641	359.4000041
2642	359.2000008
2643	359.100014
2644	359.2000008
2645	359.4999909
2646	359.4000041
2647	359.2000008
2648	359.2000008
2649	358.9000106
2650	359.2000008
2651	359.2000008
2652	359.4000041
2653	359.6999943
2654	359.6999943
2655	359.4999909
2656	359.8000109
2657	359.8999977
2658	360.0000143
2659	360.1000011
2660	360.0000143
2661	360.0000143
2662	359.6999943
2663	358.799994
2664	357.1999967
2665	355.3000093
2666	353.700012
2667	350.8999944
2668	347.600013
2669	344.7000086
2670	343.4000015
2671	341.3999975
2672	339.8000002
2673	338.8000131
2674	338.2000029
2675	338.4000063
2676	338.6000097
2677	338.8999999
2678	339.19999
2679	340.200007
2680	340.7999873
2681	341.6000009
2682	341.6999876
2683	342.599988
2684	343.3000147
2685	343.6999917
2686	344.3999887
2687	344.9999988
2688	345.600009
2689	345.600009
2690	346.3000059
2691	346.8999863
2692	347.600013
2693	347.600013
2694	347.600013
2695	347.600013
2696	347.99999
2697	348.30001
2698	348.5000134
2699	348.8999903
2700	349.2999971
2701	349.7000039
2702	349.5000005
2703	349.5999873
2704	349.7000039
2705	349.7999907
2706	349.7999907
2707	349.5999873
2708	349.5000005
2709	349.7000039
2710	349.7999907
2711	349.9000072
2712	349.9000072
2713	350.1000106
2714	350.1000106
2715	350.4999876
2716	350.6000042
2717	350.4999876
2718	350.8000076
2719	351.000011
2720	351.2000144
2721	351.0999978
2722	351.3999879
2723	351.3999879
2724	351.3999879
2725	351.5999913
2726	351.5000045
2727	351.7000079
2728	351.5000045
2729	351.7999947
2730	351.5000045
2731	351.7000079
2732	351.5999913
2733	351.5999913
2734	351.5000045
2735	351.7999947
2736	351.7000079
2737	351.7000079
2738	351.7999947
2739	351.7000079
2740	351.7999947
2741	351.7999947
2742	351.9000113
2743	351.7999947
2744	351.7000079
2745	351.5999913
2746	351.7999947
2747	351.7999947
2748	351.7999947
2749	352.1000147
2750	352.1000147
2751	351.9999981
2752	352.1000147
2753	352.1000147
2754	352.2000015
2755	352.1000147
2756	352.1000147
2757	352.2000015
2758	352.2999883
2759	352.2999883
2760	352.1000147
2761	351.9999981
2762	351.9999981
2763	351.9000113
2764	352.1000147
2765	352.4999917
2766	352.6000082
2767	352.2000015
2768	350.8000076
2769	350.4000008
2770	350.1999974
2771	350.8000076
2772	351.3000011
2773	351.7999947
2774	352.1000147
2775	352.2000015
2776	352.2999883
2777	352.4000049
2778	352.699995
2779	352.2999883
2780	352.6000082
2781	352.4000049
2782	352.8000116
2783	352.699995
2784	352.4999917
2785	352.4000049
2786	352.4999917
2787	352.4000049
2788	352.2999883
2789	352.2999883
2790	352.4000049
2791	352.2000015
2792	352.4000049
2793	352.2000015
2794	352.699995
2795	352.699995
2796	352.6000082
2797	352.4999917
2798	352.6000082
2799	352.699995
2800	352.8000116
2801	352.8000116
2802	352.699995
2803	352.6000082
2804	352.699995
2805	352.4000049
2806	352.2000015
2807	352.2999883
2808	352.4000049
2809	352.2999883
2810	352.2000015
2811	352.1000147
2812	351.9999981
2813	351.7000079
2814	351.3999879
2815	351.5000045
2816	351.7000079
2817	351.3999879
2818	351.3999879
2819	351.5000045
2820	351.3999879
2821	351.2000144
2822	351.0999978
2823	351.0999978
2824	351.3000011
2825	351.3999879
2826	351.7000079
2827	351.7000079
2828	352.1000147
2829	351.7000079
2830	351.5999913
2831	351.7999947
2832	351.5000045
2833	351.3999879
2834	351.3000011
2835	351.3999879
2836	351.3999879
2837	351.5000045
2838	351.9000113
2839	351.7000079
2840	351.7999947
2841	351.7000079
2842	351.7999947
2843	351.7999947
2844	351.7999947
2845	352.1000147
2846	351.9999981
2847	351.9000113
2848	351.7999947
2849	352.1000147
2850	352.1000147
2851	352.1000147
2852	352.4000049
2853	352.4000049
2854	352.2999883
2855	352.2999883
2856	352.2000015
2857	352.4999917
2858	352.4000049
2859	352.4000049
2860	352.4000049
2861	352.4000049
2862	352.4999917
2863	352.4000049
2864	352.1000147
2865	352.1000147
2866	352.1000147
2867	352.4000049
2868	351.9999981
2869	351.9000113
2870	351.7000079
2871	351.5999913
2872	352.1000147
2873	352.2999883
2874	351.9999981
2875	352.2999883
2876	352.2000015
2877	352.1000147
2878	352.1000147
2879	352.1000147
2880	352.2999883
2881	352.4000049
2882	352.4999917
2883	352.6000082
2884	352.9999852
2885	352.8000116
2886	352.6000082
2887	352.6000082
2888	352.6000082
2889	352.6000082
2890	352.4999917
2891	352.4999917
2892	352.699995
2893	352.699995
2894	352.699995
2895	352.8999984
2896	352.9999852
2897	353.1000018
2898	352.9999852
2899	353.1000018
2900	353.1999886
2901	352.9999852
2902	353.3000052
2903	352.699995
2904	352.699995
2905	352.6000082
2906	352.6000082
2907	352.699995
2908	352.699995
2909	352.9999852
2910	352.8000116
2911	352.699995
2912	352.8000116
2913	352.4000049
2914	352.4000049
2915	352.1000147
2916	352.2999883
2917	352.1000147
2918	352.2000015
2919	352.1000147
2920	352.4000049
2921	352.2999883
2922	352.6000082
2923	352.6000082
2924	352.8999984
2925	352.9999852
2926	352.8000116
2927	352.8999984
2928	352.8999984
2929	352.699995
2930	352.6000082
2931	352.4999917
2932	352.2999883
2933	352.4000049
2934	352.4000049
2935	352.4000049
2936	351.9999981
2937	352.1000147
2938	352.1000147
2939	352.2999883
2940	351.9000113
2941	352.4000049
2942	352.4000049
2943	352.2000015
2944	352.1000147
2945	352.4000049
2946	352.6000082
2947	352.699995
2948	352.699995
2949	352.6000082
2950	352.1000147
2951	351.7999947
2952	351.7999947
2953	352.2000015
2954	352.2999883
2955	352.2000015
2956	352.4000049
2957	352.699995
2958	353.399992
2959	353.700012
2960	354.7999859
2961	355.1000059
2962	355.399996
2963	356.099993
2964	356.9000065
2965	356.9999933
2966	357.4000001
2967	357.8000069
2968	357.6000035
2969	357.4999869
2970	357.6000035
2971	357.6000035
2972	357.6000035
2973	357.8000069
2974	357.8999937
2975	358.2000136
2976	358.5000038
2977	358.7000072
2978	358.799994
2979	358.799994
2980	358.799994
2981	358.799994
2982	358.799994
2983	358.7000072
2984	358.7000072
2985	358.5000038
2986	358.3000004
2987	358.5999906
2988	358.7000072
2989	358.9000106
2990	359.100014
2991	359.2000008
2992	359.2999876
2993	358.9999974
2994	358.9000106
2995	359.2000008
2996	358.9000106
2997	358.9999974
2998	359.2000008
2999	359.100014
3000	358.9999974
3001	358.799994
3002	358.799994
3003	358.9000106
3004	358.9999974
3005	359.2000008
3006	359.2999876
3007	359.2000008
3008	359.2000008
3009	358.799994
3010	358.5000038
3011	358.5000038
3012	358.2000136
3013	358.5999906
3014	358.7000072
3015	358.799994
3016	358.799994
3017	359.2000008
3018	359.4000041
3019	359.4000041
3020	359.4999909
3021	359.6000075
3022	359.4999909
3023	359.4000041
3024	359.6999943
3025	359.2000008
3026	359.6999943
3027	359.4999909
3028	359.2999876
3029	359.4000041
3030	359.2000008
3031	359.4999909
3032	359.6999943
3033	358.9000106
3034	358.799994
3035	358.9000106
3036	358.5000038
3037	358.5999906
3038	358.5000038
3039	358.3999872
3040	358.799994
3041	358.799994
3042	358.799994
3043	358.799994
3044	358.5000038
3045	358.3999872
3046	358.099997
3047	358.2000136
3048	358.2000136
3049	358.2000136
3050	358.2000136
3051	358.3000004
3052	358.2000136
3053	358.2000136
3054	358.2000136
3055	358.2000136
3056	358.7000072
3057	358.9000106
3058	358.9000106
3059	359.2999876
3060	359.4000041
3061	359.2999876
3062	359.2000008
3063	359.2000008
3064	359.2999876
3065	359.2999876
3066	359.100014
3067	358.9000106
3068	358.5999906
3069	358.7000072
3070	358.9999974
3071	359.2999876
3072	359.4999909
3073	359.6000075
3074	359.6999943
3075	359.4999909
3076	359.4999909
3077	359.4000041
3078	359.2000008
3079	359.4999909
3080	359.4999909
3081	359.6000075
3082	359.2999876
3083	358.9999974
3084	358.9000106
3085	358.799994
3086	359.100014
3087	359.4000041
3088	359.2999876
3089	359.2999876
3090	359.2000008
3091	358.799994
3092	359.2000008
3093	359.6999943
3094	360.1000011
3095	360.0000143
3096	359.8999977
3097	359.8999977
3098	359.8999977
3099	359.8000109
3100	359.8999977
3101	360.0000143
3102	360.0000143
3103	360.1000011
3104	360.1000011
3105	360.1000011
3106	360.1000011
3107	360.1000011
3108	360.3000045
3109	360.3000045
3110	359.8000109
3111	359.8000109
3112	359.8000109
3113	359.6999943
3114	359.8000109
3115	360.1000011
3116	359.8000109
3117	360.0000143
3118	359.8999977
3119	359.6000075
3120	359.4000041
3121	359.6000075
3122	359.4000041
3123	359.4999909
3124	359.8000109
3125	360.1999879
3126	360.1000011
3127	360.7000113
3128	360.1000011
3129	360.5000079
3130	360.5000079
3131	360.1999879
3132	360.1999879
3133	360.1999879
3134	359.8000109
3135	358.9000106
3136	357.4999869
3137	356.0000062
3138	354.9999893
3139	352.1000147
3140	349.5000005
3141	346.8999863
3142	345.600009
3143	343.1000113
3144	341.1999941
3145	340.7000005
3146	339.8000002
3147	339.1000032
3148	339.1000032
3149	339.3000066
3150	339.50001
3151	340.0000036
3152	340.4999971
3153	341.1999941
3154	341.6999876
3155	342.4000144
3156	343.1999981
3157	343.6999917
3158	344.599992
3159	345.4000056
3160	346.1000025
3161	346.3000059
3162	346.7999995
3163	347.299993
3164	347.600013
3165	347.7999866
3166	347.99999
3167	348.5000134
3168	348.6999869
3169	349.2000103
3170	349.2999971
3171	349.5999873
3172	349.7999907
3173	349.7000039
3174	349.5999873
3175	349.9000072
3176	350.1000106
3177	350.4000008
3178	350.6000042
3179	350.6000042
3180	350.8999944
3181	350.8000076
3182	350.699991
3183	350.6000042
3184	350.4999876
3185	350.8000076
3186	351.0999978
3187	351.3000011
3188	351.3000011
3189	351.3999879
3190	351.5000045
3191	351.3999879
3192	351.3999879
3193	351.5000045
3194	351.5000045
3195	351.5999913
3196	351.3999879
3197	351.5999913
3198	351.7999947
3199	351.7000079
3200	351.5999913
3201	351.3999879
3202	351.3000011
3203	351.7999947
3204	351.5999913
3205	351.5000045
3206	351.5000045
3207	351.7000079
3208	351.5000045
3209	351.5000045
3210	351.7000079
3211	351.7999947
3212	351.3999879
3213	351.9000113
3214	351.9000113
3215	351.9999981
3216	351.5000045
3217	351.3999879
3218	351.7000079
3219	351.7000079
3220	351.3999879
3221	351.9000113
3222	352.1000147
3223	351.9999981
3224	352.2000015
3225	352.1000147
3226	352.1000147
3227	352.1000147
3228	352.2000015
3229	352.1000147
3230	352.1000147
3231	352.2000015
3232	351.7999947
3233	351.7000079
3234	351.7000079
3235	351.9000113
3236	351.7999947
3237	351.9000113
3238	352.1000147
3239	351.9999981
3240	352.2000015
3241	352.1000147
3242	352.4000049
3243	352.2999883
3244	352.4000049
3245	352.4999917
3246	352.2000015
3247	352.1000147
3248	352.1000147
3249	352.2000015
3250	352.1000147
3251	351.7999947
3252	351.7999947
3253	351.9000113
3254	352.2999883
3255	352.1000147
3256	352.2999883
3257	352.2000015
3258	351.7999947
3259	352.1000147
3260	352.1000147
3261	352.1000147
3262	352.1000147
3263	352.2000015
3264	352.1000147
3265	352.4000049
3266	352.4000049
3267	352.2000015
3268	352.1000147
3269	351.9999981
3270	352.1000147
3271	352.1000147
3272	352.4000049
3273	352.2000015
3274	352.2999883
3275	352.2999883
3276	352.2000015
3277	352.2999883
3278	352.1000147
3279	351.7999947
3280	351.7000079
3281	351.9999981
3282	351.9999981
3283	352.1000147
3284	352.1000147
3285	352.2000015
3286	352.1000147
3287	352.2000015
3288	352.1000147
3289	352.1000147
3290	352.1000147
3291	352.1000147
3292	351.9999981
3293	351.9000113
3294	351.9000113
3295	351.7999947
3296	352.1000147
3297	352.2000015
3298	352.2000015
3299	352.1000147
3300	351.9000113
3301	352.1000147
3302	352.2000015
3303	352.4000049
3304	352.4000049
3305	352.4000049
3306	352.4000049
3307	352.4000049
3308	352.4999917
3309	352.699995
3310	352.699995
3311	352.8000116
3312	352.4999917
3313	352.699995
3314	352.699995
3315	352.6000082
3316	352.8000116
3317	352.8000116
3318	352.4999917
3319	352.6000082
3320	352.699995
3321	352.4999917
3322	352.699995
3323	352.8000116
3324	352.9999852
3325	352.6000082
3326	352.6000082
3327	352.4000049
3328	352.4000049
3329	352.1000147
3330	352.4000049
3331	352.2999883
3332	352.6000082
3333	352.6000082
3334	352.699995
3335	352.6000082
3336	352.4000049
3337	352.4000049
3338	352.2999883
3339	352.4999917
3340	352.6000082
3341	352.4000049
3342	352.699995
3343	352.8000116
3344	352.8999984
3345	352.8000116
3346	352.699995
3347	352.699995
3348	352.699995
3349	352.699995
3350	352.4000049
3351	352.4000049
3352	352.4000049
3353	352.4000049
3354	352.4000049
3355	352.4000049
3356	352.4000049
3357	352.4999917
3358	352.4000049
3359	352.699995
3360	352.699995
3361	352.4999917
3362	352.699995
3363	352.6000082
3364	352.4999917
3365	352.4999917
3366	352.4999917
3367	352.699995
3368	352.4000049
3369	352.4999917
3370	352.699995
3371	352.6000082
3372	352.4999917
3373	352.4999917
3374	352.4000049
3375	352.6000082
3376	352.4000049
3377	352.4999917
3378	352.8999984
3379	352.4000049
3380	352.4999917
3381	352.4000049
3382	352.699995
3383	352.699995
3384	352.699995
3385	352.699995
3386	352.6000082
3387	352.699995
3388	352.8000116
3389	352.8000116
3390	352.699995
3391	352.4999917
3392	352.4999917
3393	352.4999917
3394	352.2999883
3395	352.1000147
3396	352.4000049
3397	352.4999917
3398	352.2999883
3399	352.4000049
3400	352.4000049
3401	352.4000049
3402	352.699995
3403	352.6000082
3404	352.4000049
3405	352.2000015
3406	352.1000147
3407	352.2000015
3408	352.2999883
3409	352.4000049
3410	352.4000049
3411	352.4999917
3412	352.6000082
3413	352.699995
3414	352.6000082
3415	352.8999984
3416	352.6000082
3417	352.4000049
3418	352.4999917
3419	352.8000116
3420	353.1000018
3421	353.1000018
3422	352.9999852
3423	352.8999984
3424	353.1999886
3425	353.1000018
3426	353.3000052
3427	353.700012
3428	354.0999889
3429	354.0999889
3430	353.8999856
3431	354.0000021
3432	354.2000055
3433	354.4000089
3434	355.1000059
3435	355.399996
3436	356.0000062
3437	356.2000096
3438	356.2999964
3439	356.400013
3440	356.4999998
3441	356.5999866
3442	356.5999866
3443	357.4000001
3444	357.4999869
3445	357.6999903
3446	357.8999937
3447	358.3999872
3448	358.5000038
3449	358.5999906
3450	358.9999974
3451	359.2000008
3452	358.9999974
3453	358.5000038
3454	358.5000038
3455	358.3999872
3456	358.7000072
3457	358.3000004
3458	358.3000004
3459	358.099997
3460	358.3999872
3461	358.0000103
3462	358.2000136
3463	358.3000004
3464	358.3999872
3465	358.3999872
3466	358.3999872
3467	358.2000136
3468	358.2000136
3469	358.2000136
3470	357.8999937
3471	357.8000069
3472	358.0000103
3473	358.2000136
3474	358.2000136
3475	358.3999872
3476	358.3999872
3477	358.5999906
3478	358.799994
3479	358.799994
3480	358.799994
3481	359.2000008
3482	358.9000106
3483	358.5000038
3484	358.799994
3485	358.9000106
3486	358.799994
3487	358.9000106
3488	358.7000072
3489	358.9000106
3490	358.5000038
3491	358.099997
3492	357.8999937
3493	357.8999937
3494	358.099997
3495	357.6999903
3496	358.0000103
3497	357.8000069
3498	357.6000035
3499	357.1999967
3500	356.9000065
3501	357.3000133
3502	357.3000133
3503	357.4000001
3504	357.8999937
3505	358.2000136
3506	358.3999872
3507	358.5000038
3508	358.5000038
3509	358.5999906
3510	358.5000038
3511	358.3999872
3512	358.5999906
3513	358.5999906
3514	358.5000038
3515	358.5000038
3516	358.5000038
3517	358.3999872
3518	358.5999906
3519	358.2000136
3520	358.2000136
3521	358.099997
3522	358.0000103
3523	358.0000103
3524	358.5000038
3525	358.5000038
3526	358.9999974
3527	358.9000106
3528	358.9000106
3529	358.9000106
3530	358.7000072
3531	358.5000038
3532	358.5000038
3533	358.5000038
3534	358.3999872
3535	358.7000072
3536	358.7000072
3537	358.799994
3538	358.7000072
3539	358.7000072
3540	358.7000072
3541	358.5999906
3542	358.799994
3543	358.5000038
3544	358.3000004
3545	358.2000136
3546	358.799994
3547	358.5000038
3548	358.5000038
3549	358.5999906
3550	358.2000136
3551	358.7000072
3552	358.5999906
3553	358.9999974
3554	358.799994
3555	358.5000038
3556	358.7000072
3557	358.099997
3558	357.4000001
3559	357.3000133
3560	357.3000133
3561	357.6000035
3562	357.8999937
3563	357.8999937
3564	358.3000004
3565	358.5000038
3566	358.5000038
3567	358.2000136
3568	358.7000072
3569	358.5999906
3570	358.5999906
3571	358.7000072
3572	358.5000038
3573	358.9999974
3574	358.799994
3575	358.9000106
3576	358.9000106
3577	359.100014
3578	358.9999974
3579	358.5000038
3580	358.099997
3581	358.2000136
3582	358.2000136
3583	358.7000072
3584	358.799994
3585	358.5000038
3586	358.5999906
3587	358.799994
3588	358.9000106
3589	358.799994
3590	358.799994
3591	358.7000072
3592	358.5999906
3593	358.3000004
3594	358.099997
3595	358.2000136
3596	358.3000004
3597	358.0000103
3598	358.3999872
3599	358.5000038
3600	358.799994
3601	358.799994
3602	358.7000072
3603	358.5999906
3604	358.799994
3605	358.7000072
3606	358.7000072
3607	358.5000038
3608	358.5000038
3609	358.0000103
3610	357.1000099
3611	355.5000126
3612	352.9999852
3613	351.5999913
3614	348.6000001
3615	345.6999958
3616	343.1000113
3617	342.200011
3618	340.2999938
3619	339.1000032
3620	338.2999897
3621	338.4000063
3622	338.6000097
3623	338.8999999
3624	339.19999
3625	340.0000036
3626	340.7999873
3627	341.5000141
3628	341.6999876
3629	342.599988
3630	343.3000147
3631	344.0000117
3632	344.1999853
3633	345.0999856
3634	345.600009
3635	345.9999859
3636	346.3000059
3637	346.7999995
3638	347.299993
3639	347.600013
3640	347.9000032
3641	348.30001
3642	348.5000134
3643	348.8000035
3644	348.8999903
3645	349.0999937
3646	349.0999937
3647	349.5000005
3648	349.5000005
3649	349.7000039
3650	350.1000106
3651	350.1999974
3652	350.1999974
3653	350.4999876
3654	350.6000042
3655	350.6000042
3656	350.699991
3657	350.8000076
3658	351.000011
3659	350.8999944
3660	350.8000076
3661	350.8999944
3662	351.000011
3663	351.2000144
3664	351.0999978
3665	350.8000076
3666	351.000011
3667	351.000011
3668	351.000011
3669	351.0999978
3670	351.2000144
3671	351.0999978
3672	351.3000011
3673	351.3000011
3674	351.0999978
3675	351.0999978
3676	351.0999978
3677	350.8999944
3678	350.8000076
3679	350.8999944
3680	350.8000076
3681	351.0999978
3682	351.0999978
3683	351.0999978
3684	351.3000011
3685	351.3999879
3686	351.5000045
3687	351.5000045
3688	351.5000045
3689	351.5999913
3690	351.7000079
3691	351.7999947
3692	351.5000045
3693	351.0999978
3694	351.0999978
3695	351.3000011
3696	351.0999978
3697	351.3999879
3698	351.5000045
3699	351.5000045
3700	351.7000079
3701	351.9000113
3702	351.7999947
3703	352.1000147
3704	351.9999981
3705	352.2000015
3706	352.2000015
3707	352.1000147
3708	351.5999913
3709	351.3999879
3710	351.3999879
3711	351.5000045
3712	351.5999913
3713	351.5000045
3714	351.5999913
3715	351.5999913
3716	351.7000079
3717	351.7999947
3718	351.7000079
3719	351.5000045
3720	351.7000079
3721	351.3999879
3722	351.3000011
3723	351.3999879
3724	351.5000045
3725	351.3999879
3726	351.3999879
3727	351.5999913
3728	351.5000045
3729	351.7999947
3730	351.7000079
3731	351.7999947
3732	351.9999981
3733	351.5000045
3734	351.7000079
3735	351.7999947
3736	351.7999947
3737	351.5999913
3738	351.7999947
3739	351.9999981
3740	351.9000113
3741	351.9000113
3742	351.7000079
3743	351.7999947
3744	351.7999947
3745	352.1000147
3746	351.9999981
3747	351.7999947
3748	351.7999947
3749	352.1000147
3750	352.4000049
3751	352.2000015
3752	351.7999947
3753	351.7999947
3754	352.2999883
3755	352.1000147
3756	352.1000147
3757	351.5999913
3758	351.9999981
3759	352.2000015
3760	351.9999981
3761	351.7999947
3762	352.2000015
3763	351.7999947
3764	351.9999981
3765	351.7999947
3766	352.1000147
3767	351.7999947
3768	352.2000015
3769	351.9000113
3770	351.9000113
3771	351.9999981
3772	351.9000113
3773	352.1000147
3774	352.1000147
3775	352.1000147
3776	352.4999917
3777	352.4000049
3778	352.4000049
3779	352.2000015
3780	352.1000147
3781	351.3999879
3782	351.3000011
3783	351.0999978
3784	351.000011
3785	351.0999978
3786	350.8000076
3787	351.000011
3788	350.8000076
3789	350.699991
3790	350.8999944
3791	350.8999944
3792	351.000011
3793	350.8999944
3794	350.8999944
3795	350.8000076
3796	351.000011
3797	351.000011
3798	351.0999978
3799	351.0999978
3800	351.0999978
3801	351.2000144
3802	351.0999978
3803	352.1000147
3804	351.5000045
3805	351.9999981
3806	351.9000113
3807	351.5999913
3808	351.7999947
3809	351.9999981
3810	351.3999879
3811	351.7999947
3812	351.7000079
3813	351.3999879
3814	351.5999913
3815	351.3999879
3816	351.5999913
3817	351.5999913
3818	351.3999879
3819	351.3000011
3820	351.0999978
3821	351.000011
3822	351.0999978
3823	350.8000076
3824	351.0999978
3825	351.2000144
3826	351.3000011
3827	351.2000144
3828	351.0999978
3829	350.8999944
3830	350.8000076
3831	351.000011
3832	350.8999944
3833	350.8000076
3834	351.000011
3835	351.000011
3836	351.000011
3837	351.0999978
3838	351.3000011
3839	351.0999978
3840	351.0999978
3841	351.2000144
3842	351.3999879
3843	351.3999879
3844	351.3000011
3845	351.3000011
3846	351.0999978
3847	351.2000144
3848	351.000011
3849	350.8000076
3850	350.8000076
3851	350.8000076
3852	350.8000076
3853	350.8000076
3854	351.0999978
3855	350.699991
3856	350.699991
3857	350.699991
3858	350.8000076
3859	350.699991
3860	350.8999944
3861	351.000011
3862	351.000011
3863	351.000011
3864	350.8000076
3865	350.4999876
3866	350.8000076
3867	351.000011
3868	350.8000076
3869	350.8000076
3870	350.8000076
3871	350.8000076
3872	350.699991
3873	350.6000042
3874	350.4999876
3875	350.6000042
3876	350.8000076
3877	350.8000076
3878	350.8999944
3879	351.000011
3880	351.000011
3881	350.8999944
3882	351.000011
3883	351.0999978
3884	351.0999978
3885	351.0999978
3886	351.000011
3887	351.0999978
3888	351.0999978
3889	351.3000011
3890	351.3999879
3891	351.2000144
3892	351.5999913
3893	351.7000079
3894	351.3999879
3895	350.699991
3896	349.7000039
3897	349.5999873
3898	349.5999873
3899	349.5000005
3900	349.4000137
3901	349.2999971
3902	349.4000137
3903	349.7000039
3904	349.7999907
3905	350.1000106
3906	350.8000076
3907	351.2000144
3908	351.5000045
3909	351.9000113
3910	352.699995
3911	353.3000052
3912	353.1000018
3913	353.399992
3914	353.399992
3915	354.2999923
3916	354.4999957
3917	354.9999893
3918	355.3000093
3919	355.399996
3920	355.6999862
3921	355.3000093
3922	355.5999994
3923	355.3000093
3924	355.3000093
3925	355.3000093
3926	355.5999994
3927	355.5999994
3928	355.5999994
3929	355.399996
3930	354.9999893
3931	355.3000093
3932	355.3000093
3933	355.5999994
3934	355.5999994
3935	355.5999994
3936	355.3000093
3937	354.7999859
3938	354.2999923
3939	354.4000089
3940	354.0999889
3941	354.6999991
3942	354.6999991
3943	355.1000059
3944	355.1999927
3945	355.5000126
3946	355.5999994
3947	355.5999994
3948	355.5999994
3949	355.5999994
3950	355.6999862
3951	355.8999896
3952	355.8999896
3953	356.0000062
3954	355.8000028
3955	356.0000062
3956	356.400013
3957	356.400013
3958	356.2999964
3959	356.099993
3960	356.2000096
3961	355.8999896
3962	355.6999862
3963	355.5999994
3964	355.5000126
3965	355.3000093
3966	355.1000059
3967	355.3000093
3968	355.399996
3969	355.1000059
3970	354.7999859
3971	354.4000089
3972	354.2999923
3973	354.2999923
3974	354.2999923
3975	354.4000089
3976	354.6000123
3977	354.4999957
3978	354.2999923
3979	354.6999991
3980	355.1000059
3981	355.399996
3982	355.3000093
3983	355.8999896
3984	355.8000028
3985	355.6999862
3986	355.8999896
3987	355.8999896
3988	355.8999896
3989	355.6999862
3990	355.8000028
3991	356.0000062
3992	356.400013
3993	356.2999964
3994	356.2999964
3995	356.4999998
3996	356.4999998
3997	356.5999866
3998	356.4999998
3999	356.4999998
4000	356.5999866
4001	356.4999998
4002	356.5999866
4003	356.5999866
4004	356.400013
4005	356.400013
4006	356.5999866
4007	356.2999964
4008	356.400013
4009	356.400013
4010	356.5999866
4011	356.2999964
4012	356.400013
4013	356.400013
4014	356.7999899
4015	356.9000065
4016	356.9000065
4017	356.7999899
4018	356.2999964
4019	356.2000096
4020	355.8999896
4021	356.099993
4022	356.2000096
4023	356.2999964
4024	356.2999964
4025	355.8999896
4026	356.0000062
4027	355.5999994
4028	355.8999896
4029	356.099993
4030	356.2000096
4031	356.2000096
4032	356.099993
4033	356.0000062
4034	356.099993
4035	356.0000062
4036	356.099993
4037	356.0000062
4038	356.2000096
4039	356.2999964
4040	356.099993
4041	356.0000062
4042	355.8000028
4043	356.0000062
4044	355.8999896
4045	356.2000096
4046	356.2000096
4047	356.2999964
4048	356.5999866
4049	356.7000031
4050	356.5999866
4051	356.5999866
4052	356.5999866
4053	356.5999866
4054	356.9000065
4055	356.9000065
4056	356.7999899
4057	356.7999899
4058	356.7000031
4059	356.4999998
4060	356.2999964
4061	356.2999964
4062	356.0000062
4063	356.2999964
4064	356.400013
4065	356.2999964
4066	356.2999964
4067	356.2999964
4068	356.2000096
4069	356.2999964
4070	356.2999964
4071	356.7000031
4072	356.9000065
4073	357.1000099
4074	357.1999967
4075	357.6000035
4076	357.8000069
4077	357.8000069
4078	357.8999937
4079	357.8999937
4080	358.2000136
4081	358.0000103
4082	357.8999937
4083	357.6000035
4084	356.7000031
4085	356.2000096
4086	354.6999991
4087	352.699995
4088	351.2000144
4089	348.8999903
4090	346.3000059
4091	343.8000083
4092	342.7000046
4093	340.6000137
4094	339.1000032
4095	338.0999863
4096	337.9000127
4097	337.500006
4098	337.5999928
4099	337.5999928
4100	337.9000127
4101	338.2000029
4102	338.6999965
4103	339.1000032
4104	339.50001
4105	340.4999971
4106	340.9999907
4107	341.6000009
4108	341.8000042
4109	342.4000144
4110	342.7999914
4111	343.1000113
4112	343.4999883
4113	344.0000117
4114	344.3999887
4115	344.7000086
4116	344.7999954
4117	345.2000022
4118	345.4999924
4119	345.600009
4120	345.9999859
4121	346.1999893
4122	346.5000093
4123	346.5999961
4124	346.8999863
4125	346.8999863
4126	346.8999863
4127	347.0999897
4128	347.0999897
4129	347.299993
4130	347.6999998
4131	347.6999998
4132	347.6999998
4133	347.600013
4134	347.600013
4135	347.6999998
4136	347.600013
4137	347.7999866
4138	347.99999
4139	347.9000032
4140	348.30001
4141	348.5000134
4142	348.5000134
4143	348.5000134
4144	348.8999903
4145	348.8999903
4146	349.0000069
4147	349.0999937
4148	349.2000103
4149	349.2999971
4150	349.2999971
4151	349.2999971
4152	349.2000103
4153	349.2000103
4154	349.2999971
4155	349.2999971
4156	349.4000137
4157	349.5000005
4158	349.4000137
4159	349.5000005
4160	349.7999907
4161	349.7000039
4162	349.5999873
4163	349.7000039
4164	349.7000039
4165	349.5999873
4166	349.7999907
4167	349.7999907
4168	349.7999907
4169	349.7999907
4170	349.7999907
4171	349.7999907
4172	350.1000106
4173	350.1000106
4174	350.1000106
4175	350.1000106
4176	350.1999974
4177	350.300014
4178	350.1000106
4179	350.1000106
4180	350.1000106
4181	350.1999974
4182	350.1999974
4183	350.4000008
4184	350.6000042
4185	350.4000008
4186	350.1999974
4187	350.1999974
4188	350.1999974
4189	350.1999974
4190	350.300014
4191	349.9000072
4192	350.1000106
4193	350.4999876
4194	350.4999876
4195	350.4999876
4196	350.6000042
4197	350.6000042
4198	350.300014
4199	350.4999876
4200	350.4999876
4201	350.4000008
4202	350.4999876
4203	350.4999876
4204	350.4000008
4205	350.4999876
4206	350.6000042
4207	350.4999876
4208	350.1000106
4209	350.300014
4210	350.4000008
4211	350.4999876
4212	350.6000042
4213	350.4000008
4214	350.1999974
4215	350.4000008
4216	350.4999876
4217	350.1999974
4218	350.1999974
4219	350.4000008
4220	350.1999974
4221	350.1999974
4222	350.300014
4223	350.4000008
4224	350.1000106
4225	349.999994
4226	350.1000106
4227	350.1000106
4228	350.4000008
4229	350.1999974
4230	350.300014
4231	350.8000076
4232	350.4000008
4233	350.4999876
4234	350.4999876
4235	350.699991
4236	350.8000076
4237	350.8000076
4238	350.8000076
4239	350.8000076
4240	350.4999876
4241	350.8000076
4242	351.0999978
4243	351.0999978
4244	351.0999978
4245	350.8000076
4246	350.8000076
4247	350.8999944
4248	350.8000076
4249	350.8000076
4250	350.699991
4251	350.699991
4252	350.8000076
4253	350.8000076
4254	350.699991
4255	350.4999876
4256	350.8000076
4257	350.699991
4258	350.699991
4259	350.8000076
4260	350.8999944
4261	350.8000076
4262	351.0999978
4263	350.8999944
4264	350.8999944
4265	350.8000076
4266	351.0999978
4267	351.0999978
4268	351.2000144
4269	351.0999978
4270	351.000011
4271	351.000011
4272	350.8999944
4273	350.8999944
4274	351.0999978
4275	351.0999978
4276	351.0999978
4277	351.2000144
4278	351.0999978
4279	351.3000011
4280	351.3999879
4281	351.3999879
4282	351.5000045
4283	351.5000045
4284	351.5000045
4285	351.3999879
4286	351.3999879
4287	351.0999978
4288	351.0999978
4289	351.0999978
4290	351.2000144
4291	351.3000011
4292	351.3999879
4293	351.3999879
4294	351.3999879
4295	351.5999913
4296	351.7999947
4297	351.7999947
4298	351.7999947
4299	351.7999947
4300	351.5999913
4301	351.5000045
4302	351.3999879
4303	351.3000011
4304	351.2000144
4305	350.8999944
4306	351.000011
4307	350.8999944
4308	350.8999944
4309	350.8000076
4310	350.8000076
4311	350.8000076
4312	350.8000076
4313	350.699991
4314	351.000011
4315	351.0999978
4316	350.8000076
4317	351.000011
4318	350.8000076
4319	350.699991
4320	351.000011
4321	350.8999944
4322	350.8999944
4323	351.000011
4324	350.8999944
4325	351.000011
4326	350.8999944
4327	351.0999978
4328	351.000011
4329	351.0999978
4330	351.000011
4331	351.2000144
4332	351.3000011
4333	351.0999978
4334	351.0999978
4335	351.2000144
4336	351.0999978
4337	351.0999978
4338	350.8999944
4339	351.0999978
4340	350.699991
4341	351.0999978
4342	351.000011
4343	350.8000076
4344	350.8999944
4345	350.8000076
4346	350.8000076
4347	351.0999978
4348	351.000011
4349	350.8000076
4350	350.699991
4351	350.6000042
4352	350.6000042
4353	350.6000042
4354	350.6000042
4355	350.6000042
4356	350.8000076
4357	351.000011
4358	351.000011
4359	351.000011
4360	351.0999978
4361	351.0999978
4362	351.0999978
4363	351.000011
4364	351.0999978
4365	351.5999913
4366	351.7999947
4367	352.1000147
4368	351.9999981
4369	351.5000045
4370	351.0999978
4371	350.6000042
4372	350.6000042
4373	350.4999876
4374	350.4999876
4375	350.8000076
4376	350.8000076
4377	351.3000011
4378	351.3000011
4379	351.5000045
4380	351.5999913
4381	352.6000082
4382	352.9999852
4383	353.7999988
4384	354.2000055
4385	354.4999957
4386	354.9000025
4387	354.6999991
4388	354.6000123
4389	354.6999991
4390	354.9000025
4391	354.9999893
4392	355.3000093
4393	355.5999994
4394	356.0000062
4395	356.0000062
4396	356.0000062
4397	356.099993
4398	356.0000062
4399	356.2000096
4400	356.2999964
4401	356.5999866
4402	356.7000031
4403	356.7000031
4404	357.1999967
4405	357.1999967
4406	357.1999967
4407	357.1999967
4408	357.3000133
4409	356.9000065
4410	357.1999967
4411	357.1999967
4412	356.9000065
4413	356.7000031
4414	356.5999866
4415	356.5999866
4416	356.7000031
4417	356.9000065
4418	357.1999967
4419	357.3000133
4420	357.1999967
4421	357.1000099
4422	356.7999899
4423	356.9000065
4424	356.7000031
4425	356.4999998
4426	356.5999866
4427	356.5999866
4428	356.5999866
4429	356.7000031
4430	356.5999866
4431	356.5999866
4432	356.099993
4433	356.2000096
4434	356.099993
4435	381.5999925
4436	363.0999923
4437	362.3999953
4438	361.6999984
4439	361.0999882
4440	360.799998
4441	360.3999913
4442	360.3999913
4443	359.6999943
4444	360.0000143
4445	359.8000109
4446	359.6999943
4447	359.6999943
4448	359.8999977
4449	360.3000045
4450	360.3999913
4451	360.3000045
4452	360.1999879
4453	360.1999879
4454	360.3000045
4455	360.0000143
4456	359.8000109
4457	360.0000143
4458	360.1999879
4459	360.1000011
4460	360.1000011
4461	360.1000011
4462	359.8999977
4463	359.8999977
4464	359.8999977
4465	360.1000011
4466	360.0000143
4467	360.1000011
4468	360.3000045
4469	360.3999913
4470	360.3000045
4471	360.1999879
4472	360.1999879
4473	360.1000011
4474	360.3000045
4475	360.5999947
4476	360.3999913
4477	360.5000079
4478	360.3999913
4479	360.3999913
4480	360.3999913
4481	360.3999913
4482	360.5999947
4483	360.7000113
4484	360.5999947
4485	360.5999947
4486	360.1999879
4487	360.3000045
4488	360.1999879
4489	359.8000109
4490	360.0000143
4491	360.1000011
4492	360.1999879
4493	359.8999977
4494	359.6000075
4495	359.6999943
4496	359.8000109
4497	360.1000011
4498	360.1999879
4499	360.3000045
4500	360.1000011
4501	360.1999879
4502	360.3000045
4503	360.3999913
4504	360.3999913
4505	360.3000045
4506	360.1000011
4507	360.1999879
4508	360.3000045
4509	360.3999913
4510	360.3999913
4511	360.5000079
4512	360.3999913
4513	360.3000045
4514	360.3999913
4515	360.5999947
4516	360.7000113
4517	360.7000113
4518	360.3999913
4519	360.1999879
4520	360.0000143
4521	360.1000011
4522	360.3000045
4523	360.3000045
4524	360.1000011
4525	360.3000045
4526	360.1000011
4527	360.1000011
4528	359.8000109
4529	359.8000109
4530	359.4999909
4531	359.4000041
4532	359.4999909
4533	359.4999909
4534	360.1000011
4535	360.1000011
4536	360.1999879
4537	360.0000143
4538	360.1999879
4539	360.0000143
4540	360.3999913
4541	360.5999947
4542	360.3999913
4543	360.3999913
4544	360.3999913
4545	360.9000146
4546	360.799998
4547	360.799998
4548	360.5999947
4549	360.7000113
4550	360.7000113
4551	360.7000113
4552	360.7000113
4553	361.0999882
4554	361.0999882
4555	361.0999882
4556	360.3999913
4557	359.8999977
4558	358.799994
4559	356.4999998
4560	354.6999991
4561	351.2000144
4562	347.9000032
4563	344.900012
4564	343.6999917
4565	342.0999944
4566	340.2999938
4567	339.50001
4568	339.3000066
4569	339.19999
4570	339.50001
4571	339.50001
4572	340.200007
4573	340.4999971
4574	341.5000141
4575	341.8000042
4576	342.4000144
4577	343.1000113
4578	343.6999917
4579	344.0999985
4580	344.7000086
4581	345.4000056
4582	345.9999859
4583	346.3000059
4584	346.7999995
4585	347.2000062
4586	347.7999866
4587	347.99999
4588	348.1999934
4589	348.6999869
4590	348.8999903
4591	348.8999903
4592	349.2000103
4593	349.5000005
4594	349.5000005
4595	349.9000072
4596	349.999994
4597	350.300014
4598	350.300014
4599	350.4000008
4600	350.6000042
4601	350.4999876
4602	350.4999876
4603	350.699991
4604	350.8000076
4605	351.0999978
4606	351.2000144
4607	351.2000144
4608	351.0999978
4609	351.5000045
4610	351.0999978
4611	351.2000144
4612	351.3999879
4613	351.7000079
4614	351.7000079
4615	351.9999981
4616	351.9000113
4617	351.9000113
4618	352.1000147
4619	352.2000015
4620	352.2000015
4621	352.4000049
4622	352.4999917
4623	352.4999917
4624	352.4000049
4625	352.4000049
4626	352.1000147
4627	352.1000147
4628	352.1000147
4629	352.2000015
4630	352.2999883
4631	352.4999917
4632	352.2999883
4633	352.4000049
4634	352.2999883
4635	352.2999883
4636	352.1000147
4637	352.2999883
4638	352.4000049
4639	352.4000049
4640	352.4000049
4641	352.6000082
4642	352.8999984
4643	352.6000082
4644	352.6000082
4645	352.8000116
4646	352.699995
4647	352.699995
4648	352.699995
4649	352.699995
4650	352.8000116
4651	352.9999852
4652	353.1000018
4653	353.1999886
4654	353.1999886
4655	352.9999852
4656	352.8000116
4657	352.8999984
4658	352.8000116
4659	352.699995
4660	352.8000116
4661	352.8999984
4662	352.699995
4663	352.8000116
4664	352.8999984
4665	353.399992
4666	353.1999886
4667	353.399992
4668	352.8000116
4669	352.8999984
4670	352.6000082
4671	352.4999917
4672	352.699995
4673	352.8000116
4674	352.8000116
4675	352.9999852
4676	353.1000018
4677	353.1000018
4678	353.1999886
4679	353.1999886
4680	353.1999886
4681	353.1000018
4682	353.1000018
4683	353.3000052
4684	353.3000052
4685	353.399992
4686	353.399992
4687	353.700012
4688	354.0000021
4689	353.700012
4690	353.7999988
4691	353.8999856
4692	353.700012
4693	353.7999988
4694	353.700012
4695	353.5999954
4696	353.5999954
4697	353.5999954
4698	353.8999856
4699	353.5000086
4700	353.5999954
4701	353.700012
4702	353.8999856
4703	353.8999856
4704	354.0999889
4705	354.0999889
4706	354.2999923
4707	354.4000089
4708	354.0000021
4709	354.0999889
4710	354.2999923
4711	354.2000055
4712	354.2999923
4713	354.4999957
4714	353.8999856
4715	353.700012
4716	353.5999954
4717	353.5000086
4718	353.8999856
4719	353.5999954
4720	354.0000021
4721	353.700012
4722	353.7999988
4723	353.7999988
4724	353.700012
4725	353.700012
4726	353.700012
4727	353.5000086
4728	353.5000086
4729	353.5000086
4730	353.700012
4731	353.700012
4732	353.700012
4733	353.700012
4734	354.0000021
4735	353.7999988
4736	353.7999988
4737	354.0000021
4738	354.0000021
4739	354.0000021
4740	354.0999889
4741	354.0000021
4742	354.0000021
4743	354.0999889
4744	354.0999889
4745	354.0000021
4746	353.8999856
4747	353.700012
4748	353.5999954
4749	353.7999988
4750	353.7999988
4751	354.0000021
4752	354.0000021
4753	354.2000055
4754	354.0999889
4755	354.0999889
4756	354.2999923
4757	354.2999923
4758	354.2999923
4759	354.4000089
4760	354.0999889
4761	354.2999923
4762	354.6000123
4763	354.6000123
4764	354.6999991
4765	354.4999957
4766	354.6000123
4767	354.4000089
4768	354.2000055
4769	354.2000055
4770	354.2999923
4771	354.2999923
4772	354.2000055
4773	354.0999889
4774	354.0999889
4775	354.0000021
4776	354.0999889
4777	353.8999856
4778	354.0000021
4779	354.2999923
4780	354.2999923
4781	353.8999856
4782	353.8999856
4783	353.7999988
4784	353.8999856
4785	354.0000021
4786	353.700012
4787	353.7999988
4788	354.0000021
4789	353.700012
4790	353.700012
4791	353.700012
4792	353.700012
4793	353.700012
4794	353.7999988
4795	354.0000021
4796	353.700012
4797	353.700012
4798	353.7999988
4799	354.0000021
4800	354.0999889
4801	353.8999856
4802	354.2000055
4803	354.0999889
4804	354.0000021
4805	354.0000021
4806	354.0000021
4807	354.2000055
4808	354.0999889
4809	354.0000021
4810	354.2000055
4811	354.0000021
4812	354.0000021
4813	354.2000055
4814	354.0999889
4815	354.0000021
4816	354.0000021
4817	354.0999889
4818	354.2000055
4819	354.2999923
4820	354.2999923
4821	354.2999923
4822	354.2000055
4823	354.0000021
4824	354.0000021
4825	354.0000021
4826	354.0000021
4827	353.700012
4828	353.700012
4829	353.5000086
4830	353.700012
4831	353.7999988
4832	353.5000086
4833	353.700012
4834	353.5999954
4835	353.700012
4836	353.700012
4837	353.700012
4838	353.8999856
4839	354.0999889
4840	353.700012
4841	353.700012
4842	352.9999852
4843	352.4000049
4844	352.4000049
4845	352.4999917
4846	352.4000049
4847	352.2999883
4848	352.4999917
4849	352.6000082
4850	352.9999852
4851	352.9999852
4852	353.399992
4853	353.7999988
4854	354.2999923
4855	354.6000123
4856	354.6999991
4857	354.9000025
4858	354.6999991
4859	355.1000059
4860	355.1999927
4861	355.5999994
4862	356.2000096
4863	356.4999998
4864	357.3000133
4865	357.6000035
4866	357.6000035
4867	357.6999903
4868	357.6000035
4869	357.6000035
4870	357.6000035
4871	357.4999869
4872	357.8999937
4873	357.4000001
4874	357.1999967
4875	356.9000065
4876	356.4999998
4877	356.4999998
4878	356.5999866
4879	356.9999933
4880	357.1999967
4881	357.4000001
4882	357.6000035
4883	357.6000035
4884	357.6000035
4885	357.8999937
4886	357.8999937
4887	357.8999937
4888	358.3000004
4889	358.5000038
4890	358.3999872
4891	358.5000038
4892	358.2000136
4893	358.2000136
4894	358.2000136
4895	358.3999872
4896	358.3000004
4897	358.3999872
4898	358.5000038
4899	358.3000004
4900	358.3999872
4901	358.5000038
4902	358.2000136
4903	358.099997
4904	357.8999937
4905	357.8999937
4906	357.4000001
4907	357.1000099
4908	357.1000099
4909	356.9000065
4910	356.9000065
4911	356.9000065
4912	356.9000065
4913	356.9000065
4914	356.9000065
4915	357.1999967
4916	357.1999967
4917	357.3000133
4918	357.3000133
4919	357.1999967
4920	357.3000133
4921	356.9999933
4922	356.7999899
4923	357.1000099
4924	356.9000065
4925	357.3000133
4926	357.4999869
4927	357.8000069
4928	357.8999937
4929	357.6000035
4930	357.8999937
4931	357.6000035
4932	357.6000035
4933	357.8999937
4934	357.8000069
4935	357.6000035
4936	357.8999937
4937	357.6000035
4938	357.6000035
4939	357.4999869
4940	357.3000133
4941	357.1999967
4942	357.1999967
4943	357.1999967
4944	357.1000099
4945	356.9999933
4946	356.9000065
4947	356.9000065
4948	356.9999933
4949	357.3000133
4950	357.6000035
4951	357.8000069
4952	357.8999937
4953	357.8000069
4954	357.8999937
4955	357.8999937
4956	357.8000069
4957	357.8999937
4958	357.8999937
4959	358.2000136
4960	358.3000004
4961	358.5000038
4962	358.7000072
4963	358.799994
4964	358.5000038
4965	358.5000038
4966	358.3999872
4967	358.2000136
4968	357.8999937
4969	358.0000103
4970	357.8000069
4971	357.6000035
4972	357.3000133
4973	357.1000099
4974	356.7999899
4975	356.4999998
4976	356.400013
4977	357.1000099
4978	356.9000065
4979	357.4000001
4980	357.6000035
4981	357.8999937
4982	357.8999937
4983	358.2000136
4984	358.5999906
4985	358.9000106
4986	358.799994
4987	358.5000038
4988	358.099997
4989	357.8999937
4990	357.8999937
4991	358.0000103
4992	358.2000136
4993	358.2000136
4994	358.0000103
4995	357.6999903
4996	357.6999903
4997	357.6000035
4998	357.8000069
4999	357.6999903
5000	357.8999937
5001	358.099997
5002	358.0000103
5003	357.8000069
5004	357.6000035
5005	357.4999869
5006	357.4999869
5007	357.4999869
5008	357.6000035
5009	357.4000001
5010	356.9999933
5011	356.9000065
5012	356.7000031
5013	356.4999998
5014	356.5999866
5015	356.5999866
5016	356.7999899
5017	357.1000099
5018	357.6000035
5019	357.6999903
5020	357.8000069
5021	358.3000004
5022	358.3000004
5023	358.5999906
5024	358.5000038
5025	358.7000072
5026	358.799994
5027	358.799994
5028	359.2000008
5029	358.9999974
5030	358.5000038
5031	358.099997
5032	356.5999866
5033	354.7999859
5034	352.699995
5035	351.7999947
5036	349.5000005
5037	347.0999897
5038	344.9999988
5039	344.0999985
5040	342.2999978
5041	341.5000141
5042	340.9000039
5043	340.4000103
5044	340.6000137
5045	340.7999873
5046	341.3000107
5047	341.3000107
5048	342.0000076
5049	342.4000144
5050	342.7999914
5051	343.4999883
5052	343.8999951
5053	344.599992
5054	344.7000086
5055	345.2000022
5056	345.8000124
5057	346.3000059
5058	346.3000059
5059	346.5999961
5060	347.0999897
5061	347.6999998
5062	347.6999998
5063	348.1999934
5064	348.3999968
5065	348.6000001
5066	349.0000069
5067	349.4000137
5068	349.5999873
5069	349.5000005
5070	349.7000039
5071	349.7999907
5072	350.1000106
5073	350.1000106
5074	350.1000106
5075	350.4999876
5076	350.4999876
5077	350.4999876
5078	350.300014
5079	350.1000106
5080	350.4999876
5081	350.4999876
5082	350.6000042
5083	350.4999876
5084	350.8000076
5085	350.8999944
5086	351.0999978
5087	351.3999879
5088	351.5000045
5089	351.7000079
5090	351.7999947
5091	351.5999913
5092	351.7999947
5093	351.7999947
5094	351.5000045
5095	351.5999913
5096	351.7000079
5097	351.7000079
5098	351.9000113
5099	351.9000113
5100	351.7999947
5101	352.1000147
5102	351.9999981
5103	352.1000147
5104	352.1000147
5105	351.9999981
5106	351.7999947
5107	351.7999947
5108	351.7999947
5109	352.1000147
5110	352.4000049
5111	352.6000082
5112	352.4999917
5113	352.4999917
5114	352.4000049
5115	352.4000049
5116	352.4000049
5117	352.2999883
5118	352.2999883
5119	352.4000049
5120	352.2999883
5121	352.2999883
5122	352.4000049
5123	352.2999883
5124	352.2999883
5125	352.699995
5126	352.699995
5127	352.4000049
5128	352.8000116
5129	352.699995
5130	352.699995
5131	352.6000082
5132	352.699995
5133	352.4000049
5134	352.4000049
5135	352.2999883
5136	352.4000049
5137	352.2999883
5138	352.4999917
5139	352.4999917
5140	352.8999984
5141	352.699995
5142	352.699995
5143	352.8000116
5144	352.699995
5145	352.6000082
5146	352.6000082
5147	352.4999917
5148	352.699995
5149	352.699995
5150	352.8000116
5151	352.8000116
5152	352.8000116
5153	352.699995
5154	352.699995
5155	352.6000082
5156	352.6000082
5157	352.699995
5158	352.8000116
5159	352.699995
5160	352.699995
5161	352.699995
5162	352.8000116
5163	352.8000116
5164	352.699995
5165	352.8999984
5166	352.699995
5167	352.9999852
5168	352.8000116
5169	352.8000116
5170	352.8000116
5171	352.8000116
5172	352.8000116
5173	352.8999984
5174	352.9999852
5175	353.1000018
5176	353.399992
5177	353.3000052
5178	353.3000052
5179	353.1000018
5180	353.1000018
5181	353.1000018
5182	352.9999852
5183	352.9999852
5184	352.9999852
5185	352.8000116
5186	352.9999852
5187	352.9999852
5188	352.9999852
5189	352.9999852
5190	353.1000018
5191	353.1999886
5192	352.9999852
5193	352.9999852
5194	352.8999984
5195	352.9999852
5196	352.699995
5197	352.8000116
5198	352.4999917
5199	352.699995
5200	352.699995
5201	353.1000018
5202	353.1000018
5203	352.699995
5204	352.9999852
5205	352.8999984
5206	352.9999852
5207	352.9999852
5208	352.8000116
5209	352.8000116
5210	352.6000082
5211	352.8000116
5212	352.8999984
5213	352.8000116
5214	352.8000116
5215	352.9999852
5216	352.8999984
5217	352.6000082
5218	352.4999917
5219	352.4000049
5220	352.4000049
5221	352.4000049
5222	352.2999883
5223	352.4000049
5224	352.4000049
5225	352.1000147
5226	352.2000015
5227	352.699995
5228	352.4000049
5229	352.4000049
5230	352.2000015
5231	352.2999883
5232	352.4000049
5233	352.4000049
5234	352.699995
5235	352.699995
5236	352.9999852
5237	352.9999852
5238	352.9999852
5239	352.8999984
5240	352.699995
5241	352.4999917
5242	352.699995
5243	352.699995
5244	352.9999852
5245	352.9999852
5246	353.1999886
5247	352.9999852
5248	352.9999852
5249	352.8999984
5250	352.9999852
5251	352.9999852
5252	352.9999852
5253	353.1000018
5254	353.1000018
5255	353.3000052
5256	353.3000052
5257	353.399992
5258	353.3000052
5259	353.3000052
5260	353.399992
5261	353.399992
5262	353.5999954
5263	353.5999954
5264	353.399992
5265	353.3000052
5266	352.9999852
5267	352.9999852
5268	353.1000018
5269	353.3000052
5270	353.399992
5271	353.399992
5272	353.5999954
5273	353.399992
5274	353.3000052
5275	353.399992
5276	353.399992
5277	353.399992
5278	353.3000052
5279	353.1999886
5280	353.1999886
5281	353.399992
5282	353.399992
5283	353.3000052
5284	353.399992
5285	353.399992
5286	353.3000052
5287	353.1999886
5288	353.1999886
5289	353.1999886
5290	353.3000052
5291	353.1000018
5292	352.8000116
5293	352.8999984
5294	353.1999886
5295	353.1999886
5296	353.1000018
5297	353.1000018
5298	353.3000052
5299	353.5999954
5300	353.5999954
5301	353.3000052
5302	353.3000052
5303	353.3000052
5304	353.3000052
5305	353.3000052
5306	353.1000018
5307	353.399992
5308	353.399992
5309	354.6000123
5310	353.3000052
5311	353.399992
5312	353.700012
5313	354.0000021
5314	354.0000021
5315	353.8999856
5316	353.5999954
5317	353.1999886
5318	352.8000116
5319	352.8000116
5320	352.699995
5321	352.9999852
5322	353.1000018
5323	353.3000052
5324	353.700012
5325	354.0000021
5326	354.4999957
5327	354.6000123
5328	354.9999893
5329	355.1999927
5330	355.399996
5331	355.5999994
5332	356.099993
5333	356.400013
5334	356.5999866
5335	356.7999899
5336	357.4000001
5337	357.8999937
5338	358.099997
5339	358.2000136
5340	358.5000038
5341	358.7000072
5342	358.2000136
5343	357.8999937
5344	357.6000035
5345	357.8000069
5346	357.8000069
5347	358.099997
5348	358.2000136
5349	358.099997
5350	358.2000136
5351	357.8000069
5352	357.6999903
5353	357.8999937
5354	358.2000136
5355	358.3999872
5356	358.3999872
5357	358.3999872
5358	358.2000136
5359	358.3000004
5360	358.799994
5361	358.799994
5362	358.5000038
5363	358.3999872
5364	358.2000136
5365	358.2000136
5366	358.3999872
5367	358.3999872
5368	358.3000004
5369	358.2000136
5370	358.0000103
5371	358.0000103
5372	358.2000136
5373	358.3999872
5374	358.5000038
5375	358.5000038
5376	358.3000004
5377	358.2000136
5378	357.8999937
5379	357.6000035
5380	357.8000069
5381	358.0000103
5382	358.0000103
5383	358.2000136
5384	358.2000136
5385	358.5000038
5386	358.7000072
5387	358.799994
5388	358.5999906
5389	358.799994
5390	358.799994
5391	358.5999906
5392	358.5999906
5393	358.7000072
5394	358.5000038
5395	358.5999906
5396	358.799994
5397	358.5000038
5398	358.3999872
5399	358.3999872
5400	358.3999872
5401	358.2000136
5402	358.0000103
5403	358.099997
5404	358.099997
5405	358.2000136
5406	358.5999906
5407	358.5000038
5408	358.5000038
5409	358.5000038
5410	358.5000038
5411	358.5000038
5412	358.3999872
5413	358.2000136
5414	357.8999937
5415	357.6000035
5416	357.8000069
5417	357.8000069
5418	357.6000035
5419	357.6999903
5420	357.8000069
5421	357.4999869
5422	357.4999869
5423	357.6000035
5424	357.8000069
5425	357.8000069
5426	357.8000069
5427	357.6000035
5428	357.8999937
5429	358.0000103
5430	358.2000136
5431	357.8999937
5432	357.6999903
5433	357.6999903
5434	357.8999937
5435	358.0000103
5436	357.8999937
5437	358.099997
5438	358.3999872
5439	358.5000038
5440	358.7000072
5441	358.3999872
5442	358.2000136
5443	357.6999903
5444	357.6000035
5445	357.6000035
5446	357.6999903
5447	357.6999903
5448	357.6000035
5449	357.6000035
5450	357.4999869
5451	357.6000035
5452	357.6000035
5453	357.6000035
5454	357.4000001
5455	357.4000001
5456	357.1999967
5457	357.3000133
5458	357.3000133
5459	357.1999967
5460	357.6999903
5461	357.8000069
5462	357.8999937
5463	358.0000103
5464	357.8999937
5465	357.8000069
5466	357.6999903
5467	357.4999869
5468	357.4000001
5469	357.4000001
5470	357.3000133
5471	357.3000133
5472	357.3000133
5473	357.6000035
5474	357.4000001
5475	357.1999967
5476	357.1999967
5477	357.1999967
5478	357.8000069
5479	358.2000136
5480	358.3000004
5481	358.3999872
5482	358.5999906
5483	358.5000038
5484	358.3999872
5485	358.099997
5486	357.8999937
5487	358.2000136
5488	357.8000069
5489	358.3000004
5490	358.799994
5491	358.799994
5492	359.2999876
5493	359.6000075
5494	359.4000041
5495	359.4000041
5496	359.2999876
5497	359.6000075
5498	359.8000109
5499	359.8000109
5500	360.0000143
5501	360.3999913
5502	360.3999913
5503	359.8000109
5504	358.7000072
5505	357.8000069
5506	355.8999896
5507	354.4999957
5508	351.5000045
5509	348.6999869
5510	345.9999859
5511	344.9999988
5512	343.1000113
5513	341.6999876
5514	340.9999907
5515	340.4999971
5516	340.2999938
5517	340.4999971
5518	340.200007
5519	340.4999971
5520	341.1999941
5521	341.5000141
5522	342.0000076
5523	342.7000046
5524	343.6999917
5525	344.3000019
5526	344.900012
5527	345.600009
5528	346.1000025
5529	346.3999927
5530	346.3000059
5531	347.2000062
5532	347.600013
5533	348.1000066
5534	348.1999934
5535	348.6999869
5536	349.0000069
5537	349.2000103
5538	349.2000103
5539	349.5000005
5540	349.7000039
5541	349.7999907
5542	349.9000072
5543	350.1999974
5544	350.4000008
5545	350.300014
5546	350.4999876
5547	350.8000076
5548	350.8999944
5549	350.8999944
5550	351.3999879
5551	351.5999913
5552	351.7000079
5553	351.5999913
5554	351.7999947
5555	351.5000045
5556	351.5000045
5557	351.5000045
5558	351.7000079
5559	351.9000113
5560	351.7000079
5561	351.9000113
5562	352.1000147
5563	352.1000147
5564	352.1000147
5565	352.1000147
5566	351.9999981
5567	351.7999947
5568	351.7999947
5569	352.2000015
5570	352.2000015
5571	352.2999883
5572	352.2000015
5573	352.4000049
5574	352.6000082
5575	352.4000049
5576	352.4999917
5577	352.4000049
5578	352.4999917
5579	352.4000049
5580	352.4000049
5581	352.4999917
5582	352.4000049
5583	352.1000147
5584	352.4999917
5585	352.4000049
5586	352.2999883
5587	352.4999917
5588	352.699995
5589	352.9999852
5590	352.699995
5591	352.699995
5592	352.8000116
5593	352.8999984
5594	352.699995
5595	352.6000082
5596	352.6000082
5597	352.699995
5598	352.4999917
5599	352.4999917
5600	352.699995
5601	352.6000082
5602	352.4999917
5603	352.699995
5604	352.699995
5605	352.8999984
5606	352.4000049
5607	352.6000082
5608	352.8000116
5609	352.699995
5610	352.8000116
5611	352.699995
5612	352.8999984
5613	352.699995
5614	352.8999984
5615	352.6000082
5616	352.699995
5617	352.699995
5618	352.2999883
5619	352.699995
5620	352.6000082
5621	352.4999917
5622	352.6000082
5623	352.6000082
5624	352.699995
5625	352.6000082
5626	352.8000116
5627	352.9999852
5628	353.1999886
5629	352.8000116
5630	352.9999852
5631	352.9999852
5632	352.9999852
5633	352.8999984
5634	353.399992
5635	353.1999886
5636	352.8999984
5637	352.8999984
5638	352.699995
5639	352.699995
5640	352.8000116
5641	352.8000116
5642	352.8999984
5643	352.699995
5644	352.8000116
5645	352.8000116
5646	352.8000116
5647	352.699995
5648	352.4000049
5649	352.699995
5650	352.8999984
5651	352.699995
5652	352.699995
5653	352.8000116
5654	352.8000116
5655	352.699995
5656	352.8000116
5657	352.699995
5658	352.699995
5659	352.8999984
5660	352.8000116
5661	352.699995
5662	352.8000116
5663	352.9999852
5664	352.699995
5665	352.699995
5666	352.8999984
5667	352.4999917
5668	352.4000049
5669	352.699995
5670	352.699995
5671	352.4000049
5672	352.6000082
5673	352.8000116
5674	352.8999984
5675	352.8999984
5676	352.8999984
5677	352.8999984
5678	352.9999852
5679	352.8999984
5680	352.9999852
5681	352.8999984
5682	352.699995
5683	352.699995
5684	352.699995
5685	352.4999917
5686	352.4999917
5687	352.4000049
5688	352.699995
5689	352.699995
5690	352.4999917
5691	352.4999917
5692	352.8000116
5693	352.4999917
5694	352.4999917
5695	352.4999917
5696	352.6000082
5697	352.4000049
5698	352.6000082
5699	352.6000082
5700	352.6000082
5701	352.4000049
5702	352.1000147
5703	352.4000049
5704	352.4000049
5705	352.4000049
5706	352.699995
5707	352.4000049
5708	352.2999883
5709	352.699995
5710	352.6000082
5711	352.4000049
5712	352.8000116
5713	352.699995
5714	352.4000049
5715	352.8000116
5716	352.4999917
5717	352.9999852
5718	352.699995
5719	352.9999852
5720	352.2999883
5721	352.4000049
5722	352.6000082
5723	352.4999917
5724	352.699995
5725	352.6000082
5726	352.699995
5727	352.4000049
5728	352.699995
5729	352.4999917
5730	352.4000049
5731	352.699995
5732	352.6000082
5733	352.8000116
5734	352.699995
5735	352.699995
5736	352.6000082
5737	352.4000049
5738	352.699995
5739	352.699995
5740	352.699995
5741	352.8000116
5742	352.699995
5743	352.6000082
5744	352.4999917
5745	352.699995
5746	352.699995
5747	352.4999917
5748	352.4000049
5749	352.4000049
5750	352.6000082
5751	352.699995
5752	352.699995
5753	352.699995
5754	352.9999852
5755	352.9999852
5756	352.8999984
5757	352.8999984
5758	352.9999852
5759	352.8000116
5760	352.9999852
5761	352.9999852
5762	352.4000049
5763	352.4000049
5764	352.4000049
5765	352.4000049
5766	352.2000015
5767	351.7999947
5768	351.7999947
5769	352.1000147
5770	352.4000049
5771	352.699995
5772	352.699995
5773	352.8000116
5774	352.699995
5775	352.6000082
5776	352.8000116
5777	352.8999984
5778	352.8999984
5779	352.8000116
5780	352.8000116
5781	352.699995
5782	352.699995
5783	352.8000116
5784	352.9999852
5785	352.8000116
5786	352.8000116
5787	352.8000116
5788	352.9999852
5789	352.699995
5790	352.699995
5791	352.8999984
5792	352.8999984
5793	353.1999886
5794	352.9999852
5795	352.8000116
5796	352.2999883
5797	352.2999883
5798	352.4000049
5799	352.2999883
5800	352.4000049
5801	352.4000049
5802	352.1000147
5803	352.2999883
5804	352.4000049
5805	352.699995
5806	352.699995
5807	352.699995
5808	352.9999852
5809	353.700012
5810	353.700012
5811	354.4000089
5812	355.1000059
5813	355.8000028
5814	356.2000096
5815	356.5999866
5816	356.4999998
5817	356.4999998
5818	356.7999899
5819	356.5999866
5820	356.9000065
5821	356.7000031
5822	356.5999866
5823	356.7999899
5824	356.9000065
5825	356.9999933
5826	356.9000065
5827	356.9000065
5828	356.9999933
5829	356.9000065
5830	356.9999933
5831	357.1000099
5832	356.9000065
5833	356.9999933
5834	356.9999933
5835	357.1000099
5836	357.1999967
5837	357.4000001
5838	357.6000035
5839	357.4999869
5840	357.3000133
5841	357.3000133
5842	357.1999967
5843	357.3000133
5844	357.4000001
5845	357.3000133
5846	357.6000035
5847	357.6000035
5848	357.6000035
5849	357.8000069
5850	357.6000035
5851	357.6000035
5852	357.4000001
5853	356.9999933
5854	357.1000099
5855	357.1999967
5856	357.1000099
5857	356.9000065
5858	357.1000099
5859	357.1000099
5860	357.1000099
5861	357.4000001
5862	357.6000035
5863	357.6000035
5864	357.8000069
5865	357.6999903
5866	357.1999967
5867	356.7999899
5868	356.9000065
5869	356.9000065
5870	356.9000065
5871	356.9000065
5872	356.9000065
5873	356.9000065
5874	356.9999933
5875	356.7999899
5876	356.7000031
5877	356.5999866
5878	356.5999866
5879	356.5999866
5880	356.7999899
5881	356.7999899
5882	356.9000065
5883	356.7999899
5884	356.9000065
5885	356.7999899
5886	356.7999899
5887	356.7999899
5888	356.5999866
5889	356.5999866
5890	356.7000031
5891	356.7000031
5892	356.7999899
5893	356.9000065
5894	356.9999933
5895	357.1999967
5896	356.9000065
5897	356.9999933
5898	356.7000031
5899	357.1000099
5900	357.1999967
5901	357.6000035
5902	357.6000035
5903	357.8999937
5904	357.8999937
5905	357.6000035
5906	357.6000035
5907	357.6000035
5908	357.6000035
5909	357.6000035
5910	357.6000035
5911	357.8999937
5912	357.6000035
5913	357.4000001
5914	357.4999869
5915	357.6000035
5916	357.3000133
5917	357.4000001
5918	357.3000133
5919	357.4999869
5920	357.3000133
5921	357.3000133
5922	357.3000133
5923	357.6999903
5924	357.4999869
5925	357.1999967
5926	357.1000099
5927	356.5999866
5928	356.7000031
5929	356.9000065
5930	356.5999866
5931	356.5999866
5932	356.7000031
5933	356.7000031
5934	356.5999866
5935	356.2999964
5936	356.099993
5937	356.2999964
5938	356.9999933
5939	357.1000099
5940	357.3000133
5941	357.6000035
5942	357.6000035
5943	357.8999937
5944	358.099997
5945	357.8000069
5946	357.4000001
5947	357.4999869
5948	357.1999967
5949	357.3000133
5950	357.1999967
5951	357.3000133
5952	357.1999967
5953	357.1999967
5954	357.1999967
5955	357.4000001
5956	357.6999903
5957	357.6000035
5958	357.6000035
5959	357.6000035
5960	357.1999967
5961	357.1000099
5962	357.4999869
5963	357.6000035
5964	357.6999903
5965	357.8999937
5966	357.8999937
5967	358.2000136
5968	358.2000136
5969	358.0000103
5970	358.099997
5971	358.2000136
5972	358.3999872
5973	358.5999906
5974	358.7000072
5975	358.799994
5976	359.100014
5977	359.2999876
5978	359.4999909
5979	359.6999943
5980	359.4999909
5981	359.4999909
5982	358.9999974
5983	358.7000072
5984	356.9000065
5985	354.9000025
5986	352.4999917
5987	351.0999978
5988	348.5000134
5989	345.600009
5990	344.7000086
5991	342.7000046
5992	341.1000073
5993	339.899987
5994	339.50001
5995	339.19999
5996	339.19999
5997	339.50001
5998	339.50001
5999	340.4000103
6000	341.1000073
6001	341.8000042
6002	342.200011
6003	342.9999948
6004	343.8999951
6005	344.5000052
6006	344.7000086
6007	345.2000022
6008	345.6999958
6009	346.5000093
6010	346.7999995
6011	347.4999964
6012	347.9000032
6013	348.1000066
6014	348.5000134
6015	348.8999903
6016	348.8999903
6017	349.0000069
6018	349.5999873
6019	349.7000039
6020	349.7999907
6021	349.7999907
6022	350.300014
6023	350.4999876
6024	350.4999876
6025	350.699991
6026	351.0999978
6027	351.0999978
6028	351.2000144
6029	351.3999879
6030	351.0999978
6031	351.000011
6032	351.2000144
6033	351.0999978
6034	351.0999978
6035	351.3999879
6036	351.3999879
6037	351.7000079
6038	351.5000045
6039	351.3999879
6040	351.3999879
6041	351.3999879
6042	351.5999913
6043	351.7999947
6044	351.5000045
6045	351.5999913
6046	351.5999913
6047	351.5000045
6048	351.7999947
6049	351.7000079
6050	351.7000079
6051	351.5999913
6052	351.3999879
6053	351.5000045
6054	351.5999913
6055	351.3999879
6056	351.3999879
6057	351.5000045
6058	351.7999947
6059	351.7999947
6060	351.7999947