1	281.6099854
2	281.4400024
3	281.4400024
4	281.4400024
5	281.5700073
6	281.6499939
7	281.6300049
8	281.6499939
9	281.6499939
10	281.5700073
11	281.5700073
12	281.480011
13	281.480011
14	281.4599915
15	281.480011
16	281.4599915
17	281.4200134
18	281.3399963
19	281.269989
20	281.269989
21	281.230011
22	281.230011
23	281.2099915
24	281.2099915
25	281.1300049
26	281.1700134
27	281.269989
28	281.25
29	281.25
30	281.3800049
31	281.6300049
32	281.7099915
33	281.8599854
34	281.8200073
35	281.7600098
36	281.7600098
37	281.4599915
38	281.3800049
39	281.269989
40	281.3200073
41	281.230011
42	281.1900024
43	281.019989
44	280.9599915
45	281
46	281.0700073
47	281.1499939
48	281.1700134
49	281.1099854
50	281.1300049
51	281.2999878
52	281.3999939
53	281.269989
54	281.4400024
55	281.4200134
56	281.480011
57	281.5899963
58	281.5299988
59	281.5700073
60	281.4200134
61	281.4200134
62	281.3999939
63	281.4599915
64	281.4599915
65	281.5700073
66	281.6700134
67	281.6900024
68	281.6900024
69	281.8200073
70	281.7099915
71	281.7099915
72	281.6300049
73	281.6499939
74	281.6499939
75	281.7099915
76	281.8800049
77	281.9200134
78	281.8200073
79	281.9400024
80	282.1099854
81	281.9899902
82	282.0100098
83	282.0899963
84	282.1099854
85	282.1499939
86	281.9899902
87	281.9200134
88	281.730011
89	281.8399963
90	282.0700073
91	282.1499939
92	282.3200073
93	282.3200073
94	282.3200073
95	282.1300049
96	282.0499878
97	282.0700073
98	282.1499939
99	282.3399963
100	282.3399963
101	282.6799927
102	282.9500122
103	282.9500122
104	282.7799988
105	282.9299927
106	282.9500122
107	282.9500122
108	282.9299927
109	282.7399902
110	282.5100098
111	282.2799988
112	282.1700134
113	282.2000122
114	282.2600098
115	282.5700073
116	282.6099854
117	282.9100037
118	283.0899963
119	283.2200012
120	283.2799988
121	283.3900146
122	283.4700012
123	283.4100037
124	283.3900146
125	283.3900146
126	283.3900146
127	283.0700073
128	283.0299988
129	283.0299988
130	282.7999878
131	282.8200073
132	282.8200073
133	283.0899963
134	283.4299927
135	283.5799866
136	283.5100098
137	283.2999878
138	283.2600098
139	283.2600098
140	283.4100037
141	283.4500122
142	283.3900146
143	283.0100098
144	282.8399963
145	282.9100037
146	283.0299988
147	283.9700012
148	284.4299927
149	284.519989
150	284.3099976
151	284.0799866
152	283.9700012
153	283.7600098
154	283.1400146
155	283.1400146
156	283.1600037
157	283.3699951
158	283.3900146
159	283.2799988
160	283.2000122
161	283.2000122
162	283.3900146
163	283.5499878
164	283.5299988
165	283.5799866
166	283.6799927
167	283.7200012
168	283.7200012
169	283.8699951
170	284.1600037
171	284.1600037
172	284.2399902
173	283.9299927
174	283.7600098
175	283.6000061
176	283.4299927
177	283.2999878
178	283.2999878
179	282.7999878
180	282.5299988
181	282.5100098
182	282.5299988
183	283.1600037
184	283.5499878
185	283.8299866
186	284.0100098
187	283.9500122
188	283.7200012
189	283.7399902
190	283.7000122
191	283.8299866
192	283.8299866
193	284.1600037
194	284.1600037
195	283.7799988
196	283.3200073
197	283.2799988
198	283.1799927
199	283.0899963
200	283.0299988
201	283.2000122
202	283.4100037
203	283.4100037
204	283.7399902
205	283.8699951
206	283.7799988
207	283.8099976
208	283.7799988
209	283.9500122
210	283.9500122
211	283.9700012
212	283.9299927
213	283.9299927
214	284.2000122
215	284.269989
216	284.4299927
217	284.4299927
218	284.4299927
219	284.3500061
220	284.4500122
221	284.1799927
222	283.9500122
223	283.7600098
224	283.7799988
225	283.7799988
226	283.7600098
227	283.5100098
228	283.1600037
229	283.0899963
230	283.1400146
231	283.1600037
232	283.0899963
233	283.0499878
234	282.9100037
235	282.9700012
236	282.9700012
237	283.0100098
238	282.9700012
239	282.7600098
240	282.8200073
241	282.9500122
242	282.9500122
243	283.0899963
244	283.0899963
245	283.0100098
246	283.1400146
247	283.2999878
248	283.3500061
249	283.3500061
250	283.2399902
251	283.0899963
252	282.9700012
253	282.9100037
254	282.6799927
255	282.6799927
256	282.6799927
257	282.8599854
258	283.0299988
259	283.2399902
260	283.3699951
261	283.2000122
262	283.2399902
263	283.2399902
264	283.1400146
265	283.0299988
266	283.1600037
267	283.5299988
268	283.6000061
269	283.7799988
270	283.7399902
271	283.8699951
272	284.1199951
273	284.2399902
274	284.2399902
275	284.1000061
276	283.7200012
277	283.4899902
278	283.1199951
279	282.8900146
280	282.7600098
281	282.7600098
282	282.4299927
283	282.3399963
284	282.3599854
285	282.3800049
286	282.5499878
287	282.6300049
288	282.6300049
289	282.5700073
290	282.2200012
291	282.0299988
292	281.3800049
293	280.5799866
294	280.1499939
295	279.6900024
296	278.1000061
297	277.6400146
298	276.7399902
299	276.3200073
300	276.1499939
301	276.0299988
302	276.0299988
303	276.0499878
304	276.0499878
305	276.0899963
306	276.2799988
307	276.4899902
308	276.9700012
309	277.1499939
310	277.5700073
311	277.9299927
312	278.3099976
313	278.3099976
314	278.6000061
315	278.6799927
316	278.7200012
317	278.8099976
318	279.0799866
319	279.1799927
320	279.1799927
321	279.3099976
322	279.3099976
323	279.3500061
324	279.5
325	279.5599976
326	279.5799866
327	279.5799866
328	279.75
329	279.980011
330	280.0599976
331	280
332	279.9400024
333	279.9200134
334	279.8699951
335	280.0599976
336	280.2099915
337	280.2900085
338	280.3299866
339	280.3099976
340	280.3500061
341	280.2900085
342	280.3299866
343	280.230011
344	280.0799866
345	280.25
346	280.269989
347	280.4200134
348	280.4599915
349	280.4599915
350	280.480011
351	280.5400085
352	280.5400085
353	280.6700134
354	280.7099915
355	280.730011
356	280.6900024
357	280.7900085
358	280.8599854
359	280.8599854
360	280.5599976
361	280.3999939
362	280.4200134
363	280.480011
364	280.6700134
365	280.730011
366	280.7099915
367	280.7099915
368	280.6700134
369	280.7099915
370	280.730011
371	280.7900085
372	280.730011
373	280.7900085
374	280.980011
375	280.9599915
376	280.9400024
377	280.7900085
378	280.769989
379	280.7099915
380	280.7099915
381	280.75
382	280.9599915
383	281
384	281
385	281.1300049
386	281.1099854
387	281.1499939
388	281.0700073
389	281.1099854
390	281.0400085
391	281.0400085
392	281.2099915
393	281.269989
394	281.269989
395	281.1700134
396	281.1900024
397	281.1300049
398	281.1300049
399	281.0899963
400	281.1499939
401	281.230011
402	281.269989
403	281.25
404	281.230011
405	281.25
406	281.3999939
407	281.480011
408	281.480011
409	281.5299988
410	281.4200134
411	281.2099915
412	281.0400085
413	281
414	280.980011
415	281.0700073
416	281.1900024
417	281.25
418	281.3999939
419	281.3399963
420	281.2099915
421	281.0899963
422	281.1700134
423	281.1700134
424	281.019989
425	281
426	280.9599915
427	280.9599915
428	281
429	281.0899963
430	281.0899963
431	280.9599915
432	281.0400085
433	281.1099854
434	281.0899963
435	281.1499939
436	281.1900024
437	281.2999878
438	281.3200073
439	281.3999939
440	281.5299988
441	281.4599915
442	281.4200134
443	281.5299988
444	281.5
445	281.480011
446	281.480011
447	281.5499878
448	281.4200134
449	281.4200134
450	281.3399963
451	281.1700134
452	281.1099854
453	280.8800049
454	280.8999939
455	280.8999939
456	280.75
457	280.9200134
458	281
459	280.980011
460	280.8999939
461	281.0700073
462	281.0700073
463	281.1900024
464	281.3800049
465	281.3800049
466	281.3599854
467	281.3599854
468	281.2999878
469	281.2999878
470	281.019989
471	281
472	280.9599915
473	280.9599915
474	281.0899963
475	281.1300049
476	281.1499939
477	281.3399963
478	281.3999939
479	281.3800049
480	281.3200073
481	281.3200073
482	281.3200073
483	281.3599854
484	281.230011
485	281.0899963
486	281.1499939
487	281.1900024
488	281.1900024
489	281.1300049
490	281.1499939
491	281.2099915
492	281.25
493	281.3599854
494	281.3599854
495	281.5299988
496	281.4599915
497	281.3999939
498	281.3399963
499	281.3999939
500	281.3599854
501	281.3599854
502	281.3200073
503	281.2999878
504	281.2099915
505	281.1099854
506	280.9400024
507	280.9400024
508	280.769989
509	280.6099854
510	280.6499939
511	280.8399963
512	280.9400024
513	281
514	281.019989
515	281.1499939
516	281.2999878
517	281.3599854
518	281.5700073
519	281.5
520	281.5899963
521	281.6300049
522	281.6300049
523	281.4599915
524	281.3399963
525	281.25
526	281.25
527	280.8999939
528	280.8800049
529	280.9200134
530	281.019989
531	281.2099915
532	281.3999939
533	281.3999939
534	281.3399963
535	281.3800049
536	281.4599915
537	281.4400024
538	281.4200134
539	281.2999878
540	281.2999878
541	281.1700134
542	281.2099915
543	281.2999878
544	281.3599854
545	281.4400024
546	281.4200134
547	281.3599854
548	281.269989
549	281.230011
550	281.3599854
551	281.3200073
552	281.25
553	281
554	280.9400024
555	280.8999939
556	280.8800049
557	280.980011
558	281.0400085
559	280.980011
560	281.1700134
561	281.1900024
562	281.1300049
563	281
564	281.0400085
565	281.0400085
566	281.2099915
567	281.1300049
568	281.1300049
569	280.9599915
570	280.9200134
571	280.8099976
572	280.8099976
573	281.1700134
574	281.230011
575	281.1900024
576	281.1300049
577	280.980011
578	280.8800049
579	280.75
580	280.5400085
581	280.6700134
582	280.6700134
583	280.8099976
584	281.1300049
585	281.3999939
586	281.5700073
587	282.2999878
588	282.7000122
589	283.2799988
590	283.3500061
591	283.2200012
592	282.9899902
593	282.9500122
594	283.0100098
595	283.0299988
596	283.2399902
597	283.2399902
598	283.6600037
599	283.7799988
600	283.7000122
601	283.3200073
602	282.9299927
603	282.6099854
604	282.6099854
605	282.8599854
606	283.3699951
607	283.4700012
608	283.4100037
609	283.4299927
610	283.2999878
611	283.2999878
612	282.8900146
613	282.9500122
614	282.9100037
615	283.0100098
616	283.1799927
617	283.2600098
618	283.4100037
619	283.5799866
620	283.4700012
621	283.1799927
622	283.2000122
623	283.1199951
624	283.0100098
625	282.9899902
626	282.8599854
627	282.8399963
628	282.9100037
629	283.1400146
630	283.2000122
631	283.2399902
632	283.2000122
633	283.2999878
634	283.2200012
635	283.0499878
636	283.0499878
637	282.8900146
638	283.2000122
639	283.2200012
640	283.5100098
641	283.8699951
642	283.8900146
643	283.8900146
644	283.7399902
645	283.6799927
646	283.6199951
647	283.4100037
648	283.2000122
649	283.0100098
650	282.9100037
651	282.4899902
652	282.1300049
653	282.0499878
654	282.1099854
655	281.9899902
656	281.9400024
657	281.8800049
658	281.9200134
659	281.7799988
660	281.5
661	281.4200134
662	281.4200134
663	281.3399963
664	281.230011
665	281.3599854
666	281.4400024
667	281.3999939
668	281.7799988
669	281.9899902
670	282.2600098
671	282.2799988
672	282.3200073
673	282.3999939
674	282.3200073
675	282.3200073
676	282.0499878
677	282.0100098
678	282.1499939
679	282.3800049
680	282.6300049
681	282.4700012
682	282.4700012
683	282.3599854
684	282.2999878
685	282.1300049
686	281.8599854
687	281.8599854
688	281.9599915
689	281.9599915
690	281.7799988
691	281.7600098
692	282.1099854
693	282.7000122
694	282.9100037
695	283.1799927
696	283.2600098
697	283.3500061
698	283.2799988
699	282.9899902
700	282.7200012
701	282.4899902
702	281.9899902
703	282.0100098
704	282.1300049
705	282.4500122
706	282.6099854
707	282.6099854
708	282.9500122
709	283.0499878
710	282.9700012
711	282.7000122
712	282.6099854
713	282.5299988
714	282.5299988
715	282.7600098
716	283.0100098
717	283.0499878
718	283.4100037
719	283.3699951
720	283.2999878
721	283.2999878
722	283.0100098
723	282.9100037
724	282.8599854
725	282.9100037
726	282.7799988
727	282.6300049
728	282.7000122
729	282.9899902
730	283.0899963
731	282.9899902
732	283.0499878
733	283.1199951
734	283.2999878
735	283.4100037
736	283.7600098
737	283.8500061
738	283.8099976
739	283.7200012
740	283.6600037
741	283.4299927
742	283.4700012
743	283.5799866
744	283.2200012
745	283.0700073
746	283.0700073
747	282.9100037
748	282.7200012
749	282.6600037
750	282.6799927
751	282.6300049
752	282.2600098
753	282.2600098
754	281.6099854
755	281.6499939
756	281.7099915
757	281.8999939
758	282.2200012
759	282.3999939
760	282.5299988
761	282.7600098
762	282.7000122
763	282.5299988
764	282.0499878
765	281.5
766	281.1300049
767	280.769989
768	279.230011
769	278.7200012
770	277.7200012
771	276.7200012
772	276.3999939
773	275.8599854
774	275.6499939
775	275.3800049
776	275.269989
777	275.3599854
778	275.3599854
779	275.730011
780	275.980011
781	276.1099854
782	276.5299988
783	276.8599854
784	277.1099854
785	277.1099854
786	277.5899963
787	277.9500122
788	278.0799866
789	278.2600098
790	278.4100037
791	278.6799927
792	278.6799927
793	278.9100037
794	278.9100037
795	279.0599976
796	279.4100037
797	279.5599976
798	279.5799866
799	279.6600037
800	279.9200134
801	279.980011
802	279.9599915
803	280
804	280.019989
805	280.1900024
806	280.1700134
807	280.269989
808	280.3800049
809	280.3999939
810	280.3999939
811	280.3500061
812	280.230011
813	280.2099915
814	280.3099976
815	280.4200134
816	280.3500061
817	280.3500061
818	280.3999939
819	280.5
820	280.5
821	280.519989
822	280.5400085
823	280.5799866
824	280.5799866
825	280.4200134
826	280.4200134
827	280.3999939
828	280.4599915
829	280.5400085
830	280.730011
831	280.730011
832	280.6700134
833	280.6300049
834	280.5599976
835	280.4400024
836	280.3999939
837	280.519989
838	280.6700134
839	280.8099976
840	280.8800049
841	281.019989
842	281.0700073
843	281.2099915
844	281.1900024
845	281.2099915
846	281.1499939
847	281.269989
848	281.3800049
849	281.3800049
850	281.0899963
851	281.019989
852	281.1300049
853	281.1499939
854	281.230011
855	281.2999878
856	281.2999878
857	281.1900024
858	281.230011
859	281.2099915
860	281.1700134
861	281.25
862	281.480011
863	281.480011
864	281.3999939
865	281.1300049
866	281.1300049
867	281.1900024
868	281.2099915
869	281.230011
870	281.230011
871	281.1900024
872	281.1300049
873	281.0700073
874	281
875	281.019989
876	281.0700073
877	280.980011
878	281.0700073
879	281.1099854
880	280.9400024
881	280.8599854
882	280.8800049
883	281.019989
884	281.0700073
885	281.230011
886	281.269989
887	281.25
888	281.25
889	281.4400024
890	281.3800049
891	281.3800049
892	281.3999939
893	281.269989
894	281.3200073
895	281.3200073
896	281.4400024
897	281.5299988
898	281.5
899	281.3999939
900	281.3599854
901	281.3200073
902	281.3800049
903	281.3200073
904	281.4400024
905	281.3599854
906	281.230011
907	281.230011
908	281.25
909	281.3599854
910	281.4200134
911	281.3399963
912	281.230011
913	281.0700073
914	281.019989
915	280.8800049
916	280.8399963
917	280.8099976
918	280.9400024
919	280.9599915
920	280.9599915
921	281.1499939
922	281.25
923	281.2999878
924	281.3399963
925	281.3800049
926	281.3200073
927	281.3200073
928	281.1099854
929	281.230011
930	281.2099915
931	281.3200073
932	281.4599915
933	281.6700134
934	281.6700134
935	281.6900024
936	281.5899963
937	281.6099854
938	281.5700073
939	281.5499878
940	281.5
941	281.5299988
942	281.5499878
943	281.4400024
944	281.25
945	281.269989
946	281.2099915
947	281.2099915
948	281.230011
949	281.3200073
950	281.3399963
951	281.3800049
952	281.3999939
953	281.4400024
954	281.5700073
955	281.5700073
956	281.7799988
957	281.6300049
958	281.5299988
959	281.5299988
960	281.5899963
961	281.7999878
962	281.6900024
963	281.5700073
964	281.5
965	281.5499878
966	281.5499878
967	281.5
968	281.3200073
969	281.3399963
970	281.3599854
971	281.4200134
972	281.3599854
973	281.3399963
974	281.3999939
975	281.5499878
976	281.5299988
977	281.5299988
978	281.5299988
979	281.6099854
980	281.6499939
981	281.7099915
982	281.6700134
983	281.6700134
984	281.6499939
985	281.6300049
986	281.6700134
987	281.7099915
988	281.6499939
989	281.7099915
990	281.8200073
991	281.7999878
992	281.7099915
993	281.6700134
994	281.6099854
995	281.5
996	281.3999939
997	281.1900024
998	281.1900024
999	280.769989
1000	280.6499939
1001	280.6700134
1002	280.3999939
1003	280.4599915
1004	280.5799866
1005	280.5799866
1006	280.7099915
1007	280.9400024
1008	280.9599915
1009	281.019989
1010	281.019989
1011	280.9599915
1012	280.8599854
1013	280.519989
1014	280.4400024
1015	280.3800049
1016	280.2900085
1017	280.25
1018	280.25
1019	280.4200134
1020	280.7099915
1021	280.769989
1022	280.75
1023	280.7900085
1024	280.8999939
1025	281.0700073
1026	281.1300049
1027	281.1700134
1028	281.1499939
1029	281.25
1030	281.25
1031	281.3599854
1032	281.3599854
1033	281.3599854
1034	281.3999939
1035	281.730011
1036	281.7799988
1037	281.7799988
1038	281.6300049
1039	281.5899963
1040	281.5899963
1041	281.4200134
1042	281.3399963
1043	281.3800049
1044	281.3800049
1045	281.3999939
1046	281.4599915
1047	281.5899963
1048	281.6499939
1049	281.6099854
1050	281.6499939
1051	281.7099915
1052	281.5700073
1053	281.5899963
1054	281.5499878
1055	281.3399963
1056	281.230011
1057	281.25
1058	281.269989
1059	281.5299988
1060	281.7099915
1061	281.6900024
1062	281.8200073
1063	281.9400024
1064	282.2399902
1065	282.4700012
1066	282.5700073
1067	282.3399963
1068	282.4500122
1069	282.4500122
1070	282.5299988
1071	282.5700073
1072	282.6300049
1073	282.6300049
1074	282.3800049
1075	282.2600098
1076	282.2600098
1077	282.4500122
1078	282.6600037
1079	282.7200012
1080	282.7799988
1081	282.8900146
1082	282.9100037
1083	282.8599854
1084	282.6300049
1085	282.5700073
1086	282.5100098
1087	282.3200073
1088	282.2200012
1089	282.1300049
1090	282.0899963
1091	282.2200012
1092	282.3800049
1093	282.8900146
1094	283.3200073
1095	283.4100037
1096	283.6600037
1097	283.7600098
1098	284.0400085
1099	284.3900146
1100	284.6000061
1101	284.6000061
1102	284.6400146
1103	284.6799927
1104	284.7000122
1105	284.8500061
1106	284.8699951
1107	284.75
1108	284.75
1109	284.8299866
1110	284.769989
1111	284.730011
1112	284.6000061
1113	284.5799866
1114	284.7000122
1115	284.7000122
1116	284.5799866
1117	284.3900146
1118	284.4299927
1119	284.6400146
1120	284.5799866
1121	284.5400085
1122	284.4299927
1123	283.9700012
1124	283.8900146
1125	283.9700012
1126	283.9500122
1127	283.9500122
1128	284.1000061
1129	284.2000122
1130	284.3299866
1131	284.2399902
1132	284.1400146
1133	283.6400146
1134	283.2999878
1135	282.7999878
1136	282.7600098
1137	282.9500122
1138	282.9500122
1139	282.7399902
1140	282.7399902
1141	282.5899963
1142	282.5499878
1143	282.5299988
1144	282.3999939
1145	282.2799988
1146	282.5100098
1147	282.5100098
1148	282.7200012
1149	282.8200073
1150	282.9299927
1151	282.7000122
1152	282.5899963
1153	282.5499878
1154	282.4899902
1155	282.3599854
1156	282.5899963
1157	282.6300049
1158	282.4700012
1159	282.2799988
1160	282.2200012
1161	282.2200012
1162	282.1499939
1163	282.0499878
1164	281.8999939
1165	281.7999878
1166	281.7999878
1167	281.9899902
1168	282.0899963
1169	282.4500122
1170	282.6600037
1171	282.7399902
1172	282.7399902
1173	282.5899963
1174	282.2799988
1175	282.2000122
1176	282.3200073
1177	282.4500122
1178	282.3800049
1179	282.3800049
1180	282.5100098
1181	282.4899902
1182	282.5299988
1183	282.6099854
1184	282.5299988
1185	282.4500122
1186	282.4500122
1187	282.4299927
1188	282.1300049
1189	282.0499878
1190	281.9899902
1191	282.0100098
1192	282.0499878
1193	281.9400024
1194	281.6300049
1195	281.5899963
1196	281.6900024
1197	282.0100098
1198	282.3999939
1199	282.6300049
1200	282.7399902
1201	283.1600037
1202	283.2799988
1203	283.6400146
1204	283.6600037
1205	283.5499878
1206	283.4299927
1207	283.4100037
1208	283.2999878
1209	282.9100037
1210	282.6799927
1211	282.6799927
1212	282.7399902
1213	282.7200012
1214	282.7000122
1215	283.0299988
1216	283.0299988
1217	282.8599854
1218	282.8599854
1219	282.4299927
1220	282.2200012
1221	282.1099854
1222	281.8399963
1223	281.8800049
1224	281.730011
1225	281.730011
1226	281.480011
1227	281.4599915
1228	281.5499878
1229	281.8200073
1230	281.7999878
1231	281.8200073
1232	281.9200134
1233	282.2999878
1234	282.2999878
1235	282.3200073
1236	282.2200012
1237	281.9599915
1238	281.4400024
1239	281.1700134
1240	280.4599915
1241	279.7099915
1242	278.8500061
1243	277.7000122
1244	277.2399902
1245	276.5299988
1246	276.1499939
1247	275.5899963
1248	275.1700134
1249	275
1250	275
1251	275.1700134
1252	275.480011
1253	275.6700134
1254	275.8800049
1255	276.1900024
1256	276.6300049
1257	276.6300049
1258	277.1799927
1259	277.5299988
1260	277.6600037
1261	277.9299927
1262	278.0299988
1263	278.1199951
1264	278.2200012
1265	278.5799866
1266	278.7000122
1267	278.7900085
1268	278.8099976
1269	278.9700012
1270	279
1271	279.0599976
1272	279.3900146
1273	279.4299927
1274	279.5
1275	279.519989
1276	279.3500061
1277	279.4599915
1278	279.480011
1279	279.5400085
1280	279.730011
1281	279.8299866
1282	279.8299866
1283	279.769989
1284	279.7900085
1285	279.730011
1286	279.9200134
1287	280.1000061
1288	280.0799866
1289	280.0799866
1290	280.0799866
1291	280.25
1292	280.2900085
1293	280.4400024
1294	280.480011
1295	280.5
1296	280.5
1297	280.5599976
1298	280.5
1299	280.4400024
1300	280.3299866
1301	280.3999939
1302	280.4200134
1303	280.3500061
1304	280.3999939
1305	280.5
1306	280.6099854
1307	280.5400085
1308	280.5599976
1309	280.6700134
1310	280.6300049
1311	280.6300049
1312	280.519989
1313	280.4200134
1314	280.3500061
1315	280.480011
1316	280.730011
1317	280.7900085
1318	280.730011
1319	280.6300049
1320	280.6099854
1321	280.6099854
1322	280.7099915
1323	280.6499939
1324	280.6099854
1325	280.6099854
1326	280.5599976
1327	280.730011
1328	280.730011
1329	280.75
1330	280.6300049
1331	280.6900024
1332	280.7099915
1333	280.75
1334	280.75
1335	280.8399963
1336	280.9400024
1337	280.9400024
1338	280.8999939
1339	280.8599854
1340	280.8399963
1341	280.7900085
1342	280.8099976
1343	280.9400024
1344	281
1345	280.9599915
1346	280.9400024
1347	280.8599854
1348	280.8399963
1349	280.7900085
1350	280.7099915
1351	280.8099976
1352	280.9400024
1353	280.9400024
1354	281.1700134
1355	281.230011
1356	281.2099915
1357	281.230011
1358	281.3999939
1359	281.4200134
1360	281.4200134
1361	281.3200073
1362	281.2999878
1363	281.3399963
1364	281.3599854
1365	281.2999878
1366	281.1099854
1367	281.1099854
1368	281.0400085
1369	280.980011
1370	281.019989
1371	280.8999939
1372	280.8599854
1373	280.7900085
1374	280.730011
1375	280.8099976
1376	280.7099915
1377	280.8399963
1378	280.9200134
1379	280.8999939
1380	280.8800049
1381	280.9400024
1382	281
1383	280.9599915
1384	280.8800049
1385	281.0400085
1386	281
1387	280.9400024
1388	281
1389	281.0700073
1390	281.230011
1391	281.1700134
1392	281.1700134
1393	281.019989
1394	281.019989
1395	280.9599915
1396	280.9599915
1397	281.0400085
1398	281.0899963
1399	281.0899963
1400	281.0700073
1401	281
1402	280.9400024
1403	280.9200134
1404	281.019989
1405	280.980011
1406	280.9599915
1407	280.980011
1408	280.8800049
1409	280.8599854
1410	280.730011
1411	280.75
1412	280.6499939
1413	280.5799866
1414	280.4400024
1415	280.519989
1416	280.6300049
1417	280.5400085
1418	280.4200134
1419	278.0100098
1420	278.0799866
1421	278.0799866
1422	278.2399902
1423	278.2799988
1424	278.2399902
1425	278.1799927
1426	278.0799866
1427	278.0299988
1428	278.0299988
1429	278.1799927
1430	278.2799988
1431	278.3500061
1432	278.2799988
1433	278.1400146
1434	278.1000061
1435	278.1000061
1436	278.0299988
1437	278.0499878
1438	277.9700012
1439	278.1400146
1440	278.3699951
1441	278.4100037
1442	278.3299866
1443	278.3099976
1444	278.4100037
1445	278.3900146
1446	278.4100037
1447	278.3299866
1448	278.2799988
1449	278.2799988
1450	278.1600037
1451	278.0499878
1452	277.9500122
1453	278.1199951
1454	278.0799866
1455	278.2000122
1456	278.3299866
1457	278.2799988
1458	278.2799988
1459	278.3099976
1460	278.3099976
1461	278.1799927
1462	278.1000061
1463	278.1400146
1464	278.0299988
1465	277.9500122
1466	278.1000061
1467	278.1000061
1468	278.1400146
1469	278.1600037
1470	278.2399902
1471	278.2799988
1472	278.3500061
1473	278.3099976
1474	278.2600098
1475	278.0499878
1476	278.0499878
1477	277.9700012
1478	277.9700012
1479	277.9899902
1480	278.0799866
1481	278.1199951
1482	278.2000122
1483	278.2799988
1484	278.1400146
1485	278.0799866
1486	278.1199951
1487	278.2000122
1488	278.0799866
1489	278.1199951
1490	278.1799927
1491	278.0299988
1492	278.0299988
1493	277.9899902
1494	278.0299988
1495	278.1199951
1496	278.0299988
1497	278.0799866
1498	278.1000061
1499	278.1000061
1500	277.9899902
1501	277.9500122
1502	277.9700012
1503	277.9100037
1504	277.9100037
1505	277.8900146
1506	277.8900146
1507	277.8699951
1508	277.8900146
1509	277.9500122
1510	277.9500122
1511	277.9299927
1512	277.9299927
1513	277.9500122
1514	277.8900146
1515	277.8500061
1516	277.8200073
1517	277.8200073
1518	277.9899902
1519	277.9500122
1520	277.9700012
1521	278.1199951
1522	278.1400146
1523	278.2399902
1524	278.0799866
1525	278.1199951
1526	278.2399902
1527	278.2200012
1528	277.9700012
1529	277.7399902
1530	277.7200012
1531	277.7200012
1532	277.7999878
1533	277.9700012
1534	278.1600037
1535	278.3699951
1536	278.6400146
1537	278.9100037
1538	278.9100037
1539	279.1600037
1540	278.8900146
1541	278.6799927
1542	278.3900146
1543	278.2000122
1544	277.9500122
1545	277.9500122
1546	277.7600098
1547	277.7999878
1548	277.7600098
1549	277.7600098
1550	277.7999878
1551	277.7399902
1552	277.7600098
1553	277.6199951
1554	277.5700073
1555	277.5100098
1556	277.4100037
1557	277.4100037
1558	277.2799988
1559	277.2399902
1560	277.1799927
1561	277.3599854
1562	277.4100037
1563	277.7999878
1564	277.8900146
1565	277.9500122
1566	278.0499878
1567	278.1400146
1568	278.2200012
1569	278.2200012
1570	278.2200012
1571	278.2799988
1572	278.3099976
1573	278.2799988
1574	278.2399902
1575	278.3500061
1576	278.2799988
1577	278.2799988
1578	278.6199951
1579	278.8699951
1580	279.0400085
1581	279.6199951
1582	279.8500061
1583	279.8099976
1584	279.769989
1585	279.980011
1586	280
1587	279.730011
1588	279.3099976
1589	279.1000061
1590	278.8699951
1591	278.7399902
1592	278.2799988
1593	278.0499878
1594	278.0299988
1595	278.0499878
1596	278.0799866
1597	277.9899902
1598	277.8900146
1599	277.8699951
1600	278.3500061
1601	278.6000061
1602	278.6000061
1603	278.5100098
1604	278.4500122
1605	278.4899902
1606	278.5799866
1607	278.5400085
1608	278.4899902
1609	278.4899902
1610	278.4700012
1611	278.5400085
1612	278.5100098
1613	278.4700012
1614	278.4100037
1615	278.3699951
1616	278.3699951
1617	278.2600098
1618	278.0499878
1619	278.0799866
1620	278.2200012
1621	278.3500061
1622	278.4299927
1623	278.4899902
1624	278.769989
1625	278.7900085
1626	278.5799866
1627	278.4500122
1628	278.3699951
1629	278.2600098
1630	278.3099976
1631	278.0799866
1632	277.8699951
1633	277.7600098
1634	277.7000122
1635	277.7000122
1636	278.0499878
1637	278.4500122
1638	279.1000061
1639	279.3500061
1640	279.4599915
1641	279.4599915
1642	281.5899963
1643	282.6099854
1644	282.5299988
1645	281.6300049
1646	280.6300049
1647	280.4200134
1648	280.4200134
1649	280.1000061
1650	279.8500061
1651	279.6600037
1652	279.480011
1653	279.4599915
1654	279.4100037
1655	279.3500061
1656	279.4599915
1657	279.480011
1658	280
1659	280.519989
1660	280.9599915
1661	280.8999939
1662	280.8599854
1663	281.0400085
1664	281.1300049
1665	281.1300049
1666	281.1099854
1667	281.1300049
1668	281.1099854
1669	281.1300049
1670	280.9599915
1671	280.980011
1672	281.1099854
1673	281.1099854
1674	281.3800049
1675	281.3200073
1676	281.3599854
1677	281.5
1678	281.6099854
1679	281.6700134
1680	281.6700134
1681	281.8200073
1682	281.9599915
1683	282.0700073
1684	282.1099854
1685	282.1700134
1686	282.3200073
1687	282.3200073
1688	282.2200012
1689	282.1499939
1690	282.1099854
1691	282.0700073
1692	282.2799988
1693	282.3200073
1694	282.2799988
1695	282.2399902
1696	282.2799988
1697	282.3399963
1698	282.4899902
1699	282.5499878
1700	282.7600098
1701	282.9500122
1702	282.9700012
1703	282.9500122
1704	282.7600098
1705	282.4299927
1706	282.2600098
1707	282.0100098
1708	281.9200134
1709	282.0700073
1710	282.2200012
1711	282.4500122
1712	282.4500122
1713	282.5899963
1714	282.4899902
1715	282.4299927
1716	282.1499939
1717	281.8599854
1718	281.269989
1719	281.269989
1720	279.8299866
1721	278.7200012
1722	278.0799866
1723	277.0100098
1724	276.2799988
1725	275.8800049
1726	275.6300049
1727	275
1728	274.8800049
1729	274.9200134
1730	275.1499939
1731	275.5
1732	275.6900024
1733	275.8599854
1734	276.1499939
1735	276.230011
1736	276.4899902
1737	276.7399902
1738	276.7399902
1739	276.8999939
1740	277.0700073
1741	277.5100098
1742	277.8699951
1743	278.1799927
1744	278.1799927
1745	278.7000122
1746	278.8299866
1747	278.8699951
1748	278.8500061
1749	278.8699951
1750	278.7900085
1751	278.7900085
1752	278.7900085
1753	278.9100037
1754	279
1755	279.1799927
1756	279.3500061
1757	279.3900146
1758	279.3900146
1759	279.5599976
1760	279.6400146
1761	279.6400146
1762	279.6600037
1763	279.6400146
1764	279.6900024
1765	279.7099915
1766	279.8099976
1767	279.8699951
1768	280.019989
1769	280.1499939
1770	280.1000061
1771	280.1199951
1772	280.1499939
1773	280.269989
1774	280.2900085
1775	280.269989
1776	280.3500061
1777	280.3999939
1778	280.5
1779	280.5799866
1780	280.6499939
1781	280.6300049
1782	280.5
1783	280.5
1784	280.3299866
1785	280.3500061
1786	280.3299866
1787	280.3299866
1788	280.3500061
1789	280.2900085
1790	280.2900085
1791	280.25
1792	280.25
1793	280.269989
1794	280.3999939
1795	280.4200134
1796	280.4400024
1797	280.4599915
1798	280.3099976
1799	280.2099915
1800	280.2099915
1801	280.4200134
1802	280.5400085
1803	280.5
1804	280.4599915
1805	280.5599976
1806	280.6700134
1807	280.6499939
1808	280.6700134
1809	280.6300049
1810	280.519989
1811	280.5400085
1812	280.5
1813	280.5799866
1814	280.6499939
1815	280.5599976
1816	280.5799866
1817	280.5
1818	280.4200134
1819	280.480011
1820	280.5799866
1821	280.75
1822	280.75
1823	280.7099915
1824	280.6900024
1825	280.5599976
1826	280.6099854
1827	280.6499939
1828	280.519989
1829	280.519989
1830	280.5
1831	280.519989
1832	280.5
1833	280.480011
1834	280.5400085
1835	280.5
1836	280.519989
1837	280.6300049
1838	280.6099854
1839	280.730011
1840	280.6700134
1841	280.5
1842	280.519989
1843	280.5599976
1844	280.75
1845	280.75
1846	280.7900085
1847	280.7900085
1848	280.8099976
1849	280.730011
1850	280.6900024
1851	280.5799866
1852	280.5599976
1853	280.519989
1854	280.519989
1855	280.6099854
1856	280.6700134
1857	280.6900024
1858	280.6900024
1859	280.6900024
1860	280.730011
1861	280.730011
1862	280.8800049
1863	280.769989
1864	280.75
1865	280.769989
1866	280.8999939
1867	280.7900085
1868	280.7900085
1869	280.3500061
1870	280.25
1871	280.25
1872	280.2099915
1873	280.1000061
1874	280.1700134
1875	280.3800049
1876	280.5799866
1877	280.6099854
1878	280.8099976
1879	280.8099976
1880	280.8399963
1881	280.8599854
1882	280.8800049
1883	280.9599915
1884	281
1885	280.9599915
1886	281
1887	281
1888	280.9599915
1889	280.8999939
1890	280.9200134
1891	280.9599915
1892	280.9400024
1893	280.9400024
1894	280.8099976
1895	280.6700134
1896	280.5799866
1897	280.5799866
1898	280.5400085
1899	280.3999939
1900	280.3999939
1901	280.230011
1902	280.3099976
1903	280.230011
1904	280.2099915
1905	280.269989
1906	280.269989
1907	280.230011
1908	280.269989
1909	280.3099976
1910	280.3299866
1911	280.4200134
1912	280.5
1913	280.5400085
1914	280.5400085
1915	280.6300049
1916	280.7099915
1917	280.8399963
1918	280.769989
1919	280.769989
1920	280.7099915
1921	280.6499939
1922	280.5799866
1923	280.480011
1924	280.4200134
1925	280.4200134
1926	280.3500061
1927	280.4200134
1928	280.480011
1929	280.4599915
1930	280.5
1931	280.5400085
1932	280.5400085
1933	280.6099854
1934	280.6300049
1935	280.6099854
1936	280.6099854
1937	280.519989
1938	280.3999939
1939	280.3999939
1940	280.3800049
1941	280.4599915
1942	280.4599915
1943	280.4599915
1944	280.480011
1945	280.5
1946	280.519989
1947	280.519989
1948	280.480011
1949	280.480011
1950	280.3500061
1951	280.3299866
1952	280.25
1953	280.3099976
1954	280.3999939
1955	280.3500061
1956	280.4599915
1957	280.4400024
1958	280.5
1959	280.4200134
1960	280.4200134
1961	280.4400024
1962	280.6099854
1963	280.769989
1964	280.769989
1965	280.8599854
1966	280.75
1967	280.769989
1968	280.6499939
1969	280.5799866
1970	280.480011
1971	280.480011
1972	280.519989
1973	280.5599976
1974	280.7099915
1975	280.8099976
1976	280.7099915
1977	280.6499939
1978	280.6499939
1979	280.5
1980	280.6099854
1981	280.6900024
1982	280.5799866
1983	280.5
1984	280.480011
1985	280.519989
1986	280.4400024
1987	280.5
1988	280.5
1989	280.6700134
1990	280.6700134
1991	280.6300049
1992	280.5799866
1993	280.519989
1994	280.75
1995	280.9200134
1996	281
1997	281.0700073
1998	280.8800049
1999	280.8800049
2000	280.6900024
2001	280.5799866
2002	280.480011
2003	280.480011
2004	280.5
2005	280.5400085
2006	280.5799866
2007	280.2900085
2008	280.1499939
2009	280.1000061
2010	280.1000061
2011	279.980011
2012	279.75
2013	279.6000061
2014	279.7099915
2015	279.980011
2016	280.0799866
2017	280.1700134
2018	280.6499939
2019	280.6499939
2020	280.6099854
2021	280.8099976
2022	280.8599854
2023	280.8599854
2024	280.8999939
2025	280.6700134
2026	280.5599976
2027	280.4599915
2028	280.480011
2029	280.4599915
2030	280.3500061
2031	280.3099976
2032	280.25
2033	280.2099915
2034	280.25
2035	280.25
2036	280.3099976
2037	280.5599976
2038	280.5400085
2039	280.5799866
2040	280.3999939
2041	280.2900085
2042	280.2900085
2043	280.3500061
2044	280.6499939
2045	280.8800049
2046	281.1900024
2047	281.3200073
2048	281.3200073
2049	281.4200134
2050	281.480011
2051	281.2999878
2052	281.1300049
2053	280.8999939
2054	280.6900024
2055	280.4599915
2056	280.25
2057	280.1900024
2058	280.3299866
2059	280.4599915
2060	280.5400085
2061	280.519989
2062	280.6700134
2063	280.769989
2064	280.8999939
2065	281.2099915
2066	281.6900024
2067	281.8200073
2068	281.7600098
2069	281.5299988
2070	281.4599915
2071	281.5700073
2072	281.8200073
2073	282.1499939
2074	282.1499939
2075	282.3200073
2076	282.3999939
2077	282.4700012
2078	282.3800049
2079	282.2399902
2080	282.3599854
2081	282.3599854
2082	282.1700134
2083	281.9200134
2084	281.9200134
2085	281.7799988
2086	281.5499878
2087	281.480011
2088	281.4400024
2089	281.3800049
2090	281.3999939
2091	281.230011
2092	281.1099854
2093	281.0899963
2094	281.0899963
2095	281.0899963
2096	280.6700134
2097	280.6099854
2098	280.5799866
2099	280.9400024
2100	281.1099854
2101	281.5
2102	281.7099915
2103	281.8399963
2104	281.7799988
2105	281.7999878
2106	281.7999878
2107	281.6099854
2108	281.6300049
2109	281.6099854
2110	281.6700134
2111	281.5700073
2112	281.4599915
2113	281.4599915
2114	281.1099854
2115	280.7900085
2116	280.7099915
2117	280.6499939
2118	280.5799866
2119	280.5
2120	280.5
2121	280.269989
2122	280.1199951
2123	280.1199951
2124	280.2099915
2125	280.3800049
2126	280.3999939
2127	280.3099976
2128	279.730011
2129	279.7099915
2130	279.8900146
2131	280.2900085
2132	280.480011
2133	280.8800049
2134	281.0899963
2135	281.3800049
2136	281.3800049
2137	281.269989
2138	281.230011
2139	281.3200073
2140	281.3399963
2141	281.2999878
2142	281.2099915
2143	281.1300049
2144	281.4400024
2145	281.4400024
2146	281.5700073
2147	281.5299988
2148	281.5
2149	281.4400024
2150	281.3999939
2151	281.480011
2152	281.480011
2153	281.7099915
2154	281.730011
2155	281.5700073
2156	281.0700073
2157	280.8399963
2158	280.769989
2159	280.7099915
2160	280.6099854
2161	280.4599915
2162	280.230011
2163	279.8699951
2164	279.5799866
2165	279.6000061
2166	279.6900024
2167	279.769989
2168	279.7900085
2169	279.8500061
2170	280.0799866
2171	280.1499939
2172	280.1700134
2173	280.25
2174	280.519989
2175	280.769989
2176	280.980011
2177	280.980011
2178	280.8800049
2179	280.6900024
2180	280.730011
2181	280.9599915
2182	281.1700134
2183	281.4599915
2184	281.4599915
2185	281.7099915
2186	282.0299988
2187	282.1499939
2188	282.0700073
2189	281.8399963
2190	281.5899963
2191	281.5899963
2192	280.6499939
2193	279.6400146
2194	279.0599976
2195	277.7799988
2196	276.6900024
2197	276.1700134
2198	275.8200073
2199	274.7900085
2200	274.6000061
2201	274.269989
2202	273.9299927
2203	273.8900146
2204	274.0799866
2205	274.1900024
2206	274.3500061
2207	274.4599915
2208	274.5799866
2209	274.9200134
2210	275
2211	275.2900085
2212	275.480011
2213	276.0499878
2214	276.3399963
2215	276.5299988
2216	276.5299988
2217	277.0100098
2218	277.2799988
2219	277.3900146
2220	277.5899963
2221	277.7399902
2222	277.9299927
2223	277.9299927
2224	278.2000122
2225	278.2200012
2226	278.2600098
2227	278.4700012
2228	278.6600037
2229	278.6600037
2230	278.6000061
2231	278.5799866
2232	278.7399902
2233	278.7900085
2234	278.7900085
2235	279
2236	279.019989
2237	279.0400085
2238	279.1000061
2239	279.0799866
2240	278.9700012
2241	279.0400085
2242	278.9500122
2243	279.1000061
2244	279.1199951
2245	279.1199951
2246	279.1799927
2247	279.3299866
2248	279.3299866
2249	279.4100037
2250	279.3500061
2251	279.3099976
2252	279.2000122
2253	279.3099976
2254	279.3699951
2255	279.3699951
2256	279.5599976
2257	279.6199951
2258	279.6000061
2259	279.5599976
2260	279.4599915
2261	279.5
2262	279.5
2263	279.5799866
2264	279.5400085
2265	279.5400085
2266	279.480011
2267	279.1799927
2268	279.0400085
2269	279
2270	278.8900146
2271	278.9700012
2272	279.1400146
2273	279.25
2274	279.3099976
2275	279.3299866
2276	279.3500061
2277	279.5799866
2278	279.5599976
2279	279.6600037
2280	279.6900024
2281	279.769989
2282	279.8900146
2283	279.8099976
2284	279.8699951
2285	279.9200134
2286	279.7900085
2287	279.7900085
2288	279.6199951
2289	279.5599976
2290	279.6199951
2291	279.75
2292	279.8699951
2293	279.9200134
2294	279.9200134
2295	279.9599915
2296	280
2297	280.0400085
2298	280.0599976
2299	280.019989
2300	280.019989
2301	280.0799866
2302	280.1000061
2303	280.0599976
2304	280.0799866
2305	279.9400024
2306	279.6400146
2307	279.6400146
2308	279.5
2309	279.4599915
2310	279.6199951
2311	279.8699951
2312	280.1000061
2313	280.1000061
2314	280.019989
2315	279.980011
2316	279.8099976
2317	279.7900085
2318	279.6900024
2319	279.7099915
2320	279.6199951
2321	279.769989
2322	279.8099976
2323	280.019989
2324	280.0799866
2325	280.1900024
2326	280.1900024
2327	280.2900085
2328	280.3099976
2329	280.3299866
2330	280.269989
2331	280.2900085
2332	280.3299866
2333	280.3299866
2334	280.3500061
2335	280.3299866
2336	280.3099976
2337	280.3800049
2338	280.5599976
2339	280.6099854
2340	280.7099915
2341	280.6300049
2342	280.519989
2343	280.3500061
2344	280.1199951
2345	280.0400085
2346	279.980011
2347	279.9599915
2348	280.1499939
2349	280.2900085
2350	280.3099976
2351	280.25
2352	280.25
2353	280.3099976
2354	280.2900085
2355	280.3800049
2356	280.3099976
2357	280.1900024
2358	280.1900024
2359	280.3299866
2360	280.230011
2361	280.230011
2362	280.3500061
2363	280.4599915
2364	280.3099976
2365	280.3099976
2366	280.1199951
2367	279.9400024
2368	279.980011
2369	280.1499939
2370	280.0599976
2371	280.0400085
2372	279.980011
2373	280.019989
2374	280.1700134
2375	280.1700134
2376	280.3099976
2377	280.4400024
2378	280.4400024
2379	280.4400024
2380	280.269989
2381	280.269989
2382	280.2099915
2383	280.269989
2384	280.3500061
2385	280.3999939
2386	280.3099976
2387	280.1499939
2388	280.0799866
2389	279.9599915
2390	279.9599915
2391	280.0400085
2392	280.0400085
2393	279.9400024
2394	279.769989
2395	279.75
2396	279.5799866
2397	279.5799866
2398	279.3699951
2399	279.5799866
2400	279.7099915
2401	279.9599915
2402	280.230011
2403	280.1700134
2404	280.1700134
2405	280.25
2406	280.5
2407	280.519989
2408	280.6099854
2409	280.7099915
2410	280.5799866
2411	280.5599976
2412	280.5599976
2413	280.5400085
2414	280.4599915
2415	280.4400024
2416	280.4200134
2417	280.4200134
2418	280.4599915
2419	280.4400024
2420	280.4200134
2421	280.5
2422	280.3999939
2423	280.4200134
2424	280.4599915
2425	280.4200134
2426	280.269989
2427	280.230011
2428	280.1000061
2429	280.1000061
2430	279.8299866
2431	279.6900024
2432	279.7099915
2433	279.730011
2434	279.7099915
2435	279.6600037
2436	279.6600037
2437	279.9400024
2438	280.019989
2439	280.019989
2440	280.1199951
2441	280.1499939
2442	280.2099915
2443	280.2099915
2444	280.1499939
2445	280
2446	279.8299866
2447	279.769989
2448	279.769989
2449	279.8699951
2450	279.9400024
2451	280.019989
2452	279.9599915
2453	279.9400024
2454	279.9400024
2455	280.019989
2456	280.0799866
2457	280.1199951
2458	280.1499939
2459	280.1199951
2460	280.1700134
2461	280.269989
2462	280.3500061
2463	280.5599976
2464	280.6099854
2465	280.6099854
2466	280.6499939
2467	280.769989
2468	280.769989
2469	280.75
2470	280.5400085
2471	280.3299866
2472	280.1900024
2473	280.1499939
2474	280.1499939
2475	280.1499939
2476	279.8500061
2477	279.6000061
2478	279.5
2479	279.3299866
2480	279.1799927
2481	279.1600037
2482	279.1199951
2483	279.1000061
2484	279.1400146
2485	279.1799927
2486	279.4299927
2487	279.7099915
2488	279.8699951
2489	279.9400024
2490	280.230011
2491	280.3299866
2492	280.6099854
2493	280.6099854
2494	280.5
2495	280.2099915
2496	280.1700134
2497	280.1499939
2498	280.0799866
2499	280.1900024
2500	280.2900085
2501	280.3999939
2502	280.4599915
2503	280.480011
2504	280.5599976
2505	280.6300049
2506	280.8999939
2507	280.8999939
2508	281.230011
2509	281.1700134
2510	281.0700073
2511	280.9400024
2512	280.8599854
2513	280.769989
2514	280.769989
2515	280.730011
2516	280.3299866
2517	280.3299866
2518	280.6300049
2519	280.5799866
2520	280.519989
2521	280.4200134
2522	280.3999939
2523	280.4599915
2524	280.6099854
2525	280.9599915
2526	281.5299988
2527	281.7099915
2528	281.7099915
2529	281.4400024
2530	281.3999939
2531	281.5499878
2532	281.6700134
2533	281.6900024
2534	281.5700073
2535	281.5299988
2536	281.5
2537	281.5700073
2538	281.7099915
2539	281.7099915
2540	281.7999878
2541	281.8800049
2542	281.7799988
2543	281.8999939
2544	282.0899963
2545	282.0700073
2546	282.0700073
2547	281.3599854
2548	281.230011
2549	281.0899963
2550	280.5599976
2551	280.1000061
2552	280.1000061
2553	280.1199951
2554	280.4400024
2555	280.4599915
2556	280.480011
2557	280.519989
2558	280.6300049
2559	280.6300049
2560	280.6300049
2561	280.8399963
2562	281.019989
2563	281.0400085
2564	280.980011
2565	281.0400085
2566	281.3200073
2567	281.3999939
2568	281.5700073
2569	281.3800049
2570	281.269989
2571	281.2099915
2572	281.2099915
2573	281.1300049
2574	281.0899963
2575	280.9400024
2576	280.9200134
2577	280.9599915
2578	280.9599915
2579	281.1900024
2580	281.25
2581	281.2999878
2582	281.1499939
2583	280.8399963
2584	280.9200134
2585	280.9200134
2586	281.4200134
2587	281.4599915
2588	281.5499878
2589	281.6499939
2590	281.6700134
2591	281.7099915
2592	281.6900024
2593	281.5899963
2594	281.6099854
2595	281.6499939
2596	281.4599915
2597	280.9200134
2598	280.8099976
2599	280.6900024
2600	280.25
2601	280.1199951
2602	280.1700134
2603	280.2099915
2604	280.269989
2605	280.5400085
2606	280.7099915
2607	280.7900085
2608	280.730011
2609	280.6700134
2610	280.6700134
2611	280.6900024
2612	280.6900024
2613	280.5400085
2614	280.5400085
2615	280.7900085
2616	280.7099915
2617	280.7099915
2618	280.3299866
2619	280.25
2620	280.1499939
2621	280.3299866
2622	280.6099854
2623	280.5799866
2624	280.5799866
2625	280.6300049
2626	280.5799866
2627	280.5
2628	280.6300049
2629	280.7099915
2630	280.6700134
2631	280.75
2632	280.8800049
2633	280.8599854
2634	280.8999939
2635	280.8999939
2636	280.8999939
2637	281
2638	281
2639	281.25
2640	281.2099915
2641	281.3599854
2642	281.3999939
2643	281.3399963
2644	281.0899963
2645	280.9599915
2646	280.8399963
2647	280.9400024
2648	281.0400085
2649	281.0400085
2650	280.9200134
2651	280.75
2652	280.6499939
2653	280.4200134
2654	280.5799866
2655	280.8800049
2656	280.8800049
2657	281.2099915
2658	281.269989
2659	281.4400024
2660	281.5499878
2661	281.6499939
2662	281.6300049
2663	281.5700073
2664	280.769989
2665	280.4200134
2666	279.4599915
2667	278.2200012
2668	277.1300049
2669	276.5899963
2670	276.1300049
2671	275.0400085
2672	274.769989
2673	274.3699951
2674	274.0400085
2675	273.980011
2676	273.9599915
2677	273.8500061
2678	273.769989
2679	273.6799927
2680	273.8900146
2681	273.8900146
2682	274.25
2683	274.3900146
2684	274.480011
2685	274.75
2686	275.1099854
2687	275.5899963
2688	275.5899963
2689	276
2690	276.2799988
2691	276.5100098
2692	276.7399902
2693	277.1799927
2694	277.5299988
2695	277.5299988
2696	277.6600037
2697	277.7799988
2698	277.8500061
2699	277.9899902
2700	278.0499878
2701	278.0799866
2702	278.1199951
2703	278.3900146
2704	278.4100037
2705	278.3500061
2706	278.3299866
2707	278.2799988
2708	278.4500122
2709	278.4700012
2710	278.8099976
2711	278.8299866
2712	279
2713	279.0599976
2714	279.019989
2715	278.9500122
2716	278.8699951
2717	278.769989
2718	278.769989
2719	278.8500061
2720	278.8500061
2721	279.1000061
2722	279.3299866
2723	279.3299866
2724	279.2000122
2725	279.019989
2726	278.769989
2727	278.769989
2728	278.6400146
2729	278.7000122
2730	278.7000122
2731	278.7900085
2732	278.7900085
2733	278.7399902
2734	278.8900146
2735	278.9500122
2736	278.8699951
2737	278.8099976
2738	278.8299866
2739	279.1400146
2740	279.230011
2741	279.230011
2742	278.9100037
2743	278.8299866
2744	278.8699951
2745	278.8500061
2746	278.8500061
2747	278.7399902
2748	278.7000122
2749	278.5599976
2750	278.5799866
2751	278.6199951
2752	278.6199951
2753	278.6600037
2754	278.6400146
2755	278.7000122
2756	278.9100037
2757	279.1000061
2758	279.1000061
2759	279.1000061
2760	278.8900146
2761	278.8900146
2762	278.9299927
2763	279
2764	279.0599976
2765	279.1199951
2766	279.1199951
2767	279.1400146
2768	279.1000061
2769	279.0799866
2770	279.0599976
2771	279.1000061
2772	279.1000061
2773	279.0400085
2774	279.1799927
2775	279.2000122
2776	279.2900085
2777	279.3900146
2778	279.4299927
2779	279.3900146
2780	279.269989
2781	279.3500061
2782	279.4299927
2783	279.6000061
2784	279.5400085
2785	279.5799866
2786	279.5799866
2787	279.5799866
2788	279.6900024
2789	279.6000061
2790	279.4599915
2791	279.4599915
2792	279.5400085
2793	279.6600037
2794	279.6400146
2795	279.6400146
2796	279.5400085
2797	279.3900146
2798	279.3900146
2799	279.4299927
2800	279.519989
2801	279.519989
2802	279.5799866
2803	279.6000061
2804	279.6199951
2805	279.730011
2806	279.8299866
2807	279.7099915
2808	279.6600037
2809	279.519989
2810	279.3099976
2811	279.3900146
2812	279.4599915
2813	279.8099976
2814	279.7099915
2815	279.5
2816	279.3500061
2817	279.3299866
2818	279.269989
2819	279.25
2820	279.230011
2821	279.269989
2822	279.6199951
2823	279.730011
2824	279.6600037
2825	279.4299927
2826	279.4599915
2827	279.3299866
2828	279.0400085
2829	279.1000061
2830	279.1000061
2831	278.9700012
2832	278.9700012
2833	278.9700012
2834	279.0599976
2835	279.2900085
2836	279.3900146
2837	279.3900146
2838	279.6000061
2839	279.6199951
2840	279.5599976
2841	279.3500061
2842	279.1799927
2843	279.1000061
2844	279
2845	279.1400146
2846	279.230011
2847	279.3099976
2848	279.3900146
2849	279.4100037
2850	279.3500061
2851	279.3299866
2852	279.3699951
2853	279.4100037
2854	279.519989
2855	279.5400085
2856	279.5799866
2857	279.4599915
2858	279.4299927
2859	279.4299927
2860	279.4599915
2861	279.5
2862	279.5
2863	279.4299927
2864	279.2000122
2865	279.1799927
2866	279.1400146
2867	279.5
2868	279.7900085
2869	279.7900085
2870	279.8699951
2871	279.9400024
2872	279.9400024
2873	279.9200134
2874	280.019989
2875	279.8900146
2876	279.8900146
2877	279.9400024
2878	279.8699951
2879	279.8500061
2880	279.8299866
2881	279.6400146
2882	279.5799866
2883	279.519989
2884	279.480011
2885	279.4599915
2886	279.5599976
2887	279.6000061
2888	279.519989
2889	279.5400085
2890	279.5400085
2891	279.7099915
2892	279.769989
2893	279.9400024
2894	279.980011
2895	279.9200134
2896	279.7900085
2897	279.75
2898	279.519989
2899	279.480011
2900	279.519989
2901	279.519989
2902	279.769989
2903	279.8099976
2904	279.8699951
2905	279.980011
2906	279.8500061
2907	279.5400085
2908	279.5400085
2909	279.519989
2910	279.6600037
2911	279.7099915
2912	279.8299866
2913	279.8900146
2914	279.9200134
2915	279.8699951
2916	279.6900024
2917	279.6199951
2918	279.5
2919	279.6000061
2920	279.6600037
2921	279.6900024
2922	279.7900085
2923	279.8900146
2924	279.980011
2925	279.9599915
2926	279.9200134
2927	279.980011
2928	279.980011
2929	279.9400024
2930	280.019989
2931	279.9599915
2932	279.6600037
2933	279.6600037
2934	279.2900085
2935	279.3500061
2936	279.6000061
2937	279.8099976
2938	279.8699951
2939	280.0400085
2940	280.0400085
2941	280.1499939
2942	280.0599976
2943	279.9400024
2944	279.8299866
2945	279.6000061
2946	279.5799866
2947	279.5799866
2948	279.5400085
2949	279.5599976
2950	279.5400085
2951	279.269989
2952	278.8099976
2953	278.5799866
2954	278.4700012
2955	278.4899902
2956	278.5400085
2957	278.6600037
2958	279.0400085
2959	279.3099976
2960	279.6400146
2961	279.7099915
2962	280.269989
2963	280.4400024
2964	280.7099915
2965	281.2099915
2966	281.5899963
2967	282.1499939
2968	282.2600098
2969	282.3999939
2970	282.6099854
2971	282.7399902
2972	282.7399902
2973	282.8900146
2974	283.0499878
2975	283.0100098
2976	282.7200012
2977	282.4500122
2978	282.1300049
2979	282.1300049
2980	281.9200134
2981	281.9899902
2982	281.9899902
2983	281.7999878
2984	281.8800049
2985	281.7799988
2986	281.7799988
2987	281.3399963
2988	281.1499939
2989	281.1700134
2990	281.1499939
2991	281.1700134
2992	281.1300049
2993	280.980011
2994	280.75
2995	280.730011
2996	280.8099976
2997	280.8800049
2998	280.8399963
2999	280.7900085
3000	280.769989
3001	280.8800049
3002	280.6900024
3003	280.3500061
3004	280.3500061
3005	280.3299866
3006	280.9200134
3007	281.0700073
3008	280.8399963
3009	280.730011
3010	280.6300049
3011	280.6300049
3012	280.6300049
3013	280.7900085
3014	280.8099976
3015	281.0700073
3016	280.9200134
3017	280.7099915
3018	280.7099915
3019	280.3800049
3020	280.1700134
3021	279.9200134
3022	279.8299866
3023	279.980011
3024	280.1900024
3025	280.3500061
3026	280.6499939
3027	280.75
3028	280.7900085
3029	280.8399963
3030	280.8599854
3031	280.6499939
3032	280.3800049
3033	280.2099915
3034	280.1499939
3035	280.1900024
3036	280.6700134
3037	280.9400024
3038	281.269989
3039	281.3200073
3040	281.0700073
3041	280.8399963
3042	280.8800049
3043	280.8800049
3044	280.730011
3045	280.3299866
3046	280.2099915
3047	280.2099915
3048	280.1700134
3049	280.3099976
3050	280.3099976
3051	280.4400024
3052	280.1700134
3053	280.1000061
3054	280.269989
3055	280.0599976
3056	279.8500061
3057	279.6000061
3058	279.5799866
3059	279.8900146
3060	279.980011
3061	280.0400085
3062	279.8699951
3063	279.8099976
3064	279.769989
3065	280.0599976
3066	280.2099915
3067	280.2900085
3068	280.3299866
3069	280.3999939
3070	280.2900085
3071	280.3800049
3072	280.6900024
3073	280.769989
3074	280.8399963
3075	280.8099976
3076	280.769989
3077	280.6499939
3078	280.519989
3079	280.4599915
3080	280.3999939
3081	280.3099976
3082	280.3099976
3083	280.0400085
3084	280.1499939
3085	280.230011
3086	280.4599915
3087	280.3299866
3088	280.1199951
3089	280.1199951
3090	279.8500061
3091	280.1700134
3092	280.25
3093	280.5799866
3094	280.6300049
3095	280.6300049
3096	280.6700134
3097	280.4599915
3098	280.4400024
3099	280.5
3100	280.519989
3101	280.4599915
3102	280.480011
3103	280.519989
3104	280.7900085
3105	280.730011
3106	280.9400024
3107	280.9400024
3108	280.8099976
3109	280.6099854
3110	280.480011
3111	280.3500061
3112	280.3999939
3113	280.2900085
3114	280.2900085
3115	280.3800049
3116	280.2900085
3117	280.1499939
3118	280.25
3119	280.4599915
3120	280.4400024
3121	280.4400024
3122	280.1199951
3123	280.1499939
3124	280.1499939
3125	280.0400085
3126	280.0799866
3127	280.5599976
3128	280.5599976
3129	281.1499939
3130	281.3399963
3131	281.3999939
3132	281.3800049
3133	281.3999939
3134	281.3999939
3135	281.4400024
3136	281.2999878
3137	280.980011
3138	280.1499939
3139	279.019989
3140	278.3699951
3141	277.1499939
3142	276.5899963
3143	275.5
3144	274.6499939
3145	274.1000061
3146	273.769989
3147	273.75
3148	273.6400146
3149	273.5599976
3150	273.75
3151	273.9299927
3152	274.1400146
3153	274.1400146
3154	274.6900024
3155	275.2099915
3156	275.3800049
3157	275.7099915
3158	275.980011
3159	276.5100098
3160	276.5100098
3161	277.1300049
3162	277.2799988
3163	277.3200073
3164	277.4100037
3165	277.5499878
3166	277.6199951
3167	277.7600098
3168	277.9700012
3169	278.0799866
3170	278.0499878
3171	278.0299988
3172	278.2799988
3173	278.3699951
3174	278.4700012
3175	278.7000122
3176	278.6600037
3177	278.7200012
3178	278.7900085
3179	278.8099976
3180	278.8500061
3181	278.9100037
3182	278.9100037
3183	278.9700012
3184	278.9299927
3185	278.9299927
3186	279.0400085
3187	279.1000061
3188	279.269989
3189	279.5
3190	279.6199951
3191	279.6400146
3192	279.6400146
3193	279.5799866
3194	279.4599915
3195	279.4599915
3196	279.519989
3197	279.5599976
3198	279.5799866
3199	279.5799866
3200	279.5799866
3201	279.4299927
3202	279.3500061
3203	279.4299927
3204	279.5
3205	279.480011
3206	279.5799866
3207	279.6199951
3208	279.5799866
3209	279.480011
3210	279.480011
3211	279.3900146
3212	279.4599915
3213	279.4599915
3214	279.7099915
3215	279.8099976
3216	279.75
3217	279.6400146
3218	279.6000061
3219	279.5599976
3220	279.5
3221	279.4100037
3222	279.2900085
3223	279.480011
3224	279.480011
3225	279.75
3226	279.9400024
3227	279.9599915
3228	280.0799866
3229	280
3230	280.019989
3231	280.019989
3232	280.0599976
3233	279.980011
3234	279.9400024
3235	279.6199951
3236	279.4299927
3237	279.269989
3238	279.269989
3239	279.230011
3240	279.25
3241	279.2900085
3242	279.519989
3243	279.5799866
3244	279.6199951
3245	279.6900024
3246	279.8699951
3247	279.9400024
3248	279.9400024
3249	279.8500061
3250	279.75
3251	279.5400085
3252	279.480011
3253	279.4299927
3254	279.5
3255	279.5400085
3256	279.5400085
3257	279.5599976
3258	279.5799866
3259	279.6000061
3260	279.6400146
3261	279.6000061
3262	279.6000061
3263	279.6000061
3264	279.6400146
3265	279.6900024
3266	279.6600037
3267	279.7900085
3268	279.75
3269	279.8099976
3270	279.8099976
3271	280
3272	279.9200134
3273	279.9599915
3274	279.8900146
3275	279.8500061
3276	279.75
3277	279.6400146
3278	279.6199951
3279	279.6900024
3280	279.6900024
3281	279.6900024
3282	279.6900024
3283	279.6600037
3284	279.7099915
3285	279.6199951
3286	279.480011
3287	279.3299866
3288	279.3699951
3289	279.3699951
3290	279.5599976
3291	279.6000061
3292	279.75
3293	279.769989
3294	279.6900024
3295	279.6900024
3296	279.6600037
3297	279.7900085
3298	279.8099976
3299	280.019989
3300	280.019989
3301	280.019989
3302	280.019989
3303	279.8699951
3304	279.7900085
3305	279.8099976
3306	279.6199951
3307	279.7900085
3308	279.8500061
3309	280.019989
3310	279.8900146
3311	279.8299866
3312	279.8699951
3313	279.8099976
3314	279.8500061
3315	279.980011
3316	280.0599976
3317	280.25
3318	280.25
3319	280.019989
3320	279.8099976
3321	279.6900024
3322	279.6900024
3323	279.6900024
3324	279.6400146
3325	279.7099915
3326	279.6900024
3327	279.75
3328	279.6600037
3329	279.4599915
3330	279.3900146
3331	279.2900085
3332	279.25
3333	279.5
3334	279.5
3335	279.8299866
3336	279.8900146
3337	279.8900146
3338	279.7900085
3339	279.6199951
3340	279.6199951
3341	279.6199951
3342	279.8500061
3343	279.980011
3344	280
3345	279.8699951
3346	279.8299866
3347	279.8699951
3348	279.9200134
3349	279.7900085
3350	279.7099915
3351	279.5799866
3352	279.5400085
3353	279.4599915
3354	279.519989
3355	279.6400146
3356	279.8099976
3357	279.8299866
3358	279.7900085
3359	279.8699951
3360	279.8500061
3361	279.6600037
3362	279.6600037
3363	279.6400146
3364	279.5400085
3365	279.5
3366	279.5
3367	279.6000061
3368	279.6400146
3369	279.6000061
3370	279.5799866
3371	279.3500061
3372	279.3099976
3373	279.3099976
3374	279.1799927
3375	279.269989
3376	279.230011
3377	279.25
3378	279.2900085
3379	279.3099976
3380	279.3299866
3381	279.6199951
3382	279.6400146
3383	279.6900024
3384	279.6900024
3385	279.6199951
3386	279.6600037
3387	279.75
3388	279.6400146
3389	279.7099915
3390	279.6000061
3391	279.5400085
3392	279.480011
3393	279.3900146
3394	279.3500061
3395	279.2900085
3396	279.1799927
3397	279.1400146
3398	279.230011
3399	279.3099976
3400	279.3500061
3401	279.3900146
3402	279.3699951
3403	279.3299866
3404	279.230011
3405	279.230011
3406	279.1799927
3407	279.230011
3408	279.25
3409	279.3299866
3410	279.4100037
3411	279.4100037
3412	279.4100037
3413	279.519989
3414	279.6600037
3415	279.6900024
3416	279.8099976
3417	279.9200134
3418	279.8500061
3419	279.6600037
3420	279.6199951
3421	279.5799866
3422	279.5599976
3423	279.3900146
3424	278.9299927
3425	278.7399902
3426	278.6000061
3427	278.4899902
3428	278.4899902
3429	278.6600037
3430	278.8500061
3431	278.7900085
3432	278.8500061
3433	278.9100037
3434	279.0400085
3435	279.0599976
3436	279.1799927
3437	279.1799927
3438	279.8900146
3439	280.1000061
3440	280.1900024
3441	280.0599976
3442	280.1499939
3443	280.3299866
3444	280.3299866
3445	280.3099976
3446	280.3800049
3447	280.25
3448	280.019989
3449	280.019989
3450	279.9200134
3451	279.9200134
3452	280.0400085
3453	280.1700134
3454	280.1000061
3455	280
3456	280
3457	280.0400085
3458	279.980011
3459	280.1000061
3460	280.3099976
3461	280.5599976
3462	280.730011
3463	280.7900085
3464	280.769989
3465	280.730011
3466	280.8399963
3467	280.8999939
3468	280.8999939
3469	281
3470	281.0700073
3471	280.9200134
3472	280.8599854
3473	280.6099854
3474	280.3299866
3475	280.3299866
3476	280.3299866
3477	280.0599976
3478	279.75
3479	279.6000061
3480	279.6000061
3481	280.0599976
3482	280.4400024
3483	280.4400024
3484	280.519989
3485	280.6499939
3486	280.6499939
3487	280.7900085
3488	280.8099976
3489	280.8399963
3490	280.7900085
3491	280.4200134
3492	280.3099976
3493	280.3999939
3494	280.480011
3495	280.3800049
3496	280.3800049
3497	280.3800049
3498	280.3800049
3499	280.5
3500	280.5400085
3501	280.5599976
3502	280.6099854
3503	280.7099915
3504	280.6900024
3505	280.8099976
3506	280.9599915
3507	281.1499939
3508	281.1499939
3509	281.3399963
3510	281.269989
3511	281.1499939
3512	281.2099915
3513	281.3200073
3514	281.1700134
3515	281.1700134
3516	280.9200134
3517	280.769989
3518	280.6099854
3519	280.25
3520	280.269989
3521	280.4200134
3522	280.4200134
3523	280.4400024
3524	280.3800049
3525	280.3800049
3526	280.4400024
3527	280.3500061
3528	280.2099915
3529	280.2099915
3530	280.480011
3531	280.6499939
3532	280.5799866
3533	280.5
3534	280.5599976
3535	280.8099976
3536	280.8800049
3537	280.769989
3538	280.6900024
3539	280.3800049
3540	279.980011
3541	279.9599915
3542	280.019989
3543	280.019989
3544	279.9599915
3545	280.269989
3546	280.3099976
3547	280.3099976
3548	280.3099976
3549	280.2099915
3550	280.4200134
3551	280.6700134
3552	280.5400085
3553	280.230011
3554	280.230011
3555	280.0400085
3556	279.8699951
3557	279.9400024
3558	280.0599976
3559	279.9400024
3560	279.9200134
3561	280.0599976
3562	280.5
3563	280.5799866
3564	280.7099915
3565	280.8800049
3566	280.6099854
3567	280.5400085
3568	280.5799866
3569	280.8399963
3570	280.7900085
3571	280.6900024
3572	280.5799866
3573	280.4599915
3574	280.25
3575	280.3999939
3576	280.5799866
3577	280.6700134
3578	280.9400024
3579	280.9400024
3580	280.519989
3581	280.1499939
3582	280.0400085
3583	279.9400024
3584	280
3585	280.2099915
3586	280.2099915
3587	280.5
3588	280.4599915
3589	280.3299866
3590	279.8900146
3591	280.0599976
3592	280.480011
3593	280.480011
3594	280.6099854
3595	280.5599976
3596	280.6099854
3597	280.6900024
3598	280.6900024
3599	280.5400085
3600	280.5
3601	280.6900024
3602	280.8099976
3603	281.1700134
3604	281.3999939
3605	281.3599854
3606	281.2999878
3607	281.3399963
3608	281.269989
3609	281.1900024
3610	280.6900024
3611	279.8699951
3612	279.4599915
3613	278.4100037
3614	277.9899902
3615	276.8599854
3616	275.8599854
3617	274.9599915
3618	274.9599915
3619	273.9599915
3620	273.7000122
3621	273.7000122
3622	273.6799927
3623	273.7900085
3624	273.8900146
3625	273.8900146
3626	274.230011
3627	274.5
3628	274.6499939
3629	275
3630	275.269989
3631	275.480011
3632	275.6499939
3633	276
3634	276.1700134
3635	276.2099915
3636	276.230011
3637	276.3999939
3638	276.4200134
3639	276.6499939
3640	277.2600098
3641	277.3900146
3642	277.4700012
3643	277.5700073
3644	277.6199951
3645	277.6400146
3646	277.6600037
3647	277.6799927
3648	277.7999878
3649	277.8500061
3650	277.8900146
3651	277.9299927
3652	278.1199951
3653	278.1799927
3654	278.4299927
3655	278.5599976
3656	278.6199951
3657	278.6199951
3658	278.6199951
3659	278.6400146
3660	278.5599976
3661	278.5400085
3662	278.5100098
3663	278.6000061
3664	278.6000061
3665	278.7900085
3666	278.9299927
3667	278.9500122
3668	279.1199951
3669	279.3099976
3670	279.4299927
3671	279.4299927
3672	279.2000122
3673	279.1799927
3674	279.3099976
3675	279.25
3676	279.2000122
3677	279.1600037
3678	279.1199951
3679	279.0400085
3680	279.019989
3681	279
3682	279.1000061
3683	279.1400146
3684	279.3099976
3685	279.3699951
3686	279.4299927
3687	279.519989
3688	279.4299927
3689	279.4299927
3690	279.7099915
3691	279.0599976
3692	278.6199951
3693	278.2200012
3694	278.1400146
3695	278.1400146
3696	278.1400146
3697	278.1600037
3698	278.1199951
3699	278.1400146
3700	277.9100037
3701	277.8900146
3702	278.0299988
3703	278.0299988
3704	278.3299866
3705	278.3900146
3706	278.4100037
3707	278.4299927
3708	278.4700012
3709	278.5100098
3710	278.5400085
3711	278.2799988
3712	278.2200012
3713	278.1799927
3714	278.0799866
3715	278.0799866
3716	278.1000061
3717	278.1600037
3718	278.0799866
3719	277.9899902
3720	277.9299927
3721	278.0299988
3722	277.9500122
3723	277.9100037
3724	277.9299927
3725	277.9500122
3726	277.9299927
3727	277.9299927
3728	277.9299927
3729	278.1400146
3730	278.2000122
3731	278.2399902
3732	278.2200012
3733	278.3699951
3734	278.4700012
3735	278.4700012
3736	278.5599976
3737	278.6400146
3738	278.7000122
3739	278.6600037
3740	278.5400085
3741	278.5100098
3742	278.4500122
3743	278.2399902
3744	278.2799988
3745	278.1199951
3746	278.1000061
3747	277.9299927
3748	277.7999878
3749	277.7000122
3750	277.4299927
3751	277.3200073
3752	277.1499939
3753	277.0700073
3754	277.0499878
3755	277.2399902
3756	277.2799988
3757	277.4899902
3758	277.5700073
3759	277.5100098
3760	277.5100098
3761	277.4299927
3762	277.5100098
3763	277.5299988
3764	277.7000122
3765	277.6400146
3766	277.5499878
3767	277.5499878
3768	277.2600098
3769	277.4299927
3770	277.5899963
3771	277.9299927
3772	278.0499878
3773	278.0799866
3774	278.0799866
3775	278.1199951
3776	277.9899902
3777	277.9299927
3778	277.8500061
3779	277.8200073
3780	277.7399902
3781	277.7000122
3782	277.5499878
3783	277.5499878
3784	277.7399902
3785	277.7799988
3786	277.8699951
3787	277.8900146
3788	277.8500061
3789	277.7600098
3790	277.7600098
3791	277.7799988
3792	277.8699951
3793	277.9700012
3794	278.0799866
3795	278.0799866
3796	278.0499878
3797	277.8699951
3798	277.6799927
3799	277.6799927
3800	277.3399963
3801	277.2799988
3802	277.3900146
3803	277.2000122
3804	277.0299988
3805	276.8599854
3806	276.8599854
3807	276.7999878
3808	276.9500122
3809	276.9500122
3810	277.1300049
3811	277.3399963
3812	277.4500122
3813	277.4500122
3814	277.4500122
3815	277.7600098
3816	277.7799988
3817	277.8900146
3818	277.9299927
3819	277.9299927
3820	277.9299927
3821	277.8200073
3822	277.7600098
3823	277.6400146
3824	277.4299927
3825	277.4299927
3826	277.3900146
3827	277.4299927
3828	277.5899963
3829	277.6199951
3830	277.5100098
3831	277.5100098
3832	277.6199951
3833	277.7399902
3834	277.7200012
3835	277.6400146
3836	277.6400146
3837	277.5700073
3838	277.5700073
3839	277.3399963
3840	277.2399902
3841	277.3200073
3842	277.3900146
3843	277.4500122
3844	277.4299927
3845	277.4299927
3846	277.5499878
3847	277.5899963
3848	277.6199951
3849	277.6199951
3850	277.6199951
3851	277.5299988
3852	277.4700012
3853	277.4700012
3854	277.4500122
3855	277.4899902
3856	277.4700012
3857	277.4299927
3858	277.4100037
3859	277.3200073
3860	277.0299988
3861	276.9899902
3862	276.9700012
3863	277.0899963
3864	277.1499939
3865	277.2600098
3866	277.2200012
3867	277.0700073
3868	276.9200134
3869	276.8999939
3870	276.8999939
3871	277.2399902
3872	277.4899902
3873	277.5700073
3874	277.5299988
3875	277.2799988
3876	277.1300049
3877	277.1300049
3878	276.8800049
3879	276.7799988
3880	276.7600098
3881	276.9200134
3882	277.0700073
3883	277.1099854
3884	277.1499939
3885	276.9700012
3886	276.7999878
3887	276.8399963
3888	276.7799988
3889	276.7399902
3890	276.7200012
3891	276.7399902
3892	276.7999878
3893	276.8999939
3894	276.9700012
3895	277.0499878
3896	277.2000122
3897	277.2799988
3898	277.2600098
3899	277.3599854
3900	277.5100098
3901	277.7799988
3902	277.9899902
3903	277.9299927
3904	277.8500061
3905	277.9100037
3906	277.9500122
3907	277.8900146
3908	278.1000061
3909	278.1000061
3910	278.3900146
3911	278.2000122
3912	278.1600037
3913	277.9500122
3914	277.9500122
3915	277.8500061
3916	277.8500061
3917	278.2200012
3918	278.3099976
3919	278.3099976
3920	278.3699951
3921	278.6600037
3922	278.8500061
3923	279.019989
3924	279.5599976
3925	279.730011
3926	279.6600037
3927	279.3099976
3928	278.8099976
3929	278.5100098
3930	278.2399902
3931	277.4700012
3932	277.3399963
3933	277.0499878
3934	277.0700073
3935	277.1799927
3936	277.4100037
3937	277.4700012
3938	277.6400146
3939	277.7999878
3940	277.8500061
3941	277.8500061
3942	278.0799866
3943	278.5400085
3944	278.7000122
3945	279.0599976
3946	279.3500061
3947	279.4599915
3948	279.4599915
3949	279.480011
3950	279.480011
3951	279.480011
3952	279.7099915
3953	279.480011
3954	279.2000122
3955	279.2000122
3956	279.0799866
3957	278.7900085
3958	278.5400085
3959	278.0799866
3960	277.8699951
3961	277.7799988
3962	277.6799927
3963	277.2200012
3964	277.1099854
3965	277.1099854
3966	277.2399902
3967	277.2399902
3968	277.4299927
3969	277.6199951
3970	277.9700012
3971	278.3699951
3972	278.8699951
3973	279.1600037
3974	279.2900085
3975	279.4100037
3976	279.3099976
3977	279.25
3978	279.3900146
3979	279.5
3980	279.5
3981	279.6900024
3982	279.5599976
3983	279.4599915
3984	279.4599915
3985	279.5599976
3986	279.4299927
3987	279.4299927
3988	278.4899902
3989	277.9700012
3990	277.9100037
3991	278.0299988
3992	278.2799988
3993	278.4500122
3994	278.4299927
3995	278.5799866
3996	278.6000061
3997	278.5799866
3998	278.7900085
3999	278.8099976
4000	278.8099976
4001	278.7200012
4002	278.8299866
4003	279.0599976
4004	279.4299927
4005	279.769989
4006	279.8900146
4007	279.8299866
4008	279.7900085
4009	279.6900024
4010	279.519989
4011	279.3900146
4012	279.3900146
4013	279.4299927
4014	279.4599915
4015	279.5
4016	279.5400085
4017	279.5599976
4018	279.5
4019	279.5
4020	279.4100037
4021	279.3699951
4022	279.4299927
4023	279.519989
4024	279.730011
4025	279.8099976
4026	279.8099976
4027	279.7099915
4028	279.8099976
4029	279.7900085
4030	279.6400146
4031	279.519989
4032	279.4299927
4033	279.4100037
4034	279.480011
4035	279.4599915
4036	279.5
4037	279.2900085
4038	279.230011
4039	279.0799866
4040	279.0599976
4041	279.3299866
4042	279.3099976
4043	279.4299927
4044	279.5
4045	279.5799866
4046	279.7099915
4047	279.6900024
4048	279.6600037
4049	279.6600037
4050	279.5599976
4051	279.5599976
4052	279.25
4053	279.1400146
4054	279.0599976
4055	279.2000122
4056	279.2900085
4057	279.230011
4058	279.230011
4059	279.1799927
4060	279.0599976
4061	278.9700012
4062	278.8500061
4063	278.9100037
4064	278.9299927
4065	278.9100037
4066	278.9100037
4067	279
4068	278.9700012
4069	278.8500061
4070	278.7000122
4071	278.7399902
4072	278.6799927
4073	278.4700012
4074	278.3900146
4075	278.4299927
4076	278.5100098
4077	278.5799866
4078	278.7000122
4079	278.769989
4080	278.8900146
4081	278.769989
4082	278.769989
4083	278.769989
4084	278.6199951
4085	278.2799988
4086	278.1199951
4087	277.3900146
4088	276.4200134
4089	275.3999939
4090	275.3999939
4091	273.7000122
4092	272.8299866
4093	272.4100037
4094	271.7600098
4095	271.1300049
4096	270.6900024
4097	270.6900024
4098	270.480011
4099	270.6300049
4100	270.6499939
4101	270.9200134
4102	271.3800049
4103	271.5299988
4104	271.7000122
4105	271.9899902
4106	272.0299988
4107	272.0899963
4108	272.1600037
4109	272.2000122
4110	272.3200073
4111	272.3900146
4112	272.7399902
4113	272.8099976
4114	273.0400085
4115	273.2000122
4116	273.269989
4117	273.4299927
4118	273.5400085
4119	273.8099976
4120	273.8699951
4121	274.0400085
4122	274.0400085
4123	274.3099976
4124	274.3299866
4125	274.4400024
4126	274.480011
4127	274.480011
4128	274.5799866
4129	274.5799866
4130	274.6199951
4131	274.5799866
4132	274.5799866
4133	274.5400085
4134	274.4599915
4135	274.3500061
4136	274.3500061
4137	274.5799866
4138	274.7099915
4139	274.769989
4140	274.8099976
4141	274.9400024
4142	275.019989
4143	275.019989
4144	275.1300049
4145	275.0599976
4146	275.1499939
4147	275.1700134
4148	275.1900024
4149	275.019989
4150	274.9599915
4151	274.9599915
4152	274.9200134
4153	274.8999939
4154	274.769989
4155	274.75
4156	274.8999939
4157	274.9200134
4158	275.1900024
4159	275.3800049
4160	275.480011
4161	275.480011
4162	275.5
4163	275.3800049
4164	275.3099976
4165	275.2900085
4166	275.3999939
4167	275.6700134
4168	275.6700134
4169	275.8999939
4170	275.9200134
4171	275.9200134
4172	275.769989
4173	275.5899963
4174	275.5
4175	275.4400024
4176	275.3399963
4177	275.3599854
4178	275.3099976
4179	275.3099976
4180	275.2099915
4181	275.1499939
4182	275.1700134
4183	275.3999939
4184	275.5
4185	275.8200073
4186	276.1700134
4187	276.2999878
4188	276.2600098
4189	276.1099854
4190	275.8800049
4191	275.6900024
4192	275.6499939
4193	275.6499939
4194	275.5400085
4195	275.6900024
4196	275.6900024
4197	275.769989
4198	275.7099915
4199	275.6700134
4200	275.6700134
4201	275.6499939
4202	275.6700134
4203	275.6700134
4204	275.7099915
4205	275.6700134
4206	275.6300049
4207	275.6300049
4208	275.3999939
4209	275.5
4210	275.5700073
4211	275.6499939
4212	275.730011
4213	275.6700134
4214	275.6900024
4215	275.5
4216	275.5700073
4217	275.6499939
4218	275.75
4219	275.769989
4220	275.9599915
4221	276.0700073
4222	276.0499878
4223	276
4224	275.730011
4225	275.519989
4226	275.5400085
4227	275.6099854
4228	275.6300049
4229	275.5400085
4230	275.480011
4231	275.4200134
4232	275.4200134
4233	275.3999939
4234	275.4200134
4235	275.5
4236	275.6700134
4237	275.6499939
4238	275.5400085
4239	275.5400085
4240	275.4400024
4241	275.5
4242	275.4200134
4243	275.2900085
4244	275.519989
4245	275.6499939
4246	275.8200073
4247	275.8399963
4248	275.8200073
4249	275.7999878
4250	275.75
4251	275.769989
4252	275.769989
4253	275.8599854
4254	275.8599854
4255	275.8399963
4256	275.769989
4257	275.769989
4258	275.769989
4259	275.7099915
4260	275.75
4261	275.6499939
4262	275.730011
4263	275.75
4264	275.75
4265	275.8399963
4266	275.7999878
4267	275.730011
4268	275.6300049
4269	275.7099915
4270	275.8399963
4271	275.8399963
4272	276.1900024
4273	276.3200073
4274	276.3200073
4275	276.1499939
4276	276.1900024
4277	275.9599915
4278	275.9599915
4279	275.769989
4280	275.769989
4281	275.769989
4282	275.8599854
4283	275.8399963
4284	275.7999878
4285	275.8200073
4286	275.6900024
4287	275.7099915
4288	275.730011
4289	275.7099915
4290	275.7999878
4291	275.769989
4292	275.769989
4293	275.8599854
4294	275.769989
4295	275.7099915
4296	275.6700134
4297	275.7099915
4298	275.730011
4299	275.8399963
4300	275.769989
4301	275.6300049
4302	275.519989
4303	275.519989
4304	275.519989
4305	275.5899963
4306	275.6099854
4307	275.5899963
4308	275.5899963
4309	275.5400085
4310	275.5400085
4311	275.480011
4312	275.4599915
4313	275.5
4314	275.4400024
4315	275.4599915
4316	275.4599915
4317	275.519989
4318	275.5899963
4319	275.5400085
4320	275.5899963
4321	275.6700134
4322	275.7999878
4323	275.8999939
4324	276.0499878
4325	276.0899963
4326	276.0499878
4327	275.9200134
4328	275.9200134
4329	275.9400024
4330	276.0499878
4331	276.0299988
4332	276.0499878
4333	276.0899963
4334	276
4335	276
4336	275.769989
4337	275.75
4338	275.769989
4339	275.6900024
4340	275.519989
4341	275.4400024
4342	275.4400024
4343	275.3099976
4344	275.25
4345	275.25
4346	275.3999939
4347	275.6099854
4348	275.7999878
4349	275.7999878
4350	275.6900024
4351	275.6300049
4352	275.6900024
4353	275.5700073
4354	275.5
4355	275.480011
4356	275.480011
4357	275.3800049
4358	275.3099976
4359	275.3099976
4360	275.4599915
4361	275.5400085
4362	275.6700134
4363	275.6300049
4364	275.769989
4365	275.8599854
4366	276.0899963
4367	276.0499878
4368	275.980011
4369	275.8999939
4370	275.7999878
4371	275.6900024
4372	275.6499939
4373	275.7999878
4374	275.7999878
4375	276.2799988
4376	276.4899902
4377	276.5299988
4378	276.5700073
4379	276.6900024
4380	276.9700012
4381	276.9700012
4382	277.5100098
4383	277.9500122
4384	278.0299988
4385	278.1600037
4386	278.1600037
4387	278.3299866
4388	278.4299927
4389	278.6400146
4390	278.5599976
4391	278.5400085
4392	278.5599976
4393	278.6600037
4394	278.7200012
4395	278.8099976
4396	278.7200012
4397	278.8099976
4398	278.8699951
4399	278.9100037
4400	278.8099976
4401	278.769989
4402	278.7399902
4403	278.8900146
4404	278.7200012
4405	278.769989
4406	278.8299866
4407	278.7399902
4408	278.6199951
4409	278.6400146
4410	278.7900085
4411	278.9100037
4412	279.1000061
4413	279.1000061
4414	279.230011
4415	279.019989
4416	278.9100037
4417	278.769989
4418	279.019989
4419	279.3500061
4420	279.3500061
4421	279.269989
4422	278.9700012
4423	278.7200012
4424	278.3299866
4425	278.1199951
4426	278.2000122
4427	278.2600098
4428	278.6000061
4429	278.5599976
4430	278.5400085
4431	278.7399902
4432	278.8099976
4433	278.8500061
4434	278.9500122
4435	279.1000061
4436	279.1000061
4437	278.9299927
4438	278.8299866
4439	278.9100037
4440	279.0799866
4441	279.269989
4442	279.1799927
4443	279.2000122
4444	279.25
4445	279.25
4446	278.9500122
4447	278.5799866
4448	278.4899902
4449	278.2399902
4450	278.2399902
4451	278.4299927
4452	278.4299927
4453	278.6799927
4454	278.7000122
4455	278.769989
4456	278.9100037
4457	278.8500061
4458	279
4459	279
4460	278.8900146
4461	278.8699951
4462	278.8699951
4463	279.0799866
4464	279
4465	278.9500122
4466	278.9500122
4467	279
4468	279.019989
4469	279.1400146
4470	279.3299866
4471	279.25
4472	279.2000122
4473	279.1400146
4474	279.3500061
4475	279.1400146
4476	278.7399902
4477	278.4299927
4478	278.3500061
4479	278.3900146
4480	278.4100037
4481	278.6799927
4482	278.8900146
4483	278.8299866
4484	278.8299866
4485	278.8299866
4486	278.7200012
4487	278.7000122
4488	278.6400146
4489	278.6600037
4490	278.6600037
4491	278.6600037
4492	279.0599976
4493	279.3299866
4494	279.2900085
4495	279.1600037
4496	278.9700012
4497	278.8500061
4498	278.7399902
4499	278.5400085
4500	278.5100098
4501	278.5599976
4502	278.8500061
4503	279.1799927
4504	279.269989
4505	279.3900146
4506	279.75
4507	279.6600037
4508	279.3699951
4509	279.0599976
4510	279
4511	278.9500122
4512	278.8900146
4513	278.9500122
4514	278.9700012
4515	278.8099976
4516	278.8099976
4517	278.5799866
4518	278.5100098
4519	278.6000061
4520	279
4521	279.25
4522	279.3099976
4523	279.3099976
4524	279.1600037
4525	278.9299927
4526	278.8099976
4527	278.5400085
4528	278.2200012
4529	277.9899902
4530	277.9899902
4531	277.8900146
4532	277.8200073
4533	277.8200073
4534	277.6600037
4535	277.4299927
4536	277.4299927
4537	277.4100037
4538	277.2200012
4539	277.2200012
4540	277.3200073
4541	277.4500122
4542	277.4899902
4543	277.5299988
4544	277.7000122
4545	277.9500122
4546	277.9100037
4547	277.7799988
4548	277.6600037
4549	277.6799927
4550	277.6600037
4551	277.7000122
4552	277.7200012
4553	277.6799927
4554	277.7600098
4555	277.7600098
4556	278.0499878
4557	278.0299988
4558	277.9700012
4559	277.6400146
4560	277.0299988
4561	276.2999878
4562	276.2999878
4563	275.0400085
4564	274.1900024
4565	273.7900085
4566	273.0799866
4567	272.4100037
4568	272.1400146
4569	271.8399963
4570	271.2200012
4571	271.0899963
4572	271.1499939
4573	271.3800049
4574	271.5899963
4575	271.6799927
4576	271.8599854
4577	272.2200012
4578	272.2999878
4579	272.4500122
4580	272.5100098
4581	272.6000061
4582	272.7200012
4583	272.8500061
4584	273.1400146
4585	273.5
4586	273.8299866
4587	273.8299866
4588	274.2099915
4589	274.3299866
4590	274.3099976
4591	274.3699951
4592	274.3900146
4593	274.5
4594	274.5
4595	274.980011
4596	275.1499939
4597	275.1099854
4598	275.2099915
4599	275.1900024
4600	275.0400085
4601	275.0400085
4602	275.019989
4603	275.0799866
4604	275.1300049
4605	275.1499939
4606	275.1900024
4607	275.1700134
4608	275.1700134
4609	275.0400085
4610	275.0599976
4611	275
4612	275.2099915
4613	275.3099976
4614	275.5899963
4615	275.5899963
4616	275.7099915
4617	275.769989
4618	275.769989
4619	275.8599854
4620	275.8399963
4621	275.6499939
4622	275.5899963
4623	275.5
4624	275.3999939
4625	275.3800049
4626	275.3800049
4627	275.6900024
4628	276
4629	276.1099854
4630	276.2600098
4631	276.3200073
4632	276.4599915
4633	276.4599915
4634	276.4400024
4635	276.5299988
4636	276.6099854
4637	276.5499878
4638	276.2999878
4639	276.2099915
4640	276.1300049
4641	275.9200134
4642	275.8200073
4643	275.8200073
4644	275.6900024
4645	275.5899963
4646	275.5700073
4647	275.5700073
4648	275.6099854
4649	275.5899963
4650	275.7099915
4651	275.769989
4652	275.8200073
4653	275.9599915
4654	276
4655	276.1300049
4656	276.2600098
4657	276.3399963
4658	276.2999878
4659	276.2099915
4660	276.1700134
4661	276.1499939
4662	276.0499878
4663	275.9200134
4664	275.9599915
4665	275.9599915
4666	276.1700134
4667	276.1499939
4668	276.230011
4669	276.1700134
4670	276.2099915
4671	276.1499939
4672	276.1499939
4673	275.9599915
4674	275.980011
4675	276.0299988
4676	276.1300049
4677	276.2600098
4678	276.3800049
4679	276.3999939
4680	276.1700134
4681	276.0899963
4682	276
4683	276.0499878
4684	276.1700134
4685	276.3399963
4686	276.3399963
4687	276.5100098
4688	276.5100098
4689	276.3800049
4690	276.3800049
4691	276.3999939
4692	276.5100098
4693	276.5499878
4694	276.6300049
4695	276.7799988
4696	276.8800049
4697	276.8800049
4698	276.9899902
4699	277.0499878
4700	277.1099854
4701	277.0899963
4702	276.8800049
4703	276.7200012
4704	276.7200012
4705	276.6700134
4706	276.8399963
4707	276.8399963
4708	276.8800049
4709	276.6900024
4710	276.7200012
4711	276.6700134
4712	276.8200073
4713	276.8200073
4714	276.9700012
4715	276.9500122
4716	276.9500122
4717	276.8599854
4718	276.8800049
4719	276.6499939
4720	276.6300049
4721	276.3399963
4722	276.1300049
4723	276.1099854
4724	276.1099854
4725	276.1700134
4726	276.4200134
4727	276.5899963
4728	276.5899963
4729	276.5700073
4730	276.5700073
4731	276.4599915
4732	276.3800049
4733	276.5100098
4734	276.5899963
4735	276.5100098
4736	276.5100098
4737	276.5700073
4738	276.6300049
4739	276.5499878
4740	276.5499878
4741	276.4400024
4742	276.4599915
4743	276.4599915
4744	276.5299988
4745	276.6900024
4746	276.9200134
4747	277.0899963
4748	277.2000122
4749	277.1300049
4750	277.1300049
4751	276.8599854
4752	276.7600098
4753	276.8599854
4754	276.8999939
4755	277.1300049
4756	277.1499939
4757	277.1499939
4758	277.2799988
4759	277.2799988
4760	277.3200073
4761	277.1799927
4762	277.1300049
4763	277.0100098
4764	276.9200134
4765	276.6900024
4766	276.4599915
4767	276.2999878
4768	276.2999878
4769	276.3399963
4770	276.3399963
4771	276.3599854
4772	276.4400024
4773	276.6300049
4774	276.6700134
4775	276.6700134
4776	276.7200012
4777	276.6099854
4778	276.5499878
4779	276.6300049
4780	276.6300049
4781	276.6700134
4782	276.6700134
4783	276.6099854
4784	276.7200012
4785	276.6900024
4786	276.5700073
4787	276.5299988
4788	276.5700073
4789	276.6099854
4790	276.6099854
4791	276.5100098
4792	276.4599915
4793	276.4400024
4794	276.4599915
4795	276.5100098
4796	276.5499878
4797	276.6300049
4798	276.6300049
4799	276.6900024
4800	276.7200012
4801	276.6499939
4802	276.6099854
4803	276.5100098
4804	276.5299988
4805	276.4899902
4806	276.5700073
4807	276.5700073
4808	276.6099854
4809	276.5700073
4810	276.6099854
4811	276.3200073
4812	276.1700134
4813	276.0700073
4814	276.0700073
4815	276.3399963
4816	276.5499878
4817	276.5899963
4818	276.7999878
4819	276.9899902
4820	277.1099854
4821	277.0899963
4822	276.9700012
4823	277.0100098
4824	277.0100098
4825	276.8800049
4826	276.7200012
4827	276.7200012
4828	276.6700134
4829	276.6700134
4830	276.6700134
4831	276.7200012
4832	276.6499939
4833	276.5899963
4834	276.6099854
4835	276.6099854
4836	276.7200012
4837	276.6700134
4838	276.4400024
4839	276.4400024
4840	276.7200012
4841	276.7999878
4842	276.7399902
4843	276.5899963
4844	276.3200073
4845	276.3399963
4846	276.3399963
4847	276.7999878
4848	277.0100098
4849	277.0899963
4850	277.2999878
4851	277.3900146
4852	277.4899902
4853	277.4899902
4854	277.3599854
4855	277.2799988
4856	277.4100037
4857	277.7200012
4858	277.7999878
4859	277.7799988
4860	277.7399902
4861	277.8200073
4862	277.8500061
4863	277.9899902
4864	278.2200012
4865	278.2799988
4866	278.5400085
4867	278.4500122
4868	278.6799927
4869	278.6799927
4870	278.7900085
4871	279.1600037
4872	279.3299866
4873	279.3500061
4874	279.3299866
4875	279.1600037
4876	278.8699951
4877	278.6799927
4878	278.6799927
4879	278.7900085
4880	279.0400085
4881	279.1199951
4882	279.0400085
4883	278.9700012
4884	279.1000061
4885	279.1000061
4886	279.230011
4887	279.2000122
4888	279.25
4889	279.1000061
4890	279.1199951
4891	279.0400085
4892	278.9500122
4893	278.8699951
4894	278.8699951
4895	278.9500122
4896	279
4897	278.9700012
4898	278.9100037
4899	278.8699951
4900	279.019989
4901	279.0599976
4902	279.1400146
4903	279.0799866
4904	279.0799866
4905	279.0799866
4906	279.0599976
4907	279.1000061
4908	279.0799866
4909	279.1000061
4910	279.1000061
4911	278.6600037
4912	278.4899902
4913	278.4500122
4914	278.3500061
4915	278.2200012
4916	278.1400146
4917	278.1400146
4918	278.3900146
4919	278.6400146
4920	278.6400146
4921	278.7900085
4922	278.8500061
4923	278.9299927
4924	278.9299927
4925	278.769989
4926	278.9100037
4927	278.9500122
4928	279.1199951
4929	279.25
4930	279.2900085
4931	279.230011
4932	279.0400085
4933	278.8900146
4934	278.7399902
4935	278.7000122
4936	278.7399902
4937	278.7200012
4938	278.6199951
4939	278.5100098
4940	278.5100098
4941	278.4299927
4942	278.3699951
4943	278.2600098
4944	278.1799927
4945	278.1799927
4946	278.2000122
4947	278.2600098
4948	278.3299866
4949	278.3299866
4950	278.3900146
4951	278.8500061
4952	278.9500122
4953	279.1400146
4954	279.0799866
4955	279.0400085
4956	279.0400085
4957	278.9500122
4958	279
4959	279.0599976
4960	279.269989
4961	279.5599976
4962	279.5799866
4963	279.519989
4964	279.1799927
4965	279.0400085
4966	279.0400085
4967	279.019989
4968	279.0599976
4969	279.0799866
4970	278.9500122
4971	278.5599976
4972	278.6400146
4973	279
4974	279.230011
4975	279.269989
4976	279.269989
4977	279.3099976
4978	279.230011
4979	279.3099976
4980	279.4599915
4981	279.4299927
4982	279.519989
4983	279.6600037
4984	279.6199951
4985	279.5599976
4986	279.4299927
4987	279.230011
4988	279.230011
4989	278.7900085
4990	278.6000061
4991	278.5799866
4992	278.6199951
4993	278.7000122
4994	279.0599976
4995	279.0599976
4996	278.8900146
4997	278.6000061
4998	278.4700012
4999	278.6000061
5000	278.7900085
5001	278.8099976
5002	278.769989
5003	278.8699951
5004	278.8699951
5005	279.019989
5006	279.25
5007	279.1600037
5008	279.1000061
5009	279
5010	278.8299866
5011	278.7399902
5012	278.769989
5013	279.0599976
5014	279.1199951
5015	279.3900146
5016	279.2900085
5017	279.1799927
5018	279.019989
5019	278.6600037
5020	278.6600037
5021	278.7399902
5022	278.9100037
5023	279.0799866
5024	279.3099976
5025	279.4599915
5026	279.5
5027	279.5
5028	279.3699951
5029	279.1799927
5030	278.9700012
5031	278.6799927
5032	278.2200012
5033	277.4500122
5034	277.4500122
5035	275.8800049
5036	274.8999939
5037	274.4400024
5038	273.5400085
5039	272.7000122
5040	272.4100037
5041	272.2000122
5042	271.7000122
5043	271.7000122
5044	271.6499939
5045	271.7000122
5046	271.7200012
5047	271.8599854
5048	271.8599854
5049	272.3200073
5050	272.4299927
5051	272.7399902
5052	272.9899902
5053	273.1000061
5054	273.3099976
5055	273.3900146
5056	273.75
5057	274.1000061
5058	274.480011
5059	274.480011
5060	274.75
5061	274.8099976
5062	274.8500061
5063	274.8299866
5064	274.769989
5065	274.730011
5066	274.730011
5067	274.9599915
5068	275.1900024
5069	275.269989
5070	275.5400085
5071	275.6499939
5072	275.6700134
5073	275.6099854
5074	275.5
5075	275.4400024
5076	275.4200134
5077	275.3599854
5078	275.2900085
5079	275.3399963
5080	275.3599854
5081	275.3999939
5082	275.4400024
5083	275.3800049
5084	275.269989
5085	275.25
5086	275.3800049
5087	275.4599915
5088	275.6700134
5089	275.769989
5090	275.8599854
5091	275.8599854
5092	276.0299988
5093	276.0899963
5094	276.0700073
5095	275.8800049
5096	275.8399963
5097	275.769989
5098	275.769989
5099	275.5
5100	275.3999939
5101	275.480011
5102	275.5400085
5103	275.5899963
5104	275.6700134
5105	275.6700134
5106	276.0700073
5107	276.230011
5108	276.3599854
5109	276.5499878
5110	276.6499939
5111	276.6900024
5112	276.6900024
5113	276.6900024
5114	276.6900024
5115	276.6300049
5116	276.5299988
5117	276.4200134
5118	276.3200073
5119	276.3399963
5120	276.3800049
5121	276.4599915
5122	276.6099854
5123	276.7200012
5124	276.7999878
5125	276.8200073
5126	276.7600098
5127	276.5299988
5128	276.4200134
5129	276.3599854
5130	276.3599854
5131	276.3999939
5132	276.4200134
5133	276.5100098
5134	276.5299988
5135	276.5899963
5136	276.5499878
5137	276.5499878
5138	276.3800049
5139	276.3399963
5140	276.3800049
5141	276.3599854
5142	276.4899902
5143	276.4899902
5144	276.5700073
5145	276.7200012
5146	276.7799988
5147	276.7799988
5148	276.7399902
5149	276.6300049
5150	276.5100098
5151	276.4200134
5152	276.3599854
5153	276.3399963
5154	276.6099854
5155	276.8200073
5156	276.8800049
5157	276.9500122
5158	277.0100098
5159	276.9200134
5160	276.7600098
5161	276.7200012
5162	276.7200012
5163	276.7600098
5164	276.8200073
5165	276.7799988
5166	276.6700134
5167	276.7200012
5168	276.6499939
5169	276.6499939
5170	276.7200012
5171	276.8399963
5172	276.9700012
5173	276.8800049
5174	276.7999878
5175	276.7399902
5176	276.7399902
5177	276.8800049
5178	277.0700073
5179	277.1799927
5180	277.2799988
5181	277.4100037
5182	277.3599854
5183	277.4299927
5184	277.3599854
5185	277.3200073
5186	277.1099854
5187	276.9700012
5188	276.9700012
5189	276.9899902
5190	276.9200134
5191	276.7799988
5192	276.7399902
5193	276.7999878
5194	276.8399963
5195	276.7999878
5196	276.8999939
5197	276.9500122
5198	277.0299988
5199	277.0100098
5200	277.0499878
5201	277.0499878
5202	276.9200134
5203	276.7600098
5204	276.6900024
5205	276.6099854
5206	276.5700073
5207	276.4899902
5208	276.4899902
5209	276.3599854
5210	276.4400024
5211	276.4899902
5212	276.5700073
5213	276.5100098
5214	276.5299988
5215	276.6099854
5216	276.6900024
5217	276.5499878
5218	276.5700073
5219	276.6700134
5220	276.6700134
5221	276.6700134
5222	276.6499939
5223	276.8599854
5224	276.9500122
5225	276.9500122
5226	277.0299988
5227	277.0100098
5228	277.0299988
5229	276.9500122
5230	276.7999878
5231	276.7399902
5232	276.5899963
5233	276.4400024
5234	276.3800049
5235	276.2799988
5236	276.230011
5237	276.3599854
5238	276.5100098
5239	276.7399902
5240	276.7399902
5241	277.0100098
5242	277.0700073
5243	277.1099854
5244	277.1300049
5245	277.0299988
5246	277.1099854
5247	277.1099854
5248	277.0700073
5249	276.9200134
5250	276.8800049
5251	276.6499939
5252	276.4599915
5253	276.3999939
5254	276.4400024
5255	276.3599854
5256	276.2999878
5257	276.3999939
5258	276.4400024
5259	276.5100098
5260	276.4899902
5261	276.4599915
5262	276.6700134
5263	276.7399902
5264	276.6499939
5265	276.6900024
5266	276.5899963
5267	276.4899902
5268	276.4400024
5269	276.3599854
5270	276.230011
5271	276.2099915
5272	276.2099915
5273	276.1900024
5274	276.2099915
5275	276.1499939
5276	276.1499939
5277	276.2099915
5278	276.2600098
5279	276.2600098
5280	276.4899902
5281	276.7200012
5282	276.8399963
5283	277.0499878
5284	277.1099854
5285	277.1499939
5286	277.1499939
5287	277.2999878
5288	277.3200073
5289	277.3599854
5290	277.3900146
5291	277.2799988
5292	277.1799927
5293	277.1300049
5294	276.9700012
5295	276.8800049
5296	276.9700012
5297	276.9200134
5298	276.9500122
5299	276.9700012
5300	276.9899902
5301	277.0499878
5302	277.0700073
5303	277.0299988
5304	276.9899902
5305	277.0299988
5306	276.8800049
5307	276.8200073
5308	276.8599854
5309	276.9899902
5310	277.1300049
5311	277.1300049
5312	277.0299988
5313	277.0700073
5314	277.0700073
5315	277.1300049
5316	277.0899963
5317	277.0100098
5318	277.0100098
5319	276.9899902
5320	277.2399902
5321	277.2399902
5322	277.2200012
5323	276.9899902
5324	276.8399963
5325	276.7399902
5326	276.7399902
5327	276.7999878
5328	276.9700012
5329	277.1799927
5330	277.2399902
5331	277.2799988
5332	277.3200073
5333	277.7000122
5334	277.8699951
5335	278.2399902
5336	278.5100098
5337	278.6600037
5338	278.6799927
5339	278.6600037
5340	278.4500122
5341	278.4700012
5342	278.6000061
5343	278.6000061
5344	278.6199951
5345	278.4500122
5346	278.4299927
5347	278.5100098
5348	278.4700012
5349	278.6600037
5350	278.6600037
5351	278.8500061
5352	278.769989
5353	278.6600037
5354	278.6199951
5355	278.8299866
5356	279.0799866
5357	279.0799866
5358	279.25
5359	279.230011
5360	279.2900085
5361	279.3500061
5362	279.25
5363	279.1199951
5364	278.9700012
5365	278.8699951
5366	278.8699951
5367	278.8900146
5368	278.8500061
5369	278.8099976
5370	278.7200012
5371	278.7200012
5372	278.7200012
5373	278.8699951
5374	278.9500122
5375	278.7900085
5376	278.6600037
5377	278.4700012
5378	278.4700012
5379	278.6000061
5380	278.8099976
5381	279.25
5382	279.25
5383	279.3900146
5384	279.230011
5385	279.1400146
5386	279
5387	278.8299866
5388	278.769989
5389	278.769989
5390	279.019989
5391	278.9100037
5392	278.9700012
5393	279.0400085
5394	279.0599976
5395	278.9500122
5396	278.8099976
5397	278.3699951
5398	278.2000122
5399	278.1600037
5400	278.1199951
5401	278.2600098
5402	278.3299866
5403	278.3099976
5404	278.2000122
5405	278.1000061
5406	278.1600037
5407	278.2399902
5408	278.3299866
5409	278.6600037
5410	278.7000122
5411	278.7900085
5412	278.8699951
5413	278.9700012
5414	279.1400146
5415	279.1400146
5416	278.9100037
5417	278.7200012
5418	278.6400146
5419	278.6799927
5420	278.8500061
5421	278.8500061
5422	278.7000122
5423	278.6199951
5424	278.6199951
5425	278.5100098
5426	278.2399902
5427	278.0499878
5428	278.0499878
5429	277.8900146
5430	278.1799927
5431	278.3299866
5432	278.4899902
5433	278.4500122
5434	278.5400085
5435	278.6000061
5436	278.3900146
5437	278.3099976
5438	278.1600037
5439	278.1199951
5440	278.0299988
5441	277.7399902
5442	277.5299988
5443	277.4899902
5444	277.5499878
5445	277.7399902
5446	277.9700012
5447	278.1799927
5448	278.5599976
5449	278.6000061
5450	278.8099976
5451	278.7000122
5452	278.4899902
5453	278.4899902
5454	278.6799927
5455	278.7200012
5456	278.7000122
5457	278.4500122
5458	278.4500122
5459	278.5799866
5460	278.5799866
5461	278.5799866
5462	278.6000061
5463	278.5799866
5464	278.5799866
5465	278.4899902
5466	278.4899902
5467	278.4899902
5468	278.8299866
5469	278.9500122
5470	279.1199951
5471	279.269989
5472	279.2900085
5473	279.3699951
5474	279.3099976
5475	279.019989
5476	278.7900085
5477	278.6400146
5478	278.5100098
5479	278.5799866
5480	278.6799927
5481	278.8099976
5482	278.5599976
5483	278.2200012
5484	277.9299927
5485	277.9700012
5486	278.1199951
5487	278.4299927
5488	278.5100098
5489	278.4100037
5490	278.0299988
5491	277.7600098
5492	277.7600098
5493	277.5899963
5494	277.7399902
5495	277.8200073
5496	278.1400146
5497	278.3299866
5498	278.2399902
5499	278.2399902
5500	278.1000061
5501	278.0499878
5502	278.0299988
5503	277.9500122
5504	277.6600037
5505	277.4500122
5506	277.2000122
5507	276.3200073
5508	276.1099854
5509	275.3399963
5510	274.3500061
5511	273.4700012
5512	273.1000061
5513	272.8099976
5514	271.8800049
5515	271.6799927
5516	271.4899902
5517	271.3599854
5518	271.3200073
5519	271.3399963
5520	271.3800049
5521	271.5299988
5522	271.5700073
5523	271.7000122
5524	271.7000122
5525	272.1600037
5526	272.3399963
5527	272.4500122
5528	272.6600037
5529	272.7799988
5530	272.8500061
5531	272.8500061
5532	273.1000061
5533	273.2200012
5534	273.269989
5535	273.4500122
5536	273.7000122
5537	273.9100037
5538	273.9100037
5539	274.1600037
5540	274.2099915
5541	274.2099915
5542	274.230011
5543	274.3099976
5544	274.3299866
5545	274.3699951
5546	274.5400085
5547	274.6199951
5548	274.730011
5549	274.7099915
5550	274.7099915
5551	274.6700134
5552	274.6900024
5553	274.6199951
5554	274.6499939
5555	274.7099915
5556	274.8800049
5557	275.0599976
5558	275.2900085
5559	275.4200134
5560	275.5899963
5561	275.5700073
5562	275.5
5563	275.5
5564	275.5899963
5565	275.5700073
5566	275.5400085
5567	275.5700073
5568	275.7099915
5569	275.8399963
5570	275.8399963
5571	275.8200073
5572	275.8599854
5573	275.8599854
5574	275.75
5575	275.5700073
5576	275.5899963
5577	275.5899963
5578	275.519989
5579	275.4599915
5580	275.5
5581	275.730011
5582	275.7099915
5583	275.6900024
5584	275.6900024
5585	275.730011
5586	275.7999878
5587	275.8399963
5588	275.8999939
5589	275.9599915
5590	276.0899963
5591	276.0499878
5592	276.0299988
5593	275.980011
5594	275.9599915
5595	275.9599915
5596	275.9200134
5597	275.8999939
5598	275.9400024
5599	276
5600	276.1099854
5601	276.0700073
5602	276.0700073
5603	275.9599915
5604	275.8800049
5605	275.9599915
5606	275.9599915
5607	275.9400024
5608	275.8200073
5609	275.8200073
5610	275.8999939
5611	275.980011
5612	276.0499878
5613	276.1499939
5614	276.1300049
5615	276.0899963
5616	276.0899963
5617	275.9599915
5618	276.0499878
5619	276.1099854
5620	276.1499939
5621	276.1300049
5622	276.2999878
5623	276.2999878
5624	276.3200073
5625	276.3200073
5626	276.3999939
5627	276.3200073
5628	276.230011
5629	276.1700134
5630	276.1700134
5631	276.2600098
5632	276.3399963
5633	276.3200073
5634	276.3200073
5635	276.3399963
5636	276.2799988
5637	276.3999939
5638	276.5100098
5639	276.5299988
5640	276.3999939
5641	276.3999939
5642	276.1300049
5643	276.1499939
5644	276.1300049
5645	276.230011
5646	276.2600098
5647	276.2999878
5648	276.2999878
5649	276
5650	276.0299988
5651	276
5652	275.9400024
5653	275.9599915
5654	276
5655	276.0700073
5656	276.230011
5657	276.3200073
5658	276.5100098
5659	276.6300049
5660	276.6499939
5661	276.7200012
5662	276.6300049
5663	276.5499878
5664	276.4599915
5665	276.4599915
5666	276.5499878
5667	276.5499878
5668	276.5499878
5669	276.5100098
5670	276.3599854
5671	276.2799988
5672	276.3200073
5673	276.3200073
5674	276.2999878
5675	276.3599854
5676	276.3800049
5677	276.3599854
5678	276.4400024
5679	276.5299988
5680	276.5299988
5681	276.6900024
5682	276.7999878
5683	276.7999878
5684	276.7799988
5685	276.6499939
5686	276.5899963
5687	276.5499878
5688	276.3800049
5689	276.3599854
5690	276.2999878
5691	276.0700073
5692	275.9599915
5693	275.980011
5694	275.980011
5695	275.9400024
5696	275.9200134
5697	276
5698	276.0299988
5699	276.0700073
5700	276.0499878
5701	276.0700073
5702	276.1099854
5703	276.2600098
5704	276.3599854
5705	276.3599854
5706	276.5299988
5707	276.4899902
5708	276.4599915
5709	276.5899963
5710	276.6700134
5711	276.6300049
5712	276.6300049
5713	276.5899963
5714	276.5299988
5715	276.4599915
5716	276.3800049
5717	276.3399963
5718	276.2600098
5719	276.1900024
5720	275.9200134
5721	275.980011
5722	276.0299988
5723	276.0499878
5724	276
5725	276.0499878
5726	276.0499878
5727	276
5728	276.0899963
5729	276.2600098
5730	276.4400024
5731	276.5100098
5732	276.6099854
5733	276.5700073
5734	276.5899963
5735	276.2799988
5736	276.1300049
5737	276.0899963
5738	276.2099915
5739	276.230011
5740	276.1900024
5741	276.1700134
5742	276.230011
5743	276.2099915
5744	276.2099915
5745	276.2799988
5746	276.3599854
5747	276.5700073
5748	276.7799988
5749	276.8399963
5750	276.8399963
5751	276.8399963
5752	276.6499939
5753	276.5100098
5754	276.3800049
5755	276.2099915
5756	276.1300049
5757	276.1300049
5758	276.0700073
5759	276.0899963
5760	276.1099854
5761	276.2099915
5762	276.4599915
5763	276.5499878
5764	276.5700073
5765	276.6700134
5766	276.9899902
5767	277.1099854
5768	277.1799927
5769	277.1499939
5770	277.1300049
5771	276.8200073
5772	276.8200073
5773	276.7600098
5774	276.7200012
5775	276.6499939
5776	276.6499939
5777	276.6700134
5778	276.7399902
5779	276.7799988
5780	276.9500122
5781	276.7999878
5782	276.6700134
5783	276.6700134
5784	276.5899963
5785	276.5700073
5786	276.6700134
5787	276.7399902
5788	276.6099854
5789	276.1700134
5790	276.1700134
5791	275.6099854
5792	275.3599854
5793	275.2900085
5794	275.1300049
5795	275.230011
5796	275.480011
5797	275.6300049
5798	276.2099915
5799	276.4200134
5800	276.6499939
5801	277.0299988
5802	277.2799988
5803	277.7000122
5804	277.7999878
5805	277.9700012
5806	277.9100037
5807	278.0499878
5808	278.3900146
5809	278.5400085
5810	278.4100037
5811	278.4100037
5812	278.2600098
5813	277.9500122
5814	277.7200012
5815	277.7200012
5816	277.5100098
5817	277.5100098
5818	277.7000122
5819	278.0499878
5820	278.3099976
5821	278.4100037
5822	278.4100037
5823	278.4500122
5824	278.4700012
5825	278.5799866
5826	278.6600037
5827	278.6000061
5828	278.5599976
5829	278.4899902
5830	278.4100037
5831	278.4299927
5832	278.5400085
5833	278.8699951
5834	279
5835	278.9500122
5836	278.8500061
5837	278.7399902
5838	278.6600037
5839	278.3900146
5840	278.3500061
5841	278.4100037
5842	278.4100037
5843	278.3699951
5844	278.3699951
5845	278.3099976
5846	278.3099976
5847	278.3099976
5848	278.6000061
5849	278.7900085
5850	278.8699951
5851	278.8900146
5852	279.0599976
5853	279.1000061
5854	279.1000061
5855	279
5856	279.1799927
5857	279.3099976
5858	279.269989
5859	279.3299866
5860	279.3900146
5861	279.3900146
5862	279.3299866
5863	278.9700012
5864	278.8500061
5865	278.6600037
5866	278.6799927
5867	278.7000122
5868	278.8500061
5869	279.0599976
5870	279.019989
5871	278.9299927
5872	278.7399902
5873	278.5400085
5874	278.4700012
5875	278.4899902
5876	278.4700012
5877	278.4700012
5878	278.5599976
5879	278.7399902
5880	278.5100098
5881	278.3299866
5882	278.2399902
5883	278.0499878
5884	277.9899902
5885	277.9700012
5886	277.9700012
5887	278.2799988
5888	278.4299927
5889	278.4899902
5890	278.8299866
5891	278.8699951
5892	278.6799927
5893	278.6799927
5894	278.2000122
5895	278.2399902
5896	278.2200012
5897	278.2000122
5898	278.2600098
5899	278.2600098
5900	278.2600098
5901	278.4299927
5902	278.4899902
5903	278.4500122
5904	278.5799866
5905	278.9100037
5906	278.9500122
5907	279.0799866
5908	278.9700012
5909	278.9299927
5910	278.8900146
5911	279.0400085
5912	279.0799866
5913	278.8500061
5914	278.6600037
5915	278.3699951
5916	278.2600098
5917	278.3099976
5918	278.3099976
5919	278.3299866
5920	278.4500122
5921	278.6000061
5922	278.7399902
5923	279.0799866
5924	279.2900085
5925	279.2900085
5926	279.1000061
5927	278.9700012
5928	278.9500122
5929	279
5930	279.1000061
5931	278.9700012
5932	278.9700012
5933	278.7000122
5934	278.8500061
5935	279
5936	279.2000122
5937	278.8699951
5938	278.7200012
5939	278.4899902
5940	278.4899902
5941	278.6400146
5942	278.9100037
5943	279.0400085
5944	279.1199951
5945	278.9500122
5946	278.8500061
5947	278.6400146
5948	278.7399902
5949	278.8900146
5950	278.8900146
5951	278.8699951
5952	279.1199951
5953	279.1199951
5954	279.0400085
5955	279.0799866
5956	279.1400146
5957	279.1400146
5958	279.2000122
5959	279.0799866
5960	279.0400085
5961	279.0400085
5962	279
5963	279.0400085
5964	279.0400085
5965	278.8099976
5966	278.5599976
5967	278.4700012
5968	278.2000122
5969	278.0100098
5970	277.9899902
5971	278.0100098
5972	278.1000061
5973	278.4899902
5974	278.6199951
5975	278.6600037
5976	278.3900146
5977	278.3099976
5978	278.1000061
5979	277.2600098
5980	276.9500122
5981	276.1099854
5982	275.3399963
5983	274.9599915
5984	274.0799866
5985	273.6799927
5986	272.7600098
5987	272.1400146
5988	271.6099854
5989	271.3999939
5990	271.3999939
5991	271.3399963
5992	271.5100098
5993	271.7799988
5994	272.3399963
5995	272.6199951
5996	272.6199951
5997	273.1000061
5998	273.2000122
5999	273.3099976
6000	273.6799927
6001	273.9599915
6002	274.1600037
6003	274.1600037
6004	274.5
6005	274.6199951
6006	274.6199951
6007	274.8999939
6008	275.0599976
6009	275.0400085
6010	275.230011
6011	275.3999939
6012	275.3800049
6013	275.3399963
6014	275.4200134
6015	275.5
6016	275.5899963
6017	275.6099854
6018	275.6099854
6019	275.730011
6020	275.9599915
6021	276.0899963
6022	276.0499878
6023	276.0499878
6024	276.0299988
6025	276.0899963
6026	276.1499939
6027	276.2099915
6028	276.2099915
6029	276
6030	275.9400024
6031	275.8800049
6032	275.8399963
6033	275.8999939
6034	276.0499878
6035	276.0499878
6036	276.3399963
6037	276.5100098
6038	276.5100098
6039	276.5299988
6040	276.3200073
6041	276.2799988
6042	276.2799988
6043	276.1099854
6044	276.1099854
6045	276.1099854
6046	276.1700134
6047	276.2600098
6048	276.1900024
6049	276.2099915
6050	276.1499939
6051	276.1700134
6052	276.0899963
6053	276.1099854
6054	276.1900024
6055	276.4400024
6056	276.5299988
6057	276.6300049
6058	276.7200012
6059	276.7999878
6060	276.7399902
6061	276.7799988
6062	276.6499939
6063	276.6499939
6064	276.4899902
6065	276.4599915
6066	276.4400024
6067	276.4400024
6068	276.4400024
6069	276.4400024
6070	276.3800049
6071	276.3599854
6072	276.4599915
6073	276.4899902
6074	276.4899902
6075	276.5899963
6076	276.7200012
6077	276.8399963
6078	276.9500122
6079	277.0499878
6080	276.9899902
6081	276.9700012
6082	276.8399963
6083	276.8800049
6084	276.8599854
6085	277.0100098
6086	277.1099854
6087	277.0299988
6088	276.8999939
6089	276.9899902
6090	277.0299988
6091	276.9700012
6092	277.0100098
6093	276.9500122
6094	276.9500122
6095	276.8999939
6096	276.7999878
6097	276.7799988
6098	276.8399963
6099	276.8399963
6100	276.9500122
6101	277.0299988
6102	276.9500122
6103	276.8599854
6104	276.6499939
6105	276.6300049
6106	276.6300049
6107	276.6099854
6108	276.7399902
6109	276.7999878
6110	276.8200073
6111	276.9899902
6112	276.9700012
6113	276.9700012
6114	276.9700012
6115	277.0499878
6116	277.1099854
6117	277.0299988
6118	277.1300049
6119	277.1799927
6120	277.2000122
6121	277.2000122
6122	277.1099854
6123	277.1300049
6124	277.0700073
6125	276.9899902
6126	276.8399963
6127	276.7799988
6128	276.8800049
6129	276.9200134
6130	276.9899902
6131	277.0299988
6132	277.0700073
6133	277.1799927
6134	277.1099854
6135	277.1499939
6136	277.2000122
6137	277.2399902
6138	277.2399902
6139	277.0899963
6140	277.0899963
6141	277.1799927
6142	277.2999878
6143	277.2999878
6144	277.1799927
6145	277.1799927
6146	277.0899963
6147	276.9200134
6148	276.8399963
6149	276.6700134
6150	276.7600098
6151	276.7999878
6152	276.9500122
6153	277.1499939
6154	277.2600098
6155	277.2399902
6156	277.2000122
6157	277.0700073
6158	276.9899902
6159	276.9700012
6160	276.7600098
6161	276.7200012
6162	276.6700134
6163	276.5899963
6164	276.6700134
6165	276.7999878
6166	276.8399963
6167	276.8200073
6168	276.7799988
6169	276.7600098
6170	276.8999939
6171	276.9200134
6172	276.9200134
6173	276.8800049
6174	276.8599854
6175	276.8999939
6176	276.9899902
6177	276.9899902
6178	277.1799927
6179	277.3900146
6180	277.4299927
6181	277.4299927
6182	277.3900146
6183	277.3900146
6184	277.3900146
6185	277.2999878
6186	278.2399902
6187	279
6188	278.8699951
6189	278.2799988
6190	278.0299988
6191	277.7600098
6192	277.7600098
6193	277.5299988
6194	277.6199951
6195	279.3699951
6196	279.0799866
6197	278.8099976
6198	278.5599976
6199	278.5599976
6200	279.4599915
6201	280.25
6202	279.8299866
6203	280.6700134
6204	282.2600098
6205	281.8800049
6206	280.3999939
6207	278.9100037
6208	277.7600098
6209	277.7600098
6210	277.5499878
6211	279.4100037
6212	279.2900085
6213	278.4100037
6214	278.3099976
6215	278.5400085
6216	278.5400085
6217	278.4700012
6218	278.4899902
6219	278.6199951
6220	279.1000061
6221	279.3099976
6222	279.480011
6223	279.5
6224	279.5400085
6225	279.5
6226	279.5599976
6227	279.480011
6228	279.3900146
6229	279.3900146
6230	279.3500061
6231	279.3699951
6232	279.4599915
6233	279.6000061
6234	279.6900024
6235	279.7900085
6236	279.8900146
6237	279.9400024
6238	279.9400024
6239	279.7900085
6240	279.519989
6241	279.4100037
6242	279.5400085
6243	279.6400146
6244	279.6199951
6245	279.4599915
6246	279.4100037
6247	279.480011
6248	279.480011
6249	279.4599915
6250	279.4599915
6251	279.4100037
6252	279.4100037
6253	279.4599915
6254	279.3900146
6255	279.3900146
6256	279.269989
6257	279.1400146
6258	279.2000122
6259	279.3299866
6260	279.5599976
6261	279.6199951
6262	279.5599976
6263	279.8099976
6264	279.769989
6265	279.7900085
6266	279.9400024
6267	280
6268	279.8699951
6269	279.8500061
6270	279.730011
6271	279.75
6272	279.9200134
6273	280.1000061
6274	280.230011
6275	280.480011
6276	280.5400085
6277	280.75
6278	281.019989
6279	281.3200073
6280	281.3200073
6281	281.4599915
6282	281.7600098
6283	281.7999878
6284	281.6099854
6285	281.5299988
6286	281.6700134
6287	281.6700134
6288	281.7600098
6289	281.7799988
6290	281.730011
6291	281.4599915
6292	281.3599854
6293	281.4400024
6294	281.4400024
6295	281.3599854
6296	281.6300049
6297	281.6900024
6298	281.8399963
6299	281.8800049
6300	281.8999939
6301	281.8999939
6302	281.730011
6303	281.7600098
6304	281.730011
6305	281.7600098
6306	281.6700134
6307	281.480011
6308	281.5700073
6309	281.7999878
6310	282.0700073
6311	282.0299988
6312	281.8800049
6313	281.9200134
6314	281.8599854
6315	281.730011
6316	281.7999878
6317	281.9899902
6318	282.0700073
6319	282.0700073
6320	281.7600098
6321	281.730011
6322	281.7600098
6323	281.6300049
6324	281.5
6325	281.3399963
6326	281.3399963
6327	281.4599915
6328	281.5299988
6329	281.5700073
6330	281.7799988
6331	281.7799988
6332	281.6700134
6333	281.7600098
6334	281.5299988
6335	281.480011
6336	281.5
6337	281.4599915
6338	281.5299988
6339	281.5299988
6340	281.5899963
6341	281.5899963
6342	281.6900024
6343	281.5499878
6344	281.4200134
6345	281.4400024
6346	281.5
6347	281.3999939
6348	281.4400024
6349	281.6900024
6350	281.7799988
6351	281.7799988
6352	281.5700073
6353	281.5700073
6354	281.5
6355	281.269989
6356	281.3200073
6357	281.1900024
6358	281.1900024
6359	281.1099854
6360	281.230011
6361	281.3599854
6362	281.5899963
6363	281.6700134
6364	281.5299988
6365	281.5299988
6366	281.5
6367	281.7600098
6368	281.7600098
6369	281.6700134
6370	281.730011
6371	281.9400024
6372	281.9899902
6373	281.9400024
6374	281.8200073
6375	281.4400024
6376	281.4599915
6377	281.5
6378	281.6300049
6379	281.6700134
6380	281.6099854
6381	281.6300049
6382	281.6700134
6383	281.480011
6384	281.4400024
6385	281.7099915
6386	281.7999878
6387	282.0499878
6388	282.1700134
6389	282.0700073
6390	282.0700073
6391	282.0299988
6392	281.9200134
6393	281.730011
6394	281.480011
6395	281.4400024
6396	281.5700073
6397	281.5700073
6398	281.7999878
6399	281.7600098
6400	281.7999878
6401	281.6900024
6402	281.5
6403	281.480011
6404	281.4400024
6405	281.5700073
6406	281.7600098
6407	281.7799988
6408	281.7799988
6409	281.8800049
6410	281.7600098
6411	281.7999878
6412	281.3599854
6413	281.269989
6414	281.2099915
6415	281.1499939
6416	281.019989
6417	281.0400085
6418	281.1499939
6419	281.4400024
6420	281.4400024
6421	281.3399963
6422	281.3399963
6423	281.2099915
6424	281.3599854
6425	281.4599915
6426	281.5700073
6427	281.5499878
6428	281.5700073
6429	281.5700073
6430	281.730011
6431	281.730011
6432	281.6499939
6433	281.5299988
6434	281.6499939
6435	281.5
6436	281.5
6437	281.25
6438	281.0899963
6439	281.0899963
6440	281.0899963
6441	281.0700073
6442	281.1099854
6443	281.1099854
6444	281.4599915
6445	281.5499878
6446	281.4400024
6447	281.019989
6448	280.8099976
6449	280.5599976
6450	280.3500061
6451	279.3699951
6452	278.9700012
6453	277.8500061
6454	276.5700073
6455	276.0299988
6456	275.019989
6457	274.6700134
6458	274.0599976
6459	273.8699951
6460	273.5400085
6461	273.5400085
6462	273.519989
6463	273.6799927
6464	273.6799927
6465	274.019989
6466	274.730011
6467	275.3399963
6468	275.3399963
6469	275.9400024
6470	276.2099915
6471	276.2600098
6472	276.6300049
6473	277.0100098
6474	277.2200012
6475	277.3900146
6476	277.9700012
6477	278.0499878
6478	278.0100098
6479	278.1199951
6480	278.2799988
6481	278.2799988
6482	278.3699951
6483	278.3299866
6484	278.4299927
6485	278.6400146
6486	278.9100037
6487	278.8900146
6488	278.9500122
6489	278.9700012
6490	278.8500061
6491	278.769989
6492	278.6799927
6493	278.8500061
6494	278.8299866
6495	278.6000061
6496	278.4899902
6497	278.4500122
6498	278.6000061
6499	278.5400085
6500	278.5400085
6501	278.4100037
6502	278.6799927
6503	278.8500061
6504	279.0400085
6505	279.230011
6506	279.3500061
6507	279.3500061
6508	279.0400085
6509	278.7200012
6510	278.6799927
6511	278.6600037
6512	278.8699951
6513	278.9700012
6514	279.019989
6515	278.9299927
6516	278.9299927
6517	278.7399902
6518	278.6799927
6519	278.8099976
6520	279.0799866
6521	279.1000061
6522	279.1799927
6523	279.25
6524	279.3299866
6525	279.6000061
6526	279.7099915
6527	279.8500061
6528	279.9599915
6529	279.8699951
6530	279.75
6531	279.75
6532	279.75
6533	279.6400146
6534	279.480011
6535	279.4100037
6536	279.1400146
6537	278.9500122
6538	278.8299866
6539	278.8299866
6540	278.8099976
6541	278.8500061
6542	278.9500122
6543	279.2000122
6544	279.3299866
6545	279.4599915
6546	279.519989
6547	279.5599976
6548	279.5
6549	279.4599915
6550	279.480011
6551	279.5
6552	279.519989
6553	279.4599915
6554	279.5599976
6555	279.480011
6556	279.230011
6557	279.019989
6558	279.019989
6559	279.019989
6560	279.0599976
6561	279.25
6562	279.5
6563	279.4100037
6564	279.519989
6565	279.6199951
6566	279.8299866
6567	279.9400024
6568	280.0400085
6569	279.980011
6570	279.8900146
6571	279.8900146
6572	279.730011
6573	279.6900024
6574	279.730011
6575	279.6600037
6576	279.730011
6577	279.8099976
6578	279.8099976
6579	279.7900085
6580	279.6400146
6581	279.730011
6582	279.6199951
6583	279.7099915
6584	279.6600037
6585	279.6000061
6586	279.7900085
6587	279.8900146
6588	279.9400024
6589	279.9400024
6590	279.6900024
6591	279.6900024
6592	279.6900024
6593	279.6199951
6594	279.6400146
6595	279.8500061
6596	280.1199951
6597	280.1700134
6598	279.9400024
6599	280
6600	279.8900146
6601	279.75
6602	279.6600037
6603	279.6600037
6604	279.25
6605	279.3699951
6606	279.519989
6607	279.769989
6608	280
6609	279.980011
6610	279.980011
6611	279.980011
6612	280
6613	279.9200134
6614	279.8299866
6615	279.7099915
6616	279.5400085
6617	279.5400085
6618	279.480011
6619	279.5
6620	279.5400085
6621	279.5
6622	279.6400146
6623	279.7099915
6624	279.6600037
6625	279.5599976
6626	279.519989
6627	279.2900085
6628	279.4100037
6629	279.5799866
6630	279.769989
6631	279.7900085
6632	279.8299866
6633	280.0400085
6634	280.1700134
6635	279.9200134
6636	279.9200134
6637	279.769989
6638	279.6900024
6639	279.6000061
6640	279.6000061
6641	279.5799866
6642	279.5799866
6643	279.6900024
6644	279.6600037
6645	279.730011
6646	279.6600037
6647	279.6900024
6648	279.8900146
6649	279.8900146
6650	279.980011
6651	280.0400085
6652	280.019989
6653	279.8099976
6654	279.730011
6655	279.6000061
6656	279.6900024
6657	279.8699951
6658	279.9200134
6659	279.8699951
6660	279.9599915
6661	279.8299866
6662	279.769989
6663	279.8900146
6664	279.9599915
6665	279.9200134
6666	279.769989
6667	279.75
6668	279.5599976
6669	279.269989
6670	279.2000122
6671	279.3299866
6672	279.4299927
6673	279.5
6674	279.5
6675	279.75
6676	279.769989
6677	279.6000061
6678	279.5
6679	279.6900024
6680	279.8699951
6681	279.8699951
6682	279.730011
6683	279.6600037
6684	279.6400146
6685	279.5400085
6686	279.4299927
6687	279.5599976
6688	279.5599976
6689	279.9200134
6690	279.9599915
6691	279.8900146
6692	279.9200134
6693	279.769989
6694	279.5799866
6695	279.6199951
6696	280.019989
6697	280.0400085
6698	280.1900024
6699	280.019989
6700	279.7900085
6701	279.730011
6702	279.75
6703	279.980011
6704	280
6705	279.980011
6706	279.7900085
6707	279.6199951
6708	279.3500061
6709	279.4100037
6710	279.5799866
6711	279.8699951
6712	280.019989
6713	280.019989
6714	280.0599976
6715	279.9400024
6716	279.769989
6717	279.6000061
6718	279.5400085
6719	279.5400085
6720	279.5400085
6721	279.7099915
6722	279.7900085
6723	279.9400024
6724	280.1900024
6725	280.2900085
6726	279.8500061
6727	279.8500061
6728	279.75
6729	279.8699951
6730	279.8900146
6731	279.8299866
6732	279.9599915
6733	279.9599915
6734	279.9400024
6735	280.1900024
6736	280.2900085
6737	280.519989
6738	280.6099854
6739	280.5
6740	280.4599915
6741	280.5
6742	280.5
6743	280.5599976
6744	280.519989
6745	280.6099854
6746	280.5799866
6747	280.6099854
6748	280.5
6749	280.75
6750	280.8099976
6751	280.9200134
6752	280.9200134
6753	281.019989
6754	281.269989
6755	281.230011
6756	281.3200073
6757	281.4599915
6758	281.4200134
6759	281.4200134
6760	281.5
6761	281.480011
6762	281.4599915
6763	281.3999939
6764	281.5899963
6765	281.6300049
6766	281.730011
6767	281.6300049
6768	281.6300049
6769	281.7600098
6770	281.9200134
6771	281.7799988
6772	281.6499939
6773	281.7099915
6774	281.4599915
6775	281.3599854
6776	281.3399963
6777	281.3800049
6778	281.4400024
6779	281.5700073
6780	281.5899963
6781	281.6900024
6782	281.6300049
6783	281.3800049
6784	281.3800049
6785	281.0899963
6786	281.2099915
6787	281.1900024
6788	281.3800049
6789	281.5
6790	281.5
6791	281.5
6792	281.5700073
6793	281.7099915
6794	281.6900024
6795	281.7799988
6796	281.730011
6797	281.5299988
6798	281.5299988
6799	281.9899902
6800	282.1700134
6801	282.2200012
6802	282.1099854
6803	281.6700134
6804	281.7099915
6805	281.7999878
6806	281.9400024
6807	281.9400024
6808	281.7799988
6809	281.5899963
6810	281.5700073
6811	281.6700134
6812	281.6099854
6813	281.3999939
6814	281.5499878
6815	281.5700073
6816	281.5700073
6817	281.6499939
6818	281.6300049
6819	281.5299988
6820	281.6700134
6821	281.8200073
6822	282.0700073
6823	282.0700073
6824	281.7799988
6825	281.9400024
6826	282.0700073
6827	281.8399963
6828	281.7099915
6829	281.6900024
6830	281.6900024
6831	281.8800049
6832	281.8200073
6833	281.7600098
6834	281.8599854
6835	281.9599915
6836	281.9899902
6837	282.0700073
6838	281.9899902
6839	281.8399963
6840	281.6300049
6841	281.480011
6842	281.5499878
6843	281.5700073
6844	281.6499939
6845	281.8599854
6846	281.9200134
6847	281.8399963
6848	281.7799988
6849	281.6099854
6850	281.6700134
6851	281.8200073
6852	281.9899902
6853	282.0100098
6854	281.8999939
6855	281.8999939
6856	282.0100098
6857	282.1300049
6858	281.9899902
6859	281.8399963
6860	281.8800049
6861	281.8800049
6862	281.8800049
6863	281.6499939
6864	281.8599854
6865	281.7600098
6866	281.6900024
6867	281.7799988
6868	281.8399963
6869	281.8399963
6870	281.8599854
6871	281.8200073
6872	281.7099915
6873	281.7999878
6874	281.9200134
6875	281.9599915
6876	282.0100098
6877	281.8800049
6878	281.8200073
6879	281.8599854
6880	281.8200073
6881	281.8399963
6882	282.0100098
6883	282.0499878
6884	282.0499878
6885	282.0700073
6886	282.1099854
6887	282.1099854
6888	282.0499878
6889	281.7600098
6890	281.7600098
6891	281.5499878
6892	281.6700134
6893	281.7600098
6894	281.7600098
6895	281.8999939
6896	282.0499878
6897	282.0499878
6898	282.1700134
6899	282.1099854
6900	282.2600098
6901	282.2600098
6902	282.1700134
6903	282.0299988
6904	281.9400024
6905	281.8800049
6906	281.9899902
6907	281.8599854
6908	281.8599854
6909	281.7600098
6910	281.6900024
6911	281.6900024
6912	281.6499939
6913	281.6099854
6914	281.4599915
6915	281.1099854
6916	280.5
6917	280.3500061
6918	280.230011
6919	280.4599915
6920	280.480011
6921	280.230011
6922	280.1499939
6923	279.9400024
6924	279.5599976
6925	278.769989
6926	278.769989
6927	277.2799988
6928	276.6700134
6929	276.3399963
6930	275.6099854
6931	274.8800049
6932	274.6199951
6933	274.6199951
6934	274.8299866
6935	274.9400024
6936	274.980011
6937	275.1099854
6938	275.2900085
6939	275.519989
6940	275.519989
6941	275.5700073
6942	275.8399963
6943	276.1099854
6944	276.6300049
6945	277.0700073
6946	277.2399902
6947	277.3900146
6948	277.5499878
6949	277.4700012
6950	277.5299988
6951	277.5899963
6952	277.9500122
6953	277.9899902
6954	278.0799866
6955	278.2399902
6956	278.3900146
6957	278.5799866
6958	278.6400146
6959	278.6199951
6960	278.7000122
6961	278.7200012
6962	278.7399902
6963	278.5100098
6964	278.8099976
6965	278.8099976
6966	279.1799927
6967	279.269989
6968	279.3500061
6969	279.480011
6970	279.4299927
6971	279.3099976
6972	279.3099976
6973	279.3099976
6974	279.1400146
6975	279.0799866
6976	279
6977	279.019989
6978	279.019989
6979	279.1199951
6980	279.25
6981	279.0599976
6982	278.9700012
6983	278.8500061
6984	278.6199951
6985	278.7000122
6986	278.7000122
6987	278.8299866
6988	278.9500122
6989	279.3099976
6990	279.519989
6991	279.5400085
6992	279.269989
6993	279.25
6994	279.1199951
6995	279.0599976
6996	279.1000061
6997	279.3699951
6998	279.4599915
6999	279.4299927
7000	279.3699951
7001	279.4100037
7002	279.4299927
7003	279.6199951
7004	279.6199951
7005	279.5799866
7006	279.5599976
7007	279.6000061
7008	279.7099915
7009	279.6600037
7010	279.6000061
7011	279.6000061
7012	279.769989
7013	279.8900146
7014	279.8900146
7015	279.9200134
7016	279.9400024
7017	279.8699951
7018	279.7900085
7019	279.730011
7020	279.5799866
7021	279.4100037
7022	279.4599915
7023	279.5400085
7024	279.6000061
7025	279.6900024
7026	279.5400085
7027	279.6000061
7028	279.730011
7029	279.8299866
7030	279.769989
7031	279.8299866
7032	279.8099976
7033	279.6600037
7034	279.4599915
7035	279.5400085
7036	279.5400085
7037	279.6000061
7038	279.769989
7039	279.75
7040	279.8699951
7041	279.8900146
7042	280.0799866
7043	280.0799866
7044	280.1700134
7045	280
7046	280.0599976
7047	280.0599976
7048	280.0599976
7049	280.0799866
7050	280.0799866
7051	280.1900024
7052	280
7053	279.9200134
7054	279.5799866
7055	279.6199951
7056	279.6400146
7057	279.6900024
7058	279.6199951
7059	279.6199951
7060	279.5799866
7061	279.5799866
7062	279.519989
7063	279.4599915
7064	279.4100037
7065	279.6900024
7066	279.8699951
7067	279.980011
7068	280.0599976
7069	280.1900024
7070	280.1700134
7071	280.269989
7072	280.3500061
7073	280.3299866
7074	280.3099976
7075	280.3099976
7076	280.019989
7077	279.769989
7078	279.6600037
7079	279.5599976
7080	279.4599915
7081	279.519989
7082	279.519989
7083	279.7900085
7084	279.8699951
7085	279.9599915
7086	280.1199951
7087	280.1199951
7088	280.019989
7089	280.019989
7090	280
7091	280.0799866
7092	279.9400024
7093	279.6400146
7094	279.6400146
7095	279.6600037
7096	279.6400146
7097	279.7099915
7098	279.6900024
7099	279.769989
7100	279.8500061
7101	280
7102	280.019989
7103	279.980011
7104	280
7105	280.230011
7106	280.1900024
7107	280.1900024
7108	279.980011
7109	280.019989
7110	280.0400085
7111	280.1000061
7112	279.9400024
7113	279.8699951
7114	279.8699951
7115	280.0400085
7116	279.9200134
7117	279.8699951
7118	279.8900146
7119	279.8699951
7120	279.9599915
7121	279.9599915
7122	280.0799866
7123	280.0400085
7124	280.0400085
7125	280.1700134
7126	280.269989
7127	280.2900085
7128	280.3099976
7129	280.2099915
7130	280.1000061
7131	280.019989
7132	280.019989
7133	280.0400085
7134	280.1900024
7135	280.230011
7136	279.980011
7137	280
7138	279.9400024
7139	279.8099976
7140	279.7099915
7141	279.6600037
7142	279.7099915
7143	280.019989
7144	280.019989
7145	280.0400085
7146	280.0400085
7147	280.0400085
7148	280.1199951
7149	280.1499939
7150	280.2900085
7151	280.2099915
7152	280.2099915
7153	280.2099915
7154	280.2099915
7155	280.1900024
7156	280.1700134
7157	280.2099915
7158	280.1199951
7159	280.1199951
7160	279.980011
7161	279.980011
7162	280.0400085
7163	280.1700134
7164	280.0799866
7165	280.1499939
7166	280.1000061
7167	280.019989
7168	279.9599915
7169	280.1199951
7170	280.1499939
7171	280.1199951
7172	280.0599976
7173	280
7174	279.8699951
7175	279.8099976
7176	279.9200134
7177	280
7178	279.8900146
7179	279.8900146
7180	280.0400085
7181	280.0599976
7182	279.8699951
7183	279.75
7184	279.5400085
7185	279.5400085
7186	279.8099976
7187	279.8900146
7188	279.9400024
7189	280.0599976
7190	279.980011
7191	280.0599976
7192	280.0599976
7193	280.2900085
7194	280.1499939
7195	279.980011
7196	279.9400024
7197	279.8900146
7198	279.8500061
7199	279.75
7200	279.519989
7201	279.5
7202	279.519989
7203	279.6199951
7204	279.5799866
7205	279.4599915
7206	279.4299927
7207	279.3900146
7208	279.3699951
7209	279.4599915
7210	279.6400146
7211	279.6900024
7212	279.519989
7213	279.5799866
7214	279.5400085
7215	279.4599915
7216	279.3299866
7217	279.3299866
7218	279.480011
7219	279.9400024
7220	280.1700134
7221	280.3299866
7222	280.5799866
7223	280.6300049
7224	280.6300049
7225	280.5799866
7226	280.8399963
7227	280.8599854
7228	280.730011
7229	280.7099915
7230	281.019989
7231	281.019989
7232	281.2099915
7233	281.1900024
7234	281.230011
7235	281.230011
7236	281.019989
7237	281.0899963
7238	281.1900024
7239	281.2999878
7240	281.3599854
7241	281.3800049
7242	281.3200073
7243	281.3599854
7244	281.25
7245	281.230011
7246	281.1099854
7247	281.1499939
7248	281.1300049
7249	281.1099854
7250	281.0899963
7251	281.019989
7252	280.980011
7253	280.8099976
7254	280.980011
7255	280.980011
7256	280.980011
7257	280.9400024
7258	281.1099854
7259	281.1499939
7260	281.0899963
7261	281.1900024
7262	281.019989
7263	281.019989
7264	280.8099976
7265	281.0700073
7266	281.1099854
7267	281.0400085
7268	280.8999939
7269	280.8800049
7270	280.75
7271	280.8999939
7272	281.0899963
7273	281.1499939
7274	280.9200134
7275	280.8999939
7276	281.0700073
7277	281
7278	281.0400085
7279	281.1499939
7280	281.1499939
7281	280.980011
7282	280.8099976
7283	280.7099915
7284	280.6300049
7285	280.6900024
7286	280.8399963
7287	280.9200134
7288	280.9200134
7289	280.8800049
7290	281.1900024
7291	281.3200073
7292	281.4599915
7293	281.4200134
7294	281.4599915
7295	281.4599915
7296	281.25
7297	281.1499939
7298	281.1300049
7299	280.9599915
7300	281.0400085
7301	281.3200073
7302	281.3200073
7303	281.3599854
7304	281.2099915
7305	281.2099915
7306	281.3399963
7307	281.2099915
7308	281.269989
7309	281.25
7310	281.0899963
7311	281.230011
7312	281.3399963
7313	281.1099854
7314	281.1099854
7315	281
7316	281.019989
7317	280.980011
7318	281.019989
7319	281.1499939
7320	281.3599854
7321	281.3399963
7322	281.3200073
7323	281.230011
7324	281.1900024
7325	281.1700134
7326	281.0700073
7327	281.0700073
7328	280.9200134
7329	280.9400024
7330	280.8800049
7331	280.8800049
7332	280.8800049
7333	280.8999939
7334	280.8999939
7335	281.25
7336	281.3200073
7337	281.3200073
7338	281.25
7339	281.1099854
7340	280.980011
7341	280.9400024
7342	281.1499939
7343	281.1900024
7344	281.3999939
7345	281.5
7346	281.5700073
7347	281.5499878
7348	281.5299988
7349	281.269989
7350	281.1900024
7351	281.3800049
7352	281.480011
7353	281.5299988
7354	281.4200134
7355	281.3599854
7356	281.3200073
7357	281.3999939
7358	281.3399963
7359	281.3399963
7360	281.4400024
7361	281.480011
7362	281.4200134
7363	281.4400024
7364	281.3200073
7365	281.1099854
7366	281.1099854
7367	280.8800049
7368	280.9400024
7369	280.9599915
7370	280.9599915
7371	280.9599915
7372	281
7373	281
7374	281.1300049
7375	281.269989
7376	281.3999939
7377	281.269989
7378	281.2099915
7379	281.3200073
7380	281.25
7381	281.2099915
7382	281.1499939
7383	280.9599915
7384	280.6099854
7385	280.4599915
7386	280.1700134
7387	280.019989
7388	279.7900085
7389	279.769989
7390	280.1199951
7391	280.5400085
7392	280.730011
7393	281.0700073
7394	281
7395	280.6700134
7396	280.4200134
7397	279.9200134
7398	279.9200134
7399	278.8299866
7400	277.7999878
7401	277.3599854
7402	276.5499878
7403	276.0299988
7404	275.3599854
7405	275.3599854
7406	275.1900024
7407	275.3599854
7408	275.3599854
7409	275.480011
7410	275.6900024
7411	275.8599854
7412	276
7413	276.1499939
7414	276.4200134
7415	276.5899963
7416	276.8599854
7417	277.2000122
7418	277.2999878
7419	277.4700012
7420	277.5899963
7421	277.6199951
7422	277.7000122
7423	277.6799927
7424	277.6400146
7425	277.7200012
7426	277.7999878
7427	277.8500061
7428	277.8200073
7429	277.8900146
7430	277.8900146
7431	278.1199951
7432	278.2200012
7433	278.3099976
7434	278.4700012
7435	278.4700012
7436	278.3099976
7437	278.3099976
7438	278.2600098
7439	278.4500122
7440	278.4700012
7441	278.4899902
7442	278.7000122
7443	278.7200012
7444	278.7200012
7445	278.4299927
7446	278.2799988
7447	278.1799927
7448	278.3699951
7449	278.5599976
7450	278.6600037
7451	278.6199951
7452	278.4700012
7453	278.3500061
7454	278.3299866
7455	278.2799988
7456	278.4100037
7457	278.5400085
7458	278.6000061
7459	278.8500061
7460	278.7900085
7461	279.019989
7462	278.9100037
7463	278.7900085
7464	278.7399902
7465	278.769989
7466	278.9700012
7467	279.25
7468	279.3299866
7469	279.3299866
7470	279.269989
7471	279.2000122
7472	279.1400146
7473	279.1400146
7474	279.1400146
7475	279.2000122
7476	279.2000122
7477	279.269989
7478	279.4299927
7479	279.3900146
7480	279.1600037
7481	278.9500122
7482	279
7483	279
7484	279.0799866
7485	279.25
7486	279.2900085
7487	279.3500061
7488	279.3299866
7489	279.2000122
7490	279.0799866
7491	279.1799927
7492	279.269989
7493	279.3299866
7494	279.3900146
7495	279.3099976
7496	279.1400146
7497	279.2900085
7498	279.25
7499	279.2000122
7500	279.2900085
7501	279.4100037
7502	279.480011
7503	279.5
7504	279.5
7505	279.3299866
7506	279.25
7507	279.2900085
7508	279.2900085
7509	279.5
7510	279.6000061
7511	279.5599976
7512	279.230011
7513	278.8500061
7514	278.7200012
7515	278.7200012
7516	278.9500122
7517	279.1000061
7518	279.2900085
7519	279.4599915
7520	279.4299927
7521	279.3099976
7522	279.230011
7523	279
7524	278.9500122
7525	279
7526	279.019989
7527	278.6799927
7528	278.5599976
7529	278.5100098
7530	278.5100098
7531	278.6199951
7532	278.9500122
7533	279.230011
7534	279.230011
7535	279.1199951
7536	279.1199951
7537	279.0400085
7538	279.1199951
7539	279.019989
7540	279.019989
7541	279
7542	279.1400146
7543	279.1199951
7544	279.1400146
7545	279.0400085
7546	279.0400085
7547	279.0400085
7548	278.8299866
7549	278.7900085
7550	278.7900085
7551	278.5799866
7552	278.6400146
7553	278.8500061
7554	278.8500061
7555	279.3099976
7556	279.5
7557	279.4599915
7558	279.4599915
7559	279.1799927
7560	279.1400146
7561	279.1000061
7562	278.8900146
7563	278.8699951
7564	279.1600037
7565	279.3299866
7566	279.25
7567	279.1799927
7568	279.1799927
7569	279.25
7570	279.0799866
7571	278.8500061
7572	278.8500061
7573	279.0599976
7574	279.4299927
7575	279.5400085
7576	279.6600037
7577	279.6400146
7578	279.6400146
7579	279.6400146
7580	279.4299927
7581	279.5400085
7582	279.5599976
7583	279.5799866
7584	279.519989
7585	279.519989
7586	279.519989
7587	279.519989
7588	279.4599915
7589	279.3900146
7590	279.5599976
7591	279.6400146
7592	279.6199951
7593	279.5599976
7594	279.25
7595	279.1000061
7596	278.9700012
7597	278.8299866
7598	278.9700012
7599	279.0400085
7600	279.2000122
7601	279.3699951
7602	279.480011
7603	279.5
7604	279.5599976
7605	279.5599976
7606	279.5400085
7607	279.5
7608	279.5799866
7609	279.4299927
7610	279.230011
7611	279.230011
7612	279.3099976
7613	279.4299927
7614	279.4599915
7615	279.4299927
7616	279.5799866
7617	279.6199951
7618	279.6199951
7619	279.6400146
7620	279.519989
7621	279.4299927
7622	279.3699951
7623	279.4100037
7624	279.3900146
7625	279.3900146
7626	279.6600037
7627	279.6900024
7628	279.730011
7629	279.5400085
7630	279.3900146
7631	279.3500061
7632	279.3500061
7633	279.0400085
7634	278.9100037
7635	278.9500122
7636	279.1199951
7637	279.1600037
7638	279.230011
7639	279.3299866
7640	279.2900085
7641	279.269989
7642	279.0799866
7643	279.3500061
7644	279.519989
7645	279.4299927
7646	279.480011
7647	279.4100037
7648	279.480011
7649	279.5400085
7650	279.5400085
7651	279.6400146
7652	279.8099976
7653	279.8699951
7654	279.769989
7655	279.6199951
7656	279.7900085
7657	279.7900085
7658	279.75
7659	279.7900085
7660	279.8099976
7661	279.75
7662	279.6600037
7663	279.6900024
7664	279.7099915
7665	279.8500061
7666	279.8299866
7667	279.8099976
7668	279.5400085
7669	279.1600037
7670	279
7671	278.8699951
7672	278.9299927
7673	279.019989
7674	279.269989
7675	279.3699951
7676	279.3299866
7677	279.3500061
7678	279.3900146
7679	279.230011
7680	279.1799927
7681	279.3099976
7682	279.3099976
7683	279.3500061
7684	279.5799866
7685	279.75
7686	279.9599915
7687	280.019989
7688	280.0599976
7689	280.0599976
7690	280.1000061
7691	280.269989
7692	280.2900085
7693	280.2900085
7694	280.3800049
7695	280.5
7696	280.5
7697	280.5599976
7698	280.6499939
7699	280.6700134
7700	280.769989
7701	280.9599915
7702	281.0700073
7703	281.1300049
7704	280.9200134
7705	280.9400024
7706	281.1099854
7707	281.2999878
7708	281.3399963
7709	281.3999939
7710	281.3999939
7711	280.9200134
7712	280.8599854
7713	280.7900085
7714	280.7900085
7715	280.730011
7716	280.9400024
7717	280.9400024
7718	281.1499939
7719	281.2999878
7720	281.0400085
7721	281.0400085
7722	280.730011
7723	280.6700134
7724	280.6300049
7725	280.6700134
7726	280.6700134
7727	280.5799866
7728	280.5799866
7729	280.8099976
7730	280.730011
7731	280.6700134
7732	280.6099854
7733	280.6300049
7734	280.6700134
7735	280.730011
7736	280.8099976
7737	280.6499939
7738	280.5400085
7739	280.6499939
7740	280.5799866
7741	280.6099854
7742	280.5799866
7743	280.8099976
7744	280.8099976
7745	280.8800049
7746	280.8099976
7747	280.7900085
7748	280.8599854
7749	280.8599854
7750	280.8800049
7751	280.7900085
7752	280.769989
7753	280.9200134
7754	281
7755	280.8099976
7756	280.6900024
7757	280.5599976
7758	280.3800049
7759	280.5400085
7760	280.5400085
7761	280.730011
7762	280.8099976
7763	280.980011
7764	280.8999939
7765	280.9599915
7766	280.980011
7767	280.980011
7768	281.1099854
7769	281.25
7770	281.25
7771	281.2099915
7772	281.230011
7773	281.25
7774	280.980011
7775	280.769989
7776	281.019989
7777	281.1700134
7778	281.1700134
7779	281.1300049
7780	281.1099854
7781	281.1099854
7782	280.9599915
7783	280.9200134
7784	280.9599915
7785	281.0400085
7786	280.9599915
7787	280.9400024
7788	281.0400085
7789	281.1499939
7790	281.019989
7791	280.8999939
7792	280.8999939
7793	280.9200134
7794	280.8999939
7795	280.9400024
7796	281.0700073
7797	281.25
7798	281.3200073
7799	281.3200073
7800	281.1700134
7801	281.1900024
7802	281.0700073
7803	280.9200134
7804	280.980011
7805	281.1900024
7806	281.1900024
7807	281.1099854
7808	281.1099854
7809	281.0899963
7810	280.7900085
7811	280.4599915
7812	280.480011
7813	280.4200134
7814	280.6499939
7815	280.6499939
7816	280.6300049
7817	280.6700134
7818	280.6499939
7819	280.6900024
7820	280.8099976
7821	281.1300049
7822	281.1900024
7823	281.0700073
7824	280.8999939
7825	280.9200134
7826	280.75
7827	280.75
7828	280.8099976
7829	280.8399963
7830	280.769989
7831	280.769989
7832	280.6499939
7833	280.480011
7834	280.5400085
7835	280.75
7836	280.769989
7837	280.6700134
7838	280.6700134
7839	280.6499939
7840	280.5
7841	280.6099854
7842	280.730011
7843	280.6900024
7844	280.5799866
7845	280.5799866
7846	280.8099976
7847	280.730011
7848	280.4599915
7849	280.5
7850	280.75
7851	280.6700134
7852	280.5799866
7853	280.480011
7854	280.5
7855	280.7099915
7856	280.519989
7857	280.4599915
7858	280.1199951
7859	280.0400085
7860	279.8900146
7861	279.8500061
7862	279.980011
7863	279.980011
7864	280.019989
7865	280.019989
7866	279.9599915
7867	280.0400085
7868	280.0400085
7869	279.7900085
7870	279.7900085
7871	279.0400085
7872	278.4299927
7873	278.1000061
7874	277.1099854
7875	276.5100098
7876	275.9599915
7877	275.9599915
7878	275.2900085
7879	275.0400085
7880	274.9599915
7881	274.9599915
7882	275.1099854
7883	275.230011
7884	275.3399963
7885	275.9200134
7886	276.1300049
7887	276.3399963
7888	276.3399963
7889	276.5100098
7890	276.6499939
7891	276.7999878
7892	276.7999878
7893	276.7600098
7894	276.9700012
7895	277.1499939
7896	277.3399963
7897	277.5899963
7898	277.7600098
7899	277.8900146
7900	277.9500122
7901	277.9100037
7902	277.9100037
7903	278.2000122
7904	278.3699951
7905	278.4100037
7906	278.4299927
7907	278.3500061
7908	278.3299866
7909	278.3299866
7910	278.2000122
7911	278.2600098
7912	278.3099976
7913	278.3500061
7914	278.2399902
7915	278.2600098
7916	278.3099976
7917	278.2799988
7918	278.4299927
7919	278.5799866
7920	278.4700012
7921	278.2600098
7922	278.2399902
7923	278.2799988
7924	278.6000061
7925	278.6199951
7926	278.6799927
7927	278.7000122
7928	278.8299866
7929	279.1400146
7930	279.1000061
7931	279
7932	279.019989
7933	279
7934	279
7935	278.9299927
7936	278.8299866
7937	278.8500061
7938	278.8299866
7939	278.8299866
7940	279.019989
7941	279.019989
7942	279.1600037
7943	279.0799866
7944	279.0799866
7945	279.0799866
7946	279.1799927
7947	279.019989
7948	279.019989
7949	279.0599976
7950	279.1400146
7951	279.230011
7952	279.1600037
7953	279.0599976
7954	279.1199951
7955	279.1400146
7956	279.2000122
7957	279.1799927
7958	279.0400085
7959	279.1000061
7960	279.1799927
7961	279.4100037
7962	279.3699951
7963	278.9500122
7964	278.9700012
7965	278.9299927
7966	278.7200012
7967	278.6799927
7968	278.769989
7969	278.8699951
7970	278.9299927
7971	278.9700012
7972	279.1400146
7973	279.1400146
7974	279.1799927
7975	279.1199951
7976	279.1600037
7977	279.269989
7978	279.2900085
7979	279.2900085
7980	279.2900085
7981	279.1199951
7982	279.1600037
7983	279.2000122
7984	279.230011
7985	279.1600037
7986	279.1799927
7987	279.1600037
7988	279
7989	278.9500122
7990	279.019989
7991	278.9299927
7992	278.9700012
7993	278.8900146
7994	278.8900146
7995	278.5799866
7996	278.7000122
7997	278.8500061
7998	278.9700012
7999	278.9500122
8000	279.0599976
8001	279.0400085
8002	279.0799866
8003	278.8099976
8004	278.8900146
8005	279.0799866
8006	279.1400146
8007	279.1600037
8008	279.1000061
8009	279.1000061
8010	279.1199951
8011	279.230011
8012	279.230011
8013	279.269989
8014	279.3299866
8015	279.4599915
8016	279.5400085
8017	279.4599915
8018	279.269989
8019	279.269989
8020	279.230011
8021	279.4599915
8022	279.5799866
8023	279.6400146
8024	279.480011
8025	279.3500061
8026	279.3299866
8027	279.2900085
8028	279.3699951
8029	279.4299927
8030	279.4599915
8031	279.2000122
8032	279.019989
8033	278.9299927
8034	278.5799866
8035	278.7200012
8036	278.7200012
8037	278.7200012
8038	278.7900085
8039	278.9100037
8040	278.9500122
8041	279.1400146
8042	279.1000061
8043	278.9100037
8044	278.9100037
8045	279.0400085
8046	279.1000061
8047	278.9500122
8048	279.2000122
8049	279.3299866
8050	279.4599915
8051	279.4599915
8052	279.4599915
8053	279.4100037
8054	279.3699951
8055	279.25
8056	279.3500061
8057	279.230011
8058	279.230011
8059	278.9500122
8060	278.7900085
8061	278.9100037
8062	279.1600037
8063	279.3500061
8064	279.4100037
8065	279.4299927
8066	279.269989
8067	279
8068	278.8299866
8069	279.019989
8070	279.230011
8071	279.230011
8072	279.25
8073	279.269989
8074	279.519989
8075	279.6400146
8076	279.6400146
8077	279.5799866
8078	279.519989
8079	279.5599976
8080	279.5799866