1	305.4000139
2	305.2999973
3	305.0000072
4	305.0999939
5	305.0999939
6	305.2000105
7	305.4000139
8	305.4000139
9	305.2999973
10	305.4000139
11	305.4000139
12	305.5000007
13	305.4000139
14	305.4000139
15	305.4000139
16	305.2999973
17	305.0999939
18	305.0999939
19	305.0000072
20	305.0000072
21	305.0000072
22	305.0000072
23	304.6999872
24	304.8000038
25	304.6000004
26	304.6000004
27	305.0000072
28	305.0000072
29	305.0000072
30	305.0000072
31	305.0999939
32	305.0999939
33	305.0999939
34	305.0999939
35	305.0000072
36	304.8999906
37	305.0999939
38	305.2999973
39	305.4000139
40	305.2000105
41	305.2000105
42	305.4000139
43	305.2000105
44	305.0999939
45	305.2999973
46	305.2999973
47	305.2999973
48	305.2000105
49	305.4000139
50	305.4000139
51	305.4000139
52	305.4000139
53	305.0999939
54	305.0999939
55	305.2999973
56	305.4000139
57	305.2999973
58	305.5000007
59	305.5999875
60	305.4000139
61	305.4000139
62	305.4000139
63	305.2999973
64	305.0999939
65	305.2999973
66	305.2000105
67	305.2000105
68	305.0999939
69	304.8999906
70	305.0000072
71	305.0999939
72	305.0999939
73	305.2999973
74	305.2999973
75	305.2000105
76	305.0999939
77	305.0000072
78	305.0999939
79	305.0999939
80	305.0999939
81	305.4000139
82	305.2999973
83	305.2000105
84	305.0999939
85	305.2999973
86	304.6999872
87	305.0000072
88	311.1999929
89	308.2999885
90	307.9999983
91	307.5999916
92	307.3000014
93	307.2000146
94	307.2000146
95	307.099998
96	307.099998
97	307.3000014
98	307.099998
99	307.2000146
100	307.0000112
101	306.8999946
102	306.8000078
103	306.6999912
104	307.2000146
105	307.2000146
106	307.2000146
107	307.3000014
108	307.5000048
109	307.5999916
110	307.9999983
111	308.6000085
112	308.8999987
113	309.3000054
114	310.0000024
115	310.4999959
116	310.6999993
117	311.1999929
118	311.6999865
119	312.2000098
120	312.0999932
121	312.5
122	312.5
123	312.7000034
124	312.7999902
125	313.1000102
126	313.1999969
127	313.3000135
128	313.1999969
129	313.1000102
130	313.6999905
131	313.4999871
132	313.4999871
133	313.3000135
134	313.1000102
135	313.1999969
136	313.1000102
137	313.1999969
138	312.9000068
139	312.9000068
140	312.9999936
141	312.9000068
142	313.1000102
143	313.1999969
144	313.1999969
145	313.1000102
146	312.9000068
147	312.9999936
148	312.9000068
149	312.7999902
150	312.7999902
151	312.7000034
152	312.5999868
153	312.7000034
154	312.7999902
155	312.7999902
156	313.1000102
157	313.1000102
158	313.4999871
159	313.4999871
160	313.4000003
161	313.4999871
162	313.4000003
163	313.3000135
164	313.4999871
165	313.4999871
166	313.4999871
167	313.6000037
168	313.8000071
169	313.6000037
170	313.6999905
171	313.6000037
172	313.6000037
173	314.0000105
174	313.8000071
175	314.0999973
176	313.8999939
177	313.8000071
178	313.8000071
179	313.6999905
180	313.4000003
181	313.1999969
182	313.3000135
183	313.3000135
184	313.6999905
185	313.6000037
186	313.8000071
187	314.0000105
188	313.8999939
189	314.0000105
190	314.0999973
191	314.2000139
192	314.2000139
193	314.2000139
194	314.2000139
195	314.0999973
196	314.0999973
197	314.0999973
198	314.0000105
199	313.8000071
200	313.8000071
201	313.8000071
202	314.0000105
203	313.8000071
204	314.0999973
205	314.0999973
206	314.0999973
207	314.0999973
208	314.0999973
209	314.0999973
210	313.8999939
211	313.8000071
212	313.8999939
213	313.8999939
214	313.6000037
215	313.4999871
216	313.6999905
217	313.4999871
218	313.6999905
219	313.8000071
220	313.6000037
221	313.8000071
222	313.6999905
223	313.6999905
224	313.6999905
225	313.6999905
226	313.8999939
227	314.0000105
228	314.0000105
229	314.0000105
230	314.0999973
231	314.0000105
232	313.8999939
233	313.8000071
234	313.4999871
235	313.1000102
236	312.9999936
237	313.1000102
238	313.1000102
239	313.1000102
240	313.4999871
241	313.8000071
242	313.4999871
243	313.4000003
244	313.6000037
245	313.4999871
246	313.8000071
247	313.6999905
248	313.8000071
249	314.0000105
250	313.8000071
251	313.4000003
252	313.1999969
253	313.1999969
254	313.1000102
255	313.3000135
256	313.3000135
257	313.1999969
258	313.1999969
259	313.1999969
260	313.1000102
261	313.1999969
262	313.3000135
263	313.4000003
264	313.3000135
265	313.4999871
266	313.4000003
267	313.4999871
268	313.4999871
269	313.6000037
270	313.6000037
271	313.4999871
272	313.1999969
273	313.1999969
274	313.1999969
275	313.1000102
276	312.5
277	312.2000098
278	311.8999898
279	312.0000064
280	311.8999898
281	312.0999932
282	312.7000034
283	312.7999902
284	312.9000068
285	312.9999936
286	312.7999902
287	312.0000064
288	310.4999959
289	309.3000054
290	306.8999946
291	303.9999902
292	300.5999923
293	298.999995
294	295.3999937
295	292.6999927
296	290.6999886
297	289.7999883
298	288.500011
299	287.9000008
300	287.6999974
301	287.4000072
302	287.9000008
303	288.3999944
304	288.7000144
305	289.4000113
306	290.3000116
307	291.200012
308	291.3999856
309	292.1999991
310	292.899996
311	293.900013
312	294.4000065
313	295.3999937
314	296.0999906
315	296.9999909
316	297.5000143
317	298.0999947
318	298.7999916
319	299.2999852
320	299.4999886
321	299.8999953
322	300.5000055
323	300.5999923
324	300.9000123
325	301.2000024
326	301.4999926
327	301.4999926
328	301.4999926
329	301.8000126
330	301.9999862
331	302.1999896
332	302.5000095
333	302.5000095
334	302.5999963
335	302.7000129
336	302.8999865
337	303.0000031
338	303.4000099
339	303.4999967
340	303.4000099
341	303.4000099
342	303.4999967
343	303.4999967
344	303.7
345	303.9999902
346	303.9000034
347	303.7999868
348	303.9999902
349	303.9000034
350	303.9999902
351	303.9000034
352	303.9000034
353	303.9000034
354	303.9000034
355	303.9000034
356	303.7
357	303.7999868
358	303.9000034
359	304.1000068
360	304.1000068
361	304.399997
362	304.399997
363	304.3000102
364	304.5000136
365	304.5000136
366	304.6000004
367	304.6999872
368	305.0999939
369	305.0999939
370	305.0999939
371	305.0999939
372	305.0000072
373	304.8000038
374	305.0999939
375	305.0000072
376	304.8000038
377	304.8000038
378	304.8000038
379	305.0000072
380	304.6000004
381	304.6000004
382	304.8999906
383	305.0999939
384	305.0999939
385	305.0999939
386	305.0999939
387	305.2999973
388	305.4000139
389	305.5999875
390	305.5999875
391	305.5999875
392	305.5000007
393	305.4000139
394	305.2999973
395	305.2999973
396	305.4000139
397	305.4000139
398	305.4000139
399	305.4000139
400	305.0999939
401	304.8999906
402	304.8000038
403	304.8999906
404	304.8999906
405	304.6999872
406	305.0000072
407	304.8000038
408	304.8000038
409	304.8000038
410	305.2000105
411	305.4000139
412	305.5000007
413	305.5999875
414	305.7000041
415	305.5000007
416	305.5999875
417	305.4000139
418	305.2999973
419	305.4000139
420	305.5000007
421	305.7000041
422	305.9000075
423	305.7999909
424	305.7000041
425	305.5999875
426	305.5000007
427	305.5999875
428	305.7000041
429	305.7000041
430	305.5999875
431	305.5000007
432	305.7000041
433	305.7000041
434	305.7999909
435	305.9000075
436	305.9999943
437	305.9000075
438	306.1000109
439	305.9000075
440	305.7999909
441	305.9000075
442	306.1000109
443	306.400001
444	306.3000143
445	306.1000109
446	305.9999943
447	306.1000109
448	305.9000075
449	305.7999909
450	305.9000075
451	305.9999943
452	306.1000109
453	306.1000109
454	306.400001
455	306.1000109
456	306.1999977
457	306.1000109
458	306.1000109
459	305.9000075
460	305.7999909
461	305.9000075
462	305.7999909
463	305.9000075
464	305.7000041
465	305.4000139
466	305.4000139
467	305.7000041
468	305.7000041
469	305.9000075
470	305.9000075
471	305.7999909
472	305.9999943
473	305.9000075
474	306.1000109
475	305.9000075
476	306.1000109
477	306.1000109
478	305.9999943
479	305.9999943
480	305.9999943
481	305.9999943
482	306.1000109
483	305.7999909
484	305.5999875
485	305.2999973
486	305.2999973
487	305.2000105
488	305.0999939
489	305.0000072
490	305.2999973
491	305.7000041
492	305.7000041
493	305.5999875
494	305.7999909
495	305.7999909
496	305.7000041
497	305.7000041
498	305.5999875
499	305.7000041
500	305.7999909
501	305.9000075
502	306.1000109
503	306.1000109
504	305.9999943
505	305.9999943
506	305.9999943
507	306.1000109
508	305.9000075
509	306.1000109
510	305.7000041
511	305.7000041
512	305.5999875
513	305.2000105
514	305.0999939
515	305.0999939
516	305.4000139
517	305.5000007
518	305.7000041
519	305.5000007
520	305.7000041
521	305.7999909
522	305.7999909
523	305.9999943
524	305.9000075
525	306.1000109
526	306.1000109
527	306.1999977
528	306.3000143
529	306.1999977
530	306.1000109
531	305.9999943
532	305.7999909
533	305.9000075
534	305.9999943
535	305.7999909
536	305.9000075
537	305.7000041
538	305.7000041
539	305.7000041
540	305.5999875
541	305.7000041
542	305.7000041
543	305.5000007
544	305.7000041
545	305.5000007
546	305.4000139
547	305.4000139
548	305.2999973
549	305.2999973
550	305.2999973
551	305.2999973
552	305.4000139
553	305.4000139
554	305.4000139
555	305.4000139
556	305.4000139
557	305.0999939
558	305.0000072
559	305.0999939
560	305.0999939
561	305.2000105
562	305.0999939
563	305.0999939
564	305.0999939
565	305.2000105
566	305.4000139
567	305.7000041
568	305.9000075
569	305.9000075
570	306.1000109
571	306.3000143
572	306.400001
573	306.6999912
574	306.8999946
575	307.0000112
576	307.3000014
577	307.099998
578	307.5000048
579	307.7999949
580	307.9000115
581	308.2999885
582	308.8999987
583	309.3999922
584	309.8999858
585	310.2000058
586	310.6999993
587	311.1999929
588	311.3999963
589	311.5999997
590	311.8000031
591	312.0999932
592	312.2000098
593	312.5
594	312.7999902
595	312.9000068
596	312.7999902
597	312.9000068
598	312.9999936
599	313.1000102
600	313.3000135
601	313.3000135
602	313.4999871
603	313.6000037
604	313.8000071
605	313.8000071
606	313.8000071
607	313.8000071
608	313.8000071
609	314.0000105
610	314.0999973
611	313.8999939
612	314.0999973
613	314.0999973
614	314.2000139
615	314.2000139
616	314.2000139
617	314.0999973
618	313.8000071
619	313.8999939
620	314.0000105
621	314.0000105
622	314.0000105
623	314.0000105
624	313.8999939
625	313.8000071
626	313.8000071
627	313.6000037
628	313.4999871
629	313.3000135
630	313.4000003
631	313.4000003
632	313.4000003
633	313.6000037
634	313.4999871
635	313.8000071
636	313.8000071
637	313.8999939
638	313.8999939
639	313.8000071
640	313.6999905
641	313.8000071
642	313.8000071
643	313.6999905
644	313.6999905
645	313.6999905
646	313.8000071
647	313.6999905
648	313.4999871
649	313.4000003
650	313.4000003
651	313.4000003
652	313.6000037
653	313.8000071
654	314.0000105
655	313.8000071
656	314.0000105
657	314.0999973
658	314.0000105
659	313.8000071
660	314.0000105
661	313.8999939
662	314.0999973
663	314.0000105
664	314.0999973
665	314.0000105
666	313.8999939
667	313.8999939
668	314.0000105
669	314.0000105
670	313.8000071
671	313.6999905
672	313.8000071
673	314.0000105
674	313.8000071
675	313.6000037
676	313.6999905
677	313.4999871
678	313.4000003
679	313.1999969
680	313.4000003
681	313.6000037
682	313.4000003
683	313.4999871
684	313.4999871
685	313.6999905
686	313.8000071
687	313.8000071
688	313.6999905
689	313.6999905
690	313.6999905
691	313.6999905
692	313.6000037
693	313.4000003
694	313.4000003
695	313.1999969
696	313.4000003
697	313.4999871
698	313.6999905
699	313.8000071
700	313.4999871
701	313.3000135
702	313.3000135
703	313.1999969
704	313.4999871
705	313.6999905
706	313.6999905
707	313.8000071
708	313.8999939
709	314.0999973
710	313.8999939
711	314.0999973
712	314.0999973
713	313.8999939
714	313.8999939
715	313.8999939
716	313.8000071
717	313.6000037
718	313.6999905
719	313.6999905
720	313.8000071
721	313.6999905
722	313.6999905
723	313.8000071
724	313.8000071
725	313.8999939
726	313.8999939
727	314.0999973
728	314.0999973
729	314.0999973
730	314.0000105
731	314.0999973
732	314.2000139
733	314.0999973
734	314.0999973
735	313.8000071
736	313.8000071
737	313.4999871
738	313.6000037
739	313.6000037
740	313.4999871
741	313.4999871
742	313.4000003
743	313.4000003
744	313.6000037
745	313.6000037
746	313.6999905
747	313.6999905
748	313.4999871
749	313.3000135
750	312.5999868
751	311.8999898
752	311.8000031
753	311.5999997
754	311.5999997
755	311.8000031
756	312.2000098
757	312.4000132
758	312.2999966
759	312.2000098
760	311.8000031
761	310.9000027
762	309.3000054
763	305.9000075
764	304.1000068
765	300.5999923
766	297.1999943
767	294.2999899
768	293.1999862
769	290.8000052
770	289.0000045
771	287.6999974
772	287.2999907
773	286.7000103
774	286.5999937
775	286.5000069
776	286.7000103
777	286.9000137
778	287.4000072
779	288.199991
780	288.7000144
781	289.7999883
782	290.8000052
783	291.3999856
784	292.1999991
785	293.1999862
786	293.7999964
787	294.2999899
788	295.1000035
789	296.0999906
790	296.9999909
791	297.3999977
792	297.8999913
793	298.4000146
794	298.5999882
795	298.9000082
796	299.2999852
797	299.6000051
798	299.6000051
799	299.6999919
800	299.8999953
801	300.3000021
802	300.5999923
803	300.7999957
804	301.0999858
805	301.4999926
806	301.4999926
807	301.699996
808	301.4999926
809	301.4999926
810	301.4000058
811	301.4000058
812	301.4999926
813	301.8000126
814	301.8999994
815	302.1999896
816	302.3000062
817	302.3000062
818	302.3000062
819	302.3000062
820	302.5000095
821	302.5000095
822	302.5999963
823	302.7999997
824	302.7999997
825	302.8999865
826	302.5999963
827	302.3000062
828	302.3000062
829	302.5000095
830	302.8999865
831	303.0999899
832	303.4000099
833	303.4999967
834	303.6000133
835	303.7
836	303.7999868
837	303.9000034
838	303.7999868
839	303.7999868
840	303.7
841	303.7999868
842	303.7999868
843	303.4999967
844	303.6000133
845	303.7
846	303.6000133
847	303.9999902
848	303.9999902
849	303.7999868
850	303.9999902
851	304.1000068
852	304.1000068
853	304.3000102
854	304.1999936
855	304.3000102
856	304.3000102
857	304.3000102
858	304.1000068
859	303.9999902
860	303.9999902
861	304.1999936
862	304.1999936
863	304.1999936
864	304.1999936
865	304.3000102
866	303.9999902
867	303.9000034
868	303.9000034
869	304.1000068
870	304.1000068
871	304.1999936
872	304.3000102
873	304.1000068
874	304.1000068
875	304.1999936
876	304.1999936
877	304.399997
878	304.1999936
879	304.1000068
880	304.1999936
881	304.1999936
882	304.1000068
883	304.1000068
884	304.1999936
885	304.399997
886	304.399997
887	304.399997
888	304.399997
889	304.399997
890	304.1999936
891	304.399997
892	304.3000102
893	304.1999936
894	304.1000068
895	304.1000068
896	304.1999936
897	304.399997
898	304.5000136
899	304.3000102
900	304.3000102
901	304.399997
902	304.5000136
903	304.5000136
904	304.5000136
905	304.5000136
906	304.6000004
907	304.399997
908	304.6000004
909	304.6999872
910	304.5000136
911	304.5000136
912	304.399997
913	304.5000136
914	304.399997
915	304.3000102
916	304.3000102
917	304.399997
918	304.5000136
919	304.1999936
920	304.1999936
921	304.1000068
922	304.1000068
923	304.1000068
924	304.1000068
925	303.9999902
926	303.9000034
927	303.9999902
928	303.9000034
929	303.9000034
930	303.7
931	303.9000034
932	303.7999868
933	303.7999868
934	303.7999868
935	303.7999868
936	304.1999936
937	304.1999936
938	304.399997
939	304.399997
940	304.5000136
941	304.5000136
942	304.6999872
943	304.5000136
944	304.399997
945	304.3000102
946	303.9999902
947	304.1000068
948	304.1000068
949	304.1000068
950	303.9999902
951	304.1000068
952	304.1000068
953	304.3000102
954	304.399997
955	304.1000068
956	304.1000068
957	303.9999902
958	303.9000034
959	303.7
960	303.9999902
961	304.3000102
962	304.3000102
963	304.399997
964	304.6000004
965	304.399997
966	304.5000136
967	304.3000102
968	304.399997
969	304.6000004
970	304.6000004
971	304.6000004
972	304.399997
973	304.5000136
974	304.399997
975	304.3000102
976	304.1999936
977	304.1999936
978	304.1000068
979	304.1000068
980	304.1000068
981	304.1999936
982	304.1999936
983	304.1000068
984	304.1000068
985	304.1999936
986	304.399997
987	304.399997
988	304.5000136
989	304.6000004
990	304.6000004
991	304.6999872
992	304.8000038
993	304.6999872
994	304.6000004
995	304.6999872
996	304.8000038
997	304.8000038
998	304.8000038
999	304.8000038
1000	304.8000038
1001	304.8000038
1002	304.8000038
1003	304.8000038
1004	305.0000072
1005	304.8999906
1006	304.6999872
1007	304.399997
1008	304.5000136
1009	304.399997
1010	304.6000004
1011	304.6999872
1012	304.6999872
1013	304.8000038
1014	304.8000038
1015	304.8000038
1016	304.6999872
1017	304.6999872
1018	304.5000136
1019	304.6999872
1020	304.6000004
1021	304.6000004
1022	304.5000136
1023	304.399997
1024	304.3000102
1025	304.399997
1026	304.399997
1027	304.1000068
1028	303.9999902
1029	303.9000034
1030	303.7999868
1031	303.9000034
1032	303.9000034
1033	303.7
1034	303.7999868
1035	303.9999902
1036	303.9000034
1037	303.9999902
1038	303.7999868
1039	303.9999902
1040	303.9999902
1041	304.1999936
1042	304.399997
1043	304.6000004
1044	304.6000004
1045	304.6999872
1046	304.8000038
1047	304.8999906
1048	305.0999939
1049	305.2999973
1050	305.4000139
1051	305.5000007
1052	305.7999909
1053	305.9000075
1054	306.3000143
1055	306.8000078
1056	307.099998
1057	307.5000048
1058	308.2000017
1059	308.2999885
1060	308.8999987
1061	309.5000088
1062	310.2000058
1063	310.2000058
1064	310.6000125
1065	310.7999861
1066	311.1000061
1067	311.3000095
1068	311.5000129
1069	311.6999865
1070	312.0000064
1071	312.2000098
1072	312.0000064
1073	311.8000031
1074	311.8000031
1075	311.8000031
1076	311.8999898
1077	311.3999963
1078	310.9999895
1079	310.9000027
1080	310.9000027
1081	311.1999929
1082	311.3999963
1083	311.5000129
1084	311.5000129
1085	311.5999997
1086	311.6999865
1087	311.8000031
1088	312.2000098
1089	312.2000098
1090	312.2000098
1091	312.5
1092	312.2999966
1093	312.2000098
1094	312.2000098
1095	312.2000098
1096	312.2000098
1097	312.2000098
1098	312.2000098
1099	312.2999966
1100	312.2000098
1101	312.0000064
1102	311.6999865
1103	311.8000031
1104	311.8000031
1105	311.8000031
1106	312.0000064
1107	312.2000098
1108	312.0000064
1109	312.0000064
1110	311.8000031
1111	311.8999898
1112	311.8999898
1113	311.8000031
1114	311.8000031
1115	311.8999898
1116	312.0999932
1117	312.2999966
1118	312.0999932
1119	312.0000064
1120	312.2000098
1121	312.0000064
1122	312.0999932
1123	312.0000064
1124	311.8999898
1125	311.8000031
1126	311.8000031
1127	311.8000031
1128	311.6999865
1129	311.5000129
1130	311.5000129
1131	311.3000095
1132	311.5000129
1133	311.3999963
1134	311.5999997
1135	311.8000031
1136	311.8999898
1137	312.0999932
1138	312.0999932
1139	312.0999932
1140	312.0999932
1141	312.0000064
1142	311.8999898
1143	311.8000031
1144	311.8000031
1145	312.0000064
1146	312.2000098
1147	312.0000064
1148	312.0999932
1149	312.0000064
1150	312.0000064
1151	312.0999932
1152	312.5
1153	312.5
1154	312.5
1155	312.2999966
1156	312.2000098
1157	311.8999898
1158	311.8000031
1159	311.8000031
1160	311.8999898
1161	312.0000064
1162	312.0000064
1163	311.8999898
1164	312.0000064
1165	312.0000064
1166	312.2000098
1167	312.2999966
1168	312.0999932
1169	311.8999898
1170	311.8000031
1171	311.6999865
1172	311.5999997
1173	311.5000129
1174	311.5000129
1175	311.5000129
1176	311.5000129
1177	311.5000129
1178	311.5000129
1179	311.3000095
1180	311.5000129
1181	311.1999929
1182	311.1999929
1183	311.3999963
1184	311.5000129
1185	311.8000031
1186	311.8000031
1187	311.8000031
1188	311.8000031
1189	311.8000031
1190	311.6999865
1191	311.5000129
1192	311.6999865
1193	311.6999865
1194	311.5000129
1195	311.5000129
1196	311.5999997
1197	311.6999865
1198	311.6999865
1199	311.6999865
1200	311.8000031
1201	311.6999865
1202	311.8000031
1203	311.8000031
1204	312.0000064
1205	312.0999932
1206	312.2000098
1207	312.0999932
1208	311.8999898
1209	311.8000031
1210	311.8000031
1211	312.0000064
1212	312.0999932
1213	312.0000064
1214	311.8000031
1215	311.8000031
1216	311.5999997
1217	311.5999997
1218	311.5999997
1219	311.5999997
1220	311.6999865
1221	311.5999997
1222	311.3999963
1223	310.9000027
1224	310.9000027
1225	310.4999959
1226	310.2999926
1227	310.4000092
1228	310.6000125
1229	310.9999895
1230	311.3999963
1231	311.5000129
1232	311.3000095
1233	310.7999861
1234	309.5999956
1235	307.5000048
1236	306.400001
1237	303.4999967
1238	300.3000021
1239	296.9999909
1240	295.3999937
1241	292.1999991
1242	289.6000147
1243	288.7000144
1244	287.0999873
1245	285.80001
1246	285.1999998
1247	284.9000096
1248	284.5999897
1249	284.9000096
1250	285.6999934
1251	286.1000001
1252	287.2000039
1253	288.1000042
1254	289.0999913
1255	289.7000015
1256	290.8000052
1257	291.7999923
1258	292.6999927
1259	293.1999862
1260	293.900013
1261	294.6999967
1262	295.1000035
1263	295.599997
1264	296.2000072
1265	296.9000041
1266	297.1999943
1267	297.8000045
1268	298.299998
1269	298.5999882
1270	298.9000082
1271	298.999995
1272	299.2999852
1273	299.4000018
1274	299.4999886
1275	299.6000051
1276	299.6000051
1277	300.0000119
1278	300.3000021
1279	300.3999889
1280	300.5999923
1281	300.7999957
1282	300.7999957
1283	301.0999858
1284	301.4000058
1285	301.4999926
1286	301.4999926
1287	301.4999926
1288	301.4999926
1289	301.4999926
1290	301.8999994
1291	301.9999862
1292	301.9999862
1293	302.1999896
1294	302.1999896
1295	302.3000062
1296	302.3999929
1297	302.1999896
1298	302.3999929
1299	302.3999929
1300	302.1999896
1301	302.1999896
1302	302.3999929
1303	302.3999929
1304	302.5000095
1305	302.3999929
1306	302.3999929
1307	302.3000062
1308	302.3999929
1309	302.3999929
1310	302.5000095
1311	302.5999963
1312	302.7999997
1313	303.0000031
1314	303.2000065
1315	303.0999899
1316	303.2000065
1317	303.0999899
1318	303.2000065
1319	303.2000065
1320	303.0999899
1321	303.0000031
1322	303.2000065
1323	303.2000065
1324	303.2999933
1325	303.4999967
1326	303.4000099
1327	303.2999933
1328	303.2999933
1329	303.4999967
1330	303.2999933
1331	303.2999933
1332	303.4000099
1333	303.4000099
1334	303.6000133
1335	303.6000133
1336	303.6000133
1337	303.7
1338	303.7
1339	303.6000133
1340	303.4999967
1341	303.4000099
1342	303.2999933
1343	303.2999933
1344	303.4999967
1345	303.4999967
1346	303.4999967
1347	303.4999967
1348	303.4999967
1349	303.4999967
1350	303.4999967
1351	303.4000099
1352	303.4999967
1353	303.7
1354	303.4999967
1355	303.4999967
1356	303.4999967
1357	303.7999868
1358	303.7999868
1359	303.7999868
1360	303.9999902
1361	303.9999902
1362	303.9999902
1363	304.1000068
1364	304.1000068
1365	304.1000068
1366	304.1000068
1367	303.7999868
1368	303.9999902
1369	303.7999868
1370	303.7
1371	303.4999967
1372	303.7999868
1373	303.7
1374	303.7
1375	303.7
1376	303.7999868
1377	303.7999868
1378	303.7999868
1379	303.7
1380	303.4999967
1381	303.6000133
1382	303.4999967
1383	303.4999967
1384	303.4999967
1385	303.6000133
1386	303.7
1387	303.7
1388	303.7999868
1389	303.7999868
1390	303.7
1391	303.7999868
1392	303.9999902
1393	303.9000034
1394	304.1000068
1395	304.1999936
1396	304.1000068
1397	304.1000068
1398	304.1000068
1399	304.1000068
1400	304.1000068
1401	304.1000068
1402	303.7
1403	304.1000068
1404	303.9999902
1405	303.9999902
1406	303.9999902
1407	304.1000068
1408	304.1000068
1409	304.1000068
1410	304.1000068
1411	304.1000068
1412	304.1000068
1413	304.1000068
1414	303.7999868
1415	303.7999868
1416	303.7999868
1417	303.7999868
1418	303.7999868
1419	303.6000133
1420	303.4999967
1421	303.2000065
1422	303.2999933
1423	303.2000065
1424	303.2000065
1425	303.2999933
1426	303.4999967
1427	303.2999933
1428	303.4000099
1429	303.4999967
1430	303.7999868
1431	303.7999868
1432	304.1000068
1433	304.1000068
1434	304.1000068
1435	304.1000068
1436	304.1000068
1437	304.1999936
1438	304.1999936
1439	304.1999936
1440	303.9999902
1441	303.9999902
1442	303.7999868
1443	303.7
1444	303.6000133
1445	303.9000034
1446	303.9000034
1447	303.9000034
1448	304.1000068
1449	303.9999902
1450	303.9999902
1451	303.7
1452	303.4999967
1453	303.4999967
1454	303.6000133
1455	303.7
1456	303.7999868
1457	303.9999902
1458	303.9000034
1459	303.7999868
1460	303.9999902
1461	303.7
1462	303.4999967
1463	303.4000099
1464	303.0999899
1465	303.0000031
1466	303.2000065
1467	303.2000065
1468	303.2000065
1469	303.2000065
1470	303.2999933
1471	303.4000099
1472	303.6000133
1473	303.7
1474	303.6000133
1475	303.6000133
1476	303.4999967
1477	303.4999967
1478	303.4999967
1479	303.4999967
1480	303.6000133
1481	303.7999868
1482	303.7
1483	303.7999868
1484	303.7
1485	303.6000133
1486	303.6000133
1487	303.4999967
1488	303.4000099
1489	303.4000099
1490	303.2999933
1491	303.4000099
1492	303.7
1493	303.9000034
1494	303.7999868
1495	303.9000034
1496	303.9000034
1497	303.9000034
1498	303.7
1499	303.7
1500	303.7999868
1501	303.6000133
1502	303.4999967
1503	303.4000099
1504	303.2999933
1505	303.6000133
1506	303.7999868
1507	303.9000034
1508	303.9000034
1509	303.9000034
1510	303.7999868
1511	303.9999902
1512	304.1000068
1513	303.9999902
1514	304.1000068
1515	304.1000068
1516	303.9999902
1517	303.9999902
1518	304.1000068
1519	304.1999936
1520	304.5000136
1521	304.5000136
1522	304.6000004
1523	304.8000038
1524	304.8999906
1525	305.0999939
1526	305.2000105
1527	305.2000105
1528	305.7000041
1529	306.400001
1530	307.2000146
1531	307.7000082
1532	308.4000051
1533	308.6999953
1534	309.3999922
1535	309.5999956
1536	309.8999858
1537	310.0000024
1538	310.2000058
1539	310.4999959
1540	310.6000125
1541	310.6999993
1542	310.9000027
1543	310.9999895
1544	311.1999929
1545	311.5000129
1546	311.3999963
1547	311.5000129
1548	311.1999929
1549	310.9000027
1550	311.1999929
1551	311.1000061
1552	311.3000095
1553	311.3999963
1554	311.5000129
1555	311.5999997
1556	311.6999865
1557	311.5999997
1558	311.6999865
1559	311.5999997
1560	311.3000095
1561	311.3000095
1562	311.3999963
1563	311.5000129
1564	311.5000129
1565	311.5999997
1566	311.5999997
1567	311.5999997
1568	311.5000129
1569	311.3999963
1570	311.3000095
1571	311.3999963
1572	311.3999963
1573	311.5000129
1574	311.3000095
1575	311.3000095
1576	311.1999929
1577	311.1999929
1578	310.9999895
1579	310.9999895
1580	310.9000027
1581	310.6999993
1582	310.6999993
1583	310.7999861
1584	310.7999861
1585	310.6999993
1586	310.6999993
1587	310.7999861
1588	310.7999861
1589	310.9000027
1590	310.9999895
1591	310.9000027
1592	310.9999895
1593	311.1000061
1594	311.1000061
1595	310.9999895
1596	310.9999895
1597	310.6999993
1598	310.6000125
1599	310.6999993
1600	310.6999993
1601	310.9000027
1602	311.1999929
1603	311.1000061
1604	311.1999929
1605	311.1999929
1606	310.9999895
1607	310.9000027
1608	310.9000027
1609	310.6000125
1610	310.4000092
1611	310.4000092
1612	310.2000058
1613	310.2999926
1614	310.4000092
1615	310.6000125
1616	310.7999861
1617	310.9000027
1618	310.9000027
1619	310.9999895
1620	310.9999895
1621	311.1999929
1622	311.1000061
1623	311.1999929
1624	310.9999895
1625	310.9000027
1626	310.9000027
1627	310.7999861
1628	310.6999993
1629	310.6999993
1630	310.7999861
1631	310.6999993
1632	310.6000125
1633	310.4000092
1634	310.4000092
1635	310.6000125
1636	310.4999959
1637	310.4999959
1638	310.6000125
1639	310.7999861
1640	310.9999895
1641	311.1999929
1642	311.1000061
1643	311.1000061
1644	311.1000061
1645	311.1999929
1646	310.9999895
1647	310.9000027
1648	310.6999993
1649	310.9000027
1650	310.9000027
1651	310.9000027
1652	310.6999993
1653	310.6000125
1654	310.7999861
1655	310.6999993
1656	310.7999861
1657	310.6000125
1658	310.6999993
1659	310.7999861
1660	310.9000027
1661	311.1000061
1662	310.9999895
1663	310.9000027
1664	310.9000027
1665	310.9000027
1666	310.9999895
1667	310.9999895
1668	310.9000027
1669	310.9999895
1670	311.1000061
1671	311.1999929
1672	311.1999929
1673	311.1999929
1674	311.1999929
1675	310.9000027
1676	310.7999861
1677	310.9000027
1678	310.9999895
1679	310.9000027
1680	310.9000027
1681	310.9000027
1682	310.9000027
1683	310.9999895
1684	310.9000027
1685	310.9000027
1686	310.9000027
1687	310.9000027
1688	310.9000027
1689	310.9999895
1690	311.1000061
1691	310.9000027
1692	310.9000027
1693	310.7999861
1694	310.6000125
1695	310.2000058
1696	309.8999858
1697	309.5999956
1698	309.5000088
1699	309.3000054
1700	309.3000054
1701	309.3000054
1702	309.7000122
1703	309.7000122
1704	310.0999892
1705	310.2999926
1706	310.0999892
1707	309.5999956
1708	308.6000085
1709	306.6999912
1710	304.1999936
1711	302.7000129
1712	299.4999886
1713	296.299994
1714	292.899996
1715	291.2999988
1716	288.500011
1717	286.1999869
1718	284.799993
1719	284.2000127
1720	283.3000124
1721	282.9000056
1722	283.100009
1723	283.3000124
1724	283.6999893
1725	284.799993
1726	285.100013
1727	286.1999869
1728	287.0999873
1729	287.9999876
1730	288.3999944
1731	289.4000113
1732	290.3000116
1733	291.3999856
1734	291.9000089
1735	292.8000093
1736	293.3000028
1737	293.900013
1738	294.2000031
1739	294.6000099
1740	294.9999869
1741	295.3999937
1742	295.8000004
1743	296.299994
1744	296.7000008
1745	297.3000109
1746	297.5000143
1747	298.0000079
1748	298.0000079
1749	298.299998
1750	298.5999882
1751	298.5999882
1752	298.9000082
1753	299.1999984
1754	299.2999852
1755	299.2999852
1756	299.4999886
1757	299.6000051
1758	299.6999919
1759	299.8999953
1760	299.8000085
1761	299.6999919
1762	299.8000085
1763	300.0000119
1764	300.3000021
1765	300.1999855
1766	300.3999889
1767	300.3000021
1768	300.3000021
1769	300.3999889
1770	300.3000021
1771	300.3999889
1772	300.3999889
1773	300.3000021
1774	300.3000021
1775	300.5000055
1776	300.5999923
1777	300.9000123
1778	300.999999
1779	301.2000024
1780	301.2000024
1781	301.2000024
1782	301.4000058
1783	301.2999892
1784	301.2000024
1785	301.4999926
1786	301.2000024
1787	301.2000024
1788	301.2000024
1789	301.2000024
1790	301.4000058
1791	301.8000126
1792	301.8000126
1793	302.1999896
1794	301.8999994
1795	301.8999994
1796	301.8999994
1797	301.8999994
1798	302.1000028
1799	302.1999896
1800	302.1999896
1801	302.1999896
1802	302.3000062
1803	302.1999896
1804	302.1999896
1805	301.8999994
1806	302.1000028
1807	302.1000028
1808	301.8999994
1809	301.8999994
1810	302.1999896
1811	302.1999896
1812	302.1999896
1813	302.1000028
1814	302.1999896
1815	302.1999896
1816	302.1999896
1817	302.3000062
1818	302.5000095
1819	302.5000095
1820	302.5000095
1821	302.3000062
1822	302.5000095
1823	302.3999929
1824	302.1999896
1825	302.1999896
1826	302.1999896
1827	302.1999896
1828	302.1999896
1829	302.1999896
1830	302.3000062
1831	302.3999929
1832	302.5000095
1833	302.5000095
1834	302.5000095
1835	302.3000062
1836	302.3000062
1837	302.3000062
1838	302.3000062
1839	302.1999896
1840	302.1000028
1841	301.9999862
1842	301.8000126
1843	301.8999994
1844	301.8999994
1845	301.8999994
1846	301.8999994
1847	301.8999994
1848	301.9999862
1849	302.1999896
1850	302.3999929
1851	302.5000095
1852	302.7999997
1853	302.5999963
1854	302.5999963
1855	302.7000129
1856	302.5999963
1857	302.7000129
1858	302.7000129
1859	302.8999865
1860	302.5999963
1861	302.7000129
1862	302.5999963
1863	302.7999997
1864	302.7000129
1865	302.1999896
1866	302.1999896
1867	302.1999896
1868	302.1999896
1869	302.1999896
1870	302.1999896
1871	302.5000095
1872	302.3999929
1873	302.5000095
1874	302.7000129
1875	302.5000095
1876	302.5000095
1877	302.7000129
1878	302.5999963
1879	302.7999997
1880	302.7000129
1881	302.7000129
1882	302.3999929
1883	302.3000062
1884	302.1999896
1885	302.1000028
1886	302.1000028
1887	302.1999896
1888	302.3000062
1889	302.1999896
1890	302.3999929
1891	301.2999892
1892	301.2999892
1893	301.4999926
1894	301.699996
1895	301.6000092
1896	301.2999892
1897	301.2999892
1898	301.0999858
1899	300.9000123
1900	300.999999
1901	300.9000123
1902	300.999999
1903	300.9000123
1904	300.9000123
1905	300.5999923
1906	300.5999923
1907	300.5999923
1908	300.5999923
1909	300.9000123
1910	301.2000024
1911	301.0999858
1912	301.0999858
1913	300.999999
1914	301.2000024
1915	301.2000024
1916	301.2000024
1917	300.999999
1918	301.2000024
1919	300.999999
1920	300.9000123
1921	300.999999
1922	300.999999
1923	301.2000024
1924	301.2000024
1925	301.0999858
1926	300.9000123
1927	301.0999858
1928	300.9000123
1929	301.0999858
1930	301.2000024
1931	301.2000024
1932	301.4000058
1933	301.2000024
1934	300.999999
1935	300.999999
1936	301.0999858
1937	301.2000024
1938	300.999999
1939	301.2000024
1940	301.2000024
1941	301.4000058
1942	301.4999926
1943	301.4000058
1944	301.6000092
1945	301.8000126
1946	301.4999926
1947	301.2000024
1948	301.0999858
1949	301.2000024
1950	301.2999892
1951	301.0999858
1952	301.0999858
1953	301.2999892
1954	301.4000058
1955	301.6000092
1956	301.699996
1957	301.8000126
1958	301.6000092
1959	301.4999926
1960	301.4999926
1961	301.4000058
1962	301.4000058
1963	301.4999926
1964	301.2999892
1965	300.999999
1966	300.7000089
1967	300.9000123
1968	300.9000123
1969	300.7999957
1970	300.9000123
1971	300.9000123
1972	300.9000123
1973	300.999999
1974	301.2000024
1975	301.2000024
1976	301.0999858
1977	300.9000123
1978	300.9000123
1979	300.7000089
1980	300.9000123
1981	300.999999
1982	300.7999957
1983	300.7000089
1984	300.7000089
1985	300.7000089
1986	300.7000089
1987	300.9000123
1988	300.9000123
1989	300.9000123
1990	300.9000123
1991	300.9000123
1992	300.999999
1993	300.999999
1994	301.0999858
1995	300.9000123
1996	301.2000024
1997	301.0999858
1998	301.4999926
1999	301.699996
2000	301.8000126
2001	301.9999862
2002	302.3000062
2003	302.3000062
2004	302.3999929
2005	302.7999997
2006	303.0000031
2007	303.4000099
2008	303.4999967
2009	304.1000068
2010	304.6000004
2011	305.0999939
2012	305.5000007
2013	306.3000143
2014	307.3000014
2015	307.3000014
2016	307.5000048
2017	307.9999983
2018	308.2999885
2019	308.2999885
2020	308.6000085
2021	308.6000085
2022	308.8000119
2023	308.8999987
2024	308.9999855
2025	309.1000021
2026	309.3999922
2027	309.3999922
2028	309.5999956
2029	309.7000122
2030	309.7000122
2031	309.7000122
2032	309.5999956
2033	309.5000088
2034	309.3999922
2035	309.5000088
2036	309.5999956
2037	309.5999956
2038	309.3999922
2039	309.5999956
2040	309.5999956
2041	309.5999956
2042	309.7000122
2043	309.5999956
2044	309.5999956
2045	309.5000088
2046	309.5000088
2047	309.5999956
2048	309.3999922
2049	309.5000088
2050	309.3999922
2051	309.3000054
2052	309.1999888
2053	308.9999855
2054	309.3000054
2055	308.9999855
2056	308.9999855
2057	309.1999888
2058	309.3000054
2059	309.3000054
2060	309.3000054
2061	309.3000054
2062	309.1999888
2063	309.3000054
2064	309.1000021
2065	309.1000021
2066	308.9999855
2067	309.1000021
2068	309.1999888
2069	309.3000054
2070	309.3000054
2071	309.5999956
2072	309.799999
2073	309.7000122
2074	309.5999956
2075	309.3000054
2076	309.1000021
2077	308.9999855
2078	308.9999855
2079	308.9999855
2080	308.8999987
2081	308.8999987
2082	308.8999987
2083	308.8999987
2084	309.1000021
2085	309.1999888
2086	309.3000054
2087	309.3000054
2088	309.3000054
2089	309.5999956
2090	309.5000088
2091	309.5000088
2092	309.3999922
2093	309.5000088
2094	309.5000088
2095	309.1000021
2096	308.9999855
2097	308.8999987
2098	308.6000085
2099	308.8999987
2100	308.9999855
2101	308.9999855
2102	309.3000054
2103	309.3000054
2104	309.3000054
2105	309.5999956
2106	309.5999956
2107	309.7000122
2108	309.5999956
2109	309.5999956
2110	309.5000088
2111	309.5999956
2112	309.7000122
2113	309.799999
2114	309.5999956
2115	309.5999956
2116	308.9999855
2117	308.6000085
2118	308.6000085
2119	308.6999953
2120	308.6000085
2121	308.8999987
2122	309.1000021
2123	309.1999888
2124	309.1999888
2125	309.3999922
2126	309.5999956
2127	309.5000088
2128	309.5999956
2129	309.5000088
2130	309.5000088
2131	309.5000088
2132	309.5000088
2133	309.3999922
2134	309.5999956
2135	309.7000122
2136	309.799999
2137	309.5999956
2138	309.3000054
2139	308.9999855
2140	309.1999888
2141	309.1000021
2142	309.1999888
2143	309.5999956
2144	309.5000088
2145	309.1999888
2146	309.1000021
2147	309.1000021
2148	309.3000054
2149	309.3000054
2150	309.3999922
2151	309.5999956
2152	309.5999956
2153	309.799999
2154	309.7000122
2155	309.5999956
2156	309.3999922
2157	309.5000088
2158	309.5000088
2159	309.3000054
2160	309.1000021
2161	309.1999888
2162	309.3000054
2163	309.3000054
2164	309.3000054
2165	309.3000054
2166	309.3999922
2167	309.3999922
2168	309.3000054
2169	309.3000054
2170	309.3000054
2171	309.5000088
2172	309.5999956
2173	309.5999956
2174	309.5999956
2175	309.3000054
2176	308.8999987
2177	308.6999953
2178	308.0999851
2179	308.2000017
2180	308.2999885
2181	308.4000051
2182	308.6000085
2183	308.9999855
2184	308.8999987
2185	309.3000054
2186	309.3000054
2187	308.2999885
2188	307.5999916
2189	305.7000041
2190	303.2999933
2191	300.3000021
2192	298.299998
2193	294.8000133
2194	291.0999954
2195	288.1000042
2196	286.9000137
2197	284.5000029
2198	283.100009
2199	282.2999954
2200	282.0000052
2201	282.0000052
2202	282.099992
2203	282.4999988
2204	282.9000056
2205	283.8000059
2206	284.9000096
2207	285.100013
2208	286.0000134
2209	286.7000103
2210	287.6999974
2211	288.1000042
2212	289.2999947
2213	290.3000116
2214	291.0000086
2215	291.5000021
2216	292.1999991
2217	292.899996
2218	293.3000028
2219	293.5000062
2220	293.7999964
2221	294.2000031
2222	294.8000133
2223	295.1000035
2224	295.599997
2225	296.0999906
2226	296.299994
2227	296.2000072
2228	296.4000106
2229	296.7000008
2230	296.9000041
2231	297.3000109
2232	297.6000011
2233	297.5000143
2234	297.6000011
2235	297.5000143
2236	297.6999879
2237	297.8000045
2238	298.0000079
2239	298.299998
2240	298.4000146
2241	298.5000014
2242	298.7000048
2243	298.999995
2244	299.1000116
2245	299.4000018
2246	299.2999852
2247	299.2999852
2248	299.2999852
2249	299.2999852
2250	299.4000018
2251	299.4000018
2252	299.6000051
2253	299.6000051
2254	299.8000085
2255	299.6999919
2256	299.6999919
2257	299.6000051
2258	299.6000051
2259	299.8999953
2260	299.8999953
2261	300.1999855
2262	300.3000021
2263	300.3000021
2264	300.3999889
2265	300.3999889
2266	300.3000021
2267	300.3000021
2268	300.0999987
2269	300.3000021
2270	300.0999987
2271	300.0999987
2272	300.3000021
2273	300.3000021
2274	300.3000021
2275	300.3999889
2276	300.3999889
2277	300.3000021
2278	300.1999855
2279	300.1999855
2280	300.3000021
2281	300.3000021
2282	300.3000021
2283	300.3000021
2284	300.3999889
2285	300.5999923
2286	300.7000089
2287	300.5999923
2288	300.7000089
2289	300.7000089
2290	300.7000089
2291	300.5999923
2292	300.5000055
2293	300.3999889
2294	300.5999923
2295	300.5999923
2296	300.9000123
2297	300.9000123
2298	300.9000123
2299	300.9000123
2300	300.7000089
2301	300.5999923
2302	300.5999923
2303	300.5999923
2304	300.5999923
2305	301.0999858
2306	301.0999858
2307	301.2000024
2308	300.999999
2309	300.7999957
2310	300.7000089
2311	300.7999957
2312	300.7000089
2313	300.7999957
2314	300.7999957
2315	300.9000123
2316	300.9000123
2317	300.999999
2318	300.999999
2319	300.9000123
2320	300.7999957
2321	300.7000089
2322	300.7999957
2323	300.7000089
2324	300.5999923
2325	300.5000055
2326	300.5000055
2327	300.7000089
2328	300.7000089
2329	300.7000089
2330	300.5999923
2331	300.7999957
2332	301.0999858
2333	300.9000123
2334	300.9000123
2335	300.9000123
2336	300.9000123
2337	300.7000089
2338	300.7999957
2339	300.7999957
2340	300.5000055
2341	300.3000021
2342	300.0000119
2343	299.6000051
2344	299.2999852
2345	298.999995
2346	299.1999984
2347	299.2999852
2348	299.4999886
2349	299.6000051
2350	299.6999919
2351	299.4999886
2352	299.2999852
2353	299.2999852
2354	298.999995
2355	299.1000116
2356	299.2999852
2357	299.1999984
2358	299.1999984
2359	298.7999916
2360	298.4000146
2361	298.299998
2362	298.0000079
2363	298.299998
2364	298.2000113
2365	296.9999909
2366	294.9000001
2367	292.2999859
2368	290.6999886
2369	287.4000072
2370	283.6000025
2371	279.3000042
2372	277.3000002
2373	273.4000087
2374	270.3000009
2375	267.6999867
2376	266.7999864
2377	265.3000057
2378	263.9999986
2379	262.6000047
2380	261.9999945
2381	259.9999905
2382	258.1999898
2383	257.0999861
2384	256.3999891
2385	255.1999986
2386	254.2000115
2387	254.2000115
2388	254.2000115
2389	254.5999885
2390	255.2999854
2391	256.0000122
2392	257.4999928
2393	258.7000132
2394	259.0999901
2395	259.0000033
2396	257.8999996
2397	256.1999857
2398	254.2999983
2399	252.9000044
2400	250.9000003
2401	250.4000068
2402	253.6000013
2403	256.1999857
2404	263.5999918
2405	270.5000043
2406	276.1000097
2407	278.1000137
2408	280.6000113
2409	281.3999951
2410	280.9999883
2411	279.5000076
2412	276.8000066
2413	273.9000022
2414	272.5999951
2415	271.600008
2416	275.2000093
2417	280.9000015
2418	281.5999985
2419	285.80001
2420	288.1000042
2421	288.7000144
2422	289.6000147
2423	291.5000021
2424	292.1999991
2425	292.4000025
2426	292.2999859
2427	292.1999991
2428	292.1999991
2429	292.2999859
2430	292.1999991
2431	292.899996
2432	293.9999998
2433	299.8999953
2434	296.4000106
2435	297.6999879
2436	298.5000014
2437	298.4000146
2438	297.8000045
2439	298.0000079
2440	298.4000146
2441	298.4000146
2442	298.299998
2443	298.5999882
2444	298.999995
2445	298.999995
2446	298.999995
2447	299.2999852
2448	299.4000018
2449	299.4999886
2450	299.4999886
2451	299.4999886
2452	299.6999919
2453	299.8000085
2454	299.8999953
2455	300.0999987
2456	300.3000021
2457	300.3000021
2458	300.0000119
2459	300.3000021
2460	300.5000055
2461	300.5999923
2462	300.5000055
2463	300.7999957
2464	300.7999957
2465	301.2000024
2466	301.2999892
2467	301.2999892
2468	301.2999892
2469	301.2000024
2470	301.2000024
2471	301.9999862
2472	302.3000062
2473	301.9999862
2474	302.3000062
2475	302.1000028
2476	301.8999994
2477	302.1000028
2478	302.3000062
2479	302.3999929
2480	302.3000062
2481	302.1000028
2482	302.5000095
2483	302.5000095
2484	302.5000095
2485	302.7000129
2486	303.0999899
2487	303.7
2488	303.7999868
2489	304.1000068
2490	304.399997
2491	304.399997
2492	304.8999906
2493	305.5000007
2494	306.1000109
2495	306.400001
2496	307.3000014
2497	307.5000048
2498	307.3000014
2499	307.3000014
2500	307.5000048
2501	307.7000082
2502	307.5999916
2503	307.3999882
2504	307.5999916
2505	307.099998
2506	307.099998
2507	307.0000112
2508	307.099998
2509	307.2000146
2510	307.3000014
2511	307.5000048
2512	307.3000014
2513	307.3999882
2514	307.3999882
2515	307.7000082
2516	307.7000082
2517	307.5000048
2518	307.5000048
2519	307.5000048
2520	307.5000048
2521	307.3999882
2522	307.3000014
2523	307.3000014
2524	307.5000048
2525	307.5999916
2526	307.7000082
2527	308.2000017
2528	308.0999851
2529	308.2999885
2530	308.0999851
2531	307.7999949
2532	307.9000115
2533	307.9999983
2534	308.2000017
2535	307.9999983
2536	308.0999851
2537	307.9999983
2538	307.7000082
2539	307.3000014
2540	307.3000014
2541	307.2000146
2542	307.2000146
2543	307.5000048
2544	307.5000048
2545	307.3999882
2546	307.7000082
2547	307.9999983
2548	307.9000115
2549	308.2000017
2550	307.9999983
2551	308.0999851
2552	307.9999983
2553	307.9999983
2554	308.2999885
2555	308.2999885
2556	308.4000051
2557	308.2999885
2558	308.4000051
2559	308.4000051
2560	308.2999885
2561	308.2999885
2562	307.9999983
2563	307.9999983
2564	308.2999885
2565	307.9000115
2566	307.7999949
2567	307.9000115
2568	307.7999949
2569	307.7999949
2570	307.7000082
2571	307.9000115
2572	307.5999916
2573	307.7000082
2574	307.9999983
2575	307.9999983
2576	307.7999949
2577	307.7000082
2578	307.5999916
2579	307.5000048
2580	307.7000082
2581	307.3000014
2582	307.5000048
2583	307.3999882
2584	307.5999916
2585	307.7000082
2586	307.5999916
2587	307.5999916
2588	307.9000115
2589	308.0999851
2590	308.2999885
2591	308.0999851
2592	308.2000017
2593	308.2999885
2594	308.2999885
2595	308.4000051
2596	308.4000051
2597	308.4999919
2598	308.6000085
2599	308.6000085
2600	308.4000051
2601	308.6000085
2602	308.4000051
2603	308.4999919
2604	308.2999885
2605	308.0999851
2606	308.0999851
2607	307.9999983
2608	307.7999949
2609	307.7000082
2610	307.7999949
2611	307.7000082
2612	307.7000082
2613	307.7999949
2614	308.0999851
2615	308.2999885
2616	308.4000051
2617	308.2999885
2618	308.2999885
2619	308.2999885
2620	308.4000051
2621	308.4999919
2622	308.4999919
2623	308.2999885
2624	307.9999983
2625	307.7000082
2626	307.5999916
2627	307.099998
2628	307.0000112
2629	307.0000112
2630	307.099998
2631	307.0000112
2632	307.3000014
2633	307.2000146
2634	307.3999882
2635	307.2000146
2636	307.3000014
2637	307.3000014
2638	307.5999916
2639	307.3000014
2640	307.3000014
2641	307.099998
2642	306.8999946
2643	306.6999912
2644	306.6999912
2645	306.8999946
2646	306.6999912
2647	307.099998
2648	307.099998
2649	306.8000078
2650	306.8999946
2651	307.5999916
2652	307.7000082
2653	308.2000017
2654	308.4000051
2655	308.8000119
2656	308.8999987
2657	309.1999888
2658	309.5000088
2659	309.7000122
2660	309.799999
2661	309.799999
2662	309.5999956
2663	309.3999922
2664	308.6000085
2665	307.3000014
2666	305.4000139
2667	304.1000068
2668	301.6000092
2669	299.4000018
2670	296.9999909
2671	296.0999906
2672	293.9999998
2673	291.9999957
2674	290.199995
2675	289.4999981
2676	288.3000076
2677	287.6999974
2678	287.2999907
2679	287.0999873
2680	287.0000005
2681	287.0000005
2682	287.6999974
2683	287.9999876
2684	288.3000076
2685	288.8000011
2686	289.0000045
2687	289.4999981
2688	289.9999917
2689	290.899992
2690	291.2999988
2691	291.9000089
2692	292.6999927
2693	293.1999862
2694	293.5000062
2695	294.0999866
2696	294.4999933
2697	294.9000001
2698	295.1000035
2699	295.7000136
2700	296.0000038
2701	296.299994
2702	296.4999974
2703	296.9000041
2704	297.1999943
2705	297.3999977
2706	297.3000109
2707	297.6000011
2708	298.0000079
2709	298.0000079
2710	298.299998
2711	298.299998
2712	298.299998
2713	298.5999882
2714	298.9000082
2715	299.1000116
2716	299.4999886
2717	299.4999886
2718	299.6000051
2719	299.6000051
2720	299.6999919
2721	299.6999919
2722	299.6000051
2723	299.8000085
2724	299.8000085
2725	300.0000119
2726	300.3000021
2727	300.3999889
2728	300.5000055
2729	300.5999923
2730	300.5000055
2731	300.5000055
2732	300.5999923
2733	300.5000055
2734	300.5999923
2735	300.9000123
2736	300.7999957
2737	300.9000123
2738	300.9000123
2739	301.0999858
2740	301.0999858
2741	301.2000024
2742	301.2000024
2743	301.0999858
2744	301.2000024
2745	301.2999892
2746	301.4000058
2747	301.2999892
2748	301.4999926
2749	301.4999926
2750	301.4999926
2751	301.6000092
2752	301.4999926
2753	301.4000058
2754	301.2999892
2755	301.4000058
2756	301.2000024
2757	301.4000058
2758	301.4999926
2759	301.4999926
2760	301.2999892
2761	301.2999892
2762	301.4000058
2763	301.4000058
2764	301.4999926
2765	301.4999926
2766	301.4999926
2767	301.4999926
2768	301.4000058
2769	301.6000092
2770	301.4999926
2771	301.4999926
2772	301.8999994
2773	302.1000028
2774	301.8999994
2775	302.1000028
2776	302.3000062
2777	302.3000062
2778	302.3999929
2779	302.5000095
2780	302.3999929
2781	302.1999896
2782	302.1999896
2783	302.1999896
2784	301.9999862
2785	302.1999896
2786	302.3999929
2787	302.3999929
2788	302.1999896
2789	302.1999896
2790	302.3000062
2791	302.3999929
2792	302.5000095
2793	302.5000095
2794	302.5000095
2795	302.5000095
2796	302.5000095
2797	302.5999963
2798	302.5000095
2799	302.5999963
2800	302.5000095
2801	302.5000095
2802	302.3999929
2803	302.5000095
2804	302.5000095
2805	302.5999963
2806	302.5000095
2807	302.5000095
2808	302.1999896
2809	302.3999929
2810	302.5000095
2811	302.5000095
2812	302.5000095
2813	302.5000095
2814	302.5000095
2815	302.5000095
2816	302.7000129
2817	302.7999997
2818	302.7999997
2819	303.0000031
2820	302.8999865
2821	302.7999997
2822	302.7999997
2823	302.8999865
2824	302.7999997
2825	302.7999997
2826	302.7999997
2827	303.0000031
2828	302.8999865
2829	302.7999997
2830	302.7999997
2831	302.7999997
2832	302.7999997
2833	302.7000129
2834	302.7000129
2835	302.7999997
2836	302.7999997
2837	302.5000095
2838	302.5999963
2839	302.5999963
2840	302.7999997
2841	302.7000129
2842	302.7999997
2843	302.8999865
2844	302.8999865
2845	302.8999865
2846	302.7999997
2847	302.7999997
2848	302.8999865
2849	302.8999865
2850	302.8999865
2851	302.8999865
2852	303.2000065
2853	303.2000065
2854	303.0999899
2855	303.2000065
2856	303.0999899
2857	302.7999997
2858	302.8999865
2859	303.0999899
2860	303.0000031
2861	302.8999865
2862	303.0999899
2863	303.0999899
2864	303.2000065
2865	303.0999899
2866	302.7999997
2867	302.7999997
2868	302.7000129
2869	302.7999997
2870	302.7999997
2871	302.8999865
2872	302.7000129
2873	303.0000031
2874	302.7999997
2875	303.0000031
2876	302.7999997
2877	302.7999997
2878	302.7999997
2879	302.8999865
2880	302.8999865
2881	302.8999865
2882	303.0999899
2883	302.8999865
2884	303.0000031
2885	302.8999865
2886	302.8999865
2887	303.2000065
2888	303.0000031
2889	303.2000065
2890	303.2999933
2891	303.4000099
2892	303.2999933
2893	303.2000065
2894	303.2000065
2895	303.4000099
2896	303.4000099
2897	303.2999933
2898	303.2999933
2899	303.2999933
2900	303.2000065
2901	303.2000065
2902	303.2000065
2903	303.0999899
2904	303.0999899
2905	303.0000031
2906	303.2000065
2907	303.2000065
2908	303.0999899
2909	303.0000031
2910	303.0999899
2911	302.7999997
2912	302.7999997
2913	302.7999997
2914	302.7999997
2915	302.8999865
2916	303.0000031
2917	303.2000065
2918	303.0999899
2919	302.7999997
2920	303.0000031
2921	302.7999997
2922	302.8999865
2923	302.8999865
2924	303.0000031
2925	303.0000031
2926	303.0999899
2927	303.0999899
2928	303.2000065
2929	303.2999933
2930	303.2000065
2931	303.2999933
2932	303.2000065
2933	303.0999899
2934	303.0999899
2935	303.2000065
2936	303.2000065
2937	303.2000065
2938	303.4999967
2939	303.0999899
2940	303.2000065
2941	303.0000031
2942	303.0000031
2943	303.0999899
2944	303.2000065
2945	303.4999967
2946	303.7
2947	303.4999967
2948	303.2999933
2949	303.4999967
2950	303.4000099
2951	303.2000065
2952	303.0999899
2953	302.8999865
2954	303.2000065
2955	303.4000099
2956	303.4999967
2957	303.6000133
2958	303.9000034
2959	303.9000034
2960	304.1999936
2961	304.399997
2962	304.6000004
2963	305.0000072
2964	305.5999875
2965	305.9000075
2966	306.1999977
2967	306.4999878
2968	306.6999912
2969	306.8000078
2970	307.0000112
2971	307.0000112
2972	307.3000014
2973	307.2000146
2974	307.099998
2975	306.8999946
2976	306.8000078
2977	306.8999946
2978	306.8000078
2979	307.0000112
2980	307.099998
2981	307.3000014
2982	307.2000146
2983	307.0000112
2984	307.0000112
2985	307.0000112
2986	306.8999946
2987	306.6999912
2988	306.8000078
2989	306.6999912
2990	306.6999912
2991	306.6999912
2992	307.0000112
2993	307.099998
2994	307.5000048
2995	307.5000048
2996	307.7000082
2997	307.7999949
2998	307.7999949
2999	307.7000082
3000	307.7000082
3001	307.7999949
3002	307.7999949
3003	307.7000082
3004	307.7999949
3005	307.9999983
3006	307.7000082
3007	307.5999916
3008	307.5999916
3009	307.5999916
3010	307.7000082
3011	307.7000082
3012	307.7000082
3013	307.5000048
3014	307.3000014
3015	307.3999882
3016	307.5000048
3017	307.5000048
3018	307.7000082
3019	307.5000048
3020	307.3999882
3021	307.3999882
3022	307.5000048
3023	307.7000082
3024	307.7999949
3025	307.5999916
3026	307.5000048
3027	307.3000014
3028	307.3000014
3029	307.3000014
3030	307.2000146
3031	307.2000146
3032	307.3000014
3033	307.5999916
3034	307.5000048
3035	307.5000048
3036	307.5000048
3037	307.7999949
3038	307.7000082
3039	307.9999983
3040	307.7000082
3041	307.5999916
3042	307.5999916
3043	307.7000082
3044	307.7000082
3045	307.3999882
3046	307.3000014
3047	307.3000014
3048	307.3000014
3049	307.3999882
3050	307.3000014
3051	307.3999882
3052	307.5000048
3053	307.7000082
3054	307.7000082
3055	307.7000082
3056	307.7000082
3057	307.5000048
3058	307.5000048
3059	307.3000014
3060	307.3999882
3061	307.5000048
3062	307.3999882
3063	307.5000048
3064	307.3999882
3065	307.3999882
3066	307.5000048
3067	307.3000014
3068	307.3000014
3069	307.3000014
3070	307.3999882
3071	307.3000014
3072	307.3999882
3073	307.3000014
3074	307.3999882
3075	307.5000048
3076	307.5999916
3077	307.5999916
3078	307.3000014
3079	307.3999882
3080	307.3000014
3081	307.3999882
3082	307.3999882
3083	307.3999882
3084	307.3999882
3085	307.3000014
3086	307.3000014
3087	307.3000014
3088	307.5999916
3089	307.5999916
3090	307.3000014
3091	307.3000014
3092	307.3000014
3093	307.3000014
3094	307.2000146
3095	307.3000014
3096	307.3000014
3097	307.3000014
3098	307.5999916
3099	307.7000082
3100	307.7000082
3101	307.5999916
3102	307.7000082
3103	307.7999949
3104	307.9000115
3105	307.9999983
3106	307.9999983
3107	308.2000017
3108	308.0999851
3109	307.9999983
3110	307.9000115
3111	307.9999983
3112	307.9000115
3113	307.7999949
3114	307.5999916
3115	307.7000082
3116	307.3000014
3117	307.2000146
3118	307.0000112
3119	307.0000112
3120	306.8999946
3121	306.8999946
3122	306.8000078
3123	306.6999912
3124	306.6999912
3125	306.6999912
3126	307.0000112
3127	307.2000146
3128	307.5999916
3129	307.9000115
3130	308.0999851
3131	308.4000051
3132	308.8000119
3133	308.8999987
3134	308.8999987
3135	308.8000119
3136	308.4000051
3137	307.7000082
3138	306.4999878
3139	305.7999909
3140	304.3000102
3141	302.5000095
3142	300.5000055
3143	299.4999886
3144	297.5000143
3145	295.5000103
3146	294.6999967
3147	293.1999862
3148	291.9000089
3149	290.899992
3150	290.899992
3151	290.3000116
3152	290.4999852
3153	290.3999984
3154	290.3000116
3155	290.6000018
3156	290.899992
3157	291.3999856
3158	291.5999889
3159	292.1000123
3160	292.4000025
3161	292.899996
3162	293.0999994
3163	293.7999964
3164	294.2000031
3165	294.6999967
3166	294.9999869
3167	295.7000136
3168	295.8999872
3169	296.2000072
3170	296.7000008
3171	296.9999909
3172	297.3999977
3173	297.6000011
3174	297.6999879
3175	298.0000079
3176	298.299998
3177	298.299998
3178	298.5999882
3179	298.999995
3180	299.1000116
3181	299.1999984
3182	299.2999852
3183	299.6000051
3184	299.8000085
3185	300.0999987
3186	300.0999987
3187	300.0999987
3188	300.1999855
3189	300.1999855
3190	300.3000021
3191	300.5000055
3192	300.5999923
3193	300.9000123
3194	300.9000123
3195	300.9000123
3196	301.0999858
3197	301.2000024
3198	301.2000024
3199	301.2999892
3200	301.4999926
3201	301.4000058
3202	301.4000058
3203	301.4000058
3204	301.4999926
3205	301.4999926
3206	301.2999892
3207	301.4999926
3208	301.4999926
3209	301.6000092
3210	301.8999994
3211	301.8999994
3212	301.8999994
3213	301.699996
3214	301.6000092
3215	301.6000092
3216	301.8000126
3217	301.8000126
3218	301.699996
3219	301.8000126
3220	301.8000126
3221	301.8000126
3222	301.8000126
3223	301.699996
3224	301.699996
3225	301.8999994
3226	301.8999994
3227	301.8999994
3228	301.8000126
3229	301.8999994
3230	302.1999896
3231	302.1999896
3232	302.1999896
3233	302.5000095
3234	302.3999929
3235	302.1999896
3236	302.3999929
3237	302.5000095
3238	302.3999929
3239	302.3000062
3240	302.1999896
3241	302.1000028
3242	302.1000028
3243	302.1000028
3244	301.9999862
3245	302.1999896
3246	302.1000028
3247	302.1999896
3248	302.1999896
3249	302.1999896
3250	302.3000062
3251	302.5999963
3252	302.7999997
3253	302.5999963
3254	302.5999963
3255	302.5999963
3256	302.7000129
3257	302.7999997
3258	302.7999997
3259	303.2000065
3260	303.2999933
3261	303.7999868
3262	303.4000099
3263	303.4999967
3264	303.2999933
3265	303.4000099
3266	303.2000065
3267	303.2000065
3268	303.2000065
3269	303.2000065
3270	303.2000065
3271	303.0999899
3272	303.0999899
3273	303.0999899
3274	303.0999899
3275	303.0999899
3276	303.2999933
3277	303.2000065
3278	303.0999899
3279	303.0999899
3280	302.8999865
3281	303.0000031
3282	302.8999865
3283	302.8999865
3284	303.0999899
3285	303.2000065
3286	303.0999899
3287	302.8999865
3288	302.7999997
3289	302.7999997
3290	302.8999865
3291	302.7999997
3292	303.0000031
3293	303.0000031
3294	303.2000065
3295	303.4999967
3296	303.4999967
3297	303.4999967
3298	303.6000133
3299	303.4999967
3300	303.4999967
3301	303.4000099
3302	303.4999967
3303	303.4999967
3304	303.4999967
3305	303.6000133
3306	303.6000133
3307	303.4999967
3308	303.4999967
3309	303.2999933
3310	303.2000065
3311	303.2999933
3312	303.4999967
3313	303.4000099
3314	303.4000099
3315	303.2000065
3316	303.2000065
3317	303.2999933
3318	303.2000065
3319	303.2999933
3320	303.4999967
3321	303.2999933
3322	303.2999933
3323	303.4999967
3324	303.2999933
3325	303.2000065
3326	303.4999967
3327	303.4999967
3328	303.4999967
3329	303.7999868
3330	303.7999868
3331	303.7999868
3332	303.7999868
3333	303.7999868
3334	303.7999868
3335	303.7999868
3336	303.6000133
3337	303.4999967
3338	303.6000133
3339	303.6000133
3340	303.4999967
3341	303.0999899
3342	303.2000065
3343	303.0999899
3344	303.2000065
3345	303.4999967
3346	303.4999967
3347	303.6000133
3348	303.7
3349	303.7999868
3350	303.9000034
3351	303.7999868
3352	303.7999868
3353	303.9000034
3354	303.7999868
3355	303.7999868
3356	303.7999868
3357	303.7999868
3358	303.7999868
3359	303.7999868
3360	303.7999868
3361	303.7999868
3362	303.7
3363	303.7
3364	303.7999868
3365	303.7999868
3366	303.7
3367	303.7
3368	303.7999868
3369	303.7999868
3370	303.7999868
3371	303.7999868
3372	303.7
3373	303.4999967
3374	303.4999967
3375	303.6000133
3376	303.4999967
3377	303.4999967
3378	303.4999967
3379	303.6000133
3380	303.4999967
3381	303.6000133
3382	303.4999967
3383	303.4999967
3384	303.6000133
3385	303.7
3386	303.7
3387	303.7999868
3388	303.7999868
3389	303.7
3390	303.9999902
3391	303.7999868
3392	303.9000034
3393	303.7999868
3394	303.7999868
3395	303.4999967
3396	303.7
3397	303.6000133
3398	303.7999868
3399	303.7
3400	303.7999868
3401	303.7999868
3402	303.4999967
3403	303.7999868
3404	303.7
3405	303.4999967
3406	303.4000099
3407	303.4000099
3408	303.7999868
3409	303.7999868
3410	303.7999868
3411	303.7999868
3412	303.7999868
3413	303.7999868
3414	303.9000034
3415	303.9000034
3416	303.9000034
3417	304.1000068
3418	304.399997
3419	304.3000102
3420	304.399997
3421	304.1000068
3422	304.1000068
3423	303.9999902
3424	303.7999868
3425	303.9000034
3426	303.7999868
3427	304.1000068
3428	304.1999936
3429	304.399997
3430	304.399997
3431	304.399997
3432	304.399997
3433	304.8000038
3434	304.8000038
3435	305.2999973
3436	305.4000139
3437	305.5000007
3438	305.5999875
3439	305.9000075
3440	306.1999977
3441	306.1000109
3442	306.1000109
3443	306.400001
3444	306.400001
3445	306.400001
3446	306.6000044
3447	306.4999878
3448	306.6999912
3449	306.6000044
3450	306.6999912
3451	307.0000112
3452	307.2000146
3453	307.0000112
3454	307.099998
3455	307.3000014
3456	307.5999916
3457	307.7000082
3458	307.5999916
3459	307.7999949
3460	307.5999916
3461	307.5000048
3462	307.3000014
3463	307.5000048
3464	307.3999882
3465	307.5999916
3466	307.7999949
3467	307.7000082
3468	307.7999949
3469	307.5999916
3470	307.7999949
3471	307.7000082
3472	307.7000082
3473	307.5999916
3474	307.3999882
3475	307.3999882
3476	307.5999916
3477	307.7000082
3478	307.7000082
3479	307.5999916
3480	307.7999949
3481	307.9999983
3482	308.2000017
3483	308.2999885
3484	308.2000017
3485	308.0999851
3486	307.9999983
3487	307.5999916
3488	307.5999916
3489	307.3000014
3490	307.3999882
3491	307.3000014
3492	307.3000014
3493	307.5000048
3494	307.3000014
3495	307.2000146
3496	307.099998
3497	307.099998
3498	307.2000146
3499	307.3999882
3500	307.7000082
3501	307.5999916
3502	307.7000082
3503	307.7000082
3504	307.7000082
3505	307.5999916
3506	307.3000014
3507	307.3000014
3508	307.3000014
3509	307.3999882
3510	307.5999916
3511	307.3999882
3512	307.5999916
3513	307.7000082
3514	307.9999983
3515	308.2999885
3516	308.2999885
3517	308.4000051
3518	308.2999885
3519	308.0999851
3520	307.9000115
3521	307.7999949
3522	307.7999949
3523	307.7999949
3524	307.7999949
3525	307.7000082
3526	307.5999916
3527	307.7000082
3528	307.7999949
3529	307.9999983
3530	307.9999983
3531	307.9999983
3532	307.9000115
3533	307.7000082
3534	307.5999916
3535	307.7000082
3536	307.7000082
3537	307.7000082
3538	307.5999916
3539	307.7999949
3540	307.5999916
3541	307.7999949
3542	307.9000115
3543	307.9999983
3544	307.9999983
3545	307.9999983
3546	307.9000115
3547	307.9999983
3548	307.9999983
3549	308.0999851
3550	308.2000017
3551	308.4000051
3552	308.2999885
3553	308.2999885
3554	308.2999885
3555	308.2999885
3556	308.2000017
3557	308.0999851
3558	307.9999983
3559	307.9999983
3560	307.9999983
3561	308.2999885
3562	308.2000017
3563	307.9999983
3564	307.9999983
3565	307.9999983
3566	307.7000082
3567	307.7000082
3568	307.7000082
3569	307.7000082
3570	307.7000082
3571	307.3999882
3572	307.3000014
3573	307.7000082
3574	307.7999949
3575	307.9999983
3576	307.9000115
3577	307.5999916
3578	307.5000048
3579	307.5000048
3580	307.5999916
3581	307.5000048
3582	307.5999916
3583	307.5999916
3584	307.7000082
3585	307.7999949
3586	307.7999949
3587	307.9000115
3588	307.7999949
3589	307.7999949
3590	307.7000082
3591	307.7000082
3592	307.5999916
3593	307.5999916
3594	307.3999882
3595	307.3000014
3596	307.0000112
3597	307.3000014
3598	307.3999882
3599	307.5000048
3600	307.7000082
3601	307.7999949
3602	307.9999983
3603	308.0999851
3604	308.2000017
3605	308.2000017
3606	308.0999851
3607	308.4000051
3608	308.2000017
3609	307.9000115
3610	307.7000082
3611	307.099998
3612	306.1999977
3613	304.8000038
3614	304.1000068
3615	302.1999896
3616	300.3000021
3617	298.299998
3618	297.3999977
3619	295.8000004
3620	294.4999933
3621	293.3999896
3622	293.0000126
3623	292.1999991
3624	291.7999923
3625	291.5000021
3626	291.200012
3627	291.0999954
3628	291.2999988
3629	291.5999889
3630	291.9000089
3631	292.2999859
3632	293.1999862
3633	293.5000062
3634	293.9999998
3635	294.6000099
3636	295.1000035
3637	295.3999937
3638	295.8000004
3639	296.4000106
3640	296.7999876
3641	296.7999876
3642	297.1999943
3643	297.5000143
3644	297.8000045
3645	297.8000045
3646	298.2000113
3647	298.7000048
3648	298.999995
3649	298.999995
3650	299.4000018
3651	299.4999886
3652	299.6000051
3653	299.8000085
3654	299.8000085
3655	299.8999953
3656	300.0000119
3657	300.0000119
3658	300.3000021
3659	300.3000021
3660	300.3000021
3661	300.3999889
3662	300.5999923
3663	300.7000089
3664	300.5999923
3665	300.7999957
3666	300.9000123
3667	300.9000123
3668	300.999999
3669	300.999999
3670	301.0999858
3671	301.2000024
3672	301.4000058
3673	301.4999926
3674	301.6000092
3675	301.699996
3676	301.6000092
3677	301.699996
3678	301.8999994
3679	301.8999994
3680	301.9999862
3681	301.8999994
3682	301.8999994
3683	301.9999862
3684	301.9999862
3685	301.8999994
3686	301.699996
3687	301.8999994
3688	301.4999926
3689	301.699996
3690	301.8999994
3691	301.8999994
3692	302.1000028
3693	302.1000028
3694	301.9999862
3695	302.1000028
3696	302.1000028
3697	302.1000028
3698	302.1000028
3699	302.1999896
3700	302.1999896
3701	302.1999896
3702	302.5000095
3703	302.5000095
3704	302.3999929
3705	302.5000095
3706	302.3999929
3707	302.3999929
3708	302.3999929
3709	302.5999963
3710	302.5999963
3711	302.5999963
3712	302.5999963
3713	302.7999997
3714	302.7999997
3715	302.7999997
3716	303.0999899
3717	303.2000065
3718	303.4000099
3719	303.4000099
3720	303.2999933
3721	303.2999933
3722	303.4000099
3723	303.2999933
3724	303.2000065
3725	303.2000065
3726	303.0999899
3727	303.0000031
3728	303.0000031
3729	303.0000031
3730	303.2000065
3731	303.2999933
3732	303.2000065
3733	303.2000065
3734	303.2999933
3735	303.2000065
3736	303.2000065
3737	303.2999933
3738	303.0999899
3739	303.0000031
3740	302.7999997
3741	302.7999997
3742	302.7999997
3743	302.7000129
3744	302.5999963
3745	302.5000095
3746	302.5999963
3747	302.7999997
3748	302.7999997
3749	302.7000129
3750	302.5999963
3751	302.7999997
3752	303.0000031
3753	303.2000065
3754	303.4000099
3755	303.4999967
3756	303.4999967
3757	303.4999967
3758	303.4999967
3759	303.4999967
3760	303.7999868
3761	303.9000034
3762	303.7999868
3763	303.6000133
3764	303.6000133
3765	303.4999967
3766	303.4999967
3767	303.4999967
3768	303.6000133
3769	303.7
3770	303.4999967
3771	303.4999967
3772	303.4999967
3773	303.6000133
3774	303.7
3775	303.7999868
3776	303.9000034
3777	303.7
3778	303.7999868
3779	303.7999868
3780	303.7
3781	303.7
3782	303.4999967
3783	303.7
3784	303.7
3785	303.7999868
3786	303.7999868
3787	303.6000133
3788	303.4999967
3789	303.2999933
3790	303.2000065
3791	303.4000099
3792	303.2000065
3793	303.2000065
3794	303.2000065
3795	303.2999933
3796	303.4000099
3797	303.4999967
3798	303.2000065
3799	303.2000065
3800	303.0999899
3801	302.8999865
3802	302.7999997
3803	303.0000031
3804	303.0999899
3805	303.2999933
3806	303.2999933
3807	303.2000065
3808	303.2000065
3809	303.2000065
3810	303.2000065
3811	303.2000065
3812	303.2000065
3813	303.2000065
3814	303.2000065
3815	303.4000099
3816	303.4999967
3817	303.4999967
3818	303.4999967
3819	303.6000133
3820	303.7999868
3821	303.7999868
3822	303.9999902
3823	303.9999902
3824	304.1000068
3825	303.9999902
3826	303.9000034
3827	303.7999868
3828	303.7999868
3829	303.7999868
3830	303.9000034
3831	303.9000034
3832	303.7
3833	303.7999868
3834	303.7999868
3835	303.6000133
3836	303.7999868
3837	303.4999967
3838	303.2999933
3839	303.4000099
3840	303.4999967
3841	303.4999967
3842	303.6000133
3843	303.4999967
3844	303.4999967
3845	303.7
3846	303.7999868
3847	303.9999902
3848	304.1000068
3849	304.1000068
3850	304.1000068
3851	304.1999936
3852	304.1000068
3853	303.9999902
3854	303.9000034
3855	303.7
3856	303.7
3857	303.7999868
3858	303.9000034
3859	303.7999868
3860	303.7999868
3861	304.1000068
3862	304.1000068
3863	303.9000034
3864	303.9000034
3865	303.6000133
3866	303.4999967
3867	303.4999967
3868	303.4999967
3869	303.6000133
3870	303.4999967
3871	303.6000133
3872	303.4999967
3873	303.4999967
3874	303.2999933
3875	303.4999967
3876	303.4999967
3877	303.4999967
3878	303.7
3879	303.4999967
3880	303.4999967
3881	303.6000133
3882	303.7
3883	303.4000099
3884	303.4999967
3885	303.6000133
3886	303.7999868
3887	303.7999868
3888	303.9000034
3889	303.7999868
3890	304.1000068
3891	303.7999868
3892	303.7999868
3893	303.7999868
3894	303.7999868
3895	303.7
3896	303.7
3897	303.7
3898	303.7
3899	303.7999868
3900	303.9000034
3901	304.1000068
3902	303.9999902
3903	304.1999936
3904	304.5000136
3905	304.6999872
3906	305.2000105
3907	305.7000041
3908	306.1000109
3909	306.400001
3910	306.6000044
3911	306.8000078
3912	307.099998
3913	307.099998
3914	307.2000146
3915	307.2000146
3916	307.3000014
3917	307.3000014
3918	307.3000014
3919	307.2000146
3920	307.3999882
3921	307.5000048
3922	307.7000082
3923	307.7999949
3924	307.7999949
3925	307.9999983
3926	307.9999983
3927	307.9000115
3928	307.7000082
3929	307.7000082
3930	307.5999916
3931	307.5999916
3932	307.5999916
3933	307.5000048
3934	307.3000014
3935	307.3000014
3936	307.3000014
3937	307.3000014
3938	307.3000014
3939	307.3000014
3940	307.5999916
3941	307.5000048
3942	307.2000146
3943	307.2000146
3944	307.2000146
3945	307.0000112
3946	307.2000146
3947	307.2000146
3948	307.099998
3949	307.099998
3950	307.3999882
3951	307.3999882
3952	307.3000014
3953	307.5999916
3954	307.7000082
3955	307.7000082
3956	307.7000082
3957	307.7000082
3958	307.7000082
3959	307.5999916
3960	307.7000082
3961	307.7000082
3962	307.5999916
3963	307.7000082
3964	307.3999882
3965	307.3000014
3966	307.3000014
3967	307.3000014
3968	307.3999882
3969	307.5000048
3970	307.5000048
3971	307.5999916
3972	307.5000048
3973	307.5999916
3974	307.5999916
3975	307.5999916
3976	307.5000048
3977	307.5999916
3978	307.5000048
3979	307.5999916
3980	307.3000014
3981	307.0000112
3982	307.0000112
3983	306.6000044
3984	306.6999912
3985	306.6999912
3986	306.6999912
3987	307.0000112
3988	307.2000146
3989	307.2000146
3990	307.2000146
3991	307.3000014
3992	307.3000014
3993	307.3000014
3994	307.0000112
3995	306.8999946
3996	306.6999912
3997	306.6999912
3998	306.8000078
3999	307.0000112
4000	307.099998
4001	307.3000014
4002	307.3000014
4003	307.3000014
4004	307.3000014
4005	307.3000014
4006	307.0000112
4007	307.0000112
4008	307.2000146
4009	307.0000112
4010	306.8999946
4011	306.6999912
4012	306.8000078
4013	306.6999912
4014	306.6999912
4015	307.0000112
4016	307.0000112
4017	307.3000014
4018	307.7000082
4019	307.5000048
4020	307.5999916
4021	307.5000048
4022	307.3999882
4023	307.3000014
4024	307.3000014
4025	307.3000014
4026	307.5999916
4027	307.5999916
4028	307.5999916
4029	307.5999916
4030	307.5000048
4031	307.3000014
4032	307.3000014
4033	307.2000146
4034	307.0000112
4035	306.8000078
4036	306.8999946
4037	307.099998
4038	307.0000112
4039	307.0000112
4040	307.2000146
4041	307.2000146
4042	307.099998
4043	307.099998
4044	307.099998
4045	307.099998
4046	307.0000112
4047	307.0000112
4048	307.0000112
4049	307.0000112
4050	307.0000112
4051	307.0000112
4052	306.8999946
4053	306.8999946
4054	306.8000078
4055	306.8000078
4056	306.8999946
4057	307.0000112
4058	307.3000014
4059	307.3000014
4060	307.3000014
4061	307.3000014
4062	307.3000014
4063	307.3999882
4064	307.3000014
4065	307.5000048
4066	307.5999916
4067	307.7000082
4068	307.7000082
4069	307.3999882
4070	307.3000014
4071	307.3999882
4072	307.5999916
4073	307.7000082
4074	307.7000082
4075	307.7999949
4076	308.2000017
4077	308.2000017
4078	308.2999885
4079	308.2999885
4080	308.2999885
4081	308.2999885
4082	308.0999851
4083	307.7000082
4084	307.0000112
4085	305.9000075
4086	305.2000105
4087	303.6000133
4088	302.1000028
4089	301.2000024
4090	299.6000051
4091	297.6999879
4092	296.0000038
4093	295.3999937
4094	294.2999899
4095	293.3000028
4096	292.8000093
4097	292.4999893
4098	292.1999991
4099	292.1999991
4100	292.2999859
4101	292.6999927
4102	292.899996
4103	293.3999896
4104	293.7000096
4105	293.7999964
4106	294.4000065
4107	294.6999967
4108	295.3999937
4109	295.5000103
4110	296.0999906
4111	296.600014
4112	296.600014
4113	297.1999943
4114	297.5000143
4115	297.6999879
4116	298.0000079
4117	298.0999947
4118	298.4000146
4119	298.5999882
4120	298.5999882
4121	298.999995
4122	299.1999984
4123	299.2999852
4124	299.4999886
4125	299.8000085
4126	299.8999953
4127	299.8999953
4128	299.8999953
4129	300.0999987
4130	300.0000119
4131	300.3000021
4132	300.5000055
4133	300.5999923
4134	300.7999957
4135	300.7999957
4136	300.9000123
4137	301.2000024
4138	301.2000024
4139	301.4000058
4140	301.4999926
4141	301.4999926
4142	301.6000092
4143	301.699996
4144	301.699996
4145	301.699996
4146	301.699996
4147	301.8000126
4148	301.699996
4149	301.9999862
4150	302.1000028
4151	301.9999862
4152	301.8999994
4153	301.9999862
4154	301.8999994
4155	302.1000028
4156	302.1999896
4157	302.5000095
4158	302.5000095
4159	302.7000129
4160	302.5000095
4161	302.5000095
4162	302.5000095
4163	302.3000062
4164	302.5999963
4165	302.5000095
4166	302.5999963
4167	302.5999963
4168	302.5999963
4169	302.5000095
4170	302.5000095
4171	302.5000095
4172	302.5999963
4173	302.5000095
4174	302.7000129
4175	302.7000129
4176	302.7999997
4177	302.7999997
4178	302.7999997
4179	302.7999997
4180	303.0000031
4181	302.7999997
4182	302.7999997
4183	302.7000129
4184	302.7999997
4185	302.7000129
4186	302.8999865
4187	302.8999865
4188	303.0000031
4189	302.8999865
4190	303.0000031
4191	303.0000031
4192	302.8999865
4193	302.8999865
4194	303.0000031
4195	303.0000031
4196	303.0999899
4197	303.2000065
4198	303.0000031
4199	303.0999899
4200	303.0999899
4201	303.2000065
4202	303.0000031
4203	303.0999899
4204	302.8999865
4205	303.0999899
4206	303.2000065
4207	303.4000099
4208	303.2999933
4209	303.2999933
4210	303.2999933
4211	303.2999933
4212	303.2000065
4213	303.0999899
4214	303.2000065
4215	303.0000031
4216	302.8999865
4217	303.2000065
4218	302.8999865
4219	302.8999865
4220	302.8999865
4221	302.8999865
4222	302.7000129
4223	302.7999997
4224	302.7999997
4225	303.0000031
4226	302.8999865
4227	303.0000031
4228	303.0000031
4229	303.0999899
4230	302.8999865
4231	303.0000031
4232	303.0999899
4233	303.2000065
4234	302.8999865
4235	302.8999865
4236	303.0000031
4237	303.2000065
4238	303.4000099
4239	303.2999933
4240	303.2000065
4241	303.2000065
4242	303.0999899
4243	303.2000065
4244	303.2999933
4245	303.2999933
4246	303.2999933
4247	303.4999967
4248	303.2000065
4249	303.2000065
4250	303.2000065
4251	303.2000065
4252	302.8999865
4253	303.0000031
4254	303.0000031
4255	303.0000031
4256	303.0000031
4257	303.0000031
4258	303.0000031
4259	303.0000031
4260	303.0000031
4261	303.2000065
4262	303.2999933
4263	303.2000065
4264	303.0000031
4265	303.2000065
4266	303.0999899
4267	303.2000065
4268	303.4000099
4269	303.2000065
4270	303.4000099
4271	303.2000065
4272	303.2000065
4273	303.2000065
4274	303.2000065
4275	303.2999933
4276	303.2000065
4277	303.2000065
4278	303.2000065
4279	303.0999899
4280	303.2000065
4281	303.2000065
4282	303.4000099
4283	303.4999967
4284	303.4999967
4285	303.4000099
4286	303.4000099
4287	303.4000099
4288	303.2999933
4289	303.2000065
4290	303.4000099
4291	303.4999967
4292	303.2999933
4293	303.4000099
4294	303.4000099
4295	303.4000099
4296	303.2000065
4297	303.2000065
4298	303.4999967
4299	303.4000099
4300	303.4999967
4301	303.2999933
4302	303.2000065
4303	303.2000065
4304	303.2000065
4305	303.2999933
4306	303.2000065
4307	303.2000065
4308	303.2999933
4309	303.4000099
4310	303.4999967
4311	303.4999967
4312	303.4999967
4313	303.2999933
4314	303.2999933
4315	303.2000065
4316	303.2999933
4317	303.2999933
4318	303.2000065
4319	303.2000065
4320	303.2999933
4321	303.2999933
4322	303.2999933
4323	303.4999967
4324	303.2000065
4325	303.2999933
4326	303.0999899
4327	303.0999899
4328	303.0000031
4329	303.2000065
4330	303.2000065
4331	303.2999933
4332	303.4000099
4333	303.4999967
4334	303.2999933
4335	303.4000099
4336	303.4999967
4337	303.6000133
4338	303.4999967
4339	303.6000133
4340	303.4999967
4341	303.4999967
4342	303.4999967
4343	303.4999967
4344	303.4999967
4345	303.4000099
4346	303.4000099
4347	303.4999967
4348	303.4999967
4349	303.4000099
4350	303.2999933
4351	303.4000099
4352	303.4999967
4353	303.4999967
4354	303.4999967
4355	303.4999967
4356	303.4000099
4357	303.4999967
4358	303.4999967
4359	303.7999868
4360	303.7999868
4361	303.7999868
4362	303.4999967
4363	303.4999967
4364	303.4999967
4365	303.7
4366	303.9000034
4367	303.9999902
4368	304.1000068
4369	303.9999902
4370	303.9999902
4371	303.7999868
4372	304.1000068
4373	304.1000068
4374	304.1000068
4375	304.1000068
4376	304.399997
4377	304.6999872
4378	304.8000038
4379	305.0000072
4380	305.2000105
4381	305.2000105
4382	305.4000139
4383	305.7000041
4384	305.7999909
4385	305.9999943
4386	305.9999943
4387	306.1000109
4388	306.3000143
4389	306.3000143
4390	306.4999878
4391	306.6000044
4392	306.6000044
4393	306.4999878
4394	306.6999912
4395	306.6999912
4396	306.6999912
4397	306.6000044
4398	306.4999878
4399	306.400001
4400	306.400001
4401	306.3000143
4402	306.400001
4403	306.400001
4404	306.4999878
4405	306.6000044
4406	306.6999912
4407	306.8999946
4408	306.8000078
4409	307.0000112
4410	307.2000146
4411	307.2000146
4412	307.3999882
4413	307.5999916
4414	307.7000082
4415	307.7000082
4416	307.7000082
4417	307.7000082
4418	307.3000014
4419	307.3000014
4420	306.8999946
4421	306.6000044
4422	306.400001
4423	306.4999878
4424	306.4999878
4425	306.6999912
4426	307.0000112
4427	307.099998
4428	307.3000014
4429	307.3000014
4430	307.099998
4431	307.2000146
4432	307.2000146
4433	307.3999882
4434	307.5999916
4435	307.7000082
4436	307.7000082
4437	307.7000082
4438	307.5000048
4439	307.099998
4440	307.099998
4441	307.099998
4442	307.099998
4443	307.099998
4444	307.099998
4445	307.3000014
4446	307.5000048
4447	307.3999882
4448	307.5999916
4449	307.5000048
4450	307.5000048
4451	307.3999882
4452	307.3999882
4453	307.2000146
4454	307.3000014
4455	307.3000014
4456	307.2000146
4457	307.0000112
4458	307.099998
4459	307.099998
4460	306.8000078
4461	306.8000078
4462	306.6000044
4463	306.8999946
4464	306.8000078
4465	306.8000078
4466	306.8000078
4467	306.6000044
4468	306.6999912
4469	306.400001
4470	306.400001
4471	306.4999878
4472	306.6000044
4473	306.6999912
4474	306.8000078
4475	306.8000078
4476	306.6999912
4477	306.6999912
4478	306.6999912
4479	306.4999878
4480	306.6000044
4481	306.400001
4482	306.3000143
4483	306.1000109
4484	306.1999977
4485	306.400001
4486	306.400001
4487	306.400001
4488	306.400001
4489	306.3000143
4490	306.6999912
4491	306.8000078
4492	306.8999946
4493	306.8000078
4494	306.8000078
4495	306.6000044
4496	306.400001
4497	306.400001
4498	306.400001
4499	306.6999912
4500	306.6999912
4501	306.8000078
4502	306.8999946
4503	306.8999946
4504	306.6999912
4505	306.8999946
4506	306.8999946
4507	307.0000112
4508	307.3000014
4509	307.3999882
4510	307.5999916
4511	307.7000082
4512	307.7000082
4513	307.7000082
4514	307.7000082
4515	307.7000082
4516	307.7000082
4517	307.7999949
4518	307.7999949
4519	307.7999949
4520	307.5999916
4521	307.7000082
4522	307.7000082
4523	307.7000082
4524	307.5000048
4525	307.7000082
4526	307.7999949
4527	307.9999983
4528	307.9999983
4529	307.9999983
4530	307.9999983
4531	307.9999983
4532	307.9999983
4533	307.7999949
4534	307.9000115
4535	307.7999949
4536	307.7999949
4537	307.7000082
4538	307.7000082
4539	307.3999882
4540	307.3000014
4541	306.8999946
4542	306.6999912
4543	306.4999878
4544	306.4999878
4545	306.6000044
4546	306.6999912
4547	307.0000112
4548	306.8999946
4549	307.0000112
4550	307.0000112
4551	307.3000014
4552	307.3999882
4553	307.5999916
4554	307.7000082
4555	307.5999916
4556	307.3000014
4557	307.099998
4558	306.400001
4559	305.0000072
4560	303.4999967
4561	302.5999963
4562	300.9000123
4563	299.1999984
4564	297.3999977
4565	296.9000041
4566	295.1999903
4567	294.0999866
4568	293.3999896
4569	293.1999862
4570	292.6999927
4571	292.4999893
4572	292.4999893
4573	292.4000025
4574	292.6999927
4575	292.899996
4576	293.1999862
4577	293.5000062
4578	294.0999866
4579	294.4999933
4580	294.9000001
4581	295.3999937
4582	295.8000004
4583	296.2000072
4584	296.600014
4585	297.1000075
4586	297.6000011
4587	297.6999879
4588	297.8999913
4589	298.2000113
4590	298.5000014
4591	298.7000048
4592	298.999995
4593	298.999995
4594	299.2999852
4595	299.1999984
4596	299.4000018
4597	299.4999886
4598	299.6999919
4599	299.8000085
4600	300.0999987
4601	300.3999889
4602	300.5999923
4603	300.5999923
4604	300.5999923
4605	300.7000089
4606	300.7999957
4607	300.9000123
4608	300.9000123
4609	300.9000123
4610	301.0999858
4611	301.2000024
4612	301.2000024
4613	301.2000024
4614	301.2000024
4615	301.2000024
4616	301.4000058
4617	301.4000058
4618	301.4000058
4619	301.6000092
4620	301.6000092
4621	301.699996
4622	301.8000126
4623	301.8000126
4624	301.699996
4625	301.8999994
4626	301.8999994
4627	302.1000028
4628	301.8999994
4629	301.8999994
4630	301.8999994
4631	301.8999994
4632	301.9999862
4633	302.1000028
4634	301.9999862
4635	302.1000028
4636	302.1999896
4637	302.3000062
4638	302.1999896
4639	302.3000062
4640	302.1999896
4641	302.1999896
4642	302.3000062
4643	302.3999929
4644	302.3999929
4645	302.3000062
4646	302.5000095
4647	302.3999929
4648	302.5999963
4649	302.7000129
4650	302.5000095
4651	302.7999997
4652	302.7999997
4653	302.7000129
4654	302.5999963
4655	302.5999963
4656	302.7999997
4657	302.7999997
4658	302.8999865
4659	303.0000031
4660	302.8999865
4661	302.7999997
4662	302.7999997
4663	302.7000129
4664	302.7999997
4665	302.7999997
4666	302.7000129
4667	302.7000129
4668	302.7000129
4669	302.7000129
4670	302.5000095
4671	302.5000095
4672	302.5000095
4673	302.5000095
4674	302.5999963
4675	302.7999997
4676	303.0000031
4677	302.8999865
4678	302.8999865
4679	302.8999865
4680	302.7999997
4681	302.7999997
4682	302.7999997
4683	303.0999899
4684	302.7999997
4685	302.7999997
4686	302.7999997
4687	302.7999997
4688	302.7999997
4689	302.8999865
4690	302.8999865
4691	302.8999865
4692	302.8999865
4693	302.7999997
4694	302.7999997
4695	302.7999997
4696	302.7999997
4697	302.7999997
4698	302.7999997
4699	302.7999997
4700	302.8999865
4701	302.7999997
4702	302.8999865
4703	303.0000031
4704	303.0999899
4705	303.0000031
4706	303.2000065
4707	303.2000065
4708	303.2000065
4709	303.2000065
4710	303.2000065
4711	303.2000065
4712	303.2000065
4713	303.2999933
4714	303.2999933
4715	303.2999933
4716	303.4999967
4717	303.4000099
4718	303.2999933
4719	303.2000065
4720	303.2000065
4721	303.4000099
4722	303.2999933
4723	303.2000065
4724	303.2000065
4725	303.2999933
4726	303.2000065
4727	303.2000065
4728	303.0999899
4729	303.0000031
4730	302.7999997
4731	302.8999865
4732	303.0000031
4733	303.0999899
4734	303.2000065
4735	303.2999933
4736	303.2999933
4737	303.4000099
4738	303.4000099
4739	303.4999967
4740	303.4999967
4741	303.4999967
4742	303.4999967
4743	303.4999967
4744	303.4000099
4745	303.4000099
4746	303.4000099
4747	303.2000065
4748	303.2999933
4749	303.2000065
4750	303.0999899
4751	303.2000065
4752	303.2000065
4753	303.2000065
4754	303.2000065
4755	303.0000031
4756	303.0000031
4757	302.8999865
4758	302.7999997
4759	302.7999997
4760	302.7999997
4761	302.8999865
4762	302.8999865
4763	302.8999865
4764	302.8999865
4765	302.7999997
4766	302.7999997
4767	302.7999997
4768	303.0999899
4769	303.2000065
4770	303.2999933
4771	303.2000065
4772	303.2000065
4773	303.2000065
4774	303.2000065
4775	302.8999865
4776	303.0000031
4777	302.8999865
4778	302.8999865
4779	302.7999997
4780	302.7999997
4781	302.7999997
4782	302.7999997
4783	302.7999997
4784	302.7999997
4785	302.7999997
4786	302.7000129
4787	302.5999963
4788	302.5000095
4789	302.5000095
4790	302.5000095
4791	302.5000095
4792	302.3999929
4793	302.5999963
4794	302.7000129
4795	302.5999963
4796	302.7000129
4797	302.7999997
4798	302.8999865
4799	303.0999899
4800	303.2000065
4801	303.2999933
4802	303.2999933
4803	303.4000099
4804	303.4000099
4805	303.4999967
4806	303.4000099
4807	303.4000099
4808	303.2999933
4809	303.2000065
4810	303.2000065
4811	303.0999899
4812	303.2999933
4813	303.2000065
4814	303.2000065
4815	303.4000099
4816	303.4000099
4817	303.2000065
4818	303.2000065
4819	303.2000065
4820	303.0000031
4821	303.0000031
4822	302.8999865
4823	302.7999997
4824	303.0999899
4825	303.2000065
4826	303.2000065
4827	303.2999933
4828	303.4000099
4829	303.4000099
4830	303.4000099
4831	303.2000065
4832	303.2999933
4833	303.2999933
4834	303.2000065
4835	303.2000065
4836	303.2000065
4837	303.2000065
4838	303.2999933
4839	303.7
4840	303.7999868
4841	303.9000034
4842	303.4999967
4843	303.2000065
4844	303.2000065
4845	302.8999865
4846	303.0000031
4847	302.8999865
4848	302.7999997
4849	303.0000031
4850	303.4999967
4851	303.9999902
4852	304.1999936
4853	304.8000038
4854	305.2000105
4855	305.4000139
4856	305.5999875
4857	305.7999909
4858	305.9000075
4859	305.9000075
4860	305.9000075
4861	305.7000041
4862	305.7999909
4863	306.1000109
4864	306.1999977
4865	306.3000143
4866	306.400001
4867	306.1000109
4868	306.3000143
4869	306.3000143
4870	306.4999878
4871	306.6000044
4872	306.6999912
4873	306.8000078
4874	306.6999912
4875	306.6999912
4876	306.400001
4877	306.6999912
4878	306.8999946
4879	306.8999946
4880	307.099998
4881	307.099998
4882	307.3000014
4883	307.3000014
4884	307.3000014
4885	307.099998
4886	307.3000014
4887	307.2000146
4888	307.2000146
4889	306.8999946
4890	306.8000078
4891	306.8000078
4892	306.8000078
4893	306.6999912
4894	306.8000078
4895	307.0000112
4896	307.3000014
4897	306.8000078
4898	307.0000112
4899	307.3000014
4900	307.5999916
4901	307.5000048
4902	307.3000014
4903	307.2000146
4904	307.5000048
4905	307.3999882
4906	307.5000048
4907	307.2000146
4908	307.3000014
4909	307.3000014
4910	307.2000146
4911	307.2000146
4912	307.3000014
4913	307.2000146
4914	307.2000146
4915	307.3000014
4916	307.2000146
4917	307.0000112
4918	307.099998
4919	307.3000014
4920	307.0000112
4921	307.2000146
4922	307.2000146
4923	307.0000112
4924	307.0000112
4925	307.0000112
4926	306.6999912
4927	306.4999878
4928	306.6000044
4929	306.6000044
4930	306.400001
4931	306.6999912
4932	306.6999912
4933	306.6999912
4934	306.6999912
4935	306.6999912
4936	306.6999912
4937	306.6999912
4938	307.0000112
4939	307.0000112
4940	307.0000112
4941	306.8000078
4942	307.0000112
4943	306.8000078
4944	306.6999912
4945	306.8999946
4946	307.099998
4947	307.2000146
4948	307.3000014
4949	307.0000112
4950	307.3999882
4951	307.3000014
4952	307.2000146
4953	307.3000014
4954	307.3000014
4955	307.2000146
4956	307.099998
4957	307.3000014
4958	307.3000014
4959	307.5000048
4960	307.7000082
4961	307.7000082
4962	307.5000048
4963	307.5999916
4964	307.7000082
4965	307.5999916
4966	307.5999916
4967	307.7000082
4968	307.3999882
4969	307.7000082
4970	307.9999983
4971	307.9999983
4972	307.9999983
4973	308.2000017
4974	308.0999851
4975	307.9999983
4976	307.9000115
4977	307.7999949
4978	307.7999949
4979	307.9999983
4980	308.0999851
4981	307.9999983
4982	308.0999851
4983	307.9999983
4984	307.9999983
4985	308.2000017
4986	308.2000017
4987	308.2999885
4988	308.2999885
4989	308.4000051
4990	308.4000051
4991	308.2999885
4992	308.2999885
4993	308.2000017
4994	308.2999885
4995	308.0999851
4996	308.2999885
4997	308.4000051
4998	308.4000051
4999	308.4000051
5000	308.2999885
5001	308.2999885
5002	308.2999885
5003	308.2999885
5004	308.2000017
5005	308.2999885
5006	308.2999885
5007	308.2000017
5008	308.0999851
5009	308.0999851
5010	307.9999983
5011	307.9999983
5012	308.2999885
5013	308.4000051
5014	308.2999885
5015	308.2000017
5016	308.2999885
5017	308.2000017
5018	308.2999885
5019	308.2000017
5020	308.2000017
5021	308.2999885
5022	308.2000017
5023	308.2000017
5024	307.9999983
5025	308.2999885
5026	308.6000085
5027	308.4999919
5028	308.2999885
5029	307.9999983
5030	307.3000014
5031	306.1999977
5032	305.4000139
5033	303.7999868
5034	302.5000095
5035	301.2000024
5036	300.5000055
5037	299.1999984
5038	297.6999879
5039	296.0000038
5040	295.3999937
5041	294.4999933
5042	293.900013
5043	293.5000062
5044	293.599993
5045	293.7000096
5046	293.9999998
5047	294.0999866
5048	294.2000031
5049	294.6000099
5050	295.3999937
5051	295.8000004
5052	296.0999906
5053	296.4000106
5054	296.9999909
5055	296.9000041
5056	297.5000143
5057	298.0000079
5058	298.299998
5059	298.299998
5060	298.7000048
5061	299.1000116
5062	299.2999852
5063	299.4999886
5064	299.6999919
5065	300.0999987
5066	300.0999987
5067	300.3999889
5068	300.5999923
5069	300.9000123
5070	300.999999
5071	301.2000024
5072	300.9000123
5073	301.0999858
5074	301.4000058
5075	301.2999892
5076	301.4999926
5077	301.8000126
5078	301.6000092
5079	301.699996
5080	301.8999994
5081	301.8999994
5082	301.8999994
5083	301.8999994
5084	301.8999994
5085	301.9999862
5086	302.1000028
5087	302.5000095
5088	302.7000129
5089	302.5000095
5090	302.5000095
5091	302.5000095
5092	302.5000095
5093	302.7000129
5094	302.7000129
5095	302.7999997
5096	302.7999997
5097	302.7000129
5098	302.7999997
5099	302.7999997
5100	302.7999997
5101	302.8999865
5102	303.0000031
5103	302.7999997
5104	303.0000031
5105	303.0000031
5106	302.7999997
5107	302.8999865
5108	302.7999997
5109	302.7999997
5110	303.0000031
5111	302.8999865
5112	303.0999899
5113	302.8999865
5114	303.2000065
5115	303.0999899
5116	302.8999865
5117	303.0000031
5118	303.0000031
5119	302.8999865
5120	303.0000031
5121	303.0999899
5122	303.0999899
5123	303.0999899
5124	303.0000031
5125	303.2000065
5126	303.0999899
5127	303.2000065
5128	303.0000031
5129	302.8999865
5130	302.7999997
5131	302.8999865
5132	302.8999865
5133	302.8999865
5134	303.2000065
5135	303.2000065
5136	303.2000065
5137	303.0000031
5138	302.8999865
5139	303.0000031
5140	302.8999865
5141	302.8999865
5142	303.0999899
5143	303.0999899
5144	303.0999899
5145	303.2999933
5146	303.2000065
5147	303.2999933
5148	303.2000065
5149	303.4000099
5150	303.9999902
5151	303.7999868
5152	303.7999868
5153	303.4999967
5154	303.4999967
5155	303.4999967
5156	303.4999967
5157	303.6000133
5158	303.7
5159	303.7
5160	303.7999868
5161	303.9000034
5162	303.9999902
5163	303.7999868
5164	303.7999868
5165	303.4999967
5166	303.7
5167	303.7
5168	303.7999868
5169	303.7999868
5170	303.7999868
5171	303.9999902
5172	303.9999902
5173	303.9999902
5174	303.9000034
5175	303.9000034
5176	303.7999868
5177	303.7999868
5178	303.7999868
5179	303.7999868
5180	303.9000034
5181	303.9000034
5182	303.9000034
5183	303.9000034
5184	303.7999868
5185	303.7999868
5186	303.7999868
5187	303.7
5188	303.7
5189	303.7
5190	303.7999868
5191	303.7999868
5192	303.7999868
5193	303.7999868
5194	303.7999868
5195	303.9000034
5196	303.9000034
5197	303.9999902
5198	304.1000068
5199	303.9000034
5200	303.9000034
5201	303.9999902
5202	303.7999868
5203	303.9000034
5204	303.9000034
5205	303.6000133
5206	303.9999902
5207	303.9000034
5208	303.6000133
5209	303.7999868
5210	303.9999902
5211	303.7999868
5212	303.9999902
5213	303.9999902
5214	303.9000034
5215	303.9999902
5216	303.9999902
5217	303.9999902
5218	303.7999868
5219	304.1000068
5220	304.1000068
5221	304.1999936
5222	304.1000068
5223	303.9999902
5224	303.9999902
5225	303.9999902
5226	304.1000068
5227	304.1000068
5228	303.9000034
5229	303.9000034
5230	303.7999868
5231	303.7
5232	303.7999868
5233	303.9999902
5234	303.9999902
5235	303.9000034
5236	304.1000068
5237	303.7999868
5238	303.9999902
5239	303.9999902
5240	303.7999868
5241	303.9000034
5242	303.7999868
5243	303.7
5244	303.7999868
5245	303.9999902
5246	303.7999868
5247	303.7999868
5248	303.7999868
5249	303.7
5250	303.7999868
5251	303.7
5252	303.7999868
5253	303.7999868
5254	303.9000034
5255	303.9999902
5256	304.1000068
5257	303.9999902
5258	304.1000068
5259	304.1000068
5260	304.1000068
5261	303.9999902
5262	303.9000034
5263	304.1000068
5264	304.1000068
5265	303.9999902
5266	304.1000068
5267	304.1000068
5268	303.9000034
5269	303.9999902
5270	303.7999868
5271	303.7999868
5272	303.7999868
5273	303.7
5274	303.7999868
5275	303.7999868
5276	303.7999868
5277	303.7999868
5278	303.9999902
5279	303.9000034
5280	303.9000034
5281	303.7999868
5282	303.7999868
5283	303.7999868
5284	303.7999868
5285	303.7999868
5286	303.9999902
5287	304.1000068
5288	303.7999868
5289	303.9000034
5290	303.9000034
5291	303.9999902
5292	304.1000068
5293	303.9000034
5294	303.9000034
5295	303.7999868
5296	303.7999868
5297	303.7999868
5298	303.9999902
5299	303.9000034
5300	304.1000068
5301	303.9999902
5302	304.1000068
5303	303.9999902
5304	304.1000068
5305	304.1000068
5306	304.1000068
5307	304.1000068
5308	303.9000034
5309	303.7999868
5310	303.7
5311	304.1000068
5312	304.1999936
5313	304.3000102
5314	304.1000068
5315	303.9000034
5316	303.7999868
5317	303.7
5318	303.7999868
5319	304.1000068
5320	303.9999902
5321	304.399997
5322	304.6000004
5323	304.8000038
5324	305.0999939
5325	305.2000105
5326	305.2999973
5327	305.4000139
5328	305.5000007
5329	305.5999875
5330	305.5999875
5331	305.4000139
5332	305.4000139
5333	305.2999973
5334	305.5999875
5335	305.4000139
5336	305.4000139
5337	305.7000041
5338	305.7000041
5339	305.7000041
5340	305.7000041
5341	305.5999875
5342	305.4000139
5343	305.4000139
5344	305.4000139
5345	305.5000007
5346	305.2000105
5347	305.0999939
5348	305.0999939
5349	305.0000072
5350	304.399997
5351	304.6000004
5352	304.6999872
5353	304.6999872
5354	304.8000038
5355	304.6000004
5356	304.399997
5357	304.399997
5358	304.5000136
5359	304.6000004
5360	304.6000004
5361	304.8000038
5362	304.8999906
5363	305.0999939
5364	305.2000105
5365	305.0000072
5366	305.0999939
5367	304.6999872
5368	304.8999906
5369	304.8000038
5370	304.6999872
5371	304.8999906
5372	304.8999906
5373	304.8000038
5374	304.6000004
5375	304.5000136
5376	304.5000136
5377	304.399997
5378	304.5000136
5379	304.399997
5380	304.3000102
5381	304.3000102
5382	304.399997
5383	304.3000102
5384	304.5000136
5385	304.1000068
5386	304.399997
5387	304.399997
5388	304.3000102
5389	304.5000136
5390	304.6999872
5391	304.8000038
5392	304.8000038
5393	304.8000038
5394	304.8000038
5395	305.0000072
5396	304.8999906
5397	304.8000038
5398	304.8999906
5399	304.8000038
5400	304.6000004
5401	304.1999936
5402	304.399997
5403	304.1999936
5404	304.1999936
5405	304.399997
5406	304.5000136
5407	304.8000038
5408	304.8000038
5409	304.8999906
5410	304.8999906
5411	304.6999872
5412	305.0000072
5413	305.0000072
5414	304.8000038
5415	304.8000038
5416	304.8000038
5417	304.5000136
5418	304.399997
5419	304.5000136
5420	304.5000136
5421	304.6000004
5422	304.8000038
5423	304.8000038
5424	304.399997
5425	304.5000136
5426	304.3000102
5427	304.399997
5428	304.6000004
5429	305.0999939
5430	305.4000139
5431	305.5000007
5432	305.5000007
5433	305.5000007
5434	305.7000041
5435	305.9000075
5436	305.9000075
5437	305.9999943
5438	305.7999909
5439	305.7000041
5440	305.9999943
5441	305.9000075
5442	305.7999909
5443	305.9999943
5444	305.7999909
5445	305.7999909
5446	305.7000041
5447	305.7000041
5448	305.5999875
5449	305.7000041
5450	305.7000041
5451	305.4000139
5452	305.0999939
5453	305.0999939
5454	305.0999939
5455	305.0999939
5456	305.0000072
5457	305.2000105
5458	305.0999939
5459	305.0999939
5460	305.0999939
5461	305.0999939
5462	305.0000072
5463	305.0999939
5464	305.2000105
5465	305.0000072
5466	305.2000105
5467	305.2000105
5468	305.4000139
5469	305.4000139
5470	305.5000007
5471	305.4000139
5472	305.4000139
5473	305.4000139
5474	305.4000139
5475	305.2000105
5476	305.2000105
5477	305.2999973
5478	305.5999875
5479	305.5000007
5480	305.5999875
5481	305.5999875
5482	305.7000041
5483	305.5999875
5484	305.4000139
5485	305.4000139
5486	305.0000072
5487	305.0000072
5488	304.8000038
5489	304.8000038
5490	305.0999939
5491	305.0999939
5492	305.0999939
5493	305.5999875
5494	305.5999875
5495	305.4000139
5496	305.5999875
5497	306.1000109
5498	306.1000109
5499	306.1000109
5500	306.1999977
5501	306.1000109
5502	305.9999943
5503	305.4000139
5504	305.0999939
5505	303.9999902
5506	302.3999929
5507	300.999999
5508	300.1999855
5509	298.7000048
5510	296.9999909
5511	295.3999937
5512	294.8000133
5513	293.7000096
5514	292.899996
5515	292.4000025
5516	292.1999991
5517	291.7999923
5518	291.9000089
5519	292.1000123
5520	292.1000123
5521	292.1999991
5522	292.4999893
5523	292.6000059
5524	293.1999862
5525	293.7999964
5526	294.2000031
5527	294.2999899
5528	294.8000133
5529	295.1000035
5530	295.3999937
5531	295.8000004
5532	296.0000038
5533	296.4000106
5534	296.4999974
5535	296.7999876
5536	297.1000075
5537	297.3999977
5538	297.5000143
5539	297.6999879
5540	297.6999879
5541	298.2000113
5542	298.0999947
5543	298.4000146
5544	298.5999882
5545	298.5999882
5546	298.7000048
5547	298.9000082
5548	299.1999984
5549	299.4000018
5550	299.2999852
5551	299.2999852
5552	299.8000085
5553	299.8999953
5554	299.8999953
5555	300.0999987
5556	299.8999953
5557	300.3000021
5558	300.1999855
5559	300.3999889
5560	300.3000021
5561	300.1999855
5562	300.3000021
5563	300.5999923
5564	300.3999889
5565	300.5000055
5566	300.5000055
5567	300.7999957
5568	300.5999923
5569	300.5999923
5570	300.5999923
5571	300.5000055
5572	300.5999923
5573	300.5999923
5574	300.5999923
5575	301.0999858
5576	301.2000024
5577	300.7000089
5578	300.5999923
5579	300.5999923
5580	300.5999923
5581	300.5999923
5582	300.3000021
5583	300.3999889
5584	300.5999923
5585	300.5999923
5586	300.7999957
5587	300.9000123
5588	300.9000123
5589	300.7999957
5590	301.0999858
5591	301.0999858
5592	301.2000024
5593	301.2000024
5594	301.2000024
5595	301.0999858
5596	301.2000024
5597	301.0999858
5598	301.2000024
5599	301.2999892
5600	301.2999892
5601	301.2000024
5602	301.4999926
5603	301.4000058
5604	301.4999926
5605	301.6000092
5606	301.4999926
5607	301.4999926
5608	301.4999926
5609	301.4999926
5610	301.4999926
5611	301.4999926
5612	301.699996
5613	301.699996
5614	301.699996
5615	301.8000126
5616	301.6000092
5617	301.4999926
5618	301.2000024
5619	301.2999892
5620	301.4999926
5621	301.4999926
5622	301.4999926
5623	301.6000092
5624	301.8999994
5625	301.699996
5626	301.8000126
5627	301.8000126
5628	301.8000126
5629	301.8999994
5630	301.8000126
5631	301.699996
5632	301.8999994
5633	301.8000126
5634	301.8000126
5635	301.9999862
5636	301.8999994
5637	301.9999862
5638	301.9999862
5639	301.9999862
5640	301.8999994
5641	302.1999896
5642	301.9999862
5643	301.8999994
5644	302.1000028
5645	302.1000028
5646	302.1999896
5647	302.1000028
5648	301.8999994
5649	301.8999994
5650	301.9999862
5651	301.9999862
5652	301.9999862
5653	301.8999994
5654	302.1999896
5655	302.1999896
5656	302.1999896
5657	302.1000028
5658	301.8999994
5659	302.3000062
5660	302.3000062
5661	302.1999896
5662	302.1999896
5663	302.1999896
5664	302.5000095
5665	302.3999929
5666	302.5000095
5667	302.3000062
5668	302.5000095
5669	302.3000062
5670	302.1999896
5671	302.1999896
5672	302.1000028
5673	301.9999862
5674	302.1999896
5675	302.1999896
5676	302.1999896
5677	302.1999896
5678	302.1999896
5679	302.1999896
5680	302.3000062
5681	302.1000028
5682	302.5000095
5683	302.3000062
5684	302.3000062
5685	302.3000062
5686	302.1999896
5687	302.3999929
5688	302.1999896
5689	302.5000095
5690	302.1999896
5691	302.3999929
5692	302.1999896
5693	302.1999896
5694	302.1999896
5695	302.1999896
5696	302.1999896
5697	302.3000062
5698	302.1999896
5699	302.3000062
5700	302.1000028
5701	302.1999896
5702	302.1999896
5703	302.1999896
5704	302.1999896
5705	302.3999929
5706	302.3999929
5707	302.3999929
5708	302.3999929
5709	302.3999929
5710	302.3999929
5711	302.5999963
5712	302.7000129
5713	302.5000095
5714	302.5000095
5715	302.3999929
5716	302.5000095
5717	302.7000129
5718	302.7000129
5719	302.7999997
5720	302.3999929
5721	302.7999997
5722	302.7000129
5723	302.7000129
5724	302.7999997
5725	302.7999997
5726	302.7999997
5727	302.7999997
5728	302.5999963
5729	302.5000095
5730	302.5999963
5731	302.7000129
5732	302.7000129
5733	302.7999997
5734	302.7000129
5735	302.5000095
5736	302.5999963
5737	302.5000095
5738	302.5000095
5739	302.1999896
5740	302.5000095
5741	302.5000095
5742	302.5000095
5743	302.3000062
5744	302.3000062
5745	302.5000095
5746	302.5000095
5747	302.3999929
5748	302.5999963
5749	302.5999963
5750	302.5999963
5751	302.7999997
5752	302.5000095
5753	302.5999963
5754	302.7999997
5755	302.5999963
5756	302.7999997
5757	302.7999997
5758	302.8999865
5759	302.7000129
5760	302.7999997
5761	302.8999865
5762	302.5999963
5763	302.8999865
5764	302.7999997
5765	303.0000031
5766	302.7999997
5767	302.7000129
5768	302.7000129
5769	302.7000129
5770	302.3999929
5771	302.3000062
5772	302.3000062
5773	302.5000095
5774	302.3999929
5775	302.3000062
5776	302.5000095
5777	302.5999963
5778	302.7999997
5779	302.7999997
5780	302.7000129
5781	302.7000129
5782	303.0999899
5783	302.7000129
5784	302.8999865
5785	303.2000065
5786	303.4999967
5787	303.2999933
5788	303.2000065
5789	303.0000031
5790	302.8999865
5791	302.5999963
5792	302.1999896
5793	302.1999896
5794	302.1999896
5795	302.3000062
5796	302.1999896
5797	302.3000062
5798	302.3000062
5799	302.5999963
5800	302.7000129
5801	303.0000031
5802	303.4000099
5803	303.4999967
5804	303.4999967
5805	303.7
5806	303.7
5807	303.7999868
5808	303.7
5809	303.7999868
5810	303.9999902
5811	303.9000034
5812	304.1000068
5813	303.7999868
5814	303.9000034
5815	303.7
5816	303.7
5817	303.9999902
5818	304.1000068
5819	304.3000102
5820	304.399997
5821	304.3000102
5822	304.399997
5823	304.1000068
5824	303.9999902
5825	303.9000034
5826	304.1000068
5827	304.399997
5828	304.5000136
5829	304.8999906
5830	304.8000038
5831	304.8999906
5832	304.8999906
5833	304.8000038
5834	304.8000038
5835	304.6999872
5836	304.8000038
5837	304.6000004
5838	304.6999872
5839	304.6999872
5840	304.399997
5841	304.3000102
5842	304.6999872
5843	304.8999906
5844	304.6999872
5845	304.6999872
5846	304.6999872
5847	304.6999872
5848	304.399997
5849	304.3000102
5850	304.1000068
5851	304.1000068
5852	303.9000034
5853	303.9999902
5854	304.1000068
5855	303.7999868
5856	303.7999868
5857	303.4999967
5858	303.7
5859	303.9000034
5860	303.7999868
5861	304.1000068
5862	304.1999936
5863	304.1999936
5864	304.399997
5865	304.3000102
5866	304.1999936
5867	304.399997
5868	304.1000068
5869	304.1000068
5870	303.7999868
5871	303.7999868
5872	303.7999868
5873	303.7999868
5874	303.9000034
5875	303.9000034
5876	304.1000068
5877	303.9999902
5878	303.7999868
5879	303.7999868
5880	303.7999868
5881	303.7999868
5882	303.7
5883	303.7
5884	303.7999868
5885	303.7
5886	303.6000133
5887	303.6000133
5888	303.4999967
5889	303.6000133
5890	303.4999967
5891	303.4999967
5892	303.7
5893	303.6000133
5894	303.7
5895	303.4999967
5896	303.6000133
5897	303.4999967
5898	303.4999967
5899	303.4999967
5900	303.2999933
5901	303.4000099
5902	303.0999899
5903	303.2000065
5904	303.2000065
5905	303.2999933
5906	303.4999967
5907	303.2999933
5908	303.4000099
5909	303.2000065
5910	303.4999967
5911	303.4000099
5912	303.7999868
5913	303.7
5914	303.4999967
5915	303.7999868
5916	303.6000133
5917	303.4999967
5918	303.4999967
5919	303.4999967
5920	303.2999933
5921	303.4999967
5922	303.4000099
5923	303.4999967
5924	303.7
5925	303.6000133
5926	303.4999967
5927	303.2999933
5928	303.4000099
5929	303.6000133
5930	303.7
5931	304.1999936
5932	304.1000068
5933	304.1000068
5934	303.7
5935	303.7
5936	303.7999868
5937	303.7999868
5938	303.7999868
5939	303.9000034
5940	303.7999868
5941	303.9000034
5942	304.1000068
5943	304.1000068
5944	304.399997
5945	304.3000102
5946	304.1000068
5947	304.1000068
5948	303.9999902
5949	303.9999902
5950	304.1000068
5951	304.1000068
5952	304.1999936
5953	304.3000102
5954	304.1999936
5955	303.9999902
5956	304.1000068
5957	304.1000068
5958	304.1000068
5959	303.9999902
5960	303.7999868
5961	303.7
5962	303.4000099
5963	303.2000065
5964	303.2999933
5965	303.0000031
5966	303.2000065
5967	303.2000065
5968	303.4999967
5969	303.4000099
5970	303.6000133
5971	303.7999868
5972	303.9999902
5973	304.1000068
5974	304.1999936
5975	303.9999902
5976	303.9999902
5977	303.4999967
5978	302.5999963
5979	302.1999896
5980	300.9000123
5981	299.6000051
5982	298.0999947
5983	297.1999943
5984	295.8000004
5985	294.4000065
5986	292.899996
5987	292.4000025
5988	291.5999889
5989	291.0000086
5990	290.3999984
5991	290.3999984
5992	290.4999852
5993	290.4999852
5994	290.8000052
5995	290.899992
5996	291.200012
5997	291.7000055
5998	291.9000089
5999	292.4999893
6000	292.899996
6001	293.3000028
6002	293.599993
6003	293.7999964
6004	294.0999866
6005	294.2999899
6006	294.4000065
6007	294.8000133
6008	294.9999869
6009	295.3999937
6010	295.3000069
6011	295.8000004
6012	296.0999906
6013	296.0999906
6014	296.4000106
6015	296.7000008
6016	296.9000041
6017	297.1000075
6018	296.9999909
6019	296.9999909
6020	296.9999909
6021	297.1000075
6022	297.1999943
6023	297.6000011
6024	297.6000011
6025	297.8000045
6026	297.8999913
6027	297.8000045
6028	297.8000045
6029	298.0000079
6030	298.0999947
6031	298.4000146
6032	298.5000014
6033	298.5999882
6034	298.5999882
6035	298.5000014
6036	298.5999882
6037	298.5000014
6038	298.299998
6039	298.5999882
6040	298.5999882
6041	298.5999882
6042	298.7000048
6043	298.5999882
6044	298.5999882
6045	298.7000048
6046	298.7999916
6047	298.9000082
6048	298.9000082
6049	298.999995
6050	298.999995
6051	298.999995
6052	298.999995
6053	298.999995
6054	298.9000082
6055	298.7999916
6056	298.9000082
6057	298.7999916
6058	298.9000082
6059	298.9000082
6060	298.7999916
6061	298.999995
6062	298.999995
6063	298.999995
6064	298.999995
6065	298.999995
6066	298.999995
6067	298.999995
6068	299.4000018
6069	299.1000116
6070	299.2999852
6071	299.2999852
6072	299.2999852
6073	298.999995
6074	298.999995
6075	298.999995
6076	298.999995
6077	299.1000116
6078	299.2999852
6079	299.1999984
6080	299.2999852
6081	299.2999852
6082	299.1999984
6083	299.2999852
6084	299.2999852
6085	299.2999852
6086	299.6000051
6087	299.6000051
6088	299.6000051
6089	299.6000051
6090	299.6000051
6091	299.6000051
6092	299.4000018
6093	299.4999886
6094	299.4000018
6095	299.4000018
6096	299.4000018
6097	299.4000018
6098	299.2999852
6099	299.4000018
6100	299.4999886
6101	299.6000051
6102	299.6000051
6103	299.6000051
6104	299.6999919
6105	299.4999886
6106	299.4999886
6107	299.6000051
6108	299.8000085
6109	299.4999886
6110	299.6000051
6111	299.6999919
6112	299.6999919
6113	299.8000085
6114	299.8000085
6115	299.8999953
6116	299.8999953
6117	299.8999953
6118	299.8999953
6119	299.8999953
6120	299.8000085
6121	299.6000051
6122	299.6000051
6123	299.8999953
6124	299.8999953
6125	299.6999919
6126	299.6999919
6127	299.8999953
6128	299.8999953
6129	299.8000085
6130	299.6000051
6131	299.6000051
6132	299.6000051
6133	299.6999919
6134	299.8000085
6135	299.6000051
6136	299.6000051
6137	299.8000085
6138	299.6000051
6139	299.8000085
6140	299.8999953
6141	299.6000051
6142	299.6999919
6143	299.6000051
6144	299.6000051
6145	299.6999919
6146	299.6999919
6147	299.6999919
6148	299.6000051
6149	299.6000051
6150	299.6000051
6151	299.6999919
6152	299.6999919
6153	299.6999919
6154	299.6000051
6155	299.6000051
6156	299.6000051
6157	299.6000051
6158	299.6000051
6159	299.4999886
6160	299.6999919
6161	299.6000051
6162	299.6999919
6163	299.6000051
6164	299.6999919
6165	299.8999953
6166	299.8000085
6167	299.8000085
6168	299.8000085
6169	299.8999953
6170	299.8999953
6171	299.6999919
6172	299.8999953
6173	299.6000051
6174	299.6000051
6175	299.6000051
6176	299.4999886
6177	299.6000051
6178	299.6000051
6179	299.6999919
6180	299.6999919
6181	299.6000051
6182	299.6000051
6183	299.6000051
6184	299.8000085
6185	299.8000085
6186	299.8999953
6187	299.6999919
6188	299.8999953
6189	299.8000085
6190	299.8000085