1	316.7999983
2	316.5999949
3	316.5000081
4	316.7000115
5	316.3999915
6	316.1999881
7	316.1000013
8	316.1999881
9	316.1999881
10	316.1999881
11	316.1999881
12	316.1999881
13	316.1999881
14	316.0000145
15	315.8999979
16	315.8999979
17	315.6999946
18	316.0000145
19	315.6999946
20	315.6999946
21	315.4999912
22	315.4999912
23	315.4000044
24	315.4000044
25	315.2999878
26	315.4000044
27	315.2999878
28	315.6000078
29	315.6999946
30	315.4000044
31	315.6000078
32	315.8000112
33	315.6999946
34	315.6999946
35	315.8999979
36	316.0000145
37	316.0000145
38	315.8999979
39	316.0000145
40	315.8000112
41	315.8999979
42	315.6999946
43	316.0000145
44	315.8000112
45	315.6000078
46	315.4999912
47	315.6999946
48	315.6999946
49	315.4999912
50	315.6999946
51	315.6999946
52	315.6999946
53	315.6999946
54	315.6999946
55	315.6999946
56	315.6999946
57	315.6000078
58	315.6999946
59	315.6000078
60	315.6000078
61	315.6999946
62	316.0000145
63	315.6999946
64	315.6999946
65	315.4000044
66	315.2999878
67	315.1000142
68	315.200001
69	315.1000142
70	315.2999878
71	315.2999878
72	315.6999946
73	315.6999946
74	315.8000112
75	315.6999946
76	315.6999946
77	315.6999946
78	315.8000112
79	315.8000112
80	315.6999946
81	315.8000112
82	315.6999946
83	315.4000044
84	315.4000044
85	315.4999912
86	315.6999946
87	315.4999912
88	315.6000078
89	315.4999912
90	315.6000078
91	315.6000078
92	315.6000078
93	315.6999946
94	315.6000078
95	315.6999946
96	315.4999912
97	315.6000078
98	315.6999946
99	315.4000044
100	315.6000078
101	315.8999979
102	315.8000112
103	316.0000145
104	315.8999979
105	315.6999946
106	315.8000112
107	316.0000145
108	316.1999881
109	316.7999983
110	317.4000084
111	317.900002
112	318.1999922
113	318.599999
114	318.8999891
115	319.4000125
116	319.7000027
117	319.9000061
118	320.1000094
119	320.1999962
120	320.8000064
121	321.2000132
122	321.5000033
123	321.7999935
124	321.9999969
125	322.2000003
126	322.2999871
127	322.2999871
128	322.4999905
129	322.4999905
130	322.8000104
131	322.8999972
132	322.8000104
133	323.0000138
134	322.6000071
135	322.8000104
136	323.0000138
137	323.300004
138	323.1999874
139	323.1000006
140	323.0000138
141	323.1999874
142	323.3999908
143	323.1000006
144	323.300004
145	323.3999908
146	323.3999908
147	323.3999908
148	322.8999972
149	322.8999972
150	323.1000006
151	323.1000006
152	323.1999874
153	323.1999874
154	323.1999874
155	323.300004
156	323.300004
157	323.1000006
158	323.0000138
159	323.1000006
160	323.1999874
161	323.300004
162	323.1000006
163	323.1000006
164	323.300004
165	323.5000074
166	323.7999976
167	324.000001
168	324.0999877
169	324.2000043
170	324.0999877
171	324.000001
172	323.7000108
173	323.5999942
174	323.5000074
175	323.5000074
176	323.300004
177	323.5000074
178	323.5999942
179	323.5000074
180	323.1000006
181	323.1000006
182	323.7999976
183	323.9000142
184	324.0999877
185	324.4000077
186	324.0999877
187	324.2000043
188	324.2000043
189	324.4000077
190	324.4000077
191	324.6999979
192	324.8000145
193	324.6999979
194	324.6999979
195	324.8000145
196	324.9000013
197	325.1000047
198	324.9999881
199	324.6999979
200	324.6000111
201	324.4999945
202	324.4000077
203	324.2000043
204	324.2999911
205	324.0999877
206	324.0999877
207	324.2999911
208	324.2999911
209	324.4999945
210	324.4000077
211	324.4999945
212	324.2999911
213	324.0999877
214	323.7999976
215	323.7999976
216	323.7999976
217	323.7000108
218	323.5000074
219	323.5999942
220	323.3999908
221	323.5999942
222	323.3999908
223	323.7000108
224	323.5000074
225	323.5000074
226	323.7000108
227	323.5999942
228	323.3999908
229	323.300004
230	322.8000104
231	323.1000006
232	323.0000138
233	323.3999908
234	323.3999908
235	323.7000108
236	323.9000142
237	323.7999976
238	323.7999976
239	323.7999976
240	323.5000074
241	323.5999942
242	323.7000108
243	323.3999908
244	323.0000138
245	322.8999972
246	322.8999972
247	323.1000006
248	323.1000006
249	323.300004
250	323.300004
251	323.3999908
252	323.7999976
253	323.7999976
254	323.5999942
255	323.7999976
256	323.7000108
257	323.9000142
258	323.7999976
259	324.000001
260	323.7999976
261	323.9000142
262	323.5000074
263	323.5000074
264	323.1999874
265	323.3999908
266	323.300004
267	323.3999908
268	323.5000074
269	323.3999908
270	323.1999874
271	323.1999874
272	322.8999972
273	322.8000104
274	323.0000138
275	322.8000104
276	322.4999905
277	322.6000071
278	322.4999905
279	322.4999905
280	322.6999938
281	323.1000006
282	323.1000006
283	323.3999908
284	323.3999908
285	323.5999942
286	323.7999976
287	323.5000074
288	322.6999938
289	321.2000132
290	318.5000122
291	315.1000142
292	312.9000068
293	308.9999855
294	304.6999872
295	300.9000123
296	299.1999984
297	295.8000004
298	293.3000028
299	291.5999889
300	290.899992
301	290.3999984
302	290.4999852
303	290.6000018
304	291.5999889
305	292.1999991
306	293.0999994
307	293.5000062
308	294.4999933
309	295.8000004
310	296.9999909
311	297.3999977
312	298.299998
313	299.2999852
314	300.3000021
315	300.9000123
316	301.9999862
317	302.8999865
318	303.4999967
319	303.9000034
320	304.8000038
321	305.5000007
322	306.1000109
323	306.400001
324	307.0000112
325	307.7000082
326	307.7000082
327	308.2999885
328	308.4999919
329	308.8999987
330	308.8999987
331	308.9999855
332	309.5000088
333	309.8999858
334	309.8999858
335	309.8999858
336	310.2000058
337	310.6000125
338	310.9000027
339	310.9999895
340	311.3000095
341	311.5000129
342	311.5000129
343	311.5000129
344	311.6999865
345	311.8999898
346	311.8000031
347	312.0000064
348	312.0999932
349	312.0999932
350	312.0999932
351	312.2999966
352	312.5
353	312.7000034
354	312.7999902
355	313.1000102
356	312.9000068
357	313.1999969
358	313.1999969
359	313.1999969
360	313.4000003
361	313.6999905
362	313.8000071
363	313.6000037
364	313.6999905
365	313.8000071
366	313.8000071
367	313.8000071
368	313.8000071
369	313.8000071
370	313.6999905
371	313.8000071
372	313.8000071
373	313.8000071
374	313.8999939
375	313.6000037
376	313.4999871
377	313.6000037
378	313.6000037
379	313.8000071
380	313.8999939
381	313.8000071
382	313.8000071
383	314.0000105
384	314.0999973
385	314.0999973
386	314.2000139
387	314.3999875
388	314.3000007
389	314.3000007
390	314.2000139
391	314.2000139
392	314.3999875
393	314.3000007
394	314.5999908
395	314.7000074
396	314.5999908
397	314.9000108
398	314.7000074
399	314.9000108
400	314.9000108
401	314.7999942
402	314.7000074
403	314.7999942
404	314.9000108
405	314.7000074
406	314.7999942
407	314.7000074
408	314.7000074
409	314.5999908
410	314.7000074
411	314.7999942
412	314.5999908
413	314.5999908
414	314.7000074
415	314.7000074
416	314.3999875
417	314.5999908
418	314.7000074
419	314.5999908
420	314.5000041
421	314.5999908
422	314.7999942
423	314.7999942
424	314.7000074
425	314.7000074
426	314.9000108
427	314.9999976
428	314.7000074
429	314.7999942
430	314.5999908
431	314.7000074
432	314.7000074
433	314.7000074
434	314.5000041
435	314.2000139
436	314.3999875
437	314.3000007
438	314.5000041
439	314.7000074
440	314.7000074
441	314.7000074
442	314.9999976
443	314.9999976
444	314.9000108
445	315.1000142
446	315.200001
447	315.2999878
448	315.6000078
449	315.6000078
450	315.6000078
451	315.8000112
452	315.8000112
453	315.8000112
454	315.8999979
455	315.4000044
456	315.4000044
457	315.4000044
458	315.1000142
459	315.1000142
460	314.9000108
461	314.7999942
462	314.9999976
463	315.1000142
464	314.9999976
465	314.9000108
466	314.7000074
467	314.9999976
468	314.7999942
469	314.9999976
470	315.1000142
471	314.9999976
472	314.9999976
473	314.9000108
474	315.1000142
475	315.1000142
476	314.9999976
477	315.1000142
478	315.200001
479	315.200001
480	315.2999878
481	315.4000044
482	315.4000044
483	315.2999878
484	315.4000044
485	315.4000044
486	315.4000044
487	315.6999946
488	315.4000044
489	315.4000044
490	315.4000044
491	315.2999878
492	315.200001
493	315.200001
494	315.2999878
495	315.2999878
496	315.1000142
497	315.1000142
498	315.1000142
499	314.9999976
500	315.200001
501	315.1000142
502	314.9999976
503	315.1000142
504	314.9999976
505	314.9999976
506	315.1000142
507	314.9999976
508	315.1000142
509	315.1000142
510	315.200001
511	314.9999976
512	315.200001
513	315.1000142
514	315.1000142
515	315.1000142
516	315.200001
517	314.9999976
518	314.7999942
519	314.9000108
520	314.9000108
521	314.9000108
522	314.7999942
523	315.1000142
524	315.1000142
525	315.1000142
526	315.1000142
527	315.1000142
528	315.200001
529	315.1000142
530	315.200001
531	315.200001
532	315.4000044
533	315.2999878
534	315.1000142
535	315.1000142
536	315.1000142
537	314.9999976
538	315.1000142
539	314.7000074
540	314.9000108
541	315.1000142
542	315.1000142
543	315.200001
544	315.2999878
545	315.2999878
546	315.2999878
547	315.2999878
548	315.1000142
549	315.200001
550	315.1000142
551	315.1000142
552	314.7000074
553	314.7000074
554	314.7000074
555	314.7000074
556	314.7999942
557	314.9999976
558	314.7000074
559	314.9999976
560	315.2999878
561	314.9999976
562	314.7999942
563	314.7999942
564	315.1000142
565	315.1000142
566	315.4000044
567	315.200001
568	315.1000142
569	315.200001
570	315.2999878
571	315.4000044
572	315.2999878
573	315.1000142
574	315.2999878
575	315.2999878
576	314.9000108
577	314.9000108
578	314.7000074
579	314.5999908
580	314.5999908
581	314.7000074
582	315.1000142
583	315.4999912
584	316.3000047
585	317.0000017
586	317.900002
587	318.1000054
588	318.8999891
589	319.4999993
590	320.1999962
591	320.600003
592	321.3999867
593	321.7999935
594	322.1000135
595	322.4999905
596	322.6999938
597	322.8000104
598	323.1000006
599	323.3999908
600	323.3999908
601	323.7999976
602	323.7999976
603	324.000001
604	324.0999877
605	324.0999877
606	324.0999877
607	324.2000043
608	324.2000043
609	324.4999945
610	324.6000111
611	324.4999945
612	324.6000111
613	324.4000077
614	324.6999979
615	324.4000077
616	323.7000108
617	323.5000074
618	323.300004
619	323.3999908
620	323.5999942
621	323.9000142
622	324.0999877
623	324.000001
624	324.0999877
625	324.0999877
626	324.4000077
627	324.4000077
628	324.6000111
629	324.4000077
630	324.2000043
631	324.0999877
632	324.2999911
633	324.2000043
634	324.4000077
635	324.2000043
636	324.4000077
637	324.4999945
638	324.6000111
639	324.6000111
640	324.2999911
641	324.4000077
642	324.4999945
643	324.4999945
644	324.6999979
645	324.6999979
646	324.6999979
647	324.4000077
648	324.4000077
649	324.000001
650	323.7999976
651	323.5000074
652	323.5000074
653	323.7000108
654	323.7000108
655	323.7000108
656	323.7000108
657	323.5999942
658	323.7999976
659	323.7999976
660	323.7999976
661	323.7000108
662	323.5999942
663	323.7999976
664	323.9000142
665	323.7999976
666	323.7999976
667	324.000001
668	324.0999877
669	323.9000142
670	323.5999942
671	323.5000074
672	323.300004
673	323.3999908
674	323.5000074
675	323.5999942
676	323.9000142
677	323.9000142
678	323.7000108
679	323.7999976
680	323.7999976
681	323.5999942
682	323.3999908
683	323.300004
684	323.1000006
685	322.8000104
686	322.8000104
687	322.8999972
688	322.8999972
689	323.0000138
690	323.300004
691	323.3999908
692	323.5000074
693	323.300004
694	323.300004
695	323.300004
696	323.3999908
697	323.3999908
698	323.3999908
699	323.3999908
700	323.3999908
701	323.3999908
702	323.5999942
703	323.7999976
704	323.9000142
705	324.2999911
706	324.2000043
707	324.4000077
708	324.4999945
709	324.4999945
710	324.6000111
711	324.8000145
712	324.9000013
713	324.6999979
714	324.6999979
715	324.8000145
716	324.6999979
717	324.8000145
718	324.6999979
719	324.6999979
720	324.6000111
721	324.4999945
722	324.4000077
723	324.4000077
724	324.6000111
725	324.6000111
726	324.4000077
727	324.4000077
728	324.2999911
729	324.4000077
730	324.4000077
731	324.2999911
732	323.7999976
733	323.7000108
734	323.7999976
735	323.5999942
736	323.300004
737	323.3999908
738	323.3999908
739	323.1999874
740	323.1999874
741	323.1999874
742	323.1000006
743	322.8999972
744	323.0000138
745	322.8000104
746	322.8999972
747	322.8000104
748	322.4999905
749	322.4999905
750	321.9999969
751	322.1000135
752	322.4000037
753	322.8000104
754	323.5000074
755	324.2000043
756	324.6000111
757	324.9999881
758	325.1000047
759	324.6999979
760	324.6999979
761	323.7999976
762	322.4999905
763	321.5000033
764	318.6999857
765	315.1000142
766	310.6000125
767	308.2999885
768	303.9000034
769	300.0000119
770	296.600014
771	295.1000035
772	292.6999927
773	291.0999954
774	290.3000116
775	290.199995
776	290.199995
777	290.6000018
778	291.5000021
779	291.9999957
780	292.899996
781	294.2999899
782	295.3000069
783	295.8000004
784	296.9999909
785	298.4000146
786	299.1999984
787	300.5000055
788	301.4000058
789	302.3999929
790	302.7999997
791	303.6000133
792	304.399997
793	305.0999939
794	305.4000139
795	305.9000075
796	306.3000143
797	306.6999912
798	307.0000112
799	307.3999882
800	307.7999949
801	308.2000017
802	308.4999919
803	308.8999987
804	309.3000054
805	309.799999
806	309.7000122
807	310.2999926
808	310.4999959
809	310.6000125
810	310.6999993
811	310.6999993
812	310.9999895
813	310.9999895
814	311.1000061
815	311.5999997
816	311.6999865
817	311.8000031
818	311.8999898
819	312.0999932
820	312.2999966
821	312.2999966
822	312.2000098
823	312.2000098
824	312.5
825	312.5
826	312.5999868
827	312.7999902
828	312.7999902
829	312.7000034
830	312.5
831	312.5999868
832	312.5
833	312.5999868
834	312.5
835	312.9999936
836	312.7999902
837	312.9999936
838	313.1000102
839	313.3000135
840	313.4000003
841	313.4999871
842	313.3000135
843	313.4000003
844	313.4000003
845	313.4999871
846	313.4000003
847	313.4000003
848	313.3000135
849	313.1999969
850	313.1000102
851	313.1000102
852	313.1000102
853	312.9999936
854	313.3000135
855	313.1999969
856	313.4000003
857	313.4000003
858	313.6000037
859	313.4999871
860	313.6000037
861	313.6000037
862	313.6999905
863	313.8999939
864	313.6000037
865	313.6999905
866	313.6999905
867	313.8999939
868	313.8000071
869	313.8000071
870	313.4999871
871	313.6000037
872	313.6999905
873	313.4999871
874	313.4000003
875	313.6000037
876	313.8000071
877	313.8999939
878	314.0000105
879	314.0999973
880	313.8999939
881	313.8999939
882	313.8000071
883	314.0999973
884	314.0999973
885	314.0999973
886	314.2000139
887	314.3000007
888	314.3000007
889	314.5999908
890	314.3999875
891	314.5000041
892	314.3999875
893	314.3000007
894	314.0999973
895	314.2000139
896	313.8000071
897	313.6000037
898	313.6000037
899	314.0999973
900	314.0999973
901	314.0999973
902	314.0000105
903	314.3000007
904	314.3999875
905	314.0999973
906	314.2000139
907	313.8999939
908	314.0000105
909	314.0999973
910	314.3000007
911	314.3000007
912	314.3999875
913	314.3000007
914	314.5000041
915	314.5000041
916	314.5000041
917	314.3999875
918	314.7000074
919	314.7000074
920	314.3999875
921	314.3999875
922	314.5000041
923	314.2000139
924	314.2000139
925	314.2000139
926	314.2000139
927	314.5000041
928	314.3999875
929	314.3000007
930	314.2000139
931	314.5000041
932	314.3000007
933	314.3000007
934	314.2000139
935	314.3999875
936	314.3999875
937	314.5999908
938	314.5999908
939	314.7000074
940	314.7000074
941	314.7000074
942	314.5000041
943	314.5000041
944	314.3999875
945	314.3000007
946	314.3000007
947	314.3000007
948	314.3000007
949	314.3999875
950	314.3000007
951	314.3999875
952	314.3000007
953	314.3999875
954	314.0999973
955	314.0999973
956	314.0000105
957	314.0999973
958	314.0999973
959	314.0999973
960	314.0999973
961	313.8000071
962	314.0000105
963	314.0999973
964	314.3999875
965	314.3999875
966	314.3999875
967	314.3999875
968	314.5000041
969	314.3999875
970	314.5999908
971	314.5000041
972	314.7999942
973	314.7999942
974	314.7999942
975	314.9000108
976	314.7999942
977	314.7999942
978	314.7000074
979	314.5999908
980	314.3999875
981	314.3999875
982	314.5000041
983	314.3999875
984	314.5000041
985	314.5999908
986	314.7000074
987	314.9000108
988	314.7999942
989	314.7000074
990	314.7000074
991	314.9000108
992	315.1000142
993	315.200001
994	315.2999878
995	315.2999878
996	315.200001
997	315.1000142
998	315.1000142
999	315.1000142
1000	315.1000142
1001	315.1000142
1002	314.9000108
1003	314.7000074
1004	314.5999908
1005	314.7000074
1006	314.5000041
1007	314.3999875
1008	314.3999875
1009	314.3999875
1010	314.3999875
1011	314.5000041
1012	314.9000108
1013	314.7000074
1014	314.7000074
1015	314.9000108
1016	314.9999976
1017	315.1000142
1018	314.9999976
1019	315.1000142
1020	314.9999976
1021	314.7999942
1022	314.7999942
1023	314.7000074
1024	314.7000074
1025	314.7000074
1026	314.7000074
1027	314.5999908
1028	314.5999908
1029	314.7000074
1030	314.7000074
1031	314.3999875
1032	314.3999875
1033	314.5000041
1034	314.5999908
1035	314.9000108
1036	314.7999942
1037	315.1000142
1038	315.1000142
1039	314.9999976
1040	314.7999942
1041	314.7000074
1042	314.7000074
1043	314.7000074
1044	314.7000074
1045	314.7999942
1046	314.9000108
1047	314.9000108
1048	314.7999942
1049	314.5000041
1050	314.3999875
1051	314.3000007
1052	314.3999875
1053	314.5999908
1054	314.9000108
1055	315.4000044
1056	316.1000013
1057	317.2999918
1058	318.3000088
1059	318.3000088
1060	319.2000091
1061	320.1999962
1062	320.6999898
1063	321.2000132
1064	321.7000067
1065	322.6000071
1066	322.8000104
1067	323.1999874
1068	323.300004
1069	323.3999908
1070	323.5000074
1071	323.5000074
1072	323.7000108
1073	323.3999908
1074	323.3999908
1075	323.1999874
1076	323.1000006
1077	323.1999874
1078	323.3999908
1079	323.3999908
1080	323.5999942
1081	323.7999976
1082	323.5999942
1083	323.3999908
1084	323.3999908
1085	323.3999908
1086	323.1000006
1087	323.1000006
1088	323.300004
1089	322.8999972
1090	323.1999874
1091	323.1000006
1092	323.5000074
1093	323.5999942
1094	323.3999908
1095	323.5000074
1096	323.7999976
1097	323.7999976
1098	323.9000142
1099	323.7999976
1100	323.7999976
1101	323.7999976
1102	323.9000142
1103	324.000001
1104	324.0999877
1105	324.2999911
1106	324.4000077
1107	324.000001
1108	324.000001
1109	323.5000074
1110	323.3999908
1111	323.300004
1112	323.1000006
1113	323.3999908
1114	323.3999908
1115	323.5000074
1116	323.5000074
1117	323.5999942
1118	323.5000074
1119	323.5000074
1120	323.7999976
1121	324.0999877
1122	324.4000077
1123	324.4000077
1124	324.2999911
1125	324.0999877
1126	323.7999976
1127	323.7999976
1128	323.3999908
1129	323.1000006
1130	322.8999972
1131	323.300004
1132	323.1000006
1133	323.1000006
1134	322.8000104
1135	322.8000104
1136	322.4999905
1137	322.6999938
1138	322.8000104
1139	322.8999972
1140	322.8999972
1141	322.8999972
1142	323.1000006
1143	323.3999908
1144	323.5000074
1145	323.3999908
1146	323.5000074
1147	323.5000074
1148	323.5999942
1149	323.5999942
1150	323.5999942
1151	323.7000108
1152	323.7000108
1153	323.7000108
1154	323.7999976
1155	323.5999942
1156	323.5000074
1157	323.7999976
1158	323.7999976
1159	324.000001
1160	324.2999911
1161	324.4000077
1162	324.2999911
1163	324.0999877
1164	324.0999877
1165	324.0999877
1166	323.9000142
1167	323.9000142
1168	323.7999976
1169	323.9000142
1170	324.000001
1171	324.0999877
1172	324.2000043
1173	324.0999877
1174	324.0999877
1175	324.2999911
1176	324.4000077
1177	324.4000077
1178	324.2999911
1179	324.2999911
1180	323.9000142
1181	323.7000108
1182	323.5000074
1183	323.3999908
1184	323.3999908
1185	323.1999874
1186	323.300004
1187	323.1999874
1188	323.300004
1189	323.0000138
1190	323.0000138
1191	323.1000006
1192	323.3999908
1193	323.5000074
1194	323.5999942
1195	323.7999976
1196	323.9000142
1197	323.7999976
1198	323.5999942
1199	323.5999942
1200	323.7999976
1201	323.5000074
1202	323.7000108
1203	323.7000108
1204	323.7999976
1205	323.5999942
1206	323.7999976
1207	323.5000074
1208	323.3999908
1209	323.1999874
1210	323.3999908
1211	323.3999908
1212	323.3999908
1213	323.3999908
1214	323.3999908
1215	323.3999908
1216	323.7000108
1217	324.0999877
1218	324.2000043
1219	324.0999877
1220	324.2000043
1221	323.7999976
1222	323.300004
1223	323.1000006
1224	322.8000104
1225	322.8000104
1226	323.0000138
1227	323.1000006
1228	323.3999908
1229	324.000001
1230	324.2999911
1231	324.4000077
1232	324.4000077
1233	324.4000077
1234	324.0999877
1235	323.7000108
1236	321.9000101
1237	318.599999
1238	314.3999875
1239	312.2000098
1240	306.8999946
1241	302.3000062
1242	298.4000146
1243	296.7000008
1244	293.599993
1245	291.5000021
1246	290.6999886
1247	289.4000113
1248	288.8000011
1249	288.8000011
1250	288.8999879
1251	289.4000113
1252	290.3000116
1253	291.200012
1254	291.7999923
1255	293.0000126
1256	294.2999899
1257	295.3000069
1258	295.8999872
1259	296.7999876
1260	298.2000113
1261	299.1999984
1262	299.8000085
1263	300.9000123
1264	301.9999862
1265	302.5999963
1266	302.7999997
1267	303.7
1268	304.1999936
1269	304.6999872
1270	305.0999939
1271	305.7000041
1272	306.400001
1273	306.8999946
1274	307.3000014
1275	307.7999949
1276	308.2999885
1277	308.2999885
1278	308.4000051
1279	308.6000085
1280	308.6000085
1281	308.8999987
1282	309.1000021
1283	309.3000054
1284	309.5999956
1285	309.799999
1286	309.8999858
1287	310.2000058
1288	310.4999959
1289	310.6000125
1290	310.9000027
1291	311.5000129
1292	311.5000129
1293	311.5000129
1294	311.5999997
1295	311.6999865
1296	311.8000031
1297	311.8000031
1298	312.0000064
1299	312.0000064
1300	312.2000098
1301	312.2999966
1302	312.5
1303	312.5
1304	312.7000034
1305	312.7999902
1306	312.7999902
1307	312.9000068
1308	313.1000102
1309	313.4000003
1310	313.4000003
1311	313.1000102
1312	313.1000102
1313	313.4000003
1314	313.4999871
1315	313.4999871
1316	313.6000037
1317	313.4999871
1318	313.4999871
1319	313.6999905
1320	313.6999905
1321	313.4999871
1322	313.4999871
1323	313.4000003
1324	313.4999871
1325	313.3000135
1326	313.4999871
1327	313.4999871
1328	313.8000071
1329	313.8000071
1330	313.6999905
1331	313.6999905
1332	313.8000071
1333	313.4999871
1334	313.6000037
1335	313.4999871
1336	313.6000037
1337	313.6999905
1338	313.8000071
1339	313.6000037
1340	313.6999905
1341	313.8000071
1342	313.8999939
1343	313.8999939
1344	313.8000071
1345	314.0999973
1346	314.0000105
1347	313.8999939
1348	314.0000105
1349	314.2000139
1350	314.2000139
1351	314.7000074
1352	314.5999908
1353	314.7000074
1354	314.9000108
1355	314.7999942
1356	314.9000108
1357	315.1000142
1358	314.9999976
1359	314.7999942
1360	314.7000074
1361	314.9000108
1362	314.7000074
1363	314.7999942
1364	314.7999942
1365	314.7000074
1366	314.7999942
1367	314.9000108
1368	314.9999976
1369	315.200001
1370	314.9999976
1371	314.9000108
1372	314.9000108
1373	315.1000142
1374	315.1000142
1375	314.9999976
1376	315.1000142
1377	314.9999976
1378	315.1000142
1379	315.1000142
1380	314.9999976
1381	315.1000142
1382	315.200001
1383	315.1000142
1384	315.200001
1385	314.9999976
1386	315.2999878
1387	315.4000044
1388	315.4000044
1389	315.1000142
1390	315.1000142
1391	315.2999878
1392	315.4000044
1393	315.200001
1394	315.200001
1395	315.4000044
1396	315.4000044
1397	315.4000044
1398	315.200001
1399	315.4999912
1400	315.6999946
1401	315.6999946
1402	315.6000078
1403	315.6999946
1404	315.6999946
1405	316.0000145
1406	316.1000013
1407	316.3000047
1408	316.0000145
1409	315.6999946
1410	315.6999946
1411	315.8999979
1412	315.8000112
1413	315.8999979
1414	315.8000112
1415	315.8000112
1416	315.8000112
1417	315.6999946
1418	315.8000112
1419	315.6999946
1420	315.6999946
1421	315.8000112
1422	316.0000145
1423	316.0000145
1424	316.1999881
1425	316.3000047
1426	316.3000047
1427	316.1999881
1428	316.7000115
1429	317.0000017
1430	317.2000051
1431	317.0000017
1432	317.0999885
1433	317.2999918
1434	317.2000051
1435	317.0000017
1436	317.0000017
1437	316.7999983
1438	317.0999885
1439	317.0000017
1440	316.9000149
1441	316.9000149
1442	316.9000149
1443	316.5999949
1444	316.5999949
1445	316.7000115
1446	316.3999915
1447	316.5999949
1448	316.7000115
1449	316.9000149
1450	316.7000115
1451	316.7999983
1452	316.7999983
1453	316.7000115
1454	317.0000017
1455	316.7999983
1456	316.7000115
1457	316.7000115
1458	316.7000115
1459	316.9000149
1460	317.0000017
1461	317.2999918
1462	317.2999918
1463	317.6000118
1464	318.3000088
1465	318.6999857
1466	318.8999891
1467	319.0000057
1468	319.0000057
1469	319.0000057
1470	319.0000057
1471	319.0000057
1472	319.0000057
1473	318.8999891
1474	318.599999
1475	318.8999891
1476	318.6999857
1477	318.6999857
1478	318.5000122
1479	318.6999857
1480	318.8999891
1481	319.0999925
1482	318.8999891
1483	318.8999891
1484	318.8000023
1485	318.599999
1486	318.599999
1487	318.599999
1488	318.599999
1489	318.3999956
1490	318.3000088
1491	318.3000088
1492	318.3000088
1493	318.5000122
1494	318.5000122
1495	318.3000088
1496	318.1000054
1497	318.1000054
1498	317.900002
1499	317.7999854
1500	317.6000118
1501	317.7999854
1502	317.6999986
1503	317.6000118
1504	317.6000118
1505	317.7999854
1506	317.6999986
1507	317.6999986
1508	317.4000084
1509	317.4000084
1510	317.4000084
1511	317.2999918
1512	317.2000051
1513	317.2999918
1514	317.2999918
1515	317.2999918
1516	317.2999918
1517	317.2999918
1518	317.2000051
1519	317.4999952
1520	317.2000051
1521	316.9000149
1522	316.9000149
1523	316.7999983
1524	316.5999949
1525	316.3999915
1526	316.3000047
1527	316.5999949
1528	317.0999885
1529	317.7999854
1530	318.1000054
1531	318.8999891
1532	319.9999928
1533	320.8000064
1534	320.3000128
1535	321.7999935
1536	322.2999871
1537	322.8000104
1538	323.0000138
1539	323.0000138
1540	323.300004
1541	323.5999942
1542	323.7999976
1543	324.0999877
1544	324.2000043
1545	324.4000077
1546	324.8000145
1547	324.9999881
1548	324.9999881
1549	325.1000047
1550	324.9999881
1551	324.6000111
1552	324.4000077
1553	324.6000111
1554	324.4000077
1555	324.4000077
1556	324.0999877
1557	324.4000077
1558	324.6000111
1559	324.4999945
1560	324.2000043
1561	324.2999911
1562	324.2999911
1563	324.0999877
1564	324.0999877
1565	324.000001
1566	324.000001
1567	324.2000043
1568	324.2999911
1569	324.2999911
1570	324.0999877
1571	324.2999911
1572	324.2999911
1573	324.4000077
1574	324.4000077
1575	324.6000111
1576	324.6000111
1577	324.4999945
1578	324.4999945
1579	324.6000111
1580	324.6999979
1581	324.6000111
1582	324.6999979
1583	324.6000111
1584	324.6999979
1585	324.6999979
1586	324.4999945
1587	324.0999877
1588	324.0999877
1589	324.4000077
1590	324.2000043
1591	324.4000077
1592	324.2999911
1593	324.4999945
1594	324.4999945
1595	324.6999979
1596	324.4999945
1597	324.4999945
1598	324.8000145
1599	324.6999979
1600	324.9999881
1601	324.6999979
1602	324.8000145
1603	324.9999881
1604	324.8000145
1605	324.4999945
1606	324.6000111
1607	324.4999945
1608	324.4999945
1609	324.4999945
1610	324.6000111
1611	324.6999979
1612	324.6999979
1613	324.6999979
1614	324.8000145
1615	325.1000047
1616	325.1000047
1617	325.3999949
1618	324.9999881
1619	325.1999915
1620	325.1000047
1621	324.8000145
1622	324.6999979
1623	324.6000111
1624	324.9000013
1625	324.4000077
1626	324.6999979
1627	324.9999881
1628	325.1999915
1629	325.3999949
1630	325.3000081
1631	325.5000114
1632	325.3000081
1633	325.5000114
1634	325.3000081
1635	324.9999881
1636	324.6999979
1637	324.6000111
1638	324.2999911
1639	324.0999877
1640	324.0999877
1641	324.4999945
1642	324.6999979
1643	324.9000013
1644	325.1999915
1645	324.9999881
1646	324.9999881
1647	324.9000013
1648	325.3000081
1649	325.3999949
1650	325.7000148
1651	326.000005
1652	326.4000118
1653	326.4000118
1654	326.0999918
1655	326.0999918
1656	326.000005
1657	326.000005
1658	325.7000148
1659	325.7000148
1660	326.000005
1661	325.3000081
1662	325.3999949
1663	325.1999915
1664	324.9999881
1665	325.3000081
1666	324.9000013
1667	324.6999979
1668	324.4000077
1669	324.2000043
1670	324.2000043
1671	324.2999911
1672	324.2999911
1673	324.6999979
1674	324.6000111
1675	324.4000077
1676	324.2000043
1677	324.0999877
1678	324.0999877
1679	324.2000043
1680	324.0999877
1681	324.9999881
1682	325.5999982
1683	326.000005
1684	325.8999884
1685	326.000005
1686	325.7000148
1687	325.7000148
1688	325.3999949
1689	325.3999949
1690	325.1000047
1691	324.9999881
1692	324.8000145
1693	324.8000145
1694	324.4000077
1695	324.6000111
1696	324.4000077
1697	324.000001
1698	323.7000108
1699	323.7999976
1700	323.9000142
1701	324.2999911
1702	324.8000145
1703	324.9000013
1704	325.5999982
1705	325.8000016
1706	326.000005
1707	325.7000148
1708	324.4000077
1709	322.8999972
1710	321.5000033
1711	317.900002
1712	313.6999905
1713	308.8999987
1714	306.6999912
1715	302.3000062
1716	298.2000113
1717	295.1000035
1718	293.7000096
1719	291.7000055
1720	290.1000082
1721	289.2999947
1722	289.2000079
1723	289.2000079
1724	289.7999883
1725	290.6999886
1726	291.2999988
1727	292.4999893
1728	293.9999998
1729	294.8000133
1730	295.7000136
1731	296.9999909
1732	298.2000113
1733	298.7000048
1734	300.0999987
1735	300.9000123
1736	301.8999994
1737	302.1999896
1738	303.0999899
1739	303.7
1740	304.8000038
1741	305.4000139
1742	306.1999977
1743	306.6999912
1744	307.0000112
1745	307.2000146
1746	307.7000082
1747	307.9999983
1748	308.2999885
1749	308.8000119
1750	308.8999987
1751	309.5999956
1752	309.5999956
1753	310.2000058
1754	310.4999959
1755	310.7999861
1756	310.7999861
1757	310.9999895
1758	310.9999895
1759	311.1999929
1760	311.1999929
1761	311.1999929
1762	311.3000095
1763	311.5000129
1764	311.5999997
1765	311.6999865
1766	311.8000031
1767	312.0000064
1768	312.0999932
1769	312.2000098
1770	312.7000034
1771	313.1000102
1772	313.1000102
1773	313.4000003
1774	313.4000003
1775	313.3000135
1776	312.9999936
1777	313.1000102
1778	313.4999871
1779	313.1000102
1780	313.1000102
1781	313.4000003
1782	313.1999969
1783	313.3000135
1784	313.4999871
1785	313.4999871
1786	313.8000071
1787	313.6999905
1788	313.8000071
1789	313.8000071
1790	313.8000071
1791	314.0999973
1792	314.0000105
1793	313.8999939
1794	314.0000105
1795	314.0999973
1796	314.0999973
1797	314.3000007
1798	314.3999875
1799	314.3000007
1800	314.0999973
1801	314.5000041
1802	314.5999908
1803	314.7000074
1804	314.7000074
1805	314.7999942
1806	314.7000074
1807	314.7000074
1808	315.1000142
1809	315.2999878
1810	315.4999912
1811	315.4000044
1812	315.6000078
1813	315.8000112
1814	315.8000112
1815	315.6999946
1816	315.6000078
1817	315.6999946
1818	315.6999946
1819	315.6999946
1820	315.6000078
1821	315.6000078
1822	315.6000078
1823	315.2999878
1824	315.4000044
1825	315.6000078
1826	315.4999912
1827	315.2999878
1828	315.4999912
1829	315.2999878
1830	315.6000078
1831	315.4999912
1832	315.4999912
1833	315.6000078
1834	315.4999912
1835	315.4999912
1836	315.6999946
1837	315.4000044
1838	315.4000044
1839	315.6999946
1840	315.4000044
1841	315.4999912
1842	315.6000078
1843	315.4999912
1844	315.8999979
1845	315.6999946
1846	315.6000078
1847	315.6999946
1848	315.4999912
1849	315.8000112
1850	316.0000145
1851	316.3000047
1852	316.0000145
1853	315.8000112
1854	315.4000044
1855	315.4000044
1856	315.4000044
1857	315.1000142
1858	315.200001
1859	315.200001
1860	315.200001
1861	315.200001
1862	315.4000044
1863	315.2999878
1864	315.4000044
1865	315.4000044
1866	315.2999878
1867	315.4000044
1868	315.4000044
1869	315.1000142
1870	315.2999878
1871	315.2999878
1872	315.4000044
1873	315.200001
1874	315.4000044
1875	315.4000044
1876	315.6000078
1877	315.6000078
1878	315.6999946
1879	315.6000078
1880	315.4999912
1881	315.6000078
1882	315.6000078
1883	315.4999912
1884	315.4000044
1885	315.6999946
1886	315.6999946
1887	315.6999946
1888	315.8999979
1889	316.0000145
1890	315.6999946
1891	315.6999946
1892	315.8000112
1893	315.6000078
1894	315.8000112
1895	315.8000112
1896	315.8000112
1897	315.6000078
1898	315.6999946
1899	315.6000078
1900	315.6000078
1901	315.4000044
1902	315.4000044
1903	315.6999946
1904	315.6000078
1905	315.8999979
1906	316.0000145
1907	316.1999881
1908	315.8999979
1909	316.0000145
1910	316.3999915
1911	316.3000047
1912	316.3999915
1913	316.5000081
1914	316.3999915
1915	316.5000081
1916	316.5000081
1917	316.5999949
1918	316.5000081
1919	316.7000115
1920	316.5999949
1921	316.7000115
1922	316.7000115
1923	317.2000051
1924	317.4999952
1925	317.4999952
1926	317.2999918
1927	317.0000017
1928	316.5999949
1929	316.7000115
1930	316.5999949
1931	316.3999915
1932	316.5000081
1933	316.3999915
1934	316.3999915
1935	316.3999915
1936	316.3000047
1937	316.3999915
1938	316.5000081
1939	316.5999949
1940	316.3999915
1941	316.5999949
1942	316.3999915
1943	316.5000081
1944	316.7000115
1945	316.7999983
1946	316.7000115
1947	316.7999983
1948	316.7999983
1949	316.7999983
1950	316.7999983
1951	316.7999983
1952	316.9000149
1953	316.9000149
1954	317.0999885
1955	317.2000051
1956	317.4999952
1957	317.4000084
1958	317.0000017
1959	317.0999885
1960	317.2999918
1961	317.2999918
1962	317.0999885
1963	317.0999885
1964	317.4000084
1965	317.6000118
1966	317.7999854
1967	317.900002
1968	317.9999888
1969	317.9999888
1970	317.9999888
1971	317.9999888
1972	317.7999854
1973	317.900002
1974	317.6000118
1975	317.6000118
1976	317.6000118
1977	317.6000118
1978	317.2999918
1979	317.2999918
1980	317.6000118
1981	317.4000084
1982	317.4999952
1983	317.4999952
1984	317.4000084
1985	317.4000084
1986	317.6000118
1987	318.1000054
1988	318.1999922
1989	318.3000088
1990	318.3000088
1991	318.3000088
1992	318.1999922
1993	317.900002
1994	317.6999986
1995	317.2999918
1996	317.0000017
1997	316.9000149
1998	317.0999885
1999	317.2000051
2000	317.2000051
2001	317.2999918
2002	317.4000084
2003	318.3000088
2004	318.8000023
2005	319.4000125
2006	319.9999928
2007	320.8999932
2008	321.7999935
2009	321.9999969
2010	322.8000104
2011	323.5000074
2012	324.2000043
2013	324.4999945
2014	324.6999979
2015	325.1000047
2016	325.1999915
2017	324.9999881
2018	325.5000114
2019	325.5999982
2020	325.7000148
2021	325.8000016
2022	325.7000148
2023	326.000005
2024	326.2000084
2025	326.0999918
2026	326.0999918
2027	326.2000084
2028	326.2000084
2029	326.4000118
2030	326.7999887
2031	326.9999921
2032	326.9000053
2033	326.700002
2034	326.4999986
2035	326.5999854
2036	326.9999921
2037	326.700002
2038	326.700002
2039	326.9000053
2040	326.9000053
2041	326.9000053
2042	326.9000053
2043	327.1000087
2044	326.9999921
2045	327.1000087
2046	327.1999955
2047	327.1999955
2048	327.1000087
2049	326.9999921
2050	326.9000053
2051	326.9000053
2052	326.9999921
2053	327.1999955
2054	327.3000121
2055	327.1999955
2056	326.9999921
2057	326.7999887
2058	326.4999986
2059	326.4999986
2060	326.2999952
2061	326.4000118
2062	326.4000118
2063	326.4999986
2064	326.700002
2065	326.700002
2066	326.7999887
2067	326.9999921
2068	327.3000121
2069	327.3000121
2070	327.1999955
2071	326.9999921
2072	326.700002
2073	326.4999986
2074	326.4000118
2075	326.2999952
2076	326.2000084
2077	326.000005
2078	326.0999918
2079	326.0999918
2080	326.2999952
2081	326.4000118
2082	326.2999952
2083	326.700002
2084	326.9999921
2085	326.9999921
2086	327.1000087
2087	326.9999921
2088	326.9999921
2089	327.1000087
2090	326.9999921
2091	327.1999955
2092	327.3000121
2093	327.3000121
2094	327.3000121
2095	327.1000087
2096	326.9999921
2097	327.1000087
2098	326.9999921
2099	327.1000087
2100	327.3999989
2101	327.3999989
2102	327.8999925
2103	328.0000091
2104	327.8999925
2105	328.0000091
2106	328.0000091
2107	328.2000124
2108	327.8999925
2109	327.6000023
2110	327.3000121
2111	327.4999857
2112	327.6999891
2113	327.6000023
2114	327.8000057
2115	327.6999891
2116	327.4999857
2117	327.3999989
2118	327.3000121
2119	327.4999857
2120	327.4999857
2121	327.4999857
2122	327.6000023
2123	327.6000023
2124	327.8999925
2125	327.6000023
2126	327.8000057
2127	327.8999925
2128	328.0000091
2129	327.8999925
2130	327.8999925
2131	327.3000121
2132	327.1999955
2133	327.1999955
2134	327.4999857
2135	327.4999857
2136	327.6000023
2137	327.8999925
2138	328.0999959
2139	328.399986
2140	328.399986
2141	328.2999992
2142	327.8000057
2143	327.6999891
2144	327.3000121
2145	327.1999955
2146	327.4999857
2147	327.1999955
2148	327.4999857
2149	327.4999857
2150	327.6000023
2151	327.6000023
2152	327.8999925
2153	327.8999925
2154	328.2000124
2155	328.2000124
2156	328.0000091
2157	327.8999925
2158	328.0999959
2159	328.2999992
2160	328.2999992
2161	328.2000124
2162	328.2000124
2163	328.2000124
2164	328.0999959
2165	327.8000057
2166	327.6999891
2167	327.6000023
2168	327.3999989
2169	326.7999887
2170	326.700002
2171	326.2999952
2172	326.700002
2173	327.1000087
2174	327.3000121
2175	327.4999857
2176	327.6000023
2177	327.8999925
2178	328.2000124
2179	328.2999992
2180	327.6000023
2181	326.9999921
2182	326.4000118
2183	323.7000108
2184	320.1999962
2185	315.8999979
2186	313.6000037
2187	309.1000021
2188	304.8999906
2189	303.0999899
2190	299.1999984
2191	296.4000106
2192	294.4000065
2193	293.7000096
2194	292.899996
2195	292.6000059
2196	292.899996
2197	293.1999862
2198	293.9999998
2199	294.6999967
2200	295.8999872
2201	296.4000106
2202	297.6999879
2203	298.999995
2204	300.5000055
2205	301.2000024
2206	302.1999896
2207	303.2000065
2208	304.1000068
2209	304.6999872
2210	305.7000041
2211	306.400001
2212	306.8000078
2213	307.3000014
2214	307.7000082
2215	308.2999885
2216	308.6999953
2217	308.9999855
2218	309.799999
2219	310.2999926
2220	310.9000027
2221	311.5000129
2222	311.6999865
2223	312.0000064
2224	312.2000098
2225	312.5999868
2226	312.9000068
2227	313.1999969
2228	313.4999871
2229	313.6999905
2230	314.0000105
2231	314.0000105
2232	313.8999939
2233	314.0000105
2234	314.0999973
2235	314.0999973
2236	314.3000007
2237	314.7999942
2238	314.7000074
2239	315.1000142
2240	315.1000142
2241	315.200001
2242	315.6000078
2243	315.6999946
2244	315.6999946
2245	315.6999946
2246	315.8999979
2247	316.0000145
2248	316.1999881
2249	316.1999881
2250	316.3000047
2251	316.0000145
2252	316.0000145
2253	316.1000013
2254	316.3999915
2255	316.7000115
2256	316.7999983
2257	317.0000017
2258	317.0000017
2259	317.2000051
2260	317.0999885
2261	316.9000149
2262	317.0000017
2263	317.0000017
2264	316.9000149
2265	317.0000017
2266	316.9000149
2267	317.0000017
2268	317.0000017
2269	317.0000017
2270	317.2000051
2271	317.0999885
2272	317.2000051
2273	317.2000051
2274	317.0000017
2275	317.0000017
2276	317.2999918
2277	317.4999952
2278	317.2999918
2279	317.2999918
2280	317.4000084
2281	317.4999952
2282	317.4999952
2283	317.2999918
2284	317.0999885
2285	317.2000051
2286	317.2000051
2287	317.2000051
2288	317.2999918
2289	317.2000051
2290	317.2999918
2291	317.2999918
2292	317.2000051
2293	317.0000017
2294	317.0999885
2295	317.0999885
2296	317.0000017
2297	317.0000017
2298	317.4000084
2299	317.4999952
2300	317.6999986
2301	317.2999918
2302	317.2999918
2303	317.0000017
2304	317.2000051
2305	316.7000115
2306	316.7000115
2307	316.5000081
2308	316.5000081
2309	316.5000081
2310	316.5999949
2311	316.7000115
2312	316.7000115
2313	316.7000115
2314	316.7000115
2315	316.7000115
2316	316.5999949
2317	316.7999983
2318	317.0000017
2319	317.0000017
2320	317.0999885
2321	317.0000017
2322	317.2999918
2323	317.2999918
2324	317.6000118
2325	317.6000118
2326	317.9999888
2327	318.3999956
2328	318.599999
2329	318.8999891
2330	319.4000125
2331	319.5999861
2332	319.9000061
2333	319.9999928
2334	320.1999962
2335	320.3999996
2336	320.4999864
2337	320.3999996
2338	320.4999864
2339	320.4999864
2340	320.8999932
2341	320.8999932
2342	321.0000098
2343	321.0000098
2344	321.2000132
2345	321.2000132
2346	321.2000132
2347	321.2000132
2348	321.2000132
2349	321.3
2350	321.2000132
2351	321.0999966
2352	320.8999932
2353	320.8999932
2354	320.8999932
2355	320.8999932
2356	320.8000064
2357	320.4999864
2358	320.6999898
2359	320.6999898
2360	320.8000064
2361	320.600003
2362	320.6999898
2363	320.4999864
2364	320.4999864
2365	320.1999962
2366	320.1999962
2367	320.1999962
2368	320.4999864
2369	320.3999996
2370	320.3999996
2371	320.4999864
2372	320.3000128
2373	320.4999864
2374	320.3999996
2375	320.1999962
2376	320.4999864
2377	320.1999962
2378	320.1999962
2379	320.1999962
2380	320.1999962
2381	319.9999928
2382	319.9999928
2383	319.9999928
2384	319.9000061
2385	319.9000061
2386	319.9000061
2387	319.9999928
2388	319.9000061
2389	319.9000061
2390	319.9000061
2391	319.9000061
2392	319.9000061
2393	319.7999895
2394	319.9999928
2395	320.1999962
2396	320.1999962
2397	320.3000128
2398	320.1999962
2399	320.1999962
2400	320.1000094
2401	319.9000061
2402	319.9000061
2403	319.9000061
2404	319.9000061
2405	319.9000061
2406	319.7000027
2407	319.5999861
2408	319.5999861
2409	319.5999861
2410	319.5999861
2411	319.5999861
2412	319.4999993
2413	319.4000125
2414	319.4999993
2415	319.4000125
2416	319.4999993
2417	319.5999861
2418	319.5999861
2419	319.5999861
2420	319.7999895
2421	319.5999861
2422	319.5999861
2423	319.7999895
2424	319.7999895
2425	319.5999861
2426	319.9000061
2427	319.4999993
2428	319.2999959
2429	319.5999861
2430	319.5999861
2431	319.2000091
2432	319.4000125
2433	319.2000091
2434	319.0999925
2435	319.0999925
2436	319.2000091
2437	319.0999925
2438	319.4000125
2439	319.4000125
2440	319.5999861
2441	319.5999861
2442	319.5999861
2443	319.4999993
2444	319.2999959
2445	319.4000125
2446	319.2999959
2447	319.2000091
2448	319.2999959
2449	319.2000091
2450	319.0999925
2451	318.8999891
2452	318.8999891
2453	318.8999891
2454	318.8999891
2455	319.0999925
2456	318.8000023
2457	318.3999956
2458	318.599999
2459	318.599999
2460	318.8999891
2461	318.599999
2462	318.599999
2463	318.6999857
2464	318.599999
2465	318.6999857
2466	318.8999891
2467	331.6999972
2468	322.8999972
2469	322.4999905
2470	321.9000101
2471	321.3999867
2472	321.2000132
2473	321.0999966
2474	321.3999867
2475	321.7999935
2476	322.1000135
2477	322.4999905
2478	323.1999874
2479	324.0999877
2480	324.9000013
2481	325.1999915
2482	326.2999952
2483	326.700002
2484	326.9000053
2485	327.1999955
2486	327.1999955
2487	327.3999989
2488	327.6000023
2489	328.2000124
2490	328.399986
2491	328.700006
2492	328.700006
2493	328.9999962
2494	329.1000128
2495	329.1999996
2496	329.4999897
2497	329.6000063
2498	329.6999931
2499	329.4999897
2500	329.6000063
2501	329.6999931
2502	329.4999897
2503	329.1000128
2504	329.1999996
2505	329.1000128
2506	329.400003
2507	329.4999897
2508	329.4999897
2509	329.6999931
2510	329.400003
2511	329.4999897
2512	329.2999864
2513	329.1999996
2514	329.1000128
2515	329.1999996
2516	328.9000094
2517	328.7999928
2518	329.1999996
2519	329.1000128
2520	328.9999962
2521	329.1000128
2522	329.1999996
2523	328.9000094
2524	328.7999928
2525	328.9000094
2526	329.1999996
2527	329.2999864
2528	329.6000063
2529	329.4999897
2530	329.4999897
2531	329.2999864
2532	329.4999897
2533	329.4999897
2534	329.1999996
2535	328.9000094
2536	328.9999962
2537	329.400003
2538	329.400003
2539	329.400003
2540	329.1999996
2541	329.1999996
2542	329.1999996
2543	329.4999897
2544	329.6000063
2545	329.4999897
2546	329.4999897
2547	329.1999996
2548	329.2999864
2549	329.1999996
2550	329.1000128
2551	329.2999864
2552	329.400003
2553	329.400003
2554	329.2999864
2555	328.9000094
2556	328.9999962
2557	328.9999962
2558	328.7999928
2559	328.700006
2560	328.5999894
2561	328.9000094
2562	328.9000094
2563	328.700006
2564	328.7999928
2565	328.5999894
2566	328.700006
2567	328.9000094
2568	328.9000094
2569	328.9000094
2570	328.7999928
2571	328.7999928
2572	328.5000026
2573	328.399986
2574	328.5999894
2575	328.9000094
2576	329.1000128
2577	329.1999996
2578	329.1999996
2579	329.1999996
2580	328.9999962
2581	328.9000094
2582	328.9000094
2583	328.9000094
2584	329.1000128
2585	329.2999864
2586	329.2999864
2587	329.4999897
2588	329.2999864
2589	329.1999996
2590	329.1999996
2591	329.2999864
2592	329.1999996
2593	329.4999897
2594	329.1999996
2595	328.9999962
2596	328.700006
2597	328.7999928
2598	328.9999962
2599	328.7999928
2600	328.7999928
2601	328.5999894
2602	328.9000094
2603	328.9000094
2604	328.9999962
2605	329.1999996
2606	328.9000094
2607	328.9000094
2608	328.7999928
2609	328.5999894
2610	328.9000094
2611	328.5999894
2612	328.2999992
2613	328.399986
2614	328.0999959
2615	327.8999925
2616	327.6000023
2617	327.4999857
2618	327.8999925
2619	328.2999992
2620	328.2999992
2621	328.5999894
2622	328.700006
2623	328.9999962
2624	328.9999962
2625	328.7999928
2626	328.7999928
2627	328.700006
2628	328.5999894
2629	328.5999894
2630	328.399986
2631	328.2000124
2632	328.399986
2633	328.399986
2634	328.399986
2635	328.9000094
2636	329.1000128
2637	329.4999897
2638	329.400003
2639	329.4999897
2640	329.400003
2641	329.2999864
2642	329.1999996
2643	328.5999894
2644	328.0999959
2645	328.2000124
2646	328.5999894
2647	328.5000026
2648	328.7999928
2649	329.1000128
2650	328.9999962
2651	329.400003
2652	329.4999897
2653	329.6000063
2654	328.9999962
2655	327.6000023
2656	325.8999884
2657	324.8000145
2658	321.3999867
2659	317.0000017
2660	312.2999966
2661	309.799999
2662	305.0999939
2663	301.2000024
2664	298.299998
2665	296.9999909
2666	295.1000035
2667	294.0999866
2668	293.599993
2669	293.7000096
2670	294.2999899
2671	294.8000133
2672	295.3999937
2673	296.0999906
2674	297.3999977
2675	298.4000146
2676	298.9000082
2677	300.0000119
2678	300.9000123
2679	301.8999994
2680	302.3999929
2681	303.4000099
2682	304.399997
2683	305.2999973
2684	305.5999875
2685	306.3000143
2686	307.3000014
2687	308.2000017
2688	308.4999919
2689	309.3000054
2690	309.8999858
2691	310.6000125
2692	310.9000027
2693	311.1999929
2694	311.5000129
2695	311.5999997
2696	311.8000031
2697	312.0999932
2698	312.5
2699	312.7999902
2700	312.9999936
2701	313.1000102
2702	313.4999871
2703	313.4999871
2704	313.8000071
2705	313.8000071
2706	314.0000105
2707	314.0999973
2708	314.3000007
2709	314.3999875
2710	314.5000041
2711	314.7000074
2712	314.5999908
2713	314.9000108
2714	315.1000142
2715	315.200001
2716	315.4000044
2717	315.4000044
2718	315.6000078
2719	315.4999912
2720	315.6999946
2721	315.6999946
2722	315.6999946
2723	315.6000078
2724	315.6000078
2725	315.6999946
2726	316.0000145
2727	316.1000013
2728	315.8999979
2729	315.8999979
2730	315.6999946
2731	316.0000145
2732	316.3000047
2733	316.3999915
2734	316.3999915
2735	316.3999915
2736	316.3999915
2737	316.3999915
2738	316.5000081
2739	316.7000115
2740	316.7000115
2741	316.7999983
2742	317.0000017
2743	316.7000115
2744	316.7000115
2745	316.3999915
2746	316.7000115
2747	316.7000115
2748	316.7000115
2749	316.5000081
2750	316.7000115
2751	316.7000115
2752	316.7999983
2753	317.0000017
2754	316.7999983
2755	317.0000017
2756	316.9000149
2757	317.0000017
2758	317.0999885
2759	317.2999918
2760	317.4000084
2761	317.2000051
2762	317.4000084
2763	317.4000084
2764	317.2999918
2765	317.0999885
2766	317.0000017
2767	317.0000017
2768	316.9000149
2769	317.0000017
2770	316.1999881
2771	316.7999983
2772	316.9000149
2773	317.0999885
2774	316.9000149
2775	316.5999949
2776	316.3999915
2777	316.7000115
2778	316.5999949
2779	316.7999983
2780	316.7000115
2781	317.0000017
2782	317.0999885
2783	317.2999918
2784	317.2999918
2785	317.2000051
2786	317.0999885
2787	317.2000051
2788	317.2000051
2789	317.4000084
2790	317.6000118
2791	317.6000118
2792	317.6000118
2793	317.6999986
2794	317.6999986
2795	317.6999986
2796	317.7999854
2797	317.9999888
2798	318.3000088
2799	318.3000088
2800	318.3000088
2801	318.1999922
2802	318.1000054
2803	317.9999888
2804	317.7999854
2805	317.6999986
2806	317.900002
2807	317.900002
2808	318.1000054
2809	317.9999888
2810	318.1000054
2811	318.3000088
2812	318.5000122
2813	318.599999
2814	318.6999857
2815	318.6999857
2816	318.599999
2817	318.599999
2818	318.599999
2819	318.5000122
2820	318.599999
2821	318.599999
2822	318.599999
2823	318.3000088
2824	318.3000088
2825	318.3999956
2826	318.3000088
2827	318.3999956
2828	318.3000088
2829	318.3999956
2830	318.5000122
2831	318.599999
2832	318.599999
2833	318.599999
2834	318.5000122
2835	318.5000122
2836	318.599999
2837	318.599999
2838	318.6999857
2839	318.599999
2840	318.1000054
2841	318.3000088
2842	317.9999888
2843	317.7999854
2844	317.7999854
2845	317.900002
2846	317.900002
2847	317.9999888
2848	317.9999888
2849	318.1000054
2850	318.1000054
2851	318.3000088
2852	318.3000088
2853	318.3999956
2854	318.1999922
2855	318.3000088
2856	318.1999922
2857	318.1000054
2858	318.3000088
2859	318.3000088
2860	317.9999888
2861	318.1000054
2862	317.900002
2863	317.9999888
2864	317.900002
2865	317.9999888
2866	317.9999888
2867	317.9999888
2868	317.900002
2869	317.9999888
2870	317.9999888
2871	318.1000054
2872	318.1000054
2873	318.1000054
2874	317.9999888
2875	317.7999854
2876	317.7999854
2877	317.6999986
2878	317.6000118
2879	317.4000084
2880	317.6000118
2881	317.2999918
2882	317.4000084
2883	317.4999952
2884	317.6000118
2885	317.6999986
2886	317.6999986
2887	317.6999986
2888	317.7999854
2889	317.7999854
2890	317.6000118
2891	317.6000118
2892	317.4999952
2893	317.4000084
2894	317.2999918
2895	317.4000084
2896	317.4999952
2897	317.4999952
2898	317.4000084
2899	317.2999918
2900	317.4000084
2901	317.4000084
2902	317.4999952
2903	317.4999952
2904	317.6000118
2905	317.4999952
2906	317.4999952
2907	317.4999952
2908	317.6000118
2909	317.2999918
2910	317.2999918
2911	317.2000051
2912	317.4000084
2913	317.2999918
2914	317.4000084
2915	317.2000051
2916	317.2999918
2917	317.0999885
2918	317.2999918
2919	317.2999918
2920	317.2999918
2921	317.2000051
2922	317.6000118
2923	317.4000084
2924	317.6000118
2925	317.6000118
2926	317.6999986
2927	317.7999854
2928	317.6000118
2929	317.7999854
2930	317.4999952
2931	317.2999918
2932	317.2000051
2933	317.2999918
2934	317.0999885
2935	317.2999918
2936	317.0000017
2937	317.0999885
2938	317.2999918
2939	317.4000084
2940	317.2999918
2941	317.2999918
2942	317.0999885
2943	317.0000017
2944	317.0000017
2945	317.0000017
2946	317.4000084
2947	317.9999888
2948	318.599999
2949	319.2000091
2950	320.1999962
2951	321.3999867
2952	322.1000135
2953	322.8000104
2954	323.9000142
2955	324.6999979
2956	324.8000145
2957	325.3000081
2958	325.5999982
2959	326.000005
2960	326.000005
2961	326.0999918
2962	326.2000084
2963	326.000005
2964	326.2000084
2965	326.2999952
2966	326.4999986
2967	326.4999986
2968	326.9000053
2969	326.9999921
2970	327.1000087
2971	327.1000087
2972	327.3000121
2973	327.3000121
2974	327.6000023
2975	327.3000121
2976	327.6999891
2977	327.8999925
2978	328.0999959
2979	328.0000091
2980	328.0000091
2981	328.2000124
2982	327.8999925
2983	328.2000124
2984	327.6999891
2985	327.6999891
2986	327.4999857
2987	327.6000023
2988	327.6000023
2989	327.6000023
2990	327.6999891
2991	327.8999925
2992	328.2000124
2993	328.2000124
2994	328.5999894
2995	328.2999992
2996	328.2000124
2997	328.2999992
2998	328.2999992
2999	328.2999992
3000	328.9000094
3001	328.2999992
3002	328.7999928
3003	328.5999894
3004	328.5999894
3005	328.5999894
3006	328.399986
3007	328.399986
3008	328.2000124
3009	328.2999992
3010	328.2999992
3011	328.2999992
3012	328.399986
3013	328.5000026
3014	328.2999992
3015	328.2000124
3016	327.8999925
3017	327.8999925
3018	327.1000087
3019	326.9999921
3020	327.1999955
3021	327.3999989
3022	327.1999955
3023	327.1999955
3024	327.1999955
3025	327.1000087
3026	327.3000121
3027	327.1999955
3028	327.3000121
3029	327.1999955
3030	327.3999989
3031	327.4999857
3032	327.6000023
3033	327.6000023
3034	327.6000023
3035	327.6999891
3036	327.6999891
3037	328.2999992
3038	327.8999925
3039	328.2999992
3040	327.6999891
3041	327.3000121
3042	327.4999857
3043	327.3999989
3044	327.6000023
3045	327.3999989
3046	326.9999921
3047	327.1000087
3048	327.1999955
3049	327.3999989
3050	327.6000023
3051	327.8000057
3052	327.6999891
3053	327.6000023
3054	327.6999891
3055	327.3000121
3056	327.3000121
3057	327.3000121
3058	327.3000121
3059	327.4999857
3060	327.4999857
3061	327.6000023
3062	327.6000023
3063	327.8000057
3064	327.8999925
3065	327.8999925
3066	327.8000057
3067	327.8999925
3068	327.6000023
3069	327.3999989
3070	327.6999891
3071	327.6000023
3072	327.6999891
3073	327.8999925
3074	327.8999925
3075	327.8999925
3076	327.6999891
3077	327.8000057
3078	327.8000057
3079	327.4999857
3080	327.6999891
3081	327.6000023
3082	327.6000023
3083	327.8999925
3084	327.8999925
3085	327.8999925
3086	328.0999959
3087	327.6000023
3088	327.3000121
3089	327.1000087
3090	327.1999955
3091	327.3999989
3092	327.6000023
3093	327.4999857
3094	327.3000121
3095	326.9999921
3096	326.9999921
3097	326.9000053
3098	326.7999887
3099	326.9000053
3100	326.9000053
3101	326.9999921
3102	327.1000087
3103	327.1999955
3104	327.3000121
3105	327.3000121
3106	327.3000121
3107	327.6999891
3108	327.6000023
3109	327.8999925
3110	328.0999959
3111	328.399986
3112	328.2999992
3113	328.2999992
3114	327.8999925
3115	327.6000023
3116	326.9000053
3117	326.700002
3118	326.4999986
3119	326.7999887
3120	326.7999887
3121	326.9999921
3122	327.1000087
3123	327.1999955
3124	327.4999857
3125	327.3000121
3126	327.1999955
3127	326.2999952
3128	324.2000043
3129	323.3999908
3130	319.9000061
3131	316.1999881
3132	313.8000071
3133	308.6999953
3134	303.6000133
3135	298.9000082
3136	296.9000041
3137	293.5000062
3138	291.200012
3139	289.6000147
3140	289.2999947
3141	288.8000011
3142	289.0000045
3143	289.6000147
3144	290.1000082
3145	291.200012
3146	292.1999991
3147	293.5000062
3148	293.9999998
3149	295.5000103
3150	296.9000041
3151	298.299998
3152	299.1999984
3153	300.3000021
3154	301.4000058
3155	301.8999994
3156	302.8999865
3157	303.7
3158	304.6999872
3159	304.8999906
3160	305.5000007
3161	306.3000143
3162	306.6999912
3163	307.0000112
3164	307.3000014
3165	307.9000115
3166	308.2999885
3167	308.6000085
3168	308.8999987
3169	309.3999922
3170	309.8999858
3171	310.0000024
3172	310.4999959
3173	310.9000027
3174	311.3000095
3175	310.9999895
3176	311.3000095
3177	311.5000129
3178	311.5000129
3179	311.8999898
3180	312.2000098
3181	312.2999966
3182	312.5999868
3183	312.5
3184	312.5
3185	312.5999868
3186	312.5
3187	312.5
3188	312.7999902
3189	312.7000034
3190	312.9999936
3191	312.9999936
3192	313.1999969
3193	312.9999936
3194	313.1000102
3195	313.1000102
3196	313.1000102
3197	313.1000102
3198	312.9999936
3199	313.1000102
3200	313.4000003
3201	313.4999871
3202	313.4000003
3203	313.4999871
3204	313.6999905
3205	313.8000071
3206	313.8000071
3207	313.8999939
3208	313.8999939
3209	313.8999939
3210	314.0999973
3211	314.3999875
3212	314.3000007
3213	314.0999973
3214	314.2000139
3215	314.0999973
3216	314.3000007
3217	314.2000139
3218	314.0999973
3219	314.2000139
3220	314.0999973
3221	314.2000139
3222	314.0999973
3223	314.0999973
3224	314.0999973
3225	314.0999973
3226	314.3000007
3227	314.2000139
3228	314.5000041
3229	314.0999973
3230	314.0999973
3231	314.0999973
3232	314.2000139
3233	314.2000139
3234	314.3000007
3235	314.0999973
3236	314.0999973
3237	313.8999939
3238	314.0000105
3239	314.0999973
3240	314.0000105
3241	314.0999973
3242	314.0999973
3243	314.0999973
3244	314.3000007
3245	314.3999875
3246	314.3999875
3247	314.7000074
3248	314.7000074
3249	314.9000108
3250	314.9999976
3251	314.9000108
3252	314.9999976
3253	314.5999908
3254	314.7000074
3255	314.7000074
3256	314.7999942
3257	314.9000108
3258	314.7000074
3259	314.9999976
3260	314.7000074
3261	314.7000074
3262	314.7999942
3263	314.5999908
3264	314.9999976
3265	314.7999942
3266	314.7000074
3267	314.5999908
3268	314.7999942
3269	314.5999908
3270	314.7999942
3271	315.1000142
3272	315.1000142
3273	314.9999976
3274	315.200001
3275	314.7999942
3276	314.9999976
3277	315.200001
3278	315.2999878
3279	315.4999912
3280	315.1000142
3281	314.7999942
3282	314.7000074
3283	314.7999942
3284	314.7000074
3285	314.9999976
3286	314.7000074
3287	314.5000041
3288	314.7000074
3289	314.7000074
3290	314.7000074
3291	314.7000074
3292	314.5000041
3293	314.5000041
3294	314.7000074
3295	314.9000108
3296	315.1000142
3297	314.7999942
3298	315.1000142
3299	315.200001
3300	315.4000044
3301	315.1000142
3302	315.4000044
3303	315.2999878
3304	315.1000142
3305	315.200001
3306	315.1000142
3307	314.9999976
3308	314.9999976
3309	314.7999942
3310	314.9000108
3311	314.9999976
3312	315.1000142
3313	315.200001
3314	315.1000142
3315	315.1000142
3316	315.1000142
3317	314.9999976
3318	314.7999942
3319	314.7999942
3320	314.7999942
3321	314.7000074
3322	314.9000108
3323	314.7000074
3324	314.7999942
3325	314.7000074
3326	314.7999942
3327	314.9000108
3328	314.7000074
3329	314.7999942
3330	314.7000074
3331	314.7000074
3332	315.1000142
3333	315.1000142
3334	314.9000108
3335	314.7999942
3336	314.7999942
3337	314.7999942
3338	314.9000108
3339	314.7999942
3340	314.9000108
3341	314.7999942
3342	314.9000108
3343	314.9000108
3344	314.7999942
3345	314.7999942
3346	314.7000074
3347	314.9000108
3348	314.7000074
3349	314.7000074
3350	314.9999976
3351	314.7999942
3352	314.9000108
3353	315.1000142
3354	314.7000074
3355	315.1000142
3356	314.9000108
3357	314.7999942
3358	315.1000142
3359	315.1000142
3360	315.200001
3361	315.200001
3362	315.4000044
3363	315.2999878
3364	315.1000142
3365	315.1000142
3366	315.2999878
3367	315.200001
3368	314.7999942
3369	314.9999976
3370	314.9999976
3371	314.7999942
3372	314.7000074
3373	314.9999976
3374	314.7000074
3375	314.7000074
3376	314.5000041
3377	314.5999908
3378	314.7000074
3379	314.3999875
3380	314.7000074
3381	314.5000041
3382	314.5000041
3383	314.5999908
3384	314.5999908
3385	314.5999908
3386	314.5999908
3387	314.5999908
3388	314.5999908
3389	314.7999942
3390	314.7000074
3391	314.7000074
3392	314.7000074
3393	314.3999875
3394	314.3999875
3395	314.3999875
3396	314.7000074
3397	314.5999908
3398	314.7000074
3399	314.7000074
3400	314.7000074
3401	314.9999976
3402	314.5999908
3403	314.3000007
3404	314.2000139
3405	314.0999973
3406	314.2000139
3407	314.2000139
3408	314.0999973
3409	313.8000071
3410	314.0000105
3411	314.3000007
3412	314.3000007
3413	314.3000007
3414	314.3999875
3415	314.5000041
3416	314.3999875
3417	314.7999942
3418	314.5999908
3419	314.7000074
3420	314.9000108
3421	315.1000142
3422	315.6999946
3423	316.7000115
3424	317.0999885
3425	318.8999891
3426	319.5999861
3427	320.3000128
3428	320.4999864
3429	320.8999932
3430	321.7999935
3431	322.2000003
3432	322.4999905
3433	323.1000006
3434	323.3999908
3435	323.9000142
3436	324.2000043
3437	324.6000111
3438	324.8000145
3439	324.9000013
3440	325.1999915
3441	324.9999881
3442	325.1000047
3443	325.3999949
3444	325.1000047
3445	324.9999881
3446	324.9999881
3447	324.9999881
3448	325.1000047
3449	324.9999881
3450	324.9000013
3451	324.9999881
3452	325.1000047
3453	325.1000047
3454	325.1000047
3455	324.9999881
3456	324.9999881
3457	325.3999949
3458	325.3999949
3459	325.1999915
3460	325.5999982
3461	325.5999982
3462	325.5000114
3463	325.3000081
3464	325.1000047
3465	325.3000081
3466	325.3000081
3467	325.1000047
3468	324.9000013
3469	324.9999881
3470	324.9999881
3471	325.1000047
3472	325.1000047
3473	325.1999915
3474	324.9999881
3475	325.1000047
3476	324.9999881
3477	325.1000047
3478	324.9999881
3479	324.9999881
3480	325.1999915
3481	325.1999915
3482	325.1999915
3483	325.3000081
3484	325.1999915
3485	325.1000047
3486	325.3999949
3487	325.3000081
3488	325.3000081
3489	325.3999949
3490	325.1000047
3491	325.1000047
3492	325.1000047
3493	325.1999915
3494	324.9999881
3495	324.9999881
3496	325.1999915
3497	325.1999915
3498	325.1000047
3499	324.9999881
3500	325.1000047
3501	324.9999881
3502	324.8000145
3503	324.8000145
3504	324.9999881
3505	324.9000013
3506	324.8000145
3507	324.8000145
3508	325.1999915
3509	324.9000013
3510	325.3000081
3511	324.9999881
3512	324.6999979
3513	324.6999979
3514	324.6000111
3515	324.6999979
3516	324.8000145
3517	324.6999979
3518	324.9999881
3519	324.9999881
3520	324.9999881
3521	324.9999881
3522	324.6000111
3523	324.6999979
3524	325.1999915
3525	325.1999915
3526	325.3000081
3527	324.9999881
3528	325.3999949
3529	325.1000047
3530	324.9999881
3531	324.6999979
3532	324.8000145
3533	324.6999979
3534	324.9999881
3535	324.9000013
3536	324.8000145
3537	324.4999945
3538	324.6000111
3539	324.4000077
3540	324.9000013
3541	324.6000111
3542	324.6000111
3543	324.4000077
3544	324.4000077
3545	324.2000043
3546	324.2999911
3547	324.2000043
3548	324.000001
3549	324.4000077
3550	324.4000077
3551	324.9000013
3552	324.6999979
3553	324.6999979
3554	324.6000111
3555	324.4000077
3556	324.4000077
3557	324.6000111
3558	324.4999945
3559	324.9999881
3560	324.000001
3561	324.4000077
3562	324.2999911
3563	324.2000043
3564	324.2000043
3565	324.4000077
3566	324.6000111
3567	324.8000145
3568	324.9000013
3569	324.9000013
3570	325.1999915
3571	324.9999881
3572	324.9999881
3573	324.8000145
3574	324.9999881
3575	324.9999881
3576	324.9999881
3577	324.9999881
3578	324.9999881
3579	324.9999881
3580	324.9999881
3581	325.3000081
3582	325.3000081
3583	325.5000114
3584	325.7000148
3585	325.3999949
3586	325.3000081
3587	324.9999881
3588	324.9999881
3589	324.8000145
3590	324.0999877
3591	323.5000074
3592	323.5000074
3593	323.5000074
3594	323.7999976
3595	324.2000043
3596	324.4999945
3597	324.9000013
3598	325.3999949
3599	325.1000047
3600	324.9000013
3601	324.000001
3602	322.1000135
3603	319.0000057
3604	317.6000118
3605	313.1999969
3606	308.2999885
3607	303.0999899
3608	300.5999923
3609	295.8999872
3610	292.1999991
3611	289.2999947
3612	288.3000076
3613	286.9000137
3614	286.1000001
3615	286.1000001
3616	286.3999903
3617	287.0999873
3618	288.3000076
3619	288.8999879
3620	289.9999917
3621	291.2999988
3622	292.899996
3623	293.3999896
3624	294.8000133
3625	296.2000072
3626	297.1999943
3627	297.8000045
3628	298.999995
3629	299.8000085
3630	300.7000089
3631	301.0999858
3632	301.6000092
3633	302.5000095
3634	303.4000099
3635	303.9999902
3636	304.399997
3637	305.2000105
3638	305.4000139
3639	305.9000075
3640	306.400001
3641	306.4999878
3642	306.4999878
3643	306.8999946
3644	307.3999882
3645	307.7000082
3646	307.9999983
3647	308.0999851
3648	308.6000085
3649	308.8000119
3650	308.8000119
3651	309.1000021
3652	309.1999888
3653	309.5000088
3654	309.7000122
3655	309.8999858
3656	310.0000024
3657	310.0999892
3658	310.2000058
3659	310.2999926
3660	310.4999959
3661	310.4000092
3662	310.4999959
3663	310.4000092
3664	310.6999993
3665	310.9000027
3666	311.1000061
3667	310.9999895
3668	311.1000061
3669	311.1999929
3670	311.1999929
3671	311.5000129
3672	311.3000095
3673	311.3999963
3674	311.3999963
3675	311.3999963
3676	311.5000129
3677	311.5000129
3678	311.3000095
3679	311.3999963
3680	311.3999963
3681	311.5000129
3682	311.3999963
3683	311.5000129
3684	311.5000129
3685	311.3999963
3686	311.5000129
3687	311.5000129
3688	311.5000129
3689	311.5000129
3690	311.5999997
3691	311.5999997
3692	311.6999865
3693	312.2000098
3694	312.0000064
3695	312.2000098
3696	312.2000098
3697	312.2999966
3698	312.2999966
3699	312.2000098
3700	312.0999932
3701	312.2000098
3702	312.0000064
3703	312.0000064
3704	312.0999932
3705	312.0999932
3706	312.2999966
3707	312.2000098
3708	312.2999966
3709	312.2000098
3710	312.5
3711	312.5
3712	312.2000098
3713	312.2000098
3714	312.5
3715	312.5
3716	312.5
3717	312.2999966
3718	312.2999966
3719	312.2000098
3720	312.2000098
3721	312.4000132
3722	312.5999868
3723	312.5999868
3724	312.7000034
3725	312.7999902
3726	312.9999936
3727	312.9000068
3728	312.7999902
3729	312.7999902
3730	312.7999902
3731	312.7999902
3732	312.7000034
3733	312.7999902
3734	312.5999868
3735	312.7000034
3736	312.5
3737	312.5
3738	312.4000132
3739	312.4000132
3740	312.5
3741	312.5999868
3742	312.5
3743	312.5999868
3744	312.7999902
3745	312.7000034
3746	312.5
3747	312.2999966
3748	312.2000098
3749	312.2999966
3750	312.4000132
3751	312.2000098
3752	312.0999932
3753	312.0999932
3754	312.2000098
3755	312.2000098
3756	312.7999902
3757	312.7999902
3758	312.7999902
3759	312.9000068
3760	312.5
3761	312.5
3762	312.5
3763	312.5
3764	312.5
3765	312.7999902
3766	312.7999902
3767	313.1000102
3768	312.9999936
3769	312.9999936
3770	312.7999902
3771	312.5
3772	312.5
3773	312.2999966
3774	312.2000098
3775	312.2000098
3776	312.5
3777	312.5999868
3778	312.5
3779	312.5
3780	312.4000132
3781	312.5
3782	312.5
3783	312.5999868
3784	312.7000034
3785	312.4000132
3786	312.7000034
3787	312.5999868
3788	312.7999902
3789	312.7000034
3790	312.7999902
3791	312.5
3792	312.5
3793	312.7000034
3794	312.5
3795	312.5
3796	312.5
3797	312.4000132
3798	312.4000132
3799	312.2000098
3800	312.2000098
3801	312.5
3802	312.5
3803	312.7999902
3804	312.7000034
3805	312.5
3806	312.7000034
3807	312.7000034
3808	312.9000068
3809	312.5
3810	312.5
3811	312.5
3812	312.0999932
3813	312.2999966
3814	312.5
3815	312.5999868
3816	312.5
3817	312.5
3818	312.2000098
3819	312.2999966
3820	312.2000098
3821	312.2999966
3822	312.2999966
3823	312.2999966
3824	312.5
3825	312.4000132
3826	312.2999966
3827	312.5999868
3828	312.5999868
3829	312.5999868
3830	312.5999868
3831	312.5
3832	312.2000098
3833	312.0999932
3834	312.0000064
3835	312.0999932
3836	312.2000098
3837	312.4000132
3838	312.4000132
3839	312.5
3840	312.4000132
3841	312.5999868
3842	312.4000132
3843	312.5
3844	312.2999966
3845	312.4000132
3846	312.4000132
3847	312.2999966
3848	312.4000132
3849	312.5
3850	312.2000098
3851	312.5
3852	312.7000034
3853	312.5999868
3854	312.5
3855	312.5
3856	312.7000034
3857	312.7000034
3858	312.5
3859	312.0999932
3860	312.2000098
3861	312.0000064
3862	312.2999966
3863	312.2000098
3864	312.2000098
3865	312.2000098
3866	312.0000064
3867	312.2000098
3868	312.0999932
3869	312.0000064
3870	312.0000064
3871	312.0999932
3872	312.2000098
3873	312.0000064
3874	312.0999932
3875	311.8999898
3876	312.0999932
3877	312.0000064
3878	312.2000098
3879	312.5
3880	312.5
3881	312.2000098
3882	312.4000132
3883	312.2000098
3884	312.2000098
3885	312.5
3886	312.5
3887	312.2999966
3888	312.2999966
3889	312.2000098
3890	311.8000031
3891	311.6999865
3892	312.2000098
3893	312.4000132
3894	312.7999902
3895	313.1000102
3896	313.8000071
3897	314.7999942
3898	315.8000112
3899	316.3999915
3900	317.0999885
3901	317.6000118
3902	318.3000088
3903	318.599999
3904	319.4999993
3905	320.4999864
3906	321.0999966
3907	321.2000132
3908	321.2000132
3909	321.3999867
3910	321.7999935
3911	322.1000135
3912	322.4999905
3913	322.6000071
3914	322.6999938
3915	323.1000006
3916	323.1999874
3917	323.1000006
3918	322.8999972
3919	322.6000071
3920	322.4999905
3921	322.4000037
3922	322.4999905
3923	322.1000135
3924	322.2000003
3925	322.1000135
3926	322.1000135
3927	322.2000003
3928	322.4999905
3929	322.4999905
3930	322.4999905
3931	322.6999938
3932	322.6999938
3933	322.6999938
3934	322.8000104
3935	322.8999972
3936	322.8000104
3937	322.8000104
3938	322.4999905
3939	322.2999871
3940	322.1000135
3941	322.2999871
3942	322.2000003
3943	322.2000003
3944	322.4000037
3945	322.2999871
3946	322.1000135
3947	322.1000135
3948	322.1000135
3949	322.2999871
3950	322.4999905
3951	322.4999905
3952	322.4999905
3953	322.6000071
3954	322.8999972
3955	322.4999905
3956	321.9999969
3957	321.9000101
3958	321.9000101
3959	321.7999935
3960	321.7999935
3961	321.7999935
3962	322.1000135
3963	322.2999871
3964	322.4999905
3965	322.4000037
3966	322.2999871
3967	322.6000071
3968	322.8000104
3969	322.8000104
3970	322.6999938
3971	322.4000037
3972	322.4999905
3973	322.4000037
3974	322.4000037
3975	322.2000003
3976	322.4000037
3977	322.6000071
3978	322.6999938
3979	323.0000138
3980	323.1000006
3981	322.8000104
3982	322.6999938
3983	322.6000071
3984	322.4000037
3985	322.2000003
3986	322.2999871
3987	322.1000135
3988	322.1000135
3989	322.2000003
3990	322.4999905
3991	322.4000037
3992	322.8000104
3993	323.0000138
3994	322.8999972
3995	322.8999972
3996	323.0000138
3997	322.8000104
3998	323.1000006
3999	323.1000006
4000	323.1000006
4001	323.3999908
4002	323.3999908
4003	323.1999874
4004	323.0000138
4005	323.1000006
4006	323.0000138
4007	323.1000006
4008	323.1000006
4009	323.3999908
4010	323.3999908
4011	323.1999874
4012	323.1999874
4013	322.8000104
4014	323.0000138
4015	322.8000104
4016	322.4000037
4017	322.2000003
4018	322.1000135
4019	322.1000135
4020	322.2000003
4021	322.6000071
4022	322.6999938
4023	322.8000104
4024	323.0000138
4025	323.1000006
4026	323.3999908
4027	323.300004
4028	323.0000138
4029	323.1000006
4030	322.4999905
4031	322.8000104
4032	323.0000138
4033	323.0000138
4034	323.1000006
4035	323.0000138
4036	322.6000071
4037	322.6999938
4038	322.6999938
4039	322.8999972
4040	322.8000104
4041	323.0000138
4042	323.1000006
4043	323.300004
4044	323.1999874
4045	323.3999908
4046	323.3999908
4047	323.3999908
4048	323.3999908
4049	323.3999908
4050	323.3999908
4051	323.3999908
4052	323.3999908
4053	323.3999908
4054	323.300004
4055	323.300004
4056	323.1000006
4057	322.8999972
4058	322.8000104
4059	322.6000071
4060	322.8000104
4061	322.8999972
4062	322.4999905
4063	322.1000135
4064	321.9999969
4065	321.7999935
4066	321.5000033
4067	321.7000067
4068	321.7999935
4069	322.2000003
4070	322.1000135
4071	322.6000071
4072	322.2999871
4073	322.2000003
4074	321.3
4075	320.4999864
4076	317.7999854
4077	314.5000041
4078	309.8999858
4079	307.7000082
4080	302.8999865
4081	298.299998
4082	293.5000062
4083	291.7000055
4084	288.5999978
4085	286.3999903
4086	284.799993
4087	284.2999995
4088	283.8000059
4089	283.8999927
4090	284.5999897
4091	284.799993
4092	285.49999
4093	286.5999937
4094	288.199991
4095	288.7000144
4096	289.7999883
4097	291.5999889
4098	292.2999859
4099	293.5000062
4100	295.1999903
4101	296.299994
4102	297.1000075
4103	298.0000079
4104	298.999995
4105	299.6999919
4106	300.1999855
4107	300.7000089
4108	301.2000024
4109	301.4999926
4110	301.699996
4111	302.5000095
4112	303.2999933
4113	303.6000133
4114	303.9000034
4115	304.3000102
4116	304.6999872
4117	305.0999939
4118	305.4000139
4119	305.7000041
4120	306.1000109
4121	306.4999878
4122	306.6999912
4123	307.0000112
4124	307.099998
4125	307.2000146
4126	307.099998
4127	307.7999949
4128	307.7000082
4129	307.7000082
4130	307.7000082
4131	308.2000017
4132	307.9999983
4133	307.9999983
4134	308.2000017
4135	308.2999885
4136	308.6000085
4137	308.6000085
4138	308.6999953
4139	308.8999987
4140	309.3000054
4141	309.1000021
4142	309.3999922
4143	309.3000054
4144	309.1999888
4145	309.5000088
4146	309.3000054
4147	309.3999922
4148	309.3000054
4149	309.3999922
4150	309.5000088
4151	309.8999858
4152	309.5000088
4153	309.5000088
4154	309.799999
4155	309.799999
4156	309.5999956
4157	309.8999858
4158	310.2000058
4159	309.8999858
4160	310.2000058
4161	310.0999892
4162	310.0000024
4163	309.5999956
4164	309.7000122
4165	309.799999
4166	309.799999
4167	309.799999
4168	309.8999858
4169	309.7000122
4170	310.0000024
4171	310.2000058
4172	310.2000058
4173	310.2999926
4174	310.2000058
4175	310.4999959
4176	310.2000058
4177	310.6000125
4178	310.2000058
4179	310.4000092
4180	310.2999926
4181	310.4000092
4182	310.2000058
4183	310.0999892
4184	310.2000058
4185	310.0000024
4186	310.2000058
4187	310.2999926
4188	310.4999959
4189	310.2000058
4190	309.8999858
4191	310.0000024
4192	310.0999892
4193	310.4000092
4194	310.2000058
4195	310.4000092
4196	310.2000058
4197	310.2999926
4198	310.2000058
4199	310.4000092
4200	310.4999959
4201	310.4999959
4202	310.4999959
4203	310.2999926
4204	310.4999959
4205	310.6000125
4206	310.6000125
4207	310.6999993
4208	310.9000027
4209	310.4999959
4210	310.6000125
4211	310.9000027
4212	310.9000027
4213	310.7999861
4214	310.9000027
4215	310.7999861
4216	310.9000027
4217	310.9000027
4218	310.7999861
4219	310.7999861
4220	310.7999861
4221	310.6000125
4222	310.7999861
4223	310.6999993
4224	310.6999993
4225	310.6000125
4226	310.4000092
4227	310.4000092
4228	310.4999959
4229	310.6000125
4230	310.4999959
4231	310.4000092
4232	310.6000125
4233	310.6999993
4234	310.9000027
4235	310.7999861
4236	310.9000027
4237	310.9999895
4238	310.7999861
4239	310.6999993
4240	310.9000027
4241	310.4000092
4242	310.6000125
4243	310.6000125
4244	310.6000125
4245	310.4000092
4246	310.6000125
4247	310.6999993
4248	310.6000125
4249	310.6999993
4250	310.6999993
4251	310.7999861
4252	310.6000125
4253	310.6000125
4254	310.7999861
4255	310.7999861
4256	310.7999861
4257	310.9999895
4258	310.9000027
4259	310.6000125
4260	310.6999993
4261	310.7999861
4262	310.9000027
4263	310.9000027
4264	310.7999861
4265	310.6999993
4266	310.6000125
4267	310.4999959
4268	310.4000092
4269	310.6000125
4270	310.6999993
4271	310.4999959
4272	310.4999959
4273	310.6000125
4274	310.6999993
4275	310.6000125
4276	310.6000125
4277	310.6000125
4278	310.4000092
4279	310.4000092
4280	310.4000092
4281	310.4000092
4282	310.2999926
4283	310.2000058
4284	310.6000125
4285	310.2999926
4286	310.2999926
4287	310.2000058
4288	310.4000092
4289	310.2999926
4290	310.6000125
4291	310.6000125
4292	310.6000125
4293	310.4999959
4294	310.6000125
4295	310.6000125
4296	310.9999895
4297	310.9999895
4298	311.1000061
4299	310.9000027
4300	310.9999895
4301	310.9000027
4302	311.3999963
4303	311.1999929
4304	311.1000061
4305	310.9999895
4306	310.9000027
4307	310.9000027
4308	311.1999929
4309	310.9000027
4310	311.1000061
4311	310.9999895
4312	311.1000061
4313	310.9000027
4314	311.1000061
4315	310.9000027
4316	310.9000027
4317	310.9999895
4318	311.1999929
4319	310.7999861
4320	310.6000125
4321	310.6000125
4322	310.9000027
4323	310.7999861
4324	310.9000027
4325	310.6999993
4326	310.6000125
4327	310.4999959
4328	310.2999926
4329	310.6000125
4330	310.9000027
4331	310.9000027
4332	310.9000027
4333	310.9000027
4334	310.9000027
4335	310.6999993
4336	311.1000061
4337	310.6999993
4338	310.7999861
4339	310.6000125
4340	310.9000027
4341	310.9999895
4342	311.1000061
4343	310.9000027
4344	311.1999929
4345	311.1000061
4346	311.1999929
4347	311.1999929
4348	311.1000061
4349	311.1000061
4350	310.9000027
4351	310.6999993
4352	310.7999861
4353	310.7999861
4354	310.4000092
4355	310.7999861
4356	310.9000027
4357	311.1000061
4358	311.1999929
4359	310.9000027
4360	310.9000027
4361	310.4999959
4362	310.7999861
4363	310.4999959
4364	310.6000125
4365	310.6000125
4366	311.1000061
4367	311.3000095
4368	311.5999997
4369	311.8999898
4370	312.7999902
4371	313.1000102
4372	314.0000105
4373	314.7000074
4374	314.9999976
4375	315.8000112
4376	316.1000013
4377	316.7999983
4378	317.4000084
4379	317.9999888
4380	318.3000088
4381	318.599999
4382	318.6999857
4383	319.0999925
4384	319.7999895
4385	320.1999962
4386	320.4999864
4387	320.4999864
4388	320.6999898
4389	321.0999966
4390	321.2000132
4391	321.5000033
4392	321.5000033
4393	321.5000033
4394	321.5000033
4395	321.2000132
4396	321.2000132
4397	321.0000098
4398	320.8000064
4399	320.8999932
4400	320.600003
4401	320.600003
4402	320.4999864
4403	320.4999864
4404	320.8000064
4405	320.6999898
4406	320.4999864
4407	320.6999898
4408	320.600003
4409	320.8000064
4410	321.2000132
4411	321.5000033
4412	321.5000033
4413	321.7999935
4414	322.1000135
4415	321.9999969
4416	321.9999969
4417	321.9000101
4418	321.2000132
4419	321.5000033
4420	321.5000033
4421	321.3
4422	321.3999867
4423	321.3
4424	321.5000033
4425	321.3
4426	321.2000132
4427	321.5000033
4428	321.0000098
4429	321.2000132
4430	321.0999966
4431	321.5000033
4432	321.5000033
4433	320.8999932
4434	321.0000098
4435	321.2000132
4436	320.8999932
4437	321.0999966
4438	321.3
4439	321.7999935
4440	321.5000033
4441	321.5000033
4442	321.5000033
4443	321.5999901
4444	321.5000033
4445	321.2000132
4446	321.2000132
4447	321.5000033
4448	321.5999901
4449	321.2000132
4450	321.5999901
4451	321.5000033
4452	321.3
4453	321.3
4454	321.2000132
4455	321.3
4456	321.3999867
4457	321.0000098
4458	321.0999966
4459	321.0999966
4460	321.0999966
4461	321.3
4462	321.5000033
4463	321.3999867
4464	321.9999969
4465	322.2000003
4466	322.2000003
4467	322.4999905
4468	322.1000135
4469	322.4999905
4470	322.4999905
4471	322.1000135
4472	322.4000037
4473	322.6999938
4474	322.4999905
4475	322.6999938
4476	322.8000104
4477	322.4999905
4478	322.4999905
4479	322.2999871
4480	322.4999905
4481	322.4999905
4482	322.4000037
4483	322.1000135
4484	322.1000135
4485	322.2000003
4486	322.4000037
4487	322.6000071
4488	322.1000135
4489	322.1000135
4490	322.6000071
4491	322.4000037
4492	322.4999905
4493	322.4999905
4494	322.4000037
4495	322.4999905
4496	322.4000037
4497	322.4000037
4498	322.4999905
4499	322.4999905
4500	322.4999905
4501	322.4999905
4502	322.1000135
4503	322.2000003
4504	322.1000135
4505	322.1000135
4506	322.1000135
4507	322.2999871
4508	322.4000037
4509	322.4000037
4510	322.4000037
4511	322.1000135
4512	322.2999871
4513	322.4999905
4514	322.2000003
4515	322.6999938
4516	322.4999905
4517	322.4999905
4518	322.8000104
4519	321.9000101
4520	322.2000003
4521	321.7999935
4522	321.7999935
4523	321.5999901
4524	321.9999969
4525	321.3
4526	321.2000132
4527	321.0999966
4528	321.2000132
4529	321.3999867
4530	321.5000033
4531	321.5999901
4532	321.7000067
4533	322.4000037
4534	322.2000003
4535	321.7999935
4536	321.7999935
4537	321.0999966
4538	320.8999932
4539	321.0000098
4540	320.6999898
4541	320.8999932
4542	321.0000098
4543	321.2000132
4544	321.7000067
4545	321.7000067
4546	321.7000067
4547	321.0999966
4548	319.9999928
4549	317.4000084
4550	314.0999973
4551	311.8999898
4552	306.400001
4553	301.0999858
4554	296.4000106
4555	294.2000031
4556	289.7999883
4557	287.0000005
4558	285.4000032
4559	283.3000124
4560	282.9000056
4561	282.099992
4562	282.2000086
4563	282.2000086
4564	283.3000124
4565	284.0999961
4566	284.799993
4567	286.0000134
4568	287.499994
4569	289.0999913
4570	290.1000082
4571	291.5999889
4572	292.8000093
4573	294.4999933
4574	294.9999869
4575	296.299994
4576	297.3999977
4577	298.299998
4578	298.5999882
4579	299.4999886
4580	300.0999987
4581	300.5000055
4582	301.4000058
4583	301.8999994
4584	302.1999896
4585	302.5000095
4586	303.2000065
4587	303.9000034
4588	304.1000068
4589	304.1000068
4590	304.3000102
4591	304.6000004
4592	304.8000038
4593	305.2999973
4594	305.5000007
4595	305.9999943
4596	306.3000143
4597	306.400001
4598	306.400001
4599	306.6000044
4600	306.6999912
4601	307.0000112
4602	307.099998
4603	307.5999916
4604	307.5000048
4605	307.7000082
4606	307.5000048
4607	307.7000082
4608	307.7000082
4609	307.7000082
4610	307.9000115
4611	307.9999983
4612	307.7999949
4613	307.7000082
4614	307.7000082
4615	307.9999983
4616	307.9999983
4617	307.9000115
4618	308.2000017
4619	308.2000017
4620	308.2000017
4621	308.4999919
4622	308.4999919
4623	308.6000085
4624	308.6000085
4625	308.6000085
4626	308.6000085
4627	308.6000085
4628	308.6000085
4629	308.6000085
4630	308.8999987
4631	308.8999987
4632	308.6000085
4633	308.8999987
4634	308.8000119
4635	308.8999987
4636	308.8000119
4637	308.6000085
4638	308.8999987
4639	309.1000021
4640	309.1000021
4641	308.8999987
4642	309.1000021
4643	309.1000021
4644	309.3000054
4645	309.5000088
4646	309.5000088
4647	309.5999956
4648	309.5000088
4649	309.3000054
4650	309.1999888
4651	309.3000054
4652	309.3000054
4653	309.3000054
4654	309.5000088
4655	309.1999888
4656	309.1000021
4657	309.1999888
4658	308.9999855
4659	308.8000119
4660	309.3000054
4661	309.1999888
4662	309.3000054
4663	308.9999855
4664	309.1999888
4665	309.3000054
4666	309.3000054
4667	309.1999888
4668	309.3000054
4669	309.5000088
4670	309.3000054
4671	309.3000054
4672	309.3999922
4673	309.5999956
4674	309.3000054
4675	309.1999888
4676	309.3000054
4677	309.3000054
4678	309.1999888
4679	308.9999855
4680	309.3000054
4681	309.1999888
4682	309.1999888
4683	309.3999922
4684	309.1000021
4685	309.3999922
4686	309.3999922
4687	309.3000054
4688	309.5000088
4689	309.3999922
4690	309.3000054
4691	309.3000054
4692	309.5999956
4693	309.5999956
4694	309.5999956
4695	309.5999956
4696	309.8999858
4697	309.8999858
4698	309.8999858
4699	309.5999956
4700	309.5000088
4701	309.5999956
4702	309.5000088
4703	309.5999956
4704	309.7000122
4705	309.5999956
4706	309.3999922
4707	309.3000054
4708	309.3000054
4709	309.3999922
4710	309.5000088
4711	309.3999922
4712	309.3999922
4713	309.3999922
4714	309.3999922
4715	309.3999922
4716	309.3999922
4717	309.5000088
4718	309.3999922
4719	309.5000088
4720	309.3999922
4721	309.5000088
4722	309.3000054
4723	309.5000088
4724	309.5000088
4725	309.5999956
4726	309.7000122
4727	309.5999956
4728	309.3999922
4729	309.7000122
4730	309.799999
4731	309.5000088
4732	309.3999922
4733	309.5000088
4734	309.5000088
4735	309.5000088
4736	309.3999922
4737	309.3000054
4738	309.3000054
4739	309.1000021
4740	309.1000021
4741	309.3000054
4742	309.3000054
4743	309.5000088
4744	309.3999922
4745	309.3999922
4746	309.3000054
4747	309.3999922
4748	309.5999956
4749	309.5000088
4750	309.3999922
4751	309.5000088
4752	309.5000088
4753	309.3000054
4754	309.5000088
4755	309.3000054
4756	309.5000088
4757	308.9999855
4758	309.3000054
4759	308.9999855
4760	309.1000021
4761	308.8000119
4762	309.1000021
4763	308.8999987
4764	308.8000119
4765	308.9999855
4766	309.3000054
4767	309.3000054
4768	309.3000054
4769	309.3999922
4770	309.3000054
4771	309.3000054
4772	309.3999922
4773	309.5000088
4774	309.5999956
4775	309.3000054
4776	309.5000088
4777	309.3000054
4778	309.799999
4779	309.7000122
4780	309.5999956
4781	309.5999956
4782	309.5999956
4783	309.7000122
4784	309.8999858
4785	309.3000054
4786	309.799999
4787	309.8999858
4788	310.0000024
4789	309.8999858
4790	309.8999858
4791	310.0000024
4792	309.8999858
4793	309.5999956
4794	309.8999858
4795	310.2000058
4796	310.0999892
4797	309.8999858
4798	309.7000122
4799	309.7000122
4800	309.7000122
4801	309.5000088
4802	309.799999
4803	309.5999956
4804	309.5000088
4805	309.3999922
4806	309.7000122
4807	309.7000122
4808	309.5999956
4809	309.799999
4810	309.799999
4811	309.8999858
4812	309.5999956
4813	309.5999956
4814	309.8999858
4815	309.8999858
4816	309.5999956
4817	309.5999956
4818	309.5999956
4819	309.5999956
4820	309.3999922
4821	309.1999888
4822	309.3000054
4823	309.1999888
4824	309.3000054
4825	309.3000054
4826	309.5000088
4827	309.3000054
4828	309.1000021
4829	309.3000054
4830	309.3000054
4831	309.5999956
4832	309.5999956
4833	309.5000088
4834	309.5999956
4835	309.5000088
4836	309.1999888
4837	308.9999855
4838	309.3000054
4839	309.1999888
4840	309.1000021
4841	309.7000122
4842	310.0999892
4843	310.6000125
4844	311.5000129
4845	312.5
4846	313.1000102
4847	314.0999973
4848	314.9000108
4849	315.6999946
4850	316.3999915
4851	316.7999983
4852	317.4999952
4853	317.9999888
4854	318.6999857
4855	318.8000023
4856	319.0999925
4857	318.8999891
4858	319.4000125
4859	319.2999959
4860	319.2999959
4861	319.2000091
4862	319.4999993
4863	319.4999993
4864	319.9999928
4865	320.1000094
4866	320.3000128
4867	320.4999864
4868	320.1000094
4869	320.3000128
4870	320.3000128
4871	320.3999996
4872	320.3999996
4873	320.3000128
4874	320.3999996
4875	320.1999962
4876	319.9000061
4877	319.9000061
4878	320.1000094
4879	320.1999962
4880	320.1999962
4881	320.3999996
4882	320.3000128
4883	320.3000128
4884	320.1999962
4885	319.7000027
4886	319.9000061
4887	319.7999895
4888	319.9000061
4889	320.1999962
4890	320.4999864
4891	320.4999864
4892	320.4999864
4893	320.4999864
4894	320.1999962
4895	320.3000128
4896	320.4999864
4897	320.4999864
4898	320.600003
4899	320.4999864
4900	320.4999864
4901	320.4999864
4902	320.3000128
4903	320.1999962
4904	319.9000061
4905	319.9000061
4906	319.9000061
4907	319.7999895
4908	319.9000061
4909	320.1999962
4910	320.1999962
4911	320.1000094
4912	320.3000128
4913	320.1000094
4914	320.3999996
4915	319.9000061
4916	319.5999861
4917	319.5999861
4918	319.9000061
4919	320.1000094
4920	320.3999996
4921	320.4999864
4922	320.600003
4923	320.8999932
4924	320.600003
4925	320.4999864
4926	320.600003
4927	320.3000128
4928	320.1000094
4929	319.9999928
4930	319.9000061
4931	319.9000061
4932	319.4000125
4933	319.7000027
4934	319.2999959
4935	319.4999993
4936	319.7999895
4937	319.7999895
4938	319.4999993
4939	319.4000125
4940	319.7999895
4941	319.9000061
4942	320.1000094
4943	320.1000094
4944	319.9000061
4945	319.7999895
4946	319.9000061
4947	319.7000027
4948	319.5999861
4949	319.5999861
4950	319.2000091
4951	319.2000091
4952	319.4000125
4953	319.4999993
4954	319.7999895
4955	319.9999928
4956	320.1000094
4957	319.9999928
4958	319.7999895
4959	319.7999895
4960	319.5999861
4961	319.5999861
4962	319.9000061
4963	319.9999928
4964	320.1999962
4965	320.1999962
4966	320.4999864
4967	320.3999996
4968	320.1999962
4969	320.1000094
4970	320.3000128
4971	319.7999895
4972	319.5999861
4973	319.2000091
4974	319.5999861
4975	319.2999959
4976	319.2000091
4977	319.2000091
4978	319.5999861
4979	319.4999993
4980	319.5999861
4981	319.5999861
4982	319.7000027
4983	319.9000061
4984	320.1999962
4985	319.9000061
4986	319.7999895
4987	319.9000061
4988	319.7999895
4989	319.7999895
4990	319.7999895
4991	319.5999861
4992	319.7999895
4993	319.5999861
4994	319.4999993
4995	319.4000125
4996	319.4000125
4997	319.2000091
4998	319.0999925
4999	318.8999891
5000	319.2999959
5001	319.2999959
5002	319.4000125
5003	319.5999861
5004	319.5999861
5005	319.4999993
5006	319.4999993
5007	319.0999925
5008	319.0000057
5009	318.6999857
5010	318.599999
5011	318.3000088
5012	317.9999888
5013	318.3000088
5014	318.1000054
5015	318.3000088
5016	318.599999
5017	319.0999925
5018	319.0999925
5019	319.2000091
5020	319.5999861
5021	318.599999
5022	317.6999986
5023	315.200001
5024	311.5000129
5025	307.099998
5026	304.8000038
5027	300.0999987
5028	295.599997
5029	291.3999856
5030	289.2999947
5031	285.80001
5032	283.1999958
5033	281.5999985
5034	281.1999917
5035	280.9000015
5036	280.8000147
5037	281.3999951
5038	281.8999887
5039	282.9999924
5040	284.2000127
5041	284.7000062
5042	286.0000134
5043	287.4000072
5044	288.7000144
5045	289.2999947
5046	290.6000018
5047	291.7999923
5048	293.1999862
5049	293.7999964
5050	294.6999967
5051	295.8000004
5052	296.7000008
5053	296.9999909
5054	297.6999879
5055	298.5999882
5056	299.2999852
5057	299.6000051
5058	300.0000119
5059	300.3999889
5060	301.0999858
5061	301.2999892
5062	301.6000092
5063	302.3000062
5064	302.3999929
5065	302.7999997
5066	303.2000065
5067	303.4000099
5068	303.6000133
5069	303.7999868
5070	304.1000068
5071	304.399997
5072	304.6000004
5073	304.8000038
5074	304.8000038
5075	304.8999906
5076	304.6999872
5077	305.2000105
5078	305.4000139
5079	305.4000139
5080	305.4000139
5081	305.5999875
5082	305.5000007
5083	305.5000007
5084	305.5000007
5085	305.4000139
5086	305.7000041
5087	305.7999909
5088	305.9999943
5089	306.1000109
5090	306.6000044
5091	306.400001
5092	306.6000044
5093	306.400001
5094	306.6000044
5095	306.6999912
5096	306.8000078
5097	306.6999912
5098	306.6999912
5099	306.6999912
5100	306.8000078
5101	306.8999946
5102	307.099998
5103	307.099998
5104	307.2000146
5105	307.099998
5106	307.3000014
5107	307.0000112
5108	307.3000014
5109	307.3000014
5110	307.2000146
5111	307.3000014
5112	307.3000014
5113	307.099998
5114	307.2000146
5115	307.099998
5116	307.3000014
5117	307.3999882
5118	307.3000014
5119	307.3999882
5120	307.5000048
5121	307.7000082
5122	307.7000082
5123	307.5000048
5124	307.7999949
5125	307.7000082
5126	307.7000082
5127	306.6999912
5128	305.7000041
5129	305.2999973
5130	305.2999973
5131	305.7000041
5132	306.1000109
5133	306.3000143
5134	306.8999946
5135	307.2000146
5136	307.3000014
5137	307.3000014
5138	307.5999916
5139	307.2000146
5140	307.099998
5141	307.0000112
5142	307.3000014
5143	307.2000146
5144	307.0000112
5145	307.0000112
5146	306.8000078
5147	307.2000146
5148	307.2000146
5149	307.3000014
5150	307.0000112
5151	307.0000112
5152	307.0000112
5153	306.8000078
5154	307.2000146
5155	307.099998
5156	307.3000014
5157	307.3000014
5158	307.0000112
5159	307.0000112
5160	307.3000014
5161	307.2000146
5162	307.0000112
5163	306.6999912
5164	306.8000078
5165	306.8000078
5166	306.6999912
5167	306.6999912
5168	306.6999912
5169	306.4999878
5170	306.400001
5171	306.6999912
5172	306.6999912
5173	306.8000078
5174	306.3000143
5175	306.400001
5176	306.400001
5177	306.3000143
5178	306.8000078
5179	306.6999912
5180	306.6999912
5181	306.8999946
5182	306.8000078
5183	306.6999912
5184	306.8999946
5185	307.099998
5186	307.2000146
5187	307.2000146
5188	307.3000014
5189	307.5999916
5190	307.7000082
5191	307.5000048
5192	307.5999916
5193	307.5000048
5194	307.7000082
5195	307.3999882
5196	307.7000082
5197	307.7999949
5198	307.7000082
5199	307.5999916
5200	307.3999882
5201	307.7999949
5202	307.5999916
5203	307.7000082
5204	307.9000115
5205	307.9999983
5206	308.0999851
5207	308.2999885
5208	308.2999885
5209	308.2999885
5210	308.2999885
5211	308.4000051
5212	308.4000051
5213	308.6000085
5214	308.6999953
5215	308.4000051
5216	308.4999919
5217	308.4999919
5218	308.6000085
5219	308.2999885
5220	308.0999851
5221	308.2999885
5222	308.0999851
5223	307.9999983
5224	308.2999885
5225	308.2000017
5226	308.2999885
5227	308.6000085
5228	308.6000085
5229	308.6000085
5230	308.8000119
5231	308.8999987
5232	308.8000119
5233	308.6000085
5234	308.6999953
5235	308.8999987
5236	308.8000119
5237	308.8999987
5238	308.8000119
5239	308.9999855
5240	309.1000021
5241	309.3000054
5242	309.3000054
5243	309.3999922
5244	309.3999922
5245	309.5999956
5246	309.3999922
5247	309.5999956
5248	309.3999922
5249	309.3999922
5250	309.3999922
5251	309.3999922
5252	309.5000088
5253	309.5999956
5254	309.5000088
5255	309.8999858
5256	309.799999
5257	309.7000122
5258	309.799999
5259	309.5999956
5260	309.5999956
5261	309.5999956
5262	309.5999956
5263	309.8999858
5264	309.8999858
5265	309.8999858
5266	310.2999926
5267	310.0000024
5268	309.8999858
5269	309.8999858
5270	309.799999
5271	309.799999
5272	310.0000024
5273	309.8999858
5274	310.0000024
5275	310.0000024
5276	309.799999
5277	309.5999956
5278	309.8999858
5279	310.0000024
5280	309.799999
5281	309.8999858
5282	309.8999858
5283	310.0000024
5284	309.7000122
5285	309.5999956
5286	309.7000122
5287	309.7000122
5288	309.5000088
5289	309.7000122
5290	309.5999956
5291	309.7000122
5292	309.8999858
5293	310.0000024
5294	310.0000024
5295	310.0000024
5296	310.0999892
5297	310.2000058
5298	310.2000058
5299	310.0999892
5300	310.0999892
5301	310.2000058
5302	310.2000058
5303	309.8999858
5304	310.0999892
5305	310.0999892
5306	310.2000058
5307	310.0000024
5308	309.799999
5309	309.8999858
5310	309.8999858
5311	310.0999892
5312	310.4999959
5313	310.9999895
5314	311.1999929
5315	311.8999898
5316	312.7999902
5317	313.3000135
5318	314.7000074
5319	316.0000145
5320	317.0000017
5321	316.7000115
5322	318.5000122
5323	318.8999891
5324	319.2999959
5325	319.5999861
5326	319.9000061
5327	320.1999962
5328	320.3000128
5329	320.4999864
5330	321.2000132
5331	321.5000033
5332	321.7000067
5333	321.7999935
5334	321.7999935
5335	321.7999935
5336	321.7000067
5337	321.9999969
5338	322.1000135
5339	322.1000135
5340	322.1000135
5341	322.1000135
5342	322.2000003
5343	322.2000003
5344	322.4999905
5345	322.4000037
5346	322.4999905
5347	322.4999905
5348	322.6000071
5349	322.4999905
5350	322.4999905
5351	322.4999905
5352	322.4000037
5353	322.2999871
5354	322.2999871
5355	321.9000101
5356	321.5999901
5357	320.8999932
5358	321.3999867
5359	321.2000132
5360	321.3
5361	321.3999867
5362	321.5999901
5363	321.5000033
5364	321.5000033
5365	321.5999901
5366	321.9000101
5367	321.7999935
5368	321.5999901
5369	321.9000101
5370	322.1000135
5371	322.2999871
5372	322.2999871
5373	322.2000003
5374	322.1000135
5375	322.1000135
5376	322.1000135
5377	322.1000135
5378	321.9000101
5379	321.9000101
5380	321.7000067
5381	321.5000033
5382	321.5000033
5383	321.3
5384	321.2000132
5385	321.2000132
5386	321.3
5387	321.3
5388	321.5000033
5389	321.5000033
5390	321.7000067
5391	321.3999867
5392	321.3
5393	321.3
5394	321.5000033
5395	321.3999867
5396	321.5000033
5397	321.3999867
5398	321.5000033
5399	321.7999935
5400	321.5999901
5401	321.3
5402	320.8999932
5403	320.8000064
5404	320.8999932
5405	321.0000098
5406	321.3
5407	321.5000033
5408	321.5000033
5409	321.5000033
5410	321.7999935
5411	321.5999901
5412	321.7999935
5413	321.5000033
5414	321.5000033
5415	321.3999867
5416	321.3
5417	321.3999867
5418	321.3999867
5419	321.3999867
5420	321.3999867
5421	321.0999966
5422	321.5000033
5423	321.7999935
5424	321.7999935
5425	321.9000101
5426	321.7000067
5427	321.7999935
5428	321.9999969
5429	321.7999935
5430	322.1000135
5431	322.1000135
5432	321.9999969
5433	321.9000101
5434	321.7999935
5435	321.7999935
5436	321.7000067
5437	321.3
5438	321.0999966
5439	320.8000064
5440	320.8000064
5441	320.600003
5442	320.8999932
5443	320.6999898
5444	321.0000098
5445	321.0999966
5446	321.2000132
5447	321.3
5448	321.3
5449	321.5000033
5450	321.3999867
5451	321.3
5452	321.3999867
5453	320.8999932
5454	320.3999996
5455	320.3999996
5456	320.3999996
5457	320.4999864
5458	320.4999864
5459	320.600003
5460	320.8999932
5461	321.0999966
5462	320.8999932
5463	321.0000098
5464	321.2000132
5465	321.2000132
5466	320.8999932
5467	321.2000132
5468	321.0999966
5469	321.3999867
5470	321.5000033
5471	321.5999901
5472	321.7000067
5473	321.3999867
5474	321.3999867
5475	321.3999867
5476	321.3
5477	321.5000033
5478	321.3999867
5479	321.0999966
5480	321.0999966
5481	320.8999932
5482	320.8000064
5483	320.3999996
5484	319.7999895
5485	319.7000027
5486	319.5999861
5487	319.9000061
5488	319.9999928
5489	320.1999962
5490	320.3999996
5491	320.600003
5492	320.8999932
5493	320.600003
5494	320.1999962
5495	318.6999857
5496	316.3999915
5497	312.9999936
5498	310.9999895
5499	306.6999912
5500	301.8999994
5501	299.1999984
5502	294.4000065
5503	290.199995
5504	286.5000069
5505	285.100013
5506	282.9000056
5507	281.3000083
5508	280.6999981
5509	280.4999948
5510	280.8000147
5511	280.9999883
5512	282.0000052
5513	282.5999856
5514	284.0000093
5515	285.100013
5516	286.5000069
5517	287.2000039
5518	288.7000144
5519	289.9000049
5520	291.200012
5521	291.7999923
5522	293.0999994
5523	294.2000031
5524	294.6000099
5525	295.3999937
5526	296.2000072
5527	296.9999909
5528	297.3999977
5529	297.8000045
5530	298.5999882
5531	299.4999886
5532	299.8999953
5533	300.3000021
5534	300.7999957
5535	301.2000024
5536	301.2999892
5537	301.6000092
5538	302.1000028
5539	302.1999896
5540	302.7000129
5541	303.0000031
5542	303.2000065
5543	303.6000133
5544	303.7999868
5545	304.1999936
5546	304.3000102
5547	304.399997
5548	304.6000004
5549	305.0999939
5550	304.8999906
5551	304.8999906
5552	305.0999939
5553	305.0999939
5554	305.4000139
5555	305.5000007
5556	305.7999909
5557	305.5999875
5558	305.9000075
5559	305.9000075
5560	305.9000075
5561	306.1999977
5562	306.1000109
5563	306.1999977
5564	306.400001
5565	306.400001
5566	306.6000044
5567	306.6999912
5568	306.6999912
5569	306.8999946
5570	307.0000112
5571	306.8999946
5572	307.099998
5573	307.3000014
5574	307.3000014
5575	307.5999916
5576	307.5000048
5577	307.7000082
5578	307.7000082
5579	307.5999916
5580	307.5000048
5581	307.7000082
5582	307.7000082
5583	307.7000082
5584	307.3999882
5585	307.7000082
5586	307.7999949
5587	307.7000082
5588	307.9999983
5589	307.9000115
5590	307.9000115
5591	307.9000115
5592	307.9999983
5593	307.9999983
5594	308.2000017
5595	308.0999851
5596	308.2000017
5597	308.2999885
5598	308.6000085
5599	308.6999953
5600	308.4000051
5601	308.2999885
5602	308.4000051
5603	308.4999919
5604	308.6000085
5605	308.6000085
5606	308.6000085
5607	308.6000085
5608	308.4000051
5609	308.2999885
5610	308.6000085
5611	308.2999885
5612	308.2999885
5613	308.0999851
5614	308.4000051
5615	308.6000085
5616	308.4000051
5617	308.4000051
5618	308.4999919
5619	308.6000085
5620	308.6000085
5621	308.6000085
5622	308.4999919
5623	308.4999919
5624	308.6000085
5625	308.6999953
5626	308.6999953
5627	308.8000119
5628	308.9999855
5629	308.8999987
5630	308.8000119
5631	308.8000119
5632	308.8000119
5633	308.8000119
5634	308.8000119
5635	308.9999855
5636	309.1000021
5637	309.1999888
5638	309.1000021
5639	308.8999987
5640	308.9999855
5641	309.3000054
5642	309.1000021
5643	309.1999888
5644	309.3000054
5645	309.1999888
5646	309.3000054
5647	309.3000054
5648	309.5000088
5649	309.3999922
5650	309.3000054
5651	309.3999922
5652	309.3999922
5653	309.1999888
5654	309.3000054
5655	309.3000054
5656	309.3000054
5657	309.1999888
5658	309.3000054
5659	309.3000054
5660	309.1999888
5661	309.3000054
5662	309.3000054
5663	309.3000054
5664	309.1999888
5665	309.1000021
5666	309.5000088
5667	309.5000088
5668	309.3999922
5669	309.3999922
5670	309.5000088
5671	309.3999922
5672	309.3000054
5673	309.1999888
5674	309.3999922
5675	309.5000088
5676	309.3999922
5677	309.3999922
5678	309.3999922
5679	309.5000088
5680	309.5999956
5681	309.5999956
5682	309.5999956
5683	309.5999956
5684	309.799999
5685	309.7000122
5686	309.7000122
5687	309.3999922
5688	309.5999956
5689	309.3999922
5690	309.3999922
5691	309.1999888
5692	309.3000054
5693	309.3999922
5694	309.3999922
5695	309.3000054
5696	309.3999922
5697	309.5999956
5698	309.7000122
5699	309.3999922
5700	309.3999922
5701	309.3000054
5702	309.3000054
5703	309.1000021
5704	309.1999888
5705	309.5000088
5706	309.5999956
5707	309.7000122
5708	309.5999956
5709	310.0000024
5710	309.799999
5711	309.799999
5712	309.799999
5713	309.8999858
5714	309.8999858
5715	310.0999892
5716	309.8999858
5717	310.0999892
5718	310.0000024
5719	310.2000058
5720	310.2000058
5721	310.0999892
5722	310.0000024
5723	310.0000024
5724	309.8999858
5725	310.0000024
5726	309.799999
5727	309.8999858
5728	309.799999
5729	309.8999858
5730	309.8999858
5731	310.2000058
5732	310.2999926
5733	309.8999858
5734	309.5999956
5735	309.5999956
5736	309.3999922
5737	309.5999956
5738	309.5999956
5739	309.5999956
5740	309.5999956
5741	309.5999956
5742	309.5999956
5743	309.799999
5744	309.799999
5745	309.5999956
5746	309.5999956
5747	309.7000122
5748	309.5999956
5749	309.5999956
5750	309.799999
5751	309.799999
5752	309.799999
5753	309.5999956
5754	309.7000122
5755	309.5000088
5756	309.5999956
5757	309.5999956
5758	309.5999956
5759	309.799999
5760	309.7000122
5761	309.799999
5762	309.5999956
5763	309.5999956
5764	309.7000122
5765	309.5999956
5766	309.799999
5767	309.5999956
5768	309.799999
5769	309.799999
5770	310.2000058
5771	309.8999858
5772	310.0000024
5773	310.2000058
5774	310.2000058
5775	310.0000024
5776	310.2999926
5777	310.2000058
5778	310.0999892
5779	310.2000058
5780	310.2000058
5781	310.2999926
5782	310.2999926
5783	310.2999926
5784	310.2999926
5785	310.2999926
5786	310.4999959
5787	310.6999993
5788	310.9999895
5789	311.5000129
5790	312.2000098
5791	313.1000102
5792	314.0000105
5793	314.3000007
5794	315.1000142
5795	315.8999979
5796	316.5000081
5797	316.7000115
5798	317.2999918
5799	317.6999986
5800	317.7999854
5801	317.9999888
5802	318.3000088
5803	318.3999956
5804	318.3000088
5805	318.8000023
5806	319.2000091
5807	319.2999959
5808	319.2999959
5809	319.4999993
5810	319.7999895
5811	319.7999895
5812	319.9000061
5813	319.7000027
5814	319.7000027
5815	319.7999895
5816	319.9999928
5817	319.7999895
5818	319.9000061
5819	319.9000061
5820	319.9000061
5821	319.9000061
5822	320.1999962
5823	320.3000128
5824	320.1999962
5825	320.1999962
5826	320.600003
5827	320.4999864
5828	320.4999864
5829	320.4999864
5830	320.4999864
5831	320.3000128
5832	320.1999962
5833	320.3000128
5834	319.9999928
5835	319.9999928
5836	320.1999962
5837	320.1000094
5838	319.5999861
5839	319.7000027
5840	320.1999962
5841	320.1999962
5842	320.3000128
5843	320.3000128
5844	320.3000128
5845	320.3999996
5846	320.4999864
5847	320.4999864
5848	320.3000128
5849	320.4999864
5850	320.3999996
5851	320.4999864
5852	320.1999962
5853	320.1999962
5854	320.3000128
5855	319.9000061
5856	319.9000061
5857	319.9000061
5858	319.7000027
5859	319.5999861
5860	319.7999895
5861	319.9000061
5862	319.9000061
5863	320.1999962
5864	319.9999928
5865	320.1999962
5866	320.1999962
5867	320.4999864
5868	320.600003
5869	320.6999898
5870	320.4999864
5871	320.600003
5872	320.1999962
5873	320.1000094
5874	319.9999928
5875	319.7999895
5876	319.9000061
5877	319.9999928
5878	320.1000094
5879	319.9000061
5880	319.5999861
5881	319.5999861
5882	319.4000125
5883	319.5999861
5884	319.9000061
5885	319.9000061
5886	320.1999962
5887	320.1999962
5888	319.7999895
5889	319.9000061
5890	320.1999962
5891	320.1999962
5892	319.9999928
5893	320.1999962
5894	319.9000061
5895	320.1999962
5896	320.1999962
5897	320.1000094
5898	319.9999928
5899	319.5999861
5900	319.4999993
5901	319.5999861
5902	319.4999993
5903	319.5999861
5904	319.7000027
5905	319.7999895
5906	319.4999993
5907	319.4000125
5908	319.4000125
5909	319.4000125
5910	319.2000091
5911	319.0000057
5912	319.2000091
5913	319.4000125
5914	319.2000091
5915	319.2000091
5916	319.2999959
5917	319.4000125
5918	319.5999861
5919	319.4999993
5920	319.5999861
5921	319.5999861
5922	319.4999993
5923	319.5999861
5924	319.7000027
5925	319.9999928
5926	320.3000128
5927	320.3999996
5928	320.4999864
5929	320.4999864
5930	320.1000094
5931	319.9999928
5932	319.9000061
5933	319.9000061
5934	319.4000125
5935	319.2000091
5936	318.8000023
5937	318.8999891
5938	318.8999891
5939	319.0000057
5940	319.0000057
5941	319.2000091
5942	319.2999959
5943	319.4999993
5944	319.4000125
5945	319.4999993
5946	319.5999861
5947	319.7999895
5948	319.9000061
5949	320.1999962
5950	319.9999928
5951	320.1999962
5952	319.7999895
5953	319.7999895
5954	319.9000061
5955	319.9000061
5956	319.5999861
5957	319.2000091
5958	319.0999925
5959	318.3000088
5960	317.9999888
5961	317.6000118
5962	317.6000118
5963	317.6000118
5964	317.7999854
5965	318.1000054
5966	318.1999922
5967	318.1999922
5968	317.9999888
5969	317.6000118
5970	316.1000013
5971	313.4999871
5972	310.0000024
5973	307.9999983
5974	303.9000034
5975	299.6000051
5976	295.599997
5977	293.5000062
5978	289.9999917
5979	287.0000005
5980	284.5999897
5981	284.2000127
5982	282.9000056
5983	282.2000086
5984	282.2999954
5985	282.5999856
5986	283.3999991
5987	284.2000127
5988	284.5000029
5989	285.6000066
5990	286.3000035
5991	287.6999974
5992	288.1000042
5993	289.0999913
5994	290.4999852
5995	291.2999988
5996	291.9999957
5997	292.899996
5998	293.5000062
5999	294.2000031
6000	294.4999933
6001	295.5000103
6002	296.299994
6003	296.9999909
6004	297.3999977
6005	298.2000113
6006	298.9000082
6007	298.999995
6008	299.4999886
6009	299.4999886
6010	300.1999855
6011	300.3000021
6012	300.7000089
6013	301.2000024
6014	301.8000126
6015	301.9999862
6016	302.5000095
6017	302.7000129
6018	303.2000065
6019	303.2999933
6020	303.7999868
6021	304.1999936
6022	304.399997
6023	304.8000038
6024	304.8000038
6025	305.0000072
6026	305.0999939
6027	305.4000139
6028	305.5000007
6029	305.7999909
6030	305.7000041
6031	306.1000109
6032	306.1999977
6033	306.1000109
6034	306.1999977
6035	306.1000109
6036	306.400001
6037	306.6000044
6038	306.6999912
6039	306.6000044
6040	307.099998
6041	307.099998
6042	307.3000014
6043	307.099998
6044	307.3999882
6045	307.099998
6046	307.2000146
6047	307.099998
6048	307.2000146
6049	307.2000146
6050	307.3000014
6051	307.099998
6052	307.3000014
6053	307.2000146
6054	307.3000014
6055	307.3000014
6056	307.3999882
6057	307.3999882
6058	307.7000082
6059	307.3999882
6060	307.7000082
6061	307.7000082
6062	307.7000082
6063	307.7000082
6064	307.9000115
6065	308.0999851
6066	308.0999851
6067	308.2000017
6068	308.2999885
6069	308.2999885
6070	308.2000017
6071	307.9999983
6072	308.2000017
6073	308.4000051
6074	308.4000051
6075	308.2000017
6076	308.0999851
6077	308.2999885
6078	308.2999885
6079	307.9999983
6080	308.2000017
6081	308.2999885
6082	308.2999885
6083	308.2999885
6084	308.2999885
6085	308.2999885
6086	308.4000051
6087	308.2999885
6088	308.6000085
6089	308.6000085
6090	308.6999953
6091	308.8000119
6092	308.6999953
6093	309.1000021
6094	308.6999953
6095	308.6000085
6096	308.6000085
6097	308.8000119
6098	308.8000119
6099	308.8999987
6100	309.1000021
6101	309.3000054
6102	309.1000021
6103	308.8999987
6104	308.8999987
6105	308.8999987
6106	308.6000085
6107	308.4999919
6108	308.6000085
6109	308.6000085
6110	308.6000085
6111	308.6000085
6112	308.6000085
6113	308.6000085
6114	308.4999919
6115	308.6000085
6116	308.8999987
6117	308.9999855
6118	308.8999987
6119	309.1999888
6120	309.5999956
6121	309.5000088
6122	309.5999956
6123	309.5000088
6124	309.5999956
6125	309.5999956
6126	309.5999956
6127	309.7000122
6128	309.5999956
6129	309.7000122
6130	309.5999956
6131	309.799999
6132	309.5999956
6133	309.5999956
6134	309.5000088
6135	309.5000088
6136	309.7000122
6137	309.7000122
6138	309.799999
6139	309.8999858
6140	310.2000058
6141	310.2000058
6142	310.2999926
6143	310.4999959
6144	310.4999959
6145	310.6000125
6146	310.6999993
6147	310.6000125
6148	310.4999959
6149	310.6000125
6150	310.4999959
6151	310.2999926
6152	310.6000125
6153	310.6000125
6154	310.6000125
6155	310.4000092
6156	310.6000125
6157	310.6000125
6158	310.6000125
6159	310.4000092
6160	310.6000125
6161	310.7999861
6162	310.6000125
6163	310.7999861
6164	310.6000125
6165	310.7999861
6166	310.6000125
6167	310.6999993
6168	310.4999959
6169	310.6999993
6170	310.7999861
6171	310.9999895
6172	310.9000027
6173	311.1999929
6174	311.1999929
6175	310.9999895
6176	311.1000061
6177	311.1000061
6178	311.1999929
6179	311.3999963
6180	311.5000129
6181	311.5000129
6182	311.3000095
6183	311.5000129
6184	311.5000129
6185	311.3000095
6186	311.1000061
6187	311.1000061
6188	311.1000061
6189	311.1999929
6190	310.9999895
6191	310.9000027
6192	311.1999929
6193	310.9000027
6194	310.9000027
6195	310.9000027
6196	311.1000061
6197	311.1000061
6198	311.1000061
6199	311.1000061
6200	311.1999929
6201	311.3000095
6202	311.1999929
6203	311.3000095
6204	311.1000061
6205	311.1999929
6206	311.1000061
6207	311.3000095
6208	311.1999929
6209	311.1000061
6210	311.1999929
6211	311.1000061
6212	310.9000027
6213	310.9999895
6214	311.1000061
6215	311.1999929
6216	311.1000061
6217	311.3999963
6218	311.1999929
6219	311.3000095
6220	311.5000129
6221	311.5000129
6222	311.6999865
6223	311.3999963
6224	311.5000129
6225	311.1999929
6226	311.5000129
6227	311.5000129
6228	311.8000031
6229	311.5000129
6230	311.3999963
6231	311.5999997
6232	311.3000095
6233	311.3000095
6234	311.5000129
6235	311.5000129
6236	311.5000129
6237	311.5000129
6238	311.5000129
6239	311.5000129
6240	311.5000129
6241	311.5000129
6242	311.5999997
6243	311.5000129
6244	311.5000129
6245	311.3999963
6246	311.3000095
6247	311.1999929
6248	311.1999929
6249	310.9999895
6250	311.3999963
6251	311.3999963
6252	311.5000129
6253	311.5000129
6254	311.5999997
6255	311.8999898
6256	311.8999898
6257	311.8999898
6258	311.8000031
6259	311.8000031
6260	311.8000031
6261	311.6999865
6262	312.0999932
6263	312.5999868
6264	313.1000102
6265	313.8000071
6266	314.3999875
6267	314.5000041
6268	314.7000074
6269	315.6000078
6270	316.5000081
6271	316.7999983
6272	317.0000017
6273	317.2999918
6274	317.900002
6275	318.3000088
6276	318.3999956
6277	318.8999891
6278	318.6999857
6279	318.8000023
6280	318.8999891
6281	318.8999891
6282	318.8000023
6283	318.6999857
6284	318.8999891
6285	318.8000023
6286	319.2000091
6287	319.4000125
6288	319.7000027
6289	319.7999895
6290	319.9999928
6291	319.9000061
6292	319.7999895
6293	319.9000061
6294	319.7999895
6295	319.9000061
6296	319.9000061
6297	320.1000094
6298	319.9000061
6299	319.7000027
6300	319.7999895
6301	319.9000061
6302	319.9000061
6303	319.7000027
6304	319.9000061
6305	319.4000125
6306	319.5999861
6307	319.5999861
6308	319.7000027
6309	319.5999861
6310	319.5999861
6311	319.9000061
6312	319.9999928
6313	320.1999962
6314	320.4999864
6315	320.600003
6316	320.4999864
6317	320.6999898
6318	321.0999966
6319	320.8000064
6320	320.6999898
6321	320.600003
6322	320.1999962
6323	320.6999898
6324	320.4999864
6325	320.3999996
6326	320.4999864
6327	320.1000094
6328	320.1000094
6329	319.9999928
6330	320.1999962
6331	320.1999962
6332	320.3000128
6333	320.1999962
6334	320.3999996
6335	320.1000094
6336	320.1999962
6337	320.4999864
6338	320.600003
6339	320.4999864
6340	320.3000128
6341	320.3000128
6342	320.8000064
6343	320.8999932
6344	321.0000098
6345	321.3
6346	321.3
6347	321.2000132
6348	320.8999932
6349	321.0000098
6350	320.4999864
6351	320.1000094
6352	319.9999928
6353	319.9000061
6354	319.9000061
6355	319.9999928
6356	319.7000027
6357	320.1999962
6358	320.3000128
6359	320.4999864
6360	320.6999898
6361	320.4999864
6362	320.8000064
6363	320.4999864
6364	320.3000128
6365	320.3000128
6366	320.3999996
6367	320.3000128
6368	320.3000128
6369	320.3999996
6370	320.3999996
6371	320.4999864
6372	320.6999898
6373	320.600003
6374	320.6999898
6375	320.600003
6376	320.8999932
6377	321.0000098
6378	320.8999932
6379	320.8999932
6380	320.4999864
6381	320.8999932
6382	320.8999932
6383	320.8999932
6384	320.8999932
6385	320.4999864
6386	320.3999996
6387	320.3000128
6388	320.3000128
6389	320.1000094
6390	320.1000094
6391	320.1999962
6392	320.3999996
6393	320.3999996
6394	320.1999962
6395	320.1999962
6396	320.3000128
6397	320.4999864
6398	320.600003
6399	320.6999898
6400	320.600003
6401	320.600003
6402	320.3999996
6403	320.3000128
6404	320.3999996
6405	320.4999864
6406	320.3999996
6407	320.1999962
6408	319.9999928
6409	319.7999895
6410	319.7000027
6411	319.9000061
6412	319.9999928
6413	320.1999962
6414	320.1000094
6415	320.1999962
6416	320.1999962
6417	320.4999864
6418	320.6999898
6419	320.8999932
6420	321.2000132
6421	321.0000098
6422	320.8000064
6423	320.3999996
6424	320.1999962
6425	320.1999962
6426	320.1000094
6427	319.9000061
6428	319.9000061
6429	319.9000061
6430	319.5999861
6431	319.2999959
6432	319.0000057
6433	319.0000057
6434	319.2000091
6435	319.4000125
6436	319.7000027
6437	319.7999895
6438	319.9000061
6439	319.7999895
6440	319.2000091
6441	318.8000023
6442	317.0000017
6443	314.2000139
6444	312.4000132
6445	308.6000085
6446	304.399997
6447	300.0000119
6448	298.0000079
6449	294.2999899
6450	291.3999856
6451	289.2999947
6452	288.7000144
6453	287.9000008
6454	287.4000072
6455	287.6000106
6456	287.9000008
6457	288.7000144
6458	289.9999917
6459	291.0999954
6460	291.7000055
6461	293.0000126
6462	294.0999866
6463	295.3000069
6464	295.5000103
6465	296.299994
6466	297.3999977
6467	297.8999913
6468	298.9000082
6469	299.8000085
6470	300.5000055
6471	300.999999
6472	301.699996
6473	302.3000062
6474	302.8999865
6475	303.2000065
6476	303.6000133
6477	304.1999936
6478	304.5000136
6479	304.6000004
6480	304.8000038
6481	305.0999939
6482	305.0999939
6483	305.4000139
6484	305.7999909
6485	306.1000109
6486	306.1999977
6487	306.3000143
6488	306.400001
6489	306.8000078
6490	307.0000112
6491	307.0000112
6492	307.3000014
6493	307.5999916
6494	307.3999882
6495	307.7000082
6496	307.9000115
6497	308.0999851
6498	308.2999885
6499	308.2999885
6500	308.2999885
6501	308.2000017
6502	308.4000051
6503	308.4999919
6504	308.6000085
6505	308.6000085
6506	308.6999953
6507	308.6000085
6508	308.6000085
6509	308.6000085
6510	308.6999953
6511	308.8000119
6512	308.6000085
6513	308.8000119
6514	308.8999987
6515	308.8999987
6516	308.9999855
6517	308.9999855
6518	309.1999888
6519	309.1000021
6520	309.3000054
6521	309.3000054
6522	309.5999956
6523	309.5999956
6524	309.5999956
6525	309.799999
6526	309.8999858
6527	310.2000058
6528	309.799999
6529	309.8999858
6530	310.0000024
6531	310.0999892
6532	310.0000024
6533	309.8999858
6534	309.8999858
6535	310.0000024
6536	310.0999892
6537	310.2000058
6538	310.0000024
6539	310.0999892
6540	310.2000058
6541	310.4000092
6542	310.4000092
6543	310.4999959
6544	310.4999959
6545	310.6000125
6546	310.4999959
6547	310.6000125
6548	310.6000125
6549	310.6999993
6550	310.6999993
6551	310.6000125
6552	310.6999993
6553	310.6000125
6554	310.4999959
6555	310.2999926
6556	310.2000058
6557	310.6000125
6558	310.6000125
6559	310.6999993
6560	310.6999993
6561	310.9000027
6562	311.1000061
6563	311.1000061
6564	310.9999895
6565	311.3000095
6566	311.1999929
6567	311.1999929
6568	311.1999929
6569	310.9000027
6570	310.9999895
6571	310.9000027
6572	310.9000027
6573	310.9000027
6574	310.9000027
6575	310.9000027
6576	310.6000125
6577	310.6000125
6578	310.6999993
6579	310.6999993
6580	310.9000027
6581	310.9000027
6582	310.9000027
6583	310.9000027
6584	310.9000027
6585	310.7999861
6586	310.6999993
6587	310.6000125
6588	310.6000125
6589	310.6000125
6590	310.6000125
6591	310.6000125
6592	310.6000125
6593	310.6000125
6594	310.4999959
6595	310.6000125
6596	310.4999959
6597	310.6000125
6598	310.6000125
6599	310.6999993
6600	310.6999993
6601	310.7999861
6602	310.9999895
6603	310.9000027
6604	310.7999861
6605	310.9000027
6606	310.7999861
6607	310.9000027
6608	310.9000027
6609	310.9999895
6610	310.9000027
6611	311.1999929
6612	311.1999929
6613	311.1000061
6614	311.1000061
6615	310.9000027
6616	310.9000027
6617	310.9000027
6618	310.9999895
6619	310.9000027
6620	310.9000027
6621	310.9000027
6622	310.9000027
6623	310.6999993
6624	310.6000125
6625	310.6999993
6626	310.4999959
6627	310.6999993
6628	310.6000125
6629	310.7999861
6630	311.1000061
6631	310.7999861
6632	310.9999895
6633	310.9000027
6634	310.6999993
6635	310.9000027
6636	310.9000027
6637	310.6999993
6638	310.6999993
6639	310.6000125
6640	310.6000125
6641	310.4999959
6642	310.9000027
6643	310.9000027
6644	310.9000027
6645	310.9000027
6646	310.9999895
6647	310.7999861
6648	311.1000061
6649	311.1999929
6650	311.1999929
6651	310.9999895
6652	310.9999895
6653	311.1000061
6654	310.9000027
6655	310.7999861
6656	310.9000027
6657	310.6999993
6658	310.7999861
6659	310.6999993
6660	310.6999993
6661	310.9000027
6662	311.1999929
6663	310.9000027
6664	311.1000061
6665	311.1999929
6666	311.1999929
6667	311.3000095
6668	311.3000095
6669	311.1000061
6670	310.9999895
6671	310.9000027
6672	310.7999861
6673	310.9000027
6674	310.6999993
6675	310.6000125
6676	310.9000027
6677	310.7999861
6678	311.1999929
6679	311.1999929
6680	311.1999929
6681	311.1999929
6682	311.1999929
6683	311.3999963
6684	311.3999963
6685	311.3999963
6686	311.3999963
6687	311.1999929
6688	311.3999963
6689	311.3999963
6690	311.1999929
6691	311.1999929
6692	311.1000061
6693	311.1999929
6694	311.1999929
6695	311.1999929
6696	311.1999929
6697	311.1999929
6698	311.1999929
6699	311.3999963
6700	311.3000095
6701	311.3000095
6702	311.1999929
6703	311.1999929
6704	311.1999929
6705	310.9999895
6706	311.1000061
6707	311.1000061
6708	310.9999895
6709	310.9000027
6710	311.3000095
6711	311.1999929
6712	310.9999895
6713	311.1999929
6714	311.1000061
6715	311.1000061
6716	310.9000027
6717	310.9000027
6718	310.9000027
6719	310.9999895
6720	310.9999895
6721	311.1000061
6722	311.1999929
6723	311.1000061
6724	311.1999929
6725	311.5000129
6726	311.3000095
6727	311.3999963
6728	311.3000095
6729	311.1999929
6730	311.1999929
6731	311.5999997
6732	311.6999865
6733	311.8000031
6734	312.0999932
6735	312.0999932
6736	312.5
6737	313.1000102
6738	314.0000105
6739	314.7000074
6740	315.1000142
6741	316.0000145
6742	316.5000081
6743	316.7000115
6744	317.0000017
6745	317.6000118
6746	317.7999854
6747	317.900002
6748	318.3000088
6749	318.3999956
6750	318.5000122
6751	318.5000122
6752	318.599999
6753	318.599999
6754	318.8999891
6755	318.8000023
6756	318.599999
6757	318.6999857
6758	318.599999
6759	318.599999
6760	318.599999
6761	318.8999891
6762	319.0999925
6763	319.2000091
6764	319.2000091
6765	319.2000091
6766	319.0000057
6767	319.2999959
6768	319.5999861
6769	319.2000091
6770	319.2999959
6771	319.2999959
6772	319.4000125
6773	319.7999895
6774	319.9000061
6775	319.9999928
6776	320.1999962
6777	319.9000061
6778	320.1000094
6779	319.9999928
6780	320.1999962
6781	319.9999928
6782	319.9000061
6783	319.9999928
6784	319.9999928
6785	319.9000061
6786	319.9000061
6787	319.9000061
6788	319.9000061
6789	320.1000094
6790	319.9000061
6791	319.7999895
6792	319.9999928
6793	319.9000061
6794	319.5999861
6795	319.5999861
6796	319.5999861
6797	319.9000061
6798	320.1000094
6799	319.9999928
6800	319.9999928
6801	319.9000061
6802	319.9000061
6803	320.1000094
6804	319.9999928
6805	319.9000061
6806	319.9000061
6807	319.9000061
6808	319.7999895
6809	320.1000094
6810	320.1999962
6811	320.3000128
6812	320.3000128
6813	320.3000128
6814	320.1999962
6815	320.1999962
6816	319.9000061
6817	319.9000061
6818	320.1000094
6819	320.3000128
6820	320.600003
6821	320.8999932
6822	320.6999898
6823	320.8000064
6824	320.4999864
6825	320.600003
6826	320.8000064
6827	321.0000098
6828	321.0000098
6829	320.8999932
6830	320.4999864
6831	320.1999962
6832	320.1999962
6833	319.9000061
6834	320.1000094
6835	319.9999928
6836	319.9999928
6837	320.3999996
6838	320.4999864
6839	320.4999864
6840	320.1999962
6841	320.1000094
6842	319.9000061
6843	319.9000061
6844	319.9000061
6845	319.9000061
6846	319.9000061
6847	319.9999928
6848	320.1999962
6849	319.9999928
6850	319.7999895
6851	319.7000027
6852	319.4999993
6853	319.5999861
6854	319.4000125
6855	319.4999993
6856	319.4999993
6857	319.5999861
6858	319.5999861
6859	319.5999861
6860	319.7000027
6861	319.7999895
6862	319.9000061
6863	319.9000061
6864	319.5999861
6865	319.5999861
6866	319.5999861
6867	319.9000061
6868	319.9999928
6869	320.1000094
6870	319.9999928
6871	320.1999962
6872	320.1999962
6873	320.1999962
6874	320.1000094
6875	320.3999996
6876	320.4999864
6877	320.4999864
6878	320.3999996
6879	320.3000128
6880	320.1999962
6881	320.1999962
6882	320.3000128
6883	320.4999864
6884	320.1999962
6885	320.1999962
6886	320.1000094
6887	320.3999996
6888	320.3000128
6889	319.9999928
6890	320.1000094
6891	319.7000027
6892	319.9000061
6893	320.1999962
6894	319.9999928
6895	320.1999962
6896	320.1999962
6897	320.1000094
6898	320.1000094
6899	320.3000128
6900	320.1999962
6901	319.9999928
6902	319.9000061
6903	319.2000091
6904	318.8999891
6905	318.5000122
6906	318.3000088
6907	317.9999888
6908	318.1999922
6909	318.1999922
6910	318.3000088
6911	318.8000023
6912	319.0000057
6913	318.599999
6914	317.900002
6915	316.7000115
6916	315.6000078
6917	312.5999868
6918	309.3000054
6919	305.7000041
6920	303.9000034
6921	300.1999855
6922	296.9999909
6923	294.4999933
6924	293.3999896
6925	291.3999856
6926	290.3000116
6927	289.9000049
6928	289.4999981
6929	289.6000147
6930	290.1000082
6931	290.3000116
6932	291.3999856
6933	292.4999893
6934	293.599993
6935	294.0999866
6936	295.3000069
6937	296.299994
6938	297.3999977
6939	298.0000079
6940	299.1000116
6941	299.8999953
6942	300.5000055
6943	300.9000123
6944	301.4000058
6945	301.8999994
6946	302.5000095
6947	302.5999963
6948	302.7999997
6949	303.4999967
6950	303.7
6951	303.9999902
6952	304.1000068
6953	304.8999906
6954	304.8999906
6955	305.2000105
6956	305.7000041
6957	305.9000075
6958	305.9999943
6959	306.3000143
6960	306.6000044
6961	306.6999912
6962	306.8999946
6963	307.099998
6964	307.0000112
6965	307.3000014
6966	307.3000014
6967	307.5999916
6968	307.5999916
6969	307.5000048
6970	307.3999882
6971	307.5999916
6972	307.7999949
6973	307.7999949
6974	307.9000115
6975	307.9999983
6976	308.2000017
6977	307.9999983
6978	308.2000017
6979	308.2999885
6980	308.2999885
6981	308.4999919
6982	308.6000085
6983	308.6000085
6984	308.8000119
6985	309.1000021
6986	308.9999855
6987	308.8999987
6988	308.8999987
6989	308.9999855
6990	308.8999987
6991	309.1000021
6992	309.1999888
6993	309.1999888
6994	309.3000054
6995	309.1999888
6996	309.1000021
6997	309.1000021
6998	309.3000054
6999	309.3999922
7000	309.5999956
7001	309.5999956
7002	309.5000088
7003	309.5999956
7004	309.7000122
7005	309.5000088
7006	309.7000122
7007	309.8999858
7008	309.799999
7009	309.7000122
7010	309.5999956
7011	309.5999956
7012	309.3999922
7013	309.3000054
7014	309.5000088
7015	309.3999922
7016	309.5000088
7017	309.5999956
7018	309.5999956
7019	309.7000122
7020	309.799999
7021	310.0000024
7022	309.8999858
7023	310.0000024
7024	310.2000058
7025	310.2000058
7026	310.2000058
7027	310.2000058
7028	310.2000058
7029	310.0999892
7030	309.7000122
7031	309.7000122
7032	309.8999858
7033	309.799999
7034	309.5999956
7035	309.799999
7036	310.0000024
7037	309.8999858
7038	309.8999858
7039	309.8999858
7040	309.8999858
7041	310.0000024
7042	310.0000024
7043	309.8999858
7044	310.4999959
7045	310.2000058
7046	310.2999926
7047	310.4000092
7048	310.2000058
7049	310.4000092
7050	310.4000092
7051	310.2999926
7052	310.4999959
7053	310.4000092
7054	310.4999959
7055	310.4999959
7056	310.4000092
7057	310.2999926
7058	310.4999959
7059	310.6999993
7060	310.6000125
7061	310.6000125
7062	310.4999959
7063	310.6000125
7064	310.6000125
7065	310.4000092
7066	310.6999993
7067	310.7999861
7068	310.9000027
7069	310.7999861
7070	310.6000125
7071	310.6999993
7072	310.9000027
7073	310.7999861
7074	310.6000125
7075	310.6000125
7076	310.4999959
7077	310.6999993
7078	310.6999993
7079	310.7999861
7080	310.6000125
7081	310.6000125
7082	310.6000125
7083	310.6999993
7084	310.7999861
7085	310.6999993
7086	310.7999861
7087	310.6000125
7088	310.6000125
7089	310.4999959
7090	310.4999959
7091	310.4000092
7092	310.2999926
7093	310.4999959
7094	310.6000125
7095	310.6000125
7096	310.6999993
7097	310.4000092
7098	310.2000058
7099	310.4999959
7100	310.4999959
7101	310.4999959
7102	310.4999959
7103	310.6999993
7104	310.7999861
7105	310.9999895
7106	310.9000027
7107	310.7999861
7108	310.7999861
7109	310.6999993
7110	310.7999861
7111	310.7999861
7112	310.6000125
7113	310.7999861
7114	310.7999861
7115	310.6000125
7116	310.6000125
7117	310.6000125
7118	310.6000125
7119	310.6000125
7120	310.2000058
7121	310.2000058
7122	310.2999926
7123	310.2999926
7124	310.2000058
7125	310.0999892
7126	310.0999892
7127	310.0000024
7128	310.4000092
7129	310.2999926
7130	310.2000058
7131	310.2999926
7132	310.2999926
7133	310.6000125
7134	310.4999959
7135	310.6000125
7136	310.6000125
7137	310.6000125
7138	310.6000125
7139	310.6999993
7140	310.7999861
7141	310.9000027
7142	310.9000027
7143	310.7999861
7144	310.9000027
7145	310.9000027
7146	310.9000027
7147	310.7999861
7148	310.7999861
7149	310.7999861
7150	310.6000125
7151	310.9000027
7152	310.9000027
7153	310.9000027
7154	310.9999895
7155	310.9000027
7156	310.9000027
7157	310.7999861
7158	310.6000125
7159	310.2999926
7160	310.2000058
7161	310.4000092
7162	310.4999959
7163	310.2999926
7164	310.6000125
7165	310.4999959
7166	310.4999959
7167	310.6999993
7168	310.6000125
7169	310.6000125
7170	310.4000092
7171	310.6000125
7172	310.2000058
7173	310.2999926
7174	310.2999926
7175	310.2999926
7176	310.4000092
7177	310.6000125
7178	310.4999959
7179	310.6000125
7180	310.6000125
7181	310.9000027
7182	310.9000027
7183	310.7999861
7184	310.6999993
7185	310.4999959
7186	310.6000125
7187	310.6000125
7188	310.4999959
7189	310.2999926
7190	310.2999926
7191	310.6000125
7192	310.6999993
7193	310.7999861
7194	310.6999993
7195	310.6999993
7196	310.9000027
7197	310.9999895
7198	311.1999929
7199	311.1000061
7200	310.9000027
7201	310.9000027
7202	310.9999895
7203	310.9000027
7204	311.3999963
7205	311.5000129
7206	311.8999898
7207	312.0000064
7208	312.4000132
7209	313.1000102
7210	313.4999871
7211	313.8000071
7212	314.3999875
7213	314.9000108
7214	315.2999878
7215	315.4999912
7216	316.0000145
7217	316.5000081
7218	317.0999885
7219	317.2999918
7220	317.6000118
7221	317.9999888
7222	318.1000054
7223	318.3000088
7224	318.6999857
7225	318.3999956
7226	318.599999
7227	318.599999
7228	318.599999
7229	318.8999891
7230	318.8999891
7231	318.8000023
7232	318.8000023
7233	318.599999
7234	318.6999857
7235	318.599999
7236	318.5000122
7237	318.1999922
7238	317.9999888
7239	317.9999888
7240	317.9999888
7241	317.9999888
7242	318.1999922
7243	318.3000088
7244	318.3999956
7245	318.1999922
7246	318.5000122
7247	318.3000088
7248	318.599999
7249	318.599999
7250	318.8999891
7251	319.2000091
7252	319.0999925
7253	319.2000091
7254	319.0999925
7255	319.2000091
7256	318.8999891
7257	318.8999891
7258	318.599999
7259	318.3000088
7260	318.599999
7261	318.599999
7262	318.8000023
7263	318.3999956
7264	318.3999956
7265	318.3000088
7266	318.599999
7267	318.3999956
7268	318.3999956
7269	318.3000088
7270	317.9999888
7271	318.1999922
7272	317.9999888
7273	318.3000088
7274	318.8999891
7275	318.8999891
7276	318.8000023
7277	318.8000023
7278	318.6999857
7279	318.599999
7280	318.8000023
7281	318.599999
7282	318.599999
7283	318.6999857
7284	318.8999891
7285	318.6999857
7286	318.8999891
7287	318.8000023
7288	318.8999891
7289	318.8999891
7290	319.0000057
7291	318.8999891
7292	318.8000023
7293	318.8000023
7294	318.8000023
7295	318.8999891
7296	318.8999891
7297	318.6999857
7298	318.8000023
7299	318.6999857
7300	318.599999
7301	318.8000023
7302	318.8999891
7303	318.8000023
7304	318.8999891
7305	318.6999857
7306	318.6999857
7307	318.6999857
7308	318.599999
7309	318.599999
7310	318.3999956
7311	318.3999956
7312	318.3999956
7313	318.599999
7314	318.3000088
7315	318.3000088
7316	318.3999956
7317	317.9999888
7318	317.9999888
7319	318.1000054
7320	317.9999888
7321	318.3000088
7322	317.9999888
7323	318.1000054
7324	317.6999986
7325	318.1000054
7326	318.1000054
7327	318.1999922
7328	318.3000088
7329	317.9999888
7330	317.9999888
7331	317.7999854
7332	317.6999986
7333	317.4999952
7334	317.2000051
7335	316.9000149
7336	317.2999918
7337	317.2999918
7338	317.2999918
7339	317.4999952
7340	317.4999952
7341	317.6000118
7342	318.1000054
7343	318.1000054
7344	317.9999888
7345	317.9999888
7346	317.900002
7347	317.9999888
7348	317.9999888
7349	318.1999922
7350	317.900002
7351	317.7999854
7352	317.6000118
7353	317.6000118
7354	317.6000118
7355	317.4999952
7356	317.4999952
7357	317.6999986
7358	317.9999888
7359	317.7999854
7360	317.6000118
7361	317.2999918
7362	317.2999918
7363	317.2999918
7364	317.2999918
7365	317.4999952
7366	317.4999952
7367	317.900002
7368	317.7999854
7369	317.6999986
7370	317.900002
7371	318.1000054
7372	318.1999922
7373	318.3999956
7374	318.3999956
7375	318.1999922
7376	318.1000054
7377	317.6000118
7378	317.0000017
7379	316.7000115
7380	316.7000115
7381	316.7000115
7382	317.0000017
7383	317.2000051
7384	317.2000051
7385	317.2999918
7386	317.6999986
7387	317.2999918
7388	316.7000115
7389	315.6999946
7390	312.9999936
7391	311.5000129
7392	308.4000051
7393	305.2999973
7394	301.9999862
7395	300.3000021
7396	297.6000011
7397	295.1000035
7398	293.3000028
7399	292.4000025
7400	291.5999889
7401	291.0000086
7402	291.2999988
7403	291.3999856
7404	291.9000089
7405	292.6999927
7406	293.3999896
7407	293.7999964
7408	294.6999967
7409	295.8000004
7410	296.0999906
7411	296.9000041
7412	297.8000045
7413	298.5000014
7414	298.9000082
7415	299.6999919
7416	300.5000055
7417	300.999999
7418	301.4999926
7419	301.8000126
7420	301.9999862
7421	302.7999997
7422	303.0999899
7423	303.2999933
7424	303.7999868
7425	303.9000034
7426	304.3000102
7427	304.8000038
7428	305.2000105
7429	305.2000105
7430	305.4000139
7431	305.7000041
7432	305.7000041
7433	305.7000041
7434	305.7999909
7435	306.1000109
7436	306.1000109
7437	305.9999943
7438	306.3000143
7439	306.6999912
7440	306.8000078
7441	307.0000112
7442	307.099998
7443	307.0000112
7444	306.8000078
7445	307.0000112
7446	306.8999946
7447	307.2000146
7448	307.099998
7449	307.099998
7450	307.099998
7451	307.3000014
7452	307.5000048
7453	307.7000082
7454	307.9000115
7455	307.9999983
7456	308.2000017
7457	308.0999851
7458	308.0999851
7459	308.2000017
7460	308.0999851
7461	307.9999983
7462	308.2999885
7463	308.4000051
7464	308.4999919
7465	308.4000051
7466	308.4000051
7467	308.2999885
7468	308.2999885
7469	307.9999983
7470	308.4000051
7471	308.4000051
7472	308.4999919
7473	308.6000085
7474	308.6999953
7475	308.6000085
7476	308.6000085
7477	308.8000119
7478	308.8000119
7479	308.6000085
7480	308.6000085
7481	308.6000085
7482	308.4000051
7483	308.4000051
7484	308.2999885
7485	308.6000085
7486	308.6999953
7487	308.6999953
7488	308.6999953
7489	308.6999953
7490	308.4999919
7491	308.6999953
7492	308.6000085
7493	308.6999953
7494	308.8999987
7495	308.8999987
7496	308.8999987
7497	308.8999987
7498	308.9999855
7499	309.1000021
7500	308.8999987
7501	308.8999987
7502	308.9999855
7503	308.8999987
7504	309.1999888
7505	308.9999855
7506	308.9999855
7507	309.1000021
7508	308.9999855
7509	308.8999987
7510	308.8999987
7511	308.8999987
7512	308.8999987
7513	309.1999888
7514	309.1999888
7515	308.9999855
7516	308.8999987
7517	308.8999987
7518	308.8999987
7519	308.8999987
7520	308.8999987
7521	309.1000021
7522	309.1999888
7523	309.3000054
7524	309.1000021
7525	308.8999987
7526	308.9999855
7527	308.8000119
7528	308.6000085
7529	308.8000119
7530	308.8999987
7531	308.8999987
7532	308.6000085
7533	308.6000085
7534	308.6000085
7535	308.6999953
7536	308.8999987
7537	308.8999987
7538	308.8999987
7539	308.6000085
7540	308.8999987
7541	308.6999953
7542	308.6999953
7543	309.1999888
7544	309.3000054
7545	309.3000054
7546	308.9999855
7547	309.3000054
7548	309.3000054
7549	309.1999888
7550	309.1999888
7551	309.3000054
7552	309.3000054
7553	309.3000054
7554	309.1000021
7555	308.8000119
7556	308.8999987
7557	308.8999987
7558	308.9999855
7559	308.8000119
7560	309.1000021
7561	308.8999987
7562	308.8000119
7563	308.6999953
7564	308.8000119
7565	308.8999987
7566	308.9999855
7567	309.1999888
7568	309.3000054
7569	309.1000021
7570	308.8999987
7571	308.8999987
7572	308.8000119
7573	308.8999987
7574	308.9999855
7575	308.9999855
7576	308.8000119
7577	309.1999888
7578	309.1000021
7579	309.1000021
7580	309.1000021
7581	309.1999888
7582	309.1000021
7583	309.3000054
7584	309.1999888
7585	309.3000054
7586	309.1000021
7587	308.8999987
7588	309.1000021
7589	309.1999888
7590	308.8999987
7591	308.9999855
7592	309.1999888
7593	308.8999987
7594	309.1000021
7595	309.1000021
7596	309.1000021
7597	308.9999855
7598	308.9999855
7599	308.8000119
7600	308.8999987
7601	308.8999987
7602	308.8999987
7603	308.8999987
7604	308.9999855
7605	309.1000021
7606	309.1000021
7607	308.9999855
7608	308.8999987
7609	308.6000085
7610	308.6000085
7611	308.6000085
7612	308.6000085
7613	308.6000085
7614	308.6999953
7615	308.6000085
7616	308.4000051
7617	308.2999885
7618	308.2999885
7619	307.9999983
7620	307.9000115
7621	308.2000017
7622	308.2000017
7623	308.2999885
7624	307.9999983
7625	308.0999851
7626	308.2999885
7627	308.2000017
7628	308.4000051
7629	308.4999919
7630	308.4999919
7631	308.6000085
7632	308.6000085
7633	308.6000085
7634	308.6000085
7635	308.6999953
7636	308.8000119
7637	308.6000085
7638	308.6000085
7639	308.4000051
7640	308.6000085
7641	308.6000085
7642	308.6000085
7643	308.4999919
7644	308.8000119
7645	308.6000085
7646	308.2999885
7647	308.2999885
7648	308.2999885
7649	308.4999919
7650	308.4999919
7651	308.6999953
7652	308.6000085
7653	308.6000085
7654	308.6999953
7655	308.9999855
7656	308.8999987
7657	308.9999855
7658	308.8999987
7659	308.8999987
7660	308.6999953
7661	308.8000119
7662	308.6999953
7663	308.6999953
7664	308.8000119
7665	308.6000085
7666	308.6999953
7667	308.6000085
7668	308.6000085
7669	308.6999953
7670	308.6000085
7671	308.4999919
7672	308.6000085
7673	308.6000085
7674	308.6000085
7675	308.6000085
7676	308.2999885
7677	308.2000017
7678	308.2999885
7679	308.4000051
7680	308.6999953
7681	308.9999855
7682	309.5999956
7683	309.8999858
7684	310.7999861
7685	311.3999963
7686	311.5999997
7687	312.2000098
7688	312.5999868
7689	312.9999936
7690	312.9999936
7691	313.1000102
7692	313.4999871
7693	313.6999905
7694	313.8000071
7695	314.0999973
7696	314.2000139
7697	314.3000007
7698	314.3999875
7699	314.3999875
7700	314.5999908
7701	314.7000074
7702	314.7999942
7703	315.1000142
7704	314.9999976
7705	314.7999942
7706	314.7000074
7707	314.7999942
7708	314.9000108
7709	314.5999908
7710	314.7000074
7711	315.1000142
7712	314.7999942
7713	314.7000074
7714	314.3999875
7715	314.0999973
7716	314.2000139
7717	314.3999875
7718	314.3000007
7719	314.3999875
7720	314.7000074
7721	314.2000139
7722	314.3999875
7723	314.5000041
7724	314.3999875
7725	314.7000074
7726	314.7999942
7727	314.7000074
7728	314.3999875
7729	314.3000007
7730	314.3999875
7731	314.7000074
7732	314.7000074
7733	314.9999976
7734	314.9000108
7735	314.7000074
7736	314.9000108
7737	314.3999875
7738	313.8999939
7739	313.8000071
7740	313.8000071
7741	313.8000071
7742	314.3999875
7743	314.5000041
7744	314.3000007
7745	314.0000105
7746	314.2000139
7747	314.0999973
7748	313.8999939
7749	313.8000071
7750	313.6000037
7751	313.6999905
7752	313.6999905
7753	313.6999905
7754	313.8000071
7755	313.8000071
7756	314.0999973
7757	314.0000105
7758	314.0999973
7759	314.2000139
7760	314.3000007
7761	314.5000041
7762	314.7000074
7763	314.7999942
7764	314.5999908
7765	314.3999875
7766	314.0999973
7767	313.8999939
7768	313.8000071
7769	313.6999905
7770	313.4999871
7771	313.6999905
7772	313.8999939
7773	313.8999939
7774	314.0000105
7775	314.2000139
7776	314.7000074
7777	314.7000074
7778	314.5999908
7779	314.3999875
7780	314.3999875
7781	314.3000007
7782	314.5999908
7783	314.3999875
7784	314.5999908
7785	314.7000074
7786	314.7000074
7787	314.3999875
7788	314.3000007
7789	314.0999973
7790	314.3000007
7791	314.3000007
7792	314.3999875
7793	314.3999875
7794	314.3000007
7795	314.3999875
7796	314.7000074
7797	314.9000108
7798	315.1000142
7799	315.1000142
7800	314.5999908
7801	314.3999875
7802	314.5999908
7803	314.3999875
7804	314.7000074
7805	314.7999942
7806	314.3999875
7807	314.3999875
7808	314.3000007
7809	314.0999973
7810	314.0999973
7811	314.2000139
7812	314.0999973
7813	314.0999973
7814	313.8000071
7815	314.0000105
7816	314.0999973
7817	314.3000007
7818	314.3999875
7819	314.3999875
7820	314.3000007
7821	314.3000007
7822	314.3999875
7823	314.3999875
7824	314.5000041
7825	314.7000074
7826	314.5999908
7827	314.3000007
7828	314.3000007
7829	313.8000071
7830	313.4999871
7831	313.4999871
7832	313.4999871
7833	313.6999905
7834	313.4999871
7835	313.4000003
7836	313.6000037
7837	313.8000071
7838	313.8000071
7839	313.8000071
7840	313.6999905
7841	313.4000003
7842	313.8000071
7843	313.8000071
7844	314.2000139
7845	313.8999939
7846	314.0999973
7847	313.8999939
7848	313.6999905
7849	313.8999939
7850	313.4999871
7851	313.4999871
7852	313.4000003
7853	313.1000102
7854	313.4999871
7855	313.4999871
7856	314.0999973
7857	314.3999875
7858	314.7000074
7859	314.9000108
7860	314.7999942
7861	314.7999942
7862	314.2000139
7863	313.8999939
7864	312.5
7865	310.0999892
7866	307.7000082
7867	306.3000143
7868	303.7
7869	300.999999
7870	299.4999886
7871	296.9999909
7872	294.8000133
7873	293.0000126
7874	291.9000089
7875	291.2999988
7876	290.6000018
7877	290.3000116
7878	290.3000116
7879	290.3000116
7880	290.899992
7881	291.5999889
7882	291.9000089
7883	292.4000025
7884	293.1999862
7885	294.2000031
7886	294.4999933
7887	295.599997
7888	296.0999906
7889	296.9999909
7890	297.3999977
7891	298.4000146
7892	298.7000048
7893	298.999995
7894	299.6999919
7895	300.3000021
7896	300.7000089
7897	300.9000123
7898	301.2000024
7899	301.699996
7900	301.8999994
7901	302.1999896
7902	302.5000095
7903	302.7999997
7904	303.2999933
7905	303.4000099
7906	303.4999967
7907	303.7999868
7908	303.9000034
7909	303.9999902
7910	304.399997
7911	304.6000004
7912	304.6999872
7913	304.8000038
7914	304.6000004
7915	304.8000038
7916	305.0000072
7917	305.0999939
7918	305.2999973
7919	305.2999973
7920	305.2000105
7921	305.5000007
7922	305.0999939
7923	305.4000139
7924	305.4000139
7925	305.5000007
7926	305.7000041
7927	305.7000041
7928	305.7000041
7929	305.7999909
7930	305.9999943
7931	305.9999943
7932	305.9999943
7933	306.3000143
7934	306.1000109
7935	306.3000143
7936	306.400001
7937	306.3000143
7938	306.1000109
7939	305.9999943
7940	306.1000109
7941	306.400001
7942	306.400001
7943	306.400001
7944	306.1000109
7945	306.1999977
7946	306.400001
7947	306.3000143
7948	306.400001
7949	306.4999878
7950	306.400001
7951	306.6000044
7952	306.6999912
7953	306.8000078
7954	306.8000078
7955	306.6999912
7956	306.8999946
7957	307.3000014
7958	307.0000112
7959	306.8999946
7960	307.0000112
7961	307.099998
7962	307.3000014
7963	307.3000014
7964	307.5000048
7965	307.3999882
7966	307.3000014
7967	307.2000146
7968	307.3000014
7969	307.099998
7970	307.099998
7971	307.099998
7972	307.3000014
7973	307.3000014
7974	307.3000014
7975	307.2000146
7976	307.5000048
7977	307.3999882
7978	307.5000048
7979	307.7000082
7980	307.7000082
7981	307.7999949
7982	307.9999983
7983	307.9999983
7984	307.7999949
7985	307.7999949
7986	307.7999949
7987	307.7000082
7988	307.5000048
7989	307.3000014
7990	307.3000014
7991	307.7000082
7992	307.7999949
7993	307.9000115
7994	307.7000082
7995	307.9000115
7996	307.9999983
7997	307.9000115
7998	307.9000115
7999	307.7000082
8000	307.7000082
8001	307.5999916
8002	307.5000048
8003	307.5000048
8004	307.5000048
8005	307.7000082
8006	307.7000082
8007	307.5999916
8008	307.5999916
8009	307.3999882
8010	307.5999916
8011	307.3999882
8012	307.5000048
8013	307.5000048
8014	307.7000082
8015	307.7000082
8016	307.7000082
8017	307.5999916
8018	307.5999916
8019	307.7000082
8020	307.9999983
8021	307.7999949
8022	307.9999983
8023	307.9999983
8024	308.0999851
8025	307.9000115
8026	307.9000115
8027	307.9000115
8028	307.7999949
8029	307.9999983
8030	307.9000115
8031	307.7999949
8032	307.9000115
8033	307.9999983
8034	307.9999983
8035	307.9000115
8036	307.9999983
8037	307.9999983
8038	307.9000115
8039	308.0999851
8040	307.9999983
8041	307.7999949
8042	307.7000082
8043	307.7999949
8044	307.3999882
8045	307.5999916
8046	307.7000082
8047	307.7000082
8048	308.0999851
8049	307.9999983
8050	307.9999983
8051	308.0999851
8052	308.2999885
8053	307.9999983
8054	308.2000017
8055	308.2000017
8056	307.9999983
8057	307.9000115
8058	307.9999983
8059	307.9999983
8060	307.9999983
8061	307.9999983
8062	307.9999983
8063	307.9999983
8064	308.0999851
8065	308.0999851
8066	308.2000017
8067	308.0999851
8068	308.0999851
8069	308.0999851
8070	308.2999885
8071	308.2999885
8072	307.9999983
8073	308.2999885
8074	308.2999885
8075	308.2000017
8076	308.2000017
8077	308.0999851
8078	308.2999885
8079	308.6000085
8080	308.4999919
8081	308.4000051
8082	308.6000085
8083	308.6000085
8084	308.8000119
8085	308.6000085
8086	308.2999885
8087	308.2999885
8088	308.2000017
8089	308.2000017
8090	308.2999885
8091	308.2000017
8092	308.4000051
8093	308.2999885
8094	308.4000051
8095	308.4999919
8096	308.2000017
8097	307.9999983
8098	308.0999851
8099	308.2999885
8100	308.4000051
8101	308.2999885
8102	308.2000017
8103	308.2999885
8104	308.2999885
8105	308.2999885
8106	308.2999885
8107	308.2999885
8108	308.2999885
8109	308.2999885
8110	308.6000085
8111	308.4999919
8112	308.2999885
8113	308.6000085
8114	308.4999919
8115	308.6000085
8116	308.6000085
8117	308.4999919
8118	308.6999953
8119	308.6000085
8120	308.4999919
8121	308.2999885
8122	308.4999919
8123	308.4000051
8124	308.6000085
8125	308.4000051
8126	307.9999983
8127	307.9999983
8128	308.2999885
8129	308.4000051
8130	308.4000051
8131	308.2999885
8132	308.6000085
8133	308.4999919
8134	308.2999885
8135	308.2999885
8136	308.6000085
8137	308.6000085
8138	308.6000085
8139	308.8000119
8140	308.6000085
8141	308.4999919
8142	309.8999858
8143	308.6000085
8144	308.9999855
8145	308.6000085
8146	308.4999919
8147	307.7999949
8148	307.5000048
8149	307.3000014
8150	307.3000014
8151	307.3000014
8152	307.5000048
8153	307.7999949
8154	307.9000115
8155	308.6999953
8156	309.1999888
8157	309.5999956
8158	310.0000024
8159	310.6000125
8160	311.5000129
8161	312.2000098
8162	312.2999966
8163	312.7000034
8164	312.7000034
8165	312.7999902
8166	313.4000003
8167	313.6000037
8168	313.4999871
8169	313.6000037
8170	314.0000105
8171	314.3999875
8172	314.7999942
8173	314.9999976
8174	315.200001
8175	315.200001
8176	315.4999912
8177	315.6000078
8178	315.6000078
8179	315.4999912
8180	315.4000044
8181	315.1000142
8182	315.1000142
8183	314.9999976
8184	315.200001
8185	315.1000142
8186	314.5999908
8187	313.8000071
8188	313.8000071
8189	313.4999871
8190	313.6999905
8191	313.8000071
8192	313.8000071
8193	314.0999973
8194	314.5999908
8195	314.5999908
8196	314.3999875
8197	314.3999875
8198	314.3999875
8199	314.3999875
8200	314.5000041
8201	314.9999976
8202	315.2999878
8203	314.7000074
8204	314.9000108
8205	314.9000108
8206	314.7999942
8207	314.7999942
8208	314.3999875
8209	314.0999973
8210	314.3000007
8211	314.3999875
8212	314.3999875
8213	314.3999875
8214	314.7999942
8215	314.7000074
8216	314.5999908
8217	314.3999875
8218	314.3000007
8219	314.2000139
8220	314.5999908
8221	314.9000108
8222	314.7999942
8223	314.7000074
8224	314.5999908
8225	314.7000074
8226	314.9000108
8227	314.7000074
8228	314.9000108
8229	315.1000142
8230	315.2999878
8231	315.1000142
8232	315.1000142
8233	315.1000142
8234	315.200001
8235	315.1000142
8236	314.9999976
8237	315.1000142
8238	314.7000074
8239	314.3999875
8240	313.8999939
8241	314.3999875
8242	314.3999875
8243	314.3000007
8244	314.0999973
8245	314.2000139
8246	314.3999875
8247	314.3999875
8248	314.0000105
8249	314.2000139
8250	314.3000007
8251	314.2000139
8252	314.2000139
8253	314.2000139
8254	314.0000105
8255	313.8000071
8256	313.6000037
8257	314.0000105
8258	314.2000139
8259	314.3000007
8260	314.3000007
8261	314.3999875
8262	314.3999875
8263	314.3999875
8264	314.3000007
8265	314.3999875
8266	314.5999908
8267	314.5000041
8268	314.2000139
8269	314.0999973
8270	314.2000139
8271	314.0999973
8272	314.3999875
8273	314.3999875
8274	314.7999942
8275	315.1000142
8276	315.2999878
8277	315.2999878
8278	315.4000044
8279	315.4000044
8280	314.9999976
8281	314.9000108
8282	314.9999976
8283	314.5999908
8284	314.7000074
8285	314.5999908
8286	314.3999875
8287	314.3999875
8288	314.3999875
8289	314.3000007
8290	314.7000074
8291	315.1000142
8292	314.9000108
8293	315.200001
8294	315.1000142
8295	315.4000044
8296	314.9999976
8297	314.9999976
8298	314.9000108
8299	315.200001
8300	315.1000142
8301	315.1000142
8302	315.4000044
8303	315.6000078
8304	315.4999912
8305	315.4000044
8306	315.4000044
8307	315.4000044
8308	315.4000044
8309	315.4999912
8310	315.6000078
8311	315.6999946
8312	315.4000044
8313	315.2999878
8314	314.9000108
8315	314.7000074
8316	314.7999942
8317	314.9999976
8318	315.2999878
8319	315.1000142
8320	314.3999875
8321	314.3000007
8322	314.2000139
8323	313.8999939
8324	313.8999939
8325	314.0999973
8326	314.0999973
8327	314.0999973
8328	314.3000007
8329	314.7000074
8330	314.9000108
8331	315.4000044
8332	315.6000078
8333	316.3999915
8334	316.0000145
8335	315.4000044
8336	314.3999875
8337	312.2999966
8338	311.3000095
8339	308.8000119
8340	306.1000109
8341	303.2000065
8342	301.4999926
8343	299.1000116
8344	296.9999909
8345	295.3999937
8346	294.8000133
8347	293.7999964
8348	293.0999994
8349	293.0000126
8350	292.899996
8351	293.1999862
8352	293.599993
8353	294.0999866
8354	294.9000001
8355	295.7000136
8356	296.9000041
8357	297.3000109
8358	298.0000079
8359	298.5999882
8360	299.6000051
8361	299.8999953
8362	300.5999923
8363	300.999999
8364	301.9999862
8365	302.3000062
8366	302.7999997
8367	303.2000065
8368	303.7999868
8369	304.1000068
8370	304.399997
8371	304.8000038
8372	305.0999939
8373	305.0999939
8374	305.2000105
8375	305.4000139
8376	305.5999875
8377	305.7999909
8378	306.1000109
8379	306.1999977
8380	306.1999977
8381	306.400001
8382	306.4999878
8383	306.6000044
8384	306.8000078
8385	307.2000146
8386	307.3000014
8387	307.3000014
8388	307.5000048
8389	307.5000048
8390	307.2000146
8391	307.3999882
8392	307.5999916
8393	307.7999949
8394	307.7999949
8395	307.9000115
8396	307.7999949
8397	307.7999949
8398	308.2999885
8399	307.9000115
8400	307.9000115
8401	307.9999983
8402	307.7999949
8403	307.7000082
8404	307.7000082
8405	307.7999949
8406	307.9000115
8407	307.7999949
8408	307.7000082
8409	307.9999983
8410	307.9999983
8411	307.9000115
8412	307.9999983
8413	308.4000051
8414	308.8000119
8415	308.6000085
8416	308.6000085
8417	308.6000085
8418	308.2999885
8419	308.4999919
8420	308.4999919
8421	308.4000051
8422	308.4000051
8423	308.6000085
8424	308.6999953
8425	308.8000119
8426	308.8000119
8427	308.8999987
8428	308.8999987
8429	308.8999987
8430	308.8000119
8431	308.6999953
8432	308.6999953
8433	308.6999953
8434	308.8999987
8435	308.9999855
8436	308.8999987
8437	308.8999987
8438	308.8000119
8439	308.6999953
8440	308.8000119
8441	308.9999855
8442	308.9999855
8443	308.9999855
8444	308.8999987
8445	308.8999987
8446	308.8999987
8447	308.8000119
8448	308.4999919
8449	308.6999953
8450	308.8999987
8451	308.9999855
8452	308.8999987
8453	308.8999987
8454	308.8000119
8455	308.8999987
8456	308.6999953
8457	308.4999919
8458	308.8999987
8459	308.8999987
8460	308.8999987
8461	308.8999987
8462	308.8999987
8463	308.8000119
8464	308.8999987
8465	308.8999987
8466	308.8999987
8467	308.8999987
8468	309.1000021
8469	309.1999888
8470	309.1999888
8471	309.1999888
8472	309.1999888
8473	309.3000054
8474	309.3000054
8475	309.1999888
8476	309.1999888
8477	309.1000021
8478	309.3000054
8479	309.3000054
8480	309.3999922
8481	309.1999888
8482	309.3999922
8483	309.3999922
8484	309.1000021
8485	309.3999922
8486	309.5000088
8487	309.3999922
8488	309.1999888
8489	309.3000054
8490	309.1000021
8491	309.1000021
8492	308.8999987
8493	309.1999888
8494	309.3000054
8495	309.1000021
8496	309.3000054
8497	309.5000088
8498	309.3999922
8499	309.5000088
8500	309.5000088
8501	309.5999956
8502	309.3999922
8503	309.5000088
8504	309.3999922
8505	309.3000054
8506	309.5000088
8507	309.3000054
8508	309.1999888
8509	308.8999987
8510	309.3000054
8511	309.1000021
8512	309.1999888
8513	309.3000054
8514	309.3000054
8515	309.3000054
8516	309.3000054
8517	309.3000054
8518	309.3000054
8519	309.5999956
8520	309.7000122
8521	309.5999956
8522	309.7000122
8523	309.7000122
8524	309.8999858
8525	309.8999858
8526	309.8999858
8527	309.7000122
8528	309.799999
8529	309.799999
8530	309.799999
8531	309.5000088
8532	309.7000122
8533	309.5999956
8534	309.5999956
8535	309.5999956
8536	309.5999956
8537	309.7000122
8538	309.5000088
8539	309.3999922
8540	309.5999956
8541	309.5999956
8542	309.3999922
8543	309.3999922
8544	309.5000088
8545	309.5999956
8546	309.5999956
8547	309.5999956
8548	309.5999956
8549	309.7000122
8550	309.7000122
8551	309.5999956
8552	309.7000122
8553	309.8999858
8554	309.799999
8555	309.5999956
8556	309.7000122
8557	309.5999956
8558	309.3999922
8559	309.5000088
8560	309.5999956
8561	309.3999922
8562	309.5999956
8563	309.5999956
8564	309.5999956
8565	309.3999922
8566	309.7000122
8567	309.8999858
8568	309.7000122
8569	309.5999956
8570	309.5000088
8571	309.5999956
8572	309.5999956
8573	309.5000088
8574	309.5999956
8575	309.7000122
8576	309.5999956
8577	309.7000122
8578	309.7000122
8579	309.8999858
8580	309.799999
8581	309.8999858
8582	309.7000122
8583	309.5999956
8584	309.3999922
8585	309.5000088
8586	309.3000054
8587	309.3000054
8588	309.3000054
8589	309.5000088
8590	309.5000088
8591	309.5999956
8592	309.5999956
8593	309.5000088
8594	309.799999
8595	309.799999
8596	309.5999956
8597	309.5999956
8598	309.5999956
8599	309.7000122
8600	309.8999858
8601	309.799999
8602	309.8999858
8603	309.7000122
8604	309.5999956
8605	309.5999956
8606	309.7000122
8607	309.799999
8608	309.799999
8609	309.8999858
8610	309.8999858
8611	309.5999956
8612	309.799999
8613	309.5999956
8614	309.3999922
8615	309.5999956
8616	309.7000122
8617	309.5999956
8618	309.8999858
8619	309.8999858
8620	309.799999
8621	309.5999956
8622	309.5999956
8623	309.5999956
8624	309.7000122
8625	309.7000122
8626	309.799999
8627	310.0000024
8628	310.2999926
8629	310.6000125
8630	311.3999963
8631	311.8000031
8632	312.2000098
8633	312.2000098
8634	312.5
8635	312.9000068
8636	313.1000102
8637	313.4999871
8638	314.0999973
8639	314.3999875
8640	314.5000041
8641	314.7000074
8642	314.9000108
8643	315.200001
8644	315.2999878
8645	315.1000142
8646	314.9999976
8647	315.1000142
8648	314.9999976
8649	315.1000142
8650	315.1000142
8651	314.9999976
8652	315.1000142
8653	315.200001
8654	315.2999878
8655	315.2999878
8656	315.4000044
8657	315.4999912
8658	315.6999946
8659	315.6000078
8660	315.2999878
8661	315.4999912
8662	315.200001
8663	314.9000108
8664	314.5000041
8665	314.3000007
8666	314.3999875
8667	314.5999908
8668	314.3999875
8669	314.3999875
8670	314.3999875
8671	314.2000139
8672	314.3999875
8673	314.7000074
8674	314.7000074
8675	314.9999976
8676	315.200001
8677	315.4000044
8678	315.200001
8679	315.1000142
8680	314.9999976
8681	314.9999976
8682	314.5999908
8683	314.5000041
8684	314.3999875
8685	314.7000074
8686	314.5999908
8687	314.5000041
8688	314.3999875
8689	314.0999973
8690	313.6999905
8691	313.6000037
8692	313.3000135
8693	313.4999871
8694	313.6999905
8695	313.8000071
8696	313.6999905
8697	313.8000071
8698	313.8999939
8699	314.0000105
8700	313.8000071
8701	314.0000105
8702	314.0999973
8703	314.0000105
8704	314.0999973
8705	314.3999875
8706	314.3999875
8707	314.5999908
8708	314.5999908
8709	314.5000041
8710	314.2000139
8711	314.3999875
8712	314.3999875
8713	314.7000074
8714	314.5000041
8715	314.7000074
8716	314.7000074
8717	314.9999976
8718	315.1000142
8719	315.200001
8720	315.4999912
8721	315.4999912
8722	315.4999912
8723	315.6999946
8724	315.6999946
8725	315.6999946
8726	315.6000078
8727	315.4000044
8728	314.9999976
8729	314.7999942
8730	314.7000074
8731	314.5000041
8732	314.5999908
8733	314.5999908
8734	314.7000074
8735	314.9999976
8736	315.200001
8737	314.7000074
8738	314.7000074
8739	314.5000041
8740	314.5000041
8741	314.7000074
8742	314.7999942
8743	314.5000041
8744	314.5000041
8745	314.7000074
8746	314.7000074
8747	314.7999942
8748	314.9000108
8749	314.7000074
8750	314.3999875
8751	314.5000041
8752	314.5000041
8753	314.7000074
8754	314.5999908
8755	314.7000074
8756	314.7999942
8757	314.7999942
8758	314.5000041
8759	314.5000041
8760	314.3999875
8761	314.5000041
8762	314.3999875
8763	314.7000074
8764	314.7000074
8765	314.3999875
8766	314.3999875
8767	314.3999875
8768	314.5000041
8769	314.0999973
8770	314.3999875
8771	314.5000041
8772	314.3999875
8773	314.5999908
8774	314.5000041
8775	314.7000074
8776	314.5000041
8777	314.3999875
8778	314.7999942
8779	314.7999942
8780	314.9999976
8781	315.200001
8782	315.4000044
8783	315.2999878
8784	315.2999878
8785	315.1000142
8786	314.9999976
8787	315.200001
8788	315.1000142
8789	315.1000142
8790	315.1000142
8791	314.7000074
8792	314.9000108
8793	314.7999942
8794	314.7999942
8795	314.5999908
8796	314.0999973
8797	313.4999871
8798	313.4999871
8799	313.4999871
8800	313.6000037
8801	313.8000071
8802	314.0000105
8803	314.2000139
8804	314.7000074
8805	314.9000108
8806	314.7999942
8807	314.9000108
8808	314.2000139
8809	313.1000102
8810	312.5
8811	310.2999926
8812	307.7000082
8813	305.9999943
8814	303.0999899
8815	300.1999855
8816	297.8999913
8817	296.9000041
8818	295.5000103
8819	294.2999899
8820	293.599993
8821	293.7000096
8822	293.5000062
8823	293.599993
8824	294.0999866
8825	294.8000133
8826	295.3999937
8827	296.0999906
8828	296.7999876
8829	297.1000075
8830	297.8999913
8831	298.9000082
8832	299.8000085
8833	300.0000119
8834	300.7999957
8835	301.2999892
8836	301.4000058
8837	301.8999994
8838	302.5000095
8839	303.0000031
8840	303.2000065
8841	303.4999967
8842	304.1000068
8843	304.6999872
8844	304.8000038
8845	305.0000072
8846	305.2000105
8847	305.4000139
8848	305.4000139
8849	305.7000041
8850	305.9000075
8851	305.9000075
8852	306.1999977
8853	306.3000143
8854	305.9999943
8855	306.1000109
8856	306.1999977
8857	306.1000109
8858	306.6000044
8859	306.6999912
8860	306.6000044
8861	307.0000112
8862	307.0000112
8863	307.0000112
8864	307.0000112
8865	307.0000112
8866	307.3000014
8867	307.5000048
8868	307.7999949
8869	307.7000082
8870	307.9999983
8871	307.9999983
8872	308.2000017
8873	308.4999919
8874	308.2999885
8875	308.2000017
8876	308.2999885
8877	308.2000017
8878	308.4999919
8879	308.4000051
8880	308.0999851
8881	308.0999851
8882	307.9000115
8883	307.9000115
8884	308.0999851
8885	307.9999983
8886	307.9999983
8887	308.0999851
8888	307.9999983
8889	308.4000051
8890	308.4999919
8891	308.4999919
8892	308.6000085
8893	308.6000085
8894	308.6000085
8895	308.4999919
8896	308.4999919
8897	308.4000051
8898	308.4000051
8899	308.4999919
8900	308.4999919
8901	308.6000085
8902	308.4999919
8903	308.6999953
8904	308.6000085
8905	308.6000085
8906	308.8000119
8907	308.6000085
8908	308.6000085
8909	308.6999953
8910	308.8000119
8911	308.8000119
8912	308.9999855
8913	308.8999987
8914	308.8999987
8915	308.8999987
8916	309.1000021
8917	309.1999888
8918	309.1999888
8919	308.9999855
8920	308.8999987
8921	308.8000119
8922	308.8999987
8923	308.8999987
8924	308.8999987
8925	308.9999855
8926	308.9999855
8927	308.9999855
8928	308.8999987
8929	308.8999987
8930	308.8999987
8931	308.8999987
8932	308.8999987
8933	308.6000085
8934	308.6000085
8935	308.8000119
8936	308.8999987
8937	308.8999987
8938	308.9999855
8939	308.6999953
8940	308.8999987
8941	308.8000119
8942	308.9999855
8943	308.8999987
8944	308.8999987
8945	308.9999855
8946	308.8999987
8947	309.1999888
8948	309.3000054
8949	309.1999888
8950	309.3000054
8951	309.1000021
8952	309.1999888
8953	308.8999987
8954	309.1000021
8955	309.1000021
8956	309.1999888
8957	309.1000021
8958	308.9999855
8959	308.8999987
8960	308.6999953
8961	308.6000085
8962	308.8999987
8963	308.9999855
8964	308.6999953
8965	308.8999987
8966	308.8999987
8967	308.8000119
8968	309.1999888
8969	309.3000054
8970	308.9999855
8971	308.9999855
8972	308.9999855
8973	308.8999987
8974	308.8999987
8975	308.9999855
8976	309.1000021
8977	308.9999855
8978	308.8000119
8979	308.8999987
8980	308.8999987
8981	308.8000119
8982	308.8000119
8983	309.1000021
8984	308.8000119
8985	308.9999855
8986	308.9999855
8987	308.8999987
8988	308.8999987
8989	308.9999855
8990	308.8999987
8991	308.9999855
8992	309.1000021
8993	309.1999888
8994	309.3000054
8995	309.5999956
8996	309.1999888
8997	309.1999888
8998	309.1999888
8999	309.3999922
9000	309.5999956
9001	309.5999956
9002	309.3999922
9003	309.3000054
9004	309.3999922
9005	309.5000088
9006	309.5999956
9007	309.5000088
9008	309.5000088
9009	309.3999922
9010	309.3000054
9011	309.3999922
9012	309.5999956
9013	309.799999
9014	309.5999956
9015	309.799999
9016	309.5999956
9017	309.5999956
9018	309.5999956
9019	309.5999956
9020	309.5999956
9021	309.7000122
9022	309.3000054
9023	309.3000054
9024	309.3999922
9025	309.1999888
9026	309.3000054
9027	309.3000054
9028	309.3999922
9029	309.5999956
9030	309.5999956
9031	309.5999956
9032	309.5000088
9033	309.5000088
9034	309.3999922
9035	309.3999922
9036	309.5999956
9037	309.5999956
9038	309.5999956
9039	309.3000054
9040	309.3000054
9041	309.1999888
9042	309.5000088
9043	309.3000054
9044	309.3999922
9045	309.5000088
9046	309.3999922
9047	309.3000054
9048	309.3000054
9049	309.3999922
9050	309.3000054
9051	309.3000054
9052	309.1000021
9053	308.8999987
9054	308.8999987
9055	309.3000054
9056	309.1000021
9057	309.1000021
9058	309.3000054
9059	309.3999922
9060	308.9999855
9061	309.1999888
9062	309.3000054
9063	309.3000054
9064	309.1999888
9065	309.1999888
9066	309.1000021
9067	308.8999987
9068	309.3999922
9069	309.1999888
9070	309.1000021
9071	308.8999987
9072	308.8999987
9073	309.1000021
9074	308.9999855
9075	309.1999888
9076	309.5000088
9077	309.5999956
9078	309.5000088
9079	309.3999922
9080	309.5999956
9081	309.5000088
9082	309.3999922
9083	309.3000054
9084	309.3000054
9085	309.1999888
9086	309.3000054
9087	309.5000088
9088	309.799999
9089	309.799999
9090	309.8999858
9091	309.8999858
9092	309.5999956
9093	309.3000054
9094	309.7000122
9095	309.8999858
9096	310.0000024
9097	310.2000058
9098	310.4000092
9099	310.6000125
9100	310.6999993
9101	310.6000125
9102	310.9000027
9103	311.5000129
9104	311.8999898
9105	312.2000098
9106	312.7999902
9107	313.4999871
9108	313.8999939
9109	314.3000007
9110	314.7999942
9111	314.9999976
9112	315.200001
9113	315.1000142
9114	315.4000044
9115	315.4000044
9116	315.4000044
9117	315.4000044
9118	315.4000044
9119	315.2999878
9120	315.200001
9121	315.200001
9122	314.9999976
9123	314.7999942
9124	314.9999976
9125	315.1000142
9126	315.1000142
9127	315.2999878
9128	315.1000142
9129	315.1000142
9130	315.1000142
9131	314.9000108
9132	314.9999976
9133	315.1000142
9134	315.2999878
9135	315.200001
9136	315.200001
9137	314.7000074
9138	314.7000074
9139	314.7000074
9140	314.9000108
9141	315.1000142
9142	315.1000142
9143	315.1000142
9144	315.1000142
9145	315.2999878
9146	315.1000142
9147	315.2999878
9148	315.200001
9149	315.4000044
9150	315.4999912
9151	315.4000044
9152	315.4999912
9153	315.6000078
9154	315.6999946
9155	315.6999946
9156	315.4999912
9157	315.4000044
9158	315.2999878
9159	315.4000044
9160	315.1000142
9161	314.7000074
9162	314.5999908
9163	314.3000007
9164	314.0999973
9165	314.2000139
9166	314.0999973
9167	314.5000041
9168	314.3999875
9169	314.3999875
9170	314.5999908
9171	314.7999942
9172	314.9999976
9173	314.7000074
9174	314.9000108
9175	315.1000142
9176	315.1000142
9177	315.4000044
9178	315.200001
9179	314.9000108
9180	314.9999976
9181	314.7999942
9182	314.7000074
9183	314.9999976
9184	314.9999976
9185	314.9999976
9186	314.7999942
9187	314.7000074
9188	314.5000041
9189	314.5999908
9190	314.7000074
9191	314.7000074
9192	314.7000074
9193	314.7000074
9194	314.7000074
9195	314.9000108
9196	314.5999908
9197	314.7999942
9198	314.9999976
9199	315.2999878
9200	315.4999912
9201	315.6999946
9202	315.200001
9203	315.200001
9204	314.9999976
9205	314.9999976
9206	315.1000142
9207	315.1000142
9208	315.1000142
9209	315.1000142
9210	315.1000142
9211	314.7999942
9212	314.9000108
9213	314.7999942
9214	314.7000074
9215	314.3999875
9216	314.5000041
9217	314.5000041
9218	314.7000074
9219	314.9000108
9220	314.7000074
9221	314.9000108
9222	314.7000074
9223	314.7000074
9224	314.9000108
9225	315.1000142
9226	315.200001
9227	315.4000044
9228	315.1000142
9229	315.200001
9230	314.9999976
9231	314.9999976
9232	315.1000142
9233	315.200001
9234	315.1000142
9235	315.1000142
9236	315.200001
9237	315.1000142
9238	314.7999942
9239	314.9999976
9240	314.7000074
9241	314.5999908
9242	314.3999875
9243	314.5999908
9244	314.7999942
9245	315.1000142
9246	315.200001
9247	315.200001
9248	315.1000142
9249	314.9999976
9250	315.1000142
9251	315.2999878
9252	315.200001
9253	314.9999976
9254	314.9999976
9255	315.1000142
9256	314.9999976
9257	314.7999942
9258	314.5999908
9259	314.3999875
9260	314.3999875
9261	314.3999875
9262	314.3999875
9263	314.7000074
9264	314.7999942
9265	314.7000074
9266	314.5999908
9267	314.3999875
9268	314.5000041
9269	314.0999973
9270	313.8999939
9271	313.4000003
9272	312.9999936
9273	312.7999902
9274	312.5
9275	312.7000034
9276	313.3000135
9277	313.4000003
9278	313.4999871
9279	313.8999939
9280	313.8999939
9281	313.8000071
9282	313.3000135
9283	312.7000034
9284	311.3999963
9285	310.4000092
9286	308.2999885
9287	305.9999943
9288	303.7
9289	302.1999896
9290	299.6000051
9291	297.6999879
9292	296.2000072
9293	295.3999937
9294	294.0999866
9295	293.7999964
9296	293.599993
9297	294.8000133
9298	294.0999866
9299	294.6999967
9300	294.9999869
9301	296.4999974
9302	296.4999974
9303	296.9000041
9304	297.3000109
9305	297.8999913
9306	298.4000146
9307	299.2999852
9308	299.8000085
9309	300.3000021
9310	300.9000123
9311	301.4999926
9312	301.8999994
9313	302.1999896
9314	302.5999963
9315	303.0000031
9316	303.2000065
9317	303.6000133
9318	304.1000068
9319	304.1000068
9320	304.5000136
9321	304.8000038
9322	304.8999906
9323	304.8000038
9324	304.6999872
9325	305.0000072
9326	305.4000139
9327	305.2999973
9328	305.4000139
9329	305.2000105
9330	305.4000139
9331	305.2000105
9332	304.8000038
9333	304.8000038
9334	305.2000105
9335	305.5000007
9336	305.5999875
9337	305.7999909
9338	305.9000075
9339	306.1000109
9340	305.9999943
9341	306.1000109
9342	306.400001
9343	306.4999878
9344	306.6000044
9345	306.400001
9346	306.400001
9347	306.400001
9348	306.6000044
9349	306.6000044
9350	306.6999912
9351	306.6999912
9352	306.6999912
9353	306.6999912
9354	306.6999912
9355	306.6999912
9356	306.8000078
9357	306.8999946
9358	307.0000112
9359	307.0000112
9360	307.099998
9361	306.8999946
9362	307.0000112
9363	307.099998
9364	307.3000014
9365	307.3999882
9366	307.5999916
9367	307.3000014
9368	307.099998
9369	307.0000112
9370	307.2000146
9371	307.3000014
9372	307.2000146
9373	307.0000112
9374	307.0000112
9375	307.099998
9376	307.099998
9377	307.0000112
9378	307.099998
9379	307.3000014
9380	307.5999916
9381	307.3999882
9382	307.2000146
9383	307.3999882
9384	307.5000048
9385	307.3999882
9386	307.3000014
9387	307.2000146
9388	307.3000014
9389	307.3999882
9390	307.5000048
9391	307.7000082
9392	307.7999949
9393	307.9999983
9394	307.9999983
9395	308.2999885
9396	308.0999851
9397	308.2000017
9398	307.9999983
9399	307.9999983
9400	307.9999983
9401	308.0999851
9402	307.9999983
9403	308.0999851
9404	308.0999851
9405	307.9999983
9406	307.9999983
9407	308.2999885
9408	308.2000017
9409	308.2999885
9410	308.2000017
9411	308.4000051
9412	308.2999885
9413	308.2999885
9414	308.6000085
9415	308.6000085
9416	308.6000085
9417	308.6000085
9418	308.4999919
9419	308.4000051
9420	308.4000051
9421	308.4000051
9422	308.6000085
9423	308.6999953
9424	308.6999953
9425	308.6000085
9426	308.8999987
9427	308.8999987
9428	308.6000085
9429	308.6000085
9430	308.6000085
9431	308.2999885
9432	308.6000085
9433	308.8999987
9434	308.6000085
9435	308.6999953
9436	308.8999987
9437	308.8999987
9438	308.6999953
9439	308.8999987
9440	309.1999888
9441	308.8999987
9442	308.8999987
9443	308.8999987
9444	308.8000119
9445	308.8999987
9446	308.9999855
9447	308.8000119
9448	308.8000119
9449	308.8999987
9450	308.8999987
9451	308.8000119
9452	308.6999953
9453	308.6999953
9454	308.6000085
9455	308.8000119
9456	308.8000119
9457	308.8999987
9458	308.8999987
9459	308.8000119
9460	308.8999987