1	282.3800049
2	282.3999939
3	282.4700012
4	282.4899902
5	282.5299988
6	282.5700073
7	282.5899963
8	282.6099854
9	282.6600037
10	282.6099854
11	282.5899963
12	282.6600037
13	282.6600037
14	282.7200012
15	282.6799927
16	282.7600098
17	282.7799988
18	282.7399902
19	282.7399902
20	282.7399902
21	282.5700073
22	282.5899963
23	282.5899963
24	282.6300049
25	282.6600037
26	282.5899963
27	282.5899963
28	282.7200012
29	282.7600098
30	282.7200012
31	282.7399902
32	282.7799988
33	282.7600098
34	282.7600098
35	282.6799927
36	282.7399902
37	282.7399902
38	282.7600098
39	282.7200012
40	282.7600098
41	282.8399963
42	282.8200073
43	282.8399963
44	282.8200073
45	282.8200073
46	282.7799988
47	282.8399963
48	282.8900146
49	283.0299988
50	283.1199951
51	283.0499878
52	283.0499878
53	283.0700073
54	283.0100098
55	282.9299927
56	282.9299927
57	282.8900146
58	282.9700012
59	282.9700012
60	283.0299988
61	283.0499878
62	283.0700073
63	283.0499878
64	283.0499878
65	283.0100098
66	283.0499878
67	283.0299988
68	283.0100098
69	283.0499878
70	283.0499878
71	283.0299988
72	283.0499878
73	283.0899963
74	283.1600037
75	283.2000122
76	283.2600098
77	283.2200012
78	283.2600098
79	283.2000122
80	283.1400146
81	283.2200012
82	283.2200012
83	283.1400146
84	283.1400146
85	283.1600037
86	283.1199951
87	283.2000122
88	283.2000122
89	283.2399902
90	283.1799927
91	283.1799927
92	283.3699951
93	283.4500122
94	283.4500122
95	283.6400146
96	283.8099976
97	283.8099976
98	283.8099976
99	283.9500122
100	284.0599976
101	284.1199951
102	284.3500061
103	284.5599976
104	284.6799927
105	284.7900085
106	285.25
107	285.3699951
108	285.6199951
109	285.8500061
110	285.8800049
111	286.019989
112	286.0599976
113	286.2099915
114	286.1499939
115	286.2099915
116	286.3399963
117	286.3999939
118	286.4400024
119	286.5400085
120	286.5899963
121	286.6700134
122	286.7099915
123	286.7099915
124	286.7999878
125	286.7999878
126	286.8599854
127	286.8599854
128	286.9599915
129	287.0100098
130	287.0100098
131	287.0299988
132	286.980011
133	287.0100098
134	287.0899963
135	287.0700073
136	287.0899963
137	287.1099854
138	287.2799988
139	287.1700134
140	287.2600098
141	287.2399902
142	287.2999878
143	287.2799988
144	287.2399902
145	287.2799988
146	287.3200073
147	287.3200073
148	287.3599854
149	287.3800049
150	287.3599854
151	287.3399963
152	287.2799988
153	287.2399902
154	287.2099915
155	287.2799988
156	287.2999878
157	287.3399963
158	287.3399963
159	287.4700012
160	287.4400024
161	287.4200134
162	287.4200134
163	287.4400024
164	287.3999939
165	287.4400024
166	287.4700012
167	287.4200134
168	287.4200134
169	287.4200134
170	287.4899902
171	287.4200134
172	287.4400024
173	287.3399963
174	287.3800049
175	287.3200073
176	287.3200073
177	287.2600098
178	287.2399902
179	287.2999878
180	287.2600098
181	287.2999878
182	287.3599854
183	287.3200073
184	287.1900024
185	287.2099915
186	287.1900024
187	287.1700134
188	287.1499939
189	287.2399902
190	287.1900024
191	287.3200073
192	287.3399963
193	287.2399902
194	287.2399902
195	287.2399902
196	287.2399902
197	287.2799988
198	287.2999878
199	287.3399963
200	287.3399963
201	287.3399963
202	287.2999878
203	287.3399963
204	287.3599854
205	287.3599854
206	287.2799988
207	287.2399902
208	287.2399902
209	287.3200073
210	287.2999878
211	287.3399963
212	287.3399963
213	287.3599854
214	287.3800049
215	287.3800049
216	287.3399963
217	287.3599854
218	287.3800049
219	287.3399963
220	287.3399963
221	287.3399963
222	287.3399963
223	287.3200073
224	287.3599854
225	287.4400024
226	287.3999939
227	287.4200134
228	287.4899902
229	287.4700012
230	287.5299988
231	287.5499878
232	287.5700073
233	287.5700073
234	287.5299988
235	287.5700073
236	287.5299988
237	287.6499939
238	287.6700134
239	287.6700134
240	287.6700134
241	287.5899963
242	287.5100098
243	287.4200134
244	287.4700012
245	287.4400024
246	287.4700012
247	287.4200134
248	287.4200134
249	287.4400024
250	287.4700012
251	287.5499878
252	287.5700073
253	287.6099854
254	287.6300049
255	287.5499878
256	287.5100098
257	287.5100098
258	287.4400024
259	287.5100098
260	287.4700012
261	287.4400024
262	287.3999939
263	287.3800049
264	287.2799988
265	287.2799988
266	287.4899902
267	287.3399963
268	287.2799988
269	287.1900024
270	287.0299988
271	286.9599915
272	286.9599915
273	286.75
274	286.6900024
275	286.6900024
276	286.5700073
277	286.5700073
278	286.5
279	286.5
280	286.25
281	286.1099854
282	286.0599976
283	285.980011
284	285.4200134
285	285
286	284.6000061
287	283.6199951
288	283.4299927
289	282.7799988
290	281.8200073
291	281.3999939
292	280.4599915
293	279.980011
294	279.1199951
295	278.4700012
296	278.0100098
297	277.7000122
298	277.5700073
299	277.4299927
300	277.3200073
301	277.2399902
302	277.2399902
303	277.2999878
304	277.2999878
305	277.4299927
306	277.7999878
307	278.0299988
308	278.4500122
309	278.7000122
310	278.8099976
311	278.8099976
312	279.0400085
313	279.0799866
314	279.2000122
315	279.269989
316	279.3299866
317	279.3900146
318	279.4299927
319	279.6900024
320	279.769989
321	279.8900146
322	280.2099915
323	280.3999939
324	280.480011
325	280.519989
326	280.9200134
327	281
328	281.0899963
329	281.2099915
330	281.269989
331	281.3399963
332	281.3999939
333	281.4200134
334	281.4599915
335	281.5499878
336	281.5499878
337	281.8800049
338	281.9899902
339	282.0899963
340	282.1300049
341	282.2799988
342	282.3599854
343	282.3599854
344	282.3399963
345	282.4500122
346	282.4500122
347	282.4899902
348	282.5100098
349	282.5100098
350	282.5100098
351	282.5499878
352	282.6600037
353	282.6600037
354	282.7000122
355	282.6300049
356	282.6600037
357	282.6300049
358	282.6099854
359	282.6600037
360	282.6799927
361	282.7399902
362	282.7600098
363	282.7999878
364	282.7999878
365	282.7999878
366	282.8200073
367	282.8399963
368	282.8200073
369	282.8599854
370	282.7399902
371	282.8599854
372	282.9299927
373	282.9299927
374	282.9700012
375	282.9700012
376	282.9700012
377	282.9700012
378	283.0299988
379	282.9100037
380	283.0299988
381	283.0299988
382	283.0299988
383	283.0700073
384	283.0299988
385	283.0700073
386	283.0899963
387	283.1400146
388	283.1799927
389	283.1400146
390	283.1199951
391	283.0299988
392	283.0700073
393	282.9899902
394	283.0499878
395	283.0299988
396	283.0899963
397	283.1199951
398	283.1799927
399	283.2000122
400	283.2600098
401	283.2399902
402	283.1799927
403	283.2000122
404	283.2600098
405	283.2399902
406	283.2200012
407	283.2200012
408	283.2000122
409	283.2000122
410	283.2200012
411	283.3200073
412	283.2799988
413	283.2200012
414	283.2200012
415	283.2600098
416	283.3200073
417	283.2999878
418	283.4700012
419	283.4299927
420	283.4700012
421	283.4700012
422	283.4100037
423	283.3699951
424	283.3500061
425	283.3500061
426	283.2399902
427	283.1799927
428	283.1199951
429	283.1600037
430	283.1600037
431	283.0899963
432	283.1400146
433	283.1199951
434	283.1400146
435	283.1799927
436	283.2200012
437	283.1799927
438	283.2000122
439	283.2600098
440	283.2999878
441	283.3699951
442	283.3900146
443	283.4700012
444	283.4500122
445	283.4100037
446	283.4100037
447	283.3500061
448	283.3200073
449	283.3500061
450	283.2399902
451	283.2200012
452	283.2000122
453	283.2000122
454	283.3200073
455	283.4100037
456	283.4100037
457	283.4299927
458	283.4100037
459	283.4299927
460	283.4100037
461	283.4299927
462	283.3699951
463	283.3500061
464	283.4299927
465	283.3900146
466	283.4500122
467	283.4100037
468	283.3699951
469	283.4299927
470	283.4700012
471	283.4899902
472	283.4700012
473	283.4700012
474	283.4899902
475	283.4500122
476	283.4299927
477	283.3900146
478	283.2999878
479	283.2799988
480	283.2600098
481	283.2600098
482	283.2600098
483	283.2200012
484	283.2200012
485	283.2200012
486	283.3500061
487	283.3500061
488	283.2799988
489	283.2999878
490	283.3500061
491	283.3699951
492	283.3699951
493	283.3900146
494	283.3699951
495	283.4100037
496	283.4899902
497	283.4700012
498	283.4100037
499	283.4899902
500	283.4899902
501	283.4899902
502	283.4100037
503	283.4700012
504	283.4700012
505	283.5100098
506	283.4500122
507	283.5299988
508	283.5499878
509	283.4899902
510	283.4500122
511	283.4299927
512	283.4100037
513	283.3900146
514	283.4700012
515	283.4100037
516	283.4100037
517	283.4100037
518	283.4299927
519	283.4100037
520	283.3900146
521	283.3900146
522	283.4100037
523	283.4100037
524	283.4100037
525	283.2799988
526	283.3500061
527	283.3900146
528	283.3900146
529	283.3900146
530	283.3900146
531	283.3900146
532	283.3699951
533	283.4700012
534	283.4500122
535	283.5799866
536	283.5499878
537	283.5100098
538	283.5799866
539	283.4700012
540	283.4500122
541	283.4299927
542	283.3900146
543	283.3699951
544	283.4500122
545	283.4299927
546	283.5299988
547	283.6000061
548	283.4899902
549	283.4500122
550	283.5299988
551	283.6000061
552	283.6199951
553	283.6400146
554	283.5499878
555	283.5799866
556	283.5799866
557	283.5100098
558	283.5299988
559	283.4899902
560	283.4100037
561	283.4500122
562	283.4899902
563	283.4899902
564	283.5799866
565	283.6600037
566	283.6799927
567	283.9100037
568	284.1400146
569	284.2399902
570	284.3099976
571	284.519989
572	284.5
573	284.6199951
574	284.6199951
575	284.730011
576	284.769989
577	284.8900146
578	285.269989
579	285.3299866
580	285.5
581	285.7099915
582	285.75
583	285.980011
584	286.0599976
585	286.25
586	286.3599854
587	286.5
588	286.5
589	286.5700073
590	286.769989
591	286.8399963
592	286.8399963
593	286.8399963
594	286.769989
595	286.769989
596	286.8399963
597	286.8399963
598	286.8599854
599	286.8200073
600	286.8599854
601	286.9200134
602	286.9200134
603	287.0100098
604	287.1099854
605	287.0700073
606	287.1099854
607	287.1300049
608	287.2099915
609	287.1499939
610	287.1099854
611	287.1300049
612	287.1099854
613	287.0700073
614	287.0499878
615	287.0899963
616	287.1099854
617	287.0899963
618	287.1099854
619	287.1700134
620	287.2399902
621	287.2099915
622	287.3399963
623	287.2799988
624	287.2799988
625	287.2600098
626	287.2600098
627	287.2600098
628	287.2099915
629	287.2600098
630	287.2600098
631	287.3200073
632	287.3599854
633	287.3200073
634	287.3200073
635	287.3800049
636	287.2799988
637	287.2799988
638	287.3399963
639	287.3599854
640	287.3200073
641	287.2099915
642	287.2600098
643	287.2600098
644	287.2600098
645	287.2999878
646	287.2799988
647	287.2999878
648	287.1900024
649	287.2399902
650	287.2799988
651	287.2799988
652	287.2799988
653	287.2099915
654	287.3200073
655	287.2600098
656	287.2399902
657	287.2399902
658	287.2600098
659	287.2999878
660	287.2099915
661	287.2600098
662	287.2999878
663	287.3200073
664	287.3599854
665	287.3399963
666	287.3399963
667	287.3399963
668	287.2999878
669	287.2999878
670	287.2999878
671	287.3200073
672	287.2999878
673	287.2999878
674	287.2600098
675	287.3200073
676	287.2799988
677	287.2099915
678	287.2600098
679	287.2399902
680	287.2399902
681	287.2600098
682	287.3200073
683	287.2999878
684	287.2399902
685	287.2799988
686	287.2099915
687	287.2999878
688	287.3399963
689	287.3399963
690	287.4700012
691	287.4200134
692	287.4200134
693	287.3999939
694	287.4200134
695	287.4200134
696	287.5299988
697	287.4700012
698	287.4700012
699	287.3999939
700	287.3800049
701	287.3800049
702	287.3800049
703	287.4200134
704	287.4400024
705	287.4400024
706	287.3800049
707	287.2600098
708	287.3399963
709	287.3399963
710	287.3999939
711	287.3599854
712	287.3800049
713	287.2799988
714	287.3399963
715	287.3200073
716	287.3800049
717	287.4200134
718	287.3999939
719	287.4400024
720	287.3999939
721	287.3999939
722	287.3999939
723	287.3999939
724	287.3999939
725	287.5100098
726	287.4200134
727	287.4200134
728	287.3599854
729	287.3399963
730	287.3999939
731	287.3599854
732	287.4200134
733	287.3800049
734	287.3999939
735	287.3399963
736	287.3599854
737	287.3599854
738	287.4899902
739	287.3999939
740	287.3800049
741	287.2399902
742	287.1300049
743	286.9599915
744	286.9599915
745	286.7999878
746	286.730011
747	286.730011
748	286.7099915
749	286.6900024
750	286.6700134
751	286.6700134
752	286.519989
753	286.480011
754	286.2900085
755	286.2099915
756	286
757	285.75
758	285.5
759	284.4500122
760	284.0599976
761	283.2999878
762	282.2600098
763	281.6900024
764	280.8599854
765	280.5400085
766	279.75
767	279.1000061
768	278.5400085
769	278.5400085
770	277.9700012
771	277.6199951
772	277.6199951
773	277.4100037
774	277.3200073
775	277.2999878
776	277.2999878
777	277.5299988
778	277.6400146
779	277.7200012
780	277.8699951
781	277.9700012
782	278.1000061
783	278.1000061
784	278.3900146
785	278.6600037
786	278.7200012
787	279.0799866
788	279.3299866
789	279.5
790	279.6900024
791	280.019989
792	280.1700134
793	280.3999939
794	280.480011
795	280.519989
796	280.5799866
797	280.6300049
798	280.75
799	280.7900085
800	281
801	281.1499939
802	281.2099915
803	281.3399963
804	281.3599854
805	281.5299988
806	281.7999878
807	281.8399963
808	281.8399963
809	281.9400024
810	282.0899963
811	282.1700134
812	282.2600098
813	282.3399963
814	282.3399963
815	282.3399963
816	282.4500122
817	282.4500122
818	282.4500122
819	282.4899902
820	282.4500122
821	282.4299927
822	282.3800049
823	282.4299927
824	282.5100098
825	282.5299988
826	282.6099854
827	282.6600037
828	282.6600037
829	282.6600037
830	282.6600037
831	282.6799927
832	282.7000122
833	282.6799927
834	282.8200073
835	282.7600098
836	282.7999878
837	282.9299927
838	282.9899902
839	282.9700012
840	282.9700012
841	282.9700012
842	282.9500122
843	282.9299927
844	282.9500122
845	282.9500122
846	282.9100037
847	282.9100037
848	282.9700012
849	282.9899902
850	283.0700073
851	283.1199951
852	283.0899963
853	283.2200012
854	283.2200012
855	283.2000122
856	283.1400146
857	283.1600037
858	283.1199951
859	283.1400146
860	283.1199951
861	283.0700073
862	283.0100098
863	282.9700012
864	282.9100037
865	283.0100098
866	283.0100098
867	283.0899963
868	283.0899963
869	283.1799927
870	283.2000122
871	283.2200012
872	283.3200073
873	283.2200012
874	283.2399902
875	283.1799927
876	283.2000122
877	283.1799927
878	283.1799927
879	283.1799927
880	283.2000122
881	283.2000122
882	283.1799927
883	283.1400146
884	283.2399902
885	283.2399902
886	283.2399902
887	283.2999878
888	283.2799988
889	283.2999878
890	283.3500061
891	283.3200073
892	283.3200073
893	283.2999878
894	283.2399902
895	283.2600098
896	283.2999878
897	283.2600098
898	283.3200073
899	283.3900146
900	283.3900146
901	283.3500061
902	283.3699951
903	283.3500061
904	283.3699951
905	283.3900146
906	283.4100037
907	283.3900146
908	283.3500061
909	283.4299927
910	283.4100037
911	283.4100037
912	283.5100098
913	283.5100098
914	283.5100098
915	283.5100098
916	283.5299988
917	283.5100098
918	283.5100098
919	283.4100037
920	283.3900146
921	283.3900146
922	283.4100037
923	283.3900146
924	283.3900146
925	283.3900146
926	283.5299988
927	283.5100098
928	283.5299988
929	283.5100098
930	283.4700012
931	283.4100037
932	283.4100037
933	283.3200073
934	283.2799988
935	283.3699951
936	283.3500061
937	283.2799988
938	283.2999878
939	283.3200073
940	283.3900146
941	283.3500061
942	283.3699951
943	283.3900146
944	283.3900146
945	283.3699951
946	283.3900146
947	283.3200073
948	283.4100037
949	283.3699951
950	283.3699951
951	283.2200012
952	283.2399902
953	283.2600098
954	283.3200073
955	283.3500061
956	283.2999878
957	283.2999878
958	283.2399902
959	283.2600098
960	283.2200012
961	283.2799988
962	283.2000122
963	283.2799988
964	283.2600098
965	283.2999878
966	283.3900146
967	283.4299927
968	283.4700012
969	283.4299927
970	283.4899902
971	283.4100037
972	283.4299927
973	283.3900146
974	283.4500122
975	283.4899902
976	283.4899902
977	283.5299988
978	283.4500122
979	283.4299927
980	283.4500122
981	283.4899902
982	283.5100098
983	283.4700012
984	283.4500122
985	283.4299927
986	283.4100037
987	283.4299927
988	283.4299927
989	283.4299927
990	283.3900146
991	283.3900146
992	283.4299927
993	283.4100037
994	283.4100037
995	283.3699951
996	283.3699951
997	283.4100037
998	283.4100037
999	283.3900146
1000	283.2999878
1001	283.4299927
1002	283.3500061
1003	283.3500061
1004	283.4700012
1005	283.4299927
1006	283.5100098
1007	283.5299988
1008	283.5499878
1009	283.5299988
1010	283.5499878
1011	283.6400146
1012	283.5499878
1013	283.4899902
1014	283.4700012
1015	283.4100037
1016	283.3900146
1017	283.3900146
1018	283.3699951
1019	283.2999878
1020	283.2600098
1021	283.2600098
1022	283.2799988
1023	283.2799988
1024	283.3200073
1025	283.3699951
1026	283.3500061
1027	283.2999878
1028	283.2999878
1029	283.2999878
1030	283.2399902
1031	283.2399902
1032	283.2000122
1033	283.2200012
1034	283.2799988
1035	283.2799988
1036	283.3200073
1037	283.3900146
1038	283.4700012
1039	283.6400146
1040	283.8299866
1041	283.8699951
1042	283.9100037
1043	283.9899902
1044	284.1400146
1045	284.1199951
1046	284.3099976
1047	284.3299866
1048	284.5599976
1049	284.6400146
1050	284.9299927
1051	285.1199951
1052	285.3500061
1053	285.5400085
1054	285.6700134
1055	285.769989
1056	285.8299866
1057	286
1058	286.2099915
1059	286.3800049
1060	286.3800049
1061	286.5899963
1062	286.6900024
1063	286.769989
1064	286.730011
1065	286.75
1066	286.8200073
1067	286.8200073
1068	286.8999939
1069	286.9400024
1070	286.9200134
1071	286.9200134
1072	286.9400024
1073	286.980011
1074	286.9200134
1075	286.8999939
1076	286.9400024
1077	286.8399963
1078	286.980011
1079	286.9200134
1080	286.9599915
1081	286.8999939
1082	286.8800049
1083	286.8999939
1084	286.980011
1085	286.980011
1086	287.0700073
1087	287.1099854
1088	287.0899963
1089	287.0899963
1090	287.1900024
1091	287.2799988
1092	287.2799988
1093	287.3599854
1094	287.3399963
1095	287.3599854
1096	287.2999878
1097	287.3599854
1098	287.3399963
1099	287.3399963
1100	287.2999878
1101	287.3200073
1102	287.3399963
1103	287.2399902
1104	287.2099915
1105	287.2600098
1106	287.2600098
1107	287.2399902
1108	287.2799988
1109	287.2999878
1110	287.2999878
1111	287.2799988
1112	287.2799988
1113	287.3200073
1114	287.3399963
1115	287.4200134
1116	287.3999939
1117	287.3800049
1118	287.2799988
1119	287.3399963
1120	287.2799988
1121	287.2600098
1122	287.2399902
1123	287.1300049
1124	287.2099915
1125	287.2099915
1126	287.2600098
1127	287.2600098
1128	287.3200073
1129	287.3999939
1130	287.3399963
1131	287.3399963
1132	287.2999878
1133	287.3999939
1134	287.2999878
1135	287.2099915
1136	287.2399902
1137	287.1900024
1138	287.1900024
1139	287.2399902
1140	287.1900024
1141	287.2600098
1142	287.2399902
1143	287.3200073
1144	287.3200073
1145	287.2999878
1146	287.3599854
1147	287.2999878
1148	287.3200073
1149	287.3399963
1150	287.3399963
1151	287.3599854
1152	287.3200073
1153	287.3599854
1154	287.3399963
1155	287.3599854
1156	287.3599854
1157	287.3800049
1158	287.3800049
1159	287.3200073
1160	287.3599854
1161	287.3200073
1162	287.3599854
1163	287.3599854
1164	287.3999939
1165	287.3800049
1166	287.2799988
1167	287.2999878
1168	287.2999878
1169	287.3599854
1170	287.3599854
1171	287.2799988
1172	287.3800049
1173	287.3999939
1174	287.3599854
1175	287.4200134
1176	287.4400024
1177	287.4400024
1178	287.3200073
1179	287.2399902
1180	287.3200073
1181	287.3599854
1182	287.3200073
1183	287.4200134
1184	287.3599854
1185	287.2799988
1186	287.2099915
1187	287.2099915
1188	287.1900024
1189	287.1700134
1190	287.1700134
1191	287.1499939
1192	287.1300049
1193	287.1300049
1194	287.1099854
1195	287.1300049
1196	287.1700134
1197	287.1700134
1198	287.1900024
1199	287.2099915
1200	287.2799988
1201	287.2999878
1202	287.2999878
1203	287.3200073
1204	287.2399902
1205	287.2799988
1206	287.1900024
1207	287.2999878
1208	287.2799988
1209	287.2799988
1210	287.3800049
1211	287.3200073
1212	287.3599854
1213	287.2799988
1214	287.1099854
1215	287.0299988
1216	286.9599915
1217	286.6900024
1218	286.6900024
1219	286.6300049
1220	286.480011
1221	286.4400024
1222	286.3999939
1223	286.3800049
1224	286.269989
1225	286.3399963
1226	286.269989
1227	286.3099976
1228	286.269989
1229	286.1499939
1230	286.0599976
1231	285.8099976
1232	285.2900085
1233	284.3900146
1234	283.5100098
1235	283.0899963
1236	282.1300049
1237	281.6900024
1238	280.730011
1239	279.8299866
1240	279.1400146
1241	279.1400146
1242	278.2799988
1243	277.8900146
1244	277.7200012
1245	277.4899902
1246	277.2600098
1247	277.1799927
1248	277.1799927
1249	277.2999878
1250	277.5700073
1251	277.6400146
1252	277.7999878
1253	278.0499878
1254	278.1799927
1255	278.2200012
1256	278.5100098
1257	278.6199951
1258	278.9500122
1259	279.1799927
1260	279.3699951
1261	279.480011
1262	279.5400085
1263	279.8099976
1264	279.8900146
1265	280
1266	280.0799866
1267	280.1000061
1268	280.230011
1269	280.3099976
1270	280.4200134
1271	280.6099854
1272	280.75
1273	280.75
1274	281.0700073
1275	281.1700134
1276	281.25
1277	281.3399963
1278	281.3800049
1279	281.5499878
1280	281.5499878
1281	281.6099854
1282	281.7099915
1283	281.7799988
1284	281.9200134
1285	282.1499939
1286	282.1700134
1287	282.1700134
1288	282.2000122
1289	282.2200012
1290	282.2200012
1291	282.2600098
1292	282.3200073
1293	282.3399963
1294	282.3399963
1295	282.3599854
1296	282.4299927
1297	282.4299927
1298	282.4299927
1299	282.4700012
1300	282.5700073
1301	282.5899963
1302	282.6600037
1303	282.7000122
1304	282.7000122
1305	282.7000122
1306	282.7399902
1307	282.7600098
1308	282.6300049
1309	282.7000122
1310	282.7399902
1311	282.6799927
1312	282.6799927
1313	282.7399902
1314	282.8399963
1315	282.8200073
1316	282.8900146
1317	282.9500122
1318	282.9899902
1319	282.9899902
1320	282.9700012
1321	282.9899902
1322	282.9899902
1323	282.9700012
1324	282.9899902
1325	282.9899902
1326	283.0100098
1327	283.0299988
1328	283.0499878
1329	283.0100098
1330	283.0299988
1331	283.0299988
1332	283.0899963
1333	283.0299988
1334	283.1400146
1335	283.1799927
1336	283.1400146
1337	283.0899963
1338	283.1199951
1339	283.2600098
1340	283.2799988
1341	283.2999878
1342	283.2600098
1343	283.2200012
1344	283.2200012
1345	283.2000122
1346	283.2600098
1347	283.2399902
1348	283.1400146
1349	283.1199951
1350	283.1600037
1351	283.1600037
1352	283.1600037
1353	283.1199951
1354	283.0299988
1355	283.1600037
1356	283.2399902
1357	283.2000122
1358	283.2000122
1359	283.1799927
1360	283.2399902
1361	283.2200012
1362	283.2200012
1363	283.2200012
1364	283.2000122
1365	283.1799927
1366	283.1400146
1367	283.1400146
1368	283.1199951
1369	283.1400146
1370	283.1600037
1371	283.2200012
1372	283.2000122
1373	283.2399902
1374	283.2399902
1375	283.2000122
1376	283.1400146
1377	283.1400146
1378	283.2000122
1379	283.1400146
1380	283.1199951
1381	283.1799927
1382	283.2399902
1383	283.2399902
1384	283.2200012
1385	283.2399902
1386	283.2600098
1387	283.3200073
1388	283.2999878
1389	283.3200073
1390	283.3200073
1391	283.2200012
1392	283.2200012
1393	283.2399902
1394	283.2399902
1395	283.2399902
1396	283.2999878
1397	283.2799988
1398	283.2200012
1399	283.2200012
1400	283.2200012
1401	283.2200012
1402	283.2000122
1403	283.2600098
1404	283.1799927
1405	283.2000122
1406	283.2200012
1407	283.2200012
1408	283.3699951
1409	283.3900146
1410	283.4100037
1411	283.4700012
1412	283.4700012
1413	283.4299927
1414	283.4100037
1415	283.4100037
1416	283.3900146
1417	283.3699951
1418	283.3900146
1419	283.3200073
1420	283.4299927
1421	283.3500061
1422	283.3500061
1423	283.3699951
1424	283.3500061
1425	283.3699951
1426	283.4100037
1427	283.4500122
1428	283.4500122
1429	283.4500122
1430	283.4899902
1431	283.5299988
1432	283.6199951
1433	283.4100037
1434	283.5499878
1435	283.5299988
1436	283.5100098
1437	283.4299927
1438	283.4299927
1439	283.4700012
1440	283.4100037
1441	283.4500122
1442	283.4100037
1443	283.4299927
1444	283.5100098
1445	283.5499878
1446	283.4899902
1447	283.4500122
1448	283.4700012
1449	283.4500122
1450	283.4500122
1451	283.3699951
1452	283.4500122
1453	283.3900146
1454	283.3900146
1455	283.2399902
1456	283.2600098
1457	283.2200012
1458	283.2200012
1459	283.3699951
1460	283.3900146
1461	283.3900146
1462	283.3900146
1463	283.3200073
1464	283.2999878
1465	283.2999878
1466	283.2600098
1467	283.2399902
1468	283.2799988
1469	283.2600098
1470	283.2000122
1471	283.2200012
1472	283.2000122
1473	283.2600098
1474	283.2999878
1475	283.2399902
1476	283.2399902
1477	283.2399902
1478	283.3200073
1479	283.3500061
1480	283.3699951
1481	283.2999878
1482	283.3500061
1483	283.3200073
1484	283.2999878
1485	283.3500061
1486	283.4100037
1487	283.4299927
1488	283.4100037
1489	283.4100037
1490	283.3900146
1491	283.3699951
1492	283.3200073
1493	283.3200073
1494	283.3200073
1495	283.3200073
1496	283.3200073
1497	283.2999878
1498	283.2799988
1499	283.3200073
1500	283.3200073
1501	283.3500061
1502	283.2999878
1503	283.3699951
1504	283.2799988
1505	283.2999878
1506	283.3200073
1507	283.3500061
1508	283.4100037
1509	283.4500122
1510	283.3699951
1511	283.4700012
1512	283.6000061
1513	283.7200012
1514	283.8099976
1515	284.1000061
1516	284.1000061
1517	284.2200012
1518	284.2200012
1519	284.269989
1520	284.3099976
1521	284.4100037
1522	284.5599976
1523	284.769989
1524	285
1525	285
1526	285.3099976
1527	285.5
1528	285.6499939
1529	285.8800049
1530	286.019989
1531	286.0599976
1532	286.0599976
1533	286.2099915
1534	286.25
1535	286.2900085
1536	286.3800049
1537	286.4200134
1538	286.4599915
1539	286.4599915
1540	286.5700073
1541	286.6700134
1542	286.6499939
1543	286.769989
1544	286.769989
1545	286.8599854
1546	286.8399963
1547	286.8999939
1548	286.8800049
1549	286.9599915
1550	286.9200134
1551	287.1099854
1552	287.0700073
1553	287.0899963
1554	287.0499878
1555	287.0700073
1556	287.1099854
1557	287.2099915
1558	287.2600098
1559	287.2099915
1560	287.2099915
1561	287.2600098
1562	287.2099915
1563	287.2399902
1564	287.2399902
1565	287.2399902
1566	287.1900024
1567	287.1700134
1568	287.1900024
1569	287.2099915
1570	287.1900024
1571	287.1900024
1572	287.2399902
1573	287.1499939
1574	287.1900024
1575	287.1700134
1576	287.2399902
1577	287.2999878
1578	287.2799988
1579	287.2799988
1580	287.3599854
1581	287.3399963
1582	287.3599854
1583	287.2999878
1584	287.2399902
1585	287.2799988
1586	287.3800049
1587	287.3999939
1588	287.4200134
1589	287.3399963
1590	287.2999878
1591	287.3200073
1592	287.3800049
1593	287.3599854
1594	287.3800049
1595	287.3399963
1596	287.3399963
1597	287.3399963
1598	287.2999878
1599	287.3200073
1600	287.3999939
1601	287.3599854
1602	287.2799988
1603	287.2799988
1604	287.2099915
1605	287.2999878
1606	287.2600098
1607	287.2999878
1608	287.1900024
1609	287.1700134
1610	287.1700134
1611	287.2099915
1612	287.1300049
1613	287.1300049
1614	287.1700134
1615	287.1499939
1616	287.1900024
1617	287.1700134
1618	287.3200073
1619	287.1900024
1620	287.2799988
1621	287.2799988
1622	287.2600098
1623	287.3800049
1624	287.3599854
1625	287.3599854
1626	287.3399963
1627	287.3200073
1628	287.3399963
1629	287.4200134
1630	287.5100098
1631	287.5100098
1632	287.4899902
1633	287.5499878
1634	287.5899963
1635	287.5899963
1636	287.5899963
1637	287.5299988
1638	287.6300049
1639	287.5299988
1640	287.5299988
1641	287.4400024
1642	287.4400024
1643	287.4899902
1644	287.4400024
1645	287.5299988
1646	287.4899902
1647	287.4700012
1648	287.3999939
1649	287.4200134
1650	287.3999939
1651	287.3800049
1652	287.4200134
1653	287.4200134
1654	287.4700012
1655	287.4899902
1656	287.4899902
1657	287.3999939
1658	287.3599854
1659	287.3599854
1660	287.2799988
1661	287.2999878
1662	287.3800049
1663	287.4200134
1664	287.4700012
1665	287.4400024
1666	287.5299988
1667	287.5299988
1668	287.5299988
1669	287.5700073
1670	287.5100098
1671	287.4899902
1672	287.5299988
1673	287.5100098
1674	287.5100098
1675	287.4200134
1676	287.4899902
1677	287.5100098
1678	287.4899902
1679	287.5100098
1680	287.4200134
1681	287.4200134
1682	287.4200134
1683	287.4700012
1684	287.4200134
1685	287.4400024
1686	287.4400024
1687	287.4200134
1688	287.3999939
1689	287.0299988
1690	286.9599915
1691	286.7999878
1692	286.6900024
1693	286.75
1694	286.6900024
1695	286.6900024
1696	286.6499939
1697	286.5400085
1698	286.5700073
1699	286.4599915
1700	286.480011
1701	286.3399963
1702	286.269989
1703	286.1700134
1704	285.8299866
1705	284.9599915
1706	284.9599915
1707	283.5799866
1708	282.9899902
1709	282.7399902
1710	282.0299988
1711	281.3999939
1712	280.5799866
1713	280.5799866
1714	279.269989
1715	278.7200012
1716	278.3900146
1717	277.9700012
1718	277.7200012
1719	277.6400146
1720	277.4500122
1721	277.2999878
1722	277.4500122
1723	277.5299988
1724	277.7000122
1725	277.8200073
1726	277.9299927
1727	277.9500122
1728	278.1600037
1729	278.3099976
1730	278.4299927
1731	278.7200012
1732	278.8299866
1733	279.0599976
1734	279.1600037
1735	279.3699951
1736	279.5599976
1737	279.7900085
1738	279.7900085
1739	280.0599976
1740	280.25
1741	280.3099976
1742	280.4200134
1743	280.4599915
1744	280.6300049
1745	280.6300049
1746	280.8399963
1747	280.980011
1748	281.0899963
1749	281.2099915
1750	281.269989
1751	281.3999939
1752	281.3999939
1753	281.6099854
1754	281.7099915
1755	281.7799988
1756	281.8800049
1757	281.9899902
1758	282.0499878
1759	282.0299988
1760	282.1099854
1761	282.1099854
1762	282.1499939
1763	282.1499939
1764	282.1700134
1765	282.1700134
1766	282.2600098
1767	282.2999878
1768	282.2799988
1769	282.3200073
1770	282.3200073
1771	282.3399963
1772	282.3599854
1773	282.3599854
1774	282.5100098
1775	282.5299988
1776	282.5299988
1777	282.5299988
1778	282.5299988
1779	282.5700073
1780	282.5899963
1781	282.7000122
1782	282.7000122
1783	282.5899963
1784	282.5899963
1785	282.6799927
1786	282.7200012
1787	282.7000122
1788	282.7399902
1789	282.7399902
1790	282.7399902
1791	282.7399902
1792	282.8399963
1793	282.9299927
1794	282.9500122
1795	283.0100098
1796	283.0100098
1797	282.9899902
1798	283.0499878
1799	283.0499878
1800	283.0299988
1801	282.9700012
1802	282.9500122
1803	282.9700012
1804	283.0700073
1805	283.0499878
1806	283.0899963
1807	283.1400146
1808	283.1199951
1809	283.1199951
1810	282.9700012
1811	283.0299988
1812	282.9899902
1813	282.9500122
1814	282.9700012
1815	282.9100037
1816	282.9100037
1817	282.9700012
1818	283.0299988
1819	283.0700073
1820	283.0499878
1821	283.0100098
1822	282.9700012
1823	282.9700012
1824	283.0299988
1825	282.9899902
1826	283.0700073
1827	283.0700073
1828	283.1199951
1829	283.1199951
1830	283.1600037
1831	283.1199951
1832	283.0899963
1833	283.1199951
1834	283.1400146
1835	283.2000122
1836	283.1600037
1837	283.0499878
1838	283.1199951
1839	283.1400146
1840	283.1799927
1841	283.2999878
1842	283.3200073
1843	283.2799988
1844	283.2999878
1845	283.3500061
1846	283.2799988
1847	283.2399902
1848	283.2399902
1849	283.1799927
1850	283.1199951
1851	283.0899963
1852	283.1199951
1853	283.1799927
1854	283.1600037
1855	283.1600037
1856	283.0899963
1857	283.1199951
1858	283.0899963
1859	283.2799988
1860	283.2200012
1861	283.2200012
1862	283.2200012
1863	283.1600037
1864	283.1400146
1865	283.1400146
1866	283.1600037
1867	283.2200012
1868	283.1799927
1869	283.1799927
1870	283.1799927
1871	283.1799927
1872	283.1199951
1873	283.0700073
1874	283.1799927
1875	283.2399902
1876	283.2399902
1877	283.2799988
1878	283.3500061
1879	283.3500061
1880	283.3699951
1881	283.3200073
1882	283.3699951
1883	283.4100037
1884	283.4100037
1885	283.3699951
1886	283.3500061
1887	283.3500061
1888	283.2799988
1889	283.2600098
1890	283.2799988
1891	283.2600098
1892	283.2799988
1893	283.2799988
1894	283.2799988
1895	283.3200073
1896	283.3699951
1897	283.3900146
1898	283.4500122
1899	283.5100098
1900	283.4899902
1901	283.4100037
1902	283.4500122
1903	283.4700012
1904	283.4500122
1905	283.5299988
1906	283.5799866
1907	283.6400146
1908	283.6199951
1909	283.6600037
1910	283.6400146
1911	283.6400146
1912	283.6000061
1913	283.6400146
1914	283.6199951
1915	283.5799866
1916	283.5499878
1917	283.6400146
1918	283.6199951
1919	283.6199951
1920	283.6000061
1921	283.5299988
1922	283.4899902
1923	283.4700012
1924	283.4299927
1925	283.2999878
1926	283.2999878
1927	283.3200073
1928	283.2399902
1929	283.2200012
1930	283.2200012
1931	283.2399902
1932	283.3200073
1933	283.3200073
1934	283.2600098
1935	283.2600098
1936	283.2600098
1937	283.2799988
1938	283.3500061
1939	283.2399902
1940	283.2600098
1941	283.2200012
1942	283.2399902
1943	283.2799988
1944	283.3200073
1945	283.2600098
1946	283.1799927
1947	283.2399902
1948	283.3500061
1949	283.3900146
1950	283.3900146
1951	283.4299927
1952	283.4100037
1953	283.4299927
1954	283.4299927
1955	283.3900146
1956	283.3699951
1957	283.4299927
1958	283.4299927
1959	283.4299927
1960	283.3900146
1961	283.3500061
1962	283.4899902
1963	283.4700012
1964	283.4500122
1965	283.4500122
1966	283.2799988
1967	283.2000122
1968	283.2000122
1969	283.2200012
1970	283.2200012
1971	283.1400146
1972	283.1400146
1973	283.2000122
1974	283.2000122
1975	283.2200012
1976	283.2200012
1977	283.2399902
1978	283.2799988
1979	283.2799988
1980	283.3500061
1981	283.2999878
1982	283.2799988
1983	283.2399902
1984	283.2600098
1985	283.3500061
1986	283.5299988
1987	283.7000122
1988	283.8900146
1989	284.0400085
1990	284.1199951
1991	284.1400146
1992	284.2399902
1993	284.3699951
1994	284.4700012
1995	284.5799866
1996	284.8500061
1997	284.8500061
1998	285.1600037
1999	285.4599915
2000	285.5599976
2001	285.7900085
2002	286.0599976
2003	286.2099915
2004	286.2099915
2005	286.480011
2006	286.519989
2007	286.5700073
2008	286.75
2009	286.8399963
2010	286.7999878
2011	286.7999878
2012	286.8399963
2013	286.8599854
2014	286.8599854
2015	287.0100098
2016	287.0700073
2017	287.0299988
2018	287.0499878
2019	287.1099854
2020	287.0899963
2021	287.1300049
2022	287.1700134
2023	287.1499939
2024	287.1700134
2025	287.1700134
2026	287.1900024
2027	287.1900024
2028	287.2099915
2029	287.2099915
2030	287.2999878
2031	287.2999878
2032	287.3599854
2033	287.3599854
2034	287.3999939
2035	287.4400024
2036	287.4400024
2037	287.4200134
2038	287.4899902
2039	287.5100098
2040	287.5100098
2041	287.3999939
2042	287.4400024
2043	287.4400024
2044	287.4200134
2045	287.3599854
2046	287.4200134
2047	287.5100098
2048	287.4700012
2049	287.4400024
2050	287.3999939
2051	287.4200134
2052	287.4899902
2053	287.4700012
2054	287.4899902
2055	287.4899902
2056	287.5299988
2057	287.5499878
2058	287.5100098
2059	287.5100098
2060	287.4899902
2061	287.4400024
2062	287.4700012
2063	287.4700012
2064	287.3999939
2065	287.4400024
2066	287.4899902
2067	287.5100098
2068	287.5100098
2069	287.5700073
2070	287.5700073
2071	287.5299988
2072	287.5100098
2073	287.4700012
2074	287.5100098
2075	287.5100098
2076	287.5499878
2077	287.5299988
2078	287.5499878
2079	287.5899963
2080	287.5100098
2081	287.5299988
2082	287.5700073
2083	287.6300049
2084	287.6300049
2085	287.6700134
2086	287.6700134
2087	287.6499939
2088	287.6099854
2089	287.5899963
2090	287.6099854
2091	287.5700073
2092	287.5700073
2093	287.5100098
2094	287.5299988
2095	287.5299988
2096	287.5700073
2097	287.5700073
2098	287.6700134
2099	287.5499878
2100	287.5499878
2101	287.5100098
2102	287.5100098
2103	287.5100098
2104	287.5499878
2105	287.5100098
2106	287.5899963
2107	287.5899963
2108	287.6300049
2109	287.6700134
2110	287.6499939
2111	287.7000122
2112	287.7000122
2113	287.6700134
2114	287.6700134
2115	287.7000122
2116	287.7000122
2117	287.6300049
2118	287.5899963
2119	287.5700073
2120	287.5299988
2121	287.5299988
2122	287.5100098
2123	287.4899902
2124	287.4400024
2125	287.5499878
2126	287.5499878
2127	287.6300049
2128	287.6700134
2129	287.7000122
2130	287.7200012
2131	287.6499939
2132	287.5899963
2133	287.5899963
2134	287.5299988
2135	287.5899963
2136	287.5899963
2137	287.5700073
2138	287.7000122
2139	287.7000122
2140	287.7000122
2141	287.7200012
2142	287.7200012
2143	287.7000122
2144	287.7399902
2145	287.8200073
2146	287.8200073
2147	287.7999878
2148	287.8599854
2149	287.8800049
2150	287.8800049
2151	287.8399963
2152	287.8200073
2153	287.7799988
2154	287.7000122
2155	287.7399902
2156	287.7600098
2157	287.7000122
2158	287.7000122
2159	287.7600098
2160	287.8200073
2161	287.6099854
2162	287.5499878
2163	287.3599854
2164	287.1900024
2165	287.0499878
2166	286.8999939
2167	286.8599854
2168	286.769989
2169	286.6700134
2170	286.6099854
2171	286.6099854
2172	286.480011
2173	286.3099976
2174	286.230011
2175	286.1099854
2176	286.0400085
2177	285.8800049
2178	285.8800049
2179	285.3500061
2180	284.5400085
2181	284.0400085
2182	282.9500122
2183	282.2600098
2184	281.7999878
2185	281.7999878
2186	280.7099915
2187	279.8500061
2188	279.5
2189	279
2190	278.6000061
2191	278.4700012
2192	278.3299866
2193	278.0499878
2194	277.9100037
2195	277.8500061
2196	277.7799988
2197	277.8500061
2198	277.8699951
2199	277.9299927
2200	278.1000061
2201	278.2399902
2202	278.4100037
2203	278.6199951
2204	278.7000122
2205	278.9700012
2206	278.9700012
2207	279.25
2208	279.519989
2209	279.75
2210	279.75
2211	280
2212	280.0799866
2213	280.1199951
2214	280.230011
2215	280.3999939
2216	280.5
2217	280.5
2218	280.6700134
2219	280.730011
2220	280.8599854
2221	281.019989
2222	281.1499939
2223	281.3200073
2224	281.3200073
2225	281.480011
2226	281.6099854
2227	281.6300049
2228	281.730011
2229	281.8599854
2230	281.8800049
2231	281.8999939
2232	282.0700073
2233	282.1099854
2234	282.0499878
2235	282.1300049
2236	282.2200012
2237	282.2799988
2238	282.3200073
2239	282.2999878
2240	282.3599854
2241	282.3599854
2242	282.4299927
2243	282.4700012
2244	282.4700012
2245	282.4700012
2246	282.5100098
2247	282.5899963
2248	282.6300049
2249	282.6300049
2250	282.6099854
2251	282.7799988
2252	282.7999878
2253	282.7799988
2254	282.7999878
2255	282.7600098
2256	282.7600098
2257	282.8200073
2258	282.8900146
2259	282.8900146
2260	282.9500122
2261	282.9100037
2262	282.9899902
2263	283.0100098
2264	282.9899902
2265	283.0499878
2266	283.0299988
2267	283.0499878
2268	283.1199951
2269	283.1199951
2270	283.1400146
2271	283.1400146
2272	283.1199951
2273	283.1400146
2274	283.0100098
2275	283.0100098
2276	283.1199951
2277	283.2200012
2278	283.2399902
2279	283.2200012
2280	283.1400146
2281	283.1400146
2282	283.2200012
2283	283.3200073
2284	283.4299927
2285	283.4500122
2286	283.4899902
2287	283.4899902
2288	283.4899902
2289	283.5299988
2290	283.5799866
2291	283.6000061
2292	283.6199951
2293	283.5799866
2294	283.5299988
2295	283.5299988
2296	283.5100098
2297	283.4700012
2298	283.4100037
2299	283.4299927
2300	283.4700012
2301	283.4500122
2302	283.5100098
2303	283.4299927
2304	283.4299927
2305	283.4700012
2306	283.4899902
2307	283.4700012
2308	283.4899902
2309	283.5299988
2310	283.5299988
2311	283.5299988
2312	283.5100098
2313	283.4700012
2314	283.4100037
2315	283.4500122
2316	283.4500122
2317	283.4100037
2318	283.3500061
2319	283.3500061
2320	283.3500061
2321	283.3900146
2322	283.4500122
2323	283.4100037
2324	283.5299988
2325	283.4299927
2326	283.5299988
2327	283.5299988
2328	283.6000061
2329	283.5299988
2330	283.4700012
2331	283.4899902
2332	283.4500122
2333	283.4899902
2334	283.4899902
2335	283.4700012
2336	283.4700012
2337	283.4100037
2338	283.4700012
2339	283.5100098
2340	283.5100098
2341	283.4700012
2342	283.6199951
2343	283.6000061
2344	283.6799927
2345	283.6400146
2346	283.7000122
2347	283.6799927
2348	283.6400146
2349	283.6000061
2350	283.6400146
2351	283.6600037
2352	283.6600037
2353	283.6400146
2354	283.6600037
2355	283.6400146
2356	283.5799866
2357	283.6199951
2358	283.6600037
2359	283.6600037
2360	283.6000061
2361	283.5299988
2362	283.5499878
2363	283.6199951
2364	283.5100098
2365	283.5499878
2366	283.5499878
2367	283.5100098
2368	283.5100098
2369	283.5299988
2370	283.6199951
2371	283.6400146
2372	283.6000061
2373	283.6400146
2374	283.6600037
2375	283.6400146
2376	283.6400146
2377	283.6000061
2378	283.6000061
2379	283.6000061
2380	283.5299988
2381	283.4700012
2382	283.4700012
2383	283.4299927
2384	283.6000061
2385	283.6000061
2386	283.6000061
2387	283.5499878
2388	283.6000061
2389	283.5799866
2390	283.4500122
2391	283.4500122
2392	283.4500122
2393	283.4899902
2394	283.5799866
2395	283.4700012
2396	283.5499878
2397	283.4899902
2398	283.4899902
2399	283.5100098
2400	283.4500122
2401	283.4899902
2402	283.4299927
2403	283.3900146
2404	283.3900146
2405	283.3900146
2406	283.5100098
2407	283.4500122
2408	283.5100098
2409	283.4700012
2410	283.5100098
2411	283.5299988
2412	283.5100098
2413	283.4100037
2414	283.4100037
2415	283.3900146
2416	283.4299927
2417	283.4100037
2418	283.5299988
2419	283.5100098
2420	283.5299988
2421	283.5299988
2422	283.4500122
2423	283.4500122
2424	283.4299927
2425	283.4899902
2426	283.4899902
2427	283.4700012
2428	283.4700012
2429	283.5100098
2430	283.5100098
2431	283.5299988
2432	283.5799866
2433	283.5299988
2434	283.6600037
2435	283.7000122
2436	283.7799988
2437	283.7799988
2438	283.7399902
2439	283.7399902
2440	283.7000122
2441	283.6600037
2442	283.5499878
2443	283.6000061
2444	283.5499878
2445	283.5499878
2446	283.5299988
2447	283.5299988
2448	283.4500122
2449	283.4700012
2450	283.5299988
2451	283.5499878
2452	283.6000061
2453	283.6400146
2454	283.7000122
2455	283.7600098
2456	283.7399902
2457	283.7000122
2458	283.8099976
2459	283.9500122
2460	284.0799866
2461	284.2200012
2462	284.2200012
2463	284.4100037
2464	284.6000061
2465	284.6400146
2466	284.75
2467	284.7900085
2468	284.8900146
2469	284.8900146
2470	285.230011
2471	285.4400024
2472	285.5400085
2473	285.769989
2474	285.980011
2475	286.0599976
2476	286.1499939
2477	286.4400024
2478	286.5400085
2479	286.6099854
2480	286.6499939
2481	286.75
2482	286.8599854
2483	286.8999939
2484	286.8399963
2485	286.9200134
2486	286.9200134
2487	286.9599915
2488	287.0299988
2489	287.0700073
2490	287.1099854
2491	287.0700073
2492	287.1700134
2493	287.2600098
2494	287.2099915
2495	287.2600098
2496	287.3200073
2497	287.2799988
2498	287.3399963
2499	287.3399963
2500	287.4400024
2501	287.4400024
2502	287.4400024
2503	287.4200134
2504	287.4700012
2505	287.5299988
2506	287.6099854
2507	287.5899963
2508	287.5899963
2509	287.5700073
2510	287.5299988
2511	287.5299988
2512	287.5100098
2513	287.5700073
2514	287.5700073
2515	287.5899963
2516	287.5899963
2517	287.6300049
2518	287.5700073
2519	287.5499878
2520	287.4899902
2521	287.4899902
2522	287.4400024
2523	287.5499878
2524	287.5899963
2525	287.5299988
2526	287.4899902
2527	287.5499878
2528	287.5700073
2529	287.5899963
2530	287.6099854
2531	287.5899963
2532	287.5700073
2533	287.5700073
2534	287.5899963
2535	287.5899963
2536	287.5899963
2537	287.6499939
2538	287.5700073
2539	287.5899963
2540	287.5899963
2541	287.6499939
2542	287.6499939
2543	287.6099854
2544	287.5700073
2545	287.5499878
2546	287.5100098
2547	287.5100098
2548	287.5100098
2549	287.5299988
2550	287.5700073
2551	287.5899963
2552	287.6700134
2553	287.6499939
2554	287.7000122
2555	287.7200012
2556	287.7399902
2557	287.7000122
2558	287.7200012
2559	287.7799988
2560	287.8200073
2561	287.8599854
2562	287.7999878
2563	287.7799988
2564	287.7399902
2565	287.7399902
2566	287.7399902
2567	287.6499939
2568	287.6700134
2569	287.5899963
2570	287.6700134
2571	287.7000122
2572	287.7000122
2573	287.7799988
2574	287.7999878
2575	287.8200073
2576	287.7799988
2577	287.7600098
2578	287.6700134
2579	287.6700134
2580	287.6499939
2581	287.6300049
2582	287.5899963
2583	287.5899963
2584	287.5899963
2585	287.6300049
2586	287.6300049
2587	287.6300049
2588	287.7000122
2589	287.7399902
2590	287.7799988
2591	287.7799988
2592	287.7799988
2593	287.8399963
2594	287.7200012
2595	287.7200012
2596	287.7399902
2597	287.7799988
2598	287.7200012
2599	287.7999878
2600	287.7999878
2601	287.8399963
2602	287.8599854
2603	287.8399963
2604	287.8399963
2605	287.8200073
2606	287.7999878
2607	287.7600098
2608	287.7000122
2609	287.7000122
2610	287.6700134
2611	287.6700134
2612	287.7999878
2613	287.7600098
2614	287.7600098
2615	287.6700134
2616	287.7000122
2617	287.7000122
2618	287.7000122
2619	287.6700134
2620	287.7000122
2621	287.7000122
2622	287.7399902
2623	287.7600098
2624	287.8200073
2625	287.7999878
2626	287.7799988
2627	287.7399902
2628	287.7600098
2629	287.7799988
2630	287.7999878
2631	287.7399902
2632	287.7999878
2633	287.8200073
2634	287.7000122
2635	287.4700012
2636	287.2799988
2637	287.1499939
2638	287.0700073
2639	287.0299988
2640	286.9599915
2641	286.8800049
2642	286.8200073
2643	286.8200073
2644	286.7099915
2645	286.6499939
2646	286.6300049
2647	286.519989
2648	286.4400024
2649	286.4400024
2650	286.4400024
2651	286.1499939
2652	285.730011
2653	285.3099976
2654	284.4299927
2655	283.6400146
2656	283.3200073
2657	282.8599854
2658	281.5299988
2659	280.5400085
2660	280.1199951
2661	279.3699951
2662	278.9500122
2663	278.7900085
2664	278.6600037
2665	278.2399902
2666	278.2000122
2667	278.0799866
2668	278.1000061
2669	278.1000061
2670	278.2600098
2671	278.3699951
2672	278.4299927
2673	278.4700012
2674	278.6600037
2675	279.0400085
2676	279.1600037
2677	279.3299866
2678	279.5
2679	279.6600037
2680	279.8699951
2681	280.0799866
2682	280.0799866
2683	280.3500061
2684	280.5400085
2685	280.5599976
2686	280.6099854
2687	280.8099976
2688	280.980011
2689	280.980011
2690	281.2099915
2691	281.3999939
2692	281.4200134
2693	281.5
2694	281.5899963
2695	281.6700134
2696	281.6099854
2697	281.8800049
2698	281.8800049
2699	281.9400024
2700	282.0299988
2701	282.0499878
2702	282.0499878
2703	282.0700073
2704	282.2600098
2705	282.2000122
2706	282.3599854
2707	282.3999939
2708	282.3399963
2709	282.3999939
2710	282.3599854
2711	282.3599854
2712	282.3800049
2713	282.5299988
2714	282.5299988
2715	282.6099854
2716	282.7000122
2717	282.7000122
2718	282.7600098
2719	282.7999878
2720	282.8599854
2721	282.8599854
2722	282.8200073
2723	282.8200073
2724	282.8200073
2725	282.7999878
2726	282.8399963
2727	282.9100037
2728	282.9299927
2729	282.9899902
2730	282.9500122
2731	282.9899902
2732	282.9700012
2733	283.0299988
2734	283.0499878
2735	283.1199951
2736	283.2000122
2737	283.2000122
2738	283.2399902
2739	283.2399902
2740	283.2600098
2741	283.2600098
2742	283.2799988
2743	283.3900146
2744	283.3900146
2745	283.3500061
2746	283.2999878
2747	283.3500061
2748	283.3200073
2749	283.2600098
2750	283.3200073
2751	283.2600098
2752	283.2200012
2753	283.2200012
2754	283.2399902
2755	283.2600098
2756	283.1799927
2757	283.2799988
2758	283.3699951
2759	283.4100037
2760	283.4100037
2761	283.3699951
2762	283.4299927
2763	283.3900146
2764	283.3500061
2765	283.4100037
2766	283.4100037
2767	283.4299927
2768	283.4700012
2769	283.5100098
2770	283.5299988
2771	283.4899902
2772	283.5100098
2773	283.5299988
2774	283.4500122
2775	283.3900146
2776	283.4700012
2777	283.4700012
2778	283.4899902
2779	283.5299988
2780	283.6199951
2781	283.6000061
2782	283.6199951
2783	283.6400146
2784	283.6799927
2785	283.6799927
2786	283.6400146
2787	283.6400146
2788	283.6400146
2789	283.7000122
2790	283.6400146
2791	283.6799927
2792	283.6799927
2793	283.5100098
2794	283.5299988
2795	283.6199951
2796	283.7600098
2797	283.8299866
2798	283.7399902
2799	283.7399902
2800	283.5100098
2801	283.4299927
2802	283.2600098
2803	282.8399963
2804	282.3800049
2805	282.2000122
2806	281.9899902
2807	282.2000122
2808	282.3399963
2809	282.6300049
2810	282.9299927
2811	283.0700073
2812	283.2000122
2813	283.2200012
2814	283.3500061
2815	283.4500122
2816	283.6400146
2817	283.6000061
2818	283.6600037
2819	283.7000122
2820	283.7200012
2821	283.7000122
2822	283.7000122
2823	283.7799988
2824	283.7799988
2825	283.7799988
2826	283.3900146
2827	283.2200012
2828	283.2200012
2829	283.4299927
2830	283.4700012
2831	283.4700012
2832	283.5799866
2833	283.6000061
2834	283.6199951
2835	283.5799866
2836	283.5299988
2837	283.5100098
2838	283.4899902
2839	283.4899902
2840	283.5299988
2841	283.6000061
2842	283.7200012
2843	283.8900146
2844	283.8900146
2845	283.9500122
2846	284.1199951
2847	284.1199951
2848	284.1600037
2849	284.1000061
2850	284.1199951
2851	284.0400085
2852	284.0400085
2853	284.0599976
2854	283.9700012
2855	283.9700012
2856	283.9700012
2857	284.0799866
2858	284.1199951
2859	284.1199951
2860	284.2200012
2861	284.2399902
2862	284.1600037
2863	284.1600037
2864	284.0599976
2865	284.1000061
2866	284.0799866
2867	284.1000061
2868	284.1199951
2869	284.1000061
2870	284.1000061
2871	284.1400146
2872	284.1400146
2873	284.1199951
2874	284.0799866
2875	284.0799866
2876	284.0599976
2877	284.0100098
2878	284.0599976
2879	284.0599976
2880	284.1000061
2881	284.1199951
2882	284.1199951
2883	284.0599976
2884	284.0100098
2885	284.0599976
2886	284.1799927
2887	284.1400146
2888	284.1000061
2889	284.1000061
2890	284.1199951
2891	284.0400085
2892	284.1199951
2893	284.1199951
2894	284.1199951
2895	284.1199951
2896	284.1400146
2897	284.3099976
2898	284.2200012
2899	284.2000122
2900	284.1799927
2901	284.1600037
2902	284.1600037
2903	284.2399902
2904	284.2200012
2905	284.2399902
2906	284.1799927
2907	284.2000122
2908	284.269989
2909	284.269989
2910	284.5
2911	284.519989
2912	284.5
2913	284.3900146
2914	284.3299866
2915	284.3299866
2916	284.269989
2917	284.1799927
2918	284.1400146
2919	284.1199951
2920	284.0400085
2921	284.0400085
2922	283.9899902
2923	284.0400085
2924	283.9700012
2925	283.9100037
2926	283.8699951
2927	283.8699951
2928	283.9299927
2929	283.9100037
2930	283.9100037
2931	283.9899902
2932	284.2200012
2933	284.2399902
2934	284.2399902
2935	284.2399902
2936	284.3500061
2937	284.3500061
2938	284.4299927
2939	284.4700012
2940	284.5799866
2941	284.5799866
2942	284.9100037
2943	285.1900024
2944	285.3099976
2945	285.5400085
2946	285.7099915
2947	285.75
2948	285.730011
2949	285.9200134
2950	286
2951	286.0400085
2952	286.1700134
2953	286.230011
2954	286.3099976
2955	286.3800049
2956	286.5
2957	286.4400024
2958	286.5400085
2959	286.5700073
2960	286.6099854
2961	286.6300049
2962	286.6900024
2963	286.75
2964	286.75
2965	286.730011
2966	286.730011
2967	286.6900024
2968	286.6900024
2969	286.6900024
2970	286.75
2971	286.8399963
2972	286.8599854
2973	286.8599854
2974	286.7999878
2975	286.7999878
2976	286.8200073
2977	286.7999878
2978	286.8399963
2979	286.8399963
2980	286.8399963
2981	286.8399963
2982	286.8999939
2983	286.9200134
2984	287.0100098
2985	287.0499878
2986	287.0299988
2987	287.0100098
2988	287.0100098
2989	287.0100098
2990	286.980011
2991	286.980011
2992	287.0499878
2993	287.0100098
2994	287.0299988
2995	287.0499878
2996	287.0499878
2997	286.980011
2998	287.0299988
2999	287.0899963
3000	287.0299988
3001	287.0100098
3002	287.0700073
3003	287.0700073
3004	287.0899963
3005	287.0899963
3006	287.0899963
3007	287.0899963
3008	287.1099854
3009	287.1300049
3010	287.1300049
3011	287.1099854
3012	287.1099854
3013	287.1099854
3014	287.0100098
3015	287.0499878
3016	287.0299988
3017	287.0899963
3018	287.0299988
3019	287.0299988
3020	286.980011
3021	287.0499878
3022	287.0299988
3023	287.0899963
3024	287.0899963
3025	287.1300049
3026	287.1099854
3027	287.0499878
3028	287.0700073
3029	287.0299988
3030	287.0899963
3031	287.1099854
3032	287.1700134
3033	287.1700134
3034	287.1499939
3035	287.1499939
3036	287.1300049
3037	287.1300049
3038	287.1099854
3039	287.1300049
3040	287.1300049
3041	287.1499939
3042	287.1900024
3043	287.1700134
3044	287.1700134
3045	287.1499939
3046	287.2099915
3047	287.1900024
3048	287.1099854
3049	287.1499939
3050	287.1099854
3051	287.1099854
3052	287.1099854
3053	287.0700073
3054	287.0499878
3055	287.1300049
3056	287.1300049
3057	287.1300049
3058	287.0499878
3059	287.0700073
3060	287.0899963
3061	287.1300049
3062	287.1300049
3063	287.1700134
3064	287.1700134
3065	287.1300049
3066	287.1900024
3067	287.0700073
3068	287.0899963
3069	287.0899963
3070	287.1099854
3071	287.0899963
3072	287.0700073
3073	287.1099854
3074	287.0499878
3075	287.1499939
3076	287.1499939
3077	287.1900024
3078	287.1099854
3079	287.1499939
3080	287.1499939
3081	287.1900024
3082	287.1300049
3083	287.1300049
3084	287.1700134
3085	287.0700073
3086	287.0299988
3087	287.1300049
3088	287.1499939
3089	287.1499939
3090	287.1700134
3091	287.0899963
3092	287.2399902
3093	287.2099915
3094	287.2099915
3095	287.1900024
3096	287.1900024
3097	287.2399902
3098	287.2099915
3099	287.1900024
3100	287.2099915
3101	287.1499939
3102	287.0899963
3103	287.0899963
3104	287.0499878
3105	287.0700073
3106	287.2399902
3107	287.0700073
3108	287.0700073
3109	286.980011
3110	286.980011
3111	286.8800049
3112	286.7999878
3113	286.75
3114	286.6900024
3115	286.6900024
3116	286.7099915
3117	286.7099915
3118	286.6900024
3119	286.6300049
3120	286.5899963
3121	286.5
3122	286.5
3123	286.25
3124	285.9400024
3125	285.75
3126	285.0400085
3127	284.1600037
3128	283.8500061
3129	283.5299988
3130	282.5700073
3131	282.2000122
3132	281.480011
3133	280.8399963
3134	280.5400085
3135	280.1199951
3136	279.9599915
3137	279.6900024
3138	279.5
3139	279.3299866
3140	279.25
3141	279.1799927
3142	279.1400146
3143	279.1400146
3144	279.25
3145	279.3299866
3146	279.7099915
3147	279.7099915
3148	280.1700134
3149	280.3299866
3150	280.3500061
3151	280.3999939
3152	280.4599915
3153	280.5400085
3154	280.5400085
3155	280.730011
3156	280.980011
3157	281.0400085
3158	281.269989
3159	281.4400024
3160	281.5
3161	281.6499939
3162	281.9899902
3163	282.1700134
3164	282.2999878
3165	282.4299927
3166	282.5100098
3167	282.5100098
3168	282.5100098
3169	282.6099854
3170	282.7000122
3171	282.9100037
3172	283.0100098
3173	283.0499878
3174	283.1199951
3175	283.1199951
3176	283.1199951
3177	283.2000122
3178	283.2799988
3179	283.2799988
3180	283.2600098
3181	283.2000122
3182	283.2000122
3183	283.3699951
3184	283.4899902
3185	283.5499878
3186	283.5499878
3187	283.7000122
3188	283.7799988
3189	283.8699951
3190	283.9899902
3191	283.8900146
3192	283.9700012
3193	283.9700012
3194	284.0100098
3195	284.0400085
3196	284.0400085
3197	283.9500122
3198	283.9899902
3199	283.9899902
3200	283.9100037
3201	283.9299927
3202	283.8900146
3203	283.8500061
3204	284.0400085
3205	284.0599976
3206	284.1199951
3207	284.1600037
3208	284.1400146
3209	284.1199951
3210	284.1400146
3211	284.1799927
3212	284.1400146
3213	284.1400146
3214	284.1600037
3215	284.1199951
3216	284.1799927
3217	284.2399902
3218	284.2399902
3219	284.1400146
3220	284.269989
3221	284.2900085
3222	284.269989
3223	284.3099976
3224	284.3099976
3225	284.3099976
3226	284.3299866
3227	284.3900146
3228	284.4100037
3229	284.519989
3230	284.4100037
3231	284.4700012
3232	284.4700012
3233	284.4299927
3234	284.4299927
3235	284.4700012
3236	284.4299927
3237	284.5
3238	284.5400085
3239	284.5799866
3240	284.5799866
3241	284.6000061
3242	284.6600037
3243	284.6600037
3244	284.6799927
3245	284.6400146
3246	284.6199951
3247	284.6000061
3248	284.5599976
3249	284.5599976
3250	284.5599976
3251	284.5
3252	284.5599976
3253	284.5400085
3254	284.5
3255	284.5799866
3256	284.519989
3257	284.519989
3258	284.5799866
3259	284.4500122
3260	284.519989
3261	284.4700012
3262	284.5799866
3263	284.6199951
3264	284.6199951
3265	284.6600037
3266	284.7000122
3267	284.7000122
3268	284.6400146
3269	284.6400146
3270	284.6000061
3271	284.519989
3272	284.519989
3273	284.4700012
3274	284.519989
3275	284.5799866
3276	284.6199951
3277	284.7000122
3278	284.7000122
3279	284.8099976
3280	284.7900085
3281	284.75
3282	284.730011
3283	284.730011
3284	284.75
3285	284.7000122
3286	284.6000061
3287	284.5599976
3288	284.5400085
3289	284.5400085
3290	284.5400085
3291	284.5599976
3292	284.5799866
3293	284.6000061
3294	284.6400146
3295	284.6400146
3296	284.6400146
3297	284.6000061
3298	284.6000061
3299	284.5799866
3300	284.5799866
3301	284.6799927
3302	284.6400146
3303	284.6400146
3304	284.6000061
3305	284.6199951
3306	284.5799866
3307	284.6000061
3308	284.6600037
3309	284.7000122
3310	284.6600037
3311	284.75
3312	284.75
3313	284.7000122
3314	284.7000122
3315	284.7000122
3316	284.7900085
3317	284.75
3318	284.6199951
3319	284.6600037
3320	284.6199951
3321	284.6000061
3322	284.5799866
3323	284.6000061
3324	284.5799866
3325	284.6000061
3326	284.5599976
3327	284.5599976
3328	284.5599976
3329	284.6199951
3330	284.6400146
3331	284.6199951
3332	284.6799927
3333	284.6799927
3334	284.730011
3335	284.730011
3336	284.769989
3337	284.75
3338	284.730011
3339	284.769989
3340	284.8699951
3341	284.8699951
3342	284.8500061
3343	284.7900085
3344	284.8099976
3345	284.7000122
3346	284.75
3347	284.8099976
3348	284.8099976
3349	284.7900085
3350	284.730011
3351	284.75
3352	284.7900085
3353	284.8900146
3354	284.8699951
3355	284.8500061
3356	284.8299866
3357	284.769989
3358	284.7000122
3359	284.6400146
3360	284.6400146
3361	284.6400146
3362	284.6799927
3363	284.75
3364	284.730011
3365	284.75
3366	284.7900085
3367	284.7900085
3368	284.75
3369	284.769989
3370	284.730011
3371	284.6799927
3372	284.75
3373	284.769989
3374	284.769989
3375	284.7000122
3376	284.7000122
3377	284.7000122
3378	284.75
3379	284.6799927
3380	284.6600037
3381	284.6400146
3382	284.75
3383	284.7900085
3384	284.8500061
3385	284.769989
3386	284.8099976
3387	284.730011
3388	284.7900085
3389	284.7000122
3390	284.7000122
3391	284.75
3392	284.6400146
3393	284.6600037
3394	284.730011
3395	284.6799927
3396	284.6799927
3397	284.75
3398	284.8099976
3399	284.8099976
3400	284.8500061
3401	285.019989
3402	284.980011
3403	284.9299927
3404	285.0599976
3405	285.1000061
3406	285.1000061
3407	285.1199951
3408	285.1900024
3409	285.1900024
3410	285.1600037
3411	285.1600037
3412	285.230011
3413	285.230011
3414	285.2900085
3415	285.3099976
3416	285.4400024
3417	285.4599915
3418	285.5799866
3419	285.7099915
3420	285.7900085
3421	286.0599976
3422	286.1300049
3423	286.1499939
3424	286.1900024
3425	286.230011
3426	286.3599854
3427	286.4400024
3428	286.4400024
3429	286.6300049
3430	286.6900024
3431	286.6900024
3432	286.730011
3433	286.769989
3434	286.8399963
3435	286.9400024
3436	286.9400024
3437	286.9599915
3438	286.9599915
3439	287.0100098
3440	287.0100098
3441	287.0299988
3442	287.0100098
3443	287.0299988
3444	287.0700073
3445	287.0700073
3446	287.0100098
3447	287.0499878
3448	287.0899963
3449	287.1499939
3450	287.1900024
3451	287.2399902
3452	287.1900024
3453	287.1499939
3454	287.1499939
3455	287.1099854
3456	287.1499939
3457	287.2600098
3458	287.2099915
3459	287.1700134
3460	287.2099915
3461	287.1700134
3462	287.2099915
3463	287.2099915
3464	287.2999878
3465	287.2399902
3466	287.2999878
3467	287.1700134
3468	287.0899963
3469	287.1300049
3470	287.1300049
3471	287.1099854
3472	287.0899963
3473	287.1300049
3474	287.1499939
3475	287.2399902
3476	287.2600098
3477	287.2600098
3478	287.2600098
3479	287.2600098
3480	287.2399902
3481	287.2399902
3482	287.3200073
3483	287.3200073
3484	287.3399963
3485	287.3399963
3486	287.3200073
3487	287.3200073
3488	287.2099915
3489	287.3200073
3490	287.2999878
3491	287.2999878
3492	287.2999878
3493	287.2999878
3494	287.2399902
3495	287.2799988
3496	287.3200073
3497	287.2600098
3498	287.2799988
3499	287.2600098
3500	287.2600098
3501	287.2799988
3502	287.2399902
3503	287.2600098
3504	287.3399963
3505	287.2999878
3506	287.3200073
3507	287.2799988
3508	287.3800049
3509	287.3800049
3510	287.4700012
3511	287.3599854
3512	287.3800049
3513	287.4400024
3514	287.4200134
3515	287.3599854
3516	287.3599854
3517	287.3399963
3518	287.3800049
3519	287.4400024
3520	287.4700012
3521	287.4400024
3522	287.3800049
3523	287.3800049
3524	287.3800049
3525	287.3800049
3526	287.3200073
3527	287.2999878
3528	287.2999878
3529	287.2799988
3530	287.2600098
3531	287.2999878
3532	287.2799988
3533	287.3399963
3534	287.2600098
3535	287.3200073
3536	287.2799988
3537	287.1900024
3538	287.2399902
3539	287.3599854
3540	287.2999878
3541	287.2999878
3542	287.2600098
3543	287.2999878
3544	287.2600098
3545	287.2399902
3546	287.1900024
3547	287.1499939
3548	287.1499939
3549	287.1499939
3550	287.1499939
3551	287.1900024
3552	287.1700134
3553	287.2099915
3554	287.1900024
3555	287.2099915
3556	287.1900024
3557	287.2099915
3558	287.2600098
3559	287.1900024
3560	287.2399902
3561	287.1900024
3562	287.2399902
3563	287.2099915
3564	287.1900024
3565	287.3200073
3566	287.2799988
3567	287.3200073
3568	287.3200073
3569	287.3599854
3570	287.2799988
3571	287.2999878
3572	287.2399902
3573	287.1900024
3574	287.2399902
3575	287.2799988
3576	287.2600098
3577	287.1700134
3578	287.1499939
3579	287.2099915
3580	287.2099915
3581	287.1300049
3582	287.0899963
3583	287.0299988
3584	286.9599915
3585	286.8800049
3586	286.8200073
3587	286.8200073
3588	286.769989
3589	286.8200073
3590	286.75
3591	286.6300049
3592	286.7099915
3593	286.7999878
3594	286.75
3595	286.519989
3596	286.480011
3597	286.3599854
3598	285.9400024
3599	285.6000061
3600	285.3500061
3601	285.1000061
3602	283.7399902
3603	283.2999878
3604	282.5299988
3605	281.8800049
3606	281.5299988
3607	281
3608	280.7099915
3609	280.25
3610	279.9400024
3611	279.769989
3612	279.769989
3613	279.5799866
3614	279.5
3615	279.5799866
3616	279.7099915
3617	279.8900146
3618	280.0599976
3619	280.0599976
3620	280.480011
3621	280.7099915
3622	280.769989
3623	280.8599854
3624	281.1099854
3625	281.269989
3626	281.269989
3627	281.3599854
3628	281.3999939
3629	281.3800049
3630	281.4400024
3631	281.6099854
3632	281.6900024
3633	281.730011
3634	282.0299988
3635	282.0700073
3636	282.2999878
3637	282.4299927
3638	282.4899902
3639	282.6300049
3640	282.6799927
3641	282.8399963
3642	282.9899902
3643	283.1600037
3644	283.2799988
3645	283.3699951
3646	283.3699951
3647	283.3900146
3648	283.3200073
3649	283.3200073
3650	283.3699951
3651	283.3699951
3652	283.5299988
3653	283.5799866
3654	283.5799866
3655	283.5799866
3656	283.6600037
3657	283.6600037
3658	283.6600037
3659	283.7799988
3660	283.8699951
3661	283.9899902
3662	284.0799866
3663	284.1000061
3664	284.0599976
3665	284.1000061
3666	283.9899902
3667	284.0599976
3668	284.0799866
3669	284.0799866
3670	284.1000061
3671	284.0799866
3672	284.1400146
3673	284.0799866
3674	284.1000061
3675	284.1000061
3676	284.1000061
3677	284.1799927
3678	284.2000122
3679	284.2000122
3680	284.2000122
3681	284.269989
3682	284.3500061
3683	284.3500061
3684	284.3099976
3685	284.3299866
3686	284.3500061
3687	284.3099976
3688	284.3500061
3689	284.3299866
3690	284.3299866
3691	284.3699951
3692	284.4100037
3693	284.4700012
3694	284.4100037
3695	284.519989
3696	284.519989
3697	284.519989
3698	284.4700012
3699	284.5
3700	284.519989
3701	284.5
3702	284.5599976
3703	284.4500122
3704	284.5
3705	284.3699951
3706	284.3699951
3707	284.3099976
3708	284.3099976
3709	284.3099976
3710	284.3699951
3711	284.3699951
3712	284.4299927
3713	284.4299927
3714	284.4700012
3715	284.519989
3716	284.4700012
3717	284.5
3718	284.5400085
3719	284.6600037
3720	284.6199951
3721	284.5799866
3722	284.5799866
3723	284.6000061
3724	284.730011
3725	284.75
3726	284.769989
3727	284.75
3728	284.769989
3729	284.769989
3730	284.75
3731	284.6400146
3732	284.6199951
3733	284.6799927
3734	284.6799927
3735	284.7000122
3736	284.730011
3737	284.8299866
3738	284.8299866
3739	284.9100037
3740	284.9100037
3741	284.8500061
3742	284.8699951
3743	284.8299866
3744	284.730011
3745	284.769989
3746	284.7900085
3747	284.7900085
3748	284.8099976
3749	284.8299866
3750	284.8699951
3751	284.8500061
3752	284.8299866
3753	284.8099976
3754	284.75
3755	284.7000122
3756	284.75
3757	284.7000122
3758	284.75
3759	284.730011
3760	284.7900085
3761	284.7900085
3762	284.75
3763	284.769989
3764	284.769989
3765	284.75
3766	284.6400146
3767	284.6600037
3768	284.6600037
3769	284.6000061
3770	284.6400146
3771	284.6400146
3772	284.6199951
3773	284.6199951
3774	284.6799927
3775	284.75
3776	284.7900085
3777	284.8099976
3778	284.8900146
3779	284.8299866
3780	284.8299866
3781	284.769989
3782	284.7900085
3783	284.7900085
3784	284.769989
3785	284.7900085
3786	284.6799927
3787	284.6799927
3788	284.6400146
3789	284.6799927
3790	284.7000122
3791	284.7000122
3792	284.75
3793	284.75
3794	284.7900085
3795	284.8299866
3796	284.75
3797	284.769989
3798	284.7900085
3799	284.7900085
3800	284.7900085
3801	284.730011
3802	284.75
3803	284.7000122
3804	284.769989
3805	284.7900085
3806	284.8299866
3807	284.8299866
3808	284.8699951
3809	284.8699951
3810	284.8699951
3811	284.9299927
3812	284.9100037
3813	284.9299927
3814	284.980011
3815	284.9599915
3816	284.8900146
3817	284.9299927
3818	284.8900146
3819	284.8699951
3820	284.8900146
3821	284.9100037
3822	284.9299927
3823	284.8900146
3824	284.8900146
3825	284.8900146
3826	284.8299866
3827	284.8900146
3828	284.8699951
3829	284.8099976
3830	284.75
3831	284.7900085
3832	284.7900085
3833	284.6600037
3834	284.730011
3835	284.6799927
3836	284.7000122
3837	284.769989
3838	284.8299866
3839	284.8299866
3840	284.8699951
3841	284.8699951
3842	284.8699951
3843	284.8099976
3844	284.7900085
3845	284.730011
3846	284.730011
3847	284.75
3848	284.75
3849	284.769989
3850	284.7900085
3851	284.8699951
3852	284.9100037
3853	284.9599915
3854	285.0400085
3855	285.0599976
3856	284.9299927
3857	284.9599915
3858	284.980011
3859	285.0400085
3860	285
3861	285.0400085
3862	285.019989
3863	285.1199951
3864	285.1199951
3865	285.019989
3866	284.9100037
3867	285
3868	284.8900146
3869	284.8699951
3870	284.8699951
3871	284.8699951
3872	284.980011
3873	285.0799866
3874	285.0599976
3875	285.0599976
3876	285.0400085
3877	284.9599915
3878	284.9599915
3879	285
3880	285.0400085
3881	285.0400085
3882	285.0799866
3883	285.230011
3884	285.269989
3885	285.3099976
3886	285.480011
3887	285.480011
3888	285.5799866
3889	285.6499939
3890	285.75
3891	285.9400024
3892	285.9400024
3893	286.0599976
3894	286.1900024
3895	286.2900085
3896	286.3999939
3897	286.4400024
3898	286.4599915
3899	286.519989
3900	286.5400085
3901	286.6300049
3902	286.6900024
3903	286.6900024
3904	286.769989
3905	286.7999878
3906	286.8800049
3907	286.8999939
3908	286.9599915
3909	287.0100098
3910	287.0100098
3911	287.0100098
3912	287.0899963
3913	287.0499878
3914	287.1900024
3915	287.1499939
3916	287.1700134
3917	287.2600098
3918	287.2600098
3919	287.2099915
3920	287.1900024
3921	287.2600098
3922	287.2600098
3923	287.2600098
3924	287.2399902
3925	287.2600098
3926	287.2999878
3927	287.2399902
3928	287.2600098
3929	287.2999878
3930	287.3200073
3931	287.2600098
3932	287.2600098
3933	287.2600098
3934	287.2799988
3935	287.2799988
3936	287.3200073
3937	287.3399963
3938	287.2999878
3939	287.3200073
3940	287.2799988
3941	287.2999878
3942	287.2999878
3943	287.2799988
3944	287.2999878
3945	287.3399963
3946	287.3200073
3947	287.3200073
3948	287.2799988
3949	287.2799988
3950	287.2799988
3951	287.3200073
3952	287.2999878
3953	287.2600098
3954	287.2600098
3955	287.2600098
3956	287.2399902
3957	287.2600098
3958	287.2600098
3959	287.3200073
3960	287.2799988
3961	287.2799988
3962	287.2600098
3963	287.3599854
3964	287.2600098
3965	287.2799988
3966	287.2999878
3967	287.2399902
3968	287.2399902
3969	287.2399902
3970	287.3599854
3971	287.3599854
3972	287.3200073
3973	287.2999878
3974	287.2999878
3975	287.2399902
3976	287.1300049
3977	287.1700134
3978	287.1099854
3979	287.1900024
3980	287.2399902
3981	287.2399902
3982	287.2399902
3983	287.2799988
3984	287.3399963
3985	287.2799988
3986	287.3200073
3987	287.2600098
3988	287.3399963
3989	287.2999878
3990	287.3200073
3991	287.2999878
3992	287.3200073
3993	287.3599854
3994	287.3200073
3995	287.3200073
3996	287.3399963
3997	287.3599854
3998	287.3800049
3999	287.3800049
4000	287.3800049
4001	287.3800049
4002	287.3399963
4003	287.3599854
4004	287.1900024
4005	287.1300049
4006	287.1300049
4007	287.1900024
4008	287.2399902
4009	287.2099915
4010	287.3399963
4011	287.3399963
4012	287.3800049
4013	287.3800049
4014	287.4200134
4015	287.3999939
4016	287.3800049
4017	287.3399963
4018	287.3800049
4019	287.3399963
4020	287.3399963
4021	287.3399963
4022	287.3800049
4023	287.4200134
4024	287.4700012
4025	287.4700012
4026	287.3999939
4027	287.4200134
4028	287.4200134
4029	287.3999939
4030	287.3999939
4031	287.3800049
4032	287.4400024
4033	287.4200134
4034	287.3800049
4035	287.3800049
4036	287.3800049
4037	287.3800049
4038	287.4200134
4039	287.4200134
4040	287.4200134
4041	287.3800049
4042	287.3599854
4043	287.3999939
4044	287.3399963
4045	287.3399963
4046	287.4700012
4047	287.5299988
4048	287.5100098
4049	287.4400024
4050	287.4700012
4051	287.4400024
4052	287.4400024
4053	287.4400024
4054	287.2600098
4055	287.2099915
4056	287.0899963
4057	287.0100098
4058	287.0100098
4059	286.980011
4060	286.8800049
4061	286.9200134
4062	286.9400024
4063	286.8800049
4064	286.8800049
4065	286.8599854
4066	286.8800049
4067	286.7099915
4068	286.6900024
4069	286.5899963
4070	286.4200134
4071	286.2900085
4072	286.0400085
4073	285.8500061
4074	285.480011
4075	284.980011
4076	284.4100037
4077	283.8500061
4078	283.4700012
4079	282.7200012
4080	282.4299927
4081	281.7600098
4082	281.269989
4083	280.8999939
4084	280.8999939
4085	280.519989
4086	280.3800049
4087	280.269989
4088	280.2099915
4089	280.230011
4090	280.2900085
4091	280.2900085
4092	280.480011
4093	280.6300049
4094	280.7099915
4095	280.8999939
4096	281.1300049
4097	281.230011
4098	281.269989
4099	281.5899963
4100	281.5700073
4101	281.730011
4102	281.8200073
4103	281.8599854
4104	281.9599915
4105	282.0499878
4106	282.2600098
4107	282.3200073
4108	282.3800049
4109	282.5499878
4110	282.6600037
4111	282.8200073
4112	282.8900146
4113	282.9899902
4114	283.0700073
4115	283.2200012
4116	283.2200012
4117	283.4100037
4118	283.6000061
4119	283.5299988
4120	283.6000061
4121	283.6400146
4122	283.5799866
4123	283.5799866
4124	283.6799927
4125	283.7000122
4126	283.7200012
4127	283.8299866
4128	283.8900146
4129	283.9100037
4130	283.9100037
4131	283.9500122
4132	283.9899902
4133	284.0400085
4134	284.0599976
4135	284.0799866
4136	284.0799866
4137	284.0799866
4138	284.1199951
4139	284.1799927
4140	284.1799927
4141	284.2200012
4142	284.2399902
4143	284.2900085
4144	284.3099976
4145	284.3299866
4146	284.3900146
4147	284.4100037
4148	284.3900146
4149	284.3299866
4150	284.2399902
4151	284.3099976
4152	284.3299866
4153	284.3699951
4154	284.4299927
4155	284.4299927
4156	284.519989
4157	284.5799866
4158	284.5400085
4159	284.6400146
4160	284.6600037
4161	284.6600037
4162	284.6600037
4163	284.5599976
4164	284.6600037
4165	284.7000122
4166	284.7000122
4167	284.75
4168	284.7900085
4169	284.7900085
4170	284.730011
4171	284.6400146
4172	284.7000122
4173	284.6799927
4174	284.7900085
4175	284.75
4176	284.8299866
4177	284.8500061
4178	284.8099976
4179	284.7900085
4180	284.7000122
4181	284.75
4182	284.730011
4183	284.7000122
4184	284.730011
4185	284.75
4186	284.7000122
4187	284.7000122
4188	284.75
4189	284.7900085
4190	284.730011
4191	284.7000122
4192	284.769989
4193	284.7900085
4194	284.7900085
4195	284.8099976
4196	284.8099976
4197	284.8099976
4198	284.8900146
4199	284.8900146
4200	284.9299927
4201	284.9299927
4202	284.9299927
4203	284.8299866
4204	284.8699951
4205	284.7900085
4206	284.7900085
4207	284.8099976
4208	284.769989
4209	284.7900085
4210	284.8299866
4211	284.9299927
4212	284.8500061
4213	284.8699951
4214	284.8900146
4215	284.8900146
4216	284.8299866
4217	284.8299866
4218	284.8699951
4219	284.8500061
4220	284.8099976
4221	284.8699951
4222	284.8500061
4223	284.8099976
4224	284.7900085
4225	284.8500061
4226	284.8500061
4227	284.7900085
4228	284.8500061
4229	284.8699951
4230	284.8900146
4231	284.9100037
4232	284.9599915
4233	284.9599915
4234	284.980011
4235	284.9100037
4236	285
4237	284.9299927
4238	285.1000061
4239	285.0799866
4240	285.0599976
4241	285.0799866
4242	285.019989
4243	285
4244	285.1199951
4245	285.1199951
4246	285.0799866
4247	285.1199951
4248	285.230011
4249	285.230011
4250	285.230011
4251	285.2099915
4252	285.25
4253	285.269989
4254	285.269989
4255	285.269989
4256	285.2099915
4257	285.1400146
4258	285.1400146
4259	285.1600037
4260	285
4261	285.0400085
4262	285.1400146
4263	285.0599976
4264	285.0599976
4265	285.0599976
4266	284.9599915
4267	285
4268	285
4269	285
4270	285.019989
4271	285.0400085
4272	285.0400085
4273	285.0400085
4274	285.019989
4275	285.0400085
4276	285.0400085
4277	285.019989
4278	285.0799866
4279	285.0599976
4280	285.1000061
4281	285.1000061
4282	285.019989
4283	285.019989
4284	285.0400085
4285	285.0799866
4286	285.019989
4287	285.0799866
4288	285.0400085
4289	285.2099915
4290	285.1900024
4291	285.2099915
4292	285.1900024
4293	285.1900024
4294	285.1600037
4295	285.0599976
4296	285.0799866
4297	285.0799866
4298	285.1600037
4299	285.1400146
4300	285.1000061
4301	285.1600037
4302	285.1000061
4303	285.1000061
4304	285.1000061
4305	285.019989
4306	285
4307	285.019989
4308	285.0599976
4309	285.0400085
4310	285.0400085
4311	285.0599976
4312	284.9599915
4313	285.0400085
4314	285.019989
4315	285.0400085
4316	285.019989
4317	284.9599915
4318	285.019989
4319	284.9299927
4320	284.9599915
4321	285.019989
4322	285
4323	285.1000061
4324	285.1199951
4325	285.1199951
4326	285.1900024
4327	285.1900024
4328	285.1000061
4329	285.1199951
4330	285.1900024
4331	285.1600037
4332	285.1600037
4333	285.0799866
4334	285.1000061
4335	285.2099915
4336	285.2099915
4337	285.1900024
4338	285.230011
4339	285.25
4340	285.230011
4341	285.3099976
4342	285.2900085
4343	285.2900085
4344	285.2900085
4345	285.2900085
4346	285.269989
4347	285.25
4348	285.230011
4349	285.230011
4350	285.2099915
4351	285.1900024
4352	285.25
4353	285.269989
4354	285.3699951
4355	285.3900146
4356	285.480011
4357	285.519989
4358	285.6000061
4359	285.5599976
4360	285.6199951
4361	285.7900085
4362	285.7900085
4363	285.8800049
4364	285.9200134
4365	286.0400085
4366	286.1499939
4367	286.2099915
4368	286.2099915
4369	286.4200134
4370	286.4599915
4371	286.4599915
4372	286.6300049
4373	286.730011
4374	286.769989
4375	286.769989
4376	286.75
4377	286.8399963
4378	286.8800049
4379	287.0100098
4380	287.0700073
4381	287.0899963
4382	287.1099854
4383	287.1099854
4384	287.1499939
4385	287.1499939
4386	287.1099854
4387	287.1300049
4388	287.0899963
4389	287.0899963
4390	287.2099915
4391	287.2099915
4392	287.1300049
4393	287.1700134
4394	287.1499939
4395	287.1499939
4396	287.1900024
4397	287.2399902
4398	287.2399902
4399	287.3599854
4400	287.2799988
4401	287.4400024
4402	287.3999939
4403	287.3999939
4404	287.2999878
4405	287.3200073
4406	287.3399963
4407	287.3399963
4408	287.2999878
4409	287.2999878
4410	287.2799988
4411	287.2600098
4412	287.2999878
4413	287.3399963
4414	287.3399963
4415	287.3200073
4416	287.2600098
4417	287.2399902
4418	287.2999878
4419	287.3999939
4420	287.3800049
4421	287.3800049
4422	287.3999939
4423	287.3599854
4424	287.3800049
4425	287.3800049
4426	287.2999878
4427	287.3599854
4428	287.3800049
4429	287.3800049
4430	287.3399963
4431	287.3800049
4432	287.3399963
4433	287.3599854
4434	287.3999939
4435	287.3599854
4436	287.3800049
4437	287.3999939
4438	287.3800049
4439	287.3800049
4440	287.4400024
4441	287.5100098
4442	287.5499878
4443	287.5100098
4444	287.4899902
4445	287.4200134
4446	287.4200134
4447	287.4400024
4448	287.4400024
4449	287.4700012
4450	287.4700012
4451	287.4700012
4452	287.3800049
4453	287.3800049
4454	287.4700012
4455	287.5299988
4456	287.4700012
4457	287.5100098
4458	287.5299988
4459	287.4700012
4460	287.4899902
4461	287.4200134
4462	287.4200134
4463	287.3999939
4464	287.3599854
4465	287.3599854
4466	287.3399963
4467	287.3999939
4468	287.4400024
4469	287.4899902
4470	287.4700012
4471	287.3800049
4472	287.3999939
4473	287.3599854
4474	287.3399963
4475	287.3800049
4476	287.3599854
4477	287.3999939
4478	287.3999939
4479	287.3599854
4480	287.4200134
4481	287.4200134
4482	287.4700012
4483	287.4200134
4484	287.4200134
4485	287.4200134
4486	287.3800049
4487	287.4700012
4488	287.4400024
4489	287.3999939
4490	287.3399963
4491	287.3800049
4492	287.3399963
4493	287.3599854
4494	287.3599854
4495	287.3599854
4496	287.4200134
4497	287.3800049
4498	287.4400024
4499	287.4400024
4500	287.3999939
4501	287.4700012
4502	287.5100098
4503	287.4400024
4504	287.3800049
4505	287.3599854
4506	287.3200073
4507	287.3200073
4508	287.3200073
4509	287.3399963
4510	287.3399963
4511	287.2799988
4512	287.3399963
4513	287.3399963
4514	287.3399963
4515	287.4200134
4516	287.3599854
4517	287.3599854
4518	287.4200134
4519	287.3599854
4520	287.3999939
4521	287.3399963
4522	287.3399963
4523	287.3999939
4524	287.3999939
4525	287.3399963
4526	287.4700012
4527	287.4200134
4528	287.2600098
4529	287.2799988
4530	287.2399902
4531	287.1700134
4532	287.0899963
4533	287.0499878
4534	287.1099854
4535	287.0499878
4536	287.0700073
4537	287.0299988
4538	287.0299988
4539	286.980011
4540	287.0100098
4541	286.8800049
4542	286.75
4543	286.5700073
4544	286.25
4545	286.1900024
4546	285.9599915
4547	285.4200134
4548	284.6799927
4549	284.6799927
4550	283.6400146
4551	283.0700073
4552	282.8900146
4553	282.2999878
4554	281.8800049
4555	281.4599915
4556	281.4599915
4557	281.0899963
4558	280.8800049
4559	280.8099976
4560	280.7099915
4561	280.6700134
4562	280.6499939
4563	280.6499939
4564	280.769989
4565	280.8599854
4566	280.980011
4567	281.1499939
4568	281.3399963
4569	281.4400024
4570	281.5700073
4571	281.7799988
4572	281.8200073
4573	282.0299988
4574	282.2600098
4575	282.3599854
4576	282.4700012
4577	282.6099854
4578	282.7200012
4579	282.8399963
4580	282.9500122
4581	283.0499878
4582	283.1400146
4583	283.1600037
4584	283.2200012
4585	283.3699951
4586	283.4700012
4587	283.5100098
4588	283.5100098
4589	283.6199951
4590	283.6600037
4591	283.6799927
4592	283.6400146
4593	283.7000122
4594	283.8099976
4595	283.8099976
4596	283.8699951
4597	283.9500122
4598	283.9299927
4599	283.9700012
4600	284.0400085
4601	284.1000061
4602	284.2000122
4603	284.1799927
4604	284.1799927
4605	284.2200012
4606	284.1799927
4607	284.2399902
4608	284.2399902
4609	284.3500061
4610	284.3099976
4611	284.3500061
4612	284.3299866
4613	284.3699951
4614	284.4299927
4615	284.5599976
4616	284.4500122
4617	284.6000061
4618	284.6000061
4619	284.5799866
4620	284.5799866
4621	284.5599976
4622	284.5799866
4623	284.6199951
4624	284.6000061
4625	284.6400146
4626	284.6400146
4627	284.6400146
4628	284.6400146
4629	284.75
4630	284.75
4631	284.75
4632	284.8099976
4633	284.8500061
4634	284.8699951
4635	284.8699951
4636	284.8699951
4637	284.9299927
4638	284.8699951
4639	284.8299866
4640	284.769989
4641	284.8099976
4642	284.8900146
4643	284.9299927
4644	284.9100037
4645	284.9100037
4646	284.8299866
4647	284.769989
4648	284.769989
4649	284.75
4650	284.75
4651	284.8699951
4652	284.8699951
4653	284.9299927
4654	285.0799866
4655	285
4656	285.0400085
4657	285
4658	285.0400085
4659	285.0400085
4660	285.0400085
4661	284.980011
4662	284.9299927
4663	284.9299927
4664	285
4665	285.0400085
4666	285.0400085
4667	285.1900024
4668	285.230011
4669	285.2900085
4670	285.2099915
4671	285.2900085
4672	285.269989
4673	285.2099915
4674	285.1199951
4675	285.1900024
4676	285.1199951
4677	285.1199951
4678	285.1400146
4679	285.0599976
4680	285.0799866
4681	285.1600037
4682	285.1199951
4683	285.1000061
4684	285.25
4685	285.1900024
4686	285.2099915
4687	285.230011
4688	285.1400146
4689	285.0799866
4690	285.0599976
4691	285.0599976
4692	285.1000061
4693	285.1199951
4694	285.0400085
4695	285.0799866
4696	285.1600037
4697	285.230011
4698	285.230011
4699	285.1400146
4700	285.1600037
4701	285.1000061
4702	285.1000061
4703	285.0599976
4704	285.0799866
4705	285.0799866
4706	285.019989
4707	285
4708	285
4709	285
4710	284.9299927
4711	284.8900146
4712	284.8699951
4713	285.019989
4714	285.0599976
4715	285.0400085
4716	285.1400146
4717	285.0799866
4718	285.1400146
4719	285.1400146
4720	285.230011
4721	285.1400146
4722	285.2099915
4723	285.1600037
4724	285.1900024
4725	285.1900024
4726	285.1400146
4727	285.1400146
4728	285.1600037
4729	285.1199951
4730	285.1199951
4731	285.1600037
4732	285.1900024
4733	285.230011
4734	285.3500061
4735	285.2900085
4736	285.3500061
4737	285.3500061
4738	285.3099976
4739	285.3099976
4740	285.2900085
4741	285.230011
4742	285.2099915
4743	285.2099915
4744	285.1900024
4745	285.1000061
4746	285.1000061
4747	285.1199951
4748	285.2099915
4749	285.1400146
4750	285.230011
4751	285.1600037
4752	285.1600037
4753	285.1600037
4754	285.1900024
4755	285.1900024
4756	285.230011
4757	285.2099915
4758	285.2099915
4759	285.25
4760	285.25
4761	285.25
4762	285.25
4763	285.3099976
4764	285.269989
4765	285.3699951
4766	285.3299866
4767	285.3500061
4768	285.3699951
4769	285.3699951
4770	285.4200134
4771	285.3299866
4772	285.3299866
4773	285.269989
4774	285.3299866
4775	285.3500061
4776	285.3500061
4777	285.25
4778	285.2900085
4779	285.269989
4780	285.2099915
4781	285.1900024
4782	285.230011
4783	285.25
4784	285.269989
4785	285.2099915
4786	285.230011
4787	285.25
4788	285.1900024
4789	285.2900085
4790	285.269989
4791	285.269989
4792	285.25
4793	285.2099915
4794	285.1900024
4795	285.269989
4796	285.2900085
4797	285.3299866
4798	285.269989
4799	285.269989
4800	285.2099915
4801	285.2099915
4802	285.2099915
4803	285.1900024
4804	285.1900024
4805	285.1000061
4806	285.1900024
4807	285.25
4808	285.25
4809	285.2900085
4810	285.3099976
4811	285.3099976
4812	285.3699951
4813	285.3299866
4814	285.3699951
4815	285.3500061
4816	285.3299866
4817	285.3699951
4818	285.3299866
4819	285.2900085
4820	285.3299866
4821	285.3299866
4822	285.3900146
4823	285.2900085
4824	285.269989
4825	285.3900146
4826	285.480011
4827	285.5400085
4828	285.6199951
4829	285.7099915
4830	285.75
4831	285.769989
4832	285.7900085
4833	285.7900085
4834	285.8299866
4835	285.8299866
4836	285.9400024
4837	285.9599915
4838	286.1099854
4839	286.1700134
4840	286.1700134
4841	286.3399963
4842	286.3999939
4843	286.4599915
4844	286.5899963
4845	286.6499939
4846	286.730011
4847	286.730011
4848	286.8800049
4849	286.8800049
4850	286.8999939
4851	286.980011
4852	287.0100098
4853	287.0499878
4854	286.980011
4855	287.0499878
4856	287.0499878
4857	287.0499878
4858	287.1099854
4859	287.1300049
4860	287.2099915
4861	287.2099915
4862	287.2799988
4863	287.2600098
4864	287.2999878
4865	287.2399902
4866	287.2099915
4867	287.2600098
4868	287.2799988
4869	287.2999878
4870	287.2799988
4871	287.3200073
4872	287.3200073
4873	287.3999939
4874	287.3800049
4875	287.3999939
4876	287.3999939
4877	287.3399963
4878	287.3999939
4879	287.3999939
4880	287.3599854
4881	287.4400024
4882	287.4899902
4883	287.4700012
4884	287.3999939
4885	287.4200134
4886	287.4200134
4887	287.3999939
4888	287.3800049
4889	287.3399963
4890	287.3800049
4891	287.3599854
4892	287.4200134
4893	287.4400024
4894	287.4400024
4895	287.4200134
4896	287.3599854
4897	287.3399963
4898	287.3599854
4899	287.2799988
4900	287.2999878
4901	287.3599854
4902	287.3999939
4903	287.3800049
4904	287.4400024
4905	287.3599854
4906	287.3800049
4907	287.4400024
4908	287.3800049
4909	287.3399963
4910	287.3200073
4911	287.3200073
4912	287.3999939
4913	287.3999939
4914	287.3999939
4915	287.4200134
4916	287.4200134
4917	287.4700012
4918	287.4700012
4919	287.4400024
4920	287.3599854
4921	287.3599854
4922	287.3399963
4923	287.2799988
4924	287.3800049
4925	287.3599854
4926	287.3200073
4927	287.2600098
4928	287.2999878
4929	287.3599854
4930	287.2999878
4931	287.3399963
4932	287.3200073
4933	287.3599854
4934	287.3399963
4935	287.3399963
4936	287.3999939
4937	287.3999939
4938	287.3999939
4939	287.3399963
4940	287.3599854
4941	287.3200073
4942	287.2999878
4943	287.2999878
4944	287.2799988
4945	287.3399963
4946	287.3399963
4947	287.4200134
4948	287.4200134
4949	287.4700012
4950	287.4700012
4951	287.4400024
4952	287.3800049
4953	287.4200134
4954	287.3800049
4955	287.3800049
4956	287.3599854
4957	287.3599854
4958	287.2799988
4959	287.3200073
4960	287.3599854
4961	287.3800049
4962	287.3999939
4963	287.4400024
4964	287.4200134
4965	287.4200134
4966	287.4700012
4967	287.3999939
4968	287.4400024
4969	287.4700012
4970	287.4899902
4971	287.4200134
4972	287.4200134
4973	287.4200134
4974	287.3599854
4975	287.3999939
4976	287.3800049
4977	287.3999939
4978	287.4200134
4979	287.4200134
4980	287.4200134
4981	287.4400024
4982	287.4400024
4983	287.4700012
4984	287.4899902
4985	287.5100098
4986	287.5100098
4987	287.4200134
4988	287.4400024
4989	287.4400024
4990	287.4700012
4991	287.5100098
4992	287.3999939
4993	287.4700012
4994	287.4200134
4995	287.3999939
4996	287.4400024
4997	287.4700012
4998	287.4700012
4999	287.5100098
5000	287.4700012
5001	287.2600098
5002	287.2799988
5003	287.2600098
5004	287.0899963
5005	287.0899963
5006	287.0499878
5007	287.0700073
5008	287.0299988
5009	287.0299988
5010	286.8999939
5011	287.1099854
5012	287.0299988
5013	287.0100098
5014	287.0100098
5015	286.9200134
5016	286.8399963
5017	286.6499939
5018	286.25
5019	285.730011
5020	285.3299866
5021	285.3299866
5022	284.6400146
5023	283.9100037
5024	283.6600037
5025	283.1400146
5026	282.5499878
5027	282.1700134
5028	282.1700134
5029	281.5
5030	281.269989
5031	281.2099915
5032	281.0400085
5033	281.0899963
5034	281.1099854
5035	281.1300049
5036	281.0700073
5037	281.0899963
5038	281.2099915
5039	281.269989
5040	281.3399963
5041	281.5
5042	281.5499878
5043	281.8800049
5044	281.9200134
5045	282.1099854
5046	282.2600098
5047	282.2999878
5048	282.3999939
5049	282.4500122
5050	282.4899902
5051	282.5700073
5052	282.7799988
5053	282.7799988
5054	283.0100098
5055	283.1600037
5056	283.2000122
5057	283.2799988
5058	283.4500122
5059	283.5299988
5060	283.5299988
5061	283.7200012
5062	283.7799988
5063	283.7200012
5064	283.7600098
5065	283.8500061
5066	283.8500061
5067	283.9100037
5068	283.9100037
5069	283.9700012
5070	284.0100098
5071	283.9899902
5072	283.9500122
5073	283.8900146
5074	283.9899902
5075	284.0599976
5076	284.1799927
5077	284.1799927
5078	284.3500061
5079	284.3699951
5080	284.4500122
5081	284.3900146
5082	284.4100037
5083	284.4700012
5084	284.6000061
5085	284.6000061
5086	284.6000061
5087	284.6400146
5088	284.7000122
5089	284.769989
5090	284.7900085
5091	284.7000122
5092	284.7000122
5093	284.7900085
5094	284.7900085
5095	284.8099976
5096	284.7900085
5097	284.9100037
5098	284.9100037
5099	284.9100037
5100	284.8299866
5101	284.8500061
5102	284.8900146
5103	284.8699951
5104	284.9599915
5105	285
5106	285.0400085
5107	285.1199951
5108	285.0799866
5109	285.1199951
5110	285.019989
5111	285.0400085
5112	285.1000061
5113	285.1400146
5114	285.1900024
5115	285.1900024
5116	285.1900024
5117	285.269989
5118	285.2900085
5119	285.230011
5120	285.25
5121	285.2900085
5122	285.25
5123	285.25
5124	285.25
5125	285.1900024
5126	285.269989
5127	285.2900085
5128	285.1900024
5129	285.2099915
5130	285.1199951
5131	285.1199951
5132	285.1400146
5133	285.019989
5134	285.0599976
5135	285.0599976
5136	285.0799866
5137	285.0599976
5138	285.1600037
5139	285.269989
5140	285.1400146
5141	285.1900024
5142	285.1000061
5143	285.1000061
5144	285.1000061
5145	285.1000061
5146	285.0400085
5147	285.0799866
5148	285.0799866
5149	285.2099915
5150	285.25
5151	285.2900085
5152	285.3299866
5153	285.3699951
5154	285.2900085
5155	285.3900146
5156	285.3900146
5157	285.4200134
5158	285.3900146
5159	285.3500061
5160	285.3699951
5161	285.3900146
5162	285.4599915
5163	285.4599915
5164	285.4200134
5165	285.3900146
5166	285.4400024
5167	285.4200134
5168	285.4400024
5169	285.3900146
5170	285.3900146
5171	285.4200134
5172	285.4200134
5173	285.4200134
5174	285.4200134
5175	285.480011
5176	285.480011
5177	285.4200134
5178	285.519989
5179	285.4200134
5180	285.480011
5181	285.3900146
5182	285.4599915
5183	285.4200134
5184	285.5
5185	285.5400085
5186	285.480011
5187	285.4599915
5188	285.4599915
5189	285.4400024
5190	285.4400024
5191	285.4400024
5192	285.4400024
5193	285.480011
5194	285.5
5195	285.5
5196	285.5
5197	285.5400085
5198	285.5400085
5199	285.5400085
5200	285.5
5201	285.4400024
5202	285.4400024
5203	285.4599915
5204	285.3900146
5205	285.4200134
5206	285.4400024
5207	285.3699951
5208	285.4200134
5209	285.4200134
5210	285.4200134
5211	285.4200134
5212	285.3699951
5213	285.4599915
5214	285.4400024
5215	285.4599915
5216	285.4200134
5217	285.3500061
5218	285.3699951
5219	285.3900146
5220	285.3299866
5221	285.3699951
5222	285.3900146
5223	285.3699951
5224	285.4200134
5225	285.3900146
5226	285.3500061
5227	285.3099976
5228	285.269989
5229	285.2900085
5230	285.2900085
5231	285.230011
5232	285.269989
5233	285.3299866
5234	285.3299866
5235	285.3299866
5236	285.3699951
5237	285.3900146
5238	285.4200134
5239	285.3699951
5240	285.4400024
5241	285.4400024
5242	285.3099976
5243	285.2900085
5244	285.230011
5245	285.269989
5246	285.3699951
5247	285.3500061
5248	285.3099976
5249	285.3500061
5250	285.3699951
5251	285.3299866
5252	285.3500061
5253	285.3900146
5254	285.4200134
5255	285.3699951
5256	285.4599915
5257	285.3699951
5258	285.3900146
5259	285.3500061
5260	285.3299866
5261	285.3500061
5262	285.3900146
5263	285.4200134
5264	285.4400024
5265	285.4400024
5266	285.4400024
5267	285.4200134
5268	285.3699951
5269	285.3699951
5270	285.4599915
5271	285.5599976
5272	285.519989
5273	285.519989
5274	285.519989
5275	285.519989
5276	285.5599976
5277	285.6000061
5278	285.6000061
5279	285.7099915
5280	285.7099915
5281	285.5799866
5282	285.6000061
5283	285.480011
5284	285.4400024
5285	285.480011
5286	285.4400024
5287	285.4200134
5288	285.3900146
5289	285.3699951
5290	285.3699951
5291	285.3699951
5292	285.3900146
5293	285.3299866
5294	285.3500061
5295	285.3699951
5296	285.3500061
5297	285.3299866
5298	285.5
5299	285.5799866
5300	285.5799866
5301	285.5400085
5302	285.519989
5303	285.5599976
5304	285.6900024
5305	285.6900024
5306	285.730011
5307	285.8099976
5308	285.8999939
5309	285.9200134
5310	286.0599976
5311	286.1900024
5312	286.1900024
5313	286.3999939
5314	286.480011
5315	286.4599915
5316	286.6099854
5317	286.6499939
5318	286.75
5319	286.730011
5320	286.8800049
5321	286.9400024
5322	286.9400024
5323	287.0499878
5324	287.1300049
5325	287.1099854
5326	287.1300049
5327	287.0899963
5328	287.1499939
5329	287.1700134
5330	287.1300049
5331	287.1900024
5332	287.1900024
5333	287.1700134
5334	287.1900024
5335	287.1900024
5336	287.1900024
5337	287.1900024
5338	287.2099915
5339	287.1499939
5340	287.1900024
5341	287.1700134
5342	287.1300049
5343	287.2399902
5344	287.2399902
5345	287.2099915
5346	287.2600098
5347	287.3399963
5348	287.3800049
5349	287.2999878
5350	287.3200073
5351	287.3200073
5352	287.3399963
5353	287.3599854
5354	287.3399963
5355	287.4200134
5356	287.3800049
5357	287.3800049
5358	287.3800049
5359	287.3800049
5360	287.3999939
5361	287.3999939
5362	287.4400024
5363	287.4200134
5364	287.4400024
5365	287.3599854
5366	287.4400024
5367	287.4700012
5368	287.4700012
5369	287.4400024
5370	287.4200134
5371	287.4700012
5372	287.3800049
5373	287.3200073
5374	287.3599854
5375	287.4200134
5376	287.4200134
5377	287.4200134
5378	287.4400024
5379	287.4200134
5380	287.4700012
5381	287.5100098
5382	287.4700012
5383	287.4700012
5384	287.5299988
5385	287.4700012
5386	287.4400024
5387	287.4400024
5388	287.4200134
5389	287.3599854
5390	287.3599854
5391	287.3200073
5392	287.3800049
5393	287.3999939
5394	287.4700012
5395	287.3599854
5396	287.3800049
5397	287.3800049
5398	287.5100098
5399	287.4899902
5400	287.3999939
5401	287.3999939
5402	287.4200134
5403	287.4200134
5404	287.3599854
5405	287.3599854
5406	287.3999939
5407	287.3200073
5408	287.4400024
5409	287.4899902
5410	287.3800049
5411	287.3599854
5412	287.3599854
5413	287.2999878
5414	287.3999939
5415	287.3999939
5416	287.4400024
5417	287.4899902
5418	287.4200134
5419	287.4400024
5420	287.4200134
5421	287.3999939
5422	287.3999939
5423	287.4700012
5424	287.4899902
5425	287.4700012
5426	287.4400024
5427	287.4400024
5428	287.4700012
5429	287.4700012
5430	287.5100098
5431	287.5299988
5432	287.5700073
5433	287.5100098
5434	287.5100098
5435	287.4899902
5436	287.5100098
5437	287.4400024
5438	287.4400024
5439	287.5299988
5440	287.5299988
5441	287.5899963
5442	287.5499878
5443	287.5700073
5444	287.5499878
5445	287.4899902
5446	287.5499878
5447	287.5499878
5448	287.5100098
5449	287.5899963
5450	287.5100098
5451	287.4700012
5452	287.4400024
5453	287.4200134
5454	287.4200134
5455	287.4899902
5456	287.4200134
5457	287.4899902
5458	287.4899902
5459	287.4700012
5460	287.5100098
5461	287.5100098
5462	287.4899902
5463	287.5499878
5464	287.5700073
5465	287.4700012
5466	287.4700012
5467	287.4400024
5468	287.4200134
5469	287.4899902
5470	287.5100098
5471	287.5299988
5472	287.5100098
5473	287.6300049
5474	287.4400024
5475	287.3399963
5476	287.2799988
5477	287.2399902
5478	287.2099915
5479	287.2099915
5480	287.1499939
5481	287.1700134
5482	287.1700134
5483	287.1900024
5484	287.1900024
5485	287.1499939
5486	287.1499939
5487	287.1099854
5488	286.9400024
5489	286.9599915
5490	286.7999878
5491	286.6099854
5492	286.2900085
5493	286.2900085
5494	285.6900024
5495	285.269989
5496	284.9299927
5497	284.2000122
5498	283.6799927
5499	283.3500061
5500	283.1400146
5501	282.4299927
5502	282.2799988
5503	282.0100098
5504	281.730011
5505	281.5499878
5506	281.5499878
5507	281.5299988
5508	281.5
5509	281.5
5510	281.480011
5511	281.5299988
5512	281.5700073
5513	281.5899963
5514	281.6099854
5515	281.730011
5516	281.8599854
5517	282.0499878
5518	282.0499878
5519	282.3200073
5520	282.4899902
5521	282.6099854
5522	282.7799988
5523	282.9899902
5524	283.1199951
5525	283.1199951
5526	283.2600098
5527	283.4100037
5528	283.5299988
5529	283.7200012
5530	283.7200012
5531	283.7200012
5532	283.7200012
5533	283.6600037
5534	283.7399902
5535	283.8099976
5536	284.0400085
5537	284.1199951
5538	284.1600037
5539	284.269989
5540	284.2000122
5541	284.2000122
5542	284.2399902
5543	284.3099976
5544	284.3699951
5545	284.4700012
5546	284.519989
5547	284.6000061
5548	284.6600037
5549	284.6199951
5550	284.7000122
5551	284.6799927
5552	284.7000122
5553	284.6799927
5554	284.75
5555	284.75
5556	284.7900085
5557	284.7900085
5558	285.019989
5559	285.1199951
5560	285.019989
5561	285.1000061
5562	285.1400146
5563	285.1199951
5564	285.1199951
5565	285
5566	285.019989
5567	285
5568	284.980011
5569	285
5570	285.0400085
5571	285.0400085
5572	285.1199951
5573	285.0599976
5574	285.1000061
5575	285.0400085
5576	285.0799866
5577	285.0799866
5578	285.1000061
5579	285.1900024
5580	285.230011
5581	285.230011
5582	285.230011
5583	285.269989
5584	285.1400146
5585	285.1400146
5586	285.1400146
5587	285.230011
5588	285.230011
5589	285.230011
5590	285.1900024
5591	285.1400146
5592	285.1400146
5593	285.230011
5594	285.3099976
5595	285.3900146
5596	285.3900146
5597	285.4200134
5598	285.4400024
5599	285.4200134
5600	285.4599915
5601	285.4599915
5602	285.4400024
5603	285.4400024
5604	285.3500061
5605	285.3099976
5606	285.25
5607	285.1900024
5608	285.25
5609	285.269989
5610	285.2099915
5611	285.25
5612	285.230011
5613	285.3099976
5614	285.3900146
5615	285.3900146
5616	285.3699951
5617	285.4400024
5618	285.5
5619	285.4599915
5620	285.4599915
5621	285.480011
5622	285.5799866
5623	285.5799866
5624	285.6000061
5625	285.5599976
5626	285.519989
5627	285.480011
5628	285.480011
5629	285.5
5630	285.4200134
5631	285.4400024
5632	285.4400024
5633	285.4200134
5634	285.4599915
5635	285.4599915
5636	285.4200134
5637	285.4599915
5638	285.4400024
5639	285.5
5640	285.4599915
5641	285.4599915
5642	285.5
5643	285.5
5644	285.5
5645	285.5
5646	285.480011
5647	285.5
5648	285.4599915
5649	285.4599915
5650	285.4200134
5651	285.4400024
5652	285.4400024
5653	285.5799866
5654	285.519989
5655	285.519989
5656	285.5
5657	285.5
5658	285.480011
5659	285.5
5660	285.480011
5661	285.519989
5662	285.5799866
5663	285.6000061
5664	285.5599976
5665	285.5400085
5666	285.5599976
5667	285.5599976
5668	285.519989
5669	285.5
5670	285.5
5671	285.480011
5672	285.4599915
5673	285.480011
5674	285.480011
5675	285.519989
5676	285.5599976
5677	285.5400085
5678	285.5
5679	285.5
5680	285.4599915
5681	285.480011
5682	285.480011
5683	285.4400024
5684	285.4599915
5685	285.3900146
5686	285.4599915
5687	285.4599915
5688	285.519989
5689	285.4599915
5690	285.5
5691	285.3699951
5692	285.4400024
5693	285.4400024
5694	285.4200134
5695	285.4200134
5696	285.519989
5697	285.519989
5698	285.5400085
5699	285.5400085
5700	285.5599976
5701	285.5400085
5702	285.519989
5703	285.5
5704	285.5
5705	285.519989
5706	285.519989
5707	285.519989
5708	285.5
5709	285.519989
5710	285.5
5711	285.519989
5712	285.519989
5713	285.519989
5714	285.519989
5715	285.5
5716	285.480011
5717	285.480011
5718	285.4599915
5719	285.4599915
5720	285.4599915
5721	285.4400024
5722	285.4599915
5723	285.519989
5724	285.4599915
5725	285.4200134
5726	285.4400024
5727	285.519989
5728	285.519989
5729	285.5400085
5730	285.480011
5731	285.5
5732	285.5
5733	285.4400024
5734	285.5
5735	285.4599915
5736	285.480011
5737	285.4200134
5738	285.4200134
5739	285.3299866
5740	285.3699951
5741	285.3500061
5742	285.3500061
5743	285.4599915
5744	285.6000061
5745	285.6000061
5746	285.6000061
5747	285.5799866
5748	285.6000061
5749	285.6499939
5750	285.5799866
5751	285.519989
5752	285.480011
5753	285.4200134
5754	285.3299866
5755	285.3699951
5756	285.4400024
5757	285.4400024
5758	285.4200134
5759	285.4200134
5760	285.4400024
5761	285.4200134
5762	285.4599915
5763	285.5
5764	285.519989
5765	285.480011
5766	285.4200134
5767	285.3699951
5768	285.3299866
5769	285.3699951
5770	285.3699951
5771	285.3699951
5772	285.6000061
5773	285.6199951
5774	285.6000061
5775	285.6499939
5776	285.730011
5777	285.730011
5778	285.8099976
5779	285.8299866
5780	285.8299866
5781	285.9400024
5782	286.019989
5783	286.0799866
5784	286.0799866
5785	286.1900024
5786	286.3099976
5787	286.3399963
5788	286.5
5789	286.5899963
5790	286.5700073
5791	286.5700073
5792	286.6700134
5793	286.6900024
5794	286.730011
5795	286.8599854
5796	286.8999939
5797	286.980011
5798	287.0700073
5799	287.1099854
5800	287.0899963
5801	287.1300049
5802	287.1499939
5803	287.1499939
5804	287.1099854
5805	287.1700134
5806	287.1900024
5807	287.2399902
5808	287.2399902
5809	287.2399902
5810	287.2999878
5811	287.3599854
5812	287.3399963
5813	287.3399963
5814	287.3599854
5815	287.3399963
5816	287.3399963
5817	287.3599854
5818	287.3999939
5819	287.4200134
5820	287.2799988
5821	287.3200073
5822	287.3599854
5823	287.3200073
5824	287.3200073
5825	287.3399963
5826	287.3200073
5827	287.3200073
5828	287.3599854
5829	287.3999939
5830	287.3800049
5831	287.3999939
5832	287.3999939
5833	287.3599854
5834	287.3599854
5835	287.2600098
5836	287.3200073
5837	287.3200073
5838	287.3399963
5839	287.4400024
5840	287.3800049
5841	287.3800049
5842	287.3599854
5843	287.3800049
5844	287.3800049
5845	287.3399963
5846	287.3200073
5847	287.3599854
5848	287.3599854
5849	287.3399963
5850	287.4200134
5851	287.4200134
5852	287.3800049
5853	287.3999939
5854	287.3800049
5855	287.3800049
5856	287.3800049
5857	287.4200134
5858	287.3999939
5859	287.4200134
5860	287.3599854
5861	287.4200134
5862	287.3999939
5863	287.3999939
5864	287.3800049
5865	287.4200134
5866	287.4200134
5867	287.3800049
5868	287.4200134
5869	287.4700012
5870	287.3999939
5871	287.4700012
5872	287.4700012
5873	287.4400024
5874	287.4700012
5875	287.4400024
5876	287.4200134
5877	287.4400024
5878	287.3800049
5879	287.4200134
5880	287.4200134
5881	287.3999939
5882	287.4899902
5883	287.4899902
5884	287.5299988
5885	287.4899902
5886	287.4700012
5887	287.4700012
5888	287.5100098
5889	287.4899902
5890	287.4400024
5891	287.3599854
5892	287.3999939
5893	287.3800049
5894	287.3200073
5895	287.3800049
5896	287.3800049
5897	287.3200073
5898	287.3599854
5899	287.3999939
5900	287.4899902
5901	287.4400024
5902	287.4899902
5903	287.5100098
5904	287.5700073
5905	287.4700012
5906	287.4700012
5907	287.5499878
5908	287.5299988
5909	287.5100098
5910	287.4700012
5911	287.4400024
5912	287.4200134
5913	287.4200134
5914	287.4400024
5915	287.4400024
5916	287.4400024
5917	287.4200134
5918	287.4700012
5919	287.4700012
5920	287.4700012
5921	287.5100098
5922	287.5100098
5923	287.5100098
5924	287.5299988
5925	287.5499878
5926	287.5499878
5927	287.3999939
5928	287.3800049
5929	287.3800049
5930	287.3599854
5931	287.4700012
5932	287.4899902
5933	287.4899902
5934	287.4200134
5935	287.4899902
5936	287.4400024
5937	287.5100098
5938	287.5100098
5939	287.4400024
5940	287.4700012
5941	287.5499878
5942	287.5100098
5943	287.5100098
5944	287.4899902
5945	287.5299988
5946	287.5100098
5947	287.4400024
5948	287.2600098
5949	287.1900024
5950	287.0899963
5951	287.0899963
5952	287.0899963
5953	287.0899963
5954	287.0499878
5955	287.1300049
5956	287.1900024
5957	287.0700073
5958	287.0700073
5959	287.1099854
5960	287.0899963
5961	287.0499878
5962	286.9400024
5963	286.7999878
5964	286.6300049
5965	286.6300049
5966	286.3999939
5967	286.0799866
5968	285.7099915
5969	285.0599976
5970	284.3900146
5971	284.1000061
5972	283.7799988
5973	283.1199951
5974	282.8399963
5975	282.5100098
5976	282.1300049
5977	281.9899902
5978	281.7799988
5979	281.6300049
5980	281.480011
5981	281.3599854
5982	281.3999939
5983	281.3999939
5984	281.480011
5985	281.5499878
5986	281.6099854
5987	281.7799988
5988	281.9899902
5989	282.0899963
5990	282.0899963
5991	282.2000122
5992	282.2000122
5993	282.2399902
5994	282.2999878
5995	282.3800049
5996	282.5299988
5997	282.5299988
5998	282.7600098
5999	282.9700012
6000	283.0899963
6001	283.1799927
6002	283.3500061
6003	283.3500061
6004	283.4100037
6005	283.6199951
6006	283.5499878
6007	283.7200012
6008	283.8699951
6009	283.8699951
6010	283.8699951
6011	283.9100037
6012	283.9700012
6013	284.0400085
6014	284.1199951
6015	284.1799927
6016	284.2900085
6017	284.4100037
6018	284.4299927
6019	284.4700012
6020	284.6000061
6021	284.5799866
6022	284.5799866
6023	284.6199951
6024	284.730011
6025	284.7000122
6026	284.6400146
6027	284.7000122
6028	284.75
6029	284.75
6030	284.7000122
6031	284.6199951
6032	284.6400146
6033	284.75
6034	284.75
6035	284.8099976
6036	284.8099976
6037	284.9299927
6038	285.0599976
6039	285.0799866
6040	285.1400146
6041	285.0799866
6042	285
6043	285.0599976
6044	285.1199951
6045	285.1400146
6046	285.1600037
6047	285.1900024
6048	285.1900024
6049	285.230011
6050	285.1900024
6051	285.230011
6052	285.1900024
6053	285.2099915
6054	285.2900085
6055	285.3099976
6056	285.3699951
6057	285.3699951
6058	285.4400024
6059	285.3699951
6060	285.3900146
6061	285.3900146
6062	285.3099976
6063	285.3500061
6064	285.3900146
6065	285.4599915
6066	285.4599915
6067	285.519989
6068	285.519989
6069	285.5
6070	285.480011
6071	285.519989
6072	285.480011
6073	285.3699951
6074	285.3500061
6075	285.4599915
6076	285.3699951
6077	285.3900146
6078	285.4200134
6079	285.519989
6080	285.5400085
6081	285.519989
6082	285.5599976
6083	285.480011
6084	285.4599915
6085	285.3900146
6086	285.519989
6087	285.4400024
6088	285.4400024
6089	285.480011
6090	285.5
6091	285.5400085
6092	285.4599915
6093	285.5
6094	285.5
6095	285.5599976
6096	285.6499939
6097	285.6000061
6098	285.5400085
6099	285.5400085
6100	285.5400085
6101	285.5
6102	285.5
6103	285.5
6104	285.519989
6105	285.5
6106	285.5400085
6107	285.5400085
6108	285.6000061
6109	285.5799866
6110	285.5400085
6111	285.5799866
6112	285.6000061
6113	285.519989
6114	285.5
6115	285.5400085
6116	285.5799866
6117	285.5599976
6118	285.5
6119	285.519989
6120	285.4200134
6121	285.4200134
6122	285.4400024
6123	285.4599915
6124	285.4599915
6125	285.5
6126	285.480011
6127	285.5400085
6128	285.5400085
6129	285.519989
6130	285.4599915
6131	285.519989
6132	285.519989
6133	285.519989
6134	285.480011
6135	285.3900146
6136	285.5599976
6137	285.4200134
6138	285.4200134
6139	285.4200134
6140	285.3699951
6141	285.4599915
6142	285.4599915
6143	285.5599976
6144	285.6900024
6145	285.6700134
6146	285.7099915
6147	285.730011
6148	285.75
6149	285.6900024
6150	285.6900024
6151	285.6199951
6152	285.5599976
6153	285.6199951
6154	285.5400085
6155	285.519989
6156	285.4599915
6157	285.5
6158	285.519989
6159	285.4400024
6160	285.4400024
6161	285.4200134
6162	285.3699951
6163	285.3900146
6164	285.4400024
6165	285.5
6166	285.5
6167	285.480011
6168	285.5400085
6169	285.5
6170	285.5799866
6171	285.5799866
6172	285.5799866
6173	285.5799866
6174	285.5400085
6175	285.5400085
6176	285.5
6177	285.480011
6178	285.480011
6179	285.5
6180	285.519989
6181	285.5400085
6182	285.519989
6183	285.4200134
6184	285.3500061
6185	285.2900085
6186	285
6187	284.9599915
6188	284.9299927
6189	284.9100037
6190	284.9100037
6191	284.9299927
6192	284.9299927
6193	285.0599976
6194	285.0400085
6195	285.0799866
6196	285.0799866
6197	285.0799866
6198	285.1199951
6199	285.1000061
6200	285.1400146
6201	285.1000061
6202	285.0599976
6203	285.0599976
6204	285.1199951
6205	285.1900024
6206	285.1600037
6207	285.1600037
6208	285.1600037
6209	285.1600037
6210	285.1600037
6211	285.230011
6212	285.269989
6213	285.3099976
6214	285.3299866
6215	285.3500061
6216	285.3500061
6217	285.3500061
6218	285.3099976
6219	285.2900085
6220	285.3099976
6221	285.1900024
6222	285.2099915
6223	285.230011
6224	285.1900024
6225	285.2099915
6226	285.1600037
6227	285.1199951
6228	285.1900024
6229	285.1900024
6230	285.0799866
6231	285.1900024
6232	285.1199951
6233	285.1199951
6234	285.1900024
6235	285.1600037
6236	285.1400146
6237	285.25
6238	285.230011
6239	285.3099976
6240	285.3500061
6241	285.3299866
6242	285.3299866
6243	285.3299866
6244	285.3299866
6245	285.3699951
6246	285.480011
6247	285.5
6248	285.6499939
6249	285.6499939
6250	285.8299866
6251	285.9599915
6252	286
6253	286.0799866
6254	286.2099915
6255	286.269989
6256	286.2900085
6257	286.4599915
6258	286.6300049
6259	286.6700134
6260	286.8999939
6261	286.980011
6262	286.9400024
6263	287.0499878
6264	287.2399902
6265	287.2099915
6266	287.2799988
6267	287.3200073
6268	287.3800049
6269	287.4200134
6270	287.4400024
6271	287.5100098
6272	287.5299988
6273	287.5299988
6274	287.5299988
6275	287.5299988
6276	287.5299988
6277	287.4899902
6278	287.5299988
6279	287.6300049
6280	287.5700073
6281	287.5700073
6282	287.5700073
6283	287.5499878
6284	287.5299988
6285	287.5899963
6286	287.5899963
6287	287.5499878
6288	287.5499878
6289	287.7200012
6290	287.6700134
6291	287.6499939
6292	287.7600098
6293	287.7399902
6294	287.7999878
6295	287.7200012
6296	287.7600098
6297	287.7200012
6298	287.7600098
6299	287.7399902
6300	287.7799988
6301	287.7399902
6302	287.7399902
6303	287.7000122
6304	287.7000122
6305	287.7600098
6306	287.7799988
6307	287.7999878
6308	287.7799988
6309	287.7799988
6310	287.7799988
6311	287.7600098
6312	287.7799988
6313	287.7799988
6314	287.8399963
6315	287.7999878
6316	287.7999878
6317	287.8399963
6318	287.8399963
6319	287.8200073
6320	287.8200073
6321	287.7799988
6322	287.7799988
6323	287.7999878
6324	287.8800049
6325	287.7799988
6326	287.8399963
6327	287.8200073
6328	287.8999939
6329	287.8800049
6330	287.8599854
6331	287.8999939
6332	287.8399963
6333	287.8599854
6334	287.8399963
6335	287.8599854
6336	287.8599854
6337	287.8999939
6338	287.9299927
6339	287.9299927
6340	287.8999939
6341	287.9500122
6342	287.8399963
6343	287.9299927
6344	287.8999939
6345	287.8800049
6346	287.9299927
6347	287.9500122
6348	287.8599854
6349	287.9299927
6350	287.8800049
6351	287.8599854
6352	287.8599854
6353	287.8599854
6354	287.8800049
6355	287.8399963
6356	287.8599854
6357	287.8399963
6358	287.8599854
6359	287.8599854
6360	287.8399963
6361	287.8800049
6362	287.8999939
6363	287.9700012
6364	287.8999939
6365	287.9500122
6366	287.9700012
6367	287.8200073
6368	287.8399963
6369	287.8399963
6370	287.7999878
6371	287.7999878
6372	287.8399963
6373	287.8599854
6374	287.9299927
6375	287.9899902
6376	288.0100098
6377	287.9299927
6378	287.9500122
6379	287.8800049
6380	287.8999939
6381	287.9899902
6382	287.9299927
6383	287.9899902
6384	287.9899902
6385	287.9899902
6386	287.8999939
6387	287.9299927
6388	287.8800049
6389	287.8999939
6390	287.8599854
6391	287.8599854
6392	287.8999939
6393	287.8800049
6394	287.8399963
6395	287.9500122
6396	287.8200073
6397	287.8800049
6398	287.8800049
6399	287.8599854
6400	287.8200073
6401	287.7999878
6402	287.8399963
6403	287.8599854
6404	287.8200073
6405	287.8800049
6406	287.8999939
6407	287.9299927
6408	287.9700012
6409	287.9299927
6410	287.9500122
6411	288.0100098
6412	287.9899902
6413	287.9500122
6414	287.9500122
6415	287.8999939
6416	287.9700012
6417	287.9899902
6418	287.9899902
6419	287.9500122
6420	287.9500122
6421	287.7399902
6422	287.6499939
6423	287.6499939
6424	287.3999939
6425	287.3599854
6426	287.3399963
6427	287.2799988
6428	287.2099915
6429	287.2399902
6430	287.2399902
6431	287.0899963
6432	287.1700134
6433	287.1700134
6434	287.1499939
6435	287.0700073
6436	287.0299988
6437	286.980011
6438	286.6900024
6439	286.480011
6440	285.980011
6441	285.3699951
6442	285.019989
6443	284.8099976
6444	284.5799866
6445	283.8299866
6446	283.5799866
6447	283.1799927
6448	282.7999878
6449	282.6600037
6450	282.4500122
6451	282.3399963
6452	282.1099854
6453	282.0499878
6454	282.0499878
6455	282.0499878
6456	282.0499878
6457	282.0499878
6458	282.1099854
6459	282.1700134
6460	282.2200012
6461	282.2399902
6462	282.2399902
6463	282.3399963
6464	282.3399963
6465	282.4700012
6466	282.5299988
6467	282.6799927
6468	282.7999878
6469	282.7999878
6470	282.9700012
6471	283.0700073
6472	283.1400146
6473	283.3500061
6474	283.4899902
6475	283.4899902
6476	283.5799866
6477	283.8699951
6478	283.9899902
6479	284.2000122
6480	284.269989
6481	284.2900085
6482	284.3500061
6483	284.4299927
6484	284.3500061
6485	284.3699951
6486	284.4500122
6487	284.5599976
6488	284.6000061
6489	284.6400146
6490	284.6400146
6491	284.7000122
6492	284.769989
6493	284.8299866
6494	284.8299866
6495	284.8500061
6496	284.8900146
6497	284.9299927
6498	285
6499	285.019989
6500	285.019989
6501	285.019989
6502	285.019989
6503	285.0599976
6504	285.0400085
6505	285
6506	285.0400085
6507	284.980011
6508	285.019989
6509	285.0799866
6510	285.0599976
6511	285.0799866
6512	285.1199951
6513	285.1900024
6514	285.1400146
6515	285.1600037
6516	285.269989
6517	285.269989
6518	285.2099915
6519	285.25
6520	285.3099976
6521	285.3500061
6522	285.3099976
6523	285.3900146
6524	285.4400024
6525	285.4400024
6526	285.4400024
6527	285.4200134
6528	285.4400024
6529	285.4599915
6530	285.5
6531	285.3900146
6532	285.5
6533	285.5
6534	285.480011
6535	285.5
6536	285.480011
6537	285.4200134
6538	285.4400024
6539	285.3900146
6540	285.3900146
6541	285.4400024
6542	285.3900146
6543	285.4400024
6544	285.4200134
6545	285.480011
6546	285.4599915
6547	285.4599915
6548	285.480011
6549	285.4400024
6550	285.5
6551	285.519989
6552	285.5599976
6553	285.5
6554	285.5
6555	285.480011
6556	285.5400085
6557	285.5599976
6558	285.4599915
6559	285.5
6560	285.6199951
6561	285.6499939
6562	285.6700134
6563	285.6499939
6564	285.5799866
6565	285.5799866
6566	285.5599976
6567	285.6700134
6568	285.6499939
6569	285.6900024
6570	285.730011
6571	285.75
6572	285.75
6573	285.75
6574	285.7099915
6575	285.6499939
6576	285.5799866
6577	285.6000061
6578	285.6199951
6579	285.7099915
6580	285.6700134
6581	285.6499939
6582	285.6900024
6583	285.6499939
6584	285.7099915
6585	285.6900024
6586	285.7099915
6587	285.6700134
6588	285.7099915
6589	285.7099915
6590	285.7900085
6591	285.8500061
6592	285.8099976
6593	285.7900085
6594	285.75
6595	285.730011
6596	285.6499939
6597	285.6499939
6598	285.6499939
6599	285.75
6600	285.730011
6601	285.769989
6602	285.8099976
6603	285.769989
6604	285.769989
6605	285.6900024
6606	285.0599976
6607	284.5599976
6608	283.8099976
6609	282.9700012
6610	282.0499878
6611	282.0499878
6612	280.6700134
6613	279.8299866
6614	279.4299927
6615	278.6000061
6616	278.2799988
6617	278.4500122
6618	278.6799927
6619	280.1199951
6620	280.25
6621	280.2099915
6622	279.7900085
6623	279.6400146
6624	279.2000122
6625	279.1400146
6626	280.3999939
6627	281
6628	282.2000122
6629	283.2000122
6630	283.4700012
6631	283.4700012
6632	283.2799988
6633	282.8200073
6634	282.1700134
6635	281.9400024
6636	281.9400024
6637	281.730011
6638	281.4599915
6639	281.2999878
6640	281.8800049
6641	282.7999878
6642	283.7200012
6643	283.7200012
6644	284.7900085
6645	285.269989
6646	285.3900146
6647	285.6900024
6648	285.769989
6649	285.730011
6650	285.730011
6651	285.4200134
6652	285.0799866
6653	284.9299927