1	352.9999852
2	352.9999852
3	352.9999852
4	352.699995
5	352.8999984
6	352.8999984
7	352.8000116
8	352.9999852
9	352.9999852
10	352.8999984
11	352.8000116
12	352.8000116
13	351.7999947
14	338.6000097
15	337.0000124
16	334.5000148
17	333.0999911
18	332.3999941
19	333.4000111
20	334.3000114
21	334.6000016
22	335.0999951
23	335.7000053
24	335.9000087
25	336.4000022
26	336.6000056
27	336.6000056
28	337.0000124
29	336.8999958
30	337.500006
31	337.3999894
32	337.3999894
33	337.5999928
34	337.7000093
35	337.7999961
36	337.7000093
37	337.5999928
38	337.9000127
39	340.9000039
40	340.4999971
41	340.0999904
42	339.899987
43	340.0000036
44	339.899987
45	339.8000002
46	339.7000134
47	339.5999968
48	339.50001
49	339.7000134
50	339.899987
51	339.899987
52	340.0999904
53	339.7000134
54	339.7000134
55	339.8000002
56	339.899987
57	340.0000036
58	339.8000002
59	339.899987
60	339.7000134
61	339.8000002
62	339.7000134
63	339.8000002
64	339.5999968
65	339.7000134
66	339.7000134
67	339.8000002
68	339.8000002
69	339.8000002
70	339.5999968
71	339.8000002
72	339.5999968
73	339.8000002
74	339.8000002
75	339.50001
76	339.5999968
77	339.3000066
78	339.3000066
79	339.3999934
80	339.3999934
81	339.3000066
82	339.3000066
83	339.3999934
84	339.5999968
85	339.5999968
86	339.5999968
87	339.50001
88	339.3999934
89	339.50001
90	339.5999968
91	339.8000002
92	339.50001
93	339.50001
94	339.8000002
95	339.5999968
96	339.5999968
97	339.7000134
98	339.7000134
99	339.899987
100	339.8000002
101	339.50001
102	339.50001
103	339.50001
104	339.3999934
105	339.3000066
106	339.1000032
107	339.19999
108	339.8000002
109	339.899987
110	340.200007
111	340.4999971
112	340.9000039
113	340.9999907
114	341.3999975
115	341.6000009
116	341.8000042
117	342.0000076
118	342.0999944
119	342.2999978
120	342.599988
121	342.7000046
122	342.7000046
123	342.9999948
124	342.900008
125	343.1999981
126	343.6000049
127	343.6999917
128	343.8000083
129	343.8999951
130	344.3999887
131	344.599992
132	344.7000086
133	344.5000052
134	345.0999856
135	345.299989
136	345.299989
137	344.9999988
138	344.7000086
139	344.5000052
140	344.3999887
141	343.8999951
142	343.8000083
143	343.6999917
144	343.6000049
145	343.4999883
146	343.6999917
147	344.0000117
148	344.3000019
149	344.1999853
150	344.0999985
151	344.3000019
152	344.1999853
153	344.0999985
154	344.3000019
155	344.3999887
156	344.3999887
157	344.3000019
158	344.0999985
159	344.3000019
160	344.3999887
161	344.3000019
162	344.0000117
163	343.8999951
164	343.8999951
165	344.0999985
166	343.8999951
167	343.6999917
168	344.0000117
169	344.3999887
170	344.3999887
171	344.3999887
172	344.3000019
173	344.7000086
174	344.900012
175	344.7000086
176	344.9999988
177	344.9999988
178	345.0999856
179	344.9999988
180	344.7999954
181	344.7000086
182	344.7000086
183	344.3999887
184	344.3999887
185	344.3000019
186	344.1999853
187	343.8999951
188	344.0999985
189	344.0000117
190	343.6999917
191	343.6000049
192	343.6999917
193	343.6000049
194	343.6000049
195	343.4000015
196	343.4000015
197	343.8999951
198	343.8999951
199	343.8000083
200	343.8000083
201	344.3000019
202	344.0000117
203	344.0000117
204	344.0000117
205	344.0000117
206	344.0000117
207	343.8000083
208	343.8999951
209	344.0000117
210	343.8999951
211	343.8000083
212	343.8000083
213	344.0000117
214	344.1999853
215	344.0000117
216	343.6999917
217	343.4000015
218	343.4000015
219	343.4000015
220	343.4999883
221	343.6999917
222	344.0000117
223	344.1999853
224	344.0000117
225	343.8999951
226	344.0000117
227	344.1999853
228	344.0000117
229	344.0999985
230	344.1999853
231	344.0999985
232	344.1999853
233	344.1999853
234	344.0999985
235	344.0999985
236	343.8999951
237	343.8000083
238	343.8000083
239	343.4000015
240	343.1999981
241	343.4000015
242	343.6999917
243	343.8000083
244	343.8000083
245	344.0999985
246	343.8000083
247	344.1999853
248	344.1999853
249	344.1999853
250	344.0999985
251	344.3999887
252	344.5000052
253	344.7000086
254	344.599992
255	344.7000086
256	344.599992
257	344.3999887
258	344.1999853
259	344.5000052
260	344.3999887
261	344.3999887
262	344.0999985
263	344.0000117
264	344.0999985
265	344.0000117
266	344.0999985
267	344.3000019
268	344.599992
269	344.3999887
270	344.3999887
271	344.3000019
272	344.7000086
273	344.3999887
274	344.0000117
275	343.8000083
276	343.8999951
277	344.0000117
278	344.3999887
279	344.3000019
280	344.3000019
281	344.599992
282	344.7999954
283	345.0999856
284	344.9999988
285	345.2000022
286	345.299989
287	345.299989
288	344.9999988
289	344.1999853
290	342.7000046
291	340.7999873
292	339.3999934
293	336.800009
294	333.9000046
295	331.4999938
296	330.0999999
297	327.8000057
298	325.8000016
299	324.9999881
300	324.6999979
301	324.0999877
302	324.2999911
303	324.4000077
304	324.6999979
305	325.3000081
306	325.8999884
307	326.2999952
308	327.1000087
309	327.8999925
310	328.7999928
311	328.9999962
312	329.8999965
313	330.5999935
314	331.0000002
315	331.400007
316	332.100004
317	332.8000009
318	333.0999911
319	333.4000111
320	333.7000012
321	334.100008
322	334.3000114
323	334.3000114
324	334.5000148
325	334.800005
326	334.8999918
327	335.2999985
328	335.0999951
329	335.0999951
330	335.2999985
331	335.3999853
332	335.7000053
333	336.1000121
334	335.9999955
335	335.9999955
336	336.2999856
337	336.2999856
338	336.4000022
339	336.6000056
340	336.6999924
341	337.0000124
342	337.0000124
343	336.8999958
344	337.3000026
345	337.0000124
346	337.0000124
347	337.0000124
348	337.3000026
349	337.0999992
350	337.3999894
351	337.3000026
352	337.3999894
353	337.3000026
354	337.3999894
355	337.3000026
356	337.500006
357	337.3000026
358	337.500006
359	337.7999961
360	337.5999928
361	337.3000026
362	337.3000026
363	337.5999928
364	337.7000093
365	337.5999928
366	337.5999928
367	337.7999961
368	337.5999928
369	337.7000093
370	337.7999961
371	337.7000093
372	337.5999928
373	337.7999961
374	337.7999961
375	337.5999928
376	337.500006
377	337.3999894
378	337.7999961
379	337.9000127
380	337.7999961
381	337.5999928
382	337.5999928
383	337.7000093
384	337.7000093
385	337.7000093
386	337.7000093
387	337.5999928
388	337.5999928
389	337.7000093
390	337.5999928
391	337.5999928
392	337.5999928
393	337.9000127
394	337.9000127
395	337.9000127
396	337.9000127
397	337.9000127
398	337.9000127
399	337.7999961
400	337.9999995
401	337.5999928
402	337.7000093
403	337.9000127
404	337.9000127
405	337.7999961
406	337.9000127
407	337.9000127
408	337.9999995
409	338.2999897
410	338.2000029
411	338.2000029
412	337.9999995
413	337.9999995
414	338.2000029
415	337.7999961
416	338.0999863
417	337.9999995
418	337.9999995
419	338.2000029
420	338.2000029
421	337.9000127
422	337.9000127
423	337.9999995
424	338.2000029
425	338.2000029
426	337.9999995
427	338.0999863
428	338.0999863
429	338.2999897
430	338.0999863
431	338.2000029
432	338.2999897
433	338.2999897
434	338.2000029
435	338.0999863
436	338.2000029
437	338.2000029
438	338.4999931
439	338.2999897
440	338.2000029
441	337.9999995
442	338.2000029
443	338.2000029
444	338.0999863
445	338.2000029
446	338.2000029
447	338.2000029
448	338.2999897
449	338.4000063
450	338.2000029
451	338.2999897
452	338.6000097
453	338.6000097
454	338.4999931
455	338.4999931
456	338.2999897
457	338.6000097
458	338.4000063
459	338.4999931
460	338.4999931
461	338.4999931
462	338.2000029
463	338.0999863
464	338.4999931
465	338.2999897
466	338.2999897
467	338.2999897
468	338.2999897
469	338.6000097
470	338.4999931
471	338.4000063
472	338.2000029
473	338.6000097
474	338.4000063
475	338.6000097
476	338.4999931
477	338.6000097
478	338.8000131
479	338.6999965
480	339.19999
481	339.1000032
482	339.19999
483	339.19999
484	339.19999
485	339.19999
486	339.1000032
487	339.19999
488	338.8999999
489	338.6999965
490	338.8000131
491	338.6000097
492	338.9999866
493	338.8999999
494	338.6999965
495	338.8999999
496	338.8999999
497	338.8000131
498	338.6999965
499	338.6999965
500	338.8000131
501	338.9999866
502	338.8000131
503	338.8999999
504	338.8000131
505	338.8000131
506	338.8999999
507	338.8999999
508	338.8000131
509	338.8999999
510	338.8999999
511	338.8999999
512	338.6999965
513	338.8999999
514	339.1000032
515	338.8000131
516	338.8999999
517	338.8999999
518	338.8000131
519	338.6000097
520	338.6000097
521	338.6000097
522	338.4999931
523	338.2999897
524	338.2000029
525	338.2999897
526	338.2999897
527	338.2000029
528	338.2999897
529	338.6000097
530	338.6000097
531	338.4000063
532	338.4000063
533	338.4000063
534	338.2000029
535	338.2000029
536	338.2000029
537	338.2000029
538	338.4999931
539	338.4000063
540	338.2000029
541	338.2000029
542	338.4000063
543	338.2999897
544	338.2000029
545	338.4000063
546	338.4999931
547	338.4000063
548	338.4000063
549	338.2999897
550	338.6000097
551	338.8000131
552	338.6000097
553	338.6999965
554	338.8000131
555	338.8000131
556	338.8999999
557	338.6000097
558	338.6999965
559	338.8999999
560	338.9999866
561	338.6000097
562	338.6999965
563	338.8000131
564	338.9999866
565	338.6999965
566	338.6999965
567	338.8999999
568	338.8000131
569	338.8999999
570	338.8999999
571	338.8999999
572	339.3000066
573	339.50001
574	339.50001
575	339.3999934
576	338.9999866
577	338.6000097
578	337.9999995
579	337.5999928
580	337.0999992
581	337.0000124
582	337.0999992
583	337.0000124
584	337.3999894
585	337.9000127
586	338.4999931
587	338.4999931
588	339.1000032
589	339.19999
590	339.3000066
591	339.19999
592	339.50001
593	340.0999904
594	340.0000036
595	340.200007
596	340.4999971
597	340.7000005
598	340.7999873
599	340.7999873
600	340.9999907
601	341.1999941
602	341.1000073
603	341.1999941
604	341.3999975
605	341.3999975
606	341.3999975
607	340.9999907
608	340.9000039
609	340.6000137
610	340.7000005
611	340.2999938
612	340.7000005
613	340.7000005
614	341.1000073
615	340.9999907
616	340.9000039
617	340.9999907
618	341.1000073
619	341.1000073
620	340.9999907
621	341.1000073
622	341.3000107
623	341.5000141
624	341.3000107
625	341.3000107
626	341.5000141
627	341.6999876
628	341.8000042
629	341.6999876
630	341.8000042
631	342.0999944
632	342.200011
633	342.4000144
634	342.5000012
635	342.7000046
636	343.1999981
637	342.9999948
638	343.3000147
639	343.6000049
640	343.6000049
641	343.1999981
642	343.3000147
643	343.4000015
644	343.1000113
645	342.9999948
646	342.900008
647	342.9999948
648	342.7999914
649	342.7999914
650	343.1000113
651	343.1999981
652	343.1000113
653	342.9999948
654	343.4000015
655	343.4000015
656	343.4000015
657	343.3000147
658	343.4000015
659	343.3000147
660	343.3000147
661	343.1999981
662	343.6000049
663	343.4999883
664	343.4000015
665	343.1000113
666	343.1000113
667	343.1999981
668	343.3000147
669	343.4000015
670	343.4000015
671	343.8000083
672	343.4999883
673	343.3000147
674	343.1999981
675	343.1000113
676	342.9999948
677	342.900008
678	342.9999948
679	343.1000113
680	343.1000113
681	343.1000113
682	343.1000113
683	343.1000113
684	343.4999883
685	343.4000015
686	343.3000147
687	343.4000015
688	343.3000147
689	343.1000113
690	343.1000113
691	342.9999948
692	343.3000147
693	343.3000147
694	343.1999981
695	343.3000147
696	343.4000015
697	343.1000113
698	343.1999981
699	343.4000015
700	343.4000015
701	343.3000147
702	342.9999948
703	343.1999981
704	343.4000015
705	343.3000147
706	343.4999883
707	343.4999883
708	343.6999917
709	343.6999917
710	343.6999917
711	343.4999883
712	343.4999883
713	343.6999917
714	343.6999917
715	343.4999883
716	343.6999917
717	343.6999917
718	343.8000083
719	343.6999917
720	343.6999917
721	343.4999883
722	343.4000015
723	343.4999883
724	343.4000015
725	343.4000015
726	343.1000113
727	343.1000113
728	342.7000046
729	342.4000144
730	342.200011
731	342.200011
732	342.4000144
733	342.599988
734	342.7000046
735	342.599988
736	342.4000144
737	342.5000012
738	342.2999978
739	342.0999944
740	342.4000144
741	342.7000046
742	342.7999914
743	342.9999948
744	343.3000147
745	343.6999917
746	343.6999917
747	343.6000049
748	343.6999917
749	343.6000049
750	343.6999917
751	346.7000127
752	344.7000086
753	344.3999887
754	344.3000019
755	344.1999853
756	343.8000083
757	343.8000083
758	343.8999951
759	344.3999887
760	344.1999853
761	343.8000083
762	343.6000049
763	343.4000015
764	342.4000144
765	340.6000137
766	339.5999968
767	337.0999992
768	334.5000148
769	332.100004
770	330.7999969
771	328.2000124
772	326.2999952
773	324.9000013
774	324.4000077
775	323.5000074
776	323.300004
777	323.300004
778	323.3999908
779	324.0999877
780	324.4000077
781	324.6999979
782	325.3000081
783	326.0999918
784	326.700002
785	327.3999989
786	327.6999891
787	328.700006
788	329.2999864
789	329.1999996
790	329.8999965
791	330.5000067
792	330.7999969
793	331.0000002
794	331.400007
795	331.9000006
796	332.3000073
797	332.3000073
798	332.5000107
799	332.5000107
800	333.2000077
801	333.2999945
802	333.4000111
803	333.7000012
804	333.7000012
805	333.9999914
806	333.9000046
807	334.100008
808	334.6000016
809	334.800005
810	334.6999884
811	335.0000083
812	335.0000083
813	335.2000117
814	335.0999951
815	335.2000117
816	335.2999985
817	335.2999985
818	335.5000019
819	335.5000019
820	335.3999853
821	335.7000053
822	335.7000053
823	335.9999955
824	335.9999955
825	336.1999989
826	336.1999989
827	336.2999856
828	335.9999955
829	336.1999989
830	336.1999989
831	336.2999856
832	336.1999989
833	335.9999955
834	336.1999989
835	336.2999856
836	336.2999856
837	336.2999856
838	336.1999989
839	336.1999989
840	335.9999955
841	336.1000121
842	336.1999989
843	336.1000121
844	336.2999856
845	336.2999856
846	335.9999955
847	336.2999856
848	336.2999856
849	336.4000022
850	336.2999856
851	336.1999989
852	336.6000056
853	336.6999924
854	336.6999924
855	336.499989
856	336.6000056
857	336.6000056
858	336.499989
859	336.6000056
860	336.6000056
861	336.2999856
862	336.6000056
863	336.6000056
864	336.6999924
865	336.6000056
866	336.800009
867	336.800009
868	336.6999924
869	336.800009
870	336.6999924
871	336.6999924
872	336.8999958
873	336.6999924
874	336.800009
875	336.2999856
876	336.800009
877	336.800009
878	336.6000056
879	336.6999924
880	336.800009
881	336.8999958
882	337.0000124
883	336.6999924
884	336.8999958
885	336.8999958
886	336.800009
887	337.0000124
888	337.0000124
889	337.0000124
890	337.0000124
891	337.0000124
892	336.800009
893	337.0999992
894	337.0999992
895	337.0999992
896	337.199986
897	337.0000124
898	336.800009
899	336.6000056
900	336.6000056
901	336.8999958
902	336.6999924
903	336.8999958
904	336.6999924
905	336.6999924
906	336.800009
907	336.8999958
908	337.0000124
909	336.8999958
910	337.0999992
911	337.199986
912	337.0000124
913	337.0000124
914	336.800009
915	337.0999992
916	337.0999992
917	337.0000124
918	337.0000124
919	337.3000026
920	337.3999894
921	337.3000026
922	337.0999992
923	337.0999992
924	337.0999992
925	337.3999894
926	337.0999992
927	337.0000124
928	337.0000124
929	337.0000124
930	337.0999992
931	337.0000124
932	337.0999992
933	337.3000026
934	337.500006
935	337.3000026
936	337.199986
937	337.0999992
938	337.3000026
939	337.500006
940	337.199986
941	337.3000026
942	337.500006
943	337.3000026
944	337.3000026
945	337.0999992
946	337.3999894
947	337.500006
948	337.5999928
949	337.7999961
950	337.9000127
951	337.9000127
952	337.9000127
953	337.7000093
954	337.7000093
955	337.7999961
956	337.7000093
957	337.500006
958	337.3999894
959	337.3000026
960	337.7000093
961	337.5999928
962	337.3999894
963	337.3000026
964	337.3000026
965	337.199986
966	337.5999928
967	337.3999894
968	337.3000026
969	337.500006
970	337.500006
971	337.7999961
972	337.7000093
973	337.3999894
974	337.500006
975	337.7000093
976	337.7000093
977	337.5999928
978	337.5999928
979	337.5999928
980	337.500006
981	338.2000029
982	337.5999928
983	337.9999995
984	337.5999928
985	337.5999928
986	337.5999928
987	337.5999928
988	337.9000127
989	337.7999961
990	337.7000093
991	337.7999961
992	337.7999961
993	337.7999961
994	337.7000093
995	337.5999928
996	337.7000093
997	337.7999961
998	337.7999961
999	337.7999961
1000	337.7000093
1001	337.7000093
1002	337.9000127
1003	338.2000029
1004	337.9000127
1005	337.9999995
1006	338.0999863
1007	338.2000029
1008	337.9000127
1009	337.7999961
1010	337.9000127
1011	338.0999863
1012	338.4000063
1013	338.2000029
1014	338.0999863
1015	337.9999995
1016	338.2000029
1017	337.9000127
1018	337.9999995
1019	337.7999961
1020	337.9000127
1021	337.9999995
1022	338.2000029
1023	338.0999863
1024	338.0999863
1025	337.9000127
1026	337.9999995
1027	337.9000127
1028	337.9000127
1029	337.5999928
1030	337.9000127
1031	337.5999928
1032	337.5999928
1033	337.7000093
1034	337.7000093
1035	337.5999928
1036	337.5999928
1037	337.500006
1038	337.5999928
1039	337.5999928
1040	337.5999928
1041	337.5999928
1042	337.7999961
1043	337.5999928
1044	337.9000127
1045	337.7999961
1046	337.5999928
1047	337.7999961
1048	337.9999995
1049	337.7000093
1050	337.9999995
1051	338.2000029
1052	338.6000097
1053	338.4999931
1054	338.6999965
1055	338.8999999
1056	339.19999
1057	339.19999
1058	339.5999968
1059	339.8000002
1060	340.4999971
1061	340.6000137
1062	341.1999941
1063	341.5000141
1064	341.5000141
1065	341.5000141
1066	341.8000042
1067	342.200011
1068	342.2999978
1069	342.599988
1070	342.7000046
1071	343.1000113
1072	342.9999948
1073	342.9999948
1074	342.900008
1075	342.7000046
1076	342.7000046
1077	342.900008
1078	343.1000113
1079	342.9999948
1080	342.7000046
1081	342.7000046
1082	342.4000144
1083	342.2999978
1084	342.4000144
1085	342.7000046
1086	342.7999914
1087	342.7999914
1088	342.7000046
1089	342.7000046
1090	342.7000046
1091	342.7000046
1092	342.7000046
1093	342.900008
1094	342.7000046
1095	342.900008
1096	342.900008
1097	342.9999948
1098	343.1000113
1099	342.9999948
1100	343.1999981
1101	343.3000147
1102	343.4000015
1103	343.3000147
1104	342.9999948
1105	343.1000113
1106	343.1000113
1107	343.4000015
1108	343.1999981
1109	343.1999981
1110	343.1999981
1111	343.1000113
1112	342.900008
1113	342.9999948
1114	343.1000113
1115	343.1000113
1116	342.900008
1117	342.9999948
1118	342.900008
1119	342.599988
1120	342.4000144
1121	342.599988
1122	342.7000046
1123	342.7000046
1124	342.7000046
1125	342.7999914
1126	342.900008
1127	343.1999981
1128	343.4000015
1129	343.4000015
1130	343.4000015
1131	343.4000015
1132	343.3000147
1133	343.4000015
1134	343.4999883
1135	343.1999981
1136	343.4999883
1137	343.4999883
1138	343.6999917
1139	343.6999917
1140	343.4999883
1141	343.6999917
1142	343.6999917
1143	344.0000117
1144	343.8999951
1145	343.6999917
1146	343.6000049
1147	343.3000147
1148	343.1999981
1149	343.3000147
1150	343.1000113
1151	343.4000015
1152	343.4000015
1153	343.4000015
1154	343.3000147
1155	343.3000147
1156	343.1999981
1157	343.1000113
1158	343.1999981
1159	343.1000113
1160	343.1000113
1161	343.4000015
1162	343.4999883
1163	343.4999883
1164	343.6999917
1165	343.4000015
1166	343.8000083
1167	343.8000083
1168	343.8999951
1169	343.8000083
1170	343.6999917
1171	343.4999883
1172	343.4999883
1173	343.8000083
1174	343.4999883
1175	343.4000015
1176	343.6999917
1177	343.4999883
1178	343.4999883
1179	343.4000015
1180	343.4000015
1181	343.1000113
1182	343.4999883
1183	343.4999883
1184	343.6000049
1185	343.4000015
1186	343.4000015
1187	343.3000147
1188	343.4000015
1189	343.4999883
1190	343.6000049
1191	343.6000049
1192	343.4999883
1193	343.6999917
1194	343.6999917
1195	343.6999917
1196	343.6000049
1197	343.6000049
1198	343.1999981
1199	343.1999981
1200	343.3000147
1201	342.7999914
1202	342.7000046
1203	342.900008
1204	342.7999914
1205	343.1999981
1206	343.1000113
1207	343.4000015
1208	343.4999883
1209	343.4000015
1210	343.4000015
1211	343.6000049
1212	343.4000015
1213	343.1999981
1214	343.1000113
1215	343.1000113
1216	343.4000015
1217	343.1000113
1218	343.1000113
1219	343.4000015
1220	343.1000113
1221	343.1000113
1222	343.1000113
1223	343.1999981
1224	342.900008
1225	343.1000113
1226	342.7000046
1227	343.1000113
1228	342.7999914
1229	342.7000046
1230	342.7999914
1231	342.900008
1232	343.1000113
1233	343.1000113
1234	343.1000113
1235	342.900008
1236	342.5000012
1237	342.0999944
1238	339.7000134
1239	337.5999928
1240	335.0999951
1241	333.9000046
1242	330.9000134
1243	328.0999959
1244	326.9999921
1245	324.9999881
1246	323.300004
1247	322.2999871
1248	321.9999969
1249	321.3999867
1250	321.2000132
1251	321.5000033
1252	321.7999935
1253	322.2000003
1254	322.8000104
1255	323.3999908
1256	323.7999976
1257	324.4999945
1258	325.3000081
1259	326.000005
1260	326.4999986
1261	326.700002
1262	327.4999857
1263	328.0999959
1264	328.0999959
1265	328.9000094
1266	329.1999996
1267	329.4999897
1268	329.8000097
1269	330.1999867
1270	331.0000002
1271	331.099987
1272	331.2999904
1273	331.4999938
1274	331.8000138
1275	331.8000138
1276	332.5000107
1277	332.3000073
1278	332.8000009
1279	332.8999877
1280	333.2000077
1281	333.2999945
1282	333.4999979
1283	333.2000077
1284	333.4999979
1285	333.7000012
1286	333.799988
1287	334.100008
1288	334.100008
1289	334.3000114
1290	334.3000114
1291	334.3999982
1292	334.5000148
1293	334.3000114
1294	334.3000114
1295	334.3000114
1296	334.3999982
1297	334.6999884
1298	334.6000016
1299	334.6000016
1300	334.800005
1301	334.8999918
1302	335.0000083
1303	334.800005
1304	335.0000083
1305	335.2000117
1306	335.2999985
1307	335.0999951
1308	335.3999853
1309	335.2999985
1310	335.7000053
1311	335.7000053
1312	335.5999887
1313	335.5999887
1314	335.7000053
1315	335.2999985
1316	335.9000087
1317	335.7000053
1318	335.5000019
1319	335.7000053
1320	335.9999955
1321	335.7999921
1322	335.7999921
1323	335.7000053
1324	335.9999955
1325	335.7000053
1326	335.7999921
1327	335.9000087
1328	335.5999887
1329	335.7999921
1330	335.7999921
1331	335.7000053
1332	335.7000053
1333	335.7000053
1334	335.9000087
1335	335.7000053
1336	335.9000087
1337	336.2999856
1338	336.1999989
1339	336.1000121
1340	335.9999955
1341	335.9999955
1342	336.1999989
1343	336.1999989
1344	336.2999856
1345	336.4000022
1346	336.2999856
1347	336.2999856
1348	336.4000022
1349	335.9999955
1350	336.6000056
1351	336.499989
1352	336.2999856
1353	336.499989
1354	336.1999989
1355	336.2999856
1356	336.2999856
1357	336.2999856
1358	336.1000121
1359	336.499989
1360	336.2999856
1361	336.1999989
1362	336.1999989
1363	336.2999856
1364	336.2999856
1365	336.499989
1366	336.2999856
1367	336.1000121
1368	336.2999856
1369	336.1999989
1370	336.1000121
1371	336.2999856
1372	336.1000121
1373	336.499989
1374	336.1999989
1375	335.9999955
1376	336.6000056
1377	336.4000022
1378	336.1999989
1379	336.1000121
1380	336.1000121
1381	336.4000022
1382	336.2999856
1383	336.6000056
1384	336.6000056
1385	336.499989
1386	336.4000022
1387	336.6000056
1388	336.800009
1389	336.6000056
1390	336.499989
1391	336.6999924
1392	336.6000056
1393	336.499989
1394	336.6999924
1395	336.499989
1396	336.6999924
1397	336.6000056
1398	336.6000056
1399	336.6000056
1400	336.6000056
1401	336.6000056
1402	336.800009
1403	336.6000056
1404	336.6000056
1405	336.6000056
1406	336.6000056
1407	336.499989
1408	336.2999856
1409	336.2999856
1410	336.4000022
1411	336.499989
1412	336.1000121
1413	336.2999856
1414	336.499989
1415	336.6000056
1416	336.499989
1417	336.2999856
1418	336.6000056
1419	336.6000056
1420	336.6999924
1421	336.499989
1422	336.6999924
1423	336.6000056
1424	336.800009
1425	337.0000124
1426	337.0000124
1427	337.0000124
1428	336.8999958
1429	337.0000124
1430	337.0999992
1431	337.0000124
1432	336.6999924
1433	336.6999924
1434	336.4000022
1435	336.499989
1436	336.6000056
1437	336.6999924
1438	336.6999924
1439	336.6000056
1440	336.6000056
1441	336.6000056
1442	336.6999924
1443	336.4000022
1444	336.6999924
1445	336.800009
1446	336.8999958
1447	336.8999958
1448	336.6000056
1449	336.499989
1450	336.6000056
1451	336.6000056
1452	336.6000056
1453	336.6999924
1454	336.6999924
1455	336.499989
1456	336.2999856
1457	336.2999856
1458	336.499989
1459	336.6000056
1460	336.499989
1461	336.6000056
1462	336.4000022
1463	336.6000056
1464	336.6000056
1465	336.499989
1466	336.4000022
1467	336.4000022
1468	336.499989
1469	336.4000022
1470	336.6000056
1471	336.499989
1472	336.2999856
1473	336.499989
1474	336.499989
1475	336.499989
1476	336.6999924
1477	336.499989
1478	336.800009
1479	336.6000056
1480	336.2999856
1481	336.6000056
1482	336.499989
1483	336.499989
1484	336.2999856
1485	336.4000022
1486	336.2999856
1487	336.2999856
1488	336.6000056
1489	336.2999856
1490	336.4000022
1491	336.2999856
1492	336.499989
1493	336.4000022
1494	336.4000022
1495	336.6999924
1496	336.8999958
1497	336.8999958
1498	337.5999928
1499	337.3000026
1500	337.3000026
1501	337.199986
1502	337.3000026
1503	337.3000026
1504	337.0999992
1505	337.199986
1506	337.0999992
1507	337.199986
1508	337.3999894
1509	337.199986
1510	337.199986
1511	337.0999992
1512	337.0000124
1513	337.199986
1514	337.199986
1515	337.3000026
1516	337.199986
1517	337.199986
1518	337.3999894
1519	337.3000026
1520	337.199986
1521	336.8999958
1522	336.8999958
1523	337.0000124
1524	337.3000026
1525	337.3999894
1526	337.9000127
1527	337.7999961
1528	337.9000127
1529	338.6000097
1530	339.3999934
1531	339.50001
1532	339.8000002
1533	340.2999938
1534	340.6000137
1535	340.7999873
1536	341.1000073
1537	342.0000076
1538	342.0000076
1539	342.0999944
1540	342.2999978
1541	342.7000046
1542	342.7999914
1543	342.5000012
1544	342.4000144
1545	342.599988
1546	342.7000046
1547	342.900008
1548	343.1000113
1549	343.4000015
1550	343.4000015
1551	343.1999981
1552	343.4000015
1553	343.3000147
1554	343.4000015
1555	343.4000015
1556	343.4000015
1557	343.4999883
1558	343.4999883
1559	343.4000015
1560	343.4000015
1561	343.4000015
1562	343.4999883
1563	343.1999981
1564	343.3000147
1565	343.4000015
1566	343.4000015
1567	343.4000015
1568	343.4000015
1569	343.1999981
1570	343.4000015
1571	343.4999883
1572	343.6999917
1573	343.4999883
1574	343.6999917
1575	343.4999883
1576	343.1999981
1577	343.1000113
1578	342.7000046
1579	342.7999914
1580	342.9999948
1581	343.1000113
1582	343.1999981
1583	343.1000113
1584	342.9999948
1585	343.1000113
1586	343.1000113
1587	343.3000147
1588	343.1999981
1589	343.1000113
1590	343.1000113
1591	342.7000046
1592	342.900008
1593	342.7999914
1594	342.9999948
1595	343.1999981
1596	343.4000015
1597	342.9999948
1598	342.7000046
1599	342.4000144
1600	342.200011
1601	342.2999978
1602	342.4000144
1603	342.7000046
1604	342.7999914
1605	342.7000046
1606	342.7999914
1607	342.7000046
1608	342.7000046
1609	342.900008
1610	342.7000046
1611	343.1000113
1612	343.1000113
1613	343.3000147
1614	343.6000049
1615	343.6999917
1616	343.4000015
1617	343.6999917
1618	343.4000015
1619	343.4000015
1620	343.4000015
1621	343.1000113
1622	343.1000113
1623	342.9999948
1624	343.1000113
1625	343.1999981
1626	343.4999883
1627	343.6000049
1628	343.1999981
1629	343.1000113
1630	342.9999948
1631	342.900008
1632	343.3000147
1633	343.1000113
1634	342.900008
1635	342.7999914
1636	342.7000046
1637	343.1000113
1638	343.1000113
1639	343.4000015
1640	343.6999917
1641	343.6000049
1642	343.4999883
1643	343.6999917
1644	343.6999917
1645	343.6999917
1646	343.8000083
1647	343.6999917
1648	343.6999917
1649	343.6999917
1650	343.4999883
1651	343.1999981
1652	343.3000147
1653	343.4999883
1654	343.4000015
1655	343.6999917
1656	343.6999917
1657	343.6000049
1658	343.4000015
1659	343.1000113
1660	342.900008
1661	342.7999914
1662	342.599988
1663	342.7999914
1664	342.7999914
1665	342.900008
1666	342.900008
1667	342.900008
1668	343.1000113
1669	343.1000113
1670	342.9999948
1671	343.1000113
1672	343.1000113
1673	343.4000015
1674	343.3000147
1675	343.1999981
1676	343.1000113
1677	342.900008
1678	343.3000147
1679	343.4000015
1680	343.4000015
1681	343.3000147
1682	343.6000049
1683	343.4999883
1684	343.6999917
1685	343.6999917
1686	343.4999883
1687	343.4000015
1688	343.4000015
1689	343.4000015
1690	343.4999883
1691	343.6999917
1692	343.4000015
1693	343.4000015
1694	342.9999948
1695	343.1000113
1696	342.9999948
1697	342.7999914
1698	342.7000046
1699	342.7999914
1700	342.7000046
1701	342.7000046
1702	342.4000144
1703	342.599988
1704	342.7999914
1705	343.1000113
1706	342.9999948
1707	343.1000113
1708	342.7999914
1709	342.5000012
1710	341.6999876
1711	340.6000137
1712	338.8999999
1713	336.6000056
1714	333.7000012
1715	332.3000073
1716	329.6000063
1717	327.3000121
1718	324.9999881
1719	324.4000077
1720	322.6999938
1721	321.7999935
1722	321.5999901
1723	321.3
1724	321.2000132
1725	321.3999867
1726	321.5000033
1727	322.1000135
1728	322.8000104
1729	323.7999976
1730	324.4000077
1731	325.3000081
1732	326.000005
1733	326.7999887
1734	327.1999955
1735	328.2000124
1736	328.7999928
1737	329.4999897
1738	329.8000097
1739	330.0999999
1740	330.7000101
1741	331.0000002
1742	331.2999904
1743	331.4999938
1744	331.8000138
1745	331.9999874
1746	332.5999975
1747	332.8000009
1748	332.8999877
1749	333.0000043
1750	333.2999945
1751	333.6000144
1752	333.7000012
1753	333.7000012
1754	333.7000012
1755	333.7000012
1756	333.9000046
1757	334.3000114
1758	334.1999948
1759	334.3999982
1760	334.3999982
1761	334.3999982
1762	334.6999884
1763	334.6000016
1764	334.6000016
1765	334.800005
1766	334.6999884
1767	335.0000083
1768	335.0000083
1769	335.3999853
1770	335.2000117
1771	335.2999985
1772	335.2999985
1773	335.5000019
1774	335.5000019
1775	335.7000053
1776	335.5000019
1777	335.9000087
1778	335.9999955
1779	335.9999955
1780	335.7999921
1781	335.9999955
1782	335.9999955
1783	336.1000121
1784	335.9999955
1785	336.1999989
1786	336.2999856
1787	336.499989
1788	336.4000022
1789	336.1999989
1790	336.2999856
1791	336.499989
1792	336.6000056
1793	336.2999856
1794	336.499989
1795	336.2999856
1796	336.499989
1797	336.499989
1798	336.4000022
1799	336.2999856
1800	336.4000022
1801	336.6999924
1802	336.6999924
1803	336.6999924
1804	336.8999958
1805	336.8999958
1806	336.8999958
1807	336.6999924
1808	336.800009
1809	336.800009
1810	336.800009
1811	337.0000124
1812	336.800009
1813	336.800009
1814	336.8999958
1815	337.0000124
1816	337.0000124
1817	336.8999958
1818	336.800009
1819	337.0999992
1820	337.0000124
1821	336.800009
1822	336.800009
1823	336.8999958
1824	337.0999992
1825	337.0000124
1826	337.0000124
1827	337.0000124
1828	337.3000026
1829	337.0000124
1830	337.0000124
1831	336.6999924
1832	336.6999924
1833	337.0000124
1834	336.8999958
1835	337.3000026
1836	337.0000124
1837	337.0999992
1838	337.0999992
1839	337.0999992
1840	336.8999958
1841	337.0000124
1842	337.0000124
1843	337.0999992
1844	337.199986
1845	337.3000026
1846	337.0000124
1847	336.800009
1848	337.0999992
1849	337.199986
1850	337.0000124
1851	337.0000124
1852	337.0000124
1853	337.0999992
1854	337.199986
1855	336.800009
1856	336.6999924
1857	337.0000124
1858	337.0999992
1859	337.0000124
1860	337.199986
1861	337.3000026
1862	337.199986
1863	337.0999992
1864	337.199986
1865	336.8999958
1866	336.6999924
1867	337.0000124
1868	337.0999992
1869	337.0000124
1870	337.0000124
1871	336.8999958
1872	337.0000124
1873	337.0999992
1874	337.0000124
1875	337.0999992
1876	337.0000124
1877	337.3000026
1878	337.0999992
1879	337.0000124
1880	336.8999958
1881	336.6999924
1882	336.6999924
1883	336.6000056
1884	336.6999924
1885	336.6000056
1886	336.6999924
1887	336.6000056
1888	336.6000056
1889	336.6999924
1890	336.6000056
1891	336.6000056
1892	336.6000056
1893	336.6000056
1894	336.2999856
1895	336.6000056
1896	336.800009
1897	336.6000056
1898	336.499989
1899	336.6000056
1900	337.0000124
1901	336.6000056
1902	336.6000056
1903	336.6000056
1904	336.6999924
1905	337.0000124
1906	336.800009
1907	336.4000022
1908	336.6999924
1909	336.6000056
1910	336.6000056
1911	336.6999924
1912	336.6000056
1913	336.6000056
1914	336.4000022
1915	336.6000056
1916	336.499989
1917	336.6999924
1918	336.6000056
1919	336.6000056
1920	336.6000056
1921	336.800009
1922	336.6000056
1923	336.6000056
1924	336.4000022
1925	336.6999924
1926	336.6000056
1927	336.6000056
1928	336.499989
1929	336.499989
1930	336.6000056
1931	336.6999924
1932	336.6000056
1933	336.6000056
1934	336.8999958
1935	337.0000124
1936	336.8999958
1937	336.800009
1938	336.800009
1939	337.0000124
1940	336.800009
1941	337.0000124
1942	336.6999924
1943	336.6999924
1944	336.6000056
1945	336.6000056
1946	336.800009
1947	336.499989
1948	336.2999856
1949	336.499989
1950	336.4000022
1951	336.6000056
1952	336.2999856
1953	336.2999856
1954	336.2999856
1955	336.2999856
1956	336.6000056
1957	336.6000056
1958	336.6999924
1959	336.6000056
1960	336.6999924
1961	336.6999924
1962	336.6000056
1963	336.6000056
1964	336.6000056
1965	336.6999924
1966	342.0999944
1967	340.7000005
1968	340.0000036
1969	339.7000134
1970	339.3999934
1971	339.19999
1972	339.19999
1973	339.19999
1974	339.19999
1975	339.19999
1976	338.8999999
1977	338.8999999
1978	339.19999
1979	338.8999999
1980	338.8999999
1981	338.8000131
1982	338.8999999
1983	338.8999999
1984	338.9999866
1985	338.8999999
1986	338.8999999
1987	338.8999999
1988	339.1000032
1989	338.9999866
1990	338.9999866
1991	338.8999999
1992	338.8999999
1993	338.8999999
1994	338.9999866
1995	339.19999
1996	339.3999934
1997	339.5999968
1998	339.7000134
1999	339.8000002
2000	340.0999904
2001	340.4000103
2002	340.4999971
2003	341.1000073
2004	341.5000141
2005	341.8000042
2006	342.4000144
2007	343.1999981
2008	343.6999917
2009	343.8999951
2010	344.0000117
2011	344.3000019
2012	344.3999887
2013	344.3999887
2014	344.7999954
2015	344.599992
2016	344.7000086
2017	344.7999954
2018	344.9999988
2019	344.7000086
2020	344.900012
2021	344.7000086
2022	344.7000086
2023	345.2000022
2024	345.0999856
2025	344.9999988
2026	345.299989
2027	345.299989
2028	345.4000056
2029	345.2000022
2030	345.0999856
2031	344.9999988
2032	344.9999988
2033	344.9999988
2034	344.900012
2035	344.7999954
2036	344.7999954
2037	344.900012
2038	344.7999954
2039	344.9999988
2040	344.7999954
2041	344.7999954
2042	344.9999988
2043	344.900012
2044	344.7999954
2045	344.900012
2046	345.2000022
2047	345.299989
2048	345.2000022
2049	345.299989
2050	345.4000056
2051	345.2000022
2052	345.0999856
2053	345.0999856
2054	345.0999856
2055	344.9999988
2056	344.9999988
2057	344.7000086
2058	344.599992
2059	344.5000052
2060	344.7000086
2061	344.7000086
2062	344.7000086
2063	344.7000086
2064	344.7000086
2065	344.7999954
2066	344.7000086
2067	344.7999954
2068	344.7999954
2069	344.900012
2070	344.900012
2071	344.900012
2072	344.900012
2073	344.900012
2074	344.7999954
2075	344.9999988
2076	344.9999988
2077	344.9999988
2078	344.7000086
2079	344.7999954
2080	344.7000086
2081	344.9999988
2082	344.9999988
2083	344.900012
2084	345.299989
2085	345.299989
2086	345.600009
2087	345.299989
2088	344.9999988
2089	344.9999988
2090	344.9999988
2091	344.9999988
2092	345.299989
2093	345.2000022
2094	344.9999988
2095	344.9999988
2096	344.7000086
2097	344.7999954
2098	344.7000086
2099	344.7999954
2100	344.900012
2101	344.9999988
2102	345.2000022
2103	345.0999856
2104	345.0999856
2105	344.9999988
2106	344.9999988
2107	344.9999988
2108	345.0999856
2109	344.7000086
2110	344.7999954
2111	344.900012
2112	344.9999988
2113	344.7999954
2114	344.599992
2115	344.7999954
2116	344.9999988
2117	344.7999954
2118	344.7000086
2119	344.7000086
2120	344.599992
2121	344.7999954
2122	344.9999988
2123	345.0999856
2124	344.9999988
2125	344.7999954
2126	344.900012
2127	344.900012
2128	344.9999988
2129	344.7000086
2130	344.3000019
2131	344.5000052
2132	344.3999887
2133	344.5000052
2134	344.7000086
2135	344.599992
2136	344.599992
2137	344.7000086
2138	344.7999954
2139	344.9999988
2140	344.9999988
2141	344.7000086
2142	344.900012
2143	344.9999988
2144	344.900012
2145	344.900012
2146	344.7999954
2147	344.900012
2148	345.0999856
2149	345.299989
2150	345.0999856
2151	345.2000022
2152	345.2000022
2153	344.9999988
2154	345.0999856
2155	344.900012
2156	345.2000022
2157	345.0999856
2158	344.9999988
2159	344.9999988
2160	344.9999988
2161	344.9999988
2162	345.2000022
2163	345.2000022
2164	344.9999988
2165	345.0999856
2166	345.0999856
2167	345.600009
2168	345.600009
2169	345.299989
2170	344.9999988
2171	345.2000022
2172	344.900012
2173	344.7000086
2174	344.7000086
2175	344.3999887
2176	344.599992
2177	344.5000052
2178	344.7999954
2179	344.9999988
2180	344.7999954
2181	344.7000086
2182	344.0999985
2183	343.1000113
2184	341.5000141
2185	339.899987
2186	336.499989
2187	333.2999945
2188	330.1999867
2189	328.9999962
2190	326.9999921
2191	325.3999949
2192	324.0999877
2193	323.7999976
2194	323.3999908
2195	323.3999908
2196	323.5000074
2197	323.7000108
2198	323.9000142
2199	324.4000077
2200	324.6999979
2201	325.1999915
2202	326.0999918
2203	326.5999854
2204	326.9999921
2205	327.6000023
2206	328.2000124
2207	328.9999962
2208	329.4999897
2209	329.8000097
2210	330.5000067
2211	330.7999969
2212	331.2000036
2213	331.4999938
2214	331.8000138
2215	332.1999907
2216	332.3000073
2217	332.5000107
2218	332.8000009
2219	333.0999911
2220	333.2000077
2221	333.4000111
2222	333.4999979
2223	333.7000012
2224	333.9999914
2225	334.1999948
2226	334.1999948
2227	334.3000114
2228	334.3000114
2229	334.6000016
2230	334.6999884
2231	334.3999982
2232	334.6999884
2233	334.5000148
2234	334.6000016
2235	334.6000016
2236	334.6999884
2237	335.0000083
2238	334.800005
2239	334.6999884
2240	335.2000117
2241	335.0999951
2242	335.2000117
2243	335.2000117
2244	335.0999951
2245	335.0999951
2246	335.2999985
2247	335.0999951
2248	335.5000019
2249	335.2999985
2250	335.2999985
2251	335.2999985
2252	335.2000117
2253	335.7000053
2254	335.7000053
2255	335.3999853
2256	335.3999853
2257	335.2999985
2258	335.5999887
2259	335.5000019
2260	335.5999887
2261	335.5999887
2262	335.5000019
2263	335.7999921
2264	335.9000087
2265	335.7999921
2266	335.9999955
2267	335.7999921
2268	335.9999955
2269	335.9999955
2270	335.9999955
2271	336.1000121
2272	335.9999955
2273	335.9999955
2274	335.9999955
2275	335.9999955
2276	336.1000121
2277	336.1999989
2278	336.1000121
2279	335.9999955
2280	335.9999955
2281	335.9999955
2282	336.1999989
2283	336.1999989
2284	335.9999955
2285	335.9999955
2286	335.9999955
2287	335.9999955
2288	335.9999955
2289	335.9999955
2290	335.7999921
2291	335.9999955
2292	335.9000087
2293	336.1000121
2294	335.9999955
2295	336.1999989
2296	336.1000121
2297	336.2999856
2298	336.2999856
2299	336.4000022
2300	336.499989
2301	336.499989
2302	336.2999856
2303	336.2999856
2304	336.6000056
2305	336.6000056
2306	336.6000056
2307	336.2999856
2308	336.1000121
2309	336.2999856
2310	336.4000022
2311	336.6000056
2312	336.2999856
2313	336.4000022
2314	336.6000056
2315	336.6000056
2316	336.6000056
2317	336.4000022
2318	336.4000022
2319	336.499989
2320	336.6000056
2321	336.6000056
2322	336.4000022
2323	336.2999856
2324	336.2999856
2325	336.6000056
2326	336.499989
2327	336.499989
2328	336.2999856
2329	336.2999856
2330	336.2999856
2331	336.6000056
2332	336.2999856
2333	336.499989
2334	336.499989
2335	336.6000056
2336	336.4000022
2337	336.2999856
2338	336.2999856
2339	336.4000022
2340	336.6000056
2341	336.6000056
2342	336.6000056
2343	336.6000056
2344	336.499989
2345	336.6999924
2346	336.6999924
2347	336.6000056
2348	336.6999924
2349	336.499989
2350	336.6000056
2351	336.6000056
2352	336.6000056
2353	336.6000056
2354	336.499989
2355	336.499989
2356	336.6000056
2357	336.499989
2358	336.499989
2359	336.6000056
2360	336.6000056
2361	336.6999924
2362	336.6000056
2363	336.6000056
2364	336.6999924
2365	336.6000056
2366	336.800009
2367	336.6000056
2368	336.6000056
2369	336.800009
2370	337.0000124
2371	337.0000124
2372	336.6000056
2373	336.8999958
2374	336.8999958
2375	337.0000124
2376	336.800009
2377	337.0000124
2378	337.0000124
2379	336.8999958
2380	337.0000124
2381	337.0000124
2382	337.0999992
2383	337.199986
2384	337.3000026
2385	337.0999992
2386	337.199986
2387	337.0000124
2388	337.0000124
2389	336.6000056
2390	336.6000056
2391	336.800009
2392	336.6999924
2393	336.6000056
2394	336.800009
2395	336.800009
2396	336.800009
2397	337.0000124
2398	336.800009
2399	336.6999924
2400	336.6000056
2401	336.499989
2402	336.800009
2403	336.6000056
2404	336.6999924
2405	336.6000056
2406	336.2999856
2407	336.2999856
2408	336.499989
2409	336.6000056
2410	336.499989
2411	336.499989
2412	336.2999856
2413	336.499989
2414	336.1999989
2415	336.6000056
2416	336.2999856
2417	336.2999856
2418	336.2999856
2419	336.6000056
2420	336.800009
2421	336.6000056
2422	336.6000056
2423	336.499989
2424	336.4000022
2425	336.499989
2426	336.499989
2427	336.6000056
2428	336.6000056
2429	336.6999924
2430	336.2999856
2431	336.4000022
2432	336.6000056
2433	336.4000022
2434	336.2999856
2435	336.6000056
2436	336.499989
2437	336.499989
2438	336.499989
2439	336.2999856
2440	336.2999856
2441	336.2999856
2442	336.4000022
2443	336.6000056
2444	336.499989
2445	336.4000022
2446	336.2999856
2447	336.1999989
2448	336.499989
2449	336.4000022
2450	336.1000121
2451	336.4000022
2452	336.4000022
2453	336.2999856
2454	336.499989
2455	336.4000022
2456	336.1999989
2457	336.4000022
2458	336.4000022
2459	336.6000056
2460	336.499989
2461	336.2999856
2462	336.1000121
2463	336.2999856
2464	336.2999856
2465	336.1999989
2466	335.9999955
2467	335.9999955
2468	335.7000053
2469	336.1999989
2470	336.2999856
2471	335.9999955
2472	335.7999921
2473	335.9999955
2474	336.1999989
2475	336.2999856
2476	336.4000022
2477	336.800009
2478	336.8999958
2479	337.3000026
2480	338.0999863
2481	338.8000131
2482	339.3000066
2483	339.5999968
2484	339.8000002
2485	340.4000103
2486	340.7999873
2487	341.1000073
2488	341.3000107
2489	341.3000107
2490	341.1999941
2491	341.3999975
2492	341.1999941
2493	341.5000141
2494	341.5000141
2495	341.5000141
2496	341.3000107
2497	341.3999975
2498	341.1999941
2499	341.1000073
2500	341.1000073
2501	341.1000073
2502	341.1999941
2503	341.6000009
2504	341.3999975
2505	341.1999941
2506	341.1000073
2507	341.1999941
2508	341.1999941
2509	341.3000107
2510	341.1000073
2511	341.1999941
2512	341.3000107
2513	341.1999941
2514	341.3000107
2515	341.3999975
2516	340.9000039
2517	340.7999873
2518	340.7000005
2519	340.7999873
2520	340.9000039
2521	341.1000073
2522	340.9999907
2523	341.1000073
2524	341.1000073
2525	341.5000141
2526	341.1999941
2527	341.5000141
2528	341.5000141
2529	341.5000141
2530	341.3000107
2531	340.9000039
2532	341.1000073
2533	341.1000073
2534	341.5000141
2535	341.6000009
2536	341.1000073
2537	340.7999873
2538	341.3999975
2539	341.5000141
2540	341.3000107
2541	341.5000141
2542	341.3999975
2543	341.5000141
2544	341.3000107
2545	341.6000009
2546	341.3999975
2547	341.3000107
2548	340.9999907
2549	341.1000073
2550	341.1999941
2551	341.1000073
2552	341.1000073
2553	340.9999907
2554	340.7000005
2555	340.7999873
2556	340.7000005
2557	340.6000137
2558	340.9000039
2559	340.7999873
2560	340.9999907
2561	340.7999873
2562	340.9999907
2563	340.9000039
2564	340.7999873
2565	340.7999873
2566	340.7999873
2567	340.7999873
2568	340.9000039
2569	341.3999975
2570	341.6000009
2571	341.5000141
2572	341.5000141
2573	341.5000141
2574	341.5000141
2575	341.1999941
2576	341.1999941
2577	341.1000073
2578	341.1999941
2579	341.5000141
2580	341.6999876
2581	341.8000042
2582	341.5000141
2583	341.5000141
2584	341.3999975
2585	341.1999941
2586	341.1000073
2587	341.3999975
2588	341.5000141
2589	341.6000009
2590	341.6000009
2591	341.1999941
2592	340.7999873
2593	340.7000005
2594	340.7000005
2595	340.4999971
2596	340.4999971
2597	340.6000137
2598	340.7000005
2599	340.7999873
2600	340.9000039
2601	341.1000073
2602	340.9000039
2603	340.9999907
2604	341.3999975
2605	341.5000141
2606	341.5000141
2607	341.5000141
2608	341.8000042
2609	341.8000042
2610	341.6000009
2611	341.3000107
2612	341.1000073
2613	341.1999941
2614	341.3000107
2615	341.5000141
2616	341.5000141
2617	341.3999975
2618	341.3999975
2619	341.1000073
2620	341.1000073
2621	340.9000039
2622	341.1000073
2623	341.6999876
2624	341.5000141
2625	341.5000141
2626	341.6000009
2627	341.5000141
2628	341.3999975
2629	341.5000141
2630	341.6000009
2631	342.200011
2632	342.200011
2633	342.200011
2634	342.2999978
2635	342.2999978
2636	342.4000144
2637	342.599988
2638	342.7000046
2639	342.7999914
2640	342.7000046
2641	342.7000046
2642	342.4000144
2643	342.4000144
2644	342.599988
2645	342.4000144
2646	342.4000144
2647	342.5000012
2648	342.2999978
2649	342.2999978
2650	342.0999944
2651	342.5000012
2652	342.7000046
2653	342.9999948
2654	343.1999981
2655	343.1000113
2656	342.7000046
2657	341.899991
2658	340.4000103
2659	338.8999999
2660	336.1000121
2661	333.0000043
2662	330.0000131
2663	328.399986
2664	325.5999982
2665	323.3999908
2666	321.7999935
2667	321.2000132
2668	320.4999864
2669	320.3999996
2670	320.4999864
2671	320.3999996
2672	320.600003
2673	321.5000033
2674	322.2999871
2675	322.6999938
2676	323.5000074
2677	324.4999945
2678	324.8000145
2679	325.5000114
2680	326.000005
2681	326.7999887
2682	327.1999955
2683	327.8000057
2684	328.2999992
2685	328.700006
2686	328.9000094
2687	329.6999931
2688	330.1999867
2689	330.5000067
2690	330.7999969
2691	331.2999904
2692	331.4999938
2693	331.6999972
2694	331.9999874
2695	332.3999941
2696	332.5999975
2697	332.7000141
2698	332.8000009
2699	332.8999877
2700	333.0999911
2701	333.2000077
2702	333.6000144
2703	333.6000144
2704	333.6000144
2705	333.7000012
2706	333.9000046
2707	333.9000046
2708	333.799988
2709	334.100008
2710	334.3000114
2711	334.1999948
2712	334.1999948
2713	334.1999948
2714	334.3999982
2715	334.3999982
2716	334.3000114
2717	334.1999948
2718	334.3999982
2719	334.5000148
2720	334.6999884
2721	334.6999884
2722	334.6000016
2723	334.8999918
2724	334.6999884
2725	334.800005
2726	335.0000083
2727	335.0000083
2728	335.2999985
2729	335.0999951
2730	335.0999951
2731	335.0999951
2732	335.0999951
2733	335.2999985
2734	335.0999951
2735	335.5000019
2736	335.3999853
2737	335.2000117
2738	335.2000117
2739	335.0999951
2740	335.2000117
2741	335.2999985
2742	335.3999853
2743	335.2999985
2744	335.2999985
2745	335.2999985
2746	335.2999985
2747	335.3999853
2748	335.2000117
2749	335.2999985
2750	335.5000019
2751	335.5000019
2752	335.3999853
2753	335.5999887
2754	335.7000053
2755	335.3999853
2756	335.7000053
2757	335.7000053
2758	335.5000019
2759	335.3999853
2760	335.7000053
2761	335.7999921
2762	335.7000053
2763	335.7000053
2764	335.5000019
2765	335.9000087
2766	335.7000053
2767	335.7000053
2768	335.7999921
2769	335.9999955
2770	335.7000053
2771	335.9000087
2772	335.9000087
2773	335.9999955
2774	335.7999921
2775	335.7999921
2776	335.5999887
2777	335.7000053
2778	335.7999921
2779	335.7999921
2780	335.7000053
2781	335.7999921
2782	335.9999955
2783	335.9000087
2784	335.9000087
2785	335.9999955
2786	336.1999989
2787	335.9999955
2788	335.9000087
2789	335.9000087
2790	336.1000121
2791	335.9999955
2792	335.9999955
2793	336.1000121
2794	335.9999955
2795	335.7000053
2796	335.9999955
2797	335.9999955
2798	335.9999955
2799	336.2999856
2800	336.1999989
2801	336.2999856
2802	335.9999955
2803	336.2999856
2804	336.2999856
2805	335.9999955
2806	336.1000121
2807	336.2999856
2808	336.4000022
2809	336.2999856
2810	336.2999856
2811	336.2999856
2812	336.499989
2813	336.2999856
2814	336.1000121
2815	336.4000022
2816	336.2999856
2817	336.2999856
2818	336.1999989
2819	336.2999856
2820	336.4000022
2821	336.2999856
2822	336.1999989
2823	336.2999856
2824	336.2999856
2825	336.499989
2826	336.2999856
2827	336.2999856
2828	336.2999856
2829	336.2999856
2830	335.9999955
2831	335.9999955
2832	336.1000121
2833	336.1999989
2834	336.2999856
2835	336.1999989
2836	336.2999856
2837	336.2999856
2838	336.1999989
2839	336.1999989
2840	336.2999856
2841	336.1999989
2842	335.9999955
2843	336.1999989
2844	336.2999856
2845	336.2999856
2846	335.9999955
2847	336.1999989
2848	335.9999955
2849	335.9999955
2850	335.9999955
2851	336.2999856
2852	336.2999856
2853	336.2999856
2854	336.1999989
2855	336.1999989
2856	336.1000121
2857	336.1000121
2858	336.1999989
2859	336.1000121
2860	336.1000121
2861	335.9999955
2862	336.1000121
2863	335.9000087
2864	335.7000053
2865	335.9999955
2866	335.7999921
2867	335.7999921
2868	335.9999955
2869	335.9000087
2870	335.7999921
2871	335.7000053
2872	335.7999921
2873	335.9999955
2874	335.7999921
2875	335.9999955
2876	335.9999955
2877	335.9000087
2878	335.9000087
2879	336.1999989
2880	335.7999921
2881	335.9999955
2882	335.7999921
2883	335.9999955
2884	335.9000087
2885	335.7999921
2886	335.9999955
2887	335.9999955
2888	336.1000121
2889	335.9999955
2890	335.9999955
2891	335.7000053
2892	335.9999955
2893	335.7999921
2894	335.7000053
2895	335.7000053
2896	335.7000053
2897	335.7999921
2898	335.7000053
2899	335.5999887
2900	335.5000019
2901	335.2999985
2902	335.7999921
2903	335.7000053
2904	335.5999887
2905	335.7000053
2906	335.7000053
2907	335.7999921
2908	335.7000053
2909	335.7000053
2910	335.9000087
2911	335.7999921
2912	335.7999921
2913	335.5999887
2914	336.1000121
2915	335.7999921
2916	335.9000087
2917	335.7000053
2918	335.7999921
2919	335.7000053
2920	335.7000053
2921	335.7000053
2922	335.9000087
2923	335.7000053
2924	335.7000053
2925	335.7000053
2926	335.7000053
2927	335.7000053
2928	335.7000053
2929	335.7000053
2930	335.7000053
2931	335.7000053
2932	335.9999955
2933	335.7999921
2934	335.9000087
2935	335.9999955
2936	335.9999955
2937	335.7999921
2938	335.7000053
2939	335.9000087
2940	335.7000053
2941	335.7000053
2942	335.7000053
2943	335.7000053
2944	335.7999921
2945	336.2999856
2946	336.2999856
2947	336.4000022
2948	336.6000056
2949	337.0000124
2950	337.500006
2951	338.2000029
2952	338.2999897
2953	338.9999866
2954	339.19999
2955	339.19999
2956	339.50001
2957	340.0999904
2958	340.200007
2959	340.7999873
2960	341.1999941
2961	341.5000141
2962	341.6000009
2963	341.8000042
2964	341.6999876
2965	341.6999876
2966	341.899991
2967	341.6999876
2968	341.5000141
2969	341.6000009
2970	341.5000141
2971	341.3000107
2972	341.3000107
2973	341.6999876
2974	341.8000042
2975	342.0999944
2976	342.4000144
2977	342.599988
2978	342.4000144
2979	342.7000046
2980	342.7000046
2981	342.4000144
2982	342.4000144
2983	342.2999978
2984	342.0999944
2985	341.899991
2986	341.8000042
2987	341.8000042
2988	341.8000042
2989	342.0999944
2990	342.0999944
2991	342.0999944
2992	342.0000076
2993	341.899991
2994	342.200011
2995	342.0999944
2996	342.0999944
2997	342.0999944
2998	341.899991
2999	341.899991
3000	341.6999876
3001	341.8000042
3002	342.0000076
3003	341.899991
3004	342.0999944
3005	342.0999944
3006	342.0000076
3007	342.0999944
3008	342.0999944
3009	341.8000042
3010	341.899991
3011	341.8000042
3012	341.6000009
3013	341.8000042
3014	341.8000042
3015	341.8000042
3016	342.0000076
3017	342.0000076
3018	341.8000042
3019	341.5000141
3020	341.6000009
3021	341.8000042
3022	341.8000042
3023	342.0000076
3024	342.0999944
3025	342.2999978
3026	341.8000042
3027	341.8000042
3028	342.200011
3029	342.200011
3030	342.0999944
3031	342.5000012
3032	342.7000046
3033	342.599988
3034	342.599988
3035	342.5000012
3036	342.4000144
3037	342.599988
3038	342.4000144
3039	342.4000144
3040	342.599988
3041	342.599988
3042	342.599988
3043	342.7000046
3044	342.599988
3045	342.4000144
3046	342.2999978
3047	342.2999978
3048	342.2999978
3049	342.200011
3050	342.2999978
3051	342.0999944
3052	341.899991
3053	341.8000042
3054	341.6000009
3055	341.6000009
3056	341.8000042
3057	341.8000042
3058	341.6999876
3059	341.6999876
3060	341.3999975
3061	341.5000141
3062	341.3999975
3063	341.6000009
3064	341.6000009
3065	341.8000042
3066	341.899991
3067	342.0000076
3068	342.0000076
3069	342.0999944
3070	341.8000042
3071	341.8000042
3072	341.899991
3073	342.0000076
3074	342.0000076
3075	342.0999944
3076	342.2999978
3077	342.0999944
3078	342.0999944
3079	342.4000144
3080	342.0999944
3081	342.0999944
3082	342.200011
3083	342.200011
3084	342.0000076
3085	342.0000076
3086	341.8000042
3087	341.8000042
3088	341.8000042
3089	341.899991
3090	342.0999944
3091	342.0999944
3092	342.2999978
3093	342.0999944
3094	342.0999944
3095	342.0999944
3096	342.200011
3097	342.0999944
3098	342.0000076
3099	342.0999944
3100	342.0000076
3101	342.0999944
3102	341.8000042
3103	341.8000042
3104	341.8000042
3105	341.8000042
3106	341.899991
3107	341.6000009
3108	341.6000009
3109	341.5000141
3110	341.5000141
3111	341.6000009
3112	341.8000042
3113	342.0999944
3114	341.8000042
3115	341.5000141
3116	341.3000107
3117	341.3000107
3118	341.5000141
3119	341.5000141
3120	341.1999941
3121	341.1999941
3122	341.3000107
3123	341.3000107
3124	341.6000009
3125	341.8000042
3126	341.899991
3127	341.899991
3128	342.0000076
3129	341.3999975
3130	341.1000073
3131	339.7000134
3132	338.2000029
3133	337.0000124
3134	334.1999948
3135	331.2000036
3136	328.5000026
3137	327.1000087
3138	324.4000077
3139	322.4999905
3140	320.8999932
3141	320.4999864
3142	319.2999959
3143	318.599999
3144	318.6999857
3145	318.8999891
3146	319.2000091
3147	319.5999861
3148	320.3999996
3149	320.6999898
3150	321.3999867
3151	321.9999969
3152	322.8999972
3153	323.1000006
3154	323.9000142
3155	324.8000145
3156	325.1999915
3157	325.7000148
3158	326.2999952
3159	327.3000121
3160	327.3000121
3161	327.8999925
3162	328.2999992
3163	328.9000094
3164	328.9000094
3165	329.1999996
3166	329.8000097
3167	330.1999867
3168	330.3000033
3169	330.7000101
3170	330.9000134
3171	331.2999904
3172	331.4999938
3173	331.400007
3174	331.6999972
3175	331.6000104
3176	331.8000138
3177	331.9999874
3178	332.100004
3179	331.8000138
3180	331.9999874
3181	332.100004
3182	332.100004
3183	332.3000073
3184	332.5000107
3185	332.5000107
3186	332.5000107
3187	332.7000141
3188	332.8000009
3189	332.8999877
3190	333.0999911
3191	332.8000009
3192	333.0999911
3193	333.2000077
3194	333.0999911
3195	333.2999945
3196	333.2000077
3197	333.4999979
3198	333.6000144
3199	333.4000111
3200	333.4000111
3201	333.6000144
3202	333.799988
3203	333.7000012
3204	333.6000144
3205	333.7000012
3206	333.9000046
3207	333.9000046
3208	333.799988
3209	333.7000012
3210	333.799988
3211	334.100008
3212	333.799988
3213	334.100008
3214	333.9999914
3215	334.100008
3216	334.100008
3217	333.9999914
3218	333.9999914
3219	333.9999914
3220	334.1999948
3221	333.9999914
3222	333.9000046
3223	334.100008
3224	334.3000114
3225	334.100008
3226	334.1999948
3227	333.9999914
3228	334.100008
3229	334.100008
3230	334.1999948
3231	334.100008
3232	334.3999982
3233	334.3999982
3234	334.100008
3235	334.3000114
3236	334.3000114
3237	334.3999982
3238	334.3999982
3239	334.100008
3240	334.100008
3241	334.100008
3242	334.100008
3243	334.100008
3244	334.100008
3245	334.100008
3246	334.3999982
3247	334.3999982
3248	334.3000114
3249	334.3999982
3250	334.6000016
3251	334.6000016
3252	334.6000016
3253	334.6000016
3254	334.6999884
3255	334.5000148
3256	334.5000148
3257	334.6000016
3258	334.800005
3259	334.800005
3260	334.6999884
3261	334.5000148
3262	334.6999884
3263	334.6999884
3264	334.6000016
3265	334.5000148
3266	334.6000016
3267	334.6999884
3268	334.6999884
3269	334.6000016
3270	334.6000016
3271	334.6999884
3272	334.800005
3273	335.0000083
3274	334.6999884
3275	334.6999884
3276	334.800005
3277	334.6999884
3278	334.6000016
3279	334.3999982
3280	334.6999884
3281	334.8999918
3282	334.5000148
3283	334.8999918
3284	334.800005
3285	335.0000083
3286	334.6999884
3287	334.6000016
3288	335.0000083
3289	335.2999985
3290	335.0000083
3291	335.0999951
3292	335.0999951
3293	335.0999951
3294	335.0999951
3295	335.0999951
3296	335.2999985
3297	335.2999985
3298	335.2999985
3299	335.0000083
3300	335.2999985
3301	335.2000117
3302	335.0000083
3303	335.0000083
3304	335.0000083
3305	335.0999951
3306	335.0000083
3307	335.0000083
3308	335.0999951
3309	335.0999951
3310	335.0999951
3311	335.2000117
3312	335.0999951
3313	335.3999853
3314	335.0999951
3315	335.2000117
3316	335.0999951
3317	335.2999985
3318	335.2000117
3319	335.3999853
3320	335.3999853
3321	335.3999853
3322	335.5000019
3323	335.3999853
3324	335.2999985
3325	335.2000117
3326	335.3999853
3327	335.2999985
3328	335.0999951
3329	335.0000083
3330	335.2999985
3331	335.2000117
3332	335.2999985
3333	335.2999985
3334	335.5999887
3335	335.3999853
3336	335.3999853
3337	335.3999853
3338	335.5000019
3339	335.5000019
3340	335.0999951
3341	335.2999985
3342	335.2000117
3343	335.2000117
3344	335.3999853
3345	335.2999985
3346	335.2999985
3347	335.2999985
3348	335.2999985
3349	335.5999887
3350	335.5000019
3351	335.5000019
3352	335.5000019
3353	335.5000019
3354	335.7000053
3355	335.7000053
3356	335.2999985
3357	335.3999853
3358	335.5000019
3359	335.5999887
3360	335.3999853
3361	335.3999853
3362	335.3999853
3363	335.3999853
3364	335.5999887
3365	335.5999887
3366	335.5000019
3367	335.3999853
3368	335.7000053
3369	335.7000053
3370	335.7000053
3371	335.5999887
3372	335.5000019
3373	335.7000053
3374	335.5000019
3375	335.7999921
3376	335.7999921
3377	335.7000053
3378	335.7000053
3379	335.9000087
3380	335.7000053
3381	335.9999955
3382	335.9000087
3383	335.9000087
3384	335.7000053
3385	335.7000053
3386	335.9000087
3387	335.7000053
3388	335.7000053
3389	335.7000053
3390	335.9999955
3391	335.7999921
3392	335.7000053
3393	335.7000053
3394	335.7000053
3395	335.9999955
3396	335.9000087
3397	335.7000053
3398	335.9000087
3399	335.7000053
3400	335.7999921
3401	335.9999955
3402	335.9000087
3403	335.7999921
3404	335.9999955
3405	335.7999921
3406	335.9999955
3407	335.9999955
3408	335.9999955
3409	335.9999955
3410	335.9999955
3411	335.9999955
3412	335.9999955
3413	335.9000087
3414	335.9000087
3415	335.9000087
3416	335.9999955
3417	336.1000121
3418	336.1999989
3419	336.4000022
3420	336.499989
3421	337.0999992
3422	337.0999992
3423	337.500006
3424	337.5999928
3425	337.9000127
3426	338.4000063
3427	338.8999999
3428	339.19999
3429	339.50001
3430	340.200007
3431	340.7000005
3432	340.7000005
3433	341.1999941
3434	341.6999876
3435	341.899991
3436	341.899991
3437	341.8000042
3438	342.0999944
3439	342.0000076
3440	342.0999944
3441	342.200011
3442	342.200011
3443	342.200011
3444	342.200011
3445	342.0999944
3446	342.4000144
3447	342.2999978
3448	342.0999944
3449	342.0000076
3450	342.0000076
3451	342.0000076
3452	341.6000009
3453	341.5000141
3454	341.6000009
3455	341.8000042
3456	341.5000141
3457	341.6000009
3458	341.5000141
3459	341.5000141
3460	341.6999876
3461	341.5000141
3462	341.5000141
3463	341.3999975
3464	341.5000141
3465	341.6000009
3466	341.5000141
3467	341.6000009
3468	341.6999876
3469	342.0999944
3470	341.899991
3471	342.0000076
3472	341.8000042
3473	341.6999876
3474	341.5000141
3475	341.1000073
3476	341.5000141
3477	341.3999975
3478	341.1999941
3479	341.1000073
3480	341.1000073
3481	341.1000073
3482	341.1000073
3483	341.1999941
3484	340.7999873
3485	340.7999873
3486	340.7999873
3487	340.9000039
3488	340.7000005
3489	340.7999873
3490	341.1000073
3491	341.1999941
3492	341.3999975
3493	341.5000141
3494	341.3999975
3495	341.5000141
3496	341.8000042
3497	341.6999876
3498	341.8000042
3499	341.899991
3500	341.8000042
3501	341.5000141
3502	341.3000107
3503	341.3000107
3504	341.6000009
3505	341.8000042
3506	341.899991
3507	341.6999876
3508	341.8000042
3509	341.3000107
3510	341.1000073
3511	340.7999873
3512	340.7999873
3513	340.9999907
3514	341.3999975
3515	341.6000009
3516	341.5000141
3517	341.1000073
3518	340.9999907
3519	340.7999873
3520	340.7999873
3521	340.9999907
3522	341.1000073
3523	341.1000073
3524	341.1000073
3525	340.7999873
3526	340.4999971
3527	340.7000005
3528	340.7999873
3529	341.1000073
3530	341.5000141
3531	341.3999975
3532	341.1000073
3533	341.1999941
3534	341.5000141
3535	341.3999975
3536	341.5000141
3537	341.5000141
3538	341.3000107
3539	341.3000107
3540	341.3999975
3541	341.5000141
3542	341.5000141
3543	341.5000141
3544	341.5000141
3545	341.1999941
3546	341.1000073
3547	340.9000039
3548	340.9000039
3549	341.3999975
3550	341.5000141
3551	341.1999941
3552	340.7999873
3553	340.7999873
3554	340.9999907
3555	341.1999941
3556	341.3000107
3557	341.3000107
3558	341.1000073
3559	340.9000039
3560	340.7999873
3561	340.6000137
3562	340.7999873
3563	340.9999907
3564	340.9999907
3565	341.1000073
3566	341.1999941
3567	341.3999975
3568	341.6999876
3569	342.0999944
3570	342.0999944
3571	342.2999978
3572	342.0999944
3573	341.899991
3574	341.8000042
3575	342.0999944
3576	341.8000042
3577	341.899991
3578	341.8000042
3579	341.899991
3580	342.0000076
3581	341.899991
3582	341.6999876
3583	341.3999975
3584	341.5000141
3585	341.5000141
3586	341.6000009
3587	341.5000141
3588	341.5000141
3589	341.1999941
3590	341.5000141
3591	341.6000009
3592	341.3999975
3593	341.6000009
3594	341.5000141
3595	341.3000107
3596	341.1999941
3597	341.1999941
3598	341.5000141
3599	341.8000042
3600	341.6999876
3601	341.6999876
3602	341.1999941
3603	340.7999873
3604	340.4000103
3605	338.8999999
3606	337.0000124
3607	334.5000148
3608	333.0999911
3609	330.0999999
3610	327.6000023
3611	326.000005
3612	323.3999908
3613	321.3
3614	319.9999928
3615	319.4000125
3616	318.8000023
3617	318.3999956
3618	318.599999
3619	318.599999
3620	319.0999925
3621	319.7000027
3622	319.9999928
3623	320.4999864
3624	321.3
3625	322.4999905
3626	323.3999908
3627	324.000001
3628	324.4000077
3629	325.1999915
3630	325.5999982
3631	326.2999952
3632	326.9999921
3633	327.8999925
3634	328.2999992
3635	328.7999928
3636	329.1999996
3637	329.6000063
3638	329.8999965
3639	330.0999999
3640	330.3999901
3641	330.5999935
3642	331.2000036
3643	331.0000002
3644	331.2000036
3645	331.400007
3646	331.4999938
3647	331.6000104
3648	331.8000138
3649	332.3000073
3650	332.100004
3651	332.3000073
3652	332.3999941
3653	332.7000141
3654	333.0000043
3655	333.0999911
3656	332.8999877
3657	332.8000009
3658	333.2000077
3659	333.4000111
3660	333.2000077
3661	333.4000111
3662	333.0999911
3663	333.2999945
3664	333.4000111
3665	333.4000111
3666	333.4000111
3667	333.4000111
3668	333.4999979
3669	333.6000144
3670	333.799988
3671	333.6000144
3672	333.6000144
3673	333.6000144
3674	333.7000012
3675	333.9000046
3676	334.100008
3677	333.9000046
3678	333.9000046
3679	334.100008
3680	333.9999914
3681	334.3000114
3682	334.100008
3683	334.100008
3684	334.100008
3685	334.100008
3686	334.3999982
3687	334.1999948
3688	334.3999982
3689	334.3000114
3690	334.100008
3691	334.1999948
3692	334.1999948
3693	334.3999982
3694	334.3999982
3695	333.9000046
3696	334.100008
3697	333.9999914
3698	334.3000114
3699	334.3000114
3700	334.1999948
3701	334.100008
3702	334.1999948
3703	334.3999982
3704	334.3000114
3705	334.3999982
3706	334.3999982
3707	334.3999982
3708	334.5000148
3709	334.5000148
3710	334.3999982
3711	334.5000148
3712	334.3999982
3713	334.6000016
3714	334.5000148
3715	334.3999982
3716	334.3999982
3717	334.3999982
3718	334.3999982
3719	334.3000114
3720	334.3000114
3721	334.1999948
3722	334.3999982
3723	334.1999948
3724	334.100008
3725	333.9999914
3726	334.100008
3727	334.100008
3728	334.100008
3729	334.3000114
3730	334.1999948
3731	334.1999948
3732	334.3000114
3733	334.3999982
3734	334.3999982
3735	334.5000148
3736	334.6000016
3737	334.6999884
3738	334.6000016
3739	334.3999982
3740	334.6000016
3741	334.6999884
3742	334.5000148
3743	334.5000148
3744	334.6999884
3745	334.6000016
3746	334.800005
3747	334.6999884
3748	334.6999884
3749	334.6000016
3750	334.6999884
3751	334.8999918
3752	334.6999884
3753	334.6000016
3754	334.6999884
3755	334.6999884
3756	334.8999918
3757	334.800005
3758	334.800005
3759	334.800005
3760	334.6999884
3761	334.800005
3762	335.0000083
3763	334.800005
3764	334.8999918
3765	334.6999884
3766	334.800005
3767	334.6999884
3768	335.0000083
3769	334.6999884
3770	334.6000016
3771	334.6999884
3772	334.6999884
3773	334.6999884
3774	334.6999884
3775	334.3999982
3776	334.6000016
3777	334.6000016
3778	334.800005
3779	334.6999884
3780	334.6999884
3781	334.5000148
3782	334.800005
3783	334.800005
3784	334.8999918
3785	334.800005
3786	334.6000016
3787	334.6999884
3788	334.6999884
3789	334.6999884
3790	334.800005
3791	335.0000083
3792	334.800005
3793	334.6999884
3794	334.800005
3795	334.6999884
3796	334.800005
3797	334.6999884
3798	334.6999884
3799	334.6999884
3800	334.6999884
3801	334.800005
3802	335.0000083
3803	334.800005
3804	334.6999884
3805	335.0000083
3806	335.0000083
3807	335.0000083
3808	335.0000083
3809	335.0000083
3810	335.0000083
3811	335.0999951
3812	335.2000117
3813	335.0999951
3814	335.0000083
3815	335.0000083
3816	334.800005
3817	335.0000083
3818	334.8999918
3819	334.6999884
3820	335.2000117
3821	335.2000117
3822	335.0000083
3823	334.8999918
3824	335.0999951
3825	335.2000117
3826	335.0999951
3827	335.2000117
3828	335.0000083
3829	335.0999951
3830	335.0000083
3831	335.0000083
3832	335.2000117
3833	335.2000117
3834	335.0000083
3835	335.0000083
3836	335.0000083
3837	335.2000117
3838	335.0999951
3839	335.2999985
3840	335.0999951
3841	335.3999853
3842	335.2999985
3843	335.2000117
3844	335.3999853
3845	335.2999985
3846	335.2000117
3847	335.2999985
3848	335.0000083
3849	335.2999985
3850	335.0999951
3851	335.2000117
3852	335.3999853
3853	335.2999985
3854	335.3999853
3855	335.2999985
3856	335.2999985
3857	335.2999985
3858	335.5000019
3859	335.5000019
3860	335.3999853
3861	335.5000019
3862	335.3999853
3863	335.2000117
3864	335.2999985
3865	335.2000117
3866	335.3999853
3867	335.2999985
3868	335.2999985
3869	335.2999985
3870	335.2999985
3871	335.2999985
3872	335.2999985
3873	335.2999985
3874	335.2000117
3875	335.2999985
3876	335.2999985
3877	335.2999985
3878	335.5000019
3879	335.5000019
3880	335.5000019
3881	335.3999853
3882	335.3999853
3883	335.2999985
3884	335.7000053
3885	335.7000053
3886	335.3999853
3887	335.5000019
3888	335.5999887
3889	335.9000087
3890	336.2999856
3891	336.1999989
3892	335.9999955
3893	336.2999856
3894	336.2999856
3895	336.499989
3896	337.0000124
3897	337.3000026
3898	337.3000026
3899	337.7000093
3900	338.0999863
3901	338.8000131
3902	338.8999999
3903	339.3000066
3904	339.8000002
3905	340.200007
3906	340.4999971
3907	340.7999873
3908	340.7999873
3909	340.4999971
3910	340.7999873
3911	340.7999873
3912	340.9000039
3913	341.1000073
3914	341.1000073
3915	341.3000107
3916	341.5000141
3917	341.6000009
3918	341.8000042
3919	341.6000009
3920	341.6999876
3921	341.6999876
3922	341.8000042
3923	341.8000042
3924	341.6999876
3925	341.6999876
3926	341.5000141
3927	341.5000141
3928	341.5000141
3929	341.8000042
3930	341.8000042
3931	341.8000042
3932	341.6000009
3933	341.6999876
3934	341.8000042
3935	341.8000042
3936	341.6000009
3937	341.6999876
3938	341.6000009
3939	341.5000141
3940	341.3999975
3941	341.1000073
3942	341.3000107
3943	341.5000141
3944	341.6999876
3945	341.8000042
3946	341.8000042
3947	341.5000141
3948	341.5000141
3949	341.8000042
3950	341.8000042
3951	341.6999876
3952	341.5000141
3953	341.8000042
3954	341.8000042
3955	341.6000009
3956	341.6000009
3957	340.9999907
3958	340.7000005
3959	340.7000005
3960	340.9999907
3961	341.3000107
3962	341.1000073
3963	340.9999907
3964	341.1000073
3965	341.1000073
3966	341.3999975
3967	341.5000141
3968	341.5000141
3969	341.8000042
3970	341.8000042
3971	341.6000009
3972	341.8000042
3973	341.6999876
3974	341.6999876
3975	341.5000141
3976	341.6000009
3977	341.5000141
3978	341.1000073
3979	341.1000073
3980	341.1999941
3981	341.1000073
3982	341.1000073
3983	341.1000073
3984	341.1000073
3985	341.1999941
3986	341.3000107
3987	340.9999907
3988	340.7000005
3989	340.9999907
3990	341.1000073
3991	341.5000141
3992	341.3999975
3993	341.5000141
3994	341.3999975
3995	341.5000141
3996	341.5000141
3997	341.3000107
3998	341.3999975
3999	341.5000141
4000	341.5000141
4001	341.6000009
4002	341.8000042
4003	341.6999876
4004	341.6000009
4005	341.8000042
4006	341.5000141
4007	341.1999941
4008	340.9000039
4009	340.9000039
4010	340.4999971
4011	340.4999971
4012	340.7000005
4013	340.4999971
4014	340.7999873
4015	340.7999873
4016	340.9000039
4017	340.9999907
4018	341.3000107
4019	341.5000141
4020	341.3999975
4021	341.3000107
4022	341.1999941
4023	341.1999941
4024	341.1000073
4025	340.9000039
4026	340.7999873
4027	340.7999873
4028	340.7999873
4029	340.9999907
4030	341.1000073
4031	340.9999907
4032	340.7999873
4033	340.9999907
4034	341.1000073
4035	341.5000141
4036	341.3000107
4037	340.9999907
4038	340.9999907
4039	341.1999941
4040	341.1000073
4041	341.3000107
4042	341.1000073
4043	340.9999907
4044	341.1000073
4045	341.3999975
4046	341.1000073
4047	341.1000073
4048	341.1999941
4049	341.1000073
4050	341.3999975
4051	341.3999975
4052	341.1000073
4053	341.1000073
4054	341.3000107
4055	341.3000107
4056	341.3999975
4057	341.1000073
4058	341.1000073
4059	341.3000107
4060	341.5000141
4061	341.6000009
4062	341.5000141
4063	341.5000141
4064	341.5000141
4065	341.3999975
4066	341.3999975
4067	341.3000107
4068	341.3999975
4069	341.1000073
4070	341.1999941
4071	341.1999941
4072	341.5000141
4073	341.8000042
4074	341.6999876
4075	341.6999876
4076	341.1000073
4077	340.4999971
4078	339.8000002
4079	337.9000127
4080	335.7000053
4081	332.5999975
4082	331.4999938
4083	328.5000026
4084	326.000005
4085	323.5999942
4086	322.6000071
4087	320.8999932
4088	319.5999861
4089	319.0999925
4090	319.2000091
4091	319.2000091
4092	319.4999993
4093	320.1999962
4094	320.600003
4095	321.7000067
4096	322.6999938
4097	322.8999972
4098	323.7999976
4099	324.4000077
4100	325.1999915
4101	325.5999982
4102	326.2999952
4103	326.700002
4104	327.3000121
4105	327.6999891
4106	328.2999992
4107	328.5999894
4108	328.9999962
4109	328.9999962
4110	329.400003
4111	330.0000131
4112	330.3000033
4113	330.5000067
4114	330.5999935
4115	330.7999969
4116	330.7999969
4117	331.2999904
4118	331.4999938
4119	331.8000138
4120	331.9000006
4121	332.1999907
4122	332.100004
4123	332.5000107
4124	332.3999941
4125	332.5999975
4126	332.8999877
4127	333.2000077
4128	333.0999911
4129	333.0999911
4130	333.2000077
4131	333.2999945
4132	333.2999945
4133	333.4000111
4134	333.6000144
4135	333.6000144
4136	333.799988
4137	333.7000012
4138	333.9999914
4139	333.9000046
4140	333.799988
4141	333.7000012
4142	333.9000046
4143	333.9999914
4144	333.799988
4145	333.9999914
4146	334.1999948
4147	334.1999948
4148	334.100008
4149	334.1999948
4150	334.100008
4151	334.3000114
4152	334.5000148
4153	334.6999884
4154	334.3999982
4155	334.5000148
4156	334.3999982
4157	334.3000114
4158	334.3999982
4159	334.3999982
4160	334.6999884
4161	334.800005
4162	334.6999884
4163	334.6000016
4164	334.5000148
4165	334.6999884
4166	334.6999884
4167	334.800005
4168	334.6999884
4169	334.5000148
4170	334.5000148
4171	334.5000148
4172	334.6000016
4173	334.6999884
4174	334.6999884
4175	334.6999884
4176	334.8999918
4177	334.8999918
4178	334.800005
4179	335.0000083
4180	334.8999918
4181	334.8999918
4182	334.800005
4183	335.0999951
4184	335.0999951
4185	335.0000083
4186	335.0000083
4187	334.800005
4188	334.6999884
4189	334.800005
4190	334.800005
4191	335.0000083
4192	335.0000083
4193	334.800005
4194	334.8999918
4195	334.8999918
4196	334.8999918
4197	335.0999951
4198	335.2000117
4199	335.2000117
4200	335.0999951
4201	335.2000117
4202	335.2000117
4203	335.2999985
4204	335.2000117
4205	335.2999985
4206	335.2999985
4207	335.0999951
4208	335.2999985
4209	335.0000083
4210	335.2999985
4211	335.2999985
4212	335.0999951
4213	335.2000117
4214	335.3999853
4215	335.2999985
4216	335.0999951
4217	335.2999985
4218	335.0999951
4219	333.2999945
4220	332.5999975
4221	331.2000036
4222	330.5000067
4223	330.5999935
4224	330.5999935
4225	331.0000002
4226	331.2000036
4227	331.2999904
4228	331.6999972
4229	331.6999972
4230	332.100004
4231	331.9999874
4232	332.100004
4233	332.5000107
4234	332.5999975
4235	332.5999975
4236	332.5000107
4237	332.5000107
4238	332.3000073
4239	332.3999941
4240	332.1999907
4241	332.3000073
4242	332.3999941
4243	332.3000073
4244	332.3000073
4245	332.1999907
4246	332.100004
4247	332.100004
4248	332.1999907
4249	332.3000073
4250	332.1999907
4251	332.1999907
4252	332.1999907
4253	332.100004
4254	332.1999907
4255	332.3999941
4256	332.3999941
4257	332.5000107
4258	332.3999941
4259	332.5000107
4260	332.8000009
4261	332.8000009
4262	332.8000009
4263	332.7000141
4264	332.8999877
4265	332.8000009
4266	332.8000009
4267	332.8000009
4268	332.7000141
4269	332.8000009
4270	332.8000009
4271	333.0000043
4272	332.8000009
4273	333.0999911
4274	332.8000009
4275	332.8000009
4276	332.8000009
4277	332.8999877
4278	333.0999911
4279	333.0999911
4280	333.2999945
4281	333.2000077
4282	333.4000111
4283	333.4000111
4284	333.2999945
4285	333.6000144
4286	333.6000144
4287	333.7000012
4288	333.7000012
4289	333.6000144
4290	333.7000012
4291	333.9000046
4292	333.9999914
4293	334.100008
4294	334.100008
4295	333.9999914
4296	334.100008
4297	334.100008
4298	334.100008
4299	334.100008
4300	333.9999914
4301	333.9999914
4302	334.3999982
4303	334.3000114
4304	334.3000114
4305	334.3999982
4306	334.3999982
4307	334.3000114
4308	334.100008
4309	334.100008
4310	334.1999948
4311	334.3999982
4312	334.3000114
4313	334.3999982
4314	334.1999948
4315	334.5000148
4316	334.5000148
4317	334.6000016
4318	334.6999884
4319	334.6000016
4320	334.5000148
4321	334.3999982
4322	334.5000148
4323	334.6999884
4324	334.6000016
4325	334.6999884
4326	334.6999884
4327	334.6999884
4328	334.800005
4329	334.8999918
4330	335.0999951
4331	335.0000083
4332	335.0000083
4333	334.8999918
4334	335.0999951
4335	335.0999951
4336	335.2999985
4337	335.2999985
4338	335.2999985
4339	335.2999985
4340	335.0999951
4341	335.2999985
4342	335.0999951
4343	335.0000083
4344	335.2000117
4345	335.2999985
4346	335.2000117
4347	335.5999887
4348	335.5000019
4349	335.5999887
4350	335.7000053
4351	335.5000019
4352	335.7999921
4353	335.7000053
4354	335.9000087
4355	335.7000053
4356	335.7000053
4357	335.7000053
4358	335.5999887
4359	335.7000053
4360	335.5999887
4361	335.7999921
4362	335.5999887
4363	335.7000053
4364	336.1000121
4365	336.1000121
4366	336.2999856
4367	336.800009
4368	336.800009
4369	337.0999992
4370	337.3000026
4371	337.9000127
4372	338.4000063
4373	338.6000097
4374	338.9999866
4375	339.3999934
4376	339.8000002
4377	340.200007
4378	340.200007
4379	340.6000137
4380	340.7999873
4381	341.1000073
4382	340.9999907
4383	340.9000039
4384	340.9999907
4385	341.3000107
4386	341.3000107
4387	341.5000141
4388	341.5000141
4389	341.5000141
4390	341.6999876
4391	341.8000042
4392	341.899991
4393	341.899991
4394	341.899991
4395	341.6999876
4396	341.8000042
4397	341.6000009
4398	341.3000107
4399	341.1000073
4400	340.7999873
4401	341.1000073
4402	341.1999941
4403	341.5000141
4404	341.8000042
4405	341.8000042
4406	341.6999876
4407	341.8000042
4408	341.6000009
4409	341.8000042
4410	341.6999876
4411	341.6999876
4412	341.5000141
4413	341.5000141
4414	341.3000107
4415	341.1999941
4416	341.1000073
4417	341.6999876
4418	341.5000141
4419	341.5000141
4420	341.8000042
4421	341.8000042
4422	341.899991
4423	341.899991
4424	341.8000042
4425	341.6000009
4426	341.5000141
4427	341.5000141
4428	341.8000042
4429	341.6999876
4430	341.6000009
4431	342.0999944
4432	341.899991
4433	342.0999944
4434	341.899991
4435	342.2999978
4436	342.200011
4437	342.200011
4438	342.0000076
4439	341.8000042
4440	341.899991
4441	341.8000042
4442	341.8000042
4443	341.8000042
4444	341.8000042
4445	341.899991
4446	341.6000009
4447	341.8000042
4448	341.8000042
4449	342.0000076
4450	342.200011
4451	342.2999978
4452	342.0999944
4453	342.0000076
4454	341.8000042
4455	341.899991
4456	342.0999944
4457	342.0000076
4458	342.200011
4459	342.0000076
4460	341.899991
4461	342.0000076
4462	341.899991
4463	342.0999944
4464	342.0999944
4465	342.0000076
4466	341.8000042
4467	341.5000141
4468	341.5000141
4469	341.1999941
4470	341.1000073
4471	341.1000073
4472	341.1000073
4473	341.1000073
4474	341.1000073
4475	340.9999907
4476	341.1000073
4477	340.9999907
4478	341.1000073
4479	341.3000107
4480	341.3999975
4481	341.5000141
4482	341.6999876
4483	341.6999876
4484	341.8000042
4485	342.0000076
4486	342.0999944
4487	342.0000076
4488	341.899991
4489	341.8000042
4490	341.6999876
4491	341.6999876
4492	341.8000042
4493	342.0999944
4494	342.2999978
4495	342.2999978
4496	342.7000046
4497	342.7999914
4498	342.7999914
4499	342.7000046
4500	342.5000012
4501	342.5000012
4502	342.4000144
4503	342.4000144
4504	342.4000144
4505	342.2999978
4506	342.4000144
4507	342.599988
4508	342.7000046
4509	342.2999978
4510	342.4000144
4511	342.5000012
4512	342.4000144
4513	342.0999944
4514	342.200011
4515	342.5000012
4516	342.7000046
4517	342.5000012
4518	342.0999944
4519	342.0999944
4520	342.0000076
4521	342.0999944
4522	341.899991
4523	342.2999978
4524	342.0999944
4525	342.0999944
4526	342.0999944
4527	342.200011
4528	342.2999978
4529	342.0999944
4530	342.2999978
4531	342.2999978
4532	342.4000144
4533	340.4000103
4534	342.599988
4535	342.599988
4536	342.4000144
4537	342.4000144
4538	347.2000062
4539	345.600009
4540	345.2000022
4541	344.7999954
4542	344.7999954
4543	344.7000086
4544	344.3999887
4545	344.3999887
4546	344.3999887
4547	344.7000086
4548	344.7000086
4549	344.3999887
4550	343.6999917
4551	342.7999914
4552	342.0999944
4553	340.4999971
4554	338.4999931
4555	335.9999955
4556	334.800005
4557	332.7000141
4558	330.5999935
4559	328.5999894
4560	328.0000091
4561	326.9000053
4562	326.000005
4563	325.3999949
4564	325.1999915
4565	325.1999915
4566	325.3999949
4567	325.3999949
4568	325.7000148
4569	326.4999986
4570	326.9999921
4571	327.3999989
4572	327.8999925
4573	328.7999928
4574	329.1999996
4575	329.400003
4576	329.8999965
4577	330.3999901
4578	330.9000134
4579	331.2000036
4580	331.6999972
4581	332.1999907
4582	332.5000107
4583	332.7000141
4584	333.0000043
4585	333.2999945
4586	333.6000144
4587	333.9999914
4588	334.100008
4589	334.1999948
4590	334.3999982
4591	334.3999982
4592	334.5000148
4593	334.5000148
4594	334.6000016
4595	334.8999918
4596	334.8999918
4597	334.8999918
4598	335.0000083
4599	335.0999951
4600	335.2999985
4601	335.5000019
4602	335.5000019
4603	335.9000087
4604	335.9999955
4605	335.9999955
4606	335.9000087
4607	335.9999955
4608	335.9999955
4609	336.1999989
4610	335.9999955
4611	336.4000022
4612	336.499989
4613	336.4000022
4614	336.499989
4615	336.4000022
4616	336.499989
4617	336.2999856
4618	336.499989
4619	336.6000056
4620	336.6999924
4621	336.6000056
4622	336.6000056
4623	336.499989
4624	336.499989
4625	336.6000056
4626	336.4000022
4627	336.6000056
4628	336.800009
4629	336.6999924
4630	336.6000056
4631	336.6999924
4632	336.499989
4633	336.499989
4634	336.6999924
4635	336.6999924
4636	336.800009
4637	336.6999924
4638	336.6999924
4639	336.6000056
4640	336.6000056
4641	336.8999958
4642	337.0000124
4643	337.0000124
4644	336.8999958
4645	336.8999958
4646	336.6999924
4647	337.0000124
4648	337.0000124
4649	336.800009
4650	336.8999958
4651	336.6000056
4652	336.6999924
4653	336.8999958
4654	336.8999958
4655	337.0000124
4656	337.0000124
4657	337.0000124
4658	337.199986
4659	336.8999958
4660	337.0000124
4661	337.0000124
4662	337.0000124
4663	337.0000124
4664	337.0000124
4665	337.199986
4666	337.0000124
4667	337.199986
4668	336.800009
4669	337.0000124
4670	337.0999992
4671	337.0999992
4672	337.3000026
4673	337.199986
4674	337.3000026
4675	337.3000026
4676	337.3000026
4677	337.0000124
4678	337.199986
4679	337.3000026
4680	337.3000026
4681	337.3000026
4682	337.3000026
4683	337.500006
4684	337.3000026
4685	337.3000026
4686	337.199986
4687	337.0000124
4688	337.0000124
4689	337.0999992
4690	337.3000026
4691	337.3000026
4692	337.3000026
4693	337.500006
4694	337.3000026
4695	337.500006
4696	337.500006
4697	337.3000026
4698	337.199986
4699	337.3999894
4700	337.5999928
4701	337.5999928
4702	337.500006
4703	337.3000026
4704	337.0999992
4705	337.3000026
4706	337.500006
4707	337.500006
4708	337.3999894
4709	337.3999894
4710	337.3000026
4711	336.8999958
4712	337.0000124
4713	337.0000124
4714	337.199986
4715	337.0999992
4716	337.5999928
4717	337.3000026
4718	337.3000026
4719	337.0999992
4720	337.3000026
4721	337.3000026
4722	337.3000026
4723	337.3000026
4724	337.3999894
4725	337.500006
4726	337.3000026
4727	337.500006
4728	337.3000026
4729	337.199986
4730	337.3999894
4731	337.500006
4732	337.3999894
4733	337.500006
4734	337.5999928
4735	337.3000026
4736	337.3000026
4737	337.3000026
4738	337.3999894
4739	337.5999928
4740	337.5999928
4741	337.5999928
4742	337.7999961
4743	337.500006
4744	337.7000093
4745	337.7999961
4746	337.9000127
4747	337.9000127
4748	337.7999961
4749	337.7000093
4750	337.9000127
4751	337.7000093
4752	337.5999928
4753	337.7000093
4754	337.3000026
4755	337.5999928
4756	337.5999928
4757	337.7999961
4758	337.9000127
4759	337.7999961
4760	338.0999863
4761	337.9000127
4762	337.7999961
4763	337.7999961
4764	337.5999928
4765	337.9000127
4766	338.0999863
4767	338.0999863
4768	337.9000127
4769	337.9999995
4770	337.9000127
4771	337.9000127
4772	337.9999995
4773	337.9999995
4774	337.9999995
4775	338.0999863
4776	337.7000093
4777	337.9000127
4778	337.7000093
4779	337.9000127
4780	338.0999863
4781	338.0999863
4782	337.9000127
4783	337.9000127
4784	337.9000127
4785	337.9000127
4786	337.7999961
4787	337.9999995
4788	337.9000127
4789	337.9000127
4790	337.7000093
4791	337.7000093
4792	337.7000093
4793	337.7999961
4794	337.9000127
4795	337.7999961
4796	337.7999961
4797	337.7000093
4798	337.9000127
4799	337.9000127
4800	337.9000127
4801	338.0999863
4802	338.0999863
4803	338.2000029
4804	338.0999863
4805	337.9999995
4806	337.9999995
4807	338.0999863
4808	337.9999995
4809	337.9999995
4810	337.9000127
4811	337.9999995
4812	337.9999995
4813	337.9000127
4814	338.0999863
4815	338.0999863
4816	337.9000127
4817	338.2000029
4818	338.0999863
4819	338.2000029
4820	338.2000029
4821	338.0999863
4822	338.2000029
4823	338.2000029
4824	338.2999897
4825	338.0999863
4826	337.9999995
4827	338.0999863
4828	338.0999863
4829	338.2000029
4830	338.0999863
4831	338.2999897
4832	338.2000029
4833	338.2000029
4834	338.2000029
4835	338.2000029
4836	338.4000063
4837	338.6999965
4838	338.8999999
4839	338.8000131
4840	338.8999999
4841	339.19999
4842	338.9999866
4843	339.19999
4844	339.50001
4845	339.8000002
4846	340.4999971
4847	340.9000039
4848	341.1000073
4849	341.3000107
4850	341.3000107
4851	341.3000107
4852	341.8000042
4853	342.2999978
4854	342.200011
4855	342.900008
4856	342.900008
4857	342.9999948
4858	342.7999914
4859	343.1000113
4860	342.9999948
4861	343.1000113
4862	343.1000113
4863	342.9999948
4864	343.1000113
4865	342.900008
4866	342.900008
4867	342.7999914
4868	343.1000113
4869	343.1999981
4870	343.4000015
4871	343.1000113
4872	343.4000015
4873	343.4000015
4874	343.4000015
4875	343.1000113
4876	343.1000113
4877	343.1000113
4878	343.1000113
4879	343.1999981
4880	343.3000147
4881	343.3000147
4882	343.6999917
4883	343.6999917
4884	343.4999883
4885	343.6999917
4886	343.6000049
4887	343.6000049
4888	343.1000113
4889	343.1000113
4890	342.9999948
4891	343.1000113
4892	343.1999981
4893	343.1000113
4894	342.9999948
4895	342.900008
4896	342.7999914
4897	342.7000046
4898	342.5000012
4899	342.5000012
4900	342.7000046
4901	342.900008
4902	342.7000046
4903	342.7999914
4904	342.900008
4905	343.1000113
4906	343.4000015
4907	342.900008
4908	343.1000113
4909	343.1000113
4910	343.1000113
4911	342.900008
4912	342.9999948
4913	343.1000113
4914	342.9999948
4915	342.7999914
4916	342.9999948
4917	342.7999914
4918	343.1000113
4919	343.1999981
4920	343.1000113
4921	342.9999948
4922	342.7000046
4923	342.7999914
4924	342.7000046
4925	342.7000046
4926	342.7999914
4927	342.900008
4928	343.1000113
4929	342.900008
4930	343.1000113
4931	343.1999981
4932	343.1999981
4933	343.1999981
4934	343.4000015
4935	343.4999883
4936	343.6999917
4937	343.1999981
4938	343.1000113
4939	343.4000015
4940	343.4999883
4941	343.4000015
4942	343.4000015
4943	343.6000049
4944	343.6000049
4945	343.6999917
4946	343.6000049
4947	343.1000113
4948	343.4999883
4949	343.4999883
4950	343.4000015
4951	343.4000015
4952	343.1999981
4953	343.3000147
4954	343.1999981
4955	343.4000015
4956	343.1000113
4957	343.4000015
4958	343.4000015
4959	343.1000113
4960	343.1000113
4961	343.1000113
4962	343.3000147
4963	343.4000015
4964	343.1999981
4965	343.4999883
4966	343.6999917
4967	343.6000049
4968	343.4999883
4969	343.6999917
4970	343.6999917
4971	343.6999917
4972	343.6999917
4973	343.4999883
4974	343.6999917
4975	343.6000049
4976	343.6000049
4977	343.6000049
4978	343.3000147
4979	343.4000015
4980	343.4999883
4981	343.1000113
4982	342.7000046
4983	342.7999914
4984	342.7999914
4985	342.7000046
4986	342.5000012
4987	342.5000012
4988	342.4000144
4989	342.0000076
4990	342.0000076
4991	342.2999978
4992	342.4000144
4993	342.4000144
4994	342.599988
4995	343.1000113
4996	342.9999948
4997	343.1000113
4998	343.1999981
4999	343.1000113
5000	343.1999981
5001	342.9999948
5002	342.9999948
5003	342.7999914
5004	342.7999914
5005	342.7000046
5006	342.7999914
5007	342.7000046
5008	342.7000046
5009	342.5000012
5010	342.200011
5011	342.200011
5012	342.2999978
5013	342.2999978
5014	342.200011
5015	342.4000144
5016	342.4000144
5017	342.2999978
5018	342.5000012
5019	342.7000046
5020	343.1000113
5021	343.1000113
5022	342.900008
5023	342.7000046
5024	341.899991
5025	340.4999971
5026	339.8000002
5027	338.2000029
5028	336.1999989
5029	333.9000046
5030	332.8999877
5031	330.7999969
5032	328.9999962
5033	327.3999989
5034	326.9000053
5035	325.8999884
5036	325.5000114
5037	325.1999915
5038	325.1000047
5039	325.1999915
5040	325.7000148
5041	326.000005
5042	326.0999918
5043	326.9999921
5044	327.4999857
5045	328.2000124
5046	328.5999894
5047	329.1999996
5048	329.8999965
5049	330.0000131
5050	330.5999935
5051	331.099987
5052	331.6000104
5053	331.8000138
5054	332.3000073
5055	332.3999941
5056	332.8000009
5057	333.2999945
5058	333.4999979
5059	333.4999979
5060	333.799988
5061	334.100008
5062	334.1999948
5063	334.3999982
5064	334.6999884
5065	334.6000016
5066	334.6000016
5067	335.0000083
5068	335.2000117
5069	335.0999951
5070	335.5000019
5071	335.5000019
5072	335.5000019
5073	335.5999887
5074	335.7000053
5075	335.7999921
5076	335.9999955
5077	336.1000121
5078	335.9999955
5079	336.4000022
5080	336.1999989
5081	336.1000121
5082	336.499989
5083	336.2999856
5084	336.499989
5085	336.6999924
5086	336.6999924
5087	336.800009
5088	336.8999958
5089	336.6000056
5090	336.6000056
5091	336.4000022
5092	336.4000022
5093	336.6000056
5094	336.2999856
5095	336.4000022
5096	336.6999924
5097	336.800009
5098	336.6999924
5099	336.800009
5100	336.6999924
5101	337.0000124
5102	336.800009
5103	336.8999958
5104	336.8999958
5105	336.6999924
5106	337.0000124
5107	337.0000124
5108	337.0000124
5109	337.0999992
5110	337.0000124
5111	336.8999958
5112	337.0000124
5113	336.8999958
5114	337.199986
5115	337.0000124
5116	337.199986
5117	337.0999992
5118	337.3000026
5119	337.199986
5120	337.3000026
5121	337.3999894
5122	337.3999894
5123	337.3000026
5124	337.3999894
5125	337.3999894
5126	337.3000026
5127	337.3000026
5128	337.3999894
5129	337.500006
5130	337.5999928
5131	337.500006
5132	337.7999961
5133	337.500006
5134	337.500006
5135	337.3000026
5136	337.3999894
5137	337.199986
5138	337.3000026
5139	337.500006
5140	337.500006
5141	337.3000026
5142	337.500006
5143	337.3000026
5144	337.500006
5145	337.3000026
5146	337.5999928
5147	337.500006
5148	337.5999928
5149	337.500006
5150	337.3999894
5151	337.7000093
5152	337.3000026
5153	337.500006
5154	337.5999928
5155	337.5999928
5156	337.5999928
5157	337.500006
5158	337.5999928
5159	337.3000026
5160	337.500006
5161	337.3000026
5162	337.3000026
5163	337.5999928
5164	337.5999928
5165	337.500006
5166	337.3999894
5167	337.5999928
5168	337.5999928
5169	337.500006
5170	337.5999928
5171	337.7999961
5172	337.7999961
5173	337.7999961
5174	337.9000127
5175	337.5999928
5176	337.7000093
5177	337.5999928
5178	337.7999961
5179	337.7000093
5180	337.5999928
5181	337.5999928
5182	337.7000093
5183	337.7000093
5184	337.9000127
5185	337.7000093
5186	337.7000093
5187	337.7999961
5188	337.7999961
5189	337.7000093
5190	337.7999961
5191	337.7000093
5192	337.7999961
5193	337.7999961
5194	337.7999961
5195	337.9000127
5196	337.9000127
5197	337.7999961
5198	337.7999961
5199	337.5999928
5200	337.7000093
5201	337.7000093
5202	337.9000127
5203	337.9999995
5204	337.9000127
5205	337.9999995
5206	337.9000127
5207	337.5999928
5208	337.5999928
5209	337.9000127
5210	337.7999961
5211	337.5999928
5212	337.7000093
5213	337.7000093
5214	337.7999961
5215	337.9000127
5216	338.0999863
5217	337.9000127
5218	338.0999863
5219	337.9999995
5220	338.2000029
5221	337.9999995
5222	337.9999995
5223	337.9000127
5224	337.9999995
5225	337.9999995
5226	337.7000093
5227	338.0999863
5228	337.9000127
5229	337.9000127
5230	337.9000127
5231	337.9000127
5232	337.9999995
5233	338.0999863
5234	338.0999863
5235	338.0999863
5236	338.2000029
5237	338.0999863
5238	338.2000029
5239	338.2000029
5240	337.9999995
5241	337.9999995
5242	337.9999995
5243	338.0999863
5244	338.2000029
5245	338.0999863
5246	338.2000029
5247	338.2999897
5248	338.2999897
5249	338.2000029
5250	338.2000029
5251	337.9999995
5252	337.9999995
5253	338.2000029
5254	338.0999863
5255	338.0999863
5256	338.2000029
5257	337.9999995
5258	337.9000127
5259	338.2000029
5260	337.9000127
5261	338.2000029
5262	338.2000029
5263	338.2000029
5264	338.2000029
5265	338.2000029
5266	338.2999897
5267	338.4000063
5268	338.2999897
5269	338.4000063
5270	338.2000029
5271	338.2999897
5272	338.2000029
5273	338.2999897
5274	338.4999931
5275	338.2999897
5276	338.2999897
5277	338.4999931
5278	338.2000029
5279	338.4000063
5280	338.2000029
5281	338.2000029
5282	338.2000029
5283	337.9999995
5284	338.2000029
5285	338.2000029
5286	337.9000127
5287	338.0999863
5288	337.9000127
5289	337.9999995
5290	338.0999863
5291	337.9999995
5292	338.2000029
5293	337.9999995
5294	338.2000029
5295	337.9999995
5296	338.2000029
5297	338.2000029
5298	338.0999863
5299	338.0999863
5300	338.0999863
5301	338.0999863
5302	338.2000029
5303	338.0999863
5304	337.9999995
5305	338.2000029
5306	338.0999863
5307	338.2000029
5308	338.4000063
5309	338.6000097
5310	338.6000097
5311	338.6000097
5312	338.6000097
5313	338.6999965
5314	338.8999999
5315	338.9999866
5316	339.8000002
5317	339.899987
5318	340.200007
5319	340.7000005
5320	341.1000073
5321	341.3999975
5322	342.0000076
5323	342.200011
5324	342.5000012
5325	342.7000046
5326	342.599988
5327	342.9999948
5328	343.1000113
5329	343.4000015
5330	343.6999917
5331	343.8999951
5332	344.1999853
5333	344.0000117
5334	344.0999985
5335	344.0999985
5336	344.3000019
5337	344.1999853
5338	344.0999985
5339	344.3000019
5340	344.1999853
5341	344.1999853
5342	344.0999985
5343	344.1999853
5344	344.0999985
5345	344.1999853
5346	344.1999853
5347	344.3000019
5348	344.1999853
5349	344.1999853
5350	344.0000117
5351	344.0000117
5352	343.8999951
5353	344.0000117
5354	343.6999917
5355	343.6999917
5356	343.6999917
5357	343.4999883
5358	343.3000147
5359	343.4000015
5360	343.1999981
5361	343.6999917
5362	343.4999883
5363	343.4999883
5364	343.4999883
5365	343.1999981
5366	342.900008
5367	342.7000046
5368	342.900008
5369	342.7000046
5370	342.9999948
5371	342.9999948
5372	342.900008
5373	342.900008
5374	342.7999914
5375	342.9999948
5376	343.1000113
5377	343.1000113
5378	343.1000113
5379	343.1999981
5380	342.900008
5381	343.1000113
5382	343.1999981
5383	343.1999981
5384	343.4000015
5385	343.4000015
5386	343.4000015
5387	343.4999883
5388	343.4999883
5389	343.3000147
5390	343.1999981
5391	343.1000113
5392	343.1000113
5393	343.1000113
5394	343.1000113
5395	343.1999981
5396	342.9999948
5397	343.4000015
5398	343.6000049
5399	343.6999917
5400	343.6999917
5401	343.4000015
5402	343.4000015
5403	343.1999981
5404	342.9999948
5405	342.900008
5406	342.7000046
5407	342.7000046
5408	342.5000012
5409	342.7000046
5410	342.7000046
5411	342.7000046
5412	342.7999914
5413	342.7999914
5414	342.7000046
5415	343.1000113
5416	343.1000113
5417	343.1999981
5418	343.1999981
5419	342.7999914
5420	342.900008
5421	342.7000046
5422	342.7999914
5423	343.1000113
5424	343.3000147
5425	343.4000015
5426	343.4000015
5427	343.6999917
5428	343.6000049
5429	343.4000015
5430	343.4999883
5431	343.8999951
5432	343.8999951
5433	343.8000083
5434	343.4000015
5435	343.4000015
5436	343.6999917
5437	343.4000015
5438	343.4000015
5439	343.6999917
5440	343.6999917
5441	343.6000049
5442	343.6000049
5443	343.4000015
5444	343.1000113
5445	343.1000113
5446	343.1999981
5447	343.1999981
5448	343.4000015
5449	343.3000147
5450	343.4000015
5451	343.4000015
5452	343.6999917
5453	343.6999917
5454	343.8999951
5455	343.8000083
5456	344.3000019
5457	344.0000117
5458	343.8999951
5459	343.8999951
5460	343.6999917
5461	344.1999853
5462	344.3000019
5463	344.3000019
5464	344.0000117
5465	344.0000117
5466	344.0999985
5467	343.6999917
5468	343.8000083
5469	343.8999951
5470	344.0000117
5471	343.8999951
5472	344.0999985
5473	343.6999917
5474	343.6000049
5475	343.6999917
5476	344.0000117
5477	344.0999985
5478	343.8000083
5479	343.8000083
5480	343.8999951
5481	343.8999951
5482	343.8000083
5483	343.6999917
5484	343.6999917
5485	343.4999883
5486	343.3000147
5487	342.9999948
5488	342.7000046
5489	342.7000046
5490	343.1000113
5491	342.9999948
5492	343.1999981
5493	343.1000113
5494	343.4000015
5495	343.1000113
5496	342.7000046
5497	342.5000012
5498	342.0000076
5499	341.1000073
5500	340.2999938
5501	338.6000097
5502	336.6000056
5503	334.5000148
5504	333.4999979
5505	331.8000138
5506	330.1999867
5507	328.9000094
5508	328.399986
5509	327.6000023
5510	327.1000087
5511	326.7999887
5512	326.700002
5513	326.700002
5514	326.9000053
5515	327.3000121
5516	327.8000057
5517	328.2999992
5518	329.1999996
5519	329.400003
5520	329.6999931
5521	330.3000033
5522	331.0000002
5523	331.2000036
5524	331.6000104
5525	331.9999874
5526	332.7000141
5527	332.8000009
5528	333.0999911
5529	333.4000111
5530	333.6000144
5531	333.9000046
5532	333.799988
5533	334.100008
5534	334.3999982
5535	334.6000016
5536	334.6000016
5537	334.6999884
5538	335.0000083
5539	335.0999951
5540	335.3999853
5541	335.3999853
5542	335.5999887
5543	335.7999921
5544	335.7999921
5545	335.9000087
5546	335.9999955
5547	336.1999989
5548	336.6000056
5549	336.499989
5550	336.6000056
5551	336.6999924
5552	336.6999924
5553	336.800009
5554	337.0000124
5555	337.0999992
5556	337.0999992
5557	337.199986
5558	337.0000124
5559	336.800009
5560	337.0999992
5561	337.3000026
5562	337.199986
5563	337.199986
5564	337.3000026
5565	337.5999928
5566	337.3000026
5567	337.500006
5568	337.3000026
5569	337.500006
5570	337.5999928
5571	337.7999961
5572	337.5999928
5573	337.5999928
5574	337.9000127
5575	337.7999961
5576	337.7999961
5577	337.5999928
5578	337.5999928
5579	337.7999961
5580	337.7000093
5581	337.9000127
5582	337.9000127
5583	337.7999961
5584	337.7999961
5585	337.9000127
5586	337.9999995
5587	338.0999863
5588	337.9000127
5589	337.7999961
5590	337.7999961
5591	337.7999961
5592	337.9000127
5593	337.9000127
5594	337.9000127
5595	337.9999995
5596	337.9000127
5597	337.9000127
5598	337.9000127
5599	337.7999961
5600	337.9000127
5601	337.7000093
5602	337.5999928
5603	337.9000127
5604	337.9999995
5605	337.9000127
5606	338.0999863
5607	338.2000029
5608	338.2000029
5609	338.0999863
5610	338.0999863
5611	338.2000029
5612	338.2000029
5613	337.9999995
5614	337.9999995
5615	338.2000029
5616	337.9999995
5617	337.9000127
5618	337.9000127
5619	337.9000127
5620	337.9000127
5621	337.9000127
5622	337.9000127
5623	337.9000127
5624	337.9000127
5625	338.0999863
5626	338.0999863
5627	337.9000127
5628	337.9999995
5629	338.2000029
5630	338.2000029
5631	338.4999931
5632	337.9999995
5633	338.0999863
5634	338.2999897
5635	338.2000029
5636	338.2000029
5637	338.2999897
5638	338.2000029
5639	338.2999897
5640	338.4999931
5641	338.2000029
5642	338.2999897
5643	338.2000029
5644	338.2000029
5645	338.2000029
5646	338.2000029
5647	338.0999863
5648	338.2000029
5649	338.2000029
5650	338.2000029
5651	338.2000029
5652	338.2000029
5653	338.2000029
5654	338.2000029
5655	338.2000029
5656	338.0999863
5657	338.2000029
5658	338.2000029
5659	338.4999931
5660	338.2000029
5661	338.2000029
5662	338.2000029
5663	338.2999897
5664	338.2000029
5665	338.2000029
5666	338.2000029
5667	338.0999863
5668	338.2000029
5669	338.2000029
5670	338.0999863
5671	337.9999995
5672	338.4999931
5673	338.2999897
5674	338.0999863
5675	338.2000029
5676	338.4000063
5677	338.6000097
5678	338.6000097
5679	338.2999897
5680	338.2999897
5681	338.2000029
5682	338.4999931
5683	338.2000029
5684	338.2000029
5685	337.9000127
5686	338.2000029
5687	338.2000029
5688	338.2000029
5689	338.2000029
5690	338.2999897
5691	338.0999863
5692	338.2999897
5693	338.4999931
5694	338.4999931
5695	338.6000097
5696	338.4999931
5697	338.6000097
5698	338.4999931
5699	338.6000097
5700	338.4999931
5701	338.4000063
5702	338.2000029
5703	338.2000029
5704	338.0999863
5705	337.9999995
5706	338.2000029
5707	338.2000029
5708	337.9000127
5709	338.0999863
5710	338.2000029
5711	338.2000029
5712	338.2999897
5713	338.2000029
5714	338.2000029
5715	338.2000029
5716	338.2000029
5717	338.6000097
5718	338.4000063
5719	338.2000029
5720	338.2000029
5721	338.2000029
5722	338.4999931
5723	338.4000063
5724	338.4999931
5725	338.6999965
5726	338.6000097
5727	338.2999897
5728	338.4000063
5729	338.6000097
5730	338.4000063
5731	338.4000063
5732	338.4999931
5733	338.0999863
5734	338.2000029
5735	337.9999995
5736	338.4000063
5737	338.4000063
5738	338.4999931
5739	338.4000063
5740	338.4000063
5741	338.4999931
5742	338.4999931
5743	338.4000063
5744	338.2999897
5745	338.2999897
5746	338.2999897
5747	338.2999897
5748	338.6000097
5749	338.4999931
5750	338.6000097
5751	338.2999897
5752	338.2999897
5753	338.4000063
5754	338.6000097
5755	338.6000097
5756	338.4999931
5757	338.6999965
5758	338.4000063
5759	338.8000131
5760	338.6000097
5761	338.4000063
5762	338.6000097
5763	338.6000097
5764	338.6000097
5765	338.6999965
5766	338.6000097
5767	338.6999965
5768	338.6999965
5769	338.8000131
5770	338.6999965
5771	338.6999965
5772	338.8999999
5773	338.8999999
5774	338.8999999
5775	338.6999965
5776	338.8000131
5777	338.6000097
5778	338.6999965
5779	338.6000097
5780	338.8999999
5781	338.8000131
5782	339.19999
5783	339.19999
5784	339.19999
5785	338.9999866
5786	339.3000066
5787	339.50001
5788	339.8000002
5789	340.200007
5790	340.9000039
5791	340.9000039
5792	341.5000141
5793	342.2999978
5794	342.599988
5795	342.7000046
5796	342.7000046
5797	343.1000113
5798	343.3000147
5799	343.4999883
5800	343.6999917
5801	343.8000083
5802	343.6999917
5803	343.6999917
5804	343.6999917
5805	344.0000117
5806	344.0000117
5807	343.8000083
5808	343.8000083
5809	343.4000015
5810	343.4000015
5811	343.3000147
5812	343.1000113
5813	343.1999981
5814	343.3000147
5815	343.4000015
5816	343.4999883
5817	343.6000049
5818	343.4999883
5819	343.6999917
5820	343.8000083
5821	344.0000117
5822	344.0000117
5823	343.8000083
5824	343.8999951
5825	343.4999883
5826	343.6999917
5827	343.6000049
5828	343.6000049
5829	343.4999883
5830	343.4000015
5831	343.1999981
5832	343.3000147
5833	343.3000147
5834	343.4000015
5835	343.4000015
5836	343.4999883
5837	343.4999883
5838	343.4000015
5839	343.6000049
5840	343.4999883
5841	343.4999883
5842	343.4999883
5843	343.4999883
5844	343.6999917
5845	343.6999917
5846	343.6999917
5847	343.6999917
5848	343.4999883
5849	343.4000015
5850	343.4000015
5851	343.4999883
5852	343.4999883
5853	343.4000015
5854	343.3000147
5855	343.4999883
5856	343.4000015
5857	343.6999917
5858	343.8999951
5859	343.6999917
5860	343.6000049
5861	343.6000049
5862	343.4000015
5863	343.1000113
5864	342.900008
5865	342.7999914
5866	342.9999948
5867	343.4000015
5868	343.1999981
5869	343.1000113
5870	342.900008
5871	342.7999914
5872	342.7000046
5873	342.5000012
5874	342.4000144
5875	342.4000144
5876	342.7000046
5877	342.900008
5878	343.3000147
5879	343.4999883
5880	343.4000015
5881	343.4000015
5882	343.6000049
5883	343.6999917
5884	343.6999917
5885	343.6000049
5886	343.4999883
5887	343.3000147
5888	343.4000015
5889	343.4000015
5890	343.1999981
5891	343.3000147
5892	343.1000113
5893	343.4000015
5894	343.1999981
5895	343.4000015
5896	343.6000049
5897	343.6999917
5898	343.8000083
5899	343.4999883
5900	343.6000049
5901	343.4999883
5902	343.6000049
5903	343.4000015
5904	343.4000015
5905	343.1999981
5906	343.1000113
5907	342.9999948
5908	343.1999981
5909	343.4000015
5910	343.1000113
5911	343.3000147
5912	343.1999981
5913	343.4000015
5914	343.4999883
5915	343.4000015
5916	343.6000049
5917	343.4999883
5918	343.6000049
5919	343.6000049
5920	343.4000015
5921	343.6999917
5922	343.6999917
5923	344.0000117
5924	343.6000049
5925	343.6999917
5926	343.6999917
5927	343.8000083
5928	343.6999917
5929	343.6999917
5930	343.6000049
5931	343.4999883
5932	343.3000147
5933	343.1000113
5934	343.1999981
5935	343.4999883
5936	343.6000049
5937	343.6000049
5938	343.6000049
5939	343.8000083
5940	344.0000117
5941	344.1999853
5942	344.0999985
5943	344.0000117
5944	344.1999853
5945	344.0000117
5946	344.0999985
5947	344.0000117
5948	344.0000117
5949	343.8000083
5950	343.6999917
5951	343.4000015
5952	343.4999883
5953	343.3000147
5954	343.4000015
5955	343.3000147
5956	343.1999981
5957	343.1000113
5958	342.7999914
5959	342.7000046
5960	342.7000046
5961	342.4000144
5962	342.2999978
5963	342.200011
5964	342.2999978
5965	342.599988
5966	343.1000113
5967	342.900008
5968	342.900008
5969	342.900008
5970	342.4000144
5971	342.0999944
5972	340.7999873
5973	339.19999
5974	337.3999894
5975	336.4000022
5976	334.6000016
5977	332.5999975
5978	331.8000138
5979	330.1999867
5980	329.1000128
5981	327.8999925
5982	327.3999989
5983	326.9999921
5984	326.700002
5985	326.7999887
5986	326.7999887
5987	326.9999921
5988	327.3000121
5989	327.6000023
5990	327.6999891
5991	328.2000124
5992	328.9000094
5993	329.6000063
5994	329.8999965
5995	330.7999969
5996	331.2000036
5997	331.6000104
5998	331.9000006
5999	332.100004
6000	332.8999877
6001	333.0000043
6002	333.2000077
6003	333.7000012
6004	333.799988
6005	334.100008
6006	334.3000114
6007	334.5000148
6008	334.5000148
6009	335.0000083
6010	335.0000083
6011	335.3999853
6012	335.7000053
6013	335.7000053
6014	335.7000053
6015	335.7999921
6016	335.9000087
6017	335.9999955
6018	336.2999856
6019	336.4000022
6020	336.2999856
6021	336.4000022
6022	336.2999856
6023	336.2999856
6024	336.6000056
6025	336.499989
6026	336.6000056
6027	336.499989
6028	336.6000056
6029	336.6999924
6030	337.0000124
6031	337.0000124
6032	337.0000124
6033	337.199986
6034	337.0000124
6035	337.0999992
6036	337.199986
6037	337.500006
6038	337.500006
6039	337.5999928
6040	337.500006
6041	337.500006
6042	337.7000093
6043	337.7000093
6044	337.5999928
6045	337.5999928
6046	337.3999894
6047	337.5999928
6048	337.500006
6049	337.500006
6050	337.5999928
6051	337.5999928
6052	337.5999928
6053	337.9000127
6054	337.7000093
6055	337.7999961
6056	337.9999995
6057	337.7999961
6058	337.7999961
6059	337.7999961
6060	337.5999928
6061	337.500006
6062	337.7000093
6063	337.5999928
6064	337.7000093
6065	337.9999995
6066	337.7999961
6067	337.7999961
6068	337.7000093
6069	337.7999961
6070	337.7999961
6071	338.0999863
6072	337.9999995
6073	338.2000029
6074	338.0999863
6075	337.9999995
6076	338.0999863
6077	337.9999995
6078	337.9999995
6079	338.0999863
6080	338.2000029
6081	338.2000029
6082	338.4000063
6083	338.2999897
6084	338.2999897
6085	338.2000029
6086	337.9999995
6087	338.2000029
6088	338.2000029
6089	337.9999995
6090	338.2000029
6091	338.2000029
6092	337.9000127
6093	338.0999863
6094	337.9999995
6095	338.0999863
6096	338.0999863
6097	337.9000127
6098	337.9000127
6099	338.0999863
6100	337.9000127
6101	338.0999863
6102	337.9999995
6103	337.9000127
6104	337.9000127
6105	337.9000127
6106	338.2000029
6107	338.4999931
6108	338.2000029
6109	338.2000029
6110	337.9999995
6111	338.2000029
6112	338.2000029
6113	337.9999995
6114	338.0999863
6115	338.2999897
6116	338.0999863
6117	338.0999863
6118	337.9000127
6119	337.9000127
6120	338.2000029
6121	338.4000063
6122	338.2000029
6123	338.0999863
6124	338.2000029
6125	338.2000029
6126	337.9999995
6127	338.2000029
6128	338.0999863
6129	338.2999897
6130	338.2000029
6131	338.0999863
6132	338.0999863
6133	338.2999897
6134	338.2000029
6135	338.4000063
6136	338.2000029
6137	338.2999897
6138	338.2000029
6139	338.0999863
6140	338.0999863
6141	338.2000029
6142	337.9999995
6143	337.9999995
6144	338.2000029
6145	338.0999863
6146	338.0999863
6147	337.9999995
6148	338.2000029
6149	337.9000127
6150	337.9000127
6151	337.7999961
6152	337.9000127
6153	338.2000029
6154	338.0999863
6155	337.9999995
6156	338.2999897
6157	338.2000029
6158	338.2000029
6159	338.2999897
6160	338.0999863
6161	338.0999863
6162	337.9999995
6163	337.9000127
6164	337.9000127
6165	337.9000127
6166	338.2000029
6167	338.0999863
6168	337.9999995
6169	338.2000029
6170	337.9000127
6171	338.2000029
6172	338.2000029
6173	338.2000029
6174	338.2000029
6175	338.2000029
6176	338.0999863
6177	338.0999863
6178	337.9000127
6179	338.0999863
6180	337.9999995
6181	337.9999995
6182	337.9999995
6183	337.9000127
6184	337.9000127
6185	337.9000127
6186	337.7999961
6187	337.9000127
6188	338.2000029
6189	338.0999863
6190	337.9999995
6191	337.5999928
6192	337.7999961
6193	337.7000093
6194	337.9000127
6195	337.9000127
6196	337.7999961
6197	337.9000127
6198	337.7000093
6199	337.9000127
6200	337.7999961
6201	337.9999995
6202	338.0999863
6203	337.9000127
6204	337.9999995
6205	337.7999961
6206	337.9000127
6207	337.5999928
6208	337.7000093
6209	337.5999928
6210	337.7000093
6211	337.5999928
6212	337.3000026
6213	337.3000026
6214	337.3000026
6215	337.3999894
6216	337.500006
6217	337.5999928
6218	337.3999894
6219	337.500006
6220	337.5999928
6221	337.7000093
6222	337.7999961
6223	337.7000093
6224	337.7000093
6225	337.9000127
6226	337.7000093
6227	337.9000127
6228	337.7999961
6229	337.7999961
6230	337.7999961
6231	337.5999928
6232	337.7000093
6233	337.5999928
6234	337.7000093
6235	337.7000093
6236	337.9000127
6237	337.5999928
6238	337.9000127
6239	337.7999961
6240	337.5999928
6241	337.7999961
6242	337.500006
6243	337.5999928
6244	337.9000127
6245	337.9000127
6246	337.7999961
6247	337.9000127
6248	337.9000127
6249	337.9000127
6250	337.9000127
6251	337.9000127
6252	337.9000127
6253	337.7999961
6254	337.7999961
6255	337.9000127
6256	337.7999961
6257	337.9000127
6258	337.9999995
6259	338.0999863
6260	338.4000063
6261	338.4999931
6262	338.4000063
6263	338.8999999
6264	339.19999
6265	339.3999934
6266	339.899987
6267	340.200007
6268	340.4999971
6269	340.7000005
6270	341.1000073
6271	341.6999876
6272	341.8000042
6273	342.0000076
6274	342.5000012
6275	342.0999944
6276	342.4000144
6277	342.200011
6278	342.4000144
6279	342.5000012
6280	342.4000144
6281	342.900008
6282	342.900008
6283	342.7000046
6284	342.4000144
6285	342.0999944
6286	342.0999944
6287	342.5000012
6288	342.7000046
6289	342.900008
6290	342.9999948
6291	342.7999914
6292	342.7000046
6293	342.4000144
6294	342.4000144
6295	342.200011
6296	342.4000144
6297	342.5000012
6298	342.2999978
6299	342.4000144
6300	342.0999944
6301	342.0000076
6302	342.0999944
6303	342.0999944
6304	342.0000076
6305	342.0000076
6306	341.899991
6307	341.899991
6308	341.6999876
6309	341.899991
6310	341.8000042
6311	342.0999944
6312	342.0999944
6313	342.0999944
6314	341.5000141
6315	341.3999975
6316	341.3999975
6317	341.8000042
6318	342.200011
6319	342.2999978
6320	342.599988
6321	342.4000144
6322	342.5000012
6323	342.2999978
6324	342.200011
6325	342.4000144
6326	342.200011
6327	342.0999944
6328	342.0999944
6329	342.0999944
6330	341.8000042
6331	342.200011
6332	342.4000144
6333	342.599988
6334	342.4000144
6335	342.5000012
6336	342.5000012
6337	342.200011
6338	341.8000042
6339	341.5000141
6340	341.6999876
6341	342.0000076
6342	341.8000042
6343	341.899991
6344	342.0000076
6345	342.0999944
6346	342.200011
6347	342.0999944
6348	341.899991
6349	341.8000042
6350	341.8000042
6351	341.899991
6352	341.5000141
6353	341.5000141
6354	341.1999941
6355	341.1999941
6356	341.5000141
6357	341.6999876
6358	341.8000042
6359	341.8000042
6360	341.1000073
6361	341.3000107
6362	341.8000042
6363	342.0999944
6364	342.0000076
6365	341.899991
6366	341.8000042
6367	342.0000076
6368	342.0999944
6369	342.200011
6370	342.0999944
6371	341.8000042
6372	341.8000042
6373	341.6999876
6374	341.6999876
6375	341.8000042
6376	341.8000042
6377	341.6999876
6378	341.8000042
6379	341.5000141
6380	341.5000141
6381	341.6999876
6382	342.0999944
6383	342.200011
6384	342.0999944
6385	342.2999978
6386	342.4000144
6387	342.4000144
6388	342.4000144
6389	342.0999944
6390	342.0999944
6391	341.8000042
6392	342.200011
6393	342.200011
6394	342.0999944
6395	342.0999944
6396	342.4000144
6397	342.0999944
6398	342.0999944
6399	342.200011
6400	342.0000076
6401	342.200011
6402	342.0000076
6403	341.899991
6404	341.899991
6405	342.0000076
6406	342.0999944
6407	342.0999944
6408	342.0999944
6409	342.4000144
6410	342.200011
6411	342.4000144
6412	342.4000144
6413	342.5000012
6414	342.4000144
6415	342.7000046
6416	342.7000046
6417	342.7000046
6418	342.7000046
6419	342.4000144
6420	342.599988
6421	342.5000012
6422	342.2999978
6423	341.899991
6424	341.6999876
6425	341.899991
6426	341.899991
6427	342.2999978
6428	342.2999978
6429	342.2999978
6430	342.0999944
6431	342.0000076
6432	341.6999876
6433	341.5000141
6434	341.3000107
6435	341.1999941
6436	341.5000141
6437	341.5000141
6438	341.5000141
6439	341.5000141
6440	341.6000009
6441	341.8000042
6442	341.8000042
6443	341.5000141
6444	341.1000073
6445	340.4000103
6446	338.8999999
6447	337.5999928
6448	335.2999985
6449	334.100008
6450	332.100004
6451	330.1999867
6452	328.399986
6453	327.8000057
6454	326.4000118
6455	325.7000148
6456	325.5000114
6457	325.1000047
6458	325.1999915
6459	325.1000047
6460	325.5000114
6461	326.000005
6462	326.4999986
6463	326.9000053
6464	327.3999989
6465	328.0000091
6466	328.5000026
6467	328.9000094
6468	329.1999996
6469	329.6999931
6470	330.3999901
6471	330.5000067
6472	331.099987
6473	331.6000104
6474	331.6999972
6475	332.100004
6476	332.5000107
6477	332.7000141
6478	332.8999877
6479	333.0000043
6480	333.2000077
6481	333.4000111
6482	333.7000012
6483	333.9999914
6484	334.100008
6485	334.1999948
6486	334.3999982
6487	334.3999982
6488	334.6000016
6489	334.800005
6490	335.0000083
6491	334.8999918
6492	334.6999884
6493	334.6999884
6494	334.8999918
6495	335.0000083
6496	335.2999985
6497	335.0000083
6498	335.2999985
6499	335.2999985
6500	335.7000053
6501	335.3999853
6502	335.7000053
6503	335.7999921
6504	335.9000087
6505	335.9999955
6506	336.2999856
6507	336.1000121
6508	336.2999856
6509	336.2999856
6510	336.2999856
6511	336.499989
6512	336.6000056
6513	336.6000056
6514	336.6000056
6515	336.6999924
6516	336.6999924
6517	336.2999856
6518	336.499989
6519	336.4000022
6520	336.499989
6521	336.499989
6522	336.499989
6523	336.6000056
6524	336.6000056
6525	336.6000056
6526	336.499989
6527	336.499989
6528	336.2999856
6529	336.6000056
6530	336.4000022
6531	336.6000056
6532	336.499989
6533	336.6000056
6534	336.6000056
6535	336.6999924
6536	337.0000124
6537	336.8999958
6538	336.800009
6539	337.0000124
6540	336.8999958
6541	336.8999958
6542	336.6000056
6543	336.800009
6544	336.6000056
6545	336.6000056
6546	336.6000056
6547	336.6000056
6548	336.6999924
6549	336.6999924
6550	336.800009
6551	337.0000124
6552	337.0000124
6553	337.199986
6554	337.0999992
6555	337.0000124
6556	337.0000124
6557	337.0999992
6558	337.3000026
6559	337.0000124
6560	337.199986
6561	337.3000026
6562	337.199986
6563	337.3000026
6564	337.199986
6565	337.0000124
6566	336.6999924
6567	336.800009
6568	336.8999958
6569	337.0000124
6570	336.6000056
6571	336.6000056
6572	336.800009
6573	336.6999924
6574	337.0000124
6575	336.8999958
6576	336.6000056
6577	336.6000056
6578	336.6000056
6579	336.6000056
6580	336.800009
6581	336.6000056
6582	336.6000056
6583	336.499989
6584	336.4000022
6585	336.6000056
6586	336.6000056
6587	336.499989
6588	336.6000056
6589	336.6000056
6590	336.499989
6591	336.800009
6592	336.800009
6593	336.8999958
6594	336.800009
6595	337.0000124
6596	336.6000056
6597	336.6999924
6598	336.6999924
6599	336.800009
6600	336.6999924
6601	336.499989
6602	336.499989
6603	336.6000056
6604	336.6000056
6605	336.2999856
6606	336.2999856
6607	336.2999856
6608	336.499989
6609	336.2999856
6610	336.6000056
6611	336.1999989
6612	336.1000121
6613	336.2999856
6614	336.1999989
6615	336.1000121
6616	336.2999856
6617	336.1000121
6618	336.2999856
6619	336.2999856
6620	336.1999989
6621	336.2999856
6622	336.1000121
6623	336.2999856
6624	336.2999856
6625	336.4000022
6626	336.2999856
6627	336.499989
6628	336.4000022
6629	336.4000022
6630	336.6000056
6631	336.6000056
6632	336.6000056
6633	336.6000056
6634	336.6000056
6635	336.6000056
6636	336.800009
6637	336.6000056
6638	336.499989
6639	336.6000056
6640	336.800009
6641	336.6000056
6642	336.499989
6643	336.6000056
6644	336.6000056
6645	336.6000056
6646	336.4000022
6647	336.6000056
6648	336.499989
6649	336.1000121
6650	336.1000121
6651	336.1999989
6652	336.1999989
6653	336.499989
6654	336.2999856
6655	336.4000022
6656	336.1000121
6657	336.2999856
6658	336.1999989
6659	336.4000022
6660	336.4000022
6661	336.2999856
6662	336.2999856
6663	336.2999856
6664	336.2999856
6665	336.6000056
6666	336.499989
6667	336.2999856
6668	336.1999989
6669	336.4000022
6670	336.1999989
6671	336.2999856
6672	335.9999955
6673	335.9999955
6674	336.1999989
6675	336.2999856
6676	336.1999989
6677	336.1000121
6678	336.1999989
6679	336.2999856
6680	336.4000022
6681	336.2999856
6682	336.2999856
6683	336.4000022
6684	336.2999856
6685	336.1999989
6686	336.1000121
6687	336.1000121
6688	336.1999989
6689	336.1999989
6690	336.2999856
6691	335.9999955
6692	336.2999856
6693	336.4000022
6694	336.6000056
6695	336.6000056
6696	336.6000056
6697	336.6000056
6698	336.499989
6699	336.6000056
6700	336.2999856
6701	336.1999989
6702	336.1000121
6703	335.9999955
6704	336.1000121
6705	335.9000087
6706	335.7000053
6707	335.9999955
6708	336.1999989
6709	335.9999955
6710	335.7999921
6711	335.9999955
6712	335.9999955
6713	335.9999955
6714	336.1999989
6715	336.1999989
6716	336.1999989
6717	336.2999856
6718	336.2999856
6719	336.2999856
6720	336.2999856
6721	336.2999856
6722	336.6999924
6723	336.1000121
6724	335.9999955
6725	336.1999989
6726	336.4000022
6727	336.800009
6728	336.8999958
6729	337.199986
6730	337.0000124
6731	337.3999894
6732	337.0000124
6733	336.6000056
6734	336.8999958
6735	337.5999928
6736	337.5999928
6737	338.2000029
6738	338.6000097
6739	338.8000131
6740	339.19999
6741	339.7000134
6742	340.200007
6743	340.4999971
6744	340.4999971
6745	340.9999907
6746	341.1999941
6747	341.5000141
6748	341.5000141
6749	341.8000042
6750	342.0999944
6751	342.0999944
6752	342.0999944
6753	342.0999944
6754	342.0000076
6755	342.0999944
6756	341.8000042
6757	341.8000042
6758	341.6999876
6759	341.5000141
6760	341.8000042
6761	341.8000042
6762	341.5000141
6763	341.8000042
6764	341.899991
6765	342.0000076
6766	342.0000076
6767	342.0000076
6768	341.8000042
6769	342.0999944
6770	341.899991
6771	342.0000076
6772	342.0000076
6773	341.8000042
6774	341.8000042
6775	341.8000042
6776	341.8000042
6777	341.8000042
6778	342.0999944
6779	342.0999944
6780	341.8000042
6781	342.0999944
6782	342.0999944
6783	342.200011
6784	342.0999944
6785	341.899991
6786	341.899991
6787	342.0999944
6788	341.6999876
6789	341.6000009
6790	341.5000141
6791	341.5000141
6792	341.5000141
6793	341.3000107
6794	341.5000141
6795	341.6000009
6796	341.8000042
6797	341.8000042
6798	341.8000042
6799	341.6999876
6800	341.6000009
6801	341.5000141
6802	341.6000009
6803	341.6999876
6804	341.6000009
6805	341.8000042
6806	341.6999876
6807	341.6000009
6808	341.5000141
6809	341.3000107
6810	341.8000042
6811	341.8000042
6812	341.8000042
6813	341.8000042
6814	341.899991
6815	342.0999944
6816	342.200011
6817	342.0999944
6818	342.0999944
6819	341.6999876
6820	341.6000009
6821	341.5000141
6822	341.6999876
6823	341.5000141
6824	341.5000141
6825	341.3999975
6826	341.5000141
6827	341.6999876
6828	341.6999876
6829	341.6000009
6830	341.6999876
6831	341.5000141
6832	341.5000141
6833	341.6999876
6834	341.5000141
6835	341.5000141
6836	341.5000141
6837	341.6000009
6838	341.3999975
6839	341.5000141
6840	341.5000141
6841	341.5000141
6842	341.3999975
6843	341.1000073
6844	341.1999941
6845	341.5000141
6846	341.1999941
6847	341.5000141
6848	341.5000141
6849	341.5000141
6850	341.3999975
6851	341.8000042
6852	341.8000042
6853	341.6999876
6854	341.8000042
6855	341.8000042
6856	341.899991
6857	342.200011
6858	342.0999944
6859	341.899991
6860	341.8000042
6861	341.6999876
6862	341.8000042
6863	342.0999944
6864	341.8000042
6865	341.8000042
6866	341.8000042
6867	341.8000042
6868	341.8000042
6869	341.6999876
6870	341.899991
6871	341.6999876
6872	341.8000042
6873	341.899991
6874	341.8000042
6875	342.0999944
6876	341.8000042
6877	342.0000076
6878	341.6999876
6879	341.3999975
6880	341.5000141
6881	341.6999876
6882	341.899991
6883	342.0000076
6884	342.0000076
6885	341.8000042
6886	341.6999876
6887	341.6000009
6888	341.6999876
6889	341.5000141
6890	341.5000141
6891	341.6999876
6892	341.6000009
6893	341.8000042
6894	341.8000042
6895	341.6000009
6896	341.8000042
6897	341.899991
6898	341.5000141
6899	341.6999876
6900	341.5000141
6901	341.6999876
6902	341.6000009
6903	341.3000107
6904	341.1000073
6905	340.7999873
6906	340.7000005
6907	340.200007
6908	340.4000103
6909	340.200007
6910	340.4000103
6911	340.4000103
6912	340.7000005
6913	340.7999873
6914	340.7999873
6915	340.7999873
6916	340.6000137
6917	339.8000002
6918	339.19999
6919	338.6000097
6920	336.499989
6921	334.800005
6922	333.0000043
6923	332.100004
6924	330.5999935
6925	329.4999897
6926	328.2999992
6927	327.6999891
6928	326.9999921
6929	326.9999921
6930	327.1000087
6931	327.1999955
6932	327.6999891
6933	327.8999925
6934	328.0000091
6935	328.5999894
6936	329.4999897
6937	330.0999999
6938	330.1999867
6939	330.7999969
6940	331.099987
6941	331.4999938
6942	331.8000138
6943	332.3999941
6944	332.8999877
6945	333.4000111
6946	333.4000111
6947	333.799988
6948	334.100008
6949	334.6000016
6950	334.5000148
6951	334.6999884
6952	335.0000083
6953	335.2999985
6954	335.3999853
6955	335.5000019
6956	335.7999921
6957	335.7000053
6958	335.9000087
6959	335.9999955
6960	336.1000121
6961	335.9999955
6962	335.9999955
6963	335.9999955
6964	336.1999989
6965	336.1999989
6966	336.6000056
6967	336.6000056
6968	336.800009
6969	336.6000056
6970	336.6000056
6971	336.800009
6972	337.0000124
6973	337.0000124
6974	337.0999992
6975	337.3000026
6976	337.0999992
6977	337.3000026
6978	337.3999894
6979	337.500006
6980	337.3000026
6981	337.3000026
6982	337.3000026
6983	337.3999894
6984	337.3999894
6985	337.5999928
6986	337.5999928
6987	337.500006
6988	337.500006
6989	337.3000026
6990	337.500006
6991	337.5999928
6992	337.5999928
6993	337.500006
6994	337.3999894
6995	337.7000093
6996	337.7000093
6997	337.7999961
6998	337.7999961
6999	337.7999961
7000	337.7999961
7001	337.7000093
7002	337.5999928
7003	337.9000127
7004	337.5999928
7005	337.7000093
7006	337.5999928
7007	337.5999928
7008	337.7000093
7009	337.9000127
7010	337.5999928
7011	337.7999961
7012	337.5999928
7013	337.5999928
7014	337.500006
7015	337.500006
7016	337.5999928
7017	337.3999894
7018	337.5999928
7019	337.5999928
7020	337.500006
7021	337.5999928
7022	337.5999928
7023	337.7000093
7024	337.5999928
7025	337.5999928
7026	337.500006
7027	337.500006
7028	337.5999928
7029	337.500006
7030	337.5999928
7031	337.3999894
7032	337.3000026
7033	337.3999894
7034	337.500006
7035	337.3000026
7036	337.7000093
7037	337.3000026
7038	337.5999928
7039	337.5999928
7040	337.7000093
7041	337.7000093
7042	337.7999961
7043	337.5999928
7044	337.5999928
7045	337.500006
7046	337.3999894
7047	337.500006
7048	337.3999894
7049	337.500006
7050	337.7999961
7051	337.3999894
7052	337.3999894
7053	337.5999928
7054	337.9000127
7055	337.5999928
7056	337.9000127
7057	337.9000127
7058	337.7999961
7059	337.9000127
7060	337.7000093
7061	337.9000127
7062	337.7999961
7063	337.7999961
7064	337.7000093
7065	337.7999961
7066	337.9000127
7067	337.9000127
7068	337.9000127
7069	337.9000127
7070	338.0999863
7071	337.7999961
7072	337.9000127
7073	337.9999995
7074	338.0999863
7075	337.9999995
7076	337.7999961
7077	337.9000127
7078	337.9000127
7079	337.9000127
7080	337.9999995
7081	337.9999995
7082	338.0999863
7083	337.9000127
7084	337.9000127
7085	337.9999995
7086	338.0999863
7087	337.9999995
7088	337.9000127
7089	337.9999995
7090	337.9999995
7091	337.9999995
7092	337.9000127
7093	337.9999995
7094	337.9999995
7095	338.0999863
7096	338.4000063
7097	338.4000063
7098	338.4999931
7099	338.4000063
7100	338.2000029
7101	338.2000029
7102	338.4999931
7103	338.4999931
7104	338.4999931
7105	338.2999897
7106	338.4000063
7107	338.6000097
7108	338.2999897
7109	338.2999897
7110	338.2999897
7111	338.4999931
7112	338.6000097
7113	338.4999931
7114	338.4000063
7115	338.4999931
7116	338.4999931
7117	338.6000097
7118	338.6999965
7119	338.4999931
7120	338.4000063
7121	338.6000097
7122	338.8000131
7123	338.6999965
7124	338.6000097
7125	338.6000097
7126	338.2999897
7127	338.6000097
7128	338.4999931
7129	338.4999931
7130	338.4999931
7131	338.6000097
7132	338.6999965
7133	338.8000131
7134	338.6999965
7135	338.8000131
7136	338.8999999
7137	338.9999866
7138	338.9999866
7139	338.9999866
7140	338.8999999
7141	338.8000131
7142	338.8000131
7143	338.8999999
7144	338.8999999
7145	338.6999965
7146	338.8000131
7147	338.8000131
7148	338.6999965
7149	338.8000131
7150	338.6000097
7151	338.6000097
7152	338.6000097
7153	338.6999965
7154	338.6000097
7155	338.6000097
7156	338.6000097
7157	338.8000131
7158	338.6999965
7159	338.6000097
7160	338.6000097
7161	338.6000097
7162	338.6000097
7163	338.6000097
7164	338.6000097
7165	338.4000063
7166	338.4999931
7167	338.6999965
7168	338.6000097
7169	338.2999897
7170	338.4000063
7171	338.4000063
7172	338.4999931
7173	338.6000097
7174	338.6000097
7175	338.4999931
7176	338.2999897
7177	338.6000097
7178	338.6000097
7179	338.6000097
7180	338.6000097
7181	338.6999965
7182	338.6000097
7183	338.6000097
7184	338.4999931
7185	338.4999931
7186	338.4999931
7187	338.2999897
7188	338.4999931
7189	338.6000097
7190	338.6000097
7191	338.6000097
7192	338.6000097
7193	338.8000131
7194	338.6999965
7195	338.6000097
7196	338.6000097
7197	338.8000131
7198	338.8000131
7199	339.1000032
7200	338.9999866
7201	339.19999
7202	339.3000066
7203	339.19999
7204	339.19999
7205	339.50001
7206	339.50001
7207	339.50001
7208	339.5999968
7209	340.200007
7210	340.2999938
7211	340.4999971
7212	340.9000039
7213	341.1999941
7214	341.3999975
7215	341.8000042
7216	341.8000042
7217	341.899991
7218	342.0000076
7219	342.4000144
7220	342.4000144
7221	342.4000144
7222	342.5000012
7223	342.7000046
7224	342.4000144
7225	342.2999978
7226	342.4000144
7227	342.599988
7228	342.7000046
7229	342.599988
7230	342.7000046
7231	342.599988
7232	342.4000144
7233	342.0999944
7234	342.0000076
7235	341.1999941
7236	341.1999941
7237	341.1000073
7238	341.1999941
7239	340.7999873
7240	340.7999873
7241	340.6000137
7242	340.7000005
7243	340.2999938
7244	340.4000103
7245	340.4000103
7246	340.4999971
7247	340.4999971
7248	340.6000137
7249	340.4999971
7250	340.4999971
7251	340.4999971
7252	340.4999971
7253	340.7000005
7254	340.9000039
7255	341.1000073
7256	340.7999873
7257	340.7000005
7258	340.4000103
7259	340.200007
7260	340.2999938
7261	340.200007
7262	340.4999971
7263	340.2999938
7264	340.2999938
7265	339.8000002
7266	340.0999904
7267	340.4000103
7268	340.6000137
7269	340.7999873
7270	340.7999873
7271	340.7999873
7272	340.7999873
7273	340.7999873
7274	340.7999873
7275	340.7000005
7276	340.4999971
7277	340.7999873
7278	340.7999873
7279	340.7000005
7280	340.6000137
7281	340.4999971
7282	340.4999971
7283	340.4000103
7284	340.200007
7285	340.4000103
7286	340.4999971
7287	340.6000137
7288	340.4999971
7289	340.7000005
7290	340.7999873
7291	340.4000103
7292	340.2999938
7293	340.4999971
7294	340.4000103
7295	340.4000103
7296	340.7000005
7297	340.7999873
7298	340.9999907
7299	340.4999971
7300	340.4000103
7301	340.7999873
7302	340.9000039
7303	340.9000039
7304	340.9000039
7305	341.1000073
7306	340.7999873
7307	340.4999971
7308	340.4999971
7309	340.4999971
7310	340.4999971
7311	340.2999938
7312	340.4999971
7313	340.4000103
7314	340.7000005
7315	340.4999971
7316	340.6000137
7317	340.7999873
7318	340.7999873
7319	340.7999873
7320	340.7999873
7321	340.7999873
7322	340.9000039
7323	341.1000073
7324	340.7999873
7325	340.9999907
7326	341.1000073
7327	340.7999873
7328	340.9999907
7329	340.9999907
7330	341.1000073
7331	340.9999907
7332	340.9000039
7333	340.7999873
7334	340.7999873
7335	341.1000073
7336	340.9999907
7337	340.9999907
7338	340.7999873
7339	341.1999941
7340	340.9999907
7341	341.1000073
7342	341.3999975
7343	341.1999941
7344	341.1000073
7345	340.9999907
7346	341.1000073
7347	340.7999873
7348	341.1000073
7349	341.3000107
7350	341.1999941
7351	341.1000073
7352	341.3999975
7353	341.3999975
7354	341.6000009
7355	341.8000042
7356	341.8000042
7357	341.5000141
7358	341.1000073
7359	341.1000073
7360	341.1999941
7361	341.3000107
7362	341.1000073
7363	341.5000141
7364	341.3999975
7365	341.1000073
7366	341.1000073
7367	340.9000039
7368	340.9000039
7369	341.1000073
7370	340.7999873
7371	341.1000073
7372	341.1999941
7373	341.1000073
7374	340.9000039
7375	340.9999907
7376	341.3000107
7377	341.5000141
7378	341.3000107
7379	340.9999907
7380	341.1000073
7381	341.1999941
7382	341.1000073
7383	341.1999941
7384	341.1999941
7385	341.8000042
7386	341.8000042
7387	341.899991
7388	341.8000042
7389	341.8000042
7390	341.5000141
7391	340.7000005
7392	339.19999
7393	338.2999897
7394	336.499989
7395	334.800005
7396	332.7000141
7397	331.9000006
7398	330.0999999
7399	328.7999928
7400	327.4999857
7401	327.1000087
7402	326.2999952
7403	326.000005
7404	326.000005
7405	326.000005
7406	326.2999952
7407	326.700002
7408	326.9999921
7409	327.4999857
7410	327.8999925
7411	328.5999894
7412	328.9999962
7413	329.2999864
7414	330.0000131
7415	330.5000067
7416	330.7000101
7417	331.2000036
7418	331.4999938
7419	332.100004
7420	332.5000107
7421	332.7000141
7422	332.8999877
7423	333.4000111
7424	333.4999979
7425	333.7000012
7426	334.100008
7427	334.1999948
7428	334.3999982
7429	334.3999982
7430	334.5000148
7431	334.6999884
7432	334.6999884
7433	334.6999884
7434	334.8999918
7435	335.0000083
7436	335.2000117
7437	335.0999951
7438	335.3999853
7439	335.3999853
7440	335.5000019
7441	335.5999887
7442	335.7999921
7443	335.7000053
7444	335.9999955
7445	335.9999955
7446	335.9999955
7447	335.9999955
7448	335.9999955
7449	336.1999989
7450	336.2999856
7451	336.1999989
7452	336.1999989
7453	336.2999856
7454	336.2999856
7455	336.2999856
7456	336.1999989
7457	336.4000022
7458	336.4000022
7459	336.6000056
7460	336.6000056
7461	336.6000056
7462	336.6999924
7463	336.6000056
7464	336.6000056
7465	336.6999924
7466	336.6000056
7467	336.6000056
7468	336.800009
7469	336.6999924
7470	336.6000056
7471	336.6000056
7472	336.800009
7473	336.800009
7474	336.800009
7475	336.8999958
7476	337.0999992
7477	336.8999958
7478	337.0000124
7479	337.0999992
7480	337.199986
7481	336.8999958
7482	337.3000026
7483	337.3000026
7484	337.3000026
7485	337.0000124
7486	337.3000026
7487	337.0999992
7488	337.0000124
7489	337.199986
7490	337.199986
7491	337.0999992
7492	337.3000026
7493	337.3000026
7494	337.199986
7495	337.199986
7496	337.3000026
7497	337.0000124
7498	337.0000124
7499	337.0000124
7500	337.199986
7501	337.199986
7502	337.0000124
7503	337.0000124
7504	337.199986
7505	337.0000124
7506	337.0000124
7507	337.3999894
7508	337.3000026
7509	337.0999992
7510	337.3000026
7511	337.0999992
7512	337.199986
7513	337.3000026
7514	337.500006
7515	337.199986
7516	337.3000026
7517	337.3000026
7518	337.3999894
7519	337.3000026
7520	337.3999894
7521	337.500006
7522	337.3000026
7523	337.3000026
7524	337.5999928
7525	337.500006
7526	337.9000127
7527	337.9000127
7528	337.5999928
7529	337.7999961
7530	337.7999961
7531	337.7000093
7532	337.5999928
7533	337.5999928
7534	337.5999928
7535	337.5999928
7536	337.7000093
7537	337.5999928
7538	337.5999928
7539	337.5999928
7540	337.7000093
7541	337.5999928
7542	337.7999961
7543	337.7000093
7544	337.5999928
7545	337.500006
7546	337.9000127
7547	337.7000093
7548	337.7999961
7549	337.9999995
7550	337.9000127
7551	337.9000127
7552	337.9000127
7553	337.5999928
7554	337.500006
7555	337.3999894
7556	337.3000026
7557	337.5999928
7558	337.500006
7559	337.5999928
7560	337.5999928
7561	337.7000093
7562	337.7000093
7563	337.7000093
7564	337.7999961
7565	337.7000093
7566	337.5999928
7567	337.5999928
7568	337.7999961
7569	337.500006
7570	337.5999928
7571	337.3999894
7572	337.5999928
7573	337.3999894
7574	337.5999928
7575	337.5999928
7576	337.500006
7577	337.5999928
7578	337.7999961
7579	337.7000093
7580	337.7000093
7581	337.7999961
7582	337.9000127
7583	337.9000127
7584	337.9000127
7585	337.7999961
7586	337.5999928
7587	337.9000127
7588	337.9000127
7589	337.9999995
7590	337.7999961
7591	338.0999863
7592	337.9000127
7593	337.7000093
7594	337.9000127
7595	337.9000127
7596	337.9000127
7597	338.0999863
7598	337.9000127
7599	337.7999961
7600	337.7999961
7601	337.9999995
7602	337.9999995
7603	337.7000093
7604	337.9000127
7605	338.0999863
7606	337.9000127
7607	337.7999961
7608	337.9000127
7609	337.9000127
7610	337.7999961
7611	337.9000127
7612	337.9000127
7613	337.9999995
7614	338.0999863
7615	338.2000029
7616	338.0999863
7617	338.2000029
7618	337.9999995
7619	338.2000029
7620	338.0999863
7621	338.2000029
7622	338.6000097
7623	338.2000029
7624	338.0999863
7625	337.9999995
7626	338.0999863
7627	337.7999961
7628	337.9000127
7629	337.9000127
7630	337.7999961
7631	337.9000127
7632	337.9000127
7633	337.9999995
7634	337.9000127
7635	337.7999961
7636	337.7999961
7637	338.0999863
7638	337.7999961
7639	337.9000127
7640	337.7000093
7641	337.9000127
7642	337.9999995
7643	338.0999863
7644	338.2000029
7645	338.2000029
7646	338.0999863
7647	338.2000029
7648	338.4999931
7649	338.0999863
7650	338.2000029
7651	338.4999931
7652	338.2000029
7653	338.2999897
7654	338.2000029
7655	338.4000063
7656	338.6000097
7657	338.6000097
7658	338.8999999
7659	338.6000097
7660	338.4999931
7661	338.6000097
7662	338.6999965
7663	338.4999931
7664	338.4000063
7665	338.6000097
7666	338.2999897
7667	338.4999931
7668	338.4000063
7669	338.6000097
7670	338.2999897
7671	338.2999897
7672	338.6000097
7673	338.6999965
7674	338.8000131
7675	339.19999
7676	338.9999866
7677	338.6999965
7678	339.19999
7679	339.1000032
7680	339.3000066
7681	339.50001
7682	339.7000134
7683	339.5999968
7684	339.899987
7685	340.200007
7686	340.6000137
7687	340.9000039
7688	341.1000073
7689	341.5000141
7690	341.5000141
7691	341.6999876
7692	341.6000009
7693	341.8000042
7694	341.6999876
7695	341.899991
7696	342.0999944
7697	342.200011
7698	341.899991
7699	342.0000076
7700	341.8000042
7701	341.8000042
7702	342.0999944
7703	342.200011
7704	342.0000076
7705	341.8000042
7706	342.200011
7707	342.2999978
7708	342.2999978
7709	342.4000144
7710	342.2999978
7711	342.4000144
7712	342.2999978
7713	342.599988
7714	342.7000046
7715	342.7000046
7716	342.5000012
7717	342.7000046
7718	342.900008
7719	342.7999914
7720	342.7000046
7721	343.1000113
7722	342.7999914
7723	342.7000046
7724	342.9999948
7725	342.7999914
7726	342.599988
7727	342.7000046
7728	342.599988
7729	342.4000144
7730	342.599988
7731	342.599988
7732	342.599988
7733	342.7000046
7734	342.7000046
7735	342.7000046
7736	342.7000046
7737	342.7000046
7738	342.599988
7739	342.7000046
7740	342.7999914
7741	342.7000046
7742	342.5000012
7743	342.4000144
7744	342.200011
7745	342.2999978
7746	342.200011
7747	342.2999978
7748	342.4000144
7749	342.599988
7750	342.200011
7751	342.4000144
7752	342.4000144
7753	342.2999978
7754	342.0999944
7755	342.200011
7756	342.0000076
7757	342.0999944
7758	342.0000076
7759	342.200011
7760	342.200011
7761	342.200011
7762	342.0999944
7763	342.200011
7764	342.200011
7765	342.2999978
7766	342.5000012
7767	342.2999978
7768	342.4000144
7769	342.4000144
7770	342.0999944
7771	342.0999944
7772	342.0999944
7773	342.200011
7774	342.4000144
7775	342.0999944
7776	342.0999944
7777	342.0999944
7778	342.0999944
7779	341.8000042
7780	341.8000042
7781	341.6999876
7782	341.8000042
7783	341.899991
7784	342.0999944
7785	342.0000076
7786	342.4000144
7787	342.4000144
7788	342.4000144
7789	342.5000012
7790	342.599988
7791	342.599988
7792	342.599988
7793	342.4000144
7794	342.4000144
7795	342.200011
7796	342.2999978
7797	342.2999978
7798	342.2999978
7799	342.4000144
7800	342.0999944
7801	342.0999944
7802	342.0000076
7803	341.899991
7804	342.0999944
7805	342.0999944
7806	342.0999944
7807	342.200011
7808	342.0999944
7809	342.0999944
7810	342.2999978
7811	342.0999944
7812	342.0000076
7813	342.0999944
7814	341.899991
7815	342.0000076
7816	342.0000076
7817	342.0999944
7818	342.0000076
7819	342.0999944
7820	342.2999978
7821	342.0000076
7822	342.200011
7823	341.899991
7824	342.0000076
7825	342.2999978
7826	342.0000076
7827	342.200011
7828	342.0000076
7829	342.0000076
7830	342.0999944
7831	342.0999944
7832	342.0999944
7833	342.0000076
7834	342.0999944
7835	341.8000042
7836	342.0999944
7837	341.899991
7838	342.0999944
7839	342.0999944
7840	342.0000076
7841	342.0999944
7842	342.200011
7843	342.4000144
7844	342.200011
7845	342.2999978
7846	342.0999944
7847	342.2999978
7848	341.899991
7849	342.0000076
7850	341.6000009
7851	341.5000141
7852	341.5000141
7853	341.3000107
7854	341.5000141
7855	341.1000073
7856	341.3000107
7857	341.5000141
7858	341.6000009
7859	342.0999944
7860	342.2999978
7861	342.2999978
7862	341.899991
7863	341.5000141
7864	340.7999873
7865	339.3999934
7866	337.9000127
7867	336.1000121
7868	334.800005
7869	332.8000009
7870	331.2000036
7871	329.4999897
7872	328.7999928
7873	327.8999925
7874	327.3999989
7875	327.3000121
7876	327.1999955
7877	327.3000121
7878	327.6000023
7879	327.6000023
7880	328.0000091
7881	328.700006
7882	329.2999864
7883	329.8999965
7884	330.3999901
7885	331.2000036
7886	331.8000138
7887	331.9999874
7888	332.3999941
7889	332.8000009
7890	333.2999945
7891	333.4000111
7892	333.6000144
7893	334.100008
7894	334.3000114
7895	334.6000016
7896	334.8999918
7897	335.0000083
7898	335.0000083
7899	335.5999887
7900	335.7000053
7901	335.7000053
7902	335.9999955
7903	335.9999955
7904	336.1999989
7905	336.2999856
7906	336.2999856
7907	336.6000056
7908	336.800009
7909	336.6000056
7910	336.6999924
7911	336.800009
7912	337.0000124
7913	336.8999958
7914	337.0000124
7915	337.0999992
7916	337.3000026
7917	337.0000124
7918	337.0000124
7919	337.3000026
7920	337.0999992
7921	337.3000026
7922	337.3999894
7923	337.500006
7924	337.500006
7925	337.5999928
7926	337.5999928
7927	337.5999928
7928	337.7999961
7929	337.5999928
7930	337.5999928
7931	337.9000127
7932	337.5999928
7933	337.500006
7934	337.3999894
7935	337.5999928
7936	337.5999928
7937	337.500006
7938	337.500006
7939	337.5999928
7940	337.5999928
7941	337.7000093
7942	337.7999961
7943	337.9000127
7944	337.9000127
7945	337.7999961
7946	337.7999961
7947	337.5999928
7948	337.500006
7949	337.5999928
7950	337.9000127
7951	337.7999961
7952	337.9000127
7953	338.2000029
7954	338.0999863
7955	338.2000029
7956	338.0999863
7957	337.9999995
7958	338.0999863
7959	337.9999995
7960	337.9000127
7961	337.7999961
7962	337.7999961
7963	337.9000127
7964	338.2000029
7965	337.7999961
7966	337.9000127
7967	337.9000127
7968	337.9999995
7969	337.9000127
7970	337.9999995
7971	337.9000127
7972	337.9999995
7973	337.9000127
7974	337.7000093
7975	337.7999961
7976	337.9999995
7977	337.7999961
7978	337.7999961
7979	337.7999961
7980	337.9000127
7981	337.5999928
7982	337.3999894
7983	337.9999995
7984	337.7000093
7985	337.9000127
7986	337.7000093
7987	337.7999961
7988	337.9000127
7989	337.9000127
7990	337.9000127
7991	337.9000127
7992	337.7999961
7993	337.9999995
7994	337.9999995
7995	337.9000127
7996	337.9999995
7997	337.7000093
7998	337.5999928
7999	337.7000093
8000	337.5999928
8001	337.9000127
8002	337.5999928
8003	337.7000093
8004	337.9000127
8005	337.9000127
8006	337.7000093
8007	337.9000127
8008	338.0999863
8009	338.2000029
8010	337.7999961
8011	338.0999863
8012	338.0999863
8013	337.9999995
8014	337.9000127
8015	337.9999995
8016	337.7999961
8017	337.9000127
8018	337.9000127
8019	337.9999995
8020	337.7999961
8021	338.2000029
8022	337.9999995
8023	337.9000127
8024	337.9000127
8025	337.9999995
8026	337.9999995
8027	337.9000127
8028	337.7999961
8029	337.9000127
8030	337.7000093
8031	337.7000093
8032	337.7000093
8033	337.9000127
8034	337.9999995
8035	337.7000093
8036	337.5999928
8037	337.9000127
8038	337.7999961
8039	337.7999961
8040	337.7999961
8041	337.7000093
8042	337.9000127
8043	337.9000127
8044	337.9000127
8045	337.9999995
8046	337.7999961
8047	337.9999995
8048	338.0999863
8049	337.9999995
8050	337.9000127
8051	337.9000127
8052	338.2000029
8053	338.0999863
8054	338.0999863
8055	338.0999863
8056	337.9999995
8057	338.2000029
8058	337.9000127
8059	337.9000127
8060	337.9999995
8061	337.9999995
8062	337.9000127
8063	337.7999961
8064	337.7999961
8065	337.9999995
8066	337.9999995
8067	337.7000093
8068	337.9000127
8069	337.9999995
8070	337.9999995
8071	337.7999961
8072	337.9000127
8073	338.0999863
8074	338.2000029
8075	337.9000127
8076	338.2000029