1	280.0799866
2	279.980011
3	280
4	280.0400085
5	280.0400085
6	280.1000061
7	279.9599915
8	279.9599915
9	279.9599915
10	280.019989
11	279.9599915
12	280.0400085
13	280.0599976
14	280.019989
15	280.0400085
16	279.9599915
17	279.9599915
18	279.9200134
19	279.8500061
20	279.8299866
21	279.8099976
22	279.75
23	279.8500061
24	279.75
25	279.7900085
26	279.8500061
27	279.769989
28	279.7099915
29	279.730011
30	279.730011
31	279.769989
32	279.8299866
33	279.8299866
34	279.8099976
35	279.7900085
36	279.769989
37	279.769989
38	279.7900085
39	279.769989
40	279.7900085
41	279.8099976
42	279.8500061
43	279.7900085
44	279.8699951
45	279.8299866
46	279.9400024
47	279.9400024
48	279.9599915
49	279.9400024
50	280
51	280.019989
52	279.980011
53	280
54	279.980011
55	279.8699951
56	279.8900146
57	279.9400024
58	279.8699951
59	279.9599915
60	279.8900146
61	279.8900146
62	279.8900146
63	279.8099976
64	279.8099976
65	279.8500061
66	279.8699951
67	279.980011
68	279.8900146
69	279.8900146
70	279.8900146
71	279.9400024
72	279.9400024
73	279.8699951
74	279.8099976
75	279.8699951
76	279.8699951
77	279.9400024
78	279.9200134
79	279.8900146
80	279.8900146
81	279.7900085
82	279.7900085
83	279.8099976
84	279.8099976
85	279.730011
86	279.8299866
87	279.8900146
88	279.8500061
89	279.8099976
90	279.769989
91	279.8299866
92	279.8500061
93	279.8299866
94	279.8500061
95	279.8500061
96	279.9200134
97	279.9200134
98	280
99	280.1499939
100	280
101	280
102	279.5799866
103	279.6000061
104	279.5799866
105	279.6199951
106	279.5400085
107	279.5799866
108	279.5799866
109	279.7900085
110	280.2099915
111	280.480011
112	280.8999939
113	281.1900024
114	281.2999878
115	281.3999939
116	281.8800049
117	282.1700134
118	282.3800049
119	282.4299927
120	282.5899963
121	282.5700073
122	282.6799927
123	283.0700073
124	283.1400146
125	283.2799988
126	283.2999878
127	283.4299927
128	283.5100098
129	283.5499878
130	283.6000061
131	283.6799927
132	283.7600098
133	283.7600098
134	283.9299927
135	283.9899902
136	284.0599976
137	284.1799927
138	284.1199951
139	284.1199951
140	284.1199951
141	284.1000061
142	284.1600037
143	284.1600037
144	284.1400146
145	284.1000061
146	283.9500122
147	283.9500122
148	284.0100098
149	284.1000061
150	283.9500122
151	283.9299927
152	284.1400146
153	284.1600037
154	284.269989
155	284.3699951
156	284.4100037
157	284.519989
158	284.5799866
159	284.6400146
160	284.6600037
161	284.6400146
162	284.6799927
163	284.6400146
164	284.5799866
165	284.519989
166	284.5400085
167	284.6600037
168	284.769989
169	284.8099976
170	284.6600037
171	284.6600037
172	284.6600037
173	284.769989
174	284.769989
175	284.75
176	284.769989
177	284.730011
178	284.6199951
179	284.6199951
180	284.519989
181	284.6000061
182	284.6199951
183	284.6400146
184	284.6600037
185	284.6400146
186	284.6400146
187	284.7000122
188	284.769989
189	284.6799927
190	284.75
191	284.730011
192	284.730011
193	284.75
194	284.75
195	284.6600037
196	284.730011
197	284.8699951
198	284.8299866
199	284.9299927
200	284.8900146
201	284.8699951
202	284.9599915
203	284.8699951
204	284.8699951
205	284.8500061
206	284.7900085
207	284.7900085
208	284.7000122
209	284.6000061
210	284.769989
211	284.769989
212	284.7000122
213	284.730011
214	284.7000122
215	284.7000122
216	284.6600037
217	284.730011
218	284.730011
219	284.8299866
220	284.75
221	284.8299866
222	284.769989
223	284.6600037
224	284.6400146
225	284.730011
226	284.730011
227	284.730011
228	284.7900085
229	284.8699951
230	284.8299866
231	284.8900146
232	284.9100037
233	284.730011
234	284.75
235	284.8299866
236	284.8299866
237	284.8500061
238	284.8299866
239	284.769989
240	284.8099976
241	284.8099976
242	284.8500061
243	284.8500061
244	284.8299866
245	284.8500061
246	284.980011
247	284.8500061
248	284.8099976
249	284.8099976
250	284.8099976
251	284.9100037
252	284.9599915
253	285
254	284.9100037
255	284.7900085
256	284.8900146
257	284.8299866
258	284.8699951
259	284.9599915
260	284.9599915
261	284.8699951
262	284.9100037
263	284.9100037
264	284.980011
265	284.9299927
266	284.769989
267	284.6799927
268	284.75
269	284.75
270	284.9299927
271	284.8500061
272	284.8500061
273	284.8099976
274	284.6199951
275	284.5799866
276	284.6199951
277	284.8099976
278	284.769989
279	284.8900146
280	285
281	285
282	285
283	284.980011
284	285
285	285.1000061
286	285.1600037
287	284.8699951
288	284.5599976
289	284.5599976
290	283.1199951
291	281.3200073
292	280.2900085
293	278.0299988
294	275.8800049
295	274.8500061
296	273.9100037
297	271.5299988
298	270.9400024
299	270.230011
300	269.75
301	269.6099854
302	269.6300049
303	269.6499939
304	270.019989
305	270.3399963
306	270.8999939
307	271.6099854
308	271.8800049
309	272.2799988
310	272.5100098
311	272.8699951
312	273.1199951
313	273.519989
314	273.519989
315	274.019989
316	274.4400024
317	274.6000061
318	274.7900085
319	275.1300049
320	275.4400024
321	275.4400024
322	275.8599854
323	276.0899963
324	276.0299988
325	276.2099915
326	276.4599915
327	276.5499878
328	276.5499878
329	276.7999878
330	276.9500122
331	276.9899902
332	277.2399902
333	277.2200012
334	277.2999878
335	277.3900146
336	277.4500122
337	277.5299988
338	277.6400146
339	277.6600037
340	277.7399902
341	277.7600098
342	277.7999878
343	277.9899902
344	278.0299988
345	278.0799866
346	278.1199951
347	278.1600037
348	278.3299866
349	278.3299866
350	278.4100037
351	278.3900146
352	278.4299927
353	278.4299927
354	278.5799866
355	278.6400146
356	278.6600037
357	278.7200012
358	278.7399902
359	278.769989
360	278.769989
361	278.5799866
362	278.7000122
363	278.6799927
364	278.8699951
365	278.8900146
366	278.9299927
367	278.8699951
368	278.9700012
369	278.9500122
370	279
371	279.0400085
372	278.9700012
373	279.0599976
374	279.1400146
375	279.1199951
376	279.2000122
377	279.25
378	279.25
379	279.2000122
380	279.25
381	279.2900085
382	279.230011
383	279.230011
384	279.1600037
385	279.1600037
386	279.1400146
387	278.9500122
388	279
389	279.1199951
390	279.1000061
391	279.1799927
392	279.1799927
393	279.1600037
394	279.230011
395	279.269989
396	279.3900146
397	279.480011
398	279.3500061
399	279.3500061
400	279.4299927
401	279.3699951
402	279.5
403	279.5
404	279.3500061
405	279.3299866
406	279.2900085
407	279.3099976
408	279.3500061
409	279.3900146
410	279.3299866
411	279.269989
412	279.25
413	279.25
414	279.25
415	279.2900085
416	279.2000122
417	279.2900085
418	279.230011
419	279.269989
420	279.3500061
421	279.3699951
422	279.5
423	279.6000061
424	279.6000061
425	279.5799866
426	279.5599976
427	279.5
428	279.5
429	279.5
430	279.5400085
431	279.5400085
432	279.4599915
433	279.6000061
434	279.5799866
435	279.5400085
436	279.6900024
437	279.769989
438	279.730011
439	279.6199951
440	279.5599976
441	279.519989
442	279.6000061
443	279.5
444	279.5
445	279.519989
446	279.4599915
447	279.3299866
448	279.3500061
449	279.3500061
450	279.3500061
451	279.3500061
452	279.4100037
453	279.5599976
454	279.6199951
455	279.5799866
456	279.5799866
457	279.6400146
458	279.6199951
459	279.6199951
460	279.7099915
461	279.6600037
462	279.6600037
463	279.6600037
464	279.6400146
465	279.6900024
466	279.7099915
467	279.6400146
468	279.5400085
469	279.480011
470	279.480011
471	279.5799866
472	279.4599915
473	279.5400085
474	279.480011
475	279.5
476	279.519989
477	279.5599976
478	279.5
479	279.5400085
480	279.5799866
481	279.6400146
482	279.6000061
483	279.5599976
484	279.5799866
485	279.5799866
486	279.5400085
487	279.5
488	279.5
489	279.5400085
490	279.5799866
491	279.6000061
492	279.5799866
493	279.519989
494	279.5400085
495	279.5400085
496	279.5599976
497	279.6400146
498	279.75
499	279.7099915
500	279.6400146
501	279.730011
502	279.730011
503	279.7099915
504	279.75
505	279.769989
506	279.75
507	279.8299866
508	279.7099915
509	279.6900024
510	279.6900024
511	279.7099915
512	279.769989
513	279.8299866
514	279.8500061
515	279.8299866
516	279.7900085
517	279.8500061
518	279.769989
519	279.75
520	279.6400146
521	279.5799866
522	279.5599976
523	279.6000061
524	279.519989
525	279.519989
526	279.519989
527	279.5799866
528	279.5799866
529	279.5599976
530	279.6400146
531	279.6600037
532	279.769989
533	279.6000061
534	279.6000061
535	279.6900024
536	279.6900024
537	279.6900024
538	279.6900024
539	279.6900024
540	279.730011
541	279.730011
542	279.5400085
543	279.519989
544	279.5400085
545	279.6400146
546	279.769989
547	279.6400146
548	279.6900024
549	279.6400146
550	279.6199951
551	279.6000061
552	279.480011
553	279.5799866
554	279.5799866
555	279.6199951
556	279.6400146
557	279.6199951
558	279.6600037
559	279.6600037
560	279.6400146
561	279.6600037
562	279.6199951
563	279.5799866
564	279.6000061
565	279.6600037
566	279.6600037
567	279.7099915
568	279.7099915
569	279.7099915
570	279.5799866
571	279.6600037
572	279.8699951
573	279.8699951
574	279.6900024
575	279.4100037
576	279.4299927
577	279.25
578	279.0799866
579	279.1000061
580	279.1000061
581	279.480011
582	279.6900024
583	279.8500061
584	280.1900024
585	280.5
586	280.6900024
587	280.769989
588	281.4400024
589	281.5299988
590	281.8200073
591	282.1499939
592	282.3800049
593	282.6300049
594	282.7399902
595	282.8200073
596	282.8599854
597	283.2000122
598	283.4299927
599	283.4500122
600	283.5499878
601	283.5499878
602	283.5499878
603	283.5799866
604	283.7200012
605	283.7200012
606	283.9100037
607	284.0599976
608	284.0400085
609	284.1600037
610	284.1600037
611	284.2000122
612	284.2000122
613	284.3299866
614	284.3299866
615	284.3299866
616	284.2900085
617	284.2900085
618	284.3299866
619	284.3900146
620	284.5599976
621	284.5799866
622	284.6600037
623	284.6400146
624	284.519989
625	284.5400085
626	284.5
627	284.6400146
628	284.7000122
629	284.6199951
630	284.6400146
631	284.6400146
632	284.7000122
633	284.730011
634	284.769989
635	284.8699951
636	284.8299866
637	284.8299866
638	284.7000122
639	284.769989
640	284.6799927
641	284.6400146
642	284.5400085
643	284.6199951
644	284.6199951
645	284.5599976
646	284.5400085
647	284.4700012
648	284.5
649	284.5599976
650	284.6199951
651	284.6199951
652	284.6799927
653	284.6400146
654	284.7000122
655	284.6799927
656	284.6799927
657	284.75
658	284.8099976
659	284.8699951
660	284.8500061
661	284.730011
662	284.75
663	284.7000122
664	284.769989
665	284.730011
666	284.7900085
667	284.75
668	284.8099976
669	284.730011
670	284.769989
671	284.730011
672	284.7900085
673	284.7900085
674	284.8099976
675	284.8099976
676	284.8099976
677	284.6799927
678	284.6000061
679	284.5400085
680	284.5599976
681	284.75
682	284.8299866
683	284.8299866
684	284.8299866
685	284.8699951
686	284.75
687	284.769989
688	284.730011
689	284.769989
690	284.7000122
691	284.6199951
692	284.6600037
693	284.7000122
694	284.7900085
695	284.8099976
696	284.8299866
697	284.769989
698	284.7000122
699	284.7000122
700	284.6400146
701	284.5599976
702	284.5799866
703	284.6799927
704	284.6799927
705	284.730011
706	284.8699951
707	284.9100037
708	284.9100037
709	284.730011
710	284.6400146
711	284.6600037
712	284.7000122
713	284.6400146
714	284.8099976
715	284.8099976
716	284.75
717	284.7900085
718	284.8900146
719	284.8900146
720	284.8500061
721	284.7900085
722	284.7900085
723	284.7900085
724	284.9599915
725	284.8900146
726	284.8299866
727	284.769989
728	284.769989
729	284.8099976
730	284.8500061
731	284.8500061
732	284.8900146
733	284.7900085
734	284.75
735	284.6600037
736	284.6799927
737	284.6600037
738	284.6799927
739	284.7000122
740	284.8099976
741	284.75
742	284.7900085
743	284.8099976
744	284.7900085
745	284.75
746	284.8099976
747	284.8099976
748	284.7000122
749	284.6199951
750	284.730011
751	284.7900085
752	285
753	285.0599976
754	285.0599976
755	285.1199951
756	285.1400146
757	285.019989
758	285.0799866
759	284.8699951
760	284.8500061
761	284.8500061
762	284.3699951
763	283.4500122
764	282.7399902
765	280.3500061
766	277.7399902
767	276.5899963
768	275.5
769	272.6000061
770	271.8599854
771	270.5499878
772	269.6499939
773	269.3500061
774	269.0400085
775	268.9200134
776	268.9400024
777	269.0400085
778	269.4200134
779	270.1499939
780	270.3800049
781	271.0100098
782	271.1499939
783	271.7200012
784	271.9700012
785	272.2999878
786	272.2999878
787	272.9700012
788	273.4299927
789	273.6199951
790	274
791	274.3099976
792	274.6000061
793	274.6000061
794	275.019989
795	275.25
796	275.3099976
797	275.5400085
798	275.7099915
799	275.8800049
800	275.980011
801	276.2600098
802	276.230011
803	276.3800049
804	276.6300049
805	276.8399963
806	276.9500122
807	277.0100098
808	277.1499939
809	277.1799927
810	277.2000122
811	277.2600098
812	277.2799988
813	277.3900146
814	277.4700012
815	277.5899963
816	277.6799927
817	277.7200012
818	277.7200012
819	277.7399902
820	277.8699951
821	277.8200073
822	277.8900146
823	278.0100098
824	278.0799866
825	278.0799866
826	278.2000122
827	278.3299866
828	278.2600098
829	278.3500061
830	278.4100037
831	278.5400085
832	278.5400085
833	278.6199951
834	278.6400146
835	278.5799866
836	278.5799866
837	278.5100098
838	278.6000061
839	278.5799866
840	278.6799927
841	278.7200012
842	278.7000122
843	278.8299866
844	278.7000122
845	278.7399902
846	278.769989
847	278.8299866
848	278.7900085
849	278.8299866
850	278.9299927
851	278.9100037
852	278.8900146
853	278.8500061
854	278.8099976
855	278.8299866
856	278.7900085
857	278.7900085
858	278.8500061
859	278.9500122
860	278.9299927
861	279.019989
862	279.0400085
863	279
864	279
865	278.8900146
866	278.8299866
867	278.769989
868	278.8500061
869	278.8699951
870	278.8699951
871	278.9100037
872	278.9299927
873	278.9500122
874	278.9700012
875	278.9500122
876	279.0400085
877	279.0799866
878	279.019989
879	279.0400085
880	279.0400085
881	279.1199951
882	279.1199951
883	279.2000122
884	279.1400146
885	279.1799927
886	279.2000122
887	279.3299866
888	279.3099976
889	279.3099976
890	279.230011
891	279.25
892	279.230011
893	279.230011
894	279.3299866
895	279.3900146
896	279.3900146
897	279.3299866
898	279.2900085
899	279.269989
900	279.3500061
901	279.3900146
902	279.3299866
903	279.3299866
904	279.269989
905	279.230011
906	279.230011
907	279.1199951
908	279.1600037
909	279.230011
910	279.2000122
911	279.3500061
912	279.2000122
913	279.2000122
914	279.2000122
915	279.269989
916	279.4100037
917	279.4100037
918	279.4299927
919	279.3699951
920	279.4299927
921	279.4599915
922	279.480011
923	279.480011
924	279.519989
925	279.4299927
926	279.4599915
927	279.3699951
928	279.3699951
929	279.3500061
930	279.3900146
931	279.4100037
932	279.4299927
933	279.5400085
934	279.5
935	279.5
936	279.4299927
937	279.3500061
938	279.480011
939	279.4299927
940	279.3699951
941	279.3299866
942	279.3500061
943	279.4100037
944	279.4599915
945	279.4299927
946	279.4599915
947	279.5
948	279.5400085
949	279.519989
950	279.6000061
951	279.6400146
952	279.6199951
953	279.6199951
954	279.5400085
955	279.4100037
956	279.5
957	279.4599915
958	279.480011
959	279.5599976
960	279.4599915
961	279.480011
962	279.5
963	279.5799866
964	279.5
965	279.519989
966	279.480011
967	279.480011
968	279.6000061
969	279.5799866
970	279.5599976
971	279.6400146
972	279.6400146
973	279.6000061
974	279.6000061
975	279.6400146
976	279.6600037
977	279.6900024
978	279.730011
979	279.6000061
980	279.5799866
981	279.6199951
982	279.730011
983	279.769989
984	279.730011
985	279.6199951
986	279.6000061
987	279.519989
988	279.5400085
989	279.519989
990	279.4599915
991	279.519989
992	279.6000061
993	279.5400085
994	279.6199951
995	279.6400146
996	279.6400146
997	279.5400085
998	279.519989
999	279.519989
1000	279.6199951
1001	279.5400085
1002	279.5400085
1003	279.6199951
1004	279.6400146
1005	279.5599976
1006	279.5599976
1007	279.5799866
1008	279.5799866
1009	279.6400146
1010	279.6000061
1011	279.5599976
1012	279.5599976
1013	279.5599976
1014	279.6400146
1015	279.769989
1016	279.730011
1017	279.6000061
1018	279.5799866
1019	279.5400085
1020	279.5599976
1021	279.519989
1022	279.519989
1023	279.480011
1024	279.5400085
1025	279.519989
1026	279.519989
1027	279.6000061
1028	279.6199951
1029	279.6400146
1030	279.5799866
1031	279.519989
1032	279.5400085
1033	279.6000061
1034	279.6000061
1035	279.6400146
1036	279.5599976
1037	279.5
1038	279.5
1039	279.5599976
1040	279.5
1041	279.519989
1042	279.3900146
1043	279.2900085
1044	279.3299866
1045	279.3299866
1046	279.5400085
1047	279.4599915
1048	279.269989
1049	279.269989
1050	279.3500061
1051	279.3699951
1052	279.3500061
1053	279.3699951
1054	279.3500061
1055	279.6400146
1056	279.9400024
1057	280.2099915
1058	280.480011
1059	280.6499939
1060	281.2099915
1061	281.4200134
1062	281.7099915
1063	282.0899963
1064	282.2399902
1065	282.5299988
1066	282.5700073
1067	282.8900146
1068	283.2200012
1069	283.3500061
1070	283.3500061
1071	283.4100037
1072	283.4100037
1073	283.4299927
1074	283.6199951
1075	283.8099976
1076	283.9299927
1077	283.9299927
1078	284.0799866
1079	284.0599976
1080	284.1000061
1081	284.1600037
1082	284.2900085
1083	284.2200012
1084	284.2200012
1085	284.1799927
1086	284.269989
1087	284.1799927
1088	284.1799927
1089	284.2399902
1090	284.3699951
1091	284.5
1092	284.6199951
1093	284.519989
1094	284.5400085
1095	284.6199951
1096	284.5599976
1097	284.5599976
1098	284.6000061
1099	284.519989
1100	284.6000061
1101	284.7000122
1102	284.5400085
1103	284.4500122
1104	284.4500122
1105	284.5
1106	284.6199951
1107	284.5799866
1108	284.6400146
1109	284.6400146
1110	284.769989
1111	284.8699951
1112	284.9100037
1113	284.9599915
1114	284.8900146
1115	284.980011
1116	284.980011
1117	284.6600037
1118	284.730011
1119	284.8299866
1120	284.8099976
1121	284.8500061
1122	284.8099976
1123	284.769989
1124	284.7900085
1125	284.9100037
1126	284.8500061
1127	284.7900085
1128	284.75
1129	284.769989
1130	284.8299866
1131	284.7900085
1132	284.9100037
1133	284.980011
1134	284.9599915
1135	284.980011
1136	284.9599915
1137	285
1138	284.9299927
1139	284.9599915
1140	285.019989
1141	285.019989
1142	284.9599915
1143	285.019989
1144	285.0599976
1145	285.0599976
1146	284.9100037
1147	284.9599915
1148	284.9599915
1149	284.9299927
1150	284.8900146
1151	284.8900146
1152	284.8500061
1153	284.8099976
1154	284.8699951
1155	284.8699951
1156	284.6400146
1157	284.6799927
1158	284.6400146
1159	284.6799927
1160	284.7900085
1161	284.75
1162	284.8099976
1163	284.8299866
1164	284.7900085
1165	284.8699951
1166	284.980011
1167	284.8699951
1168	284.8900146
1169	284.8500061
1170	284.8299866
1171	284.75
1172	284.8099976
1173	284.7900085
1174	284.8500061
1175	284.9100037
1176	284.8500061
1177	284.8299866
1178	284.6799927
1179	284.8099976
1180	284.8099976
1181	284.769989
1182	284.7900085
1183	284.8099976
1184	284.8500061
1185	284.9299927
1186	284.8500061
1187	284.8500061
1188	284.8299866
1189	284.8299866
1190	284.8900146
1191	284.9599915
1192	284.9100037
1193	284.980011
1194	284.9100037
1195	284.9299927
1196	284.8500061
1197	284.8699951
1198	284.8500061
1199	284.7900085
1200	284.8500061
1201	284.7900085
1202	284.9299927
1203	284.7900085
1204	284.8500061
1205	284.8699951
1206	284.769989
1207	284.8099976
1208	284.7900085
1209	284.8299866
1210	284.8299866
1211	284.8099976
1212	284.8099976
1213	284.8500061
1214	284.730011
1215	284.769989
1216	284.6199951
1217	284.6199951
1218	284.6799927
1219	284.6799927
1220	284.769989
1221	284.6600037
1222	284.6600037
1223	284.769989
1224	284.8099976
1225	284.8699951
1226	284.8699951
1227	284.9100037
1228	284.9299927
1229	284.9299927
1230	284.9299927
1231	284.9299927
1232	284.980011
1233	284.8299866
1234	284.5400085
1235	284.3699951
1236	283.7399902
1237	282.7200012
1238	281.8999939
1239	279.9400024
1240	278.8699951
1241	275.3099976
1242	274.3299866
1243	272.5299988
1244	271.0700073
1245	270.480011
1246	269.8099976
1247	269.6099854
1248	269.480011
1249	269.6099854
1250	269.7900085
1251	269.7900085
1252	270.230011
1253	270.5299988
1254	270.5899963
1255	271.0299988
1256	271.5499878
1257	272.1400146
1258	272.1400146
1259	272.9100037
1260	273.2200012
1261	273.2900085
1262	273.6400146
1263	274.1000061
1264	274.3099976
1265	274.6000061
1266	274.9200134
1267	275.1700134
1268	275.3599854
1269	275.5
1270	275.6300049
1271	275.769989
1272	275.7999878
1273	276.0499878
1274	276.0899963
1275	276.2099915
1276	276.5100098
1277	276.6300049
1278	276.8599854
1279	276.8399963
1280	277.0299988
1281	277.1300049
1282	277.3399963
1283	277.4299927
1284	277.5100098
1285	277.5499878
1286	277.5100098
1287	277.5899963
1288	277.6199951
1289	277.7600098
1290	277.7600098
1291	277.7999878
1292	277.9899902
1293	278.0499878
1294	278.0499878
1295	278.0799866
1296	278.1199951
1297	278.1199951
1298	278.1000061
1299	278.2200012
1300	278.2600098
1301	278.3299866
1302	278.3099976
1303	278.3299866
1304	278.3500061
1305	278.4500122
1306	278.4700012
1307	278.6600037
1308	278.7000122
1309	278.6799927
1310	278.6199951
1311	278.7000122
1312	278.6400146
1313	278.6199951
1314	278.7200012
1315	278.7000122
1316	278.6400146
1317	278.6400146
1318	278.5799866
1319	278.7000122
1320	278.7200012
1321	278.8099976
1322	278.8099976
1323	278.7900085
1324	278.8099976
1325	278.8900146
1326	278.9700012
1327	279.019989
1328	279.0599976
1329	279.0599976
1330	279.0599976
1331	278.9299927
1332	278.8699951
1333	278.8299866
1334	279.019989
1335	279.0599976
1336	279.0599976
1337	279
1338	278.9700012
1339	279
1340	278.9700012
1341	279.0799866
1342	279.1199951
1343	279.1000061
1344	279.0599976
1345	279.0400085
1346	279.0400085
1347	279.0799866
1348	279.1000061
1349	279.0400085
1350	279.1199951
1351	279.1199951
1352	279.1600037
1353	279.1400146
1354	279.1000061
1355	279.1199951
1356	279.0799866
1357	279.1000061
1358	279.2000122
1359	279.2000122
1360	279.269989
1361	279.269989
1362	279.269989
1363	279.269989
1364	279.230011
1365	279.25
1366	279.1600037
1367	279.2900085
1368	279.2900085
1369	279.230011
1370	279.269989
1371	279.2900085
1372	279.230011
1373	279.1400146
1374	279.2000122
1375	279.1400146
1376	279.3500061
1377	279.4599915
1378	279.5
1379	279.5
1380	279.4299927
1381	279.480011
1382	279.4100037
1383	279.3299866
1384	279.269989
1385	279.2900085
1386	279.269989
1387	279.2900085
1388	279.2900085
1389	279.3900146
1390	279.3900146
1391	279.4100037
1392	279.4100037
1393	279.4100037
1394	279.4100037
1395	279.3900146
1396	279.480011
1397	279.4100037
1398	279.2900085
1399	279.3099976
1400	279.3099976
1401	279.3500061
1402	279.3699951
1403	279.3099976
1404	279.4100037
1405	279.4299927
1406	279.4599915
1407	279.4599915
1408	279.5
1409	279.5
1410	279.4599915
1411	279.5799866
1412	279.5599976
1413	279.5
1414	279.5400085
1415	279.3900146
1416	279.5
1417	279.3900146
1418	279.3699951
1419	279.3900146
1420	279.3500061
1421	279.3099976
1422	279.2900085
1423	279.25
1424	279.25
1425	279.230011
1426	279.269989
1427	279.269989
1428	279.3299866
1429	279.3099976
1430	279.3500061
1431	279.4100037
1432	279.4100037
1433	279.5400085
1434	279.6000061
1435	279.5799866
1436	279.5400085
1437	279.5
1438	279.480011
1439	279.480011
1440	279.3699951
1441	279.519989
1442	279.5
1443	279.4299927
1444	279.3500061
1445	279.3299866
1446	279.269989
1447	279.4299927
1448	279.480011
1449	279.5400085
1450	279.6000061
1451	279.5599976
1452	279.519989
1453	279.5799866
1454	279.519989
1455	279.519989
1456	279.5799866
1457	279.6000061
1458	279.6400146
1459	279.6400146
1460	279.6199951
1461	279.6400146
1462	279.6199951
1463	279.6900024
1464	279.7099915
1465	279.6900024
1466	279.6600037
1467	279.6400146
1468	279.5400085
1469	279.4599915
1470	279.4100037
1471	279.4100037
1472	279.5
1473	279.5599976
1474	279.5599976
1475	279.519989
1476	279.519989
1477	279.5400085
1478	279.5400085
1479	279.6199951
1480	279.6400146
1481	279.730011
1482	279.5799866
1483	279.5599976
1484	279.5
1485	279.480011
1486	279.3299866
1487	279.3900146
1488	279.4100037
1489	279.3699951
1490	279.3099976
1491	279.269989
1492	279.269989
1493	279.3500061
1494	279.3500061
1495	279.4100037
1496	279.5
1497	279.5799866
1498	279.6199951
1499	279.6000061
1500	279.5799866
1501	279.4599915
1502	279.519989
1503	279.519989
1504	279.5599976
1505	279.480011
1506	279.4100037
1507	279.3900146
1508	279.4299927
1509	279.3900146
1510	279.3900146
1511	279.4299927
1512	279.5
1513	279.4299927
1514	279.3699951
1515	279.25
1516	279.3099976
1517	279.3900146
1518	279.4599915
1519	279.6000061
1520	279.6000061
1521	279.3500061
1522	279.1600037
1523	279.25
1524	279.269989
1525	279.4100037
1526	279.3699951
1527	279.4599915
1528	279.6199951
1529	279.8299866
1530	280.1199951
1531	280.2900085
1532	280.6300049
1533	280.8999939
1534	281.1900024
1535	281.5499878
1536	281.7799988
1537	282.0899963
1538	282.3200073
1539	282.5899963
1540	282.7799988
1541	283.0100098
1542	283.0100098
1543	283.2999878
1544	283.5299988
1545	283.6199951
1546	283.8099976
1547	283.8299866
1548	283.8699951
1549	283.8699951
1550	284.0400085
1551	284.0799866
1552	284.1600037
1553	284.1799927
1554	284.1799927
1555	284.1600037
1556	284.1400146
1557	283.9500122
1558	283.9299927
1559	284.0400085
1560	284.1199951
1561	284.1400146
1562	284.1600037
1563	284.2399902
1564	284.3699951
1565	284.4100037
1566	284.4700012
1567	284.5
1568	284.6000061
1569	284.6400146
1570	284.5799866
1571	284.6000061
1572	284.5799866
1573	284.519989
1574	284.519989
1575	284.5400085
1576	284.5799866
1577	284.5400085
1578	284.6000061
1579	284.6400146
1580	284.769989
1581	284.769989
1582	284.8099976
1583	284.75
1584	284.7900085
1585	284.8099976
1586	284.8099976
1587	284.8099976
1588	284.8099976
1589	284.8099976
1590	284.769989
1591	284.7000122
1592	284.6400146
1593	284.6400146
1594	284.6600037
1595	284.5400085
1596	284.7000122
1597	284.75
1598	284.769989
1599	284.8500061
1600	284.75
1601	284.8099976
1602	284.8099976
1603	284.9299927
1604	284.8500061
1605	284.8099976
1606	284.769989
1607	284.7900085
1608	284.8500061
1609	284.8699951
1610	284.8500061
1611	284.8900146
1612	284.8099976
1613	284.8099976
1614	284.8900146
1615	284.7900085
1616	284.6799927
1617	284.7900085
1618	284.75
1619	284.730011
1620	284.730011
1621	284.75
1622	284.75
1623	284.8099976
1624	284.8500061
1625	284.7000122
1626	284.6199951
1627	284.5599976
1628	284.6799927
1629	284.6400146
1630	284.75
1631	284.769989
1632	284.9100037
1633	284.8900146
1634	284.9599915
1635	284.9599915
1636	284.9599915
1637	284.980011
1638	284.9299927
1639	284.9100037
1640	284.8900146
1641	284.9299927
1642	284.9100037
1643	284.980011
1644	284.8699951
1645	284.8699951
1646	284.8699951
1647	284.8500061
1648	284.769989
1649	284.8099976
1650	284.8299866
1651	284.8500061
1652	284.8500061
1653	284.8299866
1654	284.8299866
1655	284.9299927
1656	284.8699951
1657	284.8900146
1658	284.8699951
1659	284.8699951
1660	284.8500061
1661	285
1662	285
1663	284.980011
1664	284.9599915
1665	284.980011
1666	285.019989
1667	284.8699951
1668	284.8500061
1669	284.8900146
1670	284.9100037
1671	284.8299866
1672	284.7900085
1673	284.730011
1674	284.6799927
1675	284.75
1676	284.769989
1677	284.7900085
1678	284.8099976
1679	284.769989
1680	284.769989
1681	284.7900085
1682	284.8299866
1683	284.7900085
1684	284.7900085
1685	284.8699951
1686	284.9100037
1687	284.9299927
1688	284.9100037
1689	284.8500061
1690	284.8500061
1691	284.8500061
1692	284.9100037
1693	284.769989
1694	284.75
1695	284.6000061
1696	284.6199951
1697	284.6600037
1698	284.7900085
1699	284.9100037
1700	285.019989
1701	285.1199951
1702	285.1400146
1703	285.2099915
1704	285.1600037
1705	285.0799866
1706	284.9100037
1707	284.9599915
1708	284.6799927
1709	283.9100037
1710	283.2799988
1711	281.7099915
1712	280.7900085
1713	278.2799988
1714	275.8599854
1715	273.8099976
1716	273.8099976
1717	271.2600098
1718	270
1719	269.5799866
1720	268.9400024
1721	268.5799866
1722	268.6600037
1723	268.6600037
1724	269.0400085
1725	269.269989
1726	269.480011
1727	270.0899963
1728	270.5700073
1729	271.1099854
1730	271.1099854
1731	272.0700073
1732	272.6400146
1733	272.9299927
1734	273.3299866
1735	273.6000061
1736	273.6000061
1737	273.6199951
1738	273.980011
1739	274.0599976
1740	274.5
1741	274.8999939
1742	275
1743	275.230011
1744	275.25
1745	275.519989
1746	275.5899963
1747	275.7999878
1748	275.8999939
1749	275.980011
1750	276.1099854
1751	276.2600098
1752	276.4899902
1753	276.6099854
1754	276.6300049
1755	276.6300049
1756	276.8399963
1757	276.9500122
1758	277.0899963
1759	277.2600098
1760	277.3900146
1761	277.4899902
1762	277.4899902
1763	277.5700073
1764	277.6199951
1765	277.5499878
1766	277.6600037
1767	277.7399902
1768	277.7799988
1769	277.8900146
1770	277.9299927
1771	277.9899902
1772	278.1000061
1773	278.1199951
1774	278.2600098
1775	278.2399902
1776	278.3099976
1777	278.3900146
1778	278.3699951
1779	278.3900146
1780	278.3900146
1781	278.3299866
1782	278.2799988
1783	278.3299866
1784	278.4100037
1785	278.4100037
1786	278.4700012
1787	278.5100098
1788	278.4899902
1789	278.5599976
1790	278.5400085
1791	278.6400146
1792	278.6199951
1793	278.5799866
1794	278.5799866
1795	278.6400146
1796	278.6799927
1797	278.6400146
1798	278.7399902
1799	278.8299866
1800	278.9299927
1801	278.9299927
1802	278.9299927
1803	278.9100037
1804	278.8699951
1805	278.8299866
1806	278.9100037
1807	278.9299927
1808	278.9100037
1809	278.9500122
1810	278.8900146
1811	278.8699951
1812	278.9299927
1813	278.9500122
1814	278.9700012
1815	278.9500122
1816	278.9700012
1817	279.019989
1818	279
1819	279.0400085
1820	279.0400085
1821	279.0400085
1822	279.019989
1823	279.0599976
1824	279.2000122
1825	279.1799927
1826	279.1799927
1827	279
1828	279
1829	278.9500122
1830	278.9100037
1831	278.8699951
1832	279.0400085
1833	279.0400085
1834	279.0599976
1835	279.1199951
1836	279.1799927
1837	279.1600037
1838	279.1400146
1839	279.1799927
1840	279.230011
1841	279.1400146
1842	279.1000061
1843	278.9700012
1844	278.9100037
1845	278.9700012
1846	279
1847	278.9700012
1848	279.019989
1849	279.0400085
1850	279.1400146
1851	279.0799866
1852	279.0799866
1853	279.0599976
1854	279.0799866
1855	279.0799866
1856	279.1000061
1857	279.1799927
1858	279.2000122
1859	279.269989
1860	279.2000122
1861	279.2000122
1862	279.269989
1863	279.25
1864	279.3099976
1865	279.3099976
1866	279.1799927
1867	279.1400146
1868	279.1400146
1869	279.1600037
1870	279.2900085
1871	279.25
1872	279.25
1873	279.1799927
1874	279.1400146
1875	279.2000122
1876	279.2000122
1877	279.2000122
1878	279.1400146
1879	279.1600037
1880	279.1799927
1881	279.25
1882	279.2000122
1883	279.0799866
1884	279.0599976
1885	279.0599976
1886	279.0400085
1887	279.0799866
1888	279.1199951
1889	279.25
1890	279.25
1891	279.25
1892	279.1600037
1893	279.2000122
1894	279.3099976
1895	279.269989
1896	279.25
1897	279.25
1898	279.2000122
1899	279.25
1900	279.2900085
1901	279.2900085
1902	279.2000122
1903	279.1799927
1904	279.1799927
1905	279.1400146
1906	279.1600037
1907	279.2000122
1908	279.1000061
1909	279.1199951
1910	279.230011
1911	279.230011
1912	279.2000122
1913	279.2000122
1914	279.1600037
1915	279.1199951
1916	279.1600037
1917	279.1799927
1918	279.1199951
1919	279.1400146
1920	279.1199951
1921	279.1400146
1922	279.269989
1923	279.25
1924	279.25
1925	279.25
1926	279.269989
1927	279.1400146
1928	279.1400146
1929	279.2000122
1930	279.1799927
1931	279.2000122
1932	279.2000122
1933	279.1400146
1934	279.0799866
1935	279.1199951
1936	279.1199951
1937	279.1199951
1938	279.1199951
1939	279.1000061
1940	279.0799866
1941	279.0400085
1942	279.1600037
1943	279.1600037
1944	279.1600037
1945	279.1799927
1946	279.1199951
1947	279.0799866
1948	278.9500122
1949	278.9700012
1950	278.9700012
1951	278.9500122
1952	279.019989
1953	278.9500122
1954	279.0599976
1955	279.0400085
1956	279.0599976
1957	279.019989
1958	278.9500122
1959	279.0400085
1960	279.0799866
1961	279.1400146
1962	279.1400146
1963	279.2000122
1964	279.1799927
1965	279.1199951
1966	279.1199951
1967	279.1000061
1968	279.1000061
1969	279.1600037
1970	279.269989
1971	279.2000122
1972	279.1799927
1973	279.269989
1974	279.2000122
1975	279.2000122
1976	279.1600037
1977	279.0799866
1978	279.1199951
1979	279.1000061
1980	279.019989
1981	279.019989
1982	279.019989
1983	279.0599976
1984	279.0599976
1985	279.019989
1986	279.0799866
1987	279.0799866
1988	279.1799927
1989	279.230011
1990	279.3500061
1991	279.3900146
1992	279.5
1993	279.4599915
1994	279.3099976
1995	279.1400146
1996	279.2000122
1997	279.0599976
1998	279.0400085
1999	279.1199951
2000	279.1000061
2001	279.230011
2002	279.3900146
2003	279.519989
2004	279.8299866
2005	280.25
2006	280.5599976
2007	280.5599976
2008	281.0400085
2009	281.3999939
2010	281.4599915
2011	281.8399963
2012	282.2200012
2013	282.4700012
2014	282.4700012
2015	282.6799927
2016	282.8399963
2017	282.8599854
2018	283.1400146
2019	283.3200073
2020	283.4299927
2021	283.4500122
2022	283.4500122
2023	283.4700012
2024	283.4899902
2025	283.7000122
2026	283.7600098
2027	283.8500061
2028	283.9299927
2029	284.0799866
2030	284.0799866
2031	284.0599976
2032	284.1199951
2033	284.0100098
2034	283.9500122
2035	284.1199951
2036	284.2200012
2037	284.2000122
2038	284.2200012
2039	284.2200012
2040	284.2900085
2041	284.2200012
2042	284.2399902
2043	284.3099976
2044	284.5
2045	284.6000061
2046	284.6000061
2047	284.6799927
2048	284.5799866
2049	284.5799866
2050	284.4500122
2051	284.4500122
2052	284.519989
2053	284.519989
2054	284.4700012
2055	284.5799866
2056	284.6400146
2057	284.6199951
2058	284.6199951
2059	284.6199951
2060	284.6600037
2061	284.6600037
2062	284.7000122
2063	284.7000122
2064	284.6000061
2065	284.6199951
2066	284.7000122
2067	284.6799927
2068	284.7900085
2069	284.8500061
2070	284.8099976
2071	284.8099976
2072	284.7000122
2073	284.6199951
2074	284.6000061
2075	284.5799866
2076	284.6199951
2077	284.75
2078	284.75
2079	284.6799927
2080	284.7900085
2081	284.730011
2082	284.730011
2083	284.5599976
2084	284.7000122
2085	284.7000122
2086	284.75
2087	284.6199951
2088	284.730011
2089	284.8299866
2090	284.8099976
2091	284.8099976
2092	284.8099976
2093	284.980011
2094	284.9100037
2095	284.8699951
2096	284.8500061
2097	284.9299927
2098	284.9599915
2099	284.9599915
2100	284.9100037
2101	284.8299866
2102	284.8099976
2103	284.730011
2104	284.730011
2105	284.7900085
2106	284.8299866
2107	284.9100037
2108	284.980011
2109	284.9599915
2110	285
2111	284.9100037
2112	284.8699951
2113	284.8500061
2114	284.8299866
2115	284.8500061
2116	284.9100037
2117	284.9100037
2118	284.8299866
2119	284.8299866
2120	284.7900085
2121	284.769989
2122	284.8500061
2123	284.8900146
2124	284.8900146
2125	284.9299927
2126	284.8099976
2127	284.8099976
2128	284.7900085
2129	284.6600037
2130	284.6400146
2131	284.6400146
2132	284.7900085
2133	284.769989
2134	284.730011
2135	284.7000122
2136	284.7900085
2137	284.8099976
2138	284.8500061
2139	284.8699951
2140	284.7900085
2141	284.7000122
2142	284.7000122
2143	284.7000122
2144	284.7900085
2145	284.769989
2146	284.9100037
2147	284.8500061
2148	284.8500061
2149	284.8500061
2150	284.730011
2151	284.75
2152	284.75
2153	284.6799927
2154	284.769989
2155	284.730011
2156	284.730011
2157	284.7900085
2158	284.769989
2159	284.8299866
2160	284.769989
2161	284.8299866
2162	284.8299866
2163	284.8299866
2164	284.8500061
2165	284.8299866
2166	284.8699951
2167	284.7900085
2168	284.5400085
2169	284.6799927
2170	284.6199951
2171	284.730011
2172	284.769989
2173	284.7000122
2174	284.8299866
2175	284.8099976
2176	284.8699951
2177	284.8900146
2178	284.8699951
2179	284.8699951
2180	284.769989
2181	284.4500122
2182	284.1000061
2183	283.0899963
2184	282.5299988
2185	280.5799866
2186	278.6000061
2187	276.3399963
2188	276.3399963
2189	272.8500061
2190	271.0100098
2191	270.2999878
2192	269.230011
2193	268.5799866
2194	268.3699951
2195	268.3699951
2196	268.6600037
2197	269.019989
2198	269.0599976
2199	269.5
2200	269.9200134
2201	270.1300049
2202	270.3200073
2203	270.8999939
2204	271.3800049
2205	271.5899963
2206	272.1400146
2207	272.5499878
2208	272.8299866
2209	272.9500122
2210	273.4500122
2211	273.519989
2212	273.9100037
2213	274.3099976
2214	274.4400024
2215	274.6499939
2216	274.7900085
2217	274.980011
2218	275.2099915
2219	275.3800049
2220	275.3800049
2221	275.730011
2222	275.9200134
2223	276
2224	276.0700073
2225	276.2600098
2226	276.3399963
2227	276.3399963
2228	276.6300049
2229	276.7200012
2230	276.7600098
2231	276.8399963
2232	276.9899902
2233	277.1300049
2234	277.1300049
2235	277.3399963
2236	277.3399963
2237	277.3599854
2238	277.4899902
2239	277.6799927
2240	277.5700073
2241	277.6199951
2242	277.7000122
2243	277.7200012
2244	277.7600098
2245	277.8900146
2246	277.8900146
2247	277.8500061
2248	277.8500061
2249	277.7999878
2250	277.8900146
2251	277.9100037
2252	278.0499878
2253	278.0499878
2254	278.1600037
2255	278.2200012
2256	278.2799988
2257	278.2799988
2258	278.2799988
2259	278.2799988
2260	278.1799927
2261	278.2799988
2262	278.2799988
2263	278.3699951
2264	278.3299866
2265	278.3500061
2266	278.3500061
2267	278.2799988
2268	278.3299866
2269	278.3099976
2270	278.3099976
2271	278.3699951
2272	278.4700012
2273	278.4700012
2274	278.4500122
2275	278.5100098
2276	278.5799866
2277	278.6199951
2278	278.6600037
2279	278.7399902
2280	278.7399902
2281	278.9299927
2282	279.019989
2283	278.9500122
2284	278.8900146
2285	278.8299866
2286	278.7900085
2287	278.769989
2288	278.6799927
2289	278.7200012
2290	278.7200012
2291	278.8099976
2292	278.7900085
2293	278.8299866
2294	278.9100037
2295	278.8500061
2296	278.7200012
2297	278.6400146
2298	278.6400146
2299	278.7399902
2300	278.7200012
2301	278.7399902
2302	278.8699951
2303	278.9100037
2304	278.9500122
2305	278.9500122
2306	278.9700012
2307	279.0400085
2308	279.0400085
2309	279.0599976
2310	279.1600037
2311	279.0400085
2312	279.0599976
2313	279.1000061
2314	279.1000061
2315	279.019989
2316	278.9299927
2317	278.9700012
2318	278.9299927
2319	278.9500122
2320	278.9100037
2321	278.9700012
2322	278.9299927
2323	279
2324	279.0599976
2325	279.1000061
2326	279.1000061
2327	279.0799866
2328	279.019989
2329	278.9100037
2330	278.9100037
2331	278.9299927
2332	278.9500122
2333	279
2334	279.0599976
2335	279.1199951
2336	279.0400085
2337	279.0400085
2338	279.1000061
2339	279.1600037
2340	279.1000061
2341	279.1000061
2342	279.1000061
2343	279.0799866
2344	279.0799866
2345	279.1000061
2346	279.230011
2347	279.1600037
2348	279.2000122
2349	279.1600037
2350	279.1400146
2351	279.1199951
2352	279.1799927
2353	279.269989
2354	279.269989
2355	279.269989
2356	279.3099976
2357	279.25
2358	279.2000122
2359	279.1600037
2360	279.1199951
2361	279.2000122
2362	279.2900085
2363	279.3299866
2364	279.230011
2365	279.1799927
2366	279.1199951
2367	279.0400085
2368	279.0400085
2369	279.0400085
2370	279.0599976
2371	279.0599976
2372	279.0799866
2373	279.1000061
2374	279.0599976
2375	279.1000061
2376	279.1000061
2377	279.1400146
2378	279.1600037
2379	279.230011
2380	279.25
2381	279.1199951
2382	279.1000061
2383	279.0799866
2384	279.019989
2385	279.0799866
2386	279.1600037
2387	279.1199951
2388	279.1199951
2389	279.1400146
2390	279.0599976
2391	279
2392	279.0599976
2393	278.9700012
2394	278.9500122
2395	279.0599976
2396	279.1000061
2397	279.1400146
2398	279.0799866
2399	279.0799866
2400	279.0599976
2401	279.0599976
2402	279.1400146
2403	279.1799927
2404	279.1400146
2405	279.1600037
2406	279.0799866
2407	278.9299927
2408	278.9299927
2409	279.019989
2410	279.0599976
2411	279.1600037
2412	279.3500061
2413	279.1799927
2414	279.019989
2415	279.019989
2416	278.9299927
2417	278.9700012
2418	279.1000061
2419	279.1000061
2420	279.1400146
2421	279.1199951
2422	279.0599976
2423	279
2424	279.0400085
2425	278.9299927
2426	278.8699951
2427	278.8500061
2428	278.8099976
2429	278.8299866
2430	278.9299927
2431	278.8900146
2432	278.9100037
2433	278.9500122
2434	278.9500122
2435	279.0400085
2436	279.0400085
2437	279.0599976
2438	279
2439	279
2440	279
2441	279
2442	279.0400085
2443	278.9700012
2444	279.0799866
2445	279.1400146
2446	279.2000122
2447	279.2000122
2448	279.1199951
2449	279.1799927
2450	279.1400146
2451	279.1199951
2452	279.1199951
2453	279
2454	278.9500122
2455	278.8500061
2456	278.9299927
2457	279.019989
2458	279.1000061
2459	279.1000061
2460	279.1600037
2461	279.1199951
2462	279.1000061
2463	279.2000122
2464	279.1199951
2465	279.2000122
2466	279.3299866
2467	279.1799927
2468	279.1400146
2469	279.019989
2470	279
2471	278.9299927
2472	278.9299927
2473	279.019989
2474	279.0599976
2475	279.0799866
2476	279.3299866
2477	279.519989
2478	279.8699951
2479	279.8699951
2480	280.5400085
2481	280.980011
2482	281.1499939
2483	281.5499878
2484	281.7799988
2485	282.0299988
2486	282.0299988
2487	282.4500122
2488	282.6300049
2489	282.7399902
2490	282.8900146
2491	283.0899963
2492	283.1799927
2493	283.2799988
2494	283.3699951
2495	283.4299927
2496	283.5299988
2497	283.5100098
2498	283.6600037
2499	283.6000061
2500	283.6799927
2501	283.8500061
2502	283.9100037
2503	283.8699951
2504	283.8900146
2505	283.9700012
2506	284.1000061
2507	284.2000122
2508	284.1600037
2509	284.2000122
2510	284.1199951
2511	284.1199951
2512	284.2900085
2513	284.269989
2514	284.269989
2515	284.3099976
2516	284.2000122
2517	284.2900085
2518	284.2900085
2519	284.3099976
2520	284.3900146
2521	284.4299927
2522	284.4500122
2523	284.5
2524	284.5
2525	284.4700012
2526	284.3900146
2527	284.4500122
2528	284.4700012
2529	284.6400146
2530	284.7000122
2531	284.7000122
2532	284.6799927
2533	284.6600037
2534	284.6000061
2535	284.6400146
2536	284.519989
2537	284.6400146
2538	284.730011
2539	284.7000122
2540	284.6799927
2541	284.6600037
2542	284.5599976
2543	284.5
2544	284.4700012
2545	284.519989
2546	284.5599976
2547	284.6799927
2548	284.6799927
2549	284.6400146
2550	284.6400146
2551	284.5799866
2552	284.6000061
2553	284.5799866
2554	284.6000061
2555	284.6199951
2556	284.5799866
2557	284.5799866
2558	284.75
2559	284.7000122
2560	284.7000122
2561	284.730011
2562	284.7000122
2563	284.769989
2564	284.730011
2565	284.8699951
2566	284.769989
2567	284.769989
2568	284.75
2569	284.730011
2570	284.7900085
2571	284.7900085
2572	284.8900146
2573	284.8299866
2574	284.8500061
2575	284.8500061
2576	284.8500061
2577	284.730011
2578	284.75
2579	284.7900085
2580	284.730011
2581	284.6199951
2582	284.6199951
2583	284.6199951
2584	284.6799927
2585	284.6799927
2586	284.75
2587	284.75
2588	284.8500061
2589	284.8500061
2590	284.8900146
2591	284.8099976
2592	284.7900085
2593	284.6600037
2594	284.6799927
2595	284.6600037
2596	284.6600037
2597	284.6199951
2598	284.7900085
2599	284.75
2600	284.730011
2601	284.7000122
2602	284.75
2603	284.7000122
2604	284.7000122
2605	284.769989
2606	284.7000122
2607	284.6600037
2608	284.6000061
2609	284.730011
2610	284.730011
2611	284.6199951
2612	284.730011
2613	284.8699951
2614	284.769989
2615	284.7900085
2616	284.8099976
2617	284.8299866
2618	284.6400146
2619	284.6400146
2620	284.730011
2621	284.730011
2622	284.75
2623	284.7000122
2624	284.75
2625	284.8299866
2626	284.8699951
2627	284.8699951
2628	284.8699951
2629	284.9100037
2630	284.8699951
2631	284.8299866
2632	284.8299866
2633	284.75
2634	284.769989
2635	284.7900085
2636	284.7900085
2637	284.75
2638	284.6400146
2639	284.5599976
2640	284.6799927
2641	284.6400146
2642	284.5799866
2643	284.6400146
2644	284.75
2645	284.7900085
2646	284.8099976
2647	284.9100037
2648	284.9299927
2649	284.9599915
2650	285.019989
2651	284.9299927
2652	285.019989
2653	285.019989
2654	284.8900146
2655	284.4100037
2656	283.9899902
2657	282.6300049
2658	281.1099854
2659	279.1199951
2660	279.1199951
2661	275.769989
2662	273.6000061
2663	272.4899902
2664	270.6900024
2665	269.519989
2666	268.8099976
2667	268.8099976
2668	268.4100037
2669	268.3699951
2670	268.4299927
2671	268.6600037
2672	269.1000061
2673	269.25
2674	269.480011
2675	270.0899963
2676	270.2999878
2677	270.6700134
2678	271.0899963
2679	271.2799988
2680	271.7200012
2681	271.9299927
2682	272.4100037
2683	272.5799866
2684	273.0599976
2685	273.3299866
2686	273.5
2687	273.6199951
2688	273.8299866
2689	274.0799866
2690	274.3099976
2691	274.519989
2692	274.519989
2693	274.730011
2694	274.8800049
2695	274.980011
2696	275.230011
2697	275.519989
2698	275.75
2699	275.75
2700	275.8800049
2701	275.9599915
2702	276.0499878
2703	276.1300049
2704	276.2600098
2705	276.2799988
2706	276.2799988
2707	276.3200073
2708	276.6099854
2709	276.6099854
2710	276.6900024
2711	276.7600098
2712	276.7999878
2713	276.7799988
2714	276.7799988
2715	276.8599854
2716	276.8999939
2717	277.0100098
2718	277.0700073
2719	276.9899902
2720	277.0299988
2721	277.1099854
2722	277.1300049
2723	277.1300049
2724	277.1099854
2725	277.0899963
2726	277.2000122
2727	277.2600098
2728	277.2999878
2729	277.2600098
2730	277.2999878
2731	277.2999878
2732	277.4899902
2733	277.4899902
2734	277.4100037
2735	277.4100037
2736	277.4899902
2737	277.5299988
2738	277.5299988
2739	277.6199951
2740	277.7000122
2741	277.6400146
2742	277.7000122
2743	277.7200012
2744	277.7399902
2745	277.7999878
2746	277.7799988
2747	277.8200073
2748	277.8900146
2749	277.9100037
2750	277.8900146
2751	277.9299927
2752	277.9100037
2753	277.7799988
2754	277.8699951
2755	277.8500061
2756	277.9899902
2757	278.0299988
2758	278.0499878
2759	278.1600037
2760	278.3900146
2761	278.4700012
2762	278.4899902
2763	278.4899902
2764	278.4899902
2765	278.5799866
2766	278.5599976
2767	278.7000122
2768	278.7900085
2769	278.8099976
2770	278.8099976
2771	278.8099976
2772	278.8299866
2773	278.8900146
2774	278.9299927
2775	278.9500122
2776	279
2777	278.9500122
2778	278.9500122
2779	278.8699951
2780	278.9100037
2781	279.0400085
2782	279.019989
2783	279
2784	279
2785	279.0400085
2786	279.0400085
2787	279.1199951
2788	279.1400146
2789	279.0799866
2790	279.0599976
2791	279.019989
2792	278.9700012
2793	278.7900085
2794	278.769989
2795	278.8099976
2796	278.8299866
2797	278.9299927
2798	278.9100037
2799	279.0400085
2800	279.0799866
2801	279.019989
2802	279.019989
2803	279.1400146
2804	279.1400146
2805	279.0799866
2806	279.1199951
2807	279.0799866
2808	279.1199951
2809	279.1199951
2810	279.2900085
2811	279.3099976
2812	279.1799927
2813	279.3099976
2814	279.2900085
2815	279.25
2816	279.25
2817	279.3299866
2818	279.4100037
2819	279.3500061
2820	279.3500061
2821	279.4100037
2822	279.4100037
2823	279.3699951
2824	279.3900146
2825	279.2900085
2826	279.4299927
2827	279.4100037
2828	279.4100037
2829	279.4599915
2830	279.3699951
2831	279.4100037
2832	279.4299927
2833	279.5400085
2834	279.5400085
2835	279.6000061
2836	279.5799866
2837	279.5599976
2838	279.6199951
2839	279.5599976
2840	279.5799866
2841	279.5799866
2842	279.6000061
2843	279.7099915
2844	279.7099915
2845	279.75
2846	279.7099915
2847	279.730011
2848	279.730011
2849	279.7900085
2850	279.7900085
2851	279.7099915
2852	279.7099915
2853	279.6900024
2854	279.7099915
2855	279.6600037
2856	279.519989
2857	279.5
2858	279.5
2859	279.5599976
2860	279.5599976
2861	279.6199951
2862	279.6900024
2863	279.8099976
2864	279.8099976
2865	279.8299866
2866	279.980011
2867	279.980011
2868	279.9400024
2869	279.9599915
2870	279.8699951
2871	279.9400024
2872	279.9400024
2873	279.9400024
2874	279.8699951
2875	279.9400024
2876	279.980011
2877	280.0400085
2878	279.980011
2879	280
2880	280
2881	280.019989
2882	280.1499939
2883	280.0799866
2884	280.1000061
2885	280.1199951
2886	280.1000061
2887	280.2099915
2888	280.1900024
2889	280.1199951
2890	280.1700134
2891	280.1700134
2892	280.1199951
2893	280.230011
2894	280.1000061
2895	280.230011
2896	280.25
2897	280.1900024
2898	280.230011
2899	280.230011
2900	280.25
2901	280.3299866
2902	280.269989
2903	280.25
2904	280.2900085
2905	280.2900085
2906	280.4200134
2907	280.3999939
2908	280.3999939
2909	280.3500061
2910	280.3800049
2911	280.3099976
2912	280.3099976
2913	280.2900085
2914	280.3500061
2915	280.3500061
2916	280.2900085
2917	280.3099976
2918	280.3800049
2919	280.3800049
2920	280.4200134
2921	280.4200134
2922	280.3999939
2923	280.3800049
2924	280.3800049
2925	280.3500061
2926	280.4200134
2927	280.4599915
2928	280.5
2929	280.5599976
2930	280.5400085
2931	280.519989
2932	280.5599976
2933	280.6900024
2934	280.5
2935	280.4200134
2936	280.4599915
2937	280.519989
2938	280.519989
2939	280.6300049
2940	280.6700134
2941	280.4599915
2942	280.4400024
2943	280.519989
2944	280.519989
2945	280.4200134
2946	280.3999939
2947	280.4400024
2948	280.480011
2949	280.6499939
2950	281
2951	281
2952	281.4200134
2953	281.730011
2954	281.8599854
2955	282.1099854
2956	282.4899902
2957	282.6300049
2958	282.7799988
2959	283.0299988
2960	283.1199951
2961	283.1199951
2962	283.2799988
2963	283.4500122
2964	283.4899902
2965	283.5299988
2966	283.7399902
2967	283.8500061
2968	283.8900146
2969	283.9500122
2970	284.0400085
2971	284.1000061
2972	284.1000061
2973	284.1799927
2974	284.3299866
2975	284.3900146
2976	284.3900146
2977	284.2399902
2978	284.3099976
2979	284.3299866
2980	284.4299927
2981	284.5400085
2982	284.6400146
2983	284.6400146
2984	284.6400146
2985	284.6400146
2986	284.6000061
2987	284.7000122
2988	284.6600037
2989	284.6199951
2990	284.6199951
2991	284.769989
2992	284.8500061
2993	284.8500061
2994	284.730011
2995	284.769989
2996	284.8099976
2997	284.75
2998	284.75
2999	284.769989
3000	284.8900146
3001	284.769989
3002	284.7900085
3003	284.7900085
3004	284.730011
3005	284.7900085
3006	284.8299866
3007	284.8299866
3008	284.8299866
3009	284.730011
3010	284.980011
3011	285.019989
3012	285
3013	284.980011
3014	285.0599976
3015	285.0599976
3016	284.9100037
3017	284.9299927
3018	284.9100037
3019	284.980011
3020	285.0400085
3021	285.0799866
3022	285.0799866
3023	285.019989
3024	285.0599976
3025	285.0599976
3026	285.1600037
3027	285.0599976
3028	285.019989
3029	285
3030	284.8699951
3031	284.8299866
3032	284.7900085
3033	284.7900085
3034	284.8900146
3035	284.9299927
3036	284.980011
3037	285
3038	285
3039	285.0400085
3040	285.0400085
3041	284.9599915
3042	284.9100037
3043	284.980011
3044	285
3045	284.980011
3046	284.9599915
3047	284.8900146
3048	284.9100037
3049	284.9299927
3050	284.9599915
3051	284.9299927
3052	284.9100037
3053	284.8500061
3054	284.8500061
3055	284.8699951
3056	284.9299927
3057	284.9100037
3058	284.8099976
3059	284.7900085
3060	284.8900146
3061	284.8900146
3062	284.980011
3063	285.0799866
3064	285.0400085
3065	285.1400146
3066	285.1199951
3067	285.1000061
3068	284.980011
3069	284.8900146
3070	284.8500061
3071	284.9599915
3072	284.8900146
3073	285.0400085
3074	285.0400085
3075	285.0599976
3076	285.1199951
3077	285.1400146
3078	285.0799866
3079	285.1400146
3080	285.1199951
3081	285.0599976
3082	285.0799866
3083	285.0599976
3084	285.019989
3085	285.1199951
3086	285.1199951
3087	285.1400146
3088	284.980011
3089	284.980011
3090	285
3091	285.0599976
3092	285.0400085
3093	285.0400085
3094	285.0599976
3095	285.1400146
3096	285.1400146
3097	285.0799866
3098	285.1199951
3099	285.1900024
3100	285.1900024
3101	285.1000061
3102	285.0599976
3103	285
3104	284.980011
3105	285.0799866
3106	285.0400085
3107	285.1600037
3108	285.019989
3109	285.0400085
3110	285.0799866
3111	285.0400085
3112	285.019989
3113	284.980011
3114	285.019989
3115	284.9599915
3116	285.019989
3117	285.1000061
3118	285.1900024
3119	285.2099915
3120	285.230011
3121	285.2099915
3122	285.25
3123	285.1900024
3124	285.1900024
3125	285.1900024
3126	285.230011
3127	285.2099915
3128	285
3129	284.6400146
3130	283.9299927
3131	282.2399902
3132	282.2399902
3133	278.9700012
3134	277.2000122
3135	276.4200134
3136	274.6700134
3137	273.2000122
3138	272.7000122
3139	272.2399902
3140	271.5299988
3141	271.5100098
3142	271.4500122
3143	271.5700073
3144	271.9299927
3145	272.1099854
3146	272.2999878
3147	272.9100037
3148	273.1400146
3149	273.5799866
3150	274.1600037
3151	274.4200134
3152	274.8099976
3153	274.9400024
3154	275.2099915
3155	275.4400024
3156	275.75
3157	275.75
3158	276.3200073
3159	276.6099854
3160	276.7600098
3161	277.0299988
3162	277.2000122
3163	277.3900146
3164	277.3900146
3165	277.6600037
3166	277.7799988
3167	277.9299927
3168	277.9899902
3169	278.1199951
3170	278.3299866
3171	278.3299866
3172	278.6199951
3173	278.6400146
3174	278.6799927
3175	278.6799927
3176	278.7399902
3177	278.8900146
3178	278.9299927
3179	279.1400146
3180	279.1799927
3181	279.3099976
3182	279.3699951
3183	279.4599915
3184	279.519989
3185	279.519989
3186	279.5799866
3187	279.6199951
3188	279.75
3189	279.7099915
3190	279.769989
3191	279.7900085
3192	279.8699951
3193	279.9200134
3194	279.9200134
3195	279.8500061
3196	279.8500061
3197	279.8900146
3198	279.9200134
3199	279.9400024
3200	280
3201	280.0799866
3202	280.1499939
3203	280.1499939
3204	280.230011
3205	280.3500061
3206	280.3800049
3207	280.4599915
3208	280.4400024
3209	280.4599915
3210	280.4200134
3211	280.4599915
3212	280.4400024
3213	280.4599915
3214	280.480011
3215	280.4200134
3216	280.4599915
3217	280.4599915
3218	280.5
3219	280.5400085
3220	280.5400085
3221	280.6099854
3222	280.7099915
3223	280.6499939
3224	280.6499939
3225	280.6900024
3226	280.6300049
3227	280.6700134
3228	280.6700134
3229	280.6700134
3230	280.6900024
3231	280.6700134
3232	280.769989
3233	280.730011
3234	280.8099976
3235	280.8099976
3236	280.8099976
3237	280.769989
3238	280.6700134
3239	280.6300049
3240	280.6099854
3241	280.6700134
3242	280.6700134
3243	280.769989
3244	280.8099976
3245	280.8599854
3246	280.9599915
3247	280.9200134
3248	280.8800049
3249	280.8800049
3250	280.9200134
3251	280.9400024
3252	280.9200134
3253	280.980011
3254	280.980011
3255	281
3256	280.980011
3257	280.9400024
3258	280.9400024
3259	280.8800049
3260	281
3261	281.0400085
3262	281.0400085
3263	281.0400085
3264	281.0700073
3265	281.019989
3266	281.0899963
3267	281.0899963
3268	281.1700134
3269	281.0899963
3270	281.1499939
3271	281.1099854
3272	281.1099854
3273	281.1499939
3274	281.1499939
3275	281.0400085
3276	281.0899963
3277	281.1700134
3278	281.1700134
3279	281.1300049
3280	281.1900024
3281	281.1900024
3282	281.2099915
3283	281.25
3284	281.230011
3285	281.230011
3286	281.230011
3287	281.269989
3288	281.25
3289	281.269989
3290	281.3200073
3291	281.269989
3292	281.25
3293	281.1900024
3294	281.2099915
3295	281.1300049
3296	281.1900024
3297	281.0400085
3298	281.1499939
3299	281.2099915
3300	281.2999878
3301	281.25
3302	281.2999878
3303	281.2999878
3304	281.2999878
3305	281.3599854
3306	281.3599854
3307	281.3200073
3308	281.3800049
3309	281.3800049
3310	281.4400024
3311	281.4599915
3312	281.4599915
3313	281.4599915
3314	281.4400024
3315	281.5499878
3316	281.4400024
3317	281.4599915
3318	281.480011
3319	281.5499878
3320	281.5
3321	281.5299988
3322	281.480011
3323	281.6099854
3324	281.6300049
3325	281.5899963
3326	281.6099854
3327	281.6099854
3328	281.6499939
3329	281.6300049
3330	281.6300049
3331	281.6300049
3332	281.5899963
3333	281.6499939
3334	281.6099854
3335	281.6300049
3336	281.7999878
3337	281.6900024
3338	281.6900024
3339	281.6900024
3340	281.6499939
3341	281.6900024
3342	281.7099915
3343	281.5899963
3344	281.6499939
3345	281.6499939
3346	281.6300049
3347	281.6099854
3348	281.6300049
3349	281.6099854
3350	281.6700134
3351	281.6900024
3352	281.6900024
3353	281.7099915
3354	281.6499939
3355	281.7099915
3356	281.6900024
3357	281.7099915
3358	281.6900024
3359	281.6900024
3360	281.6900024
3361	281.6300049
3362	281.6900024
3363	281.6300049
3364	281.6900024
3365	281.7099915
3366	281.7999878
3367	281.7600098
3368	281.8200073
3369	281.7799988
3370	281.7999878
3371	281.7999878
3372	281.7999878
3373	281.7600098
3374	281.7999878
3375	281.8599854
3376	281.8200073
3377	281.8200073
3378	281.8399963
3379	281.8200073
3380	281.8599854
3381	281.8200073
3382	281.7799988
3383	281.6700134
3384	281.6700134
3385	281.730011
3386	281.6900024
3387	281.7799988
3388	281.730011
3389	281.7600098
3390	281.8200073
3391	281.7799988
3392	281.8399963
3393	281.8399963
3394	281.8999939
3395	281.9599915
3396	281.8999939
3397	281.8800049
3398	281.8599854
3399	281.8800049
3400	281.8800049
3401	281.8599854
3402	281.8999939
3403	281.8800049
3404	281.8599854
3405	281.8800049
3406	281.9400024
3407	281.9599915
3408	281.9200134
3409	281.9200134
3410	281.9400024
3411	281.8800049
3412	281.9599915
3413	282.0499878
3414	281.8800049
3415	281.8599854
3416	281.8599854
3417	281.6700134
3418	281.730011
3419	281.6700134
3420	281.6099854
3421	281.7799988
3422	282.0299988
3423	282.0299988
3424	282.4299927
3425	282.6600037
3426	282.8599854
3427	283.0899963
3428	283.2600098
3429	283.2999878
3430	283.3900146
3431	283.5799866
3432	283.7399902
3433	283.9100037
3434	283.9700012
3435	283.8900146
3436	283.9500122
3437	283.9700012
3438	283.9500122
3439	284.1600037
3440	284.3099976
3441	284.5400085
3442	284.6199951
3443	284.6600037
3444	284.730011
3445	284.6199951
3446	284.6600037
3447	284.6600037
3448	284.6600037
3449	284.6600037
3450	284.730011
3451	284.7000122
3452	284.8500061
3453	284.8900146
3454	284.8699951
3455	284.8699951
3456	284.9599915
3457	285.0599976
3458	285.0400085
3459	285.019989
3460	285.019989
3461	285.019989
3462	285
3463	285.1600037
3464	285.1400146
3465	285.1000061
3466	284.9299927
3467	284.9599915
3468	284.9100037
3469	284.9100037
3470	284.9100037
3471	284.8299866
3472	284.8500061
3473	284.980011
3474	285
3475	284.9599915
3476	285.019989
3477	284.980011
3478	285.019989
3479	284.8900146
3480	284.8900146
3481	284.9299927
3482	284.8299866
3483	284.8500061
3484	284.9100037
3485	284.8900146
3486	284.9100037
3487	284.9100037
3488	284.980011
3489	284.9599915
3490	285
3491	285.019989
3492	285
3493	285.1000061
3494	285.1000061
3495	285.0799866
3496	285.1199951
3497	285.1000061
3498	285.0599976
3499	285.1199951
3500	285.1000061
3501	285.1199951
3502	285.019989
3503	285.0599976
3504	285.1400146
3505	284.980011
3506	284.8500061
3507	285.0400085
3508	285
3509	285.0599976
3510	285.1199951
3511	285.1400146
3512	285.0400085
3513	284.9299927
3514	285
3515	285.0799866
3516	284.980011
3517	285.1199951
3518	285.1000061
3519	285.1000061
3520	285.1400146
3521	285.1400146
3522	285.1400146
3523	285.1900024
3524	285.269989
3525	285.25
3526	285.25
3527	285.25
3528	285.230011
3529	285.1900024
3530	285.1600037
3531	285.1900024
3532	285.1400146
3533	285.230011
3534	285.2099915
3535	285.1400146
3536	285.2099915
3537	285.1000061
3538	285.0599976
3539	285.0799866
3540	285.1400146
3541	285.25
3542	285.230011
3543	285.25
3544	285.1199951
3545	285.1199951
3546	285.1000061
3547	285.2099915
3548	285.1600037
3549	285.0799866
3550	285.0599976
3551	285.0599976
3552	285.1000061
3553	285.1600037
3554	285.0599976
3555	285.019989
3556	285
3557	285.1000061
3558	285.1000061
3559	285.1000061
3560	285.1900024
3561	285.1400146
3562	285.1199951
3563	285.0400085
3564	285.1000061
3565	285.1000061
3566	285.1400146
3567	285.1199951
3568	285.1400146
3569	285.1600037
3570	285.1199951
3571	285.0799866
3572	285.0799866
3573	285.1000061
3574	285.1199951
3575	285.0599976
3576	285.019989
3577	285.0400085
3578	285.1000061
3579	285.1199951
3580	285.1199951
3581	285.1199951
3582	285.1400146
3583	285.269989
3584	285.1900024
3585	285.1199951
3586	285.1600037
3587	285.1600037
3588	285.1000061
3589	285.0400085
3590	285.0400085
3591	285.1000061
3592	285.0799866
3593	285.1199951
3594	285.1400146
3595	285.269989
3596	285.3299866
3597	285.3299866
3598	285.3500061
3599	285.3699951
3600	285.3099976
3601	285.0400085
3602	284.4700012
3603	284.0599976
3604	283.4299927
3605	281.0899963
3606	279.5400085
3607	278.7399902
3608	277.1300049
3609	275.7099915
3610	275.2099915
3611	274.6900024
3612	273.6600037
3613	273.5
3614	273.3699951
3615	273.3099976
3616	273.3900146
3617	273.5799866
3618	273.7900085
3619	274.2099915
3620	274.4599915
3621	274.730011
3622	275.1700134
3623	275.3599854
3624	275.730011
3625	275.8999939
3626	276.230011
3627	276.5499878
3628	276.7200012
3629	276.7200012
3630	277.1099854
3631	277.4500122
3632	277.5700073
3633	277.6799927
3634	277.8500061
3635	278.1199951
3636	278.1199951
3637	278.4299927
3638	278.6600037
3639	278.7000122
3640	278.8900146
3641	279.019989
3642	279.1799927
3643	279.269989
3644	279.3500061
3645	279.4599915
3646	279.480011
3647	279.6000061
3648	279.6900024
3649	279.769989
3650	279.8099976
3651	280
3652	279.9599915
3653	279.980011
3654	280.0599976
3655	280.0400085
3656	280.1199951
3657	280.1499939
3658	280.3299866
3659	280.3299866
3660	280.3500061
3661	280.3500061
3662	280.4599915
3663	280.6099854
3664	280.5799866
3665	280.730011
3666	280.730011
3667	280.75
3668	280.75
3669	280.8800049
3670	280.8800049
3671	280.8099976
3672	280.8800049
3673	280.9400024
3674	280.9200134
3675	280.9200134
3676	280.9400024
3677	280.9599915
3678	280.9599915
3679	281.0400085
3680	281.019989
3681	281.0899963
3682	281
3683	281.019989
3684	281
3685	281.1499939
3686	281.1499939
3687	281.2099915
3688	281.230011
3689	281.230011
3690	281.25
3691	281.3200073
3692	281.2099915
3693	281.269989
3694	281.230011
3695	281.2999878
3696	281.2999878
3697	281.3800049
3698	281.3999939
3699	281.3800049
3700	281.3800049
3701	281.4599915
3702	281.4200134
3703	281.4200134
3704	281.4599915
3705	281.4400024
3706	281.4400024
3707	281.4400024
3708	281.5499878
3709	281.5499878
3710	281.6099854
3711	281.6099854
3712	281.4599915
3713	281.5899963
3714	281.5899963
3715	281.5899963
3716	281.5899963
3717	281.6099854
3718	281.6099854
3719	281.6499939
3720	281.6499939
3721	281.6499939
3722	281.7600098
3723	281.730011
3724	281.7099915
3725	281.6300049
3726	281.6499939
3727	281.6900024
3728	281.6700134
3729	281.6900024
3730	281.7600098
3731	281.7600098
3732	281.7600098
3733	281.7099915
3734	281.6700134
3735	281.6700134
3736	281.7799988
3737	281.7799988
3738	281.7600098
3739	281.7600098
3740	281.7999878
3741	281.8200073
3742	281.8200073
3743	281.7999878
3744	281.7799988
3745	281.7099915
3746	281.7099915
3747	281.6900024
3748	281.7799988
3749	281.7099915
3750	281.7799988
3751	281.8200073
3752	281.8399963
3753	281.8399963
3754	281.8999939
3755	281.8999939
3756	281.8200073
3757	281.7799988
3758	281.7799988
3759	281.8599854
3760	281.8599854
3761	281.7799988
3762	281.7999878
3763	281.8200073
3764	281.7999878
3765	281.7600098
3766	281.730011
3767	281.7999878
3768	281.8999939
3769	281.8800049
3770	281.8599854
3771	281.8599854
3772	281.7799988
3773	281.8599854
3774	281.8399963
3775	281.8599854
3776	281.8599854
3777	281.8599854
3778	281.8599854
3779	281.8599854
3780	281.8800049
3781	281.8599854
3782	281.8399963
3783	281.8200073
3784	281.8399963
3785	281.8599854
3786	281.8399963
3787	281.8999939
3788	281.9200134
3789	282.0100098
3790	281.9899902
3791	281.9400024
3792	281.8800049
3793	281.8200073
3794	281.8800049
3795	281.9599915
3796	281.8999939
3797	281.8800049
3798	282.0299988
3799	281.9899902
3800	281.9599915
3801	281.9599915
3802	281.9599915
3803	281.9400024
3804	281.9400024
3805	281.9400024
3806	281.8599854
3807	281.9200134
3808	281.8599854
3809	281.8800049
3810	281.8800049
3811	281.8200073
3812	281.8599854
3813	281.8599854
3814	281.9200134
3815	281.8399963
3816	281.8599854
3817	281.8599854
3818	281.8800049
3819	282.0499878
3820	281.9899902
3821	281.9599915
3822	281.8599854
3823	281.8999939
3824	281.9599915
3825	281.9200134
3826	282.0100098
3827	281.9899902
3828	281.9400024
3829	281.8800049
3830	281.8399963
3831	281.8200073
3832	281.8599854
3833	281.8599854
3834	281.9400024
3835	281.9899902
3836	281.9899902
3837	281.9200134
3838	281.9200134
3839	281.9899902
3840	281.9599915
3841	281.9200134
3842	281.9200134
3843	281.9899902
3844	282.0100098
3845	281.9400024
3846	281.9899902
3847	281.9200134
3848	282.0100098
3849	282.0100098
3850	281.9400024
3851	281.9899902
3852	281.9899902
3853	282.0100098
3854	282.0299988
3855	281.9200134
3856	281.9200134
3857	281.9400024
3858	281.9899902
3859	281.9899902
3860	281.9599915
3861	281.9200134
3862	282.0100098
3863	282.0499878
3864	282.0899963
3865	282.1099854
3866	282.1300049
3867	282.0700073
3868	282.1099854
3869	282.1499939
3870	282.1499939
3871	282.1700134
3872	282.1300049
3873	282.1700134
3874	282.1300049
3875	282.1700134
3876	282.2000122
3877	282.2200012
3878	282.2399902
3879	282.2600098
3880	282.2200012
3881	282.2200012
3882	282.1300049
3883	282.1300049
3884	282.0899963
3885	282.2600098
3886	282.3599854
3887	282.2399902
3888	282.2399902
3889	282.0899963
3890	282.0700073
3891	282.0700073
3892	282.0100098
3893	282.0100098
3894	282.0899963
3895	282.0499878
3896	282.3399963
3897	282.4500122
3898	282.7999878
3899	283.1799927
3900	283.3900146
3901	283.4500122
3902	283.4700012
3903	283.8299866
3904	283.9700012
3905	284.0799866
3906	284.2000122
3907	284.2000122
3908	284.269989
3909	284.2900085
3910	284.2399902
3911	284.3900146
3912	284.4500122
3913	284.4500122
3914	284.5799866
3915	284.6799927
3916	284.6600037
3917	284.75
3918	284.7000122
3919	284.6600037
3920	284.6600037
3921	284.519989
3922	284.769989
3923	284.7000122
3924	284.75
3925	284.769989
3926	284.730011
3927	284.730011
3928	284.8900146
3929	284.9100037
3930	284.8699951
3931	284.8099976
3932	284.75
3933	284.6600037
3934	284.7000122
3935	284.769989
3936	284.75
3937	284.730011
3938	284.7000122
3939	284.7000122
3940	284.8900146
3941	284.8500061
3942	284.8299866
3943	284.8099976
3944	284.8099976
3945	284.9100037
3946	284.9100037
3947	284.980011
3948	284.980011
3949	284.980011
3950	284.9299927
3951	284.9100037
3952	284.9100037
3953	285.019989
3954	285.1000061
3955	285.1000061
3956	285.0400085
3957	285.0400085
3958	285.0799866
3959	285.0799866
3960	285.0400085
3961	285.019989
3962	285.0799866
3963	285.019989
3964	285
3965	285.019989
3966	285.0400085
3967	285
3968	284.9599915
3969	284.8699951
3970	284.8699951
3971	284.9299927
3972	284.9599915
3973	285.019989
3974	284.980011
3975	285.0400085
3976	285.0599976
3977	284.980011
3978	285.019989
3979	284.9599915
3980	284.980011
3981	284.9599915
3982	284.8900146
3983	284.9299927
3984	284.9299927
3985	285.019989
3986	285.019989
3987	285.0599976
3988	284.980011
3989	285.0599976
3990	285.1199951
3991	285.1199951
3992	285.2099915
3993	285.1900024
3994	285.1600037
3995	285.1400146
3996	285.1000061
3997	285.1400146
3998	285.1400146
3999	285.1000061
4000	285.0799866
4001	285.1900024
4002	285.1400146
4003	285.1400146
4004	285.1400146
4005	285.1199951
4006	285.1400146
4007	285.230011
4008	285.2099915
4009	285.1400146
4010	285.1199951
4011	285.0400085
4012	285.1000061
4013	285.1199951
4014	285.1400146
4015	285.0599976
4016	284.980011
4017	284.9100037
4018	284.9599915
4019	284.980011
4020	285.0599976
4021	285.0599976
4022	285.0400085
4023	285.0400085
4024	285.1600037
4025	285.1900024
4026	285.1900024
4027	285.0799866
4028	285.019989
4029	285.019989
4030	285.019989
4031	285.1000061
4032	285.1000061
4033	285.1199951
4034	285.1600037
4035	285.0799866
4036	285.1400146
4037	285.1199951
4038	285.1600037
4039	285.1400146
4040	285.1600037
4041	285.1199951
4042	285.0799866
4043	285.1400146
4044	285.0799866
4045	285.0799866
4046	285.019989
4047	284.8500061
4048	284.9299927
4049	284.9100037
4050	284.9599915
4051	284.980011
4052	285.0400085
4053	285.0799866
4054	285.0599976
4055	285.0599976
4056	284.980011
4057	284.980011
4058	285
4059	285.0599976
4060	285.019989
4061	284.980011
4062	284.980011
4063	284.9299927
4064	285.0599976
4065	285.019989
4066	285.1400146
4067	285.230011
4068	285.230011
4069	285.230011
4070	285.3099976
4071	285.25
4072	285.25
4073	285.2099915
4074	284.980011
4075	284.730011
4076	284.3500061
4077	282.9100037
4078	282.3999939
4079	281.3200073
4080	279.6400146
4081	277.8699951
4082	277.0299988
4083	276.2099915
4084	274.8099976
4085	274.5400085
4086	274.1400146
4087	274
4088	274.0799866
4089	274.3099976
4090	274.3699951
4091	274.6199951
4092	275.0599976
4093	275.4200134
4094	275.4200134
4095	275.75
4096	276.0499878
4097	276.1099854
4098	276.3200073
4099	276.1900024
4100	275.980011
4101	275.980011
4102	275.8999939
4103	275.8999939
4104	275.9200134
4105	276.0899963
4106	276.2600098
4107	276.3399963
4108	276.4400024
4109	276.7200012
4110	276.8200073
4111	276.8599854
4112	276.9500122
4113	276.9500122
4114	277.0700073
4115	277.0899963
4116	277.2399902
4117	277.2999878
4118	277.4299927
4119	277.5100098
4120	277.5499878
4121	277.6400146
4122	277.6799927
4123	277.7000122
4124	277.8699951
4125	278.0299988
4126	278.1000061
4127	278.0299988
4128	278.0100098
4129	278.0499878
4130	278.0499878
4131	278.1199951
4132	278.1799927
4133	278.1799927
4134	278.2200012
4135	278.2600098
4136	278.2600098
4137	278.3299866
4138	278.3500061
4139	278.4500122
4140	278.4500122
4141	278.4500122
4142	278.4500122
4143	278.4899902
4144	278.5799866
4145	278.5799866
4146	278.5799866
4147	278.5799866
4148	278.6400146
4149	278.6199951
4150	278.7000122
4151	278.7399902
4152	278.8099976
4153	278.8299866
4154	278.8699951
4155	278.8099976
4156	278.8299866
4157	278.8500061
4158	278.8500061
4159	278.8900146
4160	278.9299927
4161	278.9299927
4162	278.9500122
4163	278.9700012
4164	278.9299927
4165	278.9299927
4166	278.9700012
4167	279
4168	279.0799866
4169	279.0599976
4170	279.0799866
4171	279.0400085
4172	279.0400085
4173	279.1000061
4174	279.1000061
4175	279.0799866
4176	279.2000122
4177	279.230011
4178	279.1600037
4179	279.1600037
4180	279.1400146
4181	279.25
4182	279.2900085
4183	279.480011
4184	279.480011
4185	279.4299927
4186	279.4299927
4187	279.4100037
4188	279.4299927
4189	279.4599915
4190	279.3699951
4191	279.3900146
4192	279.3299866
4193	279.3500061
4194	279.4599915
4195	279.4599915
4196	279.4100037
4197	279.480011
4198	279.480011
4199	279.4100037
4200	279.4100037
4201	279.480011
4202	279.5400085
4203	279.519989
4204	279.519989
4205	279.4599915
4206	279.480011
4207	279.480011
4208	279.480011
4209	279.5799866
4210	279.480011
4211	279.480011
4212	279.480011
4213	279.5400085
4214	279.5400085
4215	279.5599976
4216	279.6000061
4217	279.5400085
4218	279.519989
4219	279.5400085
4220	279.5799866
4221	279.5
4222	279.6000061
4223	279.519989
4224	279.6400146
4225	279.5799866
4226	279.6600037
4227	279.6900024
4228	279.730011
4229	279.730011
4230	279.6400146
4231	279.6199951
4232	279.6000061
4233	279.6600037
4234	279.6000061
4235	279.6000061
4236	279.6000061
4237	279.5799866
4238	279.5799866
4239	279.5599976
4240	279.5400085
4241	279.5400085
4242	279.6000061
4243	279.6000061
4244	279.6400146
4245	279.6400146
4246	279.6199951
4247	279.6900024
4248	279.6199951
4249	279.6400146
4250	279.6400146
4251	279.6400146
4252	279.6400146
4253	279.7099915
4254	279.75
4255	279.730011
4256	279.6900024
4257	279.6400146
4258	279.5799866
4259	279.519989
4260	279.5799866
4261	279.5400085
4262	279.5599976
4263	279.6400146
4264	279.7099915
4265	279.6400146
4266	279.6600037
4267	279.7099915
4268	279.75
4269	279.769989
4270	279.769989
4271	279.75
4272	279.75
4273	279.6600037
4274	279.6900024
4275	279.6900024
4276	279.6400146
4277	279.7099915
4278	279.730011
4279	279.769989
4280	279.8099976
4281	279.75
4282	279.75
4283	279.75
4284	279.730011
4285	279.75
4286	279.8900146
4287	279.8900146
4288	279.8699951
4289	279.8500061
4290	279.7900085
4291	279.8099976
4292	279.8500061
4293	279.7900085
4294	279.8299866
4295	279.8500061
4296	279.8900146
4297	279.8699951
4298	279.9200134
4299	279.8900146
4300	279.8299866
4301	279.7900085
4302	279.8099976
4303	279.8099976
4304	279.8699951
4305	279.8500061
4306	279.8299866
4307	279.8299866
4308	279.7900085
4309	279.8500061
4310	279.8299866
4311	279.8099976
4312	279.8299866
4313	279.8500061
4314	279.8500061
4315	279.8699951
4316	279.8099976
4317	279.8699951
4318	279.8500061
4319	279.8500061
4320	279.8900146
4321	279.8900146
4322	279.9200134
4323	279.9599915
4324	279.9400024
4325	279.8900146
4326	279.9599915
4327	279.8900146
4328	279.9400024
4329	279.8099976
4330	279.8699951
4331	279.8699951
4332	279.7900085
4333	279.769989
4334	279.7900085
4335	279.8299866
4336	279.769989
4337	279.8099976
4338	279.8500061
4339	279.8099976
4340	279.8299866
4341	279.8299866
4342	279.8699951
4343	279.980011
4344	280.1499939
4345	280.1499939
4346	280.1499939
4347	279.980011
4348	280
4349	280.0799866
4350	280
4351	280
4352	280
4353	280
4354	279.9200134
4355	279.8900146
4356	279.8299866
4357	279.9200134
4358	279.9599915
4359	280.1700134
4360	280.269989
4361	280.019989
4362	280.0400085
4363	280.0799866
4364	279.980011
4365	279.980011
4366	279.9599915
4367	279.9400024
4368	280.0400085
4369	280.1000061
4370	280.1900024
4371	280.519989
4372	280.6900024
4373	280.9400024
4374	280.9400024
4375	281.269989
4376	281.3800049
4377	281.5899963
4378	281.6700134
4379	281.7099915
4380	281.8200073
4381	281.8800049
4382	281.9200134
4383	281.9400024
4384	282.0100098
4385	282.0100098
4386	282.0299988
4387	282.1099854
4388	282.2200012
4389	282.2600098
4390	282.3999939
4391	282.3399963
4392	282.3399963
4393	282.2200012
4394	282.3200073
4395	282.2999878
4396	282.2999878
4397	282.4500122
4398	282.5100098
4399	282.4700012
4400	282.4899902
4401	282.4899902
4402	282.4700012
4403	282.5299988
4404	282.5299988
4405	282.5499878
4406	282.5499878
4407	282.5700073
4408	282.5700073
4409	282.5299988
4410	282.5299988
4411	282.5499878
4412	282.4299927
4413	282.4500122
4414	282.3999939
4415	282.3999939
4416	282.4500122
4417	282.4500122
4418	282.4700012
4419	282.5299988
4420	282.5299988
4421	282.5499878
4422	282.7000122
4423	282.7000122
4424	282.7000122
4425	282.6799927
4426	282.6600037
4427	282.6799927
4428	282.7600098
4429	282.7399902
4430	282.7000122
4431	282.7000122
4432	282.7200012
4433	282.6099854
4434	282.5499878
4435	282.6300049
4436	282.7399902
4437	282.6799927
4438	282.6600037
4439	282.6099854
4440	282.5499878
4441	282.4899902
4442	282.5499878
4443	282.5499878
4444	282.4899902
4445	282.5100098
4446	282.5700073
4447	282.6799927
4448	282.6600037
4449	282.6300049
4450	282.6300049
4451	282.5899963
4452	282.6799927
4453	282.6799927
4454	282.7399902
4455	282.6099854
4456	282.6099854
4457	282.5100098
4458	282.5700073
4459	282.5499878
4460	282.6600037
4461	282.6099854
4462	282.6099854
4463	282.6099854
4464	282.5899963
4465	282.7000122
4466	282.7200012
4467	282.6099854
4468	282.6300049
4469	282.6300049
4470	282.6600037
4471	282.5899963
4472	282.5899963
4473	282.5299988
4474	282.5899963
4475	282.4899902
4476	282.5499878
4477	282.5499878
4478	282.6300049
4479	282.6600037
4480	282.7200012
4481	282.7399902
4482	282.7200012
4483	282.7799988
4484	282.7200012
4485	282.7600098
4486	282.7799988
4487	282.7399902
4488	282.7399902
4489	282.7000122
4490	282.7200012
4491	282.6799927
4492	282.7399902
4493	282.7799988
4494	282.9299927
4495	282.9299927
4496	282.9100037
4497	282.8399963
4498	282.7999878
4499	282.8900146
4500	282.8200073
4501	282.8200073
4502	282.8200073
4503	282.8200073
4504	282.7600098
4505	282.7399902
4506	282.7600098
4507	282.8399963
4508	282.7600098
4509	282.7600098
4510	282.6600037
4511	282.7200012
4512	282.7000122
4513	282.7200012
4514	282.7399902
4515	282.6600037
4516	282.7000122
4517	282.7000122
4518	282.6799927
4519	282.6300049
4520	282.7000122
4521	282.6799927
4522	282.5499878
4523	282.5700073
4524	282.6099854
4525	282.6099854
4526	282.7200012
4527	282.7200012
4528	282.7000122
4529	282.7600098
4530	282.7600098
4531	282.7200012
4532	282.8200073
4533	282.7799988
4534	282.7799988
4535	282.5499878
4536	282.5299988
4537	282.5700073
4538	282.5899963
4539	282.5899963
4540	282.6300049
4541	282.7000122
4542	282.7399902
4543	282.7200012
4544	282.7000122
4545	282.6300049
4546	282.4700012
4547	282.2600098
4548	282.0700073
4549	280.9599915
4550	280.4599915
4551	279.1000061
4552	277.4500122
4553	276.5700073
4554	275.0400085
4555	274.3099976
4556	273.0100098
4557	272.1600037
4558	271.6099854
4559	271.6099854
4560	271.3599854
4561	271.3999939
4562	271.4500122
4563	271.7399902
4564	272.0499878
4565	272.4299927
4566	272.4299927
4567	272.9700012
4568	273.4100037
4569	273.5599976
4570	273.9100037
4571	274.230011
4572	274.6499939
4573	274.6499939
4574	275.0599976
4575	275.4200134
4576	275.4599915
4577	275.7099915
4578	275.9400024
4579	276
4580	276.0899963
4581	276.3800049
4582	276.4200134
4583	276.6099854
4584	276.7600098
4585	276.8200073
4586	276.9899902
4587	277.0299988
4588	277.2799988
4589	277.3200073
4590	277.4100037
4591	277.5700073
4592	277.5700073
4593	277.6400146
4594	277.6799927
4595	277.7600098
4596	277.8200073
4597	277.9700012
4598	277.9700012
4599	278.0499878
4600	278.1199951
4601	278.1400146
4602	278.2000122
4603	278.2600098
4604	278.3699951
4605	278.3699951
4606	278.4700012
4607	278.4899902
4608	278.4700012
4609	278.5799866
4610	278.5799866
4611	278.5599976
4612	278.6000061
4613	278.7000122
4614	278.7000122
4615	278.6799927
4616	278.7000122
4617	278.7200012
4618	278.769989
4619	278.769989
4620	278.7900085
4621	278.769989
4622	278.8500061
4623	278.8500061
4624	278.8299866
4625	278.8500061
4626	278.8699951
4627	278.9299927
4628	278.9100037
4629	278.9700012
4630	279.019989
4631	279.0400085
4632	279.1000061
4633	279.1400146
4634	279.1400146
4635	279.1199951
4636	279.1000061
4637	279.1000061
4638	279.1199951
4639	279.1000061
4640	279.0799866
4641	279.0599976
4642	279.1199951
4643	279.1400146
4644	279.1400146
4645	279.2000122
4646	279.25
4647	279.1600037
4648	279.1600037
4649	279.230011
4650	279.1799927
4651	279.1799927
4652	279.230011
4653	279.2000122
4654	279.269989
4655	279.3099976
4656	279.1799927
4657	279.230011
4658	279.1799927
4659	279.1600037
4660	279.3299866
4661	279.3900146
4662	279.3900146
4663	279.3699951
4664	279.3099976
4665	279.2900085
4666	279.3099976
4667	279.3299866
4668	279.2900085
4669	279.2900085
4670	279.2900085
4671	279.3099976
4672	279.3099976
4673	279.3699951
4674	279.4599915
4675	279.480011
4676	279.480011
4677	279.5
4678	279.480011
4679	279.3900146
4680	279.4599915
4681	279.3699951
4682	279.4100037
4683	279.4100037
4684	279.519989
4685	279.480011
4686	279.4100037
4687	279.3900146
4688	279.3900146
4689	279.4299927
4690	279.4299927
4691	279.4299927
4692	279.4599915
4693	279.480011
4694	279.4100037
4695	279.4299927
4696	279.4299927
4697	279.4299927
4698	279.480011
4699	279.5
4700	279.4299927
4701	279.519989
4702	279.5599976
4703	279.5400085
4704	279.5799866
4705	279.5400085
4706	279.5400085
4707	279.519989
4708	279.519989
4709	279.5799866
4710	279.6900024
4711	279.5799866
4712	279.6199951
4713	279.6600037
4714	279.6199951
4715	279.6199951
4716	279.6000061
4717	279.5799866
4718	279.5400085
4719	279.5
4720	279.5599976
4721	279.519989
4722	279.6600037
4723	279.519989
4724	279.6400146
4725	279.6600037
4726	279.6400146
4727	279.6199951
4728	279.519989
4729	279.5599976
4730	279.4599915
4731	279.5400085
4732	279.5599976
4733	279.5799866
4734	279.5799866
4735	279.5799866
4736	279.480011
4737	279.5799866
4738	279.5599976
4739	279.5
4740	279.5
4741	279.5599976
4742	279.5599976
4743	279.5400085
4744	279.6000061
4745	279.6600037
4746	279.5799866
4747	279.5799866
4748	279.5799866
4749	279.6400146
4750	279.6199951
4751	279.6900024
4752	279.5599976
4753	279.5599976
4754	279.5599976
4755	279.6199951
4756	279.5799866
4757	279.5799866
4758	279.6000061
4759	279.480011
4760	279.5
4761	279.5
4762	279.6400146
4763	279.5599976
4764	279.6000061
4765	279.5799866
4766	279.519989
4767	279.6199951
4768	279.6000061
4769	279.5
4770	279.5599976
4771	279.6199951
4772	279.6199951
4773	279.6600037
4774	279.75
4775	279.730011
4776	279.8500061
4777	279.8299866
4778	279.8099976
4779	279.8099976
4780	279.769989
4781	279.730011
4782	279.730011
4783	279.6900024
4784	279.730011
4785	279.769989
4786	279.769989
4787	279.7099915
4788	279.6600037
4789	279.7099915
4790	279.6900024
4791	279.6600037
4792	279.6900024
4793	279.75
4794	279.75
4795	279.769989
4796	279.769989
4797	279.75
4798	279.769989
4799	279.75
4800	279.769989
4801	279.75
4802	279.769989
4803	279.75
4804	279.730011
4805	279.769989
4806	279.75
4807	279.7099915
4808	279.7099915
4809	279.6400146
4810	279.6000061
4811	279.6000061
4812	279.5400085
4813	279.5799866
4814	279.6000061
4815	279.6400146
4816	279.730011
4817	279.6600037
4818	279.6600037
4819	279.6199951
4820	279.6400146
4821	279.6400146
4822	279.75
4823	279.6600037
4824	279.6000061
4825	279.6000061
4826	279.6000061
4827	279.5799866
4828	279.5599976
4829	279.5599976
4830	279.519989
4831	279.5599976
4832	279.6000061
4833	279.8699951
4834	279.769989
4835	279.75
4836	279.769989
4837	279.730011
4838	279.6600037
4839	279.730011
4840	279.7900085
4841	279.8299866
4842	279.980011
4843	280.1700134
4844	280.269989
4845	280.4200134
4846	280.519989
4847	280.730011
4848	281.0400085
4849	281.230011
4850	281.230011
4851	281.5299988
4852	281.6300049
4853	281.6700134
4854	281.8399963
4855	281.8399963
4856	281.8999939
4857	281.8999939
4858	281.9400024
4859	281.8399963
4860	281.8800049
4861	282.0100098
4862	282.1499939
4863	282.1700134
4864	282.2000122
4865	282.1700134
4866	282.2399902
4867	282.2399902
4868	282.2000122
4869	282.2600098
4870	282.2600098
4871	282.2200012
4872	282.2600098
4873	282.3399963
4874	282.3200073
4875	282.3399963
4876	282.3399963
4877	282.3999939
4878	282.4500122
4879	282.5700073
4880	282.4700012
4881	282.4700012
4882	282.4700012
4883	282.3999939
4884	282.4899902
4885	282.4700012
4886	282.5299988
4887	282.4500122
4888	282.3999939
4889	282.3999939
4890	282.3999939
4891	282.3599854
4892	282.3599854
4893	282.3999939
4894	282.4899902
4895	282.4700012
4896	282.4700012
4897	282.4700012
4898	282.4500122
4899	282.4299927
4900	282.3999939
4901	282.4700012
4902	282.4899902
4903	282.4500122
4904	282.4500122
4905	282.5299988
4906	282.4700012
4907	282.3599854
4908	282.3800049
4909	282.4299927
4910	282.3800049
4911	282.3800049
4912	282.4299927
4913	282.4299927
4914	282.4500122
4915	282.3800049
4916	282.3599854
4917	282.4299927
4918	282.3800049
4919	282.3800049
4920	282.3999939
4921	282.3999939
4922	282.3599854
4923	282.3800049
4924	282.3999939
4925	282.3999939
4926	282.3800049
4927	282.3999939
4928	282.3999939
4929	282.5700073
4930	282.5499878
4931	282.5499878
4932	282.5299988
4933	282.5499878
4934	282.5299988
4935	282.5299988
4936	282.4899902
4937	282.4899902
4938	282.4299927
4939	282.5299988
4940	282.4500122
4941	282.4500122
4942	282.5299988
4943	282.5299988
4944	282.4899902
4945	282.4899902
4946	282.5499878
4947	282.5299988
4948	282.4500122
4949	282.4899902
4950	282.4700012
4951	282.4500122
4952	282.4299927
4953	282.5100098
4954	282.4899902
4955	282.4899902
4956	282.4299927
4957	282.3999939
4958	282.3399963
4959	282.4299927
4960	282.4299927
4961	282.4299927
4962	282.4899902
4963	282.4500122
4964	282.4700012
4965	282.4500122
4966	282.4899902
4967	282.4899902
4968	282.4700012
4969	282.4700012
4970	282.4899902
4971	282.5499878
4972	282.6099854
4973	282.5499878
4974	282.5100098
4975	282.5299988
4976	282.5100098
4977	282.4299927
4978	282.4700012
4979	282.4899902
4980	282.4500122
4981	282.4299927
4982	282.3599854
4983	282.4299927
4984	282.4299927
4985	282.3200073
4986	282.4299927
4987	282.3999939
4988	282.4299927
4989	282.4500122
4990	282.4500122
4991	282.4899902
4992	282.4899902
4993	282.4899902
4994	282.4299927
4995	282.4700012
4996	282.4299927
4997	282.4700012
4998	282.5100098
4999	282.5100098
5000	282.4299927
5001	282.3800049
5002	282.4700012
5003	282.4299927
5004	282.3800049
5005	282.3800049
5006	282.3800049
5007	282.4700012
5008	282.2799988
5009	282.2000122
5010	282.2399902
5011	282.2999878
5012	282.2999878
5013	282.3399963
5014	282.3200073
5015	282.2399902
5016	282.2999878
5017	282.3999939
5018	282.3800049
5019	282.3200073
5020	282.2200012
5021	281.9200134
5022	281.6099854
5023	280.769989
5024	279.5400085
5025	278.8299866
5026	277.3200073
5027	276.4899902
5028	275
5029	273.75
5030	272.8699951
5031	272.8699951
5032	271.9700012
5033	271.7200012
5034	271.6799927
5035	271.7200012
5036	271.9100037
5037	272.1799927
5038	272.1799927
5039	272.6000061
5040	273.0599976
5041	273.2000122
5042	273.5599976
5043	273.8900146
5044	273.980011
5045	274.1400146
5046	274.6000061
5047	274.8999939
5048	275.019989
5049	275.2099915
5050	275.3800049
5051	275.4599915
5052	275.6300049
5053	276
5054	276.1300049
5055	276.1499939
5056	276.2999878
5057	276.3599854
5058	276.5899963
5059	276.6700134
5060	276.6900024
5061	276.7600098
5062	276.7999878
5063	276.7999878
5064	276.9200134
5065	276.9700012
5066	276.9899902
5067	277.1499939
5068	277.2399902
5069	277.3399963
5070	277.3399963
5071	277.4700012
5072	277.5499878
5073	277.5700073
5074	277.7200012
5075	277.7399902
5076	277.7999878
5077	277.7999878
5078	277.9299927
5079	277.9100037
5080	277.9100037
5081	277.8900146
5082	277.9899902
5083	277.9899902
5084	277.9899902
5085	278.1400146
5086	278.1400146
5087	278.1799927
5088	278.2200012
5089	278.2399902
5090	278.2600098
5091	278.2399902
5092	278.2799988
5093	278.3099976
5094	278.3500061
5095	278.2799988
5096	278.3699951
5097	278.4100037
5098	278.4500122
5099	278.4299927
5100	278.4299927
5101	278.4700012
5102	278.4700012
5103	278.5599976
5104	278.5400085
5105	278.5599976
5106	278.5799866
5107	278.6000061
5108	278.6000061
5109	278.6000061
5110	278.6600037
5111	278.7399902
5112	278.7000122
5113	278.7200012
5114	278.769989
5115	278.7900085
5116	278.769989
5117	278.7200012
5118	278.7900085
5119	278.7900085
5120	278.8299866
5121	278.8299866
5122	278.8699951
5123	278.8500061
5124	278.8500061
5125	278.9500122
5126	279.1199951
5127	279.019989
5128	279.0400085
5129	279
5130	278.9700012
5131	278.9299927
5132	279
5133	278.9100037
5134	278.9100037
5135	279.0599976
5136	278.9700012
5137	278.9500122
5138	278.9100037
5139	278.8500061
5140	278.9299927
5141	278.9299927
5142	279.019989
5143	279.019989
5144	279.0599976
5145	279.0400085
5146	279
5147	279
5148	279
5149	279.019989
5150	279
5151	279.0599976
5152	279.0400085
5153	279.019989
5154	279.019989
5155	279.019989
5156	279.1600037
5157	279.1600037
5158	279.1000061
5159	279.1400146
5160	279.1000061
5161	279
5162	279
5163	278.9500122
5164	279.019989
5165	278.9700012
5166	278.9299927
5167	279
5168	279
5169	278.9500122
5170	278.9299927
5171	278.9700012
5172	278.9700012
5173	278.9700012
5174	278.9299927
5175	279.019989
5176	279.019989
5177	279.019989
5178	279.019989
5179	279.0400085
5180	279.0400085
5181	279.019989
5182	279.0400085
5183	279.019989
5184	279.1199951
5185	279.1799927
5186	279.1799927
5187	279.1799927
5188	279.1000061
5189	279.1000061
5190	279.0799866
5191	279.0799866
5192	279.1000061
5193	279.0599976
5194	279.1000061
5195	279.019989
5196	279.019989
5197	279
5198	279.1799927
5199	279.1400146
5200	279.1600037
5201	279.1600037
5202	279.1000061
5203	279.1600037
5204	279.0799866
5205	279.1000061
5206	279.1199951
5207	279.1600037
5208	279.1799927
5209	279.1000061
5210	279.0400085
5211	279.0799866
5212	279.0799866
5213	279
5214	279
5215	279.0599976
5216	279.0599976
5217	279
5218	279.0400085
5219	279.0400085
5220	279.019989
5221	279.019989
5222	279.0599976
5223	278.9700012
5224	278.9500122
5225	278.9299927
5226	278.9500122
5227	279.019989
5228	278.9500122
5229	278.9299927
5230	278.8900146
5231	278.9100037
5232	278.8900146
5233	278.9299927
5234	278.9299927
5235	279.0400085
5236	278.9700012
5237	278.8500061
5238	278.9299927
5239	278.9700012
5240	279.019989
5241	279.019989
5242	279.0599976
5243	279.019989
5244	279.019989
5245	279.019989
5246	279
5247	279.0400085
5248	279.019989
5249	279.019989
5250	279.019989
5251	279.019989
5252	279.1199951
5253	279.0799866
5254	279.0599976
5255	278.9700012
5256	279.0599976
5257	279.1000061
5258	279.1000061
5259	279.0599976
5260	279.0400085
5261	279.019989
5262	279.0799866
5263	279.0799866
5264	279.0400085
5265	279.0599976
5266	279.0599976
5267	279.0799866
5268	279.1600037
5269	279.1000061
5270	279.019989
5271	279.1000061
5272	279.1199951
5273	279.0799866
5274	279.1199951
5275	279.1000061
5276	279.0400085
5277	279.0799866
5278	279.0400085
5279	279.019989
5280	278.9700012
5281	279.1199951
5282	279.1000061
5283	279.1000061
5284	279.1199951
5285	279.1000061
5286	279.1400146
5287	279.0799866
5288	279.0599976
5289	279.1000061
5290	279.1000061
5291	279.1000061
5292	279.1400146
5293	279.1199951
5294	279.0799866
5295	279.1000061
5296	279.0599976
5297	279.0400085
5298	279.1000061
5299	279.0599976
5300	279.1000061
5301	279.0799866
5302	279.1600037
5303	279.1199951
5304	279.1000061
5305	279.3099976
5306	279.3900146
5307	279.4100037
5308	279.4599915
5309	279.4100037
5310	279.3699951
5311	279.3699951
5312	279.3299866
5313	279.4100037
5314	279.4100037
5315	279.4100037
5316	279.6000061
5317	279.7900085
5318	279.9400024
5319	280.1700134
5320	280.4400024
5321	280.769989
5322	280.769989
5323	280.980011
5324	281.1499939
5325	281.230011
5326	281.3399963
5327	281.3800049
5328	281.4200134
5329	281.4200134
5330	281.6300049
5331	281.6300049
5332	281.6099854
5333	281.6300049
5334	281.6499939
5335	281.6900024
5336	281.730011
5337	281.7600098
5338	281.7799988
5339	281.730011
5340	281.8399963
5341	281.8800049
5342	281.8399963
5343	281.8800049
5344	281.9599915
5345	281.9599915
5346	282.0100098
5347	281.9599915
5348	281.9899902
5349	282.0100098
5350	281.9899902
5351	282.0299988
5352	281.9599915
5353	282.0100098
5354	282.0100098
5355	281.9200134
5356	281.8999939
5357	281.9599915
5358	281.9599915
5359	281.8999939
5360	281.9200134
5361	281.9200134
5362	282.0100098
5363	282.0100098
5364	282.0499878
5365	282.2200012
5366	282.2600098
5367	282.1499939
5368	282.0899963
5369	282.2000122
5370	282.2600098
5371	282.2799988
5372	282.2600098
5373	282.2399902
5374	282.2799988
5375	282.2200012
5376	282.1700134
5377	282.1099854
5378	282.0899963
5379	282.0899963
5380	282.1700134
5381	282.3200073
5382	282.2999878
5383	282.2200012
5384	282.1499939
5385	282.2200012
5386	282.2000122
5387	282.1700134
5388	282.1700134
5389	282.2399902
5390	282.1499939
5391	282.0700073
5392	282.1700134
5393	282.1700134
5394	282.1499939
5395	282.1300049
5396	282.1099854
5397	282.1700134
5398	282.2000122
5399	282.2799988
5400	282.2799988
5401	282.2999878
5402	282.2200012
5403	282.1700134
5404	282.2600098
5405	282.2600098
5406	282.2799988
5407	282.2200012
5408	282.2399902
5409	282.2200012
5410	282.2799988
5411	282.2399902
5412	282.2200012
5413	282.2399902
5414	282.2399902
5415	282.2399902
5416	282.2200012
5417	282.3200073
5418	282.2200012
5419	282.2000122
5420	282.2000122
5421	282.0899963
5422	282.1300049
5423	282.1499939
5424	282.1499939
5425	282.1499939
5426	282.1099854
5427	282.0899963
5428	282.1099854
5429	282.0899963
5430	282.0899963
5431	282.2000122
5432	282.2000122
5433	282.1300049
5434	282.0899963
5435	282.1300049
5436	281.9899902
5437	282.0899963
5438	282.1300049
5439	282.0499878
5440	282.0899963
5441	282.0700073
5442	282.1300049
5443	282.1700134
5444	282.2000122
5445	282.2799988
5446	282.2600098
5447	282.1300049
5448	282.1700134
5449	282.2200012
5450	282.2000122
5451	282.2600098
5452	282.1700134
5453	282.1300049
5454	282.1700134
5455	282.2000122
5456	282.1300049
5457	282.1700134
5458	282.0899963
5459	282.0899963
5460	282.1499939
5461	282.1099854
5462	282.0499878
5463	282.0499878
5464	282.0499878
5465	282.0299988
5466	281.9899902
5467	282.0299988
5468	282.1099854
5469	282.0700073
5470	282.1300049
5471	282.1300049
5472	282.0700073
5473	282.0100098
5474	282.0700073
5475	282.2200012
5476	282.2000122
5477	282.1499939
5478	282.1099854
5479	282.0299988
5480	282.0700073
5481	282.1099854
5482	281.8999939
5483	281.9200134
5484	281.9400024
5485	282.0299988
5486	282.0499878
5487	282.0899963
5488	282.0499878
5489	282.0899963
5490	282.1499939
5491	282.1700134
5492	282.2000122
5493	281.9899902
5494	281.8399963
5495	281.4200134
5496	281.4200134
5497	280.25
5498	279.0799866
5499	278.4500122
5500	277.1099854
5501	275.730011
5502	274.6499939
5503	274.6499939
5504	273.2200012
5505	272.5499878
5506	272.2000122
5507	271.8200073
5508	271.5700073
5509	271.5499878
5510	271.5499878
5511	271.7200012
5512	271.9700012
5513	272.0499878
5514	272.2600098
5515	272.4899902
5516	272.6799927
5517	272.8099976
5518	273.1600037
5519	273.3099976
5520	273.519989
5521	273.7000122
5522	273.8099976
5523	274.1000061
5524	274.2099915
5525	274.4400024
5526	274.6199951
5527	274.730011
5528	274.980011
5529	275.0400085
5530	275.1499939
5531	275.25
5532	275.4400024
5533	275.5400085
5534	275.7099915
5535	275.7099915
5536	275.8999939
5537	276.1499939
5538	276.1900024
5539	276.3200073
5540	276.3800049
5541	276.4599915
5542	276.4599915
5543	276.6900024
5544	276.8399963
5545	276.8399963
5546	276.8800049
5547	276.8800049
5548	276.9200134
5549	276.9899902
5550	277.1300049
5551	277.2200012
5552	277.2399902
5553	277.2600098
5554	277.2000122
5555	277.3200073
5556	277.2999878
5557	277.3900146
5558	277.4299927
5559	277.4899902
5560	277.4100037
5561	277.4100037
5562	277.4500122
5563	277.5700073
5564	277.6199951
5565	277.6799927
5566	277.6199951
5567	277.6400146
5568	277.5700073
5569	277.7000122
5570	277.7200012
5571	277.8200073
5572	277.9100037
5573	278.0100098
5574	278.0100098
5575	277.9700012
5576	277.9500122
5577	277.9700012
5578	277.9899902
5579	277.8900146
5580	277.8500061
5581	277.8500061
5582	277.9299927
5583	278.0100098
5584	277.9899902
5585	277.9899902
5586	278.0299988
5587	277.9899902
5588	278.0499878
5589	278.3699951
5590	278.3299866
5591	278.3299866
5592	278.2000122
5593	278.2200012
5594	278.1199951
5595	278.1400146
5596	278.2000122
5597	278.2000122
5598	278.2000122
5599	278.2799988
5600	278.3299866
5601	278.3500061
5602	278.3099976
5603	278.3099976
5604	278.3299866
5605	278.5100098
5606	278.5100098
5607	278.5400085
5608	278.4500122
5609	278.4500122
5610	278.4700012
5611	278.4899902
5612	278.3500061
5613	278.3500061
5614	278.3500061
5615	278.3299866
5616	278.3900146
5617	278.4700012
5618	278.4700012
5619	278.4700012
5620	278.4700012
5621	278.3500061
5622	278.3299866
5623	278.3299866
5624	278.4100037
5625	278.4700012
5626	278.5400085
5627	278.5100098
5628	278.5599976
5629	278.5599976
5630	278.5100098
5631	278.4100037
5632	278.4100037
5633	278.3900146
5634	278.3500061
5635	278.3900146
5636	278.3900146
5637	278.4899902
5638	278.4100037
5639	278.4700012
5640	278.4899902
5641	278.6199951
5642	278.5400085
5643	278.5400085
5644	278.4899902
5645	278.4899902
5646	278.4700012
5647	278.4299927
5648	278.4100037
5649	278.4100037
5650	278.3900146
5651	278.4899902
5652	278.4899902
5653	278.4899902
5654	278.4700012
5655	278.4500122
5656	278.4299927
5657	278.5599976
5658	278.5100098
5659	278.5400085
5660	278.5100098
5661	278.5400085
5662	278.4899902
5663	278.5400085
5664	278.4899902
5665	278.4899902
5666	278.4500122
5667	278.4700012
5668	278.4899902
5669	278.4899902
5670	278.4299927
5671	278.4700012
5672	278.4500122
5673	278.4899902
5674	278.6000061
5675	278.6600037
5676	278.6400146
5677	278.6400146
5678	278.6400146
5679	278.7000122
5680	278.769989
5681	278.769989
5682	278.7399902
5683	278.7900085
5684	278.7900085
5685	278.8299866
5686	278.769989
5687	278.7900085
5688	278.8299866
5689	278.7900085
5690	278.7200012
5691	278.7200012
5692	278.9299927
5693	278.8900146
5694	278.9500122
5695	278.8699951
5696	278.6799927
5697	278.6799927
5698	278.6799927
5699	278.6400146
5700	278.6199951
5701	278.6600037
5702	278.7200012
5703	278.6600037
5704	278.769989
5705	278.8099976
5706	278.8299866
5707	278.7900085
5708	278.8699951
5709	278.8500061
5710	278.8299866
5711	278.8099976
5712	278.8500061
5713	278.8500061
5714	278.7900085
5715	278.8699951
5716	278.8699951
5717	278.9100037
5718	278.8500061
5719	278.7900085
5720	278.769989
5721	278.7200012
5722	278.7200012
5723	278.7200012
5724	278.7399902
5725	278.6799927
5726	278.7000122
5727	278.8299866
5728	278.6799927
5729	278.769989
5730	278.769989
5731	278.769989
5732	278.7399902
5733	278.7900085
5734	278.7200012
5735	278.6799927
5736	278.6799927
5737	278.6000061
5738	278.6199951
5739	278.6000061
5740	278.6000061
5741	278.6199951
5742	278.5799866
5743	278.5400085
5744	278.5400085
5745	278.5799866
5746	278.5799866
5747	278.6199951
5748	278.6199951
5749	278.6199951
5750	278.5799866
5751	278.6000061
5752	278.6199951
5753	278.6000061
5754	278.6199951
5755	278.6199951
5756	278.6400146
5757	278.6799927
5758	278.6799927
5759	278.7000122
5760	278.6799927
5761	278.6400146
5762	278.6400146
5763	278.5100098
5764	278.4500122
5765	278.4899902
5766	278.4899902
5767	278.5400085
5768	278.5799866
5769	278.5799866
5770	278.6000061
5771	278.6199951
5772	278.6000061
5773	278.5100098
5774	278.5400085
5775	278.5400085
5776	278.5400085
5777	278.6400146
5778	278.7900085
5779	278.8699951
5780	278.769989
5781	278.8099976
5782	278.6799927
5783	278.6600037
5784	278.6199951
5785	278.5599976
5786	278.6400146
5787	278.6400146
5788	278.6600037
5789	278.8099976
5790	278.9100037
5791	279.0599976
5792	279.2000122
5793	279.3699951
5794	279.3699951
5795	279.75
5796	279.7900085
5797	279.9200134
5798	280.0400085
5799	280.0799866
5800	280.1900024
5801	280.2900085
5802	280.3800049
5803	280.480011
5804	280.5
5805	280.6700134
5806	280.769989
5807	280.8399963
5808	280.8399963
5809	280.8399963
5810	280.8099976
5811	280.9200134
5812	280.9400024
5813	280.7900085
5814	280.9200134
5815	280.9200134
5816	280.980011
5817	281.0400085
5818	280.9200134
5819	280.9599915
5820	280.9400024
5821	280.9599915
5822	280.9599915
5823	280.9400024
5824	281.0400085
5825	281
5826	281
5827	281.019989
5828	281.0700073
5829	281.0700073
5830	281
5831	281.019989
5832	281.019989
5833	281.019989
5834	281.1099854
5835	281.1700134
5836	281.1099854
5837	281.0899963
5838	281.1300049
5839	281.1499939
5840	281.1099854
5841	281.1499939
5842	281.1700134
5843	281.1700134
5844	281.1700134
5845	281.1900024
5846	281.1700134
5847	281.1900024
5848	281.1300049
5849	281.1900024
5850	281.1900024
5851	281.2099915
5852	281.2099915
5853	281.1900024
5854	281.230011
5855	281.230011
5856	281.1499939
5857	281.1700134
5858	281.1700134
5859	281.1499939
5860	281.0899963
5861	281.1499939
5862	281.0899963
5863	281.1499939
5864	281.1900024
5865	281.1900024
5866	281.3599854
5867	281.3200073
5868	281.3200073
5869	281.3200073
5870	281.3200073
5871	281.269989
5872	281.2099915
5873	281.1499939
5874	281.1700134
5875	281.230011
5876	281.230011
5877	281.2099915
5878	281.3200073
5879	281.2999878
5880	281.2099915
5881	281.269989
5882	281.25
5883	281.1900024
5884	281.230011
5885	281.230011
5886	281.230011
5887	281.1700134
5888	281.25
5889	281.269989
5890	281.230011
5891	281.25
5892	281.230011
5893	281.1700134
5894	281.230011
5895	281.230011
5896	281.3200073
5897	281.3200073
5898	281.3599854
5899	281.2999878
5900	281.269989
5901	281.269989
5902	281.2999878
5903	281.3200073
5904	281.3200073
5905	281.3800049
5906	281.3999939
5907	281.4200134
5908	281.4400024
5909	281.4200134
5910	281.3800049
5911	281.3800049
5912	281.4400024
5913	281.4200134
5914	281.480011
5915	281.480011
5916	281.4599915
5917	281.5499878
5918	281.4599915
5919	281.4200134
5920	281.4200134
5921	281.4599915
5922	281.4599915
5923	281.480011
5924	281.3800049
5925	281.480011
5926	281.4400024
5927	281.3999939
5928	281.4200134
5929	281.4200134
5930	281.4200134
5931	281.5299988
5932	281.5299988
5933	281.5299988
5934	281.480011
5935	281.4200134
5936	281.4200134
5937	281.4400024
5938	281.3599854
5939	281.4200134
5940	281.4400024
5941	281.3599854
5942	281.480011
5943	281.480011
5944	281.4599915
5945	281.5
5946	281.5
5947	281.5700073
5948	281.4599915
5949	281.3800049
5950	281.3800049
5951	281.4200134
5952	281.4400024
5953	281.4599915
5954	281.4400024
5955	281.3399963
5956	281.3200073
5957	281.3200073
5958	281.230011
5959	281.3399963
5960	281.3399963
5961	281.3399963
5962	281.3200073
5963	281.3399963
5964	281.2999878
5965	281.2999878
5966	281.25
5967	281.1499939
5968	281.1499939
5969	280.6900024
5970	280.1900024
5971	279.8500061
5972	278.8699951
5973	277.7200012
5974	276.5299988
5975	276.5299988
5976	274.6199951
5977	273.7000122
5978	273.3099976
5979	272.6400146
5980	272.0899963
5981	271.8800049
5982	271.6499939
5983	271.3999939
5984	271.3399963
5985	271.3999939
5986	271.6499939
5987	271.8200073
5988	271.9299927
5989	272.0100098
5990	272.3200073
5991	272.4500122
5992	272.6799927
5993	272.9299927
5994	273.1199951
5995	273.4500122
5996	273.6000061
5997	273.8099976
5998	274.019989
5999	274.1900024
6000	274.1900024
6001	274.4400024
6002	274.5400085
6003	274.6199951
6004	274.8500061
6005	274.9599915
6006	275.1499939
6007	275.1499939
6008	275.2900085
6009	275.4200134
6010	275.480011
6011	275.6499939
6012	275.7099915
6013	275.7999878
6014	275.7999878
6015	276
6016	276.230011
6017	276.2099915
6018	276.2099915
6019	276.3599854
6020	276.3399963
6021	276.3200073
6022	276.4400024
6023	276.4899902
6024	276.5899963
6025	276.5700073
6026	276.6300049
6027	276.6300049
6028	276.6700134
6029	276.7399902
6030	276.8200073
6031	276.8800049
6032	276.8999939
6033	276.9899902
6034	276.9200134
6035	277.0299988
6036	277.0100098
6037	276.9899902
6038	277.0700073
6039	277.0700073
6040	277.0499878
6041	277.2200012
6042	277.2600098
6043	277.3200073
6044	277.3200073
6045	277.2399902
6046	277.2399902
6047	277.4299927
6048	277.4899902
6049	277.4500122
6050	277.4299927
6051	277.4100037
6052	277.3200073
6053	277.3399963
6054	277.4100037
6055	277.4700012
6056	277.4299927
6057	277.5499878
6058	277.6199951
6059	277.6400146
6060	277.6199951
6061	277.6400146
6062	277.6600037
6063	277.6600037
6064	277.6799927
6065	277.7600098
6066	277.6799927
6067	277.6799927
6068	277.6799927
6069	277.6799927
6070	277.6600037
6071	277.6600037
6072	277.7200012
6073	277.7399902
6074	277.7799988
6075	277.7200012
6076	277.8200073
6077	277.8900146
6078	277.8900146
6079	277.8900146
6080	277.8699951
6081	277.8200073
6082	277.8699951
6083	277.8200073
6084	277.8200073
6085	277.8200073
6086	277.9100037
6087	278.0299988
6088	278.0100098
6089	278.0100098
6090	277.9899902
6091	278.0100098
6092	278.0100098
6093	277.9100037
6094	277.9700012
6095	278.0100098
6096	278.0499878
6097	278.0100098
6098	277.9700012
6099	277.9500122
6100	277.9299927
6101	277.9100037
6102	277.8900146
6103	277.9100037
6104	277.9500122
6105	277.9100037
6106	278.0100098
6107	278.0100098
6108	277.9500122
6109	277.9299927
6110	277.9299927
6111	278.0499878
6112	278.0799866
6113	278.0499878
6114	278.0100098
6115	278.0100098
6116	278.1000061
6117	278.1000061
6118	278.0100098
6119	278.1000061
6120	278.1000061
6121	278.1000061
6122	278.0299988
6123	278.0799866
6124	278.0100098
6125	277.9899902
6126	277.9899902
6127	277.9299927
6128	277.9299927
6129	277.9100037
6130	277.8699951
6131	277.9100037
6132	277.9299927
6133	277.9700012
6134	278.0100098
6135	278.0499878
6136	278.0799866
6137	278.0299988
6138	278.0799866
6139	278.0299988
6140	277.9899902
6141	278.0100098
6142	278.1000061
6143	278.0100098
6144	278.0299988
6145	278.1199951
6146	278.1400146
6147	278.1600037
6148	278.1400146
6149	278.1400146
6150	278.2200012
6151	278.2200012
6152	278.1799927
6153	278.1000061
6154	278.1600037
6155	278.1600037
6156	278.1600037
6157	278.1600037
6158	278.1799927
6159	278.1600037
6160	278.1199951
6161	278.0799866
6162	278.1000061
6163	278.0799866
6164	278.1000061
6165	278.1000061
6166	278.1000061
6167	278.0499878
6168	278.0299988
6169	278.0299988
6170	278.1400146
6171	278.0799866
6172	278.1000061
6173	278.2000122
6174	278.2200012
6175	278.3299866
6176	278.4299927
6177	278.4299927
6178	278.3900146
6179	278.3900146
6180	278.3099976
6181	278.3099976
6182	278.2200012
6183	278.2799988