1	325.5000114
2	325.5999982
3	324.9999881
4	324.9999881
5	325.3999949
6	325.3999949
7	325.1999915
8	325.3999949
9	325.7000148
10	326.000005
11	326.2999952
12	326.0999918
13	326.4000118
14	326.0999918
15	326.000005
16	325.7000148
17	325.7000148
18	325.5999982
19	325.7000148
20	325.3999949
21	325.3999949
22	326.000005
23	325.7000148
24	325.5999982
25	325.5999982
26	325.5999982
27	326.000005
28	326.000005
29	326.000005
30	325.8000016
31	326.000005
32	325.7000148
33	325.7000148
34	325.7000148
35	325.8000016
36	326.000005
37	325.8000016
38	325.8999884
39	326.2999952
40	325.8000016
41	325.8000016
42	325.8999884
43	325.8999884
44	325.7000148
45	325.5000114
46	325.7000148
47	325.7000148
48	325.5000114
49	325.8000016
50	325.8000016
51	325.5000114
52	325.5999982
53	325.7000148
54	325.5999982
55	325.8000016
56	325.7000148
57	326.000005
58	325.7000148
59	325.8000016
60	325.7000148
61	325.8000016
62	325.8000016
63	325.7000148
64	325.5999982
65	325.3999949
66	325.8000016
67	325.7000148
68	325.5000114
69	325.5999982
70	325.3999949
71	325.3000081
72	324.9999881
73	325.3000081
74	325.1999915
75	325.1999915
76	325.3999949
77	325.5000114
78	325.3999949
79	325.3999949
80	325.5000114
81	325.5000114
82	325.3999949
83	325.3999949
84	325.5000114
85	325.5000114
86	325.3999949
87	325.5000114
88	325.3999949
89	325.5999982
90	325.7000148
91	325.7000148
92	325.7000148
93	325.7000148
94	325.7000148
95	325.3999949
96	325.7000148
97	325.5999982
98	325.5999982
99	325.7000148
100	326.2999952
101	325.7000148
102	325.5999982
103	325.5000114
104	325.1000047
105	325.1000047
106	324.6999979
107	324.9999881
108	324.9000013
109	324.9999881
110	324.9999881
111	325.3000081
112	325.7000148
113	325.8999884
114	326.2999952
115	326.5999854
116	326.9000053
117	327.3000121
118	327.6000023
119	328.0000091
120	328.2000124
121	328.2999992
122	328.5999894
123	328.5999894
124	328.700006
125	328.7999928
126	328.700006
127	328.5999894
128	328.5999894
129	328.7999928
130	328.9000094
131	328.9000094
132	328.7999928
133	329.1999996
134	328.9000094
135	328.9999962
136	329.2999864
137	329.4999897
138	329.2999864
139	329.4999897
140	329.4999897
141	329.1000128
142	328.9999962
143	329.1999996
144	329.2999864
145	329.2999864
146	329.1999996
147	329.400003
148	329.1999996
149	329.4999897
150	328.9999962
151	329.1999996
152	329.2999864
153	328.9000094
154	328.5999894
155	328.9000094
156	329.1000128
157	328.9000094
158	328.5999894
159	328.5999894
160	328.9999962
161	328.9000094
162	328.700006
163	328.9000094
164	328.7999928
165	328.5999894
166	328.5999894
167	328.7999928
168	328.9999962
169	328.9999962
170	329.1000128
171	329.1999996
172	328.9000094
173	328.700006
174	328.9000094
175	328.9999962
176	329.400003
177	329.1999996
178	329.4999897
179	329.4999897
180	329.4999897
181	329.1999996
182	329.1999996
183	329.4999897
184	329.1000128
185	328.9000094
186	329.1000128
187	329.1999996
188	329.2999864
189	329.6999931
190	329.6000063
191	329.400003
192	329.4999897
193	329.1000128
194	329.1999996
195	328.9999962
196	328.9000094
197	328.700006
198	328.5999894
199	328.9000094
200	328.9000094
201	328.7999928
202	329.1999996
203	329.1999996
204	329.2999864
205	329.4999897
206	329.400003
207	329.2999864
208	328.9000094
209	328.9000094
210	328.5999894
211	328.399986
212	328.5000026
213	328.399986
214	328.5999894
215	328.5999894
216	328.5999894
217	328.9000094
218	328.9999962
219	328.9999962
220	328.9000094
221	328.7999928
222	328.7999928
223	328.5000026
224	328.9999962
225	329.2999864
226	328.9000094
227	329.1000128
228	329.1999996
229	329.400003
230	329.2999864
231	329.400003
232	329.4999897
233	329.1999996
234	329.6000063
235	329.1999996
236	329.1999996
237	329.1000128
238	329.1999996
239	328.9999962
240	328.9000094
241	329.1000128
242	328.9000094
243	328.9000094
244	328.7999928
245	328.700006
246	329.1999996
247	329.400003
248	329.8000097
249	329.8999965
250	329.8000097
251	329.4999897
252	329.6999931
253	329.4999897
254	329.4999897
255	329.4999897
256	329.2999864
257	329.6000063
258	329.4999897
259	329.4999897
260	329.4999897
261	329.400003
262	329.1999996
263	328.9999962
264	328.7999928
265	328.9999962
266	329.1999996
267	329.4999897
268	329.4999897
269	329.1000128
270	329.2999864
271	329.1999996
272	329.1000128
273	328.9999962
274	329.1999996
275	329.2999864
276	329.400003
277	329.2999864
278	328.9999962
279	328.9000094
280	329.1999996
281	329.1000128
282	328.9999962
283	329.4999897
284	330.0000131
285	330.0999999
286	330.1999867
287	330.3000033
288	329.8000097
289	329.1999996
290	328.2999992
291	326.000005
292	322.6000071
293	320.8000064
294	317.2000051
295	313.4999871
296	310.6000125
297	309.5000088
298	307.7000082
299	306.6999912
300	306.6999912
301	306.3000143
302	306.6999912
303	307.3999882
304	308.2999885
305	309.5000088
306	310.6000125
307	311.8000031
308	312.5
309	313.6999905
310	314.3999875
311	315.4000044
312	316.0000145
313	316.7999983
314	317.900002
315	318.3000088
316	318.6999857
317	319.2000091
318	319.5999861
319	319.9999928
320	320.1999962
321	320.4999864
322	320.6999898
323	320.6999898
324	321.2000132
325	321.5000033
326	322.2000003
327	321.9000101
328	322.4999905
329	322.4000037
330	322.4999905
331	322.4999905
332	322.6999938
333	322.2999871
334	322.6999938
335	322.4999905
336	322.4999905
337	322.6999938
338	322.6000071
339	323.1000006
340	323.3999908
341	323.5000074
342	323.1000006
343	323.1000006
344	323.5000074
345	323.5999942
346	323.7999976
347	323.9000142
348	323.9000142
349	323.7999976
350	324.0999877
351	324.0999877
352	323.3999908
353	323.7999976
354	324.000001
355	323.7999976
356	323.9000142
357	323.5999942
358	323.5999942
359	323.7999976
360	323.7999976
361	323.9000142
362	324.0999877
363	324.2999911
364	324.000001
365	324.2000043
366	323.9000142
367	323.9000142
368	323.5999942
369	323.7999976
370	324.000001
371	324.000001
372	323.7999976
373	324.000001
374	324.0999877
375	324.000001
376	324.2000043
377	324.2999911
378	324.4999945
379	324.6000111
380	324.4999945
381	324.4000077
382	324.4000077
383	324.4000077
384	324.2999911
385	324.4000077
386	324.6000111
387	324.4000077
388	324.4000077
389	324.4999945
390	324.4999945
391	324.6000111
392	324.6000111
393	324.6999979
394	324.6999979
395	324.6000111
396	324.4999945
397	324.0999877
398	324.4999945
399	324.6999979
400	324.0999877
401	324.6000111
402	324.4999945
403	324.6999979
404	324.4999945
405	324.4000077
406	324.4000077
407	324.4999945
408	324.4000077
409	324.6000111
410	324.4999945
411	324.2999911
412	324.6999979
413	324.6999979
414	324.4000077
415	324.2000043
416	324.2000043
417	324.0999877
418	324.4000077
419	324.4000077
420	324.4999945
421	324.4000077
422	324.6999979
423	324.6000111
424	324.9999881
425	324.8000145
426	324.8000145
427	324.6000111
428	324.2999911
429	324.4999945
430	324.6999979
431	324.4000077
432	324.6000111
433	324.9000013
434	324.9000013
435	324.6999979
436	324.4999945
437	324.8000145
438	324.4000077
439	324.8000145
440	324.6999979
441	324.4000077
442	324.6999979
443	324.6999979
444	324.4000077
445	324.9999881
446	324.9999881
447	324.6999979
448	324.8000145
449	324.6000111
450	324.4999945
451	324.9999881
452	324.6999979
453	324.4000077
454	324.9999881
455	324.9000013
456	325.1000047
457	324.9999881
458	324.9000013
459	324.6999979
460	324.4999945
461	324.4000077
462	324.4999945
463	324.6000111
464	324.4000077
465	324.6999979
466	324.9000013
467	324.9999881
468	324.6999979
469	324.6000111
470	324.6999979
471	324.6999979
472	324.9000013
473	324.9000013
474	324.6999979
475	324.9000013
476	325.1000047
477	324.9000013
478	324.9999881
479	324.8000145
480	324.6999979
481	324.9999881
482	324.9999881
483	324.8000145
484	324.9999881
485	325.3999949
486	325.3999949
487	325.8999884
488	325.7000148
489	324.9999881
490	324.9000013
491	324.9999881
492	324.9000013
493	324.9999881
494	325.1999915
495	324.9999881
496	325.1000047
497	325.3000081
498	324.9999881
499	324.9999881
500	324.9000013
501	324.4999945
502	324.8000145
503	324.8000145
504	324.9999881
505	324.6999979
506	324.8000145
507	324.9999881
508	324.6999979
509	324.9999881
510	325.3999949
511	325.1999915
512	324.9999881
513	324.9999881
514	325.1999915
515	325.1999915
516	325.1000047
517	324.9000013
518	324.9999881
519	324.9999881
520	325.1999915
521	324.6999979
522	324.4000077
523	324.6999979
524	324.9999881
525	325.3999949
526	324.9999881
527	325.1000047
528	324.9999881
529	325.1000047
530	324.8000145
531	325.1000047
532	324.9999881
533	324.6999979
534	325.1000047
535	324.9999881
536	324.9000013
537	324.9000013
538	324.9999881
539	325.1000047
540	325.1000047
541	324.9999881
542	324.9999881
543	325.1999915
544	324.6999979
545	324.9999881
546	325.1000047
547	325.1999915
548	324.9000013
549	324.9999881
550	324.9999881
551	324.9999881
552	324.9999881
553	324.9999881
554	324.9999881
555	324.9999881
556	324.9000013
557	325.1000047
558	324.9000013
559	325.1000047
560	324.9000013
561	324.6999979
562	324.6999979
563	324.9000013
564	324.9999881
565	324.9999881
566	324.6999979
567	324.6000111
568	324.4999945
569	324.8000145
570	324.6999979
571	324.8000145
572	324.9000013
573	324.9000013
574	324.6999979
575	324.9999881
576	324.9999881
577	324.8000145
578	324.8000145
579	324.4999945
580	324.4000077
581	324.6999979
582	324.9000013
583	324.6999979
584	324.9999881
585	324.9999881
586	325.1000047
587	325.5000114
588	326.4000118
589	326.4000118
590	326.7999887
591	327.3000121
592	327.6999891
593	328.0000091
594	328.5000026
595	328.2000124
596	328.0000091
597	328.5999894
598	328.399986
599	328.5999894
600	328.700006
601	328.700006
602	328.9000094
603	328.9000094
604	329.2999864
605	328.9000094
606	329.1999996
607	328.9999962
608	329.1000128
609	329.1000128
610	328.7999928
611	328.9999962
612	328.9000094
613	328.9000094
614	328.7999928
615	328.399986
616	328.5999894
617	328.9000094
618	329.1999996
619	329.1999996
620	329.1999996
621	329.400003
622	329.1999996
623	329.1999996
624	329.2999864
625	329.1000128
626	329.1999996
627	328.9000094
628	328.9000094
629	328.9000094
630	329.1999996
631	328.9999962
632	329.400003
633	329.1000128
634	329.4999897
635	329.400003
636	329.400003
637	329.8000097
638	329.4999897
639	329.4999897
640	329.1999996
641	328.9000094
642	328.700006
643	329.1999996
644	328.700006
645	328.9000094
646	329.1999996
647	329.2999864
648	329.400003
649	329.6000063
650	329.6000063
651	329.400003
652	329.2999864
653	329.400003
654	329.1999996
655	329.1999996
656	328.700006
657	328.9000094
658	329.1000128
659	328.5000026
660	328.7999928
661	328.9000094
662	329.1999996
663	329.400003
664	329.8000097
665	329.4999897
666	329.4999897
667	329.1999996
668	329.1999996
669	329.1999996
670	329.1999996
671	329.400003
672	329.2999864
673	329.1999996
674	329.4999897
675	329.400003
676	328.9999962
677	329.1999996
678	329.1000128
679	328.700006
680	328.5999894
681	328.9000094
682	328.5000026
683	328.5999894
684	328.9000094
685	328.7999928
686	328.5999894
687	328.700006
688	328.5000026
689	328.2999992
690	328.399986
691	328.7999928
692	328.5999894
693	329.1999996
694	329.2999864
695	329.4999897
696	329.1000128
697	329.1999996
698	329.1999996
699	329.6000063
700	330.0000131
701	330.1999867
702	330.3000033
703	330.1999867
704	330.0999999
705	329.8999965
706	330.1999867
707	330.0000131
708	330.1999867
709	329.8999965
710	330.0999999
711	329.8999965
712	330.0999999
713	330.1999867
714	329.400003
715	329.2999864
716	329.1999996
717	329.1000128
718	329.1000128
719	329.400003
720	329.2999864
721	329.2999864
722	329.6000063
723	329.4999897
724	329.400003
725	329.1999996
726	329.400003
727	329.1999996
728	329.1000128
729	329.2999864
730	329.1999996
731	329.1000128
732	328.7999928
733	328.9000094
734	328.9000094
735	328.7999928
736	328.9000094
737	329.1999996
738	329.6999931
739	329.8000097
740	329.8000097
741	329.8000097
742	329.6999931
743	329.4999897
744	329.400003
745	329.1999996
746	329.4999897
747	329.6000063
748	333.2000077
749	329.4999897
750	329.6000063
751	329.8999965
752	330.0000131
753	329.8999965
754	330.1999867
755	330.3000033
756	330.1999867
757	330.3999901
758	330.5000067
759	330.5999935
760	330.5000067
761	329.8999965
762	329.6000063
763	328.0999959
764	326.9999921
765	324.4000077
766	320.600003
767	318.8000023
768	315.2999878
769	312.4000132
770	309.8999858
771	308.6999953
772	307.5000048
773	306.6999912
774	306.400001
775	306.6999912
776	307.3000014
777	308.6000085
778	309.3000054
779	309.8999858
780	310.9000027
781	312.2999966
782	312.7999902
783	313.6999905
784	314.7000074
785	315.4999912
786	316.0000145
787	316.5999949
788	317.4000084
789	318.1999922
790	318.599999
791	319.2000091
792	319.4999993
793	319.9999928
794	320.4999864
795	320.4999864
796	320.8999932
797	321.0999966
798	321.0000098
799	321.3999867
800	321.5000033
801	321.9000101
802	321.9000101
803	322.1000135
804	322.2999871
805	322.6000071
806	322.6999938
807	322.8000104
808	322.6999938
809	323.1999874
810	323.1999874
811	323.1000006
812	322.8000104
813	323.1999874
814	323.1999874
815	323.300004
816	323.1000006
817	323.3999908
818	323.3999908
819	323.3999908
820	323.300004
821	323.5999942
822	323.5999942
823	323.5999942
824	324.0999877
825	323.7999976
826	323.7999976
827	323.7000108
828	323.7999976
829	323.5000074
830	323.5000074
831	323.7999976
832	323.7999976
833	323.7999976
834	323.5999942
835	323.7999976
836	323.7000108
837	323.7999976
838	324.000001
839	324.2000043
840	324.4000077
841	324.4000077
842	324.4999945
843	324.4000077
844	324.4000077
845	324.2999911
846	324.2000043
847	324.2999911
848	324.2999911
849	324.4000077
850	324.4999945
851	324.4999945
852	324.0999877
853	324.0999877
854	324.4000077
855	324.4000077
856	324.2000043
857	324.2000043
858	324.0999877
859	323.7999976
860	324.000001
861	324.4000077
862	324.4000077
863	324.4000077
864	324.4000077
865	324.4000077
866	324.4000077
867	324.4999945
868	324.6999979
869	324.6000111
870	324.9000013
871	324.6000111
872	324.6999979
873	324.6000111
874	324.4000077
875	324.4000077
876	324.4000077
877	324.4000077
878	324.0999877
879	324.0999877
880	324.4000077
881	324.2999911
882	324.000001
883	324.2000043
884	324.4999945
885	324.4999945
886	324.6000111
887	324.0999877
888	324.0999877
889	324.4000077
890	324.6999979
891	324.6000111
892	324.4000077
893	324.6000111
894	324.4999945
895	324.9000013
896	324.9000013
897	324.6999979
898	324.2999911
899	324.2000043
900	324.000001
901	323.7999976
902	323.9000142
903	324.2999911
904	324.0999877
905	324.2000043
906	324.2999911
907	324.2999911
908	324.2999911
909	324.6000111
910	324.4999945
911	324.2000043
912	324.4000077
913	324.4000077
914	324.2999911
915	324.4000077
916	324.4000077
917	324.4000077
918	324.6000111
919	324.2000043
920	324.0999877
921	324.0999877
922	324.0999877
923	323.9000142
924	323.7999976
925	324.0999877
926	323.7999976
927	324.4000077
928	324.4000077
929	324.4999945
930	324.0999877
931	324.0999877
932	324.2000043
933	324.2000043
934	324.2999911
935	324.0999877
936	324.2000043
937	324.4000077
938	324.2999911
939	324.6000111
940	324.2000043
941	324.2000043
942	324.4000077
943	324.0999877
944	323.7999976
945	323.7999976
946	323.7999976
947	323.7999976
948	324.000001
949	323.9000142
950	324.2000043
951	324.000001
952	324.0999877
953	324.0999877
954	324.2000043
955	324.000001
956	324.000001
957	324.000001
958	324.0999877
959	324.000001
960	324.0999877
961	323.9000142
962	323.7000108
963	324.000001
964	324.0999877
965	324.0999877
966	324.0999877
967	324.0999877
968	324.000001
969	324.2000043
970	324.2999911
971	324.2000043
972	324.2999911
973	324.4000077
974	324.4999945
975	324.4000077
976	324.2999911
977	323.7999976
978	324.0999877
979	323.7999976
980	324.0999877
981	323.7999976
982	323.7000108
983	324.000001
984	324.0999877
985	324.000001
986	324.4000077
987	324.2999911
988	324.4000077
989	324.4000077
990	324.0999877
991	324.000001
992	323.7999976
993	323.9000142
994	324.2000043
995	323.9000142
996	323.9000142
997	324.2000043
998	324.000001
999	324.000001
1000	324.000001
1001	324.0999877
1002	324.2999911
1003	324.2999911
1004	324.2999911
1005	324.2999911
1006	324.4000077
1007	324.0999877
1008	324.2999911
1009	324.6999979
1010	324.0999877
1011	324.0999877
1012	324.2999911
1013	324.2999911
1014	327.3000121
1015	324.4000077
1016	323.9000142
1017	324.0999877
1018	323.9000142
1019	324.0999877
1020	324.000001
1021	324.4999945
1022	324.0999877
1023	324.4000077
1024	324.2000043
1025	324.0999877
1026	324.0999877
1027	324.6000111
1028	324.4000077
1029	324.2999911
1030	324.000001
1031	324.0999877
1032	323.7999976
1033	323.7999976
1034	323.9000142
1035	323.5999942
1036	323.7000108
1037	323.9000142
1038	323.9000142
1039	323.9000142
1040	324.0999877
1041	323.7999976
1042	323.9000142
1043	323.7999976
1044	324.000001
1045	324.0999877
1046	324.2000043
1047	324.0999877
1048	323.9000142
1049	324.0999877
1050	323.7999976
1051	323.300004
1052	322.8999972
1053	322.2999871
1054	322.4000037
1055	322.8000104
1056	322.8000104
1057	323.3999908
1058	323.1000006
1059	324.000001
1060	324.4000077
1061	324.9000013
1062	324.9999881
1063	325.1999915
1064	325.3999949
1065	326.2000084
1066	326.2999952
1067	326.2000084
1068	326.700002
1069	326.5999854
1070	326.7999887
1071	327.6000023
1072	327.8999925
1073	327.8999925
1074	328.0999959
1075	328.0999959
1076	328.2999992
1077	328.5999894
1078	328.2999992
1079	328.9000094
1080	328.5999894
1081	328.399986
1082	328.2999992
1083	328.5999894
1084	328.5999894
1085	328.5999894
1086	328.5999894
1087	328.700006
1088	328.700006
1089	328.5999894
1090	328.5000026
1091	328.2999992
1092	328.2999992
1093	328.399986
1094	328.5999894
1095	328.700006
1096	328.5000026
1097	328.5999894
1098	328.9999962
1099	328.9000094
1100	328.700006
1101	328.9000094
1102	328.5999894
1103	328.2999992
1104	327.8999925
1105	328.2000124
1106	328.2999992
1107	328.0999959
1108	328.0000091
1109	328.5000026
1110	328.5000026
1111	328.2000124
1112	328.2999992
1113	328.0999959
1114	327.8000057
1115	327.8999925
1116	328.0999959
1117	328.2999992
1118	327.8999925
1119	328.399986
1120	328.5999894
1121	328.399986
1122	328.5000026
1123	327.8999925
1124	327.4999857
1125	327.6000023
1126	327.6000023
1127	327.8999925
1128	327.8999925
1129	327.8999925
1130	327.8000057
1131	328.0999959
1132	328.399986
1133	328.2999992
1134	328.2999992
1135	328.2000124
1136	328.2999992
1137	328.5000026
1138	328.5999894
1139	328.5999894
1140	328.9000094
1141	328.9000094
1142	328.9000094
1143	328.5999894
1144	328.700006
1145	328.7999928
1146	328.5999894
1147	328.5999894
1148	328.7999928
1149	328.5999894
1150	328.5999894
1151	328.5999894
1152	328.2999992
1153	328.5999894
1154	328.5999894
1155	328.5000026
1156	328.5000026
1157	328.5999894
1158	328.5000026
1159	328.399986
1160	328.700006
1161	328.5999894
1162	328.399986
1163	328.2999992
1164	328.0000091
1165	327.8999925
1166	327.6000023
1167	327.6000023
1168	327.8999925
1169	327.8999925
1170	328.2000124
1171	328.0999959
1172	327.6000023
1173	327.6000023
1174	327.8000057
1175	327.6000023
1176	327.8999925
1177	327.8999925
1178	327.8999925
1179	328.0000091
1180	328.2999992
1181	328.0000091
1182	327.6999891
1183	327.1000087
1184	327.1999955
1185	327.3999989
1186	327.8999925
1187	327.8000057
1188	327.8000057
1189	327.8000057
1190	327.8999925
1191	328.0000091
1192	327.8000057
1193	328.0999959
1194	328.2000124
1195	328.5000026
1196	328.2999992
1197	328.5999894
1198	328.9000094
1199	328.9000094
1200	329.400003
1201	329.1999996
1202	328.9000094
1203	329.1999996
1204	328.9999962
1205	328.700006
1206	328.700006
1207	328.5999894
1208	328.5999894
1209	328.2999992
1210	328.2999992
1211	328.0000091
1212	328.0999959
1213	328.0000091
1214	327.6999891
1215	327.8999925
1216	327.8999925
1217	328.0000091
1218	328.2000124
1219	328.5000026
1220	328.5000026
1221	328.2999992
1222	327.8999925
1223	328.0999959
1224	327.6999891
1225	327.8999925
1226	328.0000091
1227	328.2000124
1228	328.2999992
1229	328.700006
1230	328.7999928
1231	328.7999928
1232	329.4999897
1233	329.400003
1234	329.4999897
1235	328.7999928
1236	327.1999955
1237	325.5999982
1238	324.0999877
1239	321.0000098
1240	317.4999952
1241	313.4999871
1242	312.0999932
1243	309.799999
1244	307.0000112
1245	305.9999943
1246	305.0000072
1247	304.8000038
1248	304.8999906
1249	305.0000072
1250	305.5999875
1251	306.4999878
1252	307.7000082
1253	308.6000085
1254	309.7000122
1255	310.6999993
1256	312.4000132
1257	312.9000068
1258	314.0999973
1259	314.7000074
1260	315.4999912
1261	316.0000145
1262	316.7000115
1263	317.2999918
1264	317.7999854
1265	317.9999888
1266	318.599999
1267	318.8999891
1268	319.0999925
1269	319.2000091
1270	319.9000061
1271	320.1000094
1272	320.1999962
1273	320.3999996
1274	320.3000128
1275	320.4999864
1276	320.6999898
1277	320.8999932
1278	320.8999932
1279	321.2000132
1280	321.2000132
1281	321.3999867
1282	321.7000067
1283	321.7000067
1284	321.5999901
1285	321.9999969
1286	321.7999935
1287	321.9999969
1288	321.9999969
1289	322.2999871
1290	322.2000003
1291	322.4000037
1292	321.9999969
1293	322.1000135
1294	322.1000135
1295	322.2000003
1296	322.4999905
1297	322.2999871
1298	322.1000135
1299	322.2999871
1300	322.6999938
1301	322.4000037
1302	322.4999905
1303	322.6000071
1304	322.4999905
1305	322.4999905
1306	322.6000071
1307	322.4999905
1308	322.8000104
1309	322.4999905
1310	322.8999972
1311	322.8999972
1312	322.6999938
1313	322.4999905
1314	323.0000138
1315	322.8000104
1316	322.8999972
1317	323.0000138
1318	322.8000104
1319	322.8000104
1320	322.4999905
1321	322.6999938
1322	322.8000104
1323	322.6000071
1324	322.8000104
1325	322.8000104
1326	322.6999938
1327	323.1000006
1328	323.1000006
1329	322.8000104
1330	323.0000138
1331	323.1000006
1332	322.8000104
1333	322.8000104
1334	322.8999972
1335	322.8000104
1336	323.1000006
1337	323.0000138
1338	322.8000104
1339	322.8000104
1340	323.1999874
1341	323.1000006
1342	323.1000006
1343	323.1000006
1344	323.1999874
1345	323.3999908
1346	323.1999874
1347	323.5000074
1348	323.3999908
1349	323.300004
1350	323.5000074
1351	323.300004
1352	323.300004
1353	323.3999908
1354	323.1999874
1355	323.1000006
1356	323.300004
1357	323.300004
1358	323.3999908
1359	323.300004
1360	323.300004
1361	323.5000074
1362	323.1999874
1363	323.3999908
1364	323.3999908
1365	323.1000006
1366	323.300004
1367	323.1999874
1368	322.8000104
1369	322.6999938
1370	322.8000104
1371	322.8000104
1372	322.8999972
1373	323.1000006
1374	322.8000104
1375	323.1999874
1376	323.1000006
1377	323.3999908
1378	323.1000006
1379	323.3999908
1380	323.1000006
1381	323.1999874
1382	323.3999908
1383	323.3999908
1384	323.1000006
1385	323.1999874
1386	323.1000006
1387	323.1000006
1388	322.8999972
1389	322.8999972
1390	323.300004
1391	323.1000006
1392	323.1000006
1393	323.1000006
1394	323.300004
1395	323.1000006
1396	323.1000006
1397	323.3999908
1398	323.5999942
1399	323.3999908
1400	323.1999874
1401	323.3999908
1402	323.3999908
1403	323.300004
1404	323.300004
1405	323.3999908
1406	323.7000108
1407	323.3999908
1408	323.1999874
1409	323.1000006
1410	323.3999908
1411	323.300004
1412	323.300004
1413	323.3999908
1414	323.7999976
1415	323.7000108
1416	323.3999908
1417	323.3999908
1418	323.3999908
1419	323.0000138
1420	322.8999972
1421	322.8000104
1422	322.8999972
1423	323.1000006
1424	322.6000071
1425	322.6999938
1426	322.2999871
1427	322.8000104
1428	322.8999972
1429	322.6999938
1430	323.0000138
1431	323.0000138
1432	323.1999874
1433	323.1999874
1434	322.8000104
1435	322.8000104
1436	322.8000104
1437	323.0000138
1438	323.1000006
1439	322.8000104
1440	322.8000104
1441	322.6999938
1442	323.1000006
1443	322.8999972
1444	323.1999874
1445	322.8000104
1446	323.1000006
1447	322.8999972
1448	322.8000104
1449	322.8000104
1450	322.8000104
1451	322.8000104
1452	323.0000138
1453	323.1000006
1454	323.300004
1455	323.3999908
1456	323.1000006
1457	322.8000104
1458	323.0000138
1459	323.300004
1460	322.8999972
1461	322.6000071
1462	322.6999938
1463	322.6999938
1464	322.6999938
1465	322.4999905
1466	322.4999905
1467	322.6000071
1468	322.8000104
1469	322.6000071
1470	322.8000104
1471	322.8000104
1472	322.8000104
1473	323.0000138
1474	323.0000138
1475	323.0000138
1476	322.8000104
1477	322.8999972
1478	322.8000104
1479	323.1000006
1480	322.8000104
1481	322.8000104
1482	322.8000104
1483	322.8000104
1484	323.0000138
1485	322.8000104
1486	323.1000006
1487	323.3999908
1488	323.0000138
1489	322.8999972
1490	323.1000006
1491	323.300004
1492	323.0000138
1493	323.3999908
1494	323.1000006
1495	323.300004
1496	322.8000104
1497	322.8000104
1498	322.4999905
1499	322.8000104
1500	322.8000104
1501	322.6000071
1502	322.6999938
1503	322.6000071
1504	322.4999905
1505	322.8000104
1506	323.1000006
1507	322.8999972
1508	322.6000071
1509	323.1000006
1510	323.1000006
1511	323.0000138
1512	322.6999938
1513	323.0000138
1514	323.0000138
1515	323.1999874
1516	322.8000104
1517	323.1000006
1518	323.1000006
1519	323.1999874
1520	322.8000104
1521	323.0000138
1522	323.1000006
1523	322.4999905
1524	322.2000003
1525	322.2999871
1526	322.4999905
1527	322.6000071
1528	322.6000071
1529	322.8999972
1530	323.0000138
1531	323.300004
1532	323.3999908
1533	323.3999908
1534	324.0999877
1535	324.6999979
1536	324.9999881
1537	325.3999949
1538	326.000005
1539	326.4000118
1540	326.700002
1541	326.700002
1542	327.3000121
1543	327.1999955
1544	327.3000121
1545	326.9000053
1546	326.700002
1547	326.4000118
1548	326.5999854
1549	326.5999854
1550	326.700002
1551	327.1000087
1552	327.1999955
1553	327.1999955
1554	326.9999921
1555	326.9999921
1556	326.7999887
1557	326.4999986
1558	326.9000053
1559	326.9999921
1560	326.700002
1561	326.9999921
1562	326.9000053
1563	326.9000053
1564	326.9999921
1565	327.1000087
1566	326.9999921
1567	327.3000121
1568	327.3999989
1569	327.1000087
1570	326.9999921
1571	326.9000053
1572	326.700002
1573	326.0999918
1574	326.2999952
1575	326.000005
1576	326.0999918
1577	326.4000118
1578	326.0999918
1579	326.2999952
1580	326.7999887
1581	327.1999955
1582	327.1999955
1583	327.1000087
1584	327.3999989
1585	327.6999891
1586	327.6000023
1587	327.6999891
1588	327.8999925
1589	327.8000057
1590	327.6000023
1591	327.6000023
1592	327.6999891
1593	327.3999989
1594	327.3999989
1595	327.3000121
1596	327.3000121
1597	327.6000023
1598	327.3000121
1599	327.3999989
1600	327.6000023
1601	327.8999925
1602	327.3000121
1603	327.6000023
1604	327.8000057
1605	327.1999955
1606	326.9999921
1607	326.9999921
1608	327.3000121
1609	327.3999989
1610	327.6000023
1611	327.6999891
1612	327.4999857
1613	327.3999989
1614	327.4999857
1615	327.8000057
1616	328.2000124
1617	328.2000124
1618	327.8999925
1619	327.8999925
1620	327.8000057
1621	327.8000057
1622	327.6000023
1623	327.6000023
1624	327.6000023
1625	327.6999891
1626	327.6000023
1627	327.6000023
1628	327.3000121
1629	326.9999921
1630	326.9000053
1631	326.9999921
1632	327.1000087
1633	327.3000121
1634	327.3000121
1635	327.4999857
1636	327.6000023
1637	328.0999959
1638	328.2999992
1639	328.2999992
1640	328.5999894
1641	328.5999894
1642	328.9000094
1643	328.700006
1644	328.7999928
1645	329.1999996
1646	328.9999962
1647	329.1999996
1648	329.400003
1649	329.2999864
1650	329.1999996
1651	329.1999996
1652	328.9999962
1653	328.9000094
1654	328.700006
1655	328.9000094
1656	328.7999928
1657	328.399986
1658	328.2999992
1659	328.2999992
1660	328.2000124
1661	328.2000124
1662	328.2999992
1663	328.0000091
1664	327.8999925
1665	327.6000023
1666	327.4999857
1667	327.4999857
1668	327.4999857
1669	327.8999925
1670	327.8000057
1671	328.0999959
1672	328.2999992
1673	328.0999959
1674	328.2000124
1675	328.2000124
1676	328.0999959
1677	328.2999992
1678	328.2999992
1679	328.399986
1680	327.8999925
1681	327.8000057
1682	327.6999891
1683	328.0999959
1684	328.5000026
1685	328.399986
1686	328.0999959
1687	327.6000023
1688	327.4999857
1689	327.3000121
1690	327.3999989
1691	327.6000023
1692	327.8000057
1693	327.4999857
1694	327.4999857
1695	327.4999857
1696	327.8000057
1697	327.6999891
1698	328.0999959
1699	328.2999992
1700	328.5999894
1701	328.5999894
1702	328.9000094
1703	329.1999996
1704	329.1999996
1705	328.9999962
1706	328.9000094
1707	328.9000094
1708	328.9000094
1709	328.2000124
1710	326.4999986
1711	324.0999877
1712	322.4999905
1713	319.2000091
1714	315.4000044
1715	312.2000098
1716	310.6000125
1717	307.5999916
1718	305.4000139
1719	304.399997
1720	304.1000068
1721	304.1999936
1722	304.1999936
1723	305.4000139
1724	306.1000109
1725	307.0000112
1726	308.4999919
1727	309.799999
1728	310.4999959
1729	311.3999963
1730	312.5999868
1731	313.1999969
1732	313.8999939
1733	314.9000108
1734	315.6999946
1735	316.1000013
1736	316.5999949
1737	317.0000017
1738	317.4000084
1739	317.9999888
1740	318.1999922
1741	318.599999
1742	319.0999925
1743	319.2999959
1744	319.2999959
1745	319.9000061
1746	320.1000094
1747	320.1999962
1748	320.3000128
1749	320.3000128
1750	320.3000128
1751	320.4999864
1752	321.0000098
1753	321.0000098
1754	321.0999966
1755	321.0999966
1756	321.3
1757	321.3999867
1758	321.2000132
1759	321.7000067
1760	321.7000067
1761	321.7999935
1762	321.7999935
1763	321.7999935
1764	321.9999969
1765	322.1000135
1766	322.2000003
1767	322.4000037
1768	322.4999905
1769	322.2999871
1770	322.4999905
1771	322.4999905
1772	322.2000003
1773	322.4000037
1774	322.6999938
1775	322.8000104
1776	322.4000037
1777	322.4000037
1778	322.4999905
1779	322.4999905
1780	322.2999871
1781	322.4000037
1782	322.2999871
1783	322.4999905
1784	322.4999905
1785	322.2999871
1786	322.4999905
1787	322.6999938
1788	322.2000003
1789	322.4999905
1790	322.6000071
1791	322.4999905
1792	322.4999905
1793	322.6000071
1794	322.4999905
1795	322.6999938
1796	322.6999938
1797	322.6999938
1798	322.6000071
1799	323.1000006
1800	322.8000104
1801	322.6000071
1802	322.8000104
1803	323.1000006
1804	323.1000006
1805	322.6000071
1806	322.6999938
1807	322.6999938
1808	322.6999938
1809	322.6000071
1810	322.6000071
1811	322.8000104
1812	322.6999938
1813	322.6999938
1814	322.8000104
1815	323.1000006
1816	322.8000104
1817	322.8000104
1818	322.8000104
1819	322.6000071
1820	323.0000138
1821	322.6000071
1822	322.8000104
1823	322.6999938
1824	322.8000104
1825	322.8999972
1826	323.300004
1827	322.8999972
1828	323.1000006
1829	322.8000104
1830	322.8999972
1831	322.8999972
1832	323.1000006
1833	322.8999972
1834	322.8000104
1835	323.3999908
1836	323.1999874
1837	323.1999874
1838	323.3999908
1839	323.3999908
1840	323.0000138
1841	322.8000104
1842	322.8999972
1843	322.8000104
1844	322.8999972
1845	323.300004
1846	323.1000006
1847	323.1999874
1848	323.1999874
1849	323.1000006
1850	323.0000138
1851	323.0000138
1852	323.1000006
1853	323.1999874
1854	323.1999874
1855	322.8000104
1856	323.0000138
1857	323.0000138
1858	322.8000104
1859	322.8000104
1860	322.8999972
1861	322.8000104
1862	322.6999938
1863	323.1999874
1864	323.1999874
1865	323.1000006
1866	322.8000104
1867	323.300004
1868	323.1000006
1869	322.8999972
1870	323.1000006
1871	323.0000138
1872	323.300004
1873	323.1000006
1874	323.3999908
1875	323.300004
1876	323.1000006
1877	323.1999874
1878	323.1000006
1879	323.0000138
1880	322.8999972
1881	323.0000138
1882	323.1000006
1883	323.1000006
1884	323.1000006
1885	323.1999874
1886	323.1999874
1887	323.0000138
1888	323.1000006
1889	323.1999874
1890	323.1999874
1891	323.1000006
1892	323.1000006
1893	323.1000006
1894	323.1000006
1895	323.1000006
1896	322.8000104
1897	323.300004
1898	323.1000006
1899	323.1000006
1900	322.8000104
1901	323.0000138
1902	322.8000104
1903	323.1000006
1904	323.0000138
1905	323.0000138
1906	322.8999972
1907	322.8999972
1908	323.1000006
1909	322.8000104
1910	322.8999972
1911	322.8000104
1912	323.0000138
1913	323.1000006
1914	323.1000006
1915	323.1000006
1916	323.0000138
1917	323.3999908
1918	323.300004
1919	323.1000006
1920	323.3999908
1921	323.0000138
1922	322.4999905
1923	322.6999938
1924	322.6999938
1925	322.6999938
1926	322.6000071
1927	322.8000104
1928	322.6000071
1929	322.8000104
1930	322.8999972
1931	323.1000006
1932	323.1000006
1933	323.1999874
1934	323.0000138
1935	323.1000006
1936	322.6999938
1937	322.8000104
1938	322.6999938
1939	322.6000071
1940	322.4000037
1941	322.8000104
1942	322.6999938
1943	322.8999972
1944	323.0000138
1945	322.8999972
1946	323.1000006
1947	323.3999908
1948	323.1999874
1949	323.3999908
1950	323.7000108
1951	323.5000074
1952	323.5000074
1953	323.3999908
1954	323.5999942
1955	323.300004
1956	323.300004
1957	323.1000006
1958	323.3999908
1959	323.5999942
1960	323.3999908
1961	323.300004
1962	323.300004
1963	322.8000104
1964	323.1000006
1965	323.300004
1966	323.300004
1967	323.3999908
1968	323.1999874
1969	323.1999874
1970	323.3999908
1971	323.5000074
1972	323.300004
1973	323.300004
1974	323.3999908
1975	323.1000006
1976	323.1999874
1977	323.1000006
1978	323.0000138
1979	323.1999874
1980	323.5999942
1981	323.3999908
1982	323.3999908
1983	323.1999874
1984	323.5000074
1985	323.300004
1986	323.1999874
1987	323.5000074
1988	323.3999908
1989	323.300004
1990	323.300004
1991	323.1000006
1992	323.1000006
1993	323.1000006
1994	322.8999972
1995	323.1000006
1996	322.6000071
1997	322.4999905
1998	322.4000037
1999	322.4000037
2000	321.9000101
2001	322.2999871
2002	322.4999905
2003	322.4999905
2004	322.8999972
2005	323.1000006
2006	323.3999908
2007	323.7999976
2008	324.0999877
2009	324.9999881
2010	325.3000081
2011	325.7000148
2012	326.2999952
2013	326.4000118
2014	326.4999986
2015	326.700002
2016	326.9999921
2017	326.9999921
2018	327.1000087
2019	326.9000053
2020	326.4999986
2021	326.4999986
2022	326.700002
2023	326.4999986
2024	326.7999887
2025	326.9999921
2026	326.9999921
2027	327.1999955
2028	327.1999955
2029	327.3000121
2030	327.1999955
2031	327.6000023
2032	327.3999989
2033	327.3000121
2034	326.9999921
2035	326.9999921
2036	327.1000087
2037	327.1999955
2038	326.9999921
2039	326.9000053
2040	327.1999955
2041	327.3000121
2042	327.6000023
2043	327.6000023
2044	327.6000023
2045	327.6000023
2046	327.3000121
2047	327.1999955
2048	326.4000118
2049	326.2999952
2050	326.4999986
2051	326.5999854
2052	326.9999921
2053	326.9999921
2054	327.1999955
2055	327.6000023
2056	327.4999857
2057	327.6000023
2058	327.3000121
2059	327.1000087
2060	326.9999921
2061	326.7999887
2062	326.9000053
2063	326.9999921
2064	326.7999887
2065	327.3000121
2066	327.1999955
2067	327.1999955
2068	326.9999921
2069	327.3000121
2070	327.1999955
2071	327.3000121
2072	326.9999921
2073	326.9999921
2074	326.9999921
2075	326.9000053
2076	326.700002
2077	326.4999986
2078	326.700002
2079	327.3999989
2080	327.6000023
2081	327.4999857
2082	327.6999891
2083	327.8000057
2084	327.4999857
2085	327.6999891
2086	327.6000023
2087	327.8000057
2088	327.3000121
2089	327.1000087
2090	327.3000121
2091	327.3999989
2092	327.3999989
2093	327.3999989
2094	327.8999925
2095	328.2999992
2096	327.6999891
2097	328.0000091
2098	328.0999959
2099	328.2999992
2100	327.8999925
2101	328.0999959
2102	328.0999959
2103	327.8999925
2104	327.8000057
2105	327.8999925
2106	328.0999959
2107	327.6999891
2108	327.8999925
2109	327.6000023
2110	327.6999891
2111	328.0000091
2112	327.8999925
2113	328.0000091
2114	327.8000057
2115	327.6000023
2116	327.6000023
2117	327.3999989
2118	327.1000087
2119	327.3999989
2120	327.3000121
2121	327.6000023
2122	327.6000023
2123	327.3000121
2124	327.4999857
2125	327.3000121
2126	327.1999955
2127	327.8000057
2128	327.4999857
2129	327.3000121
2130	327.6999891
2131	327.8999925
2132	328.2000124
2133	328.2999992
2134	328.0999959
2135	328.2999992
2136	328.399986
2137	328.399986
2138	328.2999992
2139	328.0000091
2140	328.0000091
2141	327.8000057
2142	327.6999891
2143	327.8000057
2144	327.8000057
2145	328.0999959
2146	328.0999959
2147	328.0000091
2148	328.2999992
2149	328.2999992
2150	328.399986
2151	328.7999928
2152	328.700006
2153	328.700006
2154	328.700006
2155	328.9000094
2156	328.9000094
2157	328.5999894
2158	328.2999992
2159	328.0999959
2160	327.8999925
2161	328.0000091
2162	328.0000091
2163	327.6000023
2164	327.4999857
2165	327.6000023
2166	327.3000121
2167	327.6000023
2168	327.6000023
2169	327.6000023
2170	327.4999857
2171	327.3000121
2172	327.6000023
2173	328.0000091
2174	328.2000124
2175	328.399986
2176	328.700006
2177	329.4999897
2178	329.400003
2179	329.4999897
2180	329.4999897
2181	328.9000094
2182	328.2999992
2183	327.4999857
2184	325.3999949
2185	322.4999905
2186	318.3000088
2187	316.7000115
2188	313.1000102
2189	310.0000024
2190	308.6999953
2191	306.4999878
2192	305.0999939
2193	304.3000102
2194	304.399997
2195	304.399997
2196	304.8000038
2197	305.7000041
2198	306.1000109
2199	307.0000112
2200	308.0999851
2201	309.5999956
2202	310.4000092
2203	311.3000095
2204	312.5
2205	313.6999905
2206	314.2000139
2207	315.200001
2208	316.1999881
2209	316.5000081
2210	316.7999983
2211	317.6000118
2212	318.1999922
2213	318.3999956
2214	318.599999
2215	319.0999925
2216	319.4999993
2217	319.9000061
2218	320.1999962
2219	319.9999928
2220	320.4999864
2221	320.4999864
2222	320.600003
2223	320.8000064
2224	320.8999932
2225	320.4999864
2226	320.8000064
2227	321.2000132
2228	321.2000132
2229	321.3999867
2230	321.5000033
2231	321.7999935
2232	321.7999935
2233	321.5999901
2234	322.1000135
2235	322.4999905
2236	322.6000071
2237	323.0000138
2238	323.1000006
2239	323.0000138
2240	323.1999874
2241	323.3999908
2242	323.3999908
2243	323.5000074
2244	323.7000108
2245	323.7000108
2246	323.7999976
2247	324.0999877
2248	324.2000043
2249	324.4000077
2250	324.6000111
2251	324.0999877
2252	324.0999877
2253	324.2000043
2254	323.7000108
2255	323.7000108
2256	323.3999908
2257	323.1000006
2258	323.1999874
2259	323.1999874
2260	323.3999908
2261	323.5000074
2262	323.7000108
2263	323.7999976
2264	324.000001
2265	324.0999877
2266	324.0999877
2267	323.9000142
2268	324.000001
2269	323.7999976
2270	323.7999976
2271	323.300004
2272	323.3999908
2273	323.5000074
2274	323.7000108
2275	324.000001
2276	324.0999877
2277	324.0999877
2278	324.4000077
2279	324.4999945
2280	324.4999945
2281	324.0999877
2282	324.000001
2283	323.7999976
2284	323.5999942
2285	323.5999942
2286	323.300004
2287	323.3999908
2288	323.5999942
2289	323.7999976
2290	323.7999976
2291	324.2999911
2292	324.4000077
2293	324.4999945
2294	324.4000077
2295	324.4999945
2296	324.000001
2297	323.3999908
2298	323.5999942
2299	323.300004
2300	323.1999874
2301	323.1000006
2302	323.1999874
2303	323.3999908
2304	323.3999908
2305	323.5000074
2306	324.0999877
2307	324.4000077
2308	324.6999979
2309	324.6999979
2310	324.4000077
2311	324.4000077
2312	324.4000077
2313	324.4000077
2314	324.000001
2315	324.0999877
2316	324.0999877
2317	323.7999976
2318	324.0999877
2319	324.4000077
2320	324.6999979
2321	324.6999979
2322	324.6999979
2323	324.9000013
2324	325.1999915
2325	325.3999949
2326	325.3000081
2327	325.3999949
2328	325.1999915
2329	324.9999881
2330	324.6999979
2331	324.6999979
2332	324.6999979
2333	324.000001
2334	324.9999881
2335	324.8000145
2336	324.6999979
2337	324.9000013
2338	324.9000013
2339	324.6999979
2340	324.6999979
2341	325.1000047
2342	324.9999881
2343	324.9999881
2344	324.9999881
2345	324.9999881
2346	325.1000047
2347	325.1999915
2348	324.8000145
2349	325.3000081
2350	325.3000081
2351	325.3000081
2352	325.1000047
2353	325.1999915
2354	324.6999979
2355	324.6999979
2356	324.6999979
2357	324.4000077
2358	324.2000043
2359	324.0999877
2360	324.0999877
2361	324.4999945
2362	324.4000077
2363	324.0999877
2364	324.4000077
2365	324.4999945
2366	324.6000111
2367	324.9999881
2368	324.6999979
2369	324.8000145
2370	324.4999945
2371	324.4000077
2372	324.6999979
2373	324.4999945
2374	324.4000077
2375	324.4000077
2376	324.4000077
2377	324.4999945
2378	324.6999979
2379	324.9000013
2380	324.6999979
2381	324.9000013
2382	324.9000013
2383	324.6000111
2384	324.6000111
2385	324.2999911
2386	324.000001
2387	324.0999877
2388	323.9000142
2389	324.0999877
2390	324.000001
2391	324.2000043
2392	324.0999877
2393	324.4000077
2394	324.4000077
2395	324.2000043
2396	324.9999881
2397	324.6000111
2398	324.6999979
2399	324.4000077
2400	324.2000043
2401	324.2000043
2402	324.6999979
2403	324.8000145
2404	324.6999979
2405	324.6999979
2406	324.9000013
2407	324.6999979
2408	324.9000013
2409	324.8000145
2410	324.6999979
2411	324.6999979
2412	324.8000145
2413	324.6999979
2414	324.6999979
2415	324.4999945
2416	324.4000077
2417	324.6999979
2418	324.4000077
2419	324.2999911
2420	324.0999877
2421	324.0999877
2422	323.7999976
2423	323.7999976
2424	323.3999908
2425	323.300004
2426	323.3999908
2427	323.1000006
2428	323.0000138
2429	323.1000006
2430	322.8999972
2431	322.8000104
2432	322.8999972
2433	323.1999874
2434	322.6999938
2435	322.8000104
2436	322.8000104
2437	323.1000006
2438	323.3999908
2439	323.5000074
2440	323.5000074
2441	323.7999976
2442	323.9000142
2443	323.7999976
2444	324.0999877
2445	324.000001
2446	323.9000142
2447	323.7999976
2448	324.0999877
2449	324.0999877
2450	324.4000077
2451	324.2000043
2452	324.2000043
2453	324.2999911
2454	324.2000043
2455	323.7999976
2456	323.7000108
2457	323.1000006
2458	323.1000006
2459	322.8999972
2460	322.8999972
2461	322.4999905
2462	322.6000071
2463	322.6000071
2464	322.4999905
2465	322.4000037
2466	322.1000135
2467	322.1000135
2468	321.9999969
2469	322.2000003
2470	322.2999871
2471	322.2000003
2472	321.5999901
2473	321.7999935
2474	321.9999969
2475	321.5999901
2476	321.3999867
2477	320.8999932
2478	321.3
2479	321.3999867
2480	322.2000003
2481	322.6999938
2482	323.0000138
2483	323.5999942
2484	323.9000142
2485	323.9000142
2486	324.2999911
2487	324.6999979
2488	325.1000047
2489	325.3000081
2490	325.8999884
2491	325.8999884
2492	325.8000016
2493	326.000005
2494	326.2999952
2495	326.0999918
2496	326.4999986
2497	326.700002
2498	326.2000084
2499	326.2999952
2500	326.2000084
2501	326.2000084
2502	326.000005
2503	326.2000084
2504	326.0999918
2505	326.4000118
2506	326.4999986
2507	326.4999986
2508	326.700002
2509	326.9999921
2510	327.1000087
2511	326.9000053
2512	326.9999921
2513	326.700002
2514	326.9000053
2515	326.9000053
2516	326.700002
2517	326.7999887
2518	326.7999887
2519	326.9999921
2520	326.9000053
2521	326.9999921
2522	327.1000087
2523	327.1000087
2524	326.9999921
2525	327.1000087
2526	327.1999955
2527	327.1999955
2528	327.3999989
2529	327.3000121
2530	327.4999857
2531	327.6000023
2532	327.1999955
2533	326.700002
2534	326.7999887
2535	326.9999921
2536	326.4000118
2537	326.0999918
2538	326.2999952
2539	326.000005
2540	325.7000148
2541	326.000005
2542	325.8000016
2543	326.000005
2544	326.2999952
2545	326.4000118
2546	326.2999952
2547	326.2000084
2548	326.000005
2549	326.2000084
2550	326.4000118
2551	326.5999854
2552	326.700002
2553	326.700002
2554	326.9000053
2555	326.4999986
2556	326.4000118
2557	326.4000118
2558	326.2000084
2559	326.000005
2560	326.2999952
2561	326.0999918
2562	326.000005
2563	326.000005
2564	326.2999952
2565	326.4999986
2566	326.2000084
2567	326.4000118
2568	326.2999952
2569	326.000005
2570	325.8999884
2571	326.000005
2572	326.0999918
2573	325.8000016
2574	326.2999952
2575	326.4999986
2576	326.5999854
2577	326.7999887
2578	326.4999986
2579	326.2999952
2580	326.000005
2581	326.0999918
2582	326.000005
2583	326.2999952
2584	326.4999986
2585	326.4000118
2586	326.5999854
2587	326.7999887
2588	326.5999854
2589	326.700002
2590	326.7999887
2591	326.700002
2592	326.2999952
2593	326.2000084
2594	326.4000118
2595	326.2999952
2596	326.4000118
2597	326.000005
2598	325.7000148
2599	325.8000016
2600	325.7000148
2601	325.8000016
2602	326.000005
2603	325.8999884
2604	326.0999918
2605	326.2000084
2606	326.2000084
2607	326.000005
2608	326.2999952
2609	326.4999986
2610	326.2999952
2611	326.2999952
2612	326.5999854
2613	326.4999986
2614	326.700002
2615	326.700002
2616	326.9999921
2617	326.700002
2618	326.700002
2619	326.4999986
2620	326.4999986
2621	326.2999952
2622	326.4000118
2623	326.2999952
2624	326.4999986
2625	326.4000118
2626	326.700002
2627	326.9000053
2628	326.700002
2629	326.4999986
2630	326.5999854
2631	326.700002
2632	326.5999854
2633	326.5999854
2634	326.700002
2635	326.9999921
2636	326.9999921
2637	327.1000087
2638	326.9999921
2639	326.9000053
2640	326.9999921
2641	327.3000121
2642	327.1000087
2643	327.3000121
2644	327.8000057
2645	327.1999955
2646	327.3000121
2647	327.6999891
2648	327.6999891
2649	327.3999989
2650	327.4999857
2651	328.0999959
2652	328.0000091
2653	328.2000124
2654	328.5000026
2655	328.2000124
2656	327.6999891
2657	327.3999989
2658	325.3000081
2659	322.8000104
2660	318.8000023
2661	316.9000149
2662	312.2000098
2663	308.8000119
2664	305.7999909
2665	305.0999939
2666	303.2999933
2667	302.5000095
2668	302.7000129
2669	303.0000031
2670	302.8999865
2671	303.9999902
2672	304.6999872
2673	305.0999939
2674	306.1999977
2675	307.3999882
2676	308.2000017
2677	309.3000054
2678	310.2000058
2679	311.5999997
2680	312.0000064
2681	312.5999868
2682	313.6999905
2683	314.3999875
2684	314.5000041
2685	315.2999878
2686	315.8999979
2687	316.7000115
2688	316.7999983
2689	317.2999918
2690	317.6999986
2691	317.900002
2692	317.9999888
2693	318.5000122
2694	318.8999891
2695	319.0999925
2696	319.2999959
2697	319.7999895
2698	320.1999962
2699	320.1999962
2700	320.600003
2701	320.8999932
2702	320.8000064
2703	320.8999932
2704	321.0999966
2705	320.8999932
2706	321.2000132
2707	321.2000132
2708	321.5000033
2709	321.3
2710	321.3999867
2711	321.5000033
2712	321.5000033
2713	321.3
2714	321.7000067
2715	321.7000067
2716	321.7999935
2717	321.7999935
2718	321.7999935
2719	321.7999935
2720	321.9000101
2721	321.5000033
2722	321.7999935
2723	321.7999935
2724	321.7000067
2725	321.7999935
2726	321.9000101
2727	321.7999935
2728	321.5000033
2729	321.7999935
2730	321.7999935
2731	321.5999901
2732	321.5999901
2733	321.9999969
2734	321.9999969
2735	322.1000135
2736	322.4000037
2737	322.4000037
2738	322.4000037
2739	322.6000071
2740	322.2000003
2741	322.4999905
2742	322.6999938
2743	322.4999905
2744	322.4000037
2745	322.1000135
2746	321.9999969
2747	321.0999966
2748	321.7000067
2749	321.2000132
2750	321.5000033
2751	321.5999901
2752	321.7000067
2753	321.5000033
2754	321.3
2755	321.9999969
2756	322.1000135
2757	321.9999969
2758	322.2000003
2759	322.1000135
2760	322.1000135
2761	322.1000135
2762	321.5999901
2763	321.2000132
2764	321.5000033
2765	321.5000033
2766	321.0999966
2767	321.5000033
2768	321.3
2769	321.3
2770	321.5999901
2771	321.5999901
2772	321.7000067
2773	321.9000101
2774	321.7999935
2775	321.5999901
2776	321.7999935
2777	321.5999901
2778	321.2000132
2779	321.5000033
2780	321.5999901
2781	321.3999867
2782	321.5999901
2783	321.5000033
2784	321.7999935
2785	321.7999935
2786	321.7000067
2787	321.9000101
2788	321.9000101
2789	321.7000067
2790	321.7000067
2791	321.5000033
2792	321.3999867
2793	320.8999932
2794	320.8999932
2795	320.8999932
2796	320.8000064
2797	321.0000098
2798	321.2000132
2799	321.3
2800	321.3999867
2801	321.2000132
2802	321.5000033
2803	321.7999935
2804	322.1000135
2805	322.2000003
2806	322.2999871
2807	322.2999871
2808	322.2999871
2809	322.4000037
2810	322.8000104
2811	322.8000104
2812	322.8000104
2813	322.4000037
2814	322.2999871
2815	322.4999905
2816	322.4999905
2817	322.6999938
2818	322.4999905
2819	322.6000071
2820	322.6999938
2821	323.0000138
2822	323.1000006
2823	323.1000006
2824	322.8999972
2825	323.1000006
2826	323.1000006
2827	323.1000006
2828	323.3999908
2829	323.1999874
2830	323.1999874
2831	323.5999942
2832	323.3999908
2833	323.1000006
2834	323.3999908
2835	323.1999874
2836	323.300004
2837	323.1000006
2838	322.8999972
2839	322.8999972
2840	322.8000104
2841	322.6999938
2842	322.1000135
2843	321.0000098
2844	320.3999996
2845	319.5999861
2846	319.7000027
2847	319.9000061
2848	320.1999962
2849	320.3000128
2850	320.8000064
2851	320.8999932
2852	321.0000098
2853	321.5000033
2854	321.7999935
2855	321.9000101
2856	322.1000135
2857	322.1000135
2858	322.1000135
2859	321.9000101
2860	322.4000037
2861	322.4999905
2862	322.2999871
2863	322.2999871
2864	322.4999905
2865	322.1000135
2866	322.1000135
2867	321.7999935
2868	321.7999935
2869	321.9999969
2870	321.7999935
2871	321.9000101
2872	322.1000135
2873	321.7999935
2874	322.1000135
2875	321.7000067
2876	321.7999935
2877	321.7999935
2878	321.3999867
2879	321.7000067
2880	321.7999935
2881	321.3
2882	321.0000098
2883	321.0999966
2884	320.8999932
2885	321.0999966
2886	321.2000132
2887	321.0999966
2888	321.5000033
2889	321.7999935
2890	322.1000135
2891	322.2999871
2892	322.2000003
2893	322.2000003
2894	322.4999905
2895	322.4999905
2896	322.4999905
2897	322.4999905
2898	322.1000135
2899	321.9999969
2900	322.1000135
2901	322.4000037
2902	322.1000135
2903	322.2999871
2904	321.7999935
2905	321.7999935
2906	321.9999969
2907	321.9999969
2908	321.7999935
2909	321.9999969
2910	321.9000101
2911	322.4000037
2912	322.6000071
2913	322.6999938
2914	322.8000104
2915	322.4999905
2916	322.6000071
2917	322.6999938
2918	322.6000071
2919	322.1000135
2920	321.9000101
2921	321.7999935
2922	322.4000037
2923	322.6000071
2924	322.8000104
2925	322.8000104
2926	322.4999905
2927	322.8000104
2928	323.1000006
2929	322.8999972
2930	322.8999972
2931	322.6999938
2932	322.8000104
2933	322.6999938
2934	322.8000104
2935	322.8999972
2936	322.4999905
2937	322.2999871
2938	322.4999905
2939	322.4999905
2940	322.6999938
2941	322.8999972
2942	322.8000104
2943	322.8000104
2944	322.4999905
2945	322.4000037
2946	322.6000071
2947	322.4999905
2948	322.6000071
2949	322.4000037
2950	322.4999905
2951	322.6999938
2952	322.6000071
2953	323.3999908
2954	323.7000108
2955	324.0999877
2956	324.4000077
2957	324.9000013
2958	325.3999949
2959	325.5000114
2960	326.000005
2961	325.7000148
2962	326.000005
2963	326.2999952
2964	326.5999854
2965	326.7999887
2966	326.9999921
2967	326.9999921
2968	327.4999857
2969	327.8000057
2970	327.8000057
2971	327.8000057
2972	327.8999925
2973	327.8999925
2974	328.0999959
2975	328.2000124
2976	328.5000026
2977	327.8999925
2978	328.0000091
2979	327.8000057
2980	327.6000023
2981	327.4999857
2982	327.6999891
2983	327.1000087
2984	327.1999955
2985	327.1000087
2986	327.3000121
2987	327.3000121
2988	327.6000023
2989	327.3000121
2990	327.4999857
2991	327.3999989
2992	327.8000057
2993	327.3999989
2994	327.6999891
2995	327.8999925
2996	327.8999925
2997	328.0999959
2998	328.2000124
2999	327.6000023
3000	328.0999959
3001	327.8000057
3002	328.0000091
3003	327.6000023
3004	327.6999891
3005	327.3000121
3006	327.3000121
3007	327.3000121
3008	327.6000023
3009	327.4999857
3010	327.6000023
3011	327.6999891
3012	327.8999925
3013	327.6999891
3014	327.8000057
3015	328.0999959
3016	328.0000091
3017	328.399986
3018	327.8999925
3019	328.0999959
3020	328.2000124
3021	328.2000124
3022	327.6000023
3023	327.6000023
3024	327.1999955
3025	327.3000121
3026	327.1000087
3027	326.9999921
3028	326.700002
3029	326.7999887
3030	326.9999921
3031	326.9000053
3032	326.9000053
3033	327.6000023
3034	327.6000023
3035	327.6999891
3036	327.8000057
3037	327.3000121
3038	327.8000057
3039	327.8000057
3040	327.6999891
3041	327.8999925
3042	328.2000124
3043	327.8999925
3044	327.8999925
3045	328.2999992
3046	327.8999925
3047	327.6000023
3048	327.6000023
3049	327.3000121
3050	327.3000121
3051	327.3000121
3052	327.3000121
3053	327.3999989
3054	327.6000023
3055	327.6000023
3056	327.3000121
3057	327.6000023
3058	327.6000023
3059	327.6000023
3060	327.6999891
3061	327.8000057
3062	328.0999959
3063	328.2000124
3064	328.2000124
3065	328.5999894
3066	328.5999894
3067	328.700006
3068	329.2999864
3069	328.9999962
3070	328.9999962
3071	329.2999864
3072	329.1999996
3073	328.9000094
3074	328.9000094
3075	328.9000094
3076	329.1000128
3077	328.9999962
3078	329.1000128
3079	329.1999996
3080	328.7999928
3081	329.1999996
3082	329.1999996
3083	329.1000128
3084	328.9000094
3085	328.7999928
3086	328.9000094
3087	329.2999864
3088	329.4999897
3089	329.4999897
3090	329.8999965
3091	329.8999965
3092	330.1999867
3093	330.0999999
3094	329.8999965
3095	330.3000033
3096	329.8999965
3097	329.8999965
3098	329.8000097
3099	329.1999996
3100	329.4999897
3101	328.9999962
3102	329.1999996
3103	329.400003
3104	329.1000128
3105	329.1999996
3106	329.4999897
3107	329.6000063
3108	329.4999897
3109	329.4999897
3110	328.9999962
3111	328.700006
3112	328.700006
3113	328.9000094
3114	328.9999962
3115	329.4999897
3116	329.2999864
3117	329.4999897
3118	329.6000063
3119	329.8000097
3120	329.8999965
3121	329.6999931
3122	330.0999999
3123	330.0999999
3124	330.0999999
3125	330.3999901
3126	330.0999999
3127	330.0999999
3128	329.8999965
3129	328.9000094
3130	327.4999857
3131	324.9000013
3132	323.3999908
3133	320.1000094
3134	316.3999915
3135	313.1000102
3136	311.8000031
3137	309.3000054
3138	307.3000014
3139	306.4999878
3140	305.4000139
3141	305.0000072
3142	304.8000038
3143	305.0000072
3144	305.7000041
3145	306.4999878
3146	307.7000082
3147	308.4000051
3148	309.8999858
3149	310.9999895
3150	312.2999966
3151	312.9999936
3152	313.8000071
3153	314.9000108
3154	315.4999912
3155	315.6999946
3156	316.7999983
3157	317.6000118
3158	318.3999956
3159	318.8000023
3160	319.0000057
3161	319.7999895
3162	319.9999928
3163	319.9000061
3164	320.1999962
3165	320.3000128
3166	320.3000128
3167	320.8999932
3168	321.0999966
3169	321.3
3170	321.5000033
3171	321.7999935
3172	321.7999935
3173	322.1000135
3174	321.9999969
3175	322.4999905
3176	322.6000071
3177	322.4999905
3178	322.6000071
3179	322.6000071
3180	322.8999972
3181	323.1000006
3182	323.1999874
3183	323.1000006
3184	323.3999908
3185	323.300004
3186	323.3999908
3187	323.1999874
3188	323.0000138
3189	323.1999874
3190	323.1000006
3191	323.0000138
3192	323.300004
3193	323.1999874
3194	323.3999908
3195	323.5000074
3196	323.3999908
3197	323.5000074
3198	323.5000074
3199	323.3999908
3200	323.5999942
3201	323.3999908
3202	323.9000142
3203	323.7000108
3204	323.5999942
3205	323.5999942
3206	323.5999942
3207	323.7000108
3208	323.3999908
3209	323.7000108
3210	324.0999877
3211	324.0999877
3212	324.000001
3213	324.0999877
3214	324.2000043
3215	324.0999877
3216	324.0999877
3217	323.7999976
3218	324.000001
3219	324.2000043
3220	324.0999877
3221	323.7999976
3222	323.9000142
3223	324.0999877
3224	324.2000043
3225	324.2000043
3226	324.2000043
3227	324.2000043
3228	324.2999911
3229	324.2000043
3230	324.000001
3231	323.7999976
3232	324.000001
3233	323.7999976
3234	323.7000108
3235	323.9000142
3236	323.7000108
3237	323.9000142
3238	323.7999976
3239	323.9000142
3240	324.0999877
3241	324.0999877
3242	324.4999945
3243	324.4000077
3244	324.2999911
3245	324.4999945
3246	324.4999945
3247	324.2999911
3248	324.8000145
3249	324.8000145
3250	324.8000145
3251	324.9000013
3252	324.6000111
3253	324.6999979
3254	324.4999945
3255	324.6000111
3256	324.8000145
3257	324.6999979
3258	324.6999979
3259	324.6999979
3260	324.4000077
3261	324.4999945
3262	324.2999911
3263	324.2000043
3264	324.4999945
3265	324.2999911
3266	324.2000043
3267	323.7999976
3268	323.7999976
3269	323.9000142
3270	323.9000142
3271	324.000001
3272	324.0999877
3273	324.2999911
3274	324.0999877
3275	324.0999877
3276	324.0999877
3277	324.0999877
3278	324.4000077
3279	324.0999877
3280	324.4000077
3281	324.2000043
3282	324.2000043
3283	324.4000077
3284	324.4000077
3285	324.4000077
3286	324.0999877
3287	324.0999877
3288	324.0999877
3289	324.000001
3290	324.0999877
3291	323.9000142
3292	324.2000043
3293	324.2999911
3294	324.2000043
3295	324.2000043
3296	324.4000077
3297	324.2000043
3298	324.4999945
3299	324.2999911
3300	324.4000077
3301	324.8000145
3302	324.4999945
3303	324.6999979
3304	324.4000077
3305	324.4999945
3306	324.4000077
3307	324.0999877
3308	324.000001
3309	324.000001
3310	324.0999877
3311	324.0999877
3312	324.2000043
3313	324.0999877
3314	324.4000077
3315	324.4000077
3316	324.6000111
3317	324.4999945
3318	324.2999911
3319	324.4000077
3320	324.4999945
3321	324.0999877
3322	324.2000043
3323	324.4000077
3324	324.0999877
3325	324.4000077
3326	324.0999877
3327	324.000001
3328	323.9000142
3329	324.0999877
3330	324.4000077
3331	324.2000043
3332	324.2999911
3333	324.2000043
3334	324.0999877
3335	324.4000077
3336	324.4000077
3337	324.4000077
3338	324.4000077
3339	324.000001
3340	324.0999877
3341	324.000001
3342	324.0999877
3343	324.2999911
3344	324.4000077
3345	324.4000077
3346	324.2000043
3347	324.6000111
3348	324.4000077
3349	324.8000145
3350	324.9999881
3351	324.9000013
3352	325.1999915
3353	324.9999881
3354	325.1000047
3355	324.9999881
3356	325.1000047
3357	325.1000047
3358	324.6999979
3359	324.9999881
3360	324.8000145
3361	325.1000047
3362	324.6999979
3363	324.9000013
3364	324.9999881
3365	324.9999881
3366	324.9999881
3367	324.9999881
3368	324.8000145
3369	324.6999979
3370	324.8000145
3371	324.4000077
3372	324.0999877
3373	324.0999877
3374	324.2000043
3375	324.2000043
3376	323.7999976
3377	324.4000077
3378	324.4000077
3379	324.2000043
3380	324.6000111
3381	324.4000077
3382	325.1999915
3383	325.5000114
3384	325.7000148
3385	326.000005
3386	326.2999952
3387	326.2999952
3388	326.2999952
3389	326.2000084
3390	326.000005
3391	326.4000118
3392	326.2999952
3393	326.4000118
3394	326.700002
3395	326.2999952
3396	326.4000118
3397	326.4000118
3398	326.000005
3399	326.2000084
3400	326.0999918
3401	325.5999982
3402	325.3999949
3403	325.1000047
3404	325.3999949
3405	324.9000013
3406	324.6999979
3407	324.6999979
3408	324.9000013
3409	324.6999979
3410	324.6000111
3411	324.4999945
3412	324.6999979
3413	324.4999945
3414	324.6000111
3415	324.4000077
3416	324.4999945
3417	324.0999877
3418	323.9000142
3419	323.7999976
3420	324.000001
3421	323.9000142
3422	323.7000108
3423	323.5999942
3424	323.3999908
3425	323.9000142
3426	323.9000142
3427	324.4999945
3428	324.8000145
3429	325.7000148
3430	326.000005
3431	326.4000118
3432	326.4000118
3433	326.2999952
3434	326.4000118
3435	326.700002
3436	326.4999986
3437	326.2999952
3438	326.9000053
3439	327.3999989
3440	327.6999891
3441	327.6000023
3442	327.3999989
3443	327.6000023
3444	327.8999925
3445	327.8000057
3446	327.8999925
3447	328.0000091
3448	327.8999925
3449	327.8999925
3450	327.6999891
3451	327.6999891
3452	327.6000023
3453	327.3999989
3454	327.6000023
3455	327.4999857
3456	327.6000023
3457	327.8000057
3458	327.8000057
3459	327.6999891
3460	327.8999925
3461	327.8999925
3462	327.8999925
3463	328.0000091
3464	327.8999925
3465	327.8999925
3466	328.0999959
3467	328.0000091
3468	327.8999925
3469	327.6999891
3470	327.6000023
3471	327.3999989
3472	328.0000091
3473	327.8999925
3474	328.0999959
3475	328.0999959
3476	328.399986
3477	328.5000026
3478	328.5999894
3479	328.2999992
3480	328.5000026
3481	328.2999992
3482	327.8999925
3483	328.0999959
3484	328.0000091
3485	328.0999959
3486	328.0999959
3487	327.6999891
3488	328.0000091
3489	328.2999992
3490	328.5000026
3491	328.399986
3492	328.2000124
3493	328.2999992
3494	328.399986
3495	328.5999894
3496	328.5000026
3497	328.5999894
3498	328.399986
3499	328.399986
3500	328.0999959
3501	328.2999992
3502	328.2999992
3503	328.2999992
3504	328.5000026
3505	328.5000026
3506	328.700006
3507	328.5999894
3508	328.5999894
3509	328.700006
3510	328.9000094
3511	328.9000094
3512	328.7999928
3513	328.7999928
3514	328.7999928
3515	328.5999894
3516	328.5999894
3517	328.5999894
3518	328.5999894
3519	328.700006
3520	328.9000094
3521	328.5000026
3522	328.700006
3523	328.399986
3524	328.2999992
3525	328.399986
3526	328.5000026
3527	328.2000124
3528	328.5000026
3529	328.5999894
3530	328.2999992
3531	328.399986
3532	328.2999992
3533	328.5000026
3534	328.399986
3535	328.5999894
3536	328.5000026
3537	328.2999992
3538	328.399986
3539	328.7999928
3540	328.9999962
3541	328.7999928
3542	328.5999894
3543	328.399986
3544	328.700006
3545	328.5999894
3546	328.5000026
3547	328.399986
3548	328.9000094
3549	328.7999928
3550	328.7999928
3551	328.7999928
3552	328.700006
3553	328.700006
3554	328.5999894
3555	328.9000094
3556	328.5999894
3557	328.9000094
3558	328.9000094
3559	328.9000094
3560	328.5999894
3561	328.5999894
3562	328.2000124
3563	328.2999992
3564	328.2999992
3565	328.2999992
3566	328.0000091
3567	328.0000091
3568	328.5000026
3569	328.700006
3570	329.1999996
3571	328.9000094
3572	329.1999996
3573	329.2999864
3574	329.1000128
3575	328.9999962
3576	328.9999962
3577	328.7999928
3578	328.9999962
3579	328.9000094
3580	328.700006
3581	328.9000094
3582	328.9000094
3583	328.9999962
3584	328.5000026
3585	328.2999992
3586	328.2999992
3587	328.2999992
3588	324.9000013
3589	328.2000124
3590	328.5999894
3591	328.2999992
3592	328.399986
3593	328.5999894
3594	328.2000124
3595	328.2999992
3596	328.2999992
3597	328.0000091
3598	328.399986
3599	328.0000091
3600	328.0999959
3601	328.0000091
3602	327.3999989
3603	326.9999921
3604	325.3999949
3605	323.1000006
3606	321.5999901
3607	318.599999
3608	314.7000074
3609	311.5000129
3610	310.2000058
3611	307.9999983
3612	306.400001
3613	305.5999875
3614	305.0999939
3615	305.0000072
3616	305.7999909
3617	306.3000143
3618	307.0000112
3619	307.9999983
3620	308.6999953
3621	309.5000088
3622	310.7999861
3623	311.5999997
3624	312.7999902
3625	313.1999969
3626	313.8000071
3627	314.7000074
3628	315.2999878
3629	315.6000078
3630	316.3999915
3631	317.0000017
3632	317.4999952
3633	317.6000118
3634	318.1999922
3635	318.599999
3636	318.599999
3637	318.8999891
3638	318.6999857
3639	319.4999993
3640	319.7999895
3641	319.9000061
3642	320.1999962
3643	320.4999864
3644	320.3999996
3645	320.6999898
3646	321.0000098
3647	320.8999932
3648	320.600003
3649	321.0999966
3650	321.2000132
3651	321.0000098
3652	321.0999966
3653	321.0999966
3654	321.2000132
3655	321.3
3656	321.2000132
3657	321.3999867
3658	321.5000033
3659	321.5999901
3660	321.7000067
3661	321.7000067
3662	321.7999935
3663	321.5000033
3664	321.7999935
3665	321.7999935
3666	321.7000067
3667	321.9000101
3668	321.7999935
3669	321.5999901
3670	321.5999901
3671	321.7999935
3672	321.7999935
3673	322.1000135
3674	322.1000135
3675	322.1000135
3676	322.2999871
3677	322.2999871
3678	322.4000037
3679	322.4999905
3680	322.4999905
3681	322.1000135
3682	322.1000135
3683	322.2000003
3684	322.2000003
3685	322.2000003
3686	322.1000135
3687	321.9999969
3688	322.1000135
3689	322.8000104
3690	322.4000037
3691	322.4000037
3692	322.6000071
3693	322.8000104
3694	322.6999938
3695	322.4999905
3696	322.2999871
3697	322.4999905
3698	322.4999905
3699	322.6000071
3700	322.4999905
3701	322.4000037
3702	322.4999905
3703	322.8000104
3704	322.4999905
3705	322.4999905
3706	322.6000071
3707	322.8000104
3708	323.1000006
3709	322.6000071
3710	322.8000104
3711	323.0000138
3712	323.1000006
3713	323.1000006
3714	323.1999874
3715	322.8999972
3716	323.1000006
3717	322.8999972
3718	323.0000138
3719	322.8000104
3720	322.8999972
3721	322.8000104
3722	322.8000104
3723	322.8000104
3724	322.6000071
3725	322.8999972
3726	322.6999938
3727	323.1000006
3728	323.1000006
3729	322.8000104
3730	323.0000138
3731	322.8999972
3732	323.1000006
3733	323.0000138
3734	322.8999972
3735	323.0000138
3736	323.1000006
3737	322.8000104
3738	322.6000071
3739	323.1000006
3740	323.0000138
3741	322.8000104
3742	322.8000104
3743	323.1000006
3744	322.8000104
3745	323.0000138
3746	323.1000006
3747	322.8999972
3748	322.8999972
3749	323.1999874
3750	323.300004
3751	323.1000006
3752	323.1000006
3753	322.8999972
3754	323.1000006
3755	323.1000006
3756	323.1000006
3757	323.0000138
3758	322.8999972
3759	323.0000138
3760	323.1000006
3761	322.8999972
3762	323.0000138
3763	322.8999972
3764	323.300004
3765	323.300004
3766	323.1999874
3767	323.1000006
3768	323.1000006
3769	323.300004
3770	323.1999874
3771	323.3999908
3772	323.1999874
3773	323.300004
3774	323.3999908
3775	323.1999874
3776	322.8000104
3777	322.8999972
3778	322.8999972
3779	322.8000104
3780	322.6999938
3781	323.0000138
3782	322.8000104
3783	323.0000138
3784	322.8000104
3785	322.8000104
3786	322.8999972
3787	323.0000138
3788	323.1000006
3789	323.3999908
3790	323.5999942
3791	323.7999976
3792	323.5000074
3793	323.5999942
3794	323.7000108
3795	323.7999976
3796	323.5000074
3797	323.5999942
3798	323.5999942
3799	323.7999976
3800	323.5999942
3801	323.3999908
3802	323.300004
3803	323.300004
3804	323.5000074
3805	323.1000006
3806	323.7000108
3807	323.5000074
3808	323.5999942
3809	323.7000108
3810	323.5999942
3811	323.5000074
3812	323.1999874
3813	323.300004
3814	323.5000074
3815	323.3999908
3816	323.300004
3817	323.3999908
3818	323.3999908
3819	323.3999908
3820	323.3999908
3821	323.5000074
3822	323.7000108
3823	323.3999908
3824	323.5000074
3825	323.5999942
3826	323.3999908
3827	323.5000074
3828	323.5000074
3829	323.3999908
3830	323.0000138
3831	322.4999905
3832	322.6999938
3833	322.6999938
3834	322.8000104
3835	323.1000006
3836	323.1000006
3837	323.1999874
3838	323.0000138
3839	322.8000104
3840	322.8999972
3841	323.1000006
3842	323.300004
3843	323.5000074
3844	323.1000006
3845	323.3999908
3846	323.300004
3847	323.1999874
3848	323.1000006
3849	323.3999908
3850	323.5000074
3851	323.7000108
3852	323.7000108
3853	323.5999942
3854	323.3999908
3855	323.3999908
3856	323.5000074
3857	323.7999976
3858	323.7999976
3859	323.7999976
3860	323.7000108
3861	323.3999908
3862	323.3999908
3863	323.300004
3864	323.1999874
3865	323.5000074
3866	323.1000006
3867	323.1999874
3868	323.300004
3869	323.3999908
3870	323.300004
3871	323.300004
3872	323.7000108
3873	323.300004
3874	323.5000074
3875	323.3999908
3876	323.1999874
3877	323.1000006
3878	323.1000006
3879	323.0000138
3880	323.300004
3881	323.3999908
3882	323.5999942
3883	323.5000074
3884	323.7999976
3885	323.3999908
3886	323.3999908
3887	323.7999976
3888	323.3999908
3889	323.3999908
3890	323.3999908
3891	323.0000138
3892	323.1000006
3893	323.1000006
3894	322.6999938
3895	322.8000104
3896	323.0000138
3897	323.1000006
3898	323.1000006
3899	323.7000108
3900	324.0999877
3901	324.8000145
3902	325.1000047
3903	325.3999949
3904	325.7000148
3905	325.8999884
3906	325.8999884
3907	326.5999854
3908	326.700002
3909	326.9000053
3910	327.6000023
3911	327.6000023
3912	327.8999925
3913	327.4999857
3914	327.8999925
3915	327.6000023
3916	327.6000023
3917	327.3000121
3918	327.3000121
3919	327.1999955
3920	327.1999955
3921	327.1999955
3922	327.3999989
3923	327.1999955
3924	326.9000053
3925	326.700002
3926	327.1000087
3927	327.6000023
3928	327.6000023
3929	327.3000121
3930	327.6000023
3931	327.3000121
3932	327.6000023
3933	327.3000121
3934	326.9999921
3935	327.1999955
3936	327.6999891
3937	327.3999989
3938	327.1000087
3939	327.6000023
3940	327.6999891
3941	327.4999857
3942	327.4999857
3943	327.6000023
3944	327.8000057
3945	328.2999992
3946	327.6000023
3947	327.8999925
3948	327.8000057
3949	327.6000023
3950	327.6999891
3951	327.6000023
3952	327.6000023
3953	327.4999857
3954	327.3999989
3955	327.3000121
3956	327.4999857
3957	327.6000023
3958	327.3999989
3959	327.6000023
3960	327.8999925
3961	327.8999925
3962	327.6000023
3963	327.3999989
3964	327.3000121
3965	327.6000023
3966	327.3000121
3967	326.9999921
3968	326.9999921
3969	327.3999989
3970	327.3000121
3971	327.4999857
3972	327.8000057
3973	327.8999925
3974	327.8999925
3975	327.6000023
3976	327.4999857
3977	327.8000057
3978	327.4999857
3979	326.9999921
3980	327.3000121
3981	327.3000121
3982	327.3999989
3983	326.9000053
3984	326.5999854
3985	326.700002
3986	326.9999921
3987	327.1999955
3988	327.6000023
3989	327.8999925
3990	327.8999925
3991	327.8999925
3992	327.8000057
3993	327.6000023
3994	327.6999891
3995	327.8999925
3996	327.8999925
3997	327.8000057
3998	327.8000057
3999	328.0999959
4000	328.0999959
4001	328.0000091
4002	327.8000057
4003	327.8000057
4004	327.6000023
4005	327.6000023
4006	327.1999955
4007	326.9999921
4008	326.9999921
4009	327.1999955
4010	327.3000121
4011	327.6000023
4012	327.6000023
4013	327.8000057
4014	327.4999857
4015	327.4999857
4016	327.6000023
4017	327.3999989
4018	326.9999921
4019	327.1000087
4020	327.3000121
4021	327.8000057
4022	327.4999857
4023	327.4999857
4024	327.4999857
4025	327.4999857
4026	327.6999891
4027	327.6999891
4028	327.6000023
4029	327.6999891
4030	327.4999857
4031	327.1000087
4032	326.7999887
4033	327.1000087
4034	327.3000121
4035	327.3000121
4036	327.3000121
4037	327.3000121
4038	327.3000121
4039	327.3999989
4040	327.6000023
4041	327.1999955
4042	327.3000121
4043	327.3000121
4044	327.3000121
4045	327.3000121
4046	327.1000087
4047	327.3000121
4048	326.9999921
4049	326.7999887
4050	326.7999887
4051	326.9000053
4052	326.9000053
4053	327.3000121
4054	327.1000087
4055	327.3999989
4056	327.1999955
4057	327.1999955
4058	327.4999857
4059	327.8000057
4060	327.6999891
4061	327.8999925
4062	327.6999891
4063	327.6000023
4064	327.3000121
4065	327.3999989
4066	327.1999955
4067	326.9999921
4068	327.3000121
4069	327.3999989
4070	327.6999891
4071	327.8000057
4072	328.2999992
4073	328.2000124
4074	328.2999992
4075	328.0999959
4076	327.1999955
4077	326.4000118
4078	324.0999877
4079	320.8000064
4080	317.9999888
4081	316.1999881
4082	312.9000068
4083	309.8999858
4084	308.8999987
4085	307.0000112
4086	305.9999943
4087	305.7999909
4088	305.5000007
4089	305.5000007
4090	306.1999977
4091	307.2000146
4092	307.7000082
4093	308.6999953
4094	309.7000122
4095	310.9000027
4096	311.3000095
4097	312.5999868
4098	313.6000037
4099	314.3999875
4100	314.7999942
4101	315.6000078
4102	316.3999915
4103	316.7000115
4104	316.7000115
4105	317.6999986
4106	318.3000088
4107	318.6999857
4108	318.8999891
4109	319.2000091
4110	319.7000027
4111	319.5999861
4112	319.7999895
4113	320.1999962
4114	320.4999864
4115	320.1999962
4116	320.8000064
4117	321.0000098
4118	321.0000098
4119	321.0999966
4120	321.5000033
4121	321.5000033
4122	321.5000033
4123	321.5999901
4124	321.7999935
4125	322.1000135
4126	321.9000101
4127	322.4000037
4128	322.1000135
4129	321.9999969
4130	322.4999905
4131	322.2999871
4132	322.1000135
4133	322.4999905
4134	322.6999938
4135	322.2999871
4136	322.6000071
4137	322.4999905
4138	322.6999938
4139	322.6999938
4140	322.6000071
4141	322.4000037
4142	322.4999905
4143	322.8000104
4144	323.0000138
4145	323.0000138
4146	322.6999938
4147	323.0000138
4148	322.8000104
4149	322.6999938
4150	322.8000104
4151	323.1000006
4152	322.8999972
4153	322.8999972
4154	322.8000104
4155	322.8000104
4156	323.1000006
4157	323.1000006
4158	322.8999972
4159	323.3999908
4160	323.3999908
4161	323.300004
4162	323.5999942
4163	323.5000074
4164	323.7000108
4165	323.5000074
4166	323.7000108
4167	323.9000142
4168	323.9000142
4169	324.000001
4170	324.2000043
4171	323.9000142
4172	323.7999976
4173	323.7999976
4174	323.9000142
4175	323.3999908
4176	323.7000108
4177	323.5999942
4178	323.3999908
4179	323.5999942
4180	323.7999976
4181	323.3999908
4182	323.7999976
4183	322.8000104
4184	322.8999972
4185	323.3999908
4186	323.5000074
4187	323.5000074
4188	323.3999908
4189	323.1000006
4190	323.300004
4191	323.300004
4192	323.1000006
4193	323.300004
4194	323.1000006
4195	323.1000006
4196	323.1000006
4197	323.1000006
4198	323.300004
4199	323.1000006
4200	323.1000006
4201	323.1999874
4202	323.5000074
4203	323.5999942
4204	323.7000108
4205	323.3999908
4206	323.7000108
4207	323.5000074
4208	323.300004
4209	323.300004
4210	323.3999908
4211	323.7000108
4212	323.7000108
4213	323.3999908
4214	323.1999874
4215	323.3999908
4216	323.300004
4217	323.7999976
4218	323.7000108
4219	323.5000074
4220	323.7999976
4221	323.9000142
4222	323.7999976
4223	323.9000142
4224	323.7999976
4225	324.2000043
4226	324.2000043
4227	324.2000043
4228	324.000001
4229	324.0999877
4230	323.7999976
4231	323.9000142
4232	323.7999976
4233	323.7999976
4234	323.7999976
4235	323.5000074
4236	323.300004
4237	323.5000074
4238	323.3999908
4239	323.5000074
4240	323.5999942
4241	323.1999874
4242	323.5000074
4243	323.5999942
4244	323.5000074
4245	323.7999976
4246	323.7000108
4247	323.7999976
4248	323.7000108
4249	323.5000074
4250	323.5000074
4251	323.5999942
4252	324.000001
4253	324.0999877
4254	324.0999877
4255	323.7999976
4256	323.9000142
4257	324.0999877
4258	323.7000108
4259	323.7999976
4260	323.7000108
4261	323.7999976
4262	323.5000074
4263	323.7000108
4264	324.0999877
4265	323.9000142
4266	323.5999942
4267	323.7999976
4268	323.7999976
4269	324.000001
4270	323.9000142
4271	323.5000074
4272	323.7999976
4273	323.7999976
4274	323.5999942
4275	323.7000108
4276	323.5999942
4277	323.7000108
4278	324.000001
4279	324.0999877
4280	324.0999877
4281	323.9000142
4282	323.9000142
4283	323.7999976
4284	323.7000108
4285	323.7999976
4286	323.7000108
4287	323.7999976
4288	323.7000108
4289	323.5999942
4290	323.5000074
4291	323.5999942
4292	323.5999942
4293	323.5999942
4294	323.5999942
4295	323.7999976
4296	323.9000142
4297	323.7999976
4298	323.7000108
4299	323.7999976
4300	323.7999976
4301	323.9000142
4302	323.7999976
4303	323.9000142
4304	323.7000108
4305	323.7999976
4306	323.7999976
4307	323.7000108
4308	323.7999976
4309	323.5999942
4310	323.3999908
4311	323.1999874
4312	323.3999908
4313	323.5999942
4314	323.7000108
4315	323.9000142
4316	323.7999976
4317	324.0999877
4318	324.0999877
4319	323.7999976
4320	324.0999877
4321	323.7999976
4322	323.5999942
4323	323.7000108
4324	323.3999908
4325	323.5999942
4326	323.5000074
4327	323.7999976
4328	323.7000108
4329	323.3999908
4330	323.5000074
4331	323.7999976
4332	324.000001
4333	324.000001
4334	324.0999877
4335	324.0999877
4336	324.2999911
4337	324.0999877
4338	324.2000043
4339	324.2000043
4340	324.0999877
4341	324.2000043
4342	324.4000077
4343	324.4000077
4344	324.4000077
4345	324.0999877
4346	323.9000142
4347	324.000001
4348	324.000001
4349	324.2999911
4350	324.0999877
4351	324.0999877
4352	323.7999976
4353	323.7000108
4354	323.7999976
4355	323.7999976
4356	323.9000142
4357	324.0999877
4358	323.7999976
4359	323.7999976
4360	323.9000142
4361	323.7999976
4362	323.7999976
4363	323.5000074
4364	323.3999908
4365	323.1999874
4366	323.1999874
4367	323.1000006
4368	323.300004
4369	323.5000074
4370	323.5000074
4371	323.5000074
4372	323.9000142
4373	323.9000142
4374	324.4999945
4375	324.9999881
4376	324.9999881
4377	325.5000114
4378	325.8000016
4379	325.8999884
4380	326.2999952
4381	326.9999921
4382	326.9000053
4383	326.9999921
4384	326.9000053
4385	327.1999955
4386	327.3000121
4387	327.3999989
4388	327.6000023
4389	327.8000057
4390	327.8000057
4391	327.8999925
4392	328.0000091
4393	327.4999857
4394	327.3999989
4395	327.1999955
4396	327.4999857
4397	327.6000023
4398	327.6999891
4399	327.3000121
4400	327.6000023
4401	327.1999955
4402	327.4999857
4403	327.3999989
4404	327.1000087
4405	327.3000121
4406	327.1000087
4407	327.3000121
4408	327.3000121
4409	327.6000023
4410	327.3000121
4411	327.6000023
4412	327.3999989
4413	327.1999955
4414	327.3999989
4415	327.3999989
4416	327.1999955
4417	327.3000121
4418	326.9000053
4419	326.7999887
4420	326.9000053
4421	326.9999921
4422	327.1999955
4423	327.3999989
4424	327.6000023
4425	327.6999891
4426	327.4999857
4427	327.6000023
4428	327.4999857
4429	327.3999989
4430	326.9999921
4431	326.7999887
4432	326.700002
4433	326.700002
4434	326.9999921
4435	326.9999921
4436	326.9999921
4437	326.9999921
4438	327.1999955
4439	326.9000053
4440	327.1999955
4441	327.1000087
4442	326.5999854
4443	326.9000053
4444	326.9999921
4445	327.1000087
4446	327.3000121
4447	327.3999989
4448	327.4999857
4449	327.8000057
4450	327.8999925
4451	327.6999891
4452	328.0999959
4453	327.6999891
4454	327.3000121
4455	327.3999989
4456	327.4999857
4457	327.3000121
4458	327.6000023
4459	327.8000057
4460	327.8000057
4461	327.8999925
4462	327.6000023
4463	327.6000023
4464	327.6000023
4465	327.3999989
4466	327.3000121
4467	327.8000057
4468	327.8999925
4469	327.8000057
4470	327.8999925
4471	327.8999925
4472	327.6000023
4473	328.0000091
4474	328.0999959
4475	328.0999959
4476	328.399986
4477	328.0000091
4478	327.8999925
4479	327.8999925
4480	327.6000023
4481	327.8999925
4482	327.6000023
4483	327.6999891
4484	327.8999925
4485	327.8999925
4486	327.6999891
4487	327.6999891
4488	327.3999989
4489	327.3000121
4490	327.4999857
4491	327.6999891
4492	327.8000057
4493	327.4999857
4494	327.1999955
4495	327.1999955
4496	327.3000121
4497	326.9999921
4498	327.1999955
4499	327.4999857
4500	327.3000121
4501	327.6000023
4502	327.6000023
4503	327.3000121
4504	326.5999854
4505	326.4999986
4506	326.9999921
4507	326.5999854
4508	326.5999854
4509	326.2999952
4510	326.2999952
4511	326.700002
4512	327.1000087
4513	327.1000087
4514	327.3999989
4515	327.3999989
4516	327.3999989
4517	327.6000023
4518	327.3999989
4519	327.8000057
4520	327.8000057
4521	327.8000057
4522	327.8999925
4523	327.6000023
4524	327.6000023
4525	327.8999925
4526	327.8999925
4527	328.0000091
4528	327.8999925
4529	327.8999925
4530	327.6999891
4531	327.6999891
4532	327.6999891
4533	327.6000023
4534	327.3999989
4535	327.1999955
4536	327.3999989
4537	326.9000053
4538	326.9000053
4539	327.3000121
4540	327.3999989
4541	327.8000057
4542	328.2000124
4543	328.0999959
4544	328.2000124
4545	328.5000026
4546	328.5000026
4547	328.399986
4548	328.2999992
4549	327.6000023
4550	326.4000118
4551	325.5999982
4552	323.3999908
4553	321.0000098
4554	317.900002
4555	316.0000145
4556	313.1000102
4557	310.6000125
4558	308.8999987
4559	308.2000017
4560	307.3000014
4561	307.0000112
4562	307.0000112
4563	307.3000014
4564	307.7000082
4565	308.6999953
4566	309.7000122
4567	310.2999926
4568	311.5000129
4569	312.7000034
4570	312.9000068
4571	314.0999973
4572	314.9999976
4573	315.6000078
4574	315.8000112
4575	316.3999915
4576	317.0000017
4577	317.6000118
4578	317.900002
4579	318.3999956
4580	318.8000023
4581	319.2999959
4582	319.4000125
4583	319.9000061
4584	320.1999962
4585	320.3999996
4586	320.600003
4587	320.8999932
4588	321.2000132
4589	321.2000132
4590	321.2000132
4591	321.5000033
4592	321.5999901
4593	321.7999935
4594	322.1000135
4595	321.9999969
4596	322.4000037
4597	322.2999871
4598	322.1000135
4599	322.4000037
4600	322.2000003
4601	322.4999905
4602	322.1000135
4603	322.4999905
4604	322.2000003
4605	322.4999905
4606	322.4999905
4607	322.8000104
4608	323.0000138
4609	322.8000104
4610	322.4999905
4611	322.4999905
4612	322.4999905
4613	323.0000138
4614	322.6000071
4615	322.8000104
4616	322.8999972
4617	322.8999972
4618	323.1000006
4619	323.0000138
4620	323.0000138
4621	323.1999874
4622	323.1000006
4623	323.1000006
4624	323.1999874
4625	323.1000006
4626	322.8000104
4627	323.0000138
4628	322.8000104
4629	323.0000138
4630	323.1000006
4631	322.8999972
4632	323.1000006
4633	323.1000006
4634	323.1000006
4635	322.8000104
4636	323.300004
4637	322.8000104
4638	323.1000006
4639	323.1000006
4640	323.0000138
4641	323.1999874
4642	323.3999908
4643	323.3999908
4644	323.1000006
4645	323.3999908
4646	323.5000074
4647	323.5000074
4648	323.3999908
4649	323.1000006
4650	323.3999908
4651	323.5000074
4652	323.3999908
4653	323.3999908
4654	323.3999908
4655	323.1999874
4656	323.3999908
4657	323.1000006
4658	323.3999908
4659	323.300004
4660	323.300004
4661	323.3999908
4662	323.7000108
4663	323.7999976
4664	323.7000108
4665	323.5999942
4666	323.5000074
4667	323.300004
4668	323.3999908
4669	323.3999908
4670	323.5999942
4671	323.7999976
4672	323.3999908
4673	323.3999908
4674	323.300004
4675	323.7999976
4676	323.5999942
4677	323.7999976
4678	323.7000108
4679	323.5000074
4680	323.7000108
4681	323.5000074
4682	323.3999908
4683	323.5999942
4684	323.5000074
4685	323.7000108
4686	323.7999976
4687	323.7999976
4688	323.5999942
4689	323.9000142
4690	324.000001
4691	324.0999877
4692	324.0999877
4693	324.0999877
4694	324.000001
4695	324.000001
4696	324.000001
4697	323.5999942
4698	323.7000108
4699	323.7000108
4700	323.7999976
4701	324.0999877
4702	324.0999877
4703	324.0999877
4704	324.0999877
4705	324.0999877
4706	324.0999877
4707	324.000001
4708	323.7999976
4709	323.3999908
4710	323.7999976
4711	323.3999908
4712	323.3999908
4713	323.7999976
4714	324.000001
4715	323.9000142
4716	324.2000043
4717	323.7999976
4718	323.7999976
4719	323.7999976
4720	323.9000142
4721	323.9000142
4722	324.0999877
4723	324.0999877
4724	324.2999911
4725	324.000001
4726	323.9000142
4727	323.7000108
4728	323.7999976
4729	323.7999976
4730	323.7000108
4731	323.7999976
4732	323.7999976
4733	323.3999908
4734	323.7999976
4735	323.7000108
4736	323.5999942
4737	324.000001
4738	323.9000142
4739	324.000001
4740	324.2999911
4741	323.7999976
4742	323.7999976
4743	323.9000142
4744	323.7999976
4745	323.9000142
4746	324.000001
4747	323.7000108
4748	324.2000043
4749	323.5999942
4750	323.5000074
4751	323.7000108
4752	323.5000074
4753	323.5999942
4754	323.5000074
4755	323.7000108
4756	324.0999877
4757	323.5000074
4758	323.5000074
4759	323.7999976
4760	323.9000142
4761	323.7999976
4762	323.7999976
4763	323.7999976
4764	323.5999942
4765	323.7000108
4766	323.7999976
4767	323.3999908
4768	323.9000142
4769	323.7999976
4770	323.5999942
4771	323.9000142
4772	323.7999976
4773	323.5999942
4774	323.7000108
4775	323.300004
4776	323.5000074
4777	323.3999908
4778	323.3999908
4779	323.3999908
4780	323.300004
4781	323.1999874
4782	323.3999908
4783	323.5999942
4784	323.5999942
4785	323.5999942
4786	323.7999976
4787	323.5999942
4788	323.3999908
4789	323.7999976
4790	323.5000074
4791	323.7000108
4792	323.9000142
4793	323.5999942
4794	323.7999976
4795	323.7999976
4796	323.7999976
4797	323.7999976
4798	323.5000074
4799	323.5999942
4800	323.3999908
4801	323.5000074
4802	323.9000142
4803	323.7000108
4804	323.7000108
4805	323.3999908
4806	323.1000006
4807	323.3999908
4808	323.3999908
4809	323.1999874
4810	323.1000006
4811	322.8000104
4812	322.8999972
4813	323.1999874
4814	323.3999908
4815	323.3999908
4816	323.5000074
4817	323.3999908
4818	323.7000108
4819	323.5000074
4820	323.3999908
4821	323.300004
4822	323.1999874
4823	323.1000006
4824	323.5999942
4825	323.5999942
4826	323.300004
4827	323.5000074
4828	323.3999908
4829	323.300004
4830	323.7000108
4831	323.7999976
4832	323.5000074
4833	323.7999976
4834	323.7999976
4835	323.5000074
4836	323.1000006
4837	323.0000138
4838	322.8000104
4839	322.8000104
4840	322.6000071
4841	322.4999905
4842	322.6999938
4843	323.0000138
4844	323.1999874
4845	323.300004
4846	323.7000108
4847	323.9000142
4848	324.4000077
4849	324.9000013
4850	324.9000013
4851	325.3999949
4852	325.1000047
4853	324.9999881
4854	325.1999915
4855	325.5999982
4856	326.2000084
4857	326.2000084
4858	326.700002
4859	326.9999921
4860	326.9999921
4861	326.9000053
4862	326.9999921
4863	326.7999887
4864	326.5999854
4865	326.7999887
4866	326.700002
4867	326.5999854
4868	326.700002
4869	326.700002
4870	326.700002
4871	326.5999854
4872	326.4000118
4873	326.4999986
4874	326.700002
4875	326.9000053
4876	326.9999921
4877	326.9999921
4878	327.3000121
4879	327.1999955
4880	327.1999955
4881	327.6000023
4882	327.1999955
4883	326.9999921
4884	326.9999921
4885	326.9999921
4886	326.9000053
4887	326.700002
4888	326.2999952
4889	326.2999952
4890	326.2999952
4891	326.5999854
4892	326.700002
4893	326.5999854
4894	326.4999986
4895	326.700002
4896	326.700002
4897	326.5999854
4898	326.7999887
4899	326.4999986
4900	326.700002
4901	326.5999854
4902	326.5999854
4903	326.7999887
4904	326.700002
4905	326.5999854
4906	326.4999986
4907	326.4000118
4908	326.000005
4909	326.0999918
4910	326.000005
4911	325.7000148
4912	325.7000148
4913	326.000005
4914	326.2000084
4915	326.2000084
4916	326.4000118
4917	326.9999921
4918	327.3000121
4919	327.4999857
4920	327.6000023
4921	327.1000087
4922	326.9000053
4923	326.9000053
4924	326.700002
4925	326.700002
4926	326.700002
4927	326.700002
4928	326.5999854
4929	326.4999986
4930	326.4000118
4931	326.7999887
4932	326.9999921
4933	327.6999891
4934	327.6000023
4935	327.6000023
4936	327.6999891
4937	327.3000121
4938	327.3000121
4939	326.9999921
4940	327.3999989
4941	327.1999955
4942	327.1999955
4943	326.9999921
4944	326.4999986
4945	326.4000118
4946	326.4000118
4947	326.4999986
4948	326.9000053
4949	326.9999921
4950	326.9999921
4951	326.9999921
4952	326.9999921
4953	326.9999921
4954	327.1999955
4955	327.4999857
4956	327.3999989
4957	327.3000121
4958	327.3000121
4959	327.6000023
4960	327.8000057
4961	327.6999891
4962	327.4999857
4963	327.8999925
4964	327.8999925
4965	327.8999925
4966	328.0999959
4967	328.0000091
4968	328.2000124
4969	328.0000091
4970	327.8000057
4971	328.0000091
4972	327.8999925
4973	328.2999992
4974	327.8000057
4975	328.0000091
4976	328.2000124
4977	328.0999959
4978	328.0000091
4979	327.8999925
4980	327.8999925
4981	327.6999891
4982	327.6000023
4983	327.3000121
4984	327.1000087
4985	327.1000087
4986	327.1999955
4987	327.3000121
4988	327.3000121
4989	326.9000053
4990	326.700002
4991	326.2999952
4992	326.2000084
4993	326.4999986
4994	326.5999854
4995	326.7999887
4996	326.9000053
4997	326.9999921
4998	326.9999921
4999	326.9999921
5000	327.1999955
5001	327.1000087
5002	327.1000087
5003	327.1000087
5004	327.1000087
5005	326.9999921
5006	327.1999955
5007	326.9999921
5008	326.9999921
5009	327.3999989
5010	327.6000023
5011	327.8000057
5012	327.6999891
5013	327.8000057
5014	328.0999959
5015	328.2999992
5016	328.700006
5017	328.9000094
5018	328.9000094
5019	329.1999996
5020	329.1999996
5021	329.1999996
5022	328.9999962
5023	328.0000091
5024	326.4999986
5025	323.7999976
5026	322.4999905
5027	319.4999993
5028	316.1999881
5029	314.9000108
5030	312.0000064
5031	309.8999858
5032	308.4999919
5033	307.7999949
5034	307.9000115
5035	307.9000115
5036	308.0999851
5037	308.6000085
5038	308.8999987
5039	310.0000024
5040	311.1999929
5041	311.8000031
5042	312.7999902
5043	313.6000037
5044	314.3000007
5045	314.7999942
5046	315.8999979
5047	316.5999949
5048	317.2000051
5049	317.6000118
5050	318.3000088
5051	318.6999857
5052	318.8999891
5053	319.7000027
5054	319.9000061
5055	320.3999996
5056	320.4999864
5057	320.4999864
5058	320.8999932
5059	321.2000132
5060	321.3
5061	321.7999935
5062	321.7999935
5063	322.1000135
5064	322.2000003
5065	322.2000003
5066	322.1000135
5067	321.9000101
5068	322.1000135
5069	322.2000003
5070	322.4999905
5071	322.6000071
5072	322.4999905
5073	322.4000037
5074	322.8000104
5075	322.8999972
5076	323.1000006
5077	323.3999908
5078	323.3999908
5079	323.5000074
5080	323.7000108
5081	323.9000142
5082	323.5000074
5083	323.7000108
5084	323.7999976
5085	323.3999908
5086	323.5999942
5087	323.5000074
5088	323.5000074
5089	323.5999942
5090	323.5000074
5091	323.3999908
5092	323.3999908
5093	323.3999908
5094	323.3999908
5095	323.3999908
5096	323.5999942
5097	323.5000074
5098	323.3999908
5099	323.1999874
5100	323.300004
5101	323.5000074
5102	323.7000108
5103	323.5000074
5104	323.5999942
5105	323.5000074
5106	323.5999942
5107	323.7000108
5108	323.9000142
5109	323.9000142
5110	323.5999942
5111	324.000001
5112	324.000001
5113	323.9000142
5114	323.7999976
5115	323.7999976
5116	323.7999976
5117	323.9000142
5118	323.9000142
5119	323.5999942
5120	323.7999976
5121	323.7999976
5122	323.9000142
5123	324.2000043
5124	324.0999877
5125	324.2999911
5126	324.0999877
5127	324.6999979
5128	324.4000077
5129	324.6000111
5130	324.6999979
5131	324.6999979
5132	324.4999945
5133	324.2000043
5134	324.2999911
5135	324.0999877
5136	324.000001
5137	324.000001
5138	324.0999877
5139	323.9000142
5140	323.7999976
5141	323.5999942
5142	323.7000108
5143	323.5999942
5144	323.7000108
5145	324.0999877
5146	324.0999877
5147	324.2000043
5148	324.0999877
5149	324.2999911
5150	324.0999877
5151	324.2000043
5152	324.2000043
5153	324.2000043
5154	324.0999877
5155	324.0999877
5156	323.7999976
5157	323.7999976
5158	323.7000108
5159	324.000001
5160	324.000001
5161	324.2000043
5162	324.4000077
5163	324.4000077
5164	324.2999911
5165	324.4999945
5166	324.2999911
5167	324.2000043
5168	324.4000077
5169	324.2999911
5170	324.0999877
5171	323.9000142
5172	324.000001
5173	324.0999877
5174	324.4000077
5175	324.4000077
5176	324.4000077
5177	324.2999911
5178	324.0999877
5179	324.0999877
5180	324.4000077
5181	324.4000077
5182	324.4000077
5183	324.2000043
5184	324.2999911
5185	324.2999911
5186	324.2999911
5187	324.4999945
5188	324.4000077
5189	324.8000145
5190	324.6999979
5191	324.9999881
5192	324.9999881
5193	324.6999979
5194	324.6999979
5195	324.4999945
5196	324.4000077
5197	324.6999979
5198	324.4000077
5199	324.4000077
5200	324.2999911
5201	324.6999979
5202	324.4000077
5203	324.9000013
5204	325.1000047
5205	325.1999915
5206	325.1000047
5207	325.3000081
5208	324.9999881
5209	324.9999881
5210	324.9999881
5211	325.1000047
5212	324.9999881
5213	324.9999881
5214	325.1000047
5215	325.3000081
5216	325.8000016
5217	325.5999982
5218	326.000005
5219	325.7000148
5220	325.5999982
5221	325.7000148
5222	325.7000148
5223	325.5999982
5224	325.3999949
5225	325.1999915
5226	325.7000148
5227	325.1000047
5228	324.9999881
5229	324.9999881
5230	324.6999979
5231	324.6000111
5232	324.4000077
5233	324.4999945
5234	324.4000077
5235	324.4000077
5236	324.0999877
5237	324.2999911
5238	324.2000043
5239	324.2000043
5240	324.6999979
5241	324.6000111
5242	324.4999945
5243	324.6999979
5244	324.8000145
5245	324.4999945
5246	324.8000145
5247	324.6999979
5248	324.9999881
5249	324.8000145
5250	324.6000111
5251	324.6000111
5252	324.4000077
5253	324.6999979
5254	324.9999881
5255	324.6999979
5256	325.1000047
5257	325.1000047
5258	325.3000081
5259	325.1000047
5260	325.3999949
5261	325.3999949
5262	325.3999949
5263	325.5999982
5264	325.5000114
5265	325.3999949
5266	325.3999949
5267	325.5000114
5268	325.3999949
5269	325.3000081
5270	325.1000047
5271	324.9000013
5272	325.1000047
5273	325.3000081
5274	325.1000047
5275	324.6999979
5276	324.6999979
5277	324.6000111
5278	324.8000145
5279	324.4000077
5280	324.4000077
5281	324.4000077
5282	324.2000043
5283	324.2999911
5284	324.2000043
5285	324.2000043
5286	324.2000043
5287	324.2999911
5288	324.0999877
5289	323.7999976
5290	323.5999942
5291	323.5000074
5292	323.7000108
5293	323.7999976
5294	323.9000142
5295	323.7999976
5296	323.7000108
5297	323.9000142
5298	323.9000142
5299	324.0999877
5300	324.2000043
5301	324.2999911
5302	324.0999877
5303	324.2999911
5304	324.2000043
5305	324.0999877
5306	324.2999911
5307	324.2000043
5308	324.0999877
5309	323.7999976
5310	324.000001
5311	323.7999976
5312	323.7999976
5313	323.7999976
5314	324.0999877
5315	324.0999877
5316	324.0999877
5317	324.2000043
5318	324.0999877
5319	324.2999911
5320	324.6000111
5321	324.9999881
5322	325.3999949
5323	325.7000148
5324	325.8999884
5325	326.2999952
5326	326.4999986
5327	326.700002
5328	326.700002
5329	326.7999887
5330	327.1999955
5331	327.3999989
5332	327.3000121
5333	327.6999891
5334	327.8999925
5335	327.6999891
5336	327.8000057
5337	327.3000121
5338	326.9999921
5339	326.9999921
5340	327.1000087
5341	327.1000087
5342	326.9999921
5343	326.9000053
5344	326.9999921
5345	326.9000053
5346	326.9999921
5347	327.1000087
5348	326.700002
5349	326.700002
5350	326.5999854
5351	326.2999952
5352	326.2999952
5353	326.2999952
5354	326.4000118
5355	326.2999952
5356	326.5999854
5357	326.5999854
5358	326.2000084
5359	326.5999854
5360	326.4999986
5361	326.2999952
5362	326.2000084
5363	326.2999952
5364	326.2999952
5365	326.2999952
5366	326.2999952
5367	326.2999952
5368	326.2999952
5369	326.0999918
5370	326.0999918
5371	326.2999952
5372	326.7999887
5373	326.9999921
5374	326.9999921
5375	326.9999921
5376	326.7999887
5377	326.4000118
5378	326.2999952
5379	326.0999918
5380	326.2999952
5381	326.5999854
5382	326.9999921
5383	326.7999887
5384	326.7999887
5385	326.7999887
5386	326.9999921
5387	326.9999921
5388	327.1000087
5389	327.3000121
5390	327.3000121
5391	327.6000023
5392	327.4999857
5393	327.8000057
5394	327.8000057
5395	328.0000091
5396	327.8000057
5397	327.6999891
5398	327.6000023
5399	327.3000121
5400	327.1000087
5401	327.1000087
5402	327.1000087
5403	327.3000121
5404	327.1999955
5405	327.1000087
5406	326.700002
5407	326.700002
5408	326.700002
5409	326.700002
5410	326.9000053
5411	326.7999887
5412	326.9999921
5413	327.1000087
5414	326.9999921
5415	326.700002
5416	326.7999887
5417	326.700002
5418	326.700002
5419	326.4999986
5420	326.2000084
5421	326.4999986
5422	326.4000118
5423	326.2999952
5424	326.2999952
5425	326.5999854
5426	326.700002
5427	326.700002
5428	326.700002
5429	326.5999854
5430	326.4000118
5431	326.5999854
5432	326.5999854
5433	326.700002
5434	326.9999921
5435	326.9000053
5436	326.9999921
5437	326.9000053
5438	326.700002
5439	326.700002
5440	326.4000118
5441	326.2999952
5442	326.2000084
5443	326.2999952
5444	326.4999986
5445	326.7999887
5446	326.9999921
5447	326.9999921
5448	327.1999955
5449	327.3000121
5450	326.9000053
5451	326.9999921
5452	326.9999921
5453	327.1999955
5454	326.9999921
5455	326.7999887
5456	326.4999986
5457	326.2999952
5458	326.2999952
5459	326.0999918
5460	326.0999918
5461	326.2000084
5462	325.8999884
5463	325.8000016
5464	325.3000081
5465	325.3000081
5466	325.1000047
5467	325.5999982
5468	326.000005
5469	326.7999887
5470	326.9000053
5471	327.3000121
5472	327.8000057
5473	327.4999857
5474	327.8999925
5475	327.6999891
5476	327.6000023
5477	327.4999857
5478	327.8999925
5479	327.3000121
5480	327.1000087
5481	327.1999955
5482	327.1999955
5483	326.9999921
5484	326.7999887
5485	326.4999986
5486	326.700002
5487	326.7999887
5488	327.1000087
5489	327.6000023
5490	328.0999959
5491	328.2999992
5492	328.5999894
5493	328.700006
5494	329.4999897
5495	329.4999897
5496	329.4999897
5497	329.1000128
5498	328.0999959
5499	326.2000084
5500	324.9999881
5501	321.7999935
5502	318.599999
5503	315.8999979
5504	314.5999908
5505	312.7000034
5506	311.1999929
5507	310.4999959
5508	310.2000058
5509	309.8999858
5510	310.0999892
5511	310.4000092
5512	310.9000027
5513	311.5000129
5514	311.8999898
5515	312.5999868
5516	312.9999936
5517	313.6999905
5518	314.7000074
5519	314.7000074
5520	315.4000044
5521	316.3000047
5522	317.0000017
5523	317.2999918
5524	317.7999854
5525	318.599999
5526	319.2000091
5527	319.5999861
5528	319.7999895
5529	320.3000128
5530	320.8999932
5531	321.0000098
5532	321.3999867
5533	321.7999935
5534	322.1000135
5535	322.1000135
5536	322.8000104
5537	322.8000104
5538	323.300004
5539	323.1999874
5540	323.300004
5541	323.5999942
5542	323.7000108
5543	323.5000074
5544	323.7999976
5545	323.7000108
5546	323.5999942
5547	323.1999874
5548	323.300004
5549	323.5000074
5550	323.7999976
5551	323.5999942
5552	324.2000043
5553	323.7999976
5554	324.000001
5555	324.0999877
5556	324.2999911
5557	324.000001
5558	324.2000043
5559	324.4000077
5560	324.4000077
5561	324.0999877
5562	324.2000043
5563	324.4000077
5564	324.4999945
5565	324.4999945
5566	324.4999945
5567	324.6000111
5568	324.4999945
5569	324.6000111
5570	324.4999945
5571	324.6000111
5572	324.4000077
5573	324.6999979
5574	324.6999979
5575	324.4000077
5576	324.4999945
5577	324.4999945
5578	324.4000077
5579	324.4000077
5580	324.0999877
5581	324.2999911
5582	324.2999911
5583	324.4999945
5584	324.4000077
5585	324.6999979
5586	324.6999979
5587	324.4000077
5588	324.9999881
5589	324.9000013
5590	324.6999979
5591	324.6999979
5592	324.9999881
5593	324.8000145
5594	324.6999979
5595	324.6999979
5596	324.8000145
5597	324.6000111
5598	324.4999945
5599	324.4000077
5600	324.4000077
5601	324.4000077
5602	324.2999911
5603	324.2999911
5604	324.4000077
5605	324.0999877
5606	324.0999877
5607	324.2000043
5608	324.2999911
5609	324.2999911
5610	324.2000043
5611	324.0999877
5612	324.4000077
5613	324.4000077
5614	324.6000111
5615	324.4000077
5616	324.4000077
5617	324.4999945
5618	324.6000111
5619	324.6999979
5620	324.6999979
5621	324.6999979
5622	324.6999979
5623	324.6999979
5624	324.6000111
5625	324.4000077
5626	324.4000077
5627	324.4000077
5628	324.6999979
5629	324.4999945
5630	324.4999945
5631	324.6999979
5632	324.6999979
5633	324.6999979
5634	324.6999979
5635	324.4999945
5636	324.6999979
5637	324.8000145
5638	324.6999979
5639	324.6999979
5640	324.8000145
5641	324.8000145
5642	324.9000013
5643	324.9999881
5644	325.1000047
5645	325.1000047
5646	324.9000013
5647	324.8000145
5648	324.9999881
5649	324.8000145
5650	324.9000013
5651	324.6999979
5652	324.6999979
5653	324.9000013
5654	324.6999979
5655	324.8000145
5656	324.6999979
5657	324.6999979
5658	324.8000145
5659	324.8000145
5660	324.9999881
5661	324.9999881
5662	324.6999979
5663	324.9000013
5664	324.8000145
5665	324.9000013
5666	324.9000013
5667	324.8000145
5668	324.9000013
5669	324.6999979
5670	324.6999979
5671	325.1000047
5672	324.9999881
5673	324.8000145
5674	324.9999881
5675	325.3000081
5676	324.9999881
5677	324.9000013
5678	324.9999881
5679	324.9999881
5680	324.9999881
5681	324.9000013
5682	324.9000013
5683	324.8000145
5684	324.9999881
5685	324.9000013
5686	324.9000013
5687	324.8000145
5688	324.9000013
5689	324.8000145
5690	324.9999881
5691	324.9999881
5692	324.9000013
5693	324.9000013
5694	324.9000013
5695	324.9000013
5696	324.9000013
5697	324.6000111
5698	324.6999979
5699	324.4999945
5700	324.8000145
5701	324.8000145
5702	324.6999979
5703	324.4999945
5704	324.4000077
5705	324.6999979
5706	324.6999979
5707	324.4000077
5708	324.4000077
5709	324.6999979
5710	324.6000111
5711	324.6000111
5712	324.4000077
5713	324.6000111
5714	324.6999979
5715	324.6000111
5716	324.4999945
5717	324.4000077
5718	324.4999945
5719	324.6999979
5720	324.6999979
5721	324.6000111
5722	324.6999979
5723	324.6999979
5724	324.6999979
5725	324.8000145
5726	324.6999979
5727	324.6999979
5728	324.6999979
5729	324.6000111
5730	324.9999881
5731	324.4999945
5732	324.4999945
5733	324.8000145
5734	324.8000145
5735	324.8000145
5736	324.9999881
5737	324.8000145
5738	324.6999979
5739	324.9999881
5740	325.1000047
5741	324.9000013
5742	324.6999979
5743	324.9999881
5744	325.1000047
5745	324.9999881
5746	324.6999979
5747	324.9000013
5748	324.9999881
5749	324.9999881
5750	324.8000145
5751	324.8000145
5752	324.8000145
5753	324.9000013
5754	324.4999945
5755	324.6999979
5756	324.9000013
5757	324.6999979
5758	324.4000077
5759	324.4999945
5760	324.8000145
5761	324.6999979
5762	324.8000145
5763	324.6999979
5764	324.9999881
5765	324.8000145
5766	324.6999979
5767	324.9999881
5768	324.6999979
5769	324.6999979
5770	324.6999979
5771	324.9999881
5772	324.9999881
5773	324.6999979
5774	324.9000013
5775	324.9000013
5776	324.6999979
5777	324.4999945
5778	324.9999881
5779	324.9999881
5780	325.1999915
5781	324.8000145
5782	324.4000077
5783	323.7999976
5784	323.5000074
5785	323.0000138
5786	322.8999972
5787	322.6999938
5788	322.2000003
5789	321.7999935
5790	321.7999935
5791	321.5000033
5792	321.5999901
5793	321.7999935
5794	322.4000037
5795	322.6000071
5796	323.1999874
5797	323.5999942
5798	324.2999911
5799	324.4000077
5800	324.6999979
5801	324.4000077
5802	324.0999877
5803	324.4000077
5804	324.6999979
5805	324.9999881
5806	325.1000047
5807	325.3999949
5808	325.5999982
5809	325.7000148
5810	325.5999982
5811	325.8999884
5812	326.000005
5813	325.7000148
5814	325.7000148
5815	325.5000114
5816	325.3000081
5817	324.9999881
5818	325.1000047
5819	324.9000013
5820	324.6999979
5821	324.8000145
5822	324.8000145
5823	324.6000111
5824	324.2000043
5825	324.4000077
5826	324.6999979
5827	324.6999979
5828	324.8000145
5829	324.6999979
5830	324.6999979
5831	324.4000077
5832	324.2999911
5833	324.0999877
5834	324.2999911
5835	324.4000077
5836	324.6999979
5837	324.6000111
5838	324.9000013
5839	325.3000081
5840	324.9999881
5841	324.9999881
5842	325.1000047
5843	324.9999881
5844	325.3000081
5845	324.9999881
5846	324.9000013
5847	324.9999881
5848	325.1999915
5849	325.3999949
5850	325.1999915
5851	325.1000047
5852	325.1999915
5853	324.6999979
5854	324.6999979
5855	325.1000047
5856	325.3999949
5857	325.3999949
5858	325.3999949
5859	325.7000148
5860	325.5999982
5861	325.3999949
5862	325.3999949
5863	325.3999949
5864	325.3000081
5865	325.3999949
5866	325.1000047
5867	325.3000081
5868	324.4000077
5869	324.4999945
5870	324.4000077
5871	324.6000111
5872	324.4000077
5873	324.8000145
5874	324.9000013
5875	325.1999915
5876	325.5999982
5877	325.5999982
5878	325.1000047
5879	324.9999881
5880	324.9999881
5881	324.9999881
5882	325.1999915
5883	325.1000047
5884	324.8000145
5885	324.9999881
5886	324.8000145
5887	324.4000077
5888	324.6999979
5889	324.4999945
5890	324.6000111
5891	324.8000145
5892	325.1000047
5893	324.9000013
5894	324.6999979
5895	324.4999945
5896	324.4999945
5897	324.4000077
5898	324.4999945
5899	324.9000013
5900	324.9999881
5901	324.6999979
5902	324.6999979
5903	325.1000047
5904	324.9999881
5905	324.8000145
5906	324.6000111
5907	324.9999881
5908	324.9000013
5909	324.6000111
5910	324.4999945
5911	324.9000013
5912	324.9999881
5913	324.9999881
5914	324.9000013
5915	325.3999949
5916	325.5999982
5917	325.5999982
5918	325.7000148
5919	325.7000148
5920	325.3000081
5921	325.3000081
5922	324.9999881
5923	324.9999881
5924	324.8000145
5925	324.9999881
5926	324.9000013
5927	325.1000047
5928	324.6999979
5929	324.6999979
5930	324.4000077
5931	324.6999979
5932	325.1999915
5933	325.5999982
5934	325.5999982
5935	325.7000148
5936	325.8000016
5937	325.3999949
5938	324.9000013
5939	325.1999915
5940	325.3000081
5941	325.3000081
5942	325.3999949
5943	325.5000114
5944	325.5999982
5945	325.5000114
5946	325.3000081
5947	324.6999979
5948	324.4999945
5949	324.4999945
5950	324.4999945
5951	324.4999945
5952	324.8000145
5953	324.4999945
5954	324.9000013
5955	324.9000013
5956	325.1000047
5957	324.8000145
5958	324.9999881
5959	325.1999915
5960	326.000005
5961	326.4999986
5962	327.1000087
5963	327.3999989
5964	327.8999925
5965	328.399986
5966	328.5999894
5967	328.9000094
5968	329.1999996
5969	329.1999996
5970	328.9999962
5971	328.7999928
5972	327.6999891
5973	326.2999952
5974	323.7999976
5975	322.2000003
5976	319.2000091
5977	316.3999915
5978	315.4000044
5979	312.5999868
5980	310.6999993
5981	309.7000122
5982	308.9999855
5983	308.2999885
5984	308.6000085
5985	308.8000119
5986	309.1999888
5987	310.0000024
5988	311.5000129
5989	312.0000064
5990	312.5
5991	313.3000135
5992	314.2000139
5993	315.4000044
5994	315.6000078
5995	316.3999915
5996	317.2999918
5997	317.900002
5998	317.9999888
5999	318.599999
6000	319.4999993
6001	319.7000027
6002	319.9000061
6003	320.3000128
6004	320.8999932
6005	321.2000132
6006	321.0999966
6007	321.5000033
6008	321.7999935
6009	321.7999935
6010	322.1000135
6011	322.2000003
6012	322.4999905
6013	322.6000071
6014	322.8999972
6015	322.6999938
6016	322.8999972
6017	323.0000138
6018	323.3999908
6019	323.3999908
6020	323.1000006
6021	323.3999908
6022	323.5000074
6023	323.7999976
6024	323.7999976
6025	323.7999976
6026	324.000001
6027	324.000001
6028	324.0999877
6029	324.0999877
6030	323.9000142
6031	324.2000043
6032	323.7999976
6033	324.000001
6034	324.2000043
6035	324.4000077
6036	324.4000077
6037	324.2000043
6038	324.4999945
6039	324.4999945
6040	324.4000077
6041	324.4000077
6042	324.6999979
6043	324.6000111
6044	324.4999945
6045	324.6999979
6046	324.6999979
6047	324.6999979
6048	324.6000111
6049	324.6999979
6050	324.8000145
6051	324.8000145
6052	324.9000013
6053	324.9000013
6054	324.9000013
6055	324.9000013
6056	324.8000145
6057	324.6999979
6058	324.9999881
6059	325.1000047
6060	324.9999881
6061	324.8000145
6062	324.9999881
6063	324.9999881
6064	324.9000013
6065	324.9999881
6066	324.8000145
6067	324.9999881
6068	324.8000145
6069	325.1000047
6070	324.9999881
6071	325.1000047
6072	324.8000145
6073	324.8000145
6074	324.9999881
6075	324.9999881
6076	324.8000145
6077	324.9999881
6078	325.1999915
6079	324.9000013
6080	324.9999881
6081	325.1000047
6082	324.9999881
6083	325.1999915
6084	325.3000081
6085	324.9999881
6086	324.9999881
6087	324.9000013
6088	325.3999949
6089	325.1999915
6090	325.1999915
6091	325.1999915
6092	324.9999881
6093	325.1000047
6094	325.1000047
6095	325.1999915
6096	324.9999881
6097	325.1000047
6098	325.1999915
6099	325.3000081
6100	324.9000013
6101	324.6999979
6102	324.9999881
6103	325.1999915
6104	324.9999881
6105	324.9000013
6106	324.9000013
6107	324.9999881
6108	324.8000145
6109	324.9000013
6110	324.9000013
6111	324.8000145
6112	324.9999881
6113	324.9999881
6114	325.1000047
6115	325.1000047
6116	325.1000047
6117	324.9000013
6118	325.1999915
6119	324.9999881
6120	324.9000013
6121	324.9000013
6122	324.6999979
6123	324.9000013
6124	324.9999881
6125	324.9999881
6126	325.1000047
6127	324.9999881
6128	325.1999915
6129	325.3999949
6130	325.1999915
6131	325.1000047
6132	325.3999949
6133	325.1999915
6134	325.3999949
6135	325.1999915
6136	325.1999915
6137	325.3000081
6138	324.9999881
6139	325.1000047
6140	325.1999915
6141	325.1999915
6142	324.9999881
6143	324.6999979
6144	324.6999979
6145	324.6999979
6146	324.6000111
6147	324.4999945
6148	324.6999979
6149	325.1000047
6150	324.9999881
6151	324.6999979
6152	324.9000013
6153	324.9999881
6154	324.9999881
6155	324.9000013
6156	324.9999881
6157	324.9999881
6158	324.8000145
6159	324.9000013
6160	324.9999881
6161	324.9999881
6162	324.6999979
6163	324.9999881
6164	324.9999881
6165	324.9999881
6166	324.9999881
6167	324.9000013
6168	324.8000145
6169	324.6999979
6170	324.9000013
6171	324.6000111
6172	324.6999979
6173	324.9000013
6174	324.6999979
6175	324.6000111
6176	324.9000013
6177	324.8000145
6178	324.6999979
6179	324.6000111
6180	324.6999979
6181	324.6999979
6182	324.6000111
6183	325.5000114
6184	324.9999881
6185	324.9999881
6186	324.8000145
6187	325.3999949
6188	325.3999949
6189	325.3999949
6190	325.1999915
6191	325.3999949
6192	325.5999982
6193	325.5000114
6194	325.3999949
6195	325.1000047
6196	325.3000081
6197	325.3000081
6198	325.3999949
6199	325.1999915
6200	325.3000081
6201	325.1999915
6202	324.9999881
6203	325.1000047
6204	324.9999881
6205	325.1000047
6206	324.9999881
6207	324.9999881
6208	324.9000013
6209	324.9999881
6210	324.8000145
6211	324.9999881
6212	325.1000047
6213	325.1999915
6214	324.8000145
6215	325.3000081
6216	325.3999949
6217	325.1999915
6218	325.3999949
6219	324.9000013
6220	325.1000047
6221	325.1999915
6222	324.9999881
6223	325.3999949
6224	325.5000114
6225	325.1000047
6226	325.3999949
6227	325.3999949
6228	324.9999881
6229	325.1999915
6230	325.1999915
6231	325.1999915
6232	325.3000081
6233	325.3000081
6234	325.1000047
6235	324.9999881
6236	324.9999881
6237	324.9000013
6238	325.3000081
6239	325.1999915
6240	325.1999915
6241	325.1999915
6242	325.3000081
6243	325.1000047
6244	325.3000081
6245	325.1000047
6246	325.1999915
6247	325.1000047
6248	324.9999881
6249	324.9999881
6250	324.9999881
6251	324.9000013
6252	325.1000047
6253	324.9000013
6254	324.8000145
6255	324.0999877
6256	323.7999976
6257	323.0000138
6258	322.8000104
6259	322.4000037
6260	321.7999935
6261	321.5999901
6262	321.5000033
6263	321.5000033
6264	321.7000067
6265	322.1000135
6266	321.9999969
6267	322.4999905
6268	322.6999938
6269	322.8999972
6270	323.1999874
6271	323.5000074
6272	323.7000108
6273	323.7999976
6274	323.7999976
6275	324.0999877
6276	324.4000077
6277	324.6000111
6278	324.4999945
6279	324.6999979
6280	324.6999979
6281	324.9999881
6282	325.1000047
6283	324.8000145
6284	324.6999979
6285	324.6999979
6286	324.4000077
6287	324.0999877
6288	324.2999911
6289	324.0999877
6290	324.2000043
6291	324.6999979
6292	324.8000145
6293	324.9000013
6294	325.3000081
6295	325.3000081
6296	325.1000047
6297	325.5999982
6298	325.8999884
6299	325.7000148
6300	325.7000148
6301	325.3999949
6302	325.5000114
6303	325.5000114
6304	325.1999915
6305	325.5000114
6306	325.5000114
6307	325.3999949
6308	325.3999949
6309	325.3999949
6310	325.3999949
6311	325.3999949
6312	325.3999949
6313	325.3000081
6314	325.3000081
6315	325.3000081
6316	325.3999949
6317	325.1000047
6318	325.3000081
6319	324.9999881
6320	325.3000081
6321	325.3999949
6322	325.5000114
6323	325.3999949
6324	325.1999915
6325	325.3999949
6326	325.5000114
6327	325.7000148
6328	325.7000148
6329	325.5000114
6330	325.3999949
6331	325.3999949
6332	325.5999982
6333	325.3999949
6334	325.3999949
6335	325.3999949
6336	325.3000081
6337	325.1000047
6338	324.8000145
6339	324.6999979
6340	324.6999979
6341	325.1000047
6342	324.9999881
6343	325.1000047
6344	325.1000047
6345	325.3999949
6346	325.3000081
6347	324.9999881
6348	324.9999881
6349	324.9999881
6350	324.9999881
6351	324.9999881
6352	325.3999949
6353	324.9999881
6354	324.9999881
6355	324.8000145
6356	324.8000145
6357	324.6999979
6358	324.9999881
6359	325.1000047
6360	324.9999881
6361	325.1999915
6362	325.5999982
6363	325.7000148
6364	325.5999982
6365	325.7000148
6366	325.5000114
6367	325.1999915
6368	325.1000047
6369	325.1999915
6370	324.9999881
6371	325.1999915
6372	324.9999881
6373	325.1999915
6374	324.9999881
6375	324.9999881
6376	324.9999881
6377	324.9999881
6378	324.9000013
6379	324.6999979
6380	324.4000077
6381	324.6999979
6382	324.6000111
6383	324.9999881
6384	325.1999915
6385	324.9999881
6386	325.1999915
6387	325.1999915
6388	324.9999881
6389	325.1999915
6390	325.3000081
6391	325.5000114
6392	325.3999949
6393	325.3999949
6394	325.1000047
6395	325.1000047
6396	324.9999881
6397	325.1000047
6398	324.9000013
6399	324.6999979
6400	324.8000145
6401	324.8000145
6402	324.9999881
6403	324.9999881
6404	324.9999881
6405	324.9000013
6406	324.9999881
6407	324.9999881
6408	325.1000047
6409	325.3999949
6410	325.3000081
6411	325.3000081
6412	325.5999982
6413	325.5000114
6414	325.5999982
6415	325.5000114
6416	325.3000081
6417	325.5000114
6418	325.7000148
6419	325.8000016
6420	325.7000148
6421	325.8999884
6422	325.8999884
6423	325.5999982
6424	325.7000148
6425	325.7000148
6426	325.5000114
6427	325.5000114
6428	325.7000148
6429	325.3999949
6430	324.9999881
6431	324.9999881
6432	325.1999915
6433	325.7000148
6434	325.8999884
6435	326.7999887
6436	327.3000121
6437	327.8999925
6438	328.2000124
6439	328.5999894
6440	328.9999962
6441	329.1999996
6442	329.1000128
6443	329.1999996
6444	328.9999962
6445	328.700006
6446	328.2999992
6447	326.4999986
6448	324.4000077
6449	322.8999972
6450	320.1000094
6451	317.2000051
6452	314.7999942
6453	313.6000037
6454	311.6999865
6455	310.2000058
6456	309.1999888
6457	309.1000021
6458	308.8999987
6459	309.1999888
6460	309.5999956
6461	309.8999858
6462	310.6999993
6463	311.5999997
6464	312.5999868
6465	312.7999902
6466	313.8999939
6467	314.7000074
6468	315.4000044
6469	316.0000145
6470	316.7999983
6471	317.4000084
6472	317.6000118
6473	318.3000088
6474	318.8999891
6475	319.2999959
6476	319.7000027
6477	320.1999962
6478	320.4999864
6479	320.8999932
6480	321.0999966
6481	321.2000132
6482	321.5999901
6483	322.1000135
6484	322.2999871
6485	322.2000003
6486	322.8000104
6487	322.8000104
6488	322.6999938
6489	322.8999972
6490	323.300004
6491	323.300004
6492	323.7000108
6493	323.5000074
6494	323.3999908
6495	323.3999908
6496	323.9000142
6497	323.7999976
6498	323.9000142
6499	323.9000142
6500	323.9000142
6501	323.9000142
6502	324.000001
6503	324.0999877
6504	324.4000077
6505	324.2999911
6506	324.2999911
6507	324.4000077
6508	324.4000077
6509	324.4000077
6510	324.4000077
6511	324.4000077
6512	324.4000077
6513	324.4999945
6514	324.6999979
6515	324.8000145
6516	324.6999979
6517	324.6999979
6518	324.6000111
6519	324.6000111
6520	324.6999979
6521	324.4999945
6522	324.6999979
6523	324.4999945
6524	324.4000077
6525	324.6999979
6526	324.6999979
6527	324.6999979
6528	324.6999979
6529	324.9000013
6530	324.6000111
6531	324.6999979
6532	324.9999881
6533	324.9000013
6534	324.6999979
6535	324.9999881
6536	324.8000145
6537	324.6000111
6538	324.8000145
6539	324.6999979
6540	324.9000013
6541	324.9999881
6542	324.9999881
6543	324.9000013
6544	325.1999915
6545	325.1000047
6546	324.9999881
6547	324.9999881
6548	324.6999979
6549	324.9999881
6550	324.9999881
6551	324.6999979
6552	324.8000145
6553	324.9999881
6554	324.9000013
6555	324.9999881
6556	324.9999881
6557	324.9000013
6558	324.9999881
6559	324.9999881
6560	325.1000047
6561	324.9999881
6562	324.9999881
6563	324.9999881
6564	324.9999881
6565	324.9999881
6566	324.9999881
6567	324.9999881
6568	324.9999881
6569	324.9000013
6570	324.9999881
6571	324.9999881
6572	324.9999881
6573	324.9000013
6574	324.9999881
6575	324.9999881
6576	324.9000013
6577	324.9999881
6578	324.9999881
6579	325.1000047
6580	324.9999881
6581	325.1000047
6582	325.3999949
6583	325.1000047
6584	325.1000047
6585	325.1000047
6586	325.1999915
6587	325.1999915
6588	324.8000145
6589	324.9999881
6590	324.9999881
6591	324.9999881
6592	324.9999881
6593	324.9999881
6594	324.9999881
6595	324.6999979
6596	324.9000013
6597	325.1000047
6598	324.9999881
6599	324.9999881
6600	324.9999881
6601	324.9999881
6602	325.1999915
6603	324.9000013
6604	324.9999881
6605	325.1000047
6606	324.9999881
6607	324.9999881
6608	324.8000145
6609	324.9999881
6610	324.8000145
6611	325.1999915
6612	324.9999881
6613	324.9000013
6614	324.6999979
6615	324.9999881
6616	324.9000013
6617	324.9999881
6618	324.9999881
6619	324.9999881
6620	324.9000013
6621	324.9000013
6622	324.9999881
6623	324.9999881
6624	324.9000013
6625	324.8000145
6626	324.9000013
6627	324.9000013
6628	324.8000145
6629	325.1999915
6630	324.9000013
6631	324.9999881
6632	324.9000013
6633	324.9999881
6634	324.6999979
6635	324.9999881
6636	324.6999979
6637	324.9999881
6638	325.1999915
6639	324.8000145
6640	324.9999881
6641	324.9999881
6642	325.1000047
6643	324.9999881
6644	324.8000145
6645	324.9999881
6646	324.8000145
6647	324.9999881
6648	324.6999979
6649	324.8000145
6650	325.1000047
6651	324.9999881
6652	324.8000145
6653	324.8000145
6654	325.1000047
6655	324.9000013
6656	325.1999915
6657	324.9999881
6658	324.9999881
6659	324.9999881
6660	325.1000047
6661	325.3999949
6662	324.9999881
6663	325.3999949
6664	325.3999949
6665	325.1999915
6666	324.9999881
6667	325.3000081
6668	325.3999949
6669	325.1000047
6670	324.9999881
6671	324.8000145
6672	324.6999979
6673	324.6999979
6674	325.1000047
6675	324.6999979
6676	324.9999881
6677	324.9000013
6678	324.6999979
6679	324.9000013
6680	324.9999881
6681	324.9999881
6682	324.9999881
6683	324.8000145
6684	324.9999881
6685	324.9999881
6686	325.1000047
6687	325.1999915
6688	325.1999915
6689	324.9000013
6690	324.9999881
6691	325.3000081
6692	324.9999881
6693	325.3999949
6694	325.3999949
6695	324.9000013
6696	325.1999915
6697	325.3000081
6698	325.3000081
6699	325.3000081
6700	324.9999881
6701	324.9999881
6702	324.9999881
6703	325.3000081
6704	324.9999881
6705	325.1000047
6706	324.9999881
6707	324.8000145
6708	324.8000145
6709	324.9000013
6710	324.9999881
6711	324.9000013
6712	324.9999881
6713	324.9999881
6714	324.9999881
6715	324.9999881
6716	324.9999881
6717	324.6999979
6718	325.1000047
6719	324.9999881
6720	324.8000145
6721	324.9000013
6722	324.9999881
6723	324.9999881
6724	324.9000013
6725	324.9000013
6726	324.6999979
6727	324.6999979
6728	324.6999979
6729	324.2999911
6730	323.7999976
6731	323.300004
6732	323.0000138
6733	322.6999938
6734	322.4000037
6735	322.2000003
6736	322.1000135
6737	321.9999969
6738	322.1000135
6739	322.4000037
6740	322.4000037
6741	322.6999938
6742	322.8000104
6743	323.1000006
6744	323.1000006
6745	323.300004
6746	323.9000142
6747	324.0999877
6748	324.2999911
6749	324.4000077
6750	324.6000111
6751	324.4000077
6752	324.6000111
6753	324.9000013
6754	324.8000145
6755	324.9000013
6756	324.9999881
6757	325.1999915
6758	325.3000081
6759	325.3000081
6760	325.7000148
6761	326.0999918
6762	326.2999952
6763	326.2999952
6764	326.0999918
6765	326.000005
6766	325.7000148
6767	325.5000114
6768	325.3000081
6769	324.9999881
6770	324.9999881
6771	324.9999881
6772	325.5000114
6773	325.3999949
6774	325.3999949
6775	325.3000081
6776	325.3000081
6777	324.9999881
6778	325.1000047
6779	324.9999881
6780	324.9999881
6781	325.3999949
6782	325.3000081
6783	325.3999949
6784	325.3999949
6785	325.3999949
6786	325.1999915
6787	325.1000047
6788	325.5000114
6789	325.3000081
6790	325.1999915
6791	325.1999915
6792	325.3999949
6793	325.3000081
6794	325.3000081
6795	325.3999949
6796	324.9999881
6797	324.8000145
6798	324.6999979
6799	325.1999915
6800	324.9000013
6801	325.3999949
6802	325.5000114
6803	325.3999949
6804	325.7000148
6805	325.7000148
6806	325.5999982
6807	325.5999982
6808	325.7000148
6809	325.8999884
6810	326.000005
6811	326.000005
6812	325.8999884
6813	325.8000016
6814	326.000005
6815	325.8000016
6816	325.1999915
6817	325.3000081
6818	325.1999915
6819	325.1999915
6820	325.1999915
6821	325.3999949
6822	325.3999949
6823	325.5999982
6824	325.5000114
6825	325.3999949
6826	325.3999949
6827	325.7000148
6828	325.8000016
6829	325.5000114
6830	325.3999949
6831	325.3000081
6832	325.3999949
6833	325.7000148
6834	325.7000148
6835	325.5999982
6836	325.8999884
6837	325.7000148
6838	325.5999982
6839	325.5999982
6840	325.5999982
6841	325.5999982
6842	325.3999949
6843	325.1999915
6844	325.3999949
6845	325.3000081
6846	325.1999915
6847	325.5000114
6848	325.1999915
6849	325.1999915
6850	325.1999915
6851	325.3000081
6852	325.3999949
6853	325.3999949
6854	325.3999949
6855	325.3000081
6856	324.9999881
6857	325.1000047
6858	325.3999949
6859	325.1999915
6860	324.6000111
6861	324.6999979
6862	324.4999945
6863	324.6000111
6864	324.6000111
6865	324.9999881
6866	325.1999915
6867	325.3999949
6868	325.7000148
6869	325.7000148
6870	325.8000016
6871	325.8000016
6872	325.8999884
6873	325.7000148
6874	325.7000148
6875	326.000005
6876	326.2999952
6877	326.0999918
6878	326.000005
6879	326.000005
6880	326.2000084
6881	326.5999854
6882	326.2999952
6883	325.8000016
6884	326.000005
6885	325.8000016
6886	325.7000148
6887	325.7000148
6888	325.3999949
6889	325.5999982
6890	325.3999949
6891	325.5000114
6892	325.3000081
6893	325.5999982
6894	325.5999982
6895	325.3000081
6896	325.5999982
6897	325.3999949
6898	325.1000047
6899	325.3999949
6900	325.1999915
6901	325.3000081
6902	324.9999881
6903	324.9999881
6904	325.5000114
6905	325.3999949
6906	325.7000148
6907	326.5999854
6908	327.1000087
6909	327.3999989
6910	328.0000091
6911	328.5000026
6912	328.9000094
6913	329.6000063
6914	329.4999897
6915	330.0999999
6916	330.0999999
6917	329.8999965
6918	329.6999931
6919	328.2999992
6920	327.4999857
6921	325.3999949
6922	322.4999905
6923	319.9000061
6924	318.8000023
6925	315.8000112
6926	313.4999871
6927	311.5999997
6928	311.1000061
6929	310.2000058
6930	309.3000054
6931	309.3000054
6932	309.1999888
6933	309.5999956
6934	310.4999959
6935	310.9000027
6936	311.8000031
6937	312.5
6938	313.4999871
6939	314.2000139
6940	315.2999878
6941	316.0000145
6942	316.9000149
6943	317.2000051
6944	317.7999854
6945	318.599999
6946	319.2000091
6947	319.5999861
6948	320.1000094
6949	320.3999996
6950	320.8999932
6951	321.0999966
6952	321.5000033
6953	322.1000135
6954	322.2999871
6955	322.4999905
6956	322.4999905
6957	323.1000006
6958	323.3999908
6959	323.1999874
6960	323.5000074
6961	323.5000074
6962	323.5999942
6963	323.9000142
6964	323.7999976
6965	323.7999976
6966	324.0999877
6967	324.0999877
6968	324.0999877
6969	324.0999877
6970	324.000001
6971	324.0999877
6972	324.2000043
6973	324.4000077
6974	324.4000077
6975	324.2000043
6976	324.2999911
6977	324.4000077
6978	324.2999911
6979	324.6000111
6980	324.6999979
6981	324.6000111
6982	324.4000077
6983	324.6999979
6984	324.6000111
6985	324.6999979
6986	324.2999911
6987	324.4000077
6988	324.4999945
6989	324.8000145
6990	324.9000013
6991	324.9999881
6992	324.8000145
6993	324.6999979
6994	325.1000047
6995	325.1999915
6996	325.3000081
6997	325.1000047
6998	324.9999881
6999	325.3999949
7000	325.3999949
7001	324.9999881
7002	325.1999915
7003	325.1000047
7004	325.1000047
7005	325.3999949
7006	325.1000047
7007	325.1999915
7008	324.9999881
7009	324.9999881
7010	325.1000047
7011	324.9999881
7012	325.3000081
7013	324.9999881
7014	324.9999881
7015	325.1999915
7016	324.9999881
7017	325.1000047
7018	324.9999881
7019	324.9999881
7020	324.9999881
7021	325.3999949
7022	325.3999949
7023	325.3999949
7024	325.3999949
7025	325.1999915
7026	325.3000081
7027	325.3999949
7028	325.3000081
7029	325.3999949
7030	325.3999949
7031	325.3000081
7032	325.5000114
7033	325.3999949
7034	325.3000081
7035	325.3999949
7036	325.3999949
7037	325.1000047
7038	325.1000047
7039	324.8000145
7040	324.9999881
7041	325.1999915
7042	325.1999915
7043	325.1000047
7044	325.1999915
7045	325.1999915
7046	325.1000047
7047	325.1000047
7048	325.1999915
7049	324.9000013
7050	324.9999881
7051	325.3000081
7052	325.3999949
7053	325.5000114
7054	325.1999915
7055	325.3000081
7056	325.3999949
7057	325.1999915
7058	325.3000081
7059	325.3999949
7060	324.9999881
7061	325.1000047
7062	325.3999949
7063	325.1999915
7064	325.3000081
7065	325.1999915
7066	325.1999915
7067	325.5000114
7068	325.3999949
7069	325.5000114
7070	325.3000081
7071	324.9999881
7072	325.1999915
7073	325.3999949
7074	325.3000081
7075	325.5000114
7076	325.3999949
7077	325.3999949
7078	325.3999949
7079	325.5000114
7080	325.3999949
7081	325.7000148
7082	325.5000114
7083	325.7000148
7084	325.7000148
7085	325.7000148
7086	325.5999982
7087	325.3999949
7088	325.3000081
7089	325.3999949
7090	325.5000114
7091	325.5000114
7092	325.5000114
7093	325.3999949
7094	325.3999949
7095	325.3999949
7096	325.3999949
7097	325.3999949
7098	325.3000081
7099	324.9999881
7100	325.1000047
7101	325.1999915
7102	325.3000081
7103	325.1000047
7104	325.1999915
7105	325.3999949
7106	325.3999949
7107	325.3999949
7108	325.5000114
7109	325.1999915
7110	325.1000047
7111	325.5000114
7112	325.3999949
7113	325.5000114
7114	325.3999949
7115	325.1999915
7116	325.3999949
7117	325.5999982
7118	325.3999949
7119	325.5999982
7120	325.5000114
7121	325.7000148
7122	325.7000148
7123	325.5999982
7124	325.5999982
7125	325.5000114
7126	325.3999949
7127	325.3999949
7128	325.7000148
7129	325.5999982
7130	325.5999982
7131	325.3999949
7132	325.3000081