1	303.9999902
2	304.1000068
3	304.399997
4	304.399997
5	304.3000102
6	304.399997
7	304.1000068
8	303.9000034
9	303.9000034
10	303.7999868
11	303.9999902
12	303.7999868
13	304.1000068
14	304.1000068
15	303.9999902
16	304.1000068
17	304.1000068
18	304.1000068
19	304.1000068
20	304.1999936
21	304.399997
22	304.3000102
23	304.3000102
24	304.1999936
25	304.5000136
26	304.1999936
27	304.1999936
28	304.1999936
29	304.1000068
30	303.9000034
31	304.399997
32	304.399997
33	304.5000136
34	304.399997
35	304.399997
36	304.5000136
37	304.399997
38	304.6000004
39	304.6000004
40	304.6999872
41	304.8000038
42	304.6000004
43	304.5000136
44	304.5000136
45	304.5000136
46	304.6999872
47	304.5000136
48	304.399997
49	304.8000038
50	304.6000004
51	304.6999872
52	304.6999872
53	305.0000072
54	304.8999906
55	304.8999906
56	304.8000038
57	304.8000038
58	304.8000038
59	304.8999906
60	305.0999939
61	305.0999939
62	305.0000072
63	305.0000072
64	305.0000072
65	304.8999906
66	304.8000038
67	304.8999906
68	304.8999906
69	304.8000038
70	304.8000038
71	305.0000072
72	304.8999906
73	305.0000072
74	305.0000072
75	305.0999939
76	305.0000072
77	305.0999939
78	305.0999939
79	305.0000072
80	304.8999906
81	304.8999906
82	304.8999906
83	305.0000072
84	304.8000038
85	304.6999872
86	304.8000038
87	304.6999872
88	304.8999906
89	305.0000072
90	304.6999872
91	304.399997
92	304.399997
93	304.1000068
94	303.9000034
95	303.9999902
96	303.7999868
97	303.7999868
98	304.1000068
99	303.9999902
100	303.7999868
101	303.7999868
102	303.6000133
103	303.2999933
104	303.2000065
105	302.7999997
106	302.7999997
107	302.5999963
108	302.7999997
109	302.7999997
110	302.7999997
111	303.2000065
112	303.7
113	304.3000102
114	304.5000136
115	305.4000139
116	305.7999909
117	306.3000143
118	306.4999878
119	306.8000078
120	307.3000014
121	307.3000014
122	307.5999916
123	307.7000082
124	307.9999983
125	307.7999949
126	308.0999851
127	308.2999885
128	308.6000085
129	308.8000119
130	308.6000085
131	308.6999953
132	308.6000085
133	308.8000119
134	308.6000085
135	308.8999987
136	309.1000021
137	309.1000021
138	309.3999922
139	309.5999956
140	309.5000088
141	309.3999922
142	309.1999888
143	309.3000054
144	309.3999922
145	309.3999922
146	309.3999922
147	309.3000054
148	309.3000054
149	309.3000054
150	309.3000054
151	309.5000088
152	309.5000088
153	309.5999956
154	309.799999
155	309.8999858
156	309.8999858
157	309.8999858
158	310.0999892
159	309.8999858
160	310.2000058
161	309.8999858
162	309.8999858
163	309.8999858
164	309.799999
165	309.5999956
166	309.5999956
167	309.5000088
168	309.5999956
169	309.3000054
170	309.7000122
171	309.799999
172	310.0999892
173	309.8999858
174	309.8999858
175	310.0999892
176	309.8999858
177	309.799999
178	310.0999892
179	309.8999858
180	309.8999858
181	309.8999858
182	309.8999858
183	309.799999
184	309.5999956
185	309.3999922
186	309.1999888
187	308.8999987
188	308.6999953
189	308.8999987
190	309.1000021
191	309.1999888
192	309.1999888
193	309.3000054
194	309.3999922
195	309.3999922
196	309.7000122
197	309.8999858
198	309.8999858
199	310.0000024
200	310.0000024
201	309.8999858
202	309.8999858
203	309.799999
204	309.8999858
205	309.5000088
206	309.5000088
207	309.3000054
208	309.5999956
209	309.799999
210	309.8999858
211	310.0999892
212	310.2000058
213	310.2999926
214	310.2000058
215	310.2000058
216	310.6000125
217	310.4999959
218	310.2000058
219	309.8999858
220	309.8999858
221	309.7000122
222	309.5999956
223	309.5999956
224	309.5000088
225	309.5999956
226	309.8999858
227	309.5999956
228	309.3999922
229	309.1999888
230	309.3000054
231	309.3999922
232	309.5999956
233	309.5999956
234	309.5999956
235	309.3000054
236	309.3999922
237	309.3999922
238	309.3999922
239	309.5000088
240	309.5999956
241	309.3999922
242	309.3000054
243	309.1999888
244	308.8000119
245	308.9999855
246	309.3000054
247	309.5000088
248	309.7000122
249	309.8999858
250	309.8999858
251	309.7000122
252	309.7000122
253	309.799999
254	309.5000088
255	309.3999922
256	309.5000088
257	309.3000054
258	309.3999922
259	309.7000122
260	309.8999858
261	310.2000058
262	310.2000058
263	310.2000058
264	310.0000024
265	309.7000122
266	309.3999922
267	309.3999922
268	308.9999855
269	308.8000119
270	308.8000119
271	308.6999953
272	308.8999987
273	308.8999987
274	308.8999987
275	308.9999855
276	309.3000054
277	309.3000054
278	309.8999858
279	310.0000024
280	310.2000058
281	310.6000125
282	310.6000125
283	310.7999861
284	310.6000125
285	310.9000027
286	310.6999993
287	310.2000058
288	309.3000054
289	307.3000014
290	306.1999977
291	303.0999899
292	298.5999882
293	293.7999964
294	291.200012
295	286.5999937
296	282.9000056
297	280.2999914
298	279.1999876
299	277.5999904
300	277.0999968
301	276.69999
302	276.8000066
303	277.3000002
304	278.2999873
305	279.3000042
306	280.0000012
307	281.3000083
308	282.799989
309	283.3000124
310	284.5999897
311	285.8999968
312	287.0999873
313	287.499994
314	288.3000076
315	289.2999947
316	289.9999917
317	290.4999852
318	290.899992
319	291.5000021
320	291.9000089
321	291.9000089
322	292.6000059
323	292.899996
324	293.0999994
325	293.5000062
326	293.7999964
327	294.0999866
328	294.2000031
329	294.4999933
330	294.8000133
331	295.1000035
332	295.1000035
333	295.3000069
334	295.599997
335	295.7000136
336	295.8000004
337	295.8000004
338	296.299994
339	296.4000106
340	296.299994
341	296.2000072
342	296.4999974
343	296.600014
344	296.9000041
345	296.9000041
346	296.9999909
347	297.1000075
348	297.3000109
349	297.1999943
350	297.1999943
351	296.9999909
352	297.1999943
353	297.1999943
354	297.1999943
355	297.3000109
356	297.1999943
357	297.3000109
358	297.3000109
359	297.3999977
360	297.3999977
361	297.3999977
362	297.1999943
363	297.1999943
364	297.1000075
365	297.3999977
366	297.5000143
367	297.3999977
368	297.5000143
369	297.6000011
370	297.6000011
371	297.6999879
372	297.8000045
373	298.0999947
374	298.0000079
375	298.0000079
376	298.0000079
377	298.2000113
378	298.0000079
379	298.0000079
380	298.0000079
381	298.0999947
382	298.0999947
383	297.8999913
384	297.8000045
385	297.8000045
386	297.8000045
387	297.6999879
388	297.8000045
389	297.8999913
390	298.0000079
391	297.8999913
392	298.0999947
393	298.0000079
394	298.0000079
395	298.0000079
396	298.2000113
397	298.0000079
398	298.0000079
399	298.0999947
400	298.299998
401	298.2000113
402	298.299998
403	298.299998
404	298.299998
405	298.299998
406	298.4000146
407	298.299998
408	298.5000014
409	298.5000014
410	298.299998
411	298.5999882
412	298.5999882
413	298.5999882
414	298.4000146
415	298.5999882
416	298.2000113
417	298.299998
418	298.299998
419	298.4000146
420	298.299998
421	298.0999947
422	298.0999947
423	298.4000146
424	298.299998
425	298.2000113
426	298.299998
427	298.299998
428	298.4000146
429	298.299998
430	298.299998
431	298.4000146
432	298.299998
433	298.299998
434	298.5000014
435	298.299998
436	298.299998
437	298.4000146
438	298.5000014
439	298.299998
440	298.5000014
441	298.5000014
442	298.299998
443	298.0999947
444	298.299998
445	298.299998
446	298.0999947
447	298.0000079
448	298.299998
449	298.299998
450	298.299998
451	298.299998
452	298.299998
453	298.299998
454	298.2000113
455	298.299998
456	298.0000079
457	298.299998
458	298.5000014
459	298.4000146
460	298.299998
461	298.5000014
462	298.5999882
463	298.4000146
464	298.4000146
465	298.4000146
466	298.4000146
467	298.299998
468	298.299998
469	298.5999882
470	298.5999882
471	297.3000109
472	297.1000075
473	296.9999909
474	296.9999909
475	296.7999876
476	296.9999909
477	296.7999876
478	296.9999909
479	296.9999909
480	297.1000075
481	297.1000075
482	296.9999909
483	296.9999909
484	297.1000075
485	297.3999977
486	297.3999977
487	297.3000109
488	297.3000109
489	297.3000109
490	297.1000075
491	297.3000109
492	297.3000109
493	297.1000075
494	297.3999977
495	297.5000143
496	296.9999909
497	296.9999909
498	296.9999909
499	297.1999943
500	296.9999909
501	297.3999977
502	297.1999943
503	297.3000109
504	297.3999977
505	297.3999977
506	297.3000109
507	297.3000109
508	297.1999943
509	297.3000109
510	297.1999943
511	297.1000075
512	296.9999909
513	296.9999909
514	296.9999909
515	296.9999909
516	296.9000041
517	296.9999909
518	297.1000075
519	296.9999909
520	296.9999909
521	296.9000041
522	297.1000075
523	296.9999909
524	297.1000075
525	297.1000075
526	296.9999909
527	296.9999909
528	296.9999909
529	296.9999909
530	296.9000041
531	296.9999909
532	296.9999909
533	297.3999977
534	296.9999909
535	297.6000011
536	297.3999977
537	297.1999943
538	297.3999977
539	297.3000109
540	297.3999977
541	297.3000109
542	297.3999977
543	297.3000109
544	297.3000109
545	297.1999943
546	297.3000109
547	297.3999977
548	297.1999943
549	297.3999977
550	297.6000011
551	297.3999977
552	297.1999943
553	296.9999909
554	296.9999909
555	297.1999943
556	297.1000075
557	296.9000041
558	296.9999909
559	297.1000075
560	297.1999943
561	297.3999977
562	297.3999977
563	297.3000109
564	297.3999977
565	297.3999977
566	297.3999977
567	297.5000143
568	297.3999977
569	297.1999943
570	297.3999977
571	297.1000075
572	297.3000109
573	296.9999909
574	297.1000075
575	297.3000109
576	297.1999943
577	297.6000011
578	297.3999977
579	297.5000143
580	296.9999909
581	296.7999876
582	296.7000008
583	296.299994
584	296.299994
585	296.299994
586	296.0999906
587	295.8999872
588	295.8000004
589	296.0999906
590	296.0000038
591	296.7999876
592	297.6000011
593	298.0999947
594	298.299998
595	298.7999916
596	299.4000018
597	299.8999953
598	300.3000021
599	300.3999889
600	300.999999
601	301.0999858
602	301.2999892
603	301.2000024
604	301.8000126
605	301.9999862
606	301.9999862
607	301.8999994
608	302.1999896
609	302.3000062
610	302.5000095
611	302.5000095
612	302.5000095
613	302.3999929
614	302.5000095
615	302.5000095
616	302.7999997
617	302.8999865
618	303.0000031
619	303.0999899
620	302.8999865
621	302.7000129
622	302.7999997
623	302.7999997
624	302.8999865
625	302.7999997
626	302.7999997
627	302.8999865
628	303.0000031
629	303.2000065
630	302.7999997
631	303.0999899
632	303.0999899
633	303.0999899
634	303.2000065
635	303.0000031
636	303.0999899
637	302.8999865
638	303.0000031
639	302.8999865
640	302.8999865
641	303.2000065
642	303.4999967
643	303.4999967
644	303.4999967
645	303.4999967
646	303.6000133
647	303.4999967
648	303.4000099
649	303.2000065
650	303.2000065
651	303.4999967
652	303.2999933
653	303.4000099
654	303.4999967
655	303.4000099
656	303.4999967
657	303.4000099
658	303.4999967
659	303.2999933
660	303.4000099
661	303.4999967
662	303.4000099
663	303.4999967
664	303.4999967
665	303.4999967
666	303.4999967
667	303.4999967
668	303.6000133
669	303.6000133
670	303.4999967
671	303.6000133
672	303.6000133
673	303.4999967
674	303.7999868
675	303.7
676	303.7
677	303.4999967
678	303.2999933
679	303.4000099
680	303.4000099
681	303.2999933
682	303.4999967
683	303.4999967
684	303.4999967
685	303.2000065
686	303.2999933
687	303.4000099
688	303.4999967
689	303.4999967
690	303.6000133
691	303.6000133
692	303.4000099
693	303.4999967
694	303.4999967
695	303.2000065
696	303.2000065
697	303.2000065
698	303.0999899
699	303.2000065
700	303.2000065
701	303.2999933
702	303.4000099
703	303.2999933
704	303.0999899
705	303.0999899
706	303.0999899
707	302.8999865
708	303.0999899
709	303.0000031
710	303.2000065
711	303.0999899
712	303.2000065
713	303.2000065
714	303.4999967
715	303.4000099
716	303.4000099
717	303.4999967
718	303.2000065
719	303.0999899
720	303.0000031
721	302.8999865
722	303.0000031
723	303.2000065
724	303.4000099
725	303.4999967
726	303.4000099
727	303.4999967
728	303.4999967
729	303.4999967
730	303.4999967
731	303.4000099
732	303.2999933
733	303.4999967
734	303.4999967
735	303.7999868
736	303.7999868
737	303.7999868
738	303.7999868
739	303.7999868
740	303.6000133
741	303.6000133
742	303.4999967
743	303.4999967
744	303.4999967
745	303.6000133
746	303.7
747	303.7999868
748	303.7999868
749	303.7999868
750	303.4999967
751	303.4999967
752	303.6000133
753	303.4999967
754	303.4000099
755	303.0999899
756	303.2000065
757	303.4999967
758	303.7
759	303.7999868
760	304.1000068
761	304.399997
762	304.5000136
763	304.8000038
764	305.0999939
765	305.0999939
766	304.8999906
767	304.8000038
768	304.1000068
769	301.6000092
770	299.6000051
771	295.3000069
772	290.3000116
773	285.2999866
774	282.9000056
775	278.4999907
776	274.8000026
777	272.5999951
778	271.600008
779	270.3000009
780	269.8000073
781	270.2000141
782	270.3000009
783	271.299988
784	272.5000083
785	273.0999887
786	274.5999992
787	276.1000097
788	277.700007
789	278.4000039
790	279.700011
791	280.9000015
792	282.0000052
793	282.7000022
794	283.6999893
795	284.5999897
796	285.6000066
797	286.1000001
798	286.7000103
799	287.4000072
800	288.1000042
801	288.3000076
802	288.7000144
803	289.2000079
804	289.6000147
805	289.9999917
806	290.3999984
807	290.6000018
808	290.6999886
809	291.0000086
810	291.2999988
811	291.9000089
812	291.9000089
813	292.1999991
814	292.2999859
815	292.6999927
816	292.899996
817	293.0999994
818	293.1999862
819	293.3999896
820	293.3000028
821	293.3999896
822	293.5000062
823	293.7999964
824	293.9999998
825	293.7999964
826	293.900013
827	294.0999866
828	294.2000031
829	294.2000031
830	294.2999899
831	294.0999866
832	294.4999933
833	294.6000099
834	294.6000099
835	294.4999933
836	294.8000133
837	294.6999967
838	294.4999933
839	294.8000133
840	294.8000133
841	294.8000133
842	294.9999869
843	295.1000035
844	295.1000035
845	295.1000035
846	295.1999903
847	295.1999903
848	295.3999937
849	295.3999937
850	295.3999937
851	295.8000004
852	295.5000103
853	295.3999937
854	295.1999903
855	295.3999937
856	295.3999937
857	295.599997
858	295.3999937
859	295.3999937
860	295.3999937
861	295.5000103
862	295.599997
863	295.7000136
864	295.5000103
865	295.8000004
866	295.8000004
867	295.8000004
868	295.8999872
869	295.8999872
870	295.8000004
871	295.8000004
872	295.8999872
873	296.0000038
874	295.8999872
875	295.8000004
876	295.8000004
877	295.8000004
878	295.8000004
879	295.7000136
880	295.8000004
881	295.8000004
882	295.7000136
883	295.8000004
884	296.0000038
885	296.0999906
886	296.0000038
887	296.0000038
888	296.0999906
889	296.0999906
890	296.0999906
891	296.0999906
892	296.2000072
893	296.0999906
894	296.0999906
895	296.0000038
896	296.0000038
897	296.0999906
898	295.8999872
899	295.8999872
900	295.8999872
901	295.8999872
902	295.8999872
903	296.0000038
904	296.0999906
905	295.8000004
906	296.0000038
907	296.0999906
908	296.0999906
909	296.0999906
910	296.4000106
911	296.2000072
912	296.0999906
913	296.0999906
914	296.0999906
915	296.0999906
916	295.8000004
917	296.0999906
918	296.4000106
919	296.0000038
920	296.0999906
921	296.0999906
922	296.299994
923	296.299994
924	296.4000106
925	296.0999906
926	296.4000106
927	296.2000072
928	296.0999906
929	296.0999906
930	296.0999906
931	296.2000072
932	296.4999974
933	296.4000106
934	296.4000106
935	296.4000106
936	296.4999974
937	296.299994
938	296.299994
939	296.4000106
940	296.2000072
941	296.2000072
942	296.4000106
943	296.2000072
944	296.4000106
945	296.299994
946	296.299994
947	296.0000038
948	296.0999906
949	296.0999906
950	296.0999906
951	296.0999906
952	296.0999906
953	296.2000072
954	296.299994
955	296.299994
956	296.0999906
957	296.299994
958	296.299994
959	296.4000106
960	296.299994
961	296.4000106
962	296.299994
963	296.4000106
964	296.0999906
965	296.4000106
966	296.2000072
967	296.0999906
968	296.2000072
969	296.0999906
970	296.0999906
971	296.299994
972	296.299994
973	296.299994
974	296.0999906
975	296.0999906
976	296.2000072
977	296.0999906
978	296.4000106
979	296.0999906
980	296.0999906
981	296.4000106
982	296.4000106
983	296.4999974
984	296.7000008
985	296.4999974
986	296.299994
987	296.2000072
988	296.299994
989	296.4000106
990	296.4999974
991	296.4999974
992	296.4999974
993	296.4999974
994	296.4000106
995	296.4999974
996	296.4000106
997	296.4999974
998	296.600014
999	296.7000008
1000	296.4999974
1001	296.4999974
1002	296.4000106
1003	296.600014
1004	296.600014
1005	296.4000106
1006	296.4999974
1007	296.4999974
1008	296.4999974
1009	296.600014
1010	296.7000008
1011	296.7000008
1012	296.7000008
1013	296.7000008
1014	296.7000008
1015	296.600014
1016	296.4999974
1017	296.4000106
1018	296.600014
1019	296.600014
1020	296.7000008
1021	296.7000008
1022	296.600014
1023	296.7000008
1024	296.7999876
1025	296.7999876
1026	296.7000008
1027	296.7000008
1028	296.7000008
1029	296.7000008
1030	296.7000008
1031	296.7000008
1032	296.600014
1033	296.600014
1034	296.7000008
1035	296.600014
1036	296.600014
1037	296.7000008
1038	296.7000008
1039	296.7000008
1040	296.4999974
1041	296.600014
1042	296.600014
1043	296.600014
1044	296.4999974
1045	296.600014
1046	296.600014
1047	296.7000008
1048	296.600014
1049	296.600014
1050	296.7000008
1051	296.7999876
1052	296.7000008
1053	296.4000106
1054	296.299994
1055	295.8999872
1056	295.7000136
1057	295.5000103
1058	295.3999937
1059	295.3999937
1060	295.3999937
1061	295.599997
1062	295.599997
1063	296.0000038
1064	296.4000106
1065	296.7000008
1066	297.3999977
1067	297.8000045
1068	298.5999882
1069	298.7999916
1070	299.2999852
1071	299.6999919
1072	300.0999987
1073	300.1999855
1074	300.3999889
1075	300.7000089
1076	300.9000123
1077	300.999999
1078	300.999999
1079	301.2999892
1080	301.4999926
1081	301.4999926
1082	301.4999926
1083	301.4999926
1084	301.699996
1085	301.699996
1086	301.699996
1087	301.8999994
1088	301.8999994
1089	302.1000028
1090	302.3000062
1091	302.3999929
1092	302.5000095
1093	302.7000129
1094	302.5999963
1095	302.7000129
1096	302.7000129
1097	302.7999997
1098	302.7999997
1099	302.8999865
1100	302.7999997
1101	302.7999997
1102	302.5999963
1103	302.7999997
1104	302.7999997
1105	302.5000095
1106	302.7999997
1107	302.7999997
1108	303.0000031
1109	302.7999997
1110	302.8999865
1111	302.8999865
1112	303.0999899
1113	302.8999865
1114	302.8999865
1115	302.7999997
1116	302.7999997
1117	302.5000095
1118	302.3999929
1119	302.1999896
1120	302.3000062
1121	302.3000062
1122	302.1999896
1123	302.3999929
1124	302.5000095
1125	302.3999929
1126	302.3000062
1127	302.1999896
1128	302.5000095
1129	302.7000129
1130	302.7999997
1131	302.5000095
1132	302.7000129
1133	302.7999997
1134	302.8999865
1135	303.0000031
1136	302.7999997
1137	303.0000031
1138	302.7999997
1139	302.7999997
1140	303.0999899
1141	302.7999997
1142	302.7999997
1143	302.7999997
1144	302.7000129
1145	302.5000095
1146	302.5000095
1147	302.7999997
1148	302.7000129
1149	302.8999865
1150	302.7999997
1151	302.7999997
1152	302.7999997
1153	303.0999899
1154	302.8999865
1155	302.7999997
1156	302.7000129
1157	302.7999997
1158	302.7999997
1159	302.7000129
1160	302.5000095
1161	302.7999997
1162	302.7999997
1163	302.7999997
1164	302.7999997
1165	302.7999997
1166	302.8999865
1167	302.7999997
1168	302.7999997
1169	303.0000031
1170	303.0999899
1171	303.0999899
1172	303.0000031
1173	303.2000065
1174	303.2999933
1175	303.2999933
1176	303.2000065
1177	303.2999933
1178	303.2000065
1179	303.4999967
1180	303.2999933
1181	303.0999899
1182	303.2000065
1183	302.7999997
1184	302.7999997
1185	302.8999865
1186	302.8999865
1187	302.7999997
1188	303.0999899
1189	303.2999933
1190	303.4999967
1191	303.6000133
1192	303.7
1193	303.4000099
1194	303.4999967
1195	303.2999933
1196	303.4000099
1197	303.4000099
1198	303.4999967
1199	303.6000133
1200	303.4000099
1201	303.4000099
1202	303.4000099
1203	303.4000099
1204	303.4000099
1205	303.4000099
1206	303.2000065
1207	303.2000065
1208	303.2000065
1209	303.2999933
1210	303.2999933
1211	303.4000099
1212	303.2000065
1213	303.2000065
1214	303.0999899
1215	303.2000065
1216	303.0000031
1217	302.8999865
1218	303.0000031
1219	303.0999899
1220	303.2000065
1221	303.2000065
1222	303.2000065
1223	303.0999899
1224	302.8999865
1225	303.0000031
1226	303.2000065
1227	302.8999865
1228	302.8999865
1229	303.0000031
1230	303.0999899
1231	303.4999967
1232	303.7999868
1233	303.9999902
1234	304.1000068
1235	304.399997
1236	304.5000136
1237	304.6000004
1238	304.6999872
1239	304.6000004
1240	304.3000102
1241	303.6000133
1242	302.5000095
1243	300.3000021
1244	296.299994
1245	294.0999866
1246	289.4999981
1247	284.5999897
1248	280.2000046
1249	278.1000137
1250	274.8999894
1251	272.7999985
1252	271.299988
1253	270.9999979
1254	270.5999911
1255	270.9999979
1256	271.8000114
1257	272.1000016
1258	273.2000053
1259	274.8000026
1260	275.9999931
1261	276.69999
1262	278.2999873
1263	279.700011
1264	280.6999981
1265	281.5000117
1266	282.5999856
1267	283.6999893
1268	284.0999961
1269	284.9999964
1270	285.80001
1271	286.5000069
1272	286.7000103
1273	287.2999907
1274	287.9000008
1275	288.5999978
1276	288.8000011
1277	289.2999947
1278	289.6000147
1279	289.9999917
1280	290.199995
1281	290.6000018
1282	291.0999954
1283	291.200012
1284	291.3999856
1285	291.7000055
1286	291.7000055
1287	291.9999957
1288	292.1999991
1289	292.2999859
1290	292.6000059
1291	292.6000059
1292	292.899996
1293	293.0000126
1294	293.3000028
1295	293.1999862
1296	293.5000062
1297	293.5000062
1298	293.7999964
1299	293.900013
1300	294.0999866
1301	294.0999866
1302	294.4999933
1303	294.4000065
1304	294.4999933
1305	294.4999933
1306	294.6000099
1307	294.6000099
1308	294.4999933
1309	294.6999967
1310	294.8000133
1311	294.9000001
1312	294.9000001
1313	294.9999869
1314	295.1999903
1315	295.1000035
1316	295.1000035
1317	294.9999869
1318	295.1000035
1319	295.1000035
1320	294.9999869
1321	295.1999903
1322	295.3000069
1323	295.3999937
1324	295.1999903
1325	295.3000069
1326	295.3000069
1327	295.3999937
1328	295.1999903
1329	295.3999937
1330	295.3999937
1331	295.3999937
1332	295.3999937
1333	295.3999937
1334	295.3999937
1335	295.3999937
1336	295.599997
1337	295.5000103
1338	295.5000103
1339	295.3999937
1340	295.599997
1341	295.5000103
1342	295.7000136
1343	295.8000004
1344	295.8000004
1345	295.7000136
1346	295.7000136
1347	295.8000004
1348	296.0000038
1349	295.8000004
1350	295.8999872
1351	295.8000004
1352	295.8999872
1353	296.0000038
1354	296.0999906
1355	295.8000004
1356	295.8000004
1357	295.8000004
1358	295.5000103
1359	295.5000103
1360	295.7000136
1361	295.7000136
1362	295.8000004
1363	295.8000004
1364	295.8999872
1365	295.8999872
1366	295.8000004
1367	296.0000038
1368	296.0000038
1369	296.0000038
1370	296.0999906
1371	296.0999906
1372	296.2000072
1373	296.0999906
1374	296.0999906
1375	296.0000038
1376	296.0999906
1377	296.0999906
1378	296.0000038
1379	295.8999872
1380	295.8999872
1381	296.0999906
1382	296.0000038
1383	295.8999872
1384	296.0999906
1385	295.8999872
1386	296.0999906
1387	295.8000004
1388	296.0999906
1389	296.0999906
1390	295.8999872
1391	295.8999872
1392	295.8999872
1393	295.8000004
1394	296.0000038
1395	295.8999872
1396	296.0999906
1397	295.8999872
1398	296.0999906
1399	296.0000038
1400	296.2000072
1401	296.0999906
1402	296.0000038
1403	296.0000038
1404	296.0000038
1405	296.0999906
1406	295.8999872
1407	296.0999906
1408	296.0000038
1409	296.0999906
1410	296.0999906
1411	296.2000072
1412	296.2000072
1413	296.0999906
1414	296.0999906
1415	296.2000072
1416	296.0999906
1417	296.0000038
1418	295.8999872
1419	296.0999906
1420	295.8999872
1421	296.0999906
1422	296.0999906
1423	296.0999906
1424	295.8999872
1425	296.0000038
1426	296.0999906
1427	296.0999906
1428	296.2000072
1429	296.2000072
1430	296.4000106
1431	296.299994
1432	296.0999906
1433	296.0999906
1434	296.2000072
1435	296.2000072
1436	296.0000038
1437	296.2000072
1438	296.2000072
1439	296.299994
1440	296.2000072
1441	296.0999906
1442	296.2000072
1443	296.2000072
1444	296.0999906
1445	296.0999906
1446	296.2000072
1447	296.2000072
1448	296.299994
1449	296.299994
1450	296.600014
1451	296.4000106
1452	296.4000106
1453	296.299994
1454	296.2000072
1455	296.0999906
1456	296.0000038
1457	296.0999906
1458	296.0000038
1459	296.0999906
1460	296.0999906
1461	296.0999906
1462	296.0999906
1463	296.0999906
1464	296.2000072
1465	296.0999906
1466	296.0999906
1467	296.0999906
1468	296.0999906
1469	296.0999906
1470	296.0999906
1471	296.2000072
1472	296.2000072
1473	296.299994
1474	296.2000072
1475	296.4000106
1476	296.2000072
1477	296.299994
1478	296.299994
1479	296.4000106
1480	296.0999906
1481	296.4000106
1482	296.299994
1483	296.2000072
1484	296.299994
1485	296.4000106
1486	296.2000072
1487	296.299994
1488	296.4000106
1489	296.2000072
1490	296.299994
1491	296.299994
1492	296.299994
1493	296.4000106
1494	296.0999906
1495	296.299994
1496	296.299994
1497	296.2000072
1498	296.299994
1499	296.2000072
1500	296.0999906
1501	296.4000106
1502	296.4000106
1503	296.4000106
1504	296.299994
1505	296.4000106
1506	296.299994
1507	296.4999974
1508	296.4000106
1509	296.299994
1510	296.4000106
1511	296.4999974
1512	296.2000072
1513	296.0999906
1514	296.0999906
1515	296.2000072
1516	296.2000072
1517	296.2000072
1518	296.2000072
1519	296.299994
1520	296.2000072
1521	296.299994
1522	296.299994
1523	296.4999974
1524	296.4999974
1525	296.4999974
1526	296.4000106
1527	296.0999906
1528	295.8999872
1529	295.8000004
1530	295.5000103
1531	295.3999937
1532	295.3000069
1533	295.3000069
1534	295.3999937
1535	295.8000004
1536	296.0000038
1537	296.299994
1538	296.9000041
1539	297.1999943
1540	297.6999879
1541	297.8000045
1542	298.5999882
1543	298.999995
1544	299.2999852
1545	299.6000051
1546	299.8999953
1547	300.3000021
1548	300.3000021
1549	300.5999923
1550	300.9000123
1551	301.2999892
1552	301.4999926
1553	301.6000092
1554	301.4999926
1555	301.699996
1556	301.699996
1557	301.699996
1558	301.699996
1559	301.8999994
1560	301.8999994
1561	302.1000028
1562	302.1999896
1563	302.3999929
1564	302.5000095
1565	302.3999929
1566	302.1999896
1567	302.3999929
1568	302.5000095
1569	302.3000062
1570	302.3999929
1571	302.3000062
1572	302.5000095
1573	302.1999896
1574	302.1999896
1575	302.3000062
1576	302.5000095
1577	302.5000095
1578	302.1999896
1579	302.3999929
1580	302.5000095
1581	302.5000095
1582	302.5000095
1583	302.5000095
1584	302.3999929
1585	302.3999929
1586	302.3000062
1587	302.3999929
1588	302.1999896
1589	302.1000028
1590	301.8999994
1591	301.8999994
1592	301.9999862
1593	302.1999896
1594	302.1999896
1595	302.3000062
1596	302.5000095
1597	302.5000095
1598	302.7999997
1599	302.7999997
1600	302.7999997
1601	302.5000095
1602	302.5999963
1603	302.5999963
1604	302.5999963
1605	302.5000095
1606	302.5000095
1607	302.5999963
1608	302.7000129
1609	303.0000031
1610	303.0000031
1611	303.0000031
1612	303.0999899
1613	303.0000031
1614	303.2000065
1615	302.8999865
1616	302.8999865
1617	302.7999997
1618	302.7999997
1619	302.8999865
1620	302.7999997
1621	302.7999997
1622	303.0999899
1623	302.7999997
1624	302.8999865
1625	302.7999997
1626	302.7999997
1627	302.7999997
1628	303.0000031
1629	303.0999899
1630	302.7999997
1631	302.7999997
1632	302.7999997
1633	303.0000031
1634	303.0999899
1635	303.0999899
1636	303.2000065
1637	303.4999967
1638	303.4999967
1639	303.4999967
1640	303.4999967
1641	303.6000133
1642	303.4999967
1643	303.4000099
1644	303.6000133
1645	303.4999967
1646	303.4000099
1647	303.2999933
1648	303.2999933
1649	303.2999933
1650	303.0999899
1651	303.2000065
1652	303.2000065
1653	303.2000065
1654	303.0000031
1655	302.8999865
1656	302.7999997
1657	303.0000031
1658	302.8999865
1659	303.0000031
1660	303.0999899
1661	303.2000065
1662	303.2000065
1663	303.2000065
1664	303.0000031
1665	302.8999865
1666	302.8999865
1667	302.7999997
1668	302.5999963
1669	302.3000062
1670	302.3999929
1671	302.1999896
1672	302.3999929
1673	302.5000095
1674	302.7999997
1675	302.7999997
1676	303.0999899
1677	303.2000065
1678	303.4999967
1679	303.2000065
1680	303.0999899
1681	302.8999865
1682	303.0999899
1683	302.8999865
1684	302.7999997
1685	302.7999997
1686	302.7999997
1687	302.8999865
1688	302.7999997
1689	302.7999997
1690	302.7999997
1691	302.7999997
1692	302.7999997
1693	302.8999865
1694	302.8999865
1695	303.0999899
1696	302.5999963
1697	302.7000129
1698	302.5999963
1699	301.6000092
1700	302.7999997
1701	302.7999997
1702	302.5999963
1703	302.8999865
1704	303.0999899
1705	303.2999933
1706	303.6000133
1707	303.7999868
1708	304.1999936
1709	304.3000102
1710	304.5000136
1711	304.8000038
1712	304.6999872
1713	304.8000038
1714	304.3000102
1715	302.7999997
1716	299.8999953
1717	298.0000079
1718	293.3999896
1719	288.500011
1720	283.8999927
1721	281.6999853
1722	277.7999938
1723	274.5999992
1724	272.3999918
1725	271.600008
1726	270.7999945
1727	270.5999911
1728	270.5999911
1729	270.9999979
1730	271.8000114
1731	272.8999853
1732	273.4999955
1733	275.000006
1734	276.1000097
1735	277.700007
1736	278.4000039
1737	279.700011
1738	280.9000015
1739	282.0000052
1740	282.400012
1741	283.4999859
1742	284.5000029
1743	285.4000032
1744	285.6000066
1745	286.7000103
1746	287.0999873
1747	287.6999974
1748	287.9999876
1749	288.7000144
1750	289.0999913
1751	289.0999913
1752	289.7000015
1753	290.3000116
1754	290.4999852
1755	290.6000018
1756	290.899992
1757	291.0000086
1758	291.3999856
1759	291.3999856
1760	291.7999923
1761	291.9000089
1762	292.2999859
1763	292.2999859
1764	292.4999893
1765	292.8000093
1766	292.899996
1767	292.899996
1768	293.1999862
1769	293.1999862
1770	293.3000028
1771	293.3000028
1772	293.3999896
1773	293.5000062
1774	293.5000062
1775	293.7999964
1776	293.7999964
1777	293.7999964
1778	293.900013
1779	293.7999964
1780	293.900013
1781	294.0999866
1782	293.900013
1783	294.0999866
1784	294.2000031
1785	294.0999866
1786	294.2000031
1787	294.2999899
1788	294.4000065
1789	294.4999933
1790	294.4999933
1791	294.6999967
1792	294.4999933
1793	294.6000099
1794	294.6000099
1795	294.6999967
1796	294.6000099
1797	294.6999967
1798	294.6999967
1799	294.8000133
1800	294.6999967
1801	294.8000133
1802	294.6999967
1803	294.6999967
1804	294.9999869
1805	294.9000001
1806	295.1000035
1807	294.8000133
1808	294.8000133
1809	294.9000001
1810	295.1000035
1811	294.9000001
1812	295.1000035
1813	295.1000035
1814	294.9999869
1815	295.1999903
1816	295.1000035
1817	295.1000035
1818	295.1000035
1819	295.3999937
1820	295.1999903
1821	295.1000035
1822	295.1000035
1823	295.1999903
1824	295.3000069
1825	295.1000035
1826	295.3000069
1827	295.1000035
1828	295.3000069
1829	295.1000035
1830	295.1000035
1831	295.1999903
1832	295.1999903
1833	295.3999937
1834	295.1000035
1835	295.3999937
1836	295.3999937
1837	295.3999937
1838	295.3999937
1839	295.3999937
1840	295.3000069
1841	295.3999937
1842	295.3000069
1843	295.1999903
1844	295.3999937
1845	295.3000069
1846	295.1000035
1847	295.3000069
1848	295.3000069
1849	295.3999937
1850	295.3999937
1851	295.3000069
1852	295.599997
1853	295.5000103
1854	295.3999937
1855	295.3999937
1856	295.5000103
1857	295.5000103
1858	295.5000103
1859	295.5000103
1860	295.5000103
1861	295.3999937
1862	295.599997
1863	295.5000103
1864	295.3999937
1865	295.1999903
1866	295.3999937
1867	295.3999937
1868	295.3999937
1869	295.599997
1870	295.5000103
1871	295.5000103
1872	295.3999937
1873	295.3999937
1874	295.3999937
1875	295.3000069
1876	295.3000069
1877	295.1000035
1878	295.1999903
1879	295.3999937
1880	295.5000103
1881	295.599997
1882	295.599997
1883	295.599997
1884	295.7000136
1885	295.3999937
1886	295.7000136
1887	295.599997
1888	295.8000004
1889	295.8000004
1890	295.8000004
1891	295.8000004
1892	295.8999872
1893	295.7000136
1894	295.8000004
1895	295.599997
1896	295.599997
1897	295.5000103
1898	295.7000136
1899	295.3999937
1900	295.7000136
1901	295.7000136
1902	295.8000004
1903	295.7000136
1904	295.7000136
1905	295.7000136
1906	295.599997
1907	295.7000136
1908	295.8000004
1909	295.8000004
1910	295.8000004
1911	295.8999872
1912	295.8000004
1913	295.7000136
1914	295.5000103
1915	295.5000103
1916	295.7000136
1917	295.3999937
1918	295.5000103
1919	295.7000136
1920	295.5000103
1921	295.599997
1922	295.599997
1923	295.599997
1924	295.7000136
1925	295.8999872
1926	295.8000004
1927	295.7000136
1928	295.5000103
1929	295.7000136
1930	295.7000136
1931	295.8000004
1932	295.7000136
1933	295.5000103
1934	295.5000103
1935	295.599997
1936	295.599997
1937	295.3999937
1938	295.599997
1939	295.5000103
1940	295.3000069
1941	295.3999937
1942	295.599997
1943	295.599997
1944	295.7000136
1945	295.7000136
1946	295.7000136
1947	295.599997
1948	295.7000136
1949	295.599997
1950	295.599997
1951	295.599997
1952	295.599997
1953	295.5000103
1954	295.7000136
1955	295.7000136
1956	295.599997
1957	295.8000004
1958	295.8000004
1959	295.8000004
1960	295.7000136
1961	295.7000136
1962	295.599997
1963	295.599997
1964	295.3999937
1965	295.3999937
1966	295.3000069
1967	295.599997
1968	295.3999937
1969	295.5000103
1970	295.7000136
1971	295.599997
1972	295.3999937
1973	295.599997
1974	295.5000103
1975	295.8000004
1976	295.5000103
1977	295.5000103
1978	295.599997
1979	295.5000103
1980	295.5000103
1981	295.3999937
1982	295.599997
1983	295.3999937
1984	295.3999937
1985	295.3999937
1986	295.3999937
1987	295.1999903
1988	295.5000103
1989	295.5000103
1990	295.5000103
1991	295.7000136
1992	295.599997
1993	295.599997
1994	295.7000136
1995	295.3999937
1996	295.3999937
1997	295.599997
1998	295.7000136
1999	295.5000103
2000	295.1999903
2001	295.1000035
2002	294.6999967
2003	294.4999933
2004	294.6000099
2005	294.2000031
2006	293.9999998
2007	293.900013
2008	294.0999866
2009	294.4999933
2010	295.1000035
2011	295.5000103
2012	295.8000004
2013	296.600014
2014	296.7999876
2015	297.3999977
2016	297.6999879
2017	298.299998
2018	298.5999882
2019	298.999995
2020	298.999995
2021	299.4000018
2022	299.6000051
2023	299.8000085
2024	299.8999953
2025	300.1999855
2026	300.5999923
2027	300.7000089
2028	300.7999957
2029	301.2000024
2030	301.4000058
2031	301.4000058
2032	301.4999926
2033	301.699996
2034	301.699996
2035	301.8999994
2036	301.699996
2037	301.6000092
2038	301.699996
2039	301.699996
2040	301.8999994
2041	301.8999994
2042	301.8999994
2043	301.9999862
2044	301.8999994
2045	301.8999994
2046	301.9999862
2047	302.1999896
2048	301.8999994
2049	301.8999994
2050	301.8000126
2051	301.8000126
2052	301.699996
2053	301.8000126
2054	301.8999994
2055	301.8000126
2056	301.8999994
2057	301.8999994
2058	302.1999896
2059	302.1000028
2060	302.1999896
2061	302.1000028
2062	302.1999896
2063	302.1999896
2064	302.1999896
2065	301.9999862
2066	301.9999862
2067	301.9999862
2068	301.9999862
2069	301.8999994
2070	301.8999994
2071	302.1000028
2072	301.8999994
2073	301.8999994
2074	302.1999896
2075	301.9999862
2076	301.9999862
2077	302.1000028
2078	302.1999896
2079	302.5000095
2080	302.5000095
2081	302.3000062
2082	302.3000062
2083	302.3000062
2084	302.3999929
2085	302.1999896
2086	302.5000095
2087	302.5000095
2088	302.5000095
2089	302.7000129
2090	302.5000095
2091	302.5000095
2092	302.3999929
2093	302.5000095
2094	302.1999896
2095	301.8999994
2096	301.8999994
2097	301.9999862
2098	302.1000028
2099	302.1000028
2100	302.1000028
2101	302.1999896
2102	302.3999929
2103	302.3000062
2104	302.1999896
2105	301.8999994
2106	301.8999994
2107	301.8999994
2108	301.8999994
2109	302.1000028
2110	302.1999896
2111	302.1999896
2112	302.1999896
2113	302.3000062
2114	302.1999896
2115	302.1999896
2116	302.3999929
2117	302.1999896
2118	302.5000095
2119	302.3999929
2120	302.5000095
2121	302.5000095
2122	302.7000129
2123	302.7000129
2124	302.5000095
2125	302.3000062
2126	302.3999929
2127	302.3000062
2128	302.5999963
2129	302.7000129
2130	302.5999963
2131	302.7999997
2132	302.7000129
2133	302.5999963
2134	302.7999997
2135	302.7999997
2136	303.0000031
2137	302.8999865
2138	303.0000031
2139	302.8999865
2140	302.7999997
2141	302.7999997
2142	302.8999865
2143	302.7999997
2144	302.5000095
2145	302.1999896
2146	302.1999896
2147	302.1999896
2148	302.3000062
2149	302.3000062
2150	302.3000062
2151	302.3000062
2152	302.3999929
2153	302.5000095
2154	302.3999929
2155	302.5999963
2156	302.5000095
2157	302.3999929
2158	302.7000129
2159	302.5000095
2160	302.5000095
2161	302.3999929
2162	302.3000062
2163	302.3000062
2164	302.1999896
2165	302.1999896
2166	302.1000028
2167	301.8999994
2168	301.8999994
2169	301.8999994
2170	301.9999862
2171	302.1999896
2172	302.1999896
2173	301.9999862
2174	302.1000028
2175	301.8999994
2176	302.1999896
2177	302.1999896
2178	302.3999929
2179	302.7000129
2180	303.0000031
2181	303.2000065
2182	303.4999967
2183	303.7999868
2184	303.9000034
2185	303.7999868
2186	303.9999902
2187	303.7999868
2188	303.4999967
2189	301.8000126
2190	298.4000146
2191	293.900013
2192	291.200012
2193	286.1000001
2194	281.3999951
2195	277.2000134
2196	274.8999894
2197	272.300005
2198	270.0000107
2199	268.900007
2200	268.7000036
2201	268.900007
2202	269.4000006
2203	270.2000141
2204	270.5999911
2205	271.8999982
2206	272.7999985
2207	274.1000056
2208	274.8000026
2209	275.9000063
2210	277.2000134
2211	277.9999971
2212	279.3000042
2213	280.400008
2214	281.5000117
2215	282.099992
2216	282.9000056
2217	283.6999893
2218	284.5999897
2219	285.100013
2220	285.6999934
2221	286.3999903
2222	287.0000005
2223	287.2000039
2224	287.6999974
2225	287.9999876
2226	288.7000144
2227	288.7000144
2228	289.2000079
2229	289.6000147
2230	289.7000015
2231	289.9999917
2232	290.1000082
2233	290.3999984
2234	290.4999852
2235	290.8000052
2236	290.899992
2237	291.0999954
2238	291.2999988
2239	291.3999856
2240	291.7999923
2241	291.7000055
2242	291.9000089
2243	292.1000123
2244	292.1999991
2245	292.2999859
2246	292.4000025
2247	292.6999927
2248	292.4999893
2249	292.899996
2250	292.899996
2251	293.0000126
2252	293.0999994
2253	293.0999994
2254	293.1999862
2255	293.1999862
2256	293.5000062
2257	293.3999896
2258	293.599993
2259	293.3000028
2260	293.3999896
2261	293.3999896
2262	293.5000062
2263	293.5000062
2264	293.5000062
2265	293.7000096
2266	293.7999964
2267	293.900013
2268	293.7999964
2269	293.7999964
2270	293.7999964
2271	293.7999964
2272	293.7999964
2273	293.7999964
2274	293.7999964
2275	293.7999964
2276	293.7999964
2277	293.7000096
2278	293.7000096
2279	293.7000096
2280	293.7999964
2281	293.7999964
2282	293.7999964
2283	293.9999998
2284	293.9999998
2285	293.9999998
2286	294.0999866
2287	293.9999998
2288	293.9999998
2289	294.0999866
2290	294.2000031
2291	294.2000031
2292	294.4000065
2293	294.4000065
2294	294.4000065
2295	294.4999933
2296	294.4999933
2297	294.2999899
2298	294.4000065
2299	294.4000065
2300	294.4999933
2301	294.4000065
2302	294.2000031
2303	294.2000031
2304	294.2999899
2305	294.4999933
2306	294.2000031
2307	294.4000065
2308	294.4000065
2309	294.4000065
2310	294.4999933
2311	294.2999899
2312	294.2999899
2313	294.4000065
2314	294.0999866
2315	294.2000031
2316	294.2000031
2317	294.4000065
2318	294.4000065
2319	294.2999899
2320	294.4999933
2321	294.4000065
2322	294.4000065
2323	294.2999899
2324	294.4000065
2325	294.4999933
2326	294.4999933
2327	294.4999933
2328	294.6999967
2329	294.6999967
2330	294.8000133
2331	294.6000099
2332	294.8000133
2333	294.8000133
2334	294.8000133
2335	294.8000133
2336	294.8000133
2337	294.6999967
2338	294.8000133
2339	294.8000133
2340	294.6000099
2341	294.6999967
2342	294.8000133
2343	294.6000099
2344	294.6000099
2345	294.4999933
2346	294.6999967
2347	294.4999933
2348	294.6999967
2349	294.6000099
2350	294.4999933
2351	294.4999933
2352	294.4999933
2353	294.6000099
2354	294.4999933
2355	294.6000099
2356	294.6000099
2357	294.6999967
2358	294.6000099
2359	294.8000133
2360	294.8000133
2361	294.6999967
2362	294.8000133
2363	294.8000133
2364	294.6000099
2365	294.6000099
2366	294.4999933
2367	294.2999899
2368	294.2999899
2369	294.2000031
2370	294.4000065
2371	294.9999869
2372	294.2999899
2373	294.2999899
2374	294.4000065
2375	294.4000065
2376	294.2000031
2377	294.2999899
2378	294.2000031
2379	294.2999899
2380	294.2999899
2381	294.2999899
2382	294.2000031
2383	294.4000065
2384	294.2999899
2385	294.4999933
2386	294.6000099
2387	294.6999967
2388	294.6000099
2389	294.6999967
2390	294.6000099
2391	294.6000099
2392	294.6999967
2393	294.4999933
2394	294.6000099
2395	294.2999899
2396	294.4999933
2397	294.4999933
2398	294.6999967
2399	294.8000133
2400	294.6999967
2401	294.6000099
2402	294.8000133
2403	294.8000133
2404	294.8000133
2405	294.4999933
2406	294.6000099
2407	294.6999967
2408	294.6000099
2409	294.8000133
2410	294.8000133
2411	294.6999967
2412	294.6999967
2413	294.8000133
2414	294.8000133
2415	294.8000133
2416	294.6000099
2417	294.6999967
2418	294.6000099
2419	294.8000133
2420	294.6000099
2421	294.6999967
2422	294.4999933
2423	294.4000065
2424	294.2999899
2425	294.0999866
2426	294.2000031
2427	294.2999899
2428	294.2999899
2429	294.2000031
2430	294.4000065
2431	294.4999933
2432	294.6000099
2433	294.9000001
2434	294.8000133
2435	294.9999869
2436	294.8000133
2437	294.6999967
2438	294.8000133
2439	294.8000133
2440	294.6000099
2441	294.6999967
2442	294.6000099
2443	294.6999967
2444	294.4999933
2445	294.4999933
2446	294.4999933
2447	294.4999933
2448	294.6000099
2449	294.6000099
2450	294.8000133
2451	294.8000133
2452	294.8000133
2453	294.8000133
2454	294.8000133
2455	294.8000133
2456	294.6999967
2457	294.8000133
2458	294.6000099
2459	294.8000133
2460	294.8000133
2461	294.9999869
2462	294.6000099
2463	294.8000133
2464	294.8000133
2465	294.8000133
2466	294.6000099
2467	294.6999967
2468	294.4999933
2469	294.4999933
2470	294.4999933
2471	294.4999933
2472	294.6000099
2473	294.4000065
2474	294.0999866
2475	293.7999964
2476	293.7000096
2477	293.5000062
2478	293.1999862
2479	293.1999862
2480	293.1999862
2481	293.3999896
2482	293.7999964
2483	294.2999899
2484	294.4999933
2485	295.1000035
2486	295.7000136
2487	296.0000038
2488	296.4000106
2489	296.9000041
2490	297.3999977
2491	297.6000011
2492	298.0000079
2493	298.2000113
2494	298.5999882
2495	298.7000048
2496	298.999995
2497	299.1999984
2498	299.6000051
2499	299.6999919
2500	299.8999953
2501	300.0999987
2502	300.0999987
2503	300.0000119
2504	300.1999855
2505	300.1999855
2506	300.5000055
2507	300.5999923
2508	300.5999923
2509	300.5999923
2510	300.7999957
2511	300.7000089
2512	300.9000123
2513	300.9000123
2514	301.2000024
2515	301.0999858
2516	301.2000024
2517	301.2000024
2518	301.4000058
2519	301.6000092
2520	301.699996
2521	301.699996
2522	301.699996
2523	301.8000126
2524	301.8000126
2525	301.699996
2526	301.4999926
2527	301.4999926
2528	301.2999892
2529	301.6000092
2530	301.4999926
2531	301.4999926
2532	301.4999926
2533	301.4000058
2534	301.4999926
2535	301.4000058
2536	301.4000058
2537	301.4999926
2538	301.4999926
2539	301.4999926
2540	301.4999926
2541	301.4000058
2542	301.2999892
2543	301.2999892
2544	301.2999892
2545	301.4000058
2546	301.4999926
2547	301.4999926
2548	301.4000058
2549	301.4999926
2550	301.6000092
2551	301.8000126
2552	301.6000092
2553	301.6000092
2554	301.4999926
2555	301.6000092
2556	301.4999926
2557	301.4000058
2558	301.4999926
2559	301.4999926
2560	301.699996
2561	301.699996
2562	301.6000092
2563	301.6000092
2564	301.4999926
2565	301.6000092
2566	301.699996
2567	301.699996
2568	301.6000092
2569	301.699996
2570	301.699996
2571	301.699996
2572	301.699996
2573	301.6000092
2574	301.4999926
2575	301.2000024
2576	301.2000024
2577	301.2000024
2578	301.2999892
2579	301.2999892
2580	301.4000058
2581	301.2999892
2582	301.4999926
2583	301.2999892
2584	301.699996
2585	301.4999926
2586	301.2000024
2587	301.2000024
2588	301.4000058
2589	301.4999926
2590	301.6000092
2591	301.699996
2592	301.6000092
2593	301.4999926
2594	301.699996
2595	301.4999926
2596	301.4999926
2597	301.4999926
2598	301.4999926
2599	301.4999926
2600	301.4999926
2601	301.8999994
2602	301.8999994
2603	301.8999994
2604	301.699996
2605	301.6000092
2606	301.4999926
2607	301.4000058
2608	301.2000024
2609	301.4999926
2610	301.2999892
2611	301.6000092
2612	301.4000058
2613	301.4999926
2614	301.4999926
2615	301.4000058
2616	301.4000058
2617	301.6000092
2618	301.699996
2619	301.9999862
2620	302.1000028
2621	301.9999862
2622	302.1999896
2623	301.9999862
2624	302.1999896
2625	301.9999862
2626	301.8999994
2627	301.8000126
2628	301.699996
2629	301.6000092
2630	301.4999926
2631	301.4999926
2632	301.6000092
2633	301.4999926
2634	301.6000092
2635	301.4999926
2636	301.6000092
2637	301.699996
2638	301.6000092
2639	301.699996
2640	301.4999926
2641	301.8999994
2642	301.699996
2643	301.8000126
2644	301.6000092
2645	301.699996
2646	301.6000092
2647	301.4999926
2648	301.2999892
2649	301.0999858
2650	301.4000058
2651	301.699996
2652	301.8999994
2653	302.5000095
2654	302.7999997
2655	302.8999865
2656	303.0000031
2657	303.2000065
2658	303.2999933
2659	303.2000065
2660	303.2999933
2661	302.7999997
2662	301.4000058
2663	298.7999916
2664	296.9999909
2665	292.899996
2666	287.9999876
2667	283.3000124
2668	280.9999883
2669	277.0999968
2670	273.4000087
2671	272.1999884
2672	270.3000009
2673	269.1999972
2674	268.9999938
2675	269.1000104
2676	269.6999907
2677	270.5999911
2678	271.600008
2679	272.1999884
2680	273.4999955
2681	274.8999894
2682	276.1000097
2683	276.69999
2684	277.7999938
2685	278.8999975
2686	280.099988
2687	280.6000113
2688	281.3000083
2689	282.2000086
2690	282.9000056
2691	283.1999958
2692	283.8000059
2693	284.7000062
2694	284.799993
2695	285.4000032
2696	285.80001
2697	286.3000035
2698	286.5000069
2699	286.7999971
2700	287.0999873
2701	287.499994
2702	287.499994
2703	287.800014
2704	287.9999876
2705	288.500011
2706	288.5999978
2707	288.8000011
2708	289.0000045
2709	289.2000079
2710	289.2999947
2711	289.2999947
2712	289.7999883
2713	289.9999917
2714	289.9999917
2715	290.1000082
2716	289.9999917
2717	290.3000116
2718	290.3000116
2719	290.3999984
2720	290.6000018
2721	290.8000052
2722	290.899992
2723	291.0000086
2724	291.200012
2725	291.200012
2726	291.5999889
2727	291.5000021
2728	291.7999923
2729	291.3999856
2730	291.5999889
2731	291.5999889
2732	291.5999889
2733	291.5999889
2734	291.7000055
2735	291.9000089
2736	292.1000123
2737	292.1000123
2738	291.9999957
2739	291.9000089
2740	292.1999991
2741	292.1000123
2742	292.1999991
2743	292.1000123
2744	292.1999991
2745	292.1999991
2746	292.1999991
2747	292.1000123
2748	291.9999957
2749	292.1999991
2750	292.1999991
2751	292.1999991
2752	292.1999991
2753	292.2999859
2754	292.1000123
2755	292.1000123
2756	292.1999991
2757	292.1999991
2758	292.1999991
2759	292.2999859
2760	292.1999991
2761	292.1000123
2762	292.1000123
2763	292.1999991
2764	292.1999991
2765	292.2999859
2766	292.4999893
2767	292.1000123
2768	291.0000086
2769	290.3000116
2770	290.199995
2771	290.3000116
2772	290.8000052
2773	291.200012
2774	291.7000055
2775	291.7000055
2776	291.9999957
2777	292.4000025
2778	292.4000025
2779	292.4000025
2780	292.2999859
2781	292.4999893
2782	292.4000025
2783	292.4000025
2784	292.2999859
2785	292.1999991
2786	292.1999991
2787	291.9999957
2788	291.9000089
2789	291.9000089
2790	292.1000123
2791	292.1000123
2792	292.1000123
2793	291.9000089
2794	291.9000089
2795	291.9000089
2796	292.1999991
2797	292.1999991
2798	291.9999957
2799	292.1000123
2800	292.4000025
2801	291.9999957
2802	292.1000123
2803	292.2999859
2804	291.9000089
2805	292.1000123
2806	291.9000089
2807	291.9000089
2808	291.9000089
2809	291.7000055
2810	291.7999923
2811	291.5999889
2812	291.5999889
2813	291.5000021
2814	291.3999856
2815	291.3999856
2816	291.200012
2817	291.200012
2818	291.0999954
2819	290.899992
2820	290.899992
2821	290.899992
2822	290.6999886
2823	290.8000052
2824	290.6000018
2825	290.6000018
2826	290.6000018
2827	290.6000018
2828	290.6999886
2829	290.6999886
2830	290.6000018
2831	290.6000018
2832	290.6000018
2833	290.6000018
2834	290.6000018
2835	290.899992
2836	290.8000052
2837	290.6999886
2838	290.6000018
2839	290.8000052
2840	290.6000018
2841	290.899992
2842	291.0000086
2843	290.8000052
2844	290.899992
2845	290.899992
2846	290.8000052
2847	290.899992
2848	290.899992
2849	291.0000086
2850	290.899992
2851	291.0999954
2852	291.5000021
2853	291.200012
2854	291.0999954
2855	291.200012
2856	291.200012
2857	291.200012
2858	291.2999988
2859	291.2999988
2860	291.3999856
2861	291.0999954
2862	291.0999954
2863	291.200012
2864	291.2999988
2865	291.0999954
2866	291.2999988
2867	291.3999856
2868	291.2999988
2869	291.3999856
2870	291.0999954
2871	291.2999988
2872	291.3999856
2873	291.5999889
2874	291.200012
2875	291.3999856
2876	291.200012
2877	291.3999856
2878	291.3999856
2879	291.2999988
2880	291.2999988
2881	291.3999856
2882	291.200012
2883	291.200012
2884	291.0999954
2885	291.2999988
2886	291.2999988
2887	291.3999856
2888	291.2999988
2889	291.200012
2890	291.200012
2891	291.5000021
2892	291.200012
2893	291.5999889
2894	291.5000021
2895	291.5999889
2896	291.5999889
2897	291.5999889
2898	291.5999889
2899	291.5999889
2900	291.9000089
2901	291.7000055
2902	291.7999923
2903	291.7999923
2904	291.7000055
2905	291.5999889
2906	291.7999923
2907	291.5999889
2908	291.5000021
2909	291.5999889
2910	291.5000021
2911	291.3999856
2912	291.5999889
2913	291.200012
2914	291.5000021
2915	291.7000055
2916	291.7999923
2917	291.7999923
2918	291.5999889
2919	291.7000055
2920	291.5999889
2921	291.5000021
2922	291.7000055
2923	291.7000055
2924	291.5000021
2925	291.5999889
2926	291.5999889
2927	291.7999923
2928	291.7999923
2929	291.7999923
2930	291.7999923
2931	291.7000055
2932	291.9000089
2933	291.9000089
2934	291.9999957
2935	292.1000123
2936	292.1000123
2937	292.1000123
2938	292.1999991
2939	292.1000123
2940	291.9999957
2941	292.1999991
2942	291.9999957
2943	292.1999991
2944	292.1000123
2945	292.1000123
2946	292.1000123
2947	291.9999957
2948	291.9000089
2949	291.7999923
2950	291.7000055
2951	291.3999856
2952	291.200012
2953	291.0000086
2954	290.899992
2955	291.200012
2956	291.5000021
2957	291.9000089
2958	292.4000025
2959	292.6000059
2960	293.3000028
2961	294.2000031
2962	295.3000069
2963	295.7000136
2964	296.2000072
2965	296.9000041
2966	297.3999977
2967	297.5000143
2968	298.2000113
2969	298.5999882
2970	298.999995
2971	299.2999852
2972	299.4999886
2973	299.8999953
2974	300.1999855
2975	300.3000021
2976	300.5000055
2977	300.7000089
2978	300.7999957
2979	300.999999
2980	301.2000024
2981	301.2000024
2982	301.4999926
2983	301.4000058
2984	301.4999926
2985	301.4999926
2986	301.4999926
2987	301.2999892
2988	301.2999892
2989	301.4000058
2990	301.4000058
2991	301.4999926
2992	301.6000092
2993	301.4000058
2994	301.4000058
2995	301.4999926
2996	301.2000024
2997	301.0999858
2998	301.2000024
2999	301.2000024
3000	301.4000058
3001	301.4999926
3002	301.4000058
3003	301.4000058
3004	301.2999892
3005	301.4999926
3006	301.4000058
3007	301.4999926
3008	301.6000092
3009	301.6000092
3010	301.699996
3011	301.8999994
3012	301.8999994
3013	301.8999994
3014	301.8999994
3015	301.8999994
3016	301.9999862
3017	301.8999994
3018	301.8999994
3019	301.9999862
3020	301.8999994
3021	301.9999862
3022	300.3000021
3023	301.9999862
3024	302.3000062
3025	302.1000028
3026	302.1999896
3027	301.9999862
3028	302.1999896
3029	302.1999896
3030	302.1999896
3031	302.3000062
3032	302.1999896
3033	302.3000062
3034	302.1000028
3035	301.9999862
3036	302.1000028
3037	302.1999896
3038	302.1999896
3039	302.3999929
3040	302.3000062
3041	302.1999896
3042	302.3999929
3043	302.1999896
3044	302.1999896
3045	301.9999862
3046	301.9999862
3047	302.1000028
3048	302.1999896
3049	302.1000028
3050	302.1999896
3051	302.1000028
3052	301.8999994
3053	302.1999896
3054	302.1000028
3055	302.1000028
3056	302.3999929
3057	302.1000028
3058	302.3000062
3059	302.1999896
3060	302.3999929
3061	302.3000062
3062	302.3000062
3063	301.9999862
3064	302.1000028
3065	301.8999994
3066	301.699996
3067	301.8000126
3068	301.2999892
3069	301.4999926
3070	301.4999926
3071	301.6000092
3072	301.4000058
3073	301.2999892
3074	301.2000024
3075	301.4999926
3076	301.4999926
3077	301.4999926
3078	301.4000058
3079	301.2000024
3080	301.2999892
3081	301.6000092
3082	301.4999926
3083	301.4000058
3084	301.4000058
3085	301.2000024
3086	301.2000024
3087	301.0999858
3088	301.0999858
3089	300.7999957
3090	300.7000089
3091	300.7999957
3092	300.7999957
3093	300.5999923
3094	300.999999
3095	300.9000123
3096	300.7999957
3097	300.7999957
3098	300.5999923
3099	300.5999923
3100	300.7999957
3101	300.7999957
3102	300.9000123
3103	300.9000123
3104	301.0999858
3105	301.2999892
3106	301.0999858
3107	301.2000024
3108	301.0999858
3109	300.9000123
3110	300.9000123
3111	301.2000024
3112	301.2000024
3113	301.2000024
3114	300.9000123
3115	300.999999
3116	300.9000123
3117	301.2000024
3118	301.2999892
3119	301.6000092
3120	301.4999926
3121	301.6000092
3122	301.2999892
3123	301.4999926
3124	301.8000126
3125	301.8999994
3126	302.3999929
3127	302.5999963
3128	302.7000129
3129	302.5999963
3130	302.8999865
3131	302.7000129
3132	302.7999997
3133	302.5999963
3134	301.6000092
3135	300.9000123
3136	298.5999882
3137	295.3000069
3138	291.200012
3139	288.5999978
3140	284.0999961
3141	279.5000076
3142	275.4000127
3143	273.4999955
3144	270.5999911
3145	268.7000036
3146	267.3999965
3147	267.3000097
3148	266.9999897
3149	267.3999965
3150	268.2000101
3151	268.7000036
3152	270.0000107
3153	271.4000046
3154	272.1999884
3155	273.6000121
3156	274.8999894
3157	276.3000131
3158	276.8000066
3159	277.5999904
3160	278.4999907
3161	279.5999944
3162	279.9000144
3163	280.6000113
3164	281.5000117
3165	282.2000086
3166	282.4999988
3167	283.1999958
3168	283.8000059
3169	284.3999863
3170	284.7000062
3171	285.100013
3172	285.6000066
3173	286.1000001
3174	286.1999869
3175	286.3999903
3176	286.5999937
3177	287.0999873
3178	287.0999873
3179	287.2000039
3180	287.6999974
3181	287.9000008
3182	288.1000042
3183	288.3000076
3184	288.3000076
3185	288.7000144
3186	289.0000045
3187	288.8000011
3188	289.2000079
3189	289.0000045
3190	289.2000079
3191	289.2999947
3192	289.4999981
3193	289.6000147
3194	289.4999981
3195	289.7999883
3196	289.7000015
3197	289.7999883
3198	289.9999917
3199	290.1000082
3200	289.9999917
3201	290.1000082
3202	290.199995
3203	290.3000116
3204	290.3000116
3205	290.3999984
3206	290.6000018
3207	290.6000018
3208	290.899992
3209	291.0000086
3210	291.0000086
3211	291.200012
3212	291.200012
3213	291.200012
3214	291.2999988
3215	291.2999988
3216	291.2999988
3217	291.200012
3218	291.2999988
3219	291.3999856
3220	291.5000021
3221	291.2999988
3222	291.2999988
3223	291.5999889
3224	291.5999889
3225	291.9000089
3226	291.9000089
3227	291.9000089
3228	291.5999889
3229	291.7000055
3230	291.9000089
3231	291.9999957
3232	291.9000089
3233	292.1999991
3234	292.1999991
3235	292.1999991
3236	292.1999991
3237	292.4000025
3238	292.1999991
3239	292.1999991
3240	292.4000025
3241	292.1999991
3242	292.4999893
3243	292.1999991
3244	292.4000025
3245	292.2999859
3246	292.4999893
3247	292.4000025
3248	292.4000025
3249	292.2999859
3250	292.2999859
3251	292.4000025
3252	292.4999893
3253	292.6000059
3254	292.4000025
3255	292.4999893
3256	292.4999893
3257	292.4999893
3258	292.2999859
3259	292.4000025
3260	292.4000025
3261	292.4999893
3262	292.4999893
3263	292.4999893
3264	292.4000025
3265	292.4999893
3266	292.4000025
3267	292.4000025
3268	292.4999893
3269	292.2999859
3270	292.4999893
3271	292.2999859
3272	292.4999893
3273	292.4999893
3274	292.1999991
3275	292.6000059
3276	292.4999893
3277	292.6000059
3278	292.6999927
3279	292.899996
3280	292.899996
3281	293.0999994
3282	292.899996
3283	293.0000126
3284	293.0999994
3285	292.899996
3286	292.8000093
3287	292.8000093
3288	292.899996
3289	293.0000126
3290	292.8000093
3291	292.899996
3292	293.1999862
3293	293.1999862
3294	293.0000126
3295	292.899996
3296	293.0999994
3297	292.899996
3298	293.0000126
3299	293.0000126
3300	293.0000126
3301	293.0999994
3302	293.0000126
3303	293.0999994
3304	293.0000126
3305	293.0999994
3306	293.0999994
3307	293.0999994
3308	293.0000126
3309	293.0000126
3310	292.8000093
3311	292.6000059
3312	292.6000059
3313	292.8000093
3314	292.899996
3315	292.8000093
3316	292.899996
3317	292.6999927
3318	292.4999893
3319	292.6999927
3320	292.899996
3321	292.899996
3322	292.899996
3323	292.899996
3324	292.899996
3325	293.0999994
3326	293.1999862
3327	293.0000126
3328	293.1999862
3329	293.1999862
3330	293.5000062
3331	293.1999862
3332	293.1999862
3333	293.5000062
3334	293.3000028
3335	293.0999994
3336	293.5000062
3337	293.0999994
3338	293.3000028
3339	293.1999862
3340	293.1999862
3341	293.0999994
3342	292.899996
3343	292.899996
3344	292.899996
3345	292.899996
3346	292.899996
3347	292.899996
3348	292.899996
3349	293.0000126
3350	292.899996
3351	293.0000126
3352	293.0000126
3353	293.1999862
3354	293.3000028
3355	293.1999862
3356	293.1999862
3357	293.0999994
3358	293.3999896
3359	293.0000126
3360	293.3000028
3361	293.1999862
3362	293.1999862
3363	293.1999862
3364	293.5000062
3365	293.3999896
3366	293.1999862
3367	293.3999896
3368	293.1999862
3369	293.3999896
3370	293.3000028
3371	293.3999896
3372	293.3999896
3373	293.3999896
3374	293.5000062
3375	293.599993
3376	293.5000062
3377	293.7000096
3378	293.599993
3379	293.599993
3380	293.7999964
3381	293.599993
3382	293.599993
3383	293.5000062
3384	293.5000062
3385	293.5000062
3386	293.599993
3387	293.599993
3388	293.5000062
3389	293.7000096
3390	293.7999964
3391	293.599993
3392	293.5000062
3393	293.7000096
3394	293.5000062
3395	293.3000028
3396	293.5000062
3397	293.7000096
3398	293.7000096
3399	293.900013
3400	293.7999964
3401	293.599993
3402	293.7999964
3403	293.7999964
3404	293.7999964
3405	293.7999964
3406	293.7999964
3407	293.9999998
3408	293.7999964
3409	293.7999964
3410	293.7999964
3411	293.7000096
3412	293.5000062
3413	293.7000096
3414	293.7999964
3415	293.599993
3416	293.900013
3417	293.7999964
3418	293.7999964
3419	293.7999964
3420	293.5000062
3421	293.3999896
3422	293.0999994
3423	293.1999862
3424	292.899996
3425	292.6999927
3426	292.899996
3427	292.6999927
3428	292.899996
3429	293.3000028
3430	293.1999862
3431	293.7000096
3432	293.9999998
3433	294.4999933
3434	294.8000133
3435	295.3000069
3436	295.599997
3437	295.8000004
3438	296.2000072
3439	296.4000106
3440	296.600014
3441	296.9999909
3442	297.1999943
3443	297.3999977
3444	297.6000011
3445	297.8000045
3446	298.0999947
3447	298.4000146
3448	298.5999882
3449	298.5999882
3450	298.5999882
3451	298.5999882
3452	298.9000082
3453	298.7999916
3454	299.1000116
3455	299.4999886
3456	299.6000051
3457	299.6999919
3458	299.8999953
3459	299.8999953
3460	299.8999953
3461	300.1999855
3462	299.8999953
3463	300.1999855
3464	300.3000021
3465	300.0000119
3466	300.3000021
3467	300.0000119
3468	300.3000021
3469	300.3000021
3470	300.0000119
3471	300.0999987
3472	300.1999855
3473	300.3000021
3474	300.3000021
3475	300.3000021
3476	300.3999889
3477	300.3999889
3478	300.3999889
3479	300.1999855
3480	300.3000021
3481	300.3000021
3482	300.1999855
3483	300.0999987
3484	300.3000021
3485	300.1999855
3486	300.5000055
3487	300.7999957
3488	300.999999
3489	300.7000089
3490	300.7000089
3491	300.7999957
3492	300.7000089
3493	300.7999957
3494	300.9000123
3495	300.7999957
3496	300.7999957
3497	300.9000123
3498	300.7999957
3499	300.5999923
3500	300.7000089
3501	300.7999957
3502	300.7999957
3503	300.5999923
3504	300.5000055
3505	300.1999855
3506	300.5000055
3507	300.5999923
3508	300.5000055
3509	300.3999889
3510	300.5000055
3511	300.5000055
3512	300.3999889
3513	300.3000021
3514	300.3000021
3515	300.3000021
3516	300.5000055
3517	300.3999889
3518	300.3999889
3519	300.1999855
3520	300.3999889
3521	300.3999889
3522	300.5000055
3523	300.5000055
3524	300.5999923
3525	300.7999957
3526	300.5999923
3527	300.7000089
3528	300.5999923
3529	300.7999957
3530	301.0999858
3531	301.0999858
3532	301.2000024
3533	301.0999858
3534	301.0999858
3535	300.9000123
3536	300.7000089
3537	300.5999923
3538	300.7999957
3539	300.7999957
3540	300.9000123
3541	301.2000024
3542	301.2000024
3543	301.2000024
3544	300.5999923
3545	300.5999923
3546	300.5999923
3547	300.5999923
3548	300.7000089
3549	300.5999923
3550	300.9000123
3551	300.999999
3552	300.9000123
3553	300.9000123
3554	300.9000123
3555	301.0999858
3556	301.0999858
3557	301.0999858
3558	301.2000024
3559	301.2000024
3560	301.0999858
3561	301.2000024
3562	301.4999926
3563	301.2000024
3564	301.2999892
3565	301.2999892
3566	301.4000058
3567	301.4999926
3568	301.4999926
3569	301.4999926
3570	301.4000058
3571	301.4999926
3572	301.4000058
3573	301.4000058
3574	301.2999892
3575	301.4999926
3576	301.4000058
3577	301.4999926
3578	301.4999926
3579	301.6000092
3580	301.4999926
3581	301.4999926
3582	301.2000024
3583	300.999999
3584	300.9000123
3585	301.2000024
3586	301.2999892
3587	301.4000058
3588	301.4000058
3589	301.2000024
3590	301.2000024
3591	301.2000024
3592	301.2999892
3593	301.2999892
3594	301.2000024
3595	301.2999892
3596	301.2000024
3597	301.4999926
3598	301.8999994
3599	301.8999994
3600	302.1999896
3601	302.3000062
3602	302.5000095
3603	302.8999865
3604	302.8999865
3605	302.7999997
3606	302.7999997
3607	302.5000095
3608	301.8999994
3609	300.3999889
3610	297.6999879
3611	295.8000004
3612	291.3999856
3613	286.5000069
3614	284.3999863
3615	280.2000046
3616	276.8000066
3617	274.1999924
3618	273.2999921
3619	272.1000016
3620	271.299988
3621	271.299988
3622	271.6999948
3623	272.5000083
3624	273.2000053
3625	274.1999924
3626	274.699986
3627	275.9000063
3628	277.0999968
3629	278.4000039
3630	279.0000141
3631	280.2000046
3632	281.3000083
3633	282.2000086
3634	282.799989
3635	283.4999859
3636	284.2000127
3637	284.5999897
3638	285.100013
3639	286.0000134
3640	286.3000035
3641	286.7000103
3642	287.0999873
3643	287.4000072
3644	287.800014
3645	287.9999876
3646	288.3000076
3647	288.7000144
3648	288.8999879
3649	288.8000011
3650	289.0999913
3651	289.4999981
3652	289.6000147
3653	289.7000015
3654	289.9000049
3655	290.1000082
3656	290.6000018
3657	290.4999852
3658	290.6000018
3659	290.6000018
3660	290.899992
3661	290.899992
3662	291.0999954
3663	291.0000086
3664	291.0999954
3665	291.2999988
3666	291.5000021
3667	291.5999889
3668	291.5999889
3669	291.7999923
3670	291.9000089
3671	291.9000089
3672	291.9999957
3673	292.1999991
3674	292.4000025
3675	292.1999991
3676	292.4999893
3677	292.4000025
3678	292.6000059
3679	292.8000093
3680	292.899996
3681	292.8000093
3682	293.0000126
3683	292.899996
3684	293.1999862
3685	292.899996
3686	293.1999862
3687	293.1999862
3688	293.1999862
3689	293.7000096
3690	293.1999862
3691	293.5000062
3692	293.3000028
3693	293.1999862
3694	293.1999862
3695	293.1999862
3696	293.3999896
3697	293.599993
3698	293.7000096
3699	293.599993
3700	293.7999964
3701	293.5000062
3702	293.599993
3703	293.5000062
3704	293.7999964
3705	293.900013
3706	293.7999964
3707	293.7000096
3708	293.5000062
3709	293.7000096
3710	293.599993
3711	293.599993
3712	293.599993
3713	293.7000096
3714	293.599993
3715	293.599993
3716	293.7000096
3717	293.7999964
3718	293.900013
3719	293.900013
3720	293.900013
3721	294.2000031
3722	294.0999866
3723	293.9999998
3724	293.900013
3725	293.9999998
3726	293.900013
3727	293.7999964
3728	293.900013
3729	294.0999866
3730	293.7999964
3731	293.7999964
3732	293.9999998
3733	294.0999866
3734	294.2999899
3735	294.0999866
3736	294.2000031
3737	294.2999899
3738	294.2999899
3739	294.4000065
3740	294.6000099
3741	294.4000065
3742	294.4999933
3743	294.2999899
3744	294.4000065
3745	294.2999899
3746	294.2000031
3747	294.4999933
3748	294.2999899
3749	294.4999933
3750	294.4000065
3751	294.2000031
3752	294.2999899
3753	294.2999899
3754	294.4000065
3755	294.2000031
3756	294.2999899
3757	294.2999899
3758	294.2999899
3759	294.2000031
3760	294.2000031
3761	294.2000031
3762	294.2000031
3763	294.4000065
3764	294.0999866
3765	293.9999998
3766	294.0999866
3767	294.2000031
3768	294.0999866
3769	294.4999933
3770	294.2999899
3771	294.2999899
3772	294.2000031
3773	294.4999933
3774	294.4999933
3775	294.4999933
3776	294.4999933
3777	294.4999933
3778	294.4000065
3779	294.2999899
3780	294.4000065
3781	294.6000099
3782	294.4999933
3783	294.6000099
3784	294.4000065
3785	294.4999933
3786	294.2999899
3787	294.4999933
3788	294.4999933
3789	294.4999933
3790	294.4000065
3791	294.4999933
3792	294.4000065
3793	294.2999899
3794	294.2999899
3795	294.2000031
3796	294.2000031
3797	294.2000031
3798	294.0999866
3799	294.4999933
3800	294.4999933
3801	294.2999899
3802	294.4999933
3803	294.6000099
3804	294.6000099
3805	294.4000065
3806	294.4999933
3807	294.4999933
3808	294.2999899
3809	294.4000065
3810	294.4000065
3811	294.4999933
3812	294.4999933
3813	294.2000031
3814	294.4999933
3815	294.6000099
3816	294.4999933
3817	294.4999933
3818	294.4999933
3819	294.4999933
3820	294.6000099
3821	294.6999967
3822	294.4999933
3823	294.6000099
3824	294.4999933
3825	294.9000001
3826	294.6000099
3827	294.6999967
3828	294.8000133
3829	294.6999967
3830	294.8000133
3831	294.8000133
3832	294.4999933
3833	294.4999933
3834	294.4999933
3835	294.4999933
3836	294.4999933
3837	294.6999967
3838	294.6999967
3839	294.8000133
3840	294.8000133
3841	294.6999967
3842	294.8000133
3843	294.6000099
3844	294.6999967
3845	294.4999933
3846	294.4000065
3847	294.2999899
3848	294.4999933
3849	294.6000099
3850	294.4999933
3851	294.4999933
3852	294.6000099
3853	294.4999933
3854	294.8000133
3855	294.4999933
3856	294.6000099
3857	294.4999933
3858	294.8000133
3859	294.6999967
3860	294.8000133
3861	294.8000133
3862	294.9000001
3863	294.8000133
3864	294.8000133
3865	294.9000001
3866	295.1000035
3867	294.9000001
3868	295.1000035
3869	295.1000035
3870	295.1000035
3871	295.1000035
3872	295.1999903
3873	295.3999937
3874	294.9999869
3875	295.1000035
3876	294.9000001
3877	294.9000001
3878	294.9999869
3879	294.9999869
3880	294.9999869
3881	294.9000001
3882	295.1000035
3883	294.9999869
3884	295.1000035
3885	295.1000035
3886	294.9000001
3887	294.9999869
3888	294.9000001
3889	294.8000133
3890	294.9999869
3891	295.1000035
3892	294.9000001
3893	294.9000001
3894	294.8000133
3895	294.6999967
3896	294.6999967
3897	294.8000133
3898	294.8000133
3899	294.8000133
3900	295.1999903
3901	295.3000069
3902	295.1000035
3903	295.5000103
3904	296.0999906
3905	296.7000008
3906	297.1000075
3907	297.6999879
3908	298.5000014
3909	298.999995
3910	299.2999852
3911	299.8000085
3912	300.0999987
3913	300.5000055
3914	300.5999923
3915	300.7999957
3916	301.2000024
3917	301.2000024
3918	301.4999926
3919	301.6000092
3920	301.8999994
3921	301.8999994
3922	302.1999896
3923	302.1999896
3924	302.5000095
3925	302.7000129
3926	302.5000095
3927	302.7999997
3928	302.7000129
3929	303.0000031
3930	302.7999997
3931	303.0000031
3932	302.8999865
3933	303.0000031
3934	302.8999865
3935	303.2000065
3936	303.4999967
3937	303.0999899
3938	303.2999933
3939	303.2999933
3940	303.2000065
3941	303.0999899
3942	303.2000065
3943	303.2999933
3944	303.2999933
3945	303.4999967
3946	303.2999933
3947	302.8999865
3948	303.0999899
3949	303.2000065
3950	303.2999933
3951	303.0000031
3952	303.2000065
3953	303.2999933
3954	303.4000099
3955	303.2000065
3956	303.2000065
3957	303.0999899
3958	303.2999933
3959	303.2000065
3960	303.4000099
3961	303.4999967
3962	303.4999967
3963	303.4999967
3964	303.7
3965	303.4999967
3966	303.6000133
3967	303.7999868
3968	303.7999868
3969	303.6000133
3970	303.6000133
3971	303.4000099
3972	303.4999967
3973	303.7
3974	303.7
3975	303.4000099
3976	303.4999967
3977	303.6000133
3978	303.4999967
3979	303.6000133
3980	303.7999868
3981	303.7999868
3982	303.7999868
3983	303.7
3984	303.9000034
3985	303.9000034
3986	303.9000034
3987	303.9999902
3988	303.9999902
3989	303.9999902
3990	303.9999902
3991	303.9000034
3992	304.3000102
3993	303.9000034
3994	303.9999902
3995	303.9000034
3996	303.6000133
3997	303.7999868
3998	303.7
3999	303.7
4000	303.9000034
4001	303.7999868
4002	303.7999868
4003	303.9000034
4004	303.9000034
4005	303.9000034
4006	303.9000034
4007	304.1000068
4008	303.7999868
4009	303.9000034
4010	303.7999868
4011	303.7999868
4012	303.7999868
4013	303.7999868
4014	303.9000034
4015	303.7999868
4016	303.7999868
4017	303.7
4018	303.4999967
4019	303.7999868
4020	303.6000133
4021	303.7
4022	303.7999868
4023	303.6000133
4024	303.4999967
4025	303.6000133
4026	303.4999967
4027	303.4999967
4028	303.7
4029	303.6000133
4030	303.4999967
4031	303.4999967
4032	303.4999967
4033	303.7
4034	303.7
4035	303.9999902
4036	303.9000034
4037	303.9999902
4038	303.9999902
4039	303.9999902
4040	303.9999902
4041	303.9000034
4042	303.7999868
4043	303.7999868
4044	303.9000034
4045	303.7999868
4046	303.7999868
4047	303.9999902
4048	303.7999868
4049	304.1000068
4050	303.7999868
4051	303.7999868
4052	303.7999868
4053	303.7999868
4054	303.7999868
4055	303.7999868
4056	303.7
4057	303.9000034
4058	303.9000034
4059	304.1000068
4060	303.7999868
4061	303.7999868
4062	303.6000133
4063	303.7
4064	303.7
4065	303.7
4066	303.7999868
4067	303.6000133
4068	303.4000099
4069	303.2000065
4070	303.4000099
4071	303.7
4072	303.7999868
4073	303.9999902
4074	304.1999936
4075	304.3000102
4076	304.399997
4077	304.399997
4078	304.5000136
4079	304.3000102
4080	304.1000068
4081	303.4000099
4082	302.7999997
4083	300.9000123
4084	297.6999879
4085	293.5000062
4086	291.5999889
4087	286.9000137
4088	282.7000022
4089	279.3000042
4090	277.7999938
4091	275.7000029
4092	274.1999924
4093	273.4999955
4094	273.2000053
4095	273.6000121
4096	274.300009
4097	274.699986
4098	275.4000127
4099	276.4999866
4100	277.5000036
4101	277.9999971
4102	279.1999876
4103	280.4999948
4104	281.3999951
4105	282.2000086
4106	282.799989
4107	283.4999859
4108	284.5000029
4109	284.7000062
4110	285.49999
4111	286.3000035
4112	286.7000103
4113	287.0000005
4114	287.4000072
4115	287.9999876
4116	287.9999876
4117	288.3000076
4118	288.5999978
4119	288.7000144
4120	288.8999879
4121	289.2000079
4122	289.2999947
4123	289.7000015
4124	289.7000015
4125	290.1000082
4126	290.3000116
4127	290.3999984
4128	290.4999852
4129	290.4999852
4130	291.0000086
4131	291.0000086
4132	291.0000086
4133	291.3999856
4134	291.5000021
4135	291.7999923
4136	291.5999889
4137	291.9000089
4138	291.9000089
4139	291.9000089
4140	291.9999957
4141	291.9000089
4142	292.1999991
4143	292.4000025
4144	292.1999991
4145	292.2999859
4146	292.4999893
4147	292.4999893
4148	292.4999893
4149	292.6999927
4150	292.899996
4151	292.899996
4152	293.1999862
4153	293.1999862
4154	293.1999862
4155	293.5000062
4156	293.599993
4157	293.5000062
4158	293.7000096
4159	293.5000062
4160	293.3999896
4161	293.5000062
4162	293.3000028
4163	293.3999896
4164	293.3000028
4165	293.3000028
4166	293.3999896
4167	293.1999862
4168	293.5000062
4169	293.1999862
4170	293.3000028
4171	293.5000062
4172	293.1999862
4173	293.5000062
4174	293.3999896
4175	293.5000062
4176	293.5000062
4177	293.599993
4178	293.7000096
4179	293.599993
4180	293.900013
4181	293.900013
4182	293.7999964
4183	293.7999964
4184	293.7999964
4185	293.7999964
4186	293.7999964
4187	293.7999964
4188	294.0999866
4189	293.9999998
4190	293.900013
4191	293.7999964
4192	293.9999998
4193	293.7999964
4194	293.900013
4195	294.0999866
4196	294.0999866
4197	293.9999998
4198	293.9999998
4199	293.900013
4200	293.9999998
4201	293.900013
4202	294.0999866
4203	293.9999998
4204	294.0999866
4205	294.0999866
4206	294.2999899
4207	294.2000031
4208	294.2000031
4209	294.4000065
4210	294.2999899
4211	294.4999933
4212	294.2999899
4213	294.4999933
4214	294.4999933
4215	294.2999899
4216	294.0999866
4217	294.2999899
4218	294.2000031
4219	294.4999933
4220	294.4999933
4221	294.4999933
4222	294.0999866
4223	294.4999933
4224	294.2000031
4225	294.2999899
4226	294.4000065
4227	294.4000065
4228	294.4999933
4229	294.4999933
4230	294.4999933
4231	294.2999899
4232	294.4999933
4233	294.4999933
4234	294.4000065
4235	294.4999933
4236	294.4999933
4237	294.4000065
4238	294.0999866
4239	294.2999899
4240	294.2999899
4241	294.2999899
4242	294.4000065
4243	294.4000065
4244	294.4999933
4245	294.4000065
4246	294.4999933
4247	294.4999933
4248	294.8000133
4249	294.8000133
4250	294.8000133
4251	294.9000001
4252	294.9999869
4253	294.6000099
4254	294.6000099
4255	294.4999933
4256	294.8000133
4257	294.4999933
4258	294.4999933
4259	294.8000133
4260	294.6999967
4261	294.8000133
4262	294.8000133
4263	294.6999967
4264	294.8000133
4265	294.6999967
4266	294.8000133
4267	294.9000001
4268	294.8000133
4269	294.9000001
4270	294.8000133
4271	294.9000001
4272	295.1000035
4273	294.8000133
4274	294.8000133
4275	294.8000133
4276	294.9000001
4277	294.6999967
4278	294.4999933
4279	294.4999933
4280	294.6999967
4281	294.6000099
4282	294.4999933
4283	294.8000133
4284	294.8000133
4285	294.4999933
4286	294.8000133
4287	294.8000133
4288	294.8000133
4289	294.6999967
4290	294.6999967
4291	294.8000133
4292	294.9000001
4293	294.4999933
4294	294.9000001
4295	295.1000035
4296	294.9000001
4297	294.8000133
4298	294.9000001
4299	294.6000099
4300	294.6999967
4301	294.6999967
4302	294.6999967
4303	294.6000099
4304	294.6999967
4305	294.6999967
4306	294.6999967
4307	294.6999967
4308	294.6000099
4309	294.4999933
4310	294.6999967
4311	294.4999933
4312	294.6000099
4313	294.6999967
4314	294.8000133
4315	294.4999933
4316	294.2999899
4317	294.6000099
4318	294.8000133
4319	294.4999933
4320	294.4999933
4321	294.4999933
4322	294.4999933
4323	294.4999933
4324	294.6999967
4325	294.4999933
4326	294.2000031
4327	294.6999967
4328	294.4999933
4329	294.4999933
4330	294.6999967
4331	294.6999967
4332	294.4999933
4333	294.2999899
4334	294.4999933
4335	294.4000065
4336	294.6000099
4337	294.4999933
4338	294.6999967
4339	294.8000133
4340	294.8000133
4341	294.4999933
4342	294.4999933
4343	294.4999933
4344	294.4999933
4345	294.6000099
4346	294.6000099
4347	294.6999967
4348	294.4999933
4349	294.4999933
4350	294.4999933
4351	294.4999933
4352	294.6999967
4353	294.8000133
4354	294.8000133
4355	294.9000001
4356	294.6999967
4357	294.6000099
4358	294.6000099
4359	294.4999933
4360	294.4000065
4361	294.6000099
4362	294.6999967
4363	294.8000133
4364	294.6999967
4365	294.8000133
4366	294.8000133
4367	294.8000133
4368	294.6999967
4369	294.4000065
4370	294.4999933
4371	294.4999933
4372	294.4999933
4373	294.4999933
4374	294.6000099
4375	294.8000133
4376	295.3000069
4377	295.7000136
4378	296.0999906
4379	296.7000008
4380	297.3999977
4381	298.0000079
4382	298.299998
4383	298.9000082
4384	299.4000018
4385	300.0000119
4386	300.3000021
4387	300.5999923
4388	300.9000123
4389	300.999999
4390	301.2999892
4391	301.8000126
4392	301.8999994
4393	301.8999994
4394	301.8999994
4395	302.1999896
4396	302.1000028
4397	302.1999896
4398	302.3000062
4399	302.5000095
4400	302.5000095
4401	302.5000095
4402	302.5999963
4403	302.5000095
4404	302.7000129
4405	302.7999997
4406	302.5000095
4407	303.0000031
4408	302.7999997
4409	302.7999997
4410	302.8999865
4411	302.7999997
4412	302.7999997
4413	302.7999997
4414	302.7999997
4415	302.5999963
4416	302.5000095
4417	302.7999997
4418	302.5999963
4419	302.7999997
4420	302.5999963
4421	302.5000095
4422	302.7000129
4423	302.7999997
4424	302.7000129
4425	302.7999997
4426	302.7999997
4427	302.7999997
4428	302.7999997
4429	302.8999865
4430	302.7000129
4431	302.8999865
4432	303.0000031
4433	302.7999997
4434	303.0000031
4435	303.0999899
4436	303.0000031
4437	302.8999865
4438	302.7999997
4439	302.8999865
4440	302.7999997
4441	303.0000031
4442	302.8999865
4443	302.8999865
4444	303.0999899
4445	302.7999997
4446	302.7000129
4447	302.7000129
4448	302.3999929
4449	302.5000095
4450	302.7999997
4451	302.7000129
4452	302.5000095
4453	302.5000095
4454	302.3999929
4455	302.5000095
4456	302.7000129
4457	302.7000129
4458	302.7999997
4459	302.7000129
4460	302.7999997
4461	302.7000129
4462	302.5999963
4463	302.5000095
4464	302.7000129
4465	302.5999963
4466	302.7000129
4467	302.5000095
4468	302.5000095
4469	302.5999963
4470	302.5000095
4471	302.5999963
4472	302.5999963
4473	302.5000095
4474	302.5000095
4475	302.3000062
4476	302.1999896
4477	302.1999896
4478	302.3000062
4479	302.1000028
4480	301.9999862
4481	302.1000028
4482	302.3000062
4483	302.3000062
4484	302.5000095
4485	302.5000095
4486	302.5999963
4487	302.7000129
4488	302.7000129
4489	302.5000095
4490	302.5999963
4491	302.3999929
4492	302.3000062
4493	302.5999963
4494	302.7000129
4495	302.7999997
4496	302.5000095
4497	302.5999963
4498	302.7999997
4499	302.7999997
4500	302.5999963
4501	302.7999997
4502	302.7999997
4503	302.7999997
4504	302.7999997
4505	302.7999997
4506	302.8999865
4507	303.0000031
4508	302.7999997
4509	302.7999997
4510	302.7000129
4511	302.5000095
4512	302.5999963
4513	302.5999963
4514	302.7999997
4515	303.0000031
4516	302.7999997
4517	302.8999865
4518	303.0000031
4519	302.8999865
4520	302.8999865
4521	303.0000031
4522	302.8999865
4523	303.0000031
4524	303.2999933
4525	303.2000065
4526	303.0999899
4527	303.4000099
4528	303.2999933
4529	303.2999933
4530	303.2000065
4531	303.2000065
4532	303.2000065
4533	303.2000065
4534	303.2000065
4535	303.4000099
4536	303.2000065
4537	303.2999933
4538	303.4000099
4539	303.2999933
4540	303.2000065
4541	303.2000065
4542	303.2000065
4543	303.4000099
4544	303.2000065
4545	303.4999967
4546	303.4000099
4547	303.4999967
4548	303.7
4549	303.9999902
4550	303.7999868
4551	304.1000068
4552	303.9000034
4553	303.6000133
4554	303.2999933
4555	301.8999994
4556	299.8000085
4557	298.299998
4558	295.3999937
4559	291.5999889
4560	287.0000005
4561	285.100013
4562	281.1999917
4563	278.1000137
4564	275.7999897
4565	274.8999894
4566	274.1000056
4567	273.6999989
4568	273.9000022
4569	274.1999924
4570	275.000006
4571	275.7999897
4572	276.69999
4573	277.399987
4574	278.6999941
4575	279.399991
4576	280.4999948
4577	280.9999883
4578	281.8999887
4579	282.5999856
4580	282.9999924
4581	283.6999893
4582	284.5000029
4583	285.1999998
4584	285.6000066
4585	286.1000001
4586	286.3999903
4587	286.7999971
4588	287.2000039
4589	287.499994
4590	287.6999974
4591	287.9999876
4592	288.3000076
4593	288.5999978
4594	289.0000045
4595	289.2000079
4596	289.2999947
4597	289.6000147
4598	289.6000147
4599	289.9999917
4600	289.9999917
4601	290.1000082
4602	290.3999984
4603	290.6999886
4604	290.4999852
4605	290.899992
4606	291.0000086
4607	291.2999988
4608	291.3999856
4609	291.5000021
4610	291.7000055
4611	291.5999889
4612	291.5999889
4613	291.9000089
4614	291.9000089
4615	291.7999923
4616	291.9999957
4617	292.1000123
4618	292.1999991
4619	292.4999893
4620	292.4000025
4621	292.1999991
4622	292.4999893
4623	292.4000025
4624	292.4000025
4625	292.4999893
4626	292.6000059
4627	292.4999893
4628	292.8000093
4629	292.4999893
4630	292.6999927
4631	292.4999893
4632	292.6999927
4633	292.4999893
4634	292.4000025
4635	292.6000059
4636	292.6000059
4637	292.6999927
4638	292.899996
4639	293.0999994
4640	293.0999994
4641	293.0000126
4642	293.0000126
4643	293.0999994
4644	293.0999994
4645	293.3000028
4646	293.1999862
4647	293.1999862
4648	293.3999896
4649	293.1999862
4650	293.1999862
4651	293.1999862
4652	293.5000062
4653	293.1999862
4654	293.3999896
4655	293.5000062
4656	293.5000062
4657	293.3000028
4658	293.3000028
4659	293.3000028
4660	293.3999896
4661	293.3999896
4662	293.599993
4663	293.5000062
4664	293.5000062
4665	293.7999964
4666	293.7999964
4667	293.7999964
4668	293.7999964
4669	293.9999998
4670	293.900013
4671	294.0999866
4672	293.9999998
4673	293.7999964
4674	293.7999964
4675	293.900013
4676	293.7000096
4677	293.7999964
4678	293.7000096
4679	293.5000062
4680	293.599993
4681	293.5000062
4682	293.7000096
4683	293.7999964
4684	293.7999964
4685	293.7000096
4686	293.7000096
4687	293.7000096
4688	293.7000096
4689	293.9999998
4690	293.7999964
4691	293.7999964
4692	293.7999964
4693	293.7999964
4694	293.7999964
4695	293.7999964
4696	293.900013
4697	293.900013
4698	293.900013
4699	293.900013
4700	294.0999866
4701	294.0999866
4702	294.2000031
4703	294.4000065
4704	294.0999866
4705	294.0999866
4706	294.2999899
4707	294.0999866
4708	293.9999998
4709	293.900013
4710	294.2000031
4711	294.2000031
4712	294.2999899
4713	294.2999899
4714	294.4000065
4715	294.0999866
4716	294.2999899
4717	294.4999933
4718	294.4000065
4719	294.2999899
4720	294.2999899
4721	294.4999933
4722	294.4999933
4723	294.4999933
4724	294.4000065
4725	294.2999899
4726	294.2999899
4727	294.6000099
4728	294.4000065
4729	294.4999933
4730	294.4999933
4731	294.0999866
4732	294.4999933
4733	294.4999933
4734	294.4999933
4735	294.4000065
4736	294.2999899
4737	294.4000065
4738	294.4999933
4739	294.4999933
4740	294.6999967
4741	294.6000099
4742	294.6000099
4743	294.6000099
4744	294.4999933
4745	294.4999933
4746	294.4000065
4747	294.4999933
4748	294.4000065
4749	294.4000065
4750	294.4999933
4751	294.8000133
4752	294.4999933
4753	294.4999933
4754	294.6000099
4755	294.8000133
4756	294.6000099
4757	294.8000133
4758	294.8000133
4759	294.8000133
4760	294.9999869
4761	294.9000001
4762	294.6999967
4763	294.8000133
4764	294.8000133
4765	294.4999933
4766	294.6999967
4767	294.6000099
4768	294.6999967
4769	294.4999933
4770	294.8000133
4771	294.8000133
4772	294.8000133
4773	294.6999967
4774	294.6999967
4775	294.8000133
4776	294.8000133
4777	294.6999967
4778	294.8000133
4779	294.4999933
4780	294.6000099
4781	294.6000099
4782	294.8000133
4783	294.6000099
4784	294.6000099
4785	294.8000133
4786	294.8000133
4787	294.4999933
4788	294.4999933
4789	294.6000099
4790	294.6999967
4791	294.8000133
4792	294.6999967
4793	294.6000099
4794	294.4999933
4795	294.6000099
4796	294.4999933
4797	294.4999933
4798	294.6999967
4799	294.6999967
4800	294.6000099
4801	294.4999933
4802	294.8000133
4803	294.4999933
4804	294.4999933
4805	294.6000099
4806	294.6999967
4807	294.8000133
4808	294.8000133
4809	294.6000099
4810	294.6000099
4811	294.6999967
4812	294.6999967
4813	294.6999967
4814	294.8000133
4815	294.8000133
4816	294.6999967
4817	294.4999933
4818	294.6999967
4819	294.8000133
4820	294.6999967
4821	294.6999967
4822	294.6999967
4823	294.8000133
4824	294.9000001
4825	294.8000133
4826	294.8000133
4827	294.9999869
4828	295.1000035
4829	294.9000001
4830	295.1000035
4831	295.1999903
4832	295.1000035
4833	294.8000133
4834	294.8000133
4835	294.9999869
4836	294.8000133
4837	294.8000133
4838	294.8000133
4839	295.1000035
4840	294.8000133
4841	294.6000099
4842	294.6999967
4843	294.6000099
4844	294.2000031
4845	294.4000065
4846	294.0999866
4847	294.4000065
4848	294.4000065
4849	294.4999933
4850	294.9000001
4851	295.3999937
4852	295.8000004
4853	296.0000038
4854	296.4000106
4855	297.1000075
4856	297.6000011
4857	298.0000079
4858	298.5999882
4859	299.2999852
4860	299.2999852
4861	299.6000051
4862	300.0000119
4863	300.1999855
4864	300.3000021
4865	300.3000021
4866	300.5000055
4867	300.5999923
4868	300.7000089
4869	300.7999957
4870	300.999999
4871	300.9000123
4872	301.0999858
4873	300.9000123
4874	301.0999858
4875	300.999999
4876	301.0999858
4877	301.2000024
4878	301.2000024
4879	301.0999858
4880	300.9000123
4881	300.9000123
4882	300.9000123
4883	300.999999
4884	301.0999858
4885	301.2999892
4886	301.2000024
4887	301.2000024
4888	301.2000024
4889	301.2000024
4890	301.699996
4891	301.4999926
4892	301.4999926
4893	301.6000092
4894	301.2000024
4895	301.4999926
4896	301.2000024
4897	301.2999892
4898	301.2999892
4899	301.4000058
4900	301.2000024
4901	301.2999892
4902	301.2000024
4903	301.2000024
4904	300.999999
4905	300.999999
4906	300.999999
4907	300.7999957
4908	300.9000123
4909	301.2000024
4910	300.7999957
4911	300.999999
4912	301.0999858
4913	301.0999858
4914	301.2000024
4915	301.2000024
4916	301.0999858
4917	301.2000024
4918	301.2000024
4919	301.4999926
4920	301.4999926
4921	301.2000024
4922	301.2000024
4923	301.2999892
4924	301.2999892
4925	301.2000024
4926	301.4000058
4927	301.2999892
4928	300.999999
4929	301.4000058
4930	301.6000092
4931	301.4999926
4932	301.0999858
4933	301.2000024
4934	301.2000024
4935	301.0999858
4936	301.0999858
4937	300.9000123
4938	300.7999957
4939	301.2000024
4940	300.999999
4941	301.0999858
4942	300.999999
4943	301.4000058
4944	301.4999926
4945	301.6000092
4946	301.4999926
4947	301.4999926
4948	301.2999892
4949	301.4000058
4950	301.4999926
4951	301.4999926
4952	301.4999926
4953	301.4000058
4954	301.2999892
4955	301.2999892
4956	301.4000058
4957	301.2000024
4958	301.2999892
4959	301.2999892
4960	301.2000024
4961	301.2999892
4962	301.0999858
4963	300.9000123
4964	300.9000123
4965	300.999999
4966	301.2000024
4967	301.2999892
4968	301.2999892
4969	301.2000024
4970	301.4000058
4971	301.4999926
4972	301.2999892
4973	301.2999892
4974	301.4999926
4975	301.2000024
4976	301.2000024
4977	301.2000024
4978	301.2000024
4979	301.2000024
4980	300.9000123
4981	300.9000123
4982	300.9000123
4983	301.0999858
4984	300.999999
4985	300.999999
4986	300.9000123
4987	300.9000123
4988	300.9000123
4989	301.0999858
4990	301.0999858
4991	301.2999892
4992	301.2000024
4993	301.2000024
4994	300.999999
4995	301.4000058
4996	301.0999858
4997	300.9000123
4998	300.9000123
4999	300.7999957
5000	300.7999957
5001	300.3999889
5002	300.7000089
5003	300.5000055
5004	300.5000055
5005	300.5000055
5006	300.5999923
5007	300.7000089
5008	300.7000089
5009	300.3999889
5010	300.5999923
5011	300.3000021
5012	300.5999923
5013	300.5999923
5014	300.5999923
5015	300.5999923
5016	300.5999923
5017	300.7999957
5018	300.999999
5019	301.2999892
5020	301.6000092
5021	301.8999994
5022	301.8999994
5023	301.8999994
5024	302.1000028
5025	302.1999896
5026	302.5000095
5027	302.3000062
5028	301.2000024
5029	300.5000055
5030	298.0000079
5031	294.6000099
5032	290.8000052
5033	289.0000045
5034	284.7000062
5035	281.5000117
5036	278.4999907
5037	277.0999968
5038	275.4000127
5039	274.5000124
5040	274.1999924
5041	274.1000056
5042	274.5000124
5043	275.2000093
5044	275.7000029
5045	276.8000066
5046	277.7999938
5047	279.0000141
5048	279.399991
5049	280.2999914
5050	281.5000117
5051	282.2000086
5052	282.7000022
5053	283.4999859
5054	284.2000127
5055	284.799993
5056	284.9999964
5057	285.49999
5058	286.1000001
5059	286.3999903
5060	286.7000103
5061	287.0999873
5062	287.6999974
5063	287.6999974
5064	288.3000076
5065	288.8999879
5066	289.0000045
5067	289.0000045
5068	289.2999947
5069	289.6000147
5070	289.9999917
5071	289.9999917
5072	290.3000116
5073	290.6000018
5074	290.6000018
5075	290.6999886
5076	290.6999886
5077	291.0000086
5078	291.0999954
5079	290.899992
5080	291.200012
5081	291.5999889
5082	291.5999889
5083	291.5999889
5084	291.7000055
5085	291.7999923
5086	291.9000089
5087	291.9000089
5088	292.1000123
5089	292.1000123
5090	292.1999991
5091	292.1000123
5092	292.4999893
5093	292.4000025
5094	292.4999893
5095	292.4999893
5096	292.6999927
5097	292.6999927
5098	292.6999927
5099	292.6999927
5100	292.899996
5101	292.6000059
5102	292.6999927
5103	292.899996
5104	293.0000126
5105	293.0000126
5106	293.0999994
5107	292.899996
5108	293.1999862
5109	293.3000028
5110	293.3000028
5111	293.5000062
5112	293.3999896
5113	293.5000062
5114	293.3999896
5115	293.5000062
5116	293.3000028
5117	293.5000062
5118	293.5000062
5119	293.7999964
5120	293.599993
5121	293.599993
5122	293.7999964
5123	293.7999964
5124	293.7000096
5125	293.599993
5126	293.599993
5127	293.7999964
5128	293.5000062
5129	293.7999964
5130	293.9999998
5131	294.0999866
5132	294.0999866
5133	293.9999998
5134	294.0999866
5135	294.2000031
5136	294.2999899
5137	294.4999933
5138	294.2999899
5139	294.0999866
5140	294.0999866
5141	294.2000031
5142	294.0999866
5143	294.2000031
5144	293.9999998
5145	294.2000031
5146	294.4999933
5147	294.4000065
5148	294.2000031
5149	294.2000031
5150	294.2999899
5151	294.2000031
5152	294.0999866
5153	294.0999866
5154	294.2000031
5155	294.4000065
5156	294.4999933
5157	294.6000099
5158	294.4999933
5159	294.4999933
5160	294.0999866
5161	294.4999933
5162	294.6999967
5163	294.4999933
5164	294.4999933
5165	294.6999967
5166	294.4999933
5167	294.2999899
5168	294.4000065
5169	294.4999933
5170	294.6000099
5171	294.2999899
5172	294.6999967
5173	294.6000099
5174	294.6000099
5175	294.6000099
5176	294.8000133
5177	294.8000133
5178	294.4999933
5179	294.6000099
5180	294.2999899
5181	294.4000065
5182	294.2999899
5183	294.2999899
5184	294.4000065
5185	294.2000031
5186	294.2999899
5187	294.2000031
5188	294.2000031
5189	294.2999899
5190	294.0999866
5191	294.2000031
5192	294.4999933
5193	294.4000065
5194	294.4000065
5195	294.4999933
5196	294.4999933
5197	294.4999933
5198	294.6000099
5199	294.8000133
5200	294.4999933
5201	294.4000065
5202	294.4999933
5203	294.2999899
5204	294.4000065
5205	294.0999866
5206	294.4000065
5207	294.2999899
5208	294.2999899
5209	294.2000031
5210	294.0999866
5211	294.4000065
5212	294.4999933
5213	294.0999866
5214	294.2000031
5215	294.4999933
5216	294.4999933
5217	294.4999933
5218	294.4999933
5219	294.4999933
5220	294.2999899
5221	294.4999933
5222	294.4000065
5223	294.4999933
5224	294.4999933
5225	294.4999933
5226	294.6999967
5227	294.4000065
5228	294.4999933
5229	294.4999933
5230	294.4999933
5231	294.6000099
5232	294.6999967
5233	294.4000065
5234	294.8000133
5235	294.4999933
5236	294.6999967
5237	294.4000065
5238	294.4999933
5239	294.4999933
5240	294.2000031
5241	294.4999933
5242	294.4000065
5243	294.4000065
5244	294.4999933
5245	294.6000099
5246	294.8000133
5247	294.4999933
5248	294.6999967
5249	294.6999967
5250	294.4000065
5251	294.4999933
5252	294.6000099
5253	294.6999967
5254	294.4999933
5255	294.4999933
5256	294.4999933
5257	294.4000065
5258	294.4000065
5259	294.4000065
5260	294.4999933
5261	294.4999933
5262	294.4000065
5263	294.2000031
5264	294.4000065
5265	294.2000031
5266	294.4000065
5267	294.0999866
5268	294.0999866
5269	294.0999866
5270	293.9999998
5271	294.0999866
5272	293.9999998
5273	294.0999866
5274	294.0999866
5275	294.0999866
5276	294.2000031
5277	294.0999866
5278	294.0999866
5279	294.4000065
5280	294.2999899
5281	294.2000031
5282	294.4999933
5283	294.6000099
5284	294.4999933
5285	293.9999998
5286	294.4000065
5287	294.4000065
5288	294.4999933
5289	294.6000099
5290	294.4000065
5291	294.6000099
5292	294.6000099
5293	294.4999933
5294	294.4999933
5295	294.4999933
5296	294.8000133
5297	294.4999933
5298	294.4000065
5299	294.2999899
5300	294.2999899
5301	294.2000031
5302	294.2999899
5303	294.4000065
5304	294.4999933
5305	294.2999899
5306	294.4000065
5307	294.4999933
5308	294.2999899
5309	294.2999899
5310	294.4000065
5311	294.4999933
5312	294.6999967
5313	294.6999967
5314	294.4000065
5315	294.2000031
5316	294.2000031
5317	293.7999964
5318	293.7999964
5319	293.7999964
5320	293.7999964
5321	294.0999866
5322	294.4000065
5323	294.8000133
5324	295.1999903
5325	295.8000004
5326	296.0999906
5327	296.7000008
5328	296.9999909
5329	297.3000109
5330	297.5000143
5331	297.6999879
5332	298.0000079
5333	298.2000113
5334	298.4000146
5335	298.9000082
5336	298.999995
5337	299.1999984
5338	299.2999852
5339	299.4000018
5340	299.8999953
5341	299.8000085
5342	299.8999953
5343	300.3000021
5344	300.1999855
5345	300.5999923
5346	300.5000055
5347	300.7000089
5348	300.5999923
5349	300.5999923
5350	300.7000089
5351	300.7999957
5352	300.5999923
5353	300.7000089
5354	300.9000123
5355	300.9000123
5356	300.9000123
5357	300.7999957
5358	300.7999957
5359	300.999999
5360	301.0999858
5361	301.0999858
5362	300.999999
5363	300.9000123
5364	301.2000024
5365	301.2999892
5366	301.2000024
5367	301.4000058
5368	301.4999926
5369	301.4000058
5370	301.4999926
5371	301.4999926
5372	301.699996
5373	301.4999926
5374	301.4999926
5375	301.4000058
5376	301.2999892
5377	301.0999858
5378	301.2000024
5379	300.999999
5380	301.2000024
5381	301.0999858
5382	300.9000123
5383	301.4000058
5384	301.2999892
5385	301.2000024
5386	301.4999926
5387	301.4000058
5388	301.2000024
5389	301.4000058
5390	301.4000058
5391	301.2999892
5392	301.6000092
5393	301.8000126
5394	301.4999926
5395	301.4999926
5396	301.2999892
5397	301.2999892
5398	301.2000024
5399	301.2000024
5400	301.2000024
5401	300.999999
5402	300.999999
5403	301.2000024
5404	300.9000123
5405	300.9000123
5406	300.9000123
5407	301.0999858
5408	300.999999
5409	301.0999858
5410	301.0999858
5411	301.0999858
5412	300.9000123
5413	300.7999957
5414	300.9000123
5415	300.9000123
5416	300.999999
5417	301.4000058
5418	301.2000024
5419	301.0999858
5420	301.2000024
5421	301.2000024
5422	301.2000024
5423	301.0999858
5424	300.9000123
5425	301.0999858
5426	300.7999957
5427	300.9000123
5428	300.7000089
5429	300.9000123
5430	300.9000123
5431	300.7999957
5432	300.9000123
5433	301.0999858
5434	301.0999858
5435	301.2000024
5436	300.999999
5437	301.2000024
5438	301.2000024
5439	300.999999
5440	300.999999
5441	301.0999858
5442	301.4000058
5443	301.4999926
5444	301.2999892
5445	301.4999926
5446	301.2000024
5447	301.2000024
5448	301.2000024
5449	301.2000024
5450	301.2000024
5451	300.999999
5452	301.2000024
5453	300.9000123
5454	301.0999858
5455	300.999999
5456	300.9000123
5457	300.7000089
5458	300.7999957
5459	300.7000089
5460	300.9000123
5461	300.9000123
5462	301.0999858
5463	300.7999957
5464	300.7999957
5465	300.5999923
5466	300.9000123
5467	300.7999957
5468	300.9000123
5469	300.9000123
5470	301.2000024
5471	301.2000024
5472	301.0999858
5473	300.9000123
5474	300.999999
5475	300.999999
5476	300.999999
5477	300.9000123
5478	301.2000024
5479	301.2999892
5480	300.999999
5481	300.999999
5482	300.7999957
5483	300.9000123
5484	300.9000123
5485	300.9000123
5486	300.999999
5487	300.9000123
5488	300.9000123
5489	300.7000089
5490	300.9000123
5491	300.999999
5492	301.2000024
5493	301.4000058
5494	301.4999926
5495	301.8000126
5496	301.699996
5497	301.8999994
5498	301.8999994
5499	301.8000126
5500	301.8999994
5501	301.0999858
5502	300.0000119
5503	297.6000011
5504	295.8999872
5505	292.1000123
5506	288.1000042
5507	284.0999961
5508	282.2000086
5509	278.8000107
5510	276.6000032
5511	274.8000026
5512	274.1999924
5513	273.2000053
5514	273.2999921
5515	273.4000087
5516	273.6999989
5517	274.300009
5518	275.4000127
5519	276.1000097
5520	276.69999
5521	277.9999971
5522	279.0000141
5523	279.700011
5524	280.6000113
5525	281.5000117
5526	282.2999954
5527	282.799989
5528	283.3999991
5529	284.2999995
5530	284.799993
5531	285.100013
5532	285.80001
5533	286.3000035
5534	286.5000069
5535	286.7000103
5536	287.2999907
5537	287.6000106
5538	287.9000008
5539	288.1000042
5540	288.3999944
5541	288.5999978
5542	288.7000144
5543	289.0000045
5544	289.4000113
5545	289.6000147
5546	289.9999917
5547	290.199995
5548	290.3999984
5549	290.4999852
5550	290.6999886
5551	290.6000018
5552	290.6000018
5553	291.0999954
5554	291.200012
5555	291.200012
5556	291.5999889
5557	291.9000089
5558	291.5000021
5559	291.5999889
5560	291.7999923
5561	291.9000089
5562	291.9000089
5563	292.1999991
5564	292.2999859
5565	292.1999991
5566	292.4000025
5567	292.1999991
5568	292.4999893
5569	292.4999893
5570	292.2999859
5571	292.6000059
5572	292.6000059
5573	292.6000059
5574	292.8000093
5575	292.8000093
5576	292.899996
5577	293.1999862
5578	292.899996
5579	293.0000126
5580	293.1999862
5581	292.899996
5582	292.899996
5583	293.1999862
5584	293.0000126
5585	293.0000126
5586	293.0999994
5587	293.1999862
5588	293.1999862
5589	293.5000062
5590	293.5000062
5591	293.7000096
5592	293.5000062
5593	293.5000062
5594	293.5000062
5595	293.5000062
5596	293.5000062
5597	293.3999896
5598	293.3999896
5599	293.599993
5600	293.599993
5601	293.5000062
5602	293.599993
5603	293.5000062
5604	293.5000062
5605	293.7999964
5606	293.7999964
5607	294.0999866
5608	293.7999964
5609	293.599993
5610	293.7999964
5611	293.7000096
5612	293.7000096
5613	293.7999964
5614	293.7999964
5615	293.5000062
5616	293.599993
5617	293.7999964
5618	293.900013
5619	293.7999964
5620	293.900013
5621	294.0999866
5622	293.7999964
5623	293.7999964
5624	294.0999866
5625	294.0999866
5626	293.900013
5627	294.2000031
5628	294.0999866
5629	294.0999866
5630	293.900013
5631	293.9999998
5632	293.7999964
5633	293.7999964
5634	293.7999964
5635	293.7000096
5636	293.7000096
5637	293.7000096
5638	293.7999964
5639	293.7999964
5640	293.900013
5641	293.900013
5642	293.900013
5643	293.9999998
5644	293.7999964
5645	293.900013
5646	293.9999998
5647	293.900013
5648	293.900013
5649	293.599993
5650	293.7000096
5651	293.900013
5652	293.7000096
5653	293.900013
5654	293.7999964
5655	293.900013
5656	294.0999866
5657	294.2000031
5658	294.0999866
5659	293.7999964
5660	293.9999998
5661	293.9999998
5662	294.0999866
5663	293.9999998
5664	293.900013
5665	294.0999866
5666	294.0999866
5667	293.9999998
5668	294.0999866
5669	294.0999866
5670	293.7999964
5671	293.9999998
5672	293.900013
5673	294.0999866
5674	293.9999998
5675	293.9999998
5676	293.9999998
5677	294.0999866
5678	294.0999866
5679	294.0999866
5680	293.9999998
5681	293.900013
5682	293.7999964
5683	294.0999866
5684	294.0999866
5685	294.0999866
5686	294.0999866
5687	294.0999866
5688	294.0999866
5689	294.0999866
5690	293.9999998
5691	293.9999998
5692	294.0999866
5693	294.0999866
5694	293.900013
5695	293.7999964
5696	293.7999964
5697	293.9999998
5698	293.7999964
5699	293.7999964
5700	293.900013
5701	293.900013
5702	293.900013
5703	294.0999866
5704	294.0999866
5705	294.2999899
5706	294.2000031
5707	294.0999866
5708	293.900013
5709	294.0999866
5710	294.0999866
5711	294.2000031
5712	293.9999998
5713	293.900013
5714	294.0999866
5715	294.2999899
5716	294.0999866
5717	294.0999866
5718	294.0999866
5719	294.0999866
5720	294.2999899
5721	294.2000031
5722	294.0999866
5723	294.0999866
5724	294.0999866
5725	294.2000031
5726	294.0999866
5727	294.0999866
5728	294.0999866
5729	293.900013
5730	294.0999866
5731	294.0999866
5732	293.900013
5733	294.0999866
5734	293.9999998
5735	294.0999866
5736	294.2999899
5737	294.2000031
5738	294.2000031
5739	294.0999866
5740	294.4999933
5741	294.4999933
5742	294.2999899
5743	294.2999899
5744	294.4000065
5745	294.2999899
5746	294.4999933
5747	294.4000065
5748	294.0999866
5749	294.2000031
5750	294.2000031
5751	294.0999866
5752	294.4999933
5753	294.2000031
5754	294.2000031
5755	294.0999866
5756	294.2999899
5757	294.2000031
5758	294.0999866
5759	294.2999899
5760	294.2000031
5761	294.0999866
5762	294.0999866
5763	294.2000031
5764	294.2999899
5765	294.2999899
5766	294.6000099
5767	294.4999933
5768	294.4000065
5769	294.4999933
5770	294.4999933
5771	294.6000099
5772	294.6999967
5773	294.6999967
5774	294.4999933
5775	294.4999933
5776	294.8000133
5777	294.4999933
5778	294.4999933
5779	294.6999967
5780	294.4999933
5781	294.6000099
5782	294.4999933
5783	294.4999933
5784	294.4999933
5785	294.8000133
5786	294.8000133
5787	294.6000099
5788	294.6000099
5789	294.4000065
5790	294.4999933
5791	294.0999866
5792	294.2000031
5793	294.0999866
5794	294.4999933
5795	294.4999933
5796	294.6999967
5797	294.9999869
5798	295.599997
5799	295.7000136
5800	296.0999906
5801	296.7999876
5802	296.9999909
5803	297.5000143
5804	298.2000113
5805	298.299998
5806	298.299998
5807	298.5999882
5808	298.999995
5809	299.1999984
5810	299.4000018
5811	299.2999852
5812	299.4999886
5813	299.6000051
5814	299.6000051
5815	299.6000051
5816	299.6999919
5817	299.6000051
5818	299.8999953
5819	299.6000051
5820	299.6999919
5821	299.6999919
5822	299.6999919
5823	300.0000119
5824	299.8999953
5825	299.8999953
5826	299.8999953
5827	300.0000119
5828	300.0000119
5829	300.1999855
5830	300.3000021
5831	300.5999923
5832	300.5999923
5833	300.9000123
5834	300.9000123
5835	300.7999957
5836	300.5999923
5837	300.7999957
5838	300.5999923
5839	300.5000055
5840	300.3000021
5841	300.3000021
5842	300.5000055
5843	300.3000021
5844	300.3999889
5845	300.5999923
5846	300.5000055
5847	300.5999923
5848	300.5000055
5849	300.5000055
5850	300.3000021
5851	300.5999923
5852	300.3999889
5853	300.5000055
5854	300.3000021
5855	300.5999923
5856	300.3000021
5857	300.3000021
5858	300.3000021
5859	300.1999855
5860	300.3000021
5861	300.3000021
5862	300.3999889
5863	300.3000021
5864	300.1999855
5865	300.1999855
5866	300.1999855
5867	300.0999987
5868	300.3000021
5869	300.3000021
5870	300.3999889
5871	300.3999889
5872	300.3000021
5873	300.0000119
5874	300.1999855
5875	300.1999855
5876	300.3000021
5877	300.3000021
5878	299.8999953
5879	300.1999855
5880	300.3000021
5881	300.0999987
5882	300.0999987
5883	300.1999855
5884	300.0000119
5885	299.8999953
5886	299.8999953
5887	299.8000085
5888	299.8999953
5889	299.8999953
5890	299.8000085
5891	299.8999953
5892	299.8999953
5893	299.4999886
5894	299.6000051
5895	299.6000051
5896	299.4999886
5897	299.6000051
5898	299.8999953
5899	299.8000085
5900	299.6999919
5901	299.6999919
5902	299.6000051
5903	299.4999886
5904	299.6000051
5905	299.6999919
5906	299.6999919
5907	299.8000085
5908	299.8999953
5909	299.8999953
5910	299.8000085
5911	299.6000051
5912	299.8999953
5913	299.8000085
5914	299.8000085
5915	299.6999919
5916	299.8999953
5917	300.0000119
5918	299.8999953
5919	299.8999953
5920	299.8999953
5921	299.8000085
5922	299.8999953
5923	299.6000051
5924	299.6000051
5925	299.6000051
5926	299.6000051
5927	299.8999953
5928	299.6999919
5929	299.6999919
5930	299.8999953
5931	299.8000085
5932	300.0000119
5933	299.6000051
5934	299.6000051
5935	299.6000051
5936	299.4999886
5937	299.4000018
5938	299.1999984
5939	299.1999984
5940	298.9000082
5941	299.1000116
5942	298.9000082
5943	298.999995
5944	298.999995
5945	299.2999852
5946	299.2999852
5947	299.2999852
5948	299.4000018
5949	299.4999886
5950	299.6000051
5951	299.4000018
5952	299.6000051
5953	299.4999886
5954	299.4000018
5955	299.4999886
5956	299.4999886
5957	299.4000018
5958	299.1000116
5959	298.999995
5960	299.1000116
5961	298.999995
5962	298.7000048
5963	298.999995
5964	299.2999852
5965	299.4999886
5966	299.6000051
5967	299.8999953
5968	300.0000119
5969	300.1999855
5970	300.3000021
5971	300.7999957
5972	300.7000089
5973	300.7000089
5974	300.5000055
5975	299.6999919
5976	298.999995
5977	296.9999909
5978	293.5000062
5979	289.7000015
5980	287.499994
5981	283.6000025
5982	280.2000046
5983	278.8999975
5984	276.1000097
5985	274.3999958
5986	273.4000087
5987	273.0000019
5988	273.0000019
5989	273.2000053
5990	273.6999989
5991	273.9000022
5992	274.5999992
5993	275.7000029
5994	276.8000066
5995	277.3000002
5996	277.9999971
5997	279.0000141
5998	280.0000012
5999	280.2000046
6000	281.5000117
6001	282.5999856
6002	282.799989
6003	283.4999859
6004	284.2000127
6005	284.799993
6006	285.100013
6007	285.49999
6008	285.8999968
6009	286.3999903
6010	286.7000103
6011	287.0000005
6012	287.4000072
6013	287.499994
6014	287.499994
6015	288.199991
6016	288.500011
6017	288.7000144
6018	288.8000011
6019	289.0000045
6020	289.0999913
6021	289.4000113
6022	289.2999947
6023	289.6000147
6024	289.7999883
6025	289.7000015
6026	289.9999917
6027	290.199995
6028	290.3000116
6029	290.3000116
6030	290.4999852
6031	290.6000018
6032	290.6000018
6033	290.6000018
6034	290.6999886
6035	290.8000052
6036	290.6999886
6037	290.899992
6038	291.3999856
6039	291.2999988
6040	291.5000021
6041	291.5000021
6042	291.5999889
6043	291.5999889
6044	291.5999889
6045	291.5000021
6046	291.3999856
6047	291.5999889
6048	291.5999889
6049	291.5999889
6050	291.7000055
6051	291.7000055
6052	291.5999889
6053	291.9000089
6054	291.9000089
6055	292.1000123
6056	292.1999991
6057	291.9000089
6058	292.1000123
6059	291.9999957
6060	291.9999957
6061	291.9999957
6062	292.1999991
6063	292.1999991
6064	292.2999859
6065	291.9999957
6066	292.2999859
6067	292.4999893
6068	292.4999893
6069	292.1999991
6070	292.4999893
6071	292.4999893
6072	292.4999893
6073	292.6999927
6074	292.4000025
6075	292.4999893
6076	292.4999893
6077	292.4999893
6078	292.4999893
6079	292.6000059
6080	292.899996
6081	292.4999893
6082	292.6999927
6083	292.899996
6084	292.899996
6085	292.899996
6086	292.6999927
6087	292.6999927
6088	292.899996
6089	292.6999927
6090	292.6999927
6091	292.6999927
6092	292.6999927
6093	292.8000093
6094	292.6000059
6095	292.8000093
6096	292.899996
6097	292.8000093
6098	293.0000126
6099	293.0999994
6100	292.899996
6101	293.0999994
6102	293.0000126
6103	293.1999862
6104	293.0000126
6105	293.1999862
6106	293.3000028
6107	293.1999862
6108	293.1999862
6109	293.3000028
6110	293.1999862
6111	293.3000028
6112	292.899996
6113	293.0999994
6114	293.0999994
6115	293.1999862
6116	293.1999862
6117	293.1999862
6118	293.1999862
6119	293.1999862
6120	293.3000028
6121	292.899996
6122	293.0999994
6123	293.1999862
6124	293.1999862
6125	293.1999862
6126	293.1999862
6127	293.1999862
6128	293.1999862
6129	293.3000028
6130	293.3000028
6131	293.3999896
6132	293.5000062
6133	293.3999896
6134	293.5000062
6135	293.5000062
6136	293.7000096
6137	293.599993
6138	293.3999896
6139	293.5000062
6140	293.5000062
6141	293.3999896
6142	293.5000062
6143	293.3999896
6144	293.3999896
6145	293.5000062
6146	293.5000062
6147	293.3000028
6148	293.3999896
6149	293.3000028
6150	293.1999862
6151	293.5000062
6152	293.3000028
6153	293.5000062
6154	293.5000062
6155	293.5000062
6156	293.7000096
6157	293.3999896
6158	293.5000062
6159	293.3000028
6160	293.1999862
6161	293.1999862
6162	293.5000062
6163	293.3000028
6164	293.5000062
6165	293.599993
6166	293.5000062
6167	293.5000062
6168	293.3999896
6169	293.5000062
6170	293.5000062
6171	293.5000062
6172	293.5000062
6173	293.5000062
6174	293.5000062
6175	293.5000062
6176	293.7000096
6177	293.599993
6178	293.5000062
6179	293.7999964
6180	293.7000096
6181	293.5000062
6182	293.7000096
6183	293.5000062
6184	293.599993
6185	293.900013
6186	293.7999964
6187	293.7000096
6188	293.7999964
6189	293.7999964
6190	293.900013
6191	293.5000062
6192	293.7000096
6193	293.7999964
6194	293.7000096
6195	293.7999964
6196	293.599993
6197	293.7999964
6198	293.900013
6199	293.7999964
6200	293.900013
6201	293.7999964
6202	293.7999964
6203	293.7999964
6204	293.7999964
6205	293.7000096
6206	293.7000096
6207	293.7000096
6208	293.599993
6209	293.599993
6210	293.7999964
6211	293.7999964
6212	293.900013
6213	293.7999964
6214	293.7000096
6215	293.9999998
6216	293.900013
6217	293.7999964
6218	293.7000096
6219	293.7999964
6220	293.7999964
6221	293.599993
6222	293.7999964
6223	293.7999964
6224	293.900013
6225	293.900013
6226	293.900013
6227	293.9999998
6228	293.7999964
6229	293.7999964
6230	293.7999964
6231	293.9999998
6232	293.900013
6233	294.2000031
6234	294.0999866
6235	294.0999866
6236	294.0999866
6237	293.900013
6238	293.900013
6239	293.900013
6240	293.900013
6241	293.7999964
6242	293.9999998
6243	293.9999998
6244	294.0999866
6245	294.0999866
6246	293.9999998
6247	294.0999866
6248	294.0999866
6249	294.2999899
6250	294.2999899
6251	294.0999866
6252	294.2999899
6253	294.4000065
6254	294.4999933
6255	294.6999967
6256	294.4000065
6257	294.0999866
6258	294.8000133
6259	294.6999967
6260	294.4999933
6261	294.4999933
6262	294.2000031
6263	294.0999866
6264	293.9999998
6265	293.7999964
6266	293.7999964
6267	293.900013
6268	293.7999964
6269	293.9999998
6270	294.2999899
6271	294.4999933
6272	295.1999903
6273	295.8000004
6274	296.4000106
6275	296.7000008
6276	297.1000075
6277	297.8000045
6278	297.6999879
6279	298.299998
6280	298.5999882
6281	298.5999882
6282	298.5999882
6283	298.5999882
6284	298.7999916
6285	298.999995
6286	298.9000082
6287	298.999995
6288	299.1000116
6289	299.2999852
6290	299.2999852
6291	299.2999852
6292	299.2999852
6293	299.6000051
6294	299.6000051
6295	299.4999886
6296	299.6999919
6297	299.6000051
6298	299.6999919
6299	299.6000051
6300	299.6000051
6301	299.6000051
6302	299.8000085
6303	299.6999919
6304	299.6000051
6305	299.2999852
6306	299.4999886
6307	299.6000051
6308	299.6000051
6309	299.8999953
6310	300.0000119
6311	299.8999953
6312	299.8999953
6313	299.8000085
6314	299.8999953
6315	299.8000085
6316	299.8000085
6317	299.6999919
6318	299.6999919
6319	299.8999953
6320	299.8000085
6321	300.0000119
6322	300.0999987
6323	299.8000085
6324	299.6999919
6325	299.6000051
6326	299.6999919
6327	299.8999953
6328	299.8000085
6329	299.6000051
6330	299.8000085
6331	299.8000085
6332	299.6000051
6333	299.8000085
6334	299.8000085
6335	299.8999953
6336	299.8999953
6337	299.6999919
6338	299.8999953
6339	299.8999953
6340	300.0000119
6341	300.0999987
6342	300.3000021
6343	300.0999987
6344	300.3000021
6345	300.1999855
6346	300.3000021
6347	300.1999855
6348	300.3000021
6349	300.3000021
6350	300.3000021
6351	300.3000021
6352	300.1999855
6353	300.1999855
6354	299.8999953
6355	299.8000085
6356	299.8000085
6357	299.8999953
6358	299.8999953
6359	299.8999953
6360	299.8000085
6361	300.0999987
6362	299.8999953
6363	299.8999953
6364	299.6999919
6365	300.0000119
6366	299.8999953
6367	299.8999953
6368	300.0000119
6369	300.1999855
6370	300.1999855
6371	300.1999855
6372	300.0999987
6373	300.3000021
6374	300.3000021
6375	300.3000021
6376	300.3999889
6377	300.5999923
6378	300.5000055
6379	300.3999889
6380	300.3000021
6381	300.3999889
6382	300.3999889
6383	300.0999987
6384	300.3000021
6385	300.0999987
6386	300.3000021
6387	300.0000119
6388	300.3000021
6389	300.3999889
6390	300.3000021
6391	300.3999889
6392	300.3000021
6393	300.3000021
6394	300.3000021
6395	300.1999855
6396	300.0999987
6397	300.3000021
6398	300.3000021
6399	300.0999987
6400	300.0000119
6401	300.0999987
6402	300.3000021
6403	300.3000021
6404	300.3000021
6405	300.5000055
6406	300.3000021
6407	300.3000021
6408	300.3000021
6409	300.1999855
6410	300.3000021
6411	300.0999987
6412	299.8999953
6413	300.0999987
6414	299.8999953
6415	300.0000119
6416	300.0999987
6417	300.0000119
6418	300.0999987
6419	299.8999953
6420	300.1999855
6421	300.1999855
6422	300.0999987
6423	300.0999987
6424	300.3000021
6425	300.0999987
6426	300.0999987
6427	300.0999987
6428	300.0000119
6429	300.0999987
6430	300.0999987
6431	300.0999987
6432	300.1999855
6433	300.3000021
6434	300.5000055
6435	300.3000021
6436	300.3000021
6437	300.7000089
6438	300.9000123
6439	300.9000123
6440	301.2000024
6441	301.2000024
6442	301.2999892
6443	301.4999926
6444	301.4999926
6445	301.4999926
6446	301.2999892
6447	300.9000123
6448	299.8999953
6449	297.6999879
6450	294.2000031
6451	291.9000089
6452	287.6999974
6453	283.6999893
6454	280.0000012
6455	278.2999873
6456	275.7999897
6457	273.999989
6458	273.0000019
6459	272.7999985
6460	272.5999951
6461	272.8999853
6462	273.2000053
6463	273.999989
6464	275.000006
6465	276.3000131
6466	276.8999934
6467	277.7999938
6468	278.8999975
6469	280.0000012
6470	280.4999948
6471	281.3000083
6472	282.2000086
6473	282.799989
6474	283.3999991
6475	283.8999927
6476	284.7000062
6477	285.100013
6478	285.4000032
6479	286.1000001
6480	286.3999903
6481	286.7000103
6482	287.0000005
6483	287.2000039
6484	287.6000106
6485	287.6999974
6486	288.1000042
6487	288.3999944
6488	288.7000144
6489	288.8000011
6490	289.0000045
6491	289.2999947
6492	289.4000113
6493	289.4999981
6494	289.7000015
6495	289.9999917
6496	289.9999917
6497	290.1000082
6498	290.3000116
6499	290.4999852
6500	290.4999852
6501	290.4999852
6502	290.4999852
6503	290.8000052
6504	290.8000052
6505	290.899992
6506	290.899992
6507	291.200012
6508	291.200012
6509	291.2999988
6510	291.3999856
6511	291.3999856
6512	291.5999889
6513	291.5999889
6514	291.5999889
6515	291.5999889
6516	291.7000055
6517	291.7000055
6518	291.7999923
6519	291.7000055
6520	291.7999923
6521	291.5999889
6522	291.9000089
6523	291.9000089
6524	292.1999991
6525	291.9999957
6526	292.1000123
6527	292.1000123
6528	292.1999991
6529	292.1000123
6530	292.1999991
6531	292.2999859
6532	292.2999859
6533	292.4000025
6534	292.4999893
6535	292.4999893
6536	292.4999893
6537	292.4999893
6538	292.4999893
6539	292.6000059
6540	292.4999893
6541	292.4999893
6542	292.4999893
6543	292.4999893
6544	292.6000059
6545	292.8000093
6546	292.6999927
6547	292.6999927
6548	292.899996
6549	292.899996
6550	292.8000093
6551	292.899996
6552	292.899996
6553	292.899996
6554	293.0999994
6555	293.0000126
6556	292.899996
6557	293.0000126
6558	292.899996
6559	292.899996
6560	293.0999994
6561	293.0000126
6562	293.1999862
6563	292.899996
6564	292.899996
6565	293.0000126
6566	292.899996
6567	293.0000126
6568	293.1999862
6569	293.1999862
6570	293.1999862
6571	293.1999862
6572	293.1999862
6573	293.3999896
6574	293.5000062
6575	293.5000062
6576	293.5000062
6577	293.5000062
6578	293.5000062
6579	293.599993
6580	293.3999896
6581	293.5000062
6582	293.3999896
6583	293.5000062
6584	293.3999896
6585	293.3999896
6586	293.5000062
6587	293.3999896
6588	293.5000062
6589	293.5000062
6590	293.5000062
6591	293.7000096
6592	293.7000096
6593	293.7000096
6594	293.599993
6595	293.7999964
6596	293.7999964
6597	293.7999964
6598	293.7999964
6599	293.7999964
6600	293.7999964
6601	293.7999964
6602	293.9999998
6603	293.7999964
6604	293.900013
6605	293.7999964
6606	293.7999964
6607	293.7999964
6608	293.9999998
6609	293.7999964
6610	293.900013
6611	293.7999964
6612	293.9999998
6613	294.0999866
6614	293.9999998
6615	293.9999998
6616	294.2000031
6617	293.7999964
6618	294.0999866
6619	294.2000031
6620	294.0999866
6621	293.9999998
6622	294.0999866
6623	293.7999964
6624	293.9999998
6625	294.2999899
6626	294.0999866
6627	294.2000031
6628	294.0999866
6629	294.0999866
6630	293.9999998
6631	293.900013
6632	293.7999964
6633	293.900013
6634	293.7000096
6635	293.7000096
6636	293.7999964
6637	293.7999964
6638	293.900013
6639	293.900013
6640	294.0999866
6641	293.9999998
6642	293.9999998
6643	294.0999866
6644	294.0999866
6645	293.900013
6646	293.9999998
6647	294.0999866
6648	294.0999866
6649	293.7999964
6650	293.7999964
6651	293.900013
6652	293.7999964
6653	293.7000096
6654	293.7000096
6655	293.7000096
6656	293.599993
6657	293.5000062
6658	293.5000062
6659	293.5000062
6660	293.3999896
6661	293.5000062
6662	293.599993
6663	293.599993
6664	293.7999964
6665	293.7000096
6666	293.7999964
6667	293.9999998
6668	293.7999964
6669	293.7999964
6670	293.7999964
6671	293.7999964
6672	293.599993
6673	293.7000096
6674	293.5000062
6675	293.5000062
6676	293.5000062
6677	293.599993
6678	293.599993
6679	293.5000062
6680	293.5000062
6681	293.599993
6682	293.5000062
6683	293.5000062
6684	293.599993
6685	293.599993
6686	293.7999964
6687	293.7999964
6688	293.7000096
6689	293.7000096
6690	293.599993
6691	293.599993
6692	293.5000062
6693	293.7000096
6694	293.599993
6695	293.7000096
6696	293.599993
6697	293.599993
6698	293.599993
6699	293.5000062
6700	293.5000062
6701	293.5000062
6702	293.5000062
6703	293.5000062
6704	293.5000062
6705	293.5000062
6706	293.5000062
6707	293.5000062
6708	293.3000028
6709	293.5000062
6710	293.3999896
6711	293.3999896
6712	293.3000028
6713	293.5000062
6714	293.5000062
6715	293.3000028
6716	293.3999896
6717	293.3999896
6718	293.3999896
6719	293.3999896
6720	293.3999896
6721	293.3000028
6722	293.5000062
6723	293.3999896
6724	293.3999896
6725	293.0999994
6726	293.0000126
6727	293.0999994
6728	293.1999862
6729	293.1999862
6730	293.3000028
6731	293.1999862
6732	293.3000028
6733	293.0999994
6734	292.899996
6735	292.8000093
6736	292.4999893
6737	292.2999859
6738	292.1999991
6739	292.2999859
6740	292.2999859
6741	292.4999893
6742	292.6999927
6743	292.6000059
6744	293.0000126
6745	293.3999896
6746	293.3000028
6747	293.9999998
6748	294.4999933
6749	295.1000035
6750	295.3000069
6751	295.7000136
6752	296.0999906
6753	296.2000072
6754	296.4999974
6755	296.7000008
6756	296.9000041
6757	297.1000075
6758	297.1999943
6759	297.3999977
6760	297.3999977
6761	297.5000143
6762	297.3999977
6763	297.5000143
6764	297.6999879
6765	297.8000045
6766	297.6999879
6767	297.8000045
6768	297.6999879
6769	298.0000079
6770	297.8999913
6771	298.2000113
6772	298.5999882
6773	298.5999882
6774	298.9000082
6775	298.7999916
6776	298.999995
6777	298.999995
6778	299.1000116
6779	298.999995
6780	298.9000082
6781	298.7999916
6782	298.999995
6783	298.999995
6784	298.9000082
6785	298.999995
6786	298.9000082
6787	298.7999916
6788	298.7999916
6789	298.9000082
6790	298.5999882
6791	298.5999882
6792	298.5999882
6793	298.299998
6794	298.0999947
6795	298.0000079
6796	298.0000079
6797	297.8999913
6798	297.6999879
6799	297.8999913
6800	297.6999879
6801	297.8000045
6802	297.8000045
6803	297.6000011
6804	297.5000143
6805	297.5000143
6806	297.6999879
6807	297.6999879
6808	297.8000045
6809	298.0000079
6810	297.6999879
6811	297.6999879
6812	297.6999879
6813	297.6999879
6814	297.6999879
6815	297.8999913
6816	298.0000079
6817	298.0000079
6818	298.0000079
6819	298.0999947
6820	298.2000113
6821	298.4000146
6822	298.299998
6823	298.2000113
6824	298.0000079
6825	298.0999947
6826	298.0999947
6827	298.0999947
6828	297.8999913
6829	297.8999913
6830	297.8000045
6831	297.6999879
6832	297.8999913
6833	298.0000079
6834	298.0000079
6835	298.0999947
6836	298.299998
6837	298.299998
6838	298.5999882
6839	298.4000146
6840	298.5999882
6841	298.5999882
6842	298.5999882
6843	298.5999882
6844	298.5000014
6845	298.4000146
6846	298.299998
6847	298.5999882
6848	298.7000048
6849	298.7000048
6850	298.7999916
6851	298.999995
6852	298.999995
6853	298.999995
6854	298.7999916
6855	298.7000048
6856	298.5999882
6857	298.5000014
6858	298.7000048
6859	298.9000082
6860	298.999995
6861	298.999995
6862	299.1999984
6863	299.2999852
6864	299.4000018
6865	299.4999886
6866	299.2999852
6867	299.4000018
6868	299.1999984
6869	299.1000116
6870	298.999995
6871	298.7999916
6872	298.7000048
6873	298.7999916
6874	298.7999916
6875	298.9000082
6876	298.7999916
6877	298.7000048
6878	298.9000082
6879	298.9000082
6880	298.9000082
6881	298.9000082
6882	298.9000082
6883	298.999995
6884	298.999995
6885	298.9000082
6886	298.9000082
6887	298.999995
6888	298.999995
6889	298.7999916
6890	298.7999916
6891	298.5999882
6892	298.7000048
6893	298.7000048
6894	298.9000082
6895	298.9000082
6896	298.999995
6897	298.999995
6898	299.1000116
6899	299.1000116
6900	299.2999852
6901	299.2999852
6902	299.2999852
6903	299.2999852
6904	299.1999984
6905	299.4000018
6906	299.2999852
6907	299.2999852
6908	299.2999852
6909	299.2999852
6910	298.999995
6911	299.2999852
6912	299.2999852
6913	299.6999919
6914	299.6999919
6915	299.8000085
6916	300.0999987
6917	300.1999855
6918	300.0999987
6919	300.1999855
6920	299.8999953
6921	298.7000048
6922	298.0000079
6923	295.1999903
6924	292.1999991
6925	288.3000076
6926	286.3000035
6927	282.2000086
6928	278.8000107
6929	275.7999897
6930	274.5000124
6931	273.0999887
6932	272.1999884
6933	271.8999982
6934	272.1999884
6935	272.5000083
6936	273.4999955
6937	274.1999924
6938	274.8999894
6939	275.9000063
6940	277.399987
6941	278.4999907
6942	279.1999876
6943	280.2000046
6944	281.3000083
6945	281.8000019
6946	282.7000022
6947	283.4999859
6948	284.2000127
6949	284.2999995
6950	285.100013
6951	286.0000134
6952	286.3000035
6953	286.7999971
6954	287.0999873
6955	287.6999974
6956	287.9999876
6957	288.1000042
6958	288.3000076
6959	288.7000144
6960	289.0000045
6961	289.0000045
6962	289.2000079
6963	289.4000113
6964	289.7999883
6965	289.7000015
6966	289.9999917
6967	289.9999917
6968	290.199995
6969	290.3000116
6970	290.6000018
6971	290.8000052
6972	290.8000052
6973	290.899992
6974	291.0999954
6975	291.0999954
6976	291.2999988
6977	291.3999856
6978	291.5999889
6979	291.5999889
6980	291.7999923
6981	291.7999923
6982	291.9000089
6983	291.9999957
6984	291.9999957
6985	291.9000089
6986	291.9999957
6987	292.1000123
6988	292.1999991
6989	292.1999991
6990	292.2999859
6991	292.1000123
6992	292.1999991
6993	292.2999859
6994	292.2999859
6995	292.2999859
6996	292.4999893
6997	292.6000059
6998	292.6000059
6999	292.8000093
7000	292.6999927
7001	293.0000126
7002	293.0999994
7003	293.0000126
7004	293.0000126
7005	293.1999862
7006	293.1999862
7007	293.1999862
7008	293.1999862
7009	293.1999862
7010	293.1999862
7011	293.1999862
7012	293.1999862
7013	293.1999862
7014	293.1999862
7015	293.3000028
7016	293.3000028
7017	293.3000028
7018	293.5000062
7019	293.5000062
7020	293.599993
7021	293.7000096
7022	293.7999964
7023	293.7000096
7024	293.5000062
7025	293.7999964
7026	293.599993
7027	293.599993
7028	293.7999964
7029	293.7999964
7030	293.7999964
7031	293.7999964
7032	293.7999964
7033	293.7000096
7034	293.599993
7035	293.5000062
7036	293.5000062
7037	293.7000096
7038	293.7000096
7039	293.7000096
7040	293.599993
7041	293.7999964
7042	293.7999964
7043	293.7999964
7044	293.599993
7045	293.599993
7046	293.599993
7047	293.7000096
7048	293.900013
7049	293.900013
7050	293.7999964
7051	293.900013
7052	293.900013
7053	293.7999964
7054	293.9999998
7055	294.2000031
7056	294.0999866
7057	293.900013
7058	294.2000031
7059	293.9999998
7060	294.0999866
7061	294.0999866
7062	294.0999866
7063	294.2000031
7064	294.0999866
7065	294.0999866
7066	293.900013
7067	293.7999964
7068	293.7999964
7069	293.9999998
7070	293.9999998
7071	293.9999998
7072	293.7999964
7073	294.0999866
7074	294.0999866
7075	294.0999866
7076	294.0999866
7077	293.900013
7078	294.0999866
7079	294.0999866
7080	294.0999866
7081	293.9999998
7082	294.0999866
7083	294.0999866
7084	294.0999866
7085	294.0999866
7086	293.9999998
7087	293.9999998
7088	294.0999866
7089	293.9999998
7090	294.0999866
7091	294.0999866
7092	293.9999998
7093	294.0999866
7094	293.900013
7095	293.900013
7096	293.9999998
7097	294.0999866
7098	293.900013
7099	293.900013
7100	293.900013
7101	293.9999998
7102	293.9999998
7103	293.7999964
7104	293.900013
7105	293.900013
7106	293.7999964
7107	293.7999964
7108	293.7999964
7109	293.7999964
7110	293.900013
7111	293.900013
7112	293.7999964
7113	293.900013
7114	293.900013
7115	293.7999964
7116	293.900013
7117	293.7999964
7118	293.7999964
7119	293.599993
7120	293.7000096
7121	293.7999964
7122	293.7000096
7123	293.599993
7124	293.7999964
7125	293.7000096
7126	293.7000096
7127	293.7000096
7128	293.5000062
7129	293.7000096
7130	293.7999964
7131	293.7000096
7132	293.7999964
7133	293.7999964
7134	293.7999964
7135	293.7999964
7136	293.7999964
7137	293.7999964
7138	293.7000096
7139	293.7999964
7140	293.7999964
7141	293.7999964
7142	293.7999964
7143	293.7000096
7144	293.599993
7145	293.7999964
7146	293.599993
7147	293.5000062
7148	293.5000062
7149	293.3999896
7150	293.5000062
7151	293.5000062
7152	293.5000062
7153	293.3999896
7154	293.3000028
7155	293.5000062
7156	293.5000062
7157	293.5000062
7158	293.5000062
7159	293.7000096
7160	293.5000062
7161	293.5000062
7162	293.599993
7163	293.7000096
7164	293.7000096
7165	293.5000062
7166	293.5000062
7167	293.5000062
7168	293.599993
7169	293.3999896
7170	293.5000062
7171	293.5000062
7172	293.3999896
7173	293.3999896
7174	293.5000062
7175	293.3999896
7176	293.5000062
7177	293.5000062
7178	293.1999862
7179	293.3999896
7180	293.5000062
7181	293.599993
7182	293.5000062
7183	293.5000062
7184	293.3999896
7185	293.5000062
7186	293.3999896
7187	293.5000062
7188	293.3000028
7189	293.5000062
7190	293.3999896
7191	293.3000028
7192	293.3000028
7193	293.3000028
7194	293.1999862
7195	293.3000028
7196	293.3999896
7197	293.3999896
7198	293.3999896
7199	293.1999862
7200	293.3999896
7201	293.1999862
7202	293.7999964
7203	293.3000028
7204	293.5000062
7205	293.5000062
7206	293.5000062
7207	293.5000062
7208	293.5000062
7209	293.1999862
7210	293.0000126
7211	292.899996
7212	292.899996
7213	292.6000059
7214	292.6000059
7215	292.6999927
7216	293.0000126
7217	293.5000062
7218	293.599993
7219	293.9999998
7220	294.2999899
7221	294.4000065
7222	294.6000099
7223	294.9999869
7224	295.3999937
7225	295.5000103
7226	295.7000136
7227	295.8999872
7228	296.0999906
7229	296.0999906
7230	296.0999906
7231	296.299994
7232	296.4000106
7233	296.4999974
7234	296.7000008
7235	296.7000008
7236	296.9000041
7237	296.7999876
7238	297.1000075
7239	297.1999943
7240	297.3000109
7241	297.3000109
7242	297.3999977
7243	297.1999943
7244	297.1999943
7245	297.3000109
7246	297.5000143
7247	297.3999977
7248	297.3999977
7249	297.6000011
7250	297.3000109
7251	297.3000109
7252	297.1999943
7253	297.1000075
7254	297.3999977
7255	297.3000109
7256	297.3999977
7257	297.3999977
7258	297.3999977
7259	297.3999977
7260	297.3999977
7261	297.3999977
7262	297.3000109
7263	296.9999909
7264	296.9000041
7265	296.9999909
7266	297.1999943
7267	297.3000109
7268	296.9999909
7269	297.1999943
7270	297.1000075
7271	297.3000109
7272	296.9999909
7273	297.3999977
7274	297.3999977
7275	297.3999977
7276	297.3999977
7277	297.6999879
7278	297.8000045
7279	297.6000011
7280	297.5000143
7281	297.6000011
7282	297.3999977
7283	297.5000143
7284	297.3999977
7285	297.1999943
7286	297.1999943
7287	297.1999943
7288	296.9000041
7289	296.9999909
7290	296.9000041
7291	296.7000008
7292	296.7999876
7293	296.600014
7294	296.4999974
7295	296.4000106
7296	296.4999974
7297	296.4999974
7298	296.4000106
7299	296.0999906
7300	295.8999872
7301	295.8000004
7302	295.8000004
7303	295.8000004
7304	295.8000004
7305	295.599997
7306	295.7000136
7307	295.8000004
7308	295.8000004
7309	295.7000136
7310	295.8000004
7311	295.8000004
7312	295.8000004
7313	295.8000004
7314	296.0000038
7315	296.0999906
7316	296.299994
7317	296.4000106
7318	296.4000106
7319	296.600014
7320	296.600014
7321	296.7000008
7322	296.7000008
7323	296.9000041
7324	296.7000008
7325	296.9000041
7326	296.9999909
7327	296.9999909
7328	296.7000008
7329	296.7000008
7330	296.7000008
7331	296.7999876
7332	296.600014
7333	296.4999974
7334	296.299994
7335	296.4000106
7336	296.299994
7337	296.299994
7338	296.2000072
7339	296.299994
7340	296.4999974
7341	296.4000106
7342	296.600014
7343	296.4000106
7344	296.4000106
7345	296.2000072
7346	296.4000106
7347	296.2000072
7348	296.4000106
7349	296.4000106
7350	296.600014
7351	296.4000106
7352	296.4000106
7353	296.299994
7354	296.2000072
7355	296.2000072
7356	296.299994
7357	296.299994
7358	296.4000106
7359	296.600014
7360	296.600014
7361	296.600014
7362	296.4999974
7363	296.4999974
7364	296.7000008
7365	296.9999909
7366	296.9999909
7367	297.1999943
7368	297.5000143
7369	298.0000079
7370	298.0000079
7371	298.2000113
7372	298.5000014
7373	298.9000082
7374	298.999995
7375	298.999995
7376	298.999995
7377	299.1000116
7378	298.9000082
7379	298.999995
7380	298.999995
7381	298.7999916
7382	298.5999882
7383	298.5000014
7384	298.7000048
7385	298.5000014
7386	298.7000048
7387	298.5999882
7388	298.7999916
7389	298.7999916
7390	298.9000082
7391	298.999995
7392	298.999995
7393	298.7999916
7394	298.5999882
7395	298.0000079
7396	296.4999974
7397	294.2999899
7398	292.6999927
7399	288.8000011
7400	285.100013
7401	281.3000083
7402	279.5999944
7403	276.3999999
7404	273.9000022
7405	272.7999985
7406	271.299988
7407	270.5000043
7408	270.2000141
7409	270.3000009
7410	270.5999911
7411	271.299988
7412	272.1999884
7413	272.5999951
7414	273.4999955
7415	274.699986
7416	275.4999995
7417	276.1000097
7418	277.0999968
7419	278.1000137
7420	278.8000107
7421	279.3000042
7422	280.0000012
7423	280.6999981
7424	281.3000083
7425	281.5999985
7426	282.099992
7427	282.4999988
7428	282.7000022
7429	283.100009
7430	283.4999859
7431	283.8999927
7432	284.0999961
7433	284.2000127
7434	284.5000029
7435	284.799993
7436	284.799993
7437	285.100013
7438	285.49999
7439	285.6999934
7440	285.8999968
7441	286.0000134
7442	286.1000001
7443	286.3999903
7444	286.3999903
7445	286.3999903
7446	286.7000103
7447	286.9000137
7448	286.9000137
7449	287.0999873
7450	287.2000039
7451	287.2999907
7452	287.2999907
7453	287.4000072
7454	287.6999974
7455	287.6999974
7456	287.800014
7457	287.6999974
7458	287.800014
7459	287.9000008
7460	287.9999876
7461	287.9999876
7462	288.1000042
7463	287.9999876
7464	288.3000076
7465	288.3999944
7466	288.3000076
7467	288.3000076
7468	288.500011
7469	288.3000076
7470	288.3999944
7471	288.500011
7472	288.3000076
7473	288.3999944
7474	288.3999944
7475	288.7000144
7476	288.7000144
7477	288.8999879
7478	288.8999879
7479	289.0000045
7480	289.0000045
7481	289.2000079
7482	289.0999913
7483	289.2999947
7484	289.2999947
7485	289.2999947
7486	289.4000113
7487	289.4000113
7488	289.4000113
7489	289.4999981
7490	289.2999947
7491	289.4000113
7492	289.6000147
7493	289.4999981
7494	289.4999981
7495	289.6000147
7496	289.7000015
7497	289.6000147
7498	289.6000147
7499	289.7000015
7500	289.7999883
7501	289.7999883
7502	289.9000049
7503	290.1000082
7504	289.9000049
7505	289.9999917
7506	289.9999917
7507	289.9999917
7508	289.9000049
7509	289.9999917
7510	290.1000082
7511	290.1000082
7512	289.9999917
7513	289.9999917
7514	289.9999917
7515	289.9999917
7516	290.1000082
7517	290.1000082
7518	289.9999917
7519	289.9999917
7520	289.9000049
7521	289.7999883
7522	289.9000049
7523	289.9000049
7524	289.6000147
7525	289.7999883
7526	289.6000147
7527	289.6000147
7528	289.6000147
7529	289.6000147
7530	289.6000147
7531	289.6000147
7532	289.6000147
7533	289.6000147
7534	289.9000049
7535	289.9999917