1	279.4599915
2	279.480011
3	279.5400085
4	279.5400085
5	279.5400085
6	279.480011
7	279.5400085
8	279.5
9	279.5
10	279.4599915
11	279.3500061
12	279.269989
13	279.6199951
14	279.980011
15	280.1900024
16	280.2900085
17	280.480011
18	280.519989
19	280.5799866
20	280.6300049
21	280.6499939
22	280.6499939
23	280.6900024
24	280.5799866
25	280.5400085
26	280.6300049
27	280.7900085
28	280.769989
29	280.769989
30	281.019989
31	280.769989
32	280.7099915
33	280.3800049
34	280.25
35	280.2099915
36	280.0799866
37	280.1499939
38	280.019989
39	279.9599915
40	279.730011
41	279.8299866
42	279.8699951
43	279.8099976
44	280.3500061
45	280.519989
46	280.6900024
47	280.5799866
48	280.6499939
49	280.6300049
50	280.5
51	280.519989
52	280.5
53	280.480011
54	280.480011
55	280.480011
56	280.6499939
57	280.75
58	280.8599854
59	280.9200134
60	280.769989
61	280.769989
62	280.9200134
63	281.0700073
64	280.9400024
65	280.8800049
66	280.8099976
67	280.8999939
68	280.8999939
69	280.6900024
70	280.480011
71	280.5400085
72	280.5799866
73	280.519989
74	280.5400085
75	280.519989
76	280.5
77	280.3999939
78	280.1900024
79	279.9599915
80	279.9200134
81	279.8099976
82	279.8099976
83	279.6199951
84	279.4100037
85	279.3299866
86	279.4100037
87	279.519989
88	279.519989
89	279.5400085
90	279.480011
91	279.3299866
92	279.2900085
93	279.2900085
94	279.3699951
95	279.6000061
96	279.5799866
97	279.519989
98	279.9400024
99	280.2900085
100	280.2900085
101	280.7099915
102	280.8599854
103	280.9400024
104	280.9400024
105	280.8800049
106	280.8599854
107	280.8599854
108	280.9200134
109	280.9200134
110	281.2099915
111	281.5299988
112	281.7799988
113	281.9200134
114	281.9200134
115	282.3399963
116	282.4700012
117	282.4899902
118	282.4500122
119	282.3999939
120	282.4700012
121	282.3999939
122	282.3200073
123	282.4299927
124	282.4500122
125	282.4500122
126	282.4500122
127	282.6099854
128	282.7000122
129	282.7399902
130	282.7799988
131	282.7200012
132	282.7200012
133	282.5899963
134	282.5899963
135	282.5700073
136	282.6600037
137	282.5499878
138	282.5700073
139	282.5700073
140	282.5700073
141	282.5299988
142	282.5499878
143	282.6099854
144	282.6799927
145	282.7000122
146	282.5700073
147	282.6799927
148	282.7799988
149	282.7600098
150	282.6600037
151	282.6600037
152	282.6600037
153	282.6300049
154	282.6600037
155	282.5100098
156	282.7600098
157	282.7999878
158	282.7600098
159	282.7600098
160	282.6799927
161	282.5700073
162	282.5100098
163	282.5299988
164	282.5299988
165	282.6099854
166	282.6099854
167	282.7200012
168	282.8599854
169	282.7399902
170	282.5499878
171	282.5499878
172	282.7200012
173	282.6300049
174	282.7000122
175	282.6099854
176	282.6099854
177	282.6099854
178	282.7799988
179	282.7399902
180	282.7399902
181	282.6099854
182	282.6300049
183	282.5700073
184	282.6099854
185	282.5299988
186	282.5499878
187	282.5899963
188	282.5899963
189	282.5700073
190	282.4500122
191	282.5499878
192	282.5499878
193	282.4500122
194	282.3999939
195	282.5499878
196	282.5499878
197	282.6300049
198	282.6799927
199	282.6799927
200	282.7000122
201	282.6600037
202	282.3999939
203	282.3999939
204	282.3599854
205	282.4899902
206	282.4500122
207	282.5700073
208	282.4500122
209	282.4700012
210	282.4700012
211	282.4299927
212	282.5100098
213	282.5299988
214	282.5899963
215	282.5700073
216	282.6099854
217	282.7000122
218	282.7600098
219	282.8399963
220	282.7399902
221	282.7200012
222	282.7000122
223	282.7200012
224	282.7600098
225	282.9299927
226	282.9700012
227	282.9899902
228	282.8900146
229	282.8599854
230	282.7200012
231	282.6099854
232	282.5499878
233	282.7600098
234	282.7799988
235	282.7799988
236	282.5700073
237	282.6099854
238	282.5899963
239	282.7000122
240	282.7399902
241	282.6799927
242	282.6799927
243	282.3999939
244	282.2399902
245	282.2200012
246	282.1099854
247	282.3200073
248	282.3800049
249	282.3399963
250	282.5299988
251	282.5299988
252	282.5100098
253	282.6600037
254	282.9299927
255	282.8200073
256	282.7600098
257	282.7399902
258	282.8200073
259	282.9100037
260	282.5899963
261	282.4500122
262	282.3200073
263	282.4500122
264	282.5899963
265	282.5700073
266	282.6600037
267	282.6600037
268	282.4700012
269	282.5299988
270	282.6099854
271	282.7399902
272	282.7200012
273	282.5700073
274	282.5700073
275	282.1300049
276	281.8999939
277	281.9400024
278	281.9200134
279	281.9200134
280	281.8599854
281	281.8599854
282	281.7999878
283	281.6499939
284	281.5899963
285	281.5299988
286	281.269989
287	281.230011
288	281.0899963
289	280.7099915
290	280.5799866
291	279.9200134
292	279.1600037
293	278.2399902
294	277.7399902
295	277.3399963
296	275.7999878
297	275.3599854
298	274.6900024
299	274.269989
300	274.0599976
301	273.9299927
302	273.8699951
303	273.9599915
304	273.980011
305	274.1900024
306	274.1900024
307	274.769989
308	275.1300049
309	275.480011
310	276.230011
311	276.7799988
312	277.0100098
313	277.0100098
314	277.4899902
315	277.6400146
316	277.7399902
317	277.7799988
318	277.9100037
319	277.8500061
320	277.9700012
321	278.4100037
322	278.4500122
323	278.4700012
324	278.6400146
325	278.6000061
326	278.7000122
327	278.7200012
328	278.9700012
329	279.0799866
330	279.0799866
331	278.9700012
332	278.8099976
333	278.4700012
334	278.3299866
335	278.2799988
336	278.2799988
337	278.5799866
338	278.9299927
339	279.1799927
340	279.519989
341	279.5599976
342	279.6600037
343	280.4400024
344	281.3200073
345	281.3200073
346	282.0499878
347	281.480011
348	281.2999878
349	281.1099854
350	280.480011
351	279.6000061
352	279.6000061
353	279.5599976
354	279.5599976
355	279.1199951
356	278.2399902
357	278.4299927
358	278.3299866
359	278.1799927
360	278.4899902
361	278.5799866
362	279.1199951
363	279.5400085
364	279.75
365	279.8099976
366	279.9200134
367	279.8900146
368	280.0400085
369	280.2099915
370	280.1199951
371	280.269989
372	280.1900024
373	280.1700134
374	279.9200134
375	279.730011
376	279.519989
377	279.519989
378	279.1400146
379	278.9500122
380	279
381	279
382	279.1400146
383	279.1600037
384	279.1600037
385	279.4100037
386	279.480011
387	279.3900146
388	279.3099976
389	278.9500122
390	278.8500061
391	278.8500061
392	278.6799927
393	278.6199951
394	278.6199951
395	278.7200012
396	278.7000122
397	278.6799927
398	278.6199951
399	278.6199951
400	278.5799866
401	278.5100098
402	278.4500122
403	278.4500122
404	278.3699951
405	278.3099976
406	278.2399902
407	278.2000122
408	278.3500061
409	278.3099976
410	278.2200012
411	278.2600098
412	278.3699951
413	278.7000122
414	278.7200012
415	279.0599976
416	279.0599976
417	279.9200134
418	280.1700134
419	280.3099976
420	280.4200134
421	280.2900085
422	280.1700134
423	280.1700134
424	280.25
425	280.3500061
426	280.3800049
427	280.2099915
428	279.9400024
429	279.8299866
430	279.730011
431	279.4299927
432	279.269989
433	279.2900085
434	279.6600037
435	279.9599915
436	280.0599976
437	280.1900024
438	280.4400024
439	280.3800049
440	280.3500061
441	280.2099915
442	280.3099976
443	280.5400085
444	280.5599976
445	280.6499939
446	280.5599976
447	280.5599976
448	280.5599976
449	280.480011
450	280.3800049
451	280.5
452	280.519989
453	280.6300049
454	280.480011
455	280.480011
456	280.4400024
457	280.5400085
458	280.6700134
459	280.5799866
460	280.5
461	280.5
462	280.5
463	280.3800049
464	280.269989
465	280.269989
466	280.230011
467	280.0599976
468	280.1199951
469	280.1700134
470	280.269989
471	280.2900085
472	280.25
473	280.1499939
474	280.25
475	280.3999939
476	280.3999939
477	280.5
478	280.5
479	280.480011
480	280.3999939
481	280.5
482	280.6099854
483	280.6099854
484	280.6499939
485	280.5599976
486	280.4599915
487	280.4599915
488	280
489	279.8500061
490	279.8500061
491	280.019989
492	279.980011
493	280.1199951
494	280.1199951
495	280.0799866
496	280.0799866
497	280.0599976
498	280.019989
499	280.019989
500	280.1499939
501	280.230011
502	280.3500061
503	280.3999939
504	280.3500061
505	280.480011
506	280.480011
507	280.5599976
508	280.5799866
509	280.7099915
510	280.769989
511	280.8399963
512	280.9599915
513	280.980011
514	280.980011
515	280.980011
516	280.7900085
517	280.6499939
518	280.480011
519	280.480011
520	280.3999939
521	280.3500061
522	280.3500061
523	280.1000061
524	280.0400085
525	279.9400024
526	279.9400024
527	279.75
528	279.7099915
529	279.8699951
530	280.1900024
531	280.3800049
532	280.5799866
533	280.5799866
534	280.8099976
535	280.7900085
536	280.75
537	280.6099854
538	280.6099854
539	280.6099854
540	280.5599976
541	280.5599976
542	280.6300049
543	280.5799866
544	280.6499939
545	280.6499939
546	280.6300049
547	280.6099854
548	280.6900024
549	280.769989
550	280.6499939
551	280.6700134
552	280.6499939
553	280.7099915
554	280.730011
555	280.7900085
556	280.6700134
557	280.7099915
558	280.7099915
559	280.8399963
560	280.8999939
561	280.8399963
562	280.769989
563	280.7099915
564	280.8099976
565	280.8099976
566	280.3800049
567	280.3299866
568	280.3099976
569	280.3800049
570	280.5599976
571	280.6499939
572	280.6900024
573	280.6099854
574	280.5799866
575	280.6499939
576	280.6900024
577	280.6300049
578	280.5599976
579	280.6099854
580	280.6900024
581	280.8099976
582	281.019989
583	281.230011
584	281.3399963
585	281.5899963
586	281.6499939
587	281.8800049
588	281.9400024
589	282.0700073
590	282.2799988
591	282.4500122
592	282.4700012
593	282.3599854
594	282.3999939
595	282.3999939
596	282.2600098
597	282.2600098
598	282.2399902
599	282.1099854
600	282.1300049
601	282.3200073
602	282.3999939
603	282.5499878
604	282.5499878
605	282.5100098
606	282.5499878
607	282.3800049
608	282.4700012
609	282.5100098
610	282.5700073
611	282.5299988
612	282.3800049
613	282.3599854
614	282.4299927
615	282.4899902
616	282.3999939
617	282.4500122
618	282.4500122
619	282.5899963
620	282.5899963
621	282.5700073
622	282.4899902
623	282.5899963
624	282.6799927
625	282.5899963
626	282.6099854
627	282.4700012
628	282.4700012
629	282.4700012
630	282.4899902
631	282.3599854
632	282.3800049
633	282.3999939
634	282.3200073
635	282.3800049
636	282.3800049
637	282.3200073
638	282.4299927
639	282.4299927
640	282.4299927
641	282.4500122
642	282.4899902
643	282.4899902
644	282.3999939
645	282.4899902
646	282.4700012
647	282.4299927
648	282.4700012
649	282.4899902
650	282.5299988
651	282.3999939
652	282.3599854
653	282.3200073
654	282.3200073
655	282.2999878
656	282.3200073
657	282.2799988
658	282.3200073
659	282.3399963
660	282.3399963
661	282.2799988
662	282.2999878
663	282.1300049
664	282.1099854
665	282.2200012
666	282.3200073
667	282.2799988
668	282.2799988
669	282.4500122
670	282.2399902
671	282.2799988
672	282.2999878
673	282.3399963
674	282.2399902
675	282.2399902
676	282.3399963
677	282.3999939
678	282.3200073
679	282.4700012
680	282.5299988
681	282.5100098
682	282.4299927
683	282.5700073
684	282.5700073
685	282.4299927
686	282.4899902
687	282.4299927
688	282.4700012
689	282.4500122
690	282.3999939
691	282.4299927
692	282.5100098
693	282.4500122
694	282.5700073
695	282.6600037
696	282.6600037
697	282.5700073
698	282.5499878
699	282.7600098
700	282.7600098
701	282.6799927
702	282.6300049
703	282.5100098
704	282.2600098
705	282.2399902
706	282.3399963
707	282.3399963
708	282.2200012
709	282.2000122
710	282.1700134
711	282.4700012
712	282.4500122
713	282.4700012
714	282.4700012
715	282.3800049
716	282.5299988
717	282.5499878
718	282.7399902
719	282.6600037
720	282.6600037
721	282.6799927
722	282.5499878
723	282.4500122
724	282.3200073
725	282.2799988
726	282.1700134
727	282.1499939
728	282.2600098
729	282.2399902
730	282.2200012
731	282.2000122
732	282.3599854
733	282.4700012
734	282.5700073
735	282.5700073
736	282.5700073
737	282.5700073
738	282.3399963
739	282.3399963
740	282.3999939
741	282.3200073
742	282.3399963
743	282.4700012
744	282.4899902
745	282.3800049
746	282.3800049
747	282.2600098
748	282.1300049
749	282.0299988
750	281.9200134
751	281.8599854
752	281.7099915
753	281.5700073
754	281.1700134
755	281.2099915
756	281.2999878
757	281.25
758	281.269989
759	281.2999878
760	281.3399963
761	281.1900024
762	281.0700073
763	280.3800049
764	279.480011
765	279.1199951
766	278.4100037
767	277.9700012
768	276.9899902
769	275.8999939
770	274.9400024
771	274.9400024
772	273.9100037
773	273.6600037
774	273.6799927
775	273.75
776	273.8699951
777	274.269989
778	274.269989
779	275.4400024
780	276.1300049
781	276.3399963
782	276.8399963
783	277.2600098
784	277.5899963
785	277.5899963
786	277.7799988
787	278.1199951
788	278.2000122
789	277.9899902
790	277.7000122
791	277.5700073
792	277.5299988
793	277.2600098
794	277.2200012
795	277.2399902
796	277.4299927
797	277.5499878
798	277.6199951
799	277.7200012
800	277.7200012
801	277.8699951
802	277.8200073
803	277.8500061
804	277.8699951
805	277.9500122
806	277.9700012
807	278.0299988
808	278.1000061
809	278.1199951
810	278.1199951
811	278.2799988
812	278.3500061
813	278.3500061
814	278.2399902
815	278.1199951
816	278.2799988
817	278.2799988
818	278.8299866
819	278.7399902
820	278.6799927
821	278.6199951
822	278.6000061
823	278.5100098
824	278.5100098
825	278.4299927
826	278.4299927
827	278.4100037
828	278.4299927
829	278.4100037
830	278.3699951
831	278.4100037
832	278.4299927
833	278.4899902
834	278.4100037
835	278.3900146
836	278.3500061
837	278.4100037
838	278.4899902
839	278.5799866
840	278.6000061
841	278.5100098
842	278.3500061
843	278.3500061
844	278.3099976
845	278.3099976
846	278.3500061
847	278.4500122
848	278.3099976
849	278.3099976
850	278.3500061
851	278.3900146
852	278.3900146
853	278.4899902
854	278.5100098
855	278.4299927
856	278.4299927
857	279.0799866
858	279.6400146
859	279.8500061
860	280.0799866
861	280.1900024
862	280.2900085
863	280.3099976
864	280.3800049
865	280.4200134
866	280.519989
867	280.4599915
868	280.519989
869	280.5
870	280.6300049
871	280.5799866
872	280.519989
873	280.4400024
874	280.4400024
875	280.4400024
876	280.4200134
877	280.3099976
878	280.4200134
879	280.6499939
880	280.75
881	280.75
882	280.8599854
883	280.8599854
884	280.8800049
885	280.6700134
886	280.5799866
887	280.6900024
888	280.6900024
889	280.8800049
890	280.8599854
891	280.8800049
892	280.9200134
893	280.9400024
894	280.8999939
895	280.8999939
896	280.5599976
897	280.6099854
898	280.6700134
899	280.769989
900	280.7099915
901	280.6700134
902	280.5599976
903	280.6700134
904	280.769989
905	280.9599915
906	280.9599915
907	280.8599854
908	280.730011
909	280.6499939
910	280.6300049
911	280.6099854
912	280.4200134
913	280.0599976
914	279.980011
915	279.9200134
916	279.9200134
917	280.1900024
918	280.2900085
919	280.3800049
920	280.3800049
921	280.75
922	280.9599915
923	280.9599915
924	280.8599854
925	280.6900024
926	280.6900024
927	280.6900024
928	280.6099854
929	280.3299866
930	280.269989
931	279.9200134
932	279.8699951
933	279.9599915
934	280.0799866
935	280.1900024
936	280.1499939
937	280.3299866
938	280.5400085
939	280.6300049
940	280.75
941	280.769989
942	280.730011
943	280.6499939
944	280.3500061
945	280.1499939
946	280.269989
947	280.4200134
948	280.5400085
949	280.6700134
950	280.8399963
951	280.9200134
952	280.9200134
953	280.5799866
954	280.3800049
955	280.2099915
956	280.1499939
957	280
958	280
959	280
960	280.4200134
961	280.5400085
962	280.5400085
963	280.5
964	280.6099854
965	280.75
966	280.75
967	280.75
968	280.8399963
969	280.7900085
970	280.5799866
971	280.6099854
972	280.6499939
973	280.75
974	280.8800049
975	280.8999939
976	280.9599915
977	281.0899963
978	281.0400085
979	281
980	281.0400085
981	281.019989
982	280.980011
983	280.8999939
984	280.8800049
985	280.7900085
986	280.480011
987	280.269989
988	279.9400024
989	279.8699951
990	279.730011
991	279.730011
992	279.6600037
993	279.6900024
994	279.7900085
995	279.8299866
996	279.9400024
997	280.1199951
998	280.1199951
999	280.3299866
1000	280.519989
1001	280.6300049
1002	280.6900024
1003	280.6900024
1004	280.75
1005	280.75
1006	280.7099915
1007	280.6499939
1008	280.6300049
1009	280.480011
1010	280.480011
1011	280.5599976
1012	280.5599976
1013	280.6300049
1014	280.6499939
1015	280.7099915
1016	280.6300049
1017	280.5799866
1018	280.6700134
1019	280.6499939
1020	280.75
1021	280.8599854
1022	280.8599854
1023	280.8999939
1024	280.9200134
1025	280.8399963
1026	280.8099976
1027	280.8099976
1028	280.8599854
1029	280.980011
1030	280.980011
1031	280.8999939
1032	281.019989
1033	281.019989
1034	281.0700073
1035	280.8599854
1036	280.5400085
1037	280.5400085
1038	280.1199951
1039	280.1499939
1040	280.1499939
1041	280.25
1042	280.2900085
1043	280.1000061
1044	279.9599915
1045	280.0400085
1046	280.0799866
1047	280.3099976
1048	280.4400024
1049	280.5400085
1050	280.5400085
1051	280.6300049
1052	280.6700134
1053	280.6700134
1054	280.8099976
1055	281.1300049
1056	281.1300049
1057	281.1099854
1058	281.1499939
1059	281.2099915
1060	281.2999878
1061	281.4400024
1062	281.4400024
1063	281.7799988
1064	281.8399963
1065	281.8999939
1066	281.9400024
1067	282.1099854
1068	282.1700134
1069	282.1700134
1070	282.2399902
1071	282.2000122
1072	282.1499939
1073	282.1700134
1074	282.1300049
1075	282.0899963
1076	281.9899902
1077	282.0899963
1078	282.1099854
1079	282.2399902
1080	282.0899963
1081	282.0899963
1082	282.1099854
1083	282.1700134
1084	282.2399902
1085	282.3599854
1086	282.4500122
1087	282.4299927
1088	282.3800049
1089	282.2999878
1090	282.3200073
1091	282.2200012
1092	282.0499878
1093	282.1300049
1094	282.2999878
1095	282.2600098
1096	282.2600098
1097	282.2000122
1098	282.1099854
1099	282.1099854
1100	282.2600098
1101	282.2600098
1102	282.2799988
1103	282.3599854
1104	282.3999939
1105	282.3999939
1106	282.3399963
1107	282.3399963
1108	282.3399963
1109	282.3800049
1110	282.3999939
1111	282.4700012
1112	282.4700012
1113	282.6300049
1114	282.5299988
1115	282.4700012
1116	282.4700012
1117	282.4700012
1118	282.4500122
1119	282.3599854
1120	282.2999878
1121	282.3800049
1122	282.3800049
1123	282.2399902
1124	282.3399963
1125	282.3800049
1126	282.5100098
1127	282.5499878
1128	282.6099854
1129	282.7000122
1130	282.6600037
1131	282.6099854
1132	282.3800049
1133	282.3800049
1134	282.3800049
1135	282.4700012
1136	282.5100098
1137	282.6300049
1138	283.2999878
1139	282.3399963
1140	282.3399963
1141	282.2399902
1142	281.8999939
1143	281.9400024
1144	281.8999939
1145	282.0899963
1146	282.2200012
1147	282.2200012
1148	282.2999878
1149	282.3800049
1150	282.3399963
1151	282.3399963
1152	282.2399902
1153	282.2600098
1154	282.2200012
1155	282.2200012
1156	282.2600098
1157	282.2200012
1158	282.2000122
1159	282.2799988
1160	282.2000122
1161	282.1700134
1162	282.0700073
1163	282.2600098
1164	282.2399902
1165	282.2799988
1166	282.2799988
1167	282.2399902
1168	282.2200012
1169	282.2799988
1170	282.2799988
1171	282.2600098
1172	282.2600098
1173	282.1700134
1174	282.0899963
1175	282.1499939
1176	282.2200012
1177	282.3800049
1178	282.2200012
1179	282.2200012
1180	282.3399963
1181	282.2999878
1182	282.3999939
1183	282.4700012
1184	282.6099854
1185	282.6300049
1186	282.6099854
1187	282.4299927
1188	282.3599854
1189	282.2999878
1190	282.2600098
1191	282.3399963
1192	282.2999878
1193	282.2000122
1194	282.2000122
1195	282.2000122
1196	282.3399963
1197	282.4700012
1198	282.5899963
1199	282.5899963
1200	282.6300049
1201	282.4700012
1202	282.4700012
1203	282.5499878
1204	282.5499878
1205	282.3399963
1206	282.4500122
1207	282.4500122
1208	282.4299927
1209	282.3599854
1210	282.3800049
1211	282.3800049
1212	282.3999939
1213	282.3599854
1214	282.2999878
1215	282.3200073
1216	282.3200073
1217	282.3999939
1218	282.3999939
1219	282.3200073
1220	282.3200073
1221	282.2600098
1222	282.0700073
1223	281.7999878
1224	281.7600098
1225	281.7600098
1226	281.8200073
1227	281.730011
1228	281.5700073
1229	281.4200134
1230	281.3399963
1231	281.0899963
1232	281
1233	280.730011
1234	280.75
1235	280.6499939
1236	280.480011
1237	280.2099915
1238	279.3699951
1239	278.8699951
1240	277.8200073
1241	276.6900024
1242	275.6499939
1243	275.6499939
1244	274.7099915
1245	274.3900146
1246	274.3500061
1247	274.519989
1248	274.75
1249	275.1700134
1250	275.1700134
1251	276.0299988
1252	276.5100098
1253	276.6900024
1254	277.0899963
1255	277.4100037
1256	277.4500122
1257	277.5499878
1258	277.7600098
1259	277.6400146
1260	277.5499878
1261	277.4500122
1262	277.6199951
1263	277.7399902
1264	277.9899902
1265	278.5100098
1266	278.6600037
1267	278.8900146
1268	279.0799866
1269	279.1199951
1270	279.1199951
1271	279.2000122
1272	279.1799927
1273	279.230011
1274	279.3299866
1275	279.3299866
1276	279.2000122
1277	278.8900146
1278	278.8900146
1279	278.9700012
1280	278.9700012
1281	279.0400085
1282	279.0400085
1283	278.9299927
1284	278.9299927
1285	279.0799866
1286	279.5400085
1287	279.6199951
1288	279.6199951
1289	279.6199951
1290	279.25
1291	279.269989
1292	279.2900085
1293	279.519989
1294	279.6199951
1295	279.6000061
1296	279.6000061
1297	279.3900146
1298	279.3299866
1299	279.1400146
1300	279.0799866
1301	279.0799866
1302	279.25
1303	279.3900146
1304	279.730011
1305	279.8699951
1306	279.9599915
1307	279.980011
1308	279.9400024
1309	280.0599976
1310	280.0599976
1311	279.980011
1312	280
1313	280.1000061
1314	280.1000061
1315	280.1199951
1316	280.269989
1317	280.3099976
1318	280.269989
1319	280.25
1320	280.3500061
1321	280.3500061
1322	280.3800049
1323	280.4400024
1324	280.3800049
1325	280.3099976
1326	280.2900085
1327	280.25
1328	280.1700134
1329	280.1199951
1330	279.980011
1331	280.0400085
1332	280.0799866
1333	280.0400085
1334	279.9200134
1335	279.8699951
1336	279.9599915
1337	280.019989
1338	280.1700134
1339	280.1000061
1340	280
1341	280.2099915
1342	280.3299866
1343	280.3099976
1344	280.3500061
1345	280.4400024
1346	280.2900085
1347	280.25
1348	280.0400085
1349	279.980011
1350	280.0599976
1351	280.1900024
1352	280.1000061
1353	280.1000061
1354	280.2099915
1355	280.25
1356	280.2099915
1357	280.1499939
1358	279.8900146
1359	279.519989
1360	279.519989
1361	279.269989
1362	279.1000061
1363	279.1000061
1364	278.9299927
1365	279.0799866
1366	279.3099976
1367	279.5400085
1368	279.8299866
1369	279.8699951
1370	279.8299866
1371	279.6900024
1372	279.6900024
1373	279.7099915
1374	279.6600037
1375	279.7099915
1376	279.7900085
1377	279.730011
1378	279.980011
1379	280.1199951
1380	280.25
1381	280.269989
1382	280.3999939
1383	280.4200134
1384	280.4200134
1385	280.4200134
1386	280.2900085
1387	280.2900085
1388	280.2900085
1389	280.2099915
1390	280.1700134
1391	280.2900085
1392	280.2900085
1393	280.1700134
1394	280
1395	280
1396	280.0400085
1397	280.0799866
1398	279.8900146
1399	279.8900146
1400	280.0400085
1401	280.0599976
1402	280.1000061
1403	280.2900085
1404	280.1900024
1405	280.1000061
1406	280.1499939
1407	280.0799866
1408	280.0599976
1409	280.25
1410	280.3299866
1411	280.3999939
1412	280.3999939
1413	280.3999939
1414	280.4400024
1415	280.4400024
1416	280.269989
1417	280.1900024
1418	280.2900085
1419	280.3999939
1420	280.3299866
1421	280.2099915
1422	280.269989
1423	280.3999939
1424	280.3999939
1425	280.4400024
1426	280.3500061
1427	280.1700134
1428	280.0799866
1429	280.1199951
1430	280.269989
1431	280.269989
1432	280.3500061
1433	280.5
1434	280.5400085
1435	280.5400085
1436	280.5599976
1437	280.6099854
1438	280.519989
1439	280.230011
1440	280.0799866
1441	279.8900146
1442	280.019989
1443	280.1700134
1444	280.2900085
1445	280.4200134
1446	280.519989
1447	280.5599976
1448	280.2900085
1449	279.9599915
1450	279.769989
1451	279.4599915
1452	279.2900085
1453	279.269989
1454	279.3099976
1455	279.5799866
1456	279.5799866
1457	279.8699951
1458	279.9200134
1459	279.8900146
1460	280.0599976
1461	280.25
1462	280.2900085
1463	280.2900085
1464	280.2099915
1465	280.0599976
1466	280.1499939
1467	280.3099976
1468	280.3800049
1469	280.4400024
1470	280.4400024
1471	280.3099976
1472	280.3099976
1473	280.2900085
1474	280.3299866
1475	280.2900085
1476	280.3099976
1477	280.3299866
1478	280.3500061
1479	280.4599915
1480	280.5599976
1481	280.6099854
1482	280.5
1483	280.4599915
1484	280.5599976
1485	280.480011
1486	280.5400085
1487	280.6099854
1488	280.6300049
1489	280.5400085
1490	280.6099854
1491	280.6099854
1492	280.2900085
1493	280.2099915
1494	280
1495	280
1496	279.8699951
1497	279.7099915
1498	279.7900085
1499	280.0799866
1500	280.25
1501	280.3500061
1502	280.3500061
1503	280.4599915
1504	280.4599915
1505	280.4400024
1506	280.25
1507	279.9599915
1508	279.75
1509	279.5799866
1510	279.5599976
1511	279.4299927
1512	279.4599915
1513	279.480011
1514	279.5400085
1515	279.5400085
1516	279.6400146
1517	279.5599976
1518	279.6900024
1519	280
1520	280.3099976
1521	280.3299866
1522	280.4200134
1523	280.4200134
1524	280.480011
1525	280.4400024
1526	280.5400085
1527	280.5400085
1528	280.6900024
1529	280.9400024
1530	281.019989
1531	281.25
1532	281.4200134
1533	281.3999939
1534	281.3999939
1535	281.5700073
1536	281.7099915
1537	281.8399963
1538	281.9599915
1539	281.9200134
1540	281.9200134
1541	281.9200134
1542	281.9400024
1543	281.9899902
1544	282.0100098
1545	282.1099854
1546	282.2200012
1547	282.2000122
1548	282.2000122
1549	282.2600098
1550	282.1300049
1551	282.2999878
1552	282.2999878
1553	282.2799988
1554	282.4500122
1555	282.5100098
1556	282.5100098
1557	282.5899963
1558	282.2999878
1559	282.2600098
1560	282.2999878
1561	282.2000122
1562	282.2200012
1563	282.1700134
1564	282.2000122
1565	282.3599854
1566	282.3599854
1567	282.3999939
1568	282.3800049
1569	282.3200073
1570	282.2999878
1571	282.1700134
1572	282.2399902
1573	282.2399902
1574	282.2600098
1575	282.2600098
1576	282.2200012
1577	282.2000122
1578	282.2000122
1579	282.1700134
1580	282.2999878
1581	282.3599854
1582	282.3800049
1583	282.3999939
1584	282.2999878
1585	282.2600098
1586	282.1499939
1587	282.1499939
1588	282.2799988
1589	282.3200073
1590	282.4700012
1591	282.5899963
1592	282.4700012
1593	282.4500122
1594	282.3599854
1595	282.4299927
1596	282.3399963
1597	282.3599854
1598	282.3599854
1599	282.2399902
1600	282.2799988
1601	282.3200073
1602	282.3399963
1603	282.3599854
1604	282.2799988
1605	282.2799988
1606	282.1300049
1607	282.2200012
1608	282.2399902
1609	282.3399963
1610	282.2999878
1611	282.1499939
1612	282.1499939
1613	282.3999939
1614	282.3999939
1615	282.3399963
1616	282.2799988
1617	282.2600098
1618	282.2399902
1619	282.1700134
1620	282.2000122
1621	282.2200012
1622	282.2399902
1623	282.3599854
1624	282.2799988
1625	282.2799988
1626	282.3399963
1627	282.2799988
1628	282.3800049
1629	282.3800049
1630	282.5100098
1631	282.4700012
1632	282.4299927
1633	282.3800049
1634	282.3200073
1635	282.2000122
1636	282.1300049
1637	282.1300049
1638	282.0100098
1639	281.9599915
1640	282.0499878
1641	282.1099854
1642	282.1700134
1643	282.0899963
1644	282.0899963
1645	282.2999878
1646	282.2999878
1647	282.2200012
1648	282.3200073
1649	282.3599854
1650	282.2999878
1651	282.2999878
1652	282.2200012
1653	282.1300049
1654	282.1499939
1655	282.0100098
1656	281.8800049
1657	281.8999939
1658	281.9899902
1659	282.0700073
1660	282.1499939
1661	282.1700134
1662	282.2799988
1663	282.2600098
1664	282.2000122
1665	282.2200012
1666	282.1499939
1667	282.1700134
1668	282.1099854
1669	282.2799988
1670	282.2000122
1671	282.0499878
1672	282.0899963
1673	282.1099854
1674	282.0700073
1675	282.0100098
1676	282.0100098
1677	282.1300049
1678	282.1099854
1679	282.1099854
1680	282.0899963
1681	282.2000122
1682	282.2399902
1683	282.2399902
1684	282.1700134
1685	282.2200012
1686	282.0899963
1687	282.0700073
1688	282.2399902
1689	282.1499939
1690	282.2600098
1691	282.2799988
1692	282.3399963
1693	282.4700012
1694	282.2600098
1695	281.9400024
1696	281.8599854
1697	281.6900024
1698	281.269989
1699	281.1700134
1700	281.0400085
1701	280.9400024
1702	281
1703	281.019989
1704	280.8999939
1705	280.9599915
1706	280.9599915
1707	280.75
1708	280.75
1709	280.3500061
1710	279.8900146
1711	279.3900146
1712	278.2000122
1713	277.1799927
1714	276.2600098
1715	276.2600098
1716	274.980011
1717	274.4599915
1718	274.3500061
1719	274.3500061
1720	274.2900085
1721	274.6499939
1722	274.6499939
1723	275.1700134
1724	275.3599854
1725	275.5899963
1726	275.9200134
1727	276.2799988
1728	276.3999939
1729	276.5700073
1730	276.9200134
1731	277.1099854
1732	277.2200012
1733	277.6199951
1734	277.6600037
1735	277.8500061
1736	277.7399902
1737	277.9700012
1738	278.0100098
1739	278.1799927
1740	278.2600098
1741	278.2600098
1742	278.4299927
1743	278.4899902
1744	278.5400085
1745	278.3699951
1746	278.2600098
1747	278.2600098
1748	278.4100037
1749	278.6199951
1750	278.769989
1751	279.0799866
1752	279.3099976
1753	279.2900085
1754	279.2900085
1755	279.1400146
1756	279.0799866
1757	278.8900146
1758	278.7200012
1759	278.4100037
1760	278.3099976
1761	278.3500061
1762	278.4899902
1763	278.6000061
1764	278.7399902
1765	278.9299927
1766	278.7399902
1767	278.769989
1768	278.6600037
1769	279.1199951
1770	279.2000122
1771	279.519989
1772	279.7900085
1773	279.730011
1774	279.9200134
1775	279.8699951
1776	279.8699951
1777	279.8900146
1778	279.8500061
1779	279.8500061
1780	279.5599976
1781	279.6199951
1782	279.769989
1783	279.9400024
1784	280
1785	280.0400085
1786	280.0400085
1787	280.0799866
1788	279.980011
1789	279.8500061
1790	279.519989
1791	279.230011
1792	279.2900085
1793	279.2900085
1794	279.6000061
1795	279.7900085
1796	279.8900146
1797	279.8500061
1798	279.75
1799	279.730011
1800	279.6000061
1801	279.519989
1802	279.5799866
1803	279.6199951
1804	279.75
1805	279.769989
1806	279.8099976
1807	279.8500061
1808	279.8500061
1809	279.6000061
1810	279.480011
1811	279.480011
1812	279.4100037
1813	279.6400146
1814	279.7099915
1815	279.6400146
1816	279.6900024
1817	279.4299927
1818	279.4299927
1819	279.6199951
1820	279.5599976
1821	279.3900146
1822	279.2000122
1823	279.269989
1824	279.5799866
1825	279.5799866
1826	279.5799866
1827	279.7099915
1828	279.7900085
1829	279.8299866
1830	279.980011
1831	280.019989
1832	280
1833	280.1000061
1834	280.1499939
1835	280.1700134
1836	280.0400085
1837	279.6900024
1838	279.6199951
1839	279.5
1840	279.1199951
1841	279.0799866
1842	278.8900146
1843	278.6799927
1844	278.7399902
1845	278.8099976
1846	278.8099976
1847	278.8699951
1848	279.0799866
1849	279.1000061
1850	279.1000061
1851	279.3699951
1852	279.5599976
1853	279.5799866
1854	279.7099915
1855	279.8900146
1856	279.9400024
1857	279.9400024
1858	279.8500061
1859	279.5599976
1860	279.3900146
1861	279.2000122
1862	279.4299927
1863	279.7099915
1864	279.7099915
1865	279.9200134
1866	279.9400024
1867	279.8900146
1868	279.7900085
1869	279.6900024
1870	279.769989
1871	280.019989
1872	279.3099976
1873	279.2000122
1874	279.0799866
1875	279.1400146
1876	279.1400146
1877	279.3699951
1878	279.3699951
1879	279.6199951
1880	279.7099915
1881	279.8699951
1882	280.0400085
1883	280.0400085
1884	280.0400085
1885	280.1199951
1886	280.1000061
1887	280.1199951
1888	280
1889	280
1890	279.9200134
1891	279.980011
1892	279.980011
1893	280.0400085
1894	280.1499939
1895	280.1499939
1896	280.1499939
1897	279.9200134
1898	279.9400024
1899	279.7900085
1900	279.8099976
1901	279.8299866
1902	279.8699951
1903	279.75
1904	279.730011
1905	279.7900085
1906	279.8500061
1907	279.9200134
1908	279.9599915
1909	279.9599915
1910	279.9200134
1911	280.0400085
1912	280.1000061
1913	280.1499939
1914	280.0599976
1915	280.0799866
1916	280.1499939
1917	280.230011
1918	280.230011
1919	280.3299866
1920	280.3500061
1921	280.1900024
1922	280.1499939
1923	279.9200134
1924	279.769989
1925	279.4299927
1926	279.1600037
1927	278.9100037
1928	278.9100037
1929	278.6799927
1930	278.6600037
1931	278.6600037
1932	278.5100098
1933	278.3900146
1934	278.5799866
1935	278.5799866
1936	279.3099976
1937	279.6000061
1938	279.6900024
1939	279.5599976
1940	279.6000061
1941	279.6000061
1942	279.6000061
1943	279.6000061
1944	279.6600037
1945	279.519989
1946	279.2000122
1947	279
1948	278.8099976
1949	278.7200012
1950	278.9700012
1951	279.1600037
1952	279.4599915
1953	279.730011
1954	279.7900085
1955	279.9400024
1956	279.9400024
1957	279.8699951
1958	279.5599976
1959	279.4599915
1960	279.4599915
1961	279.8099976
1962	280.019989
1963	280.0400085
1964	280.019989
1965	279.8299866
1966	279.5400085
1967	279.5400085
1968	279.019989
1969	278.9500122
1970	278.9100037
1971	278.7200012
1972	278.8699951
1973	279.019989
1974	279.019989
1975	279.3299866
1976	279.5400085
1977	279.6600037
1978	279.9400024
1979	280.019989
1980	280.1000061
1981	280.0599976
1982	280.0400085
1983	280.019989
1984	280.1000061
1985	280.1199951
1986	280.1499939
1987	280.1199951
1988	279.980011
1989	279.8500061
1990	279.6900024
1991	279.5599976
1992	279.6400146
1993	279.6000061
1994	279.6600037
1995	279.7099915
1996	279.8699951
1997	280
1998	280.0400085
1999	280.0400085
2000	280.0799866
2001	280.0400085
2002	280.1900024
2003	280.25
2004	280.4200134
2005	280.3099976
2006	280.3099976
2007	280.480011
2008	280.75
2009	280.8800049
2010	280.980011
2011	281.1900024
2012	281.2999878
2013	281.230011
2014	281.2999878
2015	281.3399963
2016	281.5700073
2017	281.6499939
2018	281.6700134
2019	281.7099915
2020	281.7099915
2021	281.6900024
2022	281.6099854
2023	281.5700073
2024	281.6300049
2025	281.5499878
2026	281.5
2027	281.5499878
2028	281.6499939
2029	281.5
2030	281.480011
2031	281.480011
2032	281.5899963
2033	281.6900024
2034	281.8200073
2035	281.8999939
2036	281.9200134
2037	281.8599854
2038	281.8599854
2039	281.7600098
2040	281.8399963
2041	281.7799988
2042	281.7999878
2043	281.6300049
2044	281.4200134
2045	281.4200134
2046	281.1300049
2047	281.0899963
2048	281.1300049
2049	281.1099854
2050	281.1300049
2051	281.1900024
2052	281.25
2053	281.6300049
2054	281.6499939
2055	281.5499878
2056	281.6099854
2057	281.7099915
2058	281.7999878
2059	281.7999878
2060	281.730011
2061	281.7799988
2062	281.5299988
2063	281.1499939
2064	281.1300049
2065	281.1499939
2066	281.1499939
2067	281.3599854
2068	281.6099854
2069	281.6499939
2070	281.6499939
2071	281.5499878
2072	281.6499939
2073	281.7999878
2074	281.8599854
2075	281.7799988
2076	281.7600098
2077	281.7600098
2078	281.5499878
2079	281.2999878
2080	281.269989
2081	281.1900024
2082	281.1300049
2083	281.1700134
2084	281.2099915
2085	281.4200134
2086	281.6300049
2087	281.6900024
2088	281.7099915
2089	281.6499939
2090	281.6499939
2091	281.6300049
2092	281.6700134
2093	281.7799988
2094	281.8599854
2095	281.7799988
2096	281.8399963
2097	281.8200073
2098	281.8800049
2099	281.8599854
2100	281.7600098
2101	281.6700134
2102	281.6700134
2103	281.6499939
2104	281.7099915
2105	281.7600098
2106	281.7799988
2107	281.7999878
2108	281.6499939
2109	281.6499939
2110	281.5299988
2111	281.6499939
2112	281.5700073
2113	281.6499939
2114	281.5499878
2115	281.6900024
2116	281.6900024
2117	281.7099915
2118	281.6499939
2119	281.6499939
2120	281.6300049
2121	281.6099854
2122	281.6300049
2123	281.5899963
2124	281.6099854
2125	281.6499939
2126	281.6700134
2127	281.6300049
2128	281.5499878
2129	281.6300049
2130	281.480011
2131	281.5899963
2132	281.5700073
2133	281.480011
2134	281.3999939
2135	281.3800049
2136	281.3599854
2137	281.3800049
2138	281.5299988
2139	281.6900024
2140	281.6499939
2141	281.6499939
2142	281.6499939
2143	281.6300049
2144	281.6300049
2145	281.4400024
2146	281.4200134
2147	281.5499878
2148	281.5499878
2149	281.6300049
2150	281.6300049
2151	281.6700134
2152	281.6499939
2153	281.6700134
2154	281.730011
2155	281.730011
2156	281.5899963
2157	281.6099854
2158	281.6300049
2159	281.6499939
2160	281.6300049
2161	281.6300049
2162	281.6700134
2163	281.7600098
2164	281.6300049
2165	281.6700134
2166	281.730011
2167	281.5700073
2168	281.480011
2169	281.4599915
2170	281.1900024
2171	280.980011
2172	280.8800049
2173	280.6300049
2174	280.3800049
2175	280.230011
2176	280.0799866
2177	280.1700134
2178	280.3099976
2179	280.5400085
2180	280.5400085
2181	280.6300049
2182	280.3099976
2183	280.1199951
2184	279.6000061
2185	278.8900146
2186	278.0100098
2187	278.0100098
2188	276.6300049
2189	275.730011
2190	275.25
2191	274.3699951
2192	273.8900146
2193	273.9100037
2194	273.9299927
2195	274.3299866
2196	274.5400085
2197	274.6499939
2198	274.6700134
2199	274.730011
2200	274.8299866
2201	275.0799866
2202	275.5400085
2203	275.480011
2204	275.6300049
2205	275.769989
2206	275.7999878
2207	275.8800049
2208	276
2209	276.1700134
2210	276.1499939
2211	276.2799988
2212	276.2799988
2213	276.8399963
2214	277.3399963
2215	277.5700073
2216	277.8900146
2217	278.1600037
2218	278.3099976
2219	278.3099976
2220	278.3900146
2221	278.3299866
2222	278.2600098
2223	278.2399902
2224	278.2200012
2225	278.2799988
2226	278.2799988
2227	278.6000061
2228	278.7399902
2229	278.8699951
2230	278.8500061
2231	278.7900085
2232	278.8500061
2233	278.7399902
2234	278.8500061
2235	279.019989
2236	279.0799866
2237	279.1600037
2238	279.1799927
2239	279.1600037
2240	279.230011
2241	278.7900085
2242	278.7000122
2243	278.769989
2244	278.9299927
2245	278.9100037
2246	278.8699951
2247	278.8699951
2248	278.9700012
2249	279.1799927
2250	279.25
2251	279.25
2252	279.3099976
2253	279.3699951
2254	279.3500061
2255	279.3099976
2256	279.25
2257	279.25
2258	279.25
2259	279.1600037
2260	279.1000061
2261	279.019989
2262	278.769989
2263	278.7000122
2264	278.6600037
2265	278.7200012
2266	278.7900085
2267	278.769989
2268	278.8299866
2269	278.9100037
2270	278.9700012
2271	278.8699951
2272	278.8699951
2273	278.4500122
2274	278.4500122
2275	278.5599976
2276	278.7200012
2277	278.8299866
2278	278.8900146
2279	278.9500122
2280	279.019989
2281	279.1199951
2282	279.2900085
2283	279.2900085
2284	279.3299866
2285	279.4100037
2286	279.3900146
2287	279.480011
2288	279.4599915
2289	279.2900085
2290	279.2900085
2291	279.0400085
2292	278.6400146
2293	278.6199951
2294	278.3099976
2295	278.2200012
2296	278.2200012
2297	278.2200012
2298	278.3299866
2299	278.2799988
2300	278.2399902
2301	278.2200012
2302	278.4700012
2303	278.6600037
2304	278.7000122
2305	278.5400085
2306	278.4299927
2307	278.3099976
2308	278.3299866
2309	278.2799988
2310	278.2200012
2311	278.2399902
2312	278.0299988
2313	277.9700012
2314	278.1199951
2315	278.0100098
2316	278.1400146
2317	278.2000122
2318	278.2200012
2319	277.9100037
2320	277.8699951
2321	278.3500061
2322	278.3500061
2323	278.8500061
2324	279.0400085
2325	279.0799866
2326	279.269989
2327	279.3299866
2328	279.480011
2329	279.480011
2330	279.480011
2331	279.4599915
2332	279.3500061
2333	279.3699951
2334	279.5
2335	279.519989
2336	279.5
2337	279.6199951
2338	279.6199951
2339	279.5
2340	279.519989
2341	279.5799866
2342	279.5400085
2343	279.4299927
2344	279.1199951
2345	278.9100037
2346	278.5599976
2347	278.4500122
2348	278.4299927
2349	278.5599976
2350	278.6400146
2351	278.7399902
2352	278.9700012
2353	279.2900085
2354	279.2900085
2355	279.3099976
2356	279.4299927
2357	279.4100037
2358	279.3699951
2359	279.3900146
2360	279.4100037
2361	279.4100037
2362	279.4599915
2363	279.4599915
2364	279.5
2365	279.6400146
2366	279.6600037
2367	279.5
2368	279.5
2369	279.0599976
2370	279.0799866
2371	278.8900146
2372	278.6199951
2373	278.6000061
2374	278.6000061
2375	278.6400146
2376	279.1400146
2377	279.3099976
2378	279.2900085
2379	279.1600037
2380	279.1000061
2381	279
2382	279
2383	278.9500122
2384	278.8699951
2385	278.8099976
2386	278.7200012
2387	278.7000122
2388	278.6600037
2389	278.6799927
2390	278.6000061
2391	278.8299866
2392	279.2900085
2393	279.2900085
2394	279.3099976
2395	279.3900146
2396	279.5
2397	279.4599915
2398	279.480011
2399	279.4599915
2400	279.4599915
2401	279.4100037
2402	279.4100037
2403	279.3099976
2404	279.1600037
2405	279.1799927
2406	279.25
2407	279.25
2408	279.269989
2409	279.25
2410	279.1799927
2411	279.1000061
2412	279.1000061
2413	279.230011
2414	279.3099976
2415	279.7099915
2416	279.769989
2417	279.730011
2418	279.519989
2419	279.3299866
2420	279.269989
2421	279.1600037
2422	279.3500061
2423	279.2900085
2424	279.3299866
2425	279.3099976
2426	279.3500061
2427	279.4100037
2428	279.5400085
2429	279.6600037
2430	279.75
2431	279.769989
2432	279.769989
2433	279.6900024
2434	279.6199951
2435	279.6900024
2436	279.75
2437	279.7900085
2438	279.6199951
2439	279.6199951
2440	279.4599915
2441	279.6199951
2442	279.6600037
2443	279.769989
2444	279.730011
2445	279.7099915
2446	279.730011
2447	279.6900024
2448	279.6900024
2449	279.769989
2450	279.730011
2451	279.8099976
2452	279.8299866
2453	279.9599915
2454	279.8699951
2455	279.8299866
2456	279.6600037
2457	279.7099915
2458	279.6900024
2459	279.6400146
2460	279.6199951
2461	279.5599976
2462	279.3099976
2463	279.0799866
2464	279.0799866
2465	279.3699951
2466	279.3900146
2467	279.3500061
2468	279.3900146
2469	279.5599976
2470	279.5799866
2471	279.5799866
2472	279.730011
2473	279.730011
2474	279.7900085
2475	279.8500061
2476	280.0599976
2477	280.1000061
2478	280.1000061
2479	280.4400024
2480	280.5
2481	280.5400085
2482	280.6499939
2483	280.75
2484	280.8999939
2485	280.9400024
2486	281.1499939
2487	281.1700134
2488	281.2999878
2489	281.4599915
2490	281.5499878
2491	281.5899963
2492	281.5
2493	281.230011
2494	281.0899963
2495	281.1499939
2496	281.269989
2497	281.2999878
2498	281.3999939
2499	281.4599915
2500	281.4400024
2501	281.3800049
2502	281.3399963
2503	281.3399963
2504	281.5299988
2505	281.5299988
2506	281.4400024
2507	281.269989
2508	281.4599915
2509	281.5899963
2510	281.5899963
2511	281.6099854
2512	281.5899963
2513	281.5299988
2514	281.5499878
2515	281.4599915
2516	281.4200134
2517	281.4200134
2518	281.4599915
2519	281.3800049
2520	281.3399963
2521	281.230011
2522	281.269989
2523	281.2999878
2524	281.3800049
2525	281.4599915
2526	281.4200134
2527	281.269989
2528	281.3800049
2529	281.3999939
2530	281.4400024
2531	281.4599915
2532	281.1900024
2533	281.1700134
2534	281.3599854
2535	281.3599854
2536	281.4599915
2537	281.3200073
2538	281.25
2539	281.5
2540	281.5700073
2541	281.4599915
2542	281.4599915
2543	281.4200134
2544	281.480011
2545	281.480011
2546	281.5700073
2547	281.6300049
2548	281.5299988
2549	281.5299988
2550	281.5499878
2551	281.6700134
2552	281.6099854
2553	281.6300049
2554	281.6099854
2555	281.5499878
2556	281.5
2557	281.269989
2558	281.230011
2559	281.25
2560	281.4400024
2561	281.5299988
2562	281.6499939
2563	281.5899963
2564	281.5299988
2565	281.5499878
2566	281.6700134
2567	281.6700134
2568	281.6700134
2569	281.6099854
2570	281.5700073
2571	281.3399963
2572	281.3399963
2573	281.3800049
2574	281.3800049
2575	281.480011
2576	281.5
2577	281.5499878
2578	281.480011
2579	281.4599915
2580	281.6499939
2581	281.6499939
2582	281.6700134
2583	281.5899963
2584	281.6300049
2585	281.6300049
2586	281.6300049
2587	281.480011
2588	281.4200134
2589	281.5299988
2590	281.5499878
2591	281.5499878
2592	281.3800049
2593	281.5499878
2594	281.5499878
2595	281.6300049
2596	281.730011
2597	281.8200073
2598	281.8800049
2599	281.6700134
2600	281.6099854
2601	281.6099854
2602	281.6700134
2603	281.5899963
2604	281.5299988
2605	281.5700073
2606	281.5700073
2607	281.6300049
2608	281.5
2609	281.4400024
2610	281.5299988
2611	281.5899963
2612	281.7099915
2613	281.7099915
2614	281.6499939
2615	281.5899963
2616	281.6900024
2617	281.6700134
2618	281.6099854
2619	281.6300049
2620	281.6300049
2621	281.4599915
2622	281.3599854
2623	281.230011
2624	281.269989
2625	281.4599915
2626	281.4400024
2627	281.5499878
2628	281.6300049
2629	281.5899963
2630	281.4599915
2631	281.4599915
2632	281.5499878
2633	281.5299988
2634	281.6099854
2635	281.5299988
2636	281.4599915
2637	281.4400024
2638	281.25
2639	281.1099854
2640	281.0700073
2641	281.0700073
2642	281.1499939
2643	281.1499939
2644	281.0400085
2645	281.0400085
2646	280.8099976
2647	280.75
2648	280.6900024
2649	280.480011
2650	280.1900024
2651	280.0799866
2652	280.0799866
2653	280.3099976
2654	280.4200134
2655	280.4599915
2656	280.2099915
2657	279.5799866
2658	279.1199951
2659	278.5599976
2660	276.7799988
2661	275.5400085
2662	275.0599976
2663	274.3099976
2664	273.75
2665	273.6799927
2666	273.6400146
2667	273.6799927
2668	273.8299866
2669	274.0799866
2670	274.5400085
2671	274.6900024
2672	274.8999939
2673	275.1499939
2674	275.4200134
2675	275.730011
2676	276.0700073
2677	276.3800049
2678	276.3599854
2679	276.6300049
2680	276.6900024
2681	277.0100098
2682	277.4100037
2683	277.7000122
2684	277.7000122
2685	278.0299988
2686	278.1600037
2687	278.1400146
2688	278.1400146
2689	278.1400146
2690	278.3299866
2691	278.3299866
2692	278.3699951
2693	278.4899902
2694	278.5400085
2695	278.5100098
2696	278.6400146
2697	278.7200012
2698	278.7399902
2699	278.8900146
2700	279.0599976
2701	279.1000061
2702	278.9100037
2703	278.8299866
2704	278.7200012
2705	278.6199951
2706	278.3699951
2707	278.4700012
2708	278.5599976
2709	278.7000122
2710	278.6199951
2711	278.6199951
2712	278.6199951
2713	278.6199951
2714	278.7200012
2715	278.7200012
2716	278.7200012
2717	278.6600037
2718	278.6400146
2719	278.7200012
2720	278.9299927
2721	278.8299866
2722	278.8500061
2723	278.8500061
2724	278.9700012
2725	279.019989
2726	279.1000061
2727	279.230011
2728	279.3099976
2729	279.3299866
2730	279.1799927
2731	279.0400085
2732	279.1000061
2733	279.1799927
2734	279.3099976
2735	279.230011
2736	279.1400146
2737	279.0799866
2738	279.0799866
2739	279.0400085
2740	278.8699951
2741	278.6199951
2742	278.6000061
2743	278.7200012
2744	278.8699951
2745	279
2746	279.1199951
2747	279.0799866
2748	279.230011
2749	279.1799927
2750	279.3500061
2751	279.3299866
2752	279.4299927
2753	279.4299927
2754	279.3500061
2755	279.3500061
2756	279.3299866
2757	279.3900146
2758	279.4299927
2759	279.4299927
2760	279.25
2761	279.25
2762	279.25
2763	278.8099976
2764	279.019989
2765	279.0400085
2766	279
2767	279.0799866
2768	278.9500122
2769	278.8699951
2770	278.4500122
2771	278.4700012
2772	278.4299927
2773	278.3699951
2774	278.3699951
2775	278.3900146
2776	278.2600098
2777	277.9700012
2778	277.9500122
2779	277.9700012
2780	277.7200012
2781	277.5899963
2782	277.5299988
2783	277.5299988
2784	277.5899963
2785	277.6600037
2786	277.5899963
2787	277.5899963
2788	277.5700073
2789	277.4899902
2790	277.4700012
2791	277.6199951
2792	277.8500061
2793	278.1600037
2794	278.1600037
2795	278.3900146
2796	278.3299866
2797	278.1600037
2798	277.8900146
2799	277.7000122
2800	277.6400146
2801	277.6400146
2802	277.7000122
2803	277.9700012
2804	278.0100098
2805	278.2600098
2806	278.3900146
2807	278.4299927
2808	278.4700012
2809	278.5799866
2810	278.6799927
2811	278.7900085
2812	278.9700012
2813	279
2814	279.1600037
2815	279.1799927
2816	279.3099976
2817	279.3500061
2818	279.3699951
2819	279.4599915
2820	279.3900146
2821	279.3500061
2822	279.3299866
2823	279.5
2824	279.4299927
2825	279.2900085
2826	279.2900085
2827	279.2000122
2828	279.0400085
2829	278.9100037
2830	278.5400085
2831	278.3699951
2832	278.3900146
2833	278.3900146
2834	278.4899902
2835	278.4700012
2836	278.5100098
2837	278.6600037
2838	278.7000122
2839	278.7399902
2840	278.8500061
2841	279.019989
2842	279.2000122
2843	279.3099976
2844	279.5400085
2845	279.480011
2846	279.519989
2847	279.5799866
2848	279.6000061
2849	279.6400146
2850	279.6900024
2851	279.730011
2852	279.6900024
2853	279.5400085
2854	279.4599915
2855	279.3900146
2856	279.0799866
2857	278.8500061
2858	278.8500061
2859	278.9700012
2860	279.0599976
2861	279.1400146
2862	279.230011
2863	279.3500061
2864	279.4599915
2865	279.4599915
2866	279.5
2867	279.5
2868	279.519989
2869	279.519989
2870	279.2900085
2871	279.1600037
2872	279.1600037
2873	278.9100037
2874	279.019989
2875	279
2876	279.019989
2877	279.0799866
2878	279.1600037
2879	279.2900085
2880	279.3299866
2881	279.3500061
2882	279.3900146
2883	279.5599976
2884	279.5799866
2885	279.6600037
2886	279.6000061
2887	279.3099976
2888	279.25
2889	279.230011
2890	279.25
2891	279.2000122
2892	279.3500061
2893	279.3500061
2894	279.4299927
2895	279.5
2896	279.5599976
2897	279.5599976
2898	279.6400146
2899	279.6199951
2900	279.5799866
2901	279.6199951
2902	279.519989
2903	279.3500061
2904	279.3500061
2905	278.8299866
2906	278.6400146
2907	278.5599976
2908	278.4500122
2909	278.3699951
2910	278.2600098
2911	278.2799988
2912	278.4899902
2913	278.7000122
2914	278.8299866
2915	278.9500122
2916	279.0799866
2917	279.0799866
2918	279.1799927
2919	279.269989
2920	279.230011
2921	279.2000122
2922	279.269989
2923	279.3299866
2924	279.3299866
2925	279.4100037
2926	279.5799866
2927	279.5599976
2928	279.7099915
2929	279.7099915
2930	279.5799866
2931	279.5400085
2932	279.6600037
2933	279.8099976
2934	279.8299866
2935	279.7900085
2936	279.7900085
2937	279.6600037
2938	279.730011
2939	279.6400146
2940	279.5599976
2941	279.6199951
2942	279.5799866
2943	279.5799866
2944	279.3900146
2945	279.3500061
2946	279.4100037
2947	279.6900024
2948	279.75
2949	279.7900085
2950	279.8900146
2951	280.230011
2952	280.269989
2953	280.2900085
2954	280.519989
2955	280.6099854
2956	280.8599854
2957	280.8999939
2958	280.9200134
2959	280.8599854
2960	280.9200134
2961	281.0700073
2962	280.9200134
2963	280.8599854
2964	280.9400024
2965	280.9599915
2966	281.0700073
2967	281.0899963
2968	281.0899963
2969	281.3200073
2970	281.480011
2971	281.4400024
2972	281.5299988
2973	281.5899963
2974	281.5499878
2975	281.5499878
2976	281.3599854
2977	281.2099915
2978	281.25
2979	281.2099915
2980	281.2999878
2981	281.3800049
2982	281.3800049
2983	281.3800049
2984	281.5
2985	281.5899963
2986	281.5700073
2987	281.4200134
2988	281.3800049
2989	281.230011
2990	281.3599854
2991	281.3599854
2992	281.3599854
2993	281.3599854
2994	281.4400024
2995	281.5
2996	281.5299988
2997	281.5299988
2998	281.5700073
2999	281.6700134
3000	281.6700134
3001	281.6499939
3002	281.5499878
3003	281.480011
3004	281.3800049
3005	281.4200134
3006	281.5499878
3007	281.5499878
3008	281.3999939
3009	281.2999878
3010	281.230011
3011	281.1900024
3012	281.3800049
3013	281.5499878
3014	281.5499878
3015	281.4400024
3016	281.3599854
3017	281.3800049
3018	281.3399963
3019	281.3800049
3020	281.3599854
3021	281.3800049
3022	281.5
3023	281.4200134
3024	281.3999939
3025	281.4599915
3026	281.6099854
3027	281.5299988
3028	281.5499878
3029	281.4599915
3030	281.4200134
3031	281.3599854
3032	281.3200073
3033	281.269989
3034	281.3800049
3035	281.3999939
3036	281.3999939
3037	281.3399963
3038	281.3800049
3039	281.3800049
3040	281.3599854
3041	281.3599854
3042	281.269989
3043	281.25
3044	281.3599854
3045	281.3399963
3046	281.3399963
3047	281.5
3048	281.5299988
3049	281.480011
3050	281.2099915
3051	281.1099854
3052	280.980011
3053	280.980011
3054	281.0899963
3055	281.1900024
3056	281.1099854
3057	281.1099854
3058	281.019989
3059	281.0899963
3060	281.2099915
3061	281.3399963
3062	281.3399963
3063	281.4599915
3064	281.5
3065	281.4599915
3066	281.4599915
3067	281.4200134
3068	281.5299988
3069	281.5299988
3070	281.3399963
3071	280.980011
3072	281.019989
3073	281.0700073
3074	281.1300049
3075	281.2099915
3076	281.2999878
3077	281.3200073
3078	281.3200073
3079	281.4599915
3080	281.3999939
3081	281.3599854
3082	281.3399963
3083	281.480011
3084	281.3800049
3085	281.3800049
3086	281.0899963
3087	281.0899963
3088	281.0899963
3089	280.980011
3090	281
3091	280.9200134
3092	280.9200134
3093	280.8099976
3094	280.9400024
3095	281.0700073
3096	281.2099915
3097	281.2999878
3098	281.3200073
3099	281.3399963
3100	281.25
3101	281.25
3102	281.3599854
3103	281.1300049
3104	281.0700073
3105	281.0700073
3106	281.1300049
3107	281.0700073
3108	280.980011
3109	280.8999939
3110	280.8999939
3111	281.1499939
3112	281.1300049
3113	281.1099854
3114	280.9200134
3115	280.8800049
3116	280.9200134
3117	280.9200134
3118	280.8099976
3119	280.6099854
3120	280.4400024
3121	280.3099976
3122	280.1900024
3123	280.0799866
3124	280.0799866
3125	280.25
3126	280.3999939
3127	280.3299866
3128	280.0599976
3129	279.769989
3130	279.519989
3131	279.2000122
3132	278.3299866
3133	277.9299927
3134	276.9200134
3135	275.9200134
3136	275.5
3137	274.75
3138	274.480011
3139	273.730011
3140	273.5599976
3141	273.3900146
3142	273.4299927
3143	273.5
3144	273.730011
3145	273.8099976
3146	273.980011
3147	274.0599976
3148	274.0799866
3149	274.0799866
3150	274.2099915
3151	274.6000061
3152	274.8800049
3153	275.6300049
3154	276.230011
3155	276.6499939
3156	276.6499939
3157	277.1099854
3158	277.3900146
3159	277.4299927
3160	277.2399902
3161	277.2200012
3162	277.1499939
3163	277.1499939
3164	277.2000122
3165	277.4299927
3166	277.5700073
3167	277.7999878
3168	277.7200012
3169	277.6199951
3170	277.4100037
3171	277.2000122
3172	277.2000122
3173	277.0700073
3174	277.2000122
3175	277.2200012
3176	277.5700073
3177	277.7000122
3178	277.7600098
3179	277.9299927
3180	278.1199951
3181	278.2200012
3182	278.2000122
3183	278.2200012
3184	278.3699951
3185	278.6600037
3186	278.8500061
3187	278.8099976
3188	278.8099976
3189	278.4299927
3190	278.2600098
3191	278.2600098
3192	278.3299866
3193	278.3900146
3194	278.6600037
3195	278.6600037
3196	278.6600037
3197	278.5400085
3198	278.6000061
3199	278.4100037
3200	278.2399902
3201	278.1199951
3202	278.0799866
3203	277.8900146
3204	278.0299988
3205	278.3099976
3206	278.6799927
3207	278.9500122
3208	279.019989
3209	279.1400146
3210	278.9299927
3211	278.9500122
3212	279
3213	279.0799866
3214	279.019989
3215	278.9100037
3216	278.8500061
3217	278.9100037
3218	279.0599976
3219	279
3220	279
3221	278.9700012
3222	278.9100037
3223	278.7900085
3224	278.5799866
3225	278.3699951
3226	278.2000122
3227	278.2000122
3228	278.1000061
3229	277.9700012
3230	277.9299927
3231	277.9100037
3232	277.7600098
3233	277.7000122
3234	277.7000122
3235	277.6199951
3236	277.6199951
3237	277.4899902
3238	277.5100098
3239	277.6600037
3240	277.6799927
3241	277.7600098
3242	277.6799927
3243	277.7000122
3244	277.5299988
3245	277.4299927
3246	277.5700073
3247	277.8699951
3248	277.8200073
3249	277.8500061
3250	277.8500061
3251	278.0799866
3252	278.0799866
3253	278.0799866
3254	278.0499878
3255	278.1199951
3256	278.0499878
3257	277.9899902
3258	277.7000122
3259	277.7000122
3260	277.5899963
3261	277.6199951
3262	277.4100037
3263	277.2600098
3264	277.2799988
3265	277.4299927
3266	277.4299927
3267	277.6600037
3268	277.7399902
3269	277.7399902
3270	277.6799927
3271	277.5899963
3272	277.6600037
3273	277.7399902
3274	277.9299927
3275	277.9100037
3276	277.9899902
3277	277.9500122
3278	277.9100037
3279	277.8200073
3280	277.8200073
3281	277.8200073
3282	277.8500061
3283	277.8699951
3284	277.9700012
3285	277.9899902
3286	278.0299988
3287	277.9899902
3288	277.9299927
3289	277.9100037
3290	277.6799927
3291	277.6799927
3292	277.5700073
3293	277.6400146
3294	277.6600037
3295	277.7600098
3296	277.7200012
3297	277.9100037
3298	277.9100037
3299	278.1000061
3300	278.1600037
3301	278.2000122
3302	278.2399902
3303	278.2200012
3304	278.0499878
3305	278.0499878
3306	277.9899902
3307	278.0299988
3308	278.0299988
3309	278.1600037
3310	278.1600037
3311	278.2200012
3312	278.1400146
3313	278.2600098
3314	278.2600098
3315	278.3500061
3316	278.3099976
3317	278.2399902
3318	278.1199951
3319	278.0100098
3320	278.0799866
3321	278.1000061
3322	278.0299988
3323	278.0799866
3324	278.0499878
3325	277.8500061
3326	277.7799988
3327	277.7600098
3328	277.9299927
3329	278.3099976
3330	278.3099976
3331	278.7900085
3332	278.9700012
3333	279.0599976
3334	279.1600037
3335	279.2900085
3336	279.4599915
3337	279.4599915
3338	279.480011
3339	279.3699951
3340	279.2900085
3341	279.4100037
3342	279.3500061
3343	279.4599915
3344	279.4299927
3345	279.519989
3346	279.5400085
3347	279.5400085
3348	279.6000061
3349	279.519989
3350	279.4599915
3351	279.480011
3352	279.3900146
3353	279.5
3354	279.5799866
3355	279.519989
3356	279.5400085
3357	279.480011
3358	279.480011
3359	279.6199951
3360	279.6900024
3361	279.6600037
3362	279.6600037
3363	279.4100037
3364	279.3299866
3365	279.2900085
3366	279.2900085
3367	279.2900085
3368	279.1400146
3369	279.1400146
3370	279.1799927
3371	279.2900085
3372	279.3699951
3373	279.4299927
3374	279.3699951
3375	279.1799927
3376	279.1799927
3377	279.480011
3378	279.3099976
3379	279.1799927
3380	278.8099976
3381	278.5400085
3382	278.4299927
3383	278.3299866
3384	278.1600037
3385	278.2399902
3386	278.1199951
3387	278.0499878
3388	277.9500122
3389	277.8699951
3390	277.9899902
3391	278.6000061
3392	278.6400146
3393	278.4899902
3394	278.2799988
3395	278.2200012
3396	278.1600037
3397	278.1600037
3398	278.1600037
3399	278.1799927
3400	278.3900146
3401	278.3900146
3402	278.2600098
3403	278.1799927
3404	278.3500061
3405	278.5400085
3406	278.8299866
3407	278.8699951
3408	278.8699951
3409	279.0400085
3410	279.1799927
3411	279.269989
3412	279.3900146
3413	279.480011
3414	279.5
3415	279.5
3416	279.519989
3417	279.519989
3418	279.5599976
3419	279.6000061
3420	279.6199951
3421	279.6199951
3422	279.7099915
3423	279.8900146
3424	279.9200134
3425	280.0799866
3426	280.3099976
3427	280.3800049
3428	280.519989
3429	280.5599976
3430	280.75
3431	280.730011
3432	280.9200134
3433	281.019989
3434	281
3435	281.0899963
3436	281.230011
3437	281.1700134
3438	281.269989
3439	281.3999939
3440	281.3999939
3441	281.3999939
3442	281.3200073
3443	281.3599854
3444	281.3200073
3445	281.3599854
3446	281.3800049
3447	281.3800049
3448	281.3200073
3449	281.3800049
3450	281.4200134
3451	281.3800049
3452	281.2999878
3453	281.230011
3454	281.25
3455	281.3399963
3456	281.4400024
3457	281.3399963
3458	281.1499939
3459	281.0899963
3460	281.0899963
3461	281.0700073
3462	281.1099854
3463	281.1499939
3464	281.25
3465	281.269989
3466	281.25
3467	281.1499939
3468	281.1700134
3469	281.3200073
3470	281.1300049
3471	281.1499939
3472	281.1499939
3473	281.3200073
3474	281.269989
3475	281.230011
3476	281.25
3477	281.1900024
3478	281.0700073
3479	281.0700073
3480	281
3481	281.1900024
3482	281.269989
3483	281.3399963
3484	281.2999878
3485	281.3399963
3486	281.3399963
3487	281.5299988
3488	281.6300049
3489	281.6300049
3490	281.6300049
3491	281.4599915
3492	281.3800049
3493	281.2999878
3494	281.0400085
3495	280.9400024
3496	280.9200134
3497	281.019989
3498	281.0899963
3499	281.1099854
3500	281.1099854
3501	281.25
3502	281.230011
3503	281.1700134
3504	281.1499939
3505	281.1499939
3506	281.1900024
3507	281.3200073
3508	281.4599915
3509	281.4599915
3510	281.5700073
3511	281.5700073
3512	281.3200073
3513	281.2999878
3514	281.269989
3515	281.2099915
3516	281.1099854
3517	281.0700073
3518	281.0700073
3519	281.1900024
3520	281.230011
3521	281.2099915
3522	281.230011
3523	281.1300049
3524	281.1700134
3525	281.25
3526	281.5299988
3527	281.5299988
3528	281.480011
3529	281.3999939
3530	281.3599854
3531	281.3200073
3532	281.2999878
3533	281.1099854
3534	281.1099854
3535	281.230011
3536	281.3999939
3537	281.3399963
3538	281.4400024
3539	281.5499878
3540	281.5899963
3541	281.6099854
3542	281.6099854
3543	281.6099854
3544	281.4599915
3545	281.2999878
3546	281.1300049
3547	281.1099854
3548	281.019989
3549	281.019989
3550	281.019989
3551	281.0899963
3552	281.1300049
3553	281.1499939
3554	281.3399963
3555	281.5
3556	281.6099854
3557	281.6099854
3558	281.5700073
3559	281.6099854
3560	281.6099854
3561	281.5899963
3562	281.6300049
3563	281.4400024
3564	281.3200073
3565	281.1099854
3566	281.019989
3567	280.980011
3568	281
3569	280.980011
3570	280.8999939
3571	280.8800049
3572	281.1099854
3573	281.2099915
3574	281.25
3575	281.3800049
3576	281.4400024
3577	281.6099854
3578	281.7099915
3579	281.6300049
3580	281.3200073
3581	281.1499939
3582	281.1499939
3583	280.980011
3584	280.9200134
3585	280.8599854
3586	280.9200134
3587	280.9400024
3588	280.8399963
3589	280.8399963
3590	280.9400024
3591	280.730011
3592	280.5400085
3593	280.25
3594	280.1000061
3595	280.25
3596	280.3500061
3597	280.769989
3598	280.9599915
3599	280.980011
3600	281
3601	280.8599854
3602	280.7099915
3603	280.4200134
3604	279.4100037
3605	278.8699951
3606	277.6400146
3607	276.3999939
3608	275.9200134
3609	275.0799866
3610	274.730011
3611	274.0599976
3612	273.5
3613	273.2399902
3614	273.2399902
3615	273.3500061
3616	273.6799927
3617	273.8099976
3618	274.25
3619	274.6199951
3620	274.9400024
3621	274.9400024
3622	275.5899963
3623	275.8800049
3624	276.0499878
3625	276.3200073
3626	276.4599915
3627	276.6700134
3628	276.6700134
3629	277.0299988
3630	277.2600098
3631	277.3900146
3632	277.4500122
3633	277.2399902
3634	277.2200012
3635	277.2000122
3636	277.2600098
3637	277.2600098
3638	276.9899902
3639	276.6499939
3640	276.5700073
3641	276.7600098
3642	276.8999939
3643	277.6199951
3644	277.7399902
3645	277.9299927
3646	278.0499878
3647	278.1600037
3648	278.2799988
3649	278.3500061
3650	278.5400085
3651	278.5599976
3652	278.5100098
3653	278.5100098
3654	278.7000122
3655	278.7000122
3656	278.769989
3657	278.7000122
3658	278.7200012
3659	278.7200012
3660	278.7200012
3661	278.8299866
3662	278.9500122
3663	278.9500122
3664	278.9500122
3665	278.9299927
3666	278.8699951
3667	278.8699951
3668	278.7900085
3669	278.8099976
3670	278.8099976
3671	278.8699951
3672	278.9100037
3673	278.8299866
3674	278.8099976
3675	278.6799927
3676	278.6400146
3677	278.4899902
3678	278.1799927
3679	278.1799927
3680	278.0499878
3681	278.1600037
3682	278.1799927
3683	278.2200012
3684	278.2799988
3685	278.4299927
3686	278.4700012
3687	278.6199951
3688	278.7200012
3689	279.019989
3690	279.1799927
3691	279.1600037
3692	279.1600037
3693	279.1000061
3694	279.1600037
3695	279.1400146
3696	279.0400085
3697	278.9299927
3698	279.019989
3699	279.019989
3700	279.1199951
3701	279.1400146
3702	279.0799866
3703	279.1600037
3704	279.230011
3705	279.230011
3706	279.25
3707	279.2000122
3708	279.25
3709	279.269989
3710	279.25
3711	279.1600037
3712	279.1400146
3713	279.0599976
3714	279.019989
3715	279.0400085
3716	279.1000061
3717	279.1000061
3718	279.0599976
3719	279
3720	279
3721	278.9500122
3722	279.0400085
3723	279.1000061
3724	279.1000061
3725	278.9500122
3726	278.7900085
3727	278.7900085
3728	278.6400146
3729	278.6400146
3730	278.3699951
3731	278.3699951
3732	278.2399902
3733	278.2000122
3734	278.1600037
3735	277.9899902
3736	278.0499878
3737	278.0799866
3738	278.0799866
3739	277.8500061
3740	277.9100037
3741	278.0299988
3742	278.1799927
3743	278.3099976
3744	278.3900146
3745	278.3500061
3746	278.1600037
3747	278.2200012
3748	278.1199951
3749	277.7999878
3750	277.7999878
3751	277.7000122
3752	277.7600098
3753	277.8699951
3754	278.0499878
3755	278.1400146
3756	278.1000061
3757	278.0100098
3758	278.0100098
3759	278.0799866
3760	278.0799866
3761	278.2600098
3762	278.3099976
3763	278.3099976
3764	278.3500061
3765	278.3099976
3766	278.2399902
3767	278.2399902
3768	278.2600098
3769	278.1199951
3770	278.1199951
3771	278.1000061
3772	278.1600037
3773	278.1000061
3774	278.1000061
3775	277.9700012
3776	277.9100037
3777	277.8699951
3778	277.8699951
3779	277.8699951
3780	277.7799988
3781	277.7999878
3782	277.8500061
3783	277.9100037
3784	278.0299988
3785	278.0499878
3786	278.1199951
3787	278.1600037
3788	278.2000122
3789	278.1799927
3790	278.2600098
3791	278.2399902
3792	278.2200012
3793	278.2600098
3794	278.2399902
3795	278.2399902
3796	278.1799927
3797	278.2200012
3798	278.1000061
3799	278.0299988
3800	277.9299927
3801	277.7600098
3802	277.7600098
3803	277.6600037
3804	277.5899963
3805	277.6199951
3806	277.7000122
3807	277.8699951
3808	277.7799988
3809	277.7799988
3810	277.7600098
3811	277.7200012
3812	277.7799988
3813	277.7799988
3814	277.9299927
3815	277.9899902
3816	278.0100098
3817	277.9700012
3818	277.8699951
3819	277.9299927
3820	277.7799988
3821	277.7000122
3822	277.6400146
3823	277.6600037
3824	277.7200012
3825	277.7799988
3826	277.7399902
3827	277.8200073
3828	277.8200073
3829	277.7200012
3830	277.7999878
3831	277.7999878
3832	277.9299927
3833	277.8900146
3834	277.8900146
3835	277.8500061
3836	277.8900146
3837	277.9100037
3838	277.8500061
3839	277.6799927
3840	277.5899963
3841	277.5899963
3842	277.5100098
3843	277.5499878
3844	277.6199951
3845	277.6199951
3846	277.7000122
3847	277.6600037
3848	277.7200012
3849	277.8699951
3850	277.8699951
3851	277.9100037
3852	277.9899902
3853	278.1199951
3854	278.0499878
3855	278.0100098
3856	277.5700073
3857	277.6400146
3858	277.6400146
3859	277.8900146
3860	277.8900146
3861	277.9500122
3862	277.9299927
3863	277.9899902
3864	277.9700012
3865	278.0799866
3866	278.0799866
3867	278.1600037
3868	278.0100098
3869	277.8699951
3870	277.7200012
3871	277.6199951
3872	277.5700073
3873	277.5700073
3874	277.5499878
3875	277.5700073
3876	277.6199951
3877	277.6199951
3878	277.4100037
3879	277.4100037
3880	277.4100037
3881	277.5700073
3882	277.7799988
3883	278.0100098
3884	278.4700012
3885	278.6600037
3886	278.6799927
3887	278.769989
3888	279.0599976
3889	279.0599976
3890	279.25
3891	279.1000061
3892	279.0799866
3893	279.0799866
3894	279.1000061
3895	279.4299927
3896	279.519989
3897	279.6900024
3898	279.8099976
3899	279.8900146
3900	279.980011
3901	280.1199951
3902	280.3999939
3903	280.480011
3904	280.5599976
3905	280.5599976
3906	280.75
3907	280.7099915
3908	280.6900024
3909	280.7099915
3910	280.8999939
3911	280.9400024
3912	280.9400024
3913	280.9400024
3914	281.0700073
3915	281.1099854
3916	281.1099854
3917	281.2099915
3918	281.230011
3919	281.2999878
3920	281.2099915
3921	281.1300049
3922	281.1499939
3923	281.1700134
3924	281.1900024
3925	281.1499939
3926	281.0899963
3927	280.8999939
3928	280.8399963
3929	280.9599915
3930	281.0400085
3931	281.019989
3932	281
3933	280.980011
3934	280.9200134
3935	280.9400024
3936	281.0400085
3937	281.0899963
3938	281.0899963
3939	281.1700134
3940	281.0899963
3941	281.0899963
3942	281.0899963
3943	281.019989
3944	281.019989
3945	281.1900024
3946	281.25
3947	281.25
3948	281.1900024
3949	281.25
3950	281.230011
3951	281.230011
3952	281.2099915
3953	281.0899963
3954	281.0400085
3955	280.8800049
3956	280.769989
3957	280.75
3958	280.730011
3959	280.7099915
3960	280.6900024
3961	280.8599854
3962	281.019989
3963	281.230011
3964	281.2099915
3965	281.1499939
3966	281.0899963
3967	281.019989
3968	281.1900024
3969	281.2099915
3970	281.1499939
3971	281.0700073
3972	281.019989
3973	281.019989
3974	281.0899963
3975	281.1900024
3976	281.1900024
3977	281.2099915
3978	281.3399963
3979	281.3800049
3980	281.2099915
3981	281.0899963
3982	281.0899963
3983	281.0899963
3984	281.0700073
3985	281.019989
3986	281.0400085
3987	281.0400085
3988	280.8999939
3989	281
3990	281
3991	281.1099854
3992	281.1499939
3993	281.1700134
3994	281.1499939
3995	281.230011
3996	281.2099915
3997	281.1900024
3998	281.1700134
3999	281.1099854
4000	280.9400024
4001	280.730011
4002	280.769989
4003	280.9599915
4004	280.980011
4005	281.1300049
4006	281.1300049
4007	281.0700073
4008	280.8800049
4009	280.9200134
4010	281.019989
4011	281.0700073
4012	281.1300049
4013	281.1700134
4014	281.2099915
4015	281.2099915
4016	281.1099854
4017	281.1300049
4018	281.230011
4019	281.1499939
4020	281.0899963
4021	281.0899963
4022	281.0899963
4023	281.1300049
4024	281.1700134
4025	281.1499939
4026	281.2099915
4027	281.1099854
4028	281.0899963
4029	281.019989
4030	281.1700134
4031	281.1900024
4032	281.1099854
4033	281.1300049
4034	280.9400024
4035	280.769989
4036	280.75
4037	280.8599854
4038	280.9200134
4039	281.0400085
4040	281.0400085
4041	281.019989
4042	281.0400085
4043	281.019989
4044	281.0899963
4045	281.1499939
4046	281.1099854
4047	281.1099854
4048	281.1900024
4049	281.1900024
4050	281.0899963
4051	281
4052	281.0400085
4053	281.2999878
4054	281.2999878
4055	281.25
4056	281.1900024
4057	281.1700134
4058	281.1099854
4059	281.019989
4060	280.9400024
4061	280.9400024
4062	280.6900024
4063	280.5
4064	280.4599915
4065	280.3099976
4066	280.2099915
4067	280.1700134
4068	280.1900024
4069	280.0599976
4070	280.1700134
4071	280.1499939
4072	280.0400085
4073	280.0400085
4074	279.980011
4075	279.9400024
4076	279.519989
4077	279.2900085
4078	278.7000122
4079	277.9899902
4080	277.5100098
4081	276.1300049
4082	275.480011
4083	274.1400146
4084	273.2200012
4085	272.5799866
4086	272.5799866
4087	271.9100037
4088	271.7200012
4089	271.7399902
4090	271.8599854
4091	272.0700073
4092	272.2600098
4093	272.2600098
4094	272.8099976
4095	273.1400146
4096	273.2900085
4097	273.5799866
4098	273.7900085
4099	274.230011
4100	274.230011
4101	274.6199951
4102	274.8099976
4103	274.9200134
4104	275.1700134
4105	275.3099976
4106	275.3800049
4107	275.4599915
4108	275.75
4109	275.75
4110	275.7999878
4111	276.0899963
4112	276.1700134
4113	276.3999939
4114	276.5700073
4115	276.5299988
4116	276.4899902
4117	276.4599915
4118	276.4599915
4119	276.3599854
4120	276.4200134
4121	276.4200134
4122	276.4400024
4123	276.4899902
4124	276.6300049
4125	276.6300049
4126	276.8599854
4127	276.9500122
4128	276.9899902
4129	276.9899902
4130	276.9700012
4131	276.9500122
4132	276.9500122
4133	276.9500122
4134	276.8999939
4135	276.8999939
4136	276.8200073
4137	276.8599854
4138	276.8200073
4139	276.7999878
4140	276.8399963
4141	276.9500122
4142	277.1499939
4143	277.2200012
4144	277.1799927
4145	277.2200012
4146	277.2399902
4147	277.3200073
4148	277.4700012
4149	277.3399963
4150	277.4100037
4151	277.4899902
4152	277.4700012
4153	277.5499878
4154	277.4100037
4155	277.4100037
4156	277.4899902
4157	277.4899902
4158	277.5299988
4159	277.5499878
4160	277.5499878
4161	277.6199951
4162	277.5499878
4163	277.4100037
4164	277.4100037
4165	277.4100037
4166	277.3200073
4167	277.2799988
4168	277.2200012
4169	277.3399963
4170	277.4100037
4171	277.5100098
4172	277.5700073
4173	277.5899963
4174	277.6199951
4175	277.5700073
4176	277.5499878
4177	277.4899902
4178	277.4700012
4179	277.4700012
4180	277.5700073
4181	277.7000122
4182	277.8200073
4183	277.7999878
4184	277.7399902
4185	277.6600037
4186	277.5700073
4187	277.4899902
4188	277.5299988
4189	277.4899902
4190	277.3900146
4191	277.1799927
4192	277.2600098
4193	277.3399963
4194	277.4899902
4195	277.5700073
4196	277.5700073
4197	277.5499878
4198	277.4899902
4199	277.4899902
4200	277.5499878
4201	277.6600037
4202	277.7799988
4203	277.7799988
4204	277.8900146
4205	277.9299927
4206	277.9100037
4207	277.9500122
4208	277.9299927
4209	277.9500122
4210	277.9899902
4211	277.8200073
4212	277.8200073
4213	277.7600098
4214	277.7200012
4215	277.7600098
4216	277.8699951
4217	277.8699951
4218	277.8500061
4219	277.8500061
4220	277.8200073
4221	277.8200073
4222	277.7200012
4223	277.7600098
4224	277.7600098
4225	277.7799988
4226	277.7999878
4227	277.8699951
4228	277.8699951
4229	277.8900146
4230	277.8900146
4231	277.8500061
4232	277.9299927
4233	277.9299927
4234	277.9700012
4235	277.9700012
4236	277.9299927
4237	277.8200073
4238	277.7200012
4239	277.5100098
4240	277.4299927
4241	277.3900146
4242	277.3900146
4243	277.5100098
4244	277.6799927
4245	277.6799927
4246	277.7200012
4247	277.7399902
4248	277.8699951
4249	277.7799988
4250	277.7999878
4251	277.8500061
4252	277.8900146
4253	277.9500122
4254	277.9700012
4255	278.0100098
4256	278.0100098
4257	278.0299988
4258	278.1000061
4259	278.0499878
4260	277.9700012
4261	277.9100037
4262	277.8900146
4263	277.9100037
4264	277.8900146
4265	277.8699951
4266	277.8900146
4267	277.8900146
4268	277.8500061
4269	277.9100037
4270	277.8500061
4271	277.8200073
4272	277.7999878
4273	277.7999878
4274	277.7999878
4275	277.6199951
4276	277.5700073
4277	277.5299988
4278	277.4500122
4279	277.4899902
4280	277.4299927
4281	277.4500122
4282	277.4299927
4283	277.4500122
4284	277.4700012
4285	277.5100098
4286	277.5700073
4287	277.5700073
4288	277.5899963
4289	277.8500061
4290	277.9500122
4291	278.0100098
4292	277.9700012
4293	277.9700012
4294	278.0499878
4295	277.9700012
4296	277.9899902
4297	277.8500061
4298	277.8500061
4299	277.8500061
4300	277.8500061
4301	277.7799988
4302	277.7000122
4303	277.8200073
4304	277.8699951
4305	277.9700012
4306	277.9700012
4307	277.9100037
4308	277.8500061
4309	277.8200073
4310	277.9299927
4311	278.0100098
4312	277.9899902
4313	277.9899902
4314	277.9899902
4315	277.9100037
4316	277.9700012
4317	277.9899902
4318	277.9500122
4319	277.9700012
4320	277.9299927
4321	277.8699951
4322	277.8500061
4323	277.9500122
4324	277.8900146
4325	277.7799988
4326	277.7799988
4327	277.6600037
4328	277.7799988
4329	277.7399902
4330	277.8900146
4331	277.9100037
4332	277.9299927
4333	277.8500061
4334	277.7999878
4335	277.9299927
4336	277.9899902
4337	278.1400146
4338	278.1400146
4339	278.1799927
4340	278.0299988
4341	277.9299927
4342	277.8900146
4343	277.9500122
4344	277.9500122
4345	277.9500122
4346	277.9899902
4347	277.9899902
4348	277.8900146
4349	277.7600098
4350	277.8200073
4351	277.8500061
4352	277.8500061
4353	278.0100098
4354	277.9500122
4355	278.1199951
4356	278.1000061
4357	278.0799866
4358	278.1000061
4359	278.2399902
4360	278.4899902
4361	278.4899902
4362	278.5799866
4363	278.6400146
4364	278.6400146
4365	278.7900085
4366	278.8099976
4367	278.9500122
4368	278.9299927
4369	278.9100037
4370	278.9100037
4371	279.25
4372	279.4100037
4373	279.480011
4374	279.7900085
4375	280.0599976
4376	280.1700134
4377	280.1700134
4378	280.3800049
4379	280.4200134
4380	280.3999939
4381	280.3800049
4382	280.480011
4383	280.5400085
4384	280.5400085
4385	280.6099854
4386	280.6099854
4387	280.6300049
4388	280.75
4389	280.7900085
4390	280.8599854
4391	280.8099976
4392	280.9400024
4393	280.9599915
4394	280.980011
4395	281
4396	281
4397	280.9400024
4398	280.9400024
4399	280.9400024
4400	280.9599915
4401	281.0700073
4402	281.0700073
4403	280.980011
4404	281
4405	281.019989
4406	280.980011
4407	281
4408	281.0400085
4409	281.0400085
4410	281.0700073
4411	281
4412	281
4413	281.1300049
4414	281.019989
4415	280.8800049
4416	280.8800049
4417	280.8099976
4418	280.8999939
4419	280.9200134
4420	280.8599854
4421	281.019989
4422	281.0899963
4423	281.1499939
4424	281.0400085
4425	280.9400024
4426	281
4427	281.0700073
4428	280.9400024
4429	280.8999939
4430	280.8399963
4431	280.9599915
4432	281
4433	281.019989
4434	281.0400085
4435	281.019989
4436	280.8399963
4437	280.8599854
4438	280.8599854
4439	280.9200134
4440	281.019989
4441	281.019989
4442	281.0899963
4443	281.019989
4444	280.9400024
4445	281.1099854
4446	281.1300049
4447	281.3200073
4448	281.3200073
4449	281.1300049
4450	281.2099915
4451	281.2999878
4452	281.1900024
4453	281.1300049
4454	280.8800049
4455	280.8800049
4456	280.980011
4457	280.9400024
4458	280.9599915
4459	280.9400024
4460	280.8999939
4461	280.8800049
4462	281.019989
4463	281.1300049
4464	281.1300049
4465	280.9599915
4466	280.9200134
4467	281
4468	280.9599915
4469	280.9400024
4470	280.9200134
4471	280.9599915
4472	280.9400024
4473	280.9400024
4474	280.980011
4475	280.9599915
4476	281
4477	280.980011
4478	280.980011
4479	280.9599915
4480	280.9599915
4481	281
4482	281
4483	281.1300049
4484	281.0700073
4485	281
4486	280.8800049
4487	280.8800049
4488	280.730011
4489	280.7099915
4490	280.75
4491	280.9200134
4492	281.019989
4493	281.1900024
4494	281.1900024
4495	280.9400024
4496	280.730011
4497	280.8099976
4498	281
4499	281.0899963
4500	281.019989
4501	281
4502	280.8099976
4503	280.769989
4504	280.75
4505	280.6900024
4506	280.5599976
4507	280.6300049
4508	280.6499939
4509	280.8099976
4510	280.8800049
4511	281
4512	281.1300049
4513	281.1499939
4514	281.1499939
4515	281.1300049
4516	281.0700073
4517	281.019989
4518	281.019989
4519	281.019989
4520	280.6900024
4521	280.5799866
4522	280.6499939
4523	280.730011
4524	280.8599854
4525	280.8599854
4526	280.8599854
4527	281.1499939
4528	281.3599854
4529	281.3999939
4530	281.3999939
4531	281.4200134
4532	281.3800049
4533	281.3399963
4534	281.1300049
4535	281
4536	280.980011
4537	280.75
4538	280.6300049
4539	280.519989
4540	280.480011
4541	280.2900085
4542	280.25
4543	280.2099915
4544	280.1900024
4545	280.1900024
4546	280.0799866
4547	280.0400085
4548	279.8099976
4549	279.4599915
4550	279.0799866
4551	279.0799866
4552	278.4899902
4553	277.6400146
4554	277.0100098
4555	275.519989
4556	274.2900085
4557	273.2000122
4558	273.2000122
4559	272.2600098
4560	271.8599854
4561	271.7399902
4562	271.6799927
4563	271.7799988
4564	272.1099854
4565	272.1099854
4566	272.6400146
4567	273.1000061
4568	273.4299927
4569	274
4570	274.3500061
4571	274.5799866
4572	274.7099915
4573	275.0799866
4574	275.3099976
4575	275.7999878
4576	276.0700073
4577	276.3200073
4578	276.6499939
4579	276.7600098
4580	276.8800049
4581	277.0299988
4582	277.1499939
4583	277.1099854
4584	277.1799927
4585	277.2600098
4586	277.3900146
4587	277.7200012
4588	277.8500061
4589	277.8699951
4590	277.8699951
4591	277.8900146
4592	277.6400146
4593	277.6400146
4594	277.6799927
4595	277.7200012
4596	277.8699951
4597	277.8699951
4598	277.9299927
4599	277.8500061
4600	277.7999878
4601	277.8500061
4602	277.8699951
4603	277.9100037
4604	277.9899902
4605	278.3099976
4606	278.3500061
4607	278.2600098
4608	278.0100098
4609	277.9700012
4610	277.9899902
4611	278.1600037
4612	278.2200012
4613	278.1799927
4614	278.3099976
4615	278.3299866
4616	278.3299866
4617	278.4299927
4618	278.4500122
4619	278.4700012
4620	278.4100037
4621	278.2600098
4622	278.2600098
4623	278.2399902
4624	278.2799988
4625	278.3299866
4626	278.3099976
4627	278.3500061
4628	278.4899902
4629	278.4899902
4630	278.6400146
4631	278.6799927
4632	278.6600037
4633	278.6600037
4634	278.6799927
4635	278.7399902
4636	278.7399902
4637	278.7399902
4638	278.8099976
4639	278.8299866
4640	278.8099976
4641	278.7900085
4642	278.7900085
4643	278.7000122
4644	278.7399902
4645	278.769989
4646	278.8099976
4647	278.9500122
4648	278.9700012
4649	278.9500122
4650	279
4651	278.9299927
4652	279
4653	278.9500122
4654	278.7000122
4655	278.5400085
4656	278.1799927
4657	278.1000061
4658	277.8500061
4659	277.5899963
4660	277.2999878
4661	277.2999878
4662	277.1499939
4663	276.9700012
4664	276.9700012
4665	276.9899902
4666	276.9899902
4667	277.1799927
4668	277.1799927
4669	278.0100098
4670	278.3900146
4671	278.4700012
4672	278.6400146
4673	278.6400146
4674	278.6400146
4675	278.5599976
4676	278.4299927
4677	278.5400085
4678	278.6400146
4679	278.6600037
4680	278.769989
4681	278.7200012
4682	278.769989
4683	278.8099976
4684	278.9100037
4685	278.9500122
4686	279
4687	278.9700012
4688	279.0799866
4689	279.0799866
4690	279
4691	278.9700012
4692	278.9700012
4693	278.9299927
4694	278.9500122
4695	278.8900146
4696	278.8500061
4697	278.9299927
4698	279.019989
4699	279.1400146
4700	279.1400146
4701	279.1000061
4702	279
4703	278.9700012
4704	278.8900146
4705	278.5100098
4706	278.4100037
4707	278.4100037
4708	278.5400085
4709	278.4299927
4710	278.5100098
4711	278.6400146
4712	278.7399902
4713	278.9299927
4714	278.8699951
4715	278.9700012
4716	278.9500122
4717	279.0400085
4718	279.0400085
4719	279.1199951
4720	279.1799927
4721	279.2000122
4722	279.1400146
4723	279.1799927
4724	279.1199951
4725	279.1600037
4726	279.2000122
4727	279.269989
4728	279.269989
4729	279.3099976
4730	279.3099976
4731	279.3500061
4732	279.3500061
4733	279.1600037
4734	279.1400146
4735	279.1799927
4736	279.1199951
4737	279.1400146
4738	279.2900085
4739	279.2900085
4740	279.3099976
4741	279.269989
4742	279.2900085
4743	279.1199951
4744	279.0799866
4745	279.1000061
4746	279.1400146
4747	279.230011
4748	279.269989
4749	279.230011
4750	279.269989
4751	279.2900085
4752	279.25
4753	279.2900085
4754	279.25
4755	279.2900085
4756	279.3099976
4757	279.3500061
4758	279.3099976
4759	279.2900085
4760	279.3099976
4761	279.269989
4762	279.1799927
4763	279.1400146
4764	279.230011
4765	279.230011
4766	279.25
4767	279.269989
4768	279.1000061
4769	279
4770	279
4771	279
4772	279.1400146
4773	279.2000122
4774	279.3099976
4775	279.2000122
4776	279.25
4777	279.269989
4778	279.269989
4779	279.3500061
4780	279.3500061
4781	279.3500061
4782	279.480011
4783	279.3900146
4784	279.3699951
4785	279.4100037
4786	279.5
4787	279.4100037
4788	279.1199951
4789	278.7399902
4790	278.3699951
4791	278.3099976
4792	278.1600037
4793	278.1600037
4794	278.2000122
4795	278.5400085
4796	278.7900085
4797	278.9100037
4798	279.0799866
4799	279.1400146
4800	279.1400146
4801	279.1400146
4802	279.1600037
4803	279.1600037
4804	279.3500061
4805	279.269989
4806	279.3500061
4807	279.0799866
4808	278.6600037
4809	278.1600037
4810	278.1600037
4811	278.1600037
4812	278.6400146
4813	278.8299866
4814	279.1199951
4815	279.1799927
4816	279.25
4817	279.25
4818	279.3099976
4819	279.3699951
4820	279.4100037
4821	279.480011
4822	279.4599915
4823	279.480011
4824	279.4299927
4825	279.4599915
4826	279.3699951
4827	279.3299866
4828	279.230011
4829	279.1199951
4830	278.8500061
4831	278.7399902
4832	278.8900146
4833	278.9100037
4834	278.8900146
4835	279.0400085
4836	279.019989
4837	279.019989
4838	279.0599976
4839	279.0400085
4840	278.9299927
4841	278.9299927
4842	278.9299927
4843	278.9700012
4844	279.230011
4845	279.3699951
4846	279.6900024
4847	280
4848	280.3299866
4849	280.3299866
4850	280.4599915
4851	280.480011
4852	280.4599915
4853	280.5400085
4854	280.6900024
4855	280.75
4856	280.7900085
4857	280.7900085
4858	280.8399963
4859	280.9400024
4860	280.8800049
4861	280.8999939
4862	280.8800049
4863	280.8599854
4864	280.8099976
4865	280.8999939
4866	281.0700073
4867	281.1099854
4868	281.2099915
4869	281.3200073
4870	281.3200073
4871	281.3800049
4872	281.1499939
4873	281.1900024
4874	281.1900024
4875	281.1099854
4876	281.0700073
4877	281.0899963
4878	281.0700073
4879	280.9599915
4880	281.1300049
4881	281.1300049
4882	281.1499939
4883	281.1300049
4884	281.1300049
4885	281.0400085
4886	281
4887	280.8800049
4888	280.8800049
4889	280.9400024
4890	280.980011
4891	281.0400085
4892	281.019989
4893	281.019989
4894	281.019989
4895	281.0400085
4896	281.1099854
4897	281.1300049
4898	281.1700134
4899	281.1499939
4900	281.1700134
4901	281.0400085
4902	281
4903	280.9599915
4904	280.9400024
4905	280.8999939
4906	280.8800049
4907	280.8399963
4908	281.019989
4909	281.019989
4910	281.0400085
4911	281.0700073
4912	280.9400024
4913	280.9400024
4914	280.9200134
4915	281.019989
4916	281.1499939
4917	281.2999878
4918	281.2999878
4919	281.1700134
4920	281.1700134
4921	281.0400085
4922	281
4923	280.9599915
4924	280.7900085
4925	280.5799866
4926	280.480011
4927	280.4200134
4928	280.6099854
4929	280.7900085
4930	280.730011
4931	280.7900085
4932	280.9200134
4933	281
4934	281.019989
4935	281.2099915
4936	281.269989
4937	281.2999878
4938	281.1900024
4939	281.230011
4940	281.0899963
4941	281.1300049
4942	281.0899963
4943	281.1099854
4944	281
4945	281
4946	280.8599854
4947	280.980011
4948	281.019989
4949	281.1700134
4950	281.019989
4951	280.9599915
4952	280.9599915
4953	280.9599915
4954	281.1300049
4955	281.1499939
4956	281.2099915
4957	281.2099915
4958	281.2099915
4959	281.2099915
4960	281.25
4961	281.269989
4962	281.2099915
4963	281.269989
4964	281.3200073
4965	281.269989
4966	281.269989
4967	281.3200073
4968	281.25
4969	281.2099915
4970	281.2099915
4971	281.1900024
4972	281.1099854
4973	281.0899963
4974	281.1300049
4975	281.1499939
4976	281.1300049
4977	281.1499939
4978	281.1099854
4979	281.1700134
4980	281.1099854
4981	281
4982	281.0400085
4983	281.1099854
4984	281.1099854
4985	280.9599915
4986	281
4987	280.980011
4988	281.0400085
4989	281.0899963
4990	281.0899963
4991	281.0899963
4992	280.9400024
4993	280.9599915
4994	280.9599915
4995	281.0400085
4996	281.1499939
4997	281.0400085
4998	281.0400085
4999	280.7099915
5000	280.769989
5001	280.8599854
5002	281.1900024
5003	281.25
5004	281.25
5005	281.25
5006	281.3200073
5007	281.3200073
5008	281.1300049
5009	280.8800049
5010	280.8800049
5011	280.6300049
5012	280.5400085
5013	280.3800049
5014	280.3500061
5015	280.3299866
5016	280.1900024
5017	280.0799866
5018	279.9200134
5019	279.7900085
5020	279.6400146
5021	279.5400085
5022	279.269989
5023	279.269989
5024	278.769989
5025	277.9299927
5026	277.4100037
5027	275.9400024
5028	274.6199951
5029	273.6199951
5030	273.6199951
5031	272.1400146
5032	271.3999939
5033	271.1099854
5034	270.8399963
5035	270.6499939
5036	270.6300049
5037	270.6900024
5038	270.9899902
5039	271.2600098
5040	271.8399963
5041	272.7000122
5042	273.5799866
5043	274.0799866
5044	274.4200134
5045	275.269989
5046	275.3599854
5047	275.6300049
5048	275.7999878
5049	275.980011
5050	276.2099915
5051	276.1700134
5052	276.4200134
5053	276.5100098
5054	276.6900024
5055	276.6900024
5056	276.8800049
5057	277.2000122
5058	277.3599854
5059	277.6400146
5060	277.6799927
5061	277.7999878
5062	277.7999878
5063	277.7399902
5064	277.7399902
5065	277.7600098
5066	277.8200073
5067	277.9899902
5068	277.9700012
5069	277.9700012
5070	277.9500122
5071	277.9100037
5072	277.9899902
5073	277.9299927
5074	277.7799988
5075	277.8200073
5076	277.8699951
5077	277.9899902
5078	277.9299927
5079	277.8500061
5080	277.8500061
5081	277.8699951
5082	277.9700012
5083	278.0499878
5084	278.2799988
5085	278.2600098
5086	278.2000122
5087	278.2200012
5088	278.2799988
5089	278.4500122
5090	278.4100037
5091	278.4700012
5092	278.4899902
5093	278.5599976
5094	278.5599976
5095	278.5799866
5096	278.6799927
5097	278.6400146
5098	278.6000061
5099	278.6199951
5100	278.5599976
5101	278.5599976
5102	278.7399902
5103	278.8099976
5104	278.8299866
5105	278.769989
5106	278.769989
5107	278.6799927
5108	278.6199951
5109	278.6400146
5110	278.6799927
5111	278.6799927
5112	278.6600037
5113	278.7399902
5114	279.0799866
5115	279.269989
5116	279.1600037
5117	279.5
5118	279.6900024
5119	279.6000061
5120	279.1000061
5121	278.3299866
5122	278.1600037
5123	278.3699951
5124	278.769989
5125	278.8699951
5126	278.8699951
5127	278.8900146
5128	278.9700012
5129	279.0599976
5130	278.9100037
5131	278.8500061
5132	278.8500061
5133	278.8500061
5134	278.8900146
5135	278.8500061
5136	278.8099976
5137	278.769989
5138	278.769989
5139	278.8500061
5140	278.8500061
5141	278.7900085
5142	278.769989
5143	278.769989
5144	278.8299866
5145	278.9100037
5146	278.9100037
5147	278.9100037
5148	279.0799866
5149	279.0599976
5150	279.1199951
5151	279.0400085
5152	279.019989
5153	278.9100037
5154	278.8900146
5155	278.8299866
5156	278.8099976
5157	278.8099976
5158	278.8099976
5159	278.8299866
5160	278.6799927
5161	278.7000122
5162	278.769989
5163	278.8500061
5164	279
5165	279
5166	279.0799866
5167	279.019989
5168	279.019989
5169	278.8699951
5170	278.8900146
5171	278.769989
5172	278.769989
5173	278.6199951
5174	278.6799927
5175	278.7200012
5176	278.7000122
5177	278.7200012
5178	278.8500061
5179	278.8900146
5180	278.9299927
5181	279.0799866
5182	279.0400085
5183	279.1400146
5184	279.0599976
5185	279
5186	278.8699951
5187	278.9299927
5188	278.9500122
5189	279.0599976
5190	279.019989
5191	279.019989
5192	279.019989
5193	279.0400085
5194	278.9700012
5195	278.9100037
5196	278.8500061
5197	278.8900146
5198	278.8500061
5199	278.9700012
5200	278.9100037
5201	278.9500122
5202	279
5203	279.0799866
5204	279.0799866
5205	279.1000061
5206	279.1199951
5207	279.1199951
5208	279.019989
5209	279.1000061
5210	279.019989
5211	279.019989
5212	279
5213	279.019989
5214	279.0599976
5215	278.9700012
5216	279.1199951
5217	279.0400085
5218	279.1400146
5219	279.25
5220	279.1799927
5221	279.1799927
5222	279.1199951
5223	279.0599976
5224	278.8299866
5225	278.8099976
5226	278.8500061
5227	278.8900146
5228	278.8500061
5229	278.8099976
5230	278.8500061
5231	278.9299927
5232	279.0400085
5233	279.0799866
5234	279.2000122
5235	279.2000122
5236	279.2000122
5237	279.1199951
5238	279.1000061
5239	279.1400146
5240	279.1600037
5241	279.1199951
5242	279.0400085
5243	279.0400085
5244	279.1799927
5245	279.2000122
5246	279.1799927
5247	279.0799866
5248	279.1799927
5249	279.1600037
5250	279.1799927
5251	279.230011
5252	279.1400146
5253	279.1799927
5254	279.1000061
5255	279.019989
5256	279
5257	279.0400085
5258	279.0799866
5259	279.0400085
5260	279.0400085
5261	279.019989
5262	279.019989
5263	278.8900146
5264	278.8500061
5265	278.6199951
5266	278.8299866
5267	278.9299927
5268	279.019989
5269	279.0799866
5270	279.0599976
5271	279
5272	278.9700012
5273	278.9299927
5274	278.8900146
5275	278.8900146
5276	278.8099976
5277	278.8500061
5278	278.9299927
5279	279.0400085
5280	279.0799866
5281	279.1000061
5282	279.1000061
5283	279.0400085
5284	279.1600037
5285	279.1000061
5286	279.1199951
5287	279.019989
5288	279
5289	278.9500122
5290	278.9500122
5291	279.019989
5292	279.0599976
5293	279.0400085
5294	278.9100037
5295	278.8699951
5296	278.8500061
5297	278.9100037
5298	278.8500061
5299	278.9299927
5300	279
5301	279.0599976
5302	279.019989
5303	279
5304	278.9500122
5305	279.0400085
5306	279.019989
5307	279.019989
5308	278.9700012
5309	278.9700012
5310	279.019989
5311	279
5312	279
5313	279.0599976
5314	279.0599976
5315	279.1199951
5316	279.25
5317	279.4100037
5318	279.6400146
5319	279.6199951
5320	279.75
5321	279.75
5322	280.1499939
5323	280.3099976
5324	280.3800049
5325	280.480011
5326	280.6099854
5327	280.519989
5328	280.5799866
5329	280.6099854
5330	280.5799866
5331	280.6700134
5332	280.6499939
5333	280.6499939
5334	280.7099915
5335	280.6499939
5336	280.5
5337	280.4400024
5338	280.5400085
5339	280.730011
5340	280.8099976
5341	280.8999939
5342	280.9200134
5343	280.8800049
5344	280.8099976
5345	280.75
5346	280.75
5347	280.6499939
5348	280.7900085
5349	280.769989
5350	280.8099976
5351	280.7900085
5352	280.769989
5353	280.769989
5354	280.5400085
5355	280.6300049
5356	280.6700134
5357	280.75
5358	280.75
5359	280.75
5360	280.8399963
5361	280.8099976
5362	280.75
5363	280.7099915
5364	280.7900085
5365	280.8599854
5366	280.9200134
5367	280.9400024
5368	280.75
5369	280.730011
5370	280.730011
5371	280.730011
5372	280.730011
5373	280.75
5374	280.75
5375	280.6900024
5376	280.75
5377	280.980011
5378	280.980011
5379	281.2099915
5380	281.2099915
5381	281.1300049
5382	280.8999939
5383	280.75
5384	280.769989
5385	280.769989
5386	281.019989
5387	281.0700073
5388	281.1099854
5389	281.0700073
5390	280.980011
5391	281.1499939
5392	281.1499939
5393	281.1099854
5394	280.9400024
5395	280.9400024
5396	280.9599915
5397	280.8999939
5398	280.8999939
5399	280.8999939
5400	280.7900085
5401	280.8800049
5402	280.8999939
5403	281
5404	281.0700073
5405	280.980011
5406	280.9400024
5407	280.9400024
5408	281
5409	280.9599915
5410	280.8999939
5411	280.8599854
5412	280.9200134
5413	280.9200134
5414	280.8399963
5415	280.9599915
5416	281.1300049
5417	281.1300049
5418	281.0700073
5419	281
5420	280.9599915
5421	280.8999939
5422	280.9599915
5423	280.980011
5424	280.980011
5425	280.8800049
5426	280.730011
5427	280.8599854
5428	280.6700134
5429	280.75
5430	280.75
5431	280.8399963
5432	280.9400024
5433	280.9599915
5434	280.9400024
5435	280.9200134
5436	280.8800049
5437	280.9400024
5438	280.9200134
5439	280.8099976
5440	280.8099976
5441	281.0400085
5442	281.0400085
5443	281.0400085
5444	281
5445	281
5446	280.980011
5447	280.8399963
5448	280.8999939
5449	280.8999939
5450	281.019989
5451	281
5452	280.9200134
5453	280.8999939
5454	281
5455	281.1499939
5456	281.1499939
5457	281.2099915
5458	281.1499939
5459	281.0899963
5460	280.980011
5461	281
5462	280.9599915
5463	280.9599915
5464	280.7099915
5465	280.480011
5466	280.2099915
5467	280
5468	280.2099915
5469	280.3800049
5470	280.5
5471	280.769989
5472	280.8599854
5473	280.980011
5474	281.0700073
5475	281.0899963
5476	281.1099854
5477	281.019989
5478	280.9599915
5479	280.9400024
5480	281.1099854
5481	280.8599854
5482	280.730011
5483	280.4200134
5484	280.2900085
5485	280.1000061
5486	279.9200134
5487	279.7099915
5488	279.7099915
5489	279.6199951
5490	279.5400085
5491	279.5400085
5492	279.6900024
5493	279.8500061
5494	279.8500061
5495	279.8500061
5496	279.3099976
5497	278.9100037
5498	278.6400146
5499	277.9100037
5500	276.8399963
5501	276.2099915
5502	275.4599915
5503	273.5
5504	272.4299927
5505	272.0899963
5506	271.6799927
5507	271.4500122
5508	271.3999939
5509	271.3200073
5510	271.3800049
5511	271.4500122
5512	271.7200012
5513	272.1799927
5514	272.5100098
5515	272.8900146
5516	273.1400146
5517	273.6400146
5518	273.8500061
5519	274.1199951
5520	274.3099976
5521	274.3900146
5522	274.5599976
5523	274.6900024
5524	274.9200134
5525	275
5526	275.1099854
5527	275.1099854
5528	275.2900085
5529	275.3800049
5530	275.3099976
5531	275.3599854
5532	275.519989
5533	275.769989
5534	275.769989
5535	275.980011
5536	275.8599854
5537	275.8999939
5538	276
5539	276.1499939
5540	276.1700134
5541	276.2799988
5542	276.2099915
5543	276.1499939
5544	276.0299988
5545	275.9599915
5546	275.8800049
5547	275.8399963
5548	275.8599854
5549	276.2799988
5550	276.4400024
5551	276.7200012
5552	276.9200134
5553	276.9200134
5554	276.7999878
5555	276.7799988
5556	276.8200073
5557	276.9200134
5558	277.2000122
5559	277.2000122
5560	277.6799927
5561	277.9500122
5562	278.0100098
5563	278.2000122
5564	278.2799988
5565	278.2799988
5566	278.2799988
5567	278.2200012
5568	278.1600037
5569	278.1799927
5570	278.1199951
5571	278.1000061
5572	278.1000061
5573	278.1799927
5574	278.2000122
5575	278.2399902
5576	278.2600098
5577	278.3500061
5578	278.2799988
5579	278.2399902
5580	278.1600037
5581	278.0100098
5582	278.0799866
5583	278.2799988
5584	278.4100037
5585	278.3900146
5586	278.4299927
5587	278.4299927
5588	278.5100098
5589	278.4899902
5590	278.3699951
5591	278.2000122
5592	278.1000061
5593	277.7399902
5594	277.5700073
5595	277.3200073
5596	277.1099854
5597	276.8800049
5598	276.8800049
5599	276.7399902
5600	276.6099854
5601	276.6099854
5602	276.7600098
5603	277.2399902
5604	277.6799927
5605	277.6799927
5606	278.0799866
5607	278.2399902
5608	278.3500061
5609	278.4700012
5610	278.5599976
5611	278.5799866
5612	278.5599976
5613	278.2200012
5614	278.1400146
5615	277.9899902
5616	277.8699951
5617	278.0299988
5618	278.1199951
5619	278.2000122
5620	278.3699951
5621	278.4299927
5622	278.6400146
5623	278.8299866
5624	278.8099976
5625	278.8900146
5626	278.7900085
5627	278.769989
5628	278.7000122
5629	278.7399902
5630	278.7399902
5631	278.7399902
5632	278.7200012
5633	278.7200012
5634	278.7399902
5635	278.769989
5636	278.769989
5637	278.769989
5638	278.8500061
5639	278.8299866
5640	278.8299866
5641	278.8299866
5642	278.9700012
5643	278.9700012
5644	278.9700012
5645	278.8500061
5646	278.7900085
5647	278.7200012
5648	278.6600037
5649	278.6000061
5650	278.6000061
5651	278.4899902
5652	278.5599976
5653	278.6000061
5654	278.6400146
5655	278.5799866
5656	278.5799866
5657	278.7000122
5658	278.7000122
5659	278.769989
5660	278.7399902
5661	278.7399902
5662	278.8299866
5663	278.8500061
5664	278.8500061
5665	278.8299866
5666	278.9100037
5667	278.8699951
5668	278.769989
5669	278.769989
5670	278.6199951
5671	278.5100098
5672	278.5599976
5673	278.5799866
5674	278.6799927
5675	278.7200012
5676	278.7200012
5677	278.8299866
5678	278.9500122
5679	278.8900146
5680	278.9299927
5681	278.9299927
5682	278.9500122
5683	279
5684	279
5685	279.0799866
5686	278.9700012
5687	278.9700012
5688	278.9500122
5689	279
5690	279.0400085
5691	278.7399902
5692	278.6400146
5693	278.5799866
5694	278.5799866
5695	278.6000061
5696	278.6600037
5697	278.7000122
5698	278.769989
5699	278.8099976
5700	278.8500061
5701	278.8500061
5702	278.9299927
5703	279
5704	279.0799866
5705	279.019989
5706	279
5707	278.9100037
5708	278.9100037
5709	278.8900146
5710	278.8900146
5711	278.8699951
5712	278.8699951
5713	278.9299927
5714	279.019989
5715	279.019989
5716	279.0400085
5717	278.9700012
5718	278.8299866
5719	278.769989
5720	278.8099976
5721	278.8299866
5722	278.8099976
5723	278.7000122
5724	278.6799927
5725	278.6400146
5726	278.6600037
5727	278.7000122
5728	278.769989
5729	278.769989
5730	278.7900085
5731	278.769989
5732	278.9500122
5733	279.0400085
5734	279.0599976
5735	278.9500122
5736	278.8699951
5737	278.8500061
5738	278.9299927
5739	278.9500122
5740	278.9500122
5741	279.0400085
5742	278.9500122
5743	278.9500122
5744	279.0799866
5745	279.1199951
5746	279.1199951
5747	279.1199951
5748	279.1600037
5749	279.1400146
5750	279.0799866
5751	279.0400085
5752	278.9700012
5753	278.9500122
5754	278.8699951
5755	278.7900085
5756	278.8500061
5757	278.8900146
5758	279.0400085
5759	278.9700012
5760	278.9700012
5761	278.9500122
5762	279.1199951
5763	279.1400146
5764	279.1199951
5765	279.1600037
5766	279.230011
5767	279.1000061
5768	279.1199951
5769	279.1199951
5770	279.1000061
5771	279.1400146
5772	279.1400146
5773	279.1400146
5774	279.1600037
5775	279.1600037
5776	279.019989
5777	278.8699951
5778	278.8900146
5779	278.8900146
5780	278.8900146
5781	278.9700012
5782	279.0799866
5783	279.019989
5784	279.019989
5785	279.0599976
5786	279.0599976
5787	279.2000122
5788	279.3099976
5789	279.3900146
5790	279.519989
5791	279.6600037
5792	279.730011
5793	279.730011
5794	280.019989
5795	280.0599976
5796	280.269989
5797	280.3099976
5798	280.3500061
5799	280.3500061
5800	280.3500061
5801	280.3500061
5802	280.3999939
5803	280.4599915
5804	280.3500061
5805	280.3800049
5806	280.3500061
5807	280.4200134
5808	280.6099854
5809	280.5799866
5810	280.6900024
5811	280.6900024
5812	280.7099915
5813	280.6900024
5814	280.7900085
5815	280.9599915
5816	280.9400024
5817	280.9400024
5818	280.9400024
5819	280.8599854
5820	280.8099976
5821	280.9599915
5822	280.8599854
5823	280.8999939
5824	280.8599854
5825	280.8599854
5826	280.8599854
5827	280.9200134
5828	280.9200134
5829	280.8599854
5830	280.8599854
5831	280.8800049
5832	280.9599915
5833	280.9400024
5834	280.8099976
5835	280.9599915
5836	281
5837	280.9599915
5838	280.769989
5839	280.730011
5840	280.7099915
5841	280.6300049
5842	280.6099854
5843	280.730011
5844	280.75
5845	280.75
5846	280.7900085
5847	280.7900085
5848	280.8399963
5849	280.9400024
5850	280.9400024
5851	280.8800049
5852	280.8099976
5853	280.7900085
5854	280.8099976
5855	280.7900085
5856	280.8599854
5857	280.8599854
5858	280.8800049
5859	280.8999939
5860	280.9200134
5861	280.75
5862	280.730011
5863	280.7099915
5864	280.6499939
5865	280.6499939
5866	280.7099915
5867	280.6900024
5868	280.6099854
5869	280.6700134
5870	280.7099915
5871	280.8399963
5872	280.8999939
5873	280.7900085
5874	280.75
5875	280.6099854
5876	280.6499939
5877	280.5599976
5878	280.4599915
5879	280.3500061
5880	280.5400085
5881	280.6900024
5882	280.6900024
5883	280.75
5884	280.980011
5885	280.9599915
5886	280.980011
5887	280.8399963
5888	280.9400024
5889	280.9400024
5890	280.9400024
5891	280.9400024
5892	280.9200134
5893	280.9200134
5894	280.8999939
5895	280.9200134
5896	280.9200134
5897	280.75
5898	280.7099915
5899	280.75
5900	280.769989
5901	280.9400024
5902	280.9599915
5903	280.9400024
5904	280.9400024
5905	280.9200134
5906	280.9200134
5907	280.8099976
5908	280.7900085
5909	280.6900024
5910	280.6900024
5911	280.730011
5912	280.75
5913	280.6499939
5914	280.7900085
5915	280.9400024
5916	281.0400085
5917	281.0400085
5918	281
5919	280.980011
5920	280.9200134
5921	280.9200134
5922	280.8999939
5923	280.8599854
5924	280.8800049
5925	280.8599854
5926	280.8999939
5927	280.8399963
5928	280.8399963
5929	280.6099854
5930	280.5400085
5931	280.5400085
5932	280.6099854
5933	280.6700134
5934	280.5799866
5935	280.5799866
5936	280.769989
5937	280.8099976
5938	280.8399963
5939	280.9599915
5940	281.0400085
5941	280.9599915
5942	280.980011
5943	280.8399963
5944	280.8399963
5945	280.8800049
5946	280.8999939
5947	280.8800049
5948	280.8099976
5949	280.8099976
5950	281
5951	281.1700134
5952	281.2099915
5953	281.2099915
5954	280.8099976
5955	280.5599976
5956	280.5
5957	280.3099976
5958	280.230011
5959	280.0599976
5960	280.0599976
5961	279.9400024
5962	279.8900146
5963	279.8299866
5964	279.769989
5965	279.6600037
5966	279.6199951
5967	279.6199951
5968	279.480011
5969	279.1600037
5970	279.0799866
5971	278.6799927
5972	277.9500122
5973	277.5499878
5974	277.0299988
5975	275.1700134
5976	274.5599976
5977	273.3500061
5978	272.2799988
5979	271.7999878
5980	271.2200012
5981	270.9899902
5982	270.8599854
5983	270.8800049
5984	271.3200073
5985	271.7000122
5986	271.8599854
5987	272.0899963
5988	272.2600098
5989	272.6799927
5990	273.2399902
5991	273.9100037
5992	273.9100037
5993	274.6700134
5994	275
5995	275.269989
5996	275.75
5997	275.9200134
5998	276
5999	276
6000	276.1300049
6001	276.4200134
6002	276.5499878
6003	276.6499939
6004	276.7999878
6005	276.7799988
6006	276.8800049
6007	276.8999939
6008	277.1300049
6009	277.1799927
6010	277.3200073
6011	277.4100037
6012	277.4700012
6013	277.4500122
6014	277.5899963
6015	277.5899963
6016	277.6600037
6017	277.7200012
6018	277.8200073
6019	277.8900146
6020	277.9299927
6021	278.0100098
6022	278.0499878
6023	278.0799866
6024	278.0799866
6025	278.0100098
6026	278.0499878
6027	278.1199951
6028	278.1799927
6029	278.1799927
6030	278.1799927
6031	278.1799927
6032	278.2399902
6033	278.2799988
6034	278.3500061
6035	278.2600098
6036	278.1600037
6037	278.2000122
6038	278.2000122
6039	278.2399902
6040	278.3099976
6041	278.3299866
6042	278.3900146
6043	278.4299927
6044	278.4299927
6045	278.3500061
6046	278.4500122
6047	278.4100037
6048	278.3900146
6049	278.4700012
6050	278.5100098
6051	278.5100098
6052	278.5799866
6053	278.6600037
6054	278.6199951
6055	278.4100037
6056	278.1600037
6057	278.0299988
6058	278.2000122
6059	278.2399902
6060	278.4500122
6061	278.5599976
6062	278.6400146
6063	278.6400146
6064	278.6199951
6065	278.5100098
6066	278.4500122
6067	278.4700012
6068	278.6400146
6069	278.5799866
6070	278.5799866
6071	278.4500122
6072	278.4500122
6073	278.5400085
6074	278.6000061
6075	278.5599976
6076	278.6000061
6077	278.5599976
6078	278.5599976
6079	278.5799866
6080	278.6199951
6081	278.7000122
6082	278.6799927
6083	278.7399902
6084	278.7000122
6085	278.6400146
6086	278.7200012
6087	278.5400085
6088	278.4100037
6089	278.3500061
6090	278.3299866
6091	278.3099976
6092	278.5599976
6093	278.6400146
6094	278.6000061
6095	278.4700012
6096	278.3500061
6097	278.2600098
6098	278.3500061
6099	278.4100037
6100	278.4500122
6101	278.5100098
6102	278.5100098
6103	278.7200012
6104	278.7000122
6105	278.6199951
6106	278.6799927
6107	278.6600037
6108	278.5599976
6109	278.5599976
6110	278.5599976
6111	278.5799866
6112	278.6000061
6113	278.7000122
6114	278.7900085
6115	278.8500061
6116	278.8500061
6117	278.7900085
6118	278.8099976
6119	278.769989
6120	278.8099976
6121	278.6199951
6122	278.7200012
6123	278.7200012
6124	278.8699951
6125	278.9299927
6126	278.8500061
6127	278.9100037
6128	278.8900146
6129	278.9700012
6130	278.9700012
6131	278.8699951
6132	278.7200012
6133	278.7000122
6134	278.7000122
6135	278.7399902
6136	278.7000122
6137	278.7200012
6138	278.8099976
6139	278.7900085
6140	278.7900085
6141	278.7900085
6142	278.7200012
6143	278.769989
6144	278.7200012
6145	278.7200012
6146	278.6600037
6147	278.7200012
6148	278.7200012
6149	278.7900085
6150	278.8699951
6151	278.8500061
6152	278.8900146
6153	278.9100037
6154	278.9100037
6155	278.9299927
6156	278.9100037
6157	278.9299927
6158	278.8699951
6159	278.9100037
6160	278.9500122
6161	278.8900146
6162	278.8900146
6163	278.8099976
6164	278.7000122
6165	278.769989
6166	278.7900085
6167	278.8699951
6168	278.9299927
6169	278.9299927
6170	278.9700012
6171	278.8500061
6172	278.7200012
6173	278.7200012
6174	278.6000061
6175	278.5599976
6176	278.6199951
6177	278.6199951
6178	278.7399902
6179	278.7900085
6180	278.7900085
6181	278.9100037
6182	278.9700012
6183	278.9100037
6184	278.8900146
6185	278.769989
6186	278.7399902
6187	278.6600037
6188	278.6400146
6189	278.7000122
6190	278.7900085
6191	278.8500061
6192	278.8500061
6193	278.8500061
6194	278.7900085
6195	278.3699951
6196	278.3299866
6197	278.4299927
6198	278.6600037
6199	278.769989
6200	278.8500061
6201	278.8299866
6202	278.8699951
6203	278.8299866
6204	278.7900085
6205	278.7900085
6206	278.7200012
6207	278.6000061
6208	278.5400085
6209	278.6199951
6210	278.6799927
6211	278.6799927
6212	278.6799927
6213	278.7200012
6214	278.7900085
6215	278.8500061
6216	278.9500122
6217	278.9500122
6218	278.8699951
6219	278.8699951
6220	278.8900146
6221	279.019989
6222	279
6223	279.1000061
6224	279.1199951
6225	279.0799866
6226	279.0400085
6227	279.1000061
6228	279.0799866
6229	279
6230	278.9100037
6231	278.8500061
6232	278.8500061
6233	278.8900146
6234	279
6235	278.9700012
6236	278.9500122
6237	278.9500122
6238	278.9500122
6239	278.9500122
6240	278.9500122
6241	279
6242	279
6243	278.9500122
6244	278.9500122
6245	279
6246	279.1000061
6247	279.1600037
6248	279.230011
6249	279.230011
6250	279.1400146
6251	279.1400146
6252	279.3299866
6253	279.230011
6254	279.2000122
6255	279.0400085
6256	278.8900146
6257	278.7000122
6258	278.7000122
6259	278.6400146
6260	278.7900085
6261	278.7900085
6262	278.9500122
6263	279.2000122
6264	279.25
6265	279.269989
6266	279.6600037
6267	279.8099976
6268	279.8900146
6269	279.9200134
6270	279.9200134
6271	279.9599915
6272	280.0799866
6273	280.2099915
6274	280.3099976
6275	280.269989
6276	280.269989
6277	280.2900085
6278	280.3999939
6279	280.3800049
6280	280.230011
6281	280.3099976
6282	280.480011
6283	280.480011
6284	280.1900024
6285	280.2099915
6286	280.269989
6287	280.25
6288	280.3299866
6289	280.4200134
6290	280.4200134
6291	280.4400024
6292	280.3999939
6293	280.4400024
6294	280.5
6295	280.4200134
6296	280.519989
6297	280.480011
6298	280.6900024
6299	280.769989
6300	280.8399963
6301	280.8099976
6302	280.6900024
6303	280.7099915
6304	280.6900024
6305	280.75
6306	280.8099976
6307	280.8399963
6308	280.7099915
6309	280.6499939
6310	280.6300049
6311	280.5400085
6312	280.5
6313	280.480011
6314	280.5799866
6315	280.5799866
6316	280.6499939
6317	280.6700134
6318	280.6700134
6319	280.6900024
6320	280.6900024
6321	280.6499939
6322	280.6499939
6323	280.5400085
6324	280.480011
6325	280.5400085
6326	280.6700134
6327	280.75
6328	280.5599976
6329	280.5599976
6330	280.25
6331	280.1700134
6332	280.2099915
6333	280.2900085
6334	280.4200134
6335	280.4599915
6336	280.480011
6337	280.5799866
6338	280.6099854
6339	280.7900085
6340	280.730011
6341	280.6499939
6342	280.6099854
6343	280.6099854
6344	280.6099854
6345	280.4200134
6346	280.3299866
6347	280.3099976
6348	280.3299866
6349	280.3800049
6350	280.3999939
6351	280.5599976
6352	280.7099915
6353	280.480011
6354	280.480011
6355	280.5400085
6356	280.519989
6357	280.519989
6358	280.6300049
6359	280.7099915
6360	280.8099976
6361	280.8099976
6362	280.5799866
6363	280.4400024
6364	280.5400085
6365	280.5
6366	280.5400085
6367	280.5799866
6368	280.5400085
6369	280.3299866
6370	280.269989
6371	280.5799866
6372	280.6099854
6373	280.5799866
6374	280.5799866
6375	280.6300049
6376	280.6499939
6377	280.6900024
6378	280.8099976
6379	280.6900024
6380	280.6499939
6381	280.6300049
6382	280.519989
6383	280.4599915
6384	280.4599915
6385	280.519989
6386	280.519989
6387	280.6900024
6388	280.769989
6389	280.8099976
6390	280.6700134
6391	280.6300049
6392	280.5400085
6393	280.5400085
6394	280.6499939
6395	280.5
6396	280.4599915
6397	280.3800049
6398	280.3999939
6399	280.5599976
6400	280.5599976
6401	280.5799866
6402	280.5799866
6403	280.6499939
6404	280.7099915
6405	280.980011
6406	280.980011
6407	280.8999939
6408	280.730011
6409	280.7099915
6410	280.519989
6411	280.5799866
6412	280.6300049
6413	280.8099976
6414	280.8399963
6415	280.8599854
6416	280.9400024
6417	280.9400024
6418	280.9400024
6419	280.9200134
6420	280.9400024
6421	281.019989
6422	280.980011
6423	280.8800049
6424	280.8599854
6425	280.8599854
6426	280.9599915
6427	280.9599915
6428	280.769989
6429	280.5
6430	280.0799866
6431	279.8699951
6432	279.8699951
6433	279.269989
6434	278.9500122
6435	278.7900085
6436	279.019989
6437	279.4100037
6438	279.6400146
6439	279.75
6440	279.4299927
6441	279.1799927
6442	279.1600037
6443	278.6400146
6444	277.8500061
6445	277.4299927
6446	277.0299988
6447	275.6099854
6448	275.0599976
6449	274.0400085
6450	273.0400085
6451	272.7000122
6452	272.0899963
6453	271.8800049
6454	271.6799927
6455	271.7600098
6456	271.9100037
6457	271.9100037
6458	272.3900146
6459	272.6799927
6460	272.7200012
6461	273.0599976
6462	273.3299866
6463	273.6199951
6464	273.6199951
6465	273.980011
6466	274.230011
6467	274.2900085
6468	274.3699951
6469	274.4599915
6470	274.6499939
6471	274.6499939
6472	274.8500061
6473	274.8500061
6474	274.9400024
6475	275.0400085
6476	275.1499939
6477	275.3399963
6478	275.480011
6479	275.8999939
6480	276.0499878
6481	275.980011
6482	275.9400024
6483	275.8800049
6484	275.8200073
6485	275.8200073
6486	276
6487	276.0700073
6488	276.1300049
6489	276.2099915
6490	276.2999878
6491	276.5299988
6492	276.6300049
6493	276.6499939
6494	276.5299988
6495	276.3800049
6496	276.3800049
6497	276.3800049
6498	276.5899963
6499	276.6700134
6500	276.8200073
6501	276.7600098
6502	276.5700073
6503	276.5700073
6504	276.4200134
6505	276.4599915
6506	276.5100098
6507	276.7200012
6508	276.8999939
6509	276.9200134
6510	276.9200134
6511	276.8999939
6512	276.8399963
6513	276.7600098
6514	276.7200012
6515	276.6499939
6516	276.6700134
6517	276.6700134
6518	276.6499939
6519	276.8200073
6520	276.9200134
6521	276.7799988
6522	276.7999878
6523	276.8399963
6524	276.8599854
6525	276.9200134
6526	276.8399963
6527	276.7600098
6528	276.7200012
6529	276.6900024
6530	276.6499939
6531	276.6499939
6532	276.5899963
6533	276.5899963
6534	276.5700073
6535	276.5700073
6536	276.5899963
6537	276.6900024
6538	276.7200012
6539	276.6700134
6540	276.6099854
6541	276.6099854
6542	276.6099854
6543	276.8999939
6544	277.0499878
6545	277.0100098
6546	276.9200134
6547	276.9700012
6548	276.9200134
6549	276.8999939
6550	276.7200012
6551	276.7600098
6552	276.7200012
6553	276.5100098
6554	276.5499878
6555	276.7200012
6556	276.7799988
6557	276.8599854
6558	276.7999878
6559	276.7799988
6560	276.8599854
6561	276.9899902
6562	277.2799988
6563	277.4100037
6564	277.3599854
6565	277.3399963
6566	277.2999878
6567	277.2999878
6568	277.2399902
6569	277.0899963
6570	277.0899963
6571	277.0899963
6572	276.9700012
6573	276.9500122
6574	276.9500122
6575	276.9500122
6576	276.8399963
6577	276.6900024
6578	276.5899963
6579	276.5899963
6580	276.6300049
6581	276.6300049
6582	276.7799988
6583	276.9899902
6584	277.1799927
6585	277.3399963
6586	277.3399963
6587	277.2999878
6588	277.2200012
6589	276.9200134
6590	276.7799988
6591	276.6099854
6592	276.7600098
6593	276.8599854
6594	277.0299988
6595	277.0499878
6596	276.8999939
6597	276.7999878
6598	276.8599854
6599	277.0499878
6600	277.1799927
6601	277.1499939
6602	277.1799927
6603	277.1799927
6604	277.1499939
6605	277.0499878
6606	277.0499878
6607	277.1099854
6608	276.9200134
6609	276.8800049
6610	276.5899963
6611	276.5299988
6612	276.7399902
6613	276.7399902
6614	276.9899902
6615	277.0100098
6616	277.0499878
6617	277.0299988
6618	277.0899963
6619	277.0700073
6620	277.0100098
6621	277.2200012
6622	277.3399963
6623	277.3900146
6624	277.5299988
6625	277.6799927
6626	277.7200012
6627	277.6600037
6628	277.5299988
6629	277.5299988
6630	277.4500122
6631	277.3599854
6632	277.3399963
6633	277.3900146
6634	277.4500122
6635	277.2799988
6636	278.4100037
6637	278.5400085
6638	278.5400085
6639	278.6199951
6640	277.9899902
6641	277.7399902
6642	277.5899963
6643	278.0799866
6644	278.3099976
6645	278.3099976
6646	278.3099976
6647	278.3099976
6648	278.2600098
6649	278.3900146
6650	278.4500122
6651	278.3299866
6652	278.3299866
6653	278.3299866
6654	278.2200012
6655	278.1799927
6656	278.2600098
6657	278.4100037
6658	278.4100037
6659	278.4899902
6660	278.5400085
6661	278.5100098
6662	278.4899902
6663	278.5400085
6664	278.3900146
6665	278.3099976
6666	278.2200012
6667	278.2799988
6668	278.2600098
6669	278.3299866
6670	278.4700012
6671	278.5100098
6672	278.6000061
6673	278.5599976
6674	278.3500061
6675	278.1199951
6676	278.1600037
6677	278.1600037
6678	278.2200012
6679	278.1799927
6680	278.1600037
6681	278.1600037
6682	278.3699951
6683	278.4500122
6684	278.4500122
6685	278.4899902
6686	278.5400085
6687	278.5400085
6688	278.4899902
6689	278.4700012
6690	278.4700012
6691	278.4700012
6692	278.3900146
6693	278.4100037
6694	278.3699951
6695	278.2399902
6696	278.2799988
6697	278.2600098
6698	278.2200012
6699	278.3500061
6700	278.3900146
6701	278.3900146
6702	278.4500122
6703	278.4700012
6704	278.5400085
6705	278.4899902
6706	278.4100037
6707	278.4500122
6708	278.5100098
6709	278.5100098
6710	278.5400085
6711	278.5599976
6712	278.5100098
6713	278.4899902
6714	278.4700012
6715	278.4500122
6716	278.4500122
6717	278.6400146
6718	278.6799927
6719	278.6000061
6720	278.4500122
6721	278.4500122
6722	278.5100098
6723	278.5100098
6724	278.4100037
6725	278.3699951
6726	278.3500061
6727	278.3299866
6728	278.2600098
6729	278.3500061
6730	278.3299866
6731	278.4299927
6732	278.3699951
6733	278.3099976
6734	278.3500061
6735	278.3900146
6736	278.3900146
6737	278.4299927
6738	278.6600037
6739	278.7900085
6740	278.8099976
6741	279.1600037
6742	279.269989
6743	279.480011
6744	279.5
6745	279.4299927
6746	279.4100037
6747	279.5
6748	279.5
6749	279.5599976
6750	279.6000061
6751	279.6000061
6752	279.7099915
6753	279.730011
6754	279.769989
6755	279.769989
6756	279.8099976
6757	279.8699951
6758	279.8299866
6759	279.9200134
6760	279.9400024
6761	279.980011
6762	280
6763	280.0799866
6764	280.0400085
6765	280.019989
6766	280
6767	280.0400085
6768	280
6769	280.019989
6770	280.019989
6771	279.980011
6772	279.8900146
6773	279.8500061
6774	279.8699951
6775	280.019989
6776	279.9599915
6777	279.730011
6778	279.730011
6779	279.75
6780	279.8699951
6781	279.8699951
6782	279.9400024
6783	280
6784	280.1199951
6785	280.1199951
6786	280.019989
6787	280.019989
6788	280.0599976
6789	280.019989
6790	280.019989
6791	280.1700134
6792	280.1900024
6793	280.2099915
6794	280.2099915
6795	280.1900024
6796	280.1199951
6797	280.1199951
6798	280.1700134
6799	280.1700134
6800	280.2099915
6801	280.1900024
6802	280.0599976
6803	280.1199951
6804	280.019989
6805	279.9599915
6806	279.9200134
6807	279.9400024
6808	279.8900146
6809	279.730011
6810	279.6400146
6811	279.480011
6812	279.6400146
6813	279.6900024
6814	279.6900024
6815	279.75
6816	279.9400024
6817	280.0599976
6818	280.0400085
6819	280.0400085
6820	280.1499939
6821	279.980011
6822	279.9400024
6823	279.9599915
6824	279.980011
6825	280.0400085
6826	280.0400085
6827	279.9200134
6828	279.9400024
6829	279.9599915
6830	279.980011
6831	279.8699951
6832	279.8699951
6833	279.8699951
6834	279.9200134
6835	279.9400024
6836	280.019989
6837	280
6838	280.0599976
6839	279.980011
6840	280.0400085
6841	280
6842	280.1199951
6843	280.1900024
6844	280.1499939
6845	280.0799866
6846	279.8699951
6847	279.8099976
6848	279.769989
6849	279.7900085
6850	279.75
6851	279.769989
6852	279.769989
6853	279.8500061
6854	279.8699951
6855	279.9400024
6856	279.9599915
6857	279.980011
6858	279.980011
6859	279.980011
6860	280.0400085
6861	280.0599976
6862	280.1499939
6863	280.1700134
6864	280.0799866
6865	280.0799866
6866	280.019989
6867	280
6868	280
6869	280.1900024
6870	280.230011
6871	280.1900024
6872	280.269989
6873	280.2099915
6874	280.2099915
6875	280.1499939
6876	280.0799866
6877	280
6878	280
6879	280.0400085
6880	279.980011
6881	280.0400085
6882	280.0400085
6883	279.8699951
6884	279.8099976
6885	279.8500061
6886	279.8900146
6887	279.8500061
6888	279.9599915
6889	279.8500061
6890	279.8500061
6891	279.9400024
6892	279.9200134
6893	279.9400024
6894	279.9400024
6895	279.8099976
6896	279.75
6897	279.75
6898	279.6900024
6899	279.519989
6900	279.6199951
6901	279.3099976
6902	279.3500061
6903	279.3500061
6904	279.3500061
6905	279.3699951
6906	279.3500061
6907	279.2900085
6908	279.0400085
6909	278.8900146
6910	278.8699951
6911	278.9299927
6912	278.9500122
6913	278.9299927
6914	278.8299866
6915	278.5599976
6916	278.4500122
6917	277.9500122
6918	277.6400146
6919	276.3800049
6920	275.9200134
6921	275.0400085
6922	274.1400146
6923	273.6799927
6924	272.9899902
6925	272.7000122
6926	272.5499878
6927	272.6600037
6928	272.9299927
6929	272.9299927
6930	273.3500061
6931	273.730011
6932	273.8900146
6933	274.269989
6934	274.5599976
6935	274.9200134
6936	274.9200134
6937	275.4400024
6938	275.480011
6939	275.4599915
6940	275.5400085
6941	275.6099854
6942	275.6900024
6943	275.8599854
6944	276.1499939
6945	276.4200134
6946	276.4599915
6947	276.7399902
6948	276.9200134
6949	276.8999939
6950	276.9200134
6951	276.9899902
6952	277.0299988
6953	277.0700073
6954	277.1799927
6955	277.2200012
6956	277.1499939
6957	277.1799927
6958	277.1799927
6959	277.2799988
6960	277.4100037
6961	277.4100037
6962	277.3900146
6963	277.4500122
6964	277.4100037
6965	277.4700012
6966	277.5899963
6967	277.6199951
6968	277.6199951
6969	277.7200012
6970	277.6799927
6971	277.7399902
6972	277.7000122
6973	277.7600098
6974	277.7999878
6975	277.7999878
6976	277.7999878
6977	277.8200073
6978	277.7399902
6979	277.6799927
6980	277.5100098
6981	277.4899902
6982	277.4500122
6983	277.5499878
6984	277.6199951
6985	277.7799988
6986	277.9700012
6987	278.0100098
6988	278.1000061
6989	278.1400146
6990	278.2000122
6991	278.2200012
6992	278.1600037
6993	278.1400146
6994	278.0799866
6995	278.1000061
6996	278.1199951
6997	277.9700012
6998	277.9500122
6999	277.9100037
7000	277.9100037
7001	277.8699951
7002	277.9700012
7003	277.9700012
7004	278.1199951
7005	278.1799927
7006	278.2399902
7007	278.2399902
7008	278.2399902
7009	278.2200012
7010	278.2200012
7011	278.2000122
7012	278.2000122
7013	278.2600098
7014	278.2600098
7015	278.2000122
7016	278.1600037
7017	278.2399902
7018	278.1400146
7019	278.0799866
7020	277.9899902
7021	277.9700012
7022	277.9500122
7023	278.0299988
7024	278.0499878
7025	278.0299988
7026	277.9700012
7027	277.8500061
7028	277.8200073
7029	277.7999878
7030	277.8500061
7031	277.8900146
7032	278.1199951
7033	278.2600098
7034	278.3299866
7035	278.3699951
7036	278.3699951
7037	278.2399902
7038	278.1799927
7039	278.1799927
7040	278.1799927
7041	278.2600098
7042	278.2799988
7043	278.1600037
7044	278.0100098
7045	277.9299927
7046	277.9299927
7047	277.9299927
7048	278.0499878
7049	278.0499878
7050	278.1600037
7051	278.2399902
7052	278.2399902
7053	278.3299866
7054	278.3099976
7055	278.3699951
7056	278.4100037
7057	278.2399902
7058	278.2399902
7059	278.2000122
7060	278.2000122
7061	278.2200012
7062	278.2399902
7063	278.3299866
7064	278.3699951
7065	278.3299866
7066	278.2799988
7067	278.2399902
7068	278.3099976
7069	278.2000122
7070	278.0499878
7071	278.0499878
7072	278.0100098
7073	278.2000122
7074	278.3099976
7075	278.3500061
7076	278.3099976
7077	278.2799988
7078	278.2799988
7079	278.3099976
7080	278.1799927
7081	278.3299866
7082	278.3699951
7083	278.3900146
7084	278.4100037
7085	278.3900146
7086	278.3500061
7087	278.3699951
7088	278.4100037
7089	278.3500061
7090	278.4299927
7091	278.4500122
7092	278.4299927
7093	278.3900146
7094	278.3699951
7095	278.4299927
7096	278.3699951
7097	278.3500061
7098	278.2799988
7099	278.2600098
7100	278.2000122
7101	278.3099976
7102	278.2799988
7103	278.3299866
7104	278.3099976
7105	278.2399902
7106	278.2799988
7107	278.3299866
7108	278.3099976
7109	278.2799988
7110	278.2799988
7111	278.3699951
7112	278.3900146
7113	278.4100037
7114	278.5599976
7115	278.5599976
7116	278.4899902
7117	278.4899902
7118	278.3500061
7119	278.3500061
7120	278.4100037
7121	278.4500122
7122	278.2799988
7123	278.1799927
7124	278.1400146
7125	278.2600098
7126	278.3299866
7127	278.3699951
7128	278.2399902
7129	278.2799988
7130	278.1799927
7131	278.2200012
7132	278.2399902
7133	278.3299866
7134	278.3500061
7135	278.3299866
7136	278.3500061
7137	278.3699951
7138	278.3699951
7139	278.3900146
7140	278.4299927
7141	278.4700012
7142	278.4700012
7143	278.5100098
7144	278.6000061
7145	278.5100098
7146	278.5799866
7147	278.6199951
7148	278.6000061
7149	278.6000061
7150	278.5100098
7151	278.4299927
7152	278.4299927
7153	278.4299927
7154	278.3500061
7155	278.4100037
7156	278.4100037
7157	278.4500122
7158	278.4700012
7159	278.4899902
7160	278.4500122
7161	278.4299927
7162	278.3900146
7163	278.3099976
7164	278.1600037
7165	278.0799866
7166	277.8900146
7167	277.6600037
7168	277.5299988
7169	277.4100037
7170	277.3900146
7171	277.5499878
7172	277.6799927
7173	277.8699951
7174	278.1199951
7175	278.2399902
7176	278.3099976
7177	278.3099976
7178	278.3900146
7179	278.3900146
7180	278.2200012
7181	278.2200012
7182	278.2399902
7183	278.2799988
7184	278.3299866
7185	278.4299927
7186	278.4100037
7187	278.2200012
7188	278.2200012
7189	278.2399902
7190	278.2399902
7191	278.1799927
7192	278.3699951
7193	278.4100037
7194	278.4299927
7195	278.3299866
7196	278.5400085
7197	278.4700012
7198	278.5400085
7199	278.2799988
7200	278.1600037
7201	278.2600098
7202	278.3299866
7203	278.3500061
7204	278.3500061
7205	278.1400146
7206	278.1199951
7207	278.1799927
7208	278.2200012
7209	278.1799927
7210	278.5400085
7211	278.8099976
7212	278.9500122
7213	278.9500122
7214	279.0599976
7215	279.1600037
7216	279.230011
7217	279.4100037
7218	279.480011
7219	279.5400085
7220	279.5400085
7221	279.5400085
7222	279.6900024
7223	279.6600037
7224	279.6199951
7225	279.519989
7226	279.3699951
7227	279.3699951
7228	279.3900146
7229	279.5
7230	279.480011
7231	279.5
7232	279.480011
7233	279.3500061
7234	279.4299927
7235	279.480011
7236	279.5599976
7237	279.6400146
7238	279.6400146
7239	279.6000061
7240	279.519989
7241	279.480011
7242	279.6199951
7243	279.730011
7244	279.8099976
7245	279.6900024
7246	279.75
7247	279.7900085
7248	279.8299866
7249	279.8299866
7250	279.769989
7251	279.6000061
7252	279.6000061
7253	279.5799866
7254	279.5799866
7255	279.5799866
7256	279.6600037
7257	279.730011
7258	279.8299866
7259	279.8299866
7260	279.8099976
7261	279.769989
7262	279.6900024
7263	279.6900024
7264	279.6199951
7265	279.5799866
7266	279.5599976
7267	279.480011
7268	279.4299927
7269	279.4100037
7270	279.3699951
7271	279.5
7272	279.4599915
7273	279.3900146
7274	279.4299927
7275	279.5400085
7276	279.6600037
7277	279.730011
7278	279.6600037
7279	279.6400146
7280	279.5799866
7281	279.6400146
7282	279.6400146
7283	279.5400085
7284	279.5400085
7285	279.519989
7286	279.4599915
7287	279.4299927
7288	279.519989
7289	279.6199951
7290	279.769989
7291	279.769989
7292	279.6400146
7293	279.5799866
7294	279.5599976
7295	279.6900024
7296	279.8900146
7297	279.8900146
7298	279.8900146
7299	279.8099976
7300	279.7900085
7301	279.75
7302	279.6900024
7303	279.6199951
7304	279.6000061
7305	279.5799866
7306	279.6400146
7307	279.6000061
7308	279.6199951
7309	279.769989
7310	279.8099976
7311	279.8099976
7312	279.8900146
7313	280.019989
7314	280.019989
7315	279.9599915
7316	279.7099915
7317	279.6900024
7318	279.5599976
7319	279.6600037
7320	279.6199951
7321	279.5
7322	279.5400085
7323	279.5400085
7324	279.730011
7325	279.75
7326	279.769989
7327	279.75
7328	279.7099915
7329	279.6000061
7330	279.6000061
7331	279.6400146
7332	279.6000061
7333	279.7099915
7334	279.730011
7335	279.8099976
7336	279.769989
7337	279.769989
7338	279.8500061
7339	279.8299866
7340	279.7099915
7341	279.6600037
7342	279.6400146
7343	279.6900024
7344	279.75
7345	279.769989
7346	279.8099976
7347	279.8500061
7348	279.7099915
7349	279.6400146
7350	279.7900085
7351	279.7900085
7352	279.8500061
7353	279.8900146
7354	279.7099915
7355	279.4100037
7356	279.3699951
7357	279.3500061
7358	279.2900085
7359	279.3699951
7360	279.4599915
7361	279.8299866
7362	279.8299866
7363	279.980011
7364	280.019989
7365	279.9200134
7366	279.8099976
7367	279.980011
7368	279.980011
7369	279.980011
7370	279.9200134
7371	279.8099976
7372	279.7900085
7373	279.9200134
7374	279.7900085
7375	279.769989
7376	279.769989
7377	279.5
7378	279.4299927
7379	279.269989
7380	279.1000061
7381	279.0400085
7382	278.9700012
7383	278.9299927
7384	278.8500061
7385	278.8299866
7386	278.8699951
7387	278.8099976
7388	278.7000122
7389	278.5599976
7390	278.3900146
7391	278.0799866
7392	277.5899963
7393	276.7600098
7394	276.7600098
7395	275.25
7396	274.3500061
7397	273.8900146
7398	273.0599976
7399	272.5499878
7400	272.1799927
7401	272.1799927
7402	271.8399963
7403	271.8800049
7404	271.9100037
7405	272.0100098
7406	272.3900146
7407	272.6199951
7408	272.6199951
7409	273.0400085
7410	273.5599976
7411	273.8900146
7412	274.519989
7413	275.019989
7414	275.230011
7415	275.269989
7416	275.3599854
7417	275.4400024
7418	275.5400085
7419	275.6900024
7420	275.6700134
7421	276.0499878
7422	276.1300049
7423	276.4200134
7424	276.6099854
7425	276.6499939
7426	276.7399902
7427	276.7799988
7428	276.9700012
7429	277.0299988
7430	277.2000122
7431	277.2000122
7432	277.1799927
7433	277.1799927
7434	277.2000122
7435	277.2600098
7436	277.3399963
7437	277.1799927
7438	276.9500122
7439	276.8800049
7440	276.8800049
7441	277.0100098
7442	277.0100098
7443	276.8800049
7444	276.8999939
7445	277.1499939
7446	277.2399902
7447	277.4100037
7448	277.4299927
7449	277.2600098
7450	277.0499878
7451	276.7799988
7452	276.6499939
7453	276.5700073
7454	276.4599915
7455	276.4899902
7456	276.4400024
7457	276.5700073
7458	276.5499878
7459	276.5299988
7460	276.5100098
7461	276.5100098
7462	276.3999939
7463	276.4599915
7464	276.3800049
7465	276.3800049
7466	276.4200134
7467	276.3800049
7468	276.4599915
7469	276.6300049
7470	276.8399963
7471	277.0899963
7472	277.0899963
7473	277.5299988
7474	277.6199951
7475	277.7000122
7476	277.7200012
7477	277.7200012
7478	277.7799988
7479	277.7799988
7480	277.8500061
7481	277.9100037
7482	277.8900146
7483	277.9299927
7484	277.9299927
7485	277.9700012
7486	278.0100098
7487	278.0299988
7488	277.9700012
7489	277.9100037
7490	277.7200012
7491	277.5499878
7492	277.2999878
7493	277.2000122
7494	277.1799927
7495	277.2200012
7496	277.5299988
7497	277.6400146
7498	277.6199951
7499	277.6799927
7500	277.6400146
7501	277.8500061
7502	277.9500122
7503	277.9100037
7504	277.9100037
7505	277.6799927
7506	277.5899963
7507	277.5700073
7508	277.5299988
7509	277.4500122
7510	277.2799988
7511	277.2799988
7512	277.2799988
7513	277.2399902
7514	277.4100037
7515	277.2600098
7516	277.2200012
7517	277.0899963
7518	277.0100098
7519	276.8999939
7520	276.8599854
7521	276.9700012
7522	277.2600098
7523	277.5499878
7524	277.7200012
7525	277.7399902
7526	277.7000122
7527	277.6600037
7528	277.6600037
7529	277.7799988
7530	277.7200012
7531	277.6600037
7532	277.6799927
7533	277.7399902
7534	277.8699951
7535	277.8900146
7536	277.8900146
7537	277.8900146
7538	277.9100037
7539	277.9500122
7540	278.0100098
7541	278.0499878
7542	278.2000122
7543	278.2000122
7544	278.0499878
7545	277.8900146
7546	277.8699951
7547	278.0100098
7548	278.1199951
7549	278.1799927
7550	278.1799927
7551	278.2600098
7552	278.2799988
7553	278.2600098
7554	278.0299988
7555	277.9500122
7556	277.9100037
7557	277.8200073
7558	278.0499878
7559	278.0100098
7560	278.0799866
7561	278.0100098
7562	277.9299927
7563	277.7000122
7564	277.6799927
7565	277.4500122
7566	277.4700012
7567	277.5899963
7568	277.6600037
7569	277.5700073
7570	277.5899963
7571	277.7000122
7572	277.8699951
7573	277.9899902
7574	277.9899902
7575	277.9899902
7576	277.8500061
7577	277.8200073
7578	277.9500122
7579	277.8900146
7580	278.0100098
7581	278.0799866
7582	278.0799866
7583	278.2399902
7584	278.1400146
7585	278.1199951
7586	277.7799988
7587	277.4700012
7588	277.3900146
7589	277.2799988
7590	277.3399963
7591	277.5700073
7592	277.6400146
7593	277.7600098
7594	277.7600098
7595	277.7200012
7596	277.6799927
7597	277.5299988
7598	277.5299988
7599	277.6199951
7600	277.7000122
7601	277.7000122
7602	277.7000122
7603	277.6799927
7604	277.6199951
7605	277.5299988
7606	277.4899902
7607	277.5499878
7608	277.5499878
7609	277.3399963
7610	277.2999878
7611	277.0899963
7612	277.0899963
7613	277.0899963
7614	277.0899963
7615	277.0700073
7616	277.0299988
7617	276.9899902
7618	276.8999939
7619	276.9200134
7620	276.8999939
7621	276.8999939
7622	276.9200134
7623	276.9500122
7624	276.8999939
7625	276.9200134
7626	276.8599854
7627	276.9899902
7628	276.9700012
7629	277.0100098
7630	276.9899902
7631	277.0100098
7632	276.9899902
7633	277.0499878
7634	276.9700012
7635	277.0100098
7636	276.9200134
7637	277.0299988
7638	276.9700012
7639	276.9899902
7640	277.0299988
7641	277.0299988
7642	277.0100098
7643	276.9200134
7644	276.9200134
7645	276.8599854
7646	276.8599854
7647	276.8200073
7648	277.0899963
7649	277.2600098
7650	277.5899963
7651	277.7600098
7652	277.7999878
7653	277.7999878
7654	278.1000061
7655	278.0799866
7656	278.1000061
7657	278.1400146
7658	278.1400146
7659	278.1199951
7660	278.1199951
7661	278.1600037
7662	278.1799927
7663	278.1799927
7664	278.0799866
7665	277.7200012
7666	277.5299988
7667	277.5299988
7668	277.3399963
7669	277.3599854
7670	277.1099854
7671	277.2000122
7672	277.2399902
7673	277.4100037
7674	277.4500122
7675	277.6799927
7676	277.7999878
7677	277.9299927
7678	278.0499878
7679	278.0799866
7680	277.9500122
7681	277.9700012
7682	278.0799866
7683	278.2399902
7684	278.5100098
7685	278.5100098
7686	278.7200012
7687	278.8299866
7688	278.8699951
7689	278.9700012
7690	279.1400146
7691	279.3299866
7692	279.3299866
7693	279.3900146
7694	279.3699951
7695	279.3900146
7696	279.4599915
7697	279.519989
7698	279.6199951
7699	279.5599976
7700	279.4599915
7701	279.4599915
7702	279.4599915
7703	279.5400085
7704	279.4299927
7705	279.3900146
7706	279.3699951
7707	279.6199951
7708	279.6900024
7709	279.7099915
7710	279.769989
7711	279.7900085
7712	279.8500061
7713	279.8699951
7714	279.8299866
7715	279.769989
7716	279.6900024
7717	279.6900024
7718	279.6000061
7719	279.6000061
7720	279.480011
7721	279.480011
7722	279.4599915
7723	279.519989
7724	279.519989
7725	279.4299927
7726	279.4100037
7727	279.480011
7728	279.6600037
7729	279.6600037
7730	279.5599976
7731	279.5599976
7732	279.5799866
7733	279.480011
7734	279.4599915
7735	279.4599915
7736	279.4599915
7737	279.5799866
7738	279.6199951
7739	279.5400085
7740	279.519989
7741	279.5400085
7742	279.6199951
7743	279.6400146
7744	279.4599915
7745	279.519989
7746	279.5599976
7747	279.6000061
7748	279.6400146
7749	279.6199951
7750	279.5400085
7751	279.6199951
7752	279.5599976
7753	279.6000061
7754	279.6000061
7755	279.6000061
7756	279.6000061
7757	279.6900024
7758	279.8099976
7759	279.8500061
7760	279.730011
7761	279.75
7762	279.7099915
7763	279.7099915
7764	279.5
7765	279.4599915
7766	279.4100037
7767	279.480011
7768	279.5400085
7769	279.5599976
7770	279.4599915
7771	279.480011
7772	279.5400085
7773	279.480011
7774	279.5
7775	279.4299927
7776	279.5400085
7777	279.519989
7778	279.6000061
7779	279.5
7780	279.5599976
7781	279.6000061
7782	279.6199951
7783	279.6199951
7784	279.6400146
7785	279.6400146
7786	279.5400085
7787	279.480011
7788	279.480011
7789	279.4599915
7790	279.4599915
7791	279.3699951
7792	279.4299927
7793	279.5599976
7794	279.5799866
7795	279.5799866
7796	279.5599976
7797	279.4299927
7798	279.5
7799	279.6199951
7800	279.730011
7801	279.7099915
7802	279.7099915
7803	279.5799866
7804	279.730011
7805	279.75
7806	279.769989
7807	279.75
7808	279.6900024
7809	279.6600037
7810	279.6199951
7811	279.6199951
7812	279.6000061
7813	279.7099915
7814	279.7900085
7815	279.7900085
7816	279.7900085
7817	279.6900024
7818	279.6900024
7819	279.7900085
7820	279.75
7821	279.8099976
7822	279.6600037
7823	279.6400146
7824	279.5400085
7825	279.4299927
7826	279.4100037
7827	279.4100037
7828	279.7900085
7829	279.7900085
7830	279.7900085
7831	279.6000061
7832	279.7099915
7833	279.7900085
7834	279.7900085
7835	279.8299866
7836	279.8900146
7837	279.9400024
7838	279.8500061
7839	279.7900085
7840	279.8099976
7841	279.8500061
7842	279.6600037
7843	279.6400146
7844	279.7099915
7845	279.8500061
7846	279.8900146
7847	279.8900146
7848	279.75
7849	279.4599915
7850	279.4100037
7851	279.3500061
7852	279.25
7853	279.1799927
7854	279.0599976
7855	279.1000061
7856	278.9500122
7857	278.8699951
7858	278.8299866
7859	278.769989
7860	278.7399902
7861	278.7000122
7862	278.7000122
7863	278.5100098
7864	278.3699951
7865	277.9700012
7866	277.9700012
7867	276.9500122
7868	276
7869	275.5899963
7870	274.730011
7871	273.980011
7872	273.3299866
7873	273.3299866
7874	272.5100098
7875	272.2200012
7876	272.2399902
7877	272.3399963
7878	272.5299988
7879	272.6600037
7880	272.7000122
7881	272.9299927
7882	272.9899902
7883	273.2000122
7884	273.4100037
7885	273.5400085
7886	273.5799866
7887	273.7000122
7888	273.9100037
7889	274
7890	274.1400146
7891	274.3099976
7892	274.4200134
7893	274.5400085
7894	274.5599976
7895	274.730011
7896	274.7900085
7897	274.9400024
7898	274.9400024
7899	275.1099854
7900	275.1700134
7901	275.1499939
7902	275.269989
7903	275.3599854
7904	275.3399963
7905	275.3399963
7906	275.3599854
7907	275.519989
7908	275.5700073
7909	275.6499939
7910	275.6499939
7911	275.75
7912	275.75
7913	275.8200073
7914	275.9599915
7915	275.9599915
7916	276
7917	275.9400024
7918	275.980011
7919	275.9599915
7920	276.0700073
7921	276.0700073
7922	276.0700073
7923	276.0299988
7924	276.0299988
7925	276.0899963
7926	276.1499939
7927	276.2600098
7928	276.2999878
7929	276.2999878
7930	276.3200073
7931	276.3599854
7932	276.3800049
7933	276.4599915
7934	276.4899902
7935	276.4899902
7936	276.3800049
7937	276.3800049
7938	276.3599854
7939	276.3999939
7940	276.4400024
7941	276.4200134
7942	276.3200073
7943	276.3599854
7944	276.3599854
7945	276.4200134
7946	276.4599915
7947	276.5100098
7948	276.5899963
7949	276.5100098
7950	276.5499878
7951	276.5899963
7952	276.6099854
7953	276.6499939
7954	276.6300049
7955	276.6300049
7956	276.5700073
7957	276.5499878
7958	276.5499878
7959	276.5100098
7960	276.5499878
7961	276.5700073
7962	276.4599915
7963	276.3999939
7964	276.3399963
7965	276.3599854
7966	276.4400024
7967	276.4899902
7968	276.5899963
7969	276.5899963
7970	276.5499878
7971	276.5299988
7972	276.5499878
7973	276.5700073
7974	276.6700134
7975	276.6499939
7976	276.6499939
7977	276.5899963
7978	276.5299988
7979	276.6300049
7980	276.5899963
7981	276.5899963
7982	276.6499939
7983	276.6499939
7984	276.6700134
7985	276.7200012
7986	276.7399902
7987	276.7200012
7988	276.7399902
7989	276.7200012
7990	276.6700134
7991	276.7600098
7992	276.7200012
7993	276.6900024
7994	276.7600098
7995	276.7799988
7996	276.7999878
7997	276.8399963
7998	276.7600098
7999	276.7999878
8000	276.6700134
8001	276.7200012
8002	276.6900024
8003	276.6300049
8004	276.6700134
8005	276.6900024
8006	276.7399902
8007	276.7399902
8008	276.7399902
8009	276.7999878
8010	276.8200073
8011	276.7399902
8012	276.8200073
8013	276.7600098
8014	276.7200012
8015	276.7200012
8016	276.7600098
8017	276.7600098
8018	276.8200073
8019	276.7999878
8020	276.8200073
8021	276.7600098
8022	276.7600098
8023	276.7399902
8024	276.8399963
8025	276.7600098
8026	276.8800049
8027	276.8800049
8028	276.8599854
8029	276.8599854
8030	276.8599854
8031	276.8399963
8032	276.8200073
8033	276.8800049
8034	276.9500122
8035	276.9200134
8036	276.8200073
8037	276.8399963
8038	276.8800049
8039	276.9899902
8040	276.9899902
8041	276.9899902
8042	277.0299988
8043	276.9899902
8044	277.0100098
8045	276.9500122
8046	276.8800049
8047	276.8800049
8048	276.7799988
8049	276.7999878
8050	276.8800049
8051	276.8200073
8052	276.7799988
8053	276.8599854
8054	276.8599854
8055	276.8800049
8056	276.8800049
8057	276.8999939
8058	276.8999939
8059	276.8599854
8060	276.9500122
8061	277.0100098
8062	277.0299988
8063	276.9700012
8064	277.0100098
8065	277.0499878
8066	277.0100098
8067	277.0499878
8068	277.0499878
8069	277.0499878
8070	277.0100098
8071	276.9899902
8072	276.8999939
8073	276.8200073
8074	276.8200073
8075	276.8999939
8076	276.9200134
8077	276.8800049
8078	276.8599854
8079	276.8599854
8080	276.8999939
8081	276.7999878
8082	276.8200073
8083	276.7999878
8084	276.8800049
8085	276.9500122
8086	276.9500122
8087	276.8800049
8088	276.8599854
8089	276.9500122
8090	276.7600098
8091	276.7600098
8092	276.7399902
8093	276.7999878
8094	276.8399963
8095	276.8399963
8096	276.8200073
8097	276.8200073
8098	276.8999939
8099	276.9899902
8100	276.9700012
8101	276.9500122
8102	276.9500122
8103	276.9200134
8104	276.9500122
8105	276.9899902
8106	276.8800049
8107	276.8800049
8108	276.8999939
8109	276.9700012
8110	276.9899902
8111	277.1499939
8112	277.0499878
8113	276.9700012
8114	277.0100098
8115	277.0299988
8116	277.0100098
8117	277.0700073
8118	277.0700073
8119	276.9899902
8120	277.0499878
8121	276.9700012
8122	276.9500122
8123	277.0299988
8124	277.0100098
8125	277.0100098
8126	277.0299988
8127	277.1499939
8128	277.1499939
8129	277.2200012
8130	277.2000122
8131	277.2200012
8132	277.2000122
8133	277.0700073
8134	277.1099854
8135	277.1300049
8136	277.2200012
8137	277.2799988
8138	277.2799988
8139	277.2399902
8140	277.2999878
8141	277.2600098
8142	277.2200012
8143	277.1300049
8144	277.1099854
8145	277.3900146
8146	277.3900146
8147	277.5499878
8148	277.6600037
8149	277.5899963
8150	277.5899963
8151	277.5100098
8152	277.6400146
8153	277.6600037
8154	277.9100037
8155	277.9299927
8156	278.1799927
8157	278.1799927
8158	278.5799866
8159	278.7900085
8160	278.8699951
8161	279.0599976
8162	279.1400146
8163	279.2000122
8164	279.2000122
8165	279.2000122
8166	279.3699951
8167	279.3699951
8168	279.5400085
8169	279.6000061
8170	279.5400085
8171	279.6000061
8172	279.6400146
8173	279.6400146
8174	279.769989
8175	279.75
8176	279.8699951
8177	279.8500061
8178	279.8699951
8179	279.769989
8180	279.7900085
8181	279.75
8182	279.730011
8183	279.6600037
8184	279.7099915
8185	279.7099915
8186	279.8699951
8187	279.9400024
8188	280
8189	280
8190	279.7900085
8191	279.75
8192	279.730011
8193	279.6400146
8194	279.6000061
8195	279.3900146
8196	279.3900146
8197	279.3099976
8198	279.3500061
8199	279.3500061
8200	279.4100037
8201	279.6199951
8202	279.6400146
8203	279.6900024
8204	279.769989
8205	279.75
8206	279.769989
8207	279.730011
8208	279.6199951
8209	279.6199951
8210	279.6900024
8211	279.769989
8212	279.7900085
8213	279.730011
8214	279.7099915
8215	279.6600037
8216	279.5400085
8217	279.480011
8218	279.3500061
8219	279.3099976
8220	279.269989
8221	279.269989
8222	279.1799927
8223	279.25
8224	279.269989
8225	279.2900085
8226	279.3500061
8227	279.519989
8228	279.519989
8229	279.5400085
8230	279.4100037
8231	279.4299927
8232	279.480011
8233	279.480011
8234	279.4599915
8235	279.4599915
8236	279.230011
8237	279.3299866
8238	279.3099976
8239	279.480011
8240	279.4299927
8241	279.5
8242	279.5
8243	279.6400146
8244	279.6000061
8245	279.519989
8246	279.5400085
8247	279.519989
8248	279.6000061
8249	279.6199951
8250	279.6900024
8251	279.6900024
8252	279.6600037
8253	279.6400146
8254	279.6000061
8255	279.5799866
8256	279.6199951
8257	279.6600037
8258	279.5400085
8259	279.6000061
8260	279.6000061
8261	279.6000061
8262	279.5799866
8263	279.6000061
8264	279.75
8265	279.9200134
8266	279.9400024
8267	279.9400024
8268	279.8500061
8269	279.8299866
8270	279.769989
8271	279.6900024
8272	279.5400085
8273	279.480011
8274	279.5400085
8275	279.6000061
8276	279.4599915
8277	279.5400085
8278	279.6000061
8279	279.7900085
8280	279.769989
8281	279.7900085
8282	279.7099915
8283	279.6199951
8284	279.5
8285	279.3699951
8286	279.4100037
8287	279.5
8288	279.6000061
8289	279.6400146
8290	279.6000061
8291	279.5400085
8292	279.5400085
8293	279.5799866
8294	279.6600037
8295	279.7099915
8296	279.6600037
8297	279.6600037
8298	279.5400085
8299	279.5400085
8300	279.6000061
8301	279.6600037
8302	279.5400085
8303	279.480011
8304	279.5
8305	279.5400085
8306	279.5400085
8307	279.6600037
8308	279.6199951
8309	279.6600037
8310	279.6400146
8311	279.6199951
8312	279.5799866
8313	279.5799866
8314	279.480011
8315	279.480011
8316	279.4299927
8317	279.519989
8318	279.6400146
8319	279.5799866
8320	279.519989
8321	279.2900085
8322	279.4100037
8323	279.3099976
8324	279.3500061
8325	279.2900085
8326	279.3099976
8327	279.269989
8328	279.269989
8329	279.1600037
8330	279.1600037
8331	279.1600037
8332	279.0799866
8333	279.0400085
8334	279.019989
8335	278.8900146
8336	278.8299866
8337	278.6000061
8338	278.6000061
8339	277.9299927
8340	277.3399963
8341	276.9500122
8342	276.0899963
8343	275.3099976
8344	274.9200134
8345	274.4599915
8346	273.4299927
8347	273.0400085
8348	272.9100037
8349	272.7000122
8350	272.7000122
8351	272.7399902
8352	272.7200012
8353	272.8900146
8354	273.0100098
8355	273.269989
8356	273.3699951
8357	273.4700012
8358	273.6400146
8359	273.8299866
8360	273.9100037
8361	274.1600037
8362	274.3900146
8363	274.6000061
8364	274.7900085
8365	274.980011
8366	275.1300049
8367	275.269989
8368	275.3599854
8369	275.480011
8370	275.480011
8371	275.5899963
8372	275.6300049
8373	275.6700134
8374	275.6700134
8375	275.75
8376	275.730011
8377	275.730011
8378	275.769989
8379	275.8999939
8380	275.8200073
8381	275.9200134
8382	275.980011
8383	276.0499878
8384	276.0299988
8385	276.0299988
8386	276.0899963
8387	276.1499939
8388	276.3200073
8389	276.3399963
8390	276.3999939
8391	276.3800049
8392	276.3800049
8393	276.2799988
8394	276.3999939
8395	276.5100098
8396	276.5499878
8397	276.5899963
8398	276.5100098
8399	276.4400024
8400	276.3999939
8401	276.3599854
8402	276.3599854
8403	276.3399963
8404	276.3599854
8405	276.3800049
8406	276.4400024
8407	276.5499878
8408	276.5499878
8409	276.5499878
8410	276.5100098
8411	276.5100098
8412	276.5299988
8413	276.5700073
8414	276.7600098
8415	276.8399963
8416	276.8399963
8417	276.8800049
8418	276.9500122
8419	276.9700012
8420	276.8800049
8421	276.8399963
8422	276.8399963
8423	276.6700134
8424	276.7399902
8425	276.7799988
8426	276.8399963
8427	276.8200073
8428	276.8399963
8429	276.8599854
8430	276.7999878
8431	276.9200134
8432	277.0299988
8433	277.0299988
8434	277.0100098
8435	277.0100098
8436	277.0100098
8437	276.9500122
8438	276.8999939
8439	276.8399963
8440	276.8999939
8441	276.8999939
8442	276.8399963
8443	276.8800049
8444	276.9500122
8445	276.8599854
8446	276.8399963
8447	276.7799988
8448	276.7799988
8449	276.8399963
8450	276.8399963
8451	276.8599854
8452	276.8599854
8453	276.9899902
8454	277.0100098
8455	277.0299988
8456	276.9500122
8457	276.8800049
8458	276.8999939
8459	276.9200134
8460	276.9500122
8461	276.9899902
8462	276.9500122
8463	277.0100098
8464	277.0100098
8465	276.9700012
8466	276.9500122
8467	276.8599854
8468	276.9200134
8469	276.8999939
8470	276.8800049
8471	276.8800049
8472	276.7999878
8473	276.7999878
8474	276.8399963
8475	276.7799988
8476	276.8399963
8477	276.8800049
8478	276.9200134
8479	276.8999939
8480	276.8999939
8481	276.9700012
8482	277.0299988
8483	276.9899902
8484	277.0100098
8485	277.0700073
8486	277.1099854
8487	277.1099854
8488	277.2000122
8489	277.2000122
8490	277.1499939
8491	277.0899963
8492	277.0700073
8493	277.0499878
8494	277.0499878
8495	277.0700073
8496	277.1499939
8497	277.2000122
8498	277.1799927
8499	277.1499939
8500	277.0100098
8501	277.0299988
8502	277.0700073
8503	277.0499878
8504	277.0299988
8505	276.9899902
8506	277.0100098
8507	277.0299988
8508	277.1300049
8509	277.0499878
8510	277.1300049
8511	277.0700073
8512	277.0700073
8513	277.0299988
8514	277.0299988
8515	276.9899902
8516	277.1499939
8517	277.2000122
8518	277.1300049
8519	277.1300049
8520	277.0700073
8521	277.1499939
8522	277.2000122
8523	277.3200073
8524	277.2399902
8525	277.2799988
8526	277.1799927
8527	277.1099854
8528	277.1499939
8529	277.1799927
8530	277.2000122
8531	277.2200012
8532	277.2399902
8533	277.2000122
8534	277.1099854
8535	277.0899963
8536	277.1300049
8537	277.2000122
8538	277.2200012
8539	277.2799988
8540	277.2999878
8541	277.1300049
8542	277.2000122
8543	277.2200012
8544	277.2200012
8545	277.2600098
8546	277.2000122
8547	277.1499939
8548	277.1099854
8549	277.1300049
8550	277.1300049
8551	277.1300049
8552	276.9200134
8553	276.9899902
8554	276.8599854
8555	276.9500122
8556	276.9899902
8557	277.1099854
8558	277.1099854
8559	277.2000122
8560	277.2399902
8561	277.2799988
8562	277.2000122
8563	277.2600098
8564	277.2200012
8565	277.3399963
8566	277.3399963
8567	277.3200073
8568	277.2999878
8569	277.2200012
8570	277.2200012
8571	277.2000122
8572	277.1499939
8573	277.2000122
8574	277.2000122
8575	277.1300049
8576	277.0299988
8577	277.0899963
8578	277.1099854
8579	277.2000122
8580	277.1300049
8581	277.0499878
8582	277.0299988
8583	277.0299988
8584	277.0499878
8585	277.1300049
8586	277.1499939
8587	277.2000122
8588	277.2200012
8589	277.1799927
8590	277.1799927
8591	277.2000122
8592	277.1099854
8593	277.0499878
8594	277.0299988
8595	277.0299988
8596	277.0100098
8597	277.0499878
8598	277.1799927
8599	277.2000122
8600	277.1499939
8601	277.1300049
8602	277.0299988
8603	276.9899902
8604	276.9899902
8605	276.9899902
8606	277.0899963
8607	277.1300049
8608	277.2000122
8609	277.2399902
8610	277.2399902
8611	277.2399902
8612	277.2200012
8613	277.2200012
8614	277.2399902
8615	277.2399902
8616	277.2799988
8617	277.3200073
8618	277.3599854
8619	277.4700012
8620	277.4700012
8621	277.5100098
8622	277.5100098
8623	277.8699951
8624	277.9700012
8625	278.1000061
8626	278.2200012
8627	278.2000122
8628	278.3500061
8629	278.3500061
8630	278.4899902
8631	278.6199951
8632	278.6799927
8633	278.8099976
8634	278.8900146
8635	278.9500122
8636	279.1600037
8637	279.3500061
8638	279.4299927
8639	279.519989
8640	279.6900024
8641	279.6400146
8642	279.6400146
8643	279.5400085
8644	279.5599976
8645	279.6000061
8646	279.6199951
8647	279.5599976
8648	279.6900024
8649	279.8099976
8650	279.9200134
8651	280.019989
8652	279.8900146
8653	279.8299866
8654	279.8299866
8655	279.6600037
8656	279.6199951
8657	279.6900024
8658	279.7099915
8659	279.6400146
8660	279.7099915
8661	279.7099915
8662	279.9400024
8663	280.019989
8664	280
8665	280.0599976
8666	280.0599976
8667	280.0599976
8668	280.0599976
8669	280.1199951
8670	280.1199951
8671	280.1000061
8672	280.0400085
8673	279.8500061
8674	279.8500061
8675	279.8699951
8676	279.9400024
8677	279.980011
8678	280.1499939
8679	280.2099915
8680	280.1000061
8681	280.1000061
8682	280.1000061
8683	279.9400024
8684	279.9599915
8685	279.9599915
8686	279.8699951
8687	279.8900146
8688	279.8699951
8689	279.8699951
8690	279.730011
8691	279.8500061
8692	279.9599915
8693	279.9599915
8694	279.8900146
8695	280.019989
8696	280.019989
8697	280.0400085
8698	280.0599976
8699	279.980011
8700	279.980011
8701	279.7900085
8702	279.8299866
8703	279.8699951
8704	279.9400024
8705	279.8500061
8706	279.8699951
8707	279.75
8708	279.769989
8709	279.7900085
8710	279.8099976
8711	279.8699951
8712	279.9599915
8713	280.0400085
8714	280.0400085
8715	280.0599976
8716	280.0799866
8717	280.1499939
8718	280.0400085
8719	280
8720	280
8721	280
8722	280.0599976
8723	279.980011
8724	280.019989
8725	280.019989
8726	280.0400085
8727	279.9400024
8728	279.9200134
8729	279.730011
8730	279.6199951
8731	279.5599976
8732	279.5599976
8733	279.769989
8734	279.6600037
8735	279.6600037
8736	279.5799866
8737	279.5799866
8738	279.6199951
8739	279.6199951
8740	279.6400146
8741	279.7099915
8742	279.7900085
8743	279.9400024
8744	279.9599915
8745	280
8746	280.019989
8747	279.9400024
8748	280.019989
8749	280.0799866
8750	280.019989
8751	279.980011
8752	280
8753	280
8754	279.8900146
8755	279.8900146
8756	279.6199951
8757	279.6900024
8758	279.6600037
8759	279.6900024
8760	279.730011
8761	279.75
8762	279.7900085
8763	279.8699951
8764	279.8699951
8765	279.75
8766	279.730011
8767	279.769989
8768	279.769989
8769	279.8299866
8770	279.8699951
8771	279.8699951
8772	279.6900024
8773	279.7099915
8774	279.730011
8775	279.8500061
8776	279.75
8777	279.7099915
8778	279.5400085
8779	279.480011
8780	279.5
8781	279.5599976
8782	279.5799866
8783	279.6000061
8784	279.6199951
8785	279.5400085
8786	279.4599915
8787	279.5
8788	279.5400085
8789	279.5799866
8790	279.5799866
8791	279.5799866
8792	279.6199951
8793	279.6400146
8794	279.6400146
8795	279.6000061
8796	279.6000061
8797	279.519989
8798	279.4299927
8799	279.3900146
8800	279.3699951
8801	279.3900146
8802	279.25
8803	279.25
8804	279.0400085
8805	278.9500122
8806	278.9700012
8807	278.8900146
8808	278.8299866
8809	278.7399902
8810	278.7399902
8811	278.2600098
8812	277.8500061
8813	277.6600037
8814	277.0899963
8815	276.3200073
8816	275.9400024
8817	275.5899963
8818	274.3699951
8819	274.0400085
8820	273.3299866
8821	272.8699951
8822	272.7399902
8823	272.6400146
8824	272.6799927
8825	272.8099976
8826	272.9299927
8827	273.1199951
8828	273.3299866
8829	273.4299927
8830	273.5799866
8831	273.6799927
8832	273.9599915
8833	274.0799866
8834	274.3299866
8835	274.3299866
8836	274.6499939
8837	274.8299866
8838	274.9599915
8839	275.0400085
8840	275.1099854
8841	275.1700134
8842	275.1700134
8843	275.25
8844	275.4400024
8845	275.4599915
8846	275.6099854
8847	275.7099915
8848	275.7999878
8849	275.8399963
8850	275.8999939
8851	275.9599915
8852	276.0700073
8853	276.0299988
8854	276.1700134
8855	276.1700134
8856	276.2099915
8857	276.1900024
8858	276.2099915
8859	276.2099915
8860	276.1700134
8861	276.2600098
8862	276.3200073
8863	276.230011
8864	276.2999878
8865	276.2099915
8866	276.230011
8867	276.230011
8868	276.3999939
8869	276.5499878
8870	276.5899963
8871	276.5899963
8872	276.5700073
8873	276.5700073
8874	276.5700073
8875	276.6099854
8876	276.7600098
8877	276.7799988
8878	276.8399963
8879	276.8599854
8880	276.8200073
8881	276.8200073
8882	276.7999878
8883	276.7600098
8884	276.6499939
8885	276.6700134
8886	276.6700134
8887	276.7200012
8888	276.7399902
8889	276.8200073
8890	276.8599854
8891	276.9500122
8892	276.8599854
8893	276.8599854
8894	276.8599854
8895	276.7799988
8896	276.7999878
8897	276.7799988
8898	276.8999939
8899	277.0299988
8900	276.9899902
8901	276.9500122
8902	276.9500122
8903	277.0299988
8904	277.0299988
8905	276.9899902
8906	276.9899902
8907	276.8800049
8908	276.7799988
8909	276.7600098
8910	276.8399963
8911	276.9200134
8912	277.0100098
8913	277.0100098
8914	277.1099854
8915	277.1499939
8916	277.2399902
8917	277.3900146
8918	277.4299927
8919	277.3900146
8920	277.4100037
8921	277.2399902
8922	277.1499939
8923	277.0899963
8924	277.0899963
8925	277.1799927
8926	277.2200012
8927	277.2799988
8928	277.1799927
8929	277.2200012
8930	277.2000122
8931	277.2000122
8932	277.1099854
8933	277.0499878
8934	276.9899902
8935	277.0100098
8936	277.0499878
8937	277.1099854
8938	277.1499939
8939	277.1300049
8940	277.2200012
8941	277.2600098
8942	277.2399902
8943	277.2399902
8944	277.2000122
8945	277.2000122
8946	277.1499939
8947	277.1300049
8948	277.1499939
8949	277.2000122
8950	277.1099854
8951	277.1099854
8952	277.1099854
8953	277.1300049
8954	277.2399902
8955	277.2999878
8956	277.2600098
8957	277.3200073
8958	277.3200073
8959	277.2999878
8960	277.2799988
8961	277.2399902
8962	277.2399902
8963	277.1499939
8964	277.2999878
8965	277.2399902
8966	277.2399902
8967	277.2999878
8968	277.3399963
8969	277.2600098
8970	277.2799988
8971	277.3900146
8972	277.4100037
8973	277.4299927
8974	277.3599854
8975	277.2999878
8976	277.2600098
8977	277.2600098
8978	277.2399902
8979	277.2799988
8980	277.2799988
8981	277.2999878
8982	277.2799988
8983	277.2799988
8984	277.2799988
8985	277.2799988
8986	277.2399902
8987	277.2200012
8988	277.2999878
8989	277.2600098
8990	277.2799988
8991	277.2799988
8992	277.2999878
8993	277.3200073
8994	277.2799988
8995	277.2999878
8996	277.2999878
8997	277.2600098
8998	277.2799988
8999	277.2399902
9000	277.2200012
9001	277.3200073
9002	277.3399963
9003	277.2999878
9004	277.2799988
9005	277.2999878
9006	277.2799988
9007	277.2000122
9008	277.2000122
9009	277.1499939
9010	277.0700073
9011	277.1499939
9012	277.1799927
9013	277.1799927
9014	277.3200073
9015	277.4100037
9016	277.4100037
9017	277.3200073
9018	277.3399963
9019	277.2999878
9020	277.3399963
9021	277.2600098
9022	277.3200073
9023	277.3200073
9024	277.2000122
9025	277.1300049
9026	277.0899963
9027	277.1300049
9028	277.1799927
9029	277.2399902
9030	277.2399902
9031	277.2200012
9032	277.2200012
9033	277.2799988
9034	277.2600098
9035	277.2399902
9036	277.2799988
9037	277.2600098
9038	277.2799988
9039	277.2399902
9040	277.2200012
9041	277.1799927
9042	277.2600098
9043	277.2999878
9044	277.3399963
9045	277.3900146
9046	277.4100037
9047	277.2999878
9048	277.2999878
9049	277.2200012
9050	277.2399902
9051	277.2399902
9052	277.2600098
9053	277.3599854
9054	277.2200012
9055	277.2200012
9056	277.2000122
9057	277.2399902
9058	277.2200012
9059	277.1499939
9060	277.3200073
9061	277.2799988
9062	277.2799988
9063	277.2200012
9064	277.2600098
9065	277.2600098
9066	277.3399963
9067	277.4100037
9068	277.4100037
9069	277.5100098
9070	277.4899902
9071	277.5499878
9072	277.5700073
9073	277.5299988
9074	277.4700012
9075	277.4700012
9076	277.4299927
9077	277.2799988
9078	277.1499939
9079	277.1099854
9080	277.1099854
9081	277.2200012
9082	277.2799988
9083	277.3399963
9084	277.4500122
9085	277.4899902
9086	277.5499878
9087	277.5499878
9088	277.5499878
9089	277.5700073
9090	277.5299988
9091	277.4700012
9092	277.5299988
9093	277.5499878
9094	277.5499878
9095	277.7200012
9096	278.0299988
9097	278.0100098
9098	278.0100098
9099	278.1000061
9100	278.1600037
9101	278.2399902
9102	278.4700012
9103	278.5100098
9104	278.5400085
9105	278.6799927
9106	278.9500122
9107	279.019989
9108	279.019989
9109	279.3099976
9110	279.519989
9111	279.5400085
9112	279.6199951
9113	279.6199951
9114	279.6199951
9115	279.6900024
9116	279.7099915
9117	279.769989
9118	279.8299866
9119	279.8299866
9120	279.8900146
9121	279.9200134
9122	279.8699951
9123	279.8699951
9124	279.9599915
9125	279.8900146
9126	279.8900146
9127	279.8699951
9128	279.9599915
9129	280.0400085
9130	280.25
9131	280.2900085
9132	280.25
9133	280.25
9134	280.25
9135	280.3099976
9136	280.3299866
9137	280.1499939
9138	280.1199951
9139	280.1499939
9140	280.1000061
9141	280.0799866
9142	279.980011
9143	279.9400024
9144	279.769989
9145	279.730011
9146	279.8699951
9147	279.9599915
9148	279.9599915
9149	280.0599976
9150	280.0599976
9151	279.8900146
9152	279.8099976
9153	279.75
9154	279.8500061
9155	279.980011
9156	280.1199951
9157	280.1700134
9158	280.1700134
9159	279.9599915
9160	280
9161	279.9599915
9162	279.9400024
9163	279.9200134
9164	279.9599915
9165	279.9599915
9166	280.1199951
9167	280.2900085
9168	280.3500061
9169	280.3999939
9170	280.5599976
9171	280.6700134
9172	280.6700134
9173	280.480011
9174	280.3099976
9175	280.269989
9176	280.1900024
9177	280.0400085
9178	279.9200134
9179	279.9200134
9180	279.9400024
9181	279.9200134
9182	279.8900146
9183	280.019989
9184	280.0799866
9185	280.0400085
9186	280.0400085
9187	280.1000061
9188	280.2900085
9189	280.2900085
9190	280.1499939
9191	280.1499939
9192	280.1199951
9193	280.1199951
9194	280.0799866
9195	280.0400085
9196	280.1199951
9197	280.1199951
9198	280.1499939
9199	280.1199951
9200	280.019989
9201	279.9599915
9202	279.9200134
9203	279.8900146
9204	279.8900146
9205	279.8099976
9206	279.75
9207	279.769989
9208	279.7900085
9209	279.8699951
9210	279.9200134
9211	279.980011
9212	279.9200134
9213	279.9200134
9214	280
9215	280.0599976
9216	280.1000061
9217	280.1199951
9218	280.0599976
9219	280
9220	280.0400085
9221	279.8699951
9222	279.6900024
9223	279.7099915
9224	279.7900085
9225	279.8500061
9226	279.9200134
9227	280
9228	280.1499939
9229	280.1499939
9230	280.2099915
9231	280.269989
9232	280.3299866
9233	280.3299866
9234	280.1199951
9235	279.8299866
9236	279.8299866
9237	279.75
9238	279.75
9239	279.8099976
9240	279.8699951
9241	279.9599915
9242	279.9400024
9243	279.9400024
9244	280.019989
9245	279.9599915
9246	279.980011
9247	279.9200134
9248	279.8699951
9249	279.9400024
9250	279.9200134
9251	279.8099976
9252	279.7900085
9253	280.0599976
9254	280.269989
9255	280.25
9256	280.019989
9257	280.0799866
9258	280.0799866
9259	280.1499939
9260	280.1700134
9261	280.25
9262	280.3299866
9263	280.3999939
9264	280.4599915
9265	280.519989
9266	280.4200134
9267	280.2099915
9268	280.2099915
9269	280.019989
9270	279.8299866
9271	279.75
9272	279.7099915
9273	279.6600037
9274	279.5400085
9275	279.5400085
9276	279.4100037
9277	279.3299866
9278	279.269989
9279	279.1600037
9280	279.230011
9281	279.1600037
9282	279.1600037
9283	278.9500122
9284	278.8099976
9285	278.5400085
9286	278.0100098
9287	277.2799988
9288	276.8399963
9289	276.5100098
9290	275.1900024
9291	274.7900085
9292	274.1900024
9293	273.6600037
9294	273.5400085
9295	273.2200012
9296	273.1600037
9297	273.0799866
9298	273.1600037
9299	273.2900085
9300	273.2900085
9301	273.5400085
9302	273.6600037
9303	273.769989
9304	273.9299927
9305	274.1400146
9306	274.3299866
9307	274.3299866
9308	274.519989
9309	274.7099915
9310	274.7099915
9311	274.8999939
9312	275
9313	275.1300049
9314	275.1300049
9315	275.3099976
9316	275.3800049
9317	275.480011
9318	275.5
9319	275.6099854
9320	275.6499939
9321	275.6499939
9322	275.8200073
9323	275.769989
9324	275.769989
9325	275.8800049
9326	275.9200134
9327	275.980011
9328	276
9329	276.2600098
9330	276.2799988
9331	276.3399963
9332	276.2799988
9333	276.2999878
9334	276.3200073
9335	276.3599854
9336	276.3999939
9337	276.4400024
9338	276.4400024
9339	276.4400024
9340	276.5299988
9341	276.5700073
9342	276.6099854
9343	276.6099854
9344	276.6499939
9345	276.7399902
9346	276.7399902
9347	276.8399963
9348	276.7600098
9349	276.7600098
9350	276.6700134
9351	276.7200012
9352	276.7399902
9353	276.6700134
9354	276.7399902
9355	276.8200073
9356	276.8399963
9357	276.8999939
9358	276.7200012
9359	276.7399902
9360	276.7600098
9361	276.7799988
9362	276.7600098
9363	276.7799988
9364	276.7999878
9365	276.8200073
9366	276.8800049
9367	276.8599854
9368	276.8800049
9369	276.8399963
9370	276.8200073
9371	276.8200073
9372	276.8800049
9373	276.8800049
9374	276.9500122
9375	276.8999939
9376	276.8999939
9377	276.9700012
9378	276.9700012
9379	276.9500122
9380	276.9700012
9381	277.0499878
9382	277.0299988
9383	276.9200134
9384	276.8200073
9385	276.8200073
9386	276.8200073
9387	276.7999878
9388	276.8200073
9389	276.8599854
9390	276.9899902
9391	277.0299988
9392	277.0499878
9393	276.9700012
9394	277.0100098
9395	277.0499878
9396	276.9899902
9397	276.9500122
9398	276.9500122
9399	276.9899902
9400	277.0299988
9401	276.9899902
9402	277.0700073
9403	277.1799927
9404	277.2799988
9405	277.1799927
9406	277.2799988
9407	277.0899963
9408	277.0700073
9409	277.1300049
9410	277.1300049
9411	277.1499939
9412	277.2000122
9413	277.2000122
9414	277.1799927
9415	277.2000122
9416	277.2000122
9417	277.2000122
9418	277.0700073
9419	277.0299988
9420	277.0499878
9421	277.0700073
9422	277.0899963
9423	277.1499939
9424	277.1300049
9425	277.1499939
9426	277.2999878
9427	277.2999878
9428	277.2999878
9429	277.3399963
9430	277.2799988
9431	277.2999878
9432	277.3200073
9433	277.3200073
9434	277.3900146
9435	277.4299927
9436	277.5299988
9437	277.5899963
9438	277.5700073
9439	277.4899902
9440	277.4700012
9441	277.5499878
9442	277.5499878
9443	277.6199951
9444	277.5700073
9445	277.6400146
9446	277.4899902
9447	277.4500122
9448	277.3200073
9449	277.3200073
9450	277.4100037
9451	277.3900146
9452	277.3200073
9453	277.3599854
9454	277.4100037
9455	277.4299927
9456	277.4299927
9457	277.4899902
9458	277.4700012
9459	277.3599854
9460	277.2600098
9461	277.1499939
9462	277.1300049
9463	277.1099854
9464	276.9899902
9465	276.9899902
9466	276.9700012
9467	276.9899902
9468	277.0299988
9469	277.1099854
9470	277.0899963
9471	277.1499939
9472	277.2200012
9473	277.2600098
9474	277.2399902
9475	277.2399902
9476	277.2000122
9477	277.1099854
9478	277.1499939
9479	277.1300049
9480	277.1799927
9481	277.1799927
9482	277.2200012
9483	277.1499939
9484	277.1499939
9485	277.1799927
9486	277.2000122
9487	277.2399902
9488	277.2399902
9489	277.2000122
9490	277.1300049
9491	277.1099854
9492	277.1300049
9493	277.1799927
9494	277.1499939
9495	277.1499939