1	297.1999943
2	296.7999876
3	296.7000008
4	296.7000008
5	296.7000008
6	296.7000008
7	296.9999909
8	296.9000041
9	296.9000041
10	296.7000008
11	296.9000041
12	296.9000041
13	296.7000008
14	296.7999876
15	296.7000008
16	296.7000008
17	296.9000041
18	297.1999943
19	296.7999876
20	296.7999876
21	296.600014
22	296.600014
23	296.4999974
24	296.4999974
25	296.299994
26	296.7000008
27	296.7000008
28	296.9000041
29	296.7000008
30	296.7000008
31	296.7000008
32	296.9999909
33	296.7000008
34	296.7000008
35	296.7000008
36	296.4999974
37	296.4999974
38	296.600014
39	296.7000008
40	296.7000008
41	296.7999876
42	296.7000008
43	296.7000008
44	296.4000106
45	296.600014
46	296.600014
47	296.7999876
48	296.600014
49	296.7000008
50	296.7000008
51	296.600014
52	296.4000106
53	296.4999974
54	296.7000008
55	296.7000008
56	296.4999974
57	296.7000008
58	296.7999876
59	296.600014
60	296.7000008
61	296.600014
62	296.600014
63	296.7000008
64	296.7000008
65	296.7000008
66	296.7000008
67	296.7000008
68	296.7999876
69	296.7000008
70	296.7000008
71	296.9000041
72	296.7999876
73	296.9000041
74	296.7999876
75	296.9000041
76	296.600014
77	296.7000008
78	296.600014
79	296.600014
80	296.7000008
81	296.7000008
82	296.7000008
83	296.9999909
84	297.1999943
85	296.9999909
86	296.9999909
87	296.7000008
88	296.7000008
89	296.9000041
90	296.7999876
91	296.7999876
92	296.9000041
93	296.9999909
94	296.7999876
95	296.600014
96	296.7999876
97	298.0000079
98	299.4000018
99	300.7000089
100	301.6000092
101	301.8999994
102	302.7000129
103	303.7
104	304.1000068
105	304.5000136
106	305.2000105
107	305.7000041
108	305.9000075
109	306.6999912
110	307.2000146
111	307.3999882
112	307.7000082
113	308.2999885
114	308.8999987
115	309.5000088
116	309.7000122
117	310.2999926
118	310.6000125
119	310.6999993
120	310.9000027
121	311.1999929
122	311.3999963
123	311.1999929
124	311.1000061
125	311.1000061
126	311.3999963
127	311.5000129
128	311.5000129
129	311.8000031
130	311.8000031
131	311.5000129
132	311.5000129
133	311.1999929
134	311.1000061
135	310.9000027
136	310.6000125
137	310.9000027
138	311.1999929
139	311.3000095
140	311.3999963
141	311.3999963
142	311.5000129
143	311.5000129
144	311.6999865
145	311.8000031
146	311.5999997
147	311.6999865
148	311.8999898
149	312.4000132
150	312.2000098
151	312.2000098
152	311.8000031
153	311.6999865
154	311.8000031
155	311.8999898
156	312.2000098
157	311.8999898
158	311.8000031
159	311.3000095
160	311.3999963
161	311.1000061
162	310.9999895
163	310.6999993
164	311.1999929
165	311.3000095
166	311.6999865
167	311.8999898
168	312.0000064
169	312.2000098
170	312.2999966
171	312.4000132
172	312.5
173	312.5
174	312.2999966
175	312.2000098
176	312.2000098
177	312.2999966
178	312.2999966
179	312.2000098
180	311.5000129
181	311.3000095
182	311.3000095
183	311.1999929
184	311.3000095
185	311.1999929
186	311.3999963
187	311.3999963
188	311.5000129
189	311.6999865
190	311.5000129
191	311.5000129
192	311.1999929
193	310.9999895
194	311.1999929
195	311.3000095
196	311.1999929
197	311.1000061
198	310.9999895
199	310.9000027
200	311.1999929
201	311.1999929
202	311.3000095
203	311.8000031
204	312.2000098
205	312.7999902
206	312.7999902
207	312.9000068
208	312.7999902
209	313.1000102
210	312.7999902
211	312.7999902
212	312.9999936
213	313.1000102
214	312.7999902
215	312.7999902
216	312.5
217	312.5
218	312.5
219	312.5
220	312.9000068
221	313.1000102
222	312.9000068
223	312.9999936
224	312.7000034
225	312.5999868
226	312.5
227	312.5
228	312.0999932
229	312.0999932
230	311.8000031
231	311.8999898
232	311.8000031
233	312.0000064
234	311.8999898
235	311.8999898
236	311.8999898
237	312.2000098
238	312.2000098
239	312.2000098
240	311.8999898
241	311.8000031
242	312.0000064
243	312.2000098
244	312.0999932
245	312.2000098
246	312.2000098
247	311.8999898
248	312.0000064
249	312.0999932
250	311.8000031
251	311.3000095
252	310.9999895
253	311.1999929
254	311.5000129
255	311.8000031
256	311.8000031
257	311.8999898
258	311.8000031
259	312.2000098
260	312.7000034
261	312.9000068
262	312.7000034
263	313.1000102
264	312.7999902
265	312.5
266	312.7000034
267	312.7999902
268	312.7999902
269	312.7999902
270	312.5
271	312.2000098
272	311.8000031
273	311.8999898
274	311.1999929
275	310.0000024
276	309.1999888
277	308.6000085
278	307.7000082
279	307.0000112
280	306.6000044
281	306.3000143
282	305.7000041
283	305.2999973
284	305.4000139
285	305.0999939
286	305.0999939
287	305.0000072
288	304.6000004
289	303.2000065
290	301.4999926
291	298.999995
292	297.8000045
293	295.599997
294	292.899996
295	291.0000086
296	289.9000049
297	287.9999876
298	286.5999937
299	285.80001
300	285.6000066
301	284.9000096
302	284.7000062
303	284.7000062
304	284.7000062
305	284.5999897
306	285.100013
307	285.1999998
308	285.49999
309	285.8999968
310	286.1000001
311	286.3999903
312	286.9000137
313	287.2999907
314	287.6000106
315	287.9999876
316	288.199991
317	288.5999978
318	289.0000045
319	289.0000045
320	289.2999947
321	289.7999883
322	289.9999917
323	290.1000082
324	290.199995
325	290.199995
326	290.6000018
327	290.6999886
328	291.0000086
329	291.0999954
330	291.5999889
331	291.5999889
332	291.9999957
333	291.9999957
334	292.1000123
335	292.1999991
336	292.4000025
337	292.6000059
338	292.4999893
339	292.8000093
340	292.899996
341	293.1999862
342	293.1999862
343	293.0000126
344	293.5000062
345	293.7999964
346	293.7000096
347	293.7999964
348	293.599993
349	293.5000062
350	293.7000096
351	293.7999964
352	293.5000062
353	293.7999964
354	293.9999998
355	293.7000096
356	294.0999866
357	294.2000031
358	294.0999866
359	294.4999933
360	294.2000031
361	294.2000031
362	294.4000065
363	294.4999933
364	294.6000099
365	294.8000133
366	294.9000001
367	294.9000001
368	294.9999869
369	294.8000133
370	294.6000099
371	295.1000035
372	294.6999967
373	295.1000035
374	295.3000069
375	295.3000069
376	295.3000069
377	295.3000069
378	295.1999903
379	295.1000035
380	294.9000001
381	295.1000035
382	295.1999903
383	295.1000035
384	294.9000001
385	294.9999869
386	295.1000035
387	295.3000069
388	295.1999903
389	295.3999937
390	295.3999937
391	295.5000103
392	295.5000103
393	295.7000136
394	295.599997
395	295.599997
396	295.3999937
397	295.599997
398	295.3999937
399	295.3000069
400	295.3999937
401	295.3999937
402	295.3999937
403	295.3999937
404	295.1999903
405	295.3999937
406	295.3000069
407	295.3000069
408	295.3999937
409	295.7000136
410	295.8000004
411	295.8000004
412	295.8000004
413	295.8000004
414	295.7000136
415	295.8000004
416	295.7000136
417	296.0000038
418	296.0000038
419	296.0999906
420	296.0999906
421	296.0999906
422	296.2000072
423	295.8999872
424	296.0999906
425	296.0999906
426	296.0000038
427	295.8000004
428	296.0999906
429	296.0000038
430	296.0000038
431	296.0000038
432	296.0999906
433	295.8000004
434	295.7000136
435	296.0999906
436	296.0000038
437	296.0999906
438	296.0999906
439	296.0000038
440	296.0000038
441	296.0999906
442	296.0999906
443	296.2000072
444	296.299994
445	296.299994
446	296.2000072
447	296.4999974
448	296.4999974
449	296.4000106
450	296.7000008
451	296.4000106
452	296.4000106
453	296.2000072
454	296.4000106
455	296.299994
456	296.4999974
457	296.299994
458	296.4000106
459	296.4000106
460	296.299994
461	296.4999974
462	296.4000106
463	296.600014
464	296.600014
465	296.299994
466	296.4000106
467	296.2000072
468	296.4000106
469	296.299994
470	296.4000106
471	296.4000106
472	296.4999974
473	296.4999974
474	296.9000041
475	296.600014
476	296.4999974
477	296.7000008
478	296.600014
479	296.600014
480	296.600014
481	296.600014
482	296.4999974
483	296.600014
484	296.7000008
485	296.4999974
486	296.7000008
487	296.7000008
488	296.7999876
489	296.7000008
490	296.7000008
491	296.600014
492	296.600014
493	296.600014
494	296.600014
495	296.4000106
496	296.4000106
497	296.299994
498	296.4000106
499	296.600014
500	296.7000008
501	296.7000008
502	296.4000106
503	296.4000106
504	296.4999974
505	296.600014
506	296.4999974
507	296.4999974
508	296.0999906
509	296.4000106
510	296.0000038
511	296.299994
512	296.2000072
513	296.0999906
514	296.2000072
515	296.4000106
516	296.4000106
517	296.4000106
518	296.299994
519	296.600014
520	296.600014
521	296.4999974
522	296.4000106
523	296.2000072
524	296.600014
525	296.7000008
526	296.7999876
527	296.7999876
528	296.7000008
529	296.600014
530	296.7000008
531	296.4999974
532	296.299994
533	296.4000106
534	296.4000106
535	296.4000106
536	296.4000106
537	296.4000106
538	296.4000106
539	296.299994
540	296.4000106
541	296.4000106
542	296.4999974
543	296.4000106
544	296.299994
545	296.299994
546	296.4000106
547	296.299994
548	296.4000106
549	296.299994
550	296.2000072
551	296.4000106
552	296.600014
553	296.4999974
554	296.600014
555	296.7000008
556	296.4000106
557	296.4000106
558	296.7000008
559	296.7000008
560	296.7000008
561	296.7999876
562	296.7000008
563	296.4999974
564	296.7000008
565	296.4000106
566	296.600014
567	296.4999974
568	296.4999974
569	296.4999974
570	296.9999909
571	298.299998
572	298.999995
573	299.8999953
574	300.7000089
575	300.7000089
576	300.9000123
577	301.2000024
578	301.8999994
579	302.3000062
580	303.2999933
581	304.5000136
582	305.7000041
583	306.4999878
584	307.3999882
585	308.0999851
586	308.4000051
587	308.6000085
588	309.1000021
589	309.799999
590	310.2000058
591	310.2000058
592	309.8999858
593	309.799999
594	310.0000024
595	310.0999892
596	310.0999892
597	309.799999
598	310.0999892
599	310.0000024
600	310.4000092
601	310.4999959
602	310.6999993
603	310.6000125
604	310.6000125
605	310.2999926
606	310.9000027
607	310.7999861
608	311.1999929
609	311.3000095
610	311.1999929
611	310.9000027
612	310.6000125
613	310.6000125
614	310.2999926
615	310.0999892
616	309.5000088
617	309.5999956
618	309.5999956
619	310.0999892
620	310.6000125
621	310.4000092
622	310.6000125
623	310.6000125
624	310.6000125
625	310.6999993
626	311.3000095
627	311.3999963
628	311.1000061
629	310.9000027
630	311.1999929
631	310.9999895
632	310.6999993
633	310.9000027
634	310.6999993
635	310.6000125
636	310.2999926
637	310.0000024
638	309.8999858
639	309.799999
640	310.2000058
641	310.2999926
642	310.6000125
643	310.9999895
644	311.1999929
645	311.3000095
646	310.9999895
647	310.6000125
648	310.4999959
649	310.6000125
650	310.9000027
651	310.4999959
652	310.4999959
653	310.2000058
654	310.6000125
655	310.6999993
656	310.6999993
657	310.7999861
658	310.4000092
659	310.0999892
660	310.2000058
661	310.4999959
662	310.4999959
663	310.2000058
664	310.2000058
665	310.4000092
666	310.4999959
667	310.2999926
668	309.8999858
669	310.2000058
670	310.6000125
671	310.7999861
672	310.9000027
673	310.6999993
674	311.3000095
675	310.9999895
676	310.7999861
677	310.6000125
678	310.9000027
679	310.9999895
680	310.9000027
681	310.7999861
682	310.9000027
683	310.9999895
684	311.3000095
685	311.1999929
686	310.9000027
687	310.9000027
688	311.1000061
689	311.5000129
690	311.5000129
691	311.5000129
692	311.5000129
693	311.5999997
694	311.1000061
695	310.9999895
696	311.5999997
697	311.8000031
698	311.8000031
699	311.8000031
700	311.5999997
701	311.1999929
702	310.9999895
703	311.1999929
704	310.9000027
705	310.6000125
706	310.7999861
707	310.6000125
708	310.4000092
709	310.6000125
710	310.6000125
711	310.9000027
712	311.8000031
713	311.8000031
714	311.6999865
715	311.8999898
716	312.0000064
717	312.0000064
718	311.8000031
719	311.8000031
720	311.8000031
721	311.8999898
722	312.0000064
723	311.8999898
724	311.8000031
725	311.8999898
726	311.8000031
727	311.8000031
728	311.5000129
729	311.1999929
730	311.3000095
731	311.1999929
732	310.9999895
733	310.7999861
734	310.6000125
735	310.7999861
736	310.9999895
737	311.3000095
738	311.3999963
739	311.5999997
740	311.3999963
741	311.5999997
742	311.3999963
743	311.3000095
744	311.3999963
745	311.6999865
746	311.1999929
747	310.9000027
748	310.6000125
749	309.5999956
750	308.4000051
751	307.3999882
752	307.0000112
753	306.8000078
754	306.1000109
755	305.9000075
756	305.5999875
757	305.7999909
758	305.4000139
759	305.2999973
760	305.0999939
761	304.399997
762	303.4999967
763	302.5999963
764	300.5000055
765	297.8999913
766	294.9999869
767	293.599993
768	290.899992
769	289.0000045
770	287.0999873
771	286.5000069
772	285.100013
773	284.9000096
774	284.2000127
775	284.0999961
776	284.2000127
777	284.2000127
778	284.3999863
779	284.5000029
780	284.9000096
781	285.100013
782	285.49999
783	285.49999
784	286.3000035
785	286.5000069
786	286.5999937
787	286.9000137
788	287.2999907
789	287.9000008
790	287.9999876
791	288.3000076
792	288.3000076
793	288.8000011
794	289.0000045
795	289.2000079
796	289.7999883
797	290.1000082
798	289.9999917
799	290.6000018
800	290.6000018
801	290.899992
802	291.0000086
803	290.899992
804	291.0999954
805	291.0999954
806	291.200012
807	291.3999856
808	291.5999889
809	291.5999889
810	291.5999889
811	291.9999957
812	292.2999859
813	292.4000025
814	292.4999893
815	292.4999893
816	292.4000025
817	292.899996
818	292.6000059
819	292.8000093
820	293.1999862
821	292.899996
822	293.0000126
823	293.1999862
824	293.3999896
825	293.3000028
826	293.5000062
827	293.7000096
828	293.5000062
829	293.599993
830	293.7999964
831	293.900013
832	293.7999964
833	294.0999866
834	294.2000031
835	294.0999866
836	294.2999899
837	294.2999899
838	293.900013
839	293.9999998
840	294.0999866
841	294.2000031
842	294.2000031
843	294.4999933
844	294.6000099
845	294.4000065
846	294.4999933
847	294.6999967
848	294.6000099
849	294.8000133
850	294.8000133
851	295.1000035
852	294.9999869
853	295.3999937
854	294.9000001
855	294.9999869
856	295.1000035
857	295.3999937
858	295.1999903
859	295.3000069
860	295.1000035
861	295.3999937
862	295.1000035
863	295.5000103
864	295.599997
865	295.3999937
866	295.3999937
867	295.1999903
868	295.3999937
869	295.599997
870	295.5000103
871	295.599997
872	295.3999937
873	295.8000004
874	295.8000004
875	295.8000004
876	295.8000004
877	295.8000004
878	295.8000004
879	296.0000038
880	295.7000136
881	295.7000136
882	295.7000136
883	295.5000103
884	295.8000004
885	295.8000004
886	295.8999872
887	296.0999906
888	295.8999872
889	296.0000038
890	295.8000004
891	295.8000004
892	295.8000004
893	295.8999872
894	296.0000038
895	296.0000038
896	295.8000004
897	296.0000038
898	295.8000004
899	295.8999872
900	295.7000136
901	296.0000038
902	296.0000038
903	296.0000038
904	295.8000004
905	295.8000004
906	295.8999872
907	295.8000004
908	295.8000004
909	295.8000004
910	296.0000038
911	295.8999872
912	296.0999906
913	295.8000004
914	296.0999906
915	296.0000038
916	295.8999872
917	296.0999906
918	296.0000038
919	295.8999872
920	296.0999906
921	296.0999906
922	296.2000072
923	296.0999906
924	296.299994
925	296.0999906
926	296.0999906
927	296.0999906
928	296.299994
929	296.0999906
930	296.0000038
931	296.0999906
932	296.2000072
933	296.0999906
934	296.0999906
935	296.0999906
936	296.0000038
937	296.0999906
938	296.4000106
939	296.2000072
940	296.299994
941	296.2000072
942	296.0999906
943	296.0999906
944	295.8000004
945	296.0999906
946	296.0999906
947	296.2000072
948	296.0000038
949	296.2000072
950	296.299994
951	296.2000072
952	296.0999906
953	296.0999906
954	296.0999906
955	296.0000038
956	296.299994
957	296.0999906
958	296.0999906
959	296.0999906
960	296.4000106
961	296.0999906
962	296.0999906
963	296.0999906
964	296.0999906
965	296.0000038
966	296.0999906
967	296.2000072
968	296.299994
969	296.4000106
970	296.4000106
971	296.4000106
972	296.4000106
973	296.0999906
974	296.0999906
975	296.0999906
976	296.0999906
977	296.4000106
978	296.0000038
979	296.2000072
980	296.2000072
981	296.299994
982	296.299994
983	296.0999906
984	296.4000106
985	296.4000106
986	296.2000072
987	296.4999974
988	296.4000106
989	296.4000106
990	296.299994
991	296.299994
992	296.2000072
993	296.299994
994	296.0999906
995	296.4000106
996	296.4000106
997	296.2000072
998	296.4000106
999	296.2000072
1000	296.2000072
1001	296.2000072
1002	296.299994
1003	296.4000106
1004	296.4000106
1005	296.4000106
1006	296.299994
1007	296.2000072
1008	296.0999906
1009	296.0999906
1010	296.0999906
1011	296.299994
1012	296.4000106
1013	296.4000106
1014	296.7000008
1015	296.4999974
1016	296.4000106
1017	296.4000106
1018	296.4999974
1019	296.4000106
1020	296.4999974
1021	296.4999974
1022	296.600014
1023	296.4999974
1024	296.4000106
1025	296.4000106
1026	296.299994
1027	296.4000106
1028	296.4000106
1029	296.4000106
1030	296.4999974
1031	296.0999906
1032	296.4000106
1033	296.7000008
1034	296.4000106
1035	296.299994
1036	296.4000106
1037	296.4000106
1038	296.299994
1039	296.299994
1040	296.299994
1041	296.2000072
1042	296.4000106
1043	296.4000106
1044	297.3000109
1045	298.7000048
1046	299.6999919
1047	300.1999855
1048	300.5000055
1049	301.4999926
1050	301.6000092
1051	302.3000062
1052	302.5999963
1053	303.0999899
1054	303.2000065
1055	304.1000068
1056	305.2000105
1057	306.1999977
1058	306.1000109
1059	306.6999912
1060	307.3000014
1061	308.2999885
1062	308.6000085
1063	309.1999888
1064	308.9999855
1065	308.6999953
1066	308.8000119
1067	309.5000088
1068	309.5999956
1069	309.799999
1070	309.8999858
1071	310.0000024
1072	310.2000058
1073	310.0999892
1074	310.4999959
1075	310.6000125
1076	310.6999993
1077	310.6000125
1078	310.9000027
1079	310.9000027
1080	311.3000095
1081	311.1999929
1082	311.1000061
1083	310.9000027
1084	310.9999895
1085	310.9000027
1086	310.9000027
1087	310.9999895
1088	311.3000095
1089	311.5999997
1090	311.8000031
1091	311.5999997
1092	311.1000061
1093	311.1999929
1094	311.1999929
1095	311.1999929
1096	310.9000027
1097	310.6000125
1098	310.9000027
1099	311.1999929
1100	311.1000061
1101	310.9999895
1102	311.3000095
1103	311.3000095
1104	310.9999895
1105	310.9000027
1106	310.6999993
1107	310.9000027
1108	310.9000027
1109	310.7999861
1110	310.9000027
1111	310.9999895
1112	310.6999993
1113	310.6999993
1114	310.9000027
1115	310.6000125
1116	310.7999861
1117	310.9999895
1118	311.1000061
1119	310.9000027
1120	311.1999929
1121	311.1999929
1122	311.5999997
1123	311.5000129
1124	311.1999929
1125	311.5000129
1126	311.8999898
1127	312.0000064
1128	311.8000031
1129	311.5000129
1130	311.3000095
1131	311.1999929
1132	311.1000061
1133	311.5999997
1134	311.3000095
1135	311.3999963
1136	311.1000061
1137	311.1999929
1138	311.1000061
1139	310.9000027
1140	310.9999895
1141	310.9999895
1142	311.1999929
1143	310.9000027
1144	311.1999929
1145	311.1999929
1146	311.5000129
1147	311.5999997
1148	311.8000031
1149	311.6999865
1150	311.8000031
1151	311.5999997
1152	311.5000129
1153	311.3000095
1154	310.9000027
1155	311.1999929
1156	311.1000061
1157	310.9000027
1158	310.7999861
1159	311.3000095
1160	311.1999929
1161	310.7999861
1162	310.9000027
1163	310.6999993
1164	310.9000027
1165	310.7999861
1166	310.4000092
1167	310.4000092
1168	310.6000125
1169	310.6000125
1170	310.9000027
1171	311.1000061
1172	311.1999929
1173	311.1999929
1174	311.3000095
1175	311.5000129
1176	311.3999963
1177	311.3999963
1178	311.1000061
1179	311.5000129
1180	311.5000129
1181	311.3999963
1182	311.3000095
1183	310.9000027
1184	310.9000027
1185	310.9000027
1186	310.9999895
1187	311.3999963
1188	311.1999929
1189	310.9999895
1190	311.3000095
1191	311.5000129
1192	311.5000129
1193	311.3000095
1194	311.3000095
1195	310.9000027
1196	310.7999861
1197	310.4000092
1198	310.7999861
1199	311.1999929
1200	310.9999895
1201	311.1000061
1202	311.3999963
1203	311.1999929
1204	311.5000129
1205	311.8000031
1206	311.8999898
1207	311.8999898
1208	311.6999865
1209	312.2000098
1210	311.8000031
1211	311.6999865
1212	311.3000095
1213	311.5000129
1214	311.1999929
1215	310.9999895
1216	310.6000125
1217	310.6999993
1218	310.7999861
1219	310.7999861
1220	310.2000058
1221	309.799999
1222	308.9999855
1223	308.4999919
1224	307.5000048
1225	306.8999946
1226	306.1999977
1227	305.9999943
1228	305.7000041
1229	305.7000041
1230	305.5000007
1231	305.7999909
1232	305.4000139
1233	305.0000072
1234	304.8000038
1235	303.9000034
1236	302.3000062
1237	299.4000018
1238	298.0000079
1239	295.3000069
1240	292.4000025
1241	289.7999883
1242	289.0000045
1243	287.0000005
1244	285.6999934
1245	284.5000029
1246	284.2999995
1247	283.8000059
1248	283.3000124
1249	283.4999859
1250	283.8000059
1251	283.8000059
1252	284.2000127
1253	284.3999863
1254	284.5999897
1255	285.1999998
1256	285.49999
1257	285.80001
1258	286.1000001
1259	286.5999937
1260	286.7000103
1261	286.7000103
1262	287.0999873
1263	287.6000106
1264	287.800014
1265	287.9999876
1266	288.3000076
1267	288.7000144
1268	289.0000045
1269	289.0000045
1270	289.7000015
1271	289.7999883
1272	290.199995
1273	290.1000082
1274	290.4999852
1275	290.6999886
1276	290.899992
1277	290.899992
1278	291.0999954
1279	291.200012
1280	291.5999889
1281	291.3999856
1282	291.2999988
1283	291.9999957
1284	291.9000089
1285	291.9000089
1286	292.1999991
1287	292.1999991
1288	292.1999991
1289	292.4000025
1290	292.6000059
1291	292.6000059
1292	292.8000093
1293	292.899996
1294	293.0999994
1295	293.1999862
1296	293.0999994
1297	293.1999862
1298	293.0999994
1299	293.1999862
1300	293.1999862
1301	293.5000062
1302	293.5000062
1303	293.5000062
1304	293.5000062
1305	293.5000062
1306	293.7000096
1307	293.7999964
1308	293.900013
1309	293.900013
1310	294.2000031
1311	294.0999866
1312	294.2999899
1313	294.2000031
1314	294.2999899
1315	294.0999866
1316	294.4000065
1317	294.4999933
1318	294.2999899
1319	294.2000031
1320	294.8000133
1321	294.6999967
1322	294.8000133
1323	294.6999967
1324	294.6999967
1325	295.1000035
1326	294.9000001
1327	294.9000001
1328	295.1999903
1329	295.1999903
1330	295.1999903
1331	295.3999937
1332	295.1999903
1333	295.1000035
1334	295.3999937
1335	295.3999937
1336	295.599997
1337	295.3999937
1338	295.3999937
1339	295.3999937
1340	295.7000136
1341	295.3999937
1342	295.3000069
1343	295.1999903
1344	295.3999937
1345	295.3000069
1346	295.3999937
1347	295.3999937
1348	295.599997
1349	295.3999937
1350	295.3999937
1351	295.1999903
1352	295.1999903
1353	294.9000001
1354	295.1999903
1355	295.3000069
1356	295.1999903
1357	295.1000035
1358	295.1999903
1359	295.1999903
1360	295.1000035
1361	295.3000069
1362	295.3999937
1363	295.3000069
1364	295.1999903
1365	295.3999937
1366	295.5000103
1367	295.599997
1368	295.5000103
1369	295.7000136
1370	295.599997
1371	295.7000136
1372	295.7000136
1373	295.5000103
1374	295.7000136
1375	295.8000004
1376	295.7000136
1377	295.599997
1378	296.0000038
1379	295.8000004
1380	295.5000103
1381	295.8000004
1382	295.8000004
1383	295.8000004
1384	295.8000004
1385	295.8000004
1386	296.0999906
1387	295.8000004
1388	295.8000004
1389	295.3999937
1390	295.8000004
1391	295.8000004
1392	295.8000004
1393	295.8000004
1394	296.0999906
1395	295.7000136
1396	295.8000004
1397	295.7000136
1398	295.8000004
1399	295.7000136
1400	295.7000136
1401	295.5000103
1402	295.599997
1403	295.5000103
1404	295.5000103
1405	295.7000136
1406	295.5000103
1407	295.8000004
1408	295.8000004
1409	295.8000004
1410	295.7000136
1411	295.8000004
1412	295.599997
1413	295.7000136
1414	295.5000103
1415	295.8000004
1416	295.8000004
1417	295.8000004
1418	295.8000004
1419	295.8000004
1420	295.8000004
1421	295.8000004
1422	295.3999937
1423	295.3000069
1424	295.1999903
1425	295.3000069
1426	295.3000069
1427	294.9999869
1428	295.1000035
1429	295.1000035
1430	295.1000035
1431	294.9999869
1432	294.8000133
1433	295.1999903
1434	295.3000069
1435	294.9999869
1436	295.1999903
1437	295.3999937
1438	295.3999937
1439	295.3999937
1440	295.5000103
1441	295.3999937
1442	295.3999937
1443	295.3999937
1444	295.3000069
1445	295.3999937
1446	295.5000103
1447	295.7000136
1448	295.5000103
1449	295.5000103
1450	295.8000004
1451	295.8000004
1452	295.599997
1453	295.599997
1454	295.5000103
1455	295.599997
1456	295.3000069
1457	295.3999937
1458	295.599997
1459	295.1999903
1460	295.3999937
1461	295.599997
1462	295.3999937
1463	295.599997
1464	295.8000004
1465	295.8000004
1466	295.8000004
1467	295.8000004
1468	295.8000004
1469	295.599997
1470	295.599997
1471	295.599997
1472	295.599997
1473	295.5000103
1474	295.599997
1475	295.599997
1476	295.7000136
1477	295.599997
1478	295.599997
1479	295.3999937
1480	295.3999937
1481	295.3999937
1482	295.1999903
1483	295.3999937
1484	295.1999903
1485	295.3999937
1486	295.1000035
1487	294.9999869
1488	295.3000069
1489	295.1000035
1490	295.3000069
1491	295.3000069
1492	295.1999903
1493	295.1000035
1494	295.3000069
1495	295.1000035
1496	295.1000035
1497	295.3999937
1498	295.3999937
1499	295.3999937
1500	295.3000069
1501	295.3999937
1502	295.1999903
1503	295.3000069
1504	295.1000035
1505	294.9999869
1506	294.8000133
1507	294.6000099
1508	294.8000133
1509	294.9999869
1510	294.9999869
1511	295.1000035
1512	295.1000035
1513	294.9999869
1514	295.1999903
1515	295.1000035
1516	295.1999903
1517	294.9999869
1518	295.3000069
1519	296.0000038
1520	297.3999977
1521	299.1999984
1522	299.8999953
1523	300.3000021
1524	301.0999858
1525	300.999999
1526	301.2000024
1527	301.699996
1528	302.1999896
1529	303.4000099
1530	303.9000034
1531	303.7999868
1532	304.399997
1533	305.0999939
1534	305.5999875
1535	306.1000109
1536	307.0000112
1537	307.2000146
1538	307.3999882
1539	308.2000017
1540	308.4000051
1541	308.4999919
1542	308.4999919
1543	308.2000017
1544	308.0999851
1545	307.9000115
1546	307.9999983
1547	308.2000017
1548	308.4000051
1549	308.6000085
1550	308.6000085
1551	308.2000017
1552	308.2999885
1553	308.6000085
1554	308.8000119
1555	308.6000085
1556	308.6000085
1557	308.4000051
1558	308.6000085
1559	308.6000085
1560	308.6000085
1561	308.8000119
1562	308.9999855
1563	309.1999888
1564	309.1000021
1565	308.8000119
1566	308.9999855
1567	309.1000021
1568	309.1999888
1569	309.5999956
1570	309.5999956
1571	309.5999956
1572	309.3999922
1573	309.5999956
1574	309.5000088
1575	309.8999858
1576	309.5999956
1577	309.1999888
1578	308.8999987
1579	309.1000021
1580	309.5000088
1581	309.5000088
1582	309.3999922
1583	309.3999922
1584	309.7000122
1585	310.0999892
1586	310.2000058
1587	310.4999959
1588	310.4999959
1589	310.4999959
1590	309.8999858
1591	310.0000024
1592	310.2000058
1593	310.4000092
1594	310.2999926
1595	310.2000058
1596	309.8999858
1597	309.7000122
1598	309.7000122
1599	309.799999
1600	309.799999
1601	309.1000021
1602	309.1000021
1603	308.9999855
1604	308.9999855
1605	309.5999956
1606	309.5999956
1607	309.5999956
1608	309.7000122
1609	309.8999858
1610	309.799999
1611	309.3999922
1612	309.3999922
1613	309.5000088
1614	309.5000088
1615	309.5999956
1616	309.5999956
1617	309.3999922
1618	309.5000088
1619	309.3999922
1620	309.5000088
1621	309.8999858
1622	309.8999858
1623	309.7000122
1624	309.8999858
1625	309.799999
1626	309.5000088
1627	309.5000088
1628	309.799999
1629	309.799999
1630	309.5000088
1631	309.5999956
1632	310.2000058
1633	310.4000092
1634	310.2999926
1635	310.2000058
1636	310.4000092
1637	310.7999861
1638	310.6000125
1639	310.2999926
1640	310.2000058
1641	309.7000122
1642	309.3999922
1643	309.799999
1644	309.5999956
1645	309.5000088
1646	309.5999956
1647	309.5999956
1648	309.799999
1649	309.8999858
1650	309.8999858
1651	310.2999926
1652	310.2999926
1653	310.6000125
1654	310.2999926
1655	310.4999959
1656	310.4000092
1657	310.0999892
1658	310.0999892
1659	309.799999
1660	310.2000058
1661	310.2000058
1662	309.799999
1663	309.8999858
1664	309.8999858
1665	309.7000122
1666	310.0999892
1667	309.799999
1668	309.8999858
1669	309.8999858
1670	309.5999956
1671	309.3000054
1672	309.5000088
1673	308.9999855
1674	309.3999922
1675	309.5999956
1676	309.5000088
1677	309.5999956
1678	309.5999956
1679	309.7000122
1680	309.5999956
1681	309.8999858
1682	310.2000058
1683	310.2000058
1684	309.799999
1685	309.8999858
1686	310.0999892
1687	310.0000024
1688	309.8999858
1689	309.799999
1690	309.5000088
1691	309.5000088
1692	309.5999956
1693	310.0000024
1694	309.5999956
1695	309.5999956
1696	309.3000054
1697	308.4999919
1698	307.9999983
1699	306.8999946
1700	305.9000075
1701	305.4000139
1702	305.0999939
1703	304.6999872
1704	304.399997
1705	304.399997
1706	304.399997
1707	304.399997
1708	303.9999902
1709	303.7
1710	303.0000031
1711	301.8999994
1712	300.3000021
1713	298.299998
1714	296.9000041
1715	294.2000031
1716	291.5999889
1717	290.199995
1718	287.499994
1719	285.80001
1720	284.0999961
1721	283.4999859
1722	282.7000022
1723	282.2999954
1724	281.8999887
1725	281.8999887
1726	281.8000019
1727	282.099992
1728	282.4999988
1729	282.7000022
1730	283.3999991
1731	283.8000059
1732	283.8999927
1733	284.2999995
1734	284.799993
1735	284.9999964
1736	285.6000066
1737	285.6000066
1738	286.1000001
1739	286.1999869
1740	286.7000103
1741	287.0999873
1742	287.4000072
1743	287.0999873
1744	287.4000072
1745	287.9000008
1746	287.9999876
1747	288.3000076
1748	288.3999944
1749	288.8000011
1750	288.8999879
1751	289.0000045
1752	289.4000113
1753	289.7000015
1754	289.9999917
1755	289.9999917
1756	289.6000147
1757	289.7999883
1758	290.1000082
1759	290.199995
1760	290.199995
1761	290.199995
1762	290.6000018
1763	290.899992
1764	290.899992
1765	291.200012
1766	291.2999988
1767	291.2999988
1768	291.5999889
1769	291.7000055
1770	291.7999923
1771	291.7000055
1772	291.9000089
1773	291.9999957
1774	291.9000089
1775	291.9999957
1776	292.1999991
1777	292.1999991
1778	292.4000025
1779	292.2999859
1780	292.4000025
1781	292.1999991
1782	292.2999859
1783	292.4999893
1784	292.4999893
1785	292.899996
1786	292.4999893
1787	292.8000093
1788	292.899996
1789	292.899996
1790	292.8000093
1791	293.0999994
1792	292.6999927
1793	292.899996
1794	292.899996
1795	292.6000059
1796	292.899996
1797	292.8000093
1798	293.0000126
1799	293.1999862
1800	293.1999862
1801	293.0999994
1802	293.3000028
1803	293.1999862
1804	293.1999862
1805	293.3000028
1806	293.599993
1807	293.3000028
1808	293.599993
1809	293.599993
1810	293.7999964
1811	293.3999896
1812	293.5000062
1813	293.3999896
1814	293.599993
1815	293.5000062
1816	293.5000062
1817	293.5000062
1818	293.7999964
1819	293.7999964
1820	293.7999964
1821	293.7000096
1822	293.5000062
1823	293.599993
1824	293.3999896
1825	293.1999862
1826	293.599993
1827	293.5000062
1828	293.7999964
1829	293.7999964
1830	293.900013
1831	293.7999964
1832	293.7999964
1833	293.900013
1834	293.9999998
1835	293.7000096
1836	293.599993
1837	293.7999964
1838	293.900013
1839	293.900013
1840	293.7999964
1841	293.9999998
1842	294.0999866
1843	294.0999866
1844	294.2000031
1845	294.0999866
1846	294.2999899
1847	294.4999933
1848	294.4999933
1849	294.4999933
1850	294.2999899
1851	294.4000065
1852	294.2999899
1853	294.4000065
1854	294.4000065
1855	294.2000031
1856	294.2999899
1857	294.2000031
1858	294.0999866
1859	294.0999866
1860	294.2000031
1861	294.0999866
1862	294.0999866
1863	294.0999866
1864	294.0999866
1865	294.2000031
1866	294.4000065
1867	294.2000031
1868	294.0999866
1869	294.0999866
1870	294.2999899
1871	294.2999899
1872	294.2000031
1873	294.4999933
1874	294.4000065
1875	294.4000065
1876	294.4999933
1877	294.4000065
1878	294.4000065
1879	294.6999967
1880	294.4999933
1881	294.4000065
1882	294.4999933
1883	294.4999933
1884	294.4999933
1885	294.6999967
1886	294.6999967
1887	294.4999933
1888	294.8000133
1889	294.6000099
1890	294.4999933
1891	294.6000099
1892	294.8000133
1893	294.6000099
1894	294.4999933
1895	294.6000099
1896	294.6000099
1897	294.6000099
1898	294.6000099
1899	294.6000099
1900	294.8000133
1901	294.9999869
1902	294.9000001
1903	294.6999967
1904	294.6000099
1905	294.2999899
1906	294.6000099
1907	294.4000065
1908	294.8000133
1909	294.6999967
1910	294.8000133
1911	294.6000099
1912	294.8000133
1913	294.9000001
1914	294.9000001
1915	294.8000133
1916	295.1000035
1917	294.8000133
1918	294.6000099
1919	294.6999967
1920	294.6000099
1921	294.6000099
1922	294.6000099
1923	294.6999967
1924	294.6000099
1925	294.6999967
1926	294.6999967
1927	294.6999967
1928	294.6999967
1929	294.6999967
1930	294.6999967
1931	294.4999933
1932	294.4999933
1933	294.4999933
1934	294.4000065
1935	294.4000065
1936	294.4999933
1937	294.4999933
1938	294.6000099
1939	294.4999933
1940	294.4999933
1941	294.6000099
1942	294.2999899
1943	294.2999899
1944	294.4999933
1945	295.1000035
1946	295.599997
1947	295.8999872
1948	296.0999906
1949	295.8999872
1950	295.8999872
1951	295.599997
1952	295.3000069
1953	295.3999937
1954	295.3000069
1955	295.3000069
1956	295.8000004
1957	296.2000072
1958	296.299994
1959	296.4000106
1960	296.7000008
1961	296.600014
1962	296.600014
1963	296.2000072
1964	296.2000072
1965	295.8999872
1966	295.8000004
1967	295.8000004
1968	295.7000136
1969	295.8000004
1970	295.599997
1971	295.5000103
1972	295.3999937
1973	295.3000069
1974	295.3000069
1975	295.3999937
1976	295.3000069
1977	295.3000069
1978	295.3000069
1979	295.1999903
1980	295.1000035
1981	295.1000035
1982	295.3000069
1983	295.1000035
1984	295.1999903
1985	295.1000035
1986	295.1999903
1987	295.1000035
1988	295.3999937
1989	295.3000069
1990	295.3000069
1991	295.3000069
1992	295.3999937
1993	295.1999903
1994	295.1000035
1995	295.8000004
1996	296.9999909
1997	297.8000045
1998	298.7999916
1999	298.999995
2000	299.6999919
2001	300.0000119
2002	300.5999923
2003	301.6000092
2004	301.9999862
2005	303.0999899
2006	303.7
2007	304.5000136
2008	304.6000004
2009	305.5000007
2010	306.1000109
2011	307.0000112
2012	307.3999882
2013	308.2000017
2014	308.6999953
2015	309.1000021
2016	309.1000021
2017	309.3000054
2018	309.1999888
2019	309.3999922
2020	309.3000054
2021	308.6000085
2022	308.2000017
2023	308.0999851
2024	307.9999983
2025	308.2999885
2026	308.2999885
2027	308.2999885
2028	308.2000017
2029	308.2999885
2030	308.4999919
2031	308.4000051
2032	308.4999919
2033	308.2999885
2034	307.9999983
2035	307.9999983
2036	308.4000051
2037	308.2999885
2038	308.6999953
2039	308.6000085
2040	308.4999919
2041	308.4000051
2042	308.4000051
2043	308.2999885
2044	307.9000115
2045	307.7999949
2046	307.9000115
2047	308.0999851
2048	308.2000017
2049	308.6999953
2050	308.6000085
2051	309.1999888
2052	309.5999956
2053	309.3000054
2054	309.5000088
2055	310.0999892
2056	310.0999892
2057	310.2000058
2058	310.0000024
2059	309.8999858
2060	309.8999858
2061	310.0000024
2062	309.5999956
2063	309.5000088
2064	308.9999855
2065	308.6999953
2066	308.9999855
2067	308.8999987
2068	309.1000021
2069	309.5000088
2070	309.3000054
2071	309.3999922
2072	308.8999987
2073	309.1000021
2074	308.9999855
2075	308.8999987
2076	308.8000119
2077	308.8999987
2078	308.9999855
2079	308.8000119
2080	309.1000021
2081	309.1999888
2082	309.3999922
2083	309.8999858
2084	309.799999
2085	309.5999956
2086	309.7000122
2087	309.5999956
2088	309.799999
2089	309.5999956
2090	309.5999956
2091	309.8999858
2092	309.799999
2093	309.5999956
2094	309.799999
2095	309.8999858
2096	310.0000024
2097	309.8999858
2098	309.799999
2099	309.799999
2100	309.3999922
2101	309.8999858
2102	309.799999
2103	310.2000058
2104	310.2000058
2105	310.2000058
2106	309.8999858
2107	309.5999956
2108	309.5999956
2109	309.799999
2110	309.5000088
2111	309.1999888
2112	309.1999888
2113	309.1000021
2114	309.3000054
2115	309.5999956
2116	309.5999956
2117	309.8999858
2118	310.0000024
2119	309.8999858
2120	309.8999858
2121	309.8999858
2122	309.7000122
2123	309.799999
2124	309.5000088
2125	309.3000054
2126	309.3999922
2127	309.3999922
2128	309.1999888
2129	308.8999987
2130	309.3000054
2131	309.3000054
2132	309.5999956
2133	309.8999858
2134	310.0999892
2135	309.8999858
2136	309.8999858
2137	309.799999
2138	309.799999
2139	309.799999
2140	309.5999956
2141	309.1000021
2142	309.3999922
2143	309.3000054
2144	309.1000021
2145	309.1999888
2146	309.3000054
2147	309.5999956
2148	309.3999922
2149	309.5999956
2150	309.1000021
2151	308.9999855
2152	308.9999855
2153	309.1000021
2154	309.3000054
2155	309.5999956
2156	309.799999
2157	310.0999892
2158	310.2000058
2159	310.4999959
2160	310.2000058
2161	309.8999858
2162	309.3999922
2163	309.3000054
2164	309.5999956
2165	309.5999956
2166	309.5999956
2167	309.3000054
2168	309.5999956
2169	309.5999956
2170	309.5999956
2171	309.3999922
2172	308.8999987
2173	308.4999919
2174	307.5999916
2175	306.6999912
2176	306.1000109
2177	305.7000041
2178	305.0999939
2179	305.0999939
2180	305.0000072
2181	305.0999939
2182	304.8000038
2183	304.399997
2184	304.3000102
2185	303.7999868
2186	302.5999963
2187	301.4000058
2188	300.5999923
2189	298.4000146
2190	296.0999906
2191	293.5000062
2192	292.1999991
2193	289.6000147
2194	287.499994
2195	285.49999
2196	284.799993
2197	283.4999859
2198	282.799989
2199	282.099992
2200	281.8999887
2201	281.8999887
2202	281.8999887
2203	281.8000019
2204	281.8999887
2205	282.2999954
2206	282.5999856
2207	282.7000022
2208	283.1999958
2209	283.8000059
2210	284.0000093
2211	284.0000093
2212	284.5999897
2213	284.9999964
2214	285.2999866
2215	285.49999
2216	285.80001
2217	286.1999869
2218	286.7000103
2219	286.7999971
2220	287.0999873
2221	287.0000005
2222	287.4000072
2223	287.6000106
2224	287.499994
2225	288.1000042
2226	288.7000144
2227	288.7000144
2228	288.7000144
2229	288.8000011
2230	288.8000011
2231	289.2000079
2232	289.4999981
2233	289.9000049
2234	289.7999883
2235	289.9999917
2236	290.1000082
2237	290.3000116
2238	290.3000116
2239	290.3000116
2240	290.6000018
2241	290.6999886
2242	290.8000052
2243	290.6000018
2244	290.6999886
2245	290.8000052
2246	290.899992
2247	290.8000052
2248	290.8000052
2249	290.899992
2250	290.899992
2251	290.899992
2252	291.0999954
2253	291.2999988
2254	291.200012
2255	291.2999988
2256	291.0999954
2257	291.200012
2258	291.2999988
2259	291.200012
2260	291.7999923
2261	291.5999889
2262	291.7999923
2263	291.5999889
2264	291.7999923
2265	291.7999923
2266	291.5999889
2267	291.7000055
2268	291.7999923
2269	292.1999991
2270	291.9000089
2271	291.9999957
2272	291.9000089
2273	291.9000089
2274	292.1999991
2275	292.1999991
2276	292.4999893
2277	292.4000025
2278	292.4000025
2279	292.2999859
2280	292.4000025
2281	292.4000025
2282	292.2999859
2283	292.2999859
2284	292.2999859
2285	292.1999991
2286	292.1999991
2287	292.4999893
2288	292.1999991
2289	292.4000025
2290	292.2999859
2291	292.4000025
2292	292.6999927
2293	292.2999859
2294	292.6999927
2295	292.4999893
2296	292.4999893
2297	292.4000025
2298	292.2999859
2299	292.2999859
2300	292.1999991
2301	292.1999991
2302	292.1999991
2303	292.4999893
2304	292.6000059
2305	292.6000059
2306	292.899996
2307	293.0000126
2308	292.899996
2309	292.6000059
2310	292.8000093
2311	293.0000126
2312	292.8000093
2313	292.4999893
2314	292.4999893
2315	292.4999893
2316	292.899996
2317	292.8000093
2318	293.0999994
2319	293.1999862
2320	293.1999862
2321	293.0000126
2322	293.1999862
2323	293.1999862
2324	293.3000028
2325	293.1999862
2326	293.1999862
2327	293.3999896
2328	293.1999862
2329	293.1999862
2330	293.0000126
2331	293.5000062
2332	293.1999862
2333	293.1999862
2334	293.5000062
2335	293.1999862
2336	293.3000028
2337	293.5000062
2338	293.3999896
2339	293.5000062
2340	293.5000062
2341	293.3999896
2342	293.3999896
2343	293.3999896
2344	293.3999896
2345	293.3000028
2346	293.5000062
2347	293.3000028
2348	293.5000062
2349	293.3999896
2350	293.3000028
2351	293.5000062
2352	293.5000062
2353	293.5000062
2354	293.599993
2355	293.3999896
2356	293.7999964
2357	293.9999998
2358	293.9999998
2359	293.9999998
2360	293.7000096
2361	293.900013
2362	293.7999964
2363	293.900013
2364	293.5000062
2365	293.7000096
2366	293.7000096
2367	293.5000062
2368	293.599993
2369	293.599993
2370	293.900013
2371	293.7999964
2372	293.7999964
2373	293.7999964
2374	293.7999964
2375	293.7999964
2376	293.7999964
2377	293.7999964
2378	293.7999964
2379	293.7000096
2380	293.7999964
2381	293.3999896
2382	293.599993
2383	293.7999964
2384	293.5000062
2385	293.900013
2386	293.7999964
2387	293.7999964
2388	293.7000096
2389	293.599993
2390	293.5000062
2391	293.5000062
2392	293.5000062
2393	293.5000062
2394	293.5000062
2395	293.5000062
2396	293.5000062
2397	293.7999964
2398	293.7000096
2399	293.7999964
2400	293.7000096
2401	293.7999964
2402	293.5000062
2403	293.7000096
2404	293.599993
2405	293.3000028
2406	293.5000062
2407	293.5000062
2408	293.3999896
2409	293.5000062
2410	293.7000096
2411	293.5000062
2412	293.5000062
2413	293.7000096
2414	293.599993
2415	293.7999964
2416	293.7999964
2417	293.599993
2418	293.7000096
2419	293.7999964
2420	292.1999991
2421	293.9999998
2422	293.7999964
2423	293.7000096
2424	293.7999964
2425	293.7999964
2426	293.5000062
2427	293.7000096
2428	293.7999964
2429	293.7999964
2430	293.7000096
2431	293.900013
2432	293.5000062
2433	293.1999862
2434	293.7999964
2435	293.599993
2436	293.599993
2437	293.5000062
2438	293.599993
2439	293.3999896
2440	293.1999862
2441	293.3000028
2442	293.3999896
2443	293.5000062
2444	293.3000028
2445	293.3999896
2446	293.599993
2447	293.5000062
2448	293.900013
2449	293.7999964
2450	294.0999866
2451	294.0999866
2452	294.2999899
2453	294.0999866
2454	293.7999964
2455	293.900013
2456	294.0999866
2457	294.0999866
2458	294.0999866
2459	294.0999866
2460	294.0999866
2461	293.9999998
2462	293.9999998
2463	293.900013
2464	293.7000096
2465	293.7999964
2466	293.900013
2467	294.0999866
2468	294.4999933
2469	295.599997
2470	296.7000008
2471	297.6999879
2472	298.4000146
2473	298.999995
2474	299.8999953
2475	300.3000021
2476	300.5000055
2477	301.2000024
2478	301.699996
2479	301.8999994
2480	302.3000062
2481	303.2000065
2482	304.1999936
2483	304.5000136
2484	305.7000041
2485	305.9999943
2486	306.400001
2487	306.4999878
2488	307.0000112
2489	307.3000014
2490	307.3999882
2491	307.3000014
2492	307.2000146
2493	307.7000082
2494	307.9000115
2495	307.7999949
2496	307.9999983
2497	307.9000115
2498	307.7000082
2499	307.7000082
2500	307.7999949
2501	307.9999983
2502	308.0999851
2503	308.8999987
2504	308.9999855
2505	308.9999855
2506	308.6999953
2507	308.8000119
2508	308.8999987
2509	308.6000085
2510	308.6000085
2511	308.2999885
2512	308.6000085
2513	308.2999885
2514	307.9999983
2515	307.9999983
2516	308.0999851
2517	307.7999949
2518	307.9000115
2519	308.4999919
2520	308.4000051
2521	308.6000085
2522	308.8999987
2523	308.6000085
2524	308.6999953
2525	308.4999919
2526	308.4000051
2527	308.6000085
2528	308.8000119
2529	308.8999987
2530	308.6999953
2531	307.2000146
2532	305.0000072
2533	304.6000004
2534	304.8000038
2535	305.0000072
2536	305.7000041
2537	305.9000075
2538	306.6999912
2539	307.3000014
2540	307.3999882
2541	308.4000051
2542	308.6000085
2543	308.8999987
2544	308.6000085
2545	308.2999885
2546	308.0999851
2547	308.2999885
2548	308.0999851
2549	308.2999885
2550	308.4000051
2551	308.4999919
2552	308.6999953
2553	308.4999919
2554	308.8000119
2555	308.8999987
2556	308.8999987
2557	308.8999987
2558	308.9999855
2559	308.6000085
2560	308.8000119
2561	308.9999855
2562	308.8999987
2563	308.8999987
2564	308.8000119
2565	308.8999987
2566	308.6999953
2567	308.8999987
2568	309.3000054
2569	308.9999855
2570	309.1000021
2571	308.8000119
2572	308.6000085
2573	308.2999885
2574	307.9999983
2575	307.7999949
2576	307.9999983
2577	308.2999885
2578	308.6000085
2579	308.8999987
2580	309.3000054
2581	309.5999956
2582	310.2999926
2583	310.2000058
2584	310.2000058
2585	310.7999861
2586	310.4000092
2587	310.2000058
2588	310.0999892
2589	310.4000092
2590	310.6000125
2591	310.9999895
2592	310.9000027
2593	310.6999993
2594	310.6000125
2595	310.7999861
2596	310.9999895
2597	311.1999929
2598	311.1999929
2599	310.9999895
2600	310.6999993
2601	310.2999926
2602	310.0999892
2603	310.0000024
2604	310.2000058
2605	310.6999993
2606	311.1000061
2607	311.5000129
2608	311.1999929
2609	311.3000095
2610	310.7999861
2611	310.2000058
2612	310.2999926
2613	310.6000125
2614	310.7999861
2615	311.1000061
2616	311.1000061
2617	311.1999929
2618	311.3000095
2619	311.1000061
2620	310.9000027
2621	311.1999929
2622	311.3999963
2623	311.3000095
2624	310.9000027
2625	310.9999895
2626	310.9000027
2627	310.9000027
2628	310.6999993
2629	310.2999926
2630	310.2000058
2631	310.4000092
2632	310.2000058
2633	310.0000024
2634	310.0000024
2635	310.2000058
2636	310.2999926
2637	310.2999926
2638	310.0999892
2639	310.0999892
2640	309.799999
2641	309.8999858
2642	310.6000125
2643	310.7999861
2644	310.9999895
2645	310.6999993
2646	309.7000122
2647	308.6999953
2648	308.0999851
2649	307.0000112
2650	306.1999977
2651	305.5000007
2652	305.0999939
2653	305.0000072
2654	304.3000102
2655	304.1999936
2656	304.3000102
2657	304.1999936
2658	303.7999868
2659	303.0999899
2660	302.5000095
2661	300.5999923
2662	298.299998
2663	296.7999876
2664	293.900013
2665	291.0999954
2666	288.5999978
2667	287.4000072
2668	285.1999998
2669	283.3999991
2670	282.2000086
2671	281.5999985
2672	281.1000049
2673	280.6000113
2674	280.2999914
2675	280.400008
2676	280.2999914
2677	280.6000113
2678	280.8000147
2679	281.1999917
2680	281.5999985
2681	281.8999887
2682	282.2000086
2683	282.5999856
2684	282.9000056
2685	283.3000124
2686	283.1999958
2687	283.4999859
2688	284.0999961
2689	284.3999863
2690	284.5999897
2691	285.100013
2692	285.4000032
2693	285.8999968
2694	285.8999968
2695	286.1000001
2696	286.3000035
2697	286.3999903
2698	286.5000069
2699	286.9000137
2700	287.2999907
2701	287.2000039
2702	287.6999974
2703	287.800014
2704	288.3000076
2705	288.3999944
2706	288.7000144
2707	288.7000144
2708	288.8000011
2709	288.8000011
2710	289.0999913
2711	289.4000113
2712	289.4000113
2713	289.4999981
2714	289.7000015
2715	289.7000015
2716	289.7999883
2717	289.9000049
2718	289.9999917
2719	289.9999917
2720	290.3999984
2721	290.4999852
2722	290.3000116
2723	290.6000018
2724	290.8000052
2725	290.8000052
2726	290.4999852
2727	290.6999886
2728	290.6000018
2729	290.8000052
2730	290.899992
2731	290.8000052
2732	290.6000018
2733	290.899992
2734	291.0000086
2735	291.200012
2736	291.2999988
2737	291.0000086
2738	291.200012
2739	291.5000021
2740	291.200012
2741	291.3999856
2742	291.3999856
2743	291.3999856
2744	291.5999889
2745	291.5999889
2746	291.5000021
2747	291.5000021
2748	291.5999889
2749	291.7999923
2750	291.9000089
2751	291.9999957
2752	292.1999991
2753	292.4000025
2754	292.4999893
2755	292.4000025
2756	292.2999859
2757	292.6000059
2758	292.4999893
2759	292.6000059
2760	292.899996
2761	292.6999927
2762	292.4999893
2763	292.6999927
2764	292.6999927
2765	292.6999927
2766	292.6000059
2767	292.8000093
2768	292.899996
2769	292.899996
2770	292.899996
2771	292.899996
2772	292.899996
2773	292.899996
2774	293.1999862
2775	293.1999862
2776	293.1999862
2777	293.1999862
2778	293.3000028
2779	293.5000062
2780	293.7999964
2781	293.7000096
2782	293.7000096
2783	293.599993
2784	293.7999964
2785	293.7999964
2786	293.5000062
2787	293.599993
2788	293.599993
2789	293.5000062
2790	293.7000096
2791	293.7999964
2792	293.7999964
2793	293.599993
2794	293.7999964
2795	293.7999964
2796	294.0999866
2797	294.0999866
2798	294.0999866
2799	293.9999998
2800	294.0999866
2801	293.9999998
2802	294.0999866
2803	294.0999866
2804	293.9999998
2805	294.0999866
2806	294.4000065
2807	294.2000031
2808	294.0999866
2809	294.2999899
2810	294.4999933
2811	294.4000065
2812	294.4000065
2813	294.0999866
2814	294.4999933
2815	294.4999933
2816	294.4000065
2817	294.2999899
2818	294.0999866
2819	294.2000031
2820	294.2000031
2821	293.9999998
2822	294.0999866
2823	293.7999964
2824	294.0999866
2825	293.9999998
2826	294.4999933
2827	294.4000065
2828	294.6000099
2829	294.8000133
2830	294.6999967
2831	294.8000133
2832	294.8000133
2833	294.6999967
2834	294.9000001
2835	294.9999869
2836	295.1000035
2837	294.6999967
2838	294.9000001
2839	295.1000035
2840	294.9000001
2841	294.8000133
2842	294.8000133
2843	295.1000035
2844	294.9999869
2845	294.8000133
2846	294.9000001
2847	294.8000133
2848	294.6999967
2849	295.1000035
2850	295.1000035
2851	295.1999903
2852	295.3999937
2853	295.8000004
2854	295.5000103
2855	295.599997
2856	295.5000103
2857	295.3999937
2858	295.599997
2859	295.599997
2860	295.7000136
2861	295.599997
2862	295.3999937
2863	295.5000103
2864	295.8000004
2865	295.8000004
2866	295.599997
2867	295.7000136
2868	295.3999937
2869	295.5000103
2870	295.8000004
2871	296.0999906
2872	295.8000004
2873	295.8000004
2874	296.0999906
2875	295.8999872
2876	296.2000072
2877	296.0000038
2878	296.0000038
2879	296.0000038
2880	295.8000004
2881	295.8000004
2882	295.8999872
2883	296.0999906
2884	296.0999906
2885	296.4000106
2886	296.0000038
2887	296.0000038
2888	295.8000004
2889	296.0999906
2890	295.8000004
2891	296.299994
2892	296.0999906
2893	296.0999906
2894	296.2000072
2895	296.2000072
2896	296.0999906
2897	296.2000072
2898	296.4000106
2899	296.4999974
2900	296.2000072
2901	296.2000072
2902	296.4000106
2903	296.299994
2904	296.299994
2905	296.299994
2906	296.4000106
2907	296.0999906
2908	296.0999906
2909	296.2000072
2910	296.299994
2911	296.299994
2912	296.0999906
2913	296.0999906
2914	296.299994
2915	296.4000106
2916	296.4000106
2917	296.4999974
2918	296.0999906
2919	296.4999974
2920	296.4000106
2921	296.600014
2922	296.7000008
2923	296.4000106
2924	296.600014
2925	296.4000106
2926	296.7000008
2927	296.4000106
2928	296.4999974
2929	296.7000008
2930	296.7999876
2931	296.7000008
2932	296.9999909
2933	296.4999974
2934	296.7000008
2935	296.4999974
2936	296.7000008
2937	296.7000008
2938	296.9999909
2939	296.7999876
2940	296.7000008
2941	296.9000041
2942	298.299998
2943	299.2999852
2944	300.7000089
2945	301.8999994
2946	302.3000062
2947	303.0000031
2948	303.7
2949	304.1000068
2950	304.399997
2951	304.8999906
2952	305.4000139
2953	306.400001
2954	306.8999946
2955	307.9999983
2956	308.2999885
2957	308.6000085
2958	308.8999987
2959	308.8000119
2960	308.8000119
2961	308.6999953
2962	308.8999987
2963	309.3000054
2964	309.3999922
2965	309.7000122
2966	310.0999892
2967	310.0000024
2968	310.4999959
2969	310.7999861
2970	310.9999895
2971	311.1000061
2972	310.6999993
2973	310.6999993
2974	310.2999926
2975	310.2000058
2976	309.799999
2977	309.5000088
2978	309.5999956
2979	309.8999858
2980	309.799999
2981	310.0999892
2982	310.4999959
2983	310.4000092
2984	310.0000024
2985	310.2999926
2986	310.0999892
2987	310.2000058
2988	310.0999892
2989	310.2999926
2990	310.4999959
2991	310.4000092
2992	310.6000125
2993	310.6000125
2994	310.6000125
2995	310.9000027
2996	310.6000125
2997	310.9000027
2998	310.9999895
2999	311.1000061
3000	311.1000061
3001	311.5999997
3002	311.3000095
3003	311.1999929
3004	311.3999963
3005	311.3999963
3006	310.9000027
3007	310.9999895
3008	310.9000027
3009	311.1999929
3010	311.5000129
3011	311.6999865
3012	311.5000129
3013	311.1999929
3014	311.3000095
3015	311.5000129
3016	311.1999929
3017	311.1000061
3018	311.5000129
3019	311.3999963
3020	311.3000095
3021	311.5000129
3022	311.3000095
3023	311.5000129
3024	311.5000129
3025	311.8000031
3026	311.8999898
3027	311.8999898
3028	312.0999932
3029	312.0000064
3030	312.2999966
3031	312.4000132
3032	312.0999932
3033	311.8999898
3034	312.2000098
3035	312.2999966
3036	312.2999966
3037	312.5
3038	312.5
3039	312.0000064
3040	311.8999898
3041	311.8999898
3042	312.2000098
3043	312.2000098
3044	312.0999932
3045	311.8000031
3046	311.5999997
3047	311.8000031
3048	312.0000064
3049	312.2000098
3050	312.0999932
3051	312.2000098
3052	312.2000098
3053	312.2999966
3054	312.2000098
3055	312.5
3056	312.2999966
3057	312.0000064
3058	312.0000064
3059	312.0999932
3060	311.8999898
3061	312.2000098
3062	311.8000031
3063	311.6999865
3064	312.0999932
3065	311.8000031
3066	311.8000031
3067	311.5000129
3068	311.5000129
3069	311.3999963
3070	311.3999963
3071	311.5000129
3072	311.3000095
3073	311.3999963
3074	311.5999997
3075	311.8000031
3076	311.6999865
3077	311.5999997
3078	311.8000031
3079	312.2999966
3080	312.2000098
3081	312.2000098
3082	312.5
3083	312.7000034
3084	312.5
3085	312.0000064
3086	311.8000031
3087	312.0999932
3088	312.2000098
3089	311.8000031
3090	312.0000064
3091	312.0999932
3092	311.8000031
3093	311.5999997
3094	311.6999865
3095	311.8999898
3096	311.8000031
3097	312.0000064
3098	312.2000098
3099	312.4000132
3100	312.5999868
3101	312.2999966
3102	312.5
3103	312.5
3104	312.5
3105	312.5999868
3106	312.5
3107	312.7999902
3108	312.5
3109	312.7000034
3110	312.5
3111	312.5
3112	312.5
3113	312.5
3114	312.2999966
3115	312.4000132
3116	312.9999936
3117	312.7000034
3118	312.2999966
3119	312.0000064
3120	310.6999993
3121	309.5999956
3122	308.2999885
3123	307.5999916
3124	306.400001
3125	305.9000075
3126	305.4000139
3127	305.2000105
3128	305.2999973
3129	305.0999939
3130	305.0999939
3131	304.8999906
3132	303.9999902
3133	301.9999862
3134	300.9000123
3135	298.0000079
3136	295.3000069
3137	292.8000093
3138	291.5999889
3139	289.4999981
3140	287.6999974
3141	286.1999869
3142	285.80001
3143	285.1999998
3144	284.799993
3145	284.799993
3146	284.9000096
3147	284.9999964
3148	285.100013
3149	285.1999998
3150	285.6000066
3151	286.1000001
3152	286.3999903
3153	287.0000005
3154	287.0999873
3155	287.6999974
3156	287.499994
3157	287.9000008
3158	288.3000076
3159	288.3999944
3160	288.5999978
3161	288.8000011
3162	289.0999913
3163	289.2999947
3164	289.6000147
3165	289.9000049
3166	290.199995
3167	290.3000116
3168	290.6000018
3169	290.8000052
3170	290.8000052
3171	291.0000086
3172	291.200012
3173	291.200012
3174	291.7999923
3175	291.5999889
3176	291.7999923
3177	291.9999957
3178	292.2999859
3179	292.2999859
3180	292.4999893
3181	292.2999859
3182	292.4999893
3183	292.4999893
3184	292.4999893
3185	293.0000126
3186	293.1999862
3187	293.1999862
3188	293.3000028
3189	293.1999862
3190	293.5000062
3191	293.1999862
3192	293.1999862
3193	293.1999862
3194	293.5000062
3195	293.599993
3196	293.5000062
3197	293.5000062
3198	293.900013
3199	293.9999998
3200	294.0999866
3201	294.0999866
3202	294.0999866
3203	294.4000065
3204	294.2000031
3205	294.4999933
3206	294.2000031
3207	294.2999899
3208	294.4000065
3209	294.6999967
3210	294.4999933
3211	294.6999967
3212	294.6000099
3213	294.4000065
3214	294.4999933
3215	294.4000065
3216	294.6999967
3217	294.4999933
3218	294.6000099
3219	294.6000099
3220	294.8000133
3221	294.8000133
3222	294.8000133
3223	294.9999869
3224	294.9000001
3225	295.3000069
3226	295.1000035
3227	295.1999903
3228	295.1000035
3229	295.3999937
3230	295.1000035
3231	294.9000001
3232	294.9000001
3233	295.1000035
3234	295.1999903
3235	295.1999903
3236	295.3999937
3237	295.1999903
3238	295.3000069
3239	295.1000035
3240	295.1999903
3241	295.1999903
3242	295.3999937
3243	295.3000069
3244	295.3999937
3245	295.599997
3246	295.5000103
3247	295.599997
3248	295.8999872
3249	295.8999872
3250	295.8000004
3251	295.8000004
3252	295.8000004
3253	295.7000136
3254	295.8000004
3255	295.8000004
3256	295.8000004
3257	295.7000136
3258	296.0999906
3259	296.0999906
3260	295.8000004
3261	295.8000004
3262	296.0000038
3263	296.0999906
3264	296.0999906
3265	296.0999906
3266	295.8000004
3267	295.8999872
3268	295.8999872
3269	296.0000038
3270	296.0000038
3271	296.0000038
3272	296.0999906
3273	296.2000072
3274	296.0000038
3275	296.2000072
3276	296.0999906
3277	296.0999906
3278	296.0999906
3279	296.2000072
3280	296.299994
3281	296.2000072
3282	296.0999906
3283	296.0000038
3284	295.8999872
3285	295.8000004
3286	296.0999906
3287	296.0999906
3288	296.4000106
3289	296.4999974
3290	296.4000106
3291	296.299994
3292	296.2000072
3293	296.2000072
3294	296.4999974
3295	296.4000106
3296	296.4000106
3297	296.4000106
3298	296.600014
3299	296.4999974
3300	296.600014
3301	296.4000106
3302	296.299994
3303	296.4000106
3304	296.2000072
3305	296.0999906
3306	296.0999906
3307	296.0999906
3308	296.4999974
3309	296.7000008
3310	296.7000008
3311	296.4999974
3312	296.0999906
3313	296.0999906
3314	296.0999906
3315	296.2000072
3316	296.2000072
3317	296.4000106
3318	296.4999974
3319	296.4999974
3320	296.4000106
3321	296.4999974
3322	296.299994
3323	296.4000106
3324	296.2000072
3325	296.0999906
3326	296.2000072
3327	296.2000072
3328	296.0999906
3329	296.299994
3330	296.2000072
3331	296.0999906
3332	296.0999906
3333	296.0000038
3334	296.4000106
3335	296.299994
3336	296.299994
3337	296.4999974
3338	296.4999974
3339	296.0999906
3340	296.4999974
3341	296.4000106
3342	296.4000106
3343	296.4000106
3344	296.7000008
3345	296.4999974
3346	296.4999974
3347	296.4999974
3348	296.7000008
3349	296.7000008
3350	296.7999876
3351	296.9999909
3352	296.7999876
3353	297.1000075
3354	296.7000008
3355	296.9999909
3356	296.7000008
3357	296.7999876
3358	296.9000041
3359	296.4999974
3360	296.4000106
3361	296.4999974
3362	296.4999974
3363	296.7000008
3364	296.2000072
3365	296.2000072
3366	296.0999906
3367	296.0999906
3368	296.0000038
3369	295.8000004
3370	295.599997
3371	295.8999872
3372	296.0000038
3373	295.8000004
3374	295.8000004
3375	296.0000038
3376	296.299994
3377	296.4000106
3378	296.4999974
3379	296.4999974
3380	296.299994
3381	296.2000072
3382	296.4000106
3383	296.4000106
3384	296.0999906
3385	296.4000106
3386	296.4000106
3387	296.4000106
3388	296.4999974
3389	296.4000106
3390	296.4999974
3391	296.7000008
3392	296.4000106
3393	296.4000106
3394	296.0999906
3395	296.299994
3396	296.2000072
3397	296.299994
3398	296.4000106
3399	296.299994
3400	296.2000072
3401	296.2000072
3402	296.4999974
3403	296.0999906
3404	296.4000106
3405	296.0000038
3406	296.0999906
3407	296.0000038
3408	296.0000038
3409	296.0999906
3410	295.8000004
3411	296.0999906
3412	296.2000072
3413	296.0999906
3414	296.0999906
3415	296.9999909
3416	298.4000146
3417	299.8000085
3418	300.3000021
3419	301.2000024
3420	301.4000058
3421	301.8999994
3422	302.1999896
3423	302.5000095
3424	303.0000031
3425	303.2999933
3426	303.9000034
3427	304.5000136
3428	305.5000007
3429	305.7000041
3430	306.1999977
3431	306.400001
3432	306.8999946
3433	306.8000078
3434	307.2000146
3435	307.3999882
3436	307.3999882
3437	307.9000115
3438	308.2999885
3439	308.6000085
3440	308.9999855
3441	308.9999855
3442	309.1000021
3443	308.8999987
3444	309.1000021
3445	309.3000054
3446	309.3999922
3447	309.3000054
3448	309.3000054
3449	308.9999855
3450	308.9999855
3451	308.9999855
3452	309.1999888
3453	309.1000021
3454	308.9999855
3455	309.1999888
3456	309.3999922
3457	309.1999888
3458	309.1000021
3459	309.799999
3460	309.8999858
3461	309.799999
3462	309.3000054
3463	309.5000088
3464	309.5999956
3465	309.8999858
3466	310.0000024
3467	310.4000092
3468	310.6000125
3469	310.4999959
3470	310.2999926
3471	310.2000058
3472	309.8999858
3473	309.8999858
3474	309.8999858
3475	309.5999956
3476	309.5999956
3477	309.5999956
3478	310.0999892
3479	310.4999959
3480	310.6000125
3481	310.4999959
3482	310.4000092
3483	310.4000092
3484	310.4999959
3485	310.6000125
3486	310.6000125
3487	310.4000092
3488	310.2999926
3489	310.4000092
3490	310.4000092
3491	310.2000058
3492	310.2000058
3493	310.7999861
3494	310.9999895
3495	311.1000061
3496	311.1000061
3497	310.6000125
3498	310.4000092
3499	310.0999892
3500	310.4999959
3501	310.9000027
3502	310.9000027
3503	310.9000027
3504	310.7999861
3505	310.6000125
3506	310.6999993
3507	310.6000125
3508	310.6000125
3509	310.6999993
3510	310.7999861
3511	310.9999895
3512	310.6999993
3513	310.7999861
3514	310.4999959
3515	310.4000092
3516	310.4000092
3517	310.6000125
3518	310.2000058
3519	310.6999993
3520	310.9999895
3521	311.1999929
3522	311.1000061
3523	311.1999929
3524	311.1999929
3525	311.3000095
3526	311.6999865
3527	311.5999997
3528	311.1000061
3529	310.9000027
3530	310.9999895
3531	311.1000061
3532	310.7999861
3533	310.6000125
3534	310.2999926
3535	310.2000058
3536	310.2000058
3537	310.0000024
3538	310.2000058
3539	310.4999959
3540	310.7999861
3541	310.9000027
3542	311.1000061
3543	310.9000027
3544	310.6000125
3545	310.4999959
3546	310.4999959
3547	310.6000125
3548	310.4999959
3549	310.4000092
3550	310.0000024
3551	310.2000058
3552	310.0999892
3553	310.0999892
3554	309.7000122
3555	309.8999858
3556	310.2000058
3557	310.4999959
3558	310.2999926
3559	310.0999892
3560	309.8999858
3561	310.2000058
3562	310.2000058
3563	310.2000058
3564	310.2000058
3565	310.2000058
3566	310.0999892
3567	310.4000092
3568	310.4999959
3569	310.2000058
3570	309.8999858
3571	309.8999858
3572	310.0000024
3573	309.8999858
3574	309.5000088
3575	309.3000054
3576	309.7000122
3577	309.8999858
3578	309.8999858
3579	309.7000122
3580	310.0000024
3581	310.4000092
3582	310.6000125
3583	310.7999861
3584	311.1000061
3585	310.9999895
3586	311.1999929
3587	311.1000061
3588	310.6000125
3589	310.7999861
3590	310.7999861
3591	310.4000092
3592	309.799999
3593	308.8999987
3594	308.8999987
3595	307.7999949
3596	306.8000078
3597	305.9999943
3598	305.5999875
3599	305.0999939
3600	304.6000004
3601	304.399997
3602	304.3000102
3603	304.399997
3604	304.1000068
3605	304.1999936
3606	302.5999963
3607	300.1999855
3608	298.5000014
3609	297.8999913
3610	296.9999909
3611	295.5000103
3612	293.0000126
3613	291.5000021
3614	289.9999917
3615	289.0000045
3616	288.199991
3617	287.6999974
3618	287.0999873
3619	286.7999971
3620	286.5999937
3621	286.3999903
3622	286.3000035
3623	286.5000069
3624	286.7000103
3625	286.7000103
3626	287.0000005
3627	287.4000072
3628	287.499994
3629	287.800014
3630	288.199991
3631	288.199991
3632	288.500011
3633	289.0000045
3634	289.0000045
3635	289.6000147
3636	289.2999947
3637	289.7999883
3638	290.3000116
3639	290.6000018
3640	290.8000052
3641	290.899992
3642	291.0999954
3643	291.200012
3644	291.2999988
3645	291.5999889
3646	291.5000021
3647	291.7000055
3648	291.7999923
3649	291.9000089
3650	292.1000123
3651	292.1000123
3652	292.2999859
3653	292.1999991
3654	292.4999893
3655	292.6000059
3656	292.6999927
3657	293.0000126
3658	293.0999994
3659	293.1999862
3660	293.3000028
3661	293.1999862
3662	293.599993
3663	293.7999964
3664	293.7000096
3665	293.5000062
3666	293.5000062
3667	293.5000062
3668	293.7000096
3669	293.7999964
3670	293.7999964
3671	293.7999964
3672	294.0999866
3673	294.0999866
3674	294.0999866
3675	294.4000065
3676	294.6000099
3677	294.6000099
3678	294.6000099
3679	294.4999933
3680	294.6000099
3681	294.6999967
3682	294.6000099
3683	294.9999869
3684	295.1000035
3685	294.8000133
3686	295.1999903
3687	295.1000035
3688	295.1000035
3689	294.9000001
3690	294.8000133
3691	295.1000035
3692	294.8000133
3693	294.8000133
3694	294.8000133
3695	294.9999869
3696	294.9000001
3697	294.9000001
3698	294.9000001
3699	295.1000035
3700	295.1000035
3701	295.1999903
3702	295.3000069
3703	295.3000069
3704	295.5000103
3705	295.3999937
3706	295.3999937
3707	295.5000103
3708	295.7000136
3709	295.3999937
3710	295.3999937
3711	295.599997
3712	295.599997
3713	295.599997
3714	295.5000103
3715	295.8000004
3716	295.8000004
3717	295.7000136
3718	295.8000004
3719	295.599997
3720	295.599997
3721	295.5000103
3722	295.7000136
3723	295.8000004
3724	295.8000004
3725	295.599997
3726	295.8000004
3727	295.8999872
3728	296.0999906
3729	296.299994
3730	296.299994
3731	296.4000106
3732	296.4000106
3733	296.4000106
3734	296.4000106
3735	296.299994
3736	296.0999906
3737	296.0999906
3738	296.0999906
3739	295.8999872
3740	295.8999872
3741	295.8999872
3742	296.2000072
3743	296.0999906
3744	295.8000004
3745	295.7000136
3746	296.0000038
3747	296.0000038
3748	296.0999906
3749	296.0000038
3750	296.299994
3751	296.299994
3752	296.0000038
3753	296.0999906
3754	296.2000072
3755	296.4000106
3756	296.4000106
3757	295.8999872
3758	296.0000038
3759	296.0999906
3760	296.0000038
3761	296.0999906
3762	296.2000072
3763	296.2000072
3764	296.4000106
3765	296.0999906
3766	296.299994
3767	296.299994
3768	296.0000038
3769	296.0999906
3770	296.0999906
3771	296.4999974
3772	296.2000072
3773	296.0999906
3774	296.299994
3775	296.299994
3776	296.299994
3777	296.299994
3778	296.0999906
3779	296.0000038
3780	296.4000106
3781	296.4000106
3782	296.2000072
3783	296.2000072
3784	296.4000106
3785	296.0999906
3786	296.299994
3787	296.4999974
3788	296.4000106
3789	296.4000106
3790	296.299994
3791	296.4000106
3792	296.0000038
3793	296.0999906
3794	296.0999906
3795	296.0999906
3796	296.0999906
3797	296.2000072
3798	296.2000072
3799	296.2000072
3800	296.299994
3801	296.2000072
3802	295.8000004
3803	296.0999906
3804	296.0999906
3805	296.0000038
3806	296.299994
3807	296.4999974
3808	296.4000106
3809	296.299994
3810	296.299994
3811	296.0000038
3812	296.0999906
3813	295.8999872
3814	295.8000004
3815	295.8999872
3816	296.0999906
3817	296.0999906
3818	295.8000004
3819	296.0999906
3820	296.0000038
3821	296.0999906
3822	296.2000072
3823	296.4999974
3824	296.4000106
3825	296.299994
3826	296.4999974
3827	296.4000106
3828	296.600014
3829	296.4999974
3830	296.7000008
3831	296.4000106
3832	296.4000106
3833	296.4999974
3834	296.4000106
3835	296.7000008
3836	296.7999876
3837	296.4000106
3838	296.4000106
3839	296.7000008
3840	296.4000106
3841	296.4000106
3842	296.4999974
3843	296.4000106
3844	296.4000106
3845	296.2000072
3846	296.299994
3847	296.2000072
3848	296.2000072
3849	296.0999906
3850	296.299994
3851	296.2000072
3852	296.4000106
3853	296.7000008
3854	296.600014
3855	296.4999974
3856	296.600014
3857	296.4999974
3858	296.7000008
3859	296.4000106
3860	296.7999876
3861	296.4000106
3862	296.4000106
3863	296.4999974
3864	296.2000072
3865	296.0999906
3866	296.0999906
3867	296.0999906
3868	296.4000106
3869	296.299994
3870	296.2000072
3871	296.2000072
3872	296.299994
3873	296.0999906
3874	296.2000072
3875	296.4000106
3876	296.4999974
3877	296.4999974
3878	296.4000106
3879	296.2000072
3880	296.4000106
3881	296.7000008
3882	296.299994
3883	296.600014
3884	296.7000008
3885	296.7999876
3886	296.4999974
3887	296.7999876
3888	296.7000008
3889	297.3999977
3890	298.5000014
3891	300.0000119
3892	301.4000058
3893	301.699996
3894	302.7000129
3895	302.7000129
3896	303.2000065
3897	303.0999899
3898	303.2999933
3899	303.4999967
3900	304.1000068
3901	304.8000038
3902	305.5999875
3903	306.1000109
3904	306.3000143
3905	307.0000112
3906	307.3999882
3907	307.7999949
3908	307.9999983
3909	308.4000051
3910	308.2999885
3911	308.4999919
3912	308.2999885
3913	308.6000085
3914	309.1999888
3915	309.3000054
3916	309.5000088
3917	309.3000054
3918	309.5999956
3919	309.8999858
3920	309.5999956
3921	309.5999956
3922	309.8999858
3923	309.5999956
3924	309.3999922
3925	309.5999956
3926	310.0999892
3927	310.0000024
3928	309.8999858
3929	309.799999
3930	310.0999892
3931	310.0999892
3932	310.4000092
3933	310.4999959
3934	310.6999993
3935	310.2999926
3936	310.0999892
3937	310.2000058
3938	310.2999926
3939	310.6000125
3940	310.6000125
3941	310.4000092
3942	310.0000024
3943	310.0000024
3944	309.8999858
3945	310.2000058
3946	310.0999892
3947	310.2999926
3948	310.2000058
3949	310.0000024
3950	310.0999892
3951	310.2000058
3952	310.6000125
3953	311.1000061
3954	310.9000027
3955	310.9000027
3956	310.2000058
3957	309.8999858
3958	309.8999858
3959	310.2000058
3960	310.0999892
3961	310.0000024
3962	310.2999926
3963	310.4000092
3964	310.6999993
3965	310.6000125
3966	310.6000125
3967	310.6000125
3968	310.6000125
3969	310.9000027
3970	310.9999895
3971	310.9000027
3972	310.6999993
3973	310.2999926
3974	310.0000024
3975	310.6000125
3976	310.4999959
3977	310.6000125
3978	311.1000061
3979	311.1999929
3980	311.1999929
3981	311.1999929
3982	311.1999929
3983	311.1999929
3984	311.1999929
3985	310.9999895
3986	311.1000061
3987	311.3000095
3988	311.1999929
3989	311.1999929
3990	311.1000061
3991	310.6999993
3992	310.6000125
3993	310.7999861
3994	310.9000027
3995	310.9999895
3996	311.1000061
3997	310.9999895
3998	311.5000129
3999	311.5000129
4000	311.1999929
4001	311.3000095
4002	311.1000061
4003	310.9999895
4004	311.1999929
4005	311.3000095
4006	311.1999929
4007	310.9000027
4008	310.7999861
4009	310.9999895
4010	311.1999929
4011	311.5000129
4012	311.5000129
4013	311.3000095
4014	311.1000061
4015	310.9000027
4016	310.7999861
4017	310.9000027
4018	310.9999895
4019	310.7999861
4020	310.6000125
4021	310.7999861
4022	310.6000125
4023	310.6000125
4024	310.6000125
4025	310.7999861
4026	310.9999895
4027	310.9000027
4028	310.9999895
4029	310.9000027
4030	310.6000125
4031	310.4000092
4032	310.7999861
4033	310.7999861
4034	311.1000061
4035	310.9999895
4036	311.1999929
4037	311.1999929
4038	311.1999929
4039	310.9000027
4040	310.6000125
4041	310.6999993
4042	310.9000027
4043	310.6999993
4044	310.6000125
4045	310.4000092
4046	310.2999926
4047	310.2000058
4048	310.4999959
4049	310.4999959
4050	310.6000125
4051	310.6999993
4052	310.4999959
4053	310.6000125
4054	310.2999926
4055	309.8999858
4056	310.0999892
4057	310.6000125
4058	310.6000125
4059	310.4000092
4060	310.6000125
4061	310.7999861
4062	310.6999993
4063	310.9999895
4064	310.7999861
4065	310.2000058
4066	309.5999956
4067	308.6000085
4068	307.5000048
4069	307.0000112
4070	305.9999943
4071	305.2999973
4072	304.8000038
4073	304.8000038
4074	304.399997
4075	304.3000102
4076	304.3000102
4077	303.7999868
4078	303.9000034
4079	303.0999899
4080	301.8000126
4081	300.9000123
4082	298.9000082
4083	296.600014
4084	295.5000103
4085	293.1999862
4086	291.2999988
4087	289.7000015
4088	289.0000045
4089	287.800014
4090	287.2999907
4091	286.7000103
4092	286.5999937
4093	286.3999903
4094	286.5999937
4095	286.7000103
4096	286.7000103
4097	287.0000005
4098	287.2999907
4099	287.499994
4100	287.800014
4101	287.9999876
4102	288.199991
4103	288.3999944
4104	288.8999879
4105	289.2999947
4106	289.4000113
4107	289.6000147
4108	289.9000049
4109	290.3000116
4110	290.6000018
4111	290.6000018
4112	290.6999886
4113	290.899992
4114	290.6999886
4115	290.6999886
4116	290.899992
4117	291.200012
4118	291.5999889
4119	291.5999889
4120	291.9000089
4121	292.1000123
4122	291.9999957
4123	292.1999991
4124	292.4000025
4125	292.6000059
4126	292.8000093
4127	292.6999927
4128	293.0999994
4129	293.0000126
4130	293.1999862
4131	293.1999862
4132	293.1999862
4133	293.3000028
4134	293.3999896
4135	293.3999896
4136	293.5000062
4137	293.5000062
4138	293.599993
4139	293.5000062
4140	293.7000096
4141	293.7999964
4142	293.7999964
4143	293.7999964
4144	294.2000031
4145	294.2000031
4146	294.2999899
4147	294.0999866
4148	294.2999899
4149	294.0999866
4150	294.2999899
4151	294.2000031
4152	294.0999866
4153	294.2000031
4154	294.4000065
4155	294.4000065
4156	294.2999899
4157	294.0999866
4158	294.4999933
4159	294.6000099
4160	294.4999933
4161	294.6000099
4162	294.4999933
4163	294.6999967
4164	294.8000133
4165	294.6000099
4166	294.8000133
4167	294.6999967
4168	294.9999869
4169	294.8000133
4170	295.1000035
4171	294.9999869
4172	295.1000035
4173	295.3000069
4174	294.8000133
4175	294.9000001
4176	294.9000001
4177	294.9999869
4178	295.1000035
4179	295.1000035
4180	294.9999869
4181	295.1000035
4182	295.1000035
4183	295.1999903
4184	295.3999937
4185	295.3000069
4186	295.3999937
4187	295.3999937
4188	295.3999937
4189	295.5000103
4190	295.7000136
4191	295.5000103
4192	295.599997
4193	295.5000103
4194	295.8000004
4195	295.5000103
4196	295.7000136
4197	295.3999937
4198	295.3999937
4199	295.3999937
4200	295.7000136
4201	295.5000103
4202	295.3999937
4203	295.3000069
4204	295.3999937
4205	295.599997
4206	295.3000069
4207	295.7000136
4208	295.8000004
4209	295.599997
4210	295.8000004
4211	295.8000004
4212	295.599997
4213	295.5000103
4214	295.5000103
4215	295.5000103
4216	295.8000004
4217	295.8000004
4218	295.599997
4219	295.5000103
4220	295.599997
4221	295.7000136
4222	295.7000136
4223	295.8000004
4224	295.8999872
4225	295.8000004
4226	296.2000072
4227	296.0000038
4228	295.8000004
4229	296.0999906
4230	295.7000136
4231	295.8000004
4232	295.7000136
4233	296.0999906
4234	295.8000004
4235	296.0000038
4236	295.8000004
4237	296.0999906
4238	295.8999872
4239	296.0999906
4240	296.0999906
4241	296.0000038
4242	295.8999872
4243	296.0000038
4244	296.2000072
4245	296.2000072
4246	296.0000038
4247	296.0999906
4248	296.0999906
4249	296.0999906
4250	296.0999906
4251	296.2000072
4252	296.2000072
4253	296.299994
4254	296.4000106
4255	296.2000072
4256	296.0999906
4257	296.299994
4258	296.0999906
4259	296.0999906
4260	296.0000038
4261	296.0999906
4262	296.2000072
4263	296.2000072
4264	296.4999974
4265	296.600014
4266	296.0999906
4267	296.2000072
4268	296.0999906
4269	296.2000072
4270	296.299994
4271	296.0999906
4272	296.0999906
4273	296.4000106
4274	296.0999906
4275	296.299994
4276	296.2000072
4277	296.0999906
4278	296.4000106
4279	296.299994
4280	296.4000106
4281	296.4000106
4282	296.299994
4283	296.2000072
4284	296.2000072
4285	296.0999906
4286	296.299994
4287	296.0999906
4288	296.2000072
4289	296.299994
4290	296.0000038
4291	296.4000106
4292	296.2000072
4293	296.0999906
4294	296.299994
4295	296.299994
4296	296.299994
4297	296.4000106
4298	296.4000106
4299	296.4000106
4300	296.4999974
4301	296.4999974
4302	296.600014
4303	296.7999876
4304	296.4999974
4305	296.600014
4306	296.4999974
4307	296.7000008
4308	296.600014
4309	296.7999876
4310	296.7999876
4311	296.4999974
4312	296.7000008
4313	296.7000008
4314	296.7000008
4315	296.7999876
4316	296.7000008
4317	296.7000008
4318	296.4999974
4319	296.4000106
4320	296.4000106
4321	296.600014
4322	296.299994
4323	296.4000106
4324	296.4000106
4325	296.4999974
4326	296.4000106
4327	296.4999974
4328	296.4999974
4329	296.600014
4330	296.7000008
4331	296.4999974
4332	296.7999876
4333	296.7999876
4334	296.7999876
4335	296.7000008
4336	296.7000008
4337	296.7000008
4338	296.7000008
4339	296.7000008
4340	296.600014
4341	296.7000008
4342	296.9999909
4343	296.7000008
4344	296.7000008
4345	296.9000041
4346	296.9000041
4347	296.7000008
4348	296.4000106
4349	296.7000008
4350	296.7000008
4351	296.4999974
4352	296.7000008
4353	296.7999876
4354	296.7000008
4355	296.4999974
4356	296.4999974
4357	296.600014
4358	296.9999909
4359	296.4999974
4360	296.4000106
4361	296.4999974
4362	297.6999879
4363	298.999995
4364	299.4000018
4365	300.7999957
4366	302.1999896
4367	302.7999997
4368	303.0999899
4369	303.0999899
4370	303.4999967
4371	303.7
4372	304.5000136
4373	304.8000038
4374	305.2999973
4375	305.7000041
4376	306.3000143
4377	306.4999878
4378	307.5000048
4379	307.7000082
4380	308.2000017
4381	308.6000085
4382	308.9999855
4383	309.3000054
4384	309.5999956
4385	309.5999956
4386	309.3999922
4387	309.1000021
4388	309.3000054
4389	309.1000021
4390	309.3000054
4391	309.3000054
4392	309.3000054
4393	309.3000054
4394	309.3999922
4395	309.3999922
4396	309.3000054
4397	309.1000021
4398	309.5000088
4399	308.9999855
4400	308.6000085
4401	308.8999987
4402	308.9999855
4403	308.8999987
4404	308.8000119
4405	309.3000054
4406	309.1999888
4407	309.1999888
4408	308.8999987
4409	308.9999855
4410	309.1999888
4411	309.3999922
4412	309.1999888
4413	309.5000088
4414	309.3000054
4415	309.7000122
4416	309.5000088
4417	309.5999956
4418	309.5000088
4419	309.8999858
4420	309.8999858
4421	309.799999
4422	309.8999858
4423	310.2000058
4424	310.6000125
4425	310.4999959
4426	310.0999892
4427	310.2999926
4428	310.0000024
4429	309.8999858
4430	310.0000024
4431	310.2000058
4432	310.0000024
4433	309.799999
4434	310.4000092
4435	310.2000058
4436	310.2000058
4437	310.2000058
4438	309.8999858
4439	309.799999
4440	309.799999
4441	309.8999858
4442	310.0000024
4443	309.7000122
4444	309.799999
4445	309.5999956
4446	309.5999956
4447	309.5999956
4448	309.5000088
4449	309.3999922
4450	309.3000054
4451	309.3000054
4452	309.5000088
4453	309.5999956
4454	309.8999858
4455	310.2000058
4456	310.0999892
4457	310.4000092
4458	310.2999926
4459	310.4999959
4460	310.6000125
4461	310.6000125
4462	310.9999895
4463	310.9000027
4464	310.9999895
4465	311.1000061
4466	311.3999963
4467	311.3000095
4468	310.9000027
4469	310.7999861
4470	310.7999861
4471	310.9000027
4472	311.1999929
4473	311.1999929
4474	310.7999861
4475	310.6999993
4476	310.6000125
4477	310.4000092
4478	310.2000058
4479	310.2000058
4480	309.8999858
4481	310.0999892
4482	309.799999
4483	309.5000088
4484	309.3000054
4485	309.1000021
4486	309.1999888
4487	308.9999855
4488	309.5999956
4489	309.8999858
4490	310.0000024
4491	310.2000058
4492	309.799999
4493	309.5999956
4494	309.3000054
4495	309.5000088
4496	309.5999956
4497	309.5999956
4498	309.5999956
4499	310.0999892
4500	310.4000092
4501	310.6000125
4502	311.3000095
4503	311.1999929
4504	311.1000061
4505	310.9000027
4506	310.6000125
4507	310.4000092
4508	310.9000027
4509	310.9000027
4510	310.9000027
4511	310.9000027
4512	310.6000125
4513	310.4000092
4514	310.4999959
4515	310.4999959
4516	310.4999959
4517	310.4999959
4518	310.6000125
4519	310.6000125
4520	310.6000125
4521	310.6000125
4522	310.6000125
4523	310.6000125
4524	310.2999926
4525	310.0000024
4526	310.2000058
4527	310.0999892
4528	310.4000092
4529	310.6000125
4530	310.9000027
4531	310.9000027
4532	310.9000027
4533	310.9000027
4534	310.6000125
4535	310.2000058
4536	310.4999959
4537	310.4999959
4538	310.2000058
4539	309.8999858
4540	309.3999922
4541	308.4000051
4542	307.7000082
4543	306.400001
4544	305.9999943
4545	305.4000139
4546	304.8999906
4547	305.0000072
4548	304.8000038
4549	304.5000136
4550	304.5000136
4551	304.399997
4552	303.7999868
4553	303.2999933
4554	301.4999926
4555	300.3999889
4556	297.8999913
4557	295.3999937
4558	293.3999896
4559	292.2999859
4560	290.4999852
4561	289.0999913
4562	287.800014
4563	287.2999907
4564	287.0999873
4565	286.5999937
4566	286.5000069
4567	286.5000069
4568	286.5000069
4569	286.5000069
4570	286.7000103
4571	287.4000072
4572	287.6000106
4573	287.9999876
4574	287.9000008
4575	288.199991
4576	288.500011
4577	289.2000079
4578	289.0000045
4579	289.2999947
4580	289.6000147
4581	289.9999917
4582	290.1000082
4583	290.6000018
4584	290.6999886
4585	291.0000086
4586	290.899992
4587	291.3999856
4588	291.5999889
4589	291.7999923
4590	291.9000089
4591	291.5999889
4592	291.9000089
4593	291.9000089
4594	291.9999957
4595	292.2999859
4596	292.6000059
4597	292.2999859
4598	292.4999893
4599	292.4999893
4600	292.8000093
4601	292.8000093
4602	293.0000126
4603	293.1999862
4604	293.3000028
4605	293.3999896
4606	293.3999896
4607	293.3999896
4608	293.599993
4609	293.7000096
4610	293.7000096
4611	293.7999964
4612	293.9999998
4613	293.7999964
4614	293.900013
4615	294.2999899
4616	294.2000031
4617	294.0999866
4618	294.4999933
4619	294.4000065
4620	294.2999899
4621	294.4000065
4622	294.4999933
4623	294.4999933
4624	294.4999933
4625	294.4999933
4626	294.9999869
4627	294.9000001
4628	294.9999869
4629	294.9999869
4630	294.9000001
4631	294.9999869
4632	294.8000133
4633	294.8000133
4634	295.3999937
4635	294.9999869
4636	295.1000035
4637	295.3000069
4638	295.3000069
4639	294.9999869
4640	295.1000035
4641	295.1000035
4642	294.9999869
4643	295.1000035
4644	295.1000035
4645	295.1000035
4646	295.1000035
4647	295.1999903
4648	295.1000035
4649	295.3999937
4650	295.5000103
4651	295.3000069
4652	295.3999937
4653	295.3999937
4654	295.3999937
4655	295.1999903
4656	295.3999937
4657	295.3999937
4658	295.3999937
4659	295.5000103
4660	295.3999937
4661	295.3999937
4662	295.1999903
4663	295.8000004
4664	295.8000004
4665	295.7000136
4666	295.8999872
4667	295.8999872
4668	295.7000136
4669	295.8000004
4670	296.0000038
4671	296.0000038
4672	295.8000004
4673	295.8999872
4674	295.8999872
4675	295.8000004
4676	295.8000004
4677	296.0000038
4678	296.0000038
4679	296.0000038
4680	296.0999906
4681	296.0999906
4682	296.0000038
4683	296.0000038
4684	296.2000072
4685	296.0999906
4686	296.2000072
4687	296.4000106
4688	296.2000072
4689	296.4000106
4690	296.4000106
4691	296.4000106
4692	296.4999974
4693	296.4000106
4694	296.4000106
4695	296.4000106
4696	296.4999974
4697	296.4000106
4698	296.7000008
4699	296.7000008
4700	296.4999974
4701	296.600014
4702	296.4000106
4703	296.4999974
4704	296.4000106
4705	296.4000106
4706	296.4999974
4707	296.600014
4708	296.4000106
4709	296.4000106
4710	296.4999974
4711	296.299994
4712	296.4000106
4713	296.7000008
4714	296.4000106
4715	296.600014
4716	296.7000008
4717	296.9000041
4718	296.4000106
4719	296.4000106
4720	296.4000106
4721	296.4999974
4722	296.4000106
4723	296.600014
4724	296.7000008
4725	296.7000008
4726	296.7000008
4727	296.7999876
4728	296.7000008
4729	296.9000041
4730	296.9000041
4731	296.7999876
4732	296.9999909
4733	296.9999909
4734	296.7000008
4735	296.9000041
4736	296.9999909
4737	296.9000041
4738	296.7000008
4739	296.7000008
4740	296.7000008
4741	296.7999876
4742	296.9000041
4743	296.7000008
4744	296.7999876
4745	296.7000008
4746	296.9999909
4747	296.9999909
4748	296.9999909
4749	296.9999909
4750	297.3999977
4751	297.3000109
4752	297.3000109
4753	297.3000109
4754	297.1000075
4755	297.1999943
4756	297.1000075
4757	297.1000075
4758	296.9999909
4759	296.7999876
4760	296.9999909
4761	296.9999909
4762	297.1000075
4763	296.9999909
4764	296.9999909
4765	296.9999909
4766	296.9999909
4767	297.3999977
4768	297.3999977
4769	296.9999909
4770	297.1000075
4771	296.9999909
4772	296.9000041
4773	296.9999909
4774	296.9999909
4775	296.9999909
4776	296.9000041
4777	296.9000041
4778	296.9999909
4779	296.9000041
4780	296.9999909
4781	296.9000041
4782	296.9000041
4783	297.1000075
4784	297.3999977
4785	297.5000143
4786	297.3000109
4787	297.1999943
4788	297.3000109
4789	297.1999943
4790	297.1000075
4791	297.3000109
4792	296.7999876
4793	296.7999876
4794	296.9999909
4795	296.7000008
4796	296.7999876
4797	296.7000008
4798	296.7000008
4799	296.7000008
4800	296.7000008
4801	296.9000041
4802	296.9999909
4803	296.9999909
4804	296.9999909
4805	297.1999943
4806	297.1999943
4807	297.1999943
4808	297.3999977
4809	297.1999943
4810	297.1999943
4811	297.3000109
4812	297.3000109
4813	297.3000109
4814	297.3999977
4815	297.3999977
4816	297.3999977
4817	297.3999977
4818	297.5000143
4819	297.3999977
4820	297.3000109
4821	297.3000109
4822	297.1999943
4823	297.1000075
4824	297.1999943
4825	297.3000109
4826	297.3999977
4827	297.6000011
4828	297.1000075
4829	297.3999977
4830	296.9999909
4831	297.1999943
4832	296.7999876
4833	296.7000008
4834	297.3999977
4835	297.3999977
4836	298.7999916
4837	299.8999953
4838	300.5999923
4839	301.2999892
4840	301.8999994
4841	302.7999997
4842	303.0999899
4843	304.1000068
4844	304.6000004
4845	305.2000105
4846	305.2999973
4847	305.9000075
4848	306.4999878
4849	307.5999916
4850	307.7999949
4851	307.9999983
4852	308.2999885
4853	308.4000051
4854	308.2999885
4855	308.4000051
4856	308.6999953
4857	308.8999987
4858	308.8999987
4859	308.9999855
4860	308.8000119
4861	308.6999953
4862	308.8999987
4863	308.6999953
4864	308.8999987
4865	309.1000021
4866	309.5999956
4867	309.5999956
4868	309.3999922
4869	309.3999922
4870	309.1999888
4871	308.8000119
4872	309.1000021
4873	309.3999922
4874	309.799999
4875	309.799999
4876	309.8999858
4877	309.5999956
4878	309.799999
4879	309.5000088
4880	309.5999956
4881	309.5999956
4882	309.5999956
4883	310.0000024
4884	309.8999858
4885	310.0000024
4886	309.8999858
4887	310.0000024
4888	309.7000122
4889	309.7000122
4890	309.5999956
4891	309.3999922
4892	309.3000054
4893	309.5999956
4894	309.1999888
4895	309.3999922
4896	309.3000054
4897	309.7000122
4898	309.7000122
4899	309.799999
4900	310.0999892
4901	310.2000058
4902	310.2000058
4903	310.2000058
4904	310.2999926
4905	310.2999926
4906	310.4999959
4907	310.2000058
4908	310.0999892
4909	310.0000024
4910	309.8999858
4911	309.8999858
4912	309.8999858
4913	310.0999892
4914	310.0000024
4915	310.2999926
4916	310.2999926
4917	310.4999959
4918	310.0999892
4919	310.0999892
4920	310.2000058
4921	310.2999926
4922	310.2000058
4923	310.0999892
4924	310.0000024
4925	310.0000024
4926	310.2000058
4927	310.0999892
4928	310.0000024
4929	310.0000024
4930	309.7000122
4931	309.5999956
4932	309.7000122
4933	309.8999858
4934	309.8999858
4935	309.3000054
4936	309.3000054
4937	309.3000054
4938	309.1000021
4939	309.5000088
4940	309.3000054
4941	309.3999922
4942	309.5000088
4943	309.5000088
4944	309.799999
4945	310.0000024
4946	310.4000092
4947	310.4999959
4948	310.9000027
4949	310.9000027
4950	310.9999895
4951	310.9999895
4952	311.1999929
4953	311.1000061
4954	310.9999895
4955	310.6000125
4956	310.6000125
4957	310.4000092
4958	310.6000125
4959	310.4000092
4960	310.6999993
4961	310.6000125
4962	310.0999892
4963	310.2000058
4964	310.2999926
4965	310.4000092
4966	310.9999895
4967	310.7999861
4968	310.6000125
4969	310.6999993
4970	310.9000027
4971	311.1000061
4972	310.9999895
4973	311.1999929
4974	310.9999895
4975	310.9000027
4976	310.9000027
4977	310.9000027
4978	310.7999861
4979	310.2999926
4980	310.6000125
4981	310.0999892
4982	310.2000058
4983	310.0999892
4984	310.4000092
4985	310.4999959
4986	310.6999993
4987	310.9000027
4988	310.9000027
4989	311.1999929
4990	311.1000061
4991	310.9999895
4992	310.9000027
4993	310.6000125
4994	310.2999926
4995	310.6000125
4996	310.7999861
4997	310.6999993
4998	310.6999993
4999	310.6000125
5000	310.4999959
5001	310.4000092
5002	310.6000125
5003	310.6000125
5004	310.6000125
5005	310.4000092
5006	310.6000125
5007	310.6000125
5008	310.6000125
5009	310.4000092
5010	310.7999861
5011	310.6999993
5012	310.2999926
5013	309.5000088
5014	308.4999919
5015	307.9000115
5016	306.8999946
5017	305.9000075
5018	305.5000007
5019	305.5000007
5020	305.4000139
5021	305.0999939
5022	305.0000072
5023	304.8999906
5024	304.5000136
5025	304.1000068
5026	303.9000034
5027	302.8999865
5028	301.4000058
5029	298.999995
5030	298.0000079
5031	295.1000035
5032	292.899996
5033	290.899992
5034	290.199995
5035	288.8999879
5036	287.800014
5037	287.4000072
5038	287.0999873
5039	287.0999873
5040	287.0000005
5041	287.0000005
5042	287.0999873
5043	287.499994
5044	287.9999876
5045	287.9999876
5046	288.3999944
5047	288.8000011
5048	289.0000045
5049	289.2999947
5050	289.4999981
5051	289.7000015
5052	290.1000082
5053	290.3999984
5054	290.6000018
5055	290.6000018
5056	290.899992
5057	291.0000086
5058	291.200012
5059	291.2999988
5060	291.5999889
5061	291.5999889
5062	291.5999889
5063	291.7999923
5064	292.1000123
5065	292.2999859
5066	292.4999893
5067	292.6999927
5068	292.899996
5069	293.1999862
5070	293.3999896
5071	293.599993
5072	293.1999862
5073	293.5000062
5074	293.599993
5075	293.7999964
5076	293.7999964
5077	293.7999964
5078	293.900013
5079	294.2000031
5080	294.0999866
5081	294.6000099
5082	294.4000065
5083	294.6000099
5084	294.9000001
5085	294.9000001
5086	295.1999903
5087	295.3999937
5088	295.3999937
5089	295.7000136
5090	295.599997
5091	295.8000004
5092	296.0000038
5093	296.0000038
5094	296.0999906
5095	295.8000004
5096	295.8000004
5097	295.8000004
5098	295.8999872
5099	296.0000038
5100	295.7000136
5101	295.8999872
5102	295.599997
5103	295.5000103
5104	296.0000038
5105	295.8999872
5106	296.299994
5107	296.299994
5108	296.4000106
5109	296.0999906
5110	296.0999906
5111	295.8000004
5112	296.0999906
5113	296.2000072
5114	296.2000072
5115	296.299994
5116	296.4999974
5117	296.4000106
5118	296.600014
5119	296.600014
5120	296.4000106
5121	296.4999974
5122	296.4999974
5123	296.600014
5124	296.299994
5125	296.7000008
5126	296.4999974
5127	296.4000106
5128	296.600014
5129	296.7000008
5130	296.4999974
5131	295.8000004
5132	296.0999906
5133	296.4000106
5134	297.3999977
5135	298.0000079
5136	298.4000146
5137	298.5000014
5138	298.2000113
5139	298.0000079
5140	297.6999879
5141	297.5000143
5142	297.3999977
5143	297.5000143
5144	296.9999909
5145	296.7999876
5146	296.9999909
5147	296.9000041
5148	296.9999909
5149	296.7999876
5150	296.7999876
5151	296.7000008
5152	296.9000041
5153	296.7000008
5154	296.7000008
5155	296.7000008
5156	296.600014
5157	296.7999876
5158	296.7000008
5159	296.600014
5160	296.9000041
5161	297.1999943
5162	297.1000075
5163	296.9999909
5164	297.1000075
5165	296.9999909
5166	296.9999909
5167	296.9999909
5168	296.9999909
5169	297.1000075
5170	297.1999943
5171	297.3999977
5172	296.9999909
5173	296.9999909
5174	296.9999909
5175	296.9999909
5176	297.1000075
5177	296.9000041
5178	296.9999909
5179	296.7000008
5180	297.1999943
5181	296.9999909
5182	297.3999977
5183	297.3000109
5184	297.3999977
5185	297.3999977
5186	297.3999977
5187	297.3999977
5188	297.6999879
5189	297.6999879
5190	298.0000079
5191	298.2000113
5192	298.0999947
5193	298.0000079
5194	297.8999913
5195	297.8000045
5196	297.6999879
5197	297.6999879
5198	297.6000011
5199	297.5000143
5200	296.9999909
5201	297.3999977
5202	297.5000143
5203	297.1000075
5204	297.6000011
5205	297.3999977
5206	297.3000109
5207	297.6999879
5208	297.6000011
5209	298.0999947
5210	298.0999947
5211	298.0000079
5212	298.299998
5213	298.0000079
5214	298.0000079
5215	297.8000045
5216	297.8000045
5217	297.8000045
5218	298.0000079
5219	297.6999879
5220	298.0999947
5221	298.2000113
5222	298.299998
5223	298.4000146
5224	298.4000146
5225	298.4000146
5226	298.4000146
5227	298.0999947
5228	298.0000079
5229	298.299998
5230	298.2000113
5231	298.0999947
5232	298.0999947
5233	297.6999879
5234	298.0999947
5235	298.0999947
5236	298.5999882
5237	298.299998
5238	297.8999913
5239	298.299998
5240	297.6999879
5241	297.8999913
5242	297.6999879
5243	297.6999879
5244	297.6000011
5245	297.5000143
5246	297.8000045
5247	297.6999879
5248	297.8000045
5249	297.6999879
5250	297.6000011
5251	297.6999879
5252	297.6999879
5253	297.5000143
5254	297.5000143
5255	297.3999977
5256	297.3999977
5257	297.3999977
5258	297.3000109
5259	297.5000143
5260	297.3000109
5261	297.6999879
5262	297.8999913
5263	298.0000079
5264	298.2000113
5265	297.8999913
5266	297.6999879
5267	297.8000045
5268	297.8000045
5269	297.8999913
5270	297.6999879
5271	297.5000143
5272	297.6999879
5273	297.5000143
5274	297.6999879
5275	297.6000011
5276	297.8000045
5277	297.6999879
5278	297.8000045
5279	297.8000045
5280	298.0000079
5281	297.6999879
5282	297.8999913
5283	297.6999879
5284	297.3999977
5285	297.6000011
5286	297.6999879
5287	297.6000011
5288	297.6999879
5289	297.5000143
5290	297.8000045
5291	297.6000011
5292	298.0000079
5293	298.0000079
5294	297.8000045
5295	297.8000045
5296	297.6000011
5297	297.6000011
5298	297.8000045
5299	297.8000045
5300	297.8999913
5301	297.6999879
5302	297.6999879
5303	297.5000143
5304	297.6999879
5305	297.6999879
5306	297.6999879
5307	298.0000079
5308	298.5000014
5309	299.4999886
5310	300.3000021
5311	301.2000024
5312	302.1000028
5313	302.1000028
5314	302.1999896
5315	303.0000031
5316	303.7999868
5317	303.9000034
5318	304.3000102
5319	305.0000072
5320	305.7000041
5321	305.9000075
5322	306.6999912
5323	307.2000146
5324	307.9999983
5325	308.2999885
5326	308.8000119
5327	309.3000054
5328	308.8000119
5329	309.1999888
5330	309.5999956
5331	309.8999858
5332	309.5999956
5333	309.3999922
5334	309.5000088
5335	309.5999956
5336	309.8999858
5337	309.5999956
5338	309.5000088
5339	309.5000088
5340	309.8999858
5341	310.0000024
5342	309.5999956
5343	309.3999922
5344	309.1999888
5345	309.1999888
5346	309.5999956
5347	309.3999922
5348	309.3000054
5349	309.3999922
5350	309.7000122
5351	309.8999858
5352	310.2000058
5353	309.8999858
5354	309.8999858
5355	309.7000122
5356	309.3000054
5357	309.3000054
5358	309.3000054
5359	308.9999855
5360	309.1000021
5361	309.1000021
5362	308.9999855
5363	308.9999855
5364	308.9999855
5365	309.3999922
5366	308.8000119
5367	308.6999953
5368	309.1000021
5369	308.9999855
5370	308.9999855
5371	309.1000021
5372	309.3000054
5373	309.3000054
5374	309.3999922
5375	309.8999858
5376	309.8999858
5377	309.8999858
5378	309.5999956
5379	309.5000088
5380	308.8999987
5381	308.6999953
5382	308.9999855
5383	308.9999855
5384	309.1000021
5385	309.8999858
5386	309.8999858
5387	310.0000024
5388	309.799999
5389	309.8999858
5390	309.8999858
5391	310.0000024
5392	310.2000058
5393	310.2000058
5394	310.0000024
5395	309.8999858
5396	310.2000058
5397	310.2999926
5398	310.6000125
5399	310.4999959
5400	310.6000125
5401	310.6000125
5402	310.6999993
5403	311.1999929
5404	310.9000027
5405	310.9000027
5406	310.9000027
5407	310.2000058
5408	310.0000024
5409	309.5999956
5410	309.3000054
5411	309.5999956
5412	309.5999956
5413	309.8999858
5414	309.8999858
5415	310.2000058
5416	310.4000092
5417	310.4999959
5418	310.7999861
5419	310.6000125
5420	310.2999926
5421	310.6000125
5422	310.0999892
5423	309.8999858
5424	309.8999858
5425	309.7000122
5426	309.7000122
5427	310.2000058
5428	310.2000058
5429	310.4000092
5430	310.4999959
5431	310.9000027
5432	310.9000027
5433	310.6999993
5434	310.2999926
5435	310.2000058
5436	310.2999926
5437	310.6000125
5438	310.9000027
5439	310.6000125
5440	310.6000125
5441	310.6000125
5442	310.9000027
5443	310.6000125
5444	310.4000092
5445	310.2000058
5446	310.6000125
5447	310.6000125
5448	310.6999993
5449	311.1999929
5450	311.3999963
5451	311.1999929
5452	311.3999963
5453	311.3000095
5454	311.1000061
5455	310.9999895
5456	310.7999861
5457	310.6000125
5458	311.1000061
5459	310.9000027
5460	310.9000027
5461	310.9999895
5462	310.9000027
5463	310.7999861
5464	310.9000027
5465	310.9000027
5466	311.1000061
5467	310.9000027
5468	310.9000027
5469	310.9000027
5470	310.6000125
5471	310.7999861
5472	310.4000092
5473	310.4999959
5474	310.2000058
5475	310.0000024
5476	309.8999858
5477	309.799999
5478	309.8999858
5479	310.0000024
5480	310.0000024
5481	310.0000024
5482	310.2000058
5483	310.2000058
5484	309.8999858
5485	309.5999956
5486	309.3999922
5487	308.6000085
5488	307.3000014
5489	306.8999946
5490	306.1000109
5491	305.5999875
5492	304.8000038
5493	304.8000038
5494	305.0000072
5495	304.8999906
5496	305.0999939
5497	304.8999906
5498	304.8000038
5499	303.7
5500	302.1000028
5501	301.2999892
5502	299.2999852
5503	296.9000041
5504	294.8000133
5505	293.7999964
5506	291.7999923
5507	290.199995
5508	289.0000045
5509	288.7000144
5510	288.199991
5511	287.9999876
5512	287.9000008
5513	288.3000076
5514	288.3999944
5515	288.8999879
5516	289.2999947
5517	289.4999981
5518	289.9999917
5519	290.6000018
5520	290.6000018
5521	290.8000052
5522	291.200012
5523	291.3999856
5524	291.5999889
5525	291.9000089
5526	292.1999991
5527	291.9999957
5528	291.9999957
5529	292.4999893
5530	292.4000025
5531	292.6999927
5532	292.4999893
5533	292.8000093
5534	292.899996
5535	293.0000126
5536	293.1999862
5537	293.3999896
5538	293.3000028
5539	293.7999964
5540	293.7999964
5541	293.5000062
5542	293.7999964
5543	293.9999998
5544	293.7999964
5545	294.2000031
5546	294.4999933
5547	294.8000133
5548	294.9000001
5549	295.3000069
5550	295.3999937
5551	295.8000004
5552	295.7000136
5553	295.8999872
5554	295.8000004
5555	295.7000136
5556	295.8999872
5557	295.8000004
5558	295.8000004
5559	296.0999906
5560	295.8999872
5561	295.599997
5562	295.8000004
5563	295.7000136
5564	295.599997
5565	295.3999937
5566	295.7000136
5567	295.8000004
5568	295.599997
5569	295.599997
5570	295.5000103
5571	295.8000004
5572	295.599997
5573	295.8000004
5574	295.8999872
5575	296.2000072
5576	296.0999906
5577	296.4000106
5578	296.4999974
5579	296.2000072
5580	296.4000106
5581	296.299994
5582	296.0999906
5583	295.8999872
5584	296.0999906
5585	295.8000004
5586	295.8999872
5587	295.8000004
5588	295.7000136
5589	296.0999906
5590	295.8999872
5591	296.0000038
5592	295.8000004
5593	296.0999906
5594	296.0999906
5595	296.0999906
5596	296.2000072
5597	296.4000106
5598	296.4999974
5599	296.7999876
5600	296.7000008
5601	296.7000008
5602	296.9999909
5603	296.7000008
5604	296.7000008
5605	296.4999974
5606	296.7000008
5607	296.600014
5608	296.4999974
5609	296.4000106
5610	296.7000008
5611	296.7000008
5612	296.4999974
5613	296.7000008
5614	296.7000008
5615	296.7000008
5616	296.7000008
5617	296.600014
5618	296.7000008
5619	296.4000106
5620	296.7000008
5621	296.7000008
5622	296.7000008
5623	296.7000008
5624	296.7000008
5625	296.7000008
5626	296.4999974
5627	296.7000008
5628	296.600014
5629	296.600014
5630	296.7999876
5631	296.7000008
5632	296.7999876
5633	296.7000008
5634	296.7000008
5635	296.9000041
5636	296.9000041
5637	296.9999909
5638	297.1000075
5639	296.9999909
5640	296.9000041
5641	296.9999909
5642	297.1000075
5643	297.1999943
5644	297.3000109
5645	296.9999909
5646	296.9999909
5647	296.9999909
5648	296.7000008
5649	296.9999909
5650	296.9999909
5651	296.7999876
5652	296.600014
5653	296.7000008
5654	296.7000008
5655	296.7000008
5656	296.9000041
5657	296.9999909
5658	296.9000041
5659	296.9999909
5660	296.9000041
5661	297.1000075
5662	296.9999909
5663	296.9999909
5664	297.1999943
5665	297.1000075
5666	297.1000075
5667	297.1000075
5668	297.1999943
5669	297.1000075
5670	297.1999943
5671	297.1000075
5672	297.1000075
5673	296.9999909
5674	296.9999909
5675	297.1000075
5676	296.9999909
5677	297.1000075
5678	297.5000143
5679	297.6000011
5680	297.8000045
5681	297.6000011
5682	297.6999879
5683	297.6999879
5684	297.6999879
5685	297.6999879
5686	297.6999879
5687	297.6999879
5688	297.6999879
5689	297.6000011
5690	297.3999977
5691	297.5000143
5692	297.3999977
5693	297.3999977
5694	297.5000143
5695	297.1999943
5696	297.3999977
5697	297.3999977
5698	297.3000109
5699	297.1999943
5700	297.1999943
5701	296.9999909
5702	296.9999909
5703	297.3000109
5704	297.3999977
5705	297.3999977
5706	297.6000011
5707	297.6000011
5708	297.5000143
5709	297.3999977
5710	297.8000045
5711	297.6000011
5712	297.3999977
5713	297.6000011
5714	297.3999977
5715	297.3999977
5716	297.5000143
5717	297.5000143
5718	297.3999977
5719	297.3000109
5720	297.3999977
5721	297.3000109
5722	297.1999943
5723	297.1999943
5724	297.1999943
5725	296.9999909
5726	297.3999977
5727	297.5000143
5728	297.6000011
5729	297.8000045
5730	297.6999879
5731	297.6999879
5732	297.6999879
5733	297.5000143
5734	297.3000109
5735	297.3999977
5736	297.3000109
5737	297.1999943
5738	297.3000109
5739	297.1000075
5740	297.3999977
5741	297.3999977
5742	297.3000109
5743	297.3999977
5744	297.3999977
5745	297.3999977
5746	297.5000143
5747	297.3999977
5748	297.5000143
5749	297.3999977
5750	297.3000109
5751	297.5000143
5752	297.5000143
5753	297.6999879
5754	297.6000011
5755	297.6999879
5756	297.6999879
5757	297.5000143
5758	297.6000011
5759	297.6999879
5760	297.6999879
5761	297.8000045
5762	297.8999913
5763	298.0000079
5764	297.8999913
5765	298.2000113
5766	297.8000045
5767	297.6000011
5768	297.6000011
5769	297.6999879
5770	297.3999977
5771	297.5000143
5772	297.1000075
5773	297.1999943
5774	297.3000109
5775	297.3999977
5776	297.3000109
5777	297.1999943
5778	297.3999977
5779	297.6000011
5780	297.6000011
5781	297.6999879
5782	298.299998
5783	298.999995
5784	299.2999852
5785	299.8999953
5786	300.5000055
5787	301.0999858
5788	301.4999926
5789	302.5000095
5790	303.4000099
5791	303.7999868
5792	303.9000034
5793	304.399997
5794	305.5999875
5795	305.9999943
5796	306.400001
5797	306.8999946
5798	307.2000146
5799	307.3000014
5800	307.3000014
5801	307.5999916
5802	308.0999851
5803	308.4000051
5804	308.4999919
5805	308.4000051
5806	308.4000051
5807	308.4999919
5808	308.2999885
5809	307.9999983
5810	308.2000017
5811	308.0999851
5812	307.9000115
5813	307.9000115
5814	307.5999916
5815	307.5000048
5816	307.3999882
5817	307.7000082
5818	307.7000082
5819	307.9000115
5820	308.4999919
5821	308.6000085
5822	308.8999987
5823	308.9999855
5824	308.8999987
5825	308.8999987
5826	308.6999953
5827	309.1999888
5828	309.1000021
5829	308.8999987
5830	308.8999987
5831	308.6000085
5832	308.4999919
5833	308.4000051
5834	308.2999885
5835	308.2999885
5836	308.6000085
5837	308.8999987
5838	308.8999987
5839	308.8999987
5840	308.6000085
5841	308.4999919
5842	308.4999919
5843	308.2999885
5844	308.6999953
5845	308.8000119
5846	308.6000085
5847	308.4000051
5848	308.4000051
5849	308.6999953
5850	309.1000021
5851	309.3000054
5852	309.3000054
5853	309.3000054
5854	308.9999855
5855	308.6999953
5856	308.6000085
5857	308.8000119
5858	309.1000021
5859	309.3000054
5860	309.3999922
5861	309.5000088
5862	309.3999922
5863	308.9999855
5864	309.1000021
5865	308.9999855
5866	308.8999987
5867	308.8999987
5868	308.6000085
5869	308.4999919
5870	308.4999919
5871	308.2000017
5872	308.2999885
5873	307.9999983
5874	307.9999983
5875	307.9000115
5876	308.2000017
5877	307.9999983
5878	308.4000051
5879	308.6000085
5880	308.8000119
5881	309.3000054
5882	309.3000054
5883	308.9999855
5884	308.8999987
5885	308.8000119
5886	308.2000017
5887	307.7999949
5888	307.7999949
5889	307.9000115
5890	307.7000082
5891	307.7999949
5892	308.2000017
5893	307.9999983
5894	307.7999949
5895	307.5999916
5896	307.3000014
5897	307.3000014
5898	307.5000048
5899	307.7999949
5900	308.0999851
5901	308.0999851
5902	308.2999885
5903	308.2999885
5904	308.2999885
5905	308.4000051
5906	308.6999953
5907	308.6000085
5908	308.9999855
5909	308.8999987
5910	309.1000021
5911	309.1000021
5912	308.8999987
5913	308.8999987
5914	308.8000119
5915	308.2999885
5916	308.2999885
5917	308.0999851
5918	308.2999885
5919	308.2000017
5920	307.9999983
5921	307.9000115
5922	307.9999983
5923	307.9000115
5924	307.7999949
5925	307.3999882
5926	307.3000014
5927	307.3000014
5928	307.099998
5929	307.2000146
5930	307.3000014
5931	307.7000082
5932	307.7999949
5933	307.7000082
5934	307.7000082
5935	307.5999916
5936	307.7000082
5937	307.9999983
5938	307.9999983
5939	308.2999885
5940	308.0999851
5941	308.2000017
5942	308.2000017
5943	308.0999851
5944	308.4000051
5945	308.4000051
5946	308.8999987
5947	308.8999987
5948	308.9999855
5949	308.8999987
5950	308.9999855
5951	308.8999987
5952	308.8999987
5953	309.1000021
5954	308.9999855
5955	309.1999888
5956	308.9999855
5957	308.8999987
5958	308.8000119
5959	308.2999885
5960	307.7000082
5961	306.8000078
5962	305.9999943
5963	305.0000072
5964	304.6999872
5965	304.1000068
5966	303.9999902
5967	303.9000034
5968	304.1000068
5969	304.3000102
5970	304.1000068
5971	303.7999868
5972	303.6000133
5973	302.7999997
5974	301.6000092
5975	299.8999953
5976	298.7999916
5977	296.4000106
5978	294.0999866
5979	291.9999957
5980	290.899992
5981	289.6000147
5982	288.3000076
5983	287.9000008
5984	287.6000106
5985	287.2999907
5986	287.2999907
5987	287.499994
5988	287.800014
5989	288.1000042
5990	288.5999978
5991	288.7000144
5992	289.0999913
5993	289.7999883
5994	290.199995
5995	290.3000116
5996	290.899992
5997	291.0999954
5998	291.2999988
5999	291.2999988
6000	291.5999889
6001	291.7999923
6002	291.9999957
6003	292.1999991
6004	292.4999893
6005	292.6999927
6006	292.8000093
6007	292.899996
6008	293.0000126
6009	293.0000126
6010	293.0000126
6011	293.0999994
6012	293.1999862
6013	293.5000062
6014	293.599993
6015	293.7999964
6016	293.9999998
6017	294.0999866
6018	294.0999866
6019	294.0999866
6020	294.4999933
6021	294.4999933
6022	294.6000099
6023	294.4999933
6024	294.8000133
6025	294.8000133
6026	294.8000133
6027	294.8000133
6028	295.1000035
6029	295.1000035
6030	295.1000035
6031	295.3000069
6032	295.3999937
6033	295.5000103
6034	295.5000103
6035	295.3999937
6036	295.3000069
6037	295.3999937
6038	295.3000069
6039	295.599997
6040	295.3999937
6041	295.5000103
6042	295.5000103
6043	296.0000038
6044	296.0000038
6045	296.0999906
6046	296.0999906
6047	296.0999906
6048	296.0999906
6049	296.0999906
6050	295.8999872
6051	295.8999872
6052	295.7000136
6053	295.8999872
6054	295.7000136
6055	295.8999872
6056	295.8999872
6057	296.0999906
6058	296.299994
6059	296.600014
6060	296.7000008
6061	296.7999876
6062	296.7999876
6063	296.9000041
6064	296.9999909
6065	296.600014
6066	296.7000008
6067	296.7000008
6068	296.7000008
6069	296.4999974
6070	296.4000106
6071	296.4999974
6072	296.600014
6073	296.7000008
6074	296.4999974
6075	296.7000008
6076	296.7000008
6077	296.7000008
6078	296.7000008
6079	296.4000106
6080	296.4999974
6081	296.7000008
6082	296.7999876
6083	296.9000041
6084	296.7999876
6085	296.7000008
6086	296.7000008
6087	296.9000041
6088	296.9000041
6089	296.7999876
6090	296.9000041
6091	296.9000041
6092	296.7999876
6093	296.9000041
6094	296.9000041
6095	296.7000008
6096	296.600014
6097	296.9999909
6098	297.1000075
6099	296.9999909
6100	297.3999977
6101	297.8000045
6102	297.6000011
6103	297.6999879
6104	297.8999913
6105	297.8999913
6106	297.6999879
6107	297.6000011
6108	297.3999977
6109	297.3999977
6110	297.6000011
6111	297.6999879
6112	297.8999913
6113	297.6999879
6114	297.3999977
6115	297.3999977
6116	297.3999977
6117	297.3999977
6118	297.3999977
6119	297.3999977
6120	297.5000143
6121	297.6999879
6122	297.6999879
6123	298.0000079
6124	298.0000079
6125	298.2000113
6126	298.0000079
6127	298.0000079
6128	298.0000079
6129	297.8999913
6130	298.0999947
6131	298.0999947
6132	298.299998
6133	298.2000113
6134	298.299998
6135	298.2000113
6136	298.0000079
6137	298.2000113
6138	298.299998
6139	298.299998
6140	298.2000113
6141	298.2000113
6142	298.299998
6143	298.299998
6144	298.2000113
6145	298.0999947
6146	298.0999947
6147	298.2000113
6148	298.0000079
6149	298.0999947
6150	298.299998
6151	298.2000113
6152	298.0999947
6153	298.2000113
6154	297.8999913
6155	297.8999913
6156	297.6999879
6157	297.6000011
6158	297.6000011
6159	297.3999977
6160	297.3999977
6161	297.3000109
6162	297.1999943
6163	297.1999943
6164	297.3999977
6165	297.3000109
6166	297.3000109
6167	297.3999977
6168	297.3999977
6169	297.3999977
6170	297.5000143
6171	297.5000143
6172	297.3000109
6173	297.3999977
6174	297.5000143
6175	297.6999879
6176	297.6999879
6177	298.0999947
6178	298.2000113
6179	298.299998
6180	298.2000113
6181	298.0999947
6182	298.2000113
6183	298.2000113
6184	297.8999913
6185	298.0000079