1	279.5799866
2	279.5400085
3	279.5
4	279.0400085
5	278.7399902
6	278.5400085
7	278.6400146
8	278.769989
9	278.7200012
10	278.5799866
11	278.0299988
12	278.0799866
13	278.2200012
14	278.4899902
15	278.6000061
16	278.9299927
17	279.019989
18	278.8900146
19	278.7000122
20	278.4500122
21	278.4500122
22	278.4700012
23	278.5400085
24	278.5100098
25	278.4299927
26	278.2600098
27	277.7999878
28	277.7999878
29	277.2399902
30	277.2399902
31	277.0899963
32	277.9500122
33	279
34	279.0599976
35	279.0599976
36	278.5400085
37	277.9700012
38	278.1600037
39	278.2000122
40	277.7799988
41	277.7999878
42	277.9899902
43	278.3500061
44	278.3900146
45	278.5400085
46	278.5100098
47	278.4299927
48	278.0499878
49	278.0100098
50	277.8500061
51	277.8500061
52	277.7399902
53	277.7000122
54	277.7000122
55	277.7000122
56	277.7000122
57	277.7799988
58	277.6799927
59	277.6400146
60	277.6400146
61	277.7000122
62	277.6600037
63	277.7000122
64	277.7200012
65	277.7399902
66	277.7999878
67	277.7999878
68	277.8500061
69	277.7999878
70	277.7600098
71	277.6799927
72	277.7600098
73	277.6799927
74	277.7200012
75	277.6799927
76	277.6600037
77	277.6799927
78	277.6400146
79	277.5299988
80	277.4899902
81	277.4500122
82	277.6199951
83	277.6799927
84	277.7000122
85	277.6199951
86	277.5700073
87	277.5899963
88	277.6799927
89	277.7399902
90	277.8500061
91	277.8699951
92	277.8699951
93	277.9100037
94	277.8200073
95	277.7000122
96	277.7399902
97	277.7200012
98	277.6400146
99	277.6400146
100	278.2000122
101	278.7200012
102	279.019989
103	279.4299927
104	279.7099915
105	279.7900085
106	279.7900085
107	280.1499939
108	280.3800049
109	280.4599915
110	280.8399963
111	280.9400024
112	280.9599915
113	280.9400024
114	280.9200134
115	280.9200134
116	281.230011
117	281.5299988
118	281.6099854
119	281.6099854
120	281.5299988
121	281.5700073
122	281.3999939
123	281.3800049
124	281.4200134
125	281.2999878
126	281.1700134
127	281.230011
128	281.4599915
129	281.5
130	281.3800049
131	281.3800049
132	281.3200073
133	281.3399963
134	281.3599854
135	281.4200134
136	281.4400024
137	281.730011
138	281.730011
139	281.6900024
140	281.730011
141	281.7799988
142	282.0299988
143	281.9400024
144	281.9400024
145	281.9400024
146	281.8399963
147	281.6499939
148	281.269989
149	281.2099915
150	281.3599854
151	281.3599854
152	281.2999878
153	281.2999878
154	281.3399963
155	281.2099915
156	281.3399963
157	281.3399963
158	281.5700073
159	281.5499878
160	281.4599915
161	281.4599915
162	281.3800049
163	281.3800049
164	281.3399963
165	281.3999939
166	281.3599854
167	281.3800049
168	281.2099915
169	281.2099915
170	281.2099915
171	281.6300049
172	281.7099915
173	281.6700134
174	281.730011
175	281.7999878
176	281.8599854
177	281.8599854
178	281.9899902
179	282.0100098
180	282.0100098
181	281.7999878
182	281.3599854
183	281.230011
184	281.1499939
185	281.4200134
186	281.5
187	281.480011
188	281.4599915
189	281.5899963
190	281.7099915
191	281.6499939
192	281.8399963
193	281.8999939
194	281.9400024
195	282.1099854
196	282.2000122
197	282.2399902
198	282.1499939
199	281.8999939
200	281.7799988
201	281.6900024
202	281.6900024
203	281.5499878
204	281.3800049
205	281.230011
206	281.0400085
207	280.8999939
208	280.75
209	280.75
210	281
211	281.1700134
212	281.25
213	281.3999939
214	281.6499939
215	281.7600098
216	281.7799988
217	281.3399963
218	281.3399963
219	281.2999878
220	281.5499878
221	281.730011
222	281.7999878
223	281.8399963
224	281.8999939
225	282.0299988
226	281.9599915
227	281.9200134
228	281.9599915
229	282.2000122
230	282.2399902
231	282.2799988
232	282.2999878
233	282.3399963
234	282.3399963
235	282.4299927
236	282.2399902
237	282.2200012
238	282.0700073
239	281.9899902
240	282.0499878
241	282.0499878
242	282.3599854
243	282.2799988
244	282.3200073
245	282.4500122
246	282.4299927
247	282.3999939
248	282.3999939
249	282.1099854
250	281.9400024
251	281.8200073
252	281.2999878
253	280.980011
254	280.9200134
255	280.8800049
256	281.3800049
257	281.5899963
258	281.7999878
259	281.9899902
260	282.3399963
261	282.3999939
262	282.3999939
263	282.3399963
264	282.2000122
265	282.0299988
266	281.8999939
267	281.9599915
268	282.2200012
269	282.3399963
270	282.0499878
271	281.4599915
272	281.3999939
273	281.3999939
274	281.5700073
275	281.6300049
276	281.6300049
277	281.4599915
278	281
279	280.6700134
280	280.6700134
281	280.1199951
282	280.1199951
283	280.1499939
284	280.1199951
285	280.019989
286	280.1000061
287	280.1000061
288	280.1199951
289	279.9599915
290	279.8099976
291	279.25
292	278.4500122
293	278.1799927
294	277.7399902
295	276.8200073
296	276.5700073
297	276.2799988
298	276.0899963
299	276.0299988
300	275.8999939
301	275.8200073
302	275.7999878
303	275.8999939
304	276.4400024
305	276.8399963
306	276.8999939
307	277.0100098
308	277.2600098
309	277.5899963
310	277.8900146
311	277.9700012
312	277.9700012
313	277.8900146
314	277.8699951
315	277.9500122
316	278.3500061
317	278.6000061
318	278.6600037
319	278.6600037
320	278.5799866
321	278.7200012
322	278.7000122
323	278.769989
324	278.8500061
325	278.8900146
326	278.8299866
327	278.8699951
328	278.8900146
329	278.8900146
330	279.1400146
331	279.0400085
332	279.019989
333	278.8699951
334	279.1199951
335	279.3099976
336	279.4299927
337	279.3900146
338	279.3699951
339	279.2900085
340	279.2000122
341	278.9299927
342	279.0599976
343	279.3099976
344	279.3099976
345	279.519989
346	279.5799866
347	279.6000061
348	279.5799866
349	279.5400085
350	279.5599976
351	279.5599976
352	279.480011
353	279.4599915
354	279.4100037
355	279.4599915
356	279.4299927
357	279.6199951
358	279.6199951
359	279.8500061
360	279.730011
361	279.730011
362	279.769989
363	279.75
364	279.730011
365	279.6900024
366	279.6900024
367	279.7900085
368	279.8699951
369	279.8299866
370	279.75
371	279.5799866
372	279.6199951
373	279.5
374	279.3500061
375	279.3500061
376	279.4299927
377	279.480011
378	279.6199951
379	279.6900024
380	279.6400146
381	279.6600037
382	279.730011
383	279.730011
384	279.75
385	279.6600037
386	279.8099976
387	279.7900085
388	279.8699951
389	280
390	280
391	279.6900024
392	279.5
393	279.6199951
394	279.6199951
395	279.6400146
396	279.6199951
397	279.730011
398	279.769989
399	279.7099915
400	279.480011
401	279.1600037
402	278.9299927
403	278.9100037
404	278.9100037
405	279.4299927
406	279.480011
407	279.5799866
408	279.6000061
409	279.6900024
410	279.5799866
411	279.5
412	279.3099976
413	279.1000061
414	279.0799866
415	279.0799866
416	279.269989
417	279.3299866
418	279.2900085
419	279.4100037
420	279.6400146
421	279.7099915
422	279.7099915
423	279.7900085
424	279.6000061
425	279.5
426	279.4599915
427	279.519989
428	279.5799866
429	279.5799866
430	279.730011
431	279.75
432	279.75
433	279.6900024
434	279.6400146
435	279.7099915
436	279.6600037
437	279.6000061
438	279.6199951
439	279.6400146
440	279.519989
441	279.5799866
442	279.5599976
443	279.6400146
444	279.730011
445	279.730011
446	279.769989
447	279.8299866
448	279.8699951
449	279.9599915
450	279.9200134
451	279.9400024
452	279.8500061
453	279.75
454	279.75
455	279.8099976
456	279.8500061
457	279.8099976
458	279.769989
459	279.75
460	279.769989
461	279.769989
462	279.5599976
463	279.6000061
464	279.75
465	279.8900146
466	279.8500061
467	279.769989
468	279.7900085
469	279.8500061
470	279.8299866
471	279.2000122
472	279.269989
473	279.25
474	279.5400085
475	279.2900085
476	279.1600037
477	279.0799866
478	279.0799866
479	279
480	278.9299927
481	278.8699951
482	279.019989
483	279
484	278.8699951
485	278.769989
486	278.8099976
487	278.8099976
488	278.8299866
489	279
490	279.1799927
491	279.1799927
492	279.1000061
493	279.0400085
494	278.9299927
495	278.7399902
496	278.6799927
497	278.5400085
498	278.5400085
499	278.4899902
500	278.4700012
501	278.5400085
502	278.6000061
503	278.6799927
504	278.6600037
505	278.7000122
506	278.6799927
507	278.769989
508	278.8900146
509	278.9500122
510	278.9500122
511	278.9100037
512	279.019989
513	279.1600037
514	279.269989
515	279.2900085
516	279.5
517	279.519989
518	279.3299866
519	279.25
520	279.1600037
521	279.1199951
522	278.9500122
523	278.9500122
524	279.0799866
525	279.0400085
526	279.1400146
527	279.230011
528	279.480011
529	279.6199951
530	279.6199951
531	279.8500061
532	279.7099915
533	279.6000061
534	279.3900146
535	279.3699951
536	279.2900085
537	279.2900085
538	279.269989
539	279.269989
540	279.3099976
541	279.4100037
542	279.230011
543	279.1400146
544	279.0799866
545	278.7399902
546	278.6400146
547	278.5400085
548	278.7900085
549	278.9299927
550	279.1199951
551	279.2000122
552	279.4100037
553	279.4299927
554	279.480011
555	279.5400085
556	279.5
557	279.4100037
558	279.2900085
559	279.25
560	279.1600037
561	279.1199951
562	279.1199951
563	279.0599976
564	279.0799866
565	279.1600037
566	279.3699951
567	279.6400146
568	279.6900024
569	279.6900024
570	279.3900146
571	279.2900085
572	279.1799927
573	279.3099976
574	279.3500061
575	279.4299927
576	279.5400085
577	279.730011
578	279.6400146
579	279.6600037
580	279.769989
581	279.8699951
582	279.8900146
583	279.8699951
584	279.8699951
585	279.8699951
586	280.0799866
587	280.1199951
588	280.269989
589	280.3800049
590	280.4400024
591	280.5799866
592	280.6300049
593	280.4599915
594	280.4599915
595	280.25
596	280.269989
597	280.3800049
598	280.6700134
599	280.7099915
600	280.730011
601	280.730011
602	280.730011
603	280.8999939
604	280.9400024
605	280.980011
606	280.769989
607	280.6900024
608	280.6900024
609	280.6700134
610	280.7099915
611	280.7099915
612	280.9599915
613	281.019989
614	281.0400085
615	281.0899963
616	281.0700073
617	281.1300049
618	280.980011
619	280.9400024
620	280.9200134
621	281.1300049
622	281.0400085
623	280.6900024
624	280.6300049
625	280.6499939
626	280.769989
627	280.7900085
628	280.9599915
629	281.0400085
630	281.1300049
631	281.1300049
632	281.2099915
633	281.2099915
634	281.3200073
635	281.269989
636	281.269989
637	281.269989
638	280.9400024
639	280.8399963
640	280.8399963
641	280.8599854
642	281.3399963
643	281.4599915
644	281.5
645	281.4400024
646	281.3200073
647	281.3200073
648	281.1700134
649	281.25
650	281.3800049
651	281.730011
652	281.8399963
653	281.8599854
654	281.7600098
655	281.5700073
656	281.5499878
657	281.3999939
658	281.269989
659	281.2999878
660	281.269989
661	281.3599854
662	281.25
663	281.269989
664	281.3200073
665	281.3800049
666	281.4599915
667	281.5700073
668	281.5700073
669	281.4200134
670	281.3399963
671	281.3200073
672	281.3200073
673	281.4200134
674	281.4200134
675	281.3399963
676	281.3399963
677	281.3800049
678	281.1700134
679	281.1700134
680	280.75
681	280.5799866
682	280.6300049
683	280.5599976
684	280.7099915
685	280.730011
686	280.6900024
687	280.769989
688	280.8399963
689	281.0700073
690	281.2999878
691	281.269989
692	281.1700134
693	281.019989
694	280.9599915
695	280.980011
696	281.0700073
697	280.8599854
698	280.7099915
699	280.8999939
700	280.9400024
701	280.8999939
702	280.7099915
703	281.1499939
704	281.1499939
705	281.269989
706	281.1099854
707	281.0700073
708	281.1300049
709	281.0700073
710	280.8099976
711	280.8099976
712	280.9599915
713	280.8399963
714	280.8599854
715	280.769989
716	280.6900024
717	280.7099915
718	280.7099915
719	280.8399963
720	280.8599854
721	280.9599915
722	280.8999939
723	280.730011
724	280.6300049
725	280.519989
726	280.4400024
727	280.5599976
728	280.8099976
729	281.019989
730	281
731	281
732	281.019989
733	281.0899963
734	280.9400024
735	281.1300049
736	281.1700134
737	281.1099854
738	280.8099976
739	280.6499939
740	280.5400085
741	280.4200134
742	280.5
743	280.5
744	280.5799866
745	280.480011
746	280.4200134
747	280.3099976
748	280.1900024
749	280.5
750	280.5
751	280.480011
752	280.5599976
753	280.519989
754	280.9599915
755	280.9599915
756	280.8999939
757	280.7900085
758	280.1700134
759	280
760	279.6000061
761	279.5400085
762	279.6000061
763	279.6199951
764	279.5799866
765	279.769989
766	279.9200134
767	280.0799866
768	279.8299866
769	279.5799866
770	279
771	278.769989
772	278.2399902
773	277.6199951
774	276.8800049
775	276.8800049
776	275.8800049
777	275.3999939
778	275.1900024
779	274.769989
780	274.5799866
781	274.6900024
782	274.6900024
783	274.7099915
784	274.6700134
785	274.6499939
786	274.769989
787	274.980011
788	275.3999939
789	275.3999939
790	276.0700073
791	276.5299988
792	276.7399902
793	277.0899963
794	277.0899963
795	277.0299988
796	277.0499878
797	277.2799988
798	277.4500122
799	277.7399902
800	277.9899902
801	278.0799866
802	278.2399902
803	278.2600098
804	278.4700012
805	278.5100098
806	278.3699951
807	278.2399902
808	278.3099976
809	278.2399902
810	278.2399902
811	278.2000122
812	278.2200012
813	278.2200012
814	278.2200012
815	278.0299988
816	277.8900146
817	278.0100098
818	278.1000061
819	278.2799988
820	278.5599976
821	278.5599976
822	278.7000122
823	278.6400146
824	278.6000061
825	278.4299927
826	278.6000061
827	278.7000122
828	278.8500061
829	278.9700012
830	278.769989
831	278.6600037
832	278.4100037
833	278.2600098
834	278.2000122
835	278.3299866
836	278.6199951
837	278.7900085
838	278.8500061
839	278.8900146
840	278.7399902
841	278.6000061
842	278.4700012
843	278.3900146
844	278.5400085
845	278.7399902
846	278.7399902
847	278.6600037
848	278.7900085
849	278.8699951
850	279.019989
851	279.019989
852	278.8900146
853	278.8900146
854	278.7200012
855	278.9500122
856	279.0599976
857	279.1600037
858	279.3099976
859	279.480011
860	279.480011
861	279.3500061
862	279.1199951
863	279.019989
864	278.8299866
865	278.7900085
866	278.6799927
867	278.769989
868	278.8500061
869	278.9299927
870	279.1000061
871	279.1400146
872	279.019989
873	279.019989
874	279.1400146
875	278.9700012
876	278.8500061
877	278.7000122
878	278.4100037
879	278.2200012
880	278.1000061
881	278.0799866
882	278.2399902
883	278.7200012
884	278.9100037
885	278.9100037
886	279.0599976
887	279.0400085
888	279.0799866
889	279.019989
890	279.230011
891	279.3299866
892	279.3299866
893	279.480011
894	279.5400085
895	279.5400085
896	279.5599976
897	279.480011
898	279.3500061
899	279.3099976
900	279
901	278.8900146
902	278.8699951
903	278.9299927
904	279.019989
905	279.0599976
906	278.9700012
907	278.8699951
908	278.8299866
909	278.7900085
910	278.8500061
911	278.8500061
912	278.8299866
913	278.8299866
914	278.7900085
915	278.6400146
916	278.6799927
917	278.769989
918	278.769989
919	278.9500122
920	278.9500122
921	279.0799866
922	279.230011
923	279
924	279
925	278.7399902
926	278.5599976
927	278.6000061
928	278.4899902
929	278.6199951
930	279
931	279
932	279.1600037
933	279.0400085
934	279.0400085
935	279
936	278.8900146
937	278.8099976
938	278.6400146
939	278.3500061
940	278.2799988
941	278.3699951
942	278.4100037
943	278.5599976
944	278.6600037
945	278.6600037
946	278.8299866
947	278.8299866
948	278.7200012
949	278.7200012
950	278.7900085
951	278.9299927
952	278.9700012
953	279.1400146
954	279.1400146
955	278.9299927
956	278.9299927
957	278.5799866
958	278.769989
959	278.9299927
960	279.019989
961	279.0799866
962	278.9700012
963	278.9700012
964	278.769989
965	278.6600037
966	278.6799927
967	278.6600037
968	278.7399902
969	278.9500122
970	278.9500122
971	279.1000061
972	278.9700012
973	278.9299927
974	278.8699951
975	279
976	279.0400085
977	279.0799866
978	279.519989
979	279.480011
980	279.1199951
981	278.769989
982	278.5799866
983	278.6000061
984	278.7900085
985	279.019989
986	279.0599976
987	279.2000122
988	279.3900146
989	279.3699951
990	279.3099976
991	279.2900085
992	279.0799866
993	279.2000122
994	279.25
995	279.25
996	279.2900085
997	279.3299866
998	279.3699951
999	279.269989
1000	279.2000122
1001	279.019989
1002	279.019989
1003	278.8099976
1004	278.8900146
1005	279
1006	279
1007	278.8500061
1008	278.7399902
1009	278.769989
1010	278.8299866
1011	278.7399902
1012	278.5100098
1013	278.4700012
1014	278.4700012
1015	278.5400085
1016	278.7000122
1017	279.019989
1018	279
1019	279.019989
1020	279.0400085
1021	278.9700012
1022	279
1023	279
1024	279
1025	279.3099976
1026	279.4599915
1027	279.4599915
1028	279.2000122
1029	279.1000061
1030	279.0400085
1031	279.019989
1032	279.2000122
1033	279.3299866
1034	279.3299866
1035	279.3699951
1036	279.3500061
1037	279.3299866
1038	279.480011
1039	279.4100037
1040	279.3299866
1041	279.3299866
1042	279.1199951
1043	278.9100037
1044	278.9299927
1045	279.0400085
1046	279.1000061
1047	279.0599976
1048	279.0400085
1049	278.9700012
1050	278.9500122
1051	278.7200012
1052	278.6799927
1053	278.6000061
1054	278.6400146
1055	278.6199951
1056	278.8699951
1057	279.0400085
1058	279.3299866
1059	279.4299927
1060	279.5
1061	279.6400146
1062	279.6600037
1063	280.0599976
1064	280.3299866
1065	280.480011
1066	280.480011
1067	280.7900085
1068	280.8399963
1069	280.8099976
1070	280.8099976
1071	280.769989
1072	280.7900085
1073	280.7900085
1074	281.1300049
1075	281.1499939
1076	281.0899963
1077	280.9400024
1078	280.6900024
1079	280.7099915
1080	280.6900024
1081	280.8399963
1082	280.8599854
1083	280.8599854
1084	280.8800049
1085	280.7900085
1086	280.769989
1087	280.769989
1088	281.019989
1089	281.0899963
1090	281.0700073
1091	281.1900024
1092	281.1900024
1093	281.1099854
1094	281.019989
1095	280.8599854
1096	280.8999939
1097	281.0400085
1098	280.9200134
1099	280.7099915
1100	280.6099854
1101	280.5
1102	280.3800049
1103	280.3099976
1104	280.5599976
1105	280.5599976
1106	280.7900085
1107	280.6900024
1108	280.5400085
1109	280.7099915
1110	281.0899963
1111	281.230011
1112	281.230011
1113	281.1700134
1114	281.019989
1115	281.0400085
1116	281.25
1117	281.1700134
1118	280.9599915
1119	280.8599854
1120	280.8099976
1121	280.75
1122	280.7099915
1123	280.7099915
1124	280.769989
1125	280.8800049
1126	280.7900085
1127	280.5
1128	280.5400085
1129	280.75
1130	280.9599915
1131	280.980011
1132	281.269989
1133	281.3599854
1134	281.25
1135	281.1900024
1136	281.0700073
1137	281.0700073
1138	280.9400024
1139	280.8099976
1140	280.7900085
1141	280.8800049
1142	280.9200134
1143	280.8999939
1144	280.8999939
1145	280.5400085
1146	280.3299866
1147	280.3500061
1148	280.8599854
1149	281.1700134
1150	281.2099915
1151	281.2099915
1152	281.4400024
1153	281.3999939
1154	281.230011
1155	281.0400085
1156	280.8800049
1157	280.7900085
1158	280.8099976
1159	280.7099915
1160	280.6700134
1161	280.769989
1162	280.6099854
1163	280.5
1164	280.269989
1165	280.3999939
1166	280.7099915
1167	280.75
1168	280.6099854
1169	280.5599976
1170	280.6499939
1171	280.8599854
1172	280.8599854
1173	280.9200134
1174	281.019989
1175	280.980011
1176	280.980011
1177	280.5400085
1178	280.5400085
1179	280.6300049
1180	280.7099915
1181	280.6300049
1182	280.480011
1183	280.480011
1184	280.7099915
1185	280.8599854
1186	280.8800049
1187	280.8099976
1188	280.9200134
1189	280.8800049
1190	280.8099976
1191	280.8399963
1192	280.8399963
1193	280.8599854
1194	280.769989
1195	280.6300049
1196	280.6300049
1197	280.6499939
1198	280.480011
1199	280.3999939
1200	280.1700134
1201	280.0799866
1202	280.019989
1203	280.269989
1204	280.3999939
1205	280.4599915
1206	280.6300049
1207	280.5400085
1208	280.5400085
1209	280.75
1210	280.7099915
1211	280.5799866
1212	280.3099976
1213	280.230011
1214	280.3299866
1215	280.3299866
1216	280.519989
1217	280.480011
1218	280.4400024
1219	280.4599915
1220	280.5
1221	280.480011
1222	280.480011
1223	280.1900024
1224	280.019989
1225	280.0599976
1226	280.0400085
1227	280.1199951
1228	280.1499939
1229	280.230011
1230	280.230011
1231	280.0599976
1232	279.7099915
1233	279.4599915
1234	279.4599915
1235	279.0799866
1236	278.9299927
1237	279.25
1238	279.4100037
1239	279.7900085
1240	279.8299866
1241	279.6900024
1242	279.3699951
1243	279.1799927
1244	278.6799927
1245	278.1799927
1246	277.5299988
1247	277.5299988
1248	276.4599915
1249	275.8599854
1250	275.5899963
1251	275.1499939
1252	274.8999939
1253	274.8500061
1254	274.8500061
1255	275.269989
1256	275.6099854
1257	275.7099915
1258	275.7999878
1259	275.8200073
1260	275.9400024
1261	276.1700134
1262	276.5899963
1263	276.7600098
1264	276.8399963
1265	276.9700012
1266	277.2000122
1267	277.3200073
1268	277.4100037
1269	277.6400146
1270	277.7000122
1271	277.7000122
1272	277.6600037
1273	277.6199951
1274	277.7600098
1275	277.7399902
1276	277.8900146
1277	278.1799927
1278	278.3099976
1279	278.3099976
1280	278.5100098
1281	278.6600037
1282	278.7900085
1283	279.0400085
1284	279.0400085
1285	278.8699951
1286	278.8699951
1287	278.6000061
1288	278.3099976
1289	278.2200012
1290	278.3099976
1291	278.3699951
1292	278.4500122
1293	278.4500122
1294	278.3500061
1295	278.1600037
1296	278.1400146
1297	278.3299866
1298	278.5599976
1299	278.6799927
1300	278.8299866
1301	278.8699951
1302	278.9299927
1303	278.8699951
1304	278.6000061
1305	278.5400085
1306	278.5599976
1307	278.6600037
1308	278.8500061
1309	278.7399902
1310	278.8099976
1311	278.7900085
1312	278.8500061
1313	278.8699951
1314	278.9500122
1315	278.8900146
1316	278.8699951
1317	278.9500122
1318	278.9500122
1319	278.7900085
1320	278.6199951
1321	278.5100098
1322	278.3099976
1323	278.3500061
1324	278.4299927
1325	278.4299927
1326	278.6000061
1327	278.9100037
1328	279
1329	279.1400146
1330	279.2000122
1331	279.0599976
1332	279.0599976
1333	278.8299866
1334	278.6799927
1335	278.5100098
1336	278.4500122
1337	278.5100098
1338	278.4299927
1339	278.3299866
1340	278.1000061
1341	278.0100098
1342	277.9100037
1343	277.8900146
1344	277.9700012
1345	278.0499878
1346	277.9700012
1347	278.0100098
1348	278.2600098
1349	278.5599976
1350	278.7399902
1351	278.7900085
1352	278.7200012
1353	278.769989
1354	278.6199951
1355	278.4500122
1356	278.3699951
1357	278.3699951
1358	278.4500122
1359	278.6400146
1360	278.6799927
1361	278.6199951
1362	278.6400146
1363	278.7200012
1364	278.7200012
1365	278.8299866
1366	278.8500061
1367	278.7900085
1368	278.6199951
1369	278.7399902
1370	278.8699951
1371	278.9299927
1372	278.9100037
1373	278.8500061
1374	278.5400085
1375	278.5400085
1376	278.7000122
1377	278.7399902
1378	278.6600037
1379	278.4500122
1380	278.5599976
1381	278.8699951
1382	279.0400085
1383	279.0599976
1384	279.1199951
1385	279.0599976
1386	279.019989
1387	278.9500122
1388	278.8099976
1389	278.8099976
1390	278.4500122
1391	278.6000061
1392	278.6199951
1393	278.6199951
1394	278.5799866
1395	278.7200012
1396	278.7200012
1397	278.8900146
1398	278.7900085
1399	278.769989
1400	278.7200012
1401	278.7399902
1402	278.7000122
1403	278.7000122
1404	278.8299866
1405	278.9500122
1406	278.9700012
1407	279.0400085
1408	279.230011
1409	279.3699951
1410	279.480011
1411	279.5799866
1412	279.519989
1413	279.480011
1414	279.4599915
1415	279.480011
1416	279.5
1417	279.4299927
1418	279.3099976
1419	279.230011
1420	279.0599976
1421	279.1600037
1422	279.0799866
1423	279.1199951
1424	279.269989
1425	279.3500061
1426	279.4100037
1427	279.5599976
1428	279.4299927
1429	279.4299927
1430	279.2900085
1431	279.0599976
1432	279.0799866
1433	279.0599976
1434	279.0599976
1435	279.0599976
1436	279.0599976
1437	279.1000061
1438	279.019989
1439	279
1440	279.1000061
1441	279.3299866
1442	279.3500061
1443	279.4100037
1444	279.3099976
1445	279.25
1446	279.1199951
1447	279
1448	279.019989
1449	279.230011
1450	279.3299866
1451	279.4299927
1452	279.2000122
1453	278.9299927
1454	278.6600037
1455	278.6400146
1456	278.6199951
1457	278.6000061
1458	278.6600037
1459	278.8500061
1460	278.8299866
1461	278.8299866
1462	279
1463	279.1199951
1464	279.25
1465	279.4100037
1466	279.4599915
1467	279.4599915
1468	279.4599915
1469	279.2000122
1470	279.0599976
1471	279.0799866
1472	279.0599976
1473	279.0799866
1474	279.1600037
1475	279.269989
1476	279.5400085
1477	279.5400085
1478	279.5
1479	279.5400085
1480	279.519989
1481	279.480011
1482	279.4299927
1483	279.3699951
1484	279.3500061
1485	279.25
1486	279.3299866
1487	279.3900146
1488	279.3699951
1489	279.230011
1490	279.0400085
1491	278.9100037
1492	279
1493	279
1494	278.9500122
1495	279.019989
1496	279.1199951
1497	279.25
1498	279.25
1499	279.230011
1500	279.230011
1501	279.1199951
1502	279.019989
1503	279.0400085
1504	279.0400085
1505	279.0599976
1506	278.8900146
1507	278.8900146
1508	278.8299866
1509	279.0799866
1510	279.230011
1511	279.25
1512	279.1400146
1513	279.0400085
1514	279
1515	279.0799866
1516	279.1400146
1517	279.2000122
1518	279.3900146
1519	279.480011
1520	279.480011
1521	279.3900146
1522	279.5
1523	279.6000061
1524	279.6000061
1525	279.5
1526	279.4100037
1527	279.2900085
1528	279.3299866
1529	279.019989
1530	278.8699951
1531	278.9500122
1532	278.9500122
1533	279.1600037
1534	279.4100037
1535	279.4599915
1536	279.4100037
1537	279.3500061
1538	279.2000122
1539	279.2000122
1540	279.4599915
1541	279.7099915
1542	279.769989
1543	279.980011
1544	279.980011
1545	280.0799866
1546	280.2099915
1547	280.25
1548	280.3299866
1549	280.4200134
1550	280.5
1551	280.8099976
1552	280.9200134
1553	280.8800049
1554	280.9599915
1555	280.980011
1556	280.9400024
1557	280.6700134
1558	280.6099854
1559	280.5599976
1560	280.6700134
1561	280.6900024
1562	280.6099854
1563	280.5599976
1564	280.5599976
1565	280.6099854
1566	280.5
1567	280.5400085
1568	280.6499939
1569	280.6900024
1570	280.6900024
1571	280.6900024
1572	280.9400024
1573	280.980011
1574	280.9200134
1575	280.8099976
1576	280.7099915
1577	280.6900024
1578	280.6900024
1579	280.8999939
1580	280.9200134
1581	280.9400024
1582	280.9400024
1583	280.8599854
1584	280.8099976
1585	280.8099976
1586	280.519989
1587	280.5
1588	280.480011
1589	280.730011
1590	280.8999939
1591	281.1499939
1592	281.2099915
1593	281.3200073
1594	281.3800049
1595	281.2099915
1596	280.8599854
1597	280.6499939
1598	280.4200134
1599	280.3500061
1600	280.3299866
1601	280.3299866
1602	280.269989
1603	280.269989
1604	280.6900024
1605	280.6499939
1606	280.5799866
1607	280.480011
1608	280.4599915
1609	280.6499939
1610	280.6499939
1611	280.5799866
1612	280.4400024
1613	280.3999939
1614	280.3099976
1615	280.3800049
1616	280.480011
1617	280.4599915
1618	280.3099976
1619	280.2900085
1620	280.3800049
1621	280.5
1622	280.6499939
1623	280.7099915
1624	280.6499939
1625	280.2900085
1626	280.230011
1627	279.980011
1628	280.1199951
1629	280.25
1630	280.5599976
1631	280.5599976
1632	280.3099976
1633	280.3099976
1634	280.3500061
1635	280.3500061
1636	280.2900085
1637	280.1700134
1638	280.1000061
1639	280.1000061
1640	280.2099915
1641	280.3299866
1642	280.3299866
1643	280.4599915
1644	280.2900085
1645	280.25
1646	280.230011
1647	280.25
1648	280.2900085
1649	280.2900085
1650	280.3500061
1651	280.5799866
1652	280.6300049
1653	280.3800049
1654	280.269989
1655	280.25
1656	280.269989
1657	280.2900085
1658	280.2099915
1659	280.1199951
1660	280.0400085
1661	279.9200134
1662	280.0599976
1663	280.0799866
1664	280.3500061
1665	280.4599915
1666	280.5400085
1667	280.3800049
1668	280.3299866
1669	280.480011
1670	280.3999939
1671	280.4599915
1672	280.480011
1673	280.4200134
1674	280.4200134
1675	280.0599976
1676	280.1000061
1677	280.2900085
1678	280.3299866
1679	280.25
1680	279.980011
1681	279.980011
1682	280.0599976
1683	280.1700134
1684	280.230011
1685	280.25
1686	280.1900024
1687	280.230011
1688	280.230011
1689	280.6499939
1690	280.4599915
1691	280.3500061
1692	280.4400024
1693	280.4200134
1694	280.5
1695	280.6099854
1696	280.769989
1697	280.730011
1698	280.5599976
1699	280.519989
1700	280.5400085
1701	280.5799866
1702	280.6099854
1703	280.6499939
1704	280.5
1705	280.3099976
1706	280.0599976
1707	279.8099976
1708	279.3699951
1709	279.2900085
1710	279.1000061
1711	279.0799866
1712	279.3500061
1713	279.3500061
1714	279.5799866
1715	279.4299927
1716	279.3500061
1717	279.1600037
1718	278.9500122
1719	278.5599976
1720	278.5599976
1721	277.7200012
1722	277.0299988
1723	276.6300049
1724	275.8999939
1725	275.4400024
1726	275.2099915
1727	274.9599915
1728	274.3900146
1729	274.3699951
1730	274.2099915
1731	274.019989
1732	274
1733	274.1199951
1734	274.269989
1735	274.6900024
1736	274.7900085
1737	274.980011
1738	275.2099915
1739	275.4400024
1740	275.7099915
1741	275.8999939
1742	276.1700134
1743	276.3599854
1744	276.5899963
1745	276.5899963
1746	276.8599854
1747	277.0499878
1748	277.1099854
1749	277.0899963
1750	277.2000122
1751	277.1099854
1752	277.1099854
1753	276.8999939
1754	277.0499878
1755	277.0899963
1756	277.2000122
1757	277.3399963
1758	277.3900146
1759	277.3900146
1760	277.1499939
1761	277.0499878
1762	277.2399902
1763	277.3200073
1764	277.2999878
1765	277.2200012
1766	277.2000122
1767	277.4500122
1768	277.5299988
1769	277.6400146
1770	277.6600037
1771	277.6600037
1772	277.6400146
1773	277.6400146
1774	278.0499878
1775	278.1400146
1776	278.3099976
1777	278.3699951
1778	278.3099976
1779	278.1799927
1780	278.1000061
1781	277.8500061
1782	277.8500061
1783	277.7999878
1784	277.7999878
1785	277.9299927
1786	278.0299988
1787	278.1000061
1788	278.1199951
1789	278.1600037
1790	278.2000122
1791	278.2000122
1792	277.9899902
1793	278.0799866
1794	278.1799927
1795	278.1400146
1796	277.8699951
1797	277.7399902
1798	277.7000122
1799	278.1000061
1800	278.1799927
1801	278.2000122
1802	278.1400146
1803	278.1799927
1804	278.1199951
1805	278.0499878
1806	277.9100037
1807	277.8900146
1808	277.7999878
1809	277.7999878
1810	277.8200073
1811	277.9299927
1812	277.9500122
1813	277.9899902
1814	278.3299866
1815	278.4899902
1816	278.4899902
1817	278.3900146
1818	278.2200012
1819	278.2200012
1820	278.2399902
1821	278.0799866
1822	278.1000061
1823	278.1000061
1824	278.1000061
1825	277.9700012
1826	277.9100037
1827	277.6799927
1828	277.7799988
1829	277.8200073
1830	277.8200073
1831	277.7399902
1832	277.9299927
1833	277.9700012
1834	278.0499878
1835	278.1000061
1836	278.0499878
1837	277.9700012
1838	277.9100037
1839	277.9100037
1840	277.7999878
1841	277.9299927
1842	277.9899902
1843	277.8900146
1844	278.0100098
1845	278.1799927
1846	278.1799927
1847	277.9299927
1848	277.7399902
1849	277.7600098
1850	277.6600037
1851	277.6400146
1852	277.7399902
1853	277.8699951
1854	277.8900146
1855	277.8900146
1856	277.9500122
1857	277.6799927
1858	277.5700073
1859	277.4500122
1860	277.6400146
1861	277.8900146
1862	277.8900146
1863	278.0100098
1864	277.8900146
1865	277.9100037
1866	277.8699951
1867	278.0799866
1868	278.0799866
1869	278.1400146
1870	277.9700012
1871	277.7799988
1872	277.7799988
1873	277.9100037
1874	277.9899902
1875	278.0299988
1876	277.9700012
1877	277.8699951
1878	277.7999878
1879	277.7999878
1880	277.7799988
1881	277.8699951
1882	277.9500122
1883	277.9500122
1884	277.9700012
1885	277.9899902
1886	278.1400146
1887	278.2000122
1888	278.2200012
1889	278.1199951
1890	277.9899902
1891	277.8200073
1892	277.9100037
1893	277.8500061
1894	277.8500061
1895	277.7999878
1896	277.9299927
1897	277.9700012
1898	278.1400146
1899	278.0299988
1900	278.0100098
1901	278.0100098
1902	278.1400146
1903	278.2000122
1904	278.2000122
1905	278.2200012
1906	278.3900146
1907	278.4299927
1908	278.4899902
1909	278.7000122
1910	278.8299866
1911	278.769989
1912	278.6000061
1913	278.5100098
1914	278.3900146
1915	278.4500122
1916	278.3699951
1917	278.3099976
1918	278.2399902
1919	278.1199951
1920	278.1199951
1921	277.9700012
1922	277.9500122
1923	277.9700012
1924	277.9700012
1925	277.9700012
1926	277.9700012
1927	278.1000061
1928	278.1400146
1929	278.1400146
1930	278.2600098
1931	278.1799927
1932	278.2600098
1933	278.2600098
1934	278.3299866
1935	278.1799927
1936	278.1400146
1937	278.1799927
1938	278.1799927
1939	278.5599976
1940	278.5599976
1941	278.7900085
1942	278.6199951
1943	278.6199951
1944	278.5599976
1945	278.5599976
1946	278.5799866
1947	278.7200012
1948	278.8699951
1949	278.8699951
1950	278.7399902
1951	278.4299927
1952	278.3699951
1953	277.9500122
1954	277.8900146
1955	278.0299988
1956	278.1799927
1957	278.3699951
1958	278.3699951
1959	278.3500061
1960	278.4500122
1961	278.5799866
1962	278.5799866
1963	278.6799927
1964	278.7200012
1965	278.7200012
1966	278.4700012
1967	278.5599976
1968	278.5599976
1969	278.3900146
1970	278.2200012
1971	278.1600037
1972	278.1600037
1973	278.2000122
1974	278.2000122
1975	278.1600037
1976	277.9899902
1977	277.8699951
1978	277.7999878
1979	277.8500061
1980	277.9700012
1981	277.9899902
1982	277.9100037
1983	277.9500122
1984	278.0100098
1985	277.8900146
1986	277.8900146
1987	278.1199951
1988	278.1400146
1989	278.2000122
1990	278.2399902
1991	278.1400146
1992	278.1199951
1993	278.0499878
1994	277.9500122
1995	277.7799988
1996	277.7799988
1997	277.7799988
1998	277.7799988
1999	277.8900146
2000	277.9100037
2001	278.1000061
2002	278.2200012
2003	278.3900146
2004	278.3900146
2005	278.5599976
2006	278.7000122
2007	278.769989
2008	278.8900146
2009	279.25
2010	279.3500061
2011	279.3500061
2012	279.1799927
2013	279.3299866
2014	279.5799866
2015	279.8099976
2016	280.019989
2017	279.980011
2018	279.980011
2019	279.8900146
2020	279.8900146
2021	280
2022	280.2900085
2023	280.5799866
2024	280.6300049
2025	280.5799866
2026	280.4599915
2027	280.3299866
2028	280.2099915
2029	280.4400024
2030	280.4200134
2031	280.6099854
2032	280.6499939
2033	280.8999939
2034	280.7900085
2035	280.6499939
2036	280.6499939
2037	280.519989
2038	280.480011
2039	280.4200134
2040	280.480011
2041	280.6300049
2042	280.5400085
2043	280.5400085
2044	280.519989
2045	280.6099854
2046	280.5400085
2047	280.2900085
2048	280.0599976
2049	279.9599915
2050	279.8500061
2051	279.9200134
2052	279.9400024
2053	279.8299866
2054	279.6000061
2055	279.519989
2056	279.6199951
2057	279.6199951
2058	279.75
2059	279.8299866
2060	279.980011
2061	280.0400085
2062	280.1199951
2063	279.9200134
2064	279.8299866
2065	279.8299866
2066	279.980011
2067	279.8699951
2068	279.8699951
2069	279.5
2070	279.6400146
2071	279.8299866
2072	279.8500061
2073	279.75
2074	279.6600037
2075	279.6600037
2076	279.480011
2077	279.4599915
2078	279.5
2079	279.5
2080	279.6900024
2081	279.8900146
2082	279.8900146
2083	280.0400085
2084	280.0799866
2085	280.2099915
2086	280.1700134
2087	279.980011
2088	279.9200134
2089	279.9599915
2090	280.019989
2091	279.9200134
2092	279.8699951
2093	280.0799866
2094	280.25
2095	280.3999939
2096	280.4200134
2097	280.3299866
2098	280.3800049
2099	280.1700134
2100	280.25
2101	280.25
2102	280.2099915
2103	280.1000061
2104	279.9599915
2105	280.1000061
2106	280.2099915
2107	280.2099915
2108	280.1499939
2109	280.2900085
2110	280.3999939
2111	280.3299866
2112	279.980011
2113	279.6900024
2114	279.6900024
2115	279.769989
2116	279.980011
2117	280.0599976
2118	280.2099915
2119	280.1499939
2120	280.1900024
2121	280.269989
2122	280.1199951
2123	279.8900146
2124	280
2125	280.1000061
2126	280.1900024
2127	280.269989
2128	280.4200134
2129	280.6499939
2130	280.769989
2131	280.8800049
2132	280.6300049
2133	280.5599976
2134	280.3299866
2135	280.2099915
2136	280.1900024
2137	280.2099915
2138	280.1000061
2139	279.9599915
2140	279.9400024
2141	279.9599915
2142	280
2143	280.1000061
2144	280.1000061
2145	280.1499939
2146	280.1499939
2147	279.9599915
2148	279.8900146
2149	279.8099976
2150	279.730011
2151	279.9400024
2152	280
2153	280
2154	280.3999939
2155	280.3500061
2156	280.3500061
2157	280.3299866
2158	280.25
2159	280.25
2160	280.1199951
2161	280
2162	280
2163	279.9599915
2164	280
2165	280.0599976
2166	280.25
2167	280.3099976
2168	280.269989
2169	280.1499939
2170	280.0400085
2171	279.8900146
2172	279.9200134
2173	279.9599915
2174	280.0400085
2175	280.1499939
2176	280.269989
2177	280.019989
2178	280.019989
2179	279.7099915
2180	279.4599915
2181	279.3299866
2182	279.0599976
2183	279
2184	279.1600037
2185	279.1600037
2186	279.3500061
2187	279.480011
2188	279.519989
2189	279.4100037
2190	279.269989
2191	279.230011
2192	279.0400085
2193	278.3699951
2194	277.6799927
2195	277.3200073
2196	276.5499878
2197	275.769989
2198	275.4200134
2199	275.1700134
2200	274.5799866
2201	274.480011
2202	274.3699951
2203	274.2900085
2204	274.2900085
2205	274.2099915
2206	274.1900024
2207	274.5599976
2208	274.9200134
2209	275.3399963
2210	275.5700073
2211	275.6300049
2212	275.7999878
2213	275.7999878
2214	275.7999878
2215	276.0299988
2216	276.3800049
2217	276.3800049
2218	276.4899902
2219	276.1900024
2220	276.1300049
2221	275.980011
2222	276.2099915
2223	276.6700134
2224	276.6700134
2225	277.1300049
2226	277.1099854
2227	277.0499878
2228	277.1099854
2229	277.2999878
2230	277.5299988
2231	277.7000122
2232	277.9700012
2233	277.9700012
2234	277.9899902
2235	277.9899902
2236	277.8900146
2237	277.9500122
2238	277.9500122
2239	277.8699951
2240	277.7999878
2241	277.7000122
2242	277.6799927
2243	277.6400146
2244	277.7200012
2245	277.6799927
2246	277.6799927
2247	277.8500061
2248	278.2799988
2249	278.2799988
2250	278.6799927
2251	278.7900085
2252	278.7399902
2253	278.5799866
2254	278.3900146
2255	278.2799988
2256	278.2799988
2257	278.1000061
2258	277.9700012
2259	277.8900146
2260	277.9299927
2261	278.0100098
2262	278.0799866
2263	278.0799866
2264	277.8900146
2265	277.6400146
2266	277.5700073
2267	277.6600037
2268	277.6799927
2269	277.6400146
2270	277.6199951
2271	277.7200012
2272	277.7799988
2273	277.8900146
2274	277.8699951
2275	277.8900146
2276	278.1199951
2277	278.2200012
2278	278.3699951
2279	278.3099976
2280	278.1199951
2281	277.9500122
2282	277.9100037
2283	277.9700012
2284	278.0100098
2285	278.0100098
2286	278.1799927
2287	278.4299927
2288	278.4299927
2289	278.3699951
2290	278.3299866
2291	278.4299927
2292	278.5100098
2293	278.6000061
2294	278.4899902
2295	278.4899902
2296	278.4700012
2297	278.6199951
2298	278.7000122
2299	278.8500061
2300	278.8699951
2301	278.7399902
2302	278.7200012
2303	278.8900146
2304	278.8699951
2305	278.6600037
2306	278.5599976
2307	278.4700012
2308	278.4299927
2309	278.3699951
2310	277.9700012
2311	277.8500061
2312	278.0499878
2313	278.2000122
2314	278.2200012
2315	278.2399902
2316	278.2000122
2317	278.4299927
2318	278.5400085
2319	278.6000061
2320	278.6000061
2321	278.7399902
2322	278.6799927
2323	278.6600037
2324	278.5599976
2325	278.6199951
2326	278.5799866
2327	278.5799866
2328	278.4100037
2329	278.2399902
2330	278.2000122
2331	278.1600037
2332	278.0799866
2333	278.1400146
2334	278.1400146
2335	278.3099976
2336	278.3699951
2337	278.3699951
2338	278.3900146
2339	278.4500122
2340	278.5100098
2341	278.5400085
2342	278.3699951
2343	278.4299927
2344	278.5599976
2345	278.6000061
2346	278.6000061
2347	278.5100098
2348	278.4700012
2349	278.5100098
2350	278.5100098
2351	278.5100098
2352	278.4500122
2353	278.4299927
2354	278.4100037
2355	278.3299866
2356	278.2799988
2357	278.1400146
2358	278.1000061
2359	278.1000061
2360	278.1400146
2361	278.2000122
2362	278.2000122
2363	278.3900146
2364	278.4299927
2365	278.5100098
2366	278.5100098
2367	278.4899902
2368	278.4100037
2369	278.5100098
2370	278.4500122
2371	278.6000061
2372	278.6400146
2373	278.6600037
2374	278.8099976
2375	278.769989
2376	278.6799927
2377	278.6000061
2378	278.4100037
2379	278.3099976
2380	278.2000122
2381	278.1799927
2382	278.2200012
2383	278.4500122
2384	278.5599976
2385	278.6000061
2386	278.5400085
2387	278.4500122
2388	278.4299927
2389	278.3099976
2390	278.2200012
2391	278.2200012
2392	278.3099976
2393	278.3099976
2394	278.3500061
2395	278.4899902
2396	278.6000061
2397	278.7000122
2398	278.7000122
2399	278.6000061
2400	278.3900146
2401	278.3099976
2402	278.3699951
2403	278.4500122
2404	278.2600098
2405	278.2600098
2406	278.2200012
2407	278.4299927
2408	278.5100098
2409	278.6000061
2410	278.6000061
2411	278.6400146
2412	278.6799927
2413	278.6400146
2414	278.6400146
2415	278.6400146
2416	278.6199951
2417	278.5799866
2418	278.4899902
2419	278.4500122
2420	278.3500061
2421	278.3299866
2422	278.2000122
2423	278.0799866
2424	278.1199951
2425	278.2000122
2426	278.2000122
2427	278.1199951
2428	277.9299927
2429	277.9500122
2430	277.9500122
2431	278.4899902
2432	278.4700012
2433	278.6000061
2434	278.5100098
2435	278.4700012
2436	278.3099976
2437	278.3099976
2438	278.4100037
2439	278.4899902
2440	278.4700012
2441	278.4500122
2442	278.3900146
2443	278.4299927
2444	278.5599976
2445	278.4899902
2446	278.7000122
2447	278.8099976
2448	278.8299866
2449	278.6600037
2450	278.6000061
2451	278.6000061
2452	278.3500061
2453	278.2600098
2454	278.3099976
2455	278.6000061
2456	278.7000122
2457	278.8500061
2458	278.7900085
2459	278.6199951
2460	278.3699951
2461	278.2200012
2462	278.0799866
2463	278.1600037
2464	278.2200012
2465	278.3500061
2466	278.4500122
2467	278.5400085
2468	278.4100037
2469	278.4100037
2470	278.2600098
2471	278.2200012
2472	278.3299866
2473	278.4899902
2474	278.4899902
2475	278.6600037
2476	278.6600037
2477	278.8500061
2478	279.0799866
2479	279.25
2480	279.3500061
2481	279.3299866
2482	279.1600037
2483	279.1000061
2484	278.8900146
2485	278.8500061
2486	278.9100037
2487	279.3299866
2488	279.7099915
2489	279.730011
2490	279.6900024
2491	279.6400146
2492	279.6600037
2493	279.7900085
2494	279.980011
2495	279.980011
2496	280.0799866
2497	280.0599976
2498	279.9400024
2499	279.8299866
2500	279.980011
2501	279.980011
2502	279.9200134
2503	279.75
2504	279.7099915
2505	279.6900024
2506	279.7099915
2507	280.0400085
2508	280.0400085
2509	280.1900024
2510	280.0400085
2511	280.0400085
2512	280.1900024
2513	280.5
2514	280.4400024
2515	280.4400024
2516	280.0599976
2517	279.8900146
2518	279.8099976
2519	279.6400146
2520	279.5799866
2521	279.519989
2522	279.5799866
2523	279.5799866
2524	279.730011
2525	279.9200134
2526	279.980011
2527	280.019989
2528	280.0599976
2529	280.0599976
2530	280
2531	279.7900085
2532	279.6000061
2533	279.480011
2534	279.519989
2535	279.6400146
2536	279.75
2537	279.980011
2538	280
2539	279.9599915
2540	279.9599915
2541	279.980011
2542	279.8699951
2543	279.8699951
2544	280
2545	280.1000061
2546	280.1199951
2547	280.1199951
2548	280.0400085
2549	280.0599976
2550	280
2551	279.6600037
2552	279.480011
2553	279.4100037
2554	279.2900085
2555	279.519989
2556	279.6400146
2557	279.7900085
2558	280
2559	279.9400024
2560	279.8900146
2561	279.8699951
2562	280.2099915
2563	280.2900085
2564	280.25
2565	280.230011
2566	280.1700134
2567	280.0799866
2568	279.9599915
2569	280.0400085
2570	280.230011
2571	280.3099976
2572	280.3099976
2573	280.1000061
2574	280.019989
2575	280.1000061
2576	280.0599976
2577	279.9200134
2578	279.8699951
2579	279.8699951
2580	279.8500061
2581	279.980011
2582	280.0799866
2583	280.3099976
2584	280.5400085
2585	280.4599915
2586	280.4599915
2587	279.9599915
2588	279.6600037
2589	279.730011
2590	279.8500061
2591	280.0599976
2592	280.1199951
2593	280.230011
2594	280.1199951
2595	280
2596	279.9200134
2597	279.8099976
2598	279.7900085
2599	279.8099976
2600	279.8699951
2601	279.8699951
2602	279.8699951
2603	279.9599915
2604	280.480011
2605	280.7099915
2606	280.6499939
2607	280.5799866
2608	280.480011
2609	280.4200134
2610	280.3500061
2611	280.3500061
2612	280.4400024
2613	280.3500061
2614	280.1700134
2615	280.25
2616	280.3500061
2617	280.230011
2618	280.230011
2619	279.980011
2620	280.0400085
2621	280.1499939
2622	280.1900024
2623	280.1000061
2624	280.1700134
2625	280.269989
2626	280.230011
2627	280.1499939
2628	280.1499939
2629	280
2630	280.1499939
2631	280.25
2632	280.2099915
2633	280.1199951
2634	279.9200134
2635	279.730011
2636	279.6600037
2637	279.7099915
2638	279.769989
2639	279.75
2640	279.9200134
2641	279.9599915
2642	279.8099976
2643	279.8099976
2644	280.1000061
2645	280.2099915
2646	280.25
2647	280.1900024
2648	280.2099915
2649	280.1900024
2650	280.1900024
2651	280.1900024
2652	279.980011
2653	279.8500061
2654	279.4599915
2655	279.0599976
2656	278.7200012
2657	278.7200012
2658	278.8099976
2659	279
2660	279.0799866
2661	279.4100037
2662	279.4599915
2663	279.3699951
2664	279.1400146
2665	278.7200012
2666	278.5599976
2667	277.9500122
2668	277.3599854
2669	277.0499878
2670	276.3399963
2671	276
2672	274.9200134
2673	274.5599976
2674	274.1000061
2675	273.7000122
2676	273.6600037
2677	273.7900085
2678	273.8500061
2679	274.0400085
2680	274.230011
2681	274.4400024
2682	274.4400024
2683	275.0400085
2684	275.3599854
2685	275.480011
2686	275.8599854
2687	276.2099915
2688	276.3599854
2689	276.3599854
2690	276.4599915
2691	276.5299988
2692	276.6099854
2693	276.6499939
2694	276.6900024
2695	276.7200012
2696	276.7399902
2697	276.8200073
2698	276.9200134
2699	276.9700012
2700	277.0700073
2701	277.2000122
2702	277.2200012
2703	277.3399963
2704	277.5100098
2705	277.4700012
2706	277.5299988
2707	277.6799927
2708	277.8200073
2709	277.8500061
2710	277.8200073
2711	277.9500122
2712	278.0299988
2713	278.0499878
2714	277.9700012
2715	277.9299927
2716	277.8900146
2717	277.8900146
2718	277.8699951
2719	277.9100037
2720	277.7999878
2721	277.7999878
2722	277.8699951
2723	277.9100037
2724	277.9500122
2725	277.8699951
2726	277.9299927
2727	278.1799927
2728	278.1799927
2729	278.1400146
2730	277.8699951
2731	277.7399902
2732	277.8500061
2733	277.9899902
2734	278.0499878
2735	278.1000061
2736	277.9500122
2737	277.8500061
2738	277.9700012
2739	277.9700012
2740	277.9500122
2741	277.7399902
2742	277.6199951
2743	277.5100098
2744	277.7999878
2745	278.0100098
2746	278.1199951
2747	278.2200012
2748	278.1600037
2749	278.0499878
2750	278.0100098
2751	278.1799927
2752	278.2799988
2753	278.2799988
2754	278.0299988
2755	278.0299988
2756	277.9899902
2757	278.1000061
2758	278.0100098
2759	277.9700012
2760	277.9700012
2761	277.9899902
2762	278.1199951
2763	278.1600037
2764	278.2200012
2765	278.1600037
2766	278.1799927
2767	278.3099976
2768	278.2799988
2769	278.2799988
2770	278.2200012
2771	278.1400146
2772	278.0100098
2773	277.9700012
2774	277.9700012
2775	278.0799866
2776	278.1400146
2777	277.9500122
2778	277.6799927
2779	277.5899963
2780	277.3399963
2781	277.3200073
2782	277.2399902
2783	277.1499939
2784	276.9899902
2785	276.8399963
2786	276.8399963
2787	277.1799927
2788	277.2799988
2789	277.6799927
2790	277.9500122
2791	278.0299988
2792	278.0299988
2793	278.0100098
2794	277.9500122
2795	277.9899902
2796	277.9500122
2797	277.8200073
2798	277.7200012
2799	277.7200012
2800	277.8699951
2801	277.8699951
2802	277.8900146
2803	277.7399902
2804	277.6199951
2805	277.5499878
2806	277.6199951
2807	277.6199951
2808	278.0299988
2809	279.5
2810	279.8900146
2811	279.8099976
2812	279.5599976
2813	279.2900085
2814	279.0400085
2815	279.0799866
2816	279.019989
2817	278.769989
2818	278.6199951
2819	278.1600037
2820	277.9299927
2821	277.5899963
2822	277.2200012
2823	277.2000122
2824	277.2000122
2825	277.4500122
2826	277.5299988
2827	277.6199951
2828	277.7600098
2829	277.8200073
2830	278.0299988
2831	278.0299988
2832	278.2200012
2833	278.5400085
2834	278.7000122
2835	278.769989
2836	278.6199951
2837	278.4500122
2838	278.4500122
2839	278.5100098
2840	278.6199951
2841	278.7200012
2842	278.8299866
2843	278.8699951
2844	278.9100037
2845	278.9700012
2846	278.8500061
2847	278.8299866
2848	278.6600037
2849	278.3699951
2850	278.3099976
2851	278.1400146
2852	278.0799866
2853	278.0100098
2854	277.9899902
2855	278.1400146
2856	278.4500122
2857	278.5400085
2858	278.8500061
2859	278.8900146
2860	279.019989
2861	278.8299866
2862	278.8099976
2863	278.8099976
2864	279.019989
2865	278.8500061
2866	278.8099976
2867	278.3099976
2868	278.0499878
2869	277.7799988
2870	277.7799988
2871	277.8500061
2872	277.9100037
2873	277.7999878
2874	277.7600098
2875	277.5499878
2876	277.5100098
2877	277.3900146
2878	277.5100098
2879	277.7200012
2880	278.1799927
2881	278.3500061
2882	278.4899902
2883	278.6000061
2884	278.6799927
2885	278.6400146
2886	278.6000061
2887	278.4899902
2888	278.3900146
2889	278.1600037
2890	277.9100037
2891	277.8500061
2892	277.6799927
2893	277.7600098
2894	277.7999878
2895	277.7999878
2896	277.6199951
2897	277.3900146
2898	277.2399902
2899	277.1499939
2900	277.1300049
2901	277.3200073
2902	277.3200073
2903	277.6199951
2904	277.8200073
2905	277.8500061
2906	277.7399902
2907	277.7999878
2908	277.9299927
2909	277.9299927
2910	277.9500122
2911	277.9100037
2912	277.8900146
2913	277.9899902
2914	278.1400146
2915	278.2399902
2916	278.3699951
2917	278.2000122
2918	278.3299866
2919	278.4500122
2920	278.5799866
2921	278.6600037
2922	278.5599976
2923	278.3699951
2924	277.9299927
2925	277.7600098
2926	277.7799988
2927	277.9299927
2928	278.1199951
2929	278.3500061
2930	278.3699951
2931	278.1000061
2932	277.9500122
2933	278.0799866
2934	278.0799866
2935	278.3500061
2936	278.3099976
2937	278.2200012
2938	278.1799927
2939	278.2600098
2940	278.4299927
2941	278.4299927
2942	278.3299866
2943	278.3500061
2944	278.3500061
2945	278.4899902
2946	278.6600037
2947	278.6600037
2948	278.6400146
2949	278.6199951
2950	278.8099976
2951	278.8900146
2952	279
2953	279
2954	279
2955	278.9299927
2956	278.4500122
2957	278.5100098
2958	278.5799866
2959	278.6600037
2960	278.7399902
2961	278.9100037
2962	279
2963	279.269989
2964	279.3900146
2965	279.6900024
2966	279.6900024
2967	279.9200134
2968	279.7900085
2969	279.7900085
2970	280.019989
2971	280.2900085
2972	280.2900085
2973	280.2900085
2974	280.0799866
2975	280.019989
2976	280
2977	279.9400024
2978	279.9599915
2979	279.8500061
2980	279.8500061
2981	279.480011
2982	279.5599976
2983	279.6000061
2984	279.6400146
2985	279.6900024
2986	279.6600037
2987	279.6900024
2988	279.6900024
2989	279.730011
2990	279.5599976
2991	279.3500061
2992	279.3299866
2993	279.3500061
2994	279.3500061
2995	279.6600037
2996	279.7099915
2997	279.3900146
2998	279.1600037
2999	279.25
3000	279.1400146
3001	279.1000061
3002	279.019989
3003	278.9700012
3004	279.019989
3005	279.019989
3006	279.1799927
3007	279.3699951
3008	279.4599915
3009	279.6000061
3010	279.769989
3011	279.8299866
3012	279.8299866
3013	280
3014	279.75
3015	279.6600037
3016	279.4599915
3017	279.6000061
3018	279.730011
3019	279.7900085
3020	279.980011
3021	280.019989
3022	279.980011
3023	279.980011
3024	280.1199951
3025	280.1499939
3026	280.1499939
3027	280.1700134
3028	280.0400085
3029	279.8099976
3030	279.8099976
3031	279.75
3032	279.769989
3033	279.7900085
3034	279.8299866
3035	279.8900146
3036	279.8500061
3037	279.5400085
3038	279.3099976
3039	279.230011
3040	279.1600037
3041	279.230011
3042	279.4599915
3043	279.5799866
3044	279.5799866
3045	279.3900146
3046	279.269989
3047	279.269989
3048	279.1799927
3049	279.0799866
3050	278.9500122
3051	278.9500122
3052	279.019989
3053	279.2900085
3054	279.3500061
3055	279.5599976
3056	279.4299927
3057	279.5
3058	279.4100037
3059	279.2000122
3060	279.1400146
3061	279.0400085
3062	279.25
3063	279.3900146
3064	279.5400085
3065	279.5400085
3066	279.6600037
3067	279.6199951
3068	279.6900024
3069	279.6400146
3070	279.6000061
3071	279.5400085
3072	279.480011
3073	279.4100037
3074	279.5
3075	279.6000061
3076	279.6000061
3077	279.3699951
3078	279.6900024
3079	279.8299866
3080	280.019989
3081	280.0400085
3082	280.019989
3083	280.019989
3084	279.8699951
3085	279.769989
3086	279.6900024
3087	279.6000061
3088	279.6600037
3089	279.769989
3090	279.769989
3091	279.8900146
3092	279.8699951
3093	279.8500061
3094	279.8900146
3095	279.6900024
3096	279.7900085
3097	279.8500061
3098	280
3099	279.9200134
3100	280.019989
3101	280.1900024
3102	280.25
3103	280.1700134
3104	280.0799866
3105	279.6600037
3106	279.6199951
3107	279.6000061
3108	279.6199951
3109	279.519989
3110	279.4100037
3111	279.4100037
3112	279.230011
3113	279.230011
3114	279.5599976
3115	279.5599976
3116	279.769989
3117	279.769989
3118	279.8699951
3119	279.8900146
3120	279.75
3121	279.9200134
3122	279.9200134
3123	280.2099915
3124	280
3125	279.7900085
3126	279.3299866
3127	278.9100037
3128	278.7000122
3129	278.6600037
3130	278.4299927
3131	278.5599976
3132	278.7000122
3133	278.8299866
3134	279
3135	279.0799866
3136	279
3137	278.8099976
3138	278.7200012
3139	278.3299866
3140	277.7200012
3141	277.3399963
3142	276.5299988
3143	276.1700134
3144	275.2900085
3145	274.519989
3146	273.7900085
3147	273.7900085
3148	273.1000061
3149	273.1400146
3150	273.1000061
3151	273.1600037
3152	273.3500061
3153	273.6400146
3154	273.6400146
3155	274.3299866
3156	274.769989
3157	274.9200134
3158	275.0599976
3159	275.1499939
3160	275.3399963
3161	275.3399963
3162	275.8999939
3163	276.0700073
3164	276.2600098
3165	276.5100098
3166	276.7799988
3167	276.8200073
3168	276.9899902
3169	277.0899963
3170	277.0499878
3171	276.9899902
3172	276.9700012
3173	276.9899902
3174	277.2000122
3175	277.2600098
3176	277.2600098
3177	277.2999878
3178	277.3200073
3179	277.2000122
3180	277.2999878
3181	277.3900146
3182	277.4700012
3183	277.5100098
3184	277.5100098
3185	277.7399902
3186	277.7399902
3187	277.9500122
3188	277.8900146
3189	277.7999878
3190	277.7000122
3191	277.5899963
3192	277.4100037
3193	277.4100037
3194	277.3399963
3195	277.2799988
3196	277.2600098
3197	277.2999878
3198	277.7000122
3199	277.9899902
3200	278.2399902
3201	278.3900146
3202	278.2200012
3203	278.1400146
3204	278.0299988
3205	277.8900146
3206	277.7600098
3207	277.6799927
3208	277.6199951
3209	277.6199951
3210	277.4500122
3211	277.4700012
3212	277.5700073
3213	277.5899963
3214	277.6799927
3215	277.8699951
3216	277.9100037
3217	277.7799988
3218	277.6600037
3219	277.6400146
3220	277.6400146
3221	277.6400146
3222	277.9899902
3223	278.2000122
3224	278.1600037
3225	278.1600037
3226	278.4899902
3227	278.4899902
3228	278.4700012
3229	278.1600037
3230	278.1000061
3231	277.9500122
3232	277.9500122
3233	277.9100037
3234	277.7799988
3235	277.6799927
3236	277.5499878
3237	277.7000122
3238	277.7999878
3239	277.9100037
3240	277.9700012
3241	277.9899902
3242	277.9500122
3243	277.8699951
3244	277.8699951
3245	277.8900146
3246	277.9100037
3247	277.8500061
3248	277.8500061
3249	277.7200012
3250	277.7000122
3251	277.7399902
3252	277.8900146
3253	277.8699951
3254	277.7999878
3255	277.6600037
3256	277.6199951
3257	277.6199951
3258	277.6799927
3259	277.6600037
3260	277.5899963
3261	277.4299927
3262	277.5700073
3263	277.7399902
3264	277.7399902
3265	277.9299927
3266	277.9500122
3267	277.8200073
3268	277.6799927
3269	277.5899963
3270	277.5100098
3271	277.5499878
3272	277.9299927
3273	277.9299927
3274	277.9700012
3275	278.1400146
3276	278.2200012
3277	278.2799988
3278	278.4299927
3279	278.6400146
3280	278.5799866
3281	278.3900146
3282	278.2000122
3283	278.1199951
3284	278.0100098
3285	278.0299988
3286	277.9500122
3287	277.9500122
3288	278.0100098
3289	278.0799866
3290	278.1400146
3291	278.2000122
3292	278.2600098
3293	278.2799988
3294	278.3500061
3295	278.4500122
3296	278.4500122
3297	278.2600098
3298	278.2799988
3299	278.2399902
3300	278.1000061
3301	278.1000061
3302	278.1799927
3303	278.1799927
3304	278.1000061
3305	278.0100098
3306	278.0100098
3307	277.9700012
3308	277.9899902
3309	278.1199951
3310	278.1199951
3311	278.1600037
3312	278.1400146
3313	278.1199951
3314	278.1799927
3315	278.0499878
3316	278.0499878
3317	278.0499878
3318	277.9299927
3319	277.8699951
3320	277.6799927
3321	277.7399902
3322	277.9100037
3323	278.0799866
3324	277.9700012
3325	277.8500061
3326	277.5700073
3327	277.6199951
3328	277.6199951
3329	278.0799866
3330	278.1600037
3331	278.1600037
3332	278.3500061
3333	278.3900146
3334	278.5100098
3335	278.5100098
3336	278.6000061
3337	278.6400146
3338	278.6199951
3339	278.5799866
3340	278.5799866
3341	278.3699951
3342	278.3699951
3343	278.2799988
3344	278.1199951
3345	278.0100098
3346	277.9700012
3347	277.8699951
3348	277.8900146
3349	277.9100037
3350	277.9100037
3351	277.9899902
3352	278.2600098
3353	278.3299866
3354	278.3299866
3355	278.3299866
3356	278.2399902
3357	278.2399902
3358	278.2399902
3359	278.1199951
3360	277.8900146
3361	277.7999878
3362	277.6400146
3363	277.6799927
3364	277.7799988
3365	277.7799988
3366	277.7799988
3367	277.7799988
3368	277.6400146
3369	277.7200012
3370	277.8200073
3371	277.7999878
3372	277.7000122
3373	277.7200012
3374	277.7200012
3375	277.9100037
3376	277.8699951
3377	277.7399902
3378	277.7399902
3379	277.9299927
3380	277.9299927
3381	278.0100098
3382	278.3500061
3383	278.3299866
3384	278.0499878
3385	277.7399902
3386	277.6400146
3387	277.6799927
3388	277.7000122
3389	278.1000061
3390	278.2799988
3391	278.3500061
3392	278.0499878
3393	277.9100037
3394	277.6400146
3395	277.4899902
3396	277.5499878
3397	277.7799988
3398	277.7399902
3399	277.7399902
3400	277.8699951
3401	277.9500122
3402	277.9100037
3403	277.7399902
3404	277.6400146
3405	277.5899963
3406	277.5899963
3407	277.8500061
3408	277.7600098
3409	277.8699951
3410	277.9700012
3411	278.1400146
3412	278.0799866
3413	278.0799866
3414	277.7999878
3415	278.0100098
3416	277.9500122
3417	277.9500122
3418	277.9700012
3419	278.0299988
3420	278.0100098
3421	277.8500061
3422	277.9299927
3423	277.9700012
3424	277.8699951
3425	277.9299927
3426	277.9299927
3427	277.9100037
3428	278.1799927
3429	278.2000122
3430	278.1400146
3431	278.0499878
3432	278.0299988
3433	278.2000122
3434	278.3699951
3435	278.8099976
3436	278.9500122
3437	278.8699951
3438	278.8699951
3439	278.8900146
3440	278.7900085
3441	278.8299866
3442	278.8699951
3443	278.8900146
3444	278.9500122
3445	278.9500122
3446	279.1600037
3447	279.2000122
3448	279.2000122
3449	279.2000122
3450	279.269989
3451	279.2000122
3452	279.1400146
3453	278.9299927
3454	278.8900146
3455	278.9500122
3456	279.0599976
3457	279.1400146
3458	279.0599976
3459	278.9299927
3460	278.8099976
3461	278.9100037
3462	278.8900146
3463	278.8900146
3464	278.9299927
3465	278.8500061
3466	278.9500122
3467	279.0400085
3468	279.2000122
3469	279.3699951
3470	279.3699951
3471	279.25
3472	279.1799927
3473	279.1799927
3474	279.1000061
3475	278.9500122
3476	279.019989
3477	279.019989
3478	279.3299866
3479	279.6199951
3480	279.730011
3481	279.6600037
3482	279.5
3483	279.3099976
3484	279.3099976
3485	279.1799927
3486	279.3900146
3487	279.4299927
3488	279.269989
3489	279.1799927
3490	279.1199951
3491	279.0599976
3492	278.9100037
3493	278.7900085
3494	278.9500122
3495	279.1000061
3496	279.1400146
3497	279.3299866
3498	279.3900146
3499	279.1799927
3500	279.2900085
3501	279.269989
3502	279.2000122
3503	279.0599976
3504	279
3505	278.9500122
3506	278.8500061
3507	278.8500061
3508	278.8099976
3509	278.8099976
3510	278.7000122
3511	278.6600037
3512	278.6600037
3513	278.8900146
3514	279.1000061
3515	279.519989
3516	279.519989
3517	279.5599976
3518	279.5599976
3519	279.5599976
3520	279.4100037
3521	279.4599915
3522	279.519989
3523	279.5400085
3524	279.3299866
3525	279.1600037
3526	279.0799866
3527	278.8299866
3528	278.6400146
3529	278.6600037
3530	278.6600037
3531	279.1600037
3532	279.25
3533	279.1000061
3534	279.1199951
3535	279.1199951
3536	279.2000122
3537	279.3900146
3538	279.3900146
3539	279.3099976
3540	279.2000122
3541	279.269989
3542	279.2000122
3543	279.0799866
3544	279.0799866
3545	279.1199951
3546	279.0799866
3547	278.9500122
3548	278.9500122
3549	279.1799927
3550	279.1400146
3551	279.0799866
3552	278.8299866
3553	278.8299866
3554	279
3555	279
3556	279.3500061
3557	279.519989
3558	279.5400085
3559	279.3900146
3560	279.3099976
3561	279.2900085
3562	279.3099976
3563	279.269989
3564	279.3500061
3565	279.269989
3566	279.25
3567	279.25
3568	279.25
3569	279.1799927
3570	279
3571	278.9700012
3572	278.8500061
3573	278.769989
3574	278.7200012
3575	278.6000061
3576	278.6799927
3577	278.7399902
3578	279.019989
3579	279.1600037
3580	279.1600037
3581	279.019989
3582	278.8900146
3583	278.8699951
3584	279.019989
3585	279.2900085
3586	279.3900146
3587	279.3900146
3588	279.269989
3589	279.2000122
3590	279.2000122
3591	279.2000122
3592	279.019989
3593	279.0599976
3594	279.0599976
3595	279.1799927
3596	279.2000122
3597	279.1400146
3598	278.9500122
3599	278.769989
3600	278.7200012
3601	278.7900085
3602	278.5100098
3603	278.3699951
3604	278.0499878
3605	277.8699951
3606	277.8900146
3607	278.0799866
3608	278.3299866
3609	278.6400146
3610	278.5799866
3611	278.4299927
3612	278.1000061
3613	277.9500122
3614	277.3599854
3615	277.0499878
3616	276.2999878
3617	275.6300049
3618	274.9200134
3619	274.9200134
3620	274.1000061
3621	273.769989
3622	273.6000061
3623	273.5
3624	273.5799866
3625	273.8900146
3626	273.8900146
3627	274.1400146
3628	274.3500061
3629	274.4200134
3630	274.5400085
3631	274.8299866
3632	274.8800049
3633	275
3634	274.9599915
3635	274.730011
3636	274.730011
3637	275.0599976
3638	275.3099976
3639	275.480011
3640	275.730011
3641	276.1099854
3642	276.0299988
3643	275.8800049
3644	275.75
3645	275.6700134
3646	275.8800049
3647	276.0899963
3648	276.3800049
3649	276.6700134
3650	276.7799988
3651	276.7799988
3652	276.8599854
3653	277.1099854
3654	277.2600098
3655	277.3200073
3656	277.2799988
3657	276.9200134
3658	276.9200134
3659	276.9700012
3660	277.1300049
3661	277.1499939
3662	277.3200073
3663	277.4500122
3664	277.5299988
3665	277.5299988
3666	277.4299927
3667	277.2200012
3668	277.1300049
3669	276.9500122
3670	276.9200134
3671	277.0100098
3672	277.0700073
3673	277.3599854
3674	277.4299927
3675	277.5100098
3676	277.5899963
3677	277.5100098
3678	277.3900146
3679	277.3900146
3680	277.1499939
3681	277.0899963
3682	276.9899902
3683	276.9500122
3684	276.8399963
3685	276.8399963
3686	276.7999878
3687	276.7999878
3688	276.9200134
3689	277.1499939
3690	277.1499939
3691	277.2399902
3692	277.1799927
3693	277.2600098
3694	277.2999878
3695	277.2200012
3696	276.9500122
3697	276.9500122
3698	277.1499939
3699	277.3599854
3700	277.4700012
3701	277.5299988
3702	277.4500122
3703	277.4299927
3704	277.5100098
3705	277.7399902
3706	277.9299927
3707	277.9899902
3708	278.0100098
3709	277.7999878
3710	277.8699951
3711	277.8500061
3712	277.7399902
3713	277.7600098
3714	277.8900146
3715	278.0299988
3716	278.0499878
3717	278.0299988
3718	278.0100098
3719	277.9899902
3720	277.8200073
3721	277.5899963
3722	277.5899963
3723	277.4700012
3724	277.6799927
3725	277.7600098
3726	277.9899902
3727	277.8900146
3728	277.8699951
3729	277.8699951
3730	277.8200073
3731	277.8900146
3732	277.9500122
3733	277.7600098
3734	277.6600037
3735	277.5700073
3736	277.5700073
3737	277.7000122
3738	277.7999878
3739	277.7000122
3740	277.4500122
3741	277.5100098
3742	277.5899963
3743	277.6799927
3744	278.0499878
3745	278.1400146
3746	278.2000122
3747	278.1600037
3748	278.1199951
3749	278.2200012
3750	278.3299866
3751	278.3500061
3752	278.2600098
3753	278.1600037
3754	278.0100098
3755	278.0499878
3756	278.1000061
3757	278.1400146
3758	278.1400146
3759	278.0299988
3760	277.8699951
3761	277.8699951
3762	277.6799927
3763	277.7000122
3764	277.7200012
3765	277.7399902
3766	277.9299927
3767	278.0100098
3768	278.0100098
3769	277.9899902
3770	277.7999878
3771	277.9100037
3772	277.9100037
3773	277.6600037
3774	277.7600098
3775	277.8200073
3776	277.5700073
3777	277.5700073
3778	277.7200012
3779	278.1000061
3780	278.2200012
3781	278.1600037
3782	278.1000061
3783	278.0499878
3784	278.0299988
3785	278.0499878
3786	278.1000061
3787	278.0499878
3788	277.9899902
3789	277.9500122
3790	278.0299988
3791	278.0499878
3792	278.1400146
3793	278.3099976
3794	278.3699951
3795	278.3699951
3796	278.2000122
3797	278.1600037
3798	278.1799927
3799	278.2200012
3800	278.2200012
3801	278.4100037
3802	278.3699951
3803	278.1799927
3804	278.0299988
3805	277.7000122
3806	277.5100098
3807	277.5100098
3808	277.4299927
3809	277.4100037
3810	277.4899902
3811	277.6600037
3812	277.7200012
3813	277.7600098
3814	277.7000122
3815	277.7399902
3816	277.7399902
3817	277.7600098
3818	277.7999878
3819	277.9100037
3820	277.9299927
3821	278.0100098
3822	277.9700012
3823	277.9100037
3824	277.7399902
3825	277.7000122
3826	277.5899963
3827	277.5899963
3828	277.4899902
3829	277.2399902
3830	277.1300049
3831	277.4100037
3832	277.4100037
3833	277.7799988
3834	277.9299927
3835	277.9299927
3836	277.8900146
3837	277.8200073
3838	277.7799988
3839	277.7799988
3840	277.7399902
3841	277.7999878
3842	277.7200012
3843	277.6799927
3844	277.7399902
3845	277.7200012
3846	277.7200012
3847	277.8500061
3848	277.8699951
3849	277.7799988
3850	277.7999878
3851	277.8200073
3852	277.8200073
3853	277.9100037
3854	277.9100037
3855	277.9299927
3856	277.8500061
3857	278.0299988
3858	278.1199951
3859	278.2200012
3860	278.1799927
3861	278.1799927
3862	278.2200012
3863	278.2000122
3864	278.1000061
3865	278.0299988
3866	278.0499878
3867	278.1199951
3868	278.4700012
3869	278.5100098
3870	278.4500122
3871	278.4500122
3872	278.1000061
3873	277.9700012
3874	277.9500122
3875	277.8500061
3876	277.7799988
3877	277.8699951
3878	277.8699951
3879	277.8699951
3880	277.8200073
3881	277.7799988
3882	277.5700073
3883	277.3599854
3884	277.3399963
3885	277.3900146
3886	277.5299988
3887	277.7600098
3888	277.7999878
3889	277.7000122
3890	277.3200073
3891	277.2399902
3892	277.2999878
3893	277.6600037
3894	277.7600098
3895	278.0100098
3896	277.9500122
3897	277.8699951
3898	277.5100098
3899	277.5100098
3900	277.7399902
3901	277.9100037
3902	278.0100098
3903	278.0100098
3904	277.9100037
3905	278.1000061
3906	278.1799927
3907	278.4299927
3908	278.4899902
3909	278.3299866
3910	278.3299866
3911	278.2200012
3912	278.3299866
3913	278.3500061
3914	278.5799866
3915	278.5599976
3916	278.5599976
3917	278.5599976
3918	278.7200012
3919	279.1199951
3920	279.230011
3921	279.5
3922	279.4100037
3923	279.3299866
3924	279.2900085
3925	279.1000061
3926	279.1000061
3927	279
3928	278.8500061
3929	278.8099976
3930	278.6799927
3931	278.769989
3932	278.9299927
3933	279.0599976
3934	279.1600037
3935	279.1600037
3936	279.0400085
3937	278.8500061
3938	278.7900085
3939	278.9299927
3940	278.9100037
3941	278.8900146
3942	278.8900146
3943	278.8099976
3944	278.7200012
3945	278.769989
3946	278.8299866
3947	279.019989
3948	279.0799866
3949	279.0799866
3950	278.9700012
3951	279.1000061
3952	279.0599976
3953	278.9700012
3954	279.1400146
3955	279.1600037
3956	279.2000122
3957	279.1400146
3958	278.9700012
3959	279.019989
3960	279.0799866
3961	279.2000122
3962	279.1400146
3963	279.0400085
3964	278.8099976
3965	278.9100037
3966	278.9500122
3967	279.0400085
3968	279.1199951
3969	279.1400146
3970	279.269989
3971	279.2000122
3972	279.1199951
3973	278.8900146
3974	279
3975	279.0799866
3976	279.25
3977	279.3500061
3978	279.3900146
3979	279.25
3980	279.480011
3981	279.480011
3982	279.5400085
3983	279.3500061
3984	279.230011
3985	279.1000061
3986	279
3987	278.8900146
3988	278.8900146
3989	278.8099976
3990	279.019989
3991	279.1400146
3992	279.25
3993	279.2900085
3994	279.230011
3995	279.1199951
3996	278.6799927
3997	278.6799927
3998	278.9500122
3999	279.1600037
4000	279.1400146
4001	279
4002	278.9700012
4003	278.9700012
4004	279
4005	279.0799866
4006	279.2900085
4007	279.2000122
4008	279.1400146
4009	279.1799927
4010	279.2000122
4011	279
4012	278.8900146
4013	278.8900146
4014	278.8900146
4015	278.8299866
4016	278.8099976
4017	278.9500122
4018	279.1000061
4019	279.2000122
4020	279.2000122
4021	279.4299927
4022	279.3699951
4023	279.2000122
4024	278.9100037
4025	278.6000061
4026	278.6199951
4027	278.6199951
4028	278.6000061
4029	278.5799866
4030	278.6600037
4031	278.8299866
4032	278.8299866
4033	278.7399902
4034	278.7000122
4035	278.5400085
4036	278.5799866
4037	278.5599976
4038	278.4100037
4039	278.3500061
4040	278.4500122
4041	278.6400146
4042	278.8099976
4043	278.8500061
4044	279
4045	278.9100037
4046	278.9500122
4047	279.2900085
4048	279.480011
4049	279.75
4050	279.6600037
4051	279.4599915
4052	279.4599915
4053	279.1600037
4054	279.3500061
4055	279.4599915
4056	279.480011
4057	279.3500061
4058	279.4599915
4059	279.4599915
4060	279.2000122
4061	279.1199951
4062	279.1000061
4063	279.0799866
4064	279.0799866
4065	279.0799866
4066	279.0400085
4067	279.230011
4068	279.2000122
4069	279.3699951
4070	279.3699951
4071	279.1400146
4072	279.1400146
4073	279.0599976
4074	278.7000122
4075	278.5599976
4076	278.5100098
4077	278.7399902
4078	278.9100037
4079	279.0799866
4080	279.0599976
4081	278.9299927
4082	278.6799927
4083	278.6000061
4084	278.6000061
4085	278.2799988
4086	277.9299927
4087	277.6400146
4088	277.0299988
4089	276.3599854
4090	275.6300049
4091	275.6300049
4092	274.3500061
4093	273.6400146
4094	273.4500122
4095	273.2399902
4096	272.9500122
4097	272.8299866
4098	272.8299866
4099	272.7799988
4100	272.9100037
4101	273.1400146
4102	273.6799927
4103	274.2099915
4104	274.5400085
4105	274.7900085
4106	274.980011
4107	274.9400024
4108	274.8099976
4109	274.6199951
4110	274.6199951
4111	274.8099976
4112	274.980011
4113	275.4599915
4114	275.5400085
4115	275.6700134
4116	275.730011
4117	275.730011
4118	275.6099854
4119	275.5
4120	275.4200134
4121	275.5700073
4122	275.730011
4123	275.730011
4124	275.9200134
4125	275.9200134
4126	275.8999939
4127	276
4128	276.0700073
4129	276.3399963
4130	276.3399963
4131	276.3999939
4132	276.4599915
4133	276.6300049
4134	276.8599854
4135	277.0299988
4136	277.0499878
4137	276.9899902
4138	277.0299988
4139	277.0899963
4140	277.2799988
4141	277.2999878
4142	277.2200012
4143	277.2200012
4144	277.1799927
4145	276.9700012
4146	277.0299988
4147	277.2200012
4148	277.2000122
4149	277.1300049
4150	276.9700012
4151	276.9500122
4152	276.9500122
4153	276.9200134
4154	277.0700073
4155	277.0700073
4156	277.3599854
4157	277.4299927
4158	277.5700073
4159	277.6199951
4160	277.7000122
4161	277.7600098
4162	277.7600098
4163	277.6400146
4164	277.5299988
4165	277.4299927
4166	277.3200073
4167	277.1300049
4168	276.9700012
4169	276.9700012
4170	276.9700012
4171	276.8399963
4172	276.8800049
4173	276.8399963
4174	276.8200073
4175	276.7799988
4176	276.7399902
4177	276.7200012
4178	276.8200073
4179	277.2799988
4180	277.5299988
4181	277.5899963
4182	277.7999878
4183	277.9100037
4184	277.8900146
4185	277.7200012
4186	277.4299927
4187	277.5299988
4188	277.7000122
4189	277.8200073
4190	277.9899902
4191	277.9899902
4192	277.7999878
4193	277.7000122
4194	277.7000122
4195	277.5299988
4196	277.5499878
4197	277.5899963
4198	277.6600037
4199	277.7999878
4200	277.8200073
4201	277.8200073
4202	277.7799988
4203	277.7200012
4204	277.7600098
4205	277.7000122
4206	277.6799927
4207	277.7200012
4208	277.7000122
4209	277.4500122
4210	277.4500122
4211	277.3599854
4212	277.5499878
4213	277.7200012
4214	277.7200012
4215	277.6799927
4216	277.4299927
4217	277.3599854
4218	277.1300049
4219	277.0299988
4220	277.0299988
4221	277.1300049
4222	277.1499939
4223	277.2000122
4224	277.2000122
4225	277.4700012
4226	277.7200012
4227	277.7799988
4228	277.8500061
4229	278.0299988
4230	277.9500122
4231	277.6199951
4232	277.5299988
4233	277.5299988
4234	277.6400146
4235	277.5700073
4236	277.5299988
4237	277.4299927
4238	277.3599854
4239	277.3900146
4240	277.3900146
4241	277.3900146
4242	277.3200073
4243	277.3200073
4244	277.4500122
4245	277.5700073
4246	277.7200012
4247	277.7200012
4248	277.6799927
4249	277.6400146
4250	277.8500061
4251	277.8699951
4252	277.8900146
4253	277.9100037
4254	277.9899902
4255	278.1000061
4256	278.0299988
4257	277.7600098
4258	277.7000122
4259	277.7200012
4260	277.7799988
4261	277.6799927
4262	277.6199951
4263	277.5299988
4264	277.4500122
4265	277.4500122
4266	277.2999878
4267	277.3599854
4268	277.3399963
4269	277.4500122
4270	277.3900146
4271	277.4299927
4272	277.4299927
4273	277.6600037
4274	277.7399902
4275	277.7000122
4276	277.7600098
4277	277.7399902
4278	277.8900146
4279	277.8699951
4280	277.9700012
4281	278.0299988
4282	277.9500122
4283	277.6600037
4284	277.4299927
4285	277.5100098
4286	277.4700012
4287	277.5499878
4288	277.4899902
4289	277.5499878
4290	277.7799988
4291	277.8699951
4292	277.6799927
4293	277.4899902
4294	277.3900146
4295	277.5299988
4296	277.5899963
4297	277.5299988
4298	277.5700073
4299	277.7999878
4300	277.9299927
4301	278.1799927
4302	278.1799927
4303	278.1799927
4304	278.1799927
4305	278.2600098
4306	278.2399902
4307	278.1400146
4308	277.7600098
4309	277.4299927
4310	277.2200012
4311	277.2200012
4312	277.5700073
4313	277.7399902
4314	277.7000122
4315	277.6199951
4316	277.4299927
4317	277.3399963
4318	277.2000122
4319	277.2799988
4320	277.2999878
4321	277.2600098
4322	277.2600098
4323	277.5100098
4324	277.5899963
4325	277.6400146
4326	277.7600098
4327	277.7200012
4328	277.7999878
4329	277.9100037
4330	277.8200073
4331	277.7000122
4332	277.5899963
4333	277.5100098
4334	277.4500122
4335	277.3200073
4336	277.3200073
4337	277.7200012
4338	277.7999878
4339	277.8200073
4340	277.7200012
4341	277.5499878
4342	277.5899963
4343	277.5899963
4344	277.6199951
4345	277.4500122
4346	277.4100037
4347	277.2399902
4348	277.2000122
4349	277.2200012
4350	277.2200012
4351	277.0499878
4352	277.1300049
4353	277.1799927
4354	277.1099854
4355	277.1499939
4356	277.1499939
4357	277.1099854
4358	277.0299988
4359	277.0499878
4360	277.2600098
4361	277.4100037
4362	277.4500122
4363	277.5499878
4364	277.5700073
4365	277.5700073
4366	277.6199951
4367	277.4899902
4368	277.5299988
4369	277.4700012
4370	277.7000122
4371	277.7399902
4372	277.8500061
4373	277.9100037
4374	277.9299927
4375	277.9299927
4376	277.6600037
4377	277.9299927
4378	278.0299988
4379	278.1000061
4380	278.1000061
4381	278.4100037
4382	278.4100037
4383	278.7399902
4384	278.9500122
4385	279.0799866
4386	279.1199951
4387	279.1799927
4388	279.230011
4389	279.269989
4390	279.1000061
4391	279.0400085
4392	279.019989
4393	279.1600037
4394	279.2000122
4395	279.0400085
4396	279.019989
4397	279.1400146
4398	279.230011
4399	279.1799927
4400	278.9700012
4401	278.9299927
4402	278.7200012
4403	278.769989
4404	278.8900146
4405	278.7399902
4406	278.6199951
4407	278.6199951
4408	278.9700012
4409	278.9500122
4410	278.9700012
4411	278.9700012
4412	278.8299866
4413	278.7200012
4414	278.7200012
4415	278.4899902
4416	278.5599976
4417	278.6199951
4418	278.8299866
4419	278.9299927
4420	278.9100037
4421	278.9100037
4422	278.8299866
4423	278.8699951
4424	278.9299927
4425	278.8900146
4426	278.7900085
4427	278.6600037
4428	278.7200012
4429	279.1199951
4430	279.230011
4431	279.230011
4432	279.1400146
4433	279.1199951
4434	279.1799927
4435	279.1199951
4436	279.2000122
4437	279.1600037
4438	279.0400085
4439	278.7900085
4440	278.7000122
4441	278.6000061
4442	278.5100098
4443	278.4700012
4444	278.5400085
4445	278.7000122
4446	278.7000122
4447	278.6799927
4448	278.7000122
4449	278.6400146
4450	278.6400146
4451	278.769989
4452	278.7900085
4453	278.7900085
4454	278.6799927
4455	278.5400085
4456	278.5400085
4457	278.5599976
4458	278.6000061
4459	278.6000061
4460	278.6600037
4461	278.8500061
4462	279
4463	279
4464	279.0799866
4465	278.9100037
4466	278.8699951
4467	278.8900146
4468	278.7000122
4469	278.7399902
4470	278.8699951
4471	279.1799927
4472	279.25
4473	279.3299866
4474	279.4299927
4475	279.3299866
4476	279.1199951
4477	279.25
4478	279.25
4479	279.0799866
4480	279
4481	278.8900146
4482	278.9100037
4483	278.8299866
4484	278.8299866
4485	278.8299866
4486	278.8099976
4487	278.8500061
4488	278.7900085
4489	278.8299866
4490	279
4491	279.0400085
4492	279.0400085
4493	278.9299927
4494	278.9299927
4495	278.8699951
4496	278.8099976
4497	278.7900085
4498	278.6799927
4499	278.6600037
4500	278.6199951
4501	278.5599976
4502	278.6199951
4503	278.6000061
4504	278.4700012
4505	278.3099976
4506	278.1600037
4507	278.0799866
4508	277.9500122
4509	277.9899902
4510	277.9299927
4511	277.9100037
4512	278.1199951
4513	278.2200012
4514	278.3699951
4515	278.4299927
4516	278.4500122
4517	278.4500122
4518	278.4500122
4519	278.4899902
4520	278.5799866
4521	278.6199951
4522	278.4700012
4523	278.6400146
4524	278.6400146
4525	278.7200012
4526	278.7399902
4527	278.8099976
4528	278.6199951
4529	278.5599976
4530	278.5599976
4531	278.5799866
4532	278.4899902
4533	278.2799988
4534	278.2200012
4535	278.3900146
4536	278.5100098
4537	278.6000061
4538	278.7399902
4539	279.230011
4540	279.3299866
4541	279.269989
4542	279.269989
4543	279.1799927
4544	278.8900146
4545	278.8500061
4546	278.6199951
4547	278.3900146
4548	278.1000061
4549	277.7799988
4550	277.6799927
4551	277.6400146
4552	277.5899963
4553	277.6600037
4554	278.0100098
4555	278.3500061
4556	278.3500061
4557	278.5400085
4558	278.2399902
4559	278.1799927
4560	277.7000122
4561	277.1300049
4562	276.3999939
4563	276.3999939
4564	275.1700134
4565	274.4599915
4566	274.1900024
4567	273.7000122
4568	273.3900146
4569	273.3500061
4570	273.3099976
4571	273.0599976
4572	273.0599976
4573	273.2900085
4574	273.8299866
4575	274.1600037
4576	274.230011
4577	274.269989
4578	274.6199951
4579	274.8099976
4580	275.0799866
4581	275.3800049
4582	275.5
4583	275.5700073
4584	275.5700073
4585	275.6700134
4586	275.8999939
4587	276.1499939
4588	276.1499939
4589	276.5100098
4590	276.6499939
4591	276.5899963
4592	276.5899963
4593	276.5499878
4594	276.5299988
4595	276.5299988
4596	276.8599854
4597	276.8999939
4598	276.8999939
4599	276.8200073
4600	276.9200134
4601	276.8399963
4602	276.8399963
4603	276.6499939
4604	276.7799988
4605	276.8399963
4606	276.9899902
4607	277.1499939
4608	277.2600098
4609	277.3200073
4610	277.2600098
4611	277.2600098
4612	277.2000122
4613	277.1799927
4614	277.1300049
4615	277.2600098
4616	277.2799988
4617	277.2000122
4618	277.2000122
4619	277.2000122
4620	277.1499939
4621	277.2200012
4622	277.1300049
4623	277.2799988
4624	277.2600098
4625	277.2000122
4626	277.2799988
4627	277.2799988
4628	277.4899902
4629	277.6199951
4630	277.5899963
4631	277.6400146
4632	277.7399902
4633	277.7600098
4634	277.7600098
4635	277.5899963
4636	277.4700012
4637	277.3599854
4638	277.2399902
4639	277.0899963
4640	277.0100098
4641	276.9700012
4642	277.2200012
4643	277.3599854
4644	277.4299927
4645	277.6199951
4646	277.5899963
4647	277.5700073
4648	277.5899963
4649	277.4500122
4650	277.4100037
4651	277.3900146
4652	277.4100037
4653	277.3200073
4654	277.3399963
4655	277.4700012
4656	277.5899963
4657	277.7799988
4658	277.8500061
4659	277.8500061
4660	277.9899902
4661	277.8900146
4662	277.8900146
4663	277.9100037
4664	277.9899902
4665	277.9899902
4666	277.9899902
4667	278.0100098
4668	277.8500061
4669	277.8500061
4670	277.6799927
4671	277.5899963
4672	277.4500122
4673	277.4500122
4674	277.1799927
4675	277.0499878
4676	277.0299988
4677	277.2600098
4678	277.4100037
4679	277.5299988
4680	277.6199951
4681	277.8900146
4682	277.9899902
4683	278.2200012
4684	278.0499878
4685	277.9100037
4686	277.7600098
4687	277.6799927
4688	277.6799927
4689	277.7000122
4690	277.7799988
4691	277.6600037
4692	277.6400146
4693	277.7000122
4694	277.7799988
4695	277.9299927
4696	277.9100037
4697	277.9500122
4698	277.9500122
4699	278.1600037
4700	278.1400146
4701	278.1000061
4702	277.8500061
4703	277.6799927
4704	277.5299988
4705	277.5299988
4706	277.5700073
4707	277.6400146
4708	277.6400146
4709	277.4700012
4710	277.3900146
4711	277.3200073
4712	277.2600098
4713	277.2399902
4714	277.3399963
4715	277.3399963
4716	277.2600098
4717	277.2399902
4718	277.2399902
4719	277.2399902
4720	277.3900146
4721	277.4299927
4722	277.4899902
4723	277.6199951
4724	277.6600037
4725	277.4899902
4726	277.4100037
4727	277.4899902
4728	277.6400146
4729	277.7999878
4730	277.7999878
4731	277.8699951
4732	277.6400146
4733	277.5499878
4734	277.5299988
4735	277.5100098
4736	277.5499878
4737	277.5499878
4738	277.4299927
4739	277.2799988
4740	277.3599854
4741	277.5299988
4742	277.5499878
4743	277.4899902
4744	277.4899902
4745	277.4100037
4746	277.4899902
4747	277.5100098
4748	277.4899902
4749	277.7000122
4750	277.7799988
4751	277.9100037
4752	277.9500122
4753	278.0299988
4754	278.1199951
4755	278.1799927
4756	278.1000061
4757	278.0799866
4758	277.9299927
4759	277.5299988
4760	277.4700012
4761	277.3399963
4762	277.3200073
4763	277.3599854
4764	277.2999878
4765	277.2000122
4766	277.0499878
4767	277.1499939
4768	277.3399963
4769	277.3399963
4770	277.5700073
4771	277.7600098
4772	277.7999878
4773	277.9100037
4774	277.8900146
4775	277.9299927
4776	277.9299927
4777	277.7999878
4778	277.4700012
4779	277.4100037
4780	277.4100037
4781	277.4100037
4782	277.4299927
4783	277.4500122
4784	277.7999878
4785	277.9899902
4786	278.0100098
4787	278.0299988
4788	278.1000061
4789	278.1199951
4790	278.1000061
4791	277.8900146
4792	277.6799927
4793	277.5100098
4794	277.5299988
4795	277.6600037
4796	277.6199951
4797	277.5700073
4798	277.6400146
4799	277.6400146
4800	277.5499878
4801	277.5700073
4802	277.5700073
4803	277.7000122
4804	277.8200073
4805	277.9100037
4806	277.8900146
4807	277.7000122
4808	277.7000122
4809	277.6600037
4810	277.6600037
4811	277.5499878
4812	277.5100098
4813	277.3599854
4814	277.4299927
4815	277.4299927
4816	277.3599854
4817	277.3200073
4818	277.3399963
4819	277.4899902
4820	277.4899902
4821	277.5299988
4822	277.5499878
4823	277.5700073
4824	277.5700073
4825	277.6199951
4826	277.6600037
4827	277.7600098
4828	277.7600098
4829	277.8900146
4830	277.6199951
4831	277.5700073
4832	277.4100037
4833	277.3399963
4834	277.4299927
4835	277.3900146
4836	277.3900146
4837	277.5100098
4838	277.6400146
4839	277.7600098
4840	277.7600098
4841	277.5100098
4842	277.5100098
4843	277.4299927
4844	277.3200073
4845	277.4100037
4846	277.2600098
4847	277.2600098
4848	277.5899963
4849	277.7600098
4850	277.7999878
4851	277.8900146
4852	278.1000061
4853	277.9700012
4854	277.9700012
4855	278.0299988
4856	278.3299866
4857	278.5100098
4858	278.5100098
4859	278.6000061
4860	278.6199951
4861	278.6600037
4862	278.8500061
4863	278.8699951
4864	279
4865	278.8500061
4866	278.8500061
4867	278.7000122
4868	278.6600037
4869	278.6799927
4870	278.8299866
4871	279.1199951
4872	279
4873	278.9500122
4874	278.9700012
4875	279.0400085
4876	279
4877	278.8099976
4878	278.7900085
4879	278.7900085
4880	279.0400085
4881	279
4882	278.9700012
4883	278.9299927
4884	278.8299866
4885	278.9500122
4886	278.9500122
4887	279.0400085
4888	279.0400085
4889	279.0599976
4890	279.1000061
4891	279.1199951
4892	279.0400085
4893	279.1600037
4894	279.1000061
4895	279.0599976
4896	279.1000061
4897	278.9299927
4898	278.7200012
4899	278.5599976
4900	278.5400085
4901	278.6799927
4902	278.7900085
4903	278.7900085
4904	278.6799927
4905	278.7000122
4906	278.6400146
4907	278.7200012
4908	278.8699951
4909	278.7900085
4910	278.6600037
4911	278.6600037
4912	278.769989
4913	278.8299866
4914	278.8299866
4915	278.7900085
4916	278.8500061
4917	279
4918	279
4919	278.8699951
4920	278.8900146
4921	278.9700012
4922	279.230011
4923	279.2900085
4924	279.25
4925	279.25
4926	279.1000061
4927	278.9700012
4928	278.8900146
4929	278.6799927
4930	278.5100098
4931	278.3699951
4932	278.3900146
4933	278.6600037
4934	278.769989
4935	278.769989
4936	278.7900085
4937	278.9100037
4938	278.9299927
4939	278.9100037
4940	278.769989
4941	278.9100037
4942	279.0400085
4943	278.9299927
4944	279.019989
4945	279
4946	279.0599976
4947	279.0400085
4948	278.9500122
4949	278.8099976
4950	278.8099976
4951	278.9500122
4952	279.0799866
4953	278.9500122
4954	278.8099976
4955	278.7000122
4956	278.6400146
4957	278.6400146
4958	278.6199951
4959	278.5599976
4960	278.5599976
4961	278.7900085
4962	278.7900085
4963	278.7200012
4964	278.6400146
4965	278.4899902
4966	278.6199951
4967	278.6799927
4968	278.6199951
4969	278.5799866
4970	278.5100098
4971	278.6600037
4972	278.5799866
4973	278.6000061
4974	278.769989
4975	279
4976	279.0400085
4977	278.9100037
4978	278.8699951
4979	278.8500061
4980	278.7200012
4981	278.769989
4982	278.769989
4983	278.9700012
4984	278.9500122
4985	278.9500122
4986	279.1199951
4987	279.1199951
4988	278.9700012
4989	278.9700012
4990	278.6600037
4991	278.6199951
4992	278.5100098
4993	278.5799866
4994	278.6400146
4995	278.7900085
4996	278.7900085
4997	279
4998	279.0400085
4999	279.0599976
5000	279.1199951
5001	279.1400146
5002	279.1000061
5003	279.1000061
5004	279.2900085
5005	279.3299866
5006	279.230011
5007	278.8500061
5008	278.7000122
5009	278.6199951
5010	278.6000061
5011	278.5400085
5012	278.5599976
5013	278.7000122
5014	278.8699951
5015	278.9700012
5016	278.9299927
5017	279.0599976
5018	278.9299927
5019	278.8299866
5020	278.6600037
5021	278.6600037
5022	278.3299866
5023	278.4299927
5024	278.4700012
5025	278.3699951
5026	278.4500122
5027	278.6000061
5028	278.6000061
5029	278.8299866
5030	278.6799927
5031	278.6000061
5032	278.3099976
5033	277.9899902
5034	277.7200012
5035	277.3900146
5036	276.1300049
5037	275.25
5038	274.7900085
5039	274.0599976
5040	273.4299927
5041	273.1600037
5042	272.9899902
5043	272.6400146
5044	272.6000061
5045	272.6000061
5046	272.6600037
5047	272.7399902
5048	273.1600037
5049	273.3500061
5050	273.9599915
5051	274.3099976
5052	274.7099915
5053	274.8999939
5054	274.980011
5055	274.9200134
5056	275
5057	275.25
5058	275.6700134
5059	275.8599854
5060	275.8599854
5061	275.7999878
5062	276.0700073
5063	276.2600098
5064	276.3999939
5065	276.4400024
5066	276.4599915
5067	276.4599915
5068	276.7600098
5069	276.7399902
5070	276.7200012
5071	276.8399963
5072	278.1600037
5073	278.2600098
5074	278.1400146
5075	277.8200073
5076	277.7999878
5077	277.5700073
5078	277.7799988
5079	277.7799988
5080	277.7799988
5081	277.7000122
5082	277.6400146
5083	277.6400146
5084	277.5700073
5085	277.5499878
5086	277.6199951
5087	277.7399902
5088	277.7799988
5089	277.8699951
5090	277.9899902
5091	278.1400146
5092	278.1400146
5093	278.0799866
5094	277.9100037
5095	277.9500122
5096	278.1199951
5097	278.1400146
5098	278.4100037
5099	278.4100037
5100	278.4299927
5101	278.2200012
5102	278.0799866
5103	277.9500122
5104	277.9299927
5105	277.9899902
5106	277.9899902
5107	278.1600037
5108	278.1600037
5109	278.1600037
5110	278.2200012
5111	278.3299866
5112	278.3500061
5113	278.3500061
5114	278.2200012
5115	278.1199951
5116	277.9899902
5117	277.9899902
5118	277.9700012
5119	278.0799866
5120	278.1799927
5121	278.3900146
5122	278.3900146
5123	278.1000061
5124	277.9299927
5125	277.9700012
5126	278.0499878
5127	278.1400146
5128	278.1400146
5129	277.9899902
5130	277.7600098
5131	277.7600098
5132	278.0799866
5133	278.4500122
5134	278.6000061
5135	278.4899902
5136	278.4899902
5137	278.5799866
5138	278.5799866
5139	278.7900085
5140	278.8500061
5141	278.7399902
5142	278.7399902
5143	278.6400146
5144	278.5799866
5145	278.4899902
5146	278.6600037
5147	278.7399902
5148	278.8500061
5149	278.769989
5150	278.6199951
5151	278.4899902
5152	278.3900146
5153	278.0299988
5154	278.1400146
5155	278.1600037
5156	278.2399902
5157	278.2600098
5158	278.1600037
5159	277.9899902
5160	278.0799866
5161	278.3900146
5162	278.4500122
5163	278.4500122
5164	278.6799927
5165	278.8299866
5166	278.7399902
5167	278.769989
5168	278.6199951
5169	278.4500122
5170	278.4500122
5171	278.3099976
5172	278.3299866
5173	278.3699951
5174	278.4299927
5175	278.3500061
5176	278.3099976
5177	278.3099976
5178	277.9500122
5179	277.8900146
5180	278.0100098
5181	277.9500122
5182	277.8699951
5183	277.8200073
5184	277.9100037
5185	277.9700012
5186	278.0100098
5187	278.1799927
5188	278.3699951
5189	278.4299927
5190	278.3099976
5191	278.2000122
5192	278.2200012
5193	278.3500061
5194	278.4700012
5195	278.6199951
5196	278.6199951
5197	278.7200012
5198	278.769989
5199	278.6400146
5200	278.6600037
5201	278.6199951
5202	278.6199951
5203	278.7900085
5204	278.8299866
5205	278.7900085
5206	278.7399902
5207	278.7399902
5208	278.4899902
5209	278.4899902
5210	278.4500122
5211	278.5400085
5212	278.6400146
5213	278.6799927
5214	278.5599976
5215	278.5100098
5216	278.4500122
5217	278.3900146
5218	278.5400085
5219	278.4500122
5220	278.4500122
5221	278.5599976
5222	278.6199951
5223	278.7000122
5224	278.9299927
5225	278.9299927
5226	278.8900146
5227	278.7000122
5228	278.6799927
5229	278.8500061
5230	278.769989
5231	278.6600037
5232	278.3699951
5233	278.3299866
5234	278.3299866
5235	278.4899902
5236	278.4100037
5237	278.3299866
5238	278.2399902
5239	278.2799988
5240	278.3099976
5241	278.3099976
5242	278.3699951
5243	278.3900146
5244	278.3900146
5245	278.5599976
5246	278.5400085
5247	278.3900146
5248	278.3900146
5249	278.2399902
5250	278.1400146
5251	278.0499878
5252	278.1400146
5253	278.2399902
5254	278.3299866
5255	278.5400085
5256	278.6400146
5257	278.6400146
5258	278.7000122
5259	278.9299927
5260	279.0400085
5261	279.0599976
5262	279.0400085
5263	279
5264	278.9100037
5265	278.7200012
5266	278.5400085
5267	278.5400085
5268	278.5599976
5269	278.5599976
5270	278.5100098
5271	278.4500122
5272	278.6799927
5273	278.6799927
5274	278.7399902
5275	278.6799927
5276	278.6000061
5277	278.5599976
5278	278.4899902
5279	278.4500122
5280	278.4500122
5281	278.3099976
5282	278.3500061
5283	278.4299927
5284	278.4100037
5285	278.3699951
5286	278.3699951
5287	278.4299927
5288	278.4700012
5289	278.2399902
5290	278.2200012
5291	278.3500061
5292	278.4899902
5293	278.4899902
5294	278.4700012
5295	278.4299927
5296	278.4299927
5297	278.4100037
5298	278.5100098
5299	278.5400085
5300	278.6600037
5301	278.7900085
5302	278.8099976
5303	278.7000122
5304	278.4700012
5305	278.3900146
5306	278.3699951
5307	278.4899902
5308	278.4899902
5309	278.7000122
5310	278.8500061
5311	278.8900146
5312	278.8900146
5313	278.8500061
5314	278.8900146
5315	278.9700012
5316	279
5317	279.1600037
5318	279.230011
5319	279.230011
5320	279.230011
5321	279.2000122
5322	279.230011
5323	279.25
5324	279.3099976
5325	279.5
5326	279.5400085
5327	279.6600037
5328	279.7900085
5329	279.8900146
5330	279.9200134
5331	279.8099976
5332	279.8299866
5333	279.8699951
5334	280.1499939
5335	280.1900024
5336	280.1199951
5337	279.9599915
5338	279.9200134
5339	279.9599915
5340	279.8699951
5341	279.9200134
5342	279.8900146
5343	279.8699951
5344	279.8699951
5345	280.1199951
5346	280.230011
5347	280.0599976
5348	280.0799866
5349	280.25
5350	280.25
5351	280.25
5352	280.480011
5353	280.519989
5354	280.4200134
5355	280.3299866
5356	280.3299866
5357	280.230011
5358	280.230011
5359	280.1700134
5360	280.1499939
5361	280.230011
5362	280.25
5363	280.2900085
5364	280.3099976
5365	280.3099976
5366	280.3999939
5367	280.4200134
5368	280.2900085
5369	280.0400085
5370	279.980011
5371	280.1000061
5372	280.1000061
5373	280.2099915
5374	280.1499939
5375	280.3099976
5376	280.3299866
5377	280.2900085
5378	280.269989
5379	280.4200134
5380	280.5599976
5381	280.6300049
5382	280.5799866
5383	280.5799866
5384	280.5400085
5385	280.5599976
5386	280.5400085
5387	280.5799866
5388	280.5599976
5389	280.3800049
5390	280.3800049
5391	280.3299866
5392	280.4599915
5393	280.5
5394	280.3800049
5395	280.3999939
5396	280.4200134
5397	280.3999939
5398	280.3500061
5399	280.3999939
5400	280.2900085
5401	280.269989
5402	280.25
5403	280.2099915
5404	280.269989
5405	280.4599915
5406	280.3800049
5407	280.4599915
5408	280.4200134
5409	280.3800049
5410	280.3500061
5411	280.3299866
5412	280.230011
5413	280.1700134
5414	280.1900024
5415	280.1900024
5416	280.25
5417	280.3800049
5418	280.2900085
5419	280.1199951
5420	280.0400085
5421	280
5422	280
5423	280.1499939
5424	280.3299866
5425	280.3800049
5426	280.4599915
5427	280.3299866
5428	280.1900024
5429	280.1900024
5430	280.1900024
5431	280.1499939
5432	280.0799866
5433	280.1000061
5434	280.1000061
5435	280.1000061
5436	280.0599976
5437	280
5438	280.019989
5439	280
5440	280
5441	280.019989
5442	280.1000061
5443	280.230011
5444	280.3999939
5445	280.3099976
5446	280.2099915
5447	280.2900085
5448	280.230011
5449	280.2099915
5450	280.25
5451	280.269989
5452	280.1900024
5453	280.1900024
5454	280.1900024
5455	280.3099976
5456	280.3500061
5457	280.4200134
5458	280.3800049
5459	280.3999939
5460	280.5400085
5461	280.5400085
5462	280.5
5463	280.6099854
5464	280.5
5465	280.25
5466	280.1199951
5467	280.0599976
5468	279.9599915
5469	279.75
5470	279.7099915
5471	279.730011
5472	279.8299866
5473	280
5474	280.1199951
5475	280.25
5476	280.519989
5477	280.6099854
5478	280.6700134
5479	280.480011
5480	280.480011
5481	280.269989
5482	280.1199951
5483	279.8299866
5484	279.5
5485	279.3500061
5486	279.3500061
5487	279.6199951
5488	279.8900146
5489	279.980011
5490	280.1900024
5491	279.9599915
5492	279.9200134
5493	279.9200134
5494	279.5
5495	279.1400146
5496	279.1400146
5497	279.269989
5498	279.5
5499	279.6000061
5500	279.6000061
5501	279.6400146
5502	279.519989
5503	279.6000061
5504	279.3900146
5505	279
5506	278.6799927
5507	278.4899902
5508	277.6199951
5509	277.2600098
5510	276.4599915
5511	275.5
5512	275.1900024
5513	274.5799866
5514	274.3699951
5515	274
5516	274.0400085
5517	274.0400085
5518	274.1199951
5519	274.2900085
5520	274.6199951
5521	274.7099915
5522	274.6499939
5523	274.6000061
5524	274.8099976
5525	274.8099976
5526	275.1099854
5527	275.4400024
5528	275.6499939
5529	275.8399963
5530	276.1099854
5531	276.3200073
5532	276.3200073
5533	276.4599915
5534	276.5299988
5535	276.5100098
5536	276.3200073
5537	276.2799988
5538	276.3599854
5539	276.4599915
5540	276.5499878
5541	276.7399902
5542	276.8200073
5543	276.8200073
5544	277.0299988
5545	277.2200012
5546	277.2799988
5547	277.4700012
5548	277.4299927
5549	277.5299988
5550	277.5299988
5551	277.5100098
5552	277.6400146
5553	277.6799927
5554	277.6799927
5555	277.5899963
5556	277.4500122
5557	277.7399902
5558	277.8699951
5559	278.0799866
5560	278.1000061
5561	278.0100098
5562	277.8699951
5563	277.8500061
5564	277.8500061
5565	277.9500122
5566	278.0299988
5567	278.1000061
5568	278.0100098
5569	278.1000061
5570	278.1000061
5571	278.1000061
5572	277.9700012
5573	277.9100037
5574	277.9299927
5575	277.8900146
5576	277.9299927
5577	277.9100037
5578	277.9500122
5579	278.0299988
5580	278.1000061
5581	278.2600098
5582	278.4299927
5583	278.3500061
5584	278.1000061
5585	278.0499878
5586	277.9700012
5587	277.9299927
5588	277.7999878
5589	277.7799988
5590	277.8900146
5591	278.1000061
5592	278.2600098
5593	278.2399902
5594	278.1400146
5595	277.9299927
5596	277.9299927
5597	277.7200012
5598	277.7999878
5599	277.7399902
5600	277.8500061
5601	278.2000122
5602	278.4899902
5603	278.4899902
5604	278.4899902
5605	278.3699951
5606	278.4299927
5607	278.4899902
5608	278.4899902
5609	278.5599976
5610	278.5599976
5611	278.4100037
5612	278.2200012
5613	278.2200012
5614	278.2799988
5615	278.3500061
5616	278.4100037
5617	278.3900146
5618	278.4700012
5619	278.5599976
5620	278.4899902
5621	278.4500122
5622	278.4700012
5623	278.4700012
5624	278.4100037
5625	278.4299927
5626	278.3699951
5627	278.3299866
5628	278.2600098
5629	278.2000122
5630	278.1400146
5631	278.1799927
5632	278.2200012
5633	278.1799927
5634	278.2399902
5635	278.2399902
5636	278.4299927
5637	278.3699951
5638	278.3900146
5639	278.5400085
5640	278.7200012
5641	278.7900085
5642	278.7900085
5643	278.6400146
5644	278.4299927
5645	278.2799988
5646	278.0799866
5647	278.2399902
5648	278.3099976
5649	278.4700012
5650	278.6000061
5651	278.5799866
5652	278.6000061
5653	278.3299866
5654	278.0299988
5655	277.9899902
5656	277.9500122
5657	277.7600098
5658	277.7799988
5659	277.8200073
5660	278.0799866
5661	278.1799927
5662	278.3299866
5663	278.3699951
5664	278.4100037
5665	278.3699951
5666	278.3500061
5667	278.3500061
5668	278.6400146
5669	278.7000122
5670	278.6799927
5671	278.5400085
5672	278.6199951
5673	278.7200012
5674	278.7200012
5675	278.4899902
5676	278.4500122
5677	278.4500122
5678	278.2799988
5679	278.1799927
5680	278.2799988
5681	278.2799988
5682	277.9899902
5683	277.6600037
5684	277.6400146
5685	277.6600037
5686	277.7399902
5687	277.8699951
5688	277.8500061
5689	278.1600037
5690	278.2399902
5691	278.3099976
5692	278.3099976
5693	278.3500061
5694	278.4500122
5695	278.4700012
5696	278.4899902
5697	278.4100037
5698	278.4700012
5699	278.3500061
5700	278.3099976
5701	278.2799988
5702	278.2200012
5703	278.2000122
5704	278.3500061
5705	278.5799866
5706	278.5799866
5707	278.7399902
5708	278.5100098
5709	278.4100037
5710	278.2200012
5711	278.1000061
5712	278.1400146
5713	278.1400146
5714	278.1000061
5715	278.0100098
5716	278.1000061
5717	278.2200012
5718	278.2000122
5719	278.3299866
5720	278.3699951
5721	278.3699951
5722	278.2399902
5723	277.9899902
5724	277.8699951
5725	278.1600037
5726	278.2399902
5727	278.2799988
5728	278.3900146
5729	278.4100037
5730	278.6600037
5731	278.8299866
5732	278.8500061
5733	278.6799927
5734	278.6600037
5735	278.7000122
5736	278.8500061
5737	279
5738	279
5739	279.0799866
5740	279.0599976
5741	278.9500122
5742	278.769989
5743	278.7000122
5744	278.5799866
5745	278.5799866
5746	278.2799988
5747	278.1799927
5748	278.2000122
5749	278.2200012
5750	278.1600037
5751	278.2200012
5752	278.2200012
5753	278.2200012
5754	278.1400146
5755	278.1000061
5756	277.9100037
5757	277.9299927
5758	278.1400146
5759	278.2399902
5760	278.4500122
5761	278.5100098
5762	278.4899902
5763	278.3099976
5764	278.2799988
5765	278.1000061
5766	278.0799866
5767	278.3699951
5768	278.5100098
5769	278.7399902
5770	278.6400146
5771	278.6600037
5772	278.6000061
5773	278.5100098
5774	278.6199951
5775	278.5799866
5776	278.4500122
5777	278.4500122
5778	278.2399902
5779	278.2799988
5780	278.3699951
5781	278.6000061
5782	278.6000061
5783	278.5599976
5784	278.5599976
5785	278.4899902
5786	278.4299927
5787	278.2799988
5788	278.3299866
5789	278.3099976
5790	278.2600098
5791	278.3699951
5792	278.7000122
5793	278.8099976
5794	278.7900085
5795	278.9100037
5796	279.1400146
5797	279.1000061
5798	279.1199951
5799	278.9299927
5800	278.8500061
5801	278.9100037
5802	279.3099976
5803	279.4299927
5804	279.5
5805	279.5599976
5806	279.5599976
5807	279.8099976
5808	279.769989
5809	279.769989
5810	279.7900085
5811	279.8500061
5812	279.7900085
5813	279.980011
5814	280.0400085
5815	280.0799866
5816	280.0799866
5817	280.1499939
5818	279.980011
5819	280
5820	280.019989
5821	280.1700134
5822	280.0400085
5823	280.0400085
5824	279.8699951
5825	279.9400024
5826	280
5827	280.269989
5828	280.269989
5829	280.3099976
5830	280.3500061
5831	280.519989
5832	280.519989
5833	280.4400024
5834	280.3999939
5835	280.3500061
5836	280.269989
5837	280.1199951
5838	279.8699951
5839	279.7900085
5840	279.9200134
5841	280
5842	280.0599976
5843	280.25
5844	280.3500061
5845	280.2900085
5846	280.3099976
5847	280.230011
5848	280.230011
5849	280.2900085
5850	280.3999939
5851	280.3999939
5852	280.4599915
5853	280.3999939
5854	280.480011
5855	280.480011
5856	280.1199951
5857	279.8299866
5858	279.9400024
5859	280.0400085
5860	279.9400024
5861	279.9599915
5862	279.9400024
5863	280.019989
5864	280.0400085
5865	280.0799866
5866	280.269989
5867	280.3800049
5868	280.2900085
5869	280.25
5870	280
5871	280.019989
5872	280.1900024
5873	280.3299866
5874	280.3299866
5875	280.25
5876	280.1199951
5877	280.0400085
5878	280.0400085
5879	280.0799866
5880	280.1000061
5881	280.2099915
5882	280.3099976
5883	280.4400024
5884	280.4200134
5885	280.4400024
5886	280.3999939
5887	280.3999939
5888	280.3299866
5889	280.3500061
5890	280.3299866
5891	280.3299866
5892	280.3099976
5893	280.1900024
5894	280.1900024
5895	280
5896	279.9200134
5897	279.8699951
5898	280.0599976
5899	280.1700134
5900	280.1499939
5901	280.1700134
5902	280.0400085
5903	280.0799866
5904	280.2900085
5905	280.5
5906	280.4400024
5907	280.2900085
5908	280.230011
5909	280.1199951
5910	280.0599976
5911	280.019989
5912	280.0400085
5913	280
5914	279.9200134
5915	279.8900146
5916	279.8299866
5917	280.0400085
5918	280.1499939
5919	280.1499939
5920	280.3299866
5921	280.3299866
5922	280.2900085
5923	280.3500061
5924	280.3800049
5925	280.5400085
5926	280.5400085
5927	280.5599976
5928	280.519989
5929	280.480011
5930	280.3099976
5931	280.0799866
5932	280.1700134
5933	280.1700134
5934	280.4200134
5935	280.4400024
5936	280.3500061
5937	280.25
5938	280.2900085
5939	280.2900085
5940	280.3099976
5941	280.4200134
5942	280.3800049
5943	280.1700134
5944	280.269989
5945	280.3800049
5946	280.5
5947	280.5400085
5948	280.5599976
5949	280.5400085
5950	280.5599976
5951	280.4599915
5952	280.3099976
5953	280.0599976
5954	280
5955	279.9599915
5956	279.8500061
5957	279.8500061
5958	279.8500061
5959	280.230011
5960	280.5400085
5961	280.6099854
5962	280.5599976
5963	280.4599915
5964	280.269989
5965	280.269989
5966	279.9599915
5967	279.6600037
5968	279.5
5969	279.2000122
5970	279.2000122
5971	279.4100037
5972	279.5599976
5973	279.6199951
5974	279.5599976
5975	279.6000061
5976	279.5400085
5977	279.4100037
5978	279.25
5979	279.1000061
5980	278.4899902
5981	278.1600037
5982	277.4700012
5983	276.7399902
5984	276.4599915
5985	275.8999939
5986	275.5899963
5987	275.0799866
5988	274.7900085
5989	274.8299866
5990	274.8299866
5991	274.8099976
5992	274.5799866
5993	274.6199951
5994	274.769989
5995	274.9400024
5996	275.1499939
5997	275.1499939
5998	275.519989
5999	275.8200073
6000	275.9400024
6001	276.1300049
6002	275.980011
6003	275.8399963
6004	275.8399963
6005	276.2600098
6006	276.4899902
6007	276.6700134
6008	277.0899963
6009	277.3399963
6010	277.3900146
6011	277.3900146
6012	277.6799927
6013	277.7000122
6014	277.7200012
6015	277.6400146
6016	277.6600037
6017	277.5899963
6018	277.6400146
6019	277.7600098
6020	277.8500061
6021	277.9899902
6022	278.1400146
6023	278.2000122
6024	278.1000061
6025	278.0299988
6026	278.0100098
6027	278.0499878
6028	278.1199951
6029	278.1199951
6030	278.2200012
6031	278.1400146
6032	278.1799927
6033	278.1000061
6034	278.0499878
6035	278.0100098
6036	278.0100098
6037	278.0799866
6038	278.2399902
6039	278.2799988
6040	278.4700012
6041	278.4700012
6042	278.3900146
6043	278.4500122
6044	278.3699951
6045	278.1199951
6046	278.0100098
6047	278.0499878
6048	278.1799927
6049	278.2600098
6050	278.3900146
6051	278.3500061
6052	278.3299866
6053	278.4899902
6054	278.5400085
6055	278.4899902
6056	278.4299927
6057	278.3299866
6058	278.1000061
6059	278.0499878
6060	278.2799988
6061	278.2799988
6062	278.4299927
6063	278.6600037
6064	278.6400146
6065	278.5100098
6066	278.3500061
6067	278.4500122
6068	278.4500122
6069	278.3900146
6070	278.3900146
6071	278.4700012
6072	278.6400146
6073	278.5400085
6074	278.2799988
6075	278.2799988
6076	278.2600098
6077	278.3099976
6078	278.3699951
6079	278.6199951
6080	278.6799927
6081	278.5799866
6082	278.5100098
6083	278.5100098
6084	278.4899902
6085	278.5799866
6086	278.4700012
6087	278.4700012
6088	278.6199951
6089	278.4700012
6090	278.7000122
6091	278.8299866
6092	278.8500061
6093	278.769989
6094	278.8299866
6095	278.769989
6096	278.7900085
6097	278.769989
6098	278.6799927
6099	278.5599976
6100	278.5599976
6101	278.6600037
6102	278.7900085
6103	278.769989
6104	278.7399902
6105	278.8099976
6106	278.8099976
6107	278.8099976
6108	278.5400085
6109	278.6600037
6110	278.7200012
6111	278.7200012
6112	278.8299866
6113	278.8500061
6114	278.8900146
6115	278.8299866
6116	278.7399902
6117	278.7000122
6118	278.8500061
6119	279
6120	278.8900146
6121	278.9700012
6122	279.1000061
6123	279.1400146
6124	279.2000122
6125	279.0599976
6126	278.9299927
6127	278.8299866
6128	278.8699951
6129	278.9700012
6130	279.019989
6131	278.9100037
6132	278.8299866
6133	278.8099976
6134	278.7000122
6135	278.6600037
6136	278.6199951
6137	278.6400146
6138	278.8299866
6139	278.8299866
6140	279.019989
6141	278.9500122
6142	278.9299927
6143	278.9100037
6144	278.8900146
6145	278.9500122
6146	278.9500122
6147	278.9500122
6148	278.7399902
6149	278.6000061
6150	278.4500122
6151	278.5100098
6152	278.6799927
6153	278.769989
6154	279.0799866
6155	279.1799927
6156	279.0599976
6157	278.6799927
6158	278.4899902
6159	278.4899902
6160	278.4899902
6161	278.5599976
6162	278.4500122
6163	278.7000122
6164	278.8900146
6165	279
6166	279.0799866
6167	279.1400146
6168	279.0799866
6169	279.0400085
6170	278.9700012
6171	278.9700012
6172	278.7000122
6173	278.5100098
6174	278.4500122
6175	278.4299927
6176	278.4299927
6177	278.5100098
6178	278.5100098
6179	278.3500061
6180	277.9899902
6181	277.9100037
6182	277.8900146
6183	278.0499878
6184	278.5400085
6185	278.5400085
6186	278.769989
6187	278.9500122
6188	279
6189	278.9100037
6190	279.1400146
6191	279.1199951
6192	279.2000122
6193	279.1000061
6194	279.019989
6195	278.9700012
6196	278.9100037
6197	278.8900146
6198	278.769989
6199	278.7399902
6200	279.0400085
6201	279.1400146
6202	279.1799927
6203	279.1199951
6204	279
6205	278.7900085
6206	278.7000122
6207	278.7000122
6208	278.7000122
6209	278.7900085
6210	278.7900085
6211	279.0400085
6212	279.2000122
6213	279.230011
6214	279.269989
6215	279.2000122
6216	279.0599976
6217	279.0599976
6218	278.8500061
6219	278.9700012
6220	278.8699951
6221	278.8099976
6222	278.7399902
6223	278.7900085
6224	278.8500061
6225	279
6226	278.9700012
6227	278.8099976
6228	278.769989
6229	278.8299866
6230	278.8099976
6231	278.8299866
6232	279.1199951
6233	279.25
6234	279.230011
6235	279.1600037
6236	279.0799866
6237	278.9100037
6238	278.8900146
6239	278.769989
6240	278.7000122
6241	278.6000061
6242	278.6000061
6243	278.5100098
6244	278.4700012
6245	278.4100037
6246	278.3299866
6247	278.4299927
6248	278.7000122
6249	278.7000122
6250	279.019989
6251	278.8900146
6252	278.8699951
6253	278.7900085
6254	278.9100037
6255	279.1600037
6256	279.1600037
6257	279.1799927
6258	279.25
6259	279.3299866
6260	279.269989
6261	279.2900085
6262	279.3299866
6263	279.3699951
6264	279.4599915
6265	279.4599915
6266	279.5400085
6267	279.5799866
6268	279.6600037
6269	279.6900024
6270	279.6400146
6271	279.5400085
6272	279.5599976
6273	279.6900024
6274	279.8099976
6275	279.9200134
6276	280
6277	280.1199951
6278	280.1199951
6279	280.1900024
6280	280.1700134
6281	280.1700134
6282	280.3099976
6283	280.3099976
6284	280.3099976
6285	280.2099915
6286	280.2099915
6287	280.1900024
6288	280.1900024
6289	280.1199951
6290	280.1499939
6291	280.0599976
6292	280.1900024
6293	280.1900024
6294	280.1199951
6295	279.980011
6296	280.2099915
6297	280.2099915
6298	280.1499939
6299	280.25
6300	280.1900024
6301	280.2099915
6302	280.2099915
6303	280.3500061
6304	280.3299866
6305	280.4200134
6306	280.4400024
6307	280.3999939
6308	280.4400024
6309	280.2900085
6310	279.9599915
6311	279.7099915
6312	279.730011
6313	279.730011
6314	279.8699951
6315	279.9200134
6316	280
6317	280.0599976
6318	280.3800049
6319	280.6499939
6320	280.6499939
6321	280.769989
6322	280.6900024
6323	280.730011
6324	280.6499939
6325	280.480011
6326	280.1700134
6327	280.1700134
6328	280.1000061
6329	280.019989
6330	279.9200134
6331	279.8699951
6332	280.1199951
6333	280.2099915
6334	280.25
6335	280.2900085
6336	280.3999939
6337	280.3099976
6338	280.3800049
6339	280.480011
6340	280.6700134
6341	280.75
6342	280.8399963
6343	280.8399963
6344	280.8800049
6345	280.8599854
6346	280.8599854
6347	280.980011
6348	280.8399963
6349	280.8399963
6350	280.8599854
6351	280.769989
6352	280.769989
6353	280.75
6354	280.8399963
6355	280.8099976
6356	280.9400024
6357	280.980011
6358	280.8099976
6359	280.8099976
6360	280.6499939
6361	280.5
6362	280.3999939
6363	280.269989
6364	280.3999939
6365	280.5
6366	280.4599915
6367	280.4200134
6368	280.5
6369	280.519989
6370	280.4599915
6371	280.4599915
6372	280.4200134
6373	280.5
6374	280.6900024
6375	280.5799866
6376	280.6499939
6377	280.8599854
6378	280.8399963
6379	280.9200134
6380	280.7900085
6381	280.75
6382	280.730011
6383	280.730011
6384	280.6499939
6385	280.6300049
6386	280.6099854
6387	280.6499939
6388	280.8399963
6389	280.8599854
6390	280.7099915
6391	280.7099915
6392	280.6900024
6393	280.7900085
6394	280.7900085
6395	280.980011
6396	280.9200134
6397	280.8800049
6398	280.8800049
6399	280.9599915
6400	280.8999939
6401	280.8999939
6402	280.730011
6403	280.6300049
6404	280.5599976
6405	280.6499939
6406	280.7900085
6407	280.8099976
6408	280.769989
6409	280.769989
6410	281.0400085
6411	281.0899963
6412	281.019989
6413	280.8999939
6414	280.7900085
6415	280.8399963
6416	281.0899963
6417	281.1700134
6418	281.0700073
6419	280.9200134
6420	280.7900085
6421	280.6900024
6422	280.769989
6423	280.769989
6424	280.8599854
6425	280.8099976
6426	280.8099976
6427	280.9599915
6428	281.019989
6429	280.9200134
6430	280.9200134
6431	281.1099854
6432	281.1499939
6433	281.0700073
6434	281.019989
6435	280.9200134
6436	280.6700134
6437	280.6700134
6438	280.480011
6439	280.3800049
6440	280.25
6441	279.8900146
6442	279.8299866
6443	279.8299866
6444	279.9400024
6445	280.25
6446	280.2900085
6447	280.25
6448	280.1499939
6449	280.0400085
6450	279.980011
6451	279.8900146
6452	279.730011
6453	279.3900146
6454	278.8699951
6455	278.3500061
6456	278.0299988
6457	277.4700012
6458	277.0899963
6459	276.4599915
6460	276
6461	275.8399963
6462	275.8399963
6463	275.6900024
6464	275.6499939
6465	275.7099915
6466	275.769989
6467	275.8599854
6468	275.8200073
6469	275.8200073
6470	275.8800049
6471	276.2099915
6472	276.3200073
6473	276.6300049
6474	276.8999939
6475	277.0899963
6476	277.1499939
6477	277.4700012
6478	277.5100098
6479	277.7600098
6480	277.9299927
6481	278.1000061
6482	278.2399902
6483	278.2399902
6484	277.8200073
6485	277.7000122
6486	277.7600098
6487	277.7799988
6488	277.7399902
6489	277.7399902
6490	277.8900146
6491	277.9899902
6492	278.1000061
6493	278.2200012
6494	278.2200012
6495	278.4100037
6496	278.5599976
6497	278.6199951
6498	278.6799927
6499	278.6400146
6500	278.6400146
6501	278.6400146
6502	278.7200012
6503	278.6400146
6504	278.6400146
6505	278.6600037
6506	278.7900085
6507	278.8900146
6508	278.8900146
6509	278.8699951
6510	278.7399902
6511	278.7900085
6512	278.769989
6513	279.019989
6514	278.9700012
6515	279.019989
6516	279.1000061
6517	279.1600037
6518	279.1000061
6519	278.9700012
6520	278.9299927
6521	278.8099976
6522	278.8500061
6523	278.7900085
6524	278.8500061
6525	278.9700012
6526	278.9100037
6527	278.9100037
6528	279
6529	278.9299927
6530	279.0400085
6531	279.0599976
6532	279.1799927
6533	279.1799927
6534	279.230011
6535	279.2000122
6536	279.230011
6537	279.1400146
6538	279.019989
6539	279.019989
6540	279.019989
6541	279.1799927
6542	279.2000122
6543	279.1799927
6544	279.25
6545	279.0799866
6546	278.9100037
6547	278.8299866
6548	279.0400085
6549	279.1600037
6550	279.1600037
6551	279.0599976
6552	279
6553	278.9500122
6554	278.9500122
6555	278.9100037
6556	278.9299927
6557	279.0799866
6558	279.0599976
6559	279.1199951
6560	279.1000061
6561	279.1199951
6562	279.1600037
6563	278.8900146
6564	278.6400146
6565	278.6400146
6566	278.6199951
6567	278.9299927
6568	279.1799927
6569	279.5
6570	279.5799866
6571	279.4299927
6572	279.4299927
6573	279.1000061
6574	279.1199951
6575	279.0799866
6576	279
6577	278.9700012
6578	279.0400085
6579	279.0400085
6580	279
6581	278.9700012
6582	279
6583	279.1600037
6584	279.269989
6585	279.2900085
6586	279.2900085
6587	279.3699951
6588	279.3500061
6589	279.2900085
6590	279.230011
6591	279.1199951
6592	278.9500122
6593	278.8900146
6594	279.2000122
6595	279.25
6596	279.3900146
6597	279.3900146
6598	279.3299866
6599	279.1400146
6600	279.1600037
6601	279.1400146
6602	279.1600037
6603	279.2000122
6604	279.2000122
6605	279.2000122
6606	279.1400146
6607	279.230011
6608	279.2000122
6609	279.0599976
6610	279.0400085
6611	279.0400085
6612	278.8500061
6613	278.6000061
6614	278.5599976
6615	278.8500061
6616	279.1000061
6617	279.1799927
6618	279.25
6619	279.3299866
6620	279.230011
6621	279.3299866
6622	279.3699951
6623	279.3299866
6624	279.3500061
6625	279.3500061
6626	279.2000122
6627	279.2000122
6628	279.1799927
6629	279.2000122
6630	279.2000122
6631	279.3500061
6632	279.3299866
6633	279.230011
6634	279
6635	279.0400085
6636	279.269989
6637	279.3099976
6638	279.4100037
6639	279.3900146
6640	279.2900085
6641	279.3900146
6642	279.3900146
6643	279.3900146
6644	279.3299866
6645	279.3500061
6646	279.3099976
6647	279.230011
6648	279.230011
6649	279.25
6650	279.25
6651	279.1400146
6652	279.1799927
6653	279.230011
6654	279.0599976
6655	279.1799927
6656	279.1600037
6657	279.1600037
6658	278.9500122
6659	279.0799866
6660	279.0400085
6661	279.019989
6662	279.1400146
6663	279.1799927
6664	279.3500061
6665	279.5
6666	279.480011
6667	279.3500061
6668	279.1600037
6669	279.1199951
6670	279.1799927
6671	279.1600037
6672	279.1199951
6673	279
6674	279.0799866
6675	279.0799866
6676	279.25
6677	279.230011
6678	279.25
6679	279.230011
6680	279.3099976
6681	279.3299866
6682	279.3299866
6683	279.3500061
6684	279.2900085
6685	279.3699951
6686	279.4299927
6687	279.3900146
6688	279.25
6689	279.25
6690	279.3099976
6691	279.230011
6692	279.230011
6693	279.1199951
6694	279.0799866
6695	279.1199951
6696	279.1400146
6697	279.0400085
6698	279.0599976
6699	279.1600037
6700	279.3099976
6701	279.3099976
6702	279.3500061
6703	279.3900146
6704	279.2900085
6705	279.3900146
6706	279.5599976
6707	279.7099915
6708	279.8099976
6709	279.769989
6710	279.7099915
6711	279.5799866
6712	279.4299927
6713	279.3699951
6714	279.3699951
6715	279.3099976
6716	279.1799927
6717	279.1799927
6718	279.5
6719	279.730011
6720	279.6600037
6721	279.6600037
6722	279.5799866
6723	279.480011
6724	279.4100037
6725	279.25
6726	279.25
6727	279.269989
6728	279.4100037
6729	279.6199951
6730	279.480011
6731	279.3500061
6732	279.3699951
6733	279.3099976
6734	279.1000061
6735	279.25
6736	279.5599976
6737	279.6900024
6738	279.6000061
6739	279.480011
6740	279.5799866
6741	279.6600037
6742	279.769989
6743	279.8299866
6744	280.1499939
6745	280.3999939
6746	280.3999939
6747	280.5799866
6748	280.7099915
6749	280.8399963
6750	280.8999939
6751	281.019989
6752	280.9200134
6753	280.9200134
6754	281.1099854
6755	281.1300049
6756	281.0700073
6757	281.1900024
6758	281.2099915
6759	281.1900024
6760	281.1900024
6761	280.980011
6762	280.8099976
6763	280.8800049
6764	280.6900024
6765	280.7099915
6766	280.7099915
6767	280.8099976
6768	281.2099915
6769	281.3800049
6770	281.3399963
6771	281.230011
6772	281.1099854
6773	281.0400085
6774	281.0400085
6775	280.8800049
6776	280.8800049
6777	280.980011
6778	281.1099854
6779	281.0700073
6780	280.9599915
6781	280.7900085
6782	280.6499939
6783	280.5799866
6784	280.6099854
6785	280.6099854
6786	280.8800049
6787	280.980011
6788	281
6789	281.1300049
6790	281
6791	280.6900024
6792	280.6900024
6793	280.8399963
6794	280.8999939
6795	280.8399963
6796	280.7099915
6797	280.6300049
6798	280.5599976
6799	280.5
6800	280.230011
6801	280.230011
6802	280.3299866
6803	280.6300049
6804	280.8099976
6805	280.8800049
6806	281
6807	281.1099854
6808	281
6809	281.1300049
6810	281.3200073
6811	281.4200134
6812	281.1900024
6813	281.0899963
6814	281.1300049
6815	281.1700134
6816	281.1700134
6817	281.1700134
6818	281.2099915
6819	281.1499939
6820	281.1300049
6821	281.0700073
6822	281.0700073
6823	281.019989
6824	281.019989
6825	280.9200134
6826	281
6827	281.019989
6828	281.019989
6829	280.9599915
6830	280.9599915
6831	280.9599915
6832	281.2999878
6833	281.3999939
6834	281.4599915
6835	281.269989
6836	281.1300049
6837	281.019989
6838	281
6839	281
6840	281.0400085
6841	281.0899963
6842	281.0899963
6843	281.1099854
6844	281.0899963
6845	281.1099854
6846	281.0700073
6847	281.1700134
6848	281.2999878
6849	281.269989
6850	281.25
6851	281.230011
6852	281.25
6853	281.1499939
6854	281.1700134
6855	281.1499939
6856	281.1499939
6857	281.0899963
6858	281.2999878
6859	281.269989
6860	281.3999939
6861	281.6099854
6862	281.4200134
6863	281.4200134
6864	281.230011
6865	281.1099854
6866	281.0899963
6867	280.9400024
6868	280.6900024
6869	280.6700134
6870	280.7099915
6871	280.7099915
6872	280.7099915
6873	280.8099976
6874	280.769989
6875	280.7099915
6876	280.8599854
6877	280.9400024
6878	281.1700134
6879	281.230011
6880	281.1499939
6881	281.2099915
6882	281.230011
6883	281.2099915
6884	281.1900024
6885	281.2999878
6886	281.3999939
6887	281.5499878
6888	281.5899963
6889	281.4599915
6890	281.4200134
6891	281.2099915
6892	280.9599915
6893	280.980011
6894	281.3399963
6895	281.3399963
6896	281.6499939
6897	281.480011
6898	281.4599915
6899	281.1900024
6900	281.269989
6901	281.25
6902	281.25
6903	281.3200073
6904	281.2099915
6905	281.2999878
6906	281.3800049
6907	281.3599854
6908	281.3399963
6909	281.3399963
6910	281.1900024
6911	281.0400085
6912	280.8399963
6913	280.5
6914	280.3999939
6915	280.25
6916	280.1199951
6917	280.0599976
6918	280.0599976
6919	280.2099915
6920	280.3999939
6921	280.3999939
6922	280.519989
6923	280.5400085
6924	280.3099976
6925	279.9400024
6926	279.7099915
6927	279.7099915
6928	279.1400146
6929	278.6000061
6930	278.3299866
6931	277.6600037
6932	277.0499878
6933	276.7799988
6934	276.7799988
6935	276.3599854
6936	276.1700134
6937	276.1900024
6938	276.3200073
6939	276.5299988
6940	276.6099854
6941	276.7399902
6942	276.9200134
6943	277.2399902
6944	277.4700012
6945	277.7399902
6946	278.0100098
6947	278.0299988
6948	278.0299988
6949	278.1799927
6950	278.3699951
6951	278.7900085
6952	278.9100037
6953	278.9299927
6954	279.019989
6955	278.9700012
6956	279.1799927
6957	279.4599915
6958	279.5
6959	279.519989
6960	279.5
6961	279.5
6962	279.4299927
6963	279.25
6964	279.1799927
6965	279.1799927
6966	279.1799927
6967	279.2900085
6968	279.2900085
6969	279.2000122
6970	279.019989
6971	278.769989
6972	278.7900085
6973	278.7900085
6974	278.9299927
6975	279.1000061
6976	279.1400146
6977	279.1400146
6978	279.3299866
6979	279.4299927
6980	279.6000061
6981	279.5400085
6982	279.5
6983	279.5799866
6984	279.730011
6985	279.8699951
6986	280
6987	280.0400085
6988	280.019989
6989	279.9200134
6990	279.6000061
6991	279.3699951
6992	279.269989
6993	279.1000061
6994	279.019989
6995	278.8500061
6996	278.9500122
6997	279.230011
6998	279.230011
6999	279.4100037
7000	279.4100037
7001	279.3099976
7002	279.1199951
7003	279.2000122
7004	279.3900146
7005	279.3900146
7006	279.7900085
7007	279.8900146
7008	279.8500061
7009	279.9200134
7010	279.6900024
7011	279.519989
7012	279.519989
7013	279.519989
7014	279.5799866
7015	279.6400146
7016	279.8699951
7017	280
7018	279.9599915
7019	279.9599915
7020	279.769989
7021	279.6600037
7022	279.4100037
7023	279.1799927
7024	279.2000122
7025	279.3900146
7026	279.4299927
7027	279.5
7028	279.6400146
7029	279.8500061
7030	279.769989
7031	279.730011
7032	279.6400146
7033	279.8099976
7034	279.9599915
7035	279.9200134
7036	279.9200134
7037	279.9200134
7038	279.8099976
7039	279.7099915
7040	279.6900024
7041	279.6400146
7042	279.6900024
7043	279.6400146
7044	279.6400146
7045	279.6900024
7046	279.7099915
7047	279.8099976
7048	279.8900146
7049	279.8900146
7050	279.8299866
7051	279.6900024
7052	279.8299866
7053	279.8699951
7054	279.8900146
7055	279.7900085
7056	279.5
7057	279.3299866
7058	279.1600037
7059	279.3099976
7060	279.3299866
7061	279.519989
7062	279.6199951
7063	279.6199951
7064	279.519989
7065	279.480011
7066	279.2900085
7067	279.3500061
7068	279.5400085
7069	279.5400085
7070	279.730011
7071	279.6900024
7072	279.6199951
7073	279.3299866
7074	279.1000061
7075	279.1600037
7076	279.1600037
7077	279.8099976
7078	279.9400024
7079	279.7900085
7080	279.8099976
7081	279.9200134
7082	279.7900085
7083	279.7900085
7084	279.519989
7085	279.4100037
7086	279.519989
7087	279.769989
7088	280
7089	280.0799866
7090	280.1499939
7091	280.1900024
7092	280.1499939
7093	280
7094	279.9200134
7095	279.8699951
7096	279.9200134
7097	279.8299866
7098	279.6900024
7099	279.769989
7100	279.9599915
7101	280.0599976
7102	280.019989
7103	280.1499939
7104	280.2099915
7105	280.1499939
7106	280.0799866
7107	280.0799866
7108	280.0799866
7109	280.1199951
7110	280.1000061
7111	280.0799866
7112	279.9599915
7113	279.8900146
7114	280.019989
7115	280.019989
7116	279.8699951
7117	279.9400024
7118	279.8699951
7119	279.730011
7120	279.6199951
7121	279.5400085
7122	279.6400146
7123	279.8099976
7124	279.8500061
7125	279.9400024
7126	280
7127	279.8900146
7128	280
7129	280.0400085
7130	280.0599976
7131	280
7132	279.730011
7133	279.6600037
7134	279.6900024
7135	279.730011
7136	279.75
7137	279.769989
7138	279.9400024
7139	280.2099915
7140	280.2099915
7141	280.1199951
7142	280.1199951
7143	280.1700134
7144	280.1000061
7145	280.2900085
7146	280.2099915
7147	280.2099915
7148	280.1199951
7149	279.980011
7150	279.9400024
7151	279.9599915
7152	280.0400085
7153	280.019989
7154	280.019989
7155	279.980011
7156	280.0599976
7157	280.1199951
7158	280.1000061
7159	280.1199951
7160	280.1000061
7161	280.0799866
7162	280.1000061
7163	280
7164	280.0599976
7165	280.1199951
7166	280.0599976
7167	280.1000061
7168	279.980011
7169	280
7170	279.9200134
7171	279.8099976
7172	279.5400085
7173	279.480011
7174	279.3699951
7175	279.3099976
7176	279.1600037
7177	279.25
7178	279.3299866
7179	279.3299866
7180	279.5400085
7181	279.769989
7182	279.8699951
7183	280.0799866
7184	280.230011
7185	280.230011
7186	280.230011
7187	280.1199951
7188	280.2099915
7189	280.2900085
7190	280.269989
7191	280.230011
7192	280.230011
7193	280.230011
7194	280.0599976
7195	280.1900024
7196	280.1700134
7197	280.2099915
7198	280.0400085
7199	279.8900146
7200	279.8900146
7201	279.8500061
7202	279.8500061
7203	279.9200134
7204	280
7205	280.019989
7206	279.9400024
7207	279.8900146
7208	280.0400085
7209	280.1700134
7210	280.4599915
7211	280.8399963
7212	280.9200134
7213	280.8800049
7214	280.6700134
7215	280.7099915
7216	280.769989
7217	280.75
7218	280.75
7219	280.8800049
7220	280.9400024
7221	280.9400024
7222	281.1700134
7223	281.3399963
7224	281.5
7225	281.5
7226	281.5700073
7227	281.5700073
7228	281.6499939
7229	281.9200134
7230	281.7999878
7231	281.730011
7232	281.6900024
7233	281.7799988
7234	281.9200134
7235	281.9400024
7236	281.8200073
7237	281.8999939
7238	281.9599915
7239	282.0100098
7240	282.0499878
7241	282.0499878
7242	281.8200073
7243	281.6099854
7244	281.5499878
7245	281.5
7246	281.5
7247	281.6499939
7248	281.8800049
7249	282.0899963
7250	282.0899963
7251	282.1300049
7252	282.1099854
7253	282.1099854
7254	282.0100098
7255	281.9200134
7256	281.7099915
7257	281.7099915
7258	281.5
7259	281.5299988
7260	281.4400024
7261	281.5499878
7262	281.6099854
7263	281.5299988
7264	281.5299988
7265	281.6300049
7266	281.6700134
7267	281.6300049
7268	281.5899963
7269	281.6900024
7270	281.7600098
7271	281.6900024
7272	281.6499939
7273	281.480011
7274	281.25
7275	281.2999878
7276	281.269989
7277	281.269989
7278	281.4400024
7279	281.5
7280	281.4400024
7281	281.4599915
7282	281.4599915
7283	281.4599915
7284	281.5299988
7285	281.5499878
7286	281.4400024
7287	281.5700073
7288	281.5700073
7289	281.5700073
7290	281.5899963
7291	281.6700134
7292	281.6300049
7293	281.6300049
7294	281.6700134
7295	281.6700134
7296	281.6700134
7297	281.730011
7298	281.6499939
7299	281.6300049
7300	281.5700073
7301	281.5
7302	281.4599915
7303	281.5
7304	281.4400024
7305	281.5499878
7306	281.5499878
7307	281.7099915
7308	281.8800049
7309	281.8999939
7310	281.8399963
7311	281.8800049
7312	281.7600098
7313	281.730011
7314	281.7099915
7315	281.6099854
7316	281.5
7317	281.5
7318	281.480011
7319	281.5899963
7320	281.6099854
7321	281.6099854
7322	281.6300049
7323	281.480011
7324	281.5299988
7325	281.7099915
7326	281.9599915
7327	282.1300049
7328	282.1300049
7329	282.1700134
7330	281.9400024
7331	281.8800049
7332	281.7999878
7333	281.6300049
7334	281.5700073
7335	281.5700073
7336	281.4200134
7337	281.6300049
7338	281.6900024
7339	281.6700134
7340	281.6300049
7341	281.6099854
7342	281.6099854
7343	281.7600098
7344	281.8800049
7345	281.8599854
7346	281.9899902
7347	282.1300049
7348	282.1099854
7349	282.0700073
7350	282.0700073
7351	282.1099854
7352	281.8800049
7353	281.7099915
7354	281.6900024
7355	281.6099854
7356	281.6499939
7357	281.6900024
7358	281.8200073
7359	282.1300049
7360	282.1300049
7361	282.0899963
7362	281.9200134
7363	281.8999939
7364	281.8599854
7365	281.5700073
7366	281.4200134
7367	281.4200134
7368	281.3399963
7369	281.1900024
7370	281.1499939
7371	281.25
7372	281.3800049
7373	281.4400024
7374	281.5
7375	281.6499939
7376	281.6900024
7377	281.6499939
7378	281.6900024
7379	281.7099915
7380	281.730011
7381	281.7600098
7382	281.8999939
7383	281.8999939
7384	281.8399963
7385	281.4599915
7386	281.3200073
7387	280.980011
7388	280.769989
7389	280.2900085
7390	280.1000061
7391	280.1700134
7392	280.1900024
7393	280.2099915
7394	280.1700134
7395	280.2900085
7396	280.480011
7397	280.480011
7398	280.480011
7399	280.480011
7400	279.8500061
7401	279.3099976
7402	279.019989
7403	278.3699951
7404	277.9500122
7405	277.6799927
7406	277.6799927
7407	277.5299988
7408	277.5499878
7409	277.6600037
7410	277.7200012
7411	277.8699951
7412	277.9100037
7413	277.9899902
7414	278.2600098
7415	278.2600098
7416	278.2600098
7417	278.2399902
7418	278.2200012
7419	278.3099976
7420	278.5100098
7421	279.0799866
7422	279.0799866
7423	279.1000061
7424	279.0799866
7425	279.0799866
7426	279.0799866
7427	279.0599976
7428	279.1400146
7429	279.3699951
7430	279.6400146
7431	279.6400146
7432	279.8099976
7433	279.8299866
7434	279.8699951
7435	279.7900085
7436	279.769989
7437	279.5
7438	279.5
7439	279.4299927
7440	279.730011
7441	279.8099976
7442	280.0799866
7443	280.0599976
7444	280.1000061
7445	280.1000061
7446	280
7447	280
7448	279.9200134
7449	279.75
7450	279.7099915
7451	279.6400146
7452	279.6199951
7453	279.8699951
7454	280
7455	280
7456	279.9200134
7457	279.730011
7458	279.8299866
7459	279.8500061
7460	279.8699951
7461	280
7462	280.0799866
7463	279.8900146
7464	280
7465	279.9400024
7466	279.9599915
7467	279.980011
7468	279.980011
7469	279.9200134
7470	279.9200134
7471	280
7472	280.0799866
7473	280.1199951
7474	280.230011
7475	280.230011
7476	280.0599976
7477	280.0599976
7478	279.8299866
7479	279.8699951
7480	279.730011
7481	279.6600037
7482	279.480011
7483	279.480011
7484	279.5
7485	279.6900024
7486	279.769989
7487	279.8500061
7488	279.980011
7489	280.019989
7490	279.8500061
7491	279.9400024
7492	280.1499939
7493	280.1499939
7494	280.1000061
7495	279.9599915
7496	279.9400024
7497	279.9200134
7498	280.019989
7499	280.2099915
7500	280
7501	279.980011
7502	279.980011
7503	280.0400085
7504	279.980011
7505	280
7506	280
7507	279.7900085
7508	279.8099976
7509	279.8099976
7510	279.8900146
7511	280
7512	279.9400024
7513	279.8699951
7514	280
7515	280.2099915
7516	280.2099915
7517	280.4400024
7518	280.519989
7519	280.480011
7520	280.3999939
7521	280.2900085
7522	280.1700134
7523	280.2099915
7524	280.1000061
7525	280.0799866
7526	280.1199951
7527	280.0799866
7528	280.1000061
7529	280.0799866
7530	280.1000061
7531	279.9599915
7532	279.980011
7533	280.25
7534	280.3800049
7535	280.519989
7536	280.5799866
7537	280.6499939
7538	280.8599854
7539	281.0700073
7540	280.8999939
7541	280.8999939
7542	280.6700134
7543	280.5400085
7544	280.4200134
7545	280.1499939
7546	280
7547	280.1000061
7548	280.1000061
7549	280.1199951
7550	280.230011
7551	280.230011
7552	280.1700134
7553	280.1499939
7554	280.1900024
7555	280.1900024
7556	280.269989
7557	280.3500061
7558	280.3299866
7559	280.3099976
7560	280.5599976
7561	280.5799866
7562	280.5799866
7563	280.4200134
7564	280.3500061
7565	280.269989
7566	280.1499939
7567	280.1900024
7568	280
7569	280.0400085
7570	280.1199951
7571	280.1000061
7572	280.019989
7573	280.1199951
7574	280.1499939
7575	280.2099915
7576	280.25
7577	280.3500061
7578	280.3500061
7579	280.1700134
7580	280.1700134
7581	279.8500061
7582	279.9200134
7583	279.9400024
7584	280.0799866
7585	280.3500061
7586	280.4200134
7587	280.4200134
7588	280.3800049
7589	280.3800049
7590	280.480011
7591	280.3299866
7592	280.1499939
7593	280.019989
7594	279.9400024
7595	280.0799866
7596	280.1199951
7597	280.269989
7598	280.3099976
7599	280.3500061
7600	280.2900085
7601	280.269989
7602	280.230011
7603	280.269989
7604	280.25
7605	280.1499939
7606	280.1499939
7607	280.019989
7608	279.9599915
7609	279.8299866
7610	279.8299866
7611	279.9599915
7612	279.9599915
7613	280.25
7614	280.4200134
7615	280.3999939
7616	280.269989
7617	280
7618	279.8099976
7619	279.8099976
7620	279.8699951
7621	279.8500061
7622	279.8500061
7623	279.8099976
7624	279.980011
7625	280.0400085
7626	280.0599976
7627	279.980011
7628	279.9200134
7629	279.8900146
7630	279.8900146
7631	280.0599976
7632	280.1700134
7633	280.1499939
7634	280.1199951
7635	280.1000061
7636	280.1000061
7637	280.1700134
7638	280.1700134
7639	280.1900024
7640	280.1000061
7641	279.730011
7642	279.6199951
7643	279.4599915
7644	279.5799866
7645	279.75
7646	279.769989
7647	279.75
7648	279.8099976
7649	279.8500061
7650	279.8500061
7651	279.8500061
7652	280.269989
7653	280.4200134
7654	280.5
7655	280.519989
7656	280.5
7657	280.25
7658	280.25
7659	279.980011
7660	280.019989
7661	280.1199951
7662	279.980011
7663	279.9200134
7664	279.9400024
7665	280
7666	280.1000061
7667	280.1000061
7668	280.0599976
7669	280.25
7670	280.4400024
7671	280.480011
7672	280.4599915
7673	280.4200134
7674	280.3500061
7675	280.3299866
7676	280.4400024
7677	280.3800049
7678	280.4200134
7679	280.3800049
7680	280.3099976
7681	280.1900024
7682	280.2900085
7683	280.2900085
7684	280.5599976
7685	280.769989
7686	280.7900085
7687	280.6900024
7688	280.7900085
7689	280.9200134
7690	280.9200134
7691	280.8999939
7692	280.9599915
7693	281.0400085
7694	281.1900024
7695	281.480011
7696	281.480011
7697	281.480011
7698	281.4400024
7699	281.4400024
7700	281.4599915
7701	281.5700073
7702	281.4599915
7703	281.4599915
7704	281.5
7705	281.4200134
7706	281.5299988
7707	281.5
7708	281.5499878
7709	281.5299988
7710	281.5299988
7711	281.5299988
7712	281.480011
7713	281.4599915
7714	281.5700073
7715	281.6300049
7716	281.6700134
7717	281.730011
7718	281.7099915
7719	281.6099854
7720	281.5700073
7721	281.5
7722	281.5
7723	281.5299988
7724	281.5899963
7725	281.5299988
7726	281.4400024
7727	281.3800049
7728	281.3599854
7729	281.3599854
7730	281.3200073
7731	281.269989
7732	281.2999878
7733	281.269989
7734	281.269989
7735	281.4200134
7736	281.5299988
7737	281.7099915
7738	281.7999878
7739	281.6499939
7740	281.5899963
7741	281.6099854
7742	281.6700134
7743	281.7099915
7744	281.6499939
7745	281.7600098
7746	281.8200073
7747	281.8999939
7748	281.9599915
7749	281.9899902
7750	281.8999939
7751	281.7799988
7752	281.7799988
7753	281.8999939
7754	281.8999939
7755	281.8399963
7756	281.6300049
7757	281.6300049
7758	281.6300049
7759	281.5299988
7760	281.3599854
7761	281.3599854
7762	281.5499878
7763	281.6499939
7764	281.6499939
7765	281.5299988
7766	281.5499878
7767	281.6099854
7768	281.6099854
7769	281.6099854
7770	281.7099915
7771	281.7099915
7772	281.7099915
7773	281.730011
7774	281.7799988
7775	281.8599854
7776	281.8599854
7777	281.7799988
7778	281.5700073
7779	281.5499878
7780	281.5
7781	281.5499878
7782	281.5499878
7783	281.5499878
7784	281.5299988
7785	281.5299988
7786	281.4599915
7787	281.3999939
7788	281.5499878
7789	281.6099854
7790	281.6300049
7791	281.6300049
7792	281.6499939
7793	281.6499939
7794	281.6099854
7795	281.480011
7796	281.480011
7797	281.5700073
7798	281.5
7799	281.5499878
7800	281.5499878
7801	281.4599915
7802	281.3999939
7803	281.3800049
7804	281.5299988
7805	281.4400024
7806	281.3800049
7807	281.2999878
7808	281.269989
7809	281.3399963
7810	281.4599915
7811	281.5499878
7812	281.5499878
7813	281.5299988
7814	281.480011
7815	281.6700134
7816	281.7099915
7817	281.9899902
7818	281.7799988
7819	281.7099915
7820	281.4599915
7821	281.4400024
7822	281.480011
7823	281.5299988
7824	281.5499878
7825	281.5499878
7826	281.2999878
7827	281.1300049
7828	281.1300049
7829	281.230011
7830	281.230011
7831	281.3200073
7832	281.3200073
7833	281.3999939
7834	281.3399963
7835	281.269989
7836	281.230011
7837	281.0899963
7838	281.4200134
7839	281.4200134
7840	281.5899963
7841	281.5299988
7842	281.5499878
7843	281.5
7844	281.5499878
7845	281.6499939
7846	281.6900024
7847	281.6099854
7848	281.5499878
7849	281.7600098
7850	281.8200073
7851	281.8800049
7852	281.9200134
7853	281.9899902
7854	281.6099854
7855	281.4599915
7856	281.2999878
7857	281.3599854
7858	281.269989
7859	281.1900024
7860	281.0899963
7861	280.6900024
7862	280.269989
7863	279.9599915
7864	279.9599915
7865	280.0599976
7866	280.2900085
7867	280.4200134
7868	280.519989
7869	280.6099854
7870	280.519989
7871	280.519989
7872	280
7873	279.730011
7874	279.730011
7875	279.3500061
7876	278.9700012
7877	278.6400146
7878	278.6400146
7879	277.9899902
7880	277.8500061
7881	277.7600098
7882	277.6400146
7883	277.5299988
7884	277.6199951
7885	277.6400146
7886	278.0799866
7887	278.1600037
7888	278.3900146
7889	278.5400085
7890	278.6199951
7891	278.7900085
7892	278.8900146
7893	278.9700012
7894	279.1600037
7895	279.3299866
7896	279.5
7897	279.5799866
7898	279.6000061
7899	279.519989
7900	279.2900085
7901	279.3500061
7902	279.4100037
7903	279.4100037
7904	279.5
7905	279.6400146
7906	279.6199951
7907	279.6000061
7908	279.5799866
7909	279.8099976
7910	279.8099976
7911	280
7912	280.0799866
7913	280
7914	280.1000061
7915	280.019989
7916	279.9400024
7917	280.019989
7918	280.1199951
7919	280.0599976
7920	280
7921	279.9400024
7922	279.9200134
7923	279.980011
7924	280
7925	279.8500061
7926	279.8099976
7927	279.8900146
7928	279.9599915
7929	279.9599915
7930	280
7931	280.019989
7932	279.8099976
7933	279.6600037
7934	279.6199951
7935	279.6199951
7936	279.8299866
7937	279.7900085
7938	279.8500061
7939	279.9599915
7940	280.019989
7941	280.1000061
7942	280.1000061
7943	279.8900146
7944	279.6600037
7945	279.6199951
7946	279.6400146
7947	279.5599976
7948	279.5400085
7949	279.5400085
7950	279.7900085
7951	279.6600037
7952	279.6000061
7953	279.4299927
7954	279.1799927
7955	279.1000061
7956	279.1600037
7957	279.0599976
7958	279.230011
7959	279.480011
7960	279.8299866
7961	279.9599915
7962	279.9400024
7963	279.8500061
7964	279.5799866
7965	279.5
7966	279.5799866
7967	279.9200134
7968	280.019989
7969	280.1499939
7970	280.1499939
7971	280
7972	279.9200134
7973	279.9200134
7974	279.9200134
7975	279.9599915
7976	279.8900146
7977	279.8099976
7978	279.6400146
7979	279.519989
7980	279.519989
7981	279.519989
7982	279.6400146
7983	279.8500061
7984	279.8099976
7985	279.9400024
7986	280.1499939
7987	280.1900024
7988	280.2099915
7989	280.25
7990	280.3099976
7991	280.3099976
7992	280.1199951
7993	279.9400024
7994	279.9200134
7995	279.9200134
7996	280.269989
7997	280.25
7998	280.269989
7999	280.230011
8000	280.1900024
8001	280.1900024
8002	280.230011
8003	280.2900085
8004	280.3299866
8005	280.519989
8006	280.519989
8007	280.730011
8008	280.6300049
8009	280.6300049
8010	280.4400024
8011	280.4200134
8012	280.480011
8013	280.480011
8014	280.6300049
8015	280.5799866
8016	280.5799866
8017	280.5799866
8018	280.480011
8019	280.4400024
8020	280.4400024
8021	280.269989
8022	280.230011
8023	280.269989
8024	280.4599915
8025	280.6499939
8026	280.7099915
8027	280.75
8028	280.519989
8029	280.480011
8030	280.2099915
8031	280.0400085
8032	280.0599976
8033	280.1900024
8034	280.3099976
8035	280.2900085
8036	280.3800049
8037	280.519989
8038	280.4400024
8039	280.5
8040	280.5
8041	280.519989
8042	280.480011
8043	280.5799866
8044	280.6300049
8045	280.6300049
8046	280.3800049
8047	280.2900085
8048	280.2099915
8049	280.3500061
8050	280.3800049
8051	280.4599915
8052	280.4599915
8053	280.0799866
8054	279.75
8055	279.75
8056	279.7900085
8057	279.9599915
8058	280
8059	279.9400024
8060	280.1900024
8061	280.2900085
8062	280.3299866
8063	280.5
8064	280.480011
8065	280.3500061
8066	280.1499939
8067	280.0599976
8068	280.1700134
8069	280.230011
8070	280.2099915
8071	280.2099915
8072	280.3800049
8073	280.4400024
8074	280.519989
8075	280.4200134
8076	280.3999939
8077	280.3999939
8078	280.5400085
8079	280.6900024
8080	280.6300049
8081	280.769989
8082	280.7900085
8083	280.6499939
8084	280.6499939
8085	280.4400024
8086	280.480011
8087	280.4599915
8088	280.4400024
8089	280.1000061
8090	280.019989
8091	280.019989
8092	280.0400085
8093	280.3500061
8094	280.3299866
8095	280.3999939
8096	280.4400024
8097	280.519989
8098	280.4599915
8099	280.230011
8100	280.0400085
8101	279.8099976
8102	279.519989
8103	279.4299927
8104	279.6400146
8105	279.8699951
8106	280.4200134
8107	280.5799866
8108	280.6900024
8109	280.5599976
8110	280.519989
8111	280.3299866
8112	280.25
8113	280.1900024
8114	280.230011
8115	280.0599976
8116	280.0599976
8117	279.980011
8118	280.1900024
8119	280.230011
8120	280.480011
8121	280.6300049
8122	280.7099915
8123	280.7099915
8124	280.75
8125	280.75
8126	280.769989
8127	280.7099915
8128	280.75
8129	280.6700134
8130	280.75
8131	280.5400085
8132	280.4400024
8133	280.3299866
8134	280.269989
8135	280.1199951
8136	280.0799866
8137	280.2099915
8138	279.9599915
8139	279.8099976
8140	279.9200134
8141	280.0400085
8142	280.0599976
8143	280.0599976
8144	280.0799866
8145	280.019989
8146	280.2099915
8147	280.3800049
8148	280.6499939
8149	280.7099915
8150	280.6700134
8151	280.7099915
8152	280.6700134
8153	280.8099976
8154	280.6900024
8155	280.6900024
8156	280.7099915
8157	280.8800049
8158	281
8159	281.0700073
8160	281.2099915
8161	281.1499939
8162	281.1499939
8163	281.1099854
8164	281
8165	281
8166	280.9200134
8167	281
8168	281.1099854
8169	281.25
8170	281.5499878
8171	281.6499939
8172	281.9400024
8173	281.9899902
8174	281.8800049
8175	281.8599854
8176	281.8200073
8177	281.7799988
8178	281.6900024
8179	281.5299988
8180	281.6700134
8181	281.6300049
8182	281.6300049
8183	281.5499878
8184	281.5700073
8185	281.5700073
8186	281.7600098
8187	281.7600098
8188	281.7099915
8189	281.6099854
8190	281.6499939
8191	281.6900024
8192	281.7799988
8193	281.8800049
8194	281.8800049
8195	281.730011
8196	281.7799988
8197	281.7999878
8198	281.8399963
8199	281.9200134
8200	281.9599915
8201	281.9599915
8202	281.8599854
8203	281.7999878
8204	281.730011
8205	281.5299988
8206	281.3999939
8207	281.4200134
8208	281.5299988
8209	281.8800049
8210	281.9599915
8211	281.8999939
8212	281.8800049
8213	281.7999878
8214	281.730011
8215	281.7600098
8216	281.6700134
8217	281.4599915
8218	281.4200134
8219	281.4599915
8220	281.5299988
8221	281.5299988
8222	281.5499878
8223	281.2099915
8224	281.1499939
8225	281.3399963
8226	281.3399963
8227	281.3800049
8228	281.480011
8229	281.5299988
8230	281.6499939
8231	281.7600098
8232	281.5700073
8233	281.5700073
8234	281.4400024
8235	281.5700073
8236	281.6099854
8237	281.6900024
8238	281.7999878
8239	281.8999939
8240	281.9599915
8241	281.9899902
8242	281.8200073
8243	281.6499939
8244	281.7099915
8245	281.730011
8246	281.6900024
8247	281.5499878
8248	281.4200134
8249	281.5700073
8250	281.6700134
8251	281.8399963
8252	281.9400024
8253	281.9200134
8254	281.8999939
8255	281.7999878
8256	282.0499878
8257	282.0899963
8258	282.0899963
8259	282.0700073
8260	281.9200134
8261	281.9400024
8262	281.8399963
8263	281.7799988
8264	281.6300049
8265	281.6300049
8266	281.5299988
8267	281.3800049
8268	281.2999878
8269	281.4200134
8270	281.5
8271	281.6099854
8272	281.6099854
8273	281.6300049
8274	281.5700073
8275	281.5899963
8276	281.5899963
8277	281.5
8278	281.4400024
8279	281.4200134
8280	281.5899963
8281	281.6099854
8282	281.5299988
8283	281.730011
8284	281.8399963
8285	281.730011
8286	281.6300049
8287	281.5499878
8288	281.4200134
8289	281.3599854
8290	281.3999939
8291	281.480011
8292	281.6700134
8293	281.7099915
8294	281.730011
8295	281.6099854
8296	281.5499878
8297	281.5499878
8298	281.6099854
8299	281.480011
8300	281.4599915
8301	281.3800049
8302	281.1700134
8303	281.0700073
8304	281.0700073
8305	280.9599915
8306	281
8307	280.980011
8308	280.8599854
8309	281.1700134
8310	281.25
8311	281.3200073
8312	281.269989
8313	281.3599854
8314	281.5
8315	281.8800049
8316	281.9200134
8317	281.8399963
8318	281.7999878
8319	281.6499939
8320	281.6499939
8321	281.5899963
8322	281.6700134
8323	281.7799988
8324	281.7600098
8325	281.6900024
8326	281.5899963
8327	281.5899963
8328	281.6700134
8329	281.6700134
8330	281.7099915
8331	281.5700073
8332	281.4400024
8333	281.1300049
8334	280.7900085
8335	280.5
8336	280.5
8337	280.1700134
8338	280.3500061
8339	280.3299866
8340	280.4599915
8341	280.5400085
8342	280.7900085
8343	280.7900085
8344	280.730011
8345	280.480011
8346	280.3999939
8347	279.8099976
8348	279.519989
8349	279.230011
8350	279.019989
8351	278.6199951
8352	278.4100037
8353	278.3500061
8354	278.1799927
8355	278.0499878
8356	278.0299988
8357	278.1400146
8358	278.2799988
8359	278.2799988
8360	278.3099976
8361	278.4899902
8362	278.6000061
8363	278.7900085
8364	278.8500061
8365	278.8299866
8366	279
8367	279.1799927
8368	279.1799927
8369	279.4299927
8370	279.480011
8371	279.3900146
8372	279.269989
8373	279.2000122
8374	279.230011
8375	279.230011
8376	279.519989
8377	279.7900085
8378	279.8900146
8379	280.019989
8380	279.8500061
8381	279.7900085
8382	279.8500061
8383	279.8099976
8384	279.8900146
8385	279.8500061
8386	279.8500061
8387	280.019989
8388	280.0400085
8389	280.0799866
8390	280.1499939
8391	280.2900085
8392	280.480011
8393	280.5
8394	280.4400024
8395	280.2900085
8396	280.1700134
8397	280.25
8398	280.4400024
8399	280.730011
8400	280.8800049
8401	280.9200134
8402	280.8599854
8403	280.7900085
8404	280.7099915
8405	280.5799866
8406	280.6099854
8407	280.6099854
8408	280.5400085
8409	280.519989
8410	280.4599915
8411	280.25
8412	280.0799866
8413	280.2099915
8414	280.2099915
8415	280.269989
8416	280.1700134
8417	280.1199951
8418	279.980011
8419	279.9400024
8420	280
8421	280.0400085
8422	280.0799866
8423	280.1000061
8424	280.3500061
8425	280.4200134
8426	280.519989
8427	280.6900024
8428	280.6900024
8429	280.769989
8430	280.730011
8431	280.769989
8432	280.7900085
8433	280.7099915
8434	280.75
8435	280.7900085
8436	280.8800049
8437	280.7900085
8438	280.6300049
8439	280.6300049
8440	280.4200134
8441	280.3099976
8442	280.3099976
8443	280.269989
8444	280.3299866
8445	280.480011
8446	280.480011
8447	280.5400085
8448	280.4599915
8449	280.4599915
8450	280.6300049
8451	280.7900085
8452	280.9200134
8453	280.9200134
8454	280.7900085
8455	280.8399963
8456	280.75
8457	280.5599976
8458	280.5799866
8459	280.6499939
8460	280.6300049
8461	280.75
8462	280.6700134
8463	280.519989
8464	280.4200134
8465	280.4200134
8466	280.4200134
8467	280.4599915
8468	280.4200134
8469	280.5400085
8470	280.6900024
8471	280.730011
8472	280.7900085
8473	280.7099915
8474	280.6700134
8475	280.4400024
8476	280.1499939
8477	280.0599976
8478	280.0599976
8479	280.2099915
8480	280.019989
8481	279.8900146
8482	279.8900146
8483	279.519989
8484	279.3299866
8485	279.3299866
8486	279.4599915
8487	279.5400085
8488	279.5799866
8489	279.5599976
8490	279.6400146
8491	279.730011
8492	279.6900024
8493	279.7099915
8494	279.8699951
8495	280.2099915
8496	280.2099915
8497	280.019989
8498	279.7900085
8499	279.769989
8500	281.0400085
8501	280.980011
8502	280.769989
8503	280.3999939
8504	280.230011
8505	280.019989
8506	280.1499939
8507	280.4400024
8508	280.8399963
8509	281.1099854
8510	281.1099854
8511	280.0599976
8512	278.9100037
8513	278.4899902
8514	278.4500122
8515	279.3099976
8516	279.9400024
8517	279.9400024
8518	280.6099854
8519	280.9400024
8520	280.9200134
8521	281.2999878
8522	281.5899963
8523	281.6300049
8524	281.6300049
8525	282.3599854
8526	281.9599915
8527	281.8200073
8528	282.2799988
8529	282.5700073
8530	282.2399902
8531	281.6700134
8532	280.6700134
8533	280.6700134
8534	280.5799866
8535	280.3800049
8536	280.3099976
8537	280.3800049
8538	280.4400024
8539	280.6900024
8540	280.7900085
8541	280.9200134
8542	280.8999939
8543	280.8399963
8544	280.8099976
8545	280.8099976
8546	280.7900085
8547	280.75
8548	280.6099854
8549	280.6099854
8550	280.5599976
8551	280.7099915
8552	280.769989
8553	280.730011
8554	280.519989
8555	280.4200134
8556	280.4200134
8557	280.6499939
8558	280.75
8559	280.7900085
8560	280.75
8561	280.5599976
8562	280.4599915
8563	280.5400085
8564	280.75
8565	280.6700134
8566	280.519989
8567	280.4599915
8568	280.4200134
8569	280.5400085
8570	280.6900024
8571	280.75
8572	280.6700134
8573	280.4400024
8574	280.269989
8575	280.2099915
8576	280.230011
8577	280.3099976
8578	280.4200134
8579	280.4599915
8580	280.6300049
8581	280.6300049
8582	280.519989
8583	280.6300049
8584	280.5599976
8585	280.5799866
8586	280.4599915
8587	280.4200134
8588	280.4200134
8589	280.3299866
8590	280.3999939
8591	280.4200134
8592	280.3800049
8593	280.2099915
8594	280.1199951
8595	280.1199951
8596	280.25
8597	280.1900024
8598	280.1700134
8599	280.3099976
8600	280.6099854
8601	280.730011
8602	280.7099915
8603	280.6700134
8604	280.6300049
8605	280.5799866
8606	280.6300049
8607	280.5599976
8608	280.5599976
8609	280.519989
8610	280.4200134
8611	280.4200134
8612	280.3500061
8613	280.1900024
8614	280.1499939
8615	280.3299866
8616	280.480011
8617	280.7099915
8618	280.769989
8619	280.6499939
8620	280.6499939
8621	280.6099854
8622	280.6700134
8623	280.6300049
8624	280.4200134
8625	280.3099976
8626	280.269989
8627	280.269989
8628	280.25
8629	280.269989
8630	280.3800049
8631	280.5
8632	280.4200134
8633	280.2900085
8634	280.230011
8635	280.3099976
8636	280.480011
8637	280.5599976
8638	280.7099915
8639	280.4599915
8640	280.3299866
8641	280.3999939
8642	280.3800049
8643	280.3999939
8644	280.6099854
8645	280.6499939
8646	280.6700134
8647	280.6300049
8648	280.6499939
8649	280.769989
8650	280.8800049
8651	280.730011
8652	280.730011
8653	280.8399963
8654	280.7900085
8655	280.6900024
8656	280.769989
8657	280.9599915
8658	280.980011
8659	280.980011
8660	281.1700134
8661	281.269989
8662	281.3599854
8663	281.5
8664	281.6499939
8665	281.5299988
8666	281.5299988
8667	281.269989
8668	281.1499939
8669	281.1099854
8670	280.9599915
8671	281.019989
8672	280.980011
8673	280.9200134
8674	280.7900085
8675	280.769989
8676	280.7099915
8677	280.7099915
8678	280.7099915
8679	280.6300049
8680	280.5
8681	280.519989
8682	280.519989
8683	280.4400024
8684	280.2099915
8685	280.0599976
8686	280.1000061
8687	280.019989
8688	280.1000061
8689	280.25
8690	280.3299866
8691	280.3299866
8692	280.4200134
8693	280.3099976
8694	280.2099915
8695	280.019989
8696	280.1199951
8697	280.5799866
8698	280.5799866
8699	280.8099976
8700	280.5799866
8701	280.5400085
8702	280.519989
8703	280.6099854
8704	280.730011
8705	280.8099976
8706	280.9200134
8707	281.019989
8708	281.1300049
8709	281.1099854
8710	281.1499939
8711	281.0700073
8712	281.1700134
8713	280.9200134
8714	280.8999939
8715	280.9200134
8716	280.6700134
8717	280.730011
8718	280.769989
8719	280.8399963
8720	280.8800049
8721	280.8099976
8722	280.7900085
8723	280.8599854
8724	280.8099976
8725	280.6499939
8726	280.6499939
8727	280.75
8728	280.8399963
8729	280.8999939
8730	280.8999939
8731	280.7099915
8732	280.9400024
8733	281.0400085
8734	281.1099854
8735	281.0400085
8736	280.7099915
8737	280.7099915
8738	280.3800049
8739	280.3500061
8740	280.269989
8741	280.3099976
8742	280.5
8743	280.6700134
8744	280.5799866
8745	280.5400085
8746	280.6300049
8747	280.769989
8748	280.9599915
8749	280.9200134
8750	280.8800049
8751	280.7099915
8752	280.519989
8753	280.6099854
8754	280.6300049
8755	280.519989
8756	280.480011
8757	280.4400024
8758	280.4200134
8759	280.269989
8760	280.269989
8761	280.3299866
8762	280.3299866
8763	280.4200134
8764	280.1700134
8765	280.1199951
8766	279.980011
8767	279.8299866
8768	279.9400024
8769	279.9400024
8770	280.1900024
8771	280.3999939
8772	280.4400024
8773	280.519989
8774	280.6099854
8775	280.6700134
8776	280.6700134
8777	280.4200134
8778	280.5
8779	280.480011
8780	280.4400024
8781	280.5799866
8782	280.6900024
8783	280.75
8784	280.7099915
8785	280.75
8786	281
8787	281
8788	280.8099976
8789	280.730011
8790	280.8399963
8791	280.6499939
8792	280.5
8793	280.3299866
8794	280.269989
8795	280.1499939
8796	280.0599976
8797	280.1199951
8798	280.4599915
8799	280.6499939
8800	280.75
8801	280.75
8802	280.730011
8803	280.730011
8804	280.9400024
8805	280.730011
8806	280.6300049
8807	280.8099976
8808	280.8099976
8809	281.2099915
8810	281.2999878
8811	281.4200134
8812	281.480011
8813	281.6099854
8814	281.6900024
8815	281.7600098
8816	281.7600098
8817	281.6099854
8818	281.25
8819	280.7900085
8820	280.269989
8821	280.019989
8822	279.8500061
8823	278.8900146
8824	278.6000061
8825	278.1199951
8826	277.8200073
8827	277.7200012
8828	277.6400146
8829	277.6600037
8830	277.6199951
8831	277.5899963
8832	277.7600098
8833	277.7600098
8834	278.1000061
8835	278.1799927
8836	278.2000122
8837	278.4100037
8838	278.5599976
8839	278.5599976
8840	278.5599976
8841	278.6600037
8842	278.7000122
8843	278.8299866
8844	279.0799866
8845	279.25
8846	279.0799866
8847	279.0799866
8848	278.7900085
8849	279.0599976
8850	279.1600037
8851	279.3900146
8852	279.519989
8853	279.6000061
8854	279.8299866
8855	280.1900024
8856	280.2099915
8857	280
8858	279.9400024
8859	280.0599976
8860	280.0799866
8861	280.1199951
8862	279.8500061
8863	279.7900085
8864	279.8900146
8865	279.980011
8866	280.019989
8867	279.980011
8868	279.9400024
8869	279.980011
8870	280
8871	279.7900085
8872	279.7900085
8873	279.769989
8874	280.0400085
8875	280.1199951
8876	280.4200134
8877	280.480011
8878	280.3800049
8879	280.3800049
8880	280.3500061
8881	280.5
8882	280.5599976
8883	280.519989
8884	280.269989
8885	280.1900024
8886	280.1000061
8887	279.8699951
8888	279.7099915
8889	279.730011
8890	279.7900085
8891	279.8500061
8892	279.8099976
8893	279.6900024
8894	279.7900085
8895	279.8099976
8896	280.230011
8897	280.5599976
8898	280.769989
8899	280.769989
8900	280.6900024
8901	280.769989
8902	280.730011
8903	280.5
8904	280.4599915
8905	280.4599915
8906	280.1700134
8907	280.0400085
8908	279.8900146
8909	279.9200134
8910	280.1000061
8911	280.1000061
8912	280.3099976
8913	280.230011
8914	280.269989
8915	280.3500061
8916	280.269989
8917	280.1499939
8918	280.1499939
8919	280.3299866
8920	280.3299866
8921	280.2900085
8922	280.1000061
8923	279.9599915
8924	280.019989
8925	280.1199951
8926	280.3500061
8927	280.3500061
8928	280.1499939
8929	280.269989
8930	280.4400024
8931	280.3500061
8932	280.3099976
8933	280.2900085
8934	280.3299866
8935	280.75
8936	280.9599915
8937	281
8938	281
8939	280.9400024
8940	280.8399963
8941	280.8099976
8942	280.7900085
8943	280.7900085
8944	280.730011
8945	280.5400085
8946	280.519989
8947	280.6300049
8948	280.75
8949	280.8800049
8950	280.8800049
8951	281.1099854
8952	281.1700134
8953	281.1700134
8954	281
8955	280.769989
8956	280.6499939
8957	280.6300049
8958	280.6499939
8959	280.75
8960	280.7900085
8961	280.5599976
8962	280.3299866
8963	280.1900024
8964	280.1900024
8965	280.25
8966	280.2099915
8967	280.3099976
8968	280.230011
8969	280.230011
8970	280.1199951
8971	280.1900024
8972	280.4599915
8973	280.6900024
8974	280.75
8975	280.6499939
8976	280.5799866
8977	280.3500061
8978	280.25
8979	280.3099976
8980	280.4200134
8981	280.5
8982	280.5
8983	280.4200134
8984	280.5400085
8985	280.4599915
8986	280.4599915
8987	280.5400085
8988	280.730011
8989	280.730011
8990	280.7900085
8991	280.6900024
8992	280.5799866
8993	280.6099854
8994	280.3999939
8995	280.4200134
8996	280.4599915
8997	280.730011
8998	280.8800049
8999	280.75
9000	280.6300049
9001	280.7099915
9002	280.730011
9003	280.6900024
9004	280.75
9005	280.730011
9006	280.8099976
9007	280.8099976
9008	280.8099976
9009	280.8800049
9010	280.9200134
9011	281.019989
9012	281.1499939
9013	281.1499939
9014	281.1499939
9015	280.6099854
9016	280.3299866
9017	280.2900085
9018	280.3800049
9019	280.6700134
9020	280.8599854
9021	280.8599854
9022	280.6300049
9023	280.4400024
9024	280.480011
9025	280.519989
9026	280.6099854
9027	280.6900024
9028	280.6900024
9029	280.3299866
9030	280.3800049
9031	280.3500061