1	286.0599976
2	286
3	286.1099854
4	286.1099854
5	286.1300049
6	286.1499939
7	286.1300049
8	286.1300049
9	286.1099854
10	286.1300049
11	286.0799866
12	286.0400085
13	286.0400085
14	286.0599976
15	286.0599976
16	285.9599915
17	285.9400024
18	285.9400024
19	285.9599915
20	285.9400024
21	285.980011
22	286.019989
23	286.1499939
24	286.2099915
25	286.1499939
26	286.1099854
27	286.0599976
28	286.0599976
29	286.0599976
30	286.0799866
31	286.1300049
32	286.1499939
33	286.1499939
34	286.1099854
35	285.980011
36	286.019989
37	286.0599976
38	286
39	285.9599915
40	285.9599915
41	285.8999939
42	285.980011
43	286.0400085
44	286.0799866
45	286.1700134
46	286.1900024
47	286.1900024
48	286.0799866
49	286.0799866
50	286.0799866
51	286.1900024
52	286.2099915
53	286.25
54	286.2099915
55	286.1900024
56	286.2900085
57	286.4400024
58	286.3399963
59	286.4200134
60	286.4200134
61	286.4599915
62	286.4400024
63	286.480011
64	286.5
65	286.5
66	286.5400085
67	286.5400085
68	286.5
69	286.519989
70	286.4599915
71	286.2900085
72	286.2900085
73	286.269989
74	286.2900085
75	286.25
76	286.0799866
77	286.0599976
78	286.1499939
79	286.1499939
80	286.3399963
81	286.3800049
82	286.3399963
83	286.230011
84	286.1900024
85	286.1499939
86	286.1499939
87	286.1499939
88	286.1499939
89	286.1499939
90	286.1099854
91	286.0599976
92	286
93	286.0400085
94	286.3099976
95	286.3800049
96	286.6099854
97	286.8399963
98	287.0299988
99	287.0700073
100	287.1300049
101	287.2999878
102	287.4400024
103	287.6700134
104	288.1600037
105	288.3599854
106	288.7000122
107	288.9299927
108	289.3299866
109	289.769989
110	290.2000122
111	290.2000122
112	290.6000061
113	290.769989
114	290.8500061
115	291.1199951
116	291.3099976
117	291.3999939
118	291.3999939
119	291.5799866
120	291.6700134
121	291.6499939
122	291.6700134
123	291.8999939
124	291.9400024
125	291.9400024
126	292.0499878
127	292.0700073
128	292.1099854
129	292.1099854
130	292.2099915
131	292.230011
132	292.2099915
133	292.25
134	292.25
135	292.3399963
136	292.3800049
137	292.2999878
138	292.3399963
139	292.2999878
140	292.3399963
141	292.3800049
142	292.3800049
143	292.3999939
144	292.3399963
145	292.3800049
146	292.3999939
147	292.3999939
148	292.480011
149	292.5499878
150	292.5499878
151	292.6900024
152	292.6900024
153	292.7099915
154	292.6099854
155	292.6300049
156	292.5499878
157	292.5499878
158	292.5700073
159	292.5499878
160	292.480011
161	292.4400024
162	292.4599915
163	292.5299988
164	292.5700073
165	292.480011
166	292.5899963
167	292.6099854
168	292.5899963
169	292.5299988
170	292.5499878
171	292.5100098
172	292.5899963
173	292.6300049
174	292.6499939
175	292.5700073
176	292.5700073
177	292.6700134
178	292.7600098
179	292.7099915
180	292.6499939
181	292.5700073
182	292.5700073
183	292.6300049
184	292.6499939
185	292.5700073
186	292.6099854
187	292.6300049
188	292.6700134
189	292.6700134
190	292.6300049
191	292.6300049
192	292.6700134
193	292.7399902
194	292.7799988
195	292.7999878
196	292.7999878
197	292.8599854
198	292.7999878
199	292.8800049
200	292.7999878
201	292.7399902
202	292.7999878
203	292.8200073
204	292.7999878
205	292.8599854
206	292.8399963
207	292.9899902
208	292.9400024
209	293.0499878
210	293.0700073
211	292.9899902
212	292.9899902
213	292.8800049
214	292.8599854
215	292.8999939
216	292.8599854
217	292.8999939
218	292.7999878
219	292.8399963
220	292.9400024
221	292.9400024
222	292.8599854
223	292.7999878
224	292.7999878
225	292.7099915
226	292.7099915
227	292.6700134
228	292.6700134
229	292.7799988
230	292.8800049
231	292.8200073
232	292.7799988
233	292.8200073
234	292.7799988
235	292.7099915
236	292.6700134
237	292.6300049
238	292.6499939
239	292.6099854
240	292.5899963
241	292.6499939
242	292.6300049
243	292.6700134
244	292.6700134
245	292.7999878
246	292.6700134
247	292.7399902
248	292.6700134
249	292.6499939
250	292.7600098
251	292.6700134
252	292.6300049
253	292.6300049
254	292.6900024
255	292.6900024
256	292.7399902
257	292.7799988
258	292.7999878
259	292.7399902
260	292.7399902
261	292.7399902
262	292.7099915
263	292.7099915
264	292.6900024
265	292.6700134
266	292.7099915
267	292.7099915
268	292.6900024
269	292.5700073
270	292.4200134
271	292.1900024
272	292.019989
273	292.0499878
274	292.0700073
275	291.9599915
276	291.8999939
277	291.8800049
278	291.769989
279	291.7900085
280	291.6900024
281	291.6499939
282	291.5799866
283	291.4200134
284	291.25
285	290.4599915
286	289.8099976
287	288.4299927
288	287.8200073
289	286.3399963
290	285.25
291	284.0400085
292	284.0400085
293	281.9599915
294	280.8399963
295	280.269989
296	279.269989
297	278.5100098
298	278.0100098
299	278.0100098
300	277.3900146
301	277.1300049
302	277.0299988
303	277.0499878
304	277.1799927
305	277.2000122
306	277.2399902
307	277.6600037
308	277.9299927
309	278.0299988
310	278.2600098
311	278.5599976
312	278.6400146
313	278.7399902
314	279.2000122
315	279.3500061
316	279.5400085
317	279.730011
318	279.8099976
319	280.0400085
320	280.1000061
321	280.3800049
322	280.7099915
323	281.0700073
324	281.230011
325	281.269989
326	281.3599854
327	281.3999939
328	281.5700073
329	281.7999878
330	281.8399963
331	281.8399963
332	282.1499939
333	282.4500122
334	282.5299988
335	282.7999878
336	282.9100037
337	282.9299927
338	282.9299927
339	283.0899963
340	283.1799927
341	283.2200012
342	283.4299927
343	283.4899902
344	283.6000061
345	283.6799927
346	283.8500061
347	283.7799988
348	283.8900146
349	283.8699951
350	283.9299927
351	284.0799866
352	284.0100098
353	284.2900085
354	284.3099976
355	284.3299866
356	284.3099976
357	284.3299866
358	284.3900146
359	284.4299927
360	284.4500122
361	284.5400085
362	284.6799927
363	284.6799927
364	284.769989
365	284.8299866
366	284.769989
367	284.8900146
368	284.8500061
369	284.8500061
370	284.8500061
371	285.0400085
372	285.0799866
373	285.1199951
374	285.1400146
375	285.1000061
376	285.019989
377	285.019989
378	285
379	285.0599976
380	285.0599976
381	285.1199951
382	285.0799866
383	285.0799866
384	285.1400146
385	285.2099915
386	285.25
387	285.3099976
388	285.3699951
389	285.4200134
390	285.4400024
391	285.4200134
392	285.519989
393	285.5
394	285.4200134
395	285.3699951
396	285.4599915
397	285.519989
398	285.480011
399	285.5799866
400	285.5
401	285.519989
402	285.519989
403	285.4599915
404	285.3699951
405	285.3299866
406	285.5
407	285.5400085
408	285.6499939
409	285.6499939
410	285.75
411	285.6499939
412	285.8099976
413	285.8099976
414	285.8299866
415	285.769989
416	285.769989
417	285.7900085
418	285.8099976
419	285.8500061
420	285.8500061
421	285.7900085
422	285.75
423	285.75
424	285.8299866
425	285.8099976
426	285.8299866
427	285.769989
428	285.75
429	285.8099976
430	285.7900085
431	285.8999939
432	285.8999939
433	285.8299866
434	285.8299866
435	285.8099976
436	285.8800049
437	285.8299866
438	285.7099915
439	285.6900024
440	285.8299866
441	285.8299866
442	285.9200134
443	285.8999939
444	285.8500061
445	285.8800049
446	285.9400024
447	286
448	286
449	286.0400085
450	286.019989
451	285.980011
452	286.0400085
453	286.0799866
454	286.0400085
455	286.0400085
456	286.1099854
457	286.1499939
458	286.230011
459	286.1499939
460	286.019989
461	285.8800049
462	285.8500061
463	285.8999939
464	285.8299866
465	285.8099976
466	285.769989
467	285.75
468	285.730011
469	285.75
470	285.730011
471	285.769989
472	285.8099976
473	285.8099976
474	285.6900024
475	285.6499939
476	285.7099915
477	285.769989
478	285.9200134
479	285.980011
480	285.980011
481	286.0599976
482	286.1499939
483	286.1499939
484	286.0799866
485	286.0799866
486	286.1300049
487	286.1300049
488	286.0799866
489	286.0799866
490	286.0599976
491	286.1099854
492	286.1099854
493	286.0599976
494	286.0400085
495	285.980011
496	285.9599915
497	286.019989
498	286.0599976
499	286.0599976
500	286.0599976
501	286.019989
502	286.0400085
503	286.0599976
504	285.980011
505	285.980011
506	285.9200134
507	286.0799866
508	286.1700134
509	286.269989
510	286.269989
511	286.269989
512	286.269989
513	286.2900085
514	286.269989
515	286.1499939
516	286.1700134
517	286.1499939
518	286.1300049
519	286.1300049
520	286.0799866
521	286.1300049
522	286.1900024
523	286.1300049
524	286.1099854
525	286.1099854
526	286.0799866
527	286.0400085
528	286.019989
529	286.0599976
530	286.1499939
531	286.1099854
532	286.1300049
533	286.1700134
534	286.1900024
535	286.269989
536	286.230011
537	286.230011
538	286.230011
539	286.2900085
540	286.3399963
541	286.3800049
542	286.4400024
543	286.4599915
544	286.4599915
545	286.4599915
546	286.480011
547	286.4400024
548	286.4200134
549	286.3800049
550	286.3800049
551	286.3800049
552	286.3099976
553	286.25
554	286.230011
555	286.1700134
556	286.2099915
557	286.1700134
558	286.1499939
559	286.1900024
560	286.2900085
561	286.1900024
562	286.1099854
563	286.1300049
564	286.230011
565	286.3099976
566	286.2900085
567	286.3099976
568	286.6499939
569	286.769989
570	286.8800049
571	287.0100098
572	287.0499878
573	287.0499878
574	287.1700134
575	287.3399963
576	287.3399963
577	287.8399963
578	288.2799988
579	288.5499878
580	289.0799866
581	289.4899902
582	289.8900146
583	289.8900146
584	290.4100037
585	290.75
586	290.7900085
587	291
588	291.2099915
589	291.3099976
590	291.3099976
591	291.6300049
592	291.730011
593	291.8399963
594	291.9599915
595	292.019989
596	292.0499878
597	292.0499878
598	292.230011
599	292.2799988
600	292.3599854
601	292.5499878
602	292.5299988
603	292.6099854
604	292.5899963
605	292.7099915
606	292.6499939
607	292.6900024
608	292.7799988
609	292.7600098
610	292.7799988
611	292.6900024
612	292.6900024
613	292.7099915
614	292.6900024
615	292.6900024
616	292.7600098
617	292.7999878
618	292.8599854
619	292.9200134
620	292.8800049
621	292.8999939
622	292.8999939
623	292.8399963
624	292.8800049
625	292.9200134
626	292.9700012
627	292.9899902
628	292.9400024
629	292.9400024
630	292.9700012
631	292.9700012
632	292.9700012
633	292.9400024
634	292.9200134
635	292.9400024
636	292.8800049
637	292.8999939
638	292.9700012
639	293.0100098
640	293.1300049
641	293.1499939
642	293.1300049
643	293.1300049
644	293.0499878
645	293.0899963
646	293.1499939
647	293.1499939
648	293.1499939
649	293.0700073
650	293.0299988
651	293.1099854
652	293.1300049
653	293.1099854
654	293.1099854
655	293.1099854
656	293.1099854
657	293.1300049
658	293.1099854
659	293.1300049
660	293.2600098
661	293.2600098
662	293.2000122
663	293.3800049
664	293.3800049
665	293.3599854
666	293.3999939
667	293.3599854
668	293.3399963
669	293.2399902
670	293.2000122
671	293.1499939
672	293.2000122
673	293.1499939
674	293.2600098
675	293.2600098
676	293.1499939
677	293.2000122
678	293.1300049
679	293.2600098
680	293.2799988
681	293.2999878
682	293.2399902
683	293.2200012
684	293.1700134
685	293.1099854
686	293.1099854
687	293.2200012
688	293.2600098
689	293.2399902
690	293.1499939
691	293.2000122
692	293.1700134
693	293.1700134
694	293.2999878
695	293.2000122
696	293.2200012
697	293.2000122
698	293.1300049
699	293.0700073
700	293.0700073
701	293.0299988
702	293.0700073
703	293.0100098
704	293.0299988
705	293.1099854
706	293.0899963
707	293.1300049
708	293.0899963
709	293.0499878
710	293.1300049
711	293.2600098
712	293.2600098
713	293.2600098
714	293.2999878
715	293.3599854
716	293.3800049
717	293.3999939
718	293.4700012
719	293.4500122
720	293.5299988
721	293.5299988
722	293.4899902
723	293.4700012
724	293.5499878
725	293.5499878
726	293.5899963
727	293.5899963
728	293.5899963
729	293.5700073
730	293.5499878
731	293.5100098
732	293.5100098
733	293.5700073
734	293.5899963
735	293.5299988
736	293.5299988
737	293.5100098
738	293.4899902
739	293.4899902
740	293.6099854
741	293.5100098
742	293.5499878
743	293.3800049
744	293.2000122
745	293.0899963
746	292.9899902
747	292.8599854
748	292.8599854
749	292.7099915
750	292.6700134
751	292.7099915
752	292.5700073
753	292.5100098
754	292.480011
755	292.4400024
756	292.0499878
757	292.0499878
758	291.1900024
759	290.2900085
760	289.6799927
761	288.2999878
762	287.0100098
763	285.2900085
764	285.2900085
765	282.7200012
766	281.3399963
767	280.730011
768	279.75
769	279.0400085
770	278.4700012
771	278.4700012
772	278.0499878
773	277.9700012
774	277.9899902
775	277.9500122
776	277.8900146
777	278.0100098
778	278.0299988
779	278.3900146
780	278.4899902
781	278.6799927
782	278.8299866
783	278.8900146
784	279.0400085
785	279.2900085
786	279.75
787	279.9599915
788	280.3099976
789	280.3999939
790	280.5599976
791	280.8599854
792	281.019989
793	281.25
794	281.3599854
795	281.5899963
796	281.5899963
797	282.0299988
798	282.2200012
799	282.2600098
800	282.4299927
801	282.5299988
802	282.5700073
803	282.5700073
804	282.7399902
805	282.9299927
806	283.0100098
807	283.2000122
808	283.3699951
809	283.4100037
810	283.4100037
811	283.6799927
812	283.7799988
813	283.8099976
814	283.8699951
815	283.9500122
816	284.0599976
817	284.0799866
818	284.3900146
819	284.5
820	284.519989
821	284.5599976
822	284.6199951
823	284.6199951
824	284.6000061
825	284.769989
826	284.8500061
827	284.9299927
828	285.0400085
829	285.1199951
830	285.1000061
831	285.1000061
832	285.1600037
833	285.1600037
834	285.230011
835	285.230011
836	285.3099976
837	285.2900085
838	285.25
839	285.1900024
840	285.1400146
841	285.230011
842	285.230011
843	285.4200134
844	285.4200134
845	285.4400024
846	285.3699951
847	285.3500061
848	285.3500061
849	285.3699951
850	285.4200134
851	285.3900146
852	285.480011
853	285.5400085
854	285.5
855	285.5799866
856	285.5799866
857	285.6499939
858	285.6499939
859	285.6499939
860	285.730011
861	285.769989
862	285.8500061
863	285.9400024
864	286
865	285.9200134
866	285.7900085
867	285.7900085
868	285.8099976
869	285.9200134
870	285.9200134
871	285.8099976
872	285.7900085
873	285.8800049
874	285.8800049
875	285.769989
876	285.7900085
877	285.8500061
878	285.9599915
879	285.9400024
880	286
881	286
882	286.019989
883	286.0400085
884	286.0799866
885	286.1499939
886	286.0400085
887	286.0799866
888	286.0400085
889	286.1099854
890	285.9599915
891	286.0599976
892	286.1099854
893	286.0799866
894	286.0599976
895	286.0599976
896	286
897	286.019989
898	286.019989
899	286.1099854
900	286.0400085
901	286.019989
902	286.0400085
903	285.980011
904	285.9599915
905	286.019989
906	286.019989
907	286.1099854
908	286
909	286.0400085
910	286.0599976
911	286.1499939
912	286.019989
913	286.019989
914	286.1300049
915	286.1300049
916	286.1099854
917	286.0400085
918	286.1099854
919	286.1300049
920	286.1300049
921	286.230011
922	286.1300049
923	286.1700134
924	286.0400085
925	286.0599976
926	286.1300049
927	286.0799866
928	286.1499939
929	286.1300049
930	286.1499939
931	286.230011
932	286.1300049
933	286.1099854
934	286.1300049
935	286.1300049
936	286.1099854
937	286.1099854
938	286.1099854
939	286.269989
940	286.1499939
941	286.1900024
942	286.019989
943	286.1499939
944	286.1499939
945	286.1499939
946	286.0799866
947	286.0799866
948	286.1499939
949	286.2900085
950	286.2900085
951	286.230011
952	286.230011
953	286.2900085
954	286.230011
955	286.230011
956	286.1499939
957	286.1700134
958	286.1499939
959	286.25
960	286.25
961	286.269989
962	286.1900024
963	286.230011
964	286.25
965	286.25
966	286.1900024
967	286.1900024
968	286.2099915
969	286.2900085
970	286.4200134
971	286.3800049
972	286.3999939
973	286.4200134
974	286.4200134
975	286.3999939
976	286.3999939
977	286.3999939
978	286.2099915
979	286.25
980	286.2900085
981	286.4400024
982	286.269989
983	286.2900085
984	286.2900085
985	286.2900085
986	286.2099915
987	286.25
988	286.2099915
989	286.1300049
990	286.1300049
991	286.2099915
992	286.2900085
993	286.3800049
994	286.4400024
995	286.4599915
996	286.3999939
997	286.3399963
998	286.3800049
999	286.519989
1000	286.480011
1001	286.4599915
1002	286.4200134
1003	286.3800049
1004	286.269989
1005	286.2900085
1006	286.2099915
1007	286.1700134
1008	286.2099915
1009	286.230011
1010	286.2900085
1011	286.1700134
1012	286.25
1013	286.230011
1014	286.3399963
1015	286.3399963
1016	286.3399963
1017	286.3800049
1018	286.269989
1019	286.3399963
1020	286.25
1021	286.230011
1022	286.230011
1023	286.230011
1024	286.3099976
1025	286.3099976
1026	286.2900085
1027	286.2900085
1028	286.3099976
1029	286.2900085
1030	286.25
1031	286.1700134
1032	286.1499939
1033	286.1900024
1034	286.1700134
1035	286.1300049
1036	286.0799866
1037	286.0599976
1038	286.1300049
1039	286.0799866
1040	286.269989
1041	286.519989
1042	286.5700073
1043	286.769989
1044	286.8399963
1045	287.0299988
1046	287.1900024
1047	287.3599854
1048	287.3599854
1049	287.8999939
1050	288.4100037
1051	288.6600037
1052	289.3099976
1053	289.8500061
1054	290.3699951
1055	290.3699951
1056	291.019989
1057	291.3099976
1058	291.480011
1059	291.6300049
1060	291.8200073
1061	291.8800049
1062	291.9400024
1063	292.1499939
1064	292.3399963
1065	292.2999878
1066	292.3599854
1067	292.480011
1068	292.5299988
1069	292.6099854
1070	292.6900024
1071	292.7399902
1072	292.7799988
1073	292.7600098
1074	292.7399902
1075	292.7999878
1076	292.7999878
1077	292.8999939
1078	292.9400024
1079	292.9400024
1080	293.0700073
1081	293.0299988
1082	293.1099854
1083	293.0899963
1084	293.0700073
1085	293.1300049
1086	293.0899963
1087	293.0899963
1088	293.0700073
1089	293.2200012
1090	293.2000122
1091	293.2000122
1092	293.1099854
1093	293.0899963
1094	293.0899963
1095	293.1499939
1096	293.1499939
1097	293.0700073
1098	293.1099854
1099	293.0899963
1100	293.1499939
1101	293.1499939
1102	293.2600098
1103	293.3599854
1104	293.3399963
1105	293.3599854
1106	293.3200073
1107	293.3399963
1108	293.3599854
1109	293.3399963
1110	293.4299927
1111	293.3800049
1112	293.3800049
1113	293.3800049
1114	293.4500122
1115	293.4299927
1116	293.4500122
1117	293.4700012
1118	293.4899902
1119	293.4899902
1120	293.5100098
1121	293.5299988
1122	293.4899902
1123	293.5499878
1124	293.5700073
1125	293.5100098
1126	293.5100098
1127	293.4700012
1128	293.4299927
1129	293.4299927
1130	293.4700012
1131	293.4299927
1132	293.4700012
1133	293.4700012
1134	293.5499878
1135	293.5100098
1136	293.4899902
1137	293.3999939
1138	293.4899902
1139	293.5299988
1140	293.4700012
1141	293.4299927
1142	293.4899902
1143	293.5700073
1144	293.6600037
1145	293.6300049
1146	293.6600037
1147	293.5899963
1148	293.5100098
1149	293.5299988
1150	293.5100098
1151	293.5100098
1152	293.5299988
1153	293.4899902
1154	293.4700012
1155	293.4299927
1156	293.4899902
1157	293.4500122
1158	293.4500122
1159	293.5299988
1160	293.5100098
1161	293.5299988
1162	293.5700073
1163	293.5700073
1164	293.5100098
1165	293.5100098
1166	293.4299927
1167	293.5100098
1168	293.4299927
1169	293.4500122
1170	293.5299988
1171	293.5899963
1172	293.5899963
1173	293.5700073
1174	293.5700073
1175	293.5499878
1176	293.5700073
1177	293.5899963
1178	293.5700073
1179	293.5899963
1180	293.4899902
1181	293.5899963
1182	293.5899963
1183	293.4899902
1184	293.4899902
1185	293.4700012
1186	293.5299988
1187	293.5899963
1188	293.5299988
1189	293.4899902
1190	293.4899902
1191	293.5100098
1192	293.4899902
1193	293.5899963
1194	293.5700073
1195	293.5499878
1196	293.4899902
1197	293.4899902
1198	293.5499878
1199	293.5299988
1200	293.5899963
1201	293.6300049
1202	293.6600037
1203	293.6300049
1204	293.6300049
1205	293.5700073
1206	293.5700073
1207	293.5299988
1208	293.5700073
1209	293.6099854
1210	293.5899963
1211	293.6300049
1212	293.5899963
1213	293.6300049
1214	293.6099854
1215	293.6099854
1216	293.4299927
1217	293.1099854
1218	292.9899902
1219	292.7099915
1220	292.6900024
1221	292.6900024
1222	292.6499939
1223	292.5899963
1224	292.5299988
1225	292.480011
1226	292.3999939
1227	292.4200134
1228	292.25
1229	292.25
1230	291.8200073
1231	291.3999939
1232	291.0400085
1233	290.2000122
1234	288.9899902
1235	287.5299988
1236	287.5299988
1237	285.0400085
1238	283.6199951
1239	283.0299988
1240	281.730011
1241	280.6700134
1242	280.269989
1243	279.8900146
1244	278.8699951
1245	278.4700012
1246	278.3900146
1247	278.2600098
1248	278.3500061
1249	278.4299927
1250	278.4899902
1251	278.6400146
1252	278.6600037
1253	278.769989
1254	279.019989
1255	279.1000061
1256	279.269989
1257	279.3900146
1258	279.5799866
1259	279.8699951
1260	280.1900024
1261	280.6499939
1262	280.8800049
1263	281.25
1264	281.4200134
1265	281.5499878
1266	281.6300049
1267	281.7799988
1268	281.7799988
1269	281.9899902
1270	282.2399902
1271	282.3200073
1272	282.5100098
1273	282.6300049
1274	282.7000122
1275	282.7000122
1276	282.8599854
1277	283.0100098
1278	283.1199951
1279	283.3200073
1280	283.2999878
1281	283.3900146
1282	283.3699951
1283	283.5100098
1284	283.7000122
1285	283.8699951
1286	284.0400085
1287	284.2900085
1288	284.3099976
1289	284.2900085
1290	284.2900085
1291	284.3699951
1292	284.3500061
1293	284.5400085
1294	284.5599976
1295	284.7000122
1296	284.8099976
1297	284.8299866
1298	284.8500061
1299	284.9599915
1300	284.9599915
1301	285.0400085
1302	285.1400146
1303	285.1400146
1304	285.1199951
1305	285.1199951
1306	285.1199951
1307	285.1199951
1308	285.1600037
1309	285.230011
1310	285.230011
1311	285.3099976
1312	285.3299866
1313	285.3099976
1314	285.4200134
1315	285.5599976
1316	285.5599976
1317	285.5799866
1318	285.5400085
1319	285.6000061
1320	285.5599976
1321	285.6199951
1322	285.769989
1323	285.730011
1324	285.7099915
1325	285.8099976
1326	285.8099976
1327	285.7900085
1328	285.7900085
1329	285.9599915
1330	286.0400085
1331	286.0599976
1332	286.1099854
1333	286.0599976
1334	286.0599976
1335	286.1300049
1336	286.0799866
1337	286.2099915
1338	286.1499939
1339	286.1499939
1340	286.1900024
1341	286.1900024
1342	286.1900024
1343	286.2099915
1344	286.230011
1345	286.1300049
1346	286.1300049
1347	286.1499939
1348	286.1700134
1349	286.1700134
1350	286.25
1351	286.269989
1352	286.3099976
1353	286.3399963
1354	286.4400024
1355	286.480011
1356	286.480011
1357	286.3999939
1358	286.3599854
1359	286.3599854
1360	286.3800049
1361	286.3399963
1362	286.25
1363	286.3099976
1364	286.3399963
1365	286.2900085
1366	286.2900085
1367	286.2900085
1368	286.3399963
1369	286.3399963
1370	286.3099976
1371	286.3099976
1372	286.3599854
1373	286.2099915
1374	286.1900024
1375	286.2099915
1376	286.2900085
1377	286.2900085
1378	286.2900085
1379	286.25
1380	286.230011
1381	286.230011
1382	286.3099976
1383	286.3599854
1384	286.3999939
1385	286.3999939
1386	286.269989
1387	286.1900024
1388	286.2099915
1389	286.1300049
1390	286.2099915
1391	286.25
1392	286.269989
1393	286.1499939
1394	286.230011
1395	286.2099915
1396	286.3099976
1397	286.3599854
1398	286.3800049
1399	286.3099976
1400	286.25
1401	286.2900085
1402	286.4400024
1403	286.480011
1404	286.4599915
1405	286.3999939
1406	286.3399963
1407	286.3599854
1408	286.2900085
1409	286.4200134
1410	286.4200134
1411	286.4400024
1412	286.3999939
1413	286.4200134
1414	286.3800049
1415	286.3800049
1416	286.4599915
1417	286.4599915
1418	286.4400024
1419	286.4599915
1420	286.5400085
1421	286.480011
1422	286.3800049
1423	286.3399963
1424	286.3099976
1425	286.4200134
1426	286.4599915
1427	286.3999939
1428	286.3999939
1429	286.3999939
1430	286.3800049
1431	286.3099976
1432	286.4599915
1433	286.4400024
1434	286.3599854
1435	286.3999939
1436	286.4599915
1437	286.480011
1438	286.480011
1439	286.5400085
1440	286.6499939
1441	286.6900024
1442	286.6900024
1443	286.6099854
1444	286.6300049
1445	286.5899963
1446	286.5899963
1447	286.480011
1448	286.5
1449	286.5
1450	286.5
1451	286.4599915
1452	286.4599915
1453	286.519989
1454	286.6099854
1455	286.519989
1456	286.519989
1457	286.519989
1458	286.5700073
1459	286.5700073
1460	286.519989
1461	286.519989
1462	286.480011
1463	286.5700073
1464	286.5400085
1465	286.6300049
1466	286.5400085
1467	286.519989
1468	286.4200134
1469	286.4200134
1470	286.480011
1471	286.6700134
1472	286.6499939
1473	286.6300049
1474	286.5899963
1475	286.5700073
1476	286.5
1477	286.5
1478	286.5
1479	286.6300049
1480	286.5899963
1481	286.5899963
1482	286.6300049
1483	286.6700134
1484	286.6499939
1485	286.6900024
1486	286.730011
1487	286.7999878
1488	286.7999878
1489	286.6900024
1490	286.6499939
1491	286.6499939
1492	286.6099854
1493	286.6099854
1494	286.5700073
1495	286.4599915
1496	286.3999939
1497	286.3999939
1498	286.4599915
1499	286.4400024
1500	286.4200134
1501	286.3999939
1502	286.480011
1503	286.4400024
1504	286.480011
1505	286.4599915
1506	286.5
1507	286.480011
1508	286.519989
1509	286.5700073
1510	286.5400085
1511	286.6300049
1512	286.5
1513	286.5
1514	286.7099915
1515	287.0100098
1516	287.0700073
1517	287.2099915
1518	287.2799988
1519	287.4200134
1520	287.4200134
1521	287.7399902
1522	288.0700073
1523	288.2399902
1524	288.7000122
1525	289.1799927
1526	289.769989
1527	289.769989
1528	290.5
1529	290.9400024
1530	291.0799866
1531	291.480011
1532	291.7099915
1533	291.8599854
1534	291.9200134
1535	292.1700134
1536	292.25
1537	292.3800049
1538	292.5100098
1539	292.5899963
1540	292.5700073
1541	292.6099854
1542	292.6300049
1543	292.7099915
1544	292.7999878
1545	292.8800049
1546	292.9200134
1547	292.9400024
1548	292.9899902
1549	292.9899902
1550	293.0100098
1551	293.0899963
1552	293.0899963
1553	293.1300049
1554	293.1700134
1555	293.1499939
1556	293.2200012
1557	293.1499939
1558	293.2200012
1559	293.2200012
1560	293.3200073
1561	293.3399963
1562	293.4500122
1563	293.2999878
1564	293.3599854
1565	293.3599854
1566	293.3399963
1567	293.4299927
1568	293.3800049
1569	293.3599854
1570	293.3399963
1571	293.4299927
1572	293.4500122
1573	293.4500122
1574	293.4500122
1575	293.4700012
1576	293.5299988
1577	293.5100098
1578	293.5899963
1579	293.5499878
1580	293.5499878
1581	293.4700012
1582	293.4500122
1583	293.4899902
1584	293.4700012
1585	293.4700012
1586	293.5499878
1587	293.4500122
1588	293.4700012
1589	293.5299988
1590	293.5499878
1591	293.5499878
1592	293.6099854
1593	293.6099854
1594	293.7000122
1595	293.6300049
1596	293.6300049
1597	293.6099854
1598	293.6099854
1599	293.5700073
1600	293.6300049
1601	293.5700073
1602	293.6600037
1603	293.7000122
1604	293.6600037
1605	293.6600037
1606	293.7399902
1607	293.6799927
1608	293.7200012
1609	293.6300049
1610	293.5899963
1611	293.5700073
1612	293.5499878
1613	293.5499878
1614	293.5700073
1615	293.5499878
1616	293.4899902
1617	293.4500122
1618	293.4899902
1619	293.5299988
1620	293.5700073
1621	293.4700012
1622	293.5100098
1623	293.5100098
1624	293.6300049
1625	293.5299988
1626	293.5299988
1627	293.5499878
1628	293.5899963
1629	293.5899963
1630	293.5899963
1631	293.6300049
1632	293.5899963
1633	293.4899902
1634	293.4899902
1635	293.4899902
1636	293.4700012
1637	293.4700012
1638	293.6099854
1639	293.6600037
1640	293.6300049
1641	293.5899963
1642	293.6600037
1643	293.7200012
1644	293.6600037
1645	293.6099854
1646	293.5299988
1647	293.5700073
1648	293.6300049
1649	293.5499878
1650	293.6099854
1651	293.6600037
1652	293.6799927
1653	293.7000122
1654	293.6600037
1655	293.7000122
1656	293.6300049
1657	293.7000122
1658	293.7799988
1659	293.7999878
1660	293.8399963
1661	293.7600098
1662	293.7600098
1663	293.7200012
1664	293.7799988
1665	293.7399902
1666	293.7200012
1667	293.6799927
1668	293.7000122
1669	293.7000122
1670	293.6799927
1671	293.7000122
1672	293.7000122
1673	293.7399902
1674	293.7600098
1675	293.7799988
1676	293.7600098
1677	293.7399902
1678	293.7000122
1679	293.6300049
1680	293.6799927
1681	293.6099854
1682	293.6300049
1683	293.6300049
1684	293.6099854
1685	293.6099854
1686	293.6099854
1687	293.6600037
1688	293.6799927
1689	293.6300049
1690	293.3399963
1691	293.0700073
1692	292.7799988
1693	292.7600098
1694	292.7600098
1695	292.6300049
1696	292.6099854
1697	292.6300049
1698	292.5899963
1699	292.5499878
1700	292.4400024
1701	292.4400024
1702	292.2999878
1703	292.1700134
1704	291.980011
1705	291.3099976
1706	290.1799927
1707	288.9899902
1708	288.9899902
1709	286.3800049
1710	284.7000122
1711	284.0100098
1712	282.7600098
1713	281.7099915
1714	281.1099854
1715	280.5599976
1716	279.269989
1717	278.9700012
1718	278.4500122
1719	278.1400146
1720	278.0799866
1721	278.0100098
1722	277.9700012
1723	278.0499878
1724	278.0299988
1725	278.1799927
1726	278.2399902
1727	278.3900146
1728	278.7200012
1729	278.8900146
1730	279.019989
1731	279.230011
1732	279.3500061
1733	279.3500061
1734	279.6000061
1735	279.8500061
1736	279.980011
1737	280.1000061
1738	280.2900085
1739	280.519989
1740	280.519989
1741	280.8800049
1742	281.1499939
1743	281.3200073
1744	281.5499878
1745	281.6900024
1746	281.730011
1747	281.8200073
1748	282.1700134
1749	282.3599854
1750	282.4700012
1751	282.4500122
1752	282.5499878
1753	282.6099854
1754	282.6799927
1755	283.0100098
1756	283.0899963
1757	283.2999878
1758	283.5299988
1759	283.5299988
1760	283.6000061
1761	283.6799927
1762	283.8299866
1763	283.9299927
1764	283.9700012
1765	283.9700012
1766	283.9899902
1767	284.0799866
1768	284.1400146
1769	284.269989
1770	284.3299866
1771	284.4100037
1772	284.4100037
1773	284.3699951
1774	284.4299927
1775	284.4700012
1776	284.6199951
1777	284.6799927
1778	284.769989
1779	284.769989
1780	284.9100037
1781	284.9299927
1782	284.8699951
1783	284.8699951
1784	284.8099976
1785	284.8299866
1786	284.8699951
1787	285.019989
1788	285.0799866
1789	285.1400146
1790	285.1600037
1791	285.1900024
1792	285.1900024
1793	285.1600037
1794	285.1400146
1795	285.1600037
1796	285.25
1797	285.3500061
1798	285.4400024
1799	285.4400024
1800	285.3500061
1801	285.4200134
1802	285.3699951
1803	285.2900085
1804	285.2900085
1805	285.3500061
1806	285.519989
1807	285.519989
1808	285.5599976
1809	285.5400085
1810	285.519989
1811	285.519989
1812	285.519989
1813	285.5
1814	285.5799866
1815	285.5400085
1816	285.6199951
1817	285.6499939
1818	285.6499939
1819	285.75
1820	285.8099976
1821	285.7900085
1822	285.8500061
1823	285.8500061
1824	285.8500061
1825	285.8299866
1826	285.8999939
1827	285.9400024
1828	285.9200134
1829	285.9200134
1830	285.8999939
1831	285.980011
1832	285.9400024
1833	285.9200134
1834	285.980011
1835	285.9400024
1836	285.8500061
1837	285.9200134
1838	285.8500061
1839	285.8099976
1840	285.75
1841	285.8099976
1842	285.8999939
1843	285.8999939
1844	286.0400085
1845	286.0599976
1846	286.1099854
1847	286.019989
1848	286.019989
1849	285.980011
1850	285.980011
1851	286.0599976
1852	286
1853	286.0599976
1854	285.980011
1855	286
1856	285.9599915
1857	285.980011
1858	286.1099854
1859	286.1499939
1860	286.0799866
1861	286.1700134
1862	286.1900024
1863	286.1700134
1864	286.1499939
1865	286.1499939
1866	286.1499939
1867	286.1700134
1868	286.1300049
1869	286.1499939
1870	286.0599976
1871	286.0599976
1872	286.1900024
1873	286.2099915
1874	286.3099976
1875	286.3099976
1876	286.230011
1877	286.1700134
1878	286.1900024
1879	286.2099915
1880	286.230011
1881	286.2099915
1882	286.2099915
1883	286.2900085
1884	286.269989
1885	286.3099976
1886	286.2099915
1887	286.269989
1888	286.269989
1889	286.25
1890	286.3399963
1891	286.3599854
1892	286.3399963
1893	286.269989
1894	286.3399963
1895	286.2900085
1896	286.2900085
1897	286.3399963
1898	286.3999939
1899	286.3399963
1900	286.2900085
1901	286.3599854
1902	286.3800049
1903	286.3999939
1904	286.4400024
1905	286.480011
1906	286.519989
1907	286.480011
1908	286.519989
1909	286.519989
1910	286.519989
1911	286.480011
1912	286.5
1913	286.5
1914	286.5
1915	286.5
1916	286.4400024
1917	286.4200134
1918	286.4599915
1919	286.6499939
1920	286.6300049
1921	286.6300049
1922	286.6499939
1923	286.6099854
1924	286.5400085
1925	286.519989
1926	286.6300049
1927	286.5899963
1928	286.5700073
1929	286.3399963
1930	286.3999939
1931	286.4400024
1932	286.519989
1933	286.5400085
1934	286.519989
1935	286.5
1936	286.480011
1937	286.519989
1938	286.519989
1939	286.480011
1940	286.480011
1941	286.5
1942	286.4200134
1943	286.4200134
1944	286.3999939
1945	286.3999939
1946	286.3999939
1947	286.519989
1948	286.5400085
1949	286.5400085
1950	286.5400085
1951	286.519989
1952	286.4599915
1953	286.4599915
1954	286.5
1955	286.4599915
1956	286.480011
1957	286.4599915
1958	286.4400024
1959	286.3399963
1960	286.3399963
1961	286.3599854
1962	286.4200134
1963	286.4599915
1964	286.4599915
1965	286.519989
1966	286.480011
1967	286.519989
1968	286.5400085
1969	286.4200134
1970	286.5400085
1971	286.5400085
1972	286.5
1973	286.4599915
1974	286.5400085
1975	286.519989
1976	286.519989
1977	286.5700073
1978	286.5700073
1979	286.6099854
1980	286.5400085
1981	286.480011
1982	286.5
1983	286.519989
1984	286.5899963
1985	286.5899963
1986	286.480011
1987	286.769989
1988	286.8399963
1989	287.1099854
1990	287.2600098
1991	287.4200134
1992	287.4200134
1993	287.5299988
1994	287.6300049
1995	287.7000122
1996	288.1099854
1997	288.7999878
1998	289.1000061
1999	289.4299927
2000	290.269989
2001	290.4599915
2002	290.8500061
2003	291.1499939
2004	291.4599915
2005	291.5599976
2006	291.7099915
2007	291.9599915
2008	292
2009	292.0700073
2010	292.230011
2011	292.25
2012	292.3800049
2013	292.3999939
2014	292.5700073
2015	292.6099854
2016	292.6300049
2017	292.6300049
2018	292.6900024
2019	292.7799988
2020	292.7999878
2021	292.8999939
2022	292.9200134
2023	292.9700012
2024	292.9700012
2025	292.8599854
2026	293.0100098
2027	293.0899963
2028	293.1300049
2029	293.2000122
2030	293.2000122
2031	293.2000122
2032	293.2799988
2033	293.3999939
2034	293.3200073
2035	293.3399963
2036	293.3200073
2037	293.2600098
2038	293.2399902
2039	293.2799988
2040	293.3200073
2041	293.3599854
2042	293.4299927
2043	293.3200073
2044	293.3399963
2045	293.3800049
2046	293.3999939
2047	293.5100098
2048	293.4700012
2049	293.4899902
2050	293.4899902
2051	293.3599854
2052	293.4899902
2053	293.4700012
2054	293.5100098
2055	293.4500122
2056	293.4500122
2057	293.5100098
2058	293.5299988
2059	293.5299988
2060	293.4700012
2061	293.4299927
2062	293.4700012
2063	293.4700012
2064	293.3800049
2065	293.3999939
2066	293.4299927
2067	293.4299927
2068	293.3800049
2069	293.4299927
2070	293.3999939
2071	293.5499878
2072	293.5499878
2073	293.5899963
2074	293.5499878
2075	293.5299988
2076	293.5499878
2077	293.5299988
2078	293.4299927
2079	293.4299927
2080	293.4500122
2081	293.5299988
2082	293.5499878
2083	293.5299988
2084	293.5899963
2085	293.5299988
2086	293.5899963
2087	293.5899963
2088	293.5899963
2089	293.5899963
2090	293.5499878
2091	293.5899963
2092	293.6300049
2093	293.7000122
2094	293.6799927
2095	293.6799927
2096	293.7399902
2097	293.6799927
2098	293.6300049
2099	293.6300049
2100	293.7000122
2101	293.7200012
2102	293.7200012
2103	293.7799988
2104	293.7799988
2105	293.7600098
2106	293.7999878
2107	293.7999878
2108	293.8200073
2109	293.7999878
2110	293.7600098
2111	293.7600098
2112	293.7399902
2113	293.8399963
2114	293.9299927
2115	293.7999878
2116	293.8200073
2117	293.6799927
2118	293.6799927
2119	293.7600098
2120	293.8399963
2121	293.7999878
2122	293.8900146
2123	293.8399963
2124	293.7799988
2125	293.7799988
2126	293.7399902
2127	293.7399902
2128	293.6600037
2129	293.7399902
2130	293.7399902
2131	293.7399902
2132	293.6799927
2133	293.7000122
2134	293.7000122
2135	293.7000122
2136	293.6099854
2137	293.6799927
2138	293.6300049
2139	293.6300049
2140	293.6099854
2141	293.6099854
2142	293.6099854
2143	293.6300049
2144	293.6300049
2145	293.5899963
2146	293.6300049
2147	293.6600037
2148	293.6799927
2149	293.6099854
2150	293.5700073
2151	293.5899963
2152	293.6300049
2153	293.6099854
2154	293.5700073
2155	293.5899963
2156	293.6099854
2157	293.7200012
2158	293.7399902
2159	293.6799927
2160	293.6300049
2161	293.6099854
2162	293.7000122
2163	293.4899902
2164	293.2999878
2165	293.1099854
2166	293.1099854
2167	292.9899902
2168	292.8999939
2169	292.8399963
2170	292.6700134
2171	292.6300049
2172	292.5100098
2173	292.5100098
2174	292.3999939
2175	292.25
2176	292.1099854
2177	291.5799866
2178	290.980011
2179	290.730011
2180	290.269989
2181	287.8599854
2182	287.1700134
2183	285.769989
2184	284.1600037
2185	282.5499878
2186	281.9400024
2187	281.25
2188	279.5799866
2189	279.269989
2190	278.6799927
2191	278.3099976
2192	278.0499878
2193	277.7600098
2194	277.7200012
2195	277.5499878
2196	277.4700012
2197	277.6199951
2198	277.6199951
2199	277.9899902
2200	278.1400146
2201	278.3099976
2202	278.6400146
2203	278.9500122
2204	279.3099976
2205	279.3099976
2206	279.8099976
2207	280.0799866
2208	280.230011
2209	280.4599915
2210	280.7099915
2211	280.8800049
2212	280.8800049
2213	281.1900024
2214	281.1700134
2215	281.230011
2216	281.3999939
2217	281.5499878
2218	281.6900024
2219	281.7999878
2220	282.1300049
2221	282.2399902
2222	282.3200073
2223	282.3599854
2224	282.4700012
2225	282.5299988
2226	282.5100098
2227	282.6799927
2228	282.8200073
2229	283.0700073
2230	283.2399902
2231	283.2999878
2232	283.4899902
2233	283.5499878
2234	283.7600098
2235	283.7799988
2236	283.8299866
2237	283.8299866
2238	283.9100037
2239	284.0100098
2240	284.0599976
2241	284.1799927
2242	284.1799927
2243	284.1199951
2244	284.1199951
2245	284.2900085
2246	284.3699951
2247	284.3900146
2248	284.4700012
2249	284.5799866
2250	284.730011
2251	284.75
2252	284.8299866
2253	284.9100037
2254	284.980011
2255	284.980011
2256	285
2257	285
2258	285
2259	285.0400085
2260	285.0400085
2261	285.1600037
2262	285.269989
2263	285.3500061
2264	285.3299866
2265	285.3900146
2266	285.3500061
2267	285.3500061
2268	285.3500061
2269	285.3500061
2270	285.4200134
2271	285.3500061
2272	285.3699951
2273	285.4200134
2274	285.4200134
2275	285.5
2276	285.5
2277	285.6199951
2278	285.6499939
2279	285.5599976
2280	285.5799866
2281	285.6199951
2282	285.6499939
2283	285.6499939
2284	285.6700134
2285	285.8099976
2286	285.8299866
2287	285.8800049
2288	285.8999939
2289	285.8999939
2290	285.8500061
2291	285.75
2292	285.730011
2293	285.7099915
2294	285.7900085
2295	285.8299866
2296	285.7900085
2297	285.8500061
2298	285.9200134
2299	285.8500061
2300	285.8299866
2301	285.7900085
2302	285.8999939
2303	285.9200134
2304	285.9400024
2305	286
2306	286.0599976
2307	286.0599976
2308	286.0599976
2309	286.0400085
2310	286.019989
2311	286
2312	286.019989
2313	286
2314	286.1099854
2315	286.1099854
2316	286.019989
2317	286.0799866
2318	286.1300049
2319	286.1300049
2320	286.1900024
2321	286.1300049
2322	286.1900024
2323	286.269989
2324	286.3399963
2325	286.3099976
2326	286.1900024
2327	286.1700134
2328	286.1300049
2329	286.1499939
2330	286.1900024
2331	286.1900024
2332	286.25
2333	286.3399963
2334	286.3599854
2335	286.25
2336	286.1499939
2337	286.0599976
2338	286.1099854
2339	286.25
2340	286.269989
2341	286.3399963
2342	286.3099976
2343	286.3599854
2344	286.4200134
2345	286.3599854
2346	286.269989
2347	286.269989
2348	286.2900085
2349	286.230011
2350	286.230011
2351	286.3099976
2352	286.3099976
2353	286.3599854
2354	286.3599854
2355	286.3599854
2356	286.25
2357	286.1900024
2358	286.2099915
2359	286.2099915
2360	286.269989
2361	286.269989
2362	286.1900024
2363	286.2900085
2364	286.3599854
2365	286.3999939
2366	286.3800049
2367	286.3399963
2368	286.269989
2369	286.3399963
2370	286.2900085
2371	286.3099976
2372	286.3099976
2373	286.3599854
2374	286.3399963
2375	286.3399963
2376	286.3099976
2377	286.3399963
2378	286.269989
2379	286.269989
2380	286.230011
2381	286.1300049
2382	286.230011
2383	286.2099915
2384	286.1099854
2385	286
2386	286
2387	285.9599915
2388	286.0400085
2389	286.1300049
2390	286.1900024
2391	286.2099915
2392	286.1900024
2393	286.1900024
2394	286.230011
2395	286.25
2396	286.269989
2397	286.3399963
2398	286.3399963
2399	286.3099976
2400	286.3399963
2401	286.2900085
2402	286.2900085
2403	286.3099976
2404	286.269989
2405	286.2900085
2406	286.230011
2407	286.1700134
2408	286.1700134
2409	286.1700134
2410	286.2900085
2411	286.269989
2412	286.3099976
2413	286.230011
2414	286.230011
2415	286.25
2416	286.269989
2417	286.3099976
2418	286.3099976
2419	286.3399963
2420	286.3099976
2421	286.3399963
2422	286.3800049
2423	286.3999939
2424	286.3800049
2425	286.3800049
2426	286.3800049
2427	286.4200134
2428	286.3999939
2429	286.4200134
2430	286.3999939
2431	286.3800049
2432	286.4200134
2433	286.2900085
2434	286.269989
2435	286.2099915
2436	286.230011
2437	286.25
2438	286.2099915
2439	286.2099915
2440	286.1700134
2441	286.1499939
2442	286.1700134
2443	286.1700134
2444	286.1700134
2445	286.0799866
2446	286.1300049
2447	286.1700134
2448	286.1099854
2449	286.230011
2450	286.230011
2451	286.2099915
2452	286.0599976
2453	286
2454	286.0599976
2455	286.1300049
2456	286.230011
2457	286.230011
2458	286.230011
2459	286.1099854
2460	286.2099915
2461	286.3800049
2462	286.6099854
2463	286.8999939
2464	286.8999939
2465	287.1300049
2466	287.2600098
2467	287.3399963
2468	287.5100098
2469	287.8999939
2470	288.0700073
2471	288.3599854
2472	289.4700012
2473	289.769989
2474	290.230011
2475	290.75
2476	290.9200134
2477	291.230011
2478	291.3099976
2479	291.5400085
2480	291.769989
2481	291.9200134
2482	292.1099854
2483	292.1099854
2484	292.2799988
2485	292.3399963
2486	292.3599854
2487	292.480011
2488	292.5499878
2489	292.5499878
2490	292.6300049
2491	292.7399902
2492	292.6900024
2493	292.7799988
2494	292.8399963
2495	292.8200073
2496	292.8200073
2497	292.8599854
2498	292.8399963
2499	292.8999939
2500	292.9700012
2501	293.0299988
2502	293.0299988
2503	293.0299988
2504	293.0100098
2505	292.9700012
2506	292.9899902
2507	293.0899963
2508	293.1300049
2509	293.1300049
2510	293.1300049
2511	293.1700134
2512	293.1499939
2513	293.2399902
2514	293.2999878
2515	293.2999878
2516	293.2399902
2517	293.2399902
2518	293.2600098
2519	293.3200073
2520	293.3200073
2521	293.3200073
2522	293.3399963
2523	293.3399963
2524	293.2799988
2525	293.2799988
2526	293.2200012
2527	293.2799988
2528	293.2799988
2529	293.2999878
2530	293.3999939
2531	293.3599854
2532	293.3800049
2533	293.4899902
2534	293.4700012
2535	293.4700012
2536	293.3999939
2537	293.3999939
2538	293.3399963
2539	293.4700012
2540	293.4899902
2541	293.5700073
2542	293.5499878
2543	293.5899963
2544	293.5899963
2545	293.5100098
2546	293.4899902
2547	293.4899902
2548	293.4700012
2549	293.4899902
2550	293.5499878
2551	293.5299988
2552	293.5100098
2553	293.4700012
2554	293.4700012
2555	293.4500122
2556	293.4299927
2557	293.4500122
2558	293.5499878
2559	293.6099854
2560	293.6099854
2561	293.5499878
2562	293.5700073
2563	293.5499878
2564	293.5700073
2565	293.5299988
2566	293.4899902
2567	293.4899902
2568	293.5100098
2569	293.4700012
2570	293.3999939
2571	293.4500122
2572	293.5100098
2573	293.5100098
2574	293.4899902
2575	293.4899902
2576	293.5499878
2577	293.5299988
2578	293.4700012
2579	293.4500122
2580	293.3599854
2581	293.4500122
2582	293.4500122
2583	293.4899902
2584	293.5499878
2585	293.5299988
2586	293.5299988
2587	293.5100098
2588	293.4700012
2589	293.3999939
2590	293.4299927
2591	293.5499878
2592	293.5499878
2593	293.6099854
2594	293.6300049
2595	293.6600037
2596	293.6300049
2597	293.5899963
2598	293.6099854
2599	293.6099854
2600	293.5899963
2601	293.5899963
2602	293.6099854
2603	293.5899963
2604	293.6600037
2605	293.5700073
2606	293.5700073
2607	293.6799927
2608	293.7000122
2609	293.6799927
2610	293.6600037
2611	293.6799927
2612	293.5299988
2613	293.6099854
2614	293.6099854
2615	293.5899963
2616	293.6600037
2617	293.6600037
2618	293.6600037
2619	293.6300049
2620	293.6099854
2621	293.5700073
2622	293.6099854
2623	293.5899963
2624	293.6300049
2625	293.5700073
2626	293.6799927
2627	293.6600037
2628	293.5899963
2629	293.4700012
2630	293.4700012
2631	293.4700012
2632	293.4899902
2633	293.5499878
2634	293.5299988
2635	293.6099854
2636	293.3800049
2637	293.1499939
2638	293.1499939
2639	292.9400024
2640	292.7600098
2641	292.7099915
2642	292.6499939
2643	292.6099854
2644	292.7399902
2645	292.6499939
2646	292.5100098
2647	292.5100098
2648	292.4400024
2649	292.2999878
2650	291.980011
2651	291.7099915
2652	291.3299866
2653	289.6799927
2654	288.7799988
2655	286.6900024
2656	284.5
2657	283.4700012
2658	281.8599854
2659	281.269989
2660	280.1199951
2661	279.1600037
2662	278.3699951
2663	277.8699951
2664	277.7000122
2665	277.4299927
2666	277.3599854
2667	277.2600098
2668	277.2200012
2669	277.2799988
2670	277.2799988
2671	277.4299927
2672	277.6600037
2673	277.7799988
2674	277.9899902
2675	278.4700012
2676	278.9100037
2677	278.9100037
2678	279.3500061
2679	279.6400146
2680	279.730011
2681	280
2682	280.25
2683	280.3500061
2684	280.4200134
2685	280.769989
2686	280.9200134
2687	281.1700134
2688	281.2999878
2689	281.4400024
2690	281.5
2691	281.6099854
2692	281.9599915
2693	282.0899963
2694	282.2000122
2695	282.4899902
2696	282.5700073
2697	282.6799927
2698	282.7000122
2699	282.9100037
2700	282.9100037
2701	283.0100098
2702	283.0100098
2703	283.1600037
2704	283.3500061
2705	283.4500122
2706	283.5499878
2707	283.7799988
2708	283.9500122
2709	283.9500122
2710	284.0599976
2711	284.1799927
2712	284.1799927
2713	284.2399902
2714	284.3500061
2715	284.4100037
2716	284.4100037
2717	284.5
2718	284.6000061
2719	284.6400146
2720	284.6799927
2721	284.75
2722	284.7900085
2723	284.7900085
2724	284.9299927
2725	284.9299927
2726	285.0400085
2727	285.1199951
2728	285.1600037
2729	285.25
2730	285.2900085
2731	285.3099976
2732	285.3500061
2733	285.3500061
2734	285.3299866
2735	285.3900146
2736	285.3299866
2737	285.3699951
2738	285.3099976
2739	285.269989
2740	285.3099976
2741	285.3099976
2742	285.5
2743	285.5400085
2744	285.5799866
2745	285.6700134
2746	285.6499939
2747	285.6199951
2748	285.6199951
2749	285.6499939
2750	285.6199951
2751	285.6900024
2752	285.6499939
2753	285.730011
2754	285.6900024
2755	285.7099915
2756	285.730011
2757	285.7900085
2758	285.8500061
2759	285.8999939
2760	285.8800049
2761	285.8999939
2762	285.9599915
2763	285.9599915
2764	286
2765	286
2766	285.980011
2767	286
2768	285.980011
2769	286
2770	285.980011
2771	286.0799866
2772	286.1499939
2773	286.1499939
2774	286.0400085
2775	285.9599915
2776	286
2777	286.0599976
2778	286.1499939
2779	286.1099854
2780	286.1099854
2781	286.019989
2782	286.0599976
2783	286.1300049
2784	286.1900024
2785	286.1499939
2786	286.019989
2787	286.019989
2788	285.980011
2789	285.9200134
2790	285.8800049
2791	285.9200134
2792	285.9200134
2793	285.9400024
2794	285.9599915
2795	286.1300049
2796	286.1900024
2797	286.1900024
2798	286.0400085
2799	285.9599915
2800	285.9200134
2801	285.9200134
2802	286.0400085
2803	286
2804	286.019989
2805	286.0400085
2806	285.9599915
2807	285.9599915
2808	285.9599915
2809	285.8500061
2810	285.9200134
2811	285.8999939
2812	285.8999939
2813	285.8500061
2814	285.769989
2815	285.8099976
2816	285.730011
2817	285.6900024
2818	285.7099915
2819	285.7099915
2820	285.8800049
2821	285.8500061
2822	285.8500061
2823	285.8299866
2824	285.8800049
2825	285.769989
2826	285.7900085
2827	285.8299866
2828	285.7900085
2829	285.7099915
2830	285.6700134
2831	285.6900024
2832	285.6499939
2833	285.6900024
2834	285.7099915
2835	285.6700134
2836	285.730011
2837	285.6499939
2838	285.5799866
2839	285.480011
2840	285.4599915
2841	285.3699951
2842	285.480011
2843	285.480011
2844	285.480011
2845	285.5599976
2846	285.6700134
2847	285.7099915
2848	285.6199951
2849	285.5400085
2850	285.4599915
2851	285.4599915
2852	285.4200134
2853	285.4200134
2854	285.3900146
2855	285.4400024
2856	285.4200134
2857	285.4400024
2858	285.4400024
2859	285.4599915
2860	285.3500061
2861	285.3699951
2862	285.480011
2863	285.5799866
2864	285.6000061
2865	285.6900024
2866	285.6199951
2867	285.6199951
2868	285.5599976
2869	285.5599976
2870	285.5599976
2871	285.6499939
2872	285.6499939
2873	285.730011
2874	285.7099915
2875	285.6900024
2876	285.6499939
2877	285.75
2878	285.7900085
2879	285.75
2880	285.7099915
2881	285.730011
2882	285.6900024
2883	285.6900024
2884	285.8999939
2885	286.0400085
2886	286.0599976
2887	286.019989
2888	286
2889	285.9400024
2890	285.9400024
2891	285.8800049
2892	285.9400024
2893	285.9400024
2894	286.019989
2895	286.0599976
2896	286.0599976
2897	286.1099854
2898	286.0400085
2899	286
2900	285.980011
2901	286.0400085
2902	286.1499939
2903	286.1499939
2904	286.1499939
2905	286.1900024
2906	286.1700134
2907	286.1499939
2908	286.1700134
2909	286.1900024
2910	286.1900024
2911	286.1900024
2912	286.25
2913	286.2900085
2914	286.3399963
2915	286.25
2916	286.3099976
2917	286.25
2918	286.25
2919	286.1900024
2920	286.0799866
2921	286
2922	286
2923	286.0599976
2924	286.0599976
2925	286.0599976
2926	286.1099854
2927	286.019989
2928	286.019989
2929	286.019989
2930	285.9599915
2931	285.9400024
2932	285.9200134
2933	285.9599915
2934	286.25
2935	286.3099976
2936	286.4599915
2937	286.730011
2938	286.8200073
2939	286.769989
2940	286.9200134
2941	287.0899963
2942	287.2099915
2943	287.3599854
2944	288.1099854
2945	288.4299927
2946	288.9299927
2947	289.4299927
2948	289.5599976
2949	289.9299927
2950	290.0799866
2951	290.4299927
2952	290.6900024
2953	290.9200134
2954	290.9200134
2955	291.1199951
2956	291.3800049
2957	291.4200134
2958	291.5599976
2959	291.6300049
2960	291.6499939
2961	291.6499939
2962	291.9400024
2963	292.1099854
2964	292.1499939
2965	292.230011
2966	292.2799988
2967	292.3399963
2968	292.3399963
2969	292.3599854
2970	292.3399963
2971	292.3999939
2972	292.3999939
2973	292.3599854
2974	292.3800049
2975	292.4400024
2976	292.3999939
2977	292.3999939
2978	292.3200073
2979	292.3200073
2980	292.3599854
2981	292.4400024
2982	292.4599915
2983	292.5299988
2984	292.5700073
2985	292.5700073
2986	292.5899963
2987	292.6300049
2988	292.6099854
2989	292.6099854
2990	292.5499878
2991	292.6099854
2992	292.6099854
2993	292.6099854
2994	292.5499878
2995	292.6099854
2996	292.5899963
2997	292.5899963
2998	292.6700134
2999	292.7600098
3000	292.7600098
3001	292.7600098
3002	292.7099915
3003	292.6900024
3004	292.7099915
3005	292.7399902
3006	292.6900024
3007	292.6499939
3008	292.5499878
3009	292.5499878
3010	292.5299988
3011	292.480011
3012	292.4599915
3013	292.3999939
3014	292.480011
3015	292.5100098
3016	292.480011
3017	292.5700073
3018	292.5899963
3019	292.6499939
3020	292.6099854
3021	292.6300049
3022	292.5700073
3023	292.4599915
3024	292.4400024
3025	292.4400024
3026	292.3399963
3027	292.2799988
3028	292.25
3029	292.3200073
3030	292.4400024
3031	292.480011
3032	292.480011
3033	292.5100098
3034	292.5700073
3035	292.6099854
3036	292.6099854
3037	292.6099854
3038	292.6900024
3039	292.6900024
3040	292.6300049
3041	292.7600098
3042	292.7799988
3043	292.7999878
3044	292.7099915
3045	292.7600098
3046	292.7600098
3047	292.7799988
3048	292.7600098
3049	292.7600098
3050	292.7099915
3051	292.6700134
3052	292.7999878
3053	292.7600098
3054	292.7799988
3055	292.7600098
3056	292.7799988
3057	292.7799988
3058	292.7799988
3059	292.8999939
3060	292.9200134
3061	292.9200134
3062	292.8999939
3063	292.8399963
3064	292.8399963
3065	292.8599854
3066	292.8599854
3067	292.8399963
3068	292.7999878
3069	292.7099915
3070	292.6900024
3071	292.6900024
3072	292.7099915
3073	292.9200134
3074	292.8800049
3075	292.7999878
3076	292.9200134
3077	292.8800049
3078	292.8399963
3079	292.8999939
3080	292.8399963
3081	292.8800049
3082	292.8200073
3083	292.8399963
3084	292.8399963
3085	292.8200073
3086	292.7600098
3087	292.7999878
3088	292.7799988
3089	292.8399963
3090	292.9200134
3091	292.9200134
3092	292.8399963
3093	292.8399963
3094	292.8200073
3095	292.8599854
3096	292.8599854
3097	292.8800049
3098	292.8800049
3099	292.8999939
3100	292.8200073
3101	292.8200073
3102	292.7600098
3103	292.7600098
3104	292.8200073
3105	292.7999878
3106	292.8399963
3107	292.8599854
3108	292.8800049
3109	292.6499939
3110	292.6499939
3111	292.3399963
3112	292.1900024
3113	292.1099854
3114	292.0499878
3115	291.8800049
3116	291.9200134
3117	291.8200073
3118	291.769989
3119	291.7099915
3120	291.6300049
3121	291.5799866
3122	291.519989
3123	291.3099976
3124	291.230011
3125	290.8299866
3126	290.6199951
3127	289.8299866
3128	288.3200073
3129	287.2600098
3130	285.1900024
3131	284.4299927
3132	283.2600098
3133	282.3599854
3134	281.5
3135	281.5
3136	280
3137	279.2000122
3138	278.8299866
3139	278.2399902
3140	277.9100037
3141	277.7399902
3142	277.7399902
3143	277.9100037
3144	277.9700012
3145	277.9899902
3146	278.0499878
3147	278.2399902
3148	278.3699951
3149	278.5400085
3150	278.7399902
3151	278.8699951
3152	279.019989
3153	279.25
3154	279.519989
3155	279.6199951
3156	279.8299866
3157	280.3500061
3158	280.5400085
3159	280.75
3160	281.0700073
3161	281.230011
3162	281.4200134
3163	281.480011
3164	281.5899963
3165	281.7600098
3166	281.8800049
3167	282.0499878
3168	282.1499939
3169	282.2999878
3170	282.3399963
3171	282.5499878
3172	282.7200012
3173	282.9500122
3174	282.9500122
3175	283.0299988
3176	283.1199951
3177	283.1400146
3178	283.2799988
3179	283.3200073
3180	283.3900146
3181	283.3900146
3182	283.5799866
3183	283.7000122
3184	283.7399902
3185	283.8900146
3186	283.8900146
3187	283.8699951
3188	283.9299927
3189	283.9299927
3190	284.0100098
3191	284.0799866
3192	284.2900085
3193	284.3500061
3194	284.5400085
3195	284.5400085
3196	284.7900085
3197	284.75
3198	284.8099976
3199	284.8900146
3200	284.9100037
3201	284.980011
3202	285.0799866
3203	285.1400146
3204	285.1600037
3205	285.25
3206	285.25
3207	285.269989
3208	285.3900146
3209	285.3900146
3210	285.4400024
3211	285.4599915
3212	285.480011
3213	285.480011
3214	285.6000061
3215	285.6499939
3216	285.6199951
3217	285.6700134
3218	285.6000061
3219	285.5799866
3220	285.5799866
3221	285.5599976
3222	285.519989
3223	285.480011
3224	285.519989
3225	285.519989
3226	285.519989
3227	285.5799866
3228	285.6499939
3229	285.6199951
3230	285.730011
3231	285.730011
3232	285.75
3233	285.8299866
3234	285.8999939
3235	285.8800049
3236	286.0400085
3237	286.1099854
3238	286.0799866
3239	286.0400085
3240	285.8500061
3241	285.8299866
3242	285.730011
3243	285.730011
3244	285.730011
3245	285.730011
3246	285.7900085
3247	285.8999939
3248	285.8800049
3249	285.9200134
3250	285.9599915
3251	285.980011
3252	285.980011
3253	285.980011
3254	286.0400085
3255	286.0400085
3256	286.0799866
3257	286
3258	286
3259	285.980011
3260	286
3261	286
3262	285.9599915
3263	286.019989
3264	286.1300049
3265	286.1900024
3266	286.230011
3267	286.2900085
3268	286.3099976
3269	286.2099915
3270	286.230011
3271	286.269989
3272	286.269989
3273	286.2900085
3274	286.230011
3275	286.1499939
3276	286.1300049
3277	286.1300049
3278	286.230011
3279	286.25
3280	286.230011
3281	286.25
3282	286.269989
3283	286.2900085
3284	286.2900085
3285	286.2900085
3286	286.4200134
3287	286.3800049
3288	286.3999939
3289	286.4599915
3290	286.519989
3291	286.519989
3292	286.519989
3293	286.5
3294	286.4400024
3295	286.4200134
3296	286.4200134
3297	286.4599915
3298	286.3800049
3299	286.4200134
3300	286.519989
3301	286.5899963
3302	286.5899963
3303	286.519989
3304	286.480011
3305	286.480011
3306	286.5
3307	286.5899963
3308	286.5
3309	286.5899963
3310	286.5400085
3311	286.519989
3312	286.519989
3313	286.4400024
3314	286.4400024
3315	286.5
3316	286.5
3317	286.4400024
3318	286.519989
3319	286.6300049
3320	286.6900024
3321	286.730011
3322	286.8200073
3323	286.8200073
3324	286.730011
3325	286.6499939
3326	286.6300049
3327	286.6099854
3328	286.519989
3329	286.480011
3330	286.5
3331	286.5899963
3332	286.519989
3333	286.4200134
3334	286.2900085
3335	286.269989
3336	286.2900085
3337	286.2900085
3338	286.4200134
3339	286.4599915
3340	286.4599915
3341	286.519989
3342	286.5899963
3343	286.6099854
3344	286.5899963
3345	286.6300049
3346	286.6099854
3347	286.6300049
3348	286.6300049
3349	286.5400085
3350	286.5700073
3351	286.6300049
3352	286.5400085
3353	286.5400085
3354	286.6099854
3355	286.6099854
3356	286.6700134
3357	286.75
3358	286.8200073
3359	286.8399963
3360	286.8999939
3361	286.8399963
3362	286.8399963
3363	286.75
3364	286.730011
3365	286.6700134
3366	286.730011
3367	286.730011
3368	286.75
3369	286.75
3370	286.769989
3371	286.8599854
3372	286.9400024
3373	287.0299988
3374	287.0700073
3375	287.0700073
3376	287.0700073
3377	287.1300049
3378	287.1099854
3379	287.0499878
3380	287.0100098
3381	286.980011
3382	286.980011
3383	287.0700073
3384	287.0499878
3385	287.0299988
3386	287.0899963
3387	287.0899963
3388	287.0100098
3389	287.0100098
3390	287.0899963
3391	287.0100098
3392	286.8800049
3393	286.8599854
3394	286.8599854
3395	286.8599854
3396	287.0299988
3397	286.9400024
3398	286.9599915
3399	286.980011
3400	286.9599915
3401	286.9200134
3402	286.9400024
3403	286.9200134
3404	286.980011
3405	286.9599915
3406	287.0100098
3407	287.0899963
3408	287.1700134
3409	287.4700012
3410	287.5899963
3411	287.6099854
3412	287.7200012
3413	287.7399902
3414	287.7000122
3415	287.7799988
3416	288.0299988
3417	288.2200012
3418	288.5899963
3419	288.5899963
3420	289.2000122
3421	289.5599976
3422	289.769989
3423	290.1000061
3424	290.4299927
3425	290.5799866
3426	290.5799866
3427	290.9599915
3428	291.1499939
3429	291.269989
3430	291.3999939
3431	291.519989
3432	291.6099854
3433	291.6099854
3434	291.769989
3435	291.8200073
3436	291.8599854
3437	291.9200134
3438	291.9200134
3439	292.019989
3440	292.0499878
3441	292.1099854
3442	292.1700134
3443	292.1300049
3444	292.1499939
3445	292.1099854
3446	292.1499939
3447	292.1700134
3448	292.2099915
3449	292.25
3450	292.3599854
3451	292.3800049
3452	292.3800049
3453	292.3800049
3454	292.3999939
3455	292.3599854
3456	292.2999878
3457	292.25
3458	292.25
3459	292.3800049
3460	292.3200073
3461	292.3999939
3462	292.3999939
3463	292.3999939
3464	292.4200134
3465	292.4200134
3466	292.5299988
3467	292.5100098
3468	292.480011
3469	292.4599915
3470	292.480011
3471	292.4599915
3472	292.4400024
3473	292.3599854
3474	292.2999878
3475	292.2999878
3476	292.3399963
3477	292.2999878
3478	292.2999878
3479	292.230011
3480	292.25
3481	292.2799988
3482	292.3399963
3483	292.480011
3484	292.4400024
3485	292.4400024
3486	292.480011
3487	292.5299988
3488	292.6099854
3489	292.5499878
3490	292.6099854
3491	292.5499878
3492	292.5700073
3493	292.5899963
3494	292.5700073
3495	292.5499878
3496	292.5499878
3497	292.5499878
3498	292.4599915
3499	292.4400024
3500	292.4200134
3501	292.5100098
3502	292.480011
3503	292.6099854
3504	292.6099854
3505	292.5899963
3506	292.6499939
3507	292.6499939
3508	292.5700073
3509	292.5899963
3510	292.5899963
3511	292.6499939
3512	292.6499939
3513	292.5899963
3514	292.5499878
3515	292.5299988
3516	292.5700073
3517	292.5700073
3518	292.5499878
3519	292.4400024
3520	292.4599915
3521	292.5100098
3522	292.480011
3523	292.4200134
3524	292.5100098
3525	292.5100098
3526	292.5100098
3527	292.5299988
3528	292.5100098
3529	292.5100098
3530	292.5499878
3531	292.6499939
3532	292.5899963
3533	292.6300049
3534	292.5700073
3535	292.5299988
3536	292.5299988
3537	292.5700073
3538	292.5899963
3539	292.6300049
3540	292.5700073
3541	292.5100098
3542	292.4599915
3543	292.4599915
3544	292.5499878
3545	292.6099854
3546	292.6499939
3547	292.6900024
3548	292.6499939
3549	292.5899963
3550	292.6099854
3551	292.6700134
3552	292.6900024
3553	292.7099915
3554	292.7399902
3555	292.6700134
3556	292.7399902
3557	292.7399902
3558	292.7999878
3559	292.6499939
3560	292.6499939
3561	292.6300049
3562	292.5499878
3563	292.5899963
3564	292.6499939
3565	292.6300049
3566	292.6900024
3567	292.6300049
3568	292.6300049
3569	292.6099854
3570	292.6300049
3571	292.6700134
3572	292.7399902
3573	292.6499939
3574	292.6300049
3575	292.6300049
3576	292.6700134
3577	292.6900024
3578	292.6300049
3579	292.6900024
3580	292.7399902
3581	292.7399902
3582	292.7600098
3583	292.4200134
3584	292.3399963
3585	292.1900024
3586	292.1499939
3587	292.1099854
3588	292.1099854
3589	292.019989
3590	291.8999939
3591	291.8800049
3592	291.769989
3593	291.8599854
3594	291.8200073
3595	291.7099915
3596	291.6700134
3597	291.3299866
3598	290.6000061
3599	289.3099976
3600	289.3099976
3601	286.8999939
3602	285.6199951
3603	285.0599976
3604	283.9899902
3605	282.8399963
3606	281.6900024
3607	281.6900024
3608	280.3999939
3609	279.7900085
3610	279.5
3611	279.1000061
3612	278.8900146
3613	279.1199951
3614	279.1199951
3615	279.6600037
3616	279.730011
3617	279.6600037
3618	279.7099915
3619	279.8299866
3620	279.8900146
3621	279.980011
3622	280.3299866
3623	280.519989
3624	280.8599854
3625	281.1900024
3626	281.269989
3627	281.6900024
3628	281.8399963
3629	282.0899963
3630	282.1700134
3631	282.2999878
3632	282.3999939
3633	282.5299988
3634	282.6099854
3635	282.7200012
3636	283.0299988
3637	283.1799927
3638	283.2999878
3639	283.2999878
3640	283.4299927
3641	283.5100098
3642	283.6000061
3643	283.7799988
3644	283.8900146
3645	283.9100037
3646	283.9100037
3647	284.1400146
3648	284.269989
3649	284.3900146
3650	284.7900085
3651	284.980011
3652	284.980011
3653	285.019989
3654	285.1000061
3655	285.1900024
3656	285.1600037
3657	285.25
3658	285.3099976
3659	285.3900146
3660	285.3900146
3661	285.5400085
3662	285.480011
3663	285.4599915
3664	285.5
3665	285.5
3666	285.6499939
3667	285.769989
3668	285.9200134
3669	286.019989
3670	285.980011
3671	285.980011
3672	286.019989
3673	286.0400085
3674	286.0799866
3675	286.0400085
3676	286.1900024
3677	286.1900024
3678	286.1900024
3679	286.269989
3680	286.3099976
3681	286.2900085
3682	286.3599854
3683	286.3099976
3684	286.4599915
3685	286.4599915
3686	286.480011
3687	286.5700073
3688	286.6499939
3689	286.6499939
3690	286.6300049
3691	286.5700073
3692	286.6499939
3693	286.7099915
3694	286.7099915
3695	286.8399963
3696	286.769989
3697	286.730011
3698	286.6900024
3699	286.730011
3700	286.7999878
3701	286.8999939
3702	286.9200134
3703	286.9599915
3704	286.9400024
3705	286.7999878
3706	286.8200073
3707	286.8399963
3708	286.8999939
3709	286.9200134
3710	286.9200134
3711	286.9599915
3712	287.0499878
3713	287.0299988
3714	287.0700073
3715	287.0499878
3716	287.0499878
3717	287.0499878
3718	286.9200134
3719	286.8399963
3720	286.8999939
3721	287.0100098
3722	287.0100098
3723	286.980011
3724	286.9599915
3725	287.1300049
3726	287.1499939
3727	287.0899963
3728	287.1499939
3729	287.1300049
3730	287.1499939
3731	287.0899963
3732	287.2600098
3733	287.1499939
3734	287.1700134
3735	287.1300049
3736	287.1900024
3737	287.1900024
3738	287.1900024
3739	287.2099915
3740	287.1900024
3741	287.2600098
3742	287.2999878
3743	287.2799988
3744	287.2999878
3745	287.2600098
3746	287.2999878
3747	287.2099915
3748	287.1300049
3749	287.1300049
3750	287.1099854
3751	287.0899963
3752	287.1499939
3753	287.1900024
3754	287.2099915
3755	287.1700134
3756	287.1700134
3757	287.1700134
3758	287.2099915
3759	287.2099915
3760	287.1900024
3761	287.2600098
3762	287.2399902
3763	287.1900024
3764	287.0700073
3765	287.0899963
3766	287.0299988
3767	287.0899963
3768	287.1099854
3769	287.0299988
3770	287.0899963
3771	287.1700134
3772	287.1700134
3773	287.1700134
3774	287.2600098
3775	287.2399902
3776	287.2799988
3777	287.2999878
3778	287.3200073
3779	287.2099915
3780	287.1900024
3781	287.1900024
3782	287.1099854
3783	287.0299988
3784	287.0100098
3785	286.9400024
3786	286.9200134
3787	287.0100098
3788	287.0100098
3789	287.0700073
3790	287.0700073
3791	287.0499878
3792	287.0499878
3793	287.1099854
3794	287.0899963
3795	287.0899963
3796	287.2399902
3797	287.2099915
3798	287.1900024
3799	287.1900024
3800	287.2399902
3801	287.2799988
3802	287.2999878
3803	287.1499939
3804	287.1499939
3805	287.1300049
3806	287.0899963
3807	287.0899963
3808	287.0700073
3809	286.980011
3810	287.0100098
3811	287.1300049
3812	287.1099854
3813	287.1300049
3814	287.1900024
3815	287.1499939
3816	287.1700134
3817	287.1700134
3818	287.2099915
3819	287.2099915
3820	287.2099915
3821	287.1700134
3822	287.2799988
3823	287.1900024
3824	287.1700134
3825	287.1900024
3826	287.2399902
3827	287.2399902
3828	287.3399963
3829	287.2999878
3830	287.2799988
3831	287.1900024
3832	287.2099915
3833	287.2999878
3834	287.2600098
3835	287.2999878
3836	287.3200073
3837	287.2399902
3838	287.2600098
3839	287.1900024
3840	287.2600098
3841	287.2099915
3842	287.2099915
3843	287.2600098
3844	287.1900024
3845	287.2099915
3846	287.2799988
3847	287.1900024
3848	287.1499939
3849	287.1499939
3850	287.2399902
3851	287.2399902
3852	287.2399902
3853	287.2399902
3854	287.2399902
3855	287.2099915
3856	287.2399902
3857	287.2600098
3858	287.2399902
3859	287.2399902
3860	287.2399902
3861	287.2099915
3862	287.2099915
3863	287.1900024
3864	287.1700134
3865	287.2999878
3866	287.2999878
3867	287.3200073
3868	287.3399963
3869	287.3200073
3870	287.2799988
3871	287.1900024
3872	287.2099915
3873	287.2099915
3874	287.2099915
3875	287.1300049
3876	287.1900024
3877	287.2799988
3878	287.2399902
3879	287.1300049
3880	287.2399902
3881	287.6099854
3882	287.6499939
3883	287.7000122
3884	287.8200073
3885	287.8200073
3886	287.8599854
3887	287.8800049
3888	287.9500122
3889	288.1300049
3890	288.2999878
3891	288.2999878
3892	288.7600098
3893	289.1799927
3894	289.3299866
3895	289.7399902
3896	290.0799866
3897	290.3500061
3898	290.3500061
3899	290.6900024
3900	290.9200134
3901	291.019989
3902	291.230011
3903	291.4400024
3904	291.4599915
3905	291.4400024
3906	291.6700134
3907	291.769989
3908	291.75
3909	291.8599854
3910	291.9599915
3911	291.8999939
3912	291.8999939
3913	291.9400024
3914	292.019989
3915	292.019989
3916	291.9599915
3917	291.9400024
3918	292.0899963
3919	292.1300049
3920	292.0899963
3921	292.1900024
3922	292.1499939
3923	292.1499939
3924	292.230011
3925	292.230011
3926	292.25
3927	292.3200073
3928	292.3399963
3929	292.3800049
3930	292.3800049
3931	292.1499939
3932	292.1099854
3933	292.1499939
3934	292.1499939
3935	292.230011
3936	292.25
3937	292.25
3938	292.25
3939	292.230011
3940	292.2099915
3941	292.2799988
3942	292.3200073
3943	292.2999878
3944	292.25
3945	292.1900024
3946	292.1700134
3947	292.25
3948	292.230011
3949	292.2999878
3950	292.3599854
3951	292.3200073
3952	292.3399963
3953	292.3399963
3954	292.2999878
3955	292.230011
3956	292.2999878
3957	292.4200134
3958	292.3999939
3959	292.3800049
3960	292.3399963
3961	292.25
3962	292.25
3963	292.3599854
3964	292.4400024
3965	292.3999939
3966	292.3999939
3967	292.4200134
3968	292.4400024
3969	292.4400024
3970	292.3999939
3971	292.4599915
3972	292.480011
3973	292.5100098
3974	292.4599915
3975	292.4200134
3976	292.5100098
3977	292.4400024
3978	292.3800049
3979	292.3599854
3980	292.3999939
3981	292.3599854
3982	292.3999939
3983	292.3800049
3984	292.3999939
3985	292.3399963
3986	292.3999939
3987	292.480011
3988	292.5100098
3989	292.5700073
3990	292.5700073
3991	292.5899963
3992	292.5299988
3993	292.5100098
3994	292.4599915
3995	292.4400024
3996	292.3399963
3997	292.25
3998	292.3399963
3999	292.4200134
4000	292.4599915
4001	292.4599915
4002	292.3800049
4003	292.3399963
4004	292.3399963
4005	292.3200073
4006	292.3399963
4007	292.230011
4008	292.230011
4009	292.2999878
4010	292.25
4011	292.3399963
4012	292.3800049
4013	292.3599854
4014	292.3999939
4015	292.5299988
4016	292.5499878
4017	292.5499878
4018	292.5499878
4019	292.5299988
4020	292.4599915
4021	292.3999939
4022	292.3800049
4023	292.1900024
4024	292.230011
4025	292.2799988
4026	292.2799988
4027	292.2799988
4028	292.230011
4029	292.1900024
4030	292.25
4031	292.2799988
4032	292.3399963
4033	292.3399963
4034	292.3800049
4035	292.4400024
4036	292.4200134
4037	292.2999878
4038	292.2799988
4039	292.3800049
4040	292.3800049
4041	292.3200073
4042	292.3399963
4043	292.3999939
4044	292.3599854
4045	292.3200073
4046	292.3399963
4047	292.3399963
4048	292.3999939
4049	292.4200134
4050	292.4599915
4051	292.3999939
4052	292.3999939
4053	292.4400024
4054	292.480011
4055	292.4200134
4056	292.2999878
4057	292.0899963
4058	292.019989
4059	292.019989
4060	291.8999939
4061	291.8800049
4062	291.75
4063	291.6700134
4064	291.7099915
4065	291.6900024
4066	291.6099854
4067	291.5799866
4068	291.6099854
4069	291.4400024
4070	291.3800049
4071	291.1900024
4072	291.1900024
4073	290.1600037
4074	288.7999878
4075	288.0899963
4076	286.1499939
4077	284.2200012
4078	282.6799927
4079	282.6799927
4080	281.1099854
4081	280.3999939
4082	280.0799866
4083	279.5
4084	279.2000122
4085	279.1199951
4086	279.0799866
4087	278.7399902
4088	278.7000122
4089	278.7399902
4090	278.8900146
4091	278.9700012
4092	279.0799866
4093	279.1199951
4094	279.4299927
4095	279.480011
4096	279.6000061
4097	279.9200134
4098	280.1199951
4099	280.4400024
4100	280.6300049
4101	280.7900085
4102	281
4103	281.230011
4104	281.230011
4105	281.6300049
4106	281.8200073
4107	281.9599915
4108	282.2600098
4109	282.3200073
4110	282.5700073
4111	282.5700073
4112	282.6600037
4113	282.7799988
4114	282.7999878
4115	282.9899902
4116	283.1199951
4117	283.2799988
4118	283.2799988
4119	283.6400146
4120	283.7799988
4121	283.8699951
4122	283.9899902
4123	284.0400085
4124	284.0799866
4125	284.1199951
4126	284.4500122
4127	284.5400085
4128	284.6400146
4129	284.6600037
4130	284.6600037
4131	284.7900085
4132	284.9100037
4133	284.980011
4134	285.019989
4135	285.1400146
4136	285.1600037
4137	285.269989
4138	285.3500061
4139	285.4200134
4140	285.5400085
4141	285.4599915
4142	285.5
4143	285.5
4144	285.5400085
4145	285.6499939
4146	285.75
4147	285.7900085
4148	285.8999939
4149	285.9599915
4150	285.9599915
4151	286
4152	285.9400024
4153	286.019989
4154	286.019989
4155	286.1099854
4156	286.0599976
4157	286.0400085
4158	285.980011
4159	285.9599915
4160	286.019989
4161	286.1099854
4162	286.1099854
4163	286.1700134
4164	286.1499939
4165	286.1900024
4166	286.1700134
4167	286.2900085
4168	286.4400024
4169	286.4599915
4170	286.5
4171	286.519989
4172	286.519989
4173	286.4599915
4174	286.480011
4175	286.5400085
4176	286.5400085
4177	286.6300049
4178	286.6499939
4179	286.769989
4180	286.8200073
4181	286.730011
4182	286.730011
4183	286.5899963
4184	286.6099854
4185	286.6700134
4186	286.730011
4187	286.769989
4188	286.7999878
4189	286.7999878
4190	286.8200073
4191	286.7999878
4192	286.6499939
4193	286.769989
4194	286.8399963
4195	286.8800049
4196	286.8999939
4197	286.980011
4198	287.0299988
4199	287.0299988
4200	286.9400024
4201	286.8999939
4202	286.9200134
4203	286.8599854
4204	286.8800049
4205	286.8800049
4206	286.8399963
4207	286.8599854
4208	286.8599854
4209	286.75
4210	286.75
4211	286.769989
4212	286.730011
4213	286.75
4214	286.75
4215	286.7999878
4216	286.8399963
4217	286.8399963
4218	286.8800049
4219	286.8999939
4220	286.769989
4221	286.769989
4222	286.6499939
4223	286.730011
4224	286.730011
4225	286.7099915
4226	286.75
4227	286.769989
4228	286.75
4229	286.7999878
4230	286.75
4231	286.769989
4232	286.8399963
4233	286.8399963
4234	286.8599854
4235	286.8399963
4236	286.730011
4237	286.8200073
4238	286.8999939
4239	286.9400024
4240	286.9400024
4241	287.0899963
4242	287.0899963
4243	287.0700073
4244	287.0100098
4245	287.0899963
4246	287.0299988
4247	286.9599915
4248	286.9200134
4249	286.8599854
4250	286.8599854
4251	286.8200073
4252	286.9400024
4253	286.9400024
4254	286.980011
4255	287.0100098
4256	287.0700073
4257	287.0700073
4258	287.1300049
4259	287.1099854
4260	287.1099854
4261	287.0899963
4262	287.0299988
4263	287.0100098
4264	286.980011
4265	286.8800049
4266	286.9599915
4267	286.980011
4268	287.1099854
4269	287.1499939
4270	287.1300049
4271	287.2399902
4272	287.2099915
4273	287.2099915
4274	287.2799988
4275	287.2999878
4276	287.1900024
4277	287.2399902
4278	287.0700073
4279	287.0700073
4280	287.0700073
4281	286.9599915
4282	287.1300049
4283	287.1099854
4284	287.0700073
4285	287.0700073
4286	286.980011
4287	286.980011
4288	287.0899963
4289	287.1900024
4290	287.1700134
4291	287.1900024
4292	287.1900024
4293	287.2099915
4294	287.1900024
4295	287.1900024
4296	287.1900024
4297	287.0899963
4298	287.0899963
4299	287.0899963
4300	286.980011
4301	286.8999939
4302	286.980011
4303	286.9400024
4304	286.9599915
4305	287.0100098
4306	287.0899963
4307	287.0100098
4308	287.0499878
4309	287.1099854
4310	287.1499939
4311	287.1499939
4312	287.2099915
4313	287.1900024
4314	287.1700134
4315	287.1700134
4316	287.1099854
4317	287.0899963
4318	287.1099854
4319	287.0499878
4320	287.0700073
4321	287.0700073
4322	287.0299988
4323	287.0100098
4324	287.0100098
4325	286.980011
4326	287.0499878
4327	287.1099854
4328	287.1499939
4329	287.2399902
4330	287.1900024
4331	287.1900024
4332	287.2600098
4333	287.2399902
4334	287.1700134
4335	287.1700134
4336	287.1900024
4337	287.2099915
4338	287.2600098
4339	287.2999878
4340	287.2099915
4341	287.2099915
4342	287.2399902
4343	287.1900024
4344	287.2799988
4345	287.2099915
4346	287.1700134
4347	287.1700134
4348	287.1300049
4349	287.1499939
4350	287.1499939
4351	287.1700134
4352	287.0700073
4353	287.0700073
4354	287.2399902
4355	287.5100098
4356	287.5899963
4357	287.6300049
4358	287.6499939
4359	287.6300049
4360	287.7200012
4361	287.8200073
4362	288.0700073
4363	288.0700073
4364	288.5899963
4365	288.8500061
4366	289.0100098
4367	289.3500061
4368	289.6600037
4369	289.9100037
4370	289.9100037
4371	290.3500061
4372	290.6900024
4373	290.8299866
4374	291
4375	291.019989
4376	291.1000061
4377	291.1199951
4378	291.2099915
4379	291.3500061
4380	291.3800049
4381	291.480011
4382	291.4599915
4383	291.4599915
4384	291.480011
4385	291.6099854
4386	291.6700134
4387	291.75
4388	291.8200073
4389	291.769989
4390	291.8999939
4391	291.9200134
4392	291.9400024
4393	291.980011
4394	292.0700073
4395	292.0700073
4396	291.8999939
4397	291.9200134
4398	291.9200134
4399	292
4400	292.0899963
4401	292.1700134
4402	292.1700134
4403	292.1300049
4404	292.0899963
4405	292.1099854
4406	292.0899963
4407	292.1099854
4408	292.1099854
4409	292.0899963
4410	292.1900024
4411	292.1499939
4412	292.230011
4413	292.1700134
4414	292.0899963
4415	292.0899963
4416	292.1300049
4417	292.1099854
4418	292.1499939
4419	292.1700134
4420	292.1300049
4421	292.1300049
4422	292.0700073
4423	292.1700134
4424	292.1499939
4425	292.1900024
4426	292.2099915
4427	292.2099915
4428	292.1900024
4429	292.2099915
4430	292.1900024
4431	292.1900024
4432	292.0899963
4433	291.9400024
4434	291.9400024
4435	292.0700073
4436	292.1300049
4437	292.1700134
4438	292.1700134
4439	292.1700134
4440	292.1499939
4441	292.1499939
4442	292.1099854
4443	292.2099915
4444	292.1900024
4445	292.3200073
4446	292.3200073
4447	292.2799988
4448	292.2799988
4449	292.0899963
4450	292.1499939
4451	292.1900024
4452	292.3200073
4453	292.1900024
4454	292.1900024
4455	292.1900024
4456	292.2099915
4457	292.1900024
4458	292.230011
4459	292.2999878
4460	292.2799988
4461	292.3399963
4462	292.3200073
4463	292.3999939
4464	292.3999939
4465	292.3999939
4466	292.3999939
4467	292.4200134
4468	292.3399963
4469	292.3399963
4470	292.2999878
4471	292.3800049
4472	292.3999939
4473	292.3999939
4474	292.25
4475	292.25
4476	292.2999878
4477	292.230011
4478	292.230011
4479	292.2099915
4480	292.2099915
4481	292.1700134
4482	292.230011
4483	292.2799988
4484	292.3399963
4485	292.3599854
4486	292.3399963
4487	292.3999939
4488	292.3599854
4489	292.2799988
4490	292.2999878
4491	292.2999878
4492	292.230011
4493	292.1900024
4494	292.1700134
4495	292.1099854
4496	292.2999878
4497	292.3399963
4498	292.230011
4499	292.2099915
4500	292.1900024
4501	292.1900024
4502	292.1900024
4503	292.2999878
4504	292.25
4505	292.25
4506	292.230011
4507	292.230011
4508	292.230011
4509	292.1499939
4510	292.1300049
4511	292.0899963
4512	292.0899963
4513	292.2099915
4514	292.1700134
4515	292.1700134
4516	292.0899963
4517	292.2099915
4518	292.2999878
4519	292.2999878
4520	292.3800049
4521	292.3399963
4522	292.3999939
4523	292.3399963
4524	292.1499939
4525	292.1099854
4526	292.1700134
4527	292.230011
4528	292.25
4529	292.2099915
4530	292.0700073
4531	291.980011
4532	291.8999939
4533	291.7900085
4534	291.6700134
4535	291.519989
4536	291.3999939
4537	291.3999939
4538	291.3500061
4539	291.4400024
4540	291.3999939
4541	291.3299866
4542	291.1700134
4543	290.6900024
4544	290.6900024
4545	289.9500122
4546	289.4700012
4547	289.1000061
4548	288.1099854
4549	287.0100098
4550	285.769989
4551	285.769989
4552	283.5799866
4553	282.2000122
4554	281.6099854
4555	280.480011
4556	279.8099976
4557	279.5400085
4558	279.230011
4559	278.8500061
4560	278.8900146
4561	279.0599976
4562	279.1199951
4563	279.1199951
4564	279.0599976
4565	279.0400085
4566	279.2000122
4567	279.3500061
4568	279.4599915
4569	279.7099915
4570	279.769989
4571	280.0400085
4572	280.0400085
4573	280.3500061
4574	280.5599976
4575	280.8599854
4576	280.8599854
4577	281.25
4578	281.4599915
4579	281.6099854
4580	281.8399963
4581	282.1499939
4582	282.4899902
4583	282.4899902
4584	282.7200012
4585	283.0100098
4586	283.1400146
4587	283.4299927
4588	283.5299988
4589	283.5799866
4590	283.6199951
4591	283.6600037
4592	283.8900146
4593	284.0100098
4594	284.2000122
4595	284.3500061
4596	284.3900146
4597	284.4700012
4598	284.5599976
4599	284.5799866
4600	284.5799866
4601	284.769989
4602	284.8299866
4603	285.1600037
4604	285.230011
4605	285.3900146
4606	285.4200134
4607	285.4400024
4608	285.4400024
4609	285.5
4610	285.519989
4611	285.519989
4612	285.5599976
4613	285.6000061
4614	285.6499939
4615	285.6499939
4616	285.6499939
4617	285.5
4618	285.519989
4619	285.5599976
4620	285.6199951
4621	285.7099915
4622	285.7099915
4623	285.8500061
4624	285.8999939
4625	285.9200134
4626	285.9200134
4627	286.019989
4628	286.0400085
4629	286
4630	286.1700134
4631	286.230011
4632	286.1900024
4633	286.25
4634	286.230011
4635	286.269989
4636	286.2099915
4637	286.230011
4638	286.269989
4639	286.3099976
4640	286.4200134
4641	286.3599854
4642	286.4200134
4643	286.3999939
4644	286.3800049
4645	286.4599915
4646	286.4599915
4647	286.4599915
4648	286.5
4649	286.480011
4650	286.519989
4651	286.6099854
4652	286.5700073
4653	286.5899963
4654	286.5899963
4655	286.5700073
4656	286.6700134
4657	286.6099854
4658	286.6099854
4659	286.5899963
4660	286.5700073
4661	286.6700134
4662	286.6300049
4663	286.7099915
4664	286.6700134
4665	286.6900024
4666	286.75
4667	286.730011
4668	286.75
4669	286.6900024
4670	286.75
4671	286.7099915
4672	286.769989
4673	286.7999878
4674	286.7999878
4675	286.769989
4676	286.75
4677	286.7099915
4678	286.6900024
4679	286.6700134
4680	286.6300049
4681	286.6700134
4682	286.6900024
4683	286.6700134
4684	286.6900024
4685	286.730011
4686	286.730011
4687	286.730011
4688	286.8599854
4689	286.8999939
4690	286.8200073
4691	286.8200073
4692	286.8800049
4693	286.8800049
4694	286.8999939
4695	286.8200073
4696	286.9599915
4697	286.980011
4698	286.8399963
4699	286.8599854
4700	286.8599854
4701	286.7999878
4702	286.8599854
4703	286.9200134
4704	286.9400024
4705	286.980011
4706	286.9599915
4707	286.9599915
4708	286.8999939
4709	286.9400024
4710	286.980011
4711	287.0499878
4712	287.0100098
4713	287.0499878
4714	287.1099854
4715	287.0700073
4716	287.0499878
4717	287.0899963
4718	287.0899963
4719	287.0700073
4720	286.9200134
4721	287.0299988
4722	286.8999939
4723	286.8399963
4724	286.9200134
4725	286.9200134
4726	287.0899963
4727	287.1099854
4728	287.1499939
4729	287.0700073
4730	287.0100098
4731	286.8599854
4732	286.9400024
4733	286.9400024
4734	286.9599915
4735	287.0299988
4736	287.0499878
4737	287.0700073
4738	287.0700073
4739	287.0700073
4740	287.1300049
4741	287.1499939
4742	287.1900024
4743	287.1700134
4744	287.2399902
4745	287.2999878
4746	287.2799988
4747	287.3200073
4748	287.2999878
4749	287.2799988
4750	287.2799988
4751	287.2600098
4752	287.2099915
4753	287.1900024
4754	287.2399902
4755	287.1900024
4756	287.1499939
4757	287.1499939
4758	287.1900024
4759	287.2099915
4760	287.2099915
4761	287.1300049
4762	287.1900024
4763	287.1300049
4764	287.1300049
4765	287.2799988
4766	287.2600098
4767	287.3599854
4768	287.3599854
4769	287.3800049
4770	287.3800049
4771	287.2799988
4772	287.3200073
4773	287.3200073
4774	287.3599854
4775	287.2799988
4776	287.2799988
4777	287.3200073
4778	287.3200073
4779	287.2600098
4780	287.2799988
4781	287.1900024
4782	287.1900024
4783	287.2099915
4784	287.3599854
4785	287.3999939
4786	287.4200134
4787	287.4400024
4788	287.3599854
4789	287.3599854
4790	287.3399963
4791	287.2999878
4792	287.3399963
4793	287.3599854
4794	287.3200073
4795	287.2999878
4796	287.2999878
4797	287.2600098
4798	287.2099915
4799	287.3399963
4800	287.3399963
4801	287.3800049
4802	287.3800049
4803	287.3800049
4804	287.2799988
4805	287.2600098
4806	287.3800049
4807	287.3999939
4808	287.4200134
4809	287.4200134
4810	287.4400024
4811	287.4400024
4812	287.3999939
4813	287.3399963
4814	287.3200073
4815	287.2999878
4816	287.2999878
4817	287.3599854
4818	287.3800049
4819	287.4200134
4820	287.4700012
4821	287.4899902
4822	287.4700012
4823	287.5100098
4824	287.4899902
4825	287.4400024
4826	287.4400024
4827	287.7000122
4828	287.7000122
4829	288.0899963
4830	288.1799927
4831	288.1799927
4832	288.0899963
4833	288.1600037
4834	288.2200012
4835	288.2200012
4836	288.4700012
4837	288.7799988
4838	288.9899902
4839	289.3299866
4840	289.5799866
4841	289.769989
4842	289.8699951
4843	290.269989
4844	290.4100037
4845	290.6000061
4846	290.8500061
4847	291.019989
4848	291.1499939
4849	291.1499939
4850	291.2900085
4851	291.3500061
4852	291.5
4853	291.5599976
4854	291.6099854
4855	291.7099915
4856	291.6900024
4857	291.7099915
4858	291.7099915
4859	291.75
4860	291.75
4861	291.769989
4862	291.8200073
4863	291.7900085
4864	291.75
4865	291.730011
4866	291.8200073
4867	291.8200073
4868	291.8999939
4869	291.8800049
4870	291.9599915
4871	291.8599854
4872	291.8399963
4873	291.8800049
4874	291.8800049
4875	291.980011
4876	292.0499878
4877	292.019989
4878	291.980011
4879	291.9200134
4880	291.9400024
4881	291.8999939
4882	291.980011
4883	291.980011
4884	291.9400024
4885	291.9599915
4886	292.019989
4887	292
4888	291.9200134
4889	291.9200134
4890	292.019989
4891	292
4892	291.9200134
4893	291.8800049
4894	291.8399963
4895	291.8200073
4896	291.9599915
4897	291.980011
4898	291.980011
4899	291.980011
4900	292.1099854
4901	292.0700073
4902	292.1300049
4903	292.0700073
4904	292.0899963
4905	292.1099854
4906	292.1099854
4907	292.1099854
4908	292.2099915
4909	292.1700134
4910	292.1300049
4911	292.1300049
4912	292.1099854
4913	292.0499878
4914	291.9599915
4915	291.8200073
4916	291.769989
4917	291.7900085
4918	291.8999939
4919	291.9400024
4920	291.980011
4921	292.0499878
4922	292.019989
4923	292.019989
4924	291.980011
4925	291.8999939
4926	291.9400024
4927	292.0899963
4928	292.0899963
4929	292.1499939
4930	292.1300049
4931	292.1300049
4932	292.1499939
4933	292.0700073
4934	291.980011
4935	291.8599854
4936	291.9200134
4937	291.9400024
4938	291.9400024
4939	291.980011
4940	291.9400024
4941	291.9599915
4942	292.019989
4943	292.0700073
4944	291.980011
4945	291.980011
4946	291.9400024
4947	292.0899963
4948	292.1099854
4949	292.1099854
4950	292.0499878
4951	292.019989
4952	292.019989
4953	291.980011
4954	292.019989
4955	292.0899963
4956	292.1499939
4957	292.1300049
4958	292.1300049
4959	292.1499939
4960	292.1099854
4961	292.1300049
4962	292.1099854
4963	292.0499878
4964	292.0499878
4965	292.019989
4966	292.019989
4967	291.9400024
4968	291.9599915
4969	291.9599915
4970	291.9599915
4971	292
4972	292.0499878
4973	292
4974	292.0700073
4975	292.1700134
4976	292.2799988
4977	292.2799988
4978	292.3599854
4979	292.3800049
4980	292.3999939
4981	292.25
4982	292.1700134
4983	292.230011
4984	292.2099915
4985	292.2799988
4986	292.3800049
4987	292.3999939
4988	292.2099915
4989	292.1900024
4990	292.1700134
4991	292.25
4992	292.3200073
4993	292.2999878
4994	292.230011
4995	292.3399963
4996	292.3399963
4997	292.3200073
4998	292.25
4999	292.2099915
5000	292.1900024
5001	292.2099915
5002	292.0700073
5003	291.9200134
5004	291.7900085
5005	291.730011
5006	291.730011
5007	291.6900024
5008	291.5599976
5009	291.5599976
5010	291.4599915
5011	291.3999939
5012	291.4200134
5013	291.3500061
5014	291.3099976
5015	291.2900085
5016	291.2900085
5017	291.0599976
5018	290.769989
5019	290.5
5020	289.6000061
5021	288.1300049
5022	287.2099915
5023	286.1499939
5024	284.1000061
5025	283.6600037
5026	282.7000122
5027	281.7600098
5028	280.980011
5029	280.6499939
5030	280.25
5031	279.519989
5032	279.3699951
5033	279.1400146
5034	278.9500122
5035	278.8500061
5036	278.8500061
5037	278.9700012
5038	279.0799866
5039	279.2000122
5040	279.3900146
5041	279.3900146
5042	279.6000061
5043	279.730011
5044	279.769989
5045	280.0599976
5046	280.3999939
5047	280.8099976
5048	280.8099976
5049	281.269989
5050	281.4400024
5051	281.5700073
5052	281.5899963
5053	281.7799988
5054	281.9899902
5055	281.9899902
5056	282.2600098
5057	282.3599854
5058	282.3999939
5059	282.6300049
5060	282.8599854
5061	283.0499878
5062	283.1199951
5063	283.4100037
5064	283.4899902
5065	283.6600037
5066	283.7000122
5067	283.8500061
5068	283.8900146
5069	283.9100037
5070	284.0100098
5071	284.0400085
5072	284.1199951
5073	284.269989
5074	284.2200012
5075	284.2399902
5076	284.2000122
5077	284.269989
5078	284.3500061
5079	284.5400085
5080	284.5400085
5081	284.7900085
5082	284.8500061
5083	284.8099976
5084	284.9599915
5085	285.019989
5086	285.0599976
5087	285.0599976
5088	285.2099915
5089	285.3299866
5090	285.3099976
5091	285.4400024
5092	285.480011
5093	285.5
5094	285.5
5095	285.5
5096	285.519989
5097	285.5400085
5098	285.5599976
5099	285.6199951
5100	285.6900024
5101	285.6900024
5102	285.75
5103	285.769989
5104	285.769989
5105	285.769989
5106	285.8800049
5107	285.9200134
5108	285.9200134
5109	285.9200134
5110	285.980011
5111	285.9400024
5112	285.9400024
5113	286.019989
5114	286.0400085
5115	286.0599976
5116	286.0400085
5117	286.1300049
5118	286.0799866
5119	286.0799866
5120	286.0400085
5121	286.0400085
5122	286.0400085
5123	286.1499939
5124	286.25
5125	286.4400024
5126	286.4400024
5127	286.519989
5128	286.6499939
5129	286.6099854
5130	286.75
5131	286.769989
5132	286.769989
5133	286.769989
5134	286.6900024
5135	286.7099915
5136	286.5899963
5137	286.5400085
5138	286.5400085
5139	286.4200134
5140	286.4400024
5141	286.4599915
5142	286.5899963
5143	286.480011
5144	286.3800049
5145	286.4400024
5146	286.5
5147	286.5
5148	286.5400085
5149	286.5899963
5150	286.6900024
5151	286.6900024
5152	286.6300049
5153	286.6300049
5154	286.6900024
5155	286.6499939
5156	286.5400085
5157	286.519989
5158	286.519989
5159	286.6099854
5160	286.6099854
5161	286.5400085
5162	286.6300049
5163	286.6300049
5164	286.6900024
5165	286.730011
5166	286.7099915
5167	286.769989
5168	286.75
5169	286.769989
5170	286.730011
5171	286.769989
5172	286.730011
5173	286.7099915
5174	286.75
5175	286.7099915
5176	286.6499939
5177	286.6099854
5178	286.5
5179	286.519989
5180	286.5899963
5181	286.5899963
5182	286.6700134
5183	286.7099915
5184	286.75
5185	286.7999878
5186	286.7999878
5187	286.8399963
5188	286.8999939
5189	286.8800049
5190	286.8800049
5191	286.8800049
5192	286.8399963
5193	286.8200073
5194	286.769989
5195	286.6900024
5196	286.6700134
5197	286.6700134
5198	286.6700134
5199	286.730011
5200	286.730011
5201	286.8599854
5202	286.8999939
5203	286.8999939
5204	286.8999939
5205	286.9200134
5206	286.8599854
5207	286.8599854
5208	286.8999939
5209	286.9200134
5210	286.9400024
5211	286.8800049
5212	286.9599915
5213	286.8399963
5214	286.9400024
5215	286.8999939
5216	286.8800049
5217	286.9400024
5218	286.980011
5219	286.9599915
5220	287.0299988
5221	287.0499878
5222	287.0499878
5223	286.8999939
5224	286.9200134
5225	286.8599854
5226	286.8399963
5227	286.8999939
5228	286.8200073
5229	286.8200073
5230	286.8599854
5231	286.9200134
5232	287.0299988
5233	286.9400024
5234	286.8800049
5235	286.8399963
5236	286.8399963
5237	286.9200134
5238	286.9200134
5239	286.980011
5240	286.8800049
5241	286.8800049
5242	286.8800049
5243	286.8399963
5244	286.9599915
5245	286.9400024
5246	286.9400024
5247	286.9599915
5248	287.0299988
5249	287.0499878
5250	286.980011
5251	287.0700073
5252	287.1300049
5253	287.0700073
5254	287.0100098
5255	287.0100098
5256	287.0899963
5257	287.0499878
5258	287.0700073
5259	287.0899963
5260	287.0700073
5261	287.0700073
5262	287.0700073
5263	287.1300049
5264	287.1499939
5265	287.2399902
5266	287.2999878
5267	287.2399902
5268	287.2399902
5269	286.980011
5270	287.0100098
5271	287.0100098
5272	287.0899963
5273	287.0700073
5274	287.0700073
5275	287.0299988
5276	287.0499878
5277	287.0100098
5278	286.9599915
5279	287.0299988
5280	287.0899963
5281	287.0700073
5282	287.0700073
5283	287.0899963
5284	287.0899963
5285	287.0700073
5286	287.0899963
5287	287.0700073
5288	287.0700073
5289	287.0499878
5290	287.0299988
5291	287.0299988
5292	287.0700073
5293	287.0700073
5294	287.0899963
5295	287.0899963
5296	287.0899963
5297	287.0299988
5298	286.980011
5299	286.8399963
5300	286.8399963
5301	287.2600098
5302	287.4899902
5303	287.5100098
5304	287.5499878
5305	287.5700073
5306	287.5499878
5307	287.5499878
5308	287.6099854
5309	287.8599854
5310	288.1300049
5311	288.5899963
5312	288.9700012
5313	289.1799927
5314	289.3500061
5315	289.7200012
5316	289.9100037
5317	290.2000122
5318	290.3500061
5319	290.5
5320	290.6000061
5321	290.6400146
5322	290.8299866
5323	290.9200134
5324	291
5325	291.1499939
5326	291.1499939
5327	291.25
5328	291.2900085
5329	291.3500061
5330	291.3999939
5331	291.4599915
5332	291.4599915
5333	291.5
5334	291.4200134
5335	291.4200134
5336	291.6300049
5337	291.6300049
5338	291.6900024
5339	291.6900024
5340	291.75
5341	291.8399963
5342	291.9200134
5343	291.8999939
5344	291.8999939
5345	291.8999939
5346	291.9200134
5347	291.9400024
5348	291.980011
5349	291.9599915
5350	291.980011
5351	291.980011
5352	291.9599915
5353	292
5354	291.980011
5355	291.9599915
5356	291.8999939
5357	292.019989
5358	291.9599915
5359	291.980011
5360	292.019989
5361	292
5362	292.0499878
5363	292
5364	292
5365	291.980011
5366	292.0499878
5367	292.019989
5368	292.1099854
5369	292.1300049
5370	292.1099854
5371	292.1099854
5372	292.1499939
5373	292
5374	292.019989
5375	291.9599915
5376	292.019989
5377	292.0499878
5378	292.0499878
5379	292.230011
5380	292.1700134
5381	292.1900024
5382	292.1099854
5383	292.1499939
5384	292.0700073
5385	292.1099854
5386	292.0700073
5387	292.0899963
5388	292.1300049
5389	292.019989
5390	292.0899963
5391	292.0499878
5392	292.0499878
5393	292
5394	292.019989
5395	292
5396	292
5397	292.0899963
5398	292.0499878
5399	292.019989
5400	291.9400024
5401	291.8399963
5402	291.7099915
5403	291.7099915
5404	291.7900085
5405	291.8200073
5406	291.8599854
5407	291.8999939
5408	291.9599915
5409	291.9599915
5410	291.9599915
5411	291.9400024
5412	291.9599915
5413	291.9599915
5414	292.0499878
5415	292.0899963
5416	292.1700134
5417	292.0899963
5418	292.230011
5419	292.1900024
5420	292.1700134
5421	292.1700134
5422	292.1499939
5423	292.1499939
5424	292.1099854
5425	292.1300049
5426	292.1700134
5427	292.0899963
5428	292
5429	292
5430	291.980011
5431	292.0499878
5432	292.0700073
5433	292.1099854
5434	292
5435	292
5436	292.0700073
5437	292.1499939
5438	292.1300049
5439	292.0899963
5440	292.0700073
5441	292.0700073
5442	292.0700073
5443	292.1700134
5444	292.1499939
5445	292.1099854
5446	292
5447	292.0700073
5448	292.1300049
5449	292.1300049
5450	292.0499878
5451	292.1300049
5452	292.1300049
5453	292.0899963
5454	292.1099854
5455	292.0499878
5456	292.1099854
5457	292
5458	292.0700073
5459	292.019989
5460	292.1099854
5461	292.1700134
5462	292.230011
5463	292.25
5464	292.1099854
5465	292.1099854
5466	291.9599915
5467	291.9599915
5468	292.019989
5469	292.019989
5470	292.019989
5471	292.1099854
5472	292.1700134
5473	292.25
5474	292.25
5475	292.2099915
5476	291.9200134
5477	291.8800049
5478	291.75
5479	291.6499939
5480	291.6099854
5481	291.6099854
5482	291.480011
5483	291.4400024
5484	291.4599915
5485	291.4200134
5486	291.3999939
5487	291.3800049
5488	291.3800049
5489	291.25
5490	291.1900024
5491	291.0400085
5492	290.25
5493	289.1000061
5494	288.3900146
5495	287.5700073
5496	285.5
5497	285.1000061
5498	284.269989
5499	283.2000122
5500	282.6799927
5501	281.7799988
5502	281.3999939
5503	280.480011
5504	279.8699951
5505	279.6400146
5506	279.4100037
5507	279.25
5508	279.25
5509	279.3099976
5510	279.5400085
5511	279.6400146
5512	279.769989
5513	279.769989
5514	280.019989
5515	280.1700134
5516	280.2099915
5517	280.3299866
5518	280.4200134
5519	280.7099915
5520	280.7099915
5521	281.1700134
5522	281.3999939
5523	281.4599915
5524	281.6700134
5525	281.8800049
5526	281.9599915
5527	281.9899902
5528	282.1700134
5529	282.2799988
5530	282.5299988
5531	282.6799927
5532	282.8599854
5533	282.9899902
5534	283.0499878
5535	283.3500061
5536	283.4100037
5537	283.5299988
5538	283.6799927
5539	283.6799927
5540	283.8699951
5541	283.9100037
5542	284.0599976
5543	284.2200012
5544	284.2900085
5545	284.2900085
5546	284.4299927
5547	284.4500122
5548	284.5
5549	284.6400146
5550	284.7000122
5551	284.8900146
5552	284.8900146
5553	285.1900024
5554	285.1600037
5555	285.1400146
5556	285.1600037
5557	285.2099915
5558	285.3099976
5559	285.3099976
5560	285.3699951
5561	285.3699951
5562	285.4200134
5563	285.5599976
5564	285.5799866
5565	285.6199951
5566	285.6000061
5567	285.6000061
5568	285.6900024
5569	285.769989
5570	285.8500061
5571	285.8800049
5572	285.7900085
5573	285.8800049
5574	285.8299866
5575	285.7900085
5576	285.8099976
5577	285.980011
5578	286.1099854
5579	286.1900024
5580	286.230011
5581	286.25
5582	286.2099915
5583	286.269989
5584	286.269989
5585	286.230011
5586	286.25
5587	286.25
5588	286.25
5589	286.25
5590	286.269989
5591	286.269989
5592	286.25
5593	286.4400024
5594	286.3999939
5595	286.480011
5596	286.4400024
5597	286.3099976
5598	286.3099976
5599	286.269989
5600	286.2099915
5601	286.25
5602	286.2900085
5603	286.3800049
5604	286.4200134
5605	286.4599915
5606	286.5
5607	286.5
5608	286.519989
5609	286.5400085
5610	286.5700073
5611	286.5400085
5612	286.519989
5613	286.5
5614	286.6099854
5615	286.6300049
5616	286.6300049
5617	286.6499939
5618	286.6300049
5619	286.5899963
5620	286.519989
5621	286.5899963
5622	286.5400085
5623	286.5400085
5624	286.5700073
5625	286.4599915
5626	286.5400085
5627	286.5400085
5628	286.5
5629	286.5700073
5630	286.5700073
5631	286.5700073
5632	286.480011
5633	286.4599915
5634	286.4599915
5635	286.519989
5636	286.6300049
5637	286.6300049
5638	286.6700134
5639	286.730011
5640	286.6700134
5641	286.75
5642	286.730011
5643	286.75
5644	286.7099915
5645	286.6700134
5646	286.769989
5647	286.8200073
5648	286.769989
5649	286.75
5650	286.730011
5651	286.7099915
5652	286.769989
5653	286.7999878
5654	286.8999939
5655	286.8999939
5656	286.8599854
5657	286.8800049
5658	286.8800049
5659	286.8999939
5660	286.980011
5661	286.9200134
5662	286.9200134
5663	286.8599854
5664	286.8999939
5665	286.8399963
5666	286.7999878
5667	286.75
5668	286.730011
5669	286.75
5670	286.730011
5671	286.769989
5672	286.7099915
5673	286.8599854
5674	286.8800049
5675	286.9200134
5676	286.8999939
5677	286.9599915
5678	286.9599915
5679	286.980011
5680	286.8999939
5681	286.9599915
5682	286.8999939
5683	286.8399963
5684	286.8200073
5685	286.75
5686	286.730011
5687	286.730011
5688	286.7099915
5689	286.8200073
5690	286.8399963
5691	286.9200134
5692	286.9400024
5693	286.9599915
5694	286.9599915
5695	286.9599915
5696	286.9200134
5697	287.0700073
5698	287.0299988
5699	286.9599915
5700	286.9599915
5701	286.9599915
5702	286.8599854
5703	286.8599854
5704	286.8999939
5705	286.8800049
5706	286.8599854
5707	286.9400024
5708	286.9200134
5709	286.980011
5710	287.0299988
5711	286.9400024
5712	287.0499878
5713	287.1700134
5714	287.1700134
5715	287.1700134
5716	287.2600098
5717	287.2799988
5718	287.2099915
5719	287.1499939
5720	287.1300049
5721	287.0899963
5722	287.0499878
5723	287.0700073
5724	287.1099854
5725	287.0899963
5726	287.0899963
5727	286.9599915
5728	287.0299988
5729	287.0299988
5730	287.1099854
5731	287.1900024
5732	287.1700134
5733	287.1700134
5734	287.1499939
5735	287.2099915
5736	287.1900024
5737	287.1700134
5738	287.1300049
5739	287.1900024
5740	287.1700134
5741	287.0299988
5742	287.0700073
5743	287.0899963
5744	287.0899963
5745	287.1499939
5746	287.1300049
5747	287.0899963
5748	287.0299988
5749	287.0100098
5750	287.0899963
5751	287.1099854
5752	287.0899963
5753	287.2099915
5754	287.1700134
5755	287.1900024
5756	287.1300049
5757	287.1900024
5758	287.1700134
5759	287.1700134
5760	287.0700073
5761	287.1099854
5762	287.1099854
5763	287.1499939
5764	287.0899963
5765	287.0899963
5766	287.0100098
5767	286.9599915
5768	287.0499878
5769	287.0700073
5770	287.1300049
5771	287.0899963
5772	287.0899963
5773	287.1300049
5774	287.2799988
5775	287.3800049
5776	287.4899902
5777	287.6300049
5778	287.6099854
5779	287.6700134
5780	287.7000122
5781	287.7399902
5782	287.9500122
5783	288.1799927
5784	288.2999878
5785	288.3399963
5786	288.5299988
5787	289.1600037
5788	289.3500061
5789	289.6199951
5790	289.9500122
5791	290.0599976
5792	290.25
5793	290.3699951
5794	290.4599915
5795	290.6400146
5796	290.8699951
5797	290.8699951
5798	290.980011
5799	291.0400085
5800	291.1000061
5801	291.2099915
5802	291.25
5803	291.3099976
5804	291.3099976
5805	291.3500061
5806	291.3999939
5807	291.480011
5808	291.5599976
5809	291.6300049
5810	291.6499939
5811	291.6499939
5812	291.6499939
5813	291.6099854
5814	291.6099854
5815	291.5799866
5816	291.6300049
5817	291.7099915
5818	291.7099915
5819	291.6900024
5820	291.6700134
5821	291.7099915
5822	291.730011
5823	291.8399963
5824	291.9400024
5825	291.9599915
5826	291.9200134
5827	291.8800049
5828	291.8999939
5829	291.8800049
5830	291.8999939
5831	291.9400024
5832	291.8599854
5833	291.8200073
5834	291.8599854
5835	291.8599854
5836	291.8599854
5837	291.980011
5838	291.9400024
5839	291.9599915
5840	291.8800049
5841	291.8800049
5842	291.7900085
5843	291.7900085
5844	291.8599854
5845	291.8999939
5846	291.8999939
5847	291.980011
5848	292.0499878
5849	292.019989
5850	292
5851	292
5852	291.9599915
5853	291.9599915
5854	292.0700073
5855	292.0499878
5856	291.980011
5857	291.9599915
5858	291.8999939
5859	291.9599915
5860	292.0499878
5861	292
5862	292.019989
5863	292.019989
5864	291.980011
5865	291.9400024
5866	292.019989
5867	292.0700073
5868	292.0700073
5869	292.019989
5870	292.0700073
5871	292.0899963
5872	292.0899963
5873	292.0899963
5874	291.980011
5875	291.980011
5876	291.8800049
5877	291.9400024
5878	292
5879	292.0499878
5880	292.0700073
5881	292.0899963
5882	292.0899963
5883	292
5884	291.980011
5885	292.019989
5886	292
5887	292.019989
5888	292.0899963
5889	292.0499878
5890	292.0899963
5891	292.0899963
5892	292.0700073
5893	292.0700073
5894	292
5895	291.980011
5896	291.9400024
5897	292.1099854
5898	292.0700073
5899	292.0499878
5900	292
5901	291.9200134
5902	291.8999939
5903	291.8999939
5904	291.8999939
5905	291.9200134
5906	291.980011
5907	291.980011
5908	292.019989
5909	292.0899963
5910	292.0899963
5911	292.1099854
5912	292
5913	291.8599854
5914	291.8599854
5915	292.1300049
5916	292.1900024
5917	292.1499939
5918	292.0899963
5919	292.0899963
5920	292.1499939
5921	292.0700073
5922	292.1099854
5923	292.0700073
5924	292.1300049
5925	292.1700134
5926	292.1700134
5927	292.1700134
5928	292.1900024
5929	292.1700134
5930	292.25
5931	292.2099915
5932	292.1300049
5933	292.1300049
5934	291.8599854
5935	291.8399963
5936	292
5937	292.0700073
5938	292
5939	292
5940	292.019989
5941	292.0700073
5942	292.0700073
5943	291.9599915
5944	291.9599915
5945	291.9200134
5946	291.9200134
5947	291.8800049
5948	291.9400024
5949	291.8999939
5950	291.5799866
5951	291.5400085
5952	291.3999939
5953	291.3999939
5954	291.3500061
5955	291.3299866
5956	291.3800049
5957	291.230011
5958	291.1000061
5959	291.0799866
5960	291.1000061
5961	290.9200134
5962	290.8900146
5963	290.730011
5964	290.5799866
5965	290.4299927
5966	289.9500122
5967	289.6799927
5968	288.1600037
5969	287.5899963
5970	286.2099915
5971	284.75
5972	284.0599976
5973	282.7399902
5974	282.2000122
5975	281.1499939
5976	280.3999939
5977	279.7900085
5978	279.7900085
5979	279.230011
5980	279.0400085
5981	278.9500122
5982	278.9700012
5983	279.1199951
5984	279.2000122
5985	279.2000122
5986	279.4100037
5987	279.5400085
5988	279.6400146
5989	279.75
5990	280.019989
5991	280.1199951
5992	280.2099915
5993	280.6499939
5994	280.9599915
5995	281.1099854
5996	281.2999878
5997	281.4599915
5998	281.6099854
5999	281.6499939
6000	282.0499878
6001	282.1700134
6002	282.3800049
6003	282.5299988
6004	282.6099854
6005	282.8399963
6006	282.9700012
6007	283.2000122
6008	283.3699951
6009	283.5499878
6010	283.7000122
6011	283.7399902
6012	283.8500061
6013	283.8699951
6014	283.8699951
6015	283.9700012
6016	284.1000061
6017	284.1000061
6018	284.3500061
6019	284.3500061
6020	284.3500061
6021	284.3500061
6022	284.519989
6023	284.6400146
6024	284.6400146
6025	284.8299866
6026	284.8500061
6027	284.8500061
6028	284.9299927
6029	284.8500061
6030	284.8299866
6031	284.8099976
6032	285.0400085
6033	285.1199951
6034	285.25
6035	285.3699951
6036	285.3699951
6037	285.4200134
6038	285.3699951
6039	285.2099915
6040	285.269989
6041	285.230011
6042	285.3299866
6043	285.3900146
6044	285.4400024
6045	285.5
6046	285.519989
6047	285.6199951
6048	285.730011
6049	285.730011
6050	285.8099976
6051	285.769989
6052	285.8500061
6053	285.9400024
6054	285.9200134
6055	285.9400024
6056	285.9400024
6057	285.9400024
6058	285.9599915
6059	285.9400024
6060	286.019989
6061	286.0400085
6062	285.9599915
6063	286.0599976
6064	286.25
6065	286.269989
6066	286.3099976
6067	286.3999939
6068	286.480011
6069	286.4400024
6070	286.4599915
6071	286.5899963
6072	286.5700073
6073	286.6099854
6074	286.5899963
6075	286.6099854
6076	286.7099915
6077	286.6900024
6078	286.730011
6079	286.769989
6080	286.6900024
6081	286.7999878
6082	286.7999878
6083	286.8599854
6084	286.8599854
6085	286.8599854
6086	286.9200134
6087	286.9599915
6088	286.9599915
6089	286.8800049
6090	287.0499878
6091	287.1300049
6092	287.1099854
6093	287.0700073
6094	287.0100098
6095	287.0100098
6096	287.0700073
6097	287.0100098
6098	286.980011
6099	287.0100098
6100	287.0700073
6101	287.0700073
6102	287.0499878
6103	287.1099854
6104	287.1099854
6105	287.1099854
6106	287.0499878
6107	287.0299988
6108	287.0700073
6109	287.0499878
6110	287.1099854
6111	287.1300049
6112	287.0700073
6113	287.0499878
6114	287.0499878
6115	286.9200134
6116	286.8599854
6117	286.8800049
6118	286.8999939
6119	286.9400024
6120	286.9400024
6121	286.8800049
6122	287.0100098
6123	287.0700073
6124	287.0499878
6125	287.0499878
6126	287.0899963
6127	287.0899963
6128	287.1099854
6129	287.2399902
6130	287.1499939
6131	287.1900024
6132	287.2999878
6133	287.2600098
6134	287.2600098
6135	287.3800049
6136	287.3399963
6137	287.3800049
6138	287.3599854
6139	287.3399963
6140	287.3200073
6141	287.2600098
6142	287.2099915
6143	287.2399902
6144	287.2399902
6145	287.2999878
6146	287.2399902
6147	287.1900024
6148	287.1900024
6149	287.1499939
6150	287.1900024
6151	287.2399902
6152	287.2099915
6153	287.1900024
6154	287.1900024
6155	287.2799988
6156	287.3399963
6157	287.2399902
6158	287.2399902
6159	287.2399902
6160	287.1900024
6161	287.1700134
6162	287.1900024
6163	287.1700134
6164	287.1499939
6165	287.2099915
6166	287.2099915
6167	287.2099915
6168	287.1700134
6169	287.2099915
6170	287.1700134
6171	287.1700134
6172	287.2799988
6173	287.2399902
6174	287.2399902
6175	287.2999878
6176	287.2399902
6177	287.2799988
6178	287.2999878
6179	287.2799988
6180	287.2999878
6181	287.2799988
6182	287.3200073
6183	287.2999878
6184	287.2999878
6185	287.2099915
6186	287.2999878
6187	287.2799988
6188	287.3599854
6189	287.3399963
6190	287.2999878
6191	287.2999878
6192	287.3200073
6193	287.3999939
6194	287.3399963
6195	287.3999939
6196	287.3999939
6197	287.3399963
6198	287.3399963
6199	287.2099915
6200	287.3200073
6201	287.2999878
6202	287.3599854
6203	287.3800049
6204	287.3599854
6205	287.3599854
6206	287.4200134
6207	287.3999939
6208	287.2799988
6209	287.2999878
6210	287.3599854
6211	287.3200073
6212	287.3200073
6213	287.3599854
6214	287.4200134
6215	287.3599854
6216	287.4200134
6217	287.4200134
6218	287.4899902
6219	287.4400024
6220	287.3999939
6221	287.4899902
6222	287.4700012
6223	287.4400024
6224	287.3599854
6225	287.3599854
6226	287.3399963
6227	287.3399963
6228	287.3399963
6229	287.3200073
6230	287.3200073
6231	287.3800049
6232	287.3999939
6233	287.3800049
6234	287.3200073
6235	287.3200073
6236	287.2799988
6237	287.2799988
6238	287.2999878
6239	287.3800049
6240	287.3800049
6241	287.4700012
6242	287.5499878
6243	287.4700012
6244	287.4700012
6245	287.5299988
6246	287.5299988
6247	287.6099854
6248	287.8399963
6249	287.9299927
6250	287.9899902
6251	288.0100098
6252	287.9299927
6253	288.0499878
6254	288.1099854
6255	288.4899902
6256	288.6600037
6257	289.0299988
6258	289.1600037
6259	289.4899902
6260	289.8099976
6261	290.2000122
6262	290.2000122
6263	290.730011
6264	291.019989
6265	291.1000061
6266	291.2099915
6267	291.3299866
6268	291.480011
6269	291.480011
6270	291.6499939
6271	291.6499939
6272	291.730011
6273	291.7900085
6274	291.8599854
6275	291.9200134
6276	291.9200134
6277	291.980011
6278	292.019989
6279	292.0700073
6280	292.019989
6281	292.0499878
6282	292.0700073
6283	292.0700073
6284	292.0700073
6285	292.0899963
6286	292
6287	292.0700073
6288	292.1099854
6289	292.1300049
6290	292.1099854
6291	292.0899963
6292	292.0700073
6293	292.1499939
6294	292.2099915
6295	292.1900024
6296	292.2799988
6297	292.230011
6298	292.25
6299	292.3200073
6300	292.2799988
6301	292.2799988
6302	292.2099915
6303	292.25
6304	292.230011
6305	292.2999878
6306	292.3599854
6307	292.3800049
6308	292.3800049
6309	292.3599854
6310	292.3800049
6311	292.4200134
6312	292.4400024
6313	292.4599915
6314	292.4400024
6315	292.4599915
6316	292.3599854
6317	292.3399963
6318	292.4200134
6319	292.3599854
6320	292.4400024
6321	292.4599915
6322	292.480011
6323	292.5499878
6324	292.5100098
6325	292.480011
6326	292.3399963
6327	292.4400024
6328	292.5299988
6329	292.5100098
6330	292.4400024
6331	292.4200134
6332	292.480011
6333	292.480011
6334	292.4599915
6335	292.5100098
6336	292.480011
6337	292.4200134
6338	292.4200134
6339	292.5100098
6340	292.5100098
6341	292.5100098
6342	292.5100098
6343	292.5700073
6344	292.5499878
6345	292.5899963
6346	292.5499878
6347	292.5499878
6348	292.5100098
6349	292.5100098
6350	292.4400024
6351	292.4599915
6352	292.480011
6353	292.5100098
6354	292.4599915
6355	292.4599915
6356	292.480011
6357	292.4200134
6358	292.4200134
6359	292.4200134
6360	292.4200134
6361	292.4400024
6362	292.4400024
6363	292.4200134
6364	292.4599915
6365	292.4599915
6366	292.480011
6367	292.4400024
6368	292.3399963
6369	292.3599854
6370	292.3800049
6371	292.5100098
6372	292.5100098
6373	292.3999939
6374	292.3999939
6375	292.480011
6376	292.480011
6377	292.4200134
6378	292.3599854
6379	292.3599854
6380	292.2799988
6381	292.3999939
6382	292.3800049
6383	292.3800049
6384	292.3800049
6385	292.3599854
6386	292.3599854
6387	292.3800049
6388	292.3800049
6389	292.3200073
6390	292.3399963
6391	292.4400024
6392	292.4200134
6393	292.3999939
6394	292.3999939
6395	292.4200134
6396	292.4400024
6397	292.5100098
6398	292.5299988
6399	292.5899963
6400	292.5700073
6401	292.5899963
6402	292.5499878
6403	292.5299988
6404	292.5299988
6405	292.5299988
6406	292.5100098
6407	292.4400024
6408	292.4200134
6409	292.4400024
6410	292.3800049
6411	292.3800049
6412	292.2799988
6413	292.2799988
6414	292.4400024
6415	292.480011
6416	292.4400024
6417	292.4200134
6418	292.4200134
6419	292.480011
6420	292.3999939
6421	292.3200073
6422	292.4200134
6423	292.230011
6424	292.1700134
6425	292.1300049
6426	292.1099854
6427	292.0700073
6428	291.980011
6429	291.8399963
6430	291.769989
6431	291.75
6432	291.7099915
6433	291.5799866
6434	291.5400085
6435	291.5400085
6436	291.1499939
6437	290.8299866
6438	289.7399902
6439	289.2600098
6440	288.4299927
6441	287.6300049
6442	286.7099915
6443	286.7099915
6444	284.7000122
6445	283.6000061
6446	282.9700012
6447	281.8399963
6448	280.9400024
6449	280.25
6450	280.25
6451	279.6400146
6452	279.3500061
6453	279.269989
6454	279.2900085
6455	279.3500061
6456	279.480011
6457	279.480011
6458	279.8699951
6459	280.1000061
6460	280.2900085
6461	280.5400085
6462	280.75
6463	280.8800049
6464	281.0400085
6465	281.4599915
6466	281.5299988
6467	281.730011
6468	281.9599915
6469	282.0700073
6470	282.2799988
6471	282.3800049
6472	282.6099854
6473	282.7399902
6474	282.9100037
6475	283.0700073
6476	283.1799927
6477	283.3699951
6478	283.4700012
6479	283.6199951
6480	283.8099976
6481	283.9299927
6482	283.9299927
6483	284.1000061
6484	284.3099976
6485	284.3699951
6486	284.5
6487	284.730011
6488	284.8299866
6489	284.8299866
6490	284.9100037
6491	284.9599915
6492	285.0400085
6493	285.1400146
6494	285.1900024
6495	285.269989
6496	285.3500061
6497	285.3900146
6498	285.480011
6499	285.5599976
6500	285.6000061
6501	285.6199951
6502	285.5799866
6503	285.6199951
6504	285.75
6505	285.769989
6506	285.8299866
6507	285.8800049
6508	285.8500061
6509	285.8999939
6510	285.8500061
6511	285.8800049
6512	285.8999939
6513	286.019989
6514	286.019989
6515	286.1300049
6516	286.2900085
6517	286.3399963
6518	286.3800049
6519	286.3599854
6520	286.3999939
6521	286.3999939
6522	286.3599854
6523	286.4400024
6524	286.4599915
6525	286.3800049
6526	286.3399963
6527	286.3399963
6528	286.3399963
6529	286.4200134
6530	286.4599915
6531	286.4200134
6532	286.3999939
6533	286.4200134
6534	286.3999939
6535	286.480011
6536	286.7099915
6537	286.6700134
6538	286.6499939
6539	286.6300049
6540	286.7099915
6541	286.6900024
6542	286.6499939
6543	286.730011
6544	286.75
6545	286.75
6546	286.6499939
6547	286.6499939
6548	286.5700073
6549	286.6900024
6550	286.6900024
6551	286.769989
6552	286.75
6553	286.75
6554	286.8399963
6555	286.8800049
6556	286.8800049
6557	286.9400024
6558	286.8200073
6559	286.9400024
6560	286.9400024
6561	286.9200134
6562	286.9599915
6563	286.9200134
6564	286.9200134
6565	286.8999939
6566	286.8399963
6567	286.8599854
6568	286.9599915
6569	287.0299988
6570	287.0700073
6571	287.0499878
6572	287.0299988
6573	286.9599915
6574	287.0299988
6575	286.8999939
6576	286.8999939
6577	286.9599915
6578	286.980011
6579	287.0299988
6580	286.9400024
6581	286.980011
6582	286.980011
6583	286.8999939
6584	286.9200134
6585	286.9599915
6586	286.8599854
6587	286.9400024
6588	286.9599915
6589	286.980011
6590	287.0100098
6591	287.0499878
6592	287.0499878
6593	287.0499878
6594	287.0299988
6595	287.0100098
6596	287.1300049
6597	287.2600098
6598	287.2600098
6599	287.2600098
6600	287.2099915
6601	287.1700134
6602	287.1499939
6603	287.2399902
6604	287.2999878
6605	287.2799988
6606	287.2999878
6607	287.1900024
6608	287.1099854
6609	287.1099854
6610	287.0499878
6611	287.0100098
6612	287.0100098
6613	286.9400024
6614	286.8999939
6615	286.9400024
6616	286.9599915
6617	286.9200134
6618	287.0299988
6619	286.8999939
6620	286.980011
6621	287.0700073
6622	287.1499939
6623	287.1700134
6624	287.1700134
6625	287.1300049
6626	287.1700134
6627	287.2399902
6628	287.2399902
6629	287.2099915
6630	287.2099915
6631	287.2099915
6632	287.3200073
6633	287.2099915
6634	287.2099915
6635	287.2099915
6636	287.2799988
6637	287.2399902
6638	287.2399902
6639	287.2799988
6640	287.2799988
6641	287.2799988
6642	287.2099915
6643	287.2099915
6644	287.1900024
6645	287.2099915
6646	287.4200134
6647	287.4400024
6648	287.4899902
6649	287.4400024
6650	287.3599854
6651	287.2600098
6652	287.3800049
6653	287.2399902
6654	287.2399902
6655	287.3200073
6656	287.2600098
6657	287.3800049
6658	287.3200073
6659	287.2399902
6660	287.2999878
6661	287.2799988
6662	287.3200073
6663	287.3200073
6664	287.3399963
6665	287.2099915
6666	287.1499939
6667	287.1700134
6668	287.1499939
6669	287.0700073
6670	287.0700073
6671	287.0899963
6672	287.1099854
6673	287.1499939
6674	287.3399963
6675	287.3599854
6676	287.3599854
6677	287.3599854
6678	287.3399963
6679	287.3999939
6680	287.4400024
6681	287.4899902
6682	287.4899902
6683	287.4200134
6684	287.3800049
6685	287.4700012
6686	287.4899902
6687	287.3999939
6688	287.3399963
6689	287.2399902
6690	287.2600098
6691	287.2399902
6692	287.3200073
6693	287.2999878
6694	287.3999939
6695	287.3999939
6696	287.4400024
6697	287.4200134
6698	287.3399963
6699	287.3200073
6700	287.3200073
6701	287.3599854
6702	287.3599854
6703	287.2799988
6704	287.2799988
6705	287.2399902
6706	287.2600098
6707	287.2999878
6708	287.1900024
6709	287.1900024
6710	287.2099915
6711	287.2600098
6712	287.2799988
6713	287.3399963
6714	287.3399963
6715	287.2399902
6716	287.2399902
6717	287.3200073
6718	287.3999939
6719	287.3200073
6720	287.3999939
6721	287.5299988
6722	287.7799988
6723	287.7600098
6724	287.9500122
6725	288.0299988
6726	287.9899902
6727	288.1300049
6728	288.2000122
6729	288.4100037
6730	288.7000122
6731	289.0499878
6732	289.4899902
6733	289.8299866
6734	289.8299866
6735	290.3500061
6736	290.5
6737	290.7099915
6738	290.9200134
6739	291.0400085
6740	291.230011
6741	291.230011
6742	291.3299866
6743	291.4400024
6744	291.480011
6745	291.5599976
6746	291.6300049
6747	291.6099854
6748	291.6900024
6749	291.6700134
6750	291.6900024
6751	291.6700134
6752	291.6700134
6753	291.7099915
6754	291.769989
6755	291.7099915
6756	291.8200073
6757	291.8999939
6758	291.9400024
6759	292
6760	292.019989
6761	291.9599915
6762	291.9400024
6763	291.980011
6764	292.0700073
6765	292.019989
6766	292.0499878
6767	292
6768	292.0499878
6769	292.0700073
6770	292.1300049
6771	292.1700134
6772	292.1700134
6773	292.1700134
6774	292.1900024
6775	292.230011
6776	292.0700073
6777	292.25
6778	292.2099915
6779	292.1900024
6780	292.1900024
6781	292.1099854
6782	292.1300049
6783	292.1499939
6784	292.2099915
6785	292.230011
6786	292.2099915
6787	292.1900024
6788	292.230011
6789	292.230011
6790	292.2799988
6791	292.1900024
6792	292.1700134
6793	292.3200073
6794	292.3399963
6795	292.2799988
6796	292.3399963
6797	292.3599854
6798	292.3399963
6799	292.25
6800	292.2999878
6801	292.3399963
6802	292.230011
6803	292.230011
6804	292.25
6805	292.25
6806	292.3399963
6807	292.4400024
6808	292.4400024
6809	292.3800049
6810	292.4400024
6811	292.5100098
6812	292.5100098
6813	292.5299988
6814	292.3800049
6815	292.2999878
6816	292.3200073
6817	292.3399963
6818	292.2999878
6819	292.2999878
6820	292.25
6821	292.2999878
6822	292.3399963
6823	292.2999878
6824	292.3599854
6825	292.3999939
6826	292.3599854
6827	292.3999939
6828	292.2999878
6829	292.3800049
6830	292.4400024
6831	292.3599854
6832	292.4200134
6833	292.3999939
6834	292.4400024
6835	292.3999939
6836	292.4400024
6837	292.4200134
6838	292.3599854
6839	292.2999878
6840	292.3599854
6841	292.4200134
6842	292.3999939
6843	292.480011
6844	292.480011
6845	292.5499878
6846	292.4599915
6847	292.4400024
6848	292.4599915
6849	292.5499878
6850	292.4400024
6851	292.4400024
6852	292.3800049
6853	292.2999878
6854	292.3399963
6855	292.25
6856	292.4200134
6857	292.3599854
6858	292.3399963
6859	292.3999939
6860	292.3999939
6861	292.3599854
6862	292.4400024
6863	292.3999939
6864	292.4200134
6865	292.3800049
6866	292.3800049
6867	292.3800049
6868	292.3399963
6869	292.3800049
6870	292.3800049
6871	292.3800049
6872	292.3200073
6873	292.3200073
6874	292.3399963
6875	292.3200073
6876	292.3200073
6877	292.3200073
6878	292.3599854
6879	292.3599854
6880	292.3800049
6881	292.3999939
6882	292.4200134
6883	292.4200134
6884	292.3399963
6885	292.3399963
6886	292.2799988
6887	292.2999878
6888	292.2999878
6889	292.3999939
6890	292.3999939
6891	292.4400024
6892	292.480011
6893	292.4599915
6894	292.5299988
6895	292.5100098
6896	292.4400024
6897	292.2999878
6898	292
6899	291.9400024
6900	291.8599854
6901	291.7099915
6902	291.6700134
6903	291.6099854
6904	291.6099854
6905	291.5599976
6906	291.5799866
6907	291.5400085
6908	291.4599915
6909	291.4200134
6910	291.1000061
6911	290.75
6912	289.8900146
6913	289.0499878
6914	287.7399902
6915	287.7399902
6916	285.230011
6917	283.5799866
6918	282.8599854
6919	281.4599915
6920	280.3800049
6921	279.6400146
6922	279.6400146
6923	279
6924	278.7900085
6925	278.7000122
6926	278.8099976
6927	278.8500061
6928	279.019989
6929	279.1199951
6930	279.6199951
6931	279.8900146
6932	280.1499939
6933	280.5
6934	280.7900085
6935	280.8999939
6936	281.0400085
6937	281.6300049
6938	281.7999878
6939	282.0299988
6940	282.2999878
6941	282.3599854
6942	282.5700073
6943	282.6600037
6944	282.8599854
6945	282.9899902
6946	283.2799988
6947	283.2799988
6948	283.4500122
6949	283.7000122
6950	283.7399902
6951	283.9100037
6952	284.1400146
6953	284.269989
6954	284.269989
6955	284.4500122
6956	284.6199951
6957	284.7000122
6958	284.7000122
6959	284.8099976
6960	284.8900146
6961	284.8900146
6962	285.019989
6963	285.1900024
6964	285.2900085
6965	285.3500061
6966	285.4200134
6967	285.4599915
6968	285.4599915
6969	285.519989
6970	285.519989
6971	285.5799866
6972	285.6700134
6973	285.6700134
6974	285.730011
6975	285.7900085
6976	285.8299866
6977	285.8800049
6978	286
6979	285.9400024
6980	285.9599915
6981	286.0400085
6982	286.0799866
6983	286.0799866
6984	286.2099915
6985	286.2900085
6986	286.2900085
6987	286.3099976
6988	286.269989
6989	286.269989
6990	286.3800049
6991	286.3800049
6992	286.269989
6993	286.269989
6994	286.3099976
6995	286.2900085
6996	286.25
6997	286.2900085
6998	286.25
6999	286.2900085
7000	286.269989
7001	286.480011
7002	286.5
7003	286.6099854
7004	286.480011
7005	286.6099854
7006	286.6700134
7007	286.6099854
7008	286.75
7009	286.75
7010	286.75
7011	286.480011
7012	286.519989
7013	286.6300049
7014	286.6099854
7015	286.6900024
7016	286.6700134
7017	286.5
7018	286.4599915
7019	286.480011
7020	286.5400085
7021	286.5700073
7022	286.769989
7023	286.8399963
7024	286.9599915
7025	286.9599915
7026	286.9200134
7027	286.8800049
7028	286.9200134
7029	286.980011
7030	287.0700073
7031	286.980011
7032	286.980011
7033	287.0700073
7034	287.0700073
7035	287.1099854
7036	287.0700073
7037	286.980011
7038	286.9599915
7039	286.980011
7040	287.0100098
7041	286.9400024
7042	286.8999939
7043	287.0100098
7044	287.0499878
7045	287.0299988
7046	287.0700073
7047	287.0499878
7048	286.980011
7049	287.0299988
7050	287.1099854
7051	287.1099854
7052	287.1300049
7053	287.1700134
7054	287.1300049
7055	287.1300049
7056	287.1700134
7057	287.1700134
7058	287.1700134
7059	287.0700073
7060	287.0100098
7061	287.0700073
7062	286.980011
7063	287.0100098
7064	287.0100098
7065	287.0100098
7066	286.980011
7067	286.9400024
7068	286.9400024
7069	286.8800049
7070	286.8599854
7071	286.8999939
7072	286.8999939
7073	286.8399963
7074	286.8599854
7075	286.9200134
7076	286.9599915
7077	286.9599915
7078	286.8999939
7079	286.8999939
7080	286.9200134
7081	286.9200134
7082	286.8999939
7083	286.8800049
7084	286.8800049
7085	286.8999939
7086	286.9400024
7087	286.9400024
7088	286.9599915
7089	287.0100098
7090	286.980011
7091	287.0100098
7092	286.980011
7093	287.0299988
7094	286.9599915
7095	286.9400024
7096	286.9400024
7097	286.9400024
7098	286.8599854
7099	286.8599854
7100	286.8800049
7101	286.8800049
7102	286.9200134
7103	286.9200134
7104	286.9400024
7105	286.980011
7106	286.9599915
7107	286.9599915
7108	286.9400024
7109	286.9400024
7110	286.9400024
7111	286.8599854
7112	286.9200134
7113	286.9200134
7114	286.9599915
7115	286.8599854
7116	286.8399963
7117	286.8800049
7118	286.8800049
7119	286.8399963
7120	286.8200073
7121	286.7999878
7122	286.769989
7123	286.8200073
7124	286.730011