1	287.6099854
2	287.5499878
3	287.5700073
4	287.4899902
5	287.5700073
6	287.6499939
7	287.5700073
8	287.5700073
9	287.5499878
10	287.5899963
11	287.5100098
12	287.5100098
13	287.4700012
14	287.4700012
15	287.5299988
16	287.5299988
17	287.6099854
18	287.7399902
19	287.7600098
20	287.7999878
21	287.7799988
22	287.7799988
23	287.7799988
24	287.7200012
25	287.7399902
26	287.7399902
27	287.7600098
28	287.8999939
29	287.8599854
30	287.8599854
31	287.8200073
32	287.7799988
33	287.7399902
34	287.6700134
35	287.6300049
36	287.6300049
37	287.5899963
38	287.6099854
39	287.5499878
40	287.5899963
41	287.4899902
42	287.5299988
43	287.4400024
44	287.4400024
45	287.3999939
46	287.3999939
47	287.3999939
48	287.3999939
49	287.4700012
50	287.5499878
51	287.5899963
52	287.7399902
53	287.8200073
54	287.9299927
55	287.9299927
56	287.9700012
57	287.8800049
58	287.8399963
59	287.7200012
60	287.6300049
61	287.6099854
62	287.6099854
63	287.6300049
64	287.6099854
65	287.6700134
66	287.7000122
67	287.7399902
68	287.7600098
69	287.7999878
70	287.9899902
71	288.0100098
72	287.9700012
73	288.0299988
74	288.0100098
75	287.9500122
76	287.9500122
77	287.8599854
78	287.8800049
79	287.8399963
80	287.8599854
81	287.8599854
82	287.7399902
83	287.7200012
84	287.6700134
85	287.6499939
86	287.6499939
87	287.6499939
88	287.5899963
89	287.6300049
90	287.7399902
91	287.8599854
92	287.9700012
93	288.0100098
94	288.0100098
95	288.1799927
96	288.2200012
97	288.2399902
98	288.2600098
99	288.3200073
100	288.3599854
101	288.5100098
102	288.8200073
103	289.0799866
104	289.2000122
105	289.4100037
106	289.6000061
107	289.6799927
108	289.7399902
109	290.0799866
110	290.1799927
111	290.3099976
112	290.5400085
113	290.5599976
114	290.7099915
115	290.8099976
116	290.8699951
117	290.8900146
118	291.0599976
119	291.0599976
120	291.0799866
121	291.1700134
122	291.1700134
123	291.269989
124	291.269989
125	291.3500061
126	291.3500061
127	291.3800049
128	291.4400024
129	291.4599915
130	291.5599976
131	291.6099854
132	291.6300049
133	291.6300049
134	291.5799866
135	291.6300049
136	291.6700134
137	291.75
138	291.7900085
139	291.8200073
140	291.8200073
141	291.8200073
142	291.8200073
143	291.8200073
144	291.8399963
145	291.8399963
146	291.8399963
147	291.8200073
148	291.9200134
149	291.8800049
150	292
151	291.980011
152	292.0499878
153	292
154	292.019989
155	292.0499878
156	292.1300049
157	292.0499878
158	292.0499878
159	292.019989
160	292.0499878
161	292.1099854
162	292.1300049
163	292.0899963
164	292.0899963
165	292.0899963
166	292.0899963
167	292.0899963
168	292.1499939
169	292.1099854
170	292.1300049
171	292.1499939
172	292.1700134
173	292.1300049
174	292.1300049
175	292.0499878
176	292.1900024
177	292.1499939
178	292.1700134
179	292.1900024
180	292.230011
181	292.1900024
182	292.1499939
183	292.0899963
184	292.1300049
185	292.1099854
186	292.0899963
187	292.1300049
188	292.1900024
189	292.1499939
190	292.1499939
191	292.1300049
192	292.1499939
193	292.1499939
194	292.1499939
195	292.1900024
196	292.1900024
197	292.1900024
198	292.230011
199	292.1700134
200	292.2099915
201	292.230011
202	292.1900024
203	292.2099915
204	292.2099915
205	292.1700134
206	292.2999878
207	292.2799988
208	292.2999878
209	292.2999878
210	292.25
211	292.2799988
212	292.2799988
213	292.3399963
214	292.3200073
215	292.2799988
216	292.2799988
217	292.3200073
218	292.25
219	292.2999878
220	292.230011
221	292.3800049
222	292.3399963
223	292.3399963
224	292.3800049
225	292.3399963
226	292.3399963
227	292.3800049
228	292.2799988
229	292.2799988
230	292.2999878
231	292.2799988
232	292.2999878
233	292.25
234	292.25
235	292.1700134
236	292.1700134
237	292.230011
238	292.25
239	292.230011
240	292.230011
241	292.25
242	292.2099915
243	292.2099915
244	292.2099915
245	292.25
246	292.25
247	292.25
248	292.25
249	292.2999878
250	292.25
251	292.2799988
252	292.2999878
253	292.3200073
254	292.2799988
255	292.2999878
256	292.3399963
257	292.2799988
258	292.3599854
259	292.3599854
260	292.3999939
261	292.3800049
262	292.3200073
263	292.3800049
264	292.3599854
265	292.230011
266	292.019989
267	291.8999939
268	291.8999939
269	291.6900024
270	291.5799866
271	291.6099854
272	291.5799866
273	291.6099854
274	291.519989
275	291.519989
276	291.4400024
277	291.3800049
278	291.3800049
279	291.2900085
280	291.2099915
281	291.019989
282	290.8500061
283	289.8299866
284	288.7799988
285	288.0899963
286	286.8200073
287	285.980011
288	285.5799866
289	285.269989
290	284.1199951
291	283.8299866
292	283.2999878
293	282.9899902
294	282.8200073
295	282.5100098
296	282.3399963
297	282.2999878
298	282.2000122
299	281.9400024
300	281.9400024
301	281.7799988
302	281.8200073
303	281.8399963
304	281.8800049
305	282.0700073
306	282.4700012
307	282.4700012
308	283.2000122
309	283.5100098
310	283.6799927
311	283.9700012
312	284.0799866
313	284.2000122
314	284.2000122
315	284.2000122
316	284.1799927
317	284.1600037
318	284.3500061
319	284.6799927
320	284.8099976
321	284.9299927
322	285.25
323	285.3099976
324	285.3099976
325	285.4599915
326	285.4599915
327	285.480011
328	285.519989
329	285.6199951
330	285.7099915
331	285.730011
332	285.6199951
333	285.5799866
334	285.5599976
335	285.5799866
336	285.5799866
337	285.6499939
338	285.6900024
339	285.6900024
340	285.980011
341	286.019989
342	286.1300049
343	286.1900024
344	286.3099976
345	286.4400024
346	286.4400024
347	286.5
348	286.5700073
349	286.5700073
350	286.7099915
351	286.7099915
352	286.75
353	286.769989
354	286.7099915
355	286.6900024
356	286.6499939
357	286.6700134
358	286.7999878
359	286.8399963
360	286.8999939
361	286.8999939
362	286.9200134
363	286.8999939
364	286.9200134
365	286.9200134
366	286.9400024
367	287.0100098
368	287.0100098
369	287.0100098
370	287.0100098
371	287.0100098
372	287.0899963
373	287.0299988
374	287.0700073
375	287.0299988
376	286.9599915
377	286.9400024
378	286.9400024
379	286.8599854
380	286.7999878
381	286.7999878
382	286.7999878
383	286.8599854
384	286.8399963
385	286.8399963
386	286.8399963
387	286.980011
388	286.9599915
389	287.0100098
390	286.9400024
391	286.9200134
392	286.9599915
393	286.8399963
394	286.7999878
395	286.8999939
396	286.8800049
397	286.9400024
398	287.0499878
399	287.0700073
400	287.1900024
401	287.1300049
402	287.1499939
403	287.1099854
404	287.0899963
405	287.0299988
406	287.0100098
407	287.0100098
408	286.9599915
409	286.8999939
410	286.8999939
411	286.9400024
412	286.9400024
413	287.0100098
414	286.9599915
415	286.8999939
416	286.9400024
417	286.9400024
418	286.9200134
419	286.8599854
420	286.9200134
421	286.8999939
422	287.0100098
423	287.0100098
424	287.0499878
425	287.1300049
426	287.1700134
427	287.1300049
428	287.1099854
429	287.0700073
430	287.0700073
431	287.0700073
432	287.0299988
433	287.0299988
434	287.0499878
435	287.0100098
436	286.9599915
437	287.0700073
438	287.1300049
439	287.2099915
440	287.2399902
441	287.1499939
442	287.1300049
443	287.0899963
444	287.1099854
445	287.0899963
446	287.1700134
447	287.1700134
448	287.0499878
449	287.0499878
450	287.3200073
451	287.3999939
452	287.4200134
453	287.3800049
454	287.3999939
455	287.5299988
456	287.5299988
457	287.4899902
458	287.4899902
459	287.4400024
460	287.4400024
461	287.4400024
462	287.4700012
463	287.5100098
464	287.5899963
465	287.5499878
466	287.5700073
467	287.4700012
468	287.3999939
469	287.4200134
470	287.4200134
471	287.3800049
472	287.3999939
473	287.3399963
474	287.3399963
475	287.3800049
476	287.4700012
477	287.5100098
478	287.6099854
479	287.5899963
480	287.5899963
481	287.5899963
482	287.5299988
483	287.5499878
484	287.6099854
485	287.5100098
486	287.5899963
487	287.5499878
488	287.5499878
489	287.5499878
490	287.5499878
491	287.5299988
492	287.5100098
493	287.6099854
494	287.5700073
495	287.5700073
496	287.4700012
497	287.4700012
498	287.3999939
499	287.3599854
500	287.5299988
501	287.5499878
502	287.5700073
503	287.6700134
504	287.6099854
505	287.6300049
506	287.7000122
507	287.6499939
508	287.7399902
509	287.7399902
510	287.7200012
511	287.7000122
512	287.7200012
513	287.7200012
514	287.7000122
515	287.6499939
516	287.6499939
517	287.6099854
518	287.5499878
519	287.5100098
520	287.5100098
521	287.5299988
522	287.5299988
523	287.4899902
524	287.5299988
525	287.4899902
526	287.4700012
527	287.4700012
528	287.5499878
529	287.5499878
530	287.5899963
531	287.5299988
532	287.5299988
533	287.5899963
534	287.6300049
535	287.6499939
536	287.7000122
537	287.7200012
538	287.6700134
539	287.7399902
540	287.7999878
541	287.7799988
542	287.6700134
543	287.7399902
544	287.7000122
545	287.7999878
546	287.8800049
547	287.8399963
548	287.8200073
549	287.7600098
550	287.7000122
551	287.6300049
552	287.6300049
553	287.6099854
554	287.6099854
555	287.6499939
556	287.7000122
557	287.6700134
558	287.6099854
559	287.6099854
560	287.5700073
561	287.5100098
562	287.5299988
563	287.6700134
564	287.7600098
565	287.7799988
566	287.7799988
567	287.8200073
568	287.9299927
569	287.9500122
570	288.0700073
571	288.1300049
572	288.2200012
573	288.2600098
574	288.6600037
575	288.7399902
576	289.0299988
577	289.3099976
578	289.4500122
579	289.6799927
580	289.8099976
581	290.1799927
582	290.3299866
583	290.4599915
584	290.5799866
585	290.7099915
586	290.769989
587	290.8099976
588	290.75
589	290.7900085
590	290.9200134
591	290.9200134
592	291.1499939
593	291.25
594	291.2900085
595	291.3099976
596	291.3299866
597	291.4200134
598	291.4200134
599	291.6099854
600	291.6300049
601	291.6700134
602	291.7099915
603	291.6499939
604	291.6700134
605	291.6900024
606	291.769989
607	291.75
608	291.75
609	291.75
610	291.7900085
611	291.8399963
612	291.8399963
613	291.8599854
614	291.8800049
615	291.769989
616	291.8399963
617	291.8800049
618	291.8999939
619	291.8800049
620	291.8800049
621	291.9200134
622	291.9599915
623	291.9599915
624	292.019989
625	292.019989
626	292.0700073
627	292.0499878
628	292.0499878
629	292.0499878
630	292.0499878
631	292.0700073
632	291.9200134
633	291.980011
634	292.019989
635	291.980011
636	292
637	292
638	291.9400024
639	291.980011
640	291.9599915
641	292.019989
642	292.019989
643	291.9599915
644	292
645	291.9400024
646	291.9599915
647	291.980011
648	292
649	292
650	292.019989
651	291.9400024
652	292.0499878
653	292.019989
654	292.0899963
655	292.0700073
656	292
657	292.0700073
658	292.0700073
659	292.0700073
660	292.1099854
661	292.1700134
662	292.1700134
663	292.2099915
664	292.1300049
665	292.1099854
666	292.1099854
667	292.1499939
668	292.1099854
669	292.1099854
670	292.1499939
671	292.1700134
672	292.1300049
673	292.1099854
674	292.1900024
675	292.1900024
676	292.1700134
677	292.230011
678	292.25
679	292.1900024
680	292.2099915
681	292.230011
682	292.25
683	292.2799988
684	292.3200073
685	292.3200073
686	292.3599854
687	292.3599854
688	292.2799988
689	292.2799988
690	292.230011
691	292.2099915
692	292.230011
693	292.25
694	292.1900024
695	292.2099915
696	292.2099915
697	292.1499939
698	292.1099854
699	292.1700134
700	292.230011
701	292.230011
702	292.2799988
703	292.2799988
704	292.2099915
705	292.230011
706	292.1700134
707	292.1700134
708	292.1700134
709	292.1900024
710	292.1900024
711	292.1700134
712	292.1300049
713	292.230011
714	292.2799988
715	292.3200073
716	292.3999939
717	292.3800049
718	292.3800049
719	292.3800049
720	292.3599854
721	292.3200073
722	292.3399963
723	292.3200073
724	292.3599854
725	292.25
726	292.3599854
727	292.3399963
728	292.3800049
729	292.3999939
730	292.4599915
731	292.5100098
732	292.4599915
733	292.4599915
734	292.4200134
735	292.4200134
736	292.3599854
737	292.3800049
738	292.3399963
739	292.0899963
740	292.0899963
741	291.6700134
742	291.6499939
743	291.6300049
744	291.6300049
745	291.7099915
746	291.6900024
747	291.6900024
748	291.6700134
749	291.6499939
750	291.5799866
751	291.519989
752	291.519989
753	291.4400024
754	291.3500061
755	290.980011
756	290.8500061
757	290.3900146
758	289.6600037
759	289.2799988
760	288.1600037
761	287.5299988
762	285.730011
763	285.1000061
764	284.1600037
765	283.4500122
766	283.2799988
767	282.8200073
768	282.6600037
769	282.3399963
770	282.0899963
771	281.9400024
772	281.9400024
773	281.7099915
774	281.8599854
775	282.0700073
776	282.4899902
777	282.8200073
778	283.0499878
779	283.0499878
780	283.2999878
781	283.4700012
782	283.5799866
783	283.7600098
784	283.9299927
785	284.0100098
786	284.0400085
787	284.0799866
788	284.1600037
789	284.3500061
790	284.6199951
791	284.8900146
792	284.9599915
793	285.0599976
794	285.230011
795	285.25
796	285.1600037
797	285.0799866
798	285.0799866
799	285.019989
800	284.980011
801	285.1199951
802	285.1900024
803	285.3299866
804	285.3299866
805	285.519989
806	285.5799866
807	285.7099915
808	285.6900024
809	285.8299866
810	286.0400085
811	286.0400085
812	286.1900024
813	286.2900085
814	286.3399963
815	286.3599854
816	286.3599854
817	286.2900085
818	286.2900085
819	286.1900024
820	286.2900085
821	286.3599854
822	286.4200134
823	286.5
824	286.480011
825	286.5899963
826	286.730011
827	286.7099915
828	286.8800049
829	287.0499878
830	287.0299988
831	287.0899963
832	287.0499878
833	287.0899963
834	287.0899963
835	287.0499878
836	287.1099854
837	287.1099854
838	287.0299988
839	287.0299988
840	286.9400024
841	287.0100098
842	286.980011
843	286.980011
844	287.1300049
845	287.0299988
846	287.0100098
847	287.0899963
848	287.1700134
849	287.1700134
850	287.1700134
851	287.1300049
852	287.0899963
853	287.1499939
854	287.0299988
855	286.980011
856	287.0299988
857	286.980011
858	286.9599915
859	286.9400024
860	287.0499878
861	287.0499878
862	287.0499878
863	287.0499878
864	287.0899963
865	287.2399902
866	287.2099915
867	287.3200073
868	287.2999878
869	287.3200073
870	287.3999939
871	287.3800049
872	287.3800049
873	287.3200073
874	287.3200073
875	287.3200073
876	287.3200073
877	287.3200073
878	287.3800049
879	287.4700012
880	287.5299988
881	287.4700012
882	287.4700012
883	287.3800049
884	287.4400024
885	287.4200134
886	287.4700012
887	287.5499878
888	287.4899902
889	287.4899902
890	287.4400024
891	287.3999939
892	287.3800049
893	287.3999939
894	287.4400024
895	287.4400024
896	287.4899902
897	287.5299988
898	287.5100098
899	287.4200134
900	287.3999939
901	287.3200073
902	287.4400024
903	287.4200134
904	287.4400024
905	287.4400024
906	287.3999939
907	287.3800049
908	287.3800049
909	287.4200134
910	287.4200134
911	287.5299988
912	287.5100098
913	287.5100098
914	287.5100098
915	287.4400024
916	287.4400024
917	287.4200134
918	287.3599854
919	287.3800049
920	287.2799988
921	287.2799988
922	287.3999939
923	287.4400024
924	287.4200134
925	287.3999939
926	287.4899902
927	287.4700012
928	287.5100098
929	287.5700073
930	287.6099854
931	287.6300049
932	287.6300049
933	287.5700073
934	287.5700073
935	287.5700073
936	287.5499878
937	287.5700073
938	287.5499878
939	287.5700073
940	287.6099854
941	287.6700134
942	287.6700134
943	287.7799988
944	287.7000122
945	287.6700134
946	287.6300049
947	287.6300049
948	287.6300049
949	287.7600098
950	287.9299927
951	287.8999939
952	287.8599854
953	287.8599854
954	287.7600098
955	287.7399902
956	287.7399902
957	287.7799988
958	287.7799988
959	287.8399963
960	287.8399963
961	287.8599854
962	287.7999878
963	287.8399963
964	287.7799988
965	287.7000122
966	287.7999878
967	287.7399902
968	287.7399902
969	287.7200012
970	287.7399902
971	287.7200012
972	287.5899963
973	287.5700073
974	287.5700073
975	287.6099854
976	287.6700134
977	287.6300049
978	287.6499939
979	287.7399902
980	287.7399902
981	287.7000122
982	287.7000122
983	287.6099854
984	287.5899963
985	287.5899963
986	287.5100098
987	287.5899963
988	287.5499878
989	287.4400024
990	287.3999939
991	287.5100098
992	287.5100098
993	287.6099854
994	287.5899963
995	287.6499939
996	287.6300049
997	287.6499939
998	287.6099854
999	287.6099854
1000	287.6499939
1001	287.6300049
1002	287.6700134
1003	287.6700134
1004	287.6099854
1005	287.6300049
1006	287.5100098
1007	287.7200012
1008	287.6700134
1009	287.7200012
1010	287.7000122
1011	287.6099854
1012	287.6499939
1013	287.5899963
1014	287.5899963
1015	287.6099854
1016	287.7399902
1017	287.6300049
1018	287.5899963
1019	287.4700012
1020	287.5499878
1021	287.5299988
1022	287.5499878
1023	287.5499878
1024	287.5499878
1025	287.4700012
1026	287.3800049
1027	287.3800049
1028	287.3599854
1029	287.3599854
1030	287.3800049
1031	287.3800049
1032	287.3800049
1033	287.3800049
1034	287.4200134
1035	287.5100098
1036	287.6300049
1037	287.7200012
1038	287.8200073
1039	287.9299927
1040	288.0899963
1041	288.1300049
1042	288.2399902
1043	288.2799988
1044	288.2600098
1045	288.2799988
1046	288.5700073
1047	288.6799927
1048	288.7600098
1049	289.1000061
1050	289.3099976
1051	289.6000061
1052	289.6600037
1053	289.9100037
1054	290.0599976
1055	290.1400146
1056	290.1400146
1057	290.3500061
1058	290.5
1059	290.5599976
1060	290.7099915
1061	290.8099976
1062	290.8900146
1063	290.8900146
1064	291.019989
1065	291.0599976
1066	291.1000061
1067	291.1900024
1068	291.269989
1069	291.3099976
1070	291.3099976
1071	291.4400024
1072	291.5
1073	291.519989
1074	291.6099854
1075	291.6300049
1076	291.6099854
1077	291.6300049
1078	291.6900024
1079	291.6700134
1080	291.75
1081	291.8200073
1082	291.8599854
1083	291.8399963
1084	291.8800049
1085	291.8999939
1086	291.9200134
1087	291.9400024
1088	291.9200134
1089	291.8999939
1090	291.9200134
1091	291.9400024
1092	291.9400024
1093	292.019989
1094	292
1095	292
1096	291.9599915
1097	292.0499878
1098	292.019989
1099	292.0499878
1100	292.0499878
1101	292.1099854
1102	292.1099854
1103	292.0499878
1104	292.0499878
1105	292.0499878
1106	292.019989
1107	292
1108	292.0700073
1109	292.019989
1110	292.1300049
1111	292.1499939
1112	292.1300049
1113	292.1300049
1114	292.1900024
1115	292.1700134
1116	292.1499939
1117	292.1499939
1118	292.1900024
1119	292.1700134
1120	292.230011
1121	292.230011
1122	292.230011
1123	292.1900024
1124	292.1900024
1125	292.25
1126	292.230011
1127	292.230011
1128	292.1499939
1129	292.1499939
1130	292.1300049
1131	292.2099915
1132	292.230011
1133	292.2999878
1134	292.2999878
1135	292.2799988
1136	292.3200073
1137	292.2999878
1138	292.2099915
1139	292.2999878
1140	292.2999878
1141	292.2999878
1142	292.3399963
1143	292.3599854
1144	292.2999878
1145	292.3399963
1146	292.4200134
1147	292.3200073
1148	292.3399963
1149	292.3399963
1150	292.4200134
1151	292.3999939
1152	292.3599854
1153	292.2999878
1154	292.2999878
1155	292.2799988
1156	292.2999878
1157	292.25
1158	292.1900024
1159	292.230011
1160	292.230011
1161	292.2999878
1162	292.230011
1163	292.3399963
1164	292.2999878
1165	292.3399963
1166	292.3399963
1167	292.3200073
1168	292.3599854
1169	292.25
1170	292.3599854
1171	292.3999939
1172	292.3800049
1173	292.3800049
1174	292.3800049
1175	292.2999878
1176	292.3200073
1177	292.3200073
1178	292.3399963
1179	292.3599854
1180	292.3399963
1181	292.2799988
1182	292.2999878
1183	292.3200073
1184	292.2799988
1185	292.2999878
1186	292.3200073
1187	292.3599854
1188	292.2999878
1189	292.3999939
1190	292.3999939
1191	292.3599854
1192	292.3999939
1193	292.4200134
1194	292.3599854
1195	292.3599854
1196	292.3999939
1197	292.3800049
1198	292.3800049
1199	292.4400024
1200	292.3599854
1201	292.3800049
1202	292.3399963
1203	292.3999939
1204	292.4599915
1205	292.4599915
1206	292.4200134
1207	292.4400024
1208	292.3999939
1209	292.3999939
1210	292.3800049
1211	292.2799988
1212	292.2799988
1213	291.9400024
1214	291.8800049
1215	291.7900085
1216	291.6900024
1217	291.6099854
1218	291.519989
1219	291.5400085
1220	291.5
1221	291.4200134
1222	291.3299866
1223	291.3299866
1224	291.2900085
1225	291.230011
1226	291.1900024
1227	291
1228	290.8900146
1229	290.5799866
1230	289.7200012
1231	288.9700012
1232	287.3999939
1233	286.519989
1234	284.8500061
1235	283.7000122
1236	282.7799988
1237	282.7799988
1238	282.0299988
1239	281.6900024
1240	281.5899963
1241	281.5499878
1242	281.5499878
1243	281.6300049
1244	281.6300049
1245	281.6300049
1246	281.7999878
1247	281.9400024
1248	282.3999939
1249	282.7200012
1250	282.8900146
1251	282.8900146
1252	283.0100098
1253	283.1199951
1254	283.2999878
1255	283.4899902
1256	283.6600037
1257	283.7799988
1258	283.8699951
1259	284.1799927
1260	284.2399902
1261	284.3299866
1262	284.4700012
1263	284.5799866
1264	284.6400146
1265	284.730011
1266	284.7900085
1267	284.769989
1268	284.8699951
1269	284.8299866
1270	284.9599915
1271	284.8699951
1272	284.8500061
1273	284.8299866
1274	284.8699951
1275	284.9299927
1276	284.9299927
1277	285.3099976
1278	285.480011
1279	285.6199951
1280	285.8299866
1281	286.019989
1282	286.0400085
1283	286.0400085
1284	286.230011
1285	286.1900024
1286	286.1900024
1287	286.25
1288	286.3800049
1289	286.3099976
1290	286.3599854
1291	286.3800049
1292	286.3800049
1293	286.480011
1294	286.6700134
1295	286.5899963
1296	286.6300049
1297	286.6099854
1298	286.4599915
1299	286.4400024
1300	286.4400024
1301	286.4599915
1302	286.480011
1303	286.519989
1304	286.5
1305	286.519989
1306	286.4599915
1307	286.4400024
1308	286.4400024
1309	286.3999939
1310	286.4200134
1311	286.480011
1312	286.5700073
1313	286.6099854
1314	286.730011
1315	286.730011
1316	286.730011
1317	286.8399963
1318	286.8200073
1319	286.8399963
1320	286.769989
1321	286.75
1322	286.75
1323	286.8200073
1324	286.8800049
1325	286.8800049
1326	286.9400024
1327	286.980011
1328	286.980011
1329	287.0499878
1330	287.0499878
1331	286.9400024
1332	286.9400024
1333	287.0499878
1334	287.0700073
1335	287.1700134
1336	287.1700134
1337	287.1499939
1338	287.1499939
1339	287.1300049
1340	287.2099915
1341	287.2999878
1342	287.3800049
1343	287.3599854
1344	287.3399963
1345	287.2399902
1346	287.2600098
1347	287.2600098
1348	287.2999878
1349	287.3999939
1350	287.4899902
1351	287.5499878
1352	287.5499878
1353	287.4899902
1354	287.4899902
1355	287.6700134
1356	287.7200012
1357	287.6300049
1358	287.6499939
1359	287.5499878
1360	287.5700073
1361	287.5100098
1362	287.4700012
1363	287.3999939
1364	287.3999939
1365	287.3599854
1366	287.3999939
1367	287.3599854
1368	287.3999939
1369	287.2600098
1370	287.3200073
1371	287.3599854
1372	287.5100098
1373	287.4700012
1374	287.5100098
1375	287.4400024
1376	287.5499878
1377	287.6099854
1378	287.5899963
1379	287.5899963
1380	287.5700073
1381	287.4200134
1382	287.3800049
1383	287.3200073
1384	287.3200073
1385	287.3399963
1386	287.3399963
1387	287.3399963
1388	287.3200073
1389	287.2999878
1390	287.2399902
1391	287.2799988
1392	287.2399902
1393	287.2399902
1394	287.2600098
1395	287.2399902
1396	287.1900024
1397	287.1700134
1398	287.2799988
1399	287.2600098
1400	287.2600098
1401	287.2399902
1402	287.2600098
1403	287.2399902
1404	287.2600098
1405	287.1900024
1406	287.2600098
1407	287.3200073
1408	287.2999878
1409	287.2600098
1410	287.2999878
1411	287.4200134
1412	287.4700012
1413	287.4400024
1414	287.4400024
1415	287.3800049
1416	287.3800049
1417	287.3999939
1418	287.3999939
1419	287.3800049
1420	287.3599854
1421	287.3200073
1422	287.3399963
1423	287.3399963
1424	287.5100098
1425	287.5100098
1426	287.6499939
1427	287.5700073
1428	287.5700073
1429	287.5499878
1430	287.5700073
1431	287.4899902
1432	287.4700012
1433	287.3800049
1434	287.4899902
1435	287.4899902
1436	287.5100098
1437	287.6300049
1438	287.6300049
1439	287.6499939
1440	287.6499939
1441	287.5499878
1442	287.6499939
1443	287.7000122
1444	287.7200012
1445	287.7000122
1446	287.6499939
1447	287.5899963
1448	287.5700073
1449	287.4400024
1450	287.4700012
1451	287.3800049
1452	287.4700012
1453	287.4700012
1454	287.4899902
1455	287.4400024
1456	287.5100098
1457	287.5100098
1458	287.3800049
1459	287.3599854
1460	287.2399902
1461	287.2999878
1462	287.3599854
1463	287.2999878
1464	287.2999878
1465	287.3599854
1466	287.3800049
1467	287.3399963
1468	287.3999939
1469	287.4899902
1470	287.5499878
1471	287.6099854
1472	287.6499939
1473	287.6099854
1474	287.6499939
1475	287.6300049
1476	287.5700073
1477	287.4899902
1478	287.4700012
1479	287.3399963
1480	287.3200073
1481	287.3800049
1482	287.3999939
1483	287.4899902
1484	287.4700012
1485	287.3999939
1486	287.4200134
1487	287.4700012
1488	287.3999939
1489	287.3999939
1490	287.3599854
1491	287.3599854
1492	287.3599854
1493	287.4700012
1494	287.5499878
1495	287.5899963
1496	287.5899963
1497	287.5299988
1498	287.4200134
1499	287.3999939
1500	287.3800049
1501	287.4400024
1502	287.4400024
1503	287.4400024
1504	287.5100098
1505	287.5100098
1506	287.5299988
1507	287.4700012
1508	287.5100098
1509	287.5100098
1510	287.6499939
1511	287.7799988
1512	287.8200073
1513	287.9899902
1514	288.0100098
1515	288.0700073
1516	288.1099854
1517	288.1099854
1518	288.3200073
1519	288.3599854
1520	288.6600037
1521	288.8500061
1522	288.9899902
1523	289.2200012
1524	289.3699951
1525	289.6400146
1526	289.8299866
1527	290.0799866
1528	290.0799866
1529	290.4599915
1530	290.7099915
1531	290.7900085
1532	290.9200134
1533	291.019989
1534	291.1000061
1535	291.1000061
1536	291.1499939
1537	291.230011
1538	291.2900085
1539	291.3500061
1540	291.3500061
1541	291.3099976
1542	291.3099976
1543	291.3800049
1544	291.4200134
1545	291.4200134
1546	291.480011
1547	291.4599915
1548	291.4400024
1549	291.519989
1550	291.5599976
1551	291.5599976
1552	291.6300049
1553	291.6700134
1554	291.7099915
1555	291.6900024
1556	291.7099915
1557	291.730011
1558	291.8200073
1559	291.8200073
1560	291.8200073
1561	291.8999939
1562	291.8399963
1563	291.8200073
1564	291.8599854
1565	291.8399963
1566	291.9200134
1567	291.9200134
1568	291.9200134
1569	291.9200134
1570	291.9200134
1571	291.980011
1572	292
1573	291.9400024
1574	291.9400024
1575	291.9400024
1576	291.8800049
1577	291.8999939
1578	291.9200134
1579	291.9400024
1580	291.9200134
1581	291.9599915
1582	291.9200134
1583	291.9400024
1584	292
1585	291.9400024
1586	292.019989
1587	292.019989
1588	292.019989
1589	291.8599854
1590	291.8599854
1591	291.8200073
1592	291.7900085
1593	291.8200073
1594	291.8200073
1595	291.8399963
1596	291.8800049
1597	291.8599854
1598	291.8399963
1599	291.8399963
1600	291.9400024
1601	291.9400024
1602	291.980011
1603	291.980011
1604	291.9599915
1605	291.9599915
1606	291.9599915
1607	291.8800049
1608	291.9200134
1609	291.9400024
1610	291.9599915
1611	291.9400024
1612	291.9200134
1613	291.9200134
1614	291.9400024
1615	291.9599915
1616	292
1617	292
1618	292.0700073
1619	292
1620	292.019989
1621	292.1300049
1622	292
1623	292
1624	292.019989
1625	292.0499878
1626	292.019989
1627	292
1628	292.019989
1629	292
1630	291.9599915
1631	292.019989
1632	292.019989
1633	292
1634	291.9599915
1635	291.9599915
1636	291.8999939
1637	292
1638	292
1639	292.0700073
1640	292.0899963
1641	292.1499939
1642	292.0499878
1643	292.0700073
1644	292.0700073
1645	292.0700073
1646	292.0899963
1647	292.1099854
1648	292.0899963
1649	292.0499878
1650	292.0499878
1651	292.0700073
1652	292.0899963
1653	292.0899963
1654	292.0899963
1655	292.1499939
1656	292.1099854
1657	292.1300049
1658	292.1499939
1659	292.1499939
1660	292.1099854
1661	292.1900024
1662	292.1900024
1663	292.1900024
1664	292.1700134
1665	292.1700134
1666	292.1300049
1667	292.1499939
1668	292.2099915
1669	292.230011
1670	292.230011
1671	292.1900024
1672	292.230011
1673	292.1700134
1674	292.2099915
1675	292.2099915
1676	292.1499939
1677	292.1499939
1678	292.1900024
1679	292.25
1680	292.2799988
1681	292.2799988
1682	292.3200073
1683	292.3399963
1684	292.3399963
1685	292.1499939
1686	291.9599915
1687	291.8599854
1688	291.6700134
1689	291.519989
1690	291.4599915
1691	291.4599915
1692	291.2900085
1693	291.3099976
1694	291.2900085
1695	291.2900085
1696	291.230011
1697	291.1199951
1698	291.1000061
1699	291.0799866
1700	291.0400085
1701	290.9400024
1702	290.519989
1703	290.1600037
1704	289.4100037
1705	289.0299988
1706	288.3200073
1707	287.8599854
1708	287.1700134
1709	287.1700134
1710	285.2900085
1711	284.1199951
1712	283.5299988
1713	282.7200012
1714	282.2000122
1715	281.7600098
1716	281.7600098
1717	281.3999939
1718	281.269989
1719	281.230011
1720	281.2999878
1721	281.4400024
1722	281.4599915
1723	281.5700073
1724	281.730011
1725	281.7799988
1726	282.0899963
1727	282.3999939
1728	282.5100098
1729	282.5700073
1730	282.6300049
1731	282.9899902
1732	283.1199951
1733	283.1400146
1734	283.2600098
1735	283.3200073
1736	283.4899902
1737	283.5100098
1738	283.7799988
1739	284.0599976
1740	284.2200012
1741	284.2200012
1742	284.3699951
1743	284.3500061
1744	284.3299866
1745	284.2399902
1746	284.2399902
1747	284.3500061
1748	284.3500061
1749	284.3699951
1750	284.4100037
1751	284.4500122
1752	284.5400085
1753	284.6400146
1754	284.769989
1755	284.769989
1756	285.0400085
1757	285.1900024
1758	285.230011
1759	285.2900085
1760	285.3299866
1761	285.4200134
1762	285.3099976
1763	285.5400085
1764	285.5599976
1765	285.6900024
1766	285.8299866
1767	285.8800049
1768	285.9599915
1769	285.9599915
1770	285.8999939
1771	285.8800049
1772	285.9200134
1773	286.0599976
1774	286.0799866
1775	286.25
1776	286.269989
1777	286.3399963
1778	286.3399963
1779	286.3800049
1780	286.3800049
1781	286.4599915
1782	286.3599854
1783	286.3999939
1784	286.4400024
1785	286.5
1786	286.5
1787	286.5
1788	286.4200134
1789	286.4599915
1790	286.480011
1791	286.6300049
1792	286.6499939
1793	286.6499939
1794	286.6499939
1795	286.5700073
1796	286.5400085
1797	286.5
1798	286.4400024
1799	286.480011
1800	286.5
1801	286.5
1802	286.519989
1803	286.5
1804	286.4400024
1805	286.5400085
1806	286.519989
1807	286.6499939
1808	286.730011
1809	286.8399963
1810	287.0299988
1811	287.1300049
1812	287.1300049
1813	287.1900024
1814	287.1099854
1815	287.1300049
1816	287.2099915
1817	287.2399902
1818	287.1700134
1819	287.1700134
1820	287.1099854
1821	287.0499878
1822	287.0299988
1823	286.9599915
1824	286.9400024
1825	286.8999939
1826	286.8999939
1827	286.8999939
1828	286.8999939
1829	286.9200134
1830	286.980011
1831	287.0700073
1832	287.1300049
1833	287.1499939
1834	287.1700134
1835	287.1700134
1836	287.1300049
1837	287.1099854
1838	287.0499878
1839	287.0100098
1840	287.0299988
1841	287.1099854
1842	287.1099854
1843	287.1700134
1844	287.2099915
1845	287.1700134
1846	287.1900024
1847	287.2099915
1848	287.2600098
1849	287.2600098
1850	287.1900024
1851	287.1900024
1852	287.1700134
1853	287.1099854
1854	286.980011
1855	286.9599915
1856	286.9400024
1857	286.8399963
1858	286.8399963
1859	286.769989
1860	286.8200073
1861	286.8200073
1862	286.8200073
1863	286.8800049
1864	286.9200134
1865	287.0299988
1866	286.980011
1867	286.9599915
1868	287.0100098
1869	287.0899963
1870	287.1900024
1871	287.2399902
1872	287.1700134
1873	287.2600098
1874	287.2600098
1875	287.2600098
1876	287.2600098
1877	287.2600098
1878	287.2399902
1879	287.2399902
1880	287.1499939
1881	287.0899963
1882	287.0899963
1883	287.0899963
1884	287.1499939
1885	287.0899963
1886	287.1099854
1887	287.1300049
1888	287.0100098
1889	286.9599915
1890	286.9599915
1891	287.0100098
1892	287.0100098
1893	287.0100098
1894	287.0100098
1895	287.0899963
1896	287.1900024
1897	287.1900024
1898	287.1300049
1899	287.0499878
1900	287.0899963
1901	287.0899963
1902	287.0499878
1903	287.0700073
1904	287.0899963
1905	287.0100098
1906	287.0899963
1907	287.1300049
1908	287.1099854
1909	287.1300049
1910	287.0899963
1911	287.1099854
1912	287.1900024
1913	287.1700134
1914	287.1900024
1915	287.1700134
1916	287.1700134
1917	287.1300049
1918	287.0899963
1919	287.0100098
1920	286.9200134
1921	286.9400024
1922	286.9400024
1923	287.0100098
1924	287.1099854
1925	287.1300049
1926	287.2099915
1927	287.1700134
1928	287.1900024
1929	287.1900024
1930	287.1900024
1931	287.2099915
1932	287.2600098
1933	287.3200073
1934	287.3399963
1935	287.3800049
1936	287.3200073
1937	287.4700012
1938	287.5100098
1939	287.4400024
1940	287.5499878
1941	287.5899963
1942	287.5299988
1943	287.5499878
1944	287.6300049
1945	287.5899963
1946	287.5299988
1947	287.5899963
1948	287.5499878
1949	287.4400024
1950	287.3599854
1951	287.2999878
1952	287.2799988
1953	287.2799988
1954	287.2999878
1955	287.2799988
1956	287.2399902
1957	287.1900024
1958	287.1900024
1959	287.2399902
1960	287.2099915
1961	287.2099915
1962	287.2099915
1963	287.2099915
1964	287.1499939
1965	287.1300049
1966	287.0899963
1967	287.0899963
1968	287.0899963
1969	287.0499878
1970	287.1099854
1971	287.1099854
1972	287.2399902
1973	287.2799988
1974	287.3200073
1975	287.2600098
1976	287.1900024
1977	287.1300049
1978	287.1300049
1979	287.1499939
1980	287.0899963
1981	287.0299988
1982	287.0499878
1983	287.1900024
1984	287.3399963
1985	287.5299988
1986	287.7000122
1987	287.7600098
1988	287.7999878
1989	287.8399963
1990	287.8999939
1991	288.0499878
1992	288.2000122
1993	288.2000122
1994	288.5899963
1995	288.7799988
1996	288.9100037
1997	289.1799927
1998	289.5100098
1999	289.7900085
2000	289.7900085
2001	290.0799866
2002	290.3099976
2003	290.3500061
2004	290.5599976
2005	290.75
2006	290.8299866
2007	290.8299866
2008	291.0599976
2009	291.0599976
2010	291.1000061
2011	291.1900024
2012	291.25
2013	291.2900085
2014	291.3299866
2015	291.5
2016	291.5400085
2017	291.6099854
2018	291.5799866
2019	291.6700134
2020	291.6300049
2021	291.6499939
2022	291.6700134
2023	291.6700134
2024	291.6700134
2025	291.730011
2026	291.75
2027	291.7900085
2028	291.8200073
2029	291.8399963
2030	291.8200073
2031	291.9200134
2032	291.9200134
2033	291.9599915
2034	292.019989
2035	292.019989
2036	292
2037	291.980011
2038	292
2039	292
2040	292.0899963
2041	292.0499878
2042	292.0499878
2043	292.0499878
2044	292
2045	291.9599915
2046	292
2047	292
2048	292.0899963
2049	292.0499878
2050	292.0499878
2051	292.1300049
2052	292.1099854
2053	292.0899963
2054	292.1700134
2055	292.1300049
2056	292.1300049
2057	292.1499939
2058	292.1300049
2059	292.1499939
2060	292.0899963
2061	292.2099915
2062	292.1900024
2063	292.1499939
2064	292.1499939
2065	292.1499939
2066	292.1900024
2067	292.2099915
2068	292.2099915
2069	292.2099915
2070	292.1499939
2071	292.1499939
2072	292.1499939
2073	292.230011
2074	292.1700134
2075	292.1700134
2076	292.1900024
2077	292.1700134
2078	292.1700134
2079	292.2099915
2080	292.25
2081	292.2099915
2082	292.1900024
2083	292.230011
2084	292.2999878
2085	292.2799988
2086	292.3800049
2087	292.3599854
2088	292.3200073
2089	292.2799988
2090	292.25
2091	292.2799988
2092	292.25
2093	292.25
2094	292.3399963
2095	292.25
2096	292.3200073
2097	292.2799988
2098	292.2799988
2099	292.2999878
2100	292.2999878
2101	292.1900024
2102	292.2099915
2103	292.2099915
2104	292.25
2105	292.2099915
2106	292.25
2107	292.230011
2108	292.25
2109	292.2999878
2110	292.2999878
2111	292.3399963
2112	292.3999939
2113	292.3399963
2114	292.3599854
2115	292.3599854
2116	292.2999878
2117	292.3200073
2118	292.3399963
2119	292.3599854
2120	292.3399963
2121	292.2999878
2122	292.3200073
2123	292.25
2124	292.3399963
2125	292.2999878
2126	292.25
2127	292.2999878
2128	292.3200073
2129	292.2799988
2130	292.2999878
2131	292.3200073
2132	292.2999878
2133	292.3599854
2134	292.3599854
2135	292.3599854
2136	292.3200073
2137	292.3800049
2138	292.3599854
2139	292.3200073
2140	292.3800049
2141	292.2999878
2142	292.2999878
2143	292.2799988
2144	292.2799988
2145	292.2999878
2146	292.2999878
2147	292.3399963
2148	292.3399963
2149	292.3399963
2150	292.2999878
2151	292.3599854
2152	292.3200073
2153	292.3200073
2154	292.3800049
2155	292.3800049
2156	292.3599854
2157	292.3599854
2158	292.2799988
2159	292.1700134
2160	291.8999939
2161	291.8200073
2162	291.6700134
2163	291.6099854
2164	291.480011
2165	291.4599915
2166	291.4599915
2167	291.3999939
2168	291.3999939
2169	291.3299866
2170	291.3299866
2171	291.3800049
2172	291.3099976
2173	291.1700134
2174	291.1700134
2175	290.8900146
2176	290.4299927
2177	290.019989
2178	288.7000122
2179	287.4200134
2180	285.980011
2181	285.980011
2182	284.1600037
2183	283.1199951
2184	282.7200012
2185	282.0700073
2186	281.5700073
2187	281.4599915
2188	281.230011
2189	280.9200134
2190	280.7099915
2191	280.6300049
2192	280.8399963
2193	280.9599915
2194	281
2195	281.0400085
2196	281.3800049
2197	281.6700134
2198	282.1499939
2199	282.5499878
2200	282.6300049
2201	282.8200073
2202	282.8399963
2203	283.0100098
2204	283.2600098
2205	283.4899902
2206	283.7799988
2207	283.8900146
2208	284.2399902
2209	284.3099976
2210	284.519989
2211	284.6199951
2212	284.7000122
2213	284.7000122
2214	284.75
2215	284.769989
2216	284.730011
2217	284.6400146
2218	284.7000122
2219	284.7000122
2220	284.7000122
2221	284.8299866
2222	284.8699951
2223	284.9299927
2224	285.0799866
2225	285.25
2226	285.2900085
2227	285.3299866
2228	285.3500061
2229	285.3299866
2230	285.3299866
2231	285.5599976
2232	285.6199951
2233	285.6700134
2234	285.6900024
2235	285.8099976
2236	285.730011
2237	285.8099976
2238	285.9400024
2239	285.9599915
2240	286.0400085
2241	286.0400085
2242	286.1099854
2243	286.0799866
2244	286.1099854
2245	286.1099854
2246	286.2099915
2247	286.25
2248	286.3599854
2249	286.3599854
2250	286.3800049
2251	286.3599854
2252	286.3599854
2253	286.3099976
2254	286.3099976
2255	286.3999939
2256	286.5
2257	286.4599915
2258	286.4599915
2259	286.4599915
2260	286.269989
2261	286.2900085
2262	286.2099915
2263	286.25
2264	286.2099915
2265	286.230011
2266	286.2099915
2267	286.230011
2268	286.230011
2269	286.2099915
2270	286.2900085
2271	286.25
2272	286.25
2273	286.2900085
2274	286.3999939
2275	286.5
2276	286.480011
2277	286.519989
2278	286.519989
2279	286.6300049
2280	286.6700134
2281	286.7999878
2282	286.8800049
2283	286.9599915
2284	286.9599915
2285	287.0299988
2286	286.980011
2287	286.980011
2288	286.8800049
2289	286.7999878
2290	286.769989
2291	286.769989
2292	286.7099915
2293	286.730011
2294	286.7999878
2295	286.769989
2296	286.769989
2297	286.7999878
2298	286.75
2299	286.7099915
2300	286.6900024
2301	286.6900024
2302	286.6499939
2303	286.5899963
2304	286.6099854
2305	286.6099854
2306	286.730011
2307	286.769989
2308	286.9400024
2309	286.9400024
2310	286.9400024
2311	286.980011
2312	286.9599915
2313	287.0499878
2314	287.1499939
2315	287.2099915
2316	287.2099915
2317	287.2099915
2318	287.1300049
2319	287.0899963
2320	287.0899963
2321	287.0499878
2322	286.980011
2323	286.980011
2324	286.9599915
2325	286.9200134
2326	286.9599915
2327	286.980011
2328	286.980011
2329	286.9400024
2330	286.9400024
2331	286.9599915
2332	286.9599915
2333	286.9400024
2334	286.9200134
2335	286.8999939
2336	286.9599915
2337	286.9200134
2338	286.8399963
2339	286.8800049
2340	286.980011
2341	286.980011
2342	287.0100098
2343	286.9400024
2344	287.0100098
2345	287.0100098
2346	287.0899963
2347	287.0700073
2348	287.1499939
2349	287.0299988
2350	287.0499878
2351	287.0700073
2352	287.1099854
2353	287.1700134
2354	287.3999939
2355	287.3999939
2356	287.6300049
2357	287.7399902
2358	287.7200012
2359	287.7600098
2360	287.7200012
2361	287.7000122
2362	287.7000122
2363	287.7799988
2364	287.8399963
2365	287.8399963
2366	287.8200073
2367	287.7999878
2368	287.6499939
2369	287.6300049
2370	287.7200012
2371	287.7000122
2372	287.6099854
2373	287.4899902
2374	287.4400024
2375	287.4200134
2376	287.4200134
2377	287.3999939
2378	287.3599854
2379	287.2999878
2380	287.2099915
2381	287.1700134
2382	287.2999878
2383	287.2799988
2384	287.3800049
2385	287.4200134
2386	287.5299988
2387	287.6099854
2388	287.5700073
2389	287.6099854
2390	287.5899963
2391	287.5499878
2392	287.4700012
2393	287.3999939
2394	287.3999939
2395	287.3599854
2396	287.3999939
2397	287.3599854
2398	287.4899902
2399	287.5499878
2400	287.6099854
2401	287.6099854
2402	287.5700073
2403	287.5700073
2404	287.5700073
2405	287.4899902
2406	287.4899902
2407	287.5299988
2408	287.4899902
2409	287.4899902
2410	287.5100098
2411	287.5100098
2412	287.4899902
2413	287.4899902
2414	287.5100098
2415	287.4899902
2416	287.3999939
2417	287.3599854
2418	287.3399963
2419	287.4200134
2420	287.3999939
2421	287.4200134
2422	287.3599854
2423	287.3200073
2424	287.3999939
2425	287.4400024
2426	287.4400024
2427	287.4200134
2428	287.3599854
2429	287.3399963
2430	287.3200073
2431	287.1499939
2432	287.1300049
2433	287.1300049
2434	287.0700073
2435	287.1499939
2436	287.1300049
2437	287.1300049
2438	287.2999878
2439	287.3599854
2440	287.3599854
2441	287.3200073
2442	287.3200073
2443	287.2399902
2444	287.3800049
2445	287.3999939
2446	287.4400024
2447	287.4400024
2448	287.4700012
2449	287.5700073
2450	287.5299988
2451	287.6499939
2452	287.7000122
2453	287.7799988
2454	287.7799988
2455	287.7799988
2456	287.7000122
2457	287.8599854
2458	287.9700012
2459	287.9500122
2460	288.0299988
2461	288.0299988
2462	288.0899963
2463	288.1799927
2464	288.2399902
2465	288.2399902
2466	288.4899902
2467	288.5700073
2468	288.7000122
2469	288.8699951
2470	289.0299988
2471	289.2399902
2472	289.2399902
2473	289.5799866
2474	289.8900146
2475	289.9500122
2476	290.2000122
2477	290.25
2478	290.3500061
2479	290.3699951
2480	290.7099915
2481	290.7900085
2482	290.8699951
2483	290.980011
2484	291.0599976
2485	291.0599976
2486	291.1900024
2487	291.269989
2488	291.2900085
2489	291.3299866
2490	291.4200134
2491	291.3999939
2492	291.4400024
2493	291.4599915
2494	291.5
2495	291.480011
2496	291.5
2497	291.5
2498	291.5599976
2499	291.5599976
2500	291.6499939
2501	291.6900024
2502	291.730011
2503	291.769989
2504	291.769989
2505	291.730011
2506	291.8200073
2507	291.8200073
2508	291.8599854
2509	291.9599915
2510	291.9599915
2511	291.9599915
2512	291.9200134
2513	291.9599915
2514	291.9599915
2515	291.980011
2516	292
2517	292.0499878
2518	292.019989
2519	292.019989
2520	291.9599915
2521	292.0700073
2522	292.0700073
2523	292.1300049
2524	292.0899963
2525	292.1700134
2526	292.1300049
2527	292.2099915
2528	292.2099915
2529	292.1700134
2530	292.1700134
2531	292.1499939
2532	292.1900024
2533	292.1900024
2534	292.1900024
2535	292.1700134
2536	292.1700134
2537	292.1499939
2538	292.0899963
2539	292.0700073
2540	292.0700073
2541	292.0499878
2542	292.0899963
2543	292.0899963
2544	292.1099854
2545	292.0700073
2546	292.0700073
2547	292.0899963
2548	292.0700073
2549	292.1099854
2550	292.1300049
2551	292.1900024
2552	292.2099915
2553	292.1499939
2554	292.1900024
2555	292.1700134
2556	292.1900024
2557	292.1700134
2558	292.1499939
2559	292.1300049
2560	292.1499939
2561	292.1499939
2562	292.1099854
2563	292.1300049
2564	292.2099915
2565	292.2099915
2566	292.2099915
2567	292.1700134
2568	292.1700134
2569	292.1499939
2570	292.1099854
2571	292.1700134
2572	292.1300049
2573	292.1700134
2574	292.1499939
2575	292.1499939
2576	292.230011
2577	292.2999878
2578	292.2799988
2579	292.230011
2580	292.1900024
2581	292.1900024
2582	292.1900024
2583	292.1700134
2584	292.1900024
2585	292.2099915
2586	292.1700134
2587	292.2099915
2588	292.1700134
2589	292.1300049
2590	292.1300049
2591	292.1900024
2592	292.1700134
2593	292.1499939
2594	292.1300049
2595	292.1499939
2596	292.1099854
2597	292.0899963
2598	292.019989
2599	292.0700073
2600	292
2601	292.0899963
2602	292.0899963
2603	292.0899963
2604	292.1499939
2605	292.0899963
2606	292.0700073
2607	292.0700073
2608	292.1300049
2609	292.0899963
2610	292.1099854
2611	292.0899963
2612	291.980011
2613	292
2614	292
2615	292
2616	291.9599915
2617	291.9400024
2618	292.019989
2619	292
2620	292.019989
2621	292.019989
2622	292.0700073
2623	292.0899963
2624	292.0899963
2625	292.1099854
2626	292.1300049
2627	292.0899963
2628	292.0899963
2629	292.1099854
2630	292.1300049
2631	292.0499878
2632	291.9599915
2633	291.8399963
2634	291.6499939
2635	291.6099854
2636	291.5
2637	291.3999939
2638	291.269989
2639	291.3500061
2640	291.3299866
2641	291.3099976
2642	291.2099915
2643	291.1700134
2644	291.1900024
2645	291.1900024
2646	291.1900024
2647	291
2648	290.8500061
2649	290.75
2650	290.480011
2651	289.7200012
2652	288.5499878
2653	288.5499878
2654	286.8599854
2655	285.6000061
2656	285.0599976
2657	284.2399902
2658	283.5799866
2659	283.3500061
2660	283.0100098
2661	282.1700134
2662	281.9400024
2663	281.5899963
2664	281.5
2665	281.5299988
2666	281.6900024
2667	281.7799988
2668	281.9899902
2669	282.0100098
2670	282.0899963
2671	282.1099854
2672	282.1099854
2673	282.2399902
2674	282.2600098
2675	282.5100098
2676	282.7200012
2677	282.8599854
2678	282.8599854
2679	282.9899902
2680	283.1199951
2681	283.1400146
2682	283.5100098
2683	283.7399902
2684	284.0400085
2685	284.0400085
2686	284.4100037
2687	284.5
2688	284.519989
2689	284.6199951
2690	284.5799866
2691	284.6000061
2692	284.6199951
2693	284.7900085
2694	284.9100037
2695	285.019989
2696	285.230011
2697	285.2900085
2698	285.3299866
2699	285.3500061
2700	285.4599915
2701	285.5599976
2702	285.519989
2703	285.5599976
2704	285.519989
2705	285.5400085
2706	285.5799866
2707	285.6499939
2708	285.7900085
2709	285.8999939
2710	285.8299866
2711	285.8999939
2712	285.8099976
2713	285.8800049
2714	285.8500061
2715	285.980011
2716	286.0599976
2717	286.0599976
2718	286.1499939
2719	286.1900024
2720	286.3099976
2721	286.3599854
2722	286.4200134
2723	286.519989
2724	286.519989
2725	286.5400085
2726	286.5899963
2727	286.6300049
2728	286.6300049
2729	286.5700073
2730	286.5700073
2731	286.5899963
2732	286.5400085
2733	286.5400085
2734	286.519989
2735	286.5899963
2736	286.6099854
2737	286.6300049
2738	286.6499939
2739	286.8599854
2740	286.8399963
2741	286.8800049
2742	286.8200073
2743	286.8399963
2744	286.7999878
2745	286.730011
2746	286.730011
2747	286.6099854
2748	286.6099854
2749	286.6099854
2750	286.6300049
2751	286.6300049
2752	286.6700134
2753	286.6900024
2754	286.75
2755	286.7999878
2756	286.7999878
2757	286.9200134
2758	286.8999939
2759	286.980011
2760	287.0499878
2761	287.0299988
2762	287.0100098
2763	287.0100098
2764	287.0299988
2765	287.1099854
2766	287.1099854
2767	287.1700134
2768	287.2099915
2769	287.2799988
2770	287.1900024
2771	287.1700134
2772	287.1700134
2773	287.1099854
2774	287.1300049
2775	287.1499939
2776	287.1099854
2777	287.0299988
2778	287.0700073
2779	287.0499878
2780	287.1099854
2781	287.1499939
2782	287.1900024
2783	287.2399902
2784	287.2999878
2785	287.3800049
2786	287.4200134
2787	287.4200134
2788	287.4200134
2789	287.4899902
2790	287.5100098
2791	287.4899902
2792	287.3599854
2793	287.3200073
2794	287.3599854
2795	287.3599854
2796	287.2799988
2797	287.2799988
2798	287.2099915
2799	287.3399963
2800	287.3599854
2801	287.4700012
2802	287.5499878
2803	287.7000122
2804	287.7200012
2805	287.7000122
2806	287.5899963
2807	287.4200134
2808	287.3800049
2809	287.3399963
2810	287.2099915
2811	287.2600098
2812	287.1499939
2813	287.1099854
2814	287.0700073
2815	287.0499878
2816	287.0499878
2817	287.1499939
2818	287.2399902
2819	287.3200073
2820	287.3200073
2821	287.3999939
2822	287.4700012
2823	287.4899902
2824	287.4899902
2825	287.4700012
2826	287.4200134
2827	287.4200134
2828	287.3599854
2829	287.3800049
2830	287.3999939
2831	287.3999939
2832	287.4700012
2833	287.4899902
2834	287.4899902
2835	287.5299988
2836	287.5700073
2837	287.5700073
2838	287.5899963
2839	287.4899902
2840	287.4899902
2841	287.4200134
2842	287.3599854
2843	287.4400024
2844	287.3800049
2845	287.3599854
2846	287.3599854
2847	287.3200073
2848	287.3399963
2849	287.3200073
2850	287.2600098
2851	287.3200073
2852	287.3200073
2853	287.3800049
2854	287.3800049
2855	287.3999939
2856	287.3200073
2857	287.3599854
2858	287.3800049
2859	287.3800049
2860	287.3999939
2861	287.4400024
2862	287.4400024
2863	287.3999939
2864	287.2600098
2865	287.2600098
2866	287.2600098
2867	287.1900024
2868	287.2399902
2869	287.2099915
2870	287.1300049
2871	287.1300049
2872	287.1300049
2873	287.1099854
2874	287.2399902
2875	287.2600098
2876	287.2600098
2877	287.2799988
2878	287.2099915
2879	287.2799988
2880	287.1900024
2881	287.3599854
2882	287.3399963
2883	287.3399963
2884	287.2999878
2885	287.2799988
2886	287.2399902
2887	287.2600098
2888	287.2999878
2889	287.2999878
2890	287.3399963
2891	287.3399963
2892	287.3999939
2893	287.4899902
2894	287.5299988
2895	287.6300049
2896	287.6300049
2897	287.5499878
2898	287.5499878
2899	287.5100098
2900	287.3999939
2901	287.4899902
2902	287.4400024
2903	287.5100098
2904	287.6099854
2905	287.6099854
2906	287.5899963
2907	287.5700073
2908	287.5499878
2909	287.5899963
2910	287.5499878
2911	287.5299988
2912	287.5299988
2913	287.4700012
2914	287.4200134
2915	287.3599854
2916	287.3999939
2917	287.3999939
2918	287.4200134
2919	287.4700012
2920	287.3999939
2921	287.4899902
2922	287.5100098
2923	287.4899902
2924	287.4899902
2925	287.5100098
2926	287.4899902
2927	287.6700134
2928	287.5700073
2929	287.5899963
2930	287.5899963
2931	287.7200012
2932	287.7600098
2933	287.7200012
2934	287.7999878
2935	287.8800049
2936	288.0100098
2937	288.0100098
2938	288.1600037
2939	288.3399963
2940	288.4299927
2941	288.5499878
2942	288.4899902
2943	288.4299927
2944	288.4500122
2945	288.3900146
2946	288.3900146
2947	288.3900146
2948	288.3399963
2949	288.4299927
2950	288.4100037
2951	288.4700012
2952	288.7999878
2953	288.9700012
2954	289.1600037
2955	289.2600098
2956	289.3299866
2957	289.2399902
2958	289.2200012
2959	289.4700012
2960	289.8099976
2961	290.019989
2962	290.0599976
2963	290.0599976
2964	290.1000061
2965	290.1400146
2966	290.1799927
2967	290.2000122
2968	290.1600037
2969	290.1600037
2970	290.1199951
2971	290.1799927
2972	290.1199951
2973	290.1000061
2974	290.0599976
2975	290.1400146
2976	290.1400146
2977	290.1600037
2978	290.2000122
2979	290.1600037
2980	290.1799927
2981	290.25
2982	290.1199951
2983	290.3099976
2984	290.3099976
2985	290.2900085
2986	290.269989
2987	290.25
2988	290.269989
2989	290.269989
2990	290.2900085
2991	290.3299866
2992	290.3500061
2993	290.4299927
2994	290.3900146
2995	290.480011
2996	290.3900146
2997	290.3699951
2998	290.2900085
2999	290.3099976
3000	290.3099976
3001	290.3099976
3002	290.3900146
3003	290.3299866
3004	290.3500061
3005	290.3699951
3006	290.3299866
3007	290.3099976
3008	290.3099976
3009	290.3699951
3010	290.4299927
3011	290.3900146
3012	290.4599915
3013	290.5400085
3014	290.480011
3015	290.4599915
3016	290.4100037
3017	290.4299927
3018	290.4100037
3019	290.4100037
3020	290.3900146
3021	290.4299927
3022	290.4599915
3023	290.519989
3024	290.5400085
3025	290.519989
3026	290.4599915
3027	290.5
3028	290.519989
3029	290.5400085
3030	290.5799866
3031	290.6199951
3032	290.6199951
3033	290.6199951
3034	290.6000061
3035	290.5400085
3036	290.5799866
3037	290.5599976
3038	290.519989
3039	290.5400085
3040	290.5400085
3041	290.5
3042	290.519989
3043	290.480011
3044	290.5400085
3045	290.519989
3046	290.6000061
3047	290.6000061
3048	290.6199951
3049	290.5599976
3050	290.5799866
3051	290.5799866
3052	290.6400146
3053	290.6000061
3054	290.6199951
3055	290.6400146
3056	290.6199951
3057	290.6600037
3058	290.6600037
3059	290.6000061
3060	290.6199951
3061	290.6199951
3062	290.7099915
3063	290.5599976
3064	290.5799866
3065	290.5599976
3066	290.480011
3067	290.519989
3068	290.5599976
3069	290.6000061
3070	290.519989
3071	290.5599976
3072	290.5599976
3073	290.6000061
3074	290.5599976
3075	290.5400085
3076	290.6000061
3077	290.6199951
3078	290.6000061
3079	290.6000061
3080	290.6400146
3081	290.6199951
3082	290.6600037
3083	290.730011
3084	290.730011
3085	290.6600037
3086	290.6600037
3087	290.5799866
3088	290.6000061
3089	290.6199951
3090	290.6199951
3091	290.6000061
3092	290.5799866
3093	290.6400146
3094	290.6400146
3095	290.6400146
3096	290.6900024
3097	290.6900024
3098	290.6900024
3099	290.6400146
3100	290.5799866
3101	290.6000061
3102	290.5599976
3103	290.5799866
3104	290.6000061
3105	290.6000061
3106	290.3699951
3107	290.2900085
3108	290.1000061
3109	290.0400085
3110	289.9700012
3111	289.9700012
3112	289.9700012
3113	289.8900146
3114	289.8699951
3115	289.8500061
3116	290
3117	290.019989
3118	290.019989
3119	290.0799866
3120	289.9100037
3121	289.8699951
3122	289.4299927
3123	289.0100098
3124	288.4700012
3125	287.7999878
3126	284.6600037
3127	283.8099976
3128	282.4700012
3129	281.3200073
3130	280.5599976
3131	280.4200134
3132	280.1199951
3133	279.6199951
3134	279.5400085
3135	279.5799866
3136	279.730011
3137	279.8500061
3138	279.980011
3139	279.9599915
3140	280.0400085
3141	280.1900024
3142	280.3800049
3143	280.3800049
3144	280.6900024
3145	280.7099915
3146	280.75
3147	280.8800049
3148	281.1499939
3149	281.5899963
3150	281.5899963
3151	281.8599854
3152	281.8999939
3153	281.9200134
3154	282.1499939
3155	282.3399963
3156	282.6600037
3157	282.6600037
3158	282.9100037
3159	283.0299988
3160	283.0499878
3161	283.1799927
3162	283.2600098
3163	283.3699951
3164	283.4700012
3165	283.7399902
3166	283.8299866
3167	283.9899902
3168	284.0599976
3169	284.1400146
3170	284.1799927
3171	284.269989
3172	284.4100037
3173	284.4700012
3174	284.5
3175	284.5400085
3176	284.5799866
3177	284.5599976
3178	284.5400085
3179	284.5599976
3180	284.75
3181	284.9299927
3182	284.9299927
3183	285.0799866
3184	285.1400146
3185	285.0799866
3186	285.1000061
3187	285.1400146
3188	285.25
3189	285.25
3190	285.3900146
3191	285.480011
3192	285.5
3193	285.7099915
3194	285.8800049
3195	285.8999939
3196	286.0599976
3197	286.1700134
3198	286.1900024
3199	286.1900024
3200	286.230011
3201	286.25
3202	286.269989
3203	286.2099915
3204	286.230011
3205	286.2900085
3206	286.3999939
3207	286.480011
3208	286.480011
3209	286.5700073
3210	286.5400085
3211	286.5700073
3212	286.5
3213	286.480011
3214	286.480011
3215	286.4400024
3216	286.480011
3217	286.519989
3218	286.5700073
3219	286.6700134
3220	286.6700134
3221	286.6700134
3222	286.6499939
3223	286.6099854
3224	286.5700073
3225	286.5899963
3226	286.6700134
3227	286.75
3228	286.75
3229	286.730011
3230	286.7099915
3231	286.7099915
3232	286.769989
3233	286.730011
3234	286.75
3235	286.769989
3236	286.730011
3237	286.75
3238	286.75
3239	286.730011
3240	286.75
3241	286.8200073
3242	286.7999878
3243	286.9200134
3244	286.9599915
3245	286.980011
3246	286.980011
3247	287.0299988
3248	287.0299988
3249	287.0499878
3250	287.1499939
3251	287.1900024
3252	287.2600098
3253	287.2600098
3254	287.3200073
3255	287.3200073
3256	287.2600098
3257	287.2399902
3258	287.1300049
3259	287.1700134
3260	287.1700134
3261	287.3599854
3262	287.3999939
3263	287.3800049
3264	287.3999939
3265	287.3800049
3266	287.3999939
3267	287.3800049
3268	287.4700012
3269	287.4400024
3270	287.4200134
3271	287.3399963
3272	287.3599854
3273	287.3200073
3274	287.3999939
3275	287.5299988
3276	287.5299988
3277	287.4700012
3278	287.3399963
3279	287.3800049
3280	287.4200134
3281	287.4400024
3282	287.5299988
3283	287.5899963
3284	287.6099854
3285	287.6300049
3286	287.6499939
3287	287.7399902
3288	287.7200012
3289	287.6499939
3290	287.7200012
3291	287.7200012
3292	287.7200012
3293	287.6300049
3294	287.6099854
3295	287.5499878
3296	287.4200134
3297	287.3399963
3298	287.2600098
3299	287.2600098
3300	287.2099915
3301	287.2399902
3302	287.2600098
3303	287.2399902
3304	287.3200073
3305	287.3200073
3306	287.3599854
3307	287.4700012
3308	287.4899902
3309	287.4400024
3310	287.3999939
3311	287.4400024
3312	287.4700012
3313	287.5499878
3314	287.5899963
3315	287.5299988
3316	287.5499878
3317	287.5299988
3318	287.5100098
3319	287.5299988
3320	287.5499878
3321	287.5299988
3322	287.5100098
3323	287.4899902
3324	287.4899902
3325	287.4899902
3326	287.4899902
3327	287.5700073
3328	287.5299988
3329	287.7000122
3330	287.7600098
3331	287.7600098
3332	287.7799988
3333	287.7799988
3334	287.7399902
3335	287.7000122
3336	287.6099854
3337	287.6300049
3338	287.6300049
3339	287.6300049
3340	287.5700073
3341	287.6499939
3342	287.7600098
3343	287.7999878
3344	287.7000122
3345	287.7200012
3346	287.6700134
3347	287.7200012
3348	287.7600098
3349	287.8200073
3350	287.8800049
3351	287.8399963
3352	287.8599854
3353	287.8399963
3354	287.8800049
3355	287.9299927
3356	287.9700012
3357	287.9500122
3358	287.9700012
3359	288.0899963
3360	288.1099854
3361	288.0700073
3362	288.0499878
3363	288.0499878
3364	288.0499878
3365	287.9299927
3366	287.8999939
3367	287.8399963
3368	287.7600098
3369	287.8399963
3370	287.8399963
3371	287.8800049
3372	287.9500122
3373	287.9700012
3374	287.9700012
3375	287.9899902
3376	288.0100098
3377	288.0100098
3378	288.0499878
3379	288.1099854
3380	287.9899902
3381	288.0100098
3382	287.9700012
3383	287.9700012
3384	287.9299927
3385	288.0299988
3386	287.9899902
3387	287.9700012
3388	288.0100098
3389	288.0299988
3390	288.0499878
3391	288.0499878
3392	287.9899902
3393	287.9899902
3394	287.9500122
3395	287.9500122
3396	287.8399963
3397	287.8200073
3398	287.8599854
3399	288.0100098
3400	288.0899963
3401	287.9899902
3402	287.9899902
3403	288.1099854
3404	288.1600037
3405	288.2399902
3406	288.2200012
3407	288.2999878
3408	288.3900146
3409	288.3900146
3410	288.4700012
3411	288.5299988
3412	288.6400146
3413	288.5700073
3414	288.7200012
3415	288.7799988
3416	288.8900146
3417	289.1199951
3418	289.1400146
3419	289.3099976
3420	289.4100037
3421	289.4899902
3422	289.5799866
3423	289.6799927
3424	289.7399902
3425	289.8500061
3426	289.9700012
3427	290.0799866
3428	290.1199951
3429	290.230011
3430	290.25
3431	290.2900085
3432	290.230011
3433	290.269989
3434	290.269989
3435	290.3500061
3436	290.3900146
3437	290.5
3438	290.5
3439	290.5
3440	290.480011
3441	290.480011
3442	290.5400085
3443	290.5599976
3444	290.5400085
3445	290.5799866
3446	290.5599976
3447	290.6000061
3448	290.6000061
3449	290.6900024
3450	290.7099915
3451	290.6600037
3452	290.769989
3453	290.769989
3454	290.769989
3455	290.7900085
3456	290.75
3457	290.8099976
3458	290.8099976
3459	290.8099976
3460	290.8099976
3461	290.8900146
3462	290.8299866
3463	290.8299866
3464	290.8699951
3465	290.8099976
3466	290.8099976
3467	290.8699951
3468	290.9400024
3469	290.9599915
3470	290.8900146
3471	290.9200134
3472	290.9599915
3473	290.9599915
3474	290.8500061
3475	290.8500061
3476	290.8699951
3477	290.8699951
3478	290.8099976
3479	290.9400024
3480	290.9400024
3481	290.8699951
3482	290.8299866
3483	290.8699951
3484	290.8500061
3485	290.8900146
3486	290.8500061
3487	290.8699951
3488	290.9400024
3489	290.9400024
3490	290.9400024
3491	290.980011
3492	290.980011
3493	290.8900146
3494	290.9200134
3495	290.9200134
3496	290.9200134
3497	290.980011
3498	291
3499	290.9599915
3500	290.9599915
3501	290.9400024
3502	291
3503	290.9599915
3504	290.9400024
3505	290.9400024
3506	290.980011
3507	290.9400024
3508	290.9400024
3509	290.8900146
3510	290.9200134
3511	290.9599915
3512	290.9599915
3513	290.9599915
3514	290.9400024
3515	290.9400024
3516	290.980011
3517	290.980011
3518	290.9599915
3519	290.9599915
3520	290.9599915
3521	290.9400024
3522	290.8900146
3523	291
3524	290.980011
3525	290.9599915
3526	290.9599915
3527	291
3528	290.980011
3529	291
3530	290.9599915
3531	290.980011
3532	290.9599915
3533	290.9400024
3534	291
3535	290.9400024
3536	290.9200134
3537	290.9400024
3538	290.8900146
3539	290.9400024
3540	290.9599915
3541	290.9599915
3542	290.980011
3543	290.9599915
3544	290.9599915
3545	290.980011
3546	290.9400024
3547	290.980011
3548	291.019989
3549	290.980011
3550	291
3551	291
3552	290.980011
3553	291.0599976
3554	290.980011
3555	291.0400085
3556	291.0400085
3557	291.0599976
3558	291.0599976
3559	291.0400085
3560	291.1000061
3561	291.0400085
3562	291.019989
3563	291
3564	291.019989
3565	290.980011
3566	290.980011
3567	291
3568	291.0599976
3569	290.9599915
3570	291
3571	290.980011
3572	291
3573	291.0400085
3574	291.019989
3575	291.0400085
3576	291.0400085
3577	291.0599976
3578	290.980011
3579	290.980011
3580	290.769989
3581	290.5799866
3582	290.4299927
3583	290.4299927
3584	290.4299927
3585	290.3500061
3586	290.4100037
3587	290.3500061
3588	290.25
3589	290.269989
3590	290.269989
3591	290.2900085
3592	290.2000122
3593	290.1400146
3594	290.0599976
3595	290.019989
3596	289.8500061
3597	289.5400085
3598	288.4299927
3599	288.0899963
3600	287.8200073
3601	287.5700073
3602	287.2999878
3603	286.230011
3604	285.8099976
3605	285
3606	284.2900085
3607	283.9100037
3608	283.5100098
3609	283.4500122
3610	283.2200012
3611	283.1799927
3612	283.1199951
3613	282.9899902
3614	283.1400146
3615	283.1400146
3616	283.7200012
3617	284.1000061
3618	284.269989
3619	284.519989
3620	284.6400146
3621	284.6799927
3622	284.6799927
3623	284.8699951
3624	285.0599976
3625	285.1900024
3626	285.3299866
3627	285.3699951
3628	285.3500061
3629	285.4200134
3630	285.5400085
3631	285.5400085
3632	285.5400085
3633	285.5400085
3634	285.5400085
3635	285.5599976
3636	285.6000061
3637	285.9400024
3638	286.0599976
3639	286.1900024
3640	286.1900024
3641	286.1700134
3642	286.1700134
3643	286.1900024
3644	286.25
3645	286.269989
3646	286.3599854
3647	286.3599854
3648	286.5400085
3649	286.6099854
3650	286.6900024
3651	286.6099854
3652	286.6300049
3653	286.730011
3654	286.730011
3655	286.980011
3656	287.1099854
3657	287.1499939
3658	287.2399902
3659	287.1900024
3660	287.1700134
3661	287.1700134
3662	287.0899963
3663	287.0899963
3664	287.0700073
3665	287.1099854
3666	287.0499878
3667	286.980011
3668	286.980011
3669	287.0100098
3670	287.1300049
3671	287.2600098
3672	287.3399963
3673	287.2999878
3674	287.4400024
3675	287.4700012
3676	287.5499878
3677	287.4899902
3678	287.4400024
3679	287.3999939
3680	287.3599854
3681	287.2799988
3682	287.2399902
3683	287.2600098
3684	287.2799988
3685	287.2999878
3686	287.2999878
3687	287.4400024
3688	287.3999939
3689	287.4700012
3690	287.3999939
3691	287.4200134
3692	287.3399963
3693	287.3399963
3694	287.3200073
3695	287.3200073
3696	287.3200073
3697	287.3999939
3698	287.5100098
3699	287.5899963
3700	287.6099854
3701	287.7799988
3702	287.7799988
3703	287.7799988
3704	287.7799988
3705	287.7600098
3706	287.6700134
3707	287.7000122
3708	287.8599854
3709	287.8599854
3710	287.8800049
3711	287.9299927
3712	287.8999939
3713	287.8399963
3714	287.8200073
3715	287.7799988
3716	287.7600098
3717	287.7200012
3718	287.7399902
3719	287.7399902
3720	287.7999878
3721	287.8399963
3722	287.8999939
3723	287.9500122
3724	287.9500122
3725	287.9500122
3726	287.9299927
3727	287.9500122
3728	287.9500122
3729	287.9299927
3730	287.9700012
3731	287.9500122
3732	287.9500122
3733	287.9299927
3734	287.8999939
3735	287.9299927
3736	287.8800049
3737	287.9500122
3738	287.9500122
3739	287.9500122
3740	288.0499878
3741	288.0499878
3742	288.0700073
3743	288.0700073
3744	288.0299988
3745	288.0100098
3746	288.0299988
3747	287.9500122
3748	287.9500122
3749	287.8999939
3750	287.8800049
3751	287.9299927
3752	288.0299988
3753	288.0899963
3754	288.1600037
3755	288.2399902
3756	288.2200012
3757	288.2200012
3758	288.1600037
3759	288.1099854
3760	288.1099854
3761	288.1099854
3762	288.0899963
3763	288.0499878
3764	288.0499878
3765	288.0299988
3766	288.0700073
3767	288.1099854
3768	288.1099854
3769	288.2200012
3770	288.2399902
3771	288.2399902
3772	288.3599854
3773	288.3399963
3774	288.4700012
3775	288.4700012
3776	288.6199951
3777	288.5899963
3778	288.5299988
3779	288.4500122
3780	288.4500122
3781	288.4299927
3782	288.4700012
3783	288.4299927
3784	288.4899902
3785	288.4700012
3786	288.4100037
3787	288.4299927
3788	288.4100037
3789	288.3900146
3790	288.3399963
3791	288.3200073
3792	288.2399902
3793	288.2399902
3794	288.2200012
3795	288.1799927
3796	288.1799927
3797	288.2000122
3798	288.1600037
3799	288.1799927
3800	288.2000122
3801	288.2000122
3802	288.2600098
3803	288.2600098
3804	288.3200073
3805	288.5499878
3806	288.5499878
3807	288.6199951
3808	288.5899963
3809	288.5700073
3810	288.5299988
3811	288.5700073
3812	288.5100098
3813	288.4700012
3814	288.4700012
3815	288.4299927
3816	288.4299927
3817	288.4500122
3818	288.5100098
3819	288.6600037
3820	288.5700073
3821	288.5899963
3822	288.5700073
3823	288.5700073
3824	288.5899963
3825	288.7200012
3826	288.6600037
3827	288.7200012
3828	288.7200012
3829	288.7000122
3830	288.7200012
3831	288.6799927
3832	288.5700073
3833	288.5299988
3834	288.4899902
3835	288.4899902
3836	288.5499878
3837	288.5499878
3838	288.5299988
3839	288.5299988
3840	288.4899902
3841	288.4299927
3842	288.4299927
3843	288.4299927
3844	288.4899902
3845	288.5100098
3846	288.4299927
3847	288.3399963
3848	288.3200073
3849	288.3900146
3850	288.3399963
3851	288.4100037
3852	288.5100098
3853	288.5700073
3854	288.6199951
3855	288.5899963
3856	288.4700012
3857	288.3900146
3858	288.3399963
3859	288.2799988
3860	288.2600098
3861	288.2999878
3862	288.3200073
3863	288.4500122
3864	288.5100098
3865	288.5100098
3866	288.5700073
3867	288.5700073
3868	288.7399902
3869	288.7600098
3870	288.7200012
3871	288.7399902
3872	288.7000122
3873	288.7399902
3874	288.7399902
3875	288.7200012
3876	288.9500122
3877	288.9899902
3878	289.1400146
3879	289.1799927
3880	289.1400146
3881	289.1199951
3882	289.1799927
3883	289.1400146
3884	289.0799866
3885	289.1799927
3886	289.1400146
3887	289.2399902
3888	289.3500061
3889	289.5599976
3890	289.6600037
3891	289.8099976
3892	289.8099976
3893	289.9700012
3894	289.9299927
3895	290.0400085
3896	290.1400146
3897	290.2000122
3898	290.3299866
3899	290.3299866
3900	290.5400085
3901	290.5400085
3902	290.5599976
3903	290.6000061
3904	290.730011
3905	290.6600037
3906	290.6600037
3907	290.75
3908	290.6600037
3909	290.6199951
3910	290.6900024
3911	290.730011
3912	290.6600037
3913	290.6600037
3914	290.8099976
3915	290.8299866
3916	290.8900146
3917	290.9400024
3918	290.9200134
3919	290.8900146
3920	290.9200134
3921	290.9200134
3922	290.9400024
3923	290.9400024
3924	291.0400085
3925	291.0400085
3926	291.019989
3927	291.0599976
3928	291.019989
3929	290.980011
3930	291
3931	291.1000061
3932	291.0599976
3933	291.0400085
3934	291.0799866
3935	290.980011
3936	291.0599976
3937	291.0799866
3938	291.0799866
3939	291.1199951
3940	291.1199951
3941	291.1199951
3942	291.1900024
3943	291.1499939
3944	291.1700134
3945	291.1700134
3946	291.1499939
3947	291.2099915
3948	291.1499939
3949	291.1199951
3950	291.2099915
3951	291.1499939
3952	291.1199951
3953	291.269989
3954	291.25
3955	291.2099915
3956	291.1499939
3957	291.2099915
3958	291.1900024
3959	291.1900024
3960	291.0799866
3961	291.1199951
3962	291.1000061
3963	291.1199951
3964	291.1700134
3965	291.1900024
3966	291.1199951
3967	291.1700134
3968	291.1900024
3969	291.269989
3970	291.269989
3971	291.1900024
3972	291.269989
3973	291.2099915
3974	291.269989
3975	291.1900024
3976	291.1700134
3977	291.1700134
3978	291.1000061
3979	291.230011
3980	291.25
3981	291.2900085
3982	291.3099976
3983	291.230011
3984	291.230011
3985	291.1900024
3986	291.1499939
3987	291.230011
3988	291.1900024
3989	291.1700134
3990	291.1900024
3991	291.25
3992	291.25
3993	291.2900085
3994	291.25
3995	291.25
3996	291.269989
3997	291.2900085
3998	291.230011
3999	291.2099915
4000	291.1000061
4001	291.230011
4002	291.25
4003	291.25
4004	291.1900024
4005	291.1900024
4006	291.2099915
4007	291.1900024
4008	291.25
4009	291.25
4010	291.1900024
4011	291.25
4012	291.2099915
4013	291.1499939
4014	291.1199951
4015	291.1700134
4016	291.1700134
4017	291.1900024
4018	291.2099915
4019	291.269989
4020	291.230011
4021	291.269989
4022	291.25
4023	291.269989
4024	291.269989
4025	291.230011
4026	291.269989
4027	291.1700134
4028	291.1900024
4029	291.230011
4030	291.1900024
4031	291.230011
4032	291.3099976
4033	291.269989
4034	291.269989
4035	291.2900085
4036	291.230011
4037	291.3500061
4038	291.269989
4039	291.3099976
4040	291.269989
4041	291.3299866
4042	291.3800049
4043	291.3299866
4044	291.4200134
4045	291.3500061
4046	291.3500061
4047	291.3500061
4048	291.3500061
4049	291.3299866
4050	291.3099976
4051	291.3999939
4052	291.269989
4053	291.1000061
4054	290.9400024
4055	290.9400024
4056	290.8299866
4057	290.6600037
4058	290.730011
4059	290.7099915
4060	290.6600037
4061	290.6199951
4062	290.6199951
4063	290.6000061
4064	290.5599976
4065	290.5599976
4066	290.4599915
4067	290.019989
4068	289.6799927
4069	289.2600098
4070	288.2000122
4071	287.7600098
4072	286.8200073
4073	285.7900085
4074	285.4200134
4075	285
4076	284.8500061
4077	284.4500122
4078	284.2000122
4079	283.9899902
4080	283.9899902
4081	283.8099976
4082	283.7799988
4083	283.8099976
4084	283.7799988
4085	283.9100037
4086	283.9500122
4087	283.9500122
4088	284.269989
4089	284.4700012
4090	284.6000061
4091	284.9299927
4092	285.1400146
4093	285.230011
4094	285.230011
4095	285.2900085
4096	285.4400024
4097	285.6199951
4098	285.6900024
4099	285.7099915
4100	285.6499939
4101	285.6499939
4102	285.8500061
4103	285.8800049
4104	286.019989
4105	286.2099915
4106	286.3399963
4107	286.4400024
4108	286.5400085
4109	286.7099915
4110	286.8599854
4111	286.9599915
4112	287.0499878
4113	287.1099854
4114	287.1900024
4115	287.1700134
4116	287.2099915
4117	287.2600098
4118	287.2399902
4119	287.2399902
4120	287.1900024
4121	287.2999878
4122	287.2999878
4123	287.3800049
4124	287.3800049
4125	287.4400024
4126	287.4400024
4127	287.6099854
4128	287.7600098
4129	287.7999878
4130	287.8800049
4131	287.8399963
4132	287.8800049
4133	287.8599854
4134	287.8200073
4135	287.8200073
4136	287.7000122
4137	287.7000122
4138	287.7200012
4139	287.6700134
4140	287.7000122
4141	287.5700073
4142	287.6099854
4143	287.5299988
4144	287.6700134
4145	287.6300049
4146	287.5899963
4147	287.5499878
4148	287.6499939
4149	287.7200012
4150	287.7999878
4151	287.7999878
4152	287.9299927
4153	288.0100098
4154	287.9899902
4155	287.9700012
4156	287.9899902
4157	287.9899902
4158	287.9899902
4159	288.0100098
4160	288.0299988
4161	288.0700073
4162	288.1799927
4163	288.2399902
4164	288.3399963
4165	288.3399963
4166	288.3399963
4167	288.3200073
4168	288.3200073
4169	288.3399963
4170	288.3599854
4171	288.4100037
4172	288.3900146
4173	288.5299988
4174	288.5700073
4175	288.4700012
4176	288.5700073
4177	288.5700073
4178	288.6199951
4179	288.5299988
4180	288.4500122
4181	288.4299927
4182	288.3399963
4183	288.3399963
4184	288.2200012
4185	288.2600098
4186	288.3200073
4187	288.2399902
4188	288.2999878
4189	288.3599854
4190	288.3599854
4191	288.4700012
4192	288.4500122
4193	288.3599854
4194	288.3399963
4195	288.3900146
4196	288.4700012
4197	288.4700012
4198	288.3900146
4199	288.2999878
4200	288.2999878
4201	288.2999878
4202	288.4100037
4203	288.3900146
4204	288.4299927
4205	288.3900146
4206	288.4299927
4207	288.4100037
4208	288.4100037
4209	288.4700012
4210	288.4500122
4211	288.4899902
4212	288.4299927
4213	288.4100037
4214	288.4500122
4215	288.4100037
4216	288.3399963
4217	288.4899902
4218	288.4500122
4219	288.5100098
4220	288.5499878
4221	288.5700073
4222	288.5700073
4223	288.5299988
4224	288.5700073
4225	288.5899963
4226	288.5299988
4227	288.5100098
4228	288.5299988
4229	288.5299988
4230	288.4700012
4231	288.4899902
4232	288.4299927
4233	288.4100037
4234	288.3599854
4235	288.4100037
4236	288.4100037
4237	288.4899902
4238	288.5299988
4239	288.5100098
4240	288.5100098
4241	288.4899902
4242	288.4500122
4243	288.4500122
4244	288.3900146
4245	288.4299927
4246	288.4700012
4247	288.4899902
4248	288.4899902
4249	288.5299988
4250	288.5299988
4251	288.6600037
4252	288.6799927
4253	288.7200012
4254	288.6600037
4255	288.6400146
4256	288.6400146
4257	288.6799927
4258	288.7200012
4259	288.6600037
4260	288.7200012
4261	288.7200012
4262	288.7000122
4263	288.7000122
4264	288.6600037
4265	288.6400146
4266	288.6199951
4267	288.6600037
4268	288.6600037
4269	288.4899902
4270	288.5700073
4271	288.5499878
4272	288.5499878
4273	288.6400146
4274	288.6199951
4275	288.6199951
4276	288.4899902
4277	288.5100098
4278	288.4899902
4279	288.5899963
4280	288.5700073
4281	288.5499878
4282	288.4899902
4283	288.4100037
4284	288.3900146
4285	288.3399963
4286	288.3399963
4287	288.3200073
4288	288.4100037
4289	288.4500122
4290	288.5499878
4291	288.6600037
4292	288.6600037
4293	288.7999878
4294	288.7999878
4295	288.7799988
4296	288.7200012
4297	288.7600098
4298	288.7600098
4299	288.7399902
4300	288.7399902
4301	288.6799927
4302	288.6600037
4303	288.5899963
4304	288.5899963
4305	288.6199951
4306	288.6400146
4307	288.6400146
4308	288.6600037
4309	288.5700073
4310	288.6400146
4311	288.7399902
4312	288.7600098
4313	288.7999878
4314	288.7799988
4315	288.9299927
4316	288.9100037
4317	288.9899902
4318	288.9700012
4319	288.9899902
4320	288.9700012
4321	289.0100098
4322	288.9500122
4323	288.8699951
4324	288.8500061
4325	288.7000122
4326	288.7200012
4327	288.7200012
4328	288.7000122
4329	288.7200012
4330	288.7000122
4331	288.8200073
4332	288.8200073
4333	288.8699951
4334	288.7999878
4335	288.7799988
4336	288.8699951
4337	288.8200073
4338	288.9100037
4339	288.9100037
4340	288.9700012
4341	288.9100037
4342	288.9299927
4343	288.9899902
4344	288.9500122
4345	289.0299988
4346	289.0299988
4347	288.9700012
4348	288.8900146
4349	288.9299927
4350	289.1199951
4351	289.1199951
4352	289.1199951
4353	289.1600037
4354	289.2399902
4355	289.2600098
4356	289.2600098
4357	289.3099976
4358	289.3500061
4359	289.4899902
4360	289.5799866
4361	289.769989
4362	289.9500122
4363	290
4364	290.1799927
4365	290.1600037
4366	290.3099976
4367	290.4100037
4368	290.5
4369	290.5400085
4370	290.6600037
4371	290.6600037
4372	290.7099915
4373	290.7099915
4374	290.7099915
4375	290.7099915
4376	290.769989
4377	290.8500061
4378	290.8500061
4379	290.8900146
4380	290.8900146
4381	290.9400024
4382	290.980011
4383	290.980011
4384	291.019989
4385	291.0799866
4386	291.0799866
4387	291.1000061
4388	291.0799866
4389	291.1000061
4390	291.0599976
4391	291.1199951
4392	291.1499939
4393	291.0400085
4394	290.980011
4395	290.9599915
4396	291.019989
4397	291.019989
4398	291.0400085
4399	291.0599976
4400	291.0400085
4401	291.019989
4402	291.019989
4403	291.019989
4404	291.1000061
4405	291.0799866
4406	291.1199951
4407	291.1199951
4408	291.1499939
4409	291.1000061
4410	291.1000061
4411	291.1499939
4412	291.1199951
4413	291.2099915
4414	291.1900024
4415	291.1700134
4416	291.25
4417	291.25
4418	291.25
4419	291.2900085
4420	291.230011
4421	291.3099976
4422	291.269989
4423	291.269989
4424	291.269989
4425	291.2900085
4426	291.269989
4427	291.269989
4428	291.2900085
4429	291.2900085
4430	291.2099915
4431	291.1900024
4432	291.2099915
4433	291.2099915
4434	291.1900024
4435	291.2099915
4436	291.25
4437	291.269989
4438	291.2900085
4439	291.25
4440	291.269989
4441	291.2900085
4442	291.2900085
4443	291.269989
4444	291.230011
4445	291.269989
4446	291.25
4447	291.269989
4448	291.269989
4449	291.269989
4450	291.25
4451	291.230011
4452	291.230011
4453	291.1700134
4454	291.2099915
4455	291.1700134
4456	291.1900024
4457	291.2099915
4458	291.1700134
4459	291.2099915
4460	291.1000061
4461	291.1499939
4462	291.1900024
4463	291.230011
4464	291.25
4465	291.230011
4466	291.3299866
4467	291.230011
4468	291.25
4469	291.269989
4470	291.269989
4471	291.3099976
4472	291.2099915
4473	291.25
4474	291.25
4475	291.230011
4476	291.269989
4477	291.25
4478	291.2900085
4479	291.3099976
4480	291.25
4481	291.25
4482	291.1700134
4483	291.3099976
4484	291.269989
4485	291.230011
4486	291.25
4487	291.269989
4488	291.269989
4489	291.3099976
4490	291.2900085
4491	291.2900085
4492	291.3299866
4493	291.3500061
4494	291.3299866
4495	291.3299866
4496	291.3099976
4497	291.2900085
4498	291.230011
4499	291.3500061
4500	291.2900085
4501	291.269989
4502	291.3099976
4503	291.269989
4504	291.3099976
4505	291.2900085
4506	291.25
4507	291.269989
4508	291.3299866
4509	291.3800049
4510	291.2900085
4511	291.3800049
4512	291.3099976
4513	291.3099976
4514	291.3999939
4515	291.3500061
4516	291.3299866
4517	291.3500061
4518	291.2900085
4519	291.230011
4520	291.230011
4521	291.269989
4522	291.269989
4523	291.25
4524	291.3099976
4525	291.2900085
4526	291.2099915
4527	291.1000061
4528	290.8299866
4529	290.8099976
4530	290.7900085
4531	290.7099915
4532	290.75
4533	290.730011
4534	290.8299866
4535	290.75
4536	290.730011
4537	290.75
4538	290.8099976
4539	290.6400146
4540	290.5599976
4541	290.4299927
4542	290.1000061
4543	289.8099976
4544	288.9700012
4545	288.9700012
4546	287.1499939
4547	286.3599854
4548	285.9400024
4549	285.25
4550	284.769989
4551	284.4500122
4552	284.4500122
4553	284.1600037
4554	284.0100098
4555	284.0799866
4556	284.2900085
4557	284.5400085
4558	284.75
4559	284.75
4560	285
4561	285.019989
4562	285.1000061
4563	285.3099976
4564	285.5400085
4565	285.6900024
4566	285.7900085
4567	286.0599976
4568	286.1300049
4569	286.1700134
4570	286.2099915
4571	286.3800049
4572	286.3800049
4573	286.3599854
4574	286.480011
4575	286.5
4576	286.480011
4577	286.4200134
4578	286.4400024
4579	286.4400024
4580	286.5700073
4581	286.5400085
4582	286.6499939
4583	286.730011
4584	286.730011
4585	286.730011
4586	286.7999878
4587	286.9400024
4588	287.0899963
4589	287.2099915
4590	287.3399963
4591	287.3399963
4592	287.2999878
4593	287.3800049
4594	287.3999939
4595	287.3599854
4596	287.3200073
4597	287.3999939
4598	287.3999939
4599	287.5100098
4600	287.5899963
4601	287.5700073
4602	287.6099854
4603	287.7200012
4604	287.7399902
4605	287.8200073
4606	287.8800049
4607	287.8599854
4608	287.8399963
4609	287.8200073
4610	287.8599854
4611	287.8200073
4612	287.8399963
4613	287.9299927
4614	287.8999939
4615	287.9500122
4616	287.9899902
4617	287.9500122
4618	287.9700012
4619	287.9299927
4620	287.9299927
4621	288.0100098
4622	288.0899963
4623	288.0899963
4624	288.0700073
4625	287.9899902
4626	288.0700073
4627	287.9500122
4628	288.0499878
4629	288.0499878
4630	288.0499878
4631	288.0299988
4632	288.0499878
4633	288.0100098
4634	287.9899902
4635	287.9700012
4636	288.0899963
4637	288.0499878
4638	288.0700073
4639	288.1600037
4640	288.3900146
4641	288.5100098
4642	288.5100098
4643	288.5299988
4644	288.5899963
4645	288.5499878
4646	288.5499878
4647	288.5700073
4648	288.4899902
4649	288.4700012
4650	288.4100037
4651	288.4700012
4652	288.4299927
4653	288.4899902
4654	288.4899902
4655	288.4899902
4656	288.5700073
4657	288.5700073
4658	288.6199951
4659	288.6400146
4660	288.6600037
4661	288.6199951
4662	288.6199951
4663	288.5899963
4664	288.5899963
4665	288.5700073
4666	288.7000122
4667	288.6400146
4668	288.6600037
4669	288.6600037
4670	288.7000122
4671	288.7399902
4672	288.7000122
4673	288.7799988
4674	288.6600037
4675	288.6799927
4676	288.7200012
4677	288.7399902
4678	288.7799988
4679	288.7399902
4680	288.7799988
4681	288.7600098
4682	288.7600098
4683	288.7600098
4684	288.6799927
4685	288.7600098
4686	288.7399902
4687	288.7399902
4688	288.7200012
4689	288.7000122
4690	288.7200012
4691	288.8200073
4692	288.8900146
4693	288.9299927
4694	288.9299927
4695	288.9299927
4696	288.8900146
4697	288.8500061
4698	288.9100037
4699	288.9500122
4700	288.8900146
4701	288.8900146
4702	288.7200012
4703	288.6799927
4704	288.6600037
4705	288.7999878
4706	288.7999878
4707	288.8500061
4708	288.8699951
4709	288.8900146
4710	288.8200073
4711	288.8500061
4712	288.9100037
4713	288.8900146
4714	288.8900146
4715	288.8900146
4716	288.8699951
4717	288.7600098
4718	288.8500061
4719	288.8699951
4720	288.8699951
4721	288.8500061
4722	288.8200073
4723	288.8500061
4724	288.8900146
4725	288.7999878
4726	288.7999878
4727	288.8500061
4728	288.8200073
4729	288.8500061
4730	288.7600098
4731	288.8200073
4732	288.7999878
4733	288.7999878
4734	288.7200012
4735	288.7000122
4736	288.7600098
4737	288.6400146
4738	288.7399902
4739	288.7399902
4740	288.7399902
4741	288.8500061
4742	288.9100037
4743	288.9100037
4744	288.8500061
4745	288.8699951
4746	288.8500061
4747	288.7999878
4748	288.6400146
4749	288.6600037
4750	288.7000122
4751	288.7600098
4752	288.7600098
4753	288.7200012
4754	288.7200012
4755	288.7399902
4756	288.7799988
4757	288.7799988
4758	288.7799988
4759	288.7600098
4760	288.7999878
4761	288.8500061
4762	288.7799988
4763	288.9100037
4764	288.8699951
4765	288.8699951
4766	288.9100037
4767	288.8500061
4768	288.7999878
4769	288.7999878
4770	288.7799988
4771	288.7999878
4772	288.7999878
4773	288.7399902
4774	288.8699951
4775	288.7999878
4776	288.8500061
4777	288.7399902
4778	288.7000122
4779	288.7000122
4780	288.5700073
4781	288.6600037
4782	288.6600037
4783	288.7799988
4784	288.7399902
4785	288.8200073
4786	288.7799988
4787	288.7399902
4788	288.7000122
4789	288.6600037
4790	288.6400146
4791	288.6400146
4792	288.6400146
4793	288.6799927
4794	288.6600037
4795	288.7000122
4796	288.7399902
4797	288.7200012
4798	288.6799927
4799	288.6400146
4800	288.5499878
4801	288.4700012
4802	288.4899902
4803	288.4899902
4804	288.4899902
4805	288.6199951
4806	288.7000122
4807	288.6799927
4808	288.6799927
4809	288.7000122
4810	288.7600098
4811	288.7600098
4812	288.6799927
4813	288.6799927
4814	288.6600037
4815	288.7200012
4816	288.8200073
4817	288.7399902
4818	288.7999878
4819	288.8900146
4820	288.8699951
4821	288.7999878
4822	288.7600098
4823	288.9100037
4824	288.8699951
4825	288.8900146
4826	288.8699951
4827	288.8699951
4828	288.8699951
4829	288.8900146
4830	288.9700012
4831	289.0299988
4832	289.0799866
4833	289.2000122
4834	289.3099976
4835	289.4299927
4836	289.4299927
4837	289.6799927
4838	289.769989
4839	289.8099976
4840	289.9700012
4841	289.9700012
4842	290.1000061
4843	290.1000061
4844	290.269989
4845	290.25
4846	290.3099976
4847	290.3699951
4848	290.4599915
4849	290.5
4850	290.5
4851	290.6400146
4852	290.6400146
4853	290.7099915
4854	290.7099915
4855	290.6900024
4856	290.6400146
4857	290.6400146
4858	290.7099915
4859	290.75
4860	290.75
4861	290.8099976
4862	290.8900146
4863	290.8900146
4864	290.8299866
4865	290.8699951
4866	290.8699951
4867	290.8099976
4868	290.8099976
4869	290.8299866
4870	290.8699951
4871	290.8900146
4872	290.980011
4873	291.0400085
4874	291.0599976
4875	291.0599976
4876	291.0799866
4877	291.0599976
4878	291.1000061
4879	291
4880	291.0400085
4881	291.0799866
4882	291.0799866
4883	291.1199951
4884	291.0599976
4885	291.0799866
4886	291.0400085
4887	291.0599976
4888	291.1199951
4889	291.0400085
4890	291.1000061
4891	291.1000061
4892	291.1900024
4893	291.230011
4894	291.2099915
4895	291.2099915
4896	291.1499939
4897	291.1900024
4898	291.1499939
4899	291.019989
4900	291.0400085
4901	291.0400085
4902	291.1199951
4903	291.0799866
4904	291.0799866
4905	291.0400085
4906	291.0400085
4907	291.0400085
4908	291.1000061
4909	291.0799866
4910	291.1000061
4911	291.1499939
4912	291.2099915
4913	291.1499939
4914	291.1499939
4915	291.1000061
4916	291.1000061
4917	291.1499939
4918	291.1900024
4919	291.1900024
4920	291.1900024
4921	291.1900024
4922	291.1700134
4923	291.1700134
4924	291.2099915
4925	291.1700134
4926	291.2099915
4927	291.2099915
4928	291.1900024
4929	291.1900024
4930	291.1000061
4931	291.25
4932	291.1900024
4933	291.25
4934	291.1199951
4935	291.1199951
4936	291.1000061
4937	291.1199951
4938	291.1499939
4939	291.1000061
4940	291.1499939
4941	291.0599976
4942	291.1000061
4943	291.2099915
4944	291.2099915
4945	291.25
4946	291.25
4947	291.269989
4948	291.3099976
4949	291.25
4950	291.3099976
4951	291.2900085
4952	291.269989
4953	291.269989
4954	291.25
4955	291.1900024
4956	291.1900024
4957	291.1499939
4958	291.2099915
4959	291.1700134
4960	291.1700134
4961	291.25
4962	291.2099915
4963	291.1700134
4964	291.230011
4965	291.269989
4966	291.230011
4967	291.269989
4968	291.1900024
4969	291.230011
4970	291.2099915
4971	291.1000061
4972	291.1199951
4973	291.0799866
4974	291.1000061
4975	291.2099915
4976	291.1900024
4977	291.1199951
4978	291.1199951
4979	291.1499939
4980	291.1900024
4981	291.1700134
4982	291.25
4983	291.230011
4984	291.269989
4985	291.269989
4986	291.2900085
4987	291.2900085
4988	291.2900085
4989	291.3099976
4990	291.230011
4991	291.230011
4992	291.230011
4993	291.2099915
4994	291.2900085
4995	291.3299866
4996	291.230011
4997	291.2900085
4998	291.25
4999	291.2099915
5000	290.9599915
5001	290.9400024
5002	290.8099976
5003	290.769989
5004	290.75
5005	290.730011
5006	290.6400146
5007	290.6000061
5008	290.5
5009	290.5
5010	290.480011
5011	290.519989
5012	290.480011
5013	290.4299927
5014	290.25
5015	289.8699951
5016	289.0299988
5017	289.0299988
5018	287.7200012
5019	286.9200134
5020	286.5700073
5021	285.8099976
5022	285.3299866
5023	284.8900146
5024	284.8900146
5025	284.269989
5026	284.0799866
5027	283.9500122
5028	283.9100037
5029	283.9700012
5030	284.0799866
5031	284.1000061
5032	284.2399902
5033	284.5599976
5034	284.75
5035	285
5036	285.2099915
5037	285.2900085
5038	285.3099976
5039	285.5400085
5040	285.5799866
5041	285.8299866
5042	285.980011
5043	286.1099854
5044	286.1300049
5045	286.25
5046	286.3800049
5047	286.480011
5048	286.5700073
5049	286.7099915
5050	286.7099915
5051	286.730011
5052	286.7999878
5053	286.8599854
5054	286.8200073
5055	286.8200073
5056	286.8200073
5057	286.8599854
5058	286.9599915
5059	286.8999939
5060	286.9200134
5061	286.8800049
5062	287.0499878
5063	287.0499878
5064	287.4400024
5065	287.5899963
5066	287.6499939
5067	287.6700134
5068	287.6300049
5069	287.7200012
5070	287.6300049
5071	287.7000122
5072	287.7399902
5073	287.6700134
5074	287.7000122
5075	287.6700134
5076	287.6499939
5077	287.7200012
5078	287.7399902
5079	287.7000122
5080	287.7000122
5081	287.7000122
5082	287.7799988
5083	287.7399902
5084	287.7600098
5085	287.7999878
5086	287.7600098
5087	287.7999878
5088	287.7999878
5089	287.8200073
5090	287.9700012
5091	287.9500122
5092	287.9899902
5093	287.9899902
5094	287.9899902
5095	287.9899902
5096	288.1099854
5097	288.2200012
5098	288.2200012
5099	288.2600098
5100	288.2600098
5101	288.2000122
5102	288.2000122
5103	288.1600037
5104	288.1600037
5105	288.1099854
5106	288.1600037
5107	288.1099854
5108	288.1799927
5109	288.2000122
5110	288.1300049
5111	288.1099854
5112	288.0100098
5113	288.1300049
5114	288.2000122
5115	288.1600037
5116	288.2999878
5117	288.3399963
5118	288.3599854
5119	288.2600098
5120	288.2799988
5121	288.2600098
5122	288.2200012
5123	288.1799927
5124	288.1300049
5125	288.1099854
5126	288.0700073
5127	288.0700073
5128	288.0499878
5129	288.1600037
5130	288.0899963
5131	288.1799927
5132	288.1099854
5133	288.1600037
5134	288.1600037
5135	288.2200012
5136	288.2999878
5137	288.3200073
5138	288.2600098
5139	288.2200012
5140	288.2799988
5141	288.2200012
5142	288.2799988
5143	288.3200073
5144	288.2999878
5145	288.3900146
5146	288.4700012
5147	288.4500122
5148	288.4700012
5149	288.4899902
5150	288.4299927
5151	288.3399963
5152	288.3200073
5153	288.2799988
5154	288.2799988
5155	288.2600098
5156	288.1799927
5157	288.1600037
5158	288.3200073
5159	288.3200073
5160	288.3900146
5161	288.3399963
5162	288.2600098
5163	288.3200073
5164	288.3200073
5165	288.3200073
5166	288.3200073
5167	288.2999878
5168	288.2799988
5169	288.2799988
5170	288.2999878
5171	288.2799988
5172	288.2999878
5173	288.2999878
5174	288.3900146
5175	288.2799988
5176	288.1799927
5177	288.1300049
5178	288.2799988
5179	288.2799988
5180	288.3200073
5181	288.3900146
5182	288.4100037
5183	288.3900146
5184	288.4299927
5185	288.4299927
5186	288.4299927
5187	288.4100037
5188	288.3599854
5189	288.3599854
5190	288.2999878
5191	288.2200012
5192	288.1600037
5193	288.2200012
5194	288.1799927
5195	288.2000122
5196	288.2399902
5197	288.2399902
5198	288.2399902
5199	288.3599854
5200	288.3900146
5201	288.3599854
5202	288.4299927
5203	288.4100037
5204	288.3900146
5205	288.3900146
5206	288.3599854
5207	288.3399963
5208	288.3200073
5209	288.2799988
5210	288.2799988
5211	288.2999878
5212	288.2799988
5213	288.3200073
5214	288.3399963
5215	288.3200073
5216	288.2600098
5217	288.2799988
5218	288.2600098
5219	288.2399902
5220	288.2799988
5221	288.2799988
5222	288.2200012
5223	288.2200012
5224	288.0700073
5225	288.1099854
5226	288.0499878
5227	288.0100098
5228	287.9700012
5229	288.0100098
5230	288.0100098
5231	287.9500122
5232	287.9899902
5233	288.0499878
5234	288.0899963
5235	288.1099854
5236	288.0700073
5237	288.0700073
5238	288.1300049
5239	288.1799927
5240	288.1300049
5241	288.0299988
5242	288.0100098
5243	287.8999939
5244	287.8999939
5245	288.0299988
5246	288.1799927
5247	288.2600098
5248	288.3599854
5249	288.2600098
5250	288.3200073
5251	288.2999878
5252	288.4100037
5253	288.4100037
5254	288.2999878
5255	288.2799988
5256	288.2999878
5257	288.4100037
5258	288.4299927
5259	288.4100037
5260	288.3900146
5261	288.4299927
5262	288.4100037
5263	288.4899902
5264	288.4100037
5265	288.4500122
5266	288.4100037
5267	288.4700012
5268	288.4700012
5269	288.4700012
5270	288.2999878
5271	288.1799927
5272	288.1799927
5273	288.2000122
5274	288.2200012
5275	288.1799927
5276	288.1799927
5277	288.1799927
5278	288.1099854
5279	288.1799927
5280	288.1600037
5281	288.1099854
5282	288.2000122
5283	288.2200012
5284	288.2399902
5285	288.2399902
5286	288.2399902
5287	288.3200073
5288	288.3599854
5289	288.4299927
5290	288.4700012
5291	288.4700012
5292	288.4500122
5293	288.4700012
5294	288.3399963
5295	288.3200073
5296	288.3200073
5297	288.3900146
5298	288.4299927
5299	288.3900146
5300	288.4899902
5301	288.5899963
5302	288.6199951
5303	288.7000122
5304	288.7399902
5305	288.7600098
5306	288.9100037
5307	289.0299988
5308	289.0299988
5309	289.2600098
5310	289.3900146
5311	289.4500122
5312	289.6199951
5313	289.7900085
5314	289.9299927
5315	289.9299927
5316	290.1000061
5317	290.1400146
5318	290.2000122
5319	290.1600037
5320	290.2900085
5321	290.3699951
5322	290.3900146
5323	290.4299927
5324	290.5
5325	290.6199951
5326	290.6900024
5327	290.769989
5328	290.730011
5329	290.7900085
5330	290.8299866
5331	290.8299866
5332	290.8299866
5333	290.8500061
5334	290.8299866
5335	290.769989
5336	290.7099915
5337	290.7099915
5338	290.769989
5339	290.8299866
5340	290.8299866
5341	290.8299866
5342	290.7900085
5343	290.8900146
5344	290.8500061
5345	290.8900146
5346	290.8699951
5347	290.8699951
5348	290.9400024
5349	290.9400024
5350	290.980011
5351	291
5352	291
5353	291
5354	291
5355	290.980011
5356	290.980011
5357	290.980011
5358	290.9200134
5359	291.0599976
5360	291.0400085
5361	291
5362	291
5363	291
5364	291.0400085
5365	290.9599915
5366	290.9599915
5367	290.980011
5368	290.980011
5369	290.980011
5370	290.980011
5371	290.9599915
5372	290.980011
5373	290.980011
5374	290.980011
5375	290.9400024
5376	290.9200134
5377	290.9400024
5378	290.9599915
5379	290.9599915
5380	291.0400085
5381	290.9599915
5382	291
5383	291.0400085
5384	290.980011
5385	290.9599915
5386	290.9599915
5387	290.9400024
5388	291
5389	290.980011
5390	291.0400085
5391	291.019989
5392	291.019989
5393	290.980011
5394	290.9400024
5395	290.8699951
5396	290.9200134
5397	290.9599915
5398	291.019989
5399	290.9599915
5400	290.9200134
5401	290.9200134
5402	290.9400024
5403	290.980011
5404	291.019989
5405	290.9599915
5406	290.9599915
5407	290.8900146
5408	290.9599915
5409	291.0400085
5410	291.019989
5411	291.019989
5412	291
5413	290.980011
5414	291.019989
5415	291.019989
5416	291
5417	291.0799866
5418	291.0799866
5419	291.1000061
5420	291.0400085
5421	291.0799866
5422	291.1000061
5423	291.1000061
5424	291.0799866
5425	291.0799866
5426	291.1900024
5427	291.1900024
5428	291.2099915
5429	291.1499939
5430	291.1000061
5431	291.1000061
5432	291.1499939
5433	291.019989
5434	291.0400085
5435	290.980011
5436	290.9400024
5437	290.8900146
5438	290.9599915
5439	290.980011
5440	290.980011
5441	291.019989
5442	290.980011
5443	290.9400024
5444	290.9200134
5445	291
5446	290.980011
5447	291
5448	291.0400085
5449	291.019989
5450	291.019989
5451	291
5452	291
5453	291.0400085
5454	291.0799866
5455	291.0400085
5456	291.0799866
5457	291.0799866
5458	291.1000061
5459	291.0799866
5460	291.1199951
5461	291.1000061
5462	291.0799866
5463	291.1000061
5464	291.0400085
5465	291.0400085
5466	291.1499939
5467	291.1000061
5468	291.1000061
5469	291.1499939
5470	291.1499939
5471	291.1499939
5472	291.0799866
5473	291.019989
5474	290.8299866
5475	290.730011
5476	290.7099915
5477	290.6600037
5478	290.7099915
5479	290.6900024
5480	290.6000061
5481	290.5400085
5482	290.5400085
5483	290.5799866
5484	290.6000061
5485	290.5400085
5486	290.5
5487	290.3500061
5488	290.0599976
5489	290.0599976
5490	288.9700012
5491	288.1600037
5492	287.7200012
5493	286.6700134
5494	285.6900024
5495	285.0400085
5496	285.0400085
5497	284.1600037
5498	283.8500061
5499	283.7399902
5500	283.5799866
5501	283.4700012
5502	283.4700012
5503	283.4700012
5504	283.6400146
5505	283.7799988
5506	284.0100098
5507	284.2200012
5508	284.6000061
5509	284.6799927
5510	284.8299866
5511	285.1400146
5512	285.2099915
5513	285.3699951
5514	285.5
5515	285.5
5516	285.5400085
5517	285.5799866
5518	285.730011
5519	285.980011
5520	286.1700134
5521	286.1700134
5522	286.3999939
5523	286.3599854
5524	286.3599854
5525	286.3399963
5526	286.3399963
5527	286.3999939
5528	286.3999939
5529	286.3800049
5530	286.3800049
5531	286.4200134
5532	286.4200134
5533	286.4599915
5534	286.4200134
5535	286.3999939
5536	286.3999939
5537	286.3999939
5538	286.4400024
5539	286.4400024
5540	286.480011
5541	286.5400085
5542	286.5700073
5543	286.5899963
5544	286.5700073
5545	286.5700073
5546	286.5899963
5547	286.6300049
5548	286.769989
5549	286.769989
5550	286.7999878
5551	286.8599854
5552	286.9599915
5553	287.0100098
5554	287.0100098
5555	287.0100098
5556	286.9599915
5557	287.0499878
5558	286.9400024
5559	286.9200134
5560	286.9200134
5561	287.0299988
5562	287.1300049
5563	287.2099915
5564	287.2600098
5565	287.2399902
5566	287.1700134
5567	287.1700134
5568	287.2799988
5569	287.3599854
5570	287.3800049
5571	287.3800049
5572	287.2600098
5573	287.3399963
5574	287.2999878
5575	287.3399963
5576	287.3200073
5577	287.2799988
5578	287.3999939
5579	287.5899963
5580	287.5100098
5581	287.5899963
5582	287.6499939
5583	287.6099854
5584	287.7200012
5585	287.7200012
5586	287.6499939
5587	287.7200012
5588	287.7000122
5589	287.6300049
5590	287.5899963
5591	287.7399902
5592	287.7399902
5593	287.6099854
5594	287.5299988
5595	287.5499878
5596	287.5299988
5597	287.5700073
5598	287.5700073
5599	287.5700073
5600	287.5299988
5601	287.5299988
5602	287.4899902
5603	287.5899963
5604	287.7600098
5605	287.8800049
5606	287.8800049
5607	287.8999939
5608	287.8599854
5609	287.8399963
5610	287.7999878
5611	287.8800049
5612	287.8200073
5613	287.8399963
5614	287.7799988
5615	287.7999878
5616	287.8200073
5617	287.7600098
5618	287.7200012
5619	287.7000122
5620	287.7799988
5621	287.8200073
5622	287.7600098
5623	287.8599854
5624	287.8200073
5625	287.8599854
5626	287.8800049
5627	287.8599854
5628	287.8200073
5629	287.8599854
5630	287.8999939
5631	287.8999939
5632	287.8999939
5633	287.8999939
5634	287.8599854
5635	287.9299927
5636	288.0100098
5637	288.0100098
5638	288.0100098
5639	288.2600098
5640	288.2600098
5641	288.2600098
5642	288.1300049
5643	288.1300049
5644	288.1099854
5645	288.0899963
5646	288.0899963
5647	288.1300049
5648	288.1300049
5649	288.1600037
5650	288.1799927
5651	288.1799927
5652	288.1099854
5653	288.0700073
5654	288.0899963
5655	288.1099854
5656	287.9700012
5657	288.0499878
5658	287.9700012
5659	287.9500122
5660	287.8800049
5661	287.8599854
5662	287.7999878
5663	287.7999878
5664	287.8200073
5665	287.7999878
5666	287.8200073
5667	287.8800049
5668	287.9700012
5669	288.0499878
5670	288.0499878
5671	288.1300049
5672	288.0299988
5673	287.9899902
5674	287.9899902
5675	287.8999939
5676	287.8599854
5677	287.8599854
5678	287.7999878
5679	287.8399963
5680	287.8800049
5681	287.9299927
5682	287.9700012
5683	288.0100098
5684	287.9299927
5685	288.0299988
5686	287.9700012
5687	287.9899902
5688	287.9899902
5689	287.9500122
5690	288.0100098
5691	287.9899902
5692	287.9299927
5693	287.8999939
5694	287.8999939
5695	287.9500122
5696	288.0299988
5697	288.0899963
5698	288.1099854
5699	288.0100098
5700	288.0299988
5701	288.0100098
5702	288.0100098
5703	288.0499878
5704	288.0899963
5705	288.0899963
5706	287.9700012
5707	287.9299927
5708	287.8999939
5709	287.8999939
5710	287.7600098
5711	287.7600098
5712	287.7399902
5713	287.8999939
5714	288.0100098
5715	288.0299988
5716	288.0700073
5717	288.1099854
5718	288.0700073
5719	288.1099854
5720	288.0700073
5721	288.0899963
5722	288.0899963
5723	288.0899963
5724	288.0499878
5725	288.0899963
5726	288.0499878
5727	288.0299988
5728	287.9899902
5729	287.9899902
5730	288.0100098
5731	287.8999939
5732	287.8999939
5733	287.8999939
5734	287.8999939
5735	288.0299988
5736	287.9700012
5737	287.9899902
5738	287.8800049
5739	287.8800049
5740	287.8999939
5741	287.8999939
5742	287.9299927
5743	287.8599854
5744	287.9500122
5745	288.0299988
5746	288.1300049
5747	288.2399902
5748	288.2399902
5749	288.2200012
5750	288.1300049
5751	288.1799927
5752	288.2000122
5753	288.2600098
5754	288.2999878
5755	288.2200012
5756	288.1799927
5757	288.1600037
5758	288.0700073
5759	288.0700073
5760	288.0700073
5761	288.0899963
5762	288.0899963
5763	288.1099854
5764	288.1300049
5765	288.1799927
5766	288.2000122
5767	288.2600098
5768	288.2000122
5769	288.1600037
5770	288.2200012
5771	288.2999878
5772	288.3399963
5773	288.3399963
5774	288.3599854
5775	288.4500122
5776	288.4899902
5777	288.5299988
5778	288.6799927
5779	288.7999878
5780	288.7999878
5781	289.0799866
5782	289.0799866
5783	289.1400146
5784	289.2799988
5785	289.4500122
5786	289.4700012
5787	289.6799927
5788	289.8900146
5789	289.9700012
5790	290
5791	290.0799866
5792	290.1799927
5793	290.1799927
5794	290.1600037
5795	290.3900146
5796	290.3500061
5797	290.3900146
5798	290.480011
5799	290.4299927
5800	290.4299927
5801	290.5
5802	290.3699951
5803	290.480011
5804	290.519989
5805	290.5599976
5806	290.5400085
5807	290.6199951
5808	290.6400146
5809	290.6199951
5810	290.6600037
5811	290.6400146
5812	290.6400146
5813	290.6900024
5814	290.6000061
5815	290.6199951
5816	290.6199951
5817	290.6900024
5818	290.8099976
5819	290.8099976
5820	290.7900085
5821	290.8699951
5822	290.8299866
5823	290.8299866
5824	290.8299866
5825	290.8299866
5826	290.8099976
5827	290.8900146
5828	290.9200134
5829	290.8900146
5830	290.8900146
5831	290.9200134
5832	290.8699951
5833	290.8900146
5834	290.8099976
5835	290.8900146
5836	290.8699951
5837	290.9200134
5838	290.9599915
5839	290.8500061
5840	290.9200134
5841	290.9400024
5842	290.9599915
5843	290.9200134
5844	290.9200134
5845	290.9200134
5846	290.8500061
5847	290.9599915
5848	290.8299866
5849	290.8900146
5850	290.9200134
5851	290.9200134
5852	290.9200134
5853	290.8900146
5854	290.8500061
5855	290.9200134
5856	290.9599915
5857	290.980011
5858	290.9200134
5859	290.980011
5860	290.980011
5861	290.980011
5862	290.9400024
5863	291
5864	290.980011
5865	291
5866	291
5867	290.980011
5868	291.0400085
5869	291
5870	291.0400085
5871	291.0599976
5872	291.0400085
5873	291.1199951
5874	291.0400085
5875	291.1000061
5876	291.1900024
5877	291.1499939
5878	291.1700134
5879	291.1499939
5880	291.1199951
5881	291.1199951
5882	291.1499939
5883	291.1499939
5884	291.1199951
5885	291.1000061
5886	291.0400085
5887	291.0400085
5888	291.0599976
5889	291.1499939
5890	291.1499939
5891	291.0799866
5892	291.1700134
5893	291.1700134
5894	291.2099915
5895	291.1900024
5896	291.2099915
5897	291.1700134
5898	291.1900024
5899	291.2099915
5900	291.1499939
5901	291.1499939
5902	291.1499939
5903	291.1499939
5904	291.1700134
5905	291.2099915
5906	291.230011
5907	291.1900024
5908	291.2099915
5909	291.1900024
5910	291.1000061
5911	291.1700134
5912	291.0599976
5913	291.019989
5914	291.0400085
5915	291.0400085
5916	291.1000061
5917	291.1000061
5918	291.1199951
5919	291.1499939
5920	291.1499939
5921	291.1499939
5922	291.1499939
5923	291.1000061
5924	291.0599976
5925	291.1000061
5926	291.0599976
5927	291.1199951
5928	291.0599976
5929	291.0599976
5930	291.1700134
5931	291.2099915
5932	291.1199951
5933	291.1900024
5934	291.1900024
5935	291.1700134
5936	291.1900024
5937	291.1000061
5938	291.0599976
5939	291.1000061
5940	291.1000061
5941	291.1199951
5942	291.1199951
5943	291.1499939
5944	291.1199951
5945	291.1499939
5946	291.019989
5947	290.8099976
5948	290.75
5949	290.6199951
5950	290.6199951
5951	290.6199951
5952	290.7099915
5953	290.75
5954	290.75
5955	290.6900024
5956	290.6600037
5957	290.6199951
5958	290.5799866
5959	290.480011
5960	290.1400146
5961	290.1400146
5962	289.7200012
5963	289.3699951
5964	288.9500122
5965	287.7399902
5966	286.3999939
5967	285.7900085
5968	285.2900085
5969	284.1400146
5970	283.6600037
5971	283.4700012
5972	283.2399902
5973	283.0499878
5974	282.9899902
5975	282.9700012
5976	283.0700073
5977	283.0700073
5978	283.1600037
5979	283.2000122
5980	283.2399902
5981	283.2799988
5982	283.2600098
5983	283.3900146
5984	283.5499878
5985	283.7600098
5986	283.7600098
5987	284.0400085
5988	284.1400146
5989	284.2000122
5990	284.4100037
5991	284.6199951
5992	284.769989
5993	284.769989
5994	284.8299866
5995	284.8699951
5996	285
5997	285.0799866
5998	285.25
5999	285.5
6000	285.5
6001	285.769989
6002	285.769989
6003	285.730011
6004	285.769989
6005	285.75
6006	285.8099976
6007	285.8500061
6008	285.769989
6009	285.7900085
6010	285.8099976
6011	286.019989
6012	286.0799866
6013	286.2099915
6014	286.230011
6015	286.25
6016	286.3399963
6017	286.25
6018	286.2099915
6019	286.2099915
6020	286.25
6021	286.25
6022	286.3099976
6023	286.3099976
6024	286.4400024
6025	286.4400024
6026	286.5
6027	286.5
6028	286.5
6029	286.5
6030	286.5
6031	286.5899963
6032	286.5899963
6033	286.6099854
6034	286.6300049
6035	286.6300049
6036	286.5899963
6037	286.5899963
6038	286.6300049
6039	286.6300049
6040	286.8200073
6041	286.8200073
6042	286.9400024
6043	286.9200134
6044	286.8200073
6045	286.8800049
6046	286.8200073
6047	286.8800049
6048	286.9400024
6049	286.9200134
6050	287.0299988
6051	287.0100098
6052	287.0299988
6053	287.0499878
6054	286.9599915
6055	287.0299988
6056	287.0299988
6057	287.0299988
6058	287.0299988
6059	287.0899963
6060	287.1300049
6061	287.1300049
6062	287.1900024
6063	287.2099915
6064	287.2099915
6065	287.1700134
6066	287.1700134
6067	287.1499939
6068	287.2600098
6069	287.2399902
6070	287.1300049
6071	287.1300049
6072	287.1499939
6073	287.1499939
6074	287.1300049
6075	287.1700134
6076	287.1700134
6077	287.1499939
6078	287.1099854
6079	287.1099854
6080	287.1499939
6081	287.1499939
6082	287.2399902
6083	287.1300049
6084	287.1499939
6085	287.1900024
6086	287.2099915
6087	287.1700134
6088	287.3200073
6089	287.2399902
6090	287.2600098
6091	287.1900024
6092	287.1700134
6093	287.2799988
6094	287.2600098
6095	287.1700134
6096	287.1700134
6097	287.2600098
6098	287.2399902
6099	287.2399902
6100	287.1700134
6101	287.1700134
6102	287.0899963
6103	287.0899963
6104	286.980011
6105	287.0499878
6106	287.0299988
6107	287.0499878
6108	287.1700134
6109	287.2799988
6110	287.2799988
6111	287.3399963
6112	287.3999939
6113	287.3800049
6114	287.3999939
6115	287.3599854
6116	287.4400024
6117	287.3399963
6118	287.3599854
6119	287.3399963
6120	287.3200073
6121	287.3599854
6122	287.3399963
6123	287.4700012
6124	287.4700012
6125	287.4400024
6126	287.4400024
6127	287.4400024
6128	287.4700012
6129	287.4700012
6130	287.3999939
6131	287.4400024
6132	287.3399963
6133	287.3399963
6134	287.3399963
6135	287.3399963
6136	287.3399963
6137	287.3999939
6138	287.4200134
6139	287.3999939
6140	287.5100098
6141	287.4700012
6142	287.4700012
6143	287.4200134
6144	287.3800049
6145	287.3399963
6146	287.3599854
6147	287.3200073
6148	287.3599854
6149	287.3599854
6150	287.4400024
6151	287.4200134
6152	287.3999939
6153	287.3999939
6154	287.3599854
6155	287.3999939
6156	287.4400024
6157	287.4899902
6158	287.5299988
6159	287.4899902
6160	287.5100098
6161	287.5100098
6162	287.4400024
6163	287.3999939
6164	287.3599854
6165	287.3999939
6166	287.5100098
6167	287.5100098
6168	287.6700134
6169	287.5899963
6170	287.5700073
6171	287.6099854
6172	287.5499878
6173	287.4200134
6174	287.4200134