1	282.7200012
2	282.7200012
3	282.7799988
4	282.7399902
5	282.7399902
6	282.7399902
7	282.7399902
8	282.7200012
9	282.6799927
10	282.7799988
11	282.7999878
12	282.7799988
13	282.7600098
14	282.7399902
15	282.7000122
16	282.7600098
17	282.7600098
18	282.7799988
19	282.8900146
20	282.9299927
21	282.8399963
22	282.8399963
23	282.8599854
24	282.8599854
25	282.7600098
26	282.7200012
27	282.8399963
28	282.7999878
29	282.7799988
30	282.7799988
31	282.7799988
32	282.7200012
33	282.6799927
34	282.6799927
35	282.6300049
36	282.7399902
37	282.7600098
38	282.7600098
39	282.7799988
40	282.7799988
41	282.7600098
42	282.7000122
43	282.6600037
44	282.5899963
45	282.5899963
46	282.7200012
47	282.7000122
48	282.7200012
49	282.7000122
50	282.7000122
51	282.7200012
52	282.7399902
53	282.7999878
54	282.9100037
55	282.8399963
56	282.8399963
57	282.7600098
58	282.7399902
59	282.7799988
60	282.7000122
61	282.6099854
62	282.5899963
63	282.5899963
64	282.6099854
65	282.7000122
66	282.7600098
67	282.7600098
68	282.7200012
69	282.7000122
70	282.7200012
71	282.7200012
72	282.7200012
73	282.7399902
74	282.7600098
75	282.8599854
76	282.8900146
77	282.8900146
78	282.8599854
79	282.9500122
80	282.9299927
81	282.9299927
82	282.8599854
83	282.8599854
84	282.9500122
85	282.9100037
86	282.8599854
87	282.8599854
88	282.8900146
89	282.8900146
90	282.9500122
91	282.9899902
92	282.9500122
93	282.9100037
94	282.8399963
95	282.8399963
96	282.8599854
97	282.8599854
98	282.8399963
99	282.8399963
100	282.8200073
101	282.7600098
102	282.7600098
103	282.7600098
104	282.7799988
105	282.7999878
106	282.7999878
107	282.9100037
108	282.8900146
109	282.9299927
110	282.7999878
111	282.8399963
112	282.8200073
113	282.9100037
114	283.0700073
115	283.2200012
116	283.3500061
117	283.4700012
118	283.3900146
119	283.5499878
120	283.6600037
121	283.7000122
122	283.7799988
123	283.8299866
124	283.7200012
125	284.0400085
126	284.0599976
127	284.0599976
128	283.9700012
129	283.8299866
130	283.7799988
131	283.7200012
132	283.7799988
133	283.7000122
134	283.7000122
135	283.6799927
136	283.7399902
137	283.7600098
138	283.6799927
139	283.6199951
140	283.6000061
141	283.5799866
142	283.7799988
143	283.8099976
144	283.8099976
145	283.8500061
146	283.8500061
147	283.9100037
148	283.9299927
149	283.8699951
150	283.9500122
151	284.0100098
152	284.0400085
153	283.9700012
154	283.9700012
155	283.9500122
156	283.8299866
157	283.7799988
158	283.8099976
159	283.9899902
160	284.0100098
161	283.9700012
162	283.9700012
163	284.0599976
164	284.1199951
165	284.0100098
166	284.0100098
167	283.8900146
168	283.8500061
169	283.8099976
170	283.7200012
171	283.8099976
172	283.7600098
173	283.7600098
174	283.7399902
175	283.6199951
176	283.6600037
177	283.7399902
178	283.8299866
179	283.8900146
180	283.8699951
181	283.7399902
182	283.7799988
183	283.8900146
184	283.9100037
185	284.1600037
186	284.1400146
187	284.0599976
188	284.0100098
189	283.9899902
190	284.0100098
191	284.0599976
192	284.0400085
193	284.1000061
194	284.1199951
195	284.0400085
196	283.9500122
197	283.9899902
198	283.9899902
199	283.9500122
200	283.9100037
201	283.9500122
202	284.1799927
203	284.1799927
204	284.269989
205	284.269989
206	284.4500122
207	284.2900085
208	284.1600037
209	284.0400085
210	284.0400085
211	284.1000061
212	284.1000061
213	284.2399902
214	284.2200012
215	284.269989
216	284.269989
217	284.1400146
218	284.1199951
219	284.0599976
220	283.9299927
221	283.9700012
222	283.9299927
223	283.9700012
224	283.9500122
225	283.9299927
226	283.9899902
227	283.9700012
228	284.0100098
229	284.0400085
230	284.0799866
231	284.1000061
232	283.8900146
233	283.8500061
234	283.8900146
235	283.9500122
236	283.8699951
237	283.8699951
238	283.8299866
239	283.7799988
240	283.7799988
241	283.8299866
242	283.8500061
243	283.7799988
244	283.7799988
245	283.9100037
246	284.0400085
247	283.9899902
248	283.8099976
249	283.8299866
250	283.8299866
251	283.8900146
252	283.9700012
253	283.9700012
254	284.0400085
255	284.1000061
256	283.9899902
257	284.0100098
258	284.0100098
259	284.0599976
260	284.1400146
261	284.2200012
262	284.2399902
263	284.3099976
264	284.3299866
265	284.3699951
266	284.1000061
267	283.9500122
268	283.9299927
269	283.9299927
270	284.2000122
271	284.3699951
272	284.3900146
273	284.4299927
274	284.2900085
275	284.1600037
276	284.1600037
277	284.1400146
278	283.9500122
279	283.9500122
280	284.0100098
281	284.1199951
282	284.1600037
283	284.1600037
284	283.9500122
285	283.9100037
286	283.8699951
287	283.7799988
288	283.7399902
289	283.7600098
290	283.7799988
291	283.7799988
292	283.6799927
293	283.3200073
294	282.5700073
295	282.2200012
296	281.3999939
297	280.9599915
298	279.7900085
299	279.5599976
300	279.1199951
301	278.8500061
302	278.769989
303	278.8900146
304	278.9700012
305	279.0799866
306	279.3099976
307	279.5400085
308	279.5400085
309	279.8299866
310	279.980011
311	280.0599976
312	280.25
313	280.4400024
314	280.5400085
315	280.5400085
316	280.8399963
317	281
318	281.0700073
319	281.0899963
320	281.1499939
321	281.1700134
322	281.230011
323	281.3200073
324	281.3599854
325	281.3800049
326	281.3999939
327	281.5
328	281.5299988
329	281.5899963
330	281.6499939
331	281.6099854
332	281.6300049
333	281.7600098
334	281.7600098
335	281.8399963
336	281.8599854
337	281.9599915
338	282.1099854
339	282.0899963
340	282.0899963
341	282.1700134
342	282.3200073
343	282.3399963
344	282.4899902
345	282.2999878
346	282.4299927
347	282.4299927
348	282.5299988
349	282.5899963
350	282.5899963
351	282.5299988
352	282.5700073
353	282.7200012
354	282.7200012
355	282.6600037
356	282.6600037
357	282.6300049
358	282.5899963
359	282.6600037
360	282.6300049
361	282.7000122
362	282.6799927
363	282.7399902
364	282.6799927
365	282.7600098
366	282.7799988
367	282.6099854
368	282.5899963
369	282.6300049
370	282.6099854
371	282.5700073
372	282.5499878
373	282.5299988
374	282.5700073
375	282.5700073
376	282.6300049
377	282.5899963
378	282.7000122
379	282.7000122
380	282.7600098
381	282.7799988
382	282.7600098
383	282.7399902
384	282.7399902
385	282.8200073
386	282.8200073
387	282.7399902
388	282.8599854
389	282.7799988
390	282.7799988
391	282.8599854
392	282.9500122
393	282.9100037
394	282.7399902
395	282.7000122
396	282.6799927
397	282.6600037
398	282.7200012
399	282.7999878
400	282.8200073
401	282.9299927
402	282.9500122
403	282.9100037
404	282.8399963
405	282.7799988
406	282.7600098
407	282.7600098
408	282.8200073
409	282.8599854
410	282.8900146
411	282.8900146
412	282.8399963
413	282.8200073
414	282.7999878
415	282.8599854
416	282.8399963
417	282.8900146
418	282.8900146
419	283.0100098
420	283.0299988
421	282.9700012
422	282.9100037
423	282.9500122
424	282.9100037
425	282.9100037
426	282.9299927
427	282.8399963
428	282.8200073
429	282.8599854
430	282.9500122
431	282.8599854
432	283.0100098
433	282.9100037
434	282.9100037
435	282.8599854
436	282.7999878
437	282.8200073
438	282.8399963
439	282.7999878
440	282.9700012
441	282.9700012
442	282.9899902
443	282.9500122
444	282.9700012
445	282.8399963
446	282.9299927
447	282.9100037
448	282.9899902
449	283.1199951
450	283.1199951
451	282.9500122
452	283.0100098
453	283.0299988
454	283.0499878
455	282.9899902
456	282.9700012
457	282.9700012
458	283.0100098
459	283.0100098
460	282.9700012
461	282.9500122
462	283.0100098
463	283.0899963
464	283.1199951
465	283.2000122
466	283.1400146
467	283.0499878
468	282.9899902
469	283.0299988
470	283.0700073
471	283.0899963
472	283.2000122
473	283.1199951
474	283.1799927
475	283.1400146
476	283.1400146
477	283.0299988
478	282.9299927
479	283.0100098
480	283.0299988
481	283.0899963
482	283.1600037
483	283.1600037
484	283.1400146
485	283.0899963
486	283.0299988
487	283.0899963
488	283.0899963
489	283.0899963
490	283.1199951
491	283.0899963
492	283.0700073
493	283.1600037
494	283.1600037
495	283.1400146
496	283.1400146
497	283.2200012
498	283.2200012
499	283.2600098
500	283.1600037
501	283.2000122
502	283.2000122
503	283.2000122
504	283.0499878
505	283.0700073
506	283.1199951
507	283.0499878
508	282.9899902
509	282.9899902
510	283.0499878
511	283.0700073
512	283.0499878
513	283.0700073
514	283.0899963
515	283.0700073
516	283.1199951
517	283.1199951
518	283.1799927
519	283.1600037
520	283.1600037
521	283.1600037
522	283.2799988
523	283.1799927
524	283.2200012
525	283.1799927
526	283.1799927
527	283.2200012
528	283.2200012
529	283.2399902
530	283.2200012
531	283.2600098
532	283.2399902
533	283.2600098
534	283.1199951
535	283.1199951
536	283.0499878
537	283.0899963
538	283.0899963
539	282.9899902
540	283.0899963
541	283.0899963
542	283.0700073
543	283.1400146
544	283.0899963
545	283.2000122
546	283.0499878
547	283.0899963
548	283.0700073
549	283.0100098
550	283.0499878
551	282.9899902
552	282.9700012
553	283.0299988
554	283.0700073
555	283.0899963
556	283.1400146
557	283.1199951
558	283.1600037
559	283.1400146
560	283.1400146
561	283.1199951
562	283.0899963
563	283.0499878
564	283.0700073
565	283.1799927
566	283.1400146
567	283.1400146
568	283.1199951
569	283.1799927
570	283.2399902
571	283.2399902
572	283.2799988
573	283.2799988
574	283.2200012
575	283.0499878
576	283.2000122
577	283.2000122
578	283.1799927
579	283.1600037
580	283.2600098
581	283.2200012
582	283.1600037
583	283.0899963
584	283.0700073
585	283.1400146
586	283.1400146
587	283.2399902
588	283.4100037
589	283.6000061
590	283.4299927
591	283.4299927
592	283.4299927
593	283.4899902
594	283.7399902
595	283.7600098
596	283.8500061
597	283.9700012
598	283.9500122
599	283.9500122
600	283.9899902
601	283.9500122
602	283.8699951
603	284.0400085
604	284.269989
605	284.2399902
606	284.2399902
607	284.1799927
608	284.1199951
609	284.1000061
610	284.0799866
611	283.9899902
612	283.9700012
613	284.0100098
614	283.9899902
615	284.0400085
616	284.2200012
617	284.2900085
618	284.2399902
619	284.3299866
620	284.1799927
621	284.2000122
622	284.2200012
623	284.2900085
624	284.2000122
625	284.2000122
626	284.3099976
627	284.3500061
628	284.4100037
629	284.3699951
630	284.2200012
631	284.2200012
632	284.0400085
633	284.0799866
634	284.0799866
635	284.1600037
636	284.1600037
637	284.0400085
638	284.0400085
639	283.9899902
640	284.3500061
641	284.3500061
642	284.2900085
643	284.4500122
644	284.4299927
645	284.3500061
646	284.0799866
647	284.1000061
648	284.1400146
649	284.1799927
650	284.0599976
651	284.0799866
652	284.1000061
653	284.1000061
654	284.0400085
655	283.9299927
656	284.0799866
657	284.1400146
658	284.1799927
659	284.1400146
660	284.0799866
661	284.0400085
662	283.9700012
663	283.9700012
664	284.1400146
665	284.0799866
666	284.0400085
667	283.9700012
668	284.0599976
669	284.1400146
670	284.1400146
671	284.2200012
672	284.1799927
673	284.1000061
674	284.1400146
675	284.2000122
676	284.2000122
677	284.2000122
678	284.3500061
679	284.4700012
680	284.3900146
681	284.3900146
682	284.4100037
683	284.4299927
684	284.4100037
685	284.1600037
686	284.1600037
687	284.1199951
688	284.1400146
689	283.9700012
690	283.9700012
691	283.9299927
692	283.9500122
693	283.9700012
694	283.9500122
695	283.9899902
696	284.0799866
697	284.1799927
698	284.3699951
699	284.519989
700	284.4299927
701	284.3699951
702	284.3699951
703	284.2900085
704	284.2399902
705	284.269989
706	284.2900085
707	284.2399902
708	284.1000061
709	284.1000061
710	284.2200012
711	284.1799927
712	284.269989
713	284.3299866
714	284.3699951
715	284.4500122
716	284.4500122
717	284.3900146
718	284.1799927
719	284.1199951
720	284.1199951
721	284.0599976
722	284.0400085
723	283.9500122
724	283.9899902
725	283.9100037
726	283.8500061
727	284.0100098
728	284.0400085
729	284.0599976
730	283.9899902
731	284.0100098
732	284.0799866
733	284.0400085
734	283.9899902
735	284.0400085
736	284.3500061
737	284.2900085
738	284.2200012
739	284.2000122
740	284.1600037
741	284.1600037
742	284.1799927
743	284.3099976
744	284.3299866
745	284.4299927
746	284.4100037
747	284.3099976
748	284.3099976
749	284.0400085
750	284.1600037
751	284.1799927
752	284.1400146
753	284.3299866
754	284.4299927
755	284.4500122
756	284.269989
757	284.1799927
758	284.0599976
759	283.9500122
760	283.8900146
761	283.8699951
762	283.8099976
763	283.7799988
764	283.7600098
765	283.6799927
766	283.3900146
767	283.1799927
768	282.4700012
769	281.9200134
770	280.9400024
771	280.1700134
772	279.5
773	279.5
774	278.8099976
775	278.5400085
776	278.4700012
777	278.3699951
778	278.4299927
779	278.5799866
780	278.5799866
781	278.9700012
782	279.2900085
783	279.3099976
784	279.519989
785	279.6600037
786	279.9400024
787	279.9400024
788	280.3800049
789	280.6099854
790	280.6099854
791	280.769989
792	280.8599854
793	280.8099976
794	280.8599854
795	281.019989
796	281.1099854
797	281.230011
798	281.25
799	281.230011
800	281.3399963
801	281.3399963
802	281.3800049
803	281.5499878
804	281.6300049
805	281.6300049
806	281.6499939
807	281.7099915
808	281.730011
809	281.8800049
810	282.0100098
811	282.0700073
812	282.0700073
813	282.0299988
814	282.0299988
815	282.0299988
816	282.0899963
817	282.0899963
818	282.0899963
819	282.0899963
820	282.2799988
821	282.2600098
822	282.2999878
823	282.2999878
824	282.3800049
825	282.3999939
826	282.3800049
827	282.3200073
828	282.3399963
829	282.3999939
830	282.5100098
831	282.4700012
832	282.4899902
833	282.4899902
834	282.5100098
835	282.5499878
836	282.5299988
837	282.5299988
838	282.4899902
839	282.5700073
840	282.5700073
841	282.5700073
842	282.5899963
843	282.5499878
844	282.5499878
845	282.6799927
846	282.7000122
847	282.7200012
848	282.6799927
849	282.6799927
850	282.7000122
851	282.7000122
852	282.7600098
853	282.7399902
854	282.7399902
855	282.7200012
856	282.7000122
857	282.6799927
858	282.6799927
859	282.7399902
860	282.7799988
861	282.7799988
862	282.7200012
863	282.6600037
864	282.6600037
865	282.6300049
866	282.5899963
867	282.6600037
868	282.7399902
869	282.7000122
870	282.6799927
871	282.7000122
872	282.7399902
873	282.6600037
874	282.7000122
875	282.7799988
876	282.9100037
877	282.9500122
878	282.8900146
879	282.8599854
880	282.9100037
881	282.9100037
882	282.8599854
883	282.8599854
884	282.9100037
885	282.7999878
886	282.7799988
887	282.8399963
888	282.9100037
889	282.8900146
890	282.8900146
891	282.9899902
892	283.0100098
893	282.9500122
894	282.9100037
895	282.8399963
896	282.8399963
897	282.9100037
898	282.8599854
899	282.9899902
900	282.9700012
901	283.0499878
902	283.0299988
903	283.0100098
904	282.9500122
905	282.9700012
906	283.0299988
907	283.1400146
908	283.1199951
909	283.0700073
910	283.0899963
911	283.0499878
912	283.1400146
913	283.0899963
914	283.1199951
915	283.0499878
916	283.0299988
917	282.9500122
918	282.9700012
919	282.9299927
920	282.9299927
921	282.9100037
922	282.9100037
923	283.0499878
924	283.0100098
925	283.0499878
926	283.1600037
927	283.1600037
928	283.0700073
929	283.0700073
930	283.0299988
931	283.0700073
932	283.0499878
933	283.0499878
934	282.9899902
935	283.0499878
936	283.0299988
937	282.9899902
938	283.0499878
939	283.0899963
940	283.2000122
941	283.2399902
942	283.1799927
943	283.2399902
944	283.1400146
945	283.1199951
946	283.0700073
947	283.1400146
948	283.2000122
949	283.2399902
950	283.2000122
951	283.1799927
952	283.1199951
953	283.0899963
954	283.0899963
955	283.1199951
956	282.9899902
957	282.9899902
958	282.9899902
959	282.9700012
960	282.9500122
961	282.9500122
962	282.9500122
963	283.0700073
964	283.1199951
965	283.1400146
966	283.0499878
967	283.0700073
968	283.0700073
969	282.9700012
970	282.9700012
971	282.9700012
972	283.0499878
973	283.0100098
974	282.9899902
975	282.9299927
976	283.0100098
977	283.0499878
978	283.0100098
979	283.0899963
980	283.0499878
981	283.0899963
982	283.1199951
983	283.1199951
984	283.0899963
985	283.0299988
986	283.1199951
987	283.1199951
988	283.1199951
989	283.0700073
990	283.2200012
991	283.1400146
992	283.2200012
993	283.2200012
994	283.0899963
995	283.0700073
996	283.1600037
997	283.2200012
998	283.2200012
999	283.2000122
1000	283.2000122
1001	283.1799927
1002	283.3500061
1003	283.3699951
1004	283.3900146
1005	283.2399902
1006	283.2200012
1007	283.2000122
1008	283.0899963
1009	283.0299988
1010	282.9500122
1011	283.0499878
1012	283.0100098
1013	283.0499878
1014	283.0299988
1015	283.1400146
1016	283.1199951
1017	283.1600037
1018	283.1400146
1019	283.2000122
1020	283.2000122
1021	283.2600098
1022	283.2600098
1023	283.1400146
1024	283.1600037
1025	283.1600037
1026	283.2600098
1027	283.2399902
1028	283.2600098
1029	283.0899963
1030	283.1400146
1031	283.0899963
1032	283.0899963
1033	283.0299988
1034	283.1400146
1035	283.1600037
1036	283.1400146
1037	283.0499878
1038	283.0899963
1039	283.0899963
1040	283.1199951
1041	283.0700073
1042	283.0899963
1043	283.1400146
1044	283.1799927
1045	283.2200012
1046	283.1799927
1047	283.1400146
1048	283.0700073
1049	283.1400146
1050	283.2200012
1051	283.2399902
1052	283.1400146
1053	283.1199951
1054	283.1400146
1055	283.1600037
1056	283.1600037
1057	283.2399902
1058	283.2399902
1059	283.3699951
1060	283.4700012
1061	283.4500122
1062	283.5799866
1063	283.5799866
1064	283.5799866
1065	283.6000061
1066	283.6000061
1067	283.5799866
1068	283.6600037
1069	283.6799927
1070	283.7600098
1071	283.7600098
1072	283.7799988
1073	283.8900146
1074	283.9500122
1075	283.9700012
1076	284.0100098
1077	283.9500122
1078	283.9500122
1079	284.1400146
1080	284.1799927
1081	284.1400146
1082	284.1799927
1083	284.2000122
1084	284.3299866
1085	284.3699951
1086	284.3299866
1087	284.3099976
1088	284.269989
1089	284.2200012
1090	284.2399902
1091	284.2000122
1092	284.2200012
1093	284.3900146
1094	284.3099976
1095	284.1600037
1096	284.1600037
1097	284.1199951
1098	284.2399902
1099	284.2000122
1100	284.2000122
1101	284.1000061
1102	283.8699951
1103	283.8699951
1104	283.8099976
1105	283.8900146
1106	283.8299866
1107	283.8500061
1108	283.9500122
1109	283.9899902
1110	283.9899902
1111	283.9500122
1112	284.0599976
1113	284.2000122
1114	284.2200012
1115	284.0599976
1116	284.0400085
1117	284.0100098
1118	284.1000061
1119	284.0799866
1120	284.2000122
1121	284.2399902
1122	284.2399902
1123	284.1199951
1124	284.1000061
1125	284.0100098
1126	283.9100037
1127	283.9299927
1128	284.0400085
1129	284.0100098
1130	284.0400085
1131	284.1000061
1132	284.2399902
1133	284.1799927
1134	284.2000122
1135	284.2000122
1136	284.269989
1137	284.3099976
1138	284.2900085
1139	284.0799866
1140	284.1199951
1141	284.1600037
1142	284.1600037
1143	284.3299866
1144	284.4500122
1145	284.4500122
1146	284.3699951
1147	284.4100037
1148	284.269989
1149	284.3099976
1150	284.3299866
1151	284.2000122
1152	284.1600037
1153	284.269989
1154	284.3900146
1155	284.3900146
1156	284.3299866
1157	284.519989
1158	284.5
1159	284.5
1160	284.5599976
1161	284.6000061
1162	284.75
1163	284.730011
1164	284.7000122
1165	284.6600037
1166	284.4299927
1167	284.1199951
1168	284.0100098
1169	283.9700012
1170	284.0100098
1171	284.1600037
1172	284.1400146
1173	284.1000061
1174	284.1000061
1175	284.0100098
1176	284.0599976
1177	284.1400146
1178	284.1600037
1179	284.1199951
1180	284.2000122
1181	284.2000122
1182	284.1000061
1183	284.1799927
1184	284.2200012
1185	284.3299866
1186	284.3900146
1187	284.3500061
1188	284.3500061
1189	284.2399902
1190	284.1799927
1191	284.0599976
1192	284.0799866
1193	284.1400146
1194	284.2200012
1195	284.2900085
1196	284.5400085
1197	284.519989
1198	284.2399902
1199	284.1000061
1200	284.0400085
1201	283.9299927
1202	283.9899902
1203	283.9500122
1204	284.1400146
1205	284.2900085
1206	284.2900085
1207	284.1799927
1208	284.1199951
1209	284.0799866
1210	283.9899902
1211	284.0599976
1212	284.0799866
1213	284.0799866
1214	284.2399902
1215	284.2000122
1216	284.1799927
1217	284.3099976
1218	284.1799927
1219	284.1799927
1220	284.1799927
1221	284.1600037
1222	284.0799866
1223	284.1799927
1224	284.3299866
1225	284.1199951
1226	284.1199951
1227	284.0799866
1228	284.2399902
1229	284.2200012
1230	284.1199951
1231	284.0100098
1232	283.9700012
1233	283.9299927
1234	283.9500122
1235	283.9700012
1236	284.0100098
1237	283.9299927
1238	283.7799988
1239	283.6600037
1240	283.2000122
1241	282.9100037
1242	282.0299988
1243	281.1700134
1244	280.269989
1245	280.269989
1246	279.3500061
1247	279
1248	279
1249	278.769989
1250	278.9100037
1251	278.9500122
1252	278.9500122
1253	279.230011
1254	279.3699951
1255	279.5
1256	279.75
1257	280.0599976
1258	280.1900024
1259	280.230011
1260	280.6099854
1261	280.6099854
1262	280.769989
1263	280.9200134
1264	280.980011
1265	281.0899963
1266	281.1700134
1267	281.4400024
1268	281.4599915
1269	281.5899963
1270	281.730011
1271	281.6499939
1272	281.7099915
1273	281.7099915
1274	281.730011
1275	281.9899902
1276	281.9899902
1277	281.9899902
1278	282.0700073
1279	282.0899963
1280	282.1300049
1281	282.1700134
1282	282.2799988
1283	282.3200073
1284	282.3200073
1285	282.2600098
1286	282.2799988
1287	282.3399963
1288	282.4500122
1289	282.5899963
1290	282.5700073
1291	282.5700073
1292	282.5899963
1293	282.6600037
1294	282.5899963
1295	282.5299988
1296	282.6300049
1297	282.6600037
1298	282.6799927
1299	282.5700073
1300	282.5700073
1301	282.6099854
1302	282.6099854
1303	282.6600037
1304	282.6099854
1305	282.6300049
1306	282.6099854
1307	282.5299988
1308	282.4700012
1309	282.4500122
1310	282.4700012
1311	282.4899902
1312	282.5700073
1313	282.6300049
1314	282.7000122
1315	282.7200012
1316	282.7200012
1317	282.8399963
1318	282.7200012
1319	282.7200012
1320	282.7600098
1321	282.8599854
1322	282.9500122
1323	282.9500122
1324	282.8399963
1325	282.8200073
1326	282.8399963
1327	282.9100037
1328	282.9100037
1329	282.8399963
1330	282.8200073
1331	282.7399902
1332	282.8200073
1333	282.8399963
1334	282.8200073
1335	282.8599854
1336	282.8399963
1337	282.7799988
1338	282.8200073
1339	282.9100037
1340	282.9100037
1341	282.8599854
1342	282.9299927
1343	282.9500122
1344	282.9899902
1345	282.8599854
1346	282.9100037
1347	282.8399963
1348	282.8399963
1349	282.8399963
1350	282.8200073
1351	282.8399963
1352	282.8200073
1353	282.7999878
1354	282.8900146
1355	282.8900146
1356	282.8399963
1357	282.8200073
1358	282.8399963
1359	282.8399963
1360	282.8900146
1361	282.9500122
1362	282.9500122
1363	282.9299927
1364	282.8399963
1365	282.8900146
1366	282.8200073
1367	282.7399902
1368	282.6799927
1369	282.7999878
1370	282.7799988
1371	282.8200073
1372	282.9100037
1373	282.9100037
1374	282.9100037
1375	282.9700012
1376	282.9700012
1377	282.8399963
1378	282.7799988
1379	282.7999878
1380	282.8399963
1381	282.8399963
1382	282.7799988
1383	282.7399902
1384	282.7399902
1385	282.7999878
1386	282.8900146
1387	282.8900146
1388	282.7200012
1389	282.6600037
1390	282.5899963
1391	282.7200012
1392	282.6600037
1393	282.7399902
1394	282.7399902
1395	282.8200073
1396	282.8200073
1397	282.7999878
1398	282.8200073
1399	282.8900146
1400	282.9100037
1401	282.8399963
1402	282.7600098
1403	282.7600098
1404	282.7999878
1405	282.7799988
1406	282.8200073
1407	282.7799988
1408	282.8200073
1409	282.8399963
1410	282.8399963
1411	282.9100037
1412	282.8900146
1413	282.8900146
1414	282.8599854
1415	282.7799988
1416	282.8900146
1417	282.9100037
1418	282.8900146
1419	282.8900146
1420	282.9500122
1421	282.8599854
1422	282.8399963
1423	282.8200073
1424	282.8399963
1425	282.8399963
1426	282.8399963
1427	282.7399902
1428	282.8900146
1429	282.8900146
1430	282.8599854
1431	282.8399963
1432	282.8399963
1433	282.8399963
1434	282.8900146
1435	282.9299927
1436	282.8399963
1437	282.9100037
1438	282.8399963
1439	282.8399963
1440	282.8399963
1441	282.8399963
1442	282.8399963
1443	282.7999878
1444	282.9299927
1445	282.9299927
1446	282.9100037
1447	282.9100037
1448	283.0100098
1449	283.0499878
1450	283.0299988
1451	283.0100098
1452	283.0299988
1453	283.0100098
1454	282.9500122
1455	282.9500122
1456	282.9100037
1457	282.8399963
1458	282.8399963
1459	282.8599854
1460	282.8599854
1461	282.7999878
1462	282.7999878
1463	282.8200073
1464	282.8399963
1465	282.8399963
1466	282.7799988
1467	282.7999878
1468	282.7999878
1469	282.8599854
1470	282.8599854
1471	282.8900146
1472	282.8599854
1473	282.9899902
1474	283.1400146
1475	283.0899963
1476	282.9299927
1477	282.8900146
1478	282.8200073
1479	282.8900146
1480	282.8900146
1481	282.9299927
1482	282.8599854
1483	282.9100037
1484	282.9100037
1485	282.8599854
1486	282.8599854
1487	282.8900146
1488	282.9100037
1489	282.8200073
1490	282.7799988
1491	282.8200073
1492	282.8900146
1493	282.8599854
1494	282.8200073
1495	282.8200073
1496	282.8900146
1497	282.8900146
1498	282.8900146
1499	282.7999878
1500	282.7799988
1501	282.7999878
1502	282.8399963
1503	282.8900146
1504	282.8900146
1505	282.8900146
1506	282.9500122
1507	282.8599854
1508	282.9500122
1509	282.9100037
1510	282.9700012
1511	283.0299988
1512	283.0700073
1513	283.0700073
1514	282.9500122
1515	282.9700012
1516	282.9100037
1517	282.8399963
1518	282.8200073
1519	282.8900146
1520	282.9299927
1521	282.8900146
1522	282.9100037
1523	282.9700012
1524	282.9899902
1525	282.9700012
1526	282.8399963
1527	282.8200073
1528	282.7999878
1529	282.7999878
1530	282.8200073
1531	282.8200073
1532	282.8599854
1533	283.0100098
1534	283.1799927
1535	283.4899902
1536	283.4899902
1537	283.4899902
1538	283.5100098
1539	283.5299988
1540	283.5299988
1541	283.6600037
1542	283.6600037
1543	283.6600037
1544	283.8500061
1545	283.8699951
1546	283.8900146
1547	284.0400085
1548	283.9700012
1549	283.9700012
1550	284.0400085
1551	283.7399902
1552	283.6199951
1553	283.6400146
1554	283.6799927
1555	283.7200012
1556	283.7600098
1557	283.7799988
1558	283.7399902
1559	283.8500061
1560	283.8900146
1561	283.9299927
1562	283.8900146
1563	283.9100037
1564	283.8099976
1565	283.8299866
1566	283.8099976
1567	283.7399902
1568	283.7399902
1569	283.7600098
1570	283.7200012
1571	283.7799988
1572	283.7799988
1573	283.7600098
1574	283.7799988
1575	283.7799988
1576	283.7200012
1577	283.8699951
1578	283.8900146
1579	283.9500122
1580	283.9100037
1581	283.8900146
1582	284.0100098
1583	284.2000122
1584	284.1600037
1585	284.0400085
1586	283.9899902
1587	284.0100098
1588	284.1199951
1589	284.1199951
1590	283.9899902
1591	283.9100037
1592	283.9500122
1593	284.0799866
1594	284.1199951
1595	283.9700012
1596	283.9700012
1597	284.1000061
1598	284.1400146
1599	283.9899902
1600	283.9899902
1601	283.9700012
1602	284.1199951
1603	284.1600037
1604	284.1600037
1605	284.1199951
1606	284.0100098
1607	284.0100098
1608	283.9700012
1609	283.7799988
1610	283.7399902
1611	283.7200012
1612	283.7399902
1613	283.8500061
1614	283.8500061
1615	283.8299866
1616	283.8900146
1617	283.8900146
1618	284.0100098
1619	284.0599976
1620	284.0400085
1621	283.9700012
1622	283.8299866
1623	283.8500061
1624	284.0799866
1625	284.2399902
1626	284.3099976
1627	284.269989
1628	284.3299866
1629	284.3900146
1630	284.4299927
1631	284.4299927
1632	284.269989
1633	284.3500061
1634	284.2399902
1635	284.269989
1636	284.269989
1637	284.1400146
1638	283.8699951
1639	283.8699951
1640	284.0100098
1641	284.0100098
1642	284.1400146
1643	284.1400146
1644	284.0599976
1645	283.9700012
1646	283.9700012
1647	283.8500061
1648	283.8900146
1649	283.9299927
1650	283.8900146
1651	284.0799866
1652	284.1199951
1653	284.1799927
1654	284.2000122
1655	284.0599976
1656	283.9899902
1657	283.8900146
1658	283.8699951
1659	283.8500061
1660	283.9899902
1661	284.2000122
1662	284.1400146
1663	284.2399902
1664	284.269989
1665	284.2900085
1666	284.2399902
1667	284.269989
1668	284.1799927
1669	284.0799866
1670	284.2000122
1671	284.2000122
1672	284.1799927
1673	284.2900085
1674	284.269989
1675	284.3299866
1676	284.0599976
1677	283.9700012
1678	283.9700012
1679	284.0100098
1680	283.9899902
1681	283.9700012
1682	284.1799927
1683	284.1600037
1684	284.0799866
1685	284.0799866
1686	284.1199951
1687	283.9700012
1688	283.9299927
1689	283.9899902
1690	284.0799866
1691	283.9899902
1692	283.9500122
1693	283.7600098
1694	283.7200012
1695	283.8299866
1696	283.9500122
1697	284.0100098
1698	284.0599976
1699	284.0599976
1700	283.8900146
1701	283.9700012
1702	283.9700012
1703	283.7600098
1704	283.6799927
1705	283.5299988
1706	283.5100098
1707	283.6400146
1708	283.7000122
1709	283.7399902
1710	283.7399902
1711	283.7399902
1712	283.5499878
1713	283.3699951
1714	282.9299927
1715	282.2600098
1716	281.480011
1717	281.480011
1718	280.0400085
1719	279.3299866
1720	279.1199951
1721	278.7200012
1722	278.4899902
1723	278.4299927
1724	278.4299927
1725	278.4899902
1726	278.7200012
1727	278.8900146
1728	279.25
1729	279.6199951
1730	279.6900024
1731	279.7900085
1732	279.8900146
1733	279.980011
1734	280.2099915
1735	280.25
1736	280.3299866
1737	280.3800049
1738	280.5400085
1739	280.75
1740	280.75
1741	280.9200134
1742	281.0899963
1743	281.1700134
1744	281.230011
1745	281.25
1746	281.3399963
1747	281.4599915
1748	281.6499939
1749	281.6499939
1750	281.6099854
1751	281.6700134
1752	281.730011
1753	281.7600098
1754	281.8999939
1755	281.8599854
1756	281.8599854
1757	281.9599915
1758	281.9599915
1759	282.0899963
1760	282.1300049
1761	282.1099854
1762	282.1499939
1763	282.2399902
1764	282.2000122
1765	282.2799988
1766	282.2999878
1767	282.3200073
1768	282.2799988
1769	282.3200073
1770	282.2600098
1771	282.2600098
1772	282.2600098
1773	282.2999878
1774	282.3599854
1775	282.2799988
1776	282.3800049
1777	282.4500122
1778	282.4899902
1779	282.5100098
1780	282.4700012
1781	282.4700012
1782	282.3999939
1783	282.4500122
1784	282.3999939
1785	282.4299927
1786	282.4700012
1787	282.6099854
1788	282.6099854
1789	282.6099854
1790	282.6099854
1791	282.5499878
1792	282.6099854
1793	282.6099854
1794	282.7200012
1795	282.7200012
1796	282.6099854
1797	282.5100098
1798	282.5700073
1799	282.6300049
1800	282.6600037
1801	282.7000122
1802	282.7000122
1803	282.7399902
1804	282.7200012
1805	282.7000122
1806	282.7999878
1807	282.8599854
1808	282.9299927
1809	282.9299927
1810	282.8900146
1811	282.8599854
1812	282.9299927
1813	282.7799988
1814	282.7999878
1815	282.7399902
1816	282.7799988
1817	282.7999878
1818	282.8399963
1819	282.9299927
1820	282.9299927
1821	282.9299927
1822	282.8900146
1823	282.8900146
1824	283.0499878
1825	282.9700012
1826	283.0299988
1827	283.0299988
1828	283.0100098
1829	282.9700012
1830	282.9299927
1831	282.9700012
1832	282.8599854
1833	282.7799988
1834	282.8200073
1835	282.8599854
1836	282.8599854
1837	282.7200012
1838	282.7600098
1839	282.8399963
1840	282.8599854
1841	282.8900146
1842	282.8900146
1843	282.9100037
1844	283.0100098
1845	282.9500122
1846	282.8900146
1847	282.9500122
1848	282.9899902
1849	283.0499878
1850	283.0100098
1851	282.9299927
1852	282.9299927
1853	282.8599854
1854	282.9100037
1855	282.8200073
1856	282.9100037
1857	282.8200073
1858	282.8200073
1859	282.8200073
1860	282.8900146
1861	282.8200073
1862	282.7999878
1863	282.8399963
1864	282.9500122
1865	282.7999878
1866	282.7999878
1867	282.7200012
1868	282.7600098
1869	282.7399902
1870	282.8399963
1871	282.8900146
1872	282.9700012
1873	283.0100098
1874	282.8200073
1875	282.8399963
1876	282.8599854
1877	282.8599854
1878	282.9299927
1879	282.8599854
1880	282.9100037
1881	282.8599854
1882	282.9100037
1883	282.9299927
1884	282.9299927
1885	282.8599854
1886	282.8399963
1887	282.9500122
1888	282.9500122
1889	282.9899902
1890	283.0299988
1891	283.0299988
1892	282.9700012
1893	282.9700012
1894	282.8900146
1895	282.7799988
1896	282.7799988
1897	282.7000122
1898	282.7000122
1899	282.7399902
1900	282.7999878
1901	282.8900146
1902	282.9500122
1903	282.9299927
1904	282.9299927
1905	282.9500122
1906	282.9100037
1907	282.9299927
1908	282.9500122
1909	282.8399963
1910	282.8900146
1911	282.9299927
1912	283.0299988
1913	282.9500122
1914	282.8599854
1915	282.8399963
1916	282.7200012
1917	282.7799988
1918	282.7000122
1919	282.7200012
1920	282.6799927
1921	282.7399902
1922	282.7399902
1923	282.7200012
1924	282.7000122
1925	282.7399902
1926	282.7399902
1927	282.8399963
1928	282.8200073
1929	282.8200073
1930	282.8200073
1931	282.8399963
1932	282.7999878
1933	282.8399963
1934	282.9899902
1935	282.8900146
1936	282.8900146
1937	282.8900146
1938	282.9500122
1939	282.9100037
1940	282.9299927
1941	282.9500122
1942	282.8399963
1943	282.8200073
1944	282.8200073
1945	282.7200012
1946	282.6600037
1947	282.7000122
1948	282.7000122
1949	282.7000122
1950	282.7000122
1951	282.6799927
1952	282.6099854
1953	282.6300049
1954	282.7200012
1955	282.6799927
1956	282.7399902
1957	282.7600098
1958	282.8200073
1959	282.7799988
1960	282.8200073
1961	282.9299927
1962	282.9299927
1963	282.9100037
1964	282.9299927
1965	282.8599854
1966	282.9500122
1967	282.8900146
1968	282.8599854
1969	282.8599854
1970	282.7600098
1971	282.7999878
1972	282.8900146
1973	282.7799988
1974	282.8399963
1975	282.8900146
1976	282.8900146
1977	282.8399963
1978	282.8399963
1979	282.8399963
1980	282.7600098
1981	282.8200073
1982	282.7999878
1983	282.8599854
1984	282.9299927
1985	282.9100037
1986	282.8399963
1987	282.8399963
1988	282.8200073
1989	282.9299927
1990	282.8399963
1991	282.7999878
1992	282.6799927
1993	282.7200012
1994	282.7399902
1995	282.7600098
1996	282.7799988
1997	282.8399963
1998	282.8399963
1999	282.7600098
2000	282.7600098
2001	282.7600098
2002	282.7200012
2003	282.7200012
2004	282.7399902
2005	282.7600098
2006	282.7600098
2007	282.8900146
2008	282.8900146
2009	283.0499878
2010	283.2999878
2011	283.3500061
2012	283.4899902
2013	283.6600037
2014	283.7000122
2015	283.6799927
2016	283.3500061
2017	283.2799988
2018	283.3200073
2019	283.2799988
2020	283.4100037
2021	283.4700012
2022	283.5499878
2023	283.6000061
2024	283.6199951
2025	283.6600037
2026	283.5799866
2027	283.5299988
2028	283.4899902
2029	283.4899902
2030	283.4899902
2031	283.4500122
2032	283.5299988
2033	283.5299988
2034	283.5100098
2035	283.5799866
2036	283.6000061
2037	283.6600037
2038	283.7000122
2039	283.6600037
2040	283.6600037
2041	283.7399902
2042	283.7600098
2043	283.7399902
2044	283.9899902
2045	284.0100098
2046	283.9100037
2047	283.9100037
2048	283.8299866
2049	283.7799988
2050	283.8500061
2051	283.8699951
2052	283.9700012
2053	284.0100098
2054	284.0799866
2055	283.9700012
2056	283.9100037
2057	283.7600098
2058	283.9100037
2059	283.9500122
2060	283.9299927
2061	283.8099976
2062	283.8099976
2063	283.9299927
2064	283.8299866
2065	283.7399902
2066	283.8299866
2067	283.8500061
2068	283.9100037
2069	284.1799927
2070	284.2000122
2071	284.1199951
2072	284.1199951
2073	284.1600037
2074	284.269989
2075	284.2000122
2076	284.0400085
2077	283.8900146
2078	283.7799988
2079	283.7799988
2080	283.9299927
2081	283.9700012
2082	284.1199951
2083	283.9500122
2084	283.8500061
2085	283.8699951
2086	283.8900146
2087	283.7399902
2088	283.7600098
2089	283.6600037
2090	283.6799927
2091	283.7399902
2092	283.6799927
2093	283.7200012
2094	283.7799988
2095	283.6799927
2096	283.6600037
2097	283.6400146
2098	283.5799866
2099	283.5100098
2100	283.7000122
2101	283.7799988
2102	283.8500061
2103	283.9899902
2104	283.9899902
2105	283.9899902
2106	283.9100037
2107	283.8900146
2108	283.8500061
2109	283.9100037
2110	283.9899902
2111	283.9899902
2112	283.8900146
2113	283.8699951
2114	283.9500122
2115	283.9700012
2116	283.8500061
2117	283.7399902
2118	283.7399902
2119	283.7200012
2120	283.7000122
2121	283.7000122
2122	283.7200012
2123	283.8900146
2124	283.8900146
2125	283.9700012
2126	283.9100037
2127	283.7600098
2128	283.8900146
2129	284.0599976
2130	284.0100098
2131	284.0799866
2132	284.1199951
2133	284.0400085
2134	283.9899902
2135	283.9100037
2136	283.8900146
2137	283.8699951
2138	283.8900146
2139	283.8299866
2140	283.8299866
2141	283.8299866
2142	283.9100037
2143	283.9100037
2144	283.8299866
2145	283.8299866
2146	283.8699951
2147	283.8299866
2148	283.8699951
2149	284.0100098
2150	284.0100098
2151	284.0400085
2152	284.0100098
2153	283.9500122
2154	283.7600098
2155	283.7200012
2156	283.7000122
2157	283.7399902
2158	283.8299866
2159	283.7399902
2160	283.7399902
2161	283.7399902
2162	283.7399902
2163	283.7200012
2164	283.7399902
2165	283.9700012
2166	283.9299927
2167	283.8900146
2168	283.8500061
2169	283.8500061
2170	283.8699951
2171	283.8500061
2172	283.9100037
2173	283.9299927
2174	283.9299927
2175	283.9299927
2176	283.7799988
2177	283.7200012
2178	283.6000061
2179	283.4700012
2180	283.2999878
2181	283.2600098
2182	283.2600098
2183	283.3900146
2184	283.4500122
2185	283.4500122
2186	283.2799988
2187	282.8399963
2188	281.9599915
2189	281.9599915
2190	280.5599976
2191	279.75
2192	279.3699951
2193	278.8299866
2194	278.4700012
2195	278.4899902
2196	278.3699951
2197	278.4100037
2198	278.4299927
2199	278.5599976
2200	278.5799866
2201	278.6000061
2202	278.7900085
2203	278.9500122
2204	279.3099976
2205	279.480011
2206	279.769989
2207	279.8900146
2208	279.9599915
2209	280.0400085
2210	280.1000061
2211	280.2099915
2212	280.3500061
2213	280.3999939
2214	280.3999939
2215	280.5799866
2216	280.730011
2217	280.769989
2218	280.8800049
2219	281
2220	280.980011
2221	280.980011
2222	281.1300049
2223	281.230011
2224	281.230011
2225	281.2999878
2226	281.25
2227	281.25
2228	281.269989
2229	281.4400024
2230	281.5299988
2231	281.6099854
2232	281.5299988
2233	281.6099854
2234	281.5700073
2235	281.6300049
2236	281.6700134
2237	281.6499939
2238	281.6700134
2239	281.6300049
2240	281.6300049
2241	281.6099854
2242	281.6900024
2243	281.8599854
2244	281.8800049
2245	281.8200073
2246	281.7999878
2247	281.8200073
2248	281.8999939
2249	281.8599854
2250	282.0299988
2251	282.0100098
2252	282.1300049
2253	282.1300049
2254	282.2000122
2255	282.0899963
2256	282.0700073
2257	282.0899963
2258	282.0100098
2259	282.0899963
2260	282.0899963
2261	282.1300049
2262	282.1700134
2263	282.1099854
2264	282.0899963
2265	282.0899963
2266	282.1099854
2267	282.1499939
2268	282.1099854
2269	282.1499939
2270	282.2399902
2271	282.2200012
2272	282.2399902
2273	282.2600098
2274	282.2200012
2275	282.2799988
2276	282.1499939
2277	282.1099854
2278	282.1499939
2279	282.2000122
2280	282.3399963
2281	282.3599854
2282	282.3999939
2283	282.4299927
2284	282.3800049
2285	282.3800049
2286	282.3399963
2287	282.3200073
2288	282.2399902
2289	282.2600098
2290	282.3200073
2291	282.2600098
2292	282.2600098
2293	282.4500122
2294	282.3800049
2295	282.4899902
2296	282.4500122
2297	282.4299927
2298	282.3599854
2299	282.3599854
2300	282.3800049
2301	282.3399963
2302	282.3999939
2303	282.3200073
2304	282.4500122
2305	282.4700012
2306	282.5100098
2307	282.5299988
2308	282.5499878
2309	282.5299988
2310	282.5299988
2311	282.4500122
2312	282.5700073
2313	282.4899902
2314	282.5700073
2315	282.5700073
2316	282.5899963
2317	282.5100098
2318	282.4700012
2319	282.4899902
2320	282.4500122
2321	282.3200073
2322	282.2600098
2323	282.3200073
2324	282.3200073
2325	282.2999878
2326	282.3599854
2327	282.3599854
2328	282.3599854
2329	282.3399963
2330	282.3800049
2331	282.3800049
2332	282.4500122
2333	282.5299988
2334	282.5100098
2335	282.5899963
2336	282.5899963
2337	282.4899902
2338	282.5100098
2339	282.3599854
2340	282.4299927
2341	282.4500122
2342	282.4700012
2343	282.4700012
2344	282.3999939
2345	282.3999939
2346	282.4299927
2347	282.5100098
2348	282.4500122
2349	282.4299927
2350	282.3599854
2351	282.2999878
2352	282.3399963
2353	282.4299927
2354	282.3599854
2355	282.3399963
2356	282.3399963
2357	282.3999939
2358	282.3999939
2359	282.4500122
2360	282.4899902
2361	282.5100098
2362	282.4899902
2363	282.4899902
2364	282.3399963
2365	282.3800049
2366	282.3599854
2367	282.3999939
2368	282.3599854
2369	282.3800049
2370	282.3800049
2371	282.3200073
2372	282.3200073
2373	282.2799988
2374	282.2799988
2375	282.2399902
2376	282.2399902
2377	282.2200012
2378	282.3599854
2379	282.3999939
2380	282.4700012
2381	282.5499878
2382	282.5899963
2383	282.5100098
2384	282.4500122
2385	282.3200073
2386	282.4700012
2387	282.4500122
2388	282.4700012
2389	282.4700012
2390	282.3999939
2391	282.4299927
2392	282.3399963
2393	282.4299927
2394	282.3599854
2395	282.3599854
2396	282.4500122
2397	282.4500122
2398	282.3800049
2399	282.4500122
2400	282.3999939
2401	282.4500122
2402	282.4500122
2403	282.3800049
2404	282.3200073
2405	282.3200073
2406	282.3599854
2407	282.3200073
2408	282.3399963
2409	282.2799988
2410	282.2999878
2411	282.4299927
2412	282.4299927
2413	282.4700012
2414	282.5100098
2415	282.4500122
2416	282.4500122
2417	282.3800049
2418	282.3599854
2419	282.4299927
2420	282.5499878
2421	282.6300049
2422	282.5700073
2423	282.4899902
2424	282.4500122
2425	282.4700012
2426	282.3800049
2427	282.3800049
2428	282.3800049
2429	282.3399963
2430	282.4299927
2431	282.2999878
2432	282.2799988
2433	282.2999878
2434	282.2999878
2435	282.5100098
2436	282.4700012
2437	282.4299927
2438	282.4899902
2439	282.4899902
2440	282.4500122
2441	282.4500122
2442	282.3999939
2443	282.4299927
2444	282.4700012
2445	282.5899963
2446	282.5100098
2447	282.5700073
2448	282.4899902
2449	282.5499878
2450	282.4899902
2451	282.5100098
2452	282.5700073
2453	282.5100098
2454	282.5700073
2455	282.5700073
2456	282.5100098
2457	282.5299988
2458	282.5499878
2459	282.4500122
2460	282.3999939
2461	282.2799988
2462	282.3399963
2463	282.3399963
2464	282.3399963
2465	282.3599854
2466	282.3599854
2467	282.4700012
2468	282.5100098
2469	282.5299988
2470	282.5700073
2471	282.5499878
2472	282.5100098
2473	282.5100098
2474	282.3999939
2475	282.3800049
2476	282.2799988
2477	282.2799988
2478	282.2600098
2479	282.3599854
2480	282.2999878
2481	282.4700012
2482	282.5100098
2483	282.5700073
2484	282.9299927
2485	283.0499878
2486	283.1600037
2487	283.2000122
2488	283.3500061
2489	283.2000122
2490	283.1400146
2491	282.9899902
2492	283.0899963
2493	283.1600037
2494	283.1600037
2495	283.2399902
2496	283.2600098
2497	283.3200073
2498	283.4500122
2499	283.4700012
2500	283.5100098
2501	283.4899902
2502	283.4500122
2503	283.3500061
2504	283.3900146
2505	283.3900146
2506	283.2600098
2507	283.0499878
2508	282.9899902
2509	282.9899902
2510	283.2600098
2511	283.3500061
2512	283.3500061
2513	283.2600098
2514	283.1400146
2515	283.2000122
2516	283.1799927
2517	283.2399902
2518	283.1799927
2519	283.2600098
2520	283.3500061
2521	283.2399902
2522	283.1400146
2523	283.1600037
2524	283.3900146
2525	283.3699951
2526	283.3699951
2527	283.3900146
2528	283.3900146
2529	283.3500061
2530	283.4100037
2531	283.3699951
2532	283.3200073
2533	283.3900146
2534	283.6199951
2535	283.6000061
2536	283.3699951
2537	283.3699951
2538	283.3699951
2539	283.2799988
2540	283.4100037
2541	283.5100098
2542	283.5100098
2543	283.3900146
2544	283.3900146
2545	283.2399902
2546	283.2000122
2547	283.2200012
2548	283.3200073
2549	283.4100037
2550	283.5799866
2551	283.5799866
2552	283.5499878
2553	283.5299988
2554	283.4899902
2555	283.5499878
2556	283.6400146
2557	283.7000122
2558	283.7399902
2559	283.7600098
2560	283.6600037
2561	283.6000061
2562	283.6799927
2563	283.5499878
2564	283.5499878
2565	283.5100098
2566	283.6400146
2567	283.6799927
2568	283.7000122
2569	283.6799927
2570	283.6000061
2571	283.5799866
2572	283.5799866
2573	283.8099976
2574	283.8699951
2575	283.7799988
2576	283.7799988
2577	283.7600098
2578	283.8900146
2579	283.8699951
2580	283.7399902
2581	283.7399902
2582	283.7200012
2583	283.7200012
2584	283.5100098
2585	283.6000061
2586	283.5799866
2587	283.6400146
2588	283.6199951
2589	283.6799927
2590	283.6600037
2591	283.5299988
2592	283.4899902
2593	283.5299988
2594	283.6199951
2595	283.5299988
2596	283.5799866
2597	283.5799866
2598	283.4700012
2599	283.4500122
2600	283.5799866
2601	283.6600037
2602	283.5299988
2603	283.6000061
2604	283.6000061
2605	283.6000061
2606	283.6400146
2607	283.7200012
2608	283.7200012
2609	283.6600037
2610	283.5499878
2611	283.5100098
2612	283.5299988
2613	283.6199951
2614	283.6199951
2615	283.6199951
2616	283.5100098
2617	283.6000061
2618	283.6600037
2619	283.7600098
2620	283.7200012
2621	283.5100098
2622	283.5100098
2623	283.4500122
2624	283.4500122
2625	283.4700012
2626	283.4299927
2627	283.5499878
2628	283.6199951
2629	283.5499878
2630	283.4500122
2631	283.4299927
2632	283.4500122
2633	283.3500061
2634	283.3699951
2635	283.4299927
2636	283.5299988
2637	283.5499878
2638	283.4700012
2639	283.5799866
2640	283.4700012
2641	283.5100098
2642	283.4500122
2643	283.4500122
2644	283.4500122
2645	283.4899902
2646	283.4700012
2647	283.4700012
2648	283.6799927
2649	283.7000122
2650	283.5799866
2651	283.5299988
2652	283.3500061
2653	283.2799988
2654	283.2799988
2655	283.2399902
2656	283.2200012
2657	283.2600098
2658	283.2000122
2659	282.9899902
2660	282.8599854
2661	282.6600037
2662	281.6700134
2663	280.8999939
2664	280.5400085
2665	279.75
2666	279.1000061
2667	278.8500061
2668	278.6600037
2669	278.5100098
2670	278.4899902
2671	278.4700012
2672	278.5799866
2673	278.6600037
2674	278.9500122
2675	279.1000061
2676	279.269989
2677	279.4599915
2678	279.5799866
2679	279.5799866
2680	279.9599915
2681	280.1900024
2682	280.2099915
2683	280.3999939
2684	280.3800049
2685	280.5400085
2686	280.5400085
2687	280.6900024
2688	280.769989
2689	280.8800049
2690	281
2691	281.019989
2692	281.1499939
2693	281.1499939
2694	281.3200073
2695	281.3800049
2696	281.4200134
2697	281.3599854
2698	281.3200073
2699	281.3399963
2700	281.3800049
2701	281.3999939
2702	281.3800049
2703	281.3999939
2704	281.4599915
2705	281.5700073
2706	281.6700134
2707	281.6300049
2708	281.6900024
2709	281.7099915
2710	281.8599854
2711	281.7799988
2712	281.7999878
2713	281.7999878
2714	281.7999878
2715	281.7999878
2716	281.7999878
2717	281.7600098
2718	281.7600098
2719	281.7999878
2720	281.8800049
2721	281.9200134
2722	282.0299988
2723	282.0899963
2724	282.1099854
2725	282.1099854
2726	282.0899963
2727	282.1499939
2728	282.1099854
2729	282.1099854
2730	282.0499878
2731	282.0899963
2732	282.0899963
2733	282.0700073
2734	282.1099854
2735	282.0499878
2736	281.9899902
2737	282.0100098
2738	281.9400024
2739	281.9899902
2740	282.1099854
2741	282.1499939
2742	282.2200012
2743	282.2600098
2744	282.2399902
2745	282.1700134
2746	282.1499939
2747	282.2200012
2748	282.2399902
2749	282.2200012
2750	282.1099854
2751	282.1300049
2752	282.0899963
2753	282.1300049
2754	282.1700134
2755	282.2000122
2756	282.2600098
2757	282.2600098
2758	282.3599854
2759	282.3399963
2760	282.3800049
2761	282.3200073
2762	282.3800049
2763	282.2999878
2764	282.2999878
2765	282.3599854
2766	282.2999878
2767	282.3599854
2768	282.2999878
2769	282.2999878
2770	282.2799988
2771	282.3399963
2772	282.3399963
2773	282.3399963
2774	282.3800049
2775	282.2600098
2776	282.2799988
2777	282.2999878
2778	282.3200073
2779	282.4299927
2780	282.3800049
2781	282.3599854
2782	282.3800049
2783	282.3399963
2784	282.2600098
2785	282.2399902
2786	282.3399963
2787	282.5700073
2788	282.5100098
2789	282.5100098
2790	282.4700012
2791	282.3800049
2792	282.4299927
2793	282.3800049
2794	282.3800049
2795	282.3800049
2796	282.3800049
2797	282.4500122
2798	282.4700012
2799	282.4899902
2800	282.4299927
2801	282.3800049
2802	282.4700012
2803	282.4700012
2804	282.2399902
2805	282.2600098
2806	282.2200012
2807	282.2600098
2808	282.2799988
2809	282.2799988
2810	282.2600098
2811	282.2999878
2812	282.3399963
2813	282.3200073
2814	282.3399963
2815	282.2999878
2816	282.3200073
2817	282.3399963
2818	282.3999939
2819	282.3999939
2820	282.4500122
2821	282.4299927
2822	282.4299927
2823	282.3800049
2824	282.3200073
2825	282.3599854
2826	282.2600098
2827	282.2799988
2828	282.2799988
2829	282.2200012
2830	282.2999878
2831	282.3399963
2832	282.3599854
2833	282.3399963
2834	282.2799988
2835	282.2799988
2836	282.3999939
2837	282.4899902
2838	282.4899902
2839	282.5100098
2840	282.4299927
2841	282.5100098
2842	282.5700073
2843	282.4899902
2844	282.4700012
2845	282.4700012
2846	282.4899902
2847	282.4899902
2848	282.4500122
2849	282.4700012
2850	282.4899902
2851	282.4299927
2852	282.4700012
2853	282.3999939
2854	282.2799988
2855	282.3399963
2856	282.3200073
2857	282.2799988
2858	282.3200073
2859	282.3999939
2860	282.3999939
2861	282.4500122
2862	282.4299927
2863	282.3999939
2864	282.5100098
2865	282.4299927
2866	282.4299927
2867	282.4299927
2868	282.5100098
2869	282.5499878
2870	282.5100098
2871	282.4500122
2872	282.4700012
2873	282.4899902
2874	282.4899902
2875	282.3999939
2876	282.3999939
2877	282.3599854
2878	282.3399963
2879	282.4299927
2880	282.3800049
2881	282.3599854
2882	282.4500122
2883	282.3399963
2884	282.4500122
2885	282.5499878
2886	282.4299927
2887	282.3999939
2888	282.3800049
2889	282.3800049
2890	282.3399963
2891	282.3399963
2892	282.3599854
2893	282.3200073
2894	282.3399963
2895	282.3399963
2896	282.3599854
2897	282.3800049
2898	282.3599854
2899	282.3599854
2900	282.3200073
2901	282.3599854
2902	282.3399963
2903	282.4500122
2904	282.3999939
2905	282.4500122
2906	282.4500122
2907	282.3399963
2908	282.2999878
2909	282.3200073
2910	282.3599854
2911	282.3800049
2912	282.4500122
2913	282.3800049
2914	282.3999939
2915	282.3599854
2916	282.2600098
2917	282.2999878
2918	282.3599854
2919	282.3399963
2920	282.4500122
2921	282.3200073
2922	282.2799988
2923	282.3200073
2924	282.3599854
2925	282.2799988
2926	282.2000122
2927	282.2200012
2928	282.3599854
2929	282.3399963
2930	282.2600098
2931	282.2600098
2932	282.1300049
2933	282.2399902
2934	282.1300049
2935	282.1300049
2936	282.2799988
2937	282.2999878
2938	282.2999878
2939	282.2999878
2940	282.2200012
2941	282.2200012
2942	282.3200073
2943	282.2799988
2944	282.3399963
2945	282.3399963
2946	282.2999878
2947	282.3399963
2948	282.3800049
2949	282.2999878
2950	282.1499939
2951	282.2000122
2952	282.2200012
2953	282.3399963
2954	282.4299927
2955	282.4299927
2956	282.5499878
2957	282.5700073
2958	282.5499878
2959	282.6099854
2960	282.6799927
2961	282.7399902
2962	282.7000122
2963	282.7799988
2964	282.7999878
2965	282.7200012
2966	282.6799927
2967	282.8200073
2968	282.9100037
2969	283.0100098
2970	283.0100098
2971	282.8900146
2972	282.9899902
2973	282.9899902
2974	283.0100098
2975	282.9700012
2976	282.9100037
2977	282.9100037
2978	283.0299988
2979	283.0899963
2980	283.0100098
2981	282.8900146
2982	282.7999878
2983	282.8599854
2984	282.8399963
2985	282.8200073
2986	282.8900146
2987	282.8599854
2988	282.9100037
2989	282.9100037
2990	282.9899902
2991	282.9500122
2992	282.9100037
2993	282.8399963
2994	282.7799988
2995	282.7600098
2996	282.7999878
2997	282.8399963
2998	282.7999878
2999	282.8399963
3000	283.0700073
3001	283.1199951
3002	283.1199951
3003	282.9500122
3004	282.8599854
3005	282.7999878
3006	282.7799988
3007	282.7399902
3008	282.7200012
3009	282.7200012
3010	282.8900146
3011	282.9899902
3012	283.0700073
3013	282.9700012
3014	282.9299927
3015	282.9700012
3016	282.9700012
3017	282.9299927
3018	282.9100037
3019	282.9700012
3020	283.0100098
3021	283.0100098
3022	283.0899963
3023	283.0700073
3024	283.1400146
3025	283.2000122
3026	283.3699951
3027	283.2999878
3028	283.2600098
3029	283.0499878
3030	282.9700012
3031	283.1799927
3032	283.2200012
3033	283.1600037
3034	283.0100098
3035	283.0899963
3036	282.9899902
3037	283.0499878
3038	283.0899963
3039	283.0700073
3040	283.2999878
3041	283.2999878
3042	283.3699951
3043	283.4700012
3044	283.4500122
3045	283.4100037
3046	283.2600098
3047	283.2000122
3048	283.2000122
3049	283.0899963
3050	283.0100098
3051	283.0100098
3052	283.0899963
3053	283.0899963
3054	283.1199951
3055	283.1400146
3056	283.2600098
3057	283.2799988
3058	283.2999878
3059	283.2399902
3060	283.2399902
3061	283.2000122
3062	283.1400146
3063	283.0700073
3064	283.1600037
3065	283.2000122
3066	283.2200012
3067	283.1600037
3068	283.2000122
3069	283.1600037
3070	283.2000122
3071	283.0899963
3072	283.0700073
3073	282.9899902
3074	282.9899902
3075	283.0899963
3076	283.0100098
3077	283.0499878
3078	282.9899902
3079	282.9899902
3080	282.9899902
3081	283.0899963
3082	283.1799927
3083	283.2200012
3084	283.2200012
3085	283.0899963
3086	283.0100098
3087	283.0100098
3088	283.0100098
3089	283.0299988
3090	283.0299988
3091	283.0299988
3092	283.1400146
3093	283.2200012
3094	283.0899963
3095	283.1400146
3096	283.2000122
3097	283.2000122
3098	283.0299988
3099	283.0499878
3100	283.1600037
3101	283.1600037
3102	283.1600037
3103	283.0899963
3104	282.9500122
3105	282.8599854
3106	282.8200073
3107	282.9100037
3108	282.9700012
3109	283.1199951
3110	283.1799927
3111	283.1600037
3112	283.1600037
3113	283.1199951
3114	283.1199951
3115	283.1199951
3116	283.1600037
3117	283.1199951
3118	283.2000122
3119	283.2000122
3120	283.2200012
3121	283.1799927
3122	283.1400146
3123	283.0299988
3124	282.9100037
3125	282.8599854
3126	282.8599854
3127	282.8200073
3128	282.7999878
3129	282.9299927
3130	282.9500122
3131	282.9700012
3132	282.9100037
3133	282.7799988
3134	282.0700073
3135	281.7099915
3136	280.8599854
3137	279.8099976
3138	279.4299927
3139	278.7399902
3140	278.5100098
3141	278.2799988
3142	278.1400146
3143	278.1000061
3144	278.1799927
3145	278.2600098
3146	278.3099976
3147	278.3500061
3148	278.4899902
3149	278.6000061
3150	278.8900146
3151	278.8900146
3152	279.1600037
3153	279.3500061
3154	279.4599915
3155	279.6400146
3156	279.8500061
3157	279.8900146
3158	279.8900146
3159	279.9200134
3160	280
3161	280.0599976
3162	280.2099915
3163	280.2900085
3164	280.3500061
3165	280.4599915
3166	280.5599976
3167	280.5799866
3168	280.5799866
3169	280.6300049
3170	280.6700134
3171	280.730011
3172	280.7900085
3173	280.8599854
3174	280.9200134
3175	281
3176	281.0899963
3177	281.1499939
3178	281.1700134
3179	281.1900024
3180	281.1900024
3181	281.230011
3182	281.3200073
3183	281.3200073
3184	281.4200134
3185	281.4200134
3186	281.4599915
3187	281.4200134
3188	281.3800049
3189	281.4599915
3190	281.4599915
3191	281.5299988
3192	281.5700073
3193	281.6300049
3194	281.5899963
3195	281.5700073
3196	281.5499878
3197	281.5499878
3198	281.5899963
3199	281.6700134
3200	281.8200073
3201	281.8200073
3202	281.8200073
3203	281.8399963
3204	281.7600098
3205	281.8999939
3206	281.8599854
3207	281.8999939
3208	281.8599854
3209	281.7799988
3210	281.7099915
3211	281.6900024
3212	281.730011
3213	281.7799988
3214	281.8599854
3215	281.8399963
3216	281.8599854
3217	281.9400024
3218	281.9899902
3219	281.9899902
3220	281.9400024
3221	281.9400024
3222	281.9400024
3223	281.9599915
3224	281.9599915
3225	281.8999939
3226	281.9400024
3227	281.9899902
3228	282.1099854
3229	282.1099854
3230	282.2000122
3231	282.2200012
3232	282.2399902
3233	282.2200012
3234	282.1300049
3235	282.0700073
3236	282.0899963
3237	282.1099854
3238	282.1099854
3239	282.2000122
3240	282.1499939
3241	282.2000122
3242	282.2000122
3243	282.2000122
3244	282.1700134
3245	282.2200012
3246	282.2399902
3247	282.2999878
3248	282.3200073
3249	282.2799988
3250	282.2600098
3251	282.2600098
3252	282.2200012
3253	282.2799988
3254	282.2799988
3255	282.2600098
3256	282.2200012
3257	282.2200012
3258	282.3599854
3259	282.3800049
3260	282.3999939
3261	282.3999939
3262	282.2999878
3263	282.3599854
3264	282.2399902
3265	282.2600098
3266	282.2999878
3267	282.3200073
3268	282.3200073
3269	282.2200012
3270	282.2000122
3271	282.1300049
3272	282.1700134
3273	282.1700134
3274	282.2000122
3275	282.2200012
3276	282.2000122
3277	282.1499939
3278	282.2399902
3279	282.2000122
3280	282.1499939
3281	282.2600098
3282	282.2600098
3283	282.2600098
3284	282.3200073
3285	282.4299927
3286	282.4899902
3287	282.4899902
3288	282.4299927
3289	282.4899902
3290	282.5299988
3291	282.5499878
3292	282.5499878
3293	282.5499878
3294	282.4700012
3295	282.3800049
3296	282.3599854
3297	282.2799988
3298	282.2600098
3299	282.2999878
3300	282.2999878
3301	282.2799988
3302	282.3200073
3303	282.2799988
3304	282.2999878
3305	282.2999878
3306	282.3599854
3307	282.3599854
3308	282.2799988
3309	282.4299927
3310	282.4500122
3311	282.3999939
3312	282.4299927
3313	282.3200073
3314	282.3399963
3315	282.4299927
3316	282.3800049
3317	282.3399963
3318	282.3800049
3319	282.3599854
3320	282.3399963
3321	282.3999939
3322	282.3800049
3323	282.3999939
3324	282.4299927
3325	282.4299927
3326	282.3800049
3327	282.4500122
3328	282.4500122
3329	282.4500122
3330	282.3399963
3331	282.3200073
3332	282.3200073
3333	282.4299927
3334	282.3800049
3335	282.4500122
3336	282.4299927
3337	282.4299927
3338	282.4299927
3339	282.4299927
3340	282.4700012
3341	282.4299927
3342	282.4500122
3343	282.2600098
3344	282.2999878
3345	282.3399963
3346	282.2999878
3347	282.2799988
3348	282.3200073
3349	282.2600098
3350	282.2399902
3351	282.2799988
3352	282.3399963
3353	282.3399963
3354	282.5899963
3355	282.5100098
3356	282.5899963
3357	282.5700073
3358	282.4899902
3359	282.4899902
3360	282.4500122
3361	282.4500122
3362	282.5499878
3363	282.6099854
3364	282.6099854
3365	282.4299927
3366	282.3999939
3367	282.4500122
3368	282.3999939
3369	282.4299927
3370	282.4700012
3371	282.4700012
3372	282.3800049
3373	282.4299927
3374	282.3999939
3375	282.3399963
3376	282.3399963
3377	282.3399963
3378	282.3399963
3379	282.3399963
3380	282.3599854
3381	282.3599854
3382	282.3999939
3383	282.4899902
3384	282.3800049
3385	282.4899902
3386	282.5299988
3387	282.4700012
3388	282.4700012
3389	282.5899963
3390	282.5499878
3391	282.5899963
3392	282.6099854
3393	282.5700073
3394	282.6300049
3395	282.5499878
3396	282.4700012
3397	282.4899902
3398	282.4299927
3399	282.4700012
3400	282.4299927
3401	282.3399963
3402	282.3599854
3403	282.3599854
3404	282.3800049
3405	282.4899902
3406	282.4299927
3407	282.3800049
3408	282.3200073
3409	282.3599854
3410	282.3599854
3411	282.3800049
3412	282.5100098
3413	282.5100098
3414	282.4500122
3415	282.4299927
3416	282.5499878
3417	282.5700073
3418	282.5499878
3419	282.4299927
3420	282.2999878
3421	282.2799988
3422	282.2200012
3423	282.1300049
3424	282.2000122
3425	282.2999878
3426	282.3399963
3427	282.4500122
3428	282.5499878
3429	282.6099854
3430	282.6300049
3431	282.6600037
3432	282.6300049
3433	282.7600098
3434	282.7799988
3435	282.7799988
3436	282.7999878
3437	282.8200073
3438	282.7999878
3439	282.8200073
3440	282.8900146
3441	283.0100098
3442	283.0100098
3443	283.3500061
3444	283.2999878
3445	283.3900146
3446	283.4100037
3447	283.3200073
3448	283.0499878
3449	283.0499878
3450	283.0499878
3451	283.1199951
3452	283.2000122
3453	283.2200012
3454	283.2000122
3455	283.1799927
3456	283.2000122
3457	283.1799927
3458	283.3500061
3459	283.2000122
3460	283.1199951
3461	283.0899963
3462	283.2200012
3463	283.1600037
3464	283.1799927
3465	283.2000122
3466	283.2399902
3467	283.1600037
3468	283.0700073
3469	283.0499878
3470	283.1199951
3471	283.1400146
3472	283.1400146
3473	283.1600037
3474	283.1600037
3475	283.0899963
3476	283.1199951
3477	283.2000122
3478	283.1600037
3479	283.1600037
3480	283.1400146
3481	283.1400146
3482	283.1799927
3483	283.2000122
3484	283.2399902
3485	283.2399902
3486	283.3200073
3487	283.4299927
3488	283.4299927
3489	283.4299927
3490	283.3900146
3491	283.3699951
3492	283.3200073
3493	283.3699951
3494	283.4100037
3495	283.2999878
3496	283.2999878
3497	283.2600098
3498	283.2600098
3499	283.1400146
3500	283.0700073
3501	283.1600037
3502	283.2000122
3503	283.2000122
3504	283.2600098
3505	283.3200073
3506	283.3200073
3507	283.4700012
3508	283.3500061
3509	283.4100037
3510	283.4700012
3511	283.4899902
3512	283.3900146
3513	283.3900146
3514	283.2200012
3515	283.1600037
3516	283.0700073
3517	282.9500122
3518	282.9700012
3519	282.9899902
3520	282.9899902
3521	283.2000122
3522	283.2399902
3523	283.2200012
3524	283.1600037
3525	283.1799927
3526	283.2799988
3527	283.2799988
3528	283.4100037
3529	283.3900146
3530	283.2999878
3531	283.3200073
3532	283.4500122
3533	283.4299927
3534	283.3900146
3535	283.4500122
3536	283.3900146
3537	283.3699951
3538	283.2999878
3539	283.2799988
3540	283.2200012
3541	283.2200012
3542	283.2000122
3543	283.1799927
3544	283.2200012
3545	283.2200012
3546	283.2399902
3547	283.2999878
3548	283.3200073
3549	283.2600098
3550	283.2399902
3551	283.2200012
3552	283.2200012
3553	283.2399902
3554	283.1600037
3555	283.2000122
3556	283.1799927
3557	283.2600098
3558	283.2999878
3559	283.2399902
3560	283.2000122
3561	283.2200012
3562	283.2600098
3563	283.2200012
3564	283.2200012
3565	283.2399902
3566	283.2999878
3567	283.2000122
3568	283.2799988
3569	283.3200073
3570	283.2799988
3571	283.3900146
3572	283.3500061
3573	283.2799988
3574	283.3500061
3575	283.3500061
3576	283.3200073
3577	283.2200012
3578	283.2200012
3579	283.3200073
3580	283.2799988
3581	283.2000122
3582	283.4500122
3583	283.6799927
3584	283.6799927
3585	283.5799866
3586	283.5299988
3587	283.4100037
3588	283.4299927
3589	283.3500061
3590	283.4700012
3591	283.4700012
3592	283.4700012
3593	283.4299927
3594	283.4100037
3595	283.4100037
3596	283.3699951
3597	283.2799988
3598	283.3699951
3599	283.2799988
3600	283.3200073
3601	283.3200073
3602	283.2200012
3603	283.2600098
3604	283.2600098
3605	283.2000122
3606	283.0100098
3607	282.8200073
3608	282.2399902
3609	281.4599915
3610	281.1099854
3611	280.3299866
3612	279.9200134
3613	279.25
3614	278.9299927
3615	278.6199951
3616	278.6199951
3617	278.5400085
3618	278.6400146
3619	278.6199951
3620	278.9100037
3621	279.230011
3622	279.3500061
3623	279.3500061
3624	279.769989
3625	280.1000061
3626	280.1900024
3627	280.3999939
3628	280.5799866
3629	280.6700134
3630	280.6700134
3631	280.8099976
3632	280.8999939
3633	280.8999939
3634	281.0700073
3635	281.1499939
3636	281.0400085
3637	281.0700073
3638	281.1099854
3639	281.1300049
3640	281.25
3641	281.3599854
3642	281.3999939
3643	281.4200134
3644	281.4599915
3645	281.5299988
3646	281.5299988
3647	281.5499878
3648	281.5
3649	281.5299988
3650	281.5700073
3651	281.6099854
3652	281.6300049
3653	281.6499939
3654	281.6499939
3655	281.6499939
3656	281.6700134
3657	281.7099915
3658	281.6900024
3659	281.8200073
3660	281.8599854
3661	281.8599854
3662	281.8599854
3663	281.9599915
3664	281.8999939
3665	281.7999878
3666	281.8399963
3667	281.8399963
3668	281.8999939
3669	281.9200134
3670	281.9599915
3671	281.9599915
3672	281.9200134
3673	281.9599915
3674	282.0899963
3675	282.0299988
3676	282.0700073
3677	282.0899963
3678	282.0299988
3679	281.9899902
3680	281.9400024
3681	281.9200134
3682	281.8599854
3683	281.8999939
3684	281.9200134
3685	282.0499878
3686	282.1499939
3687	282.1499939
3688	282.2600098
3689	282.2999878
3690	282.3399963
3691	282.3399963
3692	282.3200073
3693	282.2799988
3694	282.2799988
3695	282.2799988
3696	282.3200073
3697	282.2799988
3698	282.2999878
3699	282.2799988
3700	282.3399963
3701	282.3399963
3702	282.3599854
3703	282.3800049
3704	282.2999878
3705	282.2399902
3706	282.3200073
3707	282.2600098
3708	282.2600098
3709	282.1700134
3710	282.1300049
3711	282.1499939
3712	282.2200012
3713	282.2000122
3714	282.1300049
3715	282.1700134
3716	282.0499878
3717	282.0499878
3718	282.0899963
3719	282.1300049
3720	282.1300049
3721	282.1099854
3722	282.1300049
3723	282.1099854
3724	282.1499939
3725	282.2000122
3726	282.2000122
3727	282.2200012
3728	282.2399902
3729	282.2200012
3730	282.2799988
3731	282.2799988
3732	282.2799988
3733	282.2799988
3734	282.3399963
3735	282.2600098
3736	282.2000122
3737	282.2000122
3738	282.2600098
3739	282.3800049
3740	282.4899902
3741	282.3399963
3742	282.3800049
3743	282.3800049
3744	282.2399902
3745	282.1700134
3746	282.0899963
3747	282.0100098
3748	281.8999939
3749	281.9200134
3750	281.7799988
3751	281.8200073
3752	281.8200073
3753	281.7799988
3754	281.9400024
3755	282.2000122
3756	282.3200073
3757	282.1499939
3758	282.0899963
3759	282.0299988
3760	282.1700134
3761	282.2999878
3762	282.2399902
3763	282.1300049
3764	282.0899963
3765	282.0899963
3766	281.9899902
3767	282.0700073
3768	282.0299988
3769	282.0299988
3770	281.9200134
3771	281.8800049
3772	281.8800049
3773	281.9200134
3774	281.8200073
3775	281.8399963
3776	281.7999878
3777	281.7999878
3778	281.7600098
3779	281.8200073
3780	281.7799988
3781	281.730011
3782	281.8399963
3783	281.7999878
3784	281.7099915
3785	281.6700134
3786	281.7799988
3787	281.7600098
3788	281.7600098
3789	281.7999878
3790	281.7999878
3791	281.7799988
3792	281.7799988
3793	281.7999878
3794	281.7799988
3795	281.6900024
3796	281.7999878
3797	281.7999878
3798	281.730011
3799	281.6700134
3800	281.6900024
3801	281.5700073
3802	281.5899963
3803	281.6900024
3804	281.6900024
3805	281.6499939
3806	281.7099915
3807	281.6700134
3808	281.6900024
3809	281.6900024
3810	281.6900024
3811	281.6900024
3812	281.6900024
3813	281.6499939
3814	281.7099915
3815	281.6300049
3816	281.7600098
3817	281.6900024
3818	281.6900024
3819	281.7099915
3820	281.6499939
3821	281.6099854
3822	281.6700134
3823	281.5899963
3824	281.5899963
3825	281.6700134
3826	281.6099854
3827	281.6300049
3828	281.5700073
3829	281.5499878
3830	281.5700073
3831	281.480011
3832	281.5899963
3833	281.5299988
3834	281.5299988
3835	281.5899963
3836	281.5899963
3837	281.6099854
3838	281.730011
3839	281.6900024
3840	281.6900024
3841	281.6099854
3842	281.5299988
3843	281.5299988
3844	281.5899963
3845	281.5499878
3846	281.5
3847	281.5
3848	281.5299988
3849	281.5299988
3850	281.5499878
3851	281.5700073
3852	281.5899963
3853	281.6099854
3854	281.5499878
3855	281.5700073
3856	281.6300049
3857	281.6300049
3858	281.6499939
3859	281.6300049
3860	281.6099854
3861	281.5700073
3862	281.5899963
3863	281.5299988
3864	281.5299988
3865	281.480011
3866	281.4599915
3867	281.5
3868	281.5
3869	281.5899963
3870	281.5899963
3871	281.6300049
3872	281.7600098
3873	281.730011
3874	281.6700134
3875	281.6700134
3876	281.6300049
3877	281.6700134
3878	281.6300049
3879	281.5700073
3880	281.6099854
3881	281.6300049
3882	281.6300049
3883	281.6499939
3884	281.5899963
3885	281.6499939
3886	281.6900024
3887	281.6300049
3888	281.7099915
3889	281.6700134
3890	281.6499939
3891	281.5700073
3892	281.6900024
3893	281.730011
3894	281.7099915
3895	281.7799988
3896	281.730011
3897	281.6499939
3898	281.6300049
3899	281.6900024
3900	281.6499939
3901	281.7799988
3902	281.8999939
3903	281.9200134
3904	281.9400024
3905	282.1099854
3906	282.2200012
3907	282.2200012
3908	282.3800049
3909	282.3599854
3910	282.2399902
3911	282.1700134
3912	282.1499939
3913	282.2399902
3914	282.2399902
3915	282.5299988
3916	282.6099854
3917	282.6099854
3918	282.4299927
3919	282.2799988
3920	282.2999878
3921	282.2999878
3922	282.2799988
3923	282.2799988
3924	282.2600098
3925	282.3800049
3926	282.4299927
3927	282.4299927
3928	282.4700012
3929	282.3800049
3930	282.3999939
3931	282.4899902
3932	282.5499878
3933	282.6600037
3934	282.7200012
3935	282.7600098
3936	282.7600098
3937	282.6799927
3938	282.7000122
3939	282.7000122
3940	282.7000122
3941	282.7600098
3942	282.8399963
3943	282.8599854
3944	282.8200073
3945	282.7999878
3946	282.7999878
3947	282.8900146
3948	282.8900146
3949	282.7999878
3950	282.8900146
3951	282.9700012
3952	283.1799927
3953	283.1799927
3954	283.0299988
3955	283.1199951
3956	283.0499878
3957	282.8599854
3958	282.9299927
3959	282.9299927
3960	283.0100098
3961	282.8900146
3962	282.9299927
3963	282.7799988
3964	282.6600037
3965	282.7200012
3966	282.6799927
3967	282.6799927
3968	282.6600037
3969	282.6099854
3970	282.6600037
3971	282.8900146
3972	282.9100037
3973	282.9299927
3974	282.9299927
3975	282.9299927
3976	282.9899902
3977	283.0499878
3978	283.0499878
3979	282.9299927
3980	283.0499878
3981	283.1799927
3982	283.2200012
3983	283.1400146
3984	282.9700012
3985	282.9700012
3986	283.0899963
3987	282.9700012
3988	282.9700012
3989	283.0899963
3990	282.9299927
3991	282.7399902
3992	282.7399902
3993	282.5899963
3994	282.5899963
3995	282.5700073
3996	282.8599854
3997	283.0499878
3998	283.1199951
3999	283.0700073
4000	283.0499878
4001	283.1600037
4002	283.1400146
4003	283.2000122
4004	283.2000122
4005	283.4100037
4006	283.3900146
4007	283.1400146
4008	283.0299988
4009	283.0700073
4010	283.1600037
4011	283.0700073
4012	282.9700012
4013	282.8900146
4014	282.9100037
4015	282.8399963
4016	282.7600098
4017	282.7600098
4018	282.9100037
4019	282.9700012
4020	283.0100098
4021	282.8599854
4022	282.9500122
4023	282.9700012
4024	282.9700012
4025	282.9500122
4026	282.8200073
4027	282.7600098
4028	282.7200012
4029	282.7399902
4030	282.7799988
4031	282.8200073
4032	283.2000122
4033	283.2399902
4034	283.2200012
4035	283.2600098
4036	283.2600098
4037	283.1400146
4038	283.0499878
4039	283.1600037
4040	283.1199951
4041	283.1799927
4042	283.2600098
4043	283.2999878
4044	283.2799988
4045	283.1400146
4046	283.0100098
4047	283.0100098
4048	283.0299988
4049	283.0299988
4050	282.9700012
4051	282.9299927
4052	283.0100098
4053	283.0299988
4054	283.0299988
4055	283.0100098
4056	283.0100098
4057	282.9700012
4058	282.8599854
4059	282.8599854
4060	282.9100037
4061	282.9500122
4062	282.9299927
4063	282.9299927
4064	282.9100037
4065	282.8599854
4066	282.8900146
4067	282.8599854
4068	282.7799988
4069	282.8599854
4070	282.7799988
4071	282.5899963
4072	282.5700073
4073	282.5299988
4074	282.5299988
4075	282.5700073
4076	282.5499878
4077	282.5499878
4078	282.5100098
4079	282.4299927
4080	282.1300049
4081	281.480011
4082	281.0700073
4083	280
4084	279.519989
4085	278.5799866
4086	277.9899902
4087	277.5700073
4088	277.5700073
4089	277.2999878
4090	277.2799988
4091	277.2399902
4092	277.3399963
4093	277.5499878
4094	277.8200073
4095	277.8200073
4096	277.9299927
4097	278.1400146
4098	278.2600098
4099	278.4100037
4100	278.6000061
4101	278.7200012
4102	278.7399902
4103	278.9100037
4104	278.9299927
4105	279.019989
4106	279.2000122
4107	279.3699951
4108	279.5
4109	279.5
4110	279.8299866
4111	279.8099976
4112	279.9400024
4113	280.1499939
4114	280.2099915
4115	280.25
4116	280.1700134
4117	280.230011
4118	280.230011
4119	280.230011
4120	280.230011
4121	280.3800049
4122	280.5599976
4123	280.6099854
4124	280.6499939
4125	280.7099915
4126	280.8800049
4127	280.8800049
4128	280.980011
4129	280.8999939
4130	280.9400024
4131	280.8999939
4132	281
4133	281.019989
4134	281.019989
4135	281.0400085
4136	281.0700073
4137	281.1099854
4138	281.1099854
4139	281.0700073
4140	281.0400085
4141	281.0700073
4142	281.1099854
4143	281.1099854
4144	281.1099854
4145	281.230011
4146	281.25
4147	281.3399963
4148	281.3800049
4149	281.3800049
4150	281.3399963
4151	281.25
4152	281.25
4153	281.269989
4154	281.3599854
4155	281.3200073
4156	281.3800049
4157	281.4599915
4158	281.3800049
4159	281.3800049
4160	281.25
4161	281.2999878
4162	281.4200134
4163	281.4200134
4164	281.4599915
4165	281.4400024
4166	281.4400024
4167	281.5499878
4168	281.6700134
4169	281.7099915
4170	281.6900024
4171	281.7799988
4172	281.6900024
4173	281.6700134
4174	281.6300049
4175	281.6099854
4176	281.5899963
4177	281.6499939
4178	281.6499939
4179	281.6700134
4180	281.5899963
4181	281.6099854
4182	281.6300049
4183	281.5899963
4184	281.5700073
4185	281.6300049
4186	281.6499939
4187	281.6900024
4188	281.6900024
4189	281.6700134
4190	281.5899963
4191	281.5899963
4192	281.6499939
4193	281.6900024
4194	281.6099854
4195	281.6499939
4196	281.6900024
4197	281.730011
4198	281.730011
4199	281.6700134
4200	281.6700134
4201	281.6300049
4202	281.6300049
4203	281.6700134
4204	281.6300049
4205	281.6300049
4206	281.6499939
4207	281.6300049
4208	281.6499939
4209	281.7099915
4210	281.7999878
4211	281.8200073
4212	281.7600098
4213	281.7799988
4214	281.7600098
4215	281.8599854
4216	281.7600098
4217	281.730011
4218	281.7099915
4219	281.7799988
4220	281.7999878
4221	281.7600098
4222	281.6900024
4223	281.6499939
4224	281.6700134
4225	281.5
4226	281.5499878
4227	281.5
4228	281.5299988
4229	281.5299988
4230	281.5299988
4231	281.6300049
4232	281.6499939
4233	281.6499939
4234	281.6099854
4235	281.5899963
4236	281.6900024
4237	281.6900024
4238	281.7600098
4239	281.8200073
4240	281.8200073
4241	281.7799988
4242	281.8399963
4243	281.9200134
4244	281.8800049
4245	281.9200134
4246	281.8399963
4247	281.8599854
4248	281.8599854
4249	281.8599854
4250	281.7799988
4251	281.7799988
4252	281.6300049
4253	281.6499939
4254	281.6700134
4255	281.6700134
4256	281.7099915
4257	281.7799988
4258	281.6900024
4259	281.6499939
4260	281.5700073
4261	281.6499939
4262	281.6900024
4263	281.6099854
4264	281.5899963
4265	281.6499939
4266	281.6700134
4267	281.6900024
4268	281.730011
4269	281.730011
4270	281.7099915
4271	281.7799988
4272	281.730011
4273	281.7600098
4274	281.7999878
4275	281.7799988
4276	281.7799988
4277	281.8200073
4278	281.6700134
4279	281.7600098
4280	281.7099915
4281	281.730011
4282	281.7799988
4283	281.7600098
4284	281.8399963
4285	281.730011
4286	281.7999878
4287	281.7799988
4288	281.6700134
4289	281.6900024
4290	281.6700134
4291	281.8200073
4292	281.7600098
4293	281.7099915
4294	281.7600098
4295	281.730011
4296	281.7600098
4297	281.7600098
4298	281.6499939
4299	281.6099854
4300	281.6099854
4301	281.6099854
4302	281.6099854
4303	281.6499939
4304	281.6499939
4305	281.6499939
4306	281.6099854
4307	281.7099915
4308	281.7099915
4309	281.7600098
4310	281.730011
4311	281.6900024
4312	281.6300049
4313	281.6499939
4314	281.6900024
4315	281.6499939
4316	281.6900024
4317	281.6700134
4318	281.7099915
4319	281.6099854
4320	281.730011
4321	281.6700134
4322	281.6700134
4323	281.6499939
4324	281.6900024
4325	281.6499939
4326	281.7099915
4327	281.7999878
4328	281.7999878
4329	281.730011
4330	281.7099915
4331	281.730011
4332	281.8200073
4333	281.8599854
4334	281.9200134
4335	281.9200134
4336	281.9599915
4337	281.8599854
4338	281.8200073
4339	281.730011
4340	281.730011
4341	281.6900024
4342	281.6099854
4343	281.6300049
4344	281.6300049
4345	281.5899963
4346	281.5499878
4347	281.5499878
4348	281.5299988
4349	281.4599915
4350	281.480011
4351	281.4400024
4352	281.4200134
4353	281.5499878
4354	281.5
4355	281.5299988
4356	281.5499878
4357	281.4599915
4358	281.269989
4359	281.269989
4360	281.269989
4361	281.25
4362	281.3399963
4363	281.4400024
4364	281.3800049
4365	281.4200134
4366	281.4200134
4367	281.4400024
4368	281.5
4369	281.4599915
4370	281.3999939
4371	281.3800049
4372	281.3800049
4373	281.4599915
4374	281.480011
4375	281.480011
4376	281.5499878
4377	281.6900024
4378	281.8399963
4379	281.8399963
4380	282.0100098
4381	281.9899902
4382	282.0299988
4383	282.1099854
4384	282.0700073
4385	281.8999939
4386	281.8999939
4387	282.0499878
4388	282.0299988
4389	281.9899902
4390	282.1300049
4391	282.2799988
4392	282.1700134
4393	282.0899963
4394	282.0899963
4395	282.0299988
4396	282.0700073
4397	281.9599915
4398	281.9400024
4399	282.0499878
4400	282.0700073
4401	282.1099854
4402	282.1099854
4403	282.1499939
4404	282.1499939
4405	282.1700134
4406	282.1300049
4407	282.1099854
4408	282.0499878
4409	282.0299988
4410	282.0700073
4411	282.0700073
4412	282.0899963
4413	282.0899963
4414	282.0299988
4415	282.2200012
4416	282.2600098
4417	282.4299927
4418	282.4299927
4419	282.4299927
4420	282.2999878
4421	282.2600098
4422	282.1499939
4423	282.2600098
4424	282.3200073
4425	282.3399963
4426	282.5299988
4427	282.5499878
4428	282.5299988
4429	282.3999939
4430	282.5100098
4431	282.4899902
4432	282.6099854
4433	282.3999939
4434	282.3200073
4435	282.3599854
4436	282.4700012
4437	282.3599854
4438	282.2799988
4439	282.2200012
4440	282.1499939
4441	282.1700134
4442	282.2799988
4443	282.2799988
4444	282.3200073
4445	282.2799988
4446	282.2799988
4447	282.2399902
4448	282.1700134
4449	282.2200012
4450	282.2200012
4451	282.2799988
4452	282.2000122
4453	282.2200012
4454	282.2200012
4455	282.1700134
4456	282.3399963
4457	282.3399963
4458	282.3599854
4459	282.2999878
4460	282.2200012
4461	282.1499939
4462	282.1300049
4463	282.0700073
4464	282.0499878
4465	282.2600098
4466	282.3800049
4467	282.3999939
4468	282.3599854
4469	282.4899902
4470	282.5299988
4471	282.5100098
4472	282.4299927
4473	282.3399963
4474	282.2000122
4475	282.3399963
4476	282.3399963
4477	282.2999878
4478	282.3599854
4479	282.3800049
4480	282.3599854
4481	282.2999878
4482	282.2999878
4483	282.3399963
4484	282.2799988
4485	282.2999878
4486	282.3800049
4487	282.4899902
4488	282.4700012
4489	282.4700012
4490	282.5299988
4491	282.4500122
4492	282.3999939
4493	282.4299927
4494	282.6099854
4495	282.5899963
4496	282.5899963
4497	282.3599854
4498	282.4500122
4499	282.4899902
4500	282.3999939
4501	282.4500122
4502	282.4700012
4503	282.4700012
4504	282.3999939
4505	282.4299927
4506	282.5100098
4507	282.4500122
4508	282.4299927
4509	282.5100098
4510	282.4899902
4511	282.5499878
4512	282.5499878
4513	282.5100098
4514	282.3999939
4515	282.3800049
4516	282.2799988
4517	282.2200012
4518	282.2600098
4519	282.2999878
4520	282.3599854
4521	282.3800049
4522	282.3999939
4523	282.5299988
4524	282.4899902
4525	282.5499878
4526	282.5499878
4527	282.6300049
4528	282.6300049
4529	282.4899902
4530	282.5100098
4531	282.3800049
4532	282.4500122
4533	282.3999939
4534	282.4899902
4535	282.4899902
4536	282.4299927
4537	282.4299927
4538	282.3200073
4539	282.3399963
4540	282.3999939
4541	282.4299927
4542	282.4700012
4543	282.3599854
4544	282.2600098
4545	282.2600098
4546	282.2000122
4547	282.1300049
4548	282.1499939
4549	282.2600098
4550	282.1300049
4551	282.0700073
4552	281.9599915
4553	281.7600098
4554	281.5
4555	280.769989
4556	280.2900085
4557	279.230011
4558	278.4700012
4559	277.8699951
4560	277.8699951
4561	277.3200073
4562	277.2799988
4563	277.2799988
4564	277.3200073
4565	277.3900146
4566	277.3200073
4567	277.3200073
4568	277.4899902
4569	277.7799988
4570	277.8699951
4571	278.1799927
4572	278.3299866
4573	278.5100098
4574	278.5100098
4575	278.8900146
4576	278.9700012
4577	279.0599976
4578	279.1199951
4579	279.1600037
4580	279.230011
4581	279.3099976
4582	279.5599976
4583	279.6600037
4584	279.769989
4585	279.8900146
4586	279.9400024
4587	279.980011
4588	280.0799866
4589	280.0799866
4590	280.1499939
4591	280.1000061
4592	280.1499939
4593	280.1700134
4594	280.269989
4595	280.3099976
4596	280.3999939
4597	280.4200134
4598	280.4400024
4599	280.4400024
4600	280.519989
4601	280.5400085
4602	280.5
4603	280.519989
4604	280.480011
4605	280.5400085
4606	280.5400085
4607	280.75
4608	280.75
4609	280.730011
4610	280.8800049
4611	280.9200134
4612	280.8999939
4613	280.7900085
4614	280.8399963
4615	280.8599854
4616	280.7900085
4617	280.8599854
4618	280.9400024
4619	280.8399963
4620	280.8800049
4621	280.9400024
4622	280.9400024
4623	281.0899963
4624	281.0899963
4625	281.1499939
4626	281.1099854
4627	281.0899963
4628	281.0700073
4629	281.1499939
4630	281.1099854
4631	281.0899963
4632	281.1099854
4633	281.1300049
4634	281.1499939
4635	281.1099854
4636	281.019989
4637	281.0400085
4638	281.0400085
4639	281.0400085
4640	281.0899963
4641	281.1300049
4642	281.0700073
4643	281.1700134
4644	281.25
4645	281.25
4646	281.25
4647	281.3200073
4648	281.3399963
4649	281.25
4650	281.269989
4651	281.3200073
4652	281.2999878
4653	281.3399963
4654	281.2999878
4655	281.3399963
4656	281.4599915
4657	281.480011
4658	281.5499878
4659	281.480011
4660	281.5700073
4661	281.5700073
4662	281.5700073
4663	281.5700073
4664	281.5299988
4665	281.4599915
4666	281.5
4667	281.5299988
4668	281.6300049
4669	281.6900024
4670	281.6900024
4671	281.5700073
4672	281.4599915
4673	281.4599915
4674	281.480011
4675	281.3999939
4676	281.3399963
4677	281.3399963
4678	281.3599854
4679	281.3800049
4680	281.3800049
4681	281.4400024
4682	281.4599915
4683	281.4599915
4684	281.4400024
4685	281.3800049
4686	281.269989
4687	281.230011
4688	281.4200134
4689	281.3800049
4690	281.3599854
4691	281.3800049
4692	281.269989
4693	281.3599854
4694	281.4200134
4695	281.5499878
4696	281.4599915
4697	281.480011
4698	281.4400024
4699	281.4200134
4700	281.4599915
4701	281.4200134
4702	281.3999939
4703	281.4400024
4704	281.6099854
4705	281.5899963
4706	281.6300049
4707	281.5499878
4708	281.480011
4709	281.480011
4710	281.480011
4711	281.4599915
4712	281.4599915
4713	281.3599854
4714	281.3599854
4715	281.3599854
4716	281.3599854
4717	281.3399963
4718	281.2999878
4719	281.269989
4720	281.2099915
4721	281.3200073
4722	281.3599854
4723	281.3599854
4724	281.3999939
4725	281.3399963
4726	281.4599915
4727	281.3999939
4728	281.3999939
4729	281.3599854
4730	281.3599854
4731	281.3800049
4732	281.4200134
4733	281.5
4734	281.5499878
4735	281.5299988
4736	281.5700073
4737	281.5
4738	281.4400024
4739	281.5700073
4740	281.5700073
4741	281.5700073
4742	281.5499878
4743	281.6099854
4744	281.6700134
4745	281.7799988
4746	281.7799988
4747	281.6700134
4748	281.6700134
4749	281.6900024
4750	281.7600098
4751	281.6900024
4752	281.6300049
4753	281.6099854
4754	281.5700073
4755	281.5700073
4756	281.5
4757	281.5899963
4758	281.5499878
4759	281.5899963
4760	281.5299988
4761	281.5
4762	281.5299988
4763	281.5
4764	281.5299988
4765	281.480011
4766	281.4599915
4767	281.4400024
4768	281.3800049
4769	281.3599854
4770	281.4200134
4771	281.3800049
4772	281.5
4773	281.480011
4774	281.5
4775	281.3999939
4776	281.5
4777	281.6300049
4778	281.6099854
4779	281.6099854
4780	281.6099854
4781	281.5499878
4782	281.4400024
4783	281.4200134
4784	281.3599854
4785	281.3399963
4786	281.4400024
4787	281.4400024
4788	281.3999939
4789	281.480011
4790	281.480011
4791	281.5299988
4792	281.4400024
4793	281.3999939
4794	281.3800049
4795	281.3200073
4796	281.2999878
4797	281.3399963
4798	281.3800049
4799	281.4400024
4800	281.5299988
4801	281.4200134
4802	281.4400024
4803	281.3800049
4804	281.5
4805	281.5499878
4806	281.5499878
4807	281.6099854
4808	281.6099854
4809	281.5899963
4810	281.5299988
4811	281.5499878
4812	281.5499878
4813	281.4400024
4814	281.4400024
4815	281.4400024
4816	281.3800049
4817	281.4200134
4818	281.3800049
4819	281.3800049
4820	281.4400024
4821	281.3800049
4822	281.3999939
4823	281.3399963
4824	281.3599854
4825	281.4400024
4826	281.4400024
4827	281.5
4828	281.5299988
4829	281.5
4830	281.5499878
4831	281.5299988
4832	281.4200134
4833	281.3999939
4834	281.4400024
4835	281.4200134
4836	281.3999939
4837	281.4200134
4838	281.3399963
4839	281.3599854
4840	281.3200073
4841	281.3999939
4842	281.3999939
4843	281.3999939
4844	281.3800049
4845	281.480011
4846	281.6700134
4847	281.7099915
4848	281.7799988
4849	282.0299988
4850	282.1099854
4851	282.1099854
4852	282.0899963
4853	282.0499878
4854	282.0100098
4855	282.2999878
4856	282.5100098
4857	282.5700073
4858	282.5700073
4859	282.6099854
4860	282.3999939
4861	282.3599854
4862	282.2999878
4863	282.2399902
4864	282.2200012
4865	282.2000122
4866	282.0499878
4867	282.0899963
4868	282.0299988
4869	282.2799988
4870	282.2799988
4871	282.2799988
4872	282.2399902
4873	282.2000122
4874	282.1099854
4875	282.1099854
4876	282.0899963
4877	282.1099854
4878	282.0499878
4879	282.2600098
4880	282.3399963
4881	282.6099854
4882	282.7000122
4883	282.7000122
4884	282.3599854
4885	282.3399963
4886	282.2399902
4887	282.2000122
4888	282.2399902
4889	282.1499939
4890	282.1499939
4891	282.2399902
4892	282.2799988
4893	282.3599854
4894	282.4899902
4895	282.4500122
4896	282.5100098
4897	282.5100098
4898	282.5700073
4899	282.7399902
4900	282.9100037
4901	283.0700073
4902	283.0499878
4903	283.1400146
4904	283.2200012
4905	283.0499878
4906	283.0100098
4907	282.8200073
4908	282.6799927
4909	282.6799927
4910	282.9100037
4911	282.9299927
4912	283.1199951
4913	283.0499878
4914	283.0899963
4915	283.0499878
4916	283.0700073
4917	283.1199951
4918	283.0499878
4919	283.0499878
4920	283.0899963
4921	282.9500122
4922	282.9500122
4923	282.9100037
4924	282.8599854
4925	282.9500122
4926	282.9899902
4927	282.9899902
4928	282.9100037
4929	282.9100037
4930	282.9100037
4931	282.8900146
4932	282.7999878
4933	282.8399963
4934	282.8200073
4935	282.8200073
4936	282.8200073
4937	282.9500122
4938	283.1199951
4939	283.0700073
4940	282.9100037
4941	282.8399963
4942	282.8200073
4943	282.9299927
4944	282.9899902
4945	282.9700012
4946	282.9899902
4947	282.9299927
4948	282.8599854
4949	282.7200012
4950	282.7600098
4951	282.9100037
4952	282.7999878
4953	282.7200012
4954	282.8200073
4955	282.8200073
4956	282.9299927
4957	282.9899902
4958	282.9500122
4959	282.8399963
4960	282.9100037
4961	282.9100037
4962	282.9100037
4963	282.8399963
4964	282.7999878
4965	282.7999878
4966	282.8599854
4967	282.8599854
4968	282.8599854
4969	282.9500122
4970	282.8200073
4971	282.7799988
4972	282.8900146
4973	282.8599854
4974	282.8900146
4975	282.8399963
4976	282.9299927
4977	282.9500122
4978	282.8399963
4979	282.8399963
4980	282.9500122
4981	282.9899902
4982	282.9899902
4983	282.9899902
4984	282.9299927
4985	282.9299927
4986	282.8900146
4987	282.9100037
4988	282.9299927
4989	282.8900146
4990	282.7999878
4991	282.7999878
4992	282.7399902
4993	282.7399902
4994	282.9100037
4995	282.9700012
4996	282.9500122
4997	282.9299927
4998	283.0100098
4999	282.8900146
5000	282.8900146
5001	282.8399963
5002	282.9700012
5003	282.9500122
5004	282.9299927
5005	282.8900146
5006	282.9100037
5007	282.9100037
5008	282.9100037
5009	282.9899902
5010	283.0299988
5011	282.9899902
5012	282.8900146
5013	282.9100037
5014	282.9500122
5015	282.9899902
5016	282.9899902
5017	282.8900146
5018	282.7999878
5019	282.7399902
5020	282.7000122
5021	282.6799927
5022	282.7200012
5023	282.6600037
5024	282.6300049
5025	282.6799927
5026	282.5499878
5027	282.1300049
5028	281.8200073
5029	281.019989
5030	280.1900024
5031	279.4299927
5032	279.4299927
5033	278.4299927
5034	278.0299988
5035	277.8500061
5036	277.7200012
5037	277.7000122
5038	277.7200012
5039	277.7200012
5040	277.9899902
5041	278.3099976
5042	278.3900146
5043	278.7000122
5044	278.8900146
5045	279
5046	279.0599976
5047	279.3099976
5048	279.4299927
5049	279.5400085
5050	279.769989
5051	279.8699951
5052	279.9400024
5053	279.9599915
5054	280
5055	280.019989
5056	280.1000061
5057	280.1900024
5058	280.25
5059	280.3999939
5060	280.4200134
5061	280.5799866
5062	280.730011
5063	280.769989
5064	280.769989
5065	280.9599915
5066	280.8999939
5067	280.8800049
5068	280.8800049
5069	280.980011
5070	281
5071	281
5072	281.019989
5073	281.1099854
5074	281.1300049
5075	281.1499939
5076	281.1900024
5077	281.1900024
5078	281.1900024
5079	281.2099915
5080	281.25
5081	281.269989
5082	281.230011
5083	281.3200073
5084	281.3800049
5085	281.3999939
5086	281.5299988
5087	281.5700073
5088	281.5899963
5089	281.5899963
5090	281.6099854
5091	281.5700073
5092	281.6300049
5093	281.5899963
5094	281.6099854
5095	281.6300049
5096	281.8200073
5097	281.8399963
5098	281.8999939
5099	281.8999939
5100	281.7799988
5101	281.7999878
5102	281.7600098
5103	281.7600098
5104	281.730011
5105	281.7600098
5106	281.7600098
5107	281.7600098
5108	281.7799988
5109	281.7799988
5110	281.7799988
5111	281.730011
5112	281.7799988
5113	281.730011
5114	281.7999878
5115	281.8599854
5116	281.8599854
5117	281.8399963
5118	281.7999878
5119	281.7999878
5120	281.7600098
5121	281.8399963
5122	281.7999878
5123	281.7600098
5124	281.7999878
5125	281.9200134
5126	281.8399963
5127	281.8399963
5128	281.8999939
5129	281.8599854
5130	281.8399963
5131	281.8399963
5132	281.8399963
5133	281.8399963
5134	281.8599854
5135	281.8599854
5136	281.8399963
5137	281.8399963
5138	281.8399963
5139	281.8200073
5140	281.7799988
5141	281.8599854
5142	281.8599854
5143	281.8200073
5144	281.8599854
5145	281.7999878
5146	281.7099915
5147	281.8200073
5148	281.7799988
5149	281.7799988
5150	281.7999878
5151	281.8599854
5152	281.8999939
5153	281.8200073
5154	281.8200073
5155	281.8999939
5156	281.8999939
5157	281.9899902
5158	282.0299988
5159	282.0100098
5160	281.9599915
5161	281.9899902
5162	281.9899902
5163	282.0100098
5164	282.0100098
5165	281.9599915
5166	281.9200134
5167	281.9899902
5168	281.9899902
5169	281.8999939
5170	281.8800049
5171	281.9899902
5172	281.9400024
5173	281.9599915
5174	281.9599915
5175	282.0499878
5176	281.9599915
5177	282.0299988
5178	281.8999939
5179	281.9200134
5180	281.9200134
5181	281.9200134
5182	282.0299988
5183	282.0299988
5184	282.0299988
5185	281.9599915
5186	281.9899902
5187	281.9400024
5188	281.8200073
5189	281.8399963
5190	281.8999939
5191	281.9200134
5192	281.8999939
5193	282.0100098
5194	282.0100098
5195	282.0499878
5196	282.0299988
5197	282.0299988
5198	281.9599915
5199	282.0299988
5200	282.0299988
5201	282.0299988
5202	282.0499878
5203	282.0100098
5204	281.9599915
5205	281.9400024
5206	281.9599915
5207	281.8999939
5208	281.8800049
5209	281.9400024
5210	281.8800049
5211	281.9599915
5212	282.0499878
5213	282.0499878
5214	282.0700073
5215	282.0299988
5216	282.0499878
5217	282.0899963
5218	282.1499939
5219	282.2799988
5220	282.2799988
5221	282.2000122
5222	282.1300049
5223	282.1300049
5224	282.0299988
5225	282.0700073
5226	282.0700073
5227	282.0100098
5228	282.0499878
5229	282.0499878
5230	282.1099854
5231	282.0499878
5232	282.0299988
5233	282.0499878
5234	282.1099854
5235	282.0499878
5236	282.0100098
5237	281.9200134
5238	281.8999939
5239	281.8999939
5240	281.9200134
5241	281.8999939
5242	281.9599915
5243	281.9899902
5244	282.0899963
5245	282.0899963
5246	282.1700134
5247	282.0899963
5248	282.0700073
5249	282.0899963
5250	282.1099854
5251	282.0499878
5252	282.0499878
5253	281.9899902
5254	281.9599915
5255	281.9200134
5256	281.9200134
5257	281.8800049
5258	281.9400024
5259	281.9400024
5260	281.9899902
5261	282.0100098
5262	282.0700073
5263	282.0299988
5264	282.0499878
5265	282.0100098
5266	282.0299988
5267	282.0100098
5268	282.0499878
5269	282.0299988
5270	282.0299988
5271	282.0499878
5272	282.2200012
5273	282.2399902
5274	282.1499939
5275	282.1300049
5276	282.0700073
5277	282.0299988
5278	282.0100098
5279	281.9599915
5280	282.0100098
5281	281.9899902
5282	282.0700073
5283	282.0899963
5284	282.0899963
5285	282.0100098
5286	282.0100098
5287	281.9599915
5288	282.0100098
5289	282.1099854
5290	282.1499939
5291	282.1499939
5292	282.1300049
5293	282.1499939
5294	282.1300049
5295	282.2000122
5296	282.1700134
5297	282.1300049
5298	282.0700073
5299	282.1099854
5300	282.1700134
5301	282.0299988
5302	282.1300049
5303	282.1700134
5304	282.1700134
5305	282.1700134
5306	282.1099854
5307	282.1300049
5308	282.2000122
5309	282.0899963
5310	282.1499939
5311	282.1099854
5312	282.0299988
5313	281.9200134
5314	282.0299988
5315	282.0499878
5316	282.0499878
5317	281.9599915
5318	281.8800049
5319	281.9400024
5320	281.9899902
5321	282.2000122
5322	282.2999878
5323	282.2999878
5324	282.5100098
5325	282.6300049
5326	282.7200012
5327	282.7000122
5328	282.7000122
5329	282.6099854
5330	282.6099854
5331	282.6099854
5332	282.5899963
5333	282.5700073
5334	282.5100098
5335	282.6099854
5336	282.7200012
5337	282.8900146
5338	282.9700012
5339	282.9100037
5340	282.9899902
5341	282.8900146
5342	282.8399963
5343	282.7799988
5344	282.8200073
5345	282.8900146
5346	282.8900146
5347	282.8399963
5348	282.8399963
5349	282.8399963
5350	282.8200073
5351	282.7999878
5352	282.6799927
5353	282.7000122
5354	282.7000122
5355	282.7000122
5356	282.8200073
5357	282.9100037
5358	282.8599854
5359	283.0499878
5360	283.2000122
5361	283.1600037
5362	283.1600037
5363	283.0700073
5364	283.0100098
5365	282.9500122
5366	282.9899902
5367	283.1400146
5368	283.1600037
5369	283.1799927
5370	282.9100037
5371	282.8200073
5372	282.8599854
5373	282.9100037
5374	282.8900146
5375	282.8900146
5376	282.9299927
5377	282.9700012
5378	283.0700073
5379	283.0299988
5380	283.0299988
5381	283.0100098
5382	283.0100098
5383	283.0100098
5384	282.9899902
5385	282.9500122
5386	282.9700012
5387	282.9700012
5388	283.0100098
5389	283.0899963
5390	283.2200012
5391	283.1400146
5392	283.2000122
5393	283.2399902
5394	283.2399902
5395	283.1199951
5396	283.0499878
5397	283.0499878
5398	283.0899963
5399	283.0499878
5400	283.0100098
5401	283.0100098
5402	283.1199951
5403	283.0299988
5404	283.0700073
5405	283.1199951
5406	283.1400146
5407	283.1400146
5408	283.0700073
5409	283.0499878
5410	283.0499878
5411	282.9700012
5412	282.8900146
5413	282.8399963
5414	282.8200073
5415	282.7999878
5416	282.9100037
5417	282.9500122
5418	282.9100037
5419	282.9500122
5420	282.9700012
5421	282.9899902
5422	282.9700012
5423	282.9500122
5424	283.1400146
5425	283.3200073
5426	283.3200073
5427	283.2000122
5428	283.0499878
5429	283.0499878
5430	282.9700012
5431	283.0899963
5432	283.2000122
5433	283.2000122
5434	283.0899963
5435	282.9899902
5436	282.8900146
5437	282.9700012
5438	282.9100037
5439	282.9100037
5440	282.8900146
5441	282.8599854
5442	282.9100037
5443	282.9299927
5444	282.8900146
5445	282.9500122
5446	282.9100037
5447	282.9500122
5448	283.0499878
5449	283.0700073
5450	283.0100098
5451	283.0299988
5452	283.0899963
5453	283.0299988
5454	282.9700012
5455	282.9700012
5456	282.9500122
5457	283.0499878
5458	283.0499878
5459	283.0299988
5460	283.0499878
5461	283.0499878
5462	283.0700073
5463	283.0700073
5464	283.0499878
5465	283.0499878
5466	282.8900146
5467	283.0299988
5468	283.0299988
5469	283.0299988
5470	282.9899902
5471	282.9299927
5472	282.9299927
5473	282.8200073
5474	282.7999878
5475	282.8399963
5476	282.8900146
5477	283.0499878
5478	283.0899963
5479	283.1199951
5480	282.9700012
5481	282.9500122
5482	282.9500122
5483	282.9299927
5484	282.9299927
5485	282.9700012
5486	282.9500122
5487	283.0100098
5488	283.1199951
5489	283.0499878
5490	282.9500122
5491	282.9700012
5492	282.9899902
5493	282.9500122
5494	282.7200012
5495	282.6799927
5496	282.7600098
5497	282.7600098
5498	282.7600098
5499	282.5899963
5500	282.5299988
5501	282.0499878
5502	281.3999939
5503	280.6900024
5504	280.6900024
5505	279.519989
5506	279.0599976
5507	278.7900085
5508	278.6000061
5509	278.6000061
5510	278.5400085
5511	278.5400085
5512	278.7200012
5513	278.9100037
5514	279.0400085
5515	279.269989
5516	279.3099976
5517	279.3299866
5518	279.4599915
5519	279.5599976
5520	279.5799866
5521	279.8900146
5522	280.0400085
5523	280.0799866
5524	280.1199951
5525	280.230011
5526	280.25
5527	280.3500061
5528	280.3999939
5529	280.5400085
5530	280.5799866
5531	280.6700134
5532	280.6900024
5533	280.7099915
5534	280.769989
5535	280.8800049
5536	280.8800049
5537	281.0700073
5538	281.0400085
5539	281
5540	281
5541	280.8999939
5542	281
5543	281
5544	281.0400085
5545	281.1499939
5546	281.1700134
5547	281.230011
5548	281.25
5549	281.25
5550	281.269989
5551	281.3800049
5552	281.4200134
5553	281.480011
5554	281.5899963
5555	281.6499939
5556	281.6499939
5557	281.6300049
5558	281.6900024
5559	281.730011
5560	281.6700134
5561	281.7099915
5562	281.730011
5563	281.7799988
5564	281.8599854
5565	281.8399963
5566	281.8999939
5567	281.8599854
5568	281.8599854
5569	281.8200073
5570	281.8200073
5571	281.7799988
5572	281.8399963
5573	281.8800049
5574	281.7799988
5575	281.7799988
5576	281.8200073
5577	281.7600098
5578	281.7600098
5579	281.7799988
5580	281.730011
5581	281.8599854
5582	281.8599854
5583	281.8800049
5584	282.0100098
5585	282.0100098
5586	281.9899902
5587	281.9899902
5588	282.0100098
5589	281.9599915
5590	281.9400024
5591	281.9400024
5592	281.8999939
5593	282.0700073
5594	282.1099854
5595	282.2000122
5596	282.1700134
5597	282.0299988
5598	282.0499878
5599	282.0700073
5600	282.0100098
5601	281.9899902
5602	282.1499939
5603	282.1300049
5604	282.2000122
5605	282.0700073
5606	282.1499939
5607	282.1499939
5608	282.1300049
5609	282.0299988
5610	282.0299988
5611	282.0299988
5612	282.1099854
5613	282.0499878
5614	282.0499878
5615	282.0700073
5616	282.1300049
5617	282.2000122
5618	282.1499939
5619	282.1300049
5620	282.0899963
5621	282.1099854
5622	282.0899963
5623	282.1300049
5624	282.0899963
5625	282.0700073
5626	282.0499878
5627	282.0700073
5628	282.1499939
5629	282.1499939
5630	282.1499939
5631	282.2200012
5632	282.2399902
5633	282.2799988
5634	282.2000122
5635	282.1499939
5636	282.0899963
5637	282.0299988
5638	282.0299988
5639	282.0299988
5640	282.0700073
5641	282.0700073
5642	282.0899963
5643	282.1300049
5644	282.1300049
5645	282.0899963
5646	282.0899963
5647	282.1499939
5648	282.0700073
5649	282.0899963
5650	282.1499939
5651	282.0700073
5652	282.0299988
5653	282.0299988
5654	282.1099854
5655	282.1099854
5656	282.2000122
5657	282.2799988
5658	282.2799988
5659	282.2600098
5660	282.2799988
5661	282.3599854
5662	282.3599854
5663	282.3200073
5664	282.2999878
5665	282.2399902
5666	282.2600098
5667	282.2399902
5668	282.3399963
5669	282.3399963
5670	282.2799988
5671	282.2399902
5672	282.2200012
5673	282.2200012
5674	282.1700134
5675	282.2000122
5676	282.1700134
5677	282.1499939
5678	282.1499939
5679	282.1099854
5680	282.1099854
5681	282.0899963
5682	282.1300049
5683	282.0100098
5684	282.1099854
5685	282.1099854
5686	282.0899963
5687	282.0700073
5688	282.0700073
5689	282.1099854
5690	282.0700073
5691	282.0899963
5692	282.0700073
5693	282.1300049
5694	282.1700134
5695	282.2200012
5696	282.2000122
5697	282.2399902
5698	282.1700134
5699	282.1700134
5700	282.1099854
5701	282.1300049
5702	282.1499939
5703	282.1700134
5704	282.1300049
5705	282.1700134
5706	282.2200012
5707	282.2799988
5708	282.2600098
5709	282.2600098
5710	282.2200012
5711	282.1300049
5712	282.1499939
5713	282.0899963
5714	282.0700073
5715	282.0100098
5716	282.0700073
5717	282.0700073
5718	282.1300049
5719	282.2200012
5720	282.2200012
5721	282.2600098
5722	282.2600098
5723	282.2999878
5724	282.2999878
5725	282.1700134
5726	282.1300049
5727	282.1099854
5728	282.1499939
5729	282.1499939
5730	282.1300049
5731	282.1499939
5732	282.1700134
5733	282.1700134
5734	282.1499939
5735	282.1099854
5736	282.1099854
5737	282.0299988
5738	282.0299988
5739	281.9899902
5740	281.9899902
5741	282.0700073
5742	282.1099854
5743	282.1300049
5744	282.0299988
5745	282.0700073
5746	282.0499878
5747	282.0499878
5748	282.0299988
5749	282.0299988
5750	282.1099854
5751	282.1300049
5752	282.1499939
5753	282.1099854
5754	282.1099854
5755	282.1300049
5756	282.1300049
5757	281.9400024
5758	282.0100098
5759	281.9899902
5760	282.0899963
5761	282.1499939
5762	282.1700134
5763	282.1700134
5764	282.2999878
5765	282.1700134
5766	282.1700134
5767	281.9899902
5768	281.9400024
5769	282.0299988
5770	282.0499878
5771	282.1499939
5772	282.1300049
5773	282.1499939
5774	282.0899963
5775	282.1300049
5776	282.2000122
5777	282.1499939
5778	282.2600098
5779	282.2600098
5780	282.2000122
5781	282.2200012
5782	282.1700134
5783	282.2200012
5784	282.2000122
5785	282.2000122
5786	282.1099854
5787	282.0700073
5788	282.0700073
5789	281.9899902
5790	282.0299988
5791	282.0100098
5792	282.0499878
5793	282.2000122
5794	282.4700012
5795	282.4700012
5796	282.5700073
5797	282.5100098
5798	282.4500122
5799	282.5299988
5800	282.6300049
5801	282.5899963
5802	282.6600037
5803	282.6099854
5804	282.6600037
5805	282.6600037
5806	282.7399902
5807	282.7200012
5808	282.6300049
5809	282.6099854
5810	282.6600037
5811	282.6099854
5812	282.7000122
5813	282.7999878
5814	282.8200073
5815	282.8200073
5816	282.7999878
5817	282.7600098
5818	282.7200012
5819	282.7399902
5820	282.8200073
5821	282.8200073
5822	282.8200073
5823	282.7999878
5824	282.7999878
5825	282.8399963
5826	282.7000122
5827	282.7000122
5828	282.6099854
5829	282.8200073
5830	282.8200073
5831	282.8900146
5832	282.8900146
5833	282.8200073
5834	282.8200073
5835	282.8399963
5836	282.8399963
5837	282.7399902
5838	282.8399963
5839	282.8900146
5840	282.9299927
5841	282.9100037
5842	283.0499878
5843	283.0499878
5844	283.0100098
5845	282.9100037
5846	282.9100037
5847	282.9700012
5848	283.0100098
5849	282.9899902
5850	282.9299927
5851	282.9500122
5852	283.0100098
5853	283.0700073
5854	282.9899902
5855	283.0299988
5856	283.0299988
5857	282.9700012
5858	282.9899902
5859	282.9899902
5860	283.0299988
5861	283.0499878
5862	283.1199951
5863	283.0299988
5864	283.0299988
5865	282.9700012
5866	282.9700012
5867	282.9100037
5868	283.0100098
5869	282.9700012
5870	283.0100098
5871	283.0299988
5872	283.0299988
5873	283.0700073
5874	282.9899902
5875	282.9700012
5876	282.9500122
5877	283.1199951
5878	283.2000122
5879	283.1199951
5880	283.0499878
5881	282.9700012
5882	283.0100098
5883	282.9299927
5884	282.7799988
5885	282.7999878
5886	282.8599854
5887	282.8200073
5888	282.9100037
5889	283.0499878
5890	283.1799927
5891	283.2200012
5892	283.2399902
5893	283.1400146
5894	283.2000122
5895	283.3900146
5896	283.3500061
5897	283.2799988
5898	283.2799988
5899	283.1600037
5900	283.0499878
5901	283.1400146
5902	283.0499878
5903	282.9100037
5904	282.9899902
5905	282.9899902
5906	283.2399902
5907	283.2999878
5908	283.2999878
5909	283.2000122
5910	283.2999878
5911	283.2799988
5912	283.2799988
5913	283.0499878
5914	283.1199951
5915	283.0899963
5916	283.0899963
5917	283.0499878
5918	283.0700073
5919	283.0899963
5920	283.1600037
5921	283.2000122
5922	283.1799927
5923	283.2399902
5924	283.2200012
5925	283.2799988
5926	283.2600098
5927	283.2999878
5928	283.2600098
5929	283.1799927
5930	283.1799927
5931	283.2999878
5932	283.4500122
5933	283.4299927
5934	283.3200073
5935	283.3699951
5936	283.4500122
5937	283.4500122
5938	283.2799988
5939	283.2200012
5940	283.2799988
5941	283.2399902
5942	283.2200012
5943	283.2399902
5944	283.2399902
5945	283.1400146
5946	283.2000122
5947	283.2200012
5948	283.1600037
5949	283.2200012
5950	283.2600098
5951	283.2799988
5952	283.1600037
5953	283.0499878
5954	283.0700073
5955	283.0899963
5956	283.0499878
5957	283.0100098
5958	283.0100098
5959	283.0100098
5960	283.3500061
5961	283.3699951
5962	283.2200012
5963	283.2399902
5964	283.1199951
5965	283.0499878
5966	283.0100098
5967	282.9100037
5968	282.9500122
5969	282.9500122
5970	282.8200073
5971	282.8399963
5972	282.7399902
5973	282.6600037
5974	282.2200012
5975	281.5299988
5976	281.5299988
5977	280.4400024
5978	279.7099915
5979	279.3900146
5980	278.769989
5981	278.4100037
5982	278.3299866
5983	278.2799988
5984	278.1600037
5985	278.3500061
5986	278.4899902
5987	278.6400146
5988	278.7900085
5989	278.8500061
5990	278.9700012
5991	279.230011
5992	279.3500061
5993	279.519989
5994	279.7099915
5995	279.75
5996	279.8500061
5997	279.9200134
5998	279.9200134
5999	280.1199951
6000	280.269989
6001	280.269989
6002	280.4400024
6003	280.5799866
6004	280.6300049
6005	280.6700134
6006	280.6300049
6007	280.7099915
6008	280.7099915
6009	280.7099915
6010	280.9599915
6011	280.980011
6012	281.0700073
6013	281.1499939
6014	281.25
6015	281.25
6016	281.1900024
6017	281.1700134
6018	281.1900024
6019	281.269989
6020	281.269989
6021	281.230011
6022	281.25
6023	281.4200134
6024	281.4400024
6025	281.4200134
6026	281.4200134
6027	281.4599915
6028	281.5299988
6029	281.480011
6030	281.4599915
6031	281.480011
6032	281.5700073
6033	281.5700073
6034	281.5299988
6035	281.6300049
6036	281.5899963
6037	281.5899963
6038	281.6900024
6039	281.7600098
6040	281.7600098
6041	281.7099915
6042	281.7600098
6043	281.7999878
6044	281.7600098
6045	281.7799988
6046	281.7600098
6047	281.7600098
6048	281.7600098
6049	281.7799988
6050	281.8200073
6051	281.8399963
6052	281.8999939
6053	281.9200134
6054	281.8999939
6055	282.0499878
6056	282.0899963
6057	282.0899963
6058	282.0499878
6059	282.0299988
6060	282.0299988
6061	282.0499878
6062	282.0100098
6063	281.9899902
6064	282.0499878
6065	282.1099854
6066	282.0899963
6067	282.0700073
6068	282.1300049
6069	282.2000122
6070	282.2200012
6071	282.1700134
6072	282.1700134
6073	282.1300049
6074	282.1300049
6075	282.0899963
6076	282.1300049
6077	282.1099854
6078	282.1099854
6079	282.1099854
6080	282.1300049
6081	282.0700073
6082	282.1099854
6083	282.0899963
6084	282.1499939
6085	282.1499939
6086	282.1499939
6087	282.0499878
6088	282.0299988
6089	282.0299988
6090	282.0499878
6091	282.0700073
6092	282.0499878
6093	281.9400024
6094	281.9899902
6095	282.0100098
6096	281.9599915
6097	282.0100098
6098	282.0100098
6099	282.0499878
6100	282.0700073
6101	282.1099854
6102	282.0700073
6103	282.1700134
6104	282.0899963
6105	282.0899963
6106	282.1700134
6107	282.1700134
6108	282.2000122
6109	282.2000122
6110	282.2399902
6111	282.2399902
6112	282.2600098
6113	282.2000122
6114	282.2999878
6115	282.3399963
6116	282.2600098
6117	282.1700134
6118	282.1700134
6119	282.0700073
6120	282.0899963
6121	282.1700134
6122	282.1300049
6123	282.1700134
6124	282.1700134
6125	282.2000122
6126	282.1499939
6127	282.1499939
6128	282.1300049
6129	282.1300049
6130	282.0700073
6131	282.0499878
6132	282.0700073
6133	282.2200012
6134	282.2000122
6135	282.2000122
6136	282.2999878
6137	282.2999878
6138	282.3200073
6139	282.3599854
6140	282.3800049
6141	282.3599854
6142	282.2999878
6143	282.3200073
6144	282.3200073
6145	282.3999939
6146	282.3599854
6147	282.3599854
6148	282.3599854
6149	282.2799988
6150	282.2799988
6151	282.2999878
6152	282.2000122
6153	282.2200012
6154	282.2399902
6155	282.3200073
6156	282.3200073
6157	282.3200073
6158	282.3599854
6159	282.2200012
6160	282.1499939
6161	282.1499939
6162	282.2000122
6163	282.1700134
6164	282.1099854
6165	282.2799988
6166	282.2399902
6167	282.2999878
6168	282.2799988
6169	282.2399902
6170	282.1700134
6171	282.2200012
6172	282.1700134
6173	282.2000122
6174	282.2000122
6175	282.2200012
6176	282.2799988
6177	282.3399963
6178	282.2999878
6179	282.2999878
6180	282.2399902
6181	282.2799988
6182	282.2799988
6183	282.2600098
6184	282.1700134
6185	282.2200012
6186	282.2000122
6187	282.2200012
6188	282.2799988
6189	282.2799988
6190	282.2799988
6191	282.3200073
6192	282.2799988
6193	282.2799988
6194	282.2799988
6195	282.3599854
6196	282.3800049
6197	282.2600098
6198	282.2200012
6199	282.1700134
6200	282.1300049
6201	282.0299988
6202	282.0700073
6203	282.0499878
6204	282.0299988
6205	282.0899963
6206	282.0700073
6207	282.2200012
6208	282.2399902
6209	282.2799988
6210	282.2799988
6211	282.2600098
6212	282.2999878
6213	282.2600098
6214	282.2799988
6215	282.2799988
6216	282.3200073
6217	282.3399963
6218	282.3200073
6219	282.3599854
6220	282.3200073
6221	282.3200073
6222	282.3399963
6223	282.3800049
6224	282.3599854
6225	282.3200073
6226	282.3200073
6227	282.2600098
6228	282.2600098
6229	282.2000122
6230	282.1300049
6231	282.1700134
6232	282.1700134
6233	282.1499939
6234	282.1099854
6235	282.1099854
6236	282.0100098
6237	282.0899963
6238	282.0499878
6239	282.2000122
6240	282.2399902
6241	282.2399902
6242	282.2200012
6243	282.2200012
6244	282.2799988
6245	282.2600098
6246	282.2000122
6247	282.2200012
6248	282.2200012
6249	282.2399902
6250	282.2200012
6251	282.2399902
6252	282.1499939
6253	282.1499939
6254	282.1099854
6255	282.1099854
6256	282.1099854
6257	282.1499939
6258	282.2000122
6259	282.0899963
6260	282.0899963
6261	282.2799988
6262	282.3599854
6263	282.2399902
6264	282.2200012
6265	282.3800049
6266	282.3800049
6267	282.3800049
6268	282.4899902
6269	282.4899902
6270	282.4899902
6271	282.4700012
6272	282.5499878
6273	282.5499878
6274	282.5700073
6275	282.5100098
6276	282.5700073
6277	282.7200012
6278	282.7200012
6279	282.7999878
6280	282.7799988
6281	282.7999878
6282	282.7200012
6283	282.6799927
6284	282.6799927
6285	282.7000122
6286	282.7600098
6287	282.8399963
6288	282.9299927
6289	282.9100037
6290	282.9500122
6291	283.0499878
6292	283.0499878
6293	283.0899963
6294	283.0700073
6295	283.0499878
6296	283.0100098
6297	283.1799927
6298	283.1400146
6299	283.1400146
6300	282.9100037
6301	282.7999878
6302	282.7399902
6303	282.9500122
6304	283.2200012
6305	283.1400146
6306	283.1600037
6307	283.0700073
6308	282.9700012
6309	282.9700012
6310	282.9500122
6311	283.0100098
6312	283.0299988
6313	282.9700012
6314	282.9299927
6315	282.8900146
6316	282.8200073
6317	282.8399963
6318	282.9299927
6319	282.9500122
6320	282.9500122
6321	283.0499878
6322	283.1400146
6323	283.0299988
6324	283.0299988
6325	282.9700012
6326	282.8900146
6327	282.9899902
6328	283.0499878
6329	282.9500122
6330	282.9100037
6331	282.9100037
6332	283.0700073
6333	283.0899963
6334	283.0700073
6335	283.2200012
6336	283.3900146
6337	283.4299927
6338	283.4299927
6339	283.5499878
6340	283.4700012
6341	283.3900146
6342	283.1600037
6343	283.0499878
6344	283.0299988
6345	283.0299988
6346	282.9299927
6347	282.9700012
6348	282.9100037
6349	282.8900146
6350	282.8900146
6351	282.8200073
6352	282.8399963
6353	282.7000122
6354	282.7399902
6355	282.7999878
6356	282.9100037
6357	282.9299927
6358	283.0100098
6359	283.0299988
6360	282.9899902
6361	282.9500122
6362	282.8900146
6363	282.8900146
6364	282.9100037
6365	283.0899963
6366	283.1600037
6367	283.1400146
6368	283.0100098
6369	282.8900146
6370	282.8900146
6371	282.8599854
6372	282.9299927
6373	282.9299927
6374	282.9100037
6375	282.9299927
6376	283.0299988
6377	283.0299988
6378	283.0299988
6379	282.9500122
6380	282.9100037
6381	283.0299988
6382	283.2600098
6383	283.2399902
6384	283.2999878
6385	283.2399902
6386	283.2200012
6387	283.1600037
6388	283.1199951
6389	283.0700073
6390	282.9899902
6391	283.0299988
6392	282.9700012
6393	282.9899902
6394	283.1199951
6395	283.0499878
6396	283.0700073
6397	283.0700073
6398	283.0700073
6399	283.1799927
6400	283.1199951
6401	283.0899963
6402	283.0899963
6403	283.1400146
6404	283.0700073
6405	283.0700073
6406	283.0499878
6407	283.0499878
6408	283.1400146
6409	283.1400146
6410	283.1600037
6411	283.2200012
6412	283.1600037
6413	283.0899963
6414	283.1199951
6415	283.1799927
6416	283.1199951
6417	283.0899963
6418	283.0700073
6419	283.0499878
6420	283.1799927
6421	283.2200012
6422	283.1400146
6423	283.1199951
6424	283.2799988
6425	283.2600098
6426	283.1400146
6427	283.0700073
6428	283.0100098
6429	282.9700012
6430	283.1400146
6431	283.2000122
6432	283.2200012
6433	283.2000122
6434	283.2000122
6435	283.2000122
6436	283.1600037
6437	283.1199951
6438	282.9299927
6439	282.9500122
6440	283.0299988
6441	283.0299988
6442	283.0899963
6443	283.0100098
6444	282.9899902
6445	282.8200073
6446	282.6099854
6447	282.2200012
6448	282.2200012
6449	281.1099854
6450	280.1199951
6451	279.7099915
6452	278.9700012
6453	278.5599976
6454	278.3699951
6455	278.2000122
6456	278.0499878
6457	278.0799866
6458	278.1600037
6459	278.4700012
6460	278.5400085
6461	278.7200012
6462	278.769989
6463	278.9100037
6464	279.1000061
6465	279.25
6466	279.5
6467	279.5400085
6468	279.7099915
6469	279.769989
6470	279.8500061
6471	279.9400024
6472	279.980011
6473	279.980011
6474	280.0799866
6475	280.230011
6476	280.2900085
6477	280.3500061
6478	280.5
6479	280.6499939
6480	280.6499939
6481	280.75
6482	280.769989
6483	280.75
6484	280.8800049
6485	280.9200134
6486	280.9599915
6487	280.9599915
6488	281.0899963
6489	281.0400085
6490	281.1700134
6491	281.230011
6492	281.25
6493	281.269989
6494	281.25
6495	281.0700073
6496	281.1300049
6497	281.1499939
6498	281.1900024
6499	281.1900024
6500	281.269989
6501	281.3200073
6502	281.25
6503	281.2999878
6504	281.3599854
6505	281.3599854
6506	281.4200134
6507	281.4599915
6508	281.480011
6509	281.5899963
6510	281.6300049
6511	281.7099915
6512	281.7099915
6513	281.6300049
6514	281.6300049
6515	281.6099854
6516	281.5899963
6517	281.6300049
6518	281.5700073
6519	281.5700073
6520	281.5899963
6521	281.6700134
6522	281.6700134
6523	281.6300049
6524	281.5700073
6525	281.6300049
6526	281.7799988
6527	281.7600098
6528	281.7999878
6529	281.730011
6530	281.7999878
6531	281.7799988
6532	281.8599854
6533	281.8399963
6534	281.8399963
6535	281.8399963
6536	281.730011
6537	281.730011
6538	281.7799988
6539	281.7999878
6540	281.7600098
6541	281.8200073
6542	281.8399963
6543	281.8800049
6544	281.8800049
6545	281.8800049
6546	281.8999939
6547	281.8999939
6548	281.8999939
6549	281.8599854
6550	281.8599854
6551	281.8599854
6552	281.9200134
6553	281.9200134
6554	281.8800049
6555	281.8200073
6556	281.8599854
6557	281.8200073
6558	281.7999878
6559	281.8200073
6560	281.7600098
6561	281.7600098
6562	281.8800049
6563	281.8800049
6564	281.8599854
6565	281.7999878
6566	281.8599854
6567	281.7999878
6568	281.8800049
6569	281.8599854
6570	281.8399963
6571	281.8599854
6572	281.8599854
6573	281.8399963
6574	281.8999939
6575	282.0100098
6576	282.0100098
6577	282.1300049
6578	282.0899963
6579	282.0299988
6580	281.8999939
6581	281.8399963
6582	281.8399963
6583	281.8399963
6584	281.9400024
6585	281.8800049
6586	281.8999939
6587	281.8999939
6588	281.8999939
6589	281.9599915
6590	281.9599915
6591	281.9200134
6592	281.8999939
6593	281.9200134
6594	281.8999939
6595	281.8399963
6596	281.8200073
6597	281.8399963
6598	281.8800049
6599	281.8599854
6600	281.8399963
6601	281.8999939
6602	281.9400024
6603	282.0100098
6604	281.9599915
6605	281.9899902
6606	282.0100098
6607	282.0899963
6608	282.0700073
6609	281.9899902
6610	281.9899902
6611	282.0499878
6612	282.0299988
6613	281.9899902
6614	282.0100098
6615	282.0100098
6616	281.8800049
6617	281.8599854
6618	281.8599854
6619	281.8999939
6620	281.9599915
6621	282.0499878
6622	282.0499878
6623	282.1099854
6624	282.0899963
6625	282.0700073
6626	282.0499878
6627	281.9200134
6628	281.9899902
6629	282.0100098
6630	282.0299988
6631	282.0299988
6632	282.1499939
6633	282.0499878
6634	282.0499878
6635	282.0299988
6636	282.0299988
6637	282.0899963
6638	282.0700073
6639	282.0499878
6640	282.0299988
6641	282.0100098
6642	282.0700073
6643	282.0700073
6644	282.0700073
6645	282.0499878
6646	282.0100098
6647	282.0100098
6648	281.9200134
6649	281.9400024
6650	281.9899902
6651	282.0499878
6652	282.0499878
6653	281.9400024
6654	281.9400024
6655	281.8800049
6656	281.8599854
6657	281.8399963
6658	281.9899902
6659	282.0100098
6660	281.9599915
6661	281.9599915
6662	282.0100098
6663	282.0899963
6664	282.0700073
6665	281.9400024
6666	281.9899902
6667	282.0100098
6668	281.9599915
6669	281.9899902
6670	281.9899902
6671	282.0700073
6672	281.9899902
6673	281.8800049
6674	281.9200134
6675	281.9899902
6676	282.0299988
6677	282.0499878
6678	282.1099854
6679	282.2200012
6680	282.1700134
6681	282.2000122
6682	282.0899963
6683	282.0700073
6684	282.0499878
6685	282.0100098
6686	282.0100098
6687	282.0700073
6688	282.0700073
6689	282.0299988
6690	281.9899902
6691	281.9899902
6692	281.8800049
6693	281.8800049
6694	281.9400024
6695	281.9200134
6696	281.9200134
6697	281.8399963
6698	281.7999878
6699	281.8800049
6700	281.8800049
6701	281.8999939
6702	281.9200134
6703	281.9200134
6704	281.9899902
6705	281.9899902
6706	281.9899902
6707	281.9400024
6708	281.9599915
6709	282.0100098
6710	281.9400024
6711	281.9599915
6712	281.9400024
6713	281.9400024
6714	281.9599915
6715	281.9599915
6716	282.0299988
6717	282.0100098
6718	281.9899902
6719	282.0100098
6720	282.0499878
6721	282.0499878
6722	282.0700073
6723	282.0700073
6724	282.1300049
6725	282.1300049
6726	282.1499939
6727	282.2399902
6728	282.2200012
6729	282.2600098
6730	282.2200012
6731	282.1300049
6732	282.1300049
6733	282.1300049
6734	282.2799988
6735	282.2399902
6736	281.9899902
6737	281.9899902
6738	282.0100098
6739	282.0100098
6740	282.0499878
6741	282.1499939
6742	282.2600098
6743	282.2200012
6744	282.2200012
6745	282.3200073
6746	282.3399963
6747	282.4700012
6748	282.4299927
6749	282.2799988
6750	282.3399963
6751	282.4700012
6752	282.5299988
6753	282.5299988
6754	282.5499878
6755	282.6099854
6756	282.5700073
6757	282.5700073
6758	282.5100098
6759	282.5899963
6760	282.7000122
6761	282.7999878
6762	282.9299927
6763	282.8200073
6764	282.8200073
6765	282.8399963
6766	282.8599854
6767	282.8200073
6768	282.7799988
6769	282.7399902
6770	282.7999878
6771	282.7999878
6772	283.0499878
6773	283.0299988
6774	282.9700012
6775	282.7999878
6776	282.7399902
6777	282.8399963
6778	282.7999878
6779	282.8200073
6780	282.8599854
6781	282.8200073
6782	282.7999878
6783	282.7999878
6784	282.7600098
6785	282.7799988
6786	282.8599854
6787	282.8900146
6788	282.8399963
6789	282.8200073
6790	282.7399902
6791	282.7600098
6792	282.8200073
6793	282.9700012
6794	282.9299927
6795	282.8900146
6796	282.8900146
6797	282.7799988
6798	282.6600037
6799	282.7000122
6800	282.8599854
6801	282.9899902
6802	282.9899902
6803	282.9899902
6804	283.0499878
6805	283.0299988
6806	283.0100098
6807	282.9500122
6808	282.9100037
6809	282.8399963
6810	282.8399963
6811	282.8399963
6812	282.9700012
6813	282.9500122
6814	282.9100037
6815	282.7600098
6816	282.7399902
6817	282.7600098
6818	282.8399963
6819	282.7999878
6820	282.9100037
6821	282.9299927
6822	282.8599854
6823	282.8200073
6824	282.8399963
6825	283.0100098
6826	283.0700073
6827	283.2799988
6828	283.3900146
6829	283.3500061
6830	283.2200012
6831	283.2200012
6832	283.1799927
6833	282.9700012
6834	282.9899902
6835	282.9899902
6836	283.0899963
6837	283.1799927
6838	283.0899963
6839	283.1400146
6840	283.2000122
6841	283.2000122
6842	283.2000122
6843	283.1799927
6844	283.1199951
6845	283.1199951
6846	283.1400146
6847	283.0700073
6848	283.0100098
6849	283.0100098
6850	283.0700073
6851	283.0899963
6852	283.0499878
6853	283.1600037
6854	283.0700073
6855	282.9700012
6856	282.9500122
6857	283.0700073
6858	283.1199951
6859	283.1400146
6860	283.0899963
6861	283.0700073
6862	283.0299988
6863	283.0100098
6864	282.9700012
6865	283.0899963
6866	283.1600037
6867	283.1600037
6868	283.0700073
6869	282.9700012
6870	282.8900146
6871	282.9500122
6872	283.0899963
6873	283.2399902
6874	283.2399902
6875	283.2200012
6876	283.2399902
6877	283.1199951
6878	283.0700073
6879	283.1400146
6880	283.0700073
6881	283.0700073
6882	283.0299988
6883	283.1400146
6884	283.1199951
6885	283.1600037
6886	283.0899963
6887	283.0700073
6888	283.0499878
6889	283.0499878
6890	283.0299988
6891	282.9899902
6892	282.9299927
6893	282.9100037
6894	282.9299927
6895	282.9299927
6896	283.0899963
6897	283.0899963
6898	283.1199951
6899	282.9899902
6900	282.9500122
6901	282.9700012
6902	283.0100098
6903	283.0700073
6904	283.1199951
6905	283.0499878
6906	283.0499878
6907	282.9899902
6908	283.1400146
6909	283.1600037
6910	283.0899963
6911	282.9100037
6912	282.7799988
6913	282.7799988
6914	282.6799927
6915	282.5899963
6916	282.6600037
6917	282.7600098
6918	282.7200012
6919	282.7399902
6920	282.6799927
6921	281.7999878
6922	281.1499939
6923	280.769989
6924	279.9599915
6925	279.3699951
6926	279.1400146
6927	278.8699951
6928	278.6600037
6929	278.6199951
6930	278.6199951
6931	278.5799866
6932	278.6000061
6933	278.6799927
6934	278.769989
6935	278.9500122
6936	279.0400085
6937	279.3299866
6938	279.3299866
6939	279.519989
6940	279.6900024
6941	279.6900024
6942	279.8500061
6943	280.019989
6944	280.2099915
6945	280.2099915
6946	280.25
6947	280.269989
6948	280.25
6949	280.2900085
6950	280.5
6951	280.6099854
6952	280.6099854
6953	280.8399963
6954	280.8800049
6955	280.8800049
6956	280.9400024
6957	281
6958	281.0700073
6959	281.0700073
6960	281.1499939
6961	281.1700134
6962	281.230011
6963	281.2099915
6964	281.2999878
6965	281.3599854
6966	281.3800049
6967	281.3599854
6968	281.3599854
6969	281.3800049
6970	281.5299988
6971	281.5700073
6972	281.6499939
6973	281.7600098
6974	281.8599854
6975	281.8800049
6976	281.8399963
6977	281.8399963
6978	281.8399963
6979	281.7099915
6980	281.730011
6981	281.6900024
6982	281.7999878
6983	281.7799988
6984	281.7799988
6985	281.7999878
6986	281.8800049
6987	281.8800049
6988	281.8999939
6989	281.8800049
6990	281.8800049
6991	281.8999939
6992	281.8200073
6993	281.9899902
6994	281.9400024
6995	281.9400024
6996	281.9599915
6997	281.9899902
6998	281.9899902
6999	282.0100098
7000	281.9899902
7001	281.8599854
7002	281.7999878
7003	281.8399963
7004	281.8399963
7005	281.8200073
7006	281.8599854
7007	281.8599854
7008	281.9200134
7009	281.8999939
7010	281.8999939
7011	281.9200134
7012	281.9599915
7013	282.0299988
7014	281.9599915
7015	281.9400024
7016	281.9400024
7017	281.8999939
7018	281.9400024
7019	281.9599915
7020	281.9400024
7021	281.9200134
7022	281.9400024
7023	281.9400024
7024	282.0899963
7025	282.0700073
7026	282.0899963
7027	282.0499878
7028	282.0499878
7029	282.0499878
7030	282.0499878
7031	281.9400024
7032	281.9200134
7033	281.9200134
7034	281.9599915
7035	281.9899902
7036	281.9599915
7037	281.9599915
7038	281.9400024
7039	281.9400024
7040	281.9599915
7041	281.9899902
7042	282.0100098
7043	281.9200134
7044	281.8999939
7045	282.0299988
7046	282.1300049
7047	282.0899963
7048	282.0899963
7049	282.0299988
7050	281.9599915
7051	282.0299988
7052	282.0100098
7053	281.9400024
7054	281.9400024
7055	281.9400024
7056	282.0299988
7057	282.0100098
7058	282.0499878
7059	282.1099854
7060	282.0899963
7061	282.0499878
7062	282.0499878
7063	282.0499878
7064	282.0299988
7065	282.0299988
7066	281.9899902
7067	281.9599915
7068	281.9200134
7069	281.9200134
7070	282.1700134
7071	282.1499939
7072	282.1499939
7073	282.1499939
7074	282.2000122
7075	282.1499939
7076	282.2000122
7077	282.0700073
7078	282.0700073
7079	282.0899963
7080	282.0499878
7081	282.0700073
7082	282.1300049
7083	282.1099854
7084	282.0299988
7085	281.9400024
7086	281.9599915
7087	281.9599915
7088	281.9400024
7089	281.8800049
7090	281.9400024
7091	282.0100098
7092	282.0700073
7093	282.0100098
7094	282.0100098
7095	281.9599915
7096	281.9599915
7097	282.0100098
7098	282.0100098
7099	282.0299988
7100	282.0299988
7101	282.0899963
7102	282.1099854
7103	282.1300049
7104	282.0700073
7105	282.0700073
7106	281.9899902
7107	281.9599915
7108	281.9599915
7109	281.8999939
7110	281.8999939
7111	281.9599915
7112	282.1099854
7113	282.1099854
7114	282.1499939
7115	282.1499939
7116	282.1499939
7117	282.1300049
7118	282.0899963
7119	282.0899963
7120	282.1300049
7121	282.1499939
7122	282.1300049
7123	282.1700134
7124	282.1099854
7125	282.0299988
7126	282.0299988
7127	282.0299988
7128	281.9899902
7129	282.0299988
7130	282.0100098
7131	282.0299988
7132	282.0499878
7133	282.0499878
7134	282.1300049
7135	282.1099854
7136	282.0899963
7137	282.0899963
7138	282.0700073
7139	281.9899902
7140	281.9599915
7141	281.9599915
7142	282.0100098
7143	282.2000122
7144	282.0899963
7145	282.1300049
7146	282.0700073
7147	282.0899963
7148	282.0499878
7149	282.0899963
7150	282.0899963
7151	281.9899902
7152	282.0299988
7153	281.9200134
7154	281.9899902
7155	282.0299988
7156	282.1099854
7157	282.1300049
7158	282.1300049
7159	282.2200012
7160	282.1300049
7161	282.0899963
7162	282.0899963
7163	282.0700073
7164	282.1300049
7165	282.1300049
7166	282.1300049
7167	282.1099854
7168	282.1300049
7169	282.0700073
7170	282.0700073
7171	282.0899963
7172	282.0899963
7173	282.2200012
7174	282.1499939
7175	282.1499939
7176	282.0899963
7177	282.0299988
7178	281.9400024
7179	281.9400024
7180	281.9400024
7181	281.9599915
7182	281.9599915
7183	282.0299988
7184	282.0700073
7185	282.0700073
7186	282.0499878
7187	282.0100098
7188	282.0299988
7189	282.0299988
7190	282.0299988
7191	282.1099854
7192	282.1099854
7193	282.0700073
7194	282.0299988
7195	282.0899963
7196	282.0899963
7197	282.0899963
7198	282.1499939
7199	282.1700134
7200	282.2399902
7201	282.1499939
7202	282.1700134
7203	282.1099854
7204	282.1099854
7205	282.1499939
7206	282.2399902
7207	282.2200012
7208	282.2200012
7209	282.1099854
7210	282.0700073
7211	282.0899963
7212	282.2799988
7213	282.3599854
7214	282.2799988
7215	282.2399902
7216	282.3200073
7217	282.5100098
7218	282.6300049
7219	282.5700073
7220	282.6099854
7221	282.7000122
7222	282.6799927
7223	282.7000122
7224	282.6799927
7225	282.7000122
7226	282.6300049
7227	282.6600037
7228	282.7600098
7229	282.7600098
7230	282.8599854
7231	282.8200073
7232	282.7399902
7233	282.6799927
7234	282.7399902
7235	282.7399902
7236	282.7399902
7237	282.7399902
7238	282.7399902
7239	282.7999878
7240	282.7600098
7241	282.6600037
7242	282.7200012
7243	282.7399902
7244	282.8900146
7245	282.7999878
7246	282.7999878
7247	282.7399902
7248	282.7200012
7249	282.6799927
7250	282.5899963
7251	282.6600037
7252	282.6799927
7253	282.7399902
7254	282.7399902
7255	282.7799988
7256	282.8200073
7257	282.8399963
7258	282.7600098
7259	282.8399963
7260	282.8399963
7261	282.7999878
7262	282.7999878
7263	282.7999878
7264	282.8900146
7265	282.9700012
7266	282.9500122
7267	282.9299927
7268	282.9299927
7269	282.9899902
7270	283.0700073
7271	283.0299988
7272	283.0299988
7273	283.0899963
7274	283.2000122
7275	283.2000122
7276	282.9899902
7277	282.8900146
7278	282.9899902
7279	283.1400146
7280	283.1400146
7281	283.1199951
7282	283.0299988
7283	283.1199951
7284	283.0499878
7285	282.9700012
7286	282.8599854
7287	282.8399963
7288	282.8599854
7289	282.8900146
7290	282.9500122
7291	283.0100098
7292	283.0100098
7293	282.9899902
7294	283.0100098
7295	282.9299927
7296	282.8900146
7297	282.9299927
7298	282.9100037
7299	282.9100037
7300	282.9100037
7301	282.9100037
7302	282.9700012
7303	283.0100098
7304	282.9500122
7305	282.9700012
7306	283.0299988
7307	283.0299988
7308	283.0100098
7309	282.9500122
7310	283.0299988
7311	282.9899902
7312	282.9899902
7313	283.0299988
7314	283.0299988
7315	283.0299988
7316	283.0499878
7317	283.0499878
7318	283.0299988
7319	283.0299988
7320	283.0499878
7321	283.0499878
7322	283.1400146
7323	283.1799927
7324	283.2600098
7325	283.2600098
7326	283.2399902
7327	283.0299988
7328	282.8599854
7329	282.8399963
7330	282.8399963
7331	282.8599854
7332	282.9700012
7333	282.9700012
7334	282.8900146
7335	282.8599854
7336	283.0499878
7337	283.0299988
7338	282.9500122
7339	282.9500122
7340	282.9700012
7341	282.9700012
7342	283.0299988
7343	283.1199951
7344	283.0700073
7345	283.0899963
7346	283.0899963
7347	282.9700012
7348	283.0100098
7349	283.0100098
7350	283.0100098
7351	282.9100037
7352	282.9299927
7353	282.9700012
7354	282.9299927
7355	282.9100037
7356	282.8399963
7357	282.8900146
7358	282.9500122
7359	282.9299927
7360	283.0100098
7361	283.0299988
7362	283.0299988
7363	283.0100098
7364	282.9899902
7365	283.0299988
7366	283.0700073
7367	283.0299988
7368	282.9899902
7369	282.9100037
7370	282.8599854
7371	282.8599854
7372	282.9500122
7373	282.9899902
7374	283.0499878
7375	283.0100098
7376	282.8599854
7377	282.7799988
7378	282.7799988
7379	282.9100037
7380	283.0100098
7381	283.0299988
7382	283.0899963
7383	282.9500122
7384	282.7999878
7385	282.7999878
7386	282.7200012
7387	282.6600037
7388	282.6300049
7389	282.5899963
7390	282.7399902
7391	282.7200012
7392	282.7200012
7393	282.4700012
7394	282.2399902
7395	281.4400024
7396	280.6900024
7397	280.3500061
7398	279.6000061
7399	279.269989
7400	278.3299866
7401	278.1199951
7402	277.8200073
7403	277.5700073
7404	277.5700073
7405	277.7200012
7406	277.9100037
7407	278.1199951
7408	278.1799927
7409	278.3699951
7410	278.3699951
7411	278.7399902
7412	279
7413	279.1000061
7414	279.269989
7415	279.519989
7416	279.6900024
7417	279.6900024
7418	279.9200134
7419	280.1199951
7420	280.1700134
7421	280.25
7422	280.3500061
7423	280.4200134
7424	280.4200134
7425	280.5400085
7426	280.6700134
7427	280.769989
7428	280.8099976
7429	280.8999939
7430	280.8800049
7431	280.8399963
7432	280.9599915
7433	281
7434	281.019989
7435	281.0400085
7436	281.0700073
7437	281.019989
7438	280.980011
7439	281.1099854
7440	281.230011
7441	281.25
7442	281.3399963
7443	281.3200073
7444	281.2999878
7445	281.3200073
7446	281.3800049
7447	281.5299988
7448	281.5700073
7449	281.5700073
7450	281.4599915
7451	281.4400024
7452	281.4200134
7453	281.480011
7454	281.5
7455	281.4599915
7456	281.4599915
7457	281.6499939
7458	281.6700134
7459	281.6700134
7460	281.730011
7461	281.730011
7462	281.6900024
7463	281.730011
7464	281.7099915
7465	281.6900024
7466	281.6700134
7467	281.730011
7468	281.7099915
7469	281.7600098
7470	281.7600098
7471	281.730011
7472	281.6700134
7473	281.7799988
7474	281.8200073
7475	281.730011
7476	281.7099915
7477	281.730011
7478	281.8200073
7479	281.8800049
7480	282.0100098
7481	282.0100098
7482	281.8599854
7483	281.7799988
7484	281.7799988
7485	281.730011
7486	281.730011
7487	281.7600098
7488	281.7600098
7489	281.7999878
7490	281.8200073
7491	281.8200073
7492	281.8999939
7493	281.9200134
7494	281.9400024
7495	281.9400024
7496	282.0499878
7497	282.0499878
7498	282.0299988
7499	282.0499878
7500	282.0499878
7501	282.1099854
7502	282.0700073
7503	282.0499878
7504	282.0899963
7505	282.1099854
7506	282.0499878
7507	282.0299988
7508	281.9899902
7509	281.9899902
7510	282.0100098
7511	282.0299988
7512	281.9599915
7513	281.9400024
7514	281.9200134
7515	281.9400024
7516	281.8599854
7517	281.8399963
7518	281.9200134
7519	281.9599915
7520	281.9599915
7521	281.9400024
7522	281.9400024
7523	281.9400024
7524	281.9899902
7525	282.0499878
7526	282.0499878
7527	282.0499878
7528	282.1700134
7529	282.2200012
7530	282.2000122
7531	282.2600098
7532	282.2600098
7533	282.1700134
7534	282.1499939
7535	282.0299988
7536	281.9899902
7537	281.9899902
7538	282.0299988
7539	281.9899902
7540	281.9599915
7541	281.9899902
7542	282.0899963
7543	282.0700073
7544	282.0899963
7545	282.0299988
7546	282.0100098
7547	281.9200134
7548	281.9599915
7549	281.9599915
7550	281.9899902
7551	282.0700073
7552	282.0700073
7553	282.1700134
7554	282.2200012
7555	282.2600098
7556	282.1300049
7557	282.0499878
7558	282.0899963
7559	282.0899963
7560	282.1499939
7561	282.0499878
7562	281.9400024
7563	281.9899902
7564	282.0700073
7565	282.1300049
7566	282.1300049
7567	282.1499939
7568	282.1300049
7569	282.0700073
7570	282.0299988
7571	281.9899902
7572	281.8999939
7573	281.9599915
7574	282.0100098
7575	281.9599915
7576	281.9599915
7577	281.9899902
7578	281.9899902
7579	281.9899902
7580	281.9400024
7581	282.0100098
7582	282.0299988
7583	282.0499878
7584	282.0700073
7585	282.0899963
7586	282.0100098
7587	282.0100098
7588	282.0100098
7589	282.0499878
7590	282.0899963
7591	282.0899963
7592	281.9400024
7593	281.8800049
7594	281.8800049
7595	282.0100098
7596	282.0899963
7597	282.0899963
7598	282.0899963
7599	282.0299988
7600	281.9599915
7601	281.9599915
7602	282.0499878
7603	282.0499878
7604	282.0499878
7605	282.0700073
7606	282.1700134
7607	282.1300049
7608	282.0299988
7609	282.1099854
7610	282.1300049
7611	282.1300049
7612	282.1099854
7613	282.0899963
7614	282.0700073
7615	282.1300049
7616	282.0700073
7617	282.0499878
7618	282.0899963
7619	282.0100098
7620	282.0100098
7621	282.0299988
7622	282.0700073
7623	282.0700073
7624	282.1099854
7625	282.1099854
7626	282.0299988
7627	282.0299988
7628	282.0100098
7629	282.0899963
7630	282.0899963
7631	282.0499878
7632	282.0899963
7633	282.0499878
7634	282.0299988
7635	281.8800049
7636	281.8999939
7637	281.8999939
7638	281.9899902
7639	282.0499878
7640	282.0499878
7641	282.0700073
7642	282.1499939
7643	282.0899963
7644	282.1700134
7645	282.1099854
7646	282.1300049
7647	282.0899963
7648	282.1099854
7649	282.1300049
7650	282.0899963
7651	282.1499939
7652	282.1499939
7653	282.1499939
7654	282.1700134
7655	282.1700134
7656	282.1300049
7657	282.1700134
7658	282.1300049
7659	282.1300049
7660	282.1300049
7661	282.1300049
7662	282.1300049
7663	282.1499939
7664	282.2200012
7665	282.1300049
7666	282.1099854
7667	282.1300049
7668	282.0899963
7669	282.0899963
7670	282.1300049
7671	282.0899963
7672	282.1300049
7673	282.1499939
7674	282.2399902
7675	282.2000122
7676	282.2600098
7677	282.1300049
7678	282.2200012
7679	282.1499939
7680	282.1300049
7681	282.2000122
7682	282.1300049
7683	282.1099854
7684	281.9899902
7685	282.0299988
7686	282.1099854
7687	282.2999878
7688	282.4899902
7689	282.6799927
7690	282.7000122
7691	282.6300049
7692	282.5100098
7693	282.5100098
7694	282.5499878
7695	282.5700073
7696	282.5299988
7697	282.6300049
7698	282.6799927
7699	282.6600037
7700	282.5899963
7701	282.5899963
7702	282.7000122
7703	282.7000122
7704	282.7600098
7705	282.9100037
7706	282.9299927
7707	282.9100037
7708	282.9100037
7709	282.8399963
7710	282.8599854
7711	282.9500122
7712	282.8900146
7713	282.8599854
7714	282.8900146
7715	282.9100037
7716	283.0299988
7717	283.0100098
7718	282.9500122
7719	282.8599854
7720	282.8599854
7721	282.9100037
7722	282.8900146
7723	282.8200073
7724	282.8200073
7725	282.8599854
7726	282.7799988
7727	282.8200073
7728	282.7999878
7729	282.7799988
7730	282.8200073
7731	282.7799988
7732	282.6799927
7733	282.6799927
7734	282.6300049
7735	282.6799927
7736	282.6600037
7737	282.7000122
7738	282.7200012
7739	282.7399902
7740	282.7399902
7741	282.7999878
7742	282.7399902
7743	282.7600098
7744	282.7200012
7745	282.7200012
7746	282.7200012
7747	282.7200012
7748	282.7200012
7749	282.6600037
7750	282.6600037
7751	282.7600098
7752	282.8599854
7753	282.8200073
7754	282.8599854
7755	282.8399963
7756	282.8399963
7757	282.8399963
7758	282.8200073
7759	282.9100037
7760	282.9500122
7761	282.9299927
7762	282.8399963
7763	282.7799988
7764	282.7999878
7765	282.9500122
7766	282.9299927
7767	282.9100037
7768	282.9100037
7769	282.8399963
7770	282.8900146
7771	282.9700012
7772	282.9700012
7773	282.8900146
7774	282.7799988
7775	282.8200073
7776	282.8399963
7777	282.8900146
7778	282.8200073
7779	282.8200073
7780	282.7600098
7781	282.8399963
7782	282.7999878
7783	282.8399963
7784	282.8900146
7785	282.9500122
7786	282.9899902
7787	282.9500122
7788	282.9299927
7789	282.9299927
7790	282.8599854
7791	282.8900146
7792	282.9500122
7793	282.9899902
7794	282.9899902
7795	282.9899902
7796	282.8599854
7797	282.9100037
7798	282.9100037
7799	282.8900146
7800	282.8599854
7801	282.7799988
7802	282.7399902
7803	282.7399902
7804	282.7399902
7805	282.8200073
7806	282.8399963
7807	282.8900146
7808	282.9100037
7809	282.9700012
7810	282.9700012
7811	282.9700012
7812	282.9700012
7813	282.9700012
7814	283.0299988
7815	283.0299988
7816	282.8900146
7817	282.8200073
7818	282.8200073
7819	282.9100037
7820	282.9700012
7821	282.9700012
7822	283.0100098
7823	283.0499878
7824	283.0299988
7825	283.1199951
7826	283.0100098
7827	282.9899902
7828	283.0100098
7829	282.9500122
7830	283.0100098
7831	283.0499878
7832	283.0700073
7833	283.0299988
7834	282.9500122
7835	282.9500122
7836	283.0100098
7837	282.9500122
7838	283.0100098
7839	282.9500122
7840	282.9899902
7841	282.9899902
7842	282.9899902
7843	282.9899902
7844	282.9899902
7845	283.0100098
7846	283.0700073
7847	283.0700073
7848	283.0499878
7849	283.0700073
7850	283.0700073
7851	283.0299988
7852	282.9700012
7853	282.9100037
7854	282.9500122
7855	282.9500122
7856	282.9100037
7857	282.9100037
7858	282.8399963
7859	282.7999878
7860	282.7799988
7861	282.7799988
7862	282.7799988
7863	282.7999878
7864	282.7799988
7865	282.7600098
7866	282.7200012
7867	282.3200073
7868	281.7600098
7869	281.4599915
7870	280.730011
7871	280.2900085
7872	279.5799866
7873	279.0599976
7874	278.6000061
7875	278.6000061
7876	278.3099976
7877	278.2600098
7878	278.3099976
7879	278.3099976
7880	278.3699951
7881	278.4899902
7882	278.4899902
7883	278.7399902
7884	278.8900146
7885	279
7886	279.1799927
7887	279.4299927
7888	279.4299927
7889	279.4299927
7890	279.6000061
7891	279.8299866
7892	279.9200134
7893	280.019989
7894	280.1700134
7895	280.1900024
7896	280.1900024
7897	280.3800049
7898	280.519989
7899	280.5599976
7900	280.730011
7901	280.730011
7902	280.8800049
7903	280.9400024
7904	281.0400085
7905	281.019989
7906	281.0700073
7907	281.1099854
7908	281.1099854
7909	281.1900024
7910	281.1499939
7911	281.1499939
7912	281.1499939
7913	281.1700134
7914	281.1700134
7915	281.269989
7916	281.3200073
7917	281.3800049
7918	281.3999939
7919	281.4400024
7920	281.4599915
7921	281.4599915
7922	281.4599915
7923	281.4599915
7924	281.480011
7925	281.5
7926	281.5899963
7927	281.5899963
7928	281.6099854
7929	281.6099854
7930	281.6099854
7931	281.6300049
7932	281.6499939
7933	281.6700134
7934	281.7099915
7935	281.6499939
7936	281.6700134
7937	281.730011
7938	281.7099915
7939	281.7099915
7940	281.6900024
7941	281.7099915
7942	281.6700134
7943	281.730011
7944	281.7600098
7945	281.7099915
7946	281.7099915
7947	281.7799988
7948	281.6900024
7949	281.730011
7950	281.7600098
7951	281.7600098
7952	281.8399963
7953	281.8399963
7954	281.8800049
7955	281.9400024
7956	281.9899902
7957	282.0499878
7958	282.0700073
7959	282.1300049
7960	282.1300049
7961	282.0299988
7962	282.0100098
7963	281.9400024
7964	281.8399963
7965	281.8800049
7966	281.8999939
7967	281.8399963
7968	281.8999939
7969	281.9200134
7970	281.9200134
7971	281.8599854
7972	281.7999878
7973	281.8200073
7974	281.8399963
7975	281.8999939
7976	281.8999939
7977	281.8200073
7978	281.8399963
7979	281.8399963
7980	281.8800049
7981	281.8800049
7982	281.8399963
7983	281.8200073
7984	281.7799988
7985	281.7799988
7986	281.7799988
7987	281.7999878
7988	281.7600098
7989	281.7999878
7990	281.9200134
7991	281.9400024
7992	281.9400024
7993	281.9899902
7994	282.0100098
7995	281.9599915
7996	282.0700073
7997	282.0100098
7998	282.0499878
7999	282.0899963
8000	282.1499939
8001	282.1099854
8002	282.0299988
8003	281.9899902
8004	282.0499878
8005	282.1099854
8006	282.1099854
8007	282.1099854
8008	282.1700134
8009	282.0899963
8010	282.0700073
8011	282.0899963
8012	282.0899963
8013	282.0899963
8014	282.0299988
8015	281.9599915
8016	281.9599915
8017	281.9200134
8018	281.8999939
8019	281.8599854
8020	281.8599854
8021	281.9200134
8022	281.9200134
8023	281.8999939
8024	281.8999939
8025	281.8200073
8026	281.8200073
8027	281.7799988
8028	281.8399963
8029	281.8599854
8030	281.8999939
8031	281.8999939
8032	281.9400024
8033	282.0100098
8034	282.0499878
8035	282.0700073
8036	282.0100098
8037	281.9599915
8038	282.0100098
8039	282.1300049
8040	282.0899963
8041	282.1499939
8042	282.2200012
8043	282.2000122
8044	282.0299988
8045	282.0100098
8046	281.9400024
8047	281.9899902
8048	281.9200134
8049	281.9899902
8050	281.9599915
8051	281.9899902
8052	281.9599915
8053	281.8599854
8054	281.8200073
8055	281.8399963
8056	281.8399963
8057	282.0100098
8058	282.0700073
8059	282.1300049
8060	282.1099854
8061	282.0100098
8062	281.9899902
8063	281.9899902
8064	281.9200134
8065	281.8800049
8066	281.9200134
8067	281.9400024
8068	281.9200134
8069	281.8399963
8070	281.7799988
8071	281.7999878
8072	281.8200073
8073	281.7999878
8074	281.8800049
8075	281.8999939
8076	281.9200134
8077	281.8599854
8078	281.9200134
8079	281.8999939
8080	281.8999939
8081	281.8399963
8082	281.7799988
8083	281.730011
8084	281.8200073
8085	281.8800049
8086	281.8999939
8087	281.8800049
8088	281.8200073
8089	281.8399963
8090	281.8599854
8091	281.8200073
8092	281.7999878
8093	281.8200073
8094	281.8800049
8095	281.8800049
8096	281.8999939
8097	281.9400024
8098	281.9899902
8099	281.9899902
8100	281.9200134
8101	281.9400024
8102	281.9400024
8103	281.9200134
8104	281.8200073
8105	281.8399963
8106	281.8200073
8107	281.8599854
8108	281.8999939
8109	281.8399963
8110	281.9200134
8111	281.9400024
8112	281.9400024
8113	281.9599915
8114	281.9599915
8115	282.0100098
8116	282.0299988
8117	281.8999939
8118	281.8999939
8119	281.8999939
8120	281.9200134
8121	281.9899902
8122	282.0299988
8123	282.0700073
8124	281.9599915
8125	281.9400024
8126	281.8599854
8127	281.8599854
8128	281.7999878
8129	281.8200073
8130	281.7799988
8131	281.8399963
8132	281.7999878
8133	281.7999878
8134	281.7999878
8135	281.8599854
8136	281.8999939
8137	282.0299988
8138	282.0100098
8139	281.9400024
8140	281.8599854
8141	281.8599854
8142	281.9899902
8143	282.0100098
8144	281.9899902
8145	281.9400024
8146	281.8800049
8147	281.9599915
8148	281.8999939
8149	281.9200134
8150	281.9400024
8151	282.0499878
8152	282.0899963
8153	282.0700073
8154	282.1499939
8155	282.1300049
8156	282.1099854
8157	282.0700073
8158	282.0499878
8159	282.0299988
8160	282.1499939
8161	282.2000122
8162	282.2200012
8163	282.2399902
8164	282.2799988
8165	282.3599854
8166	282.3599854
8167	282.3800049
8168	282.3800049
8169	282.4500122
8170	282.5299988
8171	282.6799927
8172	282.7200012
8173	282.7200012
8174	282.6600037
8175	282.6099854
8176	282.6099854
8177	282.6099854
8178	282.6099854
8179	282.5899963
8180	282.5499878
8181	282.5899963
8182	282.5499878
8183	282.5700073
8184	282.5299988
8185	282.7000122
8186	282.6600037
8187	282.7200012
8188	282.8200073
8189	282.9299927
8190	282.8399963
8191	282.7200012
8192	282.7200012
8193	282.7200012
8194	282.7399902
8195	282.7399902
8196	282.7000122
8197	282.7799988
8198	282.7799988
8199	282.7000122
8200	282.7000122
8201	282.7200012
8202	282.7000122
8203	282.7600098
8204	282.8200073
8205	282.8200073
8206	282.7799988
8207	282.7600098
8208	282.7600098
8209	282.7000122
8210	282.6799927
8211	282.5899963
8212	282.5899963
8213	282.6300049
8214	282.7000122
8215	282.7000122
8216	282.7399902
8217	282.7000122
8218	282.6600037
8219	282.6600037
8220	282.6099854
8221	282.6099854
8222	282.7000122
8223	282.6300049
8224	282.6799927
8225	282.6300049
8226	282.6799927
8227	282.7200012
8228	282.6300049
8229	282.6300049
8230	282.7600098
8231	282.7399902
8232	282.6300049
8233	282.7200012
8234	282.6799927
8235	282.7000122
8236	282.7799988
8237	282.7799988
8238	282.7000122
8239	282.7399902
8240	282.7000122
8241	282.6300049
8242	282.6300049
8243	282.6300049
8244	282.6300049
8245	282.7600098
8246	282.7200012
8247	282.7000122
8248	282.7000122
8249	282.6300049
8250	282.6799927
8251	282.6600037
8252	282.7200012
8253	282.7799988
8254	282.8200073
8255	282.9100037
8256	282.7999878
8257	282.7200012
8258	282.7000122
8259	282.7399902
8260	282.7399902
8261	282.8900146
8262	282.7999878
8263	282.7799988
8264	282.9299927
8265	282.9700012
8266	282.9700012
8267	282.9500122
8268	282.8900146
8269	282.8900146
8270	282.8200073
8271	282.8399963
8272	282.8200073
8273	282.7999878
8274	282.8399963
8275	282.9700012
8276	282.9700012
8277	282.9700012
8278	282.9899902
8279	283.0299988
8280	283.0100098
8281	282.9100037
8282	282.8599854
8283	282.8599854
8284	282.8900146
8285	282.9500122
8286	282.9500122
8287	282.9100037
8288	282.8900146
8289	282.8900146
8290	282.9899902
8291	282.9899902
8292	282.9899902
8293	282.8399963
8294	282.7999878
8295	282.8200073
8296	282.8200073
8297	282.9299927
8298	282.9700012
8299	282.9500122
8300	282.8599854
8301	282.7999878
8302	282.8200073
8303	282.7999878
8304	282.7399902
8305	282.7799988
8306	282.7999878
8307	282.8399963
8308	282.9100037
8309	282.8900146
8310	282.7399902
8311	282.7399902
8312	282.7799988
8313	282.7799988
8314	282.7399902
8315	282.7399902
8316	282.7799988
8317	282.7999878
8318	282.8900146
8319	282.8599854
8320	282.8599854
8321	282.9100037
8322	282.9899902
8323	282.9899902
8324	282.8399963
8325	282.7600098
8326	282.7399902
8327	282.8399963
8328	282.8200073
8329	282.7799988
8330	282.6300049
8331	282.6099854
8332	282.5499878
8333	282.5499878
8334	282.5499878
8335	282.4700012
8336	282.4299927
8337	282.5100098
8338	282.5700073
8339	282.4700012
8340	282.3800049
8341	282.2399902
8342	281.6700134
8343	281.3200073
8344	280.4599915
8345	279.7099915
8346	279.0599976
8347	279.0599976
8348	278.4299927
8349	278.2200012
8350	278.1799927
8351	278.1600037
8352	278.2000122
8353	278.3900146
8354	278.3900146
8355	278.7399902
8356	278.9100037
8357	279
8358	279.1400146
8359	279.3699951
8360	279.519989
8361	279.6000061
8362	279.75
8363	279.8099976
8364	279.9200134
8365	280.1199951
8366	280.1900024
8367	280.25
8368	280.230011
8369	280.3299866
8370	280.4200134
8371	280.5400085
8372	280.7099915
8373	280.6900024
8374	280.6700134
8375	280.6700134
8376	280.730011
8377	280.8599854
8378	280.9200134
8379	280.9200134
8380	281
8381	281.0899963
8382	281.1300049
8383	281.0400085
8384	281.019989
8385	281.019989
8386	281.019989
8387	281.0899963
8388	281
8389	281.0899963
8390	281.1300049
8391	281.1700134
8392	281.3399963
8393	281.3399963
8394	281.3999939
8395	281.3999939
8396	281.4200134
8397	281.5
8398	281.6099854
8399	281.5899963
8400	281.5899963
8401	281.6499939
8402	281.6099854
8403	281.6700134
8404	281.6300049
8405	281.6900024
8406	281.6700134
8407	281.6700134
8408	281.5899963
8409	281.6300049
8410	281.6900024
8411	281.6900024
8412	281.730011
8413	281.7999878
8414	281.8399963
8415	281.7600098
8416	281.7600098
8417	281.7799988
8418	281.7799988
8419	281.8999939
8420	281.8200073
8421	281.730011
8422	281.7600098
8423	281.6900024
8424	281.6900024
8425	281.6900024
8426	281.7099915
8427	281.7099915
8428	281.7600098
8429	281.6300049
8430	281.6900024
8431	281.6700134
8432	281.6700134
8433	281.730011
8434	281.7799988
8435	281.7999878
8436	281.8800049
8437	281.8999939
8438	281.9400024
8439	281.8800049
8440	281.8599854
8441	281.8800049
8442	281.8599854
8443	281.8999939
8444	281.8800049
8445	281.9899902
8446	281.9400024
8447	281.8999939
8448	281.8599854
8449	281.7999878
8450	281.7999878
8451	281.8200073
8452	281.8599854
8453	281.8999939
8454	281.8200073
8455	281.9400024
8456	282.0700073
8457	282.0700073
8458	282.0299988
8459	281.9599915
8460	281.8399963
8461	281.8599854
8462	281.8800049
8463	281.8999939
8464	281.8999939
8465	281.8599854
8466	281.8200073
8467	281.7999878
8468	281.8800049
8469	281.8999939
8470	281.9200134
8471	281.9200134
8472	281.9899902
8473	282.0100098
8474	282.0299988
8475	282.0499878
8476	281.9400024
8477	281.9899902
8478	281.9899902
8479	281.8200073
8480	281.7999878
8481	281.8599854
8482	281.8399963
8483	281.8599854
8484	281.9200134
8485	281.9200134
8486	281.8999939
8487	281.9400024
8488	281.8800049
8489	281.8800049
8490	281.8599854
8491	281.8200073
8492	281.8200073
8493	281.8599854
8494	281.8999939
8495	281.9200134
8496	281.9200134
8497	281.7999878
8498	281.8599854
8499	281.8800049
8500	281.8999939
8501	281.8800049
8502	281.8999939
8503	281.9200134
8504	281.9400024
8505	281.8999939
8506	281.8999939
8507	281.9599915
8508	281.9599915
8509	282.0100098
8510	282.0499878
8511	282.0499878
8512	282.0700073
8513	282.0700073
8514	282.0700073
8515	282.0499878
8516	282.0100098
8517	282.0899963
8518	282.0100098
8519	282.0499878
8520	282.0700073
8521	282.0499878
8522	281.9899902
8523	281.9899902
8524	281.9899902
8525	282.0100098
8526	282.0100098
8527	281.9599915
8528	281.9599915
8529	281.9400024
8530	281.8800049
8531	281.8999939
8532	281.8999939
8533	281.9200134
8534	281.8399963
8535	281.8399963
8536	281.8200073
8537	281.7600098
8538	281.8399963
8539	281.8599854
8540	281.8399963
8541	281.9200134
8542	281.9899902
8543	282.0700073
8544	282.0899963
8545	282.1499939
8546	282.2200012
8547	282.1300049
8548	282.1300049
8549	282.0899963
8550	282.1099854
8551	282.0899963
8552	282.1300049
8553	282.2399902
8554	282.2399902
8555	282.2399902
8556	282.2200012
8557	282.2600098
8558	282.1700134
8559	282.2000122
8560	282.2000122
8561	282.2399902
8562	282.0700073
8563	282.1099854
8564	282.1099854
8565	282.2000122
8566	282.2200012
8567	282.2200012
8568	282.1499939
8569	282.1099854
8570	282.0499878
8571	282.0299988
8572	282.0299988
8573	281.9599915
8574	281.9599915
8575	281.9400024
8576	282.0100098
8577	281.9599915
8578	282.0299988
8579	282.0299988
8580	282.0100098
8581	281.9200134
8582	281.8999939
8583	281.9599915
8584	281.9599915
8585	282.0100098
8586	281.9899902
8587	281.9200134
8588	281.9200134
8589	281.9400024
8590	281.9400024
8591	281.9899902
8592	282.0899963
8593	282.0700073
8594	282.0700073
8595	282.0299988
8596	282.0899963
8597	282.0499878
8598	282.1099854
8599	282.1099854
8600	282.0499878
8601	282.1300049
8602	282.1099854
8603	282.1499939
8604	282.2200012
8605	282.1099854
8606	282.1099854
8607	282.0299988
8608	281.9899902
8609	281.9599915
8610	281.9400024
8611	282.0499878
8612	282.0700073
8613	282.0299988
8614	282.0100098
8615	281.9599915
8616	281.9599915
8617	282.0100098
8618	281.9899902
8619	282.0499878
8620	282.0700073
8621	282.1099854
8622	282.1099854
8623	282.0899963
8624	282.0499878
8625	281.9899902
8626	281.9599915
8627	282.0499878
8628	282.1099854
8629	282.1099854
8630	282.2000122
8631	282.2000122
8632	282.1300049
8633	282.2399902
8634	282.2999878
8635	282.2999878
8636	282.2799988
8637	282.2600098
8638	282.2600098
8639	282.5299988
8640	282.4899902
8641	282.4700012
8642	282.3999939
8643	282.4299927
8644	282.3599854
8645	282.3599854
8646	282.5100098
8647	282.6600037
8648	282.7000122
8649	282.7600098
8650	282.7600098
8651	282.7999878
8652	282.7000122
8653	282.5899963
8654	282.5499878
8655	282.5299988
8656	282.6099854
8657	282.6799927
8658	282.7200012
8659	282.7000122
8660	282.7399902
8661	282.6600037
8662	282.6099854
8663	282.7399902
8664	282.7399902
8665	282.8900146
8666	282.8399963
8667	282.9899902
8668	282.9299927
8669	282.9100037
8670	282.9100037
8671	282.8599854
8672	282.7000122
8673	282.6600037
8674	282.5700073
8675	282.7000122
8676	282.7200012
8677	282.7200012
8678	282.7600098
8679	282.7799988
8680	282.7399902
8681	282.6799927
8682	282.7399902
8683	282.7399902
8684	282.7000122
8685	282.6799927
8686	282.6099854
8687	282.6099854
8688	282.6600037
8689	282.6300049
8690	282.7200012
8691	282.6300049
8692	282.6600037
8693	282.5700073
8694	282.6099854
8695	282.6600037
8696	282.6600037
8697	282.7000122
8698	282.7399902
8699	282.7200012
8700	282.6799927
8701	282.7799988
8702	282.7799988
8703	282.7200012
8704	282.6799927
8705	282.6799927
8706	282.7399902
8707	282.6799927
8708	282.7000122
8709	282.7000122
8710	282.7200012
8711	282.8200073
8712	282.8399963
8713	282.9299927
8714	282.8599854
8715	282.7600098
8716	282.7600098
8717	282.5899963
8718	282.6799927
8719	282.6300049
8720	282.6600037
8721	282.7000122
8722	282.7600098
8723	282.7399902
8724	282.7399902
8725	282.7200012
8726	282.6099854
8727	282.5899963
8728	282.6300049
8729	282.5299988
8730	282.6300049
8731	282.5700073
8732	282.6300049
8733	282.6099854
8734	282.6300049
8735	282.6099854
8736	282.7000122
8737	282.7200012
8738	282.7399902
8739	282.7000122
8740	282.7399902
8741	282.7399902
8742	282.7399902
8743	282.8599854
8744	282.8200073
8745	282.7200012
8746	282.8200073
8747	283.0499878
8748	283.0499878
8749	283.1400146
8750	282.9899902
8751	283.0100098
8752	282.9500122
8753	282.9299927
8754	282.8599854
8755	282.8900146
8756	282.7799988
8757	282.7600098
8758	282.7200012
8759	282.7399902
8760	282.7200012
8761	282.7000122
8762	282.7000122
8763	282.7200012
8764	282.7200012
8765	282.7799988
8766	282.7999878
8767	282.7600098
8768	282.7600098
8769	282.7799988
8770	282.7200012
8771	282.7999878
8772	282.8599854
8773	282.8599854
8774	282.7799988
8775	282.6099854
8776	282.7399902
8777	282.7600098
8778	282.8200073
8779	282.8599854
8780	282.8599854
8781	282.6600037
8782	282.6799927
8783	282.7200012
8784	282.7000122
8785	282.7000122
8786	282.7399902
8787	282.7399902
8788	282.7000122
8789	282.7999878
8790	282.7399902
8791	282.5899963
8792	282.4500122
8793	282.5100098
8794	282.5499878
8795	282.6300049
8796	282.6300049
8797	282.7600098
8798	282.7200012
8799	282.6799927
8800	282.6799927
8801	282.7000122
8802	282.7200012
8803	282.7000122
8804	282.6300049
8805	282.4700012
8806	282.4299927
8807	282.4500122
8808	282.3999939
8809	282.4899902
8810	282.4700012
8811	282.4299927
8812	282.4299927
8813	282.2200012
8814	281.730011
8815	281.3999939
8816	280.5599976
8817	279.7900085
8818	278.9500122
8819	278.9500122
8820	278.1000061
8821	277.8200073
8822	277.7000122
8823	277.5899963
8824	277.6799927
8825	277.7399902
8826	277.7399902
8827	277.9700012
8828	278.2000122
8829	278.2799988
8830	278.6600037
8831	278.7900085
8832	278.8500061
8833	278.9299927
8834	279.1199951
8835	279.25
8836	279.3900146
8837	279.5799866
8838	279.5599976
8839	279.6600037
8840	279.769989
8841	279.8900146
8842	280.0400085
8843	280.1000061
8844	280.230011
8845	280.25
8846	280.2900085
8847	280.2900085
8848	280.3299866
8849	280.3999939
8850	280.4599915
8851	280.4599915
8852	280.480011
8853	280.5400085
8854	280.5
8855	280.6300049
8856	280.769989
8857	280.75
8858	280.75
8859	280.8099976
8860	280.9400024
8861	281
8862	281.0400085
8863	281.0899963
8864	281.1499939
8865	281.1700134
8866	281.1700134
8867	281.1300049
8868	281.2099915
8869	281.2099915
8870	281.2099915
8871	281.1300049
8872	281.1499939
8873	281.1900024
8874	281.2099915
8875	281.1499939
8876	281.25
8877	281.25
8878	281.2999878
8879	281.3800049
8880	281.3399963
8881	281.3399963
8882	281.4200134
8883	281.4200134
8884	281.4599915
8885	281.4400024
8886	281.4200134
8887	281.4599915
8888	281.480011
8889	281.5700073
8890	281.5700073
8891	281.6099854
8892	281.6300049
8893	281.6099854
8894	281.6300049
8895	281.5700073
8896	281.5
8897	281.5
8898	281.6099854
8899	281.5899963
8900	281.6099854
8901	281.6499939
8902	281.6499939
8903	281.6099854
8904	281.6099854
8905	281.5899963
8906	281.5299988
8907	281.480011
8908	281.3800049
8909	281.4200134
8910	281.4599915
8911	281.4400024
8912	281.5499878
8913	281.480011
8914	281.5
8915	281.5
8916	281.5299988
8917	281.5
8918	281.5499878
8919	281.5700073
8920	281.6300049
8921	281.7099915
8922	281.7099915
8923	281.7799988
8924	281.7799988
8925	281.7099915
8926	281.8200073
8927	281.8200073
8928	281.6700134
8929	281.6700134
8930	281.6099854
8931	281.5899963
8932	281.6300049
8933	281.5499878
8934	281.480011
8935	281.480011
8936	281.5299988
8937	281.5299988
8938	281.5
8939	281.5
8940	281.5
8941	281.6300049
8942	281.6099854
8943	281.5700073
8944	281.480011
8945	281.4599915
8946	281.5299988
8947	281.480011
8948	281.4200134
8949	281.480011
8950	281.5499878
8951	281.5299988
8952	281.6099854
8953	281.5899963
8954	281.6099854
8955	281.5
8956	281.5899963
8957	281.5899963
8958	281.5899963
8959	281.5700073
8960	281.5
8961	281.5
8962	281.5700073
8963	281.5499878
8964	281.5700073
8965	281.5499878
8966	281.5700073
8967	281.6099854
8968	281.6099854
8969	281.5499878
8970	281.5899963
8971	281.5899963
8972	281.6499939
8973	281.6499939
8974	281.7099915
8975	281.730011
8976	281.6700134
8977	281.6099854
8978	281.5899963
8979	281.5899963
8980	281.5499878
8981	281.5299988
8982	281.6300049
8983	281.6099854
8984	281.6099854
8985	281.6099854
8986	281.6300049
8987	281.6499939
8988	281.6300049
8989	281.6700134
8990	281.5700073
8991	281.6499939
8992	281.7099915
8993	281.7099915
8994	281.7099915
8995	281.6499939
8996	281.6700134
8997	281.5899963
8998	281.6099854
8999	281.6499939
9000	281.6499939
9001	281.7099915
9002	281.7099915
9003	281.7099915
9004	281.7799988
9005	281.8599854
9006	281.8800049
9007	281.8200073
9008	281.8399963
9009	281.8399963
9010	281.7799988
9011	281.8599854
9012	281.8800049
9013	281.8800049
9014	281.8399963
9015	281.8200073
9016	281.730011
9017	281.6900024
9018	281.6099854
9019	281.5499878
9020	281.5
9021	281.5299988
9022	281.4400024
9023	281.3599854
9024	281.4200134
9025	281.4599915
9026	281.4599915
9027	281.5
9028	281.480011
9029	281.4599915
9030	281.5
9031	281.5899963
9032	281.5899963
9033	281.5899963
9034	281.6300049
9035	281.6099854
9036	281.5700073
9037	281.5499878
9038	281.5700073
9039	281.5700073
9040	281.5899963
9041	281.5499878
9042	281.5499878
9043	281.6499939
9044	281.730011
9045	281.6900024
9046	281.6300049
9047	281.6300049
9048	281.6300049
9049	281.6499939
9050	281.6099854
9051	281.5499878
9052	281.5899963
9053	281.6099854
9054	281.6499939
9055	281.6099854
9056	281.5
9057	281.480011
9058	281.4200134
9059	281.4200134
9060	281.4200134
9061	281.5499878
9062	281.5499878
9063	281.5899963
9064	281.5899963
9065	281.5700073
9066	281.5700073
9067	281.480011
9068	281.5
9069	281.6099854
9070	281.7099915
9071	281.7099915
9072	281.6499939
9073	281.6499939
9074	281.6099854
9075	281.5499878
9076	281.4400024
9077	281.480011
9078	281.480011
9079	281.4599915
9080	281.4599915
9081	281.5
9082	281.5499878
9083	281.6499939
9084	281.5899963
9085	281.6099854
9086	281.5700073
9087	281.5
9088	281.4400024
9089	281.4599915
9090	281.5
9091	281.480011
9092	281.5
9093	281.3999939
9094	281.5
9095	281.5700073
9096	281.5299988
9097	281.480011
9098	281.4599915
9099	281.3800049
9100	281.3800049
9101	281.4200134
9102	281.5
9103	281.5
9104	281.6099854
9105	281.6099854
9106	281.6099854
9107	281.8200073
9108	281.7799988
9109	281.7999878
9110	281.7999878
9111	281.9899902
9112	282.0499878
9113	282.0899963
9114	282.1499939
9115	282.2399902
9116	282.2999878
9117	282.3200073
9118	282.2799988
9119	282.3399963
9120	282.3399963
9121	282.2200012
9122	282.2600098
9123	282.2399902
9124	282.3399963
9125	282.2200012
9126	282.2200012
9127	282.3800049
9128	282.3800049
9129	282.3200073
9130	282.3399963
9131	282.4299927
9132	282.3599854
9133	282.2000122
9134	282.2000122
9135	282.2000122
9136	282.2200012
9137	282.3999939
9138	282.4899902
9139	282.4500122
9140	282.4299927
9141	282.3800049
9142	282.3800049
9143	282.4500122
9144	282.5499878
9145	282.5899963
9146	282.5899963
9147	282.6300049
9148	282.7200012
9149	282.7200012
9150	282.6799927
9151	282.5499878
9152	282.5499878
9153	282.5299988
9154	282.5299988
9155	282.5100098
9156	282.5499878
9157	282.5299988
9158	282.5299988
9159	282.6300049
9160	282.7000122
9161	282.7600098
9162	282.7600098
9163	282.7799988
9164	282.6799927
9165	282.7600098
9166	282.7600098
9167	282.6300049
9168	282.5700073
9169	282.5499878
9170	282.6099854
9171	282.5499878
9172	282.5100098
9173	282.4899902
9174	282.4899902
9175	282.3399963
9176	282.2600098
9177	282.2600098
9178	282.2000122
9179	282.2399902
9180	282.2999878
9181	282.2999878
9182	282.2999878
9183	282.2999878
9184	282.3599854
9185	282.4299927
9186	282.5299988
9187	282.5899963
9188	282.5700073
9189	282.4899902
9190	282.4700012
9191	282.3800049
9192	282.3800049
9193	282.4500122
9194	282.5299988
9195	282.3999939
9196	282.3999939
9197	282.3800049
9198	282.4500122
9199	282.5299988
9200	282.5700073
9201	282.4299927
9202	282.3999939
9203	282.3399963
9204	282.3999939
9205	282.3399963
9206	282.4500122
9207	282.5700073
9208	282.7600098
9209	282.7399902
9210	282.6099854
9211	282.5700073
9212	282.5899963
9213	282.5899963
9214	282.5899963
9215	282.5700073
9216	282.5499878
9217	282.3800049
9218	282.3200073
9219	282.4299927
9220	282.4299927
9221	282.4500122
9222	282.4500122
9223	282.5100098
9224	282.4899902
9225	282.4700012
9226	282.4500122
9227	282.3800049
9228	282.2600098
9229	282.3200073
9230	282.4299927
9231	282.5700073
9232	282.6099854
9233	282.5299988
9234	282.4700012
9235	282.6799927
9236	282.7000122
9237	282.8900146
9238	282.8399963
9239	282.7399902
9240	282.5899963
9241	282.6099854
9242	282.6099854
9243	282.5700073
9244	282.5100098
9245	282.5100098
9246	282.5299988
9247	282.6300049
9248	282.6300049
9249	282.6300049
9250	282.7600098
9251	282.8399963
9252	282.8399963
9253	282.7200012
9254	282.7000122
9255	282.6799927
9256	282.5299988
9257	282.5499878
9258	282.5499878
9259	282.5700073
9260	282.6799927
9261	282.7399902
9262	282.6799927
9263	282.5700073
9264	282.5299988
9265	282.5499878
9266	282.5899963
9267	282.5499878
9268	282.5299988
9269	282.3999939
9270	282.3399963
9271	282.3200073
9272	282.3399963
9273	282.2600098
9274	282.2999878
9275	282.5499878
9276	282.6099854
9277	282.5499878
9278	282.5899963
9279	282.4899902
9280	282.4700012
9281	282.3800049
9282	282.3399963
9283	282.3399963
9284	282.3399963
9285	282.2999878
9286	282.0899963
9287	281.8599854
9288	281.2999878
9289	280.6099854
9290	279.75
9291	279.75
9292	278.6000061
9293	278.1000061
9294	277.9700012
9295	277.7399902
9296	277.8699951
9297	277.8699951
9298	277.9500122
9299	278.1400146
9300	278.3099976
9301	278.5599976
9302	278.7900085
9303	278.9700012
9304	279.0400085
9305	279.1000061
9306	279.230011
9307	279.3500061
9308	279.5599976
9309	279.75
9310	279.8299866
9311	279.8900146
9312	279.9599915
9313	280.1000061
9314	280.0400085
9315	280.0400085
9316	280.0400085
9317	280.0799866
9318	280.1199951
9319	280.1900024
9320	280.230011
9321	280.25
9322	280.3500061
9323	280.3500061
9324	280.4599915
9325	280.3800049
9326	280.3800049
9327	280.5
9328	280.519989
9329	280.519989
9330	280.519989
9331	280.5400085
9332	280.6099854
9333	280.6900024
9334	280.7099915
9335	280.8099976
9336	280.769989
9337	280.75
9338	280.6900024
9339	280.730011
9340	280.730011
9341	280.8099976
9342	280.8800049
9343	280.8999939
9344	281
9345	281.019989
9346	281.0899963
9347	281.0700073
9348	281.019989
9349	280.980011
9350	280.980011
9351	281.0899963
9352	281.0899963
9353	281.1499939
9354	281.1300049
9355	281.1300049
9356	281.0700073
9357	281.0400085
9358	281.0700073
9359	281.1099854
9360	281.0899963
9361	281.1099854
9362	281.1099854
9363	281.230011
9364	281.1700134
9365	281.1700134
9366	281.1300049
9367	281.2099915
9368	281.1900024
9369	281.1900024
9370	281.1900024
9371	281.1900024
9372	281.25
9373	281.3200073
9374	281.3200073
9375	281.2999878
9376	281.269989
9377	281.269989
9378	281.3200073
9379	281.269989
9380	281.3399963
9381	281.269989
9382	281.230011
9383	281.3200073
9384	281.4200134
9385	281.480011
9386	281.4599915
9387	281.4599915
9388	281.3800049
9389	281.3399963
9390	281.3999939
9391	281.4200134
9392	281.5499878
9393	281.5499878
9394	281.5499878
9395	281.5899963
9396	281.5700073
9397	281.5700073
9398	281.5700073
9399	281.5499878
9400	281.480011
9401	281.480011
9402	281.4200134
9403	281.3399963
9404	281.3200073
9405	281.230011
9406	281.2999878
9407	281.269989
9408	281.3200073
9409	281.3200073
9410	281.3200073
9411	281.3599854
9412	281.2999878
9413	281.3599854
9414	281.2999878
9415	281.3200073