1	286.3599854
2	286.3599854
3	286.3999939
4	286.3099976
5	286.3399963
6	286.3800049
7	286.3999939
8	286.4200134
9	286.3599854
10	286.3800049
11	286.3399963
12	286.3099976
13	286.3399963
14	286.3800049
15	286.4200134
16	286.3999939
17	286.3999939
18	286.4599915
19	286.3800049
20	286.3800049
21	286.3599854
22	286.3099976
23	286.3099976
24	286.3099976
25	286.2900085
26	286.3599854
27	286.3599854
28	286.269989
29	286.3099976
30	286.3599854
31	286.3399963
32	286.3099976
33	286.3099976
34	286.269989
35	286.3099976
36	286.2900085
37	286.269989
38	286.269989
39	286.230011
40	286.3099976
41	286.25
42	286.3599854
43	286.3599854
44	286.2900085
45	286.3099976
46	286.3399963
47	286.3099976
48	286.3599854
49	286.3099976
50	286.3800049
51	286.3599854
52	286.3599854
53	286.3599854
54	286.3399963
55	286.3599854
56	286.3099976
57	286.269989
58	286.269989
59	286.269989
60	286.25
61	286.25
62	286.1900024
63	286.230011
64	286.2099915
65	286.1700134
66	286.1700134
67	286.1900024
68	286.2099915
69	286.2099915
70	286.2099915
71	286.1700134
72	286.230011
73	286.2099915
74	286.25
75	286.1900024
76	286.1700134
77	286.25
78	286.2900085
79	286.25
80	286.230011
81	286.2099915
82	286.269989
83	286.25
84	286.230011
85	286.25
86	286.269989
87	286.269989
88	286.269989
89	286.25
90	286.230011
91	286.230011
92	286.230011
93	286.269989
94	286.269989
95	286.3399963
96	286.230011
97	286.230011
98	286.230011
99	286.480011
100	286.480011
101	286.5
102	286.5700073
103	286.519989
104	286.6099854
105	286.5899963
106	286.8800049
107	286.9200134
108	287.1099854
109	287.2600098
110	287.3999939
111	287.4200134
112	287.4200134
113	287.6300049
114	287.6700134
115	287.8800049
116	287.8599854
117	287.8599854
118	288.0100098
119	288.0499878
120	287.9500122
121	287.8800049
122	287.8800049
123	287.8800049
124	287.9700012
125	288.0499878
126	288.0299988
127	288.1099854
128	288.0700073
129	287.9700012
130	287.9700012
131	287.8800049
132	287.9299927
133	287.8399963
134	287.7999878
135	287.8399963
136	287.8800049
137	287.8800049
138	288.0700073
139	288.0100098
140	288.0299988
141	287.8800049
142	288.0499878
143	288.1099854
144	288.1300049
145	288.0499878
146	288.0299988
147	287.9899902
148	288.0299988
149	287.9500122
150	287.8999939
151	287.8800049
152	287.9700012
153	287.9500122
154	287.9500122
155	287.7999878
156	287.8800049
157	287.8999939
158	287.8800049
159	287.9700012
160	287.9899902
161	288.0700073
162	288.0700073
163	288.1799927
164	288.1099854
165	288.0899963
166	287.9700012
167	287.9500122
168	287.9899902
169	287.9899902
170	288.0700073
171	288.0299988
172	288.0100098
173	288.0100098
174	288.0499878
175	288.0299988
176	287.9700012
177	288.0499878
178	287.9899902
179	287.9500122
180	287.9700012
181	288.0299988
182	288.0700073
183	288.0100098
184	287.9500122
185	287.8999939
186	287.9299927
187	287.9700012
188	287.9899902
189	288.1099854
190	288.2000122
191	288.1600037
192	288.0700073
193	288.0100098
194	288.2000122
195	288.1300049
196	288.1099854
197	288.2000122
198	288.1099854
199	288.0499878
200	288.1300049
201	288.1300049
202	288.0700073
203	288.0899963
204	288.1600037
205	288.2799988
206	288.2999878
207	288.1300049
208	288.1300049
209	288.0299988
210	288.0499878
211	288.0299988
212	288.0499878
213	288.1799927
214	288.2200012
215	288.1600037
216	288.1600037
217	288.1799927
218	288.1099854
219	288.1099854
220	288.1300049
221	287.9899902
222	288.0700073
223	288.0700073
224	288.1099854
225	288.2200012
226	288.2399902
227	288.2399902
228	288.4100037
229	288.3399963
230	288.2200012
231	288.2399902
232	288.2399902
233	288.2399902
234	288.2799988
235	288.2399902
236	288.2200012
237	288.1799927
238	288.1300049
239	288.1799927
240	288.1799927
241	288.2600098
242	288.3399963
243	288.3200073
244	288.2999878
245	288.2799988
246	288.2399902
247	288.2200012
248	288.1799927
249	288.2600098
250	288.2200012
251	288.1300049
252	288.0899963
253	288.2200012
254	288.2999878
255	288.2799988
256	288.2799988
257	288.4500122
258	288.4100037
259	288.4100037
260	288.2600098
261	288.2200012
262	288.2799988
263	288.3399963
264	288.3399963
265	288.2600098
266	288.2399902
267	288.1799927
268	288.1300049
269	288.2399902
270	288.2399902
271	288.2799988
272	288.2799988
273	288.4700012
274	288.1600037
275	288.2399902
276	288.1300049
277	288.0499878
278	287.9899902
279	287.9899902
280	287.8999939
281	287.8800049
282	287.8800049
283	287.8599854
284	287.8599854
285	287.7799988
286	287.7399902
287	287.3800049
288	287.2799988
289	286.980011
290	286.6099854
291	286.1300049
292	285.8500061
293	285.5400085
294	284.5
295	284.1000061
296	283.6000061
297	283.0899963
298	282.9299927
299	282.7000122
300	282.6099854
301	282.5700073
302	282.6600037
303	282.7600098
304	282.7600098
305	282.9299927
306	283.0899963
307	283.1600037
308	283.3900146
309	283.6400146
310	283.8699951
311	283.8699951
312	284.2000122
313	284.3299866
314	284.2900085
315	284.3699951
316	284.5799866
317	284.75
318	284.75
319	284.9599915
320	285.0599976
321	285.1199951
322	285.1900024
323	285.2099915
324	285.2900085
325	285.3099976
326	285.3099976
327	285.3900146
328	285.4200134
329	285.5
330	285.5400085
331	285.6199951
332	285.6199951
333	285.6700134
334	285.6499939
335	285.6900024
336	285.7900085
337	285.8299866
338	285.8299866
339	285.8999939
340	285.9400024
341	285.8999939
342	285.9200134
343	285.9200134
344	285.8500061
345	285.9599915
346	286.0400085
347	286.0400085
348	286.0599976
349	286.0599976
350	286.0599976
351	286.1099854
352	286.0799866
353	286.0599976
354	286.0799866
355	286.1499939
356	286.1300049
357	286.1300049
358	286.0799866
359	286.1300049
360	286.1700134
361	286.1499939
362	286.1700134
363	286.1700134
364	286.1900024
365	286.269989
366	286.2099915
367	286.25
368	286.25
369	286.2900085
370	286.3599854
371	286.269989
372	286.2900085
373	286.3399963
374	286.4200134
375	286.4200134
376	286.3800049
377	286.3999939
378	286.4200134
379	286.4200134
380	286.5
381	286.4400024
382	286.4400024
383	286.3800049
384	286.3999939
385	286.4400024
386	286.4200134
387	286.4400024
388	286.480011
389	286.480011
390	286.3999939
391	286.4200134
392	286.3999939
393	286.480011
394	286.4400024
395	286.480011
396	286.4599915
397	286.4599915
398	286.4599915
399	286.480011
400	286.5400085
401	286.5400085
402	286.519989
403	286.5700073
404	286.4599915
405	286.480011
406	286.480011
407	286.519989
408	286.5400085
409	286.4599915
410	286.5
411	286.4599915
412	286.4400024
413	286.4200134
414	286.4200134
415	286.480011
416	286.519989
417	286.5
418	286.5
419	286.519989
420	286.5
421	286.5
422	286.4599915
423	286.480011
424	286.4400024
425	286.519989
426	286.5899963
427	286.6499939
428	286.5899963
429	286.6300049
430	286.5700073
431	286.6099854
432	286.6099854
433	286.5400085
434	286.519989
435	286.519989
436	286.5400085
437	286.5700073
438	286.5
439	286.6099854
440	286.6099854
441	286.5899963
442	286.5899963
443	286.6499939
444	286.5700073
445	286.6099854
446	286.5700073
447	286.5700073
448	286.519989
449	286.5
450	286.480011
451	286.5
452	286.5400085
453	286.5400085
454	286.480011
455	286.5700073
456	286.5899963
457	286.6300049
458	286.6099854
459	286.6499939
460	286.6499939
461	286.6099854
462	286.6700134
463	286.7099915
464	286.6700134
465	286.6300049
466	286.6700134
467	286.6099854
468	286.6499939
469	286.769989
470	286.75
471	286.7099915
472	286.6700134
473	286.6499939
474	286.6700134
475	286.6300049
476	286.5700073
477	286.5700073
478	286.5899963
479	286.6099854
480	286.6099854
481	286.6499939
482	286.6499939
483	286.6300049
484	286.5899963
485	286.5899963
486	286.6099854
487	286.6499939
488	286.6099854
489	286.6099854
490	286.6300049
491	286.6499939
492	286.6499939
493	286.6900024
494	286.6900024
495	286.730011
496	286.6900024
497	286.6300049
498	286.6700134
499	286.6700134
500	286.6499939
501	286.6700134
502	286.6900024
503	286.75
504	286.730011
505	286.7099915
506	286.6499939
507	286.6099854
508	286.6700134
509	286.7099915
510	286.7099915
511	286.730011
512	286.75
513	286.7999878
514	286.6700134
515	286.6700134
516	286.6900024
517	286.75
518	286.75
519	286.75
520	286.75
521	286.6900024
522	286.75
523	286.7999878
524	286.7999878
525	286.75
526	286.769989
527	286.8200073
528	286.7999878
529	286.75
530	286.8999939
531	286.8999939
532	286.7999878
533	286.769989
534	286.75
535	286.7999878
536	286.8800049
537	286.8200073
538	286.8399963
539	286.8599854
540	286.7999878
541	286.7999878
542	286.769989
543	286.730011
544	286.8200073
545	286.75
546	286.8200073
547	286.8599854
548	286.8399963
549	286.8599854
550	286.8999939
551	286.8599854
552	286.8800049
553	286.8200073
554	286.8399963
555	286.7999878
556	286.7999878
557	286.75
558	286.7999878
559	286.730011
560	286.7099915
561	286.730011
562	286.769989
563	286.769989
564	286.8399963
565	286.769989
566	286.7999878
567	286.769989
568	286.8200073
569	286.8200073
570	286.8200073
571	286.8399963
572	287.0299988
573	287.0299988
574	287.1099854
575	287.0499878
576	287.1300049
577	287.1300049
578	287.2999878
579	287.3200073
580	287.3200073
581	287.4200134
582	287.4700012
583	287.5499878
584	287.6300049
585	287.8200073
586	287.8399963
587	288.0100098
588	288.1099854
589	288.2200012
590	288.2200012
591	288.1600037
592	288.2000122
593	288.2200012
594	288.1799927
595	288.1799927
596	288.2600098
597	288.2799988
598	288.3599854
599	288.1799927
600	288.2200012
601	288.1300049
602	288.1300049
603	288.3200073
604	288.2399902
605	288.3599854
606	288.3200073
607	288.3200073
608	288.3900146
609	288.3200073
610	288.2999878
611	288.3399963
612	288.4100037
613	288.3399963
614	288.3399963
615	288.4100037
616	288.3200073
617	288.2999878
618	288.3599854
619	288.4100037
620	288.4700012
621	288.5700073
622	288.6400146
623	288.5499878
624	288.6600037
625	288.4700012
626	288.5100098
627	288.5100098
628	288.5100098
629	288.4500122
630	288.4500122
631	288.3599854
632	288.4700012
633	288.4899902
634	288.4899902
635	288.5700073
636	288.4899902
637	288.4899902
638	288.4700012
639	288.5899963
640	288.6600037
641	288.6600037
642	288.8699951
643	288.7399902
644	288.7600098
645	288.7200012
646	288.5899963
647	288.5100098
648	288.4500122
649	288.4899902
650	288.5299988
651	288.5299988
652	288.5299988
653	288.5299988
654	288.5299988
655	288.4899902
656	288.5899963
657	288.4700012
658	288.5100098
659	288.4299927
660	288.4500122
661	288.4899902
662	288.5100098
663	288.4700012
664	288.4899902
665	288.5700073
666	288.5700073
667	288.5499878
668	288.5299988
669	288.5299988
670	288.5499878
671	288.4100037
672	288.3399963
673	288.3399963
674	288.3599854
675	288.5100098
676	288.5700073
677	288.5700073
678	288.5899963
679	288.5899963
680	288.4500122
681	288.3200073
682	288.2999878
683	288.3599854
684	288.4700012
685	288.4700012
686	288.4700012
687	288.4500122
688	288.5700073
689	288.5100098
690	288.4899902
691	288.5499878
692	288.4700012
693	288.4899902
694	288.4700012
695	288.7000122
696	288.6400146
697	288.5899963
698	288.5899963
699	288.5700073
700	288.7399902
701	288.6600037
702	288.5700073
703	288.5100098
704	288.5499878
705	288.5499878
706	288.6600037
707	288.7000122
708	288.5299988
709	288.5100098
710	288.4500122
711	288.4299927
712	288.4299927
713	288.6600037
714	288.5299988
715	288.4899902
716	288.4899902
717	288.4500122
718	288.4899902
719	288.5299988
720	288.6400146
721	288.4100037
722	288.4700012
723	288.7000122
724	288.6600037
725	288.6400146
726	288.6199951
727	288.5100098
728	288.5299988
729	288.4299927
730	288.4100037
731	288.4899902
732	288.5499878
733	288.6799927
734	288.7399902
735	288.6600037
736	288.5100098
737	288.5100098
738	288.5299988
739	288.5499878
740	288.5899963
741	288.6400146
742	288.7000122
743	288.5700073
744	288.5700073
745	288.5499878
746	288.5299988
747	288.5499878
748	288.2200012
749	288.1799927
750	288.2600098
751	288.2399902
752	288.1799927
753	288.1799927
754	288.1799927
755	288.1600037
756	288.1799927
757	288.2000122
758	288.2000122
759	288.0499878
760	287.9899902
761	287.7999878
762	287.5899963
763	287.3200073
764	286.6300049
765	286.269989
766	285.4599915
767	284.8699951
768	284.1799927
769	283.6000061
770	283.3900146
771	283.1400146
772	283.0499878
773	282.9299927
774	282.8900146
775	282.9700012
776	282.9700012
777	283.2999878
778	283.4899902
779	283.6000061
780	283.7200012
781	283.8500061
782	283.9899902
783	283.9899902
784	284.269989
785	284.3900146
786	284.519989
787	284.6799927
788	284.8299866
789	284.980011
790	284.980011
791	285.1900024
792	285.2900085
793	285.3299866
794	285.3900146
795	285.4200134
796	285.519989
797	285.5
798	285.6499939
799	285.6700134
800	285.6900024
801	285.8299866
802	285.8299866
803	285.9200134
804	285.9200134
805	285.980011
806	286.0599976
807	286.1300049
808	286.1300049
809	286.1499939
810	286.1900024
811	286.1900024
812	286.230011
813	286.2099915
814	286.25
815	286.25
816	286.269989
817	286.2099915
818	286.2099915
819	286.269989
820	286.3399963
821	286.3099976
822	286.3800049
823	286.2900085
824	286.3999939
825	286.3599854
826	286.3099976
827	286.3599854
828	286.3399963
829	286.3399963
830	286.4200134
831	286.3599854
832	286.3599854
833	286.480011
834	286.4200134
835	286.4400024
836	286.3999939
837	286.4200134
838	286.4200134
839	286.5
840	286.5
841	286.480011
842	286.4400024
843	286.480011
844	286.3599854
845	286.3999939
846	286.4400024
847	286.4400024
848	286.3800049
849	286.3399963
850	286.3999939
851	286.3999939
852	286.4599915
853	286.4200134
854	286.4200134
855	286.4400024
856	286.3999939
857	286.4400024
858	286.4599915
859	286.480011
860	286.480011
861	286.4400024
862	286.4400024
863	286.4400024
864	286.3399963
865	286.3599854
866	286.3599854
867	286.4400024
868	286.4200134
869	286.3999939
870	286.3599854
871	286.2900085
872	286.3800049
873	286.3599854
874	286.3599854
875	286.3800049
876	286.4200134
877	286.4400024
878	286.3999939
879	286.3999939
880	286.3800049
881	286.4200134
882	286.3599854
883	286.4200134
884	286.3099976
885	286.3399963
886	286.3399963
887	286.3999939
888	286.3800049
889	286.4200134
890	286.3099976
891	286.3399963
892	286.2900085
893	286.2900085
894	286.3099976
895	286.3399963
896	286.2900085
897	286.2900085
898	286.25
899	286.3099976
900	286.2900085
901	286.230011
902	286.25
903	286.2099915
904	286.25
905	286.2099915
906	286.25
907	286.2099915
908	286.1900024
909	286.2099915
910	286.1499939
911	286.1300049
912	286.1300049
913	286.0799866
914	286.1300049
915	286.1900024
916	286.1700134
917	286.1700134
918	286.1700134
919	286.25
920	286.230011
921	286.1300049
922	286.1099854
923	286.1300049
924	286.1099854
925	286.1099854
926	286.0599976
927	286.1499939
928	286.1499939
929	286.0599976
930	286.0799866
931	286.019989
932	286.1300049
933	286.1300049
934	286.1499939
935	286
936	286.1300049
937	286.0400085
938	286.019989
939	286.1099854
940	286.0799866
941	286.0599976
942	286.0599976
943	286.0799866
944	286.1099854
945	286.0400085
946	286
947	286.019989
948	286.0599976
949	286.0599976
950	286.0599976
951	286.019989
952	285.9599915
953	285.980011
954	286
955	285.8800049
956	285.980011
957	285.980011
958	285.9200134
959	285.9599915
960	286.0400085
961	285.980011
962	286.0599976
963	286
964	286
965	286
966	285.980011
967	285.9200134
968	285.8800049
969	285.8800049
970	285.8800049
971	285.9599915
972	285.9400024
973	285.8999939
974	285.980011
975	285.9400024
976	285.9599915
977	285.980011
978	285.8999939
979	285.9599915
980	285.9599915
981	285.9599915
982	285.8800049
983	285.9599915
984	285.9599915
985	285.9200134
986	286
987	285.980011
988	286
989	286
990	285.9200134
991	285.9200134
992	285.9200134
993	285.9200134
994	285.9400024
995	286.0599976
996	286.0599976
997	286.019989
998	285.9599915
999	285.980011
1000	286.0400085
1001	286.019989
1002	285.980011
1003	286
1004	286.0599976
1005	286.0599976
1006	286.0400085
1007	286.0799866
1008	286.0400085
1009	286
1010	286
1011	286.019989
1012	286
1013	286.0799866
1014	286
1015	286.019989
1016	286.0400085
1017	286.0599976
1018	286.1700134
1019	286.1499939
1020	286.1700134
1021	286.1700134
1022	286.0799866
1023	286.1099854
1024	286.0799866
1025	286.1300049
1026	286.1499939
1027	286.0599976
1028	286.0599976
1029	286.1099854
1030	286.1099854
1031	286.0799866
1032	286.019989
1033	286.1300049
1034	286.1300049
1035	286.1300049
1036	286.1499939
1037	286.2099915
1038	286.1300049
1039	286.1700134
1040	286.1700134
1041	286.1700134
1042	286.1700134
1043	286.1099854
1044	286.1300049
1045	286.3399963
1046	286.4200134
1047	286.4200134
1048	286.5899963
1049	286.7099915
1050	286.769989
1051	286.7099915
1052	286.5700073
1053	286.7099915
1054	286.8599854
1055	287.0299988
1056	287.1099854
1057	287.2399902
1058	287.3399963
1059	287.4200134
1060	287.4200134
1061	287.5499878
1062	287.5499878
1063	287.5700073
1064	287.5700073
1065	287.6700134
1066	287.6300049
1067	287.6300049
1068	287.7200012
1069	287.7200012
1070	287.7000122
1071	287.6700134
1072	287.6499939
1073	287.7000122
1074	287.7000122
1075	287.7799988
1076	287.7799988
1077	287.7600098
1078	287.8999939
1079	287.9899902
1080	287.9500122
1081	287.9500122
1082	288.0499878
1083	288.0299988
1084	287.8200073
1085	287.7200012
1086	287.7600098
1087	287.9299927
1088	288.0700073
1089	288.0100098
1090	288.0700073
1091	288.0700073
1092	287.9899902
1093	287.9700012
1094	287.9500122
1095	288.0100098
1096	288.0499878
1097	288.1300049
1098	288.1300049
1099	288.1300049
1100	288.0899963
1101	288.2200012
1102	288.2399902
1103	288.1600037
1104	288.0899963
1105	288.0700073
1106	288.0700073
1107	288.0299988
1108	287.9899902
1109	287.9899902
1110	287.9500122
1111	287.8800049
1112	287.8800049
1113	287.9299927
1114	287.9899902
1115	287.9299927
1116	287.9899902
1117	288.0899963
1118	288.1099854
1119	288.1600037
1120	288.2399902
1121	288.3599854
1122	288.3599854
1123	288.2600098
1124	288.3200073
1125	288.3399963
1126	288.3200073
1127	288.3399963
1128	288.2799988
1129	288.2799988
1130	288.2999878
1131	288.2999878
1132	288.3399963
1133	288.4899902
1134	288.4500122
1135	288.3599854
1136	288.4299927
1137	288.4700012
1138	288.4700012
1139	288.2999878
1140	288.2799988
1141	288.2399902
1142	288.3200073
1143	288.3599854
1144	288.2799988
1145	288.2799988
1146	288.3200073
1147	288.3900146
1148	288.3599854
1149	288.3599854
1150	288.3399963
1151	288.3900146
1152	288.3900146
1153	288.2999878
1154	288.3399963
1155	288.3200073
1156	288.2999878
1157	288.4100037
1158	288.3399963
1159	288.4100037
1160	288.3200073
1161	288.2799988
1162	288.2999878
1163	288.3399963
1164	288.3200073
1165	288.2200012
1166	288.2600098
1167	288.3599854
1168	288.5299988
1169	288.4500122
1170	288.4500122
1171	288.4100037
1172	288.4299927
1173	288.3399963
1174	288.3200073
1175	288.3900146
1176	288.3900146
1177	288.3900146
1178	288.2999878
1179	288.4299927
1180	288.4299927
1181	288.4899902
1182	288.4500122
1183	288.4500122
1184	288.3900146
1185	288.2000122
1186	288.2399902
1187	288.2799988
1188	288.3399963
1189	288.3900146
1190	288.2799988
1191	288.2999878
1192	288.3599854
1193	288.4299927
1194	288.3900146
1195	288.2799988
1196	288.2999878
1197	288.3200073
1198	288.3599854
1199	288.3200073
1200	288.3200073
1201	288.2799988
1202	288.2799988
1203	288.4299927
1204	288.4100037
1205	288.4100037
1206	288.3900146
1207	288.4700012
1208	288.4299927
1209	288.4299927
1210	288.3900146
1211	288.3200073
1212	288.3200073
1213	288.3599854
1214	288.4299927
1215	288.4100037
1216	288.4100037
1217	288.2999878
1218	288.3200073
1219	288.4100037
1220	288.3399963
1221	288.1600037
1222	288.0700073
1223	288.0899963
1224	288.0299988
1225	287.9899902
1226	287.9299927
1227	287.8999939
1228	287.9299927
1229	287.9299927
1230	287.8399963
1231	287.8800049
1232	287.8999939
1233	287.7999878
1234	287.5700073
1235	287.5299988
1236	287.1700134
1237	286.980011
1238	286.480011
1239	285.8800049
1240	285.1900024
1241	285.1900024
1242	284.2000122
1243	283.6400146
1244	283.4100037
1245	283.0100098
1246	282.8599854
1247	282.7999878
1248	282.7999878
1249	282.7999878
1250	282.9299927
1251	283.1199951
1252	283.2399902
1253	283.4100037
1254	283.4899902
1255	283.5799866
1256	283.8099976
1257	283.9899902
1258	284.1000061
1259	284.269989
1260	284.4700012
1261	284.5400085
1262	284.5599976
1263	284.7900085
1264	284.8299866
1265	284.9100037
1266	285.0400085
1267	285.0799866
1268	285.25
1269	285.269989
1270	285.3900146
1271	285.4200134
1272	285.480011
1273	285.480011
1274	285.5799866
1275	285.6000061
1276	285.6700134
1277	285.6499939
1278	285.75
1279	285.8299866
1280	285.8299866
1281	285.9200134
1282	285.9200134
1283	285.9599915
1284	285.9599915
1285	286.0400085
1286	286.019989
1287	286.019989
1288	286.0599976
1289	286.1099854
1290	286.1300049
1291	286.1499939
1292	286.1499939
1293	286.1700134
1294	286.25
1295	286.2099915
1296	286.25
1297	286.269989
1298	286.2900085
1299	286.269989
1300	286.25
1301	286.25
1302	286.25
1303	286.2900085
1304	286.3399963
1305	286.3800049
1306	286.3399963
1307	286.3399963
1308	286.3800049
1309	286.3999939
1310	286.4400024
1311	286.4200134
1312	286.4200134
1313	286.4200134
1314	286.4200134
1315	286.3999939
1316	286.4200134
1317	286.3399963
1318	286.3599854
1319	286.3599854
1320	286.3999939
1321	286.4200134
1322	286.4400024
1323	286.4599915
1324	286.4200134
1325	286.480011
1326	286.5400085
1327	286.519989
1328	286.6099854
1329	286.5899963
1330	286.6099854
1331	286.5899963
1332	286.519989
1333	286.5899963
1334	286.5700073
1335	286.519989
1336	286.5400085
1337	286.519989
1338	286.480011
1339	286.480011
1340	286.519989
1341	286.6499939
1342	286.5400085
1343	286.5899963
1344	286.5899963
1345	286.6300049
1346	286.6300049
1347	286.5899963
1348	286.6099854
1349	286.5700073
1350	286.5400085
1351	286.5400085
1352	286.5899963
1353	286.6099854
1354	286.5700073
1355	286.5400085
1356	286.6300049
1357	286.7099915
1358	286.7099915
1359	286.6700134
1360	286.6499939
1361	286.5899963
1362	286.6499939
1363	286.6900024
1364	286.6900024
1365	286.6700134
1366	286.6099854
1367	286.6099854
1368	286.6099854
1369	286.6499939
1370	286.5899963
1371	286.6300049
1372	286.6700134
1373	286.6900024
1374	286.6700134
1375	286.6099854
1376	286.5899963
1377	286.6499939
1378	286.6099854
1379	286.6300049
1380	286.6900024
1381	286.6700134
1382	286.6300049
1383	286.6300049
1384	286.6300049
1385	286.6700134
1386	286.7099915
1387	286.6700134
1388	286.6900024
1389	286.7099915
1390	286.7099915
1391	286.7099915
1392	286.6700134
1393	286.6300049
1394	286.5899963
1395	286.5899963
1396	286.6099854
1397	286.6099854
1398	286.6499939
1399	286.6700134
1400	286.6300049
1401	286.75
1402	286.730011
1403	286.6900024
1404	286.730011
1405	286.6900024
1406	286.730011
1407	286.6700134
1408	286.7099915
1409	286.6700134
1410	286.6300049
1411	286.6700134
1412	286.6300049
1413	286.6300049
1414	286.6700134
1415	286.730011
1416	286.6900024
1417	286.7099915
1418	286.6900024
1419	286.6900024
1420	286.730011
1421	286.6499939
1422	286.6499939
1423	286.7099915
1424	286.769989
1425	286.6700134
1426	286.6700134
1427	286.6099854
1428	286.6300049
1429	286.6300049
1430	286.7099915
1431	286.6499939
1432	286.75
1433	286.75
1434	286.75
1435	286.7099915
1436	286.6700134
1437	286.6300049
1438	286.6499939
1439	286.6700134
1440	286.6700134
1441	286.6700134
1442	286.6900024
1443	286.6499939
1444	286.7099915
1445	286.7099915
1446	286.6700134
1447	286.6700134
1448	286.6499939
1449	286.6499939
1450	286.6499939
1451	286.5700073
1452	286.5899963
1453	286.5899963
1454	286.5899963
1455	286.5
1456	286.5700073
1457	286.6700134
1458	286.7099915
1459	286.6300049
1460	286.5700073
1461	286.5700073
1462	286.5899963
1463	286.6099854
1464	286.5400085
1465	286.5700073
1466	286.6099854
1467	286.5899963
1468	286.5899963
1469	286.519989
1470	286.5700073
1471	286.519989
1472	286.6099854
1473	286.6099854
1474	286.6300049
1475	286.6300049
1476	286.5899963
1477	286.6700134
1478	286.5700073
1479	286.5899963
1480	286.5400085
1481	286.5700073
1482	286.6099854
1483	286.5899963
1484	286.5899963
1485	286.6099854
1486	286.6300049
1487	286.6499939
1488	286.6099854
1489	286.5700073
1490	286.6099854
1491	286.5899963
1492	286.6099854
1493	286.6099854
1494	286.6700134
1495	286.5899963
1496	286.6300049
1497	286.6300049
1498	286.7099915
1499	286.6700134
1500	286.6700134
1501	286.6300049
1502	286.6499939
1503	286.6099854
1504	286.5400085
1505	286.6300049
1506	286.5899963
1507	286.5700073
1508	286.5700073
1509	286.7099915
1510	286.7099915
1511	286.6099854
1512	286.6700134
1513	286.6099854
1514	286.6700134
1515	286.6300049
1516	286.5700073
1517	286.4599915
1518	286.7099915
1519	286.8200073
1520	286.8200073
1521	286.8800049
1522	287.0299988
1523	287.1099854
1524	287.2099915
1525	287.1700134
1526	287.1499939
1527	287.4400024
1528	287.5299988
1529	287.6099854
1530	287.6099854
1531	287.7000122
1532	287.7000122
1533	288.0100098
1534	288.0100098
1535	287.9500122
1536	288.1099854
1537	288.1099854
1538	288.0100098
1539	288.0100098
1540	288.1600037
1541	288.0499878
1542	288.0299988
1543	288.0299988
1544	288.1600037
1545	288.1600037
1546	288.1300049
1547	288.1099854
1548	288.1099854
1549	288.2000122
1550	288.2200012
1551	288.2200012
1552	288.2600098
1553	288.2799988
1554	288.3399963
1555	288.2600098
1556	288.2600098
1557	288.2600098
1558	288.2999878
1559	288.2999878
1560	288.2600098
1561	288.3399963
1562	288.3399963
1563	288.2799988
1564	288.2799988
1565	288.2999878
1566	288.4100037
1567	288.3900146
1568	288.3599854
1569	288.2999878
1570	288.2000122
1571	288.2000122
1572	288.2000122
1573	288.2399902
1574	288.3200073
1575	288.3599854
1576	288.3599854
1577	288.2999878
1578	288.3399963
1579	288.4899902
1580	288.4899902
1581	288.5700073
1582	288.4899902
1583	288.4500122
1584	288.4299927
1585	288.3200073
1586	288.3599854
1587	288.2799988
1588	288.2799988
1589	288.3599854
1590	288.4299927
1591	288.5499878
1592	288.5899963
1593	288.5100098
1594	288.4100037
1595	288.4899902
1596	288.5100098
1597	288.4899902
1598	288.5100098
1599	288.4899902
1600	288.4700012
1601	288.3599854
1602	288.2200012
1603	288.3200073
1604	288.2600098
1605	288.2600098
1606	288.3900146
1607	288.3200073
1608	288.4500122
1609	288.4100037
1610	288.4100037
1611	288.3399963
1612	288.2799988
1613	288.2999878
1614	288.2399902
1615	288.3200073
1616	288.4500122
1617	288.5299988
1618	288.4100037
1619	288.4100037
1620	288.4299927
1621	288.4899902
1622	288.3599854
1623	288.3900146
1624	288.4100037
1625	288.4700012
1626	288.4500122
1627	288.4700012
1628	288.5899963
1629	288.6400146
1630	288.7200012
1631	288.7000122
1632	288.7799988
1633	288.6199951
1634	288.5700073
1635	288.5700073
1636	288.4299927
1637	288.4100037
1638	288.3900146
1639	288.4500122
1640	288.4100037
1641	288.4100037
1642	288.4100037
1643	288.5100098
1644	288.5299988
1645	288.4899902
1646	288.4899902
1647	288.4899902
1648	288.6199951
1649	288.6199951
1650	288.5299988
1651	288.4899902
1652	288.4700012
1653	288.4700012
1654	288.5100098
1655	288.4899902
1656	288.4700012
1657	288.5499878
1658	288.5299988
1659	288.4299927
1660	288.5299988
1661	288.5299988
1662	288.5100098
1663	288.5299988
1664	288.5299988
1665	288.5100098
1666	288.5299988
1667	288.5100098
1668	288.4899902
1669	288.4700012
1670	288.4700012
1671	288.3399963
1672	288.4899902
1673	288.5100098
1674	288.5100098
1675	288.5499878
1676	288.5299988
1677	288.5899963
1678	288.5700073
1679	288.4899902
1680	288.4700012
1681	288.4700012
1682	288.3599854
1683	288.3900146
1684	288.3599854
1685	288.4700012
1686	288.4299927
1687	288.4899902
1688	288.4500122
1689	288.5100098
1690	288.5499878
1691	288.6199951
1692	288.5899963
1693	288.5299988
1694	288.4100037
1695	288.2799988
1696	288.2399902
1697	288.2999878
1698	288.2200012
1699	288.1799927
1700	288.2200012
1701	288.1600037
1702	288.1099854
1703	288.1600037
1704	288.0700073
1705	288.0299988
1706	287.9299927
1707	287.7799988
1708	287.5499878
1709	287.4700012
1710	287.1499939
1711	286.6300049
1712	285.8800049
1713	285.8800049
1714	284.8299866
1715	284.2399902
1716	283.9700012
1717	283.4899902
1718	283.0700073
1719	282.9899902
1720	282.9899902
1721	282.7999878
1722	282.8399963
1723	282.9100037
1724	283.1199951
1725	283.3200073
1726	283.4299927
1727	283.5299988
1728	283.8099976
1729	283.8699951
1730	283.9899902
1731	284.1600037
1732	284.2399902
1733	284.519989
1734	284.6199951
1735	284.7000122
1736	284.8099976
1737	284.8900146
1738	285.0599976
1739	285.1600037
1740	285.230011
1741	285.2900085
1742	285.3099976
1743	285.4400024
1744	285.4400024
1745	285.4400024
1746	285.519989
1747	285.6199951
1748	285.6199951
1749	285.6900024
1750	285.7099915
1751	285.7900085
1752	285.7900085
1753	285.980011
1754	285.980011
1755	285.980011
1756	286.0599976
1757	286.1499939
1758	286.0799866
1759	286.1099854
1760	286.1700134
1761	286.1900024
1762	286.1900024
1763	286.2099915
1764	286.25
1765	286.1900024
1766	286.2099915
1767	286.269989
1768	286.25
1769	286.25
1770	286.3999939
1771	286.3399963
1772	286.3800049
1773	286.4200134
1774	286.5
1775	286.4400024
1776	286.4400024
1777	286.5700073
1778	286.519989
1779	286.519989
1780	286.5400085
1781	286.480011
1782	286.4200134
1783	286.480011
1784	286.480011
1785	286.519989
1786	286.519989
1787	286.5400085
1788	286.5
1789	286.5700073
1790	286.5899963
1791	286.5899963
1792	286.5899963
1793	286.6300049
1794	286.6099854
1795	286.5700073
1796	286.6300049
1797	286.5899963
1798	286.6099854
1799	286.6300049
1800	286.6099854
1801	286.5899963
1802	286.5400085
1803	286.5700073
1804	286.6300049
1805	286.5899963
1806	286.6099854
1807	286.5400085
1808	286.6499939
1809	286.7099915
1810	286.6900024
1811	286.6700134
1812	286.519989
1813	286.6099854
1814	286.5400085
1815	286.5899963
1816	286.5899963
1817	286.5400085
1818	286.5700073
1819	286.5899963
1820	286.6900024
1821	286.5899963
1822	286.6499939
1823	286.6499939
1824	286.5899963
1825	286.5700073
1826	286.6099854
1827	286.519989
1828	286.5899963
1829	286.5899963
1830	286.5700073
1831	286.5700073
1832	286.5
1833	286.5700073
1834	286.5899963
1835	286.5400085
1836	286.5400085
1837	286.5899963
1838	286.6099854
1839	286.5899963
1840	286.6099854
1841	286.7099915
1842	286.6700134
1843	286.6700134
1844	286.6300049
1845	286.6499939
1846	286.5700073
1847	286.5899963
1848	286.5899963
1849	286.6300049
1850	286.6499939
1851	286.6099854
1852	286.6700134
1853	286.6700134
1854	286.6700134
1855	286.6700134
1856	286.6099854
1857	286.6300049
1858	286.6900024
1859	286.7099915
1860	286.6700134
1861	286.6099854
1862	286.6099854
1863	286.6900024
1864	286.6499939
1865	286.6499939
1866	286.75
1867	286.7099915
1868	286.6700134
1869	286.6099854
1870	286.730011
1871	286.6300049
1872	286.7099915
1873	286.75
1874	286.7099915
1875	286.6700134
1876	286.6499939
1877	286.7099915
1878	286.6900024
1879	286.6700134
1880	286.6499939
1881	286.6900024
1882	286.6700134
1883	286.6300049
1884	286.6300049
1885	286.6900024
1886	286.6900024
1887	286.6900024
1888	286.730011
1889	286.75
1890	286.75
1891	286.6900024
1892	286.6300049
1893	286.6900024
1894	286.6900024
1895	286.6300049
1896	286.6900024
1897	286.6499939
1898	286.6300049
1899	286.6300049
1900	286.6900024
1901	286.6900024
1902	286.730011
1903	286.6300049
1904	286.6700134
1905	286.6099854
1906	286.519989
1907	286.6099854
1908	286.5700073
1909	286.6900024
1910	286.6300049
1911	286.6300049
1912	286.6900024
1913	286.6700134
1914	286.6900024
1915	286.7099915
1916	286.6700134
1917	286.6900024
1918	286.769989
1919	286.769989
1920	286.730011
1921	286.6499939
1922	286.6499939
1923	286.7099915
1924	286.6900024
1925	286.730011
1926	286.730011
1927	286.6499939
1928	286.6099854
1929	286.6300049
1930	286.6099854
1931	286.6900024
1932	286.6499939
1933	286.6499939
1934	286.6300049
1935	286.6700134
1936	286.6700134
1937	286.5700073
1938	286.6700134
1939	286.6300049
1940	286.75
1941	286.75
1942	286.7099915
1943	286.6499939
1944	286.6700134
1945	286.730011
1946	286.6499939
1947	286.6499939
1948	286.730011
1949	286.7099915
1950	286.75
1951	286.75
1952	286.75
1953	286.7099915
1954	286.6900024
1955	286.7099915
1956	286.75
1957	286.730011
1958	286.730011
1959	286.6700134
1960	286.6900024
1961	286.6900024
1962	286.6900024
1963	286.6900024
1964	286.75
1965	286.75
1966	286.769989
1967	286.8200073
1968	286.75
1969	286.769989
1970	286.7999878
1971	286.7999878
1972	286.7999878
1973	286.730011
1974	286.769989
1975	286.730011
1976	286.7999878
1977	286.6900024
1978	286.730011
1979	286.7099915
1980	286.6700134
1981	286.6700134
1982	286.769989
1983	286.7999878
1984	286.7999878
1985	286.8599854
1986	286.8399963
1987	286.730011
1988	286.730011
1989	286.769989
1990	286.6099854
1991	286.730011
1992	286.8599854
1993	286.8999939
1994	286.980011
1995	286.9400024
1996	287.0100098
1997	287.0100098
1998	287.0299988
1999	287.0700073
2000	287.1700134
2001	287.3800049
2002	287.7000122
2003	287.8200073
2004	287.8200073
2005	288.0100098
2006	287.9700012
2007	287.9500122
2008	288.0899963
2009	288.1300049
2010	288.1799927
2011	288.1300049
2012	288.4100037
2013	288.3200073
2014	288.3599854
2015	288.2999878
2016	288.3599854
2017	288.3399963
2018	288.2799988
2019	288.2999878
2020	288.3399963
2021	288.4500122
2022	288.4500122
2023	288.4299927
2024	288.3900146
2025	288.4299927
2026	288.4100037
2027	288.3399963
2028	288.3900146
2029	288.3900146
2030	288.3599854
2031	288.3200073
2032	288.3900146
2033	288.4500122
2034	288.5499878
2035	288.5499878
2036	288.5499878
2037	288.4299927
2038	288.5100098
2039	288.5299988
2040	288.7000122
2041	288.6400146
2042	288.6199951
2043	288.6199951
2044	288.3900146
2045	288.4100037
2046	288.4500122
2047	288.4500122
2048	288.5700073
2049	288.5100098
2050	288.4899902
2051	288.3900146
2052	288.4500122
2053	288.5700073
2054	288.6400146
2055	288.5100098
2056	288.4700012
2057	288.5100098
2058	288.5700073
2059	288.5700073
2060	288.4299927
2061	288.4100037
2062	288.4700012
2063	288.5899963
2064	288.6400146
2065	288.5100098
2066	288.4299927
2067	288.5299988
2068	288.5299988
2069	288.4299927
2070	288.5700073
2071	288.5700073
2072	288.5499878
2073	288.4500122
2074	288.6799927
2075	288.6799927
2076	288.7000122
2077	288.7000122
2078	288.6799927
2079	288.6799927
2080	288.7200012
2081	288.7000122
2082	288.6799927
2083	288.6400146
2084	288.6600037
2085	288.6400146
2086	288.6400146
2087	288.5499878
2088	288.4700012
2089	288.4700012
2090	288.5299988
2091	288.5499878
2092	288.6199951
2093	288.5899963
2094	288.5899963
2095	288.6799927
2096	288.6600037
2097	288.6799927
2098	288.6400146
2099	288.5499878
2100	288.5700073
2101	288.5700073
2102	288.6600037
2103	288.6400146
2104	288.5299988
2105	288.6199951
2106	288.6199951
2107	288.6199951
2108	288.5700073
2109	288.4500122
2110	288.5899963
2111	288.7799988
2112	288.7799988
2113	288.6799927
2114	288.6799927
2115	288.8900146
2116	288.8500061
2117	288.7600098
2118	288.7200012
2119	288.7600098
2120	288.7600098
2121	288.7200012
2122	288.5700073
2123	288.5700073
2124	288.5899963
2125	288.5100098
2126	288.5700073
2127	288.5700073
2128	288.5499878
2129	288.6199951
2130	288.5899963
2131	288.5899963
2132	288.6199951
2133	288.6600037
2134	288.5499878
2135	288.5499878
2136	288.5499878
2137	288.5100098
2138	288.5299988
2139	288.5299988
2140	288.4899902
2141	288.5499878
2142	288.5899963
2143	288.6600037
2144	288.6199951
2145	288.5100098
2146	288.5100098
2147	288.4899902
2148	288.5700073
2149	288.6199951
2150	288.6600037
2151	288.6400146
2152	288.5899963
2153	288.5899963
2154	288.9299927
2155	288.9700012
2156	288.9700012
2157	288.8200073
2158	288.6799927
2159	288.6799927
2160	288.6799927
2161	288.8500061
2162	288.8500061
2163	288.7799988
2164	288.7999878
2165	288.7999878
2166	288.7000122
2167	288.7000122
2168	288.4100037
2169	288.4100037
2170	288.3399963
2171	288.2999878
2172	288.3900146
2173	288.3399963
2174	288.2600098
2175	288.3200073
2176	288.3900146
2177	288.2799988
2178	288.2799988
2179	288.2000122
2180	288.0299988
2181	287.9500122
2182	287.7799988
2183	287.5100098
2184	286.980011
2185	286.980011
2186	285.8299866
2187	285.0599976
2188	284.75
2189	284.1000061
2190	283.6400146
2191	283.4700012
2192	283.3500061
2193	283.2000122
2194	283.2600098
2195	283.2999878
2196	283.3500061
2197	283.4299927
2198	283.5799866
2199	283.7000122
2200	284.1199951
2201	284.2900085
2202	284.4700012
2203	284.5799866
2204	284.6600037
2205	284.7000122
2206	284.7900085
2207	284.8699951
2208	285.019989
2209	285.1400146
2210	285.1400146
2211	285.2900085
2212	285.4400024
2213	285.519989
2214	285.6499939
2215	285.730011
2216	285.769989
2217	285.769989
2218	285.8500061
2219	285.8999939
2220	285.9400024
2221	286.019989
2222	286.019989
2223	286.1300049
2224	286.1300049
2225	286.230011
2226	286.2900085
2227	286.2900085
2228	286.3800049
2229	286.3999939
2230	286.3999939
2231	286.4200134
2232	286.4200134
2233	286.4200134
2234	286.4400024
2235	286.4400024
2236	286.4599915
2237	286.4400024
2238	286.480011
2239	286.4599915
2240	286.5
2241	286.5700073
2242	286.519989
2243	286.519989
2244	286.5400085
2245	286.5700073
2246	286.5
2247	286.5400085
2248	286.6300049
2249	286.6300049
2250	286.730011
2251	286.730011
2252	286.6900024
2253	286.7099915
2254	286.6700134
2255	286.6900024
2256	286.6900024
2257	286.6700134
2258	286.6099854
2259	286.5700073
2260	286.5700073
2261	286.4599915
2262	286.6300049
2263	286.6900024
2264	286.7099915
2265	286.8399963
2266	286.8200073
2267	286.7999878
2268	286.730011
2269	286.730011
2270	286.730011
2271	286.75
2272	286.7999878
2273	286.769989
2274	286.6900024
2275	286.730011
2276	286.769989
2277	286.730011
2278	286.769989
2279	286.75
2280	286.6900024
2281	286.6900024
2282	286.7099915
2283	286.769989
2284	286.75
2285	286.769989
2286	286.75
2287	286.730011
2288	286.730011
2289	286.75
2290	286.769989
2291	286.769989
2292	286.769989
2293	286.75
2294	286.730011
2295	286.730011
2296	286.7099915
2297	286.7099915
2298	286.6900024
2299	286.75
2300	286.6700134
2301	286.6900024
2302	286.6700134
2303	286.6700134
2304	286.730011
2305	286.6300049
2306	286.5700073
2307	286.5700073
2308	286.5700073
2309	286.5899963
2310	286.5700073
2311	286.5400085
2312	286.5700073
2313	286.5700073
2314	286.5400085
2315	286.519989
2316	286.5700073
2317	286.5700073
2318	286.5400085
2319	286.5400085
2320	286.5400085
2321	286.519989
2322	286.5400085
2323	286.480011
2324	286.5400085
2325	286.6300049
2326	286.6499939
2327	286.6499939
2328	286.5899963
2329	286.5400085
2330	286.5700073
2331	286.6099854
2332	286.6300049
2333	286.5899963
2334	286.5700073
2335	286.4400024
2336	286.4200134
2337	286.4599915
2338	286.519989
2339	286.5
2340	286.519989
2341	286.519989
2342	286.480011
2343	286.5
2344	286.6099854
2345	286.6099854
2346	286.6099854
2347	286.5700073
2348	286.519989
2349	286.4599915
2350	286.4599915
2351	286.5899963
2352	286.5899963
2353	286.5400085
2354	286.5899963
2355	286.5400085
2356	286.6499939
2357	286.6499939
2358	286.6900024
2359	286.6900024
2360	286.519989
2361	286.519989
2362	286.6300049
2363	286.519989
2364	286.519989
2365	286.5400085
2366	286.5400085
2367	286.5700073
2368	286.5700073
2369	286.5899963
2370	286.5899963
2371	286.6300049
2372	286.6099854
2373	286.6499939
2374	286.6099854
2375	286.6300049
2376	286.5400085
2377	286.5899963
2378	286.6300049
2379	286.5400085
2380	286.519989
2381	286.6300049
2382	286.6099854
2383	286.5899963
2384	286.5899963
2385	286.6099854
2386	286.6700134
2387	286.7099915
2388	286.7099915
2389	286.7099915
2390	286.6900024
2391	286.6900024
2392	286.7099915
2393	286.730011
2394	286.7099915
2395	286.6499939
2396	286.6499939
2397	286.6499939
2398	286.6499939
2399	286.6700134
2400	286.6300049
2401	286.730011
2402	286.6700134
2403	286.6300049
2404	286.6900024
2405	286.6900024
2406	286.6900024
2407	286.6300049
2408	286.6099854
2409	286.6099854
2410	286.6099854
2411	286.5899963
2412	286.6700134
2413	286.6300049
2414	286.6499939
2415	286.6099854
2416	286.6499939
2417	286.6499939
2418	286.730011
2419	286.7099915
2420	286.6300049
2421	286.6099854
2422	286.6700134
2423	286.7099915
2424	286.6700134
2425	286.75
2426	286.75
2427	286.6900024
2428	286.5899963
2429	286.6300049
2430	286.6300049
2431	286.5400085
2432	286.5899963
2433	286.6300049
2434	286.6099854
2435	286.6099854
2436	286.6300049
2437	286.6300049
2438	286.6900024
2439	286.6900024
2440	286.6700134
2441	286.6300049
2442	286.5700073
2443	286.5899963
2444	286.6099854
2445	286.5700073
2446	286.5899963
2447	286.6499939
2448	286.7099915
2449	286.5899963
2450	286.6499939
2451	286.6300049
2452	286.6900024
2453	286.5899963
2454	286.5400085
2455	286.5899963
2456	286.5700073
2457	286.5400085
2458	286.5400085
2459	286.6099854
2460	286.480011
2461	286.4200134
2462	286.4200134
2463	286.4200134
2464	286.4400024
2465	286.5700073
2466	286.75
2467	286.8999939
2468	287.0700073
2469	287.0700073
2470	287.0700073
2471	287.1300049
2472	287.0499878
2473	287.1700134
2474	287.3599854
2475	287.5299988
2476	287.5299988
2477	287.6099854
2478	287.6300049
2479	287.7000122
2480	287.6700134
2481	287.8599854
2482	287.9899902
2483	287.8999939
2484	287.9899902
2485	288.0299988
2486	288.1300049
2487	288.1600037
2488	288.1600037
2489	288.1600037
2490	288.2399902
2491	288.2999878
2492	288.2600098
2493	288.3599854
2494	288.3599854
2495	288.4100037
2496	288.2600098
2497	288.1799927
2498	288.2600098
2499	288.1300049
2500	288.1600037
2501	288.1600037
2502	288.3200073
2503	288.2999878
2504	288.2799988
2505	288.4299927
2506	288.3200073
2507	288.2799988
2508	288.2799988
2509	288.4700012
2510	288.5899963
2511	288.5700073
2512	288.5700073
2513	288.4899902
2514	288.4299927
2515	288.4899902
2516	288.4500122
2517	288.4500122
2518	288.4299927
2519	288.2999878
2520	288.2399902
2521	288.2399902
2522	288.2999878
2523	288.3599854
2524	288.5100098
2525	288.5899963
2526	288.4899902
2527	288.4299927
2528	288.4100037
2529	288.4299927
2530	288.3900146
2531	288.4100037
2532	288.3599854
2533	288.3599854
2534	288.4899902
2535	288.4500122
2536	288.3900146
2537	288.2799988
2538	288.2399902
2539	288.3399963
2540	288.3399963
2541	288.5700073
2542	288.4899902
2543	288.4500122
2544	288.3200073
2545	288.2999878
2546	288.2600098
2547	288.2600098
2548	288.2200012
2549	288.0700073
2550	288.0899963
2551	288.2200012
2552	288.2200012
2553	288.2200012
2554	288.2799988
2555	288.2399902
2556	288.2200012
2557	288.1799927
2558	288.1300049
2559	288.1300049
2560	288.0899963
2561	287.9299927
2562	288.0899963
2563	288.0899963
2564	287.9899902
2565	288.0700073
2566	288.1099854
2567	288.0499878
2568	288.0299988
2569	288.1099854
2570	288.2000122
2571	288.1799927
2572	288.1799927
2573	288.1799927
2574	288.1600037
2575	288.1799927
2576	288.1099854
2577	288.1300049
2578	287.9899902
2579	287.9899902
2580	288.0700073
2581	288.0499878
2582	288.0499878
2583	288.1099854
2584	288.0700073
2585	288.0700073
2586	288.0499878
2587	288.0700073
2588	288.0899963
2589	288.0100098
2590	287.9500122
2591	287.9700012
2592	287.9500122
2593	288.0100098
2594	288.0899963
2595	288.1099854
2596	288.1799927
2597	288.1600037
2598	288.2000122
2599	288.0899963
2600	288.0499878
2601	287.8999939
2602	288.0100098
2603	288.1600037
2604	288.0700073
2605	288.0299988
2606	288.1099854
2607	288.1600037
2608	288.0700073
2609	288.1099854
2610	288.0299988
2611	288.0299988
2612	287.8399963
2613	287.9299927
2614	287.9500122
2615	288.0100098
2616	287.9700012
2617	288.0700073
2618	288.0700073
2619	287.9500122
2620	287.9700012
2621	288.1099854
2622	288.1099854
2623	288.0899963
2624	288.0499878
2625	287.9500122
2626	288.0100098
2627	288.0700073
2628	288.0299988
2629	287.9299927
2630	288.0100098
2631	287.9700012
2632	288.0100098
2633	288.0899963
2634	288.1300049
2635	288.1099854
2636	288.0899963
2637	288.0700073
2638	288.1799927
2639	288.1600037
2640	288.0499878
2641	287.8599854
2642	287.7999878
2643	287.7999878
2644	287.7200012
2645	287.6099854
2646	287.6099854
2647	287.5499878
2648	287.5899963
2649	287.5299988
2650	287.5299988
2651	287.5700073
2652	287.5700073
2653	287.4899902
2654	287.2999878
2655	286.9400024
2656	286.6700134
2657	286.6700134
2658	285.9599915
2659	285.3500061
2660	285.019989
2661	284.2900085
2662	283.6400146
2663	283.4299927
2664	283.1799927
2665	282.6099854
2666	282.6600037
2667	282.4500122
2668	282.3599854
2669	282.3599854
2670	282.4299927
2671	282.4500122
2672	282.5700073
2673	282.8900146
2674	283.0299988
2675	283.3200073
2676	283.4899902
2677	283.6400146
2678	283.7399902
2679	283.9700012
2680	284.1400146
2681	284.2900085
2682	284.2900085
2683	284.5
2684	284.6799927
2685	284.6799927
2686	284.7900085
2687	284.8099976
2688	284.9599915
2689	284.9599915
2690	285.0599976
2691	285.1199951
2692	285.2099915
2693	285.3699951
2694	285.3099976
2695	285.3500061
2696	285.3099976
2697	285.3900146
2698	285.4599915
2699	285.480011
2700	285.5400085
2701	285.5400085
2702	285.5599976
2703	285.5400085
2704	285.6499939
2705	285.6700134
2706	285.6700134
2707	285.6700134
2708	285.7900085
2709	285.7900085
2710	285.730011
2711	285.769989
2712	285.8099976
2713	285.8299866
2714	285.8299866
2715	285.8500061
2716	285.9400024
2717	285.8999939
2718	285.8800049
2719	285.8500061
2720	285.8800049
2721	285.8800049
2722	285.9599915
2723	285.9599915
2724	285.9200134
2725	285.980011
2726	286.019989
2727	286.0599976
2728	286.0599976
2729	286.1099854
2730	286.1099854
2731	286.1700134
2732	286.019989
2733	286.0599976
2734	286.0599976
2735	286.0599976
2736	286.0799866
2737	286.0400085
2738	286.1900024
2739	286.1300049
2740	286.1099854
2741	286.019989
2742	286.1099854
2743	286.0799866
2744	286.1099854
2745	286.019989
2746	286.0400085
2747	286.019989
2748	286.0799866
2749	286.0599976
2750	286.0799866
2751	286.1099854
2752	286.230011
2753	286.230011
2754	286.1300049
2755	286.1499939
2756	286.1700134
2757	286.1499939
2758	286.1700134
2759	286.1900024
2760	286.1900024
2761	286.0599976
2762	286.1099854
2763	286.1099854
2764	286.1099854
2765	286.1099854
2766	286.0799866
2767	286.0799866
2768	286.1900024
2769	286.1099854
2770	286.1900024
2771	286.1300049
2772	286.1300049
2773	286.1099854
2774	286.1499939
2775	286.1499939
2776	286.1499939
2777	286.1300049
2778	286.1300049
2779	286.1499939
2780	286.1700134
2781	286.2099915
2782	286.1700134
2783	286.230011
2784	286.1900024
2785	286.269989
2786	286.230011
2787	286.2900085
2788	286.269989
2789	286.3099976
2790	286.2900085
2791	286.25
2792	286.25
2793	286.2900085
2794	286.3099976
2795	286.2900085
2796	286.2900085
2797	286.230011
2798	286.3399963
2799	286.3399963
2800	286.2900085
2801	286.2900085
2802	286.3099976
2803	286.3399963
2804	286.3999939
2805	286.3599854
2806	286.3099976
2807	286.2900085
2808	286.3399963
2809	286.3999939
2810	286.3599854
2811	286.2900085
2812	286.4200134
2813	286.3999939
2814	286.3800049
2815	286.3599854
2816	286.3800049
2817	286.3399963
2818	286.3999939
2819	286.4400024
2820	286.4200134
2821	286.4400024
2822	286.519989
2823	286.4200134
2824	286.4200134
2825	286.3399963
2826	286.3800049
2827	286.4200134
2828	286.4200134
2829	286.480011
2830	286.4599915
2831	286.4599915
2832	286.4599915
2833	286.480011
2834	286.4400024
2835	286.480011
2836	286.4400024
2837	286.4200134
2838	286.4400024
2839	286.5400085
2840	286.4599915
2841	286.480011
2842	286.5400085
2843	286.480011
2844	286.480011
2845	286.4400024
2846	286.5400085
2847	286.480011
2848	286.5
2849	286.5700073
2850	286.519989
2851	286.519989
2852	286.5400085
2853	286.5700073
2854	286.5899963
2855	286.5400085
2856	286.5400085
2857	286.480011
2858	286.480011
2859	286.5400085
2860	286.519989
2861	286.519989
2862	286.480011
2863	286.480011
2864	286.5400085
2865	286.5899963
2866	286.6099854
2867	286.6300049
2868	286.6099854
2869	286.6700134
2870	286.6700134
2871	286.6099854
2872	286.5700073
2873	286.5899963
2874	286.519989
2875	286.4599915
2876	286.5400085
2877	286.519989
2878	286.4599915
2879	286.4400024
2880	286.5
2881	286.4599915
2882	286.4400024
2883	286.480011
2884	286.519989
2885	286.5700073
2886	286.5
2887	286.519989
2888	286.519989
2889	286.5400085
2890	286.5400085
2891	286.5400085
2892	286.5400085
2893	286.6099854
2894	286.5700073
2895	286.5700073
2896	286.5700073
2897	286.519989
2898	286.5
2899	286.519989
2900	286.5899963
2901	286.519989
2902	286.519989
2903	286.5700073
2904	286.5899963
2905	286.5899963
2906	286.6700134
2907	286.6099854
2908	286.5400085
2909	286.5400085
2910	286.6700134
2911	286.6099854
2912	286.6300049
2913	286.6099854
2914	286.5
2915	286.5
2916	286.480011
2917	286.5400085
2918	286.519989
2919	286.480011
2920	286.5400085
2921	286.519989
2922	286.4599915
2923	286.519989
2924	286.5
2925	286.5
2926	286.5700073
2927	286.5
2928	286.519989
2929	286.5400085
2930	286.6099854
2931	286.4599915
2932	286.519989
2933	286.5
2934	286.5
2935	286.480011
2936	286.4599915
2937	286.3599854
2938	286.4400024
2939	286.6300049
2940	286.6900024
2941	286.6900024
2942	286.9400024
2943	287.0499878
2944	286.980011
2945	286.980011
2946	287.1099854
2947	287.1900024
2948	287.3200073
2949	287.5499878
2950	287.5700073
2951	287.7399902
2952	287.8800049
2953	287.9299927
2954	287.8599854
2955	287.8599854
2956	288.1799927
2957	288.2999878
2958	288.2399902
2959	288.2799988
2960	288.3399963
2961	288.2999878
2962	288.2399902
2963	288.1300049
2964	288.1600037
2965	288.1099854
2966	288.1099854
2967	288.2799988
2968	288.2799988
2969	288.3200073
2970	288.3399963
2971	288.2999878
2972	288.2200012
2973	288.2200012
2974	288.2999878
2975	288.2799988
2976	288.3200073
2977	288.1799927
2978	288.1600037
2979	288.2200012
2980	288.2200012
2981	288.3200073
2982	288.4100037
2983	288.3900146
2984	288.3599854
2985	288.3200073
2986	288.2200012
2987	288.2799988
2988	288.3399963
2989	288.3599854
2990	288.3200073
2991	288.2999878
2992	288.4500122
2993	288.5299988
2994	288.5100098
2995	288.4899902
2996	288.2999878
2997	288.3399963
2998	288.2200012
2999	288.2200012
3000	288.2600098
3001	288.2799988
3002	288.2600098
3003	288.3200073
3004	288.4299927
3005	288.4299927
3006	288.2799988
3007	288.2600098
3008	288.2799988
3009	288.2600098
3010	288.2000122
3011	288.3200073
3012	288.3200073
3013	288.1600037
3014	288.2999878
3015	288.2999878
3016	288.2999878
3017	288.4899902
3018	288.5899963
3019	288.5299988
3020	288.5899963
3021	288.6799927
3022	288.5299988
3023	288.4100037
3024	288.4299927
3025	288.3900146
3026	288.4299927
3027	288.4100037
3028	288.3599854
3029	288.3900146
3030	288.3900146
3031	288.4500122
3032	288.4700012
3033	288.4100037
3034	288.4700012
3035	288.4899902
3036	288.4899902
3037	288.4899902
3038	288.4299927
3039	288.3900146
3040	288.5100098
3041	288.4899902
3042	288.4100037
3043	288.5700073
3044	288.5700073
3045	288.5700073
3046	288.4500122
3047	288.4100037
3048	288.3599854
3049	288.4899902
3050	288.5899963
3051	288.5899963
3052	288.6600037
3053	288.5700073
3054	288.4899902
3055	288.5100098
3056	288.4100037
3057	288.3900146
3058	288.4500122
3059	288.5899963
3060	288.5499878
3061	288.6600037
3062	288.6400146
3063	288.6199951
3064	288.5899963
3065	288.5700073
3066	288.5899963
3067	288.6400146
3068	288.4899902
3069	288.5899963
3070	288.6199951
3071	288.6600037
3072	288.5899963
3073	288.5899963
3074	288.5100098
3075	288.5299988
3076	288.5299988
3077	288.5100098
3078	288.6199951
3079	288.5899963
3080	288.5299988
3081	288.7000122
3082	288.6400146
3083	288.6400146
3084	288.6600037
3085	288.6799927
3086	288.6199951
3087	288.4899902
3088	288.3200073
3089	288.3599854
3090	288.4500122
3091	288.4500122
3092	288.4500122
3093	288.4899902
3094	288.4899902
3095	288.5700073
3096	288.6199951
3097	288.5499878
3098	288.6799927
3099	288.7000122
3100	288.6799927
3101	288.6199951
3102	288.5899963
3103	288.3900146
3104	288.3200073
3105	288.3900146
3106	288.2999878
3107	288.3200073
3108	288.2799988
3109	288.2799988
3110	288.2999878
3111	288.3200073
3112	288.3200073
3113	288.3200073
3114	288.2799988
3115	288.2799988
3116	288.2399902
3117	288.1600037
3118	288.0700073
3119	288.0100098
3120	288.0299988
3121	288.0100098
3122	288.0100098
3123	288.0100098
3124	287.9500122
3125	288.0100098
3126	287.8800049
3127	287.7399902
3128	287.6300049
3129	287.4200134
3130	287.0499878
3131	286.7999878
3132	286.3399963
3133	285.519989
3134	285.1000061
3135	284.3299866
3136	284.0599976
3137	283.3500061
3138	283.1199951
3139	282.9700012
3140	282.7399902
3141	282.7000122
3142	282.6600037
3143	282.7399902
3144	282.9899902
3145	283.2399902
3146	283.4899902
3147	283.4899902
3148	283.8099976
3149	283.9500122
3150	283.9700012
3151	284.2200012
3152	284.4299927
3153	284.519989
3154	284.519989
3155	284.7000122
3156	284.730011
3157	284.8299866
3158	284.9599915
3159	285.0400085
3160	285.1900024
3161	285.1900024
3162	285.2099915
3163	285.3900146
3164	285.4200134
3165	285.4599915
3166	285.519989
3167	285.4599915
3168	285.5400085
3169	285.6499939
3170	285.6499939
3171	285.6700134
3172	285.730011
3173	285.769989
3174	285.769989
3175	285.7900085
3176	285.8099976
3177	285.8299866
3178	285.8800049
3179	285.9200134
3180	285.9400024
3181	286
3182	286.1300049
3183	286.019989
3184	286
3185	286
3186	286
3187	286.0799866
3188	286.1099854
3189	286.1300049
3190	286.1700134
3191	286.1099854
3192	286.0799866
3193	286.0799866
3194	286.1099854
3195	286.230011
3196	286.25
3197	286.1099854
3198	286.1300049
3199	286.1700134
3200	286.1700134
3201	286.2099915
3202	286.2099915
3203	286.1900024
3204	286.230011
3205	286.1499939
3206	286.1900024
3207	286.1700134
3208	286.1700134
3209	286.25
3210	286.1700134
3211	286.2099915
3212	286.230011
3213	286.2099915
3214	286.25
3215	286.269989
3216	286.2900085
3217	286.269989
3218	286.269989
3219	286.3099976
3220	286.25
3221	286.25
3222	286.3099976
3223	286.230011
3224	286.269989
3225	286.269989
3226	286.25
3227	286.3800049
3228	286.269989
3229	286.3099976
3230	286.3399963
3231	286.3800049
3232	286.3800049
3233	286.3099976
3234	286.2900085
3235	286.25
3236	286.3099976
3237	286.25
3238	286.3599854
3239	286.3599854
3240	286.3399963
3241	286.3800049
3242	286.25
3243	286.269989
3244	286.3099976
3245	286.2900085
3246	286.3800049
3247	286.3099976
3248	286.25
3249	286.2900085
3250	286.3099976
3251	286.2900085
3252	286.269989
3253	286.3599854
3254	286.269989
3255	286.3399963
3256	286.4400024
3257	286.4400024
3258	286.3999939
3259	286.3800049
3260	286.3399963
3261	286.3800049
3262	286.3099976
3263	286.3099976
3264	286.3099976
3265	286.3999939
3266	286.3800049
3267	286.269989
3268	286.2099915
3269	286.2900085
3270	286.230011
3271	286.230011
3272	286.2099915
3273	286.269989
3274	286.269989
3275	286.230011
3276	286.230011
3277	286.2099915
3278	286.269989
3279	286.25
3280	286.230011
3281	286.25
3282	286.269989
3283	286.230011
3284	286.25
3285	286.25
3286	286.230011
3287	286.1900024
3288	286.1700134
3289	286.1700134
3290	286.230011
3291	286.230011
3292	286.230011
3293	286.230011
3294	286.2099915
3295	286.2099915
3296	286.2099915
3297	286.25
3298	286.25
3299	286.25
3300	286.25
3301	286.230011
3302	286.25
3303	286.25
3304	286.230011
3305	286.25
3306	286.25
3307	286.1900024
3308	286.2099915
3309	286.269989
3310	286.230011
3311	286.2900085
3312	286.230011
3313	286.1900024
3314	286.1900024
3315	286.2099915
3316	286.2099915
3317	286.2900085
3318	286.2099915
3319	286.2099915
3320	286.25
3321	286.269989
3322	286.2900085
3323	286.25
3324	286.269989
3325	286.25
3326	286.3099976
3327	286.2900085
3328	286.2900085
3329	286.3099976
3330	286.2900085
3331	286.3399963
3332	286.230011
3333	286.269989
3334	286.2099915
3335	286.2099915
3336	286.230011
3337	286.1300049
3338	286.1499939
3339	286.1900024
3340	286.1900024
3341	286.25
3342	286.25
3343	286.3399963
3344	286.230011
3345	286.2099915
3346	286.269989
3347	286.230011
3348	286.1900024
3349	286.230011
3350	286.2099915
3351	286.2099915
3352	286.25
3353	286.269989
3354	286.2900085
3355	286.3399963
3356	286.269989
3357	286.230011
3358	286.2099915
3359	286.230011
3360	286.230011
3361	286.1900024
3362	286.1499939
3363	286.1499939
3364	286.1700134
3365	286.1300049
3366	286.1499939
3367	286.1499939
3368	286.1900024
3369	286.269989
3370	286.230011
3371	286.1300049
3372	286.2099915
3373	286.2099915
3374	286.2099915
3375	286.230011
3376	286.1700134
3377	286.25
3378	286.1700134
3379	286.2099915
3380	286.1499939
3381	286.1900024
3382	286.1300049
3383	286.1499939
3384	286.2099915
3385	286.25
3386	286.2900085
3387	286.3099976
3388	286.269989
3389	286.2099915
3390	286.25
3391	286.2099915
3392	286.25
3393	286.2099915
3394	286.230011
3395	286.1900024
3396	286.1900024
3397	286.25
3398	286.25
3399	286.25
3400	286.1900024
3401	286.230011
3402	286.1900024
3403	286.25
3404	286.3399963
3405	286.3399963
3406	286.3399963
3407	286.269989
3408	286.269989
3409	286.25
3410	286.1900024
3411	286.230011
3412	286.4400024
3413	286.4400024
3414	286.3999939
3415	286.4400024
3416	286.519989
3417	286.6700134
3418	286.75
3419	286.769989
3420	286.8399963
3421	287.0499878
3422	287.0499878
3423	287.2099915
3424	287.1900024
3425	287.2600098
3426	287.2999878
3427	287.3800049
3428	287.5100098
3429	287.5299988
3430	287.7000122
3431	287.7600098
3432	287.7600098
3433	287.7000122
3434	287.6499939
3435	287.7399902
3436	287.7999878
3437	287.9299927
3438	287.9299927
3439	287.9299927
3440	287.8200073
3441	287.8399963
3442	287.8399963
3443	287.9299927
3444	287.9500122
3445	287.9500122
3446	287.8999939
3447	287.9500122
3448	287.9700012
3449	287.9500122
3450	287.8599854
3451	287.8999939
3452	287.8999939
3453	287.9299927
3454	287.9899902
3455	288.0899963
3456	288.1799927
3457	288.0100098
3458	288.0100098
3459	288.0499878
3460	287.9500122
3461	288.0100098
3462	287.8999939
3463	287.9700012
3464	288.1099854
3465	288.2000122
3466	288.1799927
3467	288.0899963
3468	288.0299988
3469	288.0299988
3470	288.0299988
3471	288.0299988
3472	287.9899902
3473	287.9700012
3474	288.0899963
3475	288.2399902
3476	288.2999878
3477	288.2999878
3478	288.1799927
3479	288.1600037
3480	288.1799927
3481	288.2200012
3482	288.0499878
3483	288.0100098
3484	288.0100098
3485	288.1099854
3486	288.2399902
3487	288.2200012
3488	288.0700073
3489	288.0299988
3490	288.0100098
3491	288.0299988
3492	288.1600037
3493	288.1300049
3494	288.1300049
3495	288.0299988
3496	288.0299988
3497	287.8399963
3498	287.8800049
3499	287.8800049
3500	288.0100098
3501	288.0499878
3502	288.0899963
3503	288.0499878
3504	288.0700073
3505	288.0299988
3506	288.2200012
3507	288.2200012
3508	288.2799988
3509	288.2799988
3510	288.3900146
3511	288.4100037
3512	288.3399963
3513	288.5100098
3514	288.5299988
3515	288.4700012
3516	288.4700012
3517	288.2600098
3518	288.2600098
3519	288.3200073
3520	288.2999878
3521	288.2399902
3522	288.2399902
3523	288.2200012
3524	288.2799988
3525	288.2000122
3526	288.2600098
3527	288.2600098
3528	288.1799927
3529	288.1600037
3530	288.1300049
3531	288.0899963
3532	288.1799927
3533	288.2600098
3534	288.1799927
3535	288.0299988
3536	288.0100098
3537	288.0499878
3538	288.1300049
3539	288.2000122
3540	288.2999878
3541	288.2999878
3542	288.2000122
3543	288.2200012
3544	288.2200012
3545	288.2200012
3546	288.2200012
3547	288.2999878
3548	288.2999878
3549	288.2799988
3550	288.1600037
3551	288.1600037
3552	288.2600098
3553	288.2999878
3554	288.3900146
3555	288.3900146
3556	288.3399963
3557	288.2600098
3558	288.2799988
3559	288.2999878
3560	288.3599854
3561	288.2999878
3562	288.3200073
3563	288.2000122
3564	288.2600098
3565	288.4299927
3566	288.4299927
3567	288.4700012
3568	288.3399963
3569	288.2999878
3570	288.2200012
3571	288.2200012
3572	288.1600037
3573	288.2799988
3574	288.2200012
3575	288.2200012
3576	288.2200012
3577	288.0700073
3578	288.0299988
3579	288.1099854
3580	288.1099854
3581	288.1600037
3582	288.2200012
3583	288.1099854
3584	288.0499878
3585	288.1799927
3586	288.2799988
3587	288.2799988
3588	287.9899902
3589	287.8599854
3590	287.8800049
3591	287.7799988
3592	287.6499939
3593	287.6099854
3594	287.5899963
3595	287.6700134
3596	287.6300049
3597	287.6499939
3598	287.7200012
3599	287.5899963
3600	287.5700073
3601	287.4200134
3602	287.1099854
3603	286.8800049
3604	286.3099976
3605	285.769989
3606	285.480011
3607	284.8699951
3608	284.5400085
3609	283.9700012
3610	283.4899902
3611	283.0700073
3612	283.0700073
3613	282.7600098
3614	282.7399902
3615	282.7399902
3616	282.7000122
3617	282.7000122
3618	282.8399963
3619	282.8399963
3620	283.2200012
3621	283.4700012
3622	283.6000061
3623	283.7200012
3624	283.9500122
3625	284.1400146
3626	284.1400146
3627	284.3699951
3628	284.519989
3629	284.519989
3630	284.6799927
3631	284.730011
3632	284.8299866
3633	284.8500061
3634	284.980011
3635	285.0599976
3636	285.2099915
3637	285.3299866
3638	285.3900146
3639	285.3900146
3640	285.4200134
3641	285.5
3642	285.4400024
3643	285.480011
3644	285.5599976
3645	285.6199951
3646	285.5400085
3647	285.5799866
3648	285.5400085
3649	285.6700134
3650	285.6499939
3651	285.6499939
3652	285.6499939
3653	285.6499939
3654	285.6700134
3655	285.6900024
3656	285.75
3657	285.7900085
3658	285.7900085
3659	285.8099976
3660	285.7900085
3661	285.8500061
3662	285.8800049
3663	285.8999939
3664	285.9200134
3665	286
3666	286.019989
3667	286.0599976
3668	286
3669	286
3670	286.019989
3671	286.0799866
3672	286
3673	286.1300049
3674	286.0799866
3675	286.1700134
3676	286.1499939
3677	286.1099854
3678	286.1300049
3679	286.0799866
3680	286.0400085
3681	286.019989
3682	286.0400085
3683	286.019989
3684	286
3685	285.980011
3686	285.980011
3687	286.1099854
3688	286.1099854
3689	286.0599976
3690	286.0599976
3691	286.0599976
3692	286.1499939
3693	286.0799866
3694	286.0799866
3695	286.0599976
3696	286.0799866
3697	286.0799866
3698	286.0400085
3699	286.0599976
3700	285.980011
3701	285.980011
3702	286.019989
3703	286.0599976
3704	286.019989
3705	286.1099854
3706	286.1700134
3707	286.269989
3708	285.769989
3709	285.3299866
3710	285.3900146
3711	285.6199951
3712	285.8999939
3713	285.8999939
3714	285.9599915
3715	286.0400085
3716	286.0400085
3717	286.1700134
3718	286.0599976
3719	285.980011
3720	285.9200134
3721	285.9200134
3722	285.9200134
3723	285.9200134
3724	285.9400024
3725	286.019989
3726	286.0799866
3727	286.019989
3728	285.980011
3729	285.980011
3730	285.9200134
3731	285.9400024
3732	285.9599915
3733	285.9200134
3734	285.8999939
3735	285.8999939
3736	285.8999939
3737	285.8999939
3738	285.8500061
3739	285.9400024
3740	285.8800049
3741	285.980011
3742	285.9200134
3743	285.9599915
3744	286.0400085
3745	285.980011
3746	286
3747	285.9599915
3748	285.980011
3749	285.9400024
3750	285.9599915
3751	285.8500061
3752	285.8500061
3753	285.769989
3754	285.7099915
3755	285.6700134
3756	285.6199951
3757	285.6900024
3758	285.6900024
3759	285.6000061
3760	285.6499939
3761	285.6499939
3762	285.5799866
3763	285.5400085
3764	285.5
3765	285.480011
3766	285.4400024
3767	285.4200134
3768	285.4200134
3769	285.3900146
3770	285.4200134
3771	285.4200134
3772	285.3900146
3773	285.3500061
3774	285.3500061
3775	285.4200134
3776	285.3699951
3777	285.3500061
3778	285.3099976
3779	285.4400024
3780	285.3500061
3781	285.3900146
3782	285.3900146
3783	285.3299866
3784	285.3500061
3785	285.3099976
3786	285.3299866
3787	285.2900085
3788	285.2900085
3789	285.3099976
3790	285.3500061
3791	285.3699951
3792	285.4200134
3793	285.4200134
3794	285.3699951
3795	285.3699951
3796	285.3500061
3797	285.2900085
3798	285.3900146
3799	285.3500061
3800	285.3500061
3801	285.3900146
3802	285.4599915
3803	285.4599915
3804	285.4400024
3805	285.3900146
3806	285.4400024
3807	285.4400024
3808	285.4200134
3809	285.4200134
3810	285.4400024
3811	285.5
3812	285.4599915
3813	285.4599915
3814	285.5
3815	285.4599915
3816	285.3900146
3817	285.3699951
3818	285.4599915
3819	285.4200134
3820	285.4400024
3821	285.5
3822	285.4400024
3823	285.4200134
3824	285.4599915
3825	285.4599915
3826	285.3900146
3827	285.4200134
3828	285.3699951
3829	285.3900146
3830	285.3299866
3831	285.4200134
3832	285.4200134
3833	285.4200134
3834	285.4599915
3835	285.4599915
3836	285.519989
3837	285.4400024
3838	285.4599915
3839	285.4599915
3840	285.480011
3841	285.4400024
3842	285.4200134
3843	285.4200134
3844	285.4400024
3845	285.3900146
3846	285.4400024
3847	285.5400085
3848	285.5
3849	285.5
3850	285.4599915
3851	285.4200134
3852	285.3900146
3853	285.3900146
3854	285.4599915
3855	285.5
3856	285.480011
3857	285.4200134
3858	285.4400024
3859	285.480011
3860	285.480011
3861	285.6199951
3862	285.5799866
3863	285.5799866
3864	285.5799866
3865	285.480011
3866	285.480011
3867	285.519989
3868	285.4400024
3869	285.4400024
3870	285.480011
3871	285.480011
3872	285.5
3873	285.519989
3874	285.5
3875	285.4599915
3876	285.5
3877	285.519989
3878	285.519989
3879	285.5400085
3880	285.480011
3881	285.5400085
3882	285.480011
3883	285.4400024
3884	285.3699951
3885	285.4599915
3886	285.6900024
3887	285.6900024
3888	285.769989
3889	285.8999939
3890	285.8299866
3891	286.0799866
3892	286.1300049
3893	286.230011
3894	286.3399963
3895	286.3800049
3896	286.5
3897	286.6099854
3898	286.8200073
3899	286.8399963
3900	286.7999878
3901	286.9599915
3902	287.0499878
3903	287.0499878
3904	286.8599854
3905	286.9400024
3906	286.980011
3907	287.1099854
3908	287.1499939
3909	287.1300049
3910	287.1300049
3911	287.2799988
3912	287.2600098
3913	287.2999878
3914	287.3800049
3915	287.3599854
3916	287.3800049
3917	287.3800049
3918	287.3200073
3919	287.2999878
3920	287.3800049
3921	287.3399963
3922	287.3800049
3923	287.3800049
3924	287.2399902
3925	287.3200073
3926	287.2799988
3927	287.2600098
3928	287.2399902
3929	287.2600098
3930	287.1700134
3931	287.1499939
3932	287.2799988
3933	287.3599854
3934	287.2600098
3935	287.4400024
3936	287.4200134
3937	287.3200073
3938	287.2399902
3939	287.1499939
3940	287.2799988
3941	287.3200073
3942	287.3200073
3943	287.3999939
3944	287.3999939
3945	287.3999939
3946	287.4200134
3947	287.3399963
3948	287.3599854
3949	287.3599854
3950	287.3599854
3951	287.4899902
3952	287.5499878
3953	287.5299988
3954	287.4700012
3955	287.3800049
3956	287.4400024
3957	287.3999939
3958	287.5499878
3959	287.5100098
3960	287.5899963
3961	287.5899963
3962	287.5100098
3963	287.5299988
3964	287.4200134
3965	287.4899902
3966	287.4200134
3967	287.4700012
3968	287.4200134
3969	287.4400024
3970	287.4400024
3971	287.6499939
3972	287.5899963
3973	287.5700073
3974	287.5700073
3975	287.5700073
3976	287.5499878
3977	287.5100098
3978	287.5499878
3979	287.5499878
3980	287.5700073
3981	287.5700073
3982	287.4400024
3983	287.3999939
3984	287.4899902
3985	287.3999939
3986	287.4700012
3987	287.5100098
3988	287.5100098
3989	287.5100098
3990	287.2999878
3991	287.3200073
3992	287.4899902
3993	287.5700073
3994	287.5499878
3995	287.5100098
3996	287.2999878
3997	287.3200073
3998	287.2600098
3999	287.3399963
4000	287.2799988
4001	287.3999939
4002	287.4200134
4003	287.4200134
4004	287.3999939
4005	287.4200134
4006	287.5100098
4007	287.4700012
4008	287.3999939
4009	287.3200073
4010	287.2799988
4011	287.2799988
4012	287.1700134
4013	287.1700134
4014	287.2999878
4015	287.2099915
4016	287.3200073
4017	287.6099854
4018	287.3999939
4019	287.2999878
4020	287.2999878
4021	287.2799988
4022	287.4200134
4023	287.4700012
4024	287.4400024
4025	287.4400024
4026	287.3599854
4027	287.3599854
4028	287.2799988
4029	287.3800049
4030	287.3800049
4031	287.3599854
4032	287.2399902
4033	287.2399902
4034	287.1900024
4035	287.1700134
4036	287.1700134
4037	287.2099915
4038	287.0899963
4039	287.1700134
4040	287.1700134
4041	287.1900024
4042	287.2099915
4043	287.2399902
4044	287.2099915
4045	287.2099915
4046	287.2099915
4047	287.1700134
4048	287.0899963
4049	287.0499878
4050	287.0100098
4051	287.0899963
4052	287.0899963
4053	287.2399902
4054	287.2999878
4055	287.3200073
4056	287.2600098
4057	287.2099915
4058	287.3200073
4059	287.3200073
4060	287.3399963
4061	287.1300049
4062	287.1099854
4063	287.0299988
4064	286.9400024
4065	286.8800049
4066	286.8999939
4067	286.7999878
4068	286.8399963
4069	286.8200073
4070	286.769989
4071	286.6700134
4072	286.6700134
4073	286.6700134
4074	286.5700073
4075	286.5
4076	286.2099915
4077	285.8299866
4078	285.6900024
4079	285.2099915
4080	284.9599915
4081	284.3099976
4082	283.7000122
4083	283.1799927
4084	283.1799927
4085	282.6799927
4086	282.5100098
4087	282.3200073
4088	282.2399902
4089	282.2200012
4090	282.3399963
4091	282.3399963
4092	282.5700073
4093	282.6799927
4094	282.7000122
4095	282.9700012
4096	283.0700073
4097	283.1600037
4098	283.2000122
4099	283.4100037
4100	283.5499878
4101	283.6600037
4102	283.7399902
4103	283.8099976
4104	283.8099976
4105	283.9100037
4106	284.1199951
4107	284.1000061
4108	284.2399902
4109	284.269989
4110	284.3099976
4111	284.3299866
4112	284.3900146
4113	284.4299927
4114	284.4299927
4115	284.519989
4116	284.6000061
4117	284.6400146
4118	284.6400146
4119	284.6799927
4120	284.7900085
4121	284.7900085
4122	284.8500061
4123	284.8500061
4124	284.980011
4125	284.9299927
4126	284.9299927
4127	285
4128	284.980011
4129	284.9299927
4130	284.9299927
4131	285.019989
4132	285.0400085
4133	285.1400146
4134	285.1199951
4135	285.1400146
4136	285.25
4137	285.1199951
4138	285.1600037
4139	285.1900024
4140	285.1400146
4141	285.1900024
4142	285.2099915
4143	285.230011
4144	285.230011
4145	285.230011
4146	285.269989
4147	285.230011
4148	285.25
4149	285.25
4150	285.25
4151	285.25
4152	285.3099976
4153	285.269989
4154	285.269989
4155	285.269989
4156	285.3500061
4157	285.3699951
4158	285.3699951
4159	285.3500061
4160	285.3699951
4161	285.3500061
4162	285.3500061
4163	285.3500061
4164	285.3500061
4165	285.3299866
4166	285.2900085
4167	285.4200134
4168	285.2900085
4169	285.2900085
4170	285.3099976
4171	285.4200134
4172	285.4200134
4173	285.4200134
4174	285.480011
4175	285.480011
4176	285.5
4177	285.4400024
4178	285.4400024
4179	285.4400024
4180	285.4599915
4181	285.4400024
4182	285.4599915
4183	285.4400024
4184	285.4599915
4185	285.4200134
4186	285.4400024
4187	285.4400024
4188	285.4400024
4189	285.4400024
4190	285.3900146
4191	285.4400024
4192	285.4400024
4193	285.3699951
4194	285.3699951
4195	285.3500061
4196	285.3500061
4197	285.3699951
4198	285.3099976
4199	285.3500061
4200	285.4400024
4201	285.4400024
4202	285.480011
4203	285.4200134
4204	285.3500061
4205	285.4200134
4206	285.3699951
4207	285.5
4208	285.4599915
4209	285.4200134
4210	285.4200134
4211	285.4599915
4212	285.5400085
4213	285.519989
4214	285.519989
4215	285.480011
4216	285.4599915
4217	285.3900146
4218	285.4599915
4219	285.480011
4220	285.5
4221	285.5400085
4222	285.5
4223	285.4400024
4224	285.480011
4225	285.519989
4226	285.519989
4227	285.519989
4228	285.480011
4229	285.4599915
4230	285.480011
4231	285.4200134
4232	285.4200134
4233	285.4200134
4234	285.480011
4235	285.4599915
4236	285.4400024
4237	285.3900146
4238	285.4200134
4239	285.4400024
4240	285.4400024
4241	285.4400024
4242	285.4400024
4243	285.4599915
4244	285.4599915
4245	285.5
4246	285.4599915
4247	285.480011
4248	285.480011
4249	285.480011
4250	285.4599915
4251	285.4599915
4252	285.4599915
4253	285.5
4254	285.5599976
4255	285.5
4256	285.480011
4257	285.480011
4258	285.5
4259	285.519989
4260	285.5400085
4261	285.519989
4262	285.4599915
4263	285.4200134
4264	285.4400024
4265	285.4400024
4266	285.480011
4267	285.5
4268	285.5599976
4269	285.519989
4270	285.5400085
4271	285.480011
4272	285.480011
4273	285.519989
4274	285.480011
4275	285.5
4276	285.519989
4277	285.5400085
4278	285.5599976
4279	285.5599976
4280	285.519989
4281	285.480011
4282	285.4599915
4283	285.4599915
4284	285.5
4285	285.480011
4286	285.519989
4287	285.4400024
4288	285.519989
4289	285.5599976
4290	285.5
4291	285.5400085
4292	285.5400085
4293	285.480011
4294	285.5
4295	285.519989
4296	285.519989
4297	285.519989
4298	285.6199951
4299	285.5799866
4300	285.5799866
4301	285.519989
4302	285.5400085
4303	285.5400085
4304	285.5400085
4305	285.5599976
4306	285.5
4307	285.5799866
4308	285.6499939
4309	285.6000061
4310	285.5400085
4311	285.5400085
4312	285.480011
4313	285.5400085
4314	285.5400085
4315	285.5599976
4316	285.519989
4317	285.519989
4318	285.5
4319	285.5
4320	285.5
4321	285.5400085
4322	285.519989
4323	285.5599976
4324	285.5
4325	285.519989
4326	285.5400085
4327	285.519989
4328	285.6000061
4329	285.5799866
4330	285.6499939
4331	285.6199951
4332	285.6199951
4333	285.6000061
4334	285.519989
4335	285.5599976
4336	285.5599976
4337	285.519989
4338	285.6000061
4339	285.5799866
4340	285.6000061
4341	285.5799866
4342	285.6499939
4343	285.6499939
4344	285.5599976
4345	285.6199951
4346	285.5599976
4347	285.6000061
4348	285.5599976
4349	285.6499939
4350	285.6000061
4351	285.6499939
4352	285.6700134
4353	285.6700134
4354	285.5400085
4355	285.5799866
4356	285.5799866
4357	285.5599976
4358	285.6900024
4359	285.8099976
4360	285.8800049
4361	285.9400024
4362	286.019989
4363	286.0799866
4364	286.1300049
4365	286.2099915
4366	286.1900024
4367	286.3800049
4368	286.4599915
4369	286.4599915
4370	286.4400024
4371	286.480011
4372	286.6099854
4373	286.75
4374	286.8399963
4375	286.8399963
4376	287.0499878
4377	287.1099854
4378	287.0499878
4379	286.9599915
4380	287.0700073
4381	287.0700073
4382	287.0700073
4383	287.0299988
4384	287.0299988
4385	287.0299988
4386	286.8800049
4387	286.9200134
4388	286.8800049
4389	286.8599854
4390	286.8999939
4391	286.8800049
4392	286.9599915
4393	287.0299988
4394	287.1700134
4395	287.2399902
4396	287.1499939
4397	287.0499878
4398	287.0700073
4399	287.1300049
4400	286.980011
4401	287.0499878
4402	286.980011
4403	287.0299988
4404	287.2099915
4405	287.2399902
4406	287.1700134
4407	287.1700134
4408	287.1700134
4409	287.1300049
4410	287.0899963
4411	287.0499878
4412	287.1499939
4413	287.2799988
4414	287.2799988
4415	287.2399902
4416	287.2999878
4417	287.2600098
4418	287.1300049
4419	287.1099854
4420	287.0700073
4421	287.0899963
4422	287.2600098
4423	287.2999878
4424	287.2799988
4425	287.3599854
4426	287.3800049
4427	287.3800049
4428	287.3800049
4429	287.3599854
4430	287.3599854
4431	287.3200073
4432	287.3200073
4433	287.3999939
4434	287.3399963
4435	287.2799988
4436	287.1700134
4437	287.1499939
4438	287.3800049
4439	287.4899902
4440	287.4400024
4441	287.5499878
4442	287.5700073
4443	287.5899963
4444	287.5100098
4445	287.3999939
4446	287.3999939
4447	287.3399963
4448	287.2600098
4449	287.2399902
4450	287.3800049
4451	287.2799988
4452	287.2099915
4453	287.2099915
4454	287.1900024
4455	287.2099915
4456	287.1900024
4457	287.3200073
4458	287.2999878
4459	287.2099915
4460	287.2999878
4461	287.2799988
4462	287.2600098
4463	287.1099854
4464	287.0899963
4465	287.1499939
4466	287.1499939
4467	287.1499939
4468	287.1900024
4469	287.3800049
4470	287.3200073
4471	287.3399963
4472	287.3200073
4473	287.2999878
4474	287.2099915
4475	287.2799988
4476	287.1499939
4477	287.2399902
4478	287.2399902
4479	287.2399902
4480	287.1700134
4481	287.2099915
4482	287.1499939
4483	287.1499939
4484	287.0899963
4485	287.0899963
4486	287.1300049
4487	287.1700134
4488	287.1300049
4489	287.1700134
4490	287.2399902
4491	287.3200073
4492	287.3200073
4493	287.2099915
4494	287.1300049
4495	287.0299988
4496	287.1099854
4497	287.1700134
4498	287.1700134
4499	287.1700134
4500	287.1099854
4501	287.1300049
4502	287.3399963
4503	287.3399963
4504	287.3399963
4505	287.3800049
4506	287.2799988
4507	287.3999939
4508	287.3999939
4509	287.3200073
4510	287.2799988
4511	287.2999878
4512	287.3800049
4513	287.3599854
4514	287.3200073
4515	287.2600098
4516	287.2399902
4517	287.2399902
4518	287.2799988
4519	287.2600098
4520	287.1900024
4521	287.2399902
4522	287.2999878
4523	287.3399963
4524	287.3399963
4525	287.3200073
4526	287.3999939
4527	287.3599854
4528	287.3999939
4529	287.3399963
4530	287.3999939
4531	287.3599854
4532	287.4400024
4533	287.4899902
4534	287.2799988
4535	287.1099854
4536	287.1700134
4537	287.1300049
4538	287.1099854
4539	287.0100098
4540	287.0100098
4541	286.9599915
4542	286.9400024
4543	286.9400024
4544	286.8599854
4545	286.8999939
4546	286.8800049
4547	286.769989
4548	286.5899963
4549	286.5899963
4550	286.0799866
4551	285.6199951
4552	285.269989
4553	284.6199951
4554	283.9700012
4555	283.5499878
4556	283.5499878
4557	283.0899963
4558	282.8599854
4559	282.8900146
4560	282.9100037
4561	282.8900146
4562	282.9299927
4563	282.9299927
4564	283.1600037
4565	283.2999878
4566	283.3500061
4567	283.4899902
4568	283.6199951
4569	283.7200012
4570	283.7799988
4571	283.9700012
4572	284.0799866
4573	284.269989
4574	284.3299866
4575	284.3299866
4576	284.4700012
4577	284.5400085
4578	284.6799927
4579	284.7000122
4580	284.8099976
4581	284.8500061
4582	284.8900146
4583	284.9599915
4584	285.0599976
4585	285.0599976
4586	285.2099915
4587	285.2099915
4588	285.2099915
4589	285.269989
4590	285.3099976
4591	285.3099976
4592	285.3099976
4593	285.3299866
4594	285.3699951
4595	285.3699951
4596	285.519989
4597	285.480011
4598	285.480011
4599	285.4599915
4600	285.480011
4601	285.5
4602	285.5599976
4603	285.5599976
4604	285.6000061
4605	285.6000061
4606	285.5599976
4607	285.6199951
4608	285.6000061
4609	285.6199951
4610	285.7099915
4611	285.6700134
4612	285.730011
4613	285.6700134
4614	285.6199951
4615	285.6499939
4616	285.6700134
4617	285.6199951
4618	285.6900024
4619	285.7099915
4620	285.7099915
4621	285.6199951
4622	285.6000061
4623	285.6000061
4624	285.6700134
4625	285.7099915
4626	285.6900024
4627	285.6900024
4628	285.75
4629	285.7099915
4630	285.7099915
4631	285.730011
4632	285.6700134
4633	285.7099915
4634	285.7099915
4635	285.75
4636	285.6900024
4637	285.75
4638	285.730011
4639	285.75
4640	285.8299866
4641	285.8500061
4642	285.8099976
4643	285.8500061
4644	285.7099915
4645	285.730011
4646	285.75
4647	285.7099915
4648	285.75
4649	285.75
4650	285.75
4651	285.769989
4652	285.769989
4653	285.8099976
4654	285.8099976
4655	285.769989
4656	285.7900085
4657	285.8500061
4658	285.9400024
4659	285.9400024
4660	285.9200134
4661	285.8999939
4662	285.8500061
4663	285.8299866
4664	285.8099976
4665	285.7900085
4666	285.7900085
4667	285.7900085
4668	285.7900085
4669	285.8500061
4670	285.8500061
4671	285.8800049
4672	285.8999939
4673	285.8500061
4674	285.8299866
4675	285.8099976
4676	285.8299866
4677	285.8299866
4678	285.8299866
4679	285.769989
4680	285.8099976
4681	285.8299866
4682	285.9200134
4683	285.8299866
4684	285.75
4685	285.8099976
4686	285.7900085
4687	285.7900085
4688	285.8099976
4689	285.7900085
4690	285.8299866
4691	285.7900085
4692	285.8299866
4693	285.8500061
4694	285.8299866
4695	285.9200134
4696	285.8800049
4697	285.9200134
4698	285.9200134
4699	285.9400024
4700	285.8500061
4701	285.9200134
4702	285.8800049
4703	285.769989
4704	285.75
4705	285.75
4706	285.75
4707	285.769989
4708	285.75
4709	285.7900085
4710	285.8999939
4711	285.8800049
4712	285.9200134
4713	285.8500061
4714	285.9400024
4715	285.8800049
4716	285.8500061
4717	285.8999939
4718	285.9400024
4719	285.9200134
4720	285.8999939
4721	285.8999939
4722	285.8299866
4723	285.9400024
4724	285.9200134
4725	285.980011
4726	286
4727	285.8999939
4728	285.8800049
4729	285.9200134
4730	285.9200134
4731	285.8800049
4732	285.980011
4733	285.980011
4734	285.9200134
4735	285.9200134
4736	285.9400024
4737	285.9400024
4738	285.9599915
4739	285.9400024
4740	285.8800049
4741	285.8800049
4742	285.769989
4743	285.75
4744	285.75
4745	285.8299866
4746	285.7900085
4747	285.8099976
4748	285.8500061
4749	285.8099976
4750	285.8500061
4751	285.8500061
4752	285.8999939
4753	285.8999939
4754	285.8999939
4755	285.8800049
4756	285.8099976
4757	285.8099976
4758	285.75
4759	285.8800049
4760	285.8500061
4761	285.75
4762	285.75
4763	285.7900085
4764	285.75
4765	285.8099976
4766	285.75
4767	285.730011
4768	285.769989
4769	285.769989
4770	285.8999939
4771	285.8500061
4772	285.8500061
4773	285.8999939
4774	285.9400024
4775	285.9200134
4776	285.9200134
4777	285.769989
4778	285.7900085
4779	285.8299866
4780	285.8299866
4781	285.8099976
4782	285.8299866
4783	285.8299866
4784	285.75
4785	285.7900085
4786	285.730011
4787	285.7900085
4788	285.75
4789	285.8099976
4790	285.75
4791	285.8999939
4792	285.9200134
4793	285.8500061
4794	285.8299866
4795	285.8299866
4796	285.8099976
4797	285.8299866
4798	285.8299866
4799	285.8500061
4800	285.8999939
4801	285.8999939
4802	285.769989
4803	285.8500061
4804	285.8099976
4805	285.8099976
4806	285.769989
4807	285.75
4808	285.75
4809	285.8099976
4810	285.730011
4811	285.769989
4812	285.7900085
4813	285.7900085
4814	285.8299866
4815	285.8299866
4816	285.8299866
4817	285.8500061
4818	285.8099976
4819	285.8800049
4820	285.8800049
4821	285.8500061
4822	285.8299866
4823	285.8299866
4824	285.8099976
4825	285.7900085
4826	285.8099976
4827	285.769989
4828	285.8500061
4829	285.9200134
4830	285.7099915
4831	285.769989
4832	285.9200134
4833	286.0799866
4834	286.1300049
4835	285.980011
4836	285.9599915
4837	286.019989
4838	286.0599976
4839	286.2099915
4840	286.2099915
4841	286.3800049
4842	286.480011
4843	286.4599915
4844	286.4400024
4845	286.6300049
4846	286.7999878
4847	286.7999878
4848	286.8399963
4849	286.8200073
4850	286.8200073
4851	286.75
4852	286.8200073
4853	286.8399963
4854	286.8599854
4855	286.8200073
4856	286.9599915
4857	286.8999939
4858	286.8599854
4859	286.8800049
4860	286.8800049
4861	286.8999939
4862	286.8999939
4863	286.8599854
4864	286.9200134
4865	287.0499878
4866	287.0100098
4867	287.0100098
4868	286.9599915
4869	286.9599915
4870	287.0899963
4871	287.1099854
4872	287.1099854
4873	287.1099854
4874	287.0499878
4875	287.0100098
4876	287.1499939
4877	287.1499939
4878	287.1099854
4879	287.1099854
4880	287.0700073
4881	287.1099854
4882	287.1099854
4883	287.0899963
4884	286.9200134
4885	287.0499878
4886	287.0499878
4887	287.2399902
4888	287.1900024
4889	287.1700134
4890	287.1700134
4891	287.1499939
4892	287.1099854
4893	287.1300049
4894	287.0299988
4895	287.0299988
4896	287.0100098
4897	287.0299988
4898	286.980011
4899	287.1499939
4900	287.1300049
4901	287.1300049
4902	287.1900024
4903	287.1700134
4904	287.1300049
4905	287.1900024
4906	287.2600098
4907	287.3200073
4908	287.3200073
4909	287.1700134
4910	287.1700134
4911	287.1700134
4912	286.980011
4913	287.0100098
4914	287.0299988
4915	287.0899963
4916	287.1099854
4917	287.2099915
4918	287.2099915
4919	287.1900024
4920	287.0299988
4921	287.0100098
4922	286.9599915
4923	287.0700073
4924	287.1499939
4925	287.2399902
4926	287.3399963
4927	287.2799988
4928	287.2099915
4929	287.1499939
4930	287.0700073
4931	287.1099854
4932	287.1300049
4933	287.1300049
4934	287.1300049
4935	287.1300049
4936	287.2799988
4937	287.4400024
4938	287.4400024
4939	287.4700012
4940	287.4200134
4941	287.2799988
4942	287.2799988
4943	287.3200073
4944	287.3200073
4945	287.1700134
4946	287.1499939
4947	287.1700134
4948	287.1900024
4949	287.1900024
4950	287.1900024
4951	287.2399902
4952	287.1300049
4953	287.1300049
4954	287.1900024
4955	287.1700134
4956	287.2799988
4957	287.2799988
4958	287.1700134
4959	287.1300049
4960	287.0499878
4961	287.1099854
4962	287.1700134
4963	287.1700134
4964	287.1900024
4965	287.2600098
4966	287.3599854
4967	287.3399963
4968	287.2799988
4969	287.3200073
4970	287.3999939
4971	287.3399963
4972	287.1900024
4973	287.2099915
4974	287.2099915
4975	287.2399902
4976	287.2799988
4977	287.2600098
4978	287.2799988
4979	287.1499939
4980	287.2799988
4981	287.3200073
4982	287.3200073
4983	287.3599854
4984	287.2999878
4985	287.2600098
4986	287.2600098
4987	287.2600098
4988	287.2399902
4989	287.2399902
4990	287.2799988
4991	287.2799988
4992	287.2600098
4993	287.2799988
4994	287.3200073
4995	287.3999939
4996	287.3999939
4997	287.4700012
4998	287.3599854
4999	287.3399963
5000	287.3399963
5001	287.2999878
5002	287.3800049
5003	287.3200073
5004	287.2999878
5005	287.2399902
5006	287.2600098
5007	287.3399963
5008	287.2600098
5009	287.1900024
5010	287.1300049
5011	286.9599915
5012	287.0100098
5013	286.9599915
5014	286.8599854
5015	286.8399963
5016	286.8200073
5017	286.8999939
5018	286.8800049
5019	286.8800049
5020	286.75
5021	286.75
5022	286.519989
5023	286.1900024
5024	286.0799866
5025	285.5799866
5026	285.0400085
5027	284.4700012
5028	284.4700012
5029	283.7000122
5030	283.2999878
5031	283.2200012
5032	283.0899963
5033	283.0299988
5034	283.0100098
5035	282.9500122
5036	282.9899902
5037	283.1400146
5038	283.3699951
5039	283.5799866
5040	283.6799927
5041	283.7000122
5042	283.7799988
5043	283.8699951
5044	283.9299927
5045	283.9899902
5046	284.2399902
5047	284.1600037
5048	284.3099976
5049	284.4100037
5050	284.4500122
5051	284.5599976
5052	284.6199951
5053	284.6199951
5054	284.8500061
5055	284.8299866
5056	284.8699951
5057	284.8500061
5058	284.9599915
5059	284.980011
5060	284.980011
5061	285.0400085
5062	285.1400146
5063	285.1900024
5064	285.230011
5065	285.2099915
5066	285.269989
5067	285.269989
5068	285.3900146
5069	285.3299866
5070	285.3299866
5071	285.3099976
5072	285.3699951
5073	285.3699951
5074	285.3699951
5075	285.4400024
5076	285.4599915
5077	285.4599915
5078	285.480011
5079	285.5400085
5080	285.6000061
5081	285.519989
5082	285.6199951
5083	285.6000061
5084	285.5599976
5085	285.5599976
5086	285.5599976
5087	285.6000061
5088	285.5599976
5089	285.5799866
5090	285.6700134
5091	285.6900024
5092	285.6900024
5093	285.6000061
5094	285.6199951
5095	285.6499939
5096	285.75
5097	285.769989
5098	285.8099976
5099	285.8099976
5100	285.75
5101	285.7099915
5102	285.730011
5103	285.75
5104	285.8299866
5105	285.8099976
5106	285.8299866
5107	285.769989
5108	285.6900024
5109	285.769989
5110	285.6499939
5111	285.6700134
5112	285.730011
5113	285.75
5114	285.6700134
5115	285.6900024
5116	285.7099915
5117	285.6199951
5118	285.6900024
5119	285.7099915
5120	285.6700134
5121	285.6499939
5122	285.6499939
5123	285.6900024
5124	285.7099915
5125	285.6900024
5126	285.6900024
5127	285.730011
5128	285.730011
5129	285.730011
5130	285.7900085
5131	285.7900085
5132	285.75
5133	285.8099976
5134	285.75
5135	285.7900085
5136	285.769989
5137	285.7900085
5138	285.7900085
5139	285.8099976
5140	285.7900085
5141	285.769989
5142	285.7099915
5143	285.75
5144	285.730011
5145	285.7900085
5146	285.730011
5147	285.8099976
5148	285.8099976
5149	285.769989
5150	285.7900085
5151	285.8099976
5152	285.75
5153	285.7900085
5154	285.8099976
5155	285.7900085
5156	285.7099915
5157	285.730011
5158	285.75
5159	285.7900085
5160	285.7900085
5161	285.7099915
5162	285.75
5163	285.75
5164	285.769989
5165	285.75
5166	285.730011
5167	285.8299866
5168	285.8099976
5169	285.8500061
5170	285.8500061
5171	285.7900085
5172	285.7099915
5173	285.7099915
5174	285.7099915
5175	285.7900085
5176	285.8099976
5177	285.8099976
5178	285.7900085
5179	285.7099915
5180	285.730011
5181	285.75
5182	285.6900024
5183	285.730011
5184	285.730011
5185	285.6499939
5186	285.769989
5187	285.7900085
5188	285.6700134
5189	285.7099915
5190	285.769989
5191	285.7900085
5192	285.8500061
5193	285.8500061
5194	285.8500061
5195	285.8299866
5196	285.769989
5197	285.7900085
5198	285.75
5199	285.8099976
5200	285.7900085
5201	285.769989
5202	285.769989
5203	285.769989
5204	285.75
5205	285.7099915
5206	285.7099915
5207	285.769989
5208	285.769989
5209	285.769989
5210	285.730011
5211	285.7099915
5212	285.730011
5213	285.8299866
5214	285.8099976
5215	285.8099976
5216	285.75
5217	285.769989
5218	285.7099915
5219	285.7900085
5220	285.769989
5221	285.8099976
5222	285.75
5223	285.769989
5224	285.6700134
5225	285.730011
5226	285.7099915
5227	285.75
5228	285.769989
5229	285.8099976
5230	285.8099976
5231	285.769989
5232	285.8500061
5233	285.8299866
5234	285.8299866
5235	285.8999939
5236	285.8099976
5237	285.8299866
5238	285.8099976
5239	285.75
5240	285.6900024
5241	285.6900024
5242	285.730011
5243	285.7099915
5244	285.6499939
5245	285.730011
5246	285.75
5247	285.75
5248	285.75
5249	285.75
5250	285.769989
5251	285.7099915
5252	285.7900085
5253	285.75
5254	285.75
5255	285.7099915
5256	285.7900085
5257	285.8299866
5258	285.769989
5259	285.730011
5260	285.75
5261	285.7900085
5262	285.75
5263	285.769989
5264	285.8299866
5265	285.8099976
5266	285.7099915
5267	285.769989
5268	285.7900085
5269	285.7900085
5270	285.75
5271	285.7900085
5272	285.769989
5273	285.769989
5274	285.730011
5275	285.8500061
5276	285.8800049
5277	285.7900085
5278	285.7900085
5279	285.7900085
5280	285.7900085
5281	285.8299866
5282	285.8299866
5283	285.8099976
5284	285.7900085
5285	285.8099976
5286	285.8299866
5287	285.8299866
5288	285.75
5289	285.769989
5290	285.75
5291	285.769989
5292	285.7900085
5293	285.75
5294	285.730011
5295	285.769989
5296	285.7099915
5297	285.769989
5298	285.8099976
5299	285.769989
5300	285.7900085
5301	285.75
5302	285.75
5303	285.6900024
5304	285.6900024
5305	285.6900024
5306	286.0799866
5307	286.1900024
5308	286.1099854
5309	286.1700134
5310	286.25
5311	286.3399963
5312	286.3399963
5313	286.3599854
5314	286.480011
5315	286.5700073
5316	286.6300049
5317	286.730011
5318	286.6900024
5319	286.6900024
5320	286.9400024
5321	286.8999939
5322	286.8800049
5323	287.0899963
5324	286.9599915
5325	287.0100098
5326	286.980011
5327	286.9599915
5328	287.0499878
5329	287.1099854
5330	287.0299988
5331	287.0499878
5332	286.9599915
5333	287.0100098
5334	287.1499939
5335	287.2399902
5336	287.2999878
5337	287.1700134
5338	287.2399902
5339	287.2999878
5340	287.2799988
5341	287.1300049
5342	287.0899963
5343	287.2999878
5344	287.2999878
5345	287.2600098
5346	287.1900024
5347	287.1900024
5348	287.2399902
5349	287.2399902
5350	287.2999878
5351	287.2999878
5352	287.1900024
5353	287.3200073
5354	287.3800049
5355	287.3399963
5356	287.2600098
5357	287.2399902
5358	287.2999878
5359	287.1499939
5360	287.0899963
5361	287.1700134
5362	287.0700073
5363	286.9599915
5364	286.980011
5365	287.0499878
5366	287.2099915
5367	287.2099915
5368	287.1499939
5369	287.1700134
5370	287.1900024
5371	287.3200073
5372	287.3399963
5373	287.3399963
5374	287.2600098
5375	287.2999878
5376	287.2999878
5377	287.2799988
5378	287.2399902
5379	287.2399902
5380	287.2600098
5381	287.3200073
5382	287.4700012
5383	287.4700012
5384	287.2600098
5385	287.2600098
5386	287.2999878
5387	287.2799988
5388	287.2799988
5389	287.4400024
5390	287.4400024
5391	287.4400024
5392	287.3200073
5393	287.3200073
5394	287.3800049
5395	287.4400024
5396	287.3800049
5397	287.3399963
5398	287.2399902
5399	287.2399902
5400	287.1499939
5401	287.1300049
5402	287.2399902
5403	287.2600098
5404	287.1900024
5405	287.1499939
5406	287.0700073
5407	287.1499939
5408	287.2799988
5409	287.2999878
5410	287.2799988
5411	287.2799988
5412	287.2799988
5413	287.2399902
5414	287.1900024
5415	287.1900024
5416	287.2399902
5417	287.2399902
5418	287.2399902
5419	287.3200073
5420	287.2600098
5421	287.3200073
5422	287.3200073
5423	287.2999878
5424	287.2999878
5425	287.2099915
5426	287.0899963
5427	287.1300049
5428	287.1900024
5429	287.1900024
5430	287.0899963
5431	287.0899963
5432	287.1499939
5433	287.2099915
5434	287.2600098
5435	287.2799988
5436	287.1499939
5437	287.2399902
5438	287.1900024
5439	287.1300049
5440	287.1099854
5441	286.980011
5442	287.0899963
5443	287.1099854
5444	287.1499939
5445	287.1499939
5446	286.9599915
5447	286.9200134
5448	287.0100098
5449	287.0299988
5450	287.0700073
5451	287.1900024
5452	287.1900024
5453	287.1300049
5454	287.1300049
5455	287.1300049
5456	287.1099854
5457	287.0700073
5458	287.1700134
5459	287.1700134
5460	287.0899963
5461	287.0899963
5462	287.0700073
5463	287.1499939
5464	287.1099854
5465	287.1300049
5466	287.0499878
5467	287.0299988
5468	287.0100098
5469	287.0700073
5470	287.0499878
5471	287.0100098
5472	287.0499878
5473	287.1300049
5474	287.1900024
5475	287.1900024
5476	287.2099915
5477	287.2600098
5478	287.2600098
5479	287.2399902
5480	287.2099915
5481	287.0899963
5482	287.0100098
5483	287.0299988
5484	286.9599915
5485	286.8599854
5486	286.8599854
5487	286.769989
5488	286.75
5489	286.8200073
5490	286.769989
5491	286.7099915
5492	286.6499939
5493	286.6499939
5494	286.5899963
5495	286.4200134
5496	286.3800049
5497	286
5498	285.5799866
5499	285
5500	285
5501	284.2200012
5502	283.7399902
5503	283.5299988
5504	283.1199951
5505	282.8900146
5506	282.8200073
5507	282.7600098
5508	282.6300049
5509	282.6300049
5510	282.7999878
5511	282.9500122
5512	283.0899963
5513	283.2399902
5514	283.3699951
5515	283.3900146
5516	283.5100098
5517	283.6199951
5518	283.7399902
5519	283.7799988
5520	283.9100037
5521	283.9299927
5522	284.1199951
5523	284.3299866
5524	284.3699951
5525	284.3699951
5526	284.5799866
5527	284.6199951
5528	284.6000061
5529	284.75
5530	284.769989
5531	284.7900085
5532	284.7900085
5533	284.8299866
5534	284.9100037
5535	284.9299927
5536	285
5537	285.1400146
5538	285.1000061
5539	285.1000061
5540	285.2099915
5541	285.2099915
5542	285.2900085
5543	285.25
5544	285.2900085
5545	285.269989
5546	285.2900085
5547	285.25
5548	285.2900085
5549	285.2900085
5550	285.4200134
5551	285.4400024
5552	285.4599915
5553	285.4200134
5554	285.4599915
5555	285.480011
5556	285.5
5557	285.5
5558	285.480011
5559	285.519989
5560	285.480011
5561	285.5
5562	285.4400024
5563	285.5599976
5564	285.5599976
5565	285.6199951
5566	285.6499939
5567	285.6000061
5568	285.6499939
5569	285.6499939
5570	285.5599976
5571	285.5599976
5572	285.6000061
5573	285.6199951
5574	285.5799866
5575	285.5599976
5576	285.6000061
5577	285.5400085
5578	285.5400085
5579	285.5599976
5580	285.6199951
5581	285.6000061
5582	285.6499939
5583	285.6000061
5584	285.6900024
5585	285.6000061
5586	285.6000061
5587	285.6000061
5588	285.6199951
5589	285.5799866
5590	285.5599976
5591	285.6199951
5592	285.6000061
5593	285.6000061
5594	285.6199951
5595	285.6000061
5596	285.6000061
5597	285.6700134
5598	285.7099915
5599	285.6900024
5600	285.730011
5601	285.7099915
5602	285.7099915
5603	285.7099915
5604	285.730011
5605	285.6900024
5606	285.6900024
5607	285.6900024
5608	285.6499939
5609	285.6900024
5610	285.75
5611	285.6199951
5612	285.6900024
5613	285.6900024
5614	285.769989
5615	285.730011
5616	285.7099915
5617	285.6199951
5618	285.6499939
5619	285.6700134
5620	285.7099915
5621	285.6700134
5622	285.6199951
5623	285.5799866
5624	285.6000061
5625	285.5799866
5626	285.519989
5627	285.5799866
5628	285.6499939
5629	285.6499939
5630	285.7099915
5631	285.6700134
5632	285.6499939
5633	285.6499939
5634	285.75
5635	285.75
5636	285.6900024
5637	285.6700134
5638	285.6900024
5639	285.769989
5640	285.769989
5641	285.6700134
5642	285.6700134
5643	285.6499939
5644	285.6199951
5645	285.6700134
5646	285.6900024
5647	285.6900024
5648	285.7099915
5649	285.7099915
5650	285.6900024
5651	285.6700134
5652	285.730011
5653	285.6900024
5654	285.6900024
5655	285.7099915
5656	285.730011
5657	285.6900024
5658	285.6900024
5659	285.6000061
5660	285.6499939
5661	285.6499939
5662	285.6700134
5663	285.7099915
5664	285.6900024
5665	285.6700134
5666	285.6700134
5667	285.6700134
5668	285.6199951
5669	285.6499939
5670	285.6499939
5671	285.769989
5672	285.769989
5673	285.730011
5674	285.730011
5675	285.6000061
5676	285.6199951
5677	285.6900024
5678	285.75
5679	285.7099915
5680	285.6700134
5681	285.6000061
5682	285.6000061
5683	285.730011
5684	285.730011
5685	285.730011
5686	285.75
5687	285.730011
5688	285.7099915
5689	285.7099915
5690	285.7099915
5691	285.6900024
5692	285.730011
5693	285.769989
5694	285.769989
5695	285.7900085
5696	285.730011
5697	285.730011
5698	285.6700134
5699	285.6900024
5700	285.6700134
5701	285.6900024
5702	285.7099915
5703	285.7099915
5704	285.730011
5705	285.730011
5706	285.730011
5707	285.75
5708	285.75
5709	285.730011
5710	285.7099915
5711	285.7099915
5712	285.769989
5713	285.769989
5714	285.7099915
5715	285.75
5716	285.7900085
5717	285.8099976
5718	285.75
5719	285.769989
5720	285.730011
5721	285.730011
5722	285.7099915
5723	285.769989
5724	285.730011
5725	285.75
5726	285.730011
5727	285.7099915
5728	285.730011
5729	285.769989
5730	285.730011
5731	285.6700134
5732	285.7099915
5733	285.7099915
5734	285.730011
5735	285.8099976
5736	285.769989
5737	285.730011
5738	285.730011
5739	285.7900085
5740	285.769989
5741	285.769989
5742	285.75
5743	285.769989
5744	285.7900085
5745	285.7900085
5746	285.75
5747	285.75
5748	285.730011
5749	285.769989
5750	285.7900085
5751	285.75
5752	285.75
5753	285.8500061
5754	285.8099976
5755	285.8299866
5756	285.7900085
5757	285.8999939
5758	285.8800049
5759	285.8800049
5760	285.8500061
5761	285.8099976
5762	285.769989
5763	285.75
5764	285.7099915
5765	285.6900024
5766	285.730011
5767	285.6900024
5768	285.6900024
5769	285.6900024
5770	285.6700134
5771	285.730011
5772	285.6900024
5773	285.75
5774	285.6900024
5775	285.6700134
5776	285.730011
5777	285.730011
5778	285.730011
5779	286
5780	286.019989
5781	286.0799866
5782	286.1900024
5783	286.1700134
5784	286.1700134
5785	286.0799866
5786	286.1300049
5787	286.1900024
5788	286.25
5789	286.3399963
5790	286.3399963
5791	286.4200134
5792	286.519989
5793	286.519989
5794	286.5899963
5795	286.8200073
5796	287.0100098
5797	287.0499878
5798	286.9200134
5799	286.9200134
5800	286.9400024
5801	286.8999939
5802	286.980011
5803	287.0299988
5804	287.0499878
5805	287.0899963
5806	287.0299988
5807	287.0100098
5808	286.9400024
5809	286.9400024
5810	286.8200073
5811	286.7999878
5812	286.8200073
5813	286.980011
5814	286.9599915
5815	287.0299988
5816	287.0299988
5817	287.0100098
5818	286.8399963
5819	286.8200073
5820	286.8399963
5821	286.8599854
5822	286.9400024
5823	286.9400024
5824	286.980011
5825	287.0100098
5826	286.8999939
5827	286.8599854
5828	286.8999939
5829	286.9599915
5830	286.8999939
5831	286.8599854
5832	286.9400024
5833	286.8599854
5834	286.8599854
5835	286.8999939
5836	287.0100098
5837	287.0299988
5838	287.0100098
5839	287.0299988
5840	287.1300049
5841	287.0299988
5842	287.0100098
5843	287.1499939
5844	287.1700134
5845	287.1499939
5846	287.0899963
5847	287.0700073
5848	287.0700073
5849	287.2399902
5850	287.1700134
5851	287.1499939
5852	287.1900024
5853	287.2600098
5854	287.2099915
5855	287.2099915
5856	287.1900024
5857	287.1900024
5858	287.1900024
5859	287.0899963
5860	287.1700134
5861	287.1900024
5862	287.2399902
5863	287.1700134
5864	287.0299988
5865	287.0100098
5866	286.9400024
5867	287.0499878
5868	287.1700134
5869	287.2399902
5870	287.2999878
5871	287.3200073
5872	287.2600098
5873	287.2099915
5874	287.1700134
5875	287.2099915
5876	287.2099915
5877	287.1900024
5878	287.1300049
5879	287.0299988
5880	287.0100098
5881	286.9599915
5882	286.980011
5883	287.0100098
5884	286.9599915
5885	287.0299988
5886	287.1700134
5887	287.1700134
5888	287.1099854
5889	287.0700073
5890	287.0499878
5891	287.0299988
5892	287.0299988
5893	287.1300049
5894	287.1300049
5895	287.1700134
5896	287.0899963
5897	287.0499878
5898	286.980011
5899	287.0700073
5900	287.1099854
5901	287.0899963
5902	287.1300049
5903	287.0700073
5904	286.9200134
5905	286.9400024
5906	286.8599854
5907	286.8800049
5908	286.8800049
5909	286.9200134
5910	286.9200134
5911	286.9200134
5912	286.8200073
5913	286.9599915
5914	286.9599915
5915	286.9599915
5916	286.9400024
5917	286.8599854
5918	286.769989
5919	286.769989
5920	286.8999939
5921	286.980011
5922	287.0100098
5923	287.0299988
5924	287.0899963
5925	287.0899963
5926	287.0899963
5927	287.0299988
5928	286.9200134
5929	286.8399963
5930	286.9200134
5931	286.9200134
5932	286.9400024
5933	286.9400024
5934	286.8599854
5935	286.8800049
5936	286.8800049
5937	286.8800049
5938	286.9200134
5939	286.9200134
5940	286.9400024
5941	287.0100098
5942	286.980011
5943	286.9400024
5944	286.980011
5945	286.9200134
5946	287.0100098
5947	286.9400024
5948	286.9200134
5949	286.8999939
5950	287.0299988
5951	286.9599915
5952	286.9200134
5953	286.8200073
5954	286.7999878
5955	286.6499939
5956	286.8599854
5957	286.7999878
5958	286.7999878
5959	286.7099915
5960	286.6900024
5961	286.7099915
5962	286.6499939
5963	286.6900024
5964	286.6900024
5965	286.6900024
5966	286.5899963
5967	286.519989
5968	286.5
5969	286.1900024
5970	285.9400024
5971	285.75
5972	285.6199951
5973	284.7000122
5974	284.4500122
5975	283.9700012
5976	283.5499878
5977	283.2999878
5978	283.1799927
5979	283.1199951
5980	282.9299927
5981	282.9299927
5982	282.9899902
5983	283.0700073
5984	283.0700073
5985	283.2000122
5986	283.2200012
5987	283.3900146
5988	283.4500122
5989	283.5799866
5990	283.5799866
5991	283.8500061
5992	283.9299927
5993	283.9700012
5994	284.1199951
5995	284.2200012
5996	284.2399902
5997	284.2399902
5998	284.5400085
5999	284.6400146
6000	284.730011
6001	284.8099976
6002	284.7900085
6003	284.8099976
6004	284.8099976
6005	284.8900146
6006	284.9599915
6007	284.9599915
6008	285.019989
6009	284.980011
6010	285.0599976
6011	285.0799866
6012	285.2099915
6013	285.1900024
6014	285.1600037
6015	285.1600037
6016	285.2099915
6017	285.2900085
6018	285.269989
6019	285.25
6020	285.25
6021	285.3099976
6022	285.3500061
6023	285.3900146
6024	285.3900146
6025	285.3900146
6026	285.3900146
6027	285.4200134
6028	285.4200134
6029	285.4200134
6030	285.4599915
6031	285.4200134
6032	285.4400024
6033	285.4400024
6034	285.4400024
6035	285.5
6036	285.5
6037	285.480011
6038	285.519989
6039	285.480011
6040	285.5599976
6041	285.519989
6042	285.5599976
6043	285.5
6044	285.5400085
6045	285.6499939
6046	285.5
6047	285.519989
6048	285.519989
6049	285.6000061
6050	285.5599976
6051	285.6199951
6052	285.6000061
6053	285.6199951
6054	285.6199951
6055	285.6900024
6056	285.6499939
6057	285.6000061
6058	285.6199951
6059	285.6000061
6060	285.6199951
6061	285.6199951
6062	285.7099915
6063	285.7099915
6064	285.6700134
6065	285.6700134
6066	285.769989
6067	285.6700134
6068	285.6700134
6069	285.6900024
6070	285.75
6071	285.730011
6072	285.7099915
6073	285.7099915
6074	285.7099915
6075	285.7099915
6076	285.7099915
6077	285.8099976
6078	285.75
6079	285.7900085
6080	285.769989
6081	285.6900024
6082	285.6700134
6083	285.75
6084	285.6700134
6085	285.6900024
6086	285.6900024
6087	285.6900024
6088	285.730011
6089	285.7900085
6090	285.8099976
6091	285.7099915
6092	285.7099915
6093	285.6900024
6094	285.6700134
6095	285.6700134
6096	285.7099915
6097	285.730011
6098	285.75
6099	285.6499939
6100	285.6499939
6101	285.6900024
6102	285.7099915
6103	285.6499939
6104	285.6000061
6105	285.5599976
6106	285.5599976
6107	285.5599976
6108	285.5599976
6109	285.6000061
6110	285.5400085
6111	285.5799866
6112	285.6199951
6113	285.5599976
6114	285.6000061
6115	285.6700134
6116	285.7099915
6117	285.6700134
6118	285.6700134
6119	285.6499939
6120	285.5799866
6121	285.6000061
6122	285.730011
6123	285.6900024
6124	285.6700134
6125	285.6700134
6126	285.6700134
6127	285.5799866
6128	285.6199951
6129	285.6199951
6130	285.6499939
6131	285.6900024
6132	285.6900024
6133	285.7099915
6134	285.7099915
6135	285.769989
6136	285.7099915
6137	285.730011
6138	285.7099915
6139	285.7099915
6140	285.75
6141	285.769989
6142	285.6700134
6143	285.7099915
6144	285.6700134
6145	285.6499939
6146	285.6499939
6147	285.6900024
6148	285.6900024
6149	285.6700134
6150	285.730011
6151	285.6900024
6152	285.7099915
6153	285.75
6154	285.6900024
6155	285.75
6156	285.6900024
6157	285.6700134
6158	285.6700134
6159	285.6900024
6160	285.7099915
6161	285.6700134
6162	285.6700134
6163	285.6700134
6164	285.7099915
6165	285.6900024
6166	285.6900024
6167	285.730011
6168	285.730011
6169	285.730011
6170	285.6499939
6171	285.6499939
6172	285.6199951
6173	285.6499939
6174	285.6700134
6175	285.6700134
6176	285.6900024
6177	285.7099915
6178	285.7099915
6179	285.730011
6180	285.7099915
6181	285.7099915
6182	285.6900024
6183	285.7099915
6184	285.730011
6185	285.6700134
6186	285.7099915
6187	285.7900085
6188	285.769989
6189	285.75
6190	285.769989
6191	285.730011
6192	285.7099915
6193	285.8299866
6194	285.7900085
6195	285.769989
6196	285.730011
6197	285.7900085
6198	285.730011
6199	285.7900085
6200	285.6900024
6201	285.7099915
6202	285.6900024
6203	285.730011
6204	285.75
6205	285.75
6206	285.8299866
6207	285.7900085
6208	285.8299866
6209	285.8099976
6210	285.8099976
6211	285.769989
6212	285.8099976
6213	285.75
6214	285.8299866
6215	285.7099915
6216	285.75
6217	285.75
6218	285.8099976
6219	285.8099976
6220	285.8299866
6221	285.8500061
6222	285.8299866
6223	285.769989
6224	285.75
6225	285.769989
6226	285.75
6227	285.8299866
6228	285.769989
6229	285.7900085
6230	285.8299866
6231	285.7900085
6232	285.8500061
6233	285.8500061
6234	285.769989
6235	285.769989
6236	285.7900085
6237	285.8099976
6238	285.7900085
6239	285.8299866
6240	285.8299866
6241	285.7900085
6242	285.7900085
6243	285.8099976
6244	285.8299866
6245	285.730011
6246	285.75
6247	285.7900085
6248	285.730011
6249	285.730011
6250	285.5599976
6251	285.6700134
6252	285.7900085
6253	286
6254	285.9200134
6255	286.0400085
6256	286.0400085
6257	286.0400085
6258	286.0799866
6259	286.0400085
6260	286.1499939
6261	286.3800049
6262	286.4200134
6263	286.5
6264	286.8200073
6265	286.8200073
6266	286.7999878
6267	286.8999939
6268	286.8200073
6269	286.8599854
6270	286.8599854
6271	286.8200073
6272	286.8200073
6273	286.769989
6274	286.980011
6275	287.0299988
6276	286.9400024
6277	286.980011
6278	286.9400024
6279	287.0299988
6280	287.0499878
6281	287.0499878
6282	287.0700073
6283	287.0499878
6284	287.0100098
6285	286.9599915
6286	287.1300049
6287	287.1900024
6288	287.1900024
6289	286.9400024
6290	286.8999939
6291	286.9599915
6292	287.1300049
6293	287.0700073
6294	287.1099854
6295	287.1300049
6296	287.0899963
6297	287.0899963
6298	287.0299988
6299	287.0899963
6300	287.0899963
6301	287.1300049
6302	287.1300049
6303	287.0700073
6304	287.0899963
6305	287.0899963
6306	287.1900024
6307	287.1700134
6308	287.2099915
6309	287.1300049
6310	287.2600098
6311	287.2399902
6312	287.0700073
6313	287.0700073
6314	286.9599915
6315	287.0899963
6316	287.1099854
6317	287.1700134
6318	287.2399902
6319	287.1900024
6320	287.1900024
6321	287.0700073
6322	287.0100098
6323	286.8999939
6324	286.9599915
6325	286.9599915
6326	286.8999939
6327	286.8999939
6328	287.1099854
6329	287.2099915
6330	287.1700134
6331	287.0499878
6332	287.0299988
6333	286.9599915
6334	286.9599915
6335	287.0700073
6336	287.0899963
6337	287.1700134
6338	287.1700134
6339	287.1300049
6340	287.1499939
6341	287.1300049
6342	287.0899963
6343	287.1300049
6344	287.0499878
6345	287.1099854
6346	287.1099854
6347	287.0899963
6348	287.0499878
6349	287.1300049
6350	287.1700134
6351	287.1900024
6352	287.1900024
6353	287.1700134
6354	287.1099854
6355	287.1499939
6356	287.0899963
6357	287.1700134
6358	287.2099915
6359	287.2099915
6360	287.1300049
6361	287.1099854
6362	287.0700073
6363	287.1700134
6364	287.1300049
6365	287.1700134
6366	287.1099854
6367	287.0100098
6368	287.0299988
6369	287.0899963
6370	287.0499878
6371	287.0100098
6372	287.0899963
6373	287.1099854
6374	287.1499939
6375	287.0899963
6376	287.1099854
6377	287.0299988
6378	286.980011
6379	286.9400024
6380	286.9400024
6381	286.9599915
6382	287.0100098
6383	286.9599915
6384	286.9599915
6385	287.0499878
6386	287.0700073
6387	287.0700073
6388	287.1499939
6389	287.0899963
6390	287.1099854
6391	287.1099854
6392	287.2099915
6393	287.1099854
6394	287.1499939
6395	287.1099854
6396	287.1700134
6397	287.1099854
6398	287.1099854
6399	287.1300049
6400	287.1900024
6401	287.2999878
6402	287.2099915
6403	287.2099915
6404	287.1900024
6405	287.1700134
6406	287.1700134
6407	287.1499939
6408	287.1300049
6409	287.0899963
6410	287.0899963
6411	287.0899963
6412	287.0700073
6413	287.1300049
6414	287.2099915
6415	287.3200073
6416	287.2099915
6417	287.1499939
6418	287.1700134
6419	287.1900024
6420	287.1499939
6421	287.0899963
6422	287.0100098
6423	287.0100098
6424	287.0499878
6425	287.2399902
6426	287.2799988
6427	287.2099915
6428	287.1099854
6429	287.1900024
6430	287.1900024
6431	287.0700073
6432	286.980011
6433	286.9400024
6434	286.8200073
6435	286.8200073
6436	286.8200073
6437	286.769989
6438	286.8599854
6439	286.7999878
6440	286.7099915
6441	286.6300049
6442	286.3599854
6443	286.25
6444	286.1099854
6445	285.5
6446	285.269989
6447	284.6799927
6448	284.1000061
6449	283.8900146
6450	283.4899902
6451	283.3500061
6452	283.0899963
6453	282.9500122
6454	282.8900146
6455	282.9899902
6456	283.0499878
6457	283.0499878
6458	283.1799927
6459	283.2999878
6460	283.3900146
6461	283.5499878
6462	283.5499878
6463	283.7600098
6464	283.9299927
6465	284.0799866
6466	284.1199951
6467	284.2000122
6468	284.2900085
6469	284.2900085
6470	284.3900146
6471	284.4299927
6472	284.519989
6473	284.6000061
6474	284.6400146
6475	284.7900085
6476	284.8099976
6477	284.9100037
6478	284.8900146
6479	284.9599915
6480	285.0400085
6481	285.0599976
6482	285.019989
6483	285.0400085
6484	285.2099915
6485	285.1600037
6486	285.230011
6487	285.2900085
6488	285.3299866
6489	285.3500061
6490	285.2900085
6491	285.3699951
6492	285.3299866
6493	285.3500061
6494	285.3500061
6495	285.3299866
6496	285.3299866
6497	285.3900146
6498	285.3500061
6499	285.3299866
6500	285.3500061
6501	285.3500061
6502	285.4599915
6503	285.4599915
6504	285.519989
6505	285.5
6506	285.5
6507	285.4599915
6508	285.4200134
6509	285.5599976
6510	285.5799866
6511	285.5400085
6512	285.480011
6513	285.480011
6514	285.480011
6515	285.5599976
6516	285.4599915
6517	285.4599915
6518	285.480011
6519	285.519989
6520	285.5599976
6521	285.6199951
6522	285.6000061
6523	285.6199951
6524	285.6000061
6525	285.6900024
6526	285.5799866
6527	285.6000061
6528	285.6499939
6529	285.6199951
6530	285.6700134
6531	285.6199951
6532	285.6499939
6533	285.6499939
6534	285.6199951
6535	285.6900024
6536	285.6199951
6537	285.6000061
6538	285.6199951
6539	285.6700134
6540	285.6700134
6541	285.6700134
6542	285.5799866
6543	285.6199951
6544	285.6499939
6545	285.6499939
6546	285.7099915
6547	285.6199951
6548	285.6499939
6549	285.6499939
6550	285.7099915
6551	285.6900024
6552	285.6499939
6553	285.6700134
6554	285.7099915
6555	285.7099915
6556	285.6700134
6557	285.6499939
6558	285.769989
6559	285.769989
6560	285.7900085
6561	285.769989
6562	285.7900085
6563	285.730011
6564	285.730011
6565	285.730011
6566	285.730011
6567	285.769989
6568	285.75
6569	285.8099976
6570	285.769989
6571	285.7099915
6572	285.7099915
6573	285.6900024
6574	285.6700134
6575	285.769989
6576	285.7099915
6577	285.7099915
6578	285.730011
6579	285.730011
6580	285.6900024
6581	285.6700134
6582	285.6700134
6583	285.6700134
6584	285.6700134
6585	285.6199951
6586	285.6900024
6587	285.7099915
6588	285.730011
6589	285.6700134
6590	285.6700134
6591	285.769989
6592	285.730011
6593	285.730011
6594	285.730011
6595	285.6900024
6596	285.730011
6597	285.7900085
6598	285.730011
6599	285.75
6600	285.7099915
6601	285.7099915
6602	285.75
6603	285.6900024
6604	285.6900024
6605	285.769989
6606	285.7099915
6607	285.769989
6608	285.6900024
6609	285.6700134
6610	285.75
6611	285.75
6612	285.7900085
6613	285.8099976
6614	285.8299866
6615	285.730011
6616	285.75
6617	285.7900085
6618	285.7099915
6619	285.730011
6620	285.6900024
6621	285.6700134
6622	285.6700134
6623	285.6900024
6624	285.6499939
6625	285.6900024
6626	285.6700134
6627	285.7099915
6628	285.730011
6629	285.6700134
6630	285.6900024
6631	285.6900024
6632	285.6499939
6633	285.5599976
6634	285.6199951
6635	285.6499939
6636	285.6499939
6637	285.6700134
6638	285.730011
6639	285.75
6640	285.75
6641	285.6900024
6642	285.7099915
6643	285.7099915
6644	285.6900024
6645	285.7099915
6646	285.75
6647	285.6700134
6648	285.730011
6649	285.7099915
6650	285.7099915
6651	285.75
6652	285.8099976
6653	285.75
6654	285.730011