1	353.5999954
2	353.5000086
3	353.700012
4	353.7999988
5	353.8999856
6	353.700012
7	353.8999856
8	353.7999988
9	354.0000021
10	353.700012
11	353.700012
12	353.700012
13	353.700012
14	353.5999954
15	353.700012
16	353.5999954
17	353.5999954
18	353.700012
19	353.700012
20	353.700012
21	353.5000086
22	353.399992
23	353.700012
24	353.700012
25	353.700012
26	353.7999988
27	353.7999988
28	353.700012
29	353.5999954
30	353.7999988
31	353.700012
32	353.8999856
33	353.7999988
34	353.7999988
35	353.7999988
36	353.8999856
37	353.700012
38	354.0000021
39	353.700012
40	353.700012
41	353.5999954
42	352.8999984
43	353.5999954
44	353.5999954
45	353.5999954
46	352.1000147
47	353.5000086
48	353.5999954
49	353.700012
50	353.5999954
51	353.5000086
52	353.399992
53	353.5999954
54	353.5999954
55	353.700012
56	353.7999988
57	353.700012
58	353.700012
59	353.5999954
60	353.700012
61	353.700012
62	353.700012
63	353.700012
64	353.5999954
65	353.700012
66	353.5000086
67	353.5999954
68	353.5000086
69	353.399992
70	353.399992
71	353.399992
72	353.399992
73	353.399992
74	353.3000052
75	353.399992
76	353.399992
77	353.5000086
78	353.399992
79	353.5999954
80	353.5999954
81	353.700012
82	353.700012
83	353.8999856
84	353.8999856
85	353.700012
86	353.700012
87	353.700012
88	353.700012
89	353.5999954
90	353.399992
91	353.700012
92	353.5999954
93	353.399992
94	353.399992
95	353.700012
96	353.5999954
97	353.700012
98	354.0000021
99	354.2999923
100	354.4999957
101	354.9999893
102	355.1000059
103	355.1999927
104	355.1999927
105	355.5000126
106	356.2999964
107	357.1000099
108	357.6000035
109	358.2000136
110	358.799994
111	359.4999909
112	359.8000109
113	360.5000079
114	361.4000082
115	361.7999852
116	362.1000051
117	362.5999987
118	363.0000055
119	363.2000089
120	363.2999957
121	363.4000123
122	363.7000024
123	363.9000058
124	363.9999926
125	363.9999926
126	364.1000092
127	364.3000126
128	364.3000126
129	364.6000028
130	364.8000062
131	364.8000062
132	364.8000062
133	364.8000062
134	365.0000095
135	365.0000095
136	365.0000095
137	365.0000095
138	365.0000095
139	364.8999929
140	365.0000095
141	365.0999963
142	365.2999997
143	365.2999997
144	365.2999997
145	365.5000031
146	365.5000031
147	365.5999899
148	365.7000065
149	365.9000099
150	365.9000099
151	365.9999967
152	366.1000133
153	366.2999868
154	366.2
155	366.2
156	366.2999868
157	366.2999868
158	366.2
159	366.1000133
160	365.9999967
161	365.9000099
162	365.7999933
163	365.7999933
164	365.7999933
165	366.1000133
166	366.1000133
167	366.2
168	366.2
169	366.2
170	366.2
171	365.9999967
172	365.9000099
173	365.9000099
174	365.9000099
175	365.9000099
176	365.9000099
177	365.9000099
178	365.9000099
179	365.9000099
180	365.9000099
181	365.5999899
182	365.7999933
183	365.7999933
184	365.7999933
185	365.7000065
186	365.7000065
187	365.5999899
188	365.5999899
189	365.5999899
190	365.9999967
191	366.2
192	366.2999868
193	366.1000133
194	366.2
195	366.2999868
196	366.2999868
197	366.2999868
198	366.4999902
199	366.6000068
200	366.6000068
201	366.4999902
202	366.6000068
203	366.6000068
204	366.6000068
205	366.4999902
206	366.6000068
207	366.899997
208	366.899997
209	366.899997
210	366.899997
211	366.899997
212	366.8000102
213	366.6000068
214	366.4000034
215	366.4000034
216	366.1000133
217	365.9000099
218	365.9999967
219	365.9999967
220	365.9000099
221	366.1000133
222	366.1000133
223	366.2
224	366.2999868
225	366.6999936
226	366.6999936
227	366.8000102
228	366.8000102
229	366.8000102
230	366.6000068
231	366.6000068
232	366.6000068
233	366.6999936
234	366.8000102
235	366.6000068
236	366.4000034
237	366.2999868
238	366.2
239	366.2
240	366.6000068
241	366.4999902
242	366.6000068
243	366.6000068
244	366.4999902
245	366.6000068
246	366.4999902
247	366.6000068
248	366.899997
249	367.0000136
250	366.899997
251	367.0000136
252	367.1999872
253	367.1999872
254	367.1999872
255	367.3000038
256	367.3999906
257	367.3000038
258	367.1000004
259	367.0000136
260	366.8000102
261	366.6000068
262	366.6000068
263	366.4999902
264	366.6000068
265	366.6999936
266	367.0000136
267	367.1999872
268	367.1000004
269	367.1999872
270	367.1000004
271	367.0000136
272	366.8000102
273	366.899997
274	366.6000068
275	366.2
276	365.9999967
277	365.9000099
278	365.5999899
279	365.3999865
280	365.0000095
281	364.8999929
282	364.3999994
283	364.3999994
284	364.199996
285	363.7999892
286	363.2999957
287	362.1999919
288	361.2999916
289	358.799994
290	355.5000126
291	351.3000011
292	349.0000069
293	344.599992
294	340.6000137
295	337.0999992
296	335.5999887
297	333.2000077
298	331.4999938
299	330.5000067
300	330.1999867
301	329.6999931
302	329.8999965
303	330.5999935
304	331.0000002
305	331.9000006
306	333.2000077
307	333.6000144
308	334.6999884
309	335.7000053
310	336.8999958
311	337.3000026
312	338.2000029
313	339.19999
314	340.2999938
315	340.9000039
316	341.8000042
317	342.599988
318	343.3000147
319	343.6999917
320	344.3999887
321	344.9999988
322	345.4999924
323	345.6999958
324	346.1999893
325	346.5999961
326	346.7000127
327	347.0000029
328	347.4999964
329	347.6999998
330	347.9000032
331	347.99999
332	348.30001
333	348.5000134
334	348.5000134
335	348.8999903
336	349.2000103
337	349.4000137
338	349.5999873
339	349.7999907
340	350.1000106
341	350.300014
342	350.300014
343	350.6000042
344	350.8000076
345	350.699991
346	350.8000076
347	350.8000076
348	350.8999944
349	351.000011
350	351.0999978
351	351.0999978
352	351.3999879
353	351.3999879
354	351.5000045
355	351.7999947
356	351.7999947
357	351.7999947
358	351.7999947
359	351.9999981
360	351.9000113
361	351.9999981
362	352.1000147
363	352.2999883
364	352.2999883
365	352.2999883
366	352.4000049
367	352.699995
368	352.4999917
369	352.4999917
370	352.6000082
371	352.6000082
372	352.699995
373	352.699995
374	352.699995
375	352.699995
376	352.699995
377	352.6000082
378	352.699995
379	352.699995
380	352.699995
381	352.699995
382	352.699995
383	352.6000082
384	352.699995
385	352.4000049
386	352.4999917
387	352.6000082
388	352.6000082
389	352.6000082
390	352.699995
391	352.699995
392	352.8999984
393	352.8999984
394	352.9999852
395	353.1000018
396	353.1999886
397	353.1000018
398	352.9999852
399	353.1000018
400	352.9999852
401	352.9999852
402	353.1000018
403	353.1999886
404	353.3000052
405	353.399992
406	353.3000052
407	353.399992
408	353.399992
409	353.5000086
410	353.5000086
411	353.5999954
412	353.7999988
413	353.7999988
414	353.7999988
415	353.7999988
416	353.8999856
417	354.0000021
418	354.0000021
419	354.0000021
420	354.0999889
421	354.0000021
422	354.0000021
423	354.0000021
424	354.0000021
425	354.0999889
426	354.0000021
427	354.0000021
428	354.0999889
429	354.0000021
430	354.0999889
431	354.2000055
432	354.0999889
433	354.2999923
434	354.2999923
435	354.4999957
436	354.4000089
437	354.6000123
438	354.4999957
439	354.4000089
440	354.4999957
441	354.4000089
442	354.4999957
443	354.6000123
444	354.6999991
445	354.4999957
446	354.6999991
447	354.6999991
448	354.6000123
449	354.4000089
450	354.4999957
451	354.4999957
452	354.2999923
453	354.4000089
454	354.4999957
455	354.4999957
456	354.4000089
457	354.4999957
458	354.6000123
459	354.4999957
460	354.2999923
461	354.2999923
462	354.2999923
463	354.2999923
464	354.2999923
465	354.2999923
466	354.2999923
467	354.6999991
468	354.6999991
469	354.6999991
470	354.4999957
471	352.8999984
472	352.8000116
473	352.8000116
474	352.9999852
475	352.9999852
476	352.9999852
477	352.8999984
478	353.1000018
479	353.1999886
480	353.1999886
481	353.3000052
482	353.3000052
483	353.3000052
484	353.399992
485	353.399992
486	353.399992
487	353.399992
488	353.3000052
489	353.399992
490	353.399992
491	353.399992
492	353.3000052
493	353.1000018
494	353.3000052
495	353.3000052
496	352.9999852
497	353.1000018
498	352.9999852
499	352.9999852
500	352.9999852
501	352.8000116
502	352.9999852
503	352.9999852
504	352.9999852
505	352.9999852
506	352.9999852
507	352.9999852
508	352.9999852
509	353.1000018
510	352.8999984
511	352.9999852
512	352.9999852
513	352.8999984
514	352.8999984
515	352.6000082
516	352.699995
517	352.699995
518	352.699995
519	352.4000049
520	352.4000049
521	352.4000049
522	352.4000049
523	352.4000049
524	352.4000049
525	352.4000049
526	352.6000082
527	352.4999917
528	352.6000082
529	352.4999917
530	352.4999917
531	352.699995
532	352.699995
533	352.699995
534	352.699995
535	352.699995
536	352.699995
537	352.8000116
538	352.699995
539	352.699995
540	352.8999984
541	352.8000116
542	352.699995
543	352.4999917
544	352.699995
545	352.699995
546	352.6000082
547	352.699995
548	352.699995
549	352.4000049
550	352.4000049
551	352.4999917
552	352.4000049
553	352.2000015
554	352.4000049
555	352.4000049
556	352.1000147
557	352.1000147
558	352.2999883
559	352.4000049
560	352.2999883
561	352.2000015
562	352.4000049
563	352.4000049
564	352.4000049
565	352.4999917
566	352.6000082
567	352.6000082
568	352.4999917
569	352.6000082
570	352.699995
571	352.6000082
572	352.4999917
573	352.4999917
574	352.4999917
575	352.4000049
576	352.4000049
577	352.6000082
578	352.4000049
579	352.4999917
580	352.699995
581	353.1999886
582	353.399992
583	353.7999988
584	354.0000021
585	354.2999923
586	354.2000055
587	353.8999856
588	354.0000021
589	354.2999923
590	354.9000025
591	356.0000062
592	356.9999933
593	357.8999937
594	358.5999906
595	359.8000109
596	360.5000079
597	360.799998
598	361.2000048
599	361.6999984
600	362.1000051
601	362.3000085
602	362.6999855
603	363.2999957
604	363.7000024
605	363.7000024
606	363.7000024
607	363.7000024
608	363.7000024
609	363.7000024
610	363.9000058
611	364.199996
612	364.3999994
613	364.3999994
614	364.6000028
615	365.0000095
616	365.0999963
617	365.0999963
618	365.0999963
619	365.2999997
620	365.5000031
621	365.5000031
622	365.3999865
623	365.2999997
624	365.2000129
625	365.2999997
626	365.0000095
627	365.0000095
628	365.0000095
629	364.8000062
630	364.8999929
631	365.0000095
632	365.0000095
633	365.2000129
634	365.2999997
635	365.3999865
636	365.5000031
637	365.5000031
638	365.3999865
639	365.2999997
640	365.2000129
641	365.0999963
642	365.0999963
643	365.2000129
644	365.2999997
645	365.0999963
646	365.2999997
647	365.2999997
648	365.3999865
649	365.5000031
650	365.7000065
651	365.7000065
652	365.5999899
653	365.2999997
654	365.2000129
655	365.2000129
656	365.2000129
657	365.0999963
658	365.5000031
659	365.5999899
660	365.5999899
661	365.5999899
662	365.5000031
663	365.3999865
664	365.2999997
665	365.3999865
666	365.3999865
667	365.5000031
668	365.5000031
669	365.5999899
670	365.5999899
671	365.3999865
672	365.3999865
673	365.0999963
674	365.0000095
675	364.8000062
676	364.8999929
677	364.8999929
678	364.8000062
679	365.0000095
680	365.0000095
681	364.8000062
682	364.8000062
683	364.8999929
684	365.0000095
685	364.8999929
686	365.0000095
687	365.0000095
688	364.8000062
689	364.8999929
690	364.6999896
691	364.4999862
692	364.6000028
693	364.6000028
694	364.4999862
695	364.6000028
696	364.4999862
697	364.6000028
698	364.199996
699	364.199996
700	363.9999926
701	363.9999926
702	364.1000092
703	364.3999994
704	364.6000028
705	364.4999862
706	364.8000062
707	365.0000095
708	365.0999963
709	365.2000129
710	365.2000129
711	365.0000095
712	365.0000095
713	365.0000095
714	365.2000129
715	365.0999963
716	365.0999963
717	364.8999929
718	364.6000028
719	364.3000126
720	364.199996
721	364.1000092
722	364.3000126
723	364.3999994
724	364.3000126
725	364.4999862
726	364.6000028
727	364.8000062
728	364.6999896
729	364.8999929
730	365.0000095
731	365.0000095
732	365.0000095
733	365.0000095
734	365.0000095
735	365.0999963
736	365.0000095
737	365.0000095
738	365.0000095
739	365.0000095
740	364.6000028
741	364.6000028
742	364.8000062
743	364.8000062
744	364.6999896
745	364.6000028
746	364.4999862
747	364.3000126
748	364.3000126
749	364.3999994
750	364.8999929
751	365.2999997
752	364.6000028
753	364.6000028
754	364.6000028
755	364.4999862
756	364.3000126
757	364.3000126
758	363.9999926
759	363.9999926
760	363.7000024
761	363.7000024
762	363.5999858
763	363.2999957
764	363.0000055
765	363.0000055
766	362.6999855
767	362.3999953
768	361.499995
769	359.8000109
770	358.5000038
771	355.1999927
772	351.0999978
773	346.5000093
774	344.1999853
775	339.5999968
776	335.7000053
777	332.7000141
778	331.4999938
779	329.6000063
780	328.5999894
781	328.399986
782	328.2999992
783	328.7999928
784	329.4999897
785	330.0000131
786	331.099987
787	332.3999941
788	333.4000111
789	334.100008
790	335.2999985
791	336.499989
792	337.5999928
793	338.4000063
794	339.19999
795	340.0999904
796	340.9000039
797	341.3999975
798	342.0999944
799	342.4000144
800	343.1000113
801	343.4000015
802	343.8999951
803	344.3000019
804	344.599992
805	344.9999988
806	345.2000022
807	345.8999991
808	345.8000124
809	345.9999859
810	346.1000025
811	346.3000059
812	346.3999927
813	346.7000127
814	346.7999995
815	347.2000062
816	347.0000029
817	347.299993
818	347.4999964
819	347.600013
820	347.600013
821	347.9000032
822	347.9000032
823	347.9000032
824	347.99999
825	348.1999934
826	348.1999934
827	348.1999934
828	348.5000134
829	348.3999968
830	348.6000001
831	348.8000035
832	349.0999937
833	349.0999937
834	349.0000069
835	349.2000103
836	349.0999937
837	349.2000103
838	349.2000103
839	349.2000103
840	349.4000137
841	349.2999971
842	349.4000137
843	349.2999971
844	349.5000005
845	349.5000005
846	349.4000137
847	349.4000137
848	349.5000005
849	349.5000005
850	349.5000005
851	349.7999907
852	350.1000106
853	350.1000106
854	350.1999974
855	350.4000008
856	350.4999876
857	350.699991
858	350.6000042
859	350.8000076
860	350.8000076
861	350.8999944
862	351.0999978
863	350.8999944
864	350.8999944
865	351.0999978
866	351.0999978
867	351.0999978
868	351.3999879
869	351.3999879
870	351.2000144
871	351.5000045
872	351.3000011
873	351.3000011
874	351.3999879
875	351.3000011
876	351.3999879
877	351.3999879
878	351.2000144
879	351.2000144
880	351.3000011
881	351.3000011
882	351.2000144
883	351.2000144
884	351.3000011
885	351.3999879
886	351.3999879
887	351.3999879
888	351.3000011
889	351.3000011
890	351.2000144
891	351.3000011
892	351.0999978
893	351.2000144
894	351.2000144
895	351.2000144
896	351.2000144
897	351.2000144
898	351.3000011
899	351.0999978
900	351.0999978
901	351.3000011
902	351.3999879
903	351.2000144
904	351.3000011
905	351.3999879
906	351.3999879
907	351.3999879
908	351.3000011
909	351.2000144
910	351.3999879
911	351.2000144
912	351.0999978
913	351.2000144
914	351.0999978
915	351.0999978
916	351.000011
917	351.3000011
918	351.0999978
919	351.0999978
920	351.0999978
921	351.3000011
922	351.0999978
923	351.000011
924	351.0999978
925	351.0999978
926	350.8999944
927	351.000011
928	351.0999978
929	351.3000011
930	351.0999978
931	351.2000144
932	351.2000144
933	351.3999879
934	351.0999978
935	351.0999978
936	351.3000011
937	351.3000011
938	351.3999879
939	351.3000011
940	351.3999879
941	351.3000011
942	351.3999879
943	351.3999879
944	351.5000045
945	351.2000144
946	351.0999978
947	351.2000144
948	351.2000144
949	351.2000144
950	351.3000011
951	351.0999978
952	351.3999879
953	351.3000011
954	351.2000144
955	351.0999978
956	351.2000144
957	351.2000144
958	351.0999978
959	351.0999978
960	351.3000011
961	351.0999978
962	351.0999978
963	351.0999978
964	351.2000144
965	351.0999978
966	351.0999978
967	351.2000144
968	351.0999978
969	351.2000144
970	351.0999978
971	351.3000011
972	351.0999978
973	351.2000144
974	351.2000144
975	351.0999978
976	351.0999978
977	351.0999978
978	351.0999978
979	351.3000011
980	351.2000144
981	351.2000144
982	351.0999978
983	351.0999978
984	351.2000144
985	351.0999978
986	351.0999978
987	351.2000144
988	351.3000011
989	351.0999978
990	351.3000011
991	351.2000144
992	351.2000144
993	351.3000011
994	351.2000144
995	351.0999978
996	351.3000011
997	351.3000011
998	351.3000011
999	351.0999978
1000	351.3999879
1001	351.3000011
1002	351.3000011
1003	351.2000144
1004	351.3999879
1005	351.3000011
1006	351.3999879
1007	351.3000011
1008	351.2000144
1009	351.3000011
1010	351.3999879
1011	351.3999879
1012	351.3999879
1013	351.3999879
1014	351.3000011
1015	351.3999879
1016	351.3999879
1017	351.0999978
1018	351.0999978
1019	351.2000144
1020	351.0999978
1021	351.000011
1022	351.000011
1023	351.0999978
1024	350.8999944
1025	350.8999944
1026	351.000011
1027	351.000011
1028	351.000011
1029	350.8000076
1030	351.000011
1031	351.0999978
1032	351.2000144
1033	351.2000144
1034	351.3000011
1035	351.0999978
1036	351.0999978
1037	351.0999978
1038	351.0999978
1039	351.3000011
1040	351.2000144
1041	351.0999978
1042	351.2000144
1043	351.2000144
1044	351.0999978
1045	350.8999944
1046	351.000011
1047	351.0999978
1048	350.8999944
1049	351.0999978
1050	351.0999978
1051	351.3000011
1052	351.0999978
1053	351.3000011
1054	351.3999879
1055	351.3999879
1056	351.7000079
1057	351.7000079
1058	351.7000079
1059	352.1000147
1060	352.4000049
1061	352.8000116
1062	353.399992
1063	354.4000089
1064	355.3000093
1065	355.5999994
1066	356.7000031
1067	357.6000035
1068	358.2000136
1069	358.3999872
1070	358.9999974
1071	359.2999876
1072	358.3000004
1073	358.0000103
1074	358.0000103
1075	358.3999872
1076	359.100014
1077	359.2000008
1078	359.8000109
1079	360.3000045
1080	360.3999913
1081	360.5999947
1082	361.0999882
1083	361.6000116
1084	361.6999984
1085	362.1000051
1086	362.5000119
1087	362.6999855
1088	362.8000021
1089	363.0000055
1090	363.0000055
1091	363.0000055
1092	363.0999923
1093	363.2999957
1094	363.0000055
1095	362.5999987
1096	362.3999953
1097	362.3999953
1098	362.5000119
1099	362.8000021
1100	363.0000055
1101	363.2000089
1102	363.0000055
1103	363.2999957
1104	363.2999957
1105	363.5999858
1106	363.499999
1107	363.7000024
1108	363.2999957
1109	363.2000089
1110	363.0000055
1111	363.4000123
1112	363.4000123
1113	363.499999
1114	363.2999957
1115	363.2999957
1116	363.2999957
1117	363.2999957
1118	363.0000055
1119	363.2000089
1120	363.5999858
1121	363.7000024
1122	363.7000024
1123	363.7000024
1124	363.5999858
1125	363.5999858
1126	363.2999957
1127	363.0000055
1128	363.0000055
1129	363.0999923
1130	364.6999896
1131	363.2999957
1132	363.4000123
1133	363.499999
1134	363.5999858
1135	363.499999
1136	363.7999892
1137	363.9000058
1138	363.9999926
1139	363.9999926
1140	364.199996
1141	364.199996
1142	363.9999926
1143	364.3000126
1144	364.199996
1145	364.3000126
1146	364.4999862
1147	364.6999896
1148	364.6000028
1149	364.4999862
1150	364.3999994
1151	364.3999994
1152	364.3000126
1153	364.199996
1154	364.3000126
1155	363.9999926
1156	364.3000126
1157	364.1000092
1158	364.199996
1159	364.1000092
1160	363.7999892
1161	363.7000024
1162	363.7999892
1163	363.7999892
1164	363.499999
1165	363.7000024
1166	363.7999892
1167	363.7000024
1168	363.7000024
1169	363.7000024
1170	363.7999892
1171	363.9999926
1172	364.1000092
1173	363.9999926
1174	364.3000126
1175	364.6000028
1176	364.4999862
1177	364.4999862
1178	364.6999896
1179	364.6000028
1180	364.6999896
1181	364.6000028
1182	364.8000062
1183	364.6000028
1184	364.6000028
1185	364.6000028
1186	364.6999896
1187	364.8999929
1188	364.8999929
1189	365.0000095
1190	364.8999929
1191	365.0000095
1192	364.8000062
1193	364.4999862
1194	364.3999994
1195	364.3000126
1196	364.3000126
1197	364.4999862
1198	364.3999994
1199	364.3999994
1200	364.1000092
1201	363.9000058
1202	363.9000058
1203	363.7999892
1204	363.7000024
1205	363.2999957
1206	363.7000024
1207	363.7999892
1208	363.7999892
1209	363.7999892
1210	363.4000123
1211	363.2999957
1212	363.4000123
1213	363.2000089
1214	363.0999923
1215	363.0999923
1216	363.2999957
1217	363.2999957
1218	363.7000024
1219	363.7000024
1220	363.7999892
1221	363.7999892
1222	363.9999926
1223	363.9999926
1224	364.1000092
1225	363.7999892
1226	363.7000024
1227	363.499999
1228	363.0000055
1229	362.8000021
1230	363.0000055
1231	362.8000021
1232	362.8999889
1233	362.6999855
1234	362.5000119
1235	362.6999855
1236	362.5000119
1237	362.1999919
1238	362.1000051
1239	362.1000051
1240	360.799998
1241	359.8000109
1242	356.9999933
1243	353.5000086
1244	349.0000069
1245	346.7999995
1246	341.8000042
1247	336.8999958
1248	332.5000107
1249	331.0000002
1250	328.2999992
1251	326.4000118
1252	325.8000016
1253	325.7000148
1254	325.7000148
1255	326.4000118
1256	327.3999989
1257	327.8999925
1258	329.1999996
1259	330.7000101
1260	331.9999874
1261	332.5999975
1262	334.100008
1263	335.0000083
1264	335.7000053
1265	336.8999958
1266	337.9000127
1267	338.8999999
1268	339.3000066
1269	340.200007
1270	340.7000005
1271	341.3000107
1272	341.5000141
1273	342.200011
1274	342.7000046
1275	343.1000113
1276	343.1999981
1277	343.6000049
1278	343.8000083
1279	344.0000117
1280	344.3000019
1281	344.7000086
1282	344.900012
1283	345.0999856
1284	345.2000022
1285	345.600009
1286	345.6999958
1287	345.8000124
1288	346.1999893
1289	346.3000059
1290	346.5000093
1291	346.5000093
1292	346.5999961
1293	346.5999961
1294	346.5999961
1295	346.7000127
1296	346.5999961
1297	346.5000093
1298	346.5000093
1299	346.3999927
1300	346.5000093
1301	346.5999961
1302	346.7999995
1303	346.7999995
1304	346.8999863
1305	346.8999863
1306	347.0000029
1307	347.0000029
1308	347.2000062
1309	346.8999863
1310	347.2000062
1311	347.4000096
1312	347.299993
1313	347.299993
1314	347.299993
1315	347.4000096
1316	347.600013
1317	347.4999964
1318	347.600013
1319	347.4999964
1320	347.7999866
1321	347.600013
1322	347.600013
1323	347.600013
1324	347.4000096
1325	347.600013
1326	347.4999964
1327	347.600013
1328	347.600013
1329	347.600013
1330	347.600013
1331	347.6999998
1332	347.600013
1333	347.4999964
1334	347.6999998
1335	347.6999998
1336	347.7999866
1337	347.6999998
1338	347.6999998
1339	347.600013
1340	347.6999998
1341	347.7999866
1342	347.600013
1343	347.600013
1344	347.600013
1345	347.6999998
1346	347.6999998
1347	347.9000032
1348	347.99999
1349	347.9000032
1350	348.1000066
1351	348.1999934
1352	348.1000066
1353	348.1999934
1354	348.1999934
1355	348.5000134
1356	348.6000001
1357	348.6000001
1358	348.8000035
1359	348.6999869
1360	348.6000001
1361	348.8000035
1362	348.6999869
1363	348.8999903
1364	348.8999903
1365	348.8999903
1366	349.0000069
1367	349.0000069
1368	349.0000069
1369	349.0999937
1370	349.0000069
1371	349.2000103
1372	349.2000103
1373	349.0999937
1374	349.0000069
1375	349.0999937
1376	349.2000103
1377	349.2000103
1378	349.4000137
1379	349.5000005
1380	349.2999971
1381	349.2999971
1382	349.4000137
1383	349.5000005
1384	349.5000005
1385	349.5000005
1386	349.5000005
1387	349.7999907
1388	349.7000039
1389	349.7000039
1390	349.7999907
1391	349.7999907
1392	349.7000039
1393	349.9000072
1394	349.7999907
1395	349.7999907
1396	350.1000106
1397	349.9000072
1398	349.9000072
1399	350.1000106
1400	349.9000072
1401	349.999994
1402	349.999994
1403	349.7999907
1404	350.1000106
1405	349.9000072
1406	349.9000072
1407	349.999994
1408	349.999994
1409	350.1000106
1410	350.1999974
1411	350.1999974
1412	350.1999974
1413	350.4000008
1414	350.1999974
1415	350.4999876
1416	350.4000008
1417	350.4000008
1418	350.4000008
1419	350.6000042
1420	350.4999876
1421	350.4999876
1422	350.699991
1423	350.4999876
1424	350.4999876
1425	350.4999876
1426	350.4999876
1427	350.4999876
1428	350.4999876
1429	350.4999876
1430	350.699991
1431	350.8000076
1432	350.8000076
1433	350.699991
1434	350.8000076
1435	350.6000042
1436	350.699991
1437	350.8999944
1438	350.8000076
1439	350.8000076
1440	350.8000076
1441	350.8000076
1442	350.8000076
1443	350.699991
1444	350.699991
1445	350.8000076
1446	350.8000076
1447	350.4999876
1448	350.699991
1449	350.8000076
1450	350.8000076
1451	350.6000042
1452	350.8000076
1453	350.699991
1454	350.8000076
1455	350.8000076
1456	350.8000076
1457	350.6000042
1458	350.6000042
1459	350.699991
1460	350.8000076
1461	350.8000076
1462	350.8000076
1463	350.699991
1464	350.8000076
1465	351.000011
1466	350.699991
1467	350.699991
1468	350.8999944
1469	350.6000042
1470	350.6000042
1471	350.699991
1472	350.699991
1473	350.8000076
1474	350.699991
1475	350.699991
1476	350.8000076
1477	350.6000042
1478	350.6000042
1479	350.699991
1480	350.699991
1481	350.4999876
1482	350.699991
1483	350.4999876
1484	350.6000042
1485	350.6000042
1486	350.699991
1487	350.8000076
1488	350.8000076
1489	350.699991
1490	350.699991
1491	350.8000076
1492	350.8000076
1493	350.8000076
1494	350.6000042
1495	350.4999876
1496	350.699991
1497	350.6000042
1498	350.6000042
1499	350.6000042
1500	350.699991
1501	350.4999876
1502	350.4999876
1503	350.6000042
1504	350.4000008
1505	350.6000042
1506	350.4999876
1507	350.6000042
1508	350.4999876
1509	350.4999876
1510	350.4999876
1511	350.4999876
1512	350.6000042
1513	350.699991
1514	350.6000042
1515	350.4999876
1516	350.6000042
1517	350.699991
1518	350.6000042
1519	350.4999876
1520	350.4999876
1521	350.4000008
1522	350.6000042
1523	350.8000076
1524	350.8000076
1525	350.8000076
1526	350.4000008
1527	349.2999971
1528	349.0999937
1529	349.0999937
1530	349.4000137
1531	349.5000005
1532	349.7999907
1533	350.1000106
1534	350.4999876
1535	351.0999978
1536	352.1000147
1537	352.4999917
1538	353.399992
1539	354.2999923
1540	354.9999893
1541	355.8999896
1542	356.5999866
1543	357.4000001
1544	357.8999937
1545	358.2000136
1546	358.799994
1547	359.2000008
1548	359.2999876
1549	360.0000143
1550	360.3999913
1551	360.799998
1552	361.2000048
1553	361.0999882
1554	361.4000082
1555	361.6999984
1556	361.6999984
1557	361.6999984
1558	361.9000018
1559	361.9999886
1560	361.9999886
1561	362.1999919
1562	362.1999919
1563	362.1000051
1564	362.1000051
1565	362.1999919
1566	362.3000085
1567	362.3999953
1568	362.3999953
1569	362.5000119
1570	362.5999987
1571	362.5999987
1572	363.0000055
1573	363.2999957
1574	363.2999957
1575	363.2000089
1576	363.0000055
1577	363.0000055
1578	362.8000021
1579	362.5999987
1580	362.6999855
1581	362.6999855
1582	362.8000021
1583	362.8999889
1584	362.8999889
1585	362.8999889
1586	363.0000055
1587	363.0000055
1588	362.6999855
1589	362.3999953
1590	362.3999953
1591	362.1000051
1592	362.1000051
1593	362.1999919
1594	362.3000085
1595	362.3000085
1596	361.9999886
1597	361.9999886
1598	362.1000051
1599	362.1000051
1600	362.1999919
1601	362.3999953
1602	362.1000051
1603	362.3999953
1604	362.3999953
1605	362.3000085
1606	362.1999919
1607	362.1000051
1608	362.3000085
1609	362.3999953
1610	362.5000119
1611	362.6999855
1612	362.3999953
1613	362.5000119
1614	362.3999953
1615	362.5000119
1616	362.3999953
1617	362.5000119
1618	362.5999987
1619	362.8999889
1620	363.0000055
1621	363.0000055
1622	363.2000089
1623	363.0000055
1624	362.8000021
1625	362.6999855
1626	362.6999855
1627	362.8000021
1628	362.8999889
1629	362.6999855
1630	362.5999987
1631	362.3999953
1632	362.5000119
1633	362.3999953
1634	362.5000119
1635	362.6999855
1636	362.6999855
1637	362.6999855
1638	362.6999855
1639	362.5000119
1640	362.5999987
1641	362.6999855
1642	362.8000021
1643	363.0000055
1644	363.2000089
1645	363.0999923
1646	363.0000055
1647	362.8999889
1648	363.0000055
1649	363.0999923
1650	363.0999923
1651	363.0000055
1652	363.0000055
1653	362.8999889
1654	362.8999889
1655	362.6999855
1656	362.5000119
1657	362.3999953
1658	362.3999953
1659	362.3999953
1660	362.3999953
1661	362.5000119
1662	362.6999855
1663	362.6999855
1664	362.5999987
1665	362.3999953
1666	362.1999919
1667	362.3000085
1668	362.3999953
1669	362.5000119
1670	362.5999987
1671	362.6999855
1672	362.8000021
1673	362.6999855
1674	362.3999953
1675	362.3999953
1676	362.1999919
1677	362.3000085
1678	362.3999953
1679	362.5000119
1680	362.6999855
1681	362.8999889
1682	363.0999923
1683	363.0000055
1684	363.0000055
1685	362.8000021
1686	362.8000021
1687	362.6999855
1688	362.6999855
1689	362.6999855
1690	362.3999953
1691	362.1999919
1692	362.1999919
1693	362.1999919
1694	362.3999953
1695	362.1999919
1696	361.9000018
1697	361.9000018
1698	361.9000018
1699	361.9000018
1700	362.1000051
1701	361.9999886
1702	361.6999984
1703	361.499995
1704	361.4000082
1705	361.4000082
1706	361.2000048
1707	361.0999882
1708	361.0000014
1709	360.799998
1710	360.799998
1711	360.5999947
1712	360.3999913
1713	360.1000011
1714	358.9999974
1715	356.9999933
1716	354.0000021
1717	352.1000147
1718	347.299993
1719	341.8000042
1720	336.6000056
1721	334.3999982
1722	329.8999965
1723	327.1000087
1724	325.8000016
1725	324.0999877
1726	323.3999908
1727	323.3999908
1728	323.5999942
1729	324.4000077
1730	325.5999982
1731	326.7999887
1732	327.6000023
1733	328.9999962
1734	330.5000067
1735	331.8000138
1736	332.8000009
1737	334.100008
1738	335.2000117
1739	336.1000121
1740	336.499989
1741	337.199986
1742	337.9999995
1743	338.8999999
1744	339.19999
1745	339.899987
1746	340.4999971
1747	340.7000005
1748	341.3000107
1749	341.6000009
1750	341.8000042
1751	342.0999944
1752	342.4000144
1753	342.7000046
1754	343.1000113
1755	343.4000015
1756	343.8000083
1757	344.0000117
1758	344.3999887
1759	344.5000052
1760	344.7000086
1761	344.599992
1762	344.7000086
1763	344.7999954
1764	344.9999988
1765	345.0999856
1766	345.4000056
1767	345.4999924
1768	345.4999924
1769	345.600009
1770	345.6999958
1771	345.8999991
1772	345.8000124
1773	345.6999958
1774	345.8999991
1775	345.9999859
1776	346.1999893
1777	346.1999893
1778	346.3000059
1779	346.3000059
1780	346.3999927
1781	346.5999961
1782	346.5000093
1783	346.5000093
1784	346.5999961
1785	346.8999863
1786	346.8999863
1787	347.2000062
1788	347.299993
1789	347.299993
1790	347.4000096
1791	347.600013
1792	347.6999998
1793	347.600013
1794	347.6999998
1795	347.6999998
1796	347.7999866
1797	347.7999866
1798	347.9000032
1799	347.7999866
1800	348.1999934
1801	347.99999
1802	347.9000032
1803	348.1000066
1804	348.1999934
1805	348.1999934
1806	348.1999934
1807	348.3999968
1808	348.5000134
1809	348.5000134
1810	348.6000001
1811	348.6999869
1812	348.6000001
1813	348.6000001
1814	348.6999869
1815	349.0000069
1816	348.8999903
1817	349.0000069
1818	349.0999937
1819	348.8999903
1820	349.0999937
1821	349.2000103
1822	349.2000103
1823	349.2000103
1824	349.2000103
1825	349.5000005
1826	349.2999971
1827	349.2999971
1828	349.2999971
1829	349.2999971
1830	349.2000103
1831	349.2000103
1832	349.2000103
1833	349.2000103
1834	349.4000137
1835	349.4000137
1836	349.5000005
1837	349.5999873
1838	349.7999907
1839	349.7000039
1840	349.7999907
1841	349.5999873
1842	349.5999873
1843	349.5999873
1844	349.5000005
1845	349.7000039
1846	349.5999873
1847	349.7999907
1848	349.5999873
1849	349.5000005
1850	349.5999873
1851	349.5000005
1852	349.4000137
1853	349.5000005
1854	349.5999873
1855	349.7000039
1856	349.7999907
1857	349.7999907
1858	349.999994
1859	350.1000106
1860	350.300014
1861	350.4999876
1862	350.4999876
1863	350.699991
1864	350.699991
1865	350.8000076
1866	350.8000076
1867	350.699991
1868	350.8000076
1869	350.4999876
1870	350.4999876
1871	350.4999876
1872	350.4999876
1873	350.300014
1874	350.300014
1875	350.4000008
1876	350.4000008
1877	350.4999876
1878	350.4000008
1879	350.4999876
1880	350.4999876
1881	350.300014
1882	350.300014
1883	350.6000042
1884	350.4999876
1885	350.4999876
1886	350.300014
1887	350.4000008
1888	350.4999876
1889	350.4000008
1890	350.4999876
1891	350.300014
1892	350.1999974
1893	350.4999876
1894	350.4000008
1895	350.4000008
1896	350.6000042
1897	350.4999876
1898	350.6000042
1899	350.4999876
1900	350.4999876
1901	350.4999876
1902	350.4000008
1903	350.699991
1904	350.699991
1905	350.6000042
1906	350.4999876
1907	350.8000076
1908	350.8000076
1909	350.8000076
1910	350.699991
1911	350.8999944
1912	350.8000076
1913	350.6000042
1914	350.8000076
1915	350.699991
1916	350.8000076
1917	350.6000042
1918	350.6000042
1919	350.699991
1920	350.6000042
1921	350.4999876
1922	350.4999876
1923	350.6000042
1924	350.699991
1925	350.6000042
1926	350.8000076
1927	350.8999944
1928	350.8999944
1929	350.8000076
1930	350.8999944
1931	350.8999944
1932	351.000011
1933	350.8999944
1934	350.8999944
1935	351.000011
1936	350.8999944
1937	350.8999944
1938	350.8999944
1939	351.000011
1940	350.8999944
1941	350.8000076
1942	351.000011
1943	351.000011
1944	351.2000144
1945	351.3000011
1946	351.0999978
1947	351.2000144
1948	351.3000011
1949	351.2000144
1950	351.2000144
1951	351.0999978
1952	351.3000011
1953	351.0999978
1954	351.2000144
1955	351.0999978
1956	351.0999978
1957	351.000011
1958	350.8000076
1959	350.8999944
1960	350.8000076
1961	350.8999944
1962	350.8000076
1963	350.8000076
1964	351.000011
1965	351.000011
1966	351.0999978
1967	351.0999978
1968	351.2000144
1969	351.2000144
1970	351.3999879
1971	351.2000144
1972	351.5000045
1973	351.3999879
1974	351.5000045
1975	351.3999879
1976	351.3000011
1977	351.3999879
1978	351.3999879
1979	351.3999879
1980	351.3999879
1981	351.3000011
1982	351.3999879
1983	351.3999879
1984	351.3999879
1985	351.3999879
1986	351.5000045
1987	351.5000045
1988	351.000011
1989	350.8000076
1990	350.4999876
1991	350.4999876
1992	350.1999974
1993	350.4999876
1994	350.4999876
1995	350.699991
1996	350.699991
1997	350.8000076
1998	350.8999944
1999	351.3000011
2000	351.3999879
2001	351.5000045
2002	351.7999947
2003	351.9999981
2004	351.7999947
2005	352.1000147
2006	352.2999883
2007	352.6000082
2008	352.9999852
2009	353.700012
2010	354.6999991
2011	355.5999994
2012	356.2000096
2013	357.3000133
2014	358.0000103
2015	358.799994
2016	359.2000008
2017	359.8000109
2018	360.5000079
2019	361.0000014
2020	361.2000048
2021	361.499995
2022	361.6000116
2023	361.6999984
2024	361.6999984
2025	361.9000018
2026	361.9999886
2027	361.9999886
2028	362.1000051
2029	362.3000085
2030	362.3999953
2031	362.3000085
2032	362.3999953
2033	362.6999855
2034	362.6999855
2035	362.5999987
2036	363.0000055
2037	363.2000089
2038	363.2999957
2039	363.499999
2040	363.2999957
2041	363.0999923
2042	363.0000055
2043	362.6999855
2044	362.5999987
2045	362.8000021
2046	362.8000021
2047	363.0000055
2048	363.0999923
2049	363.0999923
2050	363.0999923
2051	363.0999923
2052	363.2000089
2053	363.0999923
2054	363.2000089
2055	363.4000123
2056	363.5999858
2057	363.499999
2058	363.499999
2059	363.499999
2060	363.4000123
2061	363.499999
2062	363.5999858
2063	363.7999892
2064	363.7000024
2065	363.5999858
2066	363.499999
2067	363.5999858
2068	363.5999858
2069	363.2999957
2070	363.2999957
2071	363.4000123
2072	363.499999
2073	363.2999957
2074	363.2000089
2075	363.2000089
2076	363.2999957
2077	363.2999957
2078	363.0999923
2079	363.0999923
2080	363.0000055
2081	363.0000055
2082	362.8999889
2083	363.2000089
2084	363.2000089
2085	363.2999957
2086	363.0000055
2087	362.8000021
2088	362.5999987
2089	362.5999987
2090	362.6999855
2091	362.3999953
2092	362.1000051
2093	361.9999886
2094	362.1999919
2095	362.3999953
2096	362.1999919
2097	362.3999953
2098	362.6999855
2099	362.8999889
2100	362.6999855
2101	362.8000021
2102	363.0000055
2103	362.6999855
2104	362.6999855
2105	362.5000119
2106	362.5999987
2107	362.5000119
2108	362.5000119
2109	362.3999953
2110	362.5000119
2111	362.3000085
2112	362.3999953
2113	362.5999987
2114	362.6999855
2115	362.6999855
2116	362.6999855
2117	363.0000055
2118	363.0999923
2119	363.0999923
2120	362.8000021
2121	362.6999855
2122	362.6999855
2123	362.8000021
2124	362.8999889
2125	362.6999855
2126	362.3999953
2127	362.3000085
2128	362.5999987
2129	362.3999953
2130	362.3999953
2131	362.5999987
2132	362.6999855
2133	362.8000021
2134	363.0000055
2135	363.0000055
2136	363.0000055
2137	363.0999923
2138	362.8999889
2139	362.5999987
2140	362.3000085
2141	362.1000051
2142	362.1000051
2143	361.9999886
2144	362.1000051
2145	362.1000051
2146	362.1000051
2147	362.1000051
2148	362.3999953
2149	362.5000119
2150	362.5000119
2151	362.6999855
2152	362.6999855
2153	362.3000085
2154	362.1000051
2155	362.1000051
2156	362.1999919
2157	362.1000051
2158	362.3000085
2159	362.5999987
2160	362.6999855
2161	362.8999889
2162	362.8999889
2163	362.8999889
2164	363.0999923
2165	362.8999889
2166	362.6999855
2167	362.8000021
2168	362.6999855
2169	362.6999855
2170	362.6999855
2171	362.6999855
2172	362.5000119
2173	362.6999855
2174	362.5000119
2175	362.5000119
2176	362.3999953
2177	362.1999919
2178	362.1000051
2179	361.7999852
2180	361.6999984
2181	361.6999984
2182	361.499995
2183	361.6999984
2184	361.4000082
2185	361.0999882
2186	360.9000146
2187	359.8999977
2188	359.2999876
2189	358.0000103
2190	355.8999896
2191	351.7999947
2192	349.5000005
2193	344.7000086
2194	339.5999968
2195	335.0000083
2196	332.7000141
2197	329.1999996
2198	326.9999921
2199	325.3999949
2200	324.9999881
2201	324.4999945
2202	324.6999979
2203	325.5000114
2204	326.000005
2205	326.9999921
2206	328.5000026
2207	328.9999962
2208	330.3000033
2209	331.6999972
2210	332.8999877
2211	333.4000111
2212	334.6999884
2213	335.5999887
2214	336.6999924
2215	337.0000124
2216	337.9999995
2217	338.6999965
2218	339.50001
2219	339.8000002
2220	340.2999938
2221	340.7999873
2222	341.3999975
2223	341.5000141
2224	342.0999944
2225	342.7000046
2226	342.7999914
2227	343.1000113
2228	343.4999883
2229	343.8000083
2230	343.8999951
2231	343.8999951
2232	344.1999853
2233	344.5000052
2234	344.3999887
2235	344.599992
2236	344.900012
2237	344.7999954
2238	344.900012
2239	344.9999988
2240	345.0999856
2241	344.9999988
2242	345.299989
2243	345.4999924
2244	345.600009
2245	345.6999958
2246	345.8999991
2247	346.1999893
2248	346.3000059
2249	346.5000093
2250	346.5999961
2251	346.8999863
2252	347.0000029
2253	347.0999897
2254	347.2000062
2255	347.2000062
2256	347.4000096
2257	347.4999964
2258	347.600013
2259	347.9000032
2260	347.9000032
2261	347.9000032
2262	348.1999934
2263	348.30001
2264	348.1000066
2265	348.1999934
2266	348.30001
2267	348.30001
2268	348.5000134
2269	348.3999968
2270	348.5000134
2271	348.3999968
2272	348.5000134
2273	348.3999968
2274	348.5000134
2275	348.6000001
2276	348.5000134
2277	348.5000134
2278	348.6000001
2279	348.6999869
2280	348.6000001
2281	348.6999869
2282	348.6000001
2283	348.8999903
2284	348.8000035
2285	348.8999903
2286	348.8999903
2287	349.0999937
2288	349.0999937
2289	349.4000137
2290	349.2999971
2291	349.4000137
2292	349.4000137
2293	349.4000137
2294	349.5000005
2295	349.5999873
2296	349.5000005
2297	349.5000005
2298	349.5000005
2299	349.7000039
2300	349.7000039
2301	349.7000039
2302	349.7999907
2303	349.7999907
2304	349.7999907
2305	349.7000039
2306	349.2000103
2307	348.5000134
2308	347.0999897
2309	346.7999995
2310	346.7999995
2311	347.2000062
2312	347.6999998
2313	348.30001
2314	349.0000069
2315	349.2000103
2316	349.5000005
2317	349.7999907
2318	350.1000106
2319	350.1999974
2320	350.4000008
2321	350.4000008
2322	350.4000008
2323	350.300014
2324	350.1999974
2325	350.300014
2326	350.300014
2327	350.4000008
2328	350.4999876
2329	350.6000042
2330	350.6000042
2331	350.699991
2332	350.8000076
2333	350.4999876
2334	350.699991
2335	350.8000076
2336	350.8000076
2337	350.8999944
2338	351.000011
2339	351.000011
2340	351.3000011
2341	351.2000144
2342	351.0999978
2343	351.3999879
2344	351.3999879
2345	351.3999879
2346	351.0999978
2347	351.3000011
2348	351.3000011
2349	351.2000144
2350	351.3000011
2351	351.2000144
2352	351.0999978
2353	351.2000144
2354	351.0999978
2355	351.2000144
2356	351.0999978
2357	351.0999978
2358	350.8999944
2359	350.8000076
2360	350.8999944
2361	351.000011
2362	350.8000076
2363	350.8999944
2364	350.8000076
2365	350.8000076
2366	351.2000144
2367	351.0999978
2368	351.0999978
2369	351.3999879
2370	351.5000045
2371	351.3000011
2372	351.2000144
2373	351.3999879
2374	351.3000011
2375	351.5999913
2376	351.5000045
2377	351.3999879
2378	351.3000011
2379	351.5000045
2380	351.3999879
2381	351.3000011
2382	351.3999879
2383	351.5999913
2384	351.3000011
2385	351.3999879
2386	351.3000011
2387	351.3999879
2388	351.3999879
2389	351.2000144
2390	351.5999913
2391	351.7999947
2392	351.7000079
2393	351.9000113
2394	352.2000015
2395	351.9999981
2396	352.1000147
2397	352.2000015
2398	352.2999883
2399	352.2000015
2400	352.1000147
2401	352.1000147
2402	352.2999883
2403	352.2000015
2404	352.1000147
2405	352.2000015
2406	351.9999981
2407	351.9999981
2408	351.9999981
2409	352.1000147
2410	351.9999981
2411	352.1000147
2412	351.7999947
2413	351.9000113
2414	351.9999981
2415	351.9999981
2416	352.1000147
2417	352.1000147
2418	352.1000147
2419	352.2000015
2420	352.2000015
2421	352.2000015
2422	352.2000015
2423	352.2999883
2424	352.4000049
2425	352.6000082
2426	352.4000049
2427	352.4000049
2428	352.4000049
2429	352.4999917
2430	352.4999917
2431	352.4000049
2432	352.4999917
2433	352.4000049
2434	352.4999917
2435	352.4999917
2436	352.6000082
2437	352.4000049
2438	352.4999917
2439	352.4000049
2440	352.4000049
2441	352.4000049
2442	352.699995
2443	352.6000082
2444	352.4000049
2445	352.6000082
2446	352.4000049
2447	352.4999917
2448	352.699995
2449	352.699995
2450	352.4000049
2451	352.4999917
2452	352.4000049
2453	352.4000049
2454	352.6000082
2455	352.4999917
2456	352.8000116
2457	352.699995
2458	352.6000082
2459	352.8000116
2460	352.699995
2461	352.699995
2462	352.8000116
2463	352.699995
2464	352.699995
2465	352.8999984
2466	352.9999852
2467	353.1999886
2468	353.1999886
2469	353.1000018
2470	353.399992
2471	353.399992
2472	353.399992
2473	353.7999988
2474	354.0000021
2475	354.2999923
2476	354.4000089
2477	354.6000123
2478	354.6999991
2479	354.9999893
2480	355.1999927
2481	355.8999896
2482	356.7000031
2483	357.1999967
2484	357.8000069
2485	358.2000136
2486	358.7000072
2487	358.7000072
2488	359.4000041
2489	359.6999943
2490	360.0000143
2491	360.3000045
2492	360.5999947
2493	361.0000014
2494	361.2999916
2495	361.0999882
2496	361.2000048
2497	361.2999916
2498	361.4000082
2499	361.6999984
2500	361.6999984
2501	361.9999886
2502	362.1000051
2503	362.1999919
2504	362.3999953
2505	362.1000051
2506	361.4000082
2507	360.9000146
2508	360.799998
2509	360.9000146
2510	360.9000146
2511	361.4000082
2512	361.4000082
2513	361.499995
2514	361.6000116
2515	361.4000082
2516	361.6999984
2517	361.6999984
2518	361.7999852
2519	361.7999852
2520	362.1000051
2521	361.9999886
2522	361.9999886
2523	362.1000051
2524	362.1000051
2525	361.7999852
2526	362.1000051
2527	362.1000051
2528	362.1000051
2529	362.3000085
2530	362.3999953
2531	362.3999953
2532	362.6999855
2533	362.5000119
2534	362.5999987
2535	362.5999987
2536	362.1999919
2537	362.5999987
2538	362.5000119
2539	362.5999987
2540	362.1000051
2541	362.3999953
2542	362.3999953
2543	362.1999919
2544	362.3000085
2545	362.1999919
2546	362.5999987
2547	363.0000055
2548	363.0000055
2549	362.8999889
2550	363.2000089
2551	363.2999957
2552	363.2000089
2553	363.2999957
2554	363.0999923
2555	363.0000055
2556	362.6999855
2557	362.8000021
2558	362.8000021
2559	363.0000055
2560	363.0000055
2561	363.0000055
2562	363.0000055
2563	362.8000021
2564	363.0000055
2565	363.0000055
2566	363.0999923
2567	363.4000123
2568	363.4000123
2569	363.7000024
2570	363.5999858
2571	363.5999858
2572	363.4000123
2573	363.5999858
2574	363.4000123
2575	363.499999
2576	363.2999957
2577	363.4000123
2578	363.0999923
2579	363.0999923
2580	363.0000055
2581	362.8999889
2582	362.6999855
2583	362.6999855
2584	362.6999855
2585	362.8000021
2586	362.8000021
2587	362.8000021
2588	362.8000021
2589	362.8000021
2590	362.6999855
2591	362.6999855
2592	362.3999953
2593	362.5000119
2594	362.3999953
2595	362.3999953
2596	362.6999855
2597	362.5999987
2598	362.8000021
2599	362.6999855
2600	362.6999855
2601	363.0000055
2602	363.0999923
2603	363.2999957
2604	363.2999957
2605	363.2999957
2606	363.5999858
2607	363.5999858
2608	363.7000024
2609	363.499999
2610	363.7000024
2611	363.7000024
2612	363.5999858
2613	362.5999987
2614	361.6999984
2615	360.3999913
2616	360.1000011
2617	360.1000011
2618	360.0000143
2619	360.3999913
2620	360.7000113
2621	360.9000146
2622	361.4000082
2623	361.6999984
2624	361.9000018
2625	362.1000051
2626	362.1000051
2627	361.9999886
2628	362.1000051
2629	362.1000051
2630	362.1999919
2631	362.3999953
2632	362.5000119
2633	362.8999889
2634	363.0000055
2635	363.2000089
2636	363.4000123
2637	363.4000123
2638	363.4000123
2639	363.7000024
2640	363.7000024
2641	363.7999892
2642	363.9999926
2643	364.199996
2644	364.3000126
2645	364.3000126
2646	364.3000126
2647	364.3999994
2648	363.9999926
2649	363.9000058
2650	363.5999858
2651	363.4000123
2652	363.2000089
2653	363.2999957
2654	363.2999957
2655	363.2999957
2656	363.2000089
2657	363.0000055
2658	362.8000021
2659	362.3000085
2660	361.7999852
2661	360.1000011
2662	357.1000099
2663	352.4999917
2664	349.7999907
2665	344.0999985
2666	338.6999965
2667	336.2999856
2668	332.100004
2669	329.1000128
2670	327.6000023
2671	326.9999921
2672	326.700002
2673	326.9999921
2674	327.6999891
2675	328.2999992
2676	329.4999897
2677	330.9000134
2678	332.5999975
2679	333.4000111
2680	334.800005
2681	336.4000022
2682	337.7000093
2683	338.2000029
2684	339.5999968
2685	340.6000137
2686	341.6999876
2687	342.0000076
2688	342.900008
2689	343.4999883
2690	343.8999951
2691	344.3999887
2692	344.9999988
2693	345.6999958
2694	345.9999859
2695	346.3000059
2696	346.7000127
2697	347.0999897
2698	347.299993
2699	347.600013
2700	347.9000032
2701	347.99999
2702	348.1999934
2703	348.3999968
2704	348.6000001
2705	348.8000035
2706	348.8999903
2707	348.8999903
2708	349.2000103
2709	349.2000103
2710	349.2000103
2711	349.5000005
2712	349.5000005
2713	349.5999873
2714	349.7999907
2715	349.7999907
2716	349.7999907
2717	349.7999907
2718	349.7999907
2719	350.1000106
2720	350.1000106
2721	350.1000106
2722	350.1999974
2723	350.4999876
2724	350.4999876
2725	350.6000042
2726	350.699991
2727	350.4999876
2728	350.6000042
2729	350.699991
2730	350.699991
2731	350.8000076
2732	350.6000042
2733	350.8000076
2734	350.6000042
2735	350.8000076
2736	350.699991
2737	350.8999944
2738	351.0999978
2739	351.0999978
2740	351.0999978
2741	351.0999978
2742	351.0999978
2743	350.8999944
2744	351.000011
2745	350.8999944
2746	351.000011
2747	351.0999978
2748	350.8999944
2749	351.000011
2750	350.8999944
2751	351.000011
2752	350.8000076
2753	350.8000076
2754	350.8999944
2755	351.000011
2756	350.8000076
2757	350.8000076
2758	351.000011
2759	351.0999978
2760	350.8999944
2761	351.0999978
2762	351.0999978
2763	351.2000144
2764	351.000011
2765	351.0999978
2766	351.0999978
2767	351.0999978
2768	351.0999978
2769	351.0999978
2770	351.0999978
2771	351.000011
2772	351.3000011
2773	351.2000144
2774	351.0999978
2775	351.0999978
2776	351.0999978
2777	351.0999978
2778	350.8999944
2779	350.699991
2780	350.8000076
2781	350.4999876
2782	350.4999876
2783	350.4000008
2784	350.4999876
2785	350.300014
2786	350.4999876
2787	350.4999876
2788	350.4999876
2789	350.4000008
2790	350.4999876
2791	350.300014
2792	350.300014
2793	350.1000106
2794	350.1000106
2795	350.300014
2796	350.300014
2797	350.1999974
2798	350.300014
2799	350.4999876
2800	350.4999876
2801	350.4000008
2802	350.4000008
2803	350.1999974
2804	350.1000106
2805	350.1000106
2806	350.1000106
2807	350.4999876
2808	350.1999974
2809	350.1000106
2810	350.1000106
2811	350.300014
2812	350.1999974
2813	350.1999974
2814	350.300014
2815	350.4000008
2816	350.1999974
2817	350.4999876
2818	350.6000042
2819	350.6000042
2820	350.699991
2821	350.8000076
2822	350.699991
2823	350.699991
2824	350.6000042
2825	350.6000042
2826	350.6000042
2827	350.6000042
2828	350.4999876
2829	350.8000076
2830	350.699991
2831	350.699991
2832	350.8000076
2833	350.699991
2834	350.8000076
2835	350.8000076
2836	350.8000076
2837	350.8999944
2838	351.000011
2839	350.8000076
2840	351.0999978
2841	350.699991
2842	351.000011
2843	351.000011
2844	350.8999944
2845	351.0999978
2846	351.0999978
2847	351.3000011
2848	351.0999978
2849	351.2000144
2850	351.3000011
2851	351.3000011
2852	351.2000144
2853	351.5000045
2854	351.5000045
2855	351.3999879
2856	351.5000045
2857	351.7000079
2858	351.7999947
2859	351.9999981
2860	352.1000147
2861	351.9000113
2862	352.1000147
2863	352.1000147
2864	352.2000015
2865	352.2000015
2866	352.2000015
2867	352.4000049
2868	352.2000015
2869	352.2999883
2870	352.1000147
2871	352.1000147
2872	352.2999883
2873	352.4000049
2874	352.6000082
2875	352.4000049
2876	352.6000082
2877	352.699995
2878	352.699995
2879	352.4999917
2880	352.6000082
2881	352.4000049
2882	352.4000049
2883	352.4999917
2884	352.4000049
2885	352.4999917
2886	352.4999917
2887	352.6000082
2888	352.4999917
2889	352.4999917
2890	352.4000049
2891	352.4999917
2892	352.4000049
2893	352.699995
2894	352.9999852
2895	353.1999886
2896	353.399992
2897	353.399992
2898	353.5000086
2899	353.399992
2900	353.700012
2901	353.5999954
2902	353.700012
2903	353.700012
2904	354.0000021
2905	354.0000021
2906	353.7999988
2907	354.0000021
2908	353.8999856
2909	353.700012
2910	353.8999856
2911	353.8999856
2912	353.8999856
2913	353.7999988
2914	353.8999856
2915	353.7999988
2916	353.7999988
2917	354.0000021
2918	353.8999856
2919	354.0000021
2920	354.0000021
2921	354.0000021
2922	354.2999923
2923	354.2999923
2924	354.2999923
2925	354.4000089
2926	354.6000123
2927	354.4000089
2928	354.4000089
2929	354.4999957
2930	354.4999957
2931	354.2999923
2932	354.2999923
2933	354.4000089
2934	354.2999923
2935	354.0000021
2936	354.0999889
2937	354.0000021
2938	354.2000055
2939	354.0000021
2940	354.0000021
2941	353.5999954
2942	354.0000021
2943	354.2000055
2944	354.6000123
2945	354.6999991
2946	354.9999893
2947	355.1000059
2948	355.1999927
2949	355.1999927
2950	355.5999994
2951	355.5999994
2952	355.8999896
2953	356.0000062
2954	356.400013
2955	356.5999866
2956	357.4000001
2957	357.8999937
2958	358.5999906
2959	358.9999974
2960	359.8999977
2961	360.7000113
2962	361.4000082
2963	361.9000018
2964	362.5999987
2965	363.0000055
2966	363.2000089
2967	363.4000123
2968	364.3000126
2969	364.3999994
2970	364.4999862
2971	364.4999862
2972	364.8000062
2973	365.0000095
2974	365.0000095
2975	365.0000095
2976	365.2999997
2977	365.3999865
2978	365.3999865
2979	365.3999865
2980	365.3999865
2981	365.5999899
2982	365.5999899
2983	365.9000099
2984	366.2
2985	366.1000133
2986	366.2
2987	366.4000034
2988	366.4000034
2989	366.6000068
2990	366.2
2991	366.4000034
2992	366.2999868
2993	366.4000034
2994	366.6999936
2995	367.0000136
2996	367.1999872
2997	367.5000072
2998	367.5999939
2999	367.7000105
3000	367.5999939
3001	367.9000139
3002	368.0999875
3003	367.9000139
3004	368.0000007
3005	368.2000041
3006	368.2000041
3007	368.0999875
3008	367.7999973
3009	368.0999875
3010	368.2000041
3011	368.4000075
3012	368.4999943
3013	368.4000075
3014	368.0999875
3015	368.0999875
3016	367.9000139
3017	367.5999939
3018	367.5000072
3019	367.3000038
3020	367.3999906
3021	367.5000072
3022	367.5999939
3023	367.5999939
3024	367.7000105
3025	367.9000139
3026	368.2000041
3027	368.2000041
3028	368.2999909
3029	368.2000041
3030	368.2000041
3031	368.2000041
3032	368.2000041
3033	368.2000041
3034	368.2000041
3035	368.2000041
3036	368.4999943
3037	368.6000109
3038	368.6000109
3039	368.4999943
3040	368.4999943
3041	368.4000075
3042	368.4000075
3043	368.2999909
3044	368.2999909
3045	368.4000075
3046	368.2000041
3047	368.4999943
3048	368.4999943
3049	368.4000075
3050	368.0999875
3051	367.9000139
3052	367.9000139
3053	367.7000105
3054	367.5000072
3055	367.5000072
3056	367.9000139
3057	367.9000139
3058	368.0000007
3059	367.9000139
3060	367.7000105
3061	367.3000038
3062	367.3000038
3063	367.3999906
3064	367.3000038
3065	367.1999872
3066	367.1999872
3067	366.899997
3068	367.0000136
3069	367.1000004
3070	367.1000004
3071	367.1999872
3072	367.1000004
3073	366.899997
3074	367.1000004
3075	367.1999872
3076	367.1000004
3077	367.3999906
3078	367.5000072
3079	367.5000072
3080	367.5000072
3081	367.1999872
3082	367.1000004
3083	367.0000136
3084	367.0000136
3085	367.0000136
3086	366.8000102
3087	366.6999936
3088	366.6000068
3089	366.6999936
3090	366.8000102
3091	366.8000102
3092	366.6000068
3093	366.8000102
3094	367.1000004
3095	366.8000102
3096	366.8000102
3097	366.899997
3098	366.899997
3099	366.899997
3100	367.0000136
3101	367.1999872
3102	367.1999872
3103	367.0000136
3104	367.0000136
3105	366.899997
3106	366.899997
3107	366.6000068
3108	366.6000068
3109	366.899997
3110	367.1000004
3111	367.0000136
3112	367.1999872
3113	366.899997
3114	366.6000068
3115	366.4000034
3116	366.6000068
3117	366.6999936
3118	366.6000068
3119	366.899997
3120	367.1000004
3121	366.899997
3122	366.6000068
3123	366.4000034
3124	366.2999868
3125	366.2
3126	366.2
3127	366.2999868
3128	365.9999967
3129	365.9000099
3130	365.7999933
3131	365.7000065
3132	365.3999865
3133	364.6000028
3134	363.2000089
3135	362.1000051
3136	358.799994
3137	354.2999923
3138	349.0000069
3139	346.1000025
3140	340.9999907
3141	336.499989
3142	332.8999877
3143	331.4999938
3144	329.4999897
3145	328.9999962
3146	328.7999928
3147	329.1999996
3148	330.0000131
3149	331.0000002
3150	331.4999938
3151	332.3999941
3152	333.4999979
3153	335.0000083
3154	335.7999921
3155	337.3000026
3156	338.6000097
3157	339.899987
3158	340.6000137
3159	341.5000141
3160	342.7999914
3161	343.6999917
3162	344.3999887
3163	345.2000022
3164	345.8000124
3165	346.3999927
3166	346.7999995
3167	347.0000029
3168	347.600013
3169	347.99999
3170	347.99999
3171	348.3999968
3172	348.6000001
3173	348.8000035
3174	349.2000103
3175	349.5000005
3176	349.5000005
3177	349.7000039
3178	349.7999907
3179	349.999994
3180	350.1999974
3181	350.4000008
3182	350.4999876
3183	350.8000076
3184	350.8000076
3185	351.0999978
3186	351.0999978
3187	351.2000144
3188	351.2000144
3189	351.3999879
3190	351.5000045
3191	351.7000079
3192	351.7999947
3193	351.7000079
3194	351.7999947
3195	351.9999981
3196	351.7999947
3197	352.1000147
3198	351.9999981
3199	352.1000147
3200	351.9999981
3201	351.9000113
3202	352.1000147
3203	352.1000147
3204	352.1000147
3205	352.1000147
3206	352.1000147
3207	352.2000015
3208	352.4000049
3209	352.2999883
3210	352.2999883
3211	352.699995
3212	352.6000082
3213	352.8999984
3214	352.8000116
3215	352.9999852
3216	352.8999984
3217	352.9999852
3218	353.1999886
3219	353.1999886
3220	353.399992
3221	353.399992
3222	353.399992
3223	353.399992
3224	353.399992
3225	353.3000052
3226	353.3000052
3227	353.3000052
3228	352.9999852
3229	352.9999852
3230	352.9999852
3231	352.9999852
3232	352.9999852
3233	353.1999886
3234	352.9999852
3235	352.8999984
3236	352.9999852
3237	353.1000018
3238	352.9999852
3239	352.9999852
3240	352.9999852
3241	353.1000018
3242	352.9999852
3243	352.9999852
3244	353.1999886
3245	352.9999852
3246	352.9999852
3247	353.1000018
3248	352.9999852
3249	352.9999852
3250	352.9999852
3251	352.8999984
3252	352.9999852
3253	352.8999984
3254	353.1999886
3255	352.9999852
3256	352.9999852
3257	352.9999852
3258	352.8999984
3259	352.9999852
3260	352.9999852
3261	352.699995
3262	352.699995
3263	352.6000082
3264	352.699995
3265	352.4999917
3266	352.4000049
3267	352.4000049
3268	352.2000015
3269	352.4000049
3270	352.2000015
3271	352.1000147
3272	351.9999981
3273	352.1000147
3274	352.1000147
3275	352.1000147
3276	351.9000113
3277	352.1000147
3278	351.9999981
3279	352.1000147
3280	351.9000113
3281	351.9000113
3282	351.7999947
3283	351.7999947
3284	351.7000079
3285	351.9000113
3286	351.9000113
3287	351.7999947
3288	351.7999947
3289	351.7000079
3290	351.7000079
3291	351.5000045
3292	351.3999879
3293	351.5000045
3294	351.3999879
3295	351.3999879
3296	351.3000011
3297	351.3999879
3298	351.3999879
3299	351.3999879
3300	351.3000011
3301	351.3000011
3302	351.0999978
3303	351.2000144
3304	351.0999978
3305	350.8999944
3306	351.000011
3307	350.8000076
3308	350.8999944
3309	350.8000076
3310	350.699991
3311	350.699991
3312	350.4000008
3313	350.4000008
3314	350.4999876
3315	350.4000008
3316	350.300014
3317	350.4000008
3318	350.300014
3319	350.1999974
3320	350.300014
3321	350.300014
3322	350.1000106
3323	350.1000106
3324	350.1000106
3325	350.1000106
3326	349.999994
3327	350.1000106
3328	349.999994
3329	349.999994
3330	349.7999907
3331	349.7999907
3332	349.7999907
3333	349.7999907
3334	349.7000039
3335	349.999994
3336	349.7000039
3337	349.5000005
3338	349.5999873
3339	349.7000039
3340	349.7999907
3341	349.7000039
3342	349.7000039
3343	349.7999907
3344	349.9000072
3345	349.7999907
3346	349.999994
3347	349.7999907
3348	349.9000072
3349	350.1000106
3350	349.9000072
3351	349.999994
3352	350.1000106
3353	350.1000106
3354	350.1000106
3355	350.1999974
3356	349.999994
3357	350.1000106
3358	350.1000106
3359	350.4999876
3360	350.300014
3361	350.300014
3362	350.4999876
3363	350.4999876
3364	350.4999876
3365	350.4999876
3366	350.4999876
3367	350.6000042
3368	350.6000042
3369	350.6000042
3370	350.8000076
3371	350.8000076
3372	350.8999944
3373	350.8000076
3374	350.8000076
3375	351.000011
3376	350.8999944
3377	350.8000076
3378	350.8999944
3379	350.8999944
3380	350.8999944
3381	350.8999944
3382	351.0999978
3383	351.000011
3384	351.0999978
3385	351.000011
3386	351.0999978
3387	350.8999944
3388	351.000011
3389	351.0999978
3390	351.000011
3391	351.0999978
3392	351.0999978
3393	351.0999978
3394	351.000011
3395	351.0999978
3396	351.0999978
3397	351.2000144
3398	351.0999978
3399	351.0999978
3400	351.0999978
3401	351.5000045
3402	351.5000045
3403	351.3999879
3404	351.5999913
3405	351.3000011
3406	351.3999879
3407	351.5000045
3408	351.3999879
3409	351.3000011
3410	351.2000144
3411	351.3000011
3412	351.2000144
3413	351.3999879
3414	351.0999978
3415	351.2000144
3416	351.0999978
3417	351.2000144
3418	351.3999879
3419	351.5000045
3420	351.5000045
3421	351.9000113
3422	352.1000147
3423	352.1000147
3424	352.1000147
3425	352.1000147
3426	351.9999981
3427	352.2999883
3428	352.9999852
3429	353.700012
3430	354.0000021
3431	354.9999893
3432	355.8999896
3433	356.9000065
3434	357.4999869
3435	358.2000136
3436	359.100014
3437	359.4000041
3438	359.8000109
3439	360.1999879
3440	360.3999913
3441	360.7000113
3442	361.0999882
3443	361.6999984
3444	362.3000085
3445	362.3000085
3446	362.3999953
3447	362.8000021
3448	363.4000123
3449	363.2999957
3450	363.2999957
3451	362.8000021
3452	362.8000021
3453	362.6999855
3454	363.0000055
3455	363.2999957
3456	363.7000024
3457	363.7000024
3458	363.7999892
3459	363.9000058
3460	364.1000092
3461	363.9999926
3462	364.4999862
3463	364.4999862
3464	364.3000126
3465	364.1000092
3466	363.5999858
3467	362.8000021
3468	362.5000119
3469	362.3999953
3470	362.6999855
3471	362.6999855
3472	362.6999855
3473	363.0000055
3474	363.4000123
3475	363.7000024
3476	363.5999858
3477	363.7000024
3478	363.9000058
3479	364.1000092
3480	364.199996
3481	364.199996
3482	364.3999994
3483	364.3999994
3484	364.6000028
3485	364.3999994
3486	364.3999994
3487	364.199996
3488	364.199996
3489	364.3000126
3490	364.4999862
3491	364.4999862
3492	364.6000028
3493	364.3999994
3494	364.3999994
3495	364.3999994
3496	364.6000028
3497	364.3000126
3498	363.9999926
3499	364.1000092
3500	363.9999926
3501	364.3999994
3502	364.4999862
3503	364.3999994
3504	364.1000092
3505	364.199996
3506	363.9999926
3507	363.9999926
3508	363.9000058
3509	363.4000123
3510	363.4000123
3511	363.5999858
3512	363.5999858
3513	363.7000024
3514	363.7000024
3515	363.7000024
3516	363.4000123
3517	363.5999858
3518	363.5999858
3519	363.7999892
3520	364.3000126
3521	364.199996
3522	364.1000092
3523	363.9999926
3524	363.9999926
3525	363.9999926
3526	364.1000092
3527	363.4000123
3528	362.1000051
3529	361.0999882
3530	361.2000048
3531	361.0999882
3532	361.4000082
3533	361.6999984
3534	361.9999886
3535	362.3999953
3536	362.8999889
3537	363.2999957
3538	363.2999957
3539	363.499999
3540	363.9999926
3541	363.9999926
3542	363.9999926
3543	364.1000092
3544	364.3000126
3545	364.3000126
3546	364.4999862
3547	364.4999862
3548	364.6000028
3549	364.3999994
3550	364.4999862
3551	364.4999862
3552	364.3000126
3553	364.3000126
3554	363.9999926
3555	363.9999926
3556	363.9000058
3557	364.1000092
3558	363.7999892
3559	363.5999858
3560	363.499999
3561	363.5999858
3562	363.7000024
3563	363.9000058
3564	363.9999926
3565	363.9999926
3566	364.3000126
3567	364.3000126
3568	364.3000126
3569	364.4999862
3570	364.3000126
3571	364.3000126
3572	364.3000126
3573	363.9000058
3574	363.9000058
3575	363.5999858
3576	363.5999858
3577	363.2999957
3578	363.2999957
3579	363.0000055
3580	362.8000021
3581	362.8999889
3582	363.0000055
3583	363.0999923
3584	363.2000089
3585	363.2999957
3586	363.7000024
3587	363.4000123
3588	363.4000123
3589	363.499999
3590	363.2999957
3591	363.499999
3592	361.6999984
3593	363.499999
3594	363.499999
3595	363.4000123
3596	363.2999957
3597	363.2000089
3598	362.8000021
3599	363.0000055
3600	363.0000055
3601	362.6999855
3602	362.6999855
3603	362.6999855
3604	362.5000119
3605	362.3999953
3606	361.7999852
3607	361.4000082
3608	359.2999876
3609	356.2999964
3610	354.2999923
3611	349.7999907
3612	344.9999988
3613	339.8000002
3614	337.500006
3615	333.0999911
3616	329.4999897
3617	326.700002
3618	325.5999982
3619	323.7999976
3620	322.4000037
3621	321.7999935
3622	321.9999969
3623	323.1000006
3624	324.4000077
3625	326.2999952
3626	327.1999955
3627	328.9000094
3628	330.7000101
3629	332.3999941
3630	333.2000077
3631	334.6999884
3632	335.9999955
3633	336.6000056
3634	337.5999928
3635	338.6000097
3636	339.3999934
3637	339.8000002
3638	340.7999873
3639	341.1000073
3640	341.8000042
3641	342.0999944
3642	342.7000046
3643	343.1999981
3644	343.6999917
3645	343.8999951
3646	344.3000019
3647	344.599992
3648	344.7999954
3649	344.900012
3650	345.600009
3651	345.4000056
3652	345.6999958
3653	345.8999991
3654	345.9999859
3655	346.1000025
3656	346.3000059
3657	346.5000093
3658	346.3999927
3659	346.8999863
3660	346.8999863
3661	347.299993
3662	347.299993
3663	347.4999964
3664	347.4999964
3665	347.600013
3666	347.7999866
3667	347.6999998
3668	347.9000032
3669	347.99999
3670	347.9000032
3671	348.1000066
3672	348.1000066
3673	348.1999934
3674	348.1999934
3675	348.1999934
3676	348.1000066
3677	348.1999934
3678	348.1999934
3679	348.1999934
3680	348.1999934
3681	348.30001
3682	348.3999968
3683	348.1999934
3684	348.1999934
3685	348.1000066
3686	348.1999934
3687	348.1999934
3688	347.9000032
3689	347.99999
3690	348.1000066
3691	348.1999934
3692	348.3999968
3693	348.3999968
3694	348.1999934
3695	348.1999934
3696	348.1999934
3697	348.1000066
3698	348.1000066
3699	347.99999
3700	347.99999
3701	347.99999
3702	347.99999
3703	347.99999
3704	347.9000032
3705	347.9000032
3706	347.9000032
3707	347.7999866
3708	347.600013
3709	347.600013
3710	347.600013
3711	347.6999998
3712	347.9000032
3713	347.6999998
3714	347.9000032
3715	347.6999998
3716	347.600013
3717	347.600013
3718	347.9000032
3719	347.6999998
3720	347.600013
3721	347.600013
3722	347.6999998
3723	347.7999866
3724	347.9000032
3725	347.7999866
3726	347.7999866
3727	347.600013
3728	347.7999866
3729	347.9000032
3730	347.600013
3731	347.600013
3732	347.600013
3733	347.600013
3734	347.600013
3735	347.600013
3736	347.600013
3737	347.4999964
3738	347.4999964
3739	347.600013
3740	347.299993
3741	347.299993
3742	347.4999964
3743	347.299993
3744	347.600013
3745	347.600013
3746	347.4000096
3747	347.4999964
3748	347.600013
3749	347.600013
3750	347.9000032
3751	347.600013
3752	347.9000032
3753	347.7999866
3754	347.9000032
3755	347.9000032
3756	347.99999
3757	347.9000032
3758	348.1000066
3759	347.99999
3760	347.99999
3761	348.1000066
3762	348.1000066
3763	347.99999
3764	348.1000066
3765	348.1999934
3766	348.1999934
3767	348.1999934
3768	348.3999968
3769	348.5000134
3770	348.30001
3771	348.3999968
3772	348.1999934
3773	348.5000134
3774	348.5000134
3775	348.5000134
3776	348.5000134
3777	348.30001
3778	348.3999968
3779	348.5000134
3780	348.5000134
3781	348.6000001
3782	348.6000001
3783	348.6999869
3784	348.8000035
3785	348.8000035
3786	348.5000134
3787	348.6000001
3788	348.8000035
3789	348.8000035
3790	348.8000035
3791	348.8999903
3792	348.6999869
3793	348.8999903
3794	348.8999903
3795	348.8999903
3796	349.0999937
3797	348.8999903
3798	349.0999937
3799	349.0999937
3800	349.0000069
3801	348.8999903
3802	348.8999903
3803	348.8999903
3804	349.2000103
3805	349.0999937
3806	349.2000103
3807	349.2000103
3808	349.2000103
3809	349.0999937
3810	349.2000103
3811	349.2999971
3812	349.2000103
3813	349.2000103
3814	349.2999971
3815	349.4000137
3816	349.4000137
3817	349.2999971
3818	349.0999937
3819	349.2000103
3820	349.0999937
3821	349.2000103
3822	349.2000103
3823	349.0000069
3824	349.0000069
3825	348.8999903
3826	348.8999903
3827	349.2000103
3828	349.2000103
3829	349.2999971
3830	349.2000103
3831	349.0000069
3832	349.0999937
3833	349.0999937
3834	349.2000103
3835	349.2000103
3836	349.0999937
3837	349.2000103
3838	349.2000103
3839	349.4000137
3840	349.2999971
3841	349.2999971
3842	349.2000103
3843	349.2000103
3844	349.2999971
3845	349.2000103
3846	349.2999971
3847	349.2999971
3848	349.4000137
3849	349.4000137
3850	349.4000137
3851	349.2000103
3852	349.0999937
3853	349.2000103
3854	349.2000103
3855	349.2000103
3856	349.2000103
3857	349.2000103
3858	349.0999937
3859	349.2000103
3860	349.2000103
3861	349.2000103
3862	348.8999903
3863	348.8999903
3864	348.8999903
3865	348.8000035
3866	348.8000035
3867	348.8999903
3868	348.8999903
3869	348.8999903
3870	349.2000103
3871	349.0999937
3872	349.2000103
3873	349.2000103
3874	349.0999937
3875	349.0999937
3876	349.2999971
3877	349.2000103
3878	349.0999937
3879	349.0999937
3880	349.0000069
3881	349.2000103
3882	349.0999937
3883	349.2000103
3884	349.0999937
3885	349.2000103
3886	349.4000137
3887	349.2999971
3888	349.2000103
3889	349.2000103
3890	349.2999971
3891	349.4000137
3892	349.2999971
3893	349.7000039
3894	349.7999907
3895	350.1000106
3896	350.1000106
3897	350.4000008
3898	350.300014
3899	350.4000008
3900	350.699991
3901	351.0999978
3902	351.5999913
3903	352.4999917
3904	353.700012
3905	354.4999957
3906	354.6999991
3907	355.3000093
3908	355.8000028
3909	356.2999964
3910	356.9000065
3911	357.6000035
3912	358.2000136
3913	358.3999872
3914	358.9999974
3915	359.8000109
3916	359.8999977
3917	360.1999879
3918	360.7000113
3919	361.0999882
3920	361.0000014
3921	361.0999882
3922	361.2000048
3923	361.4000082
3924	361.4000082
3925	361.499995
3926	361.6000116
3927	361.6000116
3928	361.6999984
3929	361.9999886
3930	362.1000051
3931	362.1000051
3932	362.1000051
3933	362.1000051
3934	361.9999886
3935	361.9999886
3936	361.6999984
3937	361.6000116
3938	361.2999916
3939	361.6999984
3940	361.6000116
3941	361.6999984
3942	361.6999984
3943	361.9000018
3944	362.1000051
3945	362.3000085
3946	362.3999953
3947	362.3000085
3948	362.3999953
3949	362.3000085
3950	362.5000119
3951	362.3999953
3952	362.3999953
3953	362.3999953
3954	362.3999953
3955	362.5999987
3956	362.5999987
3957	362.5999987
3958	362.5000119
3959	362.3999953
3960	362.5000119
3961	362.5000119
3962	362.8999889
3963	362.8999889
3964	363.2000089
3965	363.2999957
3966	363.0999923
3967	363.2000089
3968	363.2999957
3969	363.499999
3970	363.2999957
3971	363.2999957
3972	363.4000123
3973	363.499999
3974	363.499999
3975	363.2999957
3976	363.2999957
3977	363.0999923
3978	363.0000055
3979	363.0999923
3980	363.2999957
3981	363.0000055
3982	363.0000055
3983	363.0999923
3984	363.0999923
3985	363.0999923
3986	363.0999923
3987	363.0999923
3988	363.0999923
3989	362.8999889
3990	362.8000021
3991	362.6999855
3992	362.3999953
3993	362.5999987
3994	362.5000119
3995	362.6999855
3996	362.6999855
3997	362.8999889
3998	363.0000055
3999	363.0999923
4000	363.2999957
4001	363.499999
4002	363.5999858
4003	363.2000089
4004	363.4000123
4005	363.4000123
4006	363.2000089
4007	363.0999923
4008	362.8000021
4009	362.6999855
4010	362.8000021
4011	362.8000021
4012	362.8000021
4013	362.6999855
4014	363.0000055
4015	363.0999923
4016	362.8999889
4017	362.8999889
4018	363.0000055
4019	362.6999855
4020	362.8999889
4021	362.6999855
4022	363.0000055
4023	362.6999855
4024	362.6999855
4025	362.6999855
4026	362.5999987
4027	362.3999953
4028	362.5999987
4029	362.3999953
4030	362.5000119
4031	362.1999919
4032	362.3999953
4033	362.5000119
4034	362.3999953
4035	362.3999953
4036	362.5000119
4037	362.6999855
4038	362.6999855
4039	362.8999889
4040	362.8000021
4041	363.0000055
4042	363.2000089
4043	363.2999957
4044	363.499999
4045	363.4000123
4046	363.0999923
4047	363.0999923
4048	362.6999855
4049	362.6999855
4050	362.5000119
4051	362.6999855
4052	362.8000021
4053	363.0000055
4054	362.8000021
4055	362.6999855
4056	362.3999953
4057	362.3999953
4058	362.6999855
4059	363.0000055
4060	363.0999923
4061	363.2999957
4062	363.2999957
4063	363.499999
4064	363.4000123
4065	363.2999957
4066	363.2999957
4067	363.2000089
4068	363.2999957
4069	363.0999923
4070	363.0000055
4071	363.0000055
4072	362.5999987
4073	362.5999987
4074	362.6999855
4075	362.6999855
4076	362.6999855
4077	362.3999953
4078	362.3999953
4079	362.1000051
4080	361.2999916
4081	359.8999977
4082	358.799994
4083	356.2999964
4084	352.2000015
4085	347.600013
4086	344.9999988
4087	339.5999968
4088	334.8999918
4089	330.9000134
4090	329.1000128
4091	326.2000084
4092	324.2999911
4093	323.9000142
4094	323.7999976
4095	324.2000043
4096	325.3000081
4097	326.000005
4098	327.6000023
4099	328.9999962
4100	330.7000101
4101	331.4999938
4102	332.8999877
4103	334.6000016
4104	335.7000053
4105	336.2999856
4106	337.3999894
4107	338.6000097
4108	339.50001
4109	339.899987
4110	340.7000005
4111	341.1999941
4112	341.8000042
4113	342.0000076
4114	342.4000144
4115	342.900008
4116	343.1000113
4117	343.4000015
4118	343.8999951
4119	344.0999985
4120	344.3999887
4121	344.7000086
4122	344.7999954
4123	345.299989
4124	345.4000056
4125	345.600009
4126	345.600009
4127	345.6999958
4128	345.8999991
4129	346.1999893
4130	346.1000025
4131	346.3000059
4132	346.3000059
4133	346.5000093
4134	346.7000127
4135	346.5999961
4136	346.5999961
4137	346.8999863
4138	346.8999863
4139	346.8999863
4140	346.8999863
4141	347.0000029
4142	347.600013
4143	347.4000096
4144	347.4999964
4145	347.4000096
4146	347.600013
4147	347.600013
4148	347.6999998
4149	347.600013
4150	347.7999866
4151	347.6999998
4152	347.9000032
4153	347.7999866
4154	347.99999
4155	347.99999
4156	348.1999934
4157	348.1999934
4158	348.30001
4159	348.30001
4160	348.30001
4161	348.5000134
4162	348.5000134
4163	348.6000001
4164	348.8000035
4165	348.6000001
4166	348.5000134
4167	348.8000035
4168	348.8999903
4169	348.8999903
4170	348.8999903
4171	348.8999903
4172	349.0000069
4173	348.8999903
4174	349.0000069
4175	349.0999937
4176	349.0999937
4177	349.0999937
4178	349.0000069
4179	349.0000069
4180	349.2000103
4181	349.0999937
4182	349.0999937
4183	349.0000069
4184	349.2000103
4185	349.2000103
4186	349.5000005
4187	349.4000137
4188	349.4000137
4189	349.5000005
4190	349.5000005
4191	349.5000005
4192	349.7000039
4193	349.5999873
4194	349.5000005
4195	349.7999907
4196	349.9000072
4197	349.9000072
4198	350.1000106
4199	350.1000106
4200	349.9000072
4201	350.1000106
4202	349.7999907
4203	350.1000106
4204	349.999994
4205	350.1000106
4206	349.9000072
4207	349.999994
4208	349.999994
4209	350.1000106
4210	350.1000106
4211	349.2999971
4212	349.2999971
4213	348.8999903
4214	348.8999903
4215	349.0999937
4216	349.2999971
4217	349.5000005
4218	349.5000005
4219	349.5000005
4220	349.7000039
4221	349.7000039
4222	349.5999873
4223	349.7999907
4224	349.7999907
4225	349.7999907
4226	349.7999907
4227	349.7000039
4228	349.5999873
4229	349.7999907
4230	349.5000005
4231	349.5000005
4232	349.5000005
4233	349.5000005
4234	349.5000005
4235	349.7000039
4236	349.5999873
4237	349.5999873
4238	349.7000039
4239	349.5999873
4240	349.7000039
4241	349.5999873
4242	349.7000039
4243	349.7000039
4244	349.7000039
4245	349.5000005
4246	349.5999873
4247	349.7999907
4248	349.5999873
4249	349.5999873
4250	349.5999873
4251	349.5999873
4252	349.7000039
4253	349.5999873
4254	349.5000005
4255	349.5999873
4256	349.7000039
4257	349.5999873
4258	349.5000005
4259	349.7000039
4260	349.7000039
4261	349.7000039
4262	349.5999873
4263	349.5999873
4264	349.7000039
4265	349.5000005
4266	349.5000005
4267	349.5999873
4268	349.5000005
4269	349.5000005
4270	349.5000005
4271	349.5999873
4272	349.7000039
4273	349.2999971
4274	349.5000005
4275	349.4000137
4276	349.5000005
4277	349.5000005
4278	349.4000137
4279	349.7000039
4280	349.4000137
4281	349.5999873
4282	349.5000005
4283	349.5999873
4284	349.4000137
4285	349.5000005
4286	349.5999873
4287	349.5999873
4288	349.5000005
4289	349.5999873
4290	349.5000005
4291	349.5000005
4292	349.2000103
4293	349.2999971
4294	349.4000137
4295	349.2999971
4296	349.2999971
4297	349.2000103
4298	349.2000103
4299	349.2000103
4300	349.0999937
4301	349.2000103
4302	349.0999937
4303	349.0999937
4304	349.2000103
4305	349.0999937
4306	349.2000103
4307	348.8999903
4308	348.8999903
4309	348.8999903
4310	348.8999903
4311	348.6999869
4312	348.8999903
4313	348.8999903
4314	348.6999869
4315	348.6999869
4316	348.8000035
4317	348.6000001
4318	348.6000001
4319	348.5000134
4320	348.5000134
4321	348.5000134
4322	348.5000134
4323	348.5000134
4324	348.3999968
4325	348.3999968
4326	348.3999968
4327	348.5000134
4328	348.3999968
4329	348.1999934
4330	348.30001
4331	348.30001
4332	348.3999968
4333	348.1999934
4334	348.30001
4335	348.1999934
4336	348.5000134
4337	348.1999934
4338	348.1999934
4339	348.1999934
4340	348.1999934
4341	348.1999934
4342	348.1000066
4343	348.1999934
4344	348.1000066
4345	347.99999
4346	348.1000066
4347	347.9000032
4348	347.600013
4349	347.99999
4350	347.99999
4351	347.6999998
4352	347.7999866
4353	347.9000032
4354	347.9000032
4355	347.6999998
4356	347.6999998
4357	347.600013
4358	347.6999998
4359	347.9000032
4360	347.6999998
4361	347.6999998
4362	347.9000032
4363	347.7999866
4364	347.7999866
4365	347.7999866
4366	347.9000032
4367	347.7999866
4368	347.9000032
4369	348.1000066
4370	348.1999934
4371	348.30001
4372	348.3999968
4373	348.5000134
4374	348.8999903
4375	349.4000137
4376	350.1000106
4377	350.4000008
4378	351.3000011
4379	352.2999883
4380	352.9999852
4381	353.700012
4382	354.7999859
4383	355.5000126
4384	356.2999964
4385	356.7000031
4386	357.4000001
4387	357.8999937
4388	358.3000004
4389	358.2000136
4390	358.3000004
4391	358.5000038
4392	358.7000072
4393	358.9999974
4394	359.2000008
4395	359.4999909
4396	359.8000109
4397	359.8000109
4398	359.8000109
4399	359.8999977
4400	359.8999977
4401	359.8999977
4402	360.0000143
4403	360.1000011
4404	360.1000011
4405	360.3000045
4406	360.1000011
4407	360.1000011
4408	360.1000011
4409	360.3999913
4410	360.3000045
4411	360.3999913
4412	360.3000045
4413	360.1999879
4414	360.1000011
4415	360.1000011
4416	359.8000109
4417	359.8000109
4418	359.8000109
4419	359.8999977
4420	359.8999977
4421	360.0000143
4422	360.3000045
4423	360.3999913
4424	360.1999879
4425	360.1999879
4426	360.1999879
4427	360.3999913
4428	360.799998
4429	360.3999913
4430	360.3999913
4431	360.3999913
4432	360.1999879
4433	360.0000143
4434	360.1000011
4435	360.1999879
4436	360.3999913
4437	360.1999879
4438	360.1999879
4439	360.3000045
4440	360.3999913
4441	360.1999879
4442	360.1000011
4443	360.1000011
4444	360.1000011
4445	359.8000109
4446	359.8000109
4447	359.8000109
4448	359.8000109
4449	360.0000143
4450	360.0000143
4451	360.3999913
4452	360.3999913
4453	360.3999913
4454	360.5000079
4455	360.3999913
4456	360.3999913
4457	360.3999913
4458	360.5000079
4459	360.3999913
4460	360.5000079
4461	360.3999913
4462	360.3999913
4463	360.0000143
4464	359.8000109
4465	360.0000143
4466	359.8000109
4467	359.4999909
4468	359.8000109
4469	359.8000109
4470	359.4999909
4471	359.4999909
4472	359.2999876
4473	358.9000106
4474	358.9000106
4475	358.5999906
4476	358.799994
4477	358.799994
4478	358.9999974
4479	358.9999974
4480	359.100014
4481	359.2000008
4482	359.4999909
4483	359.2999876
4484	359.2000008
4485	359.2000008
4486	358.9000106
4487	358.9000106
4488	358.9000106
4489	358.9999974
4490	358.799994
4491	358.9000106
4492	359.2000008
4493	359.2999876
4494	359.2000008
4495	359.2000008
4496	359.2000008
4497	359.4000041
4498	359.2999876
4499	359.2000008
4500	359.4000041
4501	359.6000075
4502	359.4999909
4503	359.4999909
4504	359.4000041
4505	359.2000008
4506	359.2000008
4507	359.2999876
4508	358.9999974
4509	358.9000106
4510	359.2000008
4511	359.2000008
4512	359.4999909
4513	359.8000109
4514	359.8999977
4515	359.8999977
4516	359.8000109
4517	359.6999943
4518	359.6000075
4519	359.6999943
4520	359.8999977
4521	359.8000109
4522	359.4999909
4523	359.4999909
4524	359.2999876
4525	359.4999909
4526	359.2000008
4527	358.9999974
4528	358.9000106
4529	358.9000106
4530	359.100014
4531	359.2000008
4532	359.2999876
4533	359.2999876
4534	359.2999876
4535	359.4000041
4536	359.2000008
4537	359.4999909
4538	359.4000041
4539	359.4999909
4540	359.2000008
4541	359.2000008
4542	358.9000106
4543	358.9000106
4544	358.799994
4545	358.7000072
4546	358.7000072
4547	358.5000038
4548	358.3000004
4549	358.2000136
4550	358.099997
4551	358.2000136
4552	358.0000103
4553	358.0000103
4554	357.4999869
4555	356.5999866
4556	355.1000059
4557	354.0000021
4558	351.0999978
4559	347.0000029
4560	341.899991
4561	339.19999
4562	333.799988
4563	329.1999996
4564	325.3000081
4565	323.5999942
4566	320.8999932
4567	319.2999959
4568	318.8000023
4569	318.8000023
4570	319.2999959
4571	319.9999928
4572	320.8999932
4573	321.7000067
4574	323.0000138
4575	324.4000077
4576	325.1999915
4577	326.5999854
4578	327.8999925
4579	329.2999864
4580	329.8999965
4581	331.2000036
4582	332.3999941
4583	333.4999979
4584	333.9999914
4585	334.800005
4586	335.7000053
4587	336.4000022
4588	336.6999924
4589	337.3999894
4590	337.9000127
4591	338.4000063
4592	338.8000131
4593	339.19999
4594	339.3999934
4595	339.8000002
4596	339.8000002
4597	340.200007
4598	340.4999971
4599	340.7000005
4600	340.9000039
4601	341.1999941
4602	341.5000141
4603	341.6999876
4604	341.8000042
4605	342.0999944
4606	342.0999944
4607	342.200011
4608	342.599988
4609	342.5000012
4610	342.7000046
4611	342.599988
4612	342.599988
4613	342.7000046
4614	342.9999948
4615	342.9999948
4616	343.3000147
4617	343.1999981
4618	343.6000049
4619	343.6000049
4620	343.6999917
4621	343.8000083
4622	343.8999951
4623	344.0000117
4624	343.8999951
4625	344.0000117
4626	344.0000117
4627	344.0000117
4628	344.0000117
4629	344.0999985
4630	344.0000117
4631	344.3999887
4632	344.3000019
4633	344.3000019
4634	344.3999887
4635	344.5000052
4636	344.7000086
4637	344.5000052
4638	344.7000086
4639	344.7000086
4640	344.7000086
4641	344.7999954
4642	344.7999954
4643	344.900012
4644	344.7000086
4645	344.7000086
4646	344.7000086
4647	344.7999954
4648	344.7000086
4649	344.7999954
4650	344.7000086
4651	344.7000086
4652	344.7999954
4653	344.7000086
4654	344.9999988
4655	345.0999856
4656	344.9999988
4657	344.900012
4658	345.0999856
4659	344.9999988
4660	344.9999988
4661	344.9999988
4662	344.900012
4663	344.7999954
4664	344.900012
4665	344.7999954
4666	344.900012
4667	344.9999988
4668	344.9999988
4669	344.900012
4670	344.7999954
4671	344.9999988
4672	344.9999988
4673	344.900012
4674	344.9999988
4675	344.900012
4676	344.7999954
4677	344.7999954
4678	344.9999988
4679	344.900012
4680	344.900012
4681	344.900012
4682	344.9999988
4683	344.7000086
4684	344.7999954
4685	344.7999954
4686	344.7000086
4687	344.599992
4688	344.599992
4689	344.7000086
4690	344.3999887
4691	344.599992
4692	344.5000052
4693	344.5000052
4694	344.3999887
4695	344.599992
4696	344.5000052
4697	344.7000086
4698	344.7000086
4699	344.7000086
4700	344.7000086
4701	344.599992
4702	344.5000052
4703	344.3999887
4704	344.7999954
4705	344.900012
4706	344.9999988
4707	344.9999988
4708	344.9999988
4709	344.9999988
4710	344.9999988
4711	345.0999856
4712	345.299989
4713	345.2000022
4714	344.9999988
4715	344.9999988
4716	344.9999988
4717	344.9999988
4718	345.299989
4719	345.2000022
4720	344.9999988
4721	344.9999988
4722	344.9999988
4723	344.9999988
4724	345.0999856
4725	344.7999954
4726	344.9999988
4727	345.0999856
4728	345.2000022
4729	345.0999856
4730	345.2000022
4731	345.2000022
4732	344.9999988
4733	344.900012
4734	344.7000086
4735	344.599992
4736	344.3000019
4737	344.3999887
4738	344.3999887
4739	344.0000117
4740	344.3000019
4741	344.1999853
4742	344.0000117
4743	344.1999853
4744	344.0000117
4745	344.3000019
4746	344.1999853
4747	344.1999853
4748	344.3999887
4749	344.3999887
4750	344.599992
4751	344.3999887
4752	344.3999887
4753	344.3999887
4754	344.5000052
4755	344.3999887
4756	344.3999887
4757	344.3999887
4758	344.7000086
4759	344.3999887
4760	344.3999887
4761	344.599992
4762	344.599992
4763	344.5000052
4764	344.3999887
4765	344.3999887
4766	344.3000019
4767	344.3000019
4768	344.3999887
4769	344.3999887
4770	344.3999887
4771	344.3000019
4772	344.5000052
4773	344.7000086
4774	344.5000052
4775	344.599992
4776	344.5000052
4777	344.599992
4778	344.3999887
4779	344.5000052
4780	344.3999887
4781	344.7000086
4782	344.599992
4783	344.3999887
4784	344.599992
4785	344.599992
4786	344.7000086
4787	344.7999954
4788	344.7000086
4789	344.599992
4790	344.599992
4791	344.7000086
4792	344.7000086
4793	344.7999954
4794	344.599992
4795	344.7000086
4796	344.7000086
4797	344.5000052
4798	344.5000052
4799	344.7000086
4800	344.7000086
4801	344.7000086
4802	344.7000086
4803	344.7000086
4804	344.7000086
4805	344.900012
4806	344.7999954
4807	344.7999954
4808	344.900012
4809	344.599992
4810	344.7999954
4811	344.599992
4812	344.599992
4813	344.7000086
4814	344.5000052
4815	344.3999887
4816	344.3999887
4817	344.3999887
4818	344.599992
4819	344.3999887
4820	344.3000019
4821	344.3000019
4822	344.3000019
4823	344.5000052
4824	344.3999887
4825	344.599992
4826	344.3999887
4827	344.3999887
4828	344.5000052
4829	344.7000086
4830	344.7000086
4831	344.7000086
4832	344.599992
4833	344.599992
4834	344.7000086
4835	344.7000086
4836	344.7000086
4837	344.7999954
4838	344.900012
4839	344.9999988
4840	345.4000056
4841	345.4000056
4842	345.9999859
4843	346.3000059
4844	346.1000025
4845	346.3000059
4846	346.3999927
4847	346.3999927
4848	346.5999961
4849	346.8999863
4850	347.6999998
4851	348.6000001
4852	349.0999937
4853	350.1000106
4854	351.3000011
4855	352.2000015
4856	352.4000049
4857	352.8999984
4858	353.5000086
4859	354.0999889
4860	354.4999957
4861	355.3000093
4862	355.399996
4863	355.8000028
4864	356.2999964
4865	356.5999866
4866	357.1000099
4867	357.1999967
4868	357.1000099
4869	357.4000001
4870	357.3000133
4871	357.3000133
4872	357.4000001
4873	357.3000133
4874	357.6000035
4875	357.6000035
4876	357.8000069
4877	358.0000103
4878	357.8999937
4879	358.2000136
4880	358.3999872
4881	358.7000072
4882	358.7000072
4883	358.5000038
4884	358.5999906
4885	358.5000038
4886	358.799994
4887	358.5999906
4888	358.9000106
4889	358.9000106
4890	358.799994
4891	358.799994
4892	358.9000106
4893	358.799994
4894	358.799994
4895	358.9000106
4896	358.9000106
4897	358.5999906
4898	358.799994
4899	358.7000072
4900	358.799994
4901	358.7000072
4902	358.7000072
4903	358.799994
4904	358.7000072
4905	358.9000106
4906	358.799994
4907	358.9999974
4908	358.7000072
4909	358.5999906
4910	358.9999974
4911	359.2000008
4912	359.2999876
4913	359.2000008
4914	359.2000008
4915	359.2000008
4916	359.2000008
4917	359.100014
4918	358.9999974
4919	359.2999876
4920	359.2000008
4921	359.2999876
4922	359.2000008
4923	359.2000008
4924	359.2000008
4925	359.2000008
4926	358.9000106
4927	358.9999974
4928	358.799994
4929	358.799994
4930	358.9000106
4931	358.9000106
4932	358.9000106
4933	358.799994
4934	358.5999906
4935	358.799994
4936	358.799994
4937	358.9999974
4938	358.9999974
4939	358.799994
4940	358.799994
4941	358.799994
4942	358.9000106
4943	358.799994
4944	358.5000038
4945	358.7000072
4946	358.5000038
4947	358.799994
4948	358.9000106
4949	358.5999906
4950	358.3000004
4951	358.3000004
4952	358.5000038
4953	358.5000038
4954	358.5000038
4955	358.5999906
4956	358.3999872
4957	358.5000038
4958	358.2000136
4959	358.2000136
4960	358.2000136
4961	358.099997
4962	358.3999872
4963	358.5000038
4964	358.7000072
4965	358.9000106
4966	358.9000106
4967	359.100014
4968	359.100014
4969	359.2999876
4970	359.2000008
4971	359.2000008
4972	358.799994
4973	358.9000106
4974	359.100014
4975	359.100014
4976	358.799994
4977	358.799994
4978	358.799994
4979	358.799994
4980	358.799994
4981	358.5999906
4982	358.5000038
4983	358.799994
4984	359.100014
4985	359.2000008
4986	359.2000008
4987	359.2000008
4988	358.9999974
4989	358.799994
4990	358.9000106
4991	358.7000072
4992	358.799994
4993	358.9000106
4994	358.799994
4995	358.9999974
4996	358.799994
4997	359.100014
4998	359.100014
4999	358.9000106
5000	358.799994
5001	358.9999974
5002	359.2000008
5003	358.9999974
5004	358.9000106
5005	358.9999974
5006	358.799994
5007	358.9000106
5008	358.7000072
5009	358.5000038
5010	358.3999872
5011	358.2000136
5012	358.2000136
5013	358.3000004
5014	358.5000038
5015	358.3000004
5016	358.2000136
5017	358.099997
5018	357.6999903
5019	357.6000035
5020	357.4000001
5021	357.1999967
5022	357.4000001
5023	357.1999967
5024	357.1999967
5025	357.3000133
5026	357.1999967
5027	356.7000031
5028	356.099993
5029	355.6999862
5030	354.2000055
5031	351.7999947
5032	348.3999968
5033	346.5000093
5034	342.0999944
5035	337.5999928
5036	335.3999853
5037	331.400007
5038	327.6999891
5039	324.8000145
5040	324.0999877
5041	321.9999969
5042	320.8000064
5043	320.1999962
5044	320.3000128
5045	320.4999864
5046	321.3
5047	322.4000037
5048	323.0000138
5049	324.0999877
5050	324.9999881
5051	326.2000084
5052	326.7999887
5053	328.0000091
5054	328.9999962
5055	329.8999965
5056	330.5000067
5057	331.4999938
5058	332.100004
5059	332.5999975
5060	333.2000077
5061	334.100008
5062	334.5000148
5063	334.800005
5064	335.2999985
5065	335.9999955
5066	336.2999856
5067	336.6000056
5068	337.0000124
5069	337.500006
5070	337.5999928
5071	337.9000127
5072	338.0999863
5073	338.4000063
5074	338.8999999
5075	338.9999866
5076	339.1000032
5077	339.3999934
5078	339.50001
5079	339.7000134
5080	339.7000134
5081	339.8000002
5082	340.0000036
5083	340.0999904
5084	340.200007
5085	340.2999938
5086	340.4999971
5087	340.6000137
5088	340.7000005
5089	340.7999873
5090	340.9999907
5091	340.9000039
5092	340.7999873
5093	341.1000073
5094	340.9000039
5095	340.7999873
5096	341.1000073
5097	341.1999941
5098	341.3000107
5099	341.3999975
5100	341.5000141
5101	341.6000009
5102	341.6999876
5103	341.5000141
5104	341.8000042
5105	341.6999876
5106	341.6999876
5107	341.899991
5108	341.899991
5109	341.8000042
5110	342.0999944
5111	341.899991
5112	341.899991
5113	342.0999944
5114	342.0999944
5115	342.0000076
5116	342.0999944
5117	342.0999944
5118	342.200011
5119	342.0999944
5120	342.200011
5121	342.0999944
5122	342.0999944
5123	342.200011
5124	342.0000076
5125	342.0999944
5126	342.2999978
5127	342.2999978
5128	342.0999944
5129	342.0999944
5130	342.2999978
5131	342.200011
5132	342.2999978
5133	342.0999944
5134	342.0999944
5135	342.0000076
5136	342.200011
5137	342.0999944
5138	341.8000042
5139	342.0000076
5140	342.0000076
5141	342.0000076
5142	341.8000042
5143	342.0999944
5144	342.0999944
5145	342.0000076
5146	342.0999944
5147	342.0000076
5148	342.0999944
5149	342.0999944
5150	342.0999944
5151	342.0999944
5152	341.8000042
5153	342.0000076
5154	342.0000076
5155	342.0999944
5156	342.0999944
5157	342.200011
5158	341.899991
5159	342.0999944
5160	342.2999978
5161	342.0999944
5162	342.200011
5163	342.0999944
5164	342.2999978
5165	342.0999944
5166	342.2999978
5167	342.4000144
5168	342.4000144
5169	342.4000144
5170	342.2999978
5171	342.4000144
5172	342.4000144
5173	342.4000144
5174	342.4000144
5175	342.599988
5176	342.4000144
5177	342.4000144
5178	342.5000012
5179	342.5000012
5180	342.2999978
5181	342.2999978
5182	342.2999978
5183	342.2999978
5184	342.4000144
5185	342.2999978
5186	342.2999978
5187	342.4000144
5188	342.200011
5189	342.0999944
5190	342.4000144
5191	342.4000144
5192	342.2999978
5193	342.4000144
5194	342.200011
5195	342.0999944
5196	342.0000076
5197	342.0999944
5198	342.4000144
5199	342.4000144
5200	342.2999978
5201	342.200011
5202	342.7000046
5203	342.4000144
5204	342.2999978
5205	342.4000144
5206	342.4000144
5207	342.200011
5208	342.2999978
5209	342.2999978
5210	342.4000144
5211	342.4000144
5212	342.4000144
5213	342.2999978
5214	342.4000144
5215	342.200011
5216	342.200011
5217	342.200011
5218	342.2999978
5219	342.2999978
5220	342.4000144
5221	342.200011
5222	342.0999944
5223	342.0999944
5224	342.2999978
5225	342.200011
5226	342.0000076
5227	342.0999944
5228	342.0999944
5229	342.0999944
5230	342.200011
5231	342.0999944
5232	341.899991
5233	342.0000076
5234	342.0999944
5235	342.0000076
5236	342.0999944
5237	342.0000076
5238	342.0999944
5239	342.0999944
5240	342.200011
5241	342.0999944
5242	342.2999978
5243	342.2999978
5244	342.4000144
5245	342.2999978
5246	342.0999944
5247	342.200011
5248	342.4000144
5249	342.0999944
5250	342.0999944
5251	342.0000076
5252	342.200011
5253	342.200011
5254	342.2999978
5255	342.200011
5256	342.4000144
5257	342.2999978
5258	342.200011
5259	342.200011
5260	342.0999944
5261	342.200011
5262	342.4000144
5263	342.2999978
5264	342.0999944
5265	342.200011
5266	342.200011
5267	342.200011
5268	342.0999944
5269	342.0999944
5270	342.0999944
5271	342.4000144
5272	342.0000076
5273	342.200011
5274	342.4000144
5275	342.0999944
5276	342.0000076
5277	342.0999944
5278	342.0999944
5279	342.0999944
5280	342.0000076
5281	342.0000076
5282	341.899991
5283	341.899991
5284	342.0999944
5285	342.0999944
5286	342.0999944
5287	342.0999944
5288	342.0999944
5289	342.0999944
5290	342.0999944
5291	342.0000076
5292	341.8000042
5293	342.200011
5294	342.2999978
5295	342.0999944
5296	342.2999978
5297	342.2999978
5298	342.200011
5299	342.2999978
5300	342.0999944
5301	342.0999944
5302	342.4000144
5303	342.200011
5304	342.200011
5305	342.2999978
5306	342.4000144
5307	342.2999978
5308	342.2999978
5309	342.200011
5310	342.0999944
5311	342.2999978
5312	342.2999978
5313	342.4000144
5314	342.200011
5315	342.7000046
5316	342.7000046
5317	342.9999948
5318	343.1999981
5319	343.4000015
5320	343.1999981
5321	343.6999917
5322	344.0999985
5323	344.7000086
5324	345.0999856
5325	346.1000025
5326	346.8999863
5327	347.600013
5328	348.1000066
5329	349.0000069
5330	349.5000005
5331	350.8000076
5332	351.2000144
5333	351.7999947
5334	352.2000015
5335	352.6000082
5336	353.1999886
5337	353.700012
5338	354.2999923
5339	354.2999923
5340	354.4000089
5341	354.6000123
5342	354.9999893
5343	354.9999893
5344	354.9999893
5345	354.9999893
5346	355.1000059
5347	355.3000093
5348	355.5999994
5349	355.5999994
5350	355.6999862
5351	355.6999862
5352	355.8999896
5353	355.6999862
5354	355.5999994
5355	355.5999994
5356	355.6999862
5357	355.6999862
5358	355.6999862
5359	355.6999862
5360	355.5000126
5361	355.399996
5362	355.3000093
5363	355.3000093
5364	355.399996
5365	356.0000062
5366	356.2999964
5367	356.5999866
5368	356.7000031
5369	357.1000099
5370	357.1999967
5371	357.1999967
5372	357.1000099
5373	357.3000133
5374	357.1000099
5375	357.1000099
5376	356.9000065
5377	356.9000065
5378	356.9000065
5379	356.5999866
5380	356.5999866
5381	356.5999866
5382	356.5999866
5383	356.4999998
5384	356.5999866
5385	356.5999866
5386	356.9000065
5387	356.7999899
5388	357.1000099
5389	356.9000065
5390	356.9000065
5391	357.1999967
5392	356.9000065
5393	356.9999933
5394	356.9000065
5395	356.9000065
5396	356.9000065
5397	356.9999933
5398	356.9999933
5399	356.7999899
5400	356.7999899
5401	356.5999866
5402	356.2999964
5403	356.5999866
5404	356.5999866
5405	356.400013
5406	356.2999964
5407	356.400013
5408	356.5999866
5409	356.4999998
5410	356.2999964
5411	356.099993
5412	355.8999896
5413	355.8999896
5414	356.0000062
5415	356.0000062
5416	355.8999896
5417	356.4999998
5418	356.2999964
5419	356.2999964
5420	356.2999964
5421	356.400013
5422	356.2999964
5423	356.400013
5424	356.400013
5425	356.5999866
5426	356.5999866
5427	356.4999998
5428	356.2999964
5429	356.2000096
5430	356.2000096
5431	356.2999964
5432	356.2000096
5433	356.2999964
5434	356.2000096
5435	356.2999964
5436	356.2999964
5437	356.2999964
5438	356.0000062
5439	356.0000062
5440	355.8999896
5441	356.099993
5442	356.2000096
5443	356.2999964
5444	356.5999866
5445	356.5999866
5446	356.7999899
5447	356.5999866
5448	356.7999899
5449	356.4999998
5450	356.2999964
5451	356.099993
5452	356.2999964
5453	356.0000062
5454	356.0000062
5455	356.0000062
5456	356.099993
5457	356.099993
5458	356.2000096
5459	356.0000062
5460	355.8000028
5461	356.0000062
5462	356.099993
5463	356.099993
5464	355.8000028
5465	355.8999896
5466	356.099993
5467	356.0000062
5468	355.8999896
5469	356.2999964
5470	356.0000062
5471	355.8999896
5472	355.6999862
5473	355.5000126
5474	355.5999994
5475	355.399996
5476	355.5999994
5477	355.5999994
5478	356.0000062
5479	355.8999896
5480	356.0000062
5481	355.8999896
5482	356.2999964
5483	356.2000096
5484	356.0000062
5485	356.0000062
5486	356.2000096
5487	356.2000096
5488	355.8999896
5489	355.6999862
5490	355.5000126
5491	355.3000093
5492	355.3000093
5493	355.1000059
5494	354.9000025
5495	354.6999991
5496	354.6999991
5497	354.4999957
5498	354.2999923
5499	354.2000055
5500	354.2999923
5501	354.0000021
5502	353.5000086
5503	352.9999852
5504	352.4000049
5505	350.8999944
5506	348.1000066
5507	344.1999853
5508	342.0000076
5509	337.5999928
5510	333.7000012
5511	329.8999965
5512	328.2000124
5513	325.1000047
5514	322.4999905
5515	320.6999898
5516	319.7999895
5517	318.8999891
5518	318.599999
5519	318.3999956
5520	318.8000023
5521	319.4000125
5522	320.1999962
5523	320.4999864
5524	321.5999901
5525	322.4000037
5526	323.3999908
5527	324.0999877
5528	325.1000047
5529	326.0999918
5530	327.1000087
5531	327.8000057
5532	328.9000094
5533	329.4999897
5534	330.5000067
5535	330.7999969
5536	331.9000006
5537	332.3999941
5538	333.0999911
5539	333.2000077
5540	333.7000012
5541	334.3000114
5542	334.6000016
5543	335.0000083
5544	335.2000117
5545	335.5999887
5546	335.7999921
5547	336.1000121
5548	336.2999856
5549	336.6000056
5550	336.8999958
5551	337.0000124
5552	337.3000026
5553	337.5999928
5554	337.7999961
5555	337.7999961
5556	337.9000127
5557	338.0999863
5558	338.2000029
5559	338.2999897
5560	338.4999931
5561	338.6000097
5562	338.8000131
5563	338.6000097
5564	338.8999999
5565	338.9999866
5566	338.9999866
5567	339.19999
5568	339.19999
5569	339.3999934
5570	339.50001
5571	339.3999934
5572	339.50001
5573	339.50001
5574	339.8000002
5575	339.7000134
5576	340.0000036
5577	339.8000002
5578	339.899987
5579	340.0000036
5580	340.0999904
5581	340.0000036
5582	340.0999904
5583	340.0000036
5584	339.899987
5585	340.0999904
5586	340.0999904
5587	340.200007
5588	340.200007
5589	340.200007
5590	340.200007
5591	340.4000103
5592	340.4000103
5593	340.2999938
5594	340.200007
5595	340.4999971
5596	340.4999971
5597	340.4000103
5598	340.4000103
5599	340.4000103
5600	340.4999971
5601	340.7000005
5602	340.4999971
5603	340.4999971
5604	340.6000137
5605	340.6000137
5606	340.7000005
5607	340.7000005
5608	340.7000005
5609	340.9000039
5610	340.9999907
5611	340.7999873
5612	340.7999873
5613	340.7000005
5614	340.7000005
5615	340.7999873
5616	340.7999873
5617	340.9000039
5618	340.7999873
5619	340.7999873
5620	340.7999873
5621	340.7999873
5622	340.7999873
5623	340.9000039
5624	340.7999873
5625	340.7999873
5626	340.9000039
5627	340.9000039
5628	340.9000039
5629	340.7999873
5630	340.9000039
5631	340.9000039
5632	340.7999873
5633	340.7999873
5634	340.9000039
5635	341.1000073
5636	340.9000039
5637	340.9000039
5638	340.7999873
5639	340.9999907
5640	341.1000073
5641	340.7999873
5642	340.7999873
5643	340.7999873
5644	340.9999907
5645	340.9000039
5646	341.1000073
5647	341.1000073
5648	340.9999907
5649	340.9000039
5650	340.9999907
5651	341.1000073
5652	340.9000039
5653	340.9000039
5654	341.1000073
5655	340.7999873
5656	340.9000039
5657	341.1000073
5658	340.9999907
5659	340.7999873
5660	340.7999873
5661	340.9000039
5662	340.7999873
5663	340.9999907
5664	340.9999907
5665	340.9999907
5666	340.9999907
5667	340.9000039
5668	340.9000039
5669	340.9999907
5670	341.1000073
5671	340.9000039
5672	341.1000073
5673	341.1999941
5674	341.1000073
5675	341.1999941
5676	341.1000073
5677	341.1999941
5678	341.3000107
5679	341.3000107
5680	341.1999941
5681	341.1999941
5682	341.1000073
5683	341.1999941
5684	341.1999941
5685	341.5000141
5686	341.5000141
5687	341.3000107
5688	341.5000141
5689	341.3999975
5690	341.3000107
5691	341.3999975
5692	341.5000141
5693	341.5000141
5694	341.5000141
5695	341.5000141
5696	341.3999975
5697	341.5000141
5698	341.3999975
5699	341.3999975
5700	341.3000107
5701	341.5000141
5702	341.3000107
5703	341.1999941
5704	341.3000107
5705	341.5000141
5706	341.3999975
5707	341.1999941
5708	341.3000107
5709	340.9999907
5710	341.1000073
5711	340.9999907
5712	341.1999941
5713	341.1000073
5714	341.3999975
5715	341.1000073
5716	341.1000073
5717	341.1000073
5718	341.1000073
5719	341.1000073
5720	340.9999907
5721	340.9999907
5722	341.1000073
5723	341.1000073
5724	341.3000107
5725	341.1999941
5726	341.1999941
5727	341.1000073
5728	341.3000107
5729	341.3999975
5730	341.1000073
5731	341.1000073
5732	341.1000073
5733	341.1999941
5734	341.1999941
5735	341.1000073
5736	341.1000073
5737	341.1000073
5738	341.1000073
5739	341.1999941
5740	341.1000073
5741	341.1000073
5742	341.1999941
5743	341.1000073
5744	341.1000073
5745	341.1000073
5746	341.1999941
5747	340.9999907
5748	340.9000039
5749	340.9999907
5750	341.1000073
5751	340.7999873
5752	341.1000073
5753	341.1000073
5754	341.1000073
5755	341.1999941
5756	341.1000073
5757	341.1000073
5758	341.1999941
5759	341.1000073
5760	341.1999941
5761	341.1999941
5762	341.1999941
5763	341.1000073
5764	341.1000073
5765	341.1000073
5766	341.1999941
5767	341.1000073
5768	341.1000073
5769	341.1000073
5770	340.9999907
5771	341.1000073
5772	341.1000073
5773	340.7999873
5774	340.9000039
5775	340.7999873
5776	340.9000039
5777	340.9999907
5778	341.1000073
5779	340.9999907
5780	341.1000073
5781	341.1000073
5782	340.9999907
5783	341.1000073
5784	341.1000073
5785	341.3000107
5786	341.5000141
5787	341.5000141
5788	341.6999876
5789	342.0999944
5790	342.2999978
5791	342.7000046
5792	342.7000046
5793	342.7000046
5794	343.3000147
5795	343.4999883
5796	344.0000117
5797	345.299989
5798	345.9999859
5799	346.7000127
5800	347.6999998
5801	348.5000134
5802	349.5999873
5803	350.1000106
5804	350.8000076
5805	351.5000045
5806	351.9999981
5807	352.1000147
5808	352.699995
5809	352.8000116
5810	353.399992
5811	353.399992
5812	353.700012
5813	354.0000021
5814	354.2000055
5815	354.2999923
5816	354.4999957
5817	354.2999923
5818	354.2999923
5819	354.2999923
5820	354.0999889
5821	354.2999923
5822	354.2999923
5823	354.2999923
5824	354.4000089
5825	354.2999923
5826	354.2999923
5827	354.2999923
5828	354.4000089
5829	354.6000123
5830	354.7999859
5831	354.7999859
5832	355.1000059
5833	354.9999893
5834	354.9999893
5835	354.9999893
5836	354.9000025
5837	354.6999991
5838	354.6999991
5839	354.7999859
5840	354.6999991
5841	354.9999893
5842	354.9999893
5843	354.9999893
5844	355.3000093
5845	355.399996
5846	355.5999994
5847	355.8000028
5848	355.8999896
5849	355.8999896
5850	355.8999896
5851	355.5999994
5852	355.5999994
5853	355.5999994
5854	355.6999862
5855	355.8999896
5856	355.8999896
5857	355.6999862
5858	355.6999862
5859	355.6999862
5860	355.5000126
5861	355.3000093
5862	355.1999927
5863	355.1000059
5864	355.1000059
5865	355.1000059
5866	355.5000126
5867	355.1999927
5868	355.3000093
5869	355.5000126
5870	355.3000093
5871	355.1000059
5872	355.1999927
5873	355.3000093
5874	355.6999862
5875	355.6999862
5876	355.8000028
5877	355.8999896
5878	355.6999862
5879	355.8999896
5880	355.8000028
5881	355.5999994
5882	355.399996
5883	355.5000126
5884	355.5000126
5885	355.5999994
5886	355.3000093
5887	355.3000093
5888	355.1000059
5889	355.1999927
5890	355.1000059
5891	355.1000059
5892	355.3000093
5893	355.3000093
5894	355.5999994
5895	355.3000093
5896	355.5999994
5897	355.5999994
5898	355.5999994
5899	355.5999994
5900	355.6999862
5901	355.5000126
5902	355.5999994
5903	355.5999994
5904	355.399996
5905	355.3000093
5906	355.1999927
5907	355.1000059
5908	355.1999927
5909	354.9999893
5910	355.1000059
5911	355.1000059
5912	355.1000059
5913	355.5999994
5914	355.5999994
5915	355.6999862
5916	355.6999862
5917	355.8000028
5918	355.6999862
5919	355.5999994
5920	355.5999994
5921	355.5999994
5922	355.6999862
5923	355.8999896
5924	355.8999896
5925	355.5999994
5926	355.399996
5927	355.399996
5928	354.9000025
5929	354.7999859
5930	354.9999893
5931	354.9000025
5932	354.9999893
5933	354.9999893
5934	355.1999927
5935	355.1999927
5936	355.3000093
5937	355.399996
5938	355.6999862
5939	355.5000126
5940	355.5000126
5941	355.5000126
5942	355.5000126
5943	355.5999994
5944	355.3000093
5945	355.3000093
5946	355.3000093
5947	355.1000059
5948	354.9999893
5949	354.9999893
5950	355.3000093
5951	355.1999927
5952	355.3000093
5953	355.3000093
5954	355.3000093
5955	355.399996
5956	355.5000126
5957	355.3000093
5958	355.1000059
5959	354.9999893
5960	354.9999893
5961	354.7999859
5962	354.2999923
5963	354.0999889
5964	354.2000055
5965	354.0000021
5966	354.0000021
5967	354.0000021
5968	353.8999856
5969	354.0000021
5970	353.8999856
5971	354.0000021
5972	353.8999856
5973	353.700012
5974	353.3000052
5975	352.6000082
5976	351.7999947
5977	349.999994
5978	347.9000032
5979	347.0000029
5980	344.1999853
5981	340.4000103
5982	335.7000053
5983	333.9000046
5984	329.8999965
5985	326.2999952
5986	323.1000006
5987	322.1000135
5988	320.3000128
5989	319.4000125
5990	318.8999891
5991	318.8999891
5992	319.4000125
5993	320.1999962
5994	321.0000098
5995	321.5000033
5996	322.4999905
5997	323.7000108
5998	324.6999979
5999	325.1000047
6000	326.2000084
6001	327.3999989
6002	327.8999925
6003	328.7999928
6004	329.6999931
6005	330.5999935
6006	331.099987
6007	331.8000138
6008	332.3999941
6009	332.8999877
6010	333.0999911
6011	333.6000144
6012	334.1999948
6013	334.6000016
6014	334.8999918
6015	335.0999951
6016	335.7000053
6017	336.1000121
6018	336.1000121
6019	336.4000022
6020	336.6000056
6021	336.8999958
6022	336.8999958
6023	337.199986
6024	337.3999894
6025	337.500006
6026	337.7999961
6027	337.9999995
6028	337.9999995
6029	338.2000029
6030	338.2000029
6031	338.2999897
6032	338.4999931
6033	338.6000097
6034	338.8999999
6035	338.9999866
6036	338.8999999
6037	338.8999999
6038	339.1000032
6039	338.9999866
6040	339.1000032
6041	339.19999
6042	339.3999934
6043	339.3000066
6044	339.19999
6045	339.3999934
6046	339.50001
6047	339.50001
6048	339.50001
6049	339.50001
6050	339.8000002
6051	339.7000134
6052	339.8000002
6053	339.899987
6054	340.0000036
6055	339.8000002
6056	340.0000036
6057	340.0000036
6058	340.0000036
6059	340.0000036
6060	340.200007
6061	340.200007
6062	340.200007
6063	340.2999938
6064	340.4000103
6065	340.4000103
6066	340.200007
6067	340.2999938
6068	340.2999938
6069	340.2999938
6070	340.6000137
6071	340.4999971
6072	340.2999938
6073	340.4000103
6074	340.4999971
6075	340.6000137
6076	340.4999971
6077	340.4999971
6078	340.4000103
6079	340.4999971
6080	340.4000103
6081	340.6000137
6082	340.4999971
6083	340.7000005
6084	340.7999873
6085	340.7000005
6086	340.7000005
6087	340.7999873
6088	340.9000039
6089	340.7999873
6090	340.9000039
6091	340.7999873
6092	340.7999873
6093	340.7999873
6094	340.7999873
6095	340.7999873
6096	340.7999873
6097	340.7000005
6098	340.9000039
6099	340.7999873
6100	340.9999907
6101	340.7000005
6102	340.7999873
6103	341.1000073
6104	340.9000039
6105	340.7999873
6106	340.7999873
6107	340.9999907
6108	340.7999873
6109	340.7000005
6110	340.7999873
6111	340.9000039
6112	340.6000137
6113	340.7999873
6114	340.7999873
6115	340.9000039
6116	340.9000039
6117	340.9000039
6118	340.7999873
6119	341.1000073
6120	340.9999907
6121	340.9000039
6122	340.9999907
6123	340.9000039
6124	340.7999873
6125	340.7999873
6126	340.9999907
6127	341.1000073
6128	341.1000073
6129	340.9999907
6130	341.1000073
6131	340.9999907
6132	341.1000073
6133	341.1000073
6134	340.7999873
6135	340.9000039
6136	340.9000039
6137	341.1000073
6138	340.7999873
6139	340.9000039
6140	341.1000073
6141	341.1000073
6142	340.7999873
6143	340.9000039
6144	340.7999873
6145	340.7999873
6146	340.9000039
6147	340.7999873
6148	341.1000073
6149	341.1000073
6150	340.7999873
6151	340.7999873
6152	341.1000073
6153	341.1000073
6154	340.7999873
6155	340.9999907
6156	341.1000073
6157	341.1000073
6158	340.9999907
6159	340.9999907
6160	341.1000073
6161	340.7999873
6162	340.9000039
6163	340.9000039
6164	340.9999907
6165	341.1000073
6166	341.1000073
6167	341.1000073
6168	341.1000073
6169	340.9000039
6170	340.7999873
6171	340.9000039
6172	340.7999873
6173	340.9999907
6174	340.7999873
6175	340.7999873
6176	340.7999873
6177	340.7999873
6178	340.7999873
6179	340.7999873
6180	340.7000005
6181	340.6000137
6182	340.7999873
6183	340.7999873
6184	340.7999873
6185	340.9000039
6186	341.3000107
6187	340.9000039
6188	340.7999873
6189	340.7999873
6190	340.7999873
6191	340.7999873
6192	340.7999873
6193	340.7999873
6194	340.7999873
6195	340.7999873
6196	340.7000005
6197	340.7000005
6198	340.7999873
6199	340.7999873
6200	340.6000137
6201	340.7000005
6202	340.7999873
6203	340.7999873
6204	340.7999873
6205	340.7999873
6206	340.7999873
6207	340.7999873
6208	340.7999873
6209	340.9000039
6210	340.7999873
6211	340.9000039
6212	340.7999873
6213	340.7999873
6214	340.6000137
6215	340.7000005
6216	340.7999873
6217	340.7999873
6218	340.7000005
6219	340.7000005
6220	340.7000005
6221	340.7999873
6222	340.9000039
6223	340.6000137
6224	340.7000005
6225	340.7000005
6226	340.7999873
6227	340.9000039
6228	340.7999873
6229	340.9000039
6230	340.7999873
6231	340.9999907
6232	340.9000039
6233	340.9000039
6234	340.7999873
6235	340.7999873
6236	340.9000039
6237	340.9000039
6238	340.9000039
6239	340.9999907
6240	340.9000039
6241	340.9000039
6242	340.7000005
6243	340.7999873
6244	340.7999873
6245	340.9999907
6246	340.4999971
6247	340.4999971
6248	340.4999971
6249	340.7999873
6250	340.6000137
6251	340.6000137
6252	340.6000137
6253	340.4999971
6254	340.7000005
6255	340.6000137
6256	340.6000137
6257	340.6000137
6258	340.7999873
6259	340.9999907
6260	341.1000073
6261	341.1000073
6262	341.1999941
6263	341.5000141
6264	341.5000141
6265	341.5000141
6266	341.3999975
6267	341.3000107
6268	341.5000141
6269	341.899991
6270	342.5000012
6271	342.9999948
6272	344.0000117
6273	344.9999988
6274	345.8999991
6275	346.5000093
6276	347.299993
6277	347.9000032
6278	348.1000066
6279	348.1999934
6280	348.8999903
6281	349.5000005
6282	349.7000039
6283	349.9000072
6284	350.4999876
6285	351.0999978
6286	351.0999978
6287	351.7000079
6288	351.5999913
6289	351.9999981
6290	352.1000147
6291	352.1000147
6292	351.9999981
6293	352.2000015
6294	352.2999883
6295	352.4000049
6296	352.2000015
6297	352.4000049
6298	352.4000049
6299	352.4999917
6300	352.4000049
6301	352.4000049
6302	352.4999917
6303	352.699995
6304	352.8999984
6305	352.9999852
6306	353.3000052
6307	353.5000086
6308	353.1999886
6309	353.1999886
6310	353.1999886
6311	353.1999886
6312	352.9999852
6313	353.1000018
6314	353.399992
6315	353.5000086
6316	353.700012
6317	353.700012
6318	353.5000086
6319	353.8999856
6320	353.7999988
6321	354.0000021
6322	354.7999859
6323	354.2999923
6324	354.4000089
6325	354.2999923
6326	354.2999923
6327	354.2999923
6328	354.6000123
6329	354.2999923
6330	354.2000055
6331	354.2000055
6332	354.2999923
6333	353.8999856
6334	353.700012
6335	353.700012
6336	353.5999954
6337	353.399992
6338	353.5000086
6339	353.5000086
6340	353.700012
6341	353.399992
6342	353.399992
6343	353.1000018
6344	353.3000052
6345	353.399992
6346	353.700012
6347	353.700012
6348	353.700012
6349	353.700012
6350	354.0000021
6351	354.0000021
6352	353.700012
6353	353.700012
6354	353.7999988
6355	353.700012
6356	353.399992
6357	353.1999886
6358	353.700012
6359	353.7999988
6360	353.700012
6361	353.700012
6362	353.700012
6363	353.5999954
6364	353.700012
6365	353.5000086
6366	353.5000086
6367	353.5000086
6368	353.700012
6369	353.8999856
6370	353.7999988
6371	354.0000021
6372	354.0000021
6373	353.8999856
6374	354.0000021
6375	353.8999856
6376	354.0000021
6377	353.8999856
6378	354.0000021
6379	353.700012
6380	353.7999988
6381	353.7999988
6382	354.0000021
6383	354.0000021
6384	354.0999889
6385	354.2000055
6386	354.0000021
6387	354.0000021
6388	354.0000021
6389	353.7999988
6390	353.8999856
6391	353.5999954
6392	353.700012
6393	353.700012
6394	353.399992
6395	353.399992
6396	353.700012
6397	353.5000086
6398	353.5000086
6399	353.3000052
6400	353.5999954
6401	353.399992
6402	353.3000052
6403	353.5999954
6404	353.5999954
6405	353.700012
6406	353.700012
6407	353.700012
6408	353.700012
6409	353.7999988
6410	354.0999889
6411	354.0000021
6412	354.0000021
6413	353.8999856
6414	353.7999988
6415	353.7999988
6416	353.7999988
6417	353.8999856
6418	353.700012
6419	353.700012
6420	353.8999856
6421	354.0000021
6422	353.700012
6423	353.5000086
6424	353.399992
6425	353.5999954
6426	353.399992
6427	353.3000052
6428	353.1999886
6429	353.3000052
6430	353.3000052
6431	353.399992
6432	353.399992
6433	353.399992
6434	353.399992
6435	353.3000052
6436	352.9999852
6437	352.699995
6438	352.6000082
6439	352.6000082
6440	352.4999917
6441	352.699995
6442	352.4999917
6443	352.4000049
6444	352.6000082
6445	352.2000015
6446	352.1000147
6447	351.9999981
6448	351.3000011
6449	350.8000076
6450	349.2000103
6451	348.30001
6452	346.1000025
6453	342.900008
6454	338.6999965
6455	336.499989
6456	331.9999874
6457	327.8999925
6458	324.2999911
6459	322.6999938
6460	320.1999962
6461	318.5000122
6462	318.1000054
6463	317.2999918
6464	317.2999918
6465	317.4000084
6466	317.6000118
6467	318.3000088
6468	319.2000091
6469	320.4999864
6470	320.8999932
6471	322.2000003
6472	323.1000006
6473	324.4000077
6474	324.9000013
6475	325.8999884
6476	326.700002
6477	327.4999857
6478	327.8999925
6479	328.9000094
6480	329.4999897
6481	330.0999999
6482	330.5000067
6483	331.400007
6484	331.8000138
6485	332.100004
6486	332.5999975
6487	333.0999911
6488	333.4999979
6489	333.7000012
6490	333.9999914
6491	334.3999982
6492	334.6000016
6493	334.800005
6494	334.8999918
6495	335.0999951
6496	335.5000019
6497	335.5999887
6498	335.7000053
6499	336.1999989
6500	336.2999856
6501	335.9999955
6502	336.2999856
6503	336.4000022
6504	336.499989
6505	336.6000056
6506	336.6000056
6507	336.6999924
6508	336.800009
6509	336.6999924
6510	336.8999958
6511	337.0000124
6512	337.0000124
6513	337.0999992
6514	337.0999992
6515	337.199986
6516	337.500006
6517	337.500006
6518	337.3999894
6519	337.500006
6520	337.7999961
6521	337.7000093
6522	337.7999961
6523	337.5999928
6524	337.5999928
6525	338.0999863
6526	337.9000127
6527	337.9000127
6528	337.9000127
6529	337.9000127
6530	337.9999995
6531	338.0999863
6532	338.0999863
6533	337.9999995
6534	337.9000127
6535	338.2000029
6536	338.2000029
6537	338.2999897
6538	338.4000063
6539	338.2000029
6540	338.2999897
6541	338.4000063
6542	338.2999897
6543	338.2999897
6544	338.6000097
6545	338.6000097
6546	338.6000097
6547	338.6000097
6548	338.6000097
6549	338.6999965
6550	338.6000097
6551	338.6000097
6552	338.6999965
6553	338.6000097
6554	338.6999965
6555	338.8000131
6556	338.6000097
6557	338.6000097
6558	338.6000097
6559	338.6000097
6560	338.6000097
6561	338.6000097
6562	338.6999965
6563	338.8000131
6564	338.8000131
6565	338.8999999
6566	338.9999866
6567	338.8999999
6568	338.8999999
6569	338.8000131
6570	338.6999965
6571	338.8999999
6572	338.8000131
6573	338.8999999
6574	338.8999999
6575	338.6999965
6576	338.8000131
6577	338.6999965
6578	338.6999965
6579	338.6999965
6580	338.8999999
6581	338.8999999
6582	338.8000131
6583	338.6000097
6584	338.6000097
6585	338.6999965
6586	338.6000097
6587	338.4999931
6588	338.6000097
6589	338.6999965
6590	338.8999999
6591	338.6000097
6592	338.4999931
6593	338.6000097
6594	338.6999965
6595	338.8000131
6596	338.6999965
6597	338.6999965
6598	338.6999965
6599	338.6000097
6600	338.8000131
6601	338.8000131
6602	338.6000097
6603	338.6000097
6604	338.6000097
6605	338.8000131
6606	338.6000097
6607	338.6000097
6608	338.6999965
6609	338.6000097
6610	338.6999965
6611	338.6000097
6612	338.6000097
6613	338.6000097
6614	338.6000097
6615	338.6000097
6616	338.6000097
6617	338.4999931
6618	338.4999931
6619	338.4000063
6620	338.4000063
6621	338.4999931
6622	338.4999931
6623	338.6000097
6624	338.6000097
6625	338.6000097
6626	338.6999965
6627	338.4999931
6628	338.6000097
6629	338.8000131
6630	338.6999965
6631	338.6000097
6632	338.8999999
6633	338.6999965
6634	338.6000097
6635	338.4999931
6636	338.8000131
6637	338.4999931
6638	338.6000097
6639	338.6000097
6640	338.6000097
6641	338.4000063
6642	338.4999931
6643	338.4999931
6644	338.4999931
6645	338.2999897
6646	338.2000029
6647	338.4000063
6648	338.2000029
6649	338.2000029
6650	338.2999897
6651	338.2000029
6652	338.2000029
6653	338.2999897
6654	338.2000029
6655	337.9999995
6656	337.9999995
6657	338.2000029
6658	337.9000127
6659	337.9000127
6660	337.9000127
6661	337.9000127
6662	337.9000127
6663	337.7000093
6664	337.5999928
6665	337.7000093
6666	337.5999928
6667	337.7000093
6668	337.5999928
6669	337.7000093
6670	337.9000127
6671	337.5999928
6672	337.7000093
6673	337.7000093
6674	337.500006
6675	337.5999928
6676	337.5999928
6677	337.5999928
6678	337.7000093
6679	337.5999928
6680	337.7000093
6681	337.7000093
6682	337.5999928
6683	337.7000093
6684	337.5999928
6685	337.7000093
6686	337.7999961
6687	337.7000093
6688	337.5999928
6689	337.5999928
6690	337.5999928
6691	337.7000093
6692	337.7000093
6693	337.5999928
6694	337.5999928
6695	337.5999928
6696	337.7000093
6697	337.7999961
6698	337.7000093
6699	337.5999928
6700	337.500006
6701	337.5999928
6702	337.5999928
6703	337.5999928
6704	337.5999928
6705	337.9000127
6706	337.5999928
6707	337.5999928
6708	337.5999928
6709	337.7999961
6710	337.5999928
6711	337.500006
6712	337.5999928
6713	337.9000127
6714	337.7999961
6715	337.5999928
6716	337.7000093
6717	337.5999928
6718	337.7000093
6719	337.5999928
6720	337.5999928
6721	337.5999928
6722	337.7000093
6723	337.7000093
6724	337.7000093
6725	337.5999928
6726	337.5999928
6727	337.7000093
6728	337.7999961
6729	337.5999928
6730	337.7999961
6731	337.9000127
6732	337.9000127
6733	338.2000029
6734	338.2000029
6735	338.4999931
6736	338.4999931
6737	338.4000063
6738	338.2999897
6739	338.2000029
6740	338.4000063
6741	338.6000097
6742	338.6999965
6743	339.3999934
6744	339.5999968
6745	340.4999971
6746	340.9000039
6747	341.8000042
6748	342.200011
6749	342.900008
6750	343.4000015
6751	344.0999985
6752	344.7999954
6753	345.4000056
6754	345.600009
6755	346.3000059
6756	346.8999863
6757	347.4999964
6758	347.600013
6759	348.1000066
6760	348.30001
6761	348.1999934
6762	348.5000134
6763	348.5000134
6764	348.5000134
6765	348.5000134
6766	348.5000134
6767	348.5000134
6768	348.5000134
6769	348.6000001
6770	348.6999869
6771	348.8000035
6772	348.6999869
6773	348.8000035
6774	349.2000103
6775	349.2999971
6776	349.4000137
6777	349.4000137
6778	349.2999971
6779	349.4000137
6780	349.5000005
6781	349.5000005
6782	349.5999873
6783	349.5999873
6784	349.7999907
6785	349.5000005
6786	349.7000039
6787	349.7999907
6788	349.7999907
6789	349.7999907
6790	349.7000039
6791	349.9000072
6792	349.999994
6793	349.999994
6794	349.999994
6795	350.1999974
6796	350.1999974
6797	350.1000106
6798	349.9000072
6799	349.999994
6800	350.1000106
6801	349.999994
6802	349.999994
6803	349.9000072
6804	349.7000039
6805	349.5000005
6806	349.2999971
6807	349.2999971
6808	349.5000005
6809	349.2999971
6810	349.4000137
6811	349.4000137
6812	349.5000005
6813	349.5000005
6814	349.4000137
6815	349.2999971
6816	349.4000137
6817	349.2000103
6818	349.2000103
6819	349.0000069
6820	349.0000069
6821	348.8999903
6822	348.8999903
6823	348.6999869
6824	349.0000069
6825	349.2999971
6826	349.2000103
6827	349.2000103
6828	349.2000103
6829	349.4000137
6830	349.4000137
6831	349.2999971
6832	349.2999971
6833	349.2999971
6834	349.4000137
6835	349.5999873
6836	349.9000072
6837	350.1000106
6838	349.999994
6839	349.9000072
6840	349.7999907
6841	349.5000005
6842	349.5999873
6843	349.5999873
6844	349.5000005
6845	349.5000005
6846	349.5000005
6847	349.4000137
6848	349.4000137
6849	349.5000005
6850	349.4000137
6851	349.2000103
6852	349.2000103
6853	349.5000005
6854	349.5000005
6855	349.4000137
6856	349.5000005
6857	349.5000005
6858	349.4000137
6859	349.5000005
6860	349.7999907
6861	349.7999907
6862	349.9000072
6863	349.9000072
6864	349.5999873
6865	349.7000039
6866	349.7000039
6867	349.7000039
6868	349.5999873
6869	349.5000005
6870	349.5999873
6871	349.5000005
6872	349.7000039
6873	349.7000039
6874	349.7999907
6875	349.7999907
6876	349.7999907
6877	350.1000106
6878	349.9000072
6879	349.7999907
6880	349.7999907
6881	349.9000072
6882	349.7000039
6883	349.7000039
6884	349.7999907
6885	349.9000072
6886	349.7000039
6887	349.5999873
6888	349.7999907
6889	349.7999907
6890	349.5999873
6891	349.5999873
6892	349.5000005
6893	349.7000039
6894	349.5999873
6895	349.5000005
6896	349.7000039
6897	349.7999907
6898	349.5999873
6899	349.5000005
6900	349.7999907
6901	349.7999907
6902	349.7999907
6903	349.7999907
6904	349.7999907
6905	349.7999907
6906	349.999994
6907	349.7999907
6908	349.7999907
6909	349.4000137
6910	349.2000103
6911	349.4000137
6912	349.0999937
6913	349.0000069
6914	349.0999937
6915	349.0999937
6916	348.8999903
6917	348.8999903
6918	348.8999903
6919	348.8000035
6920	348.5000134
6921	347.9000032
6922	347.600013
6923	346.3000059
6924	344.0000117
6925	340.6000137
6926	338.6000097
6927	334.1999948
6928	329.8999965
6929	325.5000114
6930	323.7000108
6931	320.1000094
6932	317.4000084
6933	316.0000145
6934	315.4000044
6935	314.7000074
6936	314.7999942
6937	315.4000044
6938	315.8000112
6939	316.7999983
6940	318.1000054
6941	319.0999925
6942	319.7999895
6943	321.0000098
6944	322.1000135
6945	322.6999938
6946	323.7000108
6947	324.6999979
6948	325.7000148
6949	326.000005
6950	326.9000053
6951	327.6000023
6952	328.2999992
6953	328.5999894
6954	329.1000128
6955	329.8999965
6956	330.3000033
6957	330.5000067
6958	331.2000036
6959	331.4999938
6960	331.9000006
6961	332.100004
6962	332.5999975
6963	332.8000009
6964	333.0999911
6965	333.0999911
6966	333.6000144
6967	333.7000012
6968	333.9000046
6969	334.1999948
6970	334.5000148
6971	334.800005
6972	334.6999884
6973	335.0000083
6974	335.0999951
6975	335.0999951
6976	335.2000117
6977	335.3999853
6978	335.5999887
6979	335.5999887
6980	335.5999887
6981	335.7999921
6982	335.9000087
6983	335.9999955
6984	335.9999955
6985	336.1999989
6986	336.2999856
6987	336.2999856
6988	336.2999856
6989	336.2999856
6990	336.2999856
6991	336.6000056
6992	336.499989
6993	336.4000022
6994	336.499989
6995	336.6000056
6996	336.6999924
6997	336.6999924
6998	336.6999924
6999	336.6000056
7000	336.8999958
7001	337.0000124
7002	337.0000124
7003	337.0000124
7004	337.3000026
7005	337.3000026
7006	337.3000026
7007	337.3000026
7008	337.3000026
7009	337.3000026
7010	337.3000026
7011	337.3000026
7012	337.3000026
7013	337.3000026
7014	337.500006
7015	337.500006
7016	337.3999894
7017	337.5999928
7018	337.5999928
7019	337.7000093
7020	337.7999961
7021	337.7999961
7022	337.7999961
7023	337.9000127
7024	337.9000127
7025	337.7999961
7026	337.7999961
7027	337.9000127
7028	337.9000127
7029	337.9000127
7030	337.7000093
7031	337.9000127
7032	337.9000127
7033	337.7999961
7034	337.9999995
7035	337.9000127
7036	337.9000127
7037	337.9999995
7038	337.9000127
7039	337.9999995
7040	337.9999995
7041	338.2000029
7042	338.0999863
7043	337.9999995
7044	338.2000029
7045	338.2000029
7046	337.9999995
7047	337.9000127
7048	338.0999863
7049	338.0999863
7050	338.0999863
7051	337.9999995
7052	338.2000029
7053	338.2000029
7054	338.2000029
7055	338.2000029
7056	337.9000127
7057	338.0999863
7058	337.9000127
7059	338.0999863
7060	337.9999995
7061	338.2000029
7062	338.0999863
7063	338.0999863
7064	338.2000029
7065	337.9999995
7066	337.9999995
7067	338.2000029
7068	338.2000029
7069	338.0999863
7070	337.9000127
7071	338.2000029
7072	338.2000029
7073	338.2000029
7074	338.2000029
7075	338.4000063
7076	338.2000029
7077	338.2999897
7078	338.2000029
7079	338.2000029
7080	338.2999897
7081	338.2000029
7082	338.2999897
7083	338.2999897
7084	338.2000029
7085	338.2000029
7086	338.2000029
7087	338.0999863
7088	338.2000029
7089	337.9999995
7090	337.9000127
7091	337.9000127
7092	337.9999995
7093	337.9000127
7094	337.9000127
7095	337.9000127
7096	337.9000127
7097	337.9000127
7098	337.9000127
7099	337.9000127
7100	337.9000127
7101	337.9000127
7102	337.7999961
7103	337.9999995
7104	337.9999995
7105	337.9000127
7106	337.9000127
7107	337.9999995
7108	337.9999995
7109	337.9999995
7110	337.9000127
7111	338.0999863
7112	337.9000127
7113	337.9999995
7114	337.9000127
7115	337.9999995
7116	337.9000127
7117	337.9999995
7118	337.9999995
7119	337.9000127
7120	337.7000093
7121	337.5999928
7122	337.5999928
7123	337.5999928
7124	337.3999894
7125	337.3000026
7126	337.3000026
7127	337.3999894
7128	337.199986
7129	337.3000026
7130	337.199986
7131	337.500006
7132	337.3000026
7133	337.199986
7134	337.3000026
7135	337.3000026
7136	337.3999894
7137	337.3999894
7138	337.3000026
7139	337.3000026
7140	337.3000026
7141	337.3999894
7142	337.3000026
7143	337.3000026
7144	337.3000026
7145	337.3000026
7146	337.3000026
7147	337.3000026
7148	337.3000026
7149	337.3000026
7150	337.3000026
7151	337.500006
7152	337.500006
7153	337.3000026
7154	337.3999894
7155	337.5999928
7156	337.5999928
7157	337.5999928
7158	337.5999928
7159	337.5999928
7160	337.5999928
7161	337.5999928
7162	337.7000093
7163	337.7000093
7164	337.5999928
7165	337.7999961
7166	337.9000127
7167	337.9000127
7168	337.7999961
7169	337.9000127
7170	337.9000127
7171	337.9000127
7172	337.7000093
7173	337.7999961
7174	337.9999995
7175	337.9999995
7176	338.0999863
7177	337.9999995
7178	338.0999863
7179	338.2000029
7180	338.0999863
7181	338.0999863
7182	338.2000029
7183	338.0999863
7184	337.9999995
7185	338.2000029
7186	337.9999995
7187	337.9999995
7188	338.2000029
7189	337.9999995
7190	337.9000127
7191	337.7999961
7192	337.9000127
7193	337.9000127
7194	337.9000127
7195	337.9999995
7196	338.0999863
7197	337.9999995
7198	337.9000127
7199	337.9999995
7200	338.0999863
7201	338.0999863
7202	338.2000029
7203	338.2999897
7204	338.2000029
7205	338.4999931
7206	338.6000097
7207	338.6000097
7208	338.6000097
7209	338.4000063
7210	338.4000063
7211	338.6000097
7212	338.6000097
7213	338.6000097
7214	338.8999999
7215	339.3999934
7216	340.0999904
7217	340.9000039
7218	341.5000141
7219	342.4000144
7220	343.4000015
7221	343.8999951
7222	344.7000086
7223	345.299989
7224	345.9999859
7225	346.3000059
7226	346.8999863
7227	345.9999859
7228	347.9000032
7229	347.7999866
7230	347.99999
7231	348.1999934
7232	348.1999934
7233	348.3999968
7234	348.3999968
7235	348.3999968
7236	348.5000134
7237	348.6000001
7238	348.6999869
7239	348.6999869
7240	348.6000001
7241	348.6999869
7242	349.0000069
7243	349.0000069
7244	349.0999937
7245	349.2000103
7246	349.4000137
7247	349.2000103
7248	349.2000103
7249	349.0999937
7250	349.0999937
7251	349.0999937
7252	349.2000103
7253	349.2999971
7254	349.5000005
7255	349.2999971
7256	349.2999971
7257	349.5000005
7258	349.5000005
7259	349.7000039
7260	349.5999873
7261	349.7999907
7262	349.7999907
7263	349.7999907
7264	349.5999873
7265	349.5999873
7266	349.4000137
7267	349.4000137
7268	349.4000137
7269	349.4000137
7270	349.5000005
7271	349.2000103
7272	349.2000103
7273	349.2000103
7274	349.0999937
7275	349.0999937
7276	349.2000103
7277	349.2000103
7278	349.0999937
7279	349.0999937
7280	349.2999971
7281	349.2000103
7282	349.0000069
7283	348.8999903
7284	348.8999903
7285	348.6999869
7286	348.8000035
7287	348.8000035
7288	349.0000069
7289	349.0000069
7290	348.8999903
7291	348.8999903
7292	348.8999903
7293	348.6999869
7294	348.6999869
7295	348.6000001
7296	348.8999903
7297	348.8000035
7298	348.8999903
7299	348.8999903
7300	348.8999903
7301	348.5000134
7302	348.6000001
7303	348.6000001
7304	348.6999869
7305	349.0999937
7306	348.8999903
7307	349.0999937
7308	349.2000103
7309	349.2000103
7310	349.0999937
7311	349.0999937
7312	349.2000103
7313	349.0000069
7314	349.0000069
7315	348.8999903
7316	348.8999903
7317	348.8999903
7318	348.6000001
7319	348.6000001
7320	348.8000035
7321	348.8999903
7322	349.0000069
7323	349.2000103
7324	349.0999937
7325	349.2000103
7326	349.2999971
7327	349.4000137
7328	349.4000137
7329	349.2999971
7330	349.5000005
7331	349.7000039
7332	349.5000005
7333	349.4000137
7334	349.2000103
7335	349.2000103
7336	349.0999937
7337	349.0000069
7338	348.6999869
7339	348.6000001
7340	348.6999869
7341	348.8999903
7342	348.8999903
7343	348.8000035
7344	348.8000035
7345	348.8999903
7346	348.8999903
7347	348.6999869
7348	348.8000035
7349	349.0000069
7350	349.0999937
7351	349.0000069
7352	348.8999903
7353	349.2000103
7354	349.0999937
7355	349.2000103
7356	349.2000103
7357	349.0999937
7358	348.8999903
7359	349.0999937
7360	349.0000069
7361	348.8999903
7362	349.2000103
7363	349.2000103
7364	349.0999937
7365	349.2000103
7366	349.0999937
7367	349.2000103
7368	349.2000103
7369	349.2000103
7370	349.2000103
7371	349.0999937
7372	349.2000103
7373	349.0999937
7374	349.4000137
7375	349.2999971
7376	349.5000005
7377	349.7000039
7378	349.7000039
7379	349.7999907
7380	349.5000005
7381	349.4000137
7382	349.4000137
7383	349.2000103
7384	349.0000069
7385	348.8999903
7386	348.8000035
7387	348.8000035
7388	348.8999903
7389	348.6000001
7390	348.8000035
7391	348.6000001
7392	348.5000134
7393	348.1999934
7394	347.9000032
7395	346.8999863
7396	345.0999856
7397	342.4000144
7398	340.4999971
7399	335.9000087
7400	331.2000036
7401	326.5999854
7402	324.4999945
7403	320.8000064
7404	317.900002
7405	316.7000115
7406	315.200001
7407	314.3999875
7408	314.3000007
7409	314.3999875
7410	314.9000108
7411	316.0000145
7412	317.4999952
7413	317.9999888
7414	319.2999959
7415	320.600003
7416	322.1000135
7417	322.6000071
7418	323.5999942
7419	324.6999979
7420	325.5999982
7421	326.0999918
7422	326.9000053
7423	327.6000023
7424	328.2999992
7425	328.5999894
7426	329.1999996
7427	329.8999965
7428	330.1999867
7429	330.5999935
7430	331.099987
7431	331.6000104
7432	331.8000138
7433	332.100004
7434	332.3999941
7435	332.3999941
7436	332.7000141
7437	333.0999911
7438	333.2999945
7439	333.4000111
7440	333.6000144
7441	333.7000012
7442	333.799988
7443	333.9000046
7444	334.100008
7445	334.1999948
7446	334.3000114
7447	334.3999982
7448	334.3999982
7449	334.6999884
7450	334.800005
7451	334.6999884
7452	335.0000083
7453	335.2999985
7454	335.2999985
7455	335.3999853
7456	335.5000019
7457	335.7000053
7458	335.5999887
7459	335.5000019
7460	335.7000053
7461	335.7999921
7462	335.7999921
7463	335.9000087
7464	335.7999921
7465	335.9999955
7466	335.9999955
7467	335.9999955
7468	335.9999955
7469	336.1999989
7470	336.1999989
7471	336.4000022
7472	336.4000022
7473	336.6000056
7474	336.6000056
7475	336.6000056
7476	336.6000056
7477	336.6000056
7478	336.6999924
7479	336.6000056
7480	336.6000056
7481	336.6000056
7482	336.6999924
7483	336.800009
7484	336.800009
7485	336.6999924
7486	336.800009
7487	336.6999924
7488	336.800009
7489	336.6999924
7490	336.8999958
7491	336.6999924
7492	336.6999924
7493	337.0000124
7494	336.8999958
7495	337.0000124
7496	337.0000124
7497	337.0000124
7498	337.0000124
7499	336.8999958
7500	336.8999958
7501	337.0000124
7502	336.800009
7503	336.6999924
7504	336.800009
7505	336.8999958
7506	336.6999924
7507	336.800009
7508	336.6999924
7509	336.6999924
7510	337.0000124
7511	337.0000124
7512	336.8999958
7513	336.8999958
7514	337.0000124
7515	337.0999992
7516	337.0999992
7517	337.0000124
7518	337.0999992
7519	337.0999992
7520	337.0999992
7521	337.0999992
7522	337.3000026
7523	337.0999992
7524	337.0000124
7525	337.0000124
7526	336.6999924
7527	336.6999924
7528	336.6999924
7529	336.6000056
7530	336.499989
7531	336.4000022
7532	336.4000022
7533	336.2999856
7534	336.1000121
7535	336.1000121
7536	335.9999955
7537	335.9999955
7538	335.9999955
7539	335.9999955
7540	336.1000121
7541	336.1000121
7542	335.9999955
7543	336.1000121
7544	336.1999989
7545	336.1000121
7546	336.1999989
7547	336.1999989
7548	336.2999856
7549	336.1999989
7550	336.1999989
7551	336.1000121
7552	336.2999856
7553	336.1000121
7554	335.9999955
7555	335.9999955
7556	336.2999856
7557	336.1999989
7558	336.2999856
7559	336.1999989
7560	336.2999856
7561	336.1999989
7562	335.9999955
7563	336.1000121
7564	336.2999856
7565	336.1999989
7566	336.1000121
7567	336.1999989
7568	336.1000121
7569	336.1000121
7570	336.1999989
7571	336.1000121
7572	336.1999989
7573	336.2999856
7574	336.2999856
7575	336.1999989
7576	336.2999856
7577	336.1999989
7578	336.2999856
7579	336.2999856
7580	336.2999856
7581	336.1999989
7582	336.2999856
7583	336.2999856
7584	336.2999856
7585	336.2999856
7586	336.2999856
7587	336.2999856
7588	336.4000022
7589	336.2999856
7590	336.1999989
7591	336.2999856
7592	336.2999856
7593	336.4000022
7594	336.499989
7595	336.499989
7596	336.6000056
7597	336.4000022
7598	336.2999856
7599	336.2999856
7600	336.1999989
7601	336.499989
7602	336.2999856
7603	336.499989
7604	336.4000022
7605	336.2999856
7606	336.4000022
7607	336.499989