1	321.9000101
2	321.9000101
3	321.9999969
4	322.1000135
5	321.9999969
6	322.2000003
7	322.2000003
8	322.1000135
9	322.2000003
10	322.4999905
11	322.1000135
12	322.4000037
13	322.2000003
14	322.1000135
15	322.1000135
16	322.1000135
17	321.9000101
18	322.1000135
19	322.1000135
20	322.2000003
21	322.4999905
22	322.1000135
23	322.2000003
24	322.4999905
25	322.4000037
26	322.4999905
27	322.4000037
28	322.4000037
29	322.4000037
30	322.2000003
31	321.9000101
32	322.1000135
33	322.2000003
34	321.9000101
35	321.7999935
36	321.7999935
37	321.7000067
38	321.5000033
39	321.5000033
40	321.3999867
41	321.5999901
42	321.5999901
43	321.5000033
44	321.5000033
45	321.7000067
46	321.7999935
47	321.9000101
48	322.1000135
49	321.7999935
50	321.7999935
51	321.5999901
52	321.7000067
53	321.7000067
54	321.7000067
55	321.9000101
56	321.9000101
57	321.9999969
58	321.9999969
59	322.1000135
60	321.7999935
61	321.9000101
62	321.7999935
63	321.7999935
64	321.7999935
65	321.5999901
66	321.9000101
67	321.9000101
68	321.7999935
69	321.7999935
70	321.9000101
71	321.9000101
72	321.9999969
73	321.9000101
74	321.7999935
75	322.1000135
76	321.9999969
77	321.9000101
78	322.1000135
79	321.9999969
80	321.7999935
81	321.7999935
82	321.5000033
83	321.5999901
84	321.5000033
85	321.5000033
86	321.5000033
87	321.7000067
88	321.5999901
89	321.7999935
90	321.9000101
91	321.7999935
92	321.9000101
93	321.9000101
94	321.7999935
95	321.7999935
96	321.7999935
97	322.1000135
98	322.4999905
99	322.6000071
100	322.4999905
101	322.2999871
102	322.1000135
103	321.7999935
104	321.5999901
105	321.3999867
106	321.5000033
107	321.5000033
108	321.5999901
109	322.1000135
110	322.6999938
111	323.3999908
112	323.5999942
113	323.9000142
114	324.0999877
115	324.6000111
116	324.9999881
117	325.5999982
118	326.2000084
119	326.700002
120	326.5999854
121	326.9999921
122	326.9000053
123	326.9000053
124	326.9999921
125	327.1000087
126	326.9000053
127	326.9999921
128	326.9999921
129	327.3000121
130	327.1999955
131	327.1999955
132	327.3000121
133	327.1999955
134	326.9999921
135	326.9000053
136	326.7999887
137	326.7999887
138	326.700002
139	326.5999854
140	326.2999952
141	326.2000084
142	326.4000118
143	326.2999952
144	326.700002
145	326.2999952
146	326.9000053
147	326.9000053
148	327.3000121
149	327.6000023
150	327.6999891
151	327.6000023
152	327.3000121
153	326.9999921
154	326.700002
155	326.7999887
156	326.5999854
157	326.4999986
158	326.4999986
159	326.7999887
160	326.700002
161	326.9999921
162	326.700002
163	326.9999921
164	327.1999955
165	327.6000023
166	327.8999925
167	328.0000091
168	328.0000091
169	328.2999992
170	328.2999992
171	328.2999992
172	327.8999925
173	327.8999925
174	327.8000057
175	327.6000023
176	327.6000023
177	327.3999989
178	327.3000121
179	327.3000121
180	327.1000087
181	327.3000121
182	327.3000121
183	327.6000023
184	327.4999857
185	327.6999891
186	327.6000023
187	327.6000023
188	327.6000023
189	327.4999857
190	327.6999891
191	327.6000023
192	327.8999925
193	327.8999925
194	327.8000057
195	328.0000091
196	327.8999925
197	328.2000124
198	327.8999925
199	328.0999959
200	327.8999925
201	327.8999925
202	327.8999925
203	327.8999925
204	328.0000091
205	327.8000057
206	327.6999891
207	327.6000023
208	327.8999925
209	327.8999925
210	327.6999891
211	327.8000057
212	327.6000023
213	327.6000023
214	327.4999857
215	327.6000023
216	327.6999891
217	327.4999857
218	327.6999891
219	327.6000023
220	327.8999925
221	327.8999925
222	327.8000057
223	327.6000023
224	327.3000121
225	326.9000053
226	327.1000087
227	326.9999921
228	326.9999921
229	327.1000087
230	327.3999989
231	327.6000023
232	327.6000023
233	327.6000023
234	327.8999925
235	327.8000057
236	327.6000023
237	327.3000121
238	327.3999989
239	327.6999891
240	327.6000023
241	327.6000023
242	327.6000023
243	327.6000023
244	327.3999989
245	327.8999925
246	328.0999959
247	328.0999959
248	327.6999891
249	327.6000023
250	327.6000023
251	327.6000023
252	327.3999989
253	327.6999891
254	327.6000023
255	327.6000023
256	327.6000023
257	327.4999857
258	327.3999989
259	327.6999891
260	327.6000023
261	327.6999891
262	327.6999891
263	328.399986
264	328.5999894
265	328.5999894
266	328.5000026
267	328.2999992
268	328.5000026
269	328.5000026
270	328.2999992
271	328.0999959
272	328.2000124
273	328.2000124
274	327.8999925
275	327.8000057
276	328.0000091
277	328.0999959
278	328.2999992
279	328.5999894
280	328.9999962
281	329.1999996
282	329.4999897
283	329.400003
284	329.8999965
285	330.0999999
286	329.6000063
287	328.9000094
288	328.2000124
289	326.2999952
290	323.7000108
291	319.9999928
292	318.1999922
293	314.3999875
294	311.1000061
295	307.9999983
296	306.6000044
297	304.399997
298	303.0999899
299	301.9999862
300	301.4999926
301	301.2999892
302	301.2000024
303	301.4999926
304	301.8999994
305	302.7999997
306	303.4999967
307	304.399997
308	305.0999939
309	306.400001
310	307.3999882
311	307.9000115
312	308.6999953
313	309.8999858
314	310.2000058
315	310.6000125
316	311.1999929
317	311.5000129
318	311.8999898
319	312.5
320	312.7999902
321	313.1000102
322	313.8000071
323	314.0000105
324	314.3999875
325	314.3999875
326	314.9000108
327	315.1000142
328	315.2999878
329	316.0000145
330	316.1999881
331	316.1999881
332	316.3999915
333	316.7000115
334	316.7000115
335	316.7999983
336	316.7000115
337	317.0999885
338	317.0999885
339	317.4999952
340	317.6000118
341	317.4999952
342	317.6000118
343	317.4999952
344	317.6999986
345	317.6999986
346	317.6000118
347	317.6000118
348	317.6000118
349	317.9999888
350	317.9999888
351	317.9999888
352	318.599999
353	318.599999
354	318.8000023
355	318.8999891
356	318.8999891
357	318.8999891
358	318.8000023
359	319.0000057
360	319.2000091
361	319.2999959
362	319.2000091
363	319.4000125
364	319.2999959
365	319.2000091
366	319.2000091
367	319.4000125
368	319.4999993
369	319.4000125
370	319.2000091
371	319.2000091
372	319.4000125
373	319.2999959
374	319.2999959
375	319.0999925
376	319.2999959
377	319.4000125
378	319.2000091
379	319.4999993
380	319.4999993
381	319.4999993
382	319.5999861
383	319.9000061
384	319.5999861
385	319.9999928
386	319.9000061
387	319.9000061
388	320.1000094
389	319.9999928
390	320.1999962
391	320.1999962
392	320.1999962
393	320.1999962
394	320.3000128
395	320.1999962
396	320.3000128
397	320.4999864
398	320.4999864
399	320.8999932
400	320.6999898
401	320.8000064
402	320.4999864
403	320.4999864
404	320.1999962
405	320.3000128
406	320.600003
407	320.3999996
408	320.3000128
409	320.1999962
410	320.4999864
411	320.3999996
412	320.3999996
413	320.3999996
414	320.1999962
415	320.1999962
416	320.3999996
417	320.3999996
418	320.3999996
419	320.3000128
420	320.3000128
421	320.3000128
422	320.3999996
423	320.1999962
424	320.1999962
425	320.4999864
426	320.3000128
427	320.3999996
428	320.3000128
429	319.9999928
430	319.9999928
431	320.3000128
432	320.3999996
433	320.3999996
434	320.1999962
435	320.1999962
436	320.3999996
437	320.4999864
438	320.4999864
439	320.3999996
440	320.3000128
441	320.4999864
442	320.3999996
443	320.3999996
444	320.1999962
445	320.3000128
446	319.9999928
447	320.1000094
448	320.1000094
449	319.9999928
450	319.9000061
451	319.9000061
452	320.1000094
453	320.1999962
454	319.9999928
455	320.1999962
456	320.600003
457	320.6999898
458	320.4999864
459	320.4999864
460	320.3000128
461	320.3000128
462	320.3999996
463	320.1999962
464	320.3000128
465	320.1999962
466	320.3999996
467	320.3999996
468	320.6999898
469	320.4999864
470	320.3999996
471	320.3999996
472	320.3000128
473	320.1999962
474	319.9000061
475	320.1000094
476	319.9999928
477	320.1000094
478	320.1999962
479	320.3999996
480	320.1999962
481	320.1999962
482	320.3999996
483	320.600003
484	320.600003
485	320.600003
486	320.4999864
487	320.4999864
488	320.3000128
489	320.1999962
490	320.3000128
491	320.1999962
492	320.1999962
493	320.4999864
494	320.3000128
495	320.1999962
496	320.600003
497	320.600003
498	320.4999864
499	320.3000128
500	320.4999864
501	320.4999864
502	320.600003
503	320.8999932
504	320.600003
505	320.3999996
506	320.4999864
507	320.4999864
508	320.1999962
509	320.3000128
510	320.3000128
511	319.9999928
512	320.1000094
513	320.1999962
514	320.1999962
515	320.1000094
516	320.1999962
517	319.9999928
518	319.9999928
519	320.1000094
520	319.9000061
521	319.9000061
522	319.9000061
523	319.7999895
524	319.9000061
525	319.7999895
526	319.9000061
527	319.9000061
528	319.9000061
529	320.1999962
530	320.1999962
531	320.3999996
532	320.600003
533	320.600003
534	320.600003
535	320.4999864
536	320.600003
537	320.600003
538	320.4999864
539	320.4999864
540	320.4999864
541	320.1999962
542	320.3999996
543	320.4999864
544	320.1999962
545	320.3999996
546	320.3000128
547	320.3000128
548	320.4999864
549	320.3000128
550	320.3000128
551	320.1999962
552	319.9999928
553	319.9000061
554	319.9000061
555	319.5999861
556	319.5999861
557	319.5999861
558	319.7000027
559	319.7999895
560	319.7999895
561	319.5999861
562	319.9000061
563	319.9000061
564	319.9000061
565	319.9000061
566	320.1000094
567	320.1999962
568	320.3999996
569	320.4999864
570	320.4999864
571	320.8999932
572	320.8999932
573	320.3999996
574	320.1999962
575	319.9000061
576	319.5999861
577	319.2999959
578	319.2000091
579	319.0999925
580	318.8999891
581	318.8000023
582	319.0000057
583	319.5999861
584	319.7999895
585	320.6999898
586	321.3999867
587	321.7999935
588	322.6000071
589	323.0000138
590	323.1000006
591	323.7000108
592	324.000001
593	324.4999945
594	324.8000145
595	324.8000145
596	324.9000013
597	324.6999979
598	324.9999881
599	324.9999881
600	325.3999949
601	325.3999949
602	325.5999982
603	325.3999949
604	325.3999949
605	324.9999881
606	324.9999881
607	325.1000047
608	325.3999949
609	325.7000148
610	325.7000148
611	325.7000148
612	325.3999949
613	325.5000114
614	325.3999949
615	325.3999949
616	325.3999949
617	325.3000081
618	325.3000081
619	325.5000114
620	325.1999915
621	325.1999915
622	325.3999949
623	325.3999949
624	325.7000148
625	326.000005
626	326.000005
627	326.000005
628	326.000005
629	326.0999918
630	325.8999884
631	325.8999884
632	325.8999884
633	325.8999884
634	326.000005
635	326.4999986
636	326.0999918
637	326.0999918
638	326.4000118
639	326.4000118
640	326.5999854
641	326.4999986
642	326.7999887
643	326.4999986
644	326.4999986
645	326.2999952
646	326.2999952
647	326.2999952
648	326.5999854
649	326.2999952
650	326.4999986
651	326.2000084
652	326.4999986
653	326.4000118
654	326.700002
655	326.7999887
656	326.700002
657	326.9999921
658	326.700002
659	326.2999952
660	326.000005
661	326.2000084
662	326.2000084
663	326.2999952
664	326.4000118
665	326.5999854
666	326.5999854
667	326.2999952
668	326.4999986
669	326.4999986
670	326.0999918
671	326.2999952
672	326.2000084
673	326.0999918
674	326.000005
675	325.8999884
676	325.7000148
677	325.7000148
678	325.7000148
679	325.5000114
680	325.8000016
681	325.8000016
682	326.000005
683	325.8000016
684	326.000005
685	326.000005
686	326.2999952
687	326.4000118
688	326.4000118
689	326.4999986
690	326.5999854
691	326.700002
692	326.7999887
693	326.9000053
694	326.9999921
695	326.9999921
696	326.9999921
697	327.1999955
698	326.9999921
699	326.9999921
700	326.9999921
701	326.5999854
702	326.4000118
703	326.4999986
704	326.700002
705	326.4999986
706	326.700002
707	326.4999986
708	326.2999952
709	326.2999952
710	326.2999952
711	326.2000084
712	326.2000084
713	326.5999854
714	326.4999986
715	326.9000053
716	326.9000053
717	327.1000087
718	326.9999921
719	326.9999921
720	326.9000053
721	326.5999854
722	326.5999854
723	326.000005
724	326.000005
725	325.7000148
726	326.000005
727	326.2999952
728	326.5999854
729	326.700002
730	326.9000053
731	326.9999921
732	326.9000053
733	326.9999921
734	326.5999854
735	326.4999986
736	326.4999986
737	326.4999986
738	326.5999854
739	326.4000118
740	326.4000118
741	326.2999952
742	326.4000118
743	326.4999986
744	326.2999952
745	326.4000118
746	326.2999952
747	326.000005
748	325.8999884
749	325.7000148
750	325.7000148
751	326.0999918
752	326.000005
753	326.4000118
754	326.700002
755	327.1000087
756	326.9999921
757	327.1999955
758	327.6000023
759	327.8000057
760	327.6000023
761	326.9000053
762	325.1999915
763	322.8000104
764	321.3999867
765	317.7999854
766	313.8000071
767	309.8999858
768	308.2999885
769	305.0999939
770	302.7999997
771	301.8000126
772	300.0999987
773	299.1000116
774	298.9000082
775	298.999995
776	298.9000082
777	299.4000018
778	299.8999953
779	300.3000021
780	300.9000123
781	301.8000126
782	303.0000031
783	303.4999967
784	304.6000004
785	305.2999973
786	306.1000109
787	306.4999878
788	307.3999882
789	307.9000115
790	308.6000085
791	309.1000021
792	309.7000122
793	310.2000058
794	310.4000092
795	311.1000061
796	311.3999963
797	311.8000031
798	312.0999932
799	312.5
800	312.9000068
801	313.1000102
802	313.1999969
803	313.4999871
804	313.8000071
805	313.8999939
806	314.0999973
807	314.3000007
808	314.3999875
809	314.5999908
810	314.5999908
811	314.7999942
812	315.1000142
813	315.4000044
814	315.4000044
815	315.6999946
816	315.8999979
817	315.8999979
818	316.1000013
819	316.1000013
820	316.3999915
821	316.3000047
822	316.3000047
823	316.3999915
824	316.3999915
825	316.3000047
826	316.5000081
827	316.5999949
828	317.0000017
829	316.9000149
830	317.0000017
831	317.0000017
832	316.9000149
833	316.7999983
834	317.0000017
835	317.0999885
836	317.0999885
837	317.2999918
838	317.4000084
839	317.4000084
840	317.6000118
841	317.6000118
842	317.7999854
843	317.9999888
844	317.7999854
845	317.9999888
846	317.9999888
847	318.1000054
848	318.3000088
849	318.1999922
850	318.1999922
851	318.1999922
852	318.1000054
853	318.1999922
854	318.1000054
855	318.1999922
856	318.3000088
857	318.1999922
858	318.3000088
859	318.5000122
860	318.3999956
861	318.599999
862	318.3999956
863	318.599999
864	318.599999
865	318.599999
866	318.599999
867	318.599999
868	318.599999
869	318.5000122
870	318.599999
871	318.5000122
872	318.599999
873	318.599999
874	318.3999956
875	318.599999
876	318.599999
877	318.6999857
878	319.0000057
879	318.8999891
880	318.8999891
881	318.8999891
882	318.6999857
883	318.8999891
884	318.5000122
885	318.3000088
886	318.3000088
887	318.3000088
888	318.1000054
889	318.3999956
890	318.5000122
891	318.599999
892	318.3000088
893	318.3999956
894	318.3000088
895	318.599999
896	318.3000088
897	318.599999
898	318.599999
899	318.8000023
900	318.6999857
901	318.599999
902	318.599999
903	318.5000122
904	318.3000088
905	318.3000088
906	318.3999956
907	318.3999956
908	318.3000088
909	318.599999
910	318.3000088
911	318.1999922
912	318.3999956
913	318.3000088
914	318.1999922
915	318.3000088
916	318.3999956
917	318.599999
918	318.3000088
919	318.3000088
920	318.3000088
921	318.3000088
922	318.3000088
923	318.5000122
924	318.599999
925	318.3999956
926	318.599999
927	319.0000057
928	319.2999959
929	319.0999925
930	319.2000091
931	319.2000091
932	319.2000091
933	319.2000091
934	319.0000057
935	319.0000057
936	318.8999891
937	318.6999857
938	318.599999
939	318.6999857
940	318.6999857
941	318.599999
942	318.5000122
943	318.5000122
944	318.5000122
945	318.3999956
946	318.5000122
947	318.5000122
948	318.599999
949	318.3999956
950	318.5000122
951	318.3999956
952	318.5000122
953	318.5000122
954	318.3999956
955	318.3000088
956	318.599999
957	318.599999
958	318.6999857
959	318.8999891
960	318.8000023
961	318.599999
962	318.8999891
963	318.8000023
964	318.6999857
965	318.599999
966	318.3999956
967	318.599999
968	318.5000122
969	318.3999956
970	318.3000088
971	318.3000088
972	318.5000122
973	318.599999
974	318.6999857
975	318.599999
976	318.8999891
977	318.599999
978	318.6999857
979	318.599999
980	318.8000023
981	318.6999857
982	318.8999891
983	318.6999857
984	318.5000122
985	318.6999857
986	318.3000088
987	318.8000023
988	318.599999
989	318.6999857
990	318.6999857
991	318.8999891
992	318.599999
993	318.3999956
994	318.3999956
995	317.9999888
996	318.1999922
997	318.1999922
998	318.1000054
999	318.3000088
1000	318.3000088
1001	318.1999922
1002	318.3999956
1003	318.3000088
1004	318.3999956
1005	318.1000054
1006	318.1000054
1007	318.5000122
1008	318.3999956
1009	318.5000122
1010	318.8999891
1011	318.8000023
1012	318.8999891
1013	318.8999891
1014	318.8999891
1015	319.0000057
1016	318.6999857
1017	318.6999857
1018	318.8000023
1019	318.6999857
1020	318.6999857
1021	318.8999891
1022	318.8999891
1023	318.8999891
1024	319.0000057
1025	318.8999891
1026	318.6999857
1027	318.6999857
1028	318.8000023
1029	318.5000122
1030	318.3999956
1031	318.3999956
1032	318.3000088
1033	318.3000088
1034	318.3000088
1035	318.5000122
1036	318.5000122
1037	318.599999
1038	318.599999
1039	318.599999
1040	318.5000122
1041	318.599999
1042	318.5000122
1043	318.5000122
1044	318.8000023
1045	319.2000091
1046	319.4000125
1047	319.4000125
1048	318.6999857
1049	318.3000088
1050	318.1999922
1051	318.1999922
1052	317.9999888
1053	318.1999922
1054	318.5000122
1055	319.0000057
1056	319.2000091
1057	319.5999861
1058	319.7999895
1059	320.1999962
1060	320.600003
1061	321.2000132
1062	321.5000033
1063	321.5999901
1064	322.2999871
1065	322.6999938
1066	322.6999938
1067	322.8000104
1068	323.1999874
1069	323.3999908
1070	323.3999908
1071	323.5000074
1072	323.7000108
1073	324.0999877
1074	323.9000142
1075	324.2999911
1076	324.2999911
1077	324.6999979
1078	324.8000145
1079	324.6999979
1080	324.2000043
1081	323.7999976
1082	323.9000142
1083	324.000001
1084	324.0999877
1085	324.2000043
1086	324.2999911
1087	324.6000111
1088	324.9000013
1089	324.6999979
1090	324.8000145
1091	324.4999945
1092	324.6000111
1093	324.8000145
1094	324.4999945
1095	324.4000077
1096	324.2999911
1097	324.9000013
1098	324.9999881
1099	324.9999881
1100	325.1000047
1101	325.3999949
1102	324.9999881
1103	325.3999949
1104	325.3999949
1105	325.1000047
1106	325.3999949
1107	325.3000081
1108	325.5000114
1109	325.5000114
1110	325.7000148
1111	325.3000081
1112	324.9000013
1113	324.9000013
1114	324.9999881
1115	324.9999881
1116	325.1999915
1117	325.3000081
1118	325.3000081
1119	325.3000081
1120	325.3000081
1121	324.9000013
1122	324.6999979
1123	324.6999979
1124	324.8000145
1125	324.8000145
1126	324.8000145
1127	324.8000145
1128	324.8000145
1129	324.6999979
1130	324.9999881
1131	325.1999915
1132	325.1999915
1133	325.1999915
1134	324.9000013
1135	324.9999881
1136	324.9000013
1137	325.3999949
1138	325.5999982
1139	325.5999982
1140	325.5999982
1141	325.7000148
1142	325.8999884
1143	325.8000016
1144	325.8000016
1145	325.5000114
1146	325.3999949
1147	325.5000114
1148	325.8000016
1149	325.7000148
1150	325.5999982
1151	325.5000114
1152	325.5999982
1153	325.1999915
1154	324.9999881
1155	324.9000013
1156	324.6000111
1157	324.4000077
1158	324.4000077
1159	324.2999911
1160	324.2999911
1161	324.2999911
1162	324.2999911
1163	324.9000013
1164	325.3000081
1165	325.3999949
1166	325.3999949
1167	325.3999949
1168	325.5000114
1169	325.5000114
1170	325.5000114
1171	325.5999982
1172	325.3999949
1173	325.3999949
1174	325.5000114
1175	325.5000114
1176	325.3000081
1177	325.3000081
1178	325.3000081
1179	325.1999915
1180	325.1999915
1181	325.3999949
1182	325.5999982
1183	325.8000016
1184	325.8000016
1185	325.7000148
1186	325.7000148
1187	325.8000016
1188	325.7000148
1189	325.7000148
1190	325.8999884
1191	325.8000016
1192	325.7000148
1193	325.7000148
1194	325.7000148
1195	325.5000114
1196	325.3999949
1197	325.1999915
1198	325.3000081
1199	325.3999949
1200	325.3999949
1201	325.3000081
1202	324.9999881
1203	324.9000013
1204	324.9000013
1205	325.1000047
1206	325.3000081
1207	325.3999949
1208	325.3000081
1209	325.5999982
1210	325.3999949
1211	325.3000081
1212	325.3999949
1213	325.5999982
1214	325.3999949
1215	325.8000016
1216	325.7000148
1217	325.8999884
1218	326.000005
1219	325.8999884
1220	325.7000148
1221	325.1000047
1222	324.6999979
1223	325.1000047
1224	325.3000081
1225	325.5000114
1226	325.3000081
1227	325.7000148
1228	325.5999982
1229	325.8000016
1230	326.000005
1231	326.4000118
1232	326.700002
1233	326.2999952
1234	325.5999982
1235	324.9000013
1236	323.1000006
1237	320.3999996
1238	316.5000081
1239	314.7000074
1240	310.9000027
1241	307.3000014
1242	304.3000102
1243	302.7999997
1244	300.5999923
1245	299.1999984
1246	298.4000146
1247	298.2000113
1248	297.8000045
1249	298.0000079
1250	298.4000146
1251	298.7000048
1252	299.6000051
1253	300.3000021
1254	300.7999957
1255	301.8999994
1256	302.8999865
1257	303.7999868
1258	304.1000068
1259	305.2999973
1260	305.7999909
1261	307.099998
1262	307.3000014
1263	307.7000082
1264	308.4000051
1265	309.3000054
1266	309.3999922
1267	310.0000024
1268	310.2999926
1269	310.6000125
1270	310.6000125
1271	311.3000095
1272	311.8000031
1273	312.2999966
1274	312.4000132
1275	312.7000034
1276	312.7999902
1277	312.9999936
1278	313.1000102
1279	313.4000003
1280	313.6999905
1281	313.6000037
1282	313.8000071
1283	314.3000007
1284	314.5000041
1285	314.7000074
1286	314.9000108
1287	314.9000108
1288	314.9000108
1289	315.1000142
1290	315.2999878
1291	315.2999878
1292	315.4000044
1293	315.1000142
1294	315.4000044
1295	315.6000078
1296	315.4999912
1297	315.6000078
1298	315.6999946
1299	315.8999979
1300	316.0000145
1301	316.0000145
1302	316.0000145
1303	316.3000047
1304	316.3000047
1305	316.3999915
1306	316.7000115
1307	316.5999949
1308	316.9000149
1309	316.9000149
1310	316.7999983
1311	316.7000115
1312	316.7000115
1313	316.9000149
1314	316.5999949
1315	316.7999983
1316	316.9000149
1317	317.0000017
1318	317.0999885
1319	317.2000051
1320	317.2000051
1321	317.2999918
1322	317.2999918
1323	317.4999952
1324	317.2999918
1325	317.2000051
1326	317.2999918
1327	317.2999918
1328	317.6000118
1329	317.4999952
1330	317.4000084
1331	317.2999918
1332	317.2999918
1333	317.0000017
1334	317.0999885
1335	317.0000017
1336	317.0000017
1337	317.0000017
1338	317.0999885
1339	317.0999885
1340	317.2999918
1341	317.0999885
1342	317.4000084
1343	317.4000084
1344	317.6000118
1345	317.6999986
1346	317.6000118
1347	317.9999888
1348	317.9999888
1349	318.3000088
1350	318.1000054
1351	318.3000088
1352	318.1999922
1353	317.9999888
1354	317.9999888
1355	317.9999888
1356	317.9999888
1357	318.3000088
1358	318.1999922
1359	317.9999888
1360	317.9999888
1361	317.9999888
1362	317.9999888
1363	317.9999888
1364	317.900002
1365	318.1000054
1366	318.1000054
1367	317.7999854
1368	317.9999888
1369	317.9999888
1370	318.3000088
1371	318.5000122
1372	318.3000088
1373	318.3999956
1374	318.6999857
1375	318.599999
1376	318.5000122
1377	318.5000122
1378	318.599999
1379	318.599999
1380	318.599999
1381	318.3000088
1382	318.3999956
1383	318.1999922
1384	317.9999888
1385	317.9999888
1386	317.9999888
1387	317.9999888
1388	317.9999888
1389	317.7999854
1390	317.9999888
1391	317.7999854
1392	317.7999854
1393	317.900002
1394	318.1000054
1395	317.7999854
1396	317.7999854
1397	317.6999986
1398	318.1999922
1399	317.900002
1400	317.900002
1401	317.6999986
1402	317.7999854
1403	317.7999854
1404	317.900002
1405	317.900002
1406	317.900002
1407	317.900002
1408	317.9999888
1409	317.900002
1410	317.900002
1411	317.900002
1412	317.7999854
1413	317.7999854
1414	317.7999854
1415	317.900002
1416	317.9999888
1417	318.3000088
1418	318.5000122
1419	318.5000122
1420	318.599999
1421	318.599999
1422	318.3000088
1423	318.5000122
1424	318.3999956
1425	318.3999956
1426	318.3000088
1427	318.1000054
1428	318.5000122
1429	318.5000122
1430	318.3999956
1431	318.3000088
1432	318.5000122
1433	318.5000122
1434	318.3000088
1435	318.3000088
1436	318.5000122
1437	318.3999956
1438	318.3000088
1439	318.3000088
1440	318.3999956
1441	318.599999
1442	318.5000122
1443	318.3000088
1444	318.5000122
1445	318.599999
1446	318.3999956
1447	318.3000088
1448	318.1999922
1449	318.3999956
1450	318.3000088
1451	318.1000054
1452	318.3000088
1453	318.5000122
1454	318.3999956
1455	318.3000088
1456	318.3000088
1457	318.3000088
1458	318.3000088
1459	318.1999922
1460	318.1999922
1461	318.1000054
1462	318.1000054
1463	317.9999888
1464	317.900002
1465	317.900002
1466	317.7999854
1467	317.6999986
1468	318.1000054
1469	317.9999888
1470	317.9999888
1471	317.900002
1472	318.1999922
1473	317.9999888
1474	318.3000088
1475	318.1000054
1476	318.3000088
1477	318.1999922
1478	318.3000088
1479	318.1000054
1480	317.9999888
1481	318.1999922
1482	318.3000088
1483	318.3000088
1484	318.3000088
1485	318.5000122
1486	318.3000088
1487	318.3000088
1488	318.3000088
1489	318.3999956
1490	318.6999857
1491	318.6999857
1492	318.6999857
1493	318.5000122
1494	318.3999956
1495	318.5000122
1496	318.3999956
1497	318.1999922
1498	318.3000088
1499	318.3000088
1500	318.3000088
1501	318.3000088
1502	318.1999922
1503	318.1000054
1504	318.1000054
1505	318.3000088
1506	318.1000054
1507	318.3999956
1508	318.3000088
1509	318.3000088
1510	318.3999956
1511	318.3000088
1512	318.1000054
1513	317.9999888
1514	318.1000054
1515	317.9999888
1516	317.9999888
1517	318.1999922
1518	318.3999956
1519	318.6999857
1520	318.599999
1521	318.5000122
1522	317.9999888
1523	317.9999888
1524	318.1999922
1525	318.1000054
1526	317.9999888
1527	318.1000054
1528	318.599999
1529	318.599999
1530	319.0000057
1531	319.2999959
1532	320.1999962
1533	320.6999898
1534	320.8999932
1535	321.5000033
1536	321.7000067
1537	321.9999969
1538	322.2999871
1539	322.4000037
1540	322.8000104
1541	323.3999908
1542	323.5000074
1543	323.7999976
1544	324.0999877
1545	324.2000043
1546	324.2999911
1547	324.0999877
1548	324.000001
1549	323.7999976
1550	323.7999976
1551	324.000001
1552	323.9000142
1553	324.000001
1554	324.0999877
1555	324.000001
1556	324.4000077
1557	324.2000043
1558	324.0999877
1559	324.000001
1560	323.9000142
1561	323.7999976
1562	323.3999908
1563	323.7000108
1564	323.7999976
1565	324.0999877
1566	324.2000043
1567	324.0999877
1568	323.9000142
1569	323.7999976
1570	323.9000142
1571	323.7999976
1572	324.0999877
1573	324.0999877
1574	324.000001
1575	324.000001
1576	324.2000043
1577	324.2000043
1578	324.2000043
1579	324.4999945
1580	324.4000077
1581	324.2999911
1582	324.4000077
1583	324.6999979
1584	324.9999881
1585	324.9000013
1586	324.4000077
1587	324.2999911
1588	324.0999877
1589	324.0999877
1590	324.000001
1591	324.000001
1592	323.9000142
1593	323.7000108
1594	323.7999976
1595	324.2000043
1596	324.0999877
1597	324.0999877
1598	324.0999877
1599	324.0999877
1600	324.0999877
1601	324.4000077
1602	324.6999979
1603	324.9000013
1604	324.6999979
1605	324.4999945
1606	324.4000077
1607	324.6000111
1608	324.4000077
1609	324.4000077
1610	324.2000043
1611	324.000001
1612	323.7999976
1613	323.7000108
1614	323.3999908
1615	323.5999942
1616	323.9000142
1617	323.7999976
1618	323.7999976
1619	323.7999976
1620	324.2000043
1621	324.4999945
1622	324.4000077
1623	324.4000077
1624	324.4000077
1625	324.4999945
1626	324.4999945
1627	324.4999945
1628	324.4000077
1629	324.9999881
1630	325.1000047
1631	325.3999949
1632	325.3000081
1633	325.3999949
1634	325.3000081
1635	325.3000081
1636	325.3999949
1637	325.3999949
1638	325.3000081
1639	325.3999949
1640	325.3000081
1641	325.3999949
1642	325.5000114
1643	325.5999982
1644	325.8999884
1645	325.5999982
1646	325.3999949
1647	324.9000013
1648	324.6999979
1649	324.9999881
1650	324.9999881
1651	324.9999881
1652	324.9999881
1653	325.1000047
1654	324.9999881
1655	324.9000013
1656	324.6999979
1657	324.4999945
1658	324.2999911
1659	324.4000077
1660	324.6000111
1661	324.4999945
1662	324.6999979
1663	324.6000111
1664	324.6999979
1665	324.9999881
1666	324.9999881
1667	324.9999881
1668	324.8000145
1669	324.4999945
1670	324.6999979
1671	324.8000145
1672	324.9000013
1673	324.9999881
1674	324.9999881
1675	325.3000081
1676	325.3000081
1677	325.1999915
1678	325.1000047
1679	325.1999915
1680	325.1999915
1681	324.9999881
1682	324.9000013
1683	324.6000111
1684	324.6999979
1685	324.4000077
1686	324.4000077
1687	324.4000077
1688	324.4000077
1689	324.0999877
1690	324.000001
1691	324.000001
1692	324.0999877
1693	324.000001
1694	323.5999942
1695	323.5000074
1696	323.3999908
1697	323.9000142
1698	324.2999911
1699	324.4999945
1700	324.8000145
1701	324.9000013
1702	325.3000081
1703	325.5000114
1704	325.7000148
1705	326.000005
1706	325.7000148
1707	325.1999915
1708	324.4000077
1709	322.4999905
1710	319.7000027
1711	317.900002
1712	314.3999875
1713	310.6999993
1714	309.1999888
1715	305.9999943
1716	303.2000065
1717	301.2999892
1718	300.3000021
1719	298.999995
1720	298.0999947
1721	297.6999879
1722	297.8000045
1723	298.5000014
1724	298.9000082
1725	299.6000051
1726	299.8999953
1727	301.0999858
1728	301.6000092
1729	302.7999997
1730	302.8999865
1731	303.7
1732	304.8000038
1733	305.5000007
1734	305.9000075
1735	306.6000044
1736	307.0000112
1737	307.3000014
1738	308.2000017
1739	308.6000085
1740	309.1000021
1741	309.3999922
1742	309.8999858
1743	310.2999926
1744	310.7999861
1745	310.9000027
1746	311.1000061
1747	311.1999929
1748	311.8000031
1749	312.0999932
1750	312.4000132
1751	312.5
1752	312.5999868
1753	312.7000034
1754	312.7999902
1755	313.1000102
1756	313.4000003
1757	313.4999871
1758	313.4999871
1759	313.8000071
1760	313.8000071
1761	314.0999973
1762	314.2000139
1763	314.0999973
1764	314.2000139
1765	314.2000139
1766	314.5000041
1767	314.7000074
1768	314.7000074
1769	314.9999976
1770	314.9999976
1771	314.7999942
1772	314.9000108
1773	314.7999942
1774	314.9999976
1775	315.200001
1776	315.4000044
1777	315.4000044
1778	315.2999878
1779	315.4000044
1780	315.200001
1781	315.2999878
1782	315.200001
1783	315.4000044
1784	315.4000044
1785	315.200001
1786	315.4999912
1787	315.4000044
1788	315.6999946
1789	315.8999979
1790	315.8999979
1791	316.1000013
1792	316.1999881
1793	316.3000047
1794	316.1999881
1795	316.1000013
1796	316.1999881
1797	316.3999915
1798	316.3999915
1799	316.3000047
1800	316.3999915
1801	316.3000047
1802	316.3000047
1803	316.3000047
1804	316.1000013
1805	316.1999881
1806	316.3999915
1807	316.7000115
1808	316.5000081
1809	316.7000115
1810	316.5999949
1811	316.9000149
1812	316.7999983
1813	316.9000149
1814	316.9000149
1815	316.9000149
1816	316.7000115
1817	316.7000115
1818	316.7000115
1819	316.5000081
1820	316.7000115
1821	317.0000017
1822	316.9000149
1823	317.0000017
1824	317.0999885
1825	317.0999885
1826	317.0999885
1827	317.0000017
1828	317.0000017
1829	317.0000017
1830	317.0999885
1831	317.0999885
1832	317.2000051
1833	317.2000051
1834	317.2999918
1835	317.0999885
1836	317.2000051
1837	317.2000051
1838	317.0000017
1839	317.0000017
1840	317.0999885
1841	317.2000051
1842	317.0999885
1843	317.0000017
1844	317.0999885
1845	317.0999885
1846	317.2999918
1847	317.2999918
1848	317.0999885
1849	317.0999885
1850	317.2999918
1851	317.2999918
1852	317.2999918
1853	317.2999918
1854	317.2999918
1855	317.2999918
1856	317.4000084
1857	317.4999952
1858	317.2999918
1859	317.2999918
1860	317.2999918
1861	317.2000051
1862	317.0999885
1863	317.2000051
1864	317.2999918
1865	317.4000084
1866	317.6000118
1867	317.6000118
1868	317.6999986
1869	317.6000118
1870	317.4000084
1871	317.2999918
1872	317.2999918
1873	317.2999918
1874	317.6000118
1875	317.6000118
1876	317.6000118
1877	317.6000118
1878	317.9999888
1879	317.7999854
1880	317.6000118
1881	317.4000084
1882	317.4999952
1883	317.6000118
1884	317.6000118
1885	317.6000118
1886	317.6000118
1887	317.6000118
1888	317.6999986
1889	317.4999952
1890	317.4999952
1891	317.4000084
1892	317.6000118
1893	317.4000084
1894	317.2999918
1895	317.4000084
1896	317.4999952
1897	317.4999952
1898	317.2999918
1899	317.2000051
1900	317.2999918
1901	317.2999918
1902	317.2999918
1903	317.6000118
1904	317.6000118
1905	317.4000084
1906	317.4000084
1907	317.2999918
1908	317.4000084
1909	317.7999854
1910	317.4999952
1911	317.4999952
1912	317.4000084
1913	317.4000084
1914	317.4999952
1915	317.4999952
1916	317.4999952
1917	317.6000118
1918	317.6999986
1919	317.6999986
1920	317.7999854
1921	317.6000118
1922	317.6000118
1923	317.6000118
1924	317.0999885
1925	317.2000051
1926	317.4000084
1927	317.2999918
1928	317.4999952
1929	317.6000118
1930	317.4999952
1931	317.4999952
1932	317.4999952
1933	317.4999952
1934	317.4999952
1935	317.4000084
1936	317.6000118
1937	317.6000118
1938	317.6000118
1939	317.4999952
1940	317.2999918
1941	317.2999918
1942	317.2999918
1943	317.2999918
1944	317.4000084
1945	317.4000084
1946	317.6000118
1947	317.6999986
1948	317.6999986
1949	317.7999854
1950	317.6999986
1951	317.900002
1952	317.900002
1953	317.9999888
1954	317.9999888
1955	317.9999888
1956	317.900002
1957	317.900002
1958	317.6999986
1959	317.6000118
1960	317.6000118
1961	317.4999952
1962	317.7999854
1963	317.6999986
1964	317.7999854
1965	317.7999854
1966	317.6999986
1967	317.6999986
1968	317.900002
1969	317.9999888
1970	317.9999888
1971	317.9999888
1972	317.9999888
1973	317.9999888
1974	317.9999888
1975	317.9999888
1976	317.9999888
1977	317.9999888
1978	317.6000118
1979	317.6000118
1980	317.6000118
1981	317.6999986
1982	317.4000084
1983	317.4999952
1984	317.6999986
1985	317.6000118
1986	317.6999986
1987	317.6000118
1988	317.2999918
1989	317.2999918
1990	317.6000118
1991	317.9999888
1992	318.3000088
1993	318.1000054
1994	317.900002
1995	317.7999854
1996	317.4000084
1997	317.0000017
1998	316.7999983
1999	316.7000115
2000	317.0000017
2001	317.0999885
2002	317.2999918
2003	317.0000017
2004	317.4000084
2005	317.900002
2006	317.9999888
2007	318.599999
2008	319.2999959
2009	320.1999962
2010	320.4999864
2011	320.8999932
2012	321.2000132
2013	321.0999966
2014	321.2000132
2015	321.5999901
2016	321.7999935
2017	321.9999969
2018	322.6000071
2019	322.6000071
2020	323.0000138
2021	322.6999938
2022	323.300004
2023	323.3999908
2024	323.7999976
2025	323.5999942
2026	323.5999942
2027	323.3999908
2028	323.300004
2029	323.3999908
2030	323.3999908
2031	323.0000138
2032	322.8000104
2033	322.8999972
2034	323.3999908
2035	323.5999942
2036	323.7999976
2037	323.7999976
2038	324.000001
2039	324.0999877
2040	324.0999877
2041	324.0999877
2042	324.2999911
2043	324.8000145
2044	324.6999979
2045	324.9999881
2046	324.6999979
2047	324.6000111
2048	324.4000077
2049	324.6999979
2050	324.6999979
2051	324.8000145
2052	324.4999945
2053	324.4999945
2054	324.6000111
2055	324.4000077
2056	324.2000043
2057	324.0999877
2058	324.000001
2059	324.2000043
2060	324.0999877
2061	324.4000077
2062	324.2999911
2063	324.0999877
2064	324.2000043
2065	324.2999911
2066	324.6999979
2067	324.6999979
2068	324.6999979
2069	324.6000111
2070	324.6000111
2071	324.4999945
2072	324.6999979
2073	324.6999979
2074	324.9999881
2075	324.6999979
2076	324.8000145
2077	324.8000145
2078	324.4999945
2079	324.4999945
2080	324.2000043
2081	324.4000077
2082	324.6999979
2083	324.9000013
2084	324.9999881
2085	324.6999979
2086	324.6999979
2087	324.6999979
2088	324.4999945
2089	324.4000077
2090	324.4000077
2091	324.4000077
2092	324.4000077
2093	324.6000111
2094	324.8000145
2095	324.6999979
2096	324.6999979
2097	324.4999945
2098	324.2999911
2099	324.4000077
2100	324.6999979
2101	324.6000111
2102	324.6999979
2103	324.6999979
2104	324.6999979
2105	324.9000013
2106	324.6999979
2107	324.6999979
2108	324.2000043
2109	324.4000077
2110	324.4000077
2111	324.4000077
2112	324.4999945
2113	324.6999979
2114	324.8000145
2115	324.9000013
2116	324.9000013
2117	324.8000145
2118	324.6000111
2119	324.6999979
2120	324.4000077
2121	324.4000077
2122	323.9000142
2123	323.9000142
2124	323.7999976
2125	323.9000142
2126	323.9000142
2127	324.000001
2128	323.7999976
2129	324.2000043
2130	324.2000043
2131	324.0999877
2132	324.0999877
2133	324.000001
2134	323.7999976
2135	323.5999942
2136	323.3999908
2137	323.7999976
2138	323.7999976
2139	324.4000077
2140	324.2999911
2141	324.6999979
2142	325.1000047
2143	325.3000081
2144	325.1000047
2145	324.9999881
2146	324.9999881
2147	325.3999949
2148	325.3999949
2149	325.3999949
2150	325.1999915
2151	325.1000047
2152	325.3000081
2153	325.3999949
2154	325.1999915
2155	325.3999949
2156	325.3999949
2157	325.3000081
2158	324.9999881
2159	324.8000145
2160	324.6999979
2161	324.4999945
2162	324.6999979
2163	324.6999979
2164	324.6000111
2165	324.6999979
2166	324.6999979
2167	324.4999945
2168	324.6000111
2169	324.4000077
2170	324.4000077
2171	324.6999979
2172	324.9999881
2173	325.1999915
2174	325.3000081
2175	325.5999982
2176	325.5999982
2177	326.5999854
2178	326.4999986
2179	326.2999952
2180	325.8000016
2181	325.1999915
2182	324.6999979
2183	322.8000104
2184	320.1000094
2185	316.3999915
2186	314.0999973
2187	310.4999959
2188	307.0000112
2189	303.9000034
2190	302.5000095
2191	300.1999855
2192	298.7999916
2193	298.0000079
2194	297.6999879
2195	297.5000143
2196	297.6999879
2197	297.8999913
2198	298.5999882
2199	299.4999886
2200	300.1999855
2201	300.5999923
2202	301.8000126
2203	302.5000095
2204	303.4000099
2205	303.9000034
2206	304.8000038
2207	305.2999973
2208	305.9999943
2209	306.1999977
2210	307.0000112
2211	307.5000048
2212	308.2999885
2213	308.4000051
2214	308.8999987
2215	309.3000054
2216	309.8999858
2217	310.0000024
2218	310.6000125
2219	310.9000027
2220	311.1000061
2221	311.5000129
2222	311.5999997
2223	312.2999966
2224	312.2999966
2225	312.5
2226	312.5
2227	312.5999868
2228	312.5999868
2229	312.9999936
2230	312.9000068
2231	313.1000102
2232	313.3000135
2233	313.1999969
2234	313.4000003
2235	313.6000037
2236	313.8000071
2237	313.8999939
2238	314.3000007
2239	314.5000041
2240	314.3999875
2241	314.5999908
2242	314.5999908
2243	314.3999875
2244	314.3999875
2245	314.3999875
2246	314.3000007
2247	314.3999875
2248	314.7000074
2249	314.7000074
2250	314.7000074
2251	314.7000074
2252	314.7999942
2253	314.7000074
2254	314.9000108
2255	315.1000142
2256	315.4000044
2257	315.200001
2258	315.200001
2259	315.2999878
2260	315.4999912
2261	315.6000078
2262	315.6999946
2263	315.6999946
2264	315.6999946
2265	315.6000078
2266	315.8999979
2267	315.8999979
2268	316.0000145
2269	315.8999979
2270	316.0000145
2271	315.8999979
2272	315.6999946
2273	315.8000112
2274	315.8999979
2275	316.0000145
2276	316.0000145
2277	316.1000013
2278	316.3000047
2279	316.1999881
2280	316.1000013
2281	316.1000013
2282	316.1000013
2283	315.8999979
2284	316.3000047
2285	316.3999915
2286	316.3999915
2287	316.3999915
2288	316.5000081
2289	316.3999915
2290	316.1999881
2291	316.5000081
2292	316.3999915
2293	316.3999915
2294	316.3999915
2295	316.3999915
2296	316.5999949
2297	316.5999949
2298	316.5000081
2299	316.5000081
2300	316.3999915
2301	316.3999915
2302	316.7000115
2303	316.7000115
2304	316.7000115
2305	316.7000115
2306	316.7000115
2307	316.9000149
2308	316.7000115
2309	316.5999949
2310	316.7999983
2311	316.9000149
2312	316.7000115
2313	317.4999952
2314	316.9000149
2315	317.0000017
2316	317.0999885
2317	317.0000017
2318	316.7000115
2319	316.7000115
2320	316.7000115
2321	316.7000115
2322	316.5999949
2323	316.7000115
2324	316.5999949
2325	316.7000115
2326	316.9000149
2327	316.9000149
2328	316.7000115
2329	317.0000017
2330	316.7000115
2331	317.0000017
2332	316.9000149
2333	317.0000017
2334	317.0000017
2335	317.2000051
2336	317.0999885
2337	317.0999885
2338	317.2999918
2339	317.0000017
2340	316.9000149
2341	316.7999983
2342	316.9000149
2343	316.9000149
2344	316.9000149
2345	316.9000149
2346	316.7999983
2347	316.7000115
2348	316.7999983
2349	317.0000017
2350	316.7000115
2351	316.5999949
2352	316.7000115
2353	316.5999949
2354	316.7000115
2355	316.7000115
2356	316.7999983
2357	316.7000115
2358	316.5999949
2359	316.5999949
2360	316.7999983
2361	316.9000149
2362	316.7000115
2363	316.7999983
2364	316.7000115
2365	316.9000149
2366	316.7999983
2367	316.7999983
2368	316.7000115
2369	316.7000115
2370	316.7000115
2371	316.5000081
2372	316.5000081
2373	316.7000115
2374	316.7000115
2375	316.7000115
2376	316.7000115
2377	317.0000017
2378	316.9000149
2379	317.0000017
2380	316.7000115
2381	316.7000115
2382	316.5999949
2383	316.5999949
2384	316.5000081
2385	316.5000081
2386	316.1999881
2387	316.3000047
2388	316.3999915
2389	316.3000047
2390	316.1999881
2391	316.0000145
2392	316.3999915
2393	316.3000047
2394	316.1000013
2395	316.1000013
2396	316.3999915
2397	316.1999881
2398	316.3999915
2399	316.1000013
2400	316.3000047
2401	316.1999881
2402	316.3000047
2403	316.5000081
2404	316.3999915
2405	316.7000115
2406	316.7999983
2407	316.7000115
2408	316.7000115
2409	316.5999949
2410	316.5000081
2411	316.7000115
2412	316.7000115
2413	316.3999915
2414	316.1999881
2415	316.3999915
2416	316.3999915
2417	316.3999915
2418	316.3999915
2419	316.5000081
2420	316.5000081
2421	316.5000081
2422	316.5999949
2423	316.5000081
2424	316.3999915
2425	316.5000081
2426	316.3000047
2427	316.5000081
2428	316.5000081
2429	316.3999915
2430	316.3000047
2431	316.3999915
2432	316.5000081
2433	316.3999915
2434	316.3999915
2435	316.3999915
2436	316.3999915
2437	316.3999915
2438	316.5000081
2439	316.5999949
2440	316.7000115
2441	316.5000081
2442	316.5999949
2443	316.3000047
2444	316.3999915
2445	316.7000115
2446	316.5999949
2447	316.7000115
2448	316.3999915
2449	316.1999881
2450	316.1999881
2451	316.3000047
2452	316.5000081
2453	316.3000047
2454	316.3999915
2455	316.3999915
2456	316.3000047
2457	316.3000047
2458	316.3000047
2459	316.5000081
2460	316.5000081
2461	316.5999949
2462	316.5999949
2463	316.3999915
2464	316.3999915
2465	316.7000115
2466	316.3999915
2467	316.1000013
2468	315.8000112
2469	315.4000044
2470	315.6000078
2471	315.4000044
2472	315.4000044
2473	315.2999878
2474	315.4000044
2475	316.0000145
2476	316.5000081
2477	316.5000081
2478	316.9000149
2479	317.2999918
2480	318.1999922
2481	318.6999857
2482	318.8999891
2483	319.2999959
2484	319.5999861
2485	319.4999993
2486	319.4999993
2487	319.9000061
2488	320.6999898
2489	320.8999932
2490	321.2000132
2491	320.8999932
2492	320.6999898
2493	320.8000064
2494	320.6999898
2495	320.8999932
2496	321.2000132
2497	321.5000033
2498	321.7000067
2499	322.1000135
2500	322.1000135
2501	322.1000135
2502	321.9999969
2503	322.1000135
2504	322.1000135
2505	322.1000135
2506	321.9000101
2507	321.7999935
2508	321.5999901
2509	321.7000067
2510	321.7000067
2511	321.7000067
2512	321.7999935
2513	322.1000135
2514	322.2999871
2515	322.2999871
2516	322.2000003
2517	322.1000135
2518	322.1000135
2519	322.1000135
2520	321.9000101
2521	321.9000101
2522	321.7999935
2523	321.5999901
2524	321.5000033
2525	321.7000067
2526	321.5999901
2527	321.7999935
2528	321.9999969
2529	322.1000135
2530	322.1000135
2531	322.1000135
2532	321.9999969
2533	321.7000067
2534	321.0000098
2535	321.0999966
2536	321.2000132
2537	321.3999867
2538	321.3999867
2539	321.3999867
2540	321.5999901
2541	321.9000101
2542	321.7999935
2543	321.9000101
2544	321.7999935
2545	321.3999867
2546	321.2000132
2547	321.2000132
2548	321.2000132
2549	320.8999932
2550	320.8999932
2551	321.3
2552	321.9000101
2553	321.9000101
2554	321.7999935
2555	321.7999935
2556	321.9999969
2557	322.1000135
2558	321.9000101
2559	321.9000101
2560	321.9999969
2561	321.7999935
2562	321.7999935
2563	321.3999867
2564	321.5000033
2565	321.3999867
2566	321.5000033
2567	321.9000101
2568	322.1000135
2569	322.4000037
2570	322.6000071
2571	322.6999938
2572	322.6999938
2573	322.6000071
2574	322.8000104
2575	322.6000071
2576	322.8999972
2577	322.8000104
2578	322.8000104
2579	322.8999972
2580	322.6000071
2581	322.6000071
2582	322.4000037
2583	322.2999871
2584	322.1000135
2585	322.1000135
2586	322.1000135
2587	321.7999935
2588	321.5000033
2589	321.9999969
2590	322.1000135
2591	322.1000135
2592	322.2000003
2593	322.4000037
2594	322.6000071
2595	322.6999938
2596	322.6999938
2597	322.1000135
2598	322.2999871
2599	322.4999905
2600	322.4999905
2601	322.4999905
2602	322.2999871
2603	322.4000037
2604	322.4999905
2605	322.6000071
2606	322.6000071
2607	322.8999972
2608	323.0000138
2609	323.1999874
2610	323.1000006
2611	323.1000006
2612	323.1000006
2613	323.3999908
2614	323.0000138
2615	323.1000006
2616	323.0000138
2617	322.8999972
2618	322.8999972
2619	323.0000138
2620	323.0000138
2621	322.8000104
2622	322.4999905
2623	322.8000104
2624	322.6000071
2625	322.1000135
2626	321.9000101
2627	321.7999935
2628	321.5999901
2629	321.7000067
2630	321.7000067
2631	321.7999935
2632	322.1000135
2633	322.1000135
2634	322.2000003
2635	322.1000135
2636	322.1000135
2637	322.2999871
2638	322.1000135
2639	319.9000061
2640	322.2000003
2641	321.9999969
2642	321.9000101
2643	321.9000101
2644	322.1000135
2645	322.1000135
2646	322.4999905
2647	322.6000071
2648	322.4999905
2649	323.1000006
2650	323.3999908
2651	324.0999877
2652	324.000001
2653	323.300004
2654	322.8000104
2655	321.2000132
2656	318.6999857
2657	317.0999885
2658	314.0999973
2659	310.6000125
2660	306.6999912
2661	305.0999939
2662	302.1999896
2663	300.0000119
2664	298.0999947
2665	297.1000075
2666	296.4000106
2667	296.0999906
2668	296.0999906
2669	296.0999906
2670	296.4000106
2671	297.1000075
2672	298.0000079
2673	298.5999882
2674	299.2999852
2675	300.1999855
2676	301.2000024
2677	301.6000092
2678	302.5000095
2679	303.2000065
2680	303.7999868
2681	304.6000004
2682	305.2000105
2683	305.7999909
2684	306.1000109
2685	306.6999912
2686	307.0000112
2687	307.5999916
2688	307.9999983
2689	308.4999919
2690	308.8999987
2691	308.6999953
2692	308.8999987
2693	309.3000054
2694	309.5000088
2695	309.5999956
2696	309.8999858
2697	310.2000058
2698	310.2999926
2699	310.2000058
2700	310.2999926
2701	310.9000027
2702	311.1999929
2703	311.3000095
2704	311.5000129
2705	312.2000098
2706	312.0999932
2707	312.0000064
2708	312.0999932
2709	312.0999932
2710	312.0999932
2711	312.0999932
2712	312.0999932
2713	312.2999966
2714	312.4000132
2715	312.5
2716	312.5999868
2717	312.7999902
2718	312.9999936
2719	312.7999902
2720	313.1000102
2721	313.1999969
2722	312.9000068
2723	313.1999969
2724	313.1999969
2725	313.4000003
2726	313.3000135
2727	313.1999969
2728	313.3000135
2729	313.4999871
2730	313.4000003
2731	313.4999871
2732	313.4999871
2733	313.4999871
2734	313.6999905
2735	313.6000037
2736	313.8000071
2737	313.8000071
2738	313.6000037
2739	314.0999973
2740	313.8999939
2741	313.6999905
2742	313.8999939
2743	314.0000105
2744	313.8999939
2745	314.2000139
2746	314.0999973
2747	314.3000007
2748	314.3999875
2749	314.3000007
2750	314.2000139
2751	314.0999973
2752	314.0999973
2753	314.2000139
2754	314.2000139
2755	314.0999973
2756	314.3999875
2757	314.5000041
2758	314.2000139
2759	314.3999875
2760	314.0000105
2761	314.2000139
2762	314.3999875
2763	314.2000139
2764	314.2000139
2765	314.0000105
2766	314.0000105
2767	314.0000105
2768	314.0999973
2769	314.0000105
2770	314.2000139
2771	314.3999875
2772	314.3999875
2773	314.5000041
2774	314.5999908
2775	314.7000074
2776	314.7000074
2777	314.7000074
2778	314.7000074
2779	314.7000074
2780	314.7000074
2781	314.5000041
2782	314.3999875
2783	314.2000139
2784	314.2000139
2785	314.2000139
2786	314.3999875
2787	314.3999875
2788	314.3000007
2789	314.3999875
2790	314.5999908
2791	314.3999875
2792	314.5000041
2793	314.3999875
2794	314.5000041
2795	314.3000007
2796	314.5000041
2797	314.3999875
2798	314.5999908
2799	314.7000074
2800	314.7999942
2801	314.7000074
2802	314.5999908
2803	314.5000041
2804	314.3999875
2805	314.3999875
2806	314.0999973
2807	314.0999973
2808	314.3999875
2809	314.0999973
2810	314.3999875
2811	314.3999875
2812	314.5000041
2813	314.7000074
2814	314.5000041
2815	314.5000041
2816	314.5999908
2817	314.3999875
2818	314.5000041
2819	314.7000074
2820	314.7000074
2821	314.7000074
2822	314.7000074
2823	314.3999875
2824	314.3000007
2825	314.0999973
2826	314.3999875
2827	314.3000007
2828	314.2000139
2829	314.0000105
2830	314.3000007
2831	314.3999875
2832	314.3999875
2833	314.3999875
2834	314.3999875
2835	314.3999875
2836	314.5000041
2837	314.5000041
2838	314.5000041
2839	314.3999875
2840	314.5000041
2841	314.3999875
2842	314.5999908
2843	314.5000041
2844	314.5999908
2845	314.3999875
2846	314.3000007
2847	314.3999875
2848	314.3000007
2849	314.2000139
2850	314.0999973
2851	314.2000139
2852	314.0000105
2853	314.2000139
2854	314.3000007
2855	314.2000139
2856	314.0999973
2857	313.8999939
2858	314.3000007
2859	314.2000139
2860	314.3999875
2861	314.3999875
2862	314.3999875
2863	314.3999875
2864	314.5000041
2865	314.5999908
2866	314.7000074
2867	314.9000108
2868	314.7999942
2869	314.5999908
2870	314.5999908
2871	314.2000139
2872	314.3999875
2873	314.3999875
2874	314.5000041
2875	314.5000041
2876	314.3999875
2877	314.7000074
2878	314.7000074
2879	314.7000074
2880	314.5999908
2881	314.5999908
2882	314.3999875
2883	314.3000007
2884	314.3999875
2885	314.3999875
2886	314.2000139
2887	314.3000007
2888	314.3000007
2889	314.2000139
2890	314.5000041
2891	314.5999908
2892	314.3999875
2893	314.7999942
2894	314.9999976
2895	314.9000108
2896	314.7000074
2897	314.3000007
2898	313.8999939
2899	314.0999973
2900	314.2000139
2901	314.3999875
2902	314.3999875
2903	314.3999875
2904	314.5999908
2905	314.3999875
2906	314.5000041
2907	314.3999875
2908	314.3000007
2909	314.3000007
2910	314.3999875
2911	314.5999908
2912	314.9000108
2913	314.7999942
2914	314.9000108
2915	314.7000074
2916	314.7000074
2917	314.7999942
2918	314.7999942
2919	314.7000074
2920	314.7000074
2921	314.7000074
2922	314.7000074
2923	314.7000074
2924	314.7999942
2925	314.7000074
2926	314.7000074
2927	314.7000074
2928	314.5999908
2929	314.5000041
2930	314.5999908
2931	314.3999875
2932	314.3999875
2933	314.3999875
2934	314.5999908
2935	314.5000041
2936	314.3999875
2937	314.3000007
2938	314.3999875
2939	314.7000074
2940	314.5999908
2941	314.3999875
2942	314.3000007
2943	314.0000105
2944	313.3000135
2945	313.1999969
2946	313.1000102
2947	312.9000068
2948	313.1000102
2949	313.4000003
2950	314.0999973
2951	314.7999942
2952	315.6000078
2953	315.8000112
2954	316.5000081
2955	317.0999885
2956	317.2999918
2957	317.9999888
2958	318.3000088
2959	318.3000088
2960	318.3000088
2961	318.8999891
2962	319.0999925
2963	319.7000027
2964	319.7999895
2965	319.9000061
2966	319.7000027
2967	319.7000027
2968	319.4999993
2969	319.5999861
2970	319.5999861
2971	319.7000027
2972	319.7999895
2973	319.9999928
2974	319.7000027
2975	319.7000027
2976	319.9000061
2977	319.7999895
2978	319.7999895
2979	319.7000027
2980	319.9000061
2981	319.9999928
2982	319.5999861
2983	319.7999895
2984	320.1999962
2985	320.3000128
2986	320.3000128
2987	320.1999962
2988	320.1999962
2989	320.1000094
2990	320.1000094
2991	320.1999962
2992	320.1000094
2993	320.1000094
2994	319.9999928
2995	320.1999962
2996	320.1999962
2997	320.4999864
2998	320.4999864
2999	320.4999864
3000	320.4999864
3001	320.3000128
3002	320.1999962
3003	320.1999962
3004	320.3000128
3005	320.600003
3006	320.6999898
3007	320.4999864
3008	320.3999996
3009	320.4999864
3010	320.1999962
3011	320.3999996
3012	320.3999996
3013	320.1000094
3014	319.9999928
3015	320.1000094
3016	320.1999962
3017	320.1000094
3018	320.3999996
3019	320.4999864
3020	320.4999864
3021	320.4999864
3022	320.1999962
3023	320.1999962
3024	320.1999962
3025	319.9000061
3026	320.1000094
3027	320.1999962
3028	320.4999864
3029	320.4999864
3030	320.4999864
3031	320.4999864
3032	320.3999996
3033	320.1999962
3034	320.3000128
3035	320.4999864
3036	320.3999996
3037	320.3999996
3038	320.1999962
3039	320.1999962
3040	319.9999928
3041	319.9999928
3042	319.9999928
3043	319.9000061
3044	320.1000094
3045	320.1999962
3046	320.1999962
3047	320.1000094
3048	319.9000061
3049	319.7999895
3050	319.9000061
3051	319.9000061
3052	319.9000061
3053	319.7999895
3054	319.7999895
3055	319.9000061
3056	319.7000027
3057	319.7999895
3058	319.7000027
3059	319.5999861
3060	319.5999861
3061	319.7000027
3062	319.9000061
3063	319.9999928
3064	319.9000061
3065	319.5999861
3066	319.4999993
3067	319.7000027
3068	319.7999895
3069	319.9999928
3070	319.9999928
3071	319.9000061
3072	319.9999928
3073	320.3000128
3074	320.4999864
3075	320.4999864
3076	320.4999864
3077	320.4999864
3078	320.4999864
3079	320.8000064
3080	320.6999898
3081	320.4999864
3082	320.4999864
3083	320.4999864
3084	320.4999864
3085	320.600003
3086	320.4999864
3087	320.600003
3088	320.3000128
3089	320.4999864
3090	320.6999898
3091	320.8999932
3092	320.8000064
3093	320.8000064
3094	320.8000064
3095	321.0000098
3096	320.8999932
3097	321.0000098
3098	320.8000064
3099	320.4999864
3100	320.6999898
3101	320.3999996
3102	320.1999962
3103	320.600003
3104	320.8000064
3105	320.3000128
3106	320.4999864
3107	320.3000128
3108	320.3000128
3109	320.1999962
3110	320.3999996
3111	320.600003
3112	320.6999898
3113	320.8999932
3114	320.600003
3115	319.9999928
3116	319.9000061
3117	320.1000094
3118	320.1999962
3119	320.1999962
3120	320.4999864
3121	320.8000064
3122	321.0000098
3123	321.3
3124	321.3999867
3125	321.5000033
3126	321.7999935
3127	321.0999966
3128	319.7000027
3129	318.6999857
3130	315.8999979
3131	312.5
3132	308.6000085
3133	306.8000078
3134	303.2000065
3135	299.8999953
3136	297.3999977
3137	296.4000106
3138	294.9000001
3139	294.0999866
3140	293.900013
3141	293.7000096
3142	293.900013
3143	294.4999933
3144	294.6999967
3145	295.3000069
3146	296.299994
3147	297.3999977
3148	297.8000045
3149	298.5999882
3150	299.6999919
3151	300.3999889
3152	300.9000123
3153	301.699996
3154	302.1999896
3155	303.0999899
3156	303.2999933
3157	304.1000068
3158	304.399997
3159	305.0999939
3160	305.4000139
3161	305.7000041
3162	306.4999878
3163	306.8000078
3164	307.099998
3165	307.3999882
3166	307.7000082
3167	307.9999983
3168	308.2000017
3169	308.2999885
3170	308.6999953
3171	308.8000119
3172	308.8999987
3173	309.3000054
3174	309.5999956
3175	309.799999
3176	310.0999892
3177	310.0999892
3178	310.2000058
3179	310.2000058
3180	310.2000058
3181	310.2999926
3182	310.4000092
3183	310.6000125
3184	310.4999959
3185	310.6000125
3186	310.6999993
3187	310.6999993
3188	310.9000027
3189	311.1000061
3190	311.1000061
3191	311.1000061
3192	311.1999929
3193	311.5000129
3194	311.3000095
3195	311.5000129
3196	311.5000129
3197	311.5000129
3198	311.5999997
3199	311.6999865
3200	311.8000031
3201	312.0000064
3202	311.8000031
3203	312.0999932
3204	312.2999966
3205	312.0999932
3206	312.2000098
3207	312.2000098
3208	312.2000098
3209	312.0000064
3210	312.0999932
3211	312.0999932
3212	312.2000098
3213	312.2000098
3214	312.2000098
3215	312.2000098
3216	312.2000098
3217	312.2000098
3218	312.0999932
3219	312.2999966
3220	312.2000098
3221	312.4000132
3222	312.2999966
3223	312.2000098
3224	311.8000031
3225	312.0000064
3226	311.8999898
3227	311.8999898
3228	312.0999932
3229	312.2000098
3230	312.2000098
3231	312.2000098
3232	312.2000098
3233	312.2999966
3234	312.2000098
3235	312.4000132
3236	312.2000098
3237	312.2000098
3238	312.5
3239	312.5999868
3240	312.7000034
3241	312.7999902
3242	312.5999868
3243	312.5
3244	312.5999868
3245	312.7999902
3246	313.1000102
3247	313.1999969
3248	313.3000135
3249	312.9999936
3250	313.1000102
3251	313.1000102
3252	312.7999902
3253	312.7999902
3254	312.7999902
3255	312.7999902
3256	312.5999868
3257	312.7000034
3258	312.7000034
3259	312.5
3260	312.4000132
3261	312.5
3262	312.5
3263	312.7999902
3264	312.7000034
3265	312.7000034
3266	312.7000034
3267	312.7000034
3268	312.5999868
3269	312.5
3270	312.5
3271	312.5
3272	312.7999902
3273	312.7999902
3274	312.7999902
3275	312.7000034
3276	312.7999902
3277	312.7999902
3278	312.9999936
3279	312.9999936
3280	312.7999902
3281	313.1000102
3282	312.9000068
3283	312.9999936
3284	312.9000068
3285	313.1999969
3286	312.9999936
3287	312.9999936
3288	312.9000068
3289	312.7000034
3290	312.5
3291	312.5
3292	312.5999868
3293	312.7000034
3294	312.5999868
3295	312.7000034
3296	312.5
3297	312.5999868
3298	312.5
3299	312.5
3300	312.5999868
3301	311.8000031
3302	310.7999861
3303	309.8999858
3304	308.9999855
3305	308.8999987
3306	308.8999987
3307	309.3000054
3308	310.0999892
3309	310.2000058
3310	310.6000125
3311	310.7999861
3312	310.9000027
3313	311.1999929
3314	311.1999929
3315	311.1999929
3316	311.1000061
3317	311.1999929
3318	311.1999929
3319	311.3000095
3320	311.1999929
3321	311.1999929
3322	311.1999929
3323	311.1000061
3324	311.1999929
3325	311.1000061
3326	311.1999929
3327	311.3999963
3328	311.5000129
3329	311.3999963
3330	311.3999963
3331	311.3000095
3332	311.3000095
3333	311.3999963
3334	311.3999963
3335	311.5000129
3336	311.5000129
3337	311.6999865
3338	311.5999997
3339	311.5000129
3340	311.5000129
3341	311.5000129
3342	311.3000095
3343	311.1999929
3344	311.3000095
3345	311.1999929
3346	311.1999929
3347	310.9999895
3348	310.9000027
3349	310.6999993
3350	310.4999959
3351	310.4000092
3352	310.2000058
3353	310.2999926
3354	310.0999892
3355	310.2999926
3356	310.4999959
3357	310.4999959
3358	310.6000125
3359	310.9999895
3360	310.9000027
3361	310.9000027
3362	310.9000027
3363	310.9000027
3364	310.6999993
3365	311.1000061
3366	310.9999895
3367	311.1000061
3368	310.9000027
3369	310.9000027
3370	310.9000027
3371	310.9000027
3372	311.3000095
3373	311.5000129
3374	311.5000129
3375	311.5000129
3376	311.6999865
3377	312.0000064
3378	311.8999898
3379	312.0000064
3380	312.0000064
3381	311.8000031
3382	311.8000031
3383	311.8999898
3384	312.0000064
3385	312.0999932
3386	312.2000098
3387	312.2999966
3388	312.2000098
3389	312.4000132
3390	312.5
3391	312.5
3392	312.5
3393	312.5
3394	312.5
3395	312.5
3396	312.5
3397	315.4000044
3398	314.0999973
3399	313.8999939
3400	313.6999905
3401	313.8000071
3402	313.8999939
3403	314.0999973
3404	314.0000105
3405	314.0999973
3406	314.0999973
3407	313.8999939
3408	313.8999939
3409	313.8000071
3410	313.8999939
3411	314.3999875
3412	314.5999908
3413	314.7999942
3414	314.5999908
3415	314.5000041
3416	314.2000139
3417	313.8999939
3418	313.8000071
3419	313.6000037
3420	313.8000071
3421	313.8999939
3422	314.5000041
3423	315.1000142
3424	315.4999912
3425	316.3000047
3426	316.9000149
3427	317.4999952
3428	317.9999888
3429	318.5000122
3430	318.8999891
3431	319.2000091
3432	319.2000091
3433	319.4000125
3434	319.5999861
3435	319.5999861
3436	319.4999993
3437	319.7999895
3438	320.1999962
3439	320.1999962
3440	320.6999898
3441	321.0000098
3442	320.8999932
3443	321.0000098
3444	321.0000098
3445	321.0999966
3446	321.2000132
3447	321.3
3448	321.3
3449	321.5999901
3450	321.7999935
3451	321.7999935
3452	322.2000003
3453	322.4000037
3454	322.4999905
3455	322.2999871
3456	322.6000071
3457	322.4999905
3458	322.4000037
3459	322.1000135
3460	322.2999871
3461	322.4000037
3462	322.4999905
3463	322.8000104
3464	322.8000104
3465	322.6000071
3466	322.4000037
3467	321.7999935
3468	321.7999935
3469	324.4000077
3470	324.0999877
3471	323.9000142
3472	323.7999976
3473	323.5000074
3474	323.7999976
3475	323.7999976
3476	323.7999976
3477	323.5999942
3478	323.7999976
3479	323.3999908
3480	323.1000006
3481	322.8999972
3482	323.0000138
3483	323.1999874
3484	323.1000006
3485	323.3999908
3486	323.5000074
3487	323.5999942
3488	324.0999877
3489	324.2000043
3490	324.2999911
3491	324.0999877
3492	324.000001
3493	324.0999877
3494	324.2999911
3495	324.2000043
3496	324.2999911
3497	324.2999911
3498	324.2999911
3499	324.0999877
3500	323.7999976
3501	323.7000108
3502	323.7000108
3503	323.9000142
3504	323.9000142
3505	323.9000142
3506	323.7999976
3507	323.5000074
3508	323.3999908
3509	323.1000006
3510	323.1000006
3511	323.3999908
3512	323.5999942
3513	323.5000074
3514	323.5999942
3515	323.300004
3516	323.3999908
3517	323.3999908
3518	323.5000074
3519	323.3999908
3520	323.3999908
3521	323.1999874
3522	323.3999908
3523	323.1999874
3524	323.1999874
3525	323.1999874
3526	323.300004
3527	323.300004
3528	323.5000074
3529	323.5000074
3530	323.7000108
3531	323.9000142
3532	323.9000142
3533	324.2999911
3534	324.2999911
3535	324.0999877
3536	324.000001
3537	323.7999976
3538	323.5000074
3539	323.3999908
3540	323.7999976
3541	323.7999976
3542	323.7000108
3543	323.5999942
3544	324.0999877
3545	324.0999877
3546	324.4000077
3547	324.6000111
3548	324.4999945
3549	324.6999979
3550	324.6999979
3551	324.4000077
3552	324.2999911
3553	324.4000077
3554	324.4000077
3555	324.4000077
3556	324.2000043
3557	324.2999911
3558	324.2000043
3559	324.0999877
3560	324.0999877
3561	324.2999911
3562	324.2999911
3563	324.2999911
3564	324.2000043
3565	324.0999877
3566	324.000001
3567	324.0999877
3568	324.0999877
3569	324.000001
3570	324.2999911
3571	324.2999911
3572	324.2999911
3573	324.000001
3574	323.9000142
3575	323.7999976
3576	323.7999976
3577	323.7999976
3578	323.7999976
3579	323.9000142
3580	323.9000142
3581	324.0999877
3582	324.4000077
3583	324.4000077
3584	324.2000043
3585	324.2999911
3586	324.2999911
3587	324.4000077
3588	324.0999877
3589	324.000001
3590	324.2000043
3591	324.4000077
3592	324.8000145
3593	324.9000013
3594	325.1999915
3595	325.3999949
3596	325.5000114
3597	325.7000148
3598	325.8999884
3599	325.7000148
3600	325.3999949
3601	324.0999877
3602	321.9000101
3603	319.2000091
3604	317.4999952
3605	314.2000139
3606	310.6000125
3607	306.8000078
3608	305.2999973
3609	302.5000095
3610	300.5000055
3611	298.9000082
3612	298.5000014
3613	297.8999913
3614	297.3999977
3615	297.8000045
3616	298.0999947
3617	298.7999916
3618	299.2999852
3619	299.8999953
3620	300.5000055
3621	301.2000024
3622	302.3999929
3623	302.7000129
3624	303.4999967
3625	304.1999936
3626	305.0999939
3627	305.4000139
3628	306.1000109
3629	306.6999912
3630	307.3000014
3631	307.5000048
3632	307.9999983
3633	308.2000017
3634	308.6000085
3635	308.8000119
3636	309.1999888
3637	309.5999956
3638	310.0000024
3639	310.0999892
3640	310.6000125
3641	310.9000027
3642	311.1999929
3643	311.3000095
3644	311.1999929
3645	311.6999865
3646	311.6999865
3647	312.2999966
3648	312.5
3649	312.9000068
3650	312.9999936
3651	313.1000102
3652	313.4000003
3653	313.3000135
3654	313.4999871
3655	313.4999871
3656	313.4000003
3657	313.4999871
3658	313.4999871
3659	313.8000071
3660	313.8999939
3661	314.0999973
3662	314.0999973
3663	314.3999875
3664	314.2000139
3665	314.3000007
3666	314.3000007
3667	314.7000074
3668	314.5999908
3669	314.7000074
3670	314.7999942
3671	314.7999942
3672	314.9000108
3673	314.9000108
3674	315.1000142
3675	315.4999912
3676	315.4999912
3677	315.4999912
3678	315.4000044
3679	315.4000044
3680	315.4000044
3681	315.4999912
3682	315.6000078
3683	315.6999946
3684	315.6999946
3685	315.6999946
3686	315.6999946
3687	315.6000078
3688	315.2999878
3689	315.4000044
3690	315.1000142
3691	315.1000142
3692	315.4000044
3693	315.4000044
3694	315.4999912
3695	315.2999878
3696	315.4000044
3697	315.4000044
3698	315.6999946
3699	315.4999912
3700	315.6999946
3701	315.4999912
3702	315.2999878
3703	315.200001
3704	315.2999878
3705	315.2999878
3706	315.6000078
3707	315.4000044
3708	315.6000078
3709	315.6000078
3710	315.6999946
3711	315.6999946
3712	315.6999946
3713	315.6000078
3714	315.4000044
3715	315.4000044
3716	315.4000044
3717	315.4000044
3718	315.4999912
3719	315.6000078
3720	315.6999946
3721	315.8000112
3722	315.6999946
3723	316.0000145
3724	315.8999979
3725	315.8000112
3726	315.6999946
3727	315.6999946
3728	315.6999946
3729	315.6999946
3730	315.6999946
3731	315.6999946
3732	315.6999946
3733	315.6000078
3734	315.6999946
3735	315.6999946
3736	315.8000112
3737	315.8999979
3738	316.0000145
3739	316.0000145
3740	316.1000013
3741	316.1999881
3742	316.3000047
3743	316.1999881
3744	316.1000013
3745	316.1000013
3746	316.1000013
3747	315.8000112
3748	315.8000112
3749	315.8000112
3750	316.0000145
3751	316.1000013
3752	316.0000145
3753	316.0000145
3754	316.0000145
3755	315.8000112
3756	315.6999946
3757	315.6000078
3758	315.4999912
3759	315.4999912
3760	315.6999946
3761	315.8999979
3762	316.0000145
3763	316.0000145
3764	316.0000145
3765	316.0000145
3766	316.3000047
3767	316.1999881
3768	316.1999881
3769	316.1000013
3770	316.1000013
3771	316.0000145
3772	315.6999946
3773	315.8999979
3774	316.0000145
3775	316.0000145
3776	316.0000145
3777	316.0000145
3778	315.8000112
3779	315.8999979
3780	316.3000047
3781	316.3000047
3782	316.3999915
3783	316.3999915
3784	316.1999881
3785	316.1000013
3786	315.8999979
3787	315.8000112
3788	315.8999979
3789	315.8999979
3790	315.6999946
3791	315.6999946
3792	315.8000112
3793	315.8000112
3794	315.6999946
3795	315.8999979
3796	315.6999946
3797	316.1000013
3798	316.1000013
3799	316.3000047
3800	316.1999881
3801	316.1999881
3802	316.3000047
3803	316.1999881
3804	316.0000145
3805	316.1999881
3806	315.8999979
3807	316.1999881
3808	316.1000013
3809	316.1000013
3810	316.0000145
3811	316.1000013
3812	316.1000013
3813	316.3999915
3814	316.1999881
3815	316.1999881
3816	316.3999915
3817	316.3000047
3818	316.3999915
3819	316.3000047
3820	316.3000047
3821	316.3999915
3822	316.1000013
3823	316.3000047
3824	316.1000013
3825	316.0000145
3826	316.1000013
3827	316.1999881
3828	316.1000013
3829	316.1999881
3830	316.0000145
3831	316.3000047
3832	316.1999881
3833	316.3999915
3834	316.0000145
3835	316.0000145
3836	316.1000013
3837	316.3999915
3838	316.3999915
3839	316.3000047
3840	316.3999915
3841	316.3000047
3842	316.1000013
3843	316.1000013
3844	316.1000013
3845	316.1000013
3846	316.1000013
3847	316.0000145
3848	316.0000145
3849	316.1000013
3850	316.0000145
3851	316.1000013
3852	316.1000013
3853	316.3000047
3854	316.3000047
3855	316.1999881
3856	316.3000047
3857	316.1999881
3858	316.3000047
3859	316.1000013
3860	316.1000013
3861	316.1999881
3862	316.0000145
3863	316.1999881
3864	316.1000013
3865	315.8999979
3866	315.8999979
3867	315.6999946
3868	315.6999946
3869	315.6999946
3870	316.0000145
3871	315.8000112
3872	315.6999946
3873	315.8999979
3874	315.8999979
3875	316.0000145
3876	316.1000013
3877	316.3000047
3878	316.3000047
3879	316.3999915
3880	316.5999949
3881	316.3999915
3882	316.3000047
3883	316.1999881
3884	316.3000047
3885	316.7000115
3886	316.7000115
3887	316.7000115
3888	316.3999915
3889	316.3999915
3890	315.8999979
3891	315.8999979
3892	315.8000112
3893	316.0000145
3894	315.8999979
3895	315.8999979
3896	316.0000145
3897	316.3999915
3898	316.5999949
3899	316.7000115
3900	317.0000017
3901	317.4999952
3902	317.9999888
3903	318.5000122
3904	319.2000091
3905	319.5999861
3906	320.1999962
3907	320.4999864
3908	320.600003
3909	320.8999932
3910	321.2000132
3911	321.2000132
3912	321.3999867
3913	321.7000067
3914	321.7000067
3915	321.7000067
3916	321.5999901
3917	321.5999901
3918	321.7999935
3919	321.7000067
3920	321.9000101
3921	322.1000135
3922	322.2000003
3923	322.8000104
3924	322.8000104
3925	322.8000104
3926	322.8000104
3927	322.6000071
3928	322.8000104
3929	322.8999972
3930	322.8999972
3931	322.6000071
3932	322.6000071
3933	322.6999938
3934	322.8000104
3935	322.6000071
3936	322.4000037
3937	321.9999969
3938	322.1000135
3939	321.7999935
3940	321.7999935
3941	321.7000067
3942	321.5000033
3943	321.3999867
3944	321.3999867
3945	321.3999867
3946	321.7999935
3947	321.9999969
3948	321.9000101
3949	321.7999935
3950	321.7999935
3951	321.7999935
3952	321.7000067
3953	321.7999935
3954	321.7000067
3955	321.5999901
3956	321.5000033
3957	321.5000033
3958	321.7000067
3959	321.7000067
3960	321.5999901
3961	321.7000067
3962	321.9000101
3963	322.1000135
3964	322.1000135
3965	322.1000135
3966	321.7999935
3967	321.7999935
3968	321.9999969
3969	322.2999871
3970	322.1000135
3971	322.1000135
3972	322.1000135
3973	321.7999935
3974	321.3999867
3975	321.5999901
3976	322.1000135
3977	322.1000135
3978	322.1000135
3979	322.1000135
3980	321.9000101
3981	322.1000135
3982	321.9000101
3983	321.7999935
3984	321.7999935
3985	321.7000067
3986	321.9999969
3987	321.7999935
3988	321.9000101
3989	321.7000067
3990	321.7999935
3991	321.7999935
3992	322.1000135
3993	322.1000135
3994	322.4999905
3995	322.4999905
3996	322.6000071
3997	323.0000138
3998	323.300004
3999	323.1999874
4000	323.300004
4001	323.3999908
4002	323.1000006
4003	323.1000006
4004	323.1999874
4005	323.300004
4006	323.1000006
4007	322.8999972
4008	322.6000071
4009	322.4999905
4010	322.8000104
4011	322.6999938
4012	323.1000006
4013	323.1000006
4014	323.1000006
4015	323.3999908
4016	323.1000006
4017	322.8999972
4018	322.6999938
4019	322.4999905
4020	322.2000003
4021	321.7999935
4022	321.7999935
4023	321.9999969
4024	321.7999935
4025	321.7000067
4026	321.7999935
4027	321.7000067
4028	321.3999867
4029	321.7000067
4030	321.7999935
4031	321.9999969
4032	322.4999905
4033	322.8999972
4034	322.8999972
4035	323.0000138
4036	323.1000006
4037	323.1000006
4038	323.1999874
4039	323.1000006
4040	323.1000006
4041	323.0000138
4042	322.8000104
4043	322.6000071
4044	322.4999905
4045	322.4999905
4046	322.6999938
4047	322.6999938
4048	322.6000071
4049	322.6000071
4050	322.6000071
4051	322.6999938
4052	322.6000071
4053	322.8000104
4054	323.0000138
4055	322.8000104
4056	322.8999972
4057	323.0000138
4058	323.1000006
4059	322.8999972
4060	322.8000104
4061	322.6000071
4062	322.4999905
4063	322.6000071
4064	322.8999972
4065	323.1000006
4066	323.300004
4067	323.3999908
4068	323.5000074
4069	323.5999942
4070	323.9000142
4071	324.000001
4072	324.0999877
4073	323.7999976
4074	323.3999908
4075	321.9999969
4076	320.8999932
4077	318.599999
4078	316.0000145
4079	312.9999936
4080	311.1999929
4081	307.7000082
4082	304.8000038
4083	303.4999967
4084	301.2000024
4085	298.999995
4086	297.8000045
4087	297.3999977
4088	296.600014
4089	296.299994
4090	296.600014
4091	296.7000008
4092	297.1999943
4093	298.0000079
4094	298.5999882
4095	299.1000116
4096	300.0000119
4097	300.999999
4098	301.8999994
4099	302.1999896
4100	303.2000065
4101	303.9999902
4102	304.6999872
4103	304.8999906
4104	305.4000139
4105	306.1000109
4106	306.400001
4107	307.099998
4108	307.5999916
4109	307.9999983
4110	307.9999983
4111	308.0999851
4112	308.2999885
4113	308.6999953
4114	309.1999888
4115	309.3000054
4116	309.3999922
4117	309.5999956
4118	309.799999
4119	310.0000024
4120	310.2000058
4121	310.6000125
4122	310.7999861
4123	310.9000027
4124	310.9000027
4125	311.1999929
4126	311.3999963
4127	311.5000129
4128	311.6999865
4129	311.8000031
4130	312.0999932
4131	312.2999966
4132	312.5
4133	312.5999868
4134	312.5999868
4135	312.7000034
4136	313.1000102
4137	313.1000102
4138	312.9999936
4139	312.9000068
4140	312.9000068
4141	312.7999902
4142	313.1000102
4143	313.1000102
4144	313.4000003
4145	313.4999871
4146	313.4000003
4147	313.6000037
4148	313.6999905
4149	313.8000071
4150	313.6999905
4151	313.8000071
4152	313.6999905
4153	313.6999905
4154	313.6000037
4155	314.0999973
4156	314.2000139
4157	314.0999973
4158	314.0000105
4159	314.0000105
4160	314.0000105
4161	314.0999973
4162	314.2000139
4163	314.3000007
4164	314.3999875
4165	314.5000041
4166	314.3999875
4167	314.5000041
4168	314.5999908
4169	314.5000041
4170	314.7999942
4171	314.7000074
4172	314.7000074
4173	314.7000074
4174	314.7000074
4175	314.5999908
4176	314.9000108
4177	314.9999976
4178	315.200001
4179	315.1000142
4180	315.200001
4181	314.9999976
4182	314.9000108
4183	315.1000142
4184	314.9999976
4185	314.9000108
4186	314.7999942
4187	314.7999942
4188	314.9999976
4189	314.9000108
4190	315.1000142
4191	315.1000142
4192	314.9999976
4193	314.9000108
4194	314.7999942
4195	314.9000108
4196	314.9000108
4197	314.9000108
4198	314.7999942
4199	314.9999976
4200	314.9999976
4201	314.9999976
4202	315.1000142
4203	315.200001
4204	315.200001
4205	315.1000142
4206	315.2999878
4207	315.4000044
4208	315.4000044
4209	315.4000044
4210	315.6999946
4211	315.4999912
4212	315.6000078
4213	315.4999912
4214	315.4000044
4215	315.6999946
4216	315.6999946
4217	315.6999946
4218	315.4999912
4219	315.6999946
4220	315.4999912
4221	315.4999912
4222	315.4999912
4223	315.4000044
4224	315.2999878
4225	315.4000044
4226	315.2999878
4227	315.2999878
4228	315.4000044
4229	315.4000044
4230	315.4000044
4231	315.4000044
4232	315.4999912
4233	315.4000044
4234	315.4000044
4235	315.4999912
4236	315.4000044
4237	315.2999878
4238	315.2999878
4239	315.6999946
4240	315.6999946
4241	315.6999946
4242	315.8000112
4243	315.8999979
4244	315.6999946
4245	315.6999946
4246	315.6999946
4247	315.6999946
4248	315.8000112
4249	315.6999946
4250	315.4000044
4251	315.4999912
4252	315.6999946
4253	315.8999979
4254	315.8999979
4255	315.8000112
4256	315.8999979
4257	315.8000112
4258	315.6999946
4259	315.6999946
4260	315.8000112
4261	315.6000078
4262	315.6000078
4263	315.6999946
4264	315.6000078
4265	315.8000112
4266	316.0000145
4267	315.6999946
4268	315.6999946
4269	315.6999946
4270	315.8999979
4271	316.0000145
4272	316.0000145
4273	316.0000145
4274	316.0000145
4275	316.0000145
4276	315.8999979
4277	315.8999979
4278	316.1999881
4279	316.0000145
4280	315.6999946
4281	315.6000078
4282	315.4000044
4283	315.4000044
4284	315.2999878
4285	315.4000044
4286	315.4999912
4287	315.6999946
4288	315.8999979
4289	315.6999946
4290	315.8999979
4291	315.8000112
4292	315.6999946
4293	315.4000044
4294	315.4999912
4295	315.4000044
4296	315.2999878
4297	315.4000044
4298	315.4000044
4299	315.4999912
4300	315.6000078
4301	315.6000078
4302	315.4000044
4303	315.6999946
4304	315.6999946
4305	315.6999946
4306	315.6000078
4307	315.4999912
4308	316.0000145
4309	315.8999979
4310	315.8999979
4311	316.0000145
4312	316.0000145
4313	316.0000145
4314	316.1999881
4315	316.0000145
4316	316.1999881
4317	316.1999881
4318	316.1999881
4319	316.3000047
4320	316.1999881
4321	316.3000047
4322	316.3999915
4323	316.1999881
4324	316.0000145
4325	314.3999875
4326	316.0000145
4327	316.0000145
4328	315.8000112
4329	315.8999979
4330	315.8000112
4331	315.6999946
4332	315.8000112
4333	315.6999946
4334	315.8000112
4335	315.8999979
4336	315.6999946
4337	316.0000145
4338	316.1000013
4339	316.1000013
4340	316.0000145
4341	316.0000145
4342	315.8999979
4343	315.8000112
4344	315.8999979
4345	315.6999946
4346	315.6999946
4347	315.6999946
4348	315.6000078
4349	315.8000112
4350	315.8000112
4351	315.6999946
4352	315.6000078
4353	315.8000112
4354	315.8999979
4355	316.0000145
4356	316.1000013
4357	316.1999881
4358	316.3000047
4359	316.1999881
4360	316.0000145
4361	315.6999946
4362	315.1000142
4363	315.1000142
4364	314.9999976
4365	314.5999908
4366	314.5000041
4367	314.5999908
4368	314.7999942
4369	315.200001
4370	315.6000078
4371	315.6999946
4372	315.8999979
4373	316.3000047
4374	316.9000149
4375	317.0000017
4376	317.2999918
4377	317.4000084
4378	317.9999888
4379	318.1000054
4380	318.3999956
4381	318.5000122
4382	318.6999857
4383	319.0999925
4384	319.2000091
4385	319.4000125
4386	319.5999861
4387	319.5999861
4388	319.4999993
4389	319.4999993
4390	319.2999959
4391	319.2000091
4392	318.8999891
4393	318.5000122
4394	318.599999
4395	318.599999
4396	318.599999
4397	318.8999891
4398	318.8999891
4399	318.8999891
4400	319.0999925
4401	319.7000027
4402	319.7000027
4403	319.9000061
4404	320.1999962
4405	320.3999996
4406	320.600003
4407	320.4999864
4408	320.600003
4409	320.6999898
4410	320.3999996
4411	320.3000128
4412	320.6999898
4413	320.8999932
4414	320.8999932
4415	320.8999932
4416	320.8999932
4417	320.8999932
4418	321.2000132
4419	320.8999932
4420	320.8999932
4421	320.8000064
4422	320.4999864
4423	320.6999898
4424	321.2000132
4425	321.3
4426	321.2000132
4427	321.3999867
4428	321.5000033
4429	321.3999867
4430	321.5999901
4431	321.5000033
4432	321.3999867
4433	321.5000033
4434	321.3999867
4435	321.5000033
4436	321.3999867
4437	321.7000067
4438	321.3999867
4439	321.5000033
4440	321.5000033
4441	321.7000067
4442	321.9000101
4443	321.9999969
4444	321.7999935
4445	321.5000033
4446	321.2000132
4447	321.5000033
4448	321.2000132
4449	321.3999867
4450	321.2000132
4451	321.0999966
4452	320.8999932
4453	320.4999864
4454	320.8000064
4455	320.8999932
4456	321.0000098
4457	320.8000064
4458	320.8999932
4459	321.0000098
4460	321.2000132
4461	321.2000132
4462	321.3
4463	321.3
4464	321.5000033
4465	321.5000033
4466	321.7000067
4467	321.5999901
4468	321.3999867
4469	321.5000033
4470	320.8999932
4471	320.6999898
4472	320.8000064
4473	321.0000098
4474	321.0000098
4475	321.0999966
4476	321.3999867
4477	321.5000033
4478	321.5999901
4479	321.5000033
4480	321.5000033
4481	321.7999935
4482	321.7000067
4483	321.5000033
4484	321.2000132
4485	320.8999932
4486	320.8000064
4487	320.8999932
4488	321.0999966
4489	321.0000098
4490	321.0000098
4491	321.3999867
4492	321.5000033
4493	321.2000132
4494	321.0999966
4495	320.8999932
4496	320.8999932
4497	320.8999932
4498	320.4999864
4499	320.3999996
4500	320.4999864
4501	320.4999864
4502	320.4999864
4503	320.3000128
4504	320.4999864
4505	320.600003
4506	320.8999932
4507	321.0000098
4508	321.3
4509	321.5999901
4510	321.7000067
4511	321.5000033
4512	321.5000033
4513	321.3999867
4514	321.5000033
4515	321.5000033
4516	321.3999867
4517	321.2000132
4518	320.8999932
4519	320.8999932
4520	321.0000098
4521	321.0000098
4522	320.8999932
4523	321.0000098
4524	321.2000132
4525	321.3999867
4526	321.3999867
4527	321.5000033
4528	321.3999867
4529	321.5000033
4530	321.7999935
4531	321.7999935
4532	321.9999969
4533	321.5999901
4534	321.7999935
4535	321.7000067
4536	321.7999935
4537	321.5000033
4538	321.5999901
4539	321.7999935
4540	321.9000101
4541	322.1000135
4542	322.2999871
4543	322.4999905
4544	322.8000104
4545	322.8000104
4546	322.8000104
4547	322.4000037
4548	321.7000067
4549	320.3000128
4550	318.1999922
4551	316.7000115
4552	314.0000105
4553	310.7999861
4554	307.7000082
4555	306.1000109
4556	303.4000099
4557	301.4999926
4558	299.6999919
4559	299.1999984
4560	298.299998
4561	297.6999879
4562	297.6000011
4563	297.8000045
4564	298.299998
4565	298.9000082
4566	298.999995
4567	299.6000051
4568	300.5000055
4569	301.0999858
4570	301.4000058
4571	302.1000028
4572	302.7999997
4573	303.7
4574	303.9000034
4575	304.399997
4576	305.0000072
4577	305.7999909
4578	306.1000109
4579	306.400001
4580	307.0000112
4581	307.5000048
4582	307.7000082
4583	308.2000017
4584	308.6000085
4585	308.8999987
4586	308.9999855
4587	309.3999922
4588	309.8999858
4589	309.7000122
4590	310.0000024
4591	310.4000092
4592	310.6000125
4593	310.6000125
4594	310.9000027
4595	310.9999895
4596	311.1999929
4597	311.3000095
4598	311.3999963
4599	311.5999997
4600	311.5999997
4601	311.5999997
4602	311.6999865
4603	311.5999997
4604	311.8000031
4605	311.8000031
4606	311.8000031
4607	311.8999898
4608	312.2000098
4609	312.2999966
4610	312.2000098
4611	312.4000132
4612	312.7000034
4613	312.7999902
4614	312.7999902
4615	312.9000068
4616	312.9999936
4617	313.1000102
4618	313.1000102
4619	313.1000102
4620	313.1000102
4621	313.1000102
4622	313.1000102
4623	313.1999969
4624	313.3000135
4625	313.1999969
4626	313.1999969
4627	313.4000003
4628	313.4999871
4629	313.4999871
4630	313.6000037
4631	313.6999905
4632	313.6000037
4633	313.8000071
4634	313.8000071
4635	313.8000071
4636	313.8000071
4637	314.0000105
4638	314.0000105
4639	313.8999939
4640	314.0999973
4641	314.0999973
4642	313.8000071
4643	313.8000071
4644	313.8000071
4645	313.6000037
4646	313.6999905
4647	313.8000071
4648	314.0000105
4649	313.8000071
4650	314.0999973
4651	314.2000139
4652	314.3000007
4653	314.3000007
4654	314.0999973
4655	314.0999973
4656	314.2000139
4657	314.2000139
4658	314.0999973
4659	314.2000139
4660	314.2000139
4661	314.3999875
4662	314.3999875
4663	314.3000007
4664	314.2000139
4665	314.3999875
4666	314.5999908
4667	314.7000074
4668	314.7000074
4669	314.5000041
4670	314.5000041
4671	314.3999875
4672	314.5999908
4673	314.3999875
4674	314.5999908
4675	314.7000074
4676	314.7000074
4677	314.3999875
4678	314.3999875
4679	314.7999942
4680	314.7000074
4681	314.9000108
4682	314.9000108
4683	315.1000142
4684	315.1000142
4685	315.1000142
4686	314.9000108
4687	314.7000074
4688	314.9999976
4689	314.9000108
4690	314.7999942
4691	314.7999942
4692	314.9000108
4693	314.9999976
4694	315.1000142
4695	314.9000108
4696	315.1000142
4697	314.9999976
4698	315.200001
4699	314.9000108
4700	314.9999976
4701	314.7999942
4702	315.1000142
4703	315.1000142
4704	314.9000108
4705	315.1000142
4706	314.7999942
4707	314.9000108
4708	314.9000108
4709	314.9999976
4710	315.1000142
4711	314.7999942
4712	314.9000108
4713	315.1000142
4714	314.9000108
4715	315.1000142
4716	315.1000142
4717	315.200001
4718	315.4000044
4719	315.4000044
4720	315.4000044
4721	315.200001
4722	315.200001
4723	315.1000142
4724	315.1000142
4725	315.1000142
4726	314.9999976
4727	315.1000142
4728	315.200001
4729	315.4000044
4730	315.200001
4731	315.200001
4732	315.1000142
4733	315.2999878
4734	315.2999878
4735	315.200001
4736	315.1000142
4737	315.1000142
4738	314.9999976
4739	314.7999942
4740	314.9000108
4741	315.1000142
4742	315.2999878
4743	315.2999878
4744	315.4000044
4745	315.200001
4746	315.200001
4747	315.2999878
4748	315.1000142
4749	315.200001
4750	315.2999878
4751	315.2999878
4752	315.4000044
4753	315.2999878
4754	315.200001
4755	314.9999976
4756	314.9999976
4757	315.1000142
4758	315.200001
4759	315.1000142
4760	315.1000142
4761	315.4000044
4762	315.4000044
4763	315.200001
4764	315.1000142
4765	315.4000044
4766	315.1000142
4767	315.1000142
4768	315.200001
4769	315.1000142
4770	315.1000142
4771	315.1000142
4772	315.200001
4773	314.9999976
4774	315.1000142
4775	314.7999942
4776	314.9000108
4777	314.7000074
4778	314.7000074
4779	314.7999942
4780	314.9999976
4781	315.1000142
4782	315.1000142
4783	314.9999976
4784	315.1000142
4785	314.9999976
4786	314.9000108
4787	314.7999942
4788	315.1000142
4789	314.9999976
4790	314.7999942
4791	314.7000074
4792	314.7000074
4793	314.5999908
4794	314.7000074
4795	314.5000041
4796	314.5000041
4797	314.7999942
4798	314.7999942
4799	314.7999942
4800	315.1000142
4801	315.1000142
4802	315.2999878
4803	315.200001
4804	315.4000044
4805	315.4000044
4806	315.2999878
4807	315.4000044
4808	315.200001
4809	315.2999878
4810	315.200001
4811	315.200001
4812	315.2999878
4813	315.4000044
4814	315.4000044
4815	315.6000078
4816	315.6000078
4817	315.6000078
4818	315.4000044
4819	315.6000078
4820	315.4000044
4821	315.4000044
4822	315.4000044
4823	315.4000044
4824	315.4000044
4825	315.4000044
4826	315.4000044
4827	315.4000044
4828	315.4999912
4829	315.6999946
4830	315.6000078
4831	315.8000112
4832	315.6999946
4833	315.6999946
4834	315.4000044
4835	315.2999878
4836	314.9999976
4837	315.1000142
4838	314.7000074
4839	314.5000041
4840	314.3999875
4841	314.3999875
4842	314.7000074
4843	315.1000142
4844	315.2999878
4845	315.8999979
4846	316.0000145
4847	316.1999881
4848	316.3999915
4849	317.0000017
4850	317.2999918
4851	317.7999854
4852	318.3999956
4853	318.8000023
4854	318.8999891
4855	319.4000125
4856	319.7000027
4857	319.9000061
4858	319.9000061
4859	319.7999895
4860	319.9000061
4861	319.9999928
4862	320.3999996
4863	320.3000128
4864	320.4999864
4865	320.4999864
4866	320.3999996
4867	320.3000128
4868	320.1000094
4869	320.1999962
4870	319.9999928
4871	319.7000027
4872	319.9000061
4873	319.7999895
4874	319.5999861
4875	319.7000027
4876	319.9000061
4877	319.9999928
4878	319.9000061
4879	320.1000094
4880	320.3999996
4881	320.3999996
4882	320.600003
4883	320.6999898
4884	320.8999932
4885	320.8999932
4886	320.8000064
4887	320.8999932
4888	320.8999932
4889	320.8000064
4890	320.600003
4891	320.8000064
4892	320.6999898
4893	320.4999864
4894	320.1999962
4895	320.600003
4896	320.4999864
4897	320.6999898
4898	320.4999864
4899	320.3999996
4900	320.1999962
4901	320.1000094
4902	320.3000128
4903	320.1999962
4904	320.1999962
4905	320.1999962
4906	320.1999962
4907	320.1000094
4908	319.9000061
4909	320.1000094
4910	319.9000061
4911	319.9000061
4912	319.5999861
4913	319.4999993
4914	320.1000094
4915	320.1999962
4916	320.1999962
4917	319.9999928
4918	319.9000061
4919	319.7999895
4920	319.5999861
4921	319.4000125
4922	319.2000091
4923	319.0999925
4924	319.4999993
4925	319.4999993
4926	319.7000027
4927	319.7000027
4928	319.9999928
4929	319.9999928
4930	320.1999962
4931	320.1000094
4932	319.9999928
4933	320.1999962
4934	320.1999962
4935	320.1999962
4936	320.600003
4937	320.8999932
4938	320.8999932
4939	320.6999898
4940	320.4999864
4941	320.3000128
4942	320.4999864
4943	320.3999996
4944	320.4999864
4945	320.6999898
4946	320.4999864
4947	320.600003
4948	320.6999898
4949	320.6999898
4950	320.4999864
4951	320.1999962
4952	319.7999895
4953	319.7999895
4954	319.7000027
4955	319.4999993
4956	319.2999959
4957	319.5999861
4958	319.9000061
4959	320.1999962
4960	320.4999864
4961	320.3999996
4962	320.4999864
4963	320.1999962
4964	319.9000061
4965	319.5999861
4966	319.4999993
4967	319.4000125
4968	319.7000027
4969	319.5999861
4970	319.5999861
4971	319.2999959
4972	319.4000125
4973	319.4999993
4974	319.5999861
4975	319.5999861
4976	320.1000094
4977	320.1000094
4978	320.1000094
4979	319.9999928
4980	319.9999928
4981	319.9999928
4982	319.9000061
4983	320.1000094
4984	320.1000094
4985	319.7000027
4986	319.7000027
4987	319.9000061
4988	319.9000061
4989	319.9000061
4990	319.9000061
4991	319.9999928
4992	319.9000061
4993	319.4999993
4994	319.2999959
4995	319.5999861
4996	319.5999861
4997	319.7999895
4998	319.9999928
4999	319.9000061
5000	319.7000027
5001	319.5999861
5002	319.7999895
5003	319.7999895
5004	319.9999928
5005	319.9000061
5006	320.3000128
5007	320.3999996
5008	319.9999928
5009	319.9999928
5010	319.9999928
5011	320.1999962
5012	320.3999996
5013	320.4999864
5014	320.8999932
5015	321.0000098
5016	321.3
5017	321.5999901
5018	321.9999969
5019	321.9000101
5020	321.7000067
5021	321.0999966
5022	319.5999861
5023	318.3000088
5024	315.6999946
5025	313.1000102
5026	311.6999865
5027	308.8999987
5028	305.7999909
5029	303.2999933
5030	302.1999896
5031	300.3999889
5032	299.1000116
5033	298.0999947
5034	298.0000079
5035	297.8000045
5036	297.8999913
5037	298.0999947
5038	298.299998
5039	298.7999916
5040	299.4000018
5041	300.3000021
5042	300.9000123
5043	301.4999926
5044	302.3999929
5045	303.0999899
5046	303.4999967
5047	304.1000068
5048	305.0000072
5049	305.2999973
5050	305.7999909
5051	306.400001
5052	306.8000078
5053	307.0000112
5054	307.3999882
5055	307.7999949
5056	308.2999885
5057	308.4000051
5058	308.6000085
5059	308.9999855
5060	309.1999888
5061	309.5000088
5062	309.799999
5063	310.0999892
5064	310.4000092
5065	310.4000092
5066	310.6000125
5067	310.7999861
5068	310.9000027
5069	310.9000027
5070	310.9000027
5071	310.9999895
5072	311.3000095
5073	311.1999929
5074	311.3000095
5075	311.5000129
5076	311.5000129
5077	311.8000031
5078	312.2000098
5079	312.4000132
5080	312.5
5081	312.5
5082	312.5
5083	312.7999902
5084	312.7000034
5085	312.5
5086	312.5
5087	312.4000132
5088	312.4000132
5089	312.5999868
5090	312.5
5091	312.5
5092	312.5
5093	312.2000098
5094	312.4000132
5095	312.7999902
5096	312.5999868
5097	312.7999902
5098	312.9999936
5099	312.9000068
5100	312.9999936
5101	313.1000102
5102	313.1000102
5103	313.1999969
5104	313.3000135
5105	313.4999871
5106	313.4999871
5107	313.4999871
5108	313.4000003
5109	313.4999871
5110	313.6000037
5111	313.6000037
5112	313.6999905
5113	313.6999905
5114	313.8000071
5115	313.8999939
5116	313.6999905
5117	314.0999973
5118	313.8999939
5119	313.8000071
5120	313.8000071
5121	314.0000105
5122	314.0000105
5123	314.2000139
5124	314.0999973
5125	314.3999875
5126	314.0999973
5127	314.0000105
5128	313.8000071
5129	313.8000071
5130	313.8999939
5131	313.6999905
5132	314.0000105
5133	313.8999939
5134	313.8999939
5135	314.2000139
5136	314.3999875
5137	314.3000007
5138	314.3000007
5139	314.3000007
5140	314.3999875
5141	314.5000041
5142	314.3999875
5143	314.5000041
5144	314.3000007
5145	314.3000007
5146	314.3000007
5147	314.3999875
5148	314.5000041
5149	314.5000041
5150	314.3999875
5151	314.3000007
5152	314.3000007
5153	314.3000007
5154	314.2000139
5155	314.0999973
5156	314.0999973
5157	314.0999973
5158	314.0000105
5159	313.8999939
5160	314.0999973
5161	314.0000105
5162	313.8999939
5163	313.8000071
5164	313.8000071
5165	313.8999939
5166	313.8000071
5167	314.0000105
5168	313.8000071
5169	314.0000105
5170	314.0999973
5171	314.0999973
5172	314.0999973
5173	314.3999875
5174	314.2000139
5175	314.3000007
5176	314.3999875
5177	314.3999875
5178	314.2000139
5179	314.3000007
5180	314.2000139
5181	314.3999875
5182	314.3000007
5183	314.3999875
5184	314.3999875
5185	314.3999875
5186	314.3999875
5187	314.5999908
5188	314.5999908
5189	314.5999908
5190	314.7000074
5191	314.7000074
5192	314.7000074
5193	314.3999875
5194	314.5000041
5195	314.7000074
5196	314.7000074
5197	314.7000074
5198	314.7000074
5199	314.7999942
5200	314.5999908
5201	314.3000007
5202	314.2000139
5203	314.3000007
5204	314.3000007
5205	314.0999973
5206	313.8999939
5207	313.6999905
5208	313.8000071
5209	313.8999939
5210	314.0000105
5211	314.0999973
5212	314.3000007
5213	314.3000007
5214	314.3000007
5215	314.3999875
5216	314.3999875
5217	314.5000041
5218	314.5000041
5219	314.7000074
5220	314.5999908
5221	314.3999875
5222	314.3999875
5223	314.5000041
5224	314.3999875
5225	314.5000041
5226	314.3999875
5227	314.5000041
5228	314.5000041
5229	314.9000108
5230	314.9000108
5231	314.9000108
5232	315.1000142
5233	314.9000108
5234	314.7999942
5235	314.7000074
5236	314.7999942
5237	314.7000074
5238	314.5999908
5239	314.7000074
5240	314.9999976
5241	314.7000074
5242	314.5999908
5243	314.5999908
5244	314.7000074
5245	314.7000074
5246	314.7999942
5247	315.1000142
5248	314.9000108
5249	315.1000142
5250	314.9999976
5251	314.9000108
5252	315.1000142
5253	315.1000142
5254	315.1000142
5255	315.1000142
5256	314.9000108
5257	315.1000142
5258	314.9999976
5259	314.9000108
5260	315.1000142
5261	315.200001
5262	315.1000142
5263	315.1000142
5264	314.9999976
5265	314.7999942
5266	314.9999976
5267	314.9999976
5268	314.9999976
5269	314.9999976
5270	314.5999908
5271	314.9000108
5272	314.9999976
5273	314.7000074
5274	314.3999875
5275	314.3999875
5276	314.3000007
5277	314.5999908
5278	314.7999942
5279	314.7999942
5280	315.200001
5281	315.4000044
5282	315.4000044
5283	315.4999912
5284	315.200001
5285	314.9999976
5286	314.9000108
5287	315.1000142
5288	314.9000108
5289	314.5999908
5290	314.7000074
5291	314.5000041
5292	314.7000074
5293	314.7000074
5294	314.7999942
5295	314.7000074
5296	314.5999908
5297	314.7000074
5298	314.7000074
5299	314.7000074
5300	314.5000041
5301	314.5999908
5302	314.7000074
5303	314.7000074
5304	315.1000142
5305	315.6000078
5306	315.6000078
5307	315.4999912
5308	315.200001
5309	314.7000074
5310	314.3999875
5311	314.0999973
5312	313.8000071
5313	314.0999973
5314	314.3000007
5315	314.7000074
5316	314.9999976
5317	315.4000044
5318	315.4999912
5319	316.1000013
5320	316.3999915
5321	316.7999983
5322	317.0999885
5323	317.4000084
5324	317.9999888
5325	317.9999888
5326	318.3000088
5327	318.3999956
5328	318.599999
5329	318.5000122
5330	318.3999956
5331	318.6999857
5332	318.8000023
5333	318.8999891
5334	319.0000057
5335	319.0999925
5336	319.0000057
5337	319.0999925
5338	319.5999861
5339	319.5999861
5340	319.5999861
5341	319.5999861
5342	319.7000027
5343	319.2000091
5344	319.2999959
5345	319.2000091
5346	319.2999959
5347	319.2000091
5348	319.2000091
5349	319.0000057
5350	318.6999857
5351	318.3000088
5352	317.7999854
5353	317.6999986
5354	317.900002
5355	317.9999888
5356	317.9999888
5357	318.3999956
5358	318.5000122
5359	318.5000122
5360	318.599999
5361	318.6999857
5362	318.8999891
5363	318.8999891
5364	318.8999891
5365	318.8999891
5366	318.8999891
5367	319.2999959
5368	319.2000091
5369	319.7000027
5370	319.5999861
5371	319.2999959
5372	319.0000057
5373	318.8000023
5374	318.6999857
5375	318.5000122
5376	318.1999922
5377	318.1000054
5378	317.9999888
5379	317.9999888
5380	318.1000054
5381	318.1000054
5382	318.3000088
5383	318.3000088
5384	318.3000088
5385	318.3999956
5386	318.599999
5387	318.8000023
5388	318.8000023
5389	318.8999891
5390	319.0000057
5391	319.2000091
5392	319.2000091
5393	319.2000091
5394	319.0999925
5395	319.2000091
5396	319.5999861
5397	319.7000027
5398	319.5999861
5399	319.2999959
5400	319.2000091
5401	319.7000027
5402	319.5999861
5403	319.9000061
5404	319.9000061
5405	319.5999861
5406	319.4999993
5407	319.5999861
5408	319.7999895
5409	319.4000125
5410	319.4000125
5411	319.4000125
5412	319.2000091
5413	319.2000091
5414	319.2999959
5415	319.2999959
5416	319.4999993
5417	319.4999993
5418	320.1000094
5419	320.3999996
5420	320.4999864
5421	320.4999864
5422	320.600003
5423	320.8000064
5424	320.600003
5425	320.4999864
5426	320.4999864
5427	320.6999898
5428	320.3999996
5429	320.4999864
5430	320.4999864
5431	320.1999962
5432	320.1999962
5433	319.9000061
5434	319.7999895
5435	319.9000061
5436	319.7000027
5437	319.7000027
5438	319.5999861
5439	319.7000027
5440	319.5999861
5441	319.5999861
5442	319.5999861
5443	319.4000125
5444	319.4000125
5445	319.2000091
5446	319.7999895
5447	319.5999861
5448	319.7000027
5449	319.9999928
5450	319.7000027
5451	319.4000125
5452	319.5999861
5453	319.4999993
5454	319.2999959
5455	319.5999861
5456	319.4000125
5457	319.5999861
5458	319.5999861
5459	319.4000125
5460	319.4000125
5461	319.2999959
5462	319.2999959
5463	319.2999959
5464	319.0000057
5465	318.8999891
5466	318.599999
5467	318.1999922
5468	318.3999956
5469	318.599999
5470	318.8999891
5471	319.2000091
5472	319.4000125
5473	319.5999861
5474	319.5999861
5475	319.7999895
5476	319.9000061
5477	320.1000094
5478	320.1999962
5479	320.1999962
5480	319.7999895
5481	319.2000091
5482	318.599999
5483	318.6999857
5484	319.0999925
5485	319.4999993
5486	319.7999895
5487	319.7999895
5488	319.9999928
5489	320.3999996
5490	320.8999932
5491	321.0999966
5492	321.3
5493	321.2000132
5494	321.2000132
5495	319.9000061
5496	317.9999888
5497	315.4999912
5498	313.8999939
5499	311.1000061
5500	308.0999851
5501	305.4000139
5502	304.3000102
5503	302.3999929
5504	300.5999923
5505	299.2999852
5506	298.5999882
5507	298.0999947
5508	297.8000045
5509	297.8999913
5510	298.299998
5511	298.5000014
5512	299.4999886
5513	299.6999919
5514	300.5000055
5515	301.0999858
5516	301.8999994
5517	302.3000062
5518	303.0999899
5519	303.9000034
5520	304.399997
5521	305.0000072
5522	305.5000007
5523	306.1000109
5524	306.6000044
5525	307.099998
5526	307.7999949
5527	307.9999983
5528	308.4000051
5529	308.6999953
5530	308.9999855
5531	309.5999956
5532	309.5999956
5533	309.8999858
5534	310.0000024
5535	310.2000058
5536	310.2000058
5537	310.2999926
5538	310.6000125
5539	310.6000125
5540	310.7999861
5541	310.9999895
5542	310.9000027
5543	311.1999929
5544	311.3000095
5545	311.5999997
5546	311.5999997
5547	311.6999865
5548	311.6999865
5549	311.8999898
5550	311.8999898
5551	311.8000031
5552	311.8000031
5553	312.2000098
5554	312.2999966
5555	312.2999966
5556	312.5
5557	312.5
5558	312.5
5559	312.5
5560	312.4000132
5561	312.4000132
5562	312.5
5563	312.5
5564	312.5999868
5565	312.7000034
5566	312.7000034
5567	312.7000034
5568	312.7999902
5569	313.1000102
5570	313.1000102
5571	312.9000068
5572	312.7999902
5573	312.9000068
5574	312.9000068
5575	312.9000068
5576	313.1999969
5577	313.1999969
5578	313.3000135
5579	313.1999969
5580	313.1000102
5581	313.1000102
5582	313.1999969
5583	313.3000135
5584	313.4999871
5585	313.6999905
5586	313.6999905
5587	313.6999905
5588	313.8000071
5589	313.8999939
5590	313.8000071
5591	314.0000105
5592	314.0999973
5593	314.3000007
5594	314.3000007
5595	314.0999973
5596	314.0999973
5597	314.0999973
5598	314.0999973
5599	314.0999973
5600	314.0000105
5601	314.0000105
5602	314.0999973
5603	314.0000105
5604	313.8999939
5605	313.8000071
5606	314.0000105
5607	314.0999973
5608	314.0000105
5609	313.8000071
5610	314.0999973
5611	314.3999875
5612	314.2000139
5613	314.3000007
5614	314.3999875
5615	314.3999875
5616	314.5999908
5617	314.5999908
5618	314.5999908
5619	314.7000074
5620	314.7000074
5621	314.7000074
5622	314.5000041
5623	314.7000074
5624	314.7999942
5625	314.7000074
5626	314.3999875
5627	313.8999939
5628	313.8000071
5629	313.6999905
5630	313.6999905
5631	313.8000071
5632	313.8999939
5633	314.0999973
5634	314.0000105
5635	314.2000139
5636	314.0999973
5637	314.2000139
5638	314.0000105
5639	314.0999973
5640	314.3999875
5641	314.2000139
5642	314.0999973
5643	314.2000139
5644	314.0999973
5645	313.8999939
5646	314.0999973
5647	314.0999973
5648	314.0999973
5649	314.0999973
5650	314.0999973
5651	313.8999939
5652	313.8999939
5653	314.0000105
5654	314.0999973
5655	314.0999973
5656	314.0000105
5657	314.0000105
5658	314.0999973
5659	314.0999973
5660	314.0999973
5661	314.0999973
5662	313.8999939
5663	314.0999973
5664	313.8999939
5665	314.0000105
5666	314.0000105
5667	313.8000071
5668	313.6000037
5669	313.3000135
5670	313.4000003
5671	313.3000135
5672	313.4000003
5673	313.4000003
5674	313.4000003
5675	313.1000102
5676	313.1999969
5677	312.9000068
5678	312.9000068
5679	312.9000068
5680	312.7999902
5681	312.9999936
5682	312.9000068
5683	312.7999902
5684	312.7000034
5685	312.5
5686	312.5
5687	312.5
5688	312.2000098
5689	312.2000098
5690	312.2000098
5691	312.2000098
5692	312.2999966
5693	312.2999966
5694	312.2999966
5695	312.2999966
5696	312.2000098
5697	312.2999966
5698	312.5
5699	312.5
5700	312.5
5701	312.4000132
5702	312.2999966
5703	312.5
5704	312.5
5705	312.5999868
5706	312.5
5707	312.5999868
5708	312.5
5709	312.4000132
5710	312.2999966
5711	312.4000132
5712	312.4000132
5713	312.2999966
5714	312.4000132
5715	312.2999966
5716	312.2000098
5717	312.2000098
5718	312.0999932
5719	312.0999932
5720	312.0000064
5721	312.0000064
5722	311.8999898
5723	312.2000098
5724	312.2000098
5725	312.2999966
5726	312.2000098
5727	312.0000064
5728	312.2000098
5729	312.2000098
5730	312.2000098
5731	312.2000098
5732	311.8999898
5733	312.0000064
5734	312.0999932
5735	312.2000098
5736	312.2000098
5737	312.5
5738	312.5
5739	312.7000034
5740	312.7999902
5741	312.5999868
5742	312.7999902
5743	312.7000034
5744	312.7999902
5745	312.7999902
5746	312.7999902
5747	312.7999902
5748	312.7999902
5749	312.9000068
5750	312.9000068
5751	312.9000068
5752	313.1999969
5753	313.1999969
5754	313.4999871
5755	313.4000003
5756	313.1999969
5757	313.3000135
5758	313.3000135
5759	313.1999969
5760	313.4000003
5761	313.1000102
5762	312.9000068
5763	312.7999902
5764	313.1000102
5765	313.1000102
5766	312.9999936
5767	312.9000068
5768	312.9000068
5769	313.1000102
5770	313.1000102
5771	313.1000102
5772	312.9999936
5773	313.1000102
5774	313.1000102
5775	313.4000003
5776	313.3000135
5777	313.3000135
5778	313.4000003
5779	312.9000068
5780	312.5
5781	312.2000098
5782	312.0999932
5783	311.8000031
5784	311.5000129
5785	311.6999865
5786	312.0000064
5787	311.8999898
5788	311.8000031
5789	312.0000064
5790	311.8999898
5791	312.2000098
5792	312.5
5793	312.7999902
5794	313.3000135
5795	313.8000071
5796	314.3999875
5797	314.7999942
5798	315.1000142
5799	315.4000044
5800	315.8999979
5801	316.0000145
5802	316.3999915
5803	316.3999915
5804	316.5999949
5805	316.7999983
5806	317.0000017
5807	317.0000017
5808	317.0999885
5809	317.0999885
5810	317.0000017
5811	317.0000017
5812	316.9000149
5813	316.5999949
5814	316.5000081
5815	316.5999949
5816	316.5999949
5817	316.7000115
5818	316.7999983
5819	317.2999918
5820	317.2999918
5821	317.6000118
5822	317.9999888
5823	318.1000054
5824	317.9999888
5825	318.1000054
5826	318.3000088
5827	317.9999888
5828	317.9999888
5829	317.7999854
5830	317.6999986
5831	317.6999986
5832	317.6999986
5833	317.6000118
5834	317.4999952
5835	317.6000118
5836	317.6000118
5837	317.6000118
5838	317.6000118
5839	317.6000118
5840	317.4999952
5841	317.6000118
5842	317.6000118
5843	317.6000118
5844	317.6999986
5845	317.6999986
5846	317.6000118
5847	317.6999986
5848	317.6000118
5849	317.6000118
5850	317.6999986
5851	317.7999854
5852	317.6999986
5853	317.4000084
5854	317.2999918
5855	317.2999918
5856	317.0000017
5857	316.9000149
5858	317.0000017
5859	317.0000017
5860	317.2000051
5861	317.0000017
5862	317.0000017
5863	317.2000051
5864	317.0999885
5865	317.2999918
5866	317.2000051
5867	317.6999986
5868	317.9999888
5869	318.3000088
5870	318.599999
5871	318.8999891
5872	318.8999891
5873	319.0999925
5874	319.0000057
5875	319.0999925
5876	318.8999891
5877	318.8000023
5878	319.0000057
5879	319.0999925
5880	319.0000057
5881	318.8000023
5882	318.8000023
5883	318.8000023
5884	318.599999
5885	318.6999857
5886	318.599999
5887	318.599999
5888	318.5000122
5889	318.3000088
5890	318.3000088
5891	318.1999922
5892	318.1000054
5893	318.1999922
5894	318.3000088
5895	318.1999922
5896	318.1999922
5897	318.3000088
5898	317.9999888
5899	317.900002
5900	317.900002
5901	317.7999854
5902	317.9999888
5903	317.7999854
5904	317.6999986
5905	317.6000118
5906	317.4000084
5907	317.2999918
5908	317.4000084
5909	317.2999918
5910	317.2999918
5911	317.6000118
5912	317.6000118
5913	318.1000054
5914	318.1000054
5915	318.1999922
5916	317.900002
5917	318.1999922
5918	318.1999922
5919	318.1000054
5920	317.9999888
5921	318.3000088
5922	318.1999922
5923	318.3000088
5924	317.9999888
5925	317.6000118
5926	317.6000118
5927	317.6000118
5928	317.6999986
5929	317.9999888
5930	317.9999888
5931	318.1000054
5932	318.3999956
5933	318.3999956
5934	318.1000054
5935	318.3000088
5936	318.3000088
5937	317.9999888
5938	317.9999888
5939	317.7999854
5940	317.7999854
5941	317.6000118
5942	317.6000118
5943	317.6999986
5944	317.4999952
5945	317.2999918
5946	317.2999918
5947	317.2000051
5948	317.6000118
5949	317.7999854
5950	317.9999888
5951	317.9999888
5952	318.1000054
5953	317.9999888
5954	317.9999888
5955	317.6999986
5956	317.6000118
5957	317.900002
5958	317.900002
5959	318.3000088
5960	318.3999956
5961	318.5000122
5962	318.3999956
5963	318.599999
5964	318.8999891
5965	319.0000057
5966	319.0999925
5967	318.8999891
5968	318.599999
5969	317.9999888
5970	317.2000051
5971	315.6999946
5972	313.6000037
5973	312.5
5974	310.4000092
5975	307.7000082
5976	305.4000139
5977	304.1000068
5978	301.8999994
5979	300.0999987
5980	298.5999882
5981	298.0999947
5982	297.3999977
5983	296.9000041
5984	296.9000041
5985	296.9999909
5986	297.1000075
5987	297.1000075
5988	297.6999879
5989	298.0999947
5990	298.5000014
5991	299.1999984
5992	299.4999886
5993	300.5000055
5994	301.2000024
5995	301.9999862
5996	302.1999896
5997	302.5999963
5998	302.7999997
5999	303.4999967
6000	303.7999868
6001	304.1000068
6002	304.8000038
6003	305.0999939
6004	305.4000139
6005	306.1999977
6006	306.6000044
6007	307.0000112
6008	307.0000112
6009	307.3999882
6010	307.7000082
6011	307.9999983
6012	307.9999983
6013	308.2000017
6014	308.4000051
6015	308.6000085
6016	308.6000085
6017	308.8999987
6018	309.1999888
6019	309.1999888
6020	309.3000054
6021	309.5000088
6022	309.5999956
6023	309.7000122
6024	309.8999858
6025	310.2000058
6026	310.0999892
6027	310.0999892
6028	310.2000058
6029	310.2000058
6030	310.2000058
6031	310.2000058
6032	310.4000092
6033	310.6000125
6034	310.6000125
6035	310.6000125
6036	310.4000092
6037	310.7999861
6038	310.9000027
6039	310.9000027
6040	310.7999861
6041	310.9000027
6042	310.9999895
6043	311.1000061
6044	311.1000061
6045	311.1999929
6046	311.1999929
6047	311.1000061
6048	311.1000061
6049	311.3999963
6050	311.1999929
6051	311.1999929
6052	311.3999963
6053	311.5000129
6054	311.3000095
6055	311.1999929
6056	311.3000095
6057	311.6999865
6058	311.8000031
6059	311.8000031
6060	311.5999997
6061	311.5999997
6062	311.8000031
6063	311.5999997
6064	311.1999929
6065	311.1999929
6066	311.3999963
6067	311.3000095
6068	311.5000129
6069	311.5000129
6070	311.5000129
6071	311.3000095
6072	311.5000129
6073	311.8000031
6074	311.8000031
6075	311.5999997
6076	311.6999865
6077	311.8999898
6078	312.0000064
6079	312.2000098
6080	312.2000098
6081	311.8999898
6082	312.2000098
6083	312.0000064
6084	312.2000098
6085	312.2000098
6086	312.2999966
6087	312.2999966
6088	312.2999966
6089	312.2999966
6090	312.0999932
6091	312.0999932
6092	312.2000098
6093	312.2000098
6094	312.2999966
6095	312.0999932
6096	312.0999932
6097	312.0000064
6098	311.8000031
6099	312.2000098
6100	312.2999966
6101	311.8000031
6102	311.8000031
6103	312.0000064
6104	312.0000064
6105	311.8000031
6106	311.6999865
6107	311.8000031
6108	312.0000064
6109	312.2999966
6110	312.0000064
6111	312.2000098
6112	312.2999966
6113	312.5
6114	312.2000098
6115	312.2000098
6116	312.2000098
6117	312.2000098
6118	312.0000064
6119	311.8999898
6120	311.8000031
6121	312.0000064
6122	312.2999966
6123	312.4000132
6124	312.4000132
6125	312.2000098
6126	312.2999966
6127	312.0999932
6128	312.2999966
6129	312.2000098
6130	312.0000064
6131	311.8000031
6132	311.8999898
6133	311.6999865
6134	311.6999865
6135	311.8000031
6136	312.5
6137	312.2000098
6138	312.0000064
6139	312.2000098
6140	312.0000064
6141	312.2000098
6142	312.4000132
6143	312.5
6144	312.2999966
6145	312.2999966
6146	312.2999966
6147	312.5
6148	312.4000132
6149	312.4000132
6150	312.4000132
6151	312.5
6152	312.4000132
6153	312.5
6154	312.5
6155	312.5999868
6156	312.7000034
6157	312.5999868
6158	312.5
6159	312.7999902
6160	312.4000132
6161	312.2000098
6162	312.2000098
6163	312.2000098
6164	312.2999966
6165	312.2000098
6166	312.5
6167	312.7000034
6168	312.5
6169	312.2999966
6170	312.4000132
6171	312.2999966
6172	312.5
6173	312.4000132
6174	312.4000132
6175	312.5
6176	312.5
6177	312.5999868
6178	312.7000034
6179	312.7999902
6180	312.5999868
6181	312.5
6182	312.7999902
6183	312.7999902
6184	312.7999902
6185	312.7999902
6186	312.5999868
6187	312.2000098
6188	312.2000098
6189	312.4000132
6190	312.2000098
6191	312.5
6192	312.5
6193	312.7000034
6194	312.7000034
6195	312.9000068
6196	312.7999902
6197	312.7000034
6198	312.5999868
6199	312.4000132
6200	312.4000132
6201	312.7000034
6202	312.5999868
6203	312.5999868
6204	312.5
6205	312.2000098
6206	312.0999932
6207	312.0000064
6208	312.2000098
6209	311.8999898
6210	312.0000064
6211	312.0000064
6212	312.0999932
6213	312.0000064
6214	312.0999932
6215	312.0000064
6216	312.2999966
6217	312.2000098
6218	312.4000132
6219	312.2999966
6220	312.5999868
6221	312.2000098
6222	312.2000098
6223	312.0999932
6224	312.2000098
6225	312.0000064
6226	312.2000098
6227	312.4000132
6228	312.4000132
6229	312.4000132
6230	312.4000132
6231	312.2000098
6232	312.2000098
6233	312.2999966
6234	312.5
6235	312.4000132
6236	312.5
6237	312.5
6238	312.5999868
6239	312.5
6240	312.5
6241	312.7999902
6242	312.5
6243	312.5999868
6244	312.4000132
6245	312.5
6246	312.5999868
6247	312.5
6248	312.5
6249	312.5
6250	312.4000132
6251	312.5
6252	312.7999902
6253	312.7999902
6254	312.5
6255	312.5
6256	312.2000098
6257	312.2000098
6258	311.8999898
6259	311.5000129
6260	311.3000095
6261	311.1999929
6262	311.5000129
6263	311.5000129
6264	311.8000031
6265	311.8000031
6266	312.5
6267	313.1000102
6268	313.1999969
6269	313.4999871
6270	313.8999939
6271	314.0000105
6272	314.0999973
6273	314.3999875
6274	314.5999908
6275	315.2999878
6276	315.4999912
6277	315.8999979
6278	316.1999881
6279	316.1000013
6280	316.1999881
6281	316.1999881
6282	316.3999915
6283	316.3999915
6284	316.5000081
6285	316.3000047
6286	316.5999949
6287	317.0000017
6288	316.7000115
6289	316.7999983
6290	316.5000081
6291	316.5000081
6292	316.3999915
6293	316.5999949
6294	316.0000145
6295	316.1000013
6296	316.1000013
6297	316.1000013
6298	316.1000013
6299	316.0000145
6300	316.1000013
6301	316.3000047
6302	316.3999915
6303	316.3000047
6304	316.7000115
6305	316.7000115
6306	316.7000115
6307	316.5000081
6308	316.7999983
6309	316.5999949
6310	316.1999881
6311	315.8999979
6312	316.0000145
6313	316.1000013
6314	316.1000013
6315	316.3000047
6316	316.1999881
6317	316.1999881
6318	316.1999881
6319	316.1999881
6320	316.1000013
6321	316.5000081
6322	316.5000081
6323	316.5999949
6324	316.7000115
6325	317.0999885
6326	317.2999918
6327	317.2999918
6328	317.0999885
6329	317.4000084
6330	317.4999952
6331	317.2999918
6332	317.0000017
6333	316.9000149
6334	316.7000115
6335	316.7000115
6336	316.3999915
6337	316.5000081
6338	316.5000081
6339	316.3000047
6340	316.0000145
6341	316.3999915
6342	316.3999915
6343	316.3999915
6344	316.3999915
6345	316.3999915
6346	316.1000013
6347	316.1000013
6348	316.3000047
6349	316.1000013
6350	316.0000145
6351	316.1000013
6352	316.1000013
6353	316.3999915
6354	316.3000047
6355	316.5999949
6356	316.5999949
6357	316.7000115
6358	316.7000115
6359	316.7999983
6360	316.9000149
6361	316.7999983
6362	317.0000017
6363	317.0000017
6364	317.0999885
6365	317.0999885
6366	317.2999918
6367	317.4999952
6368	317.2999918
6369	317.2999918
6370	317.4000084
6371	317.4000084
6372	317.2999918
6373	317.6000118
6374	317.6000118
6375	317.7999854
6376	317.900002
6377	318.3000088
6378	317.9999888
6379	317.9999888
6380	317.7999854
6381	317.6000118
6382	317.6000118
6383	317.4000084
6384	317.4999952
6385	317.2999918
6386	317.2999918
6387	317.2999918
6388	317.4000084
6389	317.6000118
6390	317.2999918
6391	317.2999918
6392	317.2999918
6393	317.6000118
6394	317.6999986
6395	317.6999986
6396	317.6000118
6397	317.6000118
6398	317.6000118
6399	317.6999986
6400	317.6999986
6401	317.6999986
6402	317.6999986
6403	317.6000118
6404	317.6999986
6405	317.6999986
6406	317.7999854
6407	317.7999854
6408	317.6000118
6409	317.4999952
6410	317.4000084
6411	317.2000051
6412	317.2999918
6413	317.6000118
6414	317.6000118
6415	317.6000118
6416	317.4000084
6417	317.2000051
6418	317.4000084
6419	317.6999986
6420	317.6999986
6421	317.9999888
6422	317.9999888
6423	317.9999888
6424	317.9999888
6425	317.7999854
6426	318.1000054
6427	317.900002
6428	317.4999952
6429	317.4999952
6430	317.4000084
6431	317.6999986
6432	317.9999888
6433	317.9999888
6434	318.1999922
6435	318.5000122
6436	318.8999891
6437	318.8999891
6438	319.2000091
6439	319.0999925
6440	319.0999925
6441	318.6999857
6442	317.9999888
6443	316.5999949
6444	314.5000041
6445	313.1999969
6446	310.2000058
6447	307.5999916
6448	304.8000038
6449	303.7
6450	301.2000024
6451	299.2999852
6452	298.5000014
6453	297.3999977
6454	296.7999876
6455	296.4000106
6456	296.4000106
6457	296.9999909
6458	296.9000041
6459	297.6000011
6460	298.0000079
6461	298.299998
6462	298.999995
6463	299.6999919
6464	299.8999953
6465	300.5999923
6466	301.4000058
6467	302.3000062
6468	302.5000095
6469	303.2000065
6470	303.7999868
6471	304.1999936
6472	304.399997
6473	304.6999872
6474	305.2999973
6475	305.5000007
6476	306.1000109
6477	306.6999912
6478	307.0000112
6479	307.0000112
6480	307.3000014
6481	307.5000048
6482	307.7999949
6483	307.9999983
6484	308.2000017
6485	308.2999885
6486	308.6000085
6487	308.6000085
6488	308.6999953
6489	308.6000085
6490	308.6000085
6491	308.6999953
6492	308.6999953
6493	308.8999987
6494	309.1000021
6495	309.3999922
6496	309.5999956
6497	309.5999956
6498	309.3000054
6499	309.3999922
6500	309.3999922
6501	309.5999956
6502	309.7000122
6503	310.0999892
6504	309.8999858
6505	310.2000058
6506	310.0999892
6507	309.8999858
6508	310.0000024
6509	310.4000092
6510	310.6000125
6511	310.6000125
6512	310.7999861
6513	310.9000027
6514	310.9000027
6515	310.9000027
6516	310.7999861
6517	310.7999861
6518	310.6000125
6519	310.7999861
6520	310.6999993
6521	310.6999993
6522	310.9000027
6523	310.9999895
6524	310.9000027
6525	310.9000027
6526	310.9999895
6527	311.1000061
6528	310.9999895
6529	311.1000061
6530	311.1000061
6531	310.9999895
6532	310.9000027
6533	310.9999895
6534	311.1999929
6535	311.1999929
6536	311.3000095
6537	311.3999963
6538	311.1999929
6539	311.1000061
6540	311.1999929
6541	311.3999963
6542	311.5000129
6543	311.5999997
6544	311.8000031
6545	311.8000031
6546	311.5000129
6547	311.5000129
6548	311.5999997
6549	311.5000129
6550	311.5000129
6551	311.5000129
6552	311.5000129
6553	311.6999865
6554	311.6999865
6555	311.5999997
6556	311.5999997
6557	311.6999865
6558	311.5000129
6559	311.5000129
6560	311.6999865
6561	311.5000129
6562	311.5000129
6563	311.6999865
6564	311.6999865
6565	311.5000129
6566	311.3999963
6567	311.5000129
6568	311.5000129
6569	311.5000129
6570	311.5000129
6571	311.6999865
6572	311.5999997
6573	311.5999997
6574	311.5000129
6575	311.5000129
6576	311.5999997
6577	311.5999997
6578	311.5000129
6579	311.5000129
6580	311.6999865
6581	311.5000129
6582	311.6999865
6583	311.6999865
6584	311.8999898
6585	312.0999932
6586	312.5
6587	312.7000034
6588	312.5
6589	312.5
6590	312.5
6591	312.7999902
6592	312.5
6593	312.2999966
6594	312.2999966
6595	312.5
6596	312.5
6597	312.5999868
6598	312.5
6599	312.5
6600	312.4000132
6601	312.4000132
6602	312.4000132
6603	312.4000132
6604	312.4000132
6605	312.4000132
6606	312.4000132
6607	312.2999966
6608	312.2000098
6609	312.2000098
6610	312.2000098
6611	312.0999932
6612	312.0999932
6613	312.2000098
6614	312.2000098
6615	312.2000098
6616	311.8999898
6617	311.8999898
6618	312.0999932
6619	312.0999932
6620	311.8000031
6621	312.0000064
6622	311.8999898
6623	311.8000031
6624	312.0999932
6625	312.0999932
6626	312.0000064
6627	312.0000064
6628	312.2000098
6629	312.2000098
6630	312.2999966
6631	312.5
6632	312.5
6633	312.5
6634	312.2999966
6635	312.4000132
6636	312.2999966
6637	312.4000132
6638	312.2999966
6639	312.4000132
6640	312.4000132
6641	312.2999966
6642	312.2999966
6643	312.4000132
6644	312.4000132
6645	312.4000132
6646	312.5999868
6647	312.5
6648	312.5
6649	312.5999868
6650	312.5999868
6651	312.5
6652	312.2999966
6653	312.4000132
6654	312.5
6655	312.2000098
6656	312.2000098
6657	312.2000098
6658	312.4000132
6659	312.5
6660	312.5
6661	312.5
6662	312.2999966
6663	312.5
6664	312.5
6665	312.5999868
6666	312.5
6667	312.7999902
6668	312.9000068
6669	312.7000034
6670	312.5
6671	312.5999868
6672	312.5
6673	312.2999966
6674	312.4000132
6675	312.5999868
6676	312.5999868
6677	312.2999966
6678	312.4000132
6679	312.2000098
6680	312.2000098
6681	312.0999932
6682	312.2000098
6683	312.2000098
6684	312.4000132
6685	312.2999966
6686	312.5
6687	312.5
6688	312.5999868
6689	312.7000034
6690	312.7999902
6691	312.9000068
6692	312.7999902
6693	312.7000034
6694	312.7000034
6695	312.7000034
6696	312.5
6697	312.5
6698	312.5
6699	312.7999902
6700	312.7000034
6701	312.5999868
6702	312.7000034
6703	312.7999902
6704	312.7999902
6705	312.9999936
6706	312.9999936
6707	312.7000034
6708	312.7999902
6709	312.7000034
6710	312.7000034
6711	312.9000068
6712	312.7999902
6713	312.9000068
6714	313.1000102
6715	312.9999936
6716	313.1000102
6717	312.9999936
6718	312.7000034
6719	312.7999902
6720	312.7000034
6721	312.9999936
6722	312.9999936
6723	312.7999902
6724	312.7999902
6725	312.7999902
6726	312.9000068
6727	312.5
6728	312.4000132
6729	311.8999898
6730	311.5000129
6731	311.3999963
6732	311.5000129
6733	311.5999997
6734	311.8000031
6735	312.0999932
6736	312.0999932
6737	312.2999966
6738	312.4000132
6739	312.7999902
6740	313.3000135
6741	314.0000105
6742	314.7000074
6743	315.4999912
6744	315.8999979
6745	316.7000115
6746	317.2000051
6747	317.2999918
6748	317.4000084
6749	317.2000051
6750	317.0999885
6751	317.0999885
6752	317.0000017
6753	316.9000149
6754	316.9000149
6755	316.7000115
6756	316.7000115
6757	316.5999949
6758	316.3999915
6759	316.3000047
6760	316.1000013
6761	315.6999946
6762	315.8000112
6763	316.0000145
6764	316.3000047
6765	316.0000145
6766	316.3999915
6767	316.3999915
6768	316.5000081
6769	316.5999949
6770	316.7000115
6771	316.7000115
6772	316.5999949
6773	316.9000149
6774	317.0999885
6775	317.0000017
6776	316.9000149
6777	316.9000149
6778	316.9000149
6779	316.9000149
6780	316.7999983
6781	316.3999915
6782	316.3000047
6783	316.1999881
6784	316.5000081
6785	316.5999949
6786	316.5999949
6787	316.9000149
6788	316.7000115
6789	316.7999983
6790	316.7999983
6791	317.0999885
6792	317.0999885
6793	317.2000051
6794	317.2999918
6795	317.2999918
6796	317.2000051
6797	317.2999918
6798	317.2000051
6799	317.2999918
6800	317.0000017
6801	317.0999885
6802	317.0000017
6803	316.7000115
6804	316.5000081
6805	316.5000081
6806	316.7000115
6807	317.0999885
6808	317.2999918
6809	317.4999952
6810	317.2000051
6811	317.0000017
6812	316.9000149
6813	316.7000115
6814	316.7000115
6815	316.5000081
6816	316.5000081
6817	316.5999949
6818	316.7999983
6819	316.9000149
6820	317.0000017
6821	316.7999983
6822	316.5999949
6823	316.7000115
6824	316.7000115
6825	316.7000115
6826	316.3999915
6827	316.3999915
6828	316.3999915
6829	316.5000081
6830	316.5000081
6831	316.7000115
6832	316.9000149
6833	316.9000149
6834	317.0000017
6835	317.6000118
6836	317.4999952
6837	317.4999952
6838	317.2000051
6839	317.2000051
6840	317.2000051
6841	317.0999885
6842	316.7999983
6843	316.9000149
6844	316.7999983
6845	316.7000115
6846	316.5999949
6847	316.7999983
6848	316.7000115
6849	316.7000115
6850	316.5999949
6851	316.5999949
6852	316.9000149
6853	317.2999918
6854	317.0000017
6855	316.5000081
6856	316.3999915
6857	316.3999915
6858	316.7999983
6859	316.7999983
6860	317.2999918
6861	317.6000118
6862	317.9999888
6863	317.900002
6864	318.1000054
6865	317.9999888
6866	317.9999888
6867	317.900002
6868	317.4999952
6869	317.2000051
6870	317.0999885
6871	317.0000017
6872	316.7999983
6873	316.7999983
6874	316.9000149
6875	317.0000017
6876	317.0999885
6877	317.2999918
6878	317.4000084
6879	317.6000118
6880	317.6999986
6881	317.4999952
6882	317.4999952
6883	317.6000118
6884	317.0999885
6885	316.5999949
6886	316.3000047
6887	316.0000145
6888	316.1000013
6889	316.3000047
6890	316.3999915
6891	316.5000081
6892	316.7000115
6893	316.9000149
6894	316.7000115
6895	316.9000149
6896	317.0999885
6897	317.0999885
6898	316.7000115
6899	316.7000115
6900	316.7000115
6901	316.5999949
6902	316.1000013
6903	316.3999915
6904	316.3999915
6905	316.5999949
6906	316.7000115
6907	316.9000149
6908	317.2999918
6909	317.2999918
6910	317.900002
6911	318.3000088
6912	318.3000088
6913	318.6999857
6914	318.3000088
6915	317.4999952
6916	316.7000115
6917	315.1000142
6918	312.7999902
6919	310.0000024
6920	308.4999919
6921	306.1000109
6922	303.4999967
6923	300.7999957
6924	299.6999919
6925	298.4000146
6926	297.1999943
6927	296.7999876
6928	296.600014
6929	296.4000106
6930	296.0000038
6931	296.2000072
6932	296.4999974
6933	297.1000075
6934	297.6000011
6935	298.0000079
6936	298.7000048
6937	299.2999852
6938	299.8999953
6939	300.3999889
6940	301.0999858
6941	302.1000028
6942	302.5000095
6943	303.0000031
6944	303.6000133
6945	303.9999902
6946	304.5000136
6947	304.6000004
6948	304.8000038
6949	304.8999906
6950	305.5000007
6951	305.7000041
6952	305.9999943
6953	306.400001
6954	306.6000044
6955	306.6999912
6956	307.0000112
6957	307.0000112
6958	307.0000112
6959	307.2000146
6960	307.3000014
6961	307.3000014
6962	307.0000112
6963	307.2000146
6964	307.2000146
6965	307.3000014
6966	307.3000014
6967	307.5000048
6968	307.7000082
6969	307.9000115
6970	308.0999851
6971	308.4000051
6972	308.6000085
6973	308.8999987
6974	308.8999987
6975	309.1000021
6976	309.1000021
6977	309.3000054
6978	309.3000054
6979	309.5000088
6980	309.3999922
6981	309.5999956
6982	309.7000122
6983	309.5999956
6984	309.5000088
6985	309.3000054
6986	309.5999956
6987	309.799999
6988	309.5999956
6989	309.5999956
6990	309.3000054
6991	309.3999922
6992	309.3999922
6993	309.3999922
6994	309.3999922
6995	309.5000088
6996	309.3000054
6997	309.5000088
6998	309.5999956
6999	309.3000054
7000	309.1999888
7001	308.8999987
7002	309.3000054
7003	309.5000088
7004	309.3999922
7005	309.5999956
7006	309.7000122
7007	309.5999956
7008	309.7000122
7009	310.0000024
7010	310.0999892
7011	310.0999892
7012	310.0000024
7013	310.0999892
7014	310.2000058
7015	310.2000058
7016	310.4000092
7017	310.2000058
7018	310.2000058
7019	310.2999926
7020	310.4000092
7021	310.4999959
7022	310.4999959
7023	311.8000031
7024	311.3999963
7025	310.9000027
7026	310.6000125
7027	310.6000125
7028	310.6000125
7029	310.2999926
7030	310.4000092
7031	310.6000125
7032	310.6000125
7033	310.6000125
7034	310.6999993
7035	310.6000125
7036	310.6000125
7037	310.2999926
7038	310.4000092
7039	310.6000125
7040	310.6000125
7041	310.4999959
7042	310.4999959
7043	310.4999959
7044	310.6000125
7045	310.6000125
7046	310.9999895
7047	310.9000027
7048	310.9000027
7049	311.1000061
7050	311.1000061
7051	311.1000061
7052	311.1000061
7053	311.1999929
7054	311.1000061
7055	311.1999929
7056	311.1000061
7057	311.1000061
7058	310.9999895
7059	310.9999895
7060	311.1999929
7061	311.1000061
7062	310.9999895
7063	311.1999929
7064	311.1999929
7065	311.1999929
7066	311.1999929
7067	311.3999963
7068	311.3000095
7069	311.3999963
7070	311.5000129
7071	311.5000129
7072	311.1999929
7073	311.3999963
7074	311.5000129
7075	311.3999963
7076	311.3000095
7077	311.3999963
7078	311.1999929
7079	311.1000061
7080	311.1000061
7081	311.1999929
7082	311.1999929
7083	311.3999963
7084	311.5000129
7085	311.3000095
7086	311.1999929
7087	311.1999929
7088	311.1999929
7089	311.1999929
7090	311.3999963
7091	311.3000095
7092	311.3999963
7093	311.3999963
7094	311.3999963
7095	311.8000031
7096	312.0000064
7097	312.0999932
7098	312.2000098
7099	312.0999932
7100	311.8000031
7101	311.8000031
7102	311.5999997
7103	311.6999865
7104	311.5000129
7105	311.5000129
7106	311.8000031
7107	312.0000064
7108	311.8000031
7109	312.2000098
7110	312.2000098
7111	312.4000132
7112	312.2999966
7113	312.0000064
7114	312.0000064
7115	311.6999865
7116	311.8000031
7117	311.6999865
7118	311.5000129
7119	311.5999997
7120	311.8000031
7121	311.6999865
7122	311.8999898
7123	311.5999997
7124	311.8999898
7125	311.8000031
7126	311.8000031
7127	312.2000098
7128	312.0999932
7129	312.2999966
7130	312.2000098
7131	312.2000098
7132	312.2999966
7133	312.4000132
7134	312.4000132
7135	312.2999966
7136	312.2000098
7137	312.2999966
7138	312.5
7139	312.2999966
7140	312.2000098
7141	312.0999932
7142	312.0000064
7143	312.0999932
7144	312.0999932
7145	311.8999898
7146	312.2000098
7147	312.0000064
7148	312.0999932
7149	312.2000098
7150	311.8000031
7151	312.0000064
7152	311.8999898
7153	311.6999865
7154	311.5999997
7155	311.5999997
7156	311.6999865
7157	311.6999865
7158	311.6999865
7159	311.5999997
7160	311.6999865
7161	311.8000031
7162	312.0999932
7163	312.2000098
7164	311.8999898
7165	311.8999898
7166	311.8999898
7167	312.0000064
7168	312.0999932
7169	312.2000098
7170	312.0999932
7171	312.0000064
7172	312.0999932
7173	312.2000098
7174	312.2999966
7175	311.8999898
7176	312.2000098
7177	312.2000098
7178	312.2999966
7179	312.5
7180	312.2000098
7181	312.2000098
7182	312.2000098
7183	312.4000132
7184	312.2999966
7185	312.2000098
7186	312.2000098
7187	312.2999966
7188	312.4000132
7189	312.4000132
7190	312.2999966
7191	312.2000098
7192	312.2000098
7193	312.2000098
7194	312.0999932
7195	312.0000064
7196	312.0999932
7197	312.2000098
7198	312.2999966
7199	312.7000034
7200	312.9999936
7201	312.5
7202	311.5000129
7203	311.1999929
7204	310.9999895
7205	310.9999895
7206	311.3000095
7207	311.5000129
7208	311.5000129
7209	311.5999997
7210	312.0000064
7211	312.2999966
7212	312.5
7213	313.1000102
7214	313.4999871
7215	313.6999905
7216	313.8000071
7217	314.0999973
7218	314.3999875
7219	314.7000074
7220	315.1000142
7221	315.2999878
7222	315.6000078
7223	315.8000112
7224	315.8000112
7225	316.0000145
7226	316.1000013
7227	315.8999979
7228	315.8999979
7229	316.0000145
7230	316.1999881
7231	316.3999915
7232	316.7000115
7233	316.5999949
7234	316.3999915
7235	316.3000047
7236	316.3999915
7237	316.5000081
7238	316.5999949
7239	316.3999915
7240	316.7000115
7241	316.7000115
7242	316.5999949
7243	316.3999915
7244	316.5999949
7245	316.7000115
7246	317.0000017
7247	316.7999983
7248	316.5999949
7249	316.5999949
7250	316.7999983
7251	316.9000149
7252	316.7999983
7253	316.7999983
7254	316.9000149
7255	317.0000017
7256	317.0000017
7257	317.2999918
7258	317.4999952
7259	317.2999918
7260	317.0999885
7261	316.9000149
7262	316.9000149
7263	316.9000149
7264	317.0000017
7265	316.7999983
7266	316.7999983
7267	316.3999915
7268	316.7000115
7269	316.7000115
7270	316.7000115
7271	316.5000081
7272	316.7999983
7273	317.0000017
7274	317.2999918
7275	317.2999918
7276	317.4999952
7277	317.4999952
7278	317.6000118
7279	317.4000084
7280	317.4000084
7281	317.4000084
7282	317.2000051
7283	317.4999952
7284	317.4000084
7285	317.0999885
7286	316.9000149
7287	317.0999885
7288	317.2000051
7289	317.0999885
7290	317.0000017
7291	317.0000017
7292	316.9000149
7293	316.7999983
7294	316.7000115
7295	316.7999983
7296	316.5999949
7297	316.7000115
7298	316.5000081
7299	317.0000017
7300	316.7999983
7301	316.7000115
7302	316.7000115
7303	316.7000115
7304	316.7000115
7305	316.7000115
7306	316.5000081
7307	316.3999915
7308	316.5999949
7309	316.7000115
7310	316.9000149
7311	317.0999885
7312	317.2000051
7313	317.2000051
7314	317.4999952
7315	317.2999918
7316	317.4000084
7317	317.6000118
7318	317.2000051
7319	317.0999885
7320	317.0999885
7321	317.2000051
7322	317.0999885
7323	317.0000017
7324	317.2999918
7325	317.4000084
7326	317.4000084
7327	317.2999918
7328	317.0000017
7329	316.5999949
7330	316.5000081
7331	316.7000115
7332	317.0000017
7333	316.7000115
7334	316.7000115
7335	316.7000115
7336	316.7999983
7337	316.9000149
7338	317.0000017
7339	316.7999983
7340	317.0000017
7341	317.0999885
7342	317.2000051
7343	317.0000017
7344	317.0000017
7345	317.2999918
7346	317.2999918
7347	317.6000118
7348	317.6000118
7349	317.7999854
7350	317.6000118
7351	317.2000051
7352	317.4999952
7353	317.2999918
7354	317.2999918
7355	317.0000017
7356	316.9000149
7357	316.9000149
7358	316.7000115
7359	316.9000149
7360	317.0000017
7361	316.9000149
7362	317.0999885
7363	317.2999918
7364	317.2000051
7365	317.2000051
7366	317.2999918
7367	317.0999885
7368	317.2999918
7369	317.2000051
7370	317.2999918
7371	317.4999952
7372	317.2000051
7373	317.2999918
7374	317.0999885
7375	317.0000017
7376	316.7999983
7377	317.2000051
7378	317.0000017
7379	317.6000118
7380	317.6000118
7381	317.900002
7382	318.3000088
7383	318.599999
7384	318.599999
7385	318.8999891
7386	318.6999857
7387	318.5000122
7388	318.1000054
7389	317.0000017
7390	314.9999976
7391	312.7000034
7392	311.3999963
7393	308.4999919
7394	305.7999909
7395	304.399997
7396	301.8999994
7397	300.5999923
7398	298.999995
7399	298.5999882
7400	297.5000143
7401	297.1999943
7402	297.3999977
7403	297.3000109
7404	297.3999977
7405	297.8999913
7406	298.5999882
7407	298.999995
7408	299.6999919
7409	300.5999923
7410	301.4000058
7411	301.699996
7412	302.1999896
7413	303.0000031
7414	303.7999868
7415	304.1000068
7416	304.8999906
7417	305.2999973
7418	305.5000007
7419	306.1000109
7420	306.6999912
7421	306.8000078
7422	307.0000112
7423	307.7000082
7424	307.7000082
7425	307.9999983
7426	308.2000017
7427	308.4000051
7428	308.2999885
7429	308.6000085
7430	308.8000119
7431	308.8999987
7432	309.3000054
7433	309.5000088
7434	309.5999956
7435	309.5999956
7436	309.799999
7437	309.8999858
7438	309.8999858
7439	310.2999926
7440	310.2999926
7441	310.2000058
7442	310.2999926
7443	310.2000058
7444	310.4000092
7445	310.4000092
7446	310.4999959
7447	310.4000092
7448	310.4000092
7449	310.4999959
7450	310.6000125
7451	310.6000125
7452	310.9999895
7453	310.9000027
7454	311.1999929
7455	311.1999929
7456	311.3999963
7457	311.1999929
7458	311.3999963
7459	311.1999929
7460	311.5000129
7461	311.3999963
7462	311.3000095
7463	311.5000129
7464	311.6999865
7465	311.8000031
7466	311.8000031
7467	311.8000031
7468	311.8000031
7469	311.8000031
7470	311.8000031
7471	311.8999898
7472	312.0999932
7473	312.2999966
7474	312.2999966
7475	312.4000132
7476	312.5
7477	312.2999966
7478	312.2000098
7479	312.2000098
7480	312.0000064
7481	312.2000098
7482	312.0999932
7483	312.0000064
7484	312.0000064
7485	312.0999932
7486	312.2000098
7487	312.2000098
7488	312.2000098
7489	312.2999966
7490	312.2000098
7491	312.2999966
7492	312.4000132
7493	312.2000098
7494	312.0000064
7495	312.0999932
7496	312.2000098
7497	312.4000132
7498	312.5999868
7499	312.5999868
7500	312.4000132
7501	312.5
7502	312.5999868
7503	312.5
7504	312.7000034
7505	312.4000132
7506	312.4000132
7507	312.4000132
7508	312.5999868
7509	312.7999902
7510	312.7000034
7511	312.5999868
7512	312.5
7513	312.5
7514	312.5
7515	312.4000132
7516	312.2999966
7517	312.5
7518	312.2999966
7519	312.5
7520	312.5
7521	312.5999868
7522	312.7000034
7523	312.7000034
7524	312.5
7525	312.7999902
7526	312.5
7527	312.5999868
7528	312.5999868
7529	312.5999868
7530	312.5
7531	312.7000034
7532	312.5999868
7533	312.7000034
7534	312.4000132
7535	312.5
7536	312.7999902
7537	312.7000034
7538	312.7000034
7539	312.7999902
7540	312.5999868
7541	312.7000034
7542	312.5999868
7543	312.7999902
7544	312.5999868
7545	312.7999902
7546	312.5999868
7547	312.7999902
7548	312.9000068
7549	312.7999902
7550	312.7999902
7551	312.5
7552	312.7000034
7553	312.7999902
7554	312.7999902
7555	312.5
7556	312.7000034
7557	312.5999868
7558	312.5999868
7559	312.5
7560	312.7000034
7561	312.5999868
7562	312.7999902
7563	312.7999902
7564	312.7999902
7565	313.1000102
7566	312.9999936
7567	313.3000135
7568	313.1999969
7569	313.1000102
7570	313.1999969
7571	313.1999969
7572	313.1000102
7573	313.1000102
7574	313.1999969
7575	313.1999969
7576	313.1000102
7577	312.9999936
7578	312.9999936
7579	312.9999936
7580	312.7999902
7581	312.5
7582	312.5
7583	312.4000132
7584	312.5
7585	312.4000132
7586	312.5
7587	312.7999902
7588	312.7999902
7589	312.7999902
7590	312.7000034
7591	312.7999902
7592	312.7000034
7593	312.5999868
7594	312.9000068
7595	312.7999902
7596	312.7999902
7597	313.1000102
7598	313.1000102
7599	313.1000102
7600	312.9999936
7601	312.9999936
7602	313.1000102
7603	313.1999969
7604	313.1000102
7605	313.1000102
7606	313.1000102
7607	312.9999936
7608	312.7000034
7609	312.9000068
7610	312.9000068
7611	312.7999902
7612	312.9000068
7613	313.1000102
7614	312.9999936
7615	312.9999936
7616	312.9999936
7617	313.1000102
7618	313.1000102
7619	313.1000102
7620	313.1000102
7621	313.1000102
7622	313.1000102
7623	313.3000135
7624	313.6000037
7625	313.6000037
7626	313.3000135
7627	313.4000003
7628	313.3000135
7629	313.4000003
7630	313.4000003
7631	313.1999969
7632	313.1999969
7633	313.4999871
7634	313.3000135
7635	313.1000102
7636	313.1000102
7637	312.9999936
7638	312.9999936
7639	312.5999868
7640	312.7000034
7641	312.5999868
7642	312.5
7643	312.2000098
7644	312.5
7645	312.5
7646	312.7999902
7647	312.7000034
7648	312.7000034
7649	312.5999868
7650	312.7999902
7651	312.9000068
7652	312.9000068
7653	313.1000102
7654	313.1000102
7655	313.1000102
7656	313.1000102
7657	313.1000102
7658	312.9000068
7659	312.9999936
7660	312.9999936
7661	313.1000102
7662	313.1000102
7663	313.1000102
7664	313.4999871
7665	313.3000135
7666	313.1999969
7667	313.4999871
7668	313.4000003
7669	313.4000003
7670	313.1000102
7671	313.1999969
7672	313.4999871
7673	313.4999871
7674	313.1999969
7675	312.9999936
7676	312.5
7677	312.2999966
7678	312.2999966
7679	312.4000132
7680	312.2000098
7681	312.2999966
7682	312.5
7683	312.5
7684	312.9999936
7685	313.4999871
7686	313.8999939
7687	314.0000105
7688	314.3999875
7689	314.7999942
7690	315.4999912
7691	315.6999946
7692	315.8000112
7693	315.8000112
7694	315.8999979
7695	315.8000112
7696	315.6999946
7697	316.0000145
7698	316.3000047
7699	316.1999881
7700	316.3999915
7701	316.3999915
7702	316.3000047
7703	316.7000115
7704	316.5000081
7705	316.3999915
7706	316.0000145
7707	316.1999881
7708	316.3000047
7709	316.5000081
7710	316.3999915
7711	316.5999949
7712	316.3999915
7713	316.1999881
7714	316.0000145
7715	316.1999881
7716	316.1000013
7717	316.1999881
7718	316.1999881
7719	316.1999881
7720	316.3999915
7721	316.5999949
7722	316.5999949
7723	316.7000115
7724	316.5999949
7725	316.5999949
7726	316.5999949
7727	316.3999915
7728	316.5000081
7729	316.5000081
7730	316.3000047
7731	316.5000081
7732	316.3000047
7733	316.3999915
7734	316.5000081
7735	316.7999983
7736	316.7000115
7737	316.7000115
7738	316.7999983
7739	316.7000115
7740	316.5000081
7741	315.8999979
7742	315.6999946
7743	315.4000044
7744	315.4999912
7745	315.4000044
7746	316.0000145
7747	316.1000013
7748	316.1999881
7749	316.5000081
7750	316.7000115
7751	316.9000149
7752	316.7000115
7753	316.5999949
7754	316.3000047
7755	316.5000081
7756	316.3000047
7757	316.3999915
7758	316.0000145
7759	316.1000013
7760	316.0000145
7761	316.0000145
7762	315.6999946
7763	315.6999946
7764	316.0000145
7765	315.8999979
7766	315.6999946
7767	315.8999979
7768	316.1999881
7769	316.1999881
7770	316.3999915
7771	316.3999915
7772	316.5000081
7773	316.5999949
7774	316.9000149
7775	317.0000017
7776	316.7000115
7777	316.5999949
7778	316.3000047
7779	316.3999915
7780	316.3000047
7781	316.0000145
7782	316.1999881
7783	316.1000013
7784	316.3999915
7785	316.3000047
7786	316.1999881
7787	316.0000145
7788	316.1999881
7789	316.1999881
7790	316.3000047
7791	316.3999915
7792	316.9000149
7793	317.0000017
7794	317.0999885
7795	317.4999952
7796	317.6999986
7797	317.900002
7798	317.6999986
7799	317.6000118
7800	317.4000084
7801	317.6000118
7802	317.4999952
7803	317.6000118
7804	317.6000118
7805	317.6000118
7806	317.2999918
7807	317.0000017
7808	316.9000149
7809	317.0000017
7810	316.7000115
7811	316.9000149
7812	316.7000115
7813	316.7000115
7814	316.7999983
7815	316.9000149
7816	316.7000115
7817	316.5000081
7818	316.5000081
7819	316.7999983
7820	316.9000149
7821	317.0000017
7822	316.9000149
7823	316.7000115
7824	316.9000149
7825	317.0000017
7826	316.9000149
7827	316.7000115
7828	316.5000081
7829	316.3000047
7830	316.3999915
7831	316.7000115
7832	316.5000081
7833	316.7000115
7834	316.7999983
7835	316.5000081
7836	316.5000081
7837	316.3999915
7838	316.3000047
7839	316.3999915
7840	316.3999915
7841	316.1000013
7842	316.0000145
7843	316.0000145
7844	315.8999979
7845	315.6999946
7846	315.4999912
7847	314.9999976
7848	314.5999908
7849	314.3000007
7850	314.5999908
7851	314.9999976
7852	315.200001
7853	315.6999946
7854	316.3999915
7855	316.5000081
7856	316.9000149
7857	317.0999885
7858	317.6000118
7859	317.0999885
7860	317.2999918
7861	316.7999983
7862	315.2999878
7863	314.5999908
7864	312.5999868
7865	310.0999892
7866	307.3000014
7867	305.7999909
7868	302.7999997
7869	300.5999923
7870	298.5999882
7871	297.6999879
7872	296.0999906
7873	295.3999937
7874	295.3999937
7875	295.1000035
7876	295.1000035
7877	295.8000004
7878	296.2000072
7879	296.9000041
7880	297.6999879
7881	298.0999947
7882	298.4000146
7883	298.9000082
7884	299.4000018
7885	300.0999987
7886	300.3999889
7887	300.999999
7888	301.6000092
7889	302.5000095
7890	302.7000129
7891	303.2000065
7892	303.6000133
7893	304.1000068
7894	304.399997
7895	304.8000038
7896	305.0999939
7897	305.4000139
7898	305.4000139
7899	305.4000139
7900	305.7000041
7901	305.9000075
7902	306.1000109
7903	306.4999878
7904	306.8000078
7905	307.0000112
7906	307.3000014
7907	307.3000014
7908	307.3999882
7909	307.3999882
7910	307.3000014
7911	307.3000014
7912	307.3000014
7913	307.2000146
7914	307.3000014
7915	307.5000048
7916	307.7000082
7917	307.7999949
7918	307.7999949
7919	307.9999983
7920	308.2999885
7921	308.2999885
7922	308.2999885
7923	308.6000085
7924	308.6000085
7925	308.6000085
7926	308.6999953
7927	308.9999855
7928	308.8999987
7929	308.9999855
7930	308.8999987
7931	309.3000054
7932	309.1000021
7933	309.3000054
7934	309.1000021
7935	309.1000021
7936	308.9999855
7937	309.1000021
7938	309.1999888
7939	309.3999922
7940	309.3000054
7941	309.5000088
7942	309.3000054
7943	309.799999
7944	309.5999956
7945	309.5000088
7946	309.5999956
7947	309.5999956
7948	309.5999956
7949	309.7000122
7950	309.7000122
7951	309.799999
7952	309.7000122
7953	309.5999956
7954	309.799999
7955	309.5999956
7956	309.5999956
7957	309.5999956
7958	309.5999956
7959	309.5999956
7960	309.7000122
7961	309.7000122
7962	309.7000122
7963	309.799999
7964	309.5999956
7965	309.7000122
7966	310.0999892
7967	309.8999858
7968	309.799999
7969	309.8999858
7970	309.8999858
7971	309.799999
7972	310.0000024
7973	310.0000024
7974	310.2000058
7975	310.0000024
7976	309.8999858
7977	310.0000024
7978	310.2000058
7979	310.4000092
7980	310.2999926
7981	310.2999926
7982	310.4000092
7983	310.2999926
7984	310.2999926
7985	310.6000125
7986	310.4000092
7987	310.2000058
7988	310.2000058
7989	310.2999926
7990	310.2000058
7991	310.2000058
7992	310.4000092
7993	310.4000092
7994	310.4999959
7995	310.4999959
7996	310.2000058
7997	310.0999892
7998	310.2000058
7999	310.0999892
8000	310.0000024
8001	310.0999892
8002	310.2000058
8003	310.4000092
8004	310.2999926
8005	310.2000058
8006	310.2999926
8007	310.2000058
8008	310.2000058
8009	310.2000058
8010	310.4999959
8011	310.4999959
8012	310.6000125
8013	310.6000125
8014	310.6000125
8015	310.6000125
8016	310.6000125
8017	310.4999959
8018	310.4999959
8019	310.6000125
8020	310.7999861
8021	310.6999993
8022	310.7999861
8023	310.9000027
8024	310.9000027
8025	310.9000027
8026	310.7999861
8027	310.6000125
8028	310.6000125
8029	310.6999993
8030	310.9000027
8031	310.9000027
8032	310.6999993
8033	310.9000027
8034	310.9000027
8035	310.9999895
8036	310.9999895
8037	310.7999861
8038	310.6000125
8039	310.6000125
8040	310.6000125
8041	310.6000125
8042	310.6000125
8043	310.7999861
8044	310.7999861
8045	310.7999861
8046	310.9000027
8047	310.7999861
8048	310.7999861
8049	310.6999993
8050	310.9000027
8051	310.6999993
8052	310.7999861
8053	310.9000027
8054	310.9000027
8055	310.9999895
8056	310.7999861
8057	310.6000125
8058	310.6000125
8059	310.6000125
8060	310.4000092
8061	310.4000092
8062	310.4000092
8063	310.4000092
8064	310.2000058
8065	310.2999926
8066	310.4000092
8067	310.4000092
8068	310.2000058
8069	310.2999926
8070	310.2999926
8071	310.2000058
8072	310.0999892
8073	310.0000024
8074	309.8999858
8075	310.0000024
8076	310.0000024
8077	310.0999892
8078	310.2000058
8079	310.0999892
8080	310.0000024
8081	310.2000058
8082	310.2000058
8083	310.2999926
8084	310.2999926
8085	310.4000092
8086	310.6000125
8087	310.4000092
8088	310.6000125
8089	310.6000125
8090	310.6000125
8091	310.6000125
8092	310.6999993
8093	310.9000027
8094	310.6999993
8095	310.6000125
8096	310.6999993
8097	310.4000092
8098	310.4999959
8099	310.4000092
8100	310.6000125
8101	310.4999959
8102	310.6000125
8103	310.6000125
8104	310.6000125
8105	310.6000125
8106	310.7999861
8107	311.1000061
8108	310.9999895
8109	310.9999895
8110	311.3000095
8111	311.5000129
8112	311.3999963
8113	311.3999963
8114	311.3000095
8115	311.3999963
8116	311.5000129
8117	311.3999963
8118	311.3999963
8119	311.5000129
8120	311.5000129
8121	311.5000129
8122	311.3000095
8123	311.3000095
8124	311.5000129
8125	311.3999963
8126	311.6999865
8127	311.6999865
8128	311.5000129
8129	311.5999997
8130	311.6999865
8131	311.8000031
8132	311.5999997
8133	312.0000064
8134	312.2000098
8135	312.2000098
8136	312.0000064
8137	312.0000064
8138	312.0000064
8139	311.8999898
8140	311.8000031
8141	311.5000129
8142	311.5999997
8143	311.5000129
8144	311.5000129
8145	311.8000031
8146	311.8000031
8147	311.6999865
8148	311.3999963
8149	311.1000061
8150	310.9000027
8151	310.6999993
8152	310.9000027
8153	310.9000027
8154	311.1999929
8155	311.1999929
8156	311.8000031
8157	312.0999932
8158	312.5
8159	312.7999902
8160	313.1999969
8161	313.3000135
8162	313.4999871
8163	313.8000071
8164	313.8999939
8165	313.8999939
8166	314.0999973
8167	314.0000105
8168	314.0999973
8169	314.0999973
8170	313.8000071
8171	313.4999871
8172	313.3000135
8173	313.1000102
8174	313.1000102
8175	313.1000102
8176	313.6000037
8177	314.0999973
8178	314.3999875
8179	314.7999942
8180	315.1000142
8181	315.1000142
8182	315.1000142
8183	314.9999976
8184	314.9000108
8185	314.7999942
8186	314.9000108
8187	314.7000074
8188	314.7999942
8189	314.7999942
8190	314.9000108
8191	315.1000142
8192	315.4000044
8193	315.4000044
8194	315.6999946
8195	315.4000044
8196	315.6999946
8197	316.0000145
8198	315.8999979
8199	316.0000145
8200	315.8000112
8201	315.4000044
8202	315.4000044
8203	314.9999976
8204	314.7000074
8205	314.7999942
8206	314.9000108
8207	315.2999878
8208	315.200001
8209	315.4999912
8210	315.6000078
8211	316.0000145
8212	315.6999946
8213	315.4000044
8214	315.4000044
8215	315.1000142
8216	315.200001
8217	315.200001
8218	315.1000142
8219	315.1000142
8220	315.1000142
8221	315.1000142
8222	315.200001
8223	315.1000142
8224	314.9999976
8225	315.200001
8226	314.7999942
8227	314.5999908
8228	314.7000074
8229	314.5000041
8230	314.2000139
8231	314.0999973
8232	314.0000105
8233	314.0999973
8234	314.3000007
8235	314.5000041
8236	314.5999908
8237	314.7000074
8238	315.1000142
8239	315.1000142
8240	314.9999976
8241	315.200001
8242	315.6000078
8243	315.2999878
8244	315.1000142
8245	315.1000142
8246	315.1000142
8247	315.1000142
8248	314.9000108
8249	314.7999942
8250	314.9000108
8251	314.7999942
8252	314.7999942
8253	314.7000074
8254	314.7999942
8255	315.1000142
8256	315.1000142
8257	315.4000044
8258	315.200001
8259	314.9999976
8260	314.9999976
8261	315.2999878
8262	315.1000142
8263	314.9999976
8264	315.200001
8265	315.200001
8266	315.1000142
8267	314.9999976
8268	315.1000142
8269	315.1000142
8270	315.4999912
8271	315.6000078
8272	315.4000044
8273	315.4000044
8274	315.4000044
8275	315.1000142
8276	315.1000142
8277	315.200001
8278	315.200001
8279	315.2999878
8280	315.4999912
8281	315.4999912
8282	315.8000112
8283	315.6000078
8284	315.6999946
8285	315.8000112
8286	315.6000078
8287	315.6000078
8288	315.8000112
8289	315.8000112
8290	315.8999979
8291	315.6999946
8292	315.6999946
8293	316.0000145
8294	315.6000078
8295	315.2999878
8296	315.1000142
8297	315.200001
8298	315.2999878
8299	315.2999878
8300	315.2999878
8301	315.4000044
8302	315.4000044
8303	315.6999946
8304	315.4999912
8305	316.1999881
8306	316.7000115
8307	316.7999983
8308	316.5999949
8309	316.3000047
8310	316.3999915
8311	316.5000081
8312	316.3000047
8313	316.1000013
8314	316.3000047
8315	316.1000013
8316	315.8000112
8317	316.0000145
8318	316.0000145
8319	315.6999946
8320	315.4000044
8321	314.7999942
8322	314.5999908
8323	314.7000074
8324	315.1000142
8325	315.2999878
8326	315.6999946
8327	315.8000112
8328	316.1999881
8329	316.3999915
8330	316.7999983
8331	316.7000115
8332	316.5999949
8333	316.7999983
8334	316.0000145
8335	315.4999912
8336	314.0999973
8337	312.7000034
8338	311.8999898
8339	309.3999922
8340	306.8999946
8341	304.1999936
8342	302.7999997
8343	299.8999953
8344	298.0000079
8345	296.4000106
8346	295.8999872
8347	295.599997
8348	294.9999869
8349	295.3000069
8350	295.5000103
8351	296.4000106
8352	296.7000008
8353	297.5000143
8354	297.6999879
8355	298.0999947
8356	298.999995
8357	299.2999852
8358	300.0000119
8359	300.7999957
8360	301.2999892
8361	301.699996
8362	302.1999896
8363	302.3000062
8364	302.7999997
8365	302.8999865
8366	303.2999933
8367	303.9999902
8368	304.399997
8369	304.6000004
8370	304.8000038
8371	305.5999875
8372	305.7000041
8373	306.1000109
8374	306.6000044
8375	306.6999912
8376	306.8000078
8377	306.6999912
8378	306.8000078
8379	307.0000112
8380	307.7000082
8381	307.5999916
8382	307.9000115
8383	308.2999885
8384	308.0999851
8385	308.0999851
8386	307.9999983
8387	307.9999983
8388	307.7000082
8389	308.2999885
8390	308.2999885
8391	308.6000085
8392	308.6999953
8393	308.8999987
8394	308.9999855
8395	309.1000021
8396	308.8999987
8397	309.1999888
8398	309.1999888
8399	309.1999888
8400	308.9999855
8401	308.8999987
8402	308.9999855
8403	309.1999888
8404	309.3000054
8405	309.3000054
8406	309.3999922
8407	309.3999922
8408	309.3999922
8409	309.7000122
8410	309.5999956
8411	309.5000088
8412	309.3000054
8413	309.7000122
8414	309.5999956
8415	309.5000088
8416	309.7000122
8417	309.7000122
8418	309.5999956
8419	309.7000122
8420	309.7000122
8421	309.7000122
8422	309.799999
8423	310.0000024
8424	309.8999858
8425	309.8999858
8426	310.4000092
8427	310.0999892
8428	310.6000125
8429	310.2000058
8430	310.4000092
8431	310.2999926
8432	310.2999926
8433	310.2999926
8434	310.2000058
8435	310.2000058
8436	310.2999926
8437	310.6000125
8438	310.2999926
8439	310.2999926
8440	310.4999959
8441	310.4000092
8442	310.4000092
8443	310.6000125
8444	310.4999959
8445	310.6000125
8446	310.6000125
8447	310.6999993
8448	310.2999926
8449	310.4000092
8450	309.8999858
8451	307.9000115
8452	306.400001
8453	306.4999878
8454	307.0000112
8455	307.7999949
8456	308.6999953
8457	308.8999987
8458	309.5999956
8459	309.8999858
8460	310.2000058
8461	310.6000125
8462	310.9000027
8463	310.9999895
8464	311.1999929
8465	311.3999963
8466	311.3000095
8467	311.1999929
8468	311.1999929
8469	311.5000129
8470	311.1999929
8471	311.1999929
8472	311.1999929
8473	311.3999963
8474	311.1999929
8475	311.3999963
8476	311.1000061
8477	311.1999929
8478	311.1999929
8479	310.7999861
8480	310.7999861
8481	310.7999861
8482	310.6000125
8483	310.4000092
8484	310.4000092
8485	310.6000125
8486	310.4999959
8487	310.6000125
8488	310.6999993
8489	310.7999861
8490	310.9000027
8491	310.9000027
8492	310.9000027
8493	310.6000125
8494	310.4999959
8495	310.6000125
8496	310.2999926
8497	310.2000058
8498	310.0999892
8499	310.4000092
8500	310.2000058
8501	309.8999858
8502	309.8999858
8503	310.0000024
8504	309.7000122
8505	309.8999858
8506	309.3999922
8507	309.5999956
8508	309.5999956
8509	309.5999956
8510	309.7000122
8511	309.799999
8512	309.8999858
8513	309.8999858
8514	310.0000024
8515	309.8999858
8516	309.8999858
8517	309.799999
8518	309.799999
8519	309.7000122
8520	309.799999
8521	309.8999858
8522	310.0000024
8523	309.8999858
8524	309.8999858
8525	310.0999892
8526	310.0999892
8527	310.2000058
8528	310.0999892
8529	310.4000092
8530	310.2000058
8531	310.2000058
8532	310.4999959
8533	310.4000092
8534	310.4000092
8535	310.4999959
8536	310.4999959
8537	310.4000092
8538	310.6000125
8539	310.6999993
8540	310.9000027
8541	310.9000027
8542	310.7999861
8543	310.9000027
8544	310.9000027
8545	310.9000027
8546	310.6999993
8547	310.9000027
8548	311.1000061