1	301.12
2	301.07999
3	301.12
4	301
5	301.06
6	301.06
7	301.06
8	301.04001
9	301.10001
10	301.07999
11	301.04001
12	301.04001
13	300.92999
14	300.82999
15	300.79001
16	300.81
17	300.73999
18	300.79001
19	300.79001
20	300.62
21	300.60001
22	300.66
23	300.73999
24	300.82999
25	300.82999
26	300.89001
27	301.06
28	301.04001
29	301.14001
30	301.12
31	301.17999
32	301.17999
33	301.29001
34	301.39001
35	301.42999
36	301.48001
37	301.56
38	301.56
39	301.62
40	301.67001
41	301.70999
42	301.67001
43	301.79001
44	301.79001
45	301.94
46	302
47	302.06
48	301.98001
49	301.98001
50	301.95999
51	301.95999
52	302.01999
53	302.04001
54	302.04001
55	301.98001
56	301.89999
57	301.87
58	301.87
59	301.85001
60	301.89999
61	301.81
62	301.92001
63	301.95999
64	301.89999
65	301.82999
66	301.87
67	301.94
68	301.87
69	302.01999
70	301.94
71	301.95999
72	302.04001
73	302.07999
74	301.94
75	302.01999
76	302.07999
77	302.13
78	302.14999
79	302.13
80	302.10001
81	302.04001
82	301.98001
83	301.98001
84	302.10001
85	302.04001
86	302.19
87	302.13
88	301.95999
89	301.95999
90	301.95999
91	301.98001
92	301.95999
93	301.89999
94	301.89999
95	301.92001
96	301.89999
97	301.89999
98	301.89999
99	301.82999
100	301.92001
101	301.89999
102	301.92001
103	301.94
104	301.87
105	301.94
106	301.85001
107	301.89999
108	301.76999
109	301.79001
110	301.75
111	301.70999
112	301.79001
113	301.82999
114	301.92001
115	302.04001
116	302.13
117	302.06
118	302.06
119	302.04001
120	302.06
121	301.98001
122	301.98001
123	302.07999
124	302.14999
125	302.06
126	302.14999
127	302.14999
128	302.29001
129	302.29001
130	302.32999
131	302.32999
132	302.29001
133	302.25
134	302.23001
135	302.25
136	302.29001
137	302.44
138	302.45999
139	302.44
140	302.5
141	302.51999
142	302.42001
143	302.45999
144	302.44
145	302.44
146	302.29001
147	302.26999
148	302.25
149	302.23001
150	302.14999
151	302.17001
152	302.04001
153	302
154	302
155	301.98001
156	302.10001
157	302.10001
158	301.98001
159	302
160	301.98001
161	301.98001
162	302
163	302
164	302.07999
165	302.01999
166	302.06
167	302.20999
168	302.20999
169	302.31
170	302.19
171	302.17001
172	302.19
173	302.17001
174	302.13
175	302.14999
176	302.06
177	302.01999
178	302.01999
179	302.04001
180	302.10001
181	302.17001
182	302.20999
183	302.39999
184	302.35999
185	302.19
186	302.25
187	302.19
188	302.20999
189	302.38
190	302.42001
191	302.54001
192	302.67001
193	302.67001
194	302.84
195	303.01999
196	303.13
197	302.89999
198	302.67001
199	302.44
200	302.44
201	301.73001
202	301.16
203	300.81
204	299.98999
205	299.17999
206	298.78
207	298.42001
208	297.79999
209	297.59
210	297.35999
211	297.29001
212	297.34
213	297.25
214	297.32001
215	297.39999
216	297.42001
217	297.51999
218	297.59
219	297.60999
220	297.94
221	297.98001
222	298.26001
223	298.54999
224	298.85999
225	298.85999
226	299.22
227	299.29999
228	299.39001
229	299.51001
230	299.66
231	299.73999
232	299.73999
233	299.89001
234	299.92999
235	299.92999
236	300.03
237	300.16
238	300.10001
239	300.10001
240	300.16
241	300.23999
242	300.23999
243	300.23999
244	300.26001
245	300.28
246	300.32999
247	300.31
248	300.35001
249	300.48999
250	300.48999
251	300.47
252	300.51001
253	300.20001
254	300.22
255	300.16
256	300.23999
257	300.26999
258	300.31
259	300.32999
260	300.32999
261	300.31
262	300.31
263	300.35001
264	300.35001
265	300.64001
266	300.75
267	300.73001
268	300.64001
269	300.75
270	300.73001
271	300.73001
272	300.64001
273	300.57999
274	300.51999
275	300.51999
276	300.41
277	300.47
278	300.39001
279	300.37
280	300.56
281	300.57999
282	300.64001
283	300.64001
284	300.64001
285	300.66
286	300.60001
287	300.54001
288	300.60001
289	300.54001
290	300.54001
291	300.5
292	300.45001
293	300.41
294	300.37
295	300.29001
296	300.29001
297	300.20001
298	300.26999
299	300.32999
300	300.37
301	300.47
302	300.45001
303	300.45001
304	300.41
305	300.60001
306	300.56
307	300.56
308	300.54001
309	300.47
310	300.47
311	300.5
312	300.42999
313	300.45001
314	300.51999
315	300.54001
316	300.51999
317	300.60001
318	300.42999
319	300.37
320	300.41
321	300.45001
322	300.45001
323	300.60001
324	300.67999
325	300.62
326	300.64001
327	300.73001
328	300.67999
329	300.66
330	300.62
331	300.60001
332	300.57999
333	300.66
334	300.70001
335	300.70001
336	300.66
337	300.62
338	300.64001
339	300.60001
340	300.64001
341	300.70001
342	300.70001
343	300.67999
344	300.75
345	300.75
346	300.76999
347	300.66
348	300.66
349	300.64001
350	300.60001
351	300.51999
352	300.5
353	300.39001
354	300.41
355	300.41
356	300.5
357	300.56
358	300.51999
359	300.64001
360	300.75
361	300.79001
362	300.81
363	300.79001
364	300.79001
365	300.75
366	300.79001
367	300.76999
368	300.85001
369	300.95999
370	300.85001
371	300.87
372	300.95999
373	300.85001
374	300.85001
375	300.91
376	300.82999
377	300.70001
378	300.75
379	300.73001
380	300.70001
381	300.70001
382	300.5
383	300.41
384	300.32999
385	300.32999
386	300.5
387	300.39001
388	300.42999
389	300.70001
390	300.81
391	300.79001
392	300.89001
393	300.98001
394	300.95999
395	300.91
396	300.81
397	300.76999
398	300.76999
399	300.64001
400	300.54001
401	300.54001
402	300.56
403	300.51999
404	300.56
405	300.66
406	300.66
407	300.75
408	300.70001
409	300.73001
410	300.79001
411	300.76999
412	300.64001
413	300.64001
414	300.76999
415	300.75
416	300.75
417	300.76999
418	300.76999
419	300.85001
420	300.85001
421	300.81
422	300.82999
423	300.87
424	300.82999
425	300.87
426	300.89001
427	300.82999
428	300.85001
429	300.92999
430	301.06
431	301.10001
432	301.12
433	301.17001
434	301.14001
435	301
436	301
437	300.89001
438	300.89001
439	300.91
440	300.85001
441	300.75
442	300.87
443	301.04001
444	301.17001
445	301.17001
446	301.19
447	301.12
448	301.07999
449	301.14001
450	301.06
451	301
452	301
453	301
454	300.98001
455	300.91
456	300.89001
457	301
458	300.98001
459	300.95999
460	300.92999
461	300.92999
462	301.01999
463	301.12
464	301.10001
465	301.12
466	301.17001
467	301.06
468	301.01999
469	301.06
470	301.01999
471	301.01999
472	300.98001
473	301
474	300.98001
475	300.91
476	300.92999
477	300.92999
478	300.91
479	300.95999
480	300.91
481	300.91
482	300.98001
483	300.91
484	300.91
485	300.73001
486	300.70001
487	300.51999
488	300.45001
489	300.37
490	300.41
491	300.41
492	300.45001
493	300.56
494	300.54001
495	300.54001
496	300.54001
497	300.5
498	300.47
499	300.45001
500	300.45001
501	300.37
502	300.41
503	300.45001
504	300.45001
505	300.51999
506	300.56
507	300.57999
508	300.62
509	300.67999
510	300.66
511	300.81
512	300.79001
513	300.81
514	300.81
515	300.95999
516	300.95999
517	300.95999
518	300.91
519	300.92999
520	300.91
521	300.95999
522	300.87
523	300.87
524	300.87
525	300.89001
526	300.79001
527	300.82999
528	300.73001
529	300.73001
530	300.75
531	300.76999
532	300.82999
533	300.91
534	300.98001
535	301.01999
536	300.98001
537	301
538	301
539	301.04001
540	301
541	300.98001
542	300.98001
543	300.92999
544	300.95999
545	300.95999
546	301.04001
547	301
548	301
549	301
550	301.01999
551	301.06
552	301.01999
553	301.10001
554	301.07999
555	301.07999
556	301.07999
557	301.06
558	301.04001
559	301.10001
560	301.25
561	301.31
562	301.31
563	301.32999
564	301.32999
565	301.29001
566	301.31
567	301.31
568	301.25
569	301.23001
570	301.14001
571	301.17001
572	301.23001
573	301.17001
574	301.19
575	301.14001
576	301.17001
577	301.19
578	301.17001
579	301.10001
580	301.04001
581	301.04001
582	301.06
583	301.04001
584	301.04001
585	301
586	301.07999
587	301.07999
588	301.17001
589	301.19
590	301.14001
591	301.14001
592	301.23001
593	301.20999
594	301.20999
595	301.12
596	301.14001
597	301.12
598	301.06
599	301.01999
600	300.98001
601	300.98001
602	300.98001
603	300.92999
604	301.17001
605	301.26999
606	301.31
607	301.23001
608	301.25
609	301.25
610	301.31
611	301.29001
612	301.25
613	301.23001
614	301.23001
615	301.23001
616	301.29001
617	301.26999
618	301.31
619	301.32999
620	301.37
621	301.35001
622	301.31
623	301.37
624	301.39999
625	301.42001
626	301.42001
627	301.45999
628	301.45999
629	301.45999
630	301.45999
631	301.48001
632	301.42001
633	301.42001
634	301.48001
635	301.51999
636	301.63
637	301.56
638	301.48001
639	301.57999
640	301.56
641	301.60001
642	301.56
643	301.63
644	301.54001
645	301.54001
646	301.51999
647	301.57999
648	301.51999
649	301.5
650	301.44
651	301.31
652	301.32999
653	301.31
654	301.29001
655	301.25
656	301.37
657	301.39999
658	301.39999
659	301.35001
660	301.32999
661	301.89999
662	302.06
663	302.32999
664	302.44
665	302.44
666	302.14
667	302.32999
668	302.44
669	302.44
670	302.14
671	301.44
672	300.12
673	302.26999
674	301.62
675	301.29001
676	300.42999
677	299.64001
678	299.16
679	298.70001
680	297.64999
681	297.48001
682	297
683	296.79001
684	296.56
685	296.44
686	296.48001
687	296.54001
688	296.56
689	296.70999
690	296.82999
691	296.94
692	297.14999
693	297.20999
694	297.48001
695	297.79999
696	298.03
697	298.03
698	298.20999
699	298.29999
700	298.23999
701	298.38
702	298.35999
703	298.53
704	298.53
705	298.72
706	298.84
707	298.89999
708	299.07001
709	299.20001
710	299.23999
711	299.29999
712	299.32001
713	299.32001
714	299.32001
715	299.42999
716	299.64001
717	299.78
718	299.89001
719	300.10001
720	300.17999
721	300.23999
722	300.32999
723	300.28
724	300.23999
725	300.26001
726	300.28
727	300.28
728	300.35001
729	300.35001
730	300.41
731	300.48999
732	300.47
733	300.47
734	300.56
735	300.72
736	300.72
737	300.82999
738	300.85001
739	300.92999
740	300.91
741	300.85001
742	300.87
743	300.87
744	300.89001
745	300.82999
746	300.85001
747	301
748	301.07999
749	301.07999
750	301.12
751	301.12
752	301.12
753	301.07999
754	301.12
755	301.16
756	301.20001
757	301.25
758	301.14001
759	301.16
760	301.10001
761	301.14001
762	301.07999
763	301.07999
764	301.07999
765	301.17999
766	301.17999
767	301.20001
768	301.20001
769	301.10001
770	301.06
771	301.12
772	301.16
773	301
774	301.07999
775	301.07999
776	301.12
777	301.06
778	301.16
779	301.31
780	301.35001
781	301.37
782	301.41
783	301.42999
784	301.32999
785	301.31
786	301.23001
787	301.20001
788	301.20001
789	301.16
790	301.10001
791	301.14001
792	301.16
793	301.20001
794	301.20001
795	301.25
796	301.29001
797	301.31
798	301.23001
799	301.23001
800	301.32999
801	301.37
802	301.48001
803	301.39001
804	301.32999
805	301.25
806	301.29001
807	301.29001
808	301.41
809	301.57999
810	301.51999
811	301.48001
812	301.57999
813	301.41
814	301.41
815	301.31
816	301.14001
817	301.12
818	301.10001
819	301.06
820	301.12
821	301.04001
822	301
823	301
824	300.91
825	301
826	301.01999
827	301.01999
828	301.06
829	301.07999
830	301.04001
831	301.04001
832	301.07999
833	301.16
834	301.32999
835	301.29001
836	301.39001
837	301.32999
838	301.31
839	301.31
840	301.32999
841	301.31
842	301.32999
843	301.31
844	301.23001
845	301.20001
846	301.20001
847	301.23001
848	301.25
849	301.10001
850	301.10001
851	301.14001
852	301.07999
853	301.07999
854	301.14001
855	301.23001
856	301.26999
857	301.39001
858	301.45999
859	301.42999
860	301.51999
861	301.32999
862	301.35001
863	301.26999
864	301.32999
865	301.31
866	301.26999
867	301.25
868	301.25
869	301.07999
870	301.12
871	301.12
872	301.12
873	301.26999
874	301.26999
875	301.32999
876	301.31
877	301.25
878	301.25
879	301.16
880	301.10001
881	301.14001
882	301.16
883	301.20001
884	301.17999
885	301.17999
886	301.29001
887	301.31
888	301.17999
889	301.25
890	301.29001
891	301.26999
892	301.25
893	301.29001
894	301.23001
895	301.14001
896	301.16
897	301.16
898	301.14001
899	301.10001
900	301.10001
901	301.12
902	301.17999
903	301.20001
904	301.20001
905	301.07999
906	301.07999
907	301
908	301
909	301.01999
910	301.01999
911	301.04001
912	301.07999
913	301.07999
914	301
915	301.04001
916	300.91
917	300.91
918	300.87
919	300.97
920	301.01999
921	301.07999
922	301.20001
923	301.31
924	301.31
925	301.26999
926	301.29001
927	301.32999
928	301.23001
929	301.31
930	301.25
931	301.23001
932	301.35001
933	301.42999
934	301.54001
935	301.51999
936	301.45999
937	301.29001
938	301.31
939	301.25
940	301.32999
941	301.29001
942	301.26999
943	301.26999
944	301.25
945	301.20001
946	301.23001
947	301.25
948	301.14001
949	301.14001
950	301.25
951	301.23001
952	301.29001
953	301.29001
954	301.23001
955	301.12
956	301.12
957	301.04001
958	301.14001
959	301.07999
960	301
961	300.87
962	300.89001
963	300.70001
964	300.70001
965	300.60001
966	300.64001
967	300.64001
968	300.67999
969	300.64001
970	300.76999
971	300.89001
972	300.97
973	301.04001
974	301.12
975	301.16
976	301.20001
977	301.16
978	301.14001
979	301.10001
980	301.16
981	301.16
982	301.23001
983	301.25
984	301.29001
985	301.23001
986	301.29001
987	301.23001
988	301.23001
989	301.25
990	301.31
991	301.35001
992	301.45999
993	301.51999
994	301.51999
995	301.51999
996	301.70999
997	301.76999
998	301.81
999	301.85001
1000	301.87
1001	301.89999
1002	301.94
1003	301.82999
1004	301.94
1005	301.82999
1006	301.79001
1007	301.85001
1008	301.94
1009	301.82999
1010	302.01999
1011	302.06
1012	302.06
1013	302.13
1014	302.06
1015	302
1016	301.98001
1017	301.95999
1018	301.85001
1019	301.92001
1020	301.92001
1021	302
1022	301.92001
1023	302
1024	301.98001
1025	301.92001
1026	302.10001
1027	302.10001
1028	302.14999
1029	302.17001
1030	302.17001
1031	302.13
1032	302.06
1033	302.14999
1034	302.23001
1035	302.26999
1036	302.17001
1037	302.20999
1038	302.06
1039	302.07999
1040	302
1041	301.95999
1042	302.01999
1043	302.01999
1044	301.98001
1045	302.10001
1046	302.10001
1047	302.10001
1048	302.10001
1049	302.04001
1050	301.94
1051	301.85001
1052	301.87
1053	301.81
1054	301.82999
1055	301.76999
1056	301.87
1057	301.94
1058	301.98001
1059	301.98001
1060	301.95999
1061	302
1062	302
1063	301.92001
1064	301.82999
1065	301.70999
1066	301.70999
1067	301.76999
1068	301.76999
1069	301.76999
1070	301.73001
1071	301.75
1072	301.76999
1073	301.75
1074	301.75
1075	301.76999
1076	301.73001
1077	301.82999
1078	301.75
1079	301.73001
1080	301.70999
1081	301.69
1082	301.67001
1083	301.67001
1084	301.73001
1085	301.67001
1086	301.76999
1087	301.69
1088	301.70999
1089	301.56
1090	301.67001
1091	301.67001
1092	301.62
1093	301.79001
1094	301.73001
1095	301.94
1096	301.94
1097	301.94
1098	301.94
1099	301.94
1100	301.94
1101	301.94
1102	302
1103	301.94
1104	301.92001
1105	301.92001
1106	301.81
1107	301.92001
1108	301.85001
1109	301.85001
1110	302.01999
1111	301.94
1112	302.04001
1113	302.06
1114	301.98001
1115	302.17001
1116	302.17001
1117	302.14999
1118	302.14999
1119	302.13
1120	302
1121	302.07999
1122	301.98001
1123	301.95999
1124	301.92001
1125	301.79001
1126	301.70999
1127	301.70999
1128	301.64001
1129	301.69
1130	301.69
1131	301.67001
1132	301.5
1133	301.54001
1134	301.57999
1135	301.67001
1136	301.82999
1137	301.82999
1138	301.89999
1139	302.01999
1140	302.13
1141	302.17001
1142	302.25
1143	302.38
1144	302.42001
1145	302.17001
1146	302.14999
1147	301.82999
1148	301.35001
1149	300.89001
1150	300.60001
1151	300.31
1152	299.32001
1153	298.97
1154	298.32001
1155	297.70999
1156	297.51999
1157	297.20999
1158	297.13
1159	297.04001
1160	297.13
1161	297.14999
1162	297.14999
1163	297.32001
1164	297.48001
1165	297.48001
1166	297.69
1167	297.88
1168	298.07001
1169	298.07001
1170	298.19
1171	298.23999
1172	298.42001
1173	298.59
1174	298.78
1175	298.85999
1176	298.85999
1177	298.95001
1178	299.09
1179	299.16
1180	299.29999
1181	299.41
1182	299.53
1183	299.51001
1184	299.66
1185	299.72
1186	299.73999
1187	299.72
1188	299.66
1189	299.76001
1190	299.78
1191	299.87
1192	299.87
1193	299.91
1194	300.03
1195	300.07999
1196	300.17999
1197	300.22
1198	300.31
1199	300.35001
1200	300.45001
1201	300.45001
1202	300.70001
1203	300.70001
1204	300.67999
1205	300.62
1206	300.67999
1207	300.64001
1208	300.64001
1209	300.41
1210	300.42999
1211	300.39001
1212	300.37
1213	300.37
1214	300.35001
1215	300.41
1216	300.48999
1217	300.48999
1218	300.51001
1219	300.51001
1220	300.48999
1221	300.47
1222	300.51001
1223	300.54001
1224	300.60001
1225	300.47
1226	300.51001
1227	300.42999
1228	300.47
1229	300.47
1230	300.47
1231	300.51001
1232	300.60001
1233	300.60001
1234	300.70001
1235	300.66
1236	300.70001
1237	300.81
1238	300.85001
1239	300.89001
1240	300.89001
1241	300.85001
1242	300.85001
1243	300.91
1244	300.95001
1245	300.97
1246	300.97
1247	300.97
1248	301.06
1249	301.14001
1250	301.20001
1251	301.20001
1252	301.06
1253	301.06
1254	301.04001
1255	301.01999
1256	301
1257	300.97
1258	300.95001
1259	301
1260	300.91
1261	300.97
1262	300.97
1263	300.92999
1264	301.01999
1265	300.97
1266	300.97
1267	300.87
1268	300.89001
1269	300.76999
1270	300.82999
1271	300.81
1272	300.81
1273	300.82999
1274	300.87
1275	300.92999
1276	300.89001
1277	300.89001
1278	300.79001
1279	300.79001
1280	301.07999
1281	301.04001
1282	301
1283	300.95001
1284	300.95001
1285	300.92999
1286	300.91
1287	300.82999
1288	300.79001
1289	300.81
1290	300.89001
1291	300.85001
1292	300.95001
1293	300.91
1294	301
1295	300.97
1296	300.89001
1297	300.87
1298	300.91
1299	300.87
1300	300.89001
1301	300.89001
1302	300.87
1303	300.81
1304	300.79001
1305	300.72
1306	300.79001
1307	300.82999
1308	300.95001
1309	300.92999
1310	300.91
1311	300.91
1312	300.79001
1313	300.66
1314	300.70001
1315	300.72
1316	300.76999
1317	300.76999
1318	300.76999
1319	300.92999
1320	300.95001
1321	300.92999
1322	301.01999
1323	301.01999
1324	300.92999
1325	300.92999
1326	300.89001
1327	300.92999
1328	300.87
1329	300.95001
1330	300.97
1331	301
1332	301.01999
1333	300.97
1334	300.97
1335	301.01999
1336	301
1337	300.92999
1338	300.95001
1339	301.01999
1340	301.01999
1341	301.01999
1342	301.04001
1343	301.04001
1344	301.06
1345	300.95001
1346	300.95001
1347	301
1348	301.01999
1349	301.14001
1350	301.14001
1351	301.10001
1352	301.06
1353	301.04001
1354	300.97
1355	301.10001
1356	301.23001
1357	301.16
1358	301.14001
1359	301.06
1360	301.14001
1361	301.04001
1362	301.01999
1363	301.04001
1364	301.04001
1365	301.20001
1366	301.16
1367	301.12
1368	301.04001
1369	301.04001
1370	301
1371	300.97
1372	300.92999
1373	301
1374	301.04001
1375	301.04001
1376	300.95001
1377	300.89001
1378	300.85001
1379	300.81
1380	300.73999
1381	300.85001
1382	300.85001
1383	300.97
1384	301.06
1385	301.06
1386	301.01999
1387	301.01999
1388	301.04001
1389	301.04001
1390	300.95001
1391	300.97
1392	300.97
1393	300.91
1394	300.85001
1395	300.92999
1396	300.87
1397	300.91
1398	301.06
1399	301.06
1400	300.97
1401	301.01999
1402	300.91
1403	300.92999
1404	301
1405	300.95001
1406	300.92999
1407	300.92999
1408	300.97
1409	301.01999
1410	301.07999
1411	301
1412	301.12
1413	301.04001
1414	301.04001
1415	301.12
1416	301.07999
1417	301.14001
1418	301.20001
1419	301.23001
1420	301.12
1421	301.12
1422	301.01999
1423	301.04001
1424	301.06
1425	301.04001
1426	301.10001
1427	301.06
1428	301.06
1429	301.01999
1430	301.04001
1431	301.04001
1432	301
1433	300.82999
1434	300.76999
1435	300.66
1436	300.48999
1437	300.47
1438	300.39001
1439	300.28
1440	300.32999
1441	300.31
1442	300.32999
1443	300.32999
1444	300.26001
1445	300.23999
1446	300.26001
1447	300.28
1448	300.37
1449	300.45001
1450	300.51001
1451	300.73999
1452	300.79001
1453	300.79001
1454	300.97
1455	301.01999
1456	301.01999
1457	301.10001
1458	301.16
1459	301.17999
1460	301.17999
1461	301.20001
1462	301.14001
1463	301.14001
1464	301.26999
1465	301.23001
1466	301.26999
1467	301.26999
1468	301.32999
1469	301.37
1470	301.32999
1471	301.41
1472	301.32999
1473	301.31
1474	301.26999
1475	301.14001
1476	301.25
1477	301.26999
1478	301.29001
1479	301.35001
1480	301.26999
1481	301.26999
1482	301.26999
1483	301.23001
1484	301.41
1485	301.41
1486	301.48001
1487	301.5
1488	301.54001
1489	301.54001
1490	301.48001
1491	301.54001
1492	301.54001
1493	301.48001
1494	301.39001
1495	301.42999
1496	301.32999
1497	301.37
1498	301.32999
1499	301.32999
1500	301.29001
1501	301.29001
1502	301.32999
1503	301.29001
1504	301.20001
1505	301.14001
1506	301.14001
1507	301.12
1508	301.16
1509	301.17999
1510	301.25
1511	301.31
1512	301.35001
1513	301.39001
1514	301.39001
1515	301.41
1516	301.41
1517	301.39001
1518	301.41
1519	301.41
1520	301.51999
1521	301.60001
1522	301.70999
1523	301.67001
1524	301.67001
1525	301.62
1526	301.62
1527	301.62
1528	301.70999
1529	301.76999
1530	301.75
1531	301.75
1532	301.64001
1533	301.57999
1534	301.51999
1535	301.5
1536	301.51999
1537	301.45999
1538	301.42999
1539	301.48001
1540	301.5
1541	301.41
1542	301.5
1543	301.42999
1544	301.48001
1545	301.41
1546	301.35001
1547	301.41
1548	301.32999
1549	301.26999
1550	301.26999
1551	301.23001
1552	301.23001
1553	301.25
1554	301.31
1555	301.29001
1556	301.29001
1557	301.37
1558	301.45999
1559	301.41
1560	301.51999
1561	301.45999
1562	301.48001
1563	301.48001
1564	301.39001
1565	301.45999
1566	301.48001
1567	301.57999
1568	301.57999
1569	301.62
1570	301.62
1571	301.54001
1572	301.51999
1573	301.54001
1574	301.60001
1575	301.51999
1576	301.54001
1577	301.45999
1578	301.31
1579	301.41
1580	301.37
1581	301.48001
1582	301.45999
1583	301.54001
1584	301.5
1585	301.45999
1586	301.5
1587	301.5
1588	301.45999
1589	301.51999
1590	301.45999
1591	301.45999
1592	301.48001
1593	301.51999
1594	301.56
1595	301.56
1596	301.51999
1597	301.41
1598	301.42999
1599	301.39001
1600	301.39001
1601	301.29001
1602	301.29001
1603	301.26999
1604	301.26999
1605	301.16
1606	301.16
1607	301.16
1608	301.17999
1609	301.17999
1610	301.42999
1611	301.60001
1612	301.60001
1613	301.81
1614	301.95999
1615	302.07999
1616	302.26999
1617	302.38
1618	302.26999
1619	301.87
1620	301.07999
1621	300.76999
1622	300.16
1623	299.82001
1624	299.04999
1625	298.29999
1626	297.73001
1627	297.19
1628	297.06
1629	296.81
1630	296.67001
1631	296.5
1632	296.44
1633	296.42001
1634	296.42001
1635	296.44
1636	296.60001
1637	296.70999
1638	296.98001
1639	297.06
1640	297.17001
1641	297.17001
1642	297.23001
1643	297.29001
1644	297.39999
1645	297.44
1646	297.88
1647	297.92001
1648	298.04999
1649	298.34
1650	298.42001
1651	298.57001
1652	298.95001
1653	299.04999
1654	299.16
1655	299.17999
1656	299.29999
1657	299.39001
1658	299.48999
1659	299.67999
1660	299.67999
1661	299.79999
1662	299.78
1663	299.82001
1664	299.79999
1665	299.72
1666	299.72
1667	299.76001
1668	299.85001
1669	299.89001
1670	299.97
1671	300.10001
1672	300.16
1673	300.16
1674	300.22
1675	300.23999
1676	300.28
1677	300.32999
1678	300.28
1679	300.42999
1680	300.42999
1681	300.42999
1682	300.45001
1683	300.41
1684	300.32999
1685	300.23999
1686	300.37
1687	300.31
1688	300.47
1689	300.35001
1690	300.37
1691	300.41
1692	300.47
1693	300.66
1694	300.67999
1695	300.67999
1696	300.67999
1697	300.72
1698	300.76999
1699	300.72
1700	300.73999
1701	300.66
1702	300.76999
1703	300.82999
1704	300.79001
1705	300.79001
1706	300.87
1707	300.81
1708	300.82999
1709	300.89001
1710	300.79001
1711	300.97
1712	300.97
1713	300.97
1714	300.89001
1715	301
1716	301.12
1717	301.10001
1718	301.23001
1719	301.12
1720	301.06
1721	301.12
1722	301
1723	301.04001
1724	301.10001
1725	301.07999
1726	301.07999
1727	301.10001
1728	301.14001
1729	301.23001
1730	301.12
1731	301.14001
1732	301.20001
1733	301.17999
1734	301.16
1735	301.23001
1736	301.20001
1737	301.20001
1738	301.12
1739	301.14001
1740	301.12
1741	301.10001
1742	301.16
1743	301.16
1744	301.16
1745	301.23001
1746	301.17999
1747	301.17999
1748	301.23001
1749	301.29001
1750	301.20001
1751	301.20001
1752	301.17999
1753	301.25
1754	301.25
1755	301.12
1756	301.07999
1757	301.07999
1758	301.10001
1759	301.01999
1760	300.97
1761	301.04001
1762	300.89001
1763	300.92999
1764	300.91
1765	301.01999
1766	301.06
1767	301.01999
1768	301.07999
1769	301.14001
1770	301.10001
1771	301.14001
1772	301.16
1773	301.10001
1774	301.06
1775	301.14001
1776	301.14001
1777	301.06
1778	301.14001
1779	301.12
1780	301.16
1781	301.14001
1782	301.17999
1783	301.17999
1784	301.16
1785	301.17999
1786	301.29001
1787	301.23001
1788	301.26999
1789	301.20001
1790	301.23001
1791	301.10001
1792	301.06
1793	301.10001
1794	301.06
1795	301
1796	300.95001
1797	300.92999
1798	301.01999
1799	301.06
1800	301.16
1801	301.17999
1802	301.12
1803	301.25
1804	301.20001
1805	301.07999
1806	301.10001
1807	301.07999
1808	301.07999
1809	301.10001
1810	300.95001
1811	300.89001
1812	300.82999
1813	300.85001
1814	300.73999
1815	300.73999
1816	300.87
1817	300.81
1818	300.89001
1819	300.87
1820	300.82999
1821	300.95001
1822	300.95001
1823	300.92999
1824	301.04001
1825	301.04001
1826	301.04001
1827	301.14001
1828	301.14001
1829	301.10001
1830	301.20001
1831	301.17999
1832	301.31
1833	301.35001
1834	301.29001
1835	301.20001
1836	301.25
1837	301.29001
1838	301.29001
1839	301.29001
1840	301.26999
1841	301.32999
1842	301.37
1843	301.39001
1844	301.32999
1845	301.29001
1846	301.32999
1847	301.32999
1848	301.25
1849	301.23001
1850	301.23001
1851	301.23001
1852	301.23001
1853	301.16
1854	301.16
1855	301.23001
1856	301.26999
1857	301.35001
1858	301.29001
1859	301.29001
1860	301.23001
1861	301.23001
1862	301.23001
1863	301.12
1864	301.07999
1865	301.04001
1866	301.01999
1867	301.07999
1868	301.23001
1869	301.16
1870	301.16
1871	301.10001
1872	301.14001
1873	301.07999
1874	301.12
1875	301.10001
1876	301.16
1877	301.25
1878	301.25
1879	301.23001
1880	301.14001
1881	301.16
1882	301.14001
1883	301.10001
1884	301.20001
1885	301.23001
1886	301.23001
1887	301.25
1888	301.25
1889	301.20001
1890	301.14001
1891	301.20001
1892	301.20001
1893	301.20001
1894	301.14001
1895	301.16
1896	301.17999
1897	301.16
1898	301.23001
1899	301.26999
1900	301.31
1901	301.16
1902	301.16
1903	301.29001
1904	301.26999
1905	301.26999
1906	301.31
1907	301.20001
1908	300.97
1909	300.97
1910	300.76999
1911	300.81
1912	300.76999
1913	300.72
1914	300.67999
1915	300.79001
1916	300.82999
1917	300.89001
1918	300.89001
1919	301.10001
1920	301.20001
1921	301.23001
1922	301.32999
1923	301.37
1924	301.32999
1925	301.32999
1926	301.32999
1927	301.41
1928	301.5
1929	301.45999
1930	301.45999
1931	301.5
1932	301.5
1933	301.45999
1934	301.45999
1935	301.51999
1936	301.39001
1937	301.45999
1938	301.54001
1939	301.60001
1940	301.70999
1941	301.79001
1942	301.85001
1943	301.98001
1944	302.01999
1945	302.13
1946	302.07999
1947	302.06
1948	302.07999
1949	302.06
1950	302.17001
1951	302.14999
1952	302.17001
1953	302.20999
1954	302.20999
1955	302.23001
1956	302.23001
1957	302.23001
1958	302.20999
1959	302.29001
1960	302.26999
1961	302.25
1962	302.26999
1963	302.32999
1964	302.32999
1965	302.39999
1966	302.38
1967	302.44
1968	302.44
1969	302.35999
1970	302.42001
1971	302.42001
1972	302.56
1973	302.48001
1974	302.54001
1975	302.60999
1976	302.54001
1977	302.5
1978	302.48001
1979	302.39999
1980	302.39999
1981	302.38
1982	302.29001
1983	302.25
1984	302.31
1985	302.35999
1986	302.38
1987	302.39999
1988	302.32999
1989	302.32999
1990	302.35999
1991	302.23001
1992	302.23001
1993	302.29001
1994	302.20999
1995	302.31
1996	302.31
1997	302.29001
1998	302.26999
1999	302.25
2000	302.23001
2001	302.19
2002	302.14999
2003	302.14999
2004	302.23001
2005	302.38
2006	302.38
2007	302.39999
2008	302.38
2009	302.42001
2010	302.48001
2011	302.35999
2012	302.35999
2013	302.35999
2014	302.32999
2015	302.32999
2016	302.32999
2017	302.38
2018	302.39999
2019	302.35999
2020	302.29001
2021	302.23001
2022	302.25
2023	302.19
2024	302.19
2025	302.07999
2026	302.10001
2027	302.19
2028	302.19
2029	302.29001
2030	302.35999
2031	302.35999
2032	302.35999
2033	302.19
2034	302.10001
2035	302.10001
2036	302.20999
2037	302.19
2038	302.14999
2039	302.26999
2040	302.26999
2041	302.25
2042	302.25
2043	302.26999
2044	302.31
2045	302.26999
2046	302.32999
2047	302.35999
2048	302.26999
2049	302.26999
2050	302.13
2051	302.17001
2052	302.17001
2053	302.10001
2054	302.13
2055	302.10001
2056	302.10001
2057	302.10001
2058	302.07999
2059	302.06
2060	302.19
2061	302.13
2062	302.10001
2063	302.13
2064	302.07999
2065	302.13
2066	302.10001
2067	302.10001
2068	302.25
2069	302.32999
2070	302.29001
2071	302.31
2072	302.19
2073	302.14999
2074	302.14999
2075	302.14999
2076	302.14999
2077	302.14999
2078	302.04001
2079	301.98001
2080	301.95999
2081	301.92001
2082	301.98001
2083	302
2084	302.07999
2085	302.14999
2086	302.25
2087	302.31
2088	302.35999
2089	302.59
2090	302.63
2091	302.54001
2092	302.20999
2093	302.04001
2094	301.60001
2095	301.32999
2096	300.79001
2097	300.22
2098	299.62
2099	299.62
2100	298.73999
2101	298.26001
2102	298.13
2103	297.73001
2104	297.48001
2105	297.32001
2106	297.32001
2107	297.20999
2108	297.29001
2109	297.34
2110	297.48001
2111	297.60999
2112	297.67001
2113	297.75
2114	298.03
2115	298.07001
2116	298.17001
2117	298.19
2118	298.28
2119	298.34
2120	298.38
2121	298.51001
2122	298.60999
2123	298.73999
2124	298.92999
2125	299.07001
2126	299.22
2127	299.26001
2128	299.47
2129	299.53
2130	299.64001
2131	299.62
2132	299.70001
2133	299.78
2134	299.85001
2135	299.95001
2136	299.95001
2137	300.01001
2138	300.01001
2139	300.12
2140	300.04999
2141	300.03
2142	299.98999
2143	300.14001
2144	300.07999
2145	300.07999
2146	300.23999
2147	300.35001
2148	300.37
2149	300.39001
2150	300.37
2151	300.45001
2152	300.60001
2153	300.72
2154	300.76999
2155	300.92999
2156	300.91
2157	300.95001
2158	300.91
2159	300.87
2160	300.79001
2161	300.82999
2162	300.82999
2163	300.85001
2164	300.87
2165	300.81
2166	300.85001
2167	300.73999
2168	300.73999
2169	300.85001
2170	300.85001
2171	300.82999
2172	300.79001
2173	300.79001
2174	300.73999
2175	300.85001
2176	300.72
2177	300.72
2178	300.67999
2179	300.70001
2180	300.72
2181	300.76999
2182	300.73999
2183	300.73999
2184	300.73999
2185	300.79001
2186	300.76999
2187	300.73999
2188	300.72
2189	300.72
2190	300.73999
2191	300.72
2192	300.79001
2193	300.81
2194	300.81
2195	300.87
2196	300.89001
2197	300.95001
2198	301
2199	300.97
2200	300.89001
2201	300.89001
2202	300.85001
2203	300.76999
2204	300.82999
2205	300.91
2206	300.87
2207	300.85001
2208	300.72
2209	300.72
2210	300.66
2211	300.67999
2212	300.72
2213	300.85001
2214	300.97
2215	301
2216	301
2217	301.04001
2218	301.04001
2219	301.06
2220	301.06
2221	300.97
2222	300.97
2223	301.04001
2224	301.07999
2225	301
2226	301.04001
2227	300.92999
2228	300.97
2229	300.97
2230	301.04001
2231	300.97
2232	300.97
2233	301
2234	300.97
2235	300.95001
2236	301.01999
2237	300.95001
2238	300.97
2239	301
2240	300.92999
2241	300.92999
2242	301.04001
2243	301.06
2244	301.07999
2245	301.07999
2246	301.06
2247	301.06
2248	301.06
2249	301
2250	300.95001
2251	301
2252	301.12
2253	301.06
2254	301.07999
2255	301.07999
2256	301.01999
2257	301.07999
2258	301.07999
2259	300.97
2260	300.97
2261	300.92999
2262	300.95001
2263	301.01999
2264	301
2265	301.01999
2266	300.97
2267	300.95001
2268	300.97
2269	300.95001
2270	300.79001
2271	300.85001
2272	300.79001
2273	300.70001
2274	300.67999
2275	300.64001
2276	300.67999
2277	300.72
2278	300.81
2279	300.82999
2280	300.82999
2281	300.89001
2282	300.92999
2283	300.97
2284	300.89001
2285	300.91
2286	300.91
2287	300.91
2288	300.89001
2289	300.91
2290	300.87
2291	300.92999
2292	300.97
2293	301
2294	301.01999
2295	301.06
2296	301.06
2297	301.12
2298	301.12
2299	301.14001
2300	301.20001
2301	301.17999
2302	301.14001
2303	301.06
2304	301.04001
2305	300.85001
2306	300.85001
2307	300.82999
2308	300.91
2309	300.87
2310	300.89001
2311	300.92999
2312	300.92999
2313	300.91
2314	300.91
2315	300.87
2316	300.89001
2317	300.82999
2318	300.82999
2319	300.82999
2320	300.87
2321	300.97
2322	300.95001
2323	300.91
2324	300.95001
2325	300.95001
2326	300.95001
2327	301.04001
2328	301.01999
2329	301
2330	300.95001
2331	300.97
2332	300.92999
2333	300.97
2334	301.07999
2335	301.06
2336	301.06
2337	301.06
2338	301
2339	300.97
2340	300.97
2341	301
2342	300.95001
2343	300.95001
2344	300.92999
2345	300.95001
2346	300.97
2347	300.95001
2348	300.95001
2349	300.92999
2350	300.89001
2351	300.89001
2352	300.79001
2353	300.85001
2354	300.97
2355	301.06
2356	301.01999
2357	300.97
2358	300.97
2359	300.87
2360	300.89001
2361	300.92999
2362	301.04001
2363	301.06
2364	301.06
2365	300.97
2366	300.91
2367	300.89001
2368	300.97
2369	300.97
2370	301.01999
2371	301.01999
2372	301.06
2373	300.97
2374	301.04001
2375	301
2376	301.07999
2377	301
2378	300.97
2379	301.01999
2380	300.87
2381	300.82999
2382	300.79001
2383	300.73999
2384	300.67999
2385	300.72
2386	300.60001
2387	300.70001
2388	300.64001
2389	300.60001
2390	300.60001
2391	300.76999
2392	300.81
2393	300.85001
2394	300.91
2395	301.04001
2396	301.10001
2397	301.10001
2398	301.17999
2399	301.17999
2400	301.23001
2401	301.31
2402	301.37
2403	301.37
2404	301.41
2405	301.5
2406	301.51999
2407	301.57999
2408	301.69
2409	301.70999
2410	301.75
2411	301.81
2412	301.75
2413	301.79001
2414	301.82999
2415	301.92001
2416	301.85001
2417	301.73001
2418	301.87
2419	301.89999
2420	301.95999
2421	302
2422	302
2423	301.85001
2424	301.87
2425	301.85001
2426	301.82999
2427	301.95999
2428	301.92001
2429	301.92001
2430	302.07999
2431	302.07999
2432	302.13
2433	302.31
2434	302.31
2435	302.35999
2436	302.35999
2437	302.20999
2438	302.10001
2439	302.20999
2440	302.07999
2441	302.01999
2442	302.06
2443	302
2444	302.01999
2445	302
2446	302.01999
2447	302.04001
2448	302.04001
2449	302.04001
2450	301.98001
2451	301.98001
2452	301.98001
2453	301.89999
2454	301.89999
2455	301.87
2456	301.92001
2457	301.92001
2458	301.95999
2459	302
2460	301.94
2461	301.94
2462	301.85001
2463	301.89999
2464	301.87
2465	301.92001
2466	301.87
2467	301.94
2468	301.94
2469	301.89999
2470	301.89999
2471	301.92001
2472	301.98001
2473	302.07999
2474	302.10001
2475	302.13
2476	302.20999
2477	302.17001
2478	302.14999
2479	302.17001
2480	302.20999
2481	302.23001
2482	302.17001
2483	302.19
2484	302.17001
2485	302.20999
2486	302.13
2487	302.13
2488	302.01999
2489	302
2490	302.01999
2491	302
2492	302.06
2493	302.06
2494	302.04001
2495	302.01999
2496	302.04001
2497	302.01999
2498	302.06
2499	302.01999
2500	302.01999
2501	302.10001
2502	302.10001
2503	302.13
2504	302
2505	302.01999
2506	302.01999
2507	302.01999
2508	302.01999
2509	302
2510	302.14999
2511	302.04001
2512	302.07999
2513	302.06
2514	302.10001
2515	302.01999
2516	302
2517	302
2518	302.01999
2519	302.06
2520	302.13
2521	302.17001
2522	302.17001
2523	302.14999
2524	302.14999
2525	302.20999
2526	302.23001
2527	302.25
2528	302.20999
2529	302.25
2530	302.32999
2531	302.32999
2532	302.32999
2533	302.38
2534	302.32999
2535	302.35999
2536	302.32999
2537	302.26999
2538	302.23001
2539	302.23001
2540	302.20999
2541	302.23001
2542	302.17001
2543	302.10001
2544	302.19
2545	302.20999
2546	302.29001
2547	302.20999
2548	302.20999
2549	302.20999
2550	302.25
2551	302.10001
2552	302.07999
2553	302.04001
2554	302.10001
2555	302.20999
2556	302.26999
2557	302.32999
2558	302.39999
2559	302.38
2560	302.42001
2561	302.54001
2562	302.51999
2563	302.5
2564	302.5
2565	302.44
2566	302.32999
2567	302.20999
2568	301.89999
2569	301.60001
2570	300.97
2571	300.97
2572	299.91
2573	299.41
2574	299.09
2575	298.47
2576	297.95999
2577	297.73001
2578	297.73001
2579	297.69
2580	297.78
2581	297.84
2582	297.84
2583	298.03
2584	298.13
2585	298.19
2586	298.38
2587	298.42001
2588	298.47
2589	298.48999
2590	298.51001
2591	298.48999
2592	298.54999
2593	298.73999
2594	298.88
2595	298.97
2596	299.10999
2597	299.26001
2598	299.32001
2599	299.39001
2600	299.48999
2601	299.54999
2602	299.66
2603	299.66
2604	299.85001
2605	299.91
2606	299.95001
2607	300.01001
2608	300.07999
2609	300.16
2610	300.16
2611	300.22
2612	300.39001
2613	300.31
2614	300.41
2615	300.47
2616	300.51001
2617	300.47
2618	300.47
2619	300.57999
2620	300.51001
2621	300.54001
2622	300.56
2623	300.57999
2624	300.57999
2625	300.62
2626	300.60001
2627	300.64001
2628	300.66
2629	300.62
2630	300.56
2631	300.57999
2632	300.54001
2633	300.57999
2634	300.62
2635	300.64001
2636	300.64001
2637	300.64001
2638	300.67999
2639	300.66
2640	300.70001
2641	300.79001
2642	300.79001
2643	300.82999
2644	300.91
2645	300.91
2646	300.95001
2647	300.97
2648	300.89001
2649	300.89001
2650	300.92999
2651	300.92999
2652	300.89001
2653	300.91
2654	301
2655	300.92999
2656	300.97
2657	300.97
2658	301.01999
2659	301.01999
2660	300.92999
2661	300.89001
2662	300.85001
2663	300.91
2664	300.87
2665	300.89001
2666	300.97
2667	301
2668	301.01999
2669	301.12
2670	301.10001
2671	301.10001
2672	301.07999
2673	300.91
2674	300.91
2675	300.95001
2676	300.95001
2677	300.95001
2678	300.97
2679	300.92999
2680	300.82999
2681	300.82999
2682	300.82999
2683	300.87
2684	300.79001
2685	300.85001
2686	300.87
2687	300.89001
2688	300.95001
2689	300.97
2690	300.95001
2691	301.04001
2692	300.97
2693	301.04001
2694	301.06
2695	301.14001
2696	301.23001
2697	301.26999
2698	301.26999
2699	301.16
2700	301.20001
2701	301.17999
2702	301.17999
2703	301.17999
2704	301.12
2705	301
2706	301.20001
2707	301.17999
2708	301.23001
2709	301.26999
2710	301.17999
2711	301.10001
2712	301.06
2713	301.06
2714	300.92999
2715	300.89001
2716	300.91
2717	300.85001
2718	300.91
2719	301
2720	301
2721	301.04001
2722	301.06
2723	301.07999
2724	301.06
2725	301.04001
2726	301.07999
2727	301
2728	301
2729	300.87
2730	300.87
2731	300.91
2732	300.95001
2733	300.95001
2734	300.95001
2735	301.01999
2736	301.01999
2737	301.06
2738	301.04001
2739	301.14001
2740	301.14001
2741	301.20001
2742	301.23001
2743	301.25
2744	301.20001
2745	301.20001
2746	301.14001
2747	301.07999
2748	301.01999
2749	300.89001
2750	301.01999
2751	301.04001
2752	301.04001
2753	301.12
2754	301.25
2755	301.17999
2756	301.17999
2757	301.17999
2758	301.12
2759	301.12
2760	301.01999
2761	300.95001
2762	300.95001
2763	301
2764	301.12
2765	301.06
2766	301.12
2767	301.07999
2768	301.12
2769	301.07999
2770	301.17999
2771	301.20001
2772	301.10001
2773	301.17999
2774	301.14001
2775	301.10001
2776	301.06
2777	301.12
2778	301.12
2779	301.06
2780	301.07999
2781	301.12
2782	301.12
2783	301.16
2784	301.16
2785	301.10001
2786	301.07999
2787	301.07999
2788	301.07999
2789	301.07999
2790	301.04001
2791	301.04001
2792	301.10001
2793	301.01999
2794	301.01999
2795	301.06
2796	301.10001
2797	301.20001
2798	301.14001
2799	301.10001
2800	301.12
2801	300.95001
2802	301
2803	301.01999
2804	301.04001
2805	301.12
2806	301.07999
2807	301
2808	301.07999
2809	301.07999
2810	301.06
2811	301.06
2812	301
2813	301.01999
2814	300.95001
2815	301
2816	301
2817	300.92999
2818	300.91
2819	300.92999
2820	300.89001
2821	300.91
2822	300.89001
2823	300.89001
2824	300.89001
2825	300.97
2826	301
2827	301.10001
2828	301.12
2829	301.16
2830	301.16
2831	301.12
2832	301.04001
2833	301.06
2834	301.12
2835	301.06
2836	301.06
2837	301.07999
2838	301.01999
2839	301.06
2840	301.04001
2841	301.01999
2842	301
2843	301.07999
2844	300.97
2845	301.06
2846	301.01999
2847	301.01999
2848	301
2849	300.97
2850	301
2851	301
2852	300.91
2853	300.85001
2854	300.79001
2855	300.79001
2856	300.64001
2857	300.64001
2858	300.51001
2859	300.47
2860	300.42999
2861	300.51001
2862	300.51001
2863	300.60001
2864	300.64001
2865	300.70001
2866	300.73999
2867	300.82999
2868	300.87
2869	300.87
2870	301.07999
2871	301.20001
2872	301.07999
2873	301.25
2874	301.29001
2875	301.29001
2876	301.39001
2877	301.37
2878	301.37
2879	301.37
2880	301.42999
2881	301.48001
2882	301.54001
2883	301.54001
2884	301.56
2885	301.56
2886	301.57999
2887	301.57999
2888	301.54001
2889	301.57999
2890	301.69
2891	301.75
2892	301.76999
2893	301.75
2894	301.75
2895	301.75
2896	301.79001
2897	301.70999
2898	301.79001
2899	301.73001
2900	301.70999
2901	301.70999
2902	301.79001
2903	301.76999
2904	301.75
2905	301.82999
2906	301.76999
2907	301.75
2908	301.73001
2909	301.64001
2910	301.70999
2911	301.76999
2912	301.79001
2913	301.79001
2914	301.85001
2915	301.81
2916	301.92001
2917	301.85001
2918	301.81
2919	301.76999
2920	301.75
2921	301.76999
2922	301.81
2923	301.79001
2924	301.76999
2925	301.70999
2926	301.70999
2927	301.76999
2928	301.73001
2929	301.67001
2930	301.73001
2931	301.67001
2932	301.79001
2933	301.79001
2934	301.69
2935	301.76999
2936	301.76999
2937	301.87
2938	301.85001
2939	301.92001
2940	301.92001
2941	301.92001
2942	301.95999
2943	301.95999
2944	302
2945	301.98001
2946	302.04001
2947	302.01999
2948	301.98001
2949	302.04001
2950	301.98001
2951	302.01999
2952	301.98001
2953	302
2954	301.98001
2955	301.95999
2956	301.95999
2957	301.94
2958	301.94
2959	301.89999
2960	301.89999
2961	301.87
2962	301.87
2963	301.92001
2964	301.98001
2965	301.98001
2966	301.92001
2967	301.92001
2968	301.94
2969	301.94
2970	301.89999
2971	301.94
2972	301.94
2973	301.94
2974	301.95999
2975	301.92001
2976	301.89999
2977	301.85001
2978	301.87
2979	301.87
2980	301.85001
2981	301.85001
2982	301.85001
2983	301.87
2984	301.87
2985	301.85001
2986	301.82999
2987	301.81
2988	301.85001
2989	301.85001
2990	301.92001
2991	301.94
2992	302
2993	302.04001
2994	302.01999
2995	302.04001
2996	301.94
2997	301.94
2998	301.94
2999	301.89999
3000	301.89999
3001	301.82999
3002	301.79001
3003	301.81
3004	301.81
3005	301.85001
3006	301.87
3007	301.89999
3008	301.95999
3009	301.98001
3010	302.01999
3011	302.01999
3012	302.04001
3013	302.01999
3014	301.98001
3015	301.94
3016	302.07999
3017	302.04001
3018	302.01999
3019	302.10001
3020	302.04001
3021	302.06
3022	301.98001
3023	301.85001
3024	301.92001
3025	301.81
3026	301.85001
3027	301.89999
3028	302.04001
3029	302.07999
3030	302.10001
3031	302.19
3032	302.26999
3033	302.42001
3034	302.63
3035	302.63
3036	302.63
3037	302.63
3038	302.51999
3039	302.44
3040	302.14999
3041	301.76999
3042	301.25
3043	301.25
3044	300.23999
3045	299.66
3046	299.42999
3047	298.95001
3048	298.59
3049	298.42001
3050	298.38
3051	298.32001
3052	298.26001
3053	298.34
3054	298.54999
3055	298.70001
3056	298.79999
3057	298.89999
3058	299.23999
3059	299.26001
3060	299.42999
3061	299.51001
3062	299.62
3063	299.70001
3064	299.73999
3065	299.87
3066	300.01001
3067	300.10001
3068	300.10001
3069	300.32999
3070	300.47
3071	300.41
3072	300.45001
3073	300.45001
3074	300.56
3075	300.56
3076	300.66
3077	300.76999
3078	300.72
3079	300.85001
3080	300.91
3081	301
3082	301
3083	301.06
3084	301.10001
3085	301.16
3086	301.16
3087	301.12
3088	301.17999
3089	301.17999
3090	301.20001
3091	301.17999
3092	301.23001
3093	301.20001
3094	301.23001
3095	301.26999
3096	301.31
3097	301.5
3098	301.57999
3099	301.62
3100	301.60001
3101	301.56
3102	301.48001
3103	301.54001
3104	301.51999
3105	301.54001
3106	301.51999
3107	301.51999
3108	301.67001
3109	301.62
3110	301.57999
3111	301.57999
3112	301.69
3113	301.69
3114	301.69
3115	301.70999
3116	301.69
3117	301.64001
3118	301.70999
3119	301.69
3120	301.67001
3121	301.73001
3122	301.79001
3123	301.81
3124	301.81
3125	301.76999
3126	301.82999
3127	301.82999
3128	301.76999
3129	301.76999
3130	301.76999
3131	301.79001
3132	301.81
3133	301.76999
3134	301.89999
3135	301.89999
3136	301.87
3137	301.76999
3138	301.81
3139	301.81
3140	301.73001
3141	301.75
3142	301.76999
3143	301.85001
3144	301.85001
3145	301.82999
3146	301.82999
3147	301.76999
3148	301.79001
3149	301.82999
3150	301.98001
3151	301.98001
3152	301.87
3153	301.87
3154	301.81
3155	301.81
3156	301.81
3157	301.81
3158	301.89999
3159	301.85001
3160	301.87
3161	301.87
3162	301.92001
3163	301.94
3164	301.94
3165	301.94
3166	301.94
3167	301.94
3168	301.81
3169	301.81
3170	301.82999
3171	301.81
3172	301.76999
3173	301.81
3174	301.89999
3175	301.87
3176	301.79001
3177	301.73001
3178	301.73001
3179	301.70999
3180	301.73001
3181	301.82999
3182	301.75
3183	301.79001
3184	301.81
3185	301.81
3186	301.85001
3187	301.82999
3188	301.81
3189	301.81
3190	301.82999
3191	301.70999
3192	301.70999
3193	301.57999
3194	301.64001
3195	301.57999
3196	301.60001
3197	301.70999
3198	301.70999
3199	301.75
3200	301.79001
3201	301.82999
3202	301.79001
3203	301.82999
3204	301.82999
3205	301.89999
3206	301.94
3207	301.92001
3208	301.89999
3209	301.85001
3210	301.81
3211	301.79001
3212	301.76999
3213	301.75
3214	301.73001
3215	301.73001
3216	301.67001
3217	301.67001
3218	301.75
3219	301.70999
3220	301.73001
3221	301.73001
3222	301.81
3223	301.85001
3224	301.85001
3225	301.89999
3226	301.85001
3227	301.94
3228	301.94
3229	301.87
3230	301.89999
3231	301.82999
3232	301.85001
3233	301.81
3234	301.82999
3235	302.01999
3236	301.95999
3237	301.87
3238	301.87
3239	301.85001
3240	301.85001
3241	301.85001
3242	301.82999
3243	301.94
3244	301.98001
3245	301.94
3246	301.89999
3247	301.95999
3248	302.01999
3249	302.01999
3250	301.98001
3251	301.89999
3252	301.94
3253	301.82999
3254	301.82999
3255	301.82999
3256	301.82999
3257	301.85001
3258	301.92001
3259	301.87
3260	301.89999
3261	301.92001
3262	301.94
3263	301.94
3264	301.85001
3265	301.94
3266	301.94
3267	301.85001
3268	301.89999
3269	301.89999
3270	301.89999
3271	301.82999
3272	301.89999
3273	301.85001
3274	301.92001
3275	301.95999
3276	301.92001
3277	301.87
3278	301.94
3279	301.95999
3280	301.92001
3281	302
3282	302.01999
3283	302.01999
3284	301.95999
3285	301.98001
3286	301.98001
3287	302
3288	302
3289	301.92001
3290	301.87
3291	301.85001
3292	301.85001
3293	301.87
3294	301.95999
3295	301.95999
3296	301.94
3297	301.98001
3298	302
3299	302
3300	302
3301	302
3302	301.95999
3303	301.98001
3304	301.94
3305	301.89999
3306	301.92001
3307	301.94
3308	301.81
3309	301.85001
3310	301.85001
3311	301.81
3312	301.81
3313	301.73001
3314	301.75
3315	301.70999
3316	301.76999
3317	301.79001
3318	301.87
3319	301.87
3320	301.87
3321	301.79001
3322	301.82999
3323	301.76999
3324	301.92001
3325	301.94
3326	301.82999
3327	301.82999
3328	301.69
3329	301.60001
3330	301.56
3331	301.62
3332	301.57999
3333	301.51999
3334	301.51999
3335	301.51999
3336	301.64001
3337	301.73001
3338	301.76999
3339	301.87
3340	301.94
3341	301.94
3342	302.04001
3343	302.04001
3344	302.07999
3345	302.14999
3346	302.20999
3347	302.14999
3348	302.20999
3349	302.26999
3350	302.31
3351	302.25
3352	302.31
3353	302.39999
3354	302.42001
3355	302.39999
3356	302.42001
3357	302.45999
3358	302.51999
3359	302.51999
3360	302.51999
3361	302.56
3362	302.63
3363	302.73001
3364	302.64999
3365	302.70999
3366	302.70999
3367	302.69
3368	302.69
3369	302.67001
3370	302.73001
3371	302.69
3372	302.67001
3373	302.67001
3374	302.60999
3375	302.63
3376	302.60999
3377	302.70999
3378	302.63
3379	302.67001
3380	302.69
3381	302.64999
3382	302.73001
3383	302.67001
3384	302.59
3385	302.54001
3386	302.59
3387	302.63
3388	302.69
3389	302.67001
3390	302.70999
3391	302.70999
3392	302.70999
3393	302.70999
3394	302.63
3395	302.69
3396	302.64999
3397	302.64999
3398	302.64999
3399	302.67001
3400	302.69
3401	302.63
3402	302.73001
3403	302.69
3404	302.69
3405	302.69
3406	302.64999
3407	302.70999
3408	302.69
3409	302.69
3410	302.64999
3411	302.60999
3412	302.70999
3413	302.75
3414	302.79001
3415	302.82001
3416	302.75
3417	302.75
3418	302.70999
3419	302.73001
3420	302.63
3421	302.64999
3422	302.67001
3423	302.59
3424	302.60999
3425	302.64999
3426	302.67001
3427	302.73001
3428	302.69
3429	302.73001
3430	302.73001
3431	302.76999
3432	302.75
3433	302.76999
3434	302.70999
3435	302.76999
3436	302.70999
3437	302.70999
3438	302.70999
3439	302.70999
3440	302.73001
3441	302.67001
3442	302.63
3443	302.63
3444	302.67001
3445	302.69
3446	302.76999
3447	302.73001
3448	302.73001
3449	302.79001
3450	302.82001
3451	302.84
3452	302.89999
3453	302.94
3454	302.94
3455	302.92001
3456	302.88
3457	302.95999
3458	302.98001
3459	303.04999
3460	303.07001
3461	303.04999
3462	302.98001
3463	303.01999
3464	303.01999
3465	302.98001
3466	302.89999
3467	302.92001
3468	302.89999
3469	302.89999
3470	302.88
3471	302.82001
3472	302.79001
3473	302.79001
3474	302.76999
3475	302.75
3476	302.75
3477	302.76999
3478	302.79001
3479	302.73001
3480	302.75
3481	302.79001
3482	302.82001
3483	302.85999
3484	302.73001
3485	302.70999
3486	302.70999
3487	302.73001
3488	302.67001
3489	302.64999
3490	302.60999
3491	302.56
3492	302.63
3493	302.69
3494	302.82001
3495	302.75
3496	302.82001
3497	302.89999
3498	302.85999
3499	302.79001
3500	302.84
3501	302.84
3502	303.01999
3503	303.10999
3504	303.13
3505	303.17001
3506	303.28
3507	303.42001
3508	303.42001
3509	303.38
3510	303.39999
3511	303.25
3512	303.20999
3513	302.82001
3514	302.19
3515	302.19
3516	301.07999
3517	300.45001
3518	300.07999
3519	299.34
3520	298.84
3521	298.53
3522	298.42001
3523	298.13
3524	298.10999
3525	298.23999
3526	298.51001
3527	298.72
3528	298.82001
3529	298.95001
3530	299.07001
3531	299.10999
3532	299.16
3533	299.35999
3534	299.53
3535	299.67999
3536	299.78
3537	299.98999
3538	300.03
3539	300.26001
3540	300.26001
3541	300.51001
3542	300.70001
3543	300.76999
3544	300.82999
3545	300.89001
3546	300.92999
3547	300.92999
3548	300.97
3549	301.07999
3550	301.07999
3551	301.07999
3552	301.23001
3553	301.26999
3554	301.37
3555	301.45999
3556	301.45999
3557	301.45999
3558	301.60001
3559	301.69
3560	301.67001
3561	301.67001
3562	301.70999
3563	301.75
3564	301.79001
3565	301.85001
3566	301.85001
3567	301.82999
3568	301.76999
3569	301.85001
3570	301.98001
3571	302.04001
3572	302.04001
3573	302.04001
3574	301.94
3575	301.95999
3576	301.89999
3577	301.89999
3578	301.92001
3579	301.92001
3580	301.92001
3581	302.01999
3582	302.14999
3583	302.17001
3584	302.14999
3585	302.23001
3586	302.23001
3587	302.20999
3588	302.19
3589	302.13
3590	302.17001
3591	302.20999
3592	302.19
3593	302.17001
3594	302.07999
3595	302.17001
3596	302.07999
3597	302.14999
3598	302.01999
3599	302.10001
3600	302.14999
3601	302.23001
3602	302.23001
3603	302.19
3604	302.23001
3605	302.20999
3606	302.20999
3607	302.17001
3608	302.26999
3609	302.20999
3610	302.13
3611	302.13
3612	302.19
3613	302.19
3614	302.20999
3615	302.20999
3616	302.20999
3617	302.17001
3618	302.17001
3619	302.23001
3620	302.32999
3621	302.29001
3622	302.29001
3623	302.31
3624	302.29001
3625	302.35999
3626	302.42001
3627	302.31
3628	302.32999
3629	302.25
3630	302.19
3631	302.25
3632	302.20999
3633	302.26999
3634	302.20999
3635	302.31
3636	302.31
3637	302.29001
3638	302.29001
3639	302.38
3640	302.31
3641	302.23001
3642	302.32999
3643	302.35999
3644	302.38
3645	302.35999
3646	302.26999
3647	302.23001
3648	302.31
3649	302.31
3650	302.31
3651	302.29001
3652	302.45999
3653	302.38
3654	302.35999
3655	302.38
3656	302.32999
3657	302.32999
3658	302.48001
3659	302.44
3660	302.39999
3661	302.39999
3662	302.31
3663	302.31
3664	302.29001
3665	302.29001
3666	302.32999
3667	302.38
3668	302.38
3669	302.39999
3670	302.42001
3671	302.39999
3672	302.44
3673	302.38
3674	302.45999
3675	302.54001
3676	302.59
3677	302.60999
3678	302.54001
3679	302.45999
3680	302.48001
3681	302.48001
3682	302.48001
3683	302.35999
3684	302.31
3685	302.29001
3686	302.31
3687	302.31
3688	302.38
3689	302.38
3690	302.31
3691	302.23001
3692	302.31
3693	302.32999
3694	302.31
3695	302.32999
3696	302.32999
3697	302.29001
3698	302.35999
3699	302.38
3700	302.42001
3701	302.38
3702	302.48001
3703	302.48001
3704	302.54001
3705	302.56
3706	302.56
3707	302.54001
3708	302.51999
3709	302.5
3710	302.56
3711	302.48001
3712	302.45999
3713	302.39999
3714	302.38
3715	302.39999
3716	302.42001
3717	302.42001
3718	302.44
3719	302.44
3720	302.44
3721	302.44
3722	302.32999
3723	302.31
3724	302.29001
3725	302.25
3726	302.26999
3727	302.38
3728	302.38
3729	302.32999
3730	302.38
3731	302.39999
3732	302.31
3733	302.31
3734	302.29001
3735	302.31
3736	302.32999
3737	302.38
3738	302.39999
3739	302.44
3740	302.35999
3741	302.35999
3742	302.32999
3743	302.26999
3744	302.35999
3745	302.42001
3746	302.56
3747	302.45999
3748	302.45999
3749	302.44
3750	302.42001
3751	302.39999
3752	302.39999
3753	302.39999
3754	302.42001
3755	302.38
3756	302.29001
3757	302.35999
3758	302.38
3759	302.38
3760	302.38
3761	302.42001
3762	302.44
3763	302.39999
3764	302.32999
3765	302.32999
3766	302.31
3767	302.31
3768	302.39999
3769	302.42001
3770	302.38
3771	302.35999
3772	302.39999
3773	302.39999
3774	302.45999
3775	302.54001
3776	302.5
3777	302.42001
3778	302.38
3779	302.44
3780	302.38
3781	302.38
3782	302.42001
3783	302.38
3784	302.32999
3785	302.35999
3786	302.35999
3787	302.38
3788	302.31
3789	302.35999
3790	302.39999
3791	302.38
3792	302.38
3793	302.39999
3794	302.25
3795	302.29001
3796	302.29001
3797	302.25
3798	302.29001
3799	302.29001
3800	302.10001
3801	302.07999
3802	302
3803	301.94
3804	301.95999
3805	301.98001
3806	301.92001
3807	301.85001
3808	301.85001
3809	301.79001
3810	301.81
3811	301.92001
3812	301.94
3813	301.94
3814	301.94
3815	302.04001
3816	302.13
3817	302.26999
3818	302.38
3819	302.5
3820	302.59
3821	302.70999
3822	302.70999
3823	302.82001
3824	302.85999
3825	302.92001
3826	302.85999
3827	302.85999
3828	302.84
3829	302.89999
3830	302.88
3831	302.88
3832	302.82001
3833	302.82001
3834	302.82001
3835	302.85999
3836	302.85999
3837	302.79001
3838	302.79001
3839	302.67001
3840	302.69
3841	302.67001
3842	302.73001
3843	302.76999
3844	302.88
3845	302.84
3846	302.95999
3847	302.95999
3848	303.09
3849	303.19
3850	303.25
3851	303.34
3852	303.38
3853	303.29999
3854	303.23001
3855	303.19
3856	303.17001
3857	303.13
3858	303.25
3859	303.23001
3860	303.20999
3861	303.17001
3862	303.14999
3863	303.14999
3864	303.23001
3865	303.14999
3866	303.23001
3867	303.14999
3868	303.09
3869	303.17001
3870	303.17001
3871	303.17001
3872	303.04999
3873	303.10999
3874	303.10999
3875	303.09
3876	303.09
3877	303.13
3878	303.07001
3879	303.07001
3880	303.01999
3881	303.09
3882	303
3883	303.07001
3884	303.01999
3885	303.01999
3886	303.04999
3887	303.13
3888	303.07001
3889	303
3890	302.95999
3891	302.98001
3892	303.07001
3893	303.04999
3894	303.04999
3895	303
3896	303
3897	303
3898	303.01999
3899	303.04999
3900	302.98001
3901	302.94
3902	302.94
3903	303.01999
3904	303
3905	303.04999
3906	303.04999
3907	303.04999
3908	303.07001
3909	303.07001
3910	302.94
3911	303
3912	302.88
3913	302.92001
3914	302.92001
3915	303
3916	302.95999
3917	303.10999
3918	303.14999
3919	303.23001
3920	303.32001
3921	303.28
3922	303.29999
3923	303.34
3924	303.38
3925	303.34
3926	303.34
3927	303.28
3928	303.23001
3929	303.20999
3930	303.19
3931	303.09
3932	303.19
3933	303.32001
3934	303.32001
3935	303.29999
3936	303.25
3937	303.28
3938	303.34
3939	303.35999
3940	303.28
3941	303.28
3942	303.20999
3943	303.20999
3944	303.10999
3945	303.04999
3946	303.01999
3947	303.01999
3948	303.01999
3949	303.01999
3950	302.95999
3951	302.98001
3952	302.85999
3953	302.89999
3954	302.85999
3955	302.94
3956	302.92001
3957	302.95999
3958	302.94
3959	303
3960	303.04999
3961	303.07001
3962	303.07001
3963	303
3964	302.95999
3965	302.94
3966	302.98001
3967	302.98001
3968	302.94
3969	302.95999
3970	302.92001
3971	302.92001
3972	302.85999
3973	302.85999
3974	302.84
3975	302.94
3976	302.92001
3977	303.04999
3978	303.20999
3979	303.29999
3980	303.29999
3981	303.54999
3982	303.63
3983	303.53
3984	303.54999
3985	303.45999
3986	303.34
3987	303.09
3988	301.85001
3989	301.42999
3990	300.54001
3991	299.67999
3992	299.16
3993	298.92999
3994	298.79999
3995	298.42001
3996	298.38
3997	298.28
3998	298.47
3999	298.53
4000	298.70001
4001	298.88
4002	299.01001
4003	299.28
4004	299.41
4005	299.41
4006	299.66
4007	299.95001
4008	299.95001
4009	300.20001
4010	300.47
4011	300.76999
4012	300.76999
4013	301.10001
4014	301.12
4015	301.16
4016	301.31
4017	301.35001
4018	301.32999
4019	301.32999
4020	301.45999
4021	301.54001
4022	301.56
4023	301.54001
4024	301.64001
4025	301.64001
4026	301.76999
4027	301.81
4028	301.82999
4029	301.98001
4030	301.94
4031	302.06
4032	302.06
4033	302.04001
4034	302.01999
4035	302.13
4036	302.19
4037	302.14999
4038	302.10001
4039	302.20999
4040	302.20999
4041	302.26999
4042	302.14999
4043	302.13
4044	302.13
4045	302.14999
4046	302.19
4047	302.20999
4048	302.19
4049	302.19
4050	302.31
4051	302.31
4052	302.39999
4053	302.54001
4054	302.48001
4055	302.5
4056	302.32999
4057	302.38
4058	302.32999
4059	302.32999
4060	302.35999
4061	302.29001
4062	302.39999
4063	302.44
4064	302.45999
4065	302.45999
4066	302.45999
4067	302.44
4068	302.48001
4069	302.48001
4070	302.56
4071	302.63
4072	302.51999
4073	302.64999
4074	302.63
4075	302.59
4076	302.59
4077	302.63
4078	302.54001
4079	302.59
4080	302.67001
4081	302.64999
4082	302.64999
4083	302.64999
4084	302.64999
4085	302.60999
4086	302.67001
4087	302.67001
4088	302.70999
4089	302.64999
4090	302.64999
4091	302.56
4092	302.64999
4093	302.56
4094	302.59
4095	302.60999
4096	302.60999
4097	302.63
4098	302.56
4099	302.64999
4100	302.73001
4101	302.70999
4102	302.69
4103	302.70999
4104	302.73001
4105	302.64999
4106	302.60999
4107	302.56
4108	302.60999
4109	302.64999
4110	302.64999
4111	302.70999
4112	302.67001
4113	302.60999
4114	302.63
4115	302.63
4116	302.73001
4117	302.75
4118	302.79001
4119	302.73001
4120	302.75
4121	302.69
4122	302.69
4123	302.69
4124	302.69
4125	302.67001
4126	302.76999
4127	302.79001
4128	302.76999
4129	302.82001
4130	302.69
4131	302.63
4132	302.69
4133	302.67001
4134	302.67001
4135	302.63
4136	302.60999
4137	302.64999
4138	302.63
4139	302.64999
4140	302.60999
4141	302.54001
4142	302.67001
4143	302.69
4144	302.67001
4145	302.64999
4146	302.69
4147	302.73001
4148	302.69
4149	302.79001
4150	302.76999
4151	302.75
4152	302.67001
4153	302.69
4154	302.69
4155	302.64999
4156	302.5
4157	302.5
4158	302.51999
4159	302.5
4160	302.59
4161	302.59
4162	302.60999
4163	302.63
4164	302.60999
4165	302.60999
4166	302.63
4167	302.64999
4168	302.69
4169	302.70999
4170	302.75
4171	302.69
4172	302.70999
4173	302.63
4174	302.54001
4175	302.54001
4176	302.63
4177	302.59
4178	302.56
4179	302.56
4180	302.63
4181	302.56
4182	302.54001
4183	302.51999
4184	302.54001
4185	302.48001
4186	302.48001
4187	302.60999
4188	302.54001
4189	302.60999
4190	302.60999
4191	302.63
4192	302.70999
4193	302.70999
4194	302.70999
4195	302.70999
4196	302.73001
4197	302.70999
4198	302.70999
4199	302.67001
4200	302.75
4201	302.60999
4202	302.70999
4203	302.69
4204	302.67001
4205	302.60999
4206	302.56
4207	302.56
4208	302.51999
4209	302.48001
4210	302.56
4211	302.60999
4212	302.63
4213	302.64999
4214	302.64999
4215	302.60999
4216	302.64999
4217	302.67001
4218	302.64999
4219	302.63
4220	302.60999
4221	302.59
4222	302.60999
4223	302.67001
4224	302.64999
4225	302.64999
4226	302.63
4227	302.51999
4228	302.56
4229	302.59
4230	302.56
4231	302.51999
4232	302.51999
4233	302.48001
4234	302.48001
4235	302.60999
4236	302.54001
4237	302.54001
4238	302.54001
4239	302.59
4240	302.70999
4241	302.76999
4242	302.82001
4243	302.73001
4244	302.69
4245	302.64999
4246	302.64999
4247	302.73001
4248	302.63
4249	302.67001
4250	302.67001
4251	302.69
4252	302.70999
4253	302.75
4254	302.84
4255	302.69
4256	302.75
4257	302.75
4258	302.70999
4259	302.64999
4260	302.64999
4261	302.69
4262	302.69
4263	302.69
4264	302.69
4265	302.75
4266	302.75
4267	302.69
4268	302.70999
4269	302.59
4270	302.63
4271	302.63
4272	302.54001
4273	302.44
4274	302.39999
4275	302.32999
4276	302.26999
4277	302.25
4278	302.14999
4279	302.04001
4280	302.06
4281	302.07999
4282	302.13
4283	302.13
4284	302.14999
4285	302.17001
4286	302.25
4287	302.31
4288	302.26999
4289	302.29001
4290	302.32999
4291	302.48001
4292	302.51999
4293	302.64999
4294	302.70999
4295	302.79001
4296	302.79001
4297	302.94
4298	303.09
4299	303.17001
4300	303.29999
4301	303.38
4302	303.34
4303	303.34
4304	303.35999
4305	303.25
4306	303.23001
4307	303.20999
4308	303.17001
4309	303.13
4310	303.10999
4311	303.01999
4312	303.01999
4313	303.07001
4314	303.09
4315	303.10999
4316	303.14999
4317	303.10999
4318	303.10999
4319	303.13
4320	303.17001
4321	303.19
4322	303.20999
4323	303.25
4324	303.32001
4325	303.44
4326	303.48001
4327	303.38
4328	303.38
4329	303.38
4330	303.28
4331	303.25
4332	303.28
4333	303.17001
4334	303.20999
4335	303.20999
4336	303.29999
4337	303.20999
4338	303.32001
4339	303.20999
4340	303.35999
4341	303.29999
4342	303.29999
4343	303.32001
4344	303.32001
4345	303.29999
4346	303.28
4347	303.25
4348	303.28
4349	303.28
4350	303.32001
4351	303.32001
4352	303.34
4353	303.28
4354	303.23001
4355	303.23001
4356	303.23001
4357	303.20999
4358	303.20999
4359	303.23001
4360	303.20999
4361	303.13
4362	303.13
4363	303.17001
4364	303.09
4365	303.19
4366	303.34
4367	303.34
4368	303.54999
4369	303.64999
4370	303.64999
4371	303.60999
4372	303.63
4373	303.54999
4374	303.54999
4375	303.39999
4376	303.45999
4377	303.39999
4378	303.35999
4379	303.38
4380	303.34
4381	303.44
4382	303.38
4383	303.32001
4384	303.20999
4385	303.25
4386	303.28
4387	303.14999
4388	303.20999
4389	303.19
4390	303.13
4391	303.14999
4392	303.23001
4393	303.19
4394	303.23001
4395	303.19
4396	303.17001
4397	303.14999
4398	303.13
4399	303.09
4400	303.13
4401	303.14999
4402	303.28
4403	303.28
4404	303.28
4405	303.25
4406	303.25
4407	303.34
4408	303.23001
4409	303.20999
4410	303.23001
4411	303.17001
4412	303.20999
4413	303.20999
4414	303.23001
4415	303.25
4416	303.23001
4417	303.25
4418	303.28
4419	303.20999
4420	303.28
4421	303.20999
4422	303.32001
4423	303.14999
4424	303.25
4425	303.19
4426	303.23001
4427	303.20999
4428	303.32001
4429	303.25
4430	303.25
4431	303.39999
4432	303.38
4433	303.45999
4434	303.44
4435	303.44
4436	303.44
4437	303.44
4438	303.44
4439	303.35999
4440	303.45999
4441	303.51001
4442	303.57001
4443	303.57001
4444	303.45999
4445	303.45999
4446	303.32001
4447	303.34
4448	303.34
4449	303.51001
4450	303.63
4451	303.64999
4452	303.67001
4453	303.78
4454	303.88
4455	303.89999
4456	303.98999
4457	303.88
4458	303.70999
4459	303.57001
4460	302.88
4461	302.54001
4462	302.13
4463	301.42999
4464	301.10001
4465	300.54001
4466	300.23999
4467	299.70001
4468	299.28
4469	299.07001
4470	298.97
4471	299.01001
4472	298.97
4473	299.10999
4474	299.26001
4475	299.32001
4476	299.51001
4477	299.51001
4478	299.73999
4479	299.82001
4480	299.95001
4481	299.97
4482	300.17999
4483	300.26001
4484	300.26001
4485	300.57999
4486	300.64001
4487	300.64001
4488	300.70001
4489	300.73999
4490	300.76999
4491	300.89001
4492	300.97
4493	301.07999
4494	301.16
4495	301.31
4496	301.39001
4497	301.45999
4498	301.54001
4499	301.62
4500	301.57999
4501	301.60001
4502	301.62
4503	301.60001
4504	301.69
4505	301.69
4506	301.70999
4507	301.81
4508	301.79001
4509	301.79001
4510	301.85001
4511	301.82999
4512	301.95999
4513	301.92001
4514	301.87
4515	301.89999
4516	301.89999
4517	301.85001
4518	301.89999
4519	301.89999
4520	301.92001
4521	301.92001
4522	301.94
4523	301.94
4524	301.95999
4525	302.04001
4526	302.04001
4527	302.04001
4528	302.10001
4529	302.04001
4530	302.10001
4531	302.10001
4532	302.10001
4533	302.14999
4534	302.07999
4535	302.10001
4536	302.17001
4537	302.13
4538	302.13
4539	302.13
4540	302.17001
4541	302.13
4542	302.17001
4543	302.13
4544	302.14999
4545	302.13
4546	302.04001
4547	302.07999
4548	302.07999
4549	302.17001
4550	302.07999
4551	302.07999
4552	302.13
4553	302.10001
4554	302.14999
4555	302.14999
4556	302.14999
4557	302.14999
4558	302.14999
4559	302.19
4560	302.20999
4561	302.17001
4562	302.23001
4563	302.10001
4564	302.07999
4565	302.06
4566	302.17001
4567	302.17001
4568	302.13
4569	302.10001
4570	302.04001
4571	302.14999
4572	302.06
4573	302.17001
4574	302.20999
4575	302.20999
4576	302.20999
4577	302.26999
4578	302.25
4579	302.19
4580	302.19
4581	302.17001
4582	302.14999
4583	302.14999
4584	302
4585	302
4586	301.95999
4587	301.95999
4588	302.10001
4589	302.14999
4590	302.07999
4591	302.17001
4592	302.20999
4593	302.23001
4594	302.23001
4595	302.20999
4596	302.20999
4597	302.19
4598	302.26999
4599	302.31
4600	302.31
4601	302.32999
4602	302.32999
4603	302.29001
4604	302.32999
4605	302.25
4606	302.20999
4607	302.20999
4608	302.19
4609	302.13
4610	302.10001
4611	302.13
4612	302.13
4613	302.13
4614	302.06
4615	302.14999
4616	302.19
4617	302.19
4618	302.06
4619	302.06
4620	302.19
4621	302.19
4622	302.23001
4623	302.13
4624	302.10001
4625	302.07999
4626	302.07999
4627	302.13
4628	302.19
4629	302.17001
4630	302.19
4631	302.23001
4632	302.29001
4633	302.19
4634	302.17001
4635	302.20999
4636	302.20999
4637	302.17001
4638	302.17001
4639	302.06
4640	302.13
4641	302.14999
4642	302.19
4643	302.20999
4644	302.26999
4645	302.25
4646	302.31
4647	302.29001
4648	302.29001
4649	302.31
4650	302.29001
4651	302.29001
4652	302.29001
4653	302.32999
4654	302.25
4655	302.23001
4656	302.25
4657	302.29001
4658	302.29001
4659	302.29001
4660	302.25
4661	302.32999
4662	302.26999
4663	302.19
4664	302.25
4665	302.25
4666	302.23001
4667	302.26999
4668	302.26999
4669	302.31
4670	302.29001
4671	302.29001
4672	302.25
4673	302.19
4674	302.29001
4675	302.31
4676	302.29001
4677	302.26999
4678	302.38
4679	302.32999
4680	302.32999
4681	302.39999
4682	302.35999
4683	302.32999
4684	302.31
4685	302.35999
4686	302.39999
4687	302.32999
4688	302.29001
4689	302.32999
4690	302.32999
4691	302.25
4692	302.20999
4693	302.20999
4694	302.23001
4695	302.25
4696	302.25
4697	302.25
4698	302.23001
4699	302.19
4700	302.25
4701	302.29001
4702	302.31
4703	302.32999
4704	302.35999
4705	302.32999
4706	302.35999
4707	302.32999
4708	302.31
4709	302.38
4710	302.31
4711	302.31
4712	302.31
4713	302.39999
4714	302.32999
4715	302.32999
4716	302.35999
4717	302.31
4718	302.35999
4719	302.29001
4720	302.26999
4721	302.23001
4722	302.29001
4723	302.31
4724	302.32999
4725	302.29001
4726	302.35999
4727	302.29001
4728	302.31
4729	302.31
4730	302.32999
4731	302.25
4732	302.29001
4733	302.31
4734	302.29001
4735	302.31
4736	302.31
4737	302.25
4738	302.19
4739	302.19
4740	302.23001
4741	302.31
4742	302.25
4743	302.26999
4744	302.25
4745	302.26999
4746	302.25
4747	302.17001
4748	302.17001
4749	302.07999
4750	302.14999
4751	302.01999
4752	302.10001
4753	302.19
4754	302.23001
4755	302.38
4756	302.45999
4757	302.5
4758	302.63
4759	302.67001
4760	302.67001
4761	302.67001
4762	302.59
4763	302.64999
4764	302.63
4765	302.64999
4766	302.75
4767	302.76999
4768	302.76999
4769	302.75
4770	302.64999
4771	302.64999
4772	302.64999
4773	302.60999
4774	302.67001
4775	302.67001
4776	302.67001
4777	302.69
4778	302.73001
4779	302.70999
4780	302.69
4781	302.70999
4782	302.69
4783	302.70999
4784	302.73001
4785	302.75
4786	302.82001
4787	302.84
4788	302.76999
4789	302.76999
4790	302.76999
4791	302.82001
4792	302.85999
4793	302.85999
4794	302.84
4795	302.79001
4796	302.82001
4797	302.85999
4798	302.82001
4799	302.88
4800	302.88
4801	303
4802	303.07001
4803	303.19
4804	303.17001
4805	303.17001
4806	303.17001
4807	303.17001
4808	303.20999
4809	303.17001
4810	303.13
4811	303.07001
4812	303.09
4813	303
4814	303.01999
4815	303.01999
4816	302.95999
4817	303
4818	302.95999
4819	303.04999
4820	303.04999
4821	303
4822	302.88
4823	302.95999
4824	302.92001
4825	302.98001
4826	302.84
4827	302.84
4828	302.98001
4829	302.98001
4830	303.04999
4831	303.07001
4832	303.07001
4833	303.14999
4834	303.09
4835	303.07001
4836	303.14999
4837	303.13
4838	303.14999
4839	303.14999
4840	303.14999
4841	303.07001
4842	303.01999
4843	303.07001
4844	303
4845	303
4846	303
4847	303.09
4848	303.17001
4849	303.14999
4850	303.25
4851	303.28
4852	303.23001
4853	303.20999
4854	303.09
4855	303.13
4856	303.10999
4857	303.10999
4858	303.07001
4859	303.07001
4860	303.10999
4861	303.25
4862	303.25
4863	303.38
4864	303.34
4865	303.32001
4866	303.28
4867	303.25
4868	303.20999
4869	303.25
4870	303.25
4871	303.25
4872	303.34
4873	303.39999
4874	303.44
4875	303.44
4876	303.35999
4877	303.42001
4878	303.42001
4879	303.34
4880	303.38
4881	303.32001
4882	303.29999
4883	303.23001
4884	303.20999
4885	303.17001
4886	303.23001
4887	303.25
4888	303.34
4889	303.45999
4890	303.57001
4891	303.57001
4892	303.57001
4893	303.51001
4894	303.48001
4895	303.48001
4896	303.35999
4897	303.35999
4898	303.23001
4899	303.25
4900	303.25
4901	303.28
4902	303.38
4903	303.38
4904	303.45999
4905	303.51001
4906	303.60999
4907	303.53
4908	303.45999
4909	303.44
4910	303.44
4911	303.44
4912	303.45999
4913	303.45999
4914	303.53
4915	303.51001
4916	303.54999
4917	303.54999
4918	303.44
4919	303.34
4920	303.28
4921	303.28
4922	303.34
4923	303.39999
4924	303.44
4925	303.63
4926	303.51001
4927	303.57001
4928	303.59
4929	303.59
4930	303.59
4931	303.54999
4932	303.42001
4933	303.39999
4934	303.10999
4935	302.48001
4936	302.13
4937	301.45999
4938	301.06
4939	300.41
4940	299.73999
4941	299.29999
4942	299.29999
4943	298.88
4944	298.79999
4945	298.76001
4946	298.70001
4947	298.72
4948	298.67001
4949	298.67001
4950	298.89999
4951	299.07001
4952	299.10999
4953	299.17999
4954	299.47
4955	299.59
4956	299.59
4957	299.89001
4958	300.07999
4959	300.12
4960	300.39001
4961	300.47
4962	300.54001
4963	300.47
4964	300.62
4965	300.70001
4966	300.67999
4967	300.79001
4968	300.70001
4969	300.87
4970	300.89001
4971	301.06
4972	301.14001
4973	301.25
4974	301.31
4975	301.29001
4976	301.32999
4977	301.32999
4978	301.41
4979	301.48001
4980	301.45999
4981	301.45999
4982	301.54001
4983	301.51999
4984	301.57999
4985	301.64001
4986	301.57999
4987	301.57999
4988	301.57999
4989	301.60001
4990	301.64001
4991	301.69
4992	301.60001
4993	301.60001
4994	301.57999
4995	301.57999
4996	301.69
4997	301.60001
4998	301.73001
4999	301.70999
5000	301.69
5001	301.76999
5002	301.82999
5003	301.81
5004	301.85001
5005	301.81
5006	301.85001
5007	301.79001
5008	301.79001
5009	301.81
5010	301.76999
5011	301.82999
5012	301.76999
5013	301.76999
5014	301.82999
5015	301.79001
5016	301.87
5017	301.89999
5018	301.89999
5019	301.92001
5020	301.92001
5021	301.98001
5022	301.95999
5023	301.94
5024	301.94
5025	301.94
5026	301.92001
5027	301.92001
5028	301.85001
5029	301.85001
5030	301.76999
5031	301.85001
5032	301.94
5033	301.87
5034	301.82999
5035	301.92001
5036	301.94
5037	302.01999
5038	302.01999
5039	301.94
5040	301.95999
5041	301.95999
5042	302
5043	301.94
5044	302.01999
5045	302.01999
5046	302.07999
5047	302.06
5048	302.10001
5049	302.06
5050	302.06
5051	302.06
5052	302.06
5053	302.01999
5054	301.98001
5055	302
5056	301.94
5057	301.98001
5058	302.01999
5059	302.01999
5060	302.01999
5061	302.06
5062	302.04001
5063	302.04001
5064	302.07999
5065	302.14999
5066	302.06
5067	302.10001
5068	302.06
5069	302.01999
5070	302.06
5071	302.07999
5072	302.06
5073	302.06
5074	302.04001
5075	302.04001
5076	302.10001
5077	302.13
5078	302.14999
5079	302.10001
5080	302.04001
5081	302.13
5082	302.19
5083	302.10001
5084	302.10001
5085	302.19
5086	302.20999
5087	302.23001
5088	302.17001
5089	302.13
5090	302.07999
5091	302.07999
5092	302.06
5093	302.01999
5094	302.01999
5095	302.06
5096	302.04001
5097	302.06
5098	302.06
5099	302.07999
5100	302.06
5101	302.06
5102	302.06
5103	302.07999
5104	302.04001
5105	302.04001
5106	301.98001
5107	301.95999
5108	301.95999
5109	302.04001
5110	302.07999
5111	302.06
5112	302.04001
5113	301.95999
5114	302.04001
5115	302.04001
5116	302.13
5117	302.13
5118	302.13
5119	302.10001
5120	302.07999
5121	302.04001
5122	302.06
5123	302.06
5124	301.95999
5125	301.95999
5126	301.94
5127	302.01999
5128	302
5129	302.06
5130	302.06
5131	302.07999
5132	302.17001
5133	302.19
5134	302.14999
5135	302.17001
5136	302.04001
5137	302.13
5138	301.95999
5139	302.01999
5140	302.01999
5141	302
5142	301.92001
5143	302.06
5144	301.95999
5145	302
5146	301.98001
5147	301.98001
5148	301.98001
5149	301.98001
5150	301.94
5151	301.98001
5152	301.92001
5153	301.87
5154	301.87
5155	301.87
5156	301.87
5157	301.85001
5158	301.81
5159	301.85001
5160	301.89999
5161	301.98001
5162	301.98001
5163	301.95999
5164	301.94
5165	301.95999
5166	301.98001
5167	302.04001
5168	302.06
5169	302.06
5170	301.95999
5171	302.04001
5172	302.07999
5173	302.07999
5174	302.10001
5175	302.19
5176	302.20999
5177	302.20999
5178	302.25
5179	302.17001
5180	302.14999
5181	302.10001
5182	302.01999
5183	302.07999
5184	302.13
5185	302.14999
5186	302.14999
5187	302.10001
5188	302.14999
5189	302.10001
5190	302.07999
5191	302.04001
5192	301.98001
5193	301.95999
5194	301.95999
5195	302.07999
5196	302.13
5197	302.14999
5198	302.10001
5199	302.07999
5200	302
5201	302
5202	302.01999
5203	302.13
5204	302.10001
5205	302.06
5206	302.04001
5207	302.04001
5208	302.07999
5209	302.06
5210	302.06
5211	302.07999
5212	302
5213	302.13
5214	302.07999
5215	302.04001
5216	302.04001
5217	302.04001
5218	302.10001
5219	302.14999
5220	302.10001
5221	302
5222	302.01999
5223	301.87
5224	301.76999
5225	301.73001
5226	301.67001
5227	301.62
5228	301.69
5229	301.76999
5230	301.81
5231	301.79001
5232	301.87
5233	301.87
5234	301.95999
5235	302
5236	302.07999
5237	302.14999
5238	302.23001
5239	302.25
5240	302.25
5241	302.31
5242	302.39999
5243	302.35999
5244	302.38
5245	302.5
5246	302.42001
5247	302.44
5248	302.42001
5249	302.44
5250	302.45999
5251	302.63
5252	302.73001
5253	302.70999
5254	302.70999
5255	302.76999
5256	302.69
5257	302.73001
5258	302.73001
5259	302.79001
5260	302.76999
5261	302.75
5262	302.73001
5263	302.73001
5264	302.70999
5265	302.70999
5266	302.70999
5267	302.70999
5268	302.76999
5269	302.82001
5270	302.79001
5271	302.82001
5272	302.82001
5273	302.82001
5274	302.85999
5275	302.79001
5276	302.79001
5277	302.75
5278	302.84
5279	302.84
5280	302.76999
5281	302.75
5282	302.76999
5283	302.76999
5284	302.85999
5285	302.85999
5286	302.85999
5287	302.98001
5288	303
5289	303.01999
5290	303
5291	302.95999
5292	302.98001
5293	302.95999
5294	302.92001
5295	302.88
5296	302.84
5297	302.88
5298	302.76999
5299	302.85999
5300	302.82001
5301	302.84
5302	302.84
5303	302.84
5304	302.84
5305	302.92001
5306	302.94
5307	302.94
5308	303.01999
5309	303
5310	302.94
5311	302.94
5312	302.92001
5313	302.89999
5314	302.84
5315	302.92001
5316	302.94
5317	302.95999
5318	302.92001
5319	302.92001
5320	302.94
5321	302.94
5322	302.95999
5323	302.94
5324	302.95999
5325	302.95999
5326	302.94
5327	302.94
5328	303
5329	303
5330	303
5331	302.94
5332	302.94
5333	302.98001
5334	302.94
5335	302.84
5336	302.84
5337	302.94
5338	302.98001
5339	303.04999
5340	303.13
5341	303.10999
5342	303.20999
5343	303.20999
5344	303.17001
5345	303.17001
5346	303.19
5347	303.23001
5348	303.19
5349	303.17001
5350	303.17001
5351	303.10999
5352	303.17001
5353	303.14999
5354	303.13
5355	303.14999
5356	303.09
5357	303.17001
5358	303.13
5359	303.14999
5360	303.04999
5361	303.10999
5362	303.04999
5363	303.09
5364	303
5365	303.07001
5366	303.07001
5367	303.01999
5368	303.04999
5369	303.01999
5370	303.07001
5371	303.04999
5372	303.01999
5373	302.95999
5374	302.95999
5375	302.95999
5376	303
5377	303.01999
5378	303.09
5379	303.10999
5380	303.04999
5381	303.07001
5382	303.07001
5383	303.01999
5384	303.04999
5385	303.01999
5386	302.98001
5387	303.01999
5388	303
5389	303
5390	303.07001
5391	303.04999
5392	303
5393	302.95999
5394	303
5395	303.07001
5396	303.10999
5397	303.23001
5398	303.23001
5399	303.23001
5400	303.29999
5401	303.32001
5402	303.32001
5403	303.34
5404	303.25
5405	303.23001
5406	303.19
5407	303.19
5408	302.23001
5409	301.42999
5410	301.07999
5411	300.37
5412	299.70001
5413	299.23999
5414	299.23999
5415	298.79999
5416	298.59
5417	298.48999
5418	298.44
5419	298.59
5420	298.70001
5421	298.70001
5422	298.98999
5423	299.16
5424	299.26001
5425	299.32001
5426	299.48999
5427	299.62
5428	299.67999
5429	300.01001
5430	300.07999
5431	300.22
5432	300.31
5433	300.37
5434	300.48999
5435	300.48999
5436	300.64001
5437	300.67999
5438	300.73999
5439	300.82999
5440	300.92999
5441	301
5442	300.97
5443	301.04001
5444	301.10001
5445	301.14001
5446	301.14001
5447	301.25
5448	301.23001
5449	301.26999
5450	301.31
5451	301.32999
5452	301.41
5453	301.41
5454	301.5
5455	301.56
5456	301.56
5457	301.56
5458	301.54001
5459	301.57999
5460	301.62
5461	301.60001
5462	301.60001
5463	301.64001
5464	301.67001
5465	301.62
5466	301.70999
5467	301.62
5468	301.73001
5469	301.75
5470	301.70999
5471	301.79001
5472	301.75
5473	301.70999
5474	301.76999
5475	301.69
5476	301.76999
5477	301.79001
5478	301.75
5479	301.76999
5480	301.79001
5481	301.70999
5482	301.79001
5483	301.79001
5484	301.76999
5485	301.76999
5486	301.73001
5487	301.81
5488	301.75
5489	301.81
5490	301.81
5491	301.82999
5492	301.82999
5493	301.70999
5494	301.81
5495	301.75
5496	301.76999
5497	301.79001
5498	301.82999
5499	301.76999
5500	301.92001
5501	301.87
5502	301.85001
5503	301.85001
5504	301.81
5505	301.85001
5506	301.73001
5507	301.69
5508	301.82999
5509	301.75
5510	301.75
5511	301.75
5512	301.75
5513	301.70999
5514	301.75
5515	301.69
5516	301.64001
5517	301.64001
5518	301.70999
5519	301.62
5520	301.73001
5521	301.75
5522	301.85001
5523	301.89999
5524	301.89999
5525	301.95999
5526	301.95999
5527	301.95999
5528	301.89999
5529	301.85001
5530	301.85001
5531	301.75
5532	301.70999
5533	301.79001
5534	301.87
5535	301.87
5536	301.95999
5537	301.89999
5538	301.95999
5539	301.92001
5540	301.92001
5541	301.98001
5542	301.89999
5543	301.95999
5544	301.87
5545	301.85001
5546	301.98001
5547	301.89999
5548	301.98001
5549	302
5550	302
5551	302
5552	302.01999
5553	301.95999
5554	301.98001
5555	302
5556	302
5557	301.95999
5558	301.95999
5559	301.95999
5560	301.87
5561	301.85001
5562	301.94
5563	301.94
5564	301.92001
5565	301.95999
5566	301.94
5567	301.98001
5568	302.04001
5569	302
5570	302.06
5571	302.01999
5572	302.01999
5573	301.94
5574	302
5575	301.87
5576	301.94
5577	301.92001
5578	301.82999
5579	301.94
5580	301.95999
5581	302.04001
5582	302.01999
5583	301.95999
5584	302
5585	302.04001
5586	301.92001
5587	302
5588	302
5589	302
5590	301.98001
5591	301.94
5592	301.92001
5593	301.94
5594	302.04001
5595	302.04001
5596	301.94
5597	302.01999
5598	302.01999
5599	302.07999
5600	302
5601	302
5602	302
5603	301.98001
5604	302.01999
5605	302.04001
5606	302
5607	302
5608	302.01999
5609	302
5610	301.95999
5611	301.94
5612	302.01999
5613	302.07999
5614	301.98001
5615	301.94
5616	302
5617	301.94
5618	301.95999
5619	302.01999
5620	301.92001
5621	301.94
5622	301.92001
5623	301.95999
5624	301.85001
5625	301.98001
5626	302.01999
5627	302.01999
5628	301.89999
5629	301.92001
5630	301.87
5631	301.92001
5632	301.89999
5633	301.89999
5634	301.89999
5635	301.94
5636	301.87
5637	301.87
5638	301.92001
5639	301.89999
5640	301.95999
5641	301.95999
5642	301.94
5643	301.94
5644	301.94
5645	301.89999
5646	301.85001
5647	301.92001
5648	301.94
5649	302.01999
5650	302
5651	302
5652	302
5653	302.01999
5654	302
5655	302
5656	301.98001
5657	302
5658	301.87
5659	301.87
5660	301.98001
5661	302
5662	301.98001
5663	302
5664	302.04001
5665	302
5666	302
5667	302.01999
5668	302
5669	302
5670	301.92001
5671	301.98001
5672	302.01999
5673	302.01999
5674	302
5675	301.95999
5676	302.01999
5677	301.95999
5678	301.94
5679	301.94
5680	301.92001
5681	302
5682	302.01999
5683	301.94
5684	301.92001
5685	301.89999
5686	301.94
5687	301.95999
5688	301.94
5689	301.94
5690	302.04001
5691	302.10001
5692	302.07999
5693	302.07999
5694	301.95999
5695	302
5696	301.95999
5697	301.92001
5698	301.92001
5699	301.87
5700	301.89999
5701	301.82999
5702	301.82999
5703	301.95999
5704	301.94
5705	301.94
5706	302.01999
5707	302.06
5708	302.04001
5709	302.19
5710	302.25
5711	302.23001
5712	302.26999
5713	302.32999
5714	302.42001
5715	302.42001
5716	302.39999
5717	302.45999
5718	302.45999
5719	302.45999
5720	302.48001
5721	302.54001
5722	302.51999
5723	302.44
5724	302.39999
5725	302.39999
5726	302.38
5727	302.31
5728	302.35999
5729	302.35999
5730	302.35999
5731	302.29001
5732	302.31
5733	302.31
5734	302.38
5735	302.38
5736	302.44
5737	302.44
5738	302.56
5739	302.54001
5740	302.56
5741	302.54001
5742	302.56
5743	302.56
5744	302.56
5745	302.56
5746	302.48001
5747	302.48001
5748	302.51999
5749	302.48001
5750	302.48001
5751	302.45999
5752	302.42001
5753	302.44
5754	302.44
5755	302.48001
5756	302.39999
5757	302.5
5758	302.48001
5759	302.39999
5760	302.42001
5761	302.38
5762	302.35999
5763	302.42001
5764	302.38
5765	302.42001
5766	302.38
5767	302.32999
5768	302.38
5769	302.38
5770	302.48001
5771	302.51999
5772	302.45999
5773	302.54001
5774	302.44
5775	302.48001
5776	302.48001
5777	302.5
5778	302.48001
5779	302.54001
5780	302.59
5781	302.70999
5782	302.73001
5783	302.73001
5784	302.84
5785	302.73001
5786	302.76999
5787	302.82001
5788	302.79001
5789	302.84
5790	302.84
5791	302.88
5792	302.84
5793	302.79001
5794	302.76999
5795	302.73001
5796	302.79001
5797	302.75
5798	302.73001
5799	302.73001
5800	302.67001
5801	302.67001
5802	302.69
5803	302.75
5804	302.75
5805	302.70999
5806	302.67001
5807	302.73001
5808	302.73001
5809	302.67001
5810	302.69
5811	302.67001
5812	302.63
5813	302.64999
5814	302.56
5815	302.56
5816	302.70999
5817	302.67001
5818	302.70999
5819	302.76999
5820	302.84
5821	302.82001
5822	302.75
5823	302.76999
5824	302.82001
5825	302.79001
5826	302.76999
5827	302.69
5828	302.76999
5829	302.67001
5830	302.64999
5831	302.67001
5832	302.69
5833	302.69
5834	302.70999
5835	302.60999
5836	302.59
5837	302.60999
5838	302.54001
5839	302.59
5840	302.59
5841	302.64999
5842	302.56
5843	302.67001
5844	302.70999
5845	302.69
5846	302.79001
5847	302.79001
5848	302.94
5849	303
5850	302.95999
5851	302.92001
5852	302.92001
5853	302.95999
5854	302.95999
5855	302.95999
5856	302.98001
5857	303.04999
5858	303
5859	302.98001
5860	302.94
5861	302.98001
5862	302.94
5863	302.98001
5864	303
5865	302.95999
5866	302.98001
5867	302.94
5868	303
5869	303.04999
5870	303.07001
5871	303.04999
5872	303.04999
5873	303.14999
5874	303.13
5875	303.13
5876	303.17001
5877	303.01999
5878	303.10999
5879	303.10999
5880	302.45999
5881	301.95999
5882	301.67001
5883	301.12
5884	300.73999
5885	300.37
5886	300.37
5887	299.67999
5888	299.34
5889	299.13
5890	298.84
5891	298.63
5892	298.70001
5893	298.63
5894	298.82001
5895	298.95001
5896	299.07001
5897	299.17999
5898	299.29999
5899	299.35999
5900	299.42999
5901	299.57001
5902	299.70001
5903	299.79999
5904	299.97
5905	299.95001
5906	300.03
5907	300.10001
5908	300.14001
5909	300.28
5910	300.35001
5911	300.35001
5912	300.48999
5913	300.45001
5914	300.51001
5915	300.62
5916	300.64001
5917	300.72
5918	300.72
5919	300.76999
5920	300.85001
5921	300.82999
5922	300.87
5923	300.87
5924	300.89001
5925	300.89001
5926	300.82999
5927	300.81
5928	300.92999
5929	300.76999
5930	300.79001
5931	300.73999
5932	300.73999
5933	300.73999
5934	300.76999
5935	300.79001
5936	300.76999
5937	300.81
5938	300.87
5939	300.81
5940	300.87
5941	300.85001
5942	300.81
5943	300.91
5944	300.91
5945	300.85001
5946	300.91
5947	300.97
5948	300.89001
5949	300.91
5950	300.97
5951	300.97
5952	300.95001
5953	301
5954	300.97
5955	301
5956	300.91
5957	300.92999
5958	300.92999
5959	300.89001
5960	300.85001
5961	300.92999
5962	300.92999
5963	300.95001
5964	300.92999
5965	300.92999
5966	300.97
5967	300.97
5968	300.91
5969	300.95001
5970	300.95001
5971	301.04001
5972	301.04001
5973	300.95001
5974	301.04001
5975	301
5976	301
5977	300.95001
5978	301
5979	300.97
5980	300.92999
5981	300.95001
5982	300.91
5983	301.01999
5984	300.95001
5985	301
5986	300.97
5987	300.91
5988	301.04001
5989	301.01999
5990	301.01999
5991	301.04001
5992	300.95001
5993	301.01999
5994	300.95001
5995	301
5996	300.97
5997	300.97
5998	301.01999
5999	301
6000	300.95001
6001	301.04001
6002	301.01999
6003	301.06
6004	301.06
6005	301.10001
6006	301.12
6007	301.06
6008	301.04001
6009	301.07999
6010	301.07999
6011	301.07999
6012	301.04001
6013	301.01999
6014	301
6015	300.97
6016	301
6017	301
6018	300.95001
6019	301.01999
6020	300.89001
6021	300.97
6022	301.04001
6023	301
6024	301.01999
6025	300.97
6026	301.01999
6027	301.01999
6028	300.97
6029	300.97
6030	301
6031	301.10001
6032	301.04001
6033	301.10001
6034	301.10001
6035	301.10001
6036	301.10001
6037	301.01999
6038	301.07999
6039	301.10001
6040	301.10001
6041	301.20001
6042	301.12
6043	301.12
6044	301.07999
6045	301.16
6046	301.16
6047	301.10001
6048	301.12
6049	301.12
6050	301.10001
6051	301.07999
6052	301.07999
6053	301.07999
6054	301.01999
6055	301.07999
6056	301.01999
6057	301.07999
6058	301.01999
6059	301
6060	301.04001
6061	301.04001
6062	301.07999
6063	301.07999
6064	301.10001
6065	301.12
6066	301.06
6067	301.07999
6068	301.07999
6069	301.04001
6070	301.01999
6071	301.01999
6072	301.06
6073	300.97
6074	300.91
6075	300.91
6076	301
6077	301
6078	300.97
6079	301.06
6080	301.06
6081	301.06
6082	301.06
6083	301
6084	301.06
6085	301.12
6086	301.14001
6087	301.12
6088	301.04001
6089	301.14001
6090	301.01999
6091	301.07999
6092	301
6093	301.06
6094	301.01999
6095	300.95001
6096	301.06
6097	301
6098	301.04001
6099	301
6100	301.04001
6101	301.12
6102	301.04001
6103	301.10001
6104	301.04001
6105	301.06
6106	301.06
6107	301.06
6108	301.04001
6109	301.04001
6110	301.12
6111	301.12
6112	301.17999
6113	301.12
6114	301.12
6115	301.20001
6116	301.20001
6117	301.25
6118	301.16
6119	301.06
6120	301.07999
6121	301.10001
6122	301.12
6123	301.16
6124	301.12
6125	301.14001
6126	301.14001
6127	301.12
6128	301.17999
6129	301.26999
6130	301.23001
6131	301.26999
6132	301.23001
6133	301.23001
6134	301.16
6135	301.16
6136	301.20001
6137	301.17999
6138	301.12
6139	301.12
6140	301.06
6141	301.17999
6142	301.25
6143	301.20001
6144	301.17999
6145	301.14001
6146	301.14001
6147	301.10001
6148	301.06
6149	301.12
6150	301.16
6151	301.29001
6152	301.17999
6153	301.17999
6154	301.12
6155	301.06
6156	301.04001
6157	301.01999
6158	300.92999
6159	300.95001
6160	300.89001
6161	300.97
6162	301.01999
6163	301.14001
6164	301.39001
6165	301.48001
6166	301.48001
6167	301.60001
6168	301.73001
6169	301.82999
6170	301.89999
6171	301.94
6172	301.89999
6173	301.92001
6174	301.92001
6175	301.92001
6176	301.87
6177	301.98001
6178	301.98001
6179	301.92001
6180	301.92001
6181	301.89999
6182	301.87
6183	301.89999
6184	301.92001
6185	301.92001
6186	301.92001
6187	301.98001
6188	302
6189	302.06
6190	302
6191	301.92001
6192	301.98001
6193	302
6194	302
6195	302.01999
6196	302.17001
6197	302.17001
6198	302.14999
6199	302.13
6200	302.04001
6201	302.01999
6202	302.07999
6203	302.10001
6204	302.10001
6205	302.06
6206	302.07999
6207	302.14999
6208	302.13
6209	302.01999
6210	302.01999
6211	302.01999
6212	302
6213	301.98001
6214	302.04001
6215	302.04001
6216	301.98001
6217	301.98001
6218	301.95999
6219	301.95999
6220	301.94
6221	302.04001
6222	302.04001
6223	302
6224	302
6225	302.01999
6226	302.10001
6227	302.06
6228	302.04001
6229	302.01999
6230	302.04001
6231	302.04001
6232	302.01999
6233	301.94
6234	301.92001
6235	301.85001
6236	301.79001
6237	301.89999
6238	301.92001
6239	302.01999
6240	302.10001
6241	302.19
6242	302.13
6243	302.07999
6244	302.13
6245	302.13
6246	302.10001
6247	301.98001
6248	301.98001
6249	301.98001
6250	301.94
6251	301.95999
6252	301.89999
6253	302
6254	301.94
6255	301.89999
6256	301.89999
6257	301.89999
6258	301.85001
6259	301.94
6260	301.98001
6261	302.06
6262	302.04001
6263	302.13
6264	302.19
6265	302.14999
6266	302.17001
6267	302.29001
6268	302.26999
6269	302.20999
6270	302.23001
6271	302.14999
6272	302.14999
6273	302.13
6274	301.98001
6275	302.01999
6276	301.94
6277	301.95999
6278	301.85001
6279	301.81
6280	301.94
6281	301.94
6282	301.87
6283	301.92001
6284	301.94
6285	301.94
6286	301.94
6287	301.94
6288	301.94
6289	301.98001
6290	302
6291	302
6292	302.06
6293	302.10001
6294	302.20999
6295	302.20999
6296	302.17001
6297	302.25
6298	302.20999
6299	302.26999
6300	302.19
6301	302.19
6302	302.13
6303	302.23001
6304	302.17001
6305	302.20999
6306	302.29001
6307	302.29001
6308	302.32999
6309	302.31
6310	302.23001
6311	302.23001
6312	302.19
6313	302.14999
6314	302.07999
6315	302.13
6316	302.14999
6317	302.14999
6318	302.10001
6319	302.13
6320	302.13
6321	302.13
6322	302.13
6323	302.23001
6324	302.20999
6325	302.07999
6326	302.10001
6327	302.10001
6328	302.17001
6329	302.23001
6330	302.20999
6331	302.26999
6332	302.31
6333	302.38
6334	302.42001
6335	302.48001
6336	302.48001
6337	302.42001
6338	302.29001
6339	302.06
6340	302.01999
6341	301.85001
6342	301.14001
6343	300.76999
6344	300.39001
6345	299.78
6346	299.66
6347	299.29999
6348	299.13
6349	298.92999
6350	298.72
6351	298.51001
6352	298.48999
6353	298.39999
6354	298.44
6355	298.39999
6356	298.42001
6357	298.48999
6358	298.48999
6359	298.48999
6360	298.51001
6361	298.70001
6362	298.72
6363	298.84
6364	298.95001
6365	298.98999
6366	298.98999
6367	299.09
6368	299.26001
6369	299.26001
6370	299.32001
6371	299.39001
6372	299.47
6373	299.53
6374	299.67999
6375	299.79999
6376	299.76001
6377	299.92999
6378	299.91
6379	299.97
6380	299.97
6381	299.95001
6382	300.01001
6383	300.07999
6384	300.04999
6385	300.07999
6386	300.10001
6387	300.07999
6388	300.14001
6389	300.12
6390	300.12
6391	300.12
6392	300.23999
6393	300.26001
6394	300.31
6395	300.39001
6396	300.42999
6397	300.48999
6398	300.48999
6399	300.47
6400	300.48999
6401	300.57999
6402	300.60001
6403	300.54001
6404	300.56
6405	300.56
6406	300.57999
6407	300.60001
6408	300.57999
6409	300.64001
6410	300.60001
6411	300.62
6412	300.57999
6413	300.60001
6414	300.64001
6415	300.62
6416	300.64001
6417	300.64001
6418	300.66
6419	300.66
6420	300.66
6421	300.66
6422	300.66
6423	300.76999
6424	300.72
6425	300.70001
6426	300.73999
6427	300.76999
6428	300.81
6429	300.82999
6430	300.82999
6431	300.76999
6432	300.79001
6433	300.81
6434	300.82999
6435	300.82999
6436	300.79001
6437	300.79001
6438	300.87
6439	300.87
6440	300.81
6441	300.82999
6442	300.82999
6443	300.87
6444	300.87
6445	300.82999
6446	300.76999
6447	300.79001
6448	300.82999
6449	300.81
6450	300.85001
6451	300.82999
6452	300.85001
6453	300.82999
6454	300.89001
6455	300.89001
6456	300.79001
6457	300.87
6458	300.85001
6459	300.87
6460	300.87
6461	300.82999
6462	300.82999
6463	300.85001
6464	300.91
6465	300.91
6466	300.92999
6467	300.91
6468	300.85001
6469	300.85001
6470	300.87
6471	300.82999
6472	300.81
6473	300.82999
6474	300.89001
6475	300.85001
6476	300.85001
6477	300.95001
6478	301
6479	300.92999
6480	300.97
6481	301.04001
6482	300.97
6483	300.91
6484	300.85001
6485	300.87
6486	300.81
6487	300.85001
6488	300.89001
6489	300.82999
6490	300.82999
6491	300.91
6492	300.91
6493	300.92999
6494	300.95001
6495	300.97
6496	300.91
6497	300.92999
6498	300.91
6499	300.91
6500	300.91
6501	300.91
6502	300.82999
6503	300.81
6504	300.81
6505	300.91
6506	300.91
6507	300.92999
6508	300.92999
6509	300.91
6510	300.92999
6511	300.89001
6512	300.85001
6513	300.87
6514	300.85001
6515	300.81
6516	300.76999
6517	300.82999
6518	300.79001
6519	300.82999
6520	300.82999
6521	300.81
6522	300.87
6523	300.91
6524	300.87
6525	300.87
6526	300.91
6527	300.91
6528	300.92999
6529	300.92999
6530	300.95001
6531	300.97
6532	300.91
6533	300.91
6534	300.87
6535	300.87
6536	300.81
6537	300.85001
6538	300.91
6539	300.95001
6540	300.95001
6541	300.89001
6542	300.91
6543	300.92999
6544	300.91
6545	300.87
6546	300.89001
6547	300.89001
6548	300.91
6549	300.87
6550	300.85001
6551	300.79001
6552	300.81
6553	300.76999
6554	300.81
6555	300.85001
6556	300.81
6557	300.76999
6558	300.85001
6559	300.82999
6560	300.91
6561	300.87
6562	300.92999
6563	300.91
6564	300.95001
6565	300.92999
6566	300.92999
6567	301
6568	300.89001
6569	300.95001
6570	300.87
6571	300.85001
6572	300.85001
6573	300.82999
6574	300.79001
6575	300.79001
6576	300.76999
6577	300.87
6578	300.85001
6579	300.85001
6580	300.87
6581	300.79001
6582	300.81
6583	300.82999
6584	300.82999
6585	300.81
6586	300.82999
6587	300.85001
6588	300.87
6589	300.85001
6590	300.85001
6591	300.95001
6592	300.87
6593	300.91
6594	300.89001
6595	300.87
6596	300.95001
6597	300.97
6598	301
6599	300.97
6600	300.91
6601	300.91
6602	300.87
6603	300.87
6604	300.87
6605	300.87
6606	300.89001
6607	300.87
6608	300.82999
6609	300.79001
6610	300.82999
6611	300.82999
6612	300.85001
6613	300.76999
6614	300.76999
6615	300.73999
6616	300.72
6617	300.67999
6618	300.67999
6619	300.73999
6620	300.72
6621	300.72
6622	300.73999
6623	300.91
6624	300.89001
6625	300.85001
6626	300.87
6627	300.89001
6628	300.82999
6629	300.73999
6630	300.72
6631	300.67999
6632	300.72
6633	300.64001
6634	300.72
6635	300.70001
6636	300.81
6637	300.82999
6638	300.92999
6639	301
6640	301.06
6641	301.17999
6642	301.16
6643	301.16
6644	301.31
6645	301.31
6646	301.31
6647	301.41
6648	301.39001
6649	301.39001
6650	301.39001
6651	301.5
6652	301.67001
6653	301.75
6654	301.89999
6655	302
6656	301.95999
6657	301.95999
6658	301.94
6659	301.94
6660	301.87
6661	301.92001
6662	301.85001
6663	301.94
6664	301.81
6665	301.81
6666	301.81
6667	301.82999
6668	301.75
6669	301.73001
6670	301.70999
6671	301.75
6672	301.70999
6673	301.67001
6674	301.64001
6675	301.69
6676	301.69
6677	301.82999
6678	301.89999
6679	302.01999
6680	301.98001
6681	302
6682	302
6683	301.89999
6684	301.92001
6685	301.81
6686	301.85001
6687	301.79001
6688	301.79001
6689	301.79001
6690	301.81
6691	301.81
6692	301.81
6693	301.87
6694	301.95999
6695	302.04001
6696	302.04001
6697	302.04001
6698	302.07999
6699	302.04001
6700	302.06
6701	302.20999
6702	302.17001
6703	302.13
6704	302.14999
6705	302.13
6706	302.13
6707	302.07999
6708	302.19
6709	302.06
6710	302.04001
6711	301.98001
6712	301.98001
6713	301.98001
6714	301.98001
6715	302
6716	301.95999
6717	301.82999
6718	301.87
6719	301.81
6720	301.79001
6721	301.79001
6722	301.87
6723	301.94
6724	302
6725	302
6726	302.04001
6727	302.01999
6728	302.01999
6729	302
6730	301.95999
6731	301.94
6732	301.94
6733	301.81
6734	301.82999
6735	301.81
6736	301.79001
6737	301.79001
6738	301.76999
6739	301.70999
6740	301.75
6741	301.73001
6742	301.76999
6743	301.76999
6744	301.76999
6745	301.81
6746	301.85001
6747	301.79001
6748	301.85001
6749	301.81
6750	301.79001
6751	301.87
6752	301.98001
6753	301.98001
6754	302.07999
6755	302.06
6756	301.95999
6757	302.04001
6758	302.04001
6759	301.94
6760	301.94
6761	301.89999
6762	301.94
6763	301.92001
6764	301.87
6765	301.92001
6766	301.95999
6767	301.95999
6768	301.94
6769	301.89999
6770	301.89999
6771	301.82999
6772	301.85001
6773	301.85001
6774	301.81
6775	301.76999
6776	301.75
6777	301.82999
6778	301.76999
6779	301.75
6780	301.76999
6781	301.79001
6782	301.81
6783	301.79001
6784	301.76999
6785	301.76999
6786	301.75
6787	301.81
6788	301.73001
6789	301.75
6790	301.69
6791	301.64001
6792	301.64001
6793	301.67001
6794	301.64001
6795	301.67001
6796	301.75
6797	301.67001
6798	301.60001
6799	301.60001
6800	301.54001
6801	301.56
6802	301.57999
6803	301.60001
6804	301.62
6805	301.69
6806	301.69
6807	301.73001
6808	301.75
6809	301.81
6810	301.85001
6811	301.82999
6812	301.73001
6813	301.69
6814	301.31
6815	301.16
6816	300.73999
6817	300.31
6818	299.97
6819	299.54999
6820	299.32001
6821	298.84
6822	298.57001
6823	298.29999
6824	298.29999
6825	298.10999
6826	298.09
6827	298.07001
6828	298.10999
6829	298.09
6830	298.07001
6831	298.07001
6832	298.28
6833	298.23999
6834	298.28
6835	298.34
6836	298.48999
6837	298.48999
6838	298.59
6839	298.79999
6840	298.92999
6841	299.04999
6842	299.03
6843	299.17999
6844	299.22
6845	299.23999
6846	299.39001
6847	299.41
6848	299.47
6849	299.59
6850	299.64001
6851	299.59
6852	299.64001
6853	299.73999
6854	299.73999
6855	299.76001
6856	299.66
6857	299.67999
6858	299.79999
6859	299.85001
6860	299.91
6861	300.04999
6862	300.10001
6863	300.10001
6864	300.23999
6865	300.37
6866	300.37
6867	300.37
6868	300.41
6869	300.51001
6870	300.51001
6871	300.31
6872	300.26001
6873	300.20001
6874	300.26001
6875	300.22
6876	300.22
6877	300.20001
6878	300.22
6879	300.22
6880	300.23999
6881	300.23999
6882	300.26001
6883	300.26001
6884	300.22
6885	300.16
6886	300.23999
6887	300.26001
6888	300.22
6889	300.17999
6890	300.16
6891	300.16
6892	300.14001
6893	300.26001
6894	300.20001
6895	300.20001
6896	300.32999
6897	300.32999
6898	300.31
6899	300.26001
6900	300.22
6901	300.16
6902	300.16
6903	300.17999
6904	300.17999
6905	300.14001
6906	300.16
6907	300.23999
6908	300.17999
6909	300.17999
6910	300.10001
6911	300.16
6912	300.14001
6913	300.14001
6914	300.17999
6915	300.14001
6916	300.14001
6917	300.04999
6918	300.07999
6919	300.07999
6920	300.10001
6921	300.07999
6922	300.07999
6923	300.16
6924	300.10001
6925	300.16
6926	300.16
6927	300.26001
6928	300.20001
6929	300.16
6930	300.14001
6931	300.17999
6932	300.14001
6933	300.10001
6934	300.10001
6935	300.17999
6936	300.20001
6937	300.17999
6938	300.14001
6939	300.23999
6940	300.20001
6941	300.20001
6942	300.22
6943	300.17999
6944	300.26001
6945	300.20001
6946	300.17999
6947	300.17999
6948	300.20001
6949	300.17999
6950	300.12
6951	300.12
6952	300.16
6953	300.04999
6954	300.10001
6955	300.04999
6956	300.03
6957	300.07999
6958	300.03
6959	300.03
6960	300.10001
6961	300.03
6962	299.98999
6963	300.04999
6964	300.07999
6965	300.07999
6966	300.07999
6967	300.12
6968	300.10001
6969	300.03
6970	300.14001
6971	300.17999
6972	300.16
6973	300.16
6974	300.20001
6975	300.20001
6976	300.16
6977	300.20001
6978	300.23999
6979	300.22
6980	300.22
6981	300.14001
6982	300.17999
6983	300.17999
6984	300.23999
6985	300.17999
6986	300.16
6987	300.12
6988	300.12
6989	300.17999
6990	300.17999
6991	300.17999
6992	300.22
6993	300.22
6994	300.28
6995	300.31
6996	300.23999
6997	300.20001
6998	300.22
6999	300.16
7000	300.14001
7001	300.14001
7002	300.07999
7003	300.14001
7004	300.20001
7005	300.20001
7006	300.23999
7007	300.23999
7008	300.26001
7009	300.31
7010	300.35001
7011	300.32999
7012	300.32999
7013	300.28
7014	300.28
7015	300.28
7016	300.28
7017	300.35001
7018	300.31
7019	300.32999
7020	300.26001
7021	300.22
7022	300.23999
7023	300.22
7024	300.22
7025	300.20001
7026	300.17999
7027	300.17999
7028	300.20001
7029	300.12
7030	299.98999
7031	299.98999
7032	299.98999
7033	299.98999
7034	299.95001
7035	299.92999
7036	299.91
7037	299.98999
7038	299.91
7039	299.89001
7040	299.98999
7041	299.91
7042	299.92999
7043	299.97
7044	299.97
7045	299.97
7046	300.07999
7047	300.04999
7048	300.04999
7049	299.98999
7050	299.97
7051	299.97
7052	300.07999
7053	299.97
7054	299.95001
7055	300.03
7056	300.01001
7057	299.98999
7058	300.03
7059	300.03
7060	300.03
7061	299.98999
7062	300.01001
7063	299.98999
7064	299.97
7065	300.04999
7066	300.07999
7067	299.98999
7068	300.03
7069	299.98999
7070	300.01001
7071	300.01001
7072	300.01001
7073	300.01001
7074	300.01001
7075	299.97
7076	299.97
7077	299.95001
7078	299.98999
7079	299.97
7080	300.01001
7081	300.04999
7082	300.03
7083	300.03
7084	300.10001
7085	300.03
7086	300.04999
7087	300.07999
7088	300.01001
7089	300.10001
7090	300.04999
7091	300.10001
7092	300.07999
7093	300.07999
7094	300.03
7095	300.04999
7096	300.16
7097	300.14001
7098	300.28
7099	300.42999
7100	300.48999
7101	300.48999
7102	300.45001
7103	300.39001
7104	300.41
7105	300.32999
7106	300.23999
7107	300.31
7108	300.32999
7109	300.28
7110	300.37
7111	300.35001
7112	300.32999
7113	300.47
7114	300.45001
7115	300.45001
7116	300.57999
7117	300.62
7118	300.66
7119	300.79001
7120	300.81
7121	300.85001
7122	300.85001
7123	300.87
7124	300.87
7125	300.92999
7126	300.97
7127	300.97
7128	300.97
7129	300.95001
7130	300.97
7131	301
7132	301
7133	300.92999
7134	300.95001
7135	300.87
7136	300.89001
7137	300.89001
7138	300.95001
7139	300.95001
7140	301.01999
7141	301.01999
7142	301.04001
7143	301.01999
7144	301
7145	301.04001
7146	301.06
7147	301.06
7148	301.04001
7149	301.01999
7150	300.92999
7151	300.97
7152	301.04001
7153	301.04001
7154	301.04001
7155	301.04001
7156	301.04001
7157	301.12
7158	301.29001
7159	301.39001
7160	301.39001
7161	301.39001
7162	301.35001
7163	301.37
7164	301.41
7165	301.5
7166	301.5
7167	301.42999
7168	301.5
7169	301.51999
7170	301.54001
7171	301.57999
7172	301.60001
7173	301.54001
7174	301.62
7175	301.64001
7176	301.64001
7177	301.60001
7178	301.56
7179	301.5
7180	301.54001
7181	301.51999
7182	301.56
7183	301.51999
7184	301.5
7185	301.48001
7186	301.48001
7187	301.39001
7188	301.32999
7189	301.41
7190	301.41
7191	301.5
7192	301.45999
7193	301.45999
7194	301.39001
7195	301.41
7196	301.37
7197	301.31
7198	301.31
7199	301.37
7200	301.41
7201	301.56
7202	301.45999
7203	301.51999
7204	301.51999
7205	301.51999
7206	301.54001
7207	301.5
7208	301.51999
7209	301.41
7210	301.35001
7211	301.35001
7212	301.39001
7213	301.32999
7214	301.35001
7215	301.29001
7216	301.31
7217	301.20001
7218	301.20001
7219	301.20001
7220	301.26999
7221	301.32999
7222	301.35001
7223	301.39001
7224	301.39001
7225	301.39001
7226	301.42999
7227	301.39001
7228	301.39001
7229	301.32999
7230	301.39001
7231	301.41
7232	301.41
7233	301.31
7234	301.29001
7235	301.17999
7236	301.20001
7237	301.14001
7238	301.12
7239	301.10001
7240	301.10001
7241	301.06
7242	301.12
7243	301.06
7244	301.07999
7245	301.14001
7246	301.14001
7247	301.29001
7248	301.29001
7249	301.32999
7250	301.32999
7251	301.32999
7252	301.42999
7253	301.48001
7254	301.57999
7255	301.56
7256	301.54001
7257	301.54001
7258	301.51999
7259	301.51999
7260	301.51999
7261	301.41
7262	301.45999
7263	301.51999
7264	301.51999
7265	301.57999
7266	301.69
7267	301.69
7268	301.75
7269	301.79001
7270	301.81
7271	301.79001
7272	301.62
7273	301.62
7274	301.62
7275	301.57999
7276	301.56
7277	301.54001
7278	301.5
7279	301.56
7280	301.54001
7281	301.42999
7282	301.42999
7283	301.45999
7284	301.41
7285	301.42999
7286	301.26999
7287	301
7288	300.64001
7289	300.64001
7290	299.97
7291	299.57001
7292	299.39001
7293	298.98999
7294	298.72
7295	298.44
7296	298.44
7297	297.98001
7298	297.89999
7299	297.82001
7300	297.78
7301	297.63
7302	297.78
7303	297.78
7304	297.89999
7305	298.01001
7306	298.09
7307	298.09
7308	298.13
7309	298.13
7310	298.10999
7311	298.17001
7312	298.17001
7313	298.29999
7314	298.39999
7315	298.42001
7316	298.53
7317	298.60999
7318	298.70001
7319	298.85999
7320	298.95001
7321	298.95001
7322	299.03
7323	298.98999
7324	298.97
7325	299.01001
7326	299.01001
7327	299.07001
7328	299.07001
7329	299.13
7330	299.22
7331	299.16
7332	299.23999
7333	299.26001
7334	299.28
7335	299.28
7336	299.41
7337	299.45001
7338	299.47
7339	299.54999
7340	299.66
7341	299.66
7342	299.72
7343	299.73999
7344	299.79999
7345	299.87
7346	299.85001
7347	299.85001
7348	299.82001
7349	299.87
7350	299.91
7351	299.82001
7352	299.87
7353	299.76001
7354	299.73999
7355	299.73999
7356	299.78
7357	299.67999
7358	299.70001
7359	299.76001
7360	299.76001
7361	299.78
7362	299.82001
7363	299.89001
7364	299.87
7365	299.95001
7366	299.95001
7367	299.95001
7368	299.92999
7369	299.89001
7370	299.91
7371	299.82001
7372	299.82001
7373	299.85001
7374	299.85001
7375	299.85001
7376	299.91
7377	299.85001
7378	299.95001
7379	299.79999
7380	299.87
7381	299.79999
7382	299.85001
7383	299.89001
7384	299.87
7385	299.91
7386	299.78
7387	299.92999
7388	299.89001
7389	299.89001
7390	299.91
7391	299.92999
7392	299.97
7393	299.98999
7394	300.04999
7395	300.01001
7396	299.97
7397	300.04999
7398	300.01001
7399	300.01001
7400	299.98999
7401	299.91