1	275.9200134
2	275.9200134
3	276
4	275.980011
5	275.980011
6	275.980011
7	275.9400024
8	276
9	276
10	276
11	276.0299988
12	276.0700073
13	276
14	275.9599915
15	276
16	275.9200134
17	275.9200134
18	275.9200134
19	275.7999878
20	275.8800049
21	275.8800049
22	275.8800049
23	275.9400024
24	275.8800049
25	275.8800049
26	275.8800049
27	275.9400024
28	276.0299988
29	275.9400024
30	275.9400024
31	275.9200134
32	275.8999939
33	275.9400024
34	275.9400024
35	275.980011
36	276
37	276
38	275.9200134
39	275.8599854
40	275.9200134
41	275.9200134
42	275.730011
43	275.7099915
44	275.75
45	275.7999878
46	275.6700134
47	275.6300049
48	275.5700073
49	275.6300049
50	275.6499939
51	275.7099915
52	275.75
53	275.8200073
54	275.8399963
55	275.769989
56	275.7999878
57	275.7999878
58	275.8200073
59	275.9400024
60	275.980011
61	275.9400024
62	275.9599915
63	275.9599915
64	275.980011
65	276.0299988
66	276.0299988
67	275.8999939
68	275.8999939
69	275.8999939
70	275.8399963
71	275.8800049
72	275.8800049
73	275.8800049
74	275.8200073
75	275.769989
76	275.769989
77	275.7999878
78	275.8399963
79	275.8399963
80	275.8399963
81	275.769989
82	275.8800049
83	275.8599854
84	275.8399963
85	275.9599915
86	275.9400024
87	275.9200134
88	275.8800049
89	275.8399963
90	275.7999878
91	275.8200073
92	275.8200073
93	275.8999939
94	275.8599854
95	276.0499878
96	276.1900024
97	276.3200073
98	276.2999878
99	276.2999878
100	276.4200134
101	276.5100098
102	276.6300049
103	277.0100098
104	277.2999878
105	277.2999878
106	277.7399902
107	278.0799866
108	278.1799927
109	278.4299927
110	278.5599976
111	278.7000122
112	278.7000122
113	279.0400085
114	279.2000122
115	279.1799927
116	279.1400146
117	279.1799927
118	279.2000122
119	279.230011
120	279.3500061
121	279.2000122
122	279.1400146
123	279.1400146
124	279.1400146
125	279.1600037
126	279.269989
127	279.2900085
128	279.2000122
129	279.1799927
130	279.1000061
131	279.1600037
132	279.25
133	279.25
134	279.2000122
135	279.3099976
136	279.3500061
137	279.3500061
138	279.3900146
139	279.4599915
140	279.3900146
141	279.4599915
142	279.4100037
143	279.1600037
144	279.1600037
145	279.0799866
146	279.1199951
147	279.1000061
148	279.1400146
149	279.1600037
150	279.1600037
151	279.1600037
152	279.2900085
153	279.4599915
154	279.5
155	279.5400085
156	279.4599915
157	279.4599915
158	279.4100037
159	279.3299866
160	279.3500061
161	279.3299866
162	279.3099976
163	279.3900146
164	279.5
165	279.5
166	279.480011
167	279.5400085
168	279.480011
169	279.3500061
170	279.2900085
171	279.230011
172	279.1400146
173	279.0400085
174	279.1000061
175	279.2000122
176	279.2000122
177	279.4599915
178	279.3900146
179	279.519989
180	279.5599976
181	279.5
182	279.4100037
183	279.4100037
184	279.25
185	279.0599976
186	279.1199951
187	279.2000122
188	279.3500061
189	279.4599915
190	279.4299927
191	279.5400085
192	279.6600037
193	279.6600037
194	279.6900024
195	279.5799866
196	279.6600037
197	279.6600037
198	279.75
199	279.769989
200	279.6199951
201	279.3699951
202	279.3699951
203	279.269989
204	279.230011
205	279.1600037
206	279.1400146
207	279.2000122
208	279.2000122
209	279.1199951
210	279.3500061
211	279.3699951
212	279.3500061
213	279.3299866
214	279.1799927
215	279.1799927
216	279.1400146
217	279.019989
218	279.0599976
219	279.1600037
220	279.1199951
221	279.230011
222	279.230011
223	279.2000122
224	279.3299866
225	279.3699951
226	279.5599976
227	279.5799866
228	279.5400085
229	279.4599915
230	279.3699951
231	279.3699951
232	279.2900085
233	279.3099976
234	279.269989
235	279.25
236	279.1799927
237	279.3099976
238	279.2900085
239	279.3099976
240	279.2900085
241	279.3699951
242	279.3699951
243	279.2900085
244	279.230011
245	279.1600037
246	279.2900085
247	279.2900085
248	279.480011
249	279.5400085
250	279.519989
251	279.4599915
252	279.3299866
253	279.3099976
254	279.3099976
255	279.3699951
256	279.5599976
257	279.6199951
258	279.6199951
259	279.519989
260	279.5599976
261	279.5599976
262	279.5
263	279.6199951
264	279.730011
265	279.6400146
266	279.4100037
267	279.3299866
268	279.25
269	279
270	278.8699951
271	278.6799927
272	278.3500061
273	278.2200012
274	278.0499878
275	278.0100098
276	277.8699951
277	277.7200012
278	277.6400146
279	277.4299927
280	277.4299927
281	277.2999878
282	277.2799988
283	277.2399902
284	277.1499939
285	277.0100098
286	277.0100098
287	276.7999878
288	276.5899963
289	276.4599915
290	276.2799988
291	275.8200073
292	275.4400024
293	275.4400024
294	274.6499939
295	274.1600037
296	274.1000061
297	273.6600037
298	273.3699951
299	273.2200012
300	273.1400146
301	272.9899902
302	272.9899902
303	273.0799866
304	273.1199951
305	273.1199951
306	273.1000061
307	273.1799927
308	273.2900085
309	273.4100037
310	273.5400085
311	273.730011
312	273.730011
313	273.980011
314	274.0799866
315	274.230011
316	274.1900024
317	274.4400024
318	274.4400024
319	274.519989
320	274.6000061
321	274.6900024
322	274.8299866
323	274.8299866
324	274.8999939
325	274.8999939
326	274.9599915
327	275
328	274.8800049
329	275.019989
330	275
331	275.0799866
332	275.0799866
333	275.1300049
334	275.269989
335	275.25
336	275.3099976
337	275.4400024
338	275.3800049
339	275.4599915
340	275.3999939
341	275.4200134
342	275.3800049
343	275.480011
344	275.4599915
345	275.4599915
346	275.519989
347	275.5400085
348	275.5
349	275.5400085
350	275.5899963
351	275.5899963
352	275.5400085
353	275.5899963
354	275.519989
355	275.6499939
356	275.5700073
357	275.5700073
358	275.480011
359	275.519989
360	275.5700073
361	275.6499939
362	275.6300049
363	275.6099854
364	275.6099854
365	275.769989
366	275.75
367	275.769989
368	275.6700134
369	275.6900024
370	275.6700134
371	275.6499939
372	275.6099854
373	275.6300049
374	275.6300049
375	275.6300049
376	275.6499939
377	275.6700134
378	275.6099854
379	275.5700073
380	275.6300049
381	275.6300049
382	275.6300049
383	275.6700134
384	275.6900024
385	275.6700134
386	275.6499939
387	275.5899963
388	275.519989
389	275.519989
390	275.480011
391	275.4400024
392	275.5700073
393	275.6300049
394	275.6499939
395	275.6300049
396	275.6300049
397	275.6099854
398	275.6099854
399	275.6499939
400	275.730011
401	275.6900024
402	275.7999878
403	275.7999878
404	275.8399963
405	275.730011
406	275.7099915
407	275.6900024
408	275.769989
409	275.7999878
410	275.7999878
411	275.8999939
412	275.8800049
413	275.8800049
414	275.8200073
415	275.7999878
416	275.769989
417	275.7099915
418	275.7099915
419	275.7099915
420	275.75
421	275.7999878
422	275.8399963
423	275.8599854
424	275.8200073
425	275.8399963
426	275.8200073
427	275.8200073
428	275.8200073
429	275.8800049
430	275.8599854
431	275.8399963
432	275.980011
433	275.980011
434	275.980011
435	275.980011
436	276.1099854
437	275.980011
438	276
439	275.8800049
440	275.980011
441	275.980011
442	276.0299988
443	276.0299988
444	276
445	276.0299988
446	276
447	275.8800049
448	275.9599915
449	276.0299988
450	276
451	276.0899963
452	276.0899963
453	276.0299988
454	275.9400024
455	276.0299988
456	275.9599915
457	275.8999939
458	275.7999878
459	275.8399963
460	275.9599915
461	275.9599915
462	275.9400024
463	275.8999939
464	275.8399963
465	275.8800049
466	275.8999939
467	275.8999939
468	275.8200073
469	275.75
470	275.8800049
471	275.8599854
472	275.8599854
473	275.8399963
474	275.8399963
475	275.8399963
476	276.1499939
477	276.2600098
478	275.75
479	275.4400024
480	275.519989
481	275.6099854
482	275.9599915
483	276.0299988
484	276.1700134
485	276.2099915
486	276.3599854
487	276.3800049
488	276.4200134
489	276.3599854
490	276.4599915
491	276.3800049
492	276.3399963
493	276.3599854
494	276.3800049
495	276.4200134
496	276.3399963
497	276.3599854
498	276.3399963
499	276.3399963
500	276.230011
501	276.1900024
502	276.2600098
503	276.3200073
504	276.2999878
505	276.3399963
506	276.3399963
507	276.3599854
508	276.3800049
509	276.4400024
510	276.3599854
511	276.230011
512	276.2099915
513	276.2099915
514	276.2600098
515	276.2799988
516	276.2799988
517	276.4400024
518	276.4200134
519	276.3999939
520	276.3599854
521	276.4599915
522	276.4599915
523	276.4200134
524	276.3800049
525	276.3399963
526	276.2600098
527	276.2999878
528	276.2099915
529	276.2600098
530	276.2799988
531	276.3599854
532	276.3800049
533	276.4200134
534	276.4200134
535	276.5100098
536	276.4899902
537	276.4400024
538	276.4400024
539	276.4200134
540	276.3800049
541	276.3399963
542	276.3399963
543	276.2999878
544	276.2799988
545	276.2799988
546	276.3399963
547	276.2799988
548	276.230011
549	276.2099915
550	276.1700134
551	276.1900024
552	276.1499939
553	276.1700134
554	276.2099915
555	276.230011
556	276.2099915
557	276.1300049
558	276.1499939
559	276.1099854
560	276.1499939
561	276.230011
562	276.0499878
563	276.0700073
564	276.0899963
565	276.0700073
566	276.1099854
567	276.1099854
568	276.0700073
569	276.0700073
570	276.0700073
571	276.1499939
572	276.0700073
573	276.1300049
574	276.3599854
575	276.7600098
576	277.0100098
577	277.0100098
578	277.4700012
579	277.5499878
580	277.6799927
581	277.9299927
582	278.0100098
583	278.1799927
584	278.1799927
585	278.3299866
586	278.4700012
587	278.4899902
588	278.5100098
589	278.5799866
590	278.5799866
591	278.5799866
592	278.6199951
593	278.6199951
594	278.6600037
595	278.5100098
596	278.5400085
597	278.4899902
598	278.5100098
599	278.4700012
600	278.3500061
601	278.4100037
602	278.4700012
603	278.4700012
604	278.5400085
605	278.5799866
606	278.7000122
607	278.7000122
608	278.7000122
609	278.7000122
610	278.9299927
611	279.0599976
612	279.0799866
613	279
614	278.9700012
615	278.8900146
616	278.8900146
617	278.7399902
618	278.8299866
619	278.8500061
620	278.9500122
621	278.8500061
622	278.7900085
623	278.8500061
624	278.7399902
625	278.8500061
626	278.8699951
627	278.8299866
628	278.9299927
629	278.8900146
630	278.9700012
631	278.9100037
632	278.9100037
633	278.9299927
634	278.9299927
635	278.9700012
636	278.9700012
637	279.0599976
638	279.019989
639	279
640	278.9700012
641	278.9700012
642	278.9500122
643	279.1799927
644	279.3299866
645	279.4599915
646	279.3699951
647	279.2900085
648	279.2900085
649	279.0799866
650	279.019989
651	278.9299927
652	278.769989
653	278.8699951
654	278.769989
655	278.769989
656	278.7900085
657	278.8699951
658	278.8299866
659	278.9299927
660	279.0400085
661	279.019989
662	279.1400146
663	279.1799927
664	279.2000122
665	279.1199951
666	278.9700012
667	278.8500061
668	278.9100037
669	278.9100037
670	278.9700012
671	278.9299927
672	279
673	278.9500122
674	278.9100037
675	278.8699951
676	278.9100037
677	279.0599976
678	279.0599976
679	279.019989
680	279.019989
681	278.9700012
682	278.9700012
683	279.019989
684	278.9299927
685	278.8099976
686	278.7000122
687	278.7000122
688	278.7900085
689	278.8699951
690	278.8900146
691	278.9700012
692	279.1199951
693	279.25
694	279.3099976
695	279.5799866
696	279.6199951
697	279.6000061
698	279.6199951
699	279.6199951
700	279.6400146
701	279.6400146
702	279.7900085
703	279.75
704	279.6600037
705	279.6000061
706	279.6400146
707	279.75
708	279.7099915
709	279.6600037
710	279.7099915
711	279.730011
712	279.730011
713	279.8900146
714	279.9400024
715	279.8299866
716	279.75
717	279.6900024
718	279.519989
719	279.519989
720	279.3699951
721	279.3500061
722	279.5
723	279.5799866
724	279.6900024
725	279.6900024
726	279.6900024
727	279.5400085
728	279.5
729	279.4299927
730	279.3900146
731	279.480011
732	279.519989
733	279.5400085
734	279.5599976
735	279.6000061
736	279.5799866
737	279.5
738	279.5599976
739	279.480011
740	279.3500061
741	278.9500122
742	278.8900146
743	278.6400146
744	278.5100098
745	278.4500122
746	278.3900146
747	278.3099976
748	278.3699951
749	278.2799988
750	278.2399902
751	278.2399902
752	278.1799927
753	278.1199951
754	278.0799866
755	277.9899902
756	277.8200073
757	277.7799988
758	277.7799988
759	277.4899902
760	277.2000122
761	277.0100098
762	276.7200012
763	276.1700134
764	275.6900024
765	275.6900024
766	274.9599915
767	274.3699951
768	274.2900085
769	273.9599915
770	273.6000061
771	273.5400085
772	273.4100037
773	273.2000122
774	273.0799866
775	272.9899902
776	273.0400085
777	272.9500122
778	273.0599976
779	273.0799866
780	273.0799866
781	273.2900085
782	273.3699951
783	273.6199951
784	273.6600037
785	273.8699951
786	274.0799866
787	274.3099976
788	274.4400024
789	274.5599976
790	274.5599976
791	274.7099915
792	274.7099915
793	274.6900024
794	274.8099976
795	274.8999939
796	274.980011
797	274.980011
798	275.0400085
799	275.1499939
800	275.1499939
801	275.3099976
802	275.3099976
803	275.3399963
804	275.3099976
805	275.480011
806	275.5400085
807	275.5899963
808	275.6300049
809	275.5
810	275.6499939
811	275.5899963
812	275.6900024
813	275.5899963
814	275.6300049
815	275.6900024
816	275.7099915
817	275.6300049
818	275.730011
819	275.6099854
820	275.519989
821	275.5400085
822	275.5400085
823	275.6099854
824	275.6700134
825	275.6900024
826	275.75
827	275.75
828	275.8999939
829	275.8999939
830	275.8999939
831	275.8599854
832	275.8399963
833	275.7999878
834	275.7999878
835	275.75
836	275.75
837	275.75
838	275.730011
839	275.769989
840	275.8200073
841	275.9400024
842	275.9599915
843	275.9599915
844	275.9200134
845	276
846	275.9200134
847	275.9599915
848	275.980011
849	275.9200134
850	275.8999939
851	275.8399963
852	275.8999939
853	275.8399963
854	275.8800049
855	276
856	275.9200134
857	275.9599915
858	275.8999939
859	275.9599915
860	275.980011
861	275.980011
862	276.0899963
863	276.1300049
864	276.0700073
865	276.0299988
866	275.9200134
867	275.9400024
868	275.9400024
869	275.9599915
870	275.9400024
871	275.8999939
872	275.8999939
873	275.9599915
874	276
875	276
876	276.0899963
877	276.0700073
878	276.0899963
879	276.0299988
880	276.0499878
881	276.1099854
882	276.0899963
883	276.1499939
884	276.1700134
885	276.1700134
886	276.0499878
887	276.0299988
888	275.980011
889	275.9599915
890	275.9200134
891	275.8399963
892	275.8999939
893	275.8999939
894	275.7999878
895	275.9400024
896	275.8599854
897	275.8800049
898	275.7999878
899	275.769989
900	275.769989
901	275.7099915
902	275.769989
903	275.8399963
904	275.8599854
905	275.9400024
906	275.9400024
907	275.9400024
908	275.980011
909	275.9599915
910	275.980011
911	276.0299988
912	275.9599915
913	275.9400024
914	275.9200134
915	275.9200134
916	275.8800049
917	275.9200134
918	275.7999878
919	275.7999878
920	275.8599854
921	275.8800049
922	275.8599854
923	275.8399963
924	275.980011
925	276
926	275.8999939
927	276.0299988
928	276
929	275.9599915
930	275.8999939
931	275.8999939
932	275.8999939
933	275.8800049
934	275.9400024
935	275.980011
936	276.0499878
937	275.9400024
938	276
939	276
940	276
941	275.9200134
942	275.8800049
943	275.9599915
944	276
945	276.0299988
946	276.0700073
947	276.0499878
948	276.0700073
949	276.0299988
950	275.980011
951	276.0499878
952	276.0299988
953	276.0499878
954	276.0499878
955	276.0299988
956	275.980011
957	276.0499878
958	276.0299988
959	275.9400024
960	276.0899963
961	275.980011
962	275.8999939
963	275.8800049
964	275.8800049
965	275.8800049
966	275.8599854
967	275.7999878
968	275.7999878
969	275.9200134
970	275.9400024
971	275.9400024
972	275.9599915
973	275.980011
974	276.1099854
975	276.1700134
976	276.1700134
977	276.1099854
978	276.1099854
979	276
980	275.9400024
981	276
982	276.0899963
983	276.1099854
984	276.1700134
985	276.1099854
986	275.8999939
987	275.9200134
988	276
989	276.0499878
990	276.0700073
991	276.0499878
992	276.1099854
993	276.0499878
994	276.1099854
995	276.0899963
996	276.1300049
997	276.0499878
998	276.0499878
999	276.0299988
1000	275.9599915
1001	275.9400024
1002	275.9200134
1003	275.9200134
1004	275.8200073
1005	275.8599854
1006	275.8399963
1007	275.769989
1008	275.730011
1009	275.8200073
1010	275.8200073
1011	275.8999939
1012	275.8800049
1013	275.8999939
1014	275.9400024
1015	276.0299988
1016	276
1017	276.1300049
1018	276.1700134
1019	276.1300049
1020	276.1099854
1021	276.0899963
1022	276.0899963
1023	276.1099854
1024	276.1300049
1025	276.2099915
1026	276.2099915
1027	276.230011
1028	276.2600098
1029	276.230011
1030	276.1499939
1031	276.2099915
1032	276.1499939
1033	276.230011
1034	276.230011
1035	276.1099854
1036	276.1099854
1037	276.1099854
1038	276.1499939
1039	276.0499878
1040	276.0899963
1041	276.1900024
1042	276.1900024
1043	276.2600098
1044	276.2099915
1045	276.1300049
1046	276.1099854
1047	276.3399963
1048	276.5899963
1049	276.5899963
1050	277.1499939
1051	277.7600098
1052	278.0100098
1053	278.3500061
1054	278.5400085
1055	278.6199951
1056	278.6000061
1057	278.8500061
1058	278.9500122
1059	279.0799866
1060	279.0599976
1061	278.9700012
1062	279.019989
1063	278.9100037
1064	279
1065	279.1000061
1066	279.2900085
1067	279.3099976
1068	279.3500061
1069	279.2900085
1070	279.230011
1071	279.0799866
1072	279.019989
1073	279.019989
1074	279.019989
1075	279.019989
1076	279.1199951
1077	279.2000122
1078	279.480011
1079	279.6000061
1080	279.5599976
1081	279.5599976
1082	279.480011
1083	279.4599915
1084	279.4299927
1085	279.5
1086	279.5
1087	279.480011
1088	279.480011
1089	279.4100037
1090	279.2900085
1091	279.269989
1092	279.1799927
1093	279.0799866
1094	279
1095	278.9100037
1096	278.8299866
1097	278.7900085
1098	278.8299866
1099	278.9100037
1100	278.8500061
1101	278.9500122
1102	278.9500122
1103	279
1104	278.9700012
1105	279.0400085
1106	279.0799866
1107	279.1400146
1108	279.25
1109	279.269989
1110	279.3500061
1111	279.3299866
1112	279.3699951
1113	279.3699951
1114	279.4599915
1115	279.4299927
1116	279.5
1117	279.3099976
1118	279.230011
1119	279.1600037
1120	279.1600037
1121	279.3699951
1122	279.5599976
1123	279.5400085
1124	279.6000061
1125	279.6400146
1126	279.6600037
1127	279.7900085
1128	280
1129	280.0400085
1130	280.0799866
1131	279.980011
1132	279.7900085
1133	279.7099915
1134	279.6400146
1135	279.7099915
1136	279.75
1137	279.730011
1138	279.6600037
1139	279.5799866
1140	279.5
1141	279.480011
1142	279.3500061
1143	279.4100037
1144	279.4299927
1145	279.4299927
1146	279.480011
1147	279.4599915
1148	279.4299927
1149	279.4299927
1150	279.3699951
1151	279.25
1152	279.25
1153	279.3099976
1154	279.4100037
1155	279.4599915
1156	279.6000061
1157	279.7099915
1158	279.7099915
1159	279.7099915
1160	279.6000061
1161	279.5799866
1162	279.5400085
1163	279.4599915
1164	279.4299927
1165	279.5
1166	279.5799866
1167	279.5799866
1168	279.6000061
1169	279.5
1170	279.3900146
1171	279.3900146
1172	279.2900085
1173	279.230011
1174	279.0400085
1175	279.0400085
1176	278.8900146
1177	279
1178	279.019989
1179	279.2900085
1180	279.4299927
1181	279.4599915
1182	279.5
1183	279.480011
1184	279.480011
1185	279.5
1186	279.5799866
1187	279.5799866
1188	279.6400146
1189	279.6900024
1190	279.6199951
1191	279.6199951
1192	279.5
1193	279.4299927
1194	279.4299927
1195	279.3699951
1196	279.2900085
1197	279.2900085
1198	279.230011
1199	279.3900146
1200	279.4299927
1201	279.4599915
1202	279.4599915
1203	279.3900146
1204	279.3900146
1205	279.3699951
1206	279.3299866
1207	279.3299866
1208	279.230011
1209	279.1600037
1210	279.2900085
1211	279.4599915
1212	279.5599976
1213	279.480011
1214	279.2900085
1215	279.0799866
1216	279.0799866
1217	278.9100037
1218	278.6799927
1219	278.4899902
1220	278.2200012
1221	277.9700012
1222	277.7999878
1223	277.7999878
1224	277.6199951
1225	277.5299988
1226	277.4899902
1227	277.4100037
1228	277.2799988
1229	277.2200012
1230	277.2200012
1231	277.0100098
1232	276.9500122
1233	276.9700012
1234	276.7600098
1235	276.5100098
1236	276.3999939
1237	276.1900024
1238	275.480011
1239	275.2900085
1240	274.8099976
1241	274.2900085
1242	274.1199951
1243	273.6799927
1244	273.4700012
1245	273.1000061
1246	272.9899902
1247	272.8500061
1248	272.8699951
1249	272.9899902
1250	272.9500122
1251	272.9299927
1252	273.0100098
1253	273.1000061
1254	273.2399902
1255	273.2399902
1256	273.3299866
1257	273.3500061
1258	273.4700012
1259	273.6400146
1260	273.6600037
1261	273.7900085
1262	273.7900085
1263	274.019989
1264	274.25
1265	274.269989
1266	274.3699951
1267	274.5
1268	274.519989
1269	274.6199951
1270	274.6900024
1271	274.8099976
1272	274.7900085
1273	274.9200134
1274	274.8999939
1275	274.8800049
1276	274.8800049
1277	274.8999939
1278	274.9200134
1279	274.9200134
1280	275
1281	274.980011
1282	274.9599915
1283	274.980011
1284	275.0599976
1285	274.9599915
1286	275.019989
1287	274.9400024
1288	274.9599915
1289	274.9599915
1290	275
1291	275.019989
1292	275.1099854
1293	275.1099854
1294	275.1099854
1295	275.1499939
1296	275.25
1297	275.25
1298	275.3599854
1299	275.3399963
1300	275.3999939
1301	275.3999939
1302	275.3099976
1303	275.2099915
1304	275.269989
1305	275.2099915
1306	275.25
1307	275.3099976
1308	275.3099976
1309	275.480011
1310	275.4599915
1311	275.5400085
1312	275.5700073
1313	275.4599915
1314	275.5
1315	275.519989
1316	275.5
1317	275.5
1318	275.519989
1319	275.5400085
1320	275.5700073
1321	275.5899963
1322	275.6099854
1323	275.6099854
1324	275.5400085
1325	275.5700073
1326	275.5700073
1327	275.519989
1328	275.519989
1329	275.5
1330	275.5899963
1331	275.6499939
1332	275.5899963
1333	275.5899963
1334	275.6099854
1335	275.6700134
1336	275.6300049
1337	275.5899963
1338	275.5899963
1339	275.519989
1340	275.5
1341	275.5
1342	275.5700073
1343	275.5700073
1344	275.5899963
1345	275.7099915
1346	275.8599854
1347	275.9200134
1348	275.5400085
1349	275.3800049
1350	275.2900085
1351	275.230011
1352	275.25
1353	275.4200134
1354	275.5
1355	275.6900024
1356	275.75
1357	275.9200134
1358	275.9599915
1359	275.9400024
1360	275.8599854
1361	275.8800049
1362	275.8999939
1363	275.9200134
1364	275.9599915
1365	275.9599915
1366	275.9200134
1367	275.9400024
1368	275.9599915
1369	275.980011
1370	275.9400024
1371	276
1372	276
1373	276
1374	276
1375	275.9200134
1376	275.8800049
1377	275.8999939
1378	275.9400024
1379	275.8999939
1380	275.8999939
1381	275.9400024
1382	275.8599854
1383	275.9400024
1384	275.9200134
1385	275.9200134
1386	275.980011
1387	275.8800049
1388	275.9200134
1389	275.9400024
1390	276
1391	275.9599915
1392	276
1393	276.0499878
1394	276
1395	276
1396	275.8399963
1397	275.8399963
1398	275.8200073
1399	275.8399963
1400	275.8800049
1401	275.8399963
1402	275.8599854
1403	275.8599854
1404	275.8599854
1405	275.769989
1406	275.75
1407	275.75
1408	275.730011
1409	275.75
1410	275.7999878
1411	275.7999878
1412	275.8999939
1413	275.769989
1414	275.8399963
1415	275.8999939
1416	275.9200134
1417	275.9599915
1418	276
1419	275.9599915
1420	275.9599915
1421	275.8800049
1422	275.9200134
1423	275.9200134
1424	275.8599854
1425	275.8800049
1426	275.8399963
1427	275.7999878
1428	275.8200073
1429	275.8999939
1430	275.9200134
1431	276.0299988
1432	276.0499878
1433	275.9200134
1434	275.9400024
1435	275.9599915
1436	275.9599915
1437	275.9599915
1438	275.9400024
1439	275.8999939
1440	275.8200073
1441	275.9400024
1442	275.8800049
1443	275.8800049
1444	275.8999939
1445	275.9400024
1446	275.9599915
1447	275.9599915
1448	275.9400024
1449	275.9599915
1450	275.9400024
1451	275.9200134
1452	275.9599915
1453	275.9400024
1454	276.0499878
1455	275.9599915
1456	276.0499878
1457	276.0700073
1458	276.0700073
1459	276
1460	275.9400024
1461	275.9599915
1462	275.980011
1463	276.0299988
1464	275.9599915
1465	275.980011
1466	275.7999878
1467	275.9400024
1468	275.9400024
1469	276
1470	275.980011
1471	275.9599915
1472	275.9400024
1473	275.980011
1474	275.8599854
1475	275.8599854
1476	275.9200134
1477	275.9200134
1478	275.9400024
1479	275.9599915
1480	275.9200134
1481	276
1482	276
1483	276.0700073
1484	275.980011
1485	276
1486	276
1487	275.8999939
1488	275.9599915
1489	275.8999939
1490	275.9400024
1491	275.980011
1492	275.9599915
1493	275.9200134
1494	275.9599915
1495	275.9599915
1496	275.980011
1497	275.9599915
1498	275.9599915
1499	275.980011
1500	276.0499878
1501	276.0299988
1502	275.8599854
1503	275.9200134
1504	275.9200134
1505	276
1506	275.9599915
1507	275.9599915
1508	275.9599915
1509	275.8599854
1510	275.7999878
1511	275.8999939
1512	275.9599915
1513	275.9200134
1514	275.9200134
1515	276.1499939
1516	276.230011
1517	276.230011
1518	276.2099915
1519	276.2099915
1520	276.2999878
1521	276.3200073
1522	276.5499878
1523	276.8999939
1524	277.0899963
1525	277.5100098
1526	277.9500122
1527	278.1199951
1528	278.2200012
1529	278.4899902
1530	278.5599976
1531	278.7000122
1532	278.8099976
1533	278.8099976
1534	279.0599976
1535	279.2000122
1536	279.3699951
1537	279.480011
1538	279.3500061
1539	279.1799927
1540	279.1799927
1541	279.0599976
1542	279.1199951
1543	279.0799866
1544	279.0400085
1545	279
1546	279
1547	279.019989
1548	279.1000061
1549	279.0599976
1550	279
1551	279.1799927
1552	279.2900085
1553	279.2900085
1554	279.1799927
1555	279.1000061
1556	279
1557	278.9100037
1558	278.9299927
1559	278.9100037
1560	278.9299927
1561	279.0599976
1562	279.0599976
1563	279.1400146
1564	279.0599976
1565	279.0799866
1566	279.1199951
1567	279.1400146
1568	279
1569	279.019989
1570	279.1600037
1571	279.269989
1572	279.25
1573	279.25
1574	279.25
1575	279.0799866
1576	278.9700012
1577	278.8900146
1578	278.8900146
1579	278.9700012
1580	279.230011
1581	279.2000122
1582	279.269989
1583	279.269989
1584	279.4100037
1585	279.4100037
1586	279.5599976
1587	279.6000061
1588	279.6199951
1589	279.6400146
1590	279.7099915
1591	279.730011
1592	279.730011
1593	279.75
1594	279.7900085
1595	279.7099915
1596	279.769989
1597	279.8099976
1598	279.9400024
1599	279.9200134
1600	279.9599915
1601	279.9200134
1602	279.9400024
1603	279.9599915
1604	279.8699951
1605	279.730011
1606	279.7099915
1607	279.8699951
1608	279.8900146
1609	279.9400024
1610	279.7900085
1611	279.75
1612	279.7099915
1613	279.730011
1614	279.75
1615	279.6000061
1616	279.6199951
1617	279.6199951
1618	279.8099976
1619	279.769989
1620	279.769989
1621	279.6900024
1622	279.6600037
1623	279.6000061
1624	279.6000061
1625	279.5
1626	279.4100037
1627	279.480011
1628	279.6000061
1629	279.5799866
1630	279.5799866
1631	279.5
1632	279.4599915
1633	279.4100037
1634	279.3699951
1635	279.3699951
1636	279.2900085
1637	279.25
1638	279.1799927
1639	279.25
1640	279.2900085
1641	279.2000122
1642	279.230011
1643	279.25
1644	279.25
1645	279.3299866
1646	279.230011
1647	279.3699951
1648	279.3900146
1649	279.3900146
1650	279.3500061
1651	279.269989
1652	279.2000122
1653	279.1799927
1654	279.25
1655	279.1799927
1656	279.1799927
1657	279.1000061
1658	279.1799927
1659	279.230011
1660	279.3099976
1661	279.4100037
1662	279.5
1663	279.5
1664	279.480011
1665	279.4100037
1666	279.3699951
1667	279.3900146
1668	279.5
1669	279.519989
1670	279.519989
1671	279.480011
1672	279.4599915
1673	279.3699951
1674	279.25
1675	279.1600037
1676	279.1400146
1677	279.1600037
1678	279.25
1679	279.269989
1680	279.3299866
1681	279.269989
1682	279.3299866
1683	279.3500061
1684	279.3099976
1685	279.269989
1686	279.1000061
1687	278.769989
1688	278.769989
1689	278.6799927
1690	278.7000122
1691	278.5100098
1692	278.2399902
1693	278.0299988
1694	277.7200012
1695	277.7200012
1696	277.6199951
1697	277.5700073
1698	277.5899963
1699	277.5700073
1700	277.4100037
1701	277.3900146
1702	277.3399963
1703	277.2399902
1704	277.2000122
1705	277.2000122
1706	276.9899902
1707	276.7999878
1708	276.7200012
1709	276.4899902
1710	276.0299988
1711	275.8399963
1712	275.4200134
1713	274.980011
1714	274.7900085
1715	274.3500061
1716	274.2099915
1717	273.769989
1718	273.519989
1719	273.3099976
1720	273.3099976
1721	273.0799866
1722	273.0799866
1723	273.0400085
1724	273.0400085
1725	273.1400146
1726	273.1799927
1727	273.1799927
1728	273.3500061
1729	273.4500122
1730	273.5599976
1731	273.6799927
1732	273.7900085
1733	273.8299866
1734	273.8299866
1735	273.9599915
1736	274.1000061
1737	274.230011
1738	274.25
1739	274.269989
1740	274.3099976
1741	274.3299866
1742	274.480011
1743	274.5599976
1744	274.5599976
1745	274.6499939
1746	274.6000061
1747	274.6000061
1748	274.6900024
1749	274.8099976
1750	274.730011
1751	274.8099976
1752	274.8500061
1753	274.8099976
1754	274.8999939
1755	274.8999939
1756	274.9200134
1757	274.980011
1758	274.980011
1759	274.980011
1760	274.980011
1761	274.8800049
1762	274.8800049
1763	274.8800049
1764	274.8500061
1765	274.9400024
1766	274.9400024
1767	274.8299866
1768	274.8500061
1769	274.8999939
1770	274.8500061
1771	274.9400024
1772	274.980011
1773	274.980011
1774	274.9599915
1775	275.0599976
1776	275.0599976
1777	275.0599976
1778	275.1300049
1779	275.0799866
1780	275.0799866
1781	275.2099915
1782	275.1700134
1783	275.2099915
1784	275.3599854
1785	275.1900024
1786	275.2099915
1787	275.25
1788	275.1700134
1789	275.0799866
1790	275.0799866
1791	275.1499939
1792	275.0599976
1793	275.1099854
1794	275.1099854
1795	275.1499939
1796	275.1900024
1797	275.1700134
1798	275.1700134
1799	275.1700134
1800	275.1499939
1801	275.1499939
1802	275.1700134
1803	275.1499939
1804	275.1900024
1805	275.1900024
1806	275.1700134
1807	275.1700134
1808	275.1099854
1809	275.0799866
1810	274.9400024
1811	274.980011
1812	274.9200134
1813	275
1814	275
1815	275.0599976
1816	275.1900024
1817	275.230011
1818	275.269989
1819	275.269989
1820	275.25
1821	275.230011
1822	275.230011
1823	275.230011
1824	275.2099915
1825	275.25
1826	275.2099915
1827	275.2900085
1828	275.3800049
1829	275.3999939
1830	275.3999939
1831	275.3099976
1832	275.25
1833	275.2900085
1834	275.1900024
1835	275.2900085
1836	275.2099915
1837	275.2099915
1838	275.2900085
1839	275.2900085
1840	275.2900085
1841	275.25
1842	275.2099915
1843	275.269989
1844	275.269989
1845	275.3399963
1846	275.3599854
1847	275.3599854
1848	275.2900085
1849	275.4200134
1850	275.3399963
1851	275.3399963
1852	275.3399963
1853	275.269989
1854	275.269989
1855	275.1700134
1856	275.230011
1857	275.269989
1858	275.25
1859	275.2099915
1860	275.269989
1861	275.230011
1862	275.3599854
1863	275.25
1864	275.3999939
1865	275.4599915
1866	275.4200134
1867	275.5
1868	275.480011
1869	275.480011
1870	275.480011
1871	275.3399963
1872	275.3399963
1873	275.3800049
1874	275.3399963
1875	275.3399963
1876	275.3399963
1877	275.3099976
1878	275.2900085
1879	275.3599854
1880	275.3599854
1881	275.269989
1882	275.3399963
1883	275.3599854
1884	275.6499939
1885	276.2099915
1886	276.6099854
1887	275.8800049
1888	275.5400085
1889	275.5400085
1890	275.6499939
1891	276.0499878
1892	276.1300049
1893	276.1700134
1894	276.2099915
1895	276.1300049
1896	276.0899963
1897	276.0700073
1898	275.980011
1899	275.980011
1900	276.0299988
1901	276.0299988
1902	276
1903	276
1904	275.9599915
1905	276
1906	275.980011
1907	276
1908	276
1909	275.980011
1910	275.9599915
1911	275.9599915
1912	275.9400024
1913	275.9400024
1914	275.980011
1915	275.980011
1916	275.8800049
1917	275.8999939
1918	275.8999939
1919	275.8800049
1920	275.8800049
1921	275.8800049
1922	275.9200134
1923	275.8200073
1924	275.8200073
1925	275.7999878
1926	275.8200073
1927	275.75
1928	275.769989
1929	275.6700134
1930	275.7099915
1931	275.7099915
1932	275.6700134
1933	275.75
1934	275.769989
1935	275.769989
1936	275.7999878
1937	275.75
1938	275.730011
1939	275.730011
1940	275.730011
1941	275.6900024
1942	275.7999878
1943	275.8399963
1944	275.8599854
1945	275.9200134
1946	275.7999878
1947	275.7999878
1948	275.8999939
1949	275.8999939
1950	275.8999939
1951	275.8800049
1952	275.8800049
1953	275.8999939
1954	275.8399963
1955	275.8399963
1956	275.7999878
1957	275.7999878
1958	275.75
1959	275.769989
1960	275.75
1961	275.730011
1962	275.8599854
1963	275.769989
1964	275.8399963
1965	275.8599854
1966	275.7999878
1967	275.8399963
1968	275.8399963
1969	275.8200073
1970	275.769989
1971	275.75
1972	275.75
1973	275.8200073
1974	275.769989
1975	275.8399963
1976	275.8200073
1977	275.8599854
1978	275.7999878
1979	275.7999878
1980	275.8399963
1981	275.8999939
1982	275.8999939
1983	275.8200073
1984	275.8399963
1985	275.8599854
1986	275.8599854
1987	275.8399963
1988	275.8999939
1989	276.0499878
1990	276.1300049
1991	276.1499939
1992	276.1900024
1993	276.1900024
1994	276.3999939
1995	276.5700073
1996	276.7399902
1997	277.0499878
1998	277.1300049
1999	277.4299927
2000	277.5499878
2001	277.7399902
2002	277.7799988
2003	278.1199951
2004	278.3099976
2005	278.3900146
2006	278.4700012
2007	278.5400085
2008	278.5400085
2009	278.6400146
2010	278.6799927
2011	278.6799927
2012	278.7900085
2013	278.8500061
2014	278.7900085
2015	278.7399902
2016	278.6799927
2017	278.6799927
2018	278.6799927
2019	278.769989
2020	278.9700012
2021	278.9700012
2022	279.019989
2023	279.0599976
2024	278.9500122
2025	279.019989
2026	278.8699951
2027	278.8900146
2028	278.8299866
2029	278.769989
2030	278.7200012
2031	278.7200012
2032	278.7200012
2033	278.7900085
2034	278.8699951
2035	279.1000061
2036	279.0799866
2037	279.1199951
2038	279.2000122
2039	279.1400146
2040	279.1600037
2041	279.2000122
2042	279.3500061
2043	279.4299927
2044	279.5400085
2045	279.6000061
2046	279.4599915
2047	279.3500061
2048	279.3299866
2049	279.230011
2050	279.230011
2051	279.269989
2052	279.269989
2053	279.2000122
2054	279.1199951
2055	279.25
2056	279.2000122
2057	279.2000122
2058	279.25
2059	279.25
2060	279.25
2061	279.230011
2062	279.230011
2063	279.25
2064	279.25
2065	279.3699951
2066	279.4100037
2067	279.3900146
2068	279.4599915
2069	279.3900146
2070	279.3299866
2071	279.4100037
2072	279.4599915
2073	279.3299866
2074	279.2900085
2075	279.230011
2076	279.269989
2077	279.3299866
2078	279.1400146
2079	279.269989
2080	279.25
2081	279.230011
2082	279.230011
2083	279.3299866
2084	279.3900146
2085	279.3900146
2086	279.269989
2087	279.230011
2088	279.1000061
2089	279.1000061
2090	279.25
2091	279.3299866
2092	279.3099976
2093	279.1799927
2094	279.0799866
2095	279.0599976
2096	279.0599976
2097	278.9100037
2098	278.9100037
2099	278.9500122
2100	279.0400085
2101	279.0799866
2102	279.0799866
2103	279
2104	278.8500061
2105	278.8299866
2106	278.9299927
2107	278.9100037
2108	279.0400085
2109	279.1400146
2110	279.2000122
2111	279.25
2112	279.3299866
2113	279.25
2114	279.1400146
2115	279.1199951
2116	279.019989
2117	278.9700012
2118	278.8500061
2119	278.9700012
2120	279.0400085
2121	279.0400085
2122	279.0599976
2123	279
2124	279.0400085
2125	279.1000061
2126	279.230011
2127	279.25
2128	279.25
2129	279.1799927
2130	279.269989
2131	279.3699951
2132	279.3900146
2133	279.3299866
2134	279.3099976
2135	279.25
2136	279.1799927
2137	279.2000122
2138	279.1199951
2139	279.0799866
2140	279.0599976
2141	279.0799866
2142	279.0599976
2143	279.1000061
2144	279.1600037
2145	279.1199951
2146	279.2000122
2147	279.1000061
2148	279.1600037
2149	279.1600037
2150	279.3299866
2151	279.3500061
2152	279.519989
2153	279.519989
2154	279.5799866
2155	279.5400085
2156	279.480011
2157	279.3900146
2158	279.1799927
2159	279.1000061
2160	279.1000061
2161	278.7200012
2162	278.6199951
2163	278.5100098
2164	278.4100037
2165	278.2000122
2166	277.9500122
2167	277.9500122
2168	277.7200012
2169	277.5700073
2170	277.5899963
2171	277.6400146
2172	277.4899902
2173	277.4299927
2174	277.4100037
2175	277.2799988
2176	277.2399902
2177	277.1099854
2178	276.9899902
2179	276.9500122
2180	276.8200073
2181	276.6900024
2182	276.2999878
2183	276.0899963
2184	275.730011
2185	275.269989
2186	275.0799866
2187	274.7099915
2188	274.480011
2189	274.0599976
2190	273.769989
2191	273.4100037
2192	273.4100037
2193	273.1000061
2194	272.9700012
2195	272.8900146
2196	272.8500061
2197	272.8699951
2198	272.9299927
2199	272.9299927
2200	273.0599976
2201	273.1600037
2202	273.1600037
2203	273.2399902
2204	273.3099976
2205	273.3500061
2206	273.4500122
2207	273.5599976
2208	273.6199951
2209	273.6799927
2210	273.7900085
2211	273.8900146
2212	273.9599915
2213	274.019989
2214	274.1400146
2215	274.1600037
2216	274.25
2217	274.3900146
2218	274.4200134
2219	274.4599915
2220	274.4599915
2221	274.519989
2222	274.480011
2223	274.5400085
2224	274.519989
2225	274.5799866
2226	274.6000061
2227	274.6199951
2228	274.5799866
2229	274.6499939
2230	274.6499939
2231	274.6499939
2232	274.8099976
2233	274.75
2234	274.730011
2235	274.769989
2236	274.8299866
2237	274.8500061
2238	274.8500061
2239	274.8299866
2240	274.9200134
2241	274.9200134
2242	274.9200134
2243	274.8299866
2244	274.8800049
2245	274.8299866
2246	274.9400024
2247	274.9599915
2248	274.9400024
2249	275.0400085
2250	275.1300049
2251	275.0599976
2252	275.0400085
2253	275.1300049
2254	275.1700134
2255	275.1499939
2256	275.1700134
2257	275.1700134
2258	275.1700134
2259	275.1700134
2260	275.1700134
2261	275.1900024
2262	275.2099915
2263	275.2099915
2264	275.1700134
2265	275.230011
2266	275.2900085
2267	275.230011
2268	275.1900024
2269	275.25
2270	275.25
2271	275.25
2272	275.3399963
2273	275.3099976
2274	275.269989
2275	275.3599854
2276	275.269989
2277	275.269989
2278	275.25
2279	275.230011
2280	275.269989
2281	275.25
2282	275.230011
2283	275.269989
2284	275.2900085
2285	275.2900085
2286	275.269989
2287	275.2900085
2288	275.3399963
2289	275.2900085
2290	275.269989
2291	275.2900085
2292	275.25
2293	275.269989
2294	275.1900024
2295	275.2099915
2296	275.25
2297	275.25
2298	275.25
2299	275.269989
2300	275.2099915
2301	275.25
2302	275.25
2303	275.25
2304	275.269989
2305	275.3599854
2306	275.3099976
2307	275.4400024
2308	275.4200134
2309	275.4200134
2310	275.3599854
2311	275.3599854
2312	275.3599854
2313	275.3800049
2314	275.3800049
2315	275.4200134
2316	275.3999939
2317	275.3999939
2318	275.4400024
2319	275.3800049
2320	275.3800049
2321	275.3999939
2322	275.3399963
2323	275.3999939
2324	275.3800049
2325	275.3599854
2326	275.4400024
2327	275.4200134
2328	275.4200134
2329	275.3599854
2330	275.3399963
2331	275.269989
2332	275.3399963
2333	275.269989
2334	275.269989
2335	275.3999939
2336	275.3599854
2337	275.4200134
2338	275.4200134
2339	275.4599915
2340	275.4599915
2341	275.4599915
2342	275.480011
2343	275.3999939
2344	275.4200134
2345	275.3800049
2346	275.3599854
2347	275.2900085
2348	275.2900085
2349	275.3399963
2350	275.2900085
2351	275.2900085
2352	275.3599854
2353	275.3399963
2354	275.3399963
2355	275.3599854
2356	275.3599854
2357	275.3599854
2358	275.3399963
2359	275.3599854
2360	275.3399963
2361	275.2900085
2362	275.3099976
2363	275.269989
2364	275.3399963
2365	275.3800049
2366	275.3399963
2367	275.3800049
2368	275.3800049
2369	275.3800049
2370	275.4200134
2371	275.4200134
2372	275.4200134
2373	275.4200134
2374	275.3999939
2375	275.4200134
2376	275.4400024
2377	275.3999939
2378	275.3999939
2379	275.3599854
2380	275.3599854
2381	275.3800049
2382	275.4200134
2383	275.3599854
2384	275.4200134
2385	275.3599854
2386	275.4400024
2387	275.3599854
2388	275.4599915
2389	275.4400024
2390	275.4200134
2391	275.4400024
2392	275.4200134
2393	275.4599915
2394	275.5
2395	275.480011
2396	275.519989
2397	275.5
2398	275.4400024
2399	275.3999939
2400	275.4599915
2401	275.4400024
2402	275.4400024
2403	275.4599915
2404	275.4599915
2405	275.4599915
2406	275.4200134
2407	275.5
2408	275.4599915
2409	275.3800049
2410	275.4400024
2411	275.480011
2412	275.480011
2413	275.4599915
2414	275.4400024
2415	275.480011
2416	275.3800049
2417	275.3999939
2418	275.4200134
2419	275.4200134
2420	275.4599915
2421	275.480011
2422	275.3999939
2423	275.4400024
2424	275.3999939
2425	275.4599915
2426	275.4400024
2427	275.480011
2428	275.4400024
2429	275.4400024
2430	275.4599915
2431	275.4200134
2432	275.4400024
2433	275.480011
2434	275.4599915
2435	275.519989
2436	275.5
2437	275.4200134
2438	275.4599915
2439	275.3999939
2440	275.4599915
2441	275.3999939
2442	275.4400024
2443	275.3999939
2444	275.3999939
2445	275.3800049
2446	275.4200134
2447	275.4599915
2448	275.4200134
2449	275.3999939
2450	275.3999939
2451	275.3999939
2452	275.3800049
2453	275.3999939
2454	275.3800049
2455	275.3599854
2456	275.269989
2457	275.3399963
2458	275.3599854
2459	275.3999939
2460	275.4200134
2461	275.4599915
2462	275.7099915
2463	275.75
2464	275.75
2465	275.8200073
2466	275.75
2467	275.8200073
2468	276.0700073
2469	276.3399963
2470	276.4200134
2471	276.7200012
2472	276.8599854
2473	277.2399902
2474	277.5499878
2475	277.8500061
2476	277.9500122
2477	277.9299927
2478	277.8699951
2479	277.9299927
2480	277.9500122
2481	277.9299927
2482	277.9700012
2483	277.9700012
2484	278.1400146
2485	278.2799988
2486	278.3500061
2487	278.4500122
2488	278.5599976
2489	278.5100098
2490	278.5100098
2491	278.5400085
2492	278.5100098
2493	278.6799927
2494	278.7200012
2495	278.8299866
2496	278.8699951
2497	278.7399902
2498	278.6799927
2499	278.5799866
2500	278.5100098
2501	278.4899902
2502	278.5599976
2503	278.6799927
2504	278.7200012
2505	278.8099976
2506	278.8099976
2507	278.769989
2508	278.6400146
2509	278.6400146
2510	278.5599976
2511	278.6000061
2512	278.6600037
2513	278.6400146
2514	278.6199951
2515	278.6199951
2516	278.7000122
2517	278.7200012
2518	278.8299866
2519	278.8900146
2520	278.8299866
2521	278.8299866
2522	278.8299866
2523	278.7200012
2524	278.7399902
2525	278.8099976
2526	278.7200012
2527	278.8900146
2528	278.9299927
2529	278.9700012
2530	279
2531	278.9100037
2532	278.9500122
2533	278.8500061
2534	278.8099976
2535	278.769989
2536	278.769989
2537	278.769989
2538	278.8099976
2539	278.7900085
2540	278.7000122
2541	278.6799927
2542	278.8099976
2543	278.8699951
2544	278.8900146
2545	279.019989
2546	278.8500061
2547	278.7399902
2548	278.6799927
2549	278.6400146
2550	278.6199951
2551	278.6199951
2552	278.6000061
2553	278.5100098
2554	278.5100098
2555	278.5799866
2556	278.5100098
2557	278.5100098
2558	278.4500122
2559	278.6000061
2560	278.5400085
2561	278.5400085
2562	278.6000061
2563	278.5599976
2564	278.5400085
2565	278.5100098
2566	278.4299927
2567	278.4899902
2568	278.5400085
2569	278.8299866
2570	278.9299927
2571	278.9500122
2572	278.9500122
2573	278.8099976
2574	278.7900085
2575	278.6199951
2576	278.6000061
2577	278.5599976
2578	278.6199951
2579	278.7000122
2580	278.7900085
2581	278.769989
2582	278.7900085
2583	278.7000122
2584	278.5599976
2585	278.5100098
2586	278.5100098
2587	278.7000122
2588	278.6799927
2589	278.769989
2590	278.7000122
2591	278.6799927
2592	278.769989
2593	278.769989
2594	278.9100037
2595	278.8699951
2596	278.7900085
2597	278.7000122
2598	278.6600037
2599	278.6000061
2600	278.6000061
2601	278.7000122
2602	278.8900146
2603	279
2604	278.9100037
2605	278.7900085
2606	278.769989
2607	278.7200012
2608	278.6600037
2609	278.6400146
2610	278.5400085
2611	278.5400085
2612	278.4100037
2613	278.4299927
2614	278.4299927
2615	278.5100098
2616	278.5799866
2617	278.6000061
2618	278.5599976
2619	278.6199951
2620	278.5799866
2621	278.5799866
2622	278.4899902
2623	278.4700012
2624	278.4500122
2625	278.4500122
2626	278.2600098
2627	278.3299866
2628	278.3299866
2629	278.4700012
2630	278.4500122
2631	278.5599976
2632	278.5599976
2633	278.4299927
2634	278.2399902
2635	278.2600098
2636	278.2399902
2637	278.1600037
2638	278.0499878
2639	277.8500061
2640	277.5700073
2641	277.4899902
2642	277.3200073
2643	277.2000122
2644	277.1799927
2645	277.0700073
2646	277.1099854
2647	276.9899902
2648	276.9200134
2649	276.9700012
2650	276.9200134
2651	276.9700012
2652	276.8200073
2653	276.8200073
2654	276.6900024
2655	276.3999939
2656	276.1099854
2657	276.1099854
2658	275.5
2659	275.0599976
2660	274.730011
2661	274.2099915
2662	273.730011
2663	273.3500061
2664	273.3500061
2665	272.8900146
2666	272.6600037
2667	272.5100098
2668	272.4500122
2669	272.4299927
2670	272.3699951
2671	272.3699951
2672	272.5299988
2673	272.5299988
2674	272.6000061
2675	272.6799927
2676	272.8099976
2677	272.7799988
2678	272.8500061
2679	273.0799866
2680	273.0799866
2681	273.2000122
2682	273.3099976
2683	273.269989
2684	273.4299927
2685	273.4500122
2686	273.6600037
2687	273.7000122
2688	273.8500061
2689	273.8900146
2690	273.9100037
2691	274.0400085
2692	274.1400146
2693	274.1900024
2694	274.2900085
2695	274.2900085
2696	274.2900085
2697	274.3500061
2698	274.519989
2699	274.4599915
2700	274.519989
2701	274.5400085
2702	274.6900024
2703	274.6900024
2704	274.7099915
2705	274.6700134
2706	274.6499939
2707	274.6199951
2708	274.6499939
2709	274.6900024
2710	274.7099915
2711	274.769989
2712	274.769989
2713	274.8299866
2714	274.7900085
2715	274.769989
2716	274.8099976
2717	274.8099976
2718	274.9200134
2719	274.8800049
2720	275.019989
2721	275.0400085
2722	275.1099854
2723	275.0599976
2724	275.0799866
2725	275.0400085
2726	275
2727	275
2728	275
2729	275
2730	275.0599976
2731	275.0400085
2732	275
2733	274.8999939
2734	274.980011
2735	274.980011
2736	274.9400024
2737	274.9599915
2738	275.019989
2739	275.0400085
2740	275.1300049
2741	275.1499939
2742	275.1499939
2743	275.1900024
2744	275.230011
2745	275.1499939
2746	275.1300049
2747	275.2099915
2748	275.25
2749	275.25
2750	275.2099915
2751	275.230011
2752	275.2900085
2753	275.2099915
2754	275.2900085
2755	275.2099915
2756	275.230011
2757	275.2099915
2758	275.1499939
2759	275.230011
2760	275.25
2761	275.269989
2762	275.2900085
2763	275.3599854
2764	275.3399963
2765	275.3999939
2766	275.3599854
2767	275.3599854
2768	275.2099915
2769	275.2099915
2770	275.3099976
2771	275.1900024
2772	275.25
2773	275.230011
2774	275.230011
2775	275.25
2776	275.230011
2777	275.269989
2778	275.1700134
2779	275.1900024
2780	275.1700134
2781	275.1900024
2782	275.1700134
2783	275.25
2784	275.269989
2785	275.269989
2786	275.269989
2787	275.2900085
2788	275.269989
2789	275.2900085
2790	275.3399963
2791	275.3099976
2792	275.3599854
2793	275.269989
2794	275.3399963
2795	275.3599854
2796	275.3800049
2797	275.4400024
2798	275.3999939
2799	275.3800049
2800	275.3999939
2801	275.4400024
2802	275.3999939
2803	275.4599915
2804	275.3999939
2805	275.4400024
2806	275.4400024
2807	275.5
2808	275.5899963
2809	275.519989
2810	275.5899963
2811	275.6499939
2812	275.7099915
2813	275.7099915
2814	275.5400085
2815	275.480011
2816	275.4400024
2817	275.3399963
2818	275.3999939
2819	275.480011
2820	275.519989
2821	275.5899963
2822	275.6300049
2823	275.6300049
2824	275.6099854
2825	275.6700134
2826	275.6499939
2827	275.6499939
2828	275.6499939
2829	275.6499939
2830	275.6499939
2831	275.7099915
2832	275.730011
2833	275.8800049
2834	275.8599854
2835	275.7999878
2836	275.7099915
2837	275.6099854
2838	275.6099854
2839	275.5700073
2840	275.519989
2841	275.519989
2842	275.5
2843	275.480011
2844	275.4200134
2845	275.4200134
2846	275.4599915
2847	275.5400085
2848	275.519989
2849	275.5700073
2850	275.6300049
2851	275.5700073
2852	275.5700073
2853	275.5400085
2854	275.5700073
2855	275.5899963
2856	275.6099854
2857	275.480011
2858	275.4599915
2859	275.3599854
2860	275.25
2861	275.25
2862	275.1900024
2863	275.1900024
2864	275.1099854
2865	275.1900024
2866	275.269989
2867	275.25
2868	275.3099976
2869	275.3399963
2870	275.2900085
2871	275.3399963
2872	275.3599854
2873	275.4400024
2874	275.3800049
2875	275.3999939
2876	275.519989
2877	275.519989
2878	275.6099854
2879	275.6700134
2880	275.6300049
2881	275.6099854
2882	275.519989
2883	275.519989
2884	275.519989
2885	275.4599915
2886	275.5700073
2887	275.5899963
2888	275.6499939
2889	275.5400085
2890	275.5899963
2891	275.5700073
2892	275.5
2893	275.4599915
2894	275.4400024
2895	275.4599915
2896	275.5400085
2897	275.5899963
2898	275.5899963
2899	275.5400085
2900	275.519989
2901	275.480011
2902	275.5899963
2903	275.6499939
2904	275.6900024
2905	275.7099915
2906	275.8200073
2907	275.7999878
2908	275.7999878
2909	275.7999878
2910	275.6700134
2911	275.75
2912	275.7099915
2913	275.6700134
2914	275.7099915
2915	275.6900024
2916	275.6900024
2917	275.6099854
2918	275.6300049
2919	275.6300049
2920	275.5700073
2921	275.5700073
2922	275.5400085
2923	275.5400085
2924	275.6300049
2925	275.7099915
2926	275.6900024
2927	275.730011
2928	275.6700134
2929	275.6300049
2930	275.6499939
2931	275.730011
2932	275.75
2933	275.6499939
2934	275.6300049
2935	275.6700134
2936	275.6300049
2937	275.5899963
2938	275.5
2939	275.5
2940	275.6099854
2941	275.7099915
2942	275.75
2943	276.1900024
2944	276.4899902
2945	276.9500122
2946	277.3200073
2947	277.5700073
2948	277.5700073
2949	277.9299927
2950	278.1799927
2951	278.2200012
2952	278.3699951
2953	278.3900146
2954	278.4500122
2955	278.4500122
2956	278.5599976
2957	278.6000061
2958	278.6400146
2959	278.6000061
2960	278.6600037
2961	278.7000122
2962	278.7399902
2963	278.8900146
2964	278.8699951
2965	278.8699951
2966	278.769989
2967	278.8099976
2968	278.8299866
2969	278.7399902
2970	278.7200012
2971	278.7200012
2972	278.7200012
2973	278.7900085
2974	278.7399902
2975	278.7900085
2976	278.7399902
2977	278.7900085
2978	278.7399902
2979	278.6600037
2980	278.6600037
2981	278.5799866
2982	278.6000061
2983	278.5400085
2984	278.4500122
2985	278.3099976
2986	278.3500061
2987	278.3500061
2988	278.4500122
2989	278.4500122
2990	278.4700012
2991	278.5100098
2992	278.5100098
2993	278.6600037
2994	278.6600037
2995	278.769989
2996	278.6799927
2997	278.6600037
2998	278.4899902
2999	278.4700012
3000	278.4500122
3001	278.5100098
3002	278.5799866
3003	278.5599976
3004	278.5599976
3005	278.5799866
3006	278.6000061
3007	278.5599976
3008	278.5100098
3009	278.4100037
3010	278.4500122
3011	278.4500122
3012	278.4899902
3013	278.5799866
3014	278.5799866
3015	278.6199951
3016	278.5599976
3017	278.5400085
3018	278.4700012
3019	278.4700012
3020	278.3699951
3021	278.4100037
3022	278.4700012
3023	278.4899902
3024	278.5599976
3025	278.6199951
3026	278.6199951
3027	278.5400085
3028	278.4899902
3029	278.4299927
3030	278.5599976
3031	278.6199951
3032	278.6799927
3033	278.6799927
3034	278.6799927
3035	278.7399902
3036	278.7000122
3037	278.6199951
3038	278.769989
3039	278.7000122
3040	278.7399902
3041	278.7000122
3042	278.5400085
3043	278.5100098
3044	278.4100037
3045	278.3900146
3046	278.4299927
3047	278.3299866
3048	278.4299927
3049	278.3900146
3050	278.4700012
3051	278.4700012
3052	278.3699951
3053	278.4700012
3054	278.4500122
3055	278.4500122
3056	278.4100037
3057	278.3299866
3058	278.3299866
3059	278.2399902
3060	278.2399902
3061	278.2799988
3062	278.3500061
3063	278.4100037
3064	278.4500122
3065	278.4500122
3066	278.3900146
3067	278.4299927
3068	278.4299927
3069	278.4299927
3070	278.4299927
3071	278.4100037
3072	278.4299927
3073	278.4899902
3074	278.4500122
3075	278.6000061
3076	278.4700012
3077	278.3699951
3078	278.3900146
3079	278.3299866
3080	278.2799988
3081	278.1600037
3082	278.1400146
3083	278.1199951
3084	278.1600037
3085	278.1400146
3086	278.1600037
3087	278.1799927
3088	278.1799927
3089	278.1199951
3090	278.1199951
3091	278.1799927
3092	278.1000061
3093	278.1799927
3094	278.2000122
3095	278.2200012
3096	278.2399902
3097	278.2399902
3098	278.3500061
3099	278.3699951
3100	278.3500061
3101	278.4100037
3102	278.4700012
3103	278.4299927
3104	278.4299927
3105	278.4500122
3106	278.2799988
3107	278.1600037
3108	278.0299988
3109	277.9500122
3110	277.9299927
3111	277.8699951
3112	277.5700073
3113	277.4700012
3114	277.3200073
3115	277.1300049
3116	277.0700073
3117	276.9200134
3118	276.8999939
3119	276.8200073
3120	276.8200073
3121	276.8200073
3122	276.8999939
3123	276.7999878
3124	276.7399902
3125	276.7600098
3126	276.5700073
3127	276.4599915
3128	276.2799988
3129	276.2799988
3130	275.8800049
3131	275.5400085
3132	275.3800049
3133	274.980011
3134	274.519989
3135	274.0599976
3136	274.0599976
3137	273.5599976
3138	273.269989
3139	273.2200012
3140	273.0400085
3141	272.9299927
3142	272.9100037
3143	272.7799988
3144	272.7600098
3145	272.7799988
3146	272.8500061
3147	272.9100037
3148	272.9500122
3149	273.0100098
3150	273.0400085
3151	273.1799927
3152	273.3699951
3153	273.4299927
3154	273.4700012
3155	273.519989
3156	273.5400085
3157	273.6199951
3158	273.6400146
3159	273.7900085
3160	273.8099976
3161	273.8099976
3162	273.9299927
3163	273.980011
3164	274.019989
3165	274
3166	274.1000061
3167	274.0799866
3168	274.0799866
3169	274.2099915
3170	274.230011
3171	274.2900085
3172	274.3500061
3173	274.3699951
3174	274.4599915
3175	274.4599915
3176	274.4400024
3177	274.480011
3178	274.4599915
3179	274.4200134
3180	274.3900146
3181	274.4599915
3182	274.3900146
3183	274.5799866
3184	274.6000061
3185	274.6499939
3186	274.6499939
3187	274.6000061
3188	274.6199951
3189	274.6000061
3190	274.6499939
3191	274.6700134
3192	274.6900024
3193	274.730011
3194	274.75
3195	274.6499939
3196	274.6700134
3197	274.6700134
3198	274.7900085
3199	274.7900085
3200	274.7900085
3201	274.8800049
3202	274.8800049
3203	274.8999939
3204	274.8800049
3205	274.8800049
3206	274.8500061
3207	274.8500061
3208	274.8500061
3209	274.8299866
3210	274.9599915
3211	274.980011
3212	275
3213	274.980011
3214	275
3215	274.8999939
3216	274.8800049
3217	274.8999939
3218	274.9200134
3219	274.9200134
3220	274.9200134
3221	274.9200134
3222	274.980011
3223	274.9400024
3224	274.9599915
3225	275.019989
3226	275.0799866
3227	275
3228	274.9400024
3229	274.9400024
3230	274.9599915
3231	275
3232	275
3233	274.9200134
3234	274.9400024
3235	275
3236	274.9599915
3237	275.0599976
3238	275.0599976
3239	275.0599976
3240	275.0799866
3241	275.019989
3242	275.0400085
3243	275.019989
3244	275.019989
3245	274.980011
3246	274.980011
3247	275
3248	274.9599915
3249	274.9200134
3250	274.9599915
3251	275.0599976
3252	274.980011
3253	275.0599976
3254	275.1300049
3255	275.0599976
3256	275.1300049
3257	275.0799866
3258	275.1099854
3259	275.1700134
3260	275.1700134
3261	275.1700134
3262	275.0799866
3263	275.0599976
3264	275.1099854
3265	275.019989
3266	275
3267	275.019989
3268	275.0599976
3269	275.0799866
3270	275.0599976
3271	275.0599976
3272	275.0400085
3273	275.0400085
3274	275.0799866
3275	275.1300049
3276	275.1700134
3277	275.1700134
3278	275.1700134
3279	275.269989
3280	275.25
3281	275.2900085
3282	275.269989
3283	275.3099976
3284	275.3399963
3285	275.25
3286	275.2900085
3287	275.2900085
3288	275.25
3289	275.1700134
3290	275.2099915
3291	275.1700134
3292	275.1499939
3293	275.1499939
3294	275.1900024
3295	275.0799866
3296	275.0599976
3297	275
3298	274.9599915
3299	275.019989
3300	275.019989
3301	275.0599976
3302	275.0799866
3303	275.0799866
3304	275.0799866
3305	275.0799866
3306	275.0799866
3307	275.0799866
3308	275.0599976
3309	275.1099854
3310	275.1099854
3311	275.2099915
3312	275.230011
3313	275.1700134
3314	275.230011
3315	275.25
3316	275.25
3317	275.25
3318	275.230011
3319	275.1499939
3320	275.1700134
3321	275.1700134
3322	275.1300049
3323	275.1099854
3324	275.1700134
3325	275.2099915
3326	275.1700134
3327	275.1900024
3328	275.1700134
3329	275.2099915
3330	275.1700134
3331	275.1900024
3332	275.1300049
3333	275.1499939
3334	275.0400085
3335	275.1900024
3336	275.1499939
3337	275.1499939
3338	275.1900024
3339	275.1300049
3340	275.1300049
3341	275.1300049
3342	275.1300049
3343	275.0599976
3344	275.1300049
3345	275.0799866
3346	275.1499939
3347	275.1300049
3348	275.1099854
3349	275.1099854
3350	275.2099915
3351	275.25
3352	275.230011
3353	275.2099915
3354	275.230011
3355	275.230011
3356	275.230011
3357	275.1900024
3358	275.1099854
3359	275.0799866
3360	275.1300049
3361	275.1300049
3362	275.1499939
3363	275.1499939
3364	275.1499939
3365	275.1099854
3366	275.1300049
3367	275.0599976
3368	275.1499939
3369	275.1900024
3370	275.1099854
3371	275.1300049
3372	275.0799866
3373	275.1099854
3374	275.1900024
3375	275.25
3376	275.2099915
3377	275.230011
3378	275.230011
3379	275.25
3380	275.25
3381	275.25
3382	275.1900024
3383	275.25
3384	275.2099915
3385	275.25
3386	275.2900085
3387	275.230011
3388	275.230011
3389	275.3399963
3390	275.3599854
3391	275.3599854
3392	275.2900085
3393	275.269989
3394	275.269989
3395	275.230011
3396	275.3099976
3397	275.3399963
3398	275.3099976
3399	275.3999939
3400	275.3999939
3401	275.3399963
3402	275.3599854
3403	275.2099915
3404	275.1900024
3405	275.2099915
3406	275.0799866
3407	275.1499939
3408	275.2099915
3409	275.230011
3410	275.4400024
3411	275.519989
3412	275.6099854
3413	275.6099854
3414	275.6300049
3415	275.8200073
3416	275.980011
3417	276.1099854
3418	276.3800049
3419	276.5100098
3420	276.5100098
3421	276.7999878
3422	277.0100098
3423	277.0899963
3424	277.4100037
3425	277.6600037
3426	277.8900146
3427	277.8900146
3428	278.0499878
3429	278.1799927
3430	278.2000122
3431	278.2000122
3432	278.1600037
3433	278.1600037
3434	278.1600037
3435	278.1600037
3436	278.2200012
3437	278.2399902
3438	278.2600098
3439	278.3099976
3440	278.2799988
3441	278.3099976
3442	278.2799988
3443	278.3500061
3444	278.3699951
3445	278.3500061
3446	278.3099976
3447	278.2799988
3448	278.3299866
3449	278.3299866
3450	278.2600098
3451	278.2000122
3452	278.2000122
3453	278.1600037
3454	277.9500122
3455	277.9299927
3456	277.9899902
3457	278.0499878
3458	278.1199951
3459	278.1199951
3460	278.1400146
3461	278.3299866
3462	278.3900146
3463	278.3900146
3464	278.4100037
3465	278.4899902
3466	278.3900146
3467	278.4899902
3468	278.6600037
3469	278.6600037
3470	278.5599976
3471	278.4899902
3472	278.4500122
3473	278.4100037
3474	278.2200012
3475	278.2799988
3476	278.3099976
3477	278.3299866
3478	278.2200012
3479	278.2399902
3480	278.2600098
3481	278.3099976
3482	278.4299927
3483	278.4899902
3484	278.4899902
3485	278.6000061
3486	278.6600037
3487	278.6000061
3488	278.6400146
3489	278.7200012
3490	278.8299866
3491	278.8299866
3492	278.6600037
3493	278.5100098
3494	278.6000061
3495	278.4500122
3496	278.4899902
3497	278.4899902
3498	278.4899902
3499	278.2600098
3500	278.1600037
3501	278.1799927
3502	278.1799927
3503	278.1799927
3504	278.1400146
3505	278.1400146
3506	278.2000122
3507	278.1400146
3508	278.1799927
3509	278.2600098
3510	278.2200012
3511	278.2600098
3512	278.2399902
3513	278.2399902
3514	278.2200012
3515	278.1600037
3516	278.2000122
3517	278.1400146
3518	278.0499878
3519	278.1400146
3520	278.1000061
3521	278.0799866
3522	278.1600037
3523	278.1600037
3524	278.3500061
3525	278.3099976
3526	278.3299866
3527	278.3299866
3528	278.3099976
3529	278.2399902
3530	278.2399902
3531	278.2000122
3532	278.1000061
3533	278.1400146
3534	278.0799866
3535	278.1199951
3536	278.1000061
3537	278.1000061
3538	278.1799927
3539	278.1000061
3540	278.1199951
3541	278.0499878
3542	278.0799866
3543	278.1799927
3544	278.2000122
3545	278.1199951
3546	278.1199951
3547	278.1199951
3548	278.2200012
3549	278.1600037
3550	278.2799988
3551	278.3900146
3552	278.5100098
3553	278.4299927
3554	278.4299927
3555	278.4299927
3556	278.5400085
3557	278.5100098
3558	278.5100098
3559	278.5100098
3560	278.4700012
3561	278.4100037
3562	278.4100037
3563	278.2399902
3564	278.2200012
3565	278.1400146
3566	278.2600098
3567	278.3099976
3568	278.3299866
3569	278.3299866
3570	278.3099976
3571	278.3299866
3572	278.3099976
3573	278.3299866
3574	278.3299866
3575	278.2600098
3576	278.2799988
3577	278.2399902
3578	278.2799988
3579	278.3500061
3580	278.2000122
3581	278.1000061
3582	277.9500122
3583	277.8699951
3584	277.7999878
3585	277.6400146
3586	277.4700012
3587	277.2000122
3588	277.1099854
3589	277.0700073
3590	277.0499878
3591	277.0100098
3592	277.0299988
3593	276.8999939
3594	276.8999939
3595	276.7399902
3596	276.7600098
3597	276.7600098
3598	276.6499939
3599	276.5499878
3600	276.5700073
3601	276.5700073
3602	276.2799988
3603	276.0899963
3604	275.9400024
3605	275.5899963
3606	275.25
3607	275.0599976
3608	274.7900085
3609	274.2099915
3610	273.8699951
3611	273.730011
3612	273.519989
3613	273.3299866
3614	273.2900085
3615	273.3299866
3616	273.2000122
3617	273.2399902
3618	273.3099976
3619	273.3500061
3620	273.2900085
3621	273.3699951
3622	273.3900146
3623	273.5
3624	273.6199951
3625	273.6600037
3626	273.8099976
3627	273.8699951
3628	273.9299927
3629	273.9299927
3630	274.0599976
3631	274.1000061
3632	274.1199951
3633	274.1199951
3634	274.2099915
3635	274.2900085
3636	274.2900085
3637	274.3699951
3638	274.4400024
3639	274.5
3640	274.5
3641	274.6000061
3642	274.6199951
3643	274.6900024
3644	274.6199951
3645	274.7099915
3646	274.7099915
3647	274.730011
3648	274.6900024
3649	274.7099915
3650	274.6900024
3651	274.7099915
3652	274.7099915
3653	274.769989
3654	274.6900024
3655	274.8099976
3656	274.8099976
3657	274.8999939
3658	274.8999939
3659	274.8800049
3660	274.9400024
3661	274.8999939
3662	274.9599915
3663	274.9400024
3664	274.9200134
3665	274.9200134
3666	274.980011
3667	274.980011
3668	275.0400085
3669	274.980011
3670	274.9400024
3671	274.980011
3672	274.980011
3673	274.9599915
3674	274.8999939
3675	274.9400024
3676	274.980011
3677	274.9599915
3678	275.0400085
3679	275.0400085
3680	275.1300049
3681	275.1499939
3682	275.1099854
3683	275.0799866
3684	275.0799866
3685	275.1300049
3686	275.0799866
3687	275.1099854
3688	275.019989
3689	275.0599976
3690	275.0400085
3691	275.0599976
3692	275.0599976
3693	275.0599976
3694	275.1099854
3695	275.1099854
3696	275.0799866
3697	275.1099854
3698	275.1300049
3699	275.1900024
3700	275.1900024
3701	275.2099915
3702	275.1900024
3703	275.1900024
3704	275.1900024
3705	275.1900024
3706	275.1499939
3707	275.1900024
3708	275.1900024
3709	275.1900024
3710	275.1900024
3711	275.1900024
3712	275.2900085
3713	275.3399963
3714	275.269989
3715	275.230011
3716	275.230011
3717	275.230011
3718	275.25
3719	275.1700134
3720	275.2099915
3721	275.1300049
3722	275.1700134
3723	275.1700134
3724	275.230011
3725	275.25
3726	275.3099976
3727	275.3399963
3728	275.3099976
3729	275.3099976
3730	275.3399963
3731	275.3800049
3732	275.3800049
3733	275.2900085
3734	275.3399963
3735	275.3599854
3736	275.3599854
3737	275.2900085
3738	275.2900085
3739	275.3099976
3740	275.3999939
3741	275.3800049
3742	275.3099976
3743	275.3099976
3744	275.2099915
3745	275.2099915
3746	275.230011
3747	275.1900024
3748	275.230011
3749	275.1499939
3750	275.1499939
3751	275.269989
3752	275.2900085
3753	275.3099976
3754	275.3099976
3755	275.3399963
3756	275.3599854
3757	275.3099976
3758	275.3800049
3759	275.269989
3760	275.3599854
3761	275.3399963
3762	275.3800049
3763	275.4200134
3764	275.3999939
3765	275.519989
3766	275.480011
3767	275.4200134
3768	275.4200134
3769	275.4599915
3770	275.4599915
3771	275.3599854
3772	275.3599854
3773	275.3599854
3774	275.4200134
3775	275.4200134
3776	275.3800049
3777	275.3099976
3778	275.3999939
3779	275.2900085
3780	275.230011
3781	275.3399963
3782	275.3399963
3783	275.3800049
3784	275.3099976
3785	275.3999939
3786	275.3399963
3787	275.3999939
3788	275.3599854
3789	275.3999939
3790	275.3999939
3791	275.3999939
3792	275.3999939
3793	275.3800049
3794	275.4400024
3795	275.4599915
3796	275.480011
3797	275.3599854
3798	275.4200134
3799	275.3399963
3800	275.3999939
3801	275.3800049
3802	275.3599854
3803	275.3999939
3804	275.3999939
3805	275.4200134
3806	275.480011
3807	275.480011
3808	275.4400024
3809	275.480011
3810	275.480011
3811	275.4599915
3812	275.480011
3813	275.5
3814	275.5
3815	275.4599915
3816	275.3800049
3817	275.4200134
3818	275.3800049
3819	275.3399963
3820	275.4400024
3821	275.4400024
3822	275.3599854
3823	275.4200134
3824	275.3999939
3825	275.4200134
3826	275.3800049
3827	275.4599915
3828	275.3999939
3829	275.480011
3830	275.4200134
3831	275.480011
3832	275.519989
3833	275.480011
3834	275.4400024
3835	275.4200134
3836	275.480011
3837	275.4200134
3838	275.480011
3839	275.4599915
3840	275.519989
3841	275.480011
3842	275.4400024
3843	275.480011
3844	275.480011
3845	275.4200134
3846	275.4200134
3847	275.4200134
3848	275.480011
3849	275.4200134
3850	275.4200134
3851	275.3800049
3852	275.3399963
3853	275.3399963
3854	275.3099976
3855	275.3800049
3856	275.3800049
3857	275.3800049
3858	275.4200134
3859	275.4200134
3860	275.3800049
3861	275.4599915
3862	275.480011
3863	275.5
3864	275.5400085
3865	275.5
3866	275.519989
3867	275.480011
3868	275.4200134
3869	275.3800049
3870	275.3999939
3871	275.3399963
3872	275.269989
3873	275.3399963
3874	275.3399963
3875	275.3599854
3876	275.3399963
3877	275.3599854
3878	275.3800049
3879	275.3599854
3880	275.3099976
3881	275.3599854
3882	275.4200134
3883	275.6499939
3884	275.6900024
3885	275.6900024
3886	275.7999878
3887	275.8800049
3888	275.9200134
3889	276.0700073
3890	276.2600098
3891	276.3800049
3892	276.3800049
3893	276.7999878
3894	276.9200134
3895	277.0100098
3896	277.3200073
3897	277.4899902
3898	277.5299988
3899	277.5700073
3900	277.7399902
3901	277.7600098
3902	277.7799988
3903	277.8699951
3904	277.8900146
3905	277.9700012
3906	278.0499878
3907	278.3099976
3908	278.4100037
3909	278.4899902
3910	278.3500061
3911	278.4100037
3912	278.3299866
3913	278.2799988
3914	278.1199951
3915	277.9899902
3916	277.9299927
3917	277.9299927
3918	278.1000061
3919	278.1400146
3920	278.1799927
3921	278.2600098
3922	278.2600098
3923	278.2399902
3924	278.2399902
3925	278.1199951
3926	278.1600037
3927	278.2600098
3928	278.3299866
3929	278.3500061
3930	278.3299866
3931	278.3299866
3932	278.2600098
3933	278.3099976
3934	278.3099976
3935	278.2399902
3936	278.2600098
3937	278.2600098
3938	278.2200012
3939	278.3500061
3940	278.3099976
3941	278.2399902
3942	278.2200012
3943	278.1199951
3944	278.0499878
3945	278.1199951
3946	278.1799927
3947	278.2600098
3948	278.2600098
3949	278.2200012
3950	278.1799927
3951	278.2200012
3952	278.1799927
3953	278.1600037
3954	278.1799927
3955	278.1600037
3956	278.1600037
3957	278.1799927
3958	278.2600098
3959	278.2600098
3960	278.3099976
3961	278.3900146
3962	278.3699951
3963	278.3699951
3964	278.3099976
3965	278.2799988
3966	278.3500061
3967	278.4299927
3968	278.4299927
3969	278.3500061
3970	278.3299866
3971	278.3699951
3972	278.3900146
3973	278.4100037
3974	278.3699951
3975	278.3500061
3976	278.3699951
3977	278.3099976
3978	278.2600098
3979	278.2399902
3980	278.2200012
3981	278.2200012
3982	278.1600037
3983	278.2000122
3984	278.1400146
3985	278.1000061
3986	278.1000061
3987	278.0799866
3988	278.0799866
3989	278.1799927
3990	278.3099976
3991	278.3500061
3992	278.2799988
3993	278.2000122
3994	278.2000122
3995	278.2000122
3996	278.2200012
3997	278.2200012
3998	278.2200012
3999	278.2000122
4000	278.2000122
4001	278.2200012
4002	278.2200012
4003	278.2600098
4004	278.2600098
4005	278.2799988
4006	278.2200012
4007	278.1199951
4008	278.1600037
4009	278.0499878
4010	277.9700012
4011	277.9899902
4012	277.9899902
4013	278.0499878
4014	278.0100098
4015	278.0299988
4016	278.0499878
4017	278.0799866
4018	278.1400146
4019	278.3299866
4020	278.5799866
4021	278.5799866
4022	278.6600037
4023	278.6400146
4024	278.7000122
4025	278.7000122
4026	278.7399902
4027	278.7399902
4028	278.6000061
4029	278.6199951
4030	278.5799866
4031	278.4899902
4032	278.5400085
4033	278.4700012
4034	278.4700012
4035	278.3299866
4036	278.3299866
4037	278.3099976
4038	278.1600037
4039	278.1600037
4040	278.2200012
4041	278.2600098
4042	278.3500061
4043	278.3699951
4044	278.3500061
4045	278.3099976
4046	278.2399902
4047	278.2200012
4048	278.1799927
4049	278.0799866
4050	278.0299988
4051	278.0499878
4052	278.1400146
4053	278.1199951
4054	277.9500122
4055	277.9100037
4056	277.7999878
4057	277.7999878
4058	277.5899963
4059	277.5899963
4060	277.2999878
4061	277.1799927
4062	277.0499878
4063	276.9899902
4064	276.8599854
4065	276.7600098
4066	276.7600098
4067	276.6900024
4068	276.7999878
4069	276.7799988
4070	276.8999939
4071	276.8599854
4072	276.7799988
4073	276.7799988
4074	276.4200134
4075	276.2600098
4076	276.1499939
4077	275.75
4078	275.3999939
4079	275.1499939
4080	275
4081	274.480011
4082	274.3500061
4083	274.0599976
4084	273.75
4085	273.5400085
4086	273.2900085
4087	273.2200012
4088	272.9899902
4089	272.9500122
4090	272.9100037
4091	272.9700012
4092	272.9299927
4093	273.0799866
4094	273.1799927
4095	273.2200012
4096	273.3299866
4097	273.4100037
4098	273.4100037
4099	273.6199951
4100	273.6400146
4101	273.6400146
4102	273.7000122
4103	273.8900146
4104	274.019989
4105	274.019989
4106	274.1000061
4107	274.2099915
4108	274.1900024
4109	274.3699951
4110	274.4200134
4111	274.4400024
4112	274.4400024
4113	274.4200134
4114	274.4200134
4115	274.3900146
4116	274.3900146
4117	274.3900146
4118	274.3900146
4119	274.480011
4120	274.5400085
4121	274.5400085
4122	274.5799866
4123	274.5599976
4124	274.5599976
4125	274.6199951
4126	274.6700134
4127	274.769989
4128	274.8099976
4129	274.8099976
4130	274.8299866
4131	274.8800049
4132	274.8999939
4133	274.8800049
4134	274.8999939
4135	274.9400024
4136	274.980011
4137	274.980011
4138	275.0599976
4139	275.0599976
4140	275.0599976
4141	275.0799866
4142	275.0799866
4143	275.0400085
4144	275.0400085
4145	275.1499939
4146	275.1300049
4147	275.1700134
4148	275.1499939
4149	275.1300049
4150	275.1300049
4151	275.1300049
4152	275.1499939
4153	275.1700134
4154	275.230011
4155	275.3599854
4156	275.3399963
4157	275.3399963
4158	275.3099976
4159	275.2099915
4160	275.3099976
4161	275.2099915
4162	275.1300049
4163	275.230011
4164	275.230011
4165	275.25
4166	275.2099915
4167	275.269989
4168	275.2099915
4169	275.2099915
4170	275.1499939
4171	275.1300049
4172	275.1900024
4173	275.1900024
4174	275.269989
4175	275.25
4176	275.25
4177	275.3399963
4178	275.3399963
4179	275.3399963
4180	275.3099976
4181	275.2900085
4182	275.230011
4183	275.230011
4184	275.25
4185	275.25
4186	275.2900085
4187	275.25
4188	275.3099976
4189	275.3599854
4190	275.2099915
4191	275.230011
4192	275.3399963
4193	275.230011
4194	275.2900085
4195	275.2900085
4196	275.3399963
4197	275.3099976
4198	275.3399963
4199	275.3599854
4200	275.3099976
4201	275.3099976
4202	275.3099976
4203	275.25
4204	275.2900085
4205	275.25
4206	275.2900085
4207	275.1700134
4208	275.1700134
4209	275.2099915
4210	275.1499939
4211	275.230011
4212	275.230011
4213	275.230011
4214	275.269989
4215	275.269989
4216	275.3800049
4217	275.230011
4218	275.3399963
4219	275.4200134
4220	275.3599854
4221	275.3800049
4222	275.3800049
4223	275.4200134
4224	275.480011
4225	275.4400024
4226	275.4200134
4227	275.3999939
4228	275.4400024
4229	275.3599854
4230	275.3099976
4231	275.3599854
4232	275.3399963
4233	275.25
4234	275.2900085
4235	275.25
4236	275.1700134
4237	275.25
4238	275.25
4239	275.25
4240	275.25
4241	275.3399963
4242	275.2900085
4243	275.3999939
4244	275.3399963
4245	275.3399963
4246	275.3599854
4247	275.3599854
4248	275.3999939
4249	275.4200134
4250	275.4400024
4251	275.4400024
4252	275.3599854
4253	275.4400024
4254	275.4400024
4255	275.4599915
4256	275.3800049
4257	275.3999939
4258	275.2900085
4259	275.3399963
4260	275.3399963
4261	275.3099976
4262	275.3599854
4263	275.3999939
4264	275.3399963
4265	275.3800049
4266	275.3999939
4267	275.2900085
4268	275.3399963
4269	275.3399963
4270	275.25
4271	275.3099976
4272	275.3599854
4273	275.3800049
4274	275.3599854
4275	275.4200134
4276	275.2900085
4277	275.3800049
4278	275.3800049
4279	275.3800049
4280	275.4200134
4281	275.3999939
4282	275.3999939
4283	275.4400024
4284	275.4200134
4285	275.4400024
4286	275.4400024
4287	275.4200134
4288	275.3999939
4289	275.4200134
4290	275.480011
4291	275.3800049
4292	275.3599854
4293	275.3399963
4294	275.3800049
4295	275.3599854
4296	275.3399963
4297	275.3999939
4298	275.4400024
4299	275.4400024
4300	275.480011
4301	275.5400085
4302	275.519989
4303	275.4400024
4304	275.4400024
4305	275.3800049
4306	275.4200134
4307	275.3999939
4308	275.3999939
4309	275.480011
4310	275.4400024
4311	275.4400024
4312	275.4400024
4313	275.3999939
4314	275.3800049
4315	275.4200134
4316	275.4200134
4317	275.4599915
4318	275.4599915
4319	275.519989
4320	275.480011
4321	275.5
4322	275.4400024
4323	275.4599915
4324	275.5
4325	275.5
4326	275.5899963
4327	275.5700073
4328	275.519989
4329	275.4400024
4330	275.4599915
4331	275.4599915
4332	275.4400024
4333	275.4400024
4334	275.4599915
4335	275.5
4336	275.4599915
4337	275.4599915
4338	275.4599915
4339	275.4400024
4340	275.480011
4341	275.5
4342	275.4400024
4343	275.480011
4344	275.4400024
4345	275.3999939
4346	275.3800049
4347	275.4400024
4348	275.480011
4349	275.3800049
4350	275.3800049
4351	275.3999939
4352	275.3999939
4353	275.3999939
4354	275.3099976
4355	275.3999939
4356	275.5400085
4357	275.5400085
4358	275.730011
4359	275.8399963
4360	275.8999939
4361	276
4362	276.1499939
4363	276.1499939
4364	276.230011
4365	276.6300049
4366	276.8200073
4367	277.0299988
4368	277.0700073
4369	277.2999878
4370	277.3599854
4371	277.5700073
4372	277.8200073
4373	277.7600098
4374	277.7799988
4375	277.7999878
4376	277.8200073
4377	277.8699951
4378	277.9100037
4379	277.8900146
4380	277.9500122
4381	277.9100037
4382	277.9100037
4383	277.9299927
4384	277.9500122
4385	277.9100037
4386	278.0100098
4387	278.0299988
4388	278.0299988
4389	278.0299988
4390	277.9899902
4391	277.9500122
4392	278.0299988
4393	277.9899902
4394	278.0100098
4395	277.9500122
4396	277.9500122
4397	278.0299988
4398	277.9899902
4399	278.1000061
4400	278.1400146
4401	278.1400146
4402	278.0799866
4403	278.1199951
4404	278.1000061
4405	278.1199951
4406	278.1600037
4407	278.0799866
4408	278.2000122
4409	278.0799866
4410	278.1400146
4411	278.0799866
4412	278.0299988
4413	278.1000061
4414	278.0100098
4415	278.1199951
4416	278.0299988
4417	278.0100098
4418	278.0100098
4419	278.0499878
4420	278.1000061
4421	278.1000061
4422	278.1400146
4423	278.2200012
4424	278.1199951
4425	278.1199951
4426	277.9899902
4427	278.1199951
4428	278.1199951
4429	278.2600098
4430	278.3900146
4431	278.2799988
4432	278.2600098
4433	278.2799988
4434	278.1799927
4435	278.2200012
4436	278.1199951
4437	278.2600098
4438	278.3299866
4439	278.2600098
4440	278.2200012
4441	278.1600037
4442	278.2200012
4443	278.2200012
4444	278.1600037
4445	278.1400146
4446	278.0499878
4447	278.1000061
4448	278.0799866
4449	278.2200012
4450	278.1400146
4451	278.1400146
4452	278.0499878
4453	278.0299988
4454	278.0100098
4455	278.1199951
4456	278.1199951
4457	278.1199951
4458	278.0499878
4459	278.0499878
4460	278.0499878
4461	278.0799866
4462	278.1199951
4463	277.9899902
4464	277.9899902
4465	277.9899902
4466	278.1799927
4467	278.1799927
4468	278.2600098
4469	278.3699951
4470	278.3500061
4471	278.3699951
4472	278.2399902
4473	278.2399902
4474	278.1600037
4475	278.0799866
4476	278.0799866
4477	278.1000061
4478	278.0299988
4479	278.0499878
4480	278.0499878
4481	278.1199951
4482	278.1799927
4483	278.2399902
4484	278.2600098
4485	278.2399902
4486	278.3099976
4487	278.1600037
4488	278.2600098
4489	278.0499878
4490	278.1199951
4491	278.1199951
4492	278.1199951
4493	278.1199951
4494	278.0799866
4495	278.0499878
4496	278.1199951
4497	278.1000061
4498	278.1199951
4499	278.1199951
4500	278.1000061
4501	278.1400146
4502	278.1400146
4503	278.0299988
4504	278.0100098
4505	277.9899902
4506	277.9899902
4507	277.8500061
4508	277.8699951
4509	277.8699951
4510	277.9100037
4511	278.0100098
4512	278.1199951
4513	278.1199951
4514	278.1400146
4515	278.0799866
4516	278.1600037
4517	278.0799866
4518	278.1199951
4519	278.1799927
4520	278.2000122
4521	278.3099976
4522	278.2399902
4523	278.1199951
4524	278.0799866
4525	278.1000061
4526	278.0499878
4527	277.9500122
4528	277.8500061
4529	277.7200012
4530	277.6799927
4531	277.6799927
4532	277.4299927
4533	277.2200012
4534	277.0700073
4535	276.9899902
4536	276.8599854
4537	276.7999878
4538	276.7999878
4539	276.7600098
4540	276.6099854
4541	276.6300049
4542	276.6300049
4543	276.5100098
4544	276.5100098
4545	276.5100098
4546	276.3599854
4547	276.2600098
4548	276.0499878
4549	275.8399963
4550	275.4599915
4551	275.3599854
4552	275.230011
4553	274.7900085
4554	274.6000061
4555	274.3099976
4556	273.8900146
4557	273.75
4558	273.5400085
4559	273.4100037
4560	273.2399902
4561	273.2000122
4562	273.2200012
4563	273.2200012
4564	273.2399902
4565	273.2000122
4566	273.1600037
4567	273.2399902
4568	273.3099976
4569	273.3900146
4570	273.3900146
4571	273.5799866
4572	273.769989
4573	273.769989
4574	273.7900085
4575	273.8900146
4576	273.9299927
4577	273.9299927
4578	273.980011
4579	274.1000061
4580	274.1199951
4581	274.1400146
4582	274.25
4583	274.1900024
4584	274.2099915
4585	274.3299866
4586	274.3699951
4587	274.3699951
4588	274.4200134
4589	274.4400024
4590	274.5
4591	274.4400024
4592	274.5
4593	274.5400085
4594	274.5400085
4595	274.5799866
4596	274.6499939
4597	274.6499939
4598	274.7099915
4599	274.6499939
4600	274.6700134
4601	274.769989
4602	274.769989
4603	274.7900085
4604	274.75
4605	274.7900085
4606	274.8299866
4607	274.8299866
4608	274.7900085
4609	274.7900085
4610	274.8800049
4611	274.9599915
4612	274.9400024
4613	274.9400024
4614	274.9599915
4615	274.8999939
4616	274.9599915
4617	274.980011
4618	274.9599915
4619	274.9599915
4620	275
4621	274.9400024
4622	274.980011
4623	274.9200134
4624	274.980011
4625	274.9599915
4626	274.9599915
4627	274.980011
4628	274.9599915
4629	275.0400085
4630	275.0599976
4631	275.0400085
4632	275.0799866
4633	275.1300049
4634	275.0799866
4635	275.0400085
4636	275.1099854
4637	275.1099854
4638	275.0799866
4639	275.0799866
4640	275.1300049
4641	275.1300049
4642	275.2099915
4643	275.1499939
4644	275.1900024
4645	275.1499939
4646	275.1700134
4647	275.1300049
4648	275.1300049
4649	275.1700134
4650	275.1499939
4651	275.1099854
4652	275.1300049
4653	275.1300049
4654	275.1900024
4655	275.1900024
4656	275.230011
4657	275.1900024
4658	275.2099915
4659	275.1700134
4660	275.269989
4661	275.230011
4662	275.230011
4663	275.269989
4664	275.25
4665	275.2900085
4666	275.2900085
4667	275.269989
4668	275.1900024
4669	275.25
4670	275.25
4671	275.2900085
4672	275.1900024
4673	275.1900024
4674	275.230011
4675	275.1900024
4676	275.1300049
4677	275.1700134
4678	275.1099854
4679	275.0799866
4680	275.0799866
4681	275.1300049
4682	275.1099854
4683	275.2099915
4684	275.1499939
4685	275.1700134
4686	275.2099915
4687	275.1700134
4688	275.2099915
4689	275.25
4690	275.230011
4691	275.2099915
4692	275.230011
4693	275.25
4694	275.269989
4695	275.230011
4696	275.1900024
4697	275.1300049
4698	275.1300049
4699	275.1700134
4700	275.2099915
4701	275.269989
4702	275.2099915
4703	275.2099915
4704	275.1900024
4705	275.2099915
4706	275.2099915
4707	275.1700134
4708	275.269989
4709	275.1499939
4710	275.1099854
4711	275.1099854
4712	275.1099854
4713	275.1499939
4714	275.1499939
4715	275.1099854
4716	275.1499939
4717	275.1099854
4718	275.1499939
4719	275.1499939
4720	275.019989
4721	275.1099854
4722	275.1099854
4723	275.1900024
4724	275.1700134
4725	275.0799866
4726	275.1499939
4727	275.1700134
4728	275.1700134
4729	275.1300049
4730	275.1099854
4731	275.1900024
4732	275.1700134
4733	275.1900024
4734	275.25
4735	275.2900085
4736	275.2900085
4737	275.3599854
4738	275.2900085
4739	275.3099976
4740	275.2900085
4741	275.3399963
4742	275.3599854
4743	275.3800049
4744	275.3800049
4745	275.3399963
4746	275.2900085
4747	275.25
4748	275.2099915
4749	275.1300049
4750	275.1099854
4751	275.1099854
4752	275.1300049
4753	275.1700134
4754	275.1499939
4755	275.1900024
4756	275.2099915
4757	275.25
4758	275.25
4759	275.230011
4760	275.269989
4761	275.2900085
4762	275.3399963
4763	275.2900085
4764	275.3099976
4765	275.25
4766	275.25
4767	275.230011
4768	275.3399963
4769	275.2900085
4770	275.269989
4771	275.230011
4772	275.230011
4773	275.269989
4774	275.3099976
4775	275.3599854
4776	275.3099976
4777	275.3399963
4778	275.3099976
4779	275.269989
4780	275.269989
4781	275.25
4782	275.2099915
4783	275.2099915
4784	275.230011
4785	275.230011
4786	275.1499939
4787	275.269989
4788	275.25
4789	275.2900085
4790	275.2900085
4791	275.3399963
4792	275.3999939
4793	275.2900085
4794	275.2900085
4795	275.3599854
4796	275.3599854
4797	275.3599854
4798	275.269989
4799	275.3599854
4800	275.2900085
4801	275.25
4802	275.2900085
4803	275.230011
4804	275.25
4805	275.25
4806	275.25
4807	275.3099976
4808	275.269989
4809	275.2900085
4810	275.3399963
4811	275.3099976
4812	275.25
4813	275.230011
4814	275.1900024
4815	275.1900024
4816	275.1900024
4817	275.230011
4818	275.2099915
4819	275.25
4820	275.3399963
4821	275.2900085
4822	275.2900085
4823	275.269989
4824	275.2900085
4825	275.2900085
4826	275.2900085
4827	275.3099976
4828	275.3599854
4829	275.3599854
4830	275.730011
4831	275.75
4832	275.7099915
4833	275.8599854
4834	275.9400024
4835	276
4836	276.1300049
4837	276.3200073
4838	276.3599854
4839	276.4400024
4840	276.6499939
4841	276.8599854
4842	276.9500122
4843	277.0100098
4844	277.1499939
4845	277.2000122
4846	277.3399963
4847	277.4700012
4848	277.5299988
4849	277.6799927
4850	277.7000122
4851	277.7799988
4852	277.7000122
4853	277.7799988
4854	277.7799988
4855	277.7999878
4856	277.8900146
4857	277.8699951
4858	277.7999878
4859	277.8900146
4860	277.8900146
4861	277.8900146
4862	277.7600098
4863	277.8200073
4864	277.7600098
4865	277.7600098
4866	277.8699951
4867	277.9100037
4868	277.8699951
4869	277.9700012
4870	277.8699951
4871	277.9100037
4872	277.8200073
4873	277.7799988
4874	277.7799988
4875	277.7200012
4876	277.7799988
4877	277.8900146
4878	277.9700012
4879	277.9100037
4880	277.9500122
4881	277.8699951
4882	277.8900146
4883	277.9100037
4884	277.8200073
4885	277.8500061
4886	277.8200073
4887	277.7600098
4888	277.8500061
4889	277.7999878
4890	277.8500061
4891	277.8200073
4892	277.9299927
4893	277.9299927
4894	278.0100098
4895	278.1400146
4896	278.2000122
4897	278.0799866
4898	278.0100098
4899	277.9100037
4900	277.9100037
4901	278.0299988
4902	278.1000061
4903	278.1799927
4904	278.1199951
4905	278.1000061
4906	278.0299988
4907	278.0100098
4908	278.0100098
4909	277.9899902
4910	278.0499878
4911	277.9899902
4912	277.9299927
4913	278.0100098
4914	277.9700012
4915	277.9899902
4916	277.9899902
4917	277.9899902
4918	277.9700012
4919	277.8900146
4920	278.0299988
4921	277.9700012
4922	277.9500122
4923	277.8699951
4924	277.7999878
4925	277.7999878
4926	277.9100037
4927	277.8500061
4928	277.7999878
4929	277.8200073
4930	277.8500061
4931	277.9500122
4932	277.9500122
4933	277.8699951
4934	277.8200073
4935	277.8900146
4936	277.8500061
4937	277.9500122
4938	278.1600037
4939	278.1600037
4940	278.1000061
4941	277.9700012
4942	277.9299927
4943	277.9299927
4944	277.9100037
4945	277.8500061
4946	277.7799988
4947	277.9100037
4948	277.7600098
4949	277.8500061
4950	277.7399902
4951	277.8500061
4952	277.9299927
4953	277.9299927
4954	278.1000061
4955	278.0100098
4956	278.0100098
4957	277.9100037
4958	277.8699951
4959	277.8699951
4960	277.8500061
4961	277.8900146
4962	277.9700012
4963	278.0100098
4964	278.0100098
4965	277.9299927
4966	277.8900146
4967	277.8900146
4968	277.8699951
4969	277.9299927
4970	277.9500122
4971	277.9500122
4972	277.9299927
4973	277.9500122
4974	278.0499878
4975	278.2200012
4976	278.1600037
4977	278.1400146
4978	278.1600037
4979	278.0499878
4980	278.0299988
4981	277.9500122
4982	277.9700012
4983	277.9700012
4984	277.9700012
4985	277.9899902
4986	278.0299988
4987	278.0299988
4988	278.0499878
4989	278.0100098
4990	278.0100098
4991	278.0799866
4992	278.1000061
4993	278.1400146
4994	278.2200012
4995	278.2799988
4996	278.2799988
4997	278.1400146
4998	278.1799927
4999	278.2200012
5000	278.0499878
5001	277.9299927
5002	277.8500061
5003	277.8500061
5004	277.6600037
5005	277.4500122
5006	277.2600098
5007	277.0299988
5008	276.8999939
5009	276.7200012
5010	276.7200012
5011	276.6300049
5012	276.6499939
5013	276.5700073
5014	276.5299988
5015	276.5100098
5016	276.4899902
5017	276.4400024
5018	276.3399963
5019	276.2799988
5020	276.1900024
5021	275.980011
5022	275.9200134
5023	275.7099915
5024	275.5899963
5025	275.0799866
5026	274.8800049
5027	274.5599976
5028	274.1600037
5029	274.019989
5030	273.730011
5031	273.6400146
5032	273.4100037
5033	273.2900085
5034	273.1199951
5035	273.1199951
5036	273.0599976
5037	273.0599976
5038	273.1000061
5039	273.1400146
5040	273.2399902
5041	273.3299866
5042	273.3299866
5043	273.4299927
5044	273.519989
5045	273.519989
5046	273.6000061
5047	273.7000122
5048	273.7000122
5049	273.6799927
5050	273.7000122
5051	273.8099976
5052	273.8299866
5053	273.9100037
5054	274.0400085
5055	274.1199951
5056	274.1000061
5057	274.269989
5058	274.3099976
5059	274.3500061
5060	274.3699951
5061	274.4200134
5062	274.3699951
5063	274.4400024
5064	274.5599976
5065	274.5400085
5066	274.5599976
5067	274.5799866
5068	274.5599976
5069	274.6000061
5070	274.5799866
5071	274.6000061
5072	274.5599976
5073	274.6700134
5074	274.6700134
5075	274.730011
5076	274.7099915
5077	274.75
5078	274.7900085
5079	274.7900085
5080	274.8500061
5081	274.8500061
5082	274.8999939
5083	274.7900085
5084	274.8099976
5085	274.8299866
5086	274.8800049
5087	274.9400024
5088	274.9400024
5089	274.8999939
5090	274.9200134
5091	274.9599915
5092	274.9400024
5093	274.8800049
5094	274.8999939
5095	274.8500061
5096	274.8999939
5097	274.8500061
5098	274.9200134
5099	274.9400024
5100	274.9200134
5101	275
5102	275.019989
5103	275.019989
5104	274.980011
5105	275.019989
5106	275.019989
5107	274.980011
5108	274.9400024
5109	274.9200134
5110	274.9200134
5111	274.8999939
5112	274.9400024
5113	274.9400024
5114	274.9400024
5115	275
5116	274.9200134
5117	275
5118	275
5119	274.9599915
5120	274.9599915
5121	275.019989
5122	274.980011
5123	275.0400085
5124	275.019989
5125	275
5126	274.980011
5127	275
5128	274.980011
5129	274.9599915
5130	274.9599915
5131	274.9400024
5132	274.9400024
5133	274.9200134
5134	274.9599915
5135	274.9599915
5136	275
5137	275.0799866
5138	275.0400085
5139	275.0599976
5140	275
5141	274.9599915
5142	274.9599915
5143	274.980011
5144	275.0799866
5145	275.0799866
5146	275.019989
5147	275.0799866
5148	275
5149	275.0599976
5150	275.019989
5151	275.0799866
5152	275.0799866
5153	275.0799866
5154	275.1499939
5155	275.0799866
5156	275.1499939
5157	275.0799866
5158	275.2099915
5159	275.1900024
5160	275.1300049
5161	275.1700134
5162	275.1499939
5163	275.1300049
5164	275.1099854
5165	275.1499939
5166	275.1499939
5167	275.1700134
5168	275.1700134
5169	275.1700134
5170	275.1900024
5171	275.2099915
5172	275.1900024
5173	275.1700134
5174	275.1900024
5175	275.1300049
5176	275.1499939
5177	275.1499939
5178	275.1099854
5179	275.1900024
5180	275.1700134
5181	275.1499939
5182	275.1700134
5183	275.2099915
5184	275.2099915
5185	275.2099915
5186	275.1900024
5187	275.2099915
5188	275.25
5189	275.1900024
5190	275.2099915
5191	275.2099915
5192	275.1499939
5193	275.1499939
5194	275.1499939
5195	275.1499939
5196	275.1900024
5197	275.1499939
5198	275.2099915
5199	275.1300049
5200	275.1300049
5201	275.1099854
5202	275.0599976
5203	275.0799866
5204	275.019989
5205	275.0599976
5206	275.1099854
5207	275.1099854
5208	275.0799866
5209	275.1700134
5210	275.2099915
5211	275.1900024
5212	275.230011
5213	275.25
5214	275.25
5215	275.1900024
5216	275.1900024
5217	275.1499939
5218	275.1499939
5219	275.25
5220	275.1900024
5221	275.1900024
5222	275.230011
5223	275.230011
5224	275.230011
5225	275.1499939
5226	275.1900024
5227	275.1900024
5228	275.1499939
5229	275.1300049
5230	275.1900024
5231	275.1499939
5232	275.1700134
5233	275.1099854
5234	275.0799866
5235	275.1099854
5236	275.1099854
5237	275.1300049
5238	275.1700134
5239	275.1499939
5240	275.1300049
5241	275.1499939
5242	275.1700134
5243	275.1499939
5244	275.1700134
5245	275.1099854
5246	275.0599976
5247	275.0400085
5248	275.0400085
5249	274.980011
5250	275.0400085
5251	275.1099854
5252	275.0599976
5253	275.0799866
5254	275.0799866
5255	275.0799866
5256	275.1700134
5257	275.1700134
5258	275.1700134
5259	275.1499939
5260	275.1900024
5261	275.2099915
5262	275.2099915
5263	275.269989
5264	275.230011
5265	275.25
5266	275.25
5267	275.230011
5268	275.2900085
5269	275.2900085
5270	275.230011
5271	275.25
5272	275.2099915
5273	275.269989
5274	275.1900024
5275	275.2099915
5276	275.230011
5277	275.2099915
5278	275.1700134
5279	275.25
5280	275.1900024
5281	275.2099915
5282	275.1900024
5283	275.1900024
5284	275.0400085
5285	275.0599976
5286	275.0599976
5287	275.0599976
5288	275.0400085
5289	275.0799866
5290	275.1099854
5291	275.0599976
5292	275.0799866
5293	275.1099854
5294	275.1099854
5295	275.1300049
5296	275.0400085
5297	275.0400085
5298	275.0799866
5299	275
5300	274.9400024
5301	274.8999939
5302	275.0599976
5303	275.230011
5304	275.230011
5305	275.3099976
5306	275.2900085
5307	275.3099976
5308	275.3800049
5309	275.6900024
5310	275.7999878
5311	276.1700134
5312	276.3800049
5313	276.4899902
5314	276.7200012
5315	276.8200073
5316	277.0700073
5317	277.2000122
5318	277.3900146
5319	277.4299927
5320	277.4500122
5321	277.6400146
5322	277.6199951
5323	277.5499878
5324	277.6600037
5325	277.7600098
5326	277.7600098
5327	277.8900146
5328	277.9100037
5329	277.9700012
5330	277.9899902
5331	278.0100098
5332	277.9299927
5333	277.9299927
5334	277.8699951
5335	277.9899902
5336	278.0100098
5337	277.9299927
5338	277.9500122
5339	277.8900146
5340	277.9299927
5341	277.8900146
5342	277.8900146
5343	277.8699951
5344	277.8500061
5345	277.7999878
5346	277.7000122
5347	277.7999878
5348	277.7799988
5349	277.7799988
5350	277.9700012
5351	277.8500061
5352	277.9299927
5353	277.9100037
5354	277.8900146
5355	277.9299927
5356	277.9500122
5357	277.8900146
5358	277.8900146
5359	277.9500122
5360	277.9500122
5361	277.9299927
5362	277.9100037
5363	277.7999878
5364	277.7399902
5365	277.7399902
5366	277.7200012
5367	277.7600098
5368	277.7200012
5369	277.7399902
5370	277.7399902
5371	277.8500061
5372	277.8500061
5373	278.0299988
5374	277.8900146
5375	277.8900146
5376	277.8500061
5377	277.8500061
5378	277.8500061
5379	277.8900146
5380	277.8699951
5381	277.7799988
5382	277.7399902
5383	277.7799988
5384	277.7600098
5385	277.7799988
5386	277.7600098
5387	277.7200012
5388	277.7200012
5389	277.7600098
5390	277.8200073
5391	277.8500061
5392	277.8500061
5393	277.8200073
5394	277.8900146
5395	277.9299927
5396	277.9700012
5397	277.9700012
5398	277.9500122
5399	277.8699951
5400	277.7799988
5401	277.7799988
5402	277.7200012
5403	277.7999878
5404	277.7999878
5405	277.8500061
5406	277.7600098
5407	277.8200073
5408	277.7399902
5409	277.6799927
5410	277.6600037
5411	277.6400146
5412	277.7999878
5413	277.7600098
5414	277.8200073
5415	277.8500061
5416	278.0100098
5417	277.9700012
5418	278.0299988
5419	277.8699951
5420	277.9500122
5421	277.9100037
5422	277.8699951
5423	277.8500061
5424	277.9700012
5425	277.9299927
5426	277.9299927
5427	277.9100037
5428	277.8900146
5429	277.8900146
5430	277.7999878
5431	277.7799988
5432	277.7399902
5433	277.7600098
5434	277.7000122
5435	277.7600098
5436	277.7600098
5437	277.7000122
5438	277.7200012
5439	277.8200073
5440	277.7600098
5441	277.8500061
5442	277.7799988
5443	277.7799988
5444	277.7399902
5445	277.5899963
5446	277.5899963
5447	277.6199951
5448	277.5899963
5449	277.6799927
5450	277.6600037
5451	277.7399902
5452	277.7200012
5453	277.7799988
5454	277.7999878
5455	277.7999878
5456	277.8900146
5457	277.9299927
5458	277.8699951
5459	277.8200073
5460	277.8699951
5461	277.9299927
5462	277.9299927
5463	278.0299988
5464	278.0299988
5465	278.1600037
5466	278.1799927
5467	277.9899902
5468	277.9899902
5469	277.9500122
5470	277.9100037
5471	277.9100037
5472	277.9899902
5473	277.9299927
5474	277.7600098
5475	277.7600098
5476	277.6600037
5477	277.5100098
5478	277.4899902
5479	277.1499939
5480	276.9700012
5481	276.8999939
5482	276.8200073
5483	276.6300049
5484	276.5899963
5485	276.4899902
5486	276.4599915
5487	276.3800049
5488	276.2999878
5489	276.2999878
5490	276.1900024
5491	276.1700134
5492	276.1300049
5493	275.9599915
5494	275.9400024
5495	275.8200073
5496	275.730011
5497	275.3999939
5498	275.1300049
5499	274.75
5500	274.75
5501	274.230011
5502	273.9299927
5503	273.7900085
5504	273.5400085
5505	273.2900085
5506	273.2000122
5507	273.2000122
5508	272.9700012
5509	272.9700012
5510	272.9500122
5511	272.9299927
5512	273.0799866
5513	273.0599976
5514	273.0599976
5515	273.1400146
5516	273.2000122
5517	273.2200012
5518	273.3900146
5519	273.4299927
5520	273.5
5521	273.5400085
5522	273.6799927
5523	273.769989
5524	273.8099976
5525	273.9599915
5526	273.9299927
5527	274.0400085
5528	274.0799866
5529	274.1199951
5530	274.1199951
5531	274.1900024
5532	274.2099915
5533	274.2099915
5534	274.1900024
5535	274.230011
5536	274.3299866
5537	274.3699951
5538	274.3699951
5539	274.3699951
5540	274.480011
5541	274.5400085
5542	274.5
5543	274.519989
5544	274.5400085
5545	274.5400085
5546	274.5400085
5547	274.6000061
5548	274.6700134
5549	274.5799866
5550	274.5400085
5551	274.5599976
5552	274.5599976
5553	274.5799866
5554	274.6499939
5555	274.6199951
5556	274.6000061
5557	274.6700134
5558	274.6199951
5559	274.5799866
5560	274.5599976
5561	274.5799866
5562	274.5799866
5563	274.6499939
5564	274.6900024
5565	274.6000061
5566	274.5599976
5567	274.6199951
5568	274.5799866
5569	274.6199951
5570	274.6499939
5571	274.6499939
5572	274.769989
5573	274.769989
5574	274.7900085
5575	274.769989
5576	274.8099976
5577	274.8099976
5578	274.8099976
5579	274.769989
5580	274.769989
5581	274.769989
5582	274.7099915
5583	274.7900085
5584	274.769989
5585	274.769989
5586	274.8099976
5587	274.8299866
5588	274.7900085
5589	274.8099976
5590	274.8500061
5591	274.8299866
5592	274.8500061
5593	274.75
5594	274.730011
5595	274.8099976
5596	274.8099976
5597	274.8099976
5598	274.9200134
5599	274.8299866
5600	274.7900085
5601	274.8299866
5602	274.7900085
5603	274.730011
5604	274.8099976
5605	274.8299866
5606	274.8500061
5607	274.9400024
5608	274.8999939
5609	274.8299866
5610	274.8299866
5611	274.8500061
5612	274.8500061
5613	274.8999939
5614	274.8299866
5615	274.8500061
5616	274.8099976
5617	274.8099976
5618	274.75
5619	274.8299866
5620	274.7900085
5621	274.8099976
5622	274.8999939
5623	274.8099976
5624	274.7900085
5625	274.8099976
5626	274.8299866
5627	274.8500061
5628	274.8999939
5629	274.8299866
5630	274.9599915
5631	274.9599915
5632	274.8099976
5633	274.8500061
5634	274.8299866
5635	274.8999939
5636	274.8299866
5637	274.8099976
5638	274.9400024
5639	274.8500061
5640	274.8999939
5641	274.8999939
5642	274.9400024
5643	274.9599915
5644	274.9400024
5645	274.9599915
5646	274.9200134
5647	274.9400024
5648	274.9200134
5649	274.9200134
5650	274.9400024
5651	274.8800049
5652	274.8299866
5653	274.8800049
5654	274.8500061
5655	274.8500061
5656	274.8500061
5657	274.9200134
5658	274.8999939
5659	274.8999939
5660	274.8999939
5661	274.9200134
5662	274.9599915
5663	274.9400024
5664	274.9200134
5665	274.9400024
5666	274.980011
5667	274.9400024
5668	274.9200134
5669	274.9400024
5670	274.9200134
5671	274.9400024
5672	274.9599915
5673	274.9599915
5674	274.9599915
5675	275
5676	275
5677	274.980011
5678	275
5679	274.980011
5680	275
5681	275
5682	275
5683	274.9200134
5684	274.9200134
5685	274.9200134
5686	274.8299866
5687	274.8999939
5688	274.8999939
5689	274.9200134
5690	274.9599915
5691	274.980011
5692	274.9599915
5693	275
5694	274.9400024
5695	274.9400024
5696	274.9200134
5697	274.8299866
5698	274.9200134
5699	274.8999939
5700	274.8999939
5701	274.8999939
5702	274.8999939
5703	274.8999939
5704	274.9200134
5705	274.8999939
5706	274.8500061
5707	274.8800049
5708	274.9400024
5709	274.8500061
5710	274.8099976
5711	274.9200134
5712	274.8500061
5713	274.8500061
5714	274.8299866
5715	274.8099976
5716	274.8099976
5717	274.8500061
5718	274.8500061
5719	274.9200134
5720	274.9200134
5721	274.8800049
5722	274.7900085
5723	274.8800049
5724	274.8999939
5725	274.8999939
5726	274.8999939
5727	274.8999939
5728	274.9400024
5729	274.8999939
5730	274.8500061
5731	274.8500061
5732	274.8099976
5733	274.8800049
5734	274.8999939
5735	274.9200134
5736	274.9400024
5737	274.9200134
5738	274.9599915
5739	274.9200134
5740	274.9400024
5741	274.9400024
5742	275
5743	275.019989
5744	275.0599976
5745	275.0599976
5746	275.019989
5747	275.0400085
5748	275
5749	275.019989
5750	275.0799866
5751	275.019989
5752	275.019989
5753	275.1099854
5754	275
5755	274.9599915
5756	275.019989
5757	275.019989
5758	275.0400085
5759	275.0400085
5760	275.019989
5761	275.0400085
5762	275.019989
5763	275.019989
5764	274.9599915
5765	274.980011
5766	274.980011
5767	275
5768	274.980011
5769	274.9200134
5770	274.8500061
5771	274.9599915
5772	274.9200134
5773	274.8999939
5774	274.980011
5775	275
5776	275.1499939
5777	275.1900024
5778	275.230011
5779	275.269989
5780	275.269989
5781	275.3399963
5782	275.4200134
5783	275.6300049
5784	275.8399963
5785	275.9400024
5786	276.2600098
5787	276.3800049
5788	276.5700073
5789	276.6700134
5790	276.7999878
5791	276.7999878
5792	276.9700012
5793	277.0899963
5794	277.2200012
5795	277.3200073
5796	277.3900146
5797	277.3599854
5798	277.3599854
5799	277.4299927
5800	277.4299927
5801	277.4500122
5802	277.4899902
5803	277.4500122
5804	277.4700012
5805	277.4500122
5806	277.4100037
5807	277.3900146
5808	277.3900146
5809	277.4700012
5810	277.4100037
5811	277.3900146
5812	277.4500122
5813	277.3900146
5814	277.3900146
5815	277.4100037
5816	277.5299988
5817	277.5299988
5818	277.5899963
5819	277.5299988
5820	277.4500122
5821	277.3599854
5822	277.4299927
5823	277.4299927
5824	277.4299927
5825	277.4299927
5826	277.5299988
5827	277.5899963
5828	277.7200012
5829	277.7600098
5830	277.7600098
5831	277.7399902
5832	277.7000122
5833	277.7200012
5834	277.6199951
5835	277.7000122
5836	277.7399902
5837	277.7399902
5838	277.7399902
5839	277.7799988
5840	277.7799988
5841	277.7200012
5842	277.6199951
5843	277.6400146
5844	277.5299988
5845	277.5700073
5846	277.6400146
5847	277.7799988
5848	277.7399902
5849	277.7000122
5850	277.7000122
5851	277.7200012
5852	277.5899963
5853	277.6199951
5854	277.5899963
5855	277.5700073
5856	277.6199951
5857	277.5499878
5858	277.5299988
5859	277.5700073
5860	277.5899963
5861	277.5299988
5862	277.5299988
5863	277.5700073
5864	277.4899902
5865	277.5299988
5866	277.7000122
5867	277.7799988
5868	277.8200073
5869	277.8200073
5870	277.7600098
5871	277.7600098
5872	277.7200012
5873	277.7600098
5874	277.8500061
5875	277.8200073
5876	277.7999878
5877	277.7600098
5878	277.7399902
5879	277.6799927
5880	277.7399902
5881	277.7200012
5882	277.7200012
5883	277.7000122
5884	277.5499878
5885	277.5499878
5886	277.5299988
5887	277.4899902
5888	277.5700073
5889	277.6400146
5890	277.6600037
5891	277.6799927
5892	277.6400146
5893	277.6400146
5894	277.6400146
5895	277.6400146
5896	277.5899963
5897	277.6600037
5898	277.7399902
5899	277.8500061
5900	277.8200073
5901	277.8200073
5902	277.7999878
5903	277.6799927
5904	277.6199951
5905	277.6400146
5906	277.7799988
5907	277.7600098
5908	277.7600098
5909	277.7999878
5910	277.7000122
5911	277.7799988
5912	277.9299927
5913	277.8699951
5914	277.8699951
5915	277.8500061
5916	277.7600098
5917	277.7999878
5918	277.7999878
5919	277.8200073
5920	277.8699951
5921	277.8500061
5922	277.8699951
5923	277.7600098
5924	277.7000122
5925	277.7000122
5926	277.7200012
5927	277.6799927
5928	277.6400146
5929	277.5499878
5930	277.6199951
5931	277.5700073
5932	277.5899963
5933	277.5899963
5934	277.6400146
5935	277.5499878
5936	277.4500122
5937	277.4299927
5938	277.3900146
5939	277.3599854
5940	277.3599854
5941	277.4700012
5942	277.6400146
5943	277.7600098
5944	277.7600098
5945	277.8699951
5946	277.7200012
5947	277.7000122
5948	277.4100037
5949	277.3399963
5950	277.3399963
5951	277.2200012
5952	277.0100098
5953	276.8800049
5954	276.8599854
5955	276.6099854
5956	276.5299988
5957	276.4599915
5958	276.3399963
5959	276.3599854
5960	276.3399963
5961	276.2999878
5962	276.2999878
5963	276.1900024
5964	276.1499939
5965	276.0299988
5966	275.9599915
5967	275.7999878
5968	275.75
5969	275.5400085
5970	275.3800049
5971	275.1099854
5972	275.1099854
5973	274.6199951
5974	274.3299866
5975	274.1199951
5976	273.8099976
5977	273.5
5978	273.2000122
5979	273.2000122
5980	272.8299866
5981	272.7000122
5982	272.6600037
5983	272.5799866
5984	272.5799866
5985	272.6000061
5986	272.6199951
5987	272.6600037
5988	272.7200012
5989	272.8699951
5990	273.0599976
5991	273.1600037
5992	273.1400146
5993	273.1799927
5994	273.3699951
5995	273.3699951
5996	273.3500061
5997	273.3900146
5998	273.4100037
5999	273.5400085
6000	273.5799866
6001	273.6600037
6002	273.75
6003	273.75
6004	273.75
6005	273.8099976
6006	274.0599976
6007	274
6008	274.1199951
6009	274.2900085
6010	274.3699951
6011	274.3699951
6012	274.6199951
6013	274.6900024
6014	274.6900024
6015	274.8299866
6016	274.8299866
6017	274.769989
6018	274.769989
6019	274.8999939
6020	274.9400024
6021	274.9200134
6022	275.019989
6023	275.1099854
6024	275.1300049
6025	275.1099854
6026	275.0599976
6027	275.0799866
6028	275.0799866
6029	275.1700134
6030	275.1099854
6031	275.1300049
6032	275.1700134
6033	275.1900024
6034	275.2900085
6035	275.25
6036	275.269989
6037	275.3399963
6038	275.4400024
6039	275.4200134
6040	275.4599915
6041	275.4200134
6042	275.4599915
6043	275.4599915
6044	275.3999939
6045	275.3099976
6046	275.2900085
6047	275.269989
6048	275.3099976
6049	275.2900085
6050	275.2900085
6051	275.3099976
6052	275.3800049
6053	275.3999939
6054	275.3599854
6055	275.3599854
6056	275.3399963
6057	275.2900085
6058	275.3599854
6059	275.3399963
6060	275.3599854
6061	275.3800049
6062	275.3099976
6063	275.4200134
6064	275.4200134
6065	275.3999939
6066	275.3999939
6067	275.480011
6068	275.480011
6069	275.4599915
6070	275.4400024
6071	275.5899963
6072	275.6099854
6073	275.5899963
6074	275.5700073
6075	275.5700073
6076	275.5
6077	275.5899963
6078	275.5899963
6079	275.6300049
6080	275.6700134
6081	275.6700134
6082	275.6700134
6083	275.5899963
6084	275.5400085
6085	275.5899963
6086	275.5400085
6087	275.5899963
6088	275.6099854
6089	275.6099854
6090	275.5899963
6091	275.6499939
6092	275.6499939
6093	275.6900024
6094	275.7099915
6095	275.75
6096	275.730011
6097	275.75
6098	275.6700134
6099	275.7099915
6100	275.7099915
6101	275.730011
6102	275.6900024
6103	275.7099915
6104	275.8200073
6105	275.730011
6106	275.75
6107	275.769989
6108	275.730011
6109	275.730011
6110	275.6900024
6111	275.730011
6112	275.7099915
6113	275.75
6114	275.75
6115	275.6900024
6116	275.75
6117	275.730011
6118	275.769989
6119	275.769989
6120	275.8399963
6121	275.8399963
6122	275.8200073
6123	275.7999878
6124	275.8200073
6125	275.8200073
6126	275.8399963
6127	275.8399963
6128	275.8599854
6129	275.8200073
6130	275.75
6131	275.8200073
6132	275.6900024
6133	275.6900024
6134	275.7099915
6135	275.6900024
6136	275.7999878
6137	275.769989
6138	275.75
6139	275.75
6140	275.730011
6141	275.730011
6142	275.769989
6143	275.7999878
6144	275.7999878
6145	275.8200073
6146	275.8200073
6147	275.769989
6148	275.7999878
6149	275.7999878
6150	275.769989
6151	275.75
6152	275.6900024
6153	275.6900024
6154	275.730011
6155	275.75
6156	275.7999878
6157	275.75
6158	275.75
6159	275.769989
6160	275.769989
6161	275.8399963
6162	275.8200073
6163	275.8399963
6164	275.8599854
6165	275.8200073
6166	275.8200073
6167	275.8599854
6168	275.8599854
6169	275.8999939
6170	275.8800049
6171	275.9200134
6172	275.9400024
6173	275.8999939
6174	275.9200134
6175	275.9400024
6176	275.9400024
6177	275.9599915
6178	275.980011
6179	276
6180	275.980011
6181	276.0299988
6182	276.0499878
6183	275.980011
6184	276.0700073
6185	276.0700073
6186	276.0499878
6187	276.0700073
6188	276.0299988
6189	276.0700073
6190	276.0899963
6191	276.0499878
6192	276.0499878
6193	276.0700073
6194	276.0700073
6195	276.0700073
6196	276
6197	276.0700073
6198	276.0299988
6199	275.980011
6200	276
6201	275.9599915
6202	276.0299988
6203	275.9400024
6204	275.9400024
6205	275.9200134
6206	275.8999939
6207	275.9400024
6208	276
6209	275.8999939
6210	275.980011
6211	275.9599915
6212	275.8999939
6213	275.8999939
6214	275.8999939
6215	275.8999939
6216	275.9400024
6217	276.0299988
6218	275.9599915
6219	275.9400024
6220	276
6221	275.9599915
6222	275.980011
6223	275.980011
6224	275.980011
6225	275.9599915
6226	276
6227	276.0899963
6228	275.9599915
6229	275.9200134
6230	275.9599915
6231	275.9599915
6232	276.0499878
6233	276.0499878
6234	276
6235	275.980011
6236	276.0299988
6237	275.980011
6238	276.0299988
6239	275.980011
6240	276.0299988
6241	276
6242	275.9400024
6243	275.9200134
6244	275.9400024
6245	275.9200134
6246	275.9200134
6247	275.8800049
6248	276
6249	276.0899963
6250	276.1300049
6251	276.1499939
6252	276.0499878
6253	276.1099854
6254	276.1300049
6255	276.230011
6256	276.230011
6257	276.5899963
6258	276.8200073
6259	276.8599854
6260	277.0700073
6261	277.3399963
6262	277.4100037
6263	277.4100037
6264	277.7000122
6265	277.7200012
6266	277.7799988
6267	277.8200073
6268	277.8200073
6269	277.8900146
6270	277.8900146
6271	277.9299927
6272	277.9899902
6273	277.9299927
6274	277.9899902
6275	277.9700012
6276	277.9899902
6277	277.9100037
6278	278.0299988
6279	278.1199951
6280	278.0499878
6281	278.0299988
6282	278.1000061
6283	278.2600098
6284	278.2399902
6285	278.4100037
6286	278.3500061
6287	278.3699951
6288	278.2000122
6289	278.2000122
6290	278.2000122
6291	278.1199951
6292	278.0799866
6293	278.0100098
6294	278.1199951
6295	278.1199951
6296	278.1000061
6297	278.0100098
6298	277.9700012
6299	277.8699951
6300	277.8900146
6301	278.0299988
6302	278.0299988
6303	278.1199951
6304	278.1199951
6305	278.1400146
6306	278.1799927
6307	278.1000061
6308	278.1000061
6309	278.0499878
6310	278.1199951
6311	278.1000061
6312	278.0299988
6313	278.0100098
6314	277.9899902
6315	278.0799866
6316	278.1600037
6317	278.3900146
6318	278.3500061
6319	278.3699951
6320	278.3500061
6321	278.3900146
6322	278.5799866
6323	278.5599976
6324	278.5100098
6325	278.4100037
6326	278.4100037
6327	278.4100037
6328	278.4899902
6329	278.3699951
6330	278.3500061
6331	278.3900146
6332	278.3900146
6333	278.4299927
6334	278.4299927
6335	278.4700012
6336	278.4299927
6337	278.3699951
6338	278.4500122
6339	278.4500122
6340	278.3500061
6341	278.3500061
6342	278.2600098
6343	278.2600098
6344	278.2200012
6345	278.1400146
6346	278.1799927
6347	278.2200012
6348	278.2399902
6349	278.3099976
6350	278.3099976
6351	278.2600098
6352	278.3299866
6353	278.2600098
6354	278.2200012
6355	278.2000122
6356	278.0499878
6357	278.1000061
6358	278.1000061
6359	278.0799866
6360	278.0499878
6361	278.0799866
6362	278.0299988
6363	278.0799866
6364	278.1400146
6365	278.2200012
6366	278.2200012
6367	278.3099976
6368	278.3500061
6369	278.3900146
6370	278.4100037
6371	278.3099976
6372	278.3099976
6373	278.3099976
6374	278.2600098
6375	278.2000122
6376	278.1199951
6377	278.1600037
6378	278.1199951
6379	278.0299988
6380	277.9899902
6381	278.0299988
6382	278.0499878
6383	278.1799927
6384	278.2799988
6385	278.2799988
6386	278.2600098
6387	278.2200012
6388	278.2600098
6389	278.2799988
6390	278.3500061
6391	278.3699951
6392	278.3500061
6393	278.4299927
6394	278.3299866
6395	278.3500061
6396	278.2600098
6397	278.1400146
6398	278.1400146
6399	278.2000122
6400	278.2200012
6401	278.2399902
6402	278.1799927
6403	278.1400146
6404	278.0499878
6405	278.0499878
6406	277.8699951
6407	277.9100037
6408	277.8900146
6409	277.8699951
6410	277.9899902
6411	278.1000061
6412	278.1000061
6413	278.0499878
6414	278.0799866
6415	278.1000061
6416	278.0299988
6417	278.0499878
6418	278.0499878
6419	278.0799866
6420	277.8500061
6421	277.7600098
6422	277.5700073
6423	277.6199951
6424	277.5899963
6425	277.4100037
6426	277.3399963
6427	277.1499939
6428	277.2000122
6429	277.1300049
6430	277.0299988
6431	276.9899902
6432	276.9700012
6433	277.0100098
6434	276.9500122
6435	276.8399963
6436	276.8599854
6437	276.8599854
6438	276.7200012
6439	276.5899963
6440	276.5299988
6441	276.3200073
6442	276.0299988
6443	275.730011
6444	275.730011
6445	275.3099976
6446	274.980011
6447	274.8500061
6448	274.5799866
6449	274.3099976
6450	274.230011
6451	274.1400146
6452	273.8099976
6453	273.730011
6454	273.6400146
6455	273.6600037
6456	273.6199951
6457	273.7000122
6458	273.730011
6459	273.8500061
6460	273.8900146
6461	274
6462	274.1000061
6463	274.2099915
6464	274.2900085
6465	274.3299866
6466	274.4400024
6467	274.5400085
6468	274.6000061
6469	274.7099915
6470	274.769989
6471	274.8299866
6472	274.9200134
6473	274.9599915
6474	275.0400085
6475	275.1900024
6476	275.1900024
6477	275.3399963
6478	275.3399963
6479	275.3399963
6480	275.3800049
6481	275.3399963
6482	275.269989
6483	275.269989
6484	275.25
6485	275.3099976
6486	275.2900085
6487	275.4200134
6488	275.4200134
6489	275.3999939
6490	275.3800049
6491	275.3399963
6492	275.3099976
6493	275.3399963
6494	275.3599854
6495	275.4599915
6496	275.480011
6497	275.480011
6498	275.480011
6499	275.480011
6500	275.4400024
6501	275.5
6502	275.6099854
6503	275.519989
6504	275.5400085
6505	275.519989
6506	275.519989
6507	275.519989
6508	275.519989
6509	275.5400085
6510	275.5400085
6511	275.6099854
6512	275.6499939
6513	275.6300049
6514	275.6300049
6515	275.6300049
6516	275.5899963
6517	275.6099854
6518	275.6099854
6519	275.5899963
6520	275.5700073
6521	275.5899963
6522	275.5899963
6523	275.519989
6524	275.5700073
6525	275.5899963
6526	275.5400085
6527	275.5700073
6528	275.5899963
6529	275.6300049
6530	275.6300049
6531	275.6499939
6532	275.6900024
6533	275.7099915
6534	275.7099915
6535	275.6900024
6536	275.6900024
6537	275.7099915
6538	275.6900024
6539	275.6700134
6540	275.6700134
6541	275.6499939
6542	275.730011
6543	275.769989
6544	275.6900024
6545	275.6700134
6546	275.6300049
6547	275.6300049
6548	275.6499939
6549	275.6300049
6550	275.6099854
6551	275.6099854
6552	275.6900024
6553	275.6499939
6554	275.6499939
6555	275.6300049
6556	275.5899963
6557	275.7099915
6558	275.6300049
6559	275.6499939
6560	275.6300049
6561	275.6300049
6562	275.6900024
6563	275.730011
6564	275.7099915
6565	275.7999878
6566	275.7099915
6567	275.7099915
6568	275.6900024
6569	275.6700134
6570	275.7099915
6571	275.7099915
6572	275.6700134
6573	275.6900024
6574	275.769989
6575	275.730011
6576	275.7999878
6577	275.6900024
6578	275.6700134
6579	275.6700134
6580	275.6900024
6581	275.769989
6582	275.769989
6583	275.730011
6584	275.7999878
6585	275.769989
6586	275.769989
6587	275.7999878
6588	275.7999878
6589	275.7999878
6590	275.7099915
6591	275.769989
6592	275.75
6593	275.75
6594	275.75
6595	275.7999878
6596	275.7099915
6597	275.7999878
6598	275.730011
6599	275.75
6600	275.769989
6601	275.7999878
6602	275.7999878
6603	275.8200073
6604	275.75
6605	275.769989
6606	275.8200073
6607	275.75
6608	275.8200073
6609	275.7999878
6610	275.769989
6611	275.769989
6612	275.7999878
6613	275.8399963
6614	275.8399963
6615	275.8800049
6616	275.8999939
6617	275.769989
6618	275.769989
6619	275.7999878
6620	275.7999878
6621	275.75
6622	275.6900024
6623	275.7099915
6624	275.6900024
6625	275.6900024
6626	275.6700134
6627	275.6499939
6628	275.75
6629	275.75
6630	275.75
6631	275.7999878
6632	275.75
6633	275.6900024
6634	275.730011
6635	275.769989
6636	275.7999878
6637	275.8200073
6638	275.8399963
6639	275.8800049
6640	275.8800049
6641	275.8800049
6642	275.7999878
6643	275.8200073
6644	275.7999878
6645	275.8200073
6646	275.769989
6647	275.75
6648	275.769989
6649	275.8200073
6650	275.730011
6651	275.8599854
6652	275.8399963
6653	275.769989
6654	275.75
6655	275.769989
6656	275.769989
6657	275.769989
6658	275.769989
6659	275.7999878
6660	275.8399963
6661	275.8599854
6662	275.8200073
6663	275.7999878
6664	275.7999878
6665	275.730011
6666	275.75
6667	275.730011
6668	275.6499939
6669	275.6700134
6670	275.6700134
6671	275.7099915
6672	275.769989
6673	275.769989
6674	275.7999878
6675	275.75
6676	275.7999878
6677	275.8200073
6678	275.7999878
6679	275.75
6680	275.8200073
6681	275.7999878
6682	275.75
6683	275.730011
6684	275.7099915
6685	275.7999878
6686	275.75
6687	275.769989
6688	275.7999878
6689	275.7999878
6690	275.8200073
6691	275.7999878
6692	275.8399963
6693	275.9400024
6694	275.9200134
6695	275.8999939
6696	275.8999939
6697	275.9200134
6698	275.8599854
6699	275.9599915
6700	275.8999939
6701	275.8800049
6702	275.8399963
6703	275.8599854
6704	275.8999939
6705	275.8999939
6706	275.8800049
6707	275.8800049
6708	275.8800049
6709	275.9400024
6710	275.8399963
6711	275.8200073
6712	275.8599854
6713	275.8599854
6714	275.7999878
6715	275.8200073
6716	275.8200073
6717	275.769989
6718	275.8599854
6719	275.8399963
6720	275.8999939
6721	275.9400024
6722	275.9599915
6723	276.0299988
6724	276.0700073
6725	276.0700073
6726	276.0700073
6727	276.0899963
6728	276.0899963
6729	276.3200073
6730	276.4200134
6731	276.5899963
6732	276.7799988
6733	276.8399963
6734	277.0899963
6735	277.0899963
6736	277.4100037
6737	277.5899963
6738	277.5700073
6739	277.7000122
6740	277.7799988
6741	277.7799988
6742	277.7600098
6743	277.7999878
6744	277.8200073
6745	277.7200012
6746	277.8200073
6747	277.8500061
6748	277.7799988
6749	277.7999878
6750	277.7399902
6751	277.7999878
6752	277.8900146
6753	277.9299927
6754	277.9700012
6755	277.9299927
6756	277.9299927
6757	277.8500061
6758	277.7200012
6759	277.6400146
6760	277.6400146
6761	277.6199951
6762	277.7399902
6763	277.7000122
6764	277.6799927
6765	277.5899963
6766	277.5100098
6767	277.5100098
6768	277.5700073
6769	277.5299988
6770	277.5700073
6771	277.5700073
6772	277.6600037
6773	277.7000122
6774	277.7000122
6775	277.7399902
6776	277.6600037
6777	277.6799927
6778	277.6600037
6779	277.7600098
6780	277.7399902
6781	277.8200073
6782	277.8500061
6783	277.8699951
6784	277.8900146
6785	277.8699951
6786	277.8699951
6787	277.9100037
6788	277.8500061
6789	277.8500061
6790	277.7399902
6791	277.7200012
6792	277.7799988
6793	277.8500061
6794	277.9100037
6795	277.9500122
6796	277.9500122
6797	277.8200073
6798	277.7799988
6799	277.7799988
6800	277.8699951
6801	277.8500061
6802	277.7999878
6803	277.7600098
6804	277.7999878
6805	277.7399902
6806	277.7399902
6807	277.7000122
6808	277.6600037
6809	277.6600037
6810	277.6600037
6811	277.7000122
6812	277.7600098
6813	277.6199951
6814	277.6799927
6815	277.6799927
6816	277.7200012
6817	277.7000122
6818	277.7200012
6819	277.7000122
6820	277.7200012
6821	277.6400146
6822	277.6199951
6823	277.5700073
6824	277.6600037
6825	277.6799927
6826	277.7799988
6827	277.7999878
6828	277.7999878
6829	277.8500061
6830	277.9299927
6831	277.9299927
6832	277.8900146
6833	277.9100037
6834	277.9299927
6835	277.8500061
6836	277.7399902
6837	277.7799988
6838	277.7799988
6839	277.7399902
6840	277.7799988
6841	277.8200073
6842	277.9700012
6843	277.9899902
6844	278.0299988
6845	278.0299988
6846	277.9899902
6847	277.9100037
6848	277.9100037
6849	277.8900146
6850	277.8200073
6851	277.8699951
6852	277.8500061
6853	277.7200012
6854	277.7999878
6855	277.7999878
6856	277.7999878
6857	277.8200073
6858	277.8699951
6859	277.8500061
6860	277.8200073
6861	277.8699951
6862	277.9899902
6863	278.0499878
6864	278.1600037
6865	278.2399902
6866	278.2200012
6867	278.2600098
6868	278.3500061
6869	278.3099976
6870	278.3099976
6871	278.1600037
6872	278.2200012
6873	278.1199951
6874	278.1199951
6875	278.0299988
6876	277.9899902
6877	277.9899902
6878	277.9500122
6879	277.9500122
6880	277.9100037
6881	277.8699951
6882	277.8699951
6883	277.7999878
6884	277.7999878
6885	277.9299927
6886	277.8200073
6887	277.8699951
6888	277.9500122
6889	277.9100037
6890	277.9700012
6891	277.8900146
6892	277.8699951
6893	277.7999878
6894	277.6799927
6895	277.6400146
6896	277.6199951
6897	277.6799927
6898	277.6400146
6899	277.4899902
6900	277.2799988
6901	277.2399902
6902	277.2399902
6903	277.0899963
6904	277.0100098
6905	276.9500122
6906	276.8599854
6907	276.8399963
6908	276.7200012
6909	276.7200012
6910	276.6499939
6911	276.5899963
6912	276.5700073
6913	276.5100098
6914	276.3200073
6915	276.1700134
6916	276.1700134
6917	275.730011
6918	275.3999939
6919	275.2099915
6920	274.8999939
6921	274.6499939
6922	274.480011
6923	274.3699951
6924	274.0400085
6925	274
6926	273.8299866
6927	273.7900085
6928	273.769989
6929	273.769989
6930	273.769989
6931	273.769989
6932	273.8500061
6933	273.8900146
6934	273.9599915
6935	273.9599915
6936	274.0599976
6937	274.1000061
6938	274.0599976
6939	274.1199951
6940	274.230011
6941	274.230011
6942	274.3500061
6943	274.3699951
6944	274.3900146
6945	274.519989
6946	274.519989
6947	274.5799866
6948	274.5799866
6949	274.6900024
6950	274.730011
6951	274.6700134
6952	274.8099976
6953	274.8299866
6954	274.8500061
6955	274.8099976
6956	274.9200134
6957	274.980011
6958	274.9400024
6959	274.980011
6960	275.0599976
6961	275.0599976
6962	275.0400085
6963	275.1300049
6964	275.0799866
6965	275.1700134
6966	275.2099915
6967	275.25
6968	275.25
6969	275.1900024
6970	275.2900085
6971	275.2900085
6972	275.2099915
6973	275.269989
6974	275.25
6975	275.1900024
6976	275.230011
6977	275.230011
6978	275.269989
6979	275.269989
6980	275.269989
6981	275.25
6982	275.269989
6983	275.3099976
6984	275.3800049
6985	275.480011
6986	275.480011
6987	275.480011
6988	275.4400024
6989	275.4400024
6990	275.3800049
6991	275.4200134
6992	275.3599854
6993	275.4400024
6994	275.3999939
6995	275.4400024
6996	275.480011
6997	275.4200134
6998	275.3999939
6999	275.3800049
7000	275.3999939
7001	275.3999939
7002	275.3099976
7003	275.3800049
7004	275.3599854
7005	275.3599854
7006	275.3800049
7007	275.3999939
7008	275.480011
7009	275.4200134
7010	275.480011
7011	275.4400024
7012	275.4400024
7013	275.4599915
7014	275.4599915
7015	275.5
7016	275.4599915
7017	275.4599915
7018	275.5400085
7019	275.5400085
7020	275.480011
7021	275.519989
7022	275.5
7023	275.519989
7024	275.4599915
7025	275.480011
7026	275.480011
7027	275.519989
7028	275.519989
7029	275.519989
7030	275.480011
7031	275.5400085
7032	275.4599915
7033	275.5400085
7034	275.5
7035	275.519989
7036	275.5400085
7037	275.519989
7038	275.5400085
7039	275.5400085
7040	275.5
7041	275.480011
7042	275.4400024
7043	275.4200134
7044	275.3999939
7045	275.4200134
7046	275.3999939
7047	275.3599854
7048	275.3800049
7049	275.4400024
7050	275.5
7051	275.5
7052	275.480011
7053	275.5
7054	275.5
7055	275.5
7056	275.5
7057	275.480011
7058	275.480011
7059	275.3999939
7060	275.3099976
7061	275.3800049
7062	275.3099976
7063	275.3099976
7064	275.3399963
7065	275.269989
7066	275.25
7067	275.25
7068	275.3399963
7069	275.269989
7070	275.2900085
7071	275.3399963
7072	275.3099976
7073	275.3099976
7074	275.25
7075	275.1900024
7076	275.230011
7077	275.2900085
7078	275.3399963
7079	275.3599854
7080	275.3599854
7081	275.4200134
7082	275.3099976
7083	275.3099976
7084	275.269989
7085	275.230011
7086	275.230011
7087	275.1900024
7088	275.230011
7089	275.25
7090	275.25
7091	275.2900085
7092	275.3099976
7093	275.2900085
7094	275.269989
7095	275.25
7096	275.230011
7097	275.230011
7098	275.269989
7099	275.3399963
7100	275.3099976
7101	275.3800049
7102	275.3800049
7103	275.3999939
7104	275.3999939
7105	275.3599854
7106	275.3599854
7107	275.3599854
7108	275.3399963
7109	275.3599854
7110	275.4200134
7111	275.4599915
7112	275.4599915
7113	275.480011
7114	275.4599915
7115	275.480011
7116	275.4400024
7117	275.4400024
7118	275.4400024
7119	275.4400024
7120	275.4599915
7121	275.480011
7122	275.480011
7123	275.519989
7124	275.5
7125	275.480011
7126	275.4599915
7127	275.4599915
7128	275.5
7129	275.5
7130	275.480011
7131	275.5899963
7132	275.480011
7133	275.4599915
7134	275.3999939
7135	275.5
7136	275.480011
7137	275.4400024
7138	275.4400024
7139	275.4599915
7140	275.4400024
7141	275.5
7142	275.519989
7143	275.519989
7144	275.6099854
7145	275.5899963
7146	275.5899963
7147	275.6099854
7148	275.519989
7149	275.5899963
7150	275.5700073
7151	275.519989
7152	275.480011
7153	275.4200134
7154	275.4200134
7155	275.4400024
7156	275.4200134
7157	275.4400024
7158	275.3800049
7159	275.519989
7160	275.4599915
7161	275.4599915
7162	275.4400024
7163	275.480011
7164	275.480011
7165	275.4599915
7166	275.480011
7167	275.5
7168	275.5
7169	275.5400085
7170	275.5
7171	275.480011
7172	275.519989
7173	275.519989
7174	275.6099854
7175	275.519989
7176	275.5400085
7177	275.519989
7178	275.5400085
7179	275.5400085
7180	275.5899963
7181	275.5899963
7182	275.5700073
7183	275.6099854
7184	275.6099854
7185	275.6099854
7186	275.5
7187	275.5899963
7188	275.480011
7189	275.480011
7190	275.4599915
7191	275.4400024
7192	275.519989
7193	275.519989
7194	275.6300049
7195	275.6499939
7196	275.6700134
7197	275.8200073
7198	275.8800049
7199	275.8999939
7200	275.8999939
7201	276.0299988
7202	276.1099854
7203	276.230011
7204	276.4400024
7205	276.6300049
7206	276.7399902
7207	276.7999878
7208	277.0299988
7209	277.1099854
7210	277.1300049
7211	277.2799988
7212	277.4700012
7213	277.5299988
7214	277.5899963
7215	277.7399902
7216	277.7600098
7217	277.7999878
7218	277.9100037
7219	277.9299927
7220	278.0100098
7221	278.0299988
7222	277.9899902
7223	277.9899902
7224	277.8699951
7225	277.8699951
7226	277.6600037
7227	277.5899963
7228	277.5499878
7229	277.5299988
7230	277.6199951
7231	277.5700073
7232	277.5700073
7233	277.5499878
7234	277.5499878
7235	277.5100098
7236	277.4899902
7237	277.5100098
7238	277.5100098
7239	277.5100098
7240	277.5100098
7241	277.5100098
7242	277.5100098
7243	277.4899902
7244	277.4500122
7245	277.4899902
7246	277.4899902
7247	277.4100037
7248	277.4100037
7249	277.3900146
7250	277.3599854
7251	277.3200073
7252	277.2799988
7253	277.2600098
7254	277.2600098
7255	277.3200073
7256	277.2799988
7257	277.2799988
7258	277.2799988
7259	277.3399963
7260	277.4100037
7261	277.4100037
7262	277.3200073
7263	277.3599854
7264	277.3599854
7265	277.2999878
7266	277.2600098
7267	277.2600098
7268	277.2399902
7269	277.2399902
7270	277.2999878
7271	277.2999878
7272	277.2799988
7273	277.2799988
7274	277.3399963
7275	277.3200073
7276	277.3200073
7277	277.3599854
7278	277.3900146
7279	277.3900146
7280	277.3599854
7281	277.3599854
7282	277.2999878
7283	277.2000122
7284	277.2200012
7285	277.1799927
7286	277.2600098
7287	277.2600098
7288	277.3200073
7289	277.3399963
7290	277.2799988
7291	277.3399963
7292	277.3599854
7293	277.3200073
7294	277.2999878
7295	277.2399902
7296	277.2200012
7297	277.2399902
7298	277.2399902
7299	277.2000122
7300	277.2200012
7301	277.2999878
7302	277.3900146
7303	277.3900146
7304	277.3900146
7305	277.4299927
7306	277.3900146
7307	277.3900146
7308	277.3599854
7309	277.3399963
7310	277.3399963
7311	277.2999878
7312	277.2799988
7313	277.2600098
7314	277.3200073
7315	277.4100037
7316	277.4100037
7317	277.4700012
7318	277.4899902
7319	277.4500122
7320	277.5499878
7321	277.5499878
7322	277.5299988
7323	277.5100098
7324	277.4700012
7325	277.3399963
7326	277.3399963
7327	277.3900146
7328	277.5100098
7329	277.4700012
7330	277.5100098
7331	277.4899902
7332	277.4700012
7333	277.4500122
7334	277.4500122
7335	277.4500122
7336	277.3399963
7337	277.3399963
7338	277.2799988
7339	277.3200073
7340	277.2600098
7341	277.2799988
7342	277.2799988
7343	277.2000122
7344	277.3200073
7345	277.2999878
7346	277.3599854
7347	277.4299927
7348	277.4899902
7349	277.4899902
7350	277.4899902
7351	277.4700012
7352	277.4500122
7353	277.4299927
7354	277.4100037
7355	277.4700012
7356	277.4700012
7357	277.5700073
7358	277.6199951
7359	277.5700073
7360	277.6600037
7361	277.6199951
7362	277.5899963
7363	277.5299988
7364	277.5100098
7365	277.4700012
7366	277.4500122
7367	277.3599854
7368	277.3399963
7369	277.2000122
7370	277.2200012
7371	277.0499878
7372	276.8399963
7373	276.6300049
7374	276.6300049
7375	276.3399963
7376	276.2600098
7377	276.230011
7378	276.2099915
7379	276.1499939
7380	276.0499878
7381	276.0499878
7382	275.8999939
7383	275.8800049
7384	275.8200073
7385	275.8599854
7386	275.75
7387	275.6499939
7388	275.6099854
7389	275.3099976
7390	275.1900024
7391	275.019989
7392	274.75
7393	274.519989
7394	274.3099976
7395	274.1900024
7396	273.7900085
7397	273.6000061
7398	273.3699951
7399	273.2200012
7400	273.1600037
7401	273.0799866
7402	273.0599976
7403	272.9899902
7404	273.0100098
7405	272.9899902
7406	272.9899902
7407	273.0400085
7408	272.9899902
7409	273.0799866
7410	273.1199951
7411	273.269989
7412	273.3299866
7413	273.3299866
7414	273.5400085
7415	273.6400146
7416	273.6400146
7417	273.7000122
7418	273.730011
7419	273.75
7420	273.75
7421	273.8099976
7422	273.8299866
7423	273.8500061
7424	273.980011
7425	274
7426	274.0599976
7427	274.019989
7428	274.019989
7429	274.0400085
7430	274.0799866
7431	274.0599976
7432	274.1000061
7433	274.1000061
7434	274.0599976
7435	274.0599976
7436	274.1000061
7437	274.1199951
7438	274.1600037
7439	274.1900024
7440	274.25
7441	274.230011
7442	274.269989
7443	274.25
7444	274.2900085
7445	274.2900085
7446	274.3299866
7447	274.3099976
7448	274.3699951
7449	274.3699951
7450	274.3900146
7451	274.4400024
7452	274.4400024
7453	274.5
7454	274.519989
7455	274.5599976
7456	274.5400085
7457	274.519989
7458	274.519989
7459	274.519989
7460	274.5
7461	274.519989
7462	274.5
7463	274.5400085
7464	274.5
7465	274.519989
7466	274.5400085
7467	274.519989
7468	274.4599915
7469	274.480011
7470	274.519989
7471	274.4599915
7472	274.4400024
7473	274.4400024
7474	274.5
7475	274.519989
7476	274.519989
7477	274.519989
7478	274.4400024
7479	274.5
7480	274.519989
7481	274.519989
7482	274.5400085
7483	274.6000061
7484	274.6000061
7485	274.6000061
7486	274.6000061
7487	274.5599976
7488	274.5799866
7489	274.5799866
7490	274.6000061
7491	274.6000061
7492	274.5599976
7493	274.5599976
7494	274.6000061
7495	274.6700134
7496	274.6499939
7497	274.6700134
7498	274.6700134
7499	274.6000061
7500	274.6199951
7501	274.6700134
7502	274.6700134
7503	274.7099915
7504	274.6199951
7505	274.6199951
7506	274.7099915
7507	274.6199951
7508	274.6000061
7509	274.5599976
7510	274.6000061
7511	274.6000061
7512	274.6000061
7513	274.6700134
7514	274.6199951
7515	274.6199951
7516	274.6199951
7517	274.5400085
7518	274.6000061
7519	274.6700134
7520	274.6700134
7521	274.6499939
7522	274.8299866
7523	274.8299866
7524	274.7099915
7525	274.730011
7526	274.730011
7527	274.6700134
7528	274.6700134
7529	274.6499939
7530	274.6700134
7531	274.6499939
7532	274.7099915
7533	274.730011
7534	274.7099915
7535	274.7099915
7536	274.75
7537	274.7099915
7538	274.75
7539	274.75
7540	274.75
7541	274.730011
7542	274.769989
7543	274.6700134
7544	274.7099915
7545	274.6900024
7546	274.730011
7547	274.730011
7548	274.730011
7549	274.730011
7550	274.6700134
7551	274.75
7552	274.6700134
7553	274.6000061
7554	274.6199951
7555	274.6199951
7556	274.769989
7557	274.75
7558	274.730011
7559	274.7900085
7560	274.75
7561	274.7900085
7562	274.7900085
7563	274.7900085
7564	274.7900085
7565	274.769989
7566	274.8500061
7567	274.8800049
7568	274.8500061
7569	274.8800049
7570	274.7900085
7571	274.7900085
7572	274.7900085
7573	274.769989
7574	274.769989
7575	274.7900085
7576	274.7900085
7577	274.75
7578	274.730011
7579	274.769989
7580	274.7900085
7581	274.8099976
7582	274.8299866
7583	274.730011
7584	274.730011
7585	274.730011
7586	274.769989
7587	274.769989
7588	274.769989
7589	274.7099915
7590	274.75
7591	274.7900085
7592	274.769989
7593	274.7900085
7594	274.7900085
7595	274.7900085
7596	274.8099976
7597	274.8500061
7598	274.8500061
7599	274.8299866
7600	274.769989
7601	274.769989
7602	274.75
7603	274.7099915
7604	274.6900024
7605	274.7099915
7606	274.7099915
7607	274.6900024
7608	274.769989
7609	274.6900024
7610	274.730011
7611	274.75
7612	274.75
7613	274.730011
7614	274.6900024
7615	274.6700134
7616	274.6900024
7617	274.6900024
7618	274.6499939
7619	274.6499939
7620	274.6900024
7621	274.769989
7622	274.6499939
7623	274.7099915
7624	274.6700134
7625	274.6900024
7626	274.6900024
7627	274.7099915
7628	274.730011
7629	274.75
7630	274.7099915
7631	274.730011
7632	274.75
7633	274.75
7634	274.769989
7635	274.75
7636	274.75
7637	274.7099915
7638	274.730011
7639	274.6700134
7640	274.6700134
7641	274.730011
7642	274.6000061
7643	274.6700134
7644	274.6499939
7645	274.6900024
7646	274.7099915
7647	274.7099915
7648	274.6900024
7649	274.6900024
7650	274.6900024
7651	274.75
7652	274.769989
7653	274.75
7654	274.769989
7655	274.7099915
7656	274.6900024
7657	274.6000061
7658	274.6000061
7659	274.6900024
7660	274.6900024
7661	274.730011
7662	274.7099915
7663	274.730011
7664	274.769989
7665	274.769989
7666	274.6700134
7667	274.6000061
7668	274.6499939
7669	274.769989
7670	274.8099976
7671	274.8999939
7672	274.8999939
7673	275
7674	275.1499939
7675	275.1700134
7676	275.230011
7677	275.3599854
7678	275.480011
7679	275.5
7680	275.7099915
7681	275.7099915
7682	275.9400024
7683	276.0700073
7684	276.1099854
7685	276.1700134
7686	276.2099915
7687	276.3599854
7688	276.4400024
7689	276.4200134
7690	276.5100098
7691	276.5899963
7692	276.5100098
7693	276.5499878
7694	276.5700073
7695	276.6099854
7696	276.6900024
7697	276.6900024
7698	276.9500122
7699	276.9899902
7700	276.9500122
7701	276.9700012
7702	276.8200073
7703	276.7999878
7704	276.7999878
7705	276.8599854
7706	276.7799988
7707	276.7200012
7708	276.6700134
7709	276.6499939
7710	276.6300049
7711	276.6099854
7712	276.6300049
7713	276.7200012
7714	276.6499939
7715	276.6700134
7716	276.7200012
7717	276.7399902
7718	276.7799988
7719	276.6499939
7720	276.6900024
7721	276.7200012
7722	276.7999878
7723	276.7999878
7724	276.8399963
7725	276.7999878
7726	276.8800049
7727	276.8200073
7728	276.8399963
7729	276.7600098
7730	276.7200012
7731	276.7200012
7732	276.7200012
7733	276.7399902
7734	276.7399902
7735	276.7799988
7736	276.7799988
7737	276.9200134
7738	277.0499878
7739	277.0700073
7740	276.9200134
7741	276.8599854
7742	276.7999878
7743	276.7999878
7744	277.0700073
7745	277.2000122
7746	277.2200012
7747	277.2399902
7748	277.1799927
7749	277.1799927
7750	277.1300049
7751	277.1499939
7752	277.1499939
7753	277.0700073
7754	277.0499878
7755	277.0100098
7756	276.8599854
7757	276.8599854
7758	276.7799988
7759	276.7600098
7760	276.7799988
7761	276.8599854
7762	276.8599854
7763	276.9899902
7764	276.9200134
7765	276.9200134
7766	276.8599854
7767	276.8999939
7768	276.8999939
7769	277.0299988
7770	277.0299988
7771	277.0700073
7772	276.9500122
7773	276.8800049
7774	276.9200134
7775	276.9200134
7776	277.0299988
7777	277.1499939
7778	277.2000122
7779	277.2000122
7780	277.1499939
7781	277.1099854
7782	277.0899963
7783	276.9899902
7784	276.9899902
7785	276.9899902
7786	276.8999939
7787	276.8999939
7788	276.7600098
7789	276.7600098
7790	276.7200012
7791	276.7399902
7792	276.7399902
7793	276.7600098
7794	276.7399902
7795	276.8999939
7796	276.9700012
7797	277.0299988
7798	277.0100098
7799	277.0100098
7800	276.9700012
7801	276.9200134
7802	276.8800049
7803	276.8399963
7804	276.8200073
7805	276.8399963
7806	276.8200073
7807	276.8200073
7808	276.7799988
7809	276.8200073
7810	276.8399963
7811	276.8399963
7812	276.7999878
7813	276.8200073
7814	276.8200073
7815	276.8399963
7816	276.9700012
7817	276.8800049
7818	276.8399963
7819	276.8999939
7820	276.9500122
7821	276.9899902
7822	277.0700073
7823	277.0899963
7824	277.0700073
7825	277.0499878
7826	277.0299988
7827	277.0100098
7828	276.9899902
7829	277.0100098
7830	277.0299988
7831	277.0700073
7832	277.0499878
7833	277.0299988
7834	277.0100098
7835	276.9899902
7836	276.9200134
7837	276.7799988
7838	276.7399902
7839	276.7399902
7840	276.6099854
7841	276.5299988
7842	276.4599915
7843	276.5700073
7844	276.5299988
7845	276.3800049
7846	276.3800049
7847	276.0700073
7848	275.8999939
7849	275.7999878
7850	275.6900024
7851	275.6499939
7852	275.6499939
7853	275.6499939
7854	275.6099854
7855	275.6300049
7856	275.5700073
7857	275.519989
7858	275.480011
7859	275.4400024
7860	275.3399963
7861	275.230011
7862	275.25
7863	275.0799866
7864	274.8500061
7865	274.7099915
7866	274.3900146
7867	274.3099976
7868	274
7869	273.6799927
7870	273.5
7871	273.2000122
7872	273.1000061
7873	272.9899902
7874	272.9500122
7875	272.8299866
7876	272.8699951
7877	272.8099976
7878	272.8099976
7879	272.9299927
7880	272.8900146
7881	272.9500122
7882	272.9899902
7883	273.0400085
7884	273.1400146
7885	273.1400146
7886	273.2399902
7887	273.2399902
7888	273.2900085
7889	273.3500061
7890	273.4299927
7891	273.4500122
7892	273.5
7893	273.6000061
7894	273.6000061
7895	273.6199951
7896	273.6199951
7897	273.730011
7898	273.769989
7899	273.769989
7900	273.9100037
7901	273.9299927
7902	274.019989
7903	274
7904	274
7905	274.0400085
7906	274.0799866
7907	274.1000061
7908	274.1600037
7909	274.1600037
7910	274.1600037
7911	274.1600037
7912	274.2099915
7913	274.1900024
7914	274.269989
7915	274.2099915
7916	274.25
7917	274.25
7918	274.2900085
7919	274.25
7920	274.2900085
7921	274.2900085
7922	274.3099976
7923	274.3699951
7924	274.3699951
7925	274.3299866
7926	274.3699951
7927	274.3099976
7928	274.3099976
7929	274.3299866
7930	274.2900085
7931	274.3699951
7932	274.2900085
7933	274.3500061
7934	274.3500061
7935	274.3699951
7936	274.3299866
7937	274.3099976
7938	274.3299866
7939	274.3699951
7940	274.3500061
7941	274.3099976
7942	274.3099976
7943	274.3699951
7944	274.3299866
7945	274.3900146
7946	274.4200134
7947	274.4599915
7948	274.4599915
7949	274.4599915
7950	274.480011
7951	274.480011
7952	274.4599915
7953	274.4599915
7954	274.480011
7955	274.480011
7956	274.480011
7957	274.4400024
7958	274.3900146
7959	274.4200134
7960	274.3699951
7961	274.4200134
7962	274.3099976
7963	274.0799866
7964	273.0100098
7965	272.2600098
7966	271.9299927
7967	271.0899963
7968	270.3399963
7969	269.8999939
7970	269.5400085
7971	268.230011
7972	267.8900146
7973	267.1400146
7974	266.3599854
7975	266.0499878
7976	265.3399963
7977	265.0299988
7978	264.3399963
7979	263.75
7980	263.2099915
7981	263.2099915
7982	262.3900146
7983	261.8500061
7984	261.6000061
7985	261.0899963
7986	260.6300049
7987	260.2399902
7988	260.2399902
7989	259.5499878
7990	259.1900024
7991	259
7992	258.5799866
7993	258.1900024
7994	258.230011
7995	258.230011
7996	260.3599854
7997	263.1199951
7998	264.519989
7999	266.4700012
8000	267.2600098
8001	267.5400085
8002	267.6199951
8003	267.4700012
8004	267.2999878
8005	266.8399963
8006	266.4700012
8007	266.0299988
8008	265.7600098
8009	265.5499878
8010	264.7999878
8011	264.8999939
8012	266.0700073
8013	267.8900146
8014	268.6900024
8015	270.1099854
8016	270.6300049
8017	271.1099854
8018	270.8800049
8019	270.6499939
8020	270.6499939
8021	270.3599854
8022	270.7799988
8023	271.1900024
8024	272.1099854
8025	272.9299927
8026	273.4500122
8027	273.4500122
8028	274.1199951
8029	274.3299866
8030	274.519989
8031	274.75
8032	275.019989
8033	275.1300049
8034	275.230011
8035	275.4599915
8036	275.5700073
8037	275.5899963
8038	275.6700134
8039	275.730011
8040	275.75
8041	275.769989
8042	275.75
8043	275.769989
8044	275.6900024
8045	275.75
8046	275.6700134
8047	275.6900024
8048	275.7099915
8049	275.9400024
8050	275.980011
8051	275.8999939
8052	275.9400024
8053	275.8999939
8054	275.9599915
8055	275.980011
8056	276.0700073
8057	276.1499939
8058	276.2099915
8059	276.2099915
8060	276.3399963
8061	276.4400024
8062	276.4899902
8063	276.6099854
8064	276.5700073
8065	276.5499878
8066	276.5499878
8067	276.4599915
8068	276.4899902
8069	276.4599915
8070	276.3399963
8071	276.3200073
8072	276.2999878
8073	276.230011
8074	276.2799988
8075	276.2999878