1	274.19
2	274.14001
3	274.06
4	274.01999
5	274.01999
6	273.89001
7	273.87
8	273.85001
9	273.79001
10	273.67999
11	273.60001
12	273.60001
13	273.87
14	273.92999
15	273.92999
16	273.92999
17	273.79001
18	273.73001
19	273.62
20	273.56
21	273.56
22	273.5
23	273.42999
24	273.67999
25	273.67999
26	273.75
27	273.75
28	273.79001
29	273.85001
30	273.87
31	273.87
32	273.81
33	273.79001
34	273.64001
35	273.47
36	273.39001
37	273.39001
38	273.26999
39	273.35001
40	273.42999
41	273.56
42	273.67999
43	273.89001
44	273.89001
45	273.91
46	273.81
47	273.89001
48	273.95999
49	274.01999
50	273.92999
51	273.92999
52	274
53	273.89001
54	273.89001
55	274
56	274.07999
57	274.01999
58	273.89001
59	273.64001
60	273.67999
61	273.87
62	273.82999
63	273.87
64	273.92999
65	273.92999
66	273.75
67	273.66
68	273.67999
69	273.73001
70	273.76999
71	273.87
72	274.01999
73	274.16
74	274.07999
75	274
76	274
77	274.01999
78	274.06
79	274.06
80	274.10001
81	274.04001
82	274.12
83	274.12
84	273.92999
85	273.85001
86	273.76999
87	273.70001
88	273.73001
89	273.85001
90	273.82999
91	273.66
92	273.56
93	273.54001
94	273.66
95	273.73001
96	273.75
97	273.76999
98	273.82999
99	273.89001
100	273.92999
101	273.79001
102	273.62
103	273.29001
104	273.20001
105	273.26999
106	273.31
107	273.32999
108	273.32999
109	273.5
110	273.67999
111	273.70001
112	273.85001
113	274.31
114	275.06
115	275.06
116	275.94
117	276.48999
118	276.76001
119	277.22
120	277.28
121	277.29999
122	277.29999
123	277.47
124	277.54999
125	277.70001
126	277.78
127	277.92999
128	278.10001
129	278.22
130	278.37
131	278.47
132	278.51001
133	278.48999
134	278.56
135	278.60001
136	278.64001
137	278.91
138	278.92999
139	279.07999
140	279.14001
141	279.10001
142	279.07999
143	279.01999
144	278.92999
145	278.97
146	279
147	279
148	278.81
149	278.82999
150	278.85001
151	278.97
152	278.85001
153	278.89001
154	278.89001
155	279
156	279
157	278.89001
158	278.79001
159	278.76999
160	278.73999
161	278.82999
162	279.23001
163	279.26999
164	279.20001
165	279.17999
166	279.10001
167	279.14001
168	279.12
169	279.12
170	279.12
171	279.07999
172	279.07999
173	279.07999
174	279.12
175	279.12
176	279.10001
177	278.89001
178	278.64001
179	278.56
180	278.42999
181	278.42999
182	278.56
183	278.82999
184	278.92999
185	278.92999
186	278.92999
187	278.87
188	278.73999
189	278.66
190	278.62
191	278.64001
192	278.64001
193	278.64001
194	278.97
195	279.23001
196	279.17999
197	279.32999
198	279.37
199	279.31
200	279.17999
201	278.67999
202	278.62
203	278.57999
204	278.72
205	278.82999
206	278.81
207	278.91
208	279.07999
209	279.06
210	279.01999
211	278.91
212	278.87
213	278.76999
214	278.79001
215	278.82999
216	279.01999
217	279.06
218	279.06
219	278.87
220	278.97
221	279.01999
222	279.07999
223	279.01999
224	278.97
225	278.97
226	279.23001
227	279.25
228	279.16
229	279.06
230	279.10001
231	279.16
232	279.16
233	279.14001
234	279.06
235	279
236	278.97
237	279
238	279
239	278.89001
240	278.92999
241	278.97
242	278.97
243	278.87
244	278.85001
245	278.91
246	279.06
247	279.26999
248	279.23001
249	279.31
250	279.32999
251	279.35001
252	279.35001
253	279.35001
254	279.14001
255	279
256	278.95001
257	278.95001
258	278.87
259	278.95001
260	278.82999
261	278.72
262	278.47
263	278.42999
264	278.42999
265	278.73999
266	278.97
267	278.91
268	278.91
269	278.82999
270	278.92999
271	279.04001
272	279.06
273	278.79001
274	278.82999
275	278.89001
276	278.72
277	278.72
278	278.70001
279	278.51001
280	278.47
281	278.42999
282	278.67999
283	278.79001
284	279.12
285	279.20001
286	279.25
287	279.23001
288	279.12
289	279.12
290	279
291	278.28
292	277.79999
293	275.64999
294	272.17999
295	268.57999
296	268.57999
297	263.70999
298	261.14001
299	260.04999
300	258.48001
301	257.56
302	257.56
303	257.56
304	258.31
305	258.89999
306	259.26999
307	260.23999
308	261.20001
309	261.60001
310	262.10001
311	263.5
312	263.79001
313	264.34
314	265.23001
315	265.78
316	266.70001
317	267.07001
318	268.07999
319	268.35001
320	268.66
321	269.06
322	269.25
323	269.44
324	269.48001
325	269.69
326	270.04001
327	270.45999
328	270.45999
329	270.88
330	271.10999
331	271.14999
332	271.04999
333	271.17001
334	271.38
335	271.38
336	271.76001
337	271.84
338	271.82001
339	271.73999
340	271.78
341	271.73999
342	271.76001
343	272.09
344	272.23999
345	272.28
346	272.17999
347	272.22
348	272.14001
349	272.16
350	272.14001
351	272.17999
352	272.03
353	272.28
354	272.28
355	272.26001
356	272.41
357	272.72
358	272.73999
359	272.70001
360	272.72
361	272.66
362	272.67999
363	272.70001
364	272.91
365	273.01001
366	273.12
367	273.12
368	273.06
369	273.06
370	273.01001
371	272.97
372	272.95001
373	273.07999
374	273.07999
375	272.92999
376	272.87
377	272.82999
378	272.89001
379	273.06
380	273.07999
381	273.20001
382	273.37
383	273.23999
384	273.12
385	273.14001
386	273.12
387	273.23999
388	273.31
389	273.41
390	273.45001
391	273.54001
392	273.5
393	273.51999
394	273.42999
395	273.35001
396	273.39001
397	273.41
398	273.37
399	273.37
400	273.23999
401	273.14001
402	273.07999
403	273.10001
404	273.14001
405	273.23999
406	273.23999
407	273.37
408	273.22
409	273.12
410	272.87
411	272.81
412	272.85001
413	272.85001
414	273.07999
415	273.35001
416	273.41
417	273.51999
418	273.37
419	273.35001
420	273.31
421	273.20001
422	273.14001
423	273.10001
424	272.98999
425	273.01001
426	273.07999
427	273.10001
428	273.17999
429	273.22
430	273.20001
431	273.37
432	273.51999
433	273.62
434	273.54001
435	273.5
436	273.42999
437	273.42999
438	273.42999
439	273.60001
440	273.64001
441	273.62
442	273.41
443	273.41
444	273.45001
445	273.45001
446	273.35001
447	273.29001
448	273.32999
449	273.41
450	273.26999
451	273.20001
452	273.10001
453	273.22
454	273.16
455	273.12
456	272.91
457	272.87
458	272.85001
459	272.87
460	272.95001
461	272.98999
462	272.98999
463	273.01001
464	273.12
465	273.32999
466	273.45001
467	273.62
468	273.66
469	273.62
470	273.62
471	273.79001
472	273.87
473	273.89001
474	274.06
475	274.10001
476	273.92999
477	273.92999
478	273.67999
479	273.66
480	273.62
481	273.60001
482	273.75
483	273.66
484	273.66
485	273.76999
486	273.81
487	273.81
488	273.70001
489	273.62
490	273.60001
491	273.54001
492	273.42999
493	273.54001
494	273.57999
495	273.73001
496	273.81
497	273.70001
498	273.66
499	273.51999
500	273.35001
501	273.35001
502	273.35001
503	273.17999
504	273.06
505	273.06
506	273.22
507	273.37
508	273.45001
509	273.45001
510	273.54001
511	273.42999
512	273.39001
513	273.31
514	273.31
515	273.29001
516	273.29001
517	273.42999
518	273.41
519	273.42999
520	273.60001
521	273.81
522	274
523	273.95999
524	273.67999
525	273.54001
526	273.42999
527	273.37
528	273.47
529	273.41
530	273.39001
531	273.64001
532	273.66
533	273.57999
534	273.57999
535	273.51999
536	273.62
537	273.62
538	273.57999
539	273.5
540	273.29001
541	273.29001
542	273.32999
543	273.51999
544	273.51999
545	273.73001
546	273.56
547	273.62
548	273.62
549	273.82999
550	273.89001
551	273.91
552	273.82999
553	273.79001
554	273.64001
555	273.64001
556	273.56
557	273.51999
558	273.54001
559	273.66
560	273.62
561	273.60001
562	273.64001
563	273.76999
564	273.67999
565	273.67999
566	273.66
567	273.64001
568	273.60001
569	273.54001
570	273.42999
571	273.45001
572	273.57999
573	273.54001
574	273.41
575	273.26999
576	273.16
577	272.92999
578	272.92999
579	272.81
580	272.81
581	273.01001
582	273.35001
583	273.45001
584	273.85001
585	274.42001
586	274.85001
587	274.85001
588	275.48001
589	275.73001
590	275.94
591	276.23001
592	276.57001
593	276.79999
594	277.09
595	277.17999
596	277.28
597	277.23999
598	277.28
599	277.35999
600	277.39001
601	277.47
602	277.95001
603	278.07999
604	278.20001
605	278.20001
606	278.14001
607	278.20001
608	278.16
609	278.31
610	278.32999
611	278.41
612	278.41
613	278.48999
614	278.79001
615	278.79001
616	278.95001
617	278.91
618	278.95001
619	278.95001
620	278.85001
621	278.85001
622	278.79001
623	278.79001
624	278.73999
625	278.89001
626	278.89001
627	278.70001
628	278.51001
629	278.54001
630	278.70001
631	278.79001
632	278.72
633	278.67999
634	278.56
635	278.62
636	278.56
637	278.42999
638	278.37
639	278.45001
640	278.54001
641	278.72
642	278.70001
643	278.66
644	278.70001
645	278.73999
646	278.64001
647	278.62
648	278.47
649	278.39001
650	278.48999
651	278.48999
652	278.66
653	278.73999
654	278.79001
655	278.89001
656	279
657	278.95001
658	278.95001
659	278.95001
660	279.01999
661	279.01999
662	279.06
663	279.39001
664	279.48001
665	279.35001
666	279.14001
667	279.14001
668	279.10001
669	279.12
670	279.12
671	279.06
672	279.01999
673	279
674	279.01999
675	279.10001
676	279.14001
677	279.07999
678	278.92999
679	278.95001
680	279
681	278.95001
682	279.14001
683	279.20001
684	279.16
685	279.01999
686	279.01999
687	279.04001
688	279.20001
689	279.23001
690	279.23001
691	278.91
692	279
693	278.97
694	278.82999
695	278.72
696	278.72
697	278.72
698	278.62
699	278.72
700	278.79001
701	278.76999
702	278.73999
703	278.79001
704	278.76999
705	278.79001
706	278.72
707	278.67999
708	278.56
709	278.51001
710	278.47
711	278.56
712	278.60001
713	278.67999
714	278.67999
715	279.10001
716	279.20001
717	279.41
718	279.5
719	279.45999
720	279.37
721	279.31
722	279.31
723	279.16
724	279.14001
725	279.10001
726	279.01999
727	279
728	279
729	279
730	278.85001
731	278.87
732	278.82999
733	278.91
734	278.87
735	278.79001
736	278.79001
737	278.42999
738	278.41
739	278.64001
740	279.12
741	279.16
742	279.12
743	279.06
744	279.16
745	279.17999
746	279.39001
747	279.17999
748	279.16
749	279.04001
750	278.97
751	279
752	279.07999
753	279.04001
754	278.85001
755	278.82999
756	279.01999
757	279.01999
758	279.14001
759	279.16
760	279.26999
761	279.26999
762	279.35001
763	278.97
764	278.73999
765	277.07001
766	274.39001
767	271.39999
768	271.39999
769	265.69
770	262.35001
771	260.88
772	258.45999
773	257.20001
774	256.81
775	256.53
776	256.26001
777	256.56
778	256.92999
779	258.44
780	259.92001
781	260.54999
782	261.07001
783	262.48999
784	262.91
785	263.56
786	264.10999
787	264.45999
788	265.20999
789	265.48999
790	266.32001
791	266.92999
792	267.41
793	267.41
794	267.87
795	268.41
796	268.66
797	269.10001
798	269.60999
799	270.04001
800	270.04001
801	270.13
802	270.35999
803	270.45999
804	270.63
805	270.64999
806	270.76001
807	270.76001
808	271.04999
809	271.14999
810	271.26001
811	271.67999
812	271.84
813	271.84
814	271.78
815	271.64999
816	271.73999
817	271.73999
818	271.60999
819	271.53
820	271.51001
821	271.57001
822	271.97
823	271.95001
824	272.29999
825	272.54999
826	272.53
827	272.53
828	272.54999
829	272.54999
830	272.53
831	272.66
832	272.66
833	272.70001
834	272.76001
835	272.64001
836	272.54999
837	272.57999
838	272.57999
839	272.57999
840	272.66
841	272.70001
842	272.73999
843	272.72
844	273.04001
845	273.07999
846	273.01001
847	272.97
848	272.81
849	272.81
850	272.76001
851	272.78
852	272.73999
853	272.81
854	272.73999
855	272.82999
856	272.85001
857	273.01001
858	273.01001
859	272.97
860	272.97
861	272.92999
862	273.14001
863	273.17999
864	273.17999
865	272.98999
866	272.81
867	272.89001
868	272.92999
869	272.91
870	272.92999
871	272.92999
872	272.98999
873	273.01001
874	273.01001
875	273.04001
876	272.97
877	273.16
878	273.16
879	273.29001
880	273.42999
881	273.47
882	273.42999
883	273.42999
884	273.42999
885	273.35001
886	273.07999
887	273.06
888	273.22
889	273.54001
890	273.62
891	273.56
892	273.5
893	273.60001
894	273.54001
895	273.56
896	273.45001
897	273.51999
898	273.42999
899	273.51999
900	273.5
901	273.54001
902	273.5
903	273.5
904	273.45001
905	273.35001
906	273.37
907	273.37
908	273.60001
909	273.73001
910	273.73001
911	273.70001
912	273.64001
913	273.73001
914	273.67999
915	273.70001
916	273.62
917	273.62
918	273.57999
919	273.45001
920	273.35001
921	273.39001
922	273.51999
923	273.45001
924	273.37
925	273.23999
926	273.23999
927	273.32999
928	273.47
929	273.47
930	273.5
931	273.32999
932	273.23999
933	273.17999
934	273.29001
935	273.29001
936	273.31
937	273.39001
938	273.37
939	273.31
940	273.26999
941	273.14001
942	273.14001
943	273.12
944	273.06
945	273.01001
946	273.01001
947	272.91
948	272.91
949	272.91
950	273.04001
951	273.10001
952	273.12
953	273.04001
954	272.87
955	272.87
956	272.85001
957	272.98999
958	273.06
959	273.20001
960	273.22
961	273.26999
962	273.23999
963	273.26999
964	273.39001
965	273.39001
966	273.42999
967	273.41
968	273.29001
969	273.07999
970	272.97
971	272.92999
972	272.92999
973	273.04001
974	273.04001
975	273.35001
976	273.42999
977	273.42999
978	273.29001
979	273.12
980	273.26999
981	273.26999
982	273.32999
983	273.22
984	273.17999
985	273.20001
986	273.22
987	273.29001
988	273.29001
989	273.35001
990	273.37
991	273.41
992	273.41
993	273.39001
994	273.32999
995	273.23999
996	273.06
997	273.04001
998	273.26999
999	273.32999
1000	273.35001
1001	273.42999
1002	273.5
1003	273.56
1004	273.5
1005	273.41
1006	273.37
1007	273.35001
1008	273.29001
1009	273.35001
1010	273.26999
1011	273.32999
1012	273.32999
1013	273.32999
1014	273.23999
1015	273.31
1016	273.29001
1017	273.22
1018	273.26999
1019	273.26999
1020	273.26999
1021	273.29001
1022	273.39001
1023	273.5
1024	273.45001
1025	273.35001
1026	273.32999
1027	273.35001
1028	273.41
1029	273.32999
1030	273.32999
1031	273.39001
1032	273.47
1033	273.62
1034	273.56
1035	273.67999
1036	273.64001
1037	273.66
1038	273.64001
1039	273.66
1040	273.54001
1041	273.47
1042	273.42999
1043	273.54001
1044	273.62
1045	273.62
1046	273.47
1047	273.26999
1048	273.07999
1049	272.92999
1050	272.76001
1051	272.76001
1052	272.76001
1053	272.67999
1054	272.64001
1055	272.66
1056	273.06
1057	273.39001
1058	273.79001
1059	273.79001
1060	274.69
1061	275.31
1062	275.59
1063	276.14999
1064	276.54999
1065	276.73999
1066	276.95001
1067	277.10999
1068	277.17999
1069	276.98999
1070	277.01001
1071	277.26001
1072	277.64001
1073	277.79999
1074	278.07999
1075	278.16
1076	278.22
1077	278.42999
1078	278.56
1079	278.79001
1080	278.79001
1081	278.87
1082	278.64001
1083	278.45001
1084	278.45001
1085	278.35001
1086	278.45001
1087	278.60001
1088	278.66
1089	278.57999
1090	278.51001
1091	278.51001
1092	278.42999
1093	278.64001
1094	278.67999
1095	278.70001
1096	278.67999
1097	278.66
1098	278.66
1099	278.85001
1100	278.79001
1101	278.76999
1102	278.73999
1103	278.73999
1104	278.82999
1105	278.70001
1106	278.45001
1107	278.48999
1108	278.42999
1109	278.56
1110	278.66
1111	278.73999
1112	278.73999
1113	278.73999
1114	278.60001
1115	278.64001
1116	278.64001
1117	278.67999
1118	278.82999
1119	278.79001
1120	278.64001
1121	278.54001
1122	278.42999
1123	278.42999
1124	278.51001
1125	278.62
1126	278.72
1127	278.73999
1128	278.91
1129	278.91
1130	278.91
1131	278.72
1132	278.66
1133	278.66
1134	278.76999
1135	278.92999
1136	278.92999
1137	279
1138	279.04001
1139	278.97
1140	279.12
1141	278.95001
1142	278.97
1143	278.89001
1144	278.82999
1145	278.76999
1146	278.79001
1147	278.85001
1148	278.64001
1149	278.67999
1150	278.62
1151	278.64001
1152	278.62
1153	278.56
1154	278.47
1155	278.47
1156	278.60001
1157	278.87
1158	278.97
1159	278.92999
1160	278.85001
1161	278.70001
1162	278.70001
1163	278.95001
1164	279.01999
1165	278.95001
1166	278.95001
1167	278.81
1168	278.70001
1169	278.67999
1170	278.64001
1171	278.79001
1172	278.81
1173	278.70001
1174	278.48999
1175	278.45001
1176	278.45001
1177	278.54001
1178	278.54001
1179	278.47
1180	278.45001
1181	278.41
1182	278.37
1183	278.35001
1184	278.37
1185	278.51001
1186	278.67999
1187	278.66
1188	278.70001
1189	278.57999
1190	278.60001
1191	278.56
1192	278.41
1193	278.37
1194	278.37
1195	278.95001
1196	279.06
1197	279.10001
1198	279.01999
1199	278.89001
1200	278.87
1201	278.87
1202	278.82999
1203	278.97
1204	279.06
1205	279.10001
1206	279.14001
1207	279.10001
1208	279.12
1209	279.14001
1210	279.20001
1211	279.17999
1212	279.23001
1213	279.14001
1214	279.12
1215	279.06
1216	278.85001
1217	278.82999
1218	278.76999
1219	278.64001
1220	278.64001
1221	278.81
1222	278.91
1223	278.45001
1224	278.41
1225	278.39001
1226	278.39001
1227	278.22
1228	278.16
1229	278.20001
1230	278.31
1231	278.45001
1232	278.62
1233	278.62
1234	278.79001
1235	278.81
1236	278.76999
1237	278.28
1238	277.67999
1239	277.32001
1240	276.85999
1241	273.45001
1242	270.60999
1243	269.12
1244	266.22
1245	263.35001
1246	262.14001
1247	261.01001
1248	258.73001
1249	258.23001
1250	257.85001
1251	258.73001
1252	259.32001
1253	260.64999
1254	261.23999
1255	262.12
1256	262.62
1257	263.20999
1258	263.92001
1259	264.26999
1260	264.88
1261	265.32001
1262	266.09
1263	266.79999
1264	267.39001
1265	267.39001
1266	267.89001
1267	268.14001
1268	268.35001
1269	268.69
1270	269.17001
1271	269.48001
1272	269.48001
1273	269.67001
1274	269.88
1275	269.94
1276	270.09
1277	270.13
1278	270.20999
1279	270.34
1280	270.92001
1281	271.07001
1282	271.03
1283	271.04999
1284	271.17001
1285	271.22
1286	271.23999
1287	271.54999
1288	271.63
1289	271.60999
1290	271.53
1291	271.45001
1292	271.42001
1293	271.63
1294	271.67999
1295	271.78
1296	271.84
1297	271.84
1298	271.88
1299	271.91
1300	271.92999
1301	272.07001
1302	272.10999
1303	272.09
1304	272.09
1305	272.20001
1306	272.32001
1307	272.34
1308	272.41
1309	272.53
1310	272.45001
1311	272.45001
1312	272.42999
1313	272.34
1314	272.32001
1315	272.28
1316	272.39001
1317	272.53
1318	272.57999
1319	272.54999
1320	272.53
1321	272.67999
1322	272.53
1323	272.54999
1324	272.57999
1325	272.54999
1326	272.47
1327	272.34
1328	272.34
1329	272.41
1330	272.45001
1331	272.57999
1332	272.60001
1333	272.60001
1334	272.34
1335	272.17999
1336	272.17999
1337	272.26001
1338	272.73999
1339	272.57999
1340	272.62
1341	272.60001
1342	272.57999
1343	272.57999
1344	272.66
1345	272.82999
1346	272.78
1347	272.97
1348	272.92999
1349	272.92999
1350	272.87
1351	272.95001
1352	272.95001
1353	272.91
1354	272.73999
1355	272.57999
1356	272.64001
1357	272.62
1358	272.66
1359	272.62
1360	272.51001
1361	272.42999
1362	272.39001
1363	272.48999
1364	272.48999
1365	272.54999
1366	272.64001
1367	272.85001
1368	272.85001
1369	272.91
1370	273.10001
1371	273.22
1372	273.17999
1373	273.10001
1374	273.07999
1375	273.07999
1376	272.92999
1377	272.73999
1378	272.67999
1379	272.47
1380	272.37
1381	272.23999
1382	272.23999
1383	272.29999
1384	272.54999
1385	272.64001
1386	272.62
1387	272.78
1388	272.87
1389	272.89001
1390	272.76001
1391	272.82999
1392	272.78
1393	272.72
1394	272.78
1395	272.85001
1396	272.91
1397	273.16
1398	273.16
1399	273.10001
1400	272.97
1401	272.92999
1402	272.70001
1403	272.66
1404	272.48999
1405	272.53
1406	272.67999
1407	272.67999
1408	273.04001
1409	273.14001
1410	273.20001
1411	273.10001
1412	273.10001
1413	272.97
1414	272.97
1415	272.98999
1416	272.95001
1417	272.92999
1418	272.81
1419	272.76001
1420	272.89001
1421	272.91
1422	272.82999
1423	272.78
1424	272.78
1425	272.67999
1426	272.70001
1427	272.81
1428	272.76001
1429	272.92999
1430	272.97
1431	272.97
1432	272.98999
1433	273.04001
1434	273.16
1435	273.16
1436	273.20001
1437	273.20001
1438	273.20001
1439	273.20001
1440	273.17999
1441	273.26999
1442	273.17999
1443	273.04001
1444	273.16
1445	273.45001
1446	273.45001
1447	273.42999
1448	273.20001
1449	273.06
1450	272.97
1451	273.12
1452	273.29001
1453	273.29001
1454	273.37
1455	273.51999
1456	273.54001
1457	273.37
1458	273.22
1459	273.14001
1460	273.14001
1461	273.04001
1462	273.12
1463	273.10001
1464	273.04001
1465	272.98999
1466	273.10001
1467	273.12
1468	273.26999
1469	273.29001
1470	273.42999
1471	273.51999
1472	273.60001
1473	273.67999
1474	273.62
1475	273.62
1476	273.54001
1477	273.42999
1478	273.42999
1479	273.41
1480	273.35001
1481	273.35001
1482	273.23999
1483	273.23999
1484	273.31
1485	273.31
1486	273.23999
1487	273.29001
1488	273.22
1489	273.17999
1490	273.07999
1491	273.12
1492	273.10001
1493	273.14001
1494	273.12
1495	273.14001
1496	273.12
1497	273.04001
1498	273.04001
1499	273.14001
1500	273.14001
1501	273.01001
1502	272.82999
1503	272.76001
1504	272.81
1505	272.95001
1506	273.04001
1507	273.07999
1508	273.06
1509	273.22
1510	273.29001
1511	273.35001
1512	273.41
1513	273.41
1514	273.04001
1515	272.91
1516	272.91
1517	272.91
1518	272.72
1519	272.57999
1520	272.51001
1521	272.48999
1522	272.41
1523	272.39001
1524	272.39001
1525	272.53
1526	272.47
1527	272.45001
1528	272.32001
1529	272.53
1530	272.82999
1531	273.14001
1532	274.23001
1533	274.51999
1534	274.75
1535	274.95999
1536	275.23001
1537	275.45999
1538	275.73001
1539	276.32001
1540	276.42001
1541	276.64999
1542	276.98999
1543	277.13
1544	277.41
1545	277.54999
1546	277.82001
1547	277.87
1548	277.79999
1549	277.79999
1550	278.12
1551	278.32999
1552	278.31
1553	278.35001
1554	278.31
1555	278.41
1556	278.41
1557	278.66
1558	278.56
1559	278.57999
1560	278.64001
1561	278.70001
1562	278.72
1563	278.72
1564	278.76999
1565	278.67999
1566	278.67999
1567	278.54001
1568	278.51001
1569	278.51001
1570	278.42999
1571	278.45001
1572	278.45001
1573	278.64001
1574	278.76999
1575	278.79001
1576	278.66
1577	278.57999
1578	278.66
1579	278.87
1580	279.01999
1581	279.20001
1582	279.16
1583	279.04001
1584	278.97
1585	278.82999
1586	278.79001
1587	278.81
1588	278.81
1589	278.87
1590	278.92999
1591	278.92999
1592	278.91
1593	278.76999
1594	278.81
1595	278.81
1596	278.72
1597	278.66
1598	278.67999
1599	278.62
1600	278.47
1601	278.51001
1602	278.45001
1603	278.70001
1604	278.72
1605	278.60001
1606	278.54001
1607	278.54001
1608	278.54001
1609	278.62
1610	278.87
1611	278.89001
1612	279
1613	279.07999
1614	279.01999
1615	278.91
1616	278.82999
1617	278.89001
1618	278.97
1619	278.97
1620	278.97
1621	279.16
1622	279.12
1623	279.07999
1624	278.85001
1625	278.79001
1626	278.79001
1627	278.79001
1628	278.85001
1629	278.82999
1630	278.89001
1631	278.95001
1632	279.01999
1633	279.10001
1634	279.10001
1635	278.89001
1636	278.64001
1637	278.72
1638	278.82999
1639	278.97
1640	278.92999
1641	279.14001
1642	279.31
1643	279.25
1644	279.06
1645	278.79001
1646	278.67999
1647	278.64001
1648	278.67999
1649	279.04001
1650	279.12
1651	279.14001
1652	279.12
1653	279.12
1654	279.10001
1655	279.17999
1656	279.26999
1657	279.29001
1658	279.04001
1659	279.04001
1660	278.64001
1661	278.62
1662	278.56
1663	278.67999
1664	278.85001
1665	278.76999
1666	278.76999
1667	278.81
1668	278.81
1669	278.79001
1670	278.72
1671	278.81
1672	278.82999
1673	278.87
1674	278.92999
1675	278.95001
1676	278.82999
1677	278.81
1678	278.81
1679	278.79001
1680	278.91
1681	278.92999
1682	278.82999
1683	278.81
1684	278.70001
1685	278.66
1686	278.57999
1687	278.57999
1688	278.48999
1689	278.41
1690	278.41
1691	278.47
1692	278.56
1693	278.76999
1694	278.73999
1695	278.89001
1696	278.48999
1697	278.14001
1698	278.14001
1699	277.72
1700	277.85001
1701	277.89001
1702	278.03
1703	278.03
1704	278.14001
1705	278.14001
1706	278.26001
1707	278.23999
1708	278.31
1709	278.35001
1710	278.37
1711	278.17999
1712	277.72
1713	274.94
1714	273.66
1715	270.88
1716	268.06
1717	266.92999
1718	264.45999
1719	263.19
1720	259.69
1721	258.94
1722	257.95999
1723	257.57999
1724	257.75
1725	258.32999
1726	258.67001
1727	259.25
1728	259.85999
1729	260.92999
1730	260.92999
1731	262.56
1732	263.20999
1733	263.51999
1734	264.25
1735	264.84
1736	265.57001
1737	265.57001
1738	266.59
1739	266.98999
1740	267.04999
1741	267.42999
1742	267.66
1743	267.82999
1744	267.87
1745	268.35001
1746	268.81
1747	269.10001
1748	269.44
1749	269.48001
1750	269.5
1751	269.51999
1752	269.89999
1753	270.01999
1754	270.32001
1755	270.44
1756	270.44
1757	270.69
1758	270.67001
1759	270.78
1760	270.76001
1761	271.01001
1762	271.03
1763	271.01001
1764	271.14999
1765	271.29999
1766	271.42001
1767	271.39999
1768	271.47
1769	271.47
1770	271.35999
1771	271.34
1772	271.35999
1773	271.47
1774	271.48999
1775	271.57001
1776	271.57001
1777	271.82001
1778	272.01001
1779	272.09
1780	272.22
1781	272.09
1782	272.10999
1783	272.10999
1784	272.16
1785	272.17999
1786	272.26001
1787	272.39001
1788	272.32001
1789	272.26001
1790	272.26001
1791	272.23999
1792	272.22
1793	272.28
1794	272.10999
1795	272.01001
1796	272.01001
1797	272.01001
1798	272.23999
1799	272.42999
1800	272.41
1801	272.41
1802	272.17999
1803	272.07001
1804	272.01001
1805	272.01001
1806	272.09
1807	272.14001
1808	272.14001
1809	272.22
1810	272.28
1811	272.45001
1812	272.64001
1813	272.70001
1814	272.67999
1815	272.67999
1816	272.54999
1817	272.70001
1818	272.73999
1819	272.87
1820	272.91
1821	272.87
1822	272.81
1823	272.70001
1824	272.64001
1825	272.48999
1826	272.60001
1827	272.70001
1828	272.81
1829	272.82999
1830	272.70001
1831	272.54999
1832	272.37
1833	272.20001
1834	272.20001
1835	272.41
1836	272.47
1837	272.82999
1838	272.82999
1839	272.64001
1840	272.64001
1841	272.34
1842	272.22
1843	272.22
1844	272.34
1845	272.32001
1846	272.51001
1847	272.51001
1848	272.54999
1849	272.42999
1850	272.29999
1851	272.28
1852	272.41
1853	272.47
1854	272.47
1855	272.32001
1856	272.14001
1857	271.97
1858	271.98999
1859	272.04999
1860	272.03
1861	272.07001
1862	272.09
1863	272.04999
1864	272.01001
1865	272.04999
1866	272.14001
1867	272.17999
1868	272.32001
1869	272.42999
1870	272.29999
1871	272.41
1872	272.41
1873	272.51001
1874	272.37
1875	272.28
1876	272.17999
1877	272.10999
1878	272.09
1879	272.09
1880	272.16
1881	272.16
1882	272.14001
1883	272.14001
1884	272.16
1885	272.32001
1886	272.32001
1887	272.34
1888	272.37
1889	272.32001
1890	272.37
1891	272.45001
1892	272.51001
1893	272.54999
1894	272.53
1895	272.48999
1896	272.39001
1897	272.28
1898	272.22
1899	272.28
1900	272.37
1901	272.45001
1902	272.51001
1903	272.57999
1904	272.73999
1905	272.73999
1906	272.72
1907	272.67999
1908	272.60001
1909	272.48999
1910	272.42999
1911	272.42999
1912	272.51001
1913	272.53
1914	272.53
1915	272.45001
1916	272.41
1917	272.47
1918	272.47
1919	272.67999
1920	272.76001
1921	272.85001
1922	272.95001
1923	272.98999
1924	273.07999
1925	273.07999
1926	272.91
1927	272.85001
1928	272.72
1929	272.67999
1930	272.73999
1931	272.73999
1932	272.78
1933	272.76001
1934	272.76001
1935	272.72
1936	272.70001
1937	272.91
1938	273.06
1939	273.14001
1940	273.07999
1941	272.98999
1942	272.76001
1943	272.76001
1944	272.62
1945	272.67999
1946	272.64001
1947	272.66
1948	272.62
1949	272.60001
1950	272.60001
1951	272.42999
1952	272.32001
1953	272.26001
1954	272.26001
1955	272.17999
1956	272.20001
1957	272.20001
1958	272.26001
1959	272.45001
1960	272.47
1961	272.60001
1962	272.64001
1963	272.76001
1964	272.82999
1965	272.89001
1966	272.85001
1967	272.70001
1968	272.76001
1969	272.73999
1970	272.91
1971	272.95001
1972	272.82999
1973	272.91
1974	272.76001
1975	272.72
1976	272.72
1977	272.57999
1978	272.47
1979	272.53
1980	272.57999
1981	272.51001
1982	272.51001
1983	272.67999
1984	272.81
1985	272.82999
1986	272.82999
1987	272.73999
1988	272.57999
1989	272.57999
1990	272.82999
1991	273.23999
1992	273.23999
1993	273.14001
1994	272.81
1995	272.72
1996	272.53
1997	272.32001
1998	272.41
1999	272.48999
2000	272.54999
2001	272.60001
2002	272.70001
2003	272.73999
2004	273.20001
2005	273.32999
2006	273.64001
2007	274.20999
2008	274.60001
2009	275.31
2010	275.54001
2011	276.09
2012	276.42001
2013	276.72
2014	276.89999
2015	277.07001
2016	277.23999
2017	277.32001
2018	277.54999
2019	277.78
2020	277.85001
2021	277.85001
2022	278.10001
2023	278.04999
2024	278.01001
2025	278.01001
2026	278.16
2027	278.28
2028	278.28
2029	278.28
2030	278.35001
2031	278.31
2032	278.26001
2033	278.31
2034	278.37
2035	278.32999
2036	278.42999
2037	278.41
2038	278.45001
2039	278.26001
2040	278.16
2041	278.17999
2042	278.22
2043	278.32999
2044	278.32999
2045	278.41
2046	278.56
2047	278.56
2048	278.62
2049	278.56
2050	278.41
2051	278.14001
2052	277.92999
2053	277.92999
2054	277.79999
2055	277.85001
2056	278.03
2057	278.31
2058	278.37
2059	278.47
2060	278.47
2061	278.35001
2062	278.41
2063	278.45001
2064	278.48999
2065	278.51001
2066	278.48999
2067	278.48999
2068	278.47
2069	278.47
2070	278.51001
2071	278.66
2072	278.67999
2073	278.64001
2074	278.54001
2075	278.35001
2076	278.31
2077	278.35001
2078	278.45001
2079	278.62
2080	278.76999
2081	278.87
2082	278.85001
2083	278.92999
2084	278.82999
2085	278.64001
2086	278.45001
2087	278.26001
2088	278.16
2089	278.07999
2090	277.87
2091	277.85001
2092	277.85001
2093	278.10001
2094	278.23999
2095	278.28
2096	278.17999
2097	278.26001
2098	278.28
2099	278.28
2100	278.12
2101	278.12
2102	278.16
2103	278.31
2104	278.35001
2105	278.32999
2106	278.42999
2107	278.51001
2108	278.47
2109	278.41
2110	278.62
2111	278.60001
2112	278.57999
2113	278.56
2114	278.54001
2115	278.51001
2116	278.31
2117	278.28
2118	278.22
2119	278.14001
2120	278.01001
2121	277.98999
2122	277.98999
2123	278.03
2124	278.03
2125	278.17999
2126	278.37
2127	278.39001
2128	278.39001
2129	278.51001
2130	278.47
2131	278.47
2132	278.28
2133	278.42999
2134	278.45001
2135	278.41
2136	278.17999
2137	278.10001
2138	278.10001
2139	278.16
2140	278.28
2141	278.20001
2142	278.17999
2143	278.17999
2144	278.20001
2145	278.20001
2146	277.97
2147	277.89001
2148	277.89001
2149	277.95001
2150	278.01001
2151	277.95001
2152	278.01001
2153	277.91
2154	277.92999
2155	278.16
2156	278.41
2157	278.57999
2158	278.66
2159	278.70001
2160	278.81
2161	278.82999
2162	278.72
2163	278.72
2164	278.64001
2165	278.41
2166	278.39001
2167	278.35001
2168	278.51001
2169	278.32999
2170	278.32999
2171	278.32999
2172	278.28
2173	278.26001
2174	278.16
2175	278.26001
2176	278.23999
2177	278.23999
2178	278.17999
2179	278.26001
2180	278.32999
2181	278.42999
2182	278.45001
2183	278.41
2184	278.37
2185	277.13
2186	276.23001
2187	273.56
2188	269.54001
2189	267.79001
2190	264.67001
2191	263.16
2192	260.26001
2193	258.14999
2194	256.48999
2195	255.36
2196	255.05
2197	254.82001
2198	254.89999
2199	255.34
2200	256.03
2201	256.85001
2202	256.85001
2203	258
2204	258.76999
2205	259.26999
2206	260.59
2207	261.76001
2208	263.01999
2209	263.01999
2210	264.19
2211	264.94
2212	265.29999
2213	266.01001
2214	266.38
2215	266.54999
2216	266.73999
2217	267.28
2218	267.41
2219	267.87
2220	268.07999
2221	268.20001
2222	268.42999
2223	268.62
2224	268.92001
2225	269
2226	269.26999
2227	269.64999
2228	269.70999
2229	269.89999
2230	269.88
2231	270
2232	270.25
2233	270.39999
2234	270.39999
2235	270.57001
2236	270.67001
2237	270.67001
2238	270.84
2239	270.85999
2240	270.89999
2241	270.89999
2242	271.03
2243	271.14999
2244	271.19
2245	271.29999
2246	271.28
2247	271.26001
2248	271.28
2249	271.63
2250	271.78
2251	271.73999
2252	271.82001
2253	271.88
2254	271.91
2255	271.95001
2256	271.85999
2257	271.92999
2258	272.04999
2259	271.88
2260	271.84
2261	271.85999
2262	271.88
2263	271.98999
2264	272.17999
2265	272.29999
2266	272.26001
2267	272.22
2268	272.01001
2269	271.91
2270	271.84
2271	271.91
2272	271.92999
2273	271.92999
2274	272.03
2275	272.10999
2276	272.26001
2277	272.45001
2278	272.45001
2279	272.51001
2280	272.51001
2281	272.45001
2282	272.32001
2283	272.16
2284	271.98999
2285	272.07001
2286	272.04999
2287	271.98999
2288	271.98999
2289	272.03
2290	272.03
2291	272.03
2292	271.92999
2293	271.97
2294	271.91
2295	272.07001
2296	272.16
2297	272.14001
2298	272.23999
2299	272.22
2300	272.32001
2301	272.29999
2302	272.22
2303	272.22
2304	272.07001
2305	272.07001
2306	272.03
2307	272.14001
2308	272.32001
2309	272.53
2310	272.48999
2311	272.51001
2312	272.51001
2313	272.82999
2314	272.81
2315	272.62
2316	272.29999
2317	272.10999
2318	272.09
2319	272.09
2320	272.32001
2321	272.41
2322	272.45001
2323	272.37
2324	272.39001
2325	272.39001
2326	272.37
2327	272.67999
2328	272.70001
2329	272.70001
2330	272.53
2331	272.45001
2332	272.47
2333	272.45001
2334	272.51001
2335	272.60001
2336	272.54999
2337	272.54999
2338	272.54999
2339	272.39001
2340	272.34
2341	272.22
2342	272.26001
2343	272.23999
2344	272.23999
2345	272.23999
2346	272.29999
2347	272.45001
2348	272.47
2349	272.32001
2350	272.29999
2351	272.29999
2352	272.29999
2353	272.37
2354	272.37
2355	272.48999
2356	272.51001
2357	272.62
2358	272.70001
2359	272.78
2360	272.66
2361	272.42999
2362	272.54999
2363	272.51001
2364	272.51001
2365	272.47
2366	272.34
2367	272.57999
2368	272.64001
2369	272.72
2370	272.72
2371	272.66
2372	272.73999
2373	272.76001
2374	272.64001
2375	272.66
2376	272.66
2377	272.76001
2378	272.91
2379	272.85001
2380	272.92999
2381	272.66
2382	272.54999
2383	272.54999
2384	272.54999
2385	272.47
2386	272.45001
2387	272.62
2388	272.91
2389	272.98999
2390	272.98999
2391	272.82999
2392	272.78
2393	272.81
2394	272.70001
2395	272.64001
2396	272.53
2397	272.57999
2398	272.72
2399	272.72
2400	272.81
2401	272.64001
2402	272.60001
2403	272.41
2404	272.28
2405	272.32001
2406	272.32001
2407	272.29999
2408	272.53
2409	272.60001
2410	272.78
2411	272.87
2412	272.97
2413	272.92999
2414	272.85001
2415	272.85001
2416	272.64001
2417	272.70001
2418	272.72
2419	272.67999
2420	272.70001
2421	272.73999
2422	272.73999
2423	272.67999
2424	272.76001
2425	272.82999
2426	272.85001
2427	272.89001
2428	272.92999
2429	272.97
2430	272.92999
2431	272.85001
2432	272.82999
2433	272.87
2434	272.97
2435	272.98999
2436	272.97
2437	272.92999
2438	272.89001
2439	272.97
2440	272.97
2441	272.95001
2442	273.10001
2443	273.16
2444	273.07999
2445	272.95001
2446	272.82999
2447	272.82999
2448	272.53
2449	272.54999
2450	272.53
2451	272.57999
2452	272.64001
2453	272.73999
2454	272.73999
2455	272.73999
2456	272.81
2457	272.87
2458	272.87
2459	272.95001
2460	272.89001
2461	272.89001
2462	272.87
2463	272.98999
2464	272.97
2465	272.82999
2466	272.51001
2467	272.39001
2468	272.29999
2469	271.92999
2470	271.92999
2471	272.03
2472	272.16
2473	272.14001
2474	272.01001
2475	271.85999
2476	271.85999
2477	272.07001
2478	272.78
2479	273.66
2480	273.95999
2481	274.26999
2482	274.44
2483	274.94
2484	275.35999
2485	275.79999
2486	275.79999
2487	276.34
2488	276.57001
2489	276.76001
2490	277.01001
2491	277.13
2492	277.34
2493	277.34
2494	277.48999
2495	277.72
2496	277.79999
2497	277.89001
2498	277.91
2499	277.95001
2500	277.95001
2501	278.01001
2502	278.01001
2503	277.98999
2504	277.92999
2505	277.92999
2506	277.97
2507	278.03
2508	278.10001
2509	277.97
2510	277.89001
2511	277.87
2512	277.97
2513	278.32999
2514	278.54001
2515	278.48999
2516	278.47
2517	278.42999
2518	278.37
2519	278.35001
2520	278.45001
2521	278.57999
2522	278.60001
2523	278.39001
2524	278.37
2525	278.37
2526	278.64001
2527	278.67999
2528	278.62
2529	278.51001
2530	278.41
2531	278.35001
2532	278.35001
2533	278.35001
2534	278.39001
2535	278.39001
2536	278.32999
2537	278.66
2538	278.67999
2539	278.70001
2540	278.60001
2541	278.62
2542	278.51001
2543	278.60001
2544	278.56
2545	278.37
2546	278.37
2547	278.41
2548	278.35001
2549	278.37
2550	278.39001
2551	278.47
2552	278.62
2553	278.60001
2554	278.60001
2555	278.62
2556	278.42999
2557	278.42999
2558	278.07999
2559	278.03
2560	278.16
2561	278.56
2562	278.67999
2563	278.56
2564	278.56
2565	278.39001
2566	278.41
2567	278.32999
2568	278.35001
2569	278.32999
2570	278.42999
2571	278.41
2572	278.41
2573	278.41
2574	278.51001
2575	278.67999
2576	278.73999
2577	278.76999
2578	278.64001
2579	278.26001
2580	278.17999
2581	278.20001
2582	278.16
2583	278.07999
2584	278.22
2585	278.20001
2586	278.28
2587	278.39001
2588	278.56
2589	278.41
2590	278.31
2591	278.01001
2592	277.91
2593	277.70001
2594	277.59
2595	277.67999
2596	277.67999
2597	278.01001
2598	278.22
2599	278.31
2600	278.39001
2601	278.26001
2602	278.10001
2603	278.10001
2604	278.31
2605	278.32999
2606	278.31
2607	278.07999
2608	278.03
2609	278.12
2610	278.10001
2611	277.97
2612	278.03
2613	278.14001
2614	278.20001
2615	278.31
2616	278.35001
2617	278.32999
2618	278.48999
2619	278.54001
2620	278.66
2621	278.72
2622	278.70001
2623	278.72
2624	278.64001
2625	278.37
2626	278.12
2627	277.87
2628	277.87
2629	277.64001
2630	277.64001
2631	277.72
2632	278.12
2633	278.32999
2634	278.45001
2635	278.45001
2636	278.42999
2637	278.32999
2638	278.17999
2639	278.12
2640	278.04999
2641	278.03
2642	278.03
2643	277.92999
2644	277.87
2645	277.89001
2646	277.95001
2647	277.87
2648	277.85001
2649	277.73999
2650	277.85001
2651	277.79999
2652	278.04999
2653	278.16
2654	278.20001
2655	278.39001
2656	278.42999
2657	278.14001
2658	277.79999
2659	276.79999
2660	275.19
2661	274.56
2662	272.20001
2663	270.44
2664	266.32001
2665	262.62
2666	259.64999
2667	259.64999
2668	256.76001
2669	255.67999
2670	255.2
2671	254.67
2672	254.97
2673	256.14001
2674	256.14001
2675	258.92001
2676	260.51001
2677	261.09
2678	262.10001
2679	263.01999
2680	263.48001
2681	263.79001
2682	264.67001
2683	264.92001
2684	265.32001
2685	265.59
2686	266.01001
2687	266.28
2688	266.48999
2689	267.07001
2690	267.22
2691	267.70001
2692	268.04001
2693	268.14001
2694	268.32999
2695	268.51999
2696	269
2697	269.25
2698	269.31
2699	269.31
2700	269.5
2701	269.73001
2702	269.79001
2703	270.01999
2704	270.13
2705	270.39999
2706	270.39999
2707	270.35999
2708	270.48001
2709	270.53
2710	270.69
2711	270.70999
2712	270.76001
2713	270.76001
2714	270.94
2715	270.92001
2716	270.88
2717	270.94
2718	270.94
2719	270.95999
2720	271.01001
2721	271.13
2722	271.10999
2723	271.22
2724	271.14999
2725	271.26001
2726	271.23999
2727	271.29999
2728	271.64999
2729	271.76001
2730	271.59
2731	271.39999
2732	271.34
2733	271.28
2734	271.26001
2735	271.22
2736	271.23999
2737	271.39999
2738	271.39999
2739	271.57001
2740	271.60999
2741	271.54999
2742	271.53
2743	271.64999
2744	271.59
2745	271.59
2746	271.45001
2747	271.59
2748	271.64999
2749	271.92999
2750	271.97
2751	271.97
2752	271.91
2753	271.76001
2754	271.73999
2755	271.73999
2756	271.79999
2757	271.91
2758	272.03
2759	272.07001
2760	271.97
2761	271.84
2762	271.85999
2763	271.92999
2764	272.03
2765	272.04999
2766	272.09
2767	272.07001
2768	272.03
2769	272.01001
2770	272.01001
2771	271.82001
2772	271.88
2773	271.82001
2774	271.88
2775	271.79999
2776	271.92999
2777	271.92999
2778	272.07001
2779	272.20001
2780	272.29999
2781	272.47
2782	272.66
2783	272.57999
2784	272.57999
2785	272.53
2786	272.53
2787	272.62
2788	272.60001
2789	272.51001
2790	272.41
2791	272.32001
2792	272.23999
2793	272.20001
2794	272.22
2795	272.23999
2796	272.26001
2797	272.32001
2798	272.26001
2799	272.22
2800	272.26001
2801	272.34
2802	272.34
2803	272.29999
2804	272.34
2805	272.37
2806	272.29999
2807	272.26001
2808	272.01001
2809	272.01001
2810	271.79999
2811	271.88
2812	271.88
2813	271.95001
2814	271.97
2815	272.04999
2816	272.04999
2817	272.23999
2818	272.32001
2819	272.32001
2820	272.37
2821	272.28
2822	272.23999
2823	272.22
2824	272.07001
2825	272.16
2826	272.16
2827	272.09
2828	272.23999
2829	272.26001
2830	272.34
2831	272.48999
2832	272.45001
2833	272.48999
2834	272.39001
2835	272.34
2836	272.26001
2837	272.29999
2838	272.32001
2839	272.29999
2840	272.51001
2841	272.54999
2842	272.60001
2843	272.76001
2844	272.92999
2845	272.87
2846	272.85001
2847	272.64001
2848	272.64001
2849	272.37
2850	272.57999
2851	272.54999
2852	272.45001
2853	272.29999
2854	272.20001
2855	272.20001
2856	272.16
2857	272.17999
2858	272.29999
2859	272.20001
2860	272.20001
2861	272.22
2862	272.26001
2863	272.32001
2864	272.45001
2865	272.47
2866	272.53
2867	272.47
2868	272.42999
2869	272.51001
2870	272.73999
2871	272.81
2872	272.78
2873	272.66
2874	272.57999
2875	272.48999
2876	272.47
2877	272.39001
2878	272.41
2879	272.39001
2880	272.39001
2881	272.53
2882	272.57999
2883	272.62
2884	272.53
2885	272.39001
2886	272.37
2887	272.37
2888	272.14001
2889	271.97
2890	272.03
2891	272.20001
2892	272.41
2893	272.28
2894	272.28
2895	272.23999
2896	272.17999
2897	272.10999
2898	272.17999
2899	272.32001
2900	272.34
2901	272.41
2902	272.60001
2903	272.67999
2904	272.82999
2905	272.72
2906	272.66
2907	272.47
2908	272.48999
2909	272.41
2910	272.34
2911	272.41
2912	272.42999
2913	272.39001
2914	272.29999
2915	272.26001
2916	272.37
2917	272.42999
2918	272.45001
2919	272.45001
2920	272.81
2921	272.89001
2922	272.78
2923	272.53
2924	272.45001
2925	272.42999
2926	272.42999
2927	272.28
2928	272.42999
2929	272.42999
2930	272.34
2931	272.47
2932	272.62
2933	272.54999
2934	272.57999
2935	272.53
2936	272.39001
2937	272.28
2938	272.42999
2939	272.42999
2940	272.42999
2941	271.95001
2942	271.78
2943	271.64999
2944	271.64999
2945	271.72
2946	271.73999
2947	271.79999
2948	272.01001
2949	272.45001
2950	272.87
2951	272.87
2952	273.5
2953	273.98001
2954	274.12
2955	274.67001
2956	275.59
2957	276.14999
2958	276.14999
2959	276.44
2960	276.60999
2961	276.72
2962	276.98999
2963	277.32001
2964	277.39001
2965	277.39001
2966	277.48999
2967	277.59
2968	277.62
2969	277.78
2970	277.92999
2971	278.03
2972	278.07999
2973	278.20001
2974	278.14001
2975	278.23999
2976	278.42999
2977	278.57999
2978	278.66
2979	278.56
2980	277.66
2981	277.51001
2982	277.51001
2983	277.57001
2984	277.70001
2985	278.10001
2986	278.16
2987	278.32999
2988	278.56
2989	278.60001
2990	278.60001
2991	278.60001
2992	278.73999
2993	278.70001
2994	278.66
2995	278.87
2996	278.89001
2997	278.89001
2998	279.16
2999	279.12
3000	279.04001
3001	278.95001
3002	278.79001
3003	278.76999
3004	278.72
3005	278.57999
3006	278.28
3007	278.16
3008	278.26001
3009	278.17999
3010	278.14001
3011	278.14001
3012	278.23999
3013	278.26001
3014	278.28
3015	278.37
3016	278.42999
3017	278.45001
3018	278.60001
3019	278.64001
3020	278.54001
3021	278.47
3022	278.47
3023	278.45001
3024	278.37
3025	278.23999
3026	278.22
3027	278.12
3028	277.92999
3029	277.92999
3030	278.04999
3031	278.07999
3032	278.12
3033	278.26001
3034	278.16
3035	277.92999
3036	277.92999
3037	277.82001
3038	277.87
3039	277.91
3040	277.89001
3041	277.98999
3042	278.10001
3043	278.17999
3044	278.35001
3045	278.51001
3046	278.60001
3047	278.48999
3048	278.41
3049	278.35001
3050	278.41
3051	278.42999
3052	278.54001
3053	278.60001
3054	278.57999
3055	278.51001
3056	278.48999
3057	278.48999
3058	278.51001
3059	278.45001
3060	278.16
3061	278.16
3062	278.04999
3063	278.03
3064	278.03
3065	278.04999
3066	278.12
3067	278.31
3068	278.31
3069	278.51001
3070	278.57999
3071	278.47
3072	278.12
3073	277.98999
3074	278.04999
3075	278.03
3076	278.16
3077	278.04999
3078	278.03
3079	278.10001
3080	278.20001
3081	278.22
3082	278.23999
3083	278.28
3084	278.26001
3085	278.26001
3086	278.28
3087	278.32999
3088	278.32999
3089	278.37
3090	278.32999
3091	278.28
3092	278.37
3093	278.41
3094	278.41
3095	278.35001
3096	278.22
3097	277.87
3098	277.85001
3099	277.87
3100	277.87
3101	278.22
3102	278.39001
3103	278.47
3104	278.39001
3105	278.35001
3106	278.31
3107	278.31
3108	278.20001
3109	278.31
3110	278.32999
3111	278.32999
3112	278.12
3113	278.04999
3114	278.01001
3115	278.12
3116	278.07999
3117	277.66
3118	277.45001
3119	277.34
3120	277.17999
3121	277.17999
3122	277.20001
3123	277.28
3124	277.42999
3125	277.79999
3126	277.98999
3127	278.32999
3128	278.45001
3129	278.60001
3130	278.42999
3131	277.91
3132	277.91
3133	276.32001
3134	274.19
3135	272.72
3136	269.32999
3137	265.95001
3138	262.51999
3139	262.51999
3140	258.20999
3141	256.60001
3142	256.12
3143	255.67999
3144	255.87
3145	256.79001
3146	256.79001
3147	258.31
3148	259.09
3149	259.44
3150	260.23999
3151	261.37
3152	261.89001
3153	262.35001
3154	264.01999
3155	264.5
3156	265.39999
3157	265.97
3158	266.03
3159	266.35999
3160	266.53
3161	266.91
3162	267.01001
3163	267.32999
3164	267.76999
3165	268
3166	268.32999
3167	268.45999
3168	268.82999
3169	269.39999
3170	269.70999
3171	269.70999
3172	269.75
3173	269.89999
3174	270.01999
3175	270.38
3176	270.69
3177	270.76001
3178	270.76001
3179	270.59
3180	270.64999
3181	270.64999
3182	270.76001
3183	270.84
3184	270.78
3185	270.78
3186	270.82001
3187	270.95999
3188	271.04999
3189	271.09
3190	271.22
3191	271.34
3192	271.29999
3193	271.51001
3194	271.47
3195	271.42001
3196	271.39999
3197	271.39999
3198	271.48999
3199	271.54999
3200	271.63
3201	271.60999
3202	271.59
3203	271.59
3204	271.78
3205	271.91
3206	271.91
3207	271.92999
3208	272.07001
3209	272.20001
3210	272.20001
3211	272.14001
3212	271.95001
3213	271.95001
3214	271.72
3215	271.63
3216	271.72
3217	271.72
3218	271.82001
3219	271.79999
3220	271.84
3221	272.04999
3222	272.14001
3223	272.10999
3224	272.09
3225	272.10999
3226	272.07001
3227	272.07001
3228	272.10999
3229	272.07001
3230	272.09
3231	272.10999
3232	272.16
3233	272.14001
3234	272.20001
3235	272.34
3236	272.37
3237	272.26001
3238	272.22
3239	272.22
3240	272.37
3241	272.53
3242	272.53
3243	273.07999
3244	273.04001
3245	273.01001
3246	273.04001
3247	272.85001
3248	272.78
3249	272.78
3250	272.81
3251	272.70001
3252	272.60001
3253	272.42999
3254	272.28
3255	272.16
3256	272.16
3257	272.29999
3258	272.34
3259	272.20001
3260	272.10999
3261	271.98999
3262	272.03
3263	272.09
3264	272.42999
3265	272.54999
3266	272.66
3267	272.66
3268	272.73999
3269	272.72
3270	272.70001
3271	272.73999
3272	272.78
3273	272.81
3274	272.82999
3275	272.81
3276	272.76001
3277	272.78
3278	272.73999
3279	272.72
3280	272.70001
3281	272.70001
3282	272.60001
3283	272.53
3284	272.54999
3285	272.92999
3286	273.12
3287	272.89001
3288	272.89001
3289	272.64001
3290	272.51001
3291	272.48999
3292	272.57999
3293	272.72
3294	272.73999
3295	272.82999
3296	272.76001
3297	272.81
3298	272.78
3299	272.78
3300	272.78
3301	272.89001
3302	272.89001
3303	273.16
3304	273.20001
3305	273.23999
3306	273.14001
3307	273.12
3308	273.07999
3309	273.04001
3310	273.23999
3311	273.39001
3312	273.32999
3313	273.32999
3314	273.10001
3315	272.91
3316	272.89001
3317	272.67999
3318	272.70001
3319	272.91
3320	272.91
3321	272.92999
3322	272.76001
3323	272.67999
3324	272.57999
3325	272.60001
3326	272.64001
3327	272.64001
3328	272.42999
3329	272.54999
3330	272.53
3331	272.70001
3332	272.78
3333	272.81
3334	272.81
3335	272.73999
3336	272.78
3337	272.72
3338	272.62
3339	272.64001
3340	272.67999
3341	272.70001
3342	272.76001
3343	272.76001
3344	272.53
3345	272.47
3346	272.53
3347	272.62
3348	272.67999
3349	272.76001
3350	272.89001
3351	272.91
3352	272.91
3353	272.78
3354	272.82999
3355	272.73999
3356	272.57999
3357	272.60001
3358	272.73999
3359	272.73999
3360	272.70001
3361	272.78
3362	272.62
3363	272.64001
3364	272.66
3365	272.67999
3366	272.73999
3367	272.95001
3368	273.01001
3369	272.97
3370	272.87
3371	272.89001
3372	272.82999
3373	272.67999
3374	272.39001
3375	272.37
3376	272.32001
3377	272.37
3378	272.42999
3379	272.45001
3380	272.48999
3381	272.23999
3382	272.03
3383	272.03
3384	272.03
3385	272.29999
3386	272.26001
3387	272.37
3388	272.54999
3389	272.53
3390	272.51001
3391	272.51001
3392	272.66
3393	272.73999
3394	272.81
3395	272.78
3396	272.81
3397	272.70001
3398	272.70001
3399	272.67999
3400	272.62
3401	272.62
3402	272.67999
3403	272.67999
3404	272.57999
3405	272.60001
3406	272.60001
3407	272.62
3408	272.60001
3409	272.76001
3410	272.82999
3411	272.87
3412	272.81
3413	272.37
3414	272.26001
3415	271.97
3416	271.88
3417	272.01001
3418	272.10999
3419	272.28
3420	272.16
3421	272.07001
3422	272.04999
3423	272.04999
3424	272.39001
3425	272.82999
3426	273.17999
3427	273.87
3428	274.32999
3429	274.88
3430	274.88
3431	275.17001
3432	275.64999
3433	275.88
3434	276.19
3435	276.45999
3436	276.60999
3437	276.78
3438	277.09
3439	277.07001
3440	277.04999
3441	276.85999
3442	276.82001
3443	276.85999
3444	277.01001
3445	277.41
3446	277.57001
3447	277.72
3448	277.76001
3449	277.89001
3450	277.70001
3451	277.57001
3452	277.53
3453	277.67999
3454	277.79999
3455	277.72
3456	277.59
3457	277.47
3458	277.47
3459	277.53
3460	277.70001
3461	277.89001
3462	277.89001
3463	278.01001
3464	278.04999
3465	278.12
3466	278.22
3467	278.14001
3468	278.03
3469	278.03
3470	278.07999
3471	277.89001
3472	277.95001
3473	277.91
3474	277.91
3475	277.82001
3476	277.73999
3477	277.45001
3478	277.41
3479	277.47
3480	277.57001
3481	277.64001
3482	277.79999
3483	277.85001
3484	277.95001
3485	277.95001
3486	277.97
3487	278.03
3488	278.01001
3489	278.12
3490	278.10001
3491	278.23999
3492	278.41
3493	278.48999
3494	278.48999
3495	278.31
3496	278.20001
3497	278.03
3498	278.03
3499	278.22
3500	278.23999
3501	278.23999
3502	278.23999
3503	278.35001
3504	278.41
3505	278.31
3506	278.28
3507	278.23999
3508	278.20001
3509	278.51001
3510	278.62
3511	278.60001
3512	278.35001
3513	278.22
3514	278.12
3515	278.17999
3516	278.41
3517	278.48999
3518	278.57999
3519	278.42999
3520	278.28
3521	278.07999
3522	277.97
3523	277.92999
3524	277.91
3525	277.89001
3526	277.67999
3527	277.64001
3528	277.53
3529	277.64001
3530	278.03
3531	278.31
3532	278.28
3533	278.28
3534	278.12
3535	278.01001
3536	277.97
3537	277.87
3538	277.66
3539	277.82001
3540	277.82001
3541	278.07999
3542	278.16
3543	278.28
3544	278.35001
3545	278.37
3546	278.41
3547	278.37
3548	278.23999
3549	278.16
3550	278.14001
3551	278.12
3552	278.04999
3553	277.92999
3554	277.91
3555	277.89001
3556	277.87
3557	277.82001
3558	277.98999
3559	278.03
3560	278.01001
3561	278.07999
3562	277.92999
3563	277.91
3564	277.85001
3565	277.85001
3566	277.82001
3567	277.82001
3568	277.87
3569	277.87
3570	278.03
3571	278.32999
3572	278.32999
3573	278.45001
3574	278.37
3575	278.23999
3576	278.12
3577	278.12
3578	278.16
3579	278.16
3580	278.04999
3581	278.14001
3582	278.26001
3583	278.32999
3584	278.20001
3585	278.12
3586	278.04999
3587	277.95001
3588	277.98999
3589	277.92999
3590	277.70001
3591	277.78
3592	277.78
3593	277.73999
3594	277.67999
3595	277.82001
3596	277.97
3597	278.04999
3598	278.07999
3599	278.17999
3600	278.28
3601	278.35001
3602	278.35001
3603	278.28
3604	278.28
3605	277.01001
3606	276.10999
3607	275.5
3608	273.22
3609	269.44
3610	265.48999
3611	265.48999
3612	260.03
3613	257.39001
3614	256.39001
3615	254.95
3616	254.21001
3617	254.11
3618	254.19
3619	255.72
3620	257.17999
3621	257.73001
3622	259.13
3623	260.39999
3624	260.88
3625	261.53
3626	262.75
3627	263.06
3628	263.57999
3629	264.13
3630	264.48001
3631	265.09
3632	265.38
3633	266.03
3634	266.57001
3635	267.20001
3636	267.20001
3637	267.85001
3638	268.06
3639	268.25
3640	268.5
3641	268.89001
3642	269.19
3643	269.19
3644	269.44
3645	269.51999
3646	269.54001
3647	269.79001
3648	269.92001
3649	270.17001
3650	270.17001
3651	270.59
3652	270.60999
3653	270.64999
3654	270.70999
3655	270.78
3656	270.78
3657	270.79999
3658	271.04999
3659	271.10999
3660	271.03
3661	270.94
3662	270.85999
3663	270.76001
3664	270.79999
3665	270.78
3666	270.82001
3667	270.79999
3668	270.94
3669	271.01001
3670	271.10999
3671	271.23999
3672	271.51001
3673	271.57001
3674	271.88
3675	271.88
3676	272.16
3677	272.22
3678	272.17999
3679	272.03
3680	271.82001
3681	271.88
3682	271.88
3683	271.98999
3684	272.03
3685	272.07001
3686	272.29999
3687	272.29999
3688	272.23999
3689	272.09
3690	271.72
3691	271.63
3692	271.67999
3693	271.76001
3694	271.73999
3695	271.70001
3696	271.76001
3697	272.03
3698	272.16
3699	272.04999
3700	272.10999
3701	272.10999
3702	272.22
3703	272.16
3704	272.20001
3705	272.22
3706	272.26001
3707	272.26001
3708	272.04999
3709	272.07001
3710	272.17999
3711	272.28
3712	272.20001
3713	272.10999
3714	272.10999
3715	272.04999
3716	271.78
3717	271.70001
3718	271.42001
3719	271.22
3720	270.89999
3721	270.89999
3722	270.54999
3723	270.53
3724	270.5
3725	270.39999
3726	270.48001
3727	270.5
3728	270.48001
3729	270.5
3730	270.57001
3731	270.59
3732	270.38
3733	270.32001
3734	270.09
3735	270.17001
3736	270.26999
3737	270.26999
3738	270.32001
3739	270.19
3740	270.17001
3741	270.19
3742	270.25
3743	270.32001
3744	270.19
3745	270.09
3746	270.09
3747	270
3748	270.07001
3749	270.04001
3750	270.09
3751	270.14999
3752	270.10999
3753	270.10999
3754	269.95999
3755	269.81
3756	269.85999
3757	269.88
3758	270.01999
3759	270.10999
3760	270.14999
3761	270.23001
3762	270.26999
3763	270.25
3764	270.14999
3765	270.25
3766	270.25
3767	270.19
3768	270.17001
3769	270.09
3770	270.07001
3771	270.04001
3772	270.09
3773	270.10999
3774	270.14999
3775	270.20999
3776	270.26999
3777	270.35999
3778	270.32001
3779	270.38
3780	270.42001
3781	270.42001
3782	270.54999
3783	270.63
3784	270.67001
3785	270.67001
3786	270.54999
3787	270.39999
3788	270.48001
3789	270.57001
3790	270.63
3791	270.63
3792	270.63
3793	270.57001
3794	270.53
3795	270.53
3796	270.53
3797	270.44
3798	270.48001
3799	270.48001
3800	270.5
3801	270.64999
3802	270.63
3803	270.69
3804	270.76001
3805	270.76001
3806	270.79999
3807	270.60999
3808	270.57001
3809	270.57001
3810	270.45999
3811	270.45999
3812	270.44
3813	270.44
3814	270.53
3815	270.60999
3816	270.60999
3817	270.60999
3818	270.64999
3819	270.57001
3820	270.5
3821	270.35999
3822	270.35999
3823	270.17001
3824	270.17001
3825	270.13
3826	270.20999
3827	270.25
3828	270.39999
3829	270.44
3830	270.48001
3831	270.48001
3832	270.48001
3833	270.48001
3834	270.42001
3835	270.53
3836	270.53
3837	270.54999
3838	270.57001
3839	270.59
3840	270.63
3841	270.69
3842	270.73001
3843	270.64999
3844	270.64999
3845	270.73001
3846	270.76001
3847	270.88
3848	270.94
3849	271.03
3850	271.13
3851	271.13
3852	271.10999
3853	271.22
3854	271.14999
3855	271.14999
3856	271.14999
3857	271.10999
3858	271.03
3859	270.98999
3860	270.95999
3861	270.89999
3862	270.78
3863	270.78
3864	270.73001
3865	270.73001
3866	270.79999
3867	270.79999
3868	270.70999
3869	270.70999
3870	270.64999
3871	270.79999
3872	270.85999
3873	270.79999
3874	270.79999
3875	270.76001
3876	270.60999
3877	270.59
3878	270.73001
3879	270.79999
3880	270.73001
3881	270.73001
3882	270.82001
3883	270.89999
3884	270.92001
3885	270.94
3886	270.73001
3887	270.73001
3888	270.73001
3889	271.32001
3890	271.67999
3891	271.79999
3892	271.84
3893	271.92999
3894	272.10999
3895	272.10999
3896	272.39001
3897	272.62
3898	272.82999
3899	273.29001
3900	273.87
3901	274.37
3902	274.37
3903	275.54001
3904	276.13
3905	276.23001
3906	276.32001
3907	276.42001
3908	276.53
3909	276.60999
3910	276.95001
3911	277.07001
3912	277.34
3913	277.53
3914	277.67999
3915	277.85001
3916	277.97
3917	278.20001
3918	278.22
3919	278.16
3920	278.16
3921	278.16
3922	278.12
3923	278.04999
3924	278.03
3925	277.97
3926	277.87
3927	277.87
3928	277.87
3929	278.01001
3930	278.17999
3931	278.41
3932	278.64001
3933	278.57999
3934	278.57999
3935	278.26001
3936	278.04999
3937	278.04999
3938	277.98999
3939	277.92999
3940	278.03
3941	278.10001
3942	278.60001
3943	278.79001
3944	278.76999
3945	278.62
3946	278.47
3947	278.39001
3948	278.31
3949	278.28
3950	278.22
3951	278.12
3952	278.01001
3953	277.87
3954	278.10001
3955	278.23999
3956	278.26001
3957	278.20001
3958	278.07999
3959	278.07999
3960	278.10001
3961	278.23999
3962	278.32999
3963	278.54001
3964	278.62
3965	278.62
3966	278.62
3967	278.60001
3968	278.64001
3969	278.56
3970	278.45001
3971	278.28
3972	278.20001
3973	278.20001
3974	278.41
3975	278.42999
3976	278.47
3977	278.39001
3978	278.35001
3979	278.45001
3980	278.32999
3981	278.16
3982	278.07999
3983	278.01001
3984	277.95001
3985	278.01001
3986	277.95001
3987	278.01001
3988	277.95001
3989	278.03
3990	278.10001
3991	278.04999
3992	278.03
3993	278.23999
3994	278.54001
3995	278.73999
3996	278.87
3997	278.76999
3998	278.76999
3999	278.42999
4000	278.42999
4001	278.32999
4002	278.31
4003	278.26001
4004	278.31
4005	278.31
4006	278.45001
4007	278.39001
4008	278.42999
4009	278.62
4010	278.62
4011	278.56
4012	278.60001
4013	278.39001
4014	278.35001
4015	278.35001
4016	278.47
4017	278.47
4018	278.54001
4019	278.54001
4020	278.41
4021	278.35001
4022	278.23999
4023	278.39001
4024	278.48999
4025	278.47
4026	278.39001
4027	278.26001
4028	278.28
4029	278.39001
4030	278.42999
4031	278.51001
4032	278.26001
4033	278.22
4034	278.12
4035	278.10001
4036	278.14001
4037	278.14001
4038	278.42999
4039	278.70001
4040	278.72
4041	278.60001
4042	278.45001
4043	278.16
4044	278.16
4045	278.17999
4046	278.26001
4047	278.23999
4048	278.23999
4049	278.35001
4050	278.37
4051	278.37
4052	278.60001
4053	278.66
4054	278.48999
4055	278.39001
4056	278.32999
4057	278.23999
4058	278.41
4059	278.60001
4060	278.51001
4061	278.54001
4062	278.54001
4063	278.42999
4064	278.20001
4065	278.22
4066	278.45001
4067	278.56
4068	278.41
4069	278.41
4070	277.87
4071	277.39001
4072	277.26001
4073	277.10999
4074	277.04999
4075	277.03
4076	277.03
4077	276.92001
4078	276.97
4079	276.92001
4080	276.64999
4081	276.09
4082	274.92001
4083	274.92001
4084	271.38
4085	267.95001
4086	266.09
4087	262.32999
4088	259.34
4089	258.14999
4090	257.17999
4091	255.09
4092	254.74001
4093	254.25999
4094	254.34
4095	254.55
4096	255.11
4097	255.50999
4098	256.37
4099	257.20001
4100	258.04001
4101	258.94
4102	259.42001
4103	260.26001
4104	260.67999
4105	261.66
4106	262.41
4107	263.16
4108	263.16
4109	264.04001
4110	264.64999
4111	264.84
4112	265.38
4113	265.88
4114	266.09
4115	266.09
4116	266.72
4117	267.04999
4118	267.20001
4119	267.48999
4120	267.82999
4121	267.95001
4122	268.14001
4123	268.62
4124	268.66
4125	268.66
4126	268.62
4127	268.60001
4128	268.57999
4129	268.51999
4130	268.60001
4131	268.62
4132	268.89001
4133	269.04001
4134	269.12
4135	269.10001
4136	269.12
4137	268.98001
4138	269
4139	269.12
4140	269.12
4141	269.38
4142	269.60999
4143	269.69
4144	269.92001
4145	270.04001
4146	270.13
4147	270.13
4148	270.10999
4149	270.01999
4150	270.07001
4151	269.95999
4152	269.88
4153	269.88
4154	269.88
4155	270
4156	270.09
4157	270.13
4158	270.19
4159	270.13
4160	270.14999
4161	270.10999
4162	270.38
4163	270.45999
4164	270.5
4165	270.45999
4166	270.44
4167	270.39999
4168	270.53
4169	270.54999
4170	270.54999
4171	270.57001
4172	270.60999
4173	270.60999
4174	270.60999
4175	270.63
4176	270.45999
4177	270.5
4178	270.45999
4179	270.45999
4180	270.63
4181	270.84
4182	270.94
4183	271.04999
4184	270.89999
4185	270.89999
4186	270.89999
4187	270.88
4188	270.98999
4189	270.95999
4190	271.09
4191	270.98999
4192	270.92001
4193	270.89999
4194	270.82001
4195	270.85999
4196	270.95999
4197	270.98999
4198	271.01001
4199	270.98999
4200	270.84
4201	270.92001
4202	270.95999
4203	271.03
4204	271.09
4205	270.98999
4206	270.94
4207	270.94
4208	271.13
4209	271.14999
4210	271.17001
4211	271.17001
4212	271.14999
4213	271.10999
4214	271.07001
4215	271.01001
4216	271.13
4217	271.28
4218	271.28
4219	271.13
4220	271.14999
4221	271.10999
4222	271.01001
4223	271.01001
4224	270.95999
4225	270.95999
4226	270.89999
4227	271.10999
4228	271.10999
4229	271.14999
4230	271.03
4231	271.01001
4232	270.98999
4233	270.85999
4234	270.85999
4235	270.82001
4236	270.88
4237	270.94
4238	270.89999
4239	270.98999
4240	271.03
4241	271.04999
4242	271.03
4243	271.09
4244	271.19
4245	271.32001
4246	271.35999
4247	271.32001
4248	271.32001
4249	271.42001
4250	271.42001
4251	271.42001
4252	271.45001
4253	271.38
4254	271.35999
4255	271.38
4256	271.39999
4257	271.39999
4258	271.32001
4259	271.28
4260	271.28
4261	271.19
4262	271.28
4263	271.28
4264	271.34
4265	271.39999
4266	271.32001
4267	271.29999
4268	271.47
4269	271.45001
4270	271.42001
4271	271.34
4272	271.17001
4273	271.14999
4274	271.19
4275	271.14999
4276	271.22
4277	271.26001
4278	271.28
4279	271.39999
4280	271.38
4281	271.35999
4282	271.35999
4283	271.14999
4284	271.17001
4285	271.13
4286	271.26001
4287	271.32001
4288	271.35999
4289	271.35999
4290	271.23999
4291	271.28
4292	271.28
4293	271.28
4294	271.28
4295	271.32001
4296	271.32001
4297	271.34
4298	271.42001
4299	271.57001
4300	271.60999
4301	271.70001
4302	271.72
4303	271.67999
4304	271.38
4305	271.29999
4306	271.28
4307	271.28
4308	271.35999
4309	271.38
4310	271.39999
4311	271.35999
4312	271.32001
4313	271.35999
4314	271.47
4315	271.47
4316	271.53
4317	271.57001
4318	271.63
4319	271.57001
4320	271.57001
4321	271.57001
4322	271.45001
4323	271.38
4324	271.29999
4325	271.22
4326	271.09
4327	271.07001
4328	271.07001
4329	271.22
4330	271.23999
4331	271.34
4332	271.42001
4333	271.45001
4334	271.35999
4335	271.39999
4336	271.57001
4337	271.63
4338	271.60999
4339	271.45001
4340	271.35999
4341	271.32001
4342	271.32001
4343	271.34
4344	271.29999
4345	271.34
4346	271.38
4347	271.38
4348	271.39999
4349	271.53
4350	271.39999
4351	271.42001
4352	271.54999
4353	271.54999
4354	271.51001
4355	271.39999
4356	271.29999
4357	271.22
4358	271.35999
4359	271.17001
4360	271.17001
4361	271.47
4362	271.91
4363	272.09
4364	272.29999
4365	272.32001
4366	272.29999
4367	272.29999
4368	272.47
4369	272.70001
4370	272.85001
4371	273.26999
4372	273.76999
4373	273.92999
4374	274.26999
4375	275.45999
4376	275.63
4377	275.89999
4378	276.19
4379	276.38
4380	276.51001
4381	276.69
4382	276.88
4383	276.95001
4384	277.04999
4385	277.32001
4386	277.32001
4387	277.39001
4388	277.47
4389	277.54999
4390	277.67999
4391	277.54999
4392	277.54999
4393	277.45001
4394	277.48999
4395	277.64001
4396	277.76001
4397	277.73999
4398	277.72
4399	277.72
4400	277.91
4401	278.10001
4402	278.14001
4403	278.16
4404	278.26001
4405	278.14001
4406	278.14001
4407	277.97
4408	278.03
4409	278.04999
4410	277.97
4411	277.82001
4412	277.85001
4413	277.76001
4414	277.91
4415	277.95001
4416	277.98999
4417	277.95001
4418	278.01001
4419	277.95001
4420	277.95001
4421	278.01001
4422	278.14001
4423	278.07999
4424	278.07999
4425	278.07999
4426	277.98999
4427	277.87
4428	277.76001
4429	277.87
4430	277.78
4431	277.78
4432	277.87
4433	277.70001
4434	277.62
4435	277.51001
4436	277.62
4437	277.76001
4438	277.76001
4439	278.10001
4440	278.45001
4441	278.42999
4442	278.47
4443	278.35001
4444	278.17999
4445	278.22
4446	278.17999
4447	278.07999
4448	277.98999
4449	278.01001
4450	277.98999
4451	277.95001
4452	277.91
4453	278.26001
4454	278.26001
4455	278.37
4456	278.39001
4457	278.41
4458	278.20001
4459	278.17999
4460	278.20001
4461	278.28
4462	278.32999
4463	278.32999
4464	278.20001
4465	278.03
4466	278.04999
4467	278.26001
4468	278.22
4469	278.04999
4470	278.04999
4471	278.04999
4472	278.28
4473	278.32999
4474	278.28
4475	278.17999
4476	278.04999
4477	278.04999
4478	278.03
4479	278.14001
4480	278.14001
4481	278.26001
4482	278.28
4483	278.31
4484	278.39001
4485	278.23999
4486	278.22
4487	278.35001
4488	278.31
4489	278.20001
4490	278.37
4491	278.41
4492	278.32999
4493	278.26001
4494	278.35001
4495	278.26001
4496	278.23999
4497	278.20001
4498	278.23999
4499	278.17999
4500	278.01001
4501	277.97
4502	277.97
4503	278.17999
4504	278.16
4505	278.07999
4506	278.04999
4507	278.12
4508	278.32999
4509	278.32999
4510	278.47
4511	278.45001
4512	278.39001
4513	278.31
4514	278.23999
4515	278.17999
4516	278.20001
4517	278.03
4518	277.85001
4519	277.76001
4520	277.82001
4521	278.22
4522	278.31
4523	278.32999
4524	278.23999
4525	278.07999
4526	278.03
4527	278.26001
4528	278.31
4529	278.23999
4530	278.26001
4531	278.22
4532	277.98999
4533	277.82001
4534	277.82001
4535	277.98999
4536	277.92999
4537	277.87
4538	277.76001
4539	277.78
4540	277.98999
4541	277.98999
4542	277.91
4543	277.73999
4544	277.53
4545	277.14999
4546	277.01001
4547	276.98999
4548	276.98999
4549	276.78
4550	276.67001
4551	276.69
4552	276.44
4553	275.85999
4554	275.51999
4555	275.01999
4556	273.22
4557	272.41
4558	270.26999
4559	267.42999
4560	266.07001
4561	263.56
4562	262.39001
4563	259.53
4564	258.89999
4565	258.14999
4566	257.81
4567	257.85001
4568	258.04001
4569	258.19
4570	258.56
4571	259.26999
4572	259.88
4573	259.88
4574	260.98999
4575	261.60001
4576	261.85001
4577	262.57999
4578	263.12
4579	263.67001
4580	263.67001
4581	264.54001
4582	265.09
4583	265.34
4584	265.95001
4585	266.41
4586	266.57001
4587	266.72
4588	267.14001
4589	267.45001
4590	267.47
4591	267.73999
4592	267.97
4593	268.01999
4594	268.26999
4595	269.07999
4596	269.26999
4597	269.42001
4598	269.42001
4599	269.44
4600	269.64999
4601	269.69
4602	269.76999
4603	269.79001
4604	269.85999
4605	269.98001
4606	270.07001
4607	270.26999
4608	270.32001
4609	270.44
4610	270.44
4611	270.48001
4612	270.48001
4613	270.45999
4614	270.63
4615	270.59
4616	270.63
4617	270.59
4618	270.48001
4619	270.48001
4620	270.44
4621	270.60999
4622	270.64999
4623	270.63
4624	270.69
4625	270.79999
4626	270.69
4627	270.76001
4628	270.85999
4629	270.82001
4630	270.84
4631	270.94
4632	271.01001
4633	271.07001
4634	271.13
4635	271.04999
4636	270.89999
4637	270.82001
4638	270.69
4639	270.92001
4640	271.04999
4641	271.29999
4642	271.26001
4643	271.22
4644	271.22
4645	271.03
4646	270.98999
4647	270.95999
4648	270.88
4649	270.95999
4650	271.01001
4651	271.01001
4652	271.04999
4653	271.07001
4654	271.14999
4655	271.26001
4656	271.29999
4657	271.45001
4658	271.45001
4659	271.39999
4660	271.39999
4661	271.45001
4662	271.48999
4663	271.51001
4664	271.39999
4665	271.39999
4666	271.39999
4667	271.38
4668	271.28
4669	271.09
4670	271.13
4671	271.07001
4672	271.09
4673	271.07001
4674	271.13
4675	271.07001
4676	271.14999
4677	271.04999
4678	270.94
4679	270.95999
4680	270.98999
4681	271.04999
4682	271.10999
4683	271.10999
4684	271.22
4685	271.26001
4686	271.28
4687	271.34
4688	271.38
4689	271.53
4690	271.53
4691	271.53
4692	271.48999
4693	271.48999
4694	271.48999
4695	271.51001
4696	271.53
4697	271.57001
4698	271.67999
4699	271.70001
4700	271.67999
4701	271.67999
4702	271.67999
4703	271.64999
4704	271.60999
4705	271.45001
4706	271.48999
4707	271.34
4708	271.34
4709	271.32001
4710	271.53
4711	271.47
4712	271.59
4713	271.63
4714	271.53
4715	271.53
4716	271.51001
4717	271.54999
4718	271.59
4719	271.85999
4720	272.03
4721	272.03
4722	272.03
4723	271.85999
4724	271.79999
4725	271.67999
4726	271.60999
4727	271.64999
4728	271.53
4729	271.53
4730	271.60999
4731	271.53
4732	271.53
4733	271.45001
4734	271.47
4735	271.39999
4736	271.39999
4737	271.54999
4738	271.54999
4739	271.57001
4740	271.60999
4741	271.59
4742	271.72
4743	271.72
4744	271.82001
4745	271.78
4746	271.64999
4747	271.73999
4748	271.82001
4749	271.85999
4750	271.91
4751	271.84
4752	271.91
4753	271.92999
4754	271.92999
4755	271.91
4756	271.85999
4757	271.78
4758	271.78
4759	271.79999
4760	271.78
4761	271.78
4762	271.76001
4763	271.79999
4764	271.82001
4765	271.70001
4766	271.63
4767	271.82001
4768	271.76001
4769	271.73999
4770	271.70001
4771	271.67999
4772	271.78
4773	271.82001
4774	271.78
4775	271.78
4776	271.67999
4777	271.63
4778	271.73999
4779	271.79999
4780	271.92999
4781	271.88
4782	271.78
4783	271.73999
4784	271.63
4785	271.73999
4786	271.73999
4787	271.72
4788	271.70001
4789	271.60999
4790	271.64999
4791	271.78
4792	271.98999
4793	271.98999
4794	272.09
4795	272.07001
4796	271.95001
4797	271.78
4798	271.64999
4799	271.63
4800	271.63
4801	271.76001
4802	271.97
4803	271.98999
4804	272.09
4805	271.98999
4806	271.95001
4807	271.97
4808	271.92999
4809	271.85999
4810	271.84
4811	271.78
4812	271.72
4813	271.57001
4814	271.45001
4815	271.59
4816	271.64999
4817	271.79999
4818	271.88
4819	271.79999
4820	271.64999
4821	271.63
4822	271.64999
4823	271.78
4824	271.78
4825	271.78
4826	271.82001
4827	271.79999
4828	271.76001
4829	271.67999
4830	271.59
4831	271.57001
4832	271.57001
4833	271.42001
4834	271.79999
4835	272.17999
4836	272.87
4837	273.22
4838	273.32999
4839	273.32999
4840	273.23999
4841	273.32999
4842	273.47
4843	273.57999
4844	273.87
4845	274.16
4846	274.39001
4847	275.07999
4848	275.31
4849	275.84
4850	276.44
4851	276.63
4852	276.78
4853	276.84
4854	276.92001
4855	277.13
4856	277.53
4857	277.79999
4858	277.79999
4859	277.70001
4860	277.62
4861	277.57001
4862	277.72
4863	277.97
4864	277.97
4865	278.16
4866	278.26001
4867	278.22
4868	278.26001
4869	278.26001
4870	278.20001
4871	278.20001
4872	278.37
4873	278.26001
4874	278.28
4875	278.31
4876	278.23999
4877	278.31
4878	278.39001
4879	278.51001
4880	278.64001
4881	278.57999
4882	278.60001
4883	278.70001
4884	278.76999
4885	278.87
4886	278.76999
4887	278.60001
4888	278.56
4889	278.42999
4890	278.32999
4891	278.45001
4892	278.51001
4893	278.73999
4894	278.79001
4895	278.72
4896	278.72
4897	278.67999
4898	278.66
4899	278.67999
4900	278.62
4901	278.48999
4902	278.41
4903	278.41
4904	278.37
4905	278.23999
4906	278.31
4907	278.48999
4908	278.66
4909	278.70001
4910	278.70001
4911	278.76999
4912	278.87
4913	278.92999
4914	278.82999
4915	278.82999
4916	278.72
4917	278.64001
4918	278.26001
4919	278.22
4920	278.17999
4921	278.16
4922	278.23999
4923	278.45001
4924	278.57999
4925	278.70001
4926	278.76999
4927	278.89001
4928	279.12
4929	279.01999
4930	278.73999
4931	278.57999
4932	278.48999
4933	278.51001
4934	278.51001
4935	278.51001
4936	278.70001
4937	278.57999
4938	278.54001
4939	278.60001
4940	278.67999
4941	278.67999
4942	278.67999
4943	278.72
4944	278.72
4945	278.66
4946	278.76999
4947	278.57999
4948	278.64001
4949	278.54001
4950	278.28
4951	278.26001
4952	278.47
4953	278.57999
4954	278.72
4955	278.76999
4956	278.76999
4957	278.79001
4958	278.89001
4959	278.92999
4960	278.82999
4961	278.76999
4962	278.79001
4963	278.81
4964	278.97
4965	278.82999
4966	278.57999
4967	278.57999
4968	278.54001
4969	278.64001
4970	278.66
4971	278.85001
4972	278.97
4973	278.82999
4974	278.82999
4975	278.76999
4976	279.01999
4977	279.14001
4978	279.31
4979	279.12
4980	279.01999
4981	279.01999
4982	279
4983	278.89001
4984	278.87
4985	278.87
4986	278.87
4987	279.06
4988	279.04001
4989	278.97
4990	279.07999
4991	279.01999
4992	278.82999
4993	278.72
4994	278.67999
4995	278.70001
4996	278.47
4997	278.42999
4998	278.41
4999	278.73999
5000	278.82999
5001	278.70001
5002	278.66
5003	278.37
5004	278.48999
5005	278.66
5006	278.66
5007	278.66
5008	278.66
5009	278.64001
5010	278.56
5011	278.37
5012	278.20001
5013	278.20001
5014	278.10001
5015	277.97
5016	277.89001
5017	277.64001
5018	277.23999
5019	277.14999
5020	277.07001
5021	276.79999
5022	276.60999
5023	276.51001
5024	276.39999
5025	276.44
5026	276.42001
5027	276.39999
5028	276
5029	275.63
5030	274.39001
5031	272.22
5032	271.01001
5033	268.26999
5034	266.87
5035	264.25
5036	261.97
5037	260.14999
5038	260.14999
5039	258.19
5040	257.54001
5041	257.41
5042	257.45001
5043	257.82999
5044	258.32999
5045	258.32999
5046	259.44
5047	260.29999
5048	260.63
5049	261.32001
5050	262.10001
5051	262.79001
5052	262.79001
5053	263.76999
5054	264.42001
5055	264.64999
5056	265.14999
5057	265.57001
5058	265.78
5059	266.03
5060	266.38
5061	266.53
5062	266.76001
5063	267.14001
5064	267.26001
5065	267.41
5066	267.48999
5067	267.73999
5068	267.92999
5069	268.29001
5070	268.57999
5071	268.73001
5072	268.89001
5073	268.87
5074	269.01999
5075	269.25
5076	269.45999
5077	269.45999
5078	269.51999
5079	269.48001
5080	269.39999
5081	269.39999
5082	269.32999
5083	269.5
5084	269.5
5085	269.67001
5086	269.84
5087	269.89999
5088	270
5089	270.01999
5090	270.04001
5091	270
5092	269.98001
5093	270.07001
5094	270.09
5095	270.10999
5096	270.20999
5097	270.25
5098	270.20999
5099	270.13
5100	270.04001
5101	270.01999
5102	270.04001
5103	270.10999
5104	270.09
5105	270.14999
5106	270.25
5107	270.35999
5108	270.38
5109	270.29999
5110	270.38
5111	270.38
5112	270.44
5113	270.45999
5114	270.57001
5115	270.76001
5116	270.76001
5117	271.03
5118	270.98999
5119	270.89999
5120	270.85999
5121	270.63
5122	270.45999
5123	270.45999
5124	270.54999
5125	270.70999
5126	270.67001
5127	270.78
5128	270.89999
5129	270.98999
5130	271.19
5131	271.39999
5132	271.32001
5133	271.28
5134	271.17001
5135	271.19
5136	271.10999
5137	271.04999
5138	271.09
5139	271.01001
5140	271.03
5141	270.92001
5142	270.94
5143	270.85999
5144	270.78
5145	270.82001
5146	270.89999
5147	271.03
5148	271.03
5149	270.94
5150	271.01001
5151	271.10999
5152	271.09
5153	270.98999
5154	270.92001
5155	270.92001
5156	270.94
5157	271.04999
5158	271.10999
5159	271.26001
5160	271.34
5161	271.45001
5162	271.45001
5163	271.23999
5164	271.17001
5165	271.17001
5166	271.26001
5167	271.51001
5168	271.53
5169	271.51001
5170	271.51001
5171	271.38
5172	271.38
5173	271.32001
5174	271.26001
5175	271.17001
5176	271.14999
5177	271.10999
5178	271.03
5179	271.04999
5180	271.14999
5181	271.23999
5182	271.23999
5183	271.22
5184	271.23999
5185	271.42001
5186	271.42001
5187	271.42001
5188	271.51001
5189	271.53
5190	271.57001
5191	271.39999
5192	271.38
5193	271.34
5194	271.34
5195	271.29999
5196	271.26001
5197	271.34
5198	271.39999
5199	271.35999
5200	271.35999
5201	271.42001
5202	271.54999
5203	271.53
5204	271.70001
5205	271.67999
5206	271.53
5207	271.35999
5208	271.26001
5209	271.32001
5210	271.39999
5211	271.48999
5212	271.51001
5213	271.45001
5214	271.39999
5215	271.39999
5216	271.48999
5217	271.42001
5218	271.45001
5219	271.45001
5220	271.45001
5221	271.47
5222	271.53
5223	271.60999
5224	271.67999
5225	271.67999
5226	271.67999
5227	271.54999
5228	271.47
5229	271.39999
5230	271.35999
5231	271.32001
5232	271.39999
5233	271.39999
5234	271.38
5235	271.42001
5236	271.48999
5237	271.59
5238	271.64999
5239	271.59
5240	271.57001
5241	271.42001
5242	271.34
5243	271.26001
5244	271.29999
5245	271.28
5246	271.29999
5247	271.28
5248	271.51001
5249	271.59
5250	271.42001
5251	271.54999
5252	271.54999
5253	271.60999
5254	271.59
5255	271.48999
5256	271.45001
5257	271.51001
5258	271.51001
5259	271.51001
5260	271.54999
5261	271.47
5262	271.29999
5263	271.10999
5264	271.01001
5265	271.01001
5266	271.07001
5267	271.17001
5268	271.22
5269	271.26001
5270	271.26001
5271	271.22
5272	271.32001
5273	271.53
5274	271.53
5275	271.51001
5276	271.47
5277	271.32001
5278	271.22
5279	271.13
5280	271.09
5281	271.09
5282	271.13
5283	271.34
5284	271.42001
5285	271.48999
5286	271.45001
5287	271.48999
5288	271.39999
5289	271.13
5290	271.13
5291	271.10999
5292	271.04999
5293	271.13
5294	271.34
5295	271.45001
5296	271.42001
5297	271.42001
5298	271.45001
5299	271.51001
5300	271.42001
5301	271.32001
5302	271.23999
5303	271.23999
5304	271.23999
5305	271.32001
5306	271.57001
5307	271.73999
5308	272.48999
5309	272.82999
5310	272.95001
5311	272.92999
5312	272.81
5313	272.89001
5314	273.10001
5315	273.42999
5316	273.51999
5317	273.54001
5318	273.60001
5319	274.23001
5320	274.35001
5321	274.57999
5322	274.79001
5323	275
5324	275.31
5325	275.5
5326	275.75
5327	276
5328	276.35999
5329	276.35999
5330	276.63
5331	276.72
5332	276.82001
5333	277.20001
5334	277.62
5335	277.87
5336	277.87
5337	278.03
5338	278.03
5339	278.03
5340	278.01001
5341	278.16
5342	278.17999
5343	278.31
5344	278.47
5345	278.45001
5346	278.32999
5347	278.12
5348	278.04999
5349	277.97
5350	277.92999
5351	278.03
5352	278.07999
5353	278.12
5354	278.07999
5355	278.01001
5356	277.89001
5357	278.01001
5358	278.17999
5359	278.26001
5360	278.23999
5361	278.41
5362	278.35001
5363	278.41
5364	278.31
5365	278.31
5366	278.47
5367	278.45001
5368	278.45001
5369	278.23999
5370	278.22
5371	278.22
5372	278.12
5373	278.03
5374	278.03
5375	278.03
5376	278.04999
5377	277.97
5378	278.03
5379	278.22
5380	278.47
5381	278.47
5382	278.57999
5383	278.67999
5384	278.64001
5385	278.56
5386	278.39001
5387	278.45001
5388	278.37
5389	278.32999
5390	278.17999
5391	278.22
5392	278.42999
5393	278.54001
5394	278.62
5395	278.54001
5396	278.47
5397	278.17999
5398	277.98999
5399	278.04999
5400	278.04999
5401	278.35001
5402	278.28
5403	278.39001
5404	278.37
5405	278.31
5406	278.47
5407	278.47
5408	278.45001
5409	278.48999
5410	278.47
5411	278.66
5412	278.81
5413	278.87
5414	278.87
5415	278.73999
5416	278.45001
5417	278.32999
5418	278.37
5419	278.51001
5420	278.67999
5421	278.64001
5422	278.70001
5423	278.66
5424	278.87
5425	278.73999
5426	278.73999
5427	278.57999
5428	278.54001
5429	278.45001
5430	278.47
5431	278.57999
5432	278.42999
5433	278.41
5434	278.54001
5435	278.56
5436	278.66
5437	278.85001
5438	278.92999
5439	278.92999
5440	278.72
5441	278.89001
5442	278.89001
5443	279.12
5444	279.14001
5445	279.06
5446	279.06
5447	278.87
5448	278.92999
5449	278.89001
5450	278.72
5451	278.56
5452	278.42999
5453	278.51001
5454	278.92999
5455	279
5456	278.81
5457	278.73999
5458	278.51001
5459	278.51001
5460	278.51001
5461	278.60001
5462	278.82999
5463	278.95001
5464	279.07999
5465	279.12
5466	278.89001
5467	278.73999
5468	278.31
5469	278.16
5470	277.91
5471	277.91
5472	278.14001
5473	278.35001
5474	278.51001
5475	278.60001
5476	278.56
5477	278.37
5478	278.37
5479	278.26001
5480	278.03
5481	278.12
5482	278.22
5483	277.92999
5484	277.64001
5485	277.64001
5486	277.85001
5487	277.92999
5488	277.78
5489	277.42999
5490	277.22
5491	277.07001
5492	276.98999
5493	276.82001
5494	276.89999
5495	276.78
5496	276.69
5497	276.69
5498	276.73999
5499	276.72
5500	276.48999
5501	275.82001
5502	274.75
5503	273.16
5504	271.97
5505	269.20999
5506	267.76999
5507	264.94
5508	262.48999
5509	260.64999
5510	260.64999
5511	258.56
5512	257.85001
5513	257.67999
5514	257.64001
5515	257.70999
5516	257.92001
5517	257.92001
5518	258.85999
5519	259.42001
5520	259.78
5521	260.53
5522	261.23999
5523	261.70001
5524	262.14001
5525	263.20999
5526	263.5
5527	264.07999
5528	264.69
5529	265.13
5530	265.44
5531	265.60999
5532	266.45001
5533	266.57001
5534	267.07001
5535	267.54001
5536	267.62
5537	267.76999
5538	267.91
5539	268.01999
5540	268.17999
5541	268.57999
5542	268.57999
5543	269.07999
5544	269.20999
5545	269.14999
5546	269.10001
5547	269.19
5548	269.35001
5549	269.35001
5550	269.42001
5551	269.42001
5552	269.5
5553	269.73001
5554	269.84
5555	269.84
5556	269.84
5557	270.10999
5558	270.19
5559	270.19
5560	270.25
5561	270.25
5562	270.19
5563	270.14999
5564	270.09
5565	270.17001
5566	270.14999
5567	270.14999
5568	270.20999
5569	270.23001
5570	270.25
5571	270.53
5572	270.59
5573	270.69
5574	270.70999
5575	270.70999
5576	270.82001
5577	270.79999
5578	270.82001
5579	270.88
5580	270.95999
5581	270.95999
5582	270.73001
5583	270.69
5584	270.64999
5585	270.64999
5586	270.73001
5587	270.76001
5588	270.76001
5589	271.01001
5590	271.04999
5591	271.10999
5592	271.14999
5593	271.01001
5594	271.01001
5595	270.98999
5596	270.82001
5597	270.79999
5598	270.78
5599	270.70999
5600	270.88
5601	270.88
5602	270.92001
5603	271.19
5604	271.19
5605	271.29999
5606	271.45001
5607	271.45001
5608	271.47
5609	271.42001
5610	271.22
5611	271.19
5612	271.23999
5613	271.23999
5614	271.10999
5615	271.17001
5616	271.23999
5617	271.32001
5618	271.47
5619	271.38
5620	271.38
5621	271.28
5622	271.38
5623	271.45001
5624	271.32001
5625	271.04999
5626	270.94
5627	270.94
5628	270.89999
5629	270.85999
5630	270.73001
5631	270.84
5632	270.78
5633	270.94
5634	271.07001
5635	271.22
5636	271.17001
5637	271.17001
5638	271.13
5639	271.19
5640	271.13
5641	271.23999
5642	271.03
5643	270.98999
5644	271.09
5645	271.03
5646	271.09
5647	271.09
5648	271.10999
5649	271.19
5650	271.14999
5651	271.19
5652	271.19
5653	271.17001
5654	271.26001
5655	271.38
5656	271.48999
5657	271.60999
5658	271.53
5659	271.53
5660	271.34
5661	271.28
5662	271.13
5663	271.04999
5664	271.03
5665	271.04999
5666	271.04999
5667	271.01001
5668	271.10999
5669	271.14999
5670	271.29999
5671	271.32001
5672	271.34
5673	271.34
5674	271.53
5675	271.60999
5676	271.67999
5677	271.63
5678	271.72
5679	271.67999
5680	271.60999
5681	271.48999
5682	271.32001
5683	271.26001
5684	271.29999
5685	271.38
5686	271.54999
5687	271.48999
5688	271.64999
5689	271.54999
5690	271.53
5691	271.53
5692	271.48999
5693	271.34
5694	271.32001
5695	271.17001
5696	271.23999
5697	271.14999
5698	271.14999
5699	271.28
5700	271.34
5701	271.38
5702	271.39999
5703	271.39999
5704	271.47
5705	271.51001
5706	271.39999
5707	271.32001
5708	271.22
5709	271.28
5710	271.29999
5711	271.39999
5712	271.48999
5713	271.53
5714	271.51001
5715	271.48999
5716	271.45001
5717	271.38
5718	271.38
5719	271.39999
5720	271.48999
5721	271.39999
5722	271.42001
5723	271.42001
5724	271.45001
5725	271.63
5726	271.57001
5727	271.60999
5728	271.45001
5729	271.38
5730	271.38
5731	271.35999
5732	271.42001
5733	271.45001
5734	271.48999
5735	271.47
5736	271.51001
5737	271.51001
5738	271.47
5739	271.54999
5740	271.67999
5741	271.70001
5742	271.76001
5743	271.67999
5744	271.79999
5745	271.78
5746	271.78
5747	271.78
5748	271.73999
5749	271.73999
5750	271.85999
5751	271.92999
5752	272.01001
5753	271.97
5754	271.85999
5755	271.84
5756	271.72
5757	271.78
5758	271.57001
5759	271.54999
5760	271.38
5761	271.23999
5762	271.23999
5763	271.14999
5764	271.32001
5765	271.34
5766	271.48999
5767	271.48999
5768	271.53
5769	271.53
5770	271.64999
5771	271.79999
5772	271.72
5773	271.73999
5774	271.64999
5775	271.70001
5776	271.63
5777	271.67999
5778	271.76001
5779	271.78
5780	271.84
5781	272.22
5782	272.39001
5783	272.57999
5784	273.01001
5785	273.12
5786	273.10001
5787	273.10001
5788	273.17999
5789	273.56
5790	273.82999
5791	274.16
5792	274.31
5793	274.37
5794	274.37
5795	274.85001
5796	275.23001
5797	275.26999
5798	275.44
5799	275.60999
5800	275.69
5801	275.69
5802	276.26001
5803	276.88
5804	277.13
5805	277.41
5806	277.51001
5807	277.51001
5808	277.51001
5809	277.47
5810	277.78
5811	277.82001
5812	277.92999
5813	277.82001
5814	277.76001
5815	277.79999
5816	277.95001
5817	278.07999
5818	278.28
5819	278.22
5820	278.17999
5821	277.89001
5822	277.78
5823	277.72
5824	277.72
5825	277.57001
5826	277.51001
5827	277.42999
5828	277.32001
5829	277.48999
5830	277.76001
5831	277.95001
5832	278.01001
5833	278.01001
5834	278.12
5835	278.17999
5836	278.20001
5837	278.14001
5838	278.20001
5839	278.28
5840	278.28
5841	278.64001
5842	278.56
5843	278.51001
5844	278.31
5845	278.16
5846	278.12
5847	278.04999
5848	278.14001
5849	278.23999
5850	278.35001
5851	278.47
5852	278.54001
5853	278.51001
5854	278.45001
5855	278.60001
5856	278.57999
5857	278.51001
5858	278.57999
5859	278.60001
5860	278.70001
5861	278.62
5862	278.45001
5863	278.39001
5864	278.23999
5865	278.23999
5866	278.22
5867	278.32999
5868	278.39001
5869	278.41
5870	278.32999
5871	278.20001
5872	278.20001
5873	277.98999
5874	277.95001
5875	278.03
5876	278.28
5877	278.31
5878	278.35001
5879	278.35001
5880	277.87
5881	277.70001
5882	277.57001
5883	277.51001
5884	277.59
5885	277.73999
5886	277.76001
5887	277.98999
5888	278.07999
5889	278.22
5890	278.17999
5891	278.16
5892	278.07999
5893	278.10001
5894	278.42999
5895	278.47
5896	278.56
5897	278.54001
5898	278.48999
5899	278.42999
5900	278.39001
5901	278.31
5902	278.03
5903	278.04999
5904	278.04999
5905	278.23999
5906	278.23999
5907	278.16
5908	278.16
5909	278.22
5910	278.31
5911	278.31
5912	278.07999
5913	277.92999
5914	278.12
5915	278.20001
5916	278.42999
5917	278.39001
5918	278.39001
5919	278.22
5920	278.39001
5921	278.51001
5922	278.66
5923	278.56
5924	278.60001
5925	278.45001
5926	278.10001
5927	278.04999
5928	277.92999
5929	277.91
5930	278.01001
5931	278.28
5932	278.37
5933	278.60001
5934	278.62
5935	278.70001
5936	278.81
5937	278.85001
5938	278.92999
5939	278.95001
5940	278.81
5941	278.57999
5942	278.32999
5943	278.32999
5944	278.39001
5945	278.51001
5946	278.48999
5947	278.45001
5948	278.22
5949	278.14001
5950	278.14001
5951	278.32999
5952	278.31
5953	278.26001
5954	278.14001
5955	278.26001
5956	278.14001
5957	278.03
5958	277.87
5959	277.76001
5960	277.89001
5961	278.04999
5962	277.98999
5963	277.85001
5964	277.76001
5965	277.32001
5966	277.26001
5967	277.04999
5968	276.88
5969	276.97
5970	276.92001
5971	276.78
5972	276.60999
5973	276.42001
5974	276.07001
5975	276.07001
5976	275.31
5977	274.01999
5978	273.10001
5979	270.73001
5980	267.95001
5981	265.07001
5982	265.07001
5983	261.47
5984	259.82001
5985	259.23001
5986	258.44
5987	258.14999
5988	258.04001
5989	258.04001
5990	258.39999
5991	258.81
5992	259.07001
5993	259.69
5994	260.28
5995	260.64999
5996	260.95001
5997	261.98999
5998	262.35001
5999	262.98001
6000	263.67001
6001	264.04001
6002	264.45999
6003	264.69
6004	265.38
6005	265.59
6006	266.01001
6007	266.38
6008	266.47
6009	266.84
6010	267.04999
6011	267.37
6012	267.54001
6013	267.56
6014	267.56
6015	268
6016	268.20001
6017	268.26999
6018	268.37
6019	268.51999
6020	268.85001
6021	268.85001
6022	269.17001
6023	269.29001
6024	269.48001
6025	269.54001
6026	269.85999
6027	269.84
6028	269.94
6029	270.09
6030	270.10999
6031	270.10999
6032	270.13
6033	270.20999
6034	270.20999
6035	270.20999
6036	270.32001
6037	270.39999
6038	270.53
6039	270.53
6040	270.54999
6041	270.5
6042	270.57001
6043	270.57001
6044	270.63
6045	270.70999
6046	270.70999
6047	270.67001
6048	270.54999
6049	270.60999
6050	270.67001
6051	270.70999
6052	270.76001
6053	270.76001
6054	270.98999
6055	271.07001
6056	271.09
6057	271.14999
6058	271.10999
6059	270.98999
6060	270.98999
6061	270.94
6062	270.89999
6063	270.94
6064	270.95999
6065	270.98999
6066	271.01001
6067	271.04999
6068	271.07001
6069	271.14999
6070	271.13
6071	270.98999
6072	270.98999
6073	270.85999
6074	270.94
6075	270.98999
6076	271.03
6077	271.03
6078	271.07001
6079	271.07001
6080	270.95999
6081	271.03
6082	271.03
6083	271.28
6084	271.48999
6085	271.48999
6086	271.34
6087	271.29999
6088	271.34
6089	271.34
6090	271.38
6091	271.48999
6092	271.48999
6093	271.51001
6094	271.45001
6095	271.38
6096	271.22
6097	271.10999
6098	271.07001
6099	271.03
6100	271.07001
6101	271.23999
6102	271.14999
6103	270.98999
6104	270.92001
6105	270.79999
6106	270.84
6107	270.95999
6108	271.13
6109	271.22
6110	271.26001
6111	271.32001
6112	271.32001
6113	271.35999
6114	271.42001
6115	271.45001
6116	271.38
6117	271.48999
6118	271.54999
6119	271.59
6120	271.48999
6121	271.48999
6122	271.35999
6123	271.26001
6124	271.26001
6125	271.32001
6126	271.47
6127	271.60999
6128	271.70001
6129	271.57001
6130	271.48999
6131	271.48999
6132	271.35999
6133	271.32001
6134	271.26001
6135	271.35999
6136	271.67999
6137	271.76001
6138	271.82001
6139	271.91
6140	271.84
6141	271.78
6142	271.63
6143	271.64999
6144	271.72
6145	271.76001
6146	271.54999
6147	271.48999
6148	271.53
6149	271.59
6150	271.70001
6151	271.64999
6152	271.72
6153	271.60999
6154	271.57001
6155	271.72
6156	271.72
6157	271.59
6158	271.45001
6159	271.39999
6160	271.19
6161	271.13
6162	271.17001
6163	271.17001
6164	271.26001
6165	271.22
6166	271.23999
6167	271.29999
6168	271.38
6169	271.38
6170	271.39999
6171	271.28
6172	271.35999
6173	271.38
6174	271.47
6175	271.47
6176	271.59
6177	271.57001
6178	271.51001
6179	271.45001
6180	271.47
6181	271.57001
6182	271.51001
6183	271.51001
6184	271.42001
6185	271.45001
6186	271.45001
6187	271.48999
6188	271.48999
6189	271.32001
6190	271.17001
6191	271.13
6192	271.09
6193	271.22
6194	271.32001
6195	271.32001
6196	271.45001
6197	271.45001
6198	271.53
6199	271.60999
6200	271.59
6201	271.51001
6202	271.51001
6203	271.60999
6204	271.60999
6205	271.57001
6206	271.53
6207	271.47
6208	271.42001
6209	271.45001
6210	271.34
6211	271.34
6212	271.42001
6213	271.28
6214	271.28
6215	271.17001
6216	271.26001
6217	271.29999
6218	271.23999
6219	271.28
6220	271.34
6221	271.45001
6222	271.57001
6223	271.64999
6224	271.67999
6225	271.67999
6226	271.59
6227	271.59
6228	271.53
6229	271.39999
6230	271.42001
6231	271.38
6232	271.48999
6233	271.51001
6234	271.51001
6235	271.63
6236	271.73999
6237	271.78
6238	271.70001
6239	271.60999
6240	271.59
6241	271.59
6242	271.60999
6243	271.51001
6244	271.39999
6245	271.29999
6246	271.34
6247	271.38
6248	271.39999
6249	271.45001
6250	271.42001
6251	271.45001
6252	271.38
6253	271.34
6254	271.51001
6255	271.82001
6256	272.47
6257	272.82999
6258	272.85001
6259	272.87
6260	272.92999
6261	272.89001
6262	272.92999
6263	272.97
6264	273.01001
6265	273.29001
6266	273.29001
6267	274
6268	274.51999
6269	274.76999
6270	275.29001
6271	275.76999
6272	275.98001
6273	275.98001
6274	276.48999
6275	276.89999
6276	276.89999
6277	277.03
6278	277.41
6279	277.62
6280	277.67999
6281	277.72
6282	277.70001
6283	277.76001
6284	277.87
6285	277.79999
6286	277.85001
6287	277.72
6288	277.67999
6289	277.53
6290	277.29999
6291	277.39001
6292	277.39001
6293	277.48999
6294	277.64001
6295	277.72
6296	277.92999
6297	277.95001
6298	277.95001
6299	277.82001
6300	277.89001
6301	277.79999
6302	277.98999
6303	278.17999
6304	278.57999
6305	278.57999
6306	278.56
6307	278.62
6308	278.66
6309	278.70001
6310	278.60001
6311	278.57999
6312	278.57999
6313	278.28
6314	278.12
6315	278.04999
6316	278.16
6317	278.20001
6318	278.26001
6319	278.26001
6320	278.10001
6321	278.01001
6322	277.87
6323	277.79999
6324	277.79999
6325	278.04999
6326	278.22
6327	278.54001
6328	278.57999
6329	278.62
6330	278.42999
6331	278.32999
6332	278.23999
6333	278.23999
6334	278.45001
6335	278.48999
6336	278.51001
6337	278.51001
6338	278.35001
6339	278.16
6340	278.12
6341	278.01001
6342	278.01001
6343	278.12
6344	278.12
6345	278.41
6346	278.39001
6347	278.32999
6348	278.14001
6349	278.22
6350	278.26001
6351	278.31
6352	278.47
6353	278.54001
6354	278.48999
6355	278.37
6356	278.37
6357	278.39001
6358	278.31
6359	278.32999
6360	278.26001
6361	278.22
6362	278.14001
6363	278.20001
6364	278.31
6365	278.28
6366	278.22
6367	278.20001
6368	278.12
6369	278.12
6370	277.87
6371	277.82001
6372	277.73999
6373	277.70001
6374	277.57001
6375	277.42999
6376	277.42999
6377	277.34
6378	277.34
6379	277.29999
6380	277.32001
6381	277.48999
6382	277.64001
6383	277.64001
6384	277.91
6385	277.98999
6386	278.01001
6387	278.04999
6388	278.12
6389	278.04999
6390	278.12
6391	278.07999
6392	277.97
6393	277.97
6394	278.14001
6395	278.20001
6396	278.22
6397	278.23999
6398	278.17999
6399	278.31
6400	278.41
6401	278.47
6402	278.45001
6403	278.32999
6404	278.22
6405	278.07999
6406	278.10001
6407	277.91
6408	277.91
6409	277.87
6410	277.79999
6411	277.89001
6412	277.97
6413	278.07999
6414	278.14001
6415	278.14001
6416	278.16
6417	278.28
6418	278.31
6419	278.35001
6420	278.22
6421	278.20001
6422	278.07999
6423	277.91
6424	277.66
6425	277.51001
6426	277.45001
6427	277.72
6428	277.78
6429	277.95001
6430	277.53
6431	277.48999
6432	277.47
6433	277.45001
6434	277.47
6435	277.54999
6436	277.53
6437	277.23999
6438	276.89999
6439	276.79999
6440	276.60999
6441	276.45999
6442	276.29999
6443	276.26001
6444	276.32001
6445	276.38
6446	276.34
6447	276.34
6448	275.64999
6449	274.54001
6450	273.75
6451	271.42001
6452	269.23001
6453	266.78
6454	266.78
6455	263.42001
6456	261.54999
6457	260.76001
6458	259.5
6459	258.95999
6460	258.85999
6461	258.84
6462	258.81
6463	259.01999
6464	259.34
6465	260.17001
6466	261.10999
6467	261.60001
6468	261.97
6469	263.10001
6470	263.44
6471	264.07999
6472	264.70999
6473	264.89999
6474	265.20999
6475	265.45999
6476	265.89999
6477	266.35999
6478	266.72
6479	266.72
6480	267.47
6481	267.76999
6482	267.87
6483	268.10001
6484	268.25
6485	268.42999
6486	268.42999
6487	268.60001
6488	268.73001
6489	268.81
6490	268.87
6491	268.98001
6492	269.14999
6493	269.14999
6494	269.48001
6495	269.67001
6496	269.73001
6497	269.76999
6498	269.73001
6499	269.75
6500	269.69
6501	269.73001
6502	269.89999
6503	270
6504	270.10999
6505	270.09
6506	270.13
6507	270.14999
6508	270.20999
6509	270.25
6510	270.48001
6511	270.63
6512	270.67001
6513	270.69
6514	270.70999
6515	270.57001
6516	270.5
6517	270.48001
6518	270.48001
6519	270.53
6520	270.54999
6521	270.53
6522	270.63
6523	270.73001
6524	270.67001
6525	270.67001
6526	270.69
6527	270.67001
6528	270.67001
6529	270.64999
6530	270.53
6531	270.53
6532	270.48001
6533	270.64999
6534	270.82001
6535	270.85999
6536	270.98999
6537	271.03
6538	270.98999
6539	271.04999
6540	271.14999
6541	271.17001
6542	271.19
6543	271.29999
6544	271.26001
6545	271.14999
6546	271.23999
6547	271.17001
6548	271.17001
6549	271.09
6550	271.09
6551	271.09
6552	271.29999
6553	271.26001
6554	271.29999
6555	271.26001
6556	271.26001
6557	271.26001
6558	271.38
6559	271.45001
6560	271.42001
6561	271.28
6562	271.23999
6563	271.42001
6564	271.42001
6565	271.59
6566	271.60999
6567	271.53
6568	271.39999
6569	271.32001
6570	271.29999
6571	271.28
6572	271.28
6573	271.28
6574	271.32001
6575	271.51001
6576	271.45001
6577	271.29999
6578	271.14999
6579	271.04999
6580	271.14999
6581	271.17001
6582	271.22
6583	271.22
6584	271.28
6585	271.28
6586	271.38
6587	271.34
6588	271.26001
6589	271.26001
6590	271.19
6591	271.07001
6592	271.03
6593	271.19
6594	271.38
6595	271.48999
6596	271.48999
6597	271.28
6598	271.29999
6599	271.34
6600	271.38
6601	271.35999
6602	271.45001
6603	271.48999
6604	271.53
6605	271.39999
6606	271.34
6607	271.26001
6608	271.34
6609	271.45001
6610	271.47
6611	271.51001
6612	271.48999
6613	271.53
6614	271.51001
6615	271.51001
6616	271.64999
6617	271.72
6618	271.73999
6619	271.84
6620	272.03
6621	271.92999
6622	271.79999
6623	271.78
6624	271.67999
6625	271.60999
6626	271.51001
6627	271.54999
6628	271.54999
6629	271.57001
6630	271.54999
6631	271.73999
6632	271.84
6633	271.85999
6634	271.88
6635	271.88
6636	271.92999
6637	271.88
6638	271.79999
6639	271.54999
6640	271.57001
6641	271.60999
6642	271.70001
6643	271.54999
6644	271.51001
6645	271.48999
6646	271.51001
6647	271.59
6648	271.51001
6649	271.53
6650	271.45001
6651	271.51001
6652	271.64999
6653	271.60999
6654	271.59
6655	271.60999
6656	271.64999
6657	271.63
6658	271.76001
6659	271.79999
6660	271.79999
6661	271.78
6662	271.85999
6663	271.98999
6664	271.98999
6665	272.01001
6666	272.03
6667	272.03
6668	271.95001
6669	271.98999
6670	271.97
6671	271.97
6672	271.92999
6673	271.92999
6674	271.92999
6675	271.92999
6676	271.91
6677	271.91
6678	271.76001
6679	271.85999
6680	271.76001
6681	271.78
6682	271.76001
6683	271.78
6684	271.85999
6685	271.95001
6686	271.97
6687	272.01001
6688	272.01001
6689	271.85999
6690	271.78
6691	271.78
6692	271.79999
6693	271.78
6694	271.91
6695	271.88
6696	271.67999
6697	271.57001
6698	271.73999
6699	271.73999
6700	271.64999
6701	271.67999
6702	271.57001
6703	271.51001
6704	271.57001
6705	271.72
6706	271.72
6707	271.84
6708	271.67999
6709	271.53
6710	271.42001
6711	271.45001
6712	271.47
6713	271.47
6714	271.63
6715	271.78
6716	271.91
6717	271.91
6718	271.97
6719	272.16
6720	272.09
6721	272.09
6722	272.04999
6723	272.09
6724	272.03
6725	271.97
6726	271.92999
6727	271.91
6728	272.22
6729	272.66
6730	272.85001
6731	272.85001
6732	273.07999
6733	272.97
6734	272.95001
6735	272.81
6736	272.76001
6737	273.04001
6738	273.04001
6739	273.39001
6740	273.47
6741	273.56
6742	273.98001
6743	274.5
6744	274.94
6745	274.94
6746	275.69
6747	276.19
6748	276.34
6749	276.51001
6750	276.76001
6751	276.95001
6752	277.04999
6753	277.20001
6754	277.23999
6755	277.13
6756	277.23999
6757	277.29999
6758	277.39001
6759	277.34
6760	277.20001
6761	277.20001
6762	277.23999
6763	277.09
6764	277.20001
6765	277.28
6766	277.32001
6767	277.26001
6768	277.45001
6769	277.53
6770	277.53
6771	277.62
6772	277.51001
6773	277.48999
6774	277.34
6775	277.48999
6776	277.72
6777	277.72
6778	277.79999
6779	277.79999
6780	277.95001
6781	277.82001
6782	277.64001
6783	277.53
6784	277.41
6785	277.76001
6786	277.92999
6787	277.91
6788	277.95001
6789	277.95001
6790	277.92999
6791	277.82001
6792	277.62
6793	277.54999
6794	277.45001
6795	277.42999
6796	277.48999
6797	277.54999
6798	277.54999
6799	277.57001
6800	277.67999
6801	277.59
6802	277.59
6803	277.51001
6804	277.59
6805	277.66
6806	277.78
6807	277.76001
6808	277.98999
6809	277.98999
6810	278.16
6811	278.31
6812	278.41
6813	278.42999
6814	278.39001
6815	278.31
6816	278.31
6817	278.41
6818	278.35001
6819	278.23999
6820	278.16
6821	278.01001
6822	277.92999
6823	277.87
6824	277.66
6825	277.66
6826	277.59
6827	277.53
6828	277.59
6829	277.73999
6830	277.89001
6831	278.07999
6832	278.03
6833	277.92999
6834	277.92999
6835	277.87
6836	277.89001
6837	277.92999
6838	277.91
6839	278.10001
6840	278.31
6841	278.31
6842	278.32999
6843	278.23999
6844	278.22
6845	278.23999
6846	278.23999
6847	278.37
6848	278.37
6849	278.17999
6850	278.23999
6851	278.16
6852	278.10001
6853	278.07999
6854	278.22
6855	278.41
6856	278.64001
6857	278.67999
6858	278.62
6859	278.48999
6860	278.41
6861	278.39001
6862	278.28
6863	278.03
6864	277.92999
6865	277.92999
6866	278.16
6867	278.17999
6868	278.26001
6869	278.28
6870	278.17999
6871	277.95001
6872	277.78
6873	277.95001
6874	278.12
6875	278.28
6876	278.28
6877	278.16
6878	278.16
6879	278.37
6880	278.37
6881	278.54001
6882	278.42999
6883	278.47
6884	278.35001
6885	278.22
6886	278.16
6887	278.16
6888	278.31
6889	278.39001
6890	278.45001
6891	278.47
6892	278.41
6893	278.31
6894	278.26001
6895	277.98999
6896	277.97
6897	278.04999
6898	278.17999
6899	278.16
6900	278.14001
6901	278.03
6902	277.91
6903	277.82001
6904	277.70001
6905	277.59
6906	277.54999
6907	277.79999
6908	277.76001
6909	277.64001
6910	277.29999
6911	277.01001
6912	277.01001
6913	276.51001
6914	276.51001
6915	276.53
6916	276.48999
6917	276.45999
6918	276.45999
6919	276.45999
6920	276.54999
6921	276.35999
6922	276.13
6923	275
6924	273.01001
6925	270.54999
6926	270.54999
6927	266.59
6928	264.19
6929	263.07999
6930	261.03
6931	259.60999
6932	259
6933	258.5
6934	257.56
6935	257.5
6936	257.66
6937	258.23001
6938	258.51999
6939	259.14999
6940	259.44
6941	260.09
6942	260.84
6943	261.57001
6944	262.51999
6945	262.85001
6946	263.39001
6947	263.60001
6948	264.10999
6949	264.75
6950	265.29999
6951	265.29999
6952	265.98999
6953	266.29999
6954	266.53
6955	267.03
6956	267.37
6957	267.45001
6958	267.45001
6959	267.70001
6960	267.85001
6961	267.89001
6962	268.16
6963	268.51999
6964	268.73001
6965	268.82999
6966	269.04001
6967	269.01999
6968	269.10001
6969	269.38
6970	269.54001
6971	269.57999
6972	269.63
6973	269.51999
6974	269.51999
6975	269.67001
6976	269.67001
6977	269.64999
6978	269.60999
6979	269.69
6980	269.94
6981	270.23001
6982	270.26999
6983	270.26999
6984	270.14999
6985	270.10999
6986	270.07001
6987	270.13
6988	270.25
6989	270.32001
6990	270.32001
6991	270.29999
6992	270.48001
6993	270.54999
6994	270.70999
6995	270.76001
6996	270.67001
6997	270.67001
6998	270.45999
6999	270.48001
7000	270.42001
7001	270.39999
7002	270.38
7003	270.42001
7004	270.39999
7005	270.23001
7006	270.23001
7007	270.29999
7008	270.38
7009	270.35999
7010	270.45999
7011	270.53
7012	270.53
7013	270.60999
7014	270.59
7015	270.67001
7016	270.70999
7017	270.84
7018	270.76001
7019	270.69
7020	270.64999
7021	270.64999
7022	270.64999
7023	270.70999
7024	270.67001
7025	270.69
7026	270.67001
7027	270.67001
7028	270.82001
7029	270.82001
7030	270.84
7031	270.79999
7032	270.73001
7033	270.67001
7034	270.73001
7035	270.79999
7036	270.79999
7037	271.03
7038	271.03
7039	271.17001
7040	271.26001
7041	271.28
7042	271.17001
7043	271.22
7044	272.16
7045	271.92999
7046	272.42999
7047	273.14001
7048	273.31
7049	276.07001
7050	277.09
7051	276.97
7052	275.69
7053	274.44
7054	274.44
7055	273.12
7056	272.57999
7057	272.28
7058	271.95001
7059	271.73999
7060	271.73999
7061	271.73999
7062	271.53
7063	271.47
7064	271.39999
7065	271.28
7066	271.17001
7067	271.14999
7068	271.14999
7069	271.13
7070	271.13
7071	271.10999
7072	271.10999
7073	271.23999
7074	271.28
7075	271.23999
7076	271.29999
7077	271.23999
7078	271.23999
7079	271.19
7080	271.22
7081	271.22
7082	271.17001
7083	271.28
7084	271.35999
7085	271.35999
7086	271.23999
7087	271.26001
7088	271.28
7089	271.28
7090	271.22
7091	271.17001
7092	271.26001
7093	271.26001
7094	271.29999
7095	271.29999
7096	271.34
7097	271.38
7098	271.38
7099	271.29999
7100	271.29999
7101	271.35999
7102	271.26001
7103	271.14999
7104	271.09
7105	270.94
7106	271.04999
7107	271.04999
7108	271.09
7109	271.17001
7110	271.17001
7111	271.10999
7112	271.09
7113	271.13
7114	271.13
7115	271.19
7116	271.22
7117	271.14999
7118	271.19
7119	271.23999
7120	271.17001
7121	271.28
7122	271.22
7123	271.23999
7124	271.17001
7125	271.17001
7126	271.10999
7127	271.09
7128	271.13
7129	271.17001
7130	271.13
7131	271.07001
7132	271.07001
7133	271.07001
7134	271.17001
7135	271.13
7136	271.19
7137	271.28
7138	271.22
7139	271.22
7140	271.09
7141	270.98999
7142	270.92001
7143	270.73001
7144	270.79999
7145	270.89999
7146	270.85999
7147	271.04999
7148	271.07001
7149	271.17001
7150	271.14999
7151	271.17001
7152	271.22
7153	271.26001
7154	271.45001
7155	271.45001
7156	271.48999
7157	271.51001
7158	271.51001
7159	271.57001
7160	271.48999
7161	271.53
7162	271.59
7163	271.72
7164	271.72
7165	271.63
7166	271.63
7167	271.63
7168	271.63
7169	271.63
7170	271.67999
7171	271.67999
7172	271.57001
7173	271.38
7174	271.39999
7175	271.35999
7176	271.42001
7177	271.48999
7178	271.53
7179	271.39999
7180	271.35999
7181	271.42001
7182	271.45001
7183	271.47
7184	271.42001
7185	271.39999
7186	271.34
7187	271.39999
7188	271.35999
7189	271.32001
7190	271.28
7191	271.32001
7192	271.38
7193	271.42001
7194	271.29999
7195	271.29999
7196	271.23999
7197	271.23999
7198	271.34
7199	271.34
7200	271.14999
7201	271.48999
7202	271.92999
7203	271.92999
7204	272.60001
7205	272.67999
7206	272.57999
7207	272.45001
7208	272.45001
7209	272.67999
7210	272.67999
7211	273.26999
7212	273.42999
7213	273.5
7214	273.67999
7215	273.87
7216	274.04001
7217	274.19
7218	275.13
7219	275.34
7220	275.63
7221	275.94
7222	276.28
7223	276.35999
7224	276.48999
7225	276.54999
7226	276.54999
7227	276.92001
7228	276.97
7229	277.04999
7230	276.97
7231	276.92001
7232	276.82001
7233	276.60999
7234	276.48999
7235	276.48999
7236	276.82001
7237	277.04999
7238	277.23999
7239	277.54999
7240	277.57001
7241	277.53
7242	277.53
7243	277.76001
7244	277.87
7245	277.91
7246	277.73999
7247	277.35999
7248	277.17999
7249	277.17999
7250	277.51001
7251	277.72
7252	277.73999
7253	277.78
7254	277.70001
7255	277.59
7256	277.57001
7257	277.26001
7258	277.22
7259	277.34
7260	277.39001
7261	277.45001
7262	277.59
7263	277.70001
7264	277.82001
7265	277.73999
7266	277.66
7267	277.73999
7268	277.78
7269	277.85001
7270	277.72
7271	277.64001
7272	277.62
7273	277.64001
7274	277.64001
7275	277.28
7276	277.22
7277	277.10999
7278	277.04999
7279	277.22
7280	277.59
7281	277.59
7282	277.78
7283	277.62
7284	277.54999
7285	277.48999
7286	277.59
7287	277.57001
7288	277.51001
7289	277.59
7290	277.73999
7291	277.87
7292	277.97
7293	277.79999
7294	277.70001
7295	277.53
7296	277.32001
7297	277.22
7298	277.20001
7299	277.32001
7300	277.32001
7301	277.26001
7302	277.20001
7303	277.20001
7304	277.42999
7305	277.66
7306	277.66
7307	277.76001
7308	277.53
7309	277.51001
7310	277.39001
7311	277.53
7312	277.76001
7313	277.76001
7314	277.82001
7315	277.98999
7316	278.10001
7317	278.14001
7318	278.03
7319	277.78
7320	277.78
7321	277.66
7322	277.64001
7323	277.67999
7324	277.35999
7325	277.26001
7326	277.26001
7327	277.23999
7328	277.22
7329	277.20001
7330	277.34
7331	277.42999
7332	277.47
7333	277.35999
7334	277.39001
7335	277.48999
7336	277.42999
7337	277.22
7338	277.23999
7339	277.22
7340	277.10999
7341	277.03
7342	276.88
7343	277.03
7344	277.04999
7345	277.04999
7346	277.01001
7347	276.92001
7348	276.88
7349	276.95001
7350	277.07001
7351	277.04999
7352	277.04999
7353	277.32001
7354	277.67999
7355	277.91
7356	278.12
7357	278.17999
7358	278.20001
7359	278.23999
7360	278.23999
7361	277.98999
7362	277.87
7363	277.62
7364	277.78
7365	277.87
7366	277.89001
7367	277.97
7368	277.85001
7369	277.85001
7370	277.82001
7371	277.82001
7372	277.66
7373	277.64001
7374	277.32001
7375	277.47
7376	277.59
7377	277.59
7378	277.29999
7379	277.28
7380	277.28
7381	277.34
7382	277.22
7383	276.98999
7384	276.98999
7385	276.69
7386	276.57001
7387	276.57001
7388	276.57001
7389	276.38
7390	276.17001
7391	276.17001
7392	275.79999
7393	275.64999
7394	275.60999
7395	275.31
7396	274.81
7397	274.48001
7398	273.81
7399	270.67001
7400	269.45999
7401	267.16
7402	264.82001
7403	262.67999
7404	261.73999
7405	261.01001
7406	258.98001
7407	258.63
7408	258.14999
7409	257.79001
7410	257.82999
7411	258.06
7412	258.25
7413	258.75
7414	259.53
7415	260.38
7416	260.38
7417	261.48999
7418	262.17999
7419	262.60001
7420	263.23001
7421	263.88
7422	264.34
7423	264.34
7424	265.04999
7425	265.60999
7426	265.95001
7427	266.35999
7428	266.66
7429	266.66
7430	266.78
7431	267.39001
7432	267.87
7433	268
7434	268.25
7435	268.39001
7436	268.5
7437	268.64001
7438	268.98001
7439	269.01999
7440	269.31
7441	269.45999
7442	269.48001
7443	269.5
7444	269.5
7445	269.56
7446	269.67001
7447	269.64999
7448	269.63
7449	269.51999
7450	269.44
7451	269.39999
7452	269.39999
7453	269.5
7454	269.63
7455	269.76999
7456	269.76999
7457	269.85999
7458	269.85999
7459	269.89999
7460	269.89999
7461	269.89999
7462	269.89999
7463	270.04001
7464	270.01999
7465	270.13
7466	270.23001
7467	270.34
7468	270.39999
7469	270.44
7470	270.63
7471	270.67001
7472	270.64999
7473	270.60999
7474	270.5
7475	270.59
7476	270.64999
7477	270.59
7478	270.5
7479	270.42001
7480	270.48001
7481	270.54999
7482	270.5
7483	270.57001
7484	270.60999
7485	270.69
7486	270.69
7487	270.69
7488	270.63
7489	270.59
7490	270.63
7491	270.70999
7492	270.76001
7493	270.89999
7494	270.89999
7495	271.09
7496	271.03
7497	271.01001
7498	271.07001
7499	271.07001
7500	271.09
7501	271.09
7502	271.13
7503	271.01001
7504	270.94
7505	270.85999
7506	270.92001
7507	270.94
7508	270.89999
7509	270.82001
7510	270.64999
7511	270.57001
7512	270.5
7513	270.5
7514	270.57001
7515	270.57001
7516	270.60999
7517	270.69
7518	270.69
7519	270.69
7520	270.63
7521	270.69
7522	270.76001
7523	270.69
7524	270.67001
7525	270.70999
7526	270.70999
7527	270.76001
7528	270.67001
7529	270.64999
7530	270.59
7531	270.53
7532	270.64999
7533	270.64999
7534	270.67001
7535	270.64999
7536	270.54999
7537	270.60999
7538	270.69
7539	270.63
7540	270.63
7541	270.84
7542	270.92001
7543	271.07001
7544	270.95999
7545	270.82001
7546	270.84
7547	270.88
7548	270.82001
7549	270.84
7550	270.82001
7551	270.94
7552	271.03
7553	271.14999
7554	271.13
7555	270.95999
7556	270.89999
7557	271.03
7558	271.03
7559	271.04999
7560	271.07001
7561	271.13
7562	271.10999
7563	271.22
7564	271.13
7565	271.13
7566	271.14999
7567	271.26001
7568	271.23999
7569	271.22
7570	271.14999
7571	271.26001
7572	271.26001
7573	271.35999
7574	271.34
7575	271.38
7576	271.28
7577	271.23999
7578	271.19
7579	271.22
7580	271.10999
7581	271.13
7582	271.17001
7583	271.35999
7584	271.35999
7585	271.47
7586	271.42001
7587	271.34
7588	271.26001
7589	271.26001
7590	271.28
7591	271.23999
7592	271.32001
7593	271.38
7594	271.28
7595	271.28
7596	271.28
7597	271.28
7598	270.94
7599	270.95999
7600	270.98999
7601	271.01001
7602	271.04999
7603	271.07001
7604	271.07001
7605	270.95999
7606	270.89999
7607	270.98999
7608	271.07001
7609	271.14999