1	334.8999918
2	334.800005
3	334.6999884
4	335.0000083
5	335.0000083
6	335.0000083
7	335.0999951
8	335.2000117
9	335.3999853
10	335.2000117
11	335.0000083
12	335.2000117
13	335.2999985
14	335.0000083
15	335.0999951
16	335.2000117
17	335.2000117
18	335.0999951
19	335.5999887
20	335.5999887
21	335.3999853
22	335.2999985
23	335.2999985
24	335.2999985
25	335.3999853
26	335.2000117
27	335.2000117
28	335.2999985
29	334.8999918
30	334.800005
31	334.6999884
32	334.6999884
33	334.8999918
34	334.6999884
35	334.6999884
36	334.800005
37	334.6999884
38	334.6999884
39	334.6000016
40	334.6999884
41	335.0000083
42	335.0000083
43	334.6999884
44	334.800005
45	334.800005
46	334.8999918
47	335.0000083
48	335.0000083
49	335.0000083
50	335.0000083
51	335.0000083
52	335.0999951
53	335.2999985
54	335.0000083
55	335.2999985
56	335.2000117
57	335.0000083
58	335.0999951
59	335.2999985
60	335.0999951
61	335.2000117
62	335.2000117
63	335.5000019
64	335.2999985
65	335.2000117
66	335.0999951
67	335.2999985
68	335.0999951
69	335.2999985
70	335.0999951
71	335.0000083
72	335.2999985
73	335.2999985
74	335.2999985
75	335.0999951
76	335.2999985
77	335.2999985
78	335.2999985
79	335.2000117
80	335.2000117
81	335.0000083
82	335.2000117
83	335.2999985
84	335.0999951
85	335.2999985
86	335.0999951
87	335.2999985
88	335.0000083
89	335.0999951
90	335.2000117
91	335.2999985
92	335.3999853
93	335.2999985
94	335.2000117
95	335.2999985
96	335.3999853
97	335.2999985
98	335.2999985
99	335.2999985
100	335.3999853
101	335.2000117
102	335.2000117
103	335.2999985
104	335.5999887
105	335.7000053
106	335.9999955
107	336.1999989
108	336.2999856
109	336.499989
110	337.0000124
111	337.0999992
112	337.3000026
113	337.7999961
114	338.0999863
115	338.2999897
116	338.2999897
117	338.6999965
118	339.1000032
119	339.19999
120	339.3000066
121	339.50001
122	339.50001
123	339.5999968
124	339.50001
125	339.50001
126	339.5999968
127	339.50001
128	339.5999968
129	339.50001
130	339.5999968
131	339.5999968
132	339.8000002
133	339.899987
134	340.0999904
135	339.8000002
136	339.8000002
137	340.0000036
138	339.8000002
139	339.8000002
140	339.50001
141	339.7000134
142	339.50001
143	339.5999968
144	339.50001
145	339.5999968
146	339.8000002
147	339.8000002
148	339.5999968
149	339.7000134
150	339.50001
151	339.7000134
152	339.5999968
153	339.5999968
154	339.7000134
155	339.8000002
156	339.7000134
157	339.5999968
158	339.5999968
159	339.50001
160	339.899987
161	339.899987
162	339.899987
163	339.899987
164	339.8000002
165	340.0000036
166	340.0000036
167	339.899987
168	340.0000036
169	339.7000134
170	339.899987
171	339.899987
172	339.8000002
173	339.7000134
174	339.899987
175	340.200007
176	339.8000002
177	339.899987
178	339.8000002
179	339.899987
180	339.899987
181	339.7000134
182	339.50001
183	339.8000002
184	339.8000002
185	339.5999968
186	339.50001
187	339.5999968
188	339.3999934
189	339.3000066
190	339.3000066
191	339.3999934
192	339.19999
193	339.50001
194	339.5999968
195	339.50001
196	339.8000002
197	339.3999934
198	339.19999
199	339.50001
200	339.3000066
201	339.3000066
202	338.9999866
203	338.9999866
204	338.8999999
205	338.9999866
206	339.3000066
207	339.19999
208	339.19999
209	339.19999
210	339.3000066
211	339.50001
212	339.50001
213	339.3999934
214	339.19999
215	339.5999968
216	339.3999934
217	339.3000066
218	339.50001
219	339.50001
220	339.50001
221	339.5999968
222	339.5999968
223	339.8000002
224	340.0000036
225	339.899987
226	340.0000036
227	339.8000002
228	339.8000002
229	339.8000002
230	339.8000002
231	339.7000134
232	339.5999968
233	339.7000134
234	339.7000134
235	339.50001
236	339.7000134
237	340.0999904
238	340.200007
239	339.899987
240	339.8000002
241	339.8000002
242	339.8000002
243	339.8000002
244	339.8000002
245	339.7000134
246	339.50001
247	339.5999968
248	339.5999968
249	339.3999934
250	339.3999934
251	339.50001
252	339.3999934
253	339.19999
254	339.3000066
255	339.50001
256	339.5999968
257	339.3999934
258	339.50001
259	339.7000134
260	339.8000002
261	339.50001
262	339.3999934
263	339.50001
264	339.50001
265	339.50001
266	339.5999968
267	339.7000134
268	339.5999968
269	339.899987
270	339.899987
271	339.8000002
272	339.8000002
273	339.8000002
274	339.8000002
275	339.5999968
276	339.5999968
277	339.50001
278	339.50001
279	339.50001
280	339.50001
281	339.50001
282	339.5999968
283	339.5999968
284	339.7000134
285	340.0999904
286	340.200007
287	339.7000134
288	339.3999934
289	338.2000029
290	336.6999924
291	334.6000016
292	333.4000111
293	331.2000036
294	328.7999928
295	326.700002
296	325.8999884
297	324.8000145
298	323.5000074
299	323.1999874
300	322.6000071
301	322.4999905
302	322.8999972
303	323.0000138
304	323.3999908
305	324.2999911
306	324.9999881
307	325.3000081
308	326.0999918
309	326.9000053
310	327.6000023
311	327.8999925
312	328.5999894
313	329.1000128
314	329.6999931
315	329.8000097
316	330.1999867
317	330.7999969
318	331.400007
319	331.2000036
320	331.4999938
321	331.9000006
322	331.8000138
323	332.3999941
324	332.1999907
325	332.5000107
326	332.5999975
327	332.8000009
328	333.0999911
329	333.4000111
330	333.2999945
331	333.2999945
332	333.6000144
333	333.9000046
334	333.799988
335	333.799988
336	334.100008
337	333.799988
338	334.100008
339	333.9000046
340	334.100008
341	333.799988
342	334.100008
343	333.9999914
344	333.9000046
345	334.100008
346	334.100008
347	334.1999948
348	333.9999914
349	334.100008
350	334.1999948
351	334.3999982
352	334.3000114
353	334.1999948
354	334.3999982
355	334.3999982
356	334.5000148
357	334.3999982
358	334.3999982
359	334.3999982
360	334.5000148
361	334.6999884
362	334.6999884
363	334.6000016
364	334.5000148
365	334.5000148
366	334.800005
367	334.800005
368	334.6999884
369	334.800005
370	334.800005
371	335.0000083
372	335.0999951
373	334.6999884
374	334.6999884
375	334.8999918
376	335.0000083
377	335.0000083
378	335.0000083
379	335.0000083
380	334.800005
381	335.0000083
382	335.0000083
383	335.0000083
384	334.8999918
385	335.0000083
386	335.0000083
387	334.800005
388	335.0000083
389	335.2999985
390	335.0000083
391	335.0000083
392	334.800005
393	335.0000083
394	334.8999918
395	335.0000083
396	335.0000083
397	334.800005
398	335.0000083
399	335.0000083
400	335.0000083
401	335.0999951
402	335.0000083
403	334.6999884
404	335.0000083
405	335.2000117
406	335.2999985
407	335.0000083
408	335.0999951
409	335.0000083
410	334.8999918
411	335.0999951
412	335.0999951
413	335.0000083
414	335.0999951
415	335.0999951
416	335.2999985
417	335.0999951
418	335.0000083
419	335.2000117
420	335.0999951
421	335.2999985
422	335.3999853
423	335.5000019
424	335.3999853
425	335.2999985
426	335.5999887
427	335.3999853
428	335.5999887
429	335.5000019
430	335.2999985
431	335.3999853
432	335.3999853
433	335.2999985
434	335.2000117
435	335.2999985
436	335.7000053
437	335.5999887
438	335.3999853
439	335.2999985
440	335.2999985
441	335.3999853
442	335.7000053
443	335.2999985
444	335.5999887
445	335.2999985
446	335.7000053
447	335.3999853
448	335.3999853
449	335.2999985
450	335.3999853
451	335.3999853
452	335.5000019
453	335.3999853
454	335.2999985
455	335.2000117
456	335.3999853
457	335.5999887
458	335.5000019
459	335.2999985
460	335.2999985
461	335.5000019
462	335.3999853
463	335.5000019
464	335.5000019
465	335.3999853
466	335.5999887
467	335.7000053
468	335.5999887
469	335.5999887
470	335.3999853
471	335.2999985
472	335.5000019
473	335.3999853
474	335.0999951
475	335.0999951
476	335.2999985
477	335.3999853
478	335.3999853
479	335.2999985
480	335.2999985
481	335.3999853
482	335.2999985
483	335.2999985
484	335.2000117
485	335.0000083
486	334.800005
487	334.800005
488	334.3999982
489	333.9000046
490	333.9000046
491	333.9999914
492	333.799988
493	333.799988
494	333.799988
495	333.7000012
496	333.799988
497	334.100008
498	334.100008
499	333.7000012
500	333.7000012
501	333.9000046
502	333.9000046
503	333.9000046
504	333.9000046
505	333.9000046
506	333.9000046
507	333.9000046
508	333.7000012
509	333.4000111
510	333.6000144
511	333.7000012
512	333.7000012
513	333.4999979
514	333.4999979
515	333.4000111
516	333.6000144
517	333.6000144
518	333.4999979
519	333.2999945
520	333.4000111
521	333.2999945
522	333.4000111
523	333.4000111
524	333.0000043
525	333.0999911
526	333.0999911
527	333.4000111
528	333.0999911
529	333.0999911
530	333.0999911
531	333.4000111
532	333.2000077
533	333.2000077
534	333.0999911
535	333.2000077
536	333.2999945
537	333.4000111
538	333.0000043
539	332.8000009
540	333.0999911
541	333.2000077
542	333.2999945
543	333.2999945
544	333.4000111
545	333.0000043
546	333.2999945
547	333.2999945
548	333.2999945
549	333.0999911
550	333.0000043
551	333.0999911
552	333.0999911
553	333.4000111
554	333.0999911
555	333.2000077
556	332.8999877
557	333.0999911
558	333.0999911
559	333.2999945
560	333.2000077
561	333.0999911
562	333.2000077
563	333.2999945
564	333.4000111
565	333.0000043
566	333.0999911
567	332.8999877
568	332.8000009
569	333.0999911
570	333.2999945
571	333.0999911
572	332.8000009
573	332.8000009
574	332.8000009
575	333.0000043
576	332.8000009
577	332.5000107
578	332.8000009
579	333.0999911
580	333.0999911
581	333.6000144
582	333.6000144
583	334.100008
584	334.3000114
585	334.800005
586	334.6999884
587	335.0999951
588	335.5999887
589	335.9000087
590	335.9999955
591	336.1000121
592	336.2999856
593	336.6999924
594	336.800009
595	337.0999992
596	337.0999992
597	337.0999992
598	337.0000124
599	337.0000124
600	337.3000026
601	337.500006
602	337.5999928
603	337.500006
604	337.5999928
605	337.5999928
606	337.7000093
607	337.9000127
608	337.5999928
609	337.9000127
610	337.9999995
611	338.0999863
612	338.2000029
613	338.2000029
614	338.2000029
615	338.4000063
616	338.4999931
617	338.2999897
618	337.7999961
619	337.7999961
620	337.5999928
621	337.9000127
622	337.9000127
623	337.9000127
624	337.9999995
625	337.9000127
626	337.7999961
627	337.5999928
628	337.7000093
629	337.3999894
630	337.199986
631	337.3000026
632	337.3000026
633	337.5999928
634	337.5999928
635	337.3999894
636	337.5999928
637	337.3000026
638	337.5999928
639	337.5999928
640	337.5999928
641	337.3000026
642	337.500006
643	337.3999894
644	337.7999961
645	337.5999928
646	337.9000127
647	337.5999928
648	337.5999928
649	337.3000026
650	337.7000093
651	337.9000127
652	337.7000093
653	337.5999928
654	337.5999928
655	337.7000093
656	337.5999928
657	337.9000127
658	337.500006
659	337.5999928
660	337.5999928
661	337.9000127
662	337.5999928
663	337.7000093
664	337.500006
665	337.0999992
666	337.0999992
667	337.3000026
668	337.0999992
669	337.199986
670	337.199986
671	337.3999894
672	337.5999928
673	337.5999928
674	337.5999928
675	337.500006
676	337.500006
677	337.5999928
678	337.500006
679	337.5999928
680	337.7000093
681	337.5999928
682	337.3999894
683	337.5999928
684	337.7000093
685	337.9000127
686	337.9000127
687	337.7999961
688	337.9000127
689	337.9000127
690	338.0999863
691	337.9000127
692	337.9999995
693	337.9999995
694	338.2000029
695	337.9000127
696	337.9000127
697	337.9999995
698	338.0999863
699	338.2000029
700	337.9999995
701	337.9000127
702	337.7000093
703	337.9000127
704	337.9999995
705	338.0999863
706	337.9999995
707	337.9999995
708	338.0999863
709	337.9000127
710	338.2000029
711	337.9000127
712	337.9000127
713	337.9000127
714	338.2000029
715	338.4000063
716	338.2000029
717	338.2000029
718	338.2000029
719	338.2000029
720	338.2999897
721	338.4000063
722	338.4000063
723	338.8000131
724	338.6000097
725	338.8999999
726	338.8999999
727	338.6999965
728	338.6000097
729	338.6000097
730	338.6000097
731	338.6999965
732	338.4999931
733	338.6000097
734	338.6999965
735	338.6999965
736	338.6000097
737	338.4999931
738	338.4000063
739	338.4999931
740	338.6000097
741	338.4999931
742	338.2000029
743	338.2000029
744	338.2000029
745	338.2999897
746	338.4000063
747	337.9999995
748	337.9000127
749	338.2000029
750	338.6999965
751	338.6000097
752	338.4999931
753	338.6999965
754	338.6000097
755	338.8999999
756	339.3000066
757	339.3000066
758	339.50001
759	339.5999968
760	339.50001
761	339.5999968
762	339.3000066
763	338.4999931
764	337.500006
765	336.6000056
766	335.5999887
767	333.4999979
768	331.2000036
769	328.9000094
770	327.6000023
771	325.7000148
772	323.9000142
773	322.8999972
774	321.5999901
775	321.0000098
776	320.4999864
777	320.4999864
778	320.1999962
779	320.8999932
780	321.0000098
781	321.3
782	321.7999935
783	322.6999938
784	323.300004
785	323.7000108
786	324.2999911
787	324.6999979
788	325.5000114
789	325.8999884
790	326.2999952
791	326.9000053
792	327.1999955
793	327.4999857
794	328.0000091
795	328.399986
796	328.5999894
797	329.1000128
798	329.4999897
799	329.8999965
800	330.0000131
801	330.1999867
802	330.3999901
803	330.5000067
804	330.9000134
805	331.2000036
806	331.2999904
807	331.6000104
808	331.4999938
809	331.6000104
810	331.6000104
811	331.6000104
812	331.8000138
813	332.100004
814	332.1999907
815	332.3000073
816	332.3999941
817	332.5999975
818	332.5999975
819	332.8000009
820	332.3999941
821	332.5999975
822	332.5999975
823	332.7000141
824	332.8000009
825	332.8000009
826	332.8000009
827	332.8000009
828	333.0999911
829	333.0999911
830	333.0999911
831	333.0999911
832	333.0999911
833	333.2999945
834	333.2999945
835	333.4000111
836	333.4000111
837	333.4000111
838	333.2999945
839	333.4000111
840	333.4000111
841	333.4000111
842	333.4000111
843	333.6000144
844	333.7000012
845	333.799988
846	333.7000012
847	333.799988
848	333.799988
849	333.799988
850	333.799988
851	333.7000012
852	333.799988
853	333.6000144
854	333.7000012
855	333.799988
856	333.799988
857	333.7000012
858	333.799988
859	333.6000144
860	333.7000012
861	333.9000046
862	333.799988
863	333.9000046
864	333.7000012
865	333.799988
866	333.9000046
867	333.9000046
868	334.100008
869	334.1999948
870	334.100008
871	334.1999948
872	333.7000012
873	333.9000046
874	333.7000012
875	333.9000046
876	333.7000012
877	333.6000144
878	333.7000012
879	333.4999979
880	333.6000144
881	333.9000046
882	333.799988
883	333.799988
884	333.7000012
885	333.799988
886	334.100008
887	334.100008
888	333.7000012
889	333.9000046
890	334.100008
891	334.3999982
892	334.3000114
893	334.100008
894	334.100008
895	333.9999914
896	333.9000046
897	334.1999948
898	334.3000114
899	334.100008
900	334.3000114
901	334.100008
902	334.3999982
903	334.3000114
904	334.100008
905	334.100008
906	334.1999948
907	333.799988
908	334.1999948
909	334.100008
910	334.100008
911	333.9000046
912	333.7000012
913	333.9999914
914	334.100008
915	334.100008
916	334.1999948
917	333.9000046
918	333.7000012
919	333.799988
920	333.799988
921	333.9999914
922	333.9999914
923	333.7000012
924	333.7000012
925	333.7000012
926	333.6000144
927	333.7000012
928	333.7000012
929	333.799988
930	333.7000012
931	333.7000012
932	333.9000046
933	333.799988
934	333.799988
935	333.7000012
936	333.9000046
937	333.9999914
938	333.9999914
939	333.9999914
940	334.100008
941	333.799988
942	333.9999914
943	333.9000046
944	334.1999948
945	333.799988
946	333.799988
947	333.9000046
948	333.7000012
949	333.7000012
950	333.7000012
951	333.6000144
952	333.4999979
953	333.6000144
954	333.9000046
955	333.7000012
956	333.799988
957	333.7000012
958	333.9999914
959	334.1999948
960	333.9999914
961	333.799988
962	333.799988
963	334.100008
964	333.799988
965	333.7000012
966	333.7000012
967	333.6000144
968	333.6000144
969	333.799988
970	333.4999979
971	333.7000012
972	333.7000012
973	333.9999914
974	333.7000012
975	333.799988
976	333.6000144
977	333.4999979
978	333.7000012
979	333.9000046
980	333.7000012
981	333.4999979
982	333.6000144
983	333.7000012
984	333.799988
985	333.9999914
986	333.7000012
987	333.7000012
988	333.799988
989	333.7000012
990	333.9000046
991	333.799988
992	333.7000012
993	333.4999979
994	333.799988
995	333.9999914
996	333.7000012
997	333.9000046
998	334.100008
999	334.100008
1000	334.100008
1001	333.9000046
1002	333.7000012
1003	333.9999914
1004	334.1999948
1005	333.9999914
1006	333.9000046
1007	333.9999914
1008	333.799988
1009	334.100008
1010	334.100008
1011	333.7000012
1012	333.799988
1013	333.7000012
1014	333.7000012
1015	333.799988
1016	333.7000012
1017	333.4999979
1018	333.799988
1019	333.7000012
1020	333.799988
1021	333.6000144
1022	333.7000012
1023	333.799988
1024	334.1999948
1025	333.9000046
1026	333.7000012
1027	333.9999914
1028	334.100008
1029	334.1999948
1030	334.100008
1031	334.100008
1032	333.9999914
1033	334.3000114
1034	334.3000114
1035	334.1999948
1036	334.100008
1037	334.100008
1038	334.3999982
1039	334.100008
1040	334.100008
1041	333.9999914
1042	334.1999948
1043	334.3000114
1044	334.3000114
1045	333.9999914
1046	333.4000111
1047	333.7000012
1048	333.2999945
1049	333.2000077
1050	333.0000043
1051	332.8999877
1052	333.0999911
1053	333.2000077
1054	333.0999911
1055	332.8000009
1056	333.0999911
1057	333.4000111
1058	333.9000046
1059	334.3999982
1060	334.3999982
1061	335.0999951
1062	335.5000019
1063	336.1000121
1064	335.9999955
1065	336.4000022
1066	336.499989
1067	337.0000124
1068	337.0000124
1069	336.8999958
1070	337.199986
1071	337.3000026
1072	337.3000026
1073	337.3000026
1074	337.7000093
1075	337.5999928
1076	337.5999928
1077	337.7000093
1078	337.7999961
1079	337.7000093
1080	337.9000127
1081	337.7000093
1082	337.9000127
1083	337.5999928
1084	337.7000093
1085	337.5999928
1086	337.5999928
1087	337.3999894
1088	337.500006
1089	337.5999928
1090	337.0999992
1091	337.3000026
1092	337.3999894
1093	337.5999928
1094	337.199986
1095	337.3000026
1096	337.0000124
1097	337.0000124
1098	337.0999992
1099	337.0000124
1100	337.199986
1101	337.3999894
1102	337.3999894
1103	337.7999961
1104	337.500006
1105	337.0999992
1106	337.0000124
1107	337.0000124
1108	336.800009
1109	336.4000022
1110	336.6000056
1111	337.0999992
1112	337.199986
1113	337.199986
1114	337.3000026
1115	337.5999928
1116	337.7999961
1117	337.5999928
1118	337.7000093
1119	337.7999961
1120	337.9000127
1121	337.7000093
1122	337.7000093
1123	337.500006
1124	337.7000093
1125	337.9000127
1126	338.2000029
1127	337.9999995
1128	338.2000029
1129	338.2000029
1130	337.9999995
1131	337.9000127
1132	337.7000093
1133	337.7000093
1134	337.7999961
1135	337.5999928
1136	337.5999928
1137	337.3999894
1138	337.3999894
1139	337.7000093
1140	337.7999961
1141	337.7999961
1142	337.7999961
1143	337.7999961
1144	337.9999995
1145	337.9000127
1146	338.0999863
1147	338.2000029
1148	338.0999863
1149	338.0999863
1150	338.2000029
1151	338.2000029
1152	338.2999897
1153	338.2000029
1154	338.4999931
1155	338.2000029
1156	338.2000029
1157	338.4000063
1158	338.6000097
1159	338.2000029
1160	338.4999931
1161	338.2000029
1162	338.2000029
1163	337.9000127
1164	337.7000093
1165	338.0999863
1166	337.9999995
1167	337.9000127
1168	337.5999928
1169	337.9000127
1170	337.7000093
1171	337.5999928
1172	337.7999961
1173	337.7000093
1174	337.5999928
1175	337.5999928
1176	337.5999928
1177	337.7999961
1178	337.7000093
1179	337.5999928
1180	337.7000093
1181	337.9000127
1182	337.3999894
1183	337.3999894
1184	337.3000026
1185	337.199986
1186	337.0000124
1187	336.8999958
1188	336.8999958
1189	337.3000026
1190	337.199986
1191	337.199986
1192	337.199986
1193	337.3000026
1194	337.500006
1195	337.3999894
1196	337.5999928
1197	337.7000093
1198	337.7000093
1199	337.7000093
1200	337.5999928
1201	337.7000093
1202	337.3999894
1203	337.9000127
1204	338.0999863
1205	338.2999897
1206	338.8000131
1207	338.6000097
1208	338.4999931
1209	338.2000029
1210	338.4000063
1211	338.2000029
1212	338.4999931
1213	338.2999897
1214	338.2000029
1215	338.2000029
1216	338.2000029
1217	338.0999863
1218	338.0999863
1219	337.9999995
1220	337.9000127
1221	337.7999961
1222	337.9000127
1223	338.2000029
1224	338.6000097
1225	338.4000063
1226	338.6999965
1227	338.8000131
1228	338.8999999
1229	338.8999999
1230	338.9999866
1231	339.50001
1232	339.50001
1233	339.50001
1234	339.50001
1235	339.3000066
1236	339.19999
1237	338.2000029
1238	337.3000026
1239	335.7000053
1240	334.8999918
1241	332.8000009
1242	330.7000101
1243	328.2999992
1244	326.9999921
1245	324.9999881
1246	323.3999908
1247	322.1000135
1248	321.7999935
1249	320.6999898
1250	320.4999864
1251	320.1999962
1252	320.1000094
1253	320.3999996
1254	320.8999932
1255	321.0000098
1256	321.5000033
1257	322.1000135
1258	322.8000104
1259	323.1000006
1260	323.5999942
1261	324.2999911
1262	324.8000145
1263	325.1999915
1264	325.7000148
1265	326.2999952
1266	326.700002
1267	326.9000053
1268	327.3999989
1269	327.8000057
1270	328.2999992
1271	328.2999992
1272	328.700006
1273	329.1999996
1274	329.4999897
1275	329.4999897
1276	329.8999965
1277	330.0999999
1278	330.1999867
1279	330.3000033
1280	330.5000067
1281	330.7999969
1282	330.7999969
1283	330.7000101
1284	330.9000134
1285	331.4999938
1286	331.2999904
1287	331.2999904
1288	331.4999938
1289	331.6000104
1290	331.6999972
1291	331.6999972
1292	331.9000006
1293	331.9999874
1294	331.9999874
1295	331.9999874
1296	332.1999907
1297	332.3000073
1298	332.100004
1299	332.1999907
1300	332.100004
1301	332.1999907
1302	332.100004
1303	332.3000073
1304	332.5999975
1305	332.5999975
1306	332.5999975
1307	332.5999975
1308	332.3999941
1309	332.3999941
1310	332.5999975
1311	332.3000073
1312	332.3999941
1313	332.5999975
1314	332.8000009
1315	332.5000107
1316	332.5999975
1317	332.8000009
1318	332.8000009
1319	332.5999975
1320	332.7000141
1321	333.0000043
1322	333.0999911
1323	332.8000009
1324	332.8000009
1325	333.0000043
1326	333.2000077
1327	333.0999911
1328	333.0999911
1329	333.2000077
1330	333.2999945
1331	333.0999911
1332	333.0999911
1333	333.0000043
1334	333.0000043
1335	332.8999877
1336	333.0999911
1337	333.2000077
1338	333.0999911
1339	333.0999911
1340	333.0000043
1341	333.4000111
1342	333.0000043
1343	333.0999911
1344	333.0999911
1345	333.2999945
1346	333.0999911
1347	333.2999945
1348	333.2000077
1349	333.4000111
1350	333.2999945
1351	333.4999979
1352	333.7000012
1353	333.4999979
1354	333.6000144
1355	333.7000012
1356	333.4999979
1357	333.4999979
1358	333.7000012
1359	333.7000012
1360	333.4000111
1361	333.0000043
1362	332.8999877
1363	332.8999877
1364	332.3999941
1365	332.3999941
1366	332.1999907
1367	331.9999874
1368	332.1999907
1369	332.100004
1370	332.3000073
1371	332.100004
1372	332.3000073
1373	332.100004
1374	332.5000107
1375	332.8000009
1376	332.3999941
1377	332.8000009
1378	333.0999911
1379	332.8999877
1380	332.8000009
1381	333.0999911
1382	333.2999945
1383	333.2000077
1384	333.2000077
1385	333.4000111
1386	333.2999945
1387	333.4000111
1388	333.4000111
1389	333.2999945
1390	333.2000077
1391	333.4000111
1392	333.4000111
1393	333.0999911
1394	333.2000077
1395	333.6000144
1396	333.0999911
1397	333.0999911
1398	333.0999911
1399	333.2999945
1400	333.2999945
1401	333.2000077
1402	333.4000111
1403	333.4000111
1404	333.2999945
1405	333.4999979
1406	333.2999945
1407	333.2000077
1408	333.0000043
1409	333.0000043
1410	333.4000111
1411	332.8999877
1412	332.8000009
1413	333.0999911
1414	333.0000043
1415	333.0000043
1416	333.0999911
1417	333.0999911
1418	333.2999945
1419	333.4000111
1420	333.2000077
1421	333.2999945
1422	333.4000111
1423	333.4999979
1424	333.4000111
1425	333.6000144
1426	333.4999979
1427	333.4999979
1428	333.7000012
1429	333.6000144
1430	333.7000012
1431	333.7000012
1432	333.799988
1433	333.799988
1434	333.7000012
1435	333.7000012
1436	333.4000111
1437	333.4000111
1438	333.0999911
1439	333.0999911
1440	333.2999945
1441	333.2000077
1442	333.4999979
1443	333.4000111
1444	333.4000111
1445	333.7000012
1446	333.4000111
1447	333.6000144
1448	333.7000012
1449	333.4999979
1450	333.4000111
1451	333.7000012
1452	333.9000046
1453	333.7000012
1454	333.4999979
1455	333.7000012
1456	333.7000012
1457	333.799988
1458	333.9999914
1459	333.9999914
1460	333.799988
1461	334.1999948
1462	333.9999914
1463	334.100008
1464	334.100008
1465	334.1999948
1466	334.100008
1467	334.100008
1468	333.9999914
1469	333.9000046
1470	333.9999914
1471	333.9999914
1472	333.9999914
1473	334.100008
1474	333.9000046
1475	333.799988
1476	334.100008
1477	334.100008
1478	334.100008
1479	334.100008
1480	334.1999948
1481	334.100008
1482	334.100008
1483	334.100008
1484	334.3999982
1485	334.100008
1486	334.100008
1487	334.1999948
1488	334.3999982
1489	333.9999914
1490	334.100008
1491	334.3000114
1492	334.3999982
1493	334.5000148
1494	334.3999982
1495	334.6999884
1496	334.3999982
1497	334.100008
1498	334.5000148
1499	334.3999982
1500	334.3999982
1501	334.1999948
1502	334.6999884
1503	334.5000148
1504	334.3999982
1505	334.3999982
1506	334.3999982
1507	334.3000114
1508	334.1999948
1509	334.3000114
1510	334.100008
1511	334.3000114
1512	334.100008
1513	334.1999948
1514	334.1999948
1515	334.3000114
1516	334.3000114
1517	334.3999982
1518	334.6999884
1519	334.5000148
1520	334.6000016
1521	334.6999884
1522	334.6000016
1523	334.6000016
1524	334.5000148
1525	334.6999884
1526	334.6999884
1527	334.8999918
1528	334.800005
1529	335.0000083
1530	335.3999853
1531	335.9999955
1532	335.9999955
1533	336.2999856
1534	336.6000056
1535	337.199986
1536	337.0000124
1537	337.3999894
1538	337.199986
1539	337.7999961
1540	337.7999961
1541	338.0999863
1542	338.0999863
1543	338.4000063
1544	338.2999897
1545	338.6000097
1546	338.4000063
1547	338.6000097
1548	338.6999965
1549	338.8999999
1550	338.8999999
1551	338.8999999
1552	338.6999965
1553	338.8000131
1554	339.1000032
1555	338.8000131
1556	338.6999965
1557	338.8999999
1558	338.9999866
1559	339.1000032
1560	338.8999999
1561	338.6999965
1562	338.6000097
1563	338.6999965
1564	338.8999999
1565	338.6999965
1566	338.6999965
1567	338.8999999
1568	338.6999965
1569	338.6000097
1570	338.6000097
1571	338.6000097
1572	338.6000097
1573	338.2999897
1574	338.4999931
1575	338.8999999
1576	338.6999965
1577	338.8000131
1578	338.8000131
1579	338.6000097
1580	338.8000131
1581	339.1000032
1582	338.9999866
1583	339.50001
1584	339.19999
1585	339.19999
1586	339.19999
1587	339.3000066
1588	339.19999
1589	339.19999
1590	339.3000066
1591	338.8999999
1592	339.1000032
1593	339.1000032
1594	339.1000032
1595	338.8000131
1596	338.8999999
1597	338.8000131
1598	338.4999931
1599	338.6000097
1600	337.9999995
1601	337.9999995
1602	337.9000127
1603	337.7000093
1604	337.9000127
1605	337.5999928
1606	337.3000026
1607	337.3999894
1608	337.3000026
1609	337.3000026
1610	337.3999894
1611	337.5999928
1612	337.3000026
1613	337.7000093
1614	337.3000026
1615	337.3000026
1616	337.0999992
1617	337.0000124
1618	337.0000124
1619	337.3000026
1620	337.7000093
1621	337.9000127
1622	337.9000127
1623	338.0999863
1624	338.2000029
1625	337.9999995
1626	338.0999863
1627	338.2000029
1628	338.0999863
1629	338.0999863
1630	338.2000029
1631	338.2000029
1632	337.9000127
1633	338.2000029
1634	338.2999897
1635	337.9000127
1636	337.9000127
1637	337.9000127
1638	338.0999863
1639	338.2000029
1640	338.6000097
1641	338.6000097
1642	338.4000063
1643	338.4999931
1644	338.4999931
1645	338.4999931
1646	338.8999999
1647	338.6000097
1648	338.6000097
1649	338.8000131
1650	338.8999999
1651	338.8999999
1652	339.19999
1653	339.19999
1654	338.8999999
1655	339.1000032
1656	338.9999866
1657	339.1000032
1658	339.1000032
1659	338.8999999
1660	338.6000097
1661	338.6999965
1662	338.9999866
1663	338.8999999
1664	338.8999999
1665	339.1000032
1666	338.9999866
1667	339.3999934
1668	339.19999
1669	339.1000032
1670	338.9999866
1671	338.6999965
1672	338.6999965
1673	338.6000097
1674	338.6999965
1675	338.6999965
1676	338.8999999
1677	338.8999999
1678	338.8000131
1679	338.8000131
1680	338.6999965
1681	338.6000097
1682	338.6999965
1683	338.8999999
1684	338.6999965
1685	338.8999999
1686	338.8000131
1687	338.6999965
1688	338.6999965
1689	338.6999965
1690	338.6000097
1691	338.6000097
1692	338.6000097
1693	338.6000097
1694	338.6999965
1695	338.8999999
1696	338.8000131
1697	338.8999999
1698	338.6999965
1699	338.6999965
1700	338.6000097
1701	338.8999999
1702	338.8999999
1703	338.9999866
1704	338.8999999
1705	339.1000032
1706	339.19999
1707	339.3999934
1708	338.9999866
1709	338.6000097
1710	338.2000029
1711	337.0000124
1712	335.0000083
1713	332.5999975
1714	331.4999938
1715	328.700006
1716	326.4000118
1717	324.4000077
1718	323.300004
1719	321.7999935
1720	320.8000064
1721	320.1999962
1722	319.9999928
1723	319.7999895
1724	319.9999928
1725	319.9000061
1726	320.3999996
1727	321.0000098
1728	321.7999935
1729	322.1000135
1730	322.6999938
1731	323.300004
1732	324.0999877
1733	324.6999979
1734	324.9999881
1735	325.7000148
1736	326.4999986
1737	326.700002
1738	327.1999955
1739	328.0999959
1740	328.5999894
1741	328.7999928
1742	329.1999996
1743	329.4999897
1744	329.6999931
1745	330.1999867
1746	330.3999901
1747	330.3999901
1748	330.7000101
1749	331.0000002
1750	331.0000002
1751	330.9000134
1752	331.099987
1753	331.099987
1754	331.400007
1755	331.2000036
1756	331.400007
1757	331.4999938
1758	331.4999938
1759	331.4999938
1760	331.8000138
1761	331.9999874
1762	332.100004
1763	332.100004
1764	332.3000073
1765	332.3999941
1766	332.5999975
1767	332.3999941
1768	332.3999941
1769	332.8000009
1770	332.8000009
1771	332.8999877
1772	333.2999945
1773	333.2000077
1774	333.0999911
1775	333.2000077
1776	333.4999979
1777	333.2999945
1778	333.4000111
1779	333.4000111
1780	333.4000111
1781	333.4999979
1782	333.4000111
1783	333.7000012
1784	333.4000111
1785	333.4999979
1786	333.7000012
1787	333.4999979
1788	333.4000111
1789	333.6000144
1790	333.4999979
1791	333.4999979
1792	333.4999979
1793	333.6000144
1794	333.799988
1795	333.4999979
1796	333.7000012
1797	333.7000012
1798	333.4000111
1799	333.4999979
1800	333.4999979
1801	333.6000144
1802	333.6000144
1803	333.4999979
1804	334.100008
1805	333.7000012
1806	333.799988
1807	333.9000046
1808	333.9000046
1809	333.6000144
1810	334.100008
1811	333.9000046
1812	333.9999914
1813	333.799988
1814	334.100008
1815	333.9999914
1816	334.3000114
1817	334.3999982
1818	333.9999914
1819	333.9999914
1820	334.3000114
1821	333.9999914
1822	334.100008
1823	334.3999982
1824	334.100008
1825	334.100008
1826	334.100008
1827	333.9999914
1828	333.9999914
1829	334.100008
1830	333.9999914
1831	334.100008
1832	334.100008
1833	334.100008
1834	334.100008
1835	333.9999914
1836	334.100008
1837	334.1999948
1838	334.100008
1839	334.1999948
1840	334.1999948
1841	334.100008
1842	334.3999982
1843	334.100008
1844	334.100008
1845	334.3000114
1846	334.1999948
1847	334.3999982
1848	334.3000114
1849	334.3000114
1850	333.9999914
1851	334.100008
1852	333.9999914
1853	334.100008
1854	334.100008
1855	334.100008
1856	334.100008
1857	333.799988
1858	334.100008
1859	334.100008
1860	333.9000046
1861	334.100008
1862	333.9000046
1863	333.9000046
1864	333.9999914
1865	334.100008
1866	334.100008
1867	334.100008
1868	334.3000114
1869	334.3999982
1870	334.1999948
1871	334.3000114
1872	334.3000114
1873	334.3000114
1874	334.3999982
1875	334.3000114
1876	334.1999948
1877	334.1999948
1878	334.1999948
1879	334.1999948
1880	334.100008
1881	334.100008
1882	334.100008
1883	333.9999914
1884	334.1999948
1885	334.100008
1886	334.100008
1887	334.3999982
1888	334.3999982
1889	334.100008
1890	334.1999948
1891	334.100008
1892	334.3000114
1893	334.100008
1894	333.9999914
1895	334.1999948
1896	333.9000046
1897	333.9999914
1898	334.100008
1899	334.1999948
1900	334.100008
1901	334.100008
1902	334.100008
1903	334.100008
1904	334.100008
1905	333.9999914
1906	334.100008
1907	334.100008
1908	334.100008
1909	333.9999914
1910	333.7000012
1911	333.9000046
1912	333.9000046
1913	334.100008
1914	333.799988
1915	334.100008
1916	334.100008
1917	334.3000114
1918	334.100008
1919	334.100008
1920	334.1999948
1921	333.9999914
1922	334.100008
1923	333.9999914
1924	334.100008
1925	333.9999914
1926	333.9999914
1927	333.9000046
1928	333.9999914
1929	333.9999914
1930	334.100008
1931	333.9000046
1932	333.9000046
1933	333.9999914
1934	333.9999914
1935	333.7000012
1936	334.100008
1937	333.9999914
1938	333.9999914
1939	334.3000114
1940	333.9999914
1941	333.9999914
1942	333.9999914
1943	333.9000046
1944	334.100008
1945	333.9999914
1946	334.100008
1947	334.100008
1948	333.9000046
1949	333.799988
1950	333.9000046
1951	333.799988
1952	333.799988
1953	333.7000012
1954	333.9000046
1955	333.7000012
1956	333.6000144
1957	333.9000046
1958	333.7000012
1959	333.799988
1960	333.9999914
1961	333.799988
1962	333.7000012
1963	333.9999914
1964	333.7000012
1965	333.799988
1966	333.799988
1967	333.9000046
1968	334.100008
1969	334.3000114
1970	334.100008
1971	334.100008
1972	333.9999914
1973	333.799988
1974	333.9000046
1975	333.9000046
1976	333.9999914
1977	333.9000046
1978	333.9999914
1979	333.9999914
1980	334.1999948
1981	334.1999948
1982	334.100008
1983	333.9000046
1984	334.1999948
1985	333.9999914
1986	333.9999914
1987	334.1999948
1988	334.100008
1989	334.100008
1990	334.1999948
1991	334.100008
1992	333.9000046
1993	334.100008
1994	334.100008
1995	334.100008
1996	333.9000046
1997	333.7000012
1998	333.7000012
1999	333.9999914
2000	334.100008
2001	334.3999982
2002	334.3999982
2003	335.0000083
2004	335.2999985
2005	335.5999887
2006	335.9999955
2007	336.6000056
2008	336.8999958
2009	337.0999992
2010	337.3000026
2011	337.5999928
2012	337.5999928
2013	337.5999928
2014	337.9000127
2015	338.0999863
2016	338.2000029
2017	338.2000029
2018	338.2999897
2019	338.4999931
2020	338.4000063
2021	338.4999931
2022	338.8000131
2023	338.6999965
2024	338.6999965
2025	338.6000097
2026	338.6000097
2027	338.6999965
2028	338.8000131
2029	338.6999965
2030	338.6000097
2031	338.8999999
2032	338.4000063
2033	338.4000063
2034	338.4999931
2035	338.4999931
2036	338.2000029
2037	338.4000063
2038	338.4000063
2039	338.4999931
2040	338.2999897
2041	338.4999931
2042	338.6000097
2043	338.4999931
2044	338.4000063
2045	338.6000097
2046	338.4000063
2047	338.6000097
2048	338.2999897
2049	338.2000029
2050	338.2000029
2051	338.2000029
2052	338.4000063
2053	338.4000063
2054	338.2000029
2055	338.4999931
2056	338.8000131
2057	338.4999931
2058	338.4999931
2059	338.6000097
2060	338.8000131
2061	338.6000097
2062	338.4999931
2063	338.4999931
2064	338.6999965
2065	338.6000097
2066	338.2999897
2067	338.2999897
2068	338.6000097
2069	338.2999897
2070	338.4000063
2071	338.2999897
2072	338.6000097
2073	338.6000097
2074	338.4999931
2075	338.6000097
2076	338.8999999
2077	338.8999999
2078	338.6999965
2079	338.8000131
2080	338.8999999
2081	338.9999866
2082	339.19999
2083	339.19999
2084	338.9999866
2085	338.8999999
2086	338.8000131
2087	338.9999866
2088	338.8000131
2089	338.6999965
2090	338.8999999
2091	338.8000131
2092	338.6999965
2093	338.8000131
2094	338.8999999
2095	338.8000131
2096	338.8999999
2097	338.8000131
2098	338.8999999
2099	338.8999999
2100	338.8999999
2101	339.1000032
2102	338.9999866
2103	339.1000032
2104	338.9999866
2105	339.1000032
2106	339.1000032
2107	339.19999
2108	339.3999934
2109	338.9999866
2110	339.19999
2111	339.3000066
2112	339.1000032
2113	338.9999866
2114	339.1000032
2115	338.9999866
2116	338.8999999
2117	338.8999999
2118	339.1000032
2119	338.8999999
2120	339.1000032
2121	338.8999999
2122	338.8999999
2123	339.1000032
2124	339.1000032
2125	339.3000066
2126	339.50001
2127	339.19999
2128	339.19999
2129	339.3000066
2130	338.9999866
2131	339.19999
2132	339.19999
2133	338.9999866
2134	339.1000032
2135	339.1000032
2136	339.1000032
2137	339.50001
2138	339.19999
2139	339.19999
2140	339.19999
2141	339.19999
2142	339.3999934
2143	339.1000032
2144	339.3000066
2145	339.19999
2146	339.3000066
2147	339.3000066
2148	339.19999
2149	339.19999
2150	338.9999866
2151	338.8999999
2152	338.8999999
2153	338.9999866
2154	339.19999
2155	338.8999999
2156	338.8000131
2157	338.6999965
2158	339.19999
2159	339.19999
2160	339.1000032
2161	339.19999
2162	339.19999
2163	339.3999934
2164	339.3000066
2165	339.50001
2166	339.19999
2167	339.3000066
2168	339.19999
2169	339.3999934
2170	339.50001
2171	339.3999934
2172	339.50001
2173	339.3999934
2174	339.5999968
2175	339.50001
2176	339.8000002
2177	339.8000002
2178	339.899987
2179	339.899987
2180	339.8000002
2181	339.5999968
2182	339.1000032
2183	338.2000029
2184	337.5999928
2185	336.499989
2186	334.3000114
2187	331.9000006
2188	330.3000033
2189	328.0000091
2190	326.0999918
2191	324.0999877
2192	323.1999874
2193	321.9999969
2194	321.3999867
2195	320.8999932
2196	321.0999966
2197	320.8999932
2198	321.2000132
2199	321.3999867
2200	321.7999935
2201	322.6000071
2202	323.1999874
2203	323.7000108
2204	324.0999877
2205	324.9000013
2206	325.3999949
2207	326.000005
2208	326.2999952
2209	327.1999955
2210	327.6000023
2211	327.8000057
2212	328.2999992
2213	328.7999928
2214	328.9999962
2215	329.1999996
2216	329.8999965
2217	330.1999867
2218	330.3999901
2219	330.5000067
2220	330.5000067
2221	330.5999935
2222	330.9000134
2223	331.0000002
2224	331.2000036
2225	331.400007
2226	331.4999938
2227	331.6999972
2228	331.8000138
2229	331.8000138
2230	331.8000138
2231	331.9999874
2232	331.8000138
2233	332.100004
2234	332.3000073
2235	332.3999941
2236	332.5999975
2237	332.5000107
2238	332.7000141
2239	332.8000009
2240	332.8000009
2241	332.8999877
2242	332.8000009
2243	332.8000009
2244	333.0999911
2245	332.8999877
2246	333.0000043
2247	332.8000009
2248	333.0999911
2249	333.0000043
2250	333.0000043
2251	333.0999911
2252	332.8999877
2253	333.0000043
2254	333.2000077
2255	333.2999945
2256	333.2000077
2257	333.0999911
2258	333.4000111
2259	333.2999945
2260	333.2999945
2261	333.6000144
2262	333.2000077
2263	333.0999911
2264	333.4000111
2265	333.2999945
2266	333.2999945
2267	333.2999945
2268	333.4000111
2269	333.2999945
2270	333.6000144
2271	333.4000111
2272	333.6000144
2273	333.7000012
2274	333.7000012
2275	333.4999979
2276	333.4999979
2277	333.4999979
2278	333.4000111
2279	333.4999979
2280	333.2000077
2281	333.4000111
2282	333.4000111
2283	333.2000077
2284	333.2000077
2285	333.4000111
2286	333.2999945
2287	333.2999945
2288	333.4000111
2289	333.4000111
2290	333.4000111
2291	333.4999979
2292	333.7000012
2293	333.7000012
2294	333.7000012
2295	333.4999979
2296	333.4000111
2297	333.6000144
2298	333.6000144
2299	333.799988
2300	333.4000111
2301	333.4999979
2302	333.4999979
2303	333.7000012
2304	333.6000144
2305	333.7000012
2306	333.6000144
2307	333.7000012
2308	333.7000012
2309	333.799988
2310	333.7000012
2311	333.799988
2312	333.9000046
2313	333.799988
2314	333.9000046
2315	333.9000046
2316	333.9999914
2317	333.799988
2318	333.9000046
2319	333.7000012
2320	333.799988
2321	333.9000046
2322	333.799988
2323	333.7000012
2324	333.7000012
2325	333.799988
2326	333.6000144
2327	333.7000012
2328	333.799988
2329	333.9000046
2330	334.100008
2331	333.9000046
2332	333.7000012
2333	333.799988
2334	334.100008
2335	333.9999914
2336	334.100008
2337	333.9999914
2338	333.7000012
2339	333.9999914
2340	334.3000114
2341	334.3000114
2342	334.100008
2343	334.1999948
2344	334.100008
2345	334.100008
2346	334.1999948
2347	334.3000114
2348	334.3000114
2349	334.3999982
2350	334.1999948
2351	334.1999948
2352	334.100008
2353	334.3000114
2354	334.1999948
2355	334.3000114
2356	334.3999982
2357	334.3000114
2358	334.3000114
2359	334.3000114
2360	334.1999948
2361	334.1999948
2362	334.100008
2363	334.3999982
2364	334.1999948
2365	334.100008
2366	334.3000114
2367	334.100008
2368	333.9999914
2369	334.100008
2370	334.100008
2371	334.100008
2372	333.9999914
2373	334.3000114
2374	334.1999948
2375	333.9999914
2376	334.100008
2377	333.9999914
2378	334.1999948
2379	334.1999948
2380	334.3999982
2381	334.3999982
2382	334.100008
2383	334.3999982
2384	334.100008
2385	333.9999914
2386	334.1999948
2387	334.100008
2388	333.9999914
2389	334.1999948
2390	334.100008
2391	333.9999914
2392	334.1999948
2393	334.1999948
2394	334.1999948
2395	334.5000148
2396	334.100008
2397	334.1999948
2398	334.3000114
2399	334.100008
2400	334.100008
2401	334.3000114
2402	334.1999948
2403	333.9000046
2404	334.3000114
2405	334.100008
2406	334.1999948
2407	334.1999948
2408	334.5000148
2409	334.3999982
2410	334.3999982
2411	334.3999982
2412	334.1999948
2413	334.100008
2414	334.3999982
2415	334.3000114
2416	334.100008
2417	334.1999948
2418	334.3000114
2419	334.1999948
2420	334.1999948
2421	334.1999948
2422	334.100008
2423	334.1999948
2424	334.100008
2425	333.9999914
2426	334.3000114
2427	334.3999982
2428	334.1999948
2429	334.3999982
2430	334.3999982
2431	334.3000114
2432	334.3999982
2433	334.3999982
2434	334.3999982
2435	334.1999948
2436	334.3999982
2437	334.1999948
2438	334.3999982
2439	334.3999982
2440	334.3999982
2441	334.3000114
2442	334.6000016
2443	334.100008
2444	334.1999948
2445	334.3000114
2446	333.9999914
2447	334.3000114
2448	334.100008
2449	334.100008
2450	334.1999948
2451	334.100008
2452	333.9000046
2453	333.9000046
2454	333.9999914
2455	334.1999948
2456	334.100008
2457	334.100008
2458	334.100008
2459	334.3000114
2460	334.3000114
2461	334.1999948
2462	334.100008
2463	334.100008
2464	334.1999948
2465	334.1999948
2466	334.3000114
2467	334.100008
2468	334.1999948
2469	334.100008
2470	334.5000148
2471	334.3000114
2472	334.3000114
2473	334.5000148
2474	334.3999982
2475	334.3999982
2476	334.800005
2477	335.2999985
2478	335.9000087
2479	335.9000087
2480	336.1000121
2481	336.499989
2482	336.499989
2483	336.8999958
2484	337.0999992
2485	337.3000026
2486	337.500006
2487	337.7000093
2488	337.9000127
2489	337.5999928
2490	337.7000093
2491	337.7999961
2492	337.9999995
2493	337.9000127
2494	337.9999995
2495	338.4000063
2496	338.2999897
2497	338.4999931
2498	338.6000097
2499	338.8999999
2500	338.6000097
2501	338.9999866
2502	338.6999965
2503	338.4999931
2504	338.6000097
2505	338.6000097
2506	338.6999965
2507	338.6000097
2508	338.6000097
2509	338.4999931
2510	338.8000131
2511	338.6000097
2512	338.4999931
2513	338.8000131
2514	338.6000097
2515	338.2999897
2516	338.2999897
2517	338.0999863
2518	338.0999863
2519	337.9999995
2520	338.0999863
2521	338.2000029
2522	338.4000063
2523	338.4999931
2524	338.4999931
2525	338.6000097
2526	338.8999999
2527	338.4999931
2528	338.6999965
2529	338.4000063
2530	338.4000063
2531	338.2000029
2532	337.9000127
2533	338.0999863
2534	338.2000029
2535	337.9000127
2536	338.2000029
2537	337.9000127
2538	338.2000029
2539	338.2999897
2540	338.2999897
2541	338.2000029
2542	338.4999931
2543	338.2000029
2544	338.4000063
2545	338.4999931
2546	338.4999931
2547	338.4000063
2548	338.6000097
2549	338.4999931
2550	338.4000063
2551	338.6000097
2552	338.4000063
2553	338.6000097
2554	338.4000063
2555	338.0999863
2556	338.4000063
2557	338.6000097
2558	338.2000029
2559	338.6000097
2560	338.4000063
2561	338.4999931
2562	338.2999897
2563	338.4999931
2564	338.2000029
2565	338.0999863
2566	338.0999863
2567	337.9999995
2568	338.2000029
2569	337.9999995
2570	337.9000127
2571	337.9999995
2572	337.9000127
2573	337.9000127
2574	338.2000029
2575	338.0999863
2576	338.2000029
2577	337.9000127
2578	338.2000029
2579	338.2999897
2580	338.4000063
2581	337.9999995
2582	338.0999863
2583	338.2000029
2584	338.4000063
2585	338.2000029
2586	338.0999863
2587	338.2000029
2588	337.9000127
2589	337.9999995
2590	337.9000127
2591	338.0999863
2592	338.2000029
2593	338.2000029
2594	337.7999961
2595	337.9000127
2596	337.9000127
2597	338.0999863
2598	337.9000127
2599	337.9000127
2600	337.9000127
2601	337.7999961
2602	337.9000127
2603	337.7000093
2604	337.9000127
2605	337.7999961
2606	338.0999863
2607	337.9000127
2608	337.9000127
2609	337.9000127
2610	337.7999961
2611	337.7999961
2612	337.9000127
2613	337.9000127
2614	337.7999961
2615	337.9999995
2616	337.9000127
2617	337.5999928
2618	338.2000029
2619	337.9999995
2620	337.9000127
2621	338.0999863
2622	337.9999995
2623	338.2000029
2624	338.2000029
2625	338.0999863
2626	338.0999863
2627	338.0999863
2628	338.2000029
2629	338.2000029
2630	338.2000029
2631	338.2000029
2632	338.2999897
2633	338.2999897
2634	338.2000029
2635	338.0999863
2636	337.9999995
2637	338.0999863
2638	338.0999863
2639	337.7999961
2640	337.9000127
2641	337.9999995
2642	337.9000127
2643	337.9000127
2644	337.9000127
2645	338.0999863
2646	338.0999863
2647	338.2999897
2648	338.2999897
2649	338.4000063
2650	338.6999965
2651	338.6999965
2652	338.9999866
2653	338.8999999
2654	338.8999999
2655	338.4999931
2656	337.9000127
2657	336.6000056
2658	335.9999955
2659	333.9000046
2660	331.4999938
2661	328.9999962
2662	327.6999891
2663	325.3000081
2664	323.1000006
2665	321.7999935
2666	320.8999932
2667	320.1000094
2668	319.4999993
2669	319.2999959
2670	319.2000091
2671	319.5999861
2672	320.1999962
2673	320.8999932
2674	320.8000064
2675	321.7000067
2676	322.2999871
2677	322.8000104
2678	323.3999908
2679	324.2000043
2680	325.1000047
2681	325.3999949
2682	325.8999884
2683	326.4000118
2684	327.1999955
2685	327.3000121
2686	327.8000057
2687	328.2000124
2688	328.5000026
2689	328.9000094
2690	329.1999996
2691	329.6000063
2692	329.6999931
2693	329.8999965
2694	330.1999867
2695	330.1999867
2696	330.3999901
2697	330.5000067
2698	330.7999969
2699	331.2000036
2700	331.2000036
2701	331.2999904
2702	331.4999938
2703	331.6000104
2704	331.6999972
2705	331.6000104
2706	331.6999972
2707	332.100004
2708	331.8000138
2709	331.9999874
2710	332.100004
2711	332.100004
2712	332.100004
2713	332.1999907
2714	332.3000073
2715	332.3999941
2716	332.5000107
2717	332.5999975
2718	332.3999941
2719	332.7000141
2720	332.8000009
2721	332.5000107
2722	332.5999975
2723	332.5999975
2724	332.7000141
2725	332.8000009
2726	332.8000009
2727	332.8000009
2728	332.8000009
2729	333.0000043
2730	332.8000009
2731	333.0999911
2732	332.8999877
2733	333.0999911
2734	332.8999877
2735	332.8000009
2736	332.8999877
2737	333.2000077
2738	333.2999945
2739	333.0999911
2740	333.0000043
2741	333.2000077
2742	333.0999911
2743	332.8000009
2744	333.0000043
2745	333.2000077
2746	333.2000077
2747	333.2999945
2748	333.0999911
2749	333.2000077
2750	333.4000111
2751	333.0999911
2752	333.0000043
2753	333.0999911
2754	333.4000111
2755	333.2000077
2756	333.2999945
2757	333.2999945
2758	333.4000111
2759	333.2999945
2760	333.0999911
2761	333.2999945
2762	333.2000077
2763	333.2999945
2764	333.4000111
2765	333.2000077
2766	333.2999945
2767	333.2999945
2768	333.2999945
2769	333.4999979
2770	333.4000111
2771	333.7000012
2772	333.6000144
2773	333.7000012
2774	333.6000144
2775	333.9000046
2776	333.4999979
2777	333.4000111
2778	333.6000144
2779	333.6000144
2780	333.4999979
2781	333.7000012
2782	333.9000046
2783	333.799988
2784	333.7000012
2785	333.7000012
2786	333.799988
2787	333.7000012
2788	333.4999979
2789	333.6000144
2790	333.7000012
2791	333.6000144
2792	333.4000111
2793	333.7000012
2794	333.9999914
2795	333.799988
2796	333.7000012
2797	334.100008
2798	333.9000046
2799	333.9000046
2800	333.9000046
2801	333.7000012
2802	333.6000144
2803	333.6000144
2804	333.7000012
2805	333.7000012
2806	333.6000144
2807	333.7000012
2808	333.9999914
2809	333.4999979
2810	333.4999979
2811	333.799988
2812	334.100008
2813	333.9000046
2814	333.9000046
2815	333.799988
2816	333.7000012
2817	333.7000012
2818	333.9999914
2819	333.9999914
2820	333.9000046
2821	333.7000012
2822	333.799988
2823	334.100008
2824	333.7000012
2825	333.7000012
2826	333.9999914
2827	334.100008
2828	333.799988
2829	333.9000046
2830	333.9999914
2831	333.7000012
2832	333.7000012
2833	333.7000012
2834	333.7000012
2835	333.7000012
2836	334.100008
2837	333.9000046
2838	333.7000012
2839	333.7000012
2840	333.799988
2841	333.7000012
2842	333.799988
2843	333.9999914
2844	333.799988
2845	333.6000144
2846	333.7000012
2847	333.799988
2848	333.7000012
2849	333.9000046
2850	333.9000046
2851	333.7000012
2852	333.7000012
2853	333.7000012
2854	333.799988
2855	333.799988
2856	334.100008
2857	333.7000012
2858	333.9000046
2859	333.799988
2860	333.9000046
2861	333.7000012
2862	333.6000144
2863	333.799988
2864	333.7000012
2865	333.9000046
2866	333.9000046
2867	333.799988
2868	333.799988
2869	333.9999914
2870	333.7000012
2871	333.9000046
2872	334.100008
2873	333.799988
2874	333.799988
2875	333.9000046
2876	333.7000012
2877	333.7000012
2878	334.100008
2879	333.6000144
2880	333.6000144
2881	333.7000012
2882	333.799988
2883	333.7000012
2884	333.799988
2885	333.6000144
2886	333.7000012
2887	333.7000012
2888	333.799988
2889	333.6000144
2890	333.9000046
2891	333.6000144
2892	333.6000144
2893	333.7000012
2894	333.4999979
2895	333.7000012
2896	333.6000144
2897	333.6000144
2898	333.799988
2899	333.7000012
2900	333.7000012
2901	333.799988
2902	333.6000144
2903	333.7000012
2904	333.7000012
2905	333.7000012
2906	333.7000012
2907	333.799988
2908	333.7000012
2909	333.7000012
2910	333.9000046
2911	333.7000012
2912	333.7000012
2913	333.6000144
2914	333.4999979
2915	333.6000144
2916	333.4999979
2917	333.7000012
2918	333.6000144
2919	333.7000012
2920	333.4999979
2921	333.6000144
2922	333.799988
2923	333.7000012
2924	333.7000012
2925	333.4999979
2926	333.6000144
2927	333.799988
2928	333.6000144
2929	333.4999979
2930	333.6000144
2931	333.6000144
2932	333.7000012
2933	333.6000144
2934	333.7000012
2935	333.4999979
2936	333.4999979
2937	333.6000144
2938	333.4999979
2939	333.6000144
2940	333.4000111
2941	333.2000077
2942	333.2000077
2943	333.4000111
2944	333.6000144
2945	333.4000111
2946	333.4999979
2947	333.7000012
2948	334.100008
2949	333.9999914
2950	333.9999914
2951	334.5000148
2952	334.8999918
2953	335.2000117
2954	335.2999985
2955	335.7000053
2956	335.3999853
2957	335.7000053
2958	335.7000053
2959	336.1000121
2960	336.2999856
2961	336.6000056
2962	336.6999924
2963	336.800009
2964	336.6999924
2965	337.3000026
2966	337.3999894
2967	337.0999992
2968	337.3000026
2969	337.199986
2970	337.500006
2971	337.5999928
2972	337.500006
2973	337.500006
2974	337.7000093
2975	337.3000026
2976	337.3000026
2977	337.3999894
2978	337.199986
2979	337.3000026
2980	337.3999894
2981	337.3000026
2982	337.3999894
2983	337.3000026
2984	337.3999894
2985	337.199986
2986	337.0999992
2987	337.3000026
2988	337.0000124
2989	337.0000124
2990	336.800009
2991	336.8999958
2992	336.800009
2993	336.8999958
2994	336.800009
2995	336.8999958
2996	336.8999958
2997	337.199986
2998	337.0999992
2999	337.199986
3000	337.3000026
3001	337.199986
3002	337.3000026
3003	337.500006
3004	337.3000026
3005	337.3999894
3006	337.3999894
3007	337.199986
3008	337.199986
3009	337.0000124
3010	337.0999992
3011	337.199986
3012	337.199986
3013	337.3000026
3014	337.3999894
3015	337.199986
3016	337.3999894
3017	337.199986
3018	337.0999992
3019	337.3000026
3020	337.0999992
3021	337.199986
3022	337.199986
3023	337.0000124
3024	337.0000124
3025	337.199986
3026	337.3999894
3027	337.500006
3028	337.500006
3029	337.3999894
3030	337.5999928
3031	337.5999928
3032	337.5999928
3033	337.5999928
3034	337.7000093
3035	337.7000093
3036	337.5999928
3037	337.500006
3038	337.7000093
3039	337.5999928
3040	337.7000093
3041	337.5999928
3042	337.3999894
3043	337.7000093
3044	337.9000127
3045	337.7000093
3046	337.7000093
3047	337.9999995
3048	337.5999928
3049	337.9000127
3050	337.9000127
3051	337.9000127
3052	337.7000093
3053	337.9000127
3054	337.9000127
3055	337.5999928
3056	337.5999928
3057	337.5999928
3058	337.3000026
3059	337.5999928
3060	337.5999928
3061	337.500006
3062	337.3000026
3063	337.3000026
3064	337.3999894
3065	337.3000026
3066	337.500006
3067	337.7000093
3068	337.5999928
3069	337.199986
3070	337.3999894
3071	337.3000026
3072	337.5999928
3073	337.7999961
3074	337.5999928
3075	337.5999928
3076	337.7000093
3077	337.9000127
3078	337.3999894
3079	337.3000026
3080	337.7000093
3081	337.7999961
3082	337.3000026
3083	337.500006
3084	337.7999961
3085	337.7000093
3086	337.5999928
3087	337.7000093
3088	337.5999928
3089	337.3000026
3090	337.199986
3091	337.0000124
3092	337.0999992
3093	337.0000124
3094	337.0000124
3095	337.0000124
3096	337.199986
3097	337.3000026
3098	337.5999928
3099	337.9000127
3100	337.9000127
3101	337.9999995
3102	337.9000127
3103	337.9999995
3104	337.9000127
3105	338.2000029
3106	337.9999995
3107	337.9999995
3108	337.9999995
3109	337.7999961
3110	337.7000093
3111	337.7999961
3112	337.7999961
3113	337.9000127
3114	337.9000127
3115	338.2000029
3116	338.4999931
3117	338.2000029
3118	338.0999863
3119	338.2000029
3120	338.2999897
3121	338.2999897
3122	338.2000029
3123	338.4999931
3124	338.6999965
3125	338.4999931
3126	338.8000131
3127	338.9999866
3128	338.8000131
3129	338.4000063
3130	337.0999992
3131	335.5000019
3132	334.3999982
3133	332.100004
3134	329.400003
3135	326.700002
3136	325.8000016
3137	323.7999976
3138	322.1000135
3139	321.0999966
3140	320.3000128
3141	319.7999895
3142	319.5999861
3143	319.7999895
3144	319.9000061
3145	320.1999962
3146	320.8999932
3147	321.2000132
3148	321.5999901
3149	322.4999905
3150	323.1999874
3151	323.3999908
3152	324.2000043
3153	324.9999881
3154	325.5000114
3155	325.8999884
3156	326.5999854
3157	327.3000121
3158	327.8000057
3159	327.8999925
3160	328.5999894
3161	328.7999928
3162	329.1000128
3163	329.1999996
3164	329.4999897
3165	329.6999931
3166	330.3000033
3167	330.5000067
3168	330.5000067
3169	330.7999969
3170	330.7999969
3171	330.9000134
3172	331.400007
3173	331.2000036
3174	331.4999938
3175	331.6000104
3176	331.6000104
3177	331.8000138
3178	331.8000138
3179	331.9000006
3180	331.6000104
3181	331.8000138
3182	331.8000138
3183	331.9000006
3184	331.9999874
3185	331.8000138
3186	331.9000006
3187	331.9000006
3188	332.100004
3189	332.1999907
3190	332.100004
3191	332.3999941
3192	332.1999907
3193	332.3999941
3194	332.3999941
3195	332.3000073
3196	332.3999941
3197	332.5000107
3198	332.5999975
3199	332.5000107
3200	332.7000141
3201	332.5000107
3202	332.3999941
3203	332.5999975
3204	332.5000107
3205	332.3999941
3206	332.3999941
3207	332.5999975
3208	332.5000107
3209	332.1999907
3210	332.5999975
3211	332.5000107
3212	332.3999941
3213	332.3000073
3214	332.3999941
3215	332.3000073
3216	332.3000073
3217	332.3000073
3218	332.3000073
3219	332.1999907
3220	332.3999941
3221	332.3000073
3222	332.100004
3223	332.1999907
3224	332.3000073
3225	332.3000073
3226	332.3999941
3227	332.3000073
3228	332.100004
3229	332.3000073
3230	332.100004
3231	332.3000073
3232	332.100004
3233	331.9000006
3234	331.9999874
3235	331.8000138
3236	332.100004
3237	332.100004
3238	331.9999874
3239	331.9999874
3240	331.8000138
3241	331.9000006
3242	331.8000138
3243	332.100004
3244	331.9000006
3245	332.100004
3246	332.1999907
3247	332.100004
3248	331.9999874
3249	332.100004
3250	332.100004
3251	332.1999907
3252	332.3000073
3253	330.3000033
3254	329.1999996
3255	328.9000094
3256	327.8999925
3257	328.0999959
3258	328.7999928
3259	328.5999894
3260	329.1999996
3261	329.400003
3262	329.6999931
3263	329.8999965
3264	330.0000131
3265	330.0000131
3266	330.1999867
3267	330.1999867
3268	330.0999999
3269	330.0999999
3270	330.0000131
3271	330.1999867
3272	330.1999867
3273	330.0999999
3274	330.1999867
3275	330.3000033
3276	330.1999867
3277	330.0999999
3278	329.8999965
3279	330.0999999
3280	329.8999965
3281	329.8999965
3282	329.8999965
3283	329.4999897
3284	329.6000063
3285	329.4999897
3286	329.2999864
3287	329.4999897
3288	329.1999996
3289	329.2999864
3290	329.1999996
3291	329.400003
3292	329.1999996
3293	329.2999864
3294	329.4999897
3295	329.2999864
3296	329.1000128
3297	328.9999962
3298	329.1999996
3299	329.1000128
3300	328.9999962
3301	328.9000094
3302	328.9000094
3303	328.9000094
3304	328.9000094
3305	328.7999928
3306	328.9000094
3307	328.9999962
3308	328.9999962
3309	328.9000094
3310	329.1999996
3311	328.9000094
3312	328.9999962
3313	329.1000128
3314	328.9000094
3315	328.9000094
3316	328.9000094
3317	329.1999996
3318	328.9000094
3319	328.9000094
3320	328.9000094
3321	328.700006
3322	329.1000128
3323	328.9000094
3324	329.1999996
3325	329.1999996
3326	329.1999996
3327	329.2999864
3328	329.1999996
3329	329.400003
3330	329.2999864
3331	329.1999996
3332	329.2999864
3333	329.1999996
3334	329.4999897
3335	329.4999897
3336	329.4999897
3337	329.6999931
3338	329.4999897
3339	329.6000063
3340	329.8000097
3341	329.6999931
3342	329.4999897
3343	329.6999931
3344	329.4999897
3345	329.8999965
3346	329.8999965
3347	329.8000097
3348	329.8999965
3349	329.8999965
3350	329.8999965
3351	330.0000131
3352	329.8999965
3353	330.1999867
3354	330.0999999
3355	330.1999867
3356	330.3000033
3357	330.0999999
3358	330.3000033
3359	330.5000067
3360	1720.399976
3361	366.6000068
3362	361.9000018
3363	357.1999967
3364	354.4999957
3365	353.5999954
3366	351.7999947
3367	350.8000076
3368	349.5999873
3369	349.0000069
3370	348.5000134
3371	347.7999866
3372	347.4000096
3373	347.2000062
3374	346.7000127
3375	346.5999961
3376	346.3000059
3377	346.1999893
3378	345.8000124
3379	345.4000056
3380	345.299989
3381	345.299989
3382	345.4999924
3383	345.2000022
3384	344.9999988
3385	344.7000086
3386	344.900012
3387	344.7999954
3388	344.7000086
3389	344.7000086
3390	344.3999887
3391	344.7000086
3392	344.900012
3393	344.7000086
3394	344.7999954
3395	344.3999887
3396	344.7000086
3397	344.7999954
3398	344.7000086
3399	344.3999887
3400	344.3999887
3401	344.1999853
3402	344.599992
3403	344.599992
3404	344.5000052
3405	344.7000086
3406	344.7000086
3407	344.5000052
3408	344.0000117
3409	344.0000117
3410	344.3999887
3411	344.1999853
3412	344.3999887
3413	343.6999917
3414	343.6000049
3415	343.8999951
3416	344.0000117
3417	344.0000117
3418	344.3999887
3419	343.4999883
3420	343.6000049
3421	344.0999985
3422	344.599992
3423	344.7000086
3424	344.7000086
3425	345.6999958
3426	345.299989
3427	346.5000093
3428	346.1000025
3429	347.0000029
3430	346.8999863
3431	347.9000032
3432	347.6999998
3433	348.1999934
3434	348.1999934
3435	348.1000066
3436	348.1999934
3437	348.1999934
3438	348.1999934
3439	348.30001
3440	348.8000035
3441	348.5000134
3442	348.5000134
3443	349.0999937
3444	348.8000035
3445	348.6999869
3446	348.6999869
3447	348.30001
3448	349.0999937
3449	348.8999903
3450	349.5000005
3451	349.2000103
3452	348.8999903
3453	349.2000103
3454	349.2000103
3455	349.5000005
3456	348.8000035
3457	349.2000103
3458	349.2000103
3459	349.2000103
3460	349.2999971
3461	349.0000069
3462	349.5000005
3463	349.2000103
3464	349.2000103
3465	349.5000005
3466	349.0999937
3467	349.2000103
3468	349.2000103
3469	349.2000103
3470	349.2000103
3471	349.2000103
3472	349.2000103
3473	349.0000069
3474	349.2000103
3475	348.8999903
3476	348.8000035
3477	348.8999903
3478	349.0999937
3479	349.2000103
3480	348.8000035
3481	348.8999903
3482	349.0999937
3483	349.4000137
3484	349.4000137
3485	349.2999971
3486	349.2000103
3487	349.0999937
3488	348.8999903
3489	348.8999903
3490	349.0000069
3491	349.2000103
3492	349.2000103
3493	349.2000103
3494	349.4000137
3495	349.2000103
3496	349.2000103
3497	349.0999937
3498	348.8999903
3499	349.0000069
3500	348.8999903
3501	349.2000103
3502	348.6999869
3503	348.6999869
3504	348.5000134
3505	348.8999903
3506	348.8000035
3507	348.5000134
3508	348.8000035
3509	348.8000035
3510	348.8000035
3511	348.8999903
3512	349.0999937
3513	348.8000035
3514	348.8999903
3515	348.8000035
3516	348.8000035
3517	348.8000035
3518	349.0000069
3519	349.0000069
3520	348.5000134
3521	348.8000035
3522	348.6000001
3523	348.5000134
3524	348.3999968
3525	348.5000134
3526	348.5000134
3527	348.6999869
3528	348.5000134
3529	348.6000001
3530	348.5000134
3531	348.6999869
3532	348.5000134
3533	348.8999903
3534	348.8000035
3535	348.8999903
3536	348.6000001
3537	348.8999903
3538	348.8999903
3539	349.0999937
3540	349.0000069
3541	349.2000103
3542	349.2999971
3543	348.8999903
3544	348.8999903
3545	349.0000069
3546	349.0999937
3547	349.0000069
3548	349.2000103
3549	349.0999937
3550	349.0999937
3551	349.4000137
3552	349.2999971
3553	349.2999971
3554	349.2000103
3555	349.2999971
3556	349.0000069
3557	349.0999937
3558	349.2000103
3559	349.2999971
3560	349.2000103
3561	348.8999903
3562	349.0000069
3563	348.8999903
3564	348.8999903
3565	349.0000069
3566	348.8999903
3567	348.8000035
3568	348.8000035
3569	348.8999903
3570	348.6000001
3571	348.5000134
3572	348.6999869
3573	348.6999869
3574	348.6999869
3575	348.5000134
3576	348.6000001
3577	348.6000001
3578	348.8000035
3579	348.8999903
3580	348.8000035
3581	348.6999869
3582	348.8999903
3583	348.6999869
3584	348.5000134
3585	348.8000035
3586	348.6000001
3587	348.5000134
3588	348.5000134
3589	348.5000134
3590	348.6999869
3591	348.6999869
3592	348.8999903
3593	349.0000069
3594	349.2000103
3595	349.2000103
3596	349.2000103
3597	349.5000005
3598	349.7000039
3599	349.7000039
3600	349.7000039
3601	349.5000005
3602	349.0999937
3603	348.6000001
3604	347.0000029
3605	345.299989
3606	344.3999887
3607	342.0000076
3608	339.3000066
3609	337.0000124
3610	335.7000053
3611	333.4999979
3612	331.4999938
3613	330.1999867
3614	329.8000097
3615	328.9000094
3616	328.7999928
3617	328.9000094
3618	329.1999996
3619	329.2999864
3620	329.8999965
3621	330.3000033
3622	330.5000067
3623	331.099987
3624	331.9000006
3625	332.3000073
3626	333.0000043
3627	333.7000012
3628	334.1999948
3629	334.5000148
3630	335.0000083
3631	335.5000019
3632	336.2999856
3633	336.4000022
3634	336.8999958
3635	337.3999894
3636	337.3999894
3637	337.7999961
3638	337.7000093
3639	338.2000029
3640	338.4000063
3641	338.4000063
3642	338.6000097
3643	338.8000131
3644	339.19999
3645	338.9999866
3646	339.3000066
3647	339.3999934
3648	339.5999968
3649	339.899987
3650	339.8000002
3651	340.0000036
3652	339.899987
3653	340.0999904
3654	340.200007
3655	340.2999938
3656	340.200007
3657	340.4000103
3658	340.7999873
3659	340.4999971
3660	340.7000005
3661	340.7000005
3662	340.9999907
3663	340.6000137
3664	340.7000005
3665	340.9000039
3666	340.9000039
3667	341.1000073
3668	340.9000039
3669	341.1000073
3670	341.1999941
3671	341.3000107
3672	341.5000141
3673	341.5000141
3674	341.3000107
3675	341.3000107
3676	341.3999975
3677	341.1000073
3678	341.3999975
3679	341.5000141
3680	341.5000141
3681	341.5000141
3682	341.3000107
3683	341.3000107
3684	341.1000073
3685	341.5000141
3686	341.5000141
3687	341.6000009
3688	341.8000042
3689	341.6000009
3690	341.899991
3691	341.6000009
3692	341.6999876
3693	341.5000141
3694	341.8000042
3695	341.8000042
3696	341.6999876
3697	341.899991
3698	341.899991
3699	341.899991
3700	341.6999876
3701	342.0999944
3702	342.0999944
3703	342.0000076
3704	342.0000076
3705	342.200011
3706	342.0999944
3707	342.0000076
3708	342.0999944
3709	342.200011
3710	342.0999944
3711	342.4000144
3712	342.200011
3713	342.200011
3714	342.5000012
3715	342.599988
3716	342.599988
3717	342.599988
3718	342.4000144
3719	342.599988
3720	342.4000144
3721	342.5000012
3722	342.4000144
3723	342.4000144
3724	342.4000144
3725	342.4000144
3726	342.200011
3727	342.4000144
3728	342.599988
3729	342.4000144
3730	342.2999978
3731	342.4000144
3732	342.4000144
3733	342.5000012
3734	342.5000012
3735	342.599988
3736	342.599988
3737	342.7000046
3738	342.599988
3739	342.599988
3740	342.599988
3741	342.7999914
3742	342.7000046
3743	342.7000046
3744	342.7000046
3745	342.9999948
3746	342.599988
3747	342.599988
3748	342.599988
3749	342.900008
3750	342.7000046
3751	343.1000113
3752	342.9999948
3753	342.900008
3754	342.900008
3755	342.900008
3756	343.1000113
3757	343.1000113
3758	342.9999948
3759	342.9999948
3760	343.1999981
3761	343.3000147
3762	342.900008
3763	342.9999948
3764	342.9999948
3765	343.1000113
3766	342.7999914
3767	342.900008
3768	342.900008
3769	343.1000113
3770	343.1000113
3771	342.7999914
3772	343.1000113
3773	342.9999948
3774	343.3000147
3775	342.900008
3776	342.4000144
3777	342.0999944
3778	341.899991
3779	341.899991
3780	341.6999876
3781	341.6000009
3782	341.8000042
3783	341.5000141
3784	341.8000042
3785	341.6999876
3786	341.6999876
3787	341.6999876
3788	341.8000042
3789	341.899991
3790	342.0000076
3791	342.0999944
3792	342.0000076
3793	341.899991
3794	342.200011
3795	342.200011
3796	342.200011
3797	342.4000144
3798	342.200011
3799	342.200011
3800	343.1999981
3801	343.6000049
3802	342.9999948
3803	341.3999975
3804	341.5000141
3805	341.3999975
3806	339.899987
3807	338.8000131
3808	338.6999965
3809	338.6999965
3810	338.9999866
3811	339.1000032
3812	339.1000032
3813	339.19999
3814	339.1000032
3815	339.1000032
3816	338.8999999
3817	338.6999965
3818	338.6000097
3819	338.4000063
3820	338.6000097
3821	338.2999897
3822	338.2000029
3823	338.2000029
3824	338.2000029
3825	337.9000127
3826	337.7999961
3827	337.500006
3828	337.5999928
3829	337.500006
3830	337.5999928
3831	337.3000026
3832	337.500006
3833	337.3000026
3834	337.3999894
3835	337.3999894
3836	337.5999928
3837	337.500006
3838	337.3999894
3839	337.500006
3840	337.5999928
3841	337.500006
3842	337.3000026
3843	337.5999928
3844	337.500006
3845	337.3000026
3846	337.3000026
3847	337.3000026
3848	337.500006
3849	337.5999928
3850	337.3999894
3851	337.3999894
3852	337.0999992
3853	337.3000026
3854	337.199986
3855	337.199986
3856	337.3000026
3857	337.3000026
3858	337.3000026
3859	337.3000026
3860	337.3000026
3861	337.3000026
3862	337.3000026
3863	337.0000124
3864	337.500006
3865	337.5999928
3866	337.5999928
3867	337.9000127
3868	337.7000093
3869	337.7999961
3870	338.0999863
3871	337.9000127
3872	337.9000127
3873	338.2000029
3874	337.9999995
3875	338.2000029
3876	338.2999897
3877	338.2999897
3878	338.2000029
3879	338.0999863
3880	338.0999863
3881	338.2000029
3882	338.2000029
3883	338.2000029
3884	337.9999995
3885	337.7999961
3886	337.5999928
3887	337.0000124
3888	336.8999958
3889	336.800009
3890	336.6000056
3891	336.6999924
3892	337.0000124
3893	336.800009
3894	337.0000124
3895	337.0999992
3896	337.199986
3897	337.3000026
3898	337.7999961
3899	338.4000063
3900	338.8000131
3901	339.19999
3902	339.7000134
3903	339.899987
3904	340.0999904
3905	340.200007
3906	340.4999971
3907	340.7999873
3908	340.9000039
3909	341.1000073
3910	341.6999876
3911	341.6999876
3912	342.0999944
3913	342.0999944
3914	342.0999944
3915	342.0000076
3916	342.2999978
3917	342.200011
3918	342.0999944
3919	341.8000042
3920	341.8000042
3921	341.6999876
3922	341.5000141
3923	341.3999975
3924	341.8000042
3925	341.5000141
3926	342.0999944
3927	341.8000042
3928	342.0999944
3929	342.599988
3930	342.4000144
3931	342.4000144
3932	342.4000144
3933	342.4000144
3934	342.0999944
3935	342.200011
3936	341.899991
3937	341.8000042
3938	341.8000042
3939	342.200011
3940	342.2999978
3941	342.4000144
3942	342.7000046
3943	342.4000144
3944	342.5000012
3945	342.4000144
3946	342.4000144
3947	342.2999978
3948	342.2999978
3949	342.4000144
3950	342.4000144
3951	342.200011
3952	342.4000144
3953	342.2999978
3954	342.2999978
3955	342.200011
3956	342.0999944
3957	342.0999944
3958	341.899991
3959	341.6999876
3960	341.6999876
3961	342.0000076
3962	341.8000042
3963	341.899991
3964	341.6999876
3965	341.5000141
3966	341.3000107
3967	341.3999975
3968	341.899991
3969	341.8000042
3970	342.0000076
3971	342.2999978
3972	342.4000144
3973	342.4000144
3974	342.599988
3975	342.5000012
3976	342.7999914
3977	342.5000012
3978	342.4000144
3979	342.0999944
3980	342.0999944
3981	342.0000076
3982	342.200011
3983	342.4000144
3984	342.5000012
3985	342.5000012
3986	342.4000144
3987	342.200011
3988	342.0999944
3989	342.0999944
3990	342.0999944
3991	342.200011
3992	342.2999978
3993	342.5000012
3994	342.200011
3995	342.0999944
3996	342.200011
3997	342.200011
3998	342.2999978
3999	342.0999944
4000	342.0999944
4001	341.899991
4002	342.0999944
4003	342.0999944
4004	342.0999944
4005	342.4000144
4006	342.4000144
4007	342.4000144
4008	342.5000012
4009	342.7000046
4010	342.900008
4011	342.900008
4012	343.1999981
4013	343.4000015
4014	343.4999883
4015	343.4000015
4016	343.4999883
4017	343.1999981
4018	343.1000113
4019	342.7000046
4020	342.7999914
4021	342.7000046
4022	342.599988
4023	342.599988
4024	342.7000046
4025	342.9999948
4026	342.7000046
4027	342.9999948
4028	342.9999948
4029	343.1999981
4030	342.7000046
4031	342.7000046
4032	342.5000012
4033	342.5000012
4034	342.4000144
4035	342.4000144
4036	342.4000144
4037	342.9999948
4038	343.1000113
4039	343.4000015
4040	343.1999981
4041	343.6999917
4042	343.4999883
4043	343.8999951
4044	343.6999917
4045	344.0000117
4046	343.6999917
4047	343.4999883
4048	342.7999914
4049	343.1000113
4050	343.1000113
4051	342.9999948
4052	342.900008
4053	342.900008
4054	342.9999948
4055	342.4000144
4056	342.7000046
4057	342.7000046
4058	342.7999914
4059	342.9999948
4060	342.9999948
4061	342.900008
4062	343.1999981
4063	343.1999981
4064	343.6000049
4065	343.6999917
4066	343.8999951
4067	344.1999853
4068	344.3999887
4069	344.0000117
4070	344.1999853
4071	344.5000052
4072	344.599992
4073	344.599992
4074	344.3999887
4075	343.8000083
4076	343.6000049
4077	342.7000046
4078	341.3000107
4079	339.8000002
4080	338.6999965
4081	336.1999989
4082	333.7000012
4083	330.7000101
4084	329.6000063
4085	327.6999891
4086	326.700002
4087	325.5999982
4088	325.3000081
4089	324.9999881
4090	324.9000013
4091	325.1999915
4092	325.3999949
4093	326.2000084
4094	326.700002
4095	327.3000121
4096	327.6000023
4097	328.2999992
4098	328.9000094
4099	328.9999962
4100	329.400003
4101	329.8999965
4102	330.3999901
4103	330.7000101
4104	331.099987
4105	331.400007
4106	331.9000006
4107	332.1999907
4108	332.3999941
4109	332.8000009
4110	333.0999911
4111	333.0999911
4112	333.6000144
4113	333.7000012
4114	333.799988
4115	333.9999914
4116	333.9999914
4117	334.1999948
4118	334.3999982
4119	334.3999982
4120	334.3999982
4121	334.6999884
4122	334.6999884
4123	335.0000083
4124	335.0999951
4125	335.0999951
4126	335.2000117
4127	335.2999985
4128	335.3999853
4129	335.2999985
4130	335.5999887
4131	335.3999853
4132	335.3999853
4133	335.7000053
4134	335.7000053
4135	335.7000053
4136	335.7000053
4137	335.9999955
4138	335.9000087
4139	335.7000053
4140	335.7999921
4141	335.9999955
4142	336.1999989
4143	335.9999955
4144	335.9999955
4145	336.1000121
4146	336.2999856
4147	336.2999856
4148	336.2999856
4149	336.4000022
4150	336.4000022
4151	336.2999856
4152	336.499989
4153	336.6000056
4154	336.6000056
4155	336.800009
4156	336.6000056
4157	337.0999992
4158	337.0000124
4159	337.0000124
4160	337.3000026
4161	337.3000026
4162	337.199986
4163	337.3000026
4164	337.3000026
4165	337.3000026
4166	337.3000026
4167	337.3000026
4168	337.199986
4169	337.500006
4170	337.3000026
4171	337.3000026
4172	337.3000026
4173	337.0999992
4174	337.0999992
4175	337.5999928
4176	337.500006
4177	337.3999894
4178	337.5999928
4179	337.7999961
4180	337.3000026
4181	337.5999928
4182	337.500006
4183	337.5999928
4184	337.5999928
4185	337.7000093
4186	337.500006
4187	337.3000026
4188	337.5999928
4189	337.7000093
4190	337.5999928
4191	337.3999894
4192	337.500006
4193	337.5999928
4194	337.5999928
4195	337.5999928
4196	337.5999928
4197	337.7000093
4198	337.7999961
4199	337.9000127
4200	337.9000127
4201	337.5999928
4202	337.7999961
4203	337.7000093
4204	337.7000093
4205	337.9000127
4206	337.9000127
4207	337.9000127
4208	337.9000127
4209	337.7000093
4210	337.9000127
4211	337.9999995
4212	337.9999995
4213	337.9999995
4214	338.0999863
4215	338.2000029
4216	337.9000127
4217	338.4000063
4218	338.2000029
4219	338.2000029
4220	338.0999863
4221	338.2999897
4222	338.2999897
4223	338.2999897
4224	338.2000029
4225	338.4000063
4226	338.0999863
4227	338.2999897
4228	338.2999897
4229	338.2999897
4230	338.4000063
4231	337.9999995
4232	338.4000063
4233	338.4000063
4234	338.2000029
4235	338.2999897
4236	338.2999897
4237	338.0999863
4238	338.2000029
4239	338.4999931
4240	338.6000097
4241	338.6000097
4242	338.6999965
4243	338.6999965
4244	338.4000063
4245	338.4999931
4246	338.6000097
4247	338.4999931
4248	338.6000097
4249	338.8000131
4250	338.6999965
4251	338.8000131
4252	338.8999999
4253	338.6999965
4254	338.6999965
4255	338.6000097
4256	338.8999999
4257	338.8000131
4258	338.8999999
4259	339.19999
4260	338.9999866
4261	339.19999
4262	339.19999
4263	339.19999
4264	339.3000066
4265	339.3000066
4266	339.3999934
4267	339.3999934
4268	339.3999934
4269	339.3999934
4270	339.3000066
4271	339.3000066
4272	339.19999
4273	339.3999934
4274	339.3999934
4275	339.19999
4276	339.19999
4277	339.19999
4278	339.19999
4279	339.19999
4280	339.3000066
4281	339.3999934
4282	339.3000066
4283	339.50001
4284	339.5999968
4285	339.3000066
4286	339.3000066
4287	339.3000066
4288	338.8999999
4289	338.9999866
4290	339.19999
4291	339.19999
4292	339.19999
4293	339.1000032
4294	339.1000032
4295	338.9999866
4296	338.8999999
4297	338.8000131
4298	338.8999999
4299	339.1000032
4300	339.1000032
4301	338.9999866
4302	338.9999866
4303	339.3000066
4304	339.3000066
4305	339.50001
4306	339.5999968
4307	339.50001
4308	339.19999
4309	339.19999
4310	339.19999
4311	339.1000032
4312	338.9999866
4313	339.19999
4314	339.1000032
4315	339.19999
4316	339.3000066
4317	339.19999
4318	339.19999
4319	339.19999
4320	339.3000066
4321	339.3999934
4322	339.50001
4323	339.3999934
4324	339.50001
4325	339.50001
4326	339.7000134
4327	339.5999968
4328	339.8000002
4329	339.8000002
4330	339.5999968
4331	339.7000134
4332	339.8000002
4333	339.7000134
4334	339.7000134
4335	339.899987
4336	339.8000002
4337	339.5999968
4338	339.8000002
4339	339.7000134
4340	339.8000002
4341	340.0000036
4342	340.0000036
4343	339.8000002
4344	339.7000134
4345	339.8000002
4346	339.7000134
4347	339.7000134
4348	339.8000002
4349	339.8000002
4350	339.50001
4351	339.7000134
4352	339.8000002
4353	339.8000002
4354	339.8000002
4355	339.899987
4356	340.0000036
4357	340.200007
4358	340.200007
4359	340.0999904
4360	339.5999968
4361	339.50001
4362	339.19999
4363	339.19999
4364	339.50001
4365	338.9999866
4366	338.8999999
4367	338.9999866
4368	339.19999
4369	339.3000066
4370	339.3999934
4371	339.5999968
4372	340.0999904
4373	340.200007
4374	340.7999873
4375	340.9000039
4376	340.9999907
4377	341.5000141
4378	341.8000042
4379	342.4000144
4380	342.7999914
4381	343.1000113
4382	343.4000015
4383	343.8999951
4384	344.0000117
4385	344.3000019
4386	344.1999853
4387	344.7000086
4388	344.7000086
4389	344.7000086
4390	344.7000086
4391	344.7999954
4392	344.5000052
4393	344.3999887
4394	344.3999887
4395	344.1999853
4396	343.8999951
4397	344.0999985
4398	344.3000019
4399	344.1999853
4400	344.3999887
4401	344.3999887
4402	344.3999887
4403	344.1999853
4404	344.0000117
4405	344.0000117
4406	344.3999887
4407	344.3000019
4408	344.3999887
4409	344.1999853
4410	344.3000019
4411	344.0999985
4412	344.0000117
4413	344.0000117
4414	343.8999951
4415	343.8999951
4416	343.8000083
4417	343.8999951
4418	344.0999985
4419	344.599992
4420	344.3999887
4421	344.3999887
4422	344.599992
4423	344.7000086
4424	344.7000086
4425	344.7000086
4426	344.900012
4427	345.0999856
4428	344.9999988
4429	345.299989
4430	345.299989
4431	345.0999856
4432	345.0999856
4433	344.9999988
4434	345.0999856
4435	345.0999856
4436	344.9999988
4437	344.9999988
4438	344.7000086
4439	344.7000086
4440	344.7000086
4441	344.7000086
4442	344.7000086
4443	344.7000086
4444	344.9999988
4445	345.299989
4446	345.2000022
4447	345.2000022
4448	344.9999988
4449	344.9999988
4450	344.9999988
4451	344.9999988
4452	345.0999856
4453	345.0999856
4454	345.0999856
4455	344.900012
4456	344.900012
4457	344.9999988
4458	344.7000086
4459	344.7999954
4460	344.7999954
4461	344.7999954
4462	344.7000086
4463	344.7000086
4464	344.7000086
4465	344.900012
4466	344.9999988
4467	345.0999856
4468	345.2000022
4469	345.0999856
4470	345.299989
4471	345.0999856
4472	345.299989
4473	345.299989
4474	344.9999988
4475	344.900012
4476	344.7000086
4477	344.900012
4478	344.9999988
4479	344.900012
4480	344.9999988
4481	345.299989
4482	345.0999856
4483	344.7000086
4484	344.7999954
4485	344.7000086
4486	345.2000022
4487	344.599992
4488	344.5000052
4489	344.5000052
4490	344.3999887
4491	344.7000086
4492	344.9999988
4493	344.7999954
4494	344.7999954
4495	344.7000086
4496	344.7999954
4497	345.0999856
4498	345.4000056
4499	345.4000056
4500	345.4999924
4501	345.4999924
4502	344.900012
4503	344.7000086
4504	344.7999954
4505	344.7999954
4506	344.7000086
4507	344.7000086
4508	344.7000086
4509	344.599992
4510	344.5000052
4511	344.7000086
4512	344.9999988
4513	344.7999954
4514	344.900012
4515	344.900012
4516	344.9999988
4517	344.7999954
4518	344.7000086
4519	344.3999887
4520	344.599992
4521	344.599992
4522	344.599992
4523	344.7000086
4524	344.9999988
4525	344.9999988
4526	344.7999954
4527	344.7000086
4528	344.7999954
4529	344.599992
4530	344.7999954
4531	344.7000086
4532	342.7999914
4533	344.599992
4534	344.7000086
4535	344.599992
4536	344.5000052
4537	344.7000086
4538	344.9999988
4539	344.9999988
4540	345.0999856
4541	345.299989
4542	345.8000124
4543	345.8000124
4544	346.1999893
4545	346.3999927
4546	345.9999859
4547	345.8000124
4548	345.6999958
4549	344.9999988
4550	343.6999917
4551	342.900008
4552	340.4999971
4553	337.5999928
4554	336.4000022
4555	334.3999982
4556	332.3999941
4557	330.5000067
4558	330.1999867
4559	329.6999931
4560	328.9000094
4561	329.1000128
4562	329.1999996
4563	329.400003
4564	329.6999931
4565	330.7000101
4566	331.2000036
4567	331.8000138
4568	332.8000009
4569	333.9000046
4570	334.3000114
4571	335.0000083
4572	335.7000053
4573	336.2999856
4574	337.0000124
4575	337.3999894
4576	337.9999995
4577	338.2000029
4578	338.6999965
4579	338.8000131
4580	339.3999934
4581	339.3999934
4582	339.7000134
4583	339.8000002
4584	339.899987
4585	340.200007
4586	340.4000103
4587	340.4999971
4588	340.6000137
4589	340.7000005
4590	340.7999873
4591	340.9999907
4592	341.1999941
4593	341.1000073
4594	341.3999975
4595	341.5000141
4596	341.6999876
4597	341.8000042
4598	341.6999876
4599	341.8000042
4600	341.8000042
4601	341.8000042
4602	341.8000042
4603	342.0000076
4604	342.0999944
4605	342.0999944
4606	342.0000076
4607	342.4000144
4608	342.5000012
4609	342.2999978
4610	342.4000144
4611	342.5000012
4612	342.7000046
4613	342.4000144
4614	342.7000046
4615	343.1000113
4616	342.9999948
4617	342.7999914
4618	342.900008
4619	342.900008
4620	342.7999914
4621	342.900008
4622	342.7999914
4623	342.900008
4624	342.900008
4625	342.9999948
4626	342.7000046
4627	342.7999914
4628	343.1000113
4629	343.1999981
4630	343.1000113
4631	343.1999981
4632	343.3000147
4633	343.1000113
4634	342.9999948
4635	343.1000113
4636	343.3000147
4637	343.1000113
4638	343.1000113
4639	343.1000113
4640	342.7999914
4641	342.9999948
4642	343.1000113
4643	343.1000113
4644	342.9999948
4645	343.1000113
4646	343.3000147
4647	343.1000113
4648	343.1999981
4649	343.4000015
4650	343.4000015
4651	343.4000015
4652	343.1000113
4653	343.4000015
4654	343.4999883
4655	343.4000015
4656	343.6000049
4657	343.6999917
4658	343.4999883
4659	343.8000083
4660	343.6000049
4661	343.6999917
4662	343.6999917
4663	343.6999917
4664	343.6999917
4665	343.8999951
4666	343.6999917
4667	343.8000083
4668	343.8999951
4669	343.6999917
4670	344.0000117
4671	344.3000019
4672	344.0999985
4673	344.0999985
4674	343.8000083
4675	344.0000117
4676	344.0000117
4677	343.6999917
4678	344.0000117
4679	344.0000117
4680	343.8999951
4681	343.8999951
4682	343.6999917
4683	343.6999917
4684	343.6999917
4685	343.4999883
4686	343.6999917
4687	343.8000083
4688	343.6000049
4689	343.6000049
4690	343.8999951
4691	343.8000083
4692	343.6999917
4693	343.6999917
4694	343.8000083
4695	343.8000083
4696	343.8000083
4697	344.0000117
4698	344.0000117
4699	343.8999951
4700	343.6999917
4701	344.0000117
4702	343.6999917
4703	343.6999917
4704	343.6999917
4705	343.6000049
4706	343.4000015
4707	343.1999981
4708	343.1000113
4709	343.4000015
4710	343.4000015
4711	343.4000015
4712	343.3000147
4713	343.4000015
4714	343.3000147
4715	343.3000147
4716	343.1000113
4717	343.1999981
4718	343.1000113
4719	343.3000147
4720	343.4999883
4721	343.4000015
4722	343.4000015
4723	343.3000147
4724	343.3000147
4725	343.3000147
4726	343.1000113
4727	343.1999981
4728	343.1999981
4729	343.1000113
4730	343.1000113
4731	343.1000113
4732	343.1000113
4733	343.1999981
4734	343.1000113
4735	343.1999981
4736	343.3000147
4737	343.4000015
4738	343.4000015
4739	343.4000015
4740	343.4000015
4741	343.4000015
4742	343.4000015
4743	343.4000015
4744	343.1999981
4745	343.4999883
4746	343.1999981
4747	343.4000015
4748	343.3000147
4749	343.1999981
4750	343.4999883
4751	343.4999883
4752	343.4999883
4753	343.4000015
4754	343.4000015
4755	343.4000015
4756	343.4000015
4757	343.4000015
4758	343.4000015
4759	343.4999883
4760	343.3000147
4761	343.1999981
4762	343.1000113
4763	343.4000015
4764	343.4000015
4765	343.1999981
4766	343.4000015
4767	343.3000147
4768	343.4000015
4769	343.6000049
4770	343.4999883
4771	343.4000015
4772	343.4000015
4773	343.6000049
4774	343.8999951
4775	343.6999917
4776	343.6999917
4777	343.6999917
4778	343.6000049
4779	343.4000015
4780	343.4000015
4781	343.4999883
4782	343.6000049
4783	343.4000015
4784	343.4000015
4785	343.4000015
4786	343.4000015
4787	343.6999917
4788	343.4000015
4789	343.4000015
4790	343.6000049
4791	343.4000015
4792	343.4000015
4793	343.6000049
4794	343.6999917
4795	343.4000015
4796	343.4000015
4797	343.6999917
4798	343.4000015
4799	343.6000049
4800	343.4999883
4801	343.6999917
4802	343.6000049
4803	343.6999917
4804	343.6999917
4805	343.4999883
4806	344.0000117
4807	343.8999951
4808	343.4999883
4809	343.6999917
4810	343.6999917
4811	343.6999917
4812	343.6999917
4813	343.4000015
4814	343.4999883
4815	343.4000015
4816	343.4000015
4817	343.1999981
4818	343.4000015
4819	343.4000015
4820	343.3000147
4821	343.3000147
4822	343.1999981
4823	343.6000049
4824	343.4000015
4825	343.4000015
4826	343.4000015
4827	343.4000015
4828	343.4000015
4829	343.1000113
4830	343.1000113
4831	343.3000147
4832	342.7999914
4833	342.7000046
4834	342.2999978
4835	341.899991
4836	342.0000076
4837	342.0999944
4838	342.0999944
4839	342.0999944
4840	342.200011
4841	342.599988
4842	342.7999914
4843	343.1000113
4844	343.4000015
4845	343.4000015
4846	344.0000117
4847	344.0000117
4848	344.3999887
4849	344.599992
4850	344.9999988
4851	344.900012
4852	345.0999856
4853	345.2000022
4854	345.299989
4855	345.600009
4856	345.4999924
4857	345.8999991
4858	345.9999859
4859	345.9999859
4860	345.9999859
4861	345.8999991
4862	345.9999859
4863	346.1999893
4864	346.3000059
4865	346.3999927
4866	346.3999927
4867	346.1999893
4868	345.9999859
4869	345.600009
4870	345.6999958
4871	345.4000056
4872	345.600009
4873	345.600009
4874	345.6999958
4875	345.8000124
4876	345.8000124
4877	345.8999991
4878	346.1999893
4879	345.9999859
4880	346.1000025
4881	346.3000059
4882	346.5000093
4883	346.5999961
4884	346.1000025
4885	345.8999991
4886	345.8000124
4887	345.6999958
4888	346.1000025
4889	345.8999991
4890	345.8999991
4891	346.1999893
4892	346.1000025
4893	346.1000025
4894	345.9999859
4895	346.1999893
4896	345.8999991
4897	345.8000124
4898	345.8000124
4899	345.9999859
4900	346.3000059
4901	345.9999859
4902	346.1000025
4903	346.3000059
4904	346.3999927
4905	346.3000059
4906	346.3000059
4907	346.3000059
4908	346.3000059
4909	345.9999859
4910	345.8999991
4911	345.9999859
4912	345.8999991
4913	345.8000124
4914	345.8000124
4915	345.8000124
4916	345.8999991
4917	346.1000025
4918	346.1000025
4919	346.3000059
4920	346.3000059
4921	345.9999859
4922	346.1000025
4923	346.3000059
4924	346.3000059
4925	346.3999927
4926	346.7000127
4927	346.8999863
4928	346.8999863
4929	346.5999961
4930	346.5999961
4931	346.1999893
4932	345.9999859
4933	346.1000025
4934	346.1999893
4935	346.3999927
4936	346.1999893
4937	346.3000059
4938	345.8999991
4939	345.9999859
4940	346.3999927
4941	346.5000093
4942	346.5999961
4943	346.8999863
4944	346.8999863
4945	346.8999863
4946	346.7000127
4947	346.7999995
4948	346.7000127
4949	346.7999995
4950	346.7999995
4951	347.0000029
4952	347.0999897
4953	347.299993
4954	347.299993
4955	347.4000096
4956	347.299993
4957	347.299993
4958	347.0999897
4959	346.7999995
4960	346.5999961
4961	346.7999995
4962	346.8999863
4963	346.7999995
4964	346.7999995
4965	346.8999863
4966	346.7999995
4967	346.7000127
4968	346.5999961
4969	346.7999995
4970	346.7999995
4971	346.5999961
4972	346.5999961
4973	346.3000059
4974	346.5000093
4975	346.5999961
4976	346.5999961
4977	346.5999961
4978	346.3999927
4979	346.3999927
4980	346.5999961
4981	346.5000093
4982	346.5999961
4983	346.5999961
4984	346.7000127
4985	346.7000127
4986	346.7999995
4987	346.8999863
4988	346.8999863
4989	346.7000127
4990	346.7999995
4991	346.8999863
4992	346.8999863
4993	346.8999863
4994	346.7000127
4995	346.7999995
4996	346.8999863
4997	346.8999863
4998	346.8999863
4999	346.8999863
5000	347.0999897
5001	347.0000029
5002	347.0999897
5003	347.2000062
5004	347.0999897
5005	347.299993
5006	347.2000062
5007	347.0999897
5008	346.8999863
5009	346.8999863
5010	346.8999863
5011	347.2000062
5012	347.4000096
5013	347.299993
5014	347.4000096
5015	347.600013
5016	347.9000032
5017	347.9000032
5018	348.1999934
5019	348.5000134
5020	348.30001
5021	348.30001
5022	347.7999866
5023	346.8999863
5024	345.600009
5025	344.7000086
5026	342.200011
5027	339.50001
5028	337.500006
5029	336.499989
5030	334.6999884
5031	333.4000111
5032	333.0999911
5033	332.1999907
5034	331.6999972
5035	331.8000138
5036	331.8000138
5037	331.9000006
5038	332.3000073
5039	333.0999911
5040	333.4000111
5041	333.9000046
5042	334.6999884
5043	335.2999985
5044	335.7000053
5045	336.2999856
5046	337.199986
5047	337.9000127
5048	337.9999995
5049	338.8000131
5050	339.3999934
5051	339.50001
5052	339.899987
5053	340.4999971
5054	340.7999873
5055	341.1000073
5056	341.3999975
5057	341.5000141
5058	341.5000141
5059	341.5000141
5060	341.8000042
5061	341.899991
5062	342.200011
5063	342.0000076
5064	342.0999944
5065	342.0999944
5066	342.2999978
5067	342.4000144
5068	342.200011
5069	342.5000012
5070	342.7000046
5071	342.7000046
5072	342.7000046
5073	342.7000046
5074	342.7999914
5075	342.7000046
5076	342.7000046
5077	342.7000046
5078	343.1000113
5079	343.1999981
5080	343.1000113
5081	342.9999948
5082	343.1000113
5083	343.1999981
5084	343.1000113
5085	343.4000015
5086	343.3000147
5087	343.4000015
5088	343.1999981
5089	343.3000147
5090	343.3000147
5091	343.4000015
5092	343.1000113
5093	343.4999883
5094	343.4999883
5095	343.6000049
5096	343.4999883
5097	343.4000015
5098	343.4000015
5099	343.6000049
5100	343.4999883
5101	343.6000049
5102	343.6999917
5103	343.8000083
5104	343.6999917
5105	343.6000049
5106	343.6000049
5107	343.8000083
5108	343.8000083
5109	343.6999917
5110	343.8999951
5111	343.8999951
5112	344.0000117
5113	344.0000117
5114	344.0000117
5115	344.0000117
5116	344.0000117
5117	344.0000117
5118	344.0000117
5119	344.3000019
5120	344.3000019
5121	344.3999887
5122	344.3000019
5123	344.0000117
5124	344.0999985
5125	344.0999985
5126	343.8000083
5127	344.0000117
5128	344.0000117
5129	344.0000117
5130	344.0000117
5131	343.6999917
5132	343.6000049
5133	343.6000049
5134	343.6999917
5135	343.4999883
5136	343.6000049
5137	344.0000117
5138	344.0000117
5139	343.8000083
5140	343.8999951
5141	344.0000117
5142	344.0999985
5143	344.0000117
5144	343.8999951
5145	343.8999951
5146	343.8000083
5147	344.0000117
5148	343.8999951
5149	344.0000117
5150	344.0999985
5151	344.0000117
5152	344.0999985
5153	344.1999853
5154	344.1999853
5155	344.1999853
5156	344.0000117
5157	343.8999951
5158	343.8000083
5159	344.0000117
5160	344.0000117
5161	344.0000117
5162	344.0000117
5163	344.0000117
5164	344.0000117
5165	344.0999985
5166	344.1999853
5167	344.3999887
5168	344.0999985
5169	344.0999985
5170	344.1999853
5171	344.0000117
5172	343.8999951
5173	343.8000083
5174	344.0000117
5175	344.0999985
5176	344.0000117
5177	344.0000117
5178	344.0000117
5179	344.0000117
5180	343.8000083
5181	344.0000117
5182	344.0999985
5183	344.1999853
5184	344.0000117
5185	344.0000117
5186	344.3000019
5187	344.1999853
5188	344.0000117
5189	344.0000117
5190	344.0999985
5191	344.0999985
5192	344.0000117
5193	343.8999951
5194	344.0999985
5195	344.0000117
5196	344.0000117
5197	343.8999951
5198	344.0000117
5199	343.8000083
5200	343.6999917
5201	343.8000083
5202	344.0000117
5203	344.0000117
5204	344.0999985
5205	344.0000117
5206	344.1999853
5207	344.1999853
5208	344.1999853
5209	344.0999985
5210	344.3999887
5211	344.3000019
5212	344.3000019
5213	344.3999887
5214	344.3999887
5215	344.3999887
5216	344.3999887
5217	344.3999887
5218	344.3999887
5219	344.5000052
5220	344.0999985
5221	344.0000117
5222	344.0000117
5223	344.0000117
5224	343.8000083
5225	343.8000083
5226	344.0000117
5227	344.0999985
5228	344.0999985
5229	344.1999853
5230	344.3999887
5231	344.3999887
5232	344.3000019
5233	344.0999985
5234	344.0999985
5235	344.1999853
5236	344.0999985
5237	344.1999853
5238	344.0999985
5239	344.1999853
5240	344.0000117
5241	344.0999985
5242	344.0000117
5243	344.0999985
5244	344.1999853
5245	344.1999853
5246	344.3999887
5247	344.3999887
5248	344.3999887
5249	344.3999887
5250	344.3000019
5251	344.3999887
5252	344.5000052
5253	344.3999887
5254	344.3000019
5255	344.3999887
5256	344.1999853
5257	344.1999853
5258	344.3000019
5259	344.3999887
5260	344.3000019
5261	343.8999951
5262	344.0999985
5263	344.0000117
5264	344.0000117
5265	343.8000083
5266	343.8999951
5267	343.8000083
5268	343.8000083
5269	343.8000083
5270	343.8999951
5271	343.8000083
5272	343.4999883
5273	343.6000049
5274	343.6999917
5275	343.6999917
5276	343.4000015
5277	343.4000015
5278	343.6000049
5279	343.6999917
5280	343.6999917
5281	343.4999883
5282	343.6000049
5283	343.6999917
5284	343.4000015
5285	343.6999917
5286	343.6999917
5287	343.4999883
5288	343.6999917
5289	343.6000049
5290	343.8999951
5291	343.6999917
5292	343.6999917
5293	343.8000083
5294	343.8999951
5295	344.0000117
5296	343.8999951
5297	344.3000019
5298	344.0999985
5299	344.1999853
5300	344.3000019
5301	344.3999887
5302	344.3000019
5303	344.1999853
5304	344.3000019
5305	344.0999985
5306	344.0000117
5307	344.0000117
5308	343.8999951
5309	344.0000117
5310	343.6999917
5311	343.6999917
5312	343.8999951
5313	344.0000117
5314	344.1999853
5315	344.3999887
5316	344.599992
5317	344.7000086
5318	344.599992
5319	344.7000086
5320	345.0999856
5321	345.299989
5322	345.600009
5323	345.8000124
5324	346.3999927
5325	346.5999961
5326	346.5999961
5327	346.7999995
5328	346.8999863
5329	347.0000029
5330	346.7999995
5331	346.8999863
5332	347.0000029
5333	347.2000062
5334	347.2000062
5335	347.299993
5336	347.600013
5337	347.4999964
5338	347.299993
5339	347.299993
5340	347.0999897
5341	347.299993
5342	347.0999897
5343	347.299993
5344	347.299993
5345	347.0999897
5346	347.2000062
5347	346.8999863
5348	346.7000127
5349	346.1000025
5350	345.8999991
5351	345.8000124
5352	345.9999859
5353	345.8999991
5354	345.9999859
5355	345.9999859
5356	346.1000025
5357	346.1000025
5358	346.1999893
5359	345.8000124
5360	345.8000124
5361	345.8999991
5362	345.8999991
5363	345.8000124
5364	345.8999991
5365	345.8000124
5366	345.8999991
5367	345.600009
5368	345.6999958
5369	345.9999859
5370	345.8999991
5371	345.8000124
5372	345.9999859
5373	345.9999859
5374	345.6999958
5375	345.600009
5376	345.9999859
5377	345.9999859
5378	345.9999859
5379	345.9999859
5380	346.1999893
5381	345.9999859
5382	345.9999859
5383	345.9999859
5384	346.1999893
5385	345.9999859
5386	345.6999958
5387	345.4999924
5388	345.4999924
5389	345.4999924
5390	345.8000124
5391	345.600009
5392	345.8000124
5393	345.8999991
5394	345.8000124
5395	345.600009
5396	345.4999924
5397	345.299989
5398	345.299989
5399	345.2000022
5400	345.4999924
5401	345.299989
5402	345.0999856
5403	345.0999856
5404	344.9999988
5405	344.900012
5406	344.9999988
5407	344.9999988
5408	345.2000022
5409	345.299989
5410	345.299989
5411	345.600009
5412	345.600009
5413	345.6999958
5414	345.600009
5415	345.8000124
5416	345.8000124
5417	345.8000124
5418	345.600009
5419	345.6999958
5420	345.9999859
5421	345.9999859
5422	346.1000025
5423	346.1000025
5424	346.3000059
5425	346.5000093
5426	346.3000059
5427	346.3000059
5428	346.3000059
5429	345.9999859
5430	345.8999991
5431	345.600009
5432	345.4999924
5433	345.600009
5434	345.600009
5435	345.8999991
5436	345.8000124
5437	345.600009
5438	345.6999958
5439	345.8999991
5440	345.6999958
5441	345.9999859
5442	345.8999991
5443	346.1999893
5444	345.9999859
5445	346.3000059
5446	346.3000059
5447	346.1000025
5448	345.9999859
5449	346.1000025
5450	345.9999859
5451	345.9999859
5452	346.1000025
5453	346.1999893
5454	346.5999961
5455	346.3999927
5456	346.1999893
5457	346.1999893
5458	346.3000059
5459	346.1999893
5460	346.3000059
5461	346.3000059
5462	346.3000059
5463	345.9999859
5464	346.1999893
5465	345.9999859
5466	346.1999893
5467	345.8000124
5468	345.8999991
5469	346.1000025
5470	346.1999893
5471	346.1000025
5472	346.3000059
5473	346.3000059
5474	346.3000059
5475	346.1999893
5476	346.1000025
5477	345.8000124
5478	345.6999958
5479	345.6999958
5480	345.9999859
5481	345.9999859
5482	345.9999859
5483	346.3000059
5484	346.5999961
5485	346.7000127
5486	346.7000127
5487	347.0000029
5488	347.2000062
5489	347.600013
5490	347.4999964
5491	347.600013
5492	348.1000066
5493	348.3999968
5494	348.3999968
5495	348.5000134
5496	348.3999968
5497	347.600013
5498	346.5999961
5499	345.6999958
5500	344.0000117
5501	341.5000141
5502	339.19999
5503	338.2999897
5504	336.499989
5505	334.8999918
5506	333.9999914
5507	333.4000111
5508	333.0999911
5509	332.8999877
5510	332.8000009
5511	333.0999911
5512	333.4999979
5513	334.100008
5514	334.3999982
5515	335.0000083
5516	335.7000053
5517	336.2999856
5518	336.6000056
5519	337.199986
5520	337.7000093
5521	338.2000029
5522	338.4999931
5523	338.8000131
5524	339.1000032
5525	339.5999968
5526	339.8000002
5527	339.8000002
5528	340.0999904
5529	340.4999971
5530	340.7000005
5531	340.7999873
5532	340.7999873
5533	340.9999907
5534	341.3000107
5535	341.5000141
5536	341.1999941
5537	341.5000141
5538	341.5000141
5539	341.6000009
5540	341.6999876
5541	341.5000141
5542	341.8000042
5543	342.0999944
5544	342.0999944
5545	341.899991
5546	342.0000076
5547	342.200011
5548	342.0999944
5549	342.200011
5550	342.2999978
5551	342.5000012
5552	342.2999978
5553	342.0999944
5554	342.5000012
5555	342.599988
5556	342.5000012
5557	342.599988
5558	342.599988
5559	342.599988
5560	342.599988
5561	342.4000144
5562	342.4000144
5563	342.4000144
5564	342.5000012
5565	342.2999978
5566	342.200011
5567	342.2999978
5568	342.2999978
5569	342.4000144
5570	342.2999978
5571	342.2999978
5572	342.2999978
5573	342.599988
5574	342.4000144
5575	342.2999978
5576	342.4000144
5577	342.4000144
5578	342.4000144
5579	342.200011
5580	342.2999978
5581	342.0999944
5582	342.200011
5583	342.200011
5584	342.0999944
5585	342.0999944
5586	342.0999944
5587	342.0999944
5588	342.0000076
5589	342.0000076
5590	342.0999944
5591	342.0999944
5592	341.899991
5593	342.0999944
5594	342.0999944
5595	341.899991
5596	341.6000009
5597	341.8000042
5598	341.6999876
5599	341.8000042
5600	341.6000009
5601	341.6999876
5602	341.6999876
5603	341.6999876
5604	341.5000141
5605	341.5000141
5606	341.5000141
5607	341.5000141
5608	341.5000141
5609	341.5000141
5610	341.6999876
5611	341.5000141
5612	341.3999975
5613	341.5000141
5614	341.5000141
5615	341.3999975
5616	341.3999975
5617	341.5000141
5618	341.6000009
5619	341.8000042
5620	341.8000042
5621	341.6000009
5622	341.6999876
5623	341.8000042
5624	341.8000042
5625	341.6999876
5626	341.8000042
5627	341.899991
5628	341.8000042
5629	341.6999876
5630	341.8000042
5631	341.8000042
5632	341.6999876
5633	341.6999876
5634	341.6999876
5635	341.899991
5636	341.899991
5637	341.8000042
5638	341.8000042
5639	341.8000042
5640	341.8000042
5641	341.8000042
5642	341.8000042
5643	342.0999944
5644	342.0999944
5645	341.899991
5646	341.899991
5647	342.0999944
5648	342.0999944
5649	341.899991
5650	341.899991
5651	342.0999944
5652	342.2999978
5653	342.0999944
5654	342.0999944
5655	342.0999944
5656	342.200011
5657	342.2999978
5658	342.0999944
5659	342.200011
5660	342.200011
5661	342.0999944
5662	342.0999944
5663	342.0000076
5664	342.200011
5665	342.0999944
5666	342.0000076
5667	342.0000076
5668	342.200011
5669	342.2999978
5670	342.2999978
5671	342.2999978
5672	342.4000144
5673	342.4000144
5674	342.200011
5675	342.2999978
5676	342.4000144
5677	342.2999978
5678	342.200011
5679	342.0999944
5680	342.0999944
5681	342.0999944
5682	342.4000144
5683	342.4000144
5684	342.2999978
5685	342.0999944
5686	342.200011
5687	342.4000144
5688	342.4000144
5689	342.4000144
5690	342.2999978
5691	342.4000144
5692	342.2999978
5693	342.200011
5694	342.2999978
5695	342.4000144
5696	342.5000012
5697	342.5000012
5698	342.4000144
5699	342.599988
5700	342.599988
5701	342.4000144
5702	342.5000012
5703	342.599988
5704	342.7000046
5705	342.599988
5706	342.599988
5707	342.7000046
5708	342.7000046
5709	342.7000046
5710	342.7000046
5711	342.7000046
5712	342.900008
5713	342.7000046
5714	342.7999914
5715	342.7000046
5716	342.7999914
5717	342.7000046
5718	342.9999948
5719	342.9999948
5720	342.7000046
5721	342.7999914
5722	342.900008
5723	342.9999948
5724	342.7000046
5725	342.7000046
5726	342.900008
5727	342.7999914
5728	342.900008
5729	342.9999948
5730	343.1000113
5731	342.9999948
5732	342.9999948
5733	342.7999914
5734	343.1000113
5735	343.1000113
5736	343.1000113
5737	342.900008
5738	342.7999914
5739	342.900008
5740	342.900008
5741	342.7999914
5742	343.1000113
5743	342.900008
5744	342.7999914
5745	342.900008
5746	342.7999914
5747	342.5000012
5748	342.4000144
5749	342.599988
5750	342.599988
5751	342.7000046
5752	342.7999914
5753	342.9999948
5754	342.7999914
5755	342.9999948
5756	342.900008
5757	343.1000113
5758	342.900008
5759	342.9999948
5760	342.9999948
5761	343.3000147
5762	343.1000113
5763	343.1000113
5764	343.1000113
5765	343.1000113
5766	343.1000113
5767	342.900008
5768	342.9999948
5769	342.900008
5770	343.1000113
5771	343.1000113
5772	343.1999981
5773	343.1000113
5774	343.1000113
5775	343.1999981
5776	343.4000015
5777	343.3000147
5778	342.9999948
5779	343.1000113
5780	342.7999914
5781	342.4000144
5782	342.599988
5783	342.2999978
5784	342.2999978
5785	342.4000144
5786	342.5000012
5787	342.4000144
5788	342.599988
5789	342.9999948
5790	343.1000113
5791	343.3000147
5792	343.8000083
5793	344.0000117
5794	344.0999985
5795	344.599992
5796	344.7000086
5797	344.9999988
5798	345.299989
5799	345.600009
5800	345.600009
5801	345.4999924
5802	345.4999924
5803	345.299989
5804	345.4999924
5805	345.8999991
5806	345.6999958
5807	345.600009
5808	346.1000025
5809	345.9999859
5810	345.6999958
5811	345.9999859
5812	345.9999859
5813	345.9999859
5814	346.1999893
5815	345.9999859
5816	345.8999991
5817	345.9999859
5818	345.6999958
5819	345.8999991
5820	345.9999859
5821	345.600009
5822	345.6999958
5823	345.8999991
5824	345.8000124
5825	345.600009
5826	345.9999859
5827	345.9999859
5828	345.8000124
5829	345.8999991
5830	345.600009
5831	345.8999991
5832	345.4999924
5833	345.6999958
5834	345.600009
5835	345.600009
5836	345.6999958
5837	345.6999958
5838	345.600009
5839	345.4000056
5840	345.299989
5841	345.299989
5842	345.299989
5843	345.299989
5844	345.4999924
5845	345.2000022
5846	345.2000022
5847	344.9999988
5848	344.900012
5849	344.9999988
5850	344.9999988
5851	345.0999856
5852	345.2000022
5853	344.9999988
5854	345.2000022
5855	344.9999988
5856	345.4000056
5857	345.299989
5858	345.600009
5859	345.600009
5860	345.4999924
5861	345.4999924
5862	345.2000022
5863	345.299989
5864	345.4000056
5865	345.6999958
5866	345.600009
5867	345.600009
5868	345.4999924
5869	345.4999924
5870	345.600009
5871	345.4000056
5872	345.2000022
5873	344.7000086
5874	344.3000019
5875	344.0999985
5876	343.8000083
5877	343.4999883
5878	343.4000015
5879	343.1000113
5880	343.3000147
5881	343.4000015
5882	343.4000015
5883	343.6999917
5884	343.4999883
5885	343.6000049
5886	343.6999917
5887	343.8999951
5888	343.6999917
5889	343.6000049
5890	343.4000015
5891	343.4000015
5892	343.3000147
5893	343.3000147
5894	342.9999948
5895	342.7999914
5896	343.1000113
5897	343.3000147
5898	343.6000049
5899	343.4999883
5900	343.4000015
5901	343.4000015
5902	343.3000147
5903	343.4000015
5904	343.1000113
5905	343.1000113
5906	343.3000147
5907	342.9999948
5908	342.900008
5909	342.9999948
5910	342.9999948
5911	342.7000046
5912	342.599988
5913	342.7000046
5914	342.7000046
5915	342.7000046
5916	342.7000046
5917	342.4000144
5918	342.9999948
5919	343.3000147
5920	343.6000049
5921	343.8000083
5922	343.8999951
5923	343.8000083
5924	343.6999917
5925	343.4000015
5926	343.6999917
5927	344.1999853
5928	344.0999985
5929	344.3999887
5930	344.3999887
5931	344.599992
5932	344.5000052
5933	344.3999887
5934	344.3000019
5935	344.3999887
5936	344.5000052
5937	344.3999887
5938	344.599992
5939	344.3999887
5940	344.7999954
5941	344.900012
5942	344.900012
5943	344.900012
5944	344.900012
5945	344.7000086
5946	344.5000052
5947	344.5000052
5948	344.3999887
5949	344.5000052
5950	344.5000052
5951	344.599992
5952	344.599992
5953	344.900012
5954	344.900012
5955	344.599992
5956	344.7000086
5957	344.9999988
5958	345.2000022
5959	345.2000022
5960	345.4999924
5961	345.6999958
5962	345.6999958
5963	346.1000025
5964	346.1000025
5965	346.3000059
5966	346.3999927
5967	346.7000127
5968	346.5999961
5969	346.1999893
5970	345.8999991
5971	345.0999856
5972	344.0000117
5973	342.2999978
5974	341.3000107
5975	339.19999
5976	337.3000026
5977	336.2999856
5978	334.6999884
5979	333.4000111
5980	332.7000141
5981	332.3000073
5982	332.100004
5983	332.100004
5984	331.9999874
5985	332.100004
5986	332.3999941
5987	332.5999975
5988	333.0000043
5989	333.0000043
5990	333.7000012
5991	334.100008
5992	334.3999982
5993	334.6999884
5994	335.3999853
5995	335.9999955
5996	336.6000056
5997	336.6999924
5998	337.0000124
5999	337.3000026
6000	337.500006
6001	337.5999928
6002	337.7999961
6003	338.2000029
6004	338.2999897
6005	338.0999863
6006	338.4999931
6007	338.4999931
6008	338.6999965
6009	338.6000097
6010	339.1000032
6011	339.19999
6012	339.19999
6013	339.3999934
6014	339.5999968
6015	339.7000134
6016	339.7000134
6017	339.8000002
6018	340.0999904
6019	340.200007
6020	340.0999904
6021	340.200007
6022	340.2999938
6023	340.4000103
6024	340.200007
6025	340.4999971
6026	340.7999873
6027	340.7000005
6028	340.7999873
6029	340.7000005
6030	340.7000005
6031	340.6000137
6032	340.6000137
6033	340.7000005
6034	340.9000039
6035	340.9000039
6036	340.9000039
6037	340.9999907
6038	340.9000039
6039	340.9999907
6040	340.9999907
6041	341.1000073
6042	340.9999907
6043	341.1000073
6044	340.7999873
6045	340.7999873
6046	340.7000005
6047	340.7999873
6048	340.9000039
6049	341.1000073
6050	341.1000073
6051	341.5000141
6052	341.1000073
6053	341.3999975
6054	341.5000141
6055	341.3999975
6056	341.3000107
6057	341.3999975
6058	341.1999941
6059	341.3999975
6060	341.1000073
6061	341.5000141
6062	341.1999941
6063	341.3999975
6064	341.1000073
6065	341.1999941
6066	341.1000073
6067	341.5000141
6068	341.5000141
6069	341.3999975
6070	341.5000141
6071	341.8000042
6072	341.3999975
6073	341.3999975
6074	341.5000141
6075	341.1999941
6076	341.3000107
6077	341.1999941
6078	341.5000141
6079	341.1999941
6080	341.5000141
6081	341.3999975
6082	341.5000141
6083	341.5000141
6084	341.6999876
6085	341.5000141
6086	341.6999876
6087	341.5000141
6088	341.8000042
6089	341.899991
6090	341.899991
6091	342.0000076
6092	341.8000042
6093	341.8000042
6094	342.0999944
6095	342.2999978
6096	342.2999978
6097	342.200011
6098	342.5000012
6099	342.2999978
6100	342.4000144
6101	342.0999944
6102	342.0999944
6103	342.0999944
6104	342.200011
6105	341.899991
6106	341.8000042
6107	342.0999944
6108	342.0999944
6109	342.4000144
6110	342.4000144
6111	342.4000144
6112	342.599988
6113	342.4000144
6114	342.599988
6115	342.5000012
6116	342.599988
6117	342.5000012
6118	342.7000046
6119	342.599988
6120	342.4000144
6121	342.4000144
6122	342.4000144
6123	342.2999978
6124	342.5000012
6125	342.200011
6126	342.2999978
6127	342.200011
6128	342.0999944
6129	342.0999944
6130	342.0999944
6131	342.0999944
6132	342.0999944
6133	342.2999978
6134	342.4000144
6135	342.2999978
6136	342.5000012
6137	342.200011
6138	342.2999978
6139	342.4000144
6140	342.4000144
6141	342.5000012
6142	342.2999978
6143	342.4000144
6144	342.4000144
6145	342.4000144
6146	342.4000144
6147	342.7000046
6148	342.5000012
6149	342.4000144
6150	342.5000012
6151	342.4000144
6152	342.4000144
6153	342.4000144
6154	342.5000012
6155	342.5000012
6156	342.5000012
6157	342.599988
6158	342.7000046
6159	342.7000046
6160	342.7000046
6161	342.7000046
6162	342.5000012
6163	342.4000144
6164	342.4000144
6165	342.4000144
6166	342.4000144
6167	342.7000046
6168	342.4000144
6169	342.4000144
6170	342.599988
6171	342.4000144
6172	342.5000012
6173	342.5000012
6174	342.4000144
6175	342.4000144
6176	342.4000144
6177	342.4000144
6178	342.5000012
6179	342.7999914
6180	342.599988
6181	342.5000012
6182	342.7999914
6183	342.7000046
6184	342.7000046
6185	342.9999948
6186	342.7999914
6187	342.900008
6188	342.9999948
6189	342.7000046
6190	342.7000046
6191	342.7999914
6192	342.900008
6193	342.900008
6194	343.1000113
6195	342.9999948
6196	342.7000046
6197	342.9999948
6198	342.9999948
6199	342.9999948
6200	343.1000113
6201	343.1000113
6202	342.9999948
6203	342.9999948
6204	343.1000113
6205	342.9999948
6206	342.7000046
6207	342.900008
6208	342.599988
6209	342.7000046
6210	342.599988
6211	342.7000046
6212	342.7000046
6213	342.5000012
6214	342.4000144
6215	342.4000144
6216	342.7000046
6217	342.7000046
6218	342.7000046
6219	342.7999914
6220	342.7000046
6221	342.7000046
6222	342.7999914
6223	342.9999948
6224	342.7999914
6225	342.900008
6226	342.900008
6227	342.900008
6228	342.9999948
6229	343.1999981
6230	343.1999981
6231	343.3000147
6232	343.1999981
6233	343.3000147
6234	343.1000113
6235	342.9999948
6236	343.1000113
6237	343.1000113
6238	342.9999948
6239	343.1000113
6240	342.900008
6241	342.900008
6242	343.1000113
6243	342.9999948
6244	343.1000113
6245	343.1000113
6246	343.3000147
6247	343.1000113
6248	343.3000147
6249	343.3000147
6250	343.1000113
6251	343.3000147
6252	343.3000147
6253	343.4000015
6254	343.1999981
6255	342.7000046
6256	342.5000012
6257	342.7000046
6258	342.599988
6259	342.5000012
6260	342.7999914
6261	343.1000113
6262	343.4000015
6263	343.4999883
6264	343.6000049
6265	343.8000083
6266	344.3999887
6267	344.9999988
6268	344.9999988
6269	345.2000022
6270	345.600009
6271	345.4999924
6272	345.4999924
6273	345.600009
6274	345.4999924
6275	345.4999924
6276	345.4999924
6277	345.4000056
6278	345.2000022
6279	344.9999988
6280	344.9999988
6281	344.900012
6282	344.7999954
6283	344.7000086
6284	344.9999988
6285	344.7000086
6286	344.599992
6287	344.5000052
6288	344.3999887
6289	344.5000052
6290	344.599992
6291	344.7000086
6292	344.5000052
6293	344.7999954
6294	345.0999856
6295	344.9999988
6296	345.2000022
6297	345.4000056
6298	345.299989
6299	345.299989
6300	345.299989
6301	344.9999988
6302	344.7000086
6303	344.7000086
6304	344.9999988
6305	344.7999954
6306	344.7999954
6307	344.900012
6308	344.9999988
6309	344.900012
6310	344.9999988
6311	344.9999988
6312	345.0999856
6313	345.0999856
6314	345.299989
6315	345.0999856
6316	344.7000086
6317	344.5000052
6318	344.5000052
6319	344.3999887
6320	344.3000019
6321	344.3000019
6322	344.1999853
6323	344.0999985
6324	344.3000019
6325	344.3000019
6326	344.599992
6327	344.7999954
6328	344.7000086
6329	344.7000086
6330	344.900012
6331	345.0999856
6332	345.0999856
6333	344.9999988
6334	345.299989
6335	345.2000022
6336	344.9999988
6337	345.2000022
6338	344.7000086
6339	344.7000086
6340	344.5000052
6341	344.7000086
6342	344.9999988
6343	344.900012
6344	345.0999856
6345	345.0999856
6346	344.9999988
6347	344.7999954
6348	344.9999988
6349	344.900012
6350	344.599992
6351	344.599992
6352	344.7000086
6353	344.3999887
6354	344.1999853
6355	344.3999887
6356	344.0999985
6357	344.3000019
6358	344.0000117
6359	344.3000019
6360	344.3999887
6361	344.3999887
6362	344.1999853
6363	344.0000117
6364	344.3000019
6365	344.3000019
6366	344.1999853
6367	344.1999853
6368	344.3000019
6369	344.1999853
6370	344.0999985
6371	344.0000117
6372	344.3000019
6373	344.0999985
6374	344.1999853
6375	344.1999853
6376	344.3999887
6377	344.7000086
6378	344.3999887
6379	344.3999887
6380	344.0000117
6381	343.6999917
6382	343.8999951
6383	344.0999985
6384	344.1999853
6385	344.5000052
6386	344.3000019
6387	344.3999887
6388	344.1999853
6389	344.3999887
6390	344.3999887
6391	344.3000019
6392	344.0999985
6393	343.8999951
6394	343.6999917
6395	343.6999917
6396	343.8999951
6397	344.0000117
6398	344.3000019
6399	344.1999853
6400	344.3999887
6401	344.5000052
6402	344.3999887
6403	344.1999853
6404	344.1999853
6405	344.0000117
6406	344.0000117
6407	344.0999985
6408	344.1999853
6409	344.3999887
6410	344.3999887
6411	344.1999853
6412	344.0000117
6413	343.6999917
6414	343.4000015
6415	343.3000147
6416	343.1999981
6417	343.4000015
6418	343.6000049
6419	343.8999951
6420	344.0999985
6421	344.0999985
6422	344.3999887
6423	344.3000019
6424	344.5000052
6425	344.3999887
6426	344.3999887
6427	344.599992
6428	344.5000052
6429	344.7999954
6430	344.7999954
6431	344.9999988
6432	344.9999988
6433	345.2000022
6434	345.299989
6435	345.299989
6436	345.600009
6437	345.4999924
6438	345.8000124
6439	345.9999859
6440	345.9999859
6441	346.1999893
6442	345.8999991
6443	345.299989
6444	344.7000086
6445	343.4000015
6446	341.8000042
6447	340.0000036
6448	339.1000032
6449	337.199986
6450	335.5000019
6451	334.1999948
6452	333.7000012
6453	332.5999975
6454	332.1999907
6455	332.1999907
6456	332.1999907
6457	332.3999941
6458	332.8000009
6459	333.0999911
6460	333.7000012
6461	334.1999948
6462	334.6999884
6463	335.2000117
6464	335.7000053
6465	336.499989
6466	337.0000124
6467	337.199986
6468	337.3999894
6469	338.2000029
6470	338.4999931
6471	338.6000097
6472	338.8000131
6473	339.3000066
6474	339.3999934
6475	339.5999968
6476	339.5999968
6477	340.200007
6478	340.200007
6479	340.2999938
6480	340.2999938
6481	340.4000103
6482	340.6000137
6483	340.7000005
6484	340.9000039
6485	341.1000073
6486	341.1000073
6487	341.1999941
6488	341.3000107
6489	341.3000107
6490	341.5000141
6491	341.3999975
6492	341.5000141
6493	341.3999975
6494	341.3999975
6495	341.5000141
6496	341.3000107
6497	341.1999941
6498	341.1999941
6499	341.1000073
6500	341.1999941
6501	341.3999975
6502	341.1000073
6503	341.5000141
6504	341.1999941
6505	341.5000141
6506	341.3000107
6507	341.1000073
6508	341.3000107
6509	341.1000073
6510	341.1000073
6511	341.1000073
6512	341.1000073
6513	341.1000073
6514	341.3000107
6515	341.3000107
6516	341.5000141
6517	341.6000009
6518	341.5000141
6519	341.6999876
6520	341.8000042
6521	341.6000009
6522	341.8000042
6523	341.6000009
6524	341.8000042
6525	341.8000042
6526	341.8000042
6527	341.5000141
6528	341.6000009
6529	341.8000042
6530	341.899991
6531	341.899991
6532	341.8000042
6533	341.8000042
6534	341.5000141
6535	341.5000141
6536	341.5000141
6537	341.3000107
6538	341.5000141
6539	341.3999975
6540	341.5000141
6541	341.6999876
6542	341.5000141
6543	341.5000141
6544	341.3999975
6545	341.6000009
6546	341.5000141
6547	341.5000141
6548	341.8000042
6549	341.8000042
6550	341.899991
6551	341.899991
6552	341.6999876
6553	341.5000141
6554	341.8000042
6555	341.8000042
6556	341.5000141
6557	341.6000009
6558	341.5000141
6559	341.6000009
6560	341.8000042
6561	341.8000042
6562	341.6999876
6563	341.6999876
6564	341.8000042
6565	341.6000009
6566	341.6000009
6567	341.5000141
6568	341.3999975
6569	341.3999975
6570	341.5000141
6571	341.6000009
6572	341.3999975
6573	341.6999876
6574	341.6000009
6575	341.6000009
6576	341.3999975
6577	341.6999876
6578	341.6000009
6579	341.3999975
6580	341.5000141
6581	341.6000009
6582	341.8000042
6583	341.6000009
6584	341.8000042
6585	341.6999876
6586	342.0000076
6587	341.899991
6588	342.0000076
6589	342.0000076
6590	341.899991
6591	341.8000042
6592	342.0999944
6593	341.8000042
6594	342.0000076
6595	341.8000042
6596	341.8000042
6597	341.8000042
6598	341.8000042
6599	342.0000076
6600	342.0000076
6601	342.0999944
6602	342.2999978
6603	342.4000144
6604	342.200011
6605	342.4000144
6606	342.200011
6607	342.2999978
6608	342.200011
6609	342.2999978
6610	342.4000144
6611	342.0999944
6612	342.4000144
6613	342.2999978
6614	342.4000144
6615	342.4000144
6616	342.4000144
6617	342.200011
6618	342.0999944
6619	342.0999944
6620	342.2999978
6621	342.0999944
6622	342.200011
6623	342.200011
6624	342.2999978
6625	342.4000144
6626	342.599988
6627	342.4000144
6628	342.5000012
6629	342.7000046
6630	342.2999978
6631	342.4000144
6632	342.2999978
6633	342.4000144
6634	342.0999944
6635	342.200011
6636	342.2999978
6637	341.899991
6638	342.0999944
6639	342.0999944
6640	342.2999978
6641	342.0000076
6642	341.899991
6643	341.8000042
6644	341.8000042
6645	341.899991
6646	341.899991
6647	341.899991
6648	341.899991
6649	341.899991
6650	341.6999876
6651	341.899991
6652	342.0000076
6653	341.6999876
6654	341.8000042
6655	341.6000009
6656	341.5000141
6657	341.5000141
6658	341.3999975
6659	341.5000141
6660	341.3000107
6661	341.6999876
6662	341.3999975
6663	341.1000073
6664	341.5000141
6665	341.3000107
6666	341.5000141
6667	341.6000009
6668	341.3999975
6669	341.3999975
6670	341.1999941
6671	341.1999941
6672	341.3000107
6673	341.1999941
6674	341.3000107
6675	341.5000141
6676	341.5000141
6677	341.3000107
6678	341.1000073
6679	341.3000107
6680	341.1000073
6681	341.1000073
6682	341.1999941
6683	341.1000073
6684	341.3999975
6685	341.3999975
6686	341.3000107
6687	341.5000141
6688	341.5000141
6689	341.6000009
6690	341.3999975
6691	341.3999975
6692	341.3000107
6693	341.1000073
6694	341.3999975
6695	341.1000073
6696	341.1999941
6697	341.3000107
6698	340.7999873
6699	341.1999941
6700	340.9999907
6701	340.9999907
6702	341.1000073
6703	340.9999907
6704	341.1000073
6705	341.1000073
6706	341.1000073
6707	341.1000073
6708	341.1000073
6709	341.5000141
6710	341.1999941
6711	341.3999975
6712	341.1999941
6713	341.1000073
6714	341.5000141
6715	341.1999941
6716	341.3000107
6717	341.1000073
6718	341.1000073
6719	341.3000107
6720	341.1000073
6721	341.3000107
6722	341.1000073
6723	341.5000141
6724	341.3999975
6725	340.9999907
6726	340.9000039
6727	340.7000005
6728	340.7000005
6729	340.7000005
6730	340.4999971
6731	340.7000005
6732	340.4999971
6733	340.7000005
6734	340.6000137
6735	340.7000005
6736	340.9999907
6737	341.1000073
6738	341.1999941
6739	341.3000107
6740	341.6000009
6741	341.6000009
6742	342.0000076
6743	342.0000076
6744	342.0999944
6745	342.0999944
6746	342.0999944
6747	342.0000076
6748	341.899991
6749	342.4000144
6750	342.0999944
6751	342.4000144
6752	342.7999914
6753	342.900008
6754	342.900008
6755	342.7999914
6756	342.900008
6757	342.7000046
6758	342.7000046
6759	342.2999978
6760	342.4000144
6761	342.7000046
6762	342.9999948
6763	343.1000113
6764	343.1000113
6765	342.9999948
6766	342.7999914
6767	342.7999914
6768	342.9999948
6769	343.3000147
6770	343.1000113
6771	343.1000113
6772	342.9999948
6773	342.900008
6774	343.1000113
6775	343.3000147
6776	343.1999981
6777	343.3000147
6778	343.4000015
6779	343.3000147
6780	343.4999883
6781	343.6999917
6782	343.6999917
6783	343.6000049
6784	343.4000015
6785	343.6999917
6786	343.3000147
6787	343.6000049
6788	343.6000049
6789	343.8000083
6790	343.8000083
6791	343.6999917
6792	343.4999883
6793	343.4999883
6794	343.1000113
6795	343.1000113
6796	343.1000113
6797	343.4000015
6798	343.4000015
6799	343.4000015
6800	343.4000015
6801	343.1000113
6802	343.4000015
6803	343.3000147
6804	343.3000147
6805	343.4000015
6806	343.1000113
6807	343.1000113
6808	342.9999948
6809	342.9999948
6810	343.1000113
6811	343.1000113
6812	343.1000113
6813	343.1999981
6814	343.3000147
6815	343.1000113
6816	342.7999914
6817	342.7000046
6818	343.1999981
6819	343.4000015
6820	343.1999981
6821	342.9999948
6822	342.9999948
6823	342.900008
6824	342.900008
6825	342.9999948
6826	342.7000046
6827	342.900008
6828	342.7000046
6829	343.1000113
6830	343.4000015
6831	343.6999917
6832	343.3000147
6833	343.6000049
6834	343.4000015
6835	343.6999917
6836	343.3000147
6837	343.4999883
6838	343.4000015
6839	343.6999917
6840	343.4000015
6841	343.4000015
6842	343.3000147
6843	343.4000015
6844	343.4999883
6845	343.4000015
6846	343.4000015
6847	343.6999917
6848	343.4000015
6849	343.6000049
6850	343.6999917
6851	343.8999951
6852	343.8999951
6853	344.0000117
6854	343.8999951
6855	344.1999853
6856	344.1999853
6857	344.0999985
6858	344.0999985
6859	344.0000117
6860	343.8999951
6861	344.0000117
6862	343.8999951
6863	344.0000117
6864	344.0999985
6865	343.8999951
6866	343.6000049
6867	343.6000049
6868	343.6999917
6869	343.4999883
6870	343.8000083
6871	343.6999917
6872	343.8000083
6873	343.6999917
6874	343.8999951
6875	343.8999951
6876	343.8999951
6877	343.8999951
6878	344.0000117
6879	344.0999985
6880	344.0999985
6881	344.0000117
6882	344.0000117
6883	344.0000117
6884	344.0000117
6885	344.0000117
6886	344.0000117
6887	343.8999951
6888	344.0999985
6889	344.0000117
6890	344.5000052
6891	344.5000052
6892	344.7000086
6893	344.7000086
6894	344.599992
6895	344.7000086
6896	344.7999954
6897	344.9999988
6898	344.9999988
6899	345.0999856
6900	344.9999988
6901	344.7000086
6902	344.5000052
6903	344.3000019
6904	344.599992
6905	344.9999988
6906	344.7999954
6907	344.900012
6908	344.7999954
6909	344.9999988
6910	345.299989
6911	345.600009
6912	345.8999991
6913	345.9999859
6914	345.600009
6915	345.299989
6916	344.7000086
6917	343.6999917
6918	343.1000113
6919	341.1000073
6920	339.3000066
6921	337.3000026
6922	336.4000022
6923	334.6999884
6924	333.4999979
6925	332.7000141
6926	332.3999941
6927	332.3999941
6928	332.3999941
6929	332.5000107
6930	332.8000009
6931	333.2999945
6932	333.799988
6933	334.1999948
6934	334.6999884
6935	335.2999985
6936	335.9000087
6937	336.1999989
6938	336.499989
6939	337.199986
6940	337.5999928
6941	337.9000127
6942	337.9999995
6943	338.4000063
6944	338.6000097
6945	338.8999999
6946	338.9999866
6947	339.50001
6948	339.50001
6949	339.7000134
6950	339.7000134
6951	340.0999904
6952	340.0000036
6953	340.0000036
6954	340.4000103
6955	340.4999971
6956	340.6000137
6957	340.4999971
6958	340.7000005
6959	340.9000039
6960	340.9000039
6961	340.7999873
6962	341.3000107
6963	341.1999941
6964	341.3999975
6965	341.3000107
6966	341.3999975
6967	341.5000141
6968	341.6000009
6969	341.8000042
6970	341.6000009
6971	341.6999876
6972	341.8000042
6973	341.8000042
6974	341.8000042
6975	341.899991
6976	341.8000042
6977	341.899991
6978	342.0000076
6979	341.899991
6980	341.899991
6981	342.0000076
6982	342.0999944
6983	342.0999944
6984	342.0000076
6985	342.0999944
6986	342.0999944
6987	342.200011
6988	342.0000076
6989	342.200011
6990	341.899991
6991	342.0000076
6992	341.8000042
6993	341.8000042
6994	341.6000009
6995	341.5000141
6996	341.8000042
6997	341.8000042
6998	341.8000042
6999	342.0999944
7000	342.0999944
7001	341.899991
7002	342.0999944
7003	342.0999944
7004	342.0000076
7005	342.0000076
7006	342.0000076
7007	342.2999978
7008	342.0999944
7009	342.200011
7010	341.899991
7011	341.899991
7012	342.0000076
7013	341.8000042
7014	342.0999944
7015	342.0999944
7016	342.2999978
7017	342.0999944
7018	342.0999944
7019	342.0999944
7020	342.2999978
7021	342.0999944
7022	342.0999944
7023	342.0999944
7024	342.0999944
7025	342.0999944
7026	342.0000076
7027	342.0000076
7028	342.0000076
7029	342.0999944
7030	342.200011
7031	341.899991
7032	342.0000076
7033	342.0000076
7034	342.0000076
7035	341.899991
7036	341.6999876
7037	341.8000042
7038	341.8000042
7039	341.8000042
7040	342.0999944
7041	341.899991
7042	341.8000042
7043	341.8000042
7044	341.6999876
7045	341.899991
7046	341.899991
7047	341.899991
7048	342.0999944
7049	341.8000042
7050	341.8000042
7051	341.8000042
7052	341.899991
7053	342.0999944
7054	341.899991
7055	341.899991
7056	342.0000076
7057	341.899991
7058	342.0000076
7059	342.0999944
7060	341.899991
7061	342.0000076
7062	341.8000042
7063	341.6000009
7064	341.6999876
7065	341.6999876
7066	341.6000009
7067	341.6999876
7068	341.899991
7069	341.6999876
7070	341.8000042
7071	341.8000042
7072	341.5000141
7073	341.8000042
7074	341.6999876
7075	341.6999876
7076	341.8000042
7077	341.6000009
7078	341.1999941
7079	341.5000141
7080	341.3000107
7081	341.5000141
7082	341.5000141
7083	341.3000107
7084	341.5000141
7085	341.8000042
7086	341.6999876
7087	341.6000009
7088	341.6999876
7089	341.5000141
7090	341.5000141
7091	341.5000141
7092	341.6000009
7093	341.8000042
7094	341.6000009
7095	341.3999975
7096	341.5000141
7097	341.6000009
7098	341.5000141
7099	341.6999876
7100	341.6000009
7101	341.5000141
7102	341.6000009
7103	341.6000009
7104	341.5000141
7105	341.6000009
7106	341.8000042
7107	341.5000141
7108	341.8000042
7109	341.899991
7110	341.6999876
7111	341.8000042
7112	341.6000009
7113	341.6000009
7114	341.6999876
7115	341.6999876
7116	341.6999876
7117	341.6999876
7118	341.8000042
7119	341.6000009
7120	341.6999876
7121	341.8000042
7122	341.8000042
7123	341.8000042
7124	341.8000042
7125	341.899991
7126	341.8000042
7127	341.8000042
7128	341.899991
7129	342.0999944
7130	342.0000076
7131	341.899991
7132	342.0000076
7133	342.0999944
7134	342.0000076
7135	342.0999944
7136	342.200011
7137	342.0000076
7138	342.0000076
7139	342.0000076
7140	341.8000042
7141	342.0000076
7142	342.0000076
7143	342.0000076
7144	341.8000042
7145	341.8000042
7146	342.0000076
7147	342.0999944
7148	341.8000042
7149	341.8000042
7150	341.8000042
7151	342.0000076
7152	342.0000076
7153	342.0999944
7154	342.0000076
7155	342.0999944
7156	342.0999944
7157	342.200011
7158	342.200011
7159	342.0999944
7160	342.4000144
7161	342.4000144
7162	342.0999944
7163	342.0999944
7164	342.200011
7165	342.0999944
7166	342.0999944
7167	342.0999944
7168	342.200011
7169	342.0999944
7170	341.899991
7171	342.0999944
7172	342.0000076
7173	342.0999944
7174	342.200011
7175	342.200011
7176	342.200011
7177	342.200011
7178	342.0000076
7179	341.899991
7180	342.0999944
7181	341.899991
7182	342.0999944
7183	341.899991
7184	342.0999944
7185	342.0999944
7186	342.0999944
7187	342.0999944
7188	342.4000144
7189	342.200011
7190	342.200011
7191	342.2999978
7192	342.4000144
7193	342.2999978
7194	342.4000144
7195	342.4000144
7196	342.2999978
7197	342.200011
7198	342.5000012
7199	342.200011
7200	342.0999944
7201	342.0999944
7202	342.0999944
7203	342.0000076
7204	342.0999944
7205	342.2999978
7206	342.4000144
7207	342.0999944
7208	342.2999978
7209	342.0999944
7210	342.200011
7211	342.5000012
7212	342.7999914
7213	342.7000046
7214	343.1000113
7215	343.4000015
7216	343.4000015
7217	343.3000147
7218	343.4999883
7219	343.6999917
7220	343.6999917
7221	343.8999951
7222	344.0000117
7223	343.6999917
7224	343.6999917
7225	343.8000083
7226	343.8000083
7227	344.0000117
7228	343.8999951
7229	343.6999917
7230	343.4000015
7231	343.6999917
7232	343.6000049
7233	343.6999917
7234	344.0000117
7235	344.0000117
7236	343.8000083
7237	343.8999951
7238	343.6999917
7239	343.4000015
7240	343.4999883
7241	343.6999917
7242	343.6999917
7243	343.4000015
7244	343.4999883
7245	343.6000049
7246	343.4000015
7247	343.6000049
7248	343.6000049
7249	343.8000083
7250	343.6999917
7251	343.6000049
7252	343.6999917
7253	343.4000015
7254	343.6000049
7255	343.6999917
7256	343.4999883
7257	343.4999883
7258	343.6999917
7259	343.4000015
7260	343.3000147
7261	343.1999981
7262	343.4000015
7263	343.4000015
7264	343.4000015
7265	343.3000147
7266	343.1999981
7267	343.3000147
7268	343.1999981
7269	343.1999981
7270	343.3000147
7271	343.3000147
7272	343.3000147
7273	342.9999948
7274	342.900008
7275	343.1000113
7276	343.1000113
7277	343.4000015
7278	343.4999883
7279	343.4000015
7280	343.4999883
7281	343.4999883
7282	343.4000015
7283	343.4000015
7284	343.6000049
7285	343.6999917
7286	343.4000015
7287	343.4000015
7288	343.6999917
7289	343.4000015
7290	343.4000015
7291	343.6000049
7292	343.4999883
7293	343.6999917
7294	343.4000015
7295	343.4000015
7296	343.4000015
7297	343.3000147
7298	343.3000147
7299	343.3000147
7300	343.6999917
7301	343.6999917
7302	343.6999917
7303	343.8999951
7304	344.0000117
7305	344.0000117
7306	344.1999853
7307	344.3000019
7308	344.3000019
7309	343.8999951
7310	344.0000117
7311	344.0000117
7312	344.0000117
7313	344.0000117
7314	344.3999887
7315	344.3999887
7316	344.7000086
7317	344.3999887
7318	344.3999887
7319	344.3999887
7320	344.3000019
7321	344.5000052
7322	344.3999887
7323	344.3000019
7324	344.0999985
7325	344.0000117
7326	344.0000117
7327	343.8999951
7328	343.8000083
7329	343.6999917
7330	344.0000117
7331	344.0000117
7332	343.6999917
7333	343.6999917
7334	343.6999917
7335	344.0000117
7336	343.8999951
7337	343.6999917
7338	343.8000083
7339	344.1999853
7340	344.0000117
7341	344.1999853
7342	344.0999985
7343	344.3000019
7344	343.8000083
7345	344.0000117
7346	343.8999951
7347	344.0000117
7348	343.6999917
7349	343.6999917
7350	343.8999951
7351	343.8999951
7352	343.6999917
7353	343.6000049
7354	343.6999917
7355	343.4999883
7356	343.4999883
7357	343.6999917
7358	343.6000049
7359	343.6999917
7360	343.6999917
7361	344.0000117
7362	343.6999917
7363	343.6000049
7364	343.6999917
7365	344.0000117
7366	344.0000117
7367	343.6999917
7368	343.8000083
7369	343.8000083
7370	343.6999917
7371	343.8000083
7372	343.8999951
7373	343.8999951
7374	343.8999951
7375	343.8999951
7376	343.8000083
7377	343.8999951
7378	344.0999985
7379	344.0999985
7380	344.3999887
7381	344.5000052
7382	344.7000086
7383	344.900012
7384	345.299989
7385	345.4999924
7386	345.6999958
7387	345.8000124
7388	345.2000022
7389	344.9999988
7390	344.0000117
7391	342.5000012
7392	340.4999971
7393	339.7000134
7394	337.5999928
7395	335.9999955
7396	335.3999853
7397	334.3999982
7398	333.7000012
7399	333.4999979
7400	333.4000111
7401	333.6000144
7402	334.100008
7403	334.1999948
7404	334.6000016
7405	335.2000117
7406	335.7999921
7407	336.6999924
7408	337.0000124
7409	337.0999992
7410	337.9000127
7411	338.0999863
7412	338.4000063
7413	339.1000032
7414	339.3999934
7415	339.7000134
7416	340.0000036
7417	340.0000036
7418	340.200007
7419	340.2999938
7420	340.7000005
7421	340.7999873
7422	341.1000073
7423	341.1999941
7424	341.1999941
7425	341.3000107
7426	341.5000141
7427	341.5000141
7428	341.6999876
7429	341.6000009
7430	341.8000042
7431	341.8000042
7432	341.8000042
7433	341.8000042
7434	341.8000042
7435	341.8000042
7436	342.0999944
7437	342.0999944
7438	342.2999978
7439	342.200011
7440	342.200011
7441	342.4000144
7442	342.4000144
7443	342.5000012
7444	342.4000144
7445	342.599988
7446	342.5000012
7447	342.5000012
7448	342.7000046
7449	342.5000012
7450	342.5000012
7451	342.7000046
7452	342.5000012
7453	342.7000046
7454	342.7000046
7455	342.7000046
7456	342.599988
7457	342.5000012
7458	342.7000046
7459	342.599988
7460	342.599988
7461	342.4000144
7462	342.4000144
7463	342.5000012
7464	342.5000012
7465	342.5000012
7466	342.7000046
7467	342.7000046
7468	342.7000046
7469	342.7000046
7470	342.7000046
7471	342.4000144
7472	342.4000144
7473	342.5000012
7474	342.5000012
7475	342.7000046
7476	342.4000144
7477	342.599988
7478	342.7000046
7479	342.4000144
7480	342.5000012
7481	342.2999978
7482	342.4000144
7483	342.5000012
7484	342.4000144
7485	342.4000144
7486	342.4000144
7487	342.4000144
7488	342.4000144
7489	342.200011
7490	342.4000144
7491	342.2999978
7492	342.4000144
7493	342.4000144
7494	342.4000144
7495	342.5000012
7496	342.599988
7497	342.4000144
7498	342.4000144
7499	342.599988
7500	342.599988
7501	342.4000144
7502	342.5000012
7503	342.4000144
7504	342.5000012
7505	342.4000144
7506	342.2999978
7507	342.5000012
7508	342.0999944
7509	342.5000012
7510	342.200011
7511	342.0999944
7512	342.0999944
7513	342.4000144
7514	342.0999944
7515	342.2999978
7516	342.4000144
7517	342.4000144
7518	342.0999944
7519	342.2999978
7520	342.4000144
7521	342.4000144
7522	342.4000144
7523	342.2999978
7524	342.4000144
7525	342.2999978
7526	342.4000144
7527	342.599988
7528	342.4000144
7529	342.7000046
7530	342.4000144
7531	342.2999978
7532	342.200011
7533	342.2999978
7534	342.4000144
7535	342.200011
7536	342.200011
7537	342.0999944
7538	342.2999978
7539	342.2999978
7540	342.4000144
7541	342.0999944
7542	342.0999944
7543	342.4000144
7544	342.2999978
7545	342.5000012
7546	342.4000144
7547	342.200011
7548	342.2999978
7549	342.4000144
7550	342.0999944
7551	342.0999944
7552	342.0999944
7553	342.0999944
7554	342.2999978
7555	342.4000144
7556	342.2999978
7557	342.2999978
7558	342.599988
7559	342.4000144
7560	342.4000144
7561	342.2999978
7562	342.4000144
7563	342.4000144
7564	342.200011
7565	342.4000144
7566	342.200011
7567	342.0999944
7568	342.2999978
7569	342.2999978
7570	342.200011
7571	342.2999978
7572	342.200011
7573	342.0999944
7574	342.2999978
7575	342.0000076
7576	342.200011
7577	342.0999944
7578	342.0999944
7579	342.200011
7580	342.200011
7581	342.0999944
7582	342.0000076
7583	341.899991
7584	341.899991
7585	342.0999944
7586	341.899991
7587	342.0999944
7588	342.0000076
7589	341.8000042
7590	342.0000076
7591	342.0000076
7592	341.899991
7593	342.0999944
7594	342.0000076
7595	341.899991
7596	341.899991
7597	342.0999944
7598	342.0999944
7599	341.899991
7600	342.2999978
7601	342.0999944
7602	342.0000076
7603	342.0999944
7604	342.0000076
7605	342.2999978
7606	342.0999944
7607	342.200011
7608	342.0999944
7609	342.4000144
7610	342.0000076
7611	342.0999944
7612	341.899991
7613	341.8000042
7614	341.8000042
7615	342.0000076
7616	342.0000076
7617	341.8000042
7618	342.0000076
7619	341.899991
7620	342.0000076
7621	341.8000042
7622	341.899991
7623	341.899991
7624	341.8000042
7625	341.8000042
7626	342.0000076
7627	342.0000076
7628	342.0000076
7629	342.200011
7630	342.0999944
7631	342.0000076
7632	342.0999944
7633	342.0000076
7634	342.0000076
7635	342.2999978
7636	342.200011
7637	342.0000076
7638	342.0999944
7639	342.0999944
7640	342.0999944
7641	342.0999944
7642	342.2999978
7643	342.2999978
7644	342.2999978
7645	342.4000144
7646	342.5000012
7647	342.2999978
7648	342.4000144
7649	342.4000144
7650	342.4000144
7651	342.4000144
7652	342.5000012
7653	342.2999978
7654	342.4000144
7655	342.200011
7656	342.200011
7657	342.4000144
7658	342.4000144
7659	342.2999978
7660	342.4000144
7661	342.4000144
7662	342.599988
7663	342.4000144
7664	342.599988
7665	342.5000012
7666	342.200011
7667	342.2999978
7668	342.4000144
7669	342.200011
7670	342.2999978
7671	342.4000144
7672	342.4000144
7673	342.0999944
7674	342.0000076
7675	341.8000042
7676	341.6000009
7677	341.6000009
7678	341.6000009
7679	341.1999941
7680	341.1000073
7681	341.1000073
7682	341.3000107
7683	341.5000141
7684	341.6000009
7685	341.8000042
7686	342.200011
7687	342.0999944
7688	342.599988
7689	343.1000113
7690	343.1000113
7691	343.1999981
7692	343.4999883
7693	343.4000015
7694	343.1999981
7695	343.1000113
7696	343.4000015
7697	343.4000015
7698	343.6000049
7699	343.4999883
7700	343.6000049
7701	343.8000083
7702	343.6999917
7703	343.8000083
7704	343.6999917
7705	343.6000049
7706	343.6000049
7707	343.4000015
7708	343.3000147
7709	343.1000113
7710	343.1000113
7711	343.1000113
7712	343.1000113
7713	342.9999948
7714	343.1999981
7715	343.4999883
7716	343.4000015
7717	343.4000015
7718	343.4000015
7719	343.1000113
7720	343.1999981
7721	342.9999948
7722	343.1000113
7723	342.7999914
7724	343.1999981
7725	342.9999948
7726	343.1000113
7727	342.7999914
7728	343.1000113
7729	343.1999981
7730	343.3000147
7731	343.4000015
7732	343.4999883
7733	343.4000015
7734	343.4999883
7735	343.6999917
7736	343.4000015
7737	343.3000147
7738	343.3000147
7739	343.4000015
7740	343.4999883
7741	343.6000049
7742	343.6000049
7743	343.4999883
7744	343.6999917
7745	343.6999917
7746	343.4000015
7747	343.4999883
7748	343.4999883
7749	343.4999883
7750	343.4999883
7751	343.6999917
7752	343.4999883
7753	343.4999883
7754	343.3000147
7755	343.3000147
7756	343.1999981
7757	342.9999948
7758	342.9999948
7759	343.1000113
7760	343.1000113
7761	343.6000049
7762	343.6999917
7763	343.8000083
7764	343.6999917
7765	343.8000083
7766	343.6999917
7767	343.4999883
7768	343.6999917
7769	343.4000015
7770	343.6000049
7771	343.6000049
7772	343.6000049
7773	343.4999883
7774	343.4000015
7775	343.4999883
7776	343.6999917
7777	343.6000049
7778	343.6000049
7779	343.6999917
7780	343.6999917
7781	343.4999883
7782	343.6999917
7783	343.6000049
7784	343.6000049
7785	343.6999917
7786	343.4999883
7787	343.4000015
7788	343.4000015
7789	343.4000015
7790	343.6999917
7791	343.6999917
7792	343.6999917
7793	343.8000083
7794	343.8999951
7795	343.6999917
7796	343.6999917
7797	344.0000117
7798	344.0000117
7799	343.8000083
7800	343.6999917
7801	343.4000015
7802	343.4000015
7803	343.4000015
7804	343.1000113
7805	343.4000015
7806	343.6000049
7807	343.6999917
7808	343.6999917
7809	343.6999917
7810	343.8999951
7811	343.6999917
7812	343.4999883
7813	343.4000015
7814	343.4000015
7815	343.4000015
7816	343.6999917
7817	343.6999917
7818	343.6999917
7819	343.6000049
7820	343.6999917
7821	343.8000083
7822	343.6999917
7823	343.8000083
7824	343.8000083
7825	343.6999917
7826	343.4999883
7827	343.6000049
7828	343.6999917
7829	343.6999917
7830	343.8999951
7831	343.8000083
7832	343.4999883
7833	343.4999883
7834	343.1999981
7835	343.6999917
7836	343.4999883
7837	343.4999883
7838	343.6999917
7839	343.8000083
7840	343.6000049
7841	343.4999883
7842	343.4000015
7843	343.4000015
7844	343.6000049
7845	343.6999917
7846	343.6999917
7847	343.8000083
7848	343.6000049
7849	343.4000015
7850	343.6999917
7851	343.8999951
7852	343.8000083
7853	344.0999985
7854	344.5000052
7855	344.599992
7856	344.7999954
7857	345.299989
7858	345.6999958
7859	345.600009
7860	345.6999958
7861	345.600009
7862	344.9999988
7863	344.5000052
7864	343.1999981
7865	341.5000141
7866	339.5999968
7867	338.6999965
7868	337.0000124
7869	335.7999921
7870	334.5000148
7871	334.100008
7872	333.6000144
7873	333.6000144
7874	333.4999979
7875	333.4999979
7876	333.9999914
7877	334.6999884
7878	335.2999985
7879	335.5999887
7880	335.9999955
7881	336.6000056
7882	336.800009
7883	337.0000124
7884	337.5999928
7885	338.2000029
7886	338.6000097
7887	339.1000032
7888	339.50001
7889	339.899987
7890	340.2999938
7891	340.2999938
7892	340.6000137
7893	341.1999941
7894	341.3000107
7895	341.3999975
7896	341.5000141
7897	341.5000141
7898	341.8000042
7899	341.8000042
7900	342.0999944
7901	342.2999978
7902	342.4000144
7903	342.4000144
7904	342.5000012
7905	342.4000144
7906	342.5000012
7907	342.4000144
7908	342.5000012
7909	342.4000144
7910	342.599988
7911	342.7000046
7912	342.5000012
7913	342.5000012
7914	342.7000046
7915	342.7000046
7916	342.7000046
7917	342.7999914
7918	342.7000046
7919	342.7000046
7920	343.1000113
7921	343.1999981
7922	343.1000113
7923	343.1000113
7924	343.1000113
7925	343.1000113
7926	343.3000147
7927	343.4000015
7928	343.4000015
7929	343.4000015
7930	343.4000015
7931	343.4999883
7932	343.6000049
7933	343.6999917
7934	343.6000049
7935	343.6000049
7936	343.6999917
7937	343.6000049
7938	343.6999917
7939	343.4999883
7940	343.6000049
7941	343.6999917
7942	343.4999883
7943	343.4000015
7944	343.6999917
7945	343.6999917
7946	343.6999917
7947	343.4999883
7948	343.6000049
7949	343.6999917
7950	343.6000049
7951	343.4000015
7952	343.4000015
7953	343.4000015
7954	343.4000015
7955	343.4000015
7956	343.4000015
7957	343.4999883
7958	343.6000049
7959	343.6999917
7960	343.4999883
7961	343.4000015
7962	343.6999917
7963	343.6000049
7964	343.6999917
7965	343.4999883
7966	343.6000049
7967	343.6999917
7968	343.6999917
7969	343.6999917
7970	343.6000049
7971	343.4999883
7972	343.6000049
7973	343.4999883
7974	343.4999883
7975	343.1999981
7976	343.4000015
7977	343.4000015
7978	343.4000015
7979	343.4000015
7980	343.4000015
7981	343.6999917
7982	343.6000049
7983	343.4000015
7984	343.4999883
7985	343.4999883
7986	343.4000015
7987	343.1000113
7988	343.4000015
7989	343.4000015
7990	343.4000015
7991	343.3000147
7992	343.4000015
7993	343.4999883
7994	343.4000015
7995	343.3000147
7996	343.1000113
7997	343.3000147
7998	343.3000147
7999	343.4000015
8000	343.3000147
8001	343.4000015
8002	343.1999981
8003	343.4000015
8004	343.4000015
8005	343.4000015
8006	343.4000015
8007	343.3000147
8008	343.4999883
8009	343.3000147
8010	343.4000015
8011	343.4000015
8012	343.4000015
8013	343.3000147
8014	343.4999883
8015	343.6000049
8016	343.4999883
8017	343.3000147
8018	343.4000015
8019	343.4999883
8020	343.6000049
8021	343.4000015
8022	343.4000015
8023	343.3000147
8024	343.4000015
8025	343.4000015
8026	343.6000049
8027	343.6000049
8028	343.4999883
8029	343.4000015
8030	343.6999917
8031	343.6000049
8032	343.6000049
8033	343.4999883
8034	343.3000147
8035	343.6999917
8036	343.6000049
8037	343.4999883
8038	343.4000015
8039	343.4999883
8040	343.4000015
8041	343.4000015
8042	343.4000015
8043	343.4999883
8044	343.4000015
8045	343.4000015
8046	343.4999883
8047	343.6000049
8048	343.6000049
8049	343.6999917
8050	343.6999917
8051	343.6000049
8052	343.6999917
8053	343.6999917
8054	343.6999917
8055	343.6000049
8056	343.6000049
8057	343.6999917
8058	343.8000083
8059	344.0000117
8060	344.0000117
8061	343.6999917
8062	343.4999883
8063	343.4000015
8064	343.6999917
8065	343.6000049
8066	343.4000015
8067	343.4000015
8068	343.4999883
8069	343.4000015
8070	343.3000147
8071	343.3000147
8072	343.3000147
8073	343.4999883
8074	343.6000049
8075	343.6000049
8076	343.4000015
8077	343.4000015
8078	343.6999917
8079	343.8000083
8080	343.6999917
8081	343.4999883
8082	343.6000049
8083	343.8000083
8084	343.6999917
8085	343.8000083
8086	343.6999917
8087	343.8000083
8088	343.6999917
8089	343.6999917
8090	343.6999917
8091	343.4000015
8092	343.4000015
8093	343.6999917
8094	343.6000049
8095	343.4999883
8096	343.4999883
8097	343.4999883
8098	343.4000015
8099	343.6000049
8100	343.6000049
8101	343.6000049
8102	343.6000049
8103	343.6999917
8104	343.6000049
8105	343.6999917
8106	343.8000083
8107	343.6000049
8108	343.4000015
8109	343.6000049
8110	343.8000083
8111	343.6999917
8112	343.6999917
8113	343.6999917
8114	343.6999917
8115	343.8999951
8116	343.6999917
8117	343.8999951
8118	343.8999951
8119	343.6999917
8120	343.8000083
8121	343.8000083
8122	343.8999951
8123	343.8000083
8124	343.4999883
8125	343.4999883
8126	343.4999883
8127	343.6000049
8128	343.6999917
8129	343.4999883
8130	343.4999883
8131	343.6999917
8132	343.8000083
8133	343.6999917
8134	343.6999917
8135	343.8000083
8136	343.6999917
8137	343.8999951
8138	343.8000083
8139	343.6999917
8140	343.6999917
8141	343.6999917
8142	343.8000083
8143	343.6999917
8144	343.6999917
8145	343.8000083
8146	343.6999917
8147	343.6999917
8148	343.6999917
8149	343.4000015
8150	343.1999981
8151	343.6999917
8152	343.8999951
8153	343.8000083
8154	343.8999951
8155	343.8000083
8156	344.0000117
8157	344.0000117
8158	344.3000019
8159	344.599992
8160	344.3999887
8161	344.9999988
8162	344.9999988
8163	344.900012
8164	344.9999988
8165	344.7999954
8166	344.7999954
8167	344.900012
8168	344.9999988
8169	344.9999988
8170	345.0999856
8171	345.0999856
8172	345.2000022
8173	345.2000022
8174	345.299989
8175	345.0999856
8176	345.0999856
8177	344.9999988
8178	345.299989
8179	345.0999856
8180	344.9999988
8181	344.9999988
8182	344.9999988
8183	344.7999954
8184	344.7000086
8185	344.7000086
8186	344.599992
8187	344.3999887
8188	344.3999887
8189	344.7000086
8190	344.7999954
8191	344.7999954
8192	344.7000086
8193	344.599992
8194	344.7999954
8195	344.7000086
8196	344.9999988
8197	344.7999954
8198	344.5000052
8199	344.3999887
8200	344.1999853
8201	344.3999887
8202	344.3999887
8203	344.3999887
8204	344.599992
8205	344.3000019
8206	344.3000019
8207	344.3999887
8208	344.3999887
8209	344.3999887
8210	344.599992
8211	344.599992
8212	344.7000086
8213	344.9999988
8214	344.9999988
8215	344.900012
8216	344.7000086
8217	344.7000086
8218	344.7000086
8219	344.7999954
8220	344.7000086
8221	344.3999887
8222	344.3999887
8223	344.5000052
8224	344.3999887
8225	344.3999887
8226	344.0999985
8227	344.3000019
8228	344.3000019
8229	344.3999887
8230	344.3999887
8231	344.3999887
8232	344.3999887
8233	344.3999887
8234	344.7000086
8235	344.5000052
8236	344.3000019
8237	344.1999853
8238	344.3000019
8239	344.3000019
8240	344.1999853
8241	344.1999853
8242	344.0999985
8243	344.1999853
8244	344.1999853
8245	343.6999917
8246	344.0000117
8247	344.0000117
8248	343.8000083
8249	343.6999917
8250	343.6000049
8251	343.1000113
8252	343.1999981
8253	343.4000015
8254	343.1999981
8255	343.1000113
8256	343.1000113
8257	343.1000113
8258	343.4999883
8259	343.4999883
8260	343.8000083
8261	343.8000083
8262	344.0999985
8263	344.0000117
8264	344.0000117
8265	344.0000117
8266	344.0000117
8267	343.8000083
8268	343.8999951
8269	343.8999951
8270	343.6999917
8271	344.0000117
8272	343.8999951
8273	343.8999951
8274	343.8000083
8275	343.8999951
8276	343.6999917
8277	343.8000083
8278	343.8999951
8279	343.6000049
8280	343.8999951
8281	343.8999951
8282	343.8999951
8283	343.6999917
8284	343.8000083
8285	343.6999917
8286	343.8000083
8287	343.8999951
8288	343.6999917
8289	343.6000049
8290	343.6999917
8291	343.8000083
8292	343.6999917
8293	343.4999883
8294	343.6000049
8295	343.6999917
8296	343.6999917
8297	343.4999883
8298	343.6999917
8299	343.6999917
8300	343.6999917
8301	343.6999917
8302	343.6999917
8303	343.6999917
8304	343.6999917
8305	344.0000117
8306	344.0000117
8307	343.8000083
8308	343.8000083
8309	344.0000117
8310	343.8000083
8311	343.8999951
8312	344.0000117
8313	343.8000083
8314	343.8000083
8315	344.0000117
8316	344.0000117
8317	343.8999951
8318	344.0000117
8319	344.0000117
8320	344.0000117
8321	343.6999917
8322	343.6000049
8323	343.4999883
8324	343.6999917
8325	343.6000049
8326	343.4999883
8327	343.6000049
8328	343.8000083
8329	344.0000117
8330	344.0999985
8331	344.5000052
8332	344.7000086
8333	345.0999856
8334	344.900012
8335	344.7999954
8336	343.8000083
8337	342.2999978
8338	341.5000141
8339	339.7000134
8340	337.7999961
8341	337.0999992
8342	335.5999887
8343	334.5000148
8344	333.9999914
8345	333.6000144
8346	333.0999911
8347	333.2999945
8348	333.4000111
8349	333.7000012
8350	334.100008
8351	334.6000016
8352	335.2999985
8353	335.7000053
8354	336.6000056
8355	337.3000026
8356	337.5999928
8357	337.9000127
8358	338.4000063
8359	338.4999931
8360	339.1000032
8361	339.19999
8362	339.50001
8363	340.0000036
8364	340.200007
8365	340.2999938
8366	340.4999971
8367	340.7000005
8368	340.7999873
8369	341.1000073
8370	341.1999941
8371	341.1000073
8372	341.3000107
8373	341.6999876
8374	341.8000042
8375	341.899991
8376	342.0000076
8377	341.8000042
8378	342.0000076
8379	342.200011
8380	342.0999944
8381	342.2999978
8382	342.2999978
8383	342.2999978
8384	342.4000144
8385	342.4000144
8386	342.0999944
8387	342.0999944
8388	342.200011
8389	342.4000144
8390	342.4000144
8391	342.0999944
8392	342.2999978
8393	342.4000144
8394	342.4000144
8395	342.4000144
8396	342.2999978
8397	342.4000144
8398	342.599988
8399	342.7000046
8400	342.7000046
8401	342.7000046
8402	342.7000046
8403	342.7000046
8404	330.5999935
8405	329.6000063
8406	326.9999921
8407	325.5000114
8408	321.7999935
8409	317.7999854
8410	316.0000145
8411	312.5
8412	310.2000058
8413	310.6000125
8414	311.5000129
8415	314.0999973
8416	316.7999983
8417	319.2000091
8418	319.9999928
8419	319.9000061
8420	318.1999922
8421	315.4000044
8422	314.0000105
8423	311.1999929
8424	311.1999929
8425	314.0999973
8426	315.6999946
8427	319.0000057
8428	321.2000132
8429	321.3
8430	320.1000094
8431	317.6999986
8432	347.600013
8433	340.4999971
8434	336.6000056
8435	336.6999924
8436	338.0999863
8437	338.8999999
8438	340.4000103
8439	341.5000141
8440	342.200011
8441	342.7000046
8442	343.4000015
8443	343.6999917
8444	344.0999985
8445	344.0999985
8446	344.3000019
8447	344.5000052
8448	344.3999887
8449	344.3999887
8450	343.8999951
8451	343.4000015
8452	343.4000015
8453	342.7000046
8454	341.8000042
8455	340.4999971
8456	339.8000002
8457	338.6000097
8458	337.3000026
8459	335.9000087
8460	335.0999951
8461	333.7000012
8462	332.3999941
8463	331.4999938
8464	331.0000002
8465	329.8000097
8466	328.9000094
8467	327.8999925
8468	327.4999857
8469	326.700002
8470	326.000005
8471	325.3999949
8472	324.9999881
8473	324.8000145
8474	324.4999945
8475	324.0999877
8476	324.000001
8477	323.5000074
8478	323.3999908
8479	323.300004
8480	322.8999972
8481	322.6999938
8482	322.2000003
8483	321.9000101
8484	321.9000101
8485	322.1000135
8486	321.9000101
8487	321.7999935
8488	321.7999935
8489	321.7000067
8490	321.5999901
8491	321.3999867
8492	321.3999867
8493	321.0999966
8494	321.0000098
8495	320.8999932
8496	321.2000132
8497	321.3
8498	321.3999867
8499	321.3999867
8500	321.7999935
8501	321.5999901
8502	322.1000135
8503	321.7999935
8504	321.7000067
8505	321.5000033
8506	321.5000033
8507	321.5000033
8508	321.5000033
8509	321.5000033
8510	321.5999901
8511	321.5000033
8512	321.7999935
8513	321.9999969
8514	321.7999935
8515	321.9000101
8516	321.5999901
8517	321.5999901
8518	321.5000033
8519	321.7999935
8520	321.9999969
8521	321.9000101
8522	321.7999935
8523	322.1000135
8524	322.1000135
8525	322.2000003
8526	322.2000003
8527	322.4000037
8528	322.1000135
8529	322.2000003
8530	322.1000135
8531	322.2999871
8532	322.2999871
8533	322.4999905
8534	322.4999905
8535	322.4999905
8536	322.8000104
8537	322.6000071
8538	322.4999905
8539	322.4000037
8540	322.4999905
8541	322.8000104
8542	322.8999972
8543	323.1000006
8544	323.1000006
8545	323.1000006
8546	323.0000138