1	302.8999939
2	302.8999939
3	302.6700134
4	302.5899963
5	302.480011
6	302.4599915
7	302.5599976
8	302.6099854
9	302.6099854
10	302.6900024
11	302.730011
12	302.6099854
13	302.7900085
14	302.980011
15	302.9400024
16	302.9400024
17	302.9200134
18	302.8800049
19	302.8999939
20	302.8999939
21	302.8800049
22	302.8599854
23	302.769989
24	302.8800049
25	302.9200134
26	302.980011
27	302.8800049
28	302.8999939
29	302.8800049
30	302.8999939
31	302.8800049
32	302.8800049
33	302.8599854
34	302.9200134
35	302.8399963
36	302.980011
37	302.8999939
38	302.769989
39	302.7099915
40	302.7900085
41	302.7900085
42	302.8399963
43	302.8599854
44	302.8999939
45	302.8800049
46	302.9400024
47	303
48	303
49	303
50	302.9200134
51	302.730011
52	302.8200073
53	302.8399963
54	302.8399963
55	302.9200134
56	303.1499939
57	303.1300049
58	303.2799988
59	303.1499939
60	303.019989
61	303.0499878
62	302.8800049
63	302.980011
64	302.9400024
65	302.9599915
66	302.8999939
67	302.8399963
68	302.730011
69	302.75
70	302.730011
71	302.6700134
72	302.6900024
73	302.6900024
74	302.7900085
75	302.8800049
76	302.769989
77	302.8800049
78	302.9599915
79	302.8999939
80	302.8999939
81	302.9400024
82	303.019989
83	303.019989
84	303.1499939
85	303.2799988
86	303.3399963
87	303.3399963
88	303.3800049
89	303.25
90	303.1700134
91	302.980011
92	303.0899963
93	303.0700073
94	303.0899963
95	302.8999939
96	302.9400024
97	302.8999939
98	302.8999939
99	302.8999939
100	302.75
101	302.730011
102	302.3999939
103	302.3099976
104	302.2900085
105	302.4599915
106	302.5400085
107	302.7099915
108	302.75
109	302.6900024
110	303.0499878
111	303.1700134
112	303.1700134
113	303.1300049
114	303.019989
115	303.1099854
116	303.3399963
117	303.7600098
118	303.7099915
119	303.7099915
120	303.7600098
121	303.9200134
122	303.9400024
123	303.9700012
124	304.1499939
125	304.2600098
126	304.0899963
127	303.8399963
128	303.7099915
129	303.7799988
130	303.6900024
131	303.6900024
132	303.7099915
133	303.8399963
134	304.0499878
135	304.0700073
136	304.2799988
137	303.9400024
138	303.9899902
139	304.0100098
140	303.9200134
141	303.8599854
142	304.1300049
143	304.1499939
144	304.2799988
145	304.2200012
146	304.2600098
147	304.3599854
148	304.3999939
149	304.3399963
150	304.1700134
151	304.1700134
152	304.0100098
153	303.9899902
154	304.0700073
155	303.9400024
156	303.8999939
157	303.9400024
158	303.9400024
159	303.8399963
160	303.8200073
161	303.8399963
162	303.9200134
163	304.2999878
164	304.3800049
165	304.4500122
166	304.4700012
167	304.3800049
168	304.2999878
169	304.2999878
170	304.2399902
171	303.9899902
172	303.9200134
173	303.8399963
174	303.7999878
175	303.7600098
176	303.6300049
177	303.6300049
178	303.8800049
179	303.9700012
180	304.1300049
181	304.0700073
182	304.0299988
183	304.0299988
184	304.0100098
185	304.0700073
186	303.9200134
187	303.7600098
188	303.7600098
189	303.8399963
190	303.8399963
191	303.5100098
192	303.5899963
193	303.6900024
194	303.6099854
195	303.6900024
196	303.5100098
197	303.5100098
198	303.6700134
199	303.6499939
200	303.7099915
201	303.8800049
202	304.1099854
203	304.2600098
204	304.2200012
205	304.4500122
206	304.4700012
207	304.6099854
208	304.4899902
209	304.4500122
210	304.3800049
211	304.3599854
212	304.3599854
213	304.1499939
214	303.9200134
215	304.2000122
216	304.1700134
217	304.2399902
218	304.2399902
219	303.9899902
220	304.0299988
221	303.9400024
222	303.9400024
223	304.1099854
224	304.2200012
225	304.0700073
226	304.0299988
227	304.1300049
228	304.0499878
229	304.0499878
230	303.8599854
231	303.6099854
232	303.6900024
233	303.8800049
234	304.0499878
235	304.0100098
236	303.9200134
237	303.6700134
238	303.6900024
239	304.0899963
240	304.3800049
241	304.4899902
242	304.4700012
243	304.4700012
244	304.3599854
245	304.3599854
246	304.4899902
247	304.2399902
248	304.0899963
249	304.1499939
250	304.2000122
251	304.3399963
252	304.2600098
253	304.0499878
254	304.0499878
255	304.0299988
256	303.9899902
257	304.0100098
258	303.8800049
259	303.9200134
260	303.9200134
261	303.9200134
262	303.7999878
263	303.6900024
264	303.6700134
265	303.8200073
266	303.8200073
267	303.8999939
268	303.8999939
269	303.6700134
270	303.7799988
271	304.0299988
272	304.3599854
273	304.5100098
274	304.6099854
275	304.6099854
276	304.5299988
277	304.5700073
278	304.5100098
279	304.5299988
280	304.6099854
281	304.7399902
282	304.7399902
283	304.6300049
284	304.4500122
285	304.1099854
286	303.5899963
287	303.3399963
288	302.6099854
289	302.1900024
290	301.3699951
291	300.6000061
292	299.8900146
293	299.8900146
294	299.0700073
295	298.5899963
296	298.3999939
297	297.9400024
298	297.7099915
299	297.6499939
300	297.6499939
301	297.5700073
302	297.8599854
303	297.9400024
304	298.0700073
305	298.3599854
306	298.5499878
307	298.7600098
308	299.3399963
309	299.5299988
310	299.7399902
311	299.8900146
312	299.9700012
313	300.0100098
314	300.0299988
315	300.2600098
316	300.2399902
317	300.3900146
318	300.5400085
319	300.5599976
320	300.7200012
321	300.8099976
322	300.9299927
323	301.0400085
324	301.0400085
325	301.0400085
326	301.269989
327	301.480011
328	301.6199951
329	301.8099976
330	301.9200134
331	302
332	302
333	302.019989
334	301.9200134
335	301.8699951
336	301.8099976
337	301.730011
338	301.7099915
339	301.7099915
340	301.7099915
341	301.7099915
342	301.8299866
343	301.730011
344	301.75
345	301.7900085
346	301.8999939
347	302
348	302.1700134
349	302.230011
350	302.2900085
351	302.2099915
352	302.25
353	302.269989
354	302.2900085
355	302.269989
356	302.0799866
357	302.1000061
358	302.1900024
359	302.2900085
360	302.269989
361	302.3099976
362	302.3099976
363	302.25
364	302.25
365	302.230011
366	302.1900024
367	302.1499939
368	302.269989
369	302.3099976
370	302.4200134
371	302.4200134
372	302.519989
373	302.5400085
374	302.5899963
375	302.480011
376	302.480011
377	302.5400085
378	302.5
379	302.6099854
380	302.6900024
381	302.6499939
382	302.5899963
383	302.6499939
384	302.6300049
385	302.6099854
386	302.4599915
387	302.4200134
388	302.4200134
389	302.2900085
390	302.3599854
391	302.2900085
392	302.3800049
393	302.480011
394	302.4200134
395	302.3800049
396	302.3800049
397	302.3999939
398	302.5599976
399	302.6900024
400	302.7900085
401	302.8200073
402	302.7900085
403	302.7900085
404	302.6700134
405	302.6099854
406	302.6499939
407	302.3999939
408	302.25
409	302.25
410	302.25
411	302.25
412	302.3800049
413	302.4200134
414	302.5400085
415	302.5400085
416	302.5599976
417	302.480011
418	302.6499939
419	302.6700134
420	302.8200073
421	302.769989
422	302.769989
423	302.75
424	302.75
425	302.730011
426	302.6300049
427	302.7099915
428	302.6099854
429	302.480011
430	302.3800049
431	302.3999939
432	302.5599976
433	302.6900024
434	302.730011
435	302.730011
436	302.75
437	302.769989
438	302.8200073
439	302.9400024
440	303.019989
441	303.0499878
442	303.0499878
443	302.9599915
444	302.980011
445	302.9200134
446	302.9200134
447	302.7900085
448	302.6700134
449	302.6700134
450	302.6499939
451	302.6300049
452	302.6300049
453	302.6099854
454	302.6900024
455	302.7099915
456	302.75
457	302.7099915
458	302.6900024
459	302.480011
460	302.5899963
461	302.5400085
462	302.5899963
463	302.6099854
464	302.7099915
465	302.7900085
466	302.7099915
467	302.6099854
468	302.6300049
469	302.5899963
470	302.6499939
471	302.769989
472	302.8999939
473	303.019989
474	303.019989
475	303
476	302.8800049
477	302.8599854
478	302.7900085
479	302.7900085
480	302.730011
481	302.730011
482	302.6700134
483	302.6900024
484	302.6700134
485	302.5599976
486	302.5599976
487	302.5400085
488	302.5599976
489	302.5899963
490	302.519989
491	302.5599976
492	302.3999939
493	302.4200134
494	302.3999939
495	302.4200134
496	302.480011
497	302.480011
498	302.3999939
499	302.3599854
500	302.3099976
501	302.269989
502	302.2900085
503	302.25
504	302.2099915
505	302.0799866
506	302.0799866
507	302.0599976
508	302.0599976
509	302.1499939
510	302.3299866
511	302.3299866
512	302.480011
513	302.480011
514	302.5599976
515	302.519989
516	302.480011
517	302.4200134
518	302.3299866
519	302.2099915
520	302.2099915
521	302.3599854
522	302.4200134
523	302.3800049
524	302.4599915
525	302.519989
526	302.5599976
527	302.6099854
528	302.8999939
529	302.9599915
530	302.8399963
531	302.6700134
532	302.5599976
533	302.5599976
534	302.5
535	302.4599915
536	302.519989
537	302.5400085
538	302.5400085
539	302.4400024
540	302.3800049
541	302.4400024
542	302.5
543	302.3800049
544	302.4200134
545	302.4200134
546	302.4200134
547	302.4599915
548	302.4599915
549	302.4400024
550	302.3999939
551	302.5
552	302.5
553	302.730011
554	302.769989
555	302.769989
556	302.7900085
557	302.6700134
558	302.5899963
559	302.5
560	302.5899963
561	302.6099854
562	302.6900024
563	302.769989
564	302.8200073
565	302.8800049
566	302.8599854
567	302.9400024
568	302.9200134
569	302.6700134
570	302.230011
571	302.019989
572	301.9200134
573	301.8099976
574	301.6700134
575	301.5400085
576	301.5799866
577	301.5799866
578	301.7099915
579	302.0400085
580	302.269989
581	302.6499939
582	302.8599854
583	302.8599854
584	302.8599854
585	302.8200073
586	302.8800049
587	302.9400024
588	302.980011
589	303.1900024
590	303.2999878
591	303.2999878
592	303.480011
593	303.480011
594	303.5100098
595	303.6499939
596	303.8999939
597	303.9899902
598	304.0899963
599	304.3800049
600	304.3599854
601	304.2000122
602	303.8399963
603	303.6700134
604	303.5100098
605	303.5299988
606	303.3399963
607	303.4400024
608	303.3599854
609	303.5700073
610	303.5299988
611	303.7099915
612	303.7600098
613	303.5700073
614	303.4599915
615	303.5899963
616	303.5899963
617	303.7399902
618	303.7099915
619	303.7399902
620	303.5100098
621	303.25
622	303
623	303
624	302.75
625	302.8200073
626	302.8399963
627	302.7900085
628	302.9599915
629	303.019989
630	303.1300049
631	303.5299988
632	303.4400024
633	303.3200073
634	303.019989
635	302.980011
636	302.9400024
637	302.8999939
638	302.9200134
639	302.8399963
640	302.8399963
641	302.5899963
642	302.6099854
643	302.4599915
644	302.5899963
645	302.6300049
646	302.6499939
647	302.519989
648	302.519989
649	302.2099915
650	302.0799866
651	302.1900024
652	302.519989
653	302.8200073
654	302.6900024
655	302.6900024
656	302.3800049
657	302.1700134
658	302.1499939
659	302.0400085
660	302.019989
661	301.9599915
662	301.9599915
663	302.2099915
664	302.6900024
665	302.980011
666	303.3399963
667	303.5100098
668	303.6499939
669	303.7399902
670	304.0100098
671	304.1499939
672	304.2200012
673	304.0100098
674	303.8800049
675	303.6499939
676	303.6099854
677	303.7399902
678	303.8200073
679	303.7999878
680	303.7600098
681	303.7799988
682	303.9200134
683	303.9899902
684	304.0899963
685	303.9400024
686	303.9899902
687	303.9899902
688	304.0700073
689	303.9899902
690	304.0499878
691	303.9899902
692	303.8999939
693	304.0899963
694	304.0899963
695	304.0299988
696	304.0899963
697	304.0700073
698	304.2600098
699	304.3200073
700	304.3999939
701	304.3999939
702	304.4299927
703	304.3399963
704	304.3399963
705	304.3800049
706	304.3599854
707	304.2799988
708	304.2600098
709	304.1499939
710	304.1499939
711	304.1700134
712	304.2799988
713	304.3200073
714	304.2600098
715	304.2000122
716	304.0899963
717	304.0700073
718	304.0100098
719	303.8399963
720	303.8399963
721	303.8999939
722	304.0700073
723	304.2999878
724	304.3399963
725	304.1099854
726	304.1099854
727	303.8800049
728	304.0700073
729	304.1300049
730	304.1700134
731	304.2600098
732	304.2799988
733	304.2799988
734	304.0299988
735	303.9700012
736	304.0299988
737	303.9200134
738	304.0499878
739	304.1700134
740	304.2999878
741	304.4899902
742	304.4299927
743	304.0700073
744	304.1499939
745	304.2799988
746	304.3399963
747	304.3399963
748	304.3200073
749	304.2200012
750	304.1499939
751	303.9899902
752	303.8999939
753	303.7399902
754	303.7099915
755	303.7600098
756	303.8800049
757	303.7799988
758	303.7799988
759	303.1099854
760	302.6900024
761	302.4200134
762	301.8999939
763	301.3299866
764	300.769989
765	300.769989
766	299.7799988
767	299.2000122
768	298.9500122
769	298.4200134
770	298.1099854
771	298.0100098
772	298.0100098
773	298.0299988
774	298.0499878
775	298.2600098
776	298.5899963
777	298.7000122
778	298.7000122
779	298.7200012
780	298.8800049
781	298.9299927
782	299.1600037
783	299.3900146
784	299.6199951
785	299.9700012
786	300.0499878
787	300.1799927
788	300.2200012
789	300.4700012
790	300.6600037
791	300.7399902
792	300.7200012
793	300.6799927
794	300.7200012
795	300.769989
796	300.7900085
797	300.7900085
798	301.1000061
799	301.1600037
800	301.3099976
801	301.4599915
802	301.5400085
803	301.519989
804	301.519989
805	301.730011
806	301.769989
807	301.7900085
808	301.730011
809	301.7900085
810	301.730011
811	301.730011
812	301.6900024
813	301.730011
814	301.7900085
815	301.730011
816	301.6900024
817	301.6700134
818	301.5799866
819	301.6000061
820	301.6400146
821	301.75
822	301.8299866
823	301.8500061
824	301.9200134
825	301.980011
826	301.980011
827	302.0400085
828	302.1700134
829	302.1700134
830	302.230011
831	302.25
832	302.1700134
833	302.2099915
834	302.1300049
835	302.1000061
836	302.1000061
837	302.1499939
838	302.0599976
839	302.019989
840	302
841	301.9200134
842	301.980011
843	301.980011
844	302.0599976
845	301.9200134
846	301.9200134
847	302.0799866
848	302.230011
849	302.3099976
850	302.3999939
851	302.4400024
852	302.5
853	302.3599854
854	302.3999939
855	302.3099976
856	302.4400024
857	302.5
858	302.5899963
859	302.519989
860	302.4400024
861	302.4400024
862	302.4400024
863	302.3599854
864	302.3999939
865	302.3599854
866	302.4599915
867	302.5899963
868	302.5899963
869	302.5899963
870	302.6300049
871	302.6499939
872	302.7099915
873	302.730011
874	302.7099915
875	302.7099915
876	302.5599976
877	302.5899963
878	302.480011
879	302.2900085
880	302.269989
881	302.2099915
882	302.269989
883	302.4200134
884	302.3800049
885	302.3800049
886	302.3299866
887	302.2900085
888	302.269989
889	302.3099976
890	302.2900085
891	302.3800049
892	302.4400024
893	302.3099976
894	302.25
895	302.1499939
896	302.1900024
897	302.1499939
898	302.2900085
899	302.480011
900	302.5
901	302.5
902	302.5
903	302.519989
904	302.5899963
905	302.519989
906	302.6300049
907	302.6300049
908	302.5599976
909	302.6300049
910	302.519989
911	302.6300049
912	302.6499939
913	302.6900024
914	302.6900024
915	302.6700134
916	302.5400085
917	302.519989
918	302.4400024
919	302.5
920	302.519989
921	302.5
922	302.3800049
923	302.3800049
924	302.4599915
925	302.5
926	302.5599976
927	302.5
928	302.519989
929	302.4200134
930	302.3599854
931	302.3800049
932	302.480011
933	302.4599915
934	302.5
935	302.5400085
936	302.3999939
937	302.4200134
938	302.3599854
939	302.3599854
940	302.2900085
941	302.2900085
942	302.2900085
943	302.4200134
944	302.480011
945	302.3599854
946	302.3599854
947	302.2099915
948	302.2900085
949	302.2099915
950	302.3999939
951	302.3999939
952	302.480011
953	302.480011
954	302.3999939
955	302.3999939
956	302.4599915
957	302.5
958	302.480011
959	302.4200134
960	302.3800049
961	302.3800049
962	302.3999939
963	302.3099976
964	302.4400024
965	302.4599915
966	302.6099854
967	302.6099854
968	302.6099854
969	302.3800049
970	302.1300049
971	302.2099915
972	302.3099976
973	302.3299866
974	302.3800049
975	302.3299866
976	302.4200134
977	302.5400085
978	302.5400085
979	302.3999939
980	302.3299866
981	302.269989
982	302.3299866
983	302.3299866
984	302.4400024
985	302.4400024
986	302.5
987	302.6300049
988	302.6099854
989	302.6900024
990	302.6300049
991	302.6499939
992	302.7099915
993	302.6499939
994	302.6300049
995	302.4599915
996	302.4599915
997	302.5899963
998	302.6099854
999	302.6700134
1000	302.6900024
1001	302.5899963
1002	302.6099854
1003	302.519989
1004	302.6499939
1005	302.75
1006	302.730011
1007	302.6099854
1008	302.5
1009	302.3299866
1010	302.3299866
1011	302.3099976
1012	302.3800049
1013	302.3800049
1014	302.480011
1015	302.5599976
1016	302.5899963
1017	302.5899963
1018	302.6700134
1019	302.6700134
1020	302.6099854
1021	302.6099854
1022	302.4200134
1023	302.3299866
1024	302.3299866
1025	302.25
1026	302.25
1027	302.1700134
1028	302.269989
1029	302.4200134
1030	302.4400024
1031	302.3999939
1032	302.4400024
1033	302.519989
1034	302.6099854
1035	302.6300049
1036	302.6499939
1037	302.75
1038	302.6099854
1039	302.7099915
1040	302.769989
1041	302.5899963
1042	302.5
1043	302.5
1044	302.5899963
1045	302.6099854
1046	302.6700134
1047	302.5
1048	302.230011
1049	302.230011
1050	301.8099976
1051	301.9599915
1052	302.0400085
1053	301.769989
1054	301.5799866
1055	301.480011
1056	301.480011
1057	301.5
1058	301.5400085
1059	301.5799866
1060	301.8099976
1061	302.1000061
1062	302.2099915
1063	302.3999939
1064	302.6499939
1065	303
1066	303.1499939
1067	303.5700073
1068	303.8999939
1069	304.0299988
1070	304.1099854
1071	304.1099854
1072	303.8999939
1073	303.6700134
1074	303.7099915
1075	303.7799988
1076	303.9400024
1077	304.0100098
1078	304.0700073
1079	303.9200134
1080	303.8999939
1081	303.8999939
1082	303.9899902
1083	303.9200134
1084	303.8599854
1085	303.8200073
1086	303.8599854
1087	303.9400024
1088	303.9400024
1089	304.0899963
1090	303.9899902
1091	303.7399902
1092	303.4400024
1093	303.4400024
1094	303.6499939
1095	303.6499939
1096	303.7799988
1097	303.6900024
1098	303.6700134
1099	303.6700134
1100	303.7600098
1101	303.6499939
1102	303.480011
1103	303.25
1104	303.3399963
1105	303.3800049
1106	303.2799988
1107	303.3399963
1108	303.4200134
1109	303.4200134
1110	303.5899963
1111	303.5499878
1112	303.5700073
1113	303.4599915
1114	303.3999939
1115	303.7799988
1116	303.9899902
1117	304.1099854
1118	303.8599854
1119	303.7399902
1120	303.7399902
1121	304.0299988
1122	304.3399963
1123	304.3399963
1124	303.9899902
1125	303.7399902
1126	303.6499939
1127	303.6499939
1128	303.7600098
1129	303.8800049
1130	303.8599854
1131	303.9899902
1132	303.9200134
1133	303.7799988
1134	303.7799988
1135	303.480011
1136	303.480011
1137	303.4200134
1138	303.2999878
1139	303.3399963
1140	303.3800049
1141	303.5299988
1142	303.6099854
1143	303.6900024
1144	303.9200134
1145	304.0700073
1146	304.1300049
1147	304.0100098
1148	303.9400024
1149	304.0899963
1150	304.0499878
1151	304.0499878
1152	304.0499878
1153	303.9200134
1154	303.8399963
1155	303.8399963
1156	303.8599854
1157	304.1099854
1158	304.0700073
1159	304.0700073
1160	304.1700134
1161	304.0899963
1162	304.0899963
1163	304.1300049
1164	304.0499878
1165	303.9200134
1166	303.9200134
1167	303.7600098
1168	303.7999878
1169	303.7999878
1170	303.5299988
1171	303.4400024
1172	303.230011
1173	303.0700073
1174	302.75
1175	302.769989
1176	303.0899963
1177	303.25
1178	303.2999878
1179	303.5100098
1180	303.6900024
1181	304.0299988
1182	304.2000122
1183	304.3200073
1184	304.2799988
1185	304.3999939
1186	304.2200012
1187	304.0899963
1188	303.8200073
1189	303.480011
1190	303.2099915
1191	303.2099915
1192	303.1499939
1193	303.3200073
1194	303.4400024
1195	303.6099854
1196	303.7799988
1197	304.0499878
1198	304.0499878
1199	304.1099854
1200	304.0100098
1201	303.8399963
1202	303.6499939
1203	303.6099854
1204	303.7099915
1205	303.8200073
1206	303.9700012
1207	303.8999939
1208	303.7999878
1209	303.7999878
1210	303.7399902
1211	303.6099854
1212	303.6300049
1213	303.7600098
1214	303.8200073
1215	303.6499939
1216	303.5100098
1217	303.5499878
1218	303.9200134
1219	304.0700073
1220	304.2200012
1221	304.2799988
1222	304.2600098
1223	304.2000122
1224	304.1099854
1225	304.1099854
1226	304.1700134
1227	304.0100098
1228	303.8200073
1229	303.6900024
1230	303.6900024
1231	303.5899963
1232	303.4599915
1233	303.2999878
1234	302.8599854
1235	302.2900085
1236	301.5400085
1237	301.5400085
1238	300.2600098
1239	299.3900146
1240	299.0499878
1241	298.3999939
1242	297.8800049
1243	297.7999878
1244	297.6900024
1245	297.2900085
1246	297.2900085
1247	297.1099854
1248	297.1300049
1249	297.1499939
1250	297.25
1251	297.3999939
1252	297.8999939
1253	298.0499878
1254	298.3800049
1255	298.6700134
1256	298.7799988
1257	298.7999878
1258	298.8200073
1259	299.2799988
1260	299.6199951
1261	299.8699951
1262	299.8699951
1263	300.2000122
1264	300.4299927
1265	300.4700012
1266	300.6000061
1267	300.6600037
1268	300.5799866
1269	300.5799866
1270	300.6199951
1271	300.8099976
1272	300.8900146
1273	301
1274	301
1275	300.9299927
1276	300.9299927
1277	301.0400085
1278	301.1199951
1279	301.2000122
1280	301.3699951
1281	301.269989
1282	301.3299866
1283	301.3299866
1284	301.3099976
1285	301.2900085
1286	301.3299866
1287	301.3299866
1288	301.4100037
1289	301.5
1290	301.5
1291	301.5799866
1292	301.4299927
1293	301.4100037
1294	301.4599915
1295	301.4599915
1296	301.5
1297	301.4599915
1298	301.4100037
1299	301.3500061
1300	301.3099976
1301	301.3099976
1302	301.3099976
1303	301.4299927
1304	301.4299927
1305	301.3900146
1306	301.2900085
1307	301.3900146
1308	301.3900146
1309	301.769989
1310	301.9400024
1311	302.0599976
1312	302.0599976
1313	301.9400024
1314	301.9400024
1315	301.9400024
1316	301.6900024
1317	301.7099915
1318	301.7099915
1319	301.6400146
1320	301.730011
1321	301.769989
1322	301.980011
1323	302.1300049
1324	302.0799866
1325	302.1700134
1326	302.1900024
1327	302.1300049
1328	302.1000061
1329	302.0400085
1330	302.0400085
1331	302.0599976
1332	302.0799866
1333	302.0799866
1334	302.1000061
1335	302.0400085
1336	301.9200134
1337	301.8999939
1338	301.980011
1339	302.0799866
1340	302.0799866
1341	302.1900024
1342	302.1000061
1343	302.1300049
1344	302.0599976
1345	301.9599915
1346	301.8999939
1347	301.8999939
1348	302.019989
1349	302.1300049
1350	302.0599976
1351	302.0599976
1352	301.980011
1353	302.0599976
1354	302.1900024
1355	302.230011
1356	302.3099976
1357	302.3299866
1358	302.3099976
1359	302.3099976
1360	302.3299866
1361	302.269989
1362	302.3800049
1363	302.4200134
1364	302.3800049
1365	302.3999939
1366	302.4400024
1367	302.3999939
1368	302.4200134
1369	302.3999939
1370	302.3599854
1371	302.3800049
1372	302.3800049
1373	302.6700134
1374	302.6099854
1375	302.5899963
1376	302.5
1377	302.4400024
1378	302.4200134
1379	302.4200134
1380	302.230011
1381	302.1300049
1382	302.0599976
1383	302.0400085
1384	301.9599915
1385	302.0599976
1386	302.019989
1387	302.1499939
1388	302.3599854
1389	302.3800049
1390	302.4200134
1391	302.2900085
1392	302.269989
1393	302.2900085
1394	302.230011
1395	302.1700134
1396	302.1700134
1397	302.230011
1398	302.1700134
1399	302.230011
1400	302.1499939
1401	302.25
1402	302.1300049
1403	302
1404	302
1405	301.769989
1406	301.769989
1407	301.8099976
1408	301.8299866
1409	301.8699951
1410	301.8500061
1411	301.8500061
1412	301.8099976
1413	301.980011
1414	302.019989
1415	302.1700134
1416	302.1700134
1417	302.0400085
1418	302.0400085
1419	302
1420	301.9599915
1421	302.019989
1422	301.980011
1423	301.9599915
1424	301.9599915
1425	302.019989
1426	302.1700134
1427	302.230011
1428	302.269989
1429	302.2099915
1430	302.1300049
1431	302.1700134
1432	302.1900024
1433	302.25
1434	302.25
1435	302.3800049
1436	302.3299866
1437	302.3999939
1438	302.4400024
1439	302.3999939
1440	302.2900085
1441	302.269989
1442	302.269989
1443	302.269989
1444	302.0599976
1445	301.9200134
1446	301.8699951
1447	301.8299866
1448	301.9599915
1449	301.9599915
1450	301.9599915
1451	302.0799866
1452	302.2099915
1453	302.230011
1454	302.2900085
1455	302.3299866
1456	302.3999939
1457	302.4200134
1458	302.3800049
1459	302.25
1460	302.230011
1461	302.1700134
1462	302.019989
1463	302.019989
1464	301.980011
1465	301.980011
1466	302.0400085
1467	302.0799866
1468	302.1300049
1469	302.1300049
1470	302.1700134
1471	302.1300049
1472	302.25
1473	302.25
1474	302.1900024
1475	302.230011
1476	302.2099915
1477	302.1499939
1478	302.230011
1479	302.2900085
1480	302.3099976
1481	302.1700134
1482	302.1700134
1483	302.0599976
1484	302
1485	302.0799866
1486	302.3800049
1487	302.4400024
1488	302.3999939
1489	302.3999939
1490	302.4400024
1491	302.480011
1492	302.3999939
1493	302.4200134
1494	302.4599915
1495	302.4400024
1496	302.5
1497	302.4400024
1498	302.3099976
1499	302.2099915
1500	302.25
1501	302.2099915
1502	302.2900085
1503	302.3999939
1504	302.3800049
1505	302.3800049
1506	302.4599915
1507	302.5599976
1508	302.6499939
1509	302.6700134
1510	302.6099854
1511	302.5
1512	302.3999939
1513	302.3800049
1514	302.3800049
1515	302.2099915
1516	302.0599976
1517	302.019989
1518	302
1519	301.8699951
1520	301.8500061
1521	301.8500061
1522	301.980011
1523	302.019989
1524	302
1525	302.25
1526	302.2900085
1527	302.3299866
1528	302.3299866
1529	302.2900085
1530	302.5899963
1531	302.5
1532	302.6099854
1533	302.6900024
1534	302.8200073
1535	302.8800049
1536	303.3399963
1537	303.3999939
1538	303.480011
1539	303.6300049
1540	303.6099854
1541	303.6099854
1542	303.5700073
1543	303.4400024
1544	303.3999939
1545	303.5100098
1546	303.5299988
1547	303.6499939
1548	303.6900024
1549	303.6900024
1550	303.6499939
1551	303.6099854
1552	303.480011
1553	303.480011
1554	303.4599915
1555	303.6499939
1556	303.7799988
1557	303.4200134
1558	303.25
1559	303.3399963
1560	303.3399963
1561	303.5100098
1562	303.5299988
1563	303.6300049
1564	303.7399902
1565	303.5499878
1566	303.6300049
1567	303.6099854
1568	303.480011
1569	303.5299988
1570	303.5100098
1571	303.5499878
1572	303.5299988
1573	303.4200134
1574	303.4200134
1575	303.480011
1576	303.5100098
1577	303.4400024
1578	303.4599915
1579	303.4599915
1580	303.480011
1581	303.6300049
1582	303.7399902
1583	303.7600098
1584	303.7799988
1585	303.7799988
1586	303.9700012
1587	303.8399963
1588	303.7799988
1589	303.8399963
1590	303.8399963
1591	303.9400024
1592	303.9400024
1593	303.8999939
1594	303.7799988
1595	303.5899963
1596	303.5499878
1597	303.6700134
1598	303.8999939
1599	303.8999939
1600	303.9400024
1601	304.0100098
1602	303.9700012
1603	303.8800049
1604	303.9700012
1605	303.8599854
1606	303.8200073
1607	303.9200134
1608	304.0299988
1609	304.2000122
1610	303.9899902
1611	303.8399963
1612	303.7999878
1613	303.7799988
1614	303.8800049
1615	303.9200134
1616	303.8399963
1617	303.7099915
1618	303.7099915
1619	303.5899963
1620	303.5899963
1621	303.480011
1622	303.3999939
1623	303.3599854
1624	303.3599854
1625	303.5499878
1626	303.5700073
1627	303.6099854
1628	303.480011
1629	303.6099854
1630	303.5299988
1631	303.5299988
1632	303.4200134
1633	303.230011
1634	303.230011
1635	303.1499939
1636	303.1900024
1637	303.1499939
1638	303.0899963
1639	303.6099854
1640	303.7799988
1641	303.8599854
1642	303.8999939
1643	303.8399963
1644	303.8200073
1645	303.8200073
1646	303.8399963
1647	303.8200073
1648	303.8200073
1649	303.7099915
1650	303.6700134
1651	303.7799988
1652	303.8200073
1653	303.6300049
1654	303.5100098
1655	303.5499878
1656	303.5299988
1657	303.3800049
1658	303.4599915
1659	303.5100098
1660	303.5899963
1661	303.6499939
1662	303.7799988
1663	303.7799988
1664	303.7399902
1665	303.7099915
1666	303.6700134
1667	303.6499939
1668	303.6499939
1669	303.6099854
1670	303.6099854
1671	303.7799988
1672	303.7600098
1673	303.7999878
1674	303.7999878
1675	303.7399902
1676	303.6300049
1677	303.5700073
1678	303.25
1679	303.0700073
1680	302.8399963
1681	302.8800049
1682	303.019989
1683	303.2999878
1684	303.5899963
1685	304.0299988
1686	304.1099854
1687	304.0499878
1688	303.7999878
1689	303.8200073
1690	303.7099915
1691	303.7799988
1692	303.7399902
1693	303.7399902
1694	303.8800049
1695	303.8800049
1696	303.9899902
1697	304.2000122
1698	304.2799988
1699	304.2799988
1700	304.1700134
1701	304.0100098
1702	304.0100098
1703	303.8399963
1704	303.7099915
1705	303.6499939
1706	303.2799988
1707	302.8800049
1708	302.2900085
1709	302.2900085
1710	301
1711	300.2200012
1712	299.8500061
1713	299.0899963
1714	298.4899902
1715	298.2399902
1716	298.0499878
1717	297.6300049
1718	297.5499878
1719	297.4400024
1720	297.3999939
1721	297.4200134
1722	297.5700073
1723	297.6900024
1724	297.8800049
1725	298.0700073
1726	298.2399902
1727	298.4700012
1728	298.5700073
1729	298.7799988
1730	298.9500122
1731	299.2000122
1732	299.5700073
1733	299.7799988
1734	299.7799988
1735	300.1000061
1736	300.2600098
1737	300.3299866
1738	300.4299927
1739	300.4700012
1740	300.5400085
1741	300.5400085
1742	300.5599976
1743	300.5400085
1744	300.4899902
1745	300.6600037
1746	300.7200012
1747	300.8099976
1748	300.769989
1749	300.8699951
1750	300.9100037
1751	300.9500122
1752	301.0799866
1753	301.1199951
1754	301.1600037
1755	301.1600037
1756	301.2900085
1757	301.3299866
1758	301.3099976
1759	301.2900085
1760	301.230011
1761	301.3099976
1762	301.3299866
1763	301.2000122
1764	301.3099976
1765	301.480011
1766	301.480011
1767	301.480011
1768	301.4599915
1769	301.3099976
1770	301.3299866
1771	301.3099976
1772	301.3099976
1773	301.3099976
1774	301.3900146
1775	301.269989
1776	301.1400146
1777	301.269989
1778	301.2900085
1779	301.480011
1780	301.480011
1781	301.5599976
1782	301.5
1783	301.5400085
1784	301.6199951
1785	301.6000061
1786	301.6900024
1787	301.75
1788	301.9200134
1789	301.8500061
1790	302
1791	302.1000061
1792	302.1300049
1793	302.1900024
1794	302.1700134
1795	302.25
1796	302.1300049
1797	302.1700134
1798	302.1700134
1799	302.1000061
1800	302.1000061
1801	302.1000061
1802	301.9200134
1803	301.980011
1804	301.8699951
1805	301.8699951
1806	301.8699951
1807	302.0400085
1808	302.019989
1809	302.1300049
1810	302.1499939
1811	302.0599976
1812	302.0599976
1813	301.980011
1814	301.9599915
1815	301.8299866
1816	301.730011
1817	301.8099976
1818	301.7900085
1819	301.8999939
1820	301.8099976
1821	301.6900024
1822	301.8299866
1823	301.8099976
1824	301.9200134
1825	301.8999939
1826	301.8500061
1827	301.8299866
1828	301.8299866
1829	301.980011
1830	302.1900024
1831	302.1900024
1832	302.3099976
1833	302.230011
1834	302.1900024
1835	302.0599976
1836	301.8500061
1837	301.8500061
1838	301.8500061
1839	302.019989
1840	302.0599976
1841	302.1700134
1842	302.1700134
1843	302.1300049
1844	302.1300049
1845	302.0799866
1846	302.019989
1847	302
1848	302.0599976
1849	302.019989
1850	302
1851	302
1852	301.8699951
1853	301.8699951
1854	302.019989
1855	302.1499939
1856	302.1499939
1857	302.1700134
1858	302.1700134
1859	302.1700134
1860	302.1700134
1861	302.2099915
1862	302.1300049
1863	302.1300049
1864	302.1000061
1865	302.1900024
1866	302.3099976
1867	302.4599915
1868	302.5
1869	302.5
1870	302.4599915
1871	302.3800049
1872	302.3800049
1873	302.3599854
1874	302.3299866
1875	302.25
1876	302.25
1877	302.1000061
1878	302.230011
1879	302.1900024
1880	302.3299866
1881	302.480011
1882	302.4200134
1883	302.4200134
1884	302.269989
1885	302.230011
1886	302.1300049
1887	302.0799866
1888	302.0400085
1889	302.019989
1890	302.019989
1891	302.0400085
1892	302.1300049
1893	302.230011
1894	302.3800049
1895	302.5400085
1896	302.6099854
1897	302.6099854
1898	302.6300049
1899	302.6099854
1900	302.519989
1901	302.3800049
1902	302.269989
1903	302.2099915
1904	302.1000061
1905	302.1700134
1906	302.1700134
1907	302.25
1908	302.25
1909	302.269989
1910	302.269989
1911	302.1900024
1912	302.1700134
1913	302.2900085
1914	302.230011
1915	302.230011
1916	302.0400085
1917	301.980011
1918	301.9599915
1919	301.980011
1920	301.9400024
1921	302.0599976
1922	302.0599976
1923	302.25
1924	302.3599854
1925	302.3800049
1926	302.5
1927	302.3599854
1928	302.3800049
1929	302.3800049
1930	302.230011
1931	302.2099915
1932	302.1900024
1933	302.1300049
1934	302.1700134
1935	302.1700134
1936	302.230011
1937	302.3099976
1938	302.2900085
1939	302.2900085
1940	302.3099976
1941	302.3800049
1942	302.5
1943	302.4599915
1944	302.6099854
1945	302.5400085
1946	302.5599976
1947	302.5599976
1948	302.480011
1949	302.269989
1950	302.2099915
1951	302.019989
1952	302.0400085
1953	302.0799866
1954	302.0799866
1955	302.1499939
1956	302.1700134
1957	302.1700134
1958	302.1900024
1959	302.230011
1960	302.3099976
1961	302.3099976
1962	302.25
1963	302.3599854
1964	302.3800049
1965	302.4599915
1966	302.480011
1967	302.3599854
1968	302.3299866
1969	302.019989
1970	302
1971	302.0599976
1972	302.1700134
1973	302.2099915
1974	302.2900085
1975	302.230011
1976	302.230011
1977	302.2099915
1978	302.0400085
1979	301.9599915
1980	301.980011
1981	301.8699951
1982	301.9200134
1983	301.8500061
1984	301.9200134
1985	301.9400024
1986	301.9400024
1987	301.980011
1988	301.9200134
1989	302.019989
1990	302.1300049
1991	302.25
1992	302.269989
1993	302.269989
1994	302.269989
1995	302.3099976
1996	302.25
1997	302.480011
1998	302.519989
1999	302.5599976
2000	302.6099854
2001	302.769989
2002	302.7900085
2003	302.6700134
2004	302.3599854
2005	302.1700134
2006	302.269989
2007	302.269989
2008	302.5899963
2009	302.7900085
2010	302.9599915
2011	303.0700073
2012	303.1499939
2013	303.3200073
2014	303.3800049
2015	303.4599915
2016	303.5100098
2017	303.3800049
2018	303.3800049
2019	302.9200134
2020	302.7099915
2021	302.6300049
2022	302.5899963
2023	302.730011
2024	303.1700134
2025	303.1700134
2026	303.5499878
2027	303.6300049
2028	303.7099915
2029	303.8800049
2030	303.9899902
2031	303.9899902
2032	303.9899902
2033	303.7099915
2034	303.5899963
2035	303.5899963
2036	303.5700073
2037	303.4599915
2038	303.4599915
2039	303.5100098
2040	303.5899963
2041	303.5899963
2042	303.6499939
2043	303.8800049
2044	303.8599854
2045	303.7999878
2046	303.8200073
2047	303.7099915
2048	303.6499939
2049	303.6499939
2050	303.7399902
2051	303.7600098
2052	303.6099854
2053	303.5499878
2054	303.3999939
2055	303.5700073
2056	303.5299988
2057	303.5299988
2058	303.5899963
2059	303.5299988
2060	303.5100098
2061	303.6499939
2062	303.7399902
2063	303.8599854
2064	303.8599854
2065	303.9200134
2066	304.0499878
2067	304.0100098
2068	304.0299988
2069	303.8800049
2070	303.8999939
2071	303.8599854
2072	303.7600098
2073	303.7099915
2074	303.3999939
2075	303.3599854
2076	303.2099915
2077	303.1099854
2078	302.980011
2079	302.6900024
2080	302.6499939
2081	302.3999939
2082	302.25
2083	302.3999939
2084	302.769989
2085	302.9400024
2086	303.0899963
2087	303.3599854
2088	303.3999939
2089	303.3999939
2090	303.3200073
2091	303.2999878
2092	303.3200073
2093	303.25
2094	303.2999878
2095	303.480011
2096	303.480011
2097	303.6099854
2098	303.5700073
2099	303.6499939
2100	303.6099854
2101	303.480011
2102	303.4200134
2103	303.4200134
2104	303.25
2105	303.2799988
2106	303.3599854
2107	303.5299988
2108	303.5100098
2109	303.4200134
2110	303.3399963
2111	303.0899963
2112	303
2113	303.0899963
2114	303.3599854
2115	303.480011
2116	303.5700073
2117	303.5700073
2118	303.2999878
2119	303.2799988
2120	303.1499939
2121	303.0899963
2122	303.1700134
2123	303.25
2124	303.230011
2125	303.4599915
2126	303.3800049
2127	303.2999878
2128	303.2999878
2129	303.3800049
2130	303.5299988
2131	303.5100098
2132	303.2999878
2133	303.25
2134	303.230011
2135	303.230011
2136	303
2137	302.8399963
2138	302.75
2139	302.480011
2140	302.2900085
2141	302.3099976
2142	302.4400024
2143	302.8999939
2144	303.0700073
2145	303
2146	303.1099854
2147	303.1300049
2148	302.9599915
2149	302.8599854
2150	302.7900085
2151	302.8599854
2152	302.8200073
2153	303.0499878
2154	303.1499939
2155	303.2999878
2156	303.25
2157	303.25
2158	303.230011
2159	303
2160	303
2161	303.0700073
2162	303.1900024
2163	303.2999878
2164	303.4599915
2165	303.7799988
2166	303.9700012
2167	303.9700012
2168	304.0299988
2169	303.8999939
2170	303.8599854
2171	303.8200073
2172	303.7799988
2173	303.8399963
2174	303.8399963
2175	304.0299988
2176	303.8200073
2177	303.6300049
2178	303.3200073
2179	303.0899963
2180	302.9599915
2181	302.8399963
2182	301.980011
2183	301.5
2184	300.6000061
2185	299.6600037
2186	299.3200073
2187	298.6099854
2188	298.3200073
2189	297.5700073
2190	297.4400024
2191	297.1900024
2192	297.1099854
2193	297.1700134
2194	297.0400085
2195	297.0599976
2196	296.8800049
2197	297.019989
2198	297.1900024
2199	297.1900024
2200	297.4200134
2201	297.6700134
2202	297.7799988
2203	298.0100098
2204	298.2999878
2205	298.7000122
2206	298.7000122
2207	299.3599854
2208	299.4500122
2209	299.5299988
2210	299.5899963
2211	299.7000122
2212	299.7000122
2213	299.7200012
2214	300.1199951
2215	300.1199951
2216	300.1400146
2217	300.1799927
2218	300.2799988
2219	300.2600098
2220	300.3500061
2221	300.6799927
2222	300.7900085
2223	301.019989
2224	301.269989
2225	301.3500061
2226	301.4299927
2227	301.519989
2228	301.3699951
2229	301.3900146
2230	301.3500061
2231	301.4299927
2232	301.4100037
2233	301.3900146
2234	301.3299866
2235	301.3699951
2236	301.3900146
2237	301.5
2238	301.5
2239	301.6900024
2240	301.6900024
2241	301.6400146
2242	301.5599976
2243	301.519989
2244	301.5400085
2245	301.5400085
2246	301.5599976
2247	301.7099915
2248	301.6900024
2249	301.6000061
2250	301.5400085
2251	301.519989
2252	301.480011
2253	301.2000122
2254	301.3500061
2255	301.4599915
2256	301.5
2257	301.3699951
2258	301.3500061
2259	301.3900146
2260	301.3500061
2261	301.25
2262	301.1400146
2263	301.3299866
2264	301.3900146
2265	301.5400085
2266	301.6700134
2267	301.730011
2268	301.6900024
2269	301.7099915
2270	301.7099915
2271	301.6700134
2272	301.5599976
2273	301.6400146
2274	301.519989
2275	301.4599915
2276	301.5400085
2277	301.5400085
2278	301.6000061
2279	301.6199951
2280	301.5400085
2281	301.6400146
2282	301.730011
2283	301.8299866
2284	301.8299866
2285	301.8999939
2286	301.8099976
2287	301.730011
2288	301.6199951
2289	301.6700134
2290	301.6000061
2291	301.6400146
2292	301.6000061
2293	301.6700134
2294	301.5799866
2295	301.5799866
2296	301.5400085
2297	301.5
2298	301.519989
2299	301.5799866
2300	301.5799866
2301	301.6900024
2302	301.769989
2303	301.8099976
2304	301.7900085
2305	301.769989
2306	301.7099915
2307	301.6000061
2308	301.6000061
2309	301.6000061
2310	301.5799866
2311	301.5400085
2312	301.6199951
2313	301.8299866
2314	301.9200134
2315	301.8699951
2316	301.8699951
2317	301.8099976
2318	302.019989
2319	302.0799866
2320	302.0599976
2321	302.0799866
2322	302.0400085
2323	302.019989
2324	301.8999939
2325	301.8699951
2326	301.9200134
2327	301.9200134
2328	302.0799866
2329	302.0599976
2330	302.1000061
2331	302.1900024
2332	302.1700134
2333	302.1000061
2334	302.1499939
2335	302.1499939
2336	302.230011
2337	302.2900085
2338	302.25
2339	302.2099915
2340	302.1499939
2341	302.1499939
2342	301.8099976
2343	301.75
2344	301.8999939
2345	302.0799866
2346	302.2099915
2347	302.25
2348	302.25
2349	302.3299866
2350	302.2900085
2351	302.2099915
2352	302.1499939
2353	302.1000061
2354	301.9200134
2355	301.9200134
2356	301.7099915
2357	301.75
2358	301.8099976
2359	301.8500061
2360	302
2361	302
2362	302
2363	301.980011
2364	301.980011
2365	302.019989
2366	302.1700134
2367	302.1700134
2368	302.1499939
2369	302.1700134
2370	302.25
2371	302.2900085
2372	302.2900085
2373	302.25
2374	302.230011
2375	302.3599854
2376	302.3800049
2377	302.3999939
2378	302.3999939
2379	302.3599854
2380	302.3599854
2381	302.25
2382	302.25
2383	302.1900024
2384	302.2099915
2385	302.0799866
2386	302.1499939
2387	302.1499939
2388	302.3099976
2389	302.3099976
2390	302.25
2391	302.0599976
2392	302
2393	301.9400024
2394	301.9599915
2395	302.1000061
2396	302.0799866
2397	302.1900024
2398	302.1000061
2399	302.1900024
2400	302.1499939
2401	302.2099915
2402	302.1700134
2403	302.1700134
2404	302.230011
2405	302.3299866
2406	302.3999939
2407	302.5400085
2408	302.480011
2409	302.5400085
2410	302.4599915
2411	302.3800049
2412	302.3800049
2413	302.3999939
2414	302.3999939
2415	302.25
2416	301.9599915
2417	301.8099976
2418	301.8500061
2419	301.8500061
2420	301.9599915
2421	301.980011
2422	301.9200134
2423	301.8699951
2424	301.9400024
2425	302.1900024
2426	302.1900024
2427	302.1900024
2428	302.230011
2429	302.2099915
2430	302.0799866
2431	302.0799866
2432	302.0599976
2433	301.9599915
2434	302.0400085
2435	302
2436	301.980011
2437	302.0400085
2438	302.019989
2439	302.019989
2440	301.980011
2441	301.8099976
2442	301.7900085
2443	301.8099976
2444	301.9599915
2445	302.0599976
2446	302.0599976
2447	302.25
2448	302.230011
2449	302.1000061
2450	301.980011
2451	301.980011
2452	302.1700134
2453	302.25
2454	302.3099976
2455	302.3099976
2456	302.3299866
2457	302.3599854
2458	302.3599854
2459	302.230011
2460	302.269989
2461	302.3099976
2462	302.3099976
2463	302.1499939
2464	302.2099915
2465	302.1499939
2466	302.0799866
2467	302.25
2468	302.269989
2469	302.1499939
2470	301.980011
2471	301.8699951
2472	301.9400024
2473	302.3599854
2474	302.4599915
2475	302.5400085
2476	302.730011
2477	302.9400024
2478	303.2099915
2479	303.25
2480	303.2799988
2481	303.3599854
2482	303.2999878
2483	303.1700134
2484	303.1900024
2485	303.0899963
2486	303.0499878
2487	303.1300049
2488	303.3599854
2489	303.4200134
2490	303.4200134
2491	303.6300049
2492	303.6900024
2493	303.7600098
2494	303.8999939
2495	303.7399902
2496	303.7600098
2497	303.7600098
2498	303.5899963
2499	303.5899963
2500	303.6700134
2501	303.8200073
2502	303.7399902
2503	303.7099915
2504	303.5899963
2505	303.5499878
2506	303.5299988
2507	303.5299988
2508	303.4200134
2509	303.2999878
2510	303.3599854
2511	303.4599915
2512	303.6700134
2513	303.6700134
2514	303.6700134
2515	303.6900024
2516	303.7799988
2517	303.7600098
2518	303.7399902
2519	303.5100098
2520	303.3599854
2521	303.1499939
2522	303.1499939
2523	303.1700134
2524	303.1099854
2525	303.1700134
2526	303.3200073
2527	303.25
2528	303.2099915
2529	303.2099915
2530	303.3999939
2531	303.3999939
2532	303.4400024
2533	303.3999939
2534	303.480011
2535	303.5499878
2536	303.5499878
2537	303.5100098
2538	303.25
2539	303.230011
2540	303.25
2541	303.2099915
2542	303.2099915
2543	303.25
2544	303.25
2545	303.3399963
2546	303.1099854
2547	302.9200134
2548	302.8800049
2549	302.8999939
2550	302.9200134
2551	302.9599915
2552	302.980011
2553	303
2554	302.8599854
2555	303
2556	302.9200134
2557	302.8999939
2558	303.0499878
2559	303.2099915
2560	303.2099915
2561	303.2099915
2562	303.2999878
2563	303.2799988
2564	303.3599854
2565	303.5299988
2566	303.4599915
2567	303.4200134
2568	303.4200134
2569	303.3800049
2570	303.1300049
2571	303.1700134
2572	303.0899963
2573	302.980011
2574	302.9599915
2575	303
2576	303.2799988
2577	303.2999878
2578	303.1700134
2579	303.3399963
2580	303.4200134
2581	303.3800049
2582	303.4599915
2583	303.5100098
2584	303.6099854
2585	303.4599915
2586	303.5700073
2587	303.6900024
2588	303.5899963
2589	303.3800049
2590	303.3599854
2591	303.4599915
2592	303.5299988
2593	303.5299988
2594	303.7399902
2595	303.8599854
2596	303.9700012
2597	303.9700012
2598	303.6499939
2599	303.5299988
2600	303.5299988
2601	303.230011
2602	303.0700073
2603	302.8800049
2604	302.8200073
2605	302.8399963
2606	302.9599915
2607	302.9599915
2608	303.0499878
2609	303.1499939
2610	303.1499939
2611	303.1900024
2612	303.1700134
2613	303.0499878
2614	303.019989
2615	303.0899963
2616	303.1099854
2617	303.1700134
2618	303.0700073
2619	303.1099854
2620	303
2621	303.1499939
2622	303.1700134
2623	303.25
2624	303.2999878
2625	303.5299988
2626	303.480011
2627	303.2999878
2628	303.25
2629	303.2999878
2630	303.25
2631	303.3200073
2632	303.3200073
2633	302.980011
2634	302.7900085
2635	302.5400085
2636	302.4200134
2637	302.5
2638	302.9200134
2639	302.9200134
2640	303.4200134
2641	303.5299988
2642	303.480011
2643	303.480011
2644	303.4400024
2645	303.3999939
2646	303.4599915
2647	303.6900024
2648	303.7799988
2649	303.7600098
2650	303.7099915
2651	303.3599854
2652	303.1499939
2653	302.8999939
2654	301.980011
2655	301.6700134
2656	300.9700012
2657	300.2200012
2658	299.8699951
2659	299.1600037
2660	298.7799988
2661	298.2600098
2662	297.9200134
2663	297.5899963
2664	297.5899963
2665	297.3800049
2666	297.3800049
2667	297.3399963
2668	297.5
2669	297.75
2670	298.0499878
2671	298.0499878
2672	298.3800049
2673	298.3999939
2674	298.3399963
2675	298.3399963
2676	298.5700073
2677	298.7799988
2678	298.7799988
2679	298.9299927
2680	299.0899963
2681	299.1799927
2682	299.3599854
2683	299.4700012
2684	299.5299988
2685	299.5899963
2686	299.5299988
2687	299.6600037
2688	299.9299927
2689	300.1600037
2690	300.3699951
2691	300.3900146
2692	300.3900146
2693	300.3699951
2694	300.3900146
2695	300.3299866
2696	300.3699951
2697	300.3500061
2698	300.4500122
2699	300.4899902
2700	300.6199951
2701	300.7200012
2702	300.7399902
2703	300.7399902
2704	300.8099976
2705	300.8900146
2706	300.9700012
2707	301.019989
2708	301.1000061
2709	301.1799927
2710	301.1799927
2711	301.3099976
2712	301.2900085
2713	301.3699951
2714	301.519989
2715	301.519989
2716	301.6700134
2717	301.7099915
2718	301.7900085
2719	301.8500061
2720	301.730011
2721	301.5599976
2722	301.6700134
2723	301.769989
2724	301.769989
2725	301.75
2726	301.769989
2727	301.730011
2728	301.8999939
2729	301.980011
2730	302
2731	302.019989
2732	302.0400085
2733	301.9400024
2734	301.8699951
2735	301.9200134
2736	301.9599915
2737	301.8500061
2738	301.769989
2739	301.75
2740	301.769989
2741	301.6900024
2742	301.6900024
2743	301.4599915
2744	301.5799866
2745	301.5400085
2746	301.519989
2747	301.5599976
2748	301.5599976
2749	301.5599976
2750	301.730011
2751	301.6700134
2752	301.7099915
2753	301.6400146
2754	301.5799866
2755	301.5799866
2756	301.5400085
2757	301.5599976
2758	301.519989
2759	301.75
2760	301.9599915
2761	301.9599915
2762	302
2763	301.980011
2764	301.8500061
2765	301.8099976
2766	301.6700134
2767	301.6900024
2768	301.6700134
2769	301.6400146
2770	301.75
2771	301.6900024
2772	301.6000061
2773	301.5799866
2774	301.5799866
2775	301.6700134
2776	301.6400146
2777	301.6900024
2778	301.6900024
2779	301.6700134
2780	301.769989
2781	301.769989
2782	302.019989
2783	302.1300049
2784	302.1000061
2785	302.0599976
2786	301.980011
2787	301.9200134
2788	301.8999939
2789	302.0599976
2790	302.1900024
2791	302.2099915
2792	302.1300049
2793	302.1300049
2794	302.1000061
2795	302.1000061
2796	301.8099976
2797	301.75
2798	301.730011
2799	301.769989
2800	301.75
2801	301.7099915
2802	301.769989
2803	301.8999939
2804	302.0400085
2805	302.0400085
2806	302.2099915
2807	302.230011
2808	302.3099976
2809	302.3099976
2810	302.4400024
2811	302.4200134
2812	302.25
2813	302.25
2814	301.8699951
2815	302
2816	302.0799866
2817	302.230011
2818	302.25
2819	302.230011
2820	302.230011
2821	302.1900024
2822	302.019989
2823	302.1000061
2824	302.2099915
2825	302.230011
2826	302.269989
2827	302.1700134
2828	301.8699951
2829	301.7099915
2830	301.6000061
2831	301.6199951
2832	301.6900024
2833	301.6199951
2834	301.6900024
2835	301.6700134
2836	301.730011
2837	301.8099976
2838	301.9599915
2839	301.980011
2840	301.8500061
2841	301.9400024
2842	301.7900085
2843	301.730011
2844	301.769989
2845	301.769989
2846	301.980011
2847	301.9200134
2848	301.7900085
2849	301.6400146
2850	301.6400146
2851	301.5799866
2852	301.5799866
2853	301.6900024
2854	301.6400146
2855	301.6000061
2856	301.5799866
2857	301.6199951
2858	301.7099915
2859	301.7099915
2860	301.7900085
2861	301.8299866
2862	301.9400024
2863	301.9599915
2864	301.9200134
2865	301.8699951
2866	301.75
2867	301.8500061
2868	301.8699951
2869	301.8699951
2870	301.75
2871	301.730011
2872	301.7900085
2873	301.6900024
2874	301.6000061
2875	301.5599976
2876	301.4599915
2877	301.5799866
2878	301.6700134
2879	301.6700134
2880	301.769989
2881	301.8299866
2882	301.7900085
2883	301.9599915
2884	301.9599915
2885	301.9599915
2886	301.8299866
2887	301.8500061
2888	301.8299866
2889	301.7900085
2890	301.7900085
2891	301.7900085
2892	302
2893	301.9200134
2894	301.8699951
2895	301.7900085
2896	301.7900085
2897	301.8299866
2898	301.6900024
2899	301.5
2900	301.4599915
2901	301.480011
2902	301.6400146
2903	301.7900085
2904	301.7900085
2905	301.75
2906	301.730011
2907	301.730011
2908	301.6900024
2909	301.7099915
2910	301.769989
2911	301.8500061
2912	301.9599915
2913	301.9599915
2914	302.0599976
2915	302.0799866
2916	302.0799866
2917	302
2918	301.9200134
2919	301.8299866
2920	301.9400024
2921	301.8500061
2922	301.7099915
2923	301.7099915
2924	301.5400085
2925	301.519989
2926	301.5799866
2927	301.5599976
2928	301.6000061
2929	301.6900024
2930	301.6900024
2931	301.6700134
2932	301.7099915
2933	301.8500061
2934	301.8699951
2935	301.8500061
2936	301.75
2937	301.6199951
2938	301.7099915
2939	301.730011
2940	301.5400085
2941	301.269989
2942	301.4100037
2943	301.5599976
2944	301.6900024
2945	301.7900085
2946	301.75
2947	301.730011
2948	301.8299866
2949	301.8099976
2950	301.7900085
2951	301.8099976
2952	302.0799866
2953	302.3299866
2954	302.519989
2955	302.519989
2956	302.730011
2957	302.9400024
2958	303.019989
2959	302.980011
2960	302.7900085
2961	302.6099854
2962	302.6099854
2963	302.6700134
2964	302.8399963
2965	302.8599854
2966	302.8399963
2967	302.7900085
2968	302.7099915
2969	302.730011
2970	302.9400024
2971	303.2099915
2972	303.3800049
2973	303.6900024
2974	303.6900024
2975	303.5899963
2976	303.480011
2977	303.3399963
2978	303.3399963
2979	303.3399963
2980	303.25
2981	303.230011
2982	303.3599854
2983	303.4200134
2984	303.6300049
2985	303.5899963
2986	303.3999939
2987	303.1900024
2988	303.1499939
2989	303.0899963
2990	303.1300049
2991	303.1300049
2992	303.2099915
2993	303.25
2994	303.25
2995	303.5700073
2996	303.3999939
2997	303.3599854
2998	303.3999939
2999	303.480011
3000	303.5499878
3001	303.5499878
3002	303.4400024
3003	303.4200134
3004	303.3200073
3005	303.3599854
3006	303.25
3007	303.230011
3008	303.1900024
3009	303.1700134
3010	303.1300049
3011	303.1099854
3012	303.2099915
3013	303.1900024
3014	303.25
3015	303.2799988
3016	303.2099915
3017	303.1900024
3018	303.1099854
3019	303.1900024
3020	303.2999878
3021	303.3599854
3022	303.4599915
3023	303.7399902
3024	303.8599854
3025	303.8800049
3026	303.8800049
3027	303.6700134
3028	303.3999939
3029	303.3200073
3030	303.0499878
3031	302.8399963
3032	302.7900085
3033	302.7900085
3034	302.9599915
3035	303.0700073
3036	303.1099854
3037	303
3038	303.019989
3039	303.1099854
3040	303.1499939
3041	303.0499878
3042	302.9200134
3043	302.8800049
3044	302.8399963
3045	302.8200073
3046	302.8599854
3047	302.8200073
3048	302.9200134
3049	302.9400024
3050	302.8800049
3051	302.8999939
3052	302.9400024
3053	302.9599915
3054	302.9200134
3055	303.019989
3056	303
3057	302.9200134
3058	302.7099915
3059	302.75
3060	302.6900024
3061	302.9400024
3062	303.25
3063	303.3200073
3064	303.019989
3065	303.019989
3066	303.019989
3067	303.3399963
3068	303.3599854
3069	303.3399963
3070	303.3999939
3071	303.4599915
3072	303.4599915
3073	303.4200134
3074	303.1900024
3075	303.230011
3076	303.230011
3077	303.2099915
3078	303.3200073
3079	303.4200134
3080	303.6300049
3081	303.6900024
3082	303.7099915
3083	303.6499939
3084	303.3999939
3085	303.230011
3086	303.1099854
3087	302.769989
3088	302.7099915
3089	302.769989
3090	303.019989
3091	303.019989
3092	303.2099915
3093	303.1700134
3094	303.019989
3095	303.1499939
3096	303.230011
3097	303.230011
3098	303.4200134
3099	303.4400024
3100	303.4200134
3101	303.3800049
3102	303.3800049
3103	303.25
3104	303.25
3105	303.1099854
3106	303.25
3107	303.230011
3108	303.1700134
3109	303.1300049
3110	303.1700134
3111	303.1700134
3112	303.4200134
3113	303.480011
3114	303.5100098
3115	303.3599854
3116	303.2999878
3117	303.3599854
3118	303.4599915
3119	303.6900024
3120	303.6300049
3121	303.5499878
3122	303.3800049
3123	303.1900024
3124	302.7900085
3125	302.6300049
3126	302.2099915
3127	302.1300049
3128	301.9400024
3129	301.5
3130	301.1400146
3131	300.4299927
3132	299.9500122
3133	299.1600037
3134	298.4899902
3135	297.980011
3136	297.980011
3137	297.4400024
3138	297.230011
3139	297.2099915
3140	297.1700134
3141	297.3800049
3142	297.4400024
3143	297.4400024
3144	297.8999939
3145	298.1099854
3146	298.2099915
3147	298.3800049
3148	298.6300049
3149	298.7200012
3150	298.8399963
3151	298.8800049
3152	298.8200073
3153	298.9500122
3154	299.0899963
3155	299.2399902
3156	299.4299927
3157	299.4299927
3158	299.5899963
3159	299.5499878
3160	299.5700073
3161	299.6799927
3162	299.6400146
3163	299.7600098
3164	299.7999878
3165	299.9500122
3166	299.9899902
3167	299.9899902
3168	299.9899902
3169	300.0499878
3170	300.2000122
3171	300.3099976
3172	300.3699951
3173	300.4100037
3174	300.4299927
3175	300.4299927
3176	300.6400146
3177	300.6799927
3178	300.6199951
3179	300.5400085
3180	300.4700012
3181	300.5400085
3182	300.5400085
3183	300.7200012
3184	300.6600037
3185	300.7200012
3186	300.7200012
3187	300.6799927
3188	300.6799927
3189	300.6600037
3190	300.7399902
3191	300.7200012
3192	300.7399902
3193	300.8299866
3194	300.9100037
3195	301.0400085
3196	301.1000061
3197	301.1400146
3198	301.2900085
3199	301.1799927
3200	301.3299866
3201	301.2900085
3202	301.1400146
3203	301.1199951
3204	301.1000061
3205	301.2000122
3206	301.3299866
3207	301.3299866
3208	301.3500061
3209	301.1600037
3210	301.0799866
3211	300.9500122
3212	300.9700012
3213	301.1799927
3214	301.1799927
3215	301.3299866
3216	301.480011
3217	301.480011
3218	301.3900146
3219	301.3099976
3220	301.1799927
3221	301.2000122
3222	301.1400146
3223	301.1799927
3224	301.1199951
3225	301.0799866
3226	301.230011
3227	301.230011
3228	301.3699951
3229	301.8999939
3230	302.1000061
3231	302.25
3232	302.1700134
3233	302.019989
3234	301.7900085
3235	301.769989
3236	301.7099915
3237	301.519989
3238	301.4100037
3239	301.1400146
3240	301.1000061
3241	301.0400085
3242	300.9700012
3243	300.9700012
3244	300.9500122
3245	300.9500122
3246	300.9500122
3247	301
3248	300.9299927
3249	300.9299927
3250	300.8099976
3251	300.8299866
3252	300.7000122
3253	300.7000122
3254	300.5100098
3255	300.2200012
3256	300.2000122
3257	300.2600098
3258	300.2799988
3259	300.3299866
3260	300.4899902
3261	300.5400085
3262	300.5400085
3263	300.4700012
3264	300.4500122
3265	300.5599976
3266	300.7900085
3267	300.769989
3268	300.8299866
3269	300.8699951
3270	300.8699951
3271	300.7900085
3272	300.8099976
3273	300.7399902
3274	300.7900085
3275	300.7399902
3276	300.6400146
3277	300.6400146
3278	300.6400146
3279	300.6400146
3280	300.7900085
3281	300.7900085
3282	300.7000122
3283	300.5799866
3284	300.5100098
3285	300.5100098
3286	300.4899902
3287	300.6799927
3288	300.8500061
3289	301.0799866
3290	301.25
3291	301.1799927
3292	301.1799927
3293	301.1199951
3294	301.1400146
3295	301.1400146
3296	300.9500122
3297	301
3298	301.019989
3299	301
3300	301.1000061
3301	301.0799866
3302	301.019989
3303	300.8299866
3304	300.9100037
3305	300.9100037
3306	300.9299927
3307	300.8699951
3308	300.9100037
3309	300.9100037
3310	300.7900085
3311	300.8099976
3312	300.8900146
3313	300.9299927
3314	300.9100037
3315	300.8699951
3316	300.8299866
3317	300.8299866
3318	300.769989
3319	300.7200012
3320	300.8099976
3321	300.8699951
3322	300.8900146
3323	300.8500061
3324	300.8500061
3325	300.9299927
3326	300.9100037
3327	300.9500122
3328	301
3329	300.9299927
3330	300.8099976
3331	300.8900146
3332	300.8299866
3333	300.8099976
3334	300.769989
3335	300.8699951
3336	300.7900085
3337	300.8299866
3338	300.9500122
3339	301
3340	300.9500122
3341	300.9500122
3342	300.8900146
3343	301.0400085
3344	301.019989
3345	301.0599976
3346	301.0599976
3347	301.0799866
3348	301.0599976
3349	301.0599976
3350	301.0599976
3351	300.9500122
3352	300.8699951
3353	300.7399902
3354	300.8500061
3355	300.8500061
3356	300.8500061
3357	301.0799866
3358	301.1600037
3359	301.0400085
3360	301.230011
3361	301.3099976
3362	301.3099976
3363	301.3099976
3364	301.25
3365	301.1799927
3366	301.1600037
3367	301.1600037
3368	301.230011
3369	301.3299866
3370	301.2900085
3371	301.1199951
3372	301.0599976
3373	301.0400085
3374	301.1000061
3375	301.0599976
3376	301.0799866
3377	301.0799866
3378	301.1600037
3379	301.230011
3380	301.0599976
3381	300.9299927
3382	300.8699951
3383	300.8299866
3384	300.8900146
3385	300.8900146
3386	300.8299866
3387	300.8699951
3388	300.8699951
3389	300.9100037
3390	301.0599976
3391	301.1199951
3392	301.1600037
3393	301.1799927
3394	301.1400146
3395	301.1400146
3396	301.1600037
3397	301.0400085
3398	301.0400085
3399	300.9100037
3400	300.9100037
3401	300.9299927
3402	300.9299927
3403	300.9299927
3404	301.0799866
3405	300.8500061
3406	300.8500061
3407	301.230011
3408	301.2900085
3409	301.3299866
3410	301.6199951
3411	301.5599976
3412	301.5400085
3413	301.4599915
3414	301.3900146
3415	301.3699951
3416	301.4599915
3417	301.5599976
3418	301.6000061
3419	301.730011
3420	301.730011
3421	302.0599976
3422	302.25
3423	302.2900085
3424	302.480011
3425	302.5599976
3426	302.7099915
3427	302.7099915
3428	302.8800049
3429	303.1099854
3430	303.1700134
3431	303.2999878
3432	303.3200073
3433	303.3200073
3434	303.3200073
3435	303.6300049
3436	303.4599915
3437	303.3399963
3438	303.2799988
3439	303.230011
3440	303.25
3441	303.230011
3442	303.2999878
3443	303.2799988
3444	303.2799988
3445	303.4599915
3446	303.4599915
3447	303.25
3448	303.2999878
3449	303.2099915
3450	303.230011
3451	303.3599854
3452	303.3800049
3453	303.4400024
3454	303.3800049
3455	303.3999939
3456	303.2799988
3457	303.3200073
3458	303.3999939
3459	303.3999939
3460	303.3399963
3461	303.2999878
3462	303.230011
3463	303.1300049
3464	303.4200134
3465	303.480011
3466	303.480011
3467	303.7399902
3468	303.7099915
3469	303.6700134
3470	303.3200073
3471	303.1099854
3472	303.0499878
3473	303
3474	302.8999939
3475	302.769989
3476	302.6900024
3477	302.8399963
3478	302.980011
3479	303.1499939
3480	303.2999878
3481	303.6099854
3482	303.5899963
3483	303.5700073
3484	303.5899963
3485	303.6900024
3486	303.6900024
3487	303.6700134
3488	303.6099854
3489	303.6099854
3490	303.6700134
3491	303.4599915
3492	303.5100098
3493	303.5100098
3494	303.480011
3495	303.6900024
3496	303.8399963
3497	304.0299988
3498	304.0299988
3499	303.8999939
3500	303.7999878
3501	303.8200073
3502	303.7600098
3503	303.7399902
3504	303.4200134
3505	303.4200134
3506	303.5100098
3507	303.8200073
3508	303.8599854
3509	303.9899902
3510	303.8200073
3511	303.6900024
3512	303.5899963
3513	303.480011
3514	303.6700134
3515	303.7099915
3516	303.6900024
3517	303.6300049
3518	303.5100098
3519	303.480011
3520	303.3200073
3521	303.2099915
3522	303.1900024
3523	303.25
3524	303.2099915
3525	303.1700134
3526	303.0899963
3527	302.8999939
3528	303.0700073
3529	303.1900024
3530	303.1900024
3531	303.2999878
3532	303.2799988
3533	303.2099915
3534	303.1700134
3535	303.2099915
3536	303.2799988
3537	303.2799988
3538	303.2099915
3539	303.1300049
3540	303.230011
3541	303.1499939
3542	303.1900024
3543	303.1099854
3544	303.1099854
3545	302.8800049
3546	302.9599915
3547	303.019989
3548	303.3200073
3549	303.5899963
3550	303.6099854
3551	303.6300049
3552	303.5700073
3553	303.5499878
3554	303.2799988
3555	302.8999939
3556	302.8399963
3557	302.8399963
3558	302.8599854
3559	302.9599915
3560	303.0700073
3561	303.2099915
3562	303.1900024
3563	303.2099915
3564	303
3565	302.980011
3566	302.9599915
3567	303.2799988
3568	303.4400024
3569	303.4400024
3570	303.2999878
3571	302.9400024
3572	302.8399963
3573	302.6300049
3574	302.769989
3575	302.9200134
3576	302.9200134
3577	303.3200073
3578	303.5700073
3579	303.6499939
3580	303.4599915
3581	303.3999939
3582	303.2999878
3583	303.0499878
3584	302.730011
3585	302.75
3586	302.769989
3587	302.75
3588	302.9400024
3589	303.0899963
3590	303.0700073
3591	303.0700073
3592	303.1700134
3593	303.1300049
3594	303.1099854
3595	303.0499878
3596	302.8200073
3597	302.6900024
3598	302.4599915
3599	302.1499939
3600	301.769989
3601	301.769989
3602	300.8900146
3603	300.1400146
3604	299.8500061
3605	299.1600037
3606	298.5899963
3607	297.9200134
3608	297.9200134
3609	297.1499939
3610	296.769989
3611	296.7099915
3612	296.5
3613	296.3900146
3614	296.3900146
3615	296.3900146
3616	296.5599976
3617	296.6900024
3618	296.6700134
3619	296.8800049
3620	297
3621	297.0599976
3622	297.2099915
3623	297.4599915
3624	297.3999939
3625	297.6499939
3626	297.7999878
3627	297.9200134
3628	298.1900024
3629	298.1900024
3630	298.2600098
3631	298.4200134
3632	298.5899963
3633	298.7999878
3634	298.8599854
3635	299.0499878
3636	299.0700073
3637	299.1099854
3638	299.1099854
3639	299.3900146
3640	299.3900146
3641	299.3599854
3642	299.3900146
3643	299.4500122
3644	299.4899902
3645	299.5899963
3646	299.5899963
3647	299.5899963
3648	299.7999878
3649	299.7999878
3650	299.8200073
3651	299.7999878
3652	299.9100037
3653	299.8900146
3654	299.9700012
3655	300.0299988
3656	300.1199951
3657	300.1199951
3658	300.3299866
3659	300.4100037
3660	300.5100098
3661	300.5400085
3662	300.4899902
3663	300.4700012
3664	300.3699951
3665	300.3500061
3666	300.4100037
3667	300.4700012
3668	300.4899902
3669	300.4700012
3670	300.4100037
3671	300.3500061
3672	300.3500061
3673	300.4500122
3674	300.4700012
3675	300.5400085
3676	300.6000061
3677	300.6199951
3678	300.6799927
3679	300.6799927
3680	300.7399902
3681	300.7200012
3682	300.5799866
3683	300.5599976
3684	300.6000061
3685	300.6400146
3686	300.6400146
3687	300.7200012
3688	300.6400146
3689	300.6400146
3690	300.6600037
3691	300.6600037
3692	300.6600037
3693	300.6400146
3694	300.6199951
3695	300.5599976
3696	300.6199951
3697	300.6799927
3698	300.6799927
3699	300.7900085
3700	300.7000122
3701	300.6199951
3702	300.6199951
3703	300.5799866
3704	300.4899902
3705	300.5100098
3706	300.5100098
3707	300.4899902
3708	300.5599976
3709	300.4899902
3710	300.4100037
3711	300.4100037
3712	300.5799866
3713	300.6799927
3714	300.6199951
3715	300.6600037
3716	300.6199951
3717	300.6199951
3718	300.6199951
3719	300.769989
3720	300.8299866
3721	300.7900085
3722	300.6600037
3723	300.7000122
3724	300.6600037
3725	300.7000122
3726	300.8099976
3727	300.8900146
3728	300.8699951
3729	301.0799866
3730	301.25
3731	301.25
3732	301.269989
3733	301.1600037
3734	301.1000061
3735	301.0799866
3736	301
3737	301.0400085
3738	300.9700012
3739	300.9500122
3740	300.9500122
3741	300.8900146
3742	300.7399902
3743	300.7399902
3744	300.7000122
3745	300.7900085
3746	300.8099976
3747	300.8500061
3748	300.8299866
3749	300.7200012
3750	300.7200012
3751	300.9100037
3752	301.019989
3753	301.019989
3754	301
3755	301.019989
3756	301.0400085
3757	301.0400085
3758	301.1000061
3759	301.1000061
3760	301.0599976
3761	300.9700012
3762	300.8699951
3763	301
3764	300.9500122
3765	301.0400085
3766	300.9100037
3767	300.8900146
3768	300.8699951
3769	300.8900146
3770	300.9700012
3771	300.9500122
3772	301.1000061
3773	301.0599976
3774	301.0799866
3775	301.0400085
3776	301.0400085
3777	300.9299927
3778	300.9700012
3779	300.9100037
3780	300.9100037
3781	300.8699951
3782	300.8699951
3783	300.769989
3784	300.7000122
3785	300.769989
3786	300.7200012
3787	300.6600037
3788	300.6000061
3789	300.6000061
3790	300.6000061
3791	300.6199951
3792	300.6000061
3793	300.6199951
3794	300.5799866
3795	300.5799866
3796	300.6600037
3797	300.9100037
3798	301.1199951
3799	301.1400146
3800	301.0400085
3801	300.8699951
3802	300.8699951
3803	300.8099976
3804	300.9100037
3805	301
3806	301.0400085
3807	300.9700012
3808	301.019989
3809	301.0599976
3810	301.1000061
3811	301.1199951
3812	301.1000061
3813	301.0799866
3814	301.0599976
3815	301.0599976
3816	300.9700012
3817	300.8900146
3818	300.8900146
3819	300.8699951
3820	300.8299866
3821	300.8299866
3822	300.8699951
3823	300.8500061
3824	300.8099976
3825	300.8900146
3826	301.019989
3827	301
3828	301
3829	300.9299927
3830	300.7000122
3831	300.7900085
3832	300.8500061
3833	300.8099976
3834	300.8500061
3835	300.8500061
3836	300.9700012
3837	300.9500122
3838	300.9500122
3839	301.019989
3840	300.9299927
3841	300.8699951
3842	300.8699951
3843	301.2000122
3844	301.5599976
3845	301.7099915
3846	300.9100037
3847	300.6600037
3848	300.5400085
3849	300.4899902
3850	300.769989
3851	300.9299927
3852	301.019989
3853	301.019989
3854	301.0599976
3855	301.25
3856	301.269989
3857	301.3299866
3858	301.3099976
3859	301.25
3860	301.25
3861	301.1400146
3862	301.230011
3863	301.2000122
3864	301.1000061
3865	301.1199951
3866	301.0400085
3867	301.0400085
3868	300.9100037
3869	300.9299927
3870	300.9500122
3871	300.9500122
3872	300.9500122
3873	300.8500061
3874	300.8699951
3875	300.6000061
3876	300.5400085
3877	300.4899902
3878	300.5400085
3879	300.6400146
3880	300.8500061
3881	300.9299927
3882	301.019989
3883	301.0799866
3884	301.019989
3885	300.8900146
3886	300.9299927
3887	300.8699951
3888	300.8900146
3889	300.8099976
3890	300.6600037
3891	300.4500122
3892	300.4500122
3893	300.2399902
3894	300.2399902
3895	300.2399902
3896	300.4500122
3897	300.9100037
3898	301.3500061
3899	301.3500061
3900	301.769989
3901	301.9599915
3902	302.0599976
3903	302.0599976
3904	302.1000061
3905	302.1000061
3906	302.1300049
3907	302.3099976
3908	302.3800049
3909	302.519989
3910	302.769989
3911	302.9200134
3912	302.9200134
3913	303.0700073
3914	302.980011
3915	302.9400024
3916	303.019989
3917	302.9200134
3918	302.9599915
3919	302.9400024
3920	302.9400024
3921	302.980011
3922	302.9400024
3923	303.0899963
3924	303.0899963
3925	303.0499878
3926	303
3927	303.1099854
3928	303.0700073
3929	303.230011
3930	303.3599854
3931	303.3599854
3932	303.5700073
3933	303.5299988
3934	303.5700073
3935	303.3800049
3936	303.230011
3937	303.2799988
3938	303.2799988
3939	303.019989
3940	302.980011
3941	302.980011
3942	302.980011
3943	303.2099915
3944	303.3999939
3945	303.4200134
3946	303.6499939
3947	303.6300049
3948	303.6300049
3949	303.5100098
3950	303.5100098
3951	303.3800049
3952	303.3599854
3953	303.2099915
3954	303.1499939
3955	303.0899963
3956	303.230011
3957	303.2999878
3958	303.2799988
3959	303.2099915
3960	303.2099915
3961	303.1900024
3962	303.1099854
3963	303.1099854
3964	303.25
3965	303.2799988
3966	303.2999878
3967	303.3999939
3968	303.3999939
3969	303.3399963
3970	303.3399963
3971	303.1900024
3972	303.1300049
3973	303.0899963
3974	303.0899963
3975	303.25
3976	303.2999878
3977	303.2099915
3978	303.4599915
3979	303.5100098
3980	303.5299988
3981	303.6499939
3982	303.6099854
3983	303.5299988
3984	303.5899963
3985	303.3999939
3986	303.25
3987	303.1499939
3988	303.1700134
3989	303.019989
3990	302.9599915
3991	303
3992	302.9400024
3993	302.8999939
3994	303.0499878
3995	303.0499878
3996	303.2799988
3997	303.2799988
3998	303.2799988
3999	303.3200073
4000	303.1700134
4001	303.0700073
4002	303.0700073
4003	303.1499939
4004	303.0899963
4005	303.0700073
4006	303.0499878
4007	303
4008	303.0899963
4009	303.0899963
4010	303.3200073
4011	303.2099915
4012	303.1499939
4013	303.0499878
4014	303
4015	302.980011
4016	302.9599915
4017	303.019989
4018	302.9599915
4019	303.0899963
4020	302.8599854
4021	302.769989
4022	302.75
4023	302.7099915
4024	302.9200134
4025	302.9400024
4026	302.9400024
4027	303.0499878
4028	303
4029	302.9599915
4030	302.9400024
4031	302.8599854
4032	302.769989
4033	302.8399963
4034	302.8399963
4035	302.7900085
4036	302.8399963
4037	302.8599854
4038	303
4039	303.019989
4040	303.1499939
4041	303.1499939
4042	303.25
4043	303.230011
4044	303.1099854
4045	302.8399963
4046	302.6900024
4047	302.7900085
4048	302.8200073
4049	302.8200073
4050	302.8399963
4051	302.8999939
4052	303.0899963
4053	303.0899963
4054	303.0700073
4055	303.1700134
4056	303.1300049
4057	303.0899963
4058	303
4059	303.0499878
4060	303
4061	302.9400024
4062	302.8599854
4063	302.7900085
4064	303.0499878
4065	303.2099915
4066	303.1700134
4067	302.980011
4068	302.8599854
4069	302.769989
4070	302.5899963
4071	302.4599915
4072	302.230011
4073	302.230011
4074	301.8099976
4075	301.480011
4076	301.3299866
4077	300.8299866
4078	300.0299988
4079	299.2999878
4080	299.2999878
4081	298.4400024
4082	298.0499878
4083	298.0299988
4084	297.6499939
4085	297.1300049
4086	297.0899963
4087	296.9400024
4088	296.8099976
4089	296.769989
4090	296.8299866
4091	296.8299866
4092	296.8099976
4093	296.8599854
4094	296.980011
4095	297.2099915
4096	297.3800049
4097	297.6499939
4098	297.8999939
4099	297.980011
4100	298.1499939
4101	298.1900024
4102	298.4200134
4103	298.5499878
4104	298.4899902
4105	298.4899902
4106	298.6099854
4107	298.6300049
4108	298.6099854
4109	298.7399902
4110	298.8200073
4111	298.9500122
4112	298.9500122
4113	299.0499878
4114	299.1099854
4115	299.0899963
4116	299.1099854
4117	299.1300049
4118	299.1099854
4119	299.0700073
4120	299.0499878
4121	299.0700073
4122	299.1799927
4123	299.3200073
4124	299.4299927
4125	299.4700012
4126	299.6199951
4127	299.9299927
4128	299.9500122
4129	299.9100037
4130	299.8500061
4131	299.7600098
4132	299.7399902
4133	299.8200073
4134	299.9700012
4135	300.0100098
4136	300.0100098
4137	299.9100037
4138	299.9899902
4139	300.0100098
4140	300.0799866
4141	300.0799866
4142	300.2200012
4143	300.2799988
4144	300.2799988
4145	300.2399902
4146	300.2000122
4147	300.2399902
4148	300.1400146
4149	300.0100098
4150	299.8900146
4151	299.8900146
4152	299.9700012
4153	300.1000061
4154	300.1199951
4155	300.3299866
4156	300.3900146
4157	300.3900146
4158	300.3299866
4159	300.4100037
4160	300.4899902
4161	300.5400085
4162	300.6199951
4163	300.6199951
4164	300.5100098
4165	300.5400085
4166	300.3699951
4167	300.3299866
4168	300.4100037
4169	300.5100098
4170	300.7000122
4171	300.8699951
4172	300.8900146
4173	300.9299927
4174	300.8900146
4175	300.8299866
4176	300.8299866
4177	300.8900146
4178	300.8099976
4179	300.7399902
4180	300.5599976
4181	300.6199951
4182	300.5799866
4183	300.5799866
4184	300.6600037
4185	300.6000061
4186	300.4899902
4187	300.4700012
4188	300.5400085
4189	300.6400146
4190	300.6400146
4191	300.5799866
4192	300.3900146
4193	300.3500061
4194	300.1600037
4195	300.1000061
4196	300.1600037
4197	300.1799927
4198	300.3699951
4199	300.4500122
4200	300.5599976
4201	300.6000061
4202	300.6799927
4203	300.7900085
4204	300.769989
4205	300.8500061
4206	300.8299866
4207	300.7399902
4208	300.6400146
4209	300.5100098
4210	300.4899902
4211	300.4700012
4212	300.4500122
4213	300.4100037
4214	300.3299866
4215	300.3299866
4216	300.3500061
4217	300.3299866
4218	300.3500061
4219	300.2600098
4220	300.2399902
4221	300.4100037
4222	300.4100037
4223	300.6199951
4224	300.4899902
4225	300.4899902
4226	300.3500061
4227	300.5400085
4228	300.4500122
4229	300.4500122
4230	300.3099976
4231	300.4299927
4232	300.4500122
4233	300.6199951
4234	300.6000061
4235	300.6199951
4236	300.6199951
4237	300.6600037
4238	300.6199951
4239	300.6000061
4240	300.5400085
4241	300.4299927
4242	300.4899902
4243	300.4100037
4244	300.3699951
4245	300.3699951
4246	300.4500122
4247	300.4500122
4248	300.5100098
4249	300.5799866
4250	300.5599976
4251	300.5100098
4252	300.6400146
4253	300.769989
4254	300.769989
4255	300.8500061
4256	300.8900146
4257	300.8500061
4258	300.9299927
4259	300.8900146
4260	300.769989
4261	300.769989
4262	300.5599976
4263	300.4899902
4264	300.5400085
4265	300.6199951
4266	300.7399902
4267	300.7200012
4268	300.8099976
4269	300.6799927
4270	300.6600037
4271	300.5799866
4272	300.5599976
4273	300.6000061
4274	300.4899902
4275	300.4500122
4276	300.4100037
4277	300.3900146
4278	300.3699951
4279	300.3699951
4280	300.3099976
4281	300.3099976
4282	300.3500061
4283	300.3699951
4284	300.4700012
4285	300.3699951
4286	300.3699951
4287	300.5100098
4288	300.6000061
4289	300.6000061
4290	300.6199951
4291	300.5400085
4292	300.4899902
4293	300.4899902
4294	300.4700012
4295	300.4700012
4296	300.5400085
4297	300.6000061
4298	300.7000122
4299	300.6000061
4300	300.5599976
4301	300.4899902
4302	300.5400085
4303	300.5400085
4304	300.5400085
4305	300.5599976
4306	300.4700012
4307	300.4899902
4308	300.7000122
4309	300.6000061
4310	300.6400146
4311	300.6199951
4312	300.6000061
4313	300.6400146
4314	300.7200012
4315	300.7399902
4316	300.7200012
4317	300.7000122
4318	300.7000122
4319	300.5599976
4320	300.4299927
4321	300.3900146
4322	300.3699951
4323	300.3099976
4324	300.3699951
4325	300.3699951
4326	300.5400085
4327	300.6600037
4328	300.5599976
4329	300.6400146
4330	300.7000122
4331	300.5799866
4332	300.5799866
4333	300.3699951
4334	300.2600098
4335	300.2799988
4336	300.3699951
4337	300.3900146
4338	300.4100037
4339	300.4500122
4340	300.4100037
4341	300.4500122
4342	300.4100037
4343	300.3900146
4344	300.4100037
4345	300.3299866
4346	300.2799988
4347	300.3299866
4348	300.3500061
4349	300.3500061
4350	300.3900146
4351	300.3900146
4352	300.4299927
4353	300.5599976
4354	300.7399902
4355	300.7399902
4356	300.7399902
4357	300.7399902
4358	300.4500122
4359	300.4299927
4360	300.4100037
4361	300.4700012
4362	300.5799866
4363	300.7200012
4364	300.7200012
4365	300.8500061
4366	300.8299866
4367	301.019989
4368	301
4369	300.9500122
4370	301.0799866
4371	301.3099976
4372	301.8999939
4373	301.980011
4374	302.019989
4375	302.1700134
4376	302.3999939
4377	302.519989
4378	302.6700134
4379	302.6900024
4380	302.6099854
4381	302.5899963
4382	302.4599915
4383	302.480011
4384	302.6099854
4385	302.6700134
4386	302.8200073
4387	302.7900085
4388	302.75
4389	302.6700134
4390	302.6099854
4391	302.4599915
4392	302.519989
4393	302.6099854
4394	302.5599976
4395	302.730011
4396	302.730011
4397	302.9599915
4398	302.8999939
4399	302.8399963
4400	302.730011
4401	302.5899963
4402	302.6900024
4403	302.6900024
4404	302.9200134
4405	303.1700134
4406	303.1900024
4407	303.2099915
4408	303.1300049
4409	303.0700073
4410	303.0899963
4411	302.8999939
4412	302.8999939
4413	302.9400024
4414	302.769989
4415	302.8599854
4416	302.8999939
4417	302.9400024
4418	303
4419	302.9599915
4420	303
4421	303
4422	303.0899963
4423	303.0899963
4424	303.019989
4425	302.9200134
4426	302.8800049
4427	302.769989
4428	302.769989
4429	302.6099854
4430	302.5
4431	302.5
4432	302.5599976
4433	302.7099915
4434	302.8200073
4435	302.8200073
4436	302.9400024
4437	303.019989
4438	303.0499878
4439	302.9200134
4440	302.8399963
4441	302.5599976
4442	302.5599976
4443	302.730011
4444	302.75
4445	302.730011
4446	302.75
4447	302.730011
4448	302.730011
4449	302.7099915
4450	302.6499939
4451	302.6300049
4452	302.4400024
4453	302.4400024
4454	302.480011
4455	302.6499939
4456	302.7900085
4457	302.769989
4458	302.769989
4459	302.6900024
4460	302.7900085
4461	302.769989
4462	302.75
4463	302.7099915
4464	302.6300049
4465	302.5599976
4466	302.6900024
4467	302.6900024
4468	302.6700134
4469	302.6700134
4470	302.730011
4471	302.769989
4472	302.9400024
4473	302.8599854
4474	302.8599854
4475	302.25
4476	302.2900085
4477	302.3599854
4478	302.6300049
4479	302.8800049
4480	302.730011
4481	302.769989
4482	302.7900085
4483	302.6900024
4484	302.6300049
4485	302.8399963
4486	302.9200134
4487	302.9400024
4488	302.9599915
4489	302.8800049
4490	302.8200073
4491	302.5599976
4492	302.4200134
4493	302.3800049
4494	302.4200134
4495	302.519989
4496	302.7900085
4497	302.7900085
4498	302.6300049
4499	302.6300049
4500	302.480011
4501	302.6099854
4502	302.6300049
4503	302.6499939
4504	302.6300049
4505	302.3800049
4506	302.3800049
4507	302.3299866
4508	302.5599976
4509	302.6700134
4510	302.8399963
4511	302.9599915
4512	302.8800049
4513	302.8800049
4514	302.730011
4515	302.769989
4516	302.7900085
4517	302.9599915
4518	302.980011
4519	302.9400024
4520	303.019989
4521	302.9200134
4522	302.8200073
4523	302.8399963
4524	302.730011
4525	302.730011
4526	302.730011
4527	302.75
4528	302.8200073
4529	302.8200073
4530	302.7099915
4531	302.6900024
4532	302.6700134
4533	302.5
4534	302.3800049
4535	302.3599854
4536	302.3800049
4537	302.25
4538	302.25
4539	302.3099976
4540	302.4599915
4541	302.480011
4542	302.4599915
4543	302.3599854
4544	302.1000061
4545	302.1000061
4546	301.6199951
4547	301.519989
4548	301.3900146
4549	301.0400085
4550	300.6600037
4551	300.3500061
4552	299.9700012
4553	298.9500122
4554	298.3999939
4555	298.1300049
4556	297.6099854
4557	297.3599854
4558	297.3200073
4559	297.269989
4560	297.1099854
4561	297.0400085
4562	297.019989
4563	297
4564	296.8999939
4565	296.9400024
4566	296.9400024
4567	296.8299866
4568	296.980011
4569	297.1300049
4570	297.3800049
4571	297.5700073
4572	297.5499878
4573	297.6499939
4574	297.6099854
4575	297.6099854
4576	297.7799988
4577	297.7799988
4578	298.0100098
4579	298.3200073
4580	298.3999939
4581	298.5299988
4582	298.6700134
4583	298.7200012
4584	298.7200012
4585	298.5100098
4586	298.5100098
4587	298.4899902
4588	298.6700134
4589	298.8599854
4590	298.9500122
4591	299.0299988
4592	299.1300049
4593	299.1099854
4594	299.0100098
4595	299.0700073
4596	299.1300049
4597	299.1099854
4598	299.2000122
4599	299.1600037
4600	299.0499878
4601	299.1799927
4602	299.2600098
4603	299.2600098
4604	299.1799927
4605	299.1799927
4606	299.1799927
4607	299.2600098
4608	299.3900146
4609	299.3900146
4610	299.5499878
4611	299.5499878
4612	299.6600037
4613	299.6400146
4614	299.5899963
4615	299.6600037
4616	299.6600037
4617	299.9299927
4618	299.8900146
4619	299.8900146
4620	299.8200073
4621	299.7799988
4622	299.8900146
4623	299.8900146
4624	299.8200073
4625	299.7600098
4626	299.8500061
4627	299.8200073
4628	299.8699951
4629	299.8500061
4630	299.7600098
4631	299.6799927
4632	299.6600037
4633	299.7600098
4634	299.8200073
4635	299.8200073
4636	299.8699951
4637	299.9700012
4638	300.0799866
4639	300.1199951
4640	300.3699951
4641	300.3099976
4642	300.2799988
4643	300.2399902
4644	300.3099976
4645	300.3699951
4646	300.3299866
4647	300.2399902
4648	300.2399902
4649	300.2399902
4650	300.3699951
4651	300.3099976
4652	300.2399902
4653	300.2000122
4654	300.2200012
4655	300.2200012
4656	300.1199951
4657	300.0799866
4658	300.1000061
4659	300.0799866
4660	300.0799866
4661	300.0100098
4662	299.9700012
4663	300.1199951
4664	300.0100098
4665	300.1000061
4666	300.1000061
4667	300.2200012
4668	300.2399902
4669	300.3299866
4670	300.1799927
4671	300.1799927
4672	300.2200012
4673	300.3500061
4674	300.2399902
4675	300.2600098
4676	300.2200012
4677	300.1799927
4678	300.1799927
4679	300.2600098
4680	300.2600098
4681	300.3500061
4682	300.2200012
4683	300.2000122
4684	300.1799927
4685	300.2000122
4686	300.0499878
4687	300.0499878
4688	300.1400146
4689	300.2200012
4690	300.2000122
4691	300.1199951
4692	300.0299988
4693	299.9700012
4694	299.9700012
4695	299.9500122
4696	299.9700012
4697	300.0799866
4698	300.1199951
4699	300.1400146
4700	300.2399902
4701	300.2200012
4702	300.4299927
4703	300.4299927
4704	300.4899902
4705	300.6000061
4706	300.5799866
4707	300.6400146
4708	300.6600037
4709	300.6400146
4710	300.6400146
4711	300.6600037
4712	300.6400146
4713	300.4899902
4714	300.4700012
4715	300.4500122
4716	300.2600098
4717	300.3099976
4718	300.2200012
4719	300.2200012
4720	300.3699951
4721	300.5400085
4722	300.5400085
4723	300.6199951
4724	300.5799866
4725	300.4700012
4726	300.4700012
4727	300.3099976
4728	300.1799927
4729	300.1400146
4730	300.1199951
4731	300.0799866
4732	300.1400146
4733	300.1600037
4734	300.3099976
4735	300.4100037
4736	300.5599976
4737	300.6400146
4738	300.6799927
4739	300.6600037
4740	300.4899902
4741	300.5100098
4742	300.5100098
4743	300.5599976
4744	300.5400085
4745	300.5100098
4746	300.5799866
4747	300.6600037
4748	300.8500061
4749	300.8099976
4750	300.6600037
4751	300.6600037
4752	300.4299927
4753	300.3699951
4754	300.3099976
4755	300.2799988
4756	300.2399902
4757	300.1799927
4758	300.1799927
4759	300.3099976
4760	300.2000122
4761	300.2799988
4762	300.3299866
4763	300.3099976
4764	300.2200012
4765	300.2200012
4766	300.3699951
4767	300.4500122
4768	300.3900146
4769	300.3299866
4770	300.2799988
4771	300.2399902
4772	300.4700012
4773	300.7399902
4774	300.6799927
4775	300.6600037
4776	300.5799866
4777	300.6000061
4778	300.6000061
4779	300.6600037
4780	300.4700012
4781	300.4500122
4782	300.3099976
4783	300.3500061
4784	300.3900146
4785	300.2000122
4786	300.1799927
4787	300.1199951
4788	300.2000122
4789	300.2200012
4790	300.2200012
4791	300.3099976
4792	300.4299927
4793	300.4500122
4794	300.3900146
4795	300.3099976
4796	300.2200012
4797	300.2200012
4798	300.1600037
4799	300.2200012
4800	300.1799927
4801	300.1799927
4802	300.2600098
4803	300.1799927
4804	300.1799927
4805	300.3099976
4806	300.2799988
4807	300.2799988
4808	300.2000122
4809	300.1799927
4810	300.0799866
4811	300.1600037
4812	300.2600098
4813	300.3299866
4814	300.3500061
4815	300.1600037
4816	300.0499878
4817	300.1600037
4818	300.1199951
4819	300.1799927
4820	300.1000061
4821	300.1400146
4822	300.2399902
4823	300.3500061
4824	300.5599976
4825	300.5100098
4826	300.6400146
4827	300.7900085
4828	300.8500061
4829	300.8500061
4830	300.6199951
4831	300.8699951
4832	300.7900085
4833	300.6400146
4834	300.7200012
4835	300.8500061
4836	300.8500061
4837	301.1000061
4838	301.1799927
4839	301.3299866
4840	301.6400146
4841	301.8699951
4842	302.019989
4843	302.1700134
4844	302.4200134
4845	302.25
4846	302.019989
4847	301.75
4848	301.769989
4849	301.9599915
4850	301.8999939
4851	302.1300049
4852	302.1499939
4853	302.3800049
4854	302.4200134
4855	302.3299866
4856	302.3999939
4857	302.4200134
4858	302.5
4859	302.5
4860	302.3099976
4861	302.3099976
4862	302.230011
4863	302.3299866
4864	302.25
4865	302.3800049
4866	302.3999939
4867	302.2900085
4868	302.2900085
4869	302.3800049
4870	302.3999939
4871	302.269989
4872	302.1900024
4873	302.0599976
4874	301.980011
4875	301.980011
4876	301.9400024
4877	301.8999939
4878	301.8999939
4879	302.0599976
4880	302.1700134
4881	302.1900024
4882	302.1300049
4883	301.9599915
4884	301.9599915
4885	302.1900024
4886	302.1700134
4887	302.1000061
4888	302.0599976
4889	302.1499939
4890	302.25
4891	302.1900024
4892	302.0400085
4893	302.019989
4894	302.1300049
4895	302.3299866
4896	302.480011
4897	302.6499939
4898	302.7099915
4899	302.6099854
4900	302.6099854
4901	302.4200134
4902	302.1900024
4903	302.1000061
4904	302.1499939
4905	302.25
4906	302.3999939
4907	302.3999939
4908	302.4200134
4909	302.5599976
4910	302.5599976
4911	302.4400024
4912	302.5
4913	302.5599976
4914	302.6900024
4915	302.3999939
4916	302.2900085
4917	302.230011
4918	302.2900085
4919	302.4599915
4920	302.5
4921	302.519989
4922	302.5899963
4923	302.480011
4924	302.3099976
4925	302.0599976
4926	301.9200134
4927	301.769989
4928	301.8699951
4929	302.0799866
4930	302.019989
4931	302.1000061
4932	302.1000061
4933	302.4400024
4934	302.5
4935	302.6499939
4936	302.6700134
4937	302.5400085
4938	302.3299866
4939	302.3299866
4940	302.3999939
4941	302.480011
4942	302.5400085
4943	302.6700134
4944	302.5599976
4945	302.3999939
4946	302.3999939
4947	302.230011
4948	302.1700134
4949	302.1300049
4950	302
4951	302.1900024
4952	302.2099915
4953	302.269989
4954	302.2900085
4955	302.3299866
4956	302.0799866
4957	302.0799866
4958	302.0799866
4959	301.8500061
4960	301.8999939
4961	301.519989
4962	301.4599915
4963	301.3900146
4964	301.269989
4965	301.269989
4966	301.0799866
4967	301.1000061
4968	301.3099976
4969	301.3699951
4970	301.3500061
4971	301.3500061
4972	301.730011
4973	301.8500061
4974	301.8999939
4975	301.8999939
4976	301.7099915
4977	301.6900024
4978	301.6900024
4979	301.980011
4980	302.0799866
4981	302.1499939
4982	302.0400085
4983	302.0799866
4984	302.1499939
4985	302.2099915
4986	302.25
4987	302.1900024
4988	302.2099915
4989	302.1000061
4990	302.1300049
4991	302.0799866
4992	302.1499939
4993	301.769989
4994	301.769989
4995	301.5799866
4996	301.75
4997	302.019989
4998	302.3099976
4999	302.4400024
5000	302.519989
5001	302.6099854
5002	302.3599854
5003	302.3599854
5004	302.0400085
5005	302.0799866
5006	302.1000061
5007	302.1000061
5008	302.1300049
5009	302.019989
5010	302.019989
5011	301.980011
5012	301.9599915
5013	302.019989
5014	302.0799866
5015	302.1000061
5016	301.9400024
5017	301.9400024
5018	301.8299866
5019	301.6000061
5020	301.480011
5021	300.9700012
5022	300.5799866
5023	300.2799988
5024	300.1400146
5025	299.2000122
5026	298.8800049
5027	298.2399902
5028	297.5
5029	297.230011
5030	296.75
5031	296.6700134
5032	296.519989
5033	296.5799866
5034	296.4200134
5035	296.5
5036	296.5400085
5037	296.519989
5038	296.5799866
5039	296.6199951
5040	296.8099976
5041	296.8299866
5042	296.8299866
5043	297.0599976
5044	297.25
5045	297.3200073
5046	297.3800049
5047	297.3999939
5048	297.5899963
5049	297.5899963
5050	297.75
5051	297.9400024
5052	298.0100098
5053	297.9200134
5054	297.9599915
5055	298.0299988
5056	298.1900024
5057	298.4700012
5058	298.5700073
5059	298.5700073
5060	298.7399902
5061	298.6700134
5062	298.7200012
5063	298.7000122
5064	298.7200012
5065	298.8200073
5066	298.8800049
5067	298.8200073
5068	298.8599854
5069	298.7999878
5070	298.8800049
5071	298.8999939
5072	299.2000122
5073	299.2799988
5074	299.3200073
5075	299.2600098
5076	299.2399902
5077	299.2399902
5078	299.3399963
5079	299.4899902
5080	299.4700012
5081	299.4700012
5082	299.5100098
5083	299.4700012
5084	299.5100098
5085	299.5499878
5086	299.7000122
5087	299.6799927
5088	299.6799927
5089	299.6400146
5090	299.5100098
5091	299.5899963
5092	299.5299988
5093	299.4899902
5094	299.5299988
5095	299.5700073
5096	299.6799927
5097	299.7200012
5098	299.6799927
5099	299.6600037
5100	299.6600037
5101	299.6600037
5102	299.6400146
5103	299.7600098
5104	299.7200012
5105	299.8900146
5106	299.9299927
5107	299.9100037
5108	299.6600037
5109	299.6199951
5110	299.6799927
5111	299.6199951
5112	299.5700073
5113	299.5700073
5114	299.5499878
5115	299.6199951
5116	299.6600037
5117	299.6199951
5118	299.5499878
5119	299.5299988
5120	299.5299988
5121	299.7600098
5122	300.0100098
5123	300.1600037
5124	300.1400146
5125	300.1199951
5126	299.9500122
5127	299.9500122
5128	299.9299927
5129	299.7999878
5130	299.7999878
5131	299.8900146
5132	299.8500061
5133	299.9700012
5134	300.1000061
5135	300.0499878
5136	300.0100098
5137	299.7999878
5138	299.8500061
5139	299.8200073
5140	300.0499878
5141	300.2000122
5142	300.3500061
5143	300.4899902
5144	300.3699951
5145	300.3699951
5146	300.3699951
5147	300.3699951
5148	300.3500061
5149	300.2399902
5150	300.1199951
5151	300.2000122
5152	300.2000122
5153	300.3500061
5154	300.3099976
5155	300.2799988
5156	300.2799988
5157	300.3699951
5158	300.3699951
5159	300.3699951
5160	300.0100098
5161	300.0100098
5162	300.1400146
5163	300.3099976
5164	300.2399902
5165	300.3299866
5166	300.3299866
5167	300.2799988
5168	300.3299866
5169	300.3500061
5170	300.2799988
5171	300.0799866
5172	300.0299988
5173	299.9100037
5174	300.0799866
5175	300.0799866
5176	300.0499878
5177	300.2399902
5178	300.2399902
5179	300.3099976
5180	300.3099976
5181	300.3500061
5182	300.2600098
5183	300.2600098
5184	300.2600098
5185	300.1600037
5186	300.1400146
5187	300.0799866
5188	300.0299988
5189	300.0299988
5190	300.0100098
5191	300.0100098
5192	299.9500122
5193	299.8200073
5194	299.7999878
5195	299.7999878
5196	300.0799866
5197	300.0299988
5198	300.0299988
5199	300.1400146
5200	300.2200012
5201	300.1199951
5202	300.1600037
5203	300.2399902
5204	300.2000122
5205	300.2000122
5206	300.0499878
5207	300.0299988
5208	299.9500122
5209	299.9899902
5210	300.0100098
5211	300.0100098
5212	300.0799866
5213	300.0799866
5214	300.0799866
5215	300.0299988
5216	300.1199951
5217	300.1600037
5218	300.2000122
5219	300.2000122
5220	300.1799927
5221	300.2200012
5222	300.2000122
5223	300.2000122
5224	300.0499878
5225	299.9100037
5226	299.9299927
5227	300.0100098
5228	300.2200012
5229	300.4299927
5230	300.4299927
5231	300.3699951
5232	300.3900146
5233	300.3299866
5234	300.2799988
5235	300.4500122
5236	300.4100037
5237	300.3500061
5238	300.1600037
5239	300.1600037
5240	300.1199951
5241	300.0100098
5242	299.8500061
5243	299.7399902
5244	299.7399902
5245	299.7399902
5246	299.7399902
5247	299.7200012
5248	299.6400146
5249	299.6600037
5250	299.6799927
5251	299.6799927
5252	299.7000122
5253	299.6799927
5254	299.7999878
5255	299.7999878
5256	299.8500061
5257	299.9100037
5258	299.9700012
5259	300.1000061
5260	300.0799866
5261	300.1000061
5262	300.1000061
5263	300.0100098
5264	299.9700012
5265	299.9500122
5266	299.8900146
5267	299.8500061
5268	299.9100037
5269	299.9100037
5270	299.9899902
5271	300.1799927
5272	300.1400146
5273	300.1000061
5274	299.9700012
5275	299.9899902
5276	300.0100098
5277	299.9299927
5278	299.9700012
5279	299.8500061
5280	299.9500122
5281	299.9500122
5282	299.9100037
5283	299.9100037
5284	300.0299988
5285	299.9700012
5286	299.8699951
5287	299.8200073
5288	299.7799988
5289	299.7600098
5290	299.7799988
5291	299.8500061
5292	299.8500061
5293	299.8900146
5294	299.8900146
5295	299.9100037
5296	300.0499878
5297	300.1400146
5298	299.9700012
5299	299.8900146
5300	300.1000061
5301	300.1000061
5302	300.5100098
5303	300.6400146
5304	300.6400146
5305	300.7000122
5306	300.8099976
5307	300.7000122
5308	300.7000122
5309	300.6199951
5310	300.5599976
5311	300.5100098
5312	300.4100037
5313	300.4500122
5314	300.4700012
5315	300.6000061
5316	300.8099976
5317	300.8099976
5318	300.769989
5319	301.1199951
5320	301.0799866
5321	301.2000122
5322	301.3299866
5323	301.3099976
5324	301.3900146
5325	301.3900146
5326	301.3900146
5327	301.4100037
5328	301.230011
5329	301.3299866
5330	301.5599976
5331	301.8299866
5332	301.9200134
5333	301.9200134
5334	302.1499939
5335	302.1300049
5336	302.25
5337	302.230011
5338	302.2900085
5339	302.1900024
5340	302.1900024
5341	302.0400085
5342	301.9200134
5343	301.9200134
5344	302.0599976
5345	302.0799866
5346	302.1300049
5347	302.1499939
5348	302.3800049
5349	302.3099976
5350	302.1700134
5351	302.0799866
5352	302.019989
5353	302.0400085
5354	302
5355	302.0400085
5356	302.019989
5357	302.019989
5358	302.0799866
5359	302.1300049
5360	302.269989
5361	302.3299866
5362	302.4599915
5363	302.6300049
5364	302.769989
5365	302.769989
5366	302.730011
5367	302.6700134
5368	302.5400085
5369	302.3800049
5370	302.230011
5371	302.230011
5372	302.230011
5373	301.980011
5374	301.8099976
5375	301.6900024
5376	301.6199951
5377	301.5400085
5378	301.6400146
5379	301.6400146
5380	301.480011
5381	301.3900146
5382	301.4299927
5383	301.5599976
5384	301.730011
5385	301.75
5386	301.769989
5387	301.6400146
5388	301.75
5389	301.6700134
5390	301.5599976
5391	301.5599976
5392	301.3699951
5393	301.480011
5394	301.4100037
5395	301.3900146
5396	301.519989
5397	301.730011
5398	301.8099976
5399	301.8999939
5400	301.8299866
5401	301.7900085
5402	301.75
5403	301.980011
5404	301.980011
5405	302.1700134
5406	302.1700134
5407	302.1900024
5408	302.230011
5409	302.4400024
5410	302.5400085
5411	302.5400085
5412	302.480011
5413	302.25
5414	302.0799866
5415	301.769989
5416	301.6000061
5417	301.4599915
5418	301.480011
5419	301.6199951
5420	301.769989
5421	302.019989
5422	302.1300049
5423	302.1000061
5424	301.980011
5425	301.8500061
5426	301.8999939
5427	301.8999939
5428	301.9599915
5429	301.8999939
5430	301.980011
5431	302.019989
5432	302.0400085
5433	301.8999939
5434	301.5599976
5435	301.519989
5436	301.519989
5437	301.9400024
5438	302.25
5439	302.230011
5440	302.1700134
5441	302.1300049
5442	302.230011
5443	302.230011
5444	302.3099976
5445	302.25
5446	302.1300049
5447	302.0599976
5448	301.9400024
5449	301.8999939
5450	301.8999939
5451	301.6400146
5452	301.5
5453	301.4599915
5454	301.5599976
5455	301.5
5456	301.519989
5457	301.5
5458	301.5599976
5459	301.519989
5460	301.5400085
5461	301.519989
5462	301.4599915
5463	301.4100037
5464	301.3500061
5465	301.269989
5466	301.269989
5467	301.4299927
5468	301.3900146
5469	301.480011
5470	301.480011
5471	301.519989
5472	301.769989
5473	301.769989
5474	301.730011
5475	301.730011
5476	301.730011
5477	301.519989
5478	301.4599915
5479	301.519989
5480	301.730011
5481	301.8699951
5482	301.8699951
5483	302
5484	302.019989
5485	302.0799866
5486	301.8999939
5487	301.8099976
5488	301.6700134
5489	301.6199951
5490	301.5400085
5491	301.519989
5492	301.4299927
5493	301.3099976
5494	301.0400085
5495	300.7900085
5496	300.4500122
5497	299.4899902
5498	299.2600098
5499	298.6099854
5500	298.1499939
5501	298.0499878
5502	297.8200073
5503	297.6900024
5504	297.3800049
5505	296.980011
5506	296.519989
5507	296.519989
5508	296.1900024
5509	296.2900085
5510	296.3099976
5511	296.480011
5512	296.5599976
5513	296.5799866
5514	296.5799866
5515	296.5799866
5516	296.6700134
5517	296.730011
5518	296.769989
5519	296.8299866
5520	296.9400024
5521	296.9400024
5522	297.2099915
5523	297.3399963
5524	297.4400024
5525	297.6700134
5526	297.8399963
5527	298.0100098
5528	298.1099854
5529	298.1499939
5530	298.1900024
5531	298.2799988
5532	298.3999939
5533	298.3599854
5534	298.3599854
5535	298.3599854
5536	298.5299988
5537	298.5700073
5538	298.6099854
5539	298.6099854
5540	298.6499939
5541	298.6700134
5542	298.6700134
5543	298.7200012
5544	298.7000122
5545	298.5100098
5546	298.5100098
5547	298.7999878
5548	298.9299927
5549	299.0700073
5550	299.1799927
5551	299.2399902
5552	299.2799988
5553	299.2799988
5554	299.3200073
5555	299.2999878
5556	299.3200073
5557	299.4500122
5558	299.5700073
5559	299.5299988
5560	299.4700012
5561	299.5700073
5562	299.6799927
5563	299.7200012
5564	299.6799927
5565	299.6199951
5566	299.4700012
5567	299.4299927
5568	299.4500122
5569	299.4500122
5570	299.4899902
5571	299.5499878
5572	299.5899963
5573	299.6799927
5574	299.7000122
5575	299.7999878
5576	299.8699951
5577	299.8900146
5578	299.7799988
5579	299.7600098
5580	299.7200012
5581	299.6199951
5582	299.7200012
5583	299.7200012
5584	299.6600037
5585	299.6600037
5586	299.7399902
5587	299.6199951
5588	299.5899963
5589	299.6799927
5590	299.7000122
5591	299.7799988
5592	299.7799988
5593	299.6799927
5594	299.5499878
5595	299.6400146
5596	299.5700073
5597	299.7000122
5598	299.7000122
5599	299.6799927
5600	299.9899902
5601	300.0299988
5602	300.0299988
5603	299.9100037
5604	299.7799988
5605	299.7000122
5606	299.7200012
5607	299.7200012
5608	299.7600098
5609	299.8200073
5610	299.8200073
5611	299.8900146
5612	299.9299927
5613	299.9899902
5614	300.0499878
5615	300.1199951
5616	300.0100098
5617	300.0100098
5618	300.0100098
5619	299.9299927
5620	299.8500061
5621	299.9299927
5622	300.0499878
5623	300.0799866
5624	300.0799866
5625	300.1000061
5626	300.0100098
5627	299.9899902
5628	300.0499878
5629	299.9899902
5630	299.9500122
5631	299.9500122
5632	299.9899902
5633	299.9500122
5634	299.9299927
5635	299.9100037
5636	299.9299927
5637	300.0100098
5638	300.0299988
5639	300.1199951
5640	300.0299988
5641	300.2000122
5642	300.1199951
5643	299.9899902
5644	299.7999878
5645	299.7200012
5646	299.6600037
5647	299.7999878
5648	299.8200073
5649	299.8200073
5650	299.8900146
5651	299.9899902
5652	300.0499878
5653	300.1400146
5654	300.0499878
5655	299.9500122
5656	299.9500122
5657	299.5700073
5658	299.5899963
5659	299.6199951
5660	299.7600098
5661	299.7799988
5662	299.7399902
5663	299.7399902
5664	299.6199951
5665	299.5899963
5666	299.5100098
5667	299.3200073
5668	299.2399902
5669	299.2799988
5670	299.2999878
5671	299.4899902
5672	299.5700073
5673	299.7799988
5674	300.0100098
5675	299.9700012
5676	299.9700012
5677	300.0499878
5678	299.9500122
5679	299.8900146
5680	299.7399902
5681	299.6400146
5682	299.5899963
5683	299.7200012
5684	299.7600098
5685	299.7399902
5686	299.5899963
5687	299.6199951
5688	299.6199951
5689	299.7399902
5690	299.6799927
5691	299.7600098
5692	299.7200012
5693	299.7200012
5694	299.7399902
5695	299.7399902
5696	299.5899963
5697	299.4899902
5698	299.4899902
5699	299.4100037
5700	299.4100037
5701	299.6199951
5702	299.6199951
5703	299.8900146
5704	299.8900146
5705	299.8699951
5706	299.7000122
5707	299.6600037
5708	299.6400146
5709	299.5700073
5710	299.7000122
5711	299.7200012
5712	299.6199951
5713	299.4500122
5714	299.4899902
5715	299.4899902
5716	299.4899902
5717	299.4899902
5718	299.5299988
5719	299.6400146
5720	299.5899963
5721	299.6400146
5722	299.5899963
5723	299.5700073
5724	299.6799927
5725	299.8500061
5726	299.9500122
5727	299.9500122
5728	299.8699951
5729	299.7799988
5730	299.7799988
5731	299.8500061
5732	299.7600098
5733	299.7999878
5734	299.7999878
5735	299.9500122
5736	299.9500122
5737	299.9100037
5738	299.8500061
5739	299.8699951
5740	299.9100037
5741	300.0100098
5742	300.1400146
5743	300.1000061
5744	299.9899902
5745	299.9299927
5746	299.9100037
5747	299.8200073
5748	299.7999878
5749	299.8200073
5750	299.8699951
5751	299.9299927
5752	300.0299988
5753	300.0299988
5754	300.1000061
5755	300.1400146
5756	300.1000061
5757	300.0799866
5758	299.9299927
5759	299.9299927
5760	299.7999878
5761	299.7999878
5762	299.8500061
5763	299.9299927
5764	300.0100098
5765	300.0100098
5766	300.0100098
5767	299.9500122
5768	299.9700012
5769	299.9100037
5770	299.9299927
5771	299.9700012
5772	299.9899902
5773	299.9899902
5774	300.1199951
5775	299.9899902
5776	300.0100098
5777	299.9100037
5778	299.9700012
5779	299.9700012
5780	300.1000061
5781	300.3299866
5782	300.3699951
5783	300.2799988
5784	300.2000122
5785	300.1799927
5786	300.2600098
5787	300.3699951
5788	300.5100098
5789	300.5400085
5790	300.4299927
5791	300.3299866
5792	300.3900146
5793	300.5400085
5794	300.6400146
5795	301.0400085
5796	301.3699951
5797	301.5599976
5798	301.5599976
5799	301.730011
5800	301.6000061
5801	301.5799866
5802	301.5799866
5803	301.75
5804	301.8099976
5805	301.8099976
5806	301.8299866
5807	301.75
5808	301.6400146
5809	301.769989
5810	301.7900085
5811	301.7099915
5812	301.75
5813	301.6900024
5814	301.8500061
5815	301.8999939
5816	302.1499939
5817	302.1700134
5818	302.1900024
5819	302.1300049
5820	302.269989
5821	302.230011
5822	302.1700134
5823	302.1700134
5824	302.230011
5825	302.269989
5826	302.25
5827	302.0799866
5828	301.980011
5829	302.0400085
5830	302.0400085
5831	301.9200134
5832	302.0599976
5833	302.1000061
5834	302.230011
5835	302.2900085
5836	302.269989
5837	302.269989
5838	302.1900024
5839	302.1499939
5840	302.1000061
5841	302.1499939
5842	302.230011
5843	302.0799866
5844	302.0799866
5845	301.769989
5846	301.75
5847	301.8999939
5848	302.0400085
5849	302.2099915
5850	302.1499939
5851	302.2099915
5852	302.019989
5853	302.0599976
5854	302.1700134
5855	302.3299866
5856	302.25
5857	302.1700134
5858	302.1700134
5859	301.9599915
5860	301.8299866
5861	301.9200134
5862	301.9200134
5863	301.8999939
5864	301.8500061
5865	301.7900085
5866	301.8999939
5867	301.8299866
5868	301.8099976
5869	301.8099976
5870	301.6400146
5871	301.6199951
5872	301.5
5873	301.269989
5874	301.25
5875	301.3299866
5876	301.3299866
5877	301.6900024
5878	301.9400024
5879	301.9599915
5880	301.8999939
5881	301.8299866
5882	301.7900085
5883	301.7900085
5884	301.6400146
5885	301.519989
5886	301.5799866
5887	301.75
5888	302.0400085
5889	302.0799866
5890	302.1000061
5891	302.1900024
5892	302.25
5893	302.1499939
5894	302
5895	301.9200134
5896	301.8500061
5897	301.7900085
5898	301.8500061
5899	301.9200134
5900	301.8999939
5901	301.9200134
5902	301.75
5903	301.75
5904	301.7900085
5905	301.6400146
5906	301.769989
5907	301.8299866
5908	301.8299866
5909	302.1000061
5910	302.0400085
5911	301.980011
5912	302.0599976
5913	302.1700134
5914	302.1300049
5915	302.1300049
5916	301.9599915
5917	301.8999939
5918	301.9200134
5919	301.8999939
5920	301.7099915
5921	301.6900024
5922	301.6900024
5923	301.8099976
5924	301.9200134
5925	302
5926	301.8999939
5927	302.019989
5928	302.019989
5929	302
5930	302.019989
5931	302.0400085
5932	302.1700134
5933	302.1300049
5934	302.1300049
5935	301.9400024
5936	301.9200134
5937	301.6199951
5938	301.3699951
5939	301.4299927
5940	301.4299927
5941	301.3500061
5942	301.480011
5943	301.5400085
5944	301.6199951
5945	301.4100037
5946	301.4299927
5947	301.4299927
5948	301.480011
5949	301.3699951
5950	301.4100037
5951	301.6199951
5952	301.75
5953	301.8099976
5954	301.8099976
5955	301.9400024
5956	301.9400024
5957	301.9400024
5958	301.8500061
5959	301.6700134
5960	301.5400085
5961	301.5400085
5962	301.4599915
5963	301.3699951
5964	301.3099976
5965	301.230011
5966	301.1600037
5967	300.9700012
5968	300.7900085
5969	300.2799988
5970	299.7399902
5971	298.9500122
5972	298.1900024
5973	297.8599854
5974	297.3599854
5975	297.0599976
5976	296.6900024
5977	296.4400024
5978	296.0400085
5979	296.0400085
5980	295.6799927
5981	295.5599976
5982	295.5599976
5983	295.75
5984	295.980011
5985	296.1900024
5986	296.1900024
5987	296.4599915
5988	296.5799866
5989	296.6900024
5990	296.75
5991	296.8800049
5992	296.8800049
5993	296.980011
5994	297.1300049
5995	297.2099915
5996	297.3399963
5997	297.5899963
5998	297.9400024
5999	297.980011
6000	298.0499878
6001	298.2600098
6002	298.2999878
6003	298.3599854
6004	298.2600098
6005	298.3200073
6006	298.3800049
6007	298.4400024
6008	298.4899902
6009	298.5899963
6010	298.5700073
6011	298.5700073
6012	298.6300049
6013	298.5899963
6014	298.5499878
6015	298.5299988
6016	298.6499939
6017	298.8399963
6018	298.8399963
6019	298.8800049
6020	298.9899902
6021	299.0100098
6022	299.0299988
6023	299.0499878
6024	299.1300049
6025	299.1300049
6026	299.0100098
6027	298.9299927
6028	298.9899902
6029	298.8200073
6030	298.6499939
6031	298.7399902
6032	298.7000122
6033	298.8800049
6034	298.9500122
6035	299.0499878
6036	299.1799927
6037	299.1600037
6038	299.2200012
6039	299.2000122
6040	299.1799927
6041	299.1600037
6042	299.1600037
6043	299.4299927
6044	299.3200073
6045	299.3599854
6046	299.2999878
6047	299.5700073
6048	299.5899963
6049	299.6199951
6050	299.6199951
6051	299.4700012
6052	299.3399963
6053	299.2999878
6054	299.2200012
6055	299.1300049
6056	299.0299988
6057	299.0299988
6058	299.1300049
6059	299.1600037
6060	299.1600037
6061	299.2799988
6062	299.4899902
6063	299.5100098
6064	299.5299988
6065	299.5499878
6066	299.7000122
6067	299.7000122
6068	299.6400146
6069	299.5499878
6070	299.6199951
6071	299.5899963
6072	299.6199951
6073	299.6400146
6074	299.7200012
6075	299.7200012
6076	299.7799988
6077	299.7399902
6078	299.7200012
6079	299.5899963
6080	299.5299988
6081	299.6600037
6082	299.6600037
6083	299.8200073
6084	299.8500061
6085	299.8200073
6086	299.7999878
6087	299.7399902
6088	299.6799927
6089	299.6799927
6090	299.6600037
6091	299.6600037
6092	299.7200012
6093	299.8500061
6094	299.7799988
6095	299.8699951
6096	299.8699951
6097	299.9100037
6098	299.7399902
6099	299.7999878
6100	299.8699951
6101	299.8200073
6102	299.8500061
6103	299.8500061
6104	299.8900146
6105	299.7999878
6106	299.9100037
6107	299.8900146
6108	299.8900146
6109	299.8500061
6110	299.7799988
6111	299.6600037
6112	299.6600037
6113	299.6799927
6114	299.7200012
6115	299.6400146
6116	299.7200012
6117	299.7399902
6118	299.6799927
6119	299.7000122
6120	299.7000122
6121	299.7000122
6122	299.7399902
6123	299.7999878
6124	299.7799988
6125	299.7200012
6126	299.6600037
6127	299.5899963
6128	299.5899963
6129	299.6199951
6130	299.5899963
6131	299.5499878
6132	299.5499878
6133	299.5299988
6134	299.5100098
6135	299.4500122
6136	299.5899963
6137	299.7399902
6138	299.7999878
6139	299.8699951
6140	299.8500061
6141	299.9100037
6142	299.7399902
6143	299.8200073
6144	299.8500061
6145	299.7200012
6146	299.8200073
6147	299.7799988
6148	299.7000122
6149	299.7200012
6150	299.8699951
6151	299.8699951
6152	299.8200073
6153	299.7000122
6154	299.6799927
6155	299.6799927
6156	299.6799927
6157	299.6799927
6158	299.6199951
6159	299.5299988
6160	299.5299988
6161	299.5299988
6162	299.4899902
6163	299.5100098
6164	299.7200012
6165	299.9100037
6166	299.9500122
6167	299.9500122
6168	299.8900146
6169	299.7799988
6170	299.6799927
6171	299.5299988
6172	299.5100098
6173	299.5499878
6174	299.5700073
6175	299.6600037
6176	299.6400146
6177	299.5700073
6178	299.7200012
6179	299.7799988
6180	299.8900146
6181	299.9299927
6182	299.9500122
6183	299.8500061
6184	299.6400146
6185	299.5299988
6186	299.4899902
6187	299.5299988
6188	299.5899963
6189	299.7399902
6190	299.7999878
6191	299.9299927
6192	299.9299927
6193	299.8900146
6194	299.7999878
6195	299.7600098
6196	299.7399902
6197	299.7200012
6198	299.6600037
6199	299.6600037
6200	299.6799927
6201	299.7000122
6202	299.7200012
6203	299.7200012
6204	299.6400146
6205	299.6600037
6206	299.6600037
6207	299.7799988
6208	299.8200073
6209	299.9299927
6210	299.9500122
6211	299.9100037
6212	299.9100037
6213	299.7999878
6214	299.7799988
6215	299.7000122
6216	299.7000122
6217	299.7000122
6218	299.7000122
6219	299.7600098
6220	299.7799988
6221	299.7399902
6222	299.8900146
6223	299.9899902
6224	299.9700012
6225	299.8200073
6226	299.7999878
6227	299.8200073
6228	299.7200012
6229	299.8900146
6230	299.8900146
6231	299.8900146
6232	299.7600098
6233	299.6600037
6234	299.7000122
6235	299.7000122
6236	299.6600037
6237	299.7999878
6238	299.7999878
6239	299.8699951
6240	299.9299927
6241	299.9500122
6242	299.9299927
6243	299.7799988
6244	299.7399902
6245	299.6199951
6246	299.6799927
6247	299.7999878
6248	299.7999878
6249	299.8699951
6250	300.0100098
6251	300.1199951
6252	300.1799927
6253	300.6799927
6254	300.4100037
6255	300.3099976
6256	300.3099976
6257	300.2799988
6258	300.1199951
6259	300.0100098
6260	300.1199951
6261	300.2399902
6262	300.2799988
6263	300.2799988
6264	300.4500122
6265	300.6600037
6266	300.8299866
6267	301.0400085
6268	301.1799927
6269	301.2000122
6270	301.2000122
6271	301.1799927
6272	301.3900146
6273	301.5599976
6274	301.730011
6275	301.6700134
6276	301.75
6277	301.75
6278	301.6900024
6279	301.5799866
6280	301.5799866
6281	301.4599915
6282	301.2900085
6283	301.3299866
6284	301.3500061
6285	301.1799927
6286	301.1799927
6287	301.480011
6288	301.6000061
6289	301.6199951
6290	301.8500061
6291	301.9400024
6292	301.8299866
6293	301.8699951
6294	302.1000061
6295	302.3299866
6296	302.3999939
6297	302.5
6298	302.4200134
6299	302.1499939
6300	302.1300049
6301	301.8999939
6302	301.8999939
6303	301.6199951
6304	301.5599976
6305	301.5599976
6306	301.5599976
6307	301.5400085
6308	301.6900024
6309	301.6900024
6310	301.6000061
6311	301.75
6312	301.8299866
6313	301.769989
6314	301.8299866
6315	301.8099976
6316	301.7900085
6317	301.6000061
6318	301.8299866
6319	301.7900085
6320	301.8299866
6321	301.8999939
6322	301.8999939
6323	301.9400024
6324	301.9599915
6325	301.980011
6326	301.9400024
6327	301.9200134
6328	301.980011
6329	301.980011
6330	301.9400024
6331	302.019989
6332	302.1900024
6333	302.1700134
6334	302.230011
6335	302.1000061
6336	301.8999939
6337	301.9400024
6338	302.0599976
6339	301.8099976
6340	301.9200134
6341	301.9200134
6342	302.1900024
6343	302.019989
6344	301.8699951
6345	301.4599915
6346	301.2000122
6347	301.3299866
6348	301.3299866
6349	301.7099915
6350	301.9200134
6351	301.8699951
6352	301.7099915
6353	301.6199951
6354	301.6000061
6355	301.5599976
6356	301.980011
6357	302.1700134
6358	302.230011
6359	302.230011
6360	302.230011
6361	302.019989
6362	301.980011
6363	301.9400024
6364	302
6365	302.0799866
6366	302.1900024
6367	302.1900024
6368	302.0799866
6369	301.9599915
6370	301.9200134
6371	301.730011
6372	301.6700134
6373	301.6700134
6374	301.8099976
6375	302.0400085
6376	302.019989
6377	302
6378	302.2099915
6379	302.25
6380	302.25
6381	302
6382	301.769989
6383	301.6000061
6384	301.7099915
6385	301.7900085
6386	301.769989
6387	301.6199951
6388	301.5400085
6389	301.6400146
6390	301.75
6391	302.019989
6392	302.1499939
6393	302.1499939
6394	302.1300049
6395	301.8500061
6396	301.8500061
6397	301.7900085
6398	301.6400146
6399	301.75
6400	301.8099976
6401	301.8999939
6402	302.0799866
6403	302.1900024
6404	302.0400085
6405	302.019989
6406	302.1300049
6407	302.2099915
6408	302.1700134
6409	301.9200134
6410	301.8699951
6411	301.9200134
6412	301.9200134
6413	301.9599915
6414	301.9599915
6415	302.0400085
6416	302.1000061
6417	302.1900024
6418	302.1900024
6419	302.1900024
6420	302
6421	302.0599976
6422	301.7900085
6423	301.7099915
6424	301.6400146
6425	301.769989
6426	301.8299866
6427	302.019989
6428	302
6429	301.8299866
6430	301.7099915
6431	301.6700134
6432	301.730011
6433	301.75
6434	301.8099976
6435	301.8699951
6436	301.8500061
6437	301.6400146
6438	301.519989
6439	301.2900085
6440	301.1799927
6441	300.769989
6442	300.4500122
6443	299.7600098
6444	299.7600098
6445	298.7000122
6446	298.1900024
6447	297.9200134
6448	297.2900085
6449	296.9400024
6450	296.4400024
6451	296.4400024
6452	296.1000061
6453	295.8500061
6454	295.769989
6455	295.6400146
6456	295.6400146
6457	295.6000061
6458	295.6000061
6459	295.9599915
6460	296.1900024
6461	296.269989
6462	296.480011
6463	296.5400085
6464	296.6499939
6465	296.5799866
6466	296.8299866
6467	296.9200134
6468	297.1300049
6469	297.1900024
6470	297.269989
6471	297.3599854
6472	297.4200134
6473	297.5700073
6474	297.730011
6475	297.8200073
6476	297.8200073
6477	297.7999878
6478	297.7999878
6479	297.7999878
6480	297.8999939
6481	298.0700073
6482	298.3399963
6483	298.3399963
6484	298.6099854
6485	298.5299988
6486	298.5100098
6487	298.3999939
6488	298.2999878
6489	298.2799988
6490	298.2799988
6491	298.6700134
6492	298.9700012
6493	298.9899902
6494	299.0299988
6495	299.0299988
6496	299.0100098
6497	298.9500122
6498	298.9899902
6499	298.9899902
6500	298.9899902
6501	298.9500122
6502	299.0700073
6503	299.0499878
6504	298.9500122
6505	298.8999939
6506	298.8999939
6507	298.9299927
6508	298.9899902
6509	299.0100098
6510	299.0700073
6511	299.1099854
6512	299.3399963
6513	299.2600098
6514	299.4500122
6515	299.4500122
6516	299.4700012
6517	299.5100098
6518	299.4700012
6519	299.4100037
6520	299.3200073
6521	299.3399963
6522	299.3399963
6523	299.4899902
6524	299.2999878
6525	299.4100037
6526	299.4700012
6527	299.3900146
6528	299.4700012
6529	299.4700012
6530	299.5700073
6531	299.5899963
6532	299.5899963
6533	299.5899963
6534	299.4899902
6535	299.4500122
6536	299.4100037
6537	299.3399963
6538	299.3200073
6539	299.2600098
6540	299.3599854
6541	299.4100037
6542	299.4700012
6543	299.4500122
6544	299.6799927
6545	299.7600098
6546	299.8900146
6547	299.9500122
6548	299.9700012
6549	299.9500122
6550	299.9299927
6551	299.8699951
6552	299.8699951
6553	299.7799988
6554	299.7799988
6555	299.7399902
6556	299.6400146
6557	299.5899963
6558	299.5299988
6559	299.6199951
6560	299.6799927
6561	299.6799927
6562	299.5299988
6563	299.4299927
6564	299.4299927
6565	299.3599854
6566	299.3200073
6567	299.2799988
6568	299.2999878
6569	299.2799988
6570	299.4100037
6571	299.4899902
6572	299.4100037
6573	299.3200073
6574	299.3399963
6575	299.3200073
6576	299.5100098
6577	299.5700073
6578	299.6400146
6579	299.6199951
6580	299.5499878
6581	299.5100098
6582	299.5700073
6583	299.6199951
6584	299.6799927
6585	299.6199951
6586	299.6199951
6587	299.5700073
6588	299.5499878
6589	299.6199951
6590	299.5899963
6591	299.6400146
6592	299.5299988
6593	299.5299988
6594	299.5700073
6595	299.5899963
6596	299.5899963
6597	299.7000122
6598	299.7399902
6599	299.6600037
6600	299.6600037
6601	299.4500122
6602	299.3900146
6603	299.2999878
6604	299.3599854
6605	299.3900146
6606	299.3900146
6607	299.3900146
6608	299.4899902
6609	299.5100098
6610	299.5899963
6611	299.4299927
6612	299.3900146
6613	299.3599854
6614	299.4299927
6615	299.5700073
6616	299.6199951
6617	299.5100098
6618	299.3399963
6619	299.2799988
6620	299.3599854
6621	299.4700012
6622	299.5499878
6623	299.5899963
6624	299.5700073
6625	299.5700073
6626	299.7000122
6627	299.8500061
6628	299.7999878
6629	299.7799988
6630	299.6600037
6631	299.7399902
6632	299.7399902
6633	299.7600098
6634	299.7399902
6635	299.7399902
6636	299.7799988
6637	299.8200073
6638	299.8200073
6639	299.8900146
6640	299.7600098
6641	299.6799927
6642	299.6400146
6643	299.5700073
6644	299.5499878
6645	299.6199951
6646	299.5700073
6647	299.5100098
6648	299.5700073
6649	299.6799927
6650	299.6400146
6651	299.6799927
6652	299.7000122
6653	299.6799927
6654	299.7399902
6655	299.7600098
6656	299.7600098
6657	299.7399902
6658	299.7600098
6659	299.6799927
6660	299.7200012
6661	299.7200012
6662	299.6400146
6663	299.5100098
6664	299.5100098
6665	299.5499878
6666	299.6400146
6667	299.6400146
6668	299.6600037
6669	299.6799927
6670	299.6600037
6671	299.6600037
6672	299.5299988
6673	299.5100098
6674	299.5100098
6675	299.5700073
6676	299.4500122
6677	299.4899902
6678	299.5299988
6679	299.4299927
6680	299.4899902
6681	299.7399902
6682	299.8200073
6683	299.8200073
6684	299.7399902
6685	299.7600098
6686	299.6400146
6687	299.5700073
6688	299.5499878
6689	299.6400146
6690	299.7000122
6691	299.7600098
6692	299.7799988
6693	299.7399902
6694	299.7000122
6695	299.7399902
6696	299.7399902
6697	299.8900146
6698	299.9100037
6699	299.8200073
6700	299.8200073
6701	299.7200012
6702	299.6799927
6703	299.6799927
6704	299.7799988
6705	299.7600098
6706	299.7999878
6707	299.8500061
6708	299.8900146
6709	299.9299927
6710	299.9299927
6711	299.8699951
6712	299.9100037
6713	300.0100098
6714	300.0100098
6715	300.0799866
6716	300.0299988
6717	299.9899902
6718	299.7000122
6719	299.5299988
6720	299.5100098
6721	299.5100098
6722	299.5700073
6723	299.7999878
6724	299.7999878
6725	299.8699951
6726	299.7999878
6727	299.5299988
6728	299.3900146
6729	299.3200073
6730	299.4700012
6731	299.6199951
6732	299.7000122
6733	299.8500061
6734	300.1199951
6735	300.1199951
6736	300.4899902
6737	300.7200012
6738	300.7200012
6739	301.0400085
6740	301.1199951
6741	301.1000061
6742	301.1000061
6743	300.8500061
6744	301.1400146
6745	301.269989
6746	301.3099976
6747	301.269989
6748	301.3099976
6749	301.519989
6750	301.8299866
6751	301.8999939
6752	301.8500061
6753	301.730011
6754	301.7099915
6755	301.6700134
6756	301.6199951
6757	301.5599976
6758	301.6400146
6759	301.480011
6760	301.3699951
6761	301.3900146
6762	301.3699951
6763	301.3099976
6764	301.3099976
6765	301.4100037
6766	301.4100037
6767	301.4100037
6768	301.3099976
6769	301.4599915
6770	301.6000061
6771	301.7099915
6772	301.8500061
6773	301.8699951
6774	301.8699951
6775	301.9200134
6776	301.8500061
6777	301.8500061
6778	301.769989
6779	301.8500061
6780	301.6400146
6781	301.6400146
6782	301.5400085
6783	301.5400085
6784	301.6000061
6785	301.8299866
6786	302.0400085
6787	302.1000061
6788	302.1700134
6789	302.1499939
6790	302.2099915
6791	302.2099915
6792	301.9200134
6793	301.8999939
6794	301.8299866
6795	301.769989
6796	301.730011
6797	301.75
6798	301.6700134
6799	301.6900024
6800	301.8099976
6801	301.9200134
6802	302.0599976
6803	301.9599915
6804	301.8099976
6805	301.7900085
6806	301.7900085
6807	301.7900085
6808	301.730011
6809	301.6400146
6810	301.6000061
6811	301.75
6812	301.7099915
6813	301.7099915
6814	301.5
6815	301.5400085
6816	301.5599976
6817	301.6000061
6818	301.6000061
6819	301.5799866
6820	301.5400085
6821	301.6199951
6822	301.4599915
6823	301.3900146
6824	301.1600037
6825	301.1799927
6826	301.25
6827	301.4100037
6828	301.6900024
6829	301.6700134
6830	301.8099976
6831	301.7099915
6832	301.75
6833	301.730011
6834	301.769989
6835	301.7900085
6836	301.8500061
6837	302
6838	302
6839	302.0599976
6840	302.1900024
6841	302.269989
6842	302.4599915
6843	302.1900024
6844	302.269989
6845	302.269989
6846	302.1900024
6847	301.9400024
6848	301.8999939
6849	301.8500061
6850	301.980011
6851	302.0400085
6852	302.0400085
6853	301.9200134
6854	301.7900085
6855	301.6900024
6856	301.6700134
6857	301.6900024
6858	301.7900085
6859	301.730011
6860	301.9400024
6861	301.9599915
6862	301.6199951
6863	301.3099976
6864	301.3099976
6865	301.3500061
6866	301.3699951
6867	301.480011
6868	301.480011
6869	301.5400085
6870	301.6700134
6871	301.8299866
6872	302.0400085
6873	302.019989
6874	301.7900085
6875	301.6000061
6876	301.3900146
6877	301.3900146
6878	301.4599915
6879	301.519989
6880	301.5400085
6881	301.6199951
6882	301.730011
6883	301.769989
6884	301.769989
6885	301.6000061
6886	301.5799866
6887	301.6400146
6888	301.8500061
6889	302.019989
6890	301.980011
6891	301.980011
6892	302.0599976
6893	302.2900085
6894	302.2900085
6895	302.3800049
6896	302.4599915
6897	302.4400024
6898	302.4200134
6899	302.25
6900	302.0599976
6901	301.8299866
6902	301.6400146
6903	301.6000061
6904	301.5
6905	301.3500061
6906	301.1199951
6907	301.019989
6908	301.0599976
6909	301
6910	300.9700012
6911	300.9500122
6912	300.8500061
6913	300.6799927
6914	300.4899902
6915	300.0799866
6916	300.0799866
6917	299.4899902
6918	298.9899902
6919	298.7999878
6920	298.2399902
6921	297.6300049
6922	297.1300049
6923	297.1300049
6924	296.730011
6925	296.480011
6926	296.3500061
6927	296.3699951
6928	296.3699951
6929	296.3699951
6930	296.3699951
6931	296.1600037
6932	296.1900024
6933	296.1600037
6934	296.3900146
6935	296.5
6936	296.5400085
6937	296.6199951
6938	296.7900085
6939	296.8800049
6940	296.9599915
6941	296.7900085
6942	296.7900085
6943	296.769989
6944	296.8099976
6945	296.9200134
6946	296.9599915
6947	297.1300049
6948	297.1300049
6949	297.3399963
6950	297.3399963
6951	297.3999939
6952	297.4599915
6953	297.7099915
6954	298.1499939
6955	298.1499939
6956	298.5100098
6957	298.6499939
6958	298.6300049
6959	298.7399902
6960	298.6099854
6961	298.6099854
6962	298.5700073
6963	298.3200073
6964	298.4700012
6965	298.5700073
6966	298.8800049
6967	299.1300049
6968	299.2200012
6969	299.2600098
6970	299.2000122
6971	299.2999878
6972	299.2999878
6973	299.2799988
6974	299.2000122
6975	299.2399902
6976	299.1600037
6977	299.1099854
6978	299.0499878
6979	299.1099854
6980	299.0299988
6981	299.1099854
6982	299.1600037
6983	299.2200012
6984	299.0700073
6985	298.8800049
6986	298.7999878
6987	298.7999878
6988	298.8399963
6989	299.0100098
6990	299.0899963
6991	299.1300049
6992	299.1099854
6993	299.0899963
6994	299.0899963
6995	299.0299988
6996	298.9700012
6997	298.9899902
6998	299.0299988
6999	299.0299988
7000	299.1799927
7001	299.2600098
7002	299.4700012
7003	299.5100098
7004	299.3599854
7005	299.1600037
7006	299.0899963
7007	299.0700073
7008	299.1099854
7009	299.0700073
7010	299.0499878
7011	299.0299988
7012	299.0899963
7013	299.0100098
7014	299.1300049
7015	299.0299988
7016	298.9700012
7017	299.1600037
7018	299.1600037
7019	299.1600037
7020	299.1099854
7021	299.0700073
7022	299.1799927
7023	299.2399902
7024	299.2999878
7025	299.2399902
7026	299.2399902
7027	299.2200012
7028	299.2399902
7029	299.1099854
7030	298.9500122
7031	298.9299927
7032	298.9899902
7033	298.9899902
7034	298.9500122
7035	299.0100098
7036	299.0899963
7037	299.1300049
7038	299.2000122
7039	299.2600098
7040	299.2999878
7041	299.2799988
7042	299.3399963
7043	299.2999878
7044	299.1799927
7045	299.2000122
7046	299.2600098
7047	299.2200012
7048	299.3599854
7049	299.3900146
7050	299.3399963
7051	299.2799988
7052	299.3200073
7053	299.3399963
7054	299.3900146
7055	299.3399963
7056	299.3200073
7057	299.3900146
7058	299.3900146
7059	299.3900146
7060	299.4299927
7061	299.3900146
7062	299.2999878
7063	299.3200073
7064	299.4700012
7065	299.4700012
7066	299.5299988
7067	299.5499878
7068	299.4500122
7069	299.2799988
7070	299.1799927
7071	299.2200012
7072	299.2399902
7073	299.4899902
7074	299.7200012
7075	299.6799927
7076	299.5499878
7077	299.3399963
7078	299.3200073
7079	299.1099854
7080	299.2999878
7081	299.3200073
7082	299.2999878
7083	299.3599854
7084	299.3200073
7085	299.3900146
7086	299.4700012
7087	299.5700073
7088	299.4500122
7089	299.3900146
7090	299.3900146
7091	299.3900146
7092	299.4100037
7093	299.4500122
7094	299.4299927
7095	299.3599854
7096	299.4700012
7097	299.4700012
7098	299.4100037
7099	299.2799988
7100	299.2600098
7101	299.4299927
7102	299.4700012
7103	299.5100098
7104	299.5100098
7105	299.3599854
7106	299.3900146
7107	299.4700012
7108	299.5899963
7109	299.4100037
7110	299.4500122
7111	299.4899902
7112	299.4500122
7113	299.4299927
7114	299.4299927
7115	299.4500122
7116	299.5100098
7117	299.3900146
7118	299.3900146
7119	299.4500122
7120	299.3900146
7121	299.4899902
7122	299.5700073
7123	299.5100098
7124	299.5299988
7125	299.5100098
7126	299.3900146
7127	299.3900146
7128	299.1799927
7129	299.1799927
7130	299.3599854
7131	299.4899902
7132	299.4899902
7133	299.6199951
7134	299.5299988
7135	299.5499878
7136	299.5499878
7137	299.3599854
7138	299.2999878
7139	299.2999878
7140	299.2999878
7141	299.3399963
7142	299.3200073
7143	299.2600098
7144	299.2799988
7145	299.4299927
7146	299.4700012
7147	299.4100037
7148	299.1799927
7149	299.2600098
7150	299.2600098
7151	299.2200012
7152	299.1099854
7153	299.2799988
7154	299.2399902
7155	299.1300049
7156	298.9500122
7157	298.9899902
7158	299.0499878
7159	299.1600037
7160	299.2000122
7161	299.2000122
7162	299.2399902
7163	299.0499878
7164	299.0100098
7165	299.0299988
7166	299.1600037
7167	299.2399902
7168	299.2399902
7169	299.3399963
7170	299.3599854
7171	299.4899902
7172	299.2999878
7173	299.1600037
7174	299.1300049
7175	299.1300049
7176	299.0299988
7177	299.1799927
7178	299.2200012
7179	299.2999878
7180	299.5499878
7181	299.5899963
7182	299.5899963
7183	299.5499878
7184	299.5299988
7185	299.4500122
7186	299.2600098
7187	299.4100037
7188	299.5100098
7189	299.5299988
7190	299.4500122
7191	299.4700012
7192	299.3399963
7193	299.4700012
7194	299.5700073
7195	299.7200012
7196	299.7600098
7197	299.6600037
7198	299.6799927
7199	299.7399902
7200	299.7399902
7201	299.8900146
7202	299.9299927
7203	300.0299988
7204	299.9899902
7205	300.0799866
7206	300.1199951
7207	300.1199951
7208	300.5400085
7209	300.6799927
7210	300.6799927
7211	300.7399902
7212	300.8099976
7213	300.7399902
7214	300.8500061
7215	301.1199951
7216	301.1000061
7217	301.0400085
7218	301.0400085
7219	301.0799866
7220	300.9299927
7221	300.9500122
7222	300.9299927
7223	301.0400085
7224	301.1799927
7225	300.8900146
7226	300.7900085
7227	300.8099976
7228	300.7900085
7229	300.7200012
7230	300.9100037
7231	300.9299927
7232	301.0400085
7233	301.019989
7234	301.0599976
7235	300.9700012
7236	301.2900085
7237	301.3299866
7238	301.3900146
7239	301.3900146
7240	301.5
7241	301.5599976
7242	301.5400085
7243	301.480011
7244	301.3500061
7245	301.519989
7246	301.519989
7247	301.3900146
7248	301.3099976
7249	301.3099976
7250	301.3500061
7251	301.5
7252	301.519989
7253	301.4299927
7254	301.230011
7255	301.2000122
7256	301.269989
7257	301.480011
7258	301.5400085
7259	301.480011
7260	301.3900146
7261	301.1199951
7262	301.0599976
7263	301.1600037
7264	301.2000122
7265	301.3500061
7266	301.480011
7267	301.3500061
7268	301.6199951
7269	301.730011
7270	301.8099976
7271	301.8099976
7272	301.5400085
7273	301.3699951
7274	301.3099976
7275	301.3900146
7276	301.4299927
7277	301.3900146
7278	301.3900146
7279	301.4100037
7280	301.4299927
7281	301.4299927
7282	301.6700134
7283	301.5
7284	301.519989
7285	301.519989
7286	301.3299866
7287	301.3900146
7288	301.5400085
7289	301.5599976
7290	301.5400085
7291	301.480011
7292	301.3900146
7293	301.3900146
7294	301.5
7295	301.6700134
7296	301.769989
7297	301.8299866
7298	301.9200134
7299	302.019989
7300	302.1499939
7301	302.0799866
7302	301.980011
7303	302.0599976
7304	302.0599976
7305	302.019989
7306	301.9599915
7307	302
7308	301.8699951
7309	301.6900024
7310	301.6900024
7311	301.4100037
7312	301.3500061
7313	301.3699951
7314	301.3900146
7315	301.3699951
7316	301.3099976
7317	301.3099976
7318	301.1799927
7319	301.2000122
7320	301.3699951
7321	301.5
7322	301.4599915
7323	301.4299927
7324	301.3699951
7325	301.519989
7326	301.3500061
7327	301.3900146
7328	301.3099976
7329	301.25
7330	301.3299866
7331	301.3099976
7332	301.480011
7333	301.6000061
7334	301.730011
7335	301.5799866
7336	301.3900146
7337	301.4599915
7338	301.3900146
7339	301.3699951
7340	301.6400146
7341	301.6000061
7342	301.6000061
7343	301.6900024
7344	301.730011
7345	301.730011
7346	301.9200134
7347	301.730011
7348	301.480011
7349	301.480011
7350	301.3099976
7351	301.3900146
7352	301.4299927
7353	301.3900146
7354	301.6199951
7355	301.7099915
7356	301.7099915
7357	301.75
7358	301.8099976
7359	301.769989
7360	301.5
7361	301.4299927
7362	301.269989
7363	301.3099976
7364	301.5400085
7365	301.5400085
7366	301.6400146
7367	301.6400146
7368	301.5799866
7369	301.4599915
7370	301.3500061
7371	301.230011
7372	301.25
7373	301.230011
7374	301.25
7375	301.269989
7376	301.3299866
7377	301.269989
7378	301.269989
7379	301.3099976
7380	301.269989
7381	301.269989
7382	301.0599976
7383	300.9299927
7384	300.8500061
7385	300.769989
7386	300.5400085
7387	300.3099976
7388	300.3099976
7389	299.8699951
7390	299.4899902
7391	299.1799927
7392	298.4899902
7393	297.8599854
7394	297.519989
7395	297.2900085
7396	296.7099915
7397	296.480011
7398	296.3900146
7399	296.3299866
7400	296.25
7401	296.1000061
7402	296.0799866
7403	295.8299866
7404	295.8099976
7405	295.8900146
7406	296
7407	295.9599915
7408	296.1199951
7409	296.1600037
7410	296.4200134
7411	296.519989
7412	296.6499939
7413	296.6499939
7414	297.0899963
7415	297.2900085
7416	297.230011
7417	297.1499939
7418	297.2099915
7419	297.2099915
7420	297.2099915
7421	297.1900024
7422	297.3999939
7423	297.4400024
7424	297.480011
7425	297.5499878
7426	297.7099915
7427	297.7099915
7428	297.7999878
7429	298.0100098
7430	298.0299988
7431	298.1300049
7432	298.0700073
7433	298.0700073
7434	298.1900024
7435	298.3999939
7436	298.5299988
7437	298.3999939
7438	298.3200073
7439	298.3599854
7440	298.3599854
7441	298.4700012
7442	298.5299988
7443	298.5499878
7444	298.5700073
7445	298.4899902
7446	298.4899902
7447	298.5100098
7448	298.5700073
7449	298.5700073
7450	298.5299988
7451	298.5100098
7452	298.5100098
7453	298.6099854
7454	298.5700073
7455	298.6099854
7456	298.6499939
7457	298.6099854
7458	298.6499939
7459	298.6499939
7460	298.5899963
7461	298.6099854
7462	298.5899963
7463	298.7799988
7464	298.8599854
7465	298.8999939
7466	298.8999939
7467	298.8399963
7468	298.7399902
7469	298.7799988
7470	298.8399963
7471	298.8200073
7472	298.8599854
7473	298.8399963
7474	298.9700012
7475	298.9700012
7476	299.0299988
7477	298.9500122
7478	298.8599854
7479	299.0299988
7480	298.8200073
7481	298.8800049
7482	298.9500122
7483	298.9899902
7484	298.9899902
7485	299.0299988
7486	299.1099854
7487	299.1099854
7488	299.1300049
7489	299.0299988
7490	298.9500122
7491	298.9500122
7492	298.7799988
7493	298.8999939
7494	298.7799988
7495	298.7399902
7496	298.7799988
7497	298.6499939
7498	298.6499939
7499	298.8599854
7500	298.9700012
7501	299.0100098
7502	299.0100098
7503	298.9500122
7504	298.8999939
7505	298.8800049
7506	298.7999878
7507	298.7799988
7508	298.7999878
7509	298.8200073
7510	298.8399963
7511	298.8599854
7512	298.8599854
7513	298.6700134
7514	298.6700134
7515	298.8599854
7516	299.1099854
7517	299.2600098
7518	299.4899902
7519	299.5899963
7520	299.5899963
7521	299.5100098
7522	299.3399963
7523	299.3399963
7524	299.1099854
7525	299.1099854
7526	299.0899963
7527	298.9299927
7528	298.8599854
7529	298.9700012
7530	298.9700012
7531	299.2200012
7532	299.2799988
7533	299.2399902
7534	299.2799988
7535	299.3900146
7536	299.4100037
7537	299.4100037
7538	299.1600037
7539	298.8399963
7540	298.8399963
7541	298.8599854
7542	298.9899902
7543	299.0100098
7544	299.1099854
7545	299.2399902
7546	299.2999878
7547	299.2999878
7548	299.4100037
7549	299.4100037
7550	299.3399963
7551	299.3200073
7552	299.2200012
7553	299.1300049
7554	299.1099854
7555	299.0299988
7556	299.0100098
7557	298.9899902
7558	299.0299988
7559	298.9500122
7560	298.9299927
7561	298.9299927
7562	298.9299927
7563	299.1099854
7564	299.3599854
7565	299.4500122
7566	299.4500122
7567	299.3900146
7568	299.4299927
7569	299.4299927
7570	299.4299927
7571	299.3900146
7572	299.3399963
7573	299.1600037
7574	299.1799927
7575	299.2200012
7576	299.1799927
7577	299.0499878
7578	299.0299988
7579	298.9899902
7580	299.0100098
7581	299.1300049
7582	299.1300049
7583	299.2000122
7584	299.1799927
7585	299.2000122
7586	299.0299988
7587	298.9299927
7588	298.8999939
7589	298.8999939
7590	298.8800049
7591	299.0299988
7592	299.0299988
7593	299.2000122
7594	299.2000122
7595	299.2000122
7596	299.3900146
7597	299.3399963
7598	299.2999878
7599	299.3200073
7600	299.4100037
7601	299.4100037
7602	299.2799988
7603	299.2999878