,Loại,Doin (mV),No.peak,DOmin (mV),DDO (mV),Tên sheet,Tên mẫu
0,BOD10,288.5761,301,283.82,4.75609,U1-26.03.2024,U1-GGA10-Zn(II) 5mg/L-17042024-Q=49.31mL/phút-2
1,BOD10,288.665,769,283.73,4.935,U1-26.03.2024,U1-GGA10-Zn(II) 5mg/L-17042024-Q=49.31mL/phút-2
2,BOD10,288.5954,1245,283.6,4.99541,U1-26.03.2024,U1-GGA10-Zn(II) 5mg/L-17042024-Q=49.31mL/phút-2
3,BOD10,288.5774,1721,283.54,5.03739,U1-26.03.2024,U1-GGA10-Zn(II) 5mg/L-17042024-Q=49.31mL/phút-2
4,BOD10,288.5435,2196,283.85,4.69348,U1-26.03.2024,U1-GGA10-Zn(II) 5mg/L-17042024-Q=49.31mL/phút-2
5,BOD10,288.5604,2662,283.92,4.64044,U1-26.03.2024,U1-GGA10-Zn(II) 5mg/L-17042024-Q=49.31mL/phút-2
6,Zn(II)-5mg/L,288.0804,3139,283.53,4.55041,U1-26.03.2024,U1-GGA10-Zn(II) 5mg/L-17042024-Q=49.31mL/phút-2
7,Zn(II)-5mg/L,288.7675,3611,284.45,4.3175,U1-26.03.2024,U1-GGA10-Zn(II) 5mg/L-17042024-Q=49.31mL/phút-2
8,Zn(II)-5mg/L,288.6283,4085,284.42,4.20833,U1-26.03.2024,U1-GGA10-Zn(II) 5mg/L-17042024-Q=49.31mL/phút-2
9,Zn(II)-5mg/L,288.5563,4557,284.35,4.20625,U1-26.03.2024,U1-GGA10-Zn(II) 5mg/L-17042024-Q=49.31mL/phút-2
10,Zn(II)-5mg/L,288.3813,5037,284.47,3.9113,U1-26.03.2024,U1-GGA10-Zn(II) 5mg/L-17042024-Q=49.31mL/phút-2
11,Zn(II)-5mg/L,288.0722,5509,283.89,4.18217,U1-26.03.2024,U1-GGA10-Zn(II) 5mg/L-17042024-Q=49.31mL/phút-2
12,Zn(II)-5mg/L,287.9239,5982,284.17,3.75391,U1-26.03.2024,U1-GGA10-Zn(II) 5mg/L-17042024-Q=49.31mL/phút-2
13,Zn(II)-5mg/L,287.9087,6453,283.87,4.03874,U1-26.03.2024,U1-GGA10-Zn(II) 5mg/L-17042024-Q=49.31mL/phút-2
14,Zn(II)-5mg/L,287.5467,6928,283.67,3.87666,U1-26.03.2024,U1-GGA10-Zn(II) 5mg/L-17042024-Q=49.31mL/phút-2
15,Zn(II)-5mg/L,287.5863,7400,283.67,3.91625,U1-26.03.2024,U1-GGA10-Zn(II) 5mg/L-17042024-Q=49.31mL/phút-2
16,Zn(II)-5mg/L,287.3521,7872,283.47,3.88208,U1-26.03.2024,U1-GGA10-Zn(II) 5mg/L-17042024-Q=49.31mL/phút-2
17,Zn(II)-5mg/L,287.3317,8346,283.51,3.82166,U1-26.03.2024,U1-GGA10-Zn(II) 5mg/L-17042024-Q=49.31mL/phút-2
18,Zn(II)-5mg/L,287.1861,8822,283.37,3.81609,U1-26.03.2024,U1-GGA10-Zn(II) 5mg/L-17042024-Q=49.31mL/phút-2
19,BOD10,288.21458,301,283.07,5.144580000000019,U2-03.04.2024,U2-BOD10-Zn(II) 10mg/L-10042024-Q=49.32mL/phút-1
20,BOD10,288.34666,775,283.23,5.116659999999968,U2-03.04.2024,U2-BOD10-Zn(II) 10mg/L-10042024-Q=49.32mL/phút-1
21,BOD10,288.21959,1248,282.82,5.399589999999989,U2-03.04.2024,U2-BOD10-Zn(II) 10mg/L-10042024-Q=49.32mL/phút-1
22,BOD10,288.3274,1720,283.41,4.9173999999999864,U2-03.04.2024,U2-BOD10-Zn(II) 10mg/L-10042024-Q=49.32mL/phút-1
23,BOD10,288.32041,2194,283.45,4.870409999999993,U2-03.04.2024,U2-BOD10-Zn(II) 10mg/L-10042024-Q=49.32mL/phút-1
24,BOD10,288.16565,2669,282.6,5.565650000000005,U2-03.04.2024,U2-BOD10-Zn(II) 10mg/L-10042024-Q=49.32mL/phút-1
25,BOD10,288.09333,3141,282.85,5.243329999999958,U2-03.04.2024,U2-BOD10-Zn(II) 10mg/L-10042024-Q=49.32mL/phút-1
26,Zn(II)-10mg/L,287.62917,3615,282.72,4.9091699999999605,U2-03.04.2024,U2-BOD10-Zn(II) 10mg/L-10042024-Q=49.32mL/phút-1
27,Zn(II)-10mg/L,287.39875,4088,283.01,4.388750000000016,U2-03.04.2024,U2-BOD10-Zn(II) 10mg/L-10042024-Q=49.32mL/phút-1
28,Zn(II)-10mg/L,287.48042,4562,283.28,4.200420000000008,U2-03.04.2024,U2-BOD10-Zn(II) 10mg/L-10042024-Q=49.32mL/phút-1
29,Zn(II)-10mg/L,287.15042,5034,283.32,3.8304200000000037,U2-03.04.2024,U2-BOD10-Zn(II) 10mg/L-10042024-Q=49.32mL/phút-1
30,Zn(II)-10mg/L,287.3887,5506,283.76,3.6286999999999807,U2-03.04.2024,U2-BOD10-Zn(II) 10mg/L-10042024-Q=49.32mL/phút-1
31,Zn(II)-10mg/L,286.9375,5981,283.87,3.0674999999999955,U2-03.04.2024,U2-BOD10-Zn(II) 10mg/L-10042024-Q=49.32mL/phút-1
32,Zn(II)-10mg/L,286.78208,6456,283.57,3.2120800000000145,U2-03.04.2024,U2-BOD10-Zn(II) 10mg/L-10042024-Q=49.32mL/phút-1
33,Zn(II)-10mg/L,286.40479,6927,283.66,2.7447899999999663,U2-03.04.2024,U2-BOD10-Zn(II) 10mg/L-10042024-Q=49.32mL/phút-1
34,Zn(II)-10mg/L,285.82083,7403,283.01,2.81083000000001,U2-03.04.2024,U2-BOD10-Zn(II) 10mg/L-10042024-Q=49.32mL/phút-1
35,Zn(II)-10mg/L,285.35708,7875,282.48,2.877079999999978,U2-03.04.2024,U2-BOD10-Zn(II) 10mg/L-10042024-Q=49.32mL/phút-1
36,BOD10,289.21042,301,284.81,4.400419999999997,U2-03.04.2024,U2-BOD10-Zn(II) 5mg/L-11042024-Q=50.24mL/phút-1
37,BOD10,289.08458,775,284.98,4.104579999999999,U2-03.04.2024,U2-BOD10-Zn(II) 5mg/L-11042024-Q=50.24mL/phút-1
38,BOD10,288.89625,1251,284.58,4.316250000000025,U2-03.04.2024,U2-BOD10-Zn(II) 5mg/L-11042024-Q=50.24mL/phút-1
39,BOD10,288.87174,1727,284.7,4.17174,U2-03.04.2024,U2-BOD10-Zn(II) 5mg/L-11042024-Q=50.24mL/phút-1
40,BOD10,288.77833,2198,284.5,4.278329999999983,U2-03.04.2024,U2-BOD10-Zn(II) 5mg/L-11042024-Q=50.24mL/phút-1
41,BOD10,288.58333,2670,284.18,4.403329999999983,U2-03.04.2024,U2-BOD10-Zn(II) 5mg/L-11042024-Q=50.24mL/phút-1
42,BOD10,288.11217,3149,283.35,4.762169999999969,U2-03.04.2024,U2-BOD10-Zn(II) 5mg/L-11042024-Q=50.24mL/phút-1
43,Zn(II)-5mg/L,286.83917,3615,282.7,4.1391700000000355,U2-03.04.2024,U2-BOD10-Zn(II) 5mg/L-11042024-Q=50.24mL/phút-1
44,Zn(II)-5mg/L,287.05625,4087,283.07,3.986249999999984,U2-03.04.2024,U2-BOD10-Zn(II) 5mg/L-11042024-Q=50.24mL/phút-1
45,Zn(II)-5mg/L,287.17417,4561,283.41,3.7641699999999787,U2-03.04.2024,U2-BOD10-Zn(II) 5mg/L-11042024-Q=50.24mL/phút-1
46,Zn(II)-5mg/L,287.41583,5037,283.47,3.945830000000001,U2-03.04.2024,U2-BOD10-Zn(II) 5mg/L-11042024-Q=50.24mL/phút-1
47,Zn(II)-5mg/L,287.28958,5511,283.28,4.009580000000028,U2-03.04.2024,U2-BOD10-Zn(II) 5mg/L-11042024-Q=50.24mL/phút-1
48,Zn(II)-5mg/L,287.25609,5982,283.41,3.846089999999947,U2-03.04.2024,U2-BOD10-Zn(II) 5mg/L-11042024-Q=50.24mL/phút-1
49,Zn(II)-5mg/L,287.16625,6455,283.47,3.6962499999999636,U2-03.04.2024,U2-BOD10-Zn(II) 5mg/L-11042024-Q=50.24mL/phút-1
50,BOD10,283.53167,301,279.27,4.261670000000038,U2-03.04.2024,U2-BOD10-Ni(II) 10mg/L-11042024-Q=49.32mL/phút-1
51,BOD10,283.70875,775,279.48,4.228749999999991,U2-03.04.2024,U2-BOD10-Ni(II) 10mg/L-11042024-Q=49.32mL/phút-1
52,BOD10,283.73417,1251,279.52,4.214170000000024,U2-03.04.2024,U2-BOD10-Ni(II) 10mg/L-11042024-Q=49.32mL/phút-1
53,BOD10,283.9675,1722,279.83,4.137499999999989,U2-03.04.2024,U2-BOD10-Ni(II) 10mg/L-11042024-Q=49.32mL/phút-1
54,BOD10,283.81417,2194,279.71,4.1041700000000105,U2-03.04.2024,U2-BOD10-Ni(II) 10mg/L-11042024-Q=49.32mL/phút-1
55,BOD10,283.49438,2671,279.69,3.8043799999999806,U2-03.04.2024,U2-BOD10-Ni(II) 10mg/L-11042024-Q=49.32mL/phút-1
56,BOD10,283.40241,3141,279.64,3.7624099999999885,U2-03.04.2024,U2-BOD10-Ni(II) 10mg/L-11042024-Q=49.32mL/phút-1
57,Ni(II)-10mg/L,282.96958,3615,279.52,3.449580000000026,U2-03.04.2024,U2-BOD10-Ni(II) 10mg/L-11042024-Q=49.32mL/phút-1
58,Ni(II)-10mg/L,282.75708,4087,279.5,3.2570799999999736,U2-03.04.2024,U2-BOD10-Ni(II) 10mg/L-11042024-Q=49.32mL/phút-1
59,Ni(II)-10mg/L,283.09833,4561,279.85,3.248329999999953,U2-03.04.2024,U2-BOD10-Ni(II) 10mg/L-11042024-Q=49.32mL/phút-1
60,Ni(II)-10mg/L,282.99565,5036,279.92,3.075649999999996,U2-03.04.2024,U2-BOD10-Ni(II) 10mg/L-11042024-Q=49.32mL/phút-1
61,Ni(II)-10mg/L,282.84167,5508,280.0,2.841670000000022,U2-03.04.2024,U2-BOD10-Ni(II) 10mg/L-11042024-Q=49.32mL/phút-1
62,Ni(II)-10mg/L,282.62208,5981,279.66,2.9620799999999576,U2-03.04.2024,U2-BOD10-Ni(II) 10mg/L-11042024-Q=49.32mL/phút-1
63,Ni(II)-10mg/L,282.85917,6452,280.29,2.5691699999999855,U2-03.04.2024,U2-BOD10-Ni(II) 10mg/L-11042024-Q=49.32mL/phút-1
64,Ni(II)-10mg/L,282.67458,6926,280.04,2.6345799999999713,U2-03.04.2024,U2-BOD10-Ni(II) 10mg/L-11042024-Q=49.32mL/phút-1
65,Ni(II)-10mg/L,282.66304,7400,280.02,2.643040000000042,U2-03.04.2024,U2-BOD10-Ni(II) 10mg/L-11042024-Q=49.32mL/phút-1
66,Ni(II)-10mg/L,282.70416,7805,280.19,2.514160000000004,U2-03.04.2024,U2-BOD10-Ni(II) 10mg/L-11042024-Q=49.32mL/phút-1
67,Ni(II)-10mg/L,282.56458,8277,280.26,2.304579999999987,U2-03.04.2024,U2-BOD10-Ni(II) 10mg/L-11042024-Q=49.32mL/phút-1
68,Ni(II)-10mg/L,282.89261,8751,280.26,2.6326099999999997,U2-03.04.2024,U2-BOD10-Ni(II) 10mg/L-11042024-Q=49.32mL/phút-1
69,BOD10,284.67131,301,281.14,3.531310000000019,U2-03.04.2024,U2-BOD10-Ni(II) 5mg/L-12042024-Q=50.57mL/phút-1
70,BOD10,284.695,776,280.89,3.805000000000007,U2-03.04.2024,U2-BOD10-Ni(II) 5mg/L-12042024-Q=50.57mL/phút-1
71,BOD10,284.69167,1248,280.84,3.851670000000013,U2-03.04.2024,U2-BOD10-Ni(II) 5mg/L-12042024-Q=50.57mL/phút-1
72,BOD10,284.98792,1723,281.1,3.8879199999999514,U2-03.04.2024,U2-BOD10-Ni(II) 5mg/L-12042024-Q=50.57mL/phút-1
73,BOD10,284.72696,2196,280.64,4.086960000000033,U2-03.04.2024,U2-BOD10-Ni(II) 5mg/L-12042024-Q=50.57mL/phút-1
74,BOD10,284.66435,2669,280.98,3.684349999999995,U2-03.04.2024,U2-BOD10-Ni(II) 5mg/L-12042024-Q=50.57mL/phút-1
75,BOD10,284.02458,3141,280.19,3.8345800000000168,U2-03.04.2024,U2-BOD10-Ni(II) 5mg/L-12042024-Q=50.57mL/phút-1
76,BOD10,284.42652,3617,280.7,3.7265199999999936,U2-03.04.2024,U2-BOD10-Ni(II) 5mg/L-12042024-Q=50.57mL/phút-1
77,BOD10,284.6687,4089,281.0,3.668700000000001,U2-03.04.2024,U2-BOD10-Ni(II) 5mg/L-12042024-Q=50.57mL/phút-1
78,Ni(II)-5mg/L,284.06042,4563,280.64,3.4204200000000355,U2-03.04.2024,U2-BOD10-Ni(II) 5mg/L-12042024-Q=50.57mL/phút-1
79,Ni(II)-5mg/L,284.55375,5037,280.98,3.5737499999999613,U2-03.04.2024,U2-BOD10-Ni(II) 5mg/L-12042024-Q=50.57mL/phút-1
80,Ni(II)-5mg/L,284.69959,5508,281.29,3.40958999999998,U2-03.04.2024,U2-BOD10-Ni(II) 5mg/L-12042024-Q=50.57mL/phút-1
81,Ni(II)-5mg/L,284.27958,5982,281.1,3.179579999999987,U2-03.04.2024,U2-BOD10-Ni(II) 5mg/L-12042024-Q=50.57mL/phút-1
82,Ni(II)-5mg/L,284.44792,6456,281.19,3.257920000000013,U2-03.04.2024,U2-BOD10-Ni(II) 5mg/L-12042024-Q=50.57mL/phút-1
83,Ni(II)-5mg/L,284.50333,6929,281.59,2.9133300000000304,U2-03.04.2024,U2-BOD10-Ni(II) 5mg/L-12042024-Q=50.57mL/phút-1
84,Ni(II)-5mg/L,284.15875,13588,281.01,3.148750000000007,U2-03.04.2024,U2-BOD10-Ni(II) 5mg/L-12042024-Q=50.57mL/phút-1
85,Ni(II)-5mg/L,284.1725,7407,280.98,3.1924999999999955,U2-03.04.2024,U2-BOD10-Ni(II) 5mg/L-12042024-Q=50.57mL/phút-1
86,Ni(II)-5mg/L,284.4075,7878,281.29,3.117500000000007,U2-03.04.2024,U2-BOD10-Ni(II) 5mg/L-12042024-Q=50.57mL/phút-1
87,BOD10,290.0013,301,282.29,7.71131,U3-12.04.2024,U3-GGA10-Cr(VI) 5mg/L-15042024-Q=49.39mL/phút-1
88,BOD10,289.4296,772,282.59,6.83958,U3-12.04.2024,U3-GGA10-Cr(VI) 5mg/L-15042024-Q=49.39mL/phút-1
89,BOD10,289.7138,1247,281.92,7.79375,U3-12.04.2024,U3-GGA10-Cr(VI) 5mg/L-15042024-Q=49.39mL/phút-1
90,BOD10,289.5363,1719,281.76,7.77625,U3-12.04.2024,U3-GGA10-Cr(VI) 5mg/L-15042024-Q=49.39mL/phút-1
91,BOD10,289.5913,2192,281.29,8.30125,U3-12.04.2024,U3-GGA10-Cr(VI) 5mg/L-15042024-Q=49.39mL/phút-1
92,BOD10,289.3304,2666,281.29,8.04041,U3-12.04.2024,U3-GGA10-Cr(VI) 5mg/L-15042024-Q=49.39mL/phút-1
93,BOD10,289.0831,3138,281.13,7.95305,U3-12.04.2024,U3-GGA10-Cr(VI) 5mg/L-15042024-Q=49.39mL/phút-1
94,Cr(VI)-5mg/L,287.8408,3610,278.92,8.92083,U3-12.04.2024,U3-GGA10-Cr(VI) 5mg/L-15042024-Q=49.39mL/phút-1
95,Cr(VI)-5mg/L,288.0104,4087,279.31,8.70042,U3-12.04.2024,U3-GGA10-Cr(VI) 5mg/L-15042024-Q=49.39mL/phút-1
96,Cr(VI)-5mg/L,288.4113,4558,279.79,8.62125,U3-12.04.2024,U3-GGA10-Cr(VI) 5mg/L-15042024-Q=49.39mL/phút-1
97,Cr(VI)-5mg/L,287.8433,5032,279.29,8.55333,U3-12.04.2024,U3-GGA10-Cr(VI) 5mg/L-15042024-Q=49.39mL/phút-1
98,Cr(VI)-5mg/L,287.6217,5506,279.62,8.00167,U3-12.04.2024,U3-GGA10-Cr(VI) 5mg/L-15042024-Q=49.39mL/phút-1
99,Cr(VI)-5mg/L,287.7748,5978,280.17,7.60479,U3-12.04.2024,U3-GGA10-Cr(VI) 5mg/L-15042024-Q=49.39mL/phút-1
100,Cr(VI)-5mg/L,287.757,6452,280.5,7.25696,U3-12.04.2024,U3-GGA10-Cr(VI) 5mg/L-15042024-Q=49.39mL/phút-1
101,Cr(VI)-5mg/L,287.5829,6925,280.23,7.35291,U3-12.04.2024,U3-GGA10-Cr(VI) 5mg/L-15042024-Q=49.39mL/phút-1
102,Cr(VI)-5mg/L,287.5092,7399,280.44,7.06917,U3-12.04.2024,U3-GGA10-Cr(VI) 5mg/L-15042024-Q=49.39mL/phút-1
103,Cr(VI)-5mg/L,287.6813,7871,280.79,6.89125,U3-12.04.2024,U3-GGA10-Cr(VI) 5mg/L-15042024-Q=49.39mL/phút-1
104,Cr(VI)-5mg/L,287.7157,8345,280.69,7.02566,U3-12.04.2024,U3-GGA10-Cr(VI) 5mg/L-15042024-Q=49.39mL/phút-1
105,Cr(VI)-5mg/L,287.7667,8819,280.54,7.22667,U3-12.04.2024,U3-GGA10-Cr(VI) 5mg/L-15042024-Q=49.39mL/phút-1
106,BOD10,288.1657,301,285.16,3.00565,U3-12.04.2024,U3-GGA10-Ni(II) 15mg/L-16042024-Q=50.63mL/phút-1
107,BOD10,287.8762,773,284.87,3.00624,U3-12.04.2024,U3-GGA10-Ni(II) 15mg/L-16042024-Q=50.63mL/phút-1
108,BOD10,288.0021,8423,284.87,3.13208,U3-12.04.2024,U3-GGA10-Ni(II) 15mg/L-16042024-Q=50.63mL/phút-1
109,BOD10,287.6375,1720,284.75,2.8875,U3-12.04.2024,U3-GGA10-Ni(II) 15mg/L-16042024-Q=50.63mL/phút-1
110,BOD10,287.5952,2192,284.66,2.93521,U3-12.04.2024,U3-GGA10-Ni(II) 15mg/L-16042024-Q=50.63mL/phút-1
111,BOD10,287.2083,2666,284.07,3.13826,U3-12.04.2024,U3-GGA10-Ni(II) 15mg/L-16042024-Q=50.63mL/phút-1
112,BOD10,287.0333,3140,283.92,3.11333,U3-12.04.2024,U3-GGA10-Ni(II) 15mg/L-16042024-Q=50.63mL/phút-1
113,Ni(II)-15mg/L,284.4438,3614,280.1,4.34375,U3-12.04.2024,U3-GGA10-Ni(II) 15mg/L-16042024-Q=50.63mL/phút-1
114,Ni(II)-15mg/L,286.7339,4087,284.14,2.59391,U3-12.04.2024,U3-GGA10-Ni(II) 15mg/L-16042024-Q=50.63mL/phút-1
115,Ni(II)-15mg/L,286.6638,4560,284.5,2.16375,U3-12.04.2024,U3-GGA10-Ni(II) 15mg/L-16042024-Q=50.63mL/phút-1
116,Ni(II)-15mg/L,286.3125,5034,284.41,1.9025,U3-12.04.2024,U3-GGA10-Ni(II) 15mg/L-16042024-Q=50.63mL/phút-1
117,Ni(II)-15mg/L,286.3571,5508,284.47,1.88708,U3-12.04.2024,U3-GGA10-Ni(II) 15mg/L-16042024-Q=50.63mL/phút-1
118,Ni(II)-15mg/L,286.2583,5980,284.45,1.80826,U3-12.04.2024,U3-GGA10-Ni(II) 15mg/L-16042024-Q=50.63mL/phút-1
119,Ni(II)-15mg/L,286.0774,6453,284.47,1.60739,U3-12.04.2024,U3-GGA10-Ni(II) 15mg/L-16042024-Q=50.63mL/phút-1
120,Ni(II)-15mg/L,286.0054,6928,284.31,1.69542,U3-12.04.2024,U3-GGA10-Ni(II) 15mg/L-16042024-Q=50.63mL/phút-1
121,Ni(II)-15mg/L,285.8008,7399,284.07,1.73083,U3-12.04.2024,U3-GGA10-Ni(II) 15mg/L-16042024-Q=50.63mL/phút-1
122,BOD10,286.8763,301,277.82,9.05625,U4-15.04.2024,U4-GGA10-Cr(VI) 10mg/L-18042024-Q=50.60mL/phút-1
123,BOD10,287.0075,775,277.85,9.1575,U4-15.04.2024,U4-GGA10-Cr(VI) 10mg/L-18042024-Q=50.60mL/phút-1
124,BOD10,286.8721,1248,278.35,8.52208,U4-15.04.2024,U4-GGA10-Cr(VI) 10mg/L-18042024-Q=50.60mL/phút-1
125,BOD10,287.1604,1723,278.62,8.54042,U4-15.04.2024,U4-GGA10-Cr(VI) 10mg/L-18042024-Q=50.60mL/phút-1
126,BOD10,287.0392,2196,278.1,8.93917,U4-15.04.2024,U4-GGA10-Cr(VI) 10mg/L-18042024-Q=50.60mL/phút-1
127,BOD10,286.9604,2670,278.2,8.76042,U4-15.04.2024,U4-GGA10-Cr(VI) 10mg/L-18042024-Q=50.60mL/phút-1
128,Cr(VI)-10mg/L,286.7713,3143,277.2,9.5713,U4-15.04.2024,U4-GGA10-Cr(VI) 10mg/L-18042024-Q=50.60mL/phút-1
129,Cr(VI)-10mg/L,286.7261,3614,277.28,9.44608,U4-15.04.2024,U4-GGA10-Cr(VI) 10mg/L-18042024-Q=50.60mL/phút-1
130,Cr(VI)-10mg/L,287.2033,4088,277.73,9.47333,U4-15.04.2024,U4-GGA10-Cr(VI) 10mg/L-18042024-Q=50.60mL/phút-1
131,Cr(VI)-10mg/L,287.1354,4560,278.01,9.12542,U4-15.04.2024,U4-GGA10-Cr(VI) 10mg/L-18042024-Q=50.60mL/phút-1
132,Cr(VI)-10mg/L,287.0838,5034,277.82,9.26375,U4-15.04.2024,U4-GGA10-Cr(VI) 10mg/L-18042024-Q=50.60mL/phút-1
133,Cr(VI)-10mg/L,287.0167,5507,278.14,8.87667,U4-15.04.2024,U4-GGA10-Cr(VI) 10mg/L-18042024-Q=50.60mL/phút-1
134,Cr(VI)-10mg/L,287.0783,5982,278.26,8.81826,U4-15.04.2024,U4-GGA10-Cr(VI) 10mg/L-18042024-Q=50.60mL/phút-1
135,Cr(VI)-10mg/L,287.0548,6454,278.39,8.66478,U4-15.04.2024,U4-GGA10-Cr(VI) 10mg/L-18042024-Q=50.60mL/phút-1
136,Cr(VI)-10mg/L,287.0192,6927,278.57,8.44916,U4-15.04.2024,U4-GGA10-Cr(VI) 10mg/L-18042024-Q=50.60mL/phút-1
137,Cr(VI)-10mg/L,287.0974,7400,279.16,7.93739,U4-15.04.2024,U4-GGA10-Cr(VI) 10mg/L-18042024-Q=50.60mL/phút-1
138,Cr(VI)-10mg/L,287.2222,7874,279.16,8.06218,U4-15.04.2024,U4-GGA10-Cr(VI) 10mg/L-18042024-Q=50.60mL/phút-1
139,Cr(VI)-10mg/L,287.2413,8346,279.42,7.8213,U4-15.04.2024,U4-GGA10-Cr(VI) 10mg/L-18042024-Q=50.60mL/phút-1
140,Cr(VI)-10mg/L,287.1704,8822,279.25,7.92042,U4-15.04.2024,U4-GGA10-Cr(VI) 10mg/L-18042024-Q=50.60mL/phút-1
141,Cr(VI)-10mg/L,287.0546,9294,279.57,7.48458,U4-15.04.2024,U4-GGA10-Cr(VI) 10mg/L-18042024-Q=50.60mL/phút-1
142,Cr(VI)-10mg/L,286.9138,9767,279.76,7.15375,U4-15.04.2024,U4-GGA10-Cr(VI) 10mg/L-18042024-Q=50.60mL/phút-1
143,Cr(VI)-10mg/L,286.8758,10241,279.95,6.92583,U4-15.04.2024,U4-GGA10-Cr(VI) 10mg/L-18042024-Q=50.60mL/phút-1
144,Cr(VI)-10mg/L,286.6729,10714,279.6,7.07292,U4-15.04.2024,U4-GGA10-Cr(VI) 10mg/L-18042024-Q=50.60mL/phút-1
145,BOD10,288.85732,347,280.20999,8.64733000000001,U5 - 17.04.2024,U5-BOD10-Cr(VI) 15mg/L-19042024-Q=50.12mL/phút-1
146,BOD10,288.71953,820,280.0,8.71953000000002,U5 - 17.04.2024,U5-BOD10-Cr(VI) 15mg/L-19042024-Q=50.12mL/phút-1
147,BOD10,288.55447,1294,279.75,8.80446999999998,U5 - 17.04.2024,U5-BOD10-Cr(VI) 15mg/L-19042024-Q=50.12mL/phút-1
148,BOD10,288.46572,1767,279.85001,8.615709999999979,U5 - 17.04.2024,U5-BOD10-Cr(VI) 15mg/L-19042024-Q=50.12mL/phút-1
149,BOD10,288.28098,2242,279.32999,8.95098999999999,U5 - 17.04.2024,U5-BOD10-Cr(VI) 15mg/L-19042024-Q=50.12mL/phút-1
150,BOD10,288.40881,2715,279.25,9.158810000000017,U5 - 17.04.2024,U5-BOD10-Cr(VI) 15mg/L-19042024-Q=50.12mL/phút-1
151,BOD 10 - Cr(VI)-15,288.40667,3187,279.41,8.996669999999995,U5 - 17.04.2024,U5-BOD10-Cr(VI) 15mg/L-19042024-Q=50.12mL/phút-1
152,BOD 10 - Cr(VI)-15,288.34191,3661,279.95999,8.38191999999998,U5 - 17.04.2024,U5-BOD10-Cr(VI) 15mg/L-19042024-Q=50.12mL/phút-1
153,BOD 10 - Cr(VI)-15,288.37548,4135,279.98001,8.395469999999989,U5 - 17.04.2024,U5-BOD10-Cr(VI) 15mg/L-19042024-Q=50.12mL/phút-1
154,BOD 10 - Cr(VI)-15,288.33095,4608,280.42001,7.910939999999982,U5 - 17.04.2024,U5-BOD10-Cr(VI) 15mg/L-19042024-Q=50.12mL/phút-1
155,BOD 10 - Cr(VI)-15,288.32951,5081,280.76999,7.5595200000000204,U5 - 17.04.2024,U5-BOD10-Cr(VI) 15mg/L-19042024-Q=50.12mL/phút-1
156,BOD 10 - Cr(VI)-15,288.12167,5555,280.67001,7.451660000000004,U5 - 17.04.2024,U5-BOD10-Cr(VI) 15mg/L-19042024-Q=50.12mL/phút-1
157,BOD 10 - Cr(VI)-15,288.01833,6029,280.79001,7.2283199999999965,U5 - 17.04.2024,U5-BOD10-Cr(VI) 15mg/L-19042024-Q=50.12mL/phút-1
158,BOD 10 - Cr(VI)-15,287.8119,6502,280.94,6.871899999999982,U5 - 17.04.2024,U5-BOD10-Cr(VI) 15mg/L-19042024-Q=50.12mL/phút-1
159,BOD 10 - Cr(VI)-15,287.89905,6974,281.14999,6.749059999999986,U5 - 17.04.2024,U5-BOD10-Cr(VI) 15mg/L-19042024-Q=50.12mL/phút-1
160,BOD 10 - Cr(VI)-15,287.81829,7449,280.95999,6.858299999999986,U5 - 17.04.2024,U5-BOD10-Cr(VI) 15mg/L-19042024-Q=50.12mL/phút-1
161,BOD10,285.68204,256,278.66,7.022039999999947,U5 - 17.04.2024,U5-BOD10-Zn(II) 15mg/L-19042024-Q=49.88mL/phút-1
162,BOD10,285.68767,730,278.57999,7.107680000000016,U5 - 17.04.2024,U5-BOD10-Zn(II) 15mg/L-19042024-Q=49.88mL/phút-1
163,BOD10,285.54408,1203,278.41,7.134079999999983,U5 - 17.04.2024,U5-BOD10-Zn(II) 15mg/L-19042024-Q=49.88mL/phút-1
164,BOD10,285.60592,1677,278.66,6.945920000000001,U5 - 17.04.2024,U5-BOD10-Zn(II) 15mg/L-19042024-Q=49.88mL/phút-1
165,BOD10,285.52437,2149,278.22,7.304369999999949,U5 - 17.04.2024,U5-BOD10-Zn(II) 15mg/L-19042024-Q=49.88mL/phút-1
166,BOD10,285.54058,2623,278.39001,7.150569999999959,U5 - 17.04.2024,U5-BOD10-Zn(II) 15mg/L-19042024-Q=49.88mL/phút-1
167,BOD 10 - Zn(II) -15,285.80272,3096,278.32999,7.472730000000013,U5 - 17.04.2024,U5-BOD10-Zn(II) 15mg/L-19042024-Q=49.88mL/phút-1
168,BOD 10 - Zn(II) -15,285.41952,3570,278.26001,7.159509999999955,U5 - 17.04.2024,U5-BOD10-Zn(II) 15mg/L-19042024-Q=49.88mL/phút-1
169,BOD 10 - Zn(II) -15,284.56476,4043,277.45001,7.114749999999958,U5 - 17.04.2024,U5-BOD10-Zn(II) 15mg/L-19042024-Q=49.88mL/phút-1
170,BOD 10 - Zn(II) -15,283.54524,4518,276.54999,6.995249999999999,U5 - 17.04.2024,U5-BOD10-Zn(II) 15mg/L-19042024-Q=49.88mL/phút-1
171,BOD 10 - Zn(II) -15,282.64029,4992,275.75,6.890289999999993,U5 - 17.04.2024,U5-BOD10-Zn(II) 15mg/L-19042024-Q=49.88mL/phút-1
172,BOD 10 - Zn(II) -15,280.62689,5467,274.19,6.436890000000005,U5 - 17.04.2024,U5-BOD10-Zn(II) 15mg/L-19042024-Q=49.88mL/phút-1
173,BOD 10 - Zn(II) -15,279.14115,5942,272.78,6.361150000000009,U5 - 17.04.2024,U5-BOD10-Zn(II) 15mg/L-19042024-Q=49.88mL/phút-1
174,BOD 10 - Zn(II) -15,281.95874,6411,276.32001,5.638729999999953,U5 - 17.04.2024,U5-BOD10-Zn(II) 15mg/L-19042024-Q=49.88mL/phút-1
175,BOD 10 - Zn(II) -15,281.24456,6886,275.54001,5.704549999999983,U5 - 17.04.2024,U5-BOD10-Zn(II) 15mg/L-19042024-Q=49.88mL/phút-1
176,BOD 10 - Zn(II) -15,280.53242,7360,275.0,5.532420000000002,U5 - 17.04.2024,U5-BOD10-Zn(II) 15mg/L-19042024-Q=49.88mL/phút-1
177,BOD 10 - Zn(II) -15,279.63214,7834,273.73001,5.90213,U5 - 17.04.2024,U5-BOD10-Zn(II) 15mg/L-19042024-Q=49.88mL/phút-1
178,BOD 10 - Zn(II) -15,278.87,8306,273.31,5.560000000000002,U5 - 17.04.2024,U5-BOD10-Zn(II) 15mg/L-19042024-Q=49.88mL/phút-1
179,GGA10,285.7942,301,279.87,5.92417,U6-VS1-18.04.2024,U6-VS1-GGA10-Zn(II) 15mg/L-22042024-Q=49.24mL/phút-2
180,GGA10,285.6126,771,279.66,5.95261,U6-VS1-18.04.2024,U6-VS1-GGA10-Zn(II) 15mg/L-22042024-Q=49.24mL/phút-2
181,GGA10,285.6871,1246,279.57,6.11709,U6-VS1-18.04.2024,U6-VS1-GGA10-Zn(II) 15mg/L-22042024-Q=49.24mL/phút-2
182,GGA10,285.7242,1721,279.25,6.47417,U6-VS1-18.04.2024,U6-VS1-GGA10-Zn(II) 15mg/L-22042024-Q=49.24mL/phút-2
183,GGA10,285.5017,2194,279.01,6.49167,U6-VS1-18.04.2024,U6-VS1-GGA10-Zn(II) 15mg/L-22042024-Q=49.24mL/phút-2
184,GGA10,285.2783,2667,278.56,6.71834,U6-VS1-18.04.2024,U6-VS1-GGA10-Zn(II) 15mg/L-22042024-Q=49.24mL/phút-2
185,GGA10-Zn(II)-15mg/L,284.8025,3139,278.28,6.5225,U6-VS1-18.04.2024,U6-VS1-GGA10-Zn(II) 15mg/L-22042024-Q=49.24mL/phút-2
186,GGA10-Zn(II)-15mg/L,285.1154,3613,279.07,6.04542,U6-VS1-18.04.2024,U6-VS1-GGA10-Zn(II) 15mg/L-22042024-Q=49.24mL/phút-2
187,GGA10-Zn(II)-15mg/L,284.8913,4088,279.23,5.66125,U6-VS1-18.04.2024,U6-VS1-GGA10-Zn(II) 15mg/L-22042024-Q=49.24mL/phút-2
188,GGA10-Zn(II)-15mg/L,285.0274,4562,279.57,5.45739,U6-VS1-18.04.2024,U6-VS1-GGA10-Zn(II) 15mg/L-22042024-Q=49.24mL/phút-2
189,GGA10-Zn(II)-15mg/L,285.0092,5034,279.5,5.50917,U6-VS1-18.04.2024,U6-VS1-GGA10-Zn(II) 15mg/L-22042024-Q=49.24mL/phút-2
190,GGA10-Zn(II)-15mg/L,285.3013,5508,280.19,5.1113,U6-VS1-18.04.2024,U6-VS1-GGA10-Zn(II) 15mg/L-22042024-Q=49.24mL/phút-2
191,GGA10-Zn(II)-15mg/L,285.4488,5984,280.01,5.43875,U6-VS1-18.04.2024,U6-VS1-GGA10-Zn(II) 15mg/L-22042024-Q=49.24mL/phút-2
192,GGA10-Zn(II)-15mg/L,285.4963,6458,279.87,5.62625,U6-VS1-18.04.2024,U6-VS1-GGA10-Zn(II) 15mg/L-22042024-Q=49.24mL/phút-2
193,GGA10-Zn(II)-15mg/L,285.7033,6929,280.14,5.56333,U6-VS1-18.04.2024,U6-VS1-GGA10-Zn(II) 15mg/L-22042024-Q=49.24mL/phút-2
194,GGA10-Zn(II)-15mg/L,285.3439,7404,280.0,5.34391,U6-VS1-18.04.2024,U6-VS1-GGA10-Zn(II) 15mg/L-22042024-Q=49.24mL/phút-2
195,GGA10-Zn(II)-15mg/L,285.1738,7878,279.87,5.30375,U6-VS1-18.04.2024,U6-VS1-GGA10-Zn(II) 15mg/L-22042024-Q=49.24mL/phút-2
196,GGA10,283.5096,301,264.67,18.83958,U1-VS2-21062024,U1-VS2-GGA10-Cr(VI) 5mg/L-23042024-Q=49.43mL/phút-2
197,GGA10,283.5304,779,264.34,19.19043,U1-VS2-21062024,U1-VS2-GGA10-Cr(VI) 5mg/L-23042024-Q=49.43mL/phút-2
198,GGA10,283.3875,1249,264.19,19.1975,U1-VS2-21062024,U1-VS2-GGA10-Cr(VI) 5mg/L-23042024-Q=49.43mL/phút-2
199,GGA10,282.9357,1722,264.45,18.48565,U1-VS2-21062024,U1-VS2-GGA10-Cr(VI) 5mg/L-23042024-Q=49.43mL/phút-2
200,GGA10,282.9179,2196,264.98,17.93792,U1-VS2-21062024,U1-VS2-GGA10-Cr(VI) 5mg/L-23042024-Q=49.43mL/phút-2
201,GGA10,283.5563,2668,266.01,17.54625,U1-VS2-21062024,U1-VS2-GGA10-Cr(VI) 5mg/L-23042024-Q=49.43mL/phút-2
202,GGA10-Cr(VI) 5mg/L,282.5387,3142,265.72,16.8187,U1-VS2-21062024,U1-VS2-GGA10-Cr(VI) 5mg/L-23042024-Q=49.43mL/phút-2
203,GGA10-Cr(VI) 5mg/L,283.3904,3615,265.59,17.80044,U1-VS2-21062024,U1-VS2-GGA10-Cr(VI) 5mg/L-23042024-Q=49.43mL/phút-2
204,GGA10-Cr(VI) 5mg/L,283.0638,4089,265.48,17.58375,U1-VS2-21062024,U1-VS2-GGA10-Cr(VI) 5mg/L-23042024-Q=49.43mL/phút-2
205,GGA10-Cr(VI) 5mg/L,282.9325,4562,265.34,17.5925,U1-VS2-21062024,U1-VS2-GGA10-Cr(VI) 5mg/L-23042024-Q=49.43mL/phút-2
206,GGA10-Cr(VI) 5mg/L,283.3088,5034,266.26,17.04875,U1-VS2-21062024,U1-VS2-GGA10-Cr(VI) 5mg/L-23042024-Q=49.43mL/phút-2
207,GGA10-Cr(VI) 5mg/L,282.8696,5508,264.92,17.94958,U1-VS2-21062024,U1-VS2-GGA10-Cr(VI) 5mg/L-23042024-Q=49.43mL/phút-2
208,GGA10-Cr(VI) 5mg/L,282.6948,5982,265.28,17.41478,U1-VS2-21062024,U1-VS2-GGA10-Cr(VI) 5mg/L-23042024-Q=49.43mL/phút-2
209,GGA10-Cr(VI) 5mg/L,283.0196,6455,265.69,17.32958,U1-VS2-21062024,U1-VS2-GGA10-Cr(VI) 5mg/L-23042024-Q=49.43mL/phút-2
210,GGA10-Cr(VI) 5mg/L,283.1513,6929,266.29,16.86125,U1-VS2-21062024,U1-VS2-GGA10-Cr(VI) 5mg/L-23042024-Q=49.43mL/phút-2
211,GGA10-Cr(VI) 5mg/L,283.4596,7401,266.57,16.88957,U1-VS2-21062024,U1-VS2-GGA10-Cr(VI) 5mg/L-23042024-Q=49.43mL/phút-2
212,GGA10-Cr(VI) 5mg/L,283.4604,7876,266.72,16.74042,U1-VS2-21062024,U1-VS2-GGA10-Cr(VI) 5mg/L-23042024-Q=49.43mL/phút-2
213,GGA10,288.135,301,278.03,10.105,U1-VS2-21062024,U1-VS2-GGA10-Ni(II) 15mg/L-25042024-Q=50.20mL/phút-2
214,GGA10,287.9143,773,277.91,10.00434,U1-VS2-21062024,U1-VS2-GGA10-Ni(II) 15mg/L-25042024-Q=50.20mL/phút-2
215,GGA10,287.7158,1247,277.48,10.23583,U1-VS2-21062024,U1-VS2-GGA10-Ni(II) 15mg/L-25042024-Q=50.20mL/phút-2
216,GGA10,287.5271,1721,276.67,10.85708,U1-VS2-21062024,U1-VS2-GGA10-Ni(II) 15mg/L-25042024-Q=50.20mL/phút-2
217,GGA10,287.4813,2193,276.19,11.29125,U1-VS2-21062024,U1-VS2-GGA10-Ni(II) 15mg/L-25042024-Q=50.20mL/phút-2
218,GGA10,287.2921,2667,274.73,12.56208,U1-VS2-21062024,U1-VS2-GGA10-Ni(II) 15mg/L-25042024-Q=50.20mL/phút-2
219,GGA10,284.2038,3142,273.22,10.98375,U1-VS2-21062024,U1-VS2-GGA10-Ni(II) 15mg/L-25042024-Q=50.20mL/phút-2
220,GGA10-Ni(II) 15mg/L,284.8808,3613,275.17,9.71084,U1-VS2-21062024,U1-VS2-GGA10-Ni(II) 15mg/L-25042024-Q=50.20mL/phút-2
221,GGA10-Ni(II) 15mg/L,284.7833,4091,276.89,7.89333,U1-VS2-21062024,U1-VS2-GGA10-Ni(II) 15mg/L-25042024-Q=50.20mL/phút-2
222,GGA10-Ni(II) 15mg/L,284.5008,4561,277.78,6.72083,U1-VS2-21062024,U1-VS2-GGA10-Ni(II) 15mg/L-25042024-Q=50.20mL/phút-2
223,GGA10-Ni(II) 15mg/L,284.3733,5039,277.73,6.64334,U1-VS2-21062024,U1-VS2-GGA10-Ni(II) 15mg/L-25042024-Q=50.20mL/phút-2
224,GGA10-Ni(II) 15mg/L,284.2717,5510,278.48,5.79174,U1-VS2-21062024,U1-VS2-GGA10-Ni(II) 15mg/L-25042024-Q=50.20mL/phút-2
225,GGA10-Ni(II) 15mg/L,284.2867,5982,279.35,4.93667,U1-VS2-21062024,U1-VS2-GGA10-Ni(II) 15mg/L-25042024-Q=50.20mL/phút-2
226,GGA10-Ni(II) 15mg/L,283.5578,6456,278.7,4.85782,U1-VS2-21062024,U1-VS2-GGA10-Ni(II) 15mg/L-25042024-Q=50.20mL/phút-2
227,GGA10-Ni(II) 15mg/L,283.6158,6928,278.95,4.66583,U1-VS2-21062024,U1-VS2-GGA10-Ni(II) 15mg/L-25042024-Q=50.20mL/phút-2
228,GGA10-Ni(II) 15mg/L,284.0675,7400,279.69,4.3775,U1-VS2-21062024,U1-VS2-GGA10-Ni(II) 15mg/L-25042024-Q=50.20mL/phút-2
229,GGA10-Ni(II) 15mg/L,283.9413,7872,280.06,3.88125,U1-VS2-21062024,U1-VS2-GGA10-Ni(II) 15mg/L-25042024-Q=50.20mL/phút-2
230,GGA10-Ni(II) 15mg/L,283.6725,8346,279.98,3.6925,U1-VS2-21062024,U1-VS2-GGA10-Ni(II) 15mg/L-25042024-Q=50.20mL/phút-2
231,GGA10-Ni(II) 15mg/L,283.6333,8819,280.2,3.43334,U1-VS2-21062024,U1-VS2-GGA10-Ni(II) 15mg/L-25042024-Q=50.20mL/phút-2
232,GGA10-Ni(II) 15mg/L,283.2513,9296,279.42,3.83125,U1-VS2-21062024,U1-VS2-GGA10-Ni(II) 15mg/L-25042024-Q=50.20mL/phút-2
233,GGA10,283.5639,301,274.6,8.96391,U8-VS1-23.04.2024,U8-VS1-GGA10-Ni(II) 10mg/L-24042024-Q=49.88mL/phút-2
234,GGA10,283.9048,774,274.79,9.11479,U8-VS1-23.04.2024,U8-VS1-GGA10-Ni(II) 10mg/L-24042024-Q=49.88mL/phút-2
235,GGA10,283.7104,1247,274.35,9.36042,U8-VS1-23.04.2024,U8-VS1-GGA10-Ni(II) 10mg/L-24042024-Q=49.88mL/phút-2
236,GGA10,283.8242,1719,274.32,9.50417,U8-VS1-23.04.2024,U8-VS1-GGA10-Ni(II) 10mg/L-24042024-Q=49.88mL/phút-2
237,GGA10,283.4304,2194,273.67,9.76042,U8-VS1-23.04.2024,U8-VS1-GGA10-Ni(II) 10mg/L-24042024-Q=49.88mL/phút-2
238,GGA10,283.4565,2666,273.75,9.70653,U8-VS1-23.04.2024,U8-VS1-GGA10-Ni(II) 10mg/L-24042024-Q=49.88mL/phút-2
239,GGA10-Ni(II) 10mg/L,283.1154,3139,277.23,5.88541,U8-VS1-23.04.2024,U8-VS1-GGA10-Ni(II) 10mg/L-24042024-Q=49.88mL/phút-2
240,GGA10-Ni(II) 10mg/L,283.2921,3612,278.01,5.28208,U8-VS1-23.04.2024,U8-VS1-GGA10-Ni(II) 10mg/L-24042024-Q=49.88mL/phút-2
241,GGA10-Ni(II) 10mg/L,283.2413,4086,278.22,5.0213,U8-VS1-23.04.2024,U8-VS1-GGA10-Ni(II) 10mg/L-24042024-Q=49.88mL/phút-2
242,GGA10-Ni(II) 10mg/L,283.0658,4560,278.04,5.02583,U8-VS1-23.04.2024,U8-VS1-GGA10-Ni(II) 10mg/L-24042024-Q=49.88mL/phút-2
243,GGA10-Ni(II) 10mg/L,282.4758,5033,278.35,4.12583,U8-VS1-23.04.2024,U8-VS1-GGA10-Ni(II) 10mg/L-24042024-Q=49.88mL/phút-2
244,GGA10-Ni(II) 10mg/L,282.3867,5507,278.28,4.10666,U8-VS1-23.04.2024,U8-VS1-GGA10-Ni(II) 10mg/L-24042024-Q=49.88mL/phút-2
245,GGA10-Ni(II) 10mg/L,282.5342,5980,278.48,4.05417,U8-VS1-23.04.2024,U8-VS1-GGA10-Ni(II) 10mg/L-24042024-Q=49.88mL/phút-2
246,GGA10-Ni(II) 10mg/L,282.5917,6454,278.56,4.03166,U8-VS1-23.04.2024,U8-VS1-GGA10-Ni(II) 10mg/L-24042024-Q=49.88mL/phút-2
247,GGA10,283.1413,301,268.48,14.66125,U2-VS2-23.04.2024,U2-VS2-GGA10-Ni(II) 15mg/L-25042024-Q=49.34mL/phút-2
248,GGA10,282.7425,776,268.29,14.4525,U2-VS2-23.04.2024,U2-VS2-GGA10-Ni(II) 15mg/L-25042024-Q=49.34mL/phút-2
249,GGA10,282.7933,1247,268.17,14.62333,U2-VS2-23.04.2024,U2-VS2-GGA10-Ni(II) 15mg/L-25042024-Q=49.34mL/phút-2
250,GGA10,282.7257,1721,268.37,14.35565,U2-VS2-23.04.2024,U2-VS2-GGA10-Ni(II) 15mg/L-25042024-Q=49.34mL/phút-2
251,GGA10,282.8425,2197,267.54,15.3025,U2-VS2-23.04.2024,U2-VS2-GGA10-Ni(II) 15mg/L-25042024-Q=49.34mL/phút-2
252,GGA10,282.8092,2667,268.16,14.64916,U2-VS2-23.04.2024,U2-VS2-GGA10-Ni(II) 15mg/L-25042024-Q=49.34mL/phút-2
253,GGA10,283.257,3141,272.95,10.30696,U2-VS2-23.04.2024,U2-VS2-GGA10-Ni(II) 15mg/L-25042024-Q=49.34mL/phút-2
254,GGA10-Ni(II) 15mg/L,283.277,3614,276.23,7.04696,U2-VS2-23.04.2024,U2-VS2-GGA10-Ni(II) 15mg/L-25042024-Q=49.34mL/phút-2
255,GGA10-Ni(II) 15mg/L,283.3113,4087,278.03,5.2813,U2-VS2-23.04.2024,U2-VS2-GGA10-Ni(II) 15mg/L-25042024-Q=49.34mL/phút-2
256,GGA10-Ni(II) 15mg/L,283.717,4557,279.87,3.84696,U2-VS2-23.04.2024,U2-VS2-GGA10-Ni(II) 15mg/L-25042024-Q=49.34mL/phút-2
257,GGA10-Ni(II) 15mg/L,283.5583,5030,280.42,3.13826,U2-VS2-23.04.2024,U2-VS2-GGA10-Ni(II) 15mg/L-25042024-Q=49.34mL/phút-2
258,GGA10-Ni(II) 15mg/L,283.8261,5502,281.23,2.59608,U2-VS2-23.04.2024,U2-VS2-GGA10-Ni(II) 15mg/L-25042024-Q=49.34mL/phút-2
259,GGA10-Ni(II) 15mg/L,283.7042,5978,281.32,2.38417,U2-VS2-23.04.2024,U2-VS2-GGA10-Ni(II) 15mg/L-25042024-Q=49.34mL/phút-2
260,GGA10-Ni(II) 15mg/L,283.5865,6450,281.01,2.57652,U2-VS2-23.04.2024,U2-VS2-GGA10-Ni(II) 15mg/L-25042024-Q=49.34mL/phút-2
261,GGA10,284.4554,301,276.34,8.11542,U9-VS1-24.04.2024,U9-VS1-GGA10-Cr(VI) 10mg/L-26042024-Q=50.34mL/phút-2
262,GGA10,284.4967,774,276.2,8.29666,U9-VS1-24.04.2024,U9-VS1-GGA10-Cr(VI) 10mg/L-26042024-Q=50.34mL/phút-2
263,GGA10,284.2675,1247,276.39,7.8775,U9-VS1-24.04.2024,U9-VS1-GGA10-Cr(VI) 10mg/L-26042024-Q=50.34mL/phút-2
264,GGA10,283.7113,1720,275.89,7.82126,U9-VS1-24.04.2024,U9-VS1-GGA10-Cr(VI) 10mg/L-26042024-Q=50.34mL/phút-2
265,GGA10,283.5691,2195,275.63,7.93913,U9-VS1-24.04.2024,U9-VS1-GGA10-Cr(VI) 10mg/L-26042024-Q=50.34mL/phút-2
266,GGA10,283.3758,2669,275.44,7.93584,U9-VS1-24.04.2024,U9-VS1-GGA10-Cr(VI) 10mg/L-26042024-Q=50.34mL/phút-2
267,GGA10,283.9571,3142,276.14,7.81708,U9-VS1-24.04.2024,U9-VS1-GGA10-Cr(VI) 10mg/L-26042024-Q=50.34mL/phút-2
268,GGA10-Cr(VI) 10mg/L,284.0996,3618,276.23,7.86958,U9-VS1-24.04.2024,U9-VS1-GGA10-Cr(VI) 10mg/L-26042024-Q=50.34mL/phút-2
269,GGA10-Cr(VI) 10mg/L,284.163,4091,276.85,7.31304,U9-VS1-24.04.2024,U9-VS1-GGA10-Cr(VI) 10mg/L-26042024-Q=50.34mL/phút-2
270,GGA10-Cr(VI) 10mg/L,284.0821,4563,277.39,6.69208,U9-VS1-24.04.2024,U9-VS1-GGA10-Cr(VI) 10mg/L-26042024-Q=50.34mL/phút-2
271,GGA10-Cr(VI) 10mg/L,283.9092,5035,277.32,6.58917,U9-VS1-24.04.2024,U9-VS1-GGA10-Cr(VI) 10mg/L-26042024-Q=50.34mL/phút-2
272,GGA10-Cr(VI) 10mg/L,283.9092,5510,277.64,6.26917,U9-VS1-24.04.2024,U9-VS1-GGA10-Cr(VI) 10mg/L-26042024-Q=50.34mL/phút-2
273,GGA10-Cr(VI) 10mg/L,285.4822,5984,278.03,7.45217,U9-VS1-24.04.2024,U9-VS1-GGA10-Cr(VI) 10mg/L-26042024-Q=50.34mL/phút-2
274,GGA10-Cr(VI) 10mg/L,285.745,6457,278.45,7.295,U9-VS1-24.04.2024,U9-VS1-GGA10-Cr(VI) 10mg/L-26042024-Q=50.34mL/phút-2
275,GGA10-Cr(VI) 10mg/L,285.8029,6931,278.45,7.35291,U9-VS1-24.04.2024,U9-VS1-GGA10-Cr(VI) 10mg/L-26042024-Q=50.34mL/phút-2
276,GGA10-Cr(VI) 10mg/L,285.955,7401,279.64,6.315,U9-VS1-24.04.2024,U9-VS1-GGA10-Cr(VI) 10mg/L-26042024-Q=50.34mL/phút-2
277,GGA10-Cr(VI) 10mg/L,284.4075,7876,279.04,5.3675,U9-VS1-24.04.2024,U9-VS1-GGA10-Cr(VI) 10mg/L-26042024-Q=50.34mL/phút-2
278,GGA10-Cr(VI) 10mg/L,284.287,8349,279.23,5.05696,U9-VS1-24.04.2024,U9-VS1-GGA10-Cr(VI) 10mg/L-26042024-Q=50.34mL/phút-2
279,GGA10-Cr(VI) 10mg/L,283.6458,8824,278.42,5.22583,U9-VS1-24.04.2024,U9-VS1-GGA10-Cr(VI) 10mg/L-26042024-Q=50.34mL/phút-2
280,GGA10,282.96877,329,280.38,2.588770000000011,U9-VS1-24.04.2024,U9-VS1-10-Ni-10mgL-29042024-Q=51.23mLphút-3
281,GGA10,283.03707,805,280.17,2.8670700000000124,U9-VS1-24.04.2024,U9-VS1-10-Ni-10mgL-29042024-Q=51.23mLphút-3
282,GGA10,282.83228,1277,280.21,2.622280000000046,U9-VS1-24.04.2024,U9-VS1-10-Ni-10mgL-29042024-Q=51.23mLphút-3
283,GGA10,282.70672,1752,279.89,2.816720000000032,U9-VS1-24.04.2024,U9-VS1-10-Ni-10mgL-29042024-Q=51.23mLphút-3
284,GGA10,282.72421,2226,280.02,2.704210000000046,U9-VS1-24.04.2024,U9-VS1-10-Ni-10mgL-29042024-Q=51.23mLphút-3
285,GGA10,282.65404,2698,280.02,2.6340400000000272,U9-VS1-24.04.2024,U9-VS1-10-Ni-10mgL-29042024-Q=51.23mLphút-3
286,GGA10,283.39123,3173,280.75,2.6412300000000073,U9-VS1-24.04.2024,U9-VS1-10-Ni-10mgL-29042024-Q=51.23mLphút-3
287,GGA10-Cr(VI) 10mg/L,283.43702,3649,281.02,2.4170200000000364,U9-VS1-24.04.2024,U9-VS1-10-Ni-10mgL-29042024-Q=51.23mLphút-3
288,GGA10-Cr(VI) 10mg/L,283.38897,4121,280.73,2.658969999999954,U9-VS1-24.04.2024,U9-VS1-10-Ni-10mgL-29042024-Q=51.23mLphút-3
289,GGA10-Cr(VI) 10mg/L,283.08965,4593,281.07,2.019650000000013,U9-VS1-24.04.2024,U9-VS1-10-Ni-10mgL-29042024-Q=51.23mLphút-3
290,GGA10-Cr(VI) 10mg/L,282.87069,5068,280.75,2.1206900000000246,U9-VS1-24.04.2024,U9-VS1-10-Ni-10mgL-29042024-Q=51.23mLphút-3
291,GGA10-Cr(VI) 10mg/L,282.81966,5540,281.0,1.819659999999999,U9-VS1-24.04.2024,U9-VS1-10-Ni-10mgL-29042024-Q=51.23mLphút-3
292,GGA10-Cr(VI) 10mg/L,282.74328,6012,280.88,1.8632800000000316,U9-VS1-24.04.2024,U9-VS1-10-Ni-10mgL-29042024-Q=51.23mLphút-3
293,GGA10-Cr(VI) 10mg/L,282.52155,6493,280.81,1.7115499999999884,U9-VS1-24.04.2024,U9-VS1-10-Ni-10mgL-29042024-Q=51.23mLphút-3
294,GGA10-Cr(VI) 10mg/L,282.43948,6961,280.86,1.5794799999999896,U9-VS1-24.04.2024,U9-VS1-10-Ni-10mgL-29042024-Q=51.23mLphút-3
295,GGA10-Cr(VI) 10mg/L,282.30649,7435,280.75,1.5564899999999966,U9-VS1-24.04.2024,U9-VS1-10-Ni-10mgL-29042024-Q=51.23mLphút-3
296,GGA10,281.18341,371,274.07999,7.103419999999971,U10-VS1-25.04.2024,U10-10-Ni(II)-5mgL-30042024-Q=50.12mLphút-2
297,GGA10,281.11639,846,274.39001,6.726380000000006,U10-VS1-25.04.2024,U10-10-Ni(II)-5mgL-30042024-Q=50.12mLphút-2
298,GGA10,281.04195,1317,274.39001,6.651939999999968,U10-VS1-25.04.2024,U10-10-Ni(II)-5mgL-30042024-Q=50.12mLphút-2
299,GGA10,281.09048,1791,273.87,7.220480000000009,U10-VS1-25.04.2024,U10-10-Ni(II)-5mgL-30042024-Q=50.12mLphút-2
300,GGA10,281.05217,2265,273.89001,7.162159999999972,U10-VS1-25.04.2024,U10-10-Ni(II)-5mgL-30042024-Q=50.12mLphút-2
301,GGA10-Ni(II) 5mg/L,280.97337,2737,273.76999,7.2033799999999815,U10-VS1-25.04.2024,U10-10-Ni(II)-5mgL-30042024-Q=50.12mLphút-2
302,GGA10-Ni(II) 5mg/L,280.96659,3210,274.75,6.2165899999999965,U10-VS1-25.04.2024,U10-10-Ni(II)-5mgL-30042024-Q=50.12mLphút-2
303,GGA10-Ni(II) 5mg/L,280.98207,3686,275.29001,5.692060000000026,U10-VS1-25.04.2024,U10-10-Ni(II)-5mgL-30042024-Q=50.12mLphút-2
304,GGA10-Ni(II) 5mg/L,281.03146,4157,275.5,5.531459999999981,U10-VS1-25.04.2024,U10-10-Ni(II)-5mgL-30042024-Q=50.12mLphút-2
305,GGA10-Ni(II) 5mg/L,280.99561,4630,275.75,5.245609999999999,U10-VS1-25.04.2024,U10-10-Ni(II)-5mgL-30042024-Q=50.12mLphút-2
306,GGA10-Ni(II) 5mg/L,280.91072,5105,275.75,5.160720000000026,U10-VS1-25.04.2024,U10-10-Ni(II)-5mgL-30042024-Q=50.12mLphút-2
307,GGA10-Ni(II) 5mg/L,280.89646,5578,275.84,5.0564600000000155,U10-VS1-25.04.2024,U10-10-Ni(II)-5mgL-30042024-Q=50.12mLphút-2
308,GGA10-Ni(II) 5mg/L,280.98085,6052,275.70999,5.270859999999971,U10-VS1-25.04.2024,U10-10-Ni(II)-5mgL-30042024-Q=50.12mLphút-2
309,GGA10,284.58067,413,277.47,7.1106699999999705,U10-VS1-25.04.2024,U10-10-Cr(VI)-10mgL-30042024-Q=51.67mLphút-3
310,GGA10,284.33067,886,277.34,6.990670000000023,U10-VS1-25.04.2024,U10-10-Cr(VI)-10mgL-30042024-Q=51.67mLphút-3
311,GGA10,284.41218,1359,277.22,7.192179999999951,U10-VS1-25.04.2024,U10-10-Cr(VI)-10mgL-30042024-Q=51.67mLphút-3
312,GGA10,284.13867,1833,277.32001,6.818659999999966,U10-VS1-25.04.2024,U10-10-Cr(VI)-10mgL-30042024-Q=51.67mLphút-3
313,GGA10,284.06266,2305,277.04999,7.012670000000014,U10-VS1-25.04.2024,U10-10-Cr(VI)-10mgL-30042024-Q=51.67mLphút-3
314,GGA10,283.93045,2780,277.01001,6.920439999999985,U10-VS1-25.04.2024,U10-10-Cr(VI)-10mgL-30042024-Q=51.67mLphút-3
315,GGA10,283.98045,3253,277.62,6.360450000000014,U10-VS1-25.04.2024,U10-10-Cr(VI)-10mgL-30042024-Q=51.67mLphút-3
316,GGA10,284.17645,3726,277.64001,6.5364399999999705,U10-VS1-25.04.2024,U10-10-Cr(VI)-10mgL-30042024-Q=51.67mLphút-3
317,GGA10,284.184,4200,277.76001,6.423990000000003,U10-VS1-25.04.2024,U10-10-Cr(VI)-10mgL-30042024-Q=51.67mLphút-3
318,GGA10,284.07178,4672,277.76001,6.311769999999967,U10-VS1-25.04.2024,U10-10-Cr(VI)-10mgL-30042024-Q=51.67mLphút-3
319,GGA10,283.82489,5146,277.76001,6.06487999999996,U10-VS1-25.04.2024,U10-10-Cr(VI)-10mgL-30042024-Q=51.67mLphút-3
320,GGA10,283.93734,5619,277.95001,5.987329999999986,U10-VS1-25.04.2024,U10-10-Cr(VI)-10mgL-30042024-Q=51.67mLphút-3
321,GGA10,283.59565,6093,277.98999,5.60566,U10-VS1-25.04.2024,U10-10-Cr(VI)-10mgL-30042024-Q=51.67mLphút-3
322,GGA10-Cr(VI) 10mg/L,283.71956,6567,277.87,5.849559999999997,U10-VS1-25.04.2024,U10-10-Cr(VI)-10mgL-30042024-Q=51.67mLphút-3
323,GGA10-Cr(VI) 10mg/L,283.50244,7040,277.76001,5.742429999999956,U10-VS1-25.04.2024,U10-10-Cr(VI)-10mgL-30042024-Q=51.67mLphút-3
324,GGA10-Cr(VI) 10mg/L,283.68356,7513,277.89001,5.793549999999982,U10-VS1-25.04.2024,U10-10-Cr(VI)-10mgL-30042024-Q=51.67mLphút-3
325,GGA10,286.3821,301,274.25,12.13208,U3-VS2-26.04.2024,U3-VS2-GGA10-Ni(II) 5mg/L-01052024-Q=51.92mL/phút-3
326,GGA10,286.2171,771,274.35,11.86708,U3-VS2-26.04.2024,U3-VS2-GGA10-Ni(II) 5mg/L-01052024-Q=51.92mL/phút-3
327,GGA10,285.9517,1245,273.98,11.97167,U3-VS2-26.04.2024,U3-VS2-GGA10-Ni(II) 5mg/L-01052024-Q=51.92mL/phút-3
328,GGA10,286.2287,1719,273.51,12.7187,U3-VS2-26.04.2024,U3-VS2-GGA10-Ni(II) 5mg/L-01052024-Q=51.92mL/phút-3
329,GGA10,285.8304,2191,273.39,12.44042,U3-VS2-26.04.2024,U3-VS2-GGA10-Ni(II) 5mg/L-01052024-Q=51.92mL/phút-3
330,GGA10,285.8738,2663,273.26,12.61375,U3-VS2-26.04.2024,U3-VS2-GGA10-Ni(II) 5mg/L-01052024-Q=51.92mL/phút-3
331,GGA10,285.7133,3138,273.12,12.59333,U3-VS2-26.04.2024,U3-VS2-GGA10-Ni(II) 5mg/L-01052024-Q=51.92mL/phút-3
332,GGA10-Ni(II) 5mg/L,285.1452,3611,274.44,10.70522,U3-VS2-26.04.2024,U3-VS2-GGA10-Ni(II) 5mg/L-01052024-Q=51.92mL/phút-3
333,GGA10-Ni(II) 5mg/L,284.9138,4087,276.59,8.32375,U3-VS2-26.04.2024,U3-VS2-GGA10-Ni(II) 5mg/L-01052024-Q=51.92mL/phút-3
334,GGA10-Ni(II) 5mg/L,285.3317,4557,277.59,7.74167,U3-VS2-26.04.2024,U3-VS2-GGA10-Ni(II) 5mg/L-01052024-Q=51.92mL/phút-3
335,GGA10-Ni(II) 5mg/L,285.2758,5032,277.95,7.32584,U3-VS2-26.04.2024,U3-VS2-GGA10-Ni(II) 5mg/L-01052024-Q=51.92mL/phút-3
336,GGA10-Ni(II) 5mg/L,284.8948,5504,277.72,7.17478,U3-VS2-26.04.2024,U3-VS2-GGA10-Ni(II) 5mg/L-01052024-Q=51.92mL/phút-3
337,GGA10-Ni(II) 5mg/L,284.7087,5977,278.1,6.6087,U3-VS2-26.04.2024,U3-VS2-GGA10-Ni(II) 5mg/L-01052024-Q=51.92mL/phút-3
338,GGA10-Ni(II) 5mg/L,284.4392,6453,278.07,6.36917,U3-VS2-26.04.2024,U3-VS2-GGA10-Ni(II) 5mg/L-01052024-Q=51.92mL/phút-3
339,GGA10-Ni(II) 5mg/L,284.2283,6928,278.26,5.96826,U3-VS2-26.04.2024,U3-VS2-GGA10-Ni(II) 5mg/L-01052024-Q=51.92mL/phút-3
340,GGA10-Ni(II) 5mg/L,284.3342,7397,278.6,5.73417,U3-VS2-26.04.2024,U3-VS2-GGA10-Ni(II) 5mg/L-01052024-Q=51.92mL/phút-3
341,GGA10-Ni(II) 5mg/L,284.2517,7871,278.48,5.77174,U3-VS2-26.04.2024,U3-VS2-GGA10-Ni(II) 5mg/L-01052024-Q=51.92mL/phút-3
342,GGA10-Ni(II) 5mg/L,284.3983,8345,278.66,5.73833,U3-VS2-26.04.2024,U3-VS2-GGA10-Ni(II) 5mg/L-01052024-Q=51.92mL/phút-3
343,GGA10,287.3571,301,279.23,8.12708,U4-VS2-26.04.2024,U4-VS2-GGA10-Cr(VI) 15mg/L-02052024-Q=50.48mL/phút-2
344,GGA10,287.2225,773,278.64,8.5825,U4-VS2-26.04.2024,U4-VS2-GGA10-Cr(VI) 15mg/L-02052024-Q=50.48mL/phút-2
345,GGA10,286.6309,1246,278.48,8.15087,U4-VS2-26.04.2024,U4-VS2-GGA10-Cr(VI) 15mg/L-02052024-Q=50.48mL/phút-2
346,GGA10,286.5504,1719,278.57,7.98042,U4-VS2-26.04.2024,U4-VS2-GGA10-Cr(VI) 15mg/L-02052024-Q=50.48mL/phút-2
347,GGA10,286.2387,2190,278.51,7.7287,U4-VS2-26.04.2024,U4-VS2-GGA10-Cr(VI) 15mg/L-02052024-Q=50.48mL/phút-2
348,GGA10,286.3138,2665,278.17,8.14375,U4-VS2-26.04.2024,U4-VS2-GGA10-Cr(VI) 15mg/L-02052024-Q=50.48mL/phút-2
349,GGA10-Cr(VI) 15mg/L,285.5896,3147,277.62,7.96958,U4-VS2-26.04.2024,U4-VS2-GGA10-Cr(VI) 15mg/L-02052024-Q=50.48mL/phút-2
350,GGA10-Cr(VI) 15mg/L,285.635,3613,278.6,7.035,U4-VS2-26.04.2024,U4-VS2-GGA10-Cr(VI) 15mg/L-02052024-Q=50.48mL/phút-2
351,GGA10-Cr(VI) 15mg/L,285.6167,4086,278.85,6.76667,U4-VS2-26.04.2024,U4-VS2-GGA10-Cr(VI) 15mg/L-02052024-Q=50.48mL/phút-2
352,GGA10-Cr(VI) 15mg/L,285.5629,4586,278.85,6.71291,U4-VS2-26.04.2024,U4-VS2-GGA10-Cr(VI) 15mg/L-02052024-Q=50.48mL/phút-2
353,GGA10-Cr(VI) 15mg/L,285.2913,5033,278.92,6.37125,U4-VS2-26.04.2024,U4-VS2-GGA10-Cr(VI) 15mg/L-02052024-Q=50.48mL/phút-2
354,GGA10-Cr(VI) 15mg/L,285.2133,5508,278.82,6.39333,U4-VS2-26.04.2024,U4-VS2-GGA10-Cr(VI) 15mg/L-02052024-Q=50.48mL/phút-2
355,GGA10-Cr(VI) 15mg/L,284.6771,5980,278.81,5.86709,U4-VS2-26.04.2024,U4-VS2-GGA10-Cr(VI) 15mg/L-02052024-Q=50.48mL/phút-2
356,GGA10-Cr(VI) 15mg/L,284.6108,6453,279.17,5.44083,U4-VS2-26.04.2024,U4-VS2-GGA10-Cr(VI) 15mg/L-02052024-Q=50.48mL/phút-2
357,GGA10-Cr(VI) 15mg/L,284.7967,6926,279.48,5.31667,U4-VS2-26.04.2024,U4-VS2-GGA10-Cr(VI) 15mg/L-02052024-Q=50.48mL/phút-2
358,GGA10-Cr(VI) 15mg/L,285.1483,7398,279.75,5.39833,U4-VS2-26.04.2024,U4-VS2-GGA10-Cr(VI) 15mg/L-02052024-Q=50.48mL/phút-2
359,GGA10,284.3352,301,271.34,12.99522,U5-VS2-01.05.2024,U5-VS2-GGA10-Cr(VI) 5mg/L-03052024-Q=49mL/phút-3
360,GGA10,284.3246,776,270.23,14.09458,U5-VS2-01.05.2024,U5-VS2-GGA10-Cr(VI) 5mg/L-03052024-Q=49mL/phút-3
361,GGA10,284.0708,1248,269.54,14.53083,U5-VS2-01.05.2024,U5-VS2-GGA10-Cr(VI) 5mg/L-03052024-Q=49mL/phút-3
362,GGA10,283.9408,1724,269.01,14.93084,U5-VS2-01.05.2024,U5-VS2-GGA10-Cr(VI) 5mg/L-03052024-Q=49mL/phút-3
363,GGA10,283.4696,2188,269.29,14.17958,U5-VS2-01.05.2024,U5-VS2-GGA10-Cr(VI) 5mg/L-03052024-Q=49mL/phút-3
364,GGA10,283.305,2658,270.64,12.665,U5-VS2-01.05.2024,U5-VS2-GGA10-Cr(VI) 5mg/L-03052024-Q=49mL/phút-3
365,GGA10,283.295,3133,271.32,11.975,U5-VS2-01.05.2024,U5-VS2-GGA10-Cr(VI) 5mg/L-03052024-Q=49mL/phút-3
366,GGA10,283.3522,3604,271.6,11.75218,U5-VS2-01.05.2024,U5-VS2-GGA10-Cr(VI) 5mg/L-03052024-Q=49mL/phút-3
367,GGA10-Cr(VI) 5mg/L,282.4839,4075,268.45,14.03391,U5-VS2-01.05.2024,U5-VS2-GGA10-Cr(VI) 5mg/L-03052024-Q=49mL/phút-3
368,GGA10-Cr(VI) 5mg/L,282.9296,4548,270.85,12.07958,U5-VS2-01.05.2024,U5-VS2-GGA10-Cr(VI) 5mg/L-03052024-Q=49mL/phút-3
369,GGA10-Cr(VI) 5mg/L,282.8371,5025,272.76,10.07708,U5-VS2-01.05.2024,U5-VS2-GGA10-Cr(VI) 5mg/L-03052024-Q=49mL/phút-3
370,GGA10-Cr(VI) 5mg/L,283.0363,5498,273.37,9.66625,U5-VS2-01.05.2024,U5-VS2-GGA10-Cr(VI) 5mg/L-03052024-Q=49mL/phút-3
371,GGA10-Cr(VI) 5mg/L,282.9475,5972,273.54,9.4075,U5-VS2-01.05.2024,U5-VS2-GGA10-Cr(VI) 5mg/L-03052024-Q=49mL/phút-3
372,GGA10-Cr(VI) 5mg/L,282.7044,6445,273.79,8.91435,U5-VS2-01.05.2024,U5-VS2-GGA10-Cr(VI) 5mg/L-03052024-Q=49mL/phút-3
373,GGA10-Cr(VI) 5mg/L,282.7508,6918,274.0,8.75083,U5-VS2-01.05.2024,U5-VS2-GGA10-Cr(VI) 5mg/L-03052024-Q=49mL/phút-3
374,GGA10-Cr(VI) 5mg/L,282.6029,7389,273.87,8.73292,U5-VS2-01.05.2024,U5-VS2-GGA10-Cr(VI) 5mg/L-03052024-Q=49mL/phút-3
375,GGA10,282.3067,301,272.78,9.52667,U5-VS2-01.05.2024,U5-VS2-GGA10-Ni(II) 5mg/L-03052024-Q=50.80mL/phút-4
376,GGA10,282.6717,773,272.57,10.10167,U5-VS2-01.05.2024,U5-VS2-GGA10-Ni(II) 5mg/L-03052024-Q=50.80mL/phút-4
377,GGA10,282.7617,1248,272.82,9.94174,U5-VS2-01.05.2024,U5-VS2-GGA10-Ni(II) 5mg/L-03052024-Q=50.80mL/phút-4
378,GGA10,282.8883,1721,272.82,10.06826,U5-VS2-01.05.2024,U5-VS2-GGA10-Ni(II) 5mg/L-03052024-Q=50.80mL/phút-4
379,GGA10,282.8554,2194,272.66,10.19542,U5-VS2-01.05.2024,U5-VS2-GGA10-Ni(II) 5mg/L-03052024-Q=50.80mL/phút-4
380,GGA10-Ni(II) 5mg/L,282.845,2667,274.94,7.905,U5-VS2-01.05.2024,U5-VS2-GGA10-Ni(II) 5mg/L-03052024-Q=50.80mL/phút-4
381,GGA10-Ni(II) 5mg/L,282.8891,3138,276.6,6.28913,U5-VS2-01.05.2024,U5-VS2-GGA10-Ni(II) 5mg/L-03052024-Q=50.80mL/phút-4
382,GGA10-Ni(II) 5mg/L,282.9146,3614,276.84,6.07459,U5-VS2-01.05.2024,U5-VS2-GGA10-Ni(II) 5mg/L-03052024-Q=50.80mL/phút-4
383,GGA10-Ni(II) 5mg/L,282.4704,4087,276.88,5.59043,U5-VS2-01.05.2024,U5-VS2-GGA10-Ni(II) 5mg/L-03052024-Q=50.80mL/phút-4
384,GGA10-Ni(II) 5mg/L,283.253,4559,277.76,5.49304,U5-VS2-01.05.2024,U5-VS2-GGA10-Ni(II) 5mg/L-03052024-Q=50.80mL/phút-4
385,GGA10-Ni(II) 5mg/L,283.1692,5034,277.78,5.38917,U5-VS2-01.05.2024,U5-VS2-GGA10-Ni(II) 5mg/L-03052024-Q=50.80mL/phút-4
386,GGA10-Ni(II) 5mg/L,283.0057,5507,277.66,5.34566,U5-VS2-01.05.2024,U5-VS2-GGA10-Ni(II) 5mg/L-03052024-Q=50.80mL/phút-4
387,GGA10-Ni(II) 5mg/L,282.4725,5981,277.1,5.3725,U5-VS2-01.05.2024,U5-VS2-GGA10-Ni(II) 5mg/L-03052024-Q=50.80mL/phút-4
388,GGA10,290.18934,320,281.4,8.78935,U6-VS2-03.05.2024,U6-VS2-10-Ni(II)-10mgL-05052024-Q=49.63mLphut-4
389,GGA10,289.71986,794,280.94,8.77986,U6-VS2-03.05.2024,U6-VS2-10-Ni(II)-10mgL-05052024-Q=49.63mLphut-4
390,GGA10,289.28373,1266,280.58,8.70374,U6-VS2-03.05.2024,U6-VS2-10-Ni(II)-10mgL-05052024-Q=49.63mLphut-4
391,GGA10,289.09446,14039,280.4,8.69447,U6-VS2-03.05.2024,U6-VS2-10-Ni(II)-10mgL-05052024-Q=49.63mLphut-4
392,GGA10,289.36514,14513,280.17,9.19513,U6-VS2-03.05.2024,U6-VS2-10-Ni(II)-10mgL-05052024-Q=49.63mLphut-4
393,GGA10,289.4345,14985,280.29,9.14449,U6-VS2-03.05.2024,U6-VS2-10-Ni(II)-10mgL-05052024-Q=49.63mLphut-4
394,GGA10-Ni(II) 10mg/L,289.62595,15459,281.96,7.66596,U6-VS2-03.05.2024,U6-VS2-10-Ni(II)-10mgL-05052024-Q=49.63mLphut-4
395,GGA10-Ni(II) 10mg/L,289.81554,15933,283.2,6.61553,U6-VS2-03.05.2024,U6-VS2-10-Ni(II)-10mgL-05052024-Q=49.63mLphut-4
396,GGA10-Ni(II) 10mg/L,289.5392,16408,283.24,6.29921,U6-VS2-03.05.2024,U6-VS2-10-Ni(II)-10mgL-05052024-Q=49.63mLphut-4
397,GGA10-Ni(II) 10mg/L,289.988,16880,284.14,5.84799,U6-VS2-03.05.2024,U6-VS2-10-Ni(II)-10mgL-05052024-Q=49.63mLphut-4
398,GGA10-Ni(II) 10mg/L,289.84814,17355,284.66,5.18814,U6-VS2-03.05.2024,U6-VS2-10-Ni(II)-10mgL-05052024-Q=49.63mLphut-4
399,GGA10-Ni(II) 10mg/L,289.60784,17828,284.79,4.81783,U6-VS2-03.05.2024,U6-VS2-10-Ni(II)-10mgL-05052024-Q=49.63mLphut-4
400,GGA10-Ni(II) 10mg/L,289.42406,18301,284.52,4.90407,U6-VS2-03.05.2024,U6-VS2-10-Ni(II)-10mgL-05052024-Q=49.63mLphut-4
401,GGA10-Ni(II) 10mg/L,289.26893,18776,284.6,4.66892,U6-VS2-03.05.2024,U6-VS2-10-Ni(II)-10mgL-05052024-Q=49.63mLphut-4
402,GGA10-Ni(II) 10mg/L,289.14986,19249,284.73,4.41985,U6-VS2-03.05.2024,U6-VS2-10-Ni(II)-10mgL-05052024-Q=49.63mLphut-4
403,GGA10,287.2282,271,281.84,5.38824,U7-VS2-03.05.2024,U7-VS2-10-Cr(VI)-15mgL-05052024-Q=49.77mLphut-3
404,GGA10,287.1202,744,281.74,5.38016,U7-VS2-03.05.2024,U7-VS2-10-Cr(VI)-15mgL-05052024-Q=49.77mLphut-3
405,GGA10,286.4972,1221,281.32,5.17721,U7-VS2-03.05.2024,U7-VS2-10-Cr(VI)-15mgL-05052024-Q=49.77mLphut-3
406,GGA10,286.5816,1692,281.59,4.99164,U7-VS2-03.05.2024,U7-VS2-10-Cr(VI)-15mgL-05052024-Q=49.77mLphut-3
407,GGA10,286.8631,2165,281.99,4.87311,U7-VS2-03.05.2024,U7-VS2-10-Cr(VI)-15mgL-05052024-Q=49.77mLphut-3
408,GGA10,287.5893,2637,282.45,5.13934,U7-VS2-03.05.2024,U7-VS2-10-Cr(VI)-15mgL-05052024-Q=49.77mLphut-3
409,GGA10,287.4984,3112,282.13,5.36836,U7-VS2-03.05.2024,U7-VS2-10-Cr(VI)-15mgL-05052024-Q=49.77mLphut-3
410,GGA10,287.6815,3585,283.09,4.59148,U7-VS2-03.05.2024,U7-VS2-10-Cr(VI)-15mgL-05052024-Q=49.77mLphut-3
411,GGA10-Cr(VI) 15mg/L,287.6905,4059,284.56,3.13049,U7-VS2-03.05.2024,U7-VS2-10-Cr(VI)-15mgL-05052024-Q=49.77mLphut-3
412,GGA10-Cr(VI) 15mg/L,287.2873,4536,285.02,2.26726,U7-VS2-03.05.2024,U7-VS2-10-Cr(VI)-15mgL-05052024-Q=49.77mLphut-3
413,GGA10-Cr(VI) 15mg/L,287.0098,5007,284.52,2.48984,U7-VS2-03.05.2024,U7-VS2-10-Cr(VI)-15mgL-05052024-Q=49.77mLphut-3
414,GGA10-Cr(VI) 15mg/L,287.338,5481,285.06,2.27803,U7-VS2-03.05.2024,U7-VS2-10-Cr(VI)-15mgL-05052024-Q=49.77mLphut-3
415,GGA10-Cr(VI) 15mg/L,287.3534,5953,285.0,2.35339,U7-VS2-03.05.2024,U7-VS2-10-Cr(VI)-15mgL-05052024-Q=49.77mLphut-3
416,GGA10,290.9752,301,276.04,14.93522,U8-VS2-03.05.2024,U8-VS2-GGA10-Cr(VI) 5mg/L-06052024-Q=51.84mL/phút-4
417,GGA10,290.8983,772,275.64,15.25826,U8-VS2-03.05.2024,U8-VS2-GGA10-Cr(VI) 5mg/L-06052024-Q=51.84mL/phút-4
418,GGA10,290.6661,1245,276.17,14.49608,U8-VS2-03.05.2024,U8-VS2-GGA10-Cr(VI) 5mg/L-06052024-Q=51.84mL/phút-4
419,GGA10,290.5588,1720,275.75,14.80875,U8-VS2-03.05.2024,U8-VS2-GGA10-Cr(VI) 5mg/L-06052024-Q=51.84mL/phút-4
420,GGA10,290.4013,2193,276.0,14.40125,U8-VS2-03.05.2024,U8-VS2-GGA10-Cr(VI) 5mg/L-06052024-Q=51.84mL/phút-4
421,GGA10,290.1663,2666,275.84,14.32625,U8-VS2-03.05.2024,U8-VS2-GGA10-Cr(VI) 5mg/L-06052024-Q=51.84mL/phút-4
422,GGA10,290.1167,3141,275.07,15.04667,U8-VS2-03.05.2024,U8-VS2-GGA10-Cr(VI) 5mg/L-06052024-Q=51.84mL/phút-4
423,GGA10-Cr(VI) 5mg/L,290.4696,3610,279.39,11.07958,U8-VS2-03.05.2024,U8-VS2-GGA10-Cr(VI) 5mg/L-06052024-Q=51.84mL/phút-4
424,GGA10-Cr(VI) 5mg/L,289.6842,4087,279.6,10.08417,U8-VS2-03.05.2024,U8-VS2-GGA10-Cr(VI) 5mg/L-06052024-Q=51.84mL/phút-4
425,GGA10-Cr(VI) 5mg/L,289.8296,4559,280.39,9.43958,U8-VS2-03.05.2024,U8-VS2-GGA10-Cr(VI) 5mg/L-06052024-Q=51.84mL/phút-4
426,GGA10-Cr(VI) 5mg/L,289.8238,5033,280.95,8.87375,U8-VS2-03.05.2024,U8-VS2-GGA10-Cr(VI) 5mg/L-06052024-Q=51.84mL/phút-4
427,GGA10-Cr(VI) 5mg/L,289.6739,5505,281.09,8.58391,U8-VS2-03.05.2024,U8-VS2-GGA10-Cr(VI) 5mg/L-06052024-Q=51.84mL/phút-4
428,GGA10-Cr(VI) 5mg/L,289.6057,5976,279.7,9.90565,U8-VS2-03.05.2024,U8-VS2-GGA10-Cr(VI) 5mg/L-06052024-Q=51.84mL/phút-4
429,GGA10-Cr(VI) 5mg/L,289.6709,6451,280.1,9.57087,U8-VS2-03.05.2024,U8-VS2-GGA10-Cr(VI) 5mg/L-06052024-Q=51.84mL/phút-4
430,GGA10-Cr(VI) 5mg/L,289.5421,6925,280.42,9.12208,U8-VS2-03.05.2024,U8-VS2-GGA10-Cr(VI) 5mg/L-06052024-Q=51.84mL/phút-4
431,GGA10-Cr(VI) 5mg/L,288.9826,7402,279.41,9.57261,U8-VS2-03.05.2024,U8-VS2-GGA10-Cr(VI) 5mg/L-06052024-Q=51.84mL/phút-4
432,GGA10-Cr(VI) 5mg/L,288.3313,7873,279.0,9.33125,U8-VS2-03.05.2024,U8-VS2-GGA10-Cr(VI) 5mg/L-06052024-Q=51.84mL/phút-4
433,GGA10,65.43171,301,57.03,8.40171,U9-VS2-05.05.2024,U9-VS2-GGA10-Cr(VI) 5mg/L-06052024-Q=50.48.56mL/phút-5
434,GGA10,66.32886,774,58.06,8.26886,U9-VS2-05.05.2024,U9-VS2-GGA10-Cr(VI) 5mg/L-06052024-Q=50.48.56mL/phút-5
435,GGA10,66.27571,1249,58.17,8.10571,U9-VS2-05.05.2024,U9-VS2-GGA10-Cr(VI) 5mg/L-06052024-Q=50.48.56mL/phút-5
436,GGA10,65.888,1723,57.35,8.538,U9-VS2-05.05.2024,U9-VS2-GGA10-Cr(VI) 5mg/L-06052024-Q=50.48.56mL/phút-5
437,GGA10,66.44514,2193,58.51,7.93514,U9-VS2-05.05.2024,U9-VS2-GGA10-Cr(VI) 5mg/L-06052024-Q=50.48.56mL/phút-5
438,GGA10,66.278,2666,58.02,8.258,U9-VS2-05.05.2024,U9-VS2-GGA10-Cr(VI) 5mg/L-06052024-Q=50.48.56mL/phút-5
439,GGA10,66.38314,3141,58.69,7.69314,U9-VS2-05.05.2024,U9-VS2-GGA10-Cr(VI) 5mg/L-06052024-Q=50.48.56mL/phút-5
440,GGA10-Cr(VI) 5mg/L,66.81429,3640,57.98,8.83429,U9-VS2-05.05.2024,U9-VS2-GGA10-Cr(VI) 5mg/L-06052024-Q=50.48.56mL/phút-5
441,GGA10-Cr(VI) 5mg/L,66.46971,4116,57.79,8.67971,U9-VS2-05.05.2024,U9-VS2-GGA10-Cr(VI) 5mg/L-06052024-Q=50.48.56mL/phút-5
442,GGA10-Cr(VI) 5mg/L,66.54457,4585,58.0,8.54457,U9-VS2-05.05.2024,U9-VS2-GGA10-Cr(VI) 5mg/L-06052024-Q=50.48.56mL/phút-5
443,GGA10-Cr(VI) 5mg/L,66.42486,5060,59.07,7.35486,U9-VS2-05.05.2024,U9-VS2-GGA10-Cr(VI) 5mg/L-06052024-Q=50.48.56mL/phút-5
444,GGA10-Cr(VI) 5mg/L,65.788,5531,58.78,7.008,U9-VS2-05.05.2024,U9-VS2-GGA10-Cr(VI) 5mg/L-06052024-Q=50.48.56mL/phút-5
445,GGA10-Cr(VI) 5mg/L,65.37343,6005,58.78,6.59343,U9-VS2-05.05.2024,U9-VS2-GGA10-Cr(VI) 5mg/L-06052024-Q=50.48.56mL/phút-5
446,GGA10-Cr(VI) 5mg/L,65.36571,6479,58.32,7.04571,U9-VS2-05.05.2024,U9-VS2-GGA10-Cr(VI) 5mg/L-06052024-Q=50.48.56mL/phút-5
447,GGA10-Cr(VI) 5mg/L,65.13714,6951,58.65,6.48714,U9-VS2-05.05.2024,U9-VS2-GGA10-Cr(VI) 5mg/L-06052024-Q=50.48.56mL/phút-5
448,GGA10-Cr(VI) 5mg/L,64.62086,7426,58.19,6.43086,U9-VS2-05.05.2024,U9-VS2-GGA10-Cr(VI) 5mg/L-06052024-Q=50.48.56mL/phút-5
449,GGA10,289.4914,301,277.47,12.02143,U10-VS2-06.05.2024,U10-VS2-GGA10-Ni (II) 10mg/L-07052024-Q=51.32mL/phút-5
450,GGA10,289.3023,777,276.64,12.66229,U10-VS2-06.05.2024,U10-VS2-GGA10-Ni (II) 10mg/L-07052024-Q=51.32mL/phút-5
451,GGA10,288.0471,1248,274.7,13.34714,U10-VS2-06.05.2024,U10-VS2-GGA10-Ni (II) 10mg/L-07052024-Q=51.32mL/phút-5
452,GGA10,289.9089,1722,277.51,12.39886,U10-VS2-06.05.2024,U10-VS2-GGA10-Ni (II) 10mg/L-07052024-Q=51.32mL/phút-5
453,GGA10,289.1091,2198,276.0,13.10914,U10-VS2-06.05.2024,U10-VS2-GGA10-Ni (II) 10mg/L-07052024-Q=51.32mL/phút-5
454,GGA10,288.326,2672,275.42,12.906,U10-VS2-06.05.2024,U10-VS2-GGA10-Ni (II) 10mg/L-07052024-Q=51.32mL/phút-5
455,GGA10-Ni(II) 10mg/L,290.0197,3141,281.2,8.81972,U10-VS2-06.05.2024,U10-VS2-GGA10-Ni (II) 10mg/L-07052024-Q=51.32mL/phút-5
456,GGA10-Ni(II) 10mg/L,288.8517,3619,280.5,8.35172,U10-VS2-06.05.2024,U10-VS2-GGA10-Ni (II) 10mg/L-07052024-Q=51.32mL/phút-5
457,GGA10-Ni(II) 10mg/L,289.838,4087,281.95,7.888,U10-VS2-06.05.2024,U10-VS2-GGA10-Ni (II) 10mg/L-07052024-Q=51.32mL/phút-5
458,GGA10-Ni(II) 10mg/L,289.1146,4563,281.01,8.10457,U10-VS2-06.05.2024,U10-VS2-GGA10-Ni (II) 10mg/L-07052024-Q=51.32mL/phút-5
459,GGA10-Ni(II) 10mg/L,288.7457,5043,281.04,7.70571,U10-VS2-06.05.2024,U10-VS2-GGA10-Ni (II) 10mg/L-07052024-Q=51.32mL/phút-5
460,GGA10-Ni(II) 10mg/L,288.3709,5510,280.7,7.67086,U10-VS2-06.05.2024,U10-VS2-GGA10-Ni (II) 10mg/L-07052024-Q=51.32mL/phút-5
461,GGA10-Ni(II) 10mg/L,287.7843,5983,280.5,7.28428,U10-VS2-06.05.2024,U10-VS2-GGA10-Ni (II) 10mg/L-07052024-Q=51.32mL/phút-5
462,GGA10-Ni(II) 10mg/L,287.5597,6456,280.63,6.92971,U10-VS2-06.05.2024,U10-VS2-GGA10-Ni (II) 10mg/L-07052024-Q=51.32mL/phút-5
463,GGA10-Ni(II) 10mg/L,287.6457,6932,280.44,7.20571,U10-VS2-06.05.2024,U10-VS2-GGA10-Ni (II) 10mg/L-07052024-Q=51.32mL/phút-5
464,GGA10-Ni(II) 10mg/L,287.3017,7406,280.51,6.79171,U10-VS2-06.05.2024,U10-VS2-GGA10-Ni (II) 10mg/L-07052024-Q=51.32mL/phút-5
465,GGA10,117.8577,301,108.66,9.19772,U11-VS2-06.05.2024,U11-VS2-GGA10-Cr(VI) 10mg/L-07052024-Q=51.44mL/phút-4
466,GGA10,117.5483,779,109.12,8.42829,U11-VS2-06.05.2024,U11-VS2-GGA10-Cr(VI) 10mg/L-07052024-Q=51.44mL/phút-4
467,GGA10,117.3706,1250,108.43,8.94059,U11-VS2-06.05.2024,U11-VS2-GGA10-Cr(VI) 10mg/L-07052024-Q=51.44mL/phút-4
468,GGA10,115.9741,1731,106.2,9.77412,U11-VS2-06.05.2024,U11-VS2-GGA10-Cr(VI) 10mg/L-07052024-Q=51.44mL/phút-4
469,GGA10,115.2427,2200,106.7,8.54265,U11-VS2-06.05.2024,U11-VS2-GGA10-Cr(VI) 10mg/L-07052024-Q=51.44mL/phút-4
470,GGA10,114.7988,2673,106.28,8.51882,U11-VS2-06.05.2024,U11-VS2-GGA10-Cr(VI) 10mg/L-07052024-Q=51.44mL/phút-4
471,GGA10-Cr(VI)-10mg/L,116.3041,3145,107.8,8.50412,U11-VS2-06.05.2024,U11-VS2-GGA10-Cr(VI) 10mg/L-07052024-Q=51.44mL/phút-4
472,GGA10-Cr(VI)-10mg/L,115.3565,3617,107.48,7.87647,U11-VS2-06.05.2024,U11-VS2-GGA10-Cr(VI) 10mg/L-07052024-Q=51.44mL/phút-4
473,GGA10-Cr(VI)-10mg/L,113.0706,4093,105.93,7.14059,U11-VS2-06.05.2024,U11-VS2-GGA10-Cr(VI) 10mg/L-07052024-Q=51.44mL/phút-4
474,GGA10-Cr(VI)-10mg/L,111.4179,4562,104.6,6.81794,U11-VS2-06.05.2024,U11-VS2-GGA10-Cr(VI) 10mg/L-07052024-Q=51.44mL/phút-4
475,GGA10-Cr(VI)-10mg/L,110.3627,5039,103.19,7.17265,U11-VS2-06.05.2024,U11-VS2-GGA10-Cr(VI) 10mg/L-07052024-Q=51.44mL/phút-4
476,GGA10-Cr(VI)-10mg/L,108.3762,5422,102.23,6.14618,U11-VS2-06.05.2024,U11-VS2-GGA10-Cr(VI) 10mg/L-07052024-Q=51.44mL/phút-4
477,GGA7.5,280.7594,301,270.7,10.05941,U12-VS2-07.05.2024,U12-VS2-GGA7.5-Ni(II) 15mg/L-08052024-Q=50.32mL/phút-1
478,GGA7.5,280.7159,775,269.75,10.96588,U12-VS2-07.05.2024,U12-VS2-GGA7.5-Ni(II) 15mg/L-08052024-Q=50.32mL/phút-1
479,GGA7.5,281.1238,1246,270.07,11.05382,U12-VS2-07.05.2024,U12-VS2-GGA7.5-Ni(II) 15mg/L-08052024-Q=50.32mL/phút-1
480,GGA7.5,280.8956,1720,269.5,11.39559,U12-VS2-07.05.2024,U12-VS2-GGA7.5-Ni(II) 15mg/L-08052024-Q=50.32mL/phút-1
481,GGA7.5,280.7618,2194,269.44,11.32176,U12-VS2-07.05.2024,U12-VS2-GGA7.5-Ni(II) 15mg/L-08052024-Q=50.32mL/phút-1
482,GGA7.5,281.2818,2666,269.54,11.74176,U12-VS2-07.05.2024,U12-VS2-GGA7.5-Ni(II) 15mg/L-08052024-Q=50.32mL/phút-1
483,GGA7.5,281.3694,3142,269.7,11.66941,U12-VS2-07.05.2024,U12-VS2-GGA7.5-Ni(II) 15mg/L-08052024-Q=50.32mL/phút-1
484,GGA7.5-Ni(II) 15mg/L,281.3279,3611,272.17,9.15793,U12-VS2-07.05.2024,U12-VS2-GGA7.5-Ni(II) 15mg/L-08052024-Q=50.32mL/phút-1
485,GGA7.5-Ni(II) 15mg/L,281.3506,4087,273.64,7.71059,U12-VS2-07.05.2024,U12-VS2-GGA7.5-Ni(II) 15mg/L-08052024-Q=50.32mL/phút-1
486,GGA7.5-Ni(II) 15mg/L,281.2627,4560,274.0,7.26265,U12-VS2-07.05.2024,U12-VS2-GGA7.5-Ni(II) 15mg/L-08052024-Q=50.32mL/phút-1
487,GGA7.5-Ni(II) 15mg/L,281.1444,5034,274.31,6.83435,U12-VS2-07.05.2024,U12-VS2-GGA7.5-Ni(II) 15mg/L-08052024-Q=50.32mL/phút-1
488,GGA7.5-Ni(II) 15mg/L,281.0331,5507,274.1,6.93305,U12-VS2-07.05.2024,U12-VS2-GGA7.5-Ni(II) 15mg/L-08052024-Q=50.32mL/phút-1
489,GGA7.5-Ni(II) 15mg/L,280.7475,5982,274.1,6.6475,U12-VS2-07.05.2024,U12-VS2-GGA7.5-Ni(II) 15mg/L-08052024-Q=50.32mL/phút-1
490,GGA10,282.6794,302,267.91,14.76943,U12-VS2-07.05.2024,U12-VS2-GGA10-Cr(VI) 15mg/L-08052024-Q=51.32mL/phút-4
491,GGA10,282.8366,776,268.6,14.23657,U12-VS2-07.05.2024,U12-VS2-GGA10-Cr(VI) 15mg/L-08052024-Q=51.32mL/phút-4
492,GGA10,282.8743,1248,268.29,14.58429,U12-VS2-07.05.2024,U12-VS2-GGA10-Cr(VI) 15mg/L-08052024-Q=51.32mL/phút-4
493,GGA10,282.2288,1724,266.59,15.63882,U12-VS2-07.05.2024,U12-VS2-GGA10-Cr(VI) 15mg/L-08052024-Q=51.32mL/phút-4
494,GGA10,282.5685,2201,267.76,14.80853,U12-VS2-07.05.2024,U12-VS2-GGA10-Cr(VI) 15mg/L-08052024-Q=51.32mL/phút-4
495,GGA10-Cr(VI) 15mg/L,280.9297,2674,265.67,15.25971,U12-VS2-07.05.2024,U12-VS2-GGA10-Cr(VI) 15mg/L-08052024-Q=51.32mL/phút-4
496,GGA10-Cr(VI) 15mg/L,280.2904,3146,267.04,13.25041,U12-VS2-07.05.2024,U12-VS2-GGA10-Cr(VI) 15mg/L-08052024-Q=51.32mL/phút-4
497,GGA10-Cr(VI) 15mg/L,282.3238,3615,269.56,12.76382,U12-VS2-07.05.2024,U12-VS2-GGA10-Cr(VI) 15mg/L-08052024-Q=51.32mL/phút-4
498,GGA10-Cr(VI) 15mg/L,282.1797,4087,271.09,11.08971,U12-VS2-07.05.2024,U12-VS2-GGA10-Cr(VI) 15mg/L-08052024-Q=51.32mL/phút-4
499,GGA10-Cr(VI) 15mg/L,282.1006,4562,271.92,10.18059,U12-VS2-07.05.2024,U12-VS2-GGA10-Cr(VI) 15mg/L-08052024-Q=51.32mL/phút-4
500,GGA10-Cr(VI) 15mg/L,281.9465,5037,271.6,10.34647,U12-VS2-07.05.2024,U12-VS2-GGA10-Cr(VI) 15mg/L-08052024-Q=51.32mL/phút-4
501,GGA10-Cr(VI) 15mg/L,281.9288,5510,271.98,9.94882,U12-VS2-07.05.2024,U12-VS2-GGA10-Cr(VI) 15mg/L-08052024-Q=51.32mL/phút-4
502,GGA7.5,283.1233,301,274.01,9.11334,U15-VS2-08.05.2024,U15-VS2-GGA7.5-Cr(VI) 15 mg/L-09052024-Q=49.88mL/phút-1
503,GGA7.5,283.093,773,274.0,9.09304,U15-VS2-08.05.2024,U15-VS2-GGA7.5-Cr(VI) 15 mg/L-09052024-Q=49.88mL/phút-1
504,GGA7.5,282.7204,1248,273.6,9.12042,U15-VS2-08.05.2024,U15-VS2-GGA7.5-Cr(VI) 15 mg/L-09052024-Q=49.88mL/phút-1
505,GGA7.5,282.6835,1721,273.76,8.92348,U15-VS2-08.05.2024,U15-VS2-GGA7.5-Cr(VI) 15 mg/L-09052024-Q=49.88mL/phút-1
506,GGA7.5,282.4917,2195,273.32,9.17174,U15-VS2-08.05.2024,U15-VS2-GGA7.5-Cr(VI) 15 mg/L-09052024-Q=49.88mL/phút-1
507,GGA7.5,282.0233,2665,271.91,10.11333,U15-VS2-08.05.2024,U15-VS2-GGA7.5-Cr(VI) 15 mg/L-09052024-Q=49.88mL/phút-1
508,GGA7.5,281.6804,3139,271.7,9.98042,U15-VS2-08.05.2024,U15-VS2-GGA7.5-Cr(VI) 15 mg/L-09052024-Q=49.88mL/phút-1
509,GGA7.5-Cr(VI) 15mg/L,281.4675,3615,272.1,9.3675,U15-VS2-08.05.2024,U15-VS2-GGA7.5-Cr(VI) 15 mg/L-09052024-Q=49.88mL/phút-1
510,GGA7.5-Cr(VI) 15mg/L,281.6025,4088,272.98,8.6225,U15-VS2-08.05.2024,U15-VS2-GGA7.5-Cr(VI) 15 mg/L-09052024-Q=49.88mL/phút-1
511,GGA7.5-Cr(VI) 15mg/L,281.5191,4564,272.95,8.56913,U15-VS2-08.05.2024,U15-VS2-GGA7.5-Cr(VI) 15 mg/L-09052024-Q=49.88mL/phút-1
512,GGA7.5-Cr(VI) 15mg/L,281.5291,5036,273.37,8.15913,U15-VS2-08.05.2024,U15-VS2-GGA7.5-Cr(VI) 15 mg/L-09052024-Q=49.88mL/phút-1
513,GGA7.5-Cr(VI) 15mg/L,281.9963,5508,274.25,7.74625,U15-VS2-08.05.2024,U15-VS2-GGA7.5-Cr(VI) 15 mg/L-09052024-Q=49.88mL/phút-1
514,GGA7.5-Cr(VI) 15mg/L,282.0252,5986,274.16,7.86521,U15-VS2-08.05.2024,U15-VS2-GGA7.5-Cr(VI) 15 mg/L-09052024-Q=49.88mL/phút-1
515,GGA7.5-Cr(VI) 15mg/L,282.0461,6458,274.16,7.88609,U15-VS2-08.05.2024,U15-VS2-GGA7.5-Cr(VI) 15 mg/L-09052024-Q=49.88mL/phút-1
516,GGA7.5,285.9846,301,274.26,11.72458,U15-VS2-08.05.2024,U15-VS2-GGA7.5-Ni(II) 5mg/L-09052024-Q=50.28mL/phút-1
517,GGA7.5,285.6788,775,274.14,11.53875,U15-VS2-08.05.2024,U15-VS2-GGA7.5-Ni(II) 5mg/L-09052024-Q=50.28mL/phút-1
518,GGA7.5,285.0558,1249,273.67,11.38583,U15-VS2-08.05.2024,U15-VS2-GGA7.5-Ni(II) 5mg/L-09052024-Q=50.28mL/phút-1
519,GGA7.5,285.1496,1722,273.7,11.44957,U15-VS2-08.05.2024,U15-VS2-GGA7.5-Ni(II) 5mg/L-09052024-Q=50.28mL/phút-1
520,GGA7.5,285.5158,2194,275.06,10.45583,U15-VS2-08.05.2024,U15-VS2-GGA7.5-Ni(II) 5mg/L-09052024-Q=50.28mL/phút-1
521,GGA7.5,285.8154,2668,275.23,10.58542,U15-VS2-08.05.2024,U15-VS2-GGA7.5-Ni(II) 5mg/L-09052024-Q=50.28mL/phút-1
522,GGA7.5-Ni(II) 5mg/L,284.7475,3167,275.92,8.8275,U15-VS2-08.05.2024,U15-VS2-GGA7.5-Ni(II) 5mg/L-09052024-Q=50.28mL/phút-1
523,GGA7.5-Ni(II) 5mg/L,284.9517,3640,276.13,8.82167,U15-VS2-08.05.2024,U15-VS2-GGA7.5-Ni(II) 5mg/L-09052024-Q=50.28mL/phút-1
524,GGA7.5-Ni(II) 5mg/L,284.4358,4114,276.44,7.99583,U15-VS2-08.05.2024,U15-VS2-GGA7.5-Ni(II) 5mg/L-09052024-Q=50.28mL/phút-1
525,GGA7.5-Ni(II) 5mg/L,284.8954,4614,277.76,7.13542,U15-VS2-08.05.2024,U15-VS2-GGA7.5-Ni(II) 5mg/L-09052024-Q=50.28mL/phút-1
526,GGA7.5-Ni(II) 5mg/L,285.5033,5087,278.16,7.34333,U15-VS2-08.05.2024,U15-VS2-GGA7.5-Ni(II) 5mg/L-09052024-Q=50.28mL/phút-1
527,GGA7.5-Ni(II) 5mg/L,285.4588,5559,278.66,6.79875,U15-VS2-08.05.2024,U15-VS2-GGA7.5-Ni(II) 5mg/L-09052024-Q=50.28mL/phút-1
528,GGA7.5-Ni(II) 5mg/L,285.5074,6036,278.54,6.96739,U15-VS2-08.05.2024,U15-VS2-GGA7.5-Ni(II) 5mg/L-09052024-Q=50.28mL/phút-1
529,GGA7.5-Ni(II) 5mg/L,285.1188,6508,278.16,6.95875,U15-VS2-08.05.2024,U15-VS2-GGA7.5-Ni(II) 5mg/L-09052024-Q=50.28mL/phút-1
530,GGA10,84.7713,301,79.19,5.5813,U16-VS2-08.05.2024,U16-VS2-GGA10-Ni(II) 15mg/L-09052024-Q=40.32mL/phút-4
531,GGA10,84.40522,77,78.85,5.55522,U16-VS2-08.05.2024,U16-VS2-GGA10-Ni(II) 15mg/L-09052024-Q=40.32mL/phút-4
532,GGA10,83.90208,1250,78.5,5.40208,U16-VS2-08.05.2024,U16-VS2-GGA10-Ni(II) 15mg/L-09052024-Q=40.32mL/phút-4
533,GGA10,83.53833,1723,78.48,5.05833,U16-VS2-08.05.2024,U16-VS2-GGA10-Ni(II) 15mg/L-09052024-Q=40.32mL/phút-4
534,GGA10,83.4875,2197,77.95,5.5375,U16-VS2-08.05.2024,U16-VS2-GGA10-Ni(II) 15mg/L-09052024-Q=40.32mL/phút-4
535,GGA10-Ni(II) 15mg/L,82.795,2670,77.97,4.825,U16-VS2-08.05.2024,U16-VS2-GGA10-Ni(II) 15mg/L-09052024-Q=40.32mL/phút-4
536,GGA10-Ni(II) 15mg/L,81.88174,3145,76.86,5.02174,U16-VS2-08.05.2024,U16-VS2-GGA10-Ni(II) 15mg/L-09052024-Q=40.32mL/phút-4
537,GGA10-Ni(II) 15mg/L,81.89208,3620,78.52,3.37208,U16-VS2-08.05.2024,U16-VS2-GGA10-Ni(II) 15mg/L-09052024-Q=40.32mL/phút-4
538,GGA10-Ni(II) 15mg/L,82.46292,4094,79.23,3.23292,U16-VS2-08.05.2024,U16-VS2-GGA10-Ni(II) 15mg/L-09052024-Q=40.32mL/phút-4
539,GGA10-Ni(II) 15mg/L,82.02292,4570,79.13,2.89292,U16-VS2-08.05.2024,U16-VS2-GGA10-Ni(II) 15mg/L-09052024-Q=40.32mL/phút-4
540,GGA10-Ni(II) 15mg/L,81.68739,5036,79.67,2.01739,U16-VS2-08.05.2024,U16-VS2-GGA10-Ni(II) 15mg/L-09052024-Q=40.32mL/phút-4
541,GGA15,285.6321,301,279.81,5.82208,U17-VS2-09.05.2024,U17-VS2-GGA15-Ni(II) 5mg/L-10052024-Q=50.24mL/phút-1
542,GGA15,285.9125,767,280.26,5.6525,U17-VS2-09.05.2024,U17-VS2-GGA15-Ni(II) 5mg/L-10052024-Q=50.24mL/phút-1
543,GGA15,285.4983,1241,279.89,5.60833,U17-VS2-09.05.2024,U17-VS2-GGA15-Ni(II) 5mg/L-10052024-Q=50.24mL/phút-1
544,GGA15,285.1496,1713,279.82,5.32959,U17-VS2-09.05.2024,U17-VS2-GGA15-Ni(II) 5mg/L-10052024-Q=50.24mL/phút-1
545,GGA15,285.0767,2187,279.76,5.31667,U17-VS2-09.05.2024,U17-VS2-GGA15-Ni(II) 5mg/L-10052024-Q=50.24mL/phút-1
546,GGA15,285.0288,2663,279.56,5.46875,U17-VS2-09.05.2024,U17-VS2-GGA15-Ni(II) 5mg/L-10052024-Q=50.24mL/phút-1
547,GGA15-Ni(II) 5mg/L,284.4183,3134,279.42,4.99834,U17-VS2-09.05.2024,U17-VS2-GGA15-Ni(II) 5mg/L-10052024-Q=50.24mL/phút-1
548,GGA15-Ni(II) 5mg/L,283.9844,3611,278.73,5.25435,U17-VS2-09.05.2024,U17-VS2-GGA15-Ni(II) 5mg/L-10052024-Q=50.24mL/phút-1
549,GGA15-Ni(II) 5mg/L,283.8317,4084,279.01,4.82174,U17-VS2-09.05.2024,U17-VS2-GGA15-Ni(II) 5mg/L-10052024-Q=50.24mL/phút-1
550,GGA15-Ni(II) 5mg/L,283.5371,4555,278.64,4.89708,U17-VS2-09.05.2024,U17-VS2-GGA15-Ni(II) 5mg/L-10052024-Q=50.24mL/phút-1
551,GGA15-Ni(II) 5mg/L,283.3233,5030,278.7,4.62333,U17-VS2-09.05.2024,U17-VS2-GGA15-Ni(II) 5mg/L-10052024-Q=50.24mL/phút-1
552,GGA15-Ni(II) 5mg/L,283.3979,5505,278.67,4.72792,U17-VS2-09.05.2024,U17-VS2-GGA15-Ni(II) 5mg/L-10052024-Q=50.24mL/phút-1
553,GGA15-Ni(II) 5mg/L,283.1904,5973,278.57,4.62042,U17-VS2-09.05.2024,U17-VS2-GGA15-Ni(II) 5mg/L-10052024-Q=50.24mL/phút-1
554,GGA10,288.0808,301,277.54,10.54083,U17-VS2-09.05.2024,U17-VS2-GGA10-Cr(VI) 10mg/L-10052024-Q=50.38mL/phút-5
555,GGA10,287.0233,769,277.62,9.40333,U17-VS2-09.05.2024,U17-VS2-GGA10-Cr(VI) 10mg/L-10052024-Q=50.38mL/phút-5
556,GGA10,286.7088,1245,276.69,10.01875,U17-VS2-09.05.2024,U17-VS2-GGA10-Cr(VI) 10mg/L-10052024-Q=50.38mL/phút-5
557,GGA10,286.5367,1722,277.51,9.02667,U17-VS2-09.05.2024,U17-VS2-GGA10-Cr(VI) 10mg/L-10052024-Q=50.38mL/phút-5
558,GGA10,286.5517,2195,276.6,9.95174,U17-VS2-09.05.2024,U17-VS2-GGA10-Cr(VI) 10mg/L-10052024-Q=50.38mL/phút-5
559,GGA10,286.7275,2668,276.72,10.0075,U17-VS2-09.05.2024,U17-VS2-GGA10-Cr(VI) 10mg/L-10052024-Q=50.38mL/phút-5
560,GGA10,286.6542,3144,277.07,9.58416,U17-VS2-09.05.2024,U17-VS2-GGA10-Cr(VI) 10mg/L-10052024-Q=50.38mL/phút-5
561,GGA10-Cr(VI) 10mg/L,285.9167,3613,277.17,8.74667,U17-VS2-09.05.2024,U17-VS2-GGA10-Cr(VI) 10mg/L-10052024-Q=50.38mL/phút-5
562,GGA10-Cr(VI) 10mg/L,286.4522,4085,279.23,7.22217,U17-VS2-09.05.2024,U17-VS2-GGA10-Cr(VI) 10mg/L-10052024-Q=50.38mL/phút-5
563,GGA10-Cr(VI) 10mg/L,286.3042,4559,279.75,6.55416,U17-VS2-09.05.2024,U17-VS2-GGA10-Cr(VI) 10mg/L-10052024-Q=50.38mL/phút-5
564,GGA10-Cr(VI) 10mg/L,286.2835,5030,280.51,5.77348,U17-VS2-09.05.2024,U17-VS2-GGA10-Cr(VI) 10mg/L-10052024-Q=50.38mL/phút-5
565,GGA10-Cr(VI) 10mg/L,286.2471,5502,280.38,5.86708,U17-VS2-09.05.2024,U17-VS2-GGA10-Cr(VI) 10mg/L-10052024-Q=50.38mL/phút-5
566,GGA10-Cr(VI) 10mg/L,286.0413,5979,280.17,5.87125,U17-VS2-09.05.2024,U17-VS2-GGA10-Cr(VI) 10mg/L-10052024-Q=50.38mL/phút-5
567,GGA7.5,277.4787,302,266.45,11.0287,U18-VS2-09.05.2024,U18-VS2-GGA7.5-Ni(II) 15mg/L-10052024-Q=49.38mL/phút-2
568,GGA7.5,277.4625,775,266.26,11.2025,U18-VS2-09.05.2024,U18-VS2-GGA7.5-Ni(II) 15mg/L-10052024-Q=49.38mL/phút-2
569,GGA7.5,277.6233,1249,266.54,11.08334,U18-VS2-09.05.2024,U18-VS2-GGA7.5-Ni(II) 15mg/L-10052024-Q=49.38mL/phút-2
570,GGA7.5,277.8867,1721,266.54,11.34667,U18-VS2-09.05.2024,U18-VS2-GGA7.5-Ni(II) 15mg/L-10052024-Q=49.38mL/phút-2
571,GGA7.5,277.5867,2195,266.04,11.54667,U18-VS2-09.05.2024,U18-VS2-GGA7.5-Ni(II) 15mg/L-10052024-Q=49.38mL/phút-2
572,GGA7.5,277.5233,2667,266.72,10.80333,U18-VS2-09.05.2024,U18-VS2-GGA7.5-Ni(II) 15mg/L-10052024-Q=49.38mL/phút-2
573,GGA7.5,277.4629,3142,266.95,10.51291,U18-VS2-09.05.2024,U18-VS2-GGA7.5-Ni(II) 15mg/L-10052024-Q=49.38mL/phút-2
574,GGA7.5-Ni(II) 15mg/L,277.4867,3614,269.73,7.75667,U18-VS2-09.05.2024,U18-VS2-GGA7.5-Ni(II) 15mg/L-10052024-Q=49.38mL/phút-2
575,GGA7.5-Ni(II) 15mg/L,277.7708,4088,271.48,6.29083,U18-VS2-09.05.2024,U18-VS2-GGA7.5-Ni(II) 15mg/L-10052024-Q=49.38mL/phút-2
576,GGA7.5-Ni(II) 15mg/L,277.7935,4561,272.22,5.57348,U18-VS2-09.05.2024,U18-VS2-GGA7.5-Ni(II) 15mg/L-10052024-Q=49.38mL/phút-2
577,GGA7.5-Ni(II) 15mg/L,277.6104,5036,272.23,5.38041,U18-VS2-09.05.2024,U18-VS2-GGA7.5-Ni(II) 15mg/L-10052024-Q=49.38mL/phút-2
578,GGA7.5-Ni(II) 15mg/L,277.6846,5509,272.29,5.39459,U18-VS2-09.05.2024,U18-VS2-GGA7.5-Ni(II) 15mg/L-10052024-Q=49.38mL/phút-2
579,GGA7.5-Ni(II) 15mg/L,277.7271,5981,272.47,5.25709,U18-VS2-09.05.2024,U18-VS2-GGA7.5-Ni(II) 15mg/L-10052024-Q=49.38mL/phút-2
580,GGA7.5-Ni(II) 15mg/L,277.7835,6454,272.62,5.16348,U18-VS2-09.05.2024,U18-VS2-GGA7.5-Ni(II) 15mg/L-10052024-Q=49.38mL/phút-2
581,GGA7.5-Ni(II) 15mg/L,277.7804,6928,272.48,5.30042,U18-VS2-09.05.2024,U18-VS2-GGA7.5-Ni(II) 15mg/L-10052024-Q=49.38mL/phút-2
582,BOD10,283.6806,243,274.98001,8.70056,U19-H1-VS2-10.05.2024,U19-VS2-10-Ni(II)5mgL-12052024-Q=50.76mLphut-5
583,BOD10,283.4713,716,275.38,8.09125,U19-H1-VS2-10.05.2024,U19-VS2-10-Ni(II)5mgL-12052024-Q=50.76mLphut-5
584,BOD10,283.271,1191,275.01999,8.25105,U19-H1-VS2-10.05.2024,U19-VS2-10-Ni(II)5mgL-12052024-Q=50.76mLphut-5
585,BOD10,283.1664,1666,274.54001,8.62635,U19-H1-VS2-10.05.2024,U19-VS2-10-Ni(II)5mgL-12052024-Q=50.76mLphut-5
586,BOD10,282.9715,2137,274.23001,8.74147,U19-H1-VS2-10.05.2024,U19-VS2-10-Ni(II)5mgL-12052024-Q=50.76mLphut-5
587,BOD10,282.9788,2610,274.25,8.72875,U19-H1-VS2-10.05.2024,U19-VS2-10-Ni(II)5mgL-12052024-Q=50.76mLphut-5
588,BOD10,283.0118,3083,274.01999,8.99185,U19-H1-VS2-10.05.2024,U19-VS2-10-Ni(II)5mgL-12052024-Q=50.76mLphut-5
589,Ni(5),282.9075,3558,274.79001,8.11746,U19-H1-VS2-10.05.2024,U19-VS2-10-Ni(II)5mgL-12052024-Q=50.76mLphut-5
590,Ni(5),282.5855,4030,275.17001,7.41544,U19-H1-VS2-10.05.2024,U19-VS2-10-Ni(II)5mgL-12052024-Q=50.76mLphut-5
591,Ni(5),282.4106,4505,275.48001,6.93056,U19-H1-VS2-10.05.2024,U19-VS2-10-Ni(II)5mgL-12052024-Q=50.76mLphut-5
592,Ni(5),282.0839,4977,275.44,6.64391,U19-H1-VS2-10.05.2024,U19-VS2-10-Ni(II)5mgL-12052024-Q=50.76mLphut-5
593,Ni(5),281.8631,5451,275.42001,6.44309,U19-H1-VS2-10.05.2024,U19-VS2-10-Ni(II)5mgL-12052024-Q=50.76mLphut-5
594,Ni(5),281.5113,5925,275.14999,6.36127,U19-H1-VS2-10.05.2024,U19-VS2-10-Ni(II)5mgL-12052024-Q=50.76mLphut-5
595,Ni(5),281.2384,6397,275.25,5.98841,U19-H1-VS2-10.05.2024,U19-VS2-10-Ni(II)5mgL-12052024-Q=50.76mLphut-5
596,Ni(5),280.8951,6870,274.89999,5.99507,U19-H1-VS2-10.05.2024,U19-VS2-10-Ni(II)5mgL-12052024-Q=50.76mLphut-5
597,Ni(5),280.527,7345,274.39001,6.137,U19-H1-VS2-10.05.2024,U19-VS2-10-Ni(II)5mgL-12052024-Q=50.76mLphut-5
598,BOD 7.5,279.4622,298,273.56,5.90216,U19-H1-VS2-10.05.2024,U19-VS2-7.5-Cr(VI)15mgL-12052024-Q=50.56mLphut-2
599,BOD 7.5,279.4506,771,273.81,5.64058,U19-H1-VS2-10.05.2024,U19-VS2-7.5-Cr(VI)15mgL-12052024-Q=50.56mLphut-2
600,BOD 7.5,279.3443,1244,273.75,5.59432,U19-H1-VS2-10.05.2024,U19-VS2-7.5-Cr(VI)15mgL-12052024-Q=50.56mLphut-2
601,BOD 7.5,279.1907,1718,273.33,5.86069,U19-H1-VS2-10.05.2024,U19-VS2-7.5-Cr(VI)15mgL-12052024-Q=50.56mLphut-2
602,BOD 7.5,279.2857,2191,273.56,5.72568,U19-H1-VS2-10.05.2024,U19-VS2-7.5-Cr(VI)15mgL-12052024-Q=50.56mLphut-2
603,BOD 7.5,279.1954,2665,273.31,5.8854,U19-H1-VS2-10.05.2024,U19-VS2-7.5-Cr(VI)15mgL-12052024-Q=50.56mLphut-2
604,Cr(15),279.1304,3137,273.62,5.51035,U19-H1-VS2-10.05.2024,U19-VS2-7.5-Cr(VI)15mgL-12052024-Q=50.56mLphut-2
605,Cr(15),278.8963,3611,274.12,4.77632,U19-H1-VS2-10.05.2024,U19-VS2-7.5-Cr(VI)15mgL-12052024-Q=50.56mLphut-2
606,Cr(15),278.8366,4083,274.31,4.52659,U19-H1-VS2-10.05.2024,U19-VS2-7.5-Cr(VI)15mgL-12052024-Q=50.56mLphut-2
607,Cr(15),278.6667,4557,274.48,4.18669,U19-H1-VS2-10.05.2024,U19-VS2-7.5-Cr(VI)15mgL-12052024-Q=50.56mLphut-2
608,Cr(15),278.6768,5029,274.54,4.13681,U19-H1-VS2-10.05.2024,U19-VS2-7.5-Cr(VI)15mgL-12052024-Q=50.56mLphut-2
609,Cr(15),278.4724,5505,274.56,3.91242,U19-H1-VS2-10.05.2024,U19-VS2-7.5-Cr(VI)15mgL-12052024-Q=50.56mLphut-2
610,BOD 7.5,80.32163,373,73.64,6.68163,U20-H2-VS2-10.05.2024,U20-VS2-7.5-Cr(VI)15mgL-12052024-Q=40.11mLphut-3
611,BOD 7.5,79.9552,848,72.76,7.1952,U20-H2-VS2-10.05.2024,U20-VS2-7.5-Cr(VI)15mgL-12052024-Q=40.11mLphut-3
612,BOD 7.5,79.79488,1323,72.95,6.84488,U20-H2-VS2-10.05.2024,U20-VS2-7.5-Cr(VI)15mgL-12052024-Q=40.11mLphut-3
613,BOD 7.5,79.20413,6193,72.04,7.16413,U20-H2-VS2-10.05.2024,U20-VS2-7.5-Cr(VI)15mgL-12052024-Q=40.11mLphut-3
614,BOD 7.5,78.82595,6666,72.32,6.50595,U20-H2-VS2-10.05.2024,U20-VS2-7.5-Cr(VI)15mgL-12052024-Q=40.11mLphut-3
615,BOD 7.5,78.41079,7140,72.21,6.20079,U20-H2-VS2-10.05.2024,U20-VS2-7.5-Cr(VI)15mgL-12052024-Q=40.11mLphut-3
616,BOD 7.5,77.89939,7613,71.26,6.63939,U20-H2-VS2-10.05.2024,U20-VS2-7.5-Cr(VI)15mgL-12052024-Q=40.11mLphut-3
617,Cr 15,77.3349,8084,70.97,6.3649,U20-H2-VS2-10.05.2024,U20-VS2-7.5-Cr(VI)15mgL-12052024-Q=40.11mLphut-3
618,Cr 15,76.89385,8561,70.4,6.49385,U20-H2-VS2-10.05.2024,U20-VS2-7.5-Cr(VI)15mgL-12052024-Q=40.11mLphut-3
619,Cr 15,76.0683,9031,70.42,5.6483,U20-H2-VS2-10.05.2024,U20-VS2-7.5-Cr(VI)15mgL-12052024-Q=40.11mLphut-3
620,Cr 15,75.36269,9505,70.24,5.12269,U20-H2-VS2-10.05.2024,U20-VS2-7.5-Cr(VI)15mgL-12052024-Q=40.11mLphut-3
621,Cr 15,75.0217,9976,70.07,4.9517,U20-H2-VS2-10.05.2024,U20-VS2-7.5-Cr(VI)15mgL-12052024-Q=40.11mLphut-3
622,Cr 15,74.62462,10452,69.29,5.33462,U20-H2-VS2-10.05.2024,U20-VS2-7.5-Cr(VI)15mgL-12052024-Q=40.11mLphut-3
623,Cr 15,74.04212,10927,69.2,4.84212,U20-H2-VS2-10.05.2024,U20-VS2-7.5-Cr(VI)15mgL-12052024-Q=40.11mLphut-3
624,BOD7.5,281.3415,246,268.14,13.20153,U21-H1-VS2-12.05.2024,"U21-VS2-7,5-Ni(II)10mgL-13052024-Q=49.52mLphut-3"
625,BOD7.5,281.0771,721,268.48,12.5971,U21-H1-VS2-12.05.2024,"U21-VS2-7,5-Ni(II)10mgL-13052024-Q=49.52mLphut-3"
626,BOD7.5,280.4962,1196,267.87,12.62615,U21-H1-VS2-12.05.2024,"U21-VS2-7,5-Ni(II)10mgL-13052024-Q=49.52mLphut-3"
627,BOD7.5,280.5672,1669,267.79,12.77717,U21-H1-VS2-12.05.2024,"U21-VS2-7,5-Ni(II)10mgL-13052024-Q=49.52mLphut-3"
628,BOD7.5,280.8459,2143,267.7,13.14589,U21-H1-VS2-12.05.2024,"U21-VS2-7,5-Ni(II)10mgL-13052024-Q=49.52mLphut-3"
629,BOD7.5,280.7447,2615,267.95,12.79473,U21-H1-VS2-12.05.2024,"U21-VS2-7,5-Ni(II)10mgL-13052024-Q=49.52mLphut-3"
630,Ni10,280.8708,3089,269.46,11.41078,U21-H1-VS2-12.05.2024,"U21-VS2-7,5-Ni(II)10mgL-13052024-Q=49.52mLphut-3"
631,Ni10,280.4508,3559,269.31,11.14077,U21-H1-VS2-12.05.2024,"U21-VS2-7,5-Ni(II)10mgL-13052024-Q=49.52mLphut-3"
632,Ni10,280.1113,4033,270.0,10.11128,U21-H1-VS2-12.05.2024,"U21-VS2-7,5-Ni(II)10mgL-13052024-Q=49.52mLphut-3"
633,Ni10,279.9621,4508,269.75,10.21205,U21-H1-VS2-12.05.2024,"U21-VS2-7,5-Ni(II)10mgL-13052024-Q=49.52mLphut-3"
634,Ni10,279.7358,4981,269.98,9.75578,U21-H1-VS2-12.05.2024,"U21-VS2-7,5-Ni(II)10mgL-13052024-Q=49.52mLphut-3"
635,Ni10,279.4542,5454,269.58,9.87422,U21-H1-VS2-12.05.2024,"U21-VS2-7,5-Ni(II)10mgL-13052024-Q=49.52mLphut-3"
636,Ni10,279.171,5928,269.27,9.90104,U21-H1-VS2-12.05.2024,"U21-VS2-7,5-Ni(II)10mgL-13052024-Q=49.52mLphut-3"
637,BOD 7.5,275.2074,320,264.69,10.51736,U21-H1-VS2-12.05.2024,"U21-VS2-7,5-Cr(VI)10mgL-13052024-Q=49.77mLphut-1"
638,BOD 7.5,275.5874,792,264.54,11.04736,U21-H1-VS2-12.05.2024,"U21-VS2-7,5-Cr(VI)10mgL-13052024-Q=49.77mLphut-1"
639,BOD 7.5,276.023,1266,264.67,11.35299,U21-H1-VS2-12.05.2024,"U21-VS2-7,5-Cr(VI)10mgL-13052024-Q=49.77mLphut-1"
640,BOD 7.5,275.9294,1739,264.52,11.40941,U21-H1-VS2-12.05.2024,"U21-VS2-7,5-Cr(VI)10mgL-13052024-Q=49.77mLphut-1"
641,BOD 7.5,276.009,2213,264.36,11.64901,U21-H1-VS2-12.05.2024,"U21-VS2-7,5-Cr(VI)10mgL-13052024-Q=49.77mLphut-1"
642,BOD 7.5,275.8378,2685,264.77,11.06776,U21-H1-VS2-12.05.2024,"U21-VS2-7,5-Cr(VI)10mgL-13052024-Q=49.77mLphut-1"
643,Cr(10),275.889,3160,265.07,10.81899,U21-H1-VS2-12.05.2024,"U21-VS2-7,5-Cr(VI)10mgL-13052024-Q=49.77mLphut-1"
644,Cr(10),276.0426,3633,265.69,10.3526,U21-H1-VS2-12.05.2024,"U21-VS2-7,5-Cr(VI)10mgL-13052024-Q=49.77mLphut-1"
645,Cr(10),275.8368,4109,265.74,10.09681,U21-H1-VS2-12.05.2024,"U21-VS2-7,5-Cr(VI)10mgL-13052024-Q=49.77mLphut-1"
646,Cr(10),275.492,4581,265.4,10.09205,U21-H1-VS2-12.05.2024,"U21-VS2-7,5-Cr(VI)10mgL-13052024-Q=49.77mLphut-1"
647,Cr(10),275.409,5055,265.38,10.02898,U21-H1-VS2-12.05.2024,"U21-VS2-7,5-Cr(VI)10mgL-13052024-Q=49.77mLphut-1"
648,Cr(10),275.3976,5528,265.78,9.61755,U21-H1-VS2-12.05.2024,"U21-VS2-7,5-Cr(VI)10mgL-13052024-Q=49.77mLphut-1"
649,Cr(10),275.1026,6002,265.59,9.5126,U21-H1-VS2-12.05.2024,"U21-VS2-7,5-Cr(VI)10mgL-13052024-Q=49.77mLphut-1"
650,Cr(10),275.172,6474,265.95,9.22203,U21-H1-VS2-12.05.2024,"U21-VS2-7,5-Cr(VI)10mgL-13052024-Q=49.77mLphut-1"
651,Cr(10),275.1955,6948,266.15,9.04552,U21-H1-VS2-12.05.2024,"U21-VS2-7,5-Cr(VI)10mgL-13052024-Q=49.77mLphut-1"
652,Cr(10),275.368,7421,266.53,8.838,U21-H1-VS2-12.05.2024,"U21-VS2-7,5-Cr(VI)10mgL-13052024-Q=49.77mLphut-1"
653,Cr(10),275.6559,7895,266.7,8.95591,U21-H1-VS2-12.05.2024,"U21-VS2-7,5-Cr(VI)10mgL-13052024-Q=49.77mLphut-1"
654,BOD 7.5,74.77213,279,69.71,5.06213,U22-H2-VS2-12.05.2024,"U22-VS2-7,5-Ni(II)10mgL-13052024-Q=40.11mLphut-2"
655,BOD 7.5,75.05979,755,70.34,4.71979,U22-H2-VS2-12.05.2024,"U22-VS2-7,5-Ni(II)10mgL-13052024-Q=40.11mLphut-2"
656,BOD 7.5,74.84979,1233,70.11,4.73979,U22-H2-VS2-12.05.2024,"U22-VS2-7,5-Ni(II)10mgL-13052024-Q=40.11mLphut-2"
657,BOD 7.5,74.7717,1702,69.46,5.3117,U22-H2-VS2-12.05.2024,"U22-VS2-7,5-Ni(II)10mgL-13052024-Q=40.11mLphut-2"
658,BOD 7.5,74.95617,2178,69.9,5.05617,U22-H2-VS2-12.05.2024,"U22-VS2-7,5-Ni(II)10mgL-13052024-Q=40.11mLphut-2"
659,BOD 7.5,74.64149,2648,69.71,4.93149,U22-H2-VS2-12.05.2024,"U22-VS2-7,5-Ni(II)10mgL-13052024-Q=40.11mLphut-2"
660,BOD 7.5,74.58521,3124,69.86,4.72521,U22-H2-VS2-12.05.2024,"U22-VS2-7,5-Ni(II)10mgL-13052024-Q=40.11mLphut-2"
661,Ni-10,74.38229,3595,70.26,4.12229,U22-H2-VS2-12.05.2024,"U22-VS2-7,5-Ni(II)10mgL-13052024-Q=40.11mLphut-2"
662,Ni-10,73.96787,4070,70.4,3.56787,U22-H2-VS2-12.05.2024,"U22-VS2-7,5-Ni(II)10mgL-13052024-Q=40.11mLphut-2"
663,Ni-10,73.3466,4546,69.73,3.6166,U22-H2-VS2-12.05.2024,"U22-VS2-7,5-Ni(II)10mgL-13052024-Q=40.11mLphut-2"
664,Ni-10,73.17489,5023,69.73,3.44489,U22-H2-VS2-12.05.2024,"U22-VS2-7,5-Ni(II)10mgL-13052024-Q=40.11mLphut-2"
665,Ni-10,73.24438,5488,69.9,3.34438,U22-H2-VS2-12.05.2024,"U22-VS2-7,5-Ni(II)10mgL-13052024-Q=40.11mLphut-2"
666,Ni-10,72.79766,5961,69.73,3.06766,U22-H2-VS2-12.05.2024,"U22-VS2-7,5-Ni(II)10mgL-13052024-Q=40.11mLphut-2"
667,Ni-10,72.4266,6437,69.18,3.2466,U22-H2-VS2-12.05.2024,"U22-VS2-7,5-Ni(II)10mgL-13052024-Q=40.11mLphut-2"
668,Ni-10,72.10104,6916,69.04,3.06104,U22-H2-VS2-12.05.2024,"U22-VS2-7,5-Ni(II)10mgL-13052024-Q=40.11mLphut-2"
669,GGA7.5,280.2957,303,265.49,14.80566,U23-H1-VS2-12.05.2024,U23-H1-VS2-GGA7.5-Ni(II) 5mg/L-14052024-Q=49.68mL/phút-2
670,GGA7.5,280.2767,778,265.07,15.20666,U23-H1-VS2-12.05.2024,U23-H1-VS2-GGA7.5-Ni(II) 5mg/L-14052024-Q=49.68mL/phút-2
671,GGA7.5,280.0774,1250,264.02,16.0574,U23-H1-VS2-12.05.2024,U23-H1-VS2-GGA7.5-Ni(II) 5mg/L-14052024-Q=49.68mL/phút-2
672,GGA7.5,280.0183,1724,264.54,15.47833,U23-H1-VS2-12.05.2024,U23-H1-VS2-GGA7.5-Ni(II) 5mg/L-14052024-Q=49.68mL/phút-2
673,GGA7.5,279.5854,2197,264.29,15.29541,U23-H1-VS2-12.05.2024,U23-H1-VS2-GGA7.5-Ni(II) 5mg/L-14052024-Q=49.68mL/phút-2
674,GGA7.5,279.7717,2672,264.52,15.25167,U23-H1-VS2-12.05.2024,U23-H1-VS2-GGA7.5-Ni(II) 5mg/L-14052024-Q=49.68mL/phút-2
675,GGA7.5-Ni(II) 5mg/L,279.4533,3143,266.95,12.50332,U23-H1-VS2-12.05.2024,U23-H1-VS2-GGA7.5-Ni(II) 5mg/L-14052024-Q=49.68mL/phút-2
676,GGA7.5-Ni(II) 5mg/L,279.3757,3616,267.35,12.02564,U23-H1-VS2-12.05.2024,U23-H1-VS2-GGA7.5-Ni(II) 5mg/L-14052024-Q=49.68mL/phút-2
677,GGA7.5-Ni(II) 5mg/L,279.2071,4090,267.62,11.58708,U23-H1-VS2-12.05.2024,U23-H1-VS2-GGA7.5-Ni(II) 5mg/L-14052024-Q=49.68mL/phút-2
678,GGA7.5-Ni(II) 5mg/L,279.1954,4564,267.64,11.55541,U23-H1-VS2-12.05.2024,U23-H1-VS2-GGA7.5-Ni(II) 5mg/L-14052024-Q=49.68mL/phút-2
679,GGA7.5-Ni(II) 5mg/L,279.0325,5037,267.6,11.43249,U23-H1-VS2-12.05.2024,U23-H1-VS2-GGA7.5-Ni(II) 5mg/L-14052024-Q=49.68mL/phút-2
680,GGA7.5-Ni(II) 5mg/L,278.9333,5509,267.51,11.42333,U23-H1-VS2-12.05.2024,U23-H1-VS2-GGA7.5-Ni(II) 5mg/L-14052024-Q=49.68mL/phút-2
681,GGA12.5,276.9129,301,264.04,12.8729,U23-H1-VS2-12.05.2024,U23-H1-VS2-GG12.5-Cr(VI) 15mg/L-14052024-Q=51.44mL/phút-3
682,GGA12.5,277.0304,778,264.13,12.90042,U23-H1-VS2-12.05.2024,U23-H1-VS2-GG12.5-Cr(VI) 15mg/L-14052024-Q=51.44mL/phút-3
683,GGA12.5,276.9283,1250,263.85,13.07832,U23-H1-VS2-12.05.2024,U23-H1-VS2-GG12.5-Cr(VI) 15mg/L-14052024-Q=51.44mL/phút-3
684,GGA12.5,276.9821,1724,263.44,13.54208,U23-H1-VS2-12.05.2024,U23-H1-VS2-GG12.5-Cr(VI) 15mg/L-14052024-Q=51.44mL/phút-3
685,GGA12.5,277.0275,2200,263.5,13.5275,U23-H1-VS2-12.05.2024,U23-H1-VS2-GG12.5-Cr(VI) 15mg/L-14052024-Q=51.44mL/phút-3
686,GGA12.5,276.9022,2672,263.83,13.07219,U23-H1-VS2-12.05.2024,U23-H1-VS2-GG12.5-Cr(VI) 15mg/L-14052024-Q=51.44mL/phút-3
687,GG12.5-Cr(VI) 15mg/L,277.4675,3143,266.09,11.3775,U23-H1-VS2-12.05.2024,U23-H1-VS2-GG12.5-Cr(VI) 15mg/L-14052024-Q=51.44mL/phút-3
688,GG12.5-Cr(VI) 15mg/L,277.2639,3615,266.74,10.52392,U23-H1-VS2-12.05.2024,U23-H1-VS2-GG12.5-Cr(VI) 15mg/L-14052024-Q=51.44mL/phút-3
689,GG12.5-Cr(VI) 15mg/L,277.6842,4088,267.64,10.04416,U23-H1-VS2-12.05.2024,U23-H1-VS2-GG12.5-Cr(VI) 15mg/L-14052024-Q=51.44mL/phút-3
690,GG12.5-Cr(VI) 15mg/L,277.4722,4562,267.35,10.12216,U23-H1-VS2-12.05.2024,U23-H1-VS2-GG12.5-Cr(VI) 15mg/L-14052024-Q=51.44mL/phút-3
691,GG12.5-Cr(VI) 15mg/L,277.9742,5037,267.41,10.56417,U23-H1-VS2-12.05.2024,U23-H1-VS2-GG12.5-Cr(VI) 15mg/L-14052024-Q=51.44mL/phút-3
692,GGA7.5,76.03386,303,70.45,5.58386,U24-H2-VS2-12.05.2024,U24-H2-VS2-GGA7.5-Ni(II) 5mg/L-14052024-Q=42.72mL/phút-3
693,GGA7.5,76.14932,775,70.28,5.86932,U24-H2-VS2-12.05.2024,U24-H2-VS2-GGA7.5-Ni(II) 5mg/L-14052024-Q=42.72mL/phút-3
694,GGA7.5,76.22467,1251,70.45,5.77467,U24-H2-VS2-12.05.2024,U24-H2-VS2-GGA7.5-Ni(II) 5mg/L-14052024-Q=42.72mL/phút-3
695,GGA7.5,76.16477,1723,70.17,5.99477,U24-H2-VS2-12.05.2024,U24-H2-VS2-GGA7.5-Ni(II) 5mg/L-14052024-Q=42.72mL/phút-3
696,GGA7.5,75.97227,2196,70.51,5.46227,U24-H2-VS2-12.05.2024,U24-H2-VS2-GGA7.5-Ni(II) 5mg/L-14052024-Q=42.72mL/phút-3
697,GGA7.5,75.76591,2674,70.11,5.65591,U24-H2-VS2-12.05.2024,U24-H2-VS2-GGA7.5-Ni(II) 5mg/L-14052024-Q=42.72mL/phút-3
698,GGA7.5-Ni(II) 5mg/L,76.28727,3140,71.22,5.06727,U24-H2-VS2-12.05.2024,U24-H2-VS2-GGA7.5-Ni(II) 5mg/L-14052024-Q=42.72mL/phút-3
699,GGA7.5-Ni(II) 5mg/L,76.08977,3617,71.58,4.50977,U24-H2-VS2-12.05.2024,U24-H2-VS2-GGA7.5-Ni(II) 5mg/L-14052024-Q=42.72mL/phút-3
700,GGA7.5-Ni(II) 5mg/L,75.81977,4090,71.52,4.29977,U24-H2-VS2-12.05.2024,U24-H2-VS2-GGA7.5-Ni(II) 5mg/L-14052024-Q=42.72mL/phút-3
701,GGA7.5-Ni(II) 5mg/L,75.67911,4560,71.64,4.03911,U24-H2-VS2-12.05.2024,U24-H2-VS2-GGA7.5-Ni(II) 5mg/L-14052024-Q=42.72mL/phút-3
702,GGA7.5-Ni(II) 5mg/L,75.07068,5039,70.7,4.37068,U24-H2-VS2-12.05.2024,U24-H2-VS2-GGA7.5-Ni(II) 5mg/L-14052024-Q=42.72mL/phút-3
703,GGA7.5-Ni(II) 5mg/L,74.42022,5510,70.38,4.04022,U24-H2-VS2-12.05.2024,U24-H2-VS2-GGA7.5-Ni(II) 5mg/L-14052024-Q=42.72mL/phút-3
704,GGA10,68.95023,301,64.58,4.37023,U24-H2-VS2-12.05.2024,U24-H2-VS2-GGA10-Cr(VI) 15mg/L-14052024-Q=42.09mL/phút-5
705,GGA10,69.26955,780,65.27,3.99955,U24-H2-VS2-12.05.2024,U24-H2-VS2-GGA10-Cr(VI) 15mg/L-14052024-Q=42.09mL/phút-5
706,GGA10,69.07159,1248,64.66,4.41159,U24-H2-VS2-12.05.2024,U24-H2-VS2-GGA10-Cr(VI) 15mg/L-14052024-Q=42.09mL/phút-5
707,GGA10,68.67044,1724,64.64,4.03044,U24-H2-VS2-12.05.2024,U24-H2-VS2-GGA10-Cr(VI) 15mg/L-14052024-Q=42.09mL/phút-5
708,GGA10,68.86068,2199,64.79,4.07068,U24-H2-VS2-12.05.2024,U24-H2-VS2-GGA10-Cr(VI) 15mg/L-14052024-Q=42.09mL/phút-5
709,GGA10,68.91467,2670,64.68,4.23467,U24-H2-VS2-12.05.2024,U24-H2-VS2-GGA10-Cr(VI) 15mg/L-14052024-Q=42.09mL/phút-5
710,GGA10-Cr(VI) 15mg/L,69.54156,3145,65.27,4.27156,U24-H2-VS2-12.05.2024,U24-H2-VS2-GGA10-Cr(VI) 15mg/L-14052024-Q=42.09mL/phút-5
711,GGA10-Cr(VI) 15mg/L,68.27455,3614,64.12,4.15455,U24-H2-VS2-12.05.2024,U24-H2-VS2-GGA10-Cr(VI) 15mg/L-14052024-Q=42.09mL/phút-5
712,GGA10-Cr(VI) 15mg/L,67.21205,4094,63.49,3.72205,U24-H2-VS2-12.05.2024,U24-H2-VS2-GGA10-Cr(VI) 15mg/L-14052024-Q=42.09mL/phút-5
713,GGA10-Cr(VI) 15mg/L,66.6025,4565,62.67,3.9325,U24-H2-VS2-12.05.2024,U24-H2-VS2-GGA10-Cr(VI) 15mg/L-14052024-Q=42.09mL/phút-5
714,GGA10-Cr(VI) 15mg/L,67.17756,5040,63.34,3.83756,U24-H2-VS2-12.05.2024,U24-H2-VS2-GGA10-Cr(VI) 15mg/L-14052024-Q=42.09mL/phút-5
715,GGA10-Cr(VI) 15mg/L,66.88222,5511,62.9,3.98222,U24-H2-VS2-12.05.2024,U24-H2-VS2-GGA10-Cr(VI) 15mg/L-14052024-Q=42.09mL/phút-5
716,GGA10-Cr(VI) 15mg/L,66.41245,5985,62.79,3.62245,U24-H2-VS2-12.05.2024,U24-H2-VS2-GGA10-Cr(VI) 15mg/L-14052024-Q=42.09mL/phút-5
717,GGA10-Cr(VI) 15mg/L,66.43091,6454,62.67,3.76091,U24-H2-VS2-12.05.2024,U24-H2-VS2-GGA10-Cr(VI) 15mg/L-14052024-Q=42.09mL/phút-5
718,GGA10-Cr(VI) 15mg/L,66.22545,6929,62.56,3.66545,U24-H2-VS2-12.05.2024,U24-H2-VS2-GGA10-Cr(VI) 15mg/L-14052024-Q=42.09mL/phút-5
719,GGA7.5,279.1091,301,260.17,18.93908,U25-H1-VS2-13.05.2024,U25-H1-VS2-GGA7.5-Cr(VI) 5mg/L-15052024-Q=51.04mL/phút-1
720,GGA7.5,279.0703,775,260.07,19.00029,U25-H1-VS2-13.05.2024,U25-H1-VS2-GGA7.5-Cr(VI) 5mg/L-15052024-Q=51.04mL/phút-1
721,GGA7.5,279.1318,1246,260.36,18.77183,U25-H1-VS2-13.05.2024,U25-H1-VS2-GGA7.5-Cr(VI) 5mg/L-15052024-Q=51.04mL/phút-1
722,GGA7.5,279.0697,1721,260.05,19.01972,U25-H1-VS2-13.05.2024,U25-H1-VS2-GGA7.5-Cr(VI) 5mg/L-15052024-Q=51.04mL/phút-1
723,GGA7.5,278.8494,2194,260.93,17.91942,U25-H1-VS2-13.05.2024,U25-H1-VS2-GGA7.5-Cr(VI) 5mg/L-15052024-Q=51.04mL/phút-1
724,GGA7.5,279.0652,2668,260.26,18.80514,U25-H1-VS2-13.05.2024,U25-H1-VS2-GGA7.5-Cr(VI) 5mg/L-15052024-Q=51.04mL/phút-1
725,GGA7.5,278.7856,3143,260.19,18.59559,U25-H1-VS2-13.05.2024,U25-H1-VS2-GGA7.5-Cr(VI) 5mg/L-15052024-Q=51.04mL/phút-1
726,GGA7.5-Cr(VI) 5mg/L,278.197,3615,260.82,17.37695,U25-H1-VS2-13.05.2024,U25-H1-VS2-GGA7.5-Cr(VI) 5mg/L-15052024-Q=51.04mL/phút-1
727,GGA7.5-Cr(VI) 5mg/L,277.9854,4087,260.97,17.01542,U25-H1-VS2-13.05.2024,U25-H1-VS2-GGA7.5-Cr(VI) 5mg/L-15052024-Q=51.04mL/phút-1
728,GGA7.5-Cr(VI) 5mg/L,277.9179,4560,261.22,16.69792,U25-H1-VS2-13.05.2024,U25-H1-VS2-GGA7.5-Cr(VI) 5mg/L-15052024-Q=51.04mL/phút-1
729,GGA7.5-Cr(VI) 5mg/L,277.8442,5033,261.62,16.22417,U25-H1-VS2-13.05.2024,U25-H1-VS2-GGA7.5-Cr(VI) 5mg/L-15052024-Q=51.04mL/phút-1
730,GGA7.5-Cr(VI) 5mg/L,277.9846,5508,261.66,16.32458,U25-H1-VS2-13.05.2024,U25-H1-VS2-GGA7.5-Cr(VI) 5mg/L-15052024-Q=51.04mL/phút-1
731,GGA7.5-Cr(VI) 5mg/L,277.8367,5981,261.57,16.26666,U25-H1-VS2-13.05.2024,U25-H1-VS2-GGA7.5-Cr(VI) 5mg/L-15052024-Q=51.04mL/phút-1
732,GGA7.5-Cr(VI) 5mg/L,277.8288,6454,262.24,15.58876,U25-H1-VS2-13.05.2024,U25-H1-VS2-GGA7.5-Cr(VI) 5mg/L-15052024-Q=51.04mL/phút-1
733,GGA7.5-Cr(VI) 5mg/L,278.0033,6927,262.64,15.36332,U25-H1-VS2-13.05.2024,U25-H1-VS2-GGA7.5-Cr(VI) 5mg/L-15052024-Q=51.04mL/phút-1
734,GGA7.5-Cr(VI) 5mg/L,277.8567,7402,262.33,15.52668,U25-H1-VS2-13.05.2024,U25-H1-VS2-GGA7.5-Cr(VI) 5mg/L-15052024-Q=51.04mL/phút-1
735,GGA15,275.9839,301,259.44,16.54391,U25-H1-VS2-13.05.2024,U25-H1-VS2-GGA15-Ni(II) 15mg/L-15052024-Q=51.88mL/phút-1
736,GGA15,276.0304,775,259.5,16.53041,U25-H1-VS2-13.05.2024,U25-H1-VS2-GGA15-Ni(II) 15mg/L-15052024-Q=51.88mL/phút-1
737,GGA15,276.1108,1247,259.07,17.04082,U25-H1-VS2-13.05.2024,U25-H1-VS2-GGA15-Ni(II) 15mg/L-15052024-Q=51.88mL/phút-1
738,GGA15,276.1442,1721,258.96,17.18418,U25-H1-VS2-13.05.2024,U25-H1-VS2-GGA15-Ni(II) 15mg/L-15052024-Q=51.88mL/phút-1
739,GGA15,276.2288,2195,259.59,16.63875,U25-H1-VS2-13.05.2024,U25-H1-VS2-GGA15-Ni(II) 15mg/L-15052024-Q=51.88mL/phút-1
740,GGA15,276.0735,2669,259.55,16.52349,U25-H1-VS2-13.05.2024,U25-H1-VS2-GGA15-Ni(II) 15mg/L-15052024-Q=51.88mL/phút-1
741,GGA155-Ni(II) 15mg/L,276.4058,3143,261.47,14.93584,U25-H1-VS2-13.05.2024,U25-H1-VS2-GGA15-Ni(II) 15mg/L-15052024-Q=51.88mL/phút-1
742,GGA155-Ni(II) 15mg/L,276.5492,3617,262.87,13.67916,U25-H1-VS2-13.05.2024,U25-H1-VS2-GGA15-Ni(II) 15mg/L-15052024-Q=51.88mL/phút-1
743,GGA155-Ni(II) 15mg/L,276.405,4090,264.36,12.04501,U25-H1-VS2-13.05.2024,U25-H1-VS2-GGA15-Ni(II) 15mg/L-15052024-Q=51.88mL/phút-1
744,GGA155-Ni(II) 15mg/L,276.436,4564,263.77,12.66601,U25-H1-VS2-13.05.2024,U25-H1-VS2-GGA15-Ni(II) 15mg/L-15052024-Q=51.88mL/phút-1
745,GGA155-Ni(II) 15mg/L,276.4729,5036,264.34,12.13286,U25-H1-VS2-13.05.2024,U25-H1-VS2-GGA15-Ni(II) 15mg/L-15052024-Q=51.88mL/phút-1
746,GGA155-Ni(II) 15mg/L,276.1812,5509,263.98,12.20117,U25-H1-VS2-13.05.2024,U25-H1-VS2-GGA15-Ni(II) 15mg/L-15052024-Q=51.88mL/phút-1
747,GGA155-Ni(II) 15mg/L,276.0534,5982,263.85,12.20342,U25-H1-VS2-13.05.2024,U25-H1-VS2-GGA15-Ni(II) 15mg/L-15052024-Q=51.88mL/phút-1
748,GGA155-Ni(II) 15mg/L,275.9154,6455,263.81,12.10543,U25-H1-VS2-13.05.2024,U25-H1-VS2-GGA15-Ni(II) 15mg/L-15052024-Q=51.88mL/phút-1
749,GGA10,72.03867,301,66.47,5.56867,U26-H2-VS2-13.05.2024,U26-H2-VS2-GGA10-Ni(II) 15mg/L-15052024-Q=41.44mL/phút-5
750,GGA10,72.06636,771,66.41,5.65636,U26-H2-VS2-13.05.2024,U26-H2-VS2-GGA10-Ni(II) 15mg/L-15052024-Q=41.44mL/phút-5
751,GGA10,71.67489,1246,66.64,5.03489,U26-H2-VS2-13.05.2024,U26-H2-VS2-GGA10-Ni(II) 15mg/L-15052024-Q=41.44mL/phút-5
752,GGA10,71.34867,1714,66.6,4.74867,U26-H2-VS2-13.05.2024,U26-H2-VS2-GGA10-Ni(II) 15mg/L-15052024-Q=41.44mL/phút-5
753,GGA10,71.48,2190,66.54,4.94,U26-H2-VS2-13.05.2024,U26-H2-VS2-GGA10-Ni(II) 15mg/L-15052024-Q=41.44mL/phút-5
754,GGA10,71.81422,2671,66.6,5.21422,U26-H2-VS2-13.05.2024,U26-H2-VS2-GGA10-Ni(II) 15mg/L-15052024-Q=41.44mL/phút-5
755,GGA10,71.41114,3141,66.33,5.08114,U26-H2-VS2-13.05.2024,U26-H2-VS2-GGA10-Ni(II) 15mg/L-15052024-Q=41.44mL/phút-5
756,GGA10,71.24867,3614,66.18,5.06867,U26-H2-VS2-13.05.2024,U26-H2-VS2-GGA10-Ni(II) 15mg/L-15052024-Q=41.44mL/phút-5
757,GGA10-Ni(II) 15mg/L,71.02511,4086,66.16,4.86511,U26-H2-VS2-13.05.2024,U26-H2-VS2-GGA10-Ni(II) 15mg/L-15052024-Q=41.44mL/phút-5
758,GGA10-Ni(II) 15mg/L,70.71295,4562,66.66,4.05295,U26-H2-VS2-13.05.2024,U26-H2-VS2-GGA10-Ni(II) 15mg/L-15052024-Q=41.44mL/phút-5
759,GGA10-Ni(II) 15mg/L,70.80364,5037,66.89,3.91364,U26-H2-VS2-13.05.2024,U26-H2-VS2-GGA10-Ni(II) 15mg/L-15052024-Q=41.44mL/phút-5
760,GGA10-Ni(II) 15mg/L,70.54756,5506,67.08,3.46756,U26-H2-VS2-13.05.2024,U26-H2-VS2-GGA10-Ni(II) 15mg/L-15052024-Q=41.44mL/phút-5
761,GGA10-Ni(II) 15mg/L,70.35444,5981,66.91,3.44444,U26-H2-VS2-13.05.2024,U26-H2-VS2-GGA10-Ni(II) 15mg/L-15052024-Q=41.44mL/phút-5
762,GGA10-Ni(II) 15mg/L,70.31591,6457,66.68,3.63591,U26-H2-VS2-13.05.2024,U26-H2-VS2-GGA10-Ni(II) 15mg/L-15052024-Q=41.44mL/phút-5
763,GGA10-Ni(II) 15mg/L,70.30568,6922,67.33,2.97568,U26-H2-VS2-13.05.2024,U26-H2-VS2-GGA10-Ni(II) 15mg/L-15052024-Q=41.44mL/phút-5
764,GGA10-Ni(II) 15mg/L,70.11111,7400,66.94,3.17111,U26-H2-VS2-13.05.2024,U26-H2-VS2-GGA10-Ni(II) 15mg/L-15052024-Q=41.44mL/phút-5
765,GGA10-Ni(II) 15mg/L,70.14704,7870,66.79,3.35704,U26-H2-VS2-13.05.2024,U26-H2-VS2-GGA10-Ni(II) 15mg/L-15052024-Q=41.44mL/phút-5
766,GGA15,275.5909,301,261.72,13.87087,U27-H1-VS2-14.05.2024,U27-H1-VS2-GGA15-Cr(VI) 10mg/L-16052024-Q=51.26mL/phút-1
767,GGA15,275.6558,776,261.22,14.43583,U27-H1-VS2-14.05.2024,U27-H1-VS2-GGA15-Cr(VI) 10mg/L-16052024-Q=51.26mL/phút-1
768,GGA15,275.1322,1253,261.26,13.87216,U27-H1-VS2-14.05.2024,U27-H1-VS2-GGA15-Cr(VI) 10mg/L-16052024-Q=51.26mL/phút-1
769,GGA15,275.0508,1725,261.01,14.04082,U27-H1-VS2-14.05.2024,U27-H1-VS2-GGA15-Cr(VI) 10mg/L-16052024-Q=51.26mL/phút-1
770,GGA15,275.1077,2199,260.42,14.68764,U27-H1-VS2-14.05.2024,U27-H1-VS2-GGA15-Cr(VI) 10mg/L-16052024-Q=51.26mL/phút-1
771,GGA15,274.9509,2672,261.07,13.88087,U27-H1-VS2-14.05.2024,U27-H1-VS2-GGA15-Cr(VI) 10mg/L-16052024-Q=51.26mL/phút-1
772,GGA15-Cr(VI) 10mg/L,274.6545,3143,261.83,12.82454,U27-H1-VS2-14.05.2024,U27-H1-VS2-GGA15-Cr(VI) 10mg/L-16052024-Q=51.26mL/phút-1
773,GGA15-Cr(VI) 10mg/L,275.0393,3616,262.41,12.62928,U27-H1-VS2-14.05.2024,U27-H1-VS2-GGA15-Cr(VI) 10mg/L-16052024-Q=51.26mL/phút-1
774,GGA15-Cr(VI) 10mg/L,274.7824,4090,262.89,11.89237,U27-H1-VS2-14.05.2024,U27-H1-VS2-GGA15-Cr(VI) 10mg/L-16052024-Q=51.26mL/phút-1
775,GGA15-Cr(VI) 10mg/L,274.5035,4571,262.33,12.1735,U27-H1-VS2-14.05.2024,U27-H1-VS2-GGA15-Cr(VI) 10mg/L-16052024-Q=51.26mL/phút-1
776,GGA15-Cr(VI) 10mg/L,274.8317,5037,263.19,11.64172,U27-H1-VS2-14.05.2024,U27-H1-VS2-GGA15-Cr(VI) 10mg/L-16052024-Q=51.26mL/phút-1
777,GGA15-Cr(VI) 10mg/L,275.2555,5512,263.37,11.88551,U27-H1-VS2-14.05.2024,U27-H1-VS2-GGA15-Cr(VI) 10mg/L-16052024-Q=51.26mL/phút-1
778,GGA15-Cr(VI) 10mg/L,275.2541,5983,264.08,11.17415,U27-H1-VS2-14.05.2024,U27-H1-VS2-GGA15-Cr(VI) 10mg/L-16052024-Q=51.26mL/phút-1
779,GGA15-Cr(VI) 10mg/L,275.2541,6458,264.36,10.89415,U27-H1-VS2-14.05.2024,U27-H1-VS2-GGA15-Cr(VI) 10mg/L-16052024-Q=51.26mL/phút-1
780,GGA15-Cr(VI) 10mg/L,275.2438,6933,263.6,11.64378,U27-H1-VS2-14.05.2024,U27-H1-VS2-GGA15-Cr(VI) 10mg/L-16052024-Q=51.26mL/phút-1
781,GGA15-Cr(VI) 10mg/L,275.0659,7410,263.81,11.25586,U27-H1-VS2-14.05.2024,U27-H1-VS2-GGA15-Cr(VI) 10mg/L-16052024-Q=51.26mL/phút-1
782,GGA12.5,275.6133,301,265.4,10.21334,U27-H1-VS2-14.05.2024,U27-H1-VS2-GGA12.5-Ni(II) 10mg/L-16052024-Q=51.42mL/phút-1
783,GGA12.5,275.5935,776,265.09,10.50345,U27-H1-VS2-14.05.2024,U27-H1-VS2-GGA12.5-Ni(II) 10mg/L-16052024-Q=51.42mL/phút-1
784,GGA12.5,275.8876,1248,265.61,10.2776,U27-H1-VS2-14.05.2024,U27-H1-VS2-GGA12.5-Ni(II) 10mg/L-16052024-Q=51.42mL/phút-1
785,GGA12.5,275.9838,1725,265.38,10.60379,U27-H1-VS2-14.05.2024,U27-H1-VS2-GGA12.5-Ni(II) 10mg/L-16052024-Q=51.42mL/phút-1
786,GGA12.5,275.9152,2197,265.53,10.38517,U27-H1-VS2-14.05.2024,U27-H1-VS2-GGA12.5-Ni(II) 10mg/L-16052024-Q=51.42mL/phút-1
787,GGA12.5,276.3113,2672,266.13,10.18133,U27-H1-VS2-14.05.2024,U27-H1-VS2-GGA12.5-Ni(II) 10mg/L-16052024-Q=51.42mL/phút-1
788,GGA12.5-Ni(II) 10mg/L,276.1786,3142,265.95,10.22861,U27-H1-VS2-14.05.2024,U27-H1-VS2-GGA12.5-Ni(II) 10mg/L-16052024-Q=51.42mL/phút-1
789,GGA12.5-Ni(II) 10mg/L,276.509,3617,267.3,9.20897,U27-H1-VS2-14.05.2024,U27-H1-VS2-GGA12.5-Ni(II) 10mg/L-16052024-Q=51.42mL/phút-1
790,GGA12.5-Ni(II) 10mg/L,275.5555,4089,266.18,9.37553,U27-H1-VS2-14.05.2024,U27-H1-VS2-GGA12.5-Ni(II) 10mg/L-16052024-Q=51.42mL/phút-1
791,GGA12.5-Ni(II) 10mg/L,275.6031,4563,266.22,9.3831,U27-H1-VS2-14.05.2024,U27-H1-VS2-GGA12.5-Ni(II) 10mg/L-16052024-Q=51.42mL/phút-1
792,GGA12.5-Ni(II) 10mg/L,275.6214,5036,267.12,8.50138,U27-H1-VS2-14.05.2024,U27-H1-VS2-GGA12.5-Ni(II) 10mg/L-16052024-Q=51.42mL/phút-1
793,GGA12.5-Ni(II) 10mg/L,275.8503,5507,265.84,10.01034,U27-H1-VS2-14.05.2024,U27-H1-VS2-GGA12.5-Ni(II) 10mg/L-16052024-Q=51.42mL/phút-1
794,GGA12.5-Ni(II) 10mg/L,276.0638,5978,266.72,9.34379,U27-H1-VS2-14.05.2024,U27-H1-VS2-GGA12.5-Ni(II) 10mg/L-16052024-Q=51.42mL/phút-1
795,GGA12.5-Ni(II) 10mg/L,275.7945,6453,266.28,9.51448,U27-H1-VS2-14.05.2024,U27-H1-VS2-GGA12.5-Ni(II) 10mg/L-16052024-Q=51.42mL/phút-1
796,GGA12.5-Ni(II) 10mg/L,275.2435,6925,266.05,9.19346,U27-H1-VS2-14.05.2024,U27-H1-VS2-GGA12.5-Ni(II) 10mg/L-16052024-Q=51.42mL/phút-1
797,GGA12.5-Ni(II) 10mg/L,274.7969,7399,265.76,9.03689,U27-H1-VS2-14.05.2024,U27-H1-VS2-GGA12.5-Ni(II) 10mg/L-16052024-Q=51.42mL/phút-1
798,GGA15,73.32513,270,65.69,7.63513,U28-H2-VS2-14.05.2024,U28-H2-VS2-GGA15-Ni(II) 10mg/L-16052024-Q=40.3mL/phút-1
799,GGA15,73.36211,741,66.2,7.16211,U28-H2-VS2-14.05.2024,U28-H2-VS2-GGA15-Ni(II) 10mg/L-16052024-Q=40.3mL/phút-1
800,GGA15,73.03658,1213,65.78,7.25658,U28-H2-VS2-14.05.2024,U28-H2-VS2-GGA15-Ni(II) 10mg/L-16052024-Q=40.3mL/phút-1
801,GGA15,72.72447,1693,65.53,7.19447,U28-H2-VS2-14.05.2024,U28-H2-VS2-GGA15-Ni(II) 10mg/L-16052024-Q=40.3mL/phút-1
802,GGA15,72.62231,2158,65.74,6.88231,U28-H2-VS2-14.05.2024,U28-H2-VS2-GGA15-Ni(II) 10mg/L-16052024-Q=40.3mL/phút-1
803,GGA15,72.58105,2635,65.46,7.12105,U28-H2-VS2-14.05.2024,U28-H2-VS2-GGA15-Ni(II) 10mg/L-16052024-Q=40.3mL/phút-1
804,GGA15-Ni(II) 10mg/L,72.52579,3105,66.58,5.94579,U28-H2-VS2-14.05.2024,U28-H2-VS2-GGA15-Ni(II) 10mg/L-16052024-Q=40.3mL/phút-1
805,GGA15-Ni(II) 10mg/L,72.49789,3582,66.98,5.51789,U28-H2-VS2-14.05.2024,U28-H2-VS2-GGA15-Ni(II) 10mg/L-16052024-Q=40.3mL/phút-1
806,GGA15-Ni(II) 10mg/L,72.18605,4049,67.19,4.99605,U28-H2-VS2-14.05.2024,U28-H2-VS2-GGA15-Ni(II) 10mg/L-16052024-Q=40.3mL/phút-1
807,GGA15-Ni(II) 10mg/L,72.295,4527,66.87,5.425,U28-H2-VS2-14.05.2024,U28-H2-VS2-GGA15-Ni(II) 10mg/L-16052024-Q=40.3mL/phút-1
808,GGA15-Ni(II) 10mg/L,71.87436,4998,66.98,4.89436,U28-H2-VS2-14.05.2024,U28-H2-VS2-GGA15-Ni(II) 10mg/L-16052024-Q=40.3mL/phút-1
809,GGA15-Ni(II) 10mg/L,71.77769,5471,67.1,4.67769,U28-H2-VS2-14.05.2024,U28-H2-VS2-GGA15-Ni(II) 10mg/L-16052024-Q=40.3mL/phút-1
810,GGA15-Ni(II) 10mg/L,71.43231,5949,66.7,4.73231,U28-H2-VS2-14.05.2024,U28-H2-VS2-GGA15-Ni(II) 10mg/L-16052024-Q=40.3mL/phút-1
811,GGA15-Ni(II) 10mg/L,71.26051,6419,66.64,4.62051,U28-H2-VS2-14.05.2024,U28-H2-VS2-GGA15-Ni(II) 10mg/L-16052024-Q=40.3mL/phút-1
812,GGA12.5,70.66526,301,65.63,5.03526,U28-H2-VS2-14.05.2024,U28-H2-VS2-GGA12.5-Cr(VI) 15mg/L-16052024-Q=41.48mL/phút-2
813,GGA12.5,70.40179,778,65.48,4.92179,U28-H2-VS2-14.05.2024,U28-H2-VS2-GGA12.5-Cr(VI) 15mg/L-16052024-Q=41.48mL/phút-2
814,GGA12.5,70.29579,1253,64.77,5.52579,U28-H2-VS2-14.05.2024,U28-H2-VS2-GGA12.5-Cr(VI) 15mg/L-16052024-Q=41.48mL/phút-2
815,GGA12.5,70.19667,1727,64.68,5.51667,U28-H2-VS2-14.05.2024,U28-H2-VS2-GGA12.5-Cr(VI) 15mg/L-16052024-Q=41.48mL/phút-2
816,GGA12.5,70.51842,2207,64.94,5.57842,U28-H2-VS2-14.05.2024,U28-H2-VS2-GGA12.5-Cr(VI) 15mg/L-16052024-Q=41.48mL/phút-2
817,GGA12.5,70.88,2679,65.13,5.75,U28-H2-VS2-14.05.2024,U28-H2-VS2-GGA12.5-Cr(VI) 15mg/L-16052024-Q=41.48mL/phút-2
818,GGA12.5,70.63658,3147,64.66,5.97658,U28-H2-VS2-14.05.2024,U28-H2-VS2-GGA12.5-Cr(VI) 15mg/L-16052024-Q=41.48mL/phút-2
819,GGA12.5-Cr(VI) 15mg/L,70.80132,3619,65.44,5.36132,U28-H2-VS2-14.05.2024,U28-H2-VS2-GGA12.5-Cr(VI) 15mg/L-16052024-Q=41.48mL/phút-2
820,GGA12.5-Cr(VI) 15mg/L,71.23333,4094,65.86,5.37333,U28-H2-VS2-14.05.2024,U28-H2-VS2-GGA12.5-Cr(VI) 15mg/L-16052024-Q=41.48mL/phút-2
821,GGA12.5-Cr(VI) 15mg/L,71.40077,4568,65.29,6.11077,U28-H2-VS2-14.05.2024,U28-H2-VS2-GGA12.5-Cr(VI) 15mg/L-16052024-Q=41.48mL/phút-2
822,GGA12.5-Cr(VI) 15mg/L,71.90474,5044,65.38,6.52474,U28-H2-VS2-14.05.2024,U28-H2-VS2-GGA12.5-Cr(VI) 15mg/L-16052024-Q=41.48mL/phút-2
823,GGA12.5-Cr(VI) 15mg/L,70.83816,5518,64.24,6.59816,U28-H2-VS2-14.05.2024,U28-H2-VS2-GGA12.5-Cr(VI) 15mg/L-16052024-Q=41.48mL/phút-2
824,GGA12.5-Cr(VI) 15mg/L,69.97974,5986,63.89,6.08974,U28-H2-VS2-14.05.2024,U28-H2-VS2-GGA12.5-Cr(VI) 15mg/L-16052024-Q=41.48mL/phút-2
825,GGA12.5-Cr(VI) 15mg/L,69.41684,6465,63.42,5.99684,U28-H2-VS2-14.05.2024,U28-H2-VS2-GGA12.5-Cr(VI) 15mg/L-16052024-Q=41.48mL/phút-2
826,GGA12.5-Cr(VI) 15mg/L,68.7359,6934,62.94,5.7959,U28-H2-VS2-14.05.2024,U28-H2-VS2-GGA12.5-Cr(VI) 15mg/L-16052024-Q=41.48mL/phút-2
827,GGA12.5-Cr(VI) 15mg/L,68.69763,7408,63.24,5.45763,U28-H2-VS2-14.05.2024,U28-H2-VS2-GGA12.5-Cr(VI) 15mg/L-16052024-Q=41.48mL/phút-2
828,GGA12.5-Cr(VI) 15mg/L,67.74667,7882,63.45,4.29667,U28-H2-VS2-14.05.2024,U28-H2-VS2-GGA12.5-Cr(VI) 15mg/L-16052024-Q=41.48mL/phút-2
829,GGA12.5-Cr(VI) 15mg/L,67.28658,8349,62.92,4.36658,U28-H2-VS2-14.05.2024,U28-H2-VS2-GGA12.5-Cr(VI) 15mg/L-16052024-Q=41.48mL/phút-2
830,GGA12.5-Cr(VI) 15mg/L,66.78744,8826,62.2,4.58744,U28-H2-VS2-14.05.2024,U28-H2-VS2-GGA12.5-Cr(VI) 15mg/L-16052024-Q=41.48mL/phút-2
831,GGA7.5,273.5966,303,263.6,9.99654,U29-H1-VS2-15.05.2024,U29-H1-VS2-GGA7.5-Cr(VI) 5mg/L-17052024-Q=50.62mL/phút-2
832,GGA7.5,273.5473,778,263.73,9.81732,U29-H1-VS2-15.05.2024,U29-H1-VS2-GGA7.5-Cr(VI) 5mg/L-17052024-Q=50.62mL/phút-2
833,GGA7.5,273.6635,1250,263.71,9.95346,U29-H1-VS2-15.05.2024,U29-H1-VS2-GGA7.5-Cr(VI) 5mg/L-17052024-Q=50.62mL/phút-2
834,GGA7.5,273.6357,1722,263.52,10.11568,U29-H1-VS2-15.05.2024,U29-H1-VS2-GGA7.5-Cr(VI) 5mg/L-17052024-Q=50.62mL/phút-2
835,GGA7.5,273.537,2196,263.48,10.05699,U29-H1-VS2-15.05.2024,U29-H1-VS2-GGA7.5-Cr(VI) 5mg/L-17052024-Q=50.62mL/phút-2
836,GGA7.5,273.4593,2669,263.25,10.20934,U29-H1-VS2-15.05.2024,U29-H1-VS2-GGA7.5-Cr(VI) 5mg/L-17052024-Q=50.62mL/phút-2
837,GGA7.5,273.4357,3143,263.1,10.33566,U29-H1-VS2-15.05.2024,U29-H1-VS2-GGA7.5-Cr(VI) 5mg/L-17052024-Q=50.62mL/phút-2
838,GGA7.5-Cr(VI) 5mg/L,273.1463,3615,264.15,8.99634,U29-H1-VS2-15.05.2024,U29-H1-VS2-GGA7.5-Cr(VI) 5mg/L-17052024-Q=50.62mL/phút-2
839,GGA7.5-Cr(VI) 5mg/L,273.088,4088,264.5,8.588,U29-H1-VS2-15.05.2024,U29-H1-VS2-GGA7.5-Cr(VI) 5mg/L-17052024-Q=50.62mL/phút-2
840,GGA7.5-Cr(VI) 5mg/L,273.0197,4563,264.84,8.17967,U29-H1-VS2-15.05.2024,U29-H1-VS2-GGA7.5-Cr(VI) 5mg/L-17052024-Q=50.62mL/phút-2
841,GGA7.5-Cr(VI) 5mg/L,273.211,5035,264.71,8.50104,U29-H1-VS2-15.05.2024,U29-H1-VS2-GGA7.5-Cr(VI) 5mg/L-17052024-Q=50.62mL/phút-2
842,GGA7.5-Cr(VI) 5mg/L,273.3437,5508,265.3,8.04368,U29-H1-VS2-15.05.2024,U29-H1-VS2-GGA7.5-Cr(VI) 5mg/L-17052024-Q=50.62mL/phút-2
843,GGA7.5-Cr(VI) 5mg/L,273.4547,5980,265.46,7.99468,U29-H1-VS2-15.05.2024,U29-H1-VS2-GGA7.5-Cr(VI) 5mg/L-17052024-Q=50.62mL/phút-2
844,GGA7.5-Cr(VI) 5mg/L,273.5979,6454,265.55,8.04794,U29-H1-VS2-15.05.2024,U29-H1-VS2-GGA7.5-Cr(VI) 5mg/L-17052024-Q=50.62mL/phút-2
845,GGA7.5-Cr(VI) 5mg/L,273.5979,6930,265.95,7.64792,U29-H1-VS2-15.05.2024,U29-H1-VS2-GGA7.5-Cr(VI) 5mg/L-17052024-Q=50.62mL/phút-2
846,GGA7.5-Cr(VI) 5mg/L,273.8077,7403,266.22,7.58766,U29-H1-VS2-15.05.2024,U29-H1-VS2-GGA7.5-Cr(VI) 5mg/L-17052024-Q=50.62mL/phút-2
847,GGA7.5-Cr(VI) 5mg/L,273.7277,7876,266.05,7.67768,U29-H1-VS2-15.05.2024,U29-H1-VS2-GGA7.5-Cr(VI) 5mg/L-17052024-Q=50.62mL/phút-2
848,GGA7.5,272.5854,304,265.09,7.49543,U29-H1-VS2-15.05.2024,U29-H1-VS2-GGA7.5-Ni(II) 15mg/L-17052024-Q=50.64mL/phút-4
849,GGA7.5,272.4031,776,264.77,7.63307,U29-H1-VS2-15.05.2024,U29-H1-VS2-GGA7.5-Ni(II) 15mg/L-17052024-Q=50.64mL/phút-4
850,GGA7.5,272.4903,1249,264.96,7.53029,U29-H1-VS2-15.05.2024,U29-H1-VS2-GGA7.5-Ni(II) 15mg/L-17052024-Q=50.64mL/phút-4
851,GGA7.5,272.3972,1722,264.94,7.45722,U29-H1-VS2-15.05.2024,U29-H1-VS2-GGA7.5-Ni(II) 15mg/L-17052024-Q=50.64mL/phút-4
852,GGA7.5,272.2664,2199,264.67,7.59638,U29-H1-VS2-15.05.2024,U29-H1-VS2-GGA7.5-Ni(II) 15mg/L-17052024-Q=50.64mL/phút-4
853,GGA7.5,272.0894,2670,264.92,7.16942,U29-H1-VS2-15.05.2024,U29-H1-VS2-GGA7.5-Ni(II) 15mg/L-17052024-Q=50.64mL/phút-4
854,GGA7.5-Ni(II) 15mg/L,272.3945,3141,265.53,6.86445,U29-H1-VS2-15.05.2024,U29-H1-VS2-GGA7.5-Ni(II) 15mg/L-17052024-Q=50.64mL/phút-4
855,GGA7.5-Ni(II) 15mg/L,272.0617,3613,266.13,5.93171,U29-H1-VS2-15.05.2024,U29-H1-VS2-GGA7.5-Ni(II) 15mg/L-17052024-Q=50.64mL/phút-4
856,GGA7.5-Ni(II) 15mg/L,272.2728,4088,266.95,5.32277,U29-H1-VS2-15.05.2024,U29-H1-VS2-GGA7.5-Ni(II) 15mg/L-17052024-Q=50.64mL/phút-4
857,GGA7.5-Ni(II) 15mg/L,272.0858,4561,267.16,4.92583,U29-H1-VS2-15.05.2024,U29-H1-VS2-GGA7.5-Ni(II) 15mg/L-17052024-Q=50.64mL/phút-4
858,GGA7.5-Ni(II) 15mg/L,271.7097,5033,267.35,4.35971,U29-H1-VS2-15.05.2024,U29-H1-VS2-GGA7.5-Ni(II) 15mg/L-17052024-Q=50.64mL/phút-4
859,GGA7.5-Ni(II) 15mg/L,271.3964,5504,267.07,4.32638,U29-H1-VS2-15.05.2024,U29-H1-VS2-GGA7.5-Ni(II) 15mg/L-17052024-Q=50.64mL/phút-4
860,GGA7.5,54.26587,324,49.49,4.77587,U30-H2-VS2-15052024,U30-H2-VS2-GGA7.5-Cr(VI) 5mg/L-17052024-Q=35.32mL/phút-3
861,GGA7.5,54.46936,782,49.85,4.61936,U30-H2-VS2-15052024,U30-H2-VS2-GGA7.5-Cr(VI) 5mg/L-17052024-Q=35.32mL/phút-3
862,GGA7.5,55.35174,1247,50.48,4.87174,U30-H2-VS2-15052024,U30-H2-VS2-GGA7.5-Cr(VI) 5mg/L-17052024-Q=35.32mL/phút-3
863,GGA7.5,53.94652,1748,49.45,4.49652,U30-H2-VS2-15052024,U30-H2-VS2-GGA7.5-Cr(VI) 5mg/L-17052024-Q=35.32mL/phút-3
864,GGA7.5,54.60587,2230,49.85,4.75587,U30-H2-VS2-15052024,U30-H2-VS2-GGA7.5-Cr(VI) 5mg/L-17052024-Q=35.32mL/phút-3
865,GGA7.5-Ni(II) 15mg/L,56.09478,2684,52.39,3.70478,U30-H2-VS2-15052024,U30-H2-VS2-GGA7.5-Cr(VI) 5mg/L-17052024-Q=35.32mL/phút-3
866,GGA7.5-Ni(II) 15mg/L,56.15087,3169,51.9,4.25087,U30-H2-VS2-15052024,U30-H2-VS2-GGA7.5-Cr(VI) 5mg/L-17052024-Q=35.32mL/phút-3
867,GGA7.5-Ni(II) 15mg/L,55.45478,3628,51.44,4.01478,U30-H2-VS2-15052024,U30-H2-VS2-GGA7.5-Cr(VI) 5mg/L-17052024-Q=35.32mL/phút-3
868,GGA7.5-Ni(II) 15mg/L,55.95239,4110,52.03,3.92239,U30-H2-VS2-15052024,U30-H2-VS2-GGA7.5-Cr(VI) 5mg/L-17052024-Q=35.32mL/phút-3
869,GGA7.5-Ni(II) 15mg/L,55.03022,4584,50.73,4.30022,U30-H2-VS2-15052024,U30-H2-VS2-GGA7.5-Cr(VI) 5mg/L-17052024-Q=35.32mL/phút-3
870,GGA7.5-Ni(II) 15mg/L,55.1763,5068,51.04,4.1363,U30-H2-VS2-15052024,U30-H2-VS2-GGA7.5-Cr(VI) 5mg/L-17052024-Q=35.32mL/phút-3
871,GGA7.5-Ni(II) 15mg/L,54.77543,5561,50.29,4.48543,U30-H2-VS2-15052024,U30-H2-VS2-GGA7.5-Cr(VI) 5mg/L-17052024-Q=35.32mL/phút-3
872,GGA7.5-Ni(II) 15mg/L,53.2687,6007,50.06,3.2087,U30-H2-VS2-15052024,U30-H2-VS2-GGA7.5-Cr(VI) 5mg/L-17052024-Q=35.32mL/phút-3
873,GGA7.5-Ni(II) 15mg/L,54.3987,6494,50.54,3.8587,U30-H2-VS2-15052024,U30-H2-VS2-GGA7.5-Cr(VI) 5mg/L-17052024-Q=35.32mL/phút-3
874,GGA7.5-Ni(II) 15mg/L,53.97022,6978,50.58,3.39022,U30-H2-VS2-15052024,U30-H2-VS2-GGA7.5-Cr(VI) 5mg/L-17052024-Q=35.32mL/phút-3
875,GGA12.5,291.7717,301,281.92,9.85172,U31-H1-VS2-18.05.2024,U31-H1-VS2-GGA12.5-Cr(VI) 5mg-L-20052024-Q=51.32mL-phút-1
876,GGA12.5,290.2087,789,279.81,10.39867,U31-H1-VS2-18.05.2024,U31-H1-VS2-GGA12.5-Cr(VI) 5mg-L-20052024-Q=51.32mL-phút-1
877,GGA12.5,290.5223,1264,279.71,10.81234,U31-H1-VS2-18.05.2024,U31-H1-VS2-GGA12.5-Cr(VI) 5mg-L-20052024-Q=51.32mL-phút-1
878,GGA12.5,290.9243,1729,281.11,9.81435,U31-H1-VS2-18.05.2024,U31-H1-VS2-GGA12.5-Cr(VI) 5mg-L-20052024-Q=51.32mL-phút-1
879,GGA12.5,290.9086,2201,281.23,9.67861,U31-H1-VS2-18.05.2024,U31-H1-VS2-GGA12.5-Cr(VI) 5mg-L-20052024-Q=51.32mL-phút-1
880,GGA12.5,290.578,2679,280.46,10.11801,U31-H1-VS2-18.05.2024,U31-H1-VS2-GGA12.5-Cr(VI) 5mg-L-20052024-Q=51.32mL-phút-1
881,GGA12.5-Cr-5mg/L,289.1763,3153,279.41,9.76625,U31-H1-VS2-18.05.2024,U31-H1-VS2-GGA12.5-Cr(VI) 5mg-L-20052024-Q=51.32mL-phút-1
882,GGA12.5-Cr-5mg/L,289.2971,3627,279.96,9.33709,U31-H1-VS2-18.05.2024,U31-H1-VS2-GGA12.5-Cr(VI) 5mg-L-20052024-Q=51.32mL-phút-1
883,GGA12.5-Cr-5mg/L,289.0961,4100,279.92,9.17608,U31-H1-VS2-18.05.2024,U31-H1-VS2-GGA12.5-Cr(VI) 5mg-L-20052024-Q=51.32mL-phút-1
884,GGA12.5-Cr-5mg/L,288.8126,4572,279.54,9.2726,U31-H1-VS2-18.05.2024,U31-H1-VS2-GGA12.5-Cr(VI) 5mg-L-20052024-Q=51.32mL-phút-1
885,GGA12.5-Cr-5mg/L,288.6042,5049,279.58,9.02418,U31-H1-VS2-18.05.2024,U31-H1-VS2-GGA12.5-Cr(VI) 5mg-L-20052024-Q=51.32mL-phút-1
886,GGA12.5-Cr-5mg/L,288.5683,5518,279.83,8.73835,U31-H1-VS2-18.05.2024,U31-H1-VS2-GGA12.5-Cr(VI) 5mg-L-20052024-Q=51.32mL-phút-1
887,GGA12.5-Cr-5mg/L,288.6867,5994,279.37,9.31667,U31-H1-VS2-18.05.2024,U31-H1-VS2-GGA12.5-Cr(VI) 5mg-L-20052024-Q=51.32mL-phút-1
888,GGA12.5-Cr-5mg/L,287.9446,6467,279.35,8.59458,U31-H1-VS2-18.05.2024,U31-H1-VS2-GGA12.5-Cr(VI) 5mg-L-20052024-Q=51.32mL-phút-1
889,GGA12.5,286.1505,301,278.12,8.03054,U31-H1-VS2-18.05.2024,U31-H1-VS2-GGA12.5-Ni(II) 15mg-L-20052024-Q=51.12mL-phút-1
890,GGA12.5,286.1705,774,277.95,8.22052,U31-H1-VS2-18.05.2024,U31-H1-VS2-GGA12.5-Ni(II) 15mg-L-20052024-Q=51.12mL-phút-1
891,GGA12.5,286.1695,1245,277.53,8.63946,U31-H1-VS2-18.05.2024,U31-H1-VS2-GGA12.5-Ni(II) 15mg-L-20052024-Q=51.12mL-phút-1
892,GGA12.5,286.0484,1721,277.93,8.11839,U31-H1-VS2-18.05.2024,U31-H1-VS2-GGA12.5-Ni(II) 15mg-L-20052024-Q=51.12mL-phút-1
893,GGA12.5,286.8137,2189,278.58,8.23369,U31-H1-VS2-18.05.2024,U31-H1-VS2-GGA12.5-Ni(II) 15mg-L-20052024-Q=51.12mL-phút-1
894,GGA12.5-Ni(II) 15mg/L,287.2397,2658,279.35,7.88972,U31-H1-VS2-18.05.2024,U31-H1-VS2-GGA12.5-Ni(II) 15mg-L-20052024-Q=51.12mL-phút-1
895,GGA12.5-Ni(II) 15mg/L,286.3462,3131,279.27,7.07622,U31-H1-VS2-18.05.2024,U31-H1-VS2-GGA12.5-Ni(II) 15mg-L-20052024-Q=51.12mL-phút-1
896,GGA12.5-Ni(II) 15mg/L,286.1874,3604,279.64,6.54736,U31-H1-VS2-18.05.2024,U31-H1-VS2-GGA12.5-Ni(II) 15mg-L-20052024-Q=51.12mL-phút-1
897,GGA12.5-Ni(II) 15mg/L,286.0478,4083,278.93,7.11785,U31-H1-VS2-18.05.2024,U31-H1-VS2-GGA12.5-Ni(II) 15mg-L-20052024-Q=51.12mL-phút-1
898,GGA12.5-Ni(II) 15mg/L,285.876,4556,279.04,6.83594,U31-H1-VS2-18.05.2024,U31-H1-VS2-GGA12.5-Ni(II) 15mg-L-20052024-Q=51.12mL-phút-1
899,GGA12.5-Ni(II) 15mg/L,286.0116,5030,279.37,6.64162,U31-H1-VS2-18.05.2024,U31-H1-VS2-GGA12.5-Ni(II) 15mg-L-20052024-Q=51.12mL-phút-1
900,GGA12.5-Ni(II) 15mg/L,285.917,5504,279.18,6.73704,U31-H1-VS2-18.05.2024,U31-H1-VS2-GGA12.5-Ni(II) 15mg-L-20052024-Q=51.12mL-phút-1
901,GGA15,64.3975,301,59.16,5.2375,U32-H2-VS2-18.05.2024,U32-H2-VS2-GGA15-Cr(VI) 5mg-L-20052024-Q=39.78mL-phút-2
902,GGA15,64.20178,778,59.18,5.02178,U32-H2-VS2-18.05.2024,U32-H2-VS2-GGA15-Cr(VI) 5mg-L-20052024-Q=39.78mL-phút-2
903,GGA15,63.97311,1245,58.74,5.23311,U32-H2-VS2-18.05.2024,U32-H2-VS2-GGA15-Cr(VI) 5mg-L-20052024-Q=39.78mL-phút-2
904,GGA15,63.599,1725,58.63,4.969,U32-H2-VS2-18.05.2024,U32-H2-VS2-GGA15-Cr(VI) 5mg-L-20052024-Q=39.78mL-phút-2
905,GGA15,63.43878,2200,58.25,5.18878,U32-H2-VS2-18.05.2024,U32-H2-VS2-GGA15-Cr(VI) 5mg-L-20052024-Q=39.78mL-phút-2
906,GGA15,63.163,2673,57.92,5.243,U32-H2-VS2-18.05.2024,U32-H2-VS2-GGA15-Cr(VI) 5mg-L-20052024-Q=39.78mL-phút-2
907,GGA15-Cr(VI) 5mg/L,63.22411,3145,57.9,5.32411,U32-H2-VS2-18.05.2024,U32-H2-VS2-GGA15-Cr(VI) 5mg-L-20052024-Q=39.78mL-phút-2
908,GGA15-Cr(VI) 5mg/L,62.94724,3622,57.37,5.57724,U32-H2-VS2-18.05.2024,U32-H2-VS2-GGA15-Cr(VI) 5mg-L-20052024-Q=39.78mL-phút-2
909,GGA15-Cr(VI) 5mg/L,62.57766,4090,57.81,4.76766,U32-H2-VS2-18.05.2024,U32-H2-VS2-GGA15-Cr(VI) 5mg-L-20052024-Q=39.78mL-phút-2
910,GGA15-Cr(VI) 5mg/L,61.72961,4565,56.74,4.98961,U32-H2-VS2-18.05.2024,U32-H2-VS2-GGA15-Cr(VI) 5mg-L-20052024-Q=39.78mL-phút-2
911,GGA15-Cr(VI) 5mg/L,61.35868,5042,56.76,4.59868,U32-H2-VS2-18.05.2024,U32-H2-VS2-GGA15-Cr(VI) 5mg-L-20052024-Q=39.78mL-phút-2
912,GGA15-Cr(VI) 5mg/L,61.16792,5512,56.34,4.82792,U32-H2-VS2-18.05.2024,U32-H2-VS2-GGA15-Cr(VI) 5mg-L-20052024-Q=39.78mL-phút-2
913,GGA15-Cr(VI) 5mg/L,60.60355,5990,55.79,4.81355,U32-H2-VS2-18.05.2024,U32-H2-VS2-GGA15-Cr(VI) 5mg-L-20052024-Q=39.78mL-phút-2
914,GGA15-Cr(VI) 5mg/L,60.43592,6460,55.56,4.87592,U32-H2-VS2-18.05.2024,U32-H2-VS2-GGA15-Cr(VI) 5mg-L-20052024-Q=39.78mL-phút-2
915,GGA15-Cr(VI) 5mg/L,60.08143,6934,55.35,4.73143,U32-H2-VS2-18.05.2024,U32-H2-VS2-GGA15-Cr(VI) 5mg-L-20052024-Q=39.78mL-phút-2
916,GGA15-Cr(VI) 5mg/L,60.12597,7406,55.39,4.73597,U32-H2-VS2-18.05.2024,U32-H2-VS2-GGA15-Cr(VI) 5mg-L-20052024-Q=39.78mL-phút-2
917,GGA15-Cr(VI) 5mg/L,60.07711,7878,55.41,4.66711,U32-H2-VS2-18.05.2024,U32-H2-VS2-GGA15-Cr(VI) 5mg-L-20052024-Q=39.78mL-phút-2
918,GGA15-Cr(VI) 5mg/L,59.85299,8354,55.25,4.60299,U32-H2-VS2-18.05.2024,U32-H2-VS2-GGA15-Cr(VI) 5mg-L-20052024-Q=39.78mL-phút-2
919,GGA15-Cr(VI) 5mg/L,59.57605,8828,55.16,4.41605,U32-H2-VS2-18.05.2024,U32-H2-VS2-GGA15-Cr(VI) 5mg-L-20052024-Q=39.78mL-phút-2
920,GGA7.5,290.5567,301,282.84,7.71667,U33-H1-VS2-18.05.2024,U33-H1-VS2-GGA7.5-Cr(VI) 10mg-L-21052024-Q=49.36mL-phút-2
921,GGA7.5,290.4749,773,283.01,7.46488,U33-H1-VS2-18.05.2024,U33-H1-VS2-GGA7.5-Cr(VI) 10mg-L-21052024-Q=49.36mL-phút-2
922,GGA7.5,290.3338,1248,282.93,7.40379,U33-H1-VS2-18.05.2024,U33-H1-VS2-GGA7.5-Cr(VI) 10mg-L-21052024-Q=49.36mL-phút-2
923,GGA7.5,290.3407,1722,282.97,7.37068,U33-H1-VS2-18.05.2024,U33-H1-VS2-GGA7.5-Cr(VI) 10mg-L-21052024-Q=49.36mL-phút-2
924,GGA7.5,290.6291,2189,283.49,7.1391,U33-H1-VS2-18.05.2024,U33-H1-VS2-GGA7.5-Cr(VI) 10mg-L-21052024-Q=49.36mL-phút-2
925,GGA7.5,290.6425,2667,282.34,8.3025,U33-H1-VS2-18.05.2024,U33-H1-VS2-GGA7.5-Cr(VI) 10mg-L-21052024-Q=49.36mL-phút-2
926,GGA7.5,290.3949,3137,282.57,7.82488,U33-H1-VS2-18.05.2024,U33-H1-VS2-GGA7.5-Cr(VI) 10mg-L-21052024-Q=49.36mL-phút-2
927,GGA7.5-Cr(VI) 10mg/L,289.4231,3610,282.15,7.27312,U33-H1-VS2-18.05.2024,U33-H1-VS2-GGA7.5-Cr(VI) 10mg-L-21052024-Q=49.36mL-phút-2
928,GGA7.5-Cr(VI) 10mg/L,289.3273,4084,282.03,7.29727,U33-H1-VS2-18.05.2024,U33-H1-VS2-GGA7.5-Cr(VI) 10mg-L-21052024-Q=49.36mL-phút-2
929,GGA7.5-Cr(VI) 10mg/L,289.5182,4562,282.45,7.06817,U33-H1-VS2-18.05.2024,U33-H1-VS2-GGA7.5-Cr(VI) 10mg-L-21052024-Q=49.36mL-phút-2
930,GGA7.5-Cr(VI) 10mg/L,289.6218,5030,283.24,6.38183,U33-H1-VS2-18.05.2024,U33-H1-VS2-GGA7.5-Cr(VI) 10mg-L-21052024-Q=49.36mL-phút-2
931,GGA7.5-Cr(VI) 10mg/L,289.6955,5507,282.61,7.08546,U33-H1-VS2-18.05.2024,U33-H1-VS2-GGA7.5-Cr(VI) 10mg-L-21052024-Q=49.36mL-phút-2
932,GGA7.5-Cr(VI) 10mg/L,289.6375,5978,282.38,7.2575,U33-H1-VS2-18.05.2024,U33-H1-VS2-GGA7.5-Cr(VI) 10mg-L-21052024-Q=49.36mL-phút-2
933,GGA7.5-Cr(VI) 10mg/L,289.5967,6450,282.78,6.81667,U33-H1-VS2-18.05.2024,U33-H1-VS2-GGA7.5-Cr(VI) 10mg-L-21052024-Q=49.36mL-phút-2
934,GGA7.5,287.9165,302,280.94,6.97647,U33-H1-VS2-18.05.2024,U33-H1-VS2-GGA7.5-Zn(II) 15mg-L-21052024-Q=49.44mL-phút-1
935,GGA7.5,287.7357,772,280.48,7.25567,U33-H1-VS2-18.05.2024,U33-H1-VS2-GGA7.5-Zn(II) 15mg-L-21052024-Q=49.44mL-phút-1
936,GGA7.5,287.8465,1249,280.33,7.51648,U33-H1-VS2-18.05.2024,U33-H1-VS2-GGA7.5-Zn(II) 15mg-L-21052024-Q=49.44mL-phút-1
937,GGA7.5,287.5184,1720,280.25,7.26843,U33-H1-VS2-18.05.2024,U33-H1-VS2-GGA7.5-Zn(II) 15mg-L-21052024-Q=49.44mL-phút-1
938,GGA7.5,287.3914,2192,280.0,7.39137,U33-H1-VS2-18.05.2024,U33-H1-VS2-GGA7.5-Zn(II) 15mg-L-21052024-Q=49.44mL-phút-1
939,GGA7.5,287.1908,2668,279.83,7.36079,U33-H1-VS2-18.05.2024,U33-H1-VS2-GGA7.5-Zn(II) 15mg-L-21052024-Q=49.44mL-phút-1
940,GGA7.5-Zn(II) 15mg/L,286.7177,3142,278.79,7.92764,U33-H1-VS2-18.05.2024,U33-H1-VS2-GGA7.5-Zn(II) 15mg-L-21052024-Q=49.44mL-phút-1
941,GGA7.5-Zn(II) 15mg/L,286.55,3619,280.75,5.8,U33-H1-VS2-18.05.2024,U33-H1-VS2-GGA7.5-Zn(II) 15mg-L-21052024-Q=49.44mL-phút-1
942,GGA7.5-Zn(II) 15mg/L,287.0061,4093,282.15,4.85609,U33-H1-VS2-18.05.2024,U33-H1-VS2-GGA7.5-Zn(II) 15mg-L-21052024-Q=49.44mL-phút-1
943,GGA7.5-Zn(II) 15mg/L,287.1359,4561,282.2,4.93587,U33-H1-VS2-18.05.2024,U33-H1-VS2-GGA7.5-Zn(II) 15mg-L-21052024-Q=49.44mL-phút-1
944,GGA7.5-Zn(II) 15mg/L,287.3757,5032,282.24,5.1357,U33-H1-VS2-18.05.2024,U33-H1-VS2-GGA7.5-Zn(II) 15mg-L-21052024-Q=49.44mL-phút-1
945,GGA7.5,63.39618,301,59.73,3.66618,U34-H2-VS2-18.05.2024,U34-H2-VS2-GGA7.5-Cr(VI) 10mg-L-21052024-Q=41.22mL-phút-3
946,GGA7.5,63.24482,771,59.73,3.51482,U34-H2-VS2-18.05.2024,U34-H2-VS2-GGA7.5-Cr(VI) 10mg-L-21052024-Q=41.22mL-phút-3
947,GGA7.5,63.17018,1242,59.51,3.66018,U34-H2-VS2-18.05.2024,U34-H2-VS2-GGA7.5-Cr(VI) 10mg-L-21052024-Q=41.22mL-phút-3
948,GGA7.5,62.74179,1713,59.03,3.71179,U34-H2-VS2-18.05.2024,U34-H2-VS2-GGA7.5-Cr(VI) 10mg-L-21052024-Q=41.22mL-phút-3
949,GGA7.5,62.52268,2187,59.22,3.30268,U34-H2-VS2-18.05.2024,U34-H2-VS2-GGA7.5-Cr(VI) 10mg-L-21052024-Q=41.22mL-phút-3
950,GGA7.5,62.59482,2663,58.97,3.62482,U34-H2-VS2-18.05.2024,U34-H2-VS2-GGA7.5-Cr(VI) 10mg-L-21052024-Q=41.22mL-phút-3
951,GGA7.5-Cr(VI) 10mg/L,62.41339,3135,59.03,3.38339,U34-H2-VS2-18.05.2024,U34-H2-VS2-GGA7.5-Cr(VI) 10mg-L-21052024-Q=41.22mL-phút-3
952,GGA7.5-Cr(VI) 10mg/L,61.7525,3605,58.29,3.4625,U34-H2-VS2-18.05.2024,U34-H2-VS2-GGA7.5-Cr(VI) 10mg-L-21052024-Q=41.22mL-phút-3
953,GGA7.5-Cr(VI) 10mg/L,61.12768,4083,57.77,3.35768,U34-H2-VS2-18.05.2024,U34-H2-VS2-GGA7.5-Cr(VI) 10mg-L-21052024-Q=41.22mL-phút-3
954,GGA7.5-Cr(VI) 10mg/L,60.1775,4555,57.18,2.9975,U34-H2-VS2-18.05.2024,U34-H2-VS2-GGA7.5-Cr(VI) 10mg-L-21052024-Q=41.22mL-phút-3
955,GGA7.5-Cr(VI) 10mg/L,59.85393,5028,56.17,3.68393,U34-H2-VS2-18.05.2024,U34-H2-VS2-GGA7.5-Cr(VI) 10mg-L-21052024-Q=41.22mL-phút-3
956,GGA7.5-Cr(VI) 10mg/L,59.15393,5498,56.45,2.70393,U34-H2-VS2-18.05.2024,U34-H2-VS2-GGA7.5-Cr(VI) 10mg-L-21052024-Q=41.22mL-phút-3
957,GGA7.5-Cr(VI) 10mg/L,59.07089,5975,56.28,2.79089,U34-H2-VS2-18.05.2024,U34-H2-VS2-GGA7.5-Cr(VI) 10mg-L-21052024-Q=41.22mL-phút-3
958,GGA7.5-Cr(VI) 10mg/L,58.84268,6446,56.07,2.77268,U34-H2-VS2-18.05.2024,U34-H2-VS2-GGA7.5-Cr(VI) 10mg-L-21052024-Q=41.22mL-phút-3
959,GGA7.5-Cr(VI) 10mg/L,58.51268,6927,56.03,2.48268,U34-H2-VS2-18.05.2024,U34-H2-VS2-GGA7.5-Cr(VI) 10mg-L-21052024-Q=41.22mL-phút-3
960,GGA7.5-Cr(VI) 10mg/L,58.47055,7394,55.92,2.55055,U34-H2-VS2-18.05.2024,U34-H2-VS2-GGA7.5-Cr(VI) 10mg-L-21052024-Q=41.22mL-phút-3
961,GGA10,58.34375,301,56.0,2.34375,U34-H2-VS2-18.05.2024,U34-H2-VS2-GGA10-Zn(II) 15mg-L-21052024-Q=41.22mL-phút-3
962,GGA10,58.37855,773,55.52,2.85855,U34-H2-VS2-18.05.2024,U34-H2-VS2-GGA10-Zn(II) 15mg-L-21052024-Q=41.22mL-phút-3
963,GGA10,58.21182,1250,55.29,2.92182,U34-H2-VS2-18.05.2024,U34-H2-VS2-GGA10-Zn(II) 15mg-L-21052024-Q=41.22mL-phút-3
964,GGA10,58.12679,1721,55.2,2.92679,U34-H2-VS2-18.05.2024,U34-H2-VS2-GGA10-Zn(II) 15mg-L-21052024-Q=41.22mL-phút-3
965,GGA10,58.03054,2194,55.41,2.62054,U34-H2-VS2-18.05.2024,U34-H2-VS2-GGA10-Zn(II) 15mg-L-21052024-Q=41.22mL-phút-3
966,GGA10,57.57091,2674,54.87,2.70091,U34-H2-VS2-18.05.2024,U34-H2-VS2-GGA10-Zn(II) 15mg-L-21052024-Q=41.22mL-phút-3
967,GGA10-Zn(II) 15mg/L,57.45291,3145,54.53,2.92291,U34-H2-VS2-18.05.2024,U34-H2-VS2-GGA10-Zn(II) 15mg-L-21052024-Q=41.22mL-phút-3
968,GGA10-Zn(II) 15mg/L,57.67261,3614,55.0,2.67261,U34-H2-VS2-18.05.2024,U34-H2-VS2-GGA10-Zn(II) 15mg-L-21052024-Q=41.22mL-phút-3
969,GGA10-Zn(II) 15mg/L,58.07594,4088,55.25,2.82594,U34-H2-VS2-18.05.2024,U34-H2-VS2-GGA10-Zn(II) 15mg-L-21052024-Q=41.22mL-phút-3
970,GGA10-Zn(II) 15mg/L,57.71841,4571,55.06,2.65841,U34-H2-VS2-18.05.2024,U34-H2-VS2-GGA10-Zn(II) 15mg-L-21052024-Q=41.22mL-phút-3
971,GGA10-Zn(II) 15mg/L,57.62557,5041,55.39,2.23557,U34-H2-VS2-18.05.2024,U34-H2-VS2-GGA10-Zn(II) 15mg-L-21052024-Q=41.22mL-phút-3
972,GGA10-Zn(II) 15mg/L,57.52557,5511,55.46,2.06557,U34-H2-VS2-18.05.2024,U34-H2-VS2-GGA10-Zn(II) 15mg-L-21052024-Q=41.22mL-phút-3
973,GGA10-Zn(II) 15mg/L,57.50829,5992,55.52,1.98829,U34-H2-VS2-18.05.2024,U34-H2-VS2-GGA10-Zn(II) 15mg-L-21052024-Q=41.22mL-phút-3
974,GGA10-Zn(II) 15mg/L,57.95362,6460,55.88,2.07362,U34-H2-VS2-18.05.2024,U34-H2-VS2-GGA10-Zn(II) 15mg-L-21052024-Q=41.22mL-phút-3
975,GGA10-Zn(II) 15mg/L,58.14275,6928,55.9,2.24275,U34-H2-VS2-18.05.2024,U34-H2-VS2-GGA10-Zn(II) 15mg-L-21052024-Q=41.22mL-phút-3
976,GGA7.5,291.6228,301,281.86,9.76276,U35-H1-VS2-20.05.2024,U35-H1-VS2-GGA7.5-Cr(VI) 5mg-L-22052024-Q=48.68mL-phút-4
977,GGA7.5,292.548,773,283.51,9.03799,U35-H1-VS2-20.05.2024,U35-H1-VS2-GGA7.5-Cr(VI) 5mg-L-22052024-Q=48.68mL-phút-4
978,GGA7.5,293.3988,1247,283.35,10.04874,U35-H1-VS2-20.05.2024,U35-H1-VS2-GGA7.5-Cr(VI) 5mg-L-22052024-Q=48.68mL-phút-4
979,GGA7.5,292.7517,1725,283.68,9.07172,U35-H1-VS2-20.05.2024,U35-H1-VS2-GGA7.5-Cr(VI) 5mg-L-22052024-Q=48.68mL-phút-4
980,GGA7.5,292.63,2202,283.66,8.97,U35-H1-VS2-20.05.2024,U35-H1-VS2-GGA7.5-Cr(VI) 5mg-L-22052024-Q=48.68mL-phút-4
981,GGA7.5,292.668,2674,282.36,10.30801,U35-H1-VS2-20.05.2024,U35-H1-VS2-GGA7.5-Cr(VI) 5mg-L-22052024-Q=48.68mL-phút-4
982,GGA7.5-Cr(VI) 5mg/L,292.817,3143,283.51,9.30699,U35-H1-VS2-20.05.2024,U35-H1-VS2-GGA7.5-Cr(VI) 5mg-L-22052024-Q=48.68mL-phút-4
983,GGA7.5-Cr(VI) 5mg/L,291.8707,3619,283.58,8.29074,U35-H1-VS2-20.05.2024,U35-H1-VS2-GGA7.5-Cr(VI) 5mg-L-22052024-Q=48.68mL-phút-4
984,GGA7.5-Cr(VI) 5mg/L,292.0383,4093,282.66,9.37825,U35-H1-VS2-20.05.2024,U35-H1-VS2-GGA7.5-Cr(VI) 5mg-L-22052024-Q=48.68mL-phút-4
985,GGA7.5-Cr(VI) 5mg/L,292.0649,4569,283.41,8.65488,U35-H1-VS2-20.05.2024,U35-H1-VS2-GGA7.5-Cr(VI) 5mg-L-22052024-Q=48.68mL-phút-4
986,GGA7.5-Cr(VI) 5mg/L,291.759,5040,283.55,8.20901,U35-H1-VS2-20.05.2024,U35-H1-VS2-GGA7.5-Cr(VI) 5mg-L-22052024-Q=48.68mL-phút-4
987,GGA7.5-Cr(VI) 5mg/L,291.7156,5511,283.39,8.3256,U35-H1-VS2-20.05.2024,U35-H1-VS2-GGA7.5-Cr(VI) 5mg-L-22052024-Q=48.68mL-phút-4
988,GGA7.5-Cr(VI) 5mg/L,292.0349,5985,284.22,7.81487,U35-H1-VS2-20.05.2024,U35-H1-VS2-GGA7.5-Cr(VI) 5mg-L-22052024-Q=48.68mL-phút-4
989,GGA7.5-Cr(VI) 5mg/L,291.4558,6462,283.81,7.64575,U35-H1-VS2-20.05.2024,U35-H1-VS2-GGA7.5-Cr(VI) 5mg-L-22052024-Q=48.68mL-phút-4
990,GGA7.5-Cr(VI) 5mg/L,291.3498,6934,283.55,7.79976,U35-H1-VS2-20.05.2024,U35-H1-VS2-GGA7.5-Cr(VI) 5mg-L-22052024-Q=48.68mL-phút-4
991,GGA10,291.723,301,282.99,8.73301,U35-H1-VS2-20.05.2024,U35-H1-VS2-GGA10-Zn(II) 15mg-L-22052024-Q=48.70mL-phút-4
992,GGA10,291.9295,776,282.93,8.99951,U35-H1-VS2-20.05.2024,U35-H1-VS2-GGA10-Zn(II) 15mg-L-22052024-Q=48.70mL-phút-4
993,GGA10,291.8185,1247,282.89,8.92853,U35-H1-VS2-20.05.2024,U35-H1-VS2-GGA10-Zn(II) 15mg-L-22052024-Q=48.70mL-phút-4
994,GGA10,291.7846,1723,282.49,9.29464,U35-H1-VS2-20.05.2024,U35-H1-VS2-GGA10-Zn(II) 15mg-L-22052024-Q=48.70mL-phút-4
995,GGA10,292.0193,2195,283.09,8.92927,U35-H1-VS2-20.05.2024,U35-H1-VS2-GGA10-Zn(II) 15mg-L-22052024-Q=48.70mL-phút-4
996,GGA10,292.2428,2669,282.24,10.00281,U35-H1-VS2-20.05.2024,U35-H1-VS2-GGA10-Zn(II) 15mg-L-22052024-Q=48.70mL-phút-4
997,GGA10-Zn(iI) 15mg/L,292.2451,3144,282.32,9.92509,U35-H1-VS2-20.05.2024,U35-H1-VS2-GGA10-Zn(II) 15mg-L-22052024-Q=48.70mL-phút-4
998,GGA10-Zn(iI) 15mg/L,291.5643,3614,284.04,7.5243,U35-H1-VS2-20.05.2024,U35-H1-VS2-GGA10-Zn(II) 15mg-L-22052024-Q=48.70mL-phút-4
999,GGA10-Zn(iI) 15mg/L,291.9954,4086,285.12,6.8754,U35-H1-VS2-20.05.2024,U35-H1-VS2-GGA10-Zn(II) 15mg-L-22052024-Q=48.70mL-phút-4
1000,GGA10-Zn(iI) 15mg/L,292.0255,4562,285.37,6.65549,U35-H1-VS2-20.05.2024,U35-H1-VS2-GGA10-Zn(II) 15mg-L-22052024-Q=48.70mL-phút-4
1001,GGA10-Zn(iI) 15mg/L,292.1463,5035,285.37,6.77627,U35-H1-VS2-20.05.2024,U35-H1-VS2-GGA10-Zn(II) 15mg-L-22052024-Q=48.70mL-phút-4
1002,GGA10-Zn(iI) 15mg/L,292.0202,5506,286.0,6.0202,U35-H1-VS2-20.05.2024,U35-H1-VS2-GGA10-Zn(II) 15mg-L-22052024-Q=48.70mL-phút-4
1003,GGA10-Zn(iI) 15mg/L,292.1284,5976,285.94,6.18843,U35-H1-VS2-20.05.2024,U35-H1-VS2-GGA10-Zn(II) 15mg-L-22052024-Q=48.70mL-phút-4
1004,GGA10-Zn(iI) 15mg/L,292.1078,6451,285.85,6.25779,U35-H1-VS2-20.05.2024,U35-H1-VS2-GGA10-Zn(II) 15mg-L-22052024-Q=48.70mL-phút-4
1005,GGA7.5,64.344,301,58.88,5.464,U36-H2-VS2-20.05.2024,U36-H2-VS2-GGA7.5-Cr(VI) 5mg-L-22052024-Q=40.56mL-phút-5
1006,GGA7.5,65.00446,778,59.62,5.38446,U36-H2-VS2-20.05.2024,U36-H2-VS2-GGA7.5-Cr(VI) 5mg-L-22052024-Q=40.56mL-phút-5
1007,GGA7.5,65.10986,1251,59.72,5.38986,U36-H2-VS2-20.05.2024,U36-H2-VS2-GGA7.5-Cr(VI) 5mg-L-22052024-Q=40.56mL-phút-5
1008,GGA7.5,64.7324,1724,58.99,5.7424,U36-H2-VS2-20.05.2024,U36-H2-VS2-GGA7.5-Cr(VI) 5mg-L-22052024-Q=40.56mL-phút-5
1009,GGA7.5,64.71122,2195,59.16,5.55122,U36-H2-VS2-20.05.2024,U36-H2-VS2-GGA7.5-Cr(VI) 5mg-L-22052024-Q=40.56mL-phút-5
1010,GGA7.5,65.30162,2666,59.96,5.34162,U36-H2-VS2-20.05.2024,U36-H2-VS2-GGA7.5-Cr(VI) 5mg-L-22052024-Q=40.56mL-phút-5
1011,GGA7.5-Cr(VI) 5mg/L,64.43373,3143,59.3,5.13373,U36-H2-VS2-20.05.2024,U36-H2-VS2-GGA7.5-Cr(VI) 5mg-L-22052024-Q=40.56mL-phút-5
1012,GGA7.5-Cr(VI) 5mg/L,63.9746,3612,58.78,5.1946,U36-H2-VS2-20.05.2024,U36-H2-VS2-GGA7.5-Cr(VI) 5mg-L-22052024-Q=40.56mL-phút-5
1013,GGA7.5-Cr(VI) 5mg/L,63.364,4085,58.32,5.044,U36-H2-VS2-20.05.2024,U36-H2-VS2-GGA7.5-Cr(VI) 5mg-L-22052024-Q=40.56mL-phút-5
1014,GGA7.5-Cr(VI) 5mg/L,62.63723,4565,57.85,4.78723,U36-H2-VS2-20.05.2024,U36-H2-VS2-GGA7.5-Cr(VI) 5mg-L-22052024-Q=40.56mL-phút-5
1015,GGA7.5-Cr(VI) 5mg/L,62.13908,5033,57.5,4.63908,U36-H2-VS2-20.05.2024,U36-H2-VS2-GGA7.5-Cr(VI) 5mg-L-22052024-Q=40.56mL-phút-5
1016,GGA7.5-Cr(VI) 5mg/L,61.42262,5512,56.78,4.64262,U36-H2-VS2-20.05.2024,U36-H2-VS2-GGA7.5-Cr(VI) 5mg-L-22052024-Q=40.56mL-phút-5
1017,GGA7.5-Cr(VI) 5mg/L,60.76785,5993,55.81,4.95785,U36-H2-VS2-20.05.2024,U36-H2-VS2-GGA7.5-Cr(VI) 5mg-L-22052024-Q=40.56mL-phút-5
1018,GGA10,60.99692,301,56.4,4.59692,U36-H2-VS2-20.05.2024,U36-H2-VS2-GGA10-Zn(II) 15mg-L-22052024-Q=41.16mL-phút-5
1019,GGA10,61.0312,771,56.24,4.7912,U36-H2-VS2-20.05.2024,U36-H2-VS2-GGA10-Zn(II) 15mg-L-22052024-Q=41.16mL-phút-5
1020,GGA10,60.92369,1248,56.23,4.69369,U36-H2-VS2-20.05.2024,U36-H2-VS2-GGA10-Zn(II) 15mg-L-22052024-Q=41.16mL-phút-5
1021,GGA10,60.81615,1724,56.02,4.79615,U36-H2-VS2-20.05.2024,U36-H2-VS2-GGA10-Zn(II) 15mg-L-22052024-Q=41.16mL-phút-5
1022,GGA10,60.52308,2198,56.02,4.50308,U36-H2-VS2-20.05.2024,U36-H2-VS2-GGA10-Zn(II) 15mg-L-22052024-Q=41.16mL-phút-5
1023,GGA10,60.88092,2668,56.02,4.86092,U36-H2-VS2-20.05.2024,U36-H2-VS2-GGA10-Zn(II) 15mg-L-22052024-Q=41.16mL-phút-5
1024,GGA10,61.48215,3147,57.18,4.30215,U36-H2-VS2-20.05.2024,U36-H2-VS2-GGA10-Zn(II) 15mg-L-22052024-Q=41.16mL-phút-5
1025,GGA10,61.14538,3624,57.64,3.50538,U36-H2-VS2-20.05.2024,U36-H2-VS2-GGA10-Zn(II) 15mg-L-22052024-Q=41.16mL-phút-5
1026,GGA10-Zn(II) 15mg/L,61.36246,4094,58.15,3.21246,U36-H2-VS2-20.05.2024,U36-H2-VS2-GGA10-Zn(II) 15mg-L-22052024-Q=41.16mL-phút-5
1027,GGA10-Zn(II) 15mg/L,61.29938,4573,58.29,3.00938,U36-H2-VS2-20.05.2024,U36-H2-VS2-GGA10-Zn(II) 15mg-L-22052024-Q=41.16mL-phút-5
1028,GGA10-Zn(II) 15mg/L,61.03185,5048,58.11,2.92185,U36-H2-VS2-20.05.2024,U36-H2-VS2-GGA10-Zn(II) 15mg-L-22052024-Q=41.16mL-phút-5
1029,GGA10-Zn(II) 15mg/L,61.10077,5520,58.23,2.87077,U36-H2-VS2-20.05.2024,U36-H2-VS2-GGA10-Zn(II) 15mg-L-22052024-Q=41.16mL-phút-5
1030,GGA7.5,291.301,301,280.25,11.05096,U37-H1-VS2-21.05.2024,U37-H1-VS2-GGA7.5-Cr(VI) 10mg-L-23052024-Q=51.32mL-phút-4
1031,GGA7.5,291.3292,777,280.23,11.09922,U37-H1-VS2-21.05.2024,U37-H1-VS2-GGA7.5-Cr(VI) 10mg-L-23052024-Q=51.32mL-phút-4
1032,GGA7.5,291.5775,1249,280.21,11.36751,U37-H1-VS2-21.05.2024,U37-H1-VS2-GGA7.5-Cr(VI) 10mg-L-23052024-Q=51.32mL-phút-4
1033,GGA7.5,291.7706,1729,280.86,10.91059,U37-H1-VS2-21.05.2024,U37-H1-VS2-GGA7.5-Cr(VI) 10mg-L-23052024-Q=51.32mL-phút-4
1034,GGA7.5,291.881,2204,280.79,11.09095,U37-H1-VS2-21.05.2024,U37-H1-VS2-GGA7.5-Cr(VI) 10mg-L-23052024-Q=51.32mL-phút-4
1035,GGA7.5,291.7752,2674,280.71,11.0652,U37-H1-VS2-21.05.2024,U37-H1-VS2-GGA7.5-Cr(VI) 10mg-L-23052024-Q=51.32mL-phút-4
1036,GGA7.5-Cr(VI) 10mg/L,291.8344,3141,281.38,10.45442,U37-H1-VS2-21.05.2024,U37-H1-VS2-GGA7.5-Cr(VI) 10mg-L-23052024-Q=51.32mL-phút-4
1037,GGA7.5-Cr(VI) 10mg/L,291.9165,3615,281.3,10.61655,U37-H1-VS2-21.05.2024,U37-H1-VS2-GGA7.5-Cr(VI) 10mg-L-23052024-Q=51.32mL-phút-4
1038,GGA7.5-Cr(VI) 10mg/L,291.0856,4092,281.13,9.95557,U37-H1-VS2-21.05.2024,U37-H1-VS2-GGA7.5-Cr(VI) 10mg-L-23052024-Q=51.32mL-phút-4
1039,GGA7.5-Cr(VI) 10mg/L,291.0704,4565,281.57,9.50038,U37-H1-VS2-21.05.2024,U37-H1-VS2-GGA7.5-Cr(VI) 10mg-L-23052024-Q=51.32mL-phút-4
1040,GGA7.5-Cr(VI) 10mg/L,291.2702,5040,281.82,9.45018,U37-H1-VS2-21.05.2024,U37-H1-VS2-GGA7.5-Cr(VI) 10mg-L-23052024-Q=51.32mL-phút-4
1041,GGA7.5-Cr(VI) 10mg/L,291.4992,5510,282.7,8.79922,U37-H1-VS2-21.05.2024,U37-H1-VS2-GGA7.5-Cr(VI) 10mg-L-23052024-Q=51.32mL-phút-4
1042,GGA7.5-Cr(VI) 10mg/L,291.5418,5989,282.7,8.84175,U37-H1-VS2-21.05.2024,U37-H1-VS2-GGA7.5-Cr(VI) 10mg-L-23052024-Q=51.32mL-phút-4
1043,GGA7.5-Cr(VI) 10mg/L,291.4602,6459,283.74,7.7202,U37-H1-VS2-21.05.2024,U37-H1-VS2-GGA7.5-Cr(VI) 10mg-L-23052024-Q=51.32mL-phút-4
1044,GGA7.5-Cr(VI) 10mg/L,291.6715,6931,283.28,8.39154,U37-H1-VS2-21.05.2024,U37-H1-VS2-GGA7.5-Cr(VI) 10mg-L-23052024-Q=51.32mL-phút-4
1045,GGA7.5-Cr(VI) 10mg/L,291.6785,7407,283.64,8.03845,U37-H1-VS2-21.05.2024,U37-H1-VS2-GGA7.5-Cr(VI) 10mg-L-23052024-Q=51.32mL-phút-4
1046,GGA2.5,290.9835,301,282.99,7.99354,U37-H1-VS2-21.05.2024,U37-H1-VS2-GGA2.5-Zn(II) 15mg-L-23052024-Q=50.42mL-phút-1
1047,GGA2.5,291.2485,770,283.78,7.46846,U37-H1-VS2-21.05.2024,U37-H1-VS2-GGA2.5-Zn(II) 15mg-L-23052024-Q=50.42mL-phút-1
1048,GGA2.5,291.289,1242,284.01,7.27903,U37-H1-VS2-21.05.2024,U37-H1-VS2-GGA2.5-Zn(II) 15mg-L-23052024-Q=50.42mL-phút-1
1049,GGA2.5,291.2115,1716,283.91,7.30154,U37-H1-VS2-21.05.2024,U37-H1-VS2-GGA2.5-Zn(II) 15mg-L-23052024-Q=50.42mL-phút-1
1050,GGA2.5,291.0492,2189,283.47,7.57923,U37-H1-VS2-21.05.2024,U37-H1-VS2-GGA2.5-Zn(II) 15mg-L-23052024-Q=50.42mL-phút-1
1051,GGA2.5,291.1386,2662,282.99,8.14864,U37-H1-VS2-21.05.2024,U37-H1-VS2-GGA2.5-Zn(II) 15mg-L-23052024-Q=50.42mL-phút-1
1052,GGA2.5-Zn(II) 15mg/L,290.4437,3139,283.78,6.66365,U37-H1-VS2-21.05.2024,U37-H1-VS2-GGA2.5-Zn(II) 15mg-L-23052024-Q=50.42mL-phút-1
1053,GGA2.5-Zn(II) 15mg/L,290.541,3612,285.56,4.98096,U37-H1-VS2-21.05.2024,U37-H1-VS2-GGA2.5-Zn(II) 15mg-L-23052024-Q=50.42mL-phút-1
1054,GGA2.5-Zn(II) 15mg/L,290.289,4087,285.02,5.26905,U37-H1-VS2-21.05.2024,U37-H1-VS2-GGA2.5-Zn(II) 15mg-L-23052024-Q=50.42mL-phút-1
1055,GGA2.5-Zn(II) 15mg/L,290.08,4560,285.31,4.77,U37-H1-VS2-21.05.2024,U37-H1-VS2-GGA2.5-Zn(II) 15mg-L-23052024-Q=50.42mL-phút-1
1056,GGA2.5-Zn(II) 15mg/L,289.9392,5030,285.58,4.35924,U37-H1-VS2-21.05.2024,U37-H1-VS2-GGA2.5-Zn(II) 15mg-L-23052024-Q=50.42mL-phút-1
1057,GGA2.5-Zn(II) 15mg/L,289.8245,5506,285.25,4.57451,U37-H1-VS2-21.05.2024,U37-H1-VS2-GGA2.5-Zn(II) 15mg-L-23052024-Q=50.42mL-phút-1
1058,GGA7.5,50.79723,301,47.81,2.98723,U38-H2-VS2-21.05.2024,U38-H2-VS2-GGA7.5-Cr(VI) 10mg-L-23052024-Q=41.68mL-phút-5
1059,GGA7.5,50.66255,775,47.51,3.15255,U38-H2-VS2-21.05.2024,U38-H2-VS2-GGA7.5-Cr(VI) 10mg-L-23052024-Q=41.68mL-phút-5
1060,GGA7.5,50.92553,1245,47.85,3.07553,U38-H2-VS2-21.05.2024,U38-H2-VS2-GGA7.5-Cr(VI) 10mg-L-23052024-Q=41.68mL-phút-5
1061,GGA7.5,50.50848,1715,47.76,2.74848,U38-H2-VS2-21.05.2024,U38-H2-VS2-GGA7.5-Cr(VI) 10mg-L-23052024-Q=41.68mL-phút-5
1062,GGA7.5,50.22717,2197,47.47,2.75717,U38-H2-VS2-21.05.2024,U38-H2-VS2-GGA7.5-Cr(VI) 10mg-L-23052024-Q=41.68mL-phút-5
1063,GGA7.5,50.12617,2663,47.51,2.61617,U38-H2-VS2-21.05.2024,U38-H2-VS2-GGA7.5-Cr(VI) 10mg-L-23052024-Q=41.68mL-phút-5
1064,GGA7.5-Cr(VI)-10mg/L,50.21907,3139,47.13,3.08907,U38-H2-VS2-21.05.2024,U38-H2-VS2-GGA7.5-Cr(VI) 10mg-L-23052024-Q=41.68mL-phút-5
1065,GGA7.5-Cr(VI)-10mg/L,49.47767,3612,46.52,2.95767,U38-H2-VS2-21.05.2024,U38-H2-VS2-GGA7.5-Cr(VI) 10mg-L-23052024-Q=41.68mL-phút-5
1066,GGA7.5-Cr(VI)-10mg/L,49.04721,4085,46.4,2.64721,U38-H2-VS2-21.05.2024,U38-H2-VS2-GGA7.5-Cr(VI) 10mg-L-23052024-Q=41.68mL-phút-5
1067,GGA7.5-Cr(VI)-10mg/L,48.55021,4557,46.0,2.55021,U38-H2-VS2-21.05.2024,U38-H2-VS2-GGA7.5-Cr(VI) 10mg-L-23052024-Q=41.68mL-phút-5
1068,GGA7.5-Cr(VI)-10mg/L,48.22812,5031,45.94,2.28812,U38-H2-VS2-21.05.2024,U38-H2-VS2-GGA7.5-Cr(VI) 10mg-L-23052024-Q=41.68mL-phút-5
1069,GGA7.5-Cr(VI)-10mg/L,47.99128,5504,45.83,2.16128,U38-H2-VS2-21.05.2024,U38-H2-VS2-GGA7.5-Cr(VI) 10mg-L-23052024-Q=41.68mL-phút-5
1070,GGA7.5-Cr(VI)-10mg/L,47.55809,5980,45.56,1.99809,U38-H2-VS2-21.05.2024,U38-H2-VS2-GGA7.5-Cr(VI) 10mg-L-23052024-Q=41.68mL-phút-5
1071,GGA7.5-Cr(VI)-10mg/L,47.39958,6452,45.43,1.96958,U38-H2-VS2-21.05.2024,U38-H2-VS2-GGA7.5-Cr(VI) 10mg-L-23052024-Q=41.68mL-phút-5
1072,GGA10,47.56937,301,44.86,2.70937,U38-H2-VS2-21.05.2024,U38-H2-VS2-GGA10-Zn(II) 10mg-L-23052024-Q=41.52mL-phút-2
1073,GGA10,47.54396,775,44.9,2.64396,U38-H2-VS2-21.05.2024,U38-H2-VS2-GGA10-Zn(II) 10mg-L-23052024-Q=41.52mL-phút-2
1074,GGA10,47.50187,1249,44.65,2.85187,U38-H2-VS2-21.05.2024,U38-H2-VS2-GGA10-Zn(II) 10mg-L-23052024-Q=41.52mL-phút-2
1075,GGA10,47.37979,1719,44.67,2.70979,U38-H2-VS2-21.05.2024,U38-H2-VS2-GGA10-Zn(II) 10mg-L-23052024-Q=41.52mL-phút-2
1076,GGA10,47.14875,2195,44.59,2.55875,U38-H2-VS2-21.05.2024,U38-H2-VS2-GGA10-Zn(II) 10mg-L-23052024-Q=41.52mL-phút-2
1077,GGA10-Zn(II)-10mg/L,46.87583,2669,44.19,2.68583,U38-H2-VS2-21.05.2024,U38-H2-VS2-GGA10-Zn(II) 10mg-L-23052024-Q=41.52mL-phút-2
1078,GGA10-Zn(II)-10mg/L,46.92063,3142,44.23,2.69063,U38-H2-VS2-21.05.2024,U38-H2-VS2-GGA10-Zn(II) 10mg-L-23052024-Q=41.52mL-phút-2
1079,GGA10-Zn(II)-10mg/L,46.70894,3619,44.67,2.03894,U38-H2-VS2-21.05.2024,U38-H2-VS2-GGA10-Zn(II) 10mg-L-23052024-Q=41.52mL-phút-2
1080,GGA10-Zn(II)-10mg/L,46.87792,4096,44.63,2.24792,U38-H2-VS2-21.05.2024,U38-H2-VS2-GGA10-Zn(II) 10mg-L-23052024-Q=41.52mL-phút-2
1081,GGA10-Zn(II)-10mg/L,46.69729,4563,44.65,2.04729,U38-H2-VS2-21.05.2024,U38-H2-VS2-GGA10-Zn(II) 10mg-L-23052024-Q=41.52mL-phút-2
1082,GGA10-Zn(II)-10mg/L,46.54187,5039,44.44,2.10187,U38-H2-VS2-21.05.2024,U38-H2-VS2-GGA10-Zn(II) 10mg-L-23052024-Q=41.52mL-phút-2
1083,GGA10-Zn(II)-10mg/L,46.28396,5515,44.09,2.19396,U38-H2-VS2-21.05.2024,U38-H2-VS2-GGA10-Zn(II) 10mg-L-23052024-Q=41.52mL-phút-2
1084,GGA10,290.7545,301,282.91,7.84447,U39-H1-VS2-22.05.2024,U39-H1-VS2-GGA10-Zn(II) 5mg-L-24052024-Q=51.10mL-phút-3
1085,GGA10,290.6817,772,281.48,9.20173,U39-H1-VS2-22.05.2024,U39-H1-VS2-GGA10-Zn(II) 5mg-L-24052024-Q=51.10mL-phút-3
1086,GGA10,290.6874,1245,281.69,8.99739,U39-H1-VS2-22.05.2024,U39-H1-VS2-GGA10-Zn(II) 5mg-L-24052024-Q=51.10mL-phút-3
1087,GGA10,290.6513,1719,281.65,9.00131,U39-H1-VS2-22.05.2024,U39-H1-VS2-GGA10-Zn(II) 5mg-L-24052024-Q=51.10mL-phút-3
1088,GGA10,290.5449,2193,281.76,8.78488,U39-H1-VS2-22.05.2024,U39-H1-VS2-GGA10-Zn(II) 5mg-L-24052024-Q=51.10mL-phút-3
1089,GGA10,290.4498,2665,281.19,9.25979,U39-H1-VS2-22.05.2024,U39-H1-VS2-GGA10-Zn(II) 5mg-L-24052024-Q=51.10mL-phút-3
1090,GGA10-Zn(II)-5mg/L,290.4079,3140,281.11,9.29788,U39-H1-VS2-22.05.2024,U39-H1-VS2-GGA10-Zn(II) 5mg-L-24052024-Q=51.10mL-phút-3
1091,GGA10-Zn(II)-5mg/L,290.8677,3612,282.4,8.46767,U39-H1-VS2-22.05.2024,U39-H1-VS2-GGA10-Zn(II) 5mg-L-24052024-Q=51.10mL-phút-3
1092,GGA10-Zn(II)-5mg/L,290.727,4084,282.76,7.96695,U39-H1-VS2-22.05.2024,U39-H1-VS2-GGA10-Zn(II) 5mg-L-24052024-Q=51.10mL-phút-3
1093,GGA10-Zn(II)-5mg/L,290.6824,4561,284.27,6.4124,U39-H1-VS2-22.05.2024,U39-H1-VS2-GGA10-Zn(II) 5mg-L-24052024-Q=51.10mL-phút-3
1094,GGA10-Zn(II)-5mg/L,290.432,5033,283.05,7.38197,U39-H1-VS2-22.05.2024,U39-H1-VS2-GGA10-Zn(II) 5mg-L-24052024-Q=51.10mL-phút-3
1095,GGA10-Zn(II)-5mg/L,290.1321,5506,282.51,7.62212,U39-H1-VS2-22.05.2024,U39-H1-VS2-GGA10-Zn(II) 5mg-L-24052024-Q=51.10mL-phút-3
1096,GGA10-Zn(II)-5mg/L,290.0145,5980,282.95,7.06446,U39-H1-VS2-22.05.2024,U39-H1-VS2-GGA10-Zn(II) 5mg-L-24052024-Q=51.10mL-phút-3
1097,GGA10-Zn(II)-5mg/L,290.0302,6455,283.28,6.75021,U39-H1-VS2-22.05.2024,U39-H1-VS2-GGA10-Zn(II) 5mg-L-24052024-Q=51.10mL-phút-3
1098,GGA10-Zn(II)-5mg/L,289.9098,6928,283.45,6.45978,U39-H1-VS2-22.05.2024,U39-H1-VS2-GGA10-Zn(II) 5mg-L-24052024-Q=51.10mL-phút-3
1099,GGA10-Zn(II)-5mg/L,289.7759,7400,282.66,7.11587,U39-H1-VS2-22.05.2024,U39-H1-VS2-GGA10-Zn(II) 5mg-L-24052024-Q=51.10mL-phút-3
1100,GGA7.5,287.5532,301,280.06,7.49319,U39-H1-VS2-22.05.2024,U39-H1-VS2-GGA7.5-Cr(VI) 15mg-L-24052024-Q=51.68mL-phút-4
1101,GGA7.5,287.5417,775,279.66,7.8817,U39-H1-VS2-22.05.2024,U39-H1-VS2-GGA7.5-Cr(VI) 15mg-L-24052024-Q=51.68mL-phút-4
1102,GGA7.5,287.4398,1254,280.52,6.9198,U39-H1-VS2-22.05.2024,U39-H1-VS2-GGA7.5-Cr(VI) 15mg-L-24052024-Q=51.68mL-phút-4
1103,GGA7.5,287.6681,1721,279.83,7.83814,U39-H1-VS2-22.05.2024,U39-H1-VS2-GGA7.5-Cr(VI) 15mg-L-24052024-Q=51.68mL-phút-4
1104,GGA7.5,287.7231,2194,279.89,7.83312,U39-H1-VS2-22.05.2024,U39-H1-VS2-GGA7.5-Cr(VI) 15mg-L-24052024-Q=51.68mL-phút-4
1105,GGA7.5,287.7779,2667,279.56,8.21792,U39-H1-VS2-22.05.2024,U39-H1-VS2-GGA7.5-Cr(VI) 15mg-L-24052024-Q=51.68mL-phút-4
1106,GGA7.5-Cr(VI)-15mg/L,287.7471,3142,280.4,7.3471,U39-H1-VS2-22.05.2024,U39-H1-VS2-GGA7.5-Cr(VI) 15mg-L-24052024-Q=51.68mL-phút-4
1107,GGA7.5-Cr(VI)-15mg/L,287.5694,3615,280.02,7.54938,U39-H1-VS2-22.05.2024,U39-H1-VS2-GGA7.5-Cr(VI) 15mg-L-24052024-Q=51.68mL-phút-4
1108,GGA7.5-Cr(VI)-15mg/L,287.7373,4088,280.67,7.06728,U39-H1-VS2-22.05.2024,U39-H1-VS2-GGA7.5-Cr(VI) 15mg-L-24052024-Q=51.68mL-phút-4
1109,GGA7.5-Cr(VI)-15mg/L,287.6733,4564,281.0,6.67334,U39-H1-VS2-22.05.2024,U39-H1-VS2-GGA7.5-Cr(VI) 15mg-L-24052024-Q=51.68mL-phút-4
1110,GGA7.5-Cr(VI)-15mg/L,287.8935,5037,281.59,6.30354,U39-H1-VS2-22.05.2024,U39-H1-VS2-GGA7.5-Cr(VI) 15mg-L-24052024-Q=51.68mL-phút-4
1111,GGA7.5-Cr(VI)-15mg/L,287.99,5513,280.98,7.00999,U39-H1-VS2-22.05.2024,U39-H1-VS2-GGA7.5-Cr(VI) 15mg-L-24052024-Q=51.68mL-phút-4
1112,GGA7.5-Cr(VI)-15mg/L,288.0921,5985,282.24,5.85209,U39-H1-VS2-22.05.2024,U39-H1-VS2-GGA7.5-Cr(VI) 15mg-L-24052024-Q=51.68mL-phút-4
1113,GGA7.5-Cr(VI)-15mg/L,288.2067,6457,282.38,5.82666,U39-H1-VS2-22.05.2024,U39-H1-VS2-GGA7.5-Cr(VI) 15mg-L-24052024-Q=51.68mL-phút-4
1114,GGA7.5-Cr(VI)-15mg/L,288.3627,6932,282.57,5.7927,U39-H1-VS2-22.05.2024,U39-H1-VS2-GGA7.5-Cr(VI) 15mg-L-24052024-Q=51.68mL-phút-4
1115,GGA10,49.14191,301,44.72,4.42191,U40-H2-VS2-22.05.2024,U40-H2-VS2-GGA10-Zn(II) 5mg-L-24052024-Q=42.22mL-phút-4
1116,GGA10,48.57149,777,44.27,4.30149,U40-H2-VS2-22.05.2024,U40-H2-VS2-GGA10-Zn(II) 5mg-L-24052024-Q=42.22mL-phút-4
1117,GGA10,48.40783,1249,44.27,4.13783,U40-H2-VS2-22.05.2024,U40-H2-VS2-GGA10-Zn(II) 5mg-L-24052024-Q=42.22mL-phút-4
1118,GGA10,48.55413,1721,44.19,4.36413,U40-H2-VS2-22.05.2024,U40-H2-VS2-GGA10-Zn(II) 5mg-L-24052024-Q=42.22mL-phút-4
1119,GGA10,48.04326,2192,43.83,4.21326,U40-H2-VS2-22.05.2024,U40-H2-VS2-GGA10-Zn(II) 5mg-L-24052024-Q=42.22mL-phút-4
1120,GGA10-Zn(II)-5mg/L,48.53149,2611,44.46,4.07149,U40-H2-VS2-22.05.2024,U40-H2-VS2-GGA10-Zn(II) 5mg-L-24052024-Q=42.22mL-phút-4
1121,GGA10-Zn(II)-5mg/L,48.4834,3086,45.35,3.1334,U40-H2-VS2-22.05.2024,U40-H2-VS2-GGA10-Zn(II) 5mg-L-24052024-Q=42.22mL-phút-4
1122,GGA10-Zn(II)-5mg/L,48.51478,3562,45.43,3.08478,U40-H2-VS2-22.05.2024,U40-H2-VS2-GGA10-Zn(II) 5mg-L-24052024-Q=42.22mL-phút-4
1123,GGA10-Zn(II)-5mg/L,48.45,4030,45.72,2.73,U40-H2-VS2-22.05.2024,U40-H2-VS2-GGA10-Zn(II) 5mg-L-24052024-Q=42.22mL-phút-4
1124,GGA10-Zn(II)-5mg/L,48.31826,4505,45.62,2.69826,U40-H2-VS2-22.05.2024,U40-H2-VS2-GGA10-Zn(II) 5mg-L-24052024-Q=42.22mL-phút-4
1125,GGA10-Zn(II)-5mg/L,47.96565,4978,45.39,2.57565,U40-H2-VS2-22.05.2024,U40-H2-VS2-GGA10-Zn(II) 5mg-L-24052024-Q=42.22mL-phút-4
1126,GGA15,47.58745,301,43.94,3.64745,U40-H2-VS2-22.05.2024,U40-H2-VS2-GGA15-Cr(VI) 15mg-L-24052024-Q=42mL-phút-1
1127,GGA15,47.36208,772,43.81,3.55208,U40-H2-VS2-22.05.2024,U40-H2-VS2-GGA15-Cr(VI) 15mg-L-24052024-Q=42mL-phút-1
1128,GGA15,47.29833,1245,43.62,3.67833,U40-H2-VS2-22.05.2024,U40-H2-VS2-GGA15-Cr(VI) 15mg-L-24052024-Q=42mL-phút-1
1129,GGA15,47.13604,1726,43.37,3.76604,U40-H2-VS2-22.05.2024,U40-H2-VS2-GGA15-Cr(VI) 15mg-L-24052024-Q=42mL-phút-1
1130,GGA15,47.13213,2195,43.12,4.01213,U40-H2-VS2-22.05.2024,U40-H2-VS2-GGA15-Cr(VI) 15mg-L-24052024-Q=42mL-phút-1
1131,GGA15,46.92333,2670,43.12,3.80333,U40-H2-VS2-22.05.2024,U40-H2-VS2-GGA15-Cr(VI) 15mg-L-24052024-Q=42mL-phút-1
1132,GGA15-Cr(VI)-15mg/L,46.83771,3143,43.12,3.71771,U40-H2-VS2-22.05.2024,U40-H2-VS2-GGA15-Cr(VI) 15mg-L-24052024-Q=42mL-phút-1
1133,GGA15-Cr(VI)-15mg/L,46.91479,3618,42.8,4.11479,U40-H2-VS2-22.05.2024,U40-H2-VS2-GGA15-Cr(VI) 15mg-L-24052024-Q=42mL-phút-1
1134,GGA15-Cr(VI)-15mg/L,46.66354,4089,43.08,3.58354,U40-H2-VS2-22.05.2024,U40-H2-VS2-GGA15-Cr(VI) 15mg-L-24052024-Q=42mL-phút-1
1135,GGA15-Cr(VI)-15mg/L,46.73383,4563,43.6,3.13383,U40-H2-VS2-22.05.2024,U40-H2-VS2-GGA15-Cr(VI) 15mg-L-24052024-Q=42mL-phút-1
1136,GGA15-Cr(VI)-15mg/L,46.41617,5034,43.37,3.04617,U40-H2-VS2-22.05.2024,U40-H2-VS2-GGA15-Cr(VI) 15mg-L-24052024-Q=42mL-phút-1
1137,GGA15-Cr(VI)-15mg/L,46.15312,5505,43.64,2.51312,U40-H2-VS2-22.05.2024,U40-H2-VS2-GGA15-Cr(VI) 15mg-L-24052024-Q=42mL-phút-1
1138,GGA15-Cr(VI)-15mg/L,45.97021,5981,43.35,2.62021,U40-H2-VS2-22.05.2024,U40-H2-VS2-GGA15-Cr(VI) 15mg-L-24052024-Q=42mL-phút-1
1139,GGA15-Cr(VI)-15mg/L,45.715,6451,43.33,2.385,U40-H2-VS2-22.05.2024,U40-H2-VS2-GGA15-Cr(VI) 15mg-L-24052024-Q=42mL-phút-1
1140,BOD7.5,291.2425,294,280.67,10.5725,U41-H1-VS2-24.05.2024,U41-h1-VS2-7.5-Zn(II)10mgL-26052024-Q=49.83mLphut-1
1141,BOD7.5,290.8848,770,280.38,10.50476,U41-H1-VS2-24.05.2024,U41-h1-VS2-7.5-Zn(II)10mgL-26052024-Q=49.83mLphut-1
1142,BOD7.5,290.4569,1244,280.27,10.18687,U41-H1-VS2-24.05.2024,U41-h1-VS2-7.5-Zn(II)10mgL-26052024-Q=49.83mLphut-1
1143,BOD7.5,290.2854,1718,279.39,10.89542,U41-H1-VS2-24.05.2024,U41-h1-VS2-7.5-Zn(II)10mgL-26052024-Q=49.83mLphut-1
1144,BOD7.5,290.259,2191,279.66,10.59904,U41-H1-VS2-24.05.2024,U41-h1-VS2-7.5-Zn(II)10mgL-26052024-Q=49.83mLphut-1
1145,BOD7.5,290.2363,2663,279.25,10.98627,U41-H1-VS2-24.05.2024,U41-h1-VS2-7.5-Zn(II)10mgL-26052024-Q=49.83mLphut-1
1146,BOD7.5,290.0245,3139,279.54,10.48452,U41-H1-VS2-24.05.2024,U41-h1-VS2-7.5-Zn(II)10mgL-26052024-Q=49.83mLphut-1
1147,Zn 10,289.8758,3612,280.19,9.68578,U41-H1-VS2-24.05.2024,U41-h1-VS2-7.5-Zn(II)10mgL-26052024-Q=49.83mLphut-1
1148,Zn 10,289.8269,4081,281.61,8.21687,U41-H1-VS2-24.05.2024,U41-h1-VS2-7.5-Zn(II)10mgL-26052024-Q=49.83mLphut-1
1149,Zn 10,289.6543,4560,281.48,8.17429,U41-H1-VS2-24.05.2024,U41-h1-VS2-7.5-Zn(II)10mgL-26052024-Q=49.83mLphut-1
1150,Zn 10,289.51,5029,281.86,7.65,U41-H1-VS2-24.05.2024,U41-h1-VS2-7.5-Zn(II)10mgL-26052024-Q=49.83mLphut-1
1151,Zn 10,289.2936,5505,281.61,7.68361,U41-H1-VS2-24.05.2024,U41-h1-VS2-7.5-Zn(II)10mgL-26052024-Q=49.83mLphut-1
1152,Zn 10,289.1525,5979,281.44,7.71253,U41-H1-VS2-24.05.2024,U41-h1-VS2-7.5-Zn(II)10mgL-26052024-Q=49.83mLphut-1
1153,BOD15,287.7413,268,275.86,11.88129,U41-H1-VS2-24.05.2024,U41-h1-VS2-15-Cr(VI)10mgL-26052024-Q=50.38mLphut-2
1154,BOD15,287.8184,740,276.4,11.41843,U41-H1-VS2-24.05.2024,U41-h1-VS2-15-Cr(VI)10mgL-26052024-Q=50.38mLphut-2
1155,BOD15,287.9241,1213,275.63,12.29414,U41-H1-VS2-24.05.2024,U41-h1-VS2-15-Cr(VI)10mgL-26052024-Q=50.38mLphut-2
1156,BOD15,287.9033,1688,276.32,11.58333,U41-H1-VS2-24.05.2024,U41-h1-VS2-15-Cr(VI)10mgL-26052024-Q=50.38mLphut-2
1157,BOD15,287.998,2162,276.53,11.46797,U41-H1-VS2-24.05.2024,U41-h1-VS2-15-Cr(VI)10mgL-26052024-Q=50.38mLphut-2
1158,BOD15,287.9362,2636,276.61,11.32623,U41-H1-VS2-24.05.2024,U41-h1-VS2-15-Cr(VI)10mgL-26052024-Q=50.38mLphut-2
1159,BOD15,287.9497,3110,276.09,11.85971,U41-H1-VS2-24.05.2024,U41-h1-VS2-15-Cr(VI)10mgL-26052024-Q=50.38mLphut-2
1160,Cr 10,287.872,3584,276.92,10.952,U41-H1-VS2-24.05.2024,U41-h1-VS2-15-Cr(VI)10mgL-26052024-Q=50.38mLphut-2
1161,Cr 10,287.8946,4056,277.34,10.55457,U41-H1-VS2-24.05.2024,U41-h1-VS2-15-Cr(VI)10mgL-26052024-Q=50.38mLphut-2
1162,Cr 10,287.9748,4528,277.43,10.54478,U41-H1-VS2-24.05.2024,U41-h1-VS2-15-Cr(VI)10mgL-26052024-Q=50.38mLphut-2
1163,Cr 10,287.9963,5002,278.6,9.39629,U41-H1-VS2-24.05.2024,U41-h1-VS2-15-Cr(VI)10mgL-26052024-Q=50.38mLphut-2
1164,Cr 10,287.9857,5477,278.33,9.65571,U41-H1-VS2-24.05.2024,U41-h1-VS2-15-Cr(VI)10mgL-26052024-Q=50.38mLphut-2
1165,Cr 10,287.9833,5950,278.41,9.57329,U41-H1-VS2-24.05.2024,U41-h1-VS2-15-Cr(VI)10mgL-26052024-Q=50.38mLphut-2
1166,Cr 10,288.0583,6424,278.85,9.20829,U41-H1-VS2-24.05.2024,U41-h1-VS2-15-Cr(VI)10mgL-26052024-Q=50.38mLphut-2
1167,Cr 10,288.0923,6895,279.14,8.95229,U41-H1-VS2-24.05.2024,U41-h1-VS2-15-Cr(VI)10mgL-26052024-Q=50.38mLphut-2
1168,Cr 10,288.2353,7372,278.87,9.36529,U41-H1-VS2-24.05.2024,U41-h1-VS2-15-Cr(VI)10mgL-26052024-Q=50.38mLphut-2
1169,BOD 7.5,46.72247,229,44.19,2.53247,U42-H2-VS2-24.05.2024,U42-h2-VS2-7.5-Cr(VI)15mgL-26052024-Q=39.82mLphut-5
1170,BOD 7.5,46.87677,703,44.27,2.60677,U42-H2-VS2-24.05.2024,U42-h2-VS2-7.5-Cr(VI)15mgL-26052024-Q=39.82mLphut-5
1171,BOD 7.5,46.77351,1184,44.32,2.45351,U42-H2-VS2-24.05.2024,U42-h2-VS2-7.5-Cr(VI)15mgL-26052024-Q=39.82mLphut-5
1172,BOD 7.5,46.77563,1650,44.23,2.54563,U42-H2-VS2-24.05.2024,U42-h2-VS2-7.5-Cr(VI)15mgL-26052024-Q=39.82mLphut-5
1173,BOD 7.5,46.66938,2124,44.08,2.58938,U42-H2-VS2-24.05.2024,U42-h2-VS2-7.5-Cr(VI)15mgL-26052024-Q=39.82mLphut-5
1174,BOD 7.5,46.64583,2595,44.0,2.64583,U42-H2-VS2-24.05.2024,U42-h2-VS2-7.5-Cr(VI)15mgL-26052024-Q=39.82mLphut-5
1175,Cr 15,46.49443,3070,44.15,2.34443,U42-H2-VS2-24.05.2024,U42-h2-VS2-7.5-Cr(VI)15mgL-26052024-Q=39.82mLphut-5
1176,Cr 15,46.26948,3542,43.98,2.28948,U42-H2-VS2-24.05.2024,U42-h2-VS2-7.5-Cr(VI)15mgL-26052024-Q=39.82mLphut-5
1177,Cr 15,46.12635,4015,43.87,2.25635,U42-H2-VS2-24.05.2024,U42-h2-VS2-7.5-Cr(VI)15mgL-26052024-Q=39.82mLphut-5
1178,Cr 15,45.57417,4494,43.37,2.20417,U42-H2-VS2-24.05.2024,U42-h2-VS2-7.5-Cr(VI)15mgL-26052024-Q=39.82mLphut-5
1179,Cr 15,45.35594,4961,43.45,1.90594,U42-H2-VS2-24.05.2024,U42-h2-VS2-7.5-Cr(VI)15mgL-26052024-Q=39.82mLphut-5
1180,Cr 15,45.09938,5436,43.27,1.82938,U42-H2-VS2-24.05.2024,U42-h2-VS2-7.5-Cr(VI)15mgL-26052024-Q=39.82mLphut-5
1181,Cr 15,44.92557,5912,43.37,1.55557,U42-H2-VS2-24.05.2024,U42-h2-VS2-7.5-Cr(VI)15mgL-26052024-Q=39.82mLphut-5
1182,Cr 15,44.74417,6387,43.22,1.52417,U42-H2-VS2-24.05.2024,U42-h2-VS2-7.5-Cr(VI)15mgL-26052024-Q=39.82mLphut-5
1183,BOD 7.5,48.53417,281,46.04,2.49417,U42-H2-VS2-24.05.2024,U42-h2-VS2-7.5-Zn(II)10mgL-26052024-Q=39.54mLphut-2
1184,BOD 7.5,48.27677,755,45.75,2.52677,U42-H2-VS2-24.05.2024,U42-h2-VS2-7.5-Zn(II)10mgL-26052024-Q=39.54mLphut-2
1185,BOD 7.5,48.13762,1228,45.58,2.55762,U42-H2-VS2-24.05.2024,U42-h2-VS2-7.5-Zn(II)10mgL-26052024-Q=39.54mLphut-2
1186,BOD 7.5,47.95181,1701,45.6,2.35181,U42-H2-VS2-24.05.2024,U42-h2-VS2-7.5-Zn(II)10mgL-26052024-Q=39.54mLphut-2
1187,BOD 7.5,47.98016,2174,45.31,2.67016,U42-H2-VS2-24.05.2024,U42-h2-VS2-7.5-Zn(II)10mgL-26052024-Q=39.54mLphut-2
1188,BOD 7.5,47.8237,2648,45.43,2.3937,U42-H2-VS2-24.05.2024,U42-h2-VS2-7.5-Zn(II)10mgL-26052024-Q=39.54mLphut-2
1189,Zn-10,47.67962,3122,45.16,2.51962,U42-H2-VS2-24.05.2024,U42-h2-VS2-7.5-Zn(II)10mgL-26052024-Q=39.54mLphut-2
1190,Zn-10,47.53538,3597,45.52,2.01538,U42-H2-VS2-24.05.2024,U42-h2-VS2-7.5-Zn(II)10mgL-26052024-Q=39.54mLphut-2
1191,Zn-10,47.40144,4070,45.52,1.88144,U42-H2-VS2-24.05.2024,U42-h2-VS2-7.5-Zn(II)10mgL-26052024-Q=39.54mLphut-2
1192,Zn-10,47.32058,4540,45.58,1.74058,U42-H2-VS2-24.05.2024,U42-h2-VS2-7.5-Zn(II)10mgL-26052024-Q=39.54mLphut-2
1193,Zn-10,47.06048,5016,45.18,1.88048,U42-H2-VS2-24.05.2024,U42-h2-VS2-7.5-Zn(II)10mgL-26052024-Q=39.54mLphut-2
1194,Zn-10,46.83019,5492,44.97,1.86019,U42-H2-VS2-24.05.2024,U42-h2-VS2-7.5-Zn(II)10mgL-26052024-Q=39.54mLphut-2
1195,Zn-10,46.61163,5961,44.95,1.66163,U42-H2-VS2-24.05.2024,U42-h2-VS2-7.5-Zn(II)10mgL-26052024-Q=39.54mLphut-2
1196,Zn-10,46.45837,6433,44.93,1.52837,U42-H2-VS2-24.05.2024,U42-h2-VS2-7.5-Zn(II)10mgL-26052024-Q=39.54mLphut-2
1197,Zn-10,46.32175,6917,44.57,1.75175,U42-H2-VS2-24.05.2024,U42-h2-VS2-7.5-Zn(II)10mgL-26052024-Q=39.54mLphut-2
1198,GGA7.5,287.9267,303,278.31,9.61673,U43-H1-VS2-24.05.2024,U43-H1-VS2-GGA7.5-Ni(II) 5mg-L-27052024-Q=51.06mL-phút-3
1199,GGA7.5,287.8598,776,278.58,9.2798,U43-H1-VS2-24.05.2024,U43-H1-VS2-GGA7.5-Ni(II) 5mg-L-27052024-Q=51.06mL-phút-3
1200,GGA7.5,287.8894,1250,278.24,9.64936,U43-H1-VS2-24.05.2024,U43-H1-VS2-GGA7.5-Ni(II) 5mg-L-27052024-Q=51.06mL-phút-3
1201,GGA7.5,287.794,1725,278.54,9.25403,U43-H1-VS2-24.05.2024,U43-H1-VS2-GGA7.5-Ni(II) 5mg-L-27052024-Q=51.06mL-phút-3
1202,GGA7.5,287.7225,2198,278.28,9.4425,U43-H1-VS2-24.05.2024,U43-H1-VS2-GGA7.5-Ni(II) 5mg-L-27052024-Q=51.06mL-phút-3
1203,GGA7.5,287.5671,2672,278.08,9.48712,U43-H1-VS2-24.05.2024,U43-H1-VS2-GGA7.5-Ni(II) 5mg-L-27052024-Q=51.06mL-phút-3
1204,GGA7.5-Ni(II)-5mg/L,287.358,3144,278.12,9.23795,U43-H1-VS2-24.05.2024,U43-H1-VS2-GGA7.5-Ni(II) 5mg-L-27052024-Q=51.06mL-phút-3
1205,GGA7.5-Ni(II)-5mg/L,287.5568,3616,278.47,9.08682,U43-H1-VS2-24.05.2024,U43-H1-VS2-GGA7.5-Ni(II) 5mg-L-27052024-Q=51.06mL-phút-3
1206,GGA7.5-Ni(II)-5mg/L,287.5193,4088,278.91,8.60933,U43-H1-VS2-24.05.2024,U43-H1-VS2-GGA7.5-Ni(II) 5mg-L-27052024-Q=51.06mL-phút-3
1207,GGA7.5-Ni(II)-5mg/L,287.5449,4565,279.41,8.13488,U43-H1-VS2-24.05.2024,U43-H1-VS2-GGA7.5-Ni(II) 5mg-L-27052024-Q=51.06mL-phút-3
1208,GGA7.5-Ni(II)-5mg/L,287.4257,5034,279.27,8.15569,U43-H1-VS2-24.05.2024,U43-H1-VS2-GGA7.5-Ni(II) 5mg-L-27052024-Q=51.06mL-phút-3
1209,GGA7.5-Ni(II)-5mg/L,287.4082,5508,279.71,7.69823,U43-H1-VS2-24.05.2024,U43-H1-VS2-GGA7.5-Ni(II) 5mg-L-27052024-Q=51.06mL-phút-3
1210,GGA7.5-Ni(II)-5mg/L,287.3609,5985,279.52,7.8409,U43-H1-VS2-24.05.2024,U43-H1-VS2-GGA7.5-Ni(II) 5mg-L-27052024-Q=51.06mL-phút-3
1211,GGA7.5-Ni(II)-5mg/L,287.3161,6457,279.5,7.81613,U43-H1-VS2-24.05.2024,U43-H1-VS2-GGA7.5-Ni(II) 5mg-L-27052024-Q=51.06mL-phút-3
1212,GGA10,286.6168,303,278.18,8.43683,U43-H1-VS2-24.05.2024,U43-H1-VS2-GGA10-Zn(II) 10mg-L-27052024-Q=51.04mL-phút-3
1213,GGA10,286.6082,776,277.99,8.61819,U43-H1-VS2-24.05.2024,U43-H1-VS2-GGA10-Zn(II) 10mg-L-27052024-Q=51.04mL-phút-3
1214,GGA10,286.4607,1249,278.22,8.24066,U43-H1-VS2-24.05.2024,U43-H1-VS2-GGA10-Zn(II) 10mg-L-27052024-Q=51.04mL-phút-3
1215,GGA10,286.476,1724,277.87,8.606,U43-H1-VS2-24.05.2024,U43-H1-VS2-GGA10-Zn(II) 10mg-L-27052024-Q=51.04mL-phút-3
1216,GGA10,286.5096,2197,277.66,8.84955,U43-H1-VS2-24.05.2024,U43-H1-VS2-GGA10-Zn(II) 10mg-L-27052024-Q=51.04mL-phút-3
1217,GGA10,286.5651,2669,277.59,8.97511,U43-H1-VS2-24.05.2024,U43-H1-VS2-GGA10-Zn(II) 10mg-L-27052024-Q=51.04mL-phút-3
1218,GGA10-Zn(II)-10mg/L,286.2964,3142,277.7,8.59635,U43-H1-VS2-24.05.2024,U43-H1-VS2-GGA10-Zn(II) 10mg-L-27052024-Q=51.04mL-phút-3
1219,GGA10-Zn(II)-10mg/L,286.313,3617,278.14,8.17294,U43-H1-VS2-24.05.2024,U43-H1-VS2-GGA10-Zn(II) 10mg-L-27052024-Q=51.04mL-phút-3
1220,GGA10-Zn(II)-10mg/L,286.3171,4089,278.47,7.84705,U43-H1-VS2-24.05.2024,U43-H1-VS2-GGA10-Zn(II) 10mg-L-27052024-Q=51.04mL-phút-3
1221,GGA10-Zn(II)-10mg/L,286.384,4565,278.85,7.53399,U43-H1-VS2-24.05.2024,U43-H1-VS2-GGA10-Zn(II) 10mg-L-27052024-Q=51.04mL-phút-3
1222,GGA10-Zn(II)-10mg/L,286.3855,5039,278.7,7.68544,U43-H1-VS2-24.05.2024,U43-H1-VS2-GGA10-Zn(II) 10mg-L-27052024-Q=51.04mL-phút-3
1223,GGA10-Zn(II)-10mg/L,286.1825,5512,278.81,7.3725,U43-H1-VS2-24.05.2024,U43-H1-VS2-GGA10-Zn(II) 10mg-L-27052024-Q=51.04mL-phút-3
1224,GGA7.5,57.85886,301,54.7,3.15886,U44-H2-VS2-24.05.2024,U44-H2-VS2-GGA7.5-Ni(II) 5mg-L-27052024-Q=42.56mL-phút-5
1225,GGA7.5,57.74886,771,54.76,2.98886,U44-H2-VS2-24.05.2024,U44-H2-VS2-GGA7.5-Ni(II) 5mg-L-27052024-Q=42.56mL-phút-5
1226,GGA7.5,57.74022,1249,54.62,3.12022,U44-H2-VS2-24.05.2024,U44-H2-VS2-GGA7.5-Ni(II) 5mg-L-27052024-Q=42.56mL-phút-5
1227,GGA7.5,57.41136,1723,54.45,2.96136,U44-H2-VS2-24.05.2024,U44-H2-VS2-GGA7.5-Ni(II) 5mg-L-27052024-Q=42.56mL-phút-5
1228,GGA7.5,57.16533,2194,54.07,3.09533,U44-H2-VS2-24.05.2024,U44-H2-VS2-GGA7.5-Ni(II) 5mg-L-27052024-Q=42.56mL-phút-5
1229,GGA7.5,57.06,2668,54.03,3.03,U44-H2-VS2-24.05.2024,U44-H2-VS2-GGA7.5-Ni(II) 5mg-L-27052024-Q=42.56mL-phút-5
1230,GGA7.5-Ni(II)-5mg/L,56.88844,3143,53.78,3.10844,U44-H2-VS2-24.05.2024,U44-H2-VS2-GGA7.5-Ni(II) 5mg-L-27052024-Q=42.56mL-phút-5
1231,GGA7.5-Ni(II)-5mg/L,57.15822,3620,54.22,2.93822,U44-H2-VS2-24.05.2024,U44-H2-VS2-GGA7.5-Ni(II) 5mg-L-27052024-Q=42.56mL-phút-5
1232,GGA7.5-Ni(II)-5mg/L,57.34841,4091,54.32,3.02841,U44-H2-VS2-24.05.2024,U44-H2-VS2-GGA7.5-Ni(II) 5mg-L-27052024-Q=42.56mL-phút-5
1233,GGA7.5-Ni(II)-5mg/L,57.91867,4563,55.0,2.91867,U44-H2-VS2-24.05.2024,U44-H2-VS2-GGA7.5-Ni(II) 5mg-L-27052024-Q=42.56mL-phút-5
1234,GGA7.5-Ni(II)-5mg/L,57.86911,5042,55.21,2.65911,U44-H2-VS2-24.05.2024,U44-H2-VS2-GGA7.5-Ni(II) 5mg-L-27052024-Q=42.56mL-phút-5
1235,GGA7.5-Ni(II)-5mg/L,57.63641,5512,54.74,2.89641,U44-H2-VS2-24.05.2024,U44-H2-VS2-GGA7.5-Ni(II) 5mg-L-27052024-Q=42.56mL-phút-5
1236,GGA7.5,292.2891,301,281.3,10.9891,U45-H1-VS2-26.05.2024,U45-H1-VS2-GGA7.5-Zn(II) 5mg-L-28052024-Q=50.7mL-phút-1
1237,GGA7.5,292.8902,771,282.57,10.32017,U45-H1-VS2-26.05.2024,U45-H1-VS2-GGA7.5-Zn(II) 5mg-L-28052024-Q=50.7mL-phút-1
1238,GGA7.5,292.8936,1246,281.88,11.01364,U45-H1-VS2-26.05.2024,U45-H1-VS2-GGA7.5-Zn(II) 5mg-L-28052024-Q=50.7mL-phút-1
1239,GGA7.5,292.6216,1718,281.86,10.76165,U45-H1-VS2-26.05.2024,U45-H1-VS2-GGA7.5-Zn(II) 5mg-L-28052024-Q=50.7mL-phút-1
1240,GGA7.5,292.4687,2192,281.36,11.10874,U45-H1-VS2-26.05.2024,U45-H1-VS2-GGA7.5-Zn(II) 5mg-L-28052024-Q=50.7mL-phút-1
1241,GGA7.5,292.2658,2664,281.59,10.67582,U45-H1-VS2-26.05.2024,U45-H1-VS2-GGA7.5-Zn(II) 5mg-L-28052024-Q=50.7mL-phút-1
1242,GGA7.5-Zn(II)-5mg/L,292.1482,3136,282.55,9.59819,U45-H1-VS2-26.05.2024,U45-H1-VS2-GGA7.5-Zn(II) 5mg-L-28052024-Q=50.7mL-phút-1
1243,GGA7.5-Zn(II)-5mg/L,292.1291,3611,282.63,9.49909,U45-H1-VS2-26.05.2024,U45-H1-VS2-GGA7.5-Zn(II) 5mg-L-28052024-Q=50.7mL-phút-1
1244,GGA7.5-Zn(II)-5mg/L,292.2345,4086,282.86,9.37455,U45-H1-VS2-26.05.2024,U45-H1-VS2-GGA7.5-Zn(II) 5mg-L-28052024-Q=50.7mL-phút-1
1245,GGA7.5-Zn(II)-5mg/L,292.0918,4558,282.84,9.25182,U45-H1-VS2-26.05.2024,U45-H1-VS2-GGA7.5-Zn(II) 5mg-L-28052024-Q=50.7mL-phút-1
1246,GGA7.5-Zn(II)-5mg/L,291.9953,5032,282.91,9.08527,U45-H1-VS2-26.05.2024,U45-H1-VS2-GGA7.5-Zn(II) 5mg-L-28052024-Q=50.7mL-phút-1
1247,GGA2.5,291.5016,301,283.58,7.92165,U45-H1-VS2-26.05.2024,U45-H1-VS2-GGA2.5-Ni(II) 5mg-L-28052024-Q=48.72mL-phút-1
1248,GGA2.5,290.9476,776,283.18,7.76765,U45-H1-VS2-26.05.2024,U45-H1-VS2-GGA2.5-Ni(II) 5mg-L-28052024-Q=48.72mL-phút-1
1249,GGA2.5,290.9709,1247,283.35,7.6209,U45-H1-VS2-26.05.2024,U45-H1-VS2-GGA2.5-Ni(II) 5mg-L-28052024-Q=48.72mL-phút-1
1250,GGA2.5,290.7418,1721,283.3,7.44183,U45-H1-VS2-26.05.2024,U45-H1-VS2-GGA2.5-Ni(II) 5mg-L-28052024-Q=48.72mL-phút-1
1251,GGA2.5,290.7187,2195,283.14,7.57872,U45-H1-VS2-26.05.2024,U45-H1-VS2-GGA2.5-Ni(II) 5mg-L-28052024-Q=48.72mL-phút-1
1252,GGA2.5-Ni(II)-5mg/L,291.0667,2640,284.41,6.65673,U45-H1-VS2-26.05.2024,U45-H1-VS2-GGA2.5-Ni(II) 5mg-L-28052024-Q=48.72mL-phút-1
1253,GGA2.5-Ni(II)-5mg/L,291.1022,3111,284.52,6.58219,U45-H1-VS2-26.05.2024,U45-H1-VS2-GGA2.5-Ni(II) 5mg-L-28052024-Q=48.72mL-phút-1
1254,GGA2.5-Ni(II)-5mg/L,291.1,3585,284.87,6.23,U45-H1-VS2-26.05.2024,U45-H1-VS2-GGA2.5-Ni(II) 5mg-L-28052024-Q=48.72mL-phút-1
1255,GGA2.5-Ni(II)-5mg/L,291.0802,4059,284.83,6.2502,U45-H1-VS2-26.05.2024,U45-H1-VS2-GGA2.5-Ni(II) 5mg-L-28052024-Q=48.72mL-phút-1
1256,GGA2.5-Ni(II)-5mg/L,291.2202,4531,285.14,6.08018,U45-H1-VS2-26.05.2024,U45-H1-VS2-GGA2.5-Ni(II) 5mg-L-28052024-Q=48.72mL-phút-1
1257,GGA2.5-Ni(II)-5mg/L,291.1875,5006,285.23,5.95749,U45-H1-VS2-26.05.2024,U45-H1-VS2-GGA2.5-Ni(II) 5mg-L-28052024-Q=48.72mL-phút-1
1258,GGA2.5-Ni(II)-5mg/L,291.4304,5479,285.6,5.83038,U45-H1-VS2-26.05.2024,U45-H1-VS2-GGA2.5-Ni(II) 5mg-L-28052024-Q=48.72mL-phút-1
1259,GGA2.5-Ni(II)-5mg/L,291.4348,5953,285.62,5.81481,U45-H1-VS2-26.05.2024,U45-H1-VS2-GGA2.5-Ni(II) 5mg-L-28052024-Q=48.72mL-phút-1
1260,GGA2.5-Ni(II)-5mg/L,291.3173,6423,285.75,5.56731,U45-H1-VS2-26.05.2024,U45-H1-VS2-GGA2.5-Ni(II) 5mg-L-28052024-Q=48.72mL-phút-1
1261,GGA7.5,59.88519,301,54.13,5.75519,U46-H2-VS2-26.05.2024,U46-H2-VS2-GGA7.5-Zn(II) 5mg-L-28052024-Q=40.2mL-phút-2
1262,GGA7.5,59.75558,784,53.9,5.85558,U46-H2-VS2-26.05.2024,U46-H2-VS2-GGA7.5-Zn(II) 5mg-L-28052024-Q=40.2mL-phút-2
1263,GGA7.5,59.37269,1250,53.48,5.89269,U46-H2-VS2-26.05.2024,U46-H2-VS2-GGA7.5-Zn(II) 5mg-L-28052024-Q=40.2mL-phút-2
1264,GGA7.5,59.30731,1721,53.1,6.20731,U46-H2-VS2-26.05.2024,U46-H2-VS2-GGA7.5-Zn(II) 5mg-L-28052024-Q=40.2mL-phút-2
1265,GGA7.5,59.3825,2188,53.54,5.8425,U46-H2-VS2-26.05.2024,U46-H2-VS2-GGA7.5-Zn(II) 5mg-L-28052024-Q=40.2mL-phút-2
1266,GGA7.5,59.19962,2671,53.04,6.15962,U46-H2-VS2-26.05.2024,U46-H2-VS2-GGA7.5-Zn(II) 5mg-L-28052024-Q=40.2mL-phút-2
1267,GGA7.5,58.88173,3140,53.31,5.57173,U46-H2-VS2-26.05.2024,U46-H2-VS2-GGA7.5-Zn(II) 5mg-L-28052024-Q=40.2mL-phút-2
1268,GGA7.5,58.6675,3617,52.64,6.0275,U46-H2-VS2-26.05.2024,U46-H2-VS2-GGA7.5-Zn(II) 5mg-L-28052024-Q=40.2mL-phút-2
1269,GGA7.5,58.72923,4099,52.35,6.37923,U46-H2-VS2-26.05.2024,U46-H2-VS2-GGA7.5-Zn(II) 5mg-L-28052024-Q=40.2mL-phút-2
1270,GGA7.5-Zn(II)-5mg/L,58.79647,4569,53.27,5.52647,U46-H2-VS2-26.05.2024,U46-H2-VS2-GGA7.5-Zn(II) 5mg-L-28052024-Q=40.2mL-phút-2
1271,GGA7.5-Zn(II)-5mg/L,58.59538,5038,53.67,4.92538,U46-H2-VS2-26.05.2024,U46-H2-VS2-GGA7.5-Zn(II) 5mg-L-28052024-Q=40.2mL-phút-2
1272,GGA7.5-Zn(II)-5mg/L,58.50731,5514,53.59,4.91731,U46-H2-VS2-26.05.2024,U46-H2-VS2-GGA7.5-Zn(II) 5mg-L-28052024-Q=40.2mL-phút-2
1273,GGA7.5-Zn(II)-5mg/L,58.33327,5987,53.52,4.81327,U46-H2-VS2-26.05.2024,U46-H2-VS2-GGA7.5-Zn(II) 5mg-L-28052024-Q=40.2mL-phút-2
1274,GGA7.5-Zn(II)-5mg/L,58.02846,6453,53.35,4.67846,U46-H2-VS2-26.05.2024,U46-H2-VS2-GGA7.5-Zn(II) 5mg-L-28052024-Q=40.2mL-phút-2
1275,GGA7.5-Zn(II)-5mg/L,57.99404,6928,53.44,4.55404,U46-H2-VS2-26.05.2024,U46-H2-VS2-GGA7.5-Zn(II) 5mg-L-28052024-Q=40.2mL-phút-2
1276,GGA7.5-Zn(II)-5mg/L,57.27,7405,52.68,4.59,U46-H2-VS2-26.05.2024,U46-H2-VS2-GGA7.5-Zn(II) 5mg-L-28052024-Q=40.2mL-phút-2
1277,GGA2.5,56.83784,301,52.24,4.59784,U46-H2-VS2-26.05.2024,U46-H2-VS2-GGA2.5-Ni(II) 15mg-L-28052024-Q=38.64mL-phút-2
1278,GGA2.5,56.95765,782,52.41,4.54765,U46-H2-VS2-26.05.2024,U46-H2-VS2-GGA2.5-Ni(II) 15mg-L-28052024-Q=38.64mL-phút-2
1279,GGA2.5,57.01769,1256,52.89,4.12769,U46-H2-VS2-26.05.2024,U46-H2-VS2-GGA2.5-Ni(II) 15mg-L-28052024-Q=38.64mL-phút-2
1280,GGA2.5,56.95038,1731,52.62,4.33038,U46-H2-VS2-26.05.2024,U46-H2-VS2-GGA2.5-Ni(II) 15mg-L-28052024-Q=38.64mL-phút-2
1281,GGA2.5,57.20942,2208,53.1,4.10942,U46-H2-VS2-26.05.2024,U46-H2-VS2-GGA2.5-Ni(II) 15mg-L-28052024-Q=38.64mL-phút-2
1282,GGA2.5,57.31308,2691,53.27,4.04308,U46-H2-VS2-26.05.2024,U46-H2-VS2-GGA2.5-Ni(II) 15mg-L-28052024-Q=38.64mL-phút-2
1283,GGA2.5,57.39942,3156,53.31,4.08942,U46-H2-VS2-26.05.2024,U46-H2-VS2-GGA2.5-Ni(II) 15mg-L-28052024-Q=38.64mL-phút-2
1284,GGA2.5,57.34192,3625,53.65,3.69192,U46-H2-VS2-26.05.2024,U46-H2-VS2-GGA2.5-Ni(II) 15mg-L-28052024-Q=38.64mL-phút-2
1285,GGA2.5,57.38192,4101,53.36,4.02192,U46-H2-VS2-26.05.2024,U46-H2-VS2-GGA2.5-Ni(II) 15mg-L-28052024-Q=38.64mL-phút-2
1286,GGA2.5-Ni(II)-15mg/L,57.02904,4576,52.93,4.09904,U46-H2-VS2-26.05.2024,U46-H2-VS2-GGA2.5-Ni(II) 15mg-L-28052024-Q=38.64mL-phút-2
1287,GGA2.5-Ni(II)-15mg/L,56.73231,5049,52.91,3.82231,U46-H2-VS2-26.05.2024,U46-H2-VS2-GGA2.5-Ni(II) 15mg-L-28052024-Q=38.64mL-phút-2
1288,GGA2.5-Ni(II)-15mg/L,56.38538,5528,53.12,3.26538,U46-H2-VS2-26.05.2024,U46-H2-VS2-GGA2.5-Ni(II) 15mg-L-28052024-Q=38.64mL-phút-2
1289,GGA2.5-Ni(II)-15mg/L,56.18731,5988,53.06,3.12731,U46-H2-VS2-26.05.2024,U46-H2-VS2-GGA2.5-Ni(II) 15mg-L-28052024-Q=38.64mL-phút-2
1290,GGA2.5-Ni(II)-15mg/L,55.92519,6455,52.96,2.96519,U46-H2-VS2-26.05.2024,U46-H2-VS2-GGA2.5-Ni(II) 15mg-L-28052024-Q=38.64mL-phút-2
1291,GGA2.5-Ni(II)-15mg/L,55.75538,6933,53.14,2.61538,U46-H2-VS2-26.05.2024,U46-H2-VS2-GGA2.5-Ni(II) 15mg-L-28052024-Q=38.64mL-phút-2
1292,GGA2.5-Ni(II)-15mg/L,55.49288,7393,52.64,2.85288,U46-H2-VS2-26.05.2024,U46-H2-VS2-GGA2.5-Ni(II) 15mg-L-28052024-Q=38.64mL-phút-2
1293,GGA12.5,289.9606,301,276.63,13.33064,U47-H1-VS2-27.05.2024,U47-H1-VS2-GGA12.5-Cr(VI) 5mg-L-29052024-Q=50.64mL-phút-2
1294,GGA12.5,289.6234,774,276.65,12.9734,U47-H1-VS2-27.05.2024,U47-H1-VS2-GGA12.5-Cr(VI) 5mg-L-29052024-Q=50.64mL-phút-2
1295,GGA12.5,289.3382,1249,276.07,13.26822,U47-H1-VS2-27.05.2024,U47-H1-VS2-GGA12.5-Cr(VI) 5mg-L-29052024-Q=50.64mL-phút-2
1296,GGA12.5,289.1553,1726,276.17,12.98531,U47-H1-VS2-27.05.2024,U47-H1-VS2-GGA12.5-Cr(VI) 5mg-L-29052024-Q=50.64mL-phút-2
1297,GGA12.5,289.0911,2201,275.4,13.69114,U47-H1-VS2-27.05.2024,U47-H1-VS2-GGA12.5-Cr(VI) 5mg-L-29052024-Q=50.64mL-phút-2
1298,GGA12.5,289.2261,2674,275.23,13.99612,U47-H1-VS2-27.05.2024,U47-H1-VS2-GGA12.5-Cr(VI) 5mg-L-29052024-Q=50.64mL-phút-2
1299,GGA12.5-Cr(VI)-5mg/L,288.9439,3145,275.34,13.60387,U47-H1-VS2-27.05.2024,U47-H1-VS2-GGA12.5-Cr(VI) 5mg-L-29052024-Q=50.64mL-phút-2
1300,GGA12.5-Cr(VI)-5mg/L,288.5884,3615,274.29,14.29838,U47-H1-VS2-27.05.2024,U47-H1-VS2-GGA12.5-Cr(VI) 5mg-L-29052024-Q=50.64mL-phút-2
1301,GGA12.5-Cr(VI)-5mg/L,288.2908,4091,274.71,13.5808,U47-H1-VS2-27.05.2024,U47-H1-VS2-GGA12.5-Cr(VI) 5mg-L-29052024-Q=50.64mL-phút-2
1302,GGA12.5-Cr(VI)-5mg/L,288.3116,4566,275.67,12.6416,U47-H1-VS2-27.05.2024,U47-H1-VS2-GGA12.5-Cr(VI) 5mg-L-29052024-Q=50.64mL-phút-2
1303,GGA12.5-Cr(VI)-5mg/L,288.2598,5039,274.83,13.42985,U47-H1-VS2-27.05.2024,U47-H1-VS2-GGA12.5-Cr(VI) 5mg-L-29052024-Q=50.64mL-phút-2
1304,GGA12.5-Cr(VI)-5mg/L,288.0981,5511,275.17,12.92805,U47-H1-VS2-27.05.2024,U47-H1-VS2-GGA12.5-Cr(VI) 5mg-L-29052024-Q=50.64mL-phút-2
1305,GGA12.5-Cr(VI)-5mg/L,287.9087,5982,275.54,12.3687,U47-H1-VS2-27.05.2024,U47-H1-VS2-GGA12.5-Cr(VI) 5mg-L-29052024-Q=50.64mL-phút-2
1306,GGA12.5-Cr(VI)-5mg/L,287.8045,6461,275.19,12.61451,U47-H1-VS2-27.05.2024,U47-H1-VS2-GGA12.5-Cr(VI) 5mg-L-29052024-Q=50.64mL-phút-2
1307,GGA12.5-Cr(VI)-5mg/L,287.71,6932,275.65,12.06001,U47-H1-VS2-27.05.2024,U47-H1-VS2-GGA12.5-Cr(VI) 5mg-L-29052024-Q=50.64mL-phút-2
1308,GGA12.5-Cr(VI)-5mg/L,287.9745,7408,275.48,12.4945,U47-H1-VS2-27.05.2024,U47-H1-VS2-GGA12.5-Cr(VI) 5mg-L-29052024-Q=50.64mL-phút-2
1309,GGA12.5-Cr(VI)-5mg/L,288.4516,7882,276.3,12.15162,U47-H1-VS2-27.05.2024,U47-H1-VS2-GGA12.5-Cr(VI) 5mg-L-29052024-Q=50.64mL-phút-2
1310,GGA2.5,287.4094,301,277.24,10.16936,U47-H1-VS2-27.05.2024,U47-H1-VS2-GGA2.5-Zn(II) 15mg-L-29052024-Q=49.04mL-phút-2
1311,GGA2.5,287.3631,775,277.3,10.06307,U47-H1-VS2-27.05.2024,U47-H1-VS2-GGA2.5-Zn(II) 15mg-L-29052024-Q=49.04mL-phút-2
1312,GGA2.5,287.2989,1247,277.18,10.1189,U47-H1-VS2-27.05.2024,U47-H1-VS2-GGA2.5-Zn(II) 15mg-L-29052024-Q=49.04mL-phút-2
1313,GGA2.5,287.4557,1721,277.3,10.15573,U47-H1-VS2-27.05.2024,U47-H1-VS2-GGA2.5-Zn(II) 15mg-L-29052024-Q=49.04mL-phút-2
1314,GGA2.5,287.6563,2196,277.78,9.87629,U47-H1-VS2-27.05.2024,U47-H1-VS2-GGA2.5-Zn(II) 15mg-L-29052024-Q=49.04mL-phút-2
1315,GGA2.5,287.7284,2667,278.08,9.6484,U47-H1-VS2-27.05.2024,U47-H1-VS2-GGA2.5-Zn(II) 15mg-L-29052024-Q=49.04mL-phút-2
1316,GGA2.5,287.136,3143,279.14,7.99602,U47-H1-VS2-27.05.2024,U47-H1-VS2-GGA2.5-Zn(II) 15mg-L-29052024-Q=49.04mL-phút-2
1317,GGA2.5-Zn(II)-15mg/L,287.2529,3614,279.5,7.7529,U47-H1-VS2-27.05.2024,U47-H1-VS2-GGA2.5-Zn(II) 15mg-L-29052024-Q=49.04mL-phút-2
1318,GGA2.5-Zn(II)-15mg/L,287.3463,4088,280.21,7.1363,U47-H1-VS2-27.05.2024,U47-H1-VS2-GGA2.5-Zn(II) 15mg-L-29052024-Q=49.04mL-phút-2
1319,GGA2.5-Zn(II)-15mg/L,287.3905,4562,280.65,6.74049,U47-H1-VS2-27.05.2024,U47-H1-VS2-GGA2.5-Zn(II) 15mg-L-29052024-Q=49.04mL-phút-2
1320,GGA2.5-Zn(II)-15mg/L,287.3789,5032,281.04,6.33886,U47-H1-VS2-27.05.2024,U47-H1-VS2-GGA2.5-Zn(II) 15mg-L-29052024-Q=49.04mL-phút-2
1321,GGA2.5-Zn(II)-15mg/L,287.4706,5510,281.48,5.99063,U47-H1-VS2-27.05.2024,U47-H1-VS2-GGA2.5-Zn(II) 15mg-L-29052024-Q=49.04mL-phút-2
1322,GGA2.5-Zn(II)-15mg/L,287.4618,5981,281.36,6.10178,U47-H1-VS2-27.05.2024,U47-H1-VS2-GGA2.5-Zn(II) 15mg-L-29052024-Q=49.04mL-phút-2
1323,GGA2.5-Zn(II)-15mg/L,287.8932,6457,282.05,5.84318,U47-H1-VS2-27.05.2024,U47-H1-VS2-GGA2.5-Zn(II) 15mg-L-29052024-Q=49.04mL-phút-2
1324,GGA12.5,58.91569,301,55.08,3.83569,U48-H2-VS2-27.05.2024,U48-H2-VS2-GGA12.5-Cr(VI) 5mg-L-29052024-Q=42.14mL-phút-3
1325,GGA12.5,58.85472,769,55.18,3.67472,U48-H2-VS2-27.05.2024,U48-H2-VS2-GGA12.5-Cr(VI) 5mg-L-29052024-Q=42.14mL-phút-3
1326,GGA12.5,58.70917,1248,54.97,3.73917,U48-H2-VS2-27.05.2024,U48-H2-VS2-GGA12.5-Cr(VI) 5mg-L-29052024-Q=42.14mL-phút-3
1327,GGA12.5,58.66194,1718,55.06,3.60194,U48-H2-VS2-27.05.2024,U48-H2-VS2-GGA12.5-Cr(VI) 5mg-L-29052024-Q=42.14mL-phút-3
1328,GGA12.5,58.45889,2193,55.14,3.31889,U48-H2-VS2-27.05.2024,U48-H2-VS2-GGA12.5-Cr(VI) 5mg-L-29052024-Q=42.14mL-phút-3
1329,GGA12.5,58.22903,2665,54.81,3.41903,U48-H2-VS2-27.05.2024,U48-H2-VS2-GGA12.5-Cr(VI) 5mg-L-29052024-Q=42.14mL-phút-3
1330,GGA12.5,58.28861,3140,54.7,3.58861,U48-H2-VS2-27.05.2024,U48-H2-VS2-GGA12.5-Cr(VI) 5mg-L-29052024-Q=42.14mL-phút-3
1331,GGA12.5-Cr(VI)-5mg/L,58.20931,3616,54.74,3.46931,U48-H2-VS2-27.05.2024,U48-H2-VS2-GGA12.5-Cr(VI) 5mg-L-29052024-Q=42.14mL-phút-3
1332,GGA12.5-Cr(VI)-5mg/L,57.91167,4087,54.57,3.34167,U48-H2-VS2-27.05.2024,U48-H2-VS2-GGA12.5-Cr(VI) 5mg-L-29052024-Q=42.14mL-phút-3
1333,GGA12.5-Cr(VI)-5mg/L,57.74042,4557,54.41,3.33042,U48-H2-VS2-27.05.2024,U48-H2-VS2-GGA12.5-Cr(VI) 5mg-L-29052024-Q=42.14mL-phút-3
1334,GGA12.5-Cr(VI)-5mg/L,58.13194,5033,54.26,3.87194,U48-H2-VS2-27.05.2024,U48-H2-VS2-GGA12.5-Cr(VI) 5mg-L-29052024-Q=42.14mL-phút-3
1335,GGA12.5-Cr(VI)-5mg/L,57.47056,5503,53.67,3.80056,U48-H2-VS2-27.05.2024,U48-H2-VS2-GGA12.5-Cr(VI) 5mg-L-29052024-Q=42.14mL-phút-3
1336,GGA12.5-Cr(VI)-5mg/L,56.75264,5982,53.25,3.50264,U48-H2-VS2-27.05.2024,U48-H2-VS2-GGA12.5-Cr(VI) 5mg-L-29052024-Q=42.14mL-phút-3
1337,GGA12.5-Cr(VI)-5mg/L,56.43845,6452,53.08,3.35845,U48-H2-VS2-27.05.2024,U48-H2-VS2-GGA12.5-Cr(VI) 5mg-L-29052024-Q=42.14mL-phút-3
1338,GGA12.5-Cr(VI)-5mg/L,56.08194,6934,53.02,3.06194,U48-H2-VS2-27.05.2024,U48-H2-VS2-GGA12.5-Cr(VI) 5mg-L-29052024-Q=42.14mL-phút-3
1339,GGA12.5-Cr(VI)-5mg/L,55.69861,7401,52.43,3.26861,U48-H2-VS2-27.05.2024,U48-H2-VS2-GGA12.5-Cr(VI) 5mg-L-29052024-Q=42.14mL-phút-3
1340,GGA12.5-Cr(VI)-5mg/L,55.29903,7872,52.3,2.99903,U48-H2-VS2-27.05.2024,U48-H2-VS2-GGA12.5-Cr(VI) 5mg-L-29052024-Q=42.14mL-phút-3
1341,GGA12.5-Cr(VI)-5mg/L,54.87208,8344,51.91,2.96208,U48-H2-VS2-27.05.2024,U48-H2-VS2-GGA12.5-Cr(VI) 5mg-L-29052024-Q=42.14mL-phút-3
1342,GGA12.5-Cr(VI)-5mg/L,54.55458,8821,51.82,2.73458,U48-H2-VS2-27.05.2024,U48-H2-VS2-GGA12.5-Cr(VI) 5mg-L-29052024-Q=42.14mL-phút-3
1343,GGA12.5-Cr(VI)-5mg/L,54.29676,9296,51.48,2.81676,U48-H2-VS2-27.05.2024,U48-H2-VS2-GGA12.5-Cr(VI) 5mg-L-29052024-Q=42.14mL-phút-3
1344,GGA12.5-Cr(VI)-5mg/L,54.03264,9774,51.46,2.57264,U48-H2-VS2-27.05.2024,U48-H2-VS2-GGA12.5-Cr(VI) 5mg-L-29052024-Q=42.14mL-phút-3
1345,GGA15,54.21347,301,50.9,3.31347,U48-H2-VS2-27.05.2024,U48-H2-VS2-GGA15-Ni(II) 15mg-L-29052024-Q=38.84mL-phút-2
1346,GGA15,54.13958,772,50.96,3.17958,U48-H2-VS2-27.05.2024,U48-H2-VS2-GGA15-Ni(II) 15mg-L-29052024-Q=38.84mL-phút-2
1347,GGA15,54.12111,1243,50.96,3.16111,U48-H2-VS2-27.05.2024,U48-H2-VS2-GGA15-Ni(II) 15mg-L-29052024-Q=38.84mL-phút-2
1348,GGA15,54.12611,1720,50.85,3.27611,U48-H2-VS2-27.05.2024,U48-H2-VS2-GGA15-Ni(II) 15mg-L-29052024-Q=38.84mL-phút-2
1349,GGA15,54.1,2191,50.9,3.2,U48-H2-VS2-27.05.2024,U48-H2-VS2-GGA15-Ni(II) 15mg-L-29052024-Q=38.84mL-phút-2
1350,GGA15,54.06944,2667,50.83,3.23944,U48-H2-VS2-27.05.2024,U48-H2-VS2-GGA15-Ni(II) 15mg-L-29052024-Q=38.84mL-phút-2
1351,GGA15-Ni(II)-15mg/L,53.75708,3138,50.5,3.25708,U48-H2-VS2-27.05.2024,U48-H2-VS2-GGA15-Ni(II) 15mg-L-29052024-Q=38.84mL-phút-2
1352,GGA15-Ni(II)-15mg/L,53.75056,3616,51.0,2.75056,U48-H2-VS2-27.05.2024,U48-H2-VS2-GGA15-Ni(II) 15mg-L-29052024-Q=38.84mL-phút-2
1353,GGA15-Ni(II)-15mg/L,53.41917,4085,51.11,2.30917,U48-H2-VS2-27.05.2024,U48-H2-VS2-GGA15-Ni(II) 15mg-L-29052024-Q=38.84mL-phút-2
1354,GGA15-Ni(II)-15mg/L,53.19,4557,50.92,2.27,U48-H2-VS2-27.05.2024,U48-H2-VS2-GGA15-Ni(II) 15mg-L-29052024-Q=38.84mL-phút-2
1355,GGA15-Ni(II)-15mg/L,53.04194,5035,50.71,2.33194,U48-H2-VS2-27.05.2024,U48-H2-VS2-GGA15-Ni(II) 15mg-L-29052024-Q=38.84mL-phút-2
1356,GGA15-Ni(II)-15mg/L,52.90236,5511,50.79,2.11236,U48-H2-VS2-27.05.2024,U48-H2-VS2-GGA15-Ni(II) 15mg-L-29052024-Q=38.84mL-phút-2
1357,GGA7.5,292.787,302,277.03,15.75696,U49-H1-VS2-28.05.2024,U49-H1-VS2-GGA7.5-Zn(II) 5mg-L-30052024-Q=51.84mL-phút-3
1358,GGA7.5,293.3145,776,277.89,15.42445,U49-H1-VS2-28.05.2024,U49-H1-VS2-GGA7.5-Zn(II) 5mg-L-30052024-Q=51.84mL-phút-3
1359,GGA7.5,293.5302,1247,278.26,15.27017,U49-H1-VS2-28.05.2024,U49-H1-VS2-GGA7.5-Zn(II) 5mg-L-30052024-Q=51.84mL-phút-3
1360,GGA7.5,293.6418,1722,277.97,15.67179,U49-H1-VS2-28.05.2024,U49-H1-VS2-GGA7.5-Zn(II) 5mg-L-30052024-Q=51.84mL-phút-3
1361,GGA7.5,293.7107,2196,277.47,16.24071,U49-H1-VS2-28.05.2024,U49-H1-VS2-GGA7.5-Zn(II) 5mg-L-30052024-Q=51.84mL-phút-3
1362,GGA7.5,293.5688,2668,277.22,16.34875,U49-H1-VS2-28.05.2024,U49-H1-VS2-GGA7.5-Zn(II) 5mg-L-30052024-Q=51.84mL-phút-3
1363,GGA7.5-Zn(II)-5mg/L,292.8236,3142,277.74,15.08365,U49-H1-VS2-28.05.2024,U49-H1-VS2-GGA7.5-Zn(II) 5mg-L-30052024-Q=51.84mL-phút-3
1364,GGA7.5-Zn(II)-5mg/L,292.6173,3612,278.89,13.72731,U49-H1-VS2-28.05.2024,U49-H1-VS2-GGA7.5-Zn(II) 5mg-L-30052024-Q=51.84mL-phút-3
1365,GGA7.5-Zn(II)-5mg/L,292.3482,4088,278.7,13.6482,U49-H1-VS2-28.05.2024,U49-H1-VS2-GGA7.5-Zn(II) 5mg-L-30052024-Q=51.84mL-phút-3
1366,GGA7.5-Zn(II)-5mg/L,292.2602,4559,278.85,13.41017,U49-H1-VS2-28.05.2024,U49-H1-VS2-GGA7.5-Zn(II) 5mg-L-30052024-Q=51.84mL-phút-3
1367,GGA7.5-Zn(II)-5mg/L,292.1482,5036,278.85,13.2982,U49-H1-VS2-28.05.2024,U49-H1-VS2-GGA7.5-Zn(II) 5mg-L-30052024-Q=51.84mL-phút-3
1368,GGA7.5-Zn(II)-5mg/L,292.0918,5508,279.25,12.84178,U49-H1-VS2-28.05.2024,U49-H1-VS2-GGA7.5-Zn(II) 5mg-L-30052024-Q=51.84mL-phút-3
1369,GGA7.5-Zn(II)-5mg/L,292.0502,5981,278.95,13.10017,U49-H1-VS2-28.05.2024,U49-H1-VS2-GGA7.5-Zn(II) 5mg-L-30052024-Q=51.84mL-phút-3
1370,GGA7.5-Zn(II)-5mg/L,292.425,6453,279.27,13.15501,U49-H1-VS2-28.05.2024,U49-H1-VS2-GGA7.5-Zn(II) 5mg-L-30052024-Q=51.84mL-phút-3
1371,GGA7.5-Zn(II)-5mg/L,292.3878,6925,278.7,13.68781,U49-H1-VS2-28.05.2024,U49-H1-VS2-GGA7.5-Zn(II) 5mg-L-30052024-Q=51.84mL-phút-3
1372,GGA5,292.6623,303,280.27,12.39233,U49-H1-VS2-28.05.2024,U49-H1-VS2-GGA5-Ni(II) 15mg-L-30052024-Q=50.28mL-phút-1
1373,GGA5,292.6979,775,280.31,12.38785,U49-H1-VS2-28.05.2024,U49-H1-VS2-GGA5-Ni(II) 15mg-L-30052024-Q=50.28mL-phút-1
1374,GGA5,292.6755,1249,280.21,12.46554,U49-H1-VS2-28.05.2024,U49-H1-VS2-GGA5-Ni(II) 15mg-L-30052024-Q=50.28mL-phút-1
1375,GGA5,292.8186,1723,280.38,12.43857,U49-H1-VS2-28.05.2024,U49-H1-VS2-GGA5-Ni(II) 15mg-L-30052024-Q=50.28mL-phút-1
1376,GGA5,293.1418,2195,280.17,12.97178,U49-H1-VS2-28.05.2024,U49-H1-VS2-GGA5-Ni(II) 15mg-L-30052024-Q=50.28mL-phút-1
1377,GGA5,293.2573,2669,280.86,12.39733,U49-H1-VS2-28.05.2024,U49-H1-VS2-GGA5-Ni(II) 15mg-L-30052024-Q=50.28mL-phút-1
1378,GGA5-Ni(II)-15mg/L,292.8873,3141,281.3,11.58733,U49-H1-VS2-28.05.2024,U49-H1-VS2-GGA5-Ni(II) 15mg-L-30052024-Q=50.28mL-phút-1
1379,GGA5-Ni(II)-15mg/L,292.7196,3615,281.21,11.50965,U49-H1-VS2-28.05.2024,U49-H1-VS2-GGA5-Ni(II) 15mg-L-30052024-Q=50.28mL-phút-1
1380,GGA5-Ni(II)-15mg/L,292.4068,4089,280.69,11.71679,U49-H1-VS2-28.05.2024,U49-H1-VS2-GGA5-Ni(II) 15mg-L-30052024-Q=50.28mL-phút-1
1381,GGA5-Ni(II)-15mg/L,292.5859,4564,281.63,10.95589,U49-H1-VS2-28.05.2024,U49-H1-VS2-GGA5-Ni(II) 15mg-L-30052024-Q=50.28mL-phút-1
1382,GGA5-Ni(II)-15mg/L,292.6091,5037,281.96,10.64912,U49-H1-VS2-28.05.2024,U49-H1-VS2-GGA5-Ni(II) 15mg-L-30052024-Q=50.28mL-phút-1
1383,GGA5-Ni(II)-15mg/L,292.6609,5509,281.9,10.7609,U49-H1-VS2-28.05.2024,U49-H1-VS2-GGA5-Ni(II) 15mg-L-30052024-Q=50.28mL-phút-1
1384,GGA5-Ni(II)-15mg/L,292.6004,5984,282.68,9.92037,U49-H1-VS2-28.05.2024,U49-H1-VS2-GGA5-Ni(II) 15mg-L-30052024-Q=50.28mL-phút-1
1385,GGA5-Ni(II)-15mg/L,292.4979,6459,281.78,10.71786,U49-H1-VS2-28.05.2024,U49-H1-VS2-GGA5-Ni(II) 15mg-L-30052024-Q=50.28mL-phút-1
1386,GGA7.5,57.13191,301,53.19,3.94191,U50-H2-VS2-28.05.2024,U50-H2-VS2-GGA7.5-Zn(II) 10mg-L-30052024-Q=41.76mL-phút-3
1387,GGA7.5,57.12588,775,53.46,3.66588,U50-H2-VS2-28.05.2024,U50-H2-VS2-GGA7.5-Zn(II) 10mg-L-30052024-Q=41.76mL-phút-3
1388,GGA7.5,57.06853,1242,53.4,3.66853,U50-H2-VS2-28.05.2024,U50-H2-VS2-GGA7.5-Zn(II) 10mg-L-30052024-Q=41.76mL-phút-3
1389,GGA7.5,56.96132,1717,53.5,3.46132,U50-H2-VS2-28.05.2024,U50-H2-VS2-GGA7.5-Zn(II) 10mg-L-30052024-Q=41.76mL-phút-3
1390,GGA7.5,56.92235,2193,53.38,3.54235,U50-H2-VS2-28.05.2024,U50-H2-VS2-GGA7.5-Zn(II) 10mg-L-30052024-Q=41.76mL-phút-3
1391,GGA7.5,56.94074,2673,53.46,3.48074,U50-H2-VS2-28.05.2024,U50-H2-VS2-GGA7.5-Zn(II) 10mg-L-30052024-Q=41.76mL-phút-3
1392,GGA7.5-Zn(II)-10mg/L,57.10574,3144,53.88,3.22574,U50-H2-VS2-28.05.2024,U50-H2-VS2-GGA7.5-Zn(II) 10mg-L-30052024-Q=41.76mL-phút-3
1393,GGA7.5-Zn(II)-10mg/L,57.0,3612,54.41,2.59,U50-H2-VS2-28.05.2024,U50-H2-VS2-GGA7.5-Zn(II) 10mg-L-30052024-Q=41.76mL-phút-3
1394,GGA7.5-Zn(II)-10mg/L,56.91691,4098,54.49,2.42691,U50-H2-VS2-28.05.2024,U50-H2-VS2-GGA7.5-Zn(II) 10mg-L-30052024-Q=41.76mL-phút-3
1395,GGA7.5-Zn(II)-10mg/L,58.30456,4565,55.5,2.80456,U50-H2-VS2-28.05.2024,U50-H2-VS2-GGA7.5-Zn(II) 10mg-L-30052024-Q=41.76mL-phút-3
1396,GGA7.5-Zn(II)-10mg/L,58.47971,5040,55.92,2.55971,U50-H2-VS2-28.05.2024,U50-H2-VS2-GGA7.5-Zn(II) 10mg-L-30052024-Q=41.76mL-phút-3
1397,GGA7.5-Zn(II)-10mg/L,58.5625,5507,55.69,2.8725,U50-H2-VS2-28.05.2024,U50-H2-VS2-GGA7.5-Zn(II) 10mg-L-30052024-Q=41.76mL-phút-3
1398,GGA5,295.1264,301,280.84,14.28644,U51-H1-VS2-29.05.2024,U51-H1-VS2-GGA5-Ni(II) 10mg-L-31052024-Q=49.58mL-phút-1
1399,GGA5,294.8787,773,280.48,14.39864,U51-H1-VS2-29.05.2024,U51-H1-VS2-GGA5-Ni(II) 10mg-L-31052024-Q=49.58mL-phút-1
1400,GGA5,294.8485,1245,280.96,13.88849,U51-H1-VS2-29.05.2024,U51-H1-VS2-GGA5-Ni(II) 10mg-L-31052024-Q=49.58mL-phút-1
1401,GGA5,294.578,1723,280.48,14.09796,U51-H1-VS2-29.05.2024,U51-H1-VS2-GGA5-Ni(II) 10mg-L-31052024-Q=49.58mL-phút-1
1402,GGA5,294.4048,2195,280.27,14.13476,U51-H1-VS2-29.05.2024,U51-H1-VS2-GGA5-Ni(II) 10mg-L-31052024-Q=49.58mL-phút-1
1403,GGA5,294.3173,2669,280.46,13.8573,U51-H1-VS2-29.05.2024,U51-H1-VS2-GGA5-Ni(II) 10mg-L-31052024-Q=49.58mL-phút-1
1404,GGA5-Ni(II)-10mg/L,294.0353,3141,278.7,15.33525,U51-H1-VS2-29.05.2024,U51-H1-VS2-GGA5-Ni(II) 10mg-L-31052024-Q=49.58mL-phút-1
1405,GGA5-Ni(II)-10mg/L,293.102,3615,280.67,12.43202,U51-H1-VS2-29.05.2024,U51-H1-VS2-GGA5-Ni(II) 10mg-L-31052024-Q=49.58mL-phút-1
1406,GGA5-Ni(II)-10mg/L,293.087,4088,281.99,11.09696,U51-H1-VS2-29.05.2024,U51-H1-VS2-GGA5-Ni(II) 10mg-L-31052024-Q=49.58mL-phút-1
1407,GGA5-Ni(II)-10mg/L,292.9932,4560,282.36,10.63323,U51-H1-VS2-29.05.2024,U51-H1-VS2-GGA5-Ni(II) 10mg-L-31052024-Q=49.58mL-phút-1
1408,GGA5-Ni(II)-10mg/L,292.8793,5034,282.68,10.19933,U51-H1-VS2-29.05.2024,U51-H1-VS2-GGA5-Ni(II) 10mg-L-31052024-Q=49.58mL-phút-1
1409,GGA5-Ni(II)-10mg/L,292.5683,5507,282.49,10.07831,U51-H1-VS2-29.05.2024,U51-H1-VS2-GGA5-Ni(II) 10mg-L-31052024-Q=49.58mL-phút-1
1410,GGA5-Ni(II)-10mg/L,292.5324,5980,282.7,9.83236,U51-H1-VS2-29.05.2024,U51-H1-VS2-GGA5-Ni(II) 10mg-L-31052024-Q=49.58mL-phút-1
1411,GGA5-Ni(II)-10mg/L,292.5353,6455,282.91,9.62526,U51-H1-VS2-29.05.2024,U51-H1-VS2-GGA5-Ni(II) 10mg-L-31052024-Q=49.58mL-phút-1
1412,GGA5-Ni(II)-10mg/L,292.4654,6926,283.24,9.22543,U51-H1-VS2-29.05.2024,U51-H1-VS2-GGA5-Ni(II) 10mg-L-31052024-Q=49.58mL-phút-1
1413,GGA5-Ni(II)-10mg/L,292.3488,7403,283.64,8.70882,U51-H1-VS2-29.05.2024,U51-H1-VS2-GGA5-Ni(II) 10mg-L-31052024-Q=49.58mL-phút-1
1414,GGA5-Ni(II)-10mg/L,292.4643,7874,283.24,9.22435,U51-H1-VS2-29.05.2024,U51-H1-VS2-GGA5-Ni(II) 10mg-L-31052024-Q=49.58mL-phút-1
1415,GGA7.5,294.4544,301,284.22,10.23435,U51-H1-VS2-29.05.2024,U51-H1-VS2-GGA7.5-Zn(II) 15mg-L-31052024-Q=51.44mL-phút-3
1416,GGA7.5,294.6504,775,283.93,10.72044,U51-H1-VS2-29.05.2024,U51-H1-VS2-GGA7.5-Zn(II) 15mg-L-31052024-Q=51.44mL-phút-3
1417,GGA7.5,294.698,1248,284.16,10.53803,U51-H1-VS2-29.05.2024,U51-H1-VS2-GGA7.5-Zn(II) 15mg-L-31052024-Q=51.44mL-phút-3
1418,GGA7.5,294.7394,1720,283.66,11.07935,U51-H1-VS2-29.05.2024,U51-H1-VS2-GGA7.5-Zn(II) 15mg-L-31052024-Q=51.44mL-phút-3
1419,GGA7.5,294.954,2194,283.87,11.08403,U51-H1-VS2-29.05.2024,U51-H1-VS2-GGA7.5-Zn(II) 15mg-L-31052024-Q=51.44mL-phút-3
1420,GGA7.5,294.5041,2668,283.72,10.7841,U51-H1-VS2-29.05.2024,U51-H1-VS2-GGA7.5-Zn(II) 15mg-L-31052024-Q=51.44mL-phút-3
1421,GGA7.5-Zn(II)-15mg/L,294.9597,3144,285.14,9.81966,U51-H1-VS2-29.05.2024,U51-H1-VS2-GGA7.5-Zn(II) 15mg-L-31052024-Q=51.44mL-phút-3
1422,GGA7.5-Zn(II)-15mg/L,294.9128,3616,285.85,9.06278,U51-H1-VS2-29.05.2024,U51-H1-VS2-GGA7.5-Zn(II) 15mg-L-31052024-Q=51.44mL-phút-3
1423,GGA7.5-Zn(II)-15mg/L,294.8507,4092,285.79,9.06064,U51-H1-VS2-29.05.2024,U51-H1-VS2-GGA7.5-Zn(II) 15mg-L-31052024-Q=51.44mL-phút-3
1424,GGA7.5-Zn(II)-15mg/L,294.7205,4565,286.02,8.7005,U51-H1-VS2-29.05.2024,U51-H1-VS2-GGA7.5-Zn(II) 15mg-L-31052024-Q=51.44mL-phút-3
1425,GGA7.5-Zn(II)-15mg/L,294.6407,5035,286.34,8.30066,U51-H1-VS2-29.05.2024,U51-H1-VS2-GGA7.5-Zn(II) 15mg-L-31052024-Q=51.44mL-phút-3
1426,GGA7.5-Zn(II)-15mg/L,294.4343,5510,286.15,8.28427,U51-H1-VS2-29.05.2024,U51-H1-VS2-GGA7.5-Zn(II) 15mg-L-31052024-Q=51.44mL-phút-3
1427,GGA7.5-Zn(II)-15mg/L,294.2515,5984,286.23,8.02146,U51-H1-VS2-29.05.2024,U51-H1-VS2-GGA7.5-Zn(II) 15mg-L-31052024-Q=51.44mL-phút-3
1428,GGA7.5-Zn(II)-15mg/L,293.902,6456,286.25,7.65197,U51-H1-VS2-29.05.2024,U51-H1-VS2-GGA7.5-Zn(II) 15mg-L-31052024-Q=51.44mL-phút-3
1429,GGA7.5-Zn(II)-15mg/L,293.5236,6932,286.19,7.3336,U51-H1-VS2-29.05.2024,U51-H1-VS2-GGA7.5-Zn(II) 15mg-L-31052024-Q=51.44mL-phút-3
1430,GGA5,58.39458,301,51.38,7.01458,"U52-H2,3-VS2-28.05.2024",U52-H2-VS2-GGA5-Ni(II) 10mg-L-31052024-Q=40.32mL-phút-2
1431,GGA5,58.26508,773,51.49,6.77508,"U52-H2,3-VS2-28.05.2024",U52-H2-VS2-GGA5-Ni(II) 10mg-L-31052024-Q=40.32mL-phút-2
1432,GGA5,58.10051,1246,51.09,7.01051,"U52-H2,3-VS2-28.05.2024",U52-H2-VS2-GGA5-Ni(II) 10mg-L-31052024-Q=40.32mL-phút-2
1433,GGA5,58.03305,1717,51.06,6.97305,"U52-H2,3-VS2-28.05.2024",U52-H2-VS2-GGA5-Ni(II) 10mg-L-31052024-Q=40.32mL-phút-2
1434,GGA5,58.01271,2192,51.21,6.80271,"U52-H2,3-VS2-28.05.2024",U52-H2-VS2-GGA5-Ni(II) 10mg-L-31052024-Q=40.32mL-phút-2
1435,GGA5,57.84203,2669,50.9,6.94203,"U52-H2,3-VS2-28.05.2024",U52-H2-VS2-GGA5-Ni(II) 10mg-L-31052024-Q=40.32mL-phút-2
1436,GGA5-Ni(II)-10mg/L,57.53373,3139,51.27,6.26373,"U52-H2,3-VS2-28.05.2024",U52-H2-VS2-GGA5-Ni(II) 10mg-L-31052024-Q=40.32mL-phút-2
1437,GGA5-Ni(II)-10mg/L,57.6239,3612,51.63,5.9939,"U52-H2,3-VS2-28.05.2024",U52-H2-VS2-GGA5-Ni(II) 10mg-L-31052024-Q=40.32mL-phút-2
1438,GGA5-Ni(II)-10mg/L,57.46458,4093,52.32,5.14458,"U52-H2,3-VS2-28.05.2024",U52-H2-VS2-GGA5-Ni(II) 10mg-L-31052024-Q=40.32mL-phút-2
1439,GGA5-Ni(II)-10mg/L,57.35475,4555,52.01,5.34475,"U52-H2,3-VS2-28.05.2024",U52-H2-VS2-GGA5-Ni(II) 10mg-L-31052024-Q=40.32mL-phút-2
1440,GGA5-Ni(II)-10mg/L,57.17136,5034,52.32,4.85136,"U52-H2,3-VS2-28.05.2024",U52-H2-VS2-GGA5-Ni(II) 10mg-L-31052024-Q=40.32mL-phút-2
1441,GGA5-Ni(II)-10mg/L,56.92915,5509,52.47,4.45915,"U52-H2,3-VS2-28.05.2024",U52-H2-VS2-GGA5-Ni(II) 10mg-L-31052024-Q=40.32mL-phút-2
1442,GGA5-Ni(II)-10mg/L,56.79831,5977,52.6,4.19831,"U52-H2,3-VS2-28.05.2024",U52-H2-VS2-GGA5-Ni(II) 10mg-L-31052024-Q=40.32mL-phút-2
1443,GGA5-Ni(II)-10mg/L,56.80051,6453,52.58,4.22051,"U52-H2,3-VS2-28.05.2024",U52-H2-VS2-GGA5-Ni(II) 10mg-L-31052024-Q=40.32mL-phút-2
1444,GGA10,307.4714,301,274.3,33.17142,"U52-H2,3-VS2-28.05.2024",U52-H3-VS2-GGA10-Zn(II) 10mg-L-31052024-Q=40.8mL-phút-4
1445,GGA10,307.7369,775,273.4,34.3369,"U52-H2,3-VS2-28.05.2024",U52-H3-VS2-GGA10-Zn(II) 10mg-L-31052024-Q=40.8mL-phút-4
1446,GGA10,307.7119,1249,273.9,33.81191,"U52-H2,3-VS2-28.05.2024",U52-H3-VS2-GGA10-Zn(II) 10mg-L-31052024-Q=40.8mL-phút-4
1447,GGA10,306.2417,1723,272.2,34.04168,"U52-H2,3-VS2-28.05.2024",U52-H3-VS2-GGA10-Zn(II) 10mg-L-31052024-Q=40.8mL-phút-4
1448,GGA10,305.3357,2196,270.6,34.73572,"U52-H2,3-VS2-28.05.2024",U52-H3-VS2-GGA10-Zn(II) 10mg-L-31052024-Q=40.8mL-phút-4
1449,GGA10-Zn(II)-10mg/L,300.4083,2675,271.9,28.50833,"U52-H2,3-VS2-28.05.2024",U52-H3-VS2-GGA10-Zn(II) 10mg-L-31052024-Q=40.8mL-phút-4
1450,GGA10-Zn(II)-10mg/L,300.4476,3148,272.1,28.34762,"U52-H2,3-VS2-28.05.2024",U52-H3-VS2-GGA10-Zn(II) 10mg-L-31052024-Q=40.8mL-phút-4
1451,GGA10-Zn(II)-10mg/L,300.2762,3622,270.3,29.97619,"U52-H2,3-VS2-28.05.2024",U52-H3-VS2-GGA10-Zn(II) 10mg-L-31052024-Q=40.8mL-phút-4
1452,GGA10-Zn(II)-10mg/L,297.0356,4095,269.0,28.0356,"U52-H2,3-VS2-28.05.2024",U52-H3-VS2-GGA10-Zn(II) 10mg-L-31052024-Q=40.8mL-phút-4
1453,GGA10-Zn(II)-10mg/L,296.4797,4567,268.4,28.07965,"U52-H2,3-VS2-28.05.2024",U52-H3-VS2-GGA10-Zn(II) 10mg-L-31052024-Q=40.8mL-phút-4
1454,GGA10-Zn(II)-10mg/L,297.0638,5043,270.3,26.76379,"U52-H2,3-VS2-28.05.2024",U52-H3-VS2-GGA10-Zn(II) 10mg-L-31052024-Q=40.8mL-phút-4
1455,GGA10-Zn(II)-10mg/L,296.4932,5518,270.6,25.89323,"U52-H2,3-VS2-28.05.2024",U52-H3-VS2-GGA10-Zn(II) 10mg-L-31052024-Q=40.8mL-phút-4
1456,GGA10-Zn(II)-10mg/L,295.4949,5990,269.6,25.89492,"U52-H2,3-VS2-28.05.2024",U52-H3-VS2-GGA10-Zn(II) 10mg-L-31052024-Q=40.8mL-phút-4
1457,GGA10-Zn(II)-10mg/L,294.0845,6461,268.1,25.98449,"U52-H2,3-VS2-28.05.2024",U52-H3-VS2-GGA10-Zn(II) 10mg-L-31052024-Q=40.8mL-phút-4
1458,GGA15,294.3786,301,280.77,13.60856,U53-H1-30.05.2024,U53-H1-VS2-GGA15-Ni(II) 5mg-L-03062024-Q=52.22mL-phút-2
1459,GGA15,294.2467,774,280.48,13.76666,U53-H1-30.05.2024,U53-H1-VS2-GGA15-Ni(II) 5mg-L-03062024-Q=52.22mL-phút-2
1460,GGA15,294.0804,1247,279.77,14.31042,U53-H1-30.05.2024,U53-H1-VS2-GGA15-Ni(II) 5mg-L-03062024-Q=52.22mL-phút-2
1461,GGA15,293.8848,1721,279.75,14.13479,U53-H1-30.05.2024,U53-H1-VS2-GGA15-Ni(II) 5mg-L-03062024-Q=52.22mL-phút-2
1462,GGA15,294.0196,2193,278.47,15.54958,U53-H1-30.05.2024,U53-H1-VS2-GGA15-Ni(II) 5mg-L-03062024-Q=52.22mL-phút-2
1463,GGA15,294.1467,2668,278.64,15.50666,U53-H1-30.05.2024,U53-H1-VS2-GGA15-Ni(II) 5mg-L-03062024-Q=52.22mL-phút-2
1464,GGA15-Ni(II)-5mg/L,293.8456,3145,282.2,11.64561,U53-H1-30.05.2024,U53-H1-VS2-GGA15-Ni(II) 5mg-L-03062024-Q=52.22mL-phút-2
1465,GGA15-Ni(II)-5mg/L,293.495,3619,282.22,11.275,U53-H1-30.05.2024,U53-H1-VS2-GGA15-Ni(II) 5mg-L-03062024-Q=52.22mL-phút-2
1466,GGA15-Ni(II)-5mg/L,293.4327,4093,282.66,10.77271,U53-H1-30.05.2024,U53-H1-VS2-GGA15-Ni(II) 5mg-L-03062024-Q=52.22mL-phút-2
1467,GGA15-Ni(II)-5mg/L,293.7923,4565,282.95,10.84228,U53-H1-30.05.2024,U53-H1-VS2-GGA15-Ni(II) 5mg-L-03062024-Q=52.22mL-phút-2
1468,GGA15-Ni(II)-5mg/L,293.7517,5040,282.86,10.89168,U53-H1-30.05.2024,U53-H1-VS2-GGA15-Ni(II) 5mg-L-03062024-Q=52.22mL-phút-2
1469,GGA15-Ni(II)-5mg/L,293.7977,5513,282.99,10.80771,U53-H1-30.05.2024,U53-H1-VS2-GGA15-Ni(II) 5mg-L-03062024-Q=52.22mL-phút-2
1470,GGA15-Ni(II)-5mg/L,293.7842,5988,282.86,10.92417,U53-H1-30.05.2024,U53-H1-VS2-GGA15-Ni(II) 5mg-L-03062024-Q=52.22mL-phút-2
1471,GGA10,293.1179,301,281.02,12.09788,U53-H1-30.05.2024,U53-H1-VS2-GGA10-Zn(II) 5mg-L-03062024-Q=50.54mL-phút-5
1472,GGA10,293.235,774,281.15,12.08501,U53-H1-30.05.2024,U53-H1-VS2-GGA10-Zn(II) 5mg-L-03062024-Q=50.54mL-phút-5
1473,GGA10,293.1688,1248,280.56,12.60875,U53-H1-30.05.2024,U53-H1-VS2-GGA10-Zn(II) 5mg-L-03062024-Q=50.54mL-phút-5
1474,GGA10,293.0756,1719,280.54,12.53561,U53-H1-30.05.2024,U53-H1-VS2-GGA10-Zn(II) 5mg-L-03062024-Q=50.54mL-phút-5
1475,GGA10,293.2338,2194,280.71,12.52376,U53-H1-30.05.2024,U53-H1-VS2-GGA10-Zn(II) 5mg-L-03062024-Q=50.54mL-phút-5
1476,GGA10,293.1669,2668,280.5,12.66688,U53-H1-30.05.2024,U53-H1-VS2-GGA10-Zn(II) 5mg-L-03062024-Q=50.54mL-phút-5
1477,GGA10-Zn(II)-5mg/L,292.6233,3140,280.19,12.43333,U53-H1-30.05.2024,U53-H1-VS2-GGA10-Zn(II) 5mg-L-03062024-Q=50.54mL-phút-5
1478,GGA10-Zn(II)-5mg/L,292.4427,3614,280.63,11.81271,U53-H1-30.05.2024,U53-H1-VS2-GGA10-Zn(II) 5mg-L-03062024-Q=50.54mL-phút-5
1479,GGA10-Zn(II)-5mg/L,292.299,4088,281.13,11.16896,U53-H1-30.05.2024,U53-H1-VS2-GGA10-Zn(II) 5mg-L-03062024-Q=50.54mL-phút-5
1480,GGA10-Zn(II)-5mg/L,291.9956,4560,280.44,11.55562,U53-H1-30.05.2024,U53-H1-VS2-GGA10-Zn(II) 5mg-L-03062024-Q=50.54mL-phút-5
1481,GGA10-Zn(II)-5mg/L,291.6856,5035,280.4,11.28564,U53-H1-30.05.2024,U53-H1-VS2-GGA10-Zn(II) 5mg-L-03062024-Q=50.54mL-phút-5
1482,GGA10-Zn(II)-5mg/L,292.0002,5507,280.58,11.42022,U53-H1-30.05.2024,U53-H1-VS2-GGA10-Zn(II) 5mg-L-03062024-Q=50.54mL-phút-5
1483,GGA10-Zn(II)-5mg/L,291.9375,5983,280.44,11.4975,U53-H1-30.05.2024,U53-H1-VS2-GGA10-Zn(II) 5mg-L-03062024-Q=50.54mL-phút-5
1484,GGA7.5,318.0958,303,291.0,27.09582,U54-H3-VS2-31.05.2024,U54-H3-VS2-GGA7.5-Ni(II) 10mg-L-03062024-Q=49.6mL-phút-3
1485,GGA7.5,317.2125,774,291.4,25.81251,U54-H3-VS2-31.05.2024,U54-H3-VS2-GGA7.5-Ni(II) 10mg-L-03062024-Q=49.6mL-phút-3
1486,GGA7.5,317.3875,1246,290.9,26.48751,U54-H3-VS2-31.05.2024,U54-H3-VS2-GGA7.5-Ni(II) 10mg-L-03062024-Q=49.6mL-phút-3
1487,GGA7.5,316.4333,1721,289.6,26.83332,U54-H3-VS2-31.05.2024,U54-H3-VS2-GGA7.5-Ni(II) 10mg-L-03062024-Q=49.6mL-phút-3
1488,GGA7.5,315.6813,2194,289.9,25.78125,U54-H3-VS2-31.05.2024,U54-H3-VS2-GGA7.5-Ni(II) 10mg-L-03062024-Q=49.6mL-phút-3
1489,GGA7.5-Ni(II)-10mg/L,315.4143,2673,289.6,25.81428,U54-H3-VS2-31.05.2024,U54-H3-VS2-GGA7.5-Ni(II) 10mg-L-03062024-Q=49.6mL-phút-3
1490,GGA7.5-Ni(II)-10mg/L,315.9,3146,288.9,27.00001,U54-H3-VS2-31.05.2024,U54-H3-VS2-GGA7.5-Ni(II) 10mg-L-03062024-Q=49.6mL-phút-3
1491,GGA7.5-Ni(II)-10mg/L,316.9657,3618,290.0,26.96573,U54-H3-VS2-31.05.2024,U54-H3-VS2-GGA7.5-Ni(II) 10mg-L-03062024-Q=49.6mL-phút-3
1492,GGA7.5-Ni(II)-10mg/L,315.0857,4091,289.6,25.48571,U54-H3-VS2-31.05.2024,U54-H3-VS2-GGA7.5-Ni(II) 10mg-L-03062024-Q=49.6mL-phút-3
1493,GGA7.5-Ni(II)-10mg/L,314.5083,4567,288.7,25.80833,U54-H3-VS2-31.05.2024,U54-H3-VS2-GGA7.5-Ni(II) 10mg-L-03062024-Q=49.6mL-phút-3
1494,GGA7.5-Ni(II)-10mg/L,313.7438,5039,288.0,25.74376,U54-H3-VS2-31.05.2024,U54-H3-VS2-GGA7.5-Ni(II) 10mg-L-03062024-Q=49.6mL-phút-3
1495,GGA7.5-Ni(II)-10mg/L,313.1167,5512,288.3,24.81666,U54-H3-VS2-31.05.2024,U54-H3-VS2-GGA7.5-Ni(II) 10mg-L-03062024-Q=49.6mL-phút-3
1496,GGA7.5-Ni(II)-10mg/L,312.4896,5985,288.1,24.38958,U54-H3-VS2-31.05.2024,U54-H3-VS2-GGA7.5-Ni(II) 10mg-L-03062024-Q=49.6mL-phút-3
1497,GGA7.5-Ni(II)-10mg/L,310.7083,6458,286.4,24.30835,U54-H3-VS2-31.05.2024,U54-H3-VS2-GGA7.5-Ni(II) 10mg-L-03062024-Q=49.6mL-phút-3
1498,GGA10,312.1896,302,284.7,27.48957,U54-H3-VS2-31.05.2024,U54-H3-VS2-GGA10-Zn(II) 10mg-L-03062024-Q=50.54mL-phút-5
1499,GGA10,311.3792,777,284.2,27.17916,U54-H3-VS2-31.05.2024,U54-H3-VS2-GGA10-Zn(II) 10mg-L-03062024-Q=50.54mL-phút-5
1500,GGA10,311.2479,1248,283.3,27.94791,U54-H3-VS2-31.05.2024,U54-H3-VS2-GGA10-Zn(II) 10mg-L-03062024-Q=50.54mL-phút-5
1501,GGA10,309.8625,1724,281.9,27.96251,U54-H3-VS2-31.05.2024,U54-H3-VS2-GGA10-Zn(II) 10mg-L-03062024-Q=50.54mL-phút-5
1502,GGA10,309.566,2200,281.9,27.66596,U54-H3-VS2-31.05.2024,U54-H3-VS2-GGA10-Zn(II) 10mg-L-03062024-Q=50.54mL-phút-5
1503,GGA10,310.7458,2674,280.3,30.44584,U54-H3-VS2-31.05.2024,U54-H3-VS2-GGA10-Zn(II) 10mg-L-03062024-Q=50.54mL-phút-5
1504,GGA10,312.1625,3144,284.8,27.36251,U54-H3-VS2-31.05.2024,U54-H3-VS2-GGA10-Zn(II) 10mg-L-03062024-Q=50.54mL-phút-5
1505,GGA10-Zn(II)-10mg/L,310.5119,3621,286.4,24.11191,U54-H3-VS2-31.05.2024,U54-H3-VS2-GGA10-Zn(II) 10mg-L-03062024-Q=50.54mL-phút-5
1506,GGA10-Zn(II)-10mg/L,310.6976,4093,286.4,24.29757,U54-H3-VS2-31.05.2024,U54-H3-VS2-GGA10-Zn(II) 10mg-L-03062024-Q=50.54mL-phút-5
1507,GGA10-Zn(II)-10mg/L,310.5,4565,286.6,23.90001,U54-H3-VS2-31.05.2024,U54-H3-VS2-GGA10-Zn(II) 10mg-L-03062024-Q=50.54mL-phút-5
1508,GGA10-Zn(II)-10mg/L,310.6579,5038,287.1,23.55791,U54-H3-VS2-31.05.2024,U54-H3-VS2-GGA10-Zn(II) 10mg-L-03062024-Q=50.54mL-phút-5
1509,GGA10-Zn(II)-10mg/L,310.8053,5510,288.2,22.60528,U54-H3-VS2-31.05.2024,U54-H3-VS2-GGA10-Zn(II) 10mg-L-03062024-Q=50.54mL-phút-5
1510,GGA10-Zn(II)-10mg/L,308.5625,5985,287.3,21.26251,U54-H3-VS2-31.05.2024,U54-H3-VS2-GGA10-Zn(II) 10mg-L-03062024-Q=50.54mL-phút-5
1511,GGA15,294.4121,301,278.1,16.31213,U55-H1-VS2-31.05.2024,U55-H1-VS2-GGA15-Ni(II) 5mg-L-04062024-Q=50.78mL-phút-3
1512,GGA15,294.2391,775,277.78,16.45905,U55-H1-VS2-31.05.2024,U55-H1-VS2-GGA15-Ni(II) 5mg-L-04062024-Q=50.78mL-phút-3
1513,GGA15,294.1145,1250,277.55,16.56453,U55-H1-VS2-31.05.2024,U55-H1-VS2-GGA15-Ni(II) 5mg-L-04062024-Q=50.78mL-phút-3
1514,GGA15,294.3936,1719,277.55,16.84358,U55-H1-VS2-31.05.2024,U55-H1-VS2-GGA15-Ni(II) 5mg-L-04062024-Q=50.78mL-phút-3
1515,GGA15,294.4305,2193,277.74,16.69049,U55-H1-VS2-31.05.2024,U55-H1-VS2-GGA15-Ni(II) 5mg-L-04062024-Q=50.78mL-phút-3
1516,GGA15-Ni(II)-5mg/L,293.3764,2667,276.82,16.55642,U55-H1-VS2-31.05.2024,U55-H1-VS2-GGA15-Ni(II) 5mg-L-04062024-Q=50.78mL-phút-3
1517,GGA15-Ni(II)-5mg/L,293.304,3140,276.97,16.33404,U55-H1-VS2-31.05.2024,U55-H1-VS2-GGA15-Ni(II) 5mg-L-04062024-Q=50.78mL-phút-3
1518,GGA15-Ni(II)-5mg/L,293.265,3612,276.82,16.44499,U55-H1-VS2-31.05.2024,U55-H1-VS2-GGA15-Ni(II) 5mg-L-04062024-Q=50.78mL-phút-3
1519,GGA15-Ni(II)-5mg/L,292.7369,4084,278.64,14.09689,U55-H1-VS2-31.05.2024,U55-H1-VS2-GGA15-Ni(II) 5mg-L-04062024-Q=50.78mL-phút-3
1520,GGA15-Ni(II)-5mg/L,292.5264,4560,277.7,14.82642,U55-H1-VS2-31.05.2024,U55-H1-VS2-GGA15-Ni(II) 5mg-L-04062024-Q=50.78mL-phút-3
1521,GGA15-Ni(II)-5mg/L,292.4305,5036,275.73,16.70047,U55-H1-VS2-31.05.2024,U55-H1-VS2-GGA15-Ni(II) 5mg-L-04062024-Q=50.78mL-phút-3
1522,GGA15-Ni(II)-5mg/L,289.0267,5511,274.85,14.17673,U55-H1-VS2-31.05.2024,U55-H1-VS2-GGA15-Ni(II) 5mg-L-04062024-Q=50.78mL-phút-3
1523,GGA15-Ni(II)-5mg/L,291.2471,5992,277.07,14.17713,U55-H1-VS2-31.05.2024,U55-H1-VS2-GGA15-Ni(II) 5mg-L-04062024-Q=50.78mL-phút-3
1524,GGA15-Ni(II)-5mg/L,291.5502,6462,277.03,14.52024,U55-H1-VS2-31.05.2024,U55-H1-VS2-GGA15-Ni(II) 5mg-L-04062024-Q=50.78mL-phút-3
1525,GGA7.5,290.3238,301,278.41,11.91381,U55-H1-VS2-31.05.2024,U55-H1-VS2-GGA7.5-Zn(II) 10mg-L-04062024-Q=50.56mL-phút-4
1526,GGA7.5,290.2333,774,277.51,12.72332,U55-H1-VS2-31.05.2024,U55-H1-VS2-GGA7.5-Zn(II) 10mg-L-04062024-Q=50.56mL-phút-4
1527,GGA7.5,290.1752,1251,278.24,11.93525,U55-H1-VS2-31.05.2024,U55-H1-VS2-GGA7.5-Zn(II) 10mg-L-04062024-Q=50.56mL-phút-4
1528,GGA7.5,289.9733,1721,276.53,13.44333,U55-H1-VS2-31.05.2024,U55-H1-VS2-GGA7.5-Zn(II) 10mg-L-04062024-Q=50.56mL-phút-4
1529,GGA7.5,290.1436,2194,277.76,12.38356,U55-H1-VS2-31.05.2024,U55-H1-VS2-GGA7.5-Zn(II) 10mg-L-04062024-Q=50.56mL-phút-4
1530,GGA7.5,290.0812,2669,277.18,12.9012,U55-H1-VS2-31.05.2024,U55-H1-VS2-GGA7.5-Zn(II) 10mg-L-04062024-Q=50.56mL-phút-4
1531,GGA7.5,289.4207,3144,276.99,12.43073,U55-H1-VS2-31.05.2024,U55-H1-VS2-GGA7.5-Zn(II) 10mg-L-04062024-Q=50.56mL-phút-4
1532,GGA7.5-Zn(II)-10mg/L,288.9379,3616,276.63,12.30786,U55-H1-VS2-31.05.2024,U55-H1-VS2-GGA7.5-Zn(II) 10mg-L-04062024-Q=50.56mL-phút-4
1533,GGA7.5-Zn(II)-10mg/L,288.2798,4094,276.17,12.10975,U55-H1-VS2-31.05.2024,U55-H1-VS2-GGA7.5-Zn(II) 10mg-L-04062024-Q=50.56mL-phút-4
1534,GGA7.5-Zn(II)-10mg/L,285.8656,4568,276.82,9.04557,U55-H1-VS2-31.05.2024,U55-H1-VS2-GGA7.5-Zn(II) 10mg-L-04062024-Q=50.56mL-phút-4
1535,GGA7.5-Zn(II)-10mg/L,286.7969,5040,275.8,10.99691,U55-H1-VS2-31.05.2024,U55-H1-VS2-GGA7.5-Zn(II) 10mg-L-04062024-Q=50.56mL-phút-4
1536,GGA7.5-Zn(II)-10mg/L,286.9112,5515,276.49,10.4212,U55-H1-VS2-31.05.2024,U55-H1-VS2-GGA7.5-Zn(II) 10mg-L-04062024-Q=50.56mL-phút-4
1537,GGA7.5-Zn(II)-10mg/L,286.9819,5991,277.3,9.68192,U55-H1-VS2-31.05.2024,U55-H1-VS2-GGA7.5-Zn(II) 10mg-L-04062024-Q=50.56mL-phút-4
1538,GGA7.5-Zn(II)-10mg/L,286.8595,6461,276.86,9.99953,U55-H1-VS2-31.05.2024,U55-H1-VS2-GGA7.5-Zn(II) 10mg-L-04062024-Q=50.56mL-phút-4
1539,GGA7.5-Zn(II)-10mg/L,287.0086,6935,277.43,9.57858,U55-H1-VS2-31.05.2024,U55-H1-VS2-GGA7.5-Zn(II) 10mg-L-04062024-Q=50.56mL-phút-4
1540,GGA7.5,314.7881,301,283.0,31.78811,U56-H3-VS2-31.05.2024,U56-H3-VS2-GGA7.5-Ni(II) 10mg-L-04062024-Q=51.22mL-phút-4
1541,GGA7.5,314.1429,776,282.2,31.94285,U56-H3-VS2-31.05.2024,U56-H3-VS2-GGA7.5-Ni(II) 10mg-L-04062024-Q=51.22mL-phút-4
1542,GGA7.5,313.0786,1248,283.2,29.87857,U56-H3-VS2-31.05.2024,U56-H3-VS2-GGA7.5-Ni(II) 10mg-L-04062024-Q=51.22mL-phút-4
1543,GGA7.5,311.3833,1723,280.1,31.28334,U56-H3-VS2-31.05.2024,U56-H3-VS2-GGA7.5-Ni(II) 10mg-L-04062024-Q=51.22mL-phút-4
1544,GGA7.5,309.0595,2196,279.7,29.35951,U56-H3-VS2-31.05.2024,U56-H3-VS2-GGA7.5-Ni(II) 10mg-L-04062024-Q=51.22mL-phút-4
1545,GGA7.5,310.8762,2668,279.7,31.17618,U56-H3-VS2-31.05.2024,U56-H3-VS2-GGA7.5-Ni(II) 10mg-L-04062024-Q=51.22mL-phút-4
1546,GGA7.5-Ni(II)-10mg/L,308.1238,3147,277.4,30.72382,U56-H3-VS2-31.05.2024,U56-H3-VS2-GGA7.5-Ni(II) 10mg-L-04062024-Q=51.22mL-phút-4
1547,GGA7.5-Ni(II)-10mg/L,309.1333,3623,279.6,29.53334,U56-H3-VS2-31.05.2024,U56-H3-VS2-GGA7.5-Ni(II) 10mg-L-04062024-Q=51.22mL-phút-4
1548,GGA7.5-Ni(II)-10mg/L,308.514,4094,280.9,27.61395,U56-H3-VS2-31.05.2024,U56-H3-VS2-GGA7.5-Ni(II) 10mg-L-04062024-Q=51.22mL-phút-4
1549,GGA7.5-Ni(II)-10mg/L,307.6952,4567,282.3,25.39524,U56-H3-VS2-31.05.2024,U56-H3-VS2-GGA7.5-Ni(II) 10mg-L-04062024-Q=51.22mL-phút-4
1550,GGA7.5-Ni(II)-10mg/L,309.0214,5040,282.3,26.72143,U56-H3-VS2-31.05.2024,U56-H3-VS2-GGA7.5-Ni(II) 10mg-L-04062024-Q=51.22mL-phút-4
1551,GGA7.5-Ni(II)-10mg/L,308.3952,5513,284.3,24.09524,U56-H3-VS2-31.05.2024,U56-H3-VS2-GGA7.5-Ni(II) 10mg-L-04062024-Q=51.22mL-phút-4
1552,GGA7.5-Ni(II)-10mg/L,307.6405,5987,280.2,27.44048,U56-H3-VS2-31.05.2024,U56-H3-VS2-GGA7.5-Ni(II) 10mg-L-04062024-Q=51.22mL-phút-4
1553,GGA7.5-Ni(II)-10mg/L,310.0381,6460,287.3,22.73811,U56-H3-VS2-31.05.2024,U56-H3-VS2-GGA7.5-Ni(II) 10mg-L-04062024-Q=51.22mL-phút-4
1554,GGA7.5-Ni(II)-10mg/L,307.4643,6933,284.2,23.26428,U56-H3-VS2-31.05.2024,U56-H3-VS2-GGA7.5-Ni(II) 10mg-L-04062024-Q=51.22mL-phút-4
1555,GGA7.5-Ni(II)-10mg/L,305.6071,7407,284.8,20.80715,U56-H3-VS2-31.05.2024,U56-H3-VS2-GGA7.5-Ni(II) 10mg-L-04062024-Q=51.22mL-phút-4
1556,GGA7.5-Ni(II)-10mg/L,306.2643,7880,286.2,20.0643,U56-H3-VS2-31.05.2024,U56-H3-VS2-GGA7.5-Ni(II) 10mg-L-04062024-Q=51.22mL-phút-4
1557,GGA7.5-Ni(II)-10mg/L,305.7429,8354,285.3,20.44287,U56-H3-VS2-31.05.2024,U56-H3-VS2-GGA7.5-Ni(II) 10mg-L-04062024-Q=51.22mL-phút-4
1558,GGA7.5,303.7786,301,281.9,21.87858,U56-H3-VS2-31.05.2024,U56-H3-VS2-GGA7.5-Zn(II) 15mg-L-04062024-Q=50.6mL-phút-4
1559,GGA7.5,303.3191,774,280.9,22.41905,U56-H3-VS2-31.05.2024,U56-H3-VS2-GGA7.5-Zn(II) 15mg-L-04062024-Q=50.6mL-phút-4
1560,GGA7.5,303.7095,1246,280.9,22.80952,U56-H3-VS2-31.05.2024,U56-H3-VS2-GGA7.5-Zn(II) 15mg-L-04062024-Q=50.6mL-phút-4
1561,GGA7.5,303.0333,1720,280.4,22.63332,U56-H3-VS2-31.05.2024,U56-H3-VS2-GGA7.5-Zn(II) 15mg-L-04062024-Q=50.6mL-phút-4
1562,GGA7.5,302.6768,2194,280.0,22.67675,U56-H3-VS2-31.05.2024,U56-H3-VS2-GGA7.5-Zn(II) 15mg-L-04062024-Q=50.6mL-phút-4
1563,GGA7.5,301.3762,2668,278.0,23.37619,U56-H3-VS2-31.05.2024,U56-H3-VS2-GGA7.5-Zn(II) 15mg-L-04062024-Q=50.6mL-phút-4
1564,GGA7.5-Zn(II)-15mg/L,303.5571,3140,279.5,24.05713,U56-H3-VS2-31.05.2024,U56-H3-VS2-GGA7.5-Zn(II) 15mg-L-04062024-Q=50.6mL-phút-4
1565,GGA7.5-Zn(II)-15mg/L,303.1833,3616,281.6,21.58333,U56-H3-VS2-31.05.2024,U56-H3-VS2-GGA7.5-Zn(II) 15mg-L-04062024-Q=50.6mL-phút-4
1566,GGA7.5-Zn(II)-15mg/L,301.2548,4088,282.2,19.05475,U56-H3-VS2-31.05.2024,U56-H3-VS2-GGA7.5-Zn(II) 15mg-L-04062024-Q=50.6mL-phút-4
1567,GGA7.5-Zn(II)-15mg/L,300.4048,4562,282.4,18.00475,U56-H3-VS2-31.05.2024,U56-H3-VS2-GGA7.5-Zn(II) 15mg-L-04062024-Q=50.6mL-phút-4
1568,GGA7.5-Zn(II)-15mg/L,299.6548,5034,281.6,18.05476,U56-H3-VS2-31.05.2024,U56-H3-VS2-GGA7.5-Zn(II) 15mg-L-04062024-Q=50.6mL-phút-4
1569,GGA7.5-Zn(II)-15mg/L,298.919,5508,281.9,17.01905,U56-H3-VS2-31.05.2024,U56-H3-VS2-GGA7.5-Zn(II) 15mg-L-04062024-Q=50.6mL-phút-4
1570,GGA7.5-Zn(II)-15mg/L,298.2209,5982,281.4,16.82093,U56-H3-VS2-31.05.2024,U56-H3-VS2-GGA7.5-Zn(II) 15mg-L-04062024-Q=50.6mL-phút-4
1571,GGA7.5-Zn(II)-15mg/L,296.0833,6454,279.7,16.38333,U56-H3-VS2-31.05.2024,U56-H3-VS2-GGA7.5-Zn(II) 15mg-L-04062024-Q=50.6mL-phút-4
1572,GGA7.5,290.4236,301,275.92,14.50356,U57-H1-VS2-03.06.2024,U577-H1-VS2-GGA7.5-Zn(II) 5mg-L-05062024-Q=50.8mL-phút-4
1573,GGA7.5,290.5326,779,275.96,14.57263,U57-H1-VS2-03.06.2024,U577-H1-VS2-GGA7.5-Zn(II) 5mg-L-05062024-Q=50.8mL-phút-4
1574,GGA7.5,290.4402,1248,276.19,14.25021,U57-H1-VS2-03.06.2024,U577-H1-VS2-GGA7.5-Zn(II) 5mg-L-05062024-Q=50.8mL-phút-4
1575,GGA7.5,290.4958,1721,276.07,14.4258,U57-H1-VS2-03.06.2024,U577-H1-VS2-GGA7.5-Zn(II) 5mg-L-05062024-Q=50.8mL-phút-4
1576,GGA7.5,290.4181,2196,275.96,14.45815,U57-H1-VS2-03.06.2024,U577-H1-VS2-GGA7.5-Zn(II) 5mg-L-05062024-Q=50.8mL-phút-4
1577,GGA7.5,290.41,2667,275.88,14.53,U57-H1-VS2-03.06.2024,U577-H1-VS2-GGA7.5-Zn(II) 5mg-L-05062024-Q=50.8mL-phút-4
1578,GGA7.5-Zn(II)-5mg/L,290.0296,3141,277.82,12.20954,U57-H1-VS2-03.06.2024,U577-H1-VS2-GGA7.5-Zn(II) 5mg-L-05062024-Q=50.8mL-phút-4
1579,GGA7.5-Zn(II)-5mg/L,289.8979,3616,278.47,11.42791,U57-H1-VS2-03.06.2024,U577-H1-VS2-GGA7.5-Zn(II) 5mg-L-05062024-Q=50.8mL-phút-4
1580,GGA7.5-Zn(II)-5mg/L,289.6244,4092,279.29,10.33441,U57-H1-VS2-03.06.2024,U577-H1-VS2-GGA7.5-Zn(II) 5mg-L-05062024-Q=50.8mL-phút-4
1581,GGA7.5-Zn(II)-5mg/L,290.0361,4567,279.5,10.53614,U57-H1-VS2-03.06.2024,U577-H1-VS2-GGA7.5-Zn(II) 5mg-L-05062024-Q=50.8mL-phút-4
1582,GGA7.5-Zn(II)-5mg/L,290.1979,5039,279.39,10.8079,U57-H1-VS2-03.06.2024,U577-H1-VS2-GGA7.5-Zn(II) 5mg-L-05062024-Q=50.8mL-phút-4
1583,GGA2.5,288.8279,304,278.58,10.24792,U57-H1-VS2-03.06.2024,U57-H1-VS2-GGA2.5-Ni(II) 10mg-L-05062024-Q=50.88mL-phút-1
1584,GGA2.5,289.1458,778,279.29,9.85581,U57-H1-VS2-03.06.2024,U57-H1-VS2-GGA2.5-Ni(II) 10mg-L-05062024-Q=50.88mL-phút-1
1585,GGA2.5,288.8395,1252,278.64,10.19953,U57-H1-VS2-03.06.2024,U57-H1-VS2-GGA2.5-Ni(II) 10mg-L-05062024-Q=50.88mL-phút-1
1586,GGA2.5,288.5573,1725,278.43,10.12735,U57-H1-VS2-03.06.2024,U57-H1-VS2-GGA2.5-Ni(II) 10mg-L-05062024-Q=50.88mL-phút-1
1587,GGA2.5,288.4086,2200,278.33,10.0786,U57-H1-VS2-03.06.2024,U57-H1-VS2-GGA2.5-Ni(II) 10mg-L-05062024-Q=50.88mL-phút-1
1588,GGA2.5,288.2856,2671,278.6,9.68561,U57-H1-VS2-03.06.2024,U57-H1-VS2-GGA2.5-Ni(II) 10mg-L-05062024-Q=50.88mL-phút-1
1589,GGA2.5-Ni(II)-10mg/L,288.8708,3146,279.85,9.02077,U57-H1-VS2-03.06.2024,U57-H1-VS2-GGA2.5-Ni(II) 10mg-L-05062024-Q=50.88mL-phút-1
1590,GGA2.5-Ni(II)-10mg/L,288.6836,3619,279.94,8.7436,U57-H1-VS2-03.06.2024,U57-H1-VS2-GGA2.5-Ni(II) 10mg-L-05062024-Q=50.88mL-phút-1
1591,GGA2.5-Ni(II)-10mg/L,288.711,4092,280.33,8.38096,U57-H1-VS2-03.06.2024,U57-H1-VS2-GGA2.5-Ni(II) 10mg-L-05062024-Q=50.88mL-phút-1
1592,GGA2.5-Ni(II)-10mg/L,288.8642,4563,281.13,7.73422,U57-H1-VS2-03.06.2024,U57-H1-VS2-GGA2.5-Ni(II) 10mg-L-05062024-Q=50.88mL-phút-1
1593,GGA2.5-Ni(II)-10mg/L,288.9321,5039,280.54,8.39206,U57-H1-VS2-03.06.2024,U57-H1-VS2-GGA2.5-Ni(II) 10mg-L-05062024-Q=50.88mL-phút-1
1594,GGA2.5-Ni(II)-10mg/L,288.9317,5511,281.27,7.66173,U57-H1-VS2-03.06.2024,U57-H1-VS2-GGA2.5-Ni(II) 10mg-L-05062024-Q=50.88mL-phút-1
1595,GGA2.5-Ni(II)-10mg/L,288.9374,5983,281.55,7.38736,U57-H1-VS2-03.06.2024,U57-H1-VS2-GGA2.5-Ni(II) 10mg-L-05062024-Q=50.88mL-phút-1
1596,GGA2.5-Ni(II)-10mg/L,289.0592,6457,281.8,7.25921,U57-H1-VS2-03.06.2024,U57-H1-VS2-GGA2.5-Ni(II) 10mg-L-05062024-Q=50.88mL-phút-1
1597,GGA2.5,300.8667,301,281.4,19.46667,U58-H3-VS2-03.06.2024,U58-H3-VS2-GGA2.5-Ni(II) 10mg-L-05062024-Q=49.3mL-phút-2
1598,GGA2.5,300.9083,774,282.5,18.40833,U58-H3-VS2-03.06.2024,U58-H3-VS2-GGA2.5-Ni(II) 10mg-L-05062024-Q=49.3mL-phút-2
1599,GGA2.5,301.4817,1248,282.4,19.08165,U58-H3-VS2-03.06.2024,U58-H3-VS2-GGA2.5-Ni(II) 10mg-L-05062024-Q=49.3mL-phút-2
1600,GGA2.5,301.5133,1721,283.3,18.21332,U58-H3-VS2-03.06.2024,U58-H3-VS2-GGA2.5-Ni(II) 10mg-L-05062024-Q=49.3mL-phút-2
1601,GGA2.5,302.41,2195,283.4,19.01,U58-H3-VS2-03.06.2024,U58-H3-VS2-GGA2.5-Ni(II) 10mg-L-05062024-Q=49.3mL-phút-2
1602,GGA2.5,302.7267,2668,284.7,18.02666,U58-H3-VS2-03.06.2024,U58-H3-VS2-GGA2.5-Ni(II) 10mg-L-05062024-Q=49.3mL-phút-2
1603,GGA2.5-Ni(II)-10mg/L,303.16,3141,283.6,19.56,U58-H3-VS2-03.06.2024,U58-H3-VS2-GGA2.5-Ni(II) 10mg-L-05062024-Q=49.3mL-phút-2
1604,GGA2.5-Ni(II)-10mg/L,302.8034,3615,285.1,17.70338,U58-H3-VS2-03.06.2024,U58-H3-VS2-GGA2.5-Ni(II) 10mg-L-05062024-Q=49.3mL-phút-2
1605,GGA2.5-Ni(II)-10mg/L,303.7867,4087,286.2,17.58668,U58-H3-VS2-03.06.2024,U58-H3-VS2-GGA2.5-Ni(II) 10mg-L-05062024-Q=49.3mL-phút-2
1606,GGA2.5-Ni(II)-10mg/L,303.07,4562,287.3,15.77001,U58-H3-VS2-03.06.2024,U58-H3-VS2-GGA2.5-Ni(II) 10mg-L-05062024-Q=49.3mL-phút-2
1607,GGA2.5-Ni(II)-10mg/L,302.7617,5036,286.8,15.96167,U58-H3-VS2-03.06.2024,U58-H3-VS2-GGA2.5-Ni(II) 10mg-L-05062024-Q=49.3mL-phút-2
1608,GGA2.5-Ni(II)-10mg/L,302.43,5508,287.6,14.82999,U58-H3-VS2-03.06.2024,U58-H3-VS2-GGA2.5-Ni(II) 10mg-L-05062024-Q=49.3mL-phút-2
1609,GGA2.5-Ni(II)-10mg/L,302.3483,5982,288.0,14.34834,U58-H3-VS2-03.06.2024,U58-H3-VS2-GGA2.5-Ni(II) 10mg-L-05062024-Q=49.3mL-phút-2
1610,GGA7.5,287.8271,301,277.39,10.4371,U59-H1-VS2-04.06.2024,U59-H1-VS2-GGA7.5-Zn(II) 5mg-L-06062024-Q=50.4mL-phút-5
1611,GGA7.5,288.0257,775,277.97,10.05571,U59-H1-VS2-04.06.2024,U59-H1-VS2-GGA7.5-Zn(II) 5mg-L-06062024-Q=50.4mL-phút-5
1612,GGA7.5,288.2183,1247,277.8,10.41826,U59-H1-VS2-04.06.2024,U59-H1-VS2-GGA7.5-Zn(II) 5mg-L-06062024-Q=50.4mL-phút-5
1613,GGA7.5,288.169,1720,278.24,9.92902,U59-H1-VS2-04.06.2024,U59-H1-VS2-GGA7.5-Zn(II) 5mg-L-06062024-Q=50.4mL-phút-5
1614,GGA7.5,288.1306,2194,278.01,10.12061,U59-H1-VS2-04.06.2024,U59-H1-VS2-GGA7.5-Zn(II) 5mg-L-06062024-Q=50.4mL-phút-5
1615,GGA7.5,288.013,2666,277.82,10.19295,U59-H1-VS2-04.06.2024,U59-H1-VS2-GGA7.5-Zn(II) 5mg-L-06062024-Q=50.4mL-phút-5
1616,GGA7.5-Zn(II)-5mg/L,287.2132,3149,277.34,9.87321,U59-H1-VS2-04.06.2024,U59-H1-VS2-GGA7.5-Zn(II) 5mg-L-06062024-Q=50.4mL-phút-5
1617,GGA7.5-Zn(II)-5mg/L,287.0555,3623,278.12,8.9355,U59-H1-VS2-04.06.2024,U59-H1-VS2-GGA7.5-Zn(II) 5mg-L-06062024-Q=50.4mL-phút-5
1618,GGA7.5-Zn(II)-5mg/L,286.9933,4094,278.39,8.60332,U59-H1-VS2-04.06.2024,U59-H1-VS2-GGA7.5-Zn(II) 5mg-L-06062024-Q=50.4mL-phút-5
1619,GGA7.5-Zn(II)-5mg/L,286.8089,4566,278.47,8.33889,U59-H1-VS2-04.06.2024,U59-H1-VS2-GGA7.5-Zn(II) 5mg-L-06062024-Q=50.4mL-phút-5
1620,GGA7.5-Zn(II)-5mg/L,287.0362,5041,278.68,8.35619,U59-H1-VS2-04.06.2024,U59-H1-VS2-GGA7.5-Zn(II) 5mg-L-06062024-Q=50.4mL-phút-5
1621,GGA7.5-Zn(II)-5mg/L,287.1027,5513,278.93,8.17273,U59-H1-VS2-04.06.2024,U59-H1-VS2-GGA7.5-Zn(II) 5mg-L-06062024-Q=50.4mL-phút-5
1622,GGA7.5-Zn(II)-5mg/L,287.1959,5987,278.85,8.34592,U59-H1-VS2-04.06.2024,U59-H1-VS2-GGA7.5-Zn(II) 5mg-L-06062024-Q=50.4mL-phút-5
1623,GGA7.5,286.2154,301,274.83,11.38544,U59-H1-VS2-04.06.2024,U59-H1-VS2-GGA7.5-Ni(II) 15mg-L-06062024-Q=50.88mL-phút-4
1624,GGA7.5,285.8995,774,275.19,10.70951,U59-H1-VS2-04.06.2024,U59-H1-VS2-GGA7.5-Ni(II) 15mg-L-06062024-Q=50.88mL-phút-4
1625,GGA7.5,286.0919,1247,274.67,11.42186,U59-H1-VS2-04.06.2024,U59-H1-VS2-GGA7.5-Ni(II) 15mg-L-06062024-Q=50.88mL-phút-4
1626,GGA7.5,286.1495,1721,275.06,11.08953,U59-H1-VS2-04.06.2024,U59-H1-VS2-GGA7.5-Ni(II) 15mg-L-06062024-Q=50.88mL-phút-4
1627,GGA7.5,286.0892,2194,273.81,12.27923,U59-H1-VS2-04.06.2024,U59-H1-VS2-GGA7.5-Ni(II) 15mg-L-06062024-Q=50.88mL-phút-4
1628,GGA7.5,286.3406,2667,274.75,11.59061,U59-H1-VS2-04.06.2024,U59-H1-VS2-GGA7.5-Ni(II) 15mg-L-06062024-Q=50.88mL-phút-4
1629,GGA7.5-Ni(II)-15mg/L,286.1732,3141,273.91,12.26323,U59-H1-VS2-04.06.2024,U59-H1-VS2-GGA7.5-Ni(II) 15mg-L-06062024-Q=50.88mL-phút-4
1630,GGA7.5-Ni(II)-15mg/L,286.3986,3615,276.15,10.24862,U59-H1-VS2-04.06.2024,U59-H1-VS2-GGA7.5-Ni(II) 15mg-L-06062024-Q=50.88mL-phút-4
1631,GGA7.5-Ni(II)-15mg/L,286.1146,4087,276.72,9.39462,U59-H1-VS2-04.06.2024,U59-H1-VS2-GGA7.5-Ni(II) 15mg-L-06062024-Q=50.88mL-phút-4
1632,GGA7.5-Ni(II)-15mg/L,286.188,4561,277.51,8.67799,U59-H1-VS2-04.06.2024,U59-H1-VS2-GGA7.5-Ni(II) 15mg-L-06062024-Q=50.88mL-phút-4
1633,GGA7.5-Ni(II)-15mg/L,286.0227,5034,277.49,8.53267,U59-H1-VS2-04.06.2024,U59-H1-VS2-GGA7.5-Ni(II) 15mg-L-06062024-Q=50.88mL-phút-4
1634,GGA7.5-Ni(II)-15mg/L,286.0278,5508,277.57,8.45777,U59-H1-VS2-04.06.2024,U59-H1-VS2-GGA7.5-Ni(II) 15mg-L-06062024-Q=50.88mL-phút-4
1635,GGA7.5,309.2077,301,288.3,20.90768,U60-H3-VS2-04.06.2024,U60-H3-VS2-GGA7.5-Zn(II) 10mg-L-06062024-Q=50.66mL-phút-5
1636,GGA7.5,308.8754,776,288.3,20.57537,U60-H3-VS2-04.06.2024,U60-H3-VS2-GGA7.5-Zn(II) 10mg-L-06062024-Q=50.66mL-phút-5
1637,GGA7.5,308.8354,1250,288.0,20.83539,U60-H3-VS2-04.06.2024,U60-H3-VS2-GGA7.5-Zn(II) 10mg-L-06062024-Q=50.66mL-phút-5
1638,GGA7.5,307.7828,1723,287.6,20.1828,U60-H3-VS2-04.06.2024,U60-H3-VS2-GGA7.5-Zn(II) 10mg-L-06062024-Q=50.66mL-phút-5
1639,GGA7.5,307.08,2194,287.1,19.98001,U60-H3-VS2-04.06.2024,U60-H3-VS2-GGA7.5-Zn(II) 10mg-L-06062024-Q=50.66mL-phút-5
1640,GGA7.5,305.9831,2669,285.5,20.48309,U60-H3-VS2-04.06.2024,U60-H3-VS2-GGA7.5-Zn(II) 10mg-L-06062024-Q=50.66mL-phút-5
1641,GGA7.5-Zn(II)-10mg/L,307.5031,3142,286.2,21.30309,U60-H3-VS2-04.06.2024,U60-H3-VS2-GGA7.5-Zn(II) 10mg-L-06062024-Q=50.66mL-phút-5
1642,GGA7.5-Zn(II)-10mg/L,306.9815,3613,290.0,16.98155,U60-H3-VS2-04.06.2024,U60-H3-VS2-GGA7.5-Zn(II) 10mg-L-06062024-Q=50.66mL-phút-5
1643,GGA7.5-Zn(II)-10mg/L,306.9046,4089,291.1,15.80462,U60-H3-VS2-04.06.2024,U60-H3-VS2-GGA7.5-Zn(II) 10mg-L-06062024-Q=50.66mL-phút-5
1644,GGA7.5-Zn(II)-10mg/L,306.5046,4563,291.2,15.3046,U60-H3-VS2-04.06.2024,U60-H3-VS2-GGA7.5-Zn(II) 10mg-L-06062024-Q=50.66mL-phút-5
1645,GGA7.5-Zn(II)-10mg/L,306.5154,5035,291.9,14.61537,U60-H3-VS2-04.06.2024,U60-H3-VS2-GGA7.5-Zn(II) 10mg-L-06062024-Q=50.66mL-phút-5
1646,GGA7.5-Zn(II)-10mg/L,305.7477,5508,292.2,13.54769,U60-H3-VS2-04.06.2024,U60-H3-VS2-GGA7.5-Zn(II) 10mg-L-06062024-Q=50.66mL-phút-5
1647,GGA7.5-Zn(II)-10mg/L,304.7246,5982,291.9,12.8246,U60-H3-VS2-04.06.2024,U60-H3-VS2-GGA7.5-Zn(II) 10mg-L-06062024-Q=50.66mL-phút-5
1648,GGA7.5-Zn(II)-10mg/L,304.1862,6456,292.5,11.68617,U60-H3-VS2-04.06.2024,U60-H3-VS2-GGA7.5-Zn(II) 10mg-L-06062024-Q=50.66mL-phút-5
1649,GGA7.5-Zn(II)-10mg/L,303.1531,6927,292.3,10.85314,U60-H3-VS2-04.06.2024,U60-H3-VS2-GGA7.5-Zn(II) 10mg-L-06062024-Q=50.66mL-phút-5
1650,GGA7.5-Zn(II)-10mg/L,301.4846,7401,290.3,11.18461,U60-H3-VS2-04.06.2024,U60-H3-VS2-GGA7.5-Zn(II) 10mg-L-06062024-Q=50.66mL-phút-5
1651,GGA7.5,300.8215,301,286.5,14.32153,U60-H3-VS2-04.06.2024,U60-H3-VS2-GGA7.5-Ni(II) 15mg-L-06062024-Q=50.92mL-phút-5
1652,GGA7.5,299.8339,775,285.7,14.13386,U60-H3-VS2-04.06.2024,U60-H3-VS2-GGA7.5-Ni(II) 15mg-L-06062024-Q=50.92mL-phút-5
1653,GGA7.5,299.6185,1247,284.8,14.81847,U60-H3-VS2-04.06.2024,U60-H3-VS2-GGA7.5-Ni(II) 15mg-L-06062024-Q=50.92mL-phút-5
1654,GGA7.5,299.2688,1723,284.8,14.46876,U60-H3-VS2-04.06.2024,U60-H3-VS2-GGA7.5-Ni(II) 15mg-L-06062024-Q=50.92mL-phút-5
1655,GGA7.5,299.2662,2194,284.9,14.36614,U60-H3-VS2-04.06.2024,U60-H3-VS2-GGA7.5-Ni(II) 15mg-L-06062024-Q=50.92mL-phút-5
1656,GGA7.5-Ni(II)-15mg/L,298.9462,2670,283.9,15.04616,U60-H3-VS2-04.06.2024,U60-H3-VS2-GGA7.5-Ni(II) 15mg-L-06062024-Q=50.92mL-phút-5
1657,GGA7.5-Ni(II)-15mg/L,300.2613,3142,285.1,15.16132,U60-H3-VS2-04.06.2024,U60-H3-VS2-GGA7.5-Ni(II) 15mg-L-06062024-Q=50.92mL-phút-5
1658,GGA7.5-Ni(II)-15mg/L,301.3107,3616,286.3,15.01066,U60-H3-VS2-04.06.2024,U60-H3-VS2-GGA7.5-Ni(II) 15mg-L-06062024-Q=50.92mL-phút-5
1659,GGA7.5-Ni(II)-15mg/L,300.9787,4090,286.7,14.27866,U60-H3-VS2-04.06.2024,U60-H3-VS2-GGA7.5-Ni(II) 15mg-L-06062024-Q=50.92mL-phút-5
1660,GGA7.5-Ni(II)-15mg/L,301.0541,4562,287.4,13.65409,U60-H3-VS2-04.06.2024,U60-H3-VS2-GGA7.5-Ni(II) 15mg-L-06062024-Q=50.92mL-phút-5
1661,GGA7.5-Ni(II)-15mg/L,300.7066,5037,287.6,13.10655,U60-H3-VS2-04.06.2024,U60-H3-VS2-GGA7.5-Ni(II) 15mg-L-06062024-Q=50.92mL-phút-5
1662,GGA7.5-Ni(II)-15mg/L,300.8541,5509,287.9,12.9541,U60-H3-VS2-04.06.2024,U60-H3-VS2-GGA7.5-Ni(II) 15mg-L-06062024-Q=50.92mL-phút-5
1663,GGA7.5-Ni(II)-15mg/L,301.9016,5982,289.5,12.40164,U60-H3-VS2-04.06.2024,U60-H3-VS2-GGA7.5-Ni(II) 15mg-L-06062024-Q=50.92mL-phút-5
1664,GGA7.5-Ni(II)-15mg/L,302.3016,6457,290.3,12.00163,U60-H3-VS2-04.06.2024,U60-H3-VS2-GGA7.5-Ni(II) 15mg-L-06062024-Q=50.92mL-phút-5
1665,GGA7.5-Ni(II)-15mg/L,302.1375,6928,290.2,11.9375,U60-H3-VS2-04.06.2024,U60-H3-VS2-GGA7.5-Ni(II) 15mg-L-06062024-Q=50.92mL-phút-5
1666,GGA7.5-Ni(II)-15mg/L,301.6813,7403,290.8,10.88124,U60-H3-VS2-04.06.2024,U60-H3-VS2-GGA7.5-Ni(II) 15mg-L-06062024-Q=50.92mL-phút-5
1667,GGA7.5-Ni(II)-15mg/L,302.5469,7876,291.1,11.44688,U60-H3-VS2-04.06.2024,U60-H3-VS2-GGA7.5-Ni(II) 15mg-L-06062024-Q=50.92mL-phút-5
1668,GGA7.5,288.5747,301,282.11,6.46475,U61-H1-VS2-05.06.2024,U61-H1-VS2-GGA7.5-Zn(II) 15mg-L-07062024-Q=51.04mL-phút-4
1669,GGA7.5,288.6554,775,282.38,6.27535,U61-H1-VS2-05.06.2024,U61-H1-VS2-GGA7.5-Zn(II) 15mg-L-07062024-Q=51.04mL-phút-4
1670,GGA7.5,288.6212,1248,281.67,6.95122,U61-H1-VS2-05.06.2024,U61-H1-VS2-GGA7.5-Zn(II) 15mg-L-07062024-Q=51.04mL-phút-4
1671,GGA7.5,288.4864,1723,281.9,6.58639,U61-H1-VS2-05.06.2024,U61-H1-VS2-GGA7.5-Zn(II) 15mg-L-07062024-Q=51.04mL-phút-4
1672,GGA7.5,288.4404,2194,281.71,6.73036,U61-H1-VS2-05.06.2024,U61-H1-VS2-GGA7.5-Zn(II) 15mg-L-07062024-Q=51.04mL-phút-4
1673,GGA7.5,288.3932,2669,281.86,6.53317,U61-H1-VS2-05.06.2024,U61-H1-VS2-GGA7.5-Zn(II) 15mg-L-07062024-Q=51.04mL-phút-4
1674,GGA7.5-Zn(II)-15mg/L,288.4426,3143,281.76,6.68258,U61-H1-VS2-05.06.2024,U61-H1-VS2-GGA7.5-Zn(II) 15mg-L-07062024-Q=51.04mL-phút-4
1675,GGA7.5-Zn(II)-15mg/L,288.3611,3616,281.82,6.54104,U61-H1-VS2-05.06.2024,U61-H1-VS2-GGA7.5-Zn(II) 15mg-L-07062024-Q=51.04mL-phút-4
1676,GGA7.5-Zn(II)-15mg/L,288.3029,4090,282.34,5.96293,U61-H1-VS2-05.06.2024,U61-H1-VS2-GGA7.5-Zn(II) 15mg-L-07062024-Q=51.04mL-phút-4
1677,GGA7.5-Zn(II)-15mg/L,288.0729,4563,282.55,5.52294,U61-H1-VS2-05.06.2024,U61-H1-VS2-GGA7.5-Zn(II) 15mg-L-07062024-Q=51.04mL-phút-4
1678,GGA7.5-Zn(II)-15mg/L,287.6032,5037,282.03,5.57316,U61-H1-VS2-05.06.2024,U61-H1-VS2-GGA7.5-Zn(II) 15mg-L-07062024-Q=51.04mL-phút-4
1679,GGA7.5-Zn(II)-15mg/L,287.049,5511,281.42,5.62894,U61-H1-VS2-05.06.2024,U61-H1-VS2-GGA7.5-Zn(II) 15mg-L-07062024-Q=51.04mL-phút-4
1680,GGA7.5-Zn(II)-15mg/L,286.6383,5986,281.15,5.48826,U61-H1-VS2-05.06.2024,U61-H1-VS2-GGA7.5-Zn(II) 15mg-L-07062024-Q=51.04mL-phút-4
1681,GGA7.5-Zn(II)-15mg/L,286.4354,6458,281.02,5.41536,U61-H1-VS2-05.06.2024,U61-H1-VS2-GGA7.5-Zn(II) 15mg-L-07062024-Q=51.04mL-phút-4
1682,GGA15,318.2696,301,280.0,38.26956,U62-H3-VS2-05.06.2024,U62-H3-VS2-GGA15-Ni(II) 5mg-L-07062024-Q=50.84mL-phút-4
1683,GGA15,318.5674,774,279.8,38.76739,U62-H3-VS2-05.06.2024,U62-H3-VS2-GGA15-Ni(II) 5mg-L-07062024-Q=50.84mL-phút-4
1684,GGA15,318.5167,1249,279.5,39.01666,U62-H3-VS2-05.06.2024,U62-H3-VS2-GGA15-Ni(II) 5mg-L-07062024-Q=50.84mL-phút-4
1685,GGA15,317.5354,1721,279.6,37.93543,U62-H3-VS2-05.06.2024,U62-H3-VS2-GGA15-Ni(II) 5mg-L-07062024-Q=50.84mL-phút-4
1686,GGA15,317.7646,2196,278.3,39.46459,U62-H3-VS2-05.06.2024,U62-H3-VS2-GGA15-Ni(II) 5mg-L-07062024-Q=50.84mL-phút-4
1687,GGA15,319.4583,2670,281.5,37.95833,U62-H3-VS2-05.06.2024,U62-H3-VS2-GGA15-Ni(II) 5mg-L-07062024-Q=50.84mL-phút-4
1688,GGA15-Ni(II)-5mg/L,321.1854,3142,281.6,39.58542,U62-H3-VS2-05.06.2024,U62-H3-VS2-GGA15-Ni(II) 5mg-L-07062024-Q=50.84mL-phút-4
1689,GGA15-Ni(II)-5mg/L,321.625,3616,282.6,39.02501,U62-H3-VS2-05.06.2024,U62-H3-VS2-GGA15-Ni(II) 5mg-L-07062024-Q=50.84mL-phút-4
1690,GGA15-Ni(II)-5mg/L,327.3938,4089,284.6,42.79376,U62-H3-VS2-05.06.2024,U62-H3-VS2-GGA15-Ni(II) 5mg-L-07062024-Q=50.84mL-phút-4
1691,GGA15-Ni(II)-5mg/L,326.4702,4562,287.4,39.0702,U62-H3-VS2-05.06.2024,U62-H3-VS2-GGA15-Ni(II) 5mg-L-07062024-Q=50.84mL-phút-4
1692,GGA15-Ni(II)-5mg/L,326.6063,5035,289.1,37.50626,U62-H3-VS2-05.06.2024,U62-H3-VS2-GGA15-Ni(II) 5mg-L-07062024-Q=50.84mL-phút-4
1693,GGA15-Ni(II)-5mg/L,326.8792,5509,290.4,36.47916,U62-H3-VS2-05.06.2024,U62-H3-VS2-GGA15-Ni(II) 5mg-L-07062024-Q=50.84mL-phút-4
1694,GGA15-Ni(II)-5mg/L,326.5064,5983,289.4,37.10637,U62-H3-VS2-05.06.2024,U62-H3-VS2-GGA15-Ni(II) 5mg-L-07062024-Q=50.84mL-phút-4
1695,GGA15-Ni(II)-5mg/L,326.7146,6455,290.9,35.81459,U62-H3-VS2-05.06.2024,U62-H3-VS2-GGA15-Ni(II) 5mg-L-07062024-Q=50.84mL-phút-4
1696,GGA15-Ni(II)-5mg/L,326.6167,6928,291.3,35.31666,U62-H3-VS2-05.06.2024,U62-H3-VS2-GGA15-Ni(II) 5mg-L-07062024-Q=50.84mL-phút-4
1697,GGA15-Ni(II)-5mg/L,326.375,7402,291.8,34.57501,U62-H3-VS2-05.06.2024,U62-H3-VS2-GGA15-Ni(II) 5mg-L-07062024-Q=50.84mL-phút-4
1698,GGA15-Ni(II)-5mg/L,327.0458,7875,291.9,35.14582,U62-H3-VS2-05.06.2024,U62-H3-VS2-GGA15-Ni(II) 5mg-L-07062024-Q=50.84mL-phút-4
1699,GGA15,325.8375,301,290.2,35.6375,U62-H3-VS2-05.06.2024,U62-H3-VS2-GGA15-Zn(II) 15mg-L-07062024-Q=50.5mL-phút-1
1700,GGA15,325.7313,775,290.2,35.53125,U62-H3-VS2-05.06.2024,U62-H3-VS2-GGA15-Zn(II) 15mg-L-07062024-Q=50.5mL-phút-1
1701,GGA15,325.6313,1249,290.0,35.63126,U62-H3-VS2-05.06.2024,U62-H3-VS2-GGA15-Zn(II) 15mg-L-07062024-Q=50.5mL-phút-1
1702,GGA15,325.6333,1721,289.5,36.13334,U62-H3-VS2-05.06.2024,U62-H3-VS2-GGA15-Zn(II) 15mg-L-07062024-Q=50.5mL-phút-1
1703,GGA15,324.3688,2195,288.7,35.66874,U62-H3-VS2-05.06.2024,U62-H3-VS2-GGA15-Zn(II) 15mg-L-07062024-Q=50.5mL-phút-1
1704,GGA15,322.9625,2669,288.1,34.8625,U62-H3-VS2-05.06.2024,U62-H3-VS2-GGA15-Zn(II) 15mg-L-07062024-Q=50.5mL-phút-1
1705,GGA15,322.1167,3143,286.1,36.01667,U62-H3-VS2-05.06.2024,U62-H3-VS2-GGA15-Zn(II) 15mg-L-07062024-Q=50.5mL-phút-1
1706,GGA15-Zn(II)-15mg/L,321.3979,3617,286.9,34.49791,U62-H3-VS2-05.06.2024,U62-H3-VS2-GGA15-Zn(II) 15mg-L-07062024-Q=50.5mL-phút-1
1707,GGA15-Zn(II)-15mg/L,322.8854,4089,288.4,34.48543,U62-H3-VS2-05.06.2024,U62-H3-VS2-GGA15-Zn(II) 15mg-L-07062024-Q=50.5mL-phút-1
1708,GGA15-Zn(II)-15mg/L,323.0188,4564,292.4,30.61875,U62-H3-VS2-05.06.2024,U62-H3-VS2-GGA15-Zn(II) 15mg-L-07062024-Q=50.5mL-phút-1
1709,GGA15-Zn(II)-15mg/L,322.9,5036,295.2,27.70001,U62-H3-VS2-05.06.2024,U62-H3-VS2-GGA15-Zn(II) 15mg-L-07062024-Q=50.5mL-phút-1
1710,GGA15-Zn(II)-15mg/L,322.9292,5509,296.1,26.82918,U62-H3-VS2-05.06.2024,U62-H3-VS2-GGA15-Zn(II) 15mg-L-07062024-Q=50.5mL-phút-1
1711,GGA15-Zn(II)-15mg/L,322.3188,5982,296.1,26.21876,U62-H3-VS2-05.06.2024,U62-H3-VS2-GGA15-Zn(II) 15mg-L-07062024-Q=50.5mL-phút-1
1712,GGA15-Zn(II)-15mg/L,322.2708,6455,297.5,24.77082,U62-H3-VS2-05.06.2024,U62-H3-VS2-GGA15-Zn(II) 15mg-L-07062024-Q=50.5mL-phút-1
1713,GGA15-Zn(II)-15mg/L,322.7167,6928,298.0,24.71666,U62-H3-VS2-05.06.2024,U62-H3-VS2-GGA15-Zn(II) 15mg-L-07062024-Q=50.5mL-phút-1
1714,GGA15-Zn(II)-15mg/L,321.3542,7401,298.5,22.85417,U62-H3-VS2-05.06.2024,U62-H3-VS2-GGA15-Zn(II) 15mg-L-07062024-Q=50.5mL-phút-1
1715,GGA15-Zn(II)-15mg/L,320.4625,7876,297.7,22.76251,U62-H3-VS2-05.06.2024,U62-H3-VS2-GGA15-Zn(II) 15mg-L-07062024-Q=50.5mL-phút-1
1716,GGA7.5,296.5584,301,290.43,6.12838,U63-H1-VS2-06.06.2024,U63-H1-VS2-GGA7.5-Ni(II) 10mg-L-10062024-Q=49.92mL-phút-5
1717,GGA7.5,296.745,779,290.27,6.47501,U63-H1-VS2-06.06.2024,U63-H1-VS2-GGA7.5-Ni(II) 10mg-L-10062024-Q=49.92mL-phút-5
1718,GGA7.5,295.9967,1250,289.85,6.14673,U63-H1-VS2-06.06.2024,U63-H1-VS2-GGA7.5-Ni(II) 10mg-L-10062024-Q=49.92mL-phút-5
1719,GGA7.5,296.3419,1726,289.24,7.10191,U63-H1-VS2-06.06.2024,U63-H1-VS2-GGA7.5-Ni(II) 10mg-L-10062024-Q=49.92mL-phút-5
1720,GGA7.5,296.1931,2197,289.81,6.38309,U63-H1-VS2-06.06.2024,U63-H1-VS2-GGA7.5-Ni(II) 10mg-L-10062024-Q=49.92mL-phút-5
1721,GGA7.5,296.6574,2670,289.62,7.03744,U63-H1-VS2-06.06.2024,U63-H1-VS2-GGA7.5-Ni(II) 10mg-L-10062024-Q=49.92mL-phút-5
1722,GGA7.5-Ni(II)-10mg/L,295.6772,3147,289.03,6.64721,U63-H1-VS2-06.06.2024,U63-H1-VS2-GGA7.5-Ni(II) 10mg-L-10062024-Q=49.92mL-phút-5
1723,GGA7.5-Ni(II)-10mg/L,295.6089,3615,289.31,6.29889,U63-H1-VS2-06.06.2024,U63-H1-VS2-GGA7.5-Ni(II) 10mg-L-10062024-Q=49.92mL-phút-5
1724,GGA7.5-Ni(II)-10mg/L,295.5469,4088,289.89,5.6569,U63-H1-VS2-06.06.2024,U63-H1-VS2-GGA7.5-Ni(II) 10mg-L-10062024-Q=49.92mL-phút-5
1725,GGA7.5-Ni(II)-10mg/L,295.56,4563,290.06,5.5,U63-H1-VS2-06.06.2024,U63-H1-VS2-GGA7.5-Ni(II) 10mg-L-10062024-Q=49.92mL-phút-5
1726,GGA7.5-Ni(II)-10mg/L,295.6427,5039,290.41,5.23271,U63-H1-VS2-06.06.2024,U63-H1-VS2-GGA7.5-Ni(II) 10mg-L-10062024-Q=49.92mL-phút-5
1727,GGA7.5-Ni(II)-10mg/L,295.7784,5510,290.81,4.96843,U63-H1-VS2-06.06.2024,U63-H1-VS2-GGA7.5-Ni(II) 10mg-L-10062024-Q=49.92mL-phút-5
1728,GGA7.5-Ni(II)-10mg/L,295.4468,5983,290.83,4.61682,U63-H1-VS2-06.06.2024,U63-H1-VS2-GGA7.5-Ni(II) 10mg-L-10062024-Q=49.92mL-phút-5
1729,GGA7.5-Ni(II)-10mg/L,295.0436,6462,290.41,4.63363,U63-H1-VS2-06.06.2024,U63-H1-VS2-GGA7.5-Ni(II) 10mg-L-10062024-Q=49.92mL-phút-5
1730,GGA15,347.8377,301,326.8,21.03775,U64-H3-VS2-06.06.2024,U64-H3-VS2-GGA15-Ni(II) 10mg-L-10062024-Q=50.38mL-phút-3
1731,GGA15,347.0769,773,326.7,20.37692,U64-H3-VS2-06.06.2024,U64-H3-VS2-GGA15-Ni(II) 10mg-L-10062024-Q=50.38mL-phút-3
1732,GGA15,346.475,1248,325.8,20.675,U64-H3-VS2-06.06.2024,U64-H3-VS2-GGA15-Ni(II) 10mg-L-10062024-Q=50.38mL-phút-3
1733,GGA15,346.1113,1721,326.0,20.11131,U64-H3-VS2-06.06.2024,U64-H3-VS2-GGA15-Ni(II) 10mg-L-10062024-Q=50.38mL-phút-3
1734,GGA15,345.1245,2193,324.6,20.52452,U64-H3-VS2-06.06.2024,U64-H3-VS2-GGA15-Ni(II) 10mg-L-10062024-Q=50.38mL-phút-3
1735,GGA15,344.575,2668,324.6,19.97499,U64-H3-VS2-06.06.2024,U64-H3-VS2-GGA15-Ni(II) 10mg-L-10062024-Q=50.38mL-phút-3
1736,GGA15,344.1321,3141,322.9,21.23207,U64-H3-VS2-06.06.2024,U64-H3-VS2-GGA15-Ni(II) 10mg-L-10062024-Q=50.38mL-phút-3
1737,GGA15-Ni(II)-10mg/L,344.6774,3612,322.9,21.77736,U64-H3-VS2-06.06.2024,U64-H3-VS2-GGA15-Ni(II) 10mg-L-10062024-Q=50.38mL-phút-3
1738,GGA15-Ni(II)-10mg/L,343.2623,4087,323.2,20.06228,U64-H3-VS2-06.06.2024,U64-H3-VS2-GGA15-Ni(II) 10mg-L-10062024-Q=50.38mL-phút-3
1739,GGA15-Ni(II)-10mg/L,342.5885,4561,324.2,18.38846,U64-H3-VS2-06.06.2024,U64-H3-VS2-GGA15-Ni(II) 10mg-L-10062024-Q=50.38mL-phút-3
1740,GGA15-Ni(II)-10mg/L,341.5692,5033,324.9,16.66923,U64-H3-VS2-06.06.2024,U64-H3-VS2-GGA15-Ni(II) 10mg-L-10062024-Q=50.38mL-phút-3
1741,GGA15-Ni(II)-10mg/L,341.1113,5506,325.1,16.01132,U64-H3-VS2-06.06.2024,U64-H3-VS2-GGA15-Ni(II) 10mg-L-10062024-Q=50.38mL-phút-3
1742,GGA15-Ni(II)-10mg/L,340.3076,5980,325.0,15.30756,U64-H3-VS2-06.06.2024,U64-H3-VS2-GGA15-Ni(II) 10mg-L-10062024-Q=50.38mL-phút-3
1743,GGA15-Ni(II)-10mg/L,339.2654,6453,324.5,14.76539,U64-H3-VS2-06.06.2024,U64-H3-VS2-GGA15-Ni(II) 10mg-L-10062024-Q=50.38mL-phút-3
1744,GGA15-Ni(II)-10mg/L,339.9717,6926,325.3,14.67169,U64-H3-VS2-06.06.2024,U64-H3-VS2-GGA15-Ni(II) 10mg-L-10062024-Q=50.38mL-phút-3
1745,GGA15-Ni(II)-10mg/L,340.0789,7400,325.9,14.17886,U64-H3-VS2-06.06.2024,U64-H3-VS2-GGA15-Ni(II) 10mg-L-10062024-Q=50.38mL-phút-3
1746,GGA15-Ni(II)-10mg/L,340.3712,7873,327.0,13.37117,U64-H3-VS2-06.06.2024,U64-H3-VS2-GGA15-Ni(II) 10mg-L-10062024-Q=50.38mL-phút-3
1747,GGA15-Ni(II)-10mg/L,340.5115,8347,327.4,13.11154,U64-H3-VS2-06.06.2024,U64-H3-VS2-GGA15-Ni(II) 10mg-L-10062024-Q=50.38mL-phút-3
1748,GGA15-Ni(II)-10mg/L,338.0208,8820,325.4,12.62077,U64-H3-VS2-06.06.2024,U64-H3-VS2-GGA15-Ni(II) 10mg-L-10062024-Q=50.38mL-phút-3
1749,GGA15,335.526,301,326.8,8.72601,U64-H3-VS2-06.06.2024,U64-H3-VS2-GGA15-Cr(VI) 15mg-L-10062024-Q=50.42mL-phút-2
1750,GGA15,335.3333,773,326.7,8.63333,U64-H3-VS2-06.06.2024,U64-H3-VS2-GGA15-Cr(VI) 15mg-L-10062024-Q=50.42mL-phút-2
1751,GGA15,334.3328,1248,325.8,8.53279,U64-H3-VS2-06.06.2024,U64-H3-VS2-GGA15-Cr(VI) 15mg-L-10062024-Q=50.42mL-phút-2
1752,GGA15,334.023,1721,326.0,8.02294,U64-H3-VS2-06.06.2024,U64-H3-VS2-GGA15-Cr(VI) 15mg-L-10062024-Q=50.42mL-phút-2
1753,GGA15,332.6823,2193,324.6,8.08225,U64-H3-VS2-06.06.2024,U64-H3-VS2-GGA15-Cr(VI) 15mg-L-10062024-Q=50.42mL-phút-2
1754,GGA15,331.9967,2668,324.6,7.39671,U64-H3-VS2-06.06.2024,U64-H3-VS2-GGA15-Cr(VI) 15mg-L-10062024-Q=50.42mL-phút-2
1755,GGA15,331.0968,3141,322.9,8.19677,U64-H3-VS2-06.06.2024,U64-H3-VS2-GGA15-Cr(VI) 15mg-L-10062024-Q=50.42mL-phút-2
1756,GGA15-Cr(VI)-15mg/L,330.0731,3612,322.9,7.17307,U64-H3-VS2-06.06.2024,U64-H3-VS2-GGA15-Cr(VI) 15mg-L-10062024-Q=50.42mL-phút-2
1757,GGA15-Cr(VI)-15mg/L,334.3943,4087,323.2,11.19435,U64-H3-VS2-06.06.2024,U64-H3-VS2-GGA15-Cr(VI) 15mg-L-10062024-Q=50.42mL-phút-2
1758,GGA15-Cr(VI)-15mg/L,332.7151,4561,324.2,8.51509,U64-H3-VS2-06.06.2024,U64-H3-VS2-GGA15-Cr(VI) 15mg-L-10062024-Q=50.42mL-phút-2
1759,GGA15-Cr(VI)-15mg/L,332.2208,5033,324.9,7.32076,U64-H3-VS2-06.06.2024,U64-H3-VS2-GGA15-Cr(VI) 15mg-L-10062024-Q=50.42mL-phút-2
1760,GGA15-Cr(VI)-15mg/L,332.4717,5506,325.1,7.3717,U64-H3-VS2-06.06.2024,U64-H3-VS2-GGA15-Cr(VI) 15mg-L-10062024-Q=50.42mL-phút-2
1761,GGA15-Cr(VI)-15mg/L,331.9434,5980,325.0,6.94341,U64-H3-VS2-06.06.2024,U64-H3-VS2-GGA15-Cr(VI) 15mg-L-10062024-Q=50.42mL-phút-2
1762,GGA15-Cr(VI)-15mg/L,331.9793,6453,324.5,7.47926,U64-H3-VS2-06.06.2024,U64-H3-VS2-GGA15-Cr(VI) 15mg-L-10062024-Q=50.42mL-phút-2
1763,GGA15-Cr(VI)-15mg/L,330.9245,6926,325.3,5.62452,U64-H3-VS2-06.06.2024,U64-H3-VS2-GGA15-Cr(VI) 15mg-L-10062024-Q=50.42mL-phút-2
1764,GGA15-Cr(VI)-15mg/L,330.787,7400,325.9,4.88705,U64-H3-VS2-06.06.2024,U64-H3-VS2-GGA15-Cr(VI) 15mg-L-10062024-Q=50.42mL-phút-2
1765,GGA15-Cr(VI)-15mg/L,329.8094,7873,327.0,2.80944,U64-H3-VS2-06.06.2024,U64-H3-VS2-GGA15-Cr(VI) 15mg-L-10062024-Q=50.42mL-phút-2
1766,GGA15-Cr(VI)-15mg/L,330.2226,8347,327.4,2.82264,U64-H3-VS2-06.06.2024,U64-H3-VS2-GGA15-Cr(VI) 15mg-L-10062024-Q=50.42mL-phút-2
1767,GGA15-Cr(VI)-15mg/L,329.5226,8820,325.4,4.12265,U64-H3-VS2-06.06.2024,U64-H3-VS2-GGA15-Cr(VI) 15mg-L-10062024-Q=50.42mL-phút-2
1768,GGA15-Cr(VI)-15mg/L,329.6679,9296,318.0,11.66794,U64-H3-VS2-06.06.2024,U64-H3-VS2-GGA15-Cr(VI) 15mg-L-10062024-Q=50.42mL-phút-2
1769,GGA5,296.55,301,284.56,11.99,U65-H1-VS2-07.06.2024,U65-H1-VS2-GGA5-Ni(II) 5mg-L-1162024-Q=49.84mL-phút-2
1770,GGA5,296.5733,773,285.0,11.57327,U65-H1-VS2-07.06.2024,U65-H1-VS2-GGA5-Ni(II) 5mg-L-1162024-Q=49.84mL-phút-2
1771,GGA5,296.3136,1247,285.02,11.2936,U65-H1-VS2-07.06.2024,U65-H1-VS2-GGA5-Ni(II) 5mg-L-1162024-Q=49.84mL-phút-2
1772,GGA5,296.1217,1722,284.47,11.6517,U65-H1-VS2-07.06.2024,U65-H1-VS2-GGA5-Ni(II) 5mg-L-1162024-Q=49.84mL-phút-2
1773,GGA5,295.8708,2194,284.35,11.52076,U65-H1-VS2-07.06.2024,U65-H1-VS2-GGA5-Ni(II) 5mg-L-1162024-Q=49.84mL-phút-2
1774,GGA5,295.8742,2667,284.04,11.83422,U65-H1-VS2-07.06.2024,U65-H1-VS2-GGA5-Ni(II) 5mg-L-1162024-Q=49.84mL-phút-2
1775,GGA5-Ni(II)-5mg/L,295.1236,3140,284.33,10.79359,U65-H1-VS2-07.06.2024,U65-H1-VS2-GGA5-Ni(II) 5mg-L-1162024-Q=49.84mL-phút-2
1776,GGA5-Ni(II)-5mg/L,294.9221,3613,284.85,10.07207,U65-H1-VS2-07.06.2024,U65-H1-VS2-GGA5-Ni(II) 5mg-L-1162024-Q=49.84mL-phút-2
1777,GGA5-Ni(II)-5mg/L,294.7277,4087,284.39,10.33773,U65-H1-VS2-07.06.2024,U65-H1-VS2-GGA5-Ni(II) 5mg-L-1162024-Q=49.84mL-phút-2
1778,GGA5-Ni(II)-5mg/L,294.6942,4561,284.85,9.84414,U65-H1-VS2-07.06.2024,U65-H1-VS2-GGA5-Ni(II) 5mg-L-1162024-Q=49.84mL-phút-2
1779,GGA5-Ni(II)-5mg/L,294.7633,5034,285.21,9.55328,U65-H1-VS2-07.06.2024,U65-H1-VS2-GGA5-Ni(II) 5mg-L-1162024-Q=49.84mL-phút-2
1780,GGA5-Ni(II)-5mg/L,294.8198,5506,285.37,9.44981,U65-H1-VS2-07.06.2024,U65-H1-VS2-GGA5-Ni(II) 5mg-L-1162024-Q=49.84mL-phút-2
1781,GGA5-Ni(II)-5mg/L,294.7017,5982,285.25,9.4517,U65-H1-VS2-07.06.2024,U65-H1-VS2-GGA5-Ni(II) 5mg-L-1162024-Q=49.84mL-phút-2
1782,GGA5-Ni(II)-5mg/L,294.476,6454,285.37,9.10604,U65-H1-VS2-07.06.2024,U65-H1-VS2-GGA5-Ni(II) 5mg-L-1162024-Q=49.84mL-phút-2
1783,GGA5-Ni(II)-5mg/L,294.4,6929,285.5,8.9,U65-H1-VS2-07.06.2024,U65-H1-VS2-GGA5-Ni(II) 5mg-L-1162024-Q=49.84mL-phút-2
1784,GGA5-Ni(II)-5mg/L,294.2572,7402,285.5,8.75717,U65-H1-VS2-07.06.2024,U65-H1-VS2-GGA5-Ni(II) 5mg-L-1162024-Q=49.84mL-phút-2
1785,GGA15,293.5506,301,278.87,14.68058,U65-H1-VS2-07.06.2024,U65-H1-VS2-GGA15-Cr(VI) 10mg-L-1162024-Q=50.12mL-phút-3
1786,GGA15,293.5991,776,279.37,14.22905,U65-H1-VS2-07.06.2024,U65-H1-VS2-GGA15-Cr(VI) 10mg-L-1162024-Q=50.12mL-phút-3
1787,GGA15,293.4304,1249,279.31,14.12038,U65-H1-VS2-07.06.2024,U65-H1-VS2-GGA15-Cr(VI) 10mg-L-1162024-Q=50.12mL-phút-3
1788,GGA15,293.6313,1723,278.54,15.09131,U65-H1-VS2-07.06.2024,U65-H1-VS2-GGA15-Cr(VI) 10mg-L-1162024-Q=50.12mL-phút-3
1789,GGA15,293.6262,2195,278.45,15.17621,U65-H1-VS2-07.06.2024,U65-H1-VS2-GGA15-Cr(VI) 10mg-L-1162024-Q=50.12mL-phút-3
1790,GGA15-Cr(VI)-10mg/L,292.8,2668,277.85,14.94999,U65-H1-VS2-07.06.2024,U65-H1-VS2-GGA15-Cr(VI) 10mg-L-1162024-Q=50.12mL-phút-3
1791,GGA15-Cr(VI)-10mg/L,293.0526,3141,277.47,15.58264,U65-H1-VS2-07.06.2024,U65-H1-VS2-GGA15-Cr(VI) 10mg-L-1162024-Q=50.12mL-phút-3
1792,GGA15-Cr(VI)-10mg/L,293.0,3615,277.99,15.01001,U65-H1-VS2-07.06.2024,U65-H1-VS2-GGA15-Cr(VI) 10mg-L-1162024-Q=50.12mL-phút-3
1793,GGA15-Cr(VI)-10mg/L,292.8245,4089,279.06,13.76453,U65-H1-VS2-07.06.2024,U65-H1-VS2-GGA15-Cr(VI) 10mg-L-1162024-Q=50.12mL-phút-3
1794,GGA15-Cr(VI)-10mg/L,292.8308,4562,278.79,14.04074,U65-H1-VS2-07.06.2024,U65-H1-VS2-GGA15-Cr(VI) 10mg-L-1162024-Q=50.12mL-phút-3
1795,GGA15-Cr(VI)-10mg/L,293.1425,5036,279.96,13.18246,U65-H1-VS2-07.06.2024,U65-H1-VS2-GGA15-Cr(VI) 10mg-L-1162024-Q=50.12mL-phút-3
1796,GGA15-Cr(VI)-10mg/L,293.6176,5509,280.71,12.43246,U65-H1-VS2-07.06.2024,U65-H1-VS2-GGA15-Cr(VI) 10mg-L-1162024-Q=50.12mL-phút-3
1797,GGA15-Cr(VI)-10mg/L,293.7604,5981,281.02,12.59756,U65-H1-VS2-07.06.2024,U65-H1-VS2-GGA15-Cr(VI) 10mg-L-1162024-Q=50.12mL-phút-3
1798,GGA15-Cr(VI)-10mg/L,293.7091,6456,280.98,12.72905,U65-H1-VS2-07.06.2024,U65-H1-VS2-GGA15-Cr(VI) 10mg-L-1162024-Q=50.12mL-phút-3
1799,GGA15,316.7278,301,291.3,25.42778,U66-H3-VS2-07.06.2024,U66-H3-VS2-GGA15-Ni(II) 10mg-L-1162024-Q=50.2mL-phút-4
1800,GGA15,315.15,774,289.4,25.74999,U66-H3-VS2-07.06.2024,U66-H3-VS2-GGA15-Ni(II) 10mg-L-1162024-Q=50.2mL-phút-4
1801,GGA15,313.7361,1249,288.7,25.0361,U66-H3-VS2-07.06.2024,U66-H3-VS2-GGA15-Ni(II) 10mg-L-1162024-Q=50.2mL-phút-4
1802,GGA15,312.8083,1721,287.7,25.10833,U66-H3-VS2-07.06.2024,U66-H3-VS2-GGA15-Ni(II) 10mg-L-1162024-Q=50.2mL-phút-4
1803,GGA15,312.6806,2194,287.1,25.58057,U66-H3-VS2-07.06.2024,U66-H3-VS2-GGA15-Ni(II) 10mg-L-1162024-Q=50.2mL-phút-4
1804,GGA15-Ni(II)-10mg/L,311.725,2667,287.4,24.32499,U66-H3-VS2-07.06.2024,U66-H3-VS2-GGA15-Ni(II) 10mg-L-1162024-Q=50.2mL-phút-4
1805,GGA15-Ni(II)-10mg/L,312.3833,3141,287.4,24.98332,U66-H3-VS2-07.06.2024,U66-H3-VS2-GGA15-Ni(II) 10mg-L-1162024-Q=50.2mL-phút-4
1806,GGA15-Ni(II)-10mg/L,311.4556,3615,286.5,24.95555,U66-H3-VS2-07.06.2024,U66-H3-VS2-GGA15-Ni(II) 10mg-L-1162024-Q=50.2mL-phút-4
1807,GGA15-Ni(II)-10mg/L,310.6333,4089,285.9,24.73333,U66-H3-VS2-07.06.2024,U66-H3-VS2-GGA15-Ni(II) 10mg-L-1162024-Q=50.2mL-phút-4
1808,GGA15-Ni(II)-10mg/L,311.2806,4560,287.4,23.88055,U66-H3-VS2-07.06.2024,U66-H3-VS2-GGA15-Ni(II) 10mg-L-1162024-Q=50.2mL-phút-4
1809,GGA15-Ni(II)-10mg/L,310.9361,5035,287.7,23.23611,U66-H3-VS2-07.06.2024,U66-H3-VS2-GGA15-Ni(II) 10mg-L-1162024-Q=50.2mL-phút-4
1810,GGA15-Ni(II)-10mg/L,310.85,5506,287.6,23.24999,U66-H3-VS2-07.06.2024,U66-H3-VS2-GGA15-Ni(II) 10mg-L-1162024-Q=50.2mL-phút-4
1811,GGA15-Ni(II)-10mg/L,310.4083,5981,288.0,22.40834,U66-H3-VS2-07.06.2024,U66-H3-VS2-GGA15-Ni(II) 10mg-L-1162024-Q=50.2mL-phút-4
1812,GGA15-Ni(II)-10mg/L,310.5694,6453,288.1,22.46944,U66-H3-VS2-07.06.2024,U66-H3-VS2-GGA15-Ni(II) 10mg-L-1162024-Q=50.2mL-phút-4
1813,GGA15-Ni(II)-10mg/L,309.3171,6927,288.7,20.61713,U66-H3-VS2-07.06.2024,U66-H3-VS2-GGA15-Ni(II) 10mg-L-1162024-Q=50.2mL-phút-4
1814,GGA15-Ni(II)-10mg/L,308.7,7399,287.4,21.29999,U66-H3-VS2-07.06.2024,U66-H3-VS2-GGA15-Ni(II) 10mg-L-1162024-Q=50.2mL-phút-4
1815,GGA15-Ni(II)-10mg/L,308.5532,7873,288.2,20.3532,U66-H3-VS2-07.06.2024,U66-H3-VS2-GGA15-Ni(II) 10mg-L-1162024-Q=50.2mL-phút-4
1816,GGA15,309.166,301,286.2,22.96597,U66-H3-VS2-07.06.2024,U66-H3-VS2-GGA15-Cr(VI) 15mg-L-1162024-Q=50.52mL-phút-4
1817,GGA15,308.4915,775,286.2,22.2915,U66-H3-VS2-07.06.2024,U66-H3-VS2-GGA15-Cr(VI) 15mg-L-1162024-Q=50.52mL-phút-4
1818,GGA15,308.8864,1249,285.9,22.98644,U66-H3-VS2-07.06.2024,U66-H3-VS2-GGA15-Cr(VI) 15mg-L-1162024-Q=50.52mL-phút-4
1819,GGA15,308.3068,1721,286.3,22.00678,U66-H3-VS2-07.06.2024,U66-H3-VS2-GGA15-Cr(VI) 15mg-L-1162024-Q=50.52mL-phút-4
1820,GGA15,307.3644,2196,284.9,22.4644,U66-H3-VS2-07.06.2024,U66-H3-VS2-GGA15-Cr(VI) 15mg-L-1162024-Q=50.52mL-phút-4
1821,GGA15,307.3186,2668,284.8,22.51865,U66-H3-VS2-07.06.2024,U66-H3-VS2-GGA15-Cr(VI) 15mg-L-1162024-Q=50.52mL-phút-4
1822,GGA15-Cr(VI)-15mg/L,306.122,3147,285.2,20.92204,U66-H3-VS2-07.06.2024,U66-H3-VS2-GGA15-Cr(VI) 15mg-L-1162024-Q=50.52mL-phút-4
1823,GGA15-Cr(VI)-15mg/L,306.0254,3618,286.8,19.22543,U66-H3-VS2-07.06.2024,U66-H3-VS2-GGA15-Cr(VI) 15mg-L-1162024-Q=50.52mL-phút-4
1824,GGA15-Cr(VI)-15mg/L,305.6797,4092,286.5,19.17965,U66-H3-VS2-07.06.2024,U66-H3-VS2-GGA15-Cr(VI) 15mg-L-1162024-Q=50.52mL-phút-4
1825,GGA15-Cr(VI)-15mg/L,305.5271,4564,288.7,16.82711,U66-H3-VS2-07.06.2024,U66-H3-VS2-GGA15-Cr(VI) 15mg-L-1162024-Q=50.52mL-phút-4
1826,GGA15-Cr(VI)-15mg/L,305.8898,5039,287.5,18.38984,U66-H3-VS2-07.06.2024,U66-H3-VS2-GGA15-Cr(VI) 15mg-L-1162024-Q=50.52mL-phút-4
1827,GGA15-Cr(VI)-15mg/L,306.8034,5514,289.8,17.0034,U66-H3-VS2-07.06.2024,U66-H3-VS2-GGA15-Cr(VI) 15mg-L-1162024-Q=50.52mL-phút-4
1828,GGA15-Cr(VI)-15mg/L,306.4576,5987,289.0,17.45763,U66-H3-VS2-07.06.2024,U66-H3-VS2-GGA15-Cr(VI) 15mg-L-1162024-Q=50.52mL-phút-4
1829,GGA15-Cr(VI)-15mg/L,306.1458,6460,289.8,16.34577,U66-H3-VS2-07.06.2024,U66-H3-VS2-GGA15-Cr(VI) 15mg-L-1162024-Q=50.52mL-phút-4
1830,GGA7.5,293.0398,301,283.37,9.66983,U67-H1-VS2-10.06.2024,U67-H1-VS2-GGA7.5-Ni(II) 5mg-L-12062024-Q=50.1mL-phút-5
1831,GGA7.5,293.6893,775,283.76,9.9293,U67-H1-VS2-10.06.2024,U67-H1-VS2-GGA7.5-Ni(II) 5mg-L-12062024-Q=50.1mL-phút-5
1832,GGA7.5,293.324,1247,283.43,9.89398,U67-H1-VS2-10.06.2024,U67-H1-VS2-GGA7.5-Ni(II) 5mg-L-12062024-Q=50.1mL-phút-5
1833,GGA7.5,292.9114,1723,283.51,9.40137,U67-H1-VS2-10.06.2024,U67-H1-VS2-GGA7.5-Ni(II) 5mg-L-12062024-Q=50.1mL-phút-5
1834,GGA7.5,292.5953,2197,282.93,9.66535,U67-H1-VS2-10.06.2024,U67-H1-VS2-GGA7.5-Ni(II) 5mg-L-12062024-Q=50.1mL-phút-5
1835,GGA7.5-Ni(II)-5mg/L,293.3467,2666,282.97,10.37672,U67-H1-VS2-10.06.2024,U67-H1-VS2-GGA7.5-Ni(II) 5mg-L-12062024-Q=50.1mL-phút-5
1836,GGA7.5-Ni(II)-5mg/L,292.8511,3139,283.87,8.98105,U67-H1-VS2-10.06.2024,U67-H1-VS2-GGA7.5-Ni(II) 5mg-L-12062024-Q=50.1mL-phút-5
1837,GGA7.5-Ni(II)-5mg/L,293.4685,3611,284.12,9.34845,U67-H1-VS2-10.06.2024,U67-H1-VS2-GGA7.5-Ni(II) 5mg-L-12062024-Q=50.1mL-phút-5
1838,GGA7.5-Ni(II)-5mg/L,293.4195,4084,284.2,9.21947,U67-H1-VS2-10.06.2024,U67-H1-VS2-GGA7.5-Ni(II) 5mg-L-12062024-Q=50.1mL-phút-5
1839,GGA7.5-Ni(II)-5mg/L,293.0907,4558,284.41,8.68069,U67-H1-VS2-10.06.2024,U67-H1-VS2-GGA7.5-Ni(II) 5mg-L-12062024-Q=50.1mL-phút-5
1840,GGA7.5-Ni(II)-5mg/L,292.4479,5031,283.58,8.86794,U67-H1-VS2-10.06.2024,U67-H1-VS2-GGA7.5-Ni(II) 5mg-L-12062024-Q=50.1mL-phút-5
1841,GGA7.5-Ni(II)-5mg/L,292.5357,5506,284.37,8.16569,U67-H1-VS2-10.06.2024,U67-H1-VS2-GGA7.5-Ni(II) 5mg-L-12062024-Q=50.1mL-phút-5
1842,GGA7.5-Ni(II)-5mg/L,292.5047,5976,284.04,8.46464,U67-H1-VS2-10.06.2024,U67-H1-VS2-GGA7.5-Ni(II) 5mg-L-12062024-Q=50.1mL-phút-5
1843,GGA7.5-Ni(II)-5mg/L,292.5309,6452,283.62,8.91088,U67-H1-VS2-10.06.2024,U67-H1-VS2-GGA7.5-Ni(II) 5mg-L-12062024-Q=50.1mL-phút-5
1844,GGA15,291.876,301,281.53,10.34604,U67-H1-VS2-10.06.2024,U67-H1-VS2-GGA15-Zn(II) 10mg-L-1262024-Q=50.6mL-phút-1
1845,GGA15,291.8571,773,281.04,10.81706,U67-H1-VS2-10.06.2024,U67-H1-VS2-GGA15-Zn(II) 10mg-L-1262024-Q=50.6mL-phút-1
1846,GGA15,291.4881,1248,281.38,10.1081,U67-H1-VS2-10.06.2024,U67-H1-VS2-GGA15-Zn(II) 10mg-L-1262024-Q=50.6mL-phút-1
1847,GGA15,291.9653,1721,281.55,10.41527,U67-H1-VS2-10.06.2024,U67-H1-VS2-GGA15-Zn(II) 10mg-L-1262024-Q=50.6mL-phút-1
1848,GGA15,291.9452,2195,281.99,9.95518,U67-H1-VS2-10.06.2024,U67-H1-VS2-GGA15-Zn(II) 10mg-L-1262024-Q=50.6mL-phút-1
1849,GGA15-Zn(II)-10mg/L,290.5066,2667,280.48,10.02654,U67-H1-VS2-10.06.2024,U67-H1-VS2-GGA15-Zn(II) 10mg-L-1262024-Q=50.6mL-phút-1
1850,GGA15-Zn(II)-10mg/L,290.3745,3141,280.9,9.47449,U67-H1-VS2-10.06.2024,U67-H1-VS2-GGA15-Zn(II) 10mg-L-1262024-Q=50.6mL-phút-1
1851,GGA15-Zn(II)-10mg/L,290.3647,3614,281.27,9.09467,U67-H1-VS2-10.06.2024,U67-H1-VS2-GGA15-Zn(II) 10mg-L-1262024-Q=50.6mL-phút-1
1852,GGA15-Zn(II)-10mg/L,290.2776,4088,281.59,8.68759,U67-H1-VS2-10.06.2024,U67-H1-VS2-GGA15-Zn(II) 10mg-L-1262024-Q=50.6mL-phút-1
1853,GGA15-Zn(II)-10mg/L,290.3174,4560,281.13,9.18741,U67-H1-VS2-10.06.2024,U67-H1-VS2-GGA15-Zn(II) 10mg-L-1262024-Q=50.6mL-phút-1
1854,GGA15-Zn(II)-10mg/L,290.31,5035,281.25,9.06,U67-H1-VS2-10.06.2024,U67-H1-VS2-GGA15-Zn(II) 10mg-L-1262024-Q=50.6mL-phút-1
1855,GGA15-Zn(II)-10mg/L,289.6708,5509,280.94,8.73076,U67-H1-VS2-10.06.2024,U67-H1-VS2-GGA15-Zn(II) 10mg-L-1262024-Q=50.6mL-phút-1
1856,GGA15-Zn(II)-10mg/L,290.0134,5982,280.75,9.2634,U67-H1-VS2-10.06.2024,U67-H1-VS2-GGA15-Zn(II) 10mg-L-1262024-Q=50.6mL-phút-1
1857,GGA15-Zn(II)-10mg/L,289.6532,6457,281.69,7.96315,U67-H1-VS2-10.06.2024,U67-H1-VS2-GGA15-Zn(II) 10mg-L-1262024-Q=50.6mL-phút-1
1858,GGA15-Zn(II)-10mg/L,289.0691,6930,281.27,7.79908,U67-H1-VS2-10.06.2024,U67-H1-VS2-GGA15-Zn(II) 10mg-L-1262024-Q=50.6mL-phút-1
1859,GGA15-Zn(II)-10mg/L,289.451,7402,281.23,8.22094,U67-H1-VS2-10.06.2024,U67-H1-VS2-GGA15-Zn(II) 10mg-L-1262024-Q=50.6mL-phút-1
1860,GGA15,338.9329,301,319.2,19.73293,U68-H3-VS2-10.06.2024,U68-H3-VS2-GGA15-Zn(II) 5mg-L-12062024-Q=49.96mL-phút-1
1861,GGA15,335.4324,776,315.8,19.63234,U68-H3-VS2-10.06.2024,U68-H3-VS2-GGA15-Zn(II) 5mg-L-12062024-Q=49.96mL-phút-1
1862,GGA15,333.9087,1249,314.2,19.70869,U68-H3-VS2-10.06.2024,U68-H3-VS2-GGA15-Zn(II) 5mg-L-12062024-Q=49.96mL-phút-1
1863,GGA15,333.242,1722,312.8,20.44204,U68-H3-VS2-10.06.2024,U68-H3-VS2-GGA15-Zn(II) 5mg-L-12062024-Q=49.96mL-phút-1
1864,GGA15,331.5427,2195,313.0,18.54266,U68-H3-VS2-10.06.2024,U68-H3-VS2-GGA15-Zn(II) 5mg-L-12062024-Q=49.96mL-phút-1
1865,GGA15,330.5556,2668,311.2,19.35557,U68-H3-VS2-10.06.2024,U68-H3-VS2-GGA15-Zn(II) 5mg-L-12062024-Q=49.96mL-phút-1
1866,GGA15-Zn(II)-5mg/L,329.7704,3142,311.7,18.07038,U68-H3-VS2-10.06.2024,U68-H3-VS2-GGA15-Zn(II) 5mg-L-12062024-Q=49.96mL-phút-1
1867,GGA15-Zn(II)-5mg/L,329.9278,3614,312.9,17.02777,U68-H3-VS2-10.06.2024,U68-H3-VS2-GGA15-Zn(II) 5mg-L-12062024-Q=49.96mL-phút-1
1868,GGA15-Zn(II)-5mg/L,329.0445,4088,313.0,16.04446,U68-H3-VS2-10.06.2024,U68-H3-VS2-GGA15-Zn(II) 5mg-L-12062024-Q=49.96mL-phút-1
1869,GGA15-Zn(II)-5mg/L,328.8463,4562,313.2,15.6463,U68-H3-VS2-10.06.2024,U68-H3-VS2-GGA15-Zn(II) 5mg-L-12062024-Q=49.96mL-phút-1
1870,GGA15-Zn(II)-5mg/L,328.2981,5035,312.5,15.79811,U68-H3-VS2-10.06.2024,U68-H3-VS2-GGA15-Zn(II) 5mg-L-12062024-Q=49.96mL-phút-1
1871,GGA15-Zn(II)-5mg/L,326.1611,5508,310.9,15.26111,U68-H3-VS2-10.06.2024,U68-H3-VS2-GGA15-Zn(II) 5mg-L-12062024-Q=49.96mL-phút-1
1872,GGA15-Zn(II)-5mg/L,327.2887,5980,311.7,15.58869,U68-H3-VS2-10.06.2024,U68-H3-VS2-GGA15-Zn(II) 5mg-L-12062024-Q=49.96mL-phút-1
1873,GGA15-Zn(II)-5mg/L,327.1491,6453,314.4,12.74907,U68-H3-VS2-10.06.2024,U68-H3-VS2-GGA15-Zn(II) 5mg-L-12062024-Q=49.96mL-phút-1
1874,GGA15-Zn(II)-5mg/L,328.3074,6925,314.4,13.90741,U68-H3-VS2-10.06.2024,U68-H3-VS2-GGA15-Zn(II) 5mg-L-12062024-Q=49.96mL-phút-1
1875,GGA15-Zn(II)-5mg/L,327.7113,7400,314.7,13.01131,U68-H3-VS2-10.06.2024,U68-H3-VS2-GGA15-Zn(II) 5mg-L-12062024-Q=49.96mL-phút-1
1876,GGA15,327.9333,301,312.4,15.53332,U68-H3-VS2-10.06.2024,U68-H3-VS2-GGA15-Cr(VI) 5mg-L-12062024-Q=50.2mL-phút-3
1877,GGA15,327.4907,773,312.5,14.99074,U68-H3-VS2-10.06.2024,U68-H3-VS2-GGA15-Cr(VI) 5mg-L-12062024-Q=50.2mL-phút-3
1878,GGA15,325.8315,1246,311.4,14.43148,U68-H3-VS2-10.06.2024,U68-H3-VS2-GGA15-Cr(VI) 5mg-L-12062024-Q=50.2mL-phút-3
1879,GGA15,324.2537,1725,309.4,14.85371,U68-H3-VS2-10.06.2024,U68-H3-VS2-GGA15-Cr(VI) 5mg-L-12062024-Q=50.2mL-phút-3
1880,GGA15,323.2352,2199,308.8,14.43517,U68-H3-VS2-10.06.2024,U68-H3-VS2-GGA15-Cr(VI) 5mg-L-12062024-Q=50.2mL-phút-3
1881,GGA15,322.5685,2672,307.7,14.86851,U68-H3-VS2-10.06.2024,U68-H3-VS2-GGA15-Cr(VI) 5mg-L-12062024-Q=50.2mL-phút-3
1882,GGA15-Cr(VI)-5mg/L,318.5482,3147,302.9,15.64816,U68-H3-VS2-10.06.2024,U68-H3-VS2-GGA15-Cr(VI) 5mg-L-12062024-Q=50.2mL-phút-3
1883,GGA15-Cr(VI)-5mg/L,320.7981,3618,305.2,15.5981,U68-H3-VS2-10.06.2024,U68-H3-VS2-GGA15-Cr(VI) 5mg-L-12062024-Q=50.2mL-phút-3
1884,GGA15-Cr(VI)-5mg/L,319.8185,4091,305.1,14.71853,U68-H3-VS2-10.06.2024,U68-H3-VS2-GGA15-Cr(VI) 5mg-L-12062024-Q=50.2mL-phút-3
1885,GGA15-Cr(VI)-5mg/L,319.3811,4564,305.6,13.78114,U68-H3-VS2-10.06.2024,U68-H3-VS2-GGA15-Cr(VI) 5mg-L-12062024-Q=50.2mL-phút-3
1886,GGA15-Cr(VI)-5mg/L,318.7906,5038,304.9,13.89057,U68-H3-VS2-10.06.2024,U68-H3-VS2-GGA15-Cr(VI) 5mg-L-12062024-Q=50.2mL-phút-3
1887,GGA15-Cr(VI)-5mg/L,317.9,5513,304.1,13.79999,U68-H3-VS2-10.06.2024,U68-H3-VS2-GGA15-Cr(VI) 5mg-L-12062024-Q=50.2mL-phút-3
1888,GGA15-Cr(VI)-5mg/L,317.1685,5985,303.8,13.36853,U68-H3-VS2-10.06.2024,U68-H3-VS2-GGA15-Cr(VI) 5mg-L-12062024-Q=50.2mL-phút-3
1889,GGA15-Cr(VI)-5mg/L,316.0389,6460,302.4,13.6389,U68-H3-VS2-10.06.2024,U68-H3-VS2-GGA15-Cr(VI) 5mg-L-12062024-Q=50.2mL-phút-3
1890,GGA15,314.2566,301,300.6,13.65661,U68-H3-VS2-10.06.2024,U68-H3-VS2-GGA15-Ni(II) 15mg-L-12062024-Q=50.2mL-phút-3
1891,GGA15,313.8037,773,299.7,14.10371,U68-H3-VS2-10.06.2024,U68-H3-VS2-GGA15-Ni(II) 15mg-L-12062024-Q=50.2mL-phút-3
1892,GGA15,312.6259,1246,298.9,13.72591,U68-H3-VS2-10.06.2024,U68-H3-VS2-GGA15-Ni(II) 15mg-L-12062024-Q=50.2mL-phút-3
1893,GGA15,312.5241,1720,298.1,14.42408,U68-H3-VS2-10.06.2024,U68-H3-VS2-GGA15-Ni(II) 15mg-L-12062024-Q=50.2mL-phút-3
1894,GGA15,311.463,2194,297.5,13.96296,U68-H3-VS2-10.06.2024,U68-H3-VS2-GGA15-Ni(II) 15mg-L-12062024-Q=50.2mL-phút-3
1895,GGA15,311.2833,2667,296.7,14.58333,U68-H3-VS2-10.06.2024,U68-H3-VS2-GGA15-Ni(II) 15mg-L-12062024-Q=50.2mL-phút-3
1896,GGA15-Ni(II)-15mg/L,310.3741,3141,296.4,13.97407,U68-H3-VS2-10.06.2024,U68-H3-VS2-GGA15-Ni(II) 15mg-L-12062024-Q=50.2mL-phút-3
1897,GGA15-Ni(II)-15mg/L,308.8377,3614,293.6,15.23775,U68-H3-VS2-10.06.2024,U68-H3-VS2-GGA15-Ni(II) 15mg-L-12062024-Q=50.2mL-phút-3
1898,GGA15-Ni(II)-15mg/L,310.4396,4088,295.0,15.43963,U68-H3-VS2-10.06.2024,U68-H3-VS2-GGA15-Ni(II) 15mg-L-12062024-Q=50.2mL-phút-3
1899,GGA15-Ni(II)-15mg/L,311.5704,4560,297.4,14.17037,U68-H3-VS2-10.06.2024,U68-H3-VS2-GGA15-Ni(II) 15mg-L-12062024-Q=50.2mL-phút-3
1900,GGA15-Ni(II)-15mg/L,311.4407,5033,298.9,12.54073,U68-H3-VS2-10.06.2024,U68-H3-VS2-GGA15-Ni(II) 15mg-L-12062024-Q=50.2mL-phút-3
1901,GGA15-Ni(II)-15mg/L,310.7922,5507,298.0,12.79218,U68-H3-VS2-10.06.2024,U68-H3-VS2-GGA15-Ni(II) 15mg-L-12062024-Q=50.2mL-phút-3
1902,GGA15-Ni(II)-15mg/L,309.2484,5981,296.9,12.34843,U68-H3-VS2-10.06.2024,U68-H3-VS2-GGA15-Ni(II) 15mg-L-12062024-Q=50.2mL-phút-3
1903,GGA15-Ni(II)-15mg/L,309.8734,6453,297.9,11.97344,U68-H3-VS2-10.06.2024,U68-H3-VS2-GGA15-Ni(II) 15mg-L-12062024-Q=50.2mL-phút-3
1904,GGA15-Ni(II)-15mg/L,309.8141,6926,298.5,11.31406,U68-H3-VS2-10.06.2024,U68-H3-VS2-GGA15-Ni(II) 15mg-L-12062024-Q=50.2mL-phút-3
1905,GGA15-Ni(II)-15mg/L,310.3453,7398,299.8,10.5453,U68-H3-VS2-10.06.2024,U68-H3-VS2-GGA15-Ni(II) 15mg-L-12062024-Q=50.2mL-phút-3
1906,GGA15-Ni(II)-15mg/L,309.5688,7873,298.3,11.26875,U68-H3-VS2-10.06.2024,U68-H3-VS2-GGA15-Ni(II) 15mg-L-12062024-Q=50.2mL-phút-3
1907,GGA15,287.4111,301,278.03,9.38109,U69-H1-VS2-11.06.2024,U69-H1-VS2-GGA15-Ni(II) 5mg-L-13062024-Q=49.94mL-phút-5
1908,GGA15,287.1224,780,277.99,9.1324,U69-H1-VS2-11.06.2024,U69-H1-VS2-GGA15-Ni(II) 5mg-L-13062024-Q=49.94mL-phút-5
1909,GGA15,286.718,1254,277.64,9.07803,U69-H1-VS2-11.06.2024,U69-H1-VS2-GGA15-Ni(II) 5mg-L-13062024-Q=49.94mL-phút-5
1910,GGA15,286.5948,1733,277.47,9.12478,U69-H1-VS2-11.06.2024,U69-H1-VS2-GGA15-Ni(II) 5mg-L-13062024-Q=49.94mL-phút-5
1911,GGA15,285.7155,2206,276.0,9.7155,U69-H1-VS2-11.06.2024,U69-H1-VS2-GGA15-Ni(II) 5mg-L-13062024-Q=49.94mL-phút-5
1912,GGA15-Ni(II)-5mg/L,284.804,2685,276.82,7.98399,U69-H1-VS2-11.06.2024,U69-H1-VS2-GGA15-Ni(II) 5mg-L-13062024-Q=49.94mL-phút-5
1913,GGA15-Ni(II)-5mg/L,284.7263,3158,276.88,7.84634,U69-H1-VS2-11.06.2024,U69-H1-VS2-GGA15-Ni(II) 5mg-L-13062024-Q=49.94mL-phút-5
1914,GGA15-Ni(II)-5mg/L,284.5149,3633,277.05,7.46493,U69-H1-VS2-11.06.2024,U69-H1-VS2-GGA15-Ni(II) 5mg-L-13062024-Q=49.94mL-phút-5
1915,GGA15-Ni(II)-5mg/L,284.6053,4106,276.42,8.18532,U69-H1-VS2-11.06.2024,U69-H1-VS2-GGA15-Ni(II) 5mg-L-13062024-Q=49.94mL-phút-5
1916,GGA15-Ni(II)-5mg/L,284.4008,4578,276.82,7.58081,U69-H1-VS2-11.06.2024,U69-H1-VS2-GGA15-Ni(II) 5mg-L-13062024-Q=49.94mL-phút-5
1917,GGA15-Ni(II)-5mg/L,284.4415,5049,276.86,7.58149,U69-H1-VS2-11.06.2024,U69-H1-VS2-GGA15-Ni(II) 5mg-L-13062024-Q=49.94mL-phút-5
1918,GGA15-Ni(II)-5mg/L,284.9346,5522,277.22,7.71459,U69-H1-VS2-11.06.2024,U69-H1-VS2-GGA15-Ni(II) 5mg-L-13062024-Q=49.94mL-phút-5
1919,GGA15,284.2667,301,275.9,8.36673,U69-H1-VS2-11.06.2024,U69-H1-VS2-GGA15-Cr(VI) 5mg-L-13062024-Q=50.2mL-phút-4
1920,GGA15,284.2932,774,275.98,8.31316,U69-H1-VS2-11.06.2024,U69-H1-VS2-GGA15-Cr(VI) 5mg-L-13062024-Q=50.2mL-phút-4
1921,GGA15,284.6185,1249,276.3,8.31851,U69-H1-VS2-11.06.2024,U69-H1-VS2-GGA15-Cr(VI) 5mg-L-13062024-Q=50.2mL-phút-4
1922,GGA15,284.1877,1723,275.77,8.41772,U69-H1-VS2-11.06.2024,U69-H1-VS2-GGA15-Cr(VI) 5mg-L-13062024-Q=50.2mL-phút-4
1923,GGA15,284.0707,2202,275.88,8.19066,U69-H1-VS2-11.06.2024,U69-H1-VS2-GGA15-Cr(VI) 5mg-L-13062024-Q=50.2mL-phút-4
1924,GGA15,283.5616,2672,274.6,8.96163,U69-H1-VS2-11.06.2024,U69-H1-VS2-GGA15-Cr(VI) 5mg-L-13062024-Q=50.2mL-phút-4
1925,GGA15-Cr(VI)-5mg/L,283.8898,3146,275.13,8.75984,U69-H1-VS2-11.06.2024,U69-H1-VS2-GGA15-Cr(VI) 5mg-L-13062024-Q=50.2mL-phút-4
1926,GGA15-Cr(VI)-5mg/L,283.4083,3618,274.9,8.50834,U69-H1-VS2-11.06.2024,U69-H1-VS2-GGA15-Cr(VI) 5mg-L-13062024-Q=50.2mL-phút-4
1927,GGA15-Cr(VI)-5mg/L,283.5275,4091,274.58,8.94751,U69-H1-VS2-11.06.2024,U69-H1-VS2-GGA15-Cr(VI) 5mg-L-13062024-Q=50.2mL-phút-4
1928,GGA15-Cr(VI)-5mg/L,283.6297,4570,275.48,8.14966,U69-H1-VS2-11.06.2024,U69-H1-VS2-GGA15-Cr(VI) 5mg-L-13062024-Q=50.2mL-phút-4
1929,GGA15-Cr(VI)-5mg/L,283.6748,5039,275.38,8.29476,U69-H1-VS2-11.06.2024,U69-H1-VS2-GGA15-Cr(VI) 5mg-L-13062024-Q=50.2mL-phút-4
1930,GGA15-Cr(VI)-5mg/L,284.0717,5513,275.88,8.19167,U69-H1-VS2-11.06.2024,U69-H1-VS2-GGA15-Cr(VI) 5mg-L-13062024-Q=50.2mL-phút-4
1931,GGA15-Cr(VI)-5mg/L,283.4725,5987,276.19,7.2825,U69-H1-VS2-11.06.2024,U69-H1-VS2-GGA15-Cr(VI) 5mg-L-13062024-Q=50.2mL-phút-4
1932,GGA15-Cr(VI)-5mg/L,283.4221,6458,276.32,7.10211,U69-H1-VS2-11.06.2024,U69-H1-VS2-GGA15-Cr(VI) 5mg-L-13062024-Q=50.2mL-phút-4
1933,GGA15-Cr(VI)-5mg/L,283.8543,6931,275.9,7.95435,U69-H1-VS2-11.06.2024,U69-H1-VS2-GGA15-Cr(VI) 5mg-L-13062024-Q=50.2mL-phút-4
1934,GGA15,336.331,301,304.4,31.93095,U70-H3-VS2-11.06.2024,U70-H3-VS2-GGA15-Ni(II) 10mg-L-13062024-Q=50.84mL-phút-5
1935,GGA15,333.2837,776,300.8,32.48372,U70-H3-VS2-11.06.2024,U70-H3-VS2-GGA15-Ni(II) 10mg-L-13062024-Q=50.84mL-phút-5
1936,GGA15,331.6667,1248,299.0,32.66667,U70-H3-VS2-11.06.2024,U70-H3-VS2-GGA15-Ni(II) 10mg-L-13062024-Q=50.84mL-phút-5
1937,GGA15,330.2833,1723,297.4,32.88333,U70-H3-VS2-11.06.2024,U70-H3-VS2-GGA15-Ni(II) 10mg-L-13062024-Q=50.84mL-phút-5
1938,GGA15,329.18,2196,296.4,32.77999,U70-H3-VS2-11.06.2024,U70-H3-VS2-GGA15-Ni(II) 10mg-L-13062024-Q=50.84mL-phút-5
1939,GGA15,328.2442,2669,296.5,31.74419,U70-H3-VS2-11.06.2024,U70-H3-VS2-GGA15-Ni(II) 10mg-L-13062024-Q=50.84mL-phút-5
1940,GGA15-Ni(II)-10mg/L,329.5628,3142,297.0,32.5628,U70-H3-VS2-11.06.2024,U70-H3-VS2-GGA15-Ni(II) 10mg-L-13062024-Q=50.84mL-phút-5
1941,GGA15-Ni(II)-10mg/L,331.0488,3615,301.5,29.54885,U70-H3-VS2-11.06.2024,U70-H3-VS2-GGA15-Ni(II) 10mg-L-13062024-Q=50.84mL-phút-5
1942,GGA15-Ni(II)-10mg/L,331.2163,4088,302.1,29.11628,U70-H3-VS2-11.06.2024,U70-H3-VS2-GGA15-Ni(II) 10mg-L-13062024-Q=50.84mL-phút-5
1943,GGA15-Ni(II)-10mg/L,329.8209,4562,302.7,27.12092,U70-H3-VS2-11.06.2024,U70-H3-VS2-GGA15-Ni(II) 10mg-L-13062024-Q=50.84mL-phút-5
1944,GGA15-Ni(II)-10mg/L,329.607,5035,302.8,26.80698,U70-H3-VS2-11.06.2024,U70-H3-VS2-GGA15-Ni(II) 10mg-L-13062024-Q=50.84mL-phút-5
1945,GGA15-Ni(II)-10mg/L,329.0372,5508,301.7,27.33721,U70-H3-VS2-11.06.2024,U70-H3-VS2-GGA15-Ni(II) 10mg-L-13062024-Q=50.84mL-phút-5
1946,GGA15-Ni(II)-10mg/L,326.2372,5982,299.3,26.93722,U70-H3-VS2-11.06.2024,U70-H3-VS2-GGA15-Ni(II) 10mg-L-13062024-Q=50.84mL-phút-5
1947,GGA15-Ni(II)-10mg/L,326.0659,6458,299.3,26.76592,U70-H3-VS2-11.06.2024,U70-H3-VS2-GGA15-Ni(II) 10mg-L-13062024-Q=50.84mL-phút-5
1948,GGA15-Ni(II)-10mg/L,326.4955,6929,300.9,25.59544,U70-H3-VS2-11.06.2024,U70-H3-VS2-GGA15-Ni(II) 10mg-L-13062024-Q=50.84mL-phút-5
1949,GGA15-Ni(II)-10mg/L,323.4727,7400,299.0,24.47272,U70-H3-VS2-11.06.2024,U70-H3-VS2-GGA15-Ni(II) 10mg-L-13062024-Q=50.84mL-phút-5
1950,GGA15-Ni(II)-10mg/L,323.4886,7876,298.0,25.48863,U70-H3-VS2-11.06.2024,U70-H3-VS2-GGA15-Ni(II) 10mg-L-13062024-Q=50.84mL-phút-5
1951,GGA15,320.0614,301,291.2,28.86135,U70-H3-VS2-11.06.2024,U70-H3-VS2-GGA15-Cr(VI) 10mg-L-13062024-Q=50.66mL-phút-4
1952,GGA15,319.1886,776,290.4,28.78864,U70-H3-VS2-11.06.2024,U70-H3-VS2-GGA15-Cr(VI) 10mg-L-13062024-Q=50.66mL-phút-4
1953,GGA15,317.814,1248,287.6,30.21394,U70-H3-VS2-11.06.2024,U70-H3-VS2-GGA15-Cr(VI) 10mg-L-13062024-Q=50.66mL-phút-4
1954,GGA15,318.6465,1722,287.7,30.94651,U70-H3-VS2-11.06.2024,U70-H3-VS2-GGA15-Cr(VI) 10mg-L-13062024-Q=50.66mL-phút-4
1955,GGA15,315.9886,2196,287.3,28.68865,U70-H3-VS2-11.06.2024,U70-H3-VS2-GGA15-Cr(VI) 10mg-L-13062024-Q=50.66mL-phút-4
1956,GGA15,314.7349,2669,284.5,30.23489,U70-H3-VS2-11.06.2024,U70-H3-VS2-GGA15-Cr(VI) 10mg-L-13062024-Q=50.66mL-phút-4
1957,GGA15,314.8841,3143,284.5,30.38409,U70-H3-VS2-11.06.2024,U70-H3-VS2-GGA15-Cr(VI) 10mg-L-13062024-Q=50.66mL-phút-4
1958,GGA15-Cr(VI)-10mg/L,317.5023,3615,286.8,30.70227,U70-H3-VS2-11.06.2024,U70-H3-VS2-GGA15-Cr(VI) 10mg-L-13062024-Q=50.66mL-phút-4
1959,GGA15-Cr(VI)-10mg/L,316.5093,4090,286.9,29.60929,U70-H3-VS2-11.06.2024,U70-H3-VS2-GGA15-Cr(VI) 10mg-L-13062024-Q=50.66mL-phút-4
1960,GGA15-Cr(VI)-10mg/L,315.3721,4561,286.8,28.57209,U70-H3-VS2-11.06.2024,U70-H3-VS2-GGA15-Cr(VI) 10mg-L-13062024-Q=50.66mL-phút-4
1961,GGA15-Cr(VI)-10mg/L,313.6047,5035,286.1,27.50465,U70-H3-VS2-11.06.2024,U70-H3-VS2-GGA15-Cr(VI) 10mg-L-13062024-Q=50.66mL-phút-4
1962,GGA15-Cr(VI)-10mg/L,313.5159,5508,287.8,25.7159,U70-H3-VS2-11.06.2024,U70-H3-VS2-GGA15-Cr(VI) 10mg-L-13062024-Q=50.66mL-phút-4
1963,GGA15-Cr(VI)-10mg/L,310.993,5987,284.5,26.49302,U70-H3-VS2-11.06.2024,U70-H3-VS2-GGA15-Cr(VI) 10mg-L-13062024-Q=50.66mL-phút-4
1964,GGA15-Cr(VI)-10mg/L,309.5409,6461,284.5,25.04091,U70-H3-VS2-11.06.2024,U70-H3-VS2-GGA15-Cr(VI) 10mg-L-13062024-Q=50.66mL-phút-4
1965,GGA15,309.5705,301,281.9,27.67046,U70-H3-VS2-11.06.2024,U70-H3-VS2-GGA15-Zn(II) 15mg-L-13062024-Q=50.78mL-phút-2
1966,GGA15,310.9136,773,282.2,28.71363,U70-H3-VS2-11.06.2024,U70-H3-VS2-GGA15-Zn(II) 15mg-L-13062024-Q=50.78mL-phút-2
1967,GGA15,310.1907,1252,282.8,27.39071,U70-H3-VS2-11.06.2024,U70-H3-VS2-GGA15-Zn(II) 15mg-L-13062024-Q=50.78mL-phút-2
1968,GGA15,309.9864,1726,280.9,29.08636,U70-H3-VS2-11.06.2024,U70-H3-VS2-GGA15-Zn(II) 15mg-L-13062024-Q=50.78mL-phút-2
1969,GGA15,309.1349,2199,280.9,28.23488,U70-H3-VS2-11.06.2024,U70-H3-VS2-GGA15-Zn(II) 15mg-L-13062024-Q=50.78mL-phút-2
1970,GGA15-Zn(II)-15mg/L,308.6488,2673,281.3,27.34883,U70-H3-VS2-11.06.2024,U70-H3-VS2-GGA15-Zn(II) 15mg-L-13062024-Q=50.78mL-phút-2
1971,GGA15-Zn(II)-15mg/L,309.6341,3145,283.5,26.1341,U70-H3-VS2-11.06.2024,U70-H3-VS2-GGA15-Zn(II) 15mg-L-13062024-Q=50.78mL-phút-2
1972,GGA15-Zn(II)-15mg/L,310.2159,3617,286.6,23.61592,U70-H3-VS2-11.06.2024,U70-H3-VS2-GGA15-Zn(II) 15mg-L-13062024-Q=50.78mL-phút-2
1973,GGA15-Zn(II)-15mg/L,309.0114,4093,286.5,22.51135,U70-H3-VS2-11.06.2024,U70-H3-VS2-GGA15-Zn(II) 15mg-L-13062024-Q=50.78mL-phút-2
1974,GGA15-Zn(II)-15mg/L,308.5182,4564,286.5,22.01817,U70-H3-VS2-11.06.2024,U70-H3-VS2-GGA15-Zn(II) 15mg-L-13062024-Q=50.78mL-phút-2
1975,GGA15-Zn(II)-15mg/L,307.3651,5038,287.3,20.06513,U70-H3-VS2-11.06.2024,U70-H3-VS2-GGA15-Zn(II) 15mg-L-13062024-Q=50.78mL-phút-2
1976,GGA15-Zn(II)-15mg/L,306.2929,5512,285.9,20.39286,U70-H3-VS2-11.06.2024,U70-H3-VS2-GGA15-Zn(II) 15mg-L-13062024-Q=50.78mL-phút-2
1977,GGA15-Zn(II)-15mg/L,303.6976,5986,283.6,20.09762,U70-H3-VS2-11.06.2024,U70-H3-VS2-GGA15-Zn(II) 15mg-L-13062024-Q=50.78mL-phút-2
1978,GGA15-Zn(II)-15mg/L,300.1476,6459,280.1,20.04763,U70-H3-VS2-11.06.2024,U70-H3-VS2-GGA15-Zn(II) 15mg-L-13062024-Q=50.78mL-phút-2
1979,GGA15,286.0632,301,276.26,9.80317,U71-H1-VS2-12.06.2024,U71-H1-VS2-GGA15-Cr(VI) 15mg-L-14062024-Q=50.48mL-phút-5
1980,GGA15,285.8775,772,276.34,9.5375,U71-H1-VS2-12.06.2024,U71-H1-VS2-GGA15-Cr(VI) 15mg-L-14062024-Q=50.48mL-phút-5
1981,GGA15,286.6977,1249,277.34,9.35773,U71-H1-VS2-12.06.2024,U71-H1-VS2-GGA15-Cr(VI) 15mg-L-14062024-Q=50.48mL-phút-5
1982,GGA15,286.5998,1721,277.13,9.46977,U71-H1-VS2-12.06.2024,U71-H1-VS2-GGA15-Cr(VI) 15mg-L-14062024-Q=50.48mL-phút-5
1983,GGA15,287.0175,2197,277.47,9.5475,U71-H1-VS2-12.06.2024,U71-H1-VS2-GGA15-Cr(VI) 15mg-L-14062024-Q=50.48mL-phút-5
1984,GGA15-Cr(VI)-5mg/L,285.5257,2667,276.67,8.85567,U71-H1-VS2-12.06.2024,U71-H1-VS2-GGA15-Cr(VI) 15mg-L-14062024-Q=50.48mL-phút-5
1985,GGA15-Cr(VI)-5mg/L,285.4196,3139,277.34,8.07955,U71-H1-VS2-12.06.2024,U71-H1-VS2-GGA15-Cr(VI) 15mg-L-14062024-Q=50.48mL-phút-5
1986,GGA15-Cr(VI)-5mg/L,286.2043,3611,277.85,8.35431,U71-H1-VS2-12.06.2024,U71-H1-VS2-GGA15-Cr(VI) 15mg-L-14062024-Q=50.48mL-phút-5
1987,GGA15-Cr(VI)-5mg/L,286.5723,4085,278.33,8.24228,U71-H1-VS2-12.06.2024,U71-H1-VS2-GGA15-Cr(VI) 15mg-L-14062024-Q=50.48mL-phút-5
1988,GGA15-Cr(VI)-5mg/L,286.8516,4559,278.62,8.23159,U71-H1-VS2-12.06.2024,U71-H1-VS2-GGA15-Cr(VI) 15mg-L-14062024-Q=50.48mL-phút-5
1989,GGA15-Cr(VI)-5mg/L,286.7695,5036,278.7,8.06953,U71-H1-VS2-12.06.2024,U71-H1-VS2-GGA15-Cr(VI) 15mg-L-14062024-Q=50.48mL-phút-5
1990,GGA15-Cr(VI)-5mg/L,286.0666,5508,276.55,9.5166,U71-H1-VS2-12.06.2024,U71-H1-VS2-GGA15-Cr(VI) 15mg-L-14062024-Q=50.48mL-phút-5
1991,GGA15-Cr(VI)-5mg/L,282.5752,5983,275.21,7.36524,U71-H1-VS2-12.06.2024,U71-H1-VS2-GGA15-Cr(VI) 15mg-L-14062024-Q=50.48mL-phút-5
1992,GGA15-Cr(VI)-5mg/L,282.0193,6455,274.65,7.36933,U71-H1-VS2-12.06.2024,U71-H1-VS2-GGA15-Cr(VI) 15mg-L-14062024-Q=50.48mL-phút-5
1993,GGA15-Cr(VI)-5mg/L,281.9655,6930,274.62,7.34545,U71-H1-VS2-12.06.2024,U71-H1-VS2-GGA15-Cr(VI) 15mg-L-14062024-Q=50.48mL-phút-5
1994,GGA15,283.6605,301,278.03,5.63046,U71-H1-VS2-12.06.2024,U71-H1-VS2-GGA15-Zn(II) 5mg-L-14062024-Q=49.69mL-phút-2
1995,GGA15,284.7757,786,278.6,6.17567,U71-H1-VS2-12.06.2024,U71-H1-VS2-GGA15-Zn(II) 5mg-L-14062024-Q=49.69mL-phút-2
1996,GGA15,284.9543,1249,279.08,5.87433,U71-H1-VS2-12.06.2024,U71-H1-VS2-GGA15-Zn(II) 5mg-L-14062024-Q=49.69mL-phút-2
1997,GGA15,285.3471,1724,279.64,5.70704,U71-H1-VS2-12.06.2024,U71-H1-VS2-GGA15-Zn(II) 5mg-L-14062024-Q=49.69mL-phút-2
1998,GGA15,285.4807,2196,278.89,6.59067,U71-H1-VS2-12.06.2024,U71-H1-VS2-GGA15-Zn(II) 5mg-L-14062024-Q=49.69mL-phút-2
1999,GGA15,285.2082,2672,279.1,6.10822,U71-H1-VS2-12.06.2024,U71-H1-VS2-GGA15-Zn(II) 5mg-L-14062024-Q=49.69mL-phút-2
2000,GGA15,284.8732,3145,279.29,5.58317,U71-H1-VS2-12.06.2024,U71-H1-VS2-GGA15-Zn(II) 5mg-L-14062024-Q=49.69mL-phút-2
2001,GGA15-Zn(II)-5mg/L,284.9368,3621,279.37,5.56682,U71-H1-VS2-12.06.2024,U71-H1-VS2-GGA15-Zn(II) 5mg-L-14062024-Q=49.69mL-phút-2
2002,GGA15-Zn(II)-5mg/L,284.8456,4092,279.35,5.49555,U71-H1-VS2-12.06.2024,U71-H1-VS2-GGA15-Zn(II) 5mg-L-14062024-Q=49.69mL-phút-2
2003,GGA15-Zn(II)-5mg/L,284.653,4563,279.46,5.19297,U71-H1-VS2-12.06.2024,U71-H1-VS2-GGA15-Zn(II) 5mg-L-14062024-Q=49.69mL-phút-2
2004,GGA15-Zn(II)-5mg/L,284.8177,5037,279.58,5.23774,U71-H1-VS2-12.06.2024,U71-H1-VS2-GGA15-Zn(II) 5mg-L-14062024-Q=49.69mL-phút-2
2005,GGA15-Zn(II)-5mg/L,284.7807,5510,279.66,5.12068,U71-H1-VS2-12.06.2024,U71-H1-VS2-GGA15-Zn(II) 5mg-L-14062024-Q=49.69mL-phút-2
2006,GGA15,313.7019,301,282.9,30.80191,U72-H3-VS2-12.06.2024,U72-H3-VS2-GGA15-Cr(VI) 5mg-L-14062024-Q=50.64mL-phút-5
2007,GGA15,309.5226,780,279.6,29.92265,U72-H3-VS2-12.06.2024,U72-H3-VS2-GGA15-Cr(VI) 5mg-L-14062024-Q=50.64mL-phút-5
2008,GGA15,308.6698,1253,279.5,29.1698,U72-H3-VS2-12.06.2024,U72-H3-VS2-GGA15-Cr(VI) 5mg-L-14062024-Q=50.64mL-phút-5
2009,GGA15,303.9308,1732,273.4,30.53076,U72-H3-VS2-12.06.2024,U72-H3-VS2-GGA15-Cr(VI) 5mg-L-14062024-Q=50.64mL-phút-5
2010,GGA15,302.9057,2205,273.7,29.20566,U72-H3-VS2-12.06.2024,U72-H3-VS2-GGA15-Cr(VI) 5mg-L-14062024-Q=50.64mL-phút-5
2011,GGA15,302.4396,2679,272.7,29.73961,U72-H3-VS2-12.06.2024,U72-H3-VS2-GGA15-Cr(VI) 5mg-L-14062024-Q=50.64mL-phút-5
2012,GGA15-Cr(VI)-5mg/L,301.066,3152,271.6,29.46603,U72-H3-VS2-12.06.2024,U72-H3-VS2-GGA15-Cr(VI) 5mg-L-14062024-Q=50.64mL-phút-5
2013,GGA15-Cr(VI)-5mg/L,302.4519,3626,274.5,27.95191,U72-H3-VS2-12.06.2024,U72-H3-VS2-GGA15-Cr(VI) 5mg-L-14062024-Q=50.64mL-phút-5
2014,GGA15-Cr(VI)-5mg/L,303.634,4098,275.5,28.13396,U72-H3-VS2-12.06.2024,U72-H3-VS2-GGA15-Cr(VI) 5mg-L-14062024-Q=50.64mL-phút-5
2015,GGA15-Cr(VI)-5mg/L,303.6906,4572,276.1,27.59056,U72-H3-VS2-12.06.2024,U72-H3-VS2-GGA15-Cr(VI) 5mg-L-14062024-Q=50.64mL-phút-5
2016,GGA15-Cr(VI)-5mg/L,303.7673,5045,276.9,26.86731,U72-H3-VS2-12.06.2024,U72-H3-VS2-GGA15-Cr(VI) 5mg-L-14062024-Q=50.64mL-phút-5
2017,GGA15-Cr(VI)-5mg/L,303.1019,5519,278.3,24.80193,U72-H3-VS2-12.06.2024,U72-H3-VS2-GGA15-Cr(VI) 5mg-L-14062024-Q=50.64mL-phút-5
2018,GGA15-Cr(VI)-5mg/L,302.766,5994,278.2,24.56604,U72-H3-VS2-12.06.2024,U72-H3-VS2-GGA15-Cr(VI) 5mg-L-14062024-Q=50.64mL-phút-5
2019,GGA15-Cr(VI)-5mg/L,303.5462,6468,278.3,25.24616,U72-H3-VS2-12.06.2024,U72-H3-VS2-GGA15-Cr(VI) 5mg-L-14062024-Q=50.64mL-phút-5
2020,GGA-15,296.681,284,288.59,8.09104,U73-H1-VS2-14.06.2024,U73-h1-VS2-15-Cr(VI)10mgL-16062024-Q=49.88mLphut-5
2021,GGA-15,297.989,751,289.93,8.05896,U73-H1-VS2-14.06.2024,U73-h1-VS2-15-Cr(VI)10mgL-16062024-Q=49.88mLphut-5
2022,GGA-15,297.2349,1225,289.33,7.90488,U73-H1-VS2-14.06.2024,U73-h1-VS2-15-Cr(VI)10mgL-16062024-Q=49.88mLphut-5
2023,GGA-15,297.1082,1699,289.31,7.7982,U73-H1-VS2-14.06.2024,U73-h1-VS2-15-Cr(VI)10mgL-16062024-Q=49.88mLphut-5
2024,GGA-15,297.3074,2175,289.08,8.22736,U73-H1-VS2-14.06.2024,U73-h1-VS2-15-Cr(VI)10mgL-16062024-Q=49.88mLphut-5
2025,GGA-15,297.4754,2645,289.39,8.08539,U73-H1-VS2-14.06.2024,U73-h1-VS2-15-Cr(VI)10mgL-16062024-Q=49.88mLphut-5
2026,GGA-15,297.443,3120,289.33,8.11301,U73-H1-VS2-14.06.2024,U73-h1-VS2-15-Cr(VI)10mgL-16062024-Q=49.88mLphut-5
2027,GGA-15,297.6482,3594,289.79,7.85819,U73-H1-VS2-14.06.2024,U73-h1-VS2-15-Cr(VI)10mgL-16062024-Q=49.88mLphut-5
2028,GGA-15,297.5443,4064,289.66,7.88429,U73-H1-VS2-14.06.2024,U73-h1-VS2-15-Cr(VI)10mgL-16062024-Q=49.88mLphut-5
2029,GGA-15 Cr(VI)-10 mg/L,297.4774,4538,290.37,7.1074,U73-H1-VS2-14.06.2024,U73-h1-VS2-15-Cr(VI)10mgL-16062024-Q=49.88mLphut-5
2030,GGA-15 Cr(VI)-10 mg/L,298.08,5012,291.1,6.97999,U73-H1-VS2-14.06.2024,U73-h1-VS2-15-Cr(VI)10mgL-16062024-Q=49.88mLphut-5
2031,GGA-15 Cr(VI)-10 mg/L,297.6956,5486,291.35,6.34559,U73-H1-VS2-14.06.2024,U73-h1-VS2-15-Cr(VI)10mgL-16062024-Q=49.88mLphut-5
2032,GGA-15 Cr(VI)-10 mg/L,297.9368,5956,291.46,6.47681,U73-H1-VS2-14.06.2024,U73-h1-VS2-15-Cr(VI)10mgL-16062024-Q=49.88mLphut-5
2033,GGA-15 Cr(VI)-10 mg/L,297.2446,6432,291.31,5.9346,U73-H1-VS2-14.06.2024,U73-h1-VS2-15-Cr(VI)10mgL-16062024-Q=49.88mLphut-5
2034,GGA-15 Cr(VI)-10 mg/L,297.1894,6902,291.54,5.64939,U73-H1-VS2-14.06.2024,U73-h1-VS2-15-Cr(VI)10mgL-16062024-Q=49.88mLphut-5
2035,GGA-15 Cr(VI)-10 mg/L,297.1825,7376,291.58,5.60246,U73-H1-VS2-14.06.2024,U73-h1-VS2-15-Cr(VI)10mgL-16062024-Q=49.88mLphut-5
2036,GGA-15 Cr(VI)-10 mg/L,297.5536,7851,291.79,5.76359,U73-H1-VS2-14.06.2024,U73-h1-VS2-15-Cr(VI)10mgL-16062024-Q=49.88mLphut-5
2037,GGA-15,296.233,323,289.7,6.53302,U73-H1-VS2-14.06.2024,U73-H1-VS2-15-Ni(II)15mgL-16062024-Q=49.69mLphut-4
2038,GGA-15,296.2895,793,289.64,6.64946,U73-H1-VS2-14.06.2024,U73-H1-VS2-15-Ni(II)15mgL-16062024-Q=49.69mLphut-4
2039,GGA-15,296.2477,1267,289.49,6.75769,U73-H1-VS2-14.06.2024,U73-H1-VS2-15-Ni(II)15mgL-16062024-Q=49.69mLphut-4
2040,GGA-15,296.4677,1742,289.66,6.80768,U73-H1-VS2-14.06.2024,U73-H1-VS2-15-Ni(II)15mgL-16062024-Q=49.69mLphut-4
2041,GGA-15,296.4723,2215,290.0,6.47234,U73-H1-VS2-14.06.2024,U73-H1-VS2-15-Ni(II)15mgL-16062024-Q=49.69mLphut-4
2042,GGA-15,296.5732,2690,289.93,6.64317,U73-H1-VS2-14.06.2024,U73-H1-VS2-15-Ni(II)15mgL-16062024-Q=49.69mLphut-4
2043,GGA-15 Ni(II) 15,296.6316,3163,290.54,6.09157,U73-H1-VS2-14.06.2024,U73-H1-VS2-15-Ni(II)15mgL-16062024-Q=49.69mLphut-4
2044,GGA-15 Ni(II) 15,296.6103,3636,290.89,5.72026,U73-H1-VS2-14.06.2024,U73-H1-VS2-15-Ni(II)15mgL-16062024-Q=49.69mLphut-4
2045,GGA-15 Ni(II) 15,296.5865,4107,290.81,5.77649,U73-H1-VS2-14.06.2024,U73-H1-VS2-15-Ni(II)15mgL-16062024-Q=49.69mLphut-4
2046,GGA-15 Ni(II) 15,296.5888,4580,290.89,5.69881,U73-H1-VS2-14.06.2024,U73-H1-VS2-15-Ni(II)15mgL-16062024-Q=49.69mLphut-4
2047,GGA-15 Ni(II) 15,296.5071,5057,290.85,5.65709,U73-H1-VS2-14.06.2024,U73-H1-VS2-15-Ni(II)15mgL-16062024-Q=49.69mLphut-4
2048,GGA-15 Ni(II) 15,296.5083,5528,290.94,5.56829,U73-H1-VS2-14.06.2024,U73-H1-VS2-15-Ni(II)15mgL-16062024-Q=49.69mLphut-4
2049,GGA-15 Ni(II) 15,296.5455,6006,290.92,5.62551,U73-H1-VS2-14.06.2024,U73-H1-VS2-15-Ni(II)15mgL-16062024-Q=49.69mLphut-4
2050,GGA-15 Ni(II) 15,296.7074,6477,291.06,5.6474,U73-H1-VS2-14.06.2024,U73-H1-VS2-15-Ni(II)15mgL-16062024-Q=49.69mLphut-4
2051,BOD12.5,361.1301,315,342.1,19.03012,U74-H3-VS2-14.06.2024,U74-H3-VS2-12.5-Cr(VI)10mgL-16062024-Q=50.42mLphut-1
2052,BOD12.5,359.9871,788,341.2,18.78711,U74-H3-VS2-14.06.2024,U74-H3-VS2-12.5-Cr(VI)10mgL-16062024-Q=50.42mLphut-1
2053,BOD12.5,359.0796,1262,341.3,17.77956,U74-H3-VS2-14.06.2024,U74-H3-VS2-12.5-Cr(VI)10mgL-16062024-Q=50.42mLphut-1
2054,BOD12.5,358.1172,1735,340.9,17.21721,U74-H3-VS2-14.06.2024,U74-H3-VS2-12.5-Cr(VI)10mgL-16062024-Q=50.42mLphut-1
2055,BOD12.5,356.8656,2208,338.6,18.26558,U74-H3-VS2-14.06.2024,U74-H3-VS2-12.5-Cr(VI)10mgL-16062024-Q=50.42mLphut-1
2056,BOD12.5,354.972,2683,336.8,18.17203,U74-H3-VS2-14.06.2024,U74-H3-VS2-12.5-Cr(VI)10mgL-16062024-Q=50.42mLphut-1
2057,BOD12.5,352.9677,3155,335.3,17.66774,U74-H3-VS2-14.06.2024,U74-H3-VS2-12.5-Cr(VI)10mgL-16062024-Q=50.42mLphut-1
2058,BOD12.5- Cr(VI)10mg/L,351.9054,3629,332.4,19.50539,U74-H3-VS2-14.06.2024,U74-H3-VS2-12.5-Cr(VI)10mgL-16062024-Q=50.42mLphut-1
2059,BOD12.5- Cr(VI)10mg/L,350.6269,4103,333.8,16.82689,U74-H3-VS2-14.06.2024,U74-H3-VS2-12.5-Cr(VI)10mgL-16062024-Q=50.42mLphut-1
2060,BOD12.5- Cr(VI)10mg/L,349.9548,4575,333.9,16.05484,U74-H3-VS2-14.06.2024,U74-H3-VS2-12.5-Cr(VI)10mgL-16062024-Q=50.42mLphut-1
2061,BOD12.5- Cr(VI)10mg/L,349.0215,5049,334.9,14.12151,U74-H3-VS2-14.06.2024,U74-H3-VS2-12.5-Cr(VI)10mgL-16062024-Q=50.42mLphut-1
2062,BOD12.5- Cr(VI)10mg/L,348.5172,5522,335.3,13.2172,U74-H3-VS2-14.06.2024,U74-H3-VS2-12.5-Cr(VI)10mgL-16062024-Q=50.42mLphut-1
2063,BOD12.5- Cr(VI)10mg/L,349.029,5994,336.3,12.72904,U74-H3-VS2-14.06.2024,U74-H3-VS2-12.5-Cr(VI)10mgL-16062024-Q=50.42mLphut-1
2064,BOD12.5- Cr(VI)10mg/L,347.7634,6469,334.9,12.86345,U74-H3-VS2-14.06.2024,U74-H3-VS2-12.5-Cr(VI)10mgL-16062024-Q=50.42mLphut-1
2065,BOD12.5- Cr(VI)10mg/L,347.1409,6942,335.8,11.34087,U74-H3-VS2-14.06.2024,U74-H3-VS2-12.5-Cr(VI)10mgL-16062024-Q=50.42mLphut-1
2066,BOD12.5- Cr(VI)10mg/L,347.714,7415,336.1,11.61397,U74-H3-VS2-14.06.2024,U74-H3-VS2-12.5-Cr(VI)10mgL-16062024-Q=50.42mLphut-1
2067,BOD12.5- Cr(VI)10mg/L,346.7796,7889,334.4,12.37957,U74-H3-VS2-14.06.2024,U74-H3-VS2-12.5-Cr(VI)10mgL-16062024-Q=50.42mLphut-1
2068,BOD12.5,340.3492,262,326.4,13.9492,U74-H3-VS2-14.06.2024,U74-H3-VS2-12.5-Ni(II)10mgL-16062024-Q=50.14mLphut-2
2069,BOD12.5,339.8286,735,326.3,13.52857,U74-H3-VS2-14.06.2024,U74-H3-VS2-12.5-Ni(II)10mgL-16062024-Q=50.14mLphut-2
2070,BOD12.5,338.3859,1208,325.0,13.38595,U74-H3-VS2-14.06.2024,U74-H3-VS2-12.5-Ni(II)10mgL-16062024-Q=50.14mLphut-2
2071,BOD12.5,336.7254,1683,323.1,13.6254,U74-H3-VS2-14.06.2024,U74-H3-VS2-12.5-Ni(II)10mgL-16062024-Q=50.14mLphut-2
2072,BOD12.5,337.0391,2156,323.4,13.63908,U74-H3-VS2-14.06.2024,U74-H3-VS2-12.5-Ni(II)10mgL-16062024-Q=50.14mLphut-2
2073,BOD12.5,335.9651,2628,323.4,12.56509,U74-H3-VS2-14.06.2024,U74-H3-VS2-12.5-Ni(II)10mgL-16062024-Q=50.14mLphut-2
2074,BOD12.5,336.25,3103,322.8,13.44999,U74-H3-VS2-14.06.2024,U74-H3-VS2-12.5-Ni(II)10mgL-16062024-Q=50.14mLphut-2
2075,BOD12.5 Ni(II)-10 mg/L,336.7095,3575,325.0,11.70954,U74-H3-VS2-14.06.2024,U74-H3-VS2-12.5-Ni(II)10mgL-16062024-Q=50.14mLphut-2
2076,BOD12.5 Ni(II)-10 mg/L,336.8651,4050,326.1,10.76509,U74-H3-VS2-14.06.2024,U74-H3-VS2-12.5-Ni(II)10mgL-16062024-Q=50.14mLphut-2
2077,BOD12.5 Ni(II)-10 mg/L,336.154,4522,325.4,10.75398,U74-H3-VS2-14.06.2024,U74-H3-VS2-12.5-Ni(II)10mgL-16062024-Q=50.14mLphut-2
2078,BOD12.5 Ni(II)-10 mg/L,336.6365,4995,326.8,9.83652,U74-H3-VS2-14.06.2024,U74-H3-VS2-12.5-Ni(II)10mgL-16062024-Q=50.14mLphut-2
2079,BOD12.5 Ni(II)-10 mg/L,335.3688,5469,326.4,8.96874,U74-H3-VS2-14.06.2024,U74-H3-VS2-12.5-Ni(II)10mgL-16062024-Q=50.14mLphut-2
2080,BOD12.5 Ni(II)-10 mg/L,335.4159,5942,326.9,8.51586,U74-H3-VS2-14.06.2024,U74-H3-VS2-12.5-Ni(II)10mgL-16062024-Q=50.14mLphut-2
2081,BOD12.5 Ni(II)-10 mg/L,336.1841,6416,327.6,8.58412,U74-H3-VS2-14.06.2024,U74-H3-VS2-12.5-Ni(II)10mgL-16062024-Q=50.14mLphut-2
2082,GGA12.5,294.147,301,285.75,8.39702,U75-H1-VS2-14.06.2024,U75-H1-VS2-GGA12.5-Ni(II) 5mg-L-17062024-Q=50.6mL-phút-4
2083,GGA12.5,294.2053,779,285.37,8.83532,U75-H1-VS2-14.06.2024,U75-H1-VS2-GGA12.5-Ni(II) 5mg-L-17062024-Q=50.6mL-phút-4
2084,GGA12.5,294.3745,1251,285.83,8.54448,U75-H1-VS2-14.06.2024,U75-H1-VS2-GGA12.5-Ni(II) 5mg-L-17062024-Q=50.6mL-phút-4
2085,GGA12.5,294.4234,1723,285.81,8.6134,U75-H1-VS2-14.06.2024,U75-H1-VS2-GGA12.5-Ni(II) 5mg-L-17062024-Q=50.6mL-phút-4
2086,GGA12.5,294.4911,2197,285.79,8.70105,U75-H1-VS2-14.06.2024,U75-H1-VS2-GGA12.5-Ni(II) 5mg-L-17062024-Q=50.6mL-phút-4
2087,GGA12.5,294.7651,2676,286.25,8.51511,U75-H1-VS2-14.06.2024,U75-H1-VS2-GGA12.5-Ni(II) 5mg-L-17062024-Q=50.6mL-phút-4
2088,GGA12.5-Ni(II)-5mg/L,293.7151,3149,285.98,7.7351,U75-H1-VS2-14.06.2024,U75-H1-VS2-GGA12.5-Ni(II) 5mg-L-17062024-Q=50.6mL-phút-4
2089,GGA12.5-Ni(II)-5mg/L,293.97,3623,286.13,7.84,U75-H1-VS2-14.06.2024,U75-H1-VS2-GGA12.5-Ni(II) 5mg-L-17062024-Q=50.6mL-phút-4
2090,GGA12.5-Ni(II)-5mg/L,293.4866,4097,286.52,6.96661,U75-H1-VS2-14.06.2024,U75-H1-VS2-GGA12.5-Ni(II) 5mg-L-17062024-Q=50.6mL-phút-4
2091,GGA12.5-Ni(II)-5mg/L,293.7289,4570,286.84,6.88894,U75-H1-VS2-14.06.2024,U75-H1-VS2-GGA12.5-Ni(II) 5mg-L-17062024-Q=50.6mL-phút-4
2092,GGA12.5-Ni(II)-5mg/L,293.4662,5044,286.61,6.85618,U75-H1-VS2-14.06.2024,U75-H1-VS2-GGA12.5-Ni(II) 5mg-L-17062024-Q=50.6mL-phút-4
2093,GGA12.5-Ni(II)-5mg/L,293.5638,5519,287.17,6.39382,U75-H1-VS2-14.06.2024,U75-H1-VS2-GGA12.5-Ni(II) 5mg-L-17062024-Q=50.6mL-phút-4
2094,GGA12.5-Ni(II)-5mg/L,294.1966,5989,288.13,6.0666,U75-H1-VS2-14.06.2024,U75-H1-VS2-GGA12.5-Ni(II) 5mg-L-17062024-Q=50.6mL-phút-4
2095,GGA12.5-Ni(II)-5mg/L,294.136,6462,288.2,5.93595,U75-H1-VS2-14.06.2024,U75-H1-VS2-GGA12.5-Ni(II) 5mg-L-17062024-Q=50.6mL-phút-4
2096,GGA12.5-Ni(II)-5mg/L,294.2938,6937,288.22,6.07383,U75-H1-VS2-14.06.2024,U75-H1-VS2-GGA12.5-Ni(II) 5mg-L-17062024-Q=50.6mL-phút-4
2097,GGA12.5-Ni(II)-5mg/L,293.6909,7409,287.99,5.70086,U75-H1-VS2-14.06.2024,U75-H1-VS2-GGA12.5-Ni(II) 5mg-L-17062024-Q=50.6mL-phút-4
2098,GGA15,292.5828,301,285.88,6.70277,U75-H1-VS2-14.06.2024,U75-H1-VS2-GGA15-Zn(II) 10mg-L-17062024-Q=50.72mL-phút-2
2099,GGA15,292.4812,775,285.98,6.50114,U75-H1-VS2-14.06.2024,U75-H1-VS2-GGA15-Zn(II) 10mg-L-17062024-Q=50.72mL-phút-2
2100,GGA15,292.5869,1247,286.19,6.39692,U75-H1-VS2-14.06.2024,U75-H1-VS2-GGA15-Zn(II) 10mg-L-17062024-Q=50.72mL-phút-2
2101,GGA15,292.5655,1721,286.27,6.29548,U75-H1-VS2-14.06.2024,U75-H1-VS2-GGA15-Zn(II) 10mg-L-17062024-Q=50.72mL-phút-2
2102,GGA15,292.7421,2193,286.11,6.63212,U75-H1-VS2-14.06.2024,U75-H1-VS2-GGA15-Zn(II) 10mg-L-17062024-Q=50.72mL-phút-2
2103,GGA15,292.6662,2666,286.29,6.37614,U75-H1-VS2-14.06.2024,U75-H1-VS2-GGA15-Zn(II) 10mg-L-17062024-Q=50.72mL-phút-2
2104,GGA15-Zn(II)-10,292.1814,3141,285.37,6.81135,U75-H1-VS2-14.06.2024,U75-H1-VS2-GGA15-Zn(II) 10mg-L-17062024-Q=50.72mL-phút-2
2105,GGA15-Zn(II)-10,291.8637,3614,286.02,5.84366,U75-H1-VS2-14.06.2024,U75-H1-VS2-GGA15-Zn(II) 10mg-L-17062024-Q=50.72mL-phút-2
2106,GGA15-Zn(II)-10,292.0587,4090,286.0,6.05868,U75-H1-VS2-14.06.2024,U75-H1-VS2-GGA15-Zn(II) 10mg-L-17062024-Q=50.72mL-phút-2
2107,GGA15-Zn(II)-10,291.3444,4563,285.5,5.84442,U75-H1-VS2-14.06.2024,U75-H1-VS2-GGA15-Zn(II) 10mg-L-17062024-Q=50.72mL-phút-2
2108,GGA15-Zn(II)-10,291.3113,5036,285.5,5.81132,U75-H1-VS2-14.06.2024,U75-H1-VS2-GGA15-Zn(II) 10mg-L-17062024-Q=50.72mL-phút-2
2109,GGA15-Zn(II)-10,291.026,5509,285.73,5.29595,U75-H1-VS2-14.06.2024,U75-H1-VS2-GGA15-Zn(II) 10mg-L-17062024-Q=50.72mL-phút-2
2110,GGA15-Zn(II)-10,291.0128,5981,285.62,5.39283,U75-H1-VS2-14.06.2024,U75-H1-VS2-GGA15-Zn(II) 10mg-L-17062024-Q=50.72mL-phút-2
2111,GGA12.5,358.3985,301,340.4,17.99845,U76-H3-VS2-14.06.2024,U76-H3-VS2-GGA12.5-Ni(II) 5mg-L-17062024-Q=50.26mL-phút-4
2112,GGA12.5,354.8369,777,337.0,17.83691,U76-H3-VS2-14.06.2024,U76-H3-VS2-GGA12.5-Ni(II) 5mg-L-17062024-Q=50.26mL-phút-4
2113,GGA12.5,353.8523,1250,335.7,18.1523,U76-H3-VS2-14.06.2024,U76-H3-VS2-GGA12.5-Ni(II) 5mg-L-17062024-Q=50.26mL-phút-4
2114,GGA12.5,353.3878,1726,334.4,18.98776,U76-H3-VS2-14.06.2024,U76-H3-VS2-GGA12.5-Ni(II) 5mg-L-17062024-Q=50.26mL-phút-4
2115,GGA12.5,358.1816,2198,340.4,17.78162,U76-H3-VS2-14.06.2024,U76-H3-VS2-GGA12.5-Ni(II) 5mg-L-17062024-Q=50.26mL-phút-4
2116,GGA12.5,356.7604,2671,338.9,17.86042,U76-H3-VS2-14.06.2024,U76-H3-VS2-GGA12.5-Ni(II) 5mg-L-17062024-Q=50.26mL-phút-4
2117,GGA12.5-Ni(II)-5,354.4612,3147,336.8,17.66121,U76-H3-VS2-14.06.2024,U76-H3-VS2-GGA12.5-Ni(II) 5mg-L-17062024-Q=50.26mL-phút-4
2118,GGA12.5-Ni(II)-5,350.9898,3619,334.8,16.1898,U76-H3-VS2-14.06.2024,U76-H3-VS2-GGA12.5-Ni(II) 5mg-L-17062024-Q=50.26mL-phút-4
2119,GGA12.5-Ni(II)-5,349.8896,4092,334.1,15.78957,U76-H3-VS2-14.06.2024,U76-H3-VS2-GGA12.5-Ni(II) 5mg-L-17062024-Q=50.26mL-phút-4
2120,GGA12.5-Ni(II)-5,352.0854,4564,334.3,17.78541,U76-H3-VS2-14.06.2024,U76-H3-VS2-GGA12.5-Ni(II) 5mg-L-17062024-Q=50.26mL-phút-4
2121,GGA12.5-Ni(II)-5,349.2408,5039,331.7,17.54082,U76-H3-VS2-14.06.2024,U76-H3-VS2-GGA12.5-Ni(II) 5mg-L-17062024-Q=50.26mL-phút-4
2122,GGA12.5-Ni(II)-5,347.3667,5512,329.4,17.96667,U76-H3-VS2-14.06.2024,U76-H3-VS2-GGA12.5-Ni(II) 5mg-L-17062024-Q=50.26mL-phút-4
2123,GGA12.5-Ni(II)-5,346.0,5986,329.5,16.50001,U76-H3-VS2-14.06.2024,U76-H3-VS2-GGA12.5-Ni(II) 5mg-L-17062024-Q=50.26mL-phút-4
2124,GGA12.5-Ni(II)-5,342.3694,6460,328.3,14.06939,U76-H3-VS2-14.06.2024,U76-H3-VS2-GGA12.5-Ni(II) 5mg-L-17062024-Q=50.26mL-phút-4
2125,GGA12.5-Ni(II)-5,341.502,6936,328.8,12.70205,U76-H3-VS2-14.06.2024,U76-H3-VS2-GGA12.5-Ni(II) 5mg-L-17062024-Q=50.26mL-phút-4
2126,GGA12.5-Ni(II)-5,342.4265,7407,327.2,15.22653,U76-H3-VS2-14.06.2024,U76-H3-VS2-GGA12.5-Ni(II) 5mg-L-17062024-Q=50.26mL-phút-4
2127,GGA12.5-Ni(II)-5,342.2857,7878,330.1,12.18572,U76-H3-VS2-14.06.2024,U76-H3-VS2-GGA12.5-Ni(II) 5mg-L-17062024-Q=50.26mL-phút-4
2128,GGA12.5-Ni(II)-5,340.1313,8351,329.3,10.83126,U76-H3-VS2-14.06.2024,U76-H3-VS2-GGA12.5-Ni(II) 5mg-L-17062024-Q=50.26mL-phút-4
2129,GGA12.5-Ni(II)-5,340.8469,8824,329.1,11.74693,U76-H3-VS2-14.06.2024,U76-H3-VS2-GGA12.5-Ni(II) 5mg-L-17062024-Q=50.26mL-phút-4
2130,GGA12.5-Ni(II)-5,339.9063,9298,327.6,12.30625,U76-H3-VS2-14.06.2024,U76-H3-VS2-GGA12.5-Ni(II) 5mg-L-17062024-Q=50.26mL-phút-4
2131,GGA15,335.4792,301,320.7,14.77918,U76-H3-VS2-14.06.2024,U76-H3-VS2-GGA15-Zn(II) 15mg-L-17062024-Q=50.8mL-phút-3
2132,GGA15,336.0796,775,321.5,14.57959,U76-H3-VS2-14.06.2024,U76-H3-VS2-GGA15-Zn(II) 15mg-L-17062024-Q=50.8mL-phút-3
2133,GGA15,333.3571,1254,318.5,14.85713,U76-H3-VS2-14.06.2024,U76-H3-VS2-GGA15-Zn(II) 15mg-L-17062024-Q=50.8mL-phút-3
2134,GGA15,331.9833,1727,317.3,14.68334,U76-H3-VS2-14.06.2024,U76-H3-VS2-GGA15-Zn(II) 15mg-L-17062024-Q=50.8mL-phút-3
2135,GGA15,329.6146,2202,314.3,15.31458,U76-H3-VS2-14.06.2024,U76-H3-VS2-GGA15-Zn(II) 15mg-L-17062024-Q=50.8mL-phút-3
2136,GGA15,327.5833,2675,313.0,14.58334,U76-H3-VS2-14.06.2024,U76-H3-VS2-GGA15-Zn(II) 15mg-L-17062024-Q=50.8mL-phút-3
2137,GGA15,330.5612,3146,316.5,14.06121,U76-H3-VS2-14.06.2024,U76-H3-VS2-GGA15-Zn(II) 15mg-L-17062024-Q=50.8mL-phút-3
2138,GGA15-Zn(II)-15,331.4123,3620,316.4,15.01226,U76-H3-VS2-14.06.2024,U76-H3-VS2-GGA15-Zn(II) 15mg-L-17062024-Q=50.8mL-phút-3
2139,GGA15-Zn(II)-15,331.7755,4092,317.0,14.77551,U76-H3-VS2-14.06.2024,U76-H3-VS2-GGA15-Zn(II) 15mg-L-17062024-Q=50.8mL-phút-3
2140,GGA15-Zn(II)-15,332.2981,4565,316.7,15.59807,U76-H3-VS2-14.06.2024,U76-H3-VS2-GGA15-Zn(II) 15mg-L-17062024-Q=50.8mL-phút-3
2141,GGA15-Zn(II)-15,331.4923,5037,316.2,15.29232,U76-H3-VS2-14.06.2024,U76-H3-VS2-GGA15-Zn(II) 15mg-L-17062024-Q=50.8mL-phút-3
2142,GGA15-Zn(II)-15,328.9942,5511,315.5,13.49424,U76-H3-VS2-14.06.2024,U76-H3-VS2-GGA15-Zn(II) 15mg-L-17062024-Q=50.8mL-phút-3
2143,GGA15-Zn(II)-15,326.6321,5990,312.3,14.33207,U76-H3-VS2-14.06.2024,U76-H3-VS2-GGA15-Zn(II) 15mg-L-17062024-Q=50.8mL-phút-3
2144,GGA15-Zn(II)-15,323.4571,6464,309.9,13.55715,U76-H3-VS2-14.06.2024,U76-H3-VS2-GGA15-Zn(II) 15mg-L-17062024-Q=50.8mL-phút-3
2145,GGA5,294.461,301,286.19,8.27096,U77-H1-VS2-16.06.2024,U77-H1-VS2-GGA5-Zn(II) 10mg-L-18062024-Q=50.04mL-phút-1
2146,GGA5,294.3298,777,286.59,7.73981,U77-H1-VS2-16.06.2024,U77-H1-VS2-GGA5-Zn(II) 10mg-L-18062024-Q=50.04mL-phút-1
2147,GGA5,294.9267,1249,286.9,8.02674,U77-H1-VS2-16.06.2024,U77-H1-VS2-GGA5-Zn(II) 10mg-L-18062024-Q=50.04mL-phút-1
2148,GGA5,294.6287,1722,286.54,8.08864,U77-H1-VS2-16.06.2024,U77-H1-VS2-GGA5-Zn(II) 10mg-L-18062024-Q=50.04mL-phút-1
2149,GGA5,294.8814,2197,287.15,7.73136,U77-H1-VS2-16.06.2024,U77-H1-VS2-GGA5-Zn(II) 10mg-L-18062024-Q=50.04mL-phút-1
2150,GGA5-Zn-10,293.6737,2672,286.23,7.44372,U77-H1-VS2-16.06.2024,U77-H1-VS2-GGA5-Zn(II) 10mg-L-18062024-Q=50.04mL-phút-1
2151,GGA5-Zn-10,293.474,3145,286.31,7.16404,U77-H1-VS2-16.06.2024,U77-H1-VS2-GGA5-Zn(II) 10mg-L-18062024-Q=50.04mL-phút-1
2152,GGA5-Zn-10,293.2298,3617,286.54,6.6898,U77-H1-VS2-16.06.2024,U77-H1-VS2-GGA5-Zn(II) 10mg-L-18062024-Q=50.04mL-phút-1
2153,GGA5-Zn-10,293.1235,4092,285.94,7.18346,U77-H1-VS2-16.06.2024,U77-H1-VS2-GGA5-Zn(II) 10mg-L-18062024-Q=50.04mL-phút-1
2154,GGA5-Zn-10,293.1645,4563,286.31,6.85451,U77-H1-VS2-16.06.2024,U77-H1-VS2-GGA5-Zn(II) 10mg-L-18062024-Q=50.04mL-phút-1
2155,GGA5-Zn-10,293.0325,5037,285.14,7.89249,U77-H1-VS2-16.06.2024,U77-H1-VS2-GGA5-Zn(II) 10mg-L-18062024-Q=50.04mL-phút-1
2156,GGA5-Zn-10,291.979,5512,285.42,6.55901,U77-H1-VS2-16.06.2024,U77-H1-VS2-GGA5-Zn(II) 10mg-L-18062024-Q=50.04mL-phút-1
2157,GGA5-Zn-10,292.3685,5989,285.96,6.40847,U77-H1-VS2-16.06.2024,U77-H1-VS2-GGA5-Zn(II) 10mg-L-18062024-Q=50.04mL-phút-1
2158,GGA5-Zn-10,292.185,6459,285.19,6.995,U77-H1-VS2-16.06.2024,U77-H1-VS2-GGA5-Zn(II) 10mg-L-18062024-Q=50.04mL-phút-1
2159,GGA15,292.559,301,284.14,8.41903,U77-H1-VS2-16.06.2024,U77-H1-VS2-GGA15-Cr(VI) 15mg-L-18062024-Q=50.94mL-phút-4
2160,GGA15,292.2558,775,284.01,8.24576,U77-H1-VS2-16.06.2024,U77-H1-VS2-GGA15-Cr(VI) 15mg-L-18062024-Q=50.94mL-phút-4
2161,GGA15,292.2744,1254,283.78,8.49442,U77-H1-VS2-16.06.2024,U77-H1-VS2-GGA15-Cr(VI) 15mg-L-18062024-Q=50.94mL-phút-4
2162,GGA15,292.2693,1726,283.55,8.71933,U77-H1-VS2-16.06.2024,U77-H1-VS2-GGA15-Cr(VI) 15mg-L-18062024-Q=50.94mL-phút-4
2163,GGA15,291.9057,2201,283.53,8.37568,U77-H1-VS2-16.06.2024,U77-H1-VS2-GGA15-Cr(VI) 15mg-L-18062024-Q=50.94mL-phút-4
2164,GGA15,291.8202,2673,283.09,8.73023,U77-H1-VS2-16.06.2024,U77-H1-VS2-GGA15-Cr(VI) 15mg-L-18062024-Q=50.94mL-phút-4
2165,GGA15,291.4823,3147,282.99,8.49233,U77-H1-VS2-16.06.2024,U77-H1-VS2-GGA15-Cr(VI) 15mg-L-18062024-Q=50.94mL-phút-4
2166,GGA15-Cr-15,291.1098,3619,283.01,8.09976,U77-H1-VS2-16.06.2024,U77-H1-VS2-GGA15-Cr(VI) 15mg-L-18062024-Q=50.94mL-phút-4
2167,GGA15-Cr-15,290.9774,4093,283.6,7.37743,U77-H1-VS2-16.06.2024,U77-H1-VS2-GGA15-Cr(VI) 15mg-L-18062024-Q=50.94mL-phút-4
2168,GGA15-Cr-15,291.1288,4566,283.78,7.34884,U77-H1-VS2-16.06.2024,U77-H1-VS2-GGA15-Cr(VI) 15mg-L-18062024-Q=50.94mL-phút-4
2169,GGA15-Cr-15,290.8982,5041,283.78,7.11817,U77-H1-VS2-16.06.2024,U77-H1-VS2-GGA15-Cr(VI) 15mg-L-18062024-Q=50.94mL-phút-4
2170,GGA15-Cr-15,291.142,5514,284.16,6.98204,U77-H1-VS2-16.06.2024,U77-H1-VS2-GGA15-Cr(VI) 15mg-L-18062024-Q=50.94mL-phút-4
2171,GGA15-Cr-15,291.2449,5987,284.12,7.1249,U77-H1-VS2-16.06.2024,U77-H1-VS2-GGA15-Cr(VI) 15mg-L-18062024-Q=50.94mL-phút-4
2172,GGA15,340.6426,301,315.1,25.54254,U78-H3-VS2-16.06.2024,U78-H3-VS2-GGA15-Zn(II) 10mg-L-18062024-Q=50.34mL-phút-3
2173,GGA15,341.1383,777,314.4,26.73831,U78-H3-VS2-16.06.2024,U78-H3-VS2-GGA15-Zn(II) 10mg-L-18062024-Q=50.34mL-phút-3
2174,GGA15,340.9702,1248,315.1,25.8702,U78-H3-VS2-16.06.2024,U78-H3-VS2-GGA15-Zn(II) 10mg-L-18062024-Q=50.34mL-phút-3
2175,GGA15,341.8957,1721,316.2,25.69575,U78-H3-VS2-16.06.2024,U78-H3-VS2-GGA15-Zn(II) 10mg-L-18062024-Q=50.34mL-phút-3
2176,GGA15,342.7085,2195,316.2,26.50852,U78-H3-VS2-16.06.2024,U78-H3-VS2-GGA15-Zn(II) 10mg-L-18062024-Q=50.34mL-phút-3
2177,GGA15,341.8957,2668,315.7,26.19575,U78-H3-VS2-16.06.2024,U78-H3-VS2-GGA15-Zn(II) 10mg-L-18062024-Q=50.34mL-phút-3
2178,GGA15-Zn-10,339.8438,3141,311.8,28.04375,U78-H3-VS2-16.06.2024,U78-H3-VS2-GGA15-Zn(II) 10mg-L-18062024-Q=50.34mL-phút-3
2179,GGA15-Zn-10,341.5521,3615,315.7,25.85209,U78-H3-VS2-16.06.2024,U78-H3-VS2-GGA15-Zn(II) 10mg-L-18062024-Q=50.34mL-phút-3
2180,GGA15-Zn-10,340.6383,4088,315.5,25.13831,U78-H3-VS2-16.06.2024,U78-H3-VS2-GGA15-Zn(II) 10mg-L-18062024-Q=50.34mL-phút-3
2181,GGA15-Zn-10,338.9167,4562,314.4,24.51668,U78-H3-VS2-16.06.2024,U78-H3-VS2-GGA15-Zn(II) 10mg-L-18062024-Q=50.34mL-phút-3
2182,GGA15-Zn-10,338.0455,5035,313.6,24.44546,U78-H3-VS2-16.06.2024,U78-H3-VS2-GGA15-Zn(II) 10mg-L-18062024-Q=50.34mL-phút-3
2183,GGA15-Zn-10,334.9636,5509,310.7,24.26364,U78-H3-VS2-16.06.2024,U78-H3-VS2-GGA15-Zn(II) 10mg-L-18062024-Q=50.34mL-phút-3
2184,GGA15-Zn-10,333.9379,5982,311.7,22.23794,U78-H3-VS2-16.06.2024,U78-H3-VS2-GGA15-Zn(II) 10mg-L-18062024-Q=50.34mL-phút-3
2185,GGA15-Zn-10,333.66,6455,311.3,22.35999,U78-H3-VS2-16.06.2024,U78-H3-VS2-GGA15-Zn(II) 10mg-L-18062024-Q=50.34mL-phút-3
2186,GGA15-Zn-10,331.4689,6934,308.9,22.56889,U78-H3-VS2-16.06.2024,U78-H3-VS2-GGA15-Zn(II) 10mg-L-18062024-Q=50.34mL-phút-3
2187,GGA15,327.5689,301,301.3,26.2689,U78-H3-VS2-16.06.2024,U78-H3-VS2-GGA15-Ni(II) 15mg-L-18062024-Q=50.2mL-phút-5
2188,GGA15,326.6156,774,298.9,27.71554,U78-H3-VS2-16.06.2024,U78-H3-VS2-GGA15-Ni(II) 15mg-L-18062024-Q=50.2mL-phút-5
2189,GGA15,325.4711,1248,297.8,27.67111,U78-H3-VS2-16.06.2024,U78-H3-VS2-GGA15-Ni(II) 15mg-L-18062024-Q=50.2mL-phút-5
2190,GGA15,324.75,1721,297.7,27.05001,U78-H3-VS2-16.06.2024,U78-H3-VS2-GGA15-Ni(II) 15mg-L-18062024-Q=50.2mL-phút-5
2191,GGA15,324.6,2195,297.5,27.09999,U78-H3-VS2-16.06.2024,U78-H3-VS2-GGA15-Ni(II) 15mg-L-18062024-Q=50.2mL-phút-5
2192,GGA15,322.4467,2667,296.1,26.34668,U78-H3-VS2-16.06.2024,U78-H3-VS2-GGA15-Ni(II) 15mg-L-18062024-Q=50.2mL-phút-5
2193,GGA15,320.5356,3141,293.7,26.83554,U78-H3-VS2-16.06.2024,U78-H3-VS2-GGA15-Ni(II) 15mg-L-18062024-Q=50.2mL-phút-5
2194,GGA15-Ni-15,324.18,3614,297.4,26.78,U78-H3-VS2-16.06.2024,U78-H3-VS2-GGA15-Ni(II) 15mg-L-18062024-Q=50.2mL-phút-5
2195,GGA15-Ni-15,322.5422,4089,296.3,26.24223,U78-H3-VS2-16.06.2024,U78-H3-VS2-GGA15-Ni(II) 15mg-L-18062024-Q=50.2mL-phút-5
2196,GGA15-Ni-15,321.4718,4562,297.6,23.87179,U78-H3-VS2-16.06.2024,U78-H3-VS2-GGA15-Ni(II) 15mg-L-18062024-Q=50.2mL-phút-5
2197,GGA15-Ni-15,319.9923,5035,297.8,22.1923,U78-H3-VS2-16.06.2024,U78-H3-VS2-GGA15-Ni(II) 15mg-L-18062024-Q=50.2mL-phút-5
2198,GGA15-Ni-15,319.818,5508,297.8,22.01795,U78-H3-VS2-16.06.2024,U78-H3-VS2-GGA15-Ni(II) 15mg-L-18062024-Q=50.2mL-phút-5
2199,GGA15-Ni-15,317.8897,5983,296.9,20.98974,U78-H3-VS2-16.06.2024,U78-H3-VS2-GGA15-Ni(II) 15mg-L-18062024-Q=50.2mL-phút-5
2200,GGA15-Ni-15,317.5462,6455,296.4,21.14615,U78-H3-VS2-16.06.2024,U78-H3-VS2-GGA15-Ni(II) 15mg-L-18062024-Q=50.2mL-phút-5
2201,GGA15-Ni-15,317.0468,6930,296.0,21.04681,U78-H3-VS2-16.06.2024,U78-H3-VS2-GGA15-Ni(II) 15mg-L-18062024-Q=50.2mL-phút-5
2202,GGA15-Ni-15,317.1022,7401,297.2,19.90219,U78-H3-VS2-16.06.2024,U78-H3-VS2-GGA15-Ni(II) 15mg-L-18062024-Q=50.2mL-phút-5
2203,GGA15-Ni-15,316.9391,7875,295.1,21.83914,U78-H3-VS2-16.06.2024,U78-H3-VS2-GGA15-Ni(II) 15mg-L-18062024-Q=50.2mL-phút-5
2204,GGA15-Ni-15,315.7192,8348,295.0,20.71916,U78-H3-VS2-16.06.2024,U78-H3-VS2-GGA15-Ni(II) 15mg-L-18062024-Q=50.2mL-phút-5
2205,GGA15,290.2431,301,280.98,9.26313,U79-H1-VS2-17.06.2024,U79-H1-VS2-GGA15-Cr(VI) 15mg-L-19062024-Q=50.48mL-phút-5
2206,GGA15,290.4162,774,281.5,8.9162,U79-H1-VS2-17.06.2024,U79-H1-VS2-GGA15-Cr(VI) 15mg-L-19062024-Q=50.48mL-phút-5
2207,GGA15,290.2162,1247,281.21,9.00621,U79-H1-VS2-17.06.2024,U79-H1-VS2-GGA15-Cr(VI) 15mg-L-19062024-Q=50.48mL-phút-5
2208,GGA15,290.6863,1723,280.81,9.87628,U79-H1-VS2-17.06.2024,U79-H1-VS2-GGA15-Cr(VI) 15mg-L-19062024-Q=50.48mL-phút-5
2209,GGA15,290.1086,2196,280.48,9.62859,U79-H1-VS2-17.06.2024,U79-H1-VS2-GGA15-Cr(VI) 15mg-L-19062024-Q=50.48mL-phút-5
2210,GGA15,290.4094,2663,280.58,9.82941,U79-H1-VS2-17.06.2024,U79-H1-VS2-GGA15-Cr(VI) 15mg-L-19062024-Q=50.48mL-phút-5
2211,GGA15,290.7242,3141,282.22,8.5042,U79-H1-VS2-17.06.2024,U79-H1-VS2-GGA15-Cr(VI) 15mg-L-19062024-Q=50.48mL-phút-5
2212,GGA15-Cr-15,290.6937,3613,282.84,7.85373,U79-H1-VS2-17.06.2024,U79-H1-VS2-GGA15-Cr(VI) 15mg-L-19062024-Q=50.48mL-phút-5
2213,GGA15-Cr-15,290.8788,4088,283.3,7.57881,U79-H1-VS2-17.06.2024,U79-H1-VS2-GGA15-Cr(VI) 15mg-L-19062024-Q=50.48mL-phút-5
2214,GGA15-Cr-15,291.0892,4563,283.49,7.59921,U79-H1-VS2-17.06.2024,U79-H1-VS2-GGA15-Cr(VI) 15mg-L-19062024-Q=50.48mL-phút-5
2215,GGA15-Cr-15,291.0894,5034,284.45,6.63939,U79-H1-VS2-17.06.2024,U79-H1-VS2-GGA15-Cr(VI) 15mg-L-19062024-Q=50.48mL-phút-5
2216,GGA15-Cr-15,291.2128,5509,284.45,6.76279,U79-H1-VS2-17.06.2024,U79-H1-VS2-GGA15-Cr(VI) 15mg-L-19062024-Q=50.48mL-phút-5
2217,GGA15-Cr-15,291.125,5980,284.41,6.715,U79-H1-VS2-17.06.2024,U79-H1-VS2-GGA15-Cr(VI) 15mg-L-19062024-Q=50.48mL-phút-5
2218,GGA15,349.3061,301,315.1,34.20605,U80-H3-VS2-17.06.2024,U80-H3-VS2-GGA15-Zn(II) 5mg-L-19062024-Q=51mL-phút-3
2219,GGA15,346.4924,780,312.3,34.19242,U80-H3-VS2-17.06.2024,U80-H3-VS2-GGA15-Zn(II) 5mg-L-19062024-Q=51mL-phút-3
2220,GGA15,346.0682,1251,312.5,33.56818,U80-H3-VS2-17.06.2024,U80-H3-VS2-GGA15-Zn(II) 5mg-L-19062024-Q=51mL-phút-3
2221,GGA15,345.6403,1723,312.5,33.1403,U80-H3-VS2-17.06.2024,U80-H3-VS2-GGA15-Zn(II) 5mg-L-19062024-Q=51mL-phút-3
2222,GGA15,345.0,2197,311.5,33.49999,U80-H3-VS2-17.06.2024,U80-H3-VS2-GGA15-Zn(II) 5mg-L-19062024-Q=51mL-phút-3
2223,GGA15,344.5313,2671,310.3,34.23135,U80-H3-VS2-17.06.2024,U80-H3-VS2-GGA15-Zn(II) 5mg-L-19062024-Q=51mL-phút-3
2224,GGA15,344.3349,3143,308.9,35.43485,U80-H3-VS2-17.06.2024,U80-H3-VS2-GGA15-Zn(II) 5mg-L-19062024-Q=51mL-phút-3
2225,GGA15-Zn-5,344.1015,3616,310.9,33.20152,U80-H3-VS2-17.06.2024,U80-H3-VS2-GGA15-Zn(II) 5mg-L-19062024-Q=51mL-phút-3
2226,GGA15-Zn-5,342.3061,4091,308.8,33.50606,U80-H3-VS2-17.06.2024,U80-H3-VS2-GGA15-Zn(II) 5mg-L-19062024-Q=51mL-phút-3
2227,GGA15-Zn-5,341.0576,4564,307.7,33.35757,U80-H3-VS2-17.06.2024,U80-H3-VS2-GGA15-Zn(II) 5mg-L-19062024-Q=51mL-phút-3
2228,GGA15-Zn-5,340.2439,5036,309.0,31.24395,U80-H3-VS2-17.06.2024,U80-H3-VS2-GGA15-Zn(II) 5mg-L-19062024-Q=51mL-phút-3
2229,GGA15-Zn-5,339.397,5509,307.6,31.79698,U80-H3-VS2-17.06.2024,U80-H3-VS2-GGA15-Zn(II) 5mg-L-19062024-Q=51mL-phút-3
2230,GGA15-Zn-5,337.3,5983,308.9,28.4,U80-H3-VS2-17.06.2024,U80-H3-VS2-GGA15-Zn(II) 5mg-L-19062024-Q=51mL-phút-3
2231,GGA15-Zn-5,335.7046,6455,308.7,27.00455,U80-H3-VS2-17.06.2024,U80-H3-VS2-GGA15-Zn(II) 5mg-L-19062024-Q=51mL-phút-3
2232,GGA15-Zn-5,333.0955,6930,306.8,26.29544,U80-H3-VS2-17.06.2024,U80-H3-VS2-GGA15-Zn(II) 5mg-L-19062024-Q=51mL-phút-3
2233,GGA15-Zn-5,332.3182,7402,305.5,26.81818,U80-H3-VS2-17.06.2024,U80-H3-VS2-GGA15-Zn(II) 5mg-L-19062024-Q=51mL-phút-3
2234,GGA15,319.5288,301,287.6,31.92878,U80-H3-VS2-17.06.2024,U80-H3-VS2-GGA15-Cr(VI) 15mg-L-19062024-Q=50.18mL-phút-5
2235,GGA15,318.7318,776,287.0,31.73182,U80-H3-VS2-17.06.2024,U80-H3-VS2-GGA15-Cr(VI) 15mg-L-19062024-Q=50.18mL-phút-5
2236,GGA15,317.4955,1247,285.9,31.59546,U80-H3-VS2-17.06.2024,U80-H3-VS2-GGA15-Cr(VI) 15mg-L-19062024-Q=50.18mL-phút-5
2237,GGA15,316.2608,1722,285.1,31.16078,U80-H3-VS2-17.06.2024,U80-H3-VS2-GGA15-Cr(VI) 15mg-L-19062024-Q=50.18mL-phút-5
2238,GGA15,315.116,2195,283.7,31.41601,U80-H3-VS2-17.06.2024,U80-H3-VS2-GGA15-Cr(VI) 15mg-L-19062024-Q=50.18mL-phút-5
2239,GGA15-Cr-15,315.112,2669,283.4,31.71201,U80-H3-VS2-17.06.2024,U80-H3-VS2-GGA15-Cr(VI) 15mg-L-19062024-Q=50.18mL-phút-5
2240,GGA15-Cr-15,315.994,3141,285.8,30.19399,U80-H3-VS2-17.06.2024,U80-H3-VS2-GGA15-Cr(VI) 15mg-L-19062024-Q=50.18mL-phút-5
2241,GGA15-Cr-15,314.774,3616,287.7,27.074,U80-H3-VS2-17.06.2024,U80-H3-VS2-GGA15-Cr(VI) 15mg-L-19062024-Q=50.18mL-phút-5
2242,GGA15-Cr-15,313.836,4088,289.0,24.836,U80-H3-VS2-17.06.2024,U80-H3-VS2-GGA15-Cr(VI) 15mg-L-19062024-Q=50.18mL-phút-5
2243,GGA15-Cr-15,315.236,4562,291.0,24.23599,U80-H3-VS2-17.06.2024,U80-H3-VS2-GGA15-Cr(VI) 15mg-L-19062024-Q=50.18mL-phút-5
2244,GGA15-Cr-15,316.21,5035,292.9,23.31,U80-H3-VS2-17.06.2024,U80-H3-VS2-GGA15-Cr(VI) 15mg-L-19062024-Q=50.18mL-phút-5
2245,GGA15-Cr-15,316.142,5508,293.5,22.64199,U80-H3-VS2-17.06.2024,U80-H3-VS2-GGA15-Cr(VI) 15mg-L-19062024-Q=50.18mL-phút-5
2246,GGA15-Cr-15,315.712,5985,293.3,22.412,U80-H3-VS2-17.06.2024,U80-H3-VS2-GGA15-Cr(VI) 15mg-L-19062024-Q=50.18mL-phút-5
2247,GGA15-Cr-15,315.98,6455,295.5,20.47999,U80-H3-VS2-17.06.2024,U80-H3-VS2-GGA15-Cr(VI) 15mg-L-19062024-Q=50.18mL-phút-5
2248,GGA15-Cr-15,315.636,6928,296.5,19.136,U80-H3-VS2-17.06.2024,U80-H3-VS2-GGA15-Cr(VI) 15mg-L-19062024-Q=50.18mL-phút-5
2249,GGA15-Cr-15,315.518,7402,296.8,18.71801,U80-H3-VS2-17.06.2024,U80-H3-VS2-GGA15-Cr(VI) 15mg-L-19062024-Q=50.18mL-phút-5
2250,GGA15-Cr-15,314.24,7876,295.2,19.04001,U80-H3-VS2-17.06.2024,U80-H3-VS2-GGA15-Cr(VI) 15mg-L-19062024-Q=50.18mL-phút-5
2251,GGA5,291.0998,301,282.93,8.16982,U81-H1-VS2-18.06.2024,U81-H1-VS2-GGA5-Ni(II) 5mg-L-20062024-Q=50.58mL-phút-3
2252,GGA5,290.5749,775,282.74,7.83491,U81-H1-VS2-18.06.2024,U81-H1-VS2-GGA5-Ni(II) 5mg-L-20062024-Q=50.58mL-phút-3
2253,GGA5,290.7538,1250,283.74,7.01378,U81-H1-VS2-18.06.2024,U81-H1-VS2-GGA5-Ni(II) 5mg-L-20062024-Q=50.58mL-phút-3
2254,GGA5,291.2672,1723,283.09,8.17717,U81-H1-VS2-18.06.2024,U81-H1-VS2-GGA5-Ni(II) 5mg-L-20062024-Q=50.58mL-phút-3
2255,GGA5,291.9747,2193,284.87,7.10472,U81-H1-VS2-18.06.2024,U81-H1-VS2-GGA5-Ni(II) 5mg-L-20062024-Q=50.58mL-phút-3
2256,GGA5,291.9768,2667,284.33,7.6468,U81-H1-VS2-18.06.2024,U81-H1-VS2-GGA5-Ni(II) 5mg-L-20062024-Q=50.58mL-phút-3
2257,GGA5,291.7709,3141,284.24,7.53095,U81-H1-VS2-18.06.2024,U81-H1-VS2-GGA5-Ni(II) 5mg-L-20062024-Q=50.58mL-phút-3
2258,GGA5-Ni-5,291.9951,3614,284.79,7.20508,U81-H1-VS2-18.06.2024,U81-H1-VS2-GGA5-Ni(II) 5mg-L-20062024-Q=50.58mL-phút-3
2259,GGA5-Ni-5,292.0148,4087,285.35,6.6648,U81-H1-VS2-18.06.2024,U81-H1-VS2-GGA5-Ni(II) 5mg-L-20062024-Q=50.58mL-phút-3
2260,GGA5-Ni-5,292.1259,4560,285.29,6.83584,U81-H1-VS2-18.06.2024,U81-H1-VS2-GGA5-Ni(II) 5mg-L-20062024-Q=50.58mL-phút-3
2261,GGA5-Ni-5,292.077,5033,285.37,6.70698,U81-H1-VS2-18.06.2024,U81-H1-VS2-GGA5-Ni(II) 5mg-L-20062024-Q=50.58mL-phút-3
2262,GGA5-Ni-5,292.3309,5506,285.52,6.81095,U81-H1-VS2-18.06.2024,U81-H1-VS2-GGA5-Ni(II) 5mg-L-20062024-Q=50.58mL-phút-3
2263,GGA5-Ni-5,292.8175,5981,285.6,7.21753,U81-H1-VS2-18.06.2024,U81-H1-VS2-GGA5-Ni(II) 5mg-L-20062024-Q=50.58mL-phút-3
2264,GGA5-Ni-5,293.16,6453,285.77,7.39001,U81-H1-VS2-18.06.2024,U81-H1-VS2-GGA5-Ni(II) 5mg-L-20062024-Q=50.58mL-phút-3
2265,GGA5-Ni-5,292.4245,6926,285.46,6.96454,U81-H1-VS2-18.06.2024,U81-H1-VS2-GGA5-Ni(II) 5mg-L-20062024-Q=50.58mL-phút-3
2266,GGA5-Ni-5,291.8357,7398,285.42,6.41565,U81-H1-VS2-18.06.2024,U81-H1-VS2-GGA5-Ni(II) 5mg-L-20062024-Q=50.58mL-phút-3
2267,GGA5-Ni-5,291.664,7872,285.29,6.37395,U81-H1-VS2-18.06.2024,U81-H1-VS2-GGA5-Ni(II) 5mg-L-20062024-Q=50.58mL-phút-3
2268,GGA5-Ni-5,291.6345,8347,285.27,6.36453,U81-H1-VS2-18.06.2024,U81-H1-VS2-GGA5-Ni(II) 5mg-L-20062024-Q=50.58mL-phút-3
2269,GGA12.5,290.7549,301,282.49,8.26492,U81-H1-VS2-18.06.2024,U81-H1-VS2-GGA12.5-Cr(VI) 15mg-L-20062024-Q=51.2mL-phút-3
2270,GGA12.5,290.5089,773,281.92,8.58886,U81-H1-VS2-18.06.2024,U81-H1-VS2-GGA12.5-Cr(VI) 15mg-L-20062024-Q=51.2mL-phút-3
2271,GGA12.5,290.3951,1249,281.96,8.4351,U81-H1-VS2-18.06.2024,U81-H1-VS2-GGA12.5-Cr(VI) 15mg-L-20062024-Q=51.2mL-phút-3
2272,GGA12.5,289.844,1721,281.55,8.29397,U81-H1-VS2-18.06.2024,U81-H1-VS2-GGA12.5-Cr(VI) 15mg-L-20062024-Q=51.2mL-phút-3
2273,GGA12.5,289.6053,2197,281.21,8.39529,U81-H1-VS2-18.06.2024,U81-H1-VS2-GGA12.5-Cr(VI) 15mg-L-20062024-Q=51.2mL-phút-3
2274,GGA12.5,289.7249,2671,281.09,8.63491,U81-H1-VS2-18.06.2024,U81-H1-VS2-GGA12.5-Cr(VI) 15mg-L-20062024-Q=51.2mL-phút-3
2275,GGA12.5-Cr-15,289.7406,3144,280.63,9.11058,U81-H1-VS2-18.06.2024,U81-H1-VS2-GGA12.5-Cr(VI) 15mg-L-20062024-Q=51.2mL-phút-3
2276,GGA12.5-Cr-15,290.4451,3617,281.19,9.25509,U81-H1-VS2-18.06.2024,U81-H1-VS2-GGA12.5-Cr(VI) 15mg-L-20062024-Q=51.2mL-phút-3
2277,GGA12.5-Cr-15,290.0396,4090,281.86,8.17963,U81-H1-VS2-18.06.2024,U81-H1-VS2-GGA12.5-Cr(VI) 15mg-L-20062024-Q=51.2mL-phút-3
2278,GGA12.5-Cr-15,290.7242,4564,281.82,8.90414,U81-H1-VS2-18.06.2024,U81-H1-VS2-GGA12.5-Cr(VI) 15mg-L-20062024-Q=51.2mL-phút-3
2279,GGA12.5-Cr-15,287.5913,5036,281.65,5.94135,U81-H1-VS2-18.06.2024,U81-H1-VS2-GGA12.5-Cr(VI) 15mg-L-20062024-Q=51.2mL-phút-3
2280,GGA12.5-Cr-15,288.0668,5510,282.43,5.6368,U81-H1-VS2-18.06.2024,U81-H1-VS2-GGA12.5-Cr(VI) 15mg-L-20062024-Q=51.2mL-phút-3
2281,GGA12.5-Cr-15,288.0738,5982,282.68,5.39378,U81-H1-VS2-18.06.2024,U81-H1-VS2-GGA12.5-Cr(VI) 15mg-L-20062024-Q=51.2mL-phút-3
2282,GGA12.5-Cr-15,288.0515,6456,282.89,5.1615,U81-H1-VS2-18.06.2024,U81-H1-VS2-GGA12.5-Cr(VI) 15mg-L-20062024-Q=51.2mL-phút-3
2283,GGA12.5-Cr-15,288.0021,6931,283.39,4.61207,U81-H1-VS2-18.06.2024,U81-H1-VS2-GGA12.5-Cr(VI) 15mg-L-20062024-Q=51.2mL-phút-3
2284,GGA12.5-Cr-15,287.9251,7405,283.47,4.45509,U81-H1-VS2-18.06.2024,U81-H1-VS2-GGA12.5-Cr(VI) 15mg-L-20062024-Q=51.2mL-phút-3
2285,GGA12.5-Cr-15,288.0828,7877,283.43,4.65284,U81-H1-VS2-18.06.2024,U81-H1-VS2-GGA12.5-Cr(VI) 15mg-L-20062024-Q=51.2mL-phút-3
2286,GGA12.5,344.4328,301,314.8,29.63285,U82-H3-VS2-18.06.2024,U82-H3-VS2-GGA12.5-Cr(VI) 5mg-L-20062024-Q=50.28mL-phút-4
2287,GGA12.5,344.1409,773,314.4,29.74092,U82-H3-VS2-18.06.2024,U82-H3-VS2-GGA12.5-Cr(VI) 5mg-L-20062024-Q=50.28mL-phút-4
2288,GGA12.5,343.2333,1247,313.5,29.73335,U82-H3-VS2-18.06.2024,U82-H3-VS2-GGA12.5-Cr(VI) 5mg-L-20062024-Q=50.28mL-phút-4
2289,GGA12.5,342.822,1719,313.5,29.32205,U82-H3-VS2-18.06.2024,U82-H3-VS2-GGA12.5-Cr(VI) 5mg-L-20062024-Q=50.28mL-phút-4
2290,GGA12.5,341.7565,2192,312.7,29.05645,U82-H3-VS2-18.06.2024,U82-H3-VS2-GGA12.5-Cr(VI) 5mg-L-20062024-Q=50.28mL-phút-4
2291,GGA12.5-Cr-5,341.2452,2666,310.0,31.24516,U82-H3-VS2-18.06.2024,U82-H3-VS2-GGA12.5-Cr(VI) 5mg-L-20062024-Q=50.28mL-phút-4
2292,GGA12.5-Cr-5,341.7661,3140,313.8,27.96612,U82-H3-VS2-18.06.2024,U82-H3-VS2-GGA12.5-Cr(VI) 5mg-L-20062024-Q=50.28mL-phút-4
2293,GGA12.5-Cr-5,340.8705,3613,313.1,27.77048,U82-H3-VS2-18.06.2024,U82-H3-VS2-GGA12.5-Cr(VI) 5mg-L-20062024-Q=50.28mL-phút-4
2294,GGA12.5-Cr-5,340.6984,4086,313.5,27.19837,U82-H3-VS2-18.06.2024,U82-H3-VS2-GGA12.5-Cr(VI) 5mg-L-20062024-Q=50.28mL-phút-4
2295,GGA12.5-Cr-5,339.829,4559,313.4,26.42903,U82-H3-VS2-18.06.2024,U82-H3-VS2-GGA12.5-Cr(VI) 5mg-L-20062024-Q=50.28mL-phút-4
2296,GGA12.5-Cr-5,339.4387,5035,314.1,25.33871,U82-H3-VS2-18.06.2024,U82-H3-VS2-GGA12.5-Cr(VI) 5mg-L-20062024-Q=50.28mL-phút-4
2297,GGA12.5-Cr-5,338.2246,5506,313.8,24.42458,U82-H3-VS2-18.06.2024,U82-H3-VS2-GGA12.5-Cr(VI) 5mg-L-20062024-Q=50.28mL-phút-4
2298,GGA12.5-Cr-5,336.471,5980,313.5,22.97098,U82-H3-VS2-18.06.2024,U82-H3-VS2-GGA12.5-Cr(VI) 5mg-L-20062024-Q=50.28mL-phút-4
2299,GGA12.5-Cr-5,335.5484,6452,313.1,22.44837,U82-H3-VS2-18.06.2024,U82-H3-VS2-GGA12.5-Cr(VI) 5mg-L-20062024-Q=50.28mL-phút-4
2300,GGA12.5-Cr-5,334.4607,6925,313.2,21.26066,U82-H3-VS2-18.06.2024,U82-H3-VS2-GGA12.5-Cr(VI) 5mg-L-20062024-Q=50.28mL-phút-4
2301,GGA12.5-Cr-5,333.9339,7399,312.4,21.53386,U82-H3-VS2-18.06.2024,U82-H3-VS2-GGA12.5-Cr(VI) 5mg-L-20062024-Q=50.28mL-phút-4
2302,GGA12.5-Cr-5,331.9393,7873,310.8,21.13935,U82-H3-VS2-18.06.2024,U82-H3-VS2-GGA12.5-Cr(VI) 5mg-L-20062024-Q=50.28mL-phút-4
2303,GGA12.5,319.6156,301,296.5,23.11562,U82-H3-VS2-18.06.2024,U82-H3-VS2-GGA12.5-Ni(II) 15mg-L-20062024-Q=50.6mL-phút-4
2304,GGA12.5,319.3188,773,296.0,23.31875,U82-H3-VS2-18.06.2024,U82-H3-VS2-GGA12.5-Ni(II) 15mg-L-20062024-Q=50.6mL-phút-4
2305,GGA12.5,318.45,1247,295.4,23.05001,U82-H3-VS2-18.06.2024,U82-H3-VS2-GGA12.5-Ni(II) 15mg-L-20062024-Q=50.6mL-phút-4
2306,GGA12.5,316.8266,1720,294.5,22.32658,U82-H3-VS2-18.06.2024,U82-H3-VS2-GGA12.5-Ni(II) 15mg-L-20062024-Q=50.6mL-phút-4
2307,GGA12.5,316.6281,2193,293.5,23.12812,U82-H3-VS2-18.06.2024,U82-H3-VS2-GGA12.5-Ni(II) 15mg-L-20062024-Q=50.6mL-phút-4
2308,GGA12.5,314.2313,2666,293.3,20.93125,U82-H3-VS2-18.06.2024,U82-H3-VS2-GGA12.5-Ni(II) 15mg-L-20062024-Q=50.6mL-phút-4
2309,GGA12.5,316.1781,3142,293.2,22.97814,U82-H3-VS2-18.06.2024,U82-H3-VS2-GGA12.5-Ni(II) 15mg-L-20062024-Q=50.6mL-phút-4
2310,GGA12.5-Ni-15,316.9766,3614,295.9,21.07658,U82-H3-VS2-18.06.2024,U82-H3-VS2-GGA12.5-Ni(II) 15mg-L-20062024-Q=50.6mL-phút-4
2311,GGA12.5-Ni-15,315.7841,4089,296.5,19.28413,U82-H3-VS2-18.06.2024,U82-H3-VS2-GGA12.5-Ni(II) 15mg-L-20062024-Q=50.6mL-phút-4
2312,GGA12.5-Ni-15,317.6587,4560,297.2,20.45874,U82-H3-VS2-18.06.2024,U82-H3-VS2-GGA12.5-Ni(II) 15mg-L-20062024-Q=50.6mL-phút-4
2313,GGA12.5-Ni-15,317.4172,5036,297.7,19.7172,U82-H3-VS2-18.06.2024,U82-H3-VS2-GGA12.5-Ni(II) 15mg-L-20062024-Q=50.6mL-phút-4
2314,GGA12.5-Ni-15,316.8797,5509,296.8,20.0797,U82-H3-VS2-18.06.2024,U82-H3-VS2-GGA12.5-Ni(II) 15mg-L-20062024-Q=50.6mL-phút-4
2315,GGA12.5-Ni-15,316.0234,5983,297.3,18.72343,U82-H3-VS2-18.06.2024,U82-H3-VS2-GGA12.5-Ni(II) 15mg-L-20062024-Q=50.6mL-phút-4
2316,GGA12.5-Ni-15,316.0125,6456,296.8,19.21251,U82-H3-VS2-18.06.2024,U82-H3-VS2-GGA12.5-Ni(II) 15mg-L-20062024-Q=50.6mL-phút-4
2317,GGA20,292.0128,302,280.58,11.43284,U83-H1-VS2-19.06.2024,U83-H1-VS2-GGA20-Zn(II) 5mg-L-21062024-Q=50.74mL-phút-1
2318,GGA20,291.6652,781,280.27,11.39516,U83-H1-VS2-19.06.2024,U83-H1-VS2-GGA20-Zn(II) 5mg-L-21062024-Q=50.74mL-phút-1
2319,GGA20,292.363,1254,280.67,11.69302,U83-H1-VS2-19.06.2024,U83-H1-VS2-GGA20-Zn(II) 5mg-L-21062024-Q=50.74mL-phút-1
2320,GGA20,292.4449,1729,280.21,12.23486,U83-H1-VS2-19.06.2024,U83-H1-VS2-GGA20-Zn(II) 5mg-L-21062024-Q=50.74mL-phút-1
2321,GGA20,292.318,2203,280.5,11.81803,U83-H1-VS2-19.06.2024,U83-H1-VS2-GGA20-Zn(II) 5mg-L-21062024-Q=50.74mL-phút-1
2322,GGA20,292.2917,2675,280.29,12.00166,U83-H1-VS2-19.06.2024,U83-H1-VS2-GGA20-Zn(II) 5mg-L-21062024-Q=50.74mL-phút-1
2323,GGA20,292.4829,3147,281.36,11.12289,U83-H1-VS2-19.06.2024,U83-H1-VS2-GGA20-Zn(II) 5mg-L-21062024-Q=50.74mL-phút-1
2324,GGA20-Zn-5,292.5056,3619,282.11,10.39562,U83-H1-VS2-19.06.2024,U83-H1-VS2-GGA20-Zn(II) 5mg-L-21062024-Q=50.74mL-phút-1
2325,GGA20-Zn-5,292.3802,4095,281.99,10.39016,U83-H1-VS2-19.06.2024,U83-H1-VS2-GGA20-Zn(II) 5mg-L-21062024-Q=50.74mL-phút-1
2326,GGA20-Zn-5,292.6317,4569,282.32,10.31165,U83-H1-VS2-19.06.2024,U83-H1-VS2-GGA20-Zn(II) 5mg-L-21062024-Q=50.74mL-phút-1
2327,GGA20-Zn-5,292.4959,5048,282.55,9.94592,U83-H1-VS2-19.06.2024,U83-H1-VS2-GGA20-Zn(II) 5mg-L-21062024-Q=50.74mL-phút-1
2328,GGA20-Zn-5,292.23,5520,282.26,9.96999,U83-H1-VS2-19.06.2024,U83-H1-VS2-GGA20-Zn(II) 5mg-L-21062024-Q=50.74mL-phút-1
2329,GGA5,291.9313,293,285.23,6.70131,U83-H1-VS2-19.06.2024,U83-H1-VS2-GGA5-Ni(II) 15mg-L-21062024-Q=49.98mL-phút2
2330,GGA5,292.0138,767,284.98,7.03383,U83-H1-VS2-19.06.2024,U83-H1-VS2-GGA5-Ni(II) 15mg-L-21062024-Q=49.98mL-phút2
2331,GGA5,291.8355,1242,284.89,6.94546,U83-H1-VS2-19.06.2024,U83-H1-VS2-GGA5-Ni(II) 15mg-L-21062024-Q=49.98mL-phút2
2332,GGA5,291.8491,1714,285.33,6.51907,U83-H1-VS2-19.06.2024,U83-H1-VS2-GGA5-Ni(II) 15mg-L-21062024-Q=49.98mL-phút2
2333,GGA5,291.5656,2187,285.04,6.52556,U83-H1-VS2-19.06.2024,U83-H1-VS2-GGA5-Ni(II) 15mg-L-21062024-Q=49.98mL-phút2
2334,GGA5,292.1472,2659,285.23,6.91716,U83-H1-VS2-19.06.2024,U83-H1-VS2-GGA5-Ni(II) 15mg-L-21062024-Q=49.98mL-phút2
2335,GGA5-Ni-15,292.5831,3133,286.04,6.54307,U83-H1-VS2-19.06.2024,U83-H1-VS2-GGA5-Ni(II) 15mg-L-21062024-Q=49.98mL-phút2
2336,GGA5-Ni-15,292.2221,3609,286.0,6.22208,U83-H1-VS2-19.06.2024,U83-H1-VS2-GGA5-Ni(II) 15mg-L-21062024-Q=49.98mL-phút2
2337,GGA5-Ni-15,292.0919,4080,286.04,6.05187,U83-H1-VS2-19.06.2024,U83-H1-VS2-GGA5-Ni(II) 15mg-L-21062024-Q=49.98mL-phút2
2338,GGA5-Ni-15,292.271,4554,285.94,6.33096,U83-H1-VS2-19.06.2024,U83-H1-VS2-GGA5-Ni(II) 15mg-L-21062024-Q=49.98mL-phút2
2339,GGA5-Ni-15,292.4044,5026,286.34,6.06443,U83-H1-VS2-19.06.2024,U83-H1-VS2-GGA5-Ni(II) 15mg-L-21062024-Q=49.98mL-phút2
2340,GGA5-Ni-15,292.2127,5499,286.25,5.96269,U83-H1-VS2-19.06.2024,U83-H1-VS2-GGA5-Ni(II) 15mg-L-21062024-Q=49.98mL-phút2
2341,GGA5-Ni-15,292.4804,5972,286.82,5.66038,U83-H1-VS2-19.06.2024,U83-H1-VS2-GGA5-Ni(II) 15mg-L-21062024-Q=49.98mL-phút2
2342,GGA5-Ni-15,292.694,6445,286.9,5.79405,U83-H1-VS2-19.06.2024,U83-H1-VS2-GGA5-Ni(II) 15mg-L-21062024-Q=49.98mL-phút2
2343,GGA12.5,360.9423,301,336.0,24.94231,U84-H3-VS2-19.06.2024,U84-H3-VS2-GGA12.5-Zn(II) 5mg-L-21062024-Q=50.48mL-phút-1
2344,GGA12.5,356.0115,780,334.2,21.81155,U84-H3-VS2-19.06.2024,U84-H3-VS2-GGA12.5-Zn(II) 5mg-L-21062024-Q=50.48mL-phút-1
2345,GGA12.5,355.8887,1252,334.1,21.78867,U84-H3-VS2-19.06.2024,U84-H3-VS2-GGA12.5-Zn(II) 5mg-L-21062024-Q=50.48mL-phút-1
2346,GGA12.5,357.3154,1724,334.1,23.21538,U84-H3-VS2-19.06.2024,U84-H3-VS2-GGA12.5-Zn(II) 5mg-L-21062024-Q=50.48mL-phút-1
2347,GGA12.5,354.8039,2199,332.0,22.80386,U84-H3-VS2-19.06.2024,U84-H3-VS2-GGA12.5-Zn(II) 5mg-L-21062024-Q=50.48mL-phút-1
2348,GGA12.5,354.1596,2673,329.9,24.25961,U84-H3-VS2-19.06.2024,U84-H3-VS2-GGA12.5-Zn(II) 5mg-L-21062024-Q=50.48mL-phút-1
2349,GGA12.5-Zn-5,353.7868,3145,330.5,23.28678,U84-H3-VS2-19.06.2024,U84-H3-VS2-GGA12.5-Zn(II) 5mg-L-21062024-Q=50.48mL-phút-1
2350,GGA12.5-Zn-5,357.0365,3618,332.4,24.63655,U84-H3-VS2-19.06.2024,U84-H3-VS2-GGA12.5-Zn(II) 5mg-L-21062024-Q=50.48mL-phút-1
2351,GGA12.5-Zn-5,352.5423,4094,329.4,23.1423,U84-H3-VS2-19.06.2024,U84-H3-VS2-GGA12.5-Zn(II) 5mg-L-21062024-Q=50.48mL-phút-1
2352,GGA12.5-Zn-5,351.8283,4567,328.8,23.02831,U84-H3-VS2-19.06.2024,U84-H3-VS2-GGA12.5-Zn(II) 5mg-L-21062024-Q=50.48mL-phút-1
2353,GGA12.5-Zn-5,352.3793,5040,329.5,22.87926,U84-H3-VS2-19.06.2024,U84-H3-VS2-GGA12.5-Zn(II) 5mg-L-21062024-Q=50.48mL-phút-1
2354,GGA12.5-Zn-5,350.8283,5513,329.0,21.8283,U84-H3-VS2-19.06.2024,U84-H3-VS2-GGA12.5-Zn(II) 5mg-L-21062024-Q=50.48mL-phút-1
2355,GGA2.5,337.6442,301,319.7,17.94423,U84-H3-VS2-19.06.2024,U84-H3-VS2-GGA2.5-Ni(II) 15mg-L-21062024-Q=51.16mL-phút-4
2356,GGA2.5,337.7981,775,320.1,17.69807,U84-H3-VS2-19.06.2024,U84-H3-VS2-GGA2.5-Ni(II) 15mg-L-21062024-Q=51.16mL-phút-4
2357,GGA2.5,337.7547,1246,320.2,17.55472,U84-H3-VS2-19.06.2024,U84-H3-VS2-GGA2.5-Ni(II) 15mg-L-21062024-Q=51.16mL-phút-4
2358,GGA2.5,337.2113,1720,320.0,17.21133,U84-H3-VS2-19.06.2024,U84-H3-VS2-GGA2.5-Ni(II) 15mg-L-21062024-Q=51.16mL-phút-4
2359,GGA2.5,335.8283,2199,318.7,17.12831,U84-H3-VS2-19.06.2024,U84-H3-VS2-GGA2.5-Ni(II) 15mg-L-21062024-Q=51.16mL-phút-4
2360,GGA2.5-Ni-15,335.8434,2673,317.6,18.24338,U84-H3-VS2-19.06.2024,U84-H3-VS2-GGA2.5-Ni(II) 15mg-L-21062024-Q=51.16mL-phút-4
2361,GGA2.5-Ni-15,334.8942,3147,321.0,13.89422,U84-H3-VS2-19.06.2024,U84-H3-VS2-GGA2.5-Ni(II) 15mg-L-21062024-Q=51.16mL-phút-4
2362,GGA2.5-Ni-15,337.75,3620,323.7,14.04999,U84-H3-VS2-19.06.2024,U84-H3-VS2-GGA2.5-Ni(II) 15mg-L-21062024-Q=51.16mL-phút-4
2363,GGA2.5-Ni-15,339.5058,4092,325.9,13.60578,U84-H3-VS2-19.06.2024,U84-H3-VS2-GGA2.5-Ni(II) 15mg-L-21062024-Q=51.16mL-phút-4
2364,GGA2.5-Ni-15,340.7481,4564,325.0,15.74809,U84-H3-VS2-19.06.2024,U84-H3-VS2-GGA2.5-Ni(II) 15mg-L-21062024-Q=51.16mL-phút-4
2365,GGA2.5-Ni-15,339.225,5039,325.6,13.625,U84-H3-VS2-19.06.2024,U84-H3-VS2-GGA2.5-Ni(II) 15mg-L-21062024-Q=51.16mL-phút-4
2366,GGA2.5-Ni-15,338.6453,5510,325.7,12.94528,U84-H3-VS2-19.06.2024,U84-H3-VS2-GGA2.5-Ni(II) 15mg-L-21062024-Q=51.16mL-phút-4
2367,GGA2.5-Ni-15,338.1692,5985,325.2,12.96924,U84-H3-VS2-19.06.2024,U84-H3-VS2-GGA2.5-Ni(II) 15mg-L-21062024-Q=51.16mL-phút-4
2368,GGA2.5-Ni-15,337.7077,6458,325.1,12.60769,U84-H3-VS2-19.06.2024,U84-H3-VS2-GGA2.5-Ni(II) 15mg-L-21062024-Q=51.16mL-phút-4
2369,GGA2.5-Ni-15,337.2231,6931,324.9,12.32308,U84-H3-VS2-19.06.2024,U84-H3-VS2-GGA2.5-Ni(II) 15mg-L-21062024-Q=51.16mL-phút-4
2370,GGA15,304.6742,301,295.16,9.51417,U85-H1-VS2-20.06.2024,U85-H1-VS2-GGA15-Zn(II) 5mg-L-24062024-Q=50.9mL-phút-4
2371,GGA15,305.5676,775,295.89,9.67756,U85-H1-VS2-20.06.2024,U85-H1-VS2-GGA15-Zn(II) 5mg-L-24062024-Q=50.9mL-phút-4
2372,GGA15,303.6549,1246,293.8,9.85487,U85-H1-VS2-20.06.2024,U85-H1-VS2-GGA15-Zn(II) 5mg-L-24062024-Q=50.9mL-phút-4
2373,GGA15,303.6146,1723,294.28,9.33459,U85-H1-VS2-20.06.2024,U85-H1-VS2-GGA15-Zn(II) 5mg-L-24062024-Q=50.9mL-phút-4
2374,GGA15,303.87,2194,294.78,9.09,U85-H1-VS2-20.06.2024,U85-H1-VS2-GGA15-Zn(II) 5mg-L-24062024-Q=50.9mL-phút-4
2375,GGA15,303.7097,2672,293.66,10.04973,U85-H1-VS2-20.06.2024,U85-H1-VS2-GGA15-Zn(II) 5mg-L-24062024-Q=50.9mL-phút-4
2376,GGA15,303.8142,3143,294.32,9.49416,U85-H1-VS2-20.06.2024,U85-H1-VS2-GGA15-Zn(II) 5mg-L-24062024-Q=50.9mL-phút-4
2377,GGA15,304.5136,3613,294.32,10.1936,U85-H1-VS2-20.06.2024,U85-H1-VS2-GGA15-Zn(II) 5mg-L-24062024-Q=50.9mL-phút-4
2378,GGA15-Zn-5,305.5851,4085,295.41,10.17513,U85-H1-VS2-20.06.2024,U85-H1-VS2-GGA15-Zn(II) 5mg-L-24062024-Q=50.9mL-phút-4
2379,GGA15-Zn-5,305.8103,4558,296.02,9.79028,U85-H1-VS2-20.06.2024,U85-H1-VS2-GGA15-Zn(II) 5mg-L-24062024-Q=50.9mL-phút-4
2380,GGA15-Zn-5,305.7054,5033,294.45,11.2554,U85-H1-VS2-20.06.2024,U85-H1-VS2-GGA15-Zn(II) 5mg-L-24062024-Q=50.9mL-phút-4
2381,GGA15-Zn-5,302.9784,5508,294.66,8.31838,U85-H1-VS2-20.06.2024,U85-H1-VS2-GGA15-Zn(II) 5mg-L-24062024-Q=50.9mL-phút-4
2382,GGA15-Zn-5,303.0154,5981,295.43,7.58541,U85-H1-VS2-20.06.2024,U85-H1-VS2-GGA15-Zn(II) 5mg-L-24062024-Q=50.9mL-phút-4
2383,GGA15-Zn-5,302.8839,6457,294.78,8.10389,U85-H1-VS2-20.06.2024,U85-H1-VS2-GGA15-Zn(II) 5mg-L-24062024-Q=50.9mL-phút-4
2384,GGA15-Zn-5,301.3845,6933,293.72,7.66445,U85-H1-VS2-20.06.2024,U85-H1-VS2-GGA15-Zn(II) 5mg-L-24062024-Q=50.9mL-phút-4
2385,GGA15-Zn-5,300.9916,7402,294.99,6.00163,U85-H1-VS2-20.06.2024,U85-H1-VS2-GGA15-Zn(II) 5mg-L-24062024-Q=50.9mL-phút-4
2386,GGA5,300.2905,301,293.66,6.63054,U85-H1-VS2-20.06.2024,U85-H1-VS2-GGA5-Ni(II) 15mg-L-24062024-Q=50.52mL-phút-3
2387,GGA5,300.9719,774,294.78,6.19189,U85-H1-VS2-20.06.2024,U85-H1-VS2-GGA5-Ni(II) 15mg-L-24062024-Q=50.52mL-phút-3
2388,GGA5,301.4289,1248,294.72,6.70889,U85-H1-VS2-20.06.2024,U85-H1-VS2-GGA5-Ni(II) 15mg-L-24062024-Q=50.52mL-phút-3
2389,GGA5,301.6178,1727,295.35,6.26777,U85-H1-VS2-20.06.2024,U85-H1-VS2-GGA5-Ni(II) 15mg-L-24062024-Q=50.52mL-phút-3
2390,GGA5,301.7341,2199,295.16,6.57405,U85-H1-VS2-20.06.2024,U85-H1-VS2-GGA5-Ni(II) 15mg-L-24062024-Q=50.52mL-phút-3
2391,GGA5,301.7916,2673,295.24,6.55163,U85-H1-VS2-20.06.2024,U85-H1-VS2-GGA5-Ni(II) 15mg-L-24062024-Q=50.52mL-phút-3
2392,GGA5-Ni-15,301.7154,3146,294.64,7.0754,U85-H1-VS2-20.06.2024,U85-H1-VS2-GGA5-Ni(II) 15mg-L-24062024-Q=50.52mL-phút-3
2393,GGA5-Ni-15,301.2665,3618,294.18,7.0865,U85-H1-VS2-20.06.2024,U85-H1-VS2-GGA5-Ni(II) 15mg-L-24062024-Q=50.52mL-phút-3
2394,GGA5-Ni-15,300.0853,4093,295.1,4.98527,U85-H1-VS2-20.06.2024,U85-H1-VS2-GGA5-Ni(II) 15mg-L-24062024-Q=50.52mL-phút-3
2395,GGA5-Ni-15,300.095,4570,295.75,4.345,U85-H1-VS2-20.06.2024,U85-H1-VS2-GGA5-Ni(II) 15mg-L-24062024-Q=50.52mL-phút-3
2396,GGA5-Ni-15,299.3543,5042,295.5,3.85432,U85-H1-VS2-20.06.2024,U85-H1-VS2-GGA5-Ni(II) 15mg-L-24062024-Q=50.52mL-phút-3
2397,GGA5-Ni-15,299.8387,5514,295.83,4.00866,U85-H1-VS2-20.06.2024,U85-H1-VS2-GGA5-Ni(II) 15mg-L-24062024-Q=50.52mL-phút-3
2398,GGA5-Ni-15,300.1425,5988,296.06,4.08245,U85-H1-VS2-20.06.2024,U85-H1-VS2-GGA5-Ni(II) 15mg-L-24062024-Q=50.52mL-phút-3
2399,GGA2.5,371.45,301,354.9,16.55,U86-H3-VS2-20.06.2024,U86-H3-VS2-GGA2.5-Ni(II) 10mg-L-24062024-Q=49.62mL-phút-3
2400,GGA2.5,369.5941,780,354.0,15.59412,U86-H3-VS2-20.06.2024,U86-H3-VS2-GGA2.5-Ni(II) 10mg-L-24062024-Q=49.62mL-phút-3
2401,GGA2.5,369.0333,1255,352.1,16.93333,U86-H3-VS2-20.06.2024,U86-H3-VS2-GGA2.5-Ni(II) 10mg-L-24062024-Q=49.62mL-phút-3
2402,GGA2.5,368.1529,1727,352.2,15.95294,U86-H3-VS2-20.06.2024,U86-H3-VS2-GGA2.5-Ni(II) 10mg-L-24062024-Q=49.62mL-phút-3
2403,GGA2.5,364.4324,2201,348.9,15.53236,U86-H3-VS2-20.06.2024,U86-H3-VS2-GGA2.5-Ni(II) 10mg-L-24062024-Q=49.62mL-phút-3
2404,GGA2.5,369.0265,2675,354.0,15.02647,U86-H3-VS2-20.06.2024,U86-H3-VS2-GGA2.5-Ni(II) 10mg-L-24062024-Q=49.62mL-phút-3
2405,GGA2.5-Ni-10,368.0177,3148,353.7,14.31764,U86-H3-VS2-20.06.2024,U86-H3-VS2-GGA2.5-Ni(II) 10mg-L-24062024-Q=49.62mL-phút-3
2406,GGA2.5-Ni-10,367.7382,3620,353.9,13.83825,U86-H3-VS2-20.06.2024,U86-H3-VS2-GGA2.5-Ni(II) 10mg-L-24062024-Q=49.62mL-phút-3
2407,GGA2.5-Ni-10,365.6059,4093,353.0,12.60589,U86-H3-VS2-20.06.2024,U86-H3-VS2-GGA2.5-Ni(II) 10mg-L-24062024-Q=49.62mL-phút-3
2408,GGA2.5-Ni-10,364.3471,4568,352.4,11.94706,U86-H3-VS2-20.06.2024,U86-H3-VS2-GGA2.5-Ni(II) 10mg-L-24062024-Q=49.62mL-phút-3
2409,GGA2.5-Ni-10,363.7294,5047,352.7,11.02941,U86-H3-VS2-20.06.2024,U86-H3-VS2-GGA2.5-Ni(II) 10mg-L-24062024-Q=49.62mL-phút-3
2410,GGA2.5-Ni-10,362.8118,5526,351.6,11.21177,U86-H3-VS2-20.06.2024,U86-H3-VS2-GGA2.5-Ni(II) 10mg-L-24062024-Q=49.62mL-phút-3
2411,BOD5,307.732,287,301.1,6.63203,U87-H1-VS2-21.06.2024,"U87-H1-VS2-5-Ni(II)10mgL-25062024-Q=49,33mLphut-3"
2412,BOD5,307.2472,759,300.64,6.60719,U87-H1-VS2-21.06.2024,"U87-H1-VS2-5-Ni(II)10mgL-25062024-Q=49,33mLphut-3"
2413,BOD5,307.9539,1230,301.41,6.54388,U87-H1-VS2-21.06.2024,"U87-H1-VS2-5-Ni(II)10mgL-25062024-Q=49,33mLphut-3"
2414,BOD5,307.8353,1705,301.12,6.7153,U87-H1-VS2-21.06.2024,"U87-H1-VS2-5-Ni(II)10mgL-25062024-Q=49,33mLphut-3"
2415,BOD5,307.4378,2178,300.93,6.50781,U87-H1-VS2-21.06.2024,"U87-H1-VS2-5-Ni(II)10mgL-25062024-Q=49,33mLphut-3"
2416,BOD5,307.209,2651,300.47,6.73898,U87-H1-VS2-21.06.2024,"U87-H1-VS2-5-Ni(II)10mgL-25062024-Q=49,33mLphut-3"
2417,BOD5,307.0471,3122,300.43,6.61715,U87-H1-VS2-21.06.2024,"U87-H1-VS2-5-Ni(II)10mgL-25062024-Q=49,33mLphut-3"
2418,BOD5,306.8792,3601,299.95,6.92919,U87-H1-VS2-21.06.2024,"U87-H1-VS2-5-Ni(II)10mgL-25062024-Q=49,33mLphut-3"
2419,BOD5,306.9641,4072,300.54,6.42407,U87-H1-VS2-21.06.2024,"U87-H1-VS2-5-Ni(II)10mgL-25062024-Q=49,33mLphut-3"
2420,Ni 10,306.5892,4549,300.58,6.00919,U87-H1-VS2-21.06.2024,"U87-H1-VS2-5-Ni(II)10mgL-25062024-Q=49,33mLphut-3"
2421,Ni 10,306.5888,5017,300.2,6.38877,U87-H1-VS2-21.06.2024,"U87-H1-VS2-5-Ni(II)10mgL-25062024-Q=49,33mLphut-3"
2422,Ni 10,306.0048,5492,300.64,5.36479,U87-H1-VS2-21.06.2024,"U87-H1-VS2-5-Ni(II)10mgL-25062024-Q=49,33mLphut-3"
2423,Ni 10,306.3549,5967,300.6,5.75489,U87-H1-VS2-21.06.2024,"U87-H1-VS2-5-Ni(II)10mgL-25062024-Q=49,33mLphut-3"
2424,Ni 10,306.1665,6444,300.54,5.62652,U87-H1-VS2-21.06.2024,"U87-H1-VS2-5-Ni(II)10mgL-25062024-Q=49,33mLphut-3"
2425,Ni 10,305.6396,6919,300.14,5.49959,U87-H1-VS2-21.06.2024,"U87-H1-VS2-5-Ni(II)10mgL-25062024-Q=49,33mLphut-3"
2426,Ni 10,305.3708,7387,300.24,5.13081,U87-H1-VS2-21.06.2024,"U87-H1-VS2-5-Ni(II)10mgL-25062024-Q=49,33mLphut-3"
2427,Ni 10,304.9664,7857,299.97,4.9964,U87-H1-VS2-21.06.2024,"U87-H1-VS2-5-Ni(II)10mgL-25062024-Q=49,33mLphut-3"
2428,Ni 10,304.9878,8332,299.59,5.3978,U87-H1-VS2-21.06.2024,"U87-H1-VS2-5-Ni(II)10mgL-25062024-Q=49,33mLphut-3"
2429,BOD 2.5,354.1437,376,341.8,12.34365,U88-H3-VS2-21.06.2024,U88-H3-VS2-2.5-Ni(II)10mgL-25062024-Q=51.14mLphut-4
2430,BOD 2.5,353.9698,846,341.6,12.36984,U88-H3-VS2-21.06.2024,U88-H3-VS2-2.5-Ni(II)10mgL-25062024-Q=51.14mLphut-4
2431,BOD 2.5,353.2221,1319,342.0,11.22214,U88-H3-VS2-21.06.2024,U88-H3-VS2-2.5-Ni(II)10mgL-25062024-Q=51.14mLphut-4
2432,BOD 2.5,350.4311,1794,338.7,11.73106,U88-H3-VS2-21.06.2024,U88-H3-VS2-2.5-Ni(II)10mgL-25062024-Q=51.14mLphut-4
2433,BOD 2.5,349.8049,2266,337.3,12.5049,U88-H3-VS2-21.06.2024,U88-H3-VS2-2.5-Ni(II)10mgL-25062024-Q=51.14mLphut-4
2434,BOD 2.5,348.9242,2739,337.8,11.12424,U88-H3-VS2-21.06.2024,U88-H3-VS2-2.5-Ni(II)10mgL-25062024-Q=51.14mLphut-4
2435,BOD 2.5,348.4712,3213,337.0,11.47121,U88-H3-VS2-21.06.2024,U88-H3-VS2-2.5-Ni(II)10mgL-25062024-Q=51.14mLphut-4
2436,Ni 10,346.951,3685,336.0,10.95098,U88-H3-VS2-21.06.2024,U88-H3-VS2-2.5-Ni(II)10mgL-25062024-Q=51.14mLphut-4
2437,Ni 10,345.9804,4160,335.8,10.18039,U88-H3-VS2-21.06.2024,U88-H3-VS2-2.5-Ni(II)10mgL-25062024-Q=51.14mLphut-4
2438,Ni 10,345.8485,4633,337.0,8.84851,U88-H3-VS2-21.06.2024,U88-H3-VS2-2.5-Ni(II)10mgL-25062024-Q=51.14mLphut-4
2439,Ni 10,344.8078,5106,337.0,7.80784,U88-H3-VS2-21.06.2024,U88-H3-VS2-2.5-Ni(II)10mgL-25062024-Q=51.14mLphut-4
2440,Ni 10,343.899,5581,336.0,7.89902,U88-H3-VS2-21.06.2024,U88-H3-VS2-2.5-Ni(II)10mgL-25062024-Q=51.14mLphut-4
2441,Ni 10,342.1451,6053,334.7,7.4451,U88-H3-VS2-21.06.2024,U88-H3-VS2-2.5-Ni(II)10mgL-25062024-Q=51.14mLphut-4
2442,Ni 10,341.7471,6526,333.9,7.84706,U88-H3-VS2-21.06.2024,U88-H3-VS2-2.5-Ni(II)10mgL-25062024-Q=51.14mLphut-4
2443,BOD5,302.2422,213,297.25,4.9922,U89-H1-VS2-24.06.2024,U89-H1-VS2-5-Ni(II)10mgL-26062024-Q=49.63mLphut-4
2444,BOD5,301.3009,685,296.44,4.86087,U89-H1-VS2-24.06.2024,U89-H1-VS2-5-Ni(II)10mgL-26062024-Q=49.63mLphut-4
2445,BOD5,301.8901,1159,297.04,4.85011,U89-H1-VS2-24.06.2024,U89-H1-VS2-5-Ni(II)10mgL-26062024-Q=49.63mLphut-4
2446,BOD5,301.4337,7932,296.42,5.01369,U89-H1-VS2-24.06.2024,U89-H1-VS2-5-Ni(II)10mgL-26062024-Q=49.63mLphut-4
2447,BOD5,302.239,8406,297.21,5.02903,U89-H1-VS2-24.06.2024,U89-H1-VS2-5-Ni(II)10mgL-26062024-Q=49.63mLphut-4
2448,BOD5,302.101,8878,297.69,4.41099,U89-H1-VS2-24.06.2024,U89-H1-VS2-5-Ni(II)10mgL-26062024-Q=49.63mLphut-4
2449,Ni10,301.8774,9351,298.26,3.6174,U89-H1-VS2-24.06.2024,U89-H1-VS2-5-Ni(II)10mgL-26062024-Q=49.63mLphut-4
2450,Ni10,302.7648,9823,298.11,4.65483,U89-H1-VS2-24.06.2024,U89-H1-VS2-5-Ni(II)10mgL-26062024-Q=49.63mLphut-4
2451,Ni10,303.0814,10296,298.28,4.80144,U89-H1-VS2-24.06.2024,U89-H1-VS2-5-Ni(II)10mgL-26062024-Q=49.63mLphut-4
2452,Ni10,303.2898,10769,298.97,4.31981,U89-H1-VS2-24.06.2024,U89-H1-VS2-5-Ni(II)10mgL-26062024-Q=49.63mLphut-4
2453,Ni10,303.2365,11247,298.67,4.56653,U89-H1-VS2-24.06.2024,U89-H1-VS2-5-Ni(II)10mgL-26062024-Q=49.63mLphut-4
2454,Ni10,303.0069,11717,298.44,4.56692,U89-H1-VS2-24.06.2024,U89-H1-VS2-5-Ni(II)10mgL-26062024-Q=49.63mLphut-4
2455,Ni10,302.754,12190,298.63,4.12404,U89-H1-VS2-24.06.2024,U89-H1-VS2-5-Ni(II)10mgL-26062024-Q=49.63mLphut-4
2456,Ni10,302.0535,12652,298.4,3.65347,U89-H1-VS2-24.06.2024,U89-H1-VS2-5-Ni(II)10mgL-26062024-Q=49.63mLphut-4
2457,Ni10,301.9097,13126,298.07,3.8397,U89-H1-VS2-24.06.2024,U89-H1-VS2-5-Ni(II)10mgL-26062024-Q=49.63mLphut-4
2458,Ni10,301.4224,13600,297.63,3.7924,U89-H1-VS2-24.06.2024,U89-H1-VS2-5-Ni(II)10mgL-26062024-Q=49.63mLphut-4
2459,BOD2.5,343.5143,312,329.9,13.61429,U90-H1-VS2-24.06.2024,U90-H3-VS2-2.5-Ni(II)5mgL-26062024-Q=51.44mLphut-1
2460,BOD2.5,342.8086,784,329.7,13.10858,U90-H1-VS2-24.06.2024,U90-H3-VS2-2.5-Ni(II)5mgL-26062024-Q=51.44mLphut-1
2461,BOD2.5,342.8695,1259,329.6,13.26948,U90-H1-VS2-24.06.2024,U90-H3-VS2-2.5-Ni(II)5mgL-26062024-Q=51.44mLphut-1
2462,BOD2.5,341.8593,1730,329.0,12.85933,U90-H1-VS2-24.06.2024,U90-H3-VS2-2.5-Ni(II)5mgL-26062024-Q=51.44mLphut-1
2463,BOD2.5,341.178,2204,327.9,13.27798,U90-H1-VS2-24.06.2024,U90-H3-VS2-2.5-Ni(II)5mgL-26062024-Q=51.44mLphut-1
2464,BOD2.5,340.51,2678,327.7,12.81001,U90-H1-VS2-24.06.2024,U90-H3-VS2-2.5-Ni(II)5mgL-26062024-Q=51.44mLphut-1
2465,Ni(II) 5,339.2367,3150,326.9,12.33666,U90-H1-VS2-24.06.2024,U90-H3-VS2-2.5-Ni(II)5mgL-26062024-Q=51.44mLphut-1
2466,Ni(II) 5,338.535,3623,328.3,10.235,U90-H1-VS2-24.06.2024,U90-H3-VS2-2.5-Ni(II)5mgL-26062024-Q=51.44mLphut-1
2467,Ni(II) 5,338.4797,4096,328.5,9.97966,U90-H1-VS2-24.06.2024,U90-H3-VS2-2.5-Ni(II)5mgL-26062024-Q=51.44mLphut-1
2468,Ni(II) 5,338.0085,4570,328.2,9.80846,U90-H1-VS2-24.06.2024,U90-H3-VS2-2.5-Ni(II)5mgL-26062024-Q=51.44mLphut-1
2469,Ni(II) 5,337.111,5042,328.3,8.81096,U90-H1-VS2-24.06.2024,U90-H3-VS2-2.5-Ni(II)5mgL-26062024-Q=51.44mLphut-1
2470,Ni(II) 5,337.6133,5515,329.5,8.11334,U90-H1-VS2-24.06.2024,U90-H3-VS2-2.5-Ni(II)5mgL-26062024-Q=51.44mLphut-1
2471,Ni(II) 5,336.9245,5989,328.9,8.02444,U90-H1-VS2-24.06.2024,U90-H3-VS2-2.5-Ni(II)5mgL-26062024-Q=51.44mLphut-1
2472,GGA12.5,305.3526,301,290.5,14.85255,U91-H1-VS2-25.06.2024,U91-H1-VS2-GGA12.5-Cr(VI) 5mg-L-27062024-Q=50.08mL-phút-5
2473,GGA12.5,305.2773,775,290.12,15.15729,U91-H1-VS2-25.06.2024,U91-H1-VS2-GGA12.5-Cr(VI) 5mg-L-27062024-Q=50.08mL-phút-5
2474,GGA12.5,304.5208,1248,289.62,14.90083,U91-H1-VS2-25.06.2024,U91-H1-VS2-GGA12.5-Cr(VI) 5mg-L-27062024-Q=50.08mL-phút-5
2475,GGA12.5,304.8148,1722,289.58,15.2348,U91-H1-VS2-25.06.2024,U91-H1-VS2-GGA12.5-Cr(VI) 5mg-L-27062024-Q=50.08mL-phút-5
2476,GGA12.5,305.1023,2196,289.35,15.75228,U91-H1-VS2-25.06.2024,U91-H1-VS2-GGA12.5-Cr(VI) 5mg-L-27062024-Q=50.08mL-phút-5
2477,GGA12.5,305.5102,2667,290.2,15.3102,U91-H1-VS2-25.06.2024,U91-H1-VS2-GGA12.5-Cr(VI) 5mg-L-27062024-Q=50.08mL-phút-5
2478,GGA12.5,304.9894,3143,289.47,15.51938,U91-H1-VS2-25.06.2024,U91-H1-VS2-GGA12.5-Cr(VI) 5mg-L-27062024-Q=50.08mL-phút-5
2479,GGA12.5-Cr-5,304.8844,3616,291.19,13.69437,U91-H1-VS2-25.06.2024,U91-H1-VS2-GGA12.5-Cr(VI) 5mg-L-27062024-Q=50.08mL-phút-5
2480,GGA12.5-Cr-5,304.5566,4090,291.67,12.88658,U91-H1-VS2-25.06.2024,U91-H1-VS2-GGA12.5-Cr(VI) 5mg-L-27062024-Q=50.08mL-phút-5
2481,GGA12.5-Cr-5,304.4575,4562,293.13,11.32745,U91-H1-VS2-25.06.2024,U91-H1-VS2-GGA12.5-Cr(VI) 5mg-L-27062024-Q=50.08mL-phút-5
2482,GGA12.5-Cr-5,304.2519,5035,293.61,10.64188,U91-H1-VS2-25.06.2024,U91-H1-VS2-GGA12.5-Cr(VI) 5mg-L-27062024-Q=50.08mL-phút-5
2483,GGA12.5-Cr-5,304.6209,5510,294.76,9.86084,U91-H1-VS2-25.06.2024,U91-H1-VS2-GGA12.5-Cr(VI) 5mg-L-27062024-Q=50.08mL-phút-5
2484,GGA12.5-Cr-5,304.5445,5983,295.04,9.50446,U91-H1-VS2-25.06.2024,U91-H1-VS2-GGA12.5-Cr(VI) 5mg-L-27062024-Q=50.08mL-phút-5
2485,GGA12.5-Cr-5,304.7225,6457,295.5,9.2225,U91-H1-VS2-25.06.2024,U91-H1-VS2-GGA12.5-Cr(VI) 5mg-L-27062024-Q=50.08mL-phút-5
2486,GGA12.5,302.664,302,294.55,8.11397,U91-H1-VS2-25.06.2024,U91-H1-VS2-GGA12.5-Ni(II) 15mg-L-27062024-Q=50.52mL-phút-5
2487,GGA12.5,303.091,772,294.87,8.22104,U91-H1-VS2-25.06.2024,U91-H1-VS2-GGA12.5-Ni(II) 15mg-L-27062024-Q=50.52mL-phút-5
2488,GGA12.5,303.031,1248,294.49,8.54105,U91-H1-VS2-25.06.2024,U91-H1-VS2-GGA12.5-Ni(II) 15mg-L-27062024-Q=50.52mL-phút-5
2489,GGA12.5,302.8183,1721,294.43,8.38834,U91-H1-VS2-25.06.2024,U91-H1-VS2-GGA12.5-Ni(II) 15mg-L-27062024-Q=50.52mL-phút-5
2490,GGA12.5,303.6923,2193,294.66,9.03229,U91-H1-VS2-25.06.2024,U91-H1-VS2-GGA12.5-Ni(II) 15mg-L-27062024-Q=50.52mL-phút-5
2491,GGA12.5,303.0956,2672,294.24,8.85563,U91-H1-VS2-25.06.2024,U91-H1-VS2-GGA12.5-Ni(II) 15mg-L-27062024-Q=50.52mL-phút-5
2492,GGA12.5-Ni-15,302.6554,3143,294.43,8.22543,U91-H1-VS2-25.06.2024,U91-H1-VS2-GGA12.5-Ni(II) 15mg-L-27062024-Q=50.52mL-phút-5
2493,GGA12.5-Ni-15,303.0632,3616,295.7,7.36318,U91-H1-VS2-25.06.2024,U91-H1-VS2-GGA12.5-Ni(II) 15mg-L-27062024-Q=50.52mL-phút-5
2494,GGA12.5-Ni-15,302.7015,4092,295.91,6.79149,U91-H1-VS2-25.06.2024,U91-H1-VS2-GGA12.5-Ni(II) 15mg-L-27062024-Q=50.52mL-phút-5
2495,GGA12.5-Ni-15,302.4521,4566,296.35,6.10207,U91-H1-VS2-25.06.2024,U91-H1-VS2-GGA12.5-Ni(II) 15mg-L-27062024-Q=50.52mL-phút-5
2496,GGA12.5-Ni-15,302.2336,5042,296.79,5.44361,U91-H1-VS2-25.06.2024,U91-H1-VS2-GGA12.5-Ni(II) 15mg-L-27062024-Q=50.52mL-phút-5
2497,GGA12.5-Ni-15,302.2592,5509,297.23,5.02914,U91-H1-VS2-25.06.2024,U91-H1-VS2-GGA12.5-Ni(II) 15mg-L-27062024-Q=50.52mL-phút-5
2498,GGA12.5-Ni-15,302.4102,5982,296.52,5.89022,U91-H1-VS2-25.06.2024,U91-H1-VS2-GGA12.5-Ni(II) 15mg-L-27062024-Q=50.52mL-phút-5
2499,GGA12.5,337.8086,304,314.8,23.00859,U92-H3-VS2-25.06.2024,U92-H3-VS2-GGA12.5-Ni(II) 5mg-L-27062024-Q=51.16mL-phút-3
2500,GGA12.5,334.8147,783,312.0,22.8147,U92-H3-VS2-25.06.2024,U92-H3-VS2-GGA12.5-Ni(II) 5mg-L-27062024-Q=51.16mL-phút-3
2501,GGA12.5,334.3677,1256,311.1,23.26764,U92-H3-VS2-25.06.2024,U92-H3-VS2-GGA12.5-Ni(II) 5mg-L-27062024-Q=51.16mL-phút-3
2502,GGA12.5,332.7771,1730,309.6,23.17714,U92-H3-VS2-25.06.2024,U92-H3-VS2-GGA12.5-Ni(II) 5mg-L-27062024-Q=51.16mL-phút-3
2503,GGA12.5,331.4886,2203,309.2,22.28859,U92-H3-VS2-25.06.2024,U92-H3-VS2-GGA12.5-Ni(II) 5mg-L-27062024-Q=51.16mL-phút-3
2504,GGA12.5,334.8059,2677,311.0,23.80589,U92-H3-VS2-25.06.2024,U92-H3-VS2-GGA12.5-Ni(II) 5mg-L-27062024-Q=51.16mL-phút-3
2505,GGA12.5-Ni-5,333.9886,3150,311.8,22.18857,U92-H3-VS2-25.06.2024,U92-H3-VS2-GGA12.5-Ni(II) 5mg-L-27062024-Q=51.16mL-phút-3
2506,GGA12.5-Ni-5,332.8143,3624,312.6,20.21429,U92-H3-VS2-25.06.2024,U92-H3-VS2-GGA12.5-Ni(II) 5mg-L-27062024-Q=51.16mL-phút-3
2507,GGA12.5-Ni-5,333.7177,4097,313.1,20.61764,U92-H3-VS2-25.06.2024,U92-H3-VS2-GGA12.5-Ni(II) 5mg-L-27062024-Q=51.16mL-phút-3
2508,GGA12.5-Ni-5,334.3118,4571,314.3,20.01176,U92-H3-VS2-25.06.2024,U92-H3-VS2-GGA12.5-Ni(II) 5mg-L-27062024-Q=51.16mL-phút-3
2509,GGA12.5-Ni-5,332.7657,5045,314.1,18.66571,U92-H3-VS2-25.06.2024,U92-H3-VS2-GGA12.5-Ni(II) 5mg-L-27062024-Q=51.16mL-phút-3
2510,GGA12.5-Ni-5,332.2114,5519,314.1,18.11143,U92-H3-VS2-25.06.2024,U92-H3-VS2-GGA12.5-Ni(II) 5mg-L-27062024-Q=51.16mL-phút-3
2511,GGA12.5-Ni-5,333.96,5989,315.8,18.15999,U92-H3-VS2-25.06.2024,U92-H3-VS2-GGA12.5-Ni(II) 5mg-L-27062024-Q=51.16mL-phút-3
2512,GGA2.5,333.5265,302,316.0,17.52647,U92-H3-VS2-25.06.2024,U92-H3-VS2-GGA2.5-Cr(VI) 15mg-L-27062024-Q=50.6mL-phút-1
2513,GGA2.5,331.7412,781,314.4,17.34119,U92-H3-VS2-25.06.2024,U92-H3-VS2-GGA2.5-Cr(VI) 15mg-L-27062024-Q=50.6mL-phút-1
2514,GGA2.5,331.7314,1255,314.7,17.03142,U92-H3-VS2-25.06.2024,U92-H3-VS2-GGA2.5-Cr(VI) 15mg-L-27062024-Q=50.6mL-phút-1
2515,GGA2.5,332.0743,1727,314.8,17.2743,U92-H3-VS2-25.06.2024,U92-H3-VS2-GGA2.5-Cr(VI) 15mg-L-27062024-Q=50.6mL-phút-1
2516,GGA2.5,328.6314,2201,312.9,15.73142,U92-H3-VS2-25.06.2024,U92-H3-VS2-GGA2.5-Cr(VI) 15mg-L-27062024-Q=50.6mL-phút-1
2517,GGA2.5,327.4853,2676,312.2,15.28528,U92-H3-VS2-25.06.2024,U92-H3-VS2-GGA2.5-Cr(VI) 15mg-L-27062024-Q=50.6mL-phút-1
2518,GGA2.5-Cr-15,331.0143,3148,317.7,13.31429,U92-H3-VS2-25.06.2024,U92-H3-VS2-GGA2.5-Cr(VI) 15mg-L-27062024-Q=50.6mL-phút-1
2519,GGA2.5-Cr-15,330.1943,3623,318.9,11.29429,U92-H3-VS2-25.06.2024,U92-H3-VS2-GGA2.5-Cr(VI) 15mg-L-27062024-Q=50.6mL-phút-1
2520,GGA2.5-Cr-15,331.0971,4096,320.4,10.69714,U92-H3-VS2-25.06.2024,U92-H3-VS2-GGA2.5-Cr(VI) 15mg-L-27062024-Q=50.6mL-phút-1
2521,GGA2.5-Cr-15,332.2714,4568,321.8,10.47144,U92-H3-VS2-25.06.2024,U92-H3-VS2-GGA2.5-Cr(VI) 15mg-L-27062024-Q=50.6mL-phút-1
2522,GGA2.5-Cr-15,331.35,5040,322.7,8.65001,U92-H3-VS2-25.06.2024,U92-H3-VS2-GGA2.5-Cr(VI) 15mg-L-27062024-Q=50.6mL-phút-1
2523,GGA2.5-Cr-15,331.2147,5517,323.2,8.01472,U92-H3-VS2-25.06.2024,U92-H3-VS2-GGA2.5-Cr(VI) 15mg-L-27062024-Q=50.6mL-phút-1
2524,GGA2.5-Cr-15,330.1583,5991,323.8,6.35833,U92-H3-VS2-25.06.2024,U92-H3-VS2-GGA2.5-Cr(VI) 15mg-L-27062024-Q=50.6mL-phút-1
2525,GGA2.5-Cr-15,330.5354,6464,324.4,6.13541,U92-H3-VS2-25.06.2024,U92-H3-VS2-GGA2.5-Cr(VI) 15mg-L-27062024-Q=50.6mL-phút-1
2526,GGA2.5-Cr-15,331.2851,6937,324.4,6.8851,U92-H3-VS2-25.06.2024,U92-H3-VS2-GGA2.5-Cr(VI) 15mg-L-27062024-Q=50.6mL-phút-1
2527,GGA12.5,301.5356,303,286.31,15.22564,U93-H1-VS2-26.06.2024,U93-H1-VS2-GGA12.5-Ni(II) 5mg-L-28062024-Q=50.82mL-phút-4
2528,GGA12.5,301.5726,776,286.84,14.73255,U93-H1-VS2-26.06.2024,U93-H1-VS2-GGA12.5-Ni(II) 5mg-L-28062024-Q=50.82mL-phút-4
2529,GGA12.5,301.6746,1250,286.77,14.90456,U93-H1-VS2-26.06.2024,U93-H1-VS2-GGA12.5-Ni(II) 5mg-L-28062024-Q=50.82mL-phút-4
2530,GGA12.5,301.8511,1721,285.75,16.10109,U93-H1-VS2-26.06.2024,U93-H1-VS2-GGA12.5-Ni(II) 5mg-L-28062024-Q=50.82mL-phút-4
2531,GGA12.5,302.5802,2193,286.38,16.20018,U93-H1-VS2-26.06.2024,U93-H1-VS2-GGA12.5-Ni(II) 5mg-L-28062024-Q=50.82mL-phút-4
2532,GGA12.5,302.5838,2668,286.96,15.6238,U93-H1-VS2-26.06.2024,U93-H1-VS2-GGA12.5-Ni(II) 5mg-L-28062024-Q=50.82mL-phút-4
2533,GGA12.5-Ni-5,300.7276,3142,286.08,14.64759,U93-H1-VS2-26.06.2024,U93-H1-VS2-GGA12.5-Ni(II) 5mg-L-28062024-Q=50.82mL-phút-4
2534,GGA12.5-Ni-5,300.5621,3615,286.67,13.89211,U93-H1-VS2-26.06.2024,U93-H1-VS2-GGA12.5-Ni(II) 5mg-L-28062024-Q=50.82mL-phút-4
2535,GGA12.5-Ni-5,300.6514,4086,286.42,14.23135,U93-H1-VS2-26.06.2024,U93-H1-VS2-GGA12.5-Ni(II) 5mg-L-28062024-Q=50.82mL-phút-4
2536,GGA12.5-Ni-5,301.0929,4559,286.75,14.34293,U93-H1-VS2-26.06.2024,U93-H1-VS2-GGA12.5-Ni(II) 5mg-L-28062024-Q=50.82mL-phút-4
2537,GGA12.5-Ni-5,300.1329,5033,286.63,13.50293,U93-H1-VS2-26.06.2024,U93-H1-VS2-GGA12.5-Ni(II) 5mg-L-28062024-Q=50.82mL-phút-4
2538,GGA12.5-Ni-5,299.662,5508,286.34,13.32204,U93-H1-VS2-26.06.2024,U93-H1-VS2-GGA12.5-Ni(II) 5mg-L-28062024-Q=50.82mL-phút-4
2539,GGA12.5-Ni-5,299.6908,5987,285.77,13.92077,U93-H1-VS2-26.06.2024,U93-H1-VS2-GGA12.5-Ni(II) 5mg-L-28062024-Q=50.82mL-phút-4
2540,GGA12.5,367.4688,303,327.9,39.56876,U94-H3-VS2-26.06.2024,U94-H3-VS2-GGA12.5-Ni(II) 10mg-L-28062024-Q=50.88mL-phút-3
2541,GGA12.5,366.4222,776,326.5,39.92222,U94-H3-VS2-26.06.2024,U94-H3-VS2-GGA12.5-Ni(II) 10mg-L-28062024-Q=50.88mL-phút-3
2542,GGA12.5,364.8345,1248,325.0,39.83449,U94-H3-VS2-26.06.2024,U94-H3-VS2-GGA12.5-Ni(II) 10mg-L-28062024-Q=50.88mL-phút-3
2543,GGA12.5,363.1879,1724,322.3,40.88794,U94-H3-VS2-26.06.2024,U94-H3-VS2-GGA12.5-Ni(II) 10mg-L-28062024-Q=50.88mL-phút-3
2544,GGA12.5,359.8259,2195,319.7,40.12586,U94-H3-VS2-26.06.2024,U94-H3-VS2-GGA12.5-Ni(II) 10mg-L-28062024-Q=50.88mL-phút-3
2545,GGA12.5-Ni-10,359.2017,2673,311.8,47.40172,U94-H3-VS2-26.06.2024,U94-H3-VS2-GGA12.5-Ni(II) 10mg-L-28062024-Q=50.88mL-phút-3
2546,GGA12.5-Ni-10,356.5862,3144,314.1,42.4862,U94-H3-VS2-26.06.2024,U94-H3-VS2-GGA12.5-Ni(II) 10mg-L-28062024-Q=50.88mL-phút-3
2547,GGA12.5-Ni-10,356.0695,3616,314.6,41.4695,U94-H3-VS2-26.06.2024,U94-H3-VS2-GGA12.5-Ni(II) 10mg-L-28062024-Q=50.88mL-phút-3
2548,GGA12.5-Ni-10,359.0276,4089,319.5,39.52759,U94-H3-VS2-26.06.2024,U94-H3-VS2-GGA12.5-Ni(II) 10mg-L-28062024-Q=50.88mL-phút-3
2549,GGA12.5-Ni-10,358.6914,4562,322.4,36.29138,U94-H3-VS2-26.06.2024,U94-H3-VS2-GGA12.5-Ni(II) 10mg-L-28062024-Q=50.88mL-phút-3
2550,GGA12.5-Ni-10,358.2121,5035,321.5,36.71207,U94-H3-VS2-26.06.2024,U94-H3-VS2-GGA12.5-Ni(II) 10mg-L-28062024-Q=50.88mL-phút-3
2551,GGA12.5-Ni-10,359.7431,5506,325.5,34.24309,U94-H3-VS2-26.06.2024,U94-H3-VS2-GGA12.5-Ni(II) 10mg-L-28062024-Q=50.88mL-phút-3
2552,GGA12.5-Ni-10,357.1931,5982,322.4,34.7931,U94-H3-VS2-26.06.2024,U94-H3-VS2-GGA12.5-Ni(II) 10mg-L-28062024-Q=50.88mL-phút-3
2553,GGA12.5-Ni-10,356.4448,6455,323.4,33.04484,U94-H3-VS2-26.06.2024,U94-H3-VS2-GGA12.5-Ni(II) 10mg-L-28062024-Q=50.88mL-phút-3
2554,GGA12.5-Ni-10,356.9276,6928,323.8,33.12758,U94-H3-VS2-26.06.2024,U94-H3-VS2-GGA12.5-Ni(II) 10mg-L-28062024-Q=50.88mL-phút-3
2555,GGA12.5,353.4897,301,323.1,30.38965,U94-H3-VS2-26.06.2024,U94-H3-VS2-GGA12.5-Cr(VI) 15mg-L-28062024-Q=50.12mL-phút-4
2556,GGA12.5,353.6483,774,322.3,31.34829,U94-H3-VS2-26.06.2024,U94-H3-VS2-GGA12.5-Cr(VI) 15mg-L-28062024-Q=50.12mL-phút-4
2557,GGA12.5,352.3897,1247,321.8,30.58967,U94-H3-VS2-26.06.2024,U94-H3-VS2-GGA12.5-Cr(VI) 15mg-L-28062024-Q=50.12mL-phút-4
2558,GGA12.5,350.4569,1722,318.6,31.85689,U94-H3-VS2-26.06.2024,U94-H3-VS2-GGA12.5-Cr(VI) 15mg-L-28062024-Q=50.12mL-phút-4
2559,GGA12.5,348.0035,2201,316.4,31.60346,U94-H3-VS2-26.06.2024,U94-H3-VS2-GGA12.5-Cr(VI) 15mg-L-28062024-Q=50.12mL-phút-4
2560,GGA12.5,345.9466,2674,314.1,31.84655,U94-H3-VS2-26.06.2024,U94-H3-VS2-GGA12.5-Cr(VI) 15mg-L-28062024-Q=50.12mL-phút-4
2561,GGA12.5-Cr-15,345.8535,3147,313.2,32.65345,U94-H3-VS2-26.06.2024,U94-H3-VS2-GGA12.5-Cr(VI) 15mg-L-28062024-Q=50.12mL-phút-4
2562,GGA12.5-Cr-15,346.7931,3621,313.6,33.1931,U94-H3-VS2-26.06.2024,U94-H3-VS2-GGA12.5-Cr(VI) 15mg-L-28062024-Q=50.12mL-phút-4
2563,GGA12.5-Cr-15,345.3207,4094,315.3,30.0207,U94-H3-VS2-26.06.2024,U94-H3-VS2-GGA12.5-Cr(VI) 15mg-L-28062024-Q=50.12mL-phút-4
2564,GGA12.5-Cr-15,342.0569,4570,315.9,26.1569,U94-H3-VS2-26.06.2024,U94-H3-VS2-GGA12.5-Cr(VI) 15mg-L-28062024-Q=50.12mL-phút-4
2565,GGA12.5-Cr-15,339.3828,5044,315.4,23.98276,U94-H3-VS2-26.06.2024,U94-H3-VS2-GGA12.5-Cr(VI) 15mg-L-28062024-Q=50.12mL-phút-4
2566,GGA12.5-Cr-15,338.6224,5517,315.7,22.92243,U94-H3-VS2-26.06.2024,U94-H3-VS2-GGA12.5-Cr(VI) 15mg-L-28062024-Q=50.12mL-phút-4
2567,GGA12.5-Cr-15,337.8224,5991,317.6,20.22241,U94-H3-VS2-26.06.2024,U94-H3-VS2-GGA12.5-Cr(VI) 15mg-L-28062024-Q=50.12mL-phút-4
2568,GGA12.5-Cr-15,336.6914,6463,317.6,19.09137,U94-H3-VS2-26.06.2024,U94-H3-VS2-GGA12.5-Cr(VI) 15mg-L-28062024-Q=50.12mL-phút-4
2569,GGA12.5-Cr-15,337.2966,6939,318.2,19.09662,U94-H3-VS2-26.06.2024,U94-H3-VS2-GGA12.5-Cr(VI) 15mg-L-28062024-Q=50.12mL-phút-4
2570,GGA12.5-Cr-15,337.1948,7410,318.8,18.39483,U94-H3-VS2-26.06.2024,U94-H3-VS2-GGA12.5-Cr(VI) 15mg-L-28062024-Q=50.12mL-phút-4
2571,GGA12.5,287.742,301,283.2,4.54195,U95-H1-VS2-27.06.2024,U95-H1-VS2-GGA12.5-Ni(II) 10mg-L-01072024-Q=50.7mL-phút-4
2572,GGA12.5,287.7818,770,283.39,4.43175,U95-H1-VS2-27.06.2024,U95-H1-VS2-GGA12.5-Ni(II) 10mg-L-01072024-Q=50.7mL-phút-4
2573,GGA12.5,287.8745,1245,283.43,4.40451,U95-H1-VS2-27.06.2024,U95-H1-VS2-GGA12.5-Ni(II) 10mg-L-01072024-Q=50.7mL-phút-4
2574,GGA12.5,287.9224,1720,283.32,4.60234,U95-H1-VS2-27.06.2024,U95-H1-VS2-GGA12.5-Ni(II) 10mg-L-01072024-Q=50.7mL-phút-4
2575,GGA12.5,288.0892,2195,283.16,4.9292,U95-H1-VS2-27.06.2024,U95-H1-VS2-GGA12.5-Ni(II) 10mg-L-01072024-Q=50.7mL-phút-4
2576,GGA12.5,287.9973,2667,283.53,4.46725,U95-H1-VS2-27.06.2024,U95-H1-VS2-GGA12.5-Ni(II) 10mg-L-01072024-Q=50.7mL-phút-4
2577,GGA12.5-Ni-10,288.2882,3136,283.07,5.21822,U95-H1-VS2-27.06.2024,U95-H1-VS2-GGA12.5-Ni(II) 10mg-L-01072024-Q=50.7mL-phút-4
2578,GGA12.5-Ni-10,288.3651,3606,283.05,5.31511,U95-H1-VS2-27.06.2024,U95-H1-VS2-GGA12.5-Ni(II) 10mg-L-01072024-Q=50.7mL-phút-4
2579,GGA12.5-Ni-10,287.9714,4087,282.57,5.40136,U95-H1-VS2-27.06.2024,U95-H1-VS2-GGA12.5-Ni(II) 10mg-L-01072024-Q=50.7mL-phút-4
2580,GGA12.5-Ni-10,288.292,4560,282.91,5.38196,U95-H1-VS2-27.06.2024,U95-H1-VS2-GGA12.5-Ni(II) 10mg-L-01072024-Q=50.7mL-phút-4
2581,GGA12.5-Ni-10,287.5522,5029,283.26,4.29215,U95-H1-VS2-27.06.2024,U95-H1-VS2-GGA12.5-Ni(II) 10mg-L-01072024-Q=50.7mL-phút-4
2582,GGA12.5-Ni-10,287.9472,5500,283.62,4.32722,U95-H1-VS2-27.06.2024,U95-H1-VS2-GGA12.5-Ni(II) 10mg-L-01072024-Q=50.7mL-phút-4
2583,GGA12.5-Ni-10,287.2527,5980,283.72,3.53266,U95-H1-VS2-27.06.2024,U95-H1-VS2-GGA12.5-Ni(II) 10mg-L-01072024-Q=50.7mL-phút-4
2584,GGA12.5-Ni-10,287.8638,6451,283.76,4.01377,U95-H1-VS2-27.06.2024,U95-H1-VS2-GGA12.5-Ni(II) 10mg-L-01072024-Q=50.7mL-phút-4
2585,GGA12.5-Ni-10,286.8767,6925,283.51,3.36673,U95-H1-VS2-27.06.2024,U95-H1-VS2-GGA12.5-Ni(II) 10mg-L-01072024-Q=50.7mL-phút-4
2586,GGA12.5-Ni-10,286.7409,7398,283.62,3.12089,U95-H1-VS2-27.06.2024,U95-H1-VS2-GGA12.5-Ni(II) 10mg-L-01072024-Q=50.7mL-phút-4
2587,GGA12.5-Ni-10,286.9378,7871,283.62,3.31783,U95-H1-VS2-27.06.2024,U95-H1-VS2-GGA12.5-Ni(II) 10mg-L-01072024-Q=50.7mL-phút-4
2588,GGA15,283.29,301,279.98,3.30999,U95-H1-VS2-27.06.2024,U95-H1-VS2-GGA15-Zn(II) 10mg-L-01072024-Q=49.52mL-phút-4
2589,GGA15,283.3597,777,280.21,3.14972,U95-H1-VS2-27.06.2024,U95-H1-VS2-GGA15-Zn(II) 10mg-L-01072024-Q=49.52mL-phút-4
2590,GGA15,283.3765,1250,279.81,3.56647,U95-H1-VS2-27.06.2024,U95-H1-VS2-GGA15-Zn(II) 10mg-L-01072024-Q=49.52mL-phút-4
2591,GGA15,283.1356,1729,279.56,3.57559,U95-H1-VS2-27.06.2024,U95-H1-VS2-GGA15-Zn(II) 10mg-L-01072024-Q=49.52mL-phút-4
2592,GGA15,282.9679,2208,279.14,3.82793,U95-H1-VS2-27.06.2024,U95-H1-VS2-GGA15-Zn(II) 10mg-L-01072024-Q=49.52mL-phút-4
2593,GGA15,282.9512,2678,279.04,3.91117,U95-H1-VS2-27.06.2024,U95-H1-VS2-GGA15-Zn(II) 10mg-L-01072024-Q=49.52mL-phút-4
2594,GGA15-Zn-10,284.0003,3153,278.91,5.0903,U95-H1-VS2-27.06.2024,U95-H1-VS2-GGA15-Zn(II) 10mg-L-01072024-Q=49.52mL-phút-4
2595,GGA15-Zn-10,282.4291,3621,279.14,3.28911,U95-H1-VS2-27.06.2024,U95-H1-VS2-GGA15-Zn(II) 10mg-L-01072024-Q=49.52mL-phút-4
2596,GGA15-Zn-10,283.0782,4094,278.56,4.51824,U95-H1-VS2-27.06.2024,U95-H1-VS2-GGA15-Zn(II) 10mg-L-01072024-Q=49.52mL-phút-4
2597,GGA15-Zn-10,282.8482,4570,279.5,3.34823,U95-H1-VS2-27.06.2024,U95-H1-VS2-GGA15-Zn(II) 10mg-L-01072024-Q=49.52mL-phút-4
2598,GGA15-Zn-10,282.8371,5045,279.37,3.46706,U95-H1-VS2-27.06.2024,U95-H1-VS2-GGA15-Zn(II) 10mg-L-01072024-Q=49.52mL-phút-4
2599,GGA15-Zn-10,282.6956,5515,279.35,3.34558,U95-H1-VS2-27.06.2024,U95-H1-VS2-GGA15-Zn(II) 10mg-L-01072024-Q=49.52mL-phút-4
2600,GGA15-Zn-10,282.5888,5988,279.46,3.12883,U95-H1-VS2-27.06.2024,U95-H1-VS2-GGA15-Zn(II) 10mg-L-01072024-Q=49.52mL-phút-4
2601,GGA15-Zn-10,282.4856,6461,278.83,3.6556,U95-H1-VS2-27.06.2024,U95-H1-VS2-GGA15-Zn(II) 10mg-L-01072024-Q=49.52mL-phút-4
2602,GGA15-Zn-10,282.1606,6935,278.81,3.35059,U95-H1-VS2-27.06.2024,U95-H1-VS2-GGA15-Zn(II) 10mg-L-01072024-Q=49.52mL-phút-4
2603,GGA12.5,330.2212,301,317.5,12.72121,U96-27.06.2024,U96-H3-VS2-GGA12.5-Ni(II) 5mg-L-01072024-Q=mL-phút-4
2604,GGA12.5,325.6697,774,313.3,12.36969,U96-27.06.2024,U96-H3-VS2-GGA12.5-Ni(II) 5mg-L-01072024-Q=mL-phút-4
2605,GGA12.5,321.4896,1253,308.8,12.68954,U96-27.06.2024,U96-H3-VS2-GGA12.5-Ni(II) 5mg-L-01072024-Q=mL-phút-4
2606,GGA12.5,320.9727,1725,308.1,12.87273,U96-27.06.2024,U96-H3-VS2-GGA12.5-Ni(II) 5mg-L-01072024-Q=mL-phút-4
2607,GGA12.5,320.4,2198,307.3,13.1,U96-27.06.2024,U96-H3-VS2-GGA12.5-Ni(II) 5mg-L-01072024-Q=mL-phút-4
2608,GGA12.5,318.8833,2671,305.6,13.28334,U96-27.06.2024,U96-H3-VS2-GGA12.5-Ni(II) 5mg-L-01072024-Q=mL-phút-4
2609,GGA12.5,319.7167,3145,303.8,15.91668,U96-27.06.2024,U96-H3-VS2-GGA12.5-Ni(II) 5mg-L-01072024-Q=mL-phút-4
2610,GGA12.5-Ni-5,319.5758,3618,304.5,15.07575,U96-27.06.2024,U96-H3-VS2-GGA12.5-Ni(II) 5mg-L-01072024-Q=mL-phút-4
2611,GGA12.5-Ni-5,318.8652,4092,305.0,13.86514,U96-27.06.2024,U96-H3-VS2-GGA12.5-Ni(II) 5mg-L-01072024-Q=mL-phút-4
2612,GGA12.5-Ni-5,317.9864,4564,305.2,12.98635,U96-27.06.2024,U96-H3-VS2-GGA12.5-Ni(II) 5mg-L-01072024-Q=mL-phút-4
2613,GGA12.5-Ni-5,316.8758,5038,304.1,11.67575,U96-27.06.2024,U96-H3-VS2-GGA12.5-Ni(II) 5mg-L-01072024-Q=mL-phút-4
2614,GGA12.5-Ni-5,316.0727,5512,304.6,11.97272,U96-27.06.2024,U96-H3-VS2-GGA12.5-Ni(II) 5mg-L-01072024-Q=mL-phút-4
2615,GGA12.5-Ni-5,316.2288,5986,304.1,11.62879,U96-27.06.2024,U96-H3-VS2-GGA12.5-Ni(II) 5mg-L-01072024-Q=mL-phút-4
2616,GGA12.5-Ni-5,315.9746,6459,304.1,11.87462,U96-27.06.2024,U96-H3-VS2-GGA12.5-Ni(II) 5mg-L-01072024-Q=mL-phút-4
2617,GGA12.5,317.2049,304,304.8,12.40488,U96-27.06.2024,U96-H3-VS2-GGA12.5-Zn(II) 10mg-L-01072024-Q=49.24mL-phút-1
2618,GGA12.5,316.8903,776,304.0,12.89026,U96-27.06.2024,U96-H3-VS2-GGA12.5-Zn(II) 10mg-L-01072024-Q=49.24mL-phút-1
2619,GGA12.5,316.4439,1248,303.9,12.54391,U96-27.06.2024,U96-H3-VS2-GGA12.5-Zn(II) 10mg-L-01072024-Q=49.24mL-phút-1
2620,GGA12.5,316.0829,1724,303.6,12.48292,U96-27.06.2024,U96-H3-VS2-GGA12.5-Zn(II) 10mg-L-01072024-Q=49.24mL-phút-1
2621,GGA12.5,315.1561,2197,302.9,12.25611,U96-27.06.2024,U96-H3-VS2-GGA12.5-Zn(II) 10mg-L-01072024-Q=49.24mL-phút-1
2622,GGA12.5,315.1563,2670,302.0,13.15626,U96-27.06.2024,U96-H3-VS2-GGA12.5-Zn(II) 10mg-L-01072024-Q=49.24mL-phút-1
2623,GGA12.5,314.8875,3145,301.6,13.28749,U96-27.06.2024,U96-H3-VS2-GGA12.5-Zn(II) 10mg-L-01072024-Q=49.24mL-phút-1
2624,GGA12.5-Zn-10,315.325,3617,301.2,14.125,U96-27.06.2024,U96-H3-VS2-GGA12.5-Zn(II) 10mg-L-01072024-Q=49.24mL-phút-1
2625,GGA12.5-Zn-10,314.5229,4090,302.9,11.62293,U96-27.06.2024,U96-H3-VS2-GGA12.5-Zn(II) 10mg-L-01072024-Q=49.24mL-phút-1
2626,GGA12.5-Zn-10,314.2915,4564,303.1,11.1915,U96-27.06.2024,U96-H3-VS2-GGA12.5-Zn(II) 10mg-L-01072024-Q=49.24mL-phút-1
2627,GGA12.5-Zn-10,314.5688,5037,302.7,11.86874,U96-27.06.2024,U96-H3-VS2-GGA12.5-Zn(II) 10mg-L-01072024-Q=49.24mL-phút-1
2628,GGA15,284.8361,301,269.61,15.2261,U97-H1-VS2-28.06.2024,U97-H1-VS2-GGA15-Zn(II) 10mg-L-02072024-Q=50.52mL-phút-5
2629,GGA15,284.7616,775,268.92,15.84155,U97-H1-VS2-28.06.2024,U97-H1-VS2-GGA15-Zn(II) 10mg-L-02072024-Q=50.52mL-phút-5
2630,GGA15,284.8146,1248,269.48,15.33462,U97-H1-VS2-28.06.2024,U97-H1-VS2-GGA15-Zn(II) 10mg-L-02072024-Q=50.52mL-phút-5
2631,GGA15,284.8611,1721,268.58,16.28112,U97-H1-VS2-28.06.2024,U97-H1-VS2-GGA15-Zn(II) 10mg-L-02072024-Q=50.52mL-phút-5
2632,GGA15,284.7767,2194,268.37,16.40667,U97-H1-VS2-28.06.2024,U97-H1-VS2-GGA15-Zn(II) 10mg-L-02072024-Q=50.52mL-phút-5
2633,GGA15,284.7543,2668,268.41,16.34426,U97-H1-VS2-28.06.2024,U97-H1-VS2-GGA15-Zn(II) 10mg-L-02072024-Q=50.52mL-phút-5
2634,GGA20-Zn-5,285.0748,3140,271.53,13.54482,U97-H1-VS2-28.06.2024,U97-H1-VS2-GGA15-Zn(II) 10mg-L-02072024-Q=50.52mL-phút-5
2635,GGA20-Zn-5,285.1222,3614,273.37,11.75222,U97-H1-VS2-28.06.2024,U97-H1-VS2-GGA15-Zn(II) 10mg-L-02072024-Q=50.52mL-phút-5
2636,GGA20-Zn-5,285.0806,4087,274.0,11.08056,U97-H1-VS2-28.06.2024,U97-H1-VS2-GGA15-Zn(II) 10mg-L-02072024-Q=50.52mL-phút-5
2637,GGA20-Zn-5,282.7309,4560,271.36,11.37094,U97-H1-VS2-28.06.2024,U97-H1-VS2-GGA15-Zn(II) 10mg-L-02072024-Q=50.52mL-phút-5
2638,GGA20-Zn-5,282.4628,5033,271.72,10.74278,U97-H1-VS2-28.06.2024,U97-H1-VS2-GGA15-Zn(II) 10mg-L-02072024-Q=50.52mL-phút-5
2639,GGA20-Zn-5,282.1238,5508,271.57,10.55376,U97-H1-VS2-28.06.2024,U97-H1-VS2-GGA15-Zn(II) 10mg-L-02072024-Q=50.52mL-phút-5
2640,GGA20-Zn-5,281.4319,5983,271.4,10.03187,U97-H1-VS2-28.06.2024,U97-H1-VS2-GGA15-Zn(II) 10mg-L-02072024-Q=50.52mL-phút-5
2641,GGA12.5,281.3413,301,271.55,9.7913,U97-H1-VS2-28.06.2024,U97-H1-VS2-GGA12.5-Cr(VI) 10mg-L-02072024-Q=50.58mL-phút-2
2642,GGA12.5,280.467,775,271.19,9.27704,U97-H1-VS2-28.06.2024,U97-H1-VS2-GGA12.5-Cr(VI) 10mg-L-02072024-Q=50.58mL-phút-2
2643,GGA12.5,280.3576,1250,271.4,8.9576,U97-H1-VS2-28.06.2024,U97-H1-VS2-GGA12.5-Cr(VI) 10mg-L-02072024-Q=50.58mL-phút-2
2644,GGA12.5,280.2055,1723,270.8,9.40548,U97-H1-VS2-28.06.2024,U97-H1-VS2-GGA12.5-Cr(VI) 10mg-L-02072024-Q=50.58mL-phút-2
2645,GGA12.5,280.3337,2195,270.69,9.64367,U97-H1-VS2-28.06.2024,U97-H1-VS2-GGA12.5-Cr(VI) 10mg-L-02072024-Q=50.58mL-phút-2
2646,GGA12.5,279.8674,2670,270.86,9.00741,U97-H1-VS2-28.06.2024,U97-H1-VS2-GGA12.5-Cr(VI) 10mg-L-02072024-Q=50.58mL-phút-2
2647,GGA12.5,280.1249,3141,271.13,8.9949,U97-H1-VS2-28.06.2024,U97-H1-VS2-GGA12.5-Cr(VI) 10mg-L-02072024-Q=50.58mL-phút-2
2648,GGA12.5-Cr-10,279.748,3614,271.61,8.13797,U97-H1-VS2-28.06.2024,U97-H1-VS2-GGA12.5-Cr(VI) 10mg-L-02072024-Q=50.58mL-phút-2
2649,GGA12.5-Cr-10,279.8535,4090,271.99,7.86348,U97-H1-VS2-28.06.2024,U97-H1-VS2-GGA12.5-Cr(VI) 10mg-L-02072024-Q=50.58mL-phút-2
2650,GGA12.5-Cr-10,279.9784,4563,272.87,7.10837,U97-H1-VS2-28.06.2024,U97-H1-VS2-GGA12.5-Cr(VI) 10mg-L-02072024-Q=50.58mL-phút-2
2651,GGA12.5-Cr-10,280.2326,5037,273.35,6.88259,U97-H1-VS2-28.06.2024,U97-H1-VS2-GGA12.5-Cr(VI) 10mg-L-02072024-Q=50.58mL-phút-2
2652,GGA12.5-Cr-10,280.2896,5509,273.93,6.3596,U97-H1-VS2-28.06.2024,U97-H1-VS2-GGA12.5-Cr(VI) 10mg-L-02072024-Q=50.58mL-phút-2
2653,GGA12.5-Cr-10,280.4428,5983,274.79,5.65279,U97-H1-VS2-28.06.2024,U97-H1-VS2-GGA12.5-Cr(VI) 10mg-L-02072024-Q=50.58mL-phút-2
2654,GGA12.5-Cr-10,280.6518,6454,275.48,5.17179,U97-H1-VS2-28.06.2024,U97-H1-VS2-GGA12.5-Cr(VI) 10mg-L-02072024-Q=50.58mL-phút-2
2655,GGA12.5-Cr-10,280.3592,6929,275.34,5.0192,U97-H1-VS2-28.06.2024,U97-H1-VS2-GGA12.5-Cr(VI) 10mg-L-02072024-Q=50.58mL-phút-2
2656,GGA12.5,323.6406,301,290.4,33.24058,U98-H3-VS2-28.06.2024,U98-H3-VS2-GGA12.5-Cr(VI) 10mg-L-02072024-Q=50.46mL-phút-3
2657,GGA12.5,324.1651,774,290.3,33.86511,U98-H3-VS2-28.06.2024,U98-H3-VS2-GGA12.5-Cr(VI) 10mg-L-02072024-Q=50.46mL-phút-3
2658,GGA12.5,323.7382,1248,288.8,34.93823,U98-H3-VS2-28.06.2024,U98-H3-VS2-GGA12.5-Cr(VI) 10mg-L-02072024-Q=50.46mL-phút-3
2659,GGA12.5,324.9687,1721,289.3,35.66867,U98-H3-VS2-28.06.2024,U98-H3-VS2-GGA12.5-Cr(VI) 10mg-L-02072024-Q=50.46mL-phút-3
2660,GGA12.5,327.7603,2195,292.6,35.16028,U98-H3-VS2-28.06.2024,U98-H3-VS2-GGA12.5-Cr(VI) 10mg-L-02072024-Q=50.46mL-phút-3
2661,GGA12.5,328.7836,2668,293.6,35.18359,U98-H3-VS2-28.06.2024,U98-H3-VS2-GGA12.5-Cr(VI) 10mg-L-02072024-Q=50.46mL-phút-3
2662,GGA12.5-Cr-10,327.5299,3141,288.8,38.72985,U98-H3-VS2-28.06.2024,U98-H3-VS2-GGA12.5-Cr(VI) 10mg-L-02072024-Q=50.46mL-phút-3
2663,GGA12.5-Cr-10,324.9776,3614,286.1,38.87761,U98-H3-VS2-28.06.2024,U98-H3-VS2-GGA12.5-Cr(VI) 10mg-L-02072024-Q=50.46mL-phút-3
2664,GGA12.5-Cr-10,322.9941,4088,283.8,39.19411,U98-H3-VS2-28.06.2024,U98-H3-VS2-GGA12.5-Cr(VI) 10mg-L-02072024-Q=50.46mL-phút-3
2665,GGA12.5-Cr-10,322.1866,4561,282.1,40.08658,U98-H3-VS2-28.06.2024,U98-H3-VS2-GGA12.5-Cr(VI) 10mg-L-02072024-Q=50.46mL-phút-3
2666,GGA12.5-Cr-10,319.5343,5035,280.9,38.63433,U98-H3-VS2-28.06.2024,U98-H3-VS2-GGA12.5-Cr(VI) 10mg-L-02072024-Q=50.46mL-phút-3
2667,GGA12.5-Cr-10,321.2881,5508,280.7,40.58806,U98-H3-VS2-28.06.2024,U98-H3-VS2-GGA12.5-Cr(VI) 10mg-L-02072024-Q=50.46mL-phút-3
2668,GGA12.5-Cr-10,319.65,5983,282.2,37.44999,U98-H3-VS2-28.06.2024,U98-H3-VS2-GGA12.5-Cr(VI) 10mg-L-02072024-Q=50.46mL-phút-3
2669,GGA12.5-Cr-10,320.5149,6454,287.4,33.11492,U98-H3-VS2-28.06.2024,U98-H3-VS2-GGA12.5-Cr(VI) 10mg-L-02072024-Q=50.46mL-phút-3
2670,GGA12.5-Cr-10,320.1269,6928,289.5,30.62686,U98-H3-VS2-28.06.2024,U98-H3-VS2-GGA12.5-Cr(VI) 10mg-L-02072024-Q=50.46mL-phút-3
2671,GGA12.5-Cr-10,317.6925,7401,291.0,26.69244,U98-H3-VS2-28.06.2024,U98-H3-VS2-GGA12.5-Cr(VI) 10mg-L-02072024-Q=50.46mL-phút-3
2672,GGA12.5-Cr-10,314.1278,7877,290.3,23.82777,U98-H3-VS2-28.06.2024,U98-H3-VS2-GGA12.5-Cr(VI) 10mg-L-02072024-Q=50.46mL-phút-3
2673,GGA12.5-Cr-10,314.9167,8348,293.1,21.81667,U98-H3-VS2-28.06.2024,U98-H3-VS2-GGA12.5-Cr(VI) 10mg-L-02072024-Q=50.46mL-phút-3
2674,GGA12.5-Cr-10,314.6778,8820,293.6,21.07779,U98-H3-VS2-28.06.2024,U98-H3-VS2-GGA12.5-Cr(VI) 10mg-L-02072024-Q=50.46mL-phút-3
2675,GGA12.5-Cr-10,314.9333,9296,293.6,21.33335,U98-H3-VS2-28.06.2024,U98-H3-VS2-GGA12.5-Cr(VI) 10mg-L-02072024-Q=50.46mL-phút-3
2676,GGA15,313.663,301,287.4,26.26295,U98-H3-VS2-28.06.2024,U98-H3-VS2-GGA15-Zn(II) 15mg-L-02072024-Q=50.2mL-phút-4
2677,GGA15,313.7,773,286.7,26.99999,U98-H3-VS2-28.06.2024,U98-H3-VS2-GGA15-Zn(II) 15mg-L-02072024-Q=50.2mL-phút-4
2678,GGA15,311.9222,1248,284.6,27.32223,U98-H3-VS2-28.06.2024,U98-H3-VS2-GGA15-Zn(II) 15mg-L-02072024-Q=50.2mL-phút-4
2679,GGA15,310.8648,1721,282.9,27.9648,U98-H3-VS2-28.06.2024,U98-H3-VS2-GGA15-Zn(II) 15mg-L-02072024-Q=50.2mL-phút-4
2680,GGA15,309.3264,2200,282.0,27.32641,U98-H3-VS2-28.06.2024,U98-H3-VS2-GGA15-Zn(II) 15mg-L-02072024-Q=50.2mL-phút-4
2681,GGA15-Zn-15,308.0259,2679,287.1,20.92593,U98-H3-VS2-28.06.2024,U98-H3-VS2-GGA15-Zn(II) 15mg-L-02072024-Q=50.2mL-phút-4
2682,GGA15-Zn-15,307.4519,3151,290.3,17.15184,U98-H3-VS2-28.06.2024,U98-H3-VS2-GGA15-Zn(II) 15mg-L-02072024-Q=50.2mL-phút-4
2683,GGA15-Zn-15,307.8667,3626,291.2,16.66666,U98-H3-VS2-28.06.2024,U98-H3-VS2-GGA15-Zn(II) 15mg-L-02072024-Q=50.2mL-phút-4
2684,GGA15-Zn-15,307.1537,4098,292.2,14.95371,U98-H3-VS2-28.06.2024,U98-H3-VS2-GGA15-Zn(II) 15mg-L-02072024-Q=50.2mL-phút-4
2685,GGA15-Zn-15,307.4463,4571,292.5,14.94631,U98-H3-VS2-28.06.2024,U98-H3-VS2-GGA15-Zn(II) 15mg-L-02072024-Q=50.2mL-phút-4
2686,GGA15-Zn-15,308.2019,5043,293.5,14.70184,U98-H3-VS2-28.06.2024,U98-H3-VS2-GGA15-Zn(II) 15mg-L-02072024-Q=50.2mL-phút-4
2687,GGA15-Zn-15,305.35,5517,291.8,13.55001,U98-H3-VS2-28.06.2024,U98-H3-VS2-GGA15-Zn(II) 15mg-L-02072024-Q=50.2mL-phút-4
2688,GGA15-Zn-15,303.7667,5990,290.4,13.36667,U98-H3-VS2-28.06.2024,U98-H3-VS2-GGA15-Zn(II) 15mg-L-02072024-Q=50.2mL-phút-4
2689,GGA20,289.8405,301,275.71,14.1305,U99-H1-VS2-01.07.2024,U99-H1-VS2-GGA20-Zn(II) 15mg-L-03072024-Q=50.16mL-phút-1
2690,GGA20,291.0161,773,277.28,13.7361,U99-H1-VS2-01.07.2024,U99-H1-VS2-GGA20-Zn(II) 15mg-L-03072024-Q=50.16mL-phút-1
2691,GGA20,291.0266,1248,277.26,13.76658,U99-H1-VS2-01.07.2024,U99-H1-VS2-GGA20-Zn(II) 15mg-L-03072024-Q=50.16mL-phút-1
2692,GGA20,289.7144,1727,276.19,13.52439,U99-H1-VS2-01.07.2024,U99-H1-VS2-GGA20-Zn(II) 15mg-L-03072024-Q=50.16mL-phút-1
2693,GGA20,287.9926,2206,273.89,14.10263,U99-H1-VS2-01.07.2024,U99-H1-VS2-GGA20-Zn(II) 15mg-L-03072024-Q=50.16mL-phút-1
2694,GGA20,287.8615,2681,274.39,13.47146,U99-H1-VS2-01.07.2024,U99-H1-VS2-GGA20-Zn(II) 15mg-L-03072024-Q=50.16mL-phút-1
2695,GGA20-Zn-15,287.6094,3153,274.85,12.7594,U99-H1-VS2-01.07.2024,U99-H1-VS2-GGA20-Zn(II) 15mg-L-03072024-Q=50.16mL-phút-1
2696,GGA20-Zn-15,287.4697,3625,274.71,12.75971,U99-H1-VS2-01.07.2024,U99-H1-VS2-GGA20-Zn(II) 15mg-L-03072024-Q=50.16mL-phút-1
2697,GGA20-Zn-15,287.6236,4100,275.29,12.33363,U99-H1-VS2-01.07.2024,U99-H1-VS2-GGA20-Zn(II) 15mg-L-03072024-Q=50.16mL-phút-1
2698,GGA20-Zn-15,287.5956,4572,274.83,12.7656,U99-H1-VS2-01.07.2024,U99-H1-VS2-GGA20-Zn(II) 15mg-L-03072024-Q=50.16mL-phút-1
2699,GGA20-Zn-15,287.5153,5047,275.02,12.4953,U99-H1-VS2-01.07.2024,U99-H1-VS2-GGA20-Zn(II) 15mg-L-03072024-Q=50.16mL-phút-1
2700,GGA20-Zn-15,287.0733,5520,274.54,12.53332,U99-H1-VS2-01.07.2024,U99-H1-VS2-GGA20-Zn(II) 15mg-L-03072024-Q=50.16mL-phút-1
2701,GGA20-Zn-15,287.1256,5996,274.35,12.77558,U99-H1-VS2-01.07.2024,U99-H1-VS2-GGA20-Zn(II) 15mg-L-03072024-Q=50.16mL-phút-1
2702,GGA20-Zn-15,286.8712,6467,275.52,11.35122,U99-H1-VS2-01.07.2024,U99-H1-VS2-GGA20-Zn(II) 15mg-L-03072024-Q=50.16mL-phút-1
2703,GGA20-Zn-15,286.9365,6940,276.21,10.72648,U99-H1-VS2-01.07.2024,U99-H1-VS2-GGA20-Zn(II) 15mg-L-03072024-Q=50.16mL-phút-1
2704,GGA20-Zn-15,287.2144,7414,276.09,11.12441,U99-H1-VS2-01.07.2024,U99-H1-VS2-GGA20-Zn(II) 15mg-L-03072024-Q=50.16mL-phút-1
2705,GGA12.5,285.8052,301,275.59,10.21515,U99-H1-VS2-01.07.2024,U99-H1-VS2-GGA12.5-Cr(VI) 10mg-L-03072024-Q=48.84mL-phút-4
2706,GGA12.5,285.7324,773,275.29,10.44234,U99-H1-VS2-01.07.2024,U99-H1-VS2-GGA12.5-Cr(VI) 10mg-L-03072024-Q=48.84mL-phút-4
2707,GGA12.5,285.5535,1245,275.5,10.05353,U99-H1-VS2-01.07.2024,U99-H1-VS2-GGA12.5-Cr(VI) 10mg-L-03072024-Q=48.84mL-phút-4
2708,GGA12.5,285.5303,1720,275.59,9.94029,U99-H1-VS2-01.07.2024,U99-H1-VS2-GGA12.5-Cr(VI) 10mg-L-03072024-Q=48.84mL-phút-4
2709,GGA12.5,285.7821,2189,275.88,9.90206,U99-H1-VS2-01.07.2024,U99-H1-VS2-GGA12.5-Cr(VI) 10mg-L-03072024-Q=48.84mL-phút-4
2710,GGA12.5,288.9212,2668,278.47,10.45121,U99-H1-VS2-01.07.2024,U99-H1-VS2-GGA12.5-Cr(VI) 10mg-L-03072024-Q=48.84mL-phút-4
2711,GGA12.5-Cr-10,286.4121,3142,277.41,9.00206,U99-H1-VS2-01.07.2024,U99-H1-VS2-GGA12.5-Cr(VI) 10mg-L-03072024-Q=48.84mL-phút-4
2712,GGA12.5-Cr-10,286.4779,3612,277.82,8.65793,U99-H1-VS2-01.07.2024,U99-H1-VS2-GGA12.5-Cr(VI) 10mg-L-03072024-Q=48.84mL-phút-4
2713,GGA12.5-Cr-10,286.1788,4085,277.28,8.89879,U99-H1-VS2-01.07.2024,U99-H1-VS2-GGA12.5-Cr(VI) 10mg-L-03072024-Q=48.84mL-phút-4
2714,GGA12.5-Cr-10,285.1085,4559,276.38,8.72853,U99-H1-VS2-01.07.2024,U99-H1-VS2-GGA12.5-Cr(VI) 10mg-L-03072024-Q=48.84mL-phút-4
2715,GGA12.5-Cr-10,285.2327,5033,277.05,8.18274,U99-H1-VS2-01.07.2024,U99-H1-VS2-GGA12.5-Cr(VI) 10mg-L-03072024-Q=48.84mL-phút-4
2716,GGA12.5-Cr-10,285.3615,5506,278.6,6.76146,U99-H1-VS2-01.07.2024,U99-H1-VS2-GGA12.5-Cr(VI) 10mg-L-03072024-Q=48.84mL-phút-4
2717,GGA12.5-Cr-10,285.6285,5980,279.29,6.33852,U99-H1-VS2-01.07.2024,U99-H1-VS2-GGA12.5-Cr(VI) 10mg-L-03072024-Q=48.84mL-phút-4
2718,GGA12.5-Cr-10,285.4887,6454,279.66,5.82873,U99-H1-VS2-01.07.2024,U99-H1-VS2-GGA12.5-Cr(VI) 10mg-L-03072024-Q=48.84mL-phút-4
2719,GGA12.5-Cr-10,285.4177,6925,279.92,5.49765,U99-H1-VS2-01.07.2024,U99-H1-VS2-GGA12.5-Cr(VI) 10mg-L-03072024-Q=48.84mL-phút-4
2720,GGA2.5,319.4546,301,293.8,25.65455,U100-H3-VS2-01.07.2024,U100-H3-VS2-GGA2.5-Ni(II) 5mg-L-03072024-Q=50.68mL-phút-2
2721,GGA2.5,319.6824,774,294.5,25.18236,U100-H3-VS2-01.07.2024,U100-H3-VS2-GGA2.5-Ni(II) 5mg-L-03072024-Q=50.68mL-phút-2
2722,GGA2.5,318.7441,1248,293.6,25.14413,U100-H3-VS2-01.07.2024,U100-H3-VS2-GGA2.5-Ni(II) 5mg-L-03072024-Q=50.68mL-phút-2
2723,GGA2.5,318.9059,1720,295.6,23.30588,U100-H3-VS2-01.07.2024,U100-H3-VS2-GGA2.5-Ni(II) 5mg-L-03072024-Q=50.68mL-phút-2
2724,GGA2.5,317.7147,2195,294.3,23.41472,U100-H3-VS2-01.07.2024,U100-H3-VS2-GGA2.5-Ni(II) 5mg-L-03072024-Q=50.68mL-phút-2
2725,GGA2.5,316.3471,2669,294.3,22.04707,U100-H3-VS2-01.07.2024,U100-H3-VS2-GGA2.5-Ni(II) 5mg-L-03072024-Q=50.68mL-phút-2
2726,GGA2.5-Ni-5,317.3697,3141,290.9,26.46971,U100-H3-VS2-01.07.2024,U100-H3-VS2-GGA2.5-Ni(II) 5mg-L-03072024-Q=50.68mL-phút-2
2727,GGA2.5-Ni-5,317.2152,3616,289.8,27.41516,U100-H3-VS2-01.07.2024,U100-H3-VS2-GGA2.5-Ni(II) 5mg-L-03072024-Q=50.68mL-phút-2
2728,GGA2.5-Ni-5,315.9029,4089,289.3,26.60295,U100-H3-VS2-01.07.2024,U100-H3-VS2-GGA2.5-Ni(II) 5mg-L-03072024-Q=50.68mL-phút-2
2729,GGA2.5-Ni-5,315.0206,4561,289.6,25.42058,U100-H3-VS2-01.07.2024,U100-H3-VS2-GGA2.5-Ni(II) 5mg-L-03072024-Q=50.68mL-phút-2
2730,GGA2.5-Ni-5,312.1818,5036,289.0,23.18182,U100-H3-VS2-01.07.2024,U100-H3-VS2-GGA2.5-Ni(II) 5mg-L-03072024-Q=50.68mL-phút-2
2731,GGA2.5-Ni-5,311.4088,5508,288.1,23.30882,U100-H3-VS2-01.07.2024,U100-H3-VS2-GGA2.5-Ni(II) 5mg-L-03072024-Q=50.68mL-phút-2
2732,GGA2.5-Ni-5,310.4529,5983,287.3,23.15295,U100-H3-VS2-01.07.2024,U100-H3-VS2-GGA2.5-Ni(II) 5mg-L-03072024-Q=50.68mL-phút-2
2733,GGA2.5-Ni-5,310.1912,6456,287.2,22.99118,U100-H3-VS2-01.07.2024,U100-H3-VS2-GGA2.5-Ni(II) 5mg-L-03072024-Q=50.68mL-phút-2
2734,GGA2.5-Ni-5,309.2667,6929,287.1,22.16667,U100-H3-VS2-01.07.2024,U100-H3-VS2-GGA2.5-Ni(II) 5mg-L-03072024-Q=50.68mL-phút-2
2735,GGA15,309.4765,301,276.7,32.77648,U100-H3-VS2-01.07.2024,U100-H3-VS2-GGA15-Zn(II) 15mg-L-03072024-Q=50.2mL-phút-5
2736,GGA15,303.5176,780,269.8,33.71763,U100-H3-VS2-01.07.2024,U100-H3-VS2-GGA15-Zn(II) 15mg-L-03072024-Q=50.2mL-phút-5
2737,GGA15,303.2512,1254,270.6,32.65123,U100-H3-VS2-01.07.2024,U100-H3-VS2-GGA15-Zn(II) 15mg-L-03072024-Q=50.2mL-phút-5
2738,GGA15,302.8732,1727,270.6,32.27318,U100-H3-VS2-01.07.2024,U100-H3-VS2-GGA15-Zn(II) 15mg-L-03072024-Q=50.2mL-phút-5
2739,GGA15,302.5634,2200,268.7,33.86342,U100-H3-VS2-01.07.2024,U100-H3-VS2-GGA15-Zn(II) 15mg-L-03072024-Q=50.2mL-phút-5
2740,GGA15,301.661,2674,269.0,32.66098,U100-H3-VS2-01.07.2024,U100-H3-VS2-GGA15-Zn(II) 15mg-L-03072024-Q=50.2mL-phút-5
2741,GGA15,302.0854,3148,267.0,35.08537,U100-H3-VS2-01.07.2024,U100-H3-VS2-GGA15-Zn(II) 15mg-L-03072024-Q=50.2mL-phút-5
2742,GGA15-Zn-15,301.2244,3620,271.3,29.9244,U100-H3-VS2-01.07.2024,U100-H3-VS2-GGA15-Zn(II) 15mg-L-03072024-Q=50.2mL-phút-5
2743,GGA15-Zn-15,303.8122,4094,273.2,30.61218,U100-H3-VS2-01.07.2024,U100-H3-VS2-GGA15-Zn(II) 15mg-L-03072024-Q=50.2mL-phút-5
2744,GGA15-Zn-15,303.1683,4567,273.7,29.46829,U100-H3-VS2-01.07.2024,U100-H3-VS2-GGA15-Zn(II) 15mg-L-03072024-Q=50.2mL-phút-5
2745,GGA15-Zn-15,301.2659,5040,274.2,27.06586,U100-H3-VS2-01.07.2024,U100-H3-VS2-GGA15-Zn(II) 15mg-L-03072024-Q=50.2mL-phút-5
2746,GGA15-Zn-15,300.9512,5513,273.2,27.75121,U100-H3-VS2-01.07.2024,U100-H3-VS2-GGA15-Zn(II) 15mg-L-03072024-Q=50.2mL-phút-5
2747,GGA15-Zn-15,299.5488,5987,273.0,26.54878,U100-H3-VS2-01.07.2024,U100-H3-VS2-GGA15-Zn(II) 15mg-L-03072024-Q=50.2mL-phút-5
2748,GGA15-Zn-15,300.1878,6460,272.6,27.5878,U100-H3-VS2-01.07.2024,U100-H3-VS2-GGA15-Zn(II) 15mg-L-03072024-Q=50.2mL-phút-5
2749,GGA15-Zn-15,298.9854,6933,271.9,27.08536,U100-H3-VS2-01.07.2024,U100-H3-VS2-GGA15-Zn(II) 15mg-L-03072024-Q=50.2mL-phút-5
2750,GGA15-Zn-15,297.2317,7408,270.2,27.0317,U100-H3-VS2-01.07.2024,U100-H3-VS2-GGA15-Zn(II) 15mg-L-03072024-Q=50.2mL-phút-5
2751,GGA20,291.568,301,278.64,12.92795,U101-H1-VS2-02.07.2024,U101-H1-VS2-GGA20-Cr(VI) 10mg-L-04072024-Q=50.28mL-phút-1
2752,GGA20,291.3667,773,278.18,13.18674,U101-H1-VS2-02.07.2024,U101-H1-VS2-GGA20-Cr(VI) 10mg-L-04072024-Q=50.28mL-phút-1
2753,GGA20,291.2431,1246,277.91,13.33306,U101-H1-VS2-02.07.2024,U101-H1-VS2-GGA20-Cr(VI) 10mg-L-04072024-Q=50.28mL-phút-1
2754,GGA20,291.3967,1720,277.68,13.71675,U101-H1-VS2-02.07.2024,U101-H1-VS2-GGA20-Cr(VI) 10mg-L-04072024-Q=50.28mL-phút-1
2755,GGA20,290.755,2199,277.18,13.57501,U101-H1-VS2-02.07.2024,U101-H1-VS2-GGA20-Cr(VI) 10mg-L-04072024-Q=50.28mL-phút-1
2756,GGA20-Cr-10,290.8406,2671,279.16,11.68061,U101-H1-VS2-02.07.2024,U101-H1-VS2-GGA20-Cr(VI) 10mg-L-04072024-Q=50.28mL-phút-1
2757,GGA20-Cr-10,290.9842,3146,278.79,12.19419,U101-H1-VS2-02.07.2024,U101-H1-VS2-GGA20-Cr(VI) 10mg-L-04072024-Q=50.28mL-phút-1
2758,GGA20-Cr-10,289.4847,3619,279.64,9.84469,U101-H1-VS2-02.07.2024,U101-H1-VS2-GGA20-Cr(VI) 10mg-L-04072024-Q=50.28mL-phút-1
2759,GGA20-Cr-10,290.1798,4092,281.02,9.15981,U101-H1-VS2-02.07.2024,U101-H1-VS2-GGA20-Cr(VI) 10mg-L-04072024-Q=50.28mL-phút-1
2760,GGA20-Cr-10,290.1631,4565,281.5,8.66306,U101-H1-VS2-02.07.2024,U101-H1-VS2-GGA20-Cr(VI) 10mg-L-04072024-Q=50.28mL-phút-1
2761,GGA20-Cr-10,290.1612,5038,282.51,7.65122,U101-H1-VS2-02.07.2024,U101-H1-VS2-GGA20-Cr(VI) 10mg-L-04072024-Q=50.28mL-phút-1
2762,GGA20-Cr-10,290.0469,5510,283.03,7.01694,U101-H1-VS2-02.07.2024,U101-H1-VS2-GGA20-Cr(VI) 10mg-L-04072024-Q=50.28mL-phút-1
2763,GGA20-Cr-10,290.1806,5985,283.6,6.5806,U101-H1-VS2-02.07.2024,U101-H1-VS2-GGA20-Cr(VI) 10mg-L-04072024-Q=50.28mL-phút-1
2764,GGA20-Cr-10,290.0225,6932,285.12,4.90245,U101-H1-VS2-02.07.2024,U101-H1-VS2-GGA20-Cr(VI) 10mg-L-04072024-Q=50.28mL-phút-1
2765,GGA20-Cr-10,290.3357,7404,285.29,5.0457,U101-H1-VS2-02.07.2024,U101-H1-VS2-GGA20-Cr(VI) 10mg-L-04072024-Q=50.28mL-phút-1
2766,GGA20-Cr-10,290.0602,7880,285.58,4.48021,U101-H1-VS2-02.07.2024,U101-H1-VS2-GGA20-Cr(VI) 10mg-L-04072024-Q=50.28mL-phút-1
2767,GGA12.5,333.8265,301,302.7,31.12652,U102-H3-VS2-02.07.2024,U102-H3-VS2-GGA12.5-Cr(VI) 10mg-L-04072024-Q=49.74mL-phút-5
2768,GGA12.5,330.8653,780,298.6,32.26532,U102-H3-VS2-02.07.2024,U102-H3-VS2-GGA12.5-Cr(VI) 10mg-L-04072024-Q=49.74mL-phút-5
2769,GGA12.5,326.4041,1260,293.2,33.20409,U102-H3-VS2-02.07.2024,U102-H3-VS2-GGA12.5-Cr(VI) 10mg-L-04072024-Q=49.74mL-phút-5
2770,GGA12.5,324.6653,1732,293.5,31.1653,U102-H3-VS2-02.07.2024,U102-H3-VS2-GGA12.5-Cr(VI) 10mg-L-04072024-Q=49.74mL-phút-5
2771,GGA12.5,323.17,2206,290.6,32.57,U102-H3-VS2-02.07.2024,U102-H3-VS2-GGA12.5-Cr(VI) 10mg-L-04072024-Q=49.74mL-phút-5
2772,GGA12.5-Cr-10,321.8469,2679,288.0,33.84695,U102-H3-VS2-02.07.2024,U102-H3-VS2-GGA12.5-Cr(VI) 10mg-L-04072024-Q=49.74mL-phút-5
2773,GGA12.5-Cr-10,322.8776,3152,286.1,36.77755,U102-H3-VS2-02.07.2024,U102-H3-VS2-GGA12.5-Cr(VI) 10mg-L-04072024-Q=49.74mL-phút-5
2774,GGA12.5-Cr-10,318.672,3626,289.6,29.07199,U102-H3-VS2-02.07.2024,U102-H3-VS2-GGA12.5-Cr(VI) 10mg-L-04072024-Q=49.74mL-phút-5
2775,GGA12.5-Cr-10,321.3857,4099,295.1,26.28572,U102-H3-VS2-02.07.2024,U102-H3-VS2-GGA12.5-Cr(VI) 10mg-L-04072024-Q=49.74mL-phút-5
2776,GGA12.5-Cr-10,320.5776,4572,295.8,24.77755,U102-H3-VS2-02.07.2024,U102-H3-VS2-GGA12.5-Cr(VI) 10mg-L-04072024-Q=49.74mL-phút-5
2777,GGA12.5-Cr-10,319.6796,5046,296.1,23.5796,U102-H3-VS2-02.07.2024,U102-H3-VS2-GGA12.5-Cr(VI) 10mg-L-04072024-Q=49.74mL-phút-5
2778,GGA12.5-Cr-10,318.149,5519,297.9,20.24899,U102-H3-VS2-02.07.2024,U102-H3-VS2-GGA12.5-Cr(VI) 10mg-L-04072024-Q=49.74mL-phút-5
2779,GGA12.5-Cr-10,317.068,5993,298.6,18.46801,U102-H3-VS2-02.07.2024,U102-H3-VS2-GGA12.5-Cr(VI) 10mg-L-04072024-Q=49.74mL-phút-5
2780,GGA12.5-Cr-10,316.2694,6466,298.1,18.1694,U102-H3-VS2-02.07.2024,U102-H3-VS2-GGA12.5-Cr(VI) 10mg-L-04072024-Q=49.74mL-phút-5
2781,GGA12.5-Cr-10,315.5755,6938,298.8,16.77552,U102-H3-VS2-02.07.2024,U102-H3-VS2-GGA12.5-Cr(VI) 10mg-L-04072024-Q=49.74mL-phút-5
2782,GGA12.5-Cr-10,315.251,7412,299.1,16.15101,U102-H3-VS2-02.07.2024,U102-H3-VS2-GGA12.5-Cr(VI) 10mg-L-04072024-Q=49.74mL-phút-5
2783,GGA12.5-Cr-10,312.6122,7885,295.8,16.81224,U102-H3-VS2-02.07.2024,U102-H3-VS2-GGA12.5-Cr(VI) 10mg-L-04072024-Q=49.74mL-phút-5
2784,GGA20,314.2531,301,297.0,17.25307,U102-H3-VS2-02.07.2024,U102-H3-VS2-GGA20-Zn(II) 10mg-L-04072024-Q=49.84mL-phút-1
2785,GGA20,313.828,773,296.7,17.128,U102-H3-VS2-02.07.2024,U102-H3-VS2-GGA20-Zn(II) 10mg-L-04072024-Q=49.84mL-phút-1
2786,GGA20,314.2367,1247,297.4,16.83673,U102-H3-VS2-02.07.2024,U102-H3-VS2-GGA20-Zn(II) 10mg-L-04072024-Q=49.84mL-phút-1
2787,GGA20,314.1367,1720,297.2,16.93675,U102-H3-VS2-02.07.2024,U102-H3-VS2-GGA20-Zn(II) 10mg-L-04072024-Q=49.84mL-phút-1
2788,GGA20,313.2388,2193,295.5,17.73877,U102-H3-VS2-02.07.2024,U102-H3-VS2-GGA20-Zn(II) 10mg-L-04072024-Q=49.84mL-phút-1
2789,GGA20,311.251,2668,293.8,17.45102,U102-H3-VS2-02.07.2024,U102-H3-VS2-GGA20-Zn(II) 10mg-L-04072024-Q=49.84mL-phút-1
2790,GGA20-Zn-10,310.151,3141,291.9,18.25101,U102-H3-VS2-02.07.2024,U102-H3-VS2-GGA20-Zn(II) 10mg-L-04072024-Q=49.84mL-phút-1
2791,GGA20-Zn-10,310.7306,3614,294.3,16.43062,U102-H3-VS2-02.07.2024,U102-H3-VS2-GGA20-Zn(II) 10mg-L-04072024-Q=49.84mL-phút-1
2792,GGA20-Zn-10,311.1633,4087,293.7,17.46326,U102-H3-VS2-02.07.2024,U102-H3-VS2-GGA20-Zn(II) 10mg-L-04072024-Q=49.84mL-phút-1
2793,GGA20-Zn-10,311.718,4562,295.1,16.618,U102-H3-VS2-02.07.2024,U102-H3-VS2-GGA20-Zn(II) 10mg-L-04072024-Q=49.84mL-phút-1
2794,GGA20-Zn-10,311.8673,5034,295.5,16.36733,U102-H3-VS2-02.07.2024,U102-H3-VS2-GGA20-Zn(II) 10mg-L-04072024-Q=49.84mL-phút-1
2795,GGA20-Zn-10,310.6959,5508,296.4,14.29591,U102-H3-VS2-02.07.2024,U102-H3-VS2-GGA20-Zn(II) 10mg-L-04072024-Q=49.84mL-phút-1
2796,GGA20-Zn-10,311.5367,5980,296.4,15.13673,U102-H3-VS2-02.07.2024,U102-H3-VS2-GGA20-Zn(II) 10mg-L-04072024-Q=49.84mL-phút-1
2797,GGA20-Zn-10,312.8245,6454,297.5,15.32448,U102-H3-VS2-02.07.2024,U102-H3-VS2-GGA20-Zn(II) 10mg-L-04072024-Q=49.84mL-phút-1
2798,GGA12.5,313.1347,301,296.0,17.13469,U102-H3-VS2-02.07.2024,U102-H3-VS2-GGA12.5-Ni(II) 10mg-L-04072024-Q=50.78mL-phút-5
2799,GGA12.5,313.2449,775,295.9,17.34491,U102-H3-VS2-02.07.2024,U102-H3-VS2-GGA12.5-Ni(II) 10mg-L-04072024-Q=50.78mL-phút-5
2800,GGA12.5,312.9939,1248,295.5,17.49387,U102-H3-VS2-02.07.2024,U102-H3-VS2-GGA12.5-Ni(II) 10mg-L-04072024-Q=50.78mL-phút-5
2801,GGA12.5,313.268,1721,294.9,18.368,U102-H3-VS2-02.07.2024,U102-H3-VS2-GGA12.5-Ni(II) 10mg-L-04072024-Q=50.78mL-phút-5
2802,GGA12.5,312.0918,2195,293.1,18.99184,U102-H3-VS2-02.07.2024,U102-H3-VS2-GGA12.5-Ni(II) 10mg-L-04072024-Q=50.78mL-phút-5
2803,GGA12.5,312.402,2668,294.1,18.30205,U102-H3-VS2-02.07.2024,U102-H3-VS2-GGA12.5-Ni(II) 10mg-L-04072024-Q=50.78mL-phút-5
2804,GGA12.5-Ni-10,311.532,3142,293.5,18.03199,U102-H3-VS2-02.07.2024,U102-H3-VS2-GGA12.5-Ni(II) 10mg-L-04072024-Q=50.78mL-phút-5
2805,GGA12.5-Ni-10,311.7674,3616,293.8,17.96735,U102-H3-VS2-02.07.2024,U102-H3-VS2-GGA12.5-Ni(II) 10mg-L-04072024-Q=50.78mL-phút-5
2806,GGA12.5-Ni-10,311.7163,4088,295.4,16.31633,U102-H3-VS2-02.07.2024,U102-H3-VS2-GGA12.5-Ni(II) 10mg-L-04072024-Q=50.78mL-phút-5
2807,GGA12.5-Ni-10,311.0,4560,296.4,14.59999,U102-H3-VS2-02.07.2024,U102-H3-VS2-GGA12.5-Ni(II) 10mg-L-04072024-Q=50.78mL-phút-5
2808,GGA12.5-Ni-10,310.8163,5036,296.1,14.71634,U102-H3-VS2-02.07.2024,U102-H3-VS2-GGA12.5-Ni(II) 10mg-L-04072024-Q=50.78mL-phút-5
2809,GGA12.5-Ni-10,309.8224,5509,295.8,14.02244,U102-H3-VS2-02.07.2024,U102-H3-VS2-GGA12.5-Ni(II) 10mg-L-04072024-Q=50.78mL-phút-5
2810,GGA12.5-Ni-10,309.3714,5982,295.4,13.97144,U102-H3-VS2-02.07.2024,U102-H3-VS2-GGA12.5-Ni(II) 10mg-L-04072024-Q=50.78mL-phút-5
2811,GGA12.5-Ni-10,308.849,6456,295.1,13.74898,U102-H3-VS2-02.07.2024,U102-H3-VS2-GGA12.5-Ni(II) 10mg-L-04072024-Q=50.78mL-phút-5
2812,GGA12.5-Ni-10,308.1204,6929,295.6,12.5204,U102-H3-VS2-02.07.2024,U102-H3-VS2-GGA12.5-Ni(II) 10mg-L-04072024-Q=50.78mL-phút-5
2813,GGA12.5-Ni-10,307.544,7403,295.4,12.14401,U102-H3-VS2-02.07.2024,U102-H3-VS2-GGA12.5-Ni(II) 10mg-L-04072024-Q=50.78mL-phút-5
2814,GGA12.5-Ni-10,307.238,7876,294.9,12.338,U102-H3-VS2-02.07.2024,U102-H3-VS2-GGA12.5-Ni(II) 10mg-L-04072024-Q=50.78mL-phút-5
2815,GGA15,291.4957,301,280.04,11.45571,U103-H1-VS2-03.07.2024,U103-H1-VS2-GGA15-Zn(II) 15mg-L-05072024-Q=50.01mL-phút-5
2816,GGA15,291.9063,773,279.77,12.13634,U103-H1-VS2-03.07.2024,U103-H1-VS2-GGA15-Zn(II) 15mg-L-05072024-Q=50.01mL-phút-5
2817,GGA15,291.301,1250,278.93,12.37103,U103-H1-VS2-03.07.2024,U103-H1-VS2-GGA15-Zn(II) 15mg-L-05072024-Q=50.01mL-phút-5
2818,GGA15,292.0639,1719,280.27,11.79389,U103-H1-VS2-03.07.2024,U103-H1-VS2-GGA15-Zn(II) 15mg-L-05072024-Q=50.01mL-phút-5
2819,GGA15,292.0008,2192,280.04,11.96081,U103-H1-VS2-03.07.2024,U103-H1-VS2-GGA15-Zn(II) 15mg-L-05072024-Q=50.01mL-phút-5
2820,GGA15,291.9941,2665,279.73,12.26407,U103-H1-VS2-03.07.2024,U103-H1-VS2-GGA15-Zn(II) 15mg-L-05072024-Q=50.01mL-phút-5
2821,GGA15-Zn-15,291.3292,3140,279.5,11.8292,U103-H1-VS2-03.07.2024,U103-H1-VS2-GGA15-Zn(II) 15mg-L-05072024-Q=50.01mL-phút-5
2822,GGA15-Zn-15,291.8027,3614,279.87,11.93265,U103-H1-VS2-03.07.2024,U103-H1-VS2-GGA15-Zn(II) 15mg-L-05072024-Q=50.01mL-phút-5
2823,GGA15-Zn-15,292.1369,4086,281.34,10.79694,U103-H1-VS2-03.07.2024,U103-H1-VS2-GGA15-Zn(II) 15mg-L-05072024-Q=50.01mL-phút-5
2824,GGA15-Zn-15,292.0545,4560,281.27,10.7845,U103-H1-VS2-03.07.2024,U103-H1-VS2-GGA15-Zn(II) 15mg-L-05072024-Q=50.01mL-phút-5
2825,GGA15-Zn-15,292.0871,5034,282.01,10.07713,U103-H1-VS2-03.07.2024,U103-H1-VS2-GGA15-Zn(II) 15mg-L-05072024-Q=50.01mL-phút-5
2826,GGA15-Zn-15,291.9929,5507,281.36,10.63287,U103-H1-VS2-03.07.2024,U103-H1-VS2-GGA15-Zn(II) 15mg-L-05072024-Q=50.01mL-phút-5
2827,GGA15-Zn-15,291.1041,5980,280.79,10.31407,U103-H1-VS2-03.07.2024,U103-H1-VS2-GGA15-Zn(II) 15mg-L-05072024-Q=50.01mL-phút-5
2828,GGA20,288.3714,301,278.24,10.13144,U103-H1-VS2-03.07.2024,U103-H1-VS2-GGA20-Cr(VI) 10mg-L-05072024-Q=50.32mL-phút-2
2829,GGA20,288.058,774,278.37,9.68796,U103-H1-VS2-03.07.2024,U103-H1-VS2-GGA20-Cr(VI) 10mg-L-05072024-Q=50.32mL-phút-2
2830,GGA20,288.0837,1246,278.33,9.75368,U103-H1-VS2-03.07.2024,U103-H1-VS2-GGA20-Cr(VI) 10mg-L-05072024-Q=50.32mL-phút-2
2831,GGA20,287.9247,1720,277.91,10.01469,U103-H1-VS2-03.07.2024,U103-H1-VS2-GGA20-Cr(VI) 10mg-L-05072024-Q=50.32mL-phút-2
2832,GGA20,288.2974,2193,278.39,9.90739,U103-H1-VS2-03.07.2024,U103-H1-VS2-GGA20-Cr(VI) 10mg-L-05072024-Q=50.32mL-phút-2
2833,GGA20,287.6758,2672,278.14,9.53579,U103-H1-VS2-03.07.2024,U103-H1-VS2-GGA20-Cr(VI) 10mg-L-05072024-Q=50.32mL-phút-2
2834,GGA20-Cr-10,287.4118,3144,278.66,8.75184,U103-H1-VS2-03.07.2024,U103-H1-VS2-GGA20-Cr(VI) 10mg-L-05072024-Q=50.32mL-phút-2
2835,GGA20-Cr-10,287.6906,3616,279.54,8.1506,U103-H1-VS2-03.07.2024,U103-H1-VS2-GGA20-Cr(VI) 10mg-L-05072024-Q=50.32mL-phút-2
2836,GGA20-Cr-10,287.9853,4087,280.65,7.33532,U103-H1-VS2-03.07.2024,U103-H1-VS2-GGA20-Cr(VI) 10mg-L-05072024-Q=50.32mL-phút-2
2837,GGA20-Cr-10,287.9324,4563,280.5,7.4324,U103-H1-VS2-03.07.2024,U103-H1-VS2-GGA20-Cr(VI) 10mg-L-05072024-Q=50.32mL-phút-2
2838,GGA20-Cr-10,287.9718,5035,281.46,6.51185,U103-H1-VS2-03.07.2024,U103-H1-VS2-GGA20-Cr(VI) 10mg-L-05072024-Q=50.32mL-phút-2
2839,GGA20-Cr-10,288.4837,5509,281.69,6.79368,U103-H1-VS2-03.07.2024,U103-H1-VS2-GGA20-Cr(VI) 10mg-L-05072024-Q=50.32mL-phút-2
2840,GGA20-Cr-10,287.0364,5984,280.96,6.07641,U103-H1-VS2-03.07.2024,U103-H1-VS2-GGA20-Cr(VI) 10mg-L-05072024-Q=50.32mL-phút-2
2841,GGA20-Cr-10,286.8302,6456,281.19,5.6402,U103-H1-VS2-03.07.2024,U103-H1-VS2-GGA20-Cr(VI) 10mg-L-05072024-Q=50.32mL-phút-2
2842,GGA20-Cr-10,287.1166,6930,281.71,5.40661,U103-H1-VS2-03.07.2024,U103-H1-VS2-GGA20-Cr(VI) 10mg-L-05072024-Q=50.32mL-phút-2
2843,GGA20-Cr-10,287.0727,7403,281.5,5.57265,U103-H1-VS2-03.07.2024,U103-H1-VS2-GGA20-Cr(VI) 10mg-L-05072024-Q=50.32mL-phút-2
2844,GGA12.5,350.0347,301,327.6,22.43469,U104-H3-VS2-03.07.2024,U104-H3-VS2-GGA12.5-Zn(II) 15mg-L-05072024-Q=50.62mL-phút-1
2845,GGA12.5,346.9959,774,324.3,22.69593,U104-H3-VS2-03.07.2024,U104-H3-VS2-GGA12.5-Zn(II) 15mg-L-05072024-Q=50.62mL-phút-1
2846,GGA12.5,344.8918,1247,322.1,22.79182,U104-H3-VS2-03.07.2024,U104-H3-VS2-GGA12.5-Zn(II) 15mg-L-05072024-Q=50.62mL-phút-1
2847,GGA12.5,341.2531,1726,318.6,22.65306,U104-H3-VS2-03.07.2024,U104-H3-VS2-GGA12.5-Zn(II) 15mg-L-05072024-Q=50.62mL-phút-1
2848,GGA12.5,340.8306,2200,318.0,22.83062,U104-H3-VS2-03.07.2024,U104-H3-VS2-GGA12.5-Zn(II) 15mg-L-05072024-Q=50.62mL-phút-1
2849,GGA12.5-Zn-15,345.63,2673,321.7,23.92999,U104-H3-VS2-03.07.2024,U104-H3-VS2-GGA12.5-Zn(II) 15mg-L-05072024-Q=50.62mL-phút-1
2850,GGA12.5-Zn-15,343.54,3146,318.1,25.43999,U104-H3-VS2-03.07.2024,U104-H3-VS2-GGA12.5-Zn(II) 15mg-L-05072024-Q=50.62mL-phút-1
2851,GGA12.5-Zn-15,337.7225,3621,314.2,23.52244,U104-H3-VS2-03.07.2024,U104-H3-VS2-GGA12.5-Zn(II) 15mg-L-05072024-Q=50.62mL-phút-1
2852,GGA12.5-Zn-15,336.984,4093,314.0,22.98399,U104-H3-VS2-03.07.2024,U104-H3-VS2-GGA12.5-Zn(II) 15mg-L-05072024-Q=50.62mL-phút-1
2853,GGA12.5-Zn-15,336.4122,4566,313.1,23.31223,U104-H3-VS2-03.07.2024,U104-H3-VS2-GGA12.5-Zn(II) 15mg-L-05072024-Q=50.62mL-phút-1
2854,GGA12.5-Zn-15,335.582,5040,312.2,23.38199,U104-H3-VS2-03.07.2024,U104-H3-VS2-GGA12.5-Zn(II) 15mg-L-05072024-Q=50.62mL-phút-1
2855,GGA12.5-Zn-15,334.0674,5513,311.2,22.86736,U104-H3-VS2-03.07.2024,U104-H3-VS2-GGA12.5-Zn(II) 15mg-L-05072024-Q=50.62mL-phút-1
2856,GGA12.5-Zn-15,331.806,5986,311.0,20.80601,U104-H3-VS2-03.07.2024,U104-H3-VS2-GGA12.5-Zn(II) 15mg-L-05072024-Q=50.62mL-phút-1
2857,GGA12.5-Zn-15,330.792,6460,309.9,20.89201,U104-H3-VS2-03.07.2024,U104-H3-VS2-GGA12.5-Zn(II) 15mg-L-05072024-Q=50.62mL-phút-1
2858,GGA12.5-Zn-15,330.34,6934,309.7,20.63999,U104-H3-VS2-03.07.2024,U104-H3-VS2-GGA12.5-Zn(II) 15mg-L-05072024-Q=50.62mL-phút-1
2859,GGA20,332.5163,301,309.6,22.91633,U104-H3-VS2-03.07.2024,U104-H3-VS2-GGA20-Cr(VI) 10mg-L-05072024-Q=50.32mL-phút-3
2860,GGA20,331.6918,776,308.3,23.39185,U104-H3-VS2-03.07.2024,U104-H3-VS2-GGA20-Cr(VI) 10mg-L-05072024-Q=50.32mL-phút-3
2861,GGA20,331.7735,1251,309.1,22.67347,U104-H3-VS2-03.07.2024,U104-H3-VS2-GGA20-Cr(VI) 10mg-L-05072024-Q=50.32mL-phút-3
2862,GGA20,331.5286,1723,308.6,22.92856,U104-H3-VS2-03.07.2024,U104-H3-VS2-GGA20-Cr(VI) 10mg-L-05072024-Q=50.32mL-phút-3
2863,GGA20,330.634,2202,306.7,23.93401,U104-H3-VS2-03.07.2024,U104-H3-VS2-GGA20-Cr(VI) 10mg-L-05072024-Q=50.32mL-phút-3
2864,GGA20,328.451,2675,305.8,22.65103,U104-H3-VS2-03.07.2024,U104-H3-VS2-GGA20-Cr(VI) 10mg-L-05072024-Q=50.32mL-phút-3
2865,GGA20-Cr-10,329.9755,3148,305.1,24.87552,U104-H3-VS2-03.07.2024,U104-H3-VS2-GGA20-Cr(VI) 10mg-L-05072024-Q=50.32mL-phút-3
2866,GGA20-Cr-10,329.12,3622,306.0,23.12001,U104-H3-VS2-03.07.2024,U104-H3-VS2-GGA20-Cr(VI) 10mg-L-05072024-Q=50.32mL-phút-3
2867,GGA20-Cr-10,327.0184,4096,307.0,20.01836,U104-H3-VS2-03.07.2024,U104-H3-VS2-GGA20-Cr(VI) 10mg-L-05072024-Q=50.32mL-phút-3
2868,GGA20-Cr-10,326.0265,4568,308.2,17.82653,U104-H3-VS2-03.07.2024,U104-H3-VS2-GGA20-Cr(VI) 10mg-L-05072024-Q=50.32mL-phút-3
2869,GGA20-Cr-10,326.0122,5042,308.6,17.41223,U104-H3-VS2-03.07.2024,U104-H3-VS2-GGA20-Cr(VI) 10mg-L-05072024-Q=50.32mL-phút-3
2870,GGA20-Cr-10,325.67,5516,309.3,16.36999,U104-H3-VS2-03.07.2024,U104-H3-VS2-GGA20-Cr(VI) 10mg-L-05072024-Q=50.32mL-phút-3
2871,GGA20-Cr-10,324.1061,5988,309.3,14.80611,U104-H3-VS2-03.07.2024,U104-H3-VS2-GGA20-Cr(VI) 10mg-L-05072024-Q=50.32mL-phút-3
2872,GGA20-Cr-10,323.4265,6464,308.1,15.32654,U104-H3-VS2-03.07.2024,U104-H3-VS2-GGA20-Cr(VI) 10mg-L-05072024-Q=50.32mL-phút-3
2873,GGA20-Cr-10,322.224,6937,307.5,14.724,U104-H3-VS2-03.07.2024,U104-H3-VS2-GGA20-Cr(VI) 10mg-L-05072024-Q=50.32mL-phút-3
2874,GGA20-Cr-10,321.2143,7410,306.4,14.81429,U104-H3-VS2-03.07.2024,U104-H3-VS2-GGA20-Cr(VI) 10mg-L-05072024-Q=50.32mL-phút-3
2875,GGA20-Cr-10,320.0333,7883,305.5,14.53333,U104-H3-VS2-03.07.2024,U104-H3-VS2-GGA20-Cr(VI) 10mg-L-05072024-Q=50.32mL-phút-3
2876,GGA20,321.7091,301,305.2,16.50908,U104-H3-VS2-03.07.2024,U104-H3-VS2-GGA20-Ni(II) 15mg-L-05072024-Q=50.32mL-phút-1
2877,GGA20,320.0945,775,304.5,15.59453,U104-H3-VS2-03.07.2024,U104-H3-VS2-GGA20-Ni(II) 15mg-L-05072024-Q=50.32mL-phút-1
2878,GGA20,318.4673,1248,302.6,15.86727,U104-H3-VS2-03.07.2024,U104-H3-VS2-GGA20-Ni(II) 15mg-L-05072024-Q=50.32mL-phút-1
2879,GGA20,316.6929,1720,300.8,15.89286,U104-H3-VS2-03.07.2024,U104-H3-VS2-GGA20-Ni(II) 15mg-L-05072024-Q=50.32mL-phút-1
2880,GGA20,316.54,2192,301.9,14.64,U104-H3-VS2-03.07.2024,U104-H3-VS2-GGA20-Ni(II) 15mg-L-05072024-Q=50.32mL-phút-1
2881,GGA20,316.2375,2666,300.7,15.53749,U104-H3-VS2-03.07.2024,U104-H3-VS2-GGA20-Ni(II) 15mg-L-05072024-Q=50.32mL-phút-1
2882,GGA20-Ni-15,316.5309,3139,300.8,15.73091,U104-H3-VS2-03.07.2024,U104-H3-VS2-GGA20-Ni(II) 15mg-L-05072024-Q=50.32mL-phút-1
2883,GGA20-Ni-15,316.4218,3612,301.9,14.52182,U104-H3-VS2-03.07.2024,U104-H3-VS2-GGA20-Ni(II) 15mg-L-05072024-Q=50.32mL-phút-1
2884,GGA20-Ni-15,314.6775,4087,299.9,14.7775,U104-H3-VS2-03.07.2024,U104-H3-VS2-GGA20-Ni(II) 15mg-L-05072024-Q=50.32mL-phút-1
2885,GGA20-Ni-15,313.9692,4561,298.6,15.36924,U104-H3-VS2-03.07.2024,U104-H3-VS2-GGA20-Ni(II) 15mg-L-05072024-Q=50.32mL-phút-1
2886,GGA20-Ni-15,313.4275,5036,299.1,14.32749,U104-H3-VS2-03.07.2024,U104-H3-VS2-GGA20-Ni(II) 15mg-L-05072024-Q=50.32mL-phút-1
2887,GGA20-Ni-15,312.0333,5507,298.8,13.23335,U104-H3-VS2-03.07.2024,U104-H3-VS2-GGA20-Ni(II) 15mg-L-05072024-Q=50.32mL-phút-1
2888,GGA20-Ni-15,311.435,5981,297.9,13.53501,U104-H3-VS2-03.07.2024,U104-H3-VS2-GGA20-Ni(II) 15mg-L-05072024-Q=50.32mL-phút-1
2889,GGA20,318.1582,301,304.32,13.83815,U105-H1-VS2-04.07.2024,U105-H1-VS2-GGA20-Ni(II) 10mg-L-08072024-Q=50.44mL-phút-1
2890,GGA20,314.6647,780,300.87,13.79469,U105-H1-VS2-04.07.2024,U105-H1-VS2-GGA20-Ni(II) 10mg-L-08072024-Q=50.44mL-phút-1
2891,GGA20,310.5992,1259,297.13,13.4692,U105-H1-VS2-04.07.2024,U105-H1-VS2-GGA20-Ni(II) 10mg-L-08072024-Q=50.44mL-phút-1
2892,GGA20,312.6565,1732,299.55,13.10654,U105-H1-VS2-04.07.2024,U105-H1-VS2-GGA20-Ni(II) 10mg-L-08072024-Q=50.44mL-phút-1
2893,GGA20,313.722,2205,299.89,13.83203,U105-H1-VS2-04.07.2024,U105-H1-VS2-GGA20-Ni(II) 10mg-L-08072024-Q=50.44mL-phút-1
2894,GGA20,313.8108,2676,298.15,15.66081,U105-H1-VS2-04.07.2024,U105-H1-VS2-GGA20-Ni(II) 10mg-L-08072024-Q=50.44mL-phút-1
2895,GGA20-Ni-10,313.4522,3151,298.93,14.52221,U105-H1-VS2-04.07.2024,U105-H1-VS2-GGA20-Ni(II) 10mg-L-08072024-Q=50.44mL-phút-1
2896,GGA20-Ni-10,314.9445,3622,297.86,17.0845,U105-H1-VS2-04.07.2024,U105-H1-VS2-GGA20-Ni(II) 10mg-L-08072024-Q=50.44mL-phút-1
2897,GGA20-Ni-10,313.7812,4097,296.83,16.95123,U105-H1-VS2-04.07.2024,U105-H1-VS2-GGA20-Ni(II) 10mg-L-08072024-Q=50.44mL-phút-1
2898,GGA20-Ni-10,313.5035,4569,295.96,17.54348,U105-H1-VS2-04.07.2024,U105-H1-VS2-GGA20-Ni(II) 10mg-L-08072024-Q=50.44mL-phút-1
2899,GGA20-Ni-10,311.7969,5048,298.47,13.32694,U105-H1-VS2-04.07.2024,U105-H1-VS2-GGA20-Ni(II) 10mg-L-08072024-Q=50.44mL-phút-1
2900,GGA20-Ni-10,311.4512,5521,298.47,12.98122,U105-H1-VS2-04.07.2024,U105-H1-VS2-GGA20-Ni(II) 10mg-L-08072024-Q=50.44mL-phút-1
2901,GGA20-Ni-10,310.9842,5994,300.18,10.80421,U105-H1-VS2-04.07.2024,U105-H1-VS2-GGA20-Ni(II) 10mg-L-08072024-Q=50.44mL-phút-1
2902,GGA20-Ni-10,313.0816,6466,300.97,12.11163,U105-H1-VS2-04.07.2024,U105-H1-VS2-GGA20-Ni(II) 10mg-L-08072024-Q=50.44mL-phút-1
2903,GGA20-Ni-10,313.5058,6940,301.37,12.1358,U105-H1-VS2-04.07.2024,U105-H1-VS2-GGA20-Ni(II) 10mg-L-08072024-Q=50.44mL-phút-1
2904,GGA20-Ni-10,313.1653,7413,301.35,11.8153,U105-H1-VS2-04.07.2024,U105-H1-VS2-GGA20-Ni(II) 10mg-L-08072024-Q=50.44mL-phút-1
2905,GGA20-Ni-10,312.7252,7887,300.58,12.14521,U105-H1-VS2-04.07.2024,U105-H1-VS2-GGA20-Ni(II) 10mg-L-08072024-Q=50.44mL-phút-1
2906,GGA20-Ni-10,312.3251,8359,300.64,11.68509,U105-H1-VS2-04.07.2024,U105-H1-VS2-GGA20-Ni(II) 10mg-L-08072024-Q=50.44mL-phút-1
2907,GGA20,307.3571,301,295.18,12.17715,U105-H1-VS2-04.07.2024,U105-H1-VS2-GGA20-Cr(VI) 15mg-L-08072024-Q=49.94mL-phút-1
2908,GGA20,306.7886,774,293.95,12.83856,U105-H1-VS2-04.07.2024,U105-H1-VS2-GGA20-Cr(VI) 15mg-L-08072024-Q=49.94mL-phút-1
2909,GGA20,306.6686,1248,293.26,13.40856,U105-H1-VS2-04.07.2024,U105-H1-VS2-GGA20-Cr(VI) 15mg-L-08072024-Q=49.94mL-phút-1
2910,GGA20,306.9955,1723,293.66,13.33551,U105-H1-VS2-04.07.2024,U105-H1-VS2-GGA20-Cr(VI) 15mg-L-08072024-Q=49.94mL-phút-1
2911,GGA20,307.0554,2194,293.36,13.69541,U105-H1-VS2-04.07.2024,U105-H1-VS2-GGA20-Cr(VI) 15mg-L-08072024-Q=49.94mL-phút-1
2912,GGA20,306.989,2667,293.61,13.37901,U105-H1-VS2-04.07.2024,U105-H1-VS2-GGA20-Cr(VI) 15mg-L-08072024-Q=49.94mL-phút-1
2913,GGA20-Cr-15,307.2324,3141,292.84,14.39244,U105-H1-VS2-04.07.2024,U105-H1-VS2-GGA20-Cr(VI) 15mg-L-08072024-Q=49.94mL-phút-1
2914,GGA20-Cr-15,307.908,3613,294.32,13.58799,U105-H1-VS2-04.07.2024,U105-H1-VS2-GGA20-Cr(VI) 15mg-L-08072024-Q=49.94mL-phút-1
2915,GGA20-Cr-15,308.748,4086,296.04,12.70794,U105-H1-VS2-04.07.2024,U105-H1-VS2-GGA20-Cr(VI) 15mg-L-08072024-Q=49.94mL-phút-1
2916,GGA20-Cr-15,309.2431,4560,297.73,11.5131,U105-H1-VS2-04.07.2024,U105-H1-VS2-GGA20-Cr(VI) 15mg-L-08072024-Q=49.94mL-phút-1
2917,GGA20-Cr-15,309.1136,5033,299.59,9.52355,U105-H1-VS2-04.07.2024,U105-H1-VS2-GGA20-Cr(VI) 15mg-L-08072024-Q=49.94mL-phút-1
2918,GGA20-Cr-15,308.758,5507,299.97,8.78796,U105-H1-VS2-04.07.2024,U105-H1-VS2-GGA20-Cr(VI) 15mg-L-08072024-Q=49.94mL-phút-1
2919,GGA20-Cr-15,308.6869,5982,300.54,8.14693,U105-H1-VS2-04.07.2024,U105-H1-VS2-GGA20-Cr(VI) 15mg-L-08072024-Q=49.94mL-phút-1
2920,GGA20-Cr-15,308.6257,6453,300.87,7.75571,U105-H1-VS2-04.07.2024,U105-H1-VS2-GGA20-Cr(VI) 15mg-L-08072024-Q=49.94mL-phút-1
2921,GGA20-Cr-15,308.5941,6928,301.31,7.28408,U105-H1-VS2-04.07.2024,U105-H1-VS2-GGA20-Cr(VI) 15mg-L-08072024-Q=49.94mL-phút-1
2922,GGA20-Cr-15,308.6153,7400,301.73,6.88529,U105-H1-VS2-04.07.2024,U105-H1-VS2-GGA20-Cr(VI) 15mg-L-08072024-Q=49.94mL-phút-1
2923,GGA20-Cr-15,308.7525,7874,302.29,6.46244,U105-H1-VS2-04.07.2024,U105-H1-VS2-GGA20-Cr(VI) 15mg-L-08072024-Q=49.94mL-phút-1
2924,GGA12.5,369.4031,301,341.1,28.30312,U106-H3-VS2-04.07.2024,U106-H3-VS2-GGA12.5-Zn(II) 5mg-L-08072024-Q=50.14mL-phút-2
2925,GGA12.5,368.5031,775,339.8,28.70313,U106-H3-VS2-04.07.2024,U106-H3-VS2-GGA12.5-Zn(II) 5mg-L-08072024-Q=50.14mL-phút-2
2926,GGA12.5,366.8114,1248,337.6,29.21137,U106-H3-VS2-04.07.2024,U106-H3-VS2-GGA12.5-Zn(II) 5mg-L-08072024-Q=50.14mL-phút-2
2927,GGA12.5,365.8445,1721,337.2,28.64446,U106-H3-VS2-04.07.2024,U106-H3-VS2-GGA12.5-Zn(II) 5mg-L-08072024-Q=50.14mL-phút-2
2928,GGA12.5,366.6844,2194,335.7,30.98443,U106-H3-VS2-04.07.2024,U106-H3-VS2-GGA12.5-Zn(II) 5mg-L-08072024-Q=50.14mL-phút-2
2929,GGA12.5,367.2711,2667,340.2,27.0711,U106-H3-VS2-04.07.2024,U106-H3-VS2-GGA12.5-Zn(II) 5mg-L-08072024-Q=50.14mL-phút-2
2930,GGA12.5-Zn-5,367.1889,3141,339.9,27.2889,U106-H3-VS2-04.07.2024,U106-H3-VS2-GGA12.5-Zn(II) 5mg-L-08072024-Q=50.14mL-phút-2
2931,GGA12.5-Zn-5,367.4296,3614,339.5,27.92954,U106-H3-VS2-04.07.2024,U106-H3-VS2-GGA12.5-Zn(II) 5mg-L-08072024-Q=50.14mL-phút-2
2932,GGA12.5-Zn-5,366.5822,4088,339.8,26.78222,U106-H3-VS2-04.07.2024,U106-H3-VS2-GGA12.5-Zn(II) 5mg-L-08072024-Q=50.14mL-phút-2
2933,GGA12.5-Zn-5,366.2444,4562,338.6,27.64443,U106-H3-VS2-04.07.2024,U106-H3-VS2-GGA12.5-Zn(II) 5mg-L-08072024-Q=50.14mL-phút-2
2934,GGA12.5-Zn-5,361.7333,5041,334.3,27.43332,U106-H3-VS2-04.07.2024,U106-H3-VS2-GGA12.5-Zn(II) 5mg-L-08072024-Q=50.14mL-phút-2
2935,GGA5,347.3546,301,326.1,21.25456,U106-H3-VS2-04.07.2024,U106-H3-VS2-GGA5-Ni(II) 10mg-L-08072024-Q=50.4mL-phút-4
2936,GGA5,346.3909,775,325.0,21.39092,U106-H3-VS2-04.07.2024,U106-H3-VS2-GGA5-Ni(II) 10mg-L-08072024-Q=50.4mL-phút-4
2937,GGA5,348.3333,1248,326.4,21.93332,U106-H3-VS2-04.07.2024,U106-H3-VS2-GGA5-Ni(II) 10mg-L-08072024-Q=50.4mL-phút-4
2938,GGA5,347.02,1723,326.8,20.22001,U106-H3-VS2-04.07.2024,U106-H3-VS2-GGA5-Ni(II) 10mg-L-08072024-Q=50.4mL-phút-4
2939,GGA5,345.9955,2197,325.9,20.09546,U106-H3-VS2-04.07.2024,U106-H3-VS2-GGA5-Ni(II) 10mg-L-08072024-Q=50.4mL-phút-4
2940,GGA5,345.7273,2669,325.6,20.12727,U106-H3-VS2-04.07.2024,U106-H3-VS2-GGA5-Ni(II) 10mg-L-08072024-Q=50.4mL-phút-4
2941,GGA5-Ni-10,345.5244,3143,325.0,20.52445,U106-H3-VS2-04.07.2024,U106-H3-VS2-GGA5-Ni(II) 10mg-L-08072024-Q=50.4mL-phút-4
2942,GGA5-Ni-10,345.2045,3616,326.7,18.50454,U106-H3-VS2-04.07.2024,U106-H3-VS2-GGA5-Ni(II) 10mg-L-08072024-Q=50.4mL-phút-4
2943,GGA5-Ni-10,346.3178,4089,329.1,17.21777,U106-H3-VS2-04.07.2024,U106-H3-VS2-GGA5-Ni(II) 10mg-L-08072024-Q=50.4mL-phút-4
2944,GGA5-Ni-10,348.7114,4561,330.6,18.11137,U106-H3-VS2-04.07.2024,U106-H3-VS2-GGA5-Ni(II) 10mg-L-08072024-Q=50.4mL-phút-4
2945,GGA5-Ni-10,348.9046,5036,331.2,17.70455,U106-H3-VS2-04.07.2024,U106-H3-VS2-GGA5-Ni(II) 10mg-L-08072024-Q=50.4mL-phút-4
2946,GGA5-Ni-10,350.1864,5508,333.3,16.88638,U106-H3-VS2-04.07.2024,U106-H3-VS2-GGA5-Ni(II) 10mg-L-08072024-Q=50.4mL-phút-4
2947,GGA5-Ni-10,352.6644,5982,336.0,16.66444,U106-H3-VS2-04.07.2024,U106-H3-VS2-GGA5-Ni(II) 10mg-L-08072024-Q=50.4mL-phút-4
2948,GGA5-Ni-10,355.4841,6456,339.2,16.2841,U106-H3-VS2-04.07.2024,U106-H3-VS2-GGA5-Ni(II) 10mg-L-08072024-Q=50.4mL-phút-4
2949,GGA20,355.9022,301,325.0,30.90223,U106-H3-VS2-04.07.2024,U106-H3-VS2-GGA20-Cr(VI) 15mg-L-08072024-Q=50.02mL-phút-2
2950,GGA20,356.2667,776,324.1,32.16668,U106-H3-VS2-04.07.2024,U106-H3-VS2-GGA20-Cr(VI) 15mg-L-08072024-Q=50.02mL-phút-2
2951,GGA20,355.0911,1249,323.4,31.69112,U106-H3-VS2-04.07.2024,U106-H3-VS2-GGA20-Cr(VI) 15mg-L-08072024-Q=50.02mL-phút-2
2952,GGA20,354.3796,1722,321.3,33.07955,U106-H3-VS2-04.07.2024,U106-H3-VS2-GGA20-Cr(VI) 15mg-L-08072024-Q=50.02mL-phút-2
2953,GGA20,355.1409,2196,322.5,32.64092,U106-H3-VS2-04.07.2024,U106-H3-VS2-GGA20-Cr(VI) 15mg-L-08072024-Q=50.02mL-phút-2
2954,GGA20,358.4556,2670,322.6,35.85555,U106-H3-VS2-04.07.2024,U106-H3-VS2-GGA20-Cr(VI) 15mg-L-08072024-Q=50.02mL-phút-2
2955,GGA20-Cr-15,363.9511,3144,326.2,37.7511,U106-H3-VS2-04.07.2024,U106-H3-VS2-GGA20-Cr(VI) 15mg-L-08072024-Q=50.02mL-phút-2
2956,GGA20-Cr-15,358.8667,3618,325.6,33.26667,U106-H3-VS2-04.07.2024,U106-H3-VS2-GGA20-Cr(VI) 15mg-L-08072024-Q=50.02mL-phút-2
2957,GGA20-Cr-15,359.0733,4090,328.6,30.47334,U106-H3-VS2-04.07.2024,U106-H3-VS2-GGA20-Cr(VI) 15mg-L-08072024-Q=50.02mL-phút-2
2958,GGA20-Cr-15,357.5,4564,331.5,26.00001,U106-H3-VS2-04.07.2024,U106-H3-VS2-GGA20-Cr(VI) 15mg-L-08072024-Q=50.02mL-phút-2
2959,GGA20-Cr-15,355.72,5036,332.9,22.82001,U106-H3-VS2-04.07.2024,U106-H3-VS2-GGA20-Cr(VI) 15mg-L-08072024-Q=50.02mL-phút-2
2960,GGA20-Cr-15,355.616,5511,334.2,21.41601,U106-H3-VS2-04.07.2024,U106-H3-VS2-GGA20-Cr(VI) 15mg-L-08072024-Q=50.02mL-phút-2
2961,GGA20-Cr-15,355.2816,5983,335.5,19.78163,U106-H3-VS2-04.07.2024,U106-H3-VS2-GGA20-Cr(VI) 15mg-L-08072024-Q=50.02mL-phút-2
2962,GGA20-Cr-15,353.5898,6458,334.6,18.98979,U106-H3-VS2-04.07.2024,U106-H3-VS2-GGA20-Cr(VI) 15mg-L-08072024-Q=50.02mL-phút-2
2963,GGA20-Cr-15,353.7122,6932,334.9,18.81225,U106-H3-VS2-04.07.2024,U106-H3-VS2-GGA20-Cr(VI) 15mg-L-08072024-Q=50.02mL-phút-2
2964,GGA17.5,294.2997,301,282.11,12.1897,U107-H1-VS2-05.07.2024,U107-H1-VS2-GGA17.5-Cr(VI) 10mg-L-09072024-Q=50.42mL-phút-1
2965,GGA17.5,296.7373,775,284.33,12.40728,U107-H1-VS2-05.07.2024,U107-H1-VS2-GGA17.5-Cr(VI) 10mg-L-09072024-Q=50.42mL-phút-1
2966,GGA17.5,296.6632,1247,284.24,12.42319,U107-H1-VS2-05.07.2024,U107-H1-VS2-GGA17.5-Cr(VI) 10mg-L-09072024-Q=50.42mL-phút-1
2967,GGA17.5,295.8286,1726,283.72,12.1086,U107-H1-VS2-05.07.2024,U107-H1-VS2-GGA17.5-Cr(VI) 10mg-L-09072024-Q=50.42mL-phút-1
2968,GGA17.5,296.0164,2200,283.66,12.35636,U107-H1-VS2-05.07.2024,U107-H1-VS2-GGA17.5-Cr(VI) 10mg-L-09072024-Q=50.42mL-phút-1
2969,GGA17.5,295.7426,2672,283.43,12.31257,U107-H1-VS2-05.07.2024,U107-H1-VS2-GGA17.5-Cr(VI) 10mg-L-09072024-Q=50.42mL-phút-1
2970,GGA17.5-Cr-10,295.7819,3148,284.93,10.85187,U107-H1-VS2-05.07.2024,U107-H1-VS2-GGA17.5-Cr(VI) 10mg-L-09072024-Q=50.42mL-phút-1
2971,GGA17.5-Cr-10,296.2544,3621,284.35,11.90441,U107-H1-VS2-05.07.2024,U107-H1-VS2-GGA17.5-Cr(VI) 10mg-L-09072024-Q=50.42mL-phút-1
2972,GGA17.5-Cr-10,296.5223,4099,286.25,10.27232,U107-H1-VS2-05.07.2024,U107-H1-VS2-GGA17.5-Cr(VI) 10mg-L-09072024-Q=50.42mL-phút-1
2973,GGA17.5-Cr-10,296.8789,4570,286.94,9.93886,U107-H1-VS2-05.07.2024,U107-H1-VS2-GGA17.5-Cr(VI) 10mg-L-09072024-Q=50.42mL-phút-1
2974,GGA17.5-Cr-10,296.95,5042,287.97,8.98,U107-H1-VS2-05.07.2024,U107-H1-VS2-GGA17.5-Cr(VI) 10mg-L-09072024-Q=50.42mL-phút-1
2975,GGA17.5-Cr-10,296.9544,5515,288.78,8.17442,U107-H1-VS2-05.07.2024,U107-H1-VS2-GGA17.5-Cr(VI) 10mg-L-09072024-Q=50.42mL-phút-1
2976,GGA17.5-Cr-10,297.974,5988,289.28,8.69396,U107-H1-VS2-05.07.2024,U107-H1-VS2-GGA17.5-Cr(VI) 10mg-L-09072024-Q=50.42mL-phút-1
2977,GGA20,305.1141,301,293.22,11.89409,U107-H1-VS2-05.07.2024,U107-H1-VS2-GGA20-Ni(II) 15mg-L-09072024-Q=50.72mL-phút-2
2978,GGA20,305.1643,774,292.99,12.17433,U107-H1-VS2-05.07.2024,U107-H1-VS2-GGA20-Ni(II) 15mg-L-09072024-Q=50.72mL-phút-2
2979,GGA20,305.2339,1248,293.47,11.76387,U107-H1-VS2-05.07.2024,U107-H1-VS2-GGA20-Ni(II) 15mg-L-09072024-Q=50.72mL-phút-2
2980,GGA20,305.293,1721,293.74,11.55297,U107-H1-VS2-05.07.2024,U107-H1-VS2-GGA20-Ni(II) 15mg-L-09072024-Q=50.72mL-phút-2
2981,GGA20,305.2581,2194,293.59,11.66814,U107-H1-VS2-05.07.2024,U107-H1-VS2-GGA20-Ni(II) 15mg-L-09072024-Q=50.72mL-phút-2
2982,GGA20,305.9923,2668,294.03,11.96228,U107-H1-VS2-05.07.2024,U107-H1-VS2-GGA20-Ni(II) 15mg-L-09072024-Q=50.72mL-phút-2
2983,GGA20-Ni-15,306.1389,3141,295.85,10.28885,U107-H1-VS2-05.07.2024,U107-H1-VS2-GGA20-Ni(II) 15mg-L-09072024-Q=50.72mL-phút-2
2984,GGA20-Ni-15,306.8458,3613,297.67,9.1758,U107-H1-VS2-05.07.2024,U107-H1-VS2-GGA20-Ni(II) 15mg-L-09072024-Q=50.72mL-phút-2
2985,GGA20-Ni-15,304.6425,4089,296.5,8.1425,U107-H1-VS2-05.07.2024,U107-H1-VS2-GGA20-Ni(II) 15mg-L-09072024-Q=50.72mL-phút-2
2986,GGA20-Ni-15,304.5291,4564,296.33,8.1991,U107-H1-VS2-05.07.2024,U107-H1-VS2-GGA20-Ni(II) 15mg-L-09072024-Q=50.72mL-phút-2
2987,GGA20-Ni-15,304.2173,5036,296.35,7.86726,U107-H1-VS2-05.07.2024,U107-H1-VS2-GGA20-Ni(II) 15mg-L-09072024-Q=50.72mL-phút-2
2988,GGA20-Ni-15,304.5984,5509,296.14,8.4584,U107-H1-VS2-05.07.2024,U107-H1-VS2-GGA20-Ni(II) 15mg-L-09072024-Q=50.72mL-phút-2
2989,GGA20-Ni-15,304.2739,5983,297.0,7.27386,U107-H1-VS2-05.07.2024,U107-H1-VS2-GGA20-Ni(II) 15mg-L-09072024-Q=50.72mL-phút-2
2990,GGA20-Ni-15,304.157,6462,296.81,7.34698,U107-H1-VS2-05.07.2024,U107-H1-VS2-GGA20-Ni(II) 15mg-L-09072024-Q=50.72mL-phút-2
2991,GGA20-Ni-15,303.7334,6933,297.29,6.4434,U107-H1-VS2-05.07.2024,U107-H1-VS2-GGA20-Ni(II) 15mg-L-09072024-Q=50.72mL-phút-2
2992,GGA20-Ni-15,303.4023,7407,296.96,6.44228,U107-H1-VS2-05.07.2024,U107-H1-VS2-GGA20-Ni(II) 15mg-L-09072024-Q=50.72mL-phút-2
2993,GGA20-Ni-15,303.41,7880,296.9,6.51001,U107-H1-VS2-05.07.2024,U107-H1-VS2-GGA20-Ni(II) 15mg-L-09072024-Q=50.72mL-phút-2
2994,GGA12.5,366.7818,301,329.7,37.08183,U108-H3-VS2-05.07.2024,U108-H3-VS2-GGA12.5-Zn(II) 5mg-L-09072024-Q=50.82mL-phút-3
2995,GGA12.5,364.7614,780,328.6,36.16138,U108-H3-VS2-05.07.2024,U108-H3-VS2-GGA12.5-Zn(II) 5mg-L-09072024-Q=50.82mL-phút-3
2996,GGA12.5,364.3,1252,325.8,38.5,U108-H3-VS2-05.07.2024,U108-H3-VS2-GGA12.5-Zn(II) 5mg-L-09072024-Q=50.82mL-phút-3
2997,GGA12.5,362.6205,1726,323.4,39.22046,U108-H3-VS2-05.07.2024,U108-H3-VS2-GGA12.5-Zn(II) 5mg-L-09072024-Q=50.82mL-phút-3
2998,GGA12.5,362.5705,2201,324.5,38.07046,U108-H3-VS2-05.07.2024,U108-H3-VS2-GGA12.5-Zn(II) 5mg-L-09072024-Q=50.82mL-phút-3
2999,GGA12.5-Zn-5,363.0841,2672,326.7,36.38409,U108-H3-VS2-05.07.2024,U108-H3-VS2-GGA12.5-Zn(II) 5mg-L-09072024-Q=50.82mL-phút-3
3000,GGA12.5-Zn-5,366.9909,3145,329.0,37.99091,U108-H3-VS2-05.07.2024,U108-H3-VS2-GGA12.5-Zn(II) 5mg-L-09072024-Q=50.82mL-phút-3
3001,GGA12.5-Zn-5,363.9182,3621,321.8,42.11819,U108-H3-VS2-05.07.2024,U108-H3-VS2-GGA12.5-Zn(II) 5mg-L-09072024-Q=50.82mL-phút-3
3002,GGA12.5-Zn-5,362.8279,4093,323.9,38.92789,U108-H3-VS2-05.07.2024,U108-H3-VS2-GGA12.5-Zn(II) 5mg-L-09072024-Q=50.82mL-phút-3
3003,GGA12.5-Zn-5,359.3721,4568,318.8,40.57209,U108-H3-VS2-05.07.2024,U108-H3-VS2-GGA12.5-Zn(II) 5mg-L-09072024-Q=50.82mL-phút-3
3004,GGA12.5-Zn-5,358.9296,5043,320.2,38.72955,U108-H3-VS2-05.07.2024,U108-H3-VS2-GGA12.5-Zn(II) 5mg-L-09072024-Q=50.82mL-phút-3
3005,GGA12.5-Zn-5,355.9727,5519,318.4,37.57273,U108-H3-VS2-05.07.2024,U108-H3-VS2-GGA12.5-Zn(II) 5mg-L-09072024-Q=50.82mL-phút-3
3006,GGA12.5-Zn-5,355.3818,5990,318.9,36.48183,U108-H3-VS2-05.07.2024,U108-H3-VS2-GGA12.5-Zn(II) 5mg-L-09072024-Q=50.82mL-phút-3
3007,GGA12.5-Zn-5,353.7698,6463,317.3,36.46978,U108-H3-VS2-05.07.2024,U108-H3-VS2-GGA12.5-Zn(II) 5mg-L-09072024-Q=50.82mL-phút-3
3008,GGA12.5-Zn-5,349.6932,6935,314.7,34.99317,U108-H3-VS2-05.07.2024,U108-H3-VS2-GGA12.5-Zn(II) 5mg-L-09072024-Q=50.82mL-phút-3
3009,GGA12.5-Zn-5,349.0773,7407,314.4,34.67728,U108-H3-VS2-05.07.2024,U108-H3-VS2-GGA12.5-Zn(II) 5mg-L-09072024-Q=50.82mL-phút-3
3010,GGA2.5,344.8705,301,316.9,27.97044,U108-H3-VS2-05.07.2024,U108-H3-VS2-GGA2.5-Ni(II) 5mg-L-09072024-Q=50.1mL-phút-3
3011,GGA2.5,347.5068,771,319.6,27.90683,U108-H3-VS2-05.07.2024,U108-H3-VS2-GGA2.5-Ni(II) 5mg-L-09072024-Q=50.1mL-phút-3
3012,GGA2.5,347.6159,1245,320.5,27.11592,U108-H3-VS2-05.07.2024,U108-H3-VS2-GGA2.5-Ni(II) 5mg-L-09072024-Q=50.1mL-phút-3
3013,GGA2.5,348.5256,1716,321.7,26.82557,U108-H3-VS2-05.07.2024,U108-H3-VS2-GGA2.5-Ni(II) 5mg-L-09072024-Q=50.1mL-phút-3
3014,GGA2.5,347.5114,2195,320.8,26.71135,U108-H3-VS2-05.07.2024,U108-H3-VS2-GGA2.5-Ni(II) 5mg-L-09072024-Q=50.1mL-phút-3
3015,GGA2.5,346.4186,2668,320.4,26.0186,U108-H3-VS2-05.07.2024,U108-H3-VS2-GGA2.5-Ni(II) 5mg-L-09072024-Q=50.1mL-phút-3
3016,GGA2.5-Ni-5,343.3682,3143,321.2,22.16818,U108-H3-VS2-05.07.2024,U108-H3-VS2-GGA2.5-Ni(II) 5mg-L-09072024-Q=50.1mL-phút-3
3017,GGA2.5-Ni-5,344.0386,3616,323.1,20.93863,U108-H3-VS2-05.07.2024,U108-H3-VS2-GGA2.5-Ni(II) 5mg-L-09072024-Q=50.1mL-phút-3
3018,GGA2.5-Ni-5,344.975,4089,324.4,20.57499,U108-H3-VS2-05.07.2024,U108-H3-VS2-GGA2.5-Ni(II) 5mg-L-09072024-Q=50.1mL-phút-3
3019,GGA2.5-Ni-5,344.7744,4563,324.7,20.07442,U108-H3-VS2-05.07.2024,U108-H3-VS2-GGA2.5-Ni(II) 5mg-L-09072024-Q=50.1mL-phút-3
3020,GGA2.5-Ni-5,344.7477,5036,325.4,19.34774,U108-H3-VS2-05.07.2024,U108-H3-VS2-GGA2.5-Ni(II) 5mg-L-09072024-Q=50.1mL-phút-3
3021,GGA2.5-Ni-5,341.1488,5515,322.5,18.64885,U108-H3-VS2-05.07.2024,U108-H3-VS2-GGA2.5-Ni(II) 5mg-L-09072024-Q=50.1mL-phút-3
3022,GGA2.5-Ni-5,342.3907,5988,323.1,19.2907,U108-H3-VS2-05.07.2024,U108-H3-VS2-GGA2.5-Ni(II) 5mg-L-09072024-Q=50.1mL-phút-3
3023,GGA20,340.4932,301,308.3,32.19319,U108-H3-VS2-05.07.2024,U108-H3-VS2-GGA20-Cr(VI) 15mg-L-09072024-Q=50.46mL-phút-3
3024,GGA20,339.0091,774,306.7,32.3091,U108-H3-VS2-05.07.2024,U108-H3-VS2-GGA20-Cr(VI) 15mg-L-09072024-Q=50.46mL-phút-3
3025,GGA20,338.6114,1246,305.5,33.11136,U108-H3-VS2-05.07.2024,U108-H3-VS2-GGA20-Cr(VI) 15mg-L-09072024-Q=50.46mL-phút-3
3026,GGA20,340.2977,1720,308.5,31.79768,U108-H3-VS2-05.07.2024,U108-H3-VS2-GGA20-Cr(VI) 15mg-L-09072024-Q=50.46mL-phút-3
3027,GGA20,343.6227,2199,310.4,33.22272,U108-H3-VS2-05.07.2024,U108-H3-VS2-GGA20-Cr(VI) 15mg-L-09072024-Q=50.46mL-phút-3
3028,GGA20-Cr-15,344.9477,2670,308.5,36.44774,U108-H3-VS2-05.07.2024,U108-H3-VS2-GGA20-Cr(VI) 15mg-L-09072024-Q=50.46mL-phút-3
3029,GGA20-Cr-15,346.3372,3145,313.6,32.73721,U108-H3-VS2-05.07.2024,U108-H3-VS2-GGA20-Cr(VI) 15mg-L-09072024-Q=50.46mL-phút-3
3030,GGA20-Cr-15,343.9682,3618,310.8,33.16819,U108-H3-VS2-05.07.2024,U108-H3-VS2-GGA20-Cr(VI) 15mg-L-09072024-Q=50.46mL-phút-3
3031,GGA20-Cr-15,342.3227,4092,313.3,29.02272,U108-H3-VS2-05.07.2024,U108-H3-VS2-GGA20-Cr(VI) 15mg-L-09072024-Q=50.46mL-phút-3
3032,GGA20-Cr-15,342.0023,4565,313.6,28.40233,U108-H3-VS2-05.07.2024,U108-H3-VS2-GGA20-Cr(VI) 15mg-L-09072024-Q=50.46mL-phút-3
3033,GGA20-Cr-15,341.8205,5039,316.2,25.62046,U108-H3-VS2-05.07.2024,U108-H3-VS2-GGA20-Cr(VI) 15mg-L-09072024-Q=50.46mL-phút-3
3034,GGA20-Cr-15,341.7864,5513,317.3,24.48637,U108-H3-VS2-05.07.2024,U108-H3-VS2-GGA20-Cr(VI) 15mg-L-09072024-Q=50.46mL-phút-3
3035,GGA20-Cr-15,341.5432,5987,317.6,23.94318,U108-H3-VS2-05.07.2024,U108-H3-VS2-GGA20-Cr(VI) 15mg-L-09072024-Q=50.46mL-phút-3
3036,GGA20-Cr-15,341.5068,6459,319.4,22.10681,U108-H3-VS2-05.07.2024,U108-H3-VS2-GGA20-Cr(VI) 15mg-L-09072024-Q=50.46mL-phút-3
3037,GGA20-Cr-15,341.3273,6933,320.3,21.02727,U108-H3-VS2-05.07.2024,U108-H3-VS2-GGA20-Cr(VI) 15mg-L-09072024-Q=50.46mL-phút-3
3038,GGA20-Cr-15,341.4955,7405,320.1,21.39545,U108-H3-VS2-05.07.2024,U108-H3-VS2-GGA20-Cr(VI) 15mg-L-09072024-Q=50.46mL-phút-3
3039,GGA17.5,291.2556,301,282.86,8.39556,U109-H1-VS2-09.07.2024,U109-H1-VS2-GGA17.5-Ni(II) 15mg-L-10072024-Q=50.56mL-phút-1
3040,GGA17.5,291.2729,775,282.72,8.55289,U109-H1-VS2-09.07.2024,U109-H1-VS2-GGA17.5-Ni(II) 15mg-L-10072024-Q=50.56mL-phút-1
3041,GGA17.5,290.8846,1249,282.78,8.10456,U109-H1-VS2-09.07.2024,U109-H1-VS2-GGA17.5-Ni(II) 15mg-L-10072024-Q=50.56mL-phút-1
3042,GGA17.5,290.8304,1728,282.76,8.07043,U109-H1-VS2-09.07.2024,U109-H1-VS2-GGA17.5-Ni(II) 15mg-L-10072024-Q=50.56mL-phút-1
3043,GGA17.5,290.6135,2201,282.47,8.14348,U109-H1-VS2-09.07.2024,U109-H1-VS2-GGA17.5-Ni(II) 15mg-L-10072024-Q=50.56mL-phút-1
3044,GGA17.5-Ni-15,290.3154,2673,281.63,8.68543,U109-H1-VS2-09.07.2024,U109-H1-VS2-GGA17.5-Ni(II) 15mg-L-10072024-Q=50.56mL-phút-1
3045,GGA17.5-Ni-15,290.4045,3145,281.84,8.56445,U109-H1-VS2-09.07.2024,U109-H1-VS2-GGA17.5-Ni(II) 15mg-L-10072024-Q=50.56mL-phút-1
3046,GGA17.5-Ni-15,289.9687,3619,282.28,7.6887,U109-H1-VS2-09.07.2024,U109-H1-VS2-GGA17.5-Ni(II) 15mg-L-10072024-Q=50.56mL-phút-1
3047,GGA17.5-Ni-15,290.1791,4091,281.99,8.18912,U109-H1-VS2-09.07.2024,U109-H1-VS2-GGA17.5-Ni(II) 15mg-L-10072024-Q=50.56mL-phút-1
3048,GGA17.5-Ni-15,290.0494,4565,282.66,7.38935,U109-H1-VS2-09.07.2024,U109-H1-VS2-GGA17.5-Ni(II) 15mg-L-10072024-Q=50.56mL-phút-1
3049,GGA17.5-Ni-15,290.047,5039,282.01,8.03695,U109-H1-VS2-09.07.2024,U109-H1-VS2-GGA17.5-Ni(II) 15mg-L-10072024-Q=50.56mL-phút-1
3050,GGA17.5-Ni-15,290.0085,5511,282.4,7.60849,U109-H1-VS2-09.07.2024,U109-H1-VS2-GGA17.5-Ni(II) 15mg-L-10072024-Q=50.56mL-phút-1
3051,GGA17.5-Ni-15,289.4898,5989,282.82,6.66977,U109-H1-VS2-09.07.2024,U109-H1-VS2-GGA17.5-Ni(II) 15mg-L-10072024-Q=50.56mL-phút-1
3052,GGA17.5-Ni-15,289.6822,6464,282.76,6.92221,U109-H1-VS2-09.07.2024,U109-H1-VS2-GGA17.5-Ni(II) 15mg-L-10072024-Q=50.56mL-phút-1
3053,GGA17.5-Ni-15,289.4881,6933,283.14,6.34804,U109-H1-VS2-09.07.2024,U109-H1-VS2-GGA17.5-Ni(II) 15mg-L-10072024-Q=50.56mL-phút-1
3054,GGA17.5,288.9859,301,282.36,6.62588,U109-H1-VS2-09.07.2024,U109-H1-VS2-GGA17.5-Cr(VI) 15mg-L-10072024-Q=50.82mL-phút-1
3055,GGA17.5,288.4741,773,281.46,7.01414,U109-H1-VS2-09.07.2024,U109-H1-VS2-GGA17.5-Cr(VI) 15mg-L-10072024-Q=50.82mL-phút-1
3056,GGA17.5,288.387,1243,281.27,7.11696,U109-H1-VS2-09.07.2024,U109-H1-VS2-GGA17.5-Cr(VI) 15mg-L-10072024-Q=50.82mL-phút-1
3057,GGA17.5,288.1951,1718,281.11,7.08512,U109-H1-VS2-09.07.2024,U109-H1-VS2-GGA17.5-Cr(VI) 15mg-L-10072024-Q=50.82mL-phút-1
3058,GGA17.5,288.37,2192,280.67,7.69999,U109-H1-VS2-09.07.2024,U109-H1-VS2-GGA17.5-Cr(VI) 15mg-L-10072024-Q=50.82mL-phút-1
3059,GGA17.5,288.1854,2664,281.25,6.93544,U109-H1-VS2-09.07.2024,U109-H1-VS2-GGA17.5-Cr(VI) 15mg-L-10072024-Q=50.82mL-phút-1
3060,GGA17.5-Cr-15,288.2289,3136,280.5,7.72891,U109-H1-VS2-09.07.2024,U109-H1-VS2-GGA17.5-Cr(VI) 15mg-L-10072024-Q=50.82mL-phút-1
3061,GGA17.5-Cr-15,287.7796,3610,281.02,6.75957,U109-H1-VS2-09.07.2024,U109-H1-VS2-GGA17.5-Cr(VI) 15mg-L-10072024-Q=50.82mL-phút-1
3062,GGA17.5-Cr-15,287.8887,4086,281.5,6.38869,U109-H1-VS2-09.07.2024,U109-H1-VS2-GGA17.5-Cr(VI) 15mg-L-10072024-Q=50.82mL-phút-1
3063,GGA17.5-Cr-15,287.6211,4558,281.46,6.1611,U109-H1-VS2-09.07.2024,U109-H1-VS2-GGA17.5-Cr(VI) 15mg-L-10072024-Q=50.82mL-phút-1
3064,GGA17.5-Cr-15,287.2872,5030,281.84,5.44718,U109-H1-VS2-09.07.2024,U109-H1-VS2-GGA17.5-Cr(VI) 15mg-L-10072024-Q=50.82mL-phút-1
3065,GGA17.5-Cr-15,287.7559,5505,282.2,5.55586,U109-H1-VS2-09.07.2024,U109-H1-VS2-GGA17.5-Cr(VI) 15mg-L-10072024-Q=50.82mL-phút-1
3066,GGA17.5-Cr-15,288.0207,5977,282.66,5.36067,U109-H1-VS2-09.07.2024,U109-H1-VS2-GGA17.5-Cr(VI) 15mg-L-10072024-Q=50.82mL-phút-1
3067,GGA12.5,384.0045,301,357.2,26.80445,U110-H3-VS2-09.07.2024,U110-H3-VS2-GGA12.5-Zn(II) 15mg-L-10072024-Q=50.68mL-phút-3
3068,GGA12.5,382.6087,774,357.0,25.6087,U110-H3-VS2-09.07.2024,U110-H3-VS2-GGA12.5-Zn(II) 15mg-L-10072024-Q=50.68mL-phút-3
3069,GGA12.5,382.0891,1248,356.1,25.98914,U110-H3-VS2-09.07.2024,U110-H3-VS2-GGA12.5-Zn(II) 15mg-L-10072024-Q=50.68mL-phút-3
3070,GGA12.5,381.5761,1720,355.7,25.8761,U110-H3-VS2-09.07.2024,U110-H3-VS2-GGA12.5-Zn(II) 15mg-L-10072024-Q=50.68mL-phút-3
3071,GGA12.5,381.35,2194,354.9,26.45,U110-H3-VS2-09.07.2024,U110-H3-VS2-GGA12.5-Zn(II) 15mg-L-10072024-Q=50.68mL-phút-3
3072,GGA12.5,379.3445,2667,354.2,25.14444,U110-H3-VS2-09.07.2024,U110-H3-VS2-GGA12.5-Zn(II) 15mg-L-10072024-Q=50.68mL-phút-3
3073,GGA12.5,378.8111,3141,351.7,27.1111,U110-H3-VS2-09.07.2024,U110-H3-VS2-GGA12.5-Zn(II) 15mg-L-10072024-Q=50.68mL-phút-3
3074,GGA12.5-Zn-15,376.6435,3617,346.9,29.74349,U110-H3-VS2-09.07.2024,U110-H3-VS2-GGA12.5-Zn(II) 15mg-L-10072024-Q=50.68mL-phút-3
3075,GGA12.5-Zn-15,375.8522,4090,347.6,28.25216,U110-H3-VS2-09.07.2024,U110-H3-VS2-GGA12.5-Zn(II) 15mg-L-10072024-Q=50.68mL-phút-3
3076,GGA12.5-Zn-15,375.6522,4562,348.6,27.05218,U110-H3-VS2-09.07.2024,U110-H3-VS2-GGA12.5-Zn(II) 15mg-L-10072024-Q=50.68mL-phút-3
3077,GGA12.5-Zn-15,374.0652,5037,346.7,27.36521,U110-H3-VS2-09.07.2024,U110-H3-VS2-GGA12.5-Zn(II) 15mg-L-10072024-Q=50.68mL-phút-3
3078,GGA12.5-Zn-15,373.3289,5510,346.2,27.1289,U110-H3-VS2-09.07.2024,U110-H3-VS2-GGA12.5-Zn(II) 15mg-L-10072024-Q=50.68mL-phút-3
3079,GGA12.5-Zn-15,369.8761,5982,342.7,27.17609,U110-H3-VS2-09.07.2024,U110-H3-VS2-GGA12.5-Zn(II) 15mg-L-10072024-Q=50.68mL-phút-3
3080,GGA12.5-Zn-15,367.6422,6458,342.1,25.54223,U110-H3-VS2-09.07.2024,U110-H3-VS2-GGA12.5-Zn(II) 15mg-L-10072024-Q=50.68mL-phút-3
3081,GGA12.5-Zn-15,367.1152,6930,342.3,24.81522,U110-H3-VS2-09.07.2024,U110-H3-VS2-GGA12.5-Zn(II) 15mg-L-10072024-Q=50.68mL-phút-3
3082,GGA12.5-Zn-15,366.4174,7405,340.0,26.41739,U110-H3-VS2-09.07.2024,U110-H3-VS2-GGA12.5-Zn(II) 15mg-L-10072024-Q=50.68mL-phút-3
3083,GGA12.5-Zn-15,365.4778,7877,341.8,23.67778,U110-H3-VS2-09.07.2024,U110-H3-VS2-GGA12.5-Zn(II) 15mg-L-10072024-Q=50.68mL-phút-3
3084,GGA12.5-Zn-15,365.587,8351,342.9,22.68694,U110-H3-VS2-09.07.2024,U110-H3-VS2-GGA12.5-Zn(II) 15mg-L-10072024-Q=50.68mL-phút-3
3085,GGA12.5-Zn-15,364.9152,8823,341.5,23.41521,U110-H3-VS2-09.07.2024,U110-H3-VS2-GGA12.5-Zn(II) 15mg-L-10072024-Q=50.68mL-phút-3
3086,GGA12.5-Zn-15,362.7289,9297,341.1,21.62888,U110-H3-VS2-09.07.2024,U110-H3-VS2-GGA12.5-Zn(II) 15mg-L-10072024-Q=50.68mL-phút-3
3087,GGA12.5-Zn-15,360.8283,9773,339.1,21.72826,U110-H3-VS2-09.07.2024,U110-H3-VS2-GGA12.5-Zn(II) 15mg-L-10072024-Q=50.68mL-phút-3
3088,GGA12.5-Zn-15,361.0261,10242,339.7,21.32608,U110-H3-VS2-09.07.2024,U110-H3-VS2-GGA12.5-Zn(II) 15mg-L-10072024-Q=50.68mL-phút-3
3089,GGA2.5,355.6022,301,338.2,17.40217,U110-H3-VS2-09.07.2024,U110-H3-VS2-GGA2.5-Ni(II) 15mg-L-10072024-Q=50.44mL-phút-5
3090,GGA2.5,355.0152,775,338.7,16.31521,U110-H3-VS2-09.07.2024,U110-H3-VS2-GGA2.5-Ni(II) 15mg-L-10072024-Q=50.44mL-phút-5
3091,GGA2.5,353.4239,1246,337.0,16.4239,U110-H3-VS2-09.07.2024,U110-H3-VS2-GGA2.5-Ni(II) 15mg-L-10072024-Q=50.44mL-phút-5
3092,GGA2.5,351.9156,1723,336.2,15.71556,U110-H3-VS2-09.07.2024,U110-H3-VS2-GGA2.5-Ni(II) 15mg-L-10072024-Q=50.44mL-phút-5
3093,GGA2.5,351.04,2193,335.5,15.54,U110-H3-VS2-09.07.2024,U110-H3-VS2-GGA2.5-Ni(II) 15mg-L-10072024-Q=50.44mL-phút-5
3094,GGA2.5,346.5174,2667,330.7,15.81738,U110-H3-VS2-09.07.2024,U110-H3-VS2-GGA2.5-Ni(II) 15mg-L-10072024-Q=50.44mL-phút-5
3095,GGA2.5-Ni-15,349.1152,3140,335.7,13.41521,U110-H3-VS2-09.07.2024,U110-H3-VS2-GGA2.5-Ni(II) 15mg-L-10072024-Q=50.44mL-phút-5
3096,GGA2.5-Ni-15,349.3978,3613,337.6,11.79779,U110-H3-VS2-09.07.2024,U110-H3-VS2-GGA2.5-Ni(II) 15mg-L-10072024-Q=50.44mL-phút-5
3097,GGA2.5-Ni-15,347.6913,4088,335.7,11.9913,U110-H3-VS2-09.07.2024,U110-H3-VS2-GGA2.5-Ni(II) 15mg-L-10072024-Q=50.44mL-phút-5
3098,GGA2.5-Ni-15,349.6689,4560,337.3,12.36889,U110-H3-VS2-09.07.2024,U110-H3-VS2-GGA2.5-Ni(II) 15mg-L-10072024-Q=50.44mL-phút-5
3099,GGA2.5-Ni-15,348.2609,5034,336.5,11.76088,U110-H3-VS2-09.07.2024,U110-H3-VS2-GGA2.5-Ni(II) 15mg-L-10072024-Q=50.44mL-phút-5
3100,GGA2.5-Ni-15,348.8,5507,337.6,11.20001,U110-H3-VS2-09.07.2024,U110-H3-VS2-GGA2.5-Ni(II) 15mg-L-10072024-Q=50.44mL-phút-5
3101,GGA2.5-Ni-15,348.8067,5980,337.7,11.10666,U110-H3-VS2-09.07.2024,U110-H3-VS2-GGA2.5-Ni(II) 15mg-L-10072024-Q=50.44mL-phút-5
3102,GGA17.5,345.2087,301,324.2,21.00869,U110-H3-VS2-09.07.2024,U110-H3-VS2-GGA17.5-Cr(VI) 15mg-L-10072024-Q=50.68mL-phút-2
3103,GGA17.5,343.7844,773,322.8,20.98443,U110-H3-VS2-09.07.2024,U110-H3-VS2-GGA17.5-Cr(VI) 15mg-L-10072024-Q=50.68mL-phút-2
3104,GGA17.5,343.8326,1247,321.2,22.6326,U110-H3-VS2-09.07.2024,U110-H3-VS2-GGA17.5-Cr(VI) 15mg-L-10072024-Q=50.68mL-phút-2
3105,GGA17.5,343.6783,1721,320.2,23.47826,U110-H3-VS2-09.07.2024,U110-H3-VS2-GGA17.5-Cr(VI) 15mg-L-10072024-Q=50.68mL-phút-2
3106,GGA17.5,343.7348,2192,323.1,20.63478,U110-H3-VS2-09.07.2024,U110-H3-VS2-GGA17.5-Cr(VI) 15mg-L-10072024-Q=50.68mL-phút-2
3107,GGA17.5,342.987,2664,319.5,23.48696,U110-H3-VS2-09.07.2024,U110-H3-VS2-GGA17.5-Cr(VI) 15mg-L-10072024-Q=50.68mL-phút-2
3108,GGA17.5,342.05,3139,315.8,26.24999,U110-H3-VS2-09.07.2024,U110-H3-VS2-GGA17.5-Cr(VI) 15mg-L-10072024-Q=50.68mL-phút-2
3109,GGA17.5,341.763,3612,316.7,25.06303,U110-H3-VS2-09.07.2024,U110-H3-VS2-GGA17.5-Cr(VI) 15mg-L-10072024-Q=50.68mL-phút-2
3110,GGA17.5-Cr-15,338.6783,4087,314.3,24.37826,U110-H3-VS2-09.07.2024,U110-H3-VS2-GGA17.5-Cr(VI) 15mg-L-10072024-Q=50.68mL-phút-2
3111,GGA17.5-Cr-15,340.7711,4559,317.6,23.1711,U110-H3-VS2-09.07.2024,U110-H3-VS2-GGA17.5-Cr(VI) 15mg-L-10072024-Q=50.68mL-phút-2
3112,GGA17.5-Cr-15,336.15,5037,316.1,20.05,U110-H3-VS2-09.07.2024,U110-H3-VS2-GGA17.5-Cr(VI) 15mg-L-10072024-Q=50.68mL-phút-2
3113,GGA17.5-Cr-15,337.1022,5508,318.9,18.20223,U110-H3-VS2-09.07.2024,U110-H3-VS2-GGA17.5-Cr(VI) 15mg-L-10072024-Q=50.68mL-phút-2
3114,GGA17.5-Cr-15,337.9244,5982,320.5,17.42445,U110-H3-VS2-09.07.2024,U110-H3-VS2-GGA17.5-Cr(VI) 15mg-L-10072024-Q=50.68mL-phút-2
3115,GGA17.5-Cr-15,339.2109,6454,322.9,16.31087,U110-H3-VS2-09.07.2024,U110-H3-VS2-GGA17.5-Cr(VI) 15mg-L-10072024-Q=50.68mL-phút-2
3116,GGA17.5-Cr-15,340.0067,6928,323.7,16.30665,U110-H3-VS2-09.07.2024,U110-H3-VS2-GGA17.5-Cr(VI) 15mg-L-10072024-Q=50.68mL-phút-2
3117,GGA17.5,292.5744,301,284.47,8.10435,U111-H1-VS2-10.07.2024,U111-H1-VS2-GGA17.5-Ni(II) 10mg-L-11072024-Q=50.42mL-phút-1
3118,GGA17.5,292.3185,780,283.87,8.44845,U111-H1-VS2-10.07.2024,U111-H1-VS2-GGA17.5-Ni(II) 10mg-L-11072024-Q=50.42mL-phút-1
3119,GGA17.5,292.0965,1253,284.01,8.08651,U111-H1-VS2-10.07.2024,U111-H1-VS2-GGA17.5-Ni(II) 10mg-L-11072024-Q=50.42mL-phút-1
3120,GGA17.5,291.9596,1728,283.43,8.52957,U111-H1-VS2-10.07.2024,U111-H1-VS2-GGA17.5-Ni(II) 10mg-L-11072024-Q=50.42mL-phút-1
3121,GGA17.5,291.6927,2200,282.95,8.74265,U111-H1-VS2-10.07.2024,U111-H1-VS2-GGA17.5-Ni(II) 10mg-L-11072024-Q=50.42mL-phút-1
3122,GGA17.5-Ni-10,292.4939,2673,283.37,9.12391,U111-H1-VS2-10.07.2024,U111-H1-VS2-GGA17.5-Ni(II) 10mg-L-11072024-Q=50.42mL-phút-1
3123,GGA17.5-Ni-10,292.44,3145,283.26,9.17999,U111-H1-VS2-10.07.2024,U111-H1-VS2-GGA17.5-Ni(II) 10mg-L-11072024-Q=50.42mL-phút-1
3124,GGA17.5-Ni-10,291.9942,3620,283.83,8.16423,U111-H1-VS2-10.07.2024,U111-H1-VS2-GGA17.5-Ni(II) 10mg-L-11072024-Q=50.42mL-phút-1
3125,GGA17.5-Ni-10,291.7702,4093,283.7,8.07021,U111-H1-VS2-10.07.2024,U111-H1-VS2-GGA17.5-Ni(II) 10mg-L-11072024-Q=50.42mL-phút-1
3126,GGA17.5-Ni-10,292.0667,4566,284.22,7.84667,U111-H1-VS2-10.07.2024,U111-H1-VS2-GGA17.5-Ni(II) 10mg-L-11072024-Q=50.42mL-phút-1
3127,GGA17.5-Ni-10,292.2818,5039,284.45,7.83177,U111-H1-VS2-10.07.2024,U111-H1-VS2-GGA17.5-Ni(II) 10mg-L-11072024-Q=50.42mL-phút-1
3128,GGA17.5-Ni-10,292.5233,5515,285.35,7.17325,U111-H1-VS2-10.07.2024,U111-H1-VS2-GGA17.5-Ni(II) 10mg-L-11072024-Q=50.42mL-phút-1
3129,GGA17.5-Ni-10,293.1604,5987,285.56,7.60043,U111-H1-VS2-10.07.2024,U111-H1-VS2-GGA17.5-Ni(II) 10mg-L-11072024-Q=50.42mL-phút-1
3130,GGA17.5-Ni-10,293.4357,6460,286.36,7.07566,U111-H1-VS2-10.07.2024,U111-H1-VS2-GGA17.5-Ni(II) 10mg-L-11072024-Q=50.42mL-phút-1
3131,GGA17.5,293.5948,301,284.98,8.61477,U111-H1-VS2-10.07.2024,U111-H1-VS2-GGA17.5-Cr(VI) 10mg-L-11072024-Q=50.34mL-phút-2
3132,GGA17.5,293.5067,776,284.96,8.54674,U111-H1-VS2-10.07.2024,U111-H1-VS2-GGA17.5-Cr(VI) 10mg-L-11072024-Q=50.34mL-phút-2
3133,GGA17.5,292.9751,1247,284.14,8.8351,U111-H1-VS2-10.07.2024,U111-H1-VS2-GGA17.5-Cr(VI) 10mg-L-11072024-Q=50.34mL-phút-2
3134,GGA17.5,292.6204,1722,284.27,8.35044,U111-H1-VS2-10.07.2024,U111-H1-VS2-GGA17.5-Cr(VI) 10mg-L-11072024-Q=50.34mL-phút-2
3135,GGA17.5,292.3571,2196,283.24,9.11712,U111-H1-VS2-10.07.2024,U111-H1-VS2-GGA17.5-Cr(VI) 10mg-L-11072024-Q=50.34mL-phút-2
3136,GGA17.5,292.1418,2669,283.35,8.79177,U111-H1-VS2-10.07.2024,U111-H1-VS2-GGA17.5-Cr(VI) 10mg-L-11072024-Q=50.34mL-phút-2
3137,GGA17.5-Cr-10,291.7573,3142,282.53,9.22733,U111-H1-VS2-10.07.2024,U111-H1-VS2-GGA17.5-Cr(VI) 10mg-L-11072024-Q=50.34mL-phút-2
3138,GGA17.5-Cr-10,292.4139,3614,283.47,8.94391,U111-H1-VS2-10.07.2024,U111-H1-VS2-GGA17.5-Cr(VI) 10mg-L-11072024-Q=50.34mL-phút-2
3139,GGA17.5-Cr-10,292.0391,4088,284.37,7.66913,U111-H1-VS2-10.07.2024,U111-H1-VS2-GGA17.5-Cr(VI) 10mg-L-11072024-Q=50.34mL-phút-2
3140,GGA17.5-Cr-10,292.1404,4561,285.16,6.98044,U111-H1-VS2-10.07.2024,U111-H1-VS2-GGA17.5-Cr(VI) 10mg-L-11072024-Q=50.34mL-phút-2
3141,GGA17.5-Cr-10,292.3571,5034,285.94,6.41711,U111-H1-VS2-10.07.2024,U111-H1-VS2-GGA17.5-Cr(VI) 10mg-L-11072024-Q=50.34mL-phút-2
3142,GGA17.5-Cr-10,292.4689,5509,286.17,6.2989,U111-H1-VS2-10.07.2024,U111-H1-VS2-GGA17.5-Cr(VI) 10mg-L-11072024-Q=50.34mL-phút-2
3143,GGA17.5-Cr-10,292.3283,5982,286.34,5.98826,U111-H1-VS2-10.07.2024,U111-H1-VS2-GGA17.5-Cr(VI) 10mg-L-11072024-Q=50.34mL-phút-2
3144,GGA17.5-Cr-10,291.7633,6455,286.54,5.22325,U111-H1-VS2-10.07.2024,U111-H1-VS2-GGA17.5-Cr(VI) 10mg-L-11072024-Q=50.34mL-phút-2
3145,GGA17.5-Cr-10,291.9394,6928,286.73,5.20934,U111-H1-VS2-10.07.2024,U111-H1-VS2-GGA17.5-Cr(VI) 10mg-L-11072024-Q=50.34mL-phút-2
3146,GGA17.5,292.3954,301,285.62,6.77543,U111-H1-VS2-10.07.2024,U111-H1-VS2-GGA17.5-Zn(II) 15mg-L-11072024-Q=50.84mL-phút-1
3147,GGA17.5,292.3229,775,285.48,6.84288,U111-H1-VS2-10.07.2024,U111-H1-VS2-GGA17.5-Zn(II) 15mg-L-11072024-Q=50.84mL-phút-1
3148,GGA17.5,292.3093,1248,285.31,6.99933,U111-H1-VS2-10.07.2024,U111-H1-VS2-GGA17.5-Zn(II) 15mg-L-11072024-Q=50.84mL-phút-1
3149,GGA17.5,292.2474,1722,285.23,7.01738,U111-H1-VS2-10.07.2024,U111-H1-VS2-GGA17.5-Zn(II) 15mg-L-11072024-Q=50.84mL-phút-1
3150,GGA17.5,292.19,2196,285.27,6.92001,U111-H1-VS2-10.07.2024,U111-H1-VS2-GGA17.5-Zn(II) 15mg-L-11072024-Q=50.84mL-phút-1
3151,GGA17.5,292.1104,2668,285.02,7.09044,U111-H1-VS2-10.07.2024,U111-H1-VS2-GGA17.5-Zn(II) 15mg-L-11072024-Q=50.84mL-phút-1
3152,GGA17.5-Zn-15,291.7457,3142,284.24,7.50566,U111-H1-VS2-10.07.2024,U111-H1-VS2-GGA17.5-Zn(II) 15mg-L-11072024-Q=50.84mL-phút-1
3153,GGA17.5-Zn-15,291.6766,3615,284.73,6.94659,U111-H1-VS2-10.07.2024,U111-H1-VS2-GGA17.5-Zn(II) 15mg-L-11072024-Q=50.84mL-phút-1
3154,GGA17.5-Zn-15,291.6004,4088,285.27,6.33041,U111-H1-VS2-10.07.2024,U111-H1-VS2-GGA17.5-Zn(II) 15mg-L-11072024-Q=50.84mL-phút-1
3155,GGA17.5-Zn-15,291.5786,4563,285.42,6.15859,U111-H1-VS2-10.07.2024,U111-H1-VS2-GGA17.5-Zn(II) 15mg-L-11072024-Q=50.84mL-phút-1
3156,GGA17.5-Zn-15,291.458,5036,285.06,6.398,U111-H1-VS2-10.07.2024,U111-H1-VS2-GGA17.5-Zn(II) 15mg-L-11072024-Q=50.84mL-phút-1
3157,GGA17.5-Zn-15,291.2992,5507,285.71,5.58921,U111-H1-VS2-10.07.2024,U111-H1-VS2-GGA17.5-Zn(II) 15mg-L-11072024-Q=50.84mL-phút-1
3158,GGA17.5-Zn-15,291.4496,5980,286.36,5.08961,U111-H1-VS2-10.07.2024,U111-H1-VS2-GGA17.5-Zn(II) 15mg-L-11072024-Q=50.84mL-phút-1
3159,GGA17.5-Zn-15,291.3892,6457,286.21,5.17921,U111-H1-VS2-10.07.2024,U111-H1-VS2-GGA17.5-Zn(II) 15mg-L-11072024-Q=50.84mL-phút-1
3160,GGA17.5,369.5714,301,343.1,26.47142,U112-H3-VS2-10.07.2024,U112-H3-VS2-GGA17.5-Ni(II) 10mg-L-11072024-Q=50.5mL-phút-2
3161,GGA17.5,369.1123,774,341.8,27.31225,U112-H3-VS2-10.07.2024,U112-H3-VS2-GGA17.5-Ni(II) 10mg-L-11072024-Q=50.5mL-phút-2
3162,GGA17.5,368.2918,1247,341.3,26.99183,U112-H3-VS2-10.07.2024,U112-H3-VS2-GGA17.5-Ni(II) 10mg-L-11072024-Q=50.5mL-phút-2
3163,GGA17.5,369.5082,1721,342.5,27.00817,U112-H3-VS2-10.07.2024,U112-H3-VS2-GGA17.5-Ni(II) 10mg-L-11072024-Q=50.5mL-phút-2
3164,GGA17.5,368.4694,2193,342.0,26.46938,U112-H3-VS2-10.07.2024,U112-H3-VS2-GGA17.5-Ni(II) 10mg-L-11072024-Q=50.5mL-phút-2
3165,GGA17.5,367.8694,2668,341.0,26.8694,U112-H3-VS2-10.07.2024,U112-H3-VS2-GGA17.5-Ni(II) 10mg-L-11072024-Q=50.5mL-phút-2
3166,GGA17.5-Ni-10,367.3796,3140,339.2,28.1796,U112-H3-VS2-10.07.2024,U112-H3-VS2-GGA17.5-Ni(II) 10mg-L-11072024-Q=50.5mL-phút-2
3167,GGA17.5-Ni-10,366.0898,3615,337.9,28.18979,U112-H3-VS2-10.07.2024,U112-H3-VS2-GGA17.5-Ni(II) 10mg-L-11072024-Q=50.5mL-phút-2
3168,GGA17.5-Ni-10,366.1388,4090,338.9,27.23878,U112-H3-VS2-10.07.2024,U112-H3-VS2-GGA17.5-Ni(II) 10mg-L-11072024-Q=50.5mL-phút-2
3169,GGA17.5-Ni-10,366.2714,4560,339.8,26.47143,U112-H3-VS2-10.07.2024,U112-H3-VS2-GGA17.5-Ni(II) 10mg-L-11072024-Q=50.5mL-phút-2
3170,GGA17.5-Ni-10,365.8959,5035,341.2,24.69593,U112-H3-VS2-10.07.2024,U112-H3-VS2-GGA17.5-Ni(II) 10mg-L-11072024-Q=50.5mL-phút-2
3171,GGA17.5-Ni-10,367.9,5508,342.5,25.4,U112-H3-VS2-10.07.2024,U112-H3-VS2-GGA17.5-Ni(II) 10mg-L-11072024-Q=50.5mL-phút-2
3172,GGA17.5-Ni-10,371.136,5982,345.9,25.236,U112-H3-VS2-10.07.2024,U112-H3-VS2-GGA17.5-Ni(II) 10mg-L-11072024-Q=50.5mL-phút-2
3173,GGA17.5-Ni-10,373.649,6456,347.9,25.74898,U112-H3-VS2-10.07.2024,U112-H3-VS2-GGA17.5-Ni(II) 10mg-L-11072024-Q=50.5mL-phút-2
3174,GGA17.5-Ni-10,375.7694,6933,351.7,24.06938,U112-H3-VS2-10.07.2024,U112-H3-VS2-GGA17.5-Ni(II) 10mg-L-11072024-Q=50.5mL-phút-2
3175,GGA17.5-Ni-10,377.4816,7405,353.0,24.48164,U112-H3-VS2-10.07.2024,U112-H3-VS2-GGA17.5-Ni(II) 10mg-L-11072024-Q=50.5mL-phút-2
3176,GGA5,352.198,301,337.9,14.29795,U112-H3-VS2-10.07.2024,U112-H3-VS2-GGA5-Zn(II) 15mg-L-11072024-Q=49.92mL-phút-1
3177,GGA5,350.1143,775,335.8,14.3143,U112-H3-VS2-10.07.2024,U112-H3-VS2-GGA5-Zn(II) 15mg-L-11072024-Q=49.92mL-phút-1
3178,GGA5,349.402,1247,335.0,14.40199,U112-H3-VS2-10.07.2024,U112-H3-VS2-GGA5-Zn(II) 15mg-L-11072024-Q=49.92mL-phút-1
3179,GGA5,349.908,1720,335.6,14.30801,U112-H3-VS2-10.07.2024,U112-H3-VS2-GGA5-Zn(II) 15mg-L-11072024-Q=49.92mL-phút-1
3180,GGA5,349.6694,2194,335.3,14.36939,U112-H3-VS2-10.07.2024,U112-H3-VS2-GGA5-Zn(II) 15mg-L-11072024-Q=49.92mL-phút-1
3181,GGA5,346.8796,2668,333.5,13.37959,U112-H3-VS2-10.07.2024,U112-H3-VS2-GGA5-Zn(II) 15mg-L-11072024-Q=49.92mL-phút-1
3182,GGA5-Zn-15,343.3531,3142,330.6,12.75307,U112-H3-VS2-10.07.2024,U112-H3-VS2-GGA5-Zn(II) 15mg-L-11072024-Q=49.92mL-phút-1
3183,GGA5-Zn-15,344.5122,3617,332.2,12.31225,U112-H3-VS2-10.07.2024,U112-H3-VS2-GGA5-Zn(II) 15mg-L-11072024-Q=49.92mL-phút-1
3184,GGA5-Zn-15,343.8776,4091,331.7,12.17755,U112-H3-VS2-10.07.2024,U112-H3-VS2-GGA5-Zn(II) 15mg-L-11072024-Q=49.92mL-phút-1
3185,GGA5-Zn-15,343.332,4565,332.1,11.232,U112-H3-VS2-10.07.2024,U112-H3-VS2-GGA5-Zn(II) 15mg-L-11072024-Q=49.92mL-phút-1
3186,GGA5-Zn-15,342.9939,5036,332.4,10.59389,U112-H3-VS2-10.07.2024,U112-H3-VS2-GGA5-Zn(II) 15mg-L-11072024-Q=49.92mL-phút-1
3187,GGA5-Zn-15,342.4875,5510,331.8,10.68749,U112-H3-VS2-10.07.2024,U112-H3-VS2-GGA5-Zn(II) 15mg-L-11072024-Q=49.92mL-phút-1
3188,GGA5-Zn-15,341.2219,5983,331.2,10.02188,U112-H3-VS2-10.07.2024,U112-H3-VS2-GGA5-Zn(II) 15mg-L-11072024-Q=49.92mL-phút-1
3189,GGA17.5,292.0278,301,282.28,9.7478,U113-H1-VS2-10.07.2024,U113-H1-VS2-GGA17.5-Cr(VI) 10mg-L-12072024-Q=50.56mL-phút-3
3190,GGA17.5,291.948,774,282.09,9.85796,U113-H1-VS2-10.07.2024,U113-H1-VS2-GGA17.5-Cr(VI) 10mg-L-12072024-Q=50.56mL-phút-3
3191,GGA17.5,291.9726,1247,282.22,9.7526,U113-H1-VS2-10.07.2024,U113-H1-VS2-GGA17.5-Cr(VI) 10mg-L-12072024-Q=50.56mL-phút-3
3192,GGA17.5,292.0365,1726,282.28,9.75653,U113-H1-VS2-10.07.2024,U113-H1-VS2-GGA17.5-Cr(VI) 10mg-L-12072024-Q=50.56mL-phút-3
3193,GGA17.5,291.9906,2199,282.01,9.98059,U113-H1-VS2-10.07.2024,U113-H1-VS2-GGA17.5-Cr(VI) 10mg-L-12072024-Q=50.56mL-phút-3
3194,GGA17.5,291.7692,2673,282.03,9.7392,U113-H1-VS2-10.07.2024,U113-H1-VS2-GGA17.5-Cr(VI) 10mg-L-12072024-Q=50.56mL-phút-3
3195,GGA17.5-Cr-10,291.5927,3145,281.38,10.21265,U113-H1-VS2-10.07.2024,U113-H1-VS2-GGA17.5-Cr(VI) 10mg-L-12072024-Q=50.56mL-phút-3
3196,GGA17.5-Cr-10,291.7522,3619,282.76,8.99219,U113-H1-VS2-10.07.2024,U113-H1-VS2-GGA17.5-Cr(VI) 10mg-L-12072024-Q=50.56mL-phút-3
3197,GGA17.5-Cr-10,291.4584,4093,283.07,8.38839,U113-H1-VS2-10.07.2024,U113-H1-VS2-GGA17.5-Cr(VI) 10mg-L-12072024-Q=50.56mL-phút-3
3198,GGA17.5-Cr-10,291.2818,4565,283.81,7.4718,U113-H1-VS2-10.07.2024,U113-H1-VS2-GGA17.5-Cr(VI) 10mg-L-12072024-Q=50.56mL-phút-3
3199,GGA17.5-Cr-10,291.2814,5039,283.89,7.39142,U113-H1-VS2-10.07.2024,U113-H1-VS2-GGA17.5-Cr(VI) 10mg-L-12072024-Q=50.56mL-phút-3
3200,GGA17.5-Cr-10,291.1746,5511,284.41,6.7646,U113-H1-VS2-10.07.2024,U113-H1-VS2-GGA17.5-Cr(VI) 10mg-L-12072024-Q=50.56mL-phút-3
3201,GGA17.5-Cr-10,291.0612,5986,284.37,6.6912,U113-H1-VS2-10.07.2024,U113-H1-VS2-GGA17.5-Cr(VI) 10mg-L-12072024-Q=50.56mL-phút-3
3202,GGA17.5-Cr-10,291.031,6457,285.06,5.97102,U113-H1-VS2-10.07.2024,U113-H1-VS2-GGA17.5-Cr(VI) 10mg-L-12072024-Q=50.56mL-phút-3
3203,GGA17.5-Cr-10,290.9304,6931,285.12,5.81041,U113-H1-VS2-10.07.2024,U113-H1-VS2-GGA17.5-Cr(VI) 10mg-L-12072024-Q=50.56mL-phút-3
3204,GGA17.5-Cr-10,290.7092,7404,285.08,5.62919,U113-H1-VS2-10.07.2024,U113-H1-VS2-GGA17.5-Cr(VI) 10mg-L-12072024-Q=50.56mL-phút-3
3205,GGA20,289.5384,301,283.74,5.79841,U113-H1-VS2-10.07.2024,U113-H1-VS2-GGA20-Ni(II) 15mg-L-12072024-Q=50.38mL-phút-3
3206,GGA20,289.68,774,283.93,5.75001,U113-H1-VS2-10.07.2024,U113-H1-VS2-GGA20-Ni(II) 15mg-L-12072024-Q=50.38mL-phút-3
3207,GGA20,289.5108,1247,283.93,5.58081,U113-H1-VS2-10.07.2024,U113-H1-VS2-GGA20-Ni(II) 15mg-L-12072024-Q=50.38mL-phút-3
3208,GGA20,289.5478,1720,283.74,5.80781,U113-H1-VS2-10.07.2024,U113-H1-VS2-GGA20-Ni(II) 15mg-L-12072024-Q=50.38mL-phút-3
3209,GGA20,289.374,2192,284.01,5.36399,U113-H1-VS2-10.07.2024,U113-H1-VS2-GGA20-Ni(II) 15mg-L-12072024-Q=50.38mL-phút-3
3210,GGA20,289.3632,2668,283.7,5.66319,U113-H1-VS2-10.07.2024,U113-H1-VS2-GGA20-Ni(II) 15mg-L-12072024-Q=50.38mL-phút-3
3211,GGA20-Ni-15,289.1456,3140,283.47,5.6756,U113-H1-VS2-10.07.2024,U113-H1-VS2-GGA20-Ni(II) 15mg-L-12072024-Q=50.38mL-phút-3
3212,GGA20-Ni-15,288.9265,3613,283.18,5.74654,U113-H1-VS2-10.07.2024,U113-H1-VS2-GGA20-Ni(II) 15mg-L-12072024-Q=50.38mL-phút-3
3213,GGA20-Ni-15,288.6237,4087,282.82,5.80367,U113-H1-VS2-10.07.2024,U113-H1-VS2-GGA20-Ni(II) 15mg-L-12072024-Q=50.38mL-phút-3
3214,GGA20-Ni-15,288.2738,4560,283.01,5.26374,U113-H1-VS2-10.07.2024,U113-H1-VS2-GGA20-Ni(II) 15mg-L-12072024-Q=50.38mL-phút-3
3215,GGA20-Ni-15,288.484,5034,283.37,5.11396,U113-H1-VS2-10.07.2024,U113-H1-VS2-GGA20-Ni(II) 15mg-L-12072024-Q=50.38mL-phút-3
3216,GGA20-Ni-15,288.3457,5507,283.47,4.87574,U113-H1-VS2-10.07.2024,U113-H1-VS2-GGA20-Ni(II) 15mg-L-12072024-Q=50.38mL-phút-3
3217,GGA20-Ni-15,288.4332,5981,283.7,4.73318,U113-H1-VS2-10.07.2024,U113-H1-VS2-GGA20-Ni(II) 15mg-L-12072024-Q=50.38mL-phút-3
3218,GGA20-Ni-15,288.1288,6454,283.45,4.67878,U113-H1-VS2-10.07.2024,U113-H1-VS2-GGA20-Ni(II) 15mg-L-12072024-Q=50.38mL-phút-3
3219,GGA17.5,376.0123,302,346.0,30.01226,U114-H3-VS2-10.07.2024,U114-H3-VS2-GGA17.5-Ni(II) 10mg-L-12072024-Q=50.76mL-phút-3
3220,GGA17.5,374.9571,774,344.4,30.55715,U114-H3-VS2-10.07.2024,U114-H3-VS2-GGA17.5-Ni(II) 10mg-L-12072024-Q=50.76mL-phút-3
3221,GGA17.5,374.6061,1248,345.5,29.10613,U114-H3-VS2-10.07.2024,U114-H3-VS2-GGA17.5-Ni(II) 10mg-L-12072024-Q=50.76mL-phút-3
3222,GGA17.5,374.158,1722,343.7,30.45801,U114-H3-VS2-10.07.2024,U114-H3-VS2-GGA17.5-Ni(II) 10mg-L-12072024-Q=50.76mL-phút-3
3223,GGA17.5,372.2,2195,342.9,29.29999,U114-H3-VS2-10.07.2024,U114-H3-VS2-GGA17.5-Ni(II) 10mg-L-12072024-Q=50.76mL-phút-3
3224,GGA17.5,363.0733,2670,334.2,28.87334,U114-H3-VS2-10.07.2024,U114-H3-VS2-GGA17.5-Ni(II) 10mg-L-12072024-Q=50.76mL-phút-3
3225,GGA17.5-Ni-10,370.1889,3144,340.1,30.0889,U114-H3-VS2-10.07.2024,U114-H3-VS2-GGA17.5-Ni(II) 10mg-L-12072024-Q=50.76mL-phút-3
3226,GGA17.5-Ni-10,371.6114,3618,343.4,28.21136,U114-H3-VS2-10.07.2024,U114-H3-VS2-GGA17.5-Ni(II) 10mg-L-12072024-Q=50.76mL-phút-3
3227,GGA17.5-Ni-10,372.0864,4089,343.7,28.38637,U114-H3-VS2-10.07.2024,U114-H3-VS2-GGA17.5-Ni(II) 10mg-L-12072024-Q=50.76mL-phút-3
3228,GGA17.5-Ni-10,370.2022,4562,342.4,27.80221,U114-H3-VS2-10.07.2024,U114-H3-VS2-GGA17.5-Ni(II) 10mg-L-12072024-Q=50.76mL-phút-3
3229,GGA17.5-Ni-10,369.05,5037,343.7,25.35001,U114-H3-VS2-10.07.2024,U114-H3-VS2-GGA17.5-Ni(II) 10mg-L-12072024-Q=50.76mL-phút-3
3230,GGA17.5-Ni-10,367.88,5510,341.2,26.68002,U114-H3-VS2-10.07.2024,U114-H3-VS2-GGA17.5-Ni(II) 10mg-L-12072024-Q=50.76mL-phút-3
3231,GGA17.5-Ni-10,366.6386,5982,340.2,26.43863,U114-H3-VS2-10.07.2024,U114-H3-VS2-GGA17.5-Ni(II) 10mg-L-12072024-Q=50.76mL-phút-3
3232,GGA17.5-Ni-10,363.1578,6456,336.3,26.85779,U114-H3-VS2-10.07.2024,U114-H3-VS2-GGA17.5-Ni(II) 10mg-L-12072024-Q=50.76mL-phút-3
3233,GGA2.5,362.3178,301,345.7,16.61778,U114-H3-VS2-10.07.2024,U114-H3-VS2-GGA2.5-Zn(II) 5mg-L-12072024-Q=50.76mL-phút-1
3234,GGA2.5,357.95,780,342.5,15.45,U114-H3-VS2-10.07.2024,U114-H3-VS2-GGA2.5-Zn(II) 5mg-L-12072024-Q=50.76mL-phút-1
3235,GGA2.5,356.84,1252,340.0,16.84,U114-H3-VS2-10.07.2024,U114-H3-VS2-GGA2.5-Zn(II) 5mg-L-12072024-Q=50.76mL-phút-1
3236,GGA2.5,354.7978,1726,338.6,16.19776,U114-H3-VS2-10.07.2024,U114-H3-VS2-GGA2.5-Zn(II) 5mg-L-12072024-Q=50.76mL-phút-1
3237,GGA2.5,352.6682,2199,337.5,15.16817,U114-H3-VS2-10.07.2024,U114-H3-VS2-GGA2.5-Zn(II) 5mg-L-12072024-Q=50.76mL-phút-1
3238,GGA2.5,350.4733,2678,334.5,15.97332,U114-H3-VS2-10.07.2024,U114-H3-VS2-GGA2.5-Zn(II) 5mg-L-12072024-Q=50.76mL-phút-1
3239,GGA2.5-Zn-5,350.9136,3150,333.0,17.91364,U114-H3-VS2-10.07.2024,U114-H3-VS2-GGA2.5-Zn(II) 5mg-L-12072024-Q=50.76mL-phút-1
3240,GGA2.5-Zn-5,347.3911,3625,328.9,18.4911,U114-H3-VS2-10.07.2024,U114-H3-VS2-GGA2.5-Zn(II) 5mg-L-12072024-Q=50.76mL-phút-1
3241,GGA2.5-Zn-5,344.0356,4097,327.7,16.33557,U114-H3-VS2-10.07.2024,U114-H3-VS2-GGA2.5-Zn(II) 5mg-L-12072024-Q=50.76mL-phút-1
3242,GGA2.5-Zn-5,343.2818,4570,326.9,16.38181,U114-H3-VS2-10.07.2024,U114-H3-VS2-GGA2.5-Zn(II) 5mg-L-12072024-Q=50.76mL-phút-1
3243,GGA2.5-Zn-5,342.1645,5043,325.9,16.26446,U114-H3-VS2-10.07.2024,U114-H3-VS2-GGA2.5-Zn(II) 5mg-L-12072024-Q=50.76mL-phút-1
3244,GGA2.5-Zn-5,340.5659,5516,325.7,14.8659,U114-H3-VS2-10.07.2024,U114-H3-VS2-GGA2.5-Zn(II) 5mg-L-12072024-Q=50.76mL-phút-1
3245,GGA2.5-Zn-5,340.2933,5988,324.4,15.89332,U114-H3-VS2-10.07.2024,U114-H3-VS2-GGA2.5-Zn(II) 5mg-L-12072024-Q=50.76mL-phút-1
3246,GGA2.5-Zn-5,339.7289,6463,324.7,15.02889,U114-H3-VS2-10.07.2024,U114-H3-VS2-GGA2.5-Zn(II) 5mg-L-12072024-Q=50.76mL-phút-1
3247,GGA2.5-Zn-5,338.4705,6935,323.1,15.37046,U114-H3-VS2-10.07.2024,U114-H3-VS2-GGA2.5-Zn(II) 5mg-L-12072024-Q=50.76mL-phút-1
3248,GGA5,338.3681,301,320.2,18.16809,U114-H3-VS2-10.07.2024,U114-H3-VS2-GGA5-Cr(VI) 10mg-L-12072024-Q=50.38mL-phút-1
3249,GGA5,337.4043,774,318.7,18.70426,U114-H3-VS2-10.07.2024,U114-H3-VS2-GGA5-Cr(VI) 10mg-L-12072024-Q=50.38mL-phút-1
3250,GGA5,336.5915,1248,317.7,18.89149,U114-H3-VS2-10.07.2024,U114-H3-VS2-GGA5-Cr(VI) 10mg-L-12072024-Q=50.38mL-phút-1
3251,GGA5,335.7851,1727,317.5,18.28511,U114-H3-VS2-10.07.2024,U114-H3-VS2-GGA5-Cr(VI) 10mg-L-12072024-Q=50.38mL-phút-1
3252,GGA5,334.5575,2201,316.4,18.15746,U114-H3-VS2-10.07.2024,U114-H3-VS2-GGA5-Cr(VI) 10mg-L-12072024-Q=50.38mL-phút-1
3253,GGA5,334.0667,2675,316.0,18.06666,U114-H3-VS2-10.07.2024,U114-H3-VS2-GGA5-Cr(VI) 10mg-L-12072024-Q=50.38mL-phút-1
3254,GGA5-Cr-10,332.8146,3149,313.3,19.51457,U114-H3-VS2-10.07.2024,U114-H3-VS2-GGA5-Cr(VI) 10mg-L-12072024-Q=50.38mL-phút-1
3255,GGA5-Cr-10,333.6468,3621,315.5,18.14682,U114-H3-VS2-10.07.2024,U114-H3-VS2-GGA5-Cr(VI) 10mg-L-12072024-Q=50.38mL-phút-1
3256,GGA5-Cr-10,333.3638,4094,315.4,17.96383,U114-H3-VS2-10.07.2024,U114-H3-VS2-GGA5-Cr(VI) 10mg-L-12072024-Q=50.38mL-phút-1
3257,GGA5-Cr-10,331.2511,4568,315.7,15.55107,U114-H3-VS2-10.07.2024,U114-H3-VS2-GGA5-Cr(VI) 10mg-L-12072024-Q=50.38mL-phút-1
3258,GGA5-Cr-10,330.7809,5041,314.4,16.38086,U114-H3-VS2-10.07.2024,U114-H3-VS2-GGA5-Cr(VI) 10mg-L-12072024-Q=50.38mL-phút-1
3259,GGA5-Cr-10,330.1574,5515,313.5,16.65745,U114-H3-VS2-10.07.2024,U114-H3-VS2-GGA5-Cr(VI) 10mg-L-12072024-Q=50.38mL-phút-1
3260,GGA5-Cr-10,329.6638,5987,313.8,15.86382,U114-H3-VS2-10.07.2024,U114-H3-VS2-GGA5-Cr(VI) 10mg-L-12072024-Q=50.38mL-phút-1
3261,GGA5-Cr-10,328.5792,6460,315.1,13.47915,U114-H3-VS2-10.07.2024,U114-H3-VS2-GGA5-Cr(VI) 10mg-L-12072024-Q=50.38mL-phút-1
3262,GGA5-Cr-10,330.7404,6933,316.1,14.64042,U114-H3-VS2-10.07.2024,U114-H3-VS2-GGA5-Cr(VI) 10mg-L-12072024-Q=50.38mL-phút-1
3263,GGA5-Cr-10,327.1787,7409,313.1,14.07872,U114-H3-VS2-10.07.2024,U114-H3-VS2-GGA5-Cr(VI) 10mg-L-12072024-Q=50.38mL-phút-1
3264,BOD 12.5,316.16131,357,310.35999,5.80132,U115-H1-VS2-11.07.2024,U115-H1-VS2-12.5-Zn(II)10mgL-15072024-Q=48.92mLphut-2
3265,BOD 12.5,316.14017,830,310.22,5.92017,U115-H1-VS2-11.07.2024,U115-H1-VS2-12.5-Zn(II)10mgL-15072024-Q=48.92mLphut-2
3266,BOD 12.5,315.20754,1306,309.01001,6.19753,U115-H1-VS2-11.07.2024,U115-H1-VS2-12.5-Zn(II)10mgL-15072024-Q=48.92mLphut-2
3267,BOD 12.5,314.43869,1779,308.13,6.30869,U115-H1-VS2-11.07.2024,U115-H1-VS2-12.5-Zn(II)10mgL-15072024-Q=48.92mLphut-2
3268,BOD 12.5,313.65246,2251,307.29001,6.36245,U115-H1-VS2-11.07.2024,U115-H1-VS2-12.5-Zn(II)10mgL-15072024-Q=48.92mLphut-2
3269,BOD 12.5,313.07344,2725,306.32999,6.74345,U115-H1-VS2-11.07.2024,U115-H1-VS2-12.5-Zn(II)10mgL-15072024-Q=48.92mLphut-2
3270,Zn(II) 10,312.10082,3193,306.23999,5.86083,U115-H1-VS2-11.07.2024,U115-H1-VS2-12.5-Zn(II)10mgL-15072024-Q=48.92mLphut-2
3271,Zn(II) 10,312.18951,3667,305.48999,6.69952,U115-H1-VS2-11.07.2024,U115-H1-VS2-12.5-Zn(II)10mgL-15072024-Q=48.92mLphut-2
3272,Zn(II) 10,310.7579,4141,304.59,6.1679,U115-H1-VS2-11.07.2024,U115-H1-VS2-12.5-Zn(II)10mgL-15072024-Q=48.92mLphut-2
3273,Zn(II) 10,309.71754,4618,303.76999,5.94755,U115-H1-VS2-11.07.2024,U115-H1-VS2-12.5-Zn(II)10mgL-15072024-Q=48.92mLphut-2
3274,Zn(II) 10,308.93863,5069,303.7,5.23863,U115-H1-VS2-11.07.2024,U115-H1-VS2-12.5-Zn(II)10mgL-15072024-Q=48.92mLphut-2
3275,Zn(II) 10,309.08504,5543,303.90001,5.18503,U115-H1-VS2-11.07.2024,U115-H1-VS2-12.5-Zn(II)10mgL-15072024-Q=48.92mLphut-2
3276,Zn(II) 10,308.48496,6019,303.52999,4.95497,U115-H1-VS2-11.07.2024,U115-H1-VS2-12.5-Zn(II)10mgL-15072024-Q=48.92mLphut-2
3277,BOD 20,302.77942,357,294.29999,8.47943,U115-H1-VS2-11.07.2024,U115-H1-VS2-20-Ni(II)5mgL-15072024-Q=49.21mLphut-1
3278,BOD 20,302.56442,829,293.67999,8.88443,U115-H1-VS2-11.07.2024,U115-H1-VS2-20-Ni(II)5mgL-15072024-Q=49.21mLphut-1
3279,BOD 20,302.32558,1303,293.97,8.35558,U115-H1-VS2-11.07.2024,U115-H1-VS2-20-Ni(II)5mgL-15072024-Q=49.21mLphut-1
3280,BOD 20,302.05981,1776,293.73999,8.31982,U115-H1-VS2-11.07.2024,U115-H1-VS2-20-Ni(II)5mgL-15072024-Q=49.21mLphut-1
3281,BOD 20,302.27029,2249,293.48999,8.7803,U115-H1-VS2-11.07.2024,U115-H1-VS2-20-Ni(II)5mgL-15072024-Q=49.21mLphut-1
3282,BOD 20,301.69883,2724,292.70999,8.98884,U115-H1-VS2-11.07.2024,U115-H1-VS2-20-Ni(II)5mgL-15072024-Q=49.21mLphut-1
3283,Ni(II) 5,301.57183,3196,292.92001,8.65182,U115-H1-VS2-11.07.2024,U115-H1-VS2-20-Ni(II)5mgL-15072024-Q=49.21mLphut-1
3284,Ni(II) 5,300.99029,3670,293.10999,7.8803,U115-H1-VS2-11.07.2024,U115-H1-VS2-20-Ni(II)5mgL-15072024-Q=49.21mLphut-1
3285,Ni(II) 5,300.9275,4142,292.79999,8.12751,U115-H1-VS2-11.07.2024,U115-H1-VS2-20-Ni(II)5mgL-15072024-Q=49.21mLphut-1
3286,Ni(II) 5,300.35125,4615,292.70999,7.64126,U115-H1-VS2-11.07.2024,U115-H1-VS2-20-Ni(II)5mgL-15072024-Q=49.21mLphut-1
3287,Ni(II) 5,300.34942,5087,292.38,7.96942,U115-H1-VS2-11.07.2024,U115-H1-VS2-20-Ni(II)5mgL-15072024-Q=49.21mLphut-1
3288,Ni(II) 5,299.56654,5563,292.04999,7.51655,U115-H1-VS2-11.07.2024,U115-H1-VS2-20-Ni(II)5mgL-15072024-Q=49.21mLphut-1
3289,Ni(II) 5,299.14709,6035,291.75,7.39709,U115-H1-VS2-11.07.2024,U115-H1-VS2-20-Ni(II)5mgL-15072024-Q=49.21mLphut-1
3290,Ni(II) 5,299.31375,6506,291.5,7.81375,U115-H1-VS2-11.07.2024,U115-H1-VS2-20-Ni(II)5mgL-15072024-Q=49.21mLphut-1
3291,BOD 17.5,377.68667,307,358.8,18.88667,U116-H3-VS2-11.07.2024,"U116-H3-VS2-17,5-Zn(II)5mgL-15072024-Q=50.1mLphut-1"
3292,BOD 17.5,376.54,779,356.9,19.64,U116-H3-VS2-11.07.2024,"U116-H3-VS2-17,5-Zn(II)5mgL-15072024-Q=50.1mLphut-1"
3293,BOD 17.5,376.19778,1255,355.6,20.59778,U116-H3-VS2-11.07.2024,"U116-H3-VS2-17,5-Zn(II)5mgL-15072024-Q=50.1mLphut-1"
3294,BOD 17.5,375.64667,1726,356.8,18.84667,U116-H3-VS2-11.07.2024,"U116-H3-VS2-17,5-Zn(II)5mgL-15072024-Q=50.1mLphut-1"
3295,BOD 17.5,375.76444,2200,356.3,19.46444,U116-H3-VS2-11.07.2024,"U116-H3-VS2-17,5-Zn(II)5mgL-15072024-Q=50.1mLphut-1"
3296,BOD 17.5,375.87333,2673,356.4,19.47333,U116-H3-VS2-11.07.2024,"U116-H3-VS2-17,5-Zn(II)5mgL-15072024-Q=50.1mLphut-1"
3297,Zn (II) 5,375.24889,3145,355.3,19.94889,U116-H3-VS2-11.07.2024,"U116-H3-VS2-17,5-Zn(II)5mgL-15072024-Q=50.1mLphut-1"
3298,Zn (II) 5,374.50889,3620,357.9,16.60889,U116-H3-VS2-11.07.2024,"U116-H3-VS2-17,5-Zn(II)5mgL-15072024-Q=50.1mLphut-1"
3299,Zn (II) 5,376.70909,4093,360.3,16.40909,U116-H3-VS2-11.07.2024,"U116-H3-VS2-17,5-Zn(II)5mgL-15072024-Q=50.1mLphut-1"
3300,Zn (II) 5,377.23556,4566,362.7,14.53556,U116-H3-VS2-11.07.2024,"U116-H3-VS2-17,5-Zn(II)5mgL-15072024-Q=50.1mLphut-1"
3301,Zn (II) 5,379.07111,5040,364.0,15.07111,U116-H3-VS2-11.07.2024,"U116-H3-VS2-17,5-Zn(II)5mgL-15072024-Q=50.1mLphut-1"
3302,Zn (II) 5,379.756,5513,364.9,14.856,U116-H3-VS2-11.07.2024,"U116-H3-VS2-17,5-Zn(II)5mgL-15072024-Q=50.1mLphut-1"
3303,Zn (II) 5,378.47273,5987,363.3,15.17273,U116-H3-VS2-11.07.2024,"U116-H3-VS2-17,5-Zn(II)5mgL-15072024-Q=50.1mLphut-1"
3304,BOD 2.5,376.90247,259,362.1,14.80247,U116-H3-VS2-11.07.2024,"U116-H3-VS2-2,5-Cr(VI)5mgL-15072024-Q=50.22mLphut-1"
3305,BOD 2.5,373.28889,733,358.5,14.78889,U116-H3-VS2-11.07.2024,"U116-H3-VS2-2,5-Cr(VI)5mgL-15072024-Q=50.22mLphut-1"
3306,BOD 2.5,371.71975,1206,356.5,15.21975,U116-H3-VS2-11.07.2024,"U116-H3-VS2-2,5-Cr(VI)5mgL-15072024-Q=50.22mLphut-1"
3307,BOD 2.5,370.29,1679,355.0,15.29,U116-H3-VS2-11.07.2024,"U116-H3-VS2-2,5-Cr(VI)5mgL-15072024-Q=50.22mLphut-1"
3308,BOD 2.5,367.7037,2154,351.8,15.9037,U116-H3-VS2-11.07.2024,"U116-H3-VS2-2,5-Cr(VI)5mgL-15072024-Q=50.22mLphut-1"
3309,BOD 2.5,365.04875,2627,351.1,13.94875,U116-H3-VS2-11.07.2024,"U116-H3-VS2-2,5-Cr(VI)5mgL-15072024-Q=50.22mLphut-1"
3310,BOD 2.5,364.61235,3099,350.8,13.81235,U116-H3-VS2-11.07.2024,"U116-H3-VS2-2,5-Cr(VI)5mgL-15072024-Q=50.22mLphut-1"
3311,Cr (VI) 5,363.81875,3573,350.9,12.91875,U116-H3-VS2-11.07.2024,"U116-H3-VS2-2,5-Cr(VI)5mgL-15072024-Q=50.22mLphut-1"
3312,Cr (VI) 5,362.75185,4045,350.0,12.75185,U116-H3-VS2-11.07.2024,"U116-H3-VS2-2,5-Cr(VI)5mgL-15072024-Q=50.22mLphut-1"
3313,Cr (VI) 5,362.51875,4519,350.8,11.71875,U116-H3-VS2-11.07.2024,"U116-H3-VS2-2,5-Cr(VI)5mgL-15072024-Q=50.22mLphut-1"
3314,Cr (VI) 5,361.46364,4992,350.0,11.46364,U116-H3-VS2-11.07.2024,"U116-H3-VS2-2,5-Cr(VI)5mgL-15072024-Q=50.22mLphut-1"
3315,Cr (VI) 5,362.12625,5466,350.6,11.52625,U116-H3-VS2-11.07.2024,"U116-H3-VS2-2,5-Cr(VI)5mgL-15072024-Q=50.22mLphut-1"
3316,Cr (VI) 5,362.86296,5940,351.1,11.76296,U116-H3-VS2-11.07.2024,"U116-H3-VS2-2,5-Cr(VI)5mgL-15072024-Q=50.22mLphut-1"
3317,BOD 5,360.91139,361,345.6,15.31139,U116-H3-VS2-11.07.2024,U116-H3-VS2-5-Ni(II)15mgL-15072024-Q=50.03mLphut-4
3318,BOD 5,361.87436,832,347.3,14.57436,U116-H3-VS2-11.07.2024,U116-H3-VS2-5-Ni(II)15mgL-15072024-Q=50.03mLphut-4
3319,BOD 5,362.48228,1308,347.8,14.68228,U116-H3-VS2-11.07.2024,U116-H3-VS2-5-Ni(II)15mgL-15072024-Q=50.03mLphut-4
3320,BOD 5,362.76329,1780,346.6,16.16329,U116-H3-VS2-11.07.2024,U116-H3-VS2-5-Ni(II)15mgL-15072024-Q=50.03mLphut-4
3321,BOD 5,361.59231,2253,347.1,14.49231,U116-H3-VS2-11.07.2024,U116-H3-VS2-5-Ni(II)15mgL-15072024-Q=50.03mLphut-4
3322,BOD 5,360.91392,2726,347.1,13.81392,U116-H3-VS2-11.07.2024,U116-H3-VS2-5-Ni(II)15mgL-15072024-Q=50.03mLphut-4
3323,BOD 5,360.15949,3200,346.5,13.65949,U116-H3-VS2-11.07.2024,U116-H3-VS2-5-Ni(II)15mgL-15072024-Q=50.03mLphut-4
3324,Ni 15,360.52405,3671,349.2,11.32405,U116-H3-VS2-11.07.2024,U116-H3-VS2-5-Ni(II)15mgL-15072024-Q=50.03mLphut-4
3325,Ni 15,360.15,4146,349.2,10.95,U116-H3-VS2-11.07.2024,U116-H3-VS2-5-Ni(II)15mgL-15072024-Q=50.03mLphut-4
3326,Ni 15,359.99494,4619,347.6,12.39494,U116-H3-VS2-11.07.2024,U116-H3-VS2-5-Ni(II)15mgL-15072024-Q=50.03mLphut-4
3327,Ni 15,359.92278,5093,349.6,10.32278,U116-H3-VS2-11.07.2024,U116-H3-VS2-5-Ni(II)15mgL-15072024-Q=50.03mLphut-4
3328,Ni 15,359.58101,5566,348.9,10.68101,U116-H3-VS2-11.07.2024,U116-H3-VS2-5-Ni(II)15mgL-15072024-Q=50.03mLphut-4
3329,Ni 15,358.53718,6040,349.5,9.03718,U116-H3-VS2-11.07.2024,U116-H3-VS2-5-Ni(II)15mgL-15072024-Q=50.03mLphut-4
3330,Ni 15,358.10759,6512,348.4,9.70759,U116-H3-VS2-11.07.2024,U116-H3-VS2-5-Ni(II)15mgL-15072024-Q=50.03mLphut-4
3331,Ni 15,357.73544,6986,348.6,9.13544,U116-H3-VS2-11.07.2024,U116-H3-VS2-5-Ni(II)15mgL-15072024-Q=50.03mLphut-4
3332,GGA20,305.4288,301,294.95,10.47879,U117-H1-VS2-12.07.2024,U117-H1-VS2-GGA20-Zn(II) 10mg-L-16072024-Q=50.52mL-phút-2
3333,GGA20,305.1437,774,294.85,10.29367,U117-H1-VS2-12.07.2024,U117-H1-VS2-GGA20-Zn(II) 10mg-L-16072024-Q=50.52mL-phút-2
3334,GGA20,305.1271,1245,293.97,11.15714,U117-H1-VS2-12.07.2024,U117-H1-VS2-GGA20-Zn(II) 10mg-L-16072024-Q=50.52mL-phút-2
3335,GGA20,304.8451,1722,294.37,10.4751,U117-H1-VS2-12.07.2024,U117-H1-VS2-GGA20-Zn(II) 10mg-L-16072024-Q=50.52mL-phút-2
3336,GGA20,305.1159,2196,293.76,11.35591,U117-H1-VS2-12.07.2024,U117-H1-VS2-GGA20-Zn(II) 10mg-L-16072024-Q=50.52mL-phút-2
3337,GGA20,305.0892,2668,293.97,11.11918,U117-H1-VS2-12.07.2024,U117-H1-VS2-GGA20-Zn(II) 10mg-L-16072024-Q=50.52mL-phút-2
3338,GGA20-Zn-10,305.0176,3140,294.09,10.92755,U117-H1-VS2-12.07.2024,U117-H1-VS2-GGA20-Zn(II) 10mg-L-16072024-Q=50.52mL-phút-2
3339,GGA20-Zn-10,304.7869,3612,295.73,9.05693,U117-H1-VS2-12.07.2024,U117-H1-VS2-GGA20-Zn(II) 10mg-L-16072024-Q=50.52mL-phút-2
3340,GGA20-Zn-10,304.5612,4086,295.75,8.81122,U117-H1-VS2-12.07.2024,U117-H1-VS2-GGA20-Zn(II) 10mg-L-16072024-Q=50.52mL-phút-2
3341,GGA20-Zn-10,304.2512,4559,295.6,8.65121,U117-H1-VS2-12.07.2024,U117-H1-VS2-GGA20-Zn(II) 10mg-L-16072024-Q=50.52mL-phút-2
3342,GGA20-Zn-10,303.9569,5033,295.6,8.35693,U117-H1-VS2-12.07.2024,U117-H1-VS2-GGA20-Zn(II) 10mg-L-16072024-Q=50.52mL-phút-2
3343,GGA20-Zn-10,303.9094,5506,295.77,8.13941,U117-H1-VS2-12.07.2024,U117-H1-VS2-GGA20-Zn(II) 10mg-L-16072024-Q=50.52mL-phút-2
3344,GGA20-Zn-10,303.6249,5981,295.16,8.4649,U117-H1-VS2-12.07.2024,U117-H1-VS2-GGA20-Zn(II) 10mg-L-16072024-Q=50.52mL-phút-2
3345,GGA20-Zn-10,303.4946,6453,295.16,8.3346,U117-H1-VS2-12.07.2024,U117-H1-VS2-GGA20-Zn(II) 10mg-L-16072024-Q=50.52mL-phút-2
3346,GGA20-Zn-10,303.454,6926,294.78,8.674,U117-H1-VS2-12.07.2024,U117-H1-VS2-GGA20-Zn(II) 10mg-L-16072024-Q=50.52mL-phút-2
3347,GGA20-Zn-10,302.9516,7401,294.49,8.46164,U117-H1-VS2-12.07.2024,U117-H1-VS2-GGA20-Zn(II) 10mg-L-16072024-Q=50.52mL-phút-2
3348,GGA20-Zn-10,302.4982,7875,294.72,7.7782,U117-H1-VS2-12.07.2024,U117-H1-VS2-GGA20-Zn(II) 10mg-L-16072024-Q=50.52mL-phút-2
3349,GGA20-Zn-10,300.8669,8352,293.01,7.85693,U117-H1-VS2-12.07.2024,U117-H1-VS2-GGA20-Zn(II) 10mg-L-16072024-Q=50.52mL-phút-2
3350,GGA20,300.4104,301,291.96,8.45042,U117-H1-VS2-12.07.2024,U117-H1-VS2-GGA20-Cr(VI) 5mg-L-16072024-Q=50.68mL-phút-1
3351,GGA20,300.8716,775,292.05,8.82165,U117-H1-VS2-12.07.2024,U117-H1-VS2-GGA20-Cr(VI) 5mg-L-16072024-Q=50.68mL-phút-1
3352,GGA20,300.1436,1248,291.84,8.3036,U117-H1-VS2-12.07.2024,U117-H1-VS2-GGA20-Cr(VI) 5mg-L-16072024-Q=50.68mL-phút-1
3353,GGA20,299.7702,1718,290.87,8.9002,U117-H1-VS2-12.07.2024,U117-H1-VS2-GGA20-Cr(VI) 5mg-L-16072024-Q=50.68mL-phút-1
3354,GGA20,300.0908,2193,291.84,8.25082,U117-H1-VS2-12.07.2024,U117-H1-VS2-GGA20-Cr(VI) 5mg-L-16072024-Q=50.68mL-phút-1
3355,GGA20,299.9404,2672,291.25,8.69041,U117-H1-VS2-12.07.2024,U117-H1-VS2-GGA20-Cr(VI) 5mg-L-16072024-Q=50.68mL-phút-1
3356,GGA20-Cr-5,299.0927,3152,291.63,7.46266,U117-H1-VS2-12.07.2024,U117-H1-VS2-GGA20-Cr(VI) 5mg-L-16072024-Q=50.68mL-phút-1
3357,GGA20-Cr-5,298.8004,3624,291.61,7.19042,U117-H1-VS2-12.07.2024,U117-H1-VS2-GGA20-Cr(VI) 5mg-L-16072024-Q=50.68mL-phút-1
3358,GGA20-Cr-5,297.86,4096,292.09,5.77,U117-H1-VS2-12.07.2024,U117-H1-VS2-GGA20-Cr(VI) 5mg-L-16072024-Q=50.68mL-phút-1
3359,GGA20-Cr-5,298.2016,4571,292.28,5.92163,U117-H1-VS2-12.07.2024,U117-H1-VS2-GGA20-Cr(VI) 5mg-L-16072024-Q=50.68mL-phút-1
3360,GGA20-Cr-5,298.0492,5050,292.42,5.62917,U117-H1-VS2-12.07.2024,U117-H1-VS2-GGA20-Cr(VI) 5mg-L-16072024-Q=50.68mL-phút-1
3361,GGA20-Cr-5,297.8402,5528,291.9,5.94022,U117-H1-VS2-12.07.2024,U117-H1-VS2-GGA20-Cr(VI) 5mg-L-16072024-Q=50.68mL-phút-1
3362,GGA20,297.2096,301,290.14,7.06958,U117-H1-VS2-12.07.2024,U117-H1-VS2-GGA20-Ni(II) 15mg-L-16072024-Q=50.6mL-phút-4
3363,GGA20,298.1353,780,291.0,7.1353,U117-H1-VS2-12.07.2024,U117-H1-VS2-GGA20-Ni(II) 15mg-L-16072024-Q=50.6mL-phút-4
3364,GGA20,298.17,1252,291.1,7.06999,U117-H1-VS2-12.07.2024,U117-H1-VS2-GGA20-Ni(II) 15mg-L-16072024-Q=50.6mL-phút-4
3365,GGA20,297.9718,1731,290.92,7.05183,U117-H1-VS2-12.07.2024,U117-H1-VS2-GGA20-Ni(II) 15mg-L-16072024-Q=50.6mL-phút-4
3366,GGA20,297.9312,2203,290.62,7.31122,U117-H1-VS2-12.07.2024,U117-H1-VS2-GGA20-Ni(II) 15mg-L-16072024-Q=50.6mL-phút-4
3367,GGA20,298.3551,2676,290.66,7.6951,U117-H1-VS2-12.07.2024,U117-H1-VS2-GGA20-Ni(II) 15mg-L-16072024-Q=50.6mL-phút-4
3368,GGA20-Ni-5,298.7751,3152,291.56,7.2151,U117-H1-VS2-12.07.2024,U117-H1-VS2-GGA20-Ni(II) 15mg-L-16072024-Q=50.6mL-phút-4
3369,GGA20-Ni-5,298.6918,3626,292.05,6.64185,U117-H1-VS2-12.07.2024,U117-H1-VS2-GGA20-Ni(II) 15mg-L-16072024-Q=50.6mL-phút-4
3370,GGA20-Ni-5,298.3602,4101,291.96,6.40021,U117-H1-VS2-12.07.2024,U117-H1-VS2-GGA20-Ni(II) 15mg-L-16072024-Q=50.6mL-phút-4
3371,GGA20-Ni-5,298.4547,4575,292.05,6.4047,U117-H1-VS2-12.07.2024,U117-H1-VS2-GGA20-Ni(II) 15mg-L-16072024-Q=50.6mL-phút-4
3372,GGA20-Ni-5,298.3576,5050,291.82,6.53754,U117-H1-VS2-12.07.2024,U117-H1-VS2-GGA20-Ni(II) 15mg-L-16072024-Q=50.6mL-phút-4
3373,GGA20-Ni-5,298.5014,5522,292.07,6.43139,U117-H1-VS2-12.07.2024,U117-H1-VS2-GGA20-Ni(II) 15mg-L-16072024-Q=50.6mL-phút-4
3374,GGA20-Ni-5,298.3988,5995,292.88,5.51877,U117-H1-VS2-12.07.2024,U117-H1-VS2-GGA20-Ni(II) 15mg-L-16072024-Q=50.6mL-phút-4
3375,GGA20-Ni-5,298.8182,6474,293.09,5.72816,U117-H1-VS2-12.07.2024,U117-H1-VS2-GGA20-Ni(II) 15mg-L-16072024-Q=50.6mL-phút-4
3376,GGA12.5,399.23,301,383.0,16.23001,U118-H3-VS2-12.07.2024,U118-H3-VS2-GGA12.5-Zn(II) 15mg-L-16072024-Q=50.68mL-phút-3
3377,GGA12.5,395.888,776,379.8,16.08801,U118-H3-VS2-12.07.2024,U118-H3-VS2-GGA12.5-Zn(II) 15mg-L-16072024-Q=50.68mL-phút-3
3378,GGA12.5,393.56,1248,377.2,16.35999,U118-H3-VS2-12.07.2024,U118-H3-VS2-GGA12.5-Zn(II) 15mg-L-16072024-Q=50.68mL-phút-3
3379,GGA12.5,391.816,1723,375.4,16.41599,U118-H3-VS2-12.07.2024,U118-H3-VS2-GGA12.5-Zn(II) 15mg-L-16072024-Q=50.68mL-phút-3
3380,GGA12.5,389.17,2196,372.7,16.46999,U118-H3-VS2-12.07.2024,U118-H3-VS2-GGA12.5-Zn(II) 15mg-L-16072024-Q=50.68mL-phút-3
3381,GGA12.5-Zn-15,387.496,2667,368.7,18.796,U118-H3-VS2-12.07.2024,U118-H3-VS2-GGA12.5-Zn(II) 15mg-L-16072024-Q=50.68mL-phút-3
3382,GGA12.5-Zn-15,385.312,3143,367.3,18.012,U118-H3-VS2-12.07.2024,U118-H3-VS2-GGA12.5-Zn(II) 15mg-L-16072024-Q=50.68mL-phút-3
3383,GGA12.5-Zn-15,385.146,3617,367.9,17.24599,U118-H3-VS2-12.07.2024,U118-H3-VS2-GGA12.5-Zn(II) 15mg-L-16072024-Q=50.68mL-phút-3
3384,GGA12.5-Zn-15,384.6878,4088,367.7,16.98775,U118-H3-VS2-12.07.2024,U118-H3-VS2-GGA12.5-Zn(II) 15mg-L-16072024-Q=50.68mL-phút-3
3385,GGA12.5-Zn-15,383.4,4563,366.1,17.29999,U118-H3-VS2-12.07.2024,U118-H3-VS2-GGA12.5-Zn(II) 15mg-L-16072024-Q=50.68mL-phút-3
3386,GGA12.5-Zn-15,381.1571,5037,364.3,16.85713,U118-H3-VS2-12.07.2024,U118-H3-VS2-GGA12.5-Zn(II) 15mg-L-16072024-Q=50.68mL-phút-3
3387,GGA12.5-Zn-15,380.412,5510,363.0,17.41199,U118-H3-VS2-12.07.2024,U118-H3-VS2-GGA12.5-Zn(II) 15mg-L-16072024-Q=50.68mL-phút-3
3388,GGA12.5-Zn-15,379.186,5983,361.8,17.38601,U118-H3-VS2-12.07.2024,U118-H3-VS2-GGA12.5-Zn(II) 15mg-L-16072024-Q=50.68mL-phút-3
3389,GGA12.5-Zn-15,377.026,6457,359.9,17.126,U118-H3-VS2-12.07.2024,U118-H3-VS2-GGA12.5-Zn(II) 15mg-L-16072024-Q=50.68mL-phút-3
3390,GGA12.5-Zn-15,374.088,6930,358.5,15.588,U118-H3-VS2-12.07.2024,U118-H3-VS2-GGA12.5-Zn(II) 15mg-L-16072024-Q=50.68mL-phút-3
3391,GGA12.5-Zn-15,372.136,7404,356.4,15.73599,U118-H3-VS2-12.07.2024,U118-H3-VS2-GGA12.5-Zn(II) 15mg-L-16072024-Q=50.68mL-phút-3
3392,GGA12.5-Zn-15,369.634,7876,355.9,13.73402,U118-H3-VS2-12.07.2024,U118-H3-VS2-GGA12.5-Zn(II) 15mg-L-16072024-Q=50.68mL-phút-3
3393,GGA12.5-Zn-15,367.978,8350,354.6,13.37799,U118-H3-VS2-12.07.2024,U118-H3-VS2-GGA12.5-Zn(II) 15mg-L-16072024-Q=50.68mL-phút-3
3394,GGA2.5,361.542,301,352.6,8.94199,U118-H3-VS2-12.07.2024,U118-H3-VS2-GGA2.5-Ni(II) 5mg-L-16072024-Q=50.64mL-phút-4
3395,GGA2.5,361.522,776,351.6,9.92201,U118-H3-VS2-12.07.2024,U118-H3-VS2-GGA2.5-Ni(II) 5mg-L-16072024-Q=50.64mL-phút-4
3396,GGA2.5,360.992,1247,351.6,9.39201,U118-H3-VS2-12.07.2024,U118-H3-VS2-GGA2.5-Ni(II) 5mg-L-16072024-Q=50.64mL-phút-4
3397,GGA2.5,359.3633,1721,350.3,9.06325,U118-H3-VS2-12.07.2024,U118-H3-VS2-GGA2.5-Ni(II) 5mg-L-16072024-Q=50.64mL-phút-4
3398,GGA2.5,357.9735,2193,350.8,7.17346,U118-H3-VS2-12.07.2024,U118-H3-VS2-GGA2.5-Ni(II) 5mg-L-16072024-Q=50.64mL-phút-4
3399,GGA2.5,358.44,2668,350.4,8.04,U118-H3-VS2-12.07.2024,U118-H3-VS2-GGA2.5-Ni(II) 5mg-L-16072024-Q=50.64mL-phút-4
3400,GGA2.5-Ni-5,360.186,3142,353.7,6.48599,U118-H3-VS2-12.07.2024,U118-H3-VS2-GGA2.5-Ni(II) 5mg-L-16072024-Q=50.64mL-phút-4
3401,GGA2.5-Ni-5,358.482,3614,354.2,4.28199,U118-H3-VS2-12.07.2024,U118-H3-VS2-GGA2.5-Ni(II) 5mg-L-16072024-Q=50.64mL-phút-4
3402,GGA2.5-Ni-5,358.186,4091,353.5,4.68599,U118-H3-VS2-12.07.2024,U118-H3-VS2-GGA2.5-Ni(II) 5mg-L-16072024-Q=50.64mL-phút-4
3403,GGA2.5-Ni-5,358.5327,4562,354.6,3.93264,U118-H3-VS2-12.07.2024,U118-H3-VS2-GGA2.5-Ni(II) 5mg-L-16072024-Q=50.64mL-phút-4
3404,GGA2.5-Ni-5,357.458,5032,354.7,2.758,U118-H3-VS2-12.07.2024,U118-H3-VS2-GGA2.5-Ni(II) 5mg-L-16072024-Q=50.64mL-phút-4
3405,GGA2.5-Ni-5,358.049,5508,354.4,3.64897,U118-H3-VS2-12.07.2024,U118-H3-VS2-GGA2.5-Ni(II) 5mg-L-16072024-Q=50.64mL-phút-4
3406,GGA5,357.4633,301,347.9,9.56326,U118-H3-VS2-12.07.2024,U118-H3-VS2-GGA5-Cr(VI) 15mg-L-16072024-Q=49.6mL-phút-2
3407,GGA5,356.8388,775,347.6,9.23876,U118-H3-VS2-12.07.2024,U118-H3-VS2-GGA5-Cr(VI) 15mg-L-16072024-Q=49.6mL-phút-2
3408,GGA5,357.4762,1248,347.6,9.87619,U118-H3-VS2-12.07.2024,U118-H3-VS2-GGA5-Cr(VI) 15mg-L-16072024-Q=49.6mL-phút-2
3409,GGA5,355.8275,1720,346.3,9.52744,U118-H3-VS2-12.07.2024,U118-H3-VS2-GGA5-Cr(VI) 15mg-L-16072024-Q=49.6mL-phút-2
3410,GGA5,355.8577,2194,346.6,9.25769,U118-H3-VS2-12.07.2024,U118-H3-VS2-GGA5-Cr(VI) 15mg-L-16072024-Q=49.6mL-phút-2
3411,GGA5,355.6647,2667,346.2,9.46471,U118-H3-VS2-12.07.2024,U118-H3-VS2-GGA5-Cr(VI) 15mg-L-16072024-Q=49.6mL-phút-2
3412,GGA5-Cr-15,357.2231,3141,346.7,10.52307,U118-H3-VS2-12.07.2024,U118-H3-VS2-GGA5-Cr(VI) 15mg-L-16072024-Q=49.6mL-phút-2
3413,GGA5-Cr-15,356.4235,3617,346.4,10.02353,U118-H3-VS2-12.07.2024,U118-H3-VS2-GGA5-Cr(VI) 15mg-L-16072024-Q=49.6mL-phút-2
3414,GGA5-Cr-15,355.7451,4088,346.7,9.04509,U118-H3-VS2-12.07.2024,U118-H3-VS2-GGA5-Cr(VI) 15mg-L-16072024-Q=49.6mL-phút-2
3415,GGA5-Cr-15,356.351,4562,347.7,8.65098,U118-H3-VS2-12.07.2024,U118-H3-VS2-GGA5-Cr(VI) 15mg-L-16072024-Q=49.6mL-phút-2
3416,GGA5-Cr-15,355.8286,5035,348.0,7.82858,U118-H3-VS2-12.07.2024,U118-H3-VS2-GGA5-Cr(VI) 15mg-L-16072024-Q=49.6mL-phút-2
3417,GGA5-Cr-15,355.912,5508,348.7,7.21201,U118-H3-VS2-12.07.2024,U118-H3-VS2-GGA5-Cr(VI) 15mg-L-16072024-Q=49.6mL-phút-2
3418,GGA5-Cr-15,356.8971,5980,349.2,7.69713,U118-H3-VS2-12.07.2024,U118-H3-VS2-GGA5-Cr(VI) 15mg-L-16072024-Q=49.6mL-phút-2
3419,GGA5-Cr-15,357.32,6453,350.7,6.62001,U118-H3-VS2-12.07.2024,U118-H3-VS2-GGA5-Cr(VI) 15mg-L-16072024-Q=49.6mL-phút-2
3420,GGA5-Cr-15,357.9057,6927,352.1,5.8057,U118-H3-VS2-12.07.2024,U118-H3-VS2-GGA5-Cr(VI) 15mg-L-16072024-Q=49.6mL-phút-2
3421,GGA12.5,304.7998,301,296.39,8.40979,U119-H1-VS2-15.07.2024,U119-H1-VS2-GGA12.5-Zn(II) 5mg-L-17072024-Q=50.58mL-phút-4
3422,GGA12.5,304.1616,777,295.68,8.48164,U119-H1-VS2-15.07.2024,U119-H1-VS2-GGA12.5-Zn(II) 5mg-L-17072024-Q=50.58mL-phút-4
3423,GGA12.5,304.4771,1252,295.93,8.54715,U119-H1-VS2-15.07.2024,U119-H1-VS2-GGA12.5-Zn(II) 5mg-L-17072024-Q=50.58mL-phút-4
3424,GGA12.5,304.3488,1720,294.93,9.41879,U119-H1-VS2-15.07.2024,U119-H1-VS2-GGA12.5-Zn(II) 5mg-L-17072024-Q=50.58mL-phút-4
3425,GGA12.5,304.2145,2194,295.22,8.99449,U119-H1-VS2-15.07.2024,U119-H1-VS2-GGA12.5-Zn(II) 5mg-L-17072024-Q=50.58mL-phút-4
3426,GGA12.5-Zn-5,303.1026,2670,295.35,7.75259,U119-H1-VS2-15.07.2024,U119-H1-VS2-GGA12.5-Zn(II) 5mg-L-17072024-Q=50.58mL-phút-4
3427,GGA12.5-Zn-5,303.3492,3140,294.89,8.45919,U119-H1-VS2-15.07.2024,U119-H1-VS2-GGA12.5-Zn(II) 5mg-L-17072024-Q=50.58mL-phút-4
3428,GGA12.5-Zn-5,303.1253,3615,295.58,7.54532,U119-H1-VS2-15.07.2024,U119-H1-VS2-GGA12.5-Zn(II) 5mg-L-17072024-Q=50.58mL-phút-4
3429,GGA12.5-Zn-5,303.0884,4089,295.7,7.38839,U119-H1-VS2-15.07.2024,U119-H1-VS2-GGA12.5-Zn(II) 5mg-L-17072024-Q=50.58mL-phút-4
3430,GGA12.5-Zn-5,302.7508,4564,295.41,7.34082,U119-H1-VS2-15.07.2024,U119-H1-VS2-GGA12.5-Zn(II) 5mg-L-17072024-Q=50.58mL-phút-4
3431,GGA12.5-Zn-5,299.6844,5043,292.4,7.28443,U119-H1-VS2-15.07.2024,U119-H1-VS2-GGA12.5-Zn(II) 5mg-L-17072024-Q=50.58mL-phút-4
3432,GGA20,301.1923,301,292.28,8.91227,U119-H1-VS2-15.07.2024,U119-H1-VS2-GGA20-Ni(II) 5mg-L-17072024-Q=50.58mL-phút-2
3433,GGA20,300.7847,774,292.15,8.63466,U119-H1-VS2-15.07.2024,U119-H1-VS2-GGA20-Ni(II) 5mg-L-17072024-Q=50.58mL-phút-2
3434,GGA20,300.6621,1248,292.15,8.51206,U119-H1-VS2-15.07.2024,U119-H1-VS2-GGA20-Ni(II) 5mg-L-17072024-Q=50.58mL-phút-2
3435,GGA20,300.9134,1721,292.0,8.91341,U119-H1-VS2-15.07.2024,U119-H1-VS2-GGA20-Ni(II) 5mg-L-17072024-Q=50.58mL-phút-2
3436,GGA20,300.9393,2195,291.86,9.07933,U119-H1-VS2-15.07.2024,U119-H1-VS2-GGA20-Ni(II) 5mg-L-17072024-Q=50.58mL-phút-2
3437,GGA20,300.8732,2666,291.71,9.1632,U119-H1-VS2-15.07.2024,U119-H1-VS2-GGA20-Ni(II) 5mg-L-17072024-Q=50.58mL-phút-2
3438,GGA20-Ni-5,300.223,3141,290.96,9.26297,U119-H1-VS2-15.07.2024,U119-H1-VS2-GGA20-Ni(II) 5mg-L-17072024-Q=50.58mL-phút-2
3439,GGA20-Ni-5,300.2761,3615,290.96,9.31615,U119-H1-VS2-15.07.2024,U119-H1-VS2-GGA20-Ni(II) 5mg-L-17072024-Q=50.58mL-phút-2
3440,GGA20-Ni-5,300.4689,4088,291.19,9.27886,U119-H1-VS2-15.07.2024,U119-H1-VS2-GGA20-Ni(II) 5mg-L-17072024-Q=50.58mL-phút-2
3441,GGA20-Ni-5,300.5716,4566,292.67,7.90158,U119-H1-VS2-15.07.2024,U119-H1-VS2-GGA20-Ni(II) 5mg-L-17072024-Q=50.58mL-phút-2
3442,GGA20-Ni-5,300.885,5036,292.74,8.14501,U119-H1-VS2-15.07.2024,U119-H1-VS2-GGA20-Ni(II) 5mg-L-17072024-Q=50.58mL-phút-2
3443,GGA20-Ni-5,301.7259,5512,294.74,6.98592,U119-H1-VS2-15.07.2024,U119-H1-VS2-GGA20-Ni(II) 5mg-L-17072024-Q=50.58mL-phút-2
3444,GGA20-Ni-5,302.3445,5984,294.51,7.83453,U119-H1-VS2-15.07.2024,U119-H1-VS2-GGA20-Ni(II) 5mg-L-17072024-Q=50.58mL-phút-2
3445,GGA20-Ni-5,301.884,6463,295.08,6.80396,U119-H1-VS2-15.07.2024,U119-H1-VS2-GGA20-Ni(II) 5mg-L-17072024-Q=50.58mL-phút-2
3446,GGA20-Ni-5,302.6175,6933,295.16,7.4575,U119-H1-VS2-15.07.2024,U119-H1-VS2-GGA20-Ni(II) 5mg-L-17072024-Q=50.58mL-phút-2
3447,GGA20,303.5054,301,294.22,9.28535,U119-H1-VS2-15.07.2024,U119-H1-VS2-GGA20-Cr(VI) 10mg-L-17072024-Q=50.04mL-phút-4
3448,GGA20,303.595,777,294.83,8.76501,U119-H1-VS2-15.07.2024,U119-H1-VS2-GGA20-Cr(VI) 10mg-L-17072024-Q=50.04mL-phút-4
3449,GGA20,303.6788,1250,295.29,8.38883,U119-H1-VS2-15.07.2024,U119-H1-VS2-GGA20-Cr(VI) 10mg-L-17072024-Q=50.04mL-phút-4
3450,GGA20,303.6498,1726,294.76,8.88976,U119-H1-VS2-15.07.2024,U119-H1-VS2-GGA20-Cr(VI) 10mg-L-17072024-Q=50.04mL-phút-4
3451,GGA20,303.7214,2205,294.62,9.10136,U119-H1-VS2-15.07.2024,U119-H1-VS2-GGA20-Cr(VI) 10mg-L-17072024-Q=50.04mL-phút-4
3452,GGA20,303.8277,2681,293.99,9.83774,U119-H1-VS2-15.07.2024,U119-H1-VS2-GGA20-Cr(VI) 10mg-L-17072024-Q=50.04mL-phút-4
3453,GGA20-Cr-10,303.7414,3154,293.8,9.94137,U119-H1-VS2-15.07.2024,U119-H1-VS2-GGA20-Cr(VI) 10mg-L-17072024-Q=50.04mL-phút-4
3454,GGA20-Cr-10,302.4489,3626,293.17,9.27886,U119-H1-VS2-15.07.2024,U119-H1-VS2-GGA20-Cr(VI) 10mg-L-17072024-Q=50.04mL-phút-4
3455,GGA20-Cr-10,302.1723,4099,292.8,9.37228,U119-H1-VS2-15.07.2024,U119-H1-VS2-GGA20-Cr(VI) 10mg-L-17072024-Q=50.04mL-phút-4
3456,GGA20-Cr-10,302.8809,4575,295.2,7.68087,U119-H1-VS2-15.07.2024,U119-H1-VS2-GGA20-Cr(VI) 10mg-L-17072024-Q=50.04mL-phút-4
3457,GGA20-Cr-10,303.2074,5046,295.77,7.43736,U119-H1-VS2-15.07.2024,U119-H1-VS2-GGA20-Cr(VI) 10mg-L-17072024-Q=50.04mL-phút-4
3458,GGA20-Cr-10,303.3091,5518,297.04,6.26908,U119-H1-VS2-15.07.2024,U119-H1-VS2-GGA20-Cr(VI) 10mg-L-17072024-Q=50.04mL-phút-4
3459,GGA20-Cr-10,303.5049,5991,297.06,6.44485,U119-H1-VS2-15.07.2024,U119-H1-VS2-GGA20-Cr(VI) 10mg-L-17072024-Q=50.04mL-phút-4
3460,GGA20-Cr-10,303.3724,6466,297.96,5.41243,U119-H1-VS2-15.07.2024,U119-H1-VS2-GGA20-Cr(VI) 10mg-L-17072024-Q=50.04mL-phút-4
3461,GGA20-Cr-10,303.1329,6938,297.73,5.40293,U119-H1-VS2-15.07.2024,U119-H1-VS2-GGA20-Cr(VI) 10mg-L-17072024-Q=50.04mL-phút-4
3462,GGA20-Cr-10,303.3664,7414,297.48,5.88635,U119-H1-VS2-15.07.2024,U119-H1-VS2-GGA20-Cr(VI) 10mg-L-17072024-Q=50.04mL-phút-4
3463,GGA17.5,340.6372,301,314.6,26.03722,U120-H3-VS2-15.07.2024,U120-H3-VS2-GGA17.5-Ni(II) 5mg-L-17072024-Q=49.9mL-phút-1
3464,GGA17.5,340.5909,775,313.6,26.99091,U120-H3-VS2-15.07.2024,U120-H3-VS2-GGA17.5-Ni(II) 5mg-L-17072024-Q=49.9mL-phút-1
3465,GGA17.5,339.3796,1249,312.1,27.27956,U120-H3-VS2-15.07.2024,U120-H3-VS2-GGA17.5-Ni(II) 5mg-L-17072024-Q=49.9mL-phút-1
3466,GGA17.5,339.6932,1721,312.9,26.79317,U120-H3-VS2-15.07.2024,U120-H3-VS2-GGA17.5-Ni(II) 5mg-L-17072024-Q=49.9mL-phút-1
3467,GGA17.5,339.3182,2194,313.2,26.11818,U120-H3-VS2-15.07.2024,U120-H3-VS2-GGA17.5-Ni(II) 5mg-L-17072024-Q=49.9mL-phút-1
3468,GGA17.5,339.7136,2667,311.5,28.21363,U120-H3-VS2-15.07.2024,U120-H3-VS2-GGA17.5-Ni(II) 5mg-L-17072024-Q=49.9mL-phút-1
3469,GGA17.5-Ni-5,339.9047,3141,313.1,26.80464,U120-H3-VS2-15.07.2024,U120-H3-VS2-GGA17.5-Ni(II) 5mg-L-17072024-Q=49.9mL-phút-1
3470,GGA17.5-Ni-5,339.7364,3615,314.4,25.33637,U120-H3-VS2-15.07.2024,U120-H3-VS2-GGA17.5-Ni(II) 5mg-L-17072024-Q=49.9mL-phút-1
3471,GGA17.5-Ni-5,339.2682,4087,312.4,26.86817,U120-H3-VS2-15.07.2024,U120-H3-VS2-GGA17.5-Ni(II) 5mg-L-17072024-Q=49.9mL-phút-1
3472,GGA17.5-Ni-5,338.7116,4561,313.1,25.61162,U120-H3-VS2-15.07.2024,U120-H3-VS2-GGA17.5-Ni(II) 5mg-L-17072024-Q=49.9mL-phút-1
3473,GGA17.5-Ni-5,337.3512,5035,310.6,26.75115,U120-H3-VS2-15.07.2024,U120-H3-VS2-GGA17.5-Ni(II) 5mg-L-17072024-Q=49.9mL-phút-1
3474,GGA17.5-Ni-5,336.4909,5508,311.1,25.3909,U120-H3-VS2-15.07.2024,U120-H3-VS2-GGA17.5-Ni(II) 5mg-L-17072024-Q=49.9mL-phút-1
3475,GGA17.5-Ni-5,336.1455,5982,311.5,24.64545,U120-H3-VS2-15.07.2024,U120-H3-VS2-GGA17.5-Ni(II) 5mg-L-17072024-Q=49.9mL-phút-1
3476,GGA17.5-Ni-5,335.3233,6455,309.5,25.82324,U120-H3-VS2-15.07.2024,U120-H3-VS2-GGA17.5-Ni(II) 5mg-L-17072024-Q=49.9mL-phút-1
3477,GGA5,344.3024,301,328.6,15.70239,U120-H3-VS2-15.07.2024,U120-H3-VS2-GGA5-Cr(VI) 15mg-L-17072024-Q=50.52mL-phút-2
3478,GGA5,344.5791,773,328.6,15.97908,U120-H3-VS2-15.07.2024,U120-H3-VS2-GGA5-Cr(VI) 15mg-L-17072024-Q=50.52mL-phút-2
3479,GGA5,343.7721,1248,327.2,16.57209,U120-H3-VS2-15.07.2024,U120-H3-VS2-GGA5-Cr(VI) 15mg-L-17072024-Q=50.52mL-phút-2
3480,GGA5,343.814,1721,327.8,16.01395,U120-H3-VS2-15.07.2024,U120-H3-VS2-GGA5-Cr(VI) 15mg-L-17072024-Q=50.52mL-phút-2
3481,GGA5,342.8023,2193,326.7,16.10233,U120-H3-VS2-15.07.2024,U120-H3-VS2-GGA5-Cr(VI) 15mg-L-17072024-Q=50.52mL-phút-2
3482,GGA5,342.9833,2667,327.0,15.98335,U120-H3-VS2-15.07.2024,U120-H3-VS2-GGA5-Cr(VI) 15mg-L-17072024-Q=50.52mL-phút-2
3483,GGA5-Cr-15,341.2768,3140,324.7,16.57675,U120-H3-VS2-15.07.2024,U120-H3-VS2-GGA5-Cr(VI) 15mg-L-17072024-Q=50.52mL-phút-2
3484,GGA5-Cr-15,344.5294,3613,328.9,15.6294,U120-H3-VS2-15.07.2024,U120-H3-VS2-GGA5-Cr(VI) 15mg-L-17072024-Q=50.52mL-phút-2
3485,GGA5-Cr-15,344.8588,4087,329.9,14.95883,U120-H3-VS2-15.07.2024,U120-H3-VS2-GGA5-Cr(VI) 15mg-L-17072024-Q=50.52mL-phút-2
3486,GGA5-Cr-15,344.1735,4561,329.8,14.37352,U120-H3-VS2-15.07.2024,U120-H3-VS2-GGA5-Cr(VI) 15mg-L-17072024-Q=50.52mL-phút-2
3487,GGA5-Cr-15,343.8735,5035,328.9,14.97352,U120-H3-VS2-15.07.2024,U120-H3-VS2-GGA5-Cr(VI) 15mg-L-17072024-Q=50.52mL-phút-2
3488,GGA5-Cr-15,343.4441,5509,329.6,13.84411,U120-H3-VS2-15.07.2024,U120-H3-VS2-GGA5-Cr(VI) 15mg-L-17072024-Q=50.52mL-phút-2
3489,GGA5-Cr-15,344.4941,5979,331.5,12.99413,U120-H3-VS2-15.07.2024,U120-H3-VS2-GGA5-Cr(VI) 15mg-L-17072024-Q=50.52mL-phút-2
3490,GGA5-Cr-15,343.0382,6458,329.9,13.13824,U120-H3-VS2-15.07.2024,U120-H3-VS2-GGA5-Cr(VI) 15mg-L-17072024-Q=50.52mL-phút-2
3491,GGA12.5,305.7597,301,294.35,11.4097,U121-H1-VS2-16.07.2024,U121-H1-VS2-GGA12.5-Zn(II) 5mg-L-18072024-Q=49.8mL-phút-3
3492,GGA12.5,305.6235,774,294.26,11.36352,U121-H1-VS2-16.07.2024,U121-H1-VS2-GGA12.5-Zn(II) 5mg-L-18072024-Q=49.8mL-phút-3
3493,GGA12.5,305.6782,1247,293.84,11.83824,U121-H1-VS2-16.07.2024,U121-H1-VS2-GGA12.5-Zn(II) 5mg-L-18072024-Q=49.8mL-phút-3
3494,GGA12.5,305.56,1719,293.7,11.85999,U121-H1-VS2-16.07.2024,U121-H1-VS2-GGA12.5-Zn(II) 5mg-L-18072024-Q=49.8mL-phút-3
3495,GGA12.5,305.6562,2193,293.61,12.04619,U121-H1-VS2-16.07.2024,U121-H1-VS2-GGA12.5-Zn(II) 5mg-L-18072024-Q=49.8mL-phút-3
3496,GGA12.5,305.3955,2666,293.66,11.73546,U121-H1-VS2-16.07.2024,U121-H1-VS2-GGA12.5-Zn(II) 5mg-L-18072024-Q=49.8mL-phút-3
3497,GGA12.5-Zn-15,305.5012,3140,292.9,12.60119,U121-H1-VS2-16.07.2024,U121-H1-VS2-GGA12.5-Zn(II) 5mg-L-18072024-Q=49.8mL-phút-3
3498,GGA12.5-Zn-15,304.8879,3615,292.51,12.37787,U121-H1-VS2-16.07.2024,U121-H1-VS2-GGA12.5-Zn(II) 5mg-L-18072024-Q=49.8mL-phút-3
3499,GGA12.5-Zn-15,304.8465,4088,292.59,12.25647,U121-H1-VS2-16.07.2024,U121-H1-VS2-GGA12.5-Zn(II) 5mg-L-18072024-Q=49.8mL-phút-3
3500,GGA12.5-Zn-15,304.1758,4565,293.22,10.95576,U121-H1-VS2-16.07.2024,U121-H1-VS2-GGA12.5-Zn(II) 5mg-L-18072024-Q=49.8mL-phút-3
3501,GGA12.5-Zn-15,304.3003,5037,294.49,9.8103,U121-H1-VS2-16.07.2024,U121-H1-VS2-GGA12.5-Zn(II) 5mg-L-18072024-Q=49.8mL-phút-3
3502,GGA12.5-Zn-15,304.2106,5512,293.17,11.0406,U121-H1-VS2-16.07.2024,U121-H1-VS2-GGA12.5-Zn(II) 5mg-L-18072024-Q=49.8mL-phút-3
3503,GGA12.5-Zn-15,302.7679,5986,294.81,7.95794,U121-H1-VS2-16.07.2024,U121-H1-VS2-GGA12.5-Zn(II) 5mg-L-18072024-Q=49.8mL-phút-3
3504,GGA12.5-Zn-15,302.1765,6459,293.68,8.49648,U121-H1-VS2-16.07.2024,U121-H1-VS2-GGA12.5-Zn(II) 5mg-L-18072024-Q=49.8mL-phút-3
3505,GGA12.5-Zn-15,302.5506,6932,294.6,7.95058,U121-H1-VS2-16.07.2024,U121-H1-VS2-GGA12.5-Zn(II) 5mg-L-18072024-Q=49.8mL-phút-3
3506,GGA12.5-Zn-15,302.3912,7409,294.74,7.65119,U121-H1-VS2-16.07.2024,U121-H1-VS2-GGA12.5-Zn(II) 5mg-L-18072024-Q=49.8mL-phút-3
3507,GGA12.5-Zn-15,302.0291,7880,294.72,7.30912,U121-H1-VS2-16.07.2024,U121-H1-VS2-GGA12.5-Zn(II) 5mg-L-18072024-Q=49.8mL-phút-3
3508,GGA12.5-Zn-15,302.3388,8355,295.33,7.0088,U121-H1-VS2-16.07.2024,U121-H1-VS2-GGA12.5-Zn(II) 5mg-L-18072024-Q=49.8mL-phút-3
3509,GGA12.5-Zn-15,302.1603,8831,295.41,6.75029,U121-H1-VS2-16.07.2024,U121-H1-VS2-GGA12.5-Zn(II) 5mg-L-18072024-Q=49.8mL-phút-3
3510,GGA12.5-Zn-15,301.9932,9304,295.24,6.75325,U121-H1-VS2-16.07.2024,U121-H1-VS2-GGA12.5-Zn(II) 5mg-L-18072024-Q=49.8mL-phút-3
3511,GGA20,300.8709,301,291.79,9.0809,U121-H1-VS2-16.07.2024,U121-H1-VS2-GGA20-Ni(II) 15mg-L-18072024-Q=50.28mL-phút-5
3512,GGA20,300.9079,777,291.71,9.19795,U121-H1-VS2-16.07.2024,U121-H1-VS2-GGA20-Ni(II) 15mg-L-18072024-Q=50.28mL-phút-5
3513,GGA20,300.9288,1250,291.44,9.48882,U121-H1-VS2-16.07.2024,U121-H1-VS2-GGA20-Ni(II) 15mg-L-18072024-Q=50.28mL-phút-5
3514,GGA20,300.7238,1723,291.58,9.14383,U121-H1-VS2-16.07.2024,U121-H1-VS2-GGA20-Ni(II) 15mg-L-18072024-Q=50.28mL-phút-5
3515,GGA20,300.5421,2198,291.02,9.52207,U121-H1-VS2-16.07.2024,U121-H1-VS2-GGA20-Ni(II) 15mg-L-18072024-Q=50.28mL-phút-5
3516,GGA20,300.3709,2667,291.0,9.37091,U121-H1-VS2-16.07.2024,U121-H1-VS2-GGA20-Ni(II) 15mg-L-18072024-Q=50.28mL-phút-5
3517,GGA20-Ni-15,300.385,3139,290.41,9.975,U121-H1-VS2-16.07.2024,U121-H1-VS2-GGA20-Ni(II) 15mg-L-18072024-Q=50.28mL-phút-5
3518,GGA20-Ni-15,299.5406,3618,290.48,9.06058,U121-H1-VS2-16.07.2024,U121-H1-VS2-GGA20-Ni(II) 15mg-L-18072024-Q=50.28mL-phút-5
3519,GGA20-Ni-15,299.3824,4092,290.64,8.74234,U121-H1-VS2-16.07.2024,U121-H1-VS2-GGA20-Ni(II) 15mg-L-18072024-Q=50.28mL-phút-5
3520,GGA20-Ni-15,299.5,4565,290.43,9.07001,U121-H1-VS2-16.07.2024,U121-H1-VS2-GGA20-Ni(II) 15mg-L-18072024-Q=50.28mL-phút-5
3521,GGA20-Ni-15,299.8621,5039,291.1,8.76205,U121-H1-VS2-16.07.2024,U121-H1-VS2-GGA20-Ni(II) 15mg-L-18072024-Q=50.28mL-phút-5
3522,GGA20-Ni-15,300.0315,5512,291.67,8.3615,U121-H1-VS2-16.07.2024,U121-H1-VS2-GGA20-Ni(II) 15mg-L-18072024-Q=50.28mL-phút-5
3523,GGA20-Ni-15,300.1074,5985,292.63,7.47735,U121-H1-VS2-16.07.2024,U121-H1-VS2-GGA20-Ni(II) 15mg-L-18072024-Q=50.28mL-phút-5
3524,GGA20-Ni-15,300.0415,6459,292.8,7.24148,U121-H1-VS2-16.07.2024,U121-H1-VS2-GGA20-Ni(II) 15mg-L-18072024-Q=50.28mL-phút-5
3525,GGA20-Ni-15,299.9918,6933,293.26,6.73175,U121-H1-VS2-16.07.2024,U121-H1-VS2-GGA20-Ni(II) 15mg-L-18072024-Q=50.28mL-phút-5
3526,GGA20-Ni-15,299.4309,7404,292.88,6.55088,U121-H1-VS2-16.07.2024,U121-H1-VS2-GGA20-Ni(II) 15mg-L-18072024-Q=50.28mL-phút-5
3527,GGA17.5,345.6794,302,319.2,26.4794,U122-H3-VS2-16.07.2024,U122-H3-VS2-GGA17.5-Zn(II) 15mg-L-18072024-Q=50.84mL-phút-1
3528,GGA17.5,344.3588,781,317.6,26.75881,U122-H3-VS2-16.07.2024,U122-H3-VS2-GGA17.5-Zn(II) 15mg-L-18072024-Q=50.84mL-phút-1
3529,GGA17.5,343.8029,1254,317.5,26.30294,U122-H3-VS2-16.07.2024,U122-H3-VS2-GGA17.5-Zn(II) 15mg-L-18072024-Q=50.84mL-phút-1
3530,GGA17.5,344.0441,1728,316.9,27.14411,U122-H3-VS2-16.07.2024,U122-H3-VS2-GGA17.5-Zn(II) 15mg-L-18072024-Q=50.84mL-phút-1
3531,GGA17.5,344.1588,2200,317.3,26.85883,U122-H3-VS2-16.07.2024,U122-H3-VS2-GGA17.5-Zn(II) 15mg-L-18072024-Q=50.84mL-phút-1
3532,GGA17.5,343.18,2675,316.1,27.08,U122-H3-VS2-16.07.2024,U122-H3-VS2-GGA17.5-Zn(II) 15mg-L-18072024-Q=50.84mL-phút-1
3533,GGA17.5,341.8559,3149,315.2,26.65589,U122-H3-VS2-16.07.2024,U122-H3-VS2-GGA17.5-Zn(II) 15mg-L-18072024-Q=50.84mL-phút-1
3534,GGA17.5-Zn-15,341.3706,3623,317.4,23.97058,U122-H3-VS2-16.07.2024,U122-H3-VS2-GGA17.5-Zn(II) 15mg-L-18072024-Q=50.84mL-phút-1
3535,GGA17.5-Zn-15,341.4353,4096,313.2,28.2353,U122-H3-VS2-16.07.2024,U122-H3-VS2-GGA17.5-Zn(II) 15mg-L-18072024-Q=50.84mL-phút-1
3536,GGA17.5-Zn-15,342.0206,4569,314.7,27.32058,U122-H3-VS2-16.07.2024,U122-H3-VS2-GGA17.5-Zn(II) 15mg-L-18072024-Q=50.84mL-phút-1
3537,GGA17.5-Zn-15,338.3441,5042,312.1,26.24413,U122-H3-VS2-16.07.2024,U122-H3-VS2-GGA17.5-Zn(II) 15mg-L-18072024-Q=50.84mL-phút-1
3538,GGA17.5-Zn-15,339.5647,5516,314.4,25.16472,U122-H3-VS2-16.07.2024,U122-H3-VS2-GGA17.5-Zn(II) 15mg-L-18072024-Q=50.84mL-phút-1
3539,GGA17.5-Zn-15,339.8618,5989,315.5,24.36178,U122-H3-VS2-16.07.2024,U122-H3-VS2-GGA17.5-Zn(II) 15mg-L-18072024-Q=50.84mL-phút-1
3540,GGA17.5-Zn-15,341.6125,6461,320.4,21.2125,U122-H3-VS2-16.07.2024,U122-H3-VS2-GGA17.5-Zn(II) 15mg-L-18072024-Q=50.84mL-phút-1
3541,GGA17.5-Zn-15,340.7857,6935,319.6,21.18572,U122-H3-VS2-16.07.2024,U122-H3-VS2-GGA17.5-Zn(II) 15mg-L-18072024-Q=50.84mL-phút-1
3542,GGA5,338.5931,301,319.6,18.99311,U122-H3-VS2-16.07.2024,U122-H3-VS2-GGA5-Cr(VI) 15mg-L-18072024-Q=51.22mL-phút-3
3543,GGA5,338.8643,780,320.8,18.06428,U122-H3-VS2-16.07.2024,U122-H3-VS2-GGA5-Cr(VI) 15mg-L-18072024-Q=51.22mL-phút-3
3544,GGA5,337.9104,1254,319.2,18.71034,U122-H3-VS2-16.07.2024,U122-H3-VS2-GGA5-Cr(VI) 15mg-L-18072024-Q=51.22mL-phút-3
3545,GGA5,337.0679,1730,317.9,19.16786,U122-H3-VS2-16.07.2024,U122-H3-VS2-GGA5-Cr(VI) 15mg-L-18072024-Q=51.22mL-phút-3
3546,GGA5,335.1172,2207,316.5,18.61723,U122-H3-VS2-16.07.2024,U122-H3-VS2-GGA5-Cr(VI) 15mg-L-18072024-Q=51.22mL-phút-3
3547,GGA5-Cr-15,337.5464,2682,316.2,21.34644,U122-H3-VS2-16.07.2024,U122-H3-VS2-GGA5-Cr(VI) 15mg-L-18072024-Q=51.22mL-phút-3
3548,GGA5-Cr-15,336.5621,3154,318.4,18.16207,U122-H3-VS2-16.07.2024,U122-H3-VS2-GGA5-Cr(VI) 15mg-L-18072024-Q=51.22mL-phút-3
3549,GGA5-Cr-15,335.6483,3627,318.0,17.64828,U122-H3-VS2-16.07.2024,U122-H3-VS2-GGA5-Cr(VI) 15mg-L-18072024-Q=51.22mL-phút-3
3550,GGA5-Cr-15,337.6104,4103,318.8,18.81035,U122-H3-VS2-16.07.2024,U122-H3-VS2-GGA5-Cr(VI) 15mg-L-18072024-Q=51.22mL-phút-3
3551,GGA5-Cr-15,335.9571,4576,317.9,18.05714,U122-H3-VS2-16.07.2024,U122-H3-VS2-GGA5-Cr(VI) 15mg-L-18072024-Q=51.22mL-phút-3
3552,GGA5-Cr-15,335.4035,5050,316.9,18.50344,U122-H3-VS2-16.07.2024,U122-H3-VS2-GGA5-Cr(VI) 15mg-L-18072024-Q=51.22mL-phút-3
3553,GGA5-Cr-15,335.431,5523,318.5,16.93103,U122-H3-VS2-16.07.2024,U122-H3-VS2-GGA5-Cr(VI) 15mg-L-18072024-Q=51.22mL-phút-3
3554,GGA5-Cr-15,335.3286,5995,319.8,15.52858,U122-H3-VS2-16.07.2024,U122-H3-VS2-GGA5-Cr(VI) 15mg-L-18072024-Q=51.22mL-phút-3
3555,GGA5-Cr-15,332.2818,6472,319.6,12.68183,U122-H3-VS2-16.07.2024,U122-H3-VS2-GGA5-Cr(VI) 15mg-L-18072024-Q=51.22mL-phút-3
3556,GGA5-Cr-15,336.3527,6940,323.3,13.05272,U122-H3-VS2-16.07.2024,U122-H3-VS2-GGA5-Cr(VI) 15mg-L-18072024-Q=51.22mL-phút-3
3557,GGA5-Cr-15,333.7621,7418,321.2,12.56207,U122-H3-VS2-16.07.2024,U122-H3-VS2-GGA5-Cr(VI) 15mg-L-18072024-Q=51.22mL-phút-3
3558,GGA12.5,304.1233,301,297.57,6.55325,U123-H1-VS2-17.07.2024,U123-H1-VS2-GGA12.5-Zn(II) 10mg-L-1972024-Q=50.14mL-phút-3
3559,GGA12.5,304.1733,771,298.01,6.16326,U123-H1-VS2-17.07.2024,U123-H1-VS2-GGA12.5-Zn(II) 10mg-L-1972024-Q=50.14mL-phút-3
3560,GGA12.5,303.851,1247,297.11,6.74103,U123-H1-VS2-17.07.2024,U123-H1-VS2-GGA12.5-Zn(II) 10mg-L-1972024-Q=50.14mL-phút-3
3561,GGA12.5,303.68,1720,297.4,6.28001,U123-H1-VS2-17.07.2024,U123-H1-VS2-GGA12.5-Zn(II) 10mg-L-1972024-Q=50.14mL-phút-3
3562,GGA12.5,303.3394,2196,296.88,6.4594,U123-H1-VS2-17.07.2024,U123-H1-VS2-GGA12.5-Zn(II) 10mg-L-1972024-Q=50.14mL-phút-3
3563,GGA12.5,303.3051,2665,297.38,5.9251,U123-H1-VS2-17.07.2024,U123-H1-VS2-GGA12.5-Zn(II) 10mg-L-1972024-Q=50.14mL-phút-3
3564,GGA12.5-Zn-10,303.2614,3138,297.23,6.03142,U123-H1-VS2-17.07.2024,U123-H1-VS2-GGA12.5-Zn(II) 10mg-L-1972024-Q=50.14mL-phút-3
3565,GGA12.5-Zn-10,303.1437,3613,296.39,6.75366,U123-H1-VS2-17.07.2024,U123-H1-VS2-GGA12.5-Zn(II) 10mg-L-1972024-Q=50.14mL-phút-3
3566,GGA12.5-Zn-10,303.0706,4088,296.81,6.26061,U123-H1-VS2-17.07.2024,U123-H1-VS2-GGA12.5-Zn(II) 10mg-L-1972024-Q=50.14mL-phút-3
3567,GGA12.5-Zn-10,302.6753,4567,296.83,5.84532,U123-H1-VS2-17.07.2024,U123-H1-VS2-GGA12.5-Zn(II) 10mg-L-1972024-Q=50.14mL-phút-3
3568,GGA12.5-Zn-10,302.3372,5034,296.42,5.91719,U123-H1-VS2-17.07.2024,U123-H1-VS2-GGA12.5-Zn(II) 10mg-L-1972024-Q=50.14mL-phút-3
3569,GGA12.5-Zn-10,301.941,5508,296.19,5.75102,U123-H1-VS2-17.07.2024,U123-H1-VS2-GGA12.5-Zn(II) 10mg-L-1972024-Q=50.14mL-phút-3
3570,GGA12.5-Zn-10,301.9012,5981,295.56,6.34123,U123-H1-VS2-17.07.2024,U123-H1-VS2-GGA12.5-Zn(II) 10mg-L-1972024-Q=50.14mL-phút-3
3571,GGA12.5-Zn-10,301.9494,6455,295.64,6.30939,U123-H1-VS2-17.07.2024,U123-H1-VS2-GGA12.5-Zn(II) 10mg-L-1972024-Q=50.14mL-phút-3
3572,GGA12.5-Zn-10,301.7553,6931,296.16,5.59531,U123-H1-VS2-17.07.2024,U123-H1-VS2-GGA12.5-Zn(II) 10mg-L-1972024-Q=50.14mL-phút-3
3573,GGA12.5-Zn-10,301.5086,7403,295.83,5.67858,U123-H1-VS2-17.07.2024,U123-H1-VS2-GGA12.5-Zn(II) 10mg-L-1972024-Q=50.14mL-phút-3
3574,GGA20,302.4205,301,295.47,6.9505,U123-H1-VS2-17.07.2024,U123-H1-VS2-GGA20-Cr(VI) 5mg-L-19072024-Q=50.72mL-phút-2
3575,GGA20,302.428,775,295.16,7.26797,U123-H1-VS2-17.07.2024,U123-H1-VS2-GGA20-Cr(VI) 5mg-L-19072024-Q=50.72mL-phút-2
3576,GGA20,301.6337,1251,295.08,6.55374,U123-H1-VS2-17.07.2024,U123-H1-VS2-GGA20-Cr(VI) 5mg-L-19072024-Q=50.72mL-phút-2
3577,GGA20,301.7353,1725,294.93,6.80526,U123-H1-VS2-17.07.2024,U123-H1-VS2-GGA20-Cr(VI) 5mg-L-19072024-Q=50.72mL-phút-2
3578,GGA20,301.7492,2195,294.18,7.56924,U123-H1-VS2-17.07.2024,U123-H1-VS2-GGA20-Cr(VI) 5mg-L-19072024-Q=50.72mL-phút-2
3579,GGA20,301.5048,2670,294.24,7.26482,U123-H1-VS2-17.07.2024,U123-H1-VS2-GGA20-Cr(VI) 5mg-L-19072024-Q=50.72mL-phút-2
3580,GGA20-Cr-5,299.2027,3149,293.36,5.8427,U123-H1-VS2-17.07.2024,U123-H1-VS2-GGA20-Cr(VI) 5mg-L-19072024-Q=50.72mL-phút-2
3581,GGA20-Cr-5,300.8467,3619,294.39,6.45672,U123-H1-VS2-17.07.2024,U123-H1-VS2-GGA20-Cr(VI) 5mg-L-19072024-Q=50.72mL-phút-2
3582,GGA20-Cr-5,300.8198,4090,294.58,6.23982,U123-H1-VS2-17.07.2024,U123-H1-VS2-GGA20-Cr(VI) 5mg-L-19072024-Q=50.72mL-phút-2
3583,GGA20-Cr-5,300.5858,4566,294.68,5.90578,U123-H1-VS2-17.07.2024,U123-H1-VS2-GGA20-Cr(VI) 5mg-L-19072024-Q=50.72mL-phút-2
3584,GGA20-Cr-5,300.7365,5038,294.83,5.90655,U123-H1-VS2-17.07.2024,U123-H1-VS2-GGA20-Cr(VI) 5mg-L-19072024-Q=50.72mL-phút-2
3585,GGA20-Cr-5,300.3712,5511,294.89,5.48115,U123-H1-VS2-17.07.2024,U123-H1-VS2-GGA20-Cr(VI) 5mg-L-19072024-Q=50.72mL-phút-2
3586,GGA20-Cr-5,300.7431,5985,295.16,5.58308,U123-H1-VS2-17.07.2024,U123-H1-VS2-GGA20-Cr(VI) 5mg-L-19072024-Q=50.72mL-phút-2
3587,GGA20,328.0125,301,298.0,30.01249,U124-H3-VS2-17.07.2024,U124-H3-VS2-GGA20-Zn(II) 10mg-L-19072024-Q=49.94mL-phút-3
3588,GGA20,327.8341,775,297.3,30.53413,U124-H3-VS2-17.07.2024,U124-H3-VS2-GGA20-Zn(II) 10mg-L-19072024-Q=49.94mL-phút-3
3589,GGA20,327.439,1247,295.8,31.63902,U124-H3-VS2-17.07.2024,U124-H3-VS2-GGA20-Zn(II) 10mg-L-19072024-Q=49.94mL-phút-3
3590,GGA20,328.197,1721,295.1,33.09697,U124-H3-VS2-17.07.2024,U124-H3-VS2-GGA20-Zn(II) 10mg-L-19072024-Q=49.94mL-phút-3
3591,GGA20,326.0531,2194,295.8,30.25313,U124-H3-VS2-17.07.2024,U124-H3-VS2-GGA20-Zn(II) 10mg-L-19072024-Q=49.94mL-phút-3
3592,GGA20,326.0758,2668,295.6,30.47576,U124-H3-VS2-17.07.2024,U124-H3-VS2-GGA20-Zn(II) 10mg-L-19072024-Q=49.94mL-phút-3
3593,GGA20-Zn-10,327.7758,3140,298.3,29.47576,U124-H3-VS2-17.07.2024,U124-H3-VS2-GGA20-Zn(II) 10mg-L-19072024-Q=49.94mL-phút-3
3594,GGA20-Zn-10,327.6576,3613,296.7,30.95757,U124-H3-VS2-17.07.2024,U124-H3-VS2-GGA20-Zn(II) 10mg-L-19072024-Q=49.94mL-phút-3
3595,GGA20-Zn-10,326.2909,4087,295.9,30.39092,U124-H3-VS2-17.07.2024,U124-H3-VS2-GGA20-Zn(II) 10mg-L-19072024-Q=49.94mL-phút-3
3596,GGA20-Zn-10,325.4063,4559,293.9,31.50625,U124-H3-VS2-17.07.2024,U124-H3-VS2-GGA20-Zn(II) 10mg-L-19072024-Q=49.94mL-phút-3
3597,GGA20-Zn-10,327.9849,5033,294.5,33.48486,U124-H3-VS2-17.07.2024,U124-H3-VS2-GGA20-Zn(II) 10mg-L-19072024-Q=49.94mL-phút-3
3598,GGA20-Zn-10,327.4469,5507,296.4,31.04686,U124-H3-VS2-17.07.2024,U124-H3-VS2-GGA20-Zn(II) 10mg-L-19072024-Q=49.94mL-phút-3
3599,GGA20-Zn-10,327.6758,5979,298.7,28.97576,U124-H3-VS2-17.07.2024,U124-H3-VS2-GGA20-Zn(II) 10mg-L-19072024-Q=49.94mL-phút-3
3600,GGA20-Zn-10,326.9091,6454,297.7,29.2091,U124-H3-VS2-17.07.2024,U124-H3-VS2-GGA20-Zn(II) 10mg-L-19072024-Q=49.94mL-phút-3
3601,GGA20-Zn-10,327.4063,6924,303.2,24.20624,U124-H3-VS2-17.07.2024,U124-H3-VS2-GGA20-Zn(II) 10mg-L-19072024-Q=49.94mL-phút-3
3602,GGA20-Zn-10,328.6455,7398,300.9,27.74544,U124-H3-VS2-17.07.2024,U124-H3-VS2-GGA20-Zn(II) 10mg-L-19072024-Q=49.94mL-phút-3
3603,GGA20-Zn-10,326.5844,7873,301.3,25.28438,U124-H3-VS2-17.07.2024,U124-H3-VS2-GGA20-Zn(II) 10mg-L-19072024-Q=49.94mL-phút-3
3604,GGA5,338.0909,301,316.7,21.3909,U124-H3-VS2-17.07.2024,U124-H3-VS2-GGA5-Ni(II) 10mg-L-19072024-Q=50.84mL-phút-5
3605,GGA5,337.9594,773,317.6,20.35937,U124-H3-VS2-17.07.2024,U124-H3-VS2-GGA5-Ni(II) 10mg-L-19072024-Q=50.84mL-phút-5
3606,GGA5,336.9576,1246,318.3,18.65757,U124-H3-VS2-17.07.2024,U124-H3-VS2-GGA5-Ni(II) 10mg-L-19072024-Q=50.84mL-phút-5
3607,GGA5,336.6697,1720,318.4,18.2697,U124-H3-VS2-17.07.2024,U124-H3-VS2-GGA5-Ni(II) 10mg-L-19072024-Q=50.84mL-phút-5
3608,GGA5,336.0188,2199,318.6,17.41875,U124-H3-VS2-17.07.2024,U124-H3-VS2-GGA5-Ni(II) 10mg-L-19072024-Q=50.84mL-phút-5
3609,GGA5-Ni-10,335.3424,2672,318.6,16.74242,U124-H3-VS2-17.07.2024,U124-H3-VS2-GGA5-Ni(II) 10mg-L-19072024-Q=50.84mL-phút-5
3610,GGA5-Ni-10,334.6394,3145,318.0,16.6394,U124-H3-VS2-17.07.2024,U124-H3-VS2-GGA5-Ni(II) 10mg-L-19072024-Q=50.84mL-phút-5
3611,GGA5-Ni-10,334.6531,3620,317.8,16.85313,U124-H3-VS2-17.07.2024,U124-H3-VS2-GGA5-Ni(II) 10mg-L-19072024-Q=50.84mL-phút-5
3612,GGA5-Ni-10,332.897,4094,316.5,16.39696,U124-H3-VS2-17.07.2024,U124-H3-VS2-GGA5-Ni(II) 10mg-L-19072024-Q=50.84mL-phút-5
3613,GGA5-Ni-10,333.2849,4565,314.5,18.78485,U124-H3-VS2-17.07.2024,U124-H3-VS2-GGA5-Ni(II) 10mg-L-19072024-Q=50.84mL-phút-5
3614,GGA5-Ni-10,332.2546,5039,314.6,17.65456,U124-H3-VS2-17.07.2024,U124-H3-VS2-GGA5-Ni(II) 10mg-L-19072024-Q=50.84mL-phút-5
3615,GGA5-Ni-10,331.2576,5514,312.9,18.35757,U124-H3-VS2-17.07.2024,U124-H3-VS2-GGA5-Ni(II) 10mg-L-19072024-Q=50.84mL-phút-5
3616,GGA5-Ni-10,331.0939,5986,312.5,18.59394,U124-H3-VS2-17.07.2024,U124-H3-VS2-GGA5-Ni(II) 10mg-L-19072024-Q=50.84mL-phút-5
3617,GGA5-Ni-10,330.4515,6460,313.8,16.65151,U124-H3-VS2-17.07.2024,U124-H3-VS2-GGA5-Ni(II) 10mg-L-19072024-Q=50.84mL-phút-5
3618,GGA5-Ni-10,330.4795,6939,313.5,16.9795,U124-H3-VS2-17.07.2024,U124-H3-VS2-GGA5-Ni(II) 10mg-L-19072024-Q=50.84mL-phút-5
3619,GGA5,342.4837,301,315.8,26.68367,U126-H3-VS2-18.07.2024,U126-H3-VS2-GGA5-Cr(VI) 15mg-L-22072024-Q=49.96mL-phút-4
3620,GGA5,341.8122,773,315.3,26.51225,U126-H3-VS2-18.07.2024,U126-H3-VS2-GGA5-Cr(VI) 15mg-L-22072024-Q=49.96mL-phút-4
3621,GGA5,341.0347,1248,316.2,24.8347,U126-H3-VS2-18.07.2024,U126-H3-VS2-GGA5-Cr(VI) 15mg-L-22072024-Q=49.96mL-phút-4
3622,GGA5,339.3857,1721,314.9,24.4857,U126-H3-VS2-18.07.2024,U126-H3-VS2-GGA5-Cr(VI) 15mg-L-22072024-Q=49.96mL-phút-4
3623,GGA5,338.6184,2194,313.5,25.11838,U126-H3-VS2-18.07.2024,U126-H3-VS2-GGA5-Cr(VI) 15mg-L-22072024-Q=49.96mL-phút-4
3624,GGA5,338.244,2667,311.9,26.34401,U126-H3-VS2-18.07.2024,U126-H3-VS2-GGA5-Cr(VI) 15mg-L-22072024-Q=49.96mL-phút-4
3625,GGA5-Cr-15,340.1306,3141,313.5,26.63062,U126-H3-VS2-18.07.2024,U126-H3-VS2-GGA5-Cr(VI) 15mg-L-22072024-Q=49.96mL-phút-4
3626,GGA5-Cr-15,339.268,3615,315.4,23.868,U126-H3-VS2-18.07.2024,U126-H3-VS2-GGA5-Cr(VI) 15mg-L-22072024-Q=49.96mL-phút-4
3627,GGA5-Cr-15,339.7469,4088,315.1,24.64693,U126-H3-VS2-18.07.2024,U126-H3-VS2-GGA5-Cr(VI) 15mg-L-22072024-Q=49.96mL-phút-4
3628,GGA5-Cr-15,339.1224,4561,316.9,22.22243,U126-H3-VS2-18.07.2024,U126-H3-VS2-GGA5-Cr(VI) 15mg-L-22072024-Q=49.96mL-phút-4
3629,GGA5-Cr-15,338.7204,5034,317.6,21.1204,U126-H3-VS2-18.07.2024,U126-H3-VS2-GGA5-Cr(VI) 15mg-L-22072024-Q=49.96mL-phút-4
3630,GGA5-Cr-15,338.5572,5508,318.3,20.25714,U126-H3-VS2-18.07.2024,U126-H3-VS2-GGA5-Cr(VI) 15mg-L-22072024-Q=49.96mL-phút-4
3631,GGA5-Cr-15,338.0143,5982,319.4,18.61428,U126-H3-VS2-18.07.2024,U126-H3-VS2-GGA5-Cr(VI) 15mg-L-22072024-Q=49.96mL-phút-4
3632,GGA5-Cr-15,337.458,6455,319.3,18.158,U126-H3-VS2-18.07.2024,U126-H3-VS2-GGA5-Cr(VI) 15mg-L-22072024-Q=49.96mL-phút-4
3633,GGA5-Cr-15,337.152,6929,319.3,17.852,U126-H3-VS2-18.07.2024,U126-H3-VS2-GGA5-Cr(VI) 15mg-L-22072024-Q=49.96mL-phút-4
3634,GGA20,283.0527,301,272.72,10.3327,U127-H1-VS2-19.07.2024,U127-H1-VS2-GGA20-Cr(VI) 15mg-L-23072024-Q=50.04mL-phút-4
3635,GGA20,282.9837,780,272.62,10.3637,U127-H1-VS2-19.07.2024,U127-H1-VS2-GGA20-Cr(VI) 15mg-L-23072024-Q=50.04mL-phút-4
3636,GGA20,280.9438,1261,270.88,10.06378,U127-H1-VS2-19.07.2024,U127-H1-VS2-GGA20-Cr(VI) 15mg-L-23072024-Q=50.04mL-phút-4
3637,GGA20,280.0213,1733,269.84,10.1813,U127-H1-VS2-19.07.2024,U127-H1-VS2-GGA20-Cr(VI) 15mg-L-23072024-Q=50.04mL-phút-4
3638,GGA20,279.5278,2209,269.29,10.23782,U127-H1-VS2-19.07.2024,U127-H1-VS2-GGA20-Cr(VI) 15mg-L-23072024-Q=50.04mL-phút-4
3639,GGA20-Cr-15,279.4052,2682,269.73,9.67521,U127-H1-VS2-19.07.2024,U127-H1-VS2-GGA20-Cr(VI) 15mg-L-23072024-Q=50.04mL-phút-4
3640,GGA20-Cr-15,280.3033,3154,270.17,10.13326,U127-H1-VS2-19.07.2024,U127-H1-VS2-GGA20-Cr(VI) 15mg-L-23072024-Q=50.04mL-phút-4
3641,GGA20-Cr-15,279.1026,3629,269.12,9.9826,U127-H1-VS2-19.07.2024,U127-H1-VS2-GGA20-Cr(VI) 15mg-L-23072024-Q=50.04mL-phút-4
3642,GGA20-Cr-15,280.0786,4102,270.67,9.40856,U127-H1-VS2-19.07.2024,U127-H1-VS2-GGA20-Cr(VI) 15mg-L-23072024-Q=50.04mL-phút-4
3643,GGA20-Cr-15,280.5458,4576,270.84,9.7058,U127-H1-VS2-19.07.2024,U127-H1-VS2-GGA20-Cr(VI) 15mg-L-23072024-Q=50.04mL-phút-4
3644,GGA20-Cr-15,280.5767,5050,270.94,9.63674,U127-H1-VS2-19.07.2024,U127-H1-VS2-GGA20-Cr(VI) 15mg-L-23072024-Q=50.04mL-phút-4
3645,GGA20-Cr-15,280.8157,5522,272.28,8.53571,U127-H1-VS2-19.07.2024,U127-H1-VS2-GGA20-Cr(VI) 15mg-L-23072024-Q=50.04mL-phút-4
3646,GGA20-Cr-15,279.8871,5998,272.85,7.03713,U127-H1-VS2-19.07.2024,U127-H1-VS2-GGA20-Cr(VI) 15mg-L-23072024-Q=50.04mL-phút-4
3647,GGA20-Cr-15,280.3372,6466,273.6,6.73719,U127-H1-VS2-19.07.2024,U127-H1-VS2-GGA20-Cr(VI) 15mg-L-23072024-Q=50.04mL-phút-4
3648,GGA20-Cr-15,281.6092,6942,273.93,7.6792,U127-H1-VS2-19.07.2024,U127-H1-VS2-GGA20-Cr(VI) 15mg-L-23072024-Q=50.04mL-phút-4
3649,GGA12.5,342.144,301,316.7,25.44399,U128-H3-VS2-19.07.2024,U128-H3-VS2-GGA12.5-Zn(II) 10mg-L-23072024-Q=20.04mL-phút-4
3650,GGA12.5,338.218,776,310.4,27.81799,U128-H3-VS2-19.07.2024,U128-H3-VS2-GGA12.5-Zn(II) 10mg-L-23072024-Q=20.04mL-phút-4
3651,GGA12.5,335.6571,1249,308.5,27.15715,U128-H3-VS2-19.07.2024,U128-H3-VS2-GGA12.5-Zn(II) 10mg-L-23072024-Q=20.04mL-phút-4
3652,GGA12.5,324.649,1728,297.0,27.64899,U128-H3-VS2-19.07.2024,U128-H3-VS2-GGA12.5-Zn(II) 10mg-L-23072024-Q=20.04mL-phút-4
3653,GGA12.5,325.9306,2200,299.3,26.63062,U128-H3-VS2-19.07.2024,U128-H3-VS2-GGA12.5-Zn(II) 10mg-L-23072024-Q=20.04mL-phút-4
3654,GGA12.5,322.884,2672,297.1,25.784,U128-H3-VS2-19.07.2024,U128-H3-VS2-GGA12.5-Zn(II) 10mg-L-23072024-Q=20.04mL-phút-4
3655,GGA12.5-Zn-10,319.5796,3145,294.7,24.87959,U128-H3-VS2-19.07.2024,U128-H3-VS2-GGA12.5-Zn(II) 10mg-L-23072024-Q=20.04mL-phút-4
3656,GGA12.5-Zn-10,321.7061,3618,293.6,28.10613,U128-H3-VS2-19.07.2024,U128-H3-VS2-GGA12.5-Zn(II) 10mg-L-23072024-Q=20.04mL-phút-4
3657,GGA12.5-Zn-10,320.494,4090,293.7,26.79399,U128-H3-VS2-19.07.2024,U128-H3-VS2-GGA12.5-Zn(II) 10mg-L-23072024-Q=20.04mL-phút-4
3658,GGA12.5-Zn-10,320.3082,4564,292.7,27.60817,U128-H3-VS2-19.07.2024,U128-H3-VS2-GGA12.5-Zn(II) 10mg-L-23072024-Q=20.04mL-phút-4
3659,GGA12.5-Zn-10,319.4429,5036,292.2,27.24286,U128-H3-VS2-19.07.2024,U128-H3-VS2-GGA12.5-Zn(II) 10mg-L-23072024-Q=20.04mL-phút-4
3660,GGA12.5-Zn-10,317.9367,5510,291.3,26.63674,U128-H3-VS2-19.07.2024,U128-H3-VS2-GGA12.5-Zn(II) 10mg-L-23072024-Q=20.04mL-phút-4
3661,GGA12.5-Zn-10,318.1939,5983,292.9,25.29388,U128-H3-VS2-19.07.2024,U128-H3-VS2-GGA12.5-Zn(II) 10mg-L-23072024-Q=20.04mL-phút-4
3662,GGA12.5-Zn-10,318.938,6456,293.5,25.43799,U128-H3-VS2-19.07.2024,U128-H3-VS2-GGA12.5-Zn(II) 10mg-L-23072024-Q=20.04mL-phút-4
3663,GGA12.5-Zn-10,318.6245,6929,295.0,23.6245,U128-H3-VS2-19.07.2024,U128-H3-VS2-GGA12.5-Zn(II) 10mg-L-23072024-Q=20.04mL-phút-4
3664,GGA12.5-Zn-10,318.3878,7402,295.6,22.78775,U128-H3-VS2-19.07.2024,U128-H3-VS2-GGA12.5-Zn(II) 10mg-L-23072024-Q=20.04mL-phút-4
3665,GGA12.5-Zn-10,317.1878,7877,293.8,23.38776,U128-H3-VS2-19.07.2024,U128-H3-VS2-GGA12.5-Zn(II) 10mg-L-23072024-Q=20.04mL-phút-4
3666,GGA12.5-Zn-10,315.168,8349,294.4,20.76799,U128-H3-VS2-19.07.2024,U128-H3-VS2-GGA12.5-Zn(II) 10mg-L-23072024-Q=20.04mL-phút-4
3667,GGA12.5-Zn-10,315.7347,8821,295.5,20.23469,U128-H3-VS2-19.07.2024,U128-H3-VS2-GGA12.5-Zn(II) 10mg-L-23072024-Q=20.04mL-phút-4
3668,GGA17.5,283.6909,301,276.03,7.66085,U129-H1-VS2-22.07.2024,U129-H1-VS2-GGA17.5-Ni(II) 10mg-L-24072024-Q=50.48mL-phút-4
3669,GGA17.5,282.9975,776,275.27,7.72746,U129-H1-VS2-22.07.2024,U129-H1-VS2-GGA17.5-Ni(II) 10mg-L-24072024-Q=50.48mL-phút-4
3670,GGA17.5,282.5035,1249,275.0,7.50354,U129-H1-VS2-22.07.2024,U129-H1-VS2-GGA17.5-Ni(II) 10mg-L-24072024-Q=50.48mL-phút-4
3671,GGA17.5,282.0985,1728,274.88,7.21851,U129-H1-VS2-22.07.2024,U129-H1-VS2-GGA17.5-Ni(II) 10mg-L-24072024-Q=50.48mL-phút-4
3672,GGA17.5,281.025,2203,273.89,7.13499,U129-H1-VS2-22.07.2024,U129-H1-VS2-GGA17.5-Ni(II) 10mg-L-24072024-Q=50.48mL-phút-4
3673,GGA17.5,280.7762,2679,273.68,7.09618,U129-H1-VS2-22.07.2024,U129-H1-VS2-GGA17.5-Ni(II) 10mg-L-24072024-Q=50.48mL-phút-4
3674,GGA17.5-Ni-10,280.4698,3149,273.56,6.90979,U129-H1-VS2-22.07.2024,U129-H1-VS2-GGA17.5-Ni(II) 10mg-L-24072024-Q=50.48mL-phút-4
3675,GGA17.5-Ni-10,280.3517,3620,273.7,6.65169,U129-H1-VS2-22.07.2024,U129-H1-VS2-GGA17.5-Ni(II) 10mg-L-24072024-Q=50.48mL-phút-4
3676,GGA17.5-Ni-10,279.51,4098,270.48,9.02999,U129-H1-VS2-22.07.2024,U129-H1-VS2-GGA17.5-Ni(II) 10mg-L-24072024-Q=50.48mL-phút-4
3677,GGA17.5-Ni-10,278.8834,4571,271.09,7.79341,U129-H1-VS2-22.07.2024,U129-H1-VS2-GGA17.5-Ni(II) 10mg-L-24072024-Q=50.48mL-phút-4
3678,GGA17.5-Ni-10,279.0021,5042,271.7,7.30207,U129-H1-VS2-22.07.2024,U129-H1-VS2-GGA17.5-Ni(II) 10mg-L-24072024-Q=50.48mL-phút-4
3679,GGA17.5-Ni-10,278.5128,5518,271.32,7.19275,U129-H1-VS2-22.07.2024,U129-H1-VS2-GGA17.5-Ni(II) 10mg-L-24072024-Q=50.48mL-phút-4
3680,GGA17.5-Ni-10,278.8504,5991,271.34,7.51043,U129-H1-VS2-22.07.2024,U129-H1-VS2-GGA17.5-Ni(II) 10mg-L-24072024-Q=50.48mL-phút-4
3681,GGA17.5-Ni-10,281.6675,6460,273.54,8.12744,U129-H1-VS2-22.07.2024,U129-H1-VS2-GGA17.5-Ni(II) 10mg-L-24072024-Q=50.48mL-phút-4
3682,GGA17.5-Ni-10,281.8429,6932,274.62,7.22292,U129-H1-VS2-22.07.2024,U129-H1-VS2-GGA17.5-Ni(II) 10mg-L-24072024-Q=50.48mL-phút-4
3683,GGA17.5-Ni-10,281.2104,7406,275.19,6.02043,U129-H1-VS2-22.07.2024,U129-H1-VS2-GGA17.5-Ni(II) 10mg-L-24072024-Q=50.48mL-phút-4
3684,GGA17.5-Ni-10,280.9672,7880,274.96,6.00725,U129-H1-VS2-22.07.2024,U129-H1-VS2-GGA17.5-Ni(II) 10mg-L-24072024-Q=50.48mL-phút-4
3685,GGA17.5,282.0172,301,275.82,6.19722,U129-H1-VS2-22.07.2024,U129-H1-VS2-GGA17.5-Cr(VI) 15mg-L-24072024-Q=50.1mL-phút-3
3686,GGA17.5,281.2683,780,274.58,6.68834,U129-H1-VS2-22.07.2024,U129-H1-VS2-GGA17.5-Cr(VI) 15mg-L-24072024-Q=50.1mL-phút-3
3687,GGA17.5,280.9189,1253,274.85,6.06893,U129-H1-VS2-22.07.2024,U129-H1-VS2-GGA17.5-Cr(VI) 15mg-L-24072024-Q=50.1mL-phút-3
3688,GGA17.5,280.3132,1732,274.0,6.31319,U129-H1-VS2-22.07.2024,U129-H1-VS2-GGA17.5-Cr(VI) 15mg-L-24072024-Q=50.1mL-phút-3
3689,GGA17.5,280.1696,2206,274.19,5.97958,U129-H1-VS2-22.07.2024,U129-H1-VS2-GGA17.5-Cr(VI) 15mg-L-24072024-Q=50.1mL-phút-3
3690,GGA17.5,280.164,2676,273.66,6.50404,U129-H1-VS2-22.07.2024,U129-H1-VS2-GGA17.5-Cr(VI) 15mg-L-24072024-Q=50.1mL-phút-3
3691,GGA17.5-Cr-15,279.7463,3148,273.1,6.64624,U129-H1-VS2-22.07.2024,U129-H1-VS2-GGA17.5-Cr(VI) 15mg-L-24072024-Q=50.1mL-phút-3
3692,GGA17.5-Cr-15,279.2009,3623,273.5,5.70085,U129-H1-VS2-22.07.2024,U129-H1-VS2-GGA17.5-Cr(VI) 15mg-L-24072024-Q=50.1mL-phút-3
3693,GGA17.5-Cr-15,279.0343,4097,272.83,6.20427,U129-H1-VS2-22.07.2024,U129-H1-VS2-GGA17.5-Cr(VI) 15mg-L-24072024-Q=50.1mL-phút-3
3694,GGA17.5-Cr-15,278.8504,4571,273.06,5.79041,U129-H1-VS2-22.07.2024,U129-H1-VS2-GGA17.5-Cr(VI) 15mg-L-24072024-Q=50.1mL-phút-3
3695,GGA17.5-Cr-15,278.8546,5044,272.6,6.25458,U129-H1-VS2-22.07.2024,U129-H1-VS2-GGA17.5-Cr(VI) 15mg-L-24072024-Q=50.1mL-phút-3
3696,GGA17.5-Cr-15,280.2319,5515,274.0,6.23191,U129-H1-VS2-22.07.2024,U129-H1-VS2-GGA17.5-Cr(VI) 15mg-L-24072024-Q=50.1mL-phút-3
3697,GGA17.5-Cr-15,280.2669,5992,274.58,5.68689,U129-H1-VS2-22.07.2024,U129-H1-VS2-GGA17.5-Cr(VI) 15mg-L-24072024-Q=50.1mL-phút-3
3698,GGA17.5-Cr-15,280.8702,6464,275.65,5.22022,U129-H1-VS2-22.07.2024,U129-H1-VS2-GGA17.5-Cr(VI) 15mg-L-24072024-Q=50.1mL-phút-3
3699,GGA17.5-Cr-15,281.1767,6936,276.17,5.00665,U129-H1-VS2-22.07.2024,U129-H1-VS2-GGA17.5-Cr(VI) 15mg-L-24072024-Q=50.1mL-phút-3
3700,GGA17.5-Cr-15,281.7953,7407,277.53,4.26532,U129-H1-VS2-22.07.2024,U129-H1-VS2-GGA17.5-Cr(VI) 15mg-L-24072024-Q=50.1mL-phút-3
3701,GGA17.5-Cr-15,281.5031,7883,277.53,3.97312,U129-H1-VS2-22.07.2024,U129-H1-VS2-GGA17.5-Cr(VI) 15mg-L-24072024-Q=50.1mL-phút-3
3702,GGA17.5-Cr-15,281.6879,8356,278.03,3.65787,U129-H1-VS2-22.07.2024,U129-H1-VS2-GGA17.5-Cr(VI) 15mg-L-24072024-Q=50.1mL-phút-3
3703,GGA17.5-Cr-15,280.7481,8831,277.59,3.15812,U129-H1-VS2-22.07.2024,U129-H1-VS2-GGA17.5-Cr(VI) 15mg-L-24072024-Q=50.1mL-phút-3
3704,GGA17.5,279.6293,301,275.96,3.66935,U129-H1-VS2-22.07.2024,U129-H1-VS2-GGA17.5-Zn(II) 15mg-L-24072024-Q=49.96mL-phút-3
3705,GGA17.5,279.4192,776,276.07,3.34918,U129-H1-VS2-22.07.2024,U129-H1-VS2-GGA17.5-Zn(II) 15mg-L-24072024-Q=49.96mL-phút-3
3706,GGA17.5,279.5395,1252,275.67,3.86951,U129-H1-VS2-22.07.2024,U129-H1-VS2-GGA17.5-Zn(II) 15mg-L-24072024-Q=49.96mL-phút-3
3707,GGA17.5,279.4503,1724,275.48,3.97031,U129-H1-VS2-22.07.2024,U129-H1-VS2-GGA17.5-Zn(II) 15mg-L-24072024-Q=49.96mL-phút-3
3708,GGA17.5,279.4561,2196,275.61,3.84614,U129-H1-VS2-22.07.2024,U129-H1-VS2-GGA17.5-Zn(II) 15mg-L-24072024-Q=49.96mL-phút-3
3709,GGA17.5,279.1794,2668,275.19,3.98936,U129-H1-VS2-22.07.2024,U129-H1-VS2-GGA17.5-Zn(II) 15mg-L-24072024-Q=49.96mL-phút-3
3710,GGA17.5-Zn-15,281.0528,3141,276.34,4.71279,U129-H1-VS2-22.07.2024,U129-H1-VS2-GGA17.5-Zn(II) 15mg-L-24072024-Q=49.96mL-phút-3
3711,GGA17.5-Zn-15,280.382,3616,276.15,4.23198,U129-H1-VS2-22.07.2024,U129-H1-VS2-GGA17.5-Zn(II) 15mg-L-24072024-Q=49.96mL-phút-3
3712,GGA17.5-Zn-15,280.7257,4086,276.78,3.94565,U129-H1-VS2-22.07.2024,U129-H1-VS2-GGA17.5-Zn(II) 15mg-L-24072024-Q=49.96mL-phút-3
3713,GGA17.5-Zn-15,280.2028,4561,276.4,3.8028,U129-H1-VS2-22.07.2024,U129-H1-VS2-GGA17.5-Zn(II) 15mg-L-24072024-Q=49.96mL-phút-3
3714,GGA17.5-Zn-15,280.1367,5034,276.88,3.25667,U129-H1-VS2-22.07.2024,U129-H1-VS2-GGA17.5-Zn(II) 15mg-L-24072024-Q=49.96mL-phút-3
3715,GGA17.5-Zn-15,279.8972,5507,277.13,2.76724,U129-H1-VS2-22.07.2024,U129-H1-VS2-GGA17.5-Zn(II) 15mg-L-24072024-Q=49.96mL-phút-3
3716,GGA17.5-Zn-15,280.431,5979,277.62,2.81103,U129-H1-VS2-22.07.2024,U129-H1-VS2-GGA17.5-Zn(II) 15mg-L-24072024-Q=49.96mL-phút-3
3717,GGA17.5-Zn-15,280.0988,6454,277.32,2.7788,U129-H1-VS2-22.07.2024,U129-H1-VS2-GGA17.5-Zn(II) 15mg-L-24072024-Q=49.96mL-phút-3
3718,GGA20,282.8216,301,270.67,12.15162,U130-H1-VS2-13.07.2024,U130-H1-VS2-GGA20-Ni(II) 10mg-L-25072024-Q=49.92mL-phút-2
3719,GGA20,282.938,773,271.51,11.42795,U130-H1-VS2-13.07.2024,U130-H1-VS2-GGA20-Ni(II) 10mg-L-25072024-Q=49.92mL-phút-2
3720,GGA20,282.7512,1246,270.67,12.08122,U130-H1-VS2-13.07.2024,U130-H1-VS2-GGA20-Ni(II) 10mg-L-25072024-Q=49.92mL-phút-2
3721,GGA20,282.4902,1720,270.42,12.07019,U130-H1-VS2-13.07.2024,U130-H1-VS2-GGA20-Ni(II) 10mg-L-25072024-Q=49.92mL-phút-2
3722,GGA20,282.1878,2193,269.31,12.87775,U130-H1-VS2-13.07.2024,U130-H1-VS2-GGA20-Ni(II) 10mg-L-25072024-Q=49.92mL-phút-2
3723,GGA20,282.1525,2667,270.48,11.67244,U130-H1-VS2-13.07.2024,U130-H1-VS2-GGA20-Ni(II) 10mg-L-25072024-Q=49.92mL-phút-2
3724,GGA20-Ni-10,282.5837,3139,269.61,12.97368,U130-H1-VS2-13.07.2024,U130-H1-VS2-GGA20-Ni(II) 10mg-L-25072024-Q=49.92mL-phút-2
3725,GGA20-Ni-10,282.4369,3611,270.25,12.18694,U130-H1-VS2-13.07.2024,U130-H1-VS2-GGA20-Ni(II) 10mg-L-25072024-Q=49.92mL-phút-2
3726,GGA20-Ni-10,282.2231,4088,269.86,12.36307,U130-H1-VS2-13.07.2024,U130-H1-VS2-GGA20-Ni(II) 10mg-L-25072024-Q=49.92mL-phút-2
3727,GGA20-Ni-10,281.8814,4558,269.67,12.21142,U130-H1-VS2-13.07.2024,U130-H1-VS2-GGA20-Ni(II) 10mg-L-25072024-Q=49.92mL-phút-2
3728,GGA20-Ni-10,281.6622,5032,269.42,12.24223,U130-H1-VS2-13.07.2024,U130-H1-VS2-GGA20-Ni(II) 10mg-L-25072024-Q=49.92mL-phút-2
3729,GGA20-Ni-10,282.3667,5505,269.61,12.75674,U130-H1-VS2-13.07.2024,U130-H1-VS2-GGA20-Ni(II) 10mg-L-25072024-Q=49.92mL-phút-2
3730,GGA20-Ni-10,282.2018,5978,270.8,11.40185,U130-H1-VS2-13.07.2024,U130-H1-VS2-GGA20-Ni(II) 10mg-L-25072024-Q=49.92mL-phút-2
3731,GGA20-Ni-10,282.4076,6453,271.28,11.12755,U130-H1-VS2-13.07.2024,U130-H1-VS2-GGA20-Ni(II) 10mg-L-25072024-Q=49.92mL-phút-2
3732,GGA20-Ni-10,282.8725,6925,272.97,9.90245,U130-H1-VS2-13.07.2024,U130-H1-VS2-GGA20-Ni(II) 10mg-L-25072024-Q=49.92mL-phút-2
3733,GGA20-Ni-10,282.6596,7398,273.12,9.53959,U130-H1-VS2-13.07.2024,U130-H1-VS2-GGA20-Ni(II) 10mg-L-25072024-Q=49.92mL-phút-2
3734,GGA20-Ni-10,282.6647,7874,273.39,9.27468,U130-H1-VS2-13.07.2024,U130-H1-VS2-GGA20-Ni(II) 10mg-L-25072024-Q=49.92mL-phút-2
3735,GGA17.5,282.6512,301,273.93,8.72123,U130-H1-VS2-13.07.2024,U130-H1-VS2-GGA17.5-Zn(II) 10mg-L-25072024-Q=49.94mL-phút-1
3736,GGA17.5,282.4531,773,273.66,8.79306,U130-H1-VS2-13.07.2024,U130-H1-VS2-GGA17.5-Zn(II) 10mg-L-25072024-Q=49.94mL-phút-1
3737,GGA17.5,282.3643,1246,274.35,8.01427,U130-H1-VS2-13.07.2024,U130-H1-VS2-GGA17.5-Zn(II) 10mg-L-25072024-Q=49.94mL-phút-1
3738,GGA17.5,282.1442,1720,274.29,7.85419,U130-H1-VS2-13.07.2024,U130-H1-VS2-GGA17.5-Zn(II) 10mg-L-25072024-Q=49.94mL-phút-1
3739,GGA17.5,281.6245,2192,273.89,7.73448,U130-H1-VS2-13.07.2024,U130-H1-VS2-GGA17.5-Zn(II) 10mg-L-25072024-Q=49.94mL-phút-1
3740,GGA17.5,281.5726,2666,273.64,7.93259,U130-H1-VS2-13.07.2024,U130-H1-VS2-GGA17.5-Zn(II) 10mg-L-25072024-Q=49.94mL-phút-1
3741,GGA17.5,281.2196,3141,273.39,7.82958,U130-H1-VS2-13.07.2024,U130-H1-VS2-GGA17.5-Zn(II) 10mg-L-25072024-Q=49.94mL-phút-1
3742,GGA17.5,281.321,3613,273.24,8.081,U130-H1-VS2-13.07.2024,U130-H1-VS2-GGA17.5-Zn(II) 10mg-L-25072024-Q=49.94mL-phút-1
3743,GGA17.5-Zn-10,281.0837,4088,271.72,9.36367,U130-H1-VS2-13.07.2024,U130-H1-VS2-GGA17.5-Zn(II) 10mg-L-25072024-Q=49.94mL-phút-1
3744,GGA17.5-Zn-10,280.9276,4562,271.68,9.24761,U130-H1-VS2-13.07.2024,U130-H1-VS2-GGA17.5-Zn(II) 10mg-L-25072024-Q=49.94mL-phút-1
3745,GGA17.5-Zn-10,281.1182,5035,270.65,10.46817,U130-H1-VS2-13.07.2024,U130-H1-VS2-GGA17.5-Zn(II) 10mg-L-25072024-Q=49.94mL-phút-1
3746,GGA17.5-Zn-10,280.8557,5507,271.45,9.4057,U130-H1-VS2-13.07.2024,U130-H1-VS2-GGA17.5-Zn(II) 10mg-L-25072024-Q=49.94mL-phút-1
3747,GGA17.5-Zn-10,280.8312,5982,270.86,9.97124,U130-H1-VS2-13.07.2024,U130-H1-VS2-GGA17.5-Zn(II) 10mg-L-25072024-Q=49.94mL-phút-1
3748,GGA17.5-Zn-10,280.5798,6454,271.68,8.8998,U130-H1-VS2-13.07.2024,U130-H1-VS2-GGA17.5-Zn(II) 10mg-L-25072024-Q=49.94mL-phút-1
3749,GGA17.5-Zn-10,279.9953,6926,272.55,7.44532,U130-H1-VS2-13.07.2024,U130-H1-VS2-GGA17.5-Zn(II) 10mg-L-25072024-Q=49.94mL-phút-1
3750,GGA17.5-Zn-10,279.6906,7402,271.84,7.85061,U130-H1-VS2-13.07.2024,U130-H1-VS2-GGA17.5-Zn(II) 10mg-L-25072024-Q=49.94mL-phút-1
3751,GGA17.5-Zn-10,279.7178,7875,272.22,7.4978,U130-H1-VS2-13.07.2024,U130-H1-VS2-GGA17.5-Zn(II) 10mg-L-25072024-Q=49.94mL-phút-1
3752,GGA17.5-Zn-10,279.6165,8349,272.7,6.91652,U130-H1-VS2-13.07.2024,U130-H1-VS2-GGA17.5-Zn(II) 10mg-L-25072024-Q=49.94mL-phút-1
3753,GGA17.5-Zn-10,279.8786,8823,272.64,7.23859,U130-H1-VS2-13.07.2024,U130-H1-VS2-GGA17.5-Zn(II) 10mg-L-25072024-Q=49.94mL-phút-1
3754,GGA17.5-Zn-10,279.9671,9295,273.22,6.74714,U130-H1-VS2-13.07.2024,U130-H1-VS2-GGA17.5-Zn(II) 10mg-L-25072024-Q=49.94mL-phút-1
3755,GGA17.5,279.6968,301,272.37,7.3268,U130-H1-VS2-13.07.2024,U130-H1-VS2-GGA17.5-Cr(VI) 15mg-L-25072024-Q=49.96mL-phút-4
3756,GGA17.5,279.3629,780,271.63,7.73286,U130-H1-VS2-13.07.2024,U130-H1-VS2-GGA17.5-Cr(VI) 15mg-L-25072024-Q=49.96mL-phút-4
3757,GGA17.5,279.2633,1252,271.82,7.44325,U130-H1-VS2-13.07.2024,U130-H1-VS2-GGA17.5-Cr(VI) 15mg-L-25072024-Q=49.96mL-phút-4
3758,GGA17.5,279.3639,1726,271.86,7.50389,U130-H1-VS2-13.07.2024,U130-H1-VS2-GGA17.5-Cr(VI) 15mg-L-25072024-Q=49.96mL-phút-4
3759,GGA17.5,279.4704,2205,271.91,7.56041,U130-H1-VS2-13.07.2024,U130-H1-VS2-GGA17.5-Cr(VI) 15mg-L-25072024-Q=49.96mL-phút-4
3760,GGA17.5,279.7547,2679,271.97,7.78469,U130-H1-VS2-13.07.2024,U130-H1-VS2-GGA17.5-Cr(VI) 15mg-L-25072024-Q=49.96mL-phút-4
3761,GGA17.5-Cr-15,276.1465,3154,269.4,6.74654,U130-H1-VS2-13.07.2024,U130-H1-VS2-GGA17.5-Cr(VI) 15mg-L-25072024-Q=49.96mL-phút-4
3762,GGA17.5-Cr-15,277.0374,3628,269.15,7.88736,U130-H1-VS2-13.07.2024,U130-H1-VS2-GGA17.5-Cr(VI) 15mg-L-25072024-Q=49.96mL-phút-4
3763,GGA17.5-Cr-15,277.1253,4102,268.96,8.16532,U130-H1-VS2-13.07.2024,U130-H1-VS2-GGA17.5-Cr(VI) 15mg-L-25072024-Q=49.96mL-phút-4
3764,GGA17.5-Cr-15,275.5198,4578,268.48,7.03978,U130-H1-VS2-13.07.2024,U130-H1-VS2-GGA17.5-Cr(VI) 15mg-L-25072024-Q=49.96mL-phút-4
3765,GGA17.5-Cr-15,277.171,5048,269.65,7.52103,U130-H1-VS2-13.07.2024,U130-H1-VS2-GGA17.5-Cr(VI) 15mg-L-25072024-Q=49.96mL-phút-4
3766,GGA17.5-Cr-15,277.3392,5522,269.61,7.7292,U130-H1-VS2-13.07.2024,U130-H1-VS2-GGA17.5-Cr(VI) 15mg-L-25072024-Q=49.96mL-phút-4
3767,GGA17.5-Cr-15,277.8407,5996,270.53,7.31066,U130-H1-VS2-13.07.2024,U130-H1-VS2-GGA17.5-Cr(VI) 15mg-L-25072024-Q=49.96mL-phút-4
3768,GGA17.5-Cr-15,277.24,6470,271.53,5.71,U130-H1-VS2-13.07.2024,U130-H1-VS2-GGA17.5-Cr(VI) 15mg-L-25072024-Q=49.96mL-phút-4
3769,GGA17.5-Cr-15,277.8407,6942,272.07,5.77065,U130-H1-VS2-13.07.2024,U130-H1-VS2-GGA17.5-Cr(VI) 15mg-L-25072024-Q=49.96mL-phút-4
3770,GGA17.5-Cr-15,277.8285,7414,273.01,4.81851,U130-H1-VS2-13.07.2024,U130-H1-VS2-GGA17.5-Cr(VI) 15mg-L-25072024-Q=49.96mL-phút-4
3771,GGA17.5-Cr-15,278.2985,7892,273.08,5.21853,U130-H1-VS2-13.07.2024,U130-H1-VS2-GGA17.5-Cr(VI) 15mg-L-25072024-Q=49.96mL-phút-4
3772,GGA17.5,281.9314,301,274.94,6.9914,U131-H1-VS2-24.07.2024,U131-H1-VS2-GGA17.5-Ni(II) 10mg-L-26072024-Q=50.18mL-phút-5
3773,GGA17.5,283.2951,780,275.27,8.02511,U131-H1-VS2-24.07.2024,U131-H1-VS2-GGA17.5-Ni(II) 10mg-L-26072024-Q=50.18mL-phút-5
3774,GGA17.5,283.0422,1253,275.46,7.58221,U131-H1-VS2-24.07.2024,U131-H1-VS2-GGA17.5-Ni(II) 10mg-L-26072024-Q=50.18mL-phút-5
3775,GGA17.5,284.2022,1727,275.54,8.66219,U131-H1-VS2-24.07.2024,U131-H1-VS2-GGA17.5-Ni(II) 10mg-L-26072024-Q=50.18mL-phút-5
3776,GGA17.5,282.43,2197,274.67,7.75999,U131-H1-VS2-24.07.2024,U131-H1-VS2-GGA17.5-Ni(II) 10mg-L-26072024-Q=50.18mL-phút-5
3777,GGA17.5-Ni-10,282.6096,2672,274.25,8.35959,U131-H1-VS2-24.07.2024,U131-H1-VS2-GGA17.5-Ni(II) 10mg-L-26072024-Q=50.18mL-phút-5
3778,GGA17.5-Ni-10,280.8606,3146,272.78,8.08061,U131-H1-VS2-24.07.2024,U131-H1-VS2-GGA17.5-Ni(II) 10mg-L-26072024-Q=50.18mL-phút-5
3779,GGA17.5-Ni-10,280.1659,3621,272.37,7.79592,U131-H1-VS2-24.07.2024,U131-H1-VS2-GGA17.5-Ni(II) 10mg-L-26072024-Q=50.18mL-phút-5
3780,GGA17.5-Ni-10,279.8668,4095,271.84,8.0268,U131-H1-VS2-24.07.2024,U131-H1-VS2-GGA17.5-Ni(II) 10mg-L-26072024-Q=50.18mL-phút-5
3781,GGA17.5-Ni-10,279.2522,4570,271.59,7.6622,U131-H1-VS2-24.07.2024,U131-H1-VS2-GGA17.5-Ni(II) 10mg-L-26072024-Q=50.18mL-phút-5
3782,GGA17.5-Ni-10,279.2661,5040,273.79,5.47611,U131-H1-VS2-24.07.2024,U131-H1-VS2-GGA17.5-Ni(II) 10mg-L-26072024-Q=50.18mL-phút-5
3783,GGA17.5-Ni-10,279.3155,5514,271.59,7.72551,U131-H1-VS2-24.07.2024,U131-H1-VS2-GGA17.5-Ni(II) 10mg-L-26072024-Q=50.18mL-phút-5
3784,GGA17.5-Ni-10,279.2074,5986,272.18,7.02736,U131-H1-VS2-24.07.2024,U131-H1-VS2-GGA17.5-Ni(II) 10mg-L-26072024-Q=50.18mL-phút-5
3785,GGA17.5-Ni-10,279.4712,6460,271.63,7.8412,U131-H1-VS2-24.07.2024,U131-H1-VS2-GGA17.5-Ni(II) 10mg-L-26072024-Q=50.18mL-phút-5
3786,GGA17.5-Ni-10,278.4614,6937,272.55,5.91144,U131-H1-VS2-24.07.2024,U131-H1-VS2-GGA17.5-Ni(II) 10mg-L-26072024-Q=50.18mL-phút-5
3787,GGA17.5-Ni-10,278.8502,7408,271.93,6.92021,U131-H1-VS2-24.07.2024,U131-H1-VS2-GGA17.5-Ni(II) 10mg-L-26072024-Q=50.18mL-phút-5
3788,GGA17.5-Ni-10,279.2546,7881,272.03,7.2246,U131-H1-VS2-24.07.2024,U131-H1-VS2-GGA17.5-Ni(II) 10mg-L-26072024-Q=50.18mL-phút-5
3789,GGA17.5-Ni-10,279.2365,8355,271.95,7.28652,U131-H1-VS2-24.07.2024,U131-H1-VS2-GGA17.5-Ni(II) 10mg-L-26072024-Q=50.18mL-phút-5
3790,GGA17.5,280.6588,301,272.83,7.82878,U131-H1-VS2-24.07.2024,U131-H1-VS2-GGA17.5-Zn(II) 10mg-L-26072024-Q=49.96mL-phút-2
3791,GGA17.5,280.0286,772,272.41,7.61857,U131-H1-VS2-24.07.2024,U131-H1-VS2-GGA17.5-Zn(II) 10mg-L-26072024-Q=49.96mL-phút-2
3792,GGA17.5,279.6904,1245,272.53,7.16041,U131-H1-VS2-24.07.2024,U131-H1-VS2-GGA17.5-Zn(II) 10mg-L-26072024-Q=49.96mL-phút-2
3793,GGA17.5,279.763,1719,272.37,7.393,U131-H1-VS2-24.07.2024,U131-H1-VS2-GGA17.5-Zn(II) 10mg-L-26072024-Q=49.96mL-phút-2
3794,GGA17.5,279.8367,2191,272.41,7.42674,U131-H1-VS2-24.07.2024,U131-H1-VS2-GGA17.5-Zn(II) 10mg-L-26072024-Q=49.96mL-phút-2
3795,GGA17.5,279.6018,2670,271.99,7.61185,U131-H1-VS2-24.07.2024,U131-H1-VS2-GGA17.5-Zn(II) 10mg-L-26072024-Q=49.96mL-phút-2
3796,GGA17.5,279.711,3142,272.03,7.68102,U131-H1-VS2-24.07.2024,U131-H1-VS2-GGA17.5-Zn(II) 10mg-L-26072024-Q=49.96mL-phút-2
3797,GGA17.5-Zn-10,279.8706,3618,271.8,8.07061,U131-H1-VS2-24.07.2024,U131-H1-VS2-GGA17.5-Zn(II) 10mg-L-26072024-Q=49.96mL-phút-2
3798,GGA17.5-Zn-10,279.5706,4091,271.51,8.0606,U131-H1-VS2-24.07.2024,U131-H1-VS2-GGA17.5-Zn(II) 10mg-L-26072024-Q=49.96mL-phút-2
3799,GGA17.5-Zn-10,279.1557,4565,270.99,8.16572,U131-H1-VS2-24.07.2024,U131-H1-VS2-GGA17.5-Zn(II) 10mg-L-26072024-Q=49.96mL-phút-2
3800,GGA17.5-Zn-10,279.2788,5039,271.53,7.74877,U131-H1-VS2-24.07.2024,U131-H1-VS2-GGA17.5-Zn(II) 10mg-L-26072024-Q=49.96mL-phút-2
3801,GGA17.5-Zn-10,279.2765,5512,271.68,7.59654,U131-H1-VS2-24.07.2024,U131-H1-VS2-GGA17.5-Zn(II) 10mg-L-26072024-Q=49.96mL-phút-2
3802,GGA17.5-Zn-10,279.1945,5984,271.3,7.8945,U131-H1-VS2-24.07.2024,U131-H1-VS2-GGA17.5-Zn(II) 10mg-L-26072024-Q=49.96mL-phút-2
3803,GGA17.5-Zn-10,278.84,6458,271.47,7.37,U131-H1-VS2-24.07.2024,U131-H1-VS2-GGA17.5-Zn(II) 10mg-L-26072024-Q=49.96mL-phút-2
3804,GGA17.5-Zn-10,278.7046,6931,271.53,7.1746,U131-H1-VS2-24.07.2024,U131-H1-VS2-GGA17.5-Zn(II) 10mg-L-26072024-Q=49.96mL-phút-2
3805,GGA17.5-Zn-10,278.3633,7406,271.74,6.62328,U131-H1-VS2-24.07.2024,U131-H1-VS2-GGA17.5-Zn(II) 10mg-L-26072024-Q=49.96mL-phút-2
3806,GGA17.5-Zn-10,278.3476,7881,271.76,6.58754,U131-H1-VS2-24.07.2024,U131-H1-VS2-GGA17.5-Zn(II) 10mg-L-26072024-Q=49.96mL-phút-2
3807,GGA17.5-Zn-10,278.0318,8354,271.51,6.52183,U131-H1-VS2-24.07.2024,U131-H1-VS2-GGA17.5-Zn(II) 10mg-L-26072024-Q=49.96mL-phút-2
3808,GGA17.5,277.7494,301,271.49,6.2594,U131-H1-VS2-24.07.2024,U131-H1-VS2-GGA17.5-Cr(VI) 10mg-L-26072024-Q=50.16mL-phút-4
3809,GGA17.5,278.2718,773,271.38,6.89184,U131-H1-VS2-24.07.2024,U131-H1-VS2-GGA17.5-Cr(VI) 10mg-L-26072024-Q=50.16mL-phút-4
3810,GGA17.5,277.809,1246,271.17,6.63897,U131-H1-VS2-24.07.2024,U131-H1-VS2-GGA17.5-Cr(VI) 10mg-L-26072024-Q=50.16mL-phút-4
3811,GGA17.5,277.7257,1719,271.17,6.55571,U131-H1-VS2-24.07.2024,U131-H1-VS2-GGA17.5-Cr(VI) 10mg-L-26072024-Q=50.16mL-phút-4
3812,GGA17.5,277.5974,2194,271.07,6.52734,U131-H1-VS2-24.07.2024,U131-H1-VS2-GGA17.5-Cr(VI) 10mg-L-26072024-Q=50.16mL-phút-4
3813,GGA17.5,275.2814,2673,269.06,6.22143,U131-H1-VS2-24.07.2024,U131-H1-VS2-GGA17.5-Cr(VI) 10mg-L-26072024-Q=50.16mL-phút-4
3814,GGA17.5-Cr-10,274.796,3147,268.43,6.36601,U131-H1-VS2-24.07.2024,U131-H1-VS2-GGA17.5-Cr(VI) 10mg-L-26072024-Q=50.16mL-phút-4
3815,GGA17.5-Cr-10,276.9476,3616,271.19,5.7576,U131-H1-VS2-24.07.2024,U131-H1-VS2-GGA17.5-Cr(VI) 10mg-L-26072024-Q=50.16mL-phút-4
3816,GGA17.5-Cr-10,276.3481,4089,271.55,4.79806,U131-H1-VS2-24.07.2024,U131-H1-VS2-GGA17.5-Cr(VI) 10mg-L-26072024-Q=50.16mL-phút-4
3817,GGA17.5-Cr-10,276.3684,4564,271.65,4.71839,U131-H1-VS2-24.07.2024,U131-H1-VS2-GGA17.5-Cr(VI) 10mg-L-26072024-Q=50.16mL-phút-4
3818,GGA17.5-Cr-10,277.4767,5036,271.91,5.56667,U131-H1-VS2-24.07.2024,U131-H1-VS2-GGA17.5-Cr(VI) 10mg-L-26072024-Q=50.16mL-phút-4
3819,GGA17.5-Cr-10,276.5595,5511,272.7,3.85944,U131-H1-VS2-24.07.2024,U131-H1-VS2-GGA17.5-Cr(VI) 10mg-L-26072024-Q=50.16mL-phút-4
3820,GGA17.5-Cr-10,276.707,5983,273.22,3.48702,U131-H1-VS2-24.07.2024,U131-H1-VS2-GGA17.5-Cr(VI) 10mg-L-26072024-Q=50.16mL-phút-4
3821,GGA17.5-Cr-10,275.6314,6456,272.3,3.3314,U131-H1-VS2-24.07.2024,U131-H1-VS2-GGA17.5-Cr(VI) 10mg-L-26072024-Q=50.16mL-phút-4
3822,GGA12.5,339.1122,301,328.2,10.91223,U132-H3-VS2-24.07.2024,U132-H3-VS2-GGA12.5-Zn(II) 15mg-L-26072024-Q=50.16mL-phút-4
3823,GGA12.5,339.154,780,328.3,10.854,U132-H3-VS2-24.07.2024,U132-H3-VS2-GGA12.5-Zn(II) 15mg-L-26072024-Q=50.16mL-phút-4
3824,GGA12.5,336.9122,1259,325.1,11.81224,U132-H3-VS2-24.07.2024,U132-H3-VS2-GGA12.5-Zn(II) 15mg-L-26072024-Q=50.16mL-phút-4
3825,GGA12.5,335.458,1734,323.8,11.658,U132-H3-VS2-24.07.2024,U132-H3-VS2-GGA12.5-Zn(II) 15mg-L-26072024-Q=50.16mL-phút-4
3826,GGA12.5,334.8082,2207,323.5,11.30815,U132-H3-VS2-24.07.2024,U132-H3-VS2-GGA12.5-Zn(II) 15mg-L-26072024-Q=50.16mL-phút-4
3827,GGA12.5-Zn-15,335.202,2679,322.7,12.50205,U132-H3-VS2-24.07.2024,U132-H3-VS2-GGA12.5-Zn(II) 15mg-L-26072024-Q=50.16mL-phút-4
3828,GGA12.5-Zn-15,334.4449,3153,322.5,11.94491,U132-H3-VS2-24.07.2024,U132-H3-VS2-GGA12.5-Zn(II) 15mg-L-26072024-Q=50.16mL-phút-4
3829,GGA12.5-Zn-15,333.2082,3626,321.8,11.40817,U132-H3-VS2-24.07.2024,U132-H3-VS2-GGA12.5-Zn(II) 15mg-L-26072024-Q=50.16mL-phút-4
3830,GGA12.5-Zn-15,332.649,4098,320.5,12.14899,U132-H3-VS2-24.07.2024,U132-H3-VS2-GGA12.5-Zn(II) 15mg-L-26072024-Q=50.16mL-phút-4
3831,GGA12.5-Zn-15,332.1592,4570,319.3,12.85918,U132-H3-VS2-24.07.2024,U132-H3-VS2-GGA12.5-Zn(II) 15mg-L-26072024-Q=50.16mL-phút-4
3832,GGA12.5-Zn-15,331.2571,5042,319.5,11.75714,U132-H3-VS2-24.07.2024,U132-H3-VS2-GGA12.5-Zn(II) 15mg-L-26072024-Q=50.16mL-phút-4
3833,GGA12.5-Zn-15,331.6939,5516,321.2,10.49387,U132-H3-VS2-24.07.2024,U132-H3-VS2-GGA12.5-Zn(II) 15mg-L-26072024-Q=50.16mL-phút-4
3834,GGA12.5-Zn-15,329.828,5992,318.8,11.028,U132-H3-VS2-24.07.2024,U132-H3-VS2-GGA12.5-Zn(II) 15mg-L-26072024-Q=50.16mL-phút-4
3835,GGA12.5-Zn-15,328.22,6461,319.9,8.31999,U132-H3-VS2-24.07.2024,U132-H3-VS2-GGA12.5-Zn(II) 15mg-L-26072024-Q=50.16mL-phút-4
3836,GGA12.5-Zn-15,325.7939,6940,317.0,8.79388,U132-H3-VS2-24.07.2024,U132-H3-VS2-GGA12.5-Zn(II) 15mg-L-26072024-Q=50.16mL-phút-4
3837,GGA12.5-Zn-15,323.66,7416,315.4,8.26,U132-H3-VS2-24.07.2024,U132-H3-VS2-GGA12.5-Zn(II) 15mg-L-26072024-Q=50.16mL-phút-4
3838,GGA20,297.0344,301,288.57,8.46436,U133-H1-VS2-25.07.2024,U133-H1-VS2-GGA20-Ni(II) 5mg-L-29072024-Q=50.56mL-phút-3
3839,GGA20,297.0972,780,288.36,8.7372,U133-H1-VS2-25.07.2024,U133-H1-VS2-GGA20-Ni(II) 5mg-L-29072024-Q=50.56mL-phút-3
3840,GGA20,296.1213,1254,287.59,8.53125,U133-H1-VS2-25.07.2024,U133-H1-VS2-GGA20-Ni(II) 5mg-L-29072024-Q=50.56mL-phút-3
3841,GGA20,295.6081,1728,286.86,8.74814,U133-H1-VS2-25.07.2024,U133-H1-VS2-GGA20-Ni(II) 5mg-L-29072024-Q=50.56mL-phút-3
3842,GGA20,295.3316,2203,286.46,8.87157,U133-H1-VS2-25.07.2024,U133-H1-VS2-GGA20-Ni(II) 5mg-L-29072024-Q=50.56mL-phút-3
3843,GGA20-Ni-5,295.6109,2674,286.15,9.46095,U133-H1-VS2-25.07.2024,U133-H1-VS2-GGA20-Ni(II) 5mg-L-29072024-Q=50.56mL-phút-3
3844,GGA20-Ni-5,293.9316,3147,283.89,10.04155,U133-H1-VS2-25.07.2024,U133-H1-VS2-GGA20-Ni(II) 5mg-L-29072024-Q=50.56mL-phút-3
3845,GGA20-Ni-5,293.3881,3622,283.28,10.10806,U133-H1-VS2-25.07.2024,U133-H1-VS2-GGA20-Ni(II) 5mg-L-29072024-Q=50.56mL-phút-3
3846,GGA20-Ni-5,293.0919,4095,285.46,7.63188,U133-H1-VS2-25.07.2024,U133-H1-VS2-GGA20-Ni(II) 5mg-L-29072024-Q=50.56mL-phút-3
3847,GGA20-Ni-5,292.1728,4568,286.08,6.09282,U133-H1-VS2-25.07.2024,U133-H1-VS2-GGA20-Ni(II) 5mg-L-29072024-Q=50.56mL-phút-3
3848,GGA20-Ni-5,291.7884,5042,285.85,5.93843,U133-H1-VS2-25.07.2024,U133-H1-VS2-GGA20-Ni(II) 5mg-L-29072024-Q=50.56mL-phút-3
3849,GGA20-Ni-5,291.2928,5514,285.81,5.48281,U133-H1-VS2-25.07.2024,U133-H1-VS2-GGA20-Ni(II) 5mg-L-29072024-Q=50.56mL-phút-3
3850,GGA20-Ni-5,291.02,5988,285.67,5.34999,U133-H1-VS2-25.07.2024,U133-H1-VS2-GGA20-Ni(II) 5mg-L-29072024-Q=50.56mL-phút-3
3851,GGA20-Ni-5,290.645,6462,285.27,5.37501,U133-H1-VS2-25.07.2024,U133-H1-VS2-GGA20-Ni(II) 5mg-L-29072024-Q=50.56mL-phút-3
3852,GGA20,293.5753,301,285.6,7.9753,U133-H1-VS2-25.07.2024,U133-H1-VS2-GGA20-Zn(I) 10mg-L-29072024-Q=50.8mL-phút-4
3853,GGA20,293.3981,773,285.44,7.95813,U133-H1-VS2-25.07.2024,U133-H1-VS2-GGA20-Zn(I) 10mg-L-29072024-Q=50.8mL-phút-4
3854,GGA20,291.3221,1252,283.68,7.64215,U133-H1-VS2-25.07.2024,U133-H1-VS2-GGA20-Zn(I) 10mg-L-29072024-Q=50.8mL-phút-4
3855,GGA20,290.8783,1725,283.49,7.38835,U133-H1-VS2-25.07.2024,U133-H1-VS2-GGA20-Zn(I) 10mg-L-29072024-Q=50.8mL-phút-4
3856,GGA20,290.725,2199,283.03,7.695,U133-H1-VS2-25.07.2024,U133-H1-VS2-GGA20-Zn(I) 10mg-L-29072024-Q=50.8mL-phút-4
3857,GGA20,290.306,2678,282.68,7.62596,U133-H1-VS2-25.07.2024,U133-H1-VS2-GGA20-Zn(I) 10mg-L-29072024-Q=50.8mL-phút-4
3858,GGA20-Zn-10,289.7714,3157,282.15,7.62144,U133-H1-VS2-25.07.2024,U133-H1-VS2-GGA20-Zn(I) 10mg-L-29072024-Q=50.8mL-phút-4
3859,GGA20-Zn-10,289.4607,3630,282.07,7.3907,U133-H1-VS2-25.07.2024,U133-H1-VS2-GGA20-Zn(I) 10mg-L-29072024-Q=50.8mL-phút-4
3860,GGA20-Zn-10,289.211,4102,282.01,7.20097,U133-H1-VS2-25.07.2024,U133-H1-VS2-GGA20-Zn(I) 10mg-L-29072024-Q=50.8mL-phút-4
3861,GGA20-Zn-10,290.4793,4576,281.34,9.13929,U133-H1-VS2-25.07.2024,U133-H1-VS2-GGA20-Zn(I) 10mg-L-29072024-Q=50.8mL-phút-4
3862,GGA20-Zn-10,288.771,5052,281.34,7.43095,U133-H1-VS2-25.07.2024,U133-H1-VS2-GGA20-Zn(I) 10mg-L-29072024-Q=50.8mL-phút-4
3863,GGA20-Zn-10,288.4817,5526,281.07,7.41166,U133-H1-VS2-25.07.2024,U133-H1-VS2-GGA20-Zn(I) 10mg-L-29072024-Q=50.8mL-phút-4
3864,GGA20-Zn-10,288.1721,6000,280.48,7.69213,U133-H1-VS2-25.07.2024,U133-H1-VS2-GGA20-Zn(I) 10mg-L-29072024-Q=50.8mL-phút-4
3865,GGA20-Zn-10,288.0669,6473,280.46,7.60691,U133-H1-VS2-25.07.2024,U133-H1-VS2-GGA20-Zn(I) 10mg-L-29072024-Q=50.8mL-phút-4
3866,GGA20-Zn-10,289.2243,6944,281.36,7.86429,U133-H1-VS2-25.07.2024,U133-H1-VS2-GGA20-Zn(I) 10mg-L-29072024-Q=50.8mL-phút-4
3867,GGA20-Zn-10,290.4786,7416,282.34,8.13857,U133-H1-VS2-25.07.2024,U133-H1-VS2-GGA20-Zn(I) 10mg-L-29072024-Q=50.8mL-phút-4
3868,GGA20-Zn-10,290.6221,7888,284.06,6.56214,U133-H1-VS2-25.07.2024,U133-H1-VS2-GGA20-Zn(I) 10mg-L-29072024-Q=50.8mL-phút-4
3869,GGA20-Zn-10,291.0393,8362,284.89,6.14928,U133-H1-VS2-25.07.2024,U133-H1-VS2-GGA20-Zn(I) 10mg-L-29072024-Q=50.8mL-phút-4
3870,GGA20-Zn-10,290.9167,8834,285.25,5.66667,U133-H1-VS2-25.07.2024,U133-H1-VS2-GGA20-Zn(I) 10mg-L-29072024-Q=50.8mL-phút-4
3871,GGA17.5,362.7095,301,342.2,20.50951,U134-H3-VS2-25.07.2024,U134-H3-VS2-GGA17.5-Ni(II) 5mg-L-29072024-Q=50.24mL-phút-2
3872,GGA17.5,363.3691,774,342.9,20.46904,U134-H3-VS2-25.07.2024,U134-H3-VS2-GGA17.5-Ni(II) 5mg-L-29072024-Q=50.24mL-phút-2
3873,GGA17.5,362.1452,1248,341.6,20.54524,U134-H3-VS2-25.07.2024,U134-H3-VS2-GGA17.5-Ni(II) 5mg-L-29072024-Q=50.24mL-phút-2
3874,GGA17.5,360.3571,1722,339.8,20.55714,U134-H3-VS2-25.07.2024,U134-H3-VS2-GGA17.5-Ni(II) 5mg-L-29072024-Q=50.24mL-phút-2
3875,GGA17.5,359.8048,2201,339.7,20.10475,U134-H3-VS2-25.07.2024,U134-H3-VS2-GGA17.5-Ni(II) 5mg-L-29072024-Q=50.24mL-phút-2
3876,GGA17.5-Ni-5,359.3143,2674,338.2,21.11429,U134-H3-VS2-25.07.2024,U134-H3-VS2-GGA17.5-Ni(II) 5mg-L-29072024-Q=50.24mL-phút-2
3877,GGA17.5-Ni-5,359.8905,3147,339.1,20.79048,U134-H3-VS2-25.07.2024,U134-H3-VS2-GGA17.5-Ni(II) 5mg-L-29072024-Q=50.24mL-phút-2
3878,GGA17.5-Ni-5,358.4548,3620,338.3,20.15477,U134-H3-VS2-25.07.2024,U134-H3-VS2-GGA17.5-Ni(II) 5mg-L-29072024-Q=50.24mL-phút-2
3879,GGA17.5-Ni-5,356.3024,4097,337.5,18.80237,U134-H3-VS2-25.07.2024,U134-H3-VS2-GGA17.5-Ni(II) 5mg-L-29072024-Q=50.24mL-phút-2
3880,GGA17.5-Ni-5,360.1762,4568,339.3,20.87618,U134-H3-VS2-25.07.2024,U134-H3-VS2-GGA17.5-Ni(II) 5mg-L-29072024-Q=50.24mL-phút-2
3881,GGA17.5-Ni-5,357.8214,5043,340.4,17.42142,U134-H3-VS2-25.07.2024,U134-H3-VS2-GGA17.5-Ni(II) 5mg-L-29072024-Q=50.24mL-phút-2
3882,GGA17.5-Ni-5,358.3714,5516,340.3,18.07144,U134-H3-VS2-25.07.2024,U134-H3-VS2-GGA17.5-Ni(II) 5mg-L-29072024-Q=50.24mL-phút-2
3883,GGA17.5-Ni-5,357.181,5995,339.2,17.98096,U134-H3-VS2-25.07.2024,U134-H3-VS2-GGA17.5-Ni(II) 5mg-L-29072024-Q=50.24mL-phút-2
3884,GGA5,360.2405,301,342.2,18.04047,U134-H3-VS2-25.07.2024,U134-H3-VS2-GGA5-Zn(II) 10mg-L-29072024-Q=50.3mL-phút-2
3885,GGA5,358.1929,774,342.9,15.29285,U134-H3-VS2-25.07.2024,U134-H3-VS2-GGA5-Zn(II) 10mg-L-29072024-Q=50.3mL-phút-2
3886,GGA5,356.0143,1255,341.6,14.41428,U134-H3-VS2-25.07.2024,U134-H3-VS2-GGA5-Zn(II) 10mg-L-29072024-Q=50.3mL-phút-2
3887,GGA5,354.7238,1727,335.1,19.62381,U134-H3-VS2-25.07.2024,U134-H3-VS2-GGA5-Zn(II) 10mg-L-29072024-Q=50.3mL-phút-2
3888,GGA5,353.8976,2200,335.5,18.39762,U134-H3-VS2-25.07.2024,U134-H3-VS2-GGA5-Zn(II) 10mg-L-29072024-Q=50.3mL-phút-2
3889,GGA5,352.581,2679,332.7,19.88094,U134-H3-VS2-25.07.2024,U134-H3-VS2-GGA5-Zn(II) 10mg-L-29072024-Q=50.3mL-phút-2
3890,GGA5,351.7738,3152,332.8,18.97381,U134-H3-VS2-25.07.2024,U134-H3-VS2-GGA5-Zn(II) 10mg-L-29072024-Q=50.3mL-phút-2
3891,GGA5-Zn-10,350.6366,3632,330.5,20.13657,U134-H3-VS2-25.07.2024,U134-H3-VS2-GGA5-Zn(II) 10mg-L-29072024-Q=50.3mL-phút-2
3892,GGA5-Zn-10,349.2143,4105,332.6,16.61429,U134-H3-VS2-25.07.2024,U134-H3-VS2-GGA5-Zn(II) 10mg-L-29072024-Q=50.3mL-phút-2
3893,GGA5-Zn-10,353.1571,4577,335.4,17.75715,U134-H3-VS2-25.07.2024,U134-H3-VS2-GGA5-Zn(II) 10mg-L-29072024-Q=50.3mL-phút-2
3894,GGA5-Zn-10,355.2167,5051,337.1,18.11666,U134-H3-VS2-25.07.2024,U134-H3-VS2-GGA5-Zn(II) 10mg-L-29072024-Q=50.3mL-phút-2
3895,GGA5-Zn-10,354.0095,5523,335.5,18.50952,U134-H3-VS2-25.07.2024,U134-H3-VS2-GGA5-Zn(II) 10mg-L-29072024-Q=50.3mL-phút-2
3896,GGA5-Zn-10,352.1857,5997,335.0,17.18571,U134-H3-VS2-25.07.2024,U134-H3-VS2-GGA5-Zn(II) 10mg-L-29072024-Q=50.3mL-phút-2
3897,GGA5-Zn-10,351.5119,6471,334.7,16.81191,U134-H3-VS2-25.07.2024,U134-H3-VS2-GGA5-Zn(II) 10mg-L-29072024-Q=50.3mL-phút-2
3898,GGA5-Zn-10,351.0191,6942,335.0,16.01904,U134-H3-VS2-25.07.2024,U134-H3-VS2-GGA5-Zn(II) 10mg-L-29072024-Q=50.3mL-phút-2
3899,GGA5-Zn-10,351.3262,7415,336.1,15.22618,U134-H3-VS2-25.07.2024,U134-H3-VS2-GGA5-Zn(II) 10mg-L-29072024-Q=50.3mL-phút-2
3900,GGA5-Zn-10,352.4976,7890,337.1,15.39756,U134-H3-VS2-25.07.2024,U134-H3-VS2-GGA5-Zn(II) 10mg-L-29072024-Q=50.3mL-phút-2
3901,GGA5-Zn-10,350.9,8362,337.9,12.99999,U134-H3-VS2-25.07.2024,U134-H3-VS2-GGA5-Zn(II) 10mg-L-29072024-Q=50.3mL-phút-2
3902,GGA5-Zn-10,350.3405,8836,339.2,11.14048,U134-H3-VS2-25.07.2024,U134-H3-VS2-GGA5-Zn(II) 10mg-L-29072024-Q=50.3mL-phút-2
3903,GGA2.5,351.5714,301,339.2,12.37143,U134-H3-VS2-25.07.2024,U134-H3-VS2-GGA2.5-Cr(VI) 10mg-L-29072024-Q=50.64mL-phút-1
3904,GGA2.5,350.6929,773,338.4,12.29285,U134-H3-VS2-25.07.2024,U134-H3-VS2-GGA2.5-Cr(VI) 10mg-L-29072024-Q=50.64mL-phút-1
3905,GGA2.5,349.9429,1247,337.6,12.34287,U134-H3-VS2-25.07.2024,U134-H3-VS2-GGA2.5-Cr(VI) 10mg-L-29072024-Q=50.64mL-phút-1
3906,GGA2.5,348.0643,1722,335.6,12.46429,U134-H3-VS2-25.07.2024,U134-H3-VS2-GGA2.5-Cr(VI) 10mg-L-29072024-Q=50.64mL-phút-1
3907,GGA2.5,348.5667,2195,335.7,12.86666,U134-H3-VS2-25.07.2024,U134-H3-VS2-GGA2.5-Cr(VI) 10mg-L-29072024-Q=50.64mL-phút-1
3908,GGA2.5,345.4143,2670,333.3,12.11429,U134-H3-VS2-25.07.2024,U134-H3-VS2-GGA2.5-Cr(VI) 10mg-L-29072024-Q=50.64mL-phút-1
3909,GGA2.5-Cr-10,348.4357,3143,335.2,13.23571,U134-H3-VS2-25.07.2024,U134-H3-VS2-GGA2.5-Cr(VI) 10mg-L-29072024-Q=50.64mL-phút-1
3910,GGA2.5-Cr-10,346.0929,3620,333.7,12.39286,U134-H3-VS2-25.07.2024,U134-H3-VS2-GGA2.5-Cr(VI) 10mg-L-29072024-Q=50.64mL-phút-1
3911,GGA2.5-Cr-10,348.2238,4089,335.7,12.5238,U134-H3-VS2-25.07.2024,U134-H3-VS2-GGA2.5-Cr(VI) 10mg-L-29072024-Q=50.64mL-phút-1
3912,GGA2.5-Cr-10,348.4286,4564,334.4,14.02857,U134-H3-VS2-25.07.2024,U134-H3-VS2-GGA2.5-Cr(VI) 10mg-L-29072024-Q=50.64mL-phút-1
3913,GGA2.5-Cr-10,346.2524,5037,333.7,12.55238,U134-H3-VS2-25.07.2024,U134-H3-VS2-GGA2.5-Cr(VI) 10mg-L-29072024-Q=50.64mL-phút-1
3914,GGA2.5-Cr-10,345.8976,5509,336.5,9.39763,U134-H3-VS2-25.07.2024,U134-H3-VS2-GGA2.5-Cr(VI) 10mg-L-29072024-Q=50.64mL-phút-1
3915,GGA2.5-Cr-10,346.1357,5984,336.3,9.83572,U134-H3-VS2-25.07.2024,U134-H3-VS2-GGA2.5-Cr(VI) 10mg-L-29072024-Q=50.64mL-phút-1
3916,GGA2.5-Cr-10,345.7191,6456,336.9,8.81905,U134-H3-VS2-25.07.2024,U134-H3-VS2-GGA2.5-Cr(VI) 10mg-L-29072024-Q=50.64mL-phút-1
3917,GGA20,292.3778,301,283.78,8.59776,U135-H1-VS2-26.07.2024,U135-H1-VS2-GGA20-Ni(II) 5mg-L-30072024-Q=50.72mL-phút-4
3918,GGA20,291.9376,774,283.16,8.77755,U135-H1-VS2-26.07.2024,U135-H1-VS2-GGA20-Ni(II) 5mg-L-30072024-Q=50.72mL-phút-4
3919,GGA20,291.6682,1247,283.24,8.42817,U135-H1-VS2-26.07.2024,U135-H1-VS2-GGA20-Ni(II) 5mg-L-30072024-Q=50.72mL-phút-4
3920,GGA20,290.4478,1726,281.32,9.12775,U135-H1-VS2-26.07.2024,U135-H1-VS2-GGA20-Ni(II) 5mg-L-30072024-Q=50.72mL-phút-4
3921,GGA20,290.369,2200,281.23,9.13897,U135-H1-VS2-26.07.2024,U135-H1-VS2-GGA20-Ni(II) 5mg-L-30072024-Q=50.72mL-phút-4
3922,GGA20,287.243,2679,279.0,8.243,U135-H1-VS2-26.07.2024,U135-H1-VS2-GGA20-Ni(II) 5mg-L-30072024-Q=50.72mL-phút-4
3923,GGA20-Ni-5,287.0198,3154,279.1,7.91978,U135-H1-VS2-26.07.2024,U135-H1-VS2-GGA20-Ni(II) 5mg-L-30072024-Q=50.72mL-phút-4
3924,GGA20-Ni-5,286.4643,3627,278.72,7.74429,U135-H1-VS2-26.07.2024,U135-H1-VS2-GGA20-Ni(II) 5mg-L-30072024-Q=50.72mL-phút-4
3925,GGA20-Ni-5,284.7038,4106,278.51,6.19379,U135-H1-VS2-26.07.2024,U135-H1-VS2-GGA20-Ni(II) 5mg-L-30072024-Q=50.72mL-phút-4
3926,GGA20-Ni-5,286.1549,4577,280.12,6.0349,U135-H1-VS2-26.07.2024,U135-H1-VS2-GGA20-Ni(II) 5mg-L-30072024-Q=50.72mL-phút-4
3927,GGA20-Ni-5,286.8202,5049,280.48,6.34019,U135-H1-VS2-26.07.2024,U135-H1-VS2-GGA20-Ni(II) 5mg-L-30072024-Q=50.72mL-phút-4
3928,GGA20-Ni-5,286.5304,5522,280.48,6.0504,U135-H1-VS2-26.07.2024,U135-H1-VS2-GGA20-Ni(II) 5mg-L-30072024-Q=50.72mL-phút-4
3929,GGA17.5,284.721,301,276.32,8.40101,U135-H1-VS2-26.07.2024,U135-H1-VS2-GGA17.5-Cr(VI) 5mg-L-30072024-Q=50.64mL-phút-1
3930,GGA17.5,284.2319,776,275.5,8.73187,U135-H1-VS2-26.07.2024,U135-H1-VS2-GGA17.5-Cr(VI) 5mg-L-30072024-Q=50.64mL-phút-1
3931,GGA17.5,283.0041,1255,275.06,7.94412,U135-H1-VS2-26.07.2024,U135-H1-VS2-GGA17.5-Cr(VI) 5mg-L-30072024-Q=50.64mL-phút-1
3932,GGA17.5,282.265,1726,274.73,7.53499,U135-H1-VS2-26.07.2024,U135-H1-VS2-GGA17.5-Cr(VI) 5mg-L-30072024-Q=50.64mL-phút-1
3933,GGA17.5,282.2789,2202,274.48,7.79885,U135-H1-VS2-26.07.2024,U135-H1-VS2-GGA17.5-Cr(VI) 5mg-L-30072024-Q=50.64mL-phút-1
3934,GGA17.5,283.1,2672,274.1,8.99999,U135-H1-VS2-26.07.2024,U135-H1-VS2-GGA17.5-Cr(VI) 5mg-L-30072024-Q=50.64mL-phút-1
3935,GGA17.5,282.4169,3151,274.25,8.16686,U135-H1-VS2-26.07.2024,U135-H1-VS2-GGA17.5-Cr(VI) 5mg-L-30072024-Q=50.64mL-phút-1
3936,GGA17.5-Cr-5,282.4257,3625,274.58,7.84572,U135-H1-VS2-26.07.2024,U135-H1-VS2-GGA17.5-Cr(VI) 5mg-L-30072024-Q=50.64mL-phút-1
3937,GGA17.5-Cr-5,283.664,4098,275.5,8.164,U135-H1-VS2-26.07.2024,U135-H1-VS2-GGA17.5-Cr(VI) 5mg-L-30072024-Q=50.64mL-phút-1
3938,GGA17.5-Cr-5,282.3686,4572,275.04,7.32856,U135-H1-VS2-26.07.2024,U135-H1-VS2-GGA17.5-Cr(VI) 5mg-L-30072024-Q=50.64mL-phút-1
3939,GGA17.5-Cr-5,282.5153,5046,276.09,6.42533,U135-H1-VS2-26.07.2024,U135-H1-VS2-GGA17.5-Cr(VI) 5mg-L-30072024-Q=50.64mL-phút-1
3940,GGA17.5-Cr-5,281.6541,5518,275.44,6.21414,U135-H1-VS2-26.07.2024,U135-H1-VS2-GGA17.5-Cr(VI) 5mg-L-30072024-Q=50.64mL-phút-1
3941,GGA17.5-Cr-5,281.7529,5990,275.19,6.56286,U135-H1-VS2-26.07.2024,U135-H1-VS2-GGA17.5-Cr(VI) 5mg-L-30072024-Q=50.64mL-phút-1
3942,GGA17.5,355.9294,301,324.0,31.92941,U136-H3-VS2-26.07.2024,U136-H3-VS2-GGA17.5-Ni(II) 10mg-L-31072024-Q=50.42mL-phút-6
3943,GGA17.5,357.3886,775,326.0,31.38856,U136-H3-VS2-26.07.2024,U136-H3-VS2-GGA17.5-Ni(II) 10mg-L-31072024-Q=50.42mL-phút-6
3944,GGA17.5,356.8382,1254,325.4,31.43825,U136-H3-VS2-26.07.2024,U136-H3-VS2-GGA17.5-Ni(II) 10mg-L-31072024-Q=50.42mL-phút-6
3945,GGA17.5,356.8618,1727,324.6,32.26175,U136-H3-VS2-26.07.2024,U136-H3-VS2-GGA17.5-Ni(II) 10mg-L-31072024-Q=50.42mL-phút-6
3946,GGA17.5,355.2771,2199,322.8,32.47713,U136-H3-VS2-26.07.2024,U136-H3-VS2-GGA17.5-Ni(II) 10mg-L-31072024-Q=50.42mL-phút-6
3947,GGA17.5-Ni-10,354.4771,2678,320.2,34.27714,U136-H3-VS2-26.07.2024,U136-H3-VS2-GGA17.5-Ni(II) 10mg-L-31072024-Q=50.42mL-phút-6
3948,GGA17.5-Ni-10,352.3572,3153,320.5,31.85716,U136-H3-VS2-26.07.2024,U136-H3-VS2-GGA17.5-Ni(II) 10mg-L-31072024-Q=50.42mL-phút-6
3949,GGA17.5-Ni-10,352.4,3627,320.3,32.09999,U136-H3-VS2-26.07.2024,U136-H3-VS2-GGA17.5-Ni(II) 10mg-L-31072024-Q=50.42mL-phút-6
3950,GGA17.5-Ni-10,352.2559,4101,320.0,32.25589,U136-H3-VS2-26.07.2024,U136-H3-VS2-GGA17.5-Ni(II) 10mg-L-31072024-Q=50.42mL-phút-6
3951,GGA17.5-Ni-10,351.8457,4574,319.9,31.9457,U136-H3-VS2-26.07.2024,U136-H3-VS2-GGA17.5-Ni(II) 10mg-L-31072024-Q=50.42mL-phút-6
3952,GGA17.5-Ni-10,352.2171,5045,318.4,33.81714,U136-H3-VS2-26.07.2024,U136-H3-VS2-GGA17.5-Ni(II) 10mg-L-31072024-Q=50.42mL-phút-6
3953,GGA17.5-Ni-10,351.7735,5520,320.0,31.77354,U136-H3-VS2-26.07.2024,U136-H3-VS2-GGA17.5-Ni(II) 10mg-L-31072024-Q=50.42mL-phút-6
3954,GGA17.5-Ni-10,349.1324,5993,317.6,31.53234,U136-H3-VS2-26.07.2024,U136-H3-VS2-GGA17.5-Ni(II) 10mg-L-31072024-Q=50.42mL-phút-6
3955,GGA17.5-Ni-10,348.7143,6467,320.5,28.2143,U136-H3-VS2-26.07.2024,U136-H3-VS2-GGA17.5-Ni(II) 10mg-L-31072024-Q=50.42mL-phút-6
3956,GGA17.5-Ni-10,349.9,6942,321.8,28.10001,U136-H3-VS2-26.07.2024,U136-H3-VS2-GGA17.5-Ni(II) 10mg-L-31072024-Q=50.42mL-phút-6
3957,GGA17.5-Ni-10,349.9,7413,323.4,26.50001,U136-H3-VS2-26.07.2024,U136-H3-VS2-GGA17.5-Ni(II) 10mg-L-31072024-Q=50.42mL-phút-6
3958,GGA17.5-Ni-10,349.5429,7886,325.3,24.24285,U136-H3-VS2-26.07.2024,U136-H3-VS2-GGA17.5-Ni(II) 10mg-L-31072024-Q=50.42mL-phút-6
3959,GGA17.5-Ni-10,350.1559,8359,325.8,24.35588,U136-H3-VS2-26.07.2024,U136-H3-VS2-GGA17.5-Ni(II) 10mg-L-31072024-Q=50.42mL-phút-6
3960,GGA2.5,345.6708,301,330.4,15.27084,U136-H3-VS2-26.07.2024,U136-H3-VS2-GGA2.5-Cr(VI) 10mg-L-30072024-Q=50.04mL-phút-2
3961,GGA2.5,344.1644,780,328.3,15.86444,U136-H3-VS2-26.07.2024,U136-H3-VS2-GGA2.5-Cr(VI) 10mg-L-30072024-Q=50.04mL-phút-2
3962,GGA2.5,345.4333,1253,328.5,16.93333,U136-H3-VS2-26.07.2024,U136-H3-VS2-GGA2.5-Cr(VI) 10mg-L-30072024-Q=50.04mL-phút-2
3963,GGA2.5,343.3796,1732,328.1,15.27955,U136-H3-VS2-26.07.2024,U136-H3-VS2-GGA2.5-Cr(VI) 10mg-L-30072024-Q=50.04mL-phút-2
3964,GGA2.5,344.4889,2207,329.0,15.48889,U136-H3-VS2-26.07.2024,U136-H3-VS2-GGA2.5-Cr(VI) 10mg-L-30072024-Q=50.04mL-phút-2
3965,GGA2.5-Cr-10,347.6273,2683,331.2,16.42727,U136-H3-VS2-26.07.2024,U136-H3-VS2-GGA2.5-Cr(VI) 10mg-L-30072024-Q=50.04mL-phút-2
3966,GGA2.5-Cr-10,347.9067,3153,332.4,15.50668,U136-H3-VS2-26.07.2024,U136-H3-VS2-GGA2.5-Cr(VI) 10mg-L-30072024-Q=50.04mL-phút-2
3967,GGA2.5-Cr-10,347.0286,3628,330.8,16.22856,U136-H3-VS2-26.07.2024,U136-H3-VS2-GGA2.5-Cr(VI) 10mg-L-30072024-Q=50.04mL-phút-2
3968,GGA2.5-Cr-10,345.7929,4099,330.8,14.99286,U136-H3-VS2-26.07.2024,U136-H3-VS2-GGA2.5-Cr(VI) 10mg-L-30072024-Q=50.04mL-phút-2
3969,GGA2.5-Cr-10,345.6857,4578,331.2,14.48571,U136-H3-VS2-26.07.2024,U136-H3-VS2-GGA2.5-Cr(VI) 10mg-L-30072024-Q=50.04mL-phút-2
3970,GGA2.5-Cr-10,342.9286,5053,327.8,15.12857,U136-H3-VS2-26.07.2024,U136-H3-VS2-GGA2.5-Cr(VI) 10mg-L-30072024-Q=50.04mL-phút-2
3971,GGA17.5,288.628,301,275.23,13.39795,U137-H1-VS2-29.07.2024,U137-H1-VS2-GGA17.5-Ni(II) 5mg-L-31072024-Q=mL-phút-2
3972,GGA17.5,285.9067,780,273.62,12.28673,U137-H1-VS2-29.07.2024,U137-H1-VS2-GGA17.5-Ni(II) 5mg-L-31072024-Q=mL-phút-2
3973,GGA17.5,286.2048,1256,273.56,12.6448,U137-H1-VS2-29.07.2024,U137-H1-VS2-GGA17.5-Ni(II) 5mg-L-31072024-Q=mL-phút-2
3974,GGA17.5,284.8692,1735,272.45,12.41918,U137-H1-VS2-29.07.2024,U137-H1-VS2-GGA17.5-Ni(II) 5mg-L-31072024-Q=mL-phút-2
3975,GGA17.5,285.1888,2214,271.13,14.05875,U137-H1-VS2-29.07.2024,U137-H1-VS2-GGA17.5-Ni(II) 5mg-L-31072024-Q=mL-phút-2
3976,GGA17.5,287.2242,2693,273.75,13.47417,U137-H1-VS2-29.07.2024,U137-H1-VS2-GGA17.5-Ni(II) 5mg-L-31072024-Q=mL-phút-2
3977,GGA17.5-Ni-5,288.5632,3166,275.08,13.48323,U137-H1-VS2-29.07.2024,U137-H1-VS2-GGA17.5-Ni(II) 5mg-L-31072024-Q=mL-phút-2
3978,GGA17.5-Ni-5,288.5132,3644,275.23,13.28322,U137-H1-VS2-29.07.2024,U137-H1-VS2-GGA17.5-Ni(II) 5mg-L-31072024-Q=mL-phút-2
3979,GGA17.5-Ni-5,287.8252,4120,275.42,12.40515,U137-H1-VS2-29.07.2024,U137-H1-VS2-GGA17.5-Ni(II) 5mg-L-31072024-Q=mL-phút-2
3980,GGA17.5-Ni-5,287.6894,4593,275.88,11.80935,U137-H1-VS2-29.07.2024,U137-H1-VS2-GGA17.5-Ni(II) 5mg-L-31072024-Q=mL-phút-2
3981,GGA17.5-Ni-5,287.6713,5068,275.73,11.94128,U137-H1-VS2-29.07.2024,U137-H1-VS2-GGA17.5-Ni(II) 5mg-L-31072024-Q=mL-phút-2
3982,GGA17.5-Ni-5,287.661,5540,276.63,11.03097,U137-H1-VS2-29.07.2024,U137-H1-VS2-GGA17.5-Ni(II) 5mg-L-31072024-Q=mL-phút-2
3983,GGA17.5-Ni-5,287.671,6013,276.26,11.41096,U137-H1-VS2-29.07.2024,U137-H1-VS2-GGA17.5-Ni(II) 5mg-L-31072024-Q=mL-phút-2
3984,GGA17.5-Ni-5,287.3423,6487,276.46,10.88227,U137-H1-VS2-29.07.2024,U137-H1-VS2-GGA17.5-Ni(II) 5mg-L-31072024-Q=mL-phút-2
3985,GGA17.5-Ni-5,286.8742,6963,274.44,12.43419,U137-H1-VS2-29.07.2024,U137-H1-VS2-GGA17.5-Ni(II) 5mg-L-31072024-Q=mL-phút-2
3986,GGA17.5-Ni-5,286.9548,7433,277.45,9.50483,U137-H1-VS2-29.07.2024,U137-H1-VS2-GGA17.5-Ni(II) 5mg-L-31072024-Q=mL-phút-2
3987,GGA17.5-Ni-5,286.3829,7907,277.26,9.12289,U137-H1-VS2-29.07.2024,U137-H1-VS2-GGA17.5-Ni(II) 5mg-L-31072024-Q=mL-phút-2
3988,GGA17.5-Ni-5,286.021,8380,276.95,9.07096,U137-H1-VS2-29.07.2024,U137-H1-VS2-GGA17.5-Ni(II) 5mg-L-31072024-Q=mL-phút-2
3989,GGA17.5,285.0123,301,274.67,10.34225,U137-H1-VS2-29.07.2024,U137-H1-VS2-GGA17.5-Cr(VI) 5mg-L-31072024-Q=50.4mL-phút-2
3990,GGA17.5,285.1745,775,274.16,11.01451,U137-H1-VS2-29.07.2024,U137-H1-VS2-GGA17.5-Cr(VI) 5mg-L-31072024-Q=50.4mL-phút-2
3991,GGA17.5,284.3942,1248,273.77,10.62421,U137-H1-VS2-29.07.2024,U137-H1-VS2-GGA17.5-Cr(VI) 5mg-L-31072024-Q=50.4mL-phút-2
3992,GGA17.5,284.4361,1720,273.66,10.77613,U137-H1-VS2-29.07.2024,U137-H1-VS2-GGA17.5-Cr(VI) 5mg-L-31072024-Q=50.4mL-phút-2
3993,GGA17.5,284.5636,2199,273.62,10.94355,U137-H1-VS2-29.07.2024,U137-H1-VS2-GGA17.5-Cr(VI) 5mg-L-31072024-Q=50.4mL-phút-2
3994,GGA17.5,284.7465,2671,273.39,11.35644,U137-H1-VS2-29.07.2024,U137-H1-VS2-GGA17.5-Cr(VI) 5mg-L-31072024-Q=50.4mL-phút-2
3995,GGA17.5-Cr-5,284.2319,3146,273.01,11.22192,U137-H1-VS2-29.07.2024,U137-H1-VS2-GGA17.5-Cr(VI) 5mg-L-31072024-Q=50.4mL-phút-2
3996,GGA17.5-Cr-5,283.8865,3619,273.16,10.72645,U137-H1-VS2-29.07.2024,U137-H1-VS2-GGA17.5-Cr(VI) 5mg-L-31072024-Q=50.4mL-phút-2
3997,GGA17.5-Cr-5,283.7884,4091,273.54,10.24838,U137-H1-VS2-29.07.2024,U137-H1-VS2-GGA17.5-Cr(VI) 5mg-L-31072024-Q=50.4mL-phút-2
3998,GGA17.5-Cr-5,283.4736,4564,273.73,9.74354,U137-H1-VS2-29.07.2024,U137-H1-VS2-GGA17.5-Cr(VI) 5mg-L-31072024-Q=50.4mL-phút-2
3999,GGA17.5-Cr-5,283.3381,5037,273.7,9.63806,U137-H1-VS2-29.07.2024,U137-H1-VS2-GGA17.5-Cr(VI) 5mg-L-31072024-Q=50.4mL-phút-2
4000,GGA17.5-Cr-5,283.6868,5511,274.31,9.37678,U137-H1-VS2-29.07.2024,U137-H1-VS2-GGA17.5-Cr(VI) 5mg-L-31072024-Q=50.4mL-phút-2
4001,GGA17.5-Cr-5,283.2752,5986,274.48,8.79515,U137-H1-VS2-29.07.2024,U137-H1-VS2-GGA17.5-Cr(VI) 5mg-L-31072024-Q=50.4mL-phút-2
4002,GGA17.5-Cr-5,283.4755,6458,274.73,8.74548,U137-H1-VS2-29.07.2024,U137-H1-VS2-GGA17.5-Cr(VI) 5mg-L-31072024-Q=50.4mL-phút-2
4003,GGA17.5-Cr-5,283.5887,6931,274.81,8.77871,U137-H1-VS2-29.07.2024,U137-H1-VS2-GGA17.5-Cr(VI) 5mg-L-31072024-Q=50.4mL-phút-2
4004,GGA17.5,282.4068,301,272.24,10.16678,U137-H1-VS2-29.07.2024,U137-H1-VS2-GGA17.5-Zn(II) 5mg-L-31072024-Q=50.4mL-phút-2
4005,GGA17.5,282.4584,773,272.37,10.08839,U137-H1-VS2-29.07.2024,U137-H1-VS2-GGA17.5-Zn(II) 5mg-L-31072024-Q=50.4mL-phút-2
4006,GGA17.5,282.6755,1246,272.24,10.43549,U137-H1-VS2-29.07.2024,U137-H1-VS2-GGA17.5-Zn(II) 5mg-L-31072024-Q=50.4mL-phút-2
4007,GGA17.5,282.5645,1719,272.41,10.15452,U137-H1-VS2-29.07.2024,U137-H1-VS2-GGA17.5-Zn(II) 5mg-L-31072024-Q=50.4mL-phút-2
4008,GGA17.5,282.5768,2192,272.43,10.14678,U137-H1-VS2-29.07.2024,U137-H1-VS2-GGA17.5-Zn(II) 5mg-L-31072024-Q=50.4mL-phút-2
4009,GGA17.5-Zn-5,281.9877,2666,272.24,9.74775,U137-H1-VS2-29.07.2024,U137-H1-VS2-GGA17.5-Zn(II) 5mg-L-31072024-Q=50.4mL-phút-2
4010,GGA17.5-Zn-5,281.8703,3140,272.26,9.61031,U137-H1-VS2-29.07.2024,U137-H1-VS2-GGA17.5-Zn(II) 5mg-L-31072024-Q=50.4mL-phút-2
4011,GGA17.5-Zn-5,281.5503,3612,271.63,9.92032,U137-H1-VS2-29.07.2024,U137-H1-VS2-GGA17.5-Zn(II) 5mg-L-31072024-Q=50.4mL-phút-2
4012,GGA17.5-Zn-5,281.3951,4086,270.76,10.63509,U137-H1-VS2-29.07.2024,U137-H1-VS2-GGA17.5-Zn(II) 5mg-L-31072024-Q=50.4mL-phút-2
4013,GGA17.5-Zn-5,281.4153,4559,271.76,9.65529,U137-H1-VS2-29.07.2024,U137-H1-VS2-GGA17.5-Zn(II) 5mg-L-31072024-Q=50.4mL-phút-2
4014,GGA17.5-Zn-5,281.2255,5033,272.14,9.0855,U137-H1-VS2-29.07.2024,U137-H1-VS2-GGA17.5-Zn(II) 5mg-L-31072024-Q=50.4mL-phút-2
4015,GGA17.5-Zn-5,281.2143,5506,272.97,8.24429,U137-H1-VS2-29.07.2024,U137-H1-VS2-GGA17.5-Zn(II) 5mg-L-31072024-Q=50.4mL-phút-2
4016,GGA17.5-Zn-5,280.7729,5980,273.1,7.67285,U137-H1-VS2-29.07.2024,U137-H1-VS2-GGA17.5-Zn(II) 5mg-L-31072024-Q=50.4mL-phút-2
4017,GGA17.5-Zn-5,280.3612,6453,272.99,7.37123,U137-H1-VS2-29.07.2024,U137-H1-VS2-GGA17.5-Zn(II) 5mg-L-31072024-Q=50.4mL-phút-2
4018,GGA17.5-Zn-5,280.9339,6927,273.01,7.92387,U137-H1-VS2-29.07.2024,U137-H1-VS2-GGA17.5-Zn(II) 5mg-L-31072024-Q=50.4mL-phút-2
4019,GGA17.5,362.4796,302,337.2,25.27959,U138-H3-VS2-29.07.2024,U138-H3-VS2-GGA17.5-Ni(II) 5mg-L-31072024-Q=50.66mL-phút-4
4020,GGA17.5,363.096,775,336.6,26.496,U138-H3-VS2-29.07.2024,U138-H3-VS2-GGA17.5-Ni(II) 5mg-L-31072024-Q=50.66mL-phút-4
4021,GGA17.5,363.5531,1247,337.1,26.45306,U138-H3-VS2-29.07.2024,U138-H3-VS2-GGA17.5-Ni(II) 5mg-L-31072024-Q=50.66mL-phút-4
4022,GGA17.5,364.551,1720,338.1,26.45102,U138-H3-VS2-29.07.2024,U138-H3-VS2-GGA17.5-Ni(II) 5mg-L-31072024-Q=50.66mL-phút-4
4023,GGA17.5,362.6904,2194,337.1,25.59038,U138-H3-VS2-29.07.2024,U138-H3-VS2-GGA17.5-Ni(II) 5mg-L-31072024-Q=50.66mL-phút-4
4024,GGA17.5-Ni-5,358.337,2673,334.5,23.83696,U138-H3-VS2-29.07.2024,U138-H3-VS2-GGA17.5-Ni(II) 5mg-L-31072024-Q=50.66mL-phút-4
4025,GGA17.5-Ni-5,358.1457,3148,336.0,22.14565,U138-H3-VS2-29.07.2024,U138-H3-VS2-GGA17.5-Ni(II) 5mg-L-31072024-Q=50.66mL-phút-4
4026,GGA17.5-Ni-5,357.8283,3621,336.0,21.82826,U138-H3-VS2-29.07.2024,U138-H3-VS2-GGA17.5-Ni(II) 5mg-L-31072024-Q=50.66mL-phút-4
4027,GGA17.5-Ni-5,355.8696,4094,336.3,19.56957,U138-H3-VS2-29.07.2024,U138-H3-VS2-GGA17.5-Ni(II) 5mg-L-31072024-Q=50.66mL-phút-4
4028,GGA17.5-Ni-5,355.7311,4568,334.7,21.03111,U138-H3-VS2-29.07.2024,U138-H3-VS2-GGA17.5-Ni(II) 5mg-L-31072024-Q=50.66mL-phút-4
4029,GGA17.5-Ni-5,353.6891,5042,334.8,18.88913,U138-H3-VS2-29.07.2024,U138-H3-VS2-GGA17.5-Ni(II) 5mg-L-31072024-Q=50.66mL-phút-4
4030,GGA17.5-Ni-5,353.7578,5512,334.7,19.05778,U138-H3-VS2-29.07.2024,U138-H3-VS2-GGA17.5-Ni(II) 5mg-L-31072024-Q=50.66mL-phút-4
4031,GGA17.5-Ni-5,353.3913,5987,333.8,19.5913,U138-H3-VS2-29.07.2024,U138-H3-VS2-GGA17.5-Ni(II) 5mg-L-31072024-Q=50.66mL-phút-4
4032,GGA17.5-Ni-5,353.463,6460,334.0,19.46304,U138-H3-VS2-29.07.2024,U138-H3-VS2-GGA17.5-Ni(II) 5mg-L-31072024-Q=50.66mL-phút-4
4033,GGA17.5-Ni-5,352.1717,6933,333.2,18.97174,U138-H3-VS2-29.07.2024,U138-H3-VS2-GGA17.5-Ni(II) 5mg-L-31072024-Q=50.66mL-phút-4
4034,GGA17.5-Ni-5,351.7978,7407,333.0,18.79778,U138-H3-VS2-29.07.2024,U138-H3-VS2-GGA17.5-Ni(II) 5mg-L-31072024-Q=50.66mL-phút-4
4035,GGA17.5-Ni-5,351.5089,7881,333.0,18.50889,U138-H3-VS2-29.07.2024,U138-H3-VS2-GGA17.5-Ni(II) 5mg-L-31072024-Q=50.66mL-phút-4
4036,GGA5,350.3111,301,332.9,17.41111,U138-H3-VS2-29.07.2024,U138-H3-VS2-GGA5-Zn(II) 5mg-L-31072024-Q=50.8mL-phút-1
4037,GGA5,349.7511,776,332.1,17.65111,U138-H3-VS2-29.07.2024,U138-H3-VS2-GGA5-Zn(II) 5mg-L-31072024-Q=50.8mL-phút-1
4038,GGA5,349.3733,1248,331.8,17.57333,U138-H3-VS2-29.07.2024,U138-H3-VS2-GGA5-Zn(II) 5mg-L-31072024-Q=50.8mL-phút-1
4039,GGA5,348.4289,1727,331.2,17.22889,U138-H3-VS2-29.07.2024,U138-H3-VS2-GGA5-Zn(II) 5mg-L-31072024-Q=50.8mL-phút-1
4040,GGA5,347.1391,2203,329.4,17.73913,U138-H3-VS2-29.07.2024,U138-H3-VS2-GGA5-Zn(II) 5mg-L-31072024-Q=50.8mL-phút-1
4041,GGA5,346.0913,2674,328.9,17.1913,U138-H3-VS2-29.07.2024,U138-H3-VS2-GGA5-Zn(II) 5mg-L-31072024-Q=50.8mL-phút-1
4042,GGA5-Zn-5,345.5622,3145,330.1,15.46222,U138-H3-VS2-29.07.2024,U138-H3-VS2-GGA5-Zn(II) 5mg-L-31072024-Q=50.8mL-phút-1
4043,GGA5-Zn-5,344.8087,3623,328.5,16.3087,U138-H3-VS2-29.07.2024,U138-H3-VS2-GGA5-Zn(II) 5mg-L-31072024-Q=50.8mL-phút-1
4044,GGA5-Zn-5,343.8326,4094,328.5,15.33261,U138-H3-VS2-29.07.2024,U138-H3-VS2-GGA5-Zn(II) 5mg-L-31072024-Q=50.8mL-phút-1
4045,GGA5-Zn-5,344.0087,4568,327.5,16.5087,U138-H3-VS2-29.07.2024,U138-H3-VS2-GGA5-Zn(II) 5mg-L-31072024-Q=50.8mL-phút-1
4046,GGA5-Zn-5,343.6311,5042,327.9,15.73111,U138-H3-VS2-29.07.2024,U138-H3-VS2-GGA5-Zn(II) 5mg-L-31072024-Q=50.8mL-phút-1
4047,GGA5-Zn-5,343.2283,5516,328.1,15.12826,U138-H3-VS2-29.07.2024,U138-H3-VS2-GGA5-Zn(II) 5mg-L-31072024-Q=50.8mL-phút-1
4048,GGA5-Zn-5,345.3065,5986,329.5,15.80652,U138-H3-VS2-29.07.2024,U138-H3-VS2-GGA5-Zn(II) 5mg-L-31072024-Q=50.8mL-phút-1
4049,GGA5-Zn-5,342.1711,6461,327.4,14.77111,U138-H3-VS2-29.07.2024,U138-H3-VS2-GGA5-Zn(II) 5mg-L-31072024-Q=50.8mL-phút-1
4050,GGA5-Zn-5,340.5261,6934,325.6,14.92609,U138-H3-VS2-29.07.2024,U138-H3-VS2-GGA5-Zn(II) 5mg-L-31072024-Q=50.8mL-phút-1
4051,GGA5-Zn-5,340.3978,7407,325.4,14.99783,U138-H3-VS2-29.07.2024,U138-H3-VS2-GGA5-Zn(II) 5mg-L-31072024-Q=50.8mL-phút-1
4052,GGA2.5,342.5239,22007,327.0,15.52391,U138-H3-VS2-29.07.2024,U138-H3-VS2-GGA2.5-Cr(VI) 5mg-L-31072024-Q=50.6mL-phút-2
4053,GGA2.5,344.4196,22480,325.7,18.71957,U138-H3-VS2-29.07.2024,U138-H3-VS2-GGA2.5-Cr(VI) 5mg-L-31072024-Q=50.6mL-phút-2
4054,GGA2.5,341.7544,22954,326.3,15.45435,U138-H3-VS2-29.07.2024,U138-H3-VS2-GGA2.5-Cr(VI) 5mg-L-31072024-Q=50.6mL-phút-2
4055,GGA2.5,341.8109,23428,325.9,15.91087,U138-H3-VS2-29.07.2024,U138-H3-VS2-GGA2.5-Cr(VI) 5mg-L-31072024-Q=50.6mL-phút-2
4056,GGA2.5,342.0556,23902,327.3,14.75556,U138-H3-VS2-29.07.2024,U138-H3-VS2-GGA2.5-Cr(VI) 5mg-L-31072024-Q=50.6mL-phút-2
4057,GGA2.5,341.363,24373,326.4,14.96304,U138-H3-VS2-29.07.2024,U138-H3-VS2-GGA2.5-Cr(VI) 5mg-L-31072024-Q=50.6mL-phút-2
4058,GGA2.5-Cr-5,337.9067,24848,323.0,14.90667,U138-H3-VS2-29.07.2024,U138-H3-VS2-GGA2.5-Cr(VI) 5mg-L-31072024-Q=50.6mL-phút-2
4059,GGA2.5-Cr-5,336.88,25321,322.8,14.08,U138-H3-VS2-29.07.2024,U138-H3-VS2-GGA2.5-Cr(VI) 5mg-L-31072024-Q=50.6mL-phút-2
4060,GGA2.5-Cr-5,338.5587,25795,325.0,13.5587,U138-H3-VS2-29.07.2024,U138-H3-VS2-GGA2.5-Cr(VI) 5mg-L-31072024-Q=50.6mL-phút-2
4061,GGA2.5-Cr-5,337.5711,26266,324.4,13.17111,U138-H3-VS2-29.07.2024,U138-H3-VS2-GGA2.5-Cr(VI) 5mg-L-31072024-Q=50.6mL-phút-2
4062,GGA2.5-Cr-5,336.2444,27218,323.2,13.04445,U138-H3-VS2-29.07.2024,U138-H3-VS2-GGA2.5-Cr(VI) 5mg-L-31072024-Q=50.6mL-phút-2
4063,GGA2.5-Cr-5,338.7196,27688,325.3,13.41955,U138-H3-VS2-29.07.2024,U138-H3-VS2-GGA2.5-Cr(VI) 5mg-L-31072024-Q=50.6mL-phút-2
4064,GGA2.5-Cr-5,336.5435,28161,324.5,12.04349,U138-H3-VS2-29.07.2024,U138-H3-VS2-GGA2.5-Cr(VI) 5mg-L-31072024-Q=50.6mL-phút-2
4065,GGA2.5-Cr-5,336.5467,28634,324.6,11.94666,U138-H3-VS2-29.07.2024,U138-H3-VS2-GGA2.5-Cr(VI) 5mg-L-31072024-Q=50.6mL-phút-2
4066,GGA2.5-Cr-5,336.3957,29108,324.8,11.59564,U138-H3-VS2-29.07.2024,U138-H3-VS2-GGA2.5-Cr(VI) 5mg-L-31072024-Q=50.6mL-phút-2
4067,GGA2.5-Cr-5,334.8022,29584,323.1,11.70217,U138-H3-VS2-29.07.2024,U138-H3-VS2-GGA2.5-Cr(VI) 5mg-L-31072024-Q=50.6mL-phút-2
4068,GGA17.5,285.219,302,270.69,14.529,U139-H1-VS2-30.07.2024,U139-H1-VS2-GGA17.5-Ni(II) 5mg-L-01082024-Q=49.84mL-phút-5
4069,GGA17.5,284.932,775,271.26,13.67203,U139-H1-VS2-30.07.2024,U139-H1-VS2-GGA17.5-Ni(II) 5mg-L-01082024-Q=49.84mL-phút-5
4070,GGA17.5,284.9504,1249,270.44,14.51041,U139-H1-VS2-30.07.2024,U139-H1-VS2-GGA17.5-Ni(II) 5mg-L-01082024-Q=49.84mL-phút-5
4071,GGA17.5,285.129,1722,270.53,14.599,U139-H1-VS2-30.07.2024,U139-H1-VS2-GGA17.5-Ni(II) 5mg-L-01082024-Q=49.84mL-phút-5
4072,GGA17.5,284.8902,2196,270.32,14.57019,U139-H1-VS2-30.07.2024,U139-H1-VS2-GGA17.5-Ni(II) 5mg-L-01082024-Q=49.84mL-phút-5
4073,GGA17.5,284.5255,2670,270.59,13.93551,U139-H1-VS2-30.07.2024,U139-H1-VS2-GGA17.5-Ni(II) 5mg-L-01082024-Q=49.84mL-phút-5
4074,GGA17.5-Ni-5,284.1798,3144,271.59,12.5898,U139-H1-VS2-30.07.2024,U139-H1-VS2-GGA17.5-Ni(II) 5mg-L-01082024-Q=49.84mL-phút-5
4075,GGA17.5-Ni-5,284.5682,3616,273.27,11.29817,U139-H1-VS2-30.07.2024,U139-H1-VS2-GGA17.5-Ni(II) 5mg-L-01082024-Q=49.84mL-phút-5
4076,GGA17.5-Ni-5,284.6151,4089,273.06,11.5551,U139-H1-VS2-30.07.2024,U139-H1-VS2-GGA17.5-Ni(II) 5mg-L-01082024-Q=49.84mL-phút-5
4077,GGA17.5-Ni-5,284.7108,4563,272.85,11.86079,U139-H1-VS2-30.07.2024,U139-H1-VS2-GGA17.5-Ni(II) 5mg-L-01082024-Q=49.84mL-phút-5
4078,GGA17.5-Ni-5,284.5208,5038,273.54,10.98081,U139-H1-VS2-30.07.2024,U139-H1-VS2-GGA17.5-Ni(II) 5mg-L-01082024-Q=49.84mL-phút-5
4079,GGA17.5-Ni-5,284.8937,5509,274.02,10.87368,U139-H1-VS2-30.07.2024,U139-H1-VS2-GGA17.5-Ni(II) 5mg-L-01082024-Q=49.84mL-phút-5
4080,GGA17.5-Ni-5,284.326,5989,273.58,10.74601,U139-H1-VS2-30.07.2024,U139-H1-VS2-GGA17.5-Ni(II) 5mg-L-01082024-Q=49.84mL-phút-5
4081,GGA17.5,281.6796,301,270.34,11.33959,U139-H1-VS2-30.07.2024,U139-H1-VS2-GGA17.5-Zn(II) 10mg-L-01082024-Q=50.04mL-phút-3
4082,GGA17.5,282.0967,774,270.23,11.86672,U139-H1-VS2-30.07.2024,U139-H1-VS2-GGA17.5-Zn(II) 10mg-L-01082024-Q=50.04mL-phút-3
4083,GGA17.5,281.89,1249,269.98,11.90999,U139-H1-VS2-30.07.2024,U139-H1-VS2-GGA17.5-Zn(II) 10mg-L-01082024-Q=50.04mL-phút-3
4084,GGA17.5,280.9141,1726,269.23,11.68407,U139-H1-VS2-30.07.2024,U139-H1-VS2-GGA17.5-Zn(II) 10mg-L-01082024-Q=50.04mL-phút-3
4085,GGA17.5,280.582,2201,268.58,12.00205,U139-H1-VS2-30.07.2024,U139-H1-VS2-GGA17.5-Zn(II) 10mg-L-01082024-Q=50.04mL-phút-3
4086,GGA17.5,280.031,2674,268.5,11.531,U139-H1-VS2-30.07.2024,U139-H1-VS2-GGA17.5-Zn(II) 10mg-L-01082024-Q=50.04mL-phút-3
4087,GGA17.5-Zn-10,278.5596,3147,266.99,11.56961,U139-H1-VS2-30.07.2024,U139-H1-VS2-GGA17.5-Zn(II) 10mg-L-01082024-Q=50.04mL-phút-3
4088,GGA17.5-Zn-10,278.5958,3621,266.8,11.79576,U139-H1-VS2-30.07.2024,U139-H1-VS2-GGA17.5-Zn(II) 10mg-L-01082024-Q=50.04mL-phút-3
4089,GGA17.5-Zn-10,278.054,4096,265.63,12.424,U139-H1-VS2-30.07.2024,U139-H1-VS2-GGA17.5-Zn(II) 10mg-L-01082024-Q=50.04mL-phút-3
4090,GGA17.5-Zn-10,278.7085,4569,267.83,10.87855,U139-H1-VS2-30.07.2024,U139-H1-VS2-GGA17.5-Zn(II) 10mg-L-01082024-Q=50.04mL-phút-3
4091,GGA17.5-Zn-10,278.5015,5043,267.87,10.6315,U139-H1-VS2-30.07.2024,U139-H1-VS2-GGA17.5-Zn(II) 10mg-L-01082024-Q=50.04mL-phút-3
4092,GGA17.5-Zn-10,278.4435,5517,267.49,10.95352,U139-H1-VS2-30.07.2024,U139-H1-VS2-GGA17.5-Zn(II) 10mg-L-01082024-Q=50.04mL-phút-3
4093,GGA17.5-Zn-10,278.5183,5989,267.2,11.31824,U139-H1-VS2-30.07.2024,U139-H1-VS2-GGA17.5-Zn(II) 10mg-L-01082024-Q=50.04mL-phút-3
4094,GGA17.5-Zn-10,278.2335,6462,267.16,11.0735,U139-H1-VS2-30.07.2024,U139-H1-VS2-GGA17.5-Zn(II) 10mg-L-01082024-Q=50.04mL-phút-3
4095,GGA17.5-Zn-10,278.2868,6936,267.68,10.60676,U139-H1-VS2-30.07.2024,U139-H1-VS2-GGA17.5-Zn(II) 10mg-L-01082024-Q=50.04mL-phút-3
4096,GGA17.5-Zn-10,278.3463,7409,267.89,10.45624,U139-H1-VS2-30.07.2024,U139-H1-VS2-GGA17.5-Zn(II) 10mg-L-01082024-Q=50.04mL-phút-3
4097,GGA17.5-Zn-10,277.837,7882,268.23,9.60699,U139-H1-VS2-30.07.2024,U139-H1-VS2-GGA17.5-Zn(II) 10mg-L-01082024-Q=50.04mL-phút-3
4098,GGA17.5-Zn-10,277.5933,8357,268.35,9.24324,U139-H1-VS2-30.07.2024,U139-H1-VS2-GGA17.5-Zn(II) 10mg-L-01082024-Q=50.04mL-phút-3
4099,GGA17.5-Zn-10,277.5513,8830,268.25,9.30125,U139-H1-VS2-30.07.2024,U139-H1-VS2-GGA17.5-Zn(II) 10mg-L-01082024-Q=50.04mL-phút-3
4100,GGA17.5,278.3995,301,269.58,8.81951,U139-H1-VS2-30.07.2024,U139-H1-VS2-GGA17.5-Cr(VI) 5mg-L-01082024-Q=49.84mL-phút-4
4101,GGA17.5,278.341,776,269.35,8.99099,U139-H1-VS2-30.07.2024,U139-H1-VS2-GGA17.5-Cr(VI) 5mg-L-01082024-Q=49.84mL-phút-4
4102,GGA17.5,278.7308,1249,269.25,9.48075,U139-H1-VS2-30.07.2024,U139-H1-VS2-GGA17.5-Cr(VI) 5mg-L-01082024-Q=49.84mL-phút-4
4103,GGA17.5,278.4498,1723,269.27,9.17976,U139-H1-VS2-30.07.2024,U139-H1-VS2-GGA17.5-Cr(VI) 5mg-L-01082024-Q=49.84mL-phút-4
4104,GGA17.5,278.3908,2196,268.81,9.58075,U139-H1-VS2-30.07.2024,U139-H1-VS2-GGA17.5-Cr(VI) 5mg-L-01082024-Q=49.84mL-phút-4
4105,GGA17.5,278.0646,2669,268.85,9.21462,U139-H1-VS2-30.07.2024,U139-H1-VS2-GGA17.5-Cr(VI) 5mg-L-01082024-Q=49.84mL-phút-4
4106,GGA17.5-Cr-5,277.3041,3144,268.0,9.30414,U139-H1-VS2-30.07.2024,U139-H1-VS2-GGA17.5-Cr(VI) 5mg-L-01082024-Q=49.84mL-phút-4
4107,GGA17.5-Cr-5,277.1398,3614,266.87,10.26975,U139-H1-VS2-30.07.2024,U139-H1-VS2-GGA17.5-Cr(VI) 5mg-L-01082024-Q=49.84mL-phút-4
4108,GGA17.5-Cr-5,277.277,4090,268.27,9.00701,U139-H1-VS2-30.07.2024,U139-H1-VS2-GGA17.5-Cr(VI) 5mg-L-01082024-Q=49.84mL-phút-4
4109,GGA17.5-Cr-5,277.2627,4562,268.04,9.22264,U139-H1-VS2-30.07.2024,U139-H1-VS2-GGA17.5-Cr(VI) 5mg-L-01082024-Q=49.84mL-phút-4
4110,GGA17.5-Cr-5,275.5484,5042,267.01,8.53836,U139-H1-VS2-30.07.2024,U139-H1-VS2-GGA17.5-Cr(VI) 5mg-L-01082024-Q=49.84mL-phút-4
4111,GGA17.5-Cr-5,277.9542,5504,269.23,8.72423,U139-H1-VS2-30.07.2024,U139-H1-VS2-GGA17.5-Cr(VI) 5mg-L-01082024-Q=49.84mL-phút-4
4112,GGA17.5-Cr-5,275.9394,5979,269.06,6.87941,U139-H1-VS2-30.07.2024,U139-H1-VS2-GGA17.5-Cr(VI) 5mg-L-01082024-Q=49.84mL-phút-4
4113,GGA17.5-Cr-5,277.1285,6450,269.19,7.93853,U139-H1-VS2-30.07.2024,U139-H1-VS2-GGA17.5-Cr(VI) 5mg-L-01082024-Q=49.84mL-phút-4
4114,GGA17.5-Cr-5,277.2841,6924,269.52,7.76413,U139-H1-VS2-30.07.2024,U139-H1-VS2-GGA17.5-Cr(VI) 5mg-L-01082024-Q=49.84mL-phút-4
4115,GGA17.5-Cr-5,276.7074,7400,269.21,7.49736,U139-H1-VS2-30.07.2024,U139-H1-VS2-GGA17.5-Cr(VI) 5mg-L-01082024-Q=49.84mL-phút-4
4116,GGA15,368.52,301,342.4,26.11999,U140-H3-VS2-30.07.2024,U140-H3-VS2-GGA15-Zn(II) 5mg-L-01082024-Q=49.84mL-phút-5
4117,GGA15,363.7575,781,338.6,25.15749,U140-H3-VS2-30.07.2024,U140-H3-VS2-GGA15-Zn(II) 5mg-L-01082024-Q=49.84mL-phút-5
4118,GGA15,364.9829,1254,338.9,26.08293,U140-H3-VS2-30.07.2024,U140-H3-VS2-GGA15-Zn(II) 5mg-L-01082024-Q=49.84mL-phút-5
4119,GGA15,364.1125,1727,338.5,25.61251,U140-H3-VS2-30.07.2024,U140-H3-VS2-GGA15-Zn(II) 5mg-L-01082024-Q=49.84mL-phút-5
4120,GGA15,362.3075,2199,336.3,26.00751,U140-H3-VS2-30.07.2024,U140-H3-VS2-GGA15-Zn(II) 5mg-L-01082024-Q=49.84mL-phút-5
4121,GGA15,362.4825,2672,337.0,25.48249,U140-H3-VS2-30.07.2024,U140-H3-VS2-GGA15-Zn(II) 5mg-L-01082024-Q=49.84mL-phút-5
4122,GGA15-Zn-5,363.995,3152,335.5,28.495,U140-H3-VS2-30.07.2024,U140-H3-VS2-GGA15-Zn(II) 5mg-L-01082024-Q=49.84mL-phút-5
4123,GGA15-Zn-5,363.955,3626,337.0,26.95499,U140-H3-VS2-30.07.2024,U140-H3-VS2-GGA15-Zn(II) 5mg-L-01082024-Q=49.84mL-phút-5
4124,GGA15-Zn-5,363.3425,4100,336.6,26.74249,U140-H3-VS2-30.07.2024,U140-H3-VS2-GGA15-Zn(II) 5mg-L-01082024-Q=49.84mL-phút-5
4125,GGA15-Zn-5,360.8725,4572,337.4,23.47251,U140-H3-VS2-30.07.2024,U140-H3-VS2-GGA15-Zn(II) 5mg-L-01082024-Q=49.84mL-phút-5
4126,GGA15-Zn-5,359.5525,5046,335.6,23.95251,U140-H3-VS2-30.07.2024,U140-H3-VS2-GGA15-Zn(II) 5mg-L-01082024-Q=49.84mL-phút-5
4127,GGA15-Zn-5,357.6366,5520,335.1,22.53658,U140-H3-VS2-30.07.2024,U140-H3-VS2-GGA15-Zn(II) 5mg-L-01082024-Q=49.84mL-phút-5
4128,GGA15-Zn-5,355.9975,5992,335.0,20.99749,U140-H3-VS2-30.07.2024,U140-H3-VS2-GGA15-Zn(II) 5mg-L-01082024-Q=49.84mL-phút-5
4129,GGA15-Zn-5,356.265,6462,337.3,18.965,U140-H3-VS2-30.07.2024,U140-H3-VS2-GGA15-Zn(II) 5mg-L-01082024-Q=49.84mL-phút-5
4130,GGA15-Zn-5,356.8625,6938,337.0,19.86249,U140-H3-VS2-30.07.2024,U140-H3-VS2-GGA15-Zn(II) 5mg-L-01082024-Q=49.84mL-phút-5
4131,GGA15-Zn-5,357.0925,7411,337.9,19.19249,U140-H3-VS2-30.07.2024,U140-H3-VS2-GGA15-Zn(II) 5mg-L-01082024-Q=49.84mL-phút-5
4132,GGA15,344.1425,301,324.1,20.04251,U140-H3-VS2-30.07.2024,U140-H3-VS2-GGA15-Ni(II) 5mg-L-01082024-Q=50.04mL-phút-6
4133,GGA15,343.3976,776,323.3,20.09756,U140-H3-VS2-30.07.2024,U140-H3-VS2-GGA15-Ni(II) 5mg-L-01082024-Q=50.04mL-phút-6
4134,GGA15,343.2775,1255,321.2,22.07749,U140-H3-VS2-30.07.2024,U140-H3-VS2-GGA15-Ni(II) 5mg-L-01082024-Q=50.04mL-phút-6
4135,GGA15,344.9,1725,323.4,21.50001,U140-H3-VS2-30.07.2024,U140-H3-VS2-GGA15-Ni(II) 5mg-L-01082024-Q=50.04mL-phút-6
4136,GGA15,341.355,2200,320.4,20.955,U140-H3-VS2-30.07.2024,U140-H3-VS2-GGA15-Ni(II) 5mg-L-01082024-Q=50.04mL-phút-6
4137,GGA15,341.805,2674,318.6,23.205,U140-H3-VS2-30.07.2024,U140-H3-VS2-GGA15-Ni(II) 5mg-L-01082024-Q=50.04mL-phút-6
4138,GGA15-Ni-5,341.545,3148,318.4,23.145,U140-H3-VS2-30.07.2024,U140-H3-VS2-GGA15-Ni(II) 5mg-L-01082024-Q=50.04mL-phút-6
4139,GGA15-Ni-5,341.275,3620,319.1,22.17501,U140-H3-VS2-30.07.2024,U140-H3-VS2-GGA15-Ni(II) 5mg-L-01082024-Q=50.04mL-phút-6
4140,GGA15-Ni-5,342.28,4096,325.2,17.08001,U140-H3-VS2-30.07.2024,U140-H3-VS2-GGA15-Ni(II) 5mg-L-01082024-Q=50.04mL-phút-6
4141,GGA15-Ni-5,343.21,4569,325.1,18.11,U140-H3-VS2-30.07.2024,U140-H3-VS2-GGA15-Ni(II) 5mg-L-01082024-Q=50.04mL-phút-6
4142,GGA15-Ni-5,343.775,5044,326.7,17.075,U140-H3-VS2-30.07.2024,U140-H3-VS2-GGA15-Ni(II) 5mg-L-01082024-Q=50.04mL-phút-6
4143,GGA15-Ni-5,343.6756,5515,326.7,16.97561,U140-H3-VS2-30.07.2024,U140-H3-VS2-GGA15-Ni(II) 5mg-L-01082024-Q=50.04mL-phút-6
4144,GGA15-Ni-5,342.2325,5988,325.1,17.1325,U140-H3-VS2-30.07.2024,U140-H3-VS2-GGA15-Ni(II) 5mg-L-01082024-Q=50.04mL-phút-6
4145,GGA15-Ni-5,341.7975,6460,327.0,14.79751,U140-H3-VS2-30.07.2024,U140-H3-VS2-GGA15-Ni(II) 5mg-L-01082024-Q=50.04mL-phút-6
4146,GGA15-Ni-5,341.3,6936,326.0,15.29999,U140-H3-VS2-30.07.2024,U140-H3-VS2-GGA15-Ni(II) 5mg-L-01082024-Q=50.04mL-phút-6
4147,GGA15-Ni-5,341.97,7407,327.2,14.77,U140-H3-VS2-30.07.2024,U140-H3-VS2-GGA15-Ni(II) 5mg-L-01082024-Q=50.04mL-phút-6
4148,GGA5,339.645,301,322.5,17.14501,U140-H3-VS2-30.07.2024,U140-H3-VS2-GGA5-Cr(VI) 5mg-L-01082024-Q=50.48mL-phút-1
4149,GGA5,338.46,778,320.2,18.26,U140-H3-VS2-30.07.2024,U140-H3-VS2-GGA5-Cr(VI) 5mg-L-01082024-Q=50.48mL-phút-1
4150,GGA5,338.0925,1252,320.1,17.99249,U140-H3-VS2-30.07.2024,U140-H3-VS2-GGA5-Cr(VI) 5mg-L-01082024-Q=50.48mL-phút-1
4151,GGA5,339.265,1732,320.9,18.36501,U140-H3-VS2-30.07.2024,U140-H3-VS2-GGA5-Cr(VI) 5mg-L-01082024-Q=50.48mL-phút-1
4152,GGA5,338.0025,2205,319.2,18.80249,U140-H3-VS2-30.07.2024,U140-H3-VS2-GGA5-Cr(VI) 5mg-L-01082024-Q=50.48mL-phút-1
4153,GGA5,337.805,2677,319.6,18.20501,U140-H3-VS2-30.07.2024,U140-H3-VS2-GGA5-Cr(VI) 5mg-L-01082024-Q=50.48mL-phút-1
4154,GGA5-Cr-5,348.855,3151,328.8,20.05501,U140-H3-VS2-30.07.2024,U140-H3-VS2-GGA5-Cr(VI) 5mg-L-01082024-Q=50.48mL-phút-1
4155,GGA5-Cr-5,343.015,3625,324.9,18.115,U140-H3-VS2-30.07.2024,U140-H3-VS2-GGA5-Cr(VI) 5mg-L-01082024-Q=50.48mL-phút-1
4156,GGA5-Cr-5,344.8971,4095,328.9,15.99705,U140-H3-VS2-30.07.2024,U140-H3-VS2-GGA5-Cr(VI) 5mg-L-01082024-Q=50.48mL-phút-1
4157,GGA5-Cr-5,347.2324,4569,331.7,15.53235,U140-H3-VS2-30.07.2024,U140-H3-VS2-GGA5-Cr(VI) 5mg-L-01082024-Q=50.48mL-phút-1
4158,GGA5-Cr-5,346.1647,5045,332.8,13.3647,U140-H3-VS2-30.07.2024,U140-H3-VS2-GGA5-Cr(VI) 5mg-L-01082024-Q=50.48mL-phút-1
4159,GGA5-Cr-5,345.7438,5519,332.0,13.74376,U140-H3-VS2-30.07.2024,U140-H3-VS2-GGA5-Cr(VI) 5mg-L-01082024-Q=50.48mL-phút-1
4160,GGA5-Cr-5,345.3467,5989,332.2,13.14667,U140-H3-VS2-30.07.2024,U140-H3-VS2-GGA5-Cr(VI) 5mg-L-01082024-Q=50.48mL-phút-1
4161,GGA5-Cr-5,344.8533,6463,332.4,12.45334,U140-H3-VS2-30.07.2024,U140-H3-VS2-GGA5-Cr(VI) 5mg-L-01082024-Q=50.48mL-phút-1
4162,GGA5-Cr-5,344.6688,6935,333.4,11.26874,U140-H3-VS2-30.07.2024,U140-H3-VS2-GGA5-Cr(VI) 5mg-L-01082024-Q=50.48mL-phút-1
4163,GGA5-Cr-5,343.64,7410,333.5,10.14,U140-H3-VS2-30.07.2024,U140-H3-VS2-GGA5-Cr(VI) 5mg-L-01082024-Q=50.48mL-phút-1
4164,GGA5-Cr-5,343.8625,7881,333.1,10.76252,U140-H3-VS2-30.07.2024,U140-H3-VS2-GGA5-Cr(VI) 5mg-L-01082024-Q=50.48mL-phút-1
4165,GGA17.5,281.645,303,268.56,13.085,U141-H1-VS2-01.08.2024,U141-H1-VS2-GGA17.5-Cr(VI) 10mg-L-02082024-Q=50.34mL-phút-5
4166,GGA17.5,281.5644,774,269.21,12.35441,U141-H1-VS2-01.08.2024,U141-H1-VS2-GGA17.5-Cr(VI) 10mg-L-02082024-Q=50.34mL-phút-5
4167,GGA17.5,281.8241,1249,268.79,13.03407,U141-H1-VS2-01.08.2024,U141-H1-VS2-GGA17.5-Cr(VI) 10mg-L-02082024-Q=50.34mL-phút-5
4168,GGA17.5,281.6696,1721,269.31,12.35959,U141-H1-VS2-01.08.2024,U141-H1-VS2-GGA17.5-Cr(VI) 10mg-L-02082024-Q=50.34mL-phút-5
4169,GGA17.5,281.8371,2195,269.0,12.83714,U141-H1-VS2-01.08.2024,U141-H1-VS2-GGA17.5-Cr(VI) 10mg-L-02082024-Q=50.34mL-phút-5
4170,GGA17.5,281.5927,2668,268.37,13.22265,U141-H1-VS2-01.08.2024,U141-H1-VS2-GGA17.5-Cr(VI) 10mg-L-02082024-Q=50.34mL-phút-5
4171,GGA17.5-Cr-10,281.1522,3142,268.31,12.84224,U141-H1-VS2-01.08.2024,U141-H1-VS2-GGA17.5-Cr(VI) 10mg-L-02082024-Q=50.34mL-phút-5
4172,GGA17.5-Cr-10,281.3684,3616,269.29,12.07836,U141-H1-VS2-01.08.2024,U141-H1-VS2-GGA17.5-Cr(VI) 10mg-L-02082024-Q=50.34mL-phút-5
4173,GGA17.5-Cr-10,281.0771,4087,269.63,11.44714,U141-H1-VS2-01.08.2024,U141-H1-VS2-GGA17.5-Cr(VI) 10mg-L-02082024-Q=50.34mL-phút-5
4174,GGA17.5-Cr-10,280.7378,4562,269.9,10.83776,U141-H1-VS2-01.08.2024,U141-H1-VS2-GGA17.5-Cr(VI) 10mg-L-02082024-Q=50.34mL-phút-5
4175,GGA17.5-Cr-10,280.5804,5035,270.76,9.8204,U141-H1-VS2-01.08.2024,U141-H1-VS2-GGA17.5-Cr(VI) 10mg-L-02082024-Q=50.34mL-phút-5
4176,GGA17.5-Cr-10,280.7992,5508,271.49,9.30921,U141-H1-VS2-01.08.2024,U141-H1-VS2-GGA17.5-Cr(VI) 10mg-L-02082024-Q=50.34mL-phút-5
4177,GGA17.5-Cr-10,280.8806,5981,272.39,8.49059,U141-H1-VS2-01.08.2024,U141-H1-VS2-GGA17.5-Cr(VI) 10mg-L-02082024-Q=50.34mL-phút-5
4178,GGA17.5-Cr-10,280.7176,6456,272.93,7.78761,U141-H1-VS2-01.08.2024,U141-H1-VS2-GGA17.5-Cr(VI) 10mg-L-02082024-Q=50.34mL-phút-5
4179,GGA17.5-Cr-10,280.9747,6928,273.24,7.73471,U141-H1-VS2-01.08.2024,U141-H1-VS2-GGA17.5-Cr(VI) 10mg-L-02082024-Q=50.34mL-phút-5
4180,GGA17.5-Cr-10,280.838,7401,273.68,7.15797,U141-H1-VS2-01.08.2024,U141-H1-VS2-GGA17.5-Cr(VI) 10mg-L-02082024-Q=50.34mL-phút-5
4181,GGA17.5-Cr-10,281.0927,7876,274.31,6.78265,U141-H1-VS2-01.08.2024,U141-H1-VS2-GGA17.5-Cr(VI) 10mg-L-02082024-Q=50.34mL-phút-5
4182,GGA17.5-Cr-10,280.6574,8349,274.29,6.36739,U141-H1-VS2-01.08.2024,U141-H1-VS2-GGA17.5-Cr(VI) 10mg-L-02082024-Q=50.34mL-phút-5
4183,GGA17.5-Cr-10,280.8124,8823,274.73,6.08239,U141-H1-VS2-01.08.2024,U141-H1-VS2-GGA17.5-Cr(VI) 10mg-L-02082024-Q=50.34mL-phút-5
4184,GGA20,279.3825,302,272.99,6.39246,U141-H1-VS2-01.08.2024,U141-H1-VS2-GGA20-Ni(II) 10mg-L-02082024-Q=50.04mL-phút-3
4185,GGA20,279.5794,777,272.95,6.62938,U141-H1-VS2-01.08.2024,U141-H1-VS2-GGA20-Ni(II) 10mg-L-02082024-Q=50.04mL-phút-3
4186,GGA20,279.4304,1247,272.85,6.5804,U141-H1-VS2-01.08.2024,U141-H1-VS2-GGA20-Ni(II) 10mg-L-02082024-Q=50.04mL-phút-3
4187,GGA20,279.3647,1724,273.04,6.32469,U141-H1-VS2-01.08.2024,U141-H1-VS2-GGA20-Ni(II) 10mg-L-02082024-Q=50.04mL-phút-3
4188,GGA20,279.1965,2196,272.85,6.34652,U141-H1-VS2-01.08.2024,U141-H1-VS2-GGA20-Ni(II) 10mg-L-02082024-Q=50.04mL-phút-3
4189,GGA20,278.7016,2670,272.37,6.33164,U141-H1-VS2-01.08.2024,U141-H1-VS2-GGA20-Ni(II) 10mg-L-02082024-Q=50.04mL-phút-3
4190,GGA20-Ni-10,278.3188,3144,272.76,5.55879,U141-H1-VS2-01.08.2024,U141-H1-VS2-GGA20-Ni(II) 10mg-L-02082024-Q=50.04mL-phút-3
4191,GGA20-Ni-10,278.2692,3616,273.2,5.06917,U141-H1-VS2-01.08.2024,U141-H1-VS2-GGA20-Ni(II) 10mg-L-02082024-Q=50.04mL-phút-3
4192,GGA20-Ni-10,278.2143,4090,272.91,5.30429,U141-H1-VS2-01.08.2024,U141-H1-VS2-GGA20-Ni(II) 10mg-L-02082024-Q=50.04mL-phút-3
4193,GGA20-Ni-10,278.1322,4566,273.16,4.97224,U141-H1-VS2-01.08.2024,U141-H1-VS2-GGA20-Ni(II) 10mg-L-02082024-Q=50.04mL-phút-3
4194,GGA20-Ni-10,277.9592,5037,273.06,4.89919,U141-H1-VS2-01.08.2024,U141-H1-VS2-GGA20-Ni(II) 10mg-L-02082024-Q=50.04mL-phút-3
4195,GGA20-Ni-10,277.81,5511,272.93,4.88001,U141-H1-VS2-01.08.2024,U141-H1-VS2-GGA20-Ni(II) 10mg-L-02082024-Q=50.04mL-phút-3
4196,GGA20-Ni-10,277.7253,5984,272.58,5.14532,U141-H1-VS2-01.08.2024,U141-H1-VS2-GGA20-Ni(II) 10mg-L-02082024-Q=50.04mL-phút-3
4197,GGA20-Ni-10,278.2106,6456,273.62,4.59061,U141-H1-VS2-01.08.2024,U141-H1-VS2-GGA20-Ni(II) 10mg-L-02082024-Q=50.04mL-phút-3
4198,GGA20-Ni-10,277.9602,6928,273.77,4.19021,U141-H1-VS2-01.08.2024,U141-H1-VS2-GGA20-Ni(II) 10mg-L-02082024-Q=50.04mL-phút-3
4199,GGA20-Ni-10,277.4023,7403,272.99,4.41226,U141-H1-VS2-01.08.2024,U141-H1-VS2-GGA20-Ni(II) 10mg-L-02082024-Q=50.04mL-phút-3
4200,GGA20-Ni-10,276.9176,7877,272.81,4.10755,U141-H1-VS2-01.08.2024,U141-H1-VS2-GGA20-Ni(II) 10mg-L-02082024-Q=50.04mL-phút-3
4201,GGA12.5,362.6067,301,343.1,19.50665,U142-H3-VS2-31.07.2024,U142-H3-VS2-GGA12.5-Zn(II) 10mg-L-02082024-Q=50.52mL-phút-5
4202,GGA12.5,366.6774,782,347.6,19.07741,U142-H3-VS2-31.07.2024,U142-H3-VS2-GGA12.5-Zn(II) 10mg-L-02082024-Q=50.52mL-phút-5
4203,GGA12.5,368.0355,1257,348.7,19.3355,U142-H3-VS2-31.07.2024,U142-H3-VS2-GGA12.5-Zn(II) 10mg-L-02082024-Q=50.52mL-phút-5
4204,GGA12.5,366.529,1729,347.0,19.52903,U142-H3-VS2-31.07.2024,U142-H3-VS2-GGA12.5-Zn(II) 10mg-L-02082024-Q=50.52mL-phút-5
4205,GGA12.5,363.6097,2203,344.4,19.20968,U142-H3-VS2-31.07.2024,U142-H3-VS2-GGA12.5-Zn(II) 10mg-L-02082024-Q=50.52mL-phút-5
4206,GGA12.5-Zn-10,363.8323,2677,346.2,17.63227,U142-H3-VS2-31.07.2024,U142-H3-VS2-GGA12.5-Zn(II) 10mg-L-02082024-Q=50.52mL-phút-5
4207,GGA12.5-Zn-10,364.0484,3150,340.3,23.7484,U142-H3-VS2-31.07.2024,U142-H3-VS2-GGA12.5-Zn(II) 10mg-L-02082024-Q=50.52mL-phút-5
4208,GGA12.5-Zn-10,365.3129,3622,346.4,18.91291,U142-H3-VS2-31.07.2024,U142-H3-VS2-GGA12.5-Zn(II) 10mg-L-02082024-Q=50.52mL-phút-5
4209,GGA12.5-Zn-10,365.7548,4095,347.7,18.05484,U142-H3-VS2-31.07.2024,U142-H3-VS2-GGA12.5-Zn(II) 10mg-L-02082024-Q=50.52mL-phút-5
4210,GGA12.5-Zn-10,364.9839,4569,347.3,17.68388,U142-H3-VS2-31.07.2024,U142-H3-VS2-GGA12.5-Zn(II) 10mg-L-02082024-Q=50.52mL-phút-5
4211,GGA12.5-Zn-10,364.9742,5043,347.9,17.07419,U142-H3-VS2-31.07.2024,U142-H3-VS2-GGA12.5-Zn(II) 10mg-L-02082024-Q=50.52mL-phút-5
4212,GGA12.5-Zn-10,362.0097,5516,345.6,16.40967,U142-H3-VS2-31.07.2024,U142-H3-VS2-GGA12.5-Zn(II) 10mg-L-02082024-Q=50.52mL-phút-5
4213,GGA12.5-Zn-10,361.8968,5988,346.3,15.59676,U142-H3-VS2-31.07.2024,U142-H3-VS2-GGA12.5-Zn(II) 10mg-L-02082024-Q=50.52mL-phút-5
4214,GGA12.5-Zn-10,361.0419,6464,345.4,15.64193,U142-H3-VS2-31.07.2024,U142-H3-VS2-GGA12.5-Zn(II) 10mg-L-02082024-Q=50.52mL-phút-5
4215,GGA12.5,359.7903,301,344.3,15.49033,U142-H3-VS2-31.07.2024,U142-H3-VS2-GGA12.5-Cr(VI) 15mg-L-02082024-Q=50.05mL-phút-5
4216,GGA12.5,358.5613,780,342.1,16.4613,U142-H3-VS2-31.07.2024,U142-H3-VS2-GGA12.5-Cr(VI) 15mg-L-02082024-Q=50.05mL-phút-5
4217,GGA12.5,357.471,1252,340.5,16.97097,U142-H3-VS2-31.07.2024,U142-H3-VS2-GGA12.5-Cr(VI) 15mg-L-02082024-Q=50.05mL-phút-5
4218,GGA12.5,358.629,1726,342.1,16.52904,U142-H3-VS2-31.07.2024,U142-H3-VS2-GGA12.5-Cr(VI) 15mg-L-02082024-Q=50.05mL-phút-5
4219,GGA12.5,358.3194,2199,341.7,16.61937,U142-H3-VS2-31.07.2024,U142-H3-VS2-GGA12.5-Cr(VI) 15mg-L-02082024-Q=50.05mL-phút-5
4220,GGA12.5,355.5742,2673,340.1,15.4742,U142-H3-VS2-31.07.2024,U142-H3-VS2-GGA12.5-Cr(VI) 15mg-L-02082024-Q=50.05mL-phút-5
4221,GGA12.5-Cr-15,358.229,3148,340.7,17.52903,U142-H3-VS2-31.07.2024,U142-H3-VS2-GGA12.5-Cr(VI) 15mg-L-02082024-Q=50.05mL-phút-5
4222,GGA12.5-Cr-15,355.3194,3620,339.2,16.11937,U142-H3-VS2-31.07.2024,U142-H3-VS2-GGA12.5-Cr(VI) 15mg-L-02082024-Q=50.05mL-phút-5
4223,GGA12.5-Cr-15,354.5839,4092,340.1,14.48388,U142-H3-VS2-31.07.2024,U142-H3-VS2-GGA12.5-Cr(VI) 15mg-L-02082024-Q=50.05mL-phút-5
4224,GGA12.5-Cr-15,353.9968,4567,341.5,12.49676,U142-H3-VS2-31.07.2024,U142-H3-VS2-GGA12.5-Cr(VI) 15mg-L-02082024-Q=50.05mL-phút-5
4225,GGA12.5-Cr-15,353.2226,5039,342.2,11.02257,U142-H3-VS2-31.07.2024,U142-H3-VS2-GGA12.5-Cr(VI) 15mg-L-02082024-Q=50.05mL-phút-5
4226,GGA12.5-Cr-15,354.729,5511,344.1,10.62903,U142-H3-VS2-31.07.2024,U142-H3-VS2-GGA12.5-Cr(VI) 15mg-L-02082024-Q=50.05mL-phút-5
4227,GGA12.5-Cr-15,354.2839,5986,343.9,10.38387,U142-H3-VS2-31.07.2024,U142-H3-VS2-GGA12.5-Cr(VI) 15mg-L-02082024-Q=50.05mL-phút-5
4228,GGA12.5-Cr-15,355.329,6465,345.2,10.12903,U142-H3-VS2-31.07.2024,U142-H3-VS2-GGA12.5-Cr(VI) 15mg-L-02082024-Q=50.05mL-phút-5
4229,GGA20,290.162,301,275.84,14.32204,U143-H1-VS2-01.08.2024,U143-H1-VS2-GGA20-Cr(VI) 5mg-L-05082024-Q=50.36mL-phút-5
4230,GGA20,289.5292,781,274.71,14.81919,U143-H1-VS2-01.08.2024,U143-H1-VS2-GGA20-Cr(VI) 5mg-L-05082024-Q=50.36mL-phút-5
4231,GGA20,290.1027,1260,275.21,14.89266,U143-H1-VS2-01.08.2024,U143-H1-VS2-GGA20-Cr(VI) 5mg-L-05082024-Q=50.36mL-phút-5
4232,GGA20,289.7223,1733,275.38,14.34225,U143-H1-VS2-01.08.2024,U143-H1-VS2-GGA20-Cr(VI) 5mg-L-05082024-Q=50.36mL-phút-5
4233,GGA20,289.468,2210,274.65,14.81797,U143-H1-VS2-01.08.2024,U143-H1-VS2-GGA20-Cr(VI) 5mg-L-05082024-Q=50.36mL-phút-5
4234,GGA20,288.6898,2681,274.65,14.03981,U143-H1-VS2-01.08.2024,U143-H1-VS2-GGA20-Cr(VI) 5mg-L-05082024-Q=50.36mL-phút-5
4235,GGA20-Cr-5,288.3886,3154,273.77,14.61858,U143-H1-VS2-01.08.2024,U143-H1-VS2-GGA20-Cr(VI) 5mg-L-05082024-Q=50.36mL-phút-5
4236,GGA20-Cr-5,287.9176,3635,273.29,14.62759,U143-H1-VS2-01.08.2024,U143-H1-VS2-GGA20-Cr(VI) 5mg-L-05082024-Q=50.36mL-phút-5
4237,GGA20-Cr-5,287.7024,4101,274.88,12.8224,U143-H1-VS2-01.08.2024,U143-H1-VS2-GGA20-Cr(VI) 5mg-L-05082024-Q=50.36mL-phút-5
4238,GGA20-Cr-5,286.7086,4576,275.48,11.22856,U143-H1-VS2-01.08.2024,U143-H1-VS2-GGA20-Cr(VI) 5mg-L-05082024-Q=50.36mL-phút-5
4239,GGA20-Cr-5,286.711,5052,275.27,11.44101,U143-H1-VS2-01.08.2024,U143-H1-VS2-GGA20-Cr(VI) 5mg-L-05082024-Q=50.36mL-phút-5
4240,GGA20-Cr-5,286.6218,5524,276.07,10.55179,U143-H1-VS2-01.08.2024,U143-H1-VS2-GGA20-Cr(VI) 5mg-L-05082024-Q=50.36mL-phút-5
4241,GGA20-Cr-5,286.2956,5996,276.23,10.06559,U143-H1-VS2-01.08.2024,U143-H1-VS2-GGA20-Cr(VI) 5mg-L-05082024-Q=50.36mL-phút-5
4242,GGA20-Cr-5,286.0082,6474,276.11,9.89817,U143-H1-VS2-01.08.2024,U143-H1-VS2-GGA20-Cr(VI) 5mg-L-05082024-Q=50.36mL-phút-5
4243,GGA20-Cr-5,286.1327,6946,275.61,10.52266,U143-H1-VS2-01.08.2024,U143-H1-VS2-GGA20-Cr(VI) 5mg-L-05082024-Q=50.36mL-phút-5
4244,GGA20,285.7156,301,274.6,11.11559,U143-H1-VS2-01.08.2024,U143-H1-VS2-GGA20-Zn(II) 5mg-L-05082024-Q=50.24mL-phút-2
4245,GGA20,285.4712,775,273.75,11.72123,U143-H1-VS2-01.08.2024,U143-H1-VS2-GGA20-Zn(II) 5mg-L-05082024-Q=50.24mL-phút-2
4246,GGA20,284.8816,1248,274.31,10.57163,U143-H1-VS2-01.08.2024,U143-H1-VS2-GGA20-Zn(II) 5mg-L-05082024-Q=50.24mL-phút-2
4247,GGA20,285.125,1723,273.75,11.375,U143-H1-VS2-01.08.2024,U143-H1-VS2-GGA20-Zn(II) 5mg-L-05082024-Q=50.24mL-phút-2
4248,GGA20,284.8954,2197,273.27,11.62541,U143-H1-VS2-01.08.2024,U143-H1-VS2-GGA20-Zn(II) 5mg-L-05082024-Q=50.24mL-phút-2
4249,GGA20,284.7071,2668,273.79,10.91713,U143-H1-VS2-01.08.2024,U143-H1-VS2-GGA20-Zn(II) 5mg-L-05082024-Q=50.24mL-phút-2
4250,GGA20,284.4198,3142,273.33,11.08981,U143-H1-VS2-01.08.2024,U143-H1-VS2-GGA20-Zn(II) 5mg-L-05082024-Q=50.24mL-phút-2
4251,GGA20-Zn-5,284.1886,3617,275.23,8.95856,U143-H1-VS2-01.08.2024,U143-H1-VS2-GGA20-Zn(II) 5mg-L-05082024-Q=50.24mL-phút-2
4252,GGA20-Zn-5,284.7823,4086,277.95,6.83224,U143-H1-VS2-01.08.2024,U143-H1-VS2-GGA20-Zn(II) 5mg-L-05082024-Q=50.24mL-phút-2
4253,GGA20-Zn-5,285.28,4563,277.7,7.57999,U143-H1-VS2-01.08.2024,U143-H1-VS2-GGA20-Zn(II) 5mg-L-05082024-Q=50.24mL-phút-2
4254,GGA20-Zn-5,285.2295,5036,278.03,7.1995,U143-H1-VS2-01.08.2024,U143-H1-VS2-GGA20-Zn(II) 5mg-L-05082024-Q=50.24mL-phút-2
4255,GGA20-Zn-5,284.2659,5511,277.64,6.62589,U143-H1-VS2-01.08.2024,U143-H1-VS2-GGA20-Zn(II) 5mg-L-05082024-Q=50.24mL-phút-2
4256,GGA20-Zn-5,284.1956,5985,277.34,6.85564,U143-H1-VS2-01.08.2024,U143-H1-VS2-GGA20-Zn(II) 5mg-L-05082024-Q=50.24mL-phút-2
4257,GGA20-Zn-5,283.7567,6459,277.51,6.24666,U143-H1-VS2-01.08.2024,U143-H1-VS2-GGA20-Zn(II) 5mg-L-05082024-Q=50.24mL-phút-2
4258,GGA17.5,283.8772,301,275.02,8.85719,U143-H1-VS2-01.08.2024,U143-H1-VS2-GGA17.5-Ni(II) 15mg-L-05082024-Q=50.66mL-phút-2
4259,GGA17.5,283.5603,777,274.39,9.17025,U143-H1-VS2-01.08.2024,U143-H1-VS2-GGA17.5-Ni(II) 15mg-L-05082024-Q=50.66mL-phút-2
4260,GGA17.5,283.4513,1249,274.42,9.03127,U143-H1-VS2-01.08.2024,U143-H1-VS2-GGA17.5-Ni(II) 15mg-L-05082024-Q=50.66mL-phút-2
4261,GGA17.5,283.3978,1722,274.25,9.14775,U143-H1-VS2-01.08.2024,U143-H1-VS2-GGA17.5-Ni(II) 15mg-L-05082024-Q=50.66mL-phút-2
4262,GGA17.5,283.5926,2194,274.31,9.28256,U143-H1-VS2-01.08.2024,U143-H1-VS2-GGA17.5-Ni(II) 15mg-L-05082024-Q=50.66mL-phút-2
4263,GGA17.5,282.2095,2668,273.6,8.60948,U143-H1-VS2-01.08.2024,U143-H1-VS2-GGA17.5-Ni(II) 15mg-L-05082024-Q=50.66mL-phút-2
4264,GGA17.5,282.4872,3141,273.77,8.71719,U143-H1-VS2-01.08.2024,U143-H1-VS2-GGA17.5-Ni(II) 15mg-L-05082024-Q=50.66mL-phút-2
4265,GGA17.5-Ni-15,286.4705,3621,277.51,8.9605,U143-H1-VS2-01.08.2024,U143-H1-VS2-GGA17.5-Ni(II) 15mg-L-05082024-Q=50.66mL-phút-2
4266,GGA17.5-Ni-15,286.8418,4095,278.28,8.56179,U143-H1-VS2-01.08.2024,U143-H1-VS2-GGA17.5-Ni(II) 15mg-L-05082024-Q=50.66mL-phút-2
4267,GGA17.5-Ni-15,286.6135,4570,277.62,8.9935,U143-H1-VS2-01.08.2024,U143-H1-VS2-GGA17.5-Ni(II) 15mg-L-05082024-Q=50.66mL-phút-2
4268,GGA17.5-Ni-15,286.482,5040,278.51,7.97199,U143-H1-VS2-01.08.2024,U143-H1-VS2-GGA17.5-Ni(II) 15mg-L-05082024-Q=50.66mL-phút-2
4269,GGA17.5-Ni-15,286.6121,5514,279.25,7.36205,U143-H1-VS2-01.08.2024,U143-H1-VS2-GGA17.5-Ni(II) 15mg-L-05082024-Q=50.66mL-phút-2
4270,GGA17.5-Ni-15,286.5018,5986,279.06,7.4418,U143-H1-VS2-01.08.2024,U143-H1-VS2-GGA17.5-Ni(II) 15mg-L-05082024-Q=50.66mL-phút-2
4271,GGA17.5-Ni-15,286.559,6460,279.04,7.51896,U143-H1-VS2-01.08.2024,U143-H1-VS2-GGA17.5-Ni(II) 15mg-L-05082024-Q=50.66mL-phút-2
4272,GGA17.5-Ni-15,286.3077,6933,278.91,7.39774,U143-H1-VS2-01.08.2024,U143-H1-VS2-GGA17.5-Ni(II) 15mg-L-05082024-Q=50.66mL-phút-2
4273,GGA17.5-Ni-15,285.3712,7406,278.64,6.73114,U143-H1-VS2-01.08.2024,U143-H1-VS2-GGA17.5-Ni(II) 15mg-L-05082024-Q=50.66mL-phút-2
4274,GGA17.5-Ni-15,285.316,7881,278.47,6.84597,U143-H1-VS2-01.08.2024,U143-H1-VS2-GGA17.5-Ni(II) 15mg-L-05082024-Q=50.66mL-phút-2
4275,GGA17.5-Ni-15,285.0016,8356,278.22,6.78161,U143-H1-VS2-01.08.2024,U143-H1-VS2-GGA17.5-Ni(II) 15mg-L-05082024-Q=50.66mL-phút-2
4276,GGA20,355.5154,301,329.5,26.0154,U144-H3-VS2-01.08.2024,U144-H3-VS2-GGA20-Ni(II) 5mg-L-05082024-Q=49.96mL-phút-5
4277,GGA20,356.2931,774,329.6,26.69309,U144-H3-VS2-01.08.2024,U144-H3-VS2-GGA20-Ni(II) 5mg-L-05082024-Q=49.96mL-phút-5
4278,GGA20,352.2483,1254,326.0,26.24827,U144-H3-VS2-01.08.2024,U144-H3-VS2-GGA20-Ni(II) 5mg-L-05082024-Q=49.96mL-phút-5
4279,GGA20,349.8067,1734,323.1,26.70667,U144-H3-VS2-01.08.2024,U144-H3-VS2-GGA20-Ni(II) 5mg-L-05082024-Q=49.96mL-phút-5
4280,GGA20,355.2035,2215,328.8,26.40346,U144-H3-VS2-01.08.2024,U144-H3-VS2-GGA20-Ni(II) 5mg-L-05082024-Q=49.96mL-phút-5
4281,GGA20-Ni-5,351.7,2689,330.9,20.79999,U144-H3-VS2-01.08.2024,U144-H3-VS2-GGA20-Ni(II) 5mg-L-05082024-Q=49.96mL-phút-5
4282,GGA20-Ni-5,351.6966,3162,332.4,19.29656,U144-H3-VS2-01.08.2024,U144-H3-VS2-GGA20-Ni(II) 5mg-L-05082024-Q=49.96mL-phút-5
4283,GGA20-Ni-5,350.0828,3635,332.4,17.68277,U144-H3-VS2-01.08.2024,U144-H3-VS2-GGA20-Ni(II) 5mg-L-05082024-Q=49.96mL-phút-5
4284,GGA20-Ni-5,350.9138,4109,333.4,17.51378,U144-H3-VS2-01.08.2024,U144-H3-VS2-GGA20-Ni(II) 5mg-L-05082024-Q=49.96mL-phút-5
4285,GGA20-Ni-5,350.1379,4582,332.0,18.13794,U144-H3-VS2-01.08.2024,U144-H3-VS2-GGA20-Ni(II) 5mg-L-05082024-Q=49.96mL-phút-5
4286,GGA20-Ni-5,350.9656,5056,332.7,18.26561,U144-H3-VS2-01.08.2024,U144-H3-VS2-GGA20-Ni(II) 5mg-L-05082024-Q=49.96mL-phút-5
4287,GGA17.5,352.0094,301,330.9,21.10937,U144-H3-VS2-01.08.2024,U144-H3-VS2-GGA17.5-Zn(II) 5mg-L-05082024-Q=49.96mL-phút-3
4288,GGA17.5,349.8875,780,327.6,22.2875,U144-H3-VS2-01.08.2024,U144-H3-VS2-GGA17.5-Zn(II) 5mg-L-05082024-Q=49.96mL-phút-3
4289,GGA17.5,351.0688,1253,328.3,22.76875,U144-H3-VS2-01.08.2024,U144-H3-VS2-GGA17.5-Zn(II) 5mg-L-05082024-Q=49.96mL-phút-3
4290,GGA17.5,350.6156,1727,327.9,22.71563,U144-H3-VS2-01.08.2024,U144-H3-VS2-GGA17.5-Zn(II) 5mg-L-05082024-Q=49.96mL-phút-3
4291,GGA17.5,349.7813,2200,327.2,22.58125,U144-H3-VS2-01.08.2024,U144-H3-VS2-GGA17.5-Zn(II) 5mg-L-05082024-Q=49.96mL-phút-3
4292,GGA17.5,350.2063,2672,329.0,21.20625,U144-H3-VS2-01.08.2024,U144-H3-VS2-GGA17.5-Zn(II) 5mg-L-05082024-Q=49.96mL-phút-3
4293,GGA17.5,347.7469,3146,326.1,21.64689,U144-H3-VS2-01.08.2024,U144-H3-VS2-GGA17.5-Zn(II) 5mg-L-05082024-Q=49.96mL-phút-3
4294,GGA17.5-Zn-5,348.4375,3619,328.2,20.23749,U144-H3-VS2-01.08.2024,U144-H3-VS2-GGA17.5-Zn(II) 5mg-L-05082024-Q=49.96mL-phút-3
4295,GGA17.5-Zn-5,349.1781,4094,331.9,17.27813,U144-H3-VS2-01.08.2024,U144-H3-VS2-GGA17.5-Zn(II) 5mg-L-05082024-Q=49.96mL-phút-3
4296,GGA17.5-Zn-5,347.1406,4566,332.6,14.54062,U144-H3-VS2-01.08.2024,U144-H3-VS2-GGA17.5-Zn(II) 5mg-L-05082024-Q=49.96mL-phút-3
4297,GGA17.5-Zn-5,347.2719,5039,333.2,14.07186,U144-H3-VS2-01.08.2024,U144-H3-VS2-GGA17.5-Zn(II) 5mg-L-05082024-Q=49.96mL-phút-3
4298,GGA17.5-Zn-5,346.125,5514,331.8,14.32499,U144-H3-VS2-01.08.2024,U144-H3-VS2-GGA17.5-Zn(II) 5mg-L-05082024-Q=49.96mL-phút-3
4299,GGA17.5-Zn-5,346.8469,5986,332.4,14.44688,U144-H3-VS2-01.08.2024,U144-H3-VS2-GGA17.5-Zn(II) 5mg-L-05082024-Q=49.96mL-phút-3
4300,GGA5,348.1906,301,327.7,20.49064,U144-H3-VS2-01.08.2024,U144-H3-VS2-GGA5-Cr(VI) 5mg-L-05082024-Q=50.34mL-phút-2
4301,GGA5,349.675,781,330.2,19.47501,U144-H3-VS2-01.08.2024,U144-H3-VS2-GGA5-Cr(VI) 5mg-L-05082024-Q=50.34mL-phút-2
4302,GGA5,348.7813,1255,329.3,19.48126,U144-H3-VS2-01.08.2024,U144-H3-VS2-GGA5-Cr(VI) 5mg-L-05082024-Q=50.34mL-phút-2
4303,GGA5,346.9032,1735,326.1,20.80323,U144-H3-VS2-01.08.2024,U144-H3-VS2-GGA5-Cr(VI) 5mg-L-05082024-Q=50.34mL-phút-2
4304,GGA5,347.0625,2209,327.0,20.06251,U144-H3-VS2-01.08.2024,U144-H3-VS2-GGA5-Cr(VI) 5mg-L-05082024-Q=50.34mL-phút-2
4305,GGA5,346.9375,2681,326.6,20.33751,U144-H3-VS2-01.08.2024,U144-H3-VS2-GGA5-Cr(VI) 5mg-L-05082024-Q=50.34mL-phút-2
4306,GGA5-Cr-5,343.1742,3155,321.7,21.47418,U144-H3-VS2-01.08.2024,U144-H3-VS2-GGA5-Cr(VI) 5mg-L-05082024-Q=50.34mL-phút-2
4307,GGA5-Cr-5,342.3281,3622,324.6,17.72812,U144-H3-VS2-01.08.2024,U144-H3-VS2-GGA5-Cr(VI) 5mg-L-05082024-Q=50.34mL-phút-2
4308,GGA5-Cr-5,342.3063,4097,326.9,15.40624,U144-H3-VS2-01.08.2024,U144-H3-VS2-GGA5-Cr(VI) 5mg-L-05082024-Q=50.34mL-phút-2
4309,GGA5-Cr-5,342.3281,4570,325.1,17.22813,U144-H3-VS2-01.08.2024,U144-H3-VS2-GGA5-Cr(VI) 5mg-L-05082024-Q=50.34mL-phút-2
4310,GGA5-Cr-5,342.8063,5043,328.6,14.20626,U144-H3-VS2-01.08.2024,U144-H3-VS2-GGA5-Cr(VI) 5mg-L-05082024-Q=50.34mL-phút-2
4311,GGA5-Cr-5,345.6781,5516,330.2,15.47814,U144-H3-VS2-01.08.2024,U144-H3-VS2-GGA5-Cr(VI) 5mg-L-05082024-Q=50.34mL-phút-2
4312,GGA5-Cr-5,345.7125,5988,330.5,15.21249,U144-H3-VS2-01.08.2024,U144-H3-VS2-GGA5-Cr(VI) 5mg-L-05082024-Q=50.34mL-phút-2
4313,GGA5-Cr-5,345.3735,6462,330.8,14.57347,U144-H3-VS2-01.08.2024,U144-H3-VS2-GGA5-Cr(VI) 5mg-L-05082024-Q=50.34mL-phút-2
4314,GGA5-Cr-5,343.9459,6937,330.0,13.94593,U144-H3-VS2-01.08.2024,U144-H3-VS2-GGA5-Cr(VI) 5mg-L-05082024-Q=50.34mL-phút-2
4315,GGA5-Cr-5,343.446,7411,330.4,13.04596,U144-H3-VS2-01.08.2024,U144-H3-VS2-GGA5-Cr(VI) 5mg-L-05082024-Q=50.34mL-phút-2
4316,GGA5-Cr-5,344.6026,7884,330.8,13.80263,U144-H3-VS2-01.08.2024,U144-H3-VS2-GGA5-Cr(VI) 5mg-L-05082024-Q=50.34mL-phút-2
4317,GGA20,285.8343,301,274.71,11.1243,U145-H1-VS2-02.08.2024,U145-H1-VS2-GGA20-Zn(II) 5mg-L-06082024-Q=50.56mL-phút-3
4318,GGA20,285.7178,776,273.91,11.80776,U145-H1-VS2-02.08.2024,U145-H1-VS2-GGA20-Zn(II) 5mg-L-06082024-Q=50.56mL-phút-3
4319,GGA20,285.5945,1248,273.89,11.70448,U145-H1-VS2-02.08.2024,U145-H1-VS2-GGA20-Zn(II) 5mg-L-06082024-Q=50.56mL-phút-3
4320,GGA20,285.7098,1722,273.87,11.8398,U145-H1-VS2-02.08.2024,U145-H1-VS2-GGA20-Zn(II) 5mg-L-06082024-Q=50.56mL-phút-3
4321,GGA20,285.9749,2201,274.06,11.9149,U145-H1-VS2-02.08.2024,U145-H1-VS2-GGA20-Zn(II) 5mg-L-06082024-Q=50.56mL-phút-3
4322,GGA20,285.8104,2674,274.06,11.75041,U145-H1-VS2-02.08.2024,U145-H1-VS2-GGA20-Zn(II) 5mg-L-06082024-Q=50.56mL-phút-3
4323,GGA20,285.7872,3149,271.72,14.0672,U145-H1-VS2-02.08.2024,U145-H1-VS2-GGA20-Zn(II) 5mg-L-06082024-Q=50.56mL-phút-3
4324,GGA20-Zn-5,285.7449,3622,271.57,14.17489,U145-H1-VS2-02.08.2024,U145-H1-VS2-GGA20-Zn(II) 5mg-L-06082024-Q=50.56mL-phút-3
4325,GGA20-Zn-5,285.3667,4096,270.96,14.40675,U145-H1-VS2-02.08.2024,U145-H1-VS2-GGA20-Zn(II) 5mg-L-06082024-Q=50.56mL-phút-3
4326,GGA20-Zn-5,285.9228,4570,268.56,17.3628,U145-H1-VS2-02.08.2024,U145-H1-VS2-GGA20-Zn(II) 5mg-L-06082024-Q=50.56mL-phút-3
4327,GGA20-Zn-5,282.9541,5043,270.11,12.84409,U145-H1-VS2-02.08.2024,U145-H1-VS2-GGA20-Zn(II) 5mg-L-06082024-Q=50.56mL-phút-3
4328,GGA20-Zn-5,285.1282,5515,271.09,14.0382,U145-H1-VS2-02.08.2024,U145-H1-VS2-GGA20-Zn(II) 5mg-L-06082024-Q=50.56mL-phút-3
4329,GGA20-Zn-5,285.0771,5990,271.03,14.04714,U145-H1-VS2-02.08.2024,U145-H1-VS2-GGA20-Zn(II) 5mg-L-06082024-Q=50.56mL-phút-3
4330,GGA20-Zn-5,284.1422,6464,273.47,10.6722,U145-H1-VS2-02.08.2024,U145-H1-VS2-GGA20-Zn(II) 5mg-L-06082024-Q=50.56mL-phút-3
4331,GGA20-Zn-5,283.1906,6937,273.79,9.4006,U145-H1-VS2-02.08.2024,U145-H1-VS2-GGA20-Zn(II) 5mg-L-06082024-Q=50.56mL-phút-3
4332,GGA20-Zn-5,283.0353,7409,274.39,8.6453,U145-H1-VS2-02.08.2024,U145-H1-VS2-GGA20-Zn(II) 5mg-L-06082024-Q=50.56mL-phút-3
4333,GGA20-Zn-5,283.2661,7882,275.19,8.07612,U145-H1-VS2-02.08.2024,U145-H1-VS2-GGA20-Zn(II) 5mg-L-06082024-Q=50.56mL-phút-3
4334,GGA20-Zn-5,283.1314,8357,274.85,8.28139,U145-H1-VS2-02.08.2024,U145-H1-VS2-GGA20-Zn(II) 5mg-L-06082024-Q=50.56mL-phút-3
4335,GGA17.5,281.2013,301,271.91,9.29125,U145-H1-VS2-02.08.2024,U145-H1-VS2-GGA17.5-Cr(VI) 5mg-L-06082024-Q=50.68mL-phút-3
4336,GGA17.5,281.3753,773,271.93,9.44533,U145-H1-VS2-02.08.2024,U145-H1-VS2-GGA17.5-Cr(VI) 5mg-L-06082024-Q=50.68mL-phút-3
4337,GGA17.5,280.8355,1246,271.68,9.15554,U145-H1-VS2-02.08.2024,U145-H1-VS2-GGA17.5-Cr(VI) 5mg-L-06082024-Q=50.68mL-phút-3
4338,GGA17.5,280.7236,1726,271.55,9.17363,U145-H1-VS2-02.08.2024,U145-H1-VS2-GGA17.5-Cr(VI) 5mg-L-06082024-Q=50.68mL-phút-3
4339,GGA17.5,280.2794,2196,270.73,9.54937,U145-H1-VS2-02.08.2024,U145-H1-VS2-GGA17.5-Cr(VI) 5mg-L-06082024-Q=50.68mL-phút-3
4340,GGA17.5-Cr-5,280.7619,2670,271.49,9.27192,U145-H1-VS2-02.08.2024,U145-H1-VS2-GGA17.5-Cr(VI) 5mg-L-06082024-Q=50.68mL-phút-3
4341,GGA17.5-Cr-5,280.4953,3144,270.32,10.17531,U145-H1-VS2-02.08.2024,U145-H1-VS2-GGA17.5-Cr(VI) 5mg-L-06082024-Q=50.68mL-phút-3
4342,GGA17.5-Cr-5,280.886,3613,271.05,9.83597,U145-H1-VS2-02.08.2024,U145-H1-VS2-GGA17.5-Cr(VI) 5mg-L-06082024-Q=50.68mL-phút-3
4343,GGA17.5-Cr-5,281.0252,4088,270.61,10.41522,U145-H1-VS2-02.08.2024,U145-H1-VS2-GGA17.5-Cr(VI) 5mg-L-06082024-Q=50.68mL-phút-3
4344,GGA17.5-Cr-5,280.5131,4561,271.53,8.98309,U145-H1-VS2-02.08.2024,U145-H1-VS2-GGA17.5-Cr(VI) 5mg-L-06082024-Q=50.68mL-phút-3
4345,GGA17.5-Cr-5,280.4285,5034,271.45,8.97853,U145-H1-VS2-02.08.2024,U145-H1-VS2-GGA17.5-Cr(VI) 5mg-L-06082024-Q=50.68mL-phút-3
4346,GGA17.5-Cr-5,280.0607,5509,272.09,7.97072,U145-H1-VS2-02.08.2024,U145-H1-VS2-GGA17.5-Cr(VI) 5mg-L-06082024-Q=50.68mL-phút-3
4347,GGA17.5-Cr-5,279.9031,5986,271.65,8.25315,U145-H1-VS2-02.08.2024,U145-H1-VS2-GGA17.5-Cr(VI) 5mg-L-06082024-Q=50.68mL-phút-3
4348,GGA17.5-Cr-5,279.89,6458,272.49,7.40001,U145-H1-VS2-02.08.2024,U145-H1-VS2-GGA17.5-Cr(VI) 5mg-L-06082024-Q=50.68mL-phút-3
4349,GGA17.5-Cr-5,279.8231,6927,272.72,7.10314,U145-H1-VS2-02.08.2024,U145-H1-VS2-GGA17.5-Cr(VI) 5mg-L-06082024-Q=50.68mL-phút-3
4350,GGA17.5-Cr-5,280.0057,7402,272.51,7.4957,U145-H1-VS2-02.08.2024,U145-H1-VS2-GGA17.5-Cr(VI) 5mg-L-06082024-Q=50.68mL-phút-3
4351,GGA20,359.7094,301,336.1,23.60936,U146-H3-VS2-02.08.2024,U146-H3-VS2-GGA20-Cr(VI) 10mg-L-06082024-Q=50.14mL-phút-5
4352,GGA20,359.3281,776,335.5,23.82813,U146-H3-VS2-02.08.2024,U146-H3-VS2-GGA20-Cr(VI) 10mg-L-06082024-Q=50.14mL-phút-5
4353,GGA20,358.7313,1256,336.1,22.63124,U146-H3-VS2-02.08.2024,U146-H3-VS2-GGA20-Cr(VI) 10mg-L-06082024-Q=50.14mL-phút-5
4354,GGA20,360.2625,1730,336.5,23.76251,U146-H3-VS2-02.08.2024,U146-H3-VS2-GGA20-Cr(VI) 10mg-L-06082024-Q=50.14mL-phút-5
4355,GGA20,359.6875,2205,336.6,23.08749,U146-H3-VS2-02.08.2024,U146-H3-VS2-GGA20-Cr(VI) 10mg-L-06082024-Q=50.14mL-phút-5
4356,GGA20,359.5156,2677,336.1,23.41562,U146-H3-VS2-02.08.2024,U146-H3-VS2-GGA20-Cr(VI) 10mg-L-06082024-Q=50.14mL-phút-5
4357,GGA20,360.3344,3158,338.1,22.23438,U146-H3-VS2-02.08.2024,U146-H3-VS2-GGA20-Cr(VI) 10mg-L-06082024-Q=50.14mL-phút-5
4358,GGA20-Cr-10,362.383,3633,340.9,21.48302,U146-H3-VS2-02.08.2024,U146-H3-VS2-GGA20-Cr(VI) 10mg-L-06082024-Q=50.14mL-phút-5
4359,GGA20-Cr-10,362.1076,4105,341.3,20.80754,U146-H3-VS2-02.08.2024,U146-H3-VS2-GGA20-Cr(VI) 10mg-L-06082024-Q=50.14mL-phút-5
4360,GGA20-Cr-10,361.4642,4579,343.4,18.06415,U146-H3-VS2-02.08.2024,U146-H3-VS2-GGA20-Cr(VI) 10mg-L-06082024-Q=50.14mL-phút-5
4361,GGA20-Cr-10,360.6887,5060,341.6,19.08868,U146-H3-VS2-02.08.2024,U146-H3-VS2-GGA20-Cr(VI) 10mg-L-06082024-Q=50.14mL-phút-5
4362,GGA20-Cr-10,360.7362,5535,342.8,17.93618,U146-H3-VS2-02.08.2024,U146-H3-VS2-GGA20-Cr(VI) 10mg-L-06082024-Q=50.14mL-phút-5
4363,GGA20-Cr-10,362.5362,6006,343.6,18.93617,U146-H3-VS2-02.08.2024,U146-H3-VS2-GGA20-Cr(VI) 10mg-L-06082024-Q=50.14mL-phút-5
4364,GGA20-Cr-10,361.5065,6480,342.4,19.10651,U146-H3-VS2-02.08.2024,U146-H3-VS2-GGA20-Cr(VI) 10mg-L-06082024-Q=50.14mL-phút-5
4365,GGA20-Cr-10,360.8702,6954,343.2,17.67021,U146-H3-VS2-02.08.2024,U146-H3-VS2-GGA20-Cr(VI) 10mg-L-06082024-Q=50.14mL-phút-5
4366,GGA20-Cr-10,359.9745,7428,342.8,17.17448,U146-H3-VS2-02.08.2024,U146-H3-VS2-GGA20-Cr(VI) 10mg-L-06082024-Q=50.14mL-phút-5
4367,GGA5,362.2848,301,345.1,17.18479,U146-H3-VS2-02.08.2024,U146-H3-VS2-GGA5-Zn(II) 5mg-L-06082024-Q=50.68mL-phút-2
4368,GGA5,361.4348,777,345.0,16.43478,U146-H3-VS2-02.08.2024,U146-H3-VS2-GGA5-Zn(II) 5mg-L-06082024-Q=50.68mL-phút-2
4369,GGA5,360.5085,1249,344.3,16.20851,U146-H3-VS2-02.08.2024,U146-H3-VS2-GGA5-Zn(II) 5mg-L-06082024-Q=50.68mL-phút-2
4370,GGA5,355.0077,1829,338.5,16.5077,U146-H3-VS2-02.08.2024,U146-H3-VS2-GGA5-Zn(II) 5mg-L-06082024-Q=50.68mL-phút-2
4371,GGA5,353.8269,2301,336.8,17.02691,U146-H3-VS2-02.08.2024,U146-H3-VS2-GGA5-Zn(II) 5mg-L-06082024-Q=50.68mL-phút-2
4372,GGA5,354.1333,2775,337.4,16.73334,U146-H3-VS2-02.08.2024,U146-H3-VS2-GGA5-Zn(II) 5mg-L-06082024-Q=50.68mL-phút-2
4373,GGA5-Zn-5,351.8714,3250,334.4,17.47143,U146-H3-VS2-02.08.2024,U146-H3-VS2-GGA5-Zn(II) 5mg-L-06082024-Q=50.68mL-phút-2
4374,GGA5-Zn-5,352.68,3722,336.2,16.48,U146-H3-VS2-02.08.2024,U146-H3-VS2-GGA5-Zn(II) 5mg-L-06082024-Q=50.68mL-phút-2
4375,GGA5-Zn-5,354.5,4195,338.7,15.8,U146-H3-VS2-02.08.2024,U146-H3-VS2-GGA5-Zn(II) 5mg-L-06082024-Q=50.68mL-phút-2
4376,GGA5-Zn-5,355.2829,4668,339.8,15.48286,U146-H3-VS2-02.08.2024,U146-H3-VS2-GGA5-Zn(II) 5mg-L-06082024-Q=50.68mL-phút-2
4377,GGA5-Zn-5,354.7,5139,341.4,13.3,U146-H3-VS2-02.08.2024,U146-H3-VS2-GGA5-Zn(II) 5mg-L-06082024-Q=50.68mL-phút-2
4378,GGA5-Zn-5,354.5971,5614,341.5,13.09713,U146-H3-VS2-02.08.2024,U146-H3-VS2-GGA5-Zn(II) 5mg-L-06082024-Q=50.68mL-phút-2
4379,GGA5-Zn-5,352.72,6086,339.5,13.21999,U146-H3-VS2-02.08.2024,U146-H3-VS2-GGA5-Zn(II) 5mg-L-06082024-Q=50.68mL-phút-2
4380,GGA5-Zn-5,351.9371,6560,340.8,11.13715,U146-H3-VS2-02.08.2024,U146-H3-VS2-GGA5-Zn(II) 5mg-L-06082024-Q=50.68mL-phút-2
4381,GGA5-Zn-5,351.38,7034,340.1,11.28001,U146-H3-VS2-02.08.2024,U146-H3-VS2-GGA5-Zn(II) 5mg-L-06082024-Q=50.68mL-phút-2
4382,GGA20,281.0227,303,266.66,14.36272,U147-H1-VS2-05.08.2024,U147-H1-VS2-GGA20-Zn(II) 10mg-L-07082024-Q=50.28mL-phút-5
4383,GGA20,280.4823,780,266.45,14.03226,U147-H1-VS2-05.08.2024,U147-H1-VS2-GGA20-Zn(II) 10mg-L-07082024-Q=50.28mL-phút-5
4384,GGA20,280.193,1253,266.36,13.83301,U147-H1-VS2-05.08.2024,U147-H1-VS2-GGA20-Zn(II) 10mg-L-07082024-Q=50.28mL-phút-5
4385,GGA20,280.0763,1730,265.32,14.75632,U147-H1-VS2-05.08.2024,U147-H1-VS2-GGA20-Zn(II) 10mg-L-07082024-Q=50.28mL-phút-5
4386,GGA20,279.723,2204,264.92,14.80299,U147-H1-VS2-05.08.2024,U147-H1-VS2-GGA20-Zn(II) 10mg-L-07082024-Q=50.28mL-phút-5
4387,GGA20,279.8363,2677,264.92,14.91632,U147-H1-VS2-05.08.2024,U147-H1-VS2-GGA20-Zn(II) 10mg-L-07082024-Q=50.28mL-phút-5
4388,GGA20-Zn-10,279.0543,3153,264.36,14.69434,U147-H1-VS2-05.08.2024,U147-H1-VS2-GGA20-Zn(II) 10mg-L-07082024-Q=50.28mL-phút-5
4389,GGA20-Zn-10,279.1807,3620,266.11,13.07068,U147-H1-VS2-05.08.2024,U147-H1-VS2-GGA20-Zn(II) 10mg-L-07082024-Q=50.28mL-phút-5
4390,GGA20-Zn-10,278.869,4100,266.74,12.12901,U147-H1-VS2-05.08.2024,U147-H1-VS2-GGA20-Zn(II) 10mg-L-07082024-Q=50.28mL-phút-5
4391,GGA20-Zn-10,278.5413,4572,267.47,11.07133,U147-H1-VS2-05.08.2024,U147-H1-VS2-GGA20-Zn(II) 10mg-L-07082024-Q=50.28mL-phút-5
4392,GGA20-Zn-10,278.48,5045,267.79,10.68999,U147-H1-VS2-05.08.2024,U147-H1-VS2-GGA20-Zn(II) 10mg-L-07082024-Q=50.28mL-phút-5
4393,GGA20-Zn-10,278.5557,5519,268.77,9.78567,U147-H1-VS2-05.08.2024,U147-H1-VS2-GGA20-Zn(II) 10mg-L-07082024-Q=50.28mL-phút-5
4394,GGA20-Zn-10,278.3767,5994,268.0,10.37667,U147-H1-VS2-05.08.2024,U147-H1-VS2-GGA20-Zn(II) 10mg-L-07082024-Q=50.28mL-phút-5
4395,GGA20-Zn-10,278.3487,6468,267.62,10.72867,U147-H1-VS2-05.08.2024,U147-H1-VS2-GGA20-Zn(II) 10mg-L-07082024-Q=50.28mL-phút-5
4396,GGA17.5,277.5983,302,267.1,10.49832,U147-H1-VS2-05.08.2024,U147-H1-VS2-GGA17.5-Cr(VI) 5mg-L-07082024-Q=50.8mL-phút-4
4397,GGA17.5,276.9523,775,266.34,10.61233,U147-H1-VS2-05.08.2024,U147-H1-VS2-GGA17.5-Cr(VI) 5mg-L-07082024-Q=50.8mL-phút-4
4398,GGA17.5,277.2483,1255,267.07,10.17832,U147-H1-VS2-05.08.2024,U147-H1-VS2-GGA17.5-Cr(VI) 5mg-L-07082024-Q=50.8mL-phút-4
4399,GGA17.5,276.926,1727,266.78,10.146,U147-H1-VS2-05.08.2024,U147-H1-VS2-GGA17.5-Cr(VI) 5mg-L-07082024-Q=50.8mL-phút-4
4400,GGA17.5,277.2107,2199,266.76,10.45066,U147-H1-VS2-05.08.2024,U147-H1-VS2-GGA17.5-Cr(VI) 5mg-L-07082024-Q=50.8mL-phút-4
4401,GGA17.5,277.4543,2673,266.8,10.65434,U147-H1-VS2-05.08.2024,U147-H1-VS2-GGA17.5-Cr(VI) 5mg-L-07082024-Q=50.8mL-phút-4
4402,GGA17.5-Cr-5,276.863,3147,265.69,11.173,U147-H1-VS2-05.08.2024,U147-H1-VS2-GGA17.5-Cr(VI) 5mg-L-07082024-Q=50.8mL-phút-4
4403,GGA17.5-Cr-5,278.2017,3615,268.54,9.66166,U147-H1-VS2-05.08.2024,U147-H1-VS2-GGA17.5-Cr(VI) 5mg-L-07082024-Q=50.8mL-phút-4
4404,GGA17.5-Cr-5,277.413,4092,268.25,9.16299,U147-H1-VS2-05.08.2024,U147-H1-VS2-GGA17.5-Cr(VI) 5mg-L-07082024-Q=50.8mL-phút-4
4405,GGA17.5-Cr-5,277.7,4563,267.28,10.42,U147-H1-VS2-05.08.2024,U147-H1-VS2-GGA17.5-Cr(VI) 5mg-L-07082024-Q=50.8mL-phút-4
4406,GGA17.5-Cr-5,277.192,5040,267.68,9.51201,U147-H1-VS2-05.08.2024,U147-H1-VS2-GGA17.5-Cr(VI) 5mg-L-07082024-Q=50.8mL-phút-4
4407,GGA17.5-Cr-5,277.0175,5512,268.62,8.3975,U147-H1-VS2-05.08.2024,U147-H1-VS2-GGA17.5-Cr(VI) 5mg-L-07082024-Q=50.8mL-phút-4
4408,GGA17.5-Cr-5,277.3855,5985,268.23,9.15549,U147-H1-VS2-05.08.2024,U147-H1-VS2-GGA17.5-Cr(VI) 5mg-L-07082024-Q=50.8mL-phút-4
4409,GGA17.5-Cr-5,276.6745,6459,267.6,9.07449,U147-H1-VS2-05.08.2024,U147-H1-VS2-GGA17.5-Cr(VI) 5mg-L-07082024-Q=50.8mL-phút-4
4410,GGA17.5-Cr-5,277.0585,6932,267.18,9.87851,U147-H1-VS2-05.08.2024,U147-H1-VS2-GGA17.5-Cr(VI) 5mg-L-07082024-Q=50.8mL-phút-4
4411,GGA17.5,278.8245,303,270.19,8.6345,U147-H1-VS2-05.08.2024,U147-H1-VS2-GGA17.5-Ni(II) 15mg-L-07082024-Q=50.54mL-phút-3
4412,GGA17.5,279.0835,775,269.71,9.37352,U147-H1-VS2-05.08.2024,U147-H1-VS2-GGA17.5-Ni(II) 15mg-L-07082024-Q=50.54mL-phút-3
4413,GGA17.5,278.9624,1249,269.54,9.42236,U147-H1-VS2-05.08.2024,U147-H1-VS2-GGA17.5-Ni(II) 15mg-L-07082024-Q=50.54mL-phút-3
4414,GGA17.5,278.5768,1723,269.42,9.15675,U147-H1-VS2-05.08.2024,U147-H1-VS2-GGA17.5-Ni(II) 15mg-L-07082024-Q=50.54mL-phút-3
4415,GGA17.5,278.5692,2194,269.61,8.95922,U147-H1-VS2-05.08.2024,U147-H1-VS2-GGA17.5-Ni(II) 15mg-L-07082024-Q=50.54mL-phút-3
4416,GGA17.5,278.543,2669,268.98,9.56296,U147-H1-VS2-05.08.2024,U147-H1-VS2-GGA17.5-Ni(II) 15mg-L-07082024-Q=50.54mL-phút-3
4417,GGA17.5,278.243,3142,269.31,8.93297,U147-H1-VS2-05.08.2024,U147-H1-VS2-GGA17.5-Ni(II) 15mg-L-07082024-Q=50.54mL-phút-3
4418,GGA17.5-Ni-15,279.4318,3617,270.44,8.99184,U147-H1-VS2-05.08.2024,U147-H1-VS2-GGA17.5-Ni(II) 15mg-L-07082024-Q=50.54mL-phút-3
4419,GGA17.5-Ni-15,278.63,4091,271.76,6.86999,U147-H1-VS2-05.08.2024,U147-H1-VS2-GGA17.5-Ni(II) 15mg-L-07082024-Q=50.54mL-phút-3
4420,GGA17.5-Ni-15,278.3065,4562,271.72,6.58649,U147-H1-VS2-05.08.2024,U147-H1-VS2-GGA17.5-Ni(II) 15mg-L-07082024-Q=50.54mL-phút-3
4421,GGA17.5-Ni-15,278.2703,5038,271.8,6.47028,U147-H1-VS2-05.08.2024,U147-H1-VS2-GGA17.5-Ni(II) 15mg-L-07082024-Q=50.54mL-phút-3
4422,GGA17.5-Ni-15,278.2889,5509,271.63,6.65892,U147-H1-VS2-05.08.2024,U147-H1-VS2-GGA17.5-Ni(II) 15mg-L-07082024-Q=50.54mL-phút-3
4423,GGA17.5-Ni-15,278.1784,5983,271.97,6.20838,U147-H1-VS2-05.08.2024,U147-H1-VS2-GGA17.5-Ni(II) 15mg-L-07082024-Q=50.54mL-phút-3
4424,GGA17.5-Ni-15,278.0265,6458,271.97,6.05649,U147-H1-VS2-05.08.2024,U147-H1-VS2-GGA17.5-Ni(II) 15mg-L-07082024-Q=50.54mL-phút-3
4425,GGA17.5-Ni-15,277.9258,6931,271.82,6.10578,U147-H1-VS2-05.08.2024,U147-H1-VS2-GGA17.5-Ni(II) 15mg-L-07082024-Q=50.54mL-phút-3
4426,GGA20,353.72,301,319.2,34.51999,U148-H3-VS2-05.08.2024,U148-H3-VS2-GGA20-Ni(II) 10mg-L-07082024-Q=50.4mL-phút-4
4427,GGA20,354.2714,774,319.2,35.07142,U148-H3-VS2-05.08.2024,U148-H3-VS2-GGA20-Ni(II) 10mg-L-07082024-Q=50.4mL-phút-4
4428,GGA20,352.4571,1253,317.0,35.45714,U148-H3-VS2-05.08.2024,U148-H3-VS2-GGA20-Ni(II) 10mg-L-07082024-Q=50.4mL-phút-4
4429,GGA20,350.3647,1690,315.0,35.3647,U148-H3-VS2-05.08.2024,U148-H3-VS2-GGA20-Ni(II) 10mg-L-07082024-Q=50.4mL-phút-4
4430,GGA20,349.95,2162,315.7,34.25001,U148-H3-VS2-05.08.2024,U148-H3-VS2-GGA20-Ni(II) 10mg-L-07082024-Q=50.4mL-phút-4
4431,GGA20-Ni-10,348.6147,2635,316.8,31.81471,U148-H3-VS2-05.08.2024,U148-H3-VS2-GGA20-Ni(II) 10mg-L-07082024-Q=50.4mL-phút-4
4432,GGA20-Ni-10,350.84,3108,318.9,31.94001,U148-H3-VS2-05.08.2024,U148-H3-VS2-GGA20-Ni(II) 10mg-L-07082024-Q=50.4mL-phút-4
4433,GGA20-Ni-10,350.1914,3581,317.7,32.49143,U148-H3-VS2-05.08.2024,U148-H3-VS2-GGA20-Ni(II) 10mg-L-07082024-Q=50.4mL-phút-4
4434,GGA20-Ni-10,349.8471,4054,318.5,31.34705,U148-H3-VS2-05.08.2024,U148-H3-VS2-GGA20-Ni(II) 10mg-L-07082024-Q=50.4mL-phút-4
4435,GGA20-Ni-10,351.25,4529,322.0,29.25,U148-H3-VS2-05.08.2024,U148-H3-VS2-GGA20-Ni(II) 10mg-L-07082024-Q=50.4mL-phút-4
4436,GGA20-Ni-10,349.2914,5002,323.6,25.69144,U148-H3-VS2-05.08.2024,U148-H3-VS2-GGA20-Ni(II) 10mg-L-07082024-Q=50.4mL-phút-4
4437,GGA20-Ni-10,349.9686,5476,324.7,25.26857,U148-H3-VS2-05.08.2024,U148-H3-VS2-GGA20-Ni(II) 10mg-L-07082024-Q=50.4mL-phút-4
4438,GGA20-Ni-10,350.8343,5950,326.4,24.43428,U148-H3-VS2-05.08.2024,U148-H3-VS2-GGA20-Ni(II) 10mg-L-07082024-Q=50.4mL-phút-4
4439,GGA20-Ni-10,350.4,6423,326.0,24.39999,U148-H3-VS2-05.08.2024,U148-H3-VS2-GGA20-Ni(II) 10mg-L-07082024-Q=50.4mL-phút-4
4440,GGA20-Ni-10,353.9857,6903,329.7,24.28573,U148-H3-VS2-05.08.2024,U148-H3-VS2-GGA20-Ni(II) 10mg-L-07082024-Q=50.4mL-phút-4
4441,GGA20-Ni-10,353.1912,7376,328.9,24.29116,U148-H3-VS2-05.08.2024,U148-H3-VS2-GGA20-Ni(II) 10mg-L-07082024-Q=50.4mL-phút-4
4442,GGA5,352.5943,302,325.9,26.6943,U148-H3-VS2-05.08.2024,U148-H3-VS2-GGA5-Cr(VI) 5mg-L-07082024-Q=50.36mL-phút-3
4443,GGA5,352.0086,775,326.0,26.00857,U148-H3-VS2-05.08.2024,U148-H3-VS2-GGA5-Cr(VI) 5mg-L-07082024-Q=50.36mL-phút-3
4444,GGA5,350.95,1247,324.1,26.85001,U148-H3-VS2-05.08.2024,U148-H3-VS2-GGA5-Cr(VI) 5mg-L-07082024-Q=50.36mL-phút-3
4445,GGA5,345.15,1417,317.6,27.54999,U148-H3-VS2-05.08.2024,U148-H3-VS2-GGA5-Cr(VI) 5mg-L-07082024-Q=50.36mL-phút-3
4446,GGA5,343.1182,1889,316.0,27.11818,U148-H3-VS2-05.08.2024,U148-H3-VS2-GGA5-Cr(VI) 5mg-L-07082024-Q=50.36mL-phút-3
4447,GGA5-Cr-5,344.8955,2362,315.1,29.79544,U148-H3-VS2-05.08.2024,U148-H3-VS2-GGA5-Cr(VI) 5mg-L-07082024-Q=50.36mL-phút-3
4448,GGA5-Cr-5,344.0977,2836,316.5,27.59772,U148-H3-VS2-05.08.2024,U148-H3-VS2-GGA5-Cr(VI) 5mg-L-07082024-Q=50.36mL-phút-3
4449,GGA5-Cr-5,342.8023,3309,315.1,27.70227,U148-H3-VS2-05.08.2024,U148-H3-VS2-GGA5-Cr(VI) 5mg-L-07082024-Q=50.36mL-phút-3
4450,GGA5-Cr-5,341.2023,3784,314.7,26.50232,U148-H3-VS2-05.08.2024,U148-H3-VS2-GGA5-Cr(VI) 5mg-L-07082024-Q=50.36mL-phút-3
4451,GGA5-Cr-5,341.325,4257,317.0,24.325,U148-H3-VS2-05.08.2024,U148-H3-VS2-GGA5-Cr(VI) 5mg-L-07082024-Q=50.36mL-phút-3
4452,GGA5-Cr-5,341.9864,4730,318.4,23.58636,U148-H3-VS2-05.08.2024,U148-H3-VS2-GGA5-Cr(VI) 5mg-L-07082024-Q=50.36mL-phút-3
4453,GGA5-Cr-5,340.9227,5203,318.0,22.92274,U148-H3-VS2-05.08.2024,U148-H3-VS2-GGA5-Cr(VI) 5mg-L-07082024-Q=50.36mL-phút-3
4454,GGA5-Cr-5,340.0341,5677,318.4,21.63409,U148-H3-VS2-05.08.2024,U148-H3-VS2-GGA5-Cr(VI) 5mg-L-07082024-Q=50.36mL-phút-3
4455,GGA5-Cr-5,340.1364,6150,318.9,21.23637,U148-H3-VS2-05.08.2024,U148-H3-VS2-GGA5-Cr(VI) 5mg-L-07082024-Q=50.36mL-phút-3
4456,GGA5-Cr-5,340.4892,6624,319.2,21.28918,U148-H3-VS2-05.08.2024,U148-H3-VS2-GGA5-Cr(VI) 5mg-L-07082024-Q=50.36mL-phút-3
4457,GGA17.5,282.8696,302,270.36,12.5096,U149-H1-VS2-07.08.2024,U149-H1-VS2-GGA17.5-Ni(II) 15mg-L-08082024-Q=50.68mL-phút-4
4458,GGA17.5,282.59,775,269.84,12.75,U149-H1-VS2-07.08.2024,U149-H1-VS2-GGA17.5-Ni(II) 15mg-L-08082024-Q=50.68mL-phút-4
4459,GGA17.5,282.2982,1248,269.27,13.02817,U149-H1-VS2-07.08.2024,U149-H1-VS2-GGA17.5-Ni(II) 15mg-L-08082024-Q=50.68mL-phút-4
4460,GGA17.5,282.0296,1724,269.46,12.5696,U149-H1-VS2-07.08.2024,U149-H1-VS2-GGA17.5-Ni(II) 15mg-L-08082024-Q=50.68mL-phút-4
4461,GGA17.5,281.9033,2196,269.02,12.88327,U149-H1-VS2-07.08.2024,U149-H1-VS2-GGA17.5-Ni(II) 15mg-L-08082024-Q=50.68mL-phút-4
4462,GGA17.5,281.5008,2669,268.25,13.2508,U149-H1-VS2-07.08.2024,U149-H1-VS2-GGA17.5-Ni(II) 15mg-L-08082024-Q=50.68mL-phút-4
4463,GGA17.5,281.337,3142,268.46,12.87701,U149-H1-VS2-07.08.2024,U149-H1-VS2-GGA17.5-Ni(II) 15mg-L-08082024-Q=50.68mL-phút-4
4464,GGA17.5-Ni-15,281.592,3613,270.09,11.50204,U149-H1-VS2-07.08.2024,U149-H1-VS2-GGA17.5-Ni(II) 15mg-L-08082024-Q=50.68mL-phút-4
4465,GGA17.5-Ni-15,280.3559,4097,270.02,10.33593,U149-H1-VS2-07.08.2024,U149-H1-VS2-GGA17.5-Ni(II) 15mg-L-08082024-Q=50.68mL-phút-4
4466,GGA17.5-Ni-15,280.6518,4567,270.34,10.31183,U149-H1-VS2-07.08.2024,U149-H1-VS2-GGA17.5-Ni(II) 15mg-L-08082024-Q=50.68mL-phút-4
4467,GGA17.5-Ni-15,280.3692,5039,270.17,10.19918,U149-H1-VS2-07.08.2024,U149-H1-VS2-GGA17.5-Ni(II) 15mg-L-08082024-Q=50.68mL-phút-4
4468,GGA17.5-Ni-15,280.4239,5512,270.07,10.35387,U149-H1-VS2-07.08.2024,U149-H1-VS2-GGA17.5-Ni(II) 15mg-L-08082024-Q=50.68mL-phút-4
4469,GGA17.5-Ni-15,280.3,5984,269.98,10.31999,U149-H1-VS2-07.08.2024,U149-H1-VS2-GGA17.5-Ni(II) 15mg-L-08082024-Q=50.68mL-phút-4
4470,GGA17.5-Ni-15,280.0171,6460,269.61,10.40715,U149-H1-VS2-07.08.2024,U149-H1-VS2-GGA17.5-Ni(II) 15mg-L-08082024-Q=50.68mL-phút-4
4471,GGA17.5-Ni-15,279.8061,6934,270.09,9.71612,U149-H1-VS2-07.08.2024,U149-H1-VS2-GGA17.5-Ni(II) 15mg-L-08082024-Q=50.68mL-phút-4
4472,GGA17.5-Ni-15,280.0774,7406,270.9,9.17736,U149-H1-VS2-07.08.2024,U149-H1-VS2-GGA17.5-Ni(II) 15mg-L-08082024-Q=50.68mL-phút-4
4473,GGA17.5-Ni-15,280.2916,7877,271.47,8.82163,U149-H1-VS2-07.08.2024,U149-H1-VS2-GGA17.5-Ni(II) 15mg-L-08082024-Q=50.68mL-phút-4
4474,GGA17.5-Ni-15,280.6294,8353,272.05,8.5794,U149-H1-VS2-07.08.2024,U149-H1-VS2-GGA17.5-Ni(II) 15mg-L-08082024-Q=50.68mL-phút-4
4475,GGA17.5-Ni-15,280.9572,8825,271.86,9.09721,U149-H1-VS2-07.08.2024,U149-H1-VS2-GGA17.5-Ni(II) 15mg-L-08082024-Q=50.68mL-phút-4
4476,GGA17.5,281.5408,301,270.25,11.29082,U149-H1-VS2-07.08.2024,U149-H1-VS2-GGA17.5-Zn(II) 10mg-L-08082024-Q=49.92mL-phút-4
4477,GGA17.5,280.4355,775,269.08,11.35552,U149-H1-VS2-07.08.2024,U149-H1-VS2-GGA17.5-Zn(II) 10mg-L-08082024-Q=49.92mL-phút-4
4478,GGA17.5,280.0904,1248,268.39,11.70039,U149-H1-VS2-07.08.2024,U149-H1-VS2-GGA17.5-Zn(II) 10mg-L-08082024-Q=49.92mL-phút-4
4479,GGA17.5,279.2951,1722,267.22,12.0751,U149-H1-VS2-07.08.2024,U149-H1-VS2-GGA17.5-Zn(II) 10mg-L-08082024-Q=49.92mL-phút-4
4480,GGA17.5,279.2302,2196,266.74,12.49022,U149-H1-VS2-07.08.2024,U149-H1-VS2-GGA17.5-Zn(II) 10mg-L-08082024-Q=49.92mL-phút-4
4481,GGA17.5-Zn-10,279.3076,2669,266.03,13.2776,U149-H1-VS2-07.08.2024,U149-H1-VS2-GGA17.5-Zn(II) 10mg-L-08082024-Q=49.92mL-phút-4
4482,GGA17.5-Zn-10,276.9098,3141,266.01,10.89979,U149-H1-VS2-07.08.2024,U149-H1-VS2-GGA17.5-Zn(II) 10mg-L-08082024-Q=49.92mL-phút-4
4483,GGA17.5-Zn-10,276.6857,3615,265.95,10.73571,U149-H1-VS2-07.08.2024,U149-H1-VS2-GGA17.5-Zn(II) 10mg-L-08082024-Q=49.92mL-phút-4
4484,GGA17.5-Zn-10,276.2078,4089,265.92,10.28775,U149-H1-VS2-07.08.2024,U149-H1-VS2-GGA17.5-Zn(II) 10mg-L-08082024-Q=49.92mL-phút-4
4485,GGA17.5-Zn-10,276.2476,4563,266.11,10.13756,U149-H1-VS2-07.08.2024,U149-H1-VS2-GGA17.5-Zn(II) 10mg-L-08082024-Q=49.92mL-phút-4
4486,GGA17.5-Zn-10,276.3523,5036,265.92,10.43224,U149-H1-VS2-07.08.2024,U149-H1-VS2-GGA17.5-Zn(II) 10mg-L-08082024-Q=49.92mL-phút-4
4487,GGA17.5-Zn-10,276.1806,5509,265.86,10.32061,U149-H1-VS2-07.08.2024,U149-H1-VS2-GGA17.5-Zn(II) 10mg-L-08082024-Q=49.92mL-phút-4
4488,GGA17.5-Zn-10,275.9462,5985,266.05,9.89621,U149-H1-VS2-07.08.2024,U149-H1-VS2-GGA17.5-Zn(II) 10mg-L-08082024-Q=49.92mL-phút-4
4489,GGA17.5,329.3053,301,306.3,23.00525,U150-H3-07.08.2024,U150-H3-VS2-GGA17.5-Ni(II) 15mg-L-08082024-Q=50.11mL-phút-5
4490,GGA17.5,329.4421,774,306.4,23.04211,U150-H3-07.08.2024,U150-H3-VS2-GGA17.5-Ni(II) 15mg-L-08082024-Q=50.11mL-phút-5
4491,GGA17.5,328.3526,1247,304.8,23.55263,U150-H3-07.08.2024,U150-H3-VS2-GGA17.5-Ni(II) 15mg-L-08082024-Q=50.11mL-phút-5
4492,GGA17.5,327.8974,1720,304.1,23.79736,U150-H3-07.08.2024,U150-H3-VS2-GGA17.5-Ni(II) 15mg-L-08082024-Q=50.11mL-phút-5
4493,GGA17.5,328.0684,2193,304.3,23.76841,U150-H3-07.08.2024,U150-H3-VS2-GGA17.5-Ni(II) 15mg-L-08082024-Q=50.11mL-phút-5
4494,GGA17.5-Ni-15,326.829,2667,302.5,24.32894,U150-H3-07.08.2024,U150-H3-VS2-GGA17.5-Ni(II) 15mg-L-08082024-Q=50.11mL-phút-5
4495,GGA17.5-Ni-15,329.5763,3142,304.8,24.77631,U150-H3-07.08.2024,U150-H3-VS2-GGA17.5-Ni(II) 15mg-L-08082024-Q=50.11mL-phút-5
4496,GGA17.5-Ni-15,328.7256,3615,305.0,23.72563,U150-H3-07.08.2024,U150-H3-VS2-GGA17.5-Ni(II) 15mg-L-08082024-Q=50.11mL-phút-5
4497,GGA17.5-Ni-15,327.4158,4089,305.5,21.91579,U150-H3-07.08.2024,U150-H3-VS2-GGA17.5-Ni(II) 15mg-L-08082024-Q=50.11mL-phút-5
4498,GGA17.5-Ni-15,327.5359,4562,307.0,20.53589,U150-H3-07.08.2024,U150-H3-VS2-GGA17.5-Ni(II) 15mg-L-08082024-Q=50.11mL-phút-5
4499,GGA17.5-Ni-15,327.5641,5033,307.8,19.76411,U150-H3-07.08.2024,U150-H3-VS2-GGA17.5-Ni(II) 15mg-L-08082024-Q=50.11mL-phút-5
4500,GGA17.5-Ni-15,327.2564,5509,309.9,17.35642,U150-H3-07.08.2024,U150-H3-VS2-GGA17.5-Ni(II) 15mg-L-08082024-Q=50.11mL-phút-5
4501,GGA17.5-Ni-15,325.05,5983,308.3,16.75001,U150-H3-07.08.2024,U150-H3-VS2-GGA17.5-Ni(II) 15mg-L-08082024-Q=50.11mL-phút-5
4502,GGA17.5-Ni-15,325.5395,6458,308.9,16.63948,U150-H3-07.08.2024,U150-H3-VS2-GGA17.5-Ni(II) 15mg-L-08082024-Q=50.11mL-phút-5
4503,GGA17.5-Ni-15,325.6684,6932,309.2,16.46843,U150-H3-07.08.2024,U150-H3-VS2-GGA17.5-Ni(II) 15mg-L-08082024-Q=50.11mL-phút-5
4504,GGA2.5,326.5211,302,302.2,24.32106,U150-H3-07.08.2024,U150-H3-VS2-GGA2.5-Zn(II) 10mg-L-08082024-Q=50.32mL-phút-1
4505,GGA2.5,324.3632,775,300.8,23.56316,U150-H3-07.08.2024,U150-H3-VS2-GGA2.5-Zn(II) 10mg-L-08082024-Q=50.32mL-phút-1
4506,GGA2.5,324.0316,1248,299.3,24.73159,U150-H3-07.08.2024,U150-H3-VS2-GGA2.5-Zn(II) 10mg-L-08082024-Q=50.32mL-phút-1
4507,GGA2.5,322.9105,1721,299.3,23.61054,U150-H3-07.08.2024,U150-H3-VS2-GGA2.5-Zn(II) 10mg-L-08082024-Q=50.32mL-phút-1
4508,GGA2.5,322.5421,2195,297.8,24.74211,U150-H3-07.08.2024,U150-H3-VS2-GGA2.5-Zn(II) 10mg-L-08082024-Q=50.32mL-phút-1
4509,GGA2.5,322.6079,2669,298.2,24.40788,U150-H3-07.08.2024,U150-H3-VS2-GGA2.5-Zn(II) 10mg-L-08082024-Q=50.32mL-phút-1
4510,GGA2.5-Zn-10,324.4385,3142,301.0,23.43846,U150-H3-07.08.2024,U150-H3-VS2-GGA2.5-Zn(II) 10mg-L-08082024-Q=50.32mL-phút-1
4511,GGA2.5-Zn-10,323.5658,3616,300.7,22.86578,U150-H3-07.08.2024,U150-H3-VS2-GGA2.5-Zn(II) 10mg-L-08082024-Q=50.32mL-phút-1
4512,GGA2.5-Zn-10,324.6231,4088,301.4,23.22307,U150-H3-07.08.2024,U150-H3-VS2-GGA2.5-Zn(II) 10mg-L-08082024-Q=50.32mL-phút-1
4513,GGA2.5-Zn-10,324.2553,4563,301.2,23.05526,U150-H3-07.08.2024,U150-H3-VS2-GGA2.5-Zn(II) 10mg-L-08082024-Q=50.32mL-phút-1
4514,GGA2.5-Zn-10,324.5184,5036,301.9,22.61842,U150-H3-07.08.2024,U150-H3-VS2-GGA2.5-Zn(II) 10mg-L-08082024-Q=50.32mL-phút-1
4515,GGA2.5-Zn-10,324.6526,5509,302.5,22.15262,U150-H3-07.08.2024,U150-H3-VS2-GGA2.5-Zn(II) 10mg-L-08082024-Q=50.32mL-phút-1
4516,GGA20,277.5804,301,268.43,9.15042,U151-H1-07.08.2024,U151-H1-VS2-GGA20-Zn(II) 5mg-L-09082024-Q=49.84mL-phút-4
4517,GGA20,277.6098,775,267.33,10.27981,U151-H1-07.08.2024,U151-H1-VS2-GGA20-Zn(II) 5mg-L-09082024-Q=49.84mL-phút-4
4518,GGA20,276.6843,1245,267.26,9.42428,U151-H1-07.08.2024,U151-H1-VS2-GGA20-Zn(II) 5mg-L-09082024-Q=49.84mL-phút-4
4519,GGA20,275.4745,1725,266.55,8.9245,U151-H1-07.08.2024,U151-H1-VS2-GGA20-Zn(II) 5mg-L-09082024-Q=49.84mL-phút-4
4520,GGA20,277.1727,2197,267.12,10.05265,U151-H1-07.08.2024,U151-H1-VS2-GGA20-Zn(II) 5mg-L-09082024-Q=49.84mL-phút-4
4521,GGA20,277.2361,2671,267.16,10.07612,U151-H1-07.08.2024,U151-H1-VS2-GGA20-Zn(II) 5mg-L-09082024-Q=49.84mL-phút-4
4522,GGA20,276.5108,3142,266.15,10.36083,U151-H1-07.08.2024,U151-H1-VS2-GGA20-Zn(II) 5mg-L-09082024-Q=49.84mL-phút-4
4523,GGA20-Zn-5,275.0161,3618,264.94,10.07612,U151-H1-07.08.2024,U151-H1-VS2-GGA20-Zn(II) 5mg-L-09082024-Q=49.84mL-phút-4
4524,GGA20-Zn-5,274.951,4090,266.72,8.23102,U151-H1-07.08.2024,U151-H1-VS2-GGA20-Zn(II) 5mg-L-09082024-Q=49.84mL-phút-4
4525,GGA20-Zn-5,277.5722,4563,267.6,9.97223,U151-H1-07.08.2024,U151-H1-VS2-GGA20-Zn(II) 5mg-L-09082024-Q=49.84mL-phút-4
4526,GGA20-Zn-5,278.2106,5037,267.47,10.74061,U151-H1-07.08.2024,U151-H1-VS2-GGA20-Zn(II) 5mg-L-09082024-Q=49.84mL-phút-4
4527,GGA20-Zn-5,274.6114,5511,265.05,9.5614,U151-H1-07.08.2024,U151-H1-VS2-GGA20-Zn(II) 5mg-L-09082024-Q=49.84mL-phút-4
4528,GGA20-Zn-5,274.3722,5986,265.34,9.03216,U151-H1-07.08.2024,U151-H1-VS2-GGA20-Zn(II) 5mg-L-09082024-Q=49.84mL-phút-4
4529,GGA20-Zn-5,275.177,6458,266.11,9.06704,U151-H1-07.08.2024,U151-H1-VS2-GGA20-Zn(II) 5mg-L-09082024-Q=49.84mL-phút-4
4530,GGA20-Zn-5,274.837,6932,265.8,9.03704,U151-H1-07.08.2024,U151-H1-VS2-GGA20-Zn(II) 5mg-L-09082024-Q=49.84mL-phút-4
4531,GGA17.5,271.1817,303,262.39,8.79171,U151-H1-07.08.2024,U151-H1-VS2-GGA17.5-Cr(VI) 15mg-L-09082024-Q=50.68mL-phút-5
4532,GGA17.5,270.6131,775,261.87,8.7431,U151-H1-07.08.2024,U151-H1-VS2-GGA17.5-Cr(VI) 15mg-L-09082024-Q=50.68mL-phút-5
4533,GGA17.5,276.4069,1253,267.66,8.7469,U151-H1-07.08.2024,U151-H1-VS2-GGA17.5-Cr(VI) 15mg-L-09082024-Q=50.68mL-phút-5
4534,GGA17.5,276.2917,1725,267.97,8.32172,U151-H1-07.08.2024,U151-H1-VS2-GGA17.5-Cr(VI) 15mg-L-09082024-Q=50.68mL-phút-5
4535,GGA17.5,276.5772,2201,267.85,8.72723,U151-H1-07.08.2024,U151-H1-VS2-GGA17.5-Cr(VI) 15mg-L-09082024-Q=50.68mL-phút-5
4536,GGA17.5,276.5062,2675,266.24,10.26622,U151-H1-07.08.2024,U151-H1-VS2-GGA17.5-Cr(VI) 15mg-L-09082024-Q=50.68mL-phút-5
4537,GGA17.5,275.5483,3148,266.57,8.97827,U151-H1-07.08.2024,U151-H1-VS2-GGA17.5-Cr(VI) 15mg-L-09082024-Q=50.68mL-phút-5
4538,GGA17.5,274.1883,3620,264.4,9.78828,U151-H1-07.08.2024,U151-H1-VS2-GGA17.5-Cr(VI) 15mg-L-09082024-Q=50.68mL-phút-5
4539,GGA17.5-Cr-15,275.9235,4094,263.98,11.94344,U151-H1-07.08.2024,U151-H1-VS2-GGA17.5-Cr(VI) 15mg-L-09082024-Q=50.68mL-phút-5
4540,GGA17.5-Cr-15,273.9945,4568,265.92,8.07447,U151-H1-07.08.2024,U151-H1-VS2-GGA17.5-Cr(VI) 15mg-L-09082024-Q=50.68mL-phút-5
4541,GGA17.5-Cr-15,274.1738,5044,266.01,8.16378,U151-H1-07.08.2024,U151-H1-VS2-GGA17.5-Cr(VI) 15mg-L-09082024-Q=50.68mL-phút-5
4542,GGA17.5-Cr-15,273.8486,5514,266.97,6.87862,U151-H1-07.08.2024,U151-H1-VS2-GGA17.5-Cr(VI) 15mg-L-09082024-Q=50.68mL-phút-5
4543,GGA17.5-Cr-15,273.9128,5991,267.05,6.86281,U151-H1-07.08.2024,U151-H1-VS2-GGA17.5-Cr(VI) 15mg-L-09082024-Q=50.68mL-phút-5
4544,GGA17.5-Cr-15,273.9288,6461,267.56,6.3688,U151-H1-07.08.2024,U151-H1-VS2-GGA17.5-Cr(VI) 15mg-L-09082024-Q=50.68mL-phút-5
4545,GGA17.5-Cr-15,274.162,6937,267.7,6.46199,U151-H1-07.08.2024,U151-H1-VS2-GGA17.5-Cr(VI) 15mg-L-09082024-Q=50.68mL-phút-5
4546,GGA17.5-Cr-15,273.1433,7413,267.89,5.25332,U151-H1-07.08.2024,U151-H1-VS2-GGA17.5-Cr(VI) 15mg-L-09082024-Q=50.68mL-phút-5
4547,GGA17.5-Cr-15,273.3183,7884,268.56,4.75833,U151-H1-07.08.2024,U151-H1-VS2-GGA17.5-Cr(VI) 15mg-L-09082024-Q=50.68mL-phút-5
4548,GGA17.5-Cr-15,273.7908,8359,268.56,5.2308,U151-H1-07.08.2024,U151-H1-VS2-GGA17.5-Cr(VI) 15mg-L-09082024-Q=50.68mL-phút-5
4549,GGA17.5-Cr-15,274.0875,8832,268.79,5.29749,U151-H1-07.08.2024,U151-H1-VS2-GGA17.5-Cr(VI) 15mg-L-09082024-Q=50.68mL-phút-5
4550,GGA17.5-Cr-15,274.9875,9306,269.15,5.83751,U151-H1-07.08.2024,U151-H1-VS2-GGA17.5-Cr(VI) 15mg-L-09082024-Q=50.68mL-phút-5
4551,GGA12.5,336.628,301,305.8,30.82801,U152-H3-VS2-07.08.2024,U152-H3-VS2-GGA12.5-Ni(II) 5mg-L-09082024-Q=50.44mL-phút-6
4552,GGA12.5,335.8733,775,305.6,30.27334,U152-H3-VS2-07.08.2024,U152-H3-VS2-GGA12.5-Ni(II) 5mg-L-09082024-Q=50.44mL-phút-6
4553,GGA12.5,335.8476,1248,305.5,30.34762,U152-H3-VS2-07.08.2024,U152-H3-VS2-GGA12.5-Ni(II) 5mg-L-09082024-Q=50.44mL-phút-6
4554,GGA12.5,334.648,1721,304.4,30.248,U152-H3-VS2-07.08.2024,U152-H3-VS2-GGA12.5-Ni(II) 5mg-L-09082024-Q=50.44mL-phút-6
4555,GGA12.5,332.644,2195,302.4,30.24401,U152-H3-VS2-07.08.2024,U152-H3-VS2-GGA12.5-Ni(II) 5mg-L-09082024-Q=50.44mL-phút-6
4556,GGA12.5-Ni-5,335.3,2668,303.2,32.09999,U152-H3-VS2-07.08.2024,U152-H3-VS2-GGA12.5-Ni(II) 5mg-L-09082024-Q=50.44mL-phút-6
4557,GGA12.5-Ni-5,334.028,3142,302.1,31.928,U152-H3-VS2-07.08.2024,U152-H3-VS2-GGA12.5-Ni(II) 5mg-L-09082024-Q=50.44mL-phút-6
4558,GGA12.5-Ni-5,333.84,3616,304.8,29.04,U152-H3-VS2-07.08.2024,U152-H3-VS2-GGA12.5-Ni(II) 5mg-L-09082024-Q=50.44mL-phút-6
4559,GGA12.5-Ni-5,333.44,4088,303.6,29.83999,U152-H3-VS2-07.08.2024,U152-H3-VS2-GGA12.5-Ni(II) 5mg-L-09082024-Q=50.44mL-phút-6
4560,GGA12.5-Ni-5,333.88,4561,305.9,27.97999,U152-H3-VS2-07.08.2024,U152-H3-VS2-GGA12.5-Ni(II) 5mg-L-09082024-Q=50.44mL-phút-6
4561,GGA12.5-Ni-5,329.28,5040,302.2,27.08001,U152-H3-VS2-07.08.2024,U152-H3-VS2-GGA12.5-Ni(II) 5mg-L-09082024-Q=50.44mL-phút-6
4562,GGA12.5-Ni-5,329.1125,5515,301.6,27.51249,U152-H3-VS2-07.08.2024,U152-H3-VS2-GGA12.5-Ni(II) 5mg-L-09082024-Q=50.44mL-phút-6
4563,GGA2.5,323.5575,302,297.7,25.85751,U152-H3-VS2-07.08.2024,U152-H3-VS2-GGA2.5-Cr(VI) 10mg-L-09082024-Q=50.28mL-phút-3
4564,GGA2.5,324.795,774,301.0,23.795,U152-H3-VS2-07.08.2024,U152-H3-VS2-GGA2.5-Cr(VI) 10mg-L-09082024-Q=50.28mL-phút-3
4565,GGA2.5,325.7949,1247,301.2,24.59487,U152-H3-VS2-07.08.2024,U152-H3-VS2-GGA2.5-Cr(VI) 10mg-L-09082024-Q=50.28mL-phút-3
4566,GGA2.5,327.5077,1723,302.5,25.00768,U152-H3-VS2-07.08.2024,U152-H3-VS2-GGA2.5-Cr(VI) 10mg-L-09082024-Q=50.28mL-phút-3
4567,GGA2.5,329.255,2196,304.0,25.25501,U152-H3-VS2-07.08.2024,U152-H3-VS2-GGA2.5-Cr(VI) 10mg-L-09082024-Q=50.28mL-phút-3
4568,GGA2.5,330.4,2670,305.6,24.80001,U152-H3-VS2-07.08.2024,U152-H3-VS2-GGA2.5-Cr(VI) 10mg-L-09082024-Q=50.28mL-phút-3
4569,GGA2.5,330.6487,3140,306.4,24.24872,U152-H3-VS2-07.08.2024,U152-H3-VS2-GGA2.5-Cr(VI) 10mg-L-09082024-Q=50.28mL-phút-3
4570,GGA2.5-Cr-10,332.8539,3614,305.8,27.05386,U152-H3-VS2-07.08.2024,U152-H3-VS2-GGA2.5-Cr(VI) 10mg-L-09082024-Q=50.28mL-phút-3
4571,GGA2.5-Cr-10,333.4821,4088,306.4,27.08206,U152-H3-VS2-07.08.2024,U152-H3-VS2-GGA2.5-Cr(VI) 10mg-L-09082024-Q=50.28mL-phút-3
4572,GGA2.5-Cr-10,334.4231,4558,310.1,24.32309,U152-H3-VS2-07.08.2024,U152-H3-VS2-GGA2.5-Cr(VI) 10mg-L-09082024-Q=50.28mL-phút-3
4573,GGA2.5-Cr-10,333.5077,5032,308.6,24.90768,U152-H3-VS2-07.08.2024,U152-H3-VS2-GGA2.5-Cr(VI) 10mg-L-09082024-Q=50.28mL-phút-3
4574,GGA2.5-Cr-10,333.3966,5504,310.2,23.19654,U152-H3-VS2-07.08.2024,U152-H3-VS2-GGA2.5-Cr(VI) 10mg-L-09082024-Q=50.28mL-phút-3
4575,GGA2.5-Cr-10,333.3552,5979,309.9,23.45518,U152-H3-VS2-07.08.2024,U152-H3-VS2-GGA2.5-Cr(VI) 10mg-L-09082024-Q=50.28mL-phút-3
4576,GGA2.5-Cr-10,330.2862,6453,312.8,17.48621,U152-H3-VS2-07.08.2024,U152-H3-VS2-GGA2.5-Cr(VI) 10mg-L-09082024-Q=50.28mL-phút-3
4577,GGA2.5-Cr-10,335.4897,6926,317.8,17.68966,U152-H3-VS2-07.08.2024,U152-H3-VS2-GGA2.5-Cr(VI) 10mg-L-09082024-Q=50.28mL-phút-3
4578,GGA2.5-Cr-10,338.4102,7397,319.6,18.81021,U152-H3-VS2-07.08.2024,U152-H3-VS2-GGA2.5-Cr(VI) 10mg-L-09082024-Q=50.28mL-phút-3
4579,GGA20,298.0839,302,289.22,8.86388,U153-H1-VS2-08.08.2024,U153-H1-VS2-GGA20-Zn(II) 15mg-L-12082024-Q=50.16mL-phút-2
4580,GGA20,296.8129,777,287.61,9.20287,U153-H1-VS2-08.08.2024,U153-H1-VS2-GGA20-Zn(II) 15mg-L-12082024-Q=50.16mL-phút-2
4581,GGA20,296.8225,1249,287.84,8.9825,U153-H1-VS2-08.08.2024,U153-H1-VS2-GGA20-Zn(II) 15mg-L-12082024-Q=50.16mL-phút-2
4582,GGA20,296.645,1723,287.21,9.43501,U153-H1-VS2-08.08.2024,U153-H1-VS2-GGA20-Zn(II) 15mg-L-12082024-Q=50.16mL-phút-2
4583,GGA20,296.5765,2198,287.34,9.2365,U153-H1-VS2-08.08.2024,U153-H1-VS2-GGA20-Zn(II) 15mg-L-12082024-Q=50.16mL-phút-2
4584,GGA20,296.4705,2668,287.11,9.36051,U153-H1-VS2-08.08.2024,U153-H1-VS2-GGA20-Zn(II) 15mg-L-12082024-Q=50.16mL-phút-2
4585,GGA20,296.255,3143,287.15,9.10501,U153-H1-VS2-08.08.2024,U153-H1-VS2-GGA20-Zn(II) 15mg-L-12082024-Q=50.16mL-phút-2
4586,GGA20-Zn-15,295.5128,3618,286.13,9.38275,U153-H1-VS2-08.08.2024,U153-H1-VS2-GGA20-Zn(II) 15mg-L-12082024-Q=50.16mL-phút-2
4587,GGA20-Zn-15,295.32,4092,286.04,9.27999,U153-H1-VS2-08.08.2024,U153-H1-VS2-GGA20-Zn(II) 15mg-L-12082024-Q=50.16mL-phút-2
4588,GGA20-Zn-15,295.0475,4566,285.96,9.08751,U153-H1-VS2-08.08.2024,U153-H1-VS2-GGA20-Zn(II) 15mg-L-12082024-Q=50.16mL-phút-2
4589,GGA20-Zn-15,294.8253,5039,286.0,8.82525,U153-H1-VS2-08.08.2024,U153-H1-VS2-GGA20-Zn(II) 15mg-L-12082024-Q=50.16mL-phút-2
4590,GGA20-Zn-15,294.311,5511,286.08,8.23101,U153-H1-VS2-08.08.2024,U153-H1-VS2-GGA20-Zn(II) 15mg-L-12082024-Q=50.16mL-phút-2
4591,GGA20-Zn-15,294.7553,5985,285.83,8.92526,U153-H1-VS2-08.08.2024,U153-H1-VS2-GGA20-Zn(II) 15mg-L-12082024-Q=50.16mL-phút-2
4592,GGA20-Zn-15,294.5615,6460,285.65,8.91148,U153-H1-VS2-08.08.2024,U153-H1-VS2-GGA20-Zn(II) 15mg-L-12082024-Q=50.16mL-phút-2
4593,GGA20-Zn-15,294.2193,6932,284.91,9.30925,U153-H1-VS2-08.08.2024,U153-H1-VS2-GGA20-Zn(II) 15mg-L-12082024-Q=50.16mL-phút-2
4594,GGA20-Zn-15,293.211,7404,285.25,7.961,U153-H1-VS2-08.08.2024,U153-H1-VS2-GGA20-Zn(II) 15mg-L-12082024-Q=50.16mL-phút-2
4595,GGA20-Zn-15,293.1678,7878,285.1,8.06774,U153-H1-VS2-08.08.2024,U153-H1-VS2-GGA20-Zn(II) 15mg-L-12082024-Q=50.16mL-phút-2
4596,GGA20-Zn-15,292.1598,8351,284.68,7.47976,U153-H1-VS2-08.08.2024,U153-H1-VS2-GGA20-Zn(II) 15mg-L-12082024-Q=50.16mL-phút-2
4597,GGA20,292.8668,301,284.58,8.28684,U153-H1-VS2-08.08.2024,U153-H1-VS2-GGA20-Ni(II) 10mg-L-12082024-Q=50.02mL-phút-5
4598,GGA20,292.8973,777,284.27,8.62726,U153-H1-VS2-08.08.2024,U153-H1-VS2-GGA20-Ni(II) 10mg-L-12082024-Q=50.02mL-phút-5
4599,GGA20,292.1513,1250,284.04,8.11124,U153-H1-VS2-08.08.2024,U153-H1-VS2-GGA20-Ni(II) 10mg-L-12082024-Q=50.02mL-phút-5
4600,GGA20,293.7354,1725,285.37,8.36537,U153-H1-VS2-08.08.2024,U153-H1-VS2-GGA20-Ni(II) 10mg-L-12082024-Q=50.02mL-phút-5
4601,GGA20,292.9943,2196,284.85,8.14424,U153-H1-VS2-08.08.2024,U153-H1-VS2-GGA20-Ni(II) 10mg-L-12082024-Q=50.02mL-phút-5
4602,GGA20,293.1408,2669,284.91,8.23075,U153-H1-VS2-08.08.2024,U153-H1-VS2-GGA20-Ni(II) 10mg-L-12082024-Q=50.02mL-phút-5
4603,GGA20-Ni-10,292.4645,3143,284.81,7.6545,U153-H1-VS2-08.08.2024,U153-H1-VS2-GGA20-Ni(II) 10mg-L-12082024-Q=50.02mL-phút-5
4604,GGA20-Ni-10,292.4105,3616,285.1,7.31048,U153-H1-VS2-08.08.2024,U153-H1-VS2-GGA20-Ni(II) 10mg-L-12082024-Q=50.02mL-phút-5
4605,GGA20-Ni-10,291.8422,4090,284.56,7.2822,U153-H1-VS2-08.08.2024,U153-H1-VS2-GGA20-Ni(II) 10mg-L-12082024-Q=50.02mL-phút-5
4606,GGA20-Ni-10,292.0218,4563,284.62,7.40175,U153-H1-VS2-08.08.2024,U153-H1-VS2-GGA20-Ni(II) 10mg-L-12082024-Q=50.02mL-phút-5
4607,GGA20-Ni-10,292.2518,5036,284.83,7.42176,U153-H1-VS2-08.08.2024,U153-H1-VS2-GGA20-Ni(II) 10mg-L-12082024-Q=50.02mL-phút-5
4608,GGA20-Ni-10,291.9558,5517,283.37,8.58575,U153-H1-VS2-08.08.2024,U153-H1-VS2-GGA20-Ni(II) 10mg-L-12082024-Q=50.02mL-phút-5
4609,GGA20-Ni-10,291.5873,5985,284.56,7.02725,U153-H1-VS2-08.08.2024,U153-H1-VS2-GGA20-Ni(II) 10mg-L-12082024-Q=50.02mL-phút-5
4610,GGA20-Ni-10,291.3495,6459,284.08,7.26951,U153-H1-VS2-08.08.2024,U153-H1-VS2-GGA20-Ni(II) 10mg-L-12082024-Q=50.02mL-phút-5
4611,GGA20-Ni-10,291.2038,6931,284.1,7.10374,U153-H1-VS2-08.08.2024,U153-H1-VS2-GGA20-Ni(II) 10mg-L-12082024-Q=50.02mL-phút-5
4612,GGA17.5,291.6923,301,284.16,7.53225,U153-H1-VS2-08.08.2024,U153-H1-VS2-GGA17.5-Cr(VI) 5mg-L-12082024-Q=49.96mL-phút-5
4613,GGA17.5,291.2866,773,284.52,6.7666,U153-H1-VS2-08.08.2024,U153-H1-VS2-GGA17.5-Cr(VI) 5mg-L-12082024-Q=49.96mL-phút-5
4614,GGA17.5,291.595,1252,284.14,7.45499,U153-H1-VS2-08.08.2024,U153-H1-VS2-GGA17.5-Cr(VI) 5mg-L-12082024-Q=49.96mL-phút-5
4615,GGA17.5,291.4198,1725,284.75,6.66975,U153-H1-VS2-08.08.2024,U153-H1-VS2-GGA17.5-Cr(VI) 5mg-L-12082024-Q=49.96mL-phút-5
4616,GGA17.5,291.1903,2198,284.41,6.78025,U153-H1-VS2-08.08.2024,U153-H1-VS2-GGA17.5-Cr(VI) 5mg-L-12082024-Q=49.96mL-phút-5
4617,GGA17.5,291.3983,2671,284.91,6.48829,U153-H1-VS2-08.08.2024,U153-H1-VS2-GGA17.5-Cr(VI) 5mg-L-12082024-Q=49.96mL-phút-5
4618,GGA17.5,291.4188,3145,285.16,6.25875,U153-H1-VS2-08.08.2024,U153-H1-VS2-GGA17.5-Cr(VI) 5mg-L-12082024-Q=49.96mL-phút-5
4619,GGA17.5-Cr-5,292.8988,3618,285.02,7.87876,U153-H1-VS2-08.08.2024,U153-H1-VS2-GGA17.5-Cr(VI) 5mg-L-12082024-Q=49.96mL-phút-5
4620,GGA17.5-Cr-5,293.4708,4091,286.15,7.32076,U153-H1-VS2-08.08.2024,U153-H1-VS2-GGA17.5-Cr(VI) 5mg-L-12082024-Q=49.96mL-phút-5
4621,GGA17.5-Cr-5,294.1593,4564,286.54,7.61924,U153-H1-VS2-08.08.2024,U153-H1-VS2-GGA17.5-Cr(VI) 5mg-L-12082024-Q=49.96mL-phút-5
4622,GGA17.5-Cr-5,293.9533,5038,287.03,6.92325,U153-H1-VS2-08.08.2024,U153-H1-VS2-GGA17.5-Cr(VI) 5mg-L-12082024-Q=49.96mL-phút-5
4623,GGA17.5-Cr-5,294.4715,5511,287.28,7.1915,U153-H1-VS2-08.08.2024,U153-H1-VS2-GGA17.5-Cr(VI) 5mg-L-12082024-Q=49.96mL-phút-5
4624,GGA17.5-Cr-5,294.727,5984,288.36,6.36701,U153-H1-VS2-08.08.2024,U153-H1-VS2-GGA17.5-Cr(VI) 5mg-L-12082024-Q=49.96mL-phút-5
4625,GGA17.5-Cr-5,294.4123,6457,288.72,5.69225,U153-H1-VS2-08.08.2024,U153-H1-VS2-GGA17.5-Cr(VI) 5mg-L-12082024-Q=49.96mL-phút-5
4626,GGA17.5-Cr-5,294.4983,6930,288.89,5.60824,U153-H1-VS2-08.08.2024,U153-H1-VS2-GGA17.5-Cr(VI) 5mg-L-12082024-Q=49.96mL-phút-5
4627,GGA17.5-Cr-5,294.9849,7404,289.54,5.44487,U153-H1-VS2-08.08.2024,U153-H1-VS2-GGA17.5-Cr(VI) 5mg-L-12082024-Q=49.96mL-phút-5
4628,GGA17.5-Cr-5,294.9968,7876,289.74,5.25676,U153-H1-VS2-08.08.2024,U153-H1-VS2-GGA17.5-Cr(VI) 5mg-L-12082024-Q=49.96mL-phút-5
4629,GGA17.5-Cr-5,294.992,8350,289.97,5.022,U153-H1-VS2-08.08.2024,U153-H1-VS2-GGA17.5-Cr(VI) 5mg-L-12082024-Q=49.96mL-phút-5
4630,GGA20,290.488,301,282.38,8.108,U155-H1-VS2-09.08.2024,U155-H1-VS2-GGA20-Cr(VI) 15mg-L-13082024-Q=50.28mL-phút-5
4631,GGA20,289.8429,775,282.3,7.54287,U155-H1-VS2-09.08.2024,U155-H1-VS2-GGA20-Cr(VI) 15mg-L-13082024-Q=50.28mL-phút-5
4632,GGA20,290.9937,1247,282.34,8.65371,U155-H1-VS2-09.08.2024,U155-H1-VS2-GGA20-Cr(VI) 15mg-L-13082024-Q=50.28mL-phút-5
4633,GGA20,289.4569,1722,281.76,7.69685,U155-H1-VS2-09.08.2024,U155-H1-VS2-GGA20-Cr(VI) 15mg-L-13082024-Q=50.28mL-phút-5
4634,GGA20,290.5297,2195,281.8,8.72972,U155-H1-VS2-09.08.2024,U155-H1-VS2-GGA20-Cr(VI) 15mg-L-13082024-Q=50.28mL-phút-5
4635,GGA20,289.978,2668,281.13,8.848,U155-H1-VS2-09.08.2024,U155-H1-VS2-GGA20-Cr(VI) 15mg-L-13082024-Q=50.28mL-phút-5
4636,GGA20-Cr-15,290.0971,3141,280.58,9.51715,U155-H1-VS2-09.08.2024,U155-H1-VS2-GGA20-Cr(VI) 15mg-L-13082024-Q=50.28mL-phút-5
4637,GGA20-Cr-15,288.9903,3614,280.9,8.0903,U155-H1-VS2-09.08.2024,U155-H1-VS2-GGA20-Cr(VI) 15mg-L-13082024-Q=50.28mL-phút-5
4638,GGA20-Cr-15,289.5577,4087,281.69,7.86772,U155-H1-VS2-09.08.2024,U155-H1-VS2-GGA20-Cr(VI) 15mg-L-13082024-Q=50.28mL-phút-5
4639,GGA20-Cr-15,290.0094,4560,282.13,7.87943,U155-H1-VS2-09.08.2024,U155-H1-VS2-GGA20-Cr(VI) 15mg-L-13082024-Q=50.28mL-phút-5
4640,GGA20-Cr-15,289.8223,5033,282.78,7.04228,U155-H1-VS2-09.08.2024,U155-H1-VS2-GGA20-Cr(VI) 15mg-L-13082024-Q=50.28mL-phút-5
4641,GGA20-Cr-15,289.8679,5508,282.89,6.97793,U155-H1-VS2-09.08.2024,U155-H1-VS2-GGA20-Cr(VI) 15mg-L-13082024-Q=50.28mL-phút-5
4642,GGA20-Cr-15,289.9963,5981,283.6,6.39628,U155-H1-VS2-09.08.2024,U155-H1-VS2-GGA20-Cr(VI) 15mg-L-13082024-Q=50.28mL-phút-5
4643,GGA20-Cr-15,289.6609,6456,282.36,7.30092,U155-H1-VS2-09.08.2024,U155-H1-VS2-GGA20-Cr(VI) 15mg-L-13082024-Q=50.28mL-phút-5
4644,GGA20,289.3997,303,282.99,6.40971,U155-H1-VS2-09.08.2024,U155-H1-VS2-GGA20-Ni(II) 10mg-L-13082024-Q=51.2mL-phút-6
4645,GGA20,289.1188,775,283.32,5.79877,U155-H1-VS2-09.08.2024,U155-H1-VS2-GGA20-Ni(II) 10mg-L-13082024-Q=51.2mL-phút-6
4646,GGA20,289.3691,1249,282.97,6.39906,U155-H1-VS2-09.08.2024,U155-H1-VS2-GGA20-Ni(II) 10mg-L-13082024-Q=51.2mL-phút-6
4647,GGA20,289.0824,1720,282.93,6.15243,U155-H1-VS2-09.08.2024,U155-H1-VS2-GGA20-Ni(II) 10mg-L-13082024-Q=51.2mL-phút-6
4648,GGA20,289.1355,2194,282.78,6.35546,U155-H1-VS2-09.08.2024,U155-H1-VS2-GGA20-Ni(II) 10mg-L-13082024-Q=51.2mL-phút-6
4649,GGA20-Ni-10,289.4522,2667,282.97,6.48219,U155-H1-VS2-09.08.2024,U155-H1-VS2-GGA20-Ni(II) 10mg-L-13082024-Q=51.2mL-phút-6
4650,GGA20-Ni-10,288.9297,3142,282.89,6.03969,U155-H1-VS2-09.08.2024,U155-H1-VS2-GGA20-Ni(II) 10mg-L-13082024-Q=51.2mL-phút-6
4651,GGA20-Ni-10,288.7261,3614,282.82,5.90605,U155-H1-VS2-09.08.2024,U155-H1-VS2-GGA20-Ni(II) 10mg-L-13082024-Q=51.2mL-phút-6
4652,GGA20-Ni-10,288.4919,4086,282.74,5.75188,U155-H1-VS2-09.08.2024,U155-H1-VS2-GGA20-Ni(II) 10mg-L-13082024-Q=51.2mL-phút-6
4653,GGA20-Ni-10,288.2509,4560,282.3,5.9509,U155-H1-VS2-09.08.2024,U155-H1-VS2-GGA20-Ni(II) 10mg-L-13082024-Q=51.2mL-phút-6
4654,GGA20-Ni-10,288.0936,5035,282.34,5.75355,U155-H1-VS2-09.08.2024,U155-H1-VS2-GGA20-Ni(II) 10mg-L-13082024-Q=51.2mL-phút-6
4655,GGA20-Ni-10,287.9773,5509,282.28,5.69727,U155-H1-VS2-09.08.2024,U155-H1-VS2-GGA20-Ni(II) 10mg-L-13082024-Q=51.2mL-phút-6
4656,GGA12.5,353.6829,301,332.7,20.98284,U156-H3-VS2-09.08.2024,U156-H3-VS2-GGA12.5-Zn(II) 10mg-L-13082024-Q=49.92mL-phút-7
4657,GGA12.5,352.7143,775,331.5,21.21429,U156-H3-VS2-09.08.2024,U156-H3-VS2-GGA12.5-Zn(II) 10mg-L-13082024-Q=49.92mL-phút-7
4658,GGA12.5,351.9714,1248,331.5,20.47144,U156-H3-VS2-09.08.2024,U156-H3-VS2-GGA12.5-Zn(II) 10mg-L-13082024-Q=49.92mL-phút-7
4659,GGA12.5,351.3829,1721,331.4,19.98285,U156-H3-VS2-09.08.2024,U156-H3-VS2-GGA12.5-Zn(II) 10mg-L-13082024-Q=49.92mL-phút-7
4660,GGA12.5,351.4771,2195,330.6,20.87715,U156-H3-VS2-09.08.2024,U156-H3-VS2-GGA12.5-Zn(II) 10mg-L-13082024-Q=49.92mL-phút-7
4661,GGA12.5,350.9143,2667,329.9,21.01428,U156-H3-VS2-09.08.2024,U156-H3-VS2-GGA12.5-Zn(II) 10mg-L-13082024-Q=49.92mL-phút-7
4662,GGA12.5-Zn-10,350.9235,3140,328.4,22.52354,U156-H3-VS2-09.08.2024,U156-H3-VS2-GGA12.5-Zn(II) 10mg-L-13082024-Q=49.92mL-phút-7
4663,GGA12.5-Zn-10,350.4257,3615,331.7,18.72572,U156-H3-VS2-09.08.2024,U156-H3-VS2-GGA12.5-Zn(II) 10mg-L-13082024-Q=49.92mL-phút-7
4664,GGA12.5-Zn-10,350.34,4089,330.8,19.54,U156-H3-VS2-09.08.2024,U156-H3-VS2-GGA12.5-Zn(II) 10mg-L-13082024-Q=49.92mL-phút-7
4665,GGA12.5-Zn-10,349.7257,4560,328.4,21.32572,U156-H3-VS2-09.08.2024,U156-H3-VS2-GGA12.5-Zn(II) 10mg-L-13082024-Q=49.92mL-phút-7
4666,GGA12.5-Zn-10,348.5706,5034,328.6,19.9706,U156-H3-VS2-09.08.2024,U156-H3-VS2-GGA12.5-Zn(II) 10mg-L-13082024-Q=49.92mL-phút-7
4667,GGA12.5-Zn-10,348.56,5507,328.6,19.96001,U156-H3-VS2-09.08.2024,U156-H3-VS2-GGA12.5-Zn(II) 10mg-L-13082024-Q=49.92mL-phút-7
4668,GGA12.5-Zn-10,348.1971,5981,328.3,19.89714,U156-H3-VS2-09.08.2024,U156-H3-VS2-GGA12.5-Zn(II) 10mg-L-13082024-Q=49.92mL-phút-7
4669,GGA12.5-Zn-10,347.4257,6454,328.6,18.82572,U156-H3-VS2-09.08.2024,U156-H3-VS2-GGA12.5-Zn(II) 10mg-L-13082024-Q=49.92mL-phút-7
4670,GGA12.5-Zn-10,347.5276,6926,328.7,18.82758,U156-H3-VS2-09.08.2024,U156-H3-VS2-GGA12.5-Zn(II) 10mg-L-13082024-Q=49.92mL-phút-7
4671,GGA12.5-Zn-10,346.2467,7402,330.0,16.24666,U156-H3-VS2-09.08.2024,U156-H3-VS2-GGA12.5-Zn(II) 10mg-L-13082024-Q=49.92mL-phút-7
4672,GGA12.5-Zn-10,347.6724,7874,329.8,17.87241,U156-H3-VS2-09.08.2024,U156-H3-VS2-GGA12.5-Zn(II) 10mg-L-13082024-Q=49.92mL-phút-7
4673,GGA17.5,287.1686,302,273.91,13.2586,U157-H1-VS2-12.08.2024,U157-H1-VS2-GGA17.5-Zn(II) 5mg-L-14082024-Q=50.28mL-phút-3
4674,GGA17.5,287.3753,775,274.21,13.16532,U157-H1-VS2-12.08.2024,U157-H1-VS2-GGA17.5-Zn(II) 5mg-L-14082024-Q=50.28mL-phút-3
4675,GGA17.5,287.4167,1252,274.46,12.95675,U157-H1-VS2-12.08.2024,U157-H1-VS2-GGA17.5-Zn(II) 5mg-L-14082024-Q=50.28mL-phút-3
4676,GGA17.5,287.0345,1724,273.37,13.66449,U157-H1-VS2-12.08.2024,U157-H1-VS2-GGA17.5-Zn(II) 5mg-L-14082024-Q=50.28mL-phút-3
4677,GGA17.5,286.0988,2197,274.79,11.30874,U157-H1-VS2-12.08.2024,U157-H1-VS2-GGA17.5-Zn(II) 5mg-L-14082024-Q=50.28mL-phút-3
4678,GGA17.5,287.3567,2669,274.92,12.43666,U157-H1-VS2-12.08.2024,U157-H1-VS2-GGA17.5-Zn(II) 5mg-L-14082024-Q=50.28mL-phút-3
4679,GGA17.5,287.0296,3142,274.92,12.10957,U157-H1-VS2-12.08.2024,U157-H1-VS2-GGA17.5-Zn(II) 5mg-L-14082024-Q=50.28mL-phút-3
4680,GGA17.5-Zn-5,287.2604,3616,274.69,12.57042,U157-H1-VS2-12.08.2024,U157-H1-VS2-GGA17.5-Zn(II) 5mg-L-14082024-Q=50.28mL-phút-3
4681,GGA17.5-Zn-5,287.1158,4088,276.21,10.90584,U157-H1-VS2-12.08.2024,U157-H1-VS2-GGA17.5-Zn(II) 5mg-L-14082024-Q=50.28mL-phút-3
4682,GGA17.5-Zn-5,287.4504,4562,276.51,10.94041,U157-H1-VS2-12.08.2024,U157-H1-VS2-GGA17.5-Zn(II) 5mg-L-14082024-Q=50.28mL-phút-3
4683,GGA17.5-Zn-5,286.8809,5037,275.94,10.94087,U157-H1-VS2-12.08.2024,U157-H1-VS2-GGA17.5-Zn(II) 5mg-L-14082024-Q=50.28mL-phút-3
4684,GGA17.5-Zn-5,287.0435,5509,276.76,10.28347,U157-H1-VS2-12.08.2024,U157-H1-VS2-GGA17.5-Zn(II) 5mg-L-14082024-Q=50.28mL-phút-3
4685,GGA17.5-Zn-5,286.3213,5984,276.32,10.00129,U157-H1-VS2-12.08.2024,U157-H1-VS2-GGA17.5-Zn(II) 5mg-L-14082024-Q=50.28mL-phút-3
4686,GGA17.5-Zn-5,286.0638,6456,275.5,10.56375,U157-H1-VS2-12.08.2024,U157-H1-VS2-GGA17.5-Zn(II) 5mg-L-14082024-Q=50.28mL-phút-3
4687,GGA17.5,286.3517,303,275.25,11.10167,U157-H1-VS2-12.08.2024,U157-H1-VS2-GGA17.5-Ni(II) 5mg-L-14082024-Q=50.72mL-phút-6
4688,GGA17.5,286.1658,775,275.04,11.12582,U157-H1-VS2-12.08.2024,U157-H1-VS2-GGA17.5-Ni(II) 5mg-L-14082024-Q=50.72mL-phút-6
4689,GGA17.5,286.1129,1244,274.62,11.49292,U157-H1-VS2-12.08.2024,U157-H1-VS2-GGA17.5-Ni(II) 5mg-L-14082024-Q=50.72mL-phút-6
4690,GGA17.5,285.6754,1719,274.0,11.67542,U157-H1-VS2-12.08.2024,U157-H1-VS2-GGA17.5-Ni(II) 5mg-L-14082024-Q=50.72mL-phút-6
4691,GGA17.5,285.525,2191,273.68,11.84501,U157-H1-VS2-12.08.2024,U157-H1-VS2-GGA17.5-Ni(II) 5mg-L-14082024-Q=50.72mL-phút-6
4692,GGA17.5,285.3075,2665,274.29,11.01749,U157-H1-VS2-12.08.2024,U157-H1-VS2-GGA17.5-Ni(II) 5mg-L-14082024-Q=50.72mL-phút-6
4693,GGA17.5-Ni-5,285.9226,3136,274.9,11.02262,U157-H1-VS2-12.08.2024,U157-H1-VS2-GGA17.5-Ni(II) 5mg-L-14082024-Q=50.72mL-phút-6
4694,GGA17.5-Ni-5,285.5365,3612,275.29,10.24651,U157-H1-VS2-12.08.2024,U157-H1-VS2-GGA17.5-Ni(II) 5mg-L-14082024-Q=50.72mL-phút-6
4695,GGA17.5-Ni-5,285.4247,4085,275.59,9.83471,U157-H1-VS2-12.08.2024,U157-H1-VS2-GGA17.5-Ni(II) 5mg-L-14082024-Q=50.72mL-phút-6
4696,GGA17.5-Ni-5,285.3506,4559,275.08,10.2706,U157-H1-VS2-12.08.2024,U157-H1-VS2-GGA17.5-Ni(II) 5mg-L-14082024-Q=50.72mL-phút-6
4697,GGA17.5-Ni-5,285.2091,5032,275.69,9.51909,U157-H1-VS2-12.08.2024,U157-H1-VS2-GGA17.5-Ni(II) 5mg-L-14082024-Q=50.72mL-phút-6
4698,GGA17.5-Ni-5,284.9467,5511,275.15,9.79668,U157-H1-VS2-12.08.2024,U157-H1-VS2-GGA17.5-Ni(II) 5mg-L-14082024-Q=50.72mL-phút-6
4699,GGA5,284.1491,301,272.72,11.42912,U157-H1-VS2-12.08.2024,U157-H1-VS2-GGA5-Cr(VI) 10mg-L-14082024-Q=50.08mL-phút-3
4700,GGA5,284.0529,775,273.2,10.85293,U157-H1-VS2-12.08.2024,U157-H1-VS2-GGA5-Cr(VI) 10mg-L-14082024-Q=50.08mL-phút-3
4701,GGA5,284.12,1249,272.18,11.94001,U157-H1-VS2-12.08.2024,U157-H1-VS2-GGA5-Cr(VI) 10mg-L-14082024-Q=50.08mL-phút-3
4702,GGA5,284.0871,1721,272.41,11.67706,U157-H1-VS2-12.08.2024,U157-H1-VS2-GGA5-Cr(VI) 10mg-L-14082024-Q=50.08mL-phút-3
4703,GGA5,284.0988,2195,273.18,10.91883,U157-H1-VS2-12.08.2024,U157-H1-VS2-GGA5-Cr(VI) 10mg-L-14082024-Q=50.08mL-phút-3
4704,GGA5,283.9715,2665,273.1,10.87151,U157-H1-VS2-12.08.2024,U157-H1-VS2-GGA5-Cr(VI) 10mg-L-14082024-Q=50.08mL-phút-3
4705,GGA5-Cr-10,284.1079,3138,273.43,10.67789,U157-H1-VS2-12.08.2024,U157-H1-VS2-GGA5-Cr(VI) 10mg-L-14082024-Q=50.08mL-phút-3
4706,GGA5-Cr-10,284.1836,3614,273.22,10.96364,U157-H1-VS2-12.08.2024,U157-H1-VS2-GGA5-Cr(VI) 10mg-L-14082024-Q=50.08mL-phút-3
4707,GGA5-Cr-10,284.2759,4084,274.14,10.13589,U157-H1-VS2-12.08.2024,U157-H1-VS2-GGA5-Cr(VI) 10mg-L-14082024-Q=50.08mL-phút-3
4708,GGA5-Cr-10,284.0044,4560,274.6,9.40435,U157-H1-VS2-12.08.2024,U157-H1-VS2-GGA5-Cr(VI) 10mg-L-14082024-Q=50.08mL-phút-3
4709,GGA5-Cr-10,283.8815,5034,274.54,9.34149,U157-H1-VS2-12.08.2024,U157-H1-VS2-GGA5-Cr(VI) 10mg-L-14082024-Q=50.08mL-phút-3
4710,GGA5-Cr-10,283.4243,5506,274.35,9.07424,U157-H1-VS2-12.08.2024,U157-H1-VS2-GGA5-Cr(VI) 10mg-L-14082024-Q=50.08mL-phút-3
4711,GGA5-Cr-10,283.6088,5981,274.98,8.62874,U157-H1-VS2-12.08.2024,U157-H1-VS2-GGA5-Cr(VI) 10mg-L-14082024-Q=50.08mL-phút-3
4712,GGA5-Cr-10,283.286,6455,275.11,8.17601,U157-H1-VS2-12.08.2024,U157-H1-VS2-GGA5-Cr(VI) 10mg-L-14082024-Q=50.08mL-phút-3
4713,GGA5-Cr-10,283.4259,6927,275.02,8.40591,U157-H1-VS2-12.08.2024,U157-H1-VS2-GGA5-Cr(VI) 10mg-L-14082024-Q=50.08mL-phút-3
4714,GGA5-Cr-10,283.1846,7403,275.5,7.68462,U157-H1-VS2-12.08.2024,U157-H1-VS2-GGA5-Cr(VI) 10mg-L-14082024-Q=50.08mL-phút-3
4715,GGA5-Cr-10,283.3482,7874,275.52,7.82818,U157-H1-VS2-12.08.2024,U157-H1-VS2-GGA5-Cr(VI) 10mg-L-14082024-Q=50.08mL-phút-3
4716,GGA5-Cr-10,283.3406,8345,275.36,7.98062,U157-H1-VS2-12.08.2024,U157-H1-VS2-GGA5-Cr(VI) 10mg-L-14082024-Q=50.08mL-phút-3
4717,GGA12.5,350.4177,301,324.5,25.91766,U158-H3-VS2-12.08.2024,U158-H3-VS2-GGA12.5-Zn(II) 15mg-L-14082024-Q=49.92mL-phút-5
4718,GGA12.5,350.9242,773,323.8,27.12424,U158-H3-VS2-12.08.2024,U158-H3-VS2-GGA12.5-Zn(II) 15mg-L-14082024-Q=49.92mL-phút-5
4719,GGA12.5,350.097,1247,325.6,24.49697,U158-H3-VS2-12.08.2024,U158-H3-VS2-GGA12.5-Zn(II) 15mg-L-14082024-Q=49.92mL-phút-5
4720,GGA12.5,350.1647,1680,325.8,24.3647,U158-H3-VS2-12.08.2024,U158-H3-VS2-GGA12.5-Zn(II) 15mg-L-14082024-Q=49.92mL-phút-5
4721,GGA12.5,349.9294,2154,324.7,25.22941,U158-H3-VS2-12.08.2024,U158-H3-VS2-GGA12.5-Zn(II) 15mg-L-14082024-Q=49.92mL-phút-5
4722,GGA12.5,348.1,2625,325.8,22.3,U158-H3-VS2-12.08.2024,U158-H3-VS2-GGA12.5-Zn(II) 15mg-L-14082024-Q=49.92mL-phút-5
4723,GGA12.5,347.8647,3100,325.4,22.46471,U158-H3-VS2-12.08.2024,U158-H3-VS2-GGA12.5-Zn(II) 15mg-L-14082024-Q=49.92mL-phút-5
4724,GGA12.5-Zn-15,343.6324,3575,320.0,23.63237,U158-H3-VS2-12.08.2024,U158-H3-VS2-GGA12.5-Zn(II) 15mg-L-14082024-Q=49.92mL-phút-5
4725,GGA12.5-Zn-15,344.5706,4050,322.6,21.97058,U158-H3-VS2-12.08.2024,U158-H3-VS2-GGA12.5-Zn(II) 15mg-L-14082024-Q=49.92mL-phút-5
4726,GGA12.5-Zn-15,346.9606,4522,326.6,20.36061,U158-H3-VS2-12.08.2024,U158-H3-VS2-GGA12.5-Zn(II) 15mg-L-14082024-Q=49.92mL-phút-5
4727,GGA12.5-Zn-15,345.8333,4994,327.0,18.83334,U158-H3-VS2-12.08.2024,U158-H3-VS2-GGA12.5-Zn(II) 15mg-L-14082024-Q=49.92mL-phút-5
4728,GGA12.5-Zn-15,345.7909,5466,326.5,19.29091,U158-H3-VS2-12.08.2024,U158-H3-VS2-GGA12.5-Zn(II) 15mg-L-14082024-Q=49.92mL-phút-5
4729,GGA12.5-Zn-15,343.5353,5941,325.2,18.3353,U158-H3-VS2-12.08.2024,U158-H3-VS2-GGA12.5-Zn(II) 15mg-L-14082024-Q=49.92mL-phút-5
4730,GGA5,346.6364,301,326.7,19.93636,U158-H3-VS2-12.08.2024,U158-H3-VS2-GGA5-Cr(VI) 10mg-L-14082024-Q=50.08mL-phút-3
4731,GGA5,341.3412,772,321.9,19.44117,U158-H3-VS2-12.08.2024,U158-H3-VS2-GGA5-Cr(VI) 10mg-L-14082024-Q=50.08mL-phút-3
4732,GGA5,340.2382,1245,323.1,17.13824,U158-H3-VS2-12.08.2024,U158-H3-VS2-GGA5-Cr(VI) 10mg-L-14082024-Q=50.08mL-phút-3
4733,GGA5,339.7061,1717,321.6,18.10607,U158-H3-VS2-12.08.2024,U158-H3-VS2-GGA5-Cr(VI) 10mg-L-14082024-Q=50.08mL-phút-3
4734,GGA5,336.8441,2193,317.6,19.24411,U158-H3-VS2-12.08.2024,U158-H3-VS2-GGA5-Cr(VI) 10mg-L-14082024-Q=50.08mL-phút-3
4735,GGA5,335.9324,2666,316.4,19.53236,U158-H3-VS2-12.08.2024,U158-H3-VS2-GGA5-Cr(VI) 10mg-L-14082024-Q=50.08mL-phút-3
4736,GGA5,333.4882,3140,313.9,19.58825,U158-H3-VS2-12.08.2024,U158-H3-VS2-GGA5-Cr(VI) 10mg-L-14082024-Q=50.08mL-phút-3
4737,GGA5-Cr-10,332.5471,3614,314.4,18.14707,U158-H3-VS2-12.08.2024,U158-H3-VS2-GGA5-Cr(VI) 10mg-L-14082024-Q=50.08mL-phút-3
4738,GGA5-Cr-10,333.3667,4088,315.7,17.66668,U158-H3-VS2-12.08.2024,U158-H3-VS2-GGA5-Cr(VI) 10mg-L-14082024-Q=50.08mL-phút-3
4739,GGA5-Cr-10,334.1529,4561,317.4,16.75293,U158-H3-VS2-12.08.2024,U158-H3-VS2-GGA5-Cr(VI) 10mg-L-14082024-Q=50.08mL-phút-3
4740,GGA5-Cr-10,339.1147,5034,325.5,13.61469,U158-H3-VS2-12.08.2024,U158-H3-VS2-GGA5-Cr(VI) 10mg-L-14082024-Q=50.08mL-phút-3
4741,GGA5-Cr-10,339.8647,5506,323.8,16.06471,U158-H3-VS2-12.08.2024,U158-H3-VS2-GGA5-Cr(VI) 10mg-L-14082024-Q=50.08mL-phút-3
4742,GGA5-Cr-10,337.1971,5979,322.6,14.59705,U158-H3-VS2-12.08.2024,U158-H3-VS2-GGA5-Cr(VI) 10mg-L-14082024-Q=50.08mL-phút-3
4743,GGA5-Cr-10,333.4029,6453,318.1,15.30293,U158-H3-VS2-12.08.2024,U158-H3-VS2-GGA5-Cr(VI) 10mg-L-14082024-Q=50.08mL-phút-3
4744,GGA5-Cr-10,332.4706,6927,318.1,14.37058,U158-H3-VS2-12.08.2024,U158-H3-VS2-GGA5-Cr(VI) 10mg-L-14082024-Q=50.08mL-phút-3
4745,GGA2.5,332.7971,301,318.4,14.39706,U158-H3-VS2-12.08.2024,U158-H3-VS2-GGA2.5-Cr(VI) 10mg-L-14082024-Q=50.32mL-phút-5
4746,GGA2.5,331.6853,773,317.5,14.18529,U158-H3-VS2-12.08.2024,U158-H3-VS2-GGA2.5-Cr(VI) 10mg-L-14082024-Q=50.32mL-phút-5
4747,GGA2.5,332.15,1246,317.2,14.94999,U158-H3-VS2-12.08.2024,U158-H3-VS2-GGA2.5-Cr(VI) 10mg-L-14082024-Q=50.32mL-phút-5
4748,GGA2.5,328.5706,1722,315.9,12.67059,U158-H3-VS2-12.08.2024,U158-H3-VS2-GGA2.5-Cr(VI) 10mg-L-14082024-Q=50.32mL-phút-5
4749,GGA2.5,328.8912,2194,315.1,13.79117,U158-H3-VS2-12.08.2024,U158-H3-VS2-GGA2.5-Cr(VI) 10mg-L-14082024-Q=50.32mL-phút-5
4750,GGA2.5,331.0412,2667,317.8,13.24119,U158-H3-VS2-12.08.2024,U158-H3-VS2-GGA2.5-Cr(VI) 10mg-L-14082024-Q=50.32mL-phút-5
4751,GGA2.5-Cr-10,328.1412,3144,313.8,14.34117,U158-H3-VS2-12.08.2024,U158-H3-VS2-GGA2.5-Cr(VI) 10mg-L-14082024-Q=50.32mL-phút-5
4752,GGA2.5-Cr-10,328.4441,3616,315.8,12.64411,U158-H3-VS2-12.08.2024,U158-H3-VS2-GGA2.5-Cr(VI) 10mg-L-14082024-Q=50.32mL-phút-5
4753,GGA2.5-Cr-10,329.2588,4089,316.6,12.65883,U158-H3-VS2-12.08.2024,U158-H3-VS2-GGA2.5-Cr(VI) 10mg-L-14082024-Q=50.32mL-phút-5
4754,GGA2.5-Cr-10,327.8394,4561,316.3,11.53939,U158-H3-VS2-12.08.2024,U158-H3-VS2-GGA2.5-Cr(VI) 10mg-L-14082024-Q=50.32mL-phút-5
4755,GGA2.5-Cr-10,326.4,5035,316.7,9.69999,U158-H3-VS2-12.08.2024,U158-H3-VS2-GGA2.5-Cr(VI) 10mg-L-14082024-Q=50.32mL-phút-5
4756,GGA2.5-Cr-10,327.4121,5510,316.4,11.01213,U158-H3-VS2-12.08.2024,U158-H3-VS2-GGA2.5-Cr(VI) 10mg-L-14082024-Q=50.32mL-phút-5
4757,GGA2.5-Cr-10,326.4735,5981,316.5,9.97352,U158-H3-VS2-12.08.2024,U158-H3-VS2-GGA2.5-Cr(VI) 10mg-L-14082024-Q=50.32mL-phút-5
4758,GGA2.5-Cr-10,325.7971,6454,314.7,11.09705,U158-H3-VS2-12.08.2024,U158-H3-VS2-GGA2.5-Cr(VI) 10mg-L-14082024-Q=50.32mL-phút-5
4759,GGA17.5,287.0837,301,263.83,23.25367,U159-H1-VS2-13.08.2024,U159-H1-VS2-GGA17.5-Zn(II) 10mg-L-15082024-Q=49.76mL-phút-5
4760,GGA17.5,287.319,773,263.5,23.819,U159-H1-VS2-13.08.2024,U159-H1-VS2-GGA17.5-Zn(II) 10mg-L-15082024-Q=49.76mL-phút-5
4761,GGA17.5,287.2177,1248,262.64,24.57766,U159-H1-VS2-13.08.2024,U159-H1-VS2-GGA17.5-Zn(II) 10mg-L-15082024-Q=49.76mL-phút-5
4762,GGA17.5,287.033,1722,262.52,24.51301,U159-H1-VS2-13.08.2024,U159-H1-VS2-GGA17.5-Zn(II) 10mg-L-15082024-Q=49.76mL-phút-5
4763,GGA17.5,286.363,2195,262.31,24.053,U159-H1-VS2-13.08.2024,U159-H1-VS2-GGA17.5-Zn(II) 10mg-L-15082024-Q=49.76mL-phút-5
4764,GGA17.5,286.2733,2669,262.1,24.17332,U159-H1-VS2-13.08.2024,U159-H1-VS2-GGA17.5-Zn(II) 10mg-L-15082024-Q=49.76mL-phút-5
4765,GGA17.5-Zn-10,285.935,3142,260.97,24.965,U159-H1-VS2-13.08.2024,U159-H1-VS2-GGA17.5-Zn(II) 10mg-L-15082024-Q=49.76mL-phút-5
4766,GGA17.5-Zn-10,285.3997,3616,260.19,25.20968,U159-H1-VS2-13.08.2024,U159-H1-VS2-GGA17.5-Zn(II) 10mg-L-15082024-Q=49.76mL-phút-5
4767,GGA17.5-Zn-10,284.399,4094,262.49,21.90901,U159-H1-VS2-13.08.2024,U159-H1-VS2-GGA17.5-Zn(II) 10mg-L-15082024-Q=49.76mL-phút-5
4768,GGA17.5-Zn-10,284.601,4568,262.52,22.08101,U159-H1-VS2-13.08.2024,U159-H1-VS2-GGA17.5-Zn(II) 10mg-L-15082024-Q=49.76mL-phút-5
4769,GGA17.5-Zn-10,283.624,5041,260.3,23.32401,U159-H1-VS2-13.08.2024,U159-H1-VS2-GGA17.5-Zn(II) 10mg-L-15082024-Q=49.76mL-phút-5
4770,GGA17.5-Zn-10,283.629,5515,262.1,21.52899,U159-H1-VS2-13.08.2024,U159-H1-VS2-GGA17.5-Zn(II) 10mg-L-15082024-Q=49.76mL-phút-5
4771,GGA17.5-Zn-10,282.8503,5988,261.07,21.78032,U159-H1-VS2-13.08.2024,U159-H1-VS2-GGA17.5-Zn(II) 10mg-L-15082024-Q=49.76mL-phút-5
4772,GGA15,282.8677,301,259.11,23.75768,U159-H1-VS2-13.08.2024,U159-H1-VS2-GGA15-Ni(II) 10mg-L-15082024-Q=50.88mL-phút-5
4773,GGA15,282.5997,775,259.65,22.94969,U159-H1-VS2-13.08.2024,U159-H1-VS2-GGA15-Ni(II) 10mg-L-15082024-Q=50.88mL-phút-5
4774,GGA15,282.237,1248,258.84,23.397,U159-H1-VS2-13.08.2024,U159-H1-VS2-GGA15-Ni(II) 10mg-L-15082024-Q=50.88mL-phút-5
4775,GGA15,281.8363,1720,258.5,23.33633,U159-H1-VS2-13.08.2024,U159-H1-VS2-GGA15-Ni(II) 10mg-L-15082024-Q=50.88mL-phút-5
4776,GGA15,281.7623,2195,258.79,22.97232,U159-H1-VS2-13.08.2024,U159-H1-VS2-GGA15-Ni(II) 10mg-L-15082024-Q=50.88mL-phút-5
4777,GGA15,281.9984,2668,258.77,23.2284,U159-H1-VS2-13.08.2024,U159-H1-VS2-GGA15-Ni(II) 10mg-L-15082024-Q=50.88mL-phút-5
4778,GGA15,281.8843,3141,258.17,23.71432,U159-H1-VS2-13.08.2024,U159-H1-VS2-GGA15-Ni(II) 10mg-L-15082024-Q=50.88mL-phút-5
4779,GGA15-Ni-10,282.339,3615,257.04,25.29899,U159-H1-VS2-13.08.2024,U159-H1-VS2-GGA15-Ni(II) 10mg-L-15082024-Q=50.88mL-phút-5
4780,GGA15-Ni-10,282.319,4088,256.99,25.32901,U159-H1-VS2-13.08.2024,U159-H1-VS2-GGA15-Ni(II) 10mg-L-15082024-Q=50.88mL-phút-5
4781,GGA15-Ni-10,282.1343,4562,257.73,24.40432,U159-H1-VS2-13.08.2024,U159-H1-VS2-GGA15-Ni(II) 10mg-L-15082024-Q=50.88mL-phút-5
4782,GGA15-Ni-10,281.6597,5037,259.9,21.75968,U159-H1-VS2-13.08.2024,U159-H1-VS2-GGA15-Ni(II) 10mg-L-15082024-Q=50.88mL-phút-5
4783,GGA15-Ni-10,281.6703,5510,259.88,21.79033,U159-H1-VS2-13.08.2024,U159-H1-VS2-GGA15-Ni(II) 10mg-L-15082024-Q=50.88mL-phút-5
4784,GGA15-Ni-10,281.291,5985,259.27,22.02101,U159-H1-VS2-13.08.2024,U159-H1-VS2-GGA15-Ni(II) 10mg-L-15082024-Q=50.88mL-phút-5
4785,GGA15-Ni-10,281.9827,6457,260.95,21.03265,U159-H1-VS2-13.08.2024,U159-H1-VS2-GGA15-Ni(II) 10mg-L-15082024-Q=50.88mL-phút-5
4786,GGA15-Ni-10,281.6857,6931,259.67,22.01566,U159-H1-VS2-13.08.2024,U159-H1-VS2-GGA15-Ni(II) 10mg-L-15082024-Q=50.88mL-phút-5
4787,GGA5,282.3187,301,260.19,22.12867,U159-H1-VS2-13.08.2024,U159-H1-VS2-GGA5-Cr(VI) 5mg-L-15082024-Q=51.2mL-phút-4
4788,GGA5,282.4913,775,260.36,22.13134,U159-H1-VS2-13.08.2024,U159-H1-VS2-GGA5-Cr(VI) 5mg-L-15082024-Q=51.2mL-phút-4
4789,GGA5,282.538,1247,260.11,22.42801,U159-H1-VS2-13.08.2024,U159-H1-VS2-GGA5-Cr(VI) 5mg-L-15082024-Q=51.2mL-phút-4
4790,GGA5,282.2933,1722,260.07,22.22332,U159-H1-VS2-13.08.2024,U159-H1-VS2-GGA5-Cr(VI) 5mg-L-15082024-Q=51.2mL-phút-4
4791,GGA5,282.259,2194,259.65,22.60901,U159-H1-VS2-13.08.2024,U159-H1-VS2-GGA5-Cr(VI) 5mg-L-15082024-Q=51.2mL-phút-4
4792,GGA5,282.138,2668,259.92,22.21799,U159-H1-VS2-13.08.2024,U159-H1-VS2-GGA5-Cr(VI) 5mg-L-15082024-Q=51.2mL-phút-4
4793,GGA5-Cr-5,282.0917,3142,258.77,23.32168,U159-H1-VS2-13.08.2024,U159-H1-VS2-GGA5-Cr(VI) 5mg-L-15082024-Q=51.2mL-phút-4
4794,GGA5-Cr-5,281.9017,3614,259.36,22.54168,U159-H1-VS2-13.08.2024,U159-H1-VS2-GGA5-Cr(VI) 5mg-L-15082024-Q=51.2mL-phút-4
4795,GGA5-Cr-5,282.036,4087,259.78,22.256,U159-H1-VS2-13.08.2024,U159-H1-VS2-GGA5-Cr(VI) 5mg-L-15082024-Q=51.2mL-phút-4
4796,GGA5-Cr-5,281.474,4563,259.92,21.55399,U159-H1-VS2-13.08.2024,U159-H1-VS2-GGA5-Cr(VI) 5mg-L-15082024-Q=51.2mL-phút-4
4797,GGA5-Cr-5,281.3677,5036,260.7,20.66765,U159-H1-VS2-13.08.2024,U159-H1-VS2-GGA5-Cr(VI) 5mg-L-15082024-Q=51.2mL-phút-4
4798,GGA5-Cr-5,281.4087,5509,260.95,20.45865,U159-H1-VS2-13.08.2024,U159-H1-VS2-GGA5-Cr(VI) 5mg-L-15082024-Q=51.2mL-phút-4
4799,GGA5-Cr-5,281.4397,5982,260.78,20.65967,U159-H1-VS2-13.08.2024,U159-H1-VS2-GGA5-Cr(VI) 5mg-L-15082024-Q=51.2mL-phút-4
4800,GGA5-Cr-5,281.3427,6456,261.74,19.60267,U159-H1-VS2-13.08.2024,U159-H1-VS2-GGA5-Cr(VI) 5mg-L-15082024-Q=51.2mL-phút-4
4801,GGA5-Cr-5,280.6457,6929,261.07,19.57566,U159-H1-VS2-13.08.2024,U159-H1-VS2-GGA5-Cr(VI) 5mg-L-15082024-Q=51.2mL-phút-4
4802,GGA5-Cr-5,280.0273,7402,260.88,19.14733,U159-H1-VS2-13.08.2024,U159-H1-VS2-GGA5-Cr(VI) 5mg-L-15082024-Q=51.2mL-phút-4
4803,GGA5,337.237,302,284.3,52.93704,U160-H3-VS2-13.08.2024,U160-H3-VS2-GGA5-Ni(II) 5mg-L-15082024-Q=50.3mL-phút-5
4804,GGA5,336.0963,774,284.2,51.89629,U160-H3-VS2-13.08.2024,U160-H3-VS2-GGA5-Ni(II) 5mg-L-15082024-Q=50.3mL-phút-5
4805,GGA5,335.6769,1249,281.9,53.77693,U160-H3-VS2-13.08.2024,U160-H3-VS2-GGA5-Ni(II) 5mg-L-15082024-Q=50.3mL-phút-5
4806,GGA5,335.237,1721,282.5,52.73704,U160-H3-VS2-13.08.2024,U160-H3-VS2-GGA5-Ni(II) 5mg-L-15082024-Q=50.3mL-phút-5
4807,GGA5,336.2185,2194,280.3,55.91852,U160-H3-VS2-13.08.2024,U160-H3-VS2-GGA5-Ni(II) 5mg-L-15082024-Q=50.3mL-phút-5
4808,GGA5,332.4692,2669,278.9,53.56923,U160-H3-VS2-13.08.2024,U160-H3-VS2-GGA5-Ni(II) 5mg-L-15082024-Q=50.3mL-phút-5
4809,GGA5-Ni-5,334.5259,3141,277.3,57.22593,U160-H3-VS2-13.08.2024,U160-H3-VS2-GGA5-Ni(II) 5mg-L-15082024-Q=50.3mL-phút-5
4810,GGA5-Ni-5,336.4852,3613,281.9,54.5852,U160-H3-VS2-13.08.2024,U160-H3-VS2-GGA5-Ni(II) 5mg-L-15082024-Q=50.3mL-phút-5
4811,GGA5-Ni-5,335.9115,4086,283.5,52.41155,U160-H3-VS2-13.08.2024,U160-H3-VS2-GGA5-Ni(II) 5mg-L-15082024-Q=50.3mL-phút-5
4812,GGA5-Ni-5,334.0692,4560,283.8,50.26922,U160-H3-VS2-13.08.2024,U160-H3-VS2-GGA5-Ni(II) 5mg-L-15082024-Q=50.3mL-phút-5
4813,GGA5-Ni-5,332.6192,5032,281.2,51.41924,U160-H3-VS2-13.08.2024,U160-H3-VS2-GGA5-Ni(II) 5mg-L-15082024-Q=50.3mL-phút-5
4814,GGA5-Ni-5,331.9111,5508,285.5,46.41112,U160-H3-VS2-13.08.2024,U160-H3-VS2-GGA5-Ni(II) 5mg-L-15082024-Q=50.3mL-phút-5
4815,GGA5-Ni-5,332.3692,5980,282.0,50.36922,U160-H3-VS2-13.08.2024,U160-H3-VS2-GGA5-Ni(II) 5mg-L-15082024-Q=50.3mL-phút-5
4816,GGA5-Ni-5,337.6148,6454,290.6,47.01482,U160-H3-VS2-13.08.2024,U160-H3-VS2-GGA5-Ni(II) 5mg-L-15082024-Q=50.3mL-phút-5
4817,GGA5-Ni-5,337.1423,6928,288.0,49.14232,U160-H3-VS2-13.08.2024,U160-H3-VS2-GGA5-Ni(II) 5mg-L-15082024-Q=50.3mL-phút-5
4818,GGA2.5,332.7231,301,281.4,51.32308,U160-H3-VS2-13.08.2024,U160-H3-VS2-GGA2.5-Cr(VI) 5mg-L-15082024-Q=49.2mL-phút-3
4819,GGA2.5,326.02,780,276.4,49.62,U160-H3-VS2-13.08.2024,U160-H3-VS2-GGA2.5-Cr(VI) 5mg-L-15082024-Q=49.2mL-phút-3
4820,GGA2.5,332.2069,1254,275.5,56.7069,U160-H3-VS2-13.08.2024,U160-H3-VS2-GGA2.5-Cr(VI) 5mg-L-15082024-Q=49.2mL-phút-3
4821,GGA2.5,330.2138,1728,274.5,55.71378,U160-H3-VS2-13.08.2024,U160-H3-VS2-GGA2.5-Cr(VI) 5mg-L-15082024-Q=49.2mL-phút-3
4822,GGA2.5,323.8152,2202,268.0,55.81514,U160-H3-VS2-13.08.2024,U160-H3-VS2-GGA2.5-Cr(VI) 5mg-L-15082024-Q=49.2mL-phút-3
4823,GGA2.5,328.4,2676,268.9,59.49999,U160-H3-VS2-13.08.2024,U160-H3-VS2-GGA2.5-Cr(VI) 5mg-L-15082024-Q=49.2mL-phút-3
4824,GGA2.5-Cr-5,324.0207,3149,274.3,49.72068,U160-H3-VS2-13.08.2024,U160-H3-VS2-GGA2.5-Cr(VI) 5mg-L-15082024-Q=49.2mL-phút-3
4825,GGA2.5-Cr-5,326.2586,3621,274.8,51.45862,U160-H3-VS2-13.08.2024,U160-H3-VS2-GGA2.5-Cr(VI) 5mg-L-15082024-Q=49.2mL-phút-3
4826,GGA2.5-Cr-5,326.3759,4096,278.3,48.07587,U160-H3-VS2-13.08.2024,U160-H3-VS2-GGA2.5-Cr(VI) 5mg-L-15082024-Q=49.2mL-phút-3
4827,GGA2.5-Cr-5,326.0241,4570,279.3,46.72414,U160-H3-VS2-13.08.2024,U160-H3-VS2-GGA2.5-Cr(VI) 5mg-L-15082024-Q=49.2mL-phút-3
4828,GGA2.5-Cr-5,325.549,5043,281.0,44.54899,U160-H3-VS2-13.08.2024,U160-H3-VS2-GGA2.5-Cr(VI) 5mg-L-15082024-Q=49.2mL-phút-3
4829,GGA2.5-Cr-5,325.098,5517,281.0,44.09801,U160-H3-VS2-13.08.2024,U160-H3-VS2-GGA2.5-Cr(VI) 5mg-L-15082024-Q=49.2mL-phút-3
4830,GGA2.5-Cr-5,325.1303,5990,283.5,41.63031,U160-H3-VS2-13.08.2024,U160-H3-VS2-GGA2.5-Cr(VI) 5mg-L-15082024-Q=49.2mL-phút-3
4831,GGA2.5-Cr-5,327.5455,6464,283.8,43.74544,U160-H3-VS2-13.08.2024,U160-H3-VS2-GGA2.5-Cr(VI) 5mg-L-15082024-Q=49.2mL-phút-3
4832,GGA20,281.5076,301,255.8,25.70755,U161-H1-VS2-14.08.2024,U161-H1-VS2-GGA20-Ni(II) 10mg-L-16082024-Q=500.38mL-phút-6
4833,GGA20,280.6759,774,255.36,25.31586,U161-H1-VS2-14.08.2024,U161-H1-VS2-GGA20-Ni(II) 10mg-L-16082024-Q=500.38mL-phút-6
4834,GGA20,280.1879,1248,256.3,23.88794,U161-H1-VS2-14.08.2024,U161-H1-VS2-GGA20-Ni(II) 10mg-L-16082024-Q=500.38mL-phút-6
4835,GGA20,279.1707,1722,254.19,24.98072,U161-H1-VS2-14.08.2024,U161-H1-VS2-GGA20-Ni(II) 10mg-L-16082024-Q=500.38mL-phút-6
4836,GGA20,279.1232,2196,253.46,25.66321,U161-H1-VS2-14.08.2024,U161-H1-VS2-GGA20-Ni(II) 10mg-L-16082024-Q=500.38mL-phút-6
4837,GGA20,279.2904,2668,252.69,26.60036,U161-H1-VS2-14.08.2024,U161-H1-VS2-GGA20-Ni(II) 10mg-L-16082024-Q=500.38mL-phút-6
4838,GGA20,278.5972,3144,250.99,27.60723,U161-H1-VS2-14.08.2024,U161-H1-VS2-GGA20-Ni(II) 10mg-L-16082024-Q=500.38mL-phút-6
4839,GGA20-Ni-15,280.3143,3622,256.16,24.15429,U161-H1-VS2-14.08.2024,U161-H1-VS2-GGA20-Ni(II) 10mg-L-16082024-Q=500.38mL-phút-6
4840,GGA20-Ni-15,278.6904,4097,252.39,26.30036,U161-H1-VS2-14.08.2024,U161-H1-VS2-GGA20-Ni(II) 10mg-L-16082024-Q=500.38mL-phút-6
4841,GGA20-Ni-15,279.9479,4566,253.4,26.54787,U161-H1-VS2-14.08.2024,U161-H1-VS2-GGA20-Ni(II) 10mg-L-16082024-Q=500.38mL-phút-6
4842,GGA20-Ni-15,280.1907,5038,253.86,26.33069,U161-H1-VS2-14.08.2024,U161-H1-VS2-GGA20-Ni(II) 10mg-L-16082024-Q=500.38mL-phút-6
4843,GGA20-Ni-15,280.28,5513,251.41,28.87,U161-H1-VS2-14.08.2024,U161-H1-VS2-GGA20-Ni(II) 10mg-L-16082024-Q=500.38mL-phút-6
4844,GGA20-Ni-15,276.9343,5992,252.1,24.83427,U161-H1-VS2-14.08.2024,U161-H1-VS2-GGA20-Ni(II) 10mg-L-16082024-Q=500.38mL-phút-6
4845,GGA20-Ni-15,278.3579,6462,253.82,24.53785,U161-H1-VS2-14.08.2024,U161-H1-VS2-GGA20-Ni(II) 10mg-L-16082024-Q=500.38mL-phút-6
4846,GGA20-Ni-15,278.7393,6937,256.1,22.63928,U161-H1-VS2-14.08.2024,U161-H1-VS2-GGA20-Ni(II) 10mg-L-16082024-Q=500.38mL-phút-6
4847,GGA20-Ni-15,278.3672,7411,258.58,19.78716,U161-H1-VS2-14.08.2024,U161-H1-VS2-GGA20-Ni(II) 10mg-L-16082024-Q=500.38mL-phút-6
4848,GGA20-Ni-15,277.6771,7887,258.92,18.75713,U161-H1-VS2-14.08.2024,U161-H1-VS2-GGA20-Ni(II) 10mg-L-16082024-Q=500.38mL-phút-6
4849,GGA20-Ni-15,277.0954,8362,260.17,16.92535,U161-H1-VS2-14.08.2024,U161-H1-VS2-GGA20-Ni(II) 10mg-L-16082024-Q=500.38mL-phút-6
4850,GGA5,279.6564,303,257.41,22.24643,U161-H1-VS2-14.08.2024,U161-H1-VS2-GGA5-Zn(II) 10mg-L-16082024-Q=50.12mL-phút-3
4851,GGA5,279.6857,776,256.22,23.46571,U161-H1-VS2-14.08.2024,U161-H1-VS2-GGA5-Zn(II) 10mg-L-16082024-Q=50.12mL-phút-3
4852,GGA5,279.5557,1248,255.99,23.5657,U161-H1-VS2-14.08.2024,U161-H1-VS2-GGA5-Zn(II) 10mg-L-16082024-Q=50.12mL-phút-3
4853,GGA5,278.3529,1722,255.09,23.26286,U161-H1-VS2-14.08.2024,U161-H1-VS2-GGA5-Zn(II) 10mg-L-16082024-Q=50.12mL-phút-3
4854,GGA5,278.119,2195,254.67,23.44896,U161-H1-VS2-14.08.2024,U161-H1-VS2-GGA5-Zn(II) 10mg-L-16082024-Q=50.12mL-phút-3
4855,GGA5,276.5686,2669,254.44,22.12857,U161-H1-VS2-14.08.2024,U161-H1-VS2-GGA5-Zn(II) 10mg-L-16082024-Q=50.12mL-phút-3
4856,GGA5,276.9157,3142,254.11,22.80572,U161-H1-VS2-14.08.2024,U161-H1-VS2-GGA5-Zn(II) 10mg-L-16082024-Q=50.12mL-phút-3
4857,GGA5-Zn-10,279.2814,3612,253.57,25.71137,U161-H1-VS2-14.08.2024,U161-H1-VS2-GGA5-Zn(II) 10mg-L-16082024-Q=50.12mL-phút-3
4858,GGA5-Zn-10,278.8597,4088,256.07,22.78967,U161-H1-VS2-14.08.2024,U161-H1-VS2-GGA5-Zn(II) 10mg-L-16082024-Q=50.12mL-phút-3
4859,GGA5-Zn-10,277.4416,4562,256.26,21.1816,U161-H1-VS2-14.08.2024,U161-H1-VS2-GGA5-Zn(II) 10mg-L-16082024-Q=50.12mL-phút-3
4860,GGA5-Zn-10,276.7223,5036,255.68,21.04227,U161-H1-VS2-14.08.2024,U161-H1-VS2-GGA5-Zn(II) 10mg-L-16082024-Q=50.12mL-phút-3
4861,GGA5-Zn-10,273.8845,5508,253.19,20.69452,U161-H1-VS2-14.08.2024,U161-H1-VS2-GGA5-Zn(II) 10mg-L-16082024-Q=50.12mL-phút-3
4862,GGA5-Zn-10,274.0977,5983,252.71,21.38773,U161-H1-VS2-14.08.2024,U161-H1-VS2-GGA5-Zn(II) 10mg-L-16082024-Q=50.12mL-phút-3
4863,GGA2.5,276.8119,302,255.13,21.68193,U161-H1-VS2-14.08.2024,U161-H1-VS2-GGA2.5-Cr(VI) 15mg-L-16082024-Q=49.76mL-phút-3
4864,GGA2.5,277.071,775,253.4,23.67098,U161-H1-VS2-14.08.2024,U161-H1-VS2-GGA2.5-Cr(VI) 15mg-L-16082024-Q=49.76mL-phút-3
4865,GGA2.5,273.8029,1249,254.21,19.59289,U161-H1-VS2-14.08.2024,U161-H1-VS2-GGA2.5-Cr(VI) 15mg-L-16082024-Q=49.76mL-phút-3
4866,GGA2.5,272.6519,1723,251.47,21.18194,U161-H1-VS2-14.08.2024,U161-H1-VS2-GGA2.5-Cr(VI) 15mg-L-16082024-Q=49.76mL-phút-3
4867,GGA2.5,273.1168,2196,251.45,21.66677,U161-H1-VS2-14.08.2024,U161-H1-VS2-GGA2.5-Cr(VI) 15mg-L-16082024-Q=49.76mL-phút-3
4868,GGA2.5,267.5342,2666,247.12,20.41419,U161-H1-VS2-14.08.2024,U161-H1-VS2-GGA2.5-Cr(VI) 15mg-L-16082024-Q=49.76mL-phút-3
4869,GGA2.5,266.3948,3141,244.93,21.46485,U161-H1-VS2-14.08.2024,U161-H1-VS2-GGA2.5-Cr(VI) 15mg-L-16082024-Q=49.76mL-phút-3
4870,GGA2.5-Cr-15,268.9258,3616,245.83,23.09581,U161-H1-VS2-14.08.2024,U161-H1-VS2-GGA2.5-Cr(VI) 15mg-L-16082024-Q=49.76mL-phút-3
4871,GGA2.5-Cr-15,268.5168,4090,246.56,21.95677,U161-H1-VS2-14.08.2024,U161-H1-VS2-GGA2.5-Cr(VI) 15mg-L-16082024-Q=49.76mL-phút-3
4872,GGA2.5-Cr-15,266.47,4557,244.95,21.52,U161-H1-VS2-14.08.2024,U161-H1-VS2-GGA2.5-Cr(VI) 15mg-L-16082024-Q=49.76mL-phút-3
4873,GGA2.5-Cr-15,266.2603,5033,245.43,20.83033,U161-H1-VS2-14.08.2024,U161-H1-VS2-GGA2.5-Cr(VI) 15mg-L-16082024-Q=49.76mL-phút-3
4874,GGA2.5-Cr-15,266.0118,5506,244.43,21.58183,U161-H1-VS2-14.08.2024,U161-H1-VS2-GGA2.5-Cr(VI) 15mg-L-16082024-Q=49.76mL-phút-3
4875,GGA2.5-Cr-15,267.1042,5979,245.1,22.00423,U161-H1-VS2-14.08.2024,U161-H1-VS2-GGA2.5-Cr(VI) 15mg-L-16082024-Q=49.76mL-phút-3
4876,GGA2.5-Cr-15,267.7019,6453,244.95,22.75188,U161-H1-VS2-14.08.2024,U161-H1-VS2-GGA2.5-Cr(VI) 15mg-L-16082024-Q=49.76mL-phút-3
4877,GGA2.5-Cr-15,269.7533,6925,249.55,20.20333,U161-H1-VS2-14.08.2024,U161-H1-VS2-GGA2.5-Cr(VI) 15mg-L-16082024-Q=49.76mL-phút-3
4878,GGA2.5-Cr-15,271.4688,7399,252.56,18.90879,U161-H1-VS2-14.08.2024,U161-H1-VS2-GGA2.5-Cr(VI) 15mg-L-16082024-Q=49.76mL-phút-3
4879,GGA2.5-Cr-15,272.7455,7873,254.28,18.46546,U161-H1-VS2-14.08.2024,U161-H1-VS2-GGA2.5-Cr(VI) 15mg-L-16082024-Q=49.76mL-phút-3
4880,GGA17.5,338.5355,302,281.9,56.6355,U162-H3-VS2-14.08.2024,U162-H3-VS2-GGA17.5-Cr(VI) 10mg-L-16082024-Q=50.04mL-phút-4
4881,GGA17.5,336.0936,774,280.6,55.49354,U162-H3-VS2-14.08.2024,U162-H3-VS2-GGA17.5-Cr(VI) 10mg-L-16082024-Q=50.04mL-phút-4
4882,GGA17.5,333.6774,1250,275.1,58.57743,U162-H3-VS2-14.08.2024,U162-H3-VS2-GGA17.5-Cr(VI) 10mg-L-16082024-Q=50.04mL-phút-4
4883,GGA17.5,332.9645,1719,275.4,57.5645,U162-H3-VS2-14.08.2024,U162-H3-VS2-GGA17.5-Cr(VI) 10mg-L-16082024-Q=50.04mL-phút-4
4884,GGA17.5,330.171,2194,272.0,58.17095,U162-H3-VS2-14.08.2024,U162-H3-VS2-GGA17.5-Cr(VI) 10mg-L-16082024-Q=50.04mL-phút-4
4885,GGA17.5,328.4419,2666,271.7,56.74194,U162-H3-VS2-14.08.2024,U162-H3-VS2-GGA17.5-Cr(VI) 10mg-L-16082024-Q=50.04mL-phút-4
4886,GGA17.5-Cr-10,330.8903,3138,271.9,58.99032,U162-H3-VS2-14.08.2024,U162-H3-VS2-GGA17.5-Cr(VI) 10mg-L-16082024-Q=50.04mL-phút-4
4887,GGA17.5-Cr-10,332.1678,3612,272.9,59.26776,U162-H3-VS2-14.08.2024,U162-H3-VS2-GGA17.5-Cr(VI) 10mg-L-16082024-Q=50.04mL-phút-4
4888,GGA17.5-Cr-10,337.8419,4084,279.9,57.94193,U162-H3-VS2-14.08.2024,U162-H3-VS2-GGA17.5-Cr(VI) 10mg-L-16082024-Q=50.04mL-phút-4
4889,GGA17.5-Cr-10,330.6194,4563,275.0,55.61935,U162-H3-VS2-14.08.2024,U162-H3-VS2-GGA17.5-Cr(VI) 10mg-L-16082024-Q=50.04mL-phút-4
4890,GGA17.5-Cr-10,329.2613,5032,275.4,53.86128,U162-H3-VS2-14.08.2024,U162-H3-VS2-GGA17.5-Cr(VI) 10mg-L-16082024-Q=50.04mL-phút-4
4891,GGA17.5-Cr-10,316.6968,5506,262.0,54.69679,U162-H3-VS2-14.08.2024,U162-H3-VS2-GGA17.5-Cr(VI) 10mg-L-16082024-Q=50.04mL-phút-4
4892,GGA17.5-Cr-10,315.2613,5981,261.5,53.76129,U162-H3-VS2-14.08.2024,U162-H3-VS2-GGA17.5-Cr(VI) 10mg-L-16082024-Q=50.04mL-phút-4
4893,GGA5,322.2,301,277.1,45.1,U162-H3-VS2-14.08.2024,U162-H3-VS2-GGA5-Zn(II) 15mg-L-16082024-Q=50.12mL-phút-2
4894,GGA5,319.8032,774,274.9,44.90324,U162-H3-VS2-14.08.2024,U162-H3-VS2-GGA5-Zn(II) 15mg-L-16082024-Q=50.12mL-phút-2
4895,GGA5,317.9548,1247,271.2,46.75484,U162-H3-VS2-14.08.2024,U162-H3-VS2-GGA5-Zn(II) 15mg-L-16082024-Q=50.12mL-phút-2
4896,GGA5,315.6936,1721,272.0,43.69354,U162-H3-VS2-14.08.2024,U162-H3-VS2-GGA5-Zn(II) 15mg-L-16082024-Q=50.12mL-phút-2
4897,GGA5,314.0355,2189,269.0,45.03549,U162-H3-VS2-14.08.2024,U162-H3-VS2-GGA5-Zn(II) 15mg-L-16082024-Q=50.12mL-phút-2
4898,GGA5,312.0065,2655,269.2,42.80645,U162-H3-VS2-14.08.2024,U162-H3-VS2-GGA5-Zn(II) 15mg-L-16082024-Q=50.12mL-phút-2
4899,GGA5,311.3613,3129,267.7,43.6613,U162-H3-VS2-14.08.2024,U162-H3-VS2-GGA5-Zn(II) 15mg-L-16082024-Q=50.12mL-phút-2
4900,GGA5,309.9677,3601,265.6,44.36774,U162-H3-VS2-14.08.2024,U162-H3-VS2-GGA5-Zn(II) 15mg-L-16082024-Q=50.12mL-phút-2
4901,GGA5-Zn-15,313.6484,4075,274.5,39.14838,U162-H3-VS2-14.08.2024,U162-H3-VS2-GGA5-Zn(II) 15mg-L-16082024-Q=50.12mL-phút-2
4902,GGA5-Zn-15,310.8226,4549,277.1,33.72258,U162-H3-VS2-14.08.2024,U162-H3-VS2-GGA5-Zn(II) 15mg-L-16082024-Q=50.12mL-phút-2
4903,GGA5-Zn-15,312.6419,5021,279.4,33.24195,U162-H3-VS2-14.08.2024,U162-H3-VS2-GGA5-Zn(II) 15mg-L-16082024-Q=50.12mL-phút-2
4904,GGA5-Zn-15,312.1871,5495,282.2,29.98709,U162-H3-VS2-14.08.2024,U162-H3-VS2-GGA5-Zn(II) 15mg-L-16082024-Q=50.12mL-phút-2
4905,GGA5-Zn-15,310.4258,5967,283.5,26.92582,U162-H3-VS2-14.08.2024,U162-H3-VS2-GGA5-Zn(II) 15mg-L-16082024-Q=50.12mL-phút-2
4906,GGA5-Zn-15,309.871,6439,281.0,28.87098,U162-H3-VS2-14.08.2024,U162-H3-VS2-GGA5-Zn(II) 15mg-L-16082024-Q=50.12mL-phút-2
4907,GGA5-Zn-15,310.3097,6913,280.8,29.50967,U162-H3-VS2-14.08.2024,U162-H3-VS2-GGA5-Zn(II) 15mg-L-16082024-Q=50.12mL-phút-2
4908,GGA5,294.5548,302,259.4,35.15483,U162-H3-VS2-14.08.2024,U162-H3-VS2-GGA5-Ni(II) 15mg-L-16082024-Q=49.64mL-phút-5
4909,GGA5,294.3936,773,259.3,35.09356,U162-H3-VS2-14.08.2024,U162-H3-VS2-GGA5-Ni(II) 15mg-L-16082024-Q=49.64mL-phút-5
4910,GGA5,291.8419,1249,254.6,37.24194,U162-H3-VS2-14.08.2024,U162-H3-VS2-GGA5-Ni(II) 15mg-L-16082024-Q=49.64mL-phút-5
4911,GGA5,290.2581,1722,253.3,36.95805,U162-H3-VS2-14.08.2024,U162-H3-VS2-GGA5-Ni(II) 15mg-L-16082024-Q=49.64mL-phút-5
4912,GGA5,289.571,2195,252.3,37.27098,U162-H3-VS2-14.08.2024,U162-H3-VS2-GGA5-Ni(II) 15mg-L-16082024-Q=49.64mL-phút-5
4913,GGA5,291.3548,2668,253.6,37.75484,U162-H3-VS2-14.08.2024,U162-H3-VS2-GGA5-Ni(II) 15mg-L-16082024-Q=49.64mL-phút-5
4914,GGA5,290.8097,3140,252.8,38.00969,U162-H3-VS2-14.08.2024,U162-H3-VS2-GGA5-Ni(II) 15mg-L-16082024-Q=49.64mL-phút-5
4915,GGA5-Ni-15,297.3516,3610,256.5,40.8516,U162-H3-VS2-14.08.2024,U162-H3-VS2-GGA5-Ni(II) 15mg-L-16082024-Q=49.64mL-phút-5
4916,GGA5-Ni-15,302.8194,4083,267.4,35.41935,U162-H3-VS2-14.08.2024,U162-H3-VS2-GGA5-Ni(II) 15mg-L-16082024-Q=49.64mL-phút-5
4917,GGA5-Ni-15,297.5613,4557,269.4,28.16129,U162-H3-VS2-14.08.2024,U162-H3-VS2-GGA5-Ni(II) 15mg-L-16082024-Q=49.64mL-phút-5
4918,GGA5-Ni-15,304.1273,5020,271.9,32.22727,U162-H3-VS2-14.08.2024,U162-H3-VS2-GGA5-Ni(II) 15mg-L-16082024-Q=49.64mL-phút-5
4919,GGA5-Ni-15,300.8061,5497,268.6,32.20607,U162-H3-VS2-14.08.2024,U162-H3-VS2-GGA5-Ni(II) 15mg-L-16082024-Q=49.64mL-phút-5
4920,GGA5-Ni-15,298.8182,5971,268.1,30.71819,U162-H3-VS2-14.08.2024,U162-H3-VS2-GGA5-Ni(II) 15mg-L-16082024-Q=49.64mL-phút-5
4921,GGA5-Ni-15,298.7727,6444,269.4,29.37273,U162-H3-VS2-14.08.2024,U162-H3-VS2-GGA5-Ni(II) 15mg-L-16082024-Q=49.64mL-phút-5
4922,GGA5-Ni-15,306.6333,6917,276.4,30.23334,U162-H3-VS2-14.08.2024,U162-H3-VS2-GGA5-Ni(II) 15mg-L-16082024-Q=49.64mL-phút-5
4923,GGA5-Ni-15,306.8061,7387,277.2,29.60605,U162-H3-VS2-14.08.2024,U162-H3-VS2-GGA5-Ni(II) 15mg-L-16082024-Q=49.64mL-phút-5
4924,GGA5-Ni-15,306.9061,7862,279.0,27.90605,U162-H3-VS2-14.08.2024,U162-H3-VS2-GGA5-Ni(II) 15mg-L-16082024-Q=49.64mL-phút-5
4925,GGA5-Ni-15,300.9515,8337,274.2,26.75152,U162-H3-VS2-14.08.2024,U162-H3-VS2-GGA5-Ni(II) 15mg-L-16082024-Q=49.64mL-phút-5
4926,GGA17.5,303.2636,302,285.58,17.68365,U163-H1-VS2-15.08.2024,U163-H1-VS2-GGA17.5-Cr(VI) 10mg-L-19082024-Q=50.26mL-phút-5
4927,GGA17.5,303.7922,774,285.25,18.54219,U163-H1-VS2-15.08.2024,U163-H1-VS2-GGA17.5-Cr(VI) 10mg-L-19082024-Q=50.26mL-phút-5
4928,GGA17.5,303.5797,1247,284.75,18.8297,U163-H1-VS2-15.08.2024,U163-H1-VS2-GGA17.5-Cr(VI) 10mg-L-19082024-Q=50.26mL-phút-5
4929,GGA17.5,301.5239,1721,285.0,16.52394,U163-H1-VS2-15.08.2024,U163-H1-VS2-GGA17.5-Cr(VI) 10mg-L-19082024-Q=50.26mL-phút-5
4930,GGA17.5,302.1849,2196,284.31,17.87485,U163-H1-VS2-15.08.2024,U163-H1-VS2-GGA17.5-Cr(VI) 10mg-L-19082024-Q=50.26mL-phút-5
4931,GGA17.5,303.6418,2668,284.68,18.96183,U163-H1-VS2-15.08.2024,U163-H1-VS2-GGA17.5-Cr(VI) 10mg-L-19082024-Q=50.26mL-phút-5
4932,GGA17.5-Cr-10,301.217,3145,281.82,19.39696,U163-H1-VS2-15.08.2024,U163-H1-VS2-GGA17.5-Cr(VI) 10mg-L-19082024-Q=50.26mL-phút-5
4933,GGA17.5-Cr-10,302.3859,3617,282.7,19.68592,U163-H1-VS2-15.08.2024,U163-H1-VS2-GGA17.5-Cr(VI) 10mg-L-19082024-Q=50.26mL-phút-5
4934,GGA17.5-Cr-10,301.9803,4090,283.7,18.2803,U163-H1-VS2-15.08.2024,U163-H1-VS2-GGA17.5-Cr(VI) 10mg-L-19082024-Q=50.26mL-phút-5
4935,GGA17.5-Cr-10,301.4576,4562,283.66,17.79758,U163-H1-VS2-15.08.2024,U163-H1-VS2-GGA17.5-Cr(VI) 10mg-L-19082024-Q=50.26mL-phút-5
4936,GGA17.5-Cr-10,300.8703,5039,283.53,17.3403,U163-H1-VS2-15.08.2024,U163-H1-VS2-GGA17.5-Cr(VI) 10mg-L-19082024-Q=50.26mL-phút-5
4937,GGA17.5-Cr-10,300.7161,5512,283.78,16.93606,U163-H1-VS2-15.08.2024,U163-H1-VS2-GGA17.5-Cr(VI) 10mg-L-19082024-Q=50.26mL-phút-5
4938,GGA17.5-Cr-10,300.8288,5983,284.35,16.47878,U163-H1-VS2-15.08.2024,U163-H1-VS2-GGA17.5-Cr(VI) 10mg-L-19082024-Q=50.26mL-phút-5
4939,GGA17.5-Cr-10,300.3861,6459,284.6,15.78605,U163-H1-VS2-15.08.2024,U163-H1-VS2-GGA17.5-Cr(VI) 10mg-L-19082024-Q=50.26mL-phút-5
4940,GGA17.5-Cr-10,299.7864,6931,284.06,15.72637,U163-H1-VS2-15.08.2024,U163-H1-VS2-GGA17.5-Cr(VI) 10mg-L-19082024-Q=50.26mL-phút-5
4941,GGA5,299.6782,302,283.39,16.28817,U163-H1-VS2-15.08.2024,U163-H1-VS2-GGA5-Ni(II) 10mg-L-19082024-Q=49.46mL-phút-4
4942,GGA5,298.8618,772,282.2,16.66181,U163-H1-VS2-15.08.2024,U163-H1-VS2-GGA5-Ni(II) 10mg-L-19082024-Q=49.46mL-phút-4
4943,GGA5,298.8282,1244,283.53,15.29818,U163-H1-VS2-15.08.2024,U163-H1-VS2-GGA5-Ni(II) 10mg-L-19082024-Q=49.46mL-phút-4
4944,GGA5,298.65,1717,284.39,14.25999,U163-H1-VS2-15.08.2024,U163-H1-VS2-GGA5-Ni(II) 10mg-L-19082024-Q=49.46mL-phút-4
4945,GGA5,298.3718,2193,282.78,15.59182,U163-H1-VS2-15.08.2024,U163-H1-VS2-GGA5-Ni(II) 10mg-L-19082024-Q=49.46mL-phút-4
4946,GGA5,298.4415,2666,283.83,14.61152,U163-H1-VS2-15.08.2024,U163-H1-VS2-GGA5-Ni(II) 10mg-L-19082024-Q=49.46mL-phút-4
4947,GGA5-Ni-10,301.3327,3138,284.06,17.27273,U163-H1-VS2-15.08.2024,U163-H1-VS2-GGA5-Ni(II) 10mg-L-19082024-Q=49.46mL-phút-4
4948,GGA5-Ni-10,300.4276,3607,286.86,13.56759,U163-H1-VS2-15.08.2024,U163-H1-VS2-GGA5-Ni(II) 10mg-L-19082024-Q=49.46mL-phút-4
4949,GGA5-Ni-10,301.0546,4079,288.28,12.77455,U163-H1-VS2-15.08.2024,U163-H1-VS2-GGA5-Ni(II) 10mg-L-19082024-Q=49.46mL-phút-4
4950,GGA5-Ni-10,301.4827,4552,287.8,13.68273,U163-H1-VS2-15.08.2024,U163-H1-VS2-GGA5-Ni(II) 10mg-L-19082024-Q=49.46mL-phút-4
4951,GGA5-Ni-10,300.1458,5026,287.76,12.38575,U163-H1-VS2-15.08.2024,U163-H1-VS2-GGA5-Ni(II) 10mg-L-19082024-Q=49.46mL-phút-4
4952,GGA5-Ni-10,301.3227,5500,288.07,13.25272,U163-H1-VS2-15.08.2024,U163-H1-VS2-GGA5-Ni(II) 10mg-L-19082024-Q=49.46mL-phút-4
4953,GGA5-Ni-10,299.4303,5973,287.65,11.78031,U163-H1-VS2-15.08.2024,U163-H1-VS2-GGA5-Ni(II) 10mg-L-19082024-Q=49.46mL-phút-4
4954,GGA5-Ni-10,299.0509,6448,287.28,11.77091,U163-H1-VS2-15.08.2024,U163-H1-VS2-GGA5-Ni(II) 10mg-L-19082024-Q=49.46mL-phút-4
4955,GGA5-Ni-10,298.4436,6920,286.71,11.73365,U163-H1-VS2-15.08.2024,U163-H1-VS2-GGA5-Ni(II) 10mg-L-19082024-Q=49.46mL-phút-4
4956,GGA20,333.9,301,317.6,16.29999,U164-H3-VS2-15.08.2024,U164-H3-VS2-GGA20-Ni(II) 10mg-L-19082024-Q=50.16mL-phút-6
4957,GGA20,331.804,775,315.4,16.404,U164-H3-VS2-15.08.2024,U164-H3-VS2-GGA20-Ni(II) 10mg-L-19082024-Q=50.16mL-phút-6
4958,GGA20,330.1125,1248,312.8,17.31251,U164-H3-VS2-15.08.2024,U164-H3-VS2-GGA20-Ni(II) 10mg-L-19082024-Q=50.16mL-phút-6
4959,GGA20,328.6833,1722,311.9,16.78334,U164-H3-VS2-15.08.2024,U164-H3-VS2-GGA20-Ni(II) 10mg-L-19082024-Q=50.16mL-phút-6
4960,GGA20,328.3292,2195,311.2,17.12917,U164-H3-VS2-15.08.2024,U164-H3-VS2-GGA20-Ni(II) 10mg-L-19082024-Q=50.16mL-phút-6
4961,GGA20,326.2958,2668,309.3,16.99583,U164-H3-VS2-15.08.2024,U164-H3-VS2-GGA20-Ni(II) 10mg-L-19082024-Q=50.16mL-phút-6
4962,GGA20-Ni-10,326.644,3141,309.9,16.74401,U164-H3-VS2-15.08.2024,U164-H3-VS2-GGA20-Ni(II) 10mg-L-19082024-Q=50.16mL-phút-6
4963,GGA20-Ni-10,327.0833,3614,311.5,15.58332,U164-H3-VS2-15.08.2024,U164-H3-VS2-GGA20-Ni(II) 10mg-L-19082024-Q=50.16mL-phút-6
4964,GGA20-Ni-10,327.78,4088,312.2,15.57999,U164-H3-VS2-15.08.2024,U164-H3-VS2-GGA20-Ni(II) 10mg-L-19082024-Q=50.16mL-phút-6
4965,GGA20-Ni-10,327.325,4561,310.6,16.72499,U164-H3-VS2-15.08.2024,U164-H3-VS2-GGA20-Ni(II) 10mg-L-19082024-Q=50.16mL-phút-6
4966,GGA20-Ni-10,325.552,5034,310.2,15.35199,U164-H3-VS2-15.08.2024,U164-H3-VS2-GGA20-Ni(II) 10mg-L-19082024-Q=50.16mL-phút-6
4967,GGA20-Ni-10,326.8833,5508,312.1,14.78334,U164-H3-VS2-15.08.2024,U164-H3-VS2-GGA20-Ni(II) 10mg-L-19082024-Q=50.16mL-phút-6
4968,GGA20-Ni-10,327.164,5983,312.9,14.26399,U164-H3-VS2-15.08.2024,U164-H3-VS2-GGA20-Ni(II) 10mg-L-19082024-Q=50.16mL-phút-6
4969,GGA20-Ni-10,325.9958,6457,313.5,12.49585,U164-H3-VS2-15.08.2024,U164-H3-VS2-GGA20-Ni(II) 10mg-L-19082024-Q=50.16mL-phút-6
4970,GGA20-Ni-10,327.3292,6929,311.7,15.62917,U164-H3-VS2-15.08.2024,U164-H3-VS2-GGA20-Ni(II) 10mg-L-19082024-Q=50.16mL-phút-6
4971,GGA7.5,292.504,301,259.78,32.724,U165-H1-VS2-16.08.2024,U165-H1-VS2-GGA7.5-Ni(II) 15mg-L-20082024-Q=49.44mL-phút-6
4972,GGA7.5,290.7992,775,258.58,32.21921,U165-H1-VS2-16.08.2024,U165-H1-VS2-GGA7.5-Ni(II) 15mg-L-20082024-Q=49.44mL-phút-6
4973,GGA7.5,292.966,1248,259.02,33.94601,U165-H1-VS2-16.08.2024,U165-H1-VS2-GGA7.5-Ni(II) 15mg-L-20082024-Q=49.44mL-phút-6
4974,GGA7.5,290.9129,1722,259.73,31.18291,U165-H1-VS2-16.08.2024,U165-H1-VS2-GGA7.5-Ni(II) 15mg-L-20082024-Q=49.44mL-phút-6
4975,GGA7.5,290.714,2195,259.32,31.39399,U165-H1-VS2-16.08.2024,U165-H1-VS2-GGA7.5-Ni(II) 15mg-L-20082024-Q=49.44mL-phút-6
4976,GGA7.5,290.3148,2669,257.92,32.39479,U165-H1-VS2-16.08.2024,U165-H1-VS2-GGA7.5-Ni(II) 15mg-L-20082024-Q=49.44mL-phút-6
4977,GGA7.5-Ni-15,290.0412,3142,263.16,26.8812,U165-H1-VS2-16.08.2024,U165-H1-VS2-GGA7.5-Ni(II) 15mg-L-20082024-Q=49.44mL-phút-6
4978,GGA7.5-Ni-15,289.4017,3613,264.92,24.48166,U165-H1-VS2-16.08.2024,U165-H1-VS2-GGA7.5-Ni(II) 15mg-L-20082024-Q=49.44mL-phút-6
4979,GGA7.5-Ni-15,290.1084,4090,266.09,24.0184,U165-H1-VS2-16.08.2024,U165-H1-VS2-GGA7.5-Ni(II) 15mg-L-20082024-Q=49.44mL-phút-6
4980,GGA7.5-Ni-15,289.0483,4563,265.38,23.66833,U165-H1-VS2-16.08.2024,U165-H1-VS2-GGA7.5-Ni(II) 15mg-L-20082024-Q=49.44mL-phút-6
4981,GGA7.5-Ni-15,289.2279,5036,265.59,23.63792,U165-H1-VS2-16.08.2024,U165-H1-VS2-GGA7.5-Ni(II) 15mg-L-20082024-Q=49.44mL-phút-6
4982,GGA7.5-Ni-15,289.666,5510,265.67,23.99599,U165-H1-VS2-16.08.2024,U165-H1-VS2-GGA7.5-Ni(II) 15mg-L-20082024-Q=49.44mL-phút-6
4983,GGA5,289.388,302,264.63,24.758,U165-H1-VS2-16.08.2024,U165-H1-VS2-GGA5-Cr(VI) 15mg-L-20082024-Q=50.2mL-phút-3
4984,GGA5,290.2797,776,264.17,26.10966,U165-H1-VS2-16.08.2024,U165-H1-VS2-GGA5-Cr(VI) 15mg-L-20082024-Q=50.2mL-phút-3
4985,GGA5,289.7277,1249,264.59,25.13767,U165-H1-VS2-16.08.2024,U165-H1-VS2-GGA5-Cr(VI) 15mg-L-20082024-Q=50.2mL-phút-3
4986,GGA5,289.795,1721,265.11,24.68501,U165-H1-VS2-16.08.2024,U165-H1-VS2-GGA5-Cr(VI) 15mg-L-20082024-Q=50.2mL-phút-3
4987,GGA5,289.074,2196,264.52,24.55401,U165-H1-VS2-16.08.2024,U165-H1-VS2-GGA5-Cr(VI) 15mg-L-20082024-Q=50.2mL-phút-3
4988,GGA5,288.8943,2669,265.09,23.8043,U165-H1-VS2-16.08.2024,U165-H1-VS2-GGA5-Cr(VI) 15mg-L-20082024-Q=50.2mL-phút-3
4989,GGA5-Cr-15,292.055,3141,264.61,27.44501,U165-H1-VS2-16.08.2024,U165-H1-VS2-GGA5-Cr(VI) 15mg-L-20082024-Q=50.2mL-phút-3
4990,GGA5-Cr-15,289.3327,3616,266.59,22.74267,U165-H1-VS2-16.08.2024,U165-H1-VS2-GGA5-Cr(VI) 15mg-L-20082024-Q=50.2mL-phút-3
4991,GGA5-Cr-15,290.2417,4089,267.47,22.77167,U165-H1-VS2-16.08.2024,U165-H1-VS2-GGA5-Cr(VI) 15mg-L-20082024-Q=50.2mL-phút-3
4992,GGA5-Cr-15,289.18,4564,268.0,21.18,U165-H1-VS2-16.08.2024,U165-H1-VS2-GGA5-Cr(VI) 15mg-L-20082024-Q=50.2mL-phút-3
4993,GGA5-Cr-15,289.155,5036,268.31,20.845,U165-H1-VS2-16.08.2024,U165-H1-VS2-GGA5-Cr(VI) 15mg-L-20082024-Q=50.2mL-phút-3
4994,GGA5-Cr-15,289.9153,5510,268.87,21.04533,U165-H1-VS2-16.08.2024,U165-H1-VS2-GGA5-Cr(VI) 15mg-L-20082024-Q=50.2mL-phút-3
4995,GGA5-Cr-15,290.1436,5985,269.21,20.93356,U165-H1-VS2-16.08.2024,U165-H1-VS2-GGA5-Cr(VI) 15mg-L-20082024-Q=50.2mL-phút-3
4996,GGA5-Cr-15,289.7097,6456,269.52,20.18967,U165-H1-VS2-16.08.2024,U165-H1-VS2-GGA5-Cr(VI) 15mg-L-20082024-Q=50.2mL-phút-3
4997,GGA5-Cr-15,290.2157,6930,269.38,20.83567,U165-H1-VS2-16.08.2024,U165-H1-VS2-GGA5-Cr(VI) 15mg-L-20082024-Q=50.2mL-phút-3
4998,GGA20,353.1818,301,308.2,44.98182,U166-H3-VS2-16.08.2024,U166-H3-VS2-GGA20-Ni(II) 5mg-L-20082024-Q=49.7mL-phút-6
4999,GGA20,352.9636,776,307.7,45.26362,U166-H3-VS2-16.08.2024,U166-H3-VS2-GGA20-Ni(II) 5mg-L-20082024-Q=49.7mL-phút-6
5000,GGA20,351.9758,1250,307.7,44.27575,U166-H3-VS2-16.08.2024,U166-H3-VS2-GGA20-Ni(II) 5mg-L-20082024-Q=49.7mL-phút-6
5001,GGA20,351.7788,1722,306.4,45.37879,U166-H3-VS2-16.08.2024,U166-H3-VS2-GGA20-Ni(II) 5mg-L-20082024-Q=49.7mL-phút-6
5002,GGA20,351.1485,2196,305.1,46.0485,U166-H3-VS2-16.08.2024,U166-H3-VS2-GGA20-Ni(II) 5mg-L-20082024-Q=49.7mL-phút-6
5003,GGA20-Ni-5,355.1424,2669,310.2,44.94241,U166-H3-VS2-16.08.2024,U166-H3-VS2-GGA20-Ni(II) 5mg-L-20082024-Q=49.7mL-phút-6
5004,GGA20-Ni-5,352.6364,3142,310.1,42.53637,U166-H3-VS2-16.08.2024,U166-H3-VS2-GGA20-Ni(II) 5mg-L-20082024-Q=49.7mL-phút-6
5005,GGA20-Ni-5,351.4243,3611,303.3,48.12426,U166-H3-VS2-16.08.2024,U166-H3-VS2-GGA20-Ni(II) 5mg-L-20082024-Q=49.7mL-phút-6
5006,GGA20-Ni-5,350.5333,4083,300.3,50.23334,U166-H3-VS2-16.08.2024,U166-H3-VS2-GGA20-Ni(II) 5mg-L-20082024-Q=49.7mL-phút-6
5007,GGA20-Ni-5,349.9485,4558,300.9,49.04848,U166-H3-VS2-16.08.2024,U166-H3-VS2-GGA20-Ni(II) 5mg-L-20082024-Q=49.7mL-phút-6
5008,GGA20-Ni-5,346.375,5032,304.3,42.07499,U166-H3-VS2-16.08.2024,U166-H3-VS2-GGA20-Ni(II) 5mg-L-20082024-Q=49.7mL-phút-6
5009,GGA20-Ni-5,347.6414,5506,304.2,43.44138,U166-H3-VS2-16.08.2024,U166-H3-VS2-GGA20-Ni(II) 5mg-L-20082024-Q=49.7mL-phút-6
5010,GGA5,346.3828,301,309.9,36.48277,U166-H3-VS2-16.08.2024,U166-H3-VS2-GGA5-Cr(VI) 15mg-L-20082024-Q=50.32mL-phút-6
5011,GGA5,346.3207,774,308.0,38.32069,U166-H3-VS2-16.08.2024,U166-H3-VS2-GGA5-Cr(VI) 15mg-L-20082024-Q=50.32mL-phút-6
5012,GGA5,345.4517,1248,306.4,39.05172,U166-H3-VS2-16.08.2024,U166-H3-VS2-GGA5-Cr(VI) 15mg-L-20082024-Q=50.32mL-phút-6
5013,GGA5,345.4414,1718,307.1,38.34138,U166-H3-VS2-16.08.2024,U166-H3-VS2-GGA5-Cr(VI) 15mg-L-20082024-Q=50.32mL-phút-6
5014,GGA5,344.9414,2189,306.9,38.04139,U166-H3-VS2-16.08.2024,U166-H3-VS2-GGA5-Cr(VI) 15mg-L-20082024-Q=50.32mL-phút-6
5015,GGA5,344.0483,2662,307.2,36.84826,U166-H3-VS2-16.08.2024,U166-H3-VS2-GGA5-Cr(VI) 15mg-L-20082024-Q=50.32mL-phút-6
5016,GGA5,343.3793,3137,305.4,37.9793,U166-H3-VS2-16.08.2024,U166-H3-VS2-GGA5-Cr(VI) 15mg-L-20082024-Q=50.32mL-phút-6
5017,GGA5-Cr-15,344.9586,3605,303.6,41.35861,U166-H3-VS2-16.08.2024,U166-H3-VS2-GGA5-Cr(VI) 15mg-L-20082024-Q=50.32mL-phút-6
5018,GGA5-Cr-15,345.269,4079,304.0,41.26897,U166-H3-VS2-16.08.2024,U166-H3-VS2-GGA5-Cr(VI) 15mg-L-20082024-Q=50.32mL-phút-6
5019,GGA5-Cr-15,344.7172,4553,304.8,39.91724,U166-H3-VS2-16.08.2024,U166-H3-VS2-GGA5-Cr(VI) 15mg-L-20082024-Q=50.32mL-phút-6
5020,GGA5-Cr-15,344.2276,5025,304.1,40.12758,U166-H3-VS2-16.08.2024,U166-H3-VS2-GGA5-Cr(VI) 15mg-L-20082024-Q=50.32mL-phút-6
5021,GGA5-Cr-15,347.5207,5492,309.8,37.72069,U166-H3-VS2-16.08.2024,U166-H3-VS2-GGA5-Cr(VI) 15mg-L-20082024-Q=50.32mL-phút-6
5022,GGA5-Cr-15,348.8345,5966,312.7,36.13449,U166-H3-VS2-16.08.2024,U166-H3-VS2-GGA5-Cr(VI) 15mg-L-20082024-Q=50.32mL-phút-6
5023,GGA5-Cr-15,350.0966,6439,314.2,35.89654,U166-H3-VS2-16.08.2024,U166-H3-VS2-GGA5-Cr(VI) 15mg-L-20082024-Q=50.32mL-phút-6
5024,GGA5-Cr-15,349.125,6912,314.4,34.72501,U166-H3-VS2-16.08.2024,U166-H3-VS2-GGA5-Cr(VI) 15mg-L-20082024-Q=50.32mL-phút-6
5025,GGA2.5,349.6448,299,311.8,37.84483,U166-H3-VS2-16.08.2024,U166-H3-VS2-GGA2.5-Zn(II) 15mg-L-20082024-Q=49.98mL-phút-4
5026,GGA2.5,354.3586,773,314.0,40.35861,U166-H3-VS2-16.08.2024,U166-H3-VS2-GGA2.5-Zn(II) 15mg-L-20082024-Q=49.98mL-phút-4
5027,GGA2.5,352.9517,1247,312.2,40.75171,U166-H3-VS2-16.08.2024,U166-H3-VS2-GGA2.5-Zn(II) 15mg-L-20082024-Q=49.98mL-phút-4
5028,GGA2.5,352.9448,1720,314.3,38.64483,U166-H3-VS2-16.08.2024,U166-H3-VS2-GGA2.5-Zn(II) 15mg-L-20082024-Q=49.98mL-phút-4
5029,GGA2.5,353.2207,2192,314.4,38.8207,U166-H3-VS2-16.08.2024,U166-H3-VS2-GGA2.5-Zn(II) 15mg-L-20082024-Q=49.98mL-phút-4
5030,GGA2.5-Zn-15,354.3655,2666,316.2,38.16552,U166-H3-VS2-16.08.2024,U166-H3-VS2-GGA2.5-Zn(II) 15mg-L-20082024-Q=49.98mL-phút-4
5031,GGA2.5-Zn-15,357.2897,3139,320.2,37.08965,U166-H3-VS2-16.08.2024,U166-H3-VS2-GGA2.5-Zn(II) 15mg-L-20082024-Q=49.98mL-phút-4
5032,GGA2.5-Zn-15,360.4429,3613,323.1,37.34285,U166-H3-VS2-16.08.2024,U166-H3-VS2-GGA2.5-Zn(II) 15mg-L-20082024-Q=49.98mL-phút-4
5033,GGA2.5-Zn-15,359.0241,4086,323.6,35.42415,U166-H3-VS2-16.08.2024,U166-H3-VS2-GGA2.5-Zn(II) 15mg-L-20082024-Q=49.98mL-phút-4
5034,GGA2.5-Zn-15,357.869,4558,322.1,35.76895,U166-H3-VS2-16.08.2024,U166-H3-VS2-GGA2.5-Zn(II) 15mg-L-20082024-Q=49.98mL-phút-4
5035,GGA12.5,295.6927,301,259.94,35.75273,U167-H1-VS2-19.08.2024,U167-H1-VS2-GGA12.5-Zn(II) 15mg-L-21082024-Q=49.98mL-phút-6
5036,GGA12.5,295.5176,775,260.74,34.77759,U167-H1-VS2-19.08.2024,U167-H1-VS2-GGA12.5-Zn(II) 15mg-L-21082024-Q=49.98mL-phút-6
5037,GGA12.5,293.6772,1246,260.24,33.4372,U167-H1-VS2-19.08.2024,U167-H1-VS2-GGA12.5-Zn(II) 15mg-L-21082024-Q=49.98mL-phút-6
5038,GGA12.5,293.5106,1719,259.53,33.98061,U167-H1-VS2-19.08.2024,U167-H1-VS2-GGA12.5-Zn(II) 15mg-L-21082024-Q=49.98mL-phút-6
5039,GGA12.5,293.2521,2193,258.04,35.21211,U167-H1-VS2-19.08.2024,U167-H1-VS2-GGA12.5-Zn(II) 15mg-L-21082024-Q=49.98mL-phút-6
5040,GGA12.5,293.1621,2667,259.27,33.89213,U167-H1-VS2-19.08.2024,U167-H1-VS2-GGA12.5-Zn(II) 15mg-L-21082024-Q=49.98mL-phút-6
5041,GGA12.5,293.3559,3140,259.02,34.33595,U167-H1-VS2-19.08.2024,U167-H1-VS2-GGA12.5-Zn(II) 15mg-L-21082024-Q=49.98mL-phút-6
5042,GGA12.5-Zn-15,294.6034,3613,257.06,37.54344,U167-H1-VS2-19.08.2024,U167-H1-VS2-GGA12.5-Zn(II) 15mg-L-21082024-Q=49.98mL-phút-6
5043,GGA12.5-Zn-15,294.0661,4087,262.29,31.77605,U167-H1-VS2-19.08.2024,U167-H1-VS2-GGA12.5-Zn(II) 15mg-L-21082024-Q=49.98mL-phút-6
5044,GGA12.5-Zn-15,294.2791,4560,262.91,31.36906,U167-H1-VS2-19.08.2024,U167-H1-VS2-GGA12.5-Zn(II) 15mg-L-21082024-Q=49.98mL-phút-6
5045,GGA12.5-Zn-15,294.3961,5034,263.14,31.25605,U167-H1-VS2-19.08.2024,U167-H1-VS2-GGA12.5-Zn(II) 15mg-L-21082024-Q=49.98mL-phút-6
5046,GGA12.5-Zn-15,294.3318,5506,264.08,30.25183,U167-H1-VS2-19.08.2024,U167-H1-VS2-GGA12.5-Zn(II) 15mg-L-21082024-Q=49.98mL-phút-6
5047,GGA12.5-Zn-15,293.9415,5982,264.38,29.56151,U167-H1-VS2-19.08.2024,U167-H1-VS2-GGA12.5-Zn(II) 15mg-L-21082024-Q=49.98mL-phút-6
5048,GGA12.5-Zn-15,292.1831,6454,264.73,27.45311,U167-H1-VS2-19.08.2024,U167-H1-VS2-GGA12.5-Zn(II) 15mg-L-21082024-Q=49.98mL-phút-6
5049,GGA12.5-Zn-15,294.1494,6928,264.21,29.93941,U167-H1-VS2-19.08.2024,U167-H1-VS2-GGA12.5-Zn(II) 15mg-L-21082024-Q=49.98mL-phút-6
5050,GGA5,290.8564,302,264.75,26.10637,U167-H1-VS2-19.08.2024,U167-H1-VS2-GGA5-Cr(VI) 5mg-L-21082024-Q=50.36mL-phút-5
5051,GGA5,290.4149,777,264.02,26.39486,U167-H1-VS2-19.08.2024,U167-H1-VS2-GGA5-Cr(VI) 5mg-L-21082024-Q=50.36mL-phút-5
5052,GGA5,291.7379,1247,263.48,28.25787,U167-H1-VS2-19.08.2024,U167-H1-VS2-GGA5-Cr(VI) 5mg-L-21082024-Q=50.36mL-phút-5
5053,GGA5,290.1928,1722,264.52,25.67282,U167-H1-VS2-19.08.2024,U167-H1-VS2-GGA5-Cr(VI) 5mg-L-21082024-Q=50.36mL-phút-5
5054,GGA5,290.0897,2194,265.3,24.78971,U167-H1-VS2-19.08.2024,U167-H1-VS2-GGA5-Cr(VI) 5mg-L-21082024-Q=50.36mL-phút-5
5055,GGA5,290.3656,2669,265.13,25.23559,U167-H1-VS2-19.08.2024,U167-H1-VS2-GGA5-Cr(VI) 5mg-L-21082024-Q=50.36mL-phút-5
5056,GGA5,290.3003,3141,266.32,23.98029,U167-H1-VS2-19.08.2024,U167-H1-VS2-GGA5-Cr(VI) 5mg-L-21082024-Q=50.36mL-phút-5
5057,GGA5,290.3555,3615,266.78,23.57545,U167-H1-VS2-19.08.2024,U167-H1-VS2-GGA5-Cr(VI) 5mg-L-21082024-Q=50.36mL-phút-5
5058,GGA5-Cr-5,291.3542,4094,266.07,25.28423,U167-H1-VS2-19.08.2024,U167-H1-VS2-GGA5-Cr(VI) 5mg-L-21082024-Q=50.36mL-phút-5
5059,GGA5-Cr-5,291.9342,4569,268.08,23.85425,U167-H1-VS2-19.08.2024,U167-H1-VS2-GGA5-Cr(VI) 5mg-L-21082024-Q=50.36mL-phút-5
5060,GGA5-Cr-5,291.9753,5041,267.24,24.73532,U167-H1-VS2-19.08.2024,U167-H1-VS2-GGA5-Cr(VI) 5mg-L-21082024-Q=50.36mL-phút-5
5061,GGA5-Cr-5,292.1606,5514,269.56,22.6006,U167-H1-VS2-19.08.2024,U167-H1-VS2-GGA5-Cr(VI) 5mg-L-21082024-Q=50.36mL-phút-5
5062,GGA5-Cr-5,292.5959,5988,269.79,22.80593,U167-H1-VS2-19.08.2024,U167-H1-VS2-GGA5-Cr(VI) 5mg-L-21082024-Q=50.36mL-phút-5
5063,GGA5-Cr-5,293.7079,6461,270.92,22.78787,U167-H1-VS2-19.08.2024,U167-H1-VS2-GGA5-Cr(VI) 5mg-L-21082024-Q=50.36mL-phút-5
5064,GGA5-Cr-5,293.7388,6934,272.64,21.09878,U167-H1-VS2-19.08.2024,U167-H1-VS2-GGA5-Cr(VI) 5mg-L-21082024-Q=50.36mL-phút-5
5065,GGA5-Cr-5,294.0078,7408,272.81,21.19781,U167-H1-VS2-19.08.2024,U167-H1-VS2-GGA5-Cr(VI) 5mg-L-21082024-Q=50.36mL-phút-5
5066,GGA5-Cr-5,293.9728,7880,272.91,21.06281,U167-H1-VS2-19.08.2024,U167-H1-VS2-GGA5-Cr(VI) 5mg-L-21082024-Q=50.36mL-phút-5
5067,GGA20,362.6667,301,300.3,62.36666,U168-H3-VS2-21.08.2024,U168-H3-VS2-GGA20-Zn(II) 15mg-L-21082024-Q=50.3mL-phút-3
5068,GGA20,365.1643,774,304.4,60.76429,U168-H3-VS2-21.08.2024,U168-H3-VS2-GGA20-Zn(II) 15mg-L-21082024-Q=50.3mL-phút-3
5069,GGA20,363.5889,1248,301.4,62.18888,U168-H3-VS2-21.08.2024,U168-H3-VS2-GGA20-Zn(II) 15mg-L-21082024-Q=50.3mL-phút-3
5070,GGA20,364.0296,1721,300.6,63.42964,U168-H3-VS2-21.08.2024,U168-H3-VS2-GGA20-Zn(II) 15mg-L-21082024-Q=50.3mL-phút-3
5071,GGA20,363.9963,2195,299.6,64.39628,U168-H3-VS2-21.08.2024,U168-H3-VS2-GGA20-Zn(II) 15mg-L-21082024-Q=50.3mL-phút-3
5072,GGA20,362.3259,2668,299.8,62.52592,U168-H3-VS2-21.08.2024,U168-H3-VS2-GGA20-Zn(II) 15mg-L-21082024-Q=50.3mL-phút-3
5073,GGA20,361.3714,3142,298.5,62.87143,U168-H3-VS2-21.08.2024,U168-H3-VS2-GGA20-Zn(II) 15mg-L-21082024-Q=50.3mL-phút-3
5074,GGA20,360.5556,3615,295.9,64.65556,U168-H3-VS2-21.08.2024,U168-H3-VS2-GGA20-Zn(II) 15mg-L-21082024-Q=50.3mL-phút-3
5075,GGA20-Zn-15,360.0556,4088,298.0,62.05554,U168-H3-VS2-21.08.2024,U168-H3-VS2-GGA20-Zn(II) 15mg-L-21082024-Q=50.3mL-phút-3
5076,GGA20-Zn-15,360.0536,4561,302.9,57.15358,U168-H3-VS2-21.08.2024,U168-H3-VS2-GGA20-Zn(II) 15mg-L-21082024-Q=50.3mL-phút-3
5077,GGA20-Zn-15,359.0407,5036,305.1,53.94075,U168-H3-VS2-21.08.2024,U168-H3-VS2-GGA20-Zn(II) 15mg-L-21082024-Q=50.3mL-phút-3
5078,GGA20-Zn-15,358.1357,5509,304.1,54.03571,U168-H3-VS2-21.08.2024,U168-H3-VS2-GGA20-Zn(II) 15mg-L-21082024-Q=50.3mL-phút-3
5079,GGA20-Zn-15,358.1214,5983,303.6,54.52142,U168-H3-VS2-21.08.2024,U168-H3-VS2-GGA20-Zn(II) 15mg-L-21082024-Q=50.3mL-phút-3
5080,GGA20-Zn-15,358.5852,6455,306.4,52.18518,U168-H3-VS2-21.08.2024,U168-H3-VS2-GGA20-Zn(II) 15mg-L-21082024-Q=50.3mL-phút-3
5081,GGA20-Zn-15,357.8964,6929,303.9,53.99643,U168-H3-VS2-21.08.2024,U168-H3-VS2-GGA20-Zn(II) 15mg-L-21082024-Q=50.3mL-phút-3
5082,GGA5,359.6,301,310.8,48.80001,U168-H3-VS2-21.08.2024,U168-H3-VS2-GGA5-Cr(VI) 15mg-L-21082024-Q=50.36mL-phút-7
5083,GGA5,359.8296,775,312.8,47.02964,U168-H3-VS2-21.08.2024,U168-H3-VS2-GGA5-Cr(VI) 15mg-L-21082024-Q=50.36mL-phút-7
5084,GGA5,358.4148,1248,311.3,47.1148,U168-H3-VS2-21.08.2024,U168-H3-VS2-GGA5-Cr(VI) 15mg-L-21082024-Q=50.36mL-phút-7
5085,GGA5,358.2815,1722,310.2,48.08148,U168-H3-VS2-21.08.2024,U168-H3-VS2-GGA5-Cr(VI) 15mg-L-21082024-Q=50.36mL-phút-7
5086,GGA5,355.563,2196,308.6,46.96295,U168-H3-VS2-21.08.2024,U168-H3-VS2-GGA5-Cr(VI) 15mg-L-21082024-Q=50.36mL-phút-7
5087,GGA5,355.2148,2670,306.3,48.9148,U168-H3-VS2-21.08.2024,U168-H3-VS2-GGA5-Cr(VI) 15mg-L-21082024-Q=50.36mL-phút-7
5088,GGA5,355.0071,3142,307.6,47.40715,U168-H3-VS2-21.08.2024,U168-H3-VS2-GGA5-Cr(VI) 15mg-L-21082024-Q=50.36mL-phút-7
5089,GGA5-Cr-15,354.8857,3616,305.9,48.9857,U168-H3-VS2-21.08.2024,U168-H3-VS2-GGA5-Cr(VI) 15mg-L-21082024-Q=50.36mL-phút-7
5090,GGA5-Cr-15,354.7482,4090,308.3,46.44816,U168-H3-VS2-21.08.2024,U168-H3-VS2-GGA5-Cr(VI) 15mg-L-21082024-Q=50.36mL-phút-7
5091,GGA5-Cr-15,354.0852,4563,308.4,45.68517,U168-H3-VS2-21.08.2024,U168-H3-VS2-GGA5-Cr(VI) 15mg-L-21082024-Q=50.36mL-phút-7
5092,GGA5-Cr-15,353.7429,5036,311.5,42.24284,U168-H3-VS2-21.08.2024,U168-H3-VS2-GGA5-Cr(VI) 15mg-L-21082024-Q=50.36mL-phút-7
5093,GGA5-Cr-15,355.0071,5509,312.2,42.80713,U168-H3-VS2-21.08.2024,U168-H3-VS2-GGA5-Cr(VI) 15mg-L-21082024-Q=50.36mL-phút-7
5094,GGA5-Cr-15,351.7214,5983,310.8,40.92144,U168-H3-VS2-21.08.2024,U168-H3-VS2-GGA5-Cr(VI) 15mg-L-21082024-Q=50.36mL-phút-7
5095,GGA5-Cr-15,351.2296,6456,311.9,39.32964,U168-H3-VS2-21.08.2024,U168-H3-VS2-GGA5-Cr(VI) 15mg-L-21082024-Q=50.36mL-phút-7
5096,GGA5-Cr-15,350.7679,6931,312.8,37.96787,U168-H3-VS2-21.08.2024,U168-H3-VS2-GGA5-Cr(VI) 15mg-L-21082024-Q=50.36mL-phút-7
5097,GGA5-Cr-15,350.7482,7405,312.9,37.84814,U168-H3-VS2-21.08.2024,U168-H3-VS2-GGA5-Cr(VI) 15mg-L-21082024-Q=50.36mL-phút-7
5098,GGA5-Cr-15,351.0818,7877,315.4,35.68182,U168-H3-VS2-21.08.2024,U168-H3-VS2-GGA5-Cr(VI) 15mg-L-21082024-Q=50.36mL-phút-7
5099,GGA2.5,367.2788,301,329.2,38.07879,U168-H3-VS2-21.08.2024,U168-H3-VS2-GGA2.5-Ni(II) 10mg-L-21082024-Q=50.28mL-phút-6
5100,GGA2.5,368.7281,774,329.4,39.32812,U168-H3-VS2-21.08.2024,U168-H3-VS2-GGA2.5-Ni(II) 10mg-L-21082024-Q=50.28mL-phút-6
5101,GGA2.5,368.2303,1247,329.1,39.13029,U168-H3-VS2-21.08.2024,U168-H3-VS2-GGA2.5-Ni(II) 10mg-L-21082024-Q=50.28mL-phút-6
5102,GGA2.5,368.2455,1720,327.0,41.24547,U168-H3-VS2-21.08.2024,U168-H3-VS2-GGA2.5-Ni(II) 10mg-L-21082024-Q=50.28mL-phút-6
5103,GGA2.5,369.4364,2194,327.0,42.43638,U168-H3-VS2-21.08.2024,U168-H3-VS2-GGA2.5-Ni(II) 10mg-L-21082024-Q=50.28mL-phút-6
5104,GGA2.5,367.2152,2666,327.3,39.91514,U168-H3-VS2-21.08.2024,U168-H3-VS2-GGA2.5-Ni(II) 10mg-L-21082024-Q=50.28mL-phút-6
5105,GGA2.5,368.1879,3140,328.6,39.58789,U168-H3-VS2-21.08.2024,U168-H3-VS2-GGA2.5-Ni(II) 10mg-L-21082024-Q=50.28mL-phút-6
5106,GGA2.5-Ni-10,369.7273,3613,330.6,39.12729,U168-H3-VS2-21.08.2024,U168-H3-VS2-GGA2.5-Ni(II) 10mg-L-21082024-Q=50.28mL-phút-6
5107,GGA2.5-Ni-10,369.1625,4087,332.3,36.86249,U168-H3-VS2-21.08.2024,U168-H3-VS2-GGA2.5-Ni(II) 10mg-L-21082024-Q=50.28mL-phút-6
5108,GGA2.5-Ni-10,368.4485,4561,331.1,37.3485,U168-H3-VS2-21.08.2024,U168-H3-VS2-GGA2.5-Ni(II) 10mg-L-21082024-Q=50.28mL-phút-6
5109,GGA2.5-Ni-10,369.2879,5033,332.5,36.78787,U168-H3-VS2-21.08.2024,U168-H3-VS2-GGA2.5-Ni(II) 10mg-L-21082024-Q=50.28mL-phút-6
5110,GGA2.5-Ni-10,369.6697,5507,333.1,36.56971,U168-H3-VS2-21.08.2024,U168-H3-VS2-GGA2.5-Ni(II) 10mg-L-21082024-Q=50.28mL-phút-6
5111,GGA2.5-Ni-10,369.9121,5980,332.9,37.01213,U168-H3-VS2-21.08.2024,U168-H3-VS2-GGA2.5-Ni(II) 10mg-L-21082024-Q=50.28mL-phút-6
5112,GGA2.5-Ni-10,369.2182,6453,333.0,36.21819,U168-H3-VS2-21.08.2024,U168-H3-VS2-GGA2.5-Ni(II) 10mg-L-21082024-Q=50.28mL-phút-6
5113,GGA2.5-Ni-10,368.2939,6927,332.3,35.99393,U168-H3-VS2-21.08.2024,U168-H3-VS2-GGA2.5-Ni(II) 10mg-L-21082024-Q=50.28mL-phút-6
5114,GGA2.5-Ni-10,366.8939,7401,332.4,34.49395,U168-H3-VS2-21.08.2024,U168-H3-VS2-GGA2.5-Ni(II) 10mg-L-21082024-Q=50.28mL-phút-6
5115,GGA2.5-Ni-10,366.9576,7874,331.3,35.65759,U168-H3-VS2-21.08.2024,U168-H3-VS2-GGA2.5-Ni(II) 10mg-L-21082024-Q=50.28mL-phút-6
5116,GGA2.5-Ni-10,365.4333,8347,331.5,33.93334,U168-H3-VS2-21.08.2024,U168-H3-VS2-GGA2.5-Ni(II) 10mg-L-21082024-Q=50.28mL-phút-6
5117,GGA2.5-Ni-10,366.7375,8821,331.6,35.13749,U168-H3-VS2-21.08.2024,U168-H3-VS2-GGA2.5-Ni(II) 10mg-L-21082024-Q=50.28mL-phút-6
5118,GGA20,294.8797,301,263.73,31.14972,U169-20.08.2024,U169-H1-VS2-GGA20-Zn(II) 15mg-L-22082024-Q=49.82mL-phút-5
5119,GGA20,294.4165,772,266.26,28.15648,U169-20.08.2024,U169-H1-VS2-GGA20-Zn(II) 15mg-L-22082024-Q=49.82mL-phút-5
5120,GGA20,294.6194,1248,264.38,30.23944,U169-20.08.2024,U169-H1-VS2-GGA20-Zn(II) 15mg-L-22082024-Q=49.82mL-phút-5
5121,GGA20,294.2711,1721,265.38,28.89108,U169-20.08.2024,U169-H1-VS2-GGA20-Zn(II) 15mg-L-22082024-Q=49.82mL-phút-5
5122,GGA20,294.6874,2194,262.56,32.12743,U169-20.08.2024,U169-H1-VS2-GGA20-Zn(II) 15mg-L-22082024-Q=49.82mL-phút-5
5123,GGA20,294.5503,2667,264.13,30.42029,U169-20.08.2024,U169-H1-VS2-GGA20-Zn(II) 15mg-L-22082024-Q=49.82mL-phút-5
5124,GGA20-Zn-15,295.0482,3139,266.93,28.11825,U169-20.08.2024,U169-H1-VS2-GGA20-Zn(II) 15mg-L-22082024-Q=49.82mL-phút-5
5125,GGA20-Zn-15,295.3724,3614,266.49,28.88244,U169-20.08.2024,U169-H1-VS2-GGA20-Zn(II) 15mg-L-22082024-Q=49.82mL-phút-5
5126,GGA20-Zn-15,295.3674,4086,268.6,26.76734,U169-20.08.2024,U169-H1-VS2-GGA20-Zn(II) 15mg-L-22082024-Q=49.82mL-phút-5
5127,GGA20-Zn-15,295.3429,4561,270.02,25.32295,U169-20.08.2024,U169-H1-VS2-GGA20-Zn(II) 15mg-L-22082024-Q=49.82mL-phút-5
5128,GGA20-Zn-15,295.1803,5033,269.46,25.7203,U169-20.08.2024,U169-H1-VS2-GGA20-Zn(II) 15mg-L-22082024-Q=49.82mL-phút-5
5129,GGA20-Zn-15,294.8515,5508,270.46,24.39148,U169-20.08.2024,U169-H1-VS2-GGA20-Zn(II) 15mg-L-22082024-Q=49.82mL-phút-5
5130,GGA20-Zn-15,296.2238,5980,269.69,26.53382,U169-20.08.2024,U169-H1-VS2-GGA20-Zn(II) 15mg-L-22082024-Q=49.82mL-phút-5
5131,GGA5,293.8277,300,267.26,26.56764,U169-20.08.2024,U169-H1-VS2-GGA5-Cr(VI) 5mg-L-22082024-Q=50.62mL-phút-7
5132,GGA5,293.9562,775,267.3,26.65619,U169-20.08.2024,U169-H1-VS2-GGA5-Cr(VI) 5mg-L-22082024-Q=50.62mL-phút-7
5133,GGA5,294.2259,1246,267.68,26.54589,U169-20.08.2024,U169-H1-VS2-GGA5-Cr(VI) 5mg-L-22082024-Q=50.62mL-phút-7
5134,GGA5,293.8909,1722,266.11,27.78089,U169-20.08.2024,U169-H1-VS2-GGA5-Cr(VI) 5mg-L-22082024-Q=50.62mL-phút-7
5135,GGA5,293.9082,2195,266.59,27.31818,U169-20.08.2024,U169-H1-VS2-GGA5-Cr(VI) 5mg-L-22082024-Q=50.62mL-phút-7
5136,GGA5-Cr-5,292.7182,2669,266.59,26.12823,U169-20.08.2024,U169-H1-VS2-GGA5-Cr(VI) 5mg-L-22082024-Q=50.62mL-phút-7
5137,GGA5-Cr-5,292.9388,3143,268.6,24.33881,U169-20.08.2024,U169-H1-VS2-GGA5-Cr(VI) 5mg-L-22082024-Q=50.62mL-phút-7
5138,GGA5-Cr-5,293.1338,3615,269.42,23.71381,U169-20.08.2024,U169-H1-VS2-GGA5-Cr(VI) 5mg-L-22082024-Q=50.62mL-phút-7
5139,GGA5-Cr-5,293.1262,4089,269.61,23.51618,U169-20.08.2024,U169-H1-VS2-GGA5-Cr(VI) 5mg-L-22082024-Q=50.62mL-phút-7
5140,GGA5-Cr-5,293.1424,4562,269.08,24.06236,U169-20.08.2024,U169-H1-VS2-GGA5-Cr(VI) 5mg-L-22082024-Q=50.62mL-phút-7
5141,GGA5-Cr-5,292.6388,5036,268.89,23.74881,U169-20.08.2024,U169-H1-VS2-GGA5-Cr(VI) 5mg-L-22082024-Q=50.62mL-phút-7
5142,GGA17.5,294.1779,301,258.1,36.07787,U171-H1-VS2-21.08.2024,U171-H1-VS2-GGA17.5-Zn(II) 15mg-L-23082024-Q=mL-phút-5
5143,GGA17.5,293.9032,773,257.37,36.53324,U171-H1-VS2-21.08.2024,U171-H1-VS2-GGA17.5-Zn(II) 15mg-L-23082024-Q=mL-phút-5
5144,GGA17.5,293.6962,1247,259.32,34.37617,U171-H1-VS2-21.08.2024,U171-H1-VS2-GGA17.5-Zn(II) 15mg-L-23082024-Q=mL-phút-5
5145,GGA17.5,293.5897,1721,258.29,35.29969,U171-H1-VS2-21.08.2024,U171-H1-VS2-GGA17.5-Zn(II) 15mg-L-23082024-Q=mL-phút-5
5146,GGA17.5,293.7806,2193,258.44,35.34059,U171-H1-VS2-21.08.2024,U171-H1-VS2-GGA17.5-Zn(II) 15mg-L-23082024-Q=mL-phút-5
5147,GGA17.5,293.7924,2664,257.62,36.17235,U171-H1-VS2-21.08.2024,U171-H1-VS2-GGA17.5-Zn(II) 15mg-L-23082024-Q=mL-phút-5
5148,GGA17.5-Zn-15,295.5279,3137,261.39,34.13793,U171-H1-VS2-21.08.2024,U171-H1-VS2-GGA17.5-Zn(II) 15mg-L-23082024-Q=mL-phút-5
5149,GGA17.5-Zn-15,294.71,3614,262.96,31.75001,U171-H1-VS2-21.08.2024,U171-H1-VS2-GGA17.5-Zn(II) 15mg-L-23082024-Q=mL-phút-5
5150,GGA17.5-Zn-15,295.1024,4088,264.98,30.12241,U171-H1-VS2-21.08.2024,U171-H1-VS2-GGA17.5-Zn(II) 15mg-L-23082024-Q=mL-phút-5
5151,GGA17.5-Zn-15,293.9724,4561,264.17,29.80241,U171-H1-VS2-21.08.2024,U171-H1-VS2-GGA17.5-Zn(II) 15mg-L-23082024-Q=mL-phút-5
5152,GGA17.5-Zn-15,295.8379,5030,265.03,30.80794,U171-H1-VS2-21.08.2024,U171-H1-VS2-GGA17.5-Zn(II) 15mg-L-23082024-Q=mL-phút-5
5153,GGA17.5-Zn-15,294.7574,5508,264.31,30.44735,U171-H1-VS2-21.08.2024,U171-H1-VS2-GGA17.5-Zn(II) 15mg-L-23082024-Q=mL-phút-5
5154,GGA17.5-Zn-15,294.467,5980,264.8,29.66698,U171-H1-VS2-21.08.2024,U171-H1-VS2-GGA17.5-Zn(II) 15mg-L-23082024-Q=mL-phút-5
5155,GGA17.5-Zn-15,294.8403,6453,263.92,30.92028,U171-H1-VS2-21.08.2024,U171-H1-VS2-GGA17.5-Zn(II) 15mg-L-23082024-Q=mL-phút-5
5156,GGA17.5-Zn-15,294.6176,6928,264.67,29.94757,U171-H1-VS2-21.08.2024,U171-H1-VS2-GGA17.5-Zn(II) 15mg-L-23082024-Q=mL-phút-5
5157,GGA5,294.8791,301,265.92,28.95911,U171-H1-VS2-21.08.2024,U171-H1-VS2-GGA5-Cr(VI) 10mg-L-23082024-Q=50.72mL-phút-7
5158,GGA5,294.7035,777,266.45,28.25352,U171-H1-VS2-21.08.2024,U171-H1-VS2-GGA5-Cr(VI) 10mg-L-23082024-Q=50.72mL-phút-7
5159,GGA5,294.8235,1250,266.99,27.83354,U171-H1-VS2-21.08.2024,U171-H1-VS2-GGA5-Cr(VI) 10mg-L-23082024-Q=50.72mL-phút-7
5160,GGA5,294.7462,1725,265.76,28.98617,U171-H1-VS2-21.08.2024,U171-H1-VS2-GGA5-Cr(VI) 10mg-L-23082024-Q=50.72mL-phút-7
5161,GGA5,295.455,2194,267.33,28.12501,U171-H1-VS2-21.08.2024,U171-H1-VS2-GGA5-Cr(VI) 10mg-L-23082024-Q=50.72mL-phút-7
5162,GGA5,294.0612,2671,265.78,28.28118,U171-H1-VS2-21.08.2024,U171-H1-VS2-GGA5-Cr(VI) 10mg-L-23082024-Q=50.72mL-phút-7
5163,GGA5,294.6327,3144,265.61,29.02266,U171-H1-VS2-21.08.2024,U171-H1-VS2-GGA5-Cr(VI) 10mg-L-23082024-Q=50.72mL-phút-7
5164,GGA5-Cr-10,296.1876,3614,266.57,29.61757,U171-H1-VS2-21.08.2024,U171-H1-VS2-GGA5-Cr(VI) 10mg-L-23082024-Q=50.72mL-phút-7
5165,GGA5-Cr-10,295.6139,4091,267.05,28.56395,U171-H1-VS2-21.08.2024,U171-H1-VS2-GGA5-Cr(VI) 10mg-L-23082024-Q=50.72mL-phút-7
5166,GGA5-Cr-10,296.0044,4564,268.81,27.19441,U171-H1-VS2-21.08.2024,U171-H1-VS2-GGA5-Cr(VI) 10mg-L-23082024-Q=50.72mL-phút-7
5167,GGA5-Cr-10,295.0352,5037,270.42,24.61514,U171-H1-VS2-21.08.2024,U171-H1-VS2-GGA5-Cr(VI) 10mg-L-23082024-Q=50.72mL-phút-7
5168,GGA5-Cr-10,295.6015,5509,271.55,24.05153,U171-H1-VS2-21.08.2024,U171-H1-VS2-GGA5-Cr(VI) 10mg-L-23082024-Q=50.72mL-phút-7
5169,GGA5-Cr-10,294.8621,5983,271.7,23.16205,U171-H1-VS2-21.08.2024,U171-H1-VS2-GGA5-Cr(VI) 10mg-L-23082024-Q=50.72mL-phút-7
5170,GGA5-Cr-10,294.4962,6457,273.08,21.41619,U171-H1-VS2-21.08.2024,U171-H1-VS2-GGA5-Cr(VI) 10mg-L-23082024-Q=50.72mL-phút-7
5171,GGA5-Cr-10,294.6997,6933,271.11,23.58972,U171-H1-VS2-21.08.2024,U171-H1-VS2-GGA5-Cr(VI) 10mg-L-23082024-Q=50.72mL-phút-7
5172,GGA5-Cr-10,291.6803,7408,270.11,21.5703,U171-H1-VS2-21.08.2024,U171-H1-VS2-GGA5-Cr(VI) 10mg-L-23082024-Q=50.72mL-phút-7
5173,GGA5-Cr-10,291.5256,7880,270.27,21.2556,U171-H1-VS2-21.08.2024,U171-H1-VS2-GGA5-Cr(VI) 10mg-L-23082024-Q=50.72mL-phút-7
5174,GGA12.5,377.75,302,310.2,67.54999,U172-H3-VS2-21.08.2024,U172-H3-VS2-GGA12.5-Zn(II) 15mg-L-23082024-Q=50.74mL-phút-7
5175,GGA12.5,377.4852,775,312.2,65.28518,U172-H3-VS2-21.08.2024,U172-H3-VS2-GGA12.5-Zn(II) 15mg-L-23082024-Q=50.74mL-phút-7
5176,GGA12.5,377.0929,1248,309.4,67.69287,U172-H3-VS2-21.08.2024,U172-H3-VS2-GGA12.5-Zn(II) 15mg-L-23082024-Q=50.74mL-phút-7
5177,GGA12.5,375.5815,1722,307.7,67.88147,U172-H3-VS2-21.08.2024,U172-H3-VS2-GGA12.5-Zn(II) 15mg-L-23082024-Q=50.74mL-phút-7
5178,GGA12.5,374.6429,2202,306.3,68.34285,U172-H3-VS2-21.08.2024,U172-H3-VS2-GGA12.5-Zn(II) 15mg-L-23082024-Q=50.74mL-phút-7
5179,GGA12.5-Zn-15,376.325,2675,311.7,64.62501,U172-H3-VS2-21.08.2024,U172-H3-VS2-GGA12.5-Zn(II) 15mg-L-23082024-Q=50.74mL-phút-7
5180,GGA12.5-Zn-15,376.4593,3148,319.9,56.55925,U172-H3-VS2-21.08.2024,U172-H3-VS2-GGA12.5-Zn(II) 15mg-L-23082024-Q=50.74mL-phút-7
5181,GGA12.5-Zn-15,378.1593,3621,325.5,52.65925,U172-H3-VS2-21.08.2024,U172-H3-VS2-GGA12.5-Zn(II) 15mg-L-23082024-Q=50.74mL-phút-7
5182,GGA12.5-Zn-15,378.3407,4095,328.2,50.14073,U172-H3-VS2-21.08.2024,U172-H3-VS2-GGA12.5-Zn(II) 15mg-L-23082024-Q=50.74mL-phút-7
5183,GGA12.5-Zn-15,377.825,4568,330.8,47.025,U172-H3-VS2-21.08.2024,U172-H3-VS2-GGA12.5-Zn(II) 15mg-L-23082024-Q=50.74mL-phút-7
5184,GGA12.5-Zn-15,378.5857,5041,331.0,47.58572,U172-H3-VS2-21.08.2024,U172-H3-VS2-GGA12.5-Zn(II) 15mg-L-23082024-Q=50.74mL-phút-7
5185,GGA12.5-Zn-15,377.0893,5515,330.4,46.68929,U172-H3-VS2-21.08.2024,U172-H3-VS2-GGA12.5-Zn(II) 15mg-L-23082024-Q=50.74mL-phút-7
5186,GGA12.5-Zn-15,375.9143,5988,328.0,47.91428,U172-H3-VS2-21.08.2024,U172-H3-VS2-GGA12.5-Zn(II) 15mg-L-23082024-Q=50.74mL-phút-7
5187,GGA12.5-Zn-15,373.5821,6462,328.3,45.28214,U172-H3-VS2-21.08.2024,U172-H3-VS2-GGA12.5-Zn(II) 15mg-L-23082024-Q=50.74mL-phút-7
5188,GGA12.5-Zn-15,374.5571,6933,330.4,44.15715,U172-H3-VS2-21.08.2024,U172-H3-VS2-GGA12.5-Zn(II) 15mg-L-23082024-Q=50.74mL-phút-7
5189,GGA12.5-Zn-15,371.3607,7408,327.0,44.36072,U172-H3-VS2-21.08.2024,U172-H3-VS2-GGA12.5-Zn(II) 15mg-L-23082024-Q=50.74mL-phút-7
5190,GGA5,378.1429,301,329.7,48.44286,U172-H3-VS2-21.08.2024,U172-H3-VS2-GGA12.5-Cr(VI) 10mg-L-23082024-Q=50.72mL-phút-7
5191,GGA5,377.7571,774,329.7,48.05715,U172-H3-VS2-21.08.2024,U172-H3-VS2-GGA12.5-Cr(VI) 10mg-L-23082024-Q=50.72mL-phút-7
5192,GGA5,376.4333,1249,330.1,46.33334,U172-H3-VS2-21.08.2024,U172-H3-VS2-GGA12.5-Cr(VI) 10mg-L-23082024-Q=50.72mL-phút-7
5193,GGA5,379.8259,1722,330.6,49.22594,U172-H3-VS2-21.08.2024,U172-H3-VS2-GGA12.5-Cr(VI) 10mg-L-23082024-Q=50.72mL-phút-7
5194,GGA5,379.1,2195,330.9,48.19999,U172-H3-VS2-21.08.2024,U172-H3-VS2-GGA12.5-Cr(VI) 10mg-L-23082024-Q=50.72mL-phút-7
5195,GGA5-Cr-10,380.7321,2667,335.3,45.43214,U172-H3-VS2-21.08.2024,U172-H3-VS2-GGA12.5-Cr(VI) 10mg-L-23082024-Q=50.72mL-phút-7
5196,GGA5-Cr-10,382.3963,3142,341.7,40.6963,U172-H3-VS2-21.08.2024,U172-H3-VS2-GGA12.5-Cr(VI) 10mg-L-23082024-Q=50.72mL-phút-7
5197,GGA5-Cr-10,381.975,3614,346.3,35.67499,U172-H3-VS2-21.08.2024,U172-H3-VS2-GGA12.5-Cr(VI) 10mg-L-23082024-Q=50.72mL-phút-7
5198,GGA5-Cr-10,381.2607,4088,347.1,34.16073,U172-H3-VS2-21.08.2024,U172-H3-VS2-GGA12.5-Cr(VI) 10mg-L-23082024-Q=50.72mL-phút-7
5199,GGA5-Cr-10,379.0357,4562,347.4,31.63571,U172-H3-VS2-21.08.2024,U172-H3-VS2-GGA12.5-Cr(VI) 10mg-L-23082024-Q=50.72mL-phút-7
5200,GGA5-Cr-10,379.3069,5035,348.9,30.40691,U172-H3-VS2-21.08.2024,U172-H3-VS2-GGA12.5-Cr(VI) 10mg-L-23082024-Q=50.72mL-phút-7
5201,GGA5-Cr-10,378.3379,5508,348.9,29.43795,U172-H3-VS2-21.08.2024,U172-H3-VS2-GGA12.5-Cr(VI) 10mg-L-23082024-Q=50.72mL-phút-7
5202,GGA5-Cr-10,379.4483,5982,351.4,28.04829,U172-H3-VS2-21.08.2024,U172-H3-VS2-GGA12.5-Cr(VI) 10mg-L-23082024-Q=50.72mL-phút-7
5203,GGA5-Cr-10,377.9517,6455,351.9,26.05171,U172-H3-VS2-21.08.2024,U172-H3-VS2-GGA12.5-Cr(VI) 10mg-L-23082024-Q=50.72mL-phút-7
5204,GGA5-Cr-10,376.069,6929,349.9,26.16895,U172-H3-VS2-21.08.2024,U172-H3-VS2-GGA12.5-Cr(VI) 10mg-L-23082024-Q=50.72mL-phút-7
5205,GGA5-Cr-10,374.4931,7402,348.8,25.6931,U172-H3-VS2-21.08.2024,U172-H3-VS2-GGA12.5-Cr(VI) 10mg-L-23082024-Q=50.72mL-phút-7
5206,GGA5-Cr-10,372.7833,7875,346.9,25.88334,U172-H3-VS2-21.08.2024,U172-H3-VS2-GGA12.5-Cr(VI) 10mg-L-23082024-Q=50.72mL-phút-7
5207,GGA12.5,282.22,301,256.43,25.79001,U173-H1-VS2-22.08.2024,U173-H1-VS2-GGA12.5-Ni(II) 10mg-L-26082024-Q=50.32mL-phút-
5208,GGA12.5,281.4233,775,255.49,25.93332,U173-H1-VS2-22.08.2024,U173-H1-VS2-GGA12.5-Ni(II) 10mg-L-26082024-Q=50.32mL-phút-
5209,GGA12.5,281.04,1250,254.53,26.51,U173-H1-VS2-22.08.2024,U173-H1-VS2-GGA12.5-Ni(II) 10mg-L-26082024-Q=50.32mL-phút-
5210,GGA12.5,280.7613,1722,255.38,25.38125,U173-H1-VS2-22.08.2024,U173-H1-VS2-GGA12.5-Ni(II) 10mg-L-26082024-Q=50.32mL-phút-
5211,GGA12.5,279.842,2198,255.57,24.27199,U173-H1-VS2-22.08.2024,U173-H1-VS2-GGA12.5-Ni(II) 10mg-L-26082024-Q=50.32mL-phút-
5212,GGA12.5,279.9717,2672,254.03,25.94167,U173-H1-VS2-22.08.2024,U173-H1-VS2-GGA12.5-Ni(II) 10mg-L-26082024-Q=50.32mL-phút-
5213,GGA12.5,281.4708,3142,255.68,25.79081,U173-H1-VS2-22.08.2024,U173-H1-VS2-GGA12.5-Ni(II) 10mg-L-26082024-Q=50.32mL-phút-
5214,GGA12.5,282.1224,3617,254.63,27.4924,U173-H1-VS2-22.08.2024,U173-H1-VS2-GGA12.5-Ni(II) 10mg-L-26082024-Q=50.32mL-phút-
5215,GGA12.5-Ni-10,281.7408,4090,257.92,23.82082,U173-H1-VS2-22.08.2024,U173-H1-VS2-GGA12.5-Ni(II) 10mg-L-26082024-Q=50.32mL-phút-
5216,GGA12.5-Ni-10,281.5846,4563,258.94,22.64458,U173-H1-VS2-22.08.2024,U173-H1-VS2-GGA12.5-Ni(II) 10mg-L-26082024-Q=50.32mL-phút-
5217,GGA12.5-Ni-10,280.1588,5039,259.69,20.46875,U173-H1-VS2-22.08.2024,U173-H1-VS2-GGA12.5-Ni(II) 10mg-L-26082024-Q=50.32mL-phút-
5218,GGA12.5-Ni-10,279.8076,5512,260.13,19.6776,U173-H1-VS2-22.08.2024,U173-H1-VS2-GGA12.5-Ni(II) 10mg-L-26082024-Q=50.32mL-phút-
5219,GGA12.5-Ni-10,280.9876,5985,259.3,21.68761,U173-H1-VS2-22.08.2024,U173-H1-VS2-GGA12.5-Ni(II) 10mg-L-26082024-Q=50.32mL-phút-
5220,GGA12.5-Ni-10,281.0236,6458,259.86,21.16361,U173-H1-VS2-22.08.2024,U173-H1-VS2-GGA12.5-Ni(II) 10mg-L-26082024-Q=50.32mL-phút-
5221,GGA2.5,278.8881,301,259.19,19.69812,U173-H1-VS2-22.08.2024,U173-H1-VS2-GGA2.5-Zn(II) 10mg-L-26082024-Q=49.64mL-phút-2
5222,GGA2.5,278.7744,775,258.67,20.10436,U173-H1-VS2-22.08.2024,U173-H1-VS2-GGA2.5-Zn(II) 10mg-L-26082024-Q=49.64mL-phút-2
5223,GGA2.5,279.2406,1249,259.4,19.84064,U173-H1-VS2-22.08.2024,U173-H1-VS2-GGA2.5-Zn(II) 10mg-L-26082024-Q=49.64mL-phút-2
5224,GGA2.5,278.3713,1722,260.26,18.11124,U173-H1-VS2-22.08.2024,U173-H1-VS2-GGA2.5-Zn(II) 10mg-L-26082024-Q=49.64mL-phút-2
5225,GGA2.5,279.61,2195,260.63,18.98,U173-H1-VS2-22.08.2024,U173-H1-VS2-GGA2.5-Zn(II) 10mg-L-26082024-Q=49.64mL-phút-2
5226,GGA2.5,278.3522,2671,258.92,19.43218,U173-H1-VS2-22.08.2024,U173-H1-VS2-GGA2.5-Zn(II) 10mg-L-26082024-Q=49.64mL-phút-2
5227,GGA2.5,279.5981,3143,260.74,18.85814,U173-H1-VS2-22.08.2024,U173-H1-VS2-GGA2.5-Zn(II) 10mg-L-26082024-Q=49.64mL-phút-2
5228,GGA2.5-Zn-10,279.0072,3615,258.88,20.12719,U173-H1-VS2-22.08.2024,U173-H1-VS2-GGA2.5-Zn(II) 10mg-L-26082024-Q=49.64mL-phút-2
5229,GGA2.5-Zn-10,278.2831,4087,258.79,19.49312,U173-H1-VS2-22.08.2024,U173-H1-VS2-GGA2.5-Zn(II) 10mg-L-26082024-Q=49.64mL-phút-2
5230,GGA2.5-Zn-10,278.1313,4561,258.92,19.21124,U173-H1-VS2-22.08.2024,U173-H1-VS2-GGA2.5-Zn(II) 10mg-L-26082024-Q=49.64mL-phút-2
5231,GGA2.5-Zn-10,278.3081,5038,260.7,17.60811,U173-H1-VS2-22.08.2024,U173-H1-VS2-GGA2.5-Zn(II) 10mg-L-26082024-Q=49.64mL-phút-2
5232,GGA2.5-Zn-10,277.7756,5511,258.92,18.85562,U173-H1-VS2-22.08.2024,U173-H1-VS2-GGA2.5-Zn(II) 10mg-L-26082024-Q=49.64mL-phút-2
5233,GGA2.5-Zn-10,278.0863,5984,260.8,17.28626,U173-H1-VS2-22.08.2024,U173-H1-VS2-GGA2.5-Zn(II) 10mg-L-26082024-Q=49.64mL-phút-2
5234,GGA2.5-Zn-10,278.6022,6454,260.49,18.1122,U173-H1-VS2-22.08.2024,U173-H1-VS2-GGA2.5-Zn(II) 10mg-L-26082024-Q=49.64mL-phút-2
5235,GGA2.5-Zn-10,276.6991,6927,261.55,15.14907,U173-H1-VS2-22.08.2024,U173-H1-VS2-GGA2.5-Zn(II) 10mg-L-26082024-Q=49.64mL-phút-2
5236,GGA2.5-Zn-10,276.6659,7403,260.01,16.65593,U173-H1-VS2-22.08.2024,U173-H1-VS2-GGA2.5-Zn(II) 10mg-L-26082024-Q=49.64mL-phút-2
5237,GGA2.5-Zn-10,275.03,7879,258.65,16.38001,U173-H1-VS2-22.08.2024,U173-H1-VS2-GGA2.5-Zn(II) 10mg-L-26082024-Q=49.64mL-phút-2
5238,GGA2.5-Zn-10,278.2969,8347,261.53,16.76688,U173-H1-VS2-22.08.2024,U173-H1-VS2-GGA2.5-Zn(II) 10mg-L-26082024-Q=49.64mL-phút-2
5239,GGA2.5-Zn-10,278.5956,8822,262.22,16.37562,U173-H1-VS2-22.08.2024,U173-H1-VS2-GGA2.5-Zn(II) 10mg-L-26082024-Q=49.64mL-phút-2
5240,GGA2.5,279.9169,301,259.65,20.26691,U175-H1-VS2-23.08.2024,U175-H1-VS2-GGA2.5-Zn(II) 5mg-L-27082024-Q=49.98mL-phút-2
5241,GGA2.5,280.1717,773,259.96,20.21173,U175-H1-VS2-23.08.2024,U175-H1-VS2-GGA2.5-Zn(II) 5mg-L-27082024-Q=49.98mL-phút-2
5242,GGA2.5,279.4841,1247,259.94,19.54414,U175-H1-VS2-23.08.2024,U175-H1-VS2-GGA2.5-Zn(II) 5mg-L-27082024-Q=49.98mL-phút-2
5243,GGA2.5,279.7314,1718,261.03,18.70143,U175-H1-VS2-23.08.2024,U175-H1-VS2-GGA2.5-Zn(II) 5mg-L-27082024-Q=49.98mL-phút-2
5244,GGA2.5,279.5617,2192,259.94,19.62173,U175-H1-VS2-23.08.2024,U175-H1-VS2-GGA2.5-Zn(II) 5mg-L-27082024-Q=49.98mL-phút-2
5245,GGA2.5,279.4064,2666,259.78,19.62643,U175-H1-VS2-23.08.2024,U175-H1-VS2-GGA2.5-Zn(II) 5mg-L-27082024-Q=49.98mL-phút-2
5246,GGA2.5,279.3266,3140,259.65,19.67656,U175-H1-VS2-23.08.2024,U175-H1-VS2-GGA2.5-Zn(II) 5mg-L-27082024-Q=49.98mL-phút-2
5247,GGA2.5-Zn-5,279.2524,3613,258.56,20.69241,U175-H1-VS2-23.08.2024,U175-H1-VS2-GGA2.5-Zn(II) 5mg-L-27082024-Q=49.98mL-phút-2
5248,GGA2.5-Zn-5,279.5945,4086,260.45,19.14448,U175-H1-VS2-23.08.2024,U175-H1-VS2-GGA2.5-Zn(II) 5mg-L-27082024-Q=49.98mL-phút-2
5249,GGA2.5-Zn-5,279.84,4560,262.62,17.22,U175-H1-VS2-23.08.2024,U175-H1-VS2-GGA2.5-Zn(II) 5mg-L-27082024-Q=49.98mL-phút-2
5250,GGA2.5-Zn-5,279.9278,5034,264.02,15.90779,U175-H1-VS2-23.08.2024,U175-H1-VS2-GGA2.5-Zn(II) 5mg-L-27082024-Q=49.98mL-phút-2
5251,GGA2.5-Zn-5,280.0444,5508,264.54,15.50443,U175-H1-VS2-23.08.2024,U175-H1-VS2-GGA2.5-Zn(II) 5mg-L-27082024-Q=49.98mL-phút-2
5252,GGA2.5-Zn-5,280.1704,5980,264.34,15.83037,U175-H1-VS2-23.08.2024,U175-H1-VS2-GGA2.5-Zn(II) 5mg-L-27082024-Q=49.98mL-phút-2
5253,GGA2.5-Zn-5,279.9046,6453,264.4,15.50463,U175-H1-VS2-23.08.2024,U175-H1-VS2-GGA2.5-Zn(II) 5mg-L-27082024-Q=49.98mL-phút-2
5254,GGA2.5-Zn-5,279.6189,6927,264.31,15.30889,U175-H1-VS2-23.08.2024,U175-H1-VS2-GGA2.5-Zn(II) 5mg-L-27082024-Q=49.98mL-phút-2
5255,GGA5,353.61,301,292.4,61.21,U176-H3-VS2-23.08.2024,U176-H3-VS2-GGA5-Zn(II) 5mg-L-27082024-Q=50.14mL-phút-3
5256,GGA5,352.92,775,291.4,61.52001,U176-H3-VS2-23.08.2024,U176-H3-VS2-GGA5-Zn(II) 5mg-L-27082024-Q=50.14mL-phút-3
5257,GGA5,352.6128,1247,290.6,62.01282,U176-H3-VS2-23.08.2024,U176-H3-VS2-GGA5-Zn(II) 5mg-L-27082024-Q=50.14mL-phút-3
5258,GGA5,352.3974,1721,289.5,62.89743,U176-H3-VS2-23.08.2024,U176-H3-VS2-GGA5-Zn(II) 5mg-L-27082024-Q=50.14mL-phút-3
5259,GGA5,350.6325,2194,287.4,63.23249,U176-H3-VS2-23.08.2024,U176-H3-VS2-GGA5-Zn(II) 5mg-L-27082024-Q=50.14mL-phút-3
5260,GGA5,349.8872,2668,287.1,62.78719,U176-H3-VS2-23.08.2024,U176-H3-VS2-GGA5-Zn(II) 5mg-L-27082024-Q=50.14mL-phút-3
5261,GGA5,348.9308,3140,284.3,64.63077,U176-H3-VS2-23.08.2024,U176-H3-VS2-GGA5-Zn(II) 5mg-L-27082024-Q=50.14mL-phút-3
5262,GGA5,356.625,3613,292.3,64.32501,U176-H3-VS2-23.08.2024,U176-H3-VS2-GGA5-Zn(II) 5mg-L-27082024-Q=50.14mL-phút-3
5263,GGA5-Zn-5,358.84,4088,295.5,63.33999,U176-H3-VS2-23.08.2024,U176-H3-VS2-GGA5-Zn(II) 5mg-L-27082024-Q=50.14mL-phút-3
5264,GGA5-Zn-5,360.4607,4561,297.6,62.86072,U176-H3-VS2-23.08.2024,U176-H3-VS2-GGA5-Zn(II) 5mg-L-27082024-Q=50.14mL-phút-3
5265,GGA5-Zn-5,360.8259,5034,299.6,61.22591,U176-H3-VS2-23.08.2024,U176-H3-VS2-GGA5-Zn(II) 5mg-L-27082024-Q=50.14mL-phút-3
5266,GGA5-Zn-5,359.7071,5507,299.6,60.10713,U176-H3-VS2-23.08.2024,U176-H3-VS2-GGA5-Zn(II) 5mg-L-27082024-Q=50.14mL-phút-3
5267,GGA5-Zn-5,359.137,5981,300.5,58.63703,U176-H3-VS2-23.08.2024,U176-H3-VS2-GGA5-Zn(II) 5mg-L-27082024-Q=50.14mL-phút-3
5268,GGA5-Zn-5,358.6407,6453,301.2,57.44074,U176-H3-VS2-23.08.2024,U176-H3-VS2-GGA5-Zn(II) 5mg-L-27082024-Q=50.14mL-phút-3
5269,GGA5-Zn-5,360.8741,6925,303.0,57.87407,U176-H3-VS2-23.08.2024,U176-H3-VS2-GGA5-Zn(II) 5mg-L-27082024-Q=50.14mL-phút-3
5270,GGA5-Zn-5,361.0444,7398,303.5,57.54444,U176-H3-VS2-23.08.2024,U176-H3-VS2-GGA5-Zn(II) 5mg-L-27082024-Q=50.14mL-phút-3
5271,GGA20,283.7115,301,256.68,27.03148,U177-H1-VS2-26.08.2024,U177-H1-VS2-GGA20-Cr(VI) 5mg-L-29082024-Q=50.02mL-phút-5
5272,GGA20,283.8224,774,256.64,27.18241,U177-H1-VS2-26.08.2024,U177-H1-VS2-GGA20-Cr(VI) 5mg-L-29082024-Q=50.02mL-phút-5
5273,GGA20,283.6959,1247,257.35,26.34587,U177-H1-VS2-26.08.2024,U177-H1-VS2-GGA20-Cr(VI) 5mg-L-29082024-Q=50.02mL-phút-5
5274,GGA20,283.7846,1720,256.45,27.33454,U177-H1-VS2-26.08.2024,U177-H1-VS2-GGA20-Cr(VI) 5mg-L-29082024-Q=50.02mL-phút-5
5275,GGA20,283.5759,2194,255.68,27.8959,U177-H1-VS2-26.08.2024,U177-H1-VS2-GGA20-Cr(VI) 5mg-L-29082024-Q=50.02mL-phút-5
5276,GGA20,282.8556,2668,256.7,26.15558,U177-H1-VS2-26.08.2024,U177-H1-VS2-GGA20-Cr(VI) 5mg-L-29082024-Q=50.02mL-phút-5
5277,GGA20-Cr-5,283.4674,3142,256.22,27.24735,U177-H1-VS2-26.08.2024,U177-H1-VS2-GGA20-Cr(VI) 5mg-L-29082024-Q=50.02mL-phút-5
5278,GGA20-Cr-5,281.8515,3614,258.46,23.39152,U177-H1-VS2-26.08.2024,U177-H1-VS2-GGA20-Cr(VI) 5mg-L-29082024-Q=50.02mL-phút-5
5279,GGA20-Cr-5,281.9535,4087,261.6,20.35352,U177-H1-VS2-26.08.2024,U177-H1-VS2-GGA20-Cr(VI) 5mg-L-29082024-Q=50.02mL-phút-5
5280,GGA20-Cr-5,281.8715,4560,261.28,20.59147,U177-H1-VS2-26.08.2024,U177-H1-VS2-GGA20-Cr(VI) 5mg-L-29082024-Q=50.02mL-phút-5
5281,GGA20-Cr-5,281.7903,5035,262.37,19.42029,U177-H1-VS2-26.08.2024,U177-H1-VS2-GGA20-Cr(VI) 5mg-L-29082024-Q=50.02mL-phút-5
5282,GGA20-Cr-5,281.8303,5507,263.02,18.8103,U177-H1-VS2-26.08.2024,U177-H1-VS2-GGA20-Cr(VI) 5mg-L-29082024-Q=50.02mL-phút-5
5283,GGA20-Cr-5,281.6933,5981,262.66,19.03333,U177-H1-VS2-26.08.2024,U177-H1-VS2-GGA20-Cr(VI) 5mg-L-29082024-Q=50.02mL-phút-5
5284,GGA20-Cr-5,281.7549,6454,263.27,18.48486,U177-H1-VS2-26.08.2024,U177-H1-VS2-GGA20-Cr(VI) 5mg-L-29082024-Q=50.02mL-phút-5
5285,GGA20-Cr-5,281.7939,6926,265.03,16.76394,U177-H1-VS2-26.08.2024,U177-H1-VS2-GGA20-Cr(VI) 5mg-L-29082024-Q=50.02mL-phút-5
5286,GGA20-Cr-5,281.8127,7401,264.73,17.08272,U177-H1-VS2-26.08.2024,U177-H1-VS2-GGA20-Cr(VI) 5mg-L-29082024-Q=50.02mL-phút-5
5287,GGA20-Cr-5,281.78,7875,264.34,17.44,U177-H1-VS2-26.08.2024,U177-H1-VS2-GGA20-Cr(VI) 5mg-L-29082024-Q=50.02mL-phút-5
5288,GGA5,281.543,301,262.73,18.81302,U177-H1-VS2-26.08.2024,U177-H1-VS2-GGA5-Ni(II) 10mg-L-29082024-Q=50.36mL-phút-7
5289,GGA5,282.1464,775,262.47,19.67636,U177-H1-VS2-26.08.2024,U177-H1-VS2-GGA5-Ni(II) 10mg-L-29082024-Q=50.36mL-phút-7
5290,GGA5,282.1282,1247,262.98,19.14817,U177-H1-VS2-26.08.2024,U177-H1-VS2-GGA5-Ni(II) 10mg-L-29082024-Q=50.36mL-phút-7
5291,GGA5,281.487,1722,261.99,19.49698,U177-H1-VS2-26.08.2024,U177-H1-VS2-GGA5-Ni(II) 10mg-L-29082024-Q=50.36mL-phút-7
5292,GGA5,281.4142,2195,262.22,19.19424,U177-H1-VS2-26.08.2024,U177-H1-VS2-GGA5-Ni(II) 10mg-L-29082024-Q=50.36mL-phút-7
5293,GGA5,281.2791,2668,263.1,18.17905,U177-H1-VS2-26.08.2024,U177-H1-VS2-GGA5-Ni(II) 10mg-L-29082024-Q=50.36mL-phút-7
5294,GGA5-Ni-10,280.8727,3139,262.18,18.69274,U177-H1-VS2-26.08.2024,U177-H1-VS2-GGA5-Ni(II) 10mg-L-29082024-Q=50.36mL-phút-7
5295,GGA5-Ni-10,280.7572,3613,264.17,16.58717,U177-H1-VS2-26.08.2024,U177-H1-VS2-GGA5-Ni(II) 10mg-L-29082024-Q=50.36mL-phút-7
5296,GGA5-Ni-10,281.1215,4089,264.73,16.39151,U177-H1-VS2-26.08.2024,U177-H1-VS2-GGA5-Ni(II) 10mg-L-29082024-Q=50.36mL-phút-7
5297,GGA5-Ni-10,280.9467,4561,266.11,14.83668,U177-H1-VS2-26.08.2024,U177-H1-VS2-GGA5-Ni(II) 10mg-L-29082024-Q=50.36mL-phút-7
5298,GGA5-Ni-10,280.8759,5034,265.84,15.03594,U177-H1-VS2-26.08.2024,U177-H1-VS2-GGA5-Ni(II) 10mg-L-29082024-Q=50.36mL-phút-7
5299,GGA5-Ni-10,280.8938,5508,266.38,14.51375,U177-H1-VS2-26.08.2024,U177-H1-VS2-GGA5-Ni(II) 10mg-L-29082024-Q=50.36mL-phút-7
5300,GGA5-Ni-10,280.4418,5981,266.59,13.85182,U177-H1-VS2-26.08.2024,U177-H1-VS2-GGA5-Ni(II) 10mg-L-29082024-Q=50.36mL-phút-7
5301,GGA5-Ni-10,280.1327,6455,267.03,13.10273,U177-H1-VS2-26.08.2024,U177-H1-VS2-GGA5-Ni(II) 10mg-L-29082024-Q=50.36mL-phút-7
5302,GGA5-Ni-10,280.9812,6926,267.35,13.6312,U177-H1-VS2-26.08.2024,U177-H1-VS2-GGA5-Ni(II) 10mg-L-29082024-Q=50.36mL-phút-7
5303,GGA5-Ni-10,280.4861,7401,267.03,13.45606,U177-H1-VS2-26.08.2024,U177-H1-VS2-GGA5-Ni(II) 10mg-L-29082024-Q=50.36mL-phút-7
5304,GGA17.5,371.3444,301,306.0,65.34445,U178-H3-VS2-26.08.2024,U178-H3-VS2-GGA17.5-Ni(II) 15mg-L-29082024-Q=50.4mL-phút-6
5305,GGA17.5,371.4923,776,304.8,66.69231,U178-H3-VS2-26.08.2024,U178-H3-VS2-GGA17.5-Ni(II) 15mg-L-29082024-Q=50.4mL-phút-6
5306,GGA17.5,370.5445,1249,301.5,69.04446,U178-H3-VS2-26.08.2024,U178-H3-VS2-GGA17.5-Ni(II) 15mg-L-29082024-Q=50.4mL-phút-6
5307,GGA17.5,373.1,1723,304.4,68.69999,U178-H3-VS2-26.08.2024,U178-H3-VS2-GGA17.5-Ni(II) 15mg-L-29082024-Q=50.4mL-phút-6
5308,GGA17.5,371.2593,2197,300.1,71.15926,U178-H3-VS2-26.08.2024,U178-H3-VS2-GGA17.5-Ni(II) 15mg-L-29082024-Q=50.4mL-phút-6
5309,GGA17.5,369.5808,2670,302.0,67.58078,U178-H3-VS2-26.08.2024,U178-H3-VS2-GGA17.5-Ni(II) 15mg-L-29082024-Q=50.4mL-phút-6
5310,GGA17.5-Ni-15,372.9115,3141,304.3,68.61153,U178-H3-VS2-26.08.2024,U178-H3-VS2-GGA17.5-Ni(II) 15mg-L-29082024-Q=50.4mL-phút-6
5311,GGA17.5-Ni-15,373.2741,3615,311.5,61.77406,U178-H3-VS2-26.08.2024,U178-H3-VS2-GGA17.5-Ni(II) 15mg-L-29082024-Q=50.4mL-phút-6
5312,GGA17.5-Ni-15,373.2846,4088,311.3,61.98461,U178-H3-VS2-26.08.2024,U178-H3-VS2-GGA17.5-Ni(II) 15mg-L-29082024-Q=50.4mL-phút-6
5313,GGA17.5-Ni-15,372.5269,4561,314.7,57.82691,U178-H3-VS2-26.08.2024,U178-H3-VS2-GGA17.5-Ni(II) 15mg-L-29082024-Q=50.4mL-phút-6
5314,GGA17.5-Ni-15,372.3148,5035,314.3,58.01481,U178-H3-VS2-26.08.2024,U178-H3-VS2-GGA17.5-Ni(II) 15mg-L-29082024-Q=50.4mL-phút-6
5315,GGA17.5-Ni-15,371.6111,5507,315.9,55.71111,U178-H3-VS2-26.08.2024,U178-H3-VS2-GGA17.5-Ni(II) 15mg-L-29082024-Q=50.4mL-phút-6
5316,GGA17.5-Ni-15,372.9556,5980,317.9,55.05555,U178-H3-VS2-26.08.2024,U178-H3-VS2-GGA17.5-Ni(II) 15mg-L-29082024-Q=50.4mL-phút-6
5317,GGA17.5-Ni-15,373.4074,6454,316.0,57.40739,U178-H3-VS2-26.08.2024,U178-H3-VS2-GGA17.5-Ni(II) 15mg-L-29082024-Q=50.4mL-phút-6
5318,GGA17.5-Ni-15,376.537,6928,319.7,56.83704,U178-H3-VS2-26.08.2024,U178-H3-VS2-GGA17.5-Ni(II) 15mg-L-29082024-Q=50.4mL-phút-6
5319,GGA5,375.8593,301,319.2,56.65925,U178-H3-VS2-26.08.2024,U178-H3-VS2-GGA5-Zn(II) 5mg-L-29082024-Q=50.48mL-phút-4
5320,GGA5,373.1308,774,320.0,53.13078,U178-H3-VS2-26.08.2024,U178-H3-VS2-GGA5-Zn(II) 5mg-L-29082024-Q=50.48mL-phút-4
5321,GGA5,371.963,1248,319.2,52.76295,U178-H3-VS2-26.08.2024,U178-H3-VS2-GGA5-Zn(II) 5mg-L-29082024-Q=50.48mL-phút-4
5322,GGA5,373.1385,1720,318.0,55.13847,U178-H3-VS2-26.08.2024,U178-H3-VS2-GGA5-Zn(II) 5mg-L-29082024-Q=50.48mL-phút-4
5323,GGA5,371.4077,2194,316.4,55.0077,U178-H3-VS2-26.08.2024,U178-H3-VS2-GGA5-Zn(II) 5mg-L-29082024-Q=50.48mL-phút-4
5324,GGA5,371.0539,2668,318.7,52.35386,U178-H3-VS2-26.08.2024,U178-H3-VS2-GGA5-Zn(II) 5mg-L-29082024-Q=50.48mL-phút-4
5325,GGA5,369.2296,3142,317.3,51.92964,U178-H3-VS2-26.08.2024,U178-H3-VS2-GGA5-Zn(II) 5mg-L-29082024-Q=50.48mL-phút-4
5326,GGA5-Zn-5,368.8074,3616,315.1,53.7074,U178-H3-VS2-26.08.2024,U178-H3-VS2-GGA5-Zn(II) 5mg-L-29082024-Q=50.48mL-phút-4
5327,GGA5-Zn-5,369.0039,4089,316.4,52.60386,U178-H3-VS2-26.08.2024,U178-H3-VS2-GGA5-Zn(II) 5mg-L-29082024-Q=50.48mL-phút-4
5328,GGA5-Zn-5,369.2577,4562,315.0,54.2577,U178-H3-VS2-26.08.2024,U178-H3-VS2-GGA5-Zn(II) 5mg-L-29082024-Q=50.48mL-phút-4
5329,GGA5-Zn-5,369.2577,5035,315.5,53.7577,U178-H3-VS2-26.08.2024,U178-H3-VS2-GGA5-Zn(II) 5mg-L-29082024-Q=50.48mL-phút-4
5330,GGA5-Zn-5,367.8556,5509,313.8,54.05555,U178-H3-VS2-26.08.2024,U178-H3-VS2-GGA5-Zn(II) 5mg-L-29082024-Q=50.48mL-phút-4
5331,GGA5-Zn-5,368.737,5980,316.8,51.93704,U178-H3-VS2-26.08.2024,U178-H3-VS2-GGA5-Zn(II) 5mg-L-29082024-Q=50.48mL-phút-4
5332,GGA5-Zn-5,368.4577,6455,316.3,52.1577,U178-H3-VS2-26.08.2024,U178-H3-VS2-GGA5-Zn(II) 5mg-L-29082024-Q=50.48mL-phút-4
5333,GGA5-Zn-5,369.5692,6927,319.1,50.46925,U178-H3-VS2-26.08.2024,U178-H3-VS2-GGA5-Zn(II) 5mg-L-29082024-Q=50.48mL-phút-4
5334,GGA5-Zn-5,369.2308,7402,318.8,50.43077,U178-H3-VS2-26.08.2024,U178-H3-VS2-GGA5-Zn(II) 5mg-L-29082024-Q=50.48mL-phút-4
5335,GGA5-Zn-5,368.4423,7875,317.6,50.8423,U178-H3-VS2-26.08.2024,U178-H3-VS2-GGA5-Zn(II) 5mg-L-29082024-Q=50.48mL-phút-4
5336,GGA5-Zn-5,366.3852,8348,317.1,49.2852,U178-H3-VS2-26.08.2024,U178-H3-VS2-GGA5-Zn(II) 5mg-L-29082024-Q=50.48mL-phút-4
5337,GGA5-Zn-5,367.0556,8822,317.4,49.65554,U178-H3-VS2-26.08.2024,U178-H3-VS2-GGA5-Zn(II) 5mg-L-29082024-Q=50.48mL-phút-4
5338,GGA5-Zn-5,366.6704,9294,317.5,49.17037,U178-H3-VS2-26.08.2024,U178-H3-VS2-GGA5-Zn(II) 5mg-L-29082024-Q=50.48mL-phút-4
5339,GGA20,382.2536,301,310.7,71.55357,U180-H3-VS2-28.08.2024,U180-H3-VS2-GGA20-Cr(VI) 15mg-L-30082024-Q=50.34mL-phút-5
5340,GGA20,380.9222,775,307.2,73.72221,U180-H3-VS2-28.08.2024,U180-H3-VS2-GGA20-Cr(VI) 15mg-L-30082024-Q=50.34mL-phút-5
5341,GGA20,379.663,1247,307.3,72.36296,U180-H3-VS2-28.08.2024,U180-H3-VS2-GGA20-Cr(VI) 15mg-L-30082024-Q=50.34mL-phút-5
5342,GGA20,378.963,1721,307.7,71.26296,U180-H3-VS2-28.08.2024,U180-H3-VS2-GGA20-Cr(VI) 15mg-L-30082024-Q=50.34mL-phút-5
5343,GGA20,380.1704,2195,305.1,75.07038,U180-H3-VS2-28.08.2024,U180-H3-VS2-GGA20-Cr(VI) 15mg-L-30082024-Q=50.34mL-phút-5
5344,GGA20,379.0593,2668,306.2,72.85926,U180-H3-VS2-28.08.2024,U180-H3-VS2-GGA20-Cr(VI) 15mg-L-30082024-Q=50.34mL-phút-5
5345,GGA20,379.4074,3139,306.4,73.00741,U180-H3-VS2-28.08.2024,U180-H3-VS2-GGA20-Cr(VI) 15mg-L-30082024-Q=50.34mL-phút-5
5346,GGA20-Cr-15,378.1482,3613,298.8,79.34816,U180-H3-VS2-28.08.2024,U180-H3-VS2-GGA20-Cr(VI) 15mg-L-30082024-Q=50.34mL-phút-5
5347,GGA20-Cr-15,379.2482,4087,304.4,74.84815,U180-H3-VS2-28.08.2024,U180-H3-VS2-GGA20-Cr(VI) 15mg-L-30082024-Q=50.34mL-phút-5
5348,GGA20-Cr-15,378.4407,4561,308.0,70.44074,U180-H3-VS2-28.08.2024,U180-H3-VS2-GGA20-Cr(VI) 15mg-L-30082024-Q=50.34mL-phút-5
5349,GGA20-Cr-15,379.2407,5034,313.2,66.04074,U180-H3-VS2-28.08.2024,U180-H3-VS2-GGA20-Cr(VI) 15mg-L-30082024-Q=50.34mL-phút-5
5350,GGA20-Cr-15,378.3852,5507,311.4,66.98519,U180-H3-VS2-28.08.2024,U180-H3-VS2-GGA20-Cr(VI) 15mg-L-30082024-Q=50.34mL-phút-5
5351,GGA20-Cr-15,380.1148,5980,317.9,62.21482,U180-H3-VS2-28.08.2024,U180-H3-VS2-GGA20-Cr(VI) 15mg-L-30082024-Q=50.34mL-phút-5
5352,GGA20-Cr-15,379.0667,6454,318.0,61.06668,U180-H3-VS2-28.08.2024,U180-H3-VS2-GGA20-Cr(VI) 15mg-L-30082024-Q=50.34mL-phút-5
5353,GGA20-Cr-15,378.525,6928,318.0,60.52501,U180-H3-VS2-28.08.2024,U180-H3-VS2-GGA20-Cr(VI) 15mg-L-30082024-Q=50.34mL-phút-5
5354,GGA2.5,383.0357,301,329.8,53.2357,U180-H3-VS2-28.08.2024,U180-H3-VS2-GGA2.5-Zn(II) 10mg-L-30082024-Q=50.16mL-phút-3
5355,GGA2.5,381.837,774,327.2,54.63704,U180-H3-VS2-28.08.2024,U180-H3-VS2-GGA2.5-Zn(II) 10mg-L-30082024-Q=50.16mL-phút-3
5356,GGA2.5,378.9071,1248,325.4,53.50715,U180-H3-VS2-28.08.2024,U180-H3-VS2-GGA2.5-Zn(II) 10mg-L-30082024-Q=50.16mL-phút-3
5357,GGA2.5,379.0429,1722,325.9,53.14287,U180-H3-VS2-28.08.2024,U180-H3-VS2-GGA2.5-Zn(II) 10mg-L-30082024-Q=50.16mL-phút-3
5358,GGA2.5,377.5593,2195,324.9,52.65926,U180-H3-VS2-28.08.2024,U180-H3-VS2-GGA2.5-Zn(II) 10mg-L-30082024-Q=50.16mL-phút-3
5359,GGA2.5,376.9038,2669,323.6,53.30385,U180-H3-VS2-28.08.2024,U180-H3-VS2-GGA2.5-Zn(II) 10mg-L-30082024-Q=50.16mL-phút-3
5360,GGA2.5-Zn-10,377.1846,3141,323.4,53.78463,U180-H3-VS2-28.08.2024,U180-H3-VS2-GGA2.5-Zn(II) 10mg-L-30082024-Q=50.16mL-phút-3
5361,GGA2.5-Zn-10,379.204,3614,331.2,48.004,U180-H3-VS2-28.08.2024,U180-H3-VS2-GGA2.5-Zn(II) 10mg-L-30082024-Q=50.16mL-phút-3
5362,GGA2.5-Zn-10,379.476,4087,334.4,45.076,U180-H3-VS2-28.08.2024,U180-H3-VS2-GGA2.5-Zn(II) 10mg-L-30082024-Q=50.16mL-phút-3
5363,GGA2.5-Zn-10,377.7346,4562,336.5,41.23463,U180-H3-VS2-28.08.2024,U180-H3-VS2-GGA2.5-Zn(II) 10mg-L-30082024-Q=50.16mL-phút-3
5364,GGA2.5-Zn-10,376.724,5035,334.5,42.22399,U180-H3-VS2-28.08.2024,U180-H3-VS2-GGA2.5-Zn(II) 10mg-L-30082024-Q=50.16mL-phút-3
5365,GGA2.5-Zn-10,375.4577,5508,334.7,40.75771,U180-H3-VS2-28.08.2024,U180-H3-VS2-GGA2.5-Zn(II) 10mg-L-30082024-Q=50.16mL-phút-3
5366,GGA2.5-Zn-10,375.4923,5980,335.0,40.4923,U180-H3-VS2-28.08.2024,U180-H3-VS2-GGA2.5-Zn(II) 10mg-L-30082024-Q=50.16mL-phút-3
5367,GGA2.5-Zn-10,375.532,6457,337.6,37.93201,U180-H3-VS2-28.08.2024,U180-H3-VS2-GGA2.5-Zn(II) 10mg-L-30082024-Q=50.16mL-phút-3
5368,GGA2.5-Zn-10,374.5077,6929,335.2,39.30768,U180-H3-VS2-28.08.2024,U180-H3-VS2-GGA2.5-Zn(II) 10mg-L-30082024-Q=50.16mL-phút-3
5369,GGA2.5-Zn-10,375.5308,7402,335.2,40.33076,U180-H3-VS2-28.08.2024,U180-H3-VS2-GGA2.5-Zn(II) 10mg-L-30082024-Q=50.16mL-phút-3
5370,GGA2.5-Zn-10,373.828,7876,334.7,39.12801,U180-H3-VS2-28.08.2024,U180-H3-VS2-GGA2.5-Zn(II) 10mg-L-30082024-Q=50.16mL-phút-3
5371,GGA17.5,278.9704,301,257.56,21.4104,U179-H1-VS2-28.08.2024,U179-H1-VS2-GGA17.5-Cr(VI) 5mg-L-30082024-Q=50.18mL-phút-5
5372,GGA17.5,278.9896,776,256.26,22.72959,U179-H1-VS2-28.08.2024,U179-H1-VS2-GGA17.5-Cr(VI) 5mg-L-30082024-Q=50.18mL-phút-5
5373,GGA17.5,278.8177,1250,257.85,20.96769,U179-H1-VS2-28.08.2024,U179-H1-VS2-GGA17.5-Cr(VI) 5mg-L-30082024-Q=50.18mL-phút-5
5374,GGA17.5,279.0044,1723,257.58,21.42441,U179-H1-VS2-28.08.2024,U179-H1-VS2-GGA17.5-Cr(VI) 5mg-L-30082024-Q=50.18mL-phút-5
5375,GGA17.5,278.3972,2197,254.82,23.57719,U179-H1-VS2-28.08.2024,U179-H1-VS2-GGA17.5-Cr(VI) 5mg-L-30082024-Q=50.18mL-phút-5
5376,GGA17.5,278.275,2671,254.67,23.605,U179-H1-VS2-28.08.2024,U179-H1-VS2-GGA17.5-Cr(VI) 5mg-L-30082024-Q=50.18mL-phút-5
5377,GGA17.5,278.254,3143,255.68,22.57401,U179-H1-VS2-28.08.2024,U179-H1-VS2-GGA17.5-Cr(VI) 5mg-L-30082024-Q=50.18mL-phút-5
5378,GGA17.5,278.092,3616,254.21,23.88199,U179-H1-VS2-28.08.2024,U179-H1-VS2-GGA17.5-Cr(VI) 5mg-L-30082024-Q=50.18mL-phút-5
5379,GGA17.5-Cr-5,278.4056,4093,254.26,24.14561,U179-H1-VS2-28.08.2024,U179-H1-VS2-GGA17.5-Cr(VI) 5mg-L-30082024-Q=50.18mL-phút-5
5380,GGA17.5-Cr-5,278.1992,4566,257.81,20.3892,U179-H1-VS2-28.08.2024,U179-H1-VS2-GGA17.5-Cr(VI) 5mg-L-30082024-Q=50.18mL-phút-5
5381,GGA17.5-Cr-5,278.88,5040,257.54,21.33999,U179-H1-VS2-28.08.2024,U179-H1-VS2-GGA17.5-Cr(VI) 5mg-L-30082024-Q=50.18mL-phút-5
5382,GGA17.5-Cr-5,278.6568,5512,257.85,20.80679,U179-H1-VS2-28.08.2024,U179-H1-VS2-GGA17.5-Cr(VI) 5mg-L-30082024-Q=50.18mL-phút-5
5383,GGA17.5-Cr-5,278.3956,5987,258.15,20.24565,U179-H1-VS2-28.08.2024,U179-H1-VS2-GGA17.5-Cr(VI) 5mg-L-30082024-Q=50.18mL-phút-5
5384,GGA17.5-Cr-5,278.0541,6460,258.86,19.19411,U179-H1-VS2-28.08.2024,U179-H1-VS2-GGA17.5-Cr(VI) 5mg-L-30082024-Q=50.18mL-phút-5
5385,GGA17.5-Cr-5,278.2608,6934,257.56,20.70077,U179-H1-VS2-28.08.2024,U179-H1-VS2-GGA17.5-Cr(VI) 5mg-L-30082024-Q=50.18mL-phút-5
5386,GGA17.5-Cr-5,277.5844,7409,257.79,19.79435,U179-H1-VS2-28.08.2024,U179-H1-VS2-GGA17.5-Cr(VI) 5mg-L-30082024-Q=50.18mL-phút-5
5387,GGA2.5,276.7364,301,259.78,16.95641,U179-H1-VS2-28.08.2024,U179-H1-VS2-GGA2.5-Zn(II) 10mg-L-30082024-Q=50.08mL-phút-3
5388,GGA2.5,276.5085,775,260.01,16.49845,U179-H1-VS2-28.08.2024,U179-H1-VS2-GGA2.5-Zn(II) 10mg-L-30082024-Q=50.08mL-phút-3
5389,GGA2.5,276.6497,1248,259.5,17.14974,U179-H1-VS2-28.08.2024,U179-H1-VS2-GGA2.5-Zn(II) 10mg-L-30082024-Q=50.08mL-phút-3
5390,GGA2.5,276.5638,1721,259.59,16.97384,U179-H1-VS2-28.08.2024,U179-H1-VS2-GGA2.5-Zn(II) 10mg-L-30082024-Q=50.08mL-phút-3
5391,GGA2.5,276.7946,2193,260.09,16.70461,U179-H1-VS2-28.08.2024,U179-H1-VS2-GGA2.5-Zn(II) 10mg-L-30082024-Q=50.08mL-phút-3
5392,GGA2.5,276.7464,2668,258.94,17.80641,U179-H1-VS2-28.08.2024,U179-H1-VS2-GGA2.5-Zn(II) 10mg-L-30082024-Q=50.08mL-phút-3
5393,GGA2.5-Zn-10,277.1574,3142,260.19,16.96743,U179-H1-VS2-28.08.2024,U179-H1-VS2-GGA2.5-Zn(II) 10mg-L-30082024-Q=50.08mL-phút-3
5394,GGA2.5-Zn-10,276.8823,3612,263.14,13.7423,U179-H1-VS2-28.08.2024,U179-H1-VS2-GGA2.5-Zn(II) 10mg-L-30082024-Q=50.08mL-phút-3
5395,GGA2.5-Zn-10,277.0068,4088,263.46,13.54677,U179-H1-VS2-28.08.2024,U179-H1-VS2-GGA2.5-Zn(II) 10mg-L-30082024-Q=50.08mL-phút-3
5396,GGA2.5-Zn-10,277.2386,4562,264.69,12.54857,U179-H1-VS2-28.08.2024,U179-H1-VS2-GGA2.5-Zn(II) 10mg-L-30082024-Q=50.08mL-phút-3
5397,GGA2.5-Zn-10,277.1077,5035,263.96,13.14773,U179-H1-VS2-28.08.2024,U179-H1-VS2-GGA2.5-Zn(II) 10mg-L-30082024-Q=50.08mL-phút-3
5398,GGA2.5-Zn-10,276.8237,5508,263.9,12.92372,U179-H1-VS2-28.08.2024,U179-H1-VS2-GGA2.5-Zn(II) 10mg-L-30082024-Q=50.08mL-phút-3
5399,GGA2.5-Zn-10,276.7897,5980,264.63,12.15971,U179-H1-VS2-28.08.2024,U179-H1-VS2-GGA2.5-Zn(II) 10mg-L-30082024-Q=50.08mL-phút-3
5400,GGA2.5-Zn-10,276.5418,6454,264.73,11.81175,U179-H1-VS2-28.08.2024,U179-H1-VS2-GGA2.5-Zn(II) 10mg-L-30082024-Q=50.08mL-phút-3
5401,GGA2.5-Zn-10,276.746,6929,264.75,11.996,U179-H1-VS2-28.08.2024,U179-H1-VS2-GGA2.5-Zn(II) 10mg-L-30082024-Q=50.08mL-phút-3
5402,GGA2.5-Zn-10,277.3686,7400,265.32,12.04856,U179-H1-VS2-28.08.2024,U179-H1-VS2-GGA2.5-Zn(II) 10mg-L-30082024-Q=50.08mL-phút-3
