,Loại,Doin (mV),No.peak,DOmin (mV),DDO (mV),Tên sheet,Tên mẫu
0,BOD15,260.6018,301,256.62,3.98176,N4-25.03.2024,27032024-BOD-15-10-Q=49.66mL/phút-1
1,BOD15,260.3979,775,256.39001,4.00793,N4-25.03.2024,27032024-BOD-15-10-Q=49.66mL/phút-1
2,BOD15,260.1353,1247,256.41,3.72529,N4-25.03.2024,27032024-BOD-15-10-Q=49.66mL/phút-1
3,BOD15,260.2894,1722,256.22,4.06941,N4-25.03.2024,27032024-BOD-15-10-Q=49.66mL/phút-1
4,BOD15,260.1271,2194,256.29999,3.82707,N4-25.03.2024,27032024-BOD-15-10-Q=49.66mL/phút-1
5,BOD15,259.8459,2666,255.74001,4.10587,N4-25.03.2024,27032024-BOD-15-10-Q=49.66mL/phút-1
6,BOD15,259.4615,3140,255.50999,3.95148,N4-25.03.2024,27032024-BOD-15-10-Q=49.66mL/phút-1
7,BOD10,258.8894,3617,255.24001,3.6494,N4-25.03.2024,27032024-BOD-15-10-Q=49.66mL/phút-1
8,BOD10,258.4747,4090,255.14999,3.32471,N4-25.03.2024,27032024-BOD-15-10-Q=49.66mL/phút-1
9,BOD10,258.7024,4558,255.74001,2.96239,N4-25.03.2024,27032024-BOD-15-10-Q=49.66mL/phút-1
10,BOD10,259.109,5030,255.8,3.30903,N4-25.03.2024,27032024-BOD-15-10-Q=49.66mL/phút-1
11,BOD10,258.9728,5505,255.87,3.10278,N4-25.03.2024,27032024-BOD-15-10-Q=49.66mL/phút-1
12,BOD10,258.8459,5980,255.55,3.29594,N4-25.03.2024,27032024-BOD-15-10-Q=49.66mL/phút-1
13,BOD10,258.6695,6452,255.67999,2.98947,N4-25.03.2024,27032024-BOD-15-10-Q=49.66mL/phút-1
14,BOD10,258.6265,6925,255.55,3.07649,N4-25.03.2024,27032024-BOD-15-10-Q=49.66mL/phút-1
15,BOD10,258.57,7401,254.95,3.61999,N4-25.03.2024,27032024-BOD-15-10-Q=49.66mL/phút-1
16,BOD10,257.9229,7877,254.25999,3.66293,N4-25.03.2024,27032024-BOD-15-10-Q=49.66mL/phút-1
17,BOD10,258.9728,301,255.87,3.10278,N4-25.03.2024,27032024-BOD-10-5-Q=50.45mL/phút-1
18,BOD10,258.8459,776,255.55,3.29594,N4-25.03.2024,27032024-BOD-10-5-Q=50.45mL/phút-1
19,BOD10,258.6695,1248,255.67999,2.98947,N4-25.03.2024,27032024-BOD-10-5-Q=50.45mL/phút-1
20,BOD10,258.6265,1721,255.55,3.07649,N4-25.03.2024,27032024-BOD-10-5-Q=50.45mL/phút-1
21,BOD10,258.57,2197,254.95,3.61999,N4-25.03.2024,27032024-BOD-10-5-Q=50.45mL/phút-1
22,BOD10,257.9229,2673,254.25999,3.66293,N4-25.03.2024,27032024-BOD-10-5-Q=50.45mL/phút-1
23,BOD10,256.8814,3143,253.5,3.38143,N4-25.03.2024,27032024-BOD-10-5-Q=50.45mL/phút-1
24,BOD10,256.5239,3618,253.08,3.44388,N4-25.03.2024,27032024-BOD-10-5-Q=50.45mL/phút-1
25,BOD5,257.1023,4088,253.31,3.79229,N4-25.03.2024,27032024-BOD-10-5-Q=50.45mL/phút-1
26,BOD5,256.9808,4564,253.64999,3.3308,N4-25.03.2024,27032024-BOD-10-5-Q=50.45mL/phút-1
27,BOD5,256.7372,5038,253.08,3.65718,N4-25.03.2024,27032024-BOD-10-5-Q=50.45mL/phút-1
28,BOD5,256.2184,5512,253.03999,3.17843,N4-25.03.2024,27032024-BOD-10-5-Q=50.45mL/phút-1
29,BOD5,256.134,5983,253.25,2.88395,N4-25.03.2024,27032024-BOD-10-5-Q=50.45mL/phút-1
30,BOD5,255.7542,6455,252.81,2.94421,N4-25.03.2024,27032024-BOD-10-5-Q=50.45mL/phút-1
31,BOD5,255.5911,6929,252.75,2.84105,N4-25.03.2024,27032024-BOD-10-5-Q=50.45mL/phút-1
32,BOD5,255.575,7402,252.85001,2.72499,N4-25.03.2024,27032024-BOD-10-5-Q=50.45mL/phút-1
33,BOD5,255.5111,7877,252.78999,2.72106,N4-25.03.2024,27032024-BOD-10-5-Q=50.45mL/phút-1
34,BOD5,255.5668,8349,252.81,2.75684,N4-25.03.2024,27032024-BOD-10-5-Q=50.45mL/phút-1
35,BOD5,255.5547,8824,253.02,2.53474,N4-25.03.2024,27032024-BOD-10-5-Q=50.45mL/phút-1
36,BOD10,278.22639,301,273.98,4.246389999999963,N4-25.03.2024,29032024-BOD-10-5-Q=50.81mL/phút-2
37,BOD10,278.22972,773,273.98,4.249719999999968,N4-25.03.2024,29032024-BOD-10-5-Q=50.81mL/phút-2
38,BOD10,278.11757,1247,273.81,4.307569999999998,N4-25.03.2024,29032024-BOD-10-5-Q=50.81mL/phút-2
39,BOD10,278.07405,1719,273.35,4.724049999999977,N4-25.03.2024,29032024-BOD-10-5-Q=50.81mL/phút-2
40,BOD10,277.99111,2192,273.62,4.371109999999987,N4-25.03.2024,29032024-BOD-10-5-Q=50.81mL/phút-2
41,BOD10,278.11944,2666,274.07,4.049440000000004,N4-25.03.2024,29032024-BOD-10-5-Q=50.81mL/phút-2
42,BOD10,278.29055,3139,273.6,4.690549999999973,N4-25.03.2024,29032024-BOD-10-5-Q=50.81mL/phút-2
43,BOD10,278.14139,3611,273.79,4.351389999999981,N4-25.03.2024,29032024-BOD-10-5-Q=50.81mL/phút-2
44,BOD5,276.745,4086,272.04,4.704999999999984,N4-25.03.2024,29032024-BOD-10-5-Q=50.81mL/phút-2
45,BOD5,277.28722,4559,272.6,4.687219999999968,N4-25.03.2024,29032024-BOD-10-5-Q=50.81mL/phút-2
46,BOD5,277.38621,5033,273.07,4.316210000000012,N4-25.03.2024,29032024-BOD-10-5-Q=50.81mL/phút-2
47,BOD5,277.365,5505,273.41,3.954999999999984,N4-25.03.2024,29032024-BOD-10-5-Q=50.81mL/phút-2
48,BOD5,277.38694,5979,273.37,4.016939999999977,N4-25.03.2024,29032024-BOD-10-5-Q=50.81mL/phút-2
49,BOD5,277.67639,6451,273.82,3.856390000000033,N4-25.03.2024,29032024-BOD-10-5-Q=50.81mL/phút-2
50,BOD5,277.84139,6926,273.98,3.8613899999999717,N4-25.03.2024,29032024-BOD-10-5-Q=50.81mL/phút-2
51,BOD5,278.00306,7399,274.01,3.993060000000014,N4-25.03.2024,29032024-BOD-10-5-Q=50.81mL/phút-2
52,BOD5,278.09306,7873,274.2,3.8930599999999913,N4-25.03.2024,29032024-BOD-10-5-Q=50.81mL/phút-2
53,BOD5,278.06972,8345,274.29,3.7797199999999975,N4-25.03.2024,29032024-BOD-10-5-Q=50.81mL/phút-2
54,BOD5,277.87162,8822,274.06,3.811620000000005,N4-25.03.2024,29032024-BOD-10-5-Q=50.81mL/phút-2
55,BOD5,277.67352,9292,274.25,3.4235199999999963,N4-25.03.2024,29032024-BOD-10-5-Q=50.81mL/phút-2
56,BOD5,277.67639,301,273.82,3.856390000000033,N4-25.03.2024,29032024-BOD-5-0-Q=50.19mL/phút-1
57,BOD5,277.84139,776,273.98,3.8613899999999717,N4-25.03.2024,29032024-BOD-5-0-Q=50.19mL/phút-1
58,BOD5,278.00306,1249,274.01,3.993060000000014,N4-25.03.2024,29032024-BOD-5-0-Q=50.19mL/phút-1
59,BOD5,278.09306,1724,274.27,3.823059999999998,N4-25.03.2024,29032024-BOD-5-0-Q=50.19mL/phút-1
60,BOD5,278.06972,2195,274.29,3.7797199999999975,N4-25.03.2024,29032024-BOD-5-0-Q=50.19mL/phút-1
61,BOD5,277.87162,2671,274.06,3.811620000000005,N4-25.03.2024,29032024-BOD-5-0-Q=50.19mL/phút-1
62,BOD5,277.67352,3142,274.25,3.4235199999999963,N4-25.03.2024,29032024-BOD-5-0-Q=50.19mL/phút-1
63,BOD0,278.088,3617,274.29,3.798000000000002,N4-25.03.2024,29032024-BOD-5-0-Q=50.19mL/phút-1
64,BOD0,278.20483,4090,275.5,2.7048300000000154,N4-25.03.2024,29032024-BOD-5-0-Q=50.19mL/phút-1
65,BOD0,278.52793,4564,275.64,2.88793000000004,N4-25.03.2024,29032024-BOD-5-0-Q=50.19mL/phút-1
66,BOD0,278.53138,5036,276.17,2.361379999999997,N4-25.03.2024,29032024-BOD-5-0-Q=50.19mL/phút-1
67,BOD0,278.62035,5510,276.42,2.2003499999999576,N4-25.03.2024,29032024-BOD-5-0-Q=50.19mL/phút-1
68,BOD0,278.70267,5985,276.39,2.3126700000000255,N4-25.03.2024,29032024-BOD-5-0-Q=50.19mL/phút-1
69,BOD0,278.81066,6458,276.67,2.1406599999999685,N4-25.03.2024,29032024-BOD-5-0-Q=50.19mL/phút-1
70,BOD0,278.99448,6931,276.72,2.2744799999999827,N4-25.03.2024,29032024-BOD-5-0-Q=50.19mL/phút-1
71,BOD15,285.52577,299,279.62,5.90577,N4-25.03.2024,01042024-BOD-15-10-Q=49.88mL/phút-2
72,BOD15,285.44654,774,279.48,5.96654,N4-25.03.2024,01042024-BOD-15-10-Q=49.88mL/phút-2
73,BOD15,285.06137,1248,279.41,5.65137,N4-25.03.2024,01042024-BOD-15-10-Q=49.88mL/phút-2
74,BOD15,284.82581,1721,279.07,5.75581,N4-25.03.2024,01042024-BOD-15-10-Q=49.88mL/phút-2
75,BOD15,285.45226,2195,279.35,6.10226,N4-25.03.2024,01042024-BOD-15-10-Q=49.88mL/phút-2
76,BOD15,285.51769,2666,279.45,6.06769,N4-25.03.2024,01042024-BOD-15-10-Q=49.88mL/phút-2
77,BOD15,285.36846,3140,279.41,5.95846,N4-25.03.2024,01042024-BOD-15-10-Q=49.88mL/phút-2
78,BOD15,285.45231,3613,279.41,6.04231,N4-25.03.2024,01042024-BOD-15-10-Q=49.88mL/phút-2
79,BOD10,284.63611,4086,278.6,6.03611,N4-25.03.2024,01042024-BOD-15-10-Q=49.88mL/phút-2
80,BOD10,284.60962,4561,278.62,5.98962,N4-25.03.2024,01042024-BOD-15-10-Q=49.88mL/phút-2
81,BOD10,284.70696,5033,278.62,6.08696,N4-25.03.2024,01042024-BOD-15-10-Q=49.88mL/phút-2
82,BOD10,284.12572,5507,278.76,5.36572,N4-25.03.2024,01042024-BOD-15-10-Q=49.88mL/phút-2
83,BOD10,284.22231,5982,278.37,5.85231,N4-25.03.2024,01042024-BOD-15-10-Q=49.88mL/phút-2
84,BOD10,284.16576,6454,278.76,5.40576,N4-25.03.2024,01042024-BOD-15-10-Q=49.88mL/phút-2
85,BOD10,284.03333,6928,278.42,5.61333,N4-25.03.2024,01042024-BOD-15-10-Q=49.88mL/phút-2
86,BOD10,283.85039,7401,278.37,5.48039,N4-25.03.2024,01042024-BOD-15-10-Q=49.88mL/phút-2
87,BOD10,283.47692,7874,278.51,4.96692,N4-25.03.2024,01042024-BOD-15-10-Q=49.88mL/phút-2
88,BOD10,283.09261,8347,278.14,4.95261,N4-25.03.2024,01042024-BOD-15-10-Q=49.88mL/phút-2
89,BOD10,283.38704,8820,278.62,4.76704,N4-25.03.2024,01042024-BOD-15-10-Q=49.88mL/phút-2
90,BOD10,284.12572,301,278.76,5.36572000000001,N4-25.03.2024,01042024-BOD-10-5-Q=49.81mL/phút-3
91,BOD10,284.22231,777,278.37,5.852309999999989,N4-25.03.2024,01042024-BOD-10-5-Q=49.81mL/phút-3
92,BOD10,284.16576,1249,278.76,5.405759999999987,N4-25.03.2024,01042024-BOD-10-5-Q=49.81mL/phút-3
93,BOD10,284.03333,1723,278.48,5.55332999999996,N4-25.03.2024,01042024-BOD-10-5-Q=49.81mL/phút-3
94,BOD10,283.85039,2196,278.37,5.48039,N4-25.03.2024,01042024-BOD-10-5-Q=49.81mL/phút-3
95,BOD10,283.47692,2669,278.51,4.966920000000016,N4-25.03.2024,01042024-BOD-10-5-Q=49.81mL/phút-3
96,BOD10,283.09261,3142,278.14,4.952609999999993,N4-25.03.2024,01042024-BOD-10-5-Q=49.81mL/phút-3
97,BOD10,283.38704,3617,278.62,4.767040000000009,N4-25.03.2024,01042024-BOD-10-5-Q=49.81mL/phút-3
98,BOD5,282.99923,4089,277.29,5.709229999999991,N4-25.03.2024,01042024-BOD-10-5-Q=49.81mL/phút-3
99,BOD5,282.43708,4562,277.28,5.157080000000008,N4-25.03.2024,01042024-BOD-10-5-Q=49.81mL/phút-3
100,BOD5,282.93826,5036,277.72,5.218259999999987,N4-25.03.2024,01042024-BOD-10-5-Q=49.81mL/phút-3
101,BOD5,282.97208,5510,278.54,4.432079999999985,N4-25.03.2024,01042024-BOD-10-5-Q=49.81mL/phút-3
102,BOD5,283.23613,5984,278.16,5.076129999999978,N4-25.03.2024,01042024-BOD-10-5-Q=49.81mL/phút-3
103,BOD5,283.11719,6456,278.04,5.077189999999973,N4-25.03.2024,01042024-BOD-10-5-Q=49.81mL/phút-3
104,BOD5,283.04581,6929,278.62,4.425810000000013,N4-25.03.2024,01042024-BOD-10-5-Q=49.81mL/phút-3
105,BOD5,282.95156,7403,277.57,5.381559999999979,N4-25.03.2024,01042024-BOD-10-5-Q=49.81mL/phút-3
106,BOD5,282.98355,7877,278.26,4.723549999999989,N4-25.03.2024,01042024-BOD-10-5-Q=49.81mL/phút-3
107,BOD5,282.84032,8351,278.16,4.680319999999995,N4-25.03.2024,01042024-BOD-10-5-Q=49.81mL/phút-3
108,BOD5,282.71316,8823,277.59,5.123160000000041,N4-25.03.2024,01042024-BOD-10-5-Q=49.81mL/phút-3
109,BOD5,282.56973,9295,277.73,4.8397299999999746,N4-25.03.2024,01042024-BOD-10-5-Q=49.81mL/phút-3
110,BOD5,283.2361,301,278.16,5.07613,N4-25.03.2024,01042024-BOD-5-0-Q49.99=mL/phút-2
111,BOD5,283.0468,773,278.04,5.00679,N4-25.03.2024,01042024-BOD-5-0-Q49.99=mL/phút-2
112,BOD5,283.1172,1246,278.62,4.49719,N4-25.03.2024,01042024-BOD-5-0-Q49.99=mL/phút-2
113,BOD5,283.0458,1720,278.57,4.47581,N4-25.03.2024,01042024-BOD-5-0-Q49.99=mL/phút-2
114,BOD5,282.9516,2196,278.26,4.69156,N4-25.03.2024,01042024-BOD-5-0-Q49.99=mL/phút-2
115,BOD5,282.9836,2668,278.17,4.81355,N4-25.03.2024,01042024-BOD-5-0-Q49.99=mL/phút-2
116,BOD5,282.8403,3140,277.59,5.25032,N4-25.03.2024,01042024-BOD-5-0-Q49.99=mL/phút-2
117,BOD5,282.7132,3612,277.73,4.98316,N4-25.03.2024,01042024-BOD-5-0-Q49.99=mL/phút-2
118,BOD0,282.7055,4086,278.35,4.35552,N4-25.03.2024,01042024-BOD-5-0-Q49.99=mL/phút-2
119,BOD0,282.8474,4559,279.32,3.52743,N4-25.03.2024,01042024-BOD-5-0-Q49.99=mL/phút-2
120,BOD0,283.1442,5032,279.35,3.79421,N4-25.03.2024,01042024-BOD-5-0-Q49.99=mL/phút-2
121,BOD0,283.2195,5506,279.81,3.40948,N4-25.03.2024,01042024-BOD-5-0-Q49.99=mL/phút-2
122,BOD0,283.4616,5980,279.87,3.59158,N4-25.03.2024,01042024-BOD-5-0-Q49.99=mL/phút-2
123,BOD0,283.4105,6454,279.98,3.43053,N4-25.03.2024,01042024-BOD-5-0-Q49.99=mL/phút-2
124,BOD0,283.4436,6927,280.2,3.24359,N4-25.03.2024,01042024-BOD-5-0-Q49.99=mL/phút-2
125,BOD0,283.089,7399,280.1,2.98895,N4-25.03.2024,01042024-BOD-5-0-Q49.99=mL/phút-2
126,BOD0,283.224,7871,279.81,3.41395,N4-25.03.2024,01042024-BOD-5-0-Q49.99=mL/phút-2
127,BOD20,286.705,5946,276.14,10.564999999999998,U1-26.03.2024,02042024-BOD-20-15-Q=49.83mL/phút-1
128,BOD20,286.60393,6419,275.94,10.663929999999993,U1-26.03.2024,02042024-BOD-20-15-Q=49.83mL/phút-1
129,BOD20,286.74607,6893,275.39,11.356069999999988,U1-26.03.2024,02042024-BOD-20-15-Q=49.83mL/phút-1
130,BOD20,286.74643,7366,275.84,10.90643,U1-26.03.2024,02042024-BOD-20-15-Q=49.83mL/phút-1
131,BOD20,286.62786,7840,275.89,10.737860000000012,U1-26.03.2024,02042024-BOD-20-15-Q=49.83mL/phút-1
132,BOD20,286.71241,8313,275.85,10.862409999999954,U1-26.03.2024,02042024-BOD-20-15-Q=49.83mL/phút-1
133,BOD20,286.37042,8787,275.14,11.230420000000038,U1-26.03.2024,02042024-BOD-20-15-Q=49.83mL/phút-1
134,BOD20,286.60292,9260,275.39,11.212919999999997,U1-26.03.2024,02042024-BOD-20-15-Q=49.83mL/phút-1
135,BOD20,286.55304,9734,275.23,11.323039999999992,U1-26.03.2024,02042024-BOD-20-15-Q=49.83mL/phút-1
136,BOD15,285.60792,10207,275.07,10.537919999999986,U1-26.03.2024,02042024-BOD-20-15-Q=49.83mL/phút-1
137,BOD15,285.02739,10678,275.63,9.39739000000003,U1-26.03.2024,02042024-BOD-20-15-Q=49.83mL/phút-1
138,BOD15,284.88131,11152,275.7,9.181309999999996,U1-26.03.2024,02042024-BOD-20-15-Q=49.83mL/phút-1
139,BOD15,284.92348,11625,274.94,9.983479999999986,U1-26.03.2024,02042024-BOD-20-15-Q=49.83mL/phút-1
140,BOD15,284.73305,12099,275.57,9.163049999999998,U1-26.03.2024,02042024-BOD-20-15-Q=49.83mL/phút-1
141,BOD15,284.74305,12573,275.2,9.543049999999994,U1-26.03.2024,02042024-BOD-20-15-Q=49.83mL/phút-1
142,BOD15,284.41435,13045,275.04,9.374349999999993,U1-26.03.2024,02042024-BOD-20-15-Q=49.83mL/phút-1
143,BOD15,284.02913,13519,274.95,9.07913000000002,U1-26.03.2024,02042024-BOD-20-15-Q=49.83mL/phút-1
144,BOD15,284.12036,13992,274.54,9.580359999999985,U1-26.03.2024,02042024-BOD-20-15-Q=49.83mL/phút-1
145,BOD15,283.89179,14466,274.76,9.131790000000024,U1-26.03.2024,02042024-BOD-20-15-Q=49.83mL/phút-1
146,BOD15,284.88131,301,275.7,9.18131,U1-26.03.2024,02042024-BOD-15-10-Q=49.81mL/phút-3
147,BOD15,284.92348,774,274.94,9.98348,U1-26.03.2024,02042024-BOD-15-10-Q=49.81mL/phút-3
148,BOD15,284.73305,1248,275.57,9.16305,U1-26.03.2024,02042024-BOD-15-10-Q=49.81mL/phút-3
149,BOD15,284.74305,1722,275.2,9.54305,U1-26.03.2024,02042024-BOD-15-10-Q=49.81mL/phút-3
150,BOD15,284.41435,2194,275.04,9.37435,U1-26.03.2024,02042024-BOD-15-10-Q=49.81mL/phút-3
151,BOD15,284.02913,2668,274.95,9.07913,U1-26.03.2024,02042024-BOD-15-10-Q=49.81mL/phút-3
152,BOD15,284.12036,3141,274.54,9.58036,U1-26.03.2024,02042024-BOD-15-10-Q=49.81mL/phút-3
153,BOD15,283.89179,3615,274.76,9.13179,U1-26.03.2024,02042024-BOD-15-10-Q=49.81mL/phút-3
154,BOD10,283.5125,4090,275.42,8.0925,U1-26.03.2024,02042024-BOD-15-10-Q=49.81mL/phút-3
155,BOD10,283.40108,4562,275.94,7.46108,U1-26.03.2024,02042024-BOD-15-10-Q=49.81mL/phút-3
156,BOD10,283.34828,5033,275.84,7.50828,U1-26.03.2024,02042024-BOD-15-10-Q=49.81mL/phút-3
157,BOD10,283.27464,5508,275.57,7.70464,U1-26.03.2024,02042024-BOD-15-10-Q=49.81mL/phút-3
158,BOD10,283.24679,5980,275.48,7.76679,U1-26.03.2024,02042024-BOD-15-10-Q=49.81mL/phút-3
159,BOD10,283.46072,6455,276.03,7.43072,U1-26.03.2024,02042024-BOD-15-10-Q=49.81mL/phút-3
160,BOD10,283.30322,6927,275.7,7.60322,U1-26.03.2024,02042024-BOD-15-10-Q=49.81mL/phút-3
161,BOD10,283.30357,7401,275.39,7.91357,U1-26.03.2024,02042024-BOD-15-10-Q=49.81mL/phút-3
162,BOD10,283.26643,7874,275.54,7.72643,U1-26.03.2024,02042024-BOD-15-10-Q=49.81mL/phút-3
163,BOD10,283.27464,301,275.57,7.7046399999999835,U1-26.03.2024,02042024-BOD-10-5-Q=49.74mL/phút-4
164,BOD10,283.24679,773,275.48,7.766789999999958,U1-26.03.2024,02042024-BOD-10-5-Q=49.74mL/phút-4
165,BOD10,283.46072,1248,276.03,7.430720000000008,U1-26.03.2024,02042024-BOD-10-5-Q=49.74mL/phút-4
166,BOD10,283.30322,1720,275.7,7.603220000000022,U1-26.03.2024,02042024-BOD-10-5-Q=49.74mL/phút-4
167,BOD10,283.30357,2194,275.39,7.913569999999993,U1-26.03.2024,02042024-BOD-10-5-Q=49.74mL/phút-4
168,BOD10,283.26643,2667,275.54,7.7264299999999935,U1-26.03.2024,02042024-BOD-10-5-Q=49.74mL/phút-4
169,BOD10,283.36143,3140,275.6,7.761429999999962,U1-26.03.2024,02042024-BOD-10-5-Q=49.74mL/phút-4
170,BOD10,283.66857,3613,275.98,7.68856999999997,U1-26.03.2024,02042024-BOD-10-5-Q=49.74mL/phút-4
171,BOD5,282.81357,4087,276.79,6.0235700000000065,U1-26.03.2024,02042024-BOD-10-5-Q=49.74mL/phút-4
172,BOD5,283.18072,4560,277.28,5.900720000000035,U1-26.03.2024,02042024-BOD-10-5-Q=49.74mL/phút-4
173,BOD5,283.13536,5035,277.39,5.745360000000005,U1-26.03.2024,02042024-BOD-10-5-Q=49.74mL/phút-4
174,BOD5,283.15858,5507,277.09,6.068579999999997,U1-26.03.2024,02042024-BOD-10-5-Q=49.74mL/phút-4
175,BOD5,282.94536,5981,277.07,5.875360000000001,U1-26.03.2024,02042024-BOD-10-5-Q=49.74mL/phút-4
176,BOD5,283.1925,6453,277.51,5.6825000000000045,U1-26.03.2024,02042024-BOD-10-5-Q=49.74mL/phút-4
177,BOD5,283.19035,6927,277.39,5.800350000000037,U1-26.03.2024,02042024-BOD-10-5-Q=49.74mL/phút-4
178,BOD5,283.2775,7400,277.54,5.7374999999999545,U1-26.03.2024,02042024-BOD-10-5-Q=49.74mL/phút-4
179,BOD5,283.24536,7873,277.87,5.375360000000001,U1-26.03.2024,02042024-BOD-10-5-Q=49.74mL/phút-4
180,BOD5,283.39965,8346,277.04,6.359649999999988,U1-26.03.2024,02042024-BOD-10-5-Q=49.74mL/phút-4
181,BOD5,283.58893,8820,278.04,5.548929999999984,U1-26.03.2024,02042024-BOD-10-5-Q=49.74mL/phút-4
182,BOD5,282.9454,301,277.07,5.87536,U1-26.03.2024,02042024-BOD-5-0-Q=50.01mL/phút-3
183,BOD5,283.1925,773,277.51,5.6825,U1-26.03.2024,02042024-BOD-5-0-Q=50.01mL/phút-3
184,BOD5,283.2775,1247,277.39,5.8875,U1-26.03.2024,02042024-BOD-5-0-Q=50.01mL/phút-3
185,BOD5,283.2454,1720,277.54,5.70536,U1-26.03.2024,02042024-BOD-5-0-Q=50.01mL/phút-3
186,BOD5,283.3997,2193,277.87,5.52965,U1-26.03.2024,02042024-BOD-5-0-Q=50.01mL/phút-3
187,BOD5,283.5889,2666,278.01,5.57893,U1-26.03.2024,02042024-BOD-5-0-Q=50.01mL/phút-3
188,BOD5,283.6629,3140,278.04,5.62286,U1-26.03.2024,02042024-BOD-5-0-Q=50.01mL/phút-3
189,BOD0,283.7814,3614,280.57,3.21143,U1-26.03.2024,02042024-BOD-5-0-Q=50.01mL/phút-3
190,BOD0,284.0918,4087,281.59,2.50179,U1-26.03.2024,02042024-BOD-5-0-Q=50.01mL/phút-3
191,BOD0,284.4132,4560,282.01,2.40322,U1-26.03.2024,02042024-BOD-5-0-Q=50.01mL/phút-3
192,BOD0,284.5555,5035,282.03,2.52552,U1-26.03.2024,02042024-BOD-5-0-Q=50.01mL/phút-3
193,BOD0,284.7968,5507,282.42,2.37679,U1-26.03.2024,02042024-BOD-5-0-Q=50.01mL/phút-3
194,BOD0,285.1214,5981,282.92,2.20143,U1-26.03.2024,02042024-BOD-5-0-Q=50.01mL/phút-3
195,BOD0,285.5164,6455,283.17,2.34643,U1-26.03.2024,02042024-BOD-5-0-Q=50.01mL/phút-3
196,BOD0,285.6193,6929,283.17,2.44929,U1-26.03.2024,02042024-BOD-5-0-Q=50.01mL/phút-3
197,BOD0,285.8881,7401,283.66,2.22806,U1-26.03.2024,02042024-BOD-5-0-Q=50.01mL/phút-3
198,BOD20,286.2564,301,276.13,10.12639,U1-26.03.2024,03042024-BOD-20-15-Q=50.46mL/phút-2
199,BOD20,286.2367,774,276.03,10.20667,U1-26.03.2024,03042024-BOD-20-15-Q=50.46mL/phút-2
200,BOD20,285.9256,1249,276.0,9.92556,U1-26.03.2024,03042024-BOD-20-15-Q=50.46mL/phút-2
201,BOD20,285.8047,1723,275.52,10.28473,U1-26.03.2024,03042024-BOD-20-15-Q=50.46mL/phút-2
202,BOD20,285.6386,2197,275.13,10.50861,U1-26.03.2024,03042024-BOD-20-15-Q=50.46mL/phút-2
203,BOD20,285.4853,2669,275.08,10.40529,U1-26.03.2024,03042024-BOD-20-15-Q=50.46mL/phút-2
204,BOD20,284.0442,3142,274.12,9.92417,U1-26.03.2024,03042024-BOD-20-15-Q=50.46mL/phút-2
205,BOD20,284.8024,3617,274.69,10.11243,U1-26.03.2024,03042024-BOD-20-15-Q=50.46mL/phút-2
206,BOD15,284.5856,4088,274.79,9.79555,U1-26.03.2024,03042024-BOD-20-15-Q=50.46mL/phút-2
207,BOD15,284.4286,4562,274.77,9.65862,U1-26.03.2024,03042024-BOD-20-15-Q=50.46mL/phút-2
208,BOD15,284.2944,5034,273.7,10.59443,U1-26.03.2024,03042024-BOD-20-15-Q=50.46mL/phút-2
209,BOD15,284.3394,5508,274.42,9.91943,U1-26.03.2024,03042024-BOD-20-15-Q=50.46mL/phút-2
210,BOD15,284.2022,5982,274.75,9.45222,U1-26.03.2024,03042024-BOD-20-15-Q=50.46mL/phút-2
211,BOD15,284.2261,6456,274.67,9.5561,U1-26.03.2024,03042024-BOD-20-15-Q=50.46mL/phút-2
212,BOD15,284.2142,6929,275.11,9.10418,U1-26.03.2024,03042024-BOD-20-15-Q=50.46mL/phút-2
213,BOD15,284.3906,7402,274.9,9.49057,U1-26.03.2024,03042024-BOD-20-15-Q=50.46mL/phút-2
214,BOD15,284.58556,301,274.79,9.795559999999966,U1-26.03.2024,03042024-BOD-15-10-Q=50.76mL/phút-4
215,BOD15,284.42861,775,274.76,9.668610000000001,U1-26.03.2024,03042024-BOD-15-10-Q=50.76mL/phút-4
216,BOD15,284.29444,1247,273.7,10.59444000000002,U1-26.03.2024,03042024-BOD-15-10-Q=50.76mL/phút-4
217,BOD15,284.33944,1721,274.42,9.919440000000009,U1-26.03.2024,03042024-BOD-15-10-Q=50.76mL/phút-4
218,BOD15,284.20222,2195,274.75,9.452220000000011,U1-26.03.2024,03042024-BOD-15-10-Q=50.76mL/phút-4
219,BOD15,284.22611,2669,274.67,9.55610999999999,U1-26.03.2024,03042024-BOD-15-10-Q=50.76mL/phút-4
220,BOD15,284.21417,3141,275.17,9.044170000000008,U1-26.03.2024,03042024-BOD-15-10-Q=50.76mL/phút-4
221,BOD15,284.39056,3615,274.89,9.500560000000007,U1-26.03.2024,03042024-BOD-15-10-Q=50.76mL/phút-4
222,BOD10,282.61194,4088,274.29,8.321939999999984,U1-26.03.2024,03042024-BOD-15-10-Q=50.76mL/phút-4
223,BOD10,284.00189,4560,276.34,7.661890000000028,U1-26.03.2024,03042024-BOD-15-10-Q=50.76mL/phút-4
224,BOD10,284.15556,5034,276.51,7.645559999999989,U1-26.03.2024,03042024-BOD-15-10-Q=50.76mL/phút-4
225,BOD10,284.13611,5508,276.95,7.186109999999985,U1-26.03.2024,03042024-BOD-15-10-Q=50.76mL/phút-4
226,BOD10,284.17167,5981,276.53,7.641670000000033,U1-26.03.2024,03042024-BOD-15-10-Q=50.76mL/phút-4
227,BOD10,283.88528,6454,277.07,6.81528000000003,U1-26.03.2024,03042024-BOD-15-10-Q=50.76mL/phút-4
228,BOD10,284.28555,6927,277.04,7.24554999999998,U1-26.03.2024,03042024-BOD-15-10-Q=50.76mL/phút-4
229,BOD10,284.38889,7400,277.42,6.968889999999988,U1-26.03.2024,03042024-BOD-15-10-Q=50.76mL/phút-4
230,BOD10,284.37889,7873,277.82,6.558890000000019,U1-26.03.2024,03042024-BOD-15-10-Q=50.76mL/phút-4
231,BOD10,284.74778,8346,278.03,6.717780000000005,U1-26.03.2024,03042024-BOD-15-10-Q=50.76mL/phút-4
232,BOD10,284.63111,8820,278.07,6.561109999999985,U1-26.03.2024,03042024-BOD-15-10-Q=50.76mL/phút-4
233,BOD10,284.13611,301,276.95,7.186109999999985,U1-26.03.2024,03042024-BOD-10-5-Q=50.41mL/phút-5
234,BOD10,284.17167,774,276.53,7.641670000000033,U1-26.03.2024,03042024-BOD-10-5-Q=50.41mL/phút-5
235,BOD10,283.88528,1247,277.07,6.81528000000003,U1-26.03.2024,03042024-BOD-10-5-Q=50.41mL/phút-5
236,BOD10,284.28555,1720,277.04,7.24554999999998,U1-26.03.2024,03042024-BOD-10-5-Q=50.41mL/phút-5
237,BOD10,284.38889,2193,277.42,6.968889999999988,U1-26.03.2024,03042024-BOD-10-5-Q=50.41mL/phút-5
238,BOD10,284.37889,2666,277.82,6.558890000000019,U1-26.03.2024,03042024-BOD-10-5-Q=50.41mL/phút-5
239,BOD10,284.74778,3139,278.03,6.717780000000005,U1-26.03.2024,03042024-BOD-10-5-Q=50.41mL/phút-5
240,BOD10,284.63111,3613,278.07,6.561109999999985,U1-26.03.2024,03042024-BOD-10-5-Q=50.41mL/phút-5
241,BOD5,283.39861,4059,277.49,5.90861000000001,U1-26.03.2024,03042024-BOD-10-5-Q=50.41mL/phút-5
242,BOD5,283.0725,4533,276.84,6.232500000000016,U1-26.03.2024,03042024-BOD-10-5-Q=50.41mL/phút-5
243,BOD5,283.00889,5006,276.85,6.158889999999985,U1-26.03.2024,03042024-BOD-10-5-Q=50.41mL/phút-5
244,BOD5,283.12528,5480,277.23,5.895279999999957,U1-26.03.2024,03042024-BOD-10-5-Q=50.41mL/phút-5
245,BOD5,282.98189,5953,277.22,5.761889999999994,U1-26.03.2024,03042024-BOD-10-5-Q=50.41mL/phút-5
246,BOD5,283.04833,6428,277.48,5.568330000000003,U1-26.03.2024,03042024-BOD-10-5-Q=50.41mL/phút-5
247,BOD5,283.07722,6900,277.29,5.787219999999991,U1-26.03.2024,03042024-BOD-10-5-Q=50.41mL/phút-5
248,BOD5,283.40917,7373,277.73,5.679169999999999,U1-26.03.2024,03042024-BOD-10-5-Q=50.41mL/phút-5
249,BOD5,283.45945,7845,278.1,5.359449999999981,U1-26.03.2024,03042024-BOD-10-5-Q=50.41mL/phút-5
250,BOD5,283.66028,8319,278.12,5.540279999999996,U1-26.03.2024,03042024-BOD-10-5-Q=50.41mL/phút-5
251,BOD5,283.87622,8792,278.67,5.206219999999973,U1-26.03.2024,03042024-BOD-10-5-Q=50.41mL/phút-5
252,BOD5,283.12528,301,277.23,5.895279999999957,U1-26.03.2024,03042024-BOD-5-0-Q=50.30mL/phút-4
253,BOD5,282.98189,774,277.22,5.761889999999994,U1-26.03.2024,03042024-BOD-5-0-Q=50.30mL/phút-4
254,BOD5,283.04833,1249,277.48,5.568330000000003,U1-26.03.2024,03042024-BOD-5-0-Q=50.30mL/phút-4
255,BOD5,283.07722,1721,277.29,5.787219999999991,U1-26.03.2024,03042024-BOD-5-0-Q=50.30mL/phút-4
256,BOD5,283.40917,2194,277.73,5.679169999999999,U1-26.03.2024,03042024-BOD-5-0-Q=50.30mL/phút-4
257,BOD5,283.45945,2666,278.1,5.359449999999981,U1-26.03.2024,03042024-BOD-5-0-Q=50.30mL/phút-4
258,BOD5,283.66028,3140,278.12,5.540279999999996,U1-26.03.2024,03042024-BOD-5-0-Q=50.30mL/phút-4
259,BOD5,283.87622,3613,278.67,5.206219999999973,U1-26.03.2024,03042024-BOD-5-0-Q=50.30mL/phút-4
260,BOD0,282.78611,4088,279.56,3.2261100000000056,U1-26.03.2024,03042024-BOD-5-0-Q=50.30mL/phút-4
261,BOD0,283.13222,4561,280.38,2.7522200000000225,U1-26.03.2024,03042024-BOD-5-0-Q=50.30mL/phút-4
262,BOD0,283.15584,5033,280.42,2.735839999999996,U1-26.03.2024,03042024-BOD-5-0-Q=50.30mL/phút-4
263,BOD0,283.38487,5506,280.76,2.624869999999987,U1-26.03.2024,03042024-BOD-5-0-Q=50.30mL/phút-4
264,BOD0,283.5854,5987,281.0,2.585399999999993,U1-26.03.2024,03042024-BOD-5-0-Q=50.30mL/phút-4
265,BOD0,283.75472,6456,281.1,2.6547199999999975,U1-26.03.2024,03042024-BOD-5-0-Q=50.30mL/phút-4
266,BOD0,284.13111,6928,281.78,2.3511100000000056,U1-26.03.2024,03042024-BOD-5-0-Q=50.30mL/phút-4
267,BOD0,284.00189,7403,281.53,2.4718900000000303,U1-26.03.2024,03042024-BOD-5-0-Q=50.30mL/phút-4
268,BOD12.5,280.40292,301,271.54,8.862919999999974,U1-26.03.2024,04042024-BOD-12.5-7.5-Q=49.9mL/phút-1
269,BOD12.5,280.29292,776,271.64,8.652919999999995,U1-26.03.2024,04042024-BOD-12.5-7.5-Q=49.9mL/phút-1
270,BOD12.5,280.50792,1251,271.47,9.037919999999986,U1-26.03.2024,04042024-BOD-12.5-7.5-Q=49.9mL/phút-1
271,BOD12.5,279.59445,1726,271.19,8.404449999999997,U1-26.03.2024,04042024-BOD-12.5-7.5-Q=49.9mL/phút-1
272,BOD12.5,279.51815,2198,271.29,8.228149999999971,U1-26.03.2024,04042024-BOD-12.5-7.5-Q=49.9mL/phút-1
273,BOD12.5,279.87592,2672,270.42,9.455919999999992,U1-26.03.2024,04042024-BOD-12.5-7.5-Q=49.9mL/phút-1
274,BOD12.5,279.50153,3146,271.82,7.681530000000009,U1-26.03.2024,04042024-BOD-12.5-7.5-Q=49.9mL/phút-1
275,BOD12.5,279.56654,3619,270.73,8.836539999999957,U1-26.03.2024,04042024-BOD-12.5-7.5-Q=49.9mL/phút-1
276,BOD7.5,279.41885,4093,273.12,6.298850000000016,U1-26.03.2024,04042024-BOD-12.5-7.5-Q=49.9mL/phút-1
277,BOD7.5,280.06407,5518,272.85,7.214069999999992,U1-26.03.2024,04042024-BOD-12.5-7.5-Q=49.9mL/phút-1
278,BOD7.5,279.88116,5990,273.07,6.811160000000029,U1-26.03.2024,04042024-BOD-12.5-7.5-Q=49.9mL/phút-1
279,BOD7.5,279.94846,6464,273.04,6.908459999999991,U1-26.03.2024,04042024-BOD-12.5-7.5-Q=49.9mL/phút-1
280,BOD7.5,279.6663,6938,272.7,6.96629999999999,U1-26.03.2024,04042024-BOD-12.5-7.5-Q=49.9mL/phút-1
281,BOD7.5,279.94769,7412,272.23,7.717690000000005,U1-26.03.2024,04042024-BOD-12.5-7.5-Q=49.9mL/phút-1
282,BOD7.5,279.77423,7884,272.51,7.264229999999998,U1-26.03.2024,04042024-BOD-12.5-7.5-Q=49.9mL/phút-1
283,BOD7.5,279.71556,8357,272.26,7.455559999999991,U1-26.03.2024,04042024-BOD-12.5-7.5-Q=49.9mL/phút-1
284,BOD7.5,279.75889,8830,272.51,7.248890000000017,U1-26.03.2024,04042024-BOD-12.5-7.5-Q=49.9mL/phút-1
285,BOD7.5,279.82963,9307,272.78,7.049630000000036,U1-26.03.2024,04042024-BOD-12.5-7.5-Q=49.9mL/phút-1
286,BOD7.5,280.12519,9779,273.06,7.065189999999973,U1-26.03.2024,04042024-BOD-12.5-7.5-Q=49.9mL/phút-1
287,BOD7.5,279.94846,300,273.04,6.908459999999991,U1-26.03.2024,04042024-BOD-7.5-2.5-Q=49.93mL/phút-1
288,BOD7.5,279.6663,774,272.7,6.96629999999999,U1-26.03.2024,04042024-BOD-7.5-2.5-Q=49.93mL/phút-1
289,BOD7.5,279.94769,1246,272.34,7.607690000000048,U1-26.03.2024,04042024-BOD-7.5-2.5-Q=49.93mL/phút-1
290,BOD7.5,279.77423,1720,272.51,7.264229999999998,U1-26.03.2024,04042024-BOD-7.5-2.5-Q=49.93mL/phút-1
291,BOD7.5,279.71556,2193,272.26,7.455559999999991,U1-26.03.2024,04042024-BOD-7.5-2.5-Q=49.93mL/phút-1
292,BOD7.5,279.75889,2666,272.51,7.248890000000017,U1-26.03.2024,04042024-BOD-7.5-2.5-Q=49.93mL/phút-1
293,BOD7.5,279.82963,3143,272.78,7.049630000000036,U1-26.03.2024,04042024-BOD-7.5-2.5-Q=49.93mL/phút-1
294,BOD7.5,280.12519,3615,273.06,7.065189999999973,U1-26.03.2024,04042024-BOD-7.5-2.5-Q=49.93mL/phút-1
295,BOD7.5,279.91769,4088,273.54,6.377689999999973,U1-26.03.2024,04042024-BOD-7.5-2.5-Q=49.93mL/phút-1
296,BOD2.5,280.67371,4559,274.32,6.353710000000035,U1-26.03.2024,04042024-BOD-7.5-2.5-Q=49.93mL/phút-1
297,BOD2.5,280.78846,5031,275.17,5.6184599999999705,U1-26.03.2024,04042024-BOD-7.5-2.5-Q=49.93mL/phút-1
298,BOD2.5,280.61296,5508,274.79,5.822959999999966,U1-26.03.2024,04042024-BOD-7.5-2.5-Q=49.93mL/phút-1
299,BOD2.5,280.55963,5978,274.48,6.079630000000009,U1-26.03.2024,04042024-BOD-7.5-2.5-Q=49.93mL/phút-1
300,BOD2.5,280.49115,6451,274.16,6.33114999999998,U1-26.03.2024,04042024-BOD-7.5-2.5-Q=49.93mL/phút-1
301,BOD2.5,280.67346,6927,274.32,6.353459999999984,U1-26.03.2024,04042024-BOD-7.5-2.5-Q=49.93mL/phút-1
302,BOD2.5,280.49731,7399,273.54,6.957310000000007,U1-26.03.2024,04042024-BOD-7.5-2.5-Q=49.93mL/phút-1
303,BOD2.5,280.68769,7869,273.54,7.147689999999955,U1-26.03.2024,04042024-BOD-7.5-2.5-Q=49.93mL/phút-1
304,BOD2.5,280.79807,8343,274.26,6.538070000000005,U1-26.03.2024,04042024-BOD-7.5-2.5-Q=49.93mL/phút-1
305,BOD2.5,280.5596,300,274.48,6.07962,U1-26.03.2024,04042024-BOD-2.5-0-Q=49.96mL/phút-1
306,BOD2.5,280.4912,773,274.16,6.33115,U1-26.03.2024,04042024-BOD-2.5-0-Q=49.96mL/phút-1
307,BOD2.5,280.6735,1249,274.33,6.34347,U1-26.03.2024,04042024-BOD-2.5-0-Q=49.96mL/phút-1
308,BOD2.5,280.4973,1719,273.64,6.8573,U1-26.03.2024,04042024-BOD-2.5-0-Q=49.96mL/phút-1
309,BOD2.5,280.6877,2191,273.54,7.14768,U1-26.03.2024,04042024-BOD-2.5-0-Q=49.96mL/phút-1
310,BOD2.5,280.7981,2665,274.27,6.52808,U1-26.03.2024,04042024-BOD-2.5-0-Q=49.96mL/phút-1
311,BOD2.5,280.8356,3139,274.06,6.77555,U1-26.03.2024,04042024-BOD-2.5-0-Q=49.96mL/phút-1
312,BOD0,282.1611,3612,277.39,4.7711,U1-26.03.2024,04042024-BOD-2.5-0-Q=49.96mL/phút-1
313,BOD0,282.1677,4086,277.8,4.3677,U1-26.03.2024,04042024-BOD-2.5-0-Q=49.96mL/phút-1
314,BOD0,282.405,4560,278.28,4.125,U1-26.03.2024,04042024-BOD-2.5-0-Q=49.96mL/phút-1
315,BOD0,282.4748,5033,278.47,4.00481,U1-26.03.2024,04042024-BOD-2.5-0-Q=49.96mL/phút-1
316,BOD0,282.7511,5505,278.91,3.84111,U1-26.03.2024,04042024-BOD-2.5-0-Q=49.96mL/phút-1
317,BOD0,283.0983,5981,279.02,4.07834,U1-26.03.2024,04042024-BOD-2.5-0-Q=49.96mL/phút-1
318,BOD0,283.2658,6453,278.87,4.39583,U1-26.03.2024,04042024-BOD-2.5-0-Q=49.96mL/phút-1
319,BOD0,283.3592,6925,279.04,4.31916,U1-26.03.2024,04042024-BOD-2.5-0-Q=49.96mL/phút-1
320,BOD17.5,286.3396,301,278.41,7.92958,U1-26.03.2024,05042024-BOD-17.5-12.5-Q=49.88mL/phút-1
321,BOD17.5,286.2571,774,278.51,7.74708,U1-26.03.2024,05042024-BOD-17.5-12.5-Q=49.88mL/phút-1
322,BOD17.5,286.7071,1246,278.51,8.19708,U1-26.03.2024,05042024-BOD-17.5-12.5-Q=49.88mL/phút-1
323,BOD17.5,286.5075,1720,278.56,7.9475,U1-26.03.2024,05042024-BOD-17.5-12.5-Q=49.88mL/phút-1
324,BOD17.5,286.2626,2192,278.41,7.85259,U1-26.03.2024,05042024-BOD-17.5-12.5-Q=49.88mL/phút-1
325,BOD17.5,286.8493,2664,278.26,8.58926,U1-26.03.2024,05042024-BOD-17.5-12.5-Q=49.88mL/phút-1
326,BOD17.5,286.8493,3139,278.04,8.80926,U1-26.03.2024,05042024-BOD-17.5-12.5-Q=49.88mL/phút-1
327,BOD17.5,286.8719,3612,277.76,9.11185,U1-26.03.2024,05042024-BOD-17.5-12.5-Q=49.88mL/phút-1
328,BOD17.5,286.2878,4087,277.73,8.55778,U1-26.03.2024,05042024-BOD-17.5-12.5-Q=49.88mL/phút-1
329,BOD12.5,286.3052,4559,278.17,8.13518,U1-26.03.2024,05042024-BOD-17.5-12.5-Q=49.88mL/phút-1
330,BOD12.5,286.287,5033,279.26,7.02704,U1-26.03.2024,05042024-BOD-17.5-12.5-Q=49.88mL/phút-1
331,BOD12.5,286.3796,5505,278.76,7.61963,U1-26.03.2024,05042024-BOD-17.5-12.5-Q=49.88mL/phút-1
332,BOD12.5,286.5593,5980,278.72,7.83926,U1-26.03.2024,05042024-BOD-17.5-12.5-Q=49.88mL/phút-1
333,BOD12.5,286.453,6450,278.72,7.73296,U1-26.03.2024,05042024-BOD-17.5-12.5-Q=49.88mL/phút-1
334,BOD12.5,286.6907,6923,278.95,7.74074,U1-26.03.2024,05042024-BOD-17.5-12.5-Q=49.88mL/phút-1
335,BOD12.5,286.8111,7397,278.82,7.99111,U1-26.03.2024,05042024-BOD-17.5-12.5-Q=49.88mL/phút-1
336,BOD12.5,286.1359,7871,278.41,7.72593,U1-26.03.2024,05042024-BOD-17.5-12.5-Q=49.88mL/phút-1
337,BOD7.5,286.28704,301,279.26,7.0270399999999995,U1-26.03.2024,05042024-BOD-7.5-2.5-Q=49.84mL/phút-2
338,BOD7.5,286.37963,773,278.76,7.619630000000029,U1-26.03.2024,05042024-BOD-7.5-2.5-Q=49.84mL/phút-2
339,BOD7.5,286.55926,1246,278.72,7.8392599999999675,U1-26.03.2024,05042024-BOD-7.5-2.5-Q=49.84mL/phút-2
340,BOD7.5,286.45296,1718,278.72,7.732959999999991,U1-26.03.2024,05042024-BOD-7.5-2.5-Q=49.84mL/phút-2
341,BOD7.5,286.69074,2191,278.95,7.740740000000017,U1-26.03.2024,05042024-BOD-7.5-2.5-Q=49.84mL/phút-2
342,BOD7.5,286.81111,2665,278.82,7.991109999999992,U1-26.03.2024,05042024-BOD-7.5-2.5-Q=49.84mL/phút-2
343,BOD7.5,286.13593,3139,278.41,7.7259299999999484,U1-26.03.2024,05042024-BOD-7.5-2.5-Q=49.84mL/phút-2
344,BOD7.5,286.33852,3611,278.1,8.238519999999994,U1-26.03.2024,05042024-BOD-7.5-2.5-Q=49.84mL/phút-2
345,BOD7.5,285.23704,4088,277.03,8.207040000000006,U1-26.03.2024,05042024-BOD-7.5-2.5-Q=49.84mL/phút-2
346,BOD2.5,284.89074,4560,277.39,7.5007400000000075,U1-26.03.2024,05042024-BOD-7.5-2.5-Q=49.84mL/phút-2
347,BOD2.5,285.10963,5033,277.76,7.349629999999991,U1-26.03.2024,05042024-BOD-7.5-2.5-Q=49.84mL/phút-2
348,BOD2.5,285.70259,5508,277.48,8.222589999999968,U1-26.03.2024,05042024-BOD-7.5-2.5-Q=49.84mL/phút-2
349,BOD2.5,285.43149,5981,277.79,7.641489999999976,U1-26.03.2024,05042024-BOD-7.5-2.5-Q=49.84mL/phút-2
350,BOD2.5,285.41334,6456,277.41,8.00333999999998,U1-26.03.2024,05042024-BOD-7.5-2.5-Q=49.84mL/phút-2
351,BOD2.5,285.36704,6928,277.57,7.797039999999981,U1-26.03.2024,05042024-BOD-7.5-2.5-Q=49.84mL/phút-2
352,BOD2.5,285.51148,7404,276.82,8.691480000000013,U1-26.03.2024,05042024-BOD-7.5-2.5-Q=49.84mL/phút-2
353,BOD2.5,285.08296,7875,276.67,8.412959999999998,U1-26.03.2024,05042024-BOD-7.5-2.5-Q=49.84mL/phút-2
354,BOD2.5,284.98074,8349,276.57,8.410740000000033,U1-26.03.2024,05042024-BOD-7.5-2.5-Q=49.84mL/phút-2
355,BOD2.5,284.68704,8822,276.54,8.147040000000004,U1-26.03.2024,05042024-BOD-7.5-2.5-Q=49.84mL/phút-2
356,BOD2.5,285.33778,301,278.67,6.667779999999993,U1-26.03.2024,05042024-BOD-2.5-0-Q=49.63mL/phút-2
357,BOD2.5,285.02889,773,278.47,6.558889999999963,U1-26.03.2024,05042024-BOD-2.5-0-Q=49.63mL/phút-2
358,BOD2.5,285.01963,1247,278.82,6.199630000000013,U1-26.03.2024,05042024-BOD-2.5-0-Q=49.63mL/phút-2
359,BOD2.5,285.19519,1720,278.57,6.625190000000032,U1-26.03.2024,05042024-BOD-2.5-0-Q=49.63mL/phút-2
360,BOD2.5,285.45296,2196,278.6,6.852959999999996,U1-26.03.2024,05042024-BOD-2.5-0-Q=49.63mL/phút-2
361,BOD2.5,285.51481,2670,278.16,7.354809999999986,U1-26.03.2024,05042024-BOD-2.5-0-Q=49.63mL/phút-2
362,BOD2.5,285.40692,3140,278.51,6.896920000000023,U1-26.03.2024,05042024-BOD-2.5-0-Q=49.63mL/phút-2
363,BOD2.5,284.68815,3615,278.23,6.458149999999989,U1-26.03.2024,05042024-BOD-2.5-0-Q=49.63mL/phút-2
364,BOD2.5,283.61037,4088,278.51,5.100369999999998,U1-26.03.2024,05042024-BOD-2.5-0-Q=49.63mL/phút-2
365,BOD0,283.61037,4562,279.35,4.260369999999966,U1-26.03.2024,05042024-BOD-2.5-0-Q=49.63mL/phút-2
366,BOD0,284.98259,5034,279.32,5.662590000000023,U1-26.03.2024,05042024-BOD-2.5-0-Q=49.63mL/phút-2
367,BOD0,285.30629,5508,279.85,5.456289999999967,U1-26.03.2024,05042024-BOD-2.5-0-Q=49.63mL/phút-2
368,BOD0,285.80407,5980,280.42,5.384070000000008,U1-26.03.2024,05042024-BOD-2.5-0-Q=49.63mL/phút-2
369,BOD0,285.80407,6455,280.32,5.484070000000031,U1-26.03.2024,05042024-BOD-2.5-0-Q=49.63mL/phút-2
370,BOD0,285.48223,6928,281.44,4.042230000000018,U1-26.03.2024,05042024-BOD-2.5-0-Q=49.63mL/phút-2
371,BOD0,286.06666,7401,281.48,4.586659999999995,U1-26.03.2024,05042024-BOD-2.5-0-Q=49.63mL/phút-2
372,BOD0,285.97348,7876,281.45,4.523480000000006,U1-26.03.2024,05042024-BOD-2.5-0-Q=49.63mL/phút-2
373,BOD0,286.14167,8248,282.17,3.9716699999999605,U1-26.03.2024,05042024-BOD-2.5-0-Q=49.63mL/phút-2
374,BOD0,286.47959,8819,282.79,3.689589999999953,U1-26.03.2024,05042024-BOD-2.5-0-Q=49.63mL/phút-2
375,BOD17.5,293.2126,301,283.91,9.30261,U1-26.03.2024,08042024-BOD-17.5-12.5-Q=50.04mL/phút-2
376,BOD17.5,292.9622,774,283.74,9.22218,U1-26.03.2024,08042024-BOD-17.5-12.5-Q=50.04mL/phút-2
377,BOD17.5,292.7908,1248,283.64,9.15082,U1-26.03.2024,08042024-BOD-17.5-12.5-Q=50.04mL/phút-2
378,BOD17.5,292.685,1721,283.22,9.465,U1-26.03.2024,08042024-BOD-17.5-12.5-Q=50.04mL/phút-2
379,BOD17.5,292.6391,2194,283.05,9.58914,U1-26.03.2024,08042024-BOD-17.5-12.5-Q=50.04mL/phút-2
380,BOD17.5,292.6592,2668,282.95,9.70916,U1-26.03.2024,08042024-BOD-17.5-12.5-Q=50.04mL/phút-2
381,BOD17.5,292.8665,3141,282.95,9.91651,U1-26.03.2024,08042024-BOD-17.5-12.5-Q=50.04mL/phút-2
382,BOD17.5,292.8904,3615,283.12,9.77042,U1-26.03.2024,08042024-BOD-17.5-12.5-Q=50.04mL/phút-2
383,BOD17.5,291.867,4087,282.05,9.81697,U1-26.03.2024,08042024-BOD-17.5-12.5-Q=50.04mL/phút-2
384,BOD12.5,291.5813,4562,282.22,9.36125,U1-26.03.2024,08042024-BOD-17.5-12.5-Q=50.04mL/phút-2
385,BOD12.5,291.1038,5037,281.4,9.70376,U1-26.03.2024,08042024-BOD-17.5-12.5-Q=50.04mL/phút-2
386,BOD12.5,291.0274,5509,281.44,9.58739,U1-26.03.2024,08042024-BOD-17.5-12.5-Q=50.04mL/phút-2
387,BOD12.5,290.7692,5983,281.53,9.23917,U1-26.03.2024,08042024-BOD-17.5-12.5-Q=50.04mL/phút-2
388,BOD12.5,290.3008,6456,282.09,8.21083,U1-26.03.2024,08042024-BOD-17.5-12.5-Q=50.04mL/phút-2
389,BOD12.5,290.5433,6928,282.47,8.07333,U1-26.03.2024,08042024-BOD-17.5-12.5-Q=50.04mL/phút-2
390,BOD12.5,290.5146,7402,282.22,8.29458,U1-26.03.2024,08042024-BOD-17.5-12.5-Q=50.04mL/phút-2
391,BOD12.5,290.3383,7874,281.94,8.39833,U1-26.03.2024,08042024-BOD-17.5-12.5-Q=50.04mL/phút-2
392,BOD12.5,290.3635,8350,281.61,8.75349,U1-26.03.2024,08042024-BOD-17.5-12.5-Q=50.04mL/phút-2
393,BOD12.5,291.10375,301,281.39,9.713750000000005,U1-26.03.2024,08042024-BOD-12.5-7.5-Q=50mL/phút-2
394,BOD12.5,291.02739,773,281.44,9.587390000000028,U1-26.03.2024,08042024-BOD-12.5-7.5-Q=50mL/phút-2
395,BOD12.5,290.76917,1247,281.53,9.239170000000001,U1-26.03.2024,08042024-BOD-12.5-7.5-Q=50mL/phút-2
396,BOD12.5,290.30083,1720,282.09,8.210830000000044,U1-26.03.2024,08042024-BOD-12.5-7.5-Q=50mL/phút-2
397,BOD12.5,290.54333,2191,282.51,8.033330000000035,U1-26.03.2024,08042024-BOD-12.5-7.5-Q=50mL/phút-2
398,BOD12.5,290.51458,2666,282.22,8.294579999999996,U1-26.03.2024,08042024-BOD-12.5-7.5-Q=50mL/phút-2
399,BOD12.5,290.33833,3138,281.94,8.398329999999987,U1-26.03.2024,08042024-BOD-12.5-7.5-Q=50mL/phút-2
400,BOD12.5,290.36348,3614,281.6,8.763479999999959,U1-26.03.2024,08042024-BOD-12.5-7.5-Q=50mL/phút-2
401,BOD12.5,288.58304,4085,281.2,7.383039999999994,U1-26.03.2024,08042024-BOD-12.5-7.5-Q=50mL/phút-2
402,BOD7.5,288.83708,4559,281.45,7.387080000000026,U1-26.03.2024,08042024-BOD-12.5-7.5-Q=50mL/phút-2
403,BOD7.5,288.94416,5033,281.79,7.15415999999999,U1-26.03.2024,08042024-BOD-12.5-7.5-Q=50mL/phút-2
404,BOD7.5,289.01666,5979,281.54,7.476659999999981,U1-26.03.2024,08042024-BOD-12.5-7.5-Q=50mL/phút-2
405,BOD7.5,288.94044,6454,281.48,7.4604400000000055,U1-26.03.2024,08042024-BOD-12.5-7.5-Q=50mL/phút-2
406,BOD7.5,288.96041,6927,281.1,7.860410000000002,U1-26.03.2024,08042024-BOD-12.5-7.5-Q=50mL/phút-2
407,BOD7.5,289.07375,7399,281.73,7.34375,U1-26.03.2024,08042024-BOD-12.5-7.5-Q=50mL/phút-2
408,BOD7.5,288.58304,301,281.2,7.383039999999994,U1-26.03.2024,08042024-BOD-7.5-2.5-Q=49.62mL/phút-3
409,BOD7.5,288.83708,775,281.45,7.387080000000026,U1-26.03.2024,08042024-BOD-7.5-2.5-Q=49.62mL/phút-3
410,BOD7.5,288.94416,1249,281.79,7.15415999999999,U1-26.03.2024,08042024-BOD-7.5-2.5-Q=49.62mL/phút-3
411,BOD7.5,289.01666,1722,281.54,7.476659999999981,U1-26.03.2024,08042024-BOD-7.5-2.5-Q=49.62mL/phút-3
412,BOD7.5,288.94044,2195,281.54,7.400440000000003,U1-26.03.2024,08042024-BOD-7.5-2.5-Q=49.62mL/phút-3
413,BOD7.5,288.96041,2670,281.48,7.480410000000006,U1-26.03.2024,08042024-BOD-7.5-2.5-Q=49.62mL/phút-3
414,BOD7.5,288.91916,3142,281.1,7.819159999999954,U1-26.03.2024,08042024-BOD-7.5-2.5-Q=49.62mL/phút-3
415,BOD7.5,289.07375,3615,281.73,7.34375,U1-26.03.2024,08042024-BOD-7.5-2.5-Q=49.62mL/phút-3
416,BOD7.5,288.25667,4087,282.14,6.116669999999999,U1-26.03.2024,08042024-BOD-7.5-2.5-Q=49.62mL/phút-3
417,BOD2.5,288.5625,4561,282.23,6.332499999999982,U1-26.03.2024,08042024-BOD-7.5-2.5-Q=49.62mL/phút-3
418,BOD2.5,288.56459,5034,282.32,6.2445900000000165,U1-26.03.2024,08042024-BOD-7.5-2.5-Q=49.62mL/phút-3
419,BOD2.5,288.43708,5508,282.07,6.367079999999987,U1-26.03.2024,08042024-BOD-7.5-2.5-Q=49.62mL/phút-3
420,BOD2.5,288.38261,5981,282.6,5.782609999999977,U1-26.03.2024,08042024-BOD-7.5-2.5-Q=49.62mL/phút-3
421,BOD2.5,288.47459,6454,282.38,6.094589999999982,U1-26.03.2024,08042024-BOD-7.5-2.5-Q=49.62mL/phút-3
422,BOD2.5,288.1675,6930,282.35,5.8174999999999955,U1-26.03.2024,08042024-BOD-7.5-2.5-Q=49.62mL/phút-3
423,BOD2.5,288.24417,7403,282.22,6.02416999999997,U1-26.03.2024,08042024-BOD-7.5-2.5-Q=49.62mL/phút-3
424,BOD2.5,288.25667,301,282.1,6.156669999999963,U1-26.03.2024,08042024-BOD-2.5-0-Q=49.85mL/phút-3
425,BOD2.5,288.5625,774,282.23,6.332499999999982,U1-26.03.2024,08042024-BOD-2.5-0-Q=49.85mL/phút-3
426,BOD2.5,288.56459,1247,282.32,6.2445900000000165,U1-26.03.2024,08042024-BOD-2.5-0-Q=49.85mL/phút-3
427,BOD2.5,288.43708,1721,282.07,6.367079999999987,U1-26.03.2024,08042024-BOD-2.5-0-Q=49.85mL/phút-3
428,BOD2.5,288.38261,2194,282.6,5.782609999999977,U1-26.03.2024,08042024-BOD-2.5-0-Q=49.85mL/phút-3
429,BOD2.5,288.47459,2667,282.38,6.094589999999982,U1-26.03.2024,08042024-BOD-2.5-0-Q=49.85mL/phút-3
430,BOD2.5,288.1675,3143,282.35,5.8174999999999955,U1-26.03.2024,08042024-BOD-2.5-0-Q=49.85mL/phút-3
431,BOD2.5,288.24417,3616,282.22,6.02416999999997,U1-26.03.2024,08042024-BOD-2.5-0-Q=49.85mL/phút-3
432,BOD2.5,287.70667,4089,283.28,4.426670000000001,U1-26.03.2024,08042024-BOD-2.5-0-Q=49.85mL/phút-3
433,BOD0,287.78958,4561,283.91,3.879579999999976,U1-26.03.2024,08042024-BOD-2.5-0-Q=49.85mL/phút-3
434,BOD0,287.84458,5034,284.07,3.7745800000000145,U1-26.03.2024,08042024-BOD-2.5-0-Q=49.85mL/phút-3
435,BOD0,287.89083,5509,284.16,3.730829999999969,U1-26.03.2024,08042024-BOD-2.5-0-Q=49.85mL/phút-3
436,BOD0,287.91625,5981,284.04,3.8762499999999704,U1-26.03.2024,08042024-BOD-2.5-0-Q=49.85mL/phút-3
437,BOD0,287.51792,6455,284.14,3.3779200000000174,U1-26.03.2024,08042024-BOD-2.5-0-Q=49.85mL/phút-3
438,BOD0,287.54417,6929,283.92,3.6241699999999923,U1-26.03.2024,08042024-BOD-2.5-0-Q=49.85mL/phút-3
439,BOD0,287.51291,7402,283.95,3.562909999999988,U1-26.03.2024,08042024-BOD-2.5-0-Q=49.85mL/phút-3
440,BOD10,288.25913,301,282.57,5.689130000000034,U2-03.04.2024,09042024-BOD-10-5-Q=49.78mL/phút-6
441,BOD10,288.56208,773,282.92,5.6420799999999645,U2-03.04.2024,09042024-BOD-10-5-Q=49.78mL/phút-6
442,BOD10,288.31667,1247,282.79,5.526669999999967,U2-03.04.2024,09042024-BOD-10-5-Q=49.78mL/phút-6
443,BOD10,288.48792,1721,282.79,5.697919999999954,U2-03.04.2024,09042024-BOD-10-5-Q=49.78mL/phút-6
444,BOD10,288.645,2193,283.2,5.444999999999993,U2-03.04.2024,09042024-BOD-10-5-Q=49.78mL/phút-6
445,BOD10,288.05348,2668,282.35,5.703479999999956,U2-03.04.2024,09042024-BOD-10-5-Q=49.78mL/phút-6
446,BOD10,288.55708,3142,282.66,5.89707999999996,U2-03.04.2024,09042024-BOD-10-5-Q=49.78mL/phút-6
447,BOD10,288.18875,3613,282.76,5.428750000000036,U2-03.04.2024,09042024-BOD-10-5-Q=49.78mL/phút-6
448,BOD10,287.17917,4088,282.23,4.949169999999981,U2-03.04.2024,09042024-BOD-10-5-Q=49.78mL/phút-6
449,BOD5,287.29304,4558,282.85,4.443039999999996,U2-03.04.2024,09042024-BOD-10-5-Q=49.78mL/phút-6
450,BOD5,287.30087,5035,282.95,4.350869999999986,U2-03.04.2024,09042024-BOD-10-5-Q=49.78mL/phút-6
451,BOD5,287.09417,5508,282.63,4.464170000000024,U2-03.04.2024,09042024-BOD-10-5-Q=49.78mL/phút-6
452,BOD5,286.90348,5980,282.92,3.983479999999986,U2-03.04.2024,09042024-BOD-10-5-Q=49.78mL/phút-6
453,BOD5,287.14833,6454,282.89,4.258330000000001,U2-03.04.2024,09042024-BOD-10-5-Q=49.78mL/phút-6
454,BOD5,287.17917,301,282.23,4.949169999999981,U2-03.04.2024,09042024-BOD-5-0-Q=49.76mL/phút-5
455,BOD5,287.29304,771,282.85,4.443039999999996,U2-03.04.2024,09042024-BOD-5-0-Q=49.76mL/phút-5
456,BOD5,287.30087,1248,282.95,4.350869999999986,U2-03.04.2024,09042024-BOD-5-0-Q=49.76mL/phút-5
457,BOD5,287.09417,1721,282.63,4.464170000000024,U2-03.04.2024,09042024-BOD-5-0-Q=49.76mL/phút-5
458,BOD5,286.90348,2193,282.92,3.983479999999986,U2-03.04.2024,09042024-BOD-5-0-Q=49.76mL/phút-5
459,BOD5,287.14833,2667,282.89,4.258330000000001,U2-03.04.2024,09042024-BOD-5-0-Q=49.76mL/phút-5
460,BOD5,286.27833,3249,283.7,2.578329999999994,U2-03.04.2024,09042024-BOD-5-0-Q=49.76mL/phút-5
461,BOD5,286.74167,3723,284.51,2.2316700000000083,U2-03.04.2024,09042024-BOD-5-0-Q=49.76mL/phút-5
462,BOD5,286.85043,4197,284.76,2.090430000000026,U2-03.04.2024,09042024-BOD-5-0-Q=49.76mL/phút-5
463,BOD0,286.99208,4670,284.75,2.242079999999987,U2-03.04.2024,09042024-BOD-5-0-Q=49.76mL/phút-5
464,BOD0,287.23833,5243,284.95,2.2883300000000304,U2-03.04.2024,09042024-BOD-5-0-Q=49.76mL/phút-5
465,BOD0,287.57478,5615,285.14,2.4347799999999893,U2-03.04.2024,09042024-BOD-5-0-Q=49.76mL/phút-5
466,BOD20,285.5308,301,276.72,8.81083,U4-15.04.2024,U4-20-10-18042024-Q=49.73mL/phút-1
467,BOD20,285.5504,776,276.89,8.66042,U4-15.04.2024,U4-20-10-18042024-Q=49.73mL/phút-1
468,BOD20,285.5796,1248,277.23,8.34958,U4-15.04.2024,U4-20-10-18042024-Q=49.73mL/phút-1
469,BOD20,285.6383,1722,276.85,8.78833,U4-15.04.2024,U4-20-10-18042024-Q=49.73mL/phút-1
470,BOD20,285.5571,2196,277.2,8.35708,U4-15.04.2024,U4-20-10-18042024-Q=49.73mL/phút-1
471,BOD20,285.6813,2668,277.51,8.17125,U4-15.04.2024,U4-20-10-18042024-Q=49.73mL/phút-1
472,BOD10,285.2388,3140,278.1,7.13875,U4-15.04.2024,U4-20-10-18042024-Q=49.73mL/phút-1
473,BOD10,285.3988,3615,278.7,6.69875,U4-15.04.2024,U4-20-10-18042024-Q=49.73mL/phút-1
474,BOD10,285.3988,4088,278.67,6.72875,U4-15.04.2024,U4-20-10-18042024-Q=49.73mL/phút-1
475,BOD10,285.3696,4562,279.23,6.13957,U4-15.04.2024,U4-20-10-18042024-Q=49.73mL/phút-1
476,BOD10,285.4904,5034,278.81,6.68042,U4-15.04.2024,U4-20-10-18042024-Q=49.73mL/phút-1
477,BOD10,285.3588,5509,278.85,6.50875,U4-15.04.2024,U4-20-10-18042024-Q=49.73mL/phút-1
478,BOD10,285.3925,5982,279.12,6.2725,U4-15.04.2024,U4-20-10-18042024-Q=49.73mL/phút-1
479,BOD10,285.3988,301,278.7,6.69875,U4-15.04.2024,U4-10-0-18042024-Q=49.70mL/phút-1
480,BOD10,285.3988,774,278.67,6.72875,U4-15.04.2024,U4-10-0-18042024-Q=49.70mL/phút-1
481,BOD10,285.3696,1248,279.23,6.13957,U4-15.04.2024,U4-10-0-18042024-Q=49.70mL/phút-1
482,BOD10,285.4904,1720,278.81,6.68042,U4-15.04.2024,U4-10-0-18042024-Q=49.70mL/phút-1
483,BOD10,285.3588,2195,278.85,6.50875,U4-15.04.2024,U4-10-0-18042024-Q=49.70mL/phút-1
484,BOD10,285.3925,2668,279.12,6.2725,U4-15.04.2024,U4-10-0-18042024-Q=49.70mL/phút-1
485,BOD0,284.7938,3141,281.23,3.56375,U4-15.04.2024,U4-10-0-18042024-Q=49.70mL/phút-1
486,BOD0,284.8948,3613,282.23,2.66478,U4-15.04.2024,U4-10-0-18042024-Q=49.70mL/phút-1
487,BOD0,284.9367,4087,282.22,2.71667,U4-15.04.2024,U4-10-0-18042024-Q=49.70mL/phút-1
488,BOD0,285.0692,4562,282.23,2.83917,U4-15.04.2024,U4-10-0-18042024-Q=49.70mL/phút-1
489,BOD0,285.0221,5034,282.38,2.64208,U4-15.04.2024,U4-10-0-18042024-Q=49.70mL/phút-1
490,BOD0,285.1538,5506,282.73,2.42375,U4-15.04.2024,U4-10-0-18042024-Q=49.70mL/phút-1
491,BOD0,285.3048,5982,282.78,2.52478,U4-15.04.2024,U4-10-0-18042024-Q=49.70mL/phút-1
492,BOD12.5,284.7175,301,277.87,6.8475,U4-15.04.2024,U4-12.5-7.5-18042024-Q=49.88mL/phút-1
493,BOD12.5,284.9133,775,277.82,7.09333,U4-15.04.2024,U4-12.5-7.5-18042024-Q=49.88mL/phút-1
494,BOD12.5,285.0458,1247,277.64,7.40584,U4-15.04.2024,U4-12.5-7.5-18042024-Q=49.88mL/phút-1
495,BOD12.5,285.0558,1721,277.57,7.48583,U4-15.04.2024,U4-12.5-7.5-18042024-Q=49.88mL/phút-1
496,BOD12.5,285.1608,2194,277.89,7.27083,U4-15.04.2024,U4-12.5-7.5-18042024-Q=49.88mL/phút-1
497,BOD12.5,285.3646,2668,278.47,6.89458,U4-15.04.2024,U4-12.5-7.5-18042024-Q=49.88mL/phút-1
498,BOD7.5,284.4917,3141,277.72,6.77167,U4-15.04.2024,U4-12.5-7.5-18042024-Q=49.88mL/phút-1
499,BOD7.5,284.8946,3614,278.64,6.25459,U4-15.04.2024,U4-12.5-7.5-18042024-Q=49.88mL/phút-1
500,BOD7.5,285.0442,4087,279.39,5.65417,U4-15.04.2024,U4-12.5-7.5-18042024-Q=49.88mL/phút-1
501,BOD7.5,285.1763,4561,279.1,6.07625,U4-15.04.2024,U4-12.5-7.5-18042024-Q=49.88mL/phút-1
502,BOD7.5,285.2626,5034,279.01,6.25261,U4-15.04.2024,U4-12.5-7.5-18042024-Q=49.88mL/phút-1
503,BOD7.5,285.4658,5508,279.26,6.20584,U4-15.04.2024,U4-12.5-7.5-18042024-Q=49.88mL/phút-1
504,BOD7.5,285.6108,5982,279.45,6.16083,U4-15.04.2024,U4-12.5-7.5-18042024-Q=49.88mL/phút-1
505,BOD7.5,285.7967,6455,279.76,6.03667,U4-15.04.2024,U4-12.5-7.5-18042024-Q=49.88mL/phút-1
506,BOD20,287.48421,360,281.5,5.984210000000019,U4-15.04.2024,U4-20-10-19042024-Q=50.28mL/phút-2
507,BOD20,287.45121,834,281.67001,5.7812000000000126,U4-15.04.2024,U4-20-10-19042024-Q=50.28mL/phút-2
508,BOD20,287.32175,1306,281.70999,5.611760000000004,U4-15.04.2024,U4-20-10-19042024-Q=50.28mL/phút-2
509,BOD20,287.44983,1780,281.63,5.8198300000000245,U4-15.04.2024,U4-20-10-19042024-Q=50.28mL/phút-2
510,BOD20,287.37404,2253,281.63,5.744039999999984,U4-15.04.2024,U4-20-10-19042024-Q=50.28mL/phút-2
511,BOD20,287.13224,2728,281.23001,5.902230000000031,U4-15.04.2024,U4-20-10-19042024-Q=50.28mL/phút-2
512,BOD10,286.40966,3200,281.63,4.7796599999999785,U4-15.04.2024,U4-20-10-19042024-Q=50.28mL/phút-2
513,BOD10,286.44667,3676,281.57001,4.8766599999999585,U4-15.04.2024,U4-20-10-19042024-Q=50.28mL/phút-2
514,BOD10,286.37158,4150,281.59,4.7815800000000195,U4-15.04.2024,U4-20-10-19042024-Q=50.28mL/phút-2
515,BOD10,286.45842,4621,281.60999,4.848430000000008,U4-15.04.2024,U4-20-10-19042024-Q=50.28mL/phút-2
516,BOD10,286.50579,5098,281.5,5.00578999999999,U4-15.04.2024,U4-20-10-19042024-Q=50.28mL/phút-2
517,BOD10,286.42707,5568,281.35999,5.067080000000033,U4-15.04.2024,U4-20-10-19042024-Q=50.28mL/phút-2
518,GGA10,284.24792,301,262.82,21.42792000000003,U1-VS2-21.04.2024,U1-VS2-20-10-23042024-Q=49.43mL/phút-3
519,GGA10,284.35174,771,262.73,21.62173999999999,U1-VS2-21.04.2024,U1-VS2-20-10-23042024-Q=49.43mL/phút-3
520,GGA10,284.20875,1245,261.64,22.568750000000023,U1-VS2-21.04.2024,U1-VS2-20-10-23042024-Q=49.43mL/phút-3
521,GGA10,284.01417,1720,262.16,21.854169999999954,U1-VS2-21.04.2024,U1-VS2-20-10-23042024-Q=49.43mL/phút-3
522,GGA10,284.07044,2193,262.66,21.410439999999994,U1-VS2-21.04.2024,U1-VS2-20-10-23042024-Q=49.43mL/phút-3
523,GGA10,283.85391,2665,262.47,21.383909999999958,U1-VS2-21.04.2024,U1-VS2-20-10-23042024-Q=49.43mL/phút-3
524,GGA20,283.50958,3137,264.67,18.839580000000012,U1-VS2-21.04.2024,U1-VS2-20-10-23042024-Q=49.43mL/phút-3
525,GGA20,283.53043,3610,264.67,18.860430000000008,U1-VS2-21.04.2024,U1-VS2-20-10-23042024-Q=49.43mL/phút-3
526,GGA20,283.3875,4085,264.19,19.19749999999999,U1-VS2-21.04.2024,U1-VS2-20-10-23042024-Q=49.43mL/phút-3
527,GGA20,282.93565,4558,264.45,18.48565000000002,U1-VS2-21.04.2024,U1-VS2-20-10-23042024-Q=49.43mL/phút-3
528,GGA20,282.91792,5032,264.98,17.937919999999963,U1-VS2-21.04.2024,U1-VS2-20-10-23042024-Q=49.43mL/phút-3
529,GGA20,283.55625,5504,266.01,17.546249999999986,U1-VS2-21.04.2024,U1-VS2-20-10-23042024-Q=49.43mL/phút-3
530,"GGA17,5",281.92719,299,272.55,9.377189999999985,U10-VS1-25.04.2024,"U10-17,5-10-29042024-Q50.18mLmin-1"
531,"GGA17,5",282.42053,772,273.33,9.090530000000001,U10-VS1-25.04.2024,"U10-17,5-10-29042024-Q50.18mLmin-1"
532,"GGA17,5",282.47684,1245,273.35,9.126839999999959,U10-VS1-25.04.2024,"U10-17,5-10-29042024-Q50.18mLmin-1"
533,"GGA17,5",282.47121,1720,273.37,9.10120999999998,U10-VS1-25.04.2024,"U10-17,5-10-29042024-Q50.18mLmin-1"
534,"GGA17,5",282.43281,2193,272.97,9.46280999999999,U10-VS1-25.04.2024,"U10-17,5-10-29042024-Q50.18mLmin-1"
535,"GGA17,5",282.22842,2667,273.56,8.668420000000026,U10-VS1-25.04.2024,"U10-17,5-10-29042024-Q50.18mLmin-1"
536,GGA10,281.31211,3140,273.83,7.482110000000034,U10-VS1-25.04.2024,"U10-17,5-10-29042024-Q50.18mLmin-1"
537,GGA10,281.16632,3615,273.58,7.586320000000001,U10-VS1-25.04.2024,"U10-17,5-10-29042024-Q50.18mLmin-1"
538,GGA10,281.14948,4085,273.5,7.649479999999983,U10-VS1-25.04.2024,"U10-17,5-10-29042024-Q50.18mLmin-1"
539,GGA10,281.27448,4560,273.85,7.42447999999996,U10-VS1-25.04.2024,"U10-17,5-10-29042024-Q50.18mLmin-1"
540,GGA10,281.46241,5033,273.75,7.712409999999977,U10-VS1-25.04.2024,"U10-17,5-10-29042024-Q50.18mLmin-1"
541,GGA10,281.2781,5507,273.43,7.848099999999988,U10-VS1-25.04.2024,"U10-17,5-10-29042024-Q50.18mLmin-1"
542,GGA10,281.31211,440,273.83,7.482110000000034,U10-VS1-25.04.2024,U10-10-0-29042024-Q50.18mLmin-3
543,GGA10,281.16632,915,273.58,7.586320000000001,U10-VS1-25.04.2024,U10-10-0-29042024-Q50.18mLmin-3
544,GGA10,281.14948,1385,273.5,7.649479999999983,U10-VS1-25.04.2024,U10-10-0-29042024-Q50.18mLmin-3
545,GGA10,281.27448,1860,273.85,7.42447999999996,U10-VS1-25.04.2024,U10-10-0-29042024-Q50.18mLmin-3
546,GGA10,281.46241,2333,273.75,7.712409999999977,U10-VS1-25.04.2024,U10-10-0-29042024-Q50.18mLmin-3
547,GGA10,281.2781,2807,273.43,7.848099999999988,U10-VS1-25.04.2024,U10-10-0-29042024-Q50.18mLmin-3
548,GGA0,280.98491,3281,275.29,5.694909999999993,U10-VS1-25.04.2024,U10-10-0-29042024-Q50.18mLmin-3
549,GGA0,280.99158,3755,275.48,5.511579999999981,U10-VS1-25.04.2024,U10-10-0-29042024-Q50.18mLmin-3
550,GGA0,281.14193,4227,275.65,5.491930000000025,U10-VS1-25.04.2024,U10-10-0-29042024-Q50.18mLmin-3
551,GGA0,281.30158,4702,275.94,5.361580000000004,U10-VS1-25.04.2024,U10-10-0-29042024-Q50.18mLmin-3
552,GGA0,281.10579,5175,275.86,5.2457899999999995,U10-VS1-25.04.2024,U10-10-0-29042024-Q50.18mLmin-3
553,GGA0,281.19368,5650,276.03,5.163679999999999,U10-VS1-25.04.2024,U10-10-0-29042024-Q50.18mLmin-3
554,GGA0,281.22966,6112,276.0,5.229660000000024,U10-VS1-25.04.2024,U10-10-0-29042024-Q50.18mLmin-3
555,"GGA17,5",287.90289,454,277.62001,10.282880000000034,U10-VS1-25.04.2024,U10-17.5-10-30042024-Q52.11mLmin-2
556,"GGA17,5",287.75518,920,277.39,10.36518000000001,U10-VS1-25.04.2024,U10-17.5-10-30042024-Q52.11mLmin-2
557,"GGA17,5",287.66262,1394,276.75999,10.902629999999988,U10-VS1-25.04.2024,U10-17.5-10-30042024-Q52.11mLmin-2
558,"GGA17,5",287.4406,1866,277.87001,9.570590000000038,U10-VS1-25.04.2024,U10-17.5-10-30042024-Q52.11mLmin-2
559,"GGA17,5",287.47095,2339,277.83,9.640950000000032,U10-VS1-25.04.2024,U10-17.5-10-30042024-Q52.11mLmin-2
560,"GGA17,5",287.3459,2813,277.14,10.205899999999986,U10-VS1-25.04.2024,U10-17.5-10-30042024-Q52.11mLmin-2
561,GGA10,285.2247,3276,277.35999,7.864710000000002,U10-VS1-25.04.2024,U10-17.5-10-30042024-Q52.11mLmin-2
562,GGA10,285.24386,3748,277.57001,7.673849999999959,U10-VS1-25.04.2024,U10-17.5-10-30042024-Q52.11mLmin-2
563,GGA10,285.15759,4221,277.53,7.627590000000055,U10-VS1-25.04.2024,U10-17.5-10-30042024-Q52.11mLmin-2
564,GGA10,285.09735,4695,277.45001,7.647339999999986,U10-VS1-25.04.2024,U10-17.5-10-30042024-Q52.11mLmin-2
565,GGA10,285.05964,5167,277.14999,7.909649999999999,U10-VS1-25.04.2024,U10-17.5-10-30042024-Q52.11mLmin-2
566,GGA10,284.85262,5641,277.07001,7.782609999999977,U10-VS1-25.04.2024,U10-17.5-10-30042024-Q52.11mLmin-2
567,GGA10,284.95434,6113,276.98999,7.9643500000000245,U10-VS1-25.04.2024,U10-17.5-10-30042024-Q52.11mLmin-2
568,GGA10,285.24386,265,277.57001,7.673849999999959,U10-VS1-25.04.2024,U10-10-2.5-30042024-Q52.11mLmin-1
569,GGA10,285.15759,737,277.53,7.627590000000055,U10-VS1-25.04.2024,U10-10-2.5-30042024-Q52.11mLmin-1
570,GGA10,285.09735,1213,277.45001,7.647339999999986,U10-VS1-25.04.2024,U10-10-2.5-30042024-Q52.11mLmin-1
571,GGA10,285.05964,1683,277.14999,7.909649999999999,U10-VS1-25.04.2024,U10-10-2.5-30042024-Q52.11mLmin-1
572,GGA10,284.85262,8940,277.07001,7.782609999999977,U10-VS1-25.04.2024,U10-10-2.5-30042024-Q52.11mLmin-1
573,GGA10,284.95434,9412,276.98999,7.9643500000000245,U10-VS1-25.04.2024,U10-10-2.5-30042024-Q52.11mLmin-1
574,GGA0,285.1687,9878,279.51999,5.648709999999994,U10-VS1-25.04.2024,U10-10-2.5-30042024-Q52.11mLmin-1
575,GGA0,284.94522,10352,279.73001,5.215210000000013,U10-VS1-25.04.2024,U10-10-2.5-30042024-Q52.11mLmin-1
576,GGA0,284.77826,10825,279.69,5.088259999999991,U10-VS1-25.04.2024,U10-10-2.5-30042024-Q52.11mLmin-1
577,GGA0,284.70111,11298,279.75,4.951110000000028,U10-VS1-25.04.2024,U10-10-2.5-30042024-Q52.11mLmin-1
578,GGA0,284.49348,11771,279.62,4.873479999999972,U10-VS1-25.04.2024,U10-10-2.5-30042024-Q52.11mLmin-1
579,GGA0,284.39778,12245,279.20001,5.197769999999991,U10-VS1-25.04.2024,U10-10-2.5-30042024-Q52.11mLmin-1
580,GGA0,284.11133,12719,279.06,5.051330000000007,U10-VS1-25.04.2024,U10-10-2.5-30042024-Q52.11mLmin-1
581,GGA0,283.91667,13192,279.20001,4.71665999999999,U10-VS1-25.04.2024,U10-10-2.5-30042024-Q52.11mLmin-1
582,GGA17.5,282.2754,301,264.79,17.48541,U4-VS2-26.04.2024,U4-VS2-17.5-10-01052024-Q=50.16mL/phút-3
583,GGA17.5,282.2529,775,264.38,17.87292,U4-VS2-26.04.2024,U4-VS2-17.5-10-01052024-Q=50.16mL/phút-3
584,GGA17.5,282.1491,1249,264.44,17.70914,U4-VS2-26.04.2024,U4-VS2-17.5-10-01052024-Q=50.16mL/phút-3
585,GGA17.5,282.2113,1722,263.79,18.42125,U4-VS2-26.04.2024,U4-VS2-17.5-10-01052024-Q=50.16mL/phút-3
586,GGA17.5,282.2304,2195,264.48,17.75042,U4-VS2-26.04.2024,U4-VS2-17.5-10-01052024-Q=50.16mL/phút-3
587,GGA17.5,282.1639,2669,264.14,18.02392,U4-VS2-26.04.2024,U4-VS2-17.5-10-01052024-Q=50.16mL/phút-3
588,GGA10,281.6254,3140,267.22,14.40542,U4-VS2-26.04.2024,U4-VS2-17.5-10-01052024-Q=50.16mL/phút-3
589,GGA10,281.3954,3613,267.66,13.73541,U4-VS2-26.04.2024,U4-VS2-17.5-10-01052024-Q=50.16mL/phút-3
590,GGA10,281.5658,4087,267.81,13.75583,U4-VS2-26.04.2024,U4-VS2-17.5-10-01052024-Q=50.16mL/phút-3
591,GGA10,281.8067,4562,268.5,13.30666,U4-VS2-26.04.2024,U4-VS2-17.5-10-01052024-Q=50.16mL/phút-3
592,GGA10,281.9367,5035,268.0,13.93667,U4-VS2-26.04.2024,U4-VS2-17.5-10-01052024-Q=50.16mL/phút-3
593,GGA10,281.9146,5507,267.72,14.19458,U4-VS2-26.04.2024,U4-VS2-17.5-10-01052024-Q=50.16mL/phút-3
594,GGA10,281.6254,301,267.22,14.40542,U4-VS2-26.04.2024,U4-VS2-10-2.5-01052024-Q=50.17mL/phút-3
595,GGA10,281.3954,774,267.66,13.73541,U4-VS2-26.04.2024,U4-VS2-10-2.5-01052024-Q=50.17mL/phút-3
596,GGA10,281.5658,1248,267.81,13.75583,U4-VS2-26.04.2024,U4-VS2-10-2.5-01052024-Q=50.17mL/phút-3
597,GGA10,281.8067,1723,268.5,13.30666,U4-VS2-26.04.2024,U4-VS2-10-2.5-01052024-Q=50.17mL/phút-3
598,GGA10,281.9367,2196,268.0,13.93667,U4-VS2-26.04.2024,U4-VS2-10-2.5-01052024-Q=50.17mL/phút-3
599,GGA10,281.9146,2668,267.72,14.19458,U4-VS2-26.04.2024,U4-VS2-10-2.5-01052024-Q=50.17mL/phút-3
600,GGA2.5,280.2383,3167,270.1,10.13834,U4-VS2-26.04.2024,U4-VS2-10-2.5-01052024-Q=50.17mL/phút-3
601,GGA2.5,279.7048,3642,270.64,9.06479,U4-VS2-26.04.2024,U4-VS2-10-2.5-01052024-Q=50.17mL/phút-3
602,GGA2.5,279.9604,4117,271.51,8.45042,U4-VS2-26.04.2024,U4-VS2-10-2.5-01052024-Q=50.17mL/phút-3
603,GGA2.5,280.2896,4588,271.76,8.52957,U4-VS2-26.04.2024,U4-VS2-10-2.5-01052024-Q=50.17mL/phút-3
604,GGA2.5,280.5792,5062,271.84,8.73917,U4-VS2-26.04.2024,U4-VS2-10-2.5-01052024-Q=50.17mL/phút-3
605,GGA2.5,280.3021,5534,271.34,8.96208,U4-VS2-26.04.2024,U4-VS2-10-2.5-01052024-Q=50.17mL/phút-3
606,GGA2.5,280.5974,6009,271.97,8.62739,U4-VS2-26.04.2024,U4-VS2-10-2.5-01052024-Q=50.17mL/phút-3
607,GGA10,284.3465,301,275.35,8.99652,U11-VS1-29.04.2024,U11-VS1-10-2.5-02052024-Q=50.17mL/phút-3
608,GGA10,284.283,778,275.84,8.44304,U11-VS1-29.04.2024,U11-VS1-10-2.5-02052024-Q=50.17mL/phút-3
609,GGA10,284.0438,1251,275.26,8.78375,U11-VS1-29.04.2024,U11-VS1-10-2.5-02052024-Q=50.17mL/phút-3
610,GGA10,283.9104,1723,274.79,9.12042,U11-VS1-29.04.2024,U11-VS1-10-2.5-02052024-Q=50.17mL/phút-3
611,GGA10,283.9904,2198,275.0,8.99043,U11-VS1-29.04.2024,U11-VS1-10-2.5-02052024-Q=50.17mL/phút-3
612,GGA10,283.7371,2678,273.98,9.75709,U11-VS1-29.04.2024,U11-VS1-10-2.5-02052024-Q=50.17mL/phút-3
613,GGA10,283.7313,3144,274.6,9.13125,U11-VS1-29.04.2024,U11-VS1-10-2.5-02052024-Q=50.17mL/phút-3
614,GGA2.5,281.8421,3617,273.79,8.05208,U11-VS1-29.04.2024,U11-VS1-10-2.5-02052024-Q=50.17mL/phút-3
615,GGA2.5,282.2883,4089,275.23,7.05833,U11-VS1-29.04.2024,U11-VS1-10-2.5-02052024-Q=50.17mL/phút-3
616,GGA2.5,282.2767,4574,274.26,8.01667,U11-VS1-29.04.2024,U11-VS1-10-2.5-02052024-Q=50.17mL/phút-3
617,GGA2.5,282.3546,5036,275.01,7.34458,U11-VS1-29.04.2024,U11-VS1-10-2.5-02052024-Q=50.17mL/phút-3
618,GGA2.5,282.5274,5511,275.31,7.21739,U11-VS1-29.04.2024,U11-VS1-10-2.5-02052024-Q=50.17mL/phút-3
619,GGA2.5,282.7129,5983,275.54,7.17292,U11-VS1-29.04.2024,U11-VS1-10-2.5-02052024-Q=50.17mL/phút-3
620,GGA2.5,282.9417,6457,275.79,7.15167,U11-VS1-29.04.2024,U11-VS1-10-2.5-02052024-Q=50.17mL/phút-3
621,GGA12.5,282.4204,301,273.16,9.26042,U11-VS1-29.04.2024,U11-VS1-12.5-5-02052024-Q=49.92mL/phút-1
622,GGA12.5,282.7113,776,273.7,9.01125,U11-VS1-29.04.2024,U11-VS1-12.5-5-02052024-Q=49.92mL/phút-1
623,GGA12.5,282.9167,1250,273.79,9.12667,U11-VS1-29.04.2024,U11-VS1-12.5-5-02052024-Q=49.92mL/phút-1
624,GGA12.5,282.9135,1719,273.91,9.00348,U11-VS1-29.04.2024,U11-VS1-12.5-5-02052024-Q=49.92mL/phút-1
625,GGA12.5,282.9326,2195,273.67,9.26261,U11-VS1-29.04.2024,U11-VS1-12.5-5-02052024-Q=49.92mL/phút-1
626,GGA12.5,283.0588,2666,273.07,9.98875,U11-VS1-29.04.2024,U11-VS1-12.5-5-02052024-Q=49.92mL/phút-1
627,GGA5,283.2104,3140,272.92,10.29042,U11-VS1-29.04.2024,U11-VS1-12.5-5-02052024-Q=49.92mL/phút-1
628,GGA5,282.5083,3613,273.42,9.08826,U11-VS1-29.04.2024,U11-VS1-12.5-5-02052024-Q=49.92mL/phút-1
629,GGA5,282.6163,4084,273.95,8.66625,U11-VS1-29.04.2024,U11-VS1-12.5-5-02052024-Q=49.92mL/phút-1
630,GGA5,282.7521,4559,274.1,8.65208,U11-VS1-29.04.2024,U11-VS1-12.5-5-02052024-Q=49.92mL/phút-1
631,GGA5,282.9025,5031,274.48,8.4225,U11-VS1-29.04.2024,U11-VS1-12.5-5-02052024-Q=49.92mL/phút-1
632,GGA5,282.9946,5511,274.37,8.62458,U11-VS1-29.04.2024,U11-VS1-12.5-5-02052024-Q=49.92mL/phút-1
633,GGA5,283.1944,5982,274.7,8.49435,U11-VS1-29.04.2024,U11-VS1-12.5-5-02052024-Q=49.92mL/phút-1
634,GGA5,283.3946,6454,274.75,8.64459,U11-VS1-29.04.2024,U11-VS1-12.5-5-02052024-Q=49.92mL/phút-1
635,BOD12.5,292.6964,317,281.51999,11.17641,U6-VSV2-03.05.2024,U6-VS2-12.5-5-05052024-Q=49.12mLphut-2
636,BOD12.5,292.5697,790,281.67001,10.89972,U6-VSV2-03.05.2024,U6-VS2-12.5-5-05052024-Q=49.12mLphut-2
637,BOD12.5,292.694,1263,281.44,11.254,U6-VSV2-03.05.2024,U6-VS2-12.5-5-05052024-Q=49.12mLphut-2
638,BOD12.5,292.5997,1737,281.85999,10.73974,U6-VSV2-03.05.2024,U6-VS2-12.5-5-05052024-Q=49.12mLphut-2
639,BOD12.5,292.3213,2211,281.23001,11.09132,U6-VSV2-03.05.2024,U6-VS2-12.5-5-05052024-Q=49.12mLphut-2
640,BOD12.5,291.1703,2684,280.60999,10.56028,U6-VSV2-03.05.2024,U6-VS2-12.5-5-05052024-Q=49.12mLphut-2
641,BOD5,290.8658,3157,281.38,9.48581,U6-VSV2-03.05.2024,U6-VS2-12.5-5-05052024-Q=49.12mLphut-2
642,BOD5,289.9733,3634,281.48001,8.49332,U6-VSV2-03.05.2024,U6-VS2-12.5-5-05052024-Q=49.12mLphut-2
643,BOD5,290.2039,4106,281.57001,8.63391,U6-VSV2-03.05.2024,U6-VS2-12.5-5-05052024-Q=49.12mLphut-2
644,BOD5,289.6632,4583,280.75,8.91324,U6-VSV2-03.05.2024,U6-VS2-12.5-5-05052024-Q=49.12mLphut-2
645,BOD5,289.9916,5055,281.39999,8.59163,U6-VSV2-03.05.2024,U6-VS2-12.5-5-05052024-Q=49.12mLphut-2
646,BOD5,289.8007,5530,281.54999,8.25068,U6-VSV2-03.05.2024,U6-VS2-12.5-5-05052024-Q=49.12mLphut-2
647,BOD5,290.3577,6002,281.82001,8.53769,U6-VSV2-03.05.2024,U6-VS2-12.5-5-05052024-Q=49.12mLphut-2
648,BOD12.5,288.8782,342,282.46,6.41823,U7-VSV2-03.05.2024 ,U7-VS2-12.5-2.5-05052024-Q=49.81mLphut-1
649,BOD12.5,288.6924,818,282.44001,6.25241,U7-VSV2-03.05.2024 ,U7-VS2-12.5-2.5-05052024-Q=49.81mLphut-1
650,BOD12.5,288.219,1293,281.70999,6.50903,U7-VSV2-03.05.2024 ,U7-VS2-12.5-2.5-05052024-Q=49.81mLphut-1
651,BOD12.5,287.6489,21764,281.39999,6.24888,U7-VSV2-03.05.2024 ,U7-VS2-12.5-2.5-05052024-Q=49.81mLphut-1
652,BOD12.5,287.0132,22238,280.94,6.07322,U7-VSV2-03.05.2024 ,U7-VS2-12.5-2.5-05052024-Q=49.81mLphut-1
653,BOD12.5,286.1626,22710,279.62,6.54262,U7-VSV2-03.05.2024 ,U7-VS2-12.5-2.5-05052024-Q=49.81mLphut-1
654,BOD2.5,286.2792,23183,281.89001,4.38918,U7-VSV2-03.05.2024 ,U7-VS2-12.5-2.5-05052024-Q=49.81mLphut-1
655,BOD2.5,286.269,23657,281.85001,4.41902,U7-VSV2-03.05.2024 ,U7-VS2-12.5-2.5-05052024-Q=49.81mLphut-1
656,BOD2.5,286.4523,24132,282.32999,4.1223,U7-VSV2-03.05.2024 ,U7-VS2-12.5-2.5-05052024-Q=49.81mLphut-1
657,BOD2.5,286.1642,24610,281.87,4.29419,U7-VSV2-03.05.2024 ,U7-VS2-12.5-2.5-05052024-Q=49.81mLphut-1
658,BOD2.5,286.0958,25079,281.98999,4.10581,U7-VSV2-03.05.2024 ,U7-VS2-12.5-2.5-05052024-Q=49.81mLphut-1
659,BOD2.5,285.6044,25555,281.53,4.07435,U7-VSV2-03.05.2024 ,U7-VS2-12.5-2.5-05052024-Q=49.81mLphut-1
660,GGA12.5,286.7542,301,276.51,10.24417,U8-VS2-03.05.2024,U8-VS2-12.5-0-06052024-Q=51.36mL/phút-1
661,GGA12.5,286.6838,773,276.35,10.33375,U8-VS2-03.05.2024,U8-VS2-12.5-0-06052024-Q=51.36mL/phút-1
662,GGA12.5,286.9471,1246,277.48,9.46709,U8-VS2-03.05.2024,U8-VS2-12.5-0-06052024-Q=51.36mL/phút-1
663,GGA12.5,286.9167,1721,276.95,9.96666,U8-VS2-03.05.2024,U8-VS2-12.5-0-06052024-Q=51.36mL/phút-1
664,GGA12.5,287.1291,2194,276.85,10.27913,U8-VS2-03.05.2024,U8-VS2-12.5-0-06052024-Q=51.36mL/phút-1
665,GGA12.5,286.9196,2667,276.84,10.07957,U8-VS2-03.05.2024,U8-VS2-12.5-0-06052024-Q=51.36mL/phút-1
666,GGA12.5,286.6563,3141,277.17,9.48629,U8-VS2-03.05.2024,U8-VS2-12.5-0-06052024-Q=51.36mL/phút-1
667,GGA0,286.8208,3611,280.45,6.37083,U8-VS2-03.05.2024,U8-VS2-12.5-0-06052024-Q=51.36mL/phút-1
668,GGA0,286.9263,4082,281.26,5.66625,U8-VS2-03.05.2024,U8-VS2-12.5-0-06052024-Q=51.36mL/phút-1
669,GGA0,287.005,4556,281.92,5.085,U8-VS2-03.05.2024,U8-VS2-12.5-0-06052024-Q=51.36mL/phút-1
670,GGA0,286.9646,5030,282.14,4.82458,U8-VS2-03.05.2024,U8-VS2-12.5-0-06052024-Q=51.36mL/phút-1
671,GGA0,287.2013,5502,282.48,4.7213,U8-VS2-03.05.2024,U8-VS2-12.5-0-06052024-Q=51.36mL/phút-1
672,GGA0,287.5179,5977,282.22,5.29792,U8-VS2-03.05.2024,U8-VS2-12.5-0-06052024-Q=51.36mL/phút-1
673,GGA0,287.0071,6449,280.92,6.08708,U8-VS2-03.05.2024,U8-VS2-12.5-0-06052024-Q=51.36mL/phút-1
674,GGA12.5,292.3539,301,276.84,15.51389,U10-VS2-06.05.2024,U10-VS2-12.5-10-07052024-Q=49.84mL/phút-1
675,GGA12.5,292.2769,774,276.17,16.10685,U10-VS2-06.05.2024,U10-VS2-12.5-10-07052024-Q=49.84mL/phút-1
676,GGA12.5,291.7074,1249,276.44,15.26743,U10-VS2-06.05.2024,U10-VS2-12.5-10-07052024-Q=49.84mL/phút-1
677,GGA12.5,290.9789,1721,276.28,14.69889,U10-VS2-06.05.2024,U10-VS2-12.5-10-07052024-Q=49.84mL/phút-1
678,GGA12.5,291.4051,2197,276.54,14.86514,U10-VS2-06.05.2024,U10-VS2-12.5-10-07052024-Q=49.84mL/phút-1
679,GGA10,289.854,2670,276.04,13.814,U10-VS2-06.05.2024,U10-VS2-12.5-10-07052024-Q=49.84mL/phút-1
680,GGA10,290.6046,3116,277.47,13.13457,U10-VS2-06.05.2024,U10-VS2-12.5-10-07052024-Q=49.84mL/phút-1
681,GGA10,290.7871,3590,277.14,13.64714,U10-VS2-06.05.2024,U10-VS2-12.5-10-07052024-Q=49.84mL/phút-1
682,GGA10,289.6431,4062,277.41,12.23314,U10-VS2-06.05.2024,U10-VS2-12.5-10-07052024-Q=49.84mL/phút-1
683,GGA10,289.4914,4537,277.47,12.02143,U10-VS2-06.05.2024,U10-VS2-12.5-10-07052024-Q=49.84mL/phút-1
684,GGA10,289.3023,5013,276.64,12.66229,U10-VS2-06.05.2024,U10-VS2-12.5-10-07052024-Q=49.84mL/phút-1
685,GGA10,288.0471,5484,274.7,13.34714,U10-VS2-06.05.2024,U10-VS2-12.5-10-07052024-Q=49.84mL/phút-1
686,GGA10,289.9089,5958,277.51,12.39886,U10-VS2-06.05.2024,U10-VS2-12.5-10-07052024-Q=49.84mL/phút-1
687,GGA10,289.1091,6434,276.0,13.10914,U10-VS2-06.05.2024,U10-VS2-12.5-10-07052024-Q=49.84mL/phút-1
688,GGA10,288.326,6908,275.42,12.906,U10-VS2-06.05.2024,U10-VS2-12.5-10-07052024-Q=49.84mL/phút-1
689,GGA20,292.7611,301,273.95,18.81114,U10-VS2-06.05.2024,U10-VS2-20-12.5-07052024-Q=51.44mL/phút-1
690,GGA20,292.4051,776,273.75,18.65514,U10-VS2-06.05.2024,U10-VS2-20-12.5-07052024-Q=51.44mL/phút-1
691,GGA20,292.2674,1249,272.82,19.44743,U10-VS2-06.05.2024,U10-VS2-20-12.5-07052024-Q=51.44mL/phút-1
692,GGA20,292.2909,1721,274.16,18.13086,U10-VS2-06.05.2024,U10-VS2-20-12.5-07052024-Q=51.44mL/phút-1
693,GGA20,292.2317,2196,275.17,17.06171,U10-VS2-06.05.2024,U10-VS2-20-12.5-07052024-Q=51.44mL/phút-1
694,GGA12.5,291.8929,2671,273.64,18.25286,U10-VS2-06.05.2024,U10-VS2-20-12.5-07052024-Q=51.44mL/phút-1
695,GGA12.5,292.3539,3143,276.84,15.51389,U10-VS2-06.05.2024,U10-VS2-20-12.5-07052024-Q=51.44mL/phút-1
696,GGA12.5,292.2769,3616,276.17,16.10685,U10-VS2-06.05.2024,U10-VS2-20-12.5-07052024-Q=51.44mL/phút-1
697,GGA12.5,291.7074,4091,276.44,15.26743,U10-VS2-06.05.2024,U10-VS2-20-12.5-07052024-Q=51.44mL/phút-1
698,GGA12.5,290.9789,4563,276.28,14.69889,U10-VS2-06.05.2024,U10-VS2-20-12.5-07052024-Q=51.44mL/phút-1
699,GGA12.5,291.4051,5039,276.54,14.86514,U10-VS2-06.05.2024,U10-VS2-20-12.5-07052024-Q=51.44mL/phút-1
700,GGA20,284.9104,301,268.75,16.16042,U12-VS2-07.05.2024,U12-VS2-20-12.5-08052024-Q=49.28mL/phút-2
701,GGA20,284.9343,775,268.89,16.04434,U12-VS2-07.05.2024,U12-VS2-20-12.5-08052024-Q=49.28mL/phút-2
702,GGA20,284.8044,1250,269.14,15.66435,U12-VS2-07.05.2024,U12-VS2-20-12.5-08052024-Q=49.28mL/phút-2
703,GGA20,284.8359,1723,269.12,15.71588,U12-VS2-07.05.2024,U12-VS2-20-12.5-08052024-Q=49.28mL/phút-2
704,GGA20,284.7882,2195,269.54,15.24824,U12-VS2-07.05.2024,U12-VS2-20-12.5-08052024-Q=49.28mL/phút-2
705,GGA20,284.7285,2667,269.7,15.02853,U12-VS2-07.05.2024,U12-VS2-20-12.5-08052024-Q=49.28mL/phút-2
706,GGA12.5,284.4063,3140,269.48,14.92629,U12-VS2-07.05.2024,U12-VS2-20-12.5-08052024-Q=49.28mL/phút-2
707,GGA12.5,284.3912,3614,269.73,14.66118,U12-VS2-07.05.2024,U12-VS2-20-12.5-08052024-Q=49.28mL/phút-2
708,GGA12.5,284.2938,4086,269.69,14.60382,U12-VS2-07.05.2024,U12-VS2-20-12.5-08052024-Q=49.28mL/phút-2
709,GGA12.5,284.0691,4559,269.85,14.21914,U12-VS2-07.05.2024,U12-VS2-20-12.5-08052024-Q=49.28mL/phút-2
710,GGA12.5,283.932,5033,269.95,13.982,U12-VS2-07.05.2024,U12-VS2-20-12.5-08052024-Q=49.28mL/phút-2
711,GGA12.5,283.2289,5511,268.48,14.74886,U12-VS2-07.05.2024,U12-VS2-20-12.5-08052024-Q=49.28mL/phút-2
712,GGA20,82.22167,301,72.5,9.72167,U13-VS2-07.05.2024,U13-VS2-20-12.5-08052024-Q=39.28mL/phút-3
713,GGA20,82.05583,775,72.69,9.36583,U13-VS2-07.05.2024,U13-VS2-20-12.5-08052024-Q=39.28mL/phút-3
714,GGA20,81.48292,1247,71.06,10.42292,U13-VS2-07.05.2024,U13-VS2-20-12.5-08052024-Q=39.28mL/phút-3
715,GGA20,80.76167,1722,70.28,10.48167,U13-VS2-07.05.2024,U13-VS2-20-12.5-08052024-Q=39.28mL/phút-3
716,GGA20,80.4713,2197,70.05,10.4213,U13-VS2-07.05.2024,U13-VS2-20-12.5-08052024-Q=39.28mL/phút-3
717,GGA20,80.59833,2670,70.47,10.12833,U13-VS2-07.05.2024,U13-VS2-20-12.5-08052024-Q=39.28mL/phút-3
718,GGA12.5,78.70826,3182,71.26,7.44826,U13-VS2-07.05.2024,U13-VS2-20-12.5-08052024-Q=39.28mL/phút-3
719,GGA12.5,78.75792,3658,71.69,7.06792,U13-VS2-07.05.2024,U13-VS2-20-12.5-08052024-Q=39.28mL/phút-3
720,GGA12.5,78.59708,4127,71.87,6.72708,U13-VS2-07.05.2024,U13-VS2-20-12.5-08052024-Q=39.28mL/phút-3
721,GGA12.5,79.37042,4602,72.27,7.10042,U13-VS2-07.05.2024,U13-VS2-20-12.5-08052024-Q=39.28mL/phút-3
722,GGA12.5,77.94625,5076,71.06,6.88625,U13-VS2-07.05.2024,U13-VS2-20-12.5-08052024-Q=39.28mL/phút-3
723,GGA17.5,287.4909,301,272.85,14.64087,U15-VS2-08.05.2024,U15-VS2-17.5-7.5-09052024-Q=51.44mL/phút-3
724,GGA17.5,287.3729,775,271.09,16.28291,U15-VS2-08.05.2024,U15-VS2-17.5-7.5-09052024-Q=51.44mL/phút-3
725,GGA17.5,287.2963,1248,270.63,16.66625,U15-VS2-08.05.2024,U15-VS2-17.5-7.5-09052024-Q=51.44mL/phút-3
726,GGA17.5,287.325,1722,271.67,15.65499,U15-VS2-08.05.2024,U15-VS2-17.5-7.5-09052024-Q=51.44mL/phút-3
727,GGA17.5,287.2413,2193,272.23,15.01125,U15-VS2-08.05.2024,U15-VS2-17.5-7.5-09052024-Q=51.44mL/phút-3
728,GGA17.5,287.1283,2669,272.51,14.61833,U15-VS2-08.05.2024,U15-VS2-17.5-7.5-09052024-Q=51.44mL/phút-3
729,GGA17.5,286.9375,3142,272.7,14.23751,U15-VS2-08.05.2024,U15-VS2-17.5-7.5-09052024-Q=51.44mL/phút-3
730,GGA7.5,285.9846,3610,274.26,11.72458,U15-VS2-08.05.2024,U15-VS2-17.5-7.5-09052024-Q=51.44mL/phút-3
731,GGA7.5,285.6788,4084,274.14,11.53875,U15-VS2-08.05.2024,U15-VS2-17.5-7.5-09052024-Q=51.44mL/phút-3
732,GGA7.5,285.0558,4558,273.67,11.38583,U15-VS2-08.05.2024,U15-VS2-17.5-7.5-09052024-Q=51.44mL/phút-3
733,GGA7.5,285.1496,5031,273.7,11.44957,U15-VS2-08.05.2024,U15-VS2-17.5-7.5-09052024-Q=51.44mL/phút-3
734,GGA7.5,285.5158,5503,275.06,10.45583,U15-VS2-08.05.2024,U15-VS2-17.5-7.5-09052024-Q=51.44mL/phút-3
735,GGA7.5,285.8154,5977,275.23,10.58542,U15-VS2-08.05.2024,U15-VS2-17.5-7.5-09052024-Q=51.44mL/phút-3
736,GGA12.5,88.11875,302,80.81,7.30875,U16-VS2-08.05.2024,U16-VS2-12.5-10-09052024-Q=49.88mL/phút-1
737,GGA12.5,87.53478,780,78.83,8.70478,U16-VS2-08.05.2024,U16-VS2-12.5-10-09052024-Q=49.88mL/phút-1
738,GGA12.5,86.85167,1245,77.72,9.13167,U16-VS2-08.05.2024,U16-VS2-12.5-10-09052024-Q=49.88mL/phút-1
739,GGA12.5,86.83292,1726,78.6,8.23292,U16-VS2-08.05.2024,U16-VS2-12.5-10-09052024-Q=49.88mL/phút-1
740,GGA12.5,86.48042,2197,78.79,7.69042,U16-VS2-08.05.2024,U16-VS2-12.5-10-09052024-Q=49.88mL/phút-1
741,GGA12.5,85.98739,2673,78.83,7.15739,U16-VS2-08.05.2024,U16-VS2-12.5-10-09052024-Q=49.88mL/phút-1
742,GGA12.5,85.31625,3148,78.18,7.13625,U16-VS2-08.05.2024,U16-VS2-12.5-10-09052024-Q=49.88mL/phút-1
743,GGA10,85.17833,3618,78.81,6.36833,U16-VS2-08.05.2024,U16-VS2-12.5-10-09052024-Q=49.88mL/phút-1
744,GGA10,85.46708,4089,79.29,6.17708,U16-VS2-08.05.2024,U16-VS2-12.5-10-09052024-Q=49.88mL/phút-1
745,GGA10,84.7713,4562,79.19,5.5813,U16-VS2-08.05.2024,U16-VS2-12.5-10-09052024-Q=49.88mL/phút-1
746,GGA10,84.40522,5040,78.85,5.55522,U16-VS2-08.05.2024,U16-VS2-12.5-10-09052024-Q=49.88mL/phút-1
747,GGA10,83.90208,5511,78.5,5.40208,U16-VS2-08.05.2024,U16-VS2-12.5-10-09052024-Q=49.88mL/phút-1
748,GGA10,83.53833,5984,78.48,5.05833,U16-VS2-08.05.2024,U16-VS2-12.5-10-09052024-Q=49.88mL/phút-1
749,GGA10,83.4875,6458,77.95,5.5375,U16-VS2-08.05.2024,U16-VS2-12.5-10-09052024-Q=49.88mL/phút-1
750,GGA15,280.3358,301,267.22,13.11583,U18-VS2-09.05.2024,U18-VS2-15-7.5-10052024-Q=49.38mL/phút-1
751,GGA15,280.0088,775,266.14,13.86875,U18-VS2-09.05.2024,U18-VS2-15-7.5-10052024-Q=49.38mL/phút-1
752,GGA15,279.6442,1247,267.1,12.54417,U18-VS2-09.05.2024,U18-VS2-15-7.5-10052024-Q=49.38mL/phút-1
753,GGA15,279.6108,1720,265.92,13.69083,U18-VS2-09.05.2024,U18-VS2-15-7.5-10052024-Q=49.38mL/phút-1
754,GGA15,278.5713,2193,266.07,12.50131,U18-VS2-09.05.2024,U18-VS2-15-7.5-10052024-Q=49.38mL/phút-1
755,GGA15,278.1933,2669,265.72,12.47333,U18-VS2-09.05.2024,U18-VS2-15-7.5-10052024-Q=49.38mL/phút-1
756,GGA15,277.9279,3155,264.75,13.17792,U18-VS2-09.05.2024,U18-VS2-15-7.5-10052024-Q=49.38mL/phút-1
757,GGA7.5,277.4787,3615,266.45,11.0287,U18-VS2-09.05.2024,U18-VS2-15-7.5-10052024-Q=49.38mL/phút-1
758,GGA7.5,277.4625,4088,266.26,11.2025,U18-VS2-09.05.2024,U18-VS2-15-7.5-10052024-Q=49.38mL/phút-1
759,GGA7.5,277.6233,4562,266.54,11.08334,U18-VS2-09.05.2024,U18-VS2-15-7.5-10052024-Q=49.38mL/phút-1
760,GGA7.5,277.8867,5034,266.54,11.34667,U18-VS2-09.05.2024,U18-VS2-15-7.5-10052024-Q=49.38mL/phút-1
761,GGA7.5,277.5867,5508,266.04,11.54667,U18-VS2-09.05.2024,U18-VS2-15-7.5-10052024-Q=49.38mL/phút-1
762,GGA7.5,277.5233,5980,266.72,10.80333,U18-VS2-09.05.2024,U18-VS2-15-7.5-10052024-Q=49.38mL/phút-1
763,GGA7.5,277.4629,6455,266.95,10.51291,U18-VS2-09.05.2024,U18-VS2-15-7.5-10052024-Q=49.38mL/phút-1
764,BOD12.5,284.28736,310,274.79,9.49735,U19-H1-VS2-10.05.2024,U19-VS2-12.5-10-12052024-Q=50.76mLphut-3
765,BOD12.5,284.39793,784,274.65,9.74794,U19-H1-VS2-10.05.2024,U19-VS2-12.5-10-12052024-Q=50.76mLphut-3
766,BOD12.5,284.6177,1256,274.29,10.32769,U19-H1-VS2-10.05.2024,U19-VS2-12.5-10-12052024-Q=50.76mLphut-3
767,BOD12.5,284.45625,3029,274.14,10.31624,U19-H1-VS2-10.05.2024,U19-VS2-12.5-10-12052024-Q=50.76mLphut-3
768,BOD12.5,284.30598,3504,274.23,10.07597,U19-H1-VS2-10.05.2024,U19-VS2-12.5-10-12052024-Q=50.76mLphut-3
769,BOD12.5,284.19069,3975,274.08,10.1107,U19-H1-VS2-10.05.2024,U19-VS2-12.5-10-12052024-Q=50.76mLphut-3
770,BOD10,283.68057,4448,274.98,8.70056,U19-H1-VS2-10.05.2024,U19-VS2-12.5-10-12052024-Q=50.76mLphut-3
771,BOD10,283.47125,4921,275.38,8.09125,U19-H1-VS2-10.05.2024,U19-VS2-12.5-10-12052024-Q=50.76mLphut-3
772,BOD10,283.27104,5396,275.02,8.25105,U19-H1-VS2-10.05.2024,U19-VS2-12.5-10-12052024-Q=50.76mLphut-3
773,BOD10,283.16636,5871,274.54,8.62635,U19-H1-VS2-10.05.2024,U19-VS2-12.5-10-12052024-Q=50.76mLphut-3
774,BOD10,282.97148,6342,274.23,8.74147,U19-H1-VS2-10.05.2024,U19-VS2-12.5-10-12052024-Q=50.76mLphut-3
775,BOD10,282.97875,6815,274.25,8.72875,U19-H1-VS2-10.05.2024,U19-VS2-12.5-10-12052024-Q=50.76mLphut-3
776,BOD10,283.01184,7288,274.02,8.99185,U19-H1-VS2-10.05.2024,U19-VS2-12.5-10-12052024-Q=50.76mLphut-3
777,BOD15,280.90352,389,273.98,6.92351,U19-H1-VS2-10.05.2024,U19-VS2-15-7.5-12052024-Q=50.56mLphut-2
778,BOD15,280.61011,861,273.85,6.7601,U19-H1-VS2-10.05.2024,U19-VS2-15-7.5-12052024-Q=50.56mLphut-2
779,BOD15,280.64138,1334,273.73,6.91137,U19-H1-VS2-10.05.2024,U19-VS2-15-7.5-12052024-Q=50.56mLphut-2
780,BOD15,280.53034,1807,273.64,6.89033,U19-H1-VS2-10.05.2024,U19-VS2-15-7.5-12052024-Q=50.56mLphut-2
781,BOD15,280.31126,2282,273.24,7.07127,U19-H1-VS2-10.05.2024,U19-VS2-15-7.5-12052024-Q=50.56mLphut-2
782,BOD15,280.29782,2755,273.24,7.05783,U19-H1-VS2-10.05.2024,U19-VS2-15-7.5-12052024-Q=50.56mLphut-2
783,BOD 7.5,279.46216,3228,273.56,5.90216,U19-H1-VS2-10.05.2024,U19-VS2-15-7.5-12052024-Q=50.56mLphut-2
784,BOD 7.5,279.45058,3701,273.81,5.64058,U19-H1-VS2-10.05.2024,U19-VS2-15-7.5-12052024-Q=50.56mLphut-2
785,BOD 7.5,279.34432,4174,273.75,5.59432,U19-H1-VS2-10.05.2024,U19-VS2-15-7.5-12052024-Q=50.56mLphut-2
786,BOD 7.5,279.19068,4648,273.33,5.86069,U19-H1-VS2-10.05.2024,U19-VS2-15-7.5-12052024-Q=50.56mLphut-2
787,BOD 7.5,279.28568,5121,273.56,5.72568,U19-H1-VS2-10.05.2024,U19-VS2-15-7.5-12052024-Q=50.56mLphut-2
788,BOD 7.5,279.1954,5595,273.31,5.8854,U19-H1-VS2-10.05.2024,U19-VS2-15-7.5-12052024-Q=50.56mLphut-2
789,BOD 15,83.13954,362,73.33,9.80954,U20-H2-VS2-10.05.2024,U20-VS2-15-7.5-12052024-Q=40.11mLphut-3
790,BOD 15,82.87705,832,73.2,9.67705,U20-H2-VS2-10.05.2024,U20-VS2-15-7.5-12052024-Q=40.11mLphut-3
791,BOD 15,82.36288,1308,72.92,9.44288,U20-H2-VS2-10.05.2024,U20-VS2-15-7.5-12052024-Q=40.11mLphut-3
792,BOD 15,81.76662,1777,72.17,9.59662,U20-H2-VS2-10.05.2024,U20-VS2-15-7.5-12052024-Q=40.11mLphut-3
793,BOD 15,81.5315,2252,71.81,9.7215,U20-H2-VS2-10.05.2024,U20-VS2-15-7.5-12052024-Q=40.11mLphut-3
794,BOD 15,81.05275,2725,71.14,9.91275,U20-H2-VS2-10.05.2024,U20-VS2-15-7.5-12052024-Q=40.11mLphut-3
795,BOD 7.5,80.834,3196,73.24,7.594,U20-H2-VS2-10.05.2024,U20-VS2-15-7.5-12052024-Q=40.11mLphut-3
796,BOD 7.5,80.32163,3673,73.64,6.68163,U20-H2-VS2-10.05.2024,U20-VS2-15-7.5-12052024-Q=40.11mLphut-3
797,BOD 7.5,79.9552,4148,72.76,7.1952,U20-H2-VS2-10.05.2024,U20-VS2-15-7.5-12052024-Q=40.11mLphut-3
798,BOD 7.5,79.79488,4623,72.95,6.84488,U20-H2-VS2-10.05.2024,U20-VS2-15-7.5-12052024-Q=40.11mLphut-3
799,BOD 7.5,79.20413,5094,72.04,7.16413,U20-H2-VS2-10.05.2024,U20-VS2-15-7.5-12052024-Q=40.11mLphut-3
800,BOD 7.5,78.82595,5567,72.32,6.50595,U20-H2-VS2-10.05.2024,U20-VS2-15-7.5-12052024-Q=40.11mLphut-3
801,BOD 7.5,78.41079,6041,72.21,6.20079,U20-H2-VS2-10.05.2024,U20-VS2-15-7.5-12052024-Q=40.11mLphut-3
802,BOD 12.5,73.90096,366,69.16,4.74096,U20-H2-VS2-10.05.2024,U20-VS2-12.5-2.5-12052024-Q=40.23mLphut-2
803,BOD 12.5,74.00327,844,69.08,4.92327,U20-H2-VS2-10.05.2024,U20-VS2-12.5-2.5-12052024-Q=40.23mLphut-2
804,BOD 12.5,73.80308,1312,69.37,4.43308,U20-H2-VS2-10.05.2024,U20-VS2-12.5-2.5-12052024-Q=40.23mLphut-2
805,BOD 12.5,73.71904,1788,69.06,4.65904,U20-H2-VS2-10.05.2024,U20-VS2-12.5-2.5-12052024-Q=40.23mLphut-2
806,BOD 12.5,73.55415,2260,69.27,4.28415,U20-H2-VS2-10.05.2024,U20-VS2-12.5-2.5-12052024-Q=40.23mLphut-2
807,BOD 12.5,73.47717,2739,68.7,4.77717,U20-H2-VS2-10.05.2024,U20-VS2-12.5-2.5-12052024-Q=40.23mLphut-2
808,BOD 2.5,73.70981,3207,70.63,3.07981,U20-H2-VS2-10.05.2024,U20-VS2-12.5-2.5-12052024-Q=40.23mLphut-2
809,BOD 2.5,72.9566,3682,70.34,2.6166,U20-H2-VS2-10.05.2024,U20-VS2-12.5-2.5-12052024-Q=40.23mLphut-2
810,BOD 2.5,72.68231,4167,70.23,2.45231,U20-H2-VS2-10.05.2024,U20-VS2-12.5-2.5-12052024-Q=40.23mLphut-2
811,BOD 2.5,72.28538,4629,70.23,2.05538,U20-H2-VS2-10.05.2024,U20-VS2-12.5-2.5-12052024-Q=40.23mLphut-2
812,BOD 2.5,71.68852,5099,69.88,1.80852,U20-H2-VS2-10.05.2024,U20-VS2-12.5-2.5-12052024-Q=40.23mLphut-2
813,BOD 2.5,72.27938,5581,70.28,1.99938,U20-H2-VS2-10.05.2024,U20-VS2-12.5-2.5-12052024-Q=40.23mLphut-2
814,BOD 2.5,72.19469,6055,68.97,3.22469,U20-H2-VS2-10.05.2024,U20-VS2-12.5-2.5-12052024-Q=40.23mLphut-2
815,BOD20,281.2721,384,264.92,16.3521,U21-H1-VS2-12.05.2024,U21-VS2-20-7.5-13052024-Q=49.52mLphut-2
816,BOD20,280.9805,856,264.65,16.33052,U21-H1-VS2-12.05.2024,U21-VS2-20-7.5-13052024-Q=49.52mLphut-2
817,BOD20,280.7933,1330,265.09,15.70333,U21-H1-VS2-12.05.2024,U21-VS2-20-7.5-13052024-Q=49.52mLphut-2
818,BOD20,280.7666,1804,264.52,16.24659,U21-H1-VS2-12.05.2024,U21-VS2-20-7.5-13052024-Q=49.52mLphut-2
819,BOD20,280.6298,2276,264.59,16.03975,U21-H1-VS2-12.05.2024,U21-VS2-20-7.5-13052024-Q=49.52mLphut-2
820,BOD20,280.5641,2750,265.19,15.3741,U21-H1-VS2-12.05.2024,U21-VS2-20-7.5-13052024-Q=49.52mLphut-2
821,BOD20,280.4582,3224,264.94,15.51821,U21-H1-VS2-12.05.2024,U21-VS2-20-7.5-13052024-Q=49.52mLphut-2
822,BOD7.5,281.3415,3696,268.14,13.20153,U21-H1-VS2-12.05.2024,U21-VS2-20-7.5-13052024-Q=49.52mLphut-2
823,BOD7.5,281.0771,4171,268.48,12.5971,U21-H1-VS2-12.05.2024,U21-VS2-20-7.5-13052024-Q=49.52mLphut-2
824,BOD7.5,280.4962,4646,267.87,12.62615,U21-H1-VS2-12.05.2024,U21-VS2-20-7.5-13052024-Q=49.52mLphut-2
825,BOD7.5,280.5672,5119,267.79,12.77717,U21-H1-VS2-12.05.2024,U21-VS2-20-7.5-13052024-Q=49.52mLphut-2
826,BOD7.5,280.8459,5593,267.7,13.14589,U21-H1-VS2-12.05.2024,U21-VS2-20-7.5-13052024-Q=49.52mLphut-2
827,BOD7.5,280.7447,6065,267.95,12.79473,U21-H1-VS2-12.05.2024,U21-VS2-20-7.5-13052024-Q=49.52mLphut-2
828,BOD 17.5,278.2713,313,265.76,12.51131,U21-H1-VS2-12.05.2024,"U21-VS2-17,5-7.5-13052024-Q=49.77mLphut-2"
829,BOD 17.5,278.2624,788,265.28,12.98237,U21-H1-VS2-12.05.2024,"U21-VS2-17,5-7.5-13052024-Q=49.77mLphut-2"
830,BOD 17.5,278.1287,1260,265.32,12.80868,U21-H1-VS2-12.05.2024,"U21-VS2-17,5-7.5-13052024-Q=49.77mLphut-2"
831,BOD 17.5,278.0661,1734,265.46,12.60606,U21-H1-VS2-12.05.2024,"U21-VS2-17,5-7.5-13052024-Q=49.77mLphut-2"
832,BOD 17.5,278.0114,2206,265.32,12.69134,U21-H1-VS2-12.05.2024,"U21-VS2-17,5-7.5-13052024-Q=49.77mLphut-2"
833,BOD 17.5,277.9397,2680,264.65,13.28975,U21-H1-VS2-12.05.2024,"U21-VS2-17,5-7.5-13052024-Q=49.77mLphut-2"
834,BOD 7.5,277.2795,3152,265.49,11.78948,U21-H1-VS2-12.05.2024,"U21-VS2-17,5-7.5-13052024-Q=49.77mLphut-2"
835,BOD 7.5,276.9053,3624,265.72,11.18526,U21-H1-VS2-12.05.2024,"U21-VS2-17,5-7.5-13052024-Q=49.77mLphut-2"
836,BOD 7.5,276.4958,4098,265.36,11.1358,U21-H1-VS2-12.05.2024,"U21-VS2-17,5-7.5-13052024-Q=49.77mLphut-2"
837,BOD 7.5,276.3813,4571,265.17,11.21131,U21-H1-VS2-12.05.2024,"U21-VS2-17,5-7.5-13052024-Q=49.77mLphut-2"
838,BOD 7.5,275.5321,5044,264.82,10.7121,U21-H1-VS2-12.05.2024,"U21-VS2-17,5-7.5-13052024-Q=49.77mLphut-2"
839,BOD 7.5,275.2074,5520,264.69,10.51736,U21-H1-VS2-12.05.2024,"U21-VS2-17,5-7.5-13052024-Q=49.77mLphut-2"
840,BOD 7.5,275.5874,5992,264.54,11.04736,U21-H1-VS2-12.05.2024,"U21-VS2-17,5-7.5-13052024-Q=49.77mLphut-2"
841,BOD 20,74.08021,344,67.35,6.73021,U22-H2-VS2-12.05.2024,U22-VS2-20-7.5-13052024-Q=40.11mLphut-1
842,BOD 20,73.84511,818,67.94,5.90511,U22-H2-VS2-12.05.2024,U22-VS2-20-7.5-13052024-Q=40.11mLphut-1
843,BOD 20,74.13447,1283,68.26,5.87447,U22-H2-VS2-12.05.2024,U22-VS2-20-7.5-13052024-Q=40.11mLphut-1
844,BOD 20,74.10542,1762,68.39,5.71542,U22-H2-VS2-12.05.2024,U22-VS2-20-7.5-13052024-Q=40.11mLphut-1
845,BOD 20,75.11681,2236,69.21,5.90681,U22-H2-VS2-12.05.2024,U22-VS2-20-7.5-13052024-Q=40.11mLphut-1
846,BOD 20,75.03043,2710,69.02,6.01043,U22-H2-VS2-12.05.2024,U22-VS2-20-7.5-13052024-Q=40.11mLphut-1
847,BOD 7.5,74.77213,3179,69.71,5.06213,U22-H2-VS2-12.05.2024,U22-VS2-20-7.5-13052024-Q=40.11mLphut-1
848,BOD 7.5,75.05979,3655,70.34,4.71979,U22-H2-VS2-12.05.2024,U22-VS2-20-7.5-13052024-Q=40.11mLphut-1
849,BOD 7.5,74.84979,4133,70.11,4.73979,U22-H2-VS2-12.05.2024,U22-VS2-20-7.5-13052024-Q=40.11mLphut-1
850,BOD 7.5,74.7717,4602,69.46,5.3117,U22-H2-VS2-12.05.2024,U22-VS2-20-7.5-13052024-Q=40.11mLphut-1
851,BOD 7.5,74.95617,5078,69.9,5.05617,U22-H2-VS2-12.05.2024,U22-VS2-20-7.5-13052024-Q=40.11mLphut-1
852,BOD 7.5,74.64149,5548,69.71,4.93149,U22-H2-VS2-12.05.2024,U22-VS2-20-7.5-13052024-Q=40.11mLphut-1
853,BOD 7.5,74.58521,6024,69.86,4.72521,U22-H2-VS2-12.05.2024,U22-VS2-20-7.5-13052024-Q=40.11mLphut-1
854,BOD 7.5,71.95957,400,68.49,3.46957,U22-H2-VS2-12.05.2024,U22-VS2-7.5-0-13052024-Q=39.58mLphut-1
855,BOD 7.5,72.01745,873,68.2,3.81745,U22-H2-VS2-12.05.2024,U22-VS2-7.5-0-13052024-Q=39.58mLphut-1
856,BOD 7.5,71.77217,1340,68.22,3.55217,U22-H2-VS2-12.05.2024,U22-VS2-7.5-0-13052024-Q=39.58mLphut-1
857,BOD 7.5,71.68544,1818,67.97,3.71544,U22-H2-VS2-12.05.2024,U22-VS2-7.5-0-13052024-Q=39.58mLphut-1
858,BOD 7.5,71.47913,2286,67.75,3.72913,U22-H2-VS2-12.05.2024,U22-VS2-7.5-0-13052024-Q=39.58mLphut-1
859,BOD 7.5,71.21652,2764,67.08,4.13652,U22-H2-VS2-12.05.2024,U22-VS2-7.5-0-13052024-Q=39.58mLphut-1
860,BOD 7.5,71.29783,3239,67.5,3.79783,U22-H2-VS2-12.05.2024,U22-VS2-7.5-0-13052024-Q=39.58mLphut-1
861,BOD 0,71.44609,3710,68.41,3.03609,U22-H2-VS2-12.05.2024,U22-VS2-7.5-0-13052024-Q=39.58mLphut-1
862,BOD 0,71.19804,4184,68.59,2.60804,U22-H2-VS2-12.05.2024,U22-VS2-7.5-0-13052024-Q=39.58mLphut-1
863,BOD 0,71.01087,4661,68.87,2.14087,U22-H2-VS2-12.05.2024,U22-VS2-7.5-0-13052024-Q=39.58mLphut-1
864,BOD 0,71.01192,5135,68.97,2.04192,U22-H2-VS2-12.05.2024,U22-VS2-7.5-0-13052024-Q=39.58mLphut-1
865,BOD 0,70.79894,5598,68.81,1.98894,U22-H2-VS2-12.05.2024,U22-VS2-7.5-0-13052024-Q=39.58mLphut-1
866,BOD 0,70.57298,6077,68.38,2.19298,U22-H2-VS2-12.05.2024,U22-VS2-7.5-0-13052024-Q=39.58mLphut-1
867,BOD 0,70.55935,6554,68.26,2.29935,U22-H2-VS2-12.05.2024,U22-VS2-7.5-0-13052024-Q=39.58mLphut-1
868,BOD 0,70.51,7026,68.55,1.96,U22-H2-VS2-12.05.2024,U22-VS2-7.5-0-13052024-Q=39.58mLphut-1
869,GGA20,277.4379,303,264.15,13.28793,U23-H1-VS2-12.05.2024,U23-H1-VS2-20-12.5-14052024-Q=50.6mL/phút-3
870,GGA20,277.3613,776,264.17,13.19124,U23-H1-VS2-12.05.2024,U23-H1-VS2-20-12.5-14052024-Q=50.6mL/phút-3
871,GGA20,277.4575,1250,264.46,12.99751,U23-H1-VS2-12.05.2024,U23-H1-VS2-20-12.5-14052024-Q=50.6mL/phút-3
872,GGA20,277.4796,1722,264.36,13.11959,U23-H1-VS2-12.05.2024,U23-H1-VS2-20-12.5-14052024-Q=50.6mL/phút-3
873,GGA20,277.3817,2198,264.23,13.15165,U23-H1-VS2-12.05.2024,U23-H1-VS2-20-12.5-14052024-Q=50.6mL/phút-3
874,GGA20,277.1921,2669,263.52,13.67209,U23-H1-VS2-12.05.2024,U23-H1-VS2-20-12.5-14052024-Q=50.6mL/phút-3
875,GGA20,277.0767,3145,263.5,13.57667,U23-H1-VS2-12.05.2024,U23-H1-VS2-20-12.5-14052024-Q=50.6mL/phút-3
876,GGA20,276.8667,3617,262.91,13.95667,U23-H1-VS2-12.05.2024,U23-H1-VS2-20-12.5-14052024-Q=50.6mL/phút-3
877,GGA12.5,277.0417,4090,263.31,13.73167,U23-H1-VS2-12.05.2024,U23-H1-VS2-20-12.5-14052024-Q=50.6mL/phút-3
878,GGA12.5,276.9496,4563,264.46,12.4896,U23-H1-VS2-12.05.2024,U23-H1-VS2-20-12.5-14052024-Q=50.6mL/phút-3
879,GGA12.5,276.8952,5037,264.23,12.66521,U23-H1-VS2-12.05.2024,U23-H1-VS2-20-12.5-14052024-Q=50.6mL/phút-3
880,GGA12.5,276.8733,5510,264.46,12.41334,U23-H1-VS2-12.05.2024,U23-H1-VS2-20-12.5-14052024-Q=50.6mL/phút-3
881,GGA12.5,276.7361,5983,264.21,12.5261,U23-H1-VS2-12.05.2024,U23-H1-VS2-20-12.5-14052024-Q=50.6mL/phút-3
882,GGA12.5,276.7517,6455,264.11,12.64167,U23-H1-VS2-12.05.2024,U23-H1-VS2-20-12.5-14052024-Q=50.6mL/phút-3
883,GGA12.5,276.7088,6929,263.92,12.78874,U23-H1-VS2-12.05.2024,U23-H1-VS2-20-12.5-14052024-Q=50.6mL/phút-3
884,GGA12.5,276.9496,302,264.46,12.4896,U23-H1-VS2-12.05.2024,U23-H1-VS2-12.5-0-14052024-Q=51.44mL/phút-2
885,GGA12.5,276.8952,776,264.23,12.66521,U23-H1-VS2-12.05.2024,U23-H1-VS2-12.5-0-14052024-Q=51.44mL/phút-2
886,GGA12.5,276.8733,1249,264.46,12.41334,U23-H1-VS2-12.05.2024,U23-H1-VS2-12.5-0-14052024-Q=51.44mL/phút-2
887,GGA12.5,276.7361,1722,264.21,12.5261,U23-H1-VS2-12.05.2024,U23-H1-VS2-12.5-0-14052024-Q=51.44mL/phút-2
888,GGA12.5,276.7517,2194,264.11,12.64167,U23-H1-VS2-12.05.2024,U23-H1-VS2-12.5-0-14052024-Q=51.44mL/phút-2
889,GGA12.5,276.7088,2668,263.92,12.78874,U23-H1-VS2-12.05.2024,U23-H1-VS2-12.5-0-14052024-Q=51.44mL/phút-2
890,GGA12.5,276.5913,3141,266.97,9.62125,U23-H1-VS2-12.05.2024,U23-H1-VS2-12.5-0-14052024-Q=51.44mL/phút-2
891,GGA0,276.7957,3615,267.74,9.05566,U23-H1-VS2-12.05.2024,U23-H1-VS2-12.5-0-14052024-Q=51.44mL/phút-2
892,GGA0,276.9178,4091,267.79,9.12782,U23-H1-VS2-12.05.2024,U23-H1-VS2-12.5-0-14052024-Q=51.44mL/phút-2
893,GGA0,277.1033,4564,267.95,9.15332,U23-H1-VS2-12.05.2024,U23-H1-VS2-12.5-0-14052024-Q=51.44mL/phút-2
894,GGA0,277.1179,5034,268.39,8.7279,U23-H1-VS2-12.05.2024,U23-H1-VS2-12.5-0-14052024-Q=51.44mL/phút-2
895,GGA0,277.1583,5509,268.02,9.13827,U23-H1-VS2-12.05.2024,U23-H1-VS2-12.5-0-14052024-Q=51.44mL/phút-2
896,GGA20,279.4756,301,258.73,20.74558,U25-H1-VS2-13.05.2024,U25-H1-20-7.5-15052024-Q=50.72mL/phút-3
897,GGA20,279.3627,775,259.4,19.96274,U25-H1-VS2-13.05.2024,U25-H1-20-7.5-15052024-Q=50.72mL/phút-3
898,GGA20,279.1238,1249,258.25,20.87383,U25-H1-VS2-13.05.2024,U25-H1-20-7.5-15052024-Q=50.72mL/phút-3
899,GGA20,279.22,1722,260.03,19.19,U25-H1-VS2-13.05.2024,U25-H1-20-7.5-15052024-Q=50.72mL/phút-3
900,GGA20,279.3079,2195,259.13,20.17788,U25-H1-VS2-13.05.2024,U25-H1-20-7.5-15052024-Q=50.72mL/phút-3
901,GGA20,279.22,2670,259.17,20.04999,U25-H1-VS2-13.05.2024,U25-H1-20-7.5-15052024-Q=50.72mL/phút-3
902,GGA7.5,279.1091,3142,260.17,18.93908,U25-H1-VS2-13.05.2024,U25-H1-20-7.5-15052024-Q=50.72mL/phút-3
903,GGA7.5,279.0703,3616,260.07,19.00029,U25-H1-VS2-13.05.2024,U25-H1-20-7.5-15052024-Q=50.72mL/phút-3
904,GGA7.5,279.1318,4087,260.36,18.77183,U25-H1-VS2-13.05.2024,U25-H1-20-7.5-15052024-Q=50.72mL/phút-3
905,GGA7.5,279.0697,4564,260.05,19.01972,U25-H1-VS2-13.05.2024,U25-H1-20-7.5-15052024-Q=50.72mL/phút-3
906,GGA7.5,278.8494,5035,260.93,17.91942,U25-H1-VS2-13.05.2024,U25-H1-20-7.5-15052024-Q=50.72mL/phút-3
907,GGA7.5,279.0652,5509,260.26,18.80514,U25-H1-VS2-13.05.2024,U25-H1-20-7.5-15052024-Q=50.72mL/phút-3
908,GGA7.5,278.7856,5983,260.28,18.50559,U25-H1-VS2-13.05.2024,U25-H1-20-7.5-15052024-Q=50.72mL/phút-3
909,GGA12.5,276.1109,304,263.45,12.66088,U25-H1-VS2-13.05.2024,U25-H1-VS2-12.5-0-15052024-Q=50.88mL/phút-3
910,GGA12.5,276.2849,776,263.69,12.59486,U25-H1-VS2-13.05.2024,U25-H1-VS2-12.5-0-15052024-Q=50.88mL/phút-3
911,GGA12.5,276.4504,1247,263.73,12.7204,U25-H1-VS2-13.05.2024,U25-H1-VS2-12.5-0-15052024-Q=50.88mL/phút-3
912,GGA12.5,276.5709,1723,263.81,12.76087,U25-H1-VS2-13.05.2024,U25-H1-VS2-12.5-0-15052024-Q=50.88mL/phút-3
913,GGA12.5,276.8242,2258,264.23,12.59417,U25-H1-VS2-13.05.2024,U25-H1-VS2-12.5-0-15052024-Q=50.88mL/phút-3
914,GGA0,276.7704,2734,265.34,11.43042,U25-H1-VS2-13.05.2024,U25-H1-VS2-12.5-0-15052024-Q=50.88mL/phút-3
915,GGA0,276.7192,3207,265.17,11.54917,U25-H1-VS2-13.05.2024,U25-H1-VS2-12.5-0-15052024-Q=50.88mL/phút-3
916,GGA0,276.8254,3680,265.46,11.36542,U25-H1-VS2-13.05.2024,U25-H1-VS2-12.5-0-15052024-Q=50.88mL/phút-3
917,GGA0,276.8261,4154,265.51,11.31609,U25-H1-VS2-13.05.2024,U25-H1-VS2-12.5-0-15052024-Q=50.88mL/phút-3
918,GGA0,277.0044,4628,265.95,11.05435,U25-H1-VS2-13.05.2024,U25-H1-VS2-12.5-0-15052024-Q=50.88mL/phút-3
919,GGA7.5,274.5269,301,267.72,6.8069,U27-H1-VS2-14.05.2024,U27-H1-VS2-7.5-0-16052024-Q=51.72mL/phút-2
920,GGA7.5,274.6514,775,267.47,7.18138,U27-H1-VS2-14.05.2024,U27-H1-VS2-7.5-0-16052024-Q=51.72mL/phút-2
921,GGA7.5,274.6414,1249,267.14,7.50137,U27-H1-VS2-14.05.2024,U27-H1-VS2-7.5-0-16052024-Q=51.72mL/phút-2
922,GGA7.5,274.4259,1721,267.16,7.26586,U27-H1-VS2-14.05.2024,U27-H1-VS2-7.5-0-16052024-Q=51.72mL/phút-2
923,GGA7.5,274.3197,2197,266.61,7.70967,U27-H1-VS2-14.05.2024,U27-H1-VS2-7.5-0-16052024-Q=51.72mL/phút-2
924,GGA7.5,274.2128,2668,266.8,7.41277,U27-H1-VS2-14.05.2024,U27-H1-VS2-7.5-0-16052024-Q=51.72mL/phút-2
925,GGA0,274.2128,3142,267.68,6.53277,U27-H1-VS2-14.05.2024,U27-H1-VS2-7.5-0-16052024-Q=51.72mL/phút-2
926,GGA0,275.3355,3620,269.21,6.12553,U27-H1-VS2-14.05.2024,U27-H1-VS2-7.5-0-16052024-Q=51.72mL/phút-2
927,GGA0,275.3248,4091,269.31,6.01482,U27-H1-VS2-14.05.2024,U27-H1-VS2-7.5-0-16052024-Q=51.72mL/phút-2
928,GGA0,274.8662,4564,269.42,5.4462,U27-H1-VS2-14.05.2024,U27-H1-VS2-7.5-0-16052024-Q=51.72mL/phút-2
929,GGA0,274.1117,5039,267.91,6.20172,U27-H1-VS2-14.05.2024,U27-H1-VS2-7.5-0-16052024-Q=51.72mL/phút-2
930,GGA0,273.909,5512,267.45,6.45896,U27-H1-VS2-14.05.2024,U27-H1-VS2-7.5-0-16052024-Q=51.72mL/phút-2
931,GGA0,273.9628,5985,267.72,6.24276,U27-H1-VS2-14.05.2024,U27-H1-VS2-7.5-0-16052024-Q=51.72mL/phút-2
932,GGA17.5,76.12395,301,67.97,8.15395,U28-H2-VS2-14.05.2024,U28-H2-VS2-17.5-15-16052024-Q=40.3mL/phút-2
933,GGA17.5,76.1541,772,68.49,7.6641,U28-H2-VS2-14.05.2024,U28-H2-VS2-17.5-15-16052024-Q=40.3mL/phút-2
934,GGA17.5,76.33949,1239,67.99,8.34949,U28-H2-VS2-14.05.2024,U28-H2-VS2-17.5-15-16052024-Q=40.3mL/phút-2
935,GGA17.5,74.58026,1738,65.74,8.84026,U28-H2-VS2-14.05.2024,U28-H2-VS2-17.5-15-16052024-Q=40.3mL/phút-2
936,GGA17.5,74.20816,2210,66.28,7.92816,U28-H2-VS2-14.05.2024,U28-H2-VS2-17.5-15-16052024-Q=40.3mL/phút-2
937,GGA17.5,74.06053,2685,65.88,8.18053,U28-H2-VS2-14.05.2024,U28-H2-VS2-17.5-15-16052024-Q=40.3mL/phút-2
938,GGA17.5,73.59632,3161,65.38,8.21632,U28-H2-VS2-14.05.2024,U28-H2-VS2-17.5-15-16052024-Q=40.3mL/phút-2
939,GGA15,73.76333,3633,66.22,7.54333,U28-H2-VS2-14.05.2024,U28-H2-VS2-17.5-15-16052024-Q=40.3mL/phút-2
940,GGA15,73.3771,4104,65.88,7.4971,U28-H2-VS2-14.05.2024,U28-H2-VS2-17.5-15-16052024-Q=40.3mL/phút-2
941,GGA15,73.32513,4581,65.69,7.63513,U28-H2-VS2-14.05.2024,U28-H2-VS2-17.5-15-16052024-Q=40.3mL/phút-2
942,GGA15,73.36211,5052,66.2,7.16211,U28-H2-VS2-14.05.2024,U28-H2-VS2-17.5-15-16052024-Q=40.3mL/phút-2
943,GGA15,73.03658,5524,65.78,7.25658,U28-H2-VS2-14.05.2024,U28-H2-VS2-17.5-15-16052024-Q=40.3mL/phút-2
944,GGA15,72.72447,6004,65.51,7.21447,U28-H2-VS2-14.05.2024,U28-H2-VS2-17.5-15-16052024-Q=40.3mL/phút-2
945,GGA15,72.62231,6469,65.74,6.88231,U28-H2-VS2-14.05.2024,U28-H2-VS2-17.5-15-16052024-Q=40.3mL/phút-2
946,GGA15,72.58105,6946,65.46,7.12105,U28-H2-VS2-14.05.2024,U28-H2-VS2-17.5-15-16052024-Q=40.3mL/phút-2
947,GGA20,273.7169,305,263.27,10.44691,U29-H1-VS2-15.05.2024,U29-H1-VS2-20-7.5-17052024-Q=50.18mL/phút-4
948,GGA20,273.825,778,263.08,10.74501,U29-H1-VS2-15.05.2024,U29-H1-VS2-20-7.5-17052024-Q=50.18mL/phút-4
949,GGA20,273.7921,1249,262.87,10.92207,U29-H1-VS2-15.05.2024,U29-H1-VS2-20-7.5-17052024-Q=50.18mL/phút-4
950,GGA20,273.8053,1724,262.37,11.43533,U29-H1-VS2-15.05.2024,U29-H1-VS2-20-7.5-17052024-Q=50.18mL/phút-4
951,GGA20,273.7652,2198,262.24,11.52519,U29-H1-VS2-15.05.2024,U29-H1-VS2-20-7.5-17052024-Q=50.18mL/phút-4
952,GGA20,273.7663,2672,262.29,11.47632,U29-H1-VS2-15.05.2024,U29-H1-VS2-20-7.5-17052024-Q=50.18mL/phút-4
953,GGA7.5,273.5966,3143,263.6,9.99654,U29-H1-VS2-15.05.2024,U29-H1-VS2-20-7.5-17052024-Q=50.18mL/phút-4
954,GGA7.5,273.5473,3618,263.73,9.81732,U29-H1-VS2-15.05.2024,U29-H1-VS2-20-7.5-17052024-Q=50.18mL/phút-4
955,GGA7.5,273.6635,4090,263.71,9.95346,U29-H1-VS2-15.05.2024,U29-H1-VS2-20-7.5-17052024-Q=50.18mL/phút-4
956,GGA7.5,273.6357,4562,263.52,10.11568,U29-H1-VS2-15.05.2024,U29-H1-VS2-20-7.5-17052024-Q=50.18mL/phút-4
957,GGA7.5,273.537,5036,263.46,10.07701,U29-H1-VS2-15.05.2024,U29-H1-VS2-20-7.5-17052024-Q=50.18mL/phút-4
958,GGA7.5,273.4593,5509,263.25,10.20934,U29-H1-VS2-15.05.2024,U29-H1-VS2-20-7.5-17052024-Q=50.18mL/phút-4
959,GGA7.5,273.4357,5983,263.1,10.33566,U29-H1-VS2-15.05.2024,U29-H1-VS2-20-7.5-17052024-Q=50.18mL/phút-4
960,GGA12.5,273.1469,302,265.21,7.8869,U29-H1-VS2-15.05.2024,U29-H1-VS2-12.5-2.5-17052024-Q=50.42mL/phút-3
961,GGA12.5,273.1735,777,265.17,7.94345,U29-H1-VS2-15.05.2024,U29-H1-VS2-12.5-2.5-17052024-Q=50.42mL/phút-3
962,GGA12.5,273.1497,1249,265.21,7.94967,U29-H1-VS2-15.05.2024,U29-H1-VS2-12.5-2.5-17052024-Q=50.42mL/phút-3
963,GGA12.5,273.0313,1722,265.38,7.65133,U29-H1-VS2-15.05.2024,U29-H1-VS2-12.5-2.5-17052024-Q=50.42mL/phút-3
964,GGA12.5,273.0772,2195,265.17,7.90724,U29-H1-VS2-15.05.2024,U29-H1-VS2-12.5-2.5-17052024-Q=50.42mL/phút-3
965,GGA12.5,272.9267,2668,265.17,7.63667,U29-H1-VS2-15.05.2024,U29-H1-VS2-12.5-2.5-17052024-Q=50.42mL/phút-3
966,GGA2.5,273.7531,3142,266.57,7.09306,U29-H1-VS2-15.05.2024,U29-H1-VS2-12.5-2.5-17052024-Q=50.42mL/phút-3
967,GGA2.5,273.7406,3619,267.07,6.64056,U29-H1-VS2-15.05.2024,U29-H1-VS2-12.5-2.5-17052024-Q=50.42mL/phút-3
968,GGA2.5,273.7406,4092,267.24,6.48056,U29-H1-VS2-15.05.2024,U29-H1-VS2-12.5-2.5-17052024-Q=50.42mL/phút-3
969,GGA2.5,273.7406,4563,267.41,6.27056,U29-H1-VS2-15.05.2024,U29-H1-VS2-12.5-2.5-17052024-Q=50.42mL/phút-3
970,GGA2.5,273.8569,5037,267.49,6.31686,U29-H1-VS2-15.05.2024,U29-H1-VS2-12.5-2.5-17052024-Q=50.42mL/phút-3
971,GGA2.5,273.7329,5510,267.54,5.92286,U29-H1-VS2-15.05.2024,U29-H1-VS2-12.5-2.5-17052024-Q=50.42mL/phút-3
972,GGA2.5,273.3851,5980,267.51,5.84514,U29-H1-VS2-15.05.2024,U29-H1-VS2-12.5-2.5-17052024-Q=50.42mL/phút-3
973,GGA20,55.75529,301,50.14,5.61529,U30-H2-VS2-15052024,U30-H2-VS2-20-7.5-17052024-Q=41.2mL/phút-4
974,GGA20,56.00412,778,50.37,5.63412,U30-H2-VS2-15052024,U30-H2-VS2-20-7.5-17052024-Q=41.2mL/phút-4
975,GGA20,55.56882,1248,50.18,5.38882,U30-H2-VS2-15052024,U30-H2-VS2-20-7.5-17052024-Q=41.2mL/phút-4
976,GGA20,55.88217,1720,50.45,5.43217,U30-H2-VS2-15052024,U30-H2-VS2-20-7.5-17052024-Q=41.2mL/phút-4
977,GGA20,54.93283,2199,49.03,5.90283,U30-H2-VS2-15052024,U30-H2-VS2-20-7.5-17052024-Q=41.2mL/phút-4
978,GGA20,55.13745,2669,49.23,5.90745,U30-H2-VS2-15052024,U30-H2-VS2-20-7.5-17052024-Q=41.2mL/phút-4
979,GGA7.5,55.0263,3159,49.61,5.4163,U30-H2-VS2-15052024,U30-H2-VS2-20-7.5-17052024-Q=41.2mL/phút-4
980,GGA7.5,55.0263,3613,49.61,5.4163,U30-H2-VS2-15052024,U30-H2-VS2-20-7.5-17052024-Q=41.2mL/phút-4
981,GGA7.5,54.26587,4100,49.49,4.77587,U30-H2-VS2-15052024,U30-H2-VS2-20-7.5-17052024-Q=41.2mL/phút-4
982,GGA7.5,54.46936,4558,49.85,4.61936,U30-H2-VS2-15052024,U30-H2-VS2-20-7.5-17052024-Q=41.2mL/phút-4
983,GGA7.5,55.35174,5023,50.48,4.87174,U30-H2-VS2-15052024,U30-H2-VS2-20-7.5-17052024-Q=41.2mL/phút-4
984,GGA17.5,288.2196,301,279.18,9.03959,U31-H1-VS2-18.05.2024,U31-H1-VS2-17.5-12.5-20052024-Q=50.64mL-phút-4
985,GGA17.5,288.1121,773,279.35,8.76207,U31-H1-VS2-18.05.2024,U31-H1-VS2-17.5-12.5-20052024-Q=50.64mL-phút-4
986,GGA17.5,288.153,1247,279.66,8.49304,U31-H1-VS2-18.05.2024,U31-H1-VS2-17.5-12.5-20052024-Q=50.64mL-phút-4
987,GGA17.5,288.2379,1719,279.31,8.92792,U31-H1-VS2-18.05.2024,U31-H1-VS2-17.5-12.5-20052024-Q=50.64mL-phút-4
988,GGA17.5,287.7683,2194,279.12,8.64833,U31-H1-VS2-18.05.2024,U31-H1-VS2-17.5-12.5-20052024-Q=50.64mL-phút-4
989,GGA17.5,287.8746,2665,278.26,9.61457,U31-H1-VS2-18.05.2024,U31-H1-VS2-17.5-12.5-20052024-Q=50.64mL-phút-4
990,GGA17.5,287.4433,3139,277.95,9.49332,U31-H1-VS2-18.05.2024,U31-H1-VS2-17.5-12.5-20052024-Q=50.64mL-phút-4
991,GGA12.5,286.0955,3618,278.91,7.18553,U31-H1-VS2-18.05.2024,U31-H1-VS2-17.5-12.5-20052024-Q=50.64mL-phút-4
992,GGA12.5,286.1703,4097,278.74,7.43028,U31-H1-VS2-18.05.2024,U31-H1-VS2-17.5-12.5-20052024-Q=50.64mL-phút-4
993,GGA12.5,286.1192,4563,278.85,7.26918,U31-H1-VS2-18.05.2024,U31-H1-VS2-17.5-12.5-20052024-Q=50.64mL-phút-4
994,GGA12.5,286.1505,5039,278.12,8.03054,U31-H1-VS2-18.05.2024,U31-H1-VS2-17.5-12.5-20052024-Q=50.64mL-phút-4
995,GGA12.5,286.1705,5512,277.95,8.22052,U31-H1-VS2-18.05.2024,U31-H1-VS2-17.5-12.5-20052024-Q=50.64mL-phút-4
996,GGA12.5,286.1695,5983,277.53,8.63946,U31-H1-VS2-18.05.2024,U31-H1-VS2-17.5-12.5-20052024-Q=50.64mL-phút-4
997,GGA12.5,286.0484,6459,277.93,8.11839,U31-H1-VS2-18.05.2024,U31-H1-VS2-17.5-12.5-20052024-Q=50.64mL-phút-4
998,GGA12.5,286.8137,6927,278.58,8.23369,U31-H1-VS2-18.05.2024,U31-H1-VS2-17.5-12.5-20052024-Q=50.64mL-phút-4
999,GGA17.5,292.5578,301,283.22,9.33775,U33-H1-VS2-18.05.2024,U33-H1-VS2-17.5-2.5-21052024-Q=49.86mL-phút-1
1000,GGA17.5,292.61,775,283.22,9.39,U33-H1-VS2-18.05.2024,U33-H1-VS2-17.5-2.5-21052024-Q=49.86mL-phút-1
1001,GGA17.5,292.4856,1244,282.68,9.80557,U33-H1-VS2-18.05.2024,U33-H1-VS2-17.5-2.5-21052024-Q=49.86mL-phút-1
1002,GGA17.5,292.2213,1719,282.68,9.54134,U33-H1-VS2-18.05.2024,U33-H1-VS2-17.5-2.5-21052024-Q=49.86mL-phút-1
1003,GGA17.5,292.1731,2192,282.86,9.31312,U33-H1-VS2-18.05.2024,U33-H1-VS2-17.5-2.5-21052024-Q=49.86mL-phút-1
1004,GGA17.5,292.2209,2668,284.47,7.75091,U33-H1-VS2-18.05.2024,U33-H1-VS2-17.5-2.5-21052024-Q=49.86mL-phút-1
1005,GGA2.5,292.2548,3140,284.85,7.40476,U33-H1-VS2-18.05.2024,U33-H1-VS2-17.5-2.5-21052024-Q=49.86mL-phút-1
1006,GGA2.5,292.166,3618,285.02,7.14601,U33-H1-VS2-18.05.2024,U33-H1-VS2-17.5-2.5-21052024-Q=49.86mL-phút-1
1007,GGA2.5,292.0527,4090,284.89,7.16272,U33-H1-VS2-18.05.2024,U33-H1-VS2-17.5-2.5-21052024-Q=49.86mL-phút-1
1008,GGA2.5,291.7789,4561,284.75,7.02886,U33-H1-VS2-18.05.2024,U33-H1-VS2-17.5-2.5-21052024-Q=49.86mL-phút-1
1009,GGA2.5,291.5842,5041,284.7,6.88421,U33-H1-VS2-18.05.2024,U33-H1-VS2-17.5-2.5-21052024-Q=49.86mL-phút-1
1010,GGA2.5,291.4523,5511,284.1,7.35226,U33-H1-VS2-18.05.2024,U33-H1-VS2-17.5-2.5-21052024-Q=49.86mL-phút-1
1011,GGA7.5,288.827,301,282.36,6.46697,U33-H1-VS2-18.05.2024,U33-H1-VS2-7.5-0-21052024-Q=48.82mL-phút-3
1012,GGA7.5,288.9915,778,282.17,6.82151,U33-H1-VS2-18.05.2024,U33-H1-VS2-7.5-0-21052024-Q=48.82mL-phút-3
1013,GGA7.5,288.6226,1252,282.09,6.53261,U33-H1-VS2-18.05.2024,U33-H1-VS2-7.5-0-21052024-Q=48.82mL-phút-3
1014,GGA7.5,288.8159,1721,281.78,7.03587,U33-H1-VS2-18.05.2024,U33-H1-VS2-7.5-0-21052024-Q=48.82mL-phút-3
1015,GGA7.5,288.7085,2198,282.05,6.65849,U33-H1-VS2-18.05.2024,U33-H1-VS2-7.5-0-21052024-Q=48.82mL-phút-3
1016,GGA7.5,288.6441,2673,281.59,7.05413,U33-H1-VS2-18.05.2024,U33-H1-VS2-7.5-0-21052024-Q=48.82mL-phút-3
1017,GGA7.5,287.9317,3146,282.91,5.0217,U33-H1-VS2-18.05.2024,U33-H1-VS2-7.5-0-21052024-Q=48.82mL-phút-3
1018,GGA0,287.9883,3619,283.22,4.76826,U33-H1-VS2-18.05.2024,U33-H1-VS2-7.5-0-21052024-Q=48.82mL-phút-3
1019,GGA0,287.982,4094,283.7,4.28194,U33-H1-VS2-18.05.2024,U33-H1-VS2-7.5-0-21052024-Q=48.82mL-phút-3
1020,GGA0,288.1128,4565,282.82,5.29275,U33-H1-VS2-18.05.2024,U33-H1-VS2-7.5-0-21052024-Q=48.82mL-phút-3
1021,GGA0,288.2614,5038,283.09,5.17137,U33-H1-VS2-18.05.2024,U33-H1-VS2-7.5-0-21052024-Q=48.82mL-phút-3
1022,GGA0,287.5988,5509,282.22,5.37882,U33-H1-VS2-18.05.2024,U33-H1-VS2-7.5-0-21052024-Q=48.82mL-phút-3
1023,GGA17.5,63.81655,301,59.41,4.40655,U34-H2-VS2-18.05.2024,U34-H2-VS2-17.5-2.5-21052024-Q=39.14mL-phút-2
1024,GGA17.5,63.53768,768,59.11,4.42768,U34-H2-VS2-18.05.2024,U34-H2-VS2-17.5-2.5-21052024-Q=39.14mL-phút-2
1025,GGA17.5,63.56375,1245,59.54,4.02375,U34-H2-VS2-18.05.2024,U34-H2-VS2-17.5-2.5-21052024-Q=39.14mL-phút-2
1026,GGA17.5,63.33518,1722,59.16,4.17518,U34-H2-VS2-18.05.2024,U34-H2-VS2-17.5-2.5-21052024-Q=39.14mL-phút-2
1027,GGA17.5,63.62589,2197,59.16,4.46589,U34-H2-VS2-18.05.2024,U34-H2-VS2-17.5-2.5-21052024-Q=39.14mL-phút-2
1028,GGA17.5,63.36618,2672,58.97,4.39618,U34-H2-VS2-18.05.2024,U34-H2-VS2-17.5-2.5-21052024-Q=39.14mL-phút-2
1029,GGA2.5,63.77018,3137,59.98,3.79018,U34-H2-VS2-18.05.2024,U34-H2-VS2-17.5-2.5-21052024-Q=39.14mL-phút-2
1030,GGA2.5,63.52179,3608,60.19,3.33179,U34-H2-VS2-18.05.2024,U34-H2-VS2-17.5-2.5-21052024-Q=39.14mL-phút-2
1031,GGA2.5,63.37107,4081,60.15,3.22107,U34-H2-VS2-18.05.2024,U34-H2-VS2-17.5-2.5-21052024-Q=39.14mL-phút-2
1032,GGA2.5,63.16411,4569,59.89,3.27411,U34-H2-VS2-18.05.2024,U34-H2-VS2-17.5-2.5-21052024-Q=39.14mL-phút-2
1033,GGA2.5,63.15436,5027,59.85,3.30436,U34-H2-VS2-18.05.2024,U34-H2-VS2-17.5-2.5-21052024-Q=39.14mL-phút-2
1034,GGA2.5,63.13464,5500,59.81,3.32464,U34-H2-VS2-18.05.2024,U34-H2-VS2-17.5-2.5-21052024-Q=39.14mL-phút-2
1035,GGA17.5,292.5134,301,282.36,10.15342,U35-H1-VS2-20.05.2024,U35-H1-VS2-17.5-2.5-22052024-Q=48.38mL-phút-3
1036,GGA17.5,292.742,777,283.07,9.67194,U35-H1-VS2-20.05.2024,U35-H1-VS2-17.5-2.5-22052024-Q=48.38mL-phút-3
1037,GGA17.5,292.8685,1249,282.09,10.7785,U35-H1-VS2-20.05.2024,U35-H1-VS2-17.5-2.5-22052024-Q=48.38mL-phút-3
1038,GGA17.5,292.7578,1723,282.55,10.20776,U35-H1-VS2-20.05.2024,U35-H1-VS2-17.5-2.5-22052024-Q=48.38mL-phút-3
1039,GGA17.5,292.61,2195,282.07,10.53999,U35-H1-VS2-20.05.2024,U35-H1-VS2-17.5-2.5-22052024-Q=48.38mL-phút-3
1040,GGA17.5,292.2881,2669,281.48,10.80804,U35-H1-VS2-20.05.2024,U35-H1-VS2-17.5-2.5-22052024-Q=48.38mL-phút-3
1041,GGA17.5,292.11,3142,281.15,10.96001,U35-H1-VS2-20.05.2024,U35-H1-VS2-17.5-2.5-22052024-Q=48.38mL-phút-3
1042,GGA2.5,291.8585,3612,282.2,9.65853,U35-H1-VS2-20.05.2024,U35-H1-VS2-17.5-2.5-22052024-Q=48.38mL-phút-3
1043,GGA2.5,291.4485,4083,283.66,7.7885,U35-H1-VS2-20.05.2024,U35-H1-VS2-17.5-2.5-22052024-Q=48.38mL-phút-3
1044,GGA2.5,291.2161,4558,283.26,7.95609,U35-H1-VS2-20.05.2024,U35-H1-VS2-17.5-2.5-22052024-Q=48.38mL-phút-3
1045,GGA2.5,290.9668,5034,283.26,7.70674,U35-H1-VS2-20.05.2024,U35-H1-VS2-17.5-2.5-22052024-Q=48.38mL-phút-3
1046,GGA2.5,291.1566,5510,283.6,7.55657,U35-H1-VS2-20.05.2024,U35-H1-VS2-17.5-2.5-22052024-Q=48.38mL-phút-3
1047,GGA2.5,291.5588,5978,283.85,7.70877,U35-H1-VS2-20.05.2024,U35-H1-VS2-17.5-2.5-22052024-Q=48.38mL-phút-3
1048,GGA2.5,290.9022,6453,283.39,7.51219,U35-H1-VS2-20.05.2024,U35-H1-VS2-17.5-2.5-22052024-Q=48.38mL-phút-3
1049,GGA20,66.24351,301,60.14,6.10351,U36-H2-VS2-20.05.2024,U36-H2-VS2-20-5-22052024-Q=40.52mL-phút-1
1050,GGA20,66.52176,780,59.89,6.63176,U36-H2-VS2-20.05.2024,U36-H2-VS2-20-5-22052024-Q=40.52mL-phút-1
1051,GGA20,66.30419,1249,59.37,6.93419,U36-H2-VS2-20.05.2024,U36-H2-VS2-20-5-22052024-Q=40.52mL-phút-1
1052,GGA20,65.90067,1721,59.24,6.66067,U36-H2-VS2-20.05.2024,U36-H2-VS2-20-5-22052024-Q=40.52mL-phút-1
1053,GGA20,65.53959,2198,58.65,6.88959,U36-H2-VS2-20.05.2024,U36-H2-VS2-20-5-22052024-Q=40.52mL-phút-1
1054,GGA20,65.12,2668,58.3,6.82,U36-H2-VS2-20.05.2024,U36-H2-VS2-20-5-22052024-Q=40.52mL-phút-1
1055,GGA5,65.36527,3142,59.64,5.72527,U36-H2-VS2-20.05.2024,U36-H2-VS2-20-5-22052024-Q=40.52mL-phút-1
1056,GGA5,65.08017,3616,59.72,5.36017,U36-H2-VS2-20.05.2024,U36-H2-VS2-20-5-22052024-Q=40.52mL-phút-1
1057,GGA5,64.6536,4091,59.16,5.4936,U36-H2-VS2-20.05.2024,U36-H2-VS2-20-5-22052024-Q=40.52mL-phút-1
1058,GGA5,64.35507,4563,59.11,5.24507,U36-H2-VS2-20.05.2024,U36-H2-VS2-20-5-22052024-Q=40.52mL-phút-1
1059,GGA5,64.48133,5035,59.72,4.76133,U36-H2-VS2-20.05.2024,U36-H2-VS2-20-5-22052024-Q=40.52mL-phút-1
1060,GGA5,64.62595,5508,60.12,4.50595,U36-H2-VS2-20.05.2024,U36-H2-VS2-20-5-22052024-Q=40.52mL-phút-1
1061,GGA5,64.50757,5986,59.53,4.97757,U36-H2-VS2-20.05.2024,U36-H2-VS2-20-5-22052024-Q=40.52mL-phút-1
1062,GGA20,293.7838,301,281.36,12.42384,U37-H1-VS2-21.05.2024,U37-H1-VS2-20-5-23052024-Q=50.12mL-phút-2
1063,GGA20,293.3145,775,280.71,12.60448,U37-H1-VS2-21.05.2024,U37-H1-VS2-20-5-23052024-Q=50.12mL-phút-2
1064,GGA20,292.8128,1250,279.85,12.96281,U37-H1-VS2-21.05.2024,U37-H1-VS2-20-5-23052024-Q=50.12mL-phút-2
1065,GGA20,291.7591,1725,278.43,13.32914,U37-H1-VS2-21.05.2024,U37-H1-VS2-20-5-23052024-Q=50.12mL-phút-2
1066,GGA20,291.6254,2194,277.68,13.94544,U37-H1-VS2-21.05.2024,U37-H1-VS2-20-5-23052024-Q=50.12mL-phút-2
1067,GGA20,291.2631,2671,277.87,13.39305,U37-H1-VS2-21.05.2024,U37-H1-VS2-20-5-23052024-Q=50.12mL-phút-2
1068,GGA20,291.0402,3143,276.95,14.09021,U37-H1-VS2-21.05.2024,U37-H1-VS2-20-5-23052024-Q=50.12mL-phút-2
1069,GGA20,290.965,3616,276.88,14.085,U37-H1-VS2-21.05.2024,U37-H1-VS2-20-5-23052024-Q=50.12mL-phút-2
1070,GGA5,290.7881,4088,279.79,10.99804,U37-H1-VS2-21.05.2024,U37-H1-VS2-20-5-23052024-Q=50.12mL-phút-2
1071,GGA5,290.66,4563,280.1,10.55999,U37-H1-VS2-21.05.2024,U37-H1-VS2-20-5-23052024-Q=50.12mL-phút-2
1072,GGA5,290.2766,5036,279.79,10.48659,U37-H1-VS2-21.05.2024,U37-H1-VS2-20-5-23052024-Q=50.12mL-phút-2
1073,GGA5,290.4594,5512,279.79,10.66934,U37-H1-VS2-21.05.2024,U37-H1-VS2-20-5-23052024-Q=50.12mL-phút-2
1074,GGA5,290.5298,5988,279.89,10.63977,U37-H1-VS2-21.05.2024,U37-H1-VS2-20-5-23052024-Q=50.12mL-phút-2
1075,GGA5,290.5915,6463,279.27,11.32153,U37-H1-VS2-21.05.2024,U37-H1-VS2-20-5-23052024-Q=50.12mL-phút-2
1076,GGA5,290.8936,6935,280.17,10.72361,U37-H1-VS2-21.05.2024,U37-H1-VS2-20-5-23052024-Q=50.12mL-phút-2
1077,GGA15,292.28,301,281.78,10.5,U37-H1-VS2-21.05.2024,U37-H1-VS2-15-2.5-23052024-Q=50.04mL-phút-1
1078,GGA15,292.2904,773,281.71,10.5804,U37-H1-VS2-21.05.2024,U37-H1-VS2-15-2.5-23052024-Q=50.04mL-phút-1
1079,GGA15,292.33,1240,281.59,10.74,U37-H1-VS2-21.05.2024,U37-H1-VS2-15-2.5-23052024-Q=50.04mL-phút-1
1080,GGA15,292.1261,1719,281.23,10.89607,U37-H1-VS2-21.05.2024,U37-H1-VS2-15-2.5-23052024-Q=50.04mL-phút-1
1081,GGA15,292.3225,2191,280.63,11.6925,U37-H1-VS2-21.05.2024,U37-H1-VS2-15-2.5-23052024-Q=50.04mL-phút-1
1082,GGA15,292.1115,2664,281.5,10.61154,U37-H1-VS2-21.05.2024,U37-H1-VS2-15-2.5-23052024-Q=50.04mL-phút-1
1083,GGA2.5,290.6131,3133,279.62,10.99308,U37-H1-VS2-21.05.2024,U37-H1-VS2-15-2.5-23052024-Q=50.04mL-phút-1
1084,GGA2.5,290.9835,3613,282.99,7.99354,U37-H1-VS2-21.05.2024,U37-H1-VS2-15-2.5-23052024-Q=50.04mL-phút-1
1085,GGA2.5,291.2485,4082,283.78,7.46846,U37-H1-VS2-21.05.2024,U37-H1-VS2-15-2.5-23052024-Q=50.04mL-phút-1
1086,GGA2.5,291.289,4554,284.01,7.27903,U37-H1-VS2-21.05.2024,U37-H1-VS2-15-2.5-23052024-Q=50.04mL-phút-1
1087,GGA2.5,291.2115,5028,283.91,7.30154,U37-H1-VS2-21.05.2024,U37-H1-VS2-15-2.5-23052024-Q=50.04mL-phút-1
1088,GGA2.5,291.0492,5501,283.47,7.57923,U37-H1-VS2-21.05.2024,U37-H1-VS2-15-2.5-23052024-Q=50.04mL-phút-1
1089,GGA2.5,291.1386,5974,282.99,8.14864,U37-H1-VS2-21.05.2024,U37-H1-VS2-15-2.5-23052024-Q=50.04mL-phút-1
1090,GGA15,293.7202,301,285.1,8.62021,U39-H1-VS2-22.05.2024,U39-H1-VS2-15-2.5-24052024-Q=49.78mL-phút-2
1091,GGA15,293.6128,774,284.54,9.07282,U39-H1-VS2-22.05.2024,U39-H1-VS2-15-2.5-24052024-Q=49.78mL-phút-2
1092,GGA15,293.2317,1249,284.27,8.96175,U39-H1-VS2-22.05.2024,U39-H1-VS2-15-2.5-24052024-Q=49.78mL-phút-2
1093,GGA15,292.9574,1723,283.97,8.98739,U39-H1-VS2-22.05.2024,U39-H1-VS2-15-2.5-24052024-Q=49.78mL-phút-2
1094,GGA15,292.1104,2196,282.97,9.14042,U39-H1-VS2-22.05.2024,U39-H1-VS2-15-2.5-24052024-Q=49.78mL-phút-2
1095,GGA15,291.8519,2669,282.61,9.24192,U39-H1-VS2-22.05.2024,U39-H1-VS2-15-2.5-24052024-Q=49.78mL-phút-2
1096,GGA2.5,291.7785,3141,285.81,5.96851,U39-H1-VS2-22.05.2024,U39-H1-VS2-15-2.5-24052024-Q=49.78mL-phút-2
1097,GGA2.5,291.7744,3616,286.5,5.27435,U39-H1-VS2-22.05.2024,U39-H1-VS2-15-2.5-24052024-Q=49.78mL-phút-2
1098,GGA2.5,291.5983,4090,286.02,5.57831,U39-H1-VS2-22.05.2024,U39-H1-VS2-15-2.5-24052024-Q=49.78mL-phút-2
1099,GGA2.5,291.48,4562,286.4,5.08001,U39-H1-VS2-22.05.2024,U39-H1-VS2-15-2.5-24052024-Q=49.78mL-phút-2
1100,GGA2.5,291.3532,5036,286.29,5.06318,U39-H1-VS2-22.05.2024,U39-H1-VS2-15-2.5-24052024-Q=49.78mL-phút-2
1101,GGA2.5,291.2017,5509,286.5,4.70174,U39-H1-VS2-22.05.2024,U39-H1-VS2-15-2.5-24052024-Q=49.78mL-phút-2
1102,GGA17.5,288.5168,301,280.81,7.70681,U39-H1-VS2-22.05.2024,U39-H1-VS2-17.5-7.5-24052024-Q=51.74mL-phút-1
1103,GGA17.5,288.4583,774,280.27,8.18831,U39-H1-VS2-22.05.2024,U39-H1-VS2-17.5-7.5-24052024-Q=51.74mL-phút-1
1104,GGA17.5,288.2754,1247,279.85,8.42542,U39-H1-VS2-22.05.2024,U39-H1-VS2-17.5-7.5-24052024-Q=51.74mL-phút-1
1105,GGA17.5,288.182,1722,280.25,7.93196,U39-H1-VS2-22.05.2024,U39-H1-VS2-17.5-7.5-24052024-Q=51.74mL-phút-1
1106,GGA17.5,288.1539,2195,279.85,8.3039,U39-H1-VS2-22.05.2024,U39-H1-VS2-17.5-7.5-24052024-Q=51.74mL-phút-1
1107,GGA17.5,288.1374,2669,279.58,8.5574,U39-H1-VS2-22.05.2024,U39-H1-VS2-17.5-7.5-24052024-Q=51.74mL-phút-1
1108,GGA7.5,287.9387,3145,279.54,8.39868,U39-H1-VS2-22.05.2024,U39-H1-VS2-17.5-7.5-24052024-Q=51.74mL-phút-1
1109,GGA7.5,287.5532,3615,280.06,7.49319,U39-H1-VS2-22.05.2024,U39-H1-VS2-17.5-7.5-24052024-Q=51.74mL-phút-1
1110,GGA7.5,287.5417,4089,279.66,7.8817,U39-H1-VS2-22.05.2024,U39-H1-VS2-17.5-7.5-24052024-Q=51.74mL-phút-1
1111,GGA7.5,287.4398,4568,280.52,6.9198,U39-H1-VS2-22.05.2024,U39-H1-VS2-17.5-7.5-24052024-Q=51.74mL-phút-1
1112,GGA7.5,287.6681,5035,279.83,7.83814,U39-H1-VS2-22.05.2024,U39-H1-VS2-17.5-7.5-24052024-Q=51.74mL-phút-1
1113,GGA7.5,287.7231,5508,279.89,7.83312,U39-H1-VS2-22.05.2024,U39-H1-VS2-17.5-7.5-24052024-Q=51.74mL-phút-1
1114,GGA7.5,287.7779,5981,279.56,8.21792,U39-H1-VS2-22.05.2024,U39-H1-VS2-17.5-7.5-24052024-Q=51.74mL-phút-1
1115,GGA7.5,287.7471,6456,280.4,7.3471,U39-H1-VS2-22.05.2024,U39-H1-VS2-17.5-7.5-24052024-Q=51.74mL-phút-1
1116,GGA15,52.31652,301,47.57,4.74652,U40-H2-VS2-22.05.2024,U40-H2-VS2-15-2.5-24052024-Q=40.72mL-phút-3
1117,GGA15,51.76106,775,47.07,4.69106,U40-H2-VS2-22.05.2024,U40-H2-VS2-15-2.5-24052024-Q=40.72mL-phút-3
1118,GGA15,51.51978,1241,47.05,4.46978,U40-H2-VS2-22.05.2024,U40-H2-VS2-15-2.5-24052024-Q=40.72mL-phút-3
1119,GGA15,51.40565,1723,46.27,5.13565,U40-H2-VS2-22.05.2024,U40-H2-VS2-15-2.5-24052024-Q=40.72mL-phút-3
1120,GGA15,51.02109,2192,46.21,4.81109,U40-H2-VS2-22.05.2024,U40-H2-VS2-15-2.5-24052024-Q=40.72mL-phút-3
1121,GGA15,50.91739,2670,46.12,4.79739,U40-H2-VS2-22.05.2024,U40-H2-VS2-15-2.5-24052024-Q=40.72mL-phút-3
1122,GGA2.5,50.52319,3141,45.7,4.82319,U40-H2-VS2-22.05.2024,U40-H2-VS2-15-2.5-24052024-Q=40.72mL-phút-3
1123,GGA2.5,50.55435,3606,46.63,3.92435,U40-H2-VS2-22.05.2024,U40-H2-VS2-15-2.5-24052024-Q=40.72mL-phút-3
1124,GGA2.5,50.53435,4081,47.55,2.98435,U40-H2-VS2-22.05.2024,U40-H2-VS2-15-2.5-24052024-Q=40.72mL-phút-3
1125,GGA2.5,50.50319,4560,47.6,2.90319,U40-H2-VS2-22.05.2024,U40-H2-VS2-15-2.5-24052024-Q=40.72mL-phút-3
1126,GGA2.5,50.25468,5035,47.79,2.46468,U40-H2-VS2-22.05.2024,U40-H2-VS2-15-2.5-24052024-Q=40.72mL-phút-3
1127,GGA2.5,49.97085,5508,47.24,2.73085,U40-H2-VS2-22.05.2024,U40-H2-VS2-15-2.5-24052024-Q=40.72mL-phút-3
1128,GGA2.5,49.7763,5980,46.82,2.9563,U40-H2-VS2-22.05.2024,U40-H2-VS2-15-2.5-24052024-Q=40.72mL-phút-3
1129,GGA2.5,49.74565,6454,46.71,3.03565,U40-H2-VS2-22.05.2024,U40-H2-VS2-15-2.5-24052024-Q=40.72mL-phút-3
1130,GGA2.5,49.57913,6928,47.01,2.56913,U40-H2-VS2-22.05.2024,U40-H2-VS2-15-2.5-24052024-Q=40.72mL-phút-3
1131,BOD17.5,292.8795,386,281.4,11.47952,U41-H1-VS2-24.05.2024,U41-h1-VS2-17.5-7.5-26052024-Q=49.83mLphut-2
1132,BOD17.5,292.7141,856,281.21,11.50405,U41-H1-VS2-24.05.2024,U41-h1-VS2-17.5-7.5-26052024-Q=49.83mLphut-2
1133,BOD17.5,292.4938,1334,280.31,12.18381,U41-H1-VS2-24.05.2024,U41-h1-VS2-17.5-7.5-26052024-Q=49.83mLphut-2
1134,BOD17.5,292.2159,1805,280.12,12.0959,U41-H1-VS2-24.05.2024,U41-h1-VS2-17.5-7.5-26052024-Q=49.83mLphut-2
1135,BOD17.5,291.9243,2278,279.81,12.11429,U41-H1-VS2-24.05.2024,U41-h1-VS2-17.5-7.5-26052024-Q=49.83mLphut-2
1136,BOD17.5,291.6972,2751,279.96,11.73723,U41-H1-VS2-24.05.2024,U41-h1-VS2-17.5-7.5-26052024-Q=49.83mLphut-2
1137,BOD7.5,291.2425,3220,280.67,10.5725,U41-H1-VS2-24.05.2024,U41-h1-VS2-17.5-7.5-26052024-Q=49.83mLphut-2
1138,BOD7.5,290.8848,3696,280.38,10.50476,U41-H1-VS2-24.05.2024,U41-h1-VS2-17.5-7.5-26052024-Q=49.83mLphut-2
1139,BOD7.5,290.4569,4170,280.27,10.18687,U41-H1-VS2-24.05.2024,U41-h1-VS2-17.5-7.5-26052024-Q=49.83mLphut-2
1140,BOD7.5,290.2854,4644,279.39,10.89542,U41-H1-VS2-24.05.2024,U41-h1-VS2-17.5-7.5-26052024-Q=49.83mLphut-2
1141,BOD7.5,290.259,5117,279.66,10.59904,U41-H1-VS2-24.05.2024,U41-h1-VS2-17.5-7.5-26052024-Q=49.83mLphut-2
1142,BOD7.5,290.2363,5589,279.25,10.98627,U41-H1-VS2-24.05.2024,U41-h1-VS2-17.5-7.5-26052024-Q=49.83mLphut-2
1143,BOD7.5,290.0245,6065,279.54,10.48452,U41-H1-VS2-24.05.2024,U41-h1-VS2-17.5-7.5-26052024-Q=49.83mLphut-2
1144,BOD 17.5,49.60575,345,46.44,3.16575,U42-H2-VS2-24.05.2024,U42-h2-VS2-17.5-7.5-26052024-Q=39.54mLphut-3
1145,BOD 17.5,49.34047,818,46.17,3.17047,U42-H2-VS2-24.05.2024,U42-h2-VS2-17.5-7.5-26052024-Q=39.54mLphut-3
1146,BOD 17.5,49.15331,1287,46.33,2.82331,U42-H2-VS2-24.05.2024,U42-h2-VS2-17.5-7.5-26052024-Q=39.54mLphut-3
1147,BOD 17.5,48.91882,1766,45.89,3.02882,U42-H2-VS2-24.05.2024,U42-h2-VS2-17.5-7.5-26052024-Q=39.54mLphut-3
1148,BOD 17.5,48.69952,2234,45.81,2.88952,U42-H2-VS2-24.05.2024,U42-h2-VS2-17.5-7.5-26052024-Q=39.54mLphut-3
1149,BOD 17.5,48.59953,2713,45.52,3.07953,U42-H2-VS2-24.05.2024,U42-h2-VS2-17.5-7.5-26052024-Q=39.54mLphut-3
1150,BOD 7.5,48.53417,3181,46.04,2.49417,U42-H2-VS2-24.05.2024,U42-h2-VS2-17.5-7.5-26052024-Q=39.54mLphut-3
1151,BOD 7.5,48.27677,3655,45.75,2.52677,U42-H2-VS2-24.05.2024,U42-h2-VS2-17.5-7.5-26052024-Q=39.54mLphut-3
1152,BOD 7.5,48.13762,4128,45.58,2.55762,U42-H2-VS2-24.05.2024,U42-h2-VS2-17.5-7.5-26052024-Q=39.54mLphut-3
1153,BOD 7.5,47.95181,4601,45.6,2.35181,U42-H2-VS2-24.05.2024,U42-h2-VS2-17.5-7.5-26052024-Q=39.54mLphut-3
1154,BOD 7.5,47.98016,5074,45.31,2.67016,U42-H2-VS2-24.05.2024,U42-h2-VS2-17.5-7.5-26052024-Q=39.54mLphut-3
1155,BOD 7.5,47.8237,5548,45.43,2.3937,U42-H2-VS2-24.05.2024,U42-h2-VS2-17.5-7.5-26052024-Q=39.54mLphut-3
1156,GGA15,288.6289,301,278.93,9.69892,U43-H1-VS2-24.05.2024,U43-H1-VS2-15-5-27052024-Q=49.80mL-phút-1
1157,GGA15,288.6765,775,278.68,9.99653,U43-H1-VS2-24.05.2024,U43-H1-VS2-15-5-27052024-Q=49.80mL-phút-1
1158,GGA15,288.6628,1248,278.64,10.02282,U43-H1-VS2-24.05.2024,U43-H1-VS2-15-5-27052024-Q=49.80mL-phút-1
1159,GGA15,288.5247,1721,277.18,11.34469,U43-H1-VS2-24.05.2024,U43-H1-VS2-15-5-27052024-Q=49.80mL-phút-1
1160,GGA15,288.4285,2197,277.47,10.95848,U43-H1-VS2-24.05.2024,U43-H1-VS2-15-5-27052024-Q=49.80mL-phút-1
1161,GGA15,288.1789,2669,277.24,10.93895,U43-H1-VS2-24.05.2024,U43-H1-VS2-15-5-27052024-Q=49.80mL-phút-1
1162,GGA5,288.6758,3142,277.01,11.66574,U43-H1-VS2-24.05.2024,U43-H1-VS2-15-5-27052024-Q=49.80mL-phút-1
1163,GGA5,288.6498,3614,279.0,9.64979,U43-H1-VS2-24.05.2024,U43-H1-VS2-15-5-27052024-Q=49.80mL-phút-1
1164,GGA5,288.495,4087,278.87,9.625,U43-H1-VS2-24.05.2024,U43-H1-VS2-15-5-27052024-Q=49.80mL-phút-1
1165,GGA5,288.4626,4562,279.37,9.09261,U43-H1-VS2-24.05.2024,U43-H1-VS2-15-5-27052024-Q=49.80mL-phút-1
1166,GGA5,288.3745,5036,278.74,9.63448,U43-H1-VS2-24.05.2024,U43-H1-VS2-15-5-27052024-Q=49.80mL-phút-1
1167,GGA5,288.3026,5509,278.7,9.6026,U43-H1-VS2-24.05.2024,U43-H1-VS2-15-5-27052024-Q=49.80mL-phút-1
1168,GGA20,285.4443,301,276.15,9.2943,U43-H1-VS2-24.05.2024,U43-H1-VS2-20-2.5-27052024-Q=50.56mL-phút-1
1169,GGA20,285.4837,774,275.59,9.89372,U43-H1-VS2-24.05.2024,U43-H1-VS2-20-2.5-27052024-Q=50.56mL-phút-1
1170,GGA20,285.5822,1247,276.21,9.37223,U43-H1-VS2-24.05.2024,U43-H1-VS2-20-2.5-27052024-Q=50.56mL-phút-1
1171,GGA20,285.4729,1722,275.98,9.49285,U43-H1-VS2-24.05.2024,U43-H1-VS2-20-2.5-27052024-Q=50.56mL-phút-1
1172,GGA20,285.3342,2192,275.42,9.91414,U43-H1-VS2-24.05.2024,U43-H1-VS2-20-2.5-27052024-Q=50.56mL-phút-1
1173,GGA2.5,285.2924,2666,277.2,8.09237,U43-H1-VS2-24.05.2024,U43-H1-VS2-20-2.5-27052024-Q=50.56mL-phút-1
1174,GGA2.5,285.4559,3141,277.05,8.40586,U43-H1-VS2-24.05.2024,U43-H1-VS2-20-2.5-27052024-Q=50.56mL-phút-1
1175,GGA2.5,285.4043,3614,277.91,7.49429,U43-H1-VS2-24.05.2024,U43-H1-VS2-20-2.5-27052024-Q=50.56mL-phút-1
1176,GGA2.5,285.4854,4086,277.8,7.68538,U43-H1-VS2-24.05.2024,U43-H1-VS2-20-2.5-27052024-Q=50.56mL-phút-1
1177,GGA2.5,285.6029,4562,278.26,7.34292,U43-H1-VS2-24.05.2024,U43-H1-VS2-20-2.5-27052024-Q=50.56mL-phút-1
1178,GGA2.5,285.8569,5034,278.79,7.06689,U43-H1-VS2-24.05.2024,U43-H1-VS2-20-2.5-27052024-Q=50.56mL-phút-1
1179,GGA15,58.73386,301,55.0,3.73386,U44-H2-VS2-24.05.2024,U44-H2-VS2-15-7.5-27052024-Q=40.2mL-phút-4
1180,GGA15,58.84178,779,55.35,3.49178,U44-H2-VS2-24.05.2024,U44-H2-VS2-15-7.5-27052024-Q=40.2mL-phút-4
1181,GGA15,58.71067,1247,55.25,3.46067,U44-H2-VS2-24.05.2024,U44-H2-VS2-15-7.5-27052024-Q=40.2mL-phút-4
1182,GGA15,58.18091,1726,54.95,3.23091,U44-H2-VS2-24.05.2024,U44-H2-VS2-15-7.5-27052024-Q=40.2mL-phút-4
1183,GGA15,58.12409,2203,54.83,3.29409,U44-H2-VS2-24.05.2024,U44-H2-VS2-15-7.5-27052024-Q=40.2mL-phút-4
1184,GGA15,58.02818,2670,54.6,3.42818,U44-H2-VS2-24.05.2024,U44-H2-VS2-15-7.5-27052024-Q=40.2mL-phút-4
1185,GGA7.5,57.85886,3144,54.7,3.15886,U44-H2-VS2-24.05.2024,U44-H2-VS2-15-7.5-27052024-Q=40.2mL-phút-4
1186,GGA7.5,57.74886,3614,54.76,2.98886,U44-H2-VS2-24.05.2024,U44-H2-VS2-15-7.5-27052024-Q=40.2mL-phút-4
1187,GGA7.5,57.74022,4092,54.62,3.12022,U44-H2-VS2-24.05.2024,U44-H2-VS2-15-7.5-27052024-Q=40.2mL-phút-4
1188,GGA7.5,57.41136,4566,54.45,2.96136,U44-H2-VS2-24.05.2024,U44-H2-VS2-15-7.5-27052024-Q=40.2mL-phút-4
1189,GGA7.5,57.16533,5037,54.07,3.09533,U44-H2-VS2-24.05.2024,U44-H2-VS2-15-7.5-27052024-Q=40.2mL-phút-4
1190,GGA7.5,57.06,5511,54.03,3.03,U44-H2-VS2-24.05.2024,U44-H2-VS2-15-7.5-27052024-Q=40.2mL-phút-4
1191,GGA20,291.3253,301,279.77,11.55528,U45-H1-VS2-26.05.2024,U45-H1-VS2-20-2.5-28052024-Q=48.92mL-phút-2
1192,GGA20,291.3626,774,279.87,11.49255,U45-H1-VS2-26.05.2024,U45-H1-VS2-20-2.5-28052024-Q=48.92mL-phút-2
1193,GGA20,291.3576,1247,279.71,11.64765,U45-H1-VS2-26.05.2024,U45-H1-VS2-20-2.5-28052024-Q=48.92mL-phút-2
1194,GGA20,291.4315,1721,279.79,11.64145,U45-H1-VS2-26.05.2024,U45-H1-VS2-20-2.5-28052024-Q=48.92mL-phút-2
1195,GGA20,291.6289,2194,279.06,12.56891,U45-H1-VS2-26.05.2024,U45-H1-VS2-20-2.5-28052024-Q=48.92mL-phút-2
1196,GGA20,291.5456,2668,279.39,12.15563,U45-H1-VS2-26.05.2024,U45-H1-VS2-20-2.5-28052024-Q=48.92mL-phút-2
1197,GGA20,291.5426,3140,279.5,12.04259,U45-H1-VS2-26.05.2024,U45-H1-VS2-20-2.5-28052024-Q=48.92mL-phút-2
1198,GGA2.5,291.3138,3617,280.25,11.06382,U45-H1-VS2-26.05.2024,U45-H1-VS2-20-2.5-28052024-Q=48.92mL-phút-2
1199,GGA2.5,291.2673,4090,281.76,9.50726,U45-H1-VS2-26.05.2024,U45-H1-VS2-20-2.5-28052024-Q=48.92mL-phút-2
1200,GGA2.5,291.2756,4562,282.09,9.18564,U45-H1-VS2-26.05.2024,U45-H1-VS2-20-2.5-28052024-Q=48.92mL-phút-2
1201,GGA2.5,291.3911,5036,282.36,9.0311,U45-H1-VS2-26.05.2024,U45-H1-VS2-20-2.5-28052024-Q=48.92mL-phút-2
1202,GGA2.5,291.5102,5510,282.7,8.81017,U45-H1-VS2-26.05.2024,U45-H1-VS2-20-2.5-28052024-Q=48.92mL-phút-2
1203,GGA2.5,291.6296,5983,283.09,8.53963,U45-H1-VS2-26.05.2024,U45-H1-VS2-20-2.5-28052024-Q=48.92mL-phút-2
1204,GGA10,57.25154,301,51.95,5.14154,U46-H2-VS2-26.05.2024,U46-H2-VS2-10-2.5-28052024-Q=38.96mL-phút-4
1205,GGA10,57.24941,782,52.11,5.27941,U46-H2-VS2-26.05.2024,U46-H2-VS2-10-2.5-28052024-Q=38.96mL-phút-4
1206,GGA10,57.14462,1246,51.97,5.11462,U46-H2-VS2-26.05.2024,U46-H2-VS2-10-2.5-28052024-Q=38.96mL-phút-4
1207,GGA10,57.14865,1723,52.03,5.21865,U46-H2-VS2-26.05.2024,U46-H2-VS2-10-2.5-28052024-Q=38.96mL-phút-4
1208,GGA10,56.99731,2197,51.93,5.55731,U46-H2-VS2-26.05.2024,U46-H2-VS2-10-2.5-28052024-Q=38.96mL-phút-4
1209,GGA10,56.89769,2674,51.44,5.47769,U46-H2-VS2-26.05.2024,U46-H2-VS2-10-2.5-28052024-Q=38.96mL-phút-4
1210,GGA2.5,56.80077,3144,51.42,4.56077,U46-H2-VS2-26.05.2024,U46-H2-VS2-10-2.5-28052024-Q=38.96mL-phút-4
1211,GGA2.5,56.83784,3611,52.24,4.59784,U46-H2-VS2-26.05.2024,U46-H2-VS2-10-2.5-28052024-Q=38.96mL-phút-4
1212,GGA2.5,56.95765,4092,52.41,4.54765,U46-H2-VS2-26.05.2024,U46-H2-VS2-10-2.5-28052024-Q=38.96mL-phút-4
1213,GGA2.5,57.01769,4566,52.89,4.12769,U46-H2-VS2-26.05.2024,U46-H2-VS2-10-2.5-28052024-Q=38.96mL-phút-4
1214,GGA2.5,56.95038,5041,52.62,4.33038,U46-H2-VS2-26.05.2024,U46-H2-VS2-10-2.5-28052024-Q=38.96mL-phút-4
1215,GGA2.5,57.20942,5518,53.1,4.10942,U46-H2-VS2-26.05.2024,U46-H2-VS2-10-2.5-28052024-Q=38.96mL-phút-4
1216,GGA2.5,57.31308,6002,53.27,4.04308,U46-H2-VS2-26.05.2024,U46-H2-VS2-10-2.5-28052024-Q=38.96mL-phút-4
1217,GGA2.5,57.39942,6467,53.31,4.08942,U46-H2-VS2-26.05.2024,U46-H2-VS2-10-2.5-28052024-Q=38.96mL-phút-4
1218,GGA17.5,60.94058,301,53.97,6.97058,U46-H2-VS2-26.05.2024,U46-H2-VS2-17.5-7.5-28052024-Q=40.28mL-phút-3
1219,GGA17.5,60.68769,770,54.2,6.48769,U46-H2-VS2-26.05.2024,U46-H2-VS2-17.5-7.5-28052024-Q=40.28mL-phút-3
1220,GGA17.5,60.36058,1245,53.52,6.84058,U46-H2-VS2-26.05.2024,U46-H2-VS2-17.5-7.5-28052024-Q=40.28mL-phút-3
1221,GGA17.5,60.33038,1721,53.96,6.37038,U46-H2-VS2-26.05.2024,U46-H2-VS2-17.5-7.5-28052024-Q=40.28mL-phút-3
1222,GGA17.5,59.8675,2193,53.29,6.5775,U46-H2-VS2-26.05.2024,U46-H2-VS2-17.5-7.5-28052024-Q=40.28mL-phút-3
1223,GGA17.5,59.98673,2662,53.8,6.18673,U46-H2-VS2-26.05.2024,U46-H2-VS2-17.5-7.5-28052024-Q=40.28mL-phút-3
1224,GGA7.5,59.88519,3139,54.13,5.75519,U46-H2-VS2-26.05.2024,U46-H2-VS2-17.5-7.5-28052024-Q=40.28mL-phút-3
1225,GGA7.5,59.75558,3622,53.9,5.85558,U46-H2-VS2-26.05.2024,U46-H2-VS2-17.5-7.5-28052024-Q=40.28mL-phút-3
1226,GGA7.5,59.37269,4088,53.48,5.89269,U46-H2-VS2-26.05.2024,U46-H2-VS2-17.5-7.5-28052024-Q=40.28mL-phút-3
1227,GGA7.5,59.30731,4559,53.1,6.20731,U46-H2-VS2-26.05.2024,U46-H2-VS2-17.5-7.5-28052024-Q=40.28mL-phút-3
1228,GGA7.5,59.3825,5026,53.54,5.8425,U46-H2-VS2-26.05.2024,U46-H2-VS2-17.5-7.5-28052024-Q=40.28mL-phút-3
1229,GGA7.5,59.19962,5509,53.04,6.15962,U46-H2-VS2-26.05.2024,U46-H2-VS2-17.5-7.5-28052024-Q=40.28mL-phút-3
1230,GGA7.5,58.88173,5978,53.31,5.57173,U46-H2-VS2-26.05.2024,U46-H2-VS2-17.5-7.5-28052024-Q=40.28mL-phút-3
1231,GGA15,290.9182,301,277.26,13.65814,U47-H1-VS2-27.05.2024,U47-H1-VS2-15-2.5-29052024-Q=50.48mL-phút-4
1232,GGA15,290.8642,773,277.47,13.39418,U47-H1-VS2-27.05.2024,U47-H1-VS2-15-2.5-29052024-Q=50.48mL-phút-4
1233,GGA15,290.9063,1247,277.3,13.60631,U47-H1-VS2-27.05.2024,U47-H1-VS2-15-2.5-29052024-Q=50.48mL-phút-4
1234,GGA15,290.5291,1719,276.92,13.60906,U47-H1-VS2-27.05.2024,U47-H1-VS2-15-2.5-29052024-Q=50.48mL-phút-4
1235,GGA15,290.3806,2193,276.44,13.94056,U47-H1-VS2-27.05.2024,U47-H1-VS2-15-2.5-29052024-Q=50.48mL-phút-4
1236,GGA15,290.1541,2667,276.72,13.43407,U47-H1-VS2-27.05.2024,U47-H1-VS2-15-2.5-29052024-Q=50.48mL-phút-4
1237,GGA2.5,290.815,3142,280.48,10.33499,U47-H1-VS2-27.05.2024,U47-H1-VS2-15-2.5-29052024-Q=50.48mL-phút-4
1238,GGA2.5,290.687,3616,281.23,9.45703,U47-H1-VS2-27.05.2024,U47-H1-VS2-15-2.5-29052024-Q=50.48mL-phút-4
1239,GGA2.5,290.3141,4091,281.32,8.99406,U47-H1-VS2-27.05.2024,U47-H1-VS2-15-2.5-29052024-Q=50.48mL-phút-4
1240,GGA2.5,290.4422,4565,280.94,9.50222,U47-H1-VS2-27.05.2024,U47-H1-VS2-15-2.5-29052024-Q=50.48mL-phút-4
1241,GGA2.5,290.7185,5035,281.55,9.16853,U47-H1-VS2-27.05.2024,U47-H1-VS2-15-2.5-29052024-Q=50.48mL-phút-4
1242,GGA2.5,290.8126,5508,281.55,9.26259,U47-H1-VS2-27.05.2024,U47-H1-VS2-15-2.5-29052024-Q=50.48mL-phút-4
1243,GGA2.5,290.5695,5980,281.04,9.52951,U47-H1-VS2-27.05.2024,U47-H1-VS2-15-2.5-29052024-Q=50.48mL-phút-4
1244,GGA20,287.5153,301,274.31,13.20532,U47-H1-VS2-27.05.2024,U47-H1-VS2-20-2.5-29052024-Q=49.44mL-phút-3
1245,GGA20,287.5871,776,273.81,13.77714,U47-H1-VS2-27.05.2024,U47-H1-VS2-20-2.5-29052024-Q=49.44mL-phút-3
1246,GGA20,287.7369,1247,274.27,13.46695,U47-H1-VS2-27.05.2024,U47-H1-VS2-20-2.5-29052024-Q=49.44mL-phút-3
1247,GGA20,287.664,1723,274.37,13.29403,U47-H1-VS2-27.05.2024,U47-H1-VS2-20-2.5-29052024-Q=49.44mL-phút-3
1248,GGA20,287.3781,2198,274.02,13.35807,U47-H1-VS2-27.05.2024,U47-H1-VS2-20-2.5-29052024-Q=49.44mL-phút-3
1249,GGA2.5,287.4094,2670,277.24,10.16936,U47-H1-VS2-27.05.2024,U47-H1-VS2-20-2.5-29052024-Q=49.44mL-phút-3
1250,GGA2.5,287.3631,3144,277.3,10.06307,U47-H1-VS2-27.05.2024,U47-H1-VS2-20-2.5-29052024-Q=49.44mL-phút-3
1251,GGA2.5,287.2989,3616,277.18,10.1189,U47-H1-VS2-27.05.2024,U47-H1-VS2-20-2.5-29052024-Q=49.44mL-phút-3
1252,GGA2.5,287.4557,4090,277.3,10.15573,U47-H1-VS2-27.05.2024,U47-H1-VS2-20-2.5-29052024-Q=49.44mL-phút-3
1253,GGA2.5,287.6563,4565,277.78,9.87629,U47-H1-VS2-27.05.2024,U47-H1-VS2-20-2.5-29052024-Q=49.44mL-phút-3
1254,GGA2.5,287.7284,5036,278.08,9.6484,U47-H1-VS2-27.05.2024,U47-H1-VS2-20-2.5-29052024-Q=49.44mL-phút-3
1255,GGA15,61.94071,301,57.69,4.25071,U48-H2-VS2-27.05.2024,U48-H2-VS2-15-5-29052024-Q=36.56mL-phút-2
1256,GGA15,61.64018,773,57.18,4.46018,U48-H2-VS2-27.05.2024,U48-H2-VS2-15-5-29052024-Q=36.56mL-phút-2
1257,GGA15,61.48661,1250,57.29,4.19661,U48-H2-VS2-27.05.2024,U48-H2-VS2-15-5-29052024-Q=36.56mL-phút-2
1258,GGA15,61.47804,1719,57.45,4.02804,U48-H2-VS2-27.05.2024,U48-H2-VS2-15-5-29052024-Q=36.56mL-phút-2
1259,GGA15,61.30821,2190,56.82,4.48821,U48-H2-VS2-27.05.2024,U48-H2-VS2-15-5-29052024-Q=36.56mL-phút-2
1260,GGA15,60.93903,2665,56.7,4.23903,U48-H2-VS2-27.05.2024,U48-H2-VS2-15-5-29052024-Q=36.56mL-phút-2
1261,GGA5,60.79236,3147,57.03,3.76236,U48-H2-VS2-27.05.2024,U48-H2-VS2-15-5-29052024-Q=36.56mL-phút-2
1262,GGA5,60.54931,3611,57.37,3.17931,U48-H2-VS2-27.05.2024,U48-H2-VS2-15-5-29052024-Q=36.56mL-phút-2
1263,GGA5,60.39736,4087,57.27,3.12736,U48-H2-VS2-27.05.2024,U48-H2-VS2-15-5-29052024-Q=36.56mL-phút-2
1264,GGA5,59.91514,4561,56.42,3.49514,U48-H2-VS2-27.05.2024,U48-H2-VS2-15-5-29052024-Q=36.56mL-phút-2
1265,GGA5,59.66139,5038,56.44,3.22139,U48-H2-VS2-27.05.2024,U48-H2-VS2-15-5-29052024-Q=36.56mL-phút-2
1266,GGA5,59.72431,5507,56.38,3.34431,U48-H2-VS2-27.05.2024,U48-H2-VS2-15-5-29052024-Q=36.56mL-phút-2
1267,GGA5,59.75,5983,56.38,3.37,U48-H2-VS2-27.05.2024,U48-H2-VS2-15-5-29052024-Q=36.56mL-phút-2
1268,GGA17.5,291.8246,302,277.32,14.50463,U49-H1-VS2-28.05.2024,U49-H1-VS2-17.5-5-30052024-Q=51.08mL-phút-1
1269,GGA17.5,291.7698,775,277.43,14.33983,U49-H1-VS2-28.05.2024,U49-H1-VS2-17.5-5-30052024-Q=51.08mL-phút-1
1270,GGA17.5,291.725,1250,277.01,14.71499,U49-H1-VS2-28.05.2024,U49-H1-VS2-17.5-5-30052024-Q=51.08mL-phút-1
1271,GGA17.5,292.177,1722,277.53,14.64697,U49-H1-VS2-28.05.2024,U49-H1-VS2-17.5-5-30052024-Q=51.08mL-phút-1
1272,GGA17.5,292.7768,2196,277.11,15.66679,U49-H1-VS2-28.05.2024,U49-H1-VS2-17.5-5-30052024-Q=51.08mL-phút-1
1273,GGA17.5,293.0355,2668,277.97,15.06553,U49-H1-VS2-28.05.2024,U49-H1-VS2-17.5-5-30052024-Q=51.08mL-phút-1
1274,GGA5,292.3379,3143,279.39,12.94784,U49-H1-VS2-28.05.2024,U49-H1-VS2-17.5-5-30052024-Q=51.08mL-phút-1
1275,GGA5,292.6623,3617,280.27,12.39233,U49-H1-VS2-28.05.2024,U49-H1-VS2-17.5-5-30052024-Q=51.08mL-phút-1
1276,GGA5,292.6979,4089,280.31,12.38785,U49-H1-VS2-28.05.2024,U49-H1-VS2-17.5-5-30052024-Q=51.08mL-phút-1
1277,GGA5,292.6755,4563,280.21,12.46554,U49-H1-VS2-28.05.2024,U49-H1-VS2-17.5-5-30052024-Q=51.08mL-phút-1
1278,GGA5,292.8186,5037,280.38,12.43857,U49-H1-VS2-28.05.2024,U49-H1-VS2-17.5-5-30052024-Q=51.08mL-phút-1
1279,GGA5,293.1418,5509,280.17,12.97178,U49-H1-VS2-28.05.2024,U49-H1-VS2-17.5-5-30052024-Q=51.08mL-phút-1
1280,GGA5,293.2573,5983,280.86,12.39733,U49-H1-VS2-28.05.2024,U49-H1-VS2-17.5-5-30052024-Q=51.08mL-phút-1
1281,GGA17.5,293.8047,301,277.7,16.10472,U49-H1-VS2-28.05.2024,U49-H1-VS2-17.5-7.5-30052024-Q=50.28mL-phút-5
1282,GGA17.5,293.623,774,277.59,16.03303,U49-H1-VS2-28.05.2024,U49-H1-VS2-17.5-7.5-30052024-Q=50.28mL-phút-5
1283,GGA17.5,293.5649,1249,276.21,17.35492,U49-H1-VS2-28.05.2024,U49-H1-VS2-17.5-7.5-30052024-Q=50.28mL-phút-5
1284,GGA17.5,293.3863,1722,275.9,17.48626,U49-H1-VS2-28.05.2024,U49-H1-VS2-17.5-7.5-30052024-Q=50.28mL-phút-5
1285,GGA17.5,293.4705,2194,276.34,17.13054,U49-H1-VS2-28.05.2024,U49-H1-VS2-17.5-7.5-30052024-Q=50.28mL-phút-5
1286,GGA17.5,293.4507,2666,276.13,17.32073,U49-H1-VS2-28.05.2024,U49-H1-VS2-17.5-7.5-30052024-Q=50.28mL-phút-5
1287,GGA17.5,293.1764,3141,275.15,18.02644,U49-H1-VS2-28.05.2024,U49-H1-VS2-17.5-7.5-30052024-Q=50.28mL-phút-5
1288,GGA7.5,292.9493,3621,277.66,15.28927,U49-H1-VS2-28.05.2024,U49-H1-VS2-17.5-7.5-30052024-Q=50.28mL-phút-5
1289,GGA7.5,293.2593,4093,278.81,14.44927,U49-H1-VS2-28.05.2024,U49-H1-VS2-17.5-7.5-30052024-Q=50.28mL-phút-5
1290,GGA7.5,293.0948,4565,278.12,14.97482,U49-H1-VS2-28.05.2024,U49-H1-VS2-17.5-7.5-30052024-Q=50.28mL-phút-5
1291,GGA7.5,292.787,5040,277.13,15.65696,U49-H1-VS2-28.05.2024,U49-H1-VS2-17.5-7.5-30052024-Q=50.28mL-phút-5
1292,GGA7.5,293.3145,5511,278.05,15.26447,U49-H1-VS2-28.05.2024,U49-H1-VS2-17.5-7.5-30052024-Q=50.28mL-phút-5
1293,GGA7.5,293.5302,5986,278.26,15.27017,U49-H1-VS2-28.05.2024,U49-H1-VS2-17.5-7.5-30052024-Q=50.28mL-phút-5
1294,GGA7.5,293.6418,6458,278.14,15.50178,U49-H1-VS2-28.05.2024,U49-H1-VS2-17.5-7.5-30052024-Q=50.28mL-phút-5
1295,GGA7.5,293.7107,6934,277.55,16.16072,U49-H1-VS2-28.05.2024,U49-H1-VS2-17.5-7.5-30052024-Q=50.28mL-phút-5
1296,GGA7.5,293.5688,7404,277.43,16.13876,U49-H1-VS2-28.05.2024,U49-H1-VS2-17.5-7.5-30052024-Q=50.28mL-phút-5
1297,GGA15,60.57196,277,55.86,4.71196,U50-H2-VS2-28.05.2024,U50-H2-VS2-15-5-30052024-Q=43.02mL-phút-3
1298,GGA15,60.37714,750,55.65,4.72714,U50-H2-VS2-28.05.2024,U50-H2-VS2-15-5-30052024-Q=43.02mL-phút-3
1299,GGA15,60.08145,1224,55.23,4.85145,U50-H2-VS2-28.05.2024,U50-H2-VS2-15-5-30052024-Q=43.02mL-phút-3
1300,GGA15,59.72732,1701,54.78,4.94732,U50-H2-VS2-28.05.2024,U50-H2-VS2-15-5-30052024-Q=43.02mL-phút-3
1301,GGA15,59.39339,2169,54.72,4.67339,U50-H2-VS2-28.05.2024,U50-H2-VS2-15-5-30052024-Q=43.02mL-phút-3
1302,GGA15,59.46161,2646,54.87,4.59161,U50-H2-VS2-28.05.2024,U50-H2-VS2-15-5-30052024-Q=43.02mL-phút-3
1303,GGA5,59.17929,3126,55.5,3.67929,U50-H2-VS2-28.05.2024,U50-H2-VS2-15-5-30052024-Q=43.02mL-phút-3
1304,GGA5,58.89464,3595,54.91,3.98464,U50-H2-VS2-28.05.2024,U50-H2-VS2-15-5-30052024-Q=43.02mL-phút-3
1305,GGA5,58.51821,4067,54.95,3.56821,U50-H2-VS2-28.05.2024,U50-H2-VS2-15-5-30052024-Q=43.02mL-phút-3
1306,GGA5,58.27926,4538,54.62,3.65926,U50-H2-VS2-28.05.2024,U50-H2-VS2-15-5-30052024-Q=43.02mL-phút-3
1307,GGA5,58.10441,5013,54.28,3.82441,U50-H2-VS2-28.05.2024,U50-H2-VS2-15-5-30052024-Q=43.02mL-phút-3
1308,GGA5,58.06235,5487,54.22,3.84235,U50-H2-VS2-28.05.2024,U50-H2-VS2-15-5-30052024-Q=43.02mL-phút-3
1309,GGA17.5,296.1368,301,277.95,18.18677,U51-H1-VS2-29.05.2024,U51-H1-VS2-17.5-5-31052024-Q=49.62mL-phút-2
1310,GGA17.5,295.8251,774,278.12,17.70508,U51-H1-VS2-29.05.2024,U51-H1-VS2-17.5-5-31052024-Q=49.62mL-phút-2
1311,GGA17.5,295.7359,1249,277.74,17.99594,U51-H1-VS2-29.05.2024,U51-H1-VS2-17.5-5-31052024-Q=49.62mL-phút-2
1312,GGA17.5,295.4864,1724,276.88,18.60644,U51-H1-VS2-29.05.2024,U51-H1-VS2-17.5-5-31052024-Q=49.62mL-phút-2
1313,GGA17.5,295.1707,2197,277.26,17.91067,U51-H1-VS2-29.05.2024,U51-H1-VS2-17.5-5-31052024-Q=49.62mL-phút-2
1314,GGA17.5,295.1264,2670,280.84,14.28644,U51-H1-VS2-29.05.2024,U51-H1-VS2-17.5-5-31052024-Q=49.62mL-phút-2
1315,GGA5,294.8787,3142,280.48,14.39864,U51-H1-VS2-29.05.2024,U51-H1-VS2-17.5-5-31052024-Q=49.62mL-phút-2
1316,GGA5,294.8485,3614,280.96,13.88849,U51-H1-VS2-29.05.2024,U51-H1-VS2-17.5-5-31052024-Q=49.62mL-phút-2
1317,GGA5,294.578,4092,280.48,14.09796,U51-H1-VS2-29.05.2024,U51-H1-VS2-17.5-5-31052024-Q=49.62mL-phút-2
1318,GGA5,294.4048,4564,280.27,14.13476,U51-H1-VS2-29.05.2024,U51-H1-VS2-17.5-5-31052024-Q=49.62mL-phút-2
1319,GGA5,294.3173,5038,280.46,13.8573,U51-H1-VS2-29.05.2024,U51-H1-VS2-17.5-5-31052024-Q=49.62mL-phút-2
1320,GGA17.5,60.20136,301,50.85,9.35136,U52-28.05.2024,U52-H2-VS2-17.5-5-31052024-Q=41.04mL-phút-3
1321,GGA17.5,59.95102,773,50.41,9.54102,U52-28.05.2024,U52-H2-VS2-17.5-5-31052024-Q=41.04mL-phút-3
1322,GGA17.5,59.75746,1248,50.64,9.11746,U52-28.05.2024,U52-H2-VS2-17.5-5-31052024-Q=41.04mL-phút-3
1323,GGA17.5,59.51441,1723,50.24,9.27441,U52-28.05.2024,U52-H2-VS2-17.5-5-31052024-Q=41.04mL-phút-3
1324,GGA17.5,59.22508,2195,50.16,9.06508,U52-28.05.2024,U52-H2-VS2-17.5-5-31052024-Q=41.04mL-phút-3
1325,GGA17.5,58.9661,2666,49.95,9.0161,U52-28.05.2024,U52-H2-VS2-17.5-5-31052024-Q=41.04mL-phút-3
1326,GGA17.5,58.5861,3137,50.08,8.5061,U52-28.05.2024,U52-H2-VS2-17.5-5-31052024-Q=41.04mL-phút-3
1327,GGA17.5,58.26814,3610,49.55,8.71814,U52-28.05.2024,U52-H2-VS2-17.5-5-31052024-Q=41.04mL-phút-3
1328,GGA17.5,59.01797,4083,50.2,8.81797,U52-28.05.2024,U52-H2-VS2-17.5-5-31052024-Q=41.04mL-phút-3
1329,GGA5,58.66373,4556,51.69,6.97373,U52-28.05.2024,U52-H2-VS2-17.5-5-31052024-Q=41.04mL-phút-3
1330,GGA5,58.39458,5035,51.38,7.01458,U52-28.05.2024,U52-H2-VS2-17.5-5-31052024-Q=41.04mL-phút-3
1331,GGA5,58.26508,5507,51.49,6.77508,U52-28.05.2024,U52-H2-VS2-17.5-5-31052024-Q=41.04mL-phút-3
1332,GGA5,58.10051,5980,51.09,7.01051,U52-28.05.2024,U52-H2-VS2-17.5-5-31052024-Q=41.04mL-phút-3
1333,GGA5,58.03305,6451,51.06,6.97305,U52-28.05.2024,U52-H2-VS2-17.5-5-31052024-Q=41.04mL-phút-3
1334,GGA5,58.01271,6926,51.21,6.80271,U52-28.05.2024,U52-H2-VS2-17.5-5-31052024-Q=41.04mL-phút-3
1335,GGA5,57.84203,7403,50.9,6.94203,U52-28.05.2024,U52-H2-VS2-17.5-5-31052024-Q=41.04mL-phút-3
1336,GGA15,291.3981,301,277.2,14.19812,U53-H1-VS2-30.05.2024,U53-H1-VS2-15-0-03062024-Q=49.8mL-phút-1
1337,GGA15,291.4692,775,277.15,14.31918,U53-H1-VS2-30.05.2024,U53-H1-VS2-15-0-03062024-Q=49.8mL-phút-1
1338,GGA15,291.4817,1247,277.34,14.14167,U53-H1-VS2-30.05.2024,U53-H1-VS2-15-0-03062024-Q=49.8mL-phút-1
1339,GGA15,291.5931,1721,277.05,14.54313,U53-H1-VS2-30.05.2024,U53-H1-VS2-15-0-03062024-Q=49.8mL-phút-1
1340,GGA15,291.4388,2194,276.9,14.53876,U53-H1-VS2-30.05.2024,U53-H1-VS2-15-0-03062024-Q=49.8mL-phút-1
1341,GGA15,290.7285,2666,280.0,10.72854,U53-H1-VS2-30.05.2024,U53-H1-VS2-15-0-03062024-Q=49.8mL-phút-1
1342,GGA0,290.9419,3140,282.28,8.66188,U53-H1-VS2-30.05.2024,U53-H1-VS2-15-0-03062024-Q=49.8mL-phút-1
1343,GGA0,291.0596,3612,283.3,7.75959,U53-H1-VS2-30.05.2024,U53-H1-VS2-15-0-03062024-Q=49.8mL-phút-1
1344,GGA0,290.9967,4089,283.26,7.73666,U53-H1-VS2-30.05.2024,U53-H1-VS2-15-0-03062024-Q=49.8mL-phút-1
1345,GGA0,291.1824,4559,283.66,7.52238,U53-H1-VS2-30.05.2024,U53-H1-VS2-15-0-03062024-Q=49.8mL-phút-1
1346,GGA0,291.2388,5034,283.99,7.24885,U53-H1-VS2-30.05.2024,U53-H1-VS2-15-0-03062024-Q=49.8mL-phút-1
1347,GGA0,291.261,5506,283.51,7.75094,U53-H1-VS2-30.05.2024,U53-H1-VS2-15-0-03062024-Q=49.8mL-phút-1
1348,GGA0,291.5583,5979,283.74,7.81834,U53-H1-VS2-30.05.2024,U53-H1-VS2-15-0-03062024-Q=49.8mL-phút-1
1349,GGA12.5,319.1188,301,292.1,27.01874,U54-H3-VS2-31.05.2024,U54-H3-VS2-12.5-7.5-03062024-Q=50.26mL-phút-3
1350,GGA12.5,319.2792,776,292.9,26.37916,U54-H3-VS2-31.05.2024,U54-H3-VS2-12.5-7.5-03062024-Q=50.26mL-phút-3
1351,GGA12.5,318.8167,1248,291.7,27.11666,U54-H3-VS2-31.05.2024,U54-H3-VS2-12.5-7.5-03062024-Q=50.26mL-phút-3
1352,GGA12.5,318.3708,1722,290.4,27.97083,U54-H3-VS2-31.05.2024,U54-H3-VS2-12.5-7.5-03062024-Q=50.26mL-phút-3
1353,GGA12.5,316.9833,2196,289.3,27.68334,U54-H3-VS2-31.05.2024,U54-H3-VS2-12.5-7.5-03062024-Q=50.26mL-phút-3
1354,GGA12.5,317.0729,2670,289.2,27.87291,U54-H3-VS2-31.05.2024,U54-H3-VS2-12.5-7.5-03062024-Q=50.26mL-phút-3
1355,GGA7.5,319.4313,3143,291.3,28.13125,U54-H3-VS2-31.05.2024,U54-H3-VS2-12.5-7.5-03062024-Q=50.26mL-phút-3
1356,GGA7.5,318.0958,3618,291.0,27.09582,U54-H3-VS2-31.05.2024,U54-H3-VS2-12.5-7.5-03062024-Q=50.26mL-phút-3
1357,GGA7.5,317.2125,4089,291.4,25.81251,U54-H3-VS2-31.05.2024,U54-H3-VS2-12.5-7.5-03062024-Q=50.26mL-phút-3
1358,GGA7.5,317.3875,4561,290.9,26.48751,U54-H3-VS2-31.05.2024,U54-H3-VS2-12.5-7.5-03062024-Q=50.26mL-phút-3
1359,GGA7.5,316.4333,5036,289.6,26.83332,U54-H3-VS2-31.05.2024,U54-H3-VS2-12.5-7.5-03062024-Q=50.26mL-phút-3
1360,GGA7.5,315.6813,5509,289.9,25.78125,U54-H3-VS2-31.05.2024,U54-H3-VS2-12.5-7.5-03062024-Q=50.26mL-phút-3
1361,GGA15,286.1917,301,273.93,12.26167,U55-H1-VS2-31.05.2024,U55-H1-VS2-15-0-04062024-Q=51.44mL-phút-1
1362,GGA15,286.0838,778,274.08,12.00382,U55-H1-VS2-31.05.2024,U55-H1-VS2-15-0-04062024-Q=51.44mL-phút-1
1363,GGA15,286.2024,1250,273.47,12.73238,U55-H1-VS2-31.05.2024,U55-H1-VS2-15-0-04062024-Q=51.44mL-phút-1
1364,GGA15,286.0695,1726,273.66,12.40952,U55-H1-VS2-31.05.2024,U55-H1-VS2-15-0-04062024-Q=51.44mL-phút-1
1365,GGA15,286.0502,2198,273.47,12.58024,U55-H1-VS2-31.05.2024,U55-H1-VS2-15-0-04062024-Q=51.44mL-phút-1
1366,GGA0,285.795,2674,275.11,10.68501,U55-H1-VS2-31.05.2024,U55-H1-VS2-15-0-04062024-Q=51.44mL-phút-1
1367,GGA0,285.7376,3147,276.32,9.41761,U55-H1-VS2-31.05.2024,U55-H1-VS2-15-0-04062024-Q=51.44mL-phút-1
1368,GGA0,285.5962,3618,276.44,9.15619,U55-H1-VS2-31.05.2024,U55-H1-VS2-15-0-04062024-Q=51.44mL-phút-1
1369,GGA0,286.0074,4091,277.07,8.93737,U55-H1-VS2-31.05.2024,U55-H1-VS2-15-0-04062024-Q=51.44mL-phút-1
1370,GGA0,285.8029,4565,276.8,9.00287,U55-H1-VS2-31.05.2024,U55-H1-VS2-15-0-04062024-Q=51.44mL-phút-1
1371,GGA0,286.0941,5038,277.13,8.96405,U55-H1-VS2-31.05.2024,U55-H1-VS2-15-0-04062024-Q=51.44mL-phút-1
1372,GGA12.5,289.2091,301,276.07,13.13908,U57-H1-VS2-03.06.2024,U57-H1-12.5-2.5-L-05062024-Q=50.2mL-phút-4
1373,GGA12.5,288.2289,780,275.77,12.45887,U57-H1-VS2-03.06.2024,U57-H1-12.5-2.5-L-05062024-Q=50.2mL-phút-4
1374,GGA12.5,288.233,1254,274.96,13.27296,U57-H1-VS2-03.06.2024,U57-H1-12.5-2.5-L-05062024-Q=50.2mL-phút-4
1375,GGA12.5,288.2974,1724,275.0,13.29744,U57-H1-VS2-03.06.2024,U57-H1-12.5-2.5-L-05062024-Q=50.2mL-phút-4
1376,GGA12.5,288.3627,2198,274.71,13.65274,U57-H1-VS2-03.06.2024,U57-H1-12.5-2.5-L-05062024-Q=50.2mL-phút-4
1377,GGA12.5,288.4496,2670,274.52,13.92956,U57-H1-VS2-03.06.2024,U57-H1-12.5-2.5-L-05062024-Q=50.2mL-phút-4
1378,GGA2.5,288.9836,3148,276.28,12.70364,U57-H1-VS2-03.06.2024,U57-H1-12.5-2.5-L-05062024-Q=50.2mL-phút-4
1379,GGA2.5,288.8279,3616,278.68,10.14792,U57-H1-VS2-03.06.2024,U57-H1-12.5-2.5-L-05062024-Q=50.2mL-phút-4
1380,GGA2.5,289.1458,4091,279.29,9.85581,U57-H1-VS2-03.06.2024,U57-H1-12.5-2.5-L-05062024-Q=50.2mL-phút-4
1381,GGA2.5,288.8395,4565,278.64,10.19953,U57-H1-VS2-03.06.2024,U57-H1-12.5-2.5-L-05062024-Q=50.2mL-phút-4
1382,GGA2.5,288.5573,5038,278.43,10.12735,U57-H1-VS2-03.06.2024,U57-H1-12.5-2.5-L-05062024-Q=50.2mL-phút-4
1383,GGA2.5,288.4086,5513,278.33,10.0786,U57-H1-VS2-03.06.2024,U57-H1-12.5-2.5-L-05062024-Q=50.2mL-phút-4
1384,GGA2.5,288.2856,5984,278.6,9.68561,U57-H1-VS2-03.06.2024,U57-H1-12.5-2.5-L-05062024-Q=50.2mL-phút-4
1385,GGA12.5,289.5419,301,274.67,14.8719,U59-H1-VS2-04.06.2024,U59-H1-VS2-12.5-2.5-06062024-Q=49.54mL-phút-4
1386,GGA12.5,289.7207,773,274.48,15.24071,U59-H1-VS2-04.06.2024,U59-H1-VS2-12.5-2.5-06062024-Q=49.54mL-phút-4
1387,GGA12.5,289.5712,1248,274.39,15.18118,U59-H1-VS2-04.06.2024,U59-H1-VS2-12.5-2.5-06062024-Q=49.54mL-phút-4
1388,GGA12.5,289.4255,1722,273.52,15.90549,U59-H1-VS2-04.06.2024,U59-H1-VS2-12.5-2.5-06062024-Q=49.54mL-phút-4
1389,GGA12.5,289.1757,2194,273.58,15.59573,U59-H1-VS2-04.06.2024,U59-H1-VS2-12.5-2.5-06062024-Q=49.54mL-phút-4
1390,GGA12.5,289.7841,2663,277.89,11.89404,U59-H1-VS2-04.06.2024,U59-H1-VS2-12.5-2.5-06062024-Q=49.54mL-phút-4
1391,GGA2.5,289.8705,3138,279.41,10.46047,U59-H1-VS2-04.06.2024,U59-H1-VS2-12.5-2.5-06062024-Q=49.54mL-phút-4
1392,GGA2.5,289.9855,3614,278.64,11.34552,U59-H1-VS2-04.06.2024,U59-H1-VS2-12.5-2.5-06062024-Q=49.54mL-phút-4
1393,GGA2.5,290.349,4082,279.73,10.61894,U59-H1-VS2-04.06.2024,U59-H1-VS2-12.5-2.5-06062024-Q=49.54mL-phút-4
1394,GGA2.5,290.6555,4557,279.66,10.99553,U59-H1-VS2-04.06.2024,U59-H1-VS2-12.5-2.5-06062024-Q=49.54mL-phút-4
1395,GGA2.5,290.5384,5030,279.62,10.91842,U59-H1-VS2-04.06.2024,U59-H1-VS2-12.5-2.5-06062024-Q=49.54mL-phút-4
1396,GGA2.5,290.3833,5503,279.08,11.3033,U59-H1-VS2-04.06.2024,U59-H1-VS2-12.5-2.5-06062024-Q=49.54mL-phút-4
1397,GGA2.5,290.4236,5976,279.6,10.82354,U59-H1-VS2-04.06.2024,U59-H1-VS2-12.5-2.5-06062024-Q=49.54mL-phút-4
1398,GGA12.5,290.3113,301,282.93,7.38133,U61-H1-VS2-05.06.2024,U61-H1-VS2-12.5-5-07062024-Q=50.84mL-phút-4
1399,GGA12.5,290.0962,774,282.97,7.12623,U61-H1-VS2-05.06.2024,U61-H1-VS2-12.5-5-07062024-Q=50.84mL-phút-4
1400,GGA12.5,289.803,1247,282.74,7.06298,U61-H1-VS2-05.06.2024,U61-H1-VS2-12.5-5-07062024-Q=50.84mL-phút-4
1401,GGA12.5,289.3531,1722,282.13,7.22313,U61-H1-VS2-05.06.2024,U61-H1-VS2-12.5-5-07062024-Q=50.84mL-phút-4
1402,GGA12.5,288.9735,2195,281.48,7.49354,U61-H1-VS2-05.06.2024,U61-H1-VS2-12.5-5-07062024-Q=50.84mL-phút-4
1403,GGA12.5,289.1145,2666,281.15,7.96447,U61-H1-VS2-05.06.2024,U61-H1-VS2-12.5-5-07062024-Q=50.84mL-phút-4
1404,GGA5,289.0723,3140,281.02,8.05234,U61-H1-VS2-05.06.2024,U61-H1-VS2-12.5-5-07062024-Q=50.84mL-phút-4
1405,GGA5,289.4321,3613,282.59,6.84213,U61-H1-VS2-05.06.2024,U61-H1-VS2-12.5-5-07062024-Q=50.84mL-phút-4
1406,GGA5,288.2742,4092,282.03,6.2442,U61-H1-VS2-05.06.2024,U61-H1-VS2-12.5-5-07062024-Q=50.84mL-phút-4
1407,GGA5,288.7081,4571,282.99,5.71814,U61-H1-VS2-05.06.2024,U61-H1-VS2-12.5-5-07062024-Q=50.84mL-phút-4
1408,GGA5,288.6053,5043,282.78,5.82531,U61-H1-VS2-05.06.2024,U61-H1-VS2-12.5-5-07062024-Q=50.84mL-phút-4
1409,GGA5,288.7076,5517,282.91,5.79761,U61-H1-VS2-05.06.2024,U61-H1-VS2-12.5-5-07062024-Q=50.84mL-phút-4
1410,GGA5,288.9348,5991,283.05,5.88479,U61-H1-VS2-05.06.2024,U61-H1-VS2-12.5-5-07062024-Q=50.84mL-phút-4
1411,GGA5,288.8739,6472,282.89,5.98393,U61-H1-VS2-05.06.2024,U61-H1-VS2-12.5-5-07062024-Q=50.84mL-phút-4
1412,GGA15,321.9125,303,297.4,24.5125,U62-H3-VS2-05.06.2024,U62-H3-VS2-15-0-07062024-Q=51.16mL-phút-3
1413,GGA15,321.2396,776,296.7,24.53959,U62-H3-VS2-05.06.2024,U62-H3-VS2-15-0-07062024-Q=51.16mL-phút-3
1414,GGA15,320.7132,1250,295.9,24.81324,U62-H3-VS2-05.06.2024,U62-H3-VS2-15-0-07062024-Q=51.16mL-phút-3
1415,GGA15,320.3441,1722,295.4,24.94413,U62-H3-VS2-05.06.2024,U62-H3-VS2-15-0-07062024-Q=51.16mL-phút-3
1416,GGA15,320.2706,2194,295.5,24.77058,U62-H3-VS2-05.06.2024,U62-H3-VS2-15-0-07062024-Q=51.16mL-phút-3
1417,GGA15,322.2406,2673,300.1,22.14058,U62-H3-VS2-05.06.2024,U62-H3-VS2-15-0-07062024-Q=51.16mL-phút-3
1418,GGA15,323.25,3147,304.2,19.05001,U62-H3-VS2-05.06.2024,U62-H3-VS2-15-0-07062024-Q=51.16mL-phút-3
1419,GGA0,322.9304,3620,304.8,18.13043,U62-H3-VS2-05.06.2024,U62-H3-VS2-15-0-07062024-Q=51.16mL-phút-3
1420,GGA0,323.2779,4094,305.5,17.77794,U62-H3-VS2-05.06.2024,U62-H3-VS2-15-0-07062024-Q=51.16mL-phút-3
1421,GGA0,322.4485,4567,303.5,18.94853,U62-H3-VS2-05.06.2024,U62-H3-VS2-15-0-07062024-Q=51.16mL-phút-3
1422,GGA0,323.0897,5038,304.4,18.6897,U62-H3-VS2-05.06.2024,U62-H3-VS2-15-0-07062024-Q=51.16mL-phút-3
1423,GGA12.5,296.6048,301,289.68,6.92484,U63-H1-VS2-06.06.2024,U63-H1-VS2-12.5-7.5-10062024-Q=50.54mL-phút-4
1424,GGA12.5,296.7871,775,289.87,6.91707,U63-H1-VS2-06.06.2024,U63-H1-VS2-12.5-7.5-10062024-Q=50.54mL-phút-4
1425,GGA12.5,297.0124,1247,289.97,7.04241,U63-H1-VS2-06.06.2024,U63-H1-VS2-12.5-7.5-10062024-Q=50.54mL-phút-4
1426,GGA12.5,297.271,1724,289.87,7.40095,U63-H1-VS2-06.06.2024,U63-H1-VS2-12.5-7.5-10062024-Q=50.54mL-phút-4
1427,GGA12.5,296.9374,2197,289.54,7.39743,U63-H1-VS2-06.06.2024,U63-H1-VS2-12.5-7.5-10062024-Q=50.54mL-phút-4
1428,GGA12.5,297.3636,2667,289.62,7.74357,U63-H1-VS2-06.06.2024,U63-H1-VS2-12.5-7.5-10062024-Q=50.54mL-phút-4
1429,GGA7.5,297.4462,3143,289.18,8.2662,U63-H1-VS2-06.06.2024,U63-H1-VS2-12.5-7.5-10062024-Q=50.54mL-phút-4
1430,GGA7.5,296.7914,3614,289.56,7.2314,U63-H1-VS2-06.06.2024,U63-H1-VS2-12.5-7.5-10062024-Q=50.54mL-phút-4
1431,GGA7.5,296.7074,4084,290.62,6.08738,U63-H1-VS2-06.06.2024,U63-H1-VS2-12.5-7.5-10062024-Q=50.54mL-phút-4
1432,GGA7.5,296.5845,4562,290.79,5.79451,U63-H1-VS2-06.06.2024,U63-H1-VS2-12.5-7.5-10062024-Q=50.54mL-phút-4
1433,GGA7.5,296.5669,5033,290.79,5.77689,U63-H1-VS2-06.06.2024,U63-H1-VS2-12.5-7.5-10062024-Q=50.54mL-phút-4
1434,GGA7.5,296.5584,5505,290.43,6.12838,U63-H1-VS2-06.06.2024,U63-H1-VS2-12.5-7.5-10062024-Q=50.54mL-phút-4
1435,GGA7.5,296.745,5983,290.27,6.47501,U63-H1-VS2-06.06.2024,U63-H1-VS2-12.5-7.5-10062024-Q=50.54mL-phút-4
1436,GGA7.5,295.9967,6454,289.85,6.14673,U63-H1-VS2-06.06.2024,U63-H1-VS2-12.5-7.5-10062024-Q=50.54mL-phút-4
1437,GGA15,293.6465,301,283.51,10.13649,U63-H1-VS2-06.06.2024,U63-H1-VS2-15-0-10062024-Q=50.28mL-phút-4
1438,GGA15,293.5763,770,282.97,10.60634,U63-H1-VS2-06.06.2024,U63-H1-VS2-15-0-10062024-Q=50.28mL-phút-4
1439,GGA15,293.9478,1243,283.24,10.70781,U63-H1-VS2-06.06.2024,U63-H1-VS2-15-0-10062024-Q=50.28mL-phút-4
1440,GGA15,294.07,1716,283.89,10.17999,U63-H1-VS2-06.06.2024,U63-H1-VS2-15-0-10062024-Q=50.28mL-phút-4
1441,GGA15,294.0643,2190,283.78,10.28425,U63-H1-VS2-06.06.2024,U63-H1-VS2-15-0-10062024-Q=50.28mL-phút-4
1442,GGA15,293.7176,2662,285.52,8.19757,U63-H1-VS2-06.06.2024,U63-H1-VS2-15-0-10062024-Q=50.28mL-phút-4
1443,GGA0,294.1473,3136,286.86,7.28733,U63-H1-VS2-06.06.2024,U63-H1-VS2-15-0-10062024-Q=50.28mL-phút-4
1444,GGA0,294.5872,3607,287.8,6.78721,U63-H1-VS2-06.06.2024,U63-H1-VS2-15-0-10062024-Q=50.28mL-phút-4
1445,GGA0,295.076,4081,288.24,6.83601,U63-H1-VS2-06.06.2024,U63-H1-VS2-15-0-10062024-Q=50.28mL-phút-4
1446,GGA0,295.4848,4555,288.28,7.2048,U63-H1-VS2-06.06.2024,U63-H1-VS2-15-0-10062024-Q=50.28mL-phút-4
1447,GGA0,296.2824,5028,288.82,7.46238,U63-H1-VS2-06.06.2024,U63-H1-VS2-15-0-10062024-Q=50.28mL-phút-4
1448,GGA15,296.8163,301,284.04,12.77633,U65-H1-VS2-07.06.2024,U65-H1-VS2-15-5-1162024-Q=50.34mL-phút-5
1449,GGA15,296.851,776,284.14,12.71095,U65-H1-VS2-07.06.2024,U65-H1-VS2-15-5-1162024-Q=50.34mL-phút-5
1450,GGA15,296.4885,1248,283.26,13.22848,U65-H1-VS2-07.06.2024,U65-H1-VS2-15-5-1162024-Q=50.34mL-phút-5
1451,GGA15,296.2894,1722,283.22,13.06943,U65-H1-VS2-07.06.2024,U65-H1-VS2-15-5-1162024-Q=50.34mL-phút-5
1452,GGA15,296.0272,2197,282.89,13.13716,U65-H1-VS2-07.06.2024,U65-H1-VS2-15-5-1162024-Q=50.34mL-phút-5
1453,GGA15,296.55,2676,284.56,11.99,U65-H1-VS2-07.06.2024,U65-H1-VS2-15-5-1162024-Q=50.34mL-phút-5
1454,GGA5,296.5733,3148,285.0,11.57327,U65-H1-VS2-07.06.2024,U65-H1-VS2-15-5-1162024-Q=50.34mL-phút-5
1455,GGA5,296.3136,3622,285.02,11.2936,U65-H1-VS2-07.06.2024,U65-H1-VS2-15-5-1162024-Q=50.34mL-phút-5
1456,GGA5,296.1217,4097,284.47,11.6517,U65-H1-VS2-07.06.2024,U65-H1-VS2-15-5-1162024-Q=50.34mL-phút-5
1457,GGA5,295.8708,4569,284.35,11.52076,U65-H1-VS2-07.06.2024,U65-H1-VS2-15-5-1162024-Q=50.34mL-phút-5
1458,GGA5,295.8742,5042,284.04,11.83422,U65-H1-VS2-07.06.2024,U65-H1-VS2-15-5-1162024-Q=50.34mL-phút-5
1459,GGA17.5,293.4246,301,280.02,13.40459,U65-H1-VS2-07.06.2024,U65-H1-VS2-17.5-0-1162024-Q=50.96mL-phút-1
1460,GGA17.5,293.3641,775,280.08,13.28408,U65-H1-VS2-07.06.2024,U65-H1-VS2-17.5-0-1162024-Q=50.96mL-phút-1
1461,GGA17.5,293.4554,1247,280.04,13.41541,U65-H1-VS2-07.06.2024,U65-H1-VS2-17.5-0-1162024-Q=50.96mL-phút-1
1462,GGA17.5,293.5103,1720,279.73,13.78033,U65-H1-VS2-07.06.2024,U65-H1-VS2-17.5-0-1162024-Q=50.96mL-phút-1
1463,GGA17.5,293.3998,2194,279.52,13.87984,U65-H1-VS2-07.06.2024,U65-H1-VS2-17.5-0-1162024-Q=50.96mL-phút-1
1464,GGA17.5,293.6788,2667,280.25,13.42879,U65-H1-VS2-07.06.2024,U65-H1-VS2-17.5-0-1162024-Q=50.96mL-phút-1
1465,GGA0,293.3841,3142,281.04,12.34413,U65-H1-VS2-07.06.2024,U65-H1-VS2-17.5-0-1162024-Q=50.96mL-phút-1
1466,GGA0,293.0226,3617,284.12,8.90259,U65-H1-VS2-07.06.2024,U65-H1-VS2-17.5-0-1162024-Q=50.96mL-phút-1
1467,GGA0,293.3046,4088,285.1,8.20456,U65-H1-VS2-07.06.2024,U65-H1-VS2-17.5-0-1162024-Q=50.96mL-phút-1
1468,GGA0,293.5409,4562,285.77,7.77087,U65-H1-VS2-07.06.2024,U65-H1-VS2-17.5-0-1162024-Q=50.96mL-phút-1
1469,GGA0,293.5585,5036,285.94,7.61847,U65-H1-VS2-07.06.2024,U65-H1-VS2-17.5-0-1162024-Q=50.96mL-phút-1
1470,GGA0,293.8164,5508,286.23,7.58643,U65-H1-VS2-07.06.2024,U65-H1-VS2-17.5-0-1162024-Q=50.96mL-phút-1
1471,GGA0,293.8939,5983,286.54,7.35389,U65-H1-VS2-07.06.2024,U65-H1-VS2-17.5-0-1162024-Q=50.96mL-phút-1
1472,GGA0,293.8717,6455,286.27,7.60171,U65-H1-VS2-07.06.2024,U65-H1-VS2-17.5-0-1162024-Q=50.96mL-phút-1
1473,GGA17.5,295.3553,301,285.81,9.54534,U67-H1-VS2-10.06.2024,U67-H1-VS2-17.5-2.5-12062024-Q=50.24mL-phút-4
1474,GGA17.5,295.0769,775,285.48,9.59689,U67-H1-VS2-10.06.2024,U67-H1-VS2-17.5-2.5-12062024-Q=50.24mL-phút-4
1475,GGA17.5,295.6778,1247,285.58,10.09777,U67-H1-VS2-10.06.2024,U67-H1-VS2-17.5-2.5-12062024-Q=50.24mL-phút-4
1476,GGA17.5,295.5981,1722,285.48,10.1181,U67-H1-VS2-10.06.2024,U67-H1-VS2-17.5-2.5-12062024-Q=50.24mL-phút-4
1477,GGA17.5,295.4993,2194,285.39,10.1093,U67-H1-VS2-10.06.2024,U67-H1-VS2-17.5-2.5-12062024-Q=50.24mL-phút-4
1478,GGA17.5,295.0529,2669,285.33,9.72294,U67-H1-VS2-10.06.2024,U67-H1-VS2-17.5-2.5-12062024-Q=50.24mL-phút-4
1479,GGA2.5,294.6759,3143,287.44,7.23586,U67-H1-VS2-10.06.2024,U67-H1-VS2-17.5-2.5-12062024-Q=50.24mL-phút-4
1480,GGA2.5,294.2329,3617,288.57,5.66292,U67-H1-VS2-10.06.2024,U67-H1-VS2-17.5-2.5-12062024-Q=50.24mL-phút-4
1481,GGA2.5,294.1621,4089,288.72,5.44207,U67-H1-VS2-10.06.2024,U67-H1-VS2-17.5-2.5-12062024-Q=50.24mL-phút-4
1482,GGA2.5,293.8358,4563,288.43,5.4058,U67-H1-VS2-10.06.2024,U67-H1-VS2-17.5-2.5-12062024-Q=50.24mL-phút-4
1483,GGA2.5,293.6793,5036,288.43,5.24932,U67-H1-VS2-10.06.2024,U67-H1-VS2-17.5-2.5-12062024-Q=50.24mL-phút-4
1484,GGA2.5,293.6543,5510,288.68,4.97432,U67-H1-VS2-10.06.2024,U67-H1-VS2-17.5-2.5-12062024-Q=50.24mL-phút-4
1485,GGA2.5,293.3598,5984,288.49,4.86984,U67-H1-VS2-10.06.2024,U67-H1-VS2-17.5-2.5-12062024-Q=50.24mL-phút-4
1486,GGA20,287.9937,301,278.87,9.1237,U69-H1-VS2-11.06.2024,U69-H1-VS2-20-15-13062024-Q=50.10mL-phút-4
1487,GGA20,287.9778,776,279.1,8.87781,U69-H1-VS2-11.06.2024,U69-H1-VS2-20-15-13062024-Q=50.10mL-phút-4
1488,GGA20,287.5138,1245,278.79,8.72377,U69-H1-VS2-11.06.2024,U69-H1-VS2-20-15-13062024-Q=50.10mL-phút-4
1489,GGA20,287.1804,1720,277.99,9.19044,U69-H1-VS2-11.06.2024,U69-H1-VS2-20-15-13062024-Q=50.10mL-phút-4
1490,GGA20,287.0731,2192,278.26,8.8131,U69-H1-VS2-11.06.2024,U69-H1-VS2-20-15-13062024-Q=50.10mL-phút-4
1491,GGA20,287.032,2666,277.82,9.21195,U69-H1-VS2-11.06.2024,U69-H1-VS2-20-15-13062024-Q=50.10mL-phút-4
1492,GGA15,287.4111,3137,278.03,9.38109,U69-H1-VS2-11.06.2024,U69-H1-VS2-20-15-13062024-Q=50.10mL-phút-4
1493,GGA15,287.323,3610,278.91,8.41304,U69-H1-VS2-11.06.2024,U69-H1-VS2-20-15-13062024-Q=50.10mL-phút-4
1494,GGA15,286.9863,4085,278.41,8.57631,U69-H1-VS2-11.06.2024,U69-H1-VS2-20-15-13062024-Q=50.10mL-phút-4
1495,GGA15,287.2736,4560,278.74,8.53357,U69-H1-VS2-11.06.2024,U69-H1-VS2-20-15-13062024-Q=50.10mL-phút-4
1496,GGA15,286.8307,5039,278.58,8.25066,U69-H1-VS2-11.06.2024,U69-H1-VS2-20-15-13062024-Q=50.10mL-phút-4
1497,GGA15,284.6079,5518,277.24,7.36788,U69-H1-VS2-11.06.2024,U69-H1-VS2-20-15-13062024-Q=50.10mL-phút-4
1498,GGA15,284.7407,5987,276.65,8.09067,U69-H1-VS2-11.06.2024,U69-H1-VS2-20-15-13062024-Q=50.10mL-phút-4
1499,GGA17.5,285.104,301,276.69,8.41404,U69-H1-VS2-11.06.2024,U69-H1-VS2-17.5-0-13062024-Q=50.6mL-phút-2
1500,GGA17.5,285.0779,773,276.51,8.56791,U69-H1-VS2-11.06.2024,U69-H1-VS2-17.5-0-13062024-Q=50.6mL-phút-2
1501,GGA17.5,284.683,1247,276.03,8.65302,U69-H1-VS2-11.06.2024,U69-H1-VS2-17.5-0-13062024-Q=50.6mL-phút-2
1502,GGA17.5,285.024,1720,275.98,8.95395,U69-H1-VS2-11.06.2024,U69-H1-VS2-17.5-0-13062024-Q=50.6mL-phút-2
1503,GGA17.5,285.0158,2195,275.96,9.05578,U69-H1-VS2-11.06.2024,U69-H1-VS2-17.5-0-13062024-Q=50.6mL-phút-2
1504,GGA17.5,285.2202,2669,276.51,8.71014,U69-H1-VS2-11.06.2024,U69-H1-VS2-17.5-0-13062024-Q=50.6mL-phút-2
1505,GGA0,285.0727,3142,278.14,6.93272,U69-H1-VS2-11.06.2024,U69-H1-VS2-17.5-0-13062024-Q=50.6mL-phút-2
1506,GGA0,285.4842,3617,279.41,6.07424,U69-H1-VS2-11.06.2024,U69-H1-VS2-17.5-0-13062024-Q=50.6mL-phút-2
1507,GGA0,285.5246,4094,279.64,5.88454,U69-H1-VS2-11.06.2024,U69-H1-VS2-17.5-0-13062024-Q=50.6mL-phút-2
1508,GGA0,285.8732,4565,279.83,6.04319,U69-H1-VS2-11.06.2024,U69-H1-VS2-17.5-0-13062024-Q=50.6mL-phút-2
1509,GGA0,285.6199,5040,279.46,6.15986,U69-H1-VS2-11.06.2024,U69-H1-VS2-17.5-0-13062024-Q=50.6mL-phút-2
1510,GGA0,285.4488,5512,279.79,5.6588,U69-H1-VS2-11.06.2024,U69-H1-VS2-17.5-0-13062024-Q=50.6mL-phút-2
1511,GGA17.5,283.0764,301,275.46,7.61645,U71-H1-VS2-12.06.2024,U71-H1-VS2-17.5-0-14062024-Q=50.2mL-phút-3
1512,GGA17.5,283.4721,774,275.61,7.86206,U71-H1-VS2-12.06.2024,U71-H1-VS2-17.5-0-14062024-Q=50.2mL-phút-3
1513,GGA17.5,284.302,1248,276.17,8.13203,U71-H1-VS2-12.06.2024,U71-H1-VS2-17.5-0-14062024-Q=50.2mL-phút-3
1514,GGA17.5,284.7828,1720,277.09,7.69275,U71-H1-VS2-12.06.2024,U71-H1-VS2-17.5-0-14062024-Q=50.2mL-phút-3
1515,GGA17.5,285.839,2194,277.74,8.09901,U71-H1-VS2-12.06.2024,U71-H1-VS2-17.5-0-14062024-Q=50.2mL-phút-3
1516,GGA17.5,285.6763,2668,277.66,8.01625,U71-H1-VS2-12.06.2024,U71-H1-VS2-17.5-0-14062024-Q=50.2mL-phút-3
1517,GGA17.5,286.406,3153,279.02,7.38601,U71-H1-VS2-12.06.2024,U71-H1-VS2-17.5-0-14062024-Q=50.2mL-phút-3
1518,GGA0,286.438,3619,280.04,6.39799,U71-H1-VS2-12.06.2024,U71-H1-VS2-17.5-0-14062024-Q=50.2mL-phút-3
1519,GGA0,286.9808,4090,280.81,6.17075,U71-H1-VS2-12.06.2024,U71-H1-VS2-17.5-0-14062024-Q=50.2mL-phút-3
1520,GGA0,287.2163,4567,281.57,5.64624,U71-H1-VS2-12.06.2024,U71-H1-VS2-17.5-0-14062024-Q=50.2mL-phút-3
1521,GGA0,287.2955,5039,282.78,4.5155,U71-H1-VS2-12.06.2024,U71-H1-VS2-17.5-0-14062024-Q=50.2mL-phút-3
1522,GGA0,288.294,5512,283.22,5.074,U71-H1-VS2-12.06.2024,U71-H1-VS2-17.5-0-14062024-Q=50.2mL-phút-3
1523,GGA0,287.9805,5990,282.99,4.99051,U71-H1-VS2-12.06.2024,U71-H1-VS2-17.5-0-14062024-Q=50.2mL-phút-3
1524,GGA17.5,298.4692,301,276.4,22.06923,U72-H3-VS2-12.06.2024,U72-H3-VS2-17.5-0-14062024-Q=50.36mL-phút-4
1525,GGA17.5,297.9827,775,276.7,21.2827,U72-H3-VS2-12.06.2024,U72-H3-VS2-17.5-0-14062024-Q=50.36mL-phút-4
1526,GGA17.5,298.1528,1250,276.1,22.05282,U72-H3-VS2-12.06.2024,U72-H3-VS2-17.5-0-14062024-Q=50.36mL-phút-4
1527,GGA17.5,298.9792,1722,276.1,22.87923,U72-H3-VS2-12.06.2024,U72-H3-VS2-17.5-0-14062024-Q=50.36mL-phút-4
1528,GGA17.5,302.495,2196,278.5,23.99501,U72-H3-VS2-12.06.2024,U72-H3-VS2-17.5-0-14062024-Q=50.36mL-phút-4
1529,GGA17.5,306.5291,2669,281.6,24.92912,U72-H3-VS2-12.06.2024,U72-H3-VS2-17.5-0-14062024-Q=50.36mL-phút-4
1530,GGA17.5,309.68,3142,283.2,26.48,U72-H3-VS2-12.06.2024,U72-H3-VS2-17.5-0-14062024-Q=50.36mL-phút-4
1531,GGA0,312.8239,3616,285.7,27.12392,U72-H3-VS2-12.06.2024,U72-H3-VS2-17.5-0-14062024-Q=50.36mL-phút-4
1532,GGA0,313.8426,4089,298.6,15.24256,U72-H3-VS2-12.06.2024,U72-H3-VS2-17.5-0-14062024-Q=50.36mL-phút-4
1533,GGA0,314.987,4563,302.4,12.58697,U72-H3-VS2-12.06.2024,U72-H3-VS2-17.5-0-14062024-Q=50.36mL-phút-4
1534,GGA0,317.7087,5035,305.0,12.70869,U72-H3-VS2-12.06.2024,U72-H3-VS2-17.5-0-14062024-Q=50.36mL-phút-4
1535,GGA0,318.2186,5509,305.9,12.31856,U72-H3-VS2-12.06.2024,U72-H3-VS2-17.5-0-14062024-Q=50.36mL-phút-4
1536,GGA0,315.9214,5981,304.3,11.62142,U72-H3-VS2-12.06.2024,U72-H3-VS2-17.5-0-14062024-Q=50.36mL-phút-4
1537,GGA0,316.5114,6456,305.1,11.41144,U72-H3-VS2-12.06.2024,U72-H3-VS2-17.5-0-14062024-Q=50.36mL-phút-4
1538,GGA20,298.8908,393,290.6,8.29078,U73-H1-VS2-14.06.2024,U73-H1-VS2-20-15-16062024-Q=49.88mLphut-5
1539,GGA20,298.6836,866,290.43,8.25365,U73-H1-VS2-14.06.2024,U73-H1-VS2-20-15-16062024-Q=49.88mLphut-5
1540,GGA20,298.6699,1339,290.27,8.39988,U73-H1-VS2-14.06.2024,U73-H1-VS2-20-15-16062024-Q=49.88mLphut-5
1541,GGA20,298.6696,1814,290.16,8.5096,U73-H1-VS2-14.06.2024,U73-H1-VS2-20-15-16062024-Q=49.88mLphut-5
1542,GGA20,298.3742,2289,289.58,8.79421,U73-H1-VS2-14.06.2024,U73-H1-VS2-20-15-16062024-Q=49.88mLphut-5
1543,GGA20,298.5413,2760,290.12,8.4213,U73-H1-VS2-14.06.2024,U73-H1-VS2-20-15-16062024-Q=49.88mLphut-5
1544,GGA15,296.681,3234,288.59,8.09104,U73-H1-VS2-14.06.2024,U73-H1-VS2-20-15-16062024-Q=49.88mLphut-5
1545,GGA15,297.989,3701,289.93,8.05896,U73-H1-VS2-14.06.2024,U73-H1-VS2-20-15-16062024-Q=49.88mLphut-5
1546,GGA15,297.2349,4175,289.33,7.90488,U73-H1-VS2-14.06.2024,U73-H1-VS2-20-15-16062024-Q=49.88mLphut-5
1547,GGA15,297.1082,4649,289.31,7.7982,U73-H1-VS2-14.06.2024,U73-H1-VS2-20-15-16062024-Q=49.88mLphut-5
1548,GGA15,297.3074,5125,289.08,8.22736,U73-H1-VS2-14.06.2024,U73-H1-VS2-20-15-16062024-Q=49.88mLphut-5
1549,GGA15,297.4754,5595,289.39,8.08539,U73-H1-VS2-14.06.2024,U73-H1-VS2-20-15-16062024-Q=49.88mLphut-5
1550,GGA15,297.443,6070,289.33,8.11301,U73-H1-VS2-14.06.2024,U73-H1-VS2-20-15-16062024-Q=49.88mLphut-5
1551,GGA15,297.6482,6544,289.79,7.85819,U73-H1-VS2-14.06.2024,U73-H1-VS2-20-15-16062024-Q=49.88mLphut-5
1552,GGA15,297.5443,7014,289.66,7.88429,U73-H1-VS2-14.06.2024,U73-H1-VS2-20-15-16062024-Q=49.88mLphut-5
1553,BOD17.5,372.2305,302,351.1,21.13047,U74-H3-VS2-14.06.2024,U74-H3-VS2-17.5-12.5-16062024-Q=50.42mLphut-4
1554,BOD17.5,369.3711,775,349.3,20.0711,U74-H3-VS2-14.06.2024,U74-H3-VS2-17.5-12.5-16062024-Q=50.42mLphut-4
1555,BOD17.5,367.5586,1249,348.5,19.05859,U74-H3-VS2-14.06.2024,U74-H3-VS2-17.5-12.5-16062024-Q=50.42mLphut-4
1556,BOD17.5,365.9953,1722,346.1,19.89528,U74-H3-VS2-14.06.2024,U74-H3-VS2-17.5-12.5-16062024-Q=50.42mLphut-4
1557,BOD17.5,363.6268,2196,342.4,21.22676,U74-H3-VS2-14.06.2024,U74-H3-VS2-17.5-12.5-16062024-Q=50.42mLphut-4
1558,BOD17.5,363.2488,2670,343.8,19.44881,U74-H3-VS2-14.06.2024,U74-H3-VS2-17.5-12.5-16062024-Q=50.42mLphut-4
1559,BOD17.5,362.9269,3143,343.5,19.42689,U74-H3-VS2-14.06.2024,U74-H3-VS2-17.5-12.5-16062024-Q=50.42mLphut-4
1560,BOD12.5,361.1301,3615,342.1,19.03012,U74-H3-VS2-14.06.2024,U74-H3-VS2-17.5-12.5-16062024-Q=50.42mLphut-4
1561,BOD12.5,359.9871,4088,341.2,18.78711,U74-H3-VS2-14.06.2024,U74-H3-VS2-17.5-12.5-16062024-Q=50.42mLphut-4
1562,BOD12.5,359.0796,4562,341.3,17.77956,U74-H3-VS2-14.06.2024,U74-H3-VS2-17.5-12.5-16062024-Q=50.42mLphut-4
1563,BOD12.5,358.1172,5035,340.9,17.21721,U74-H3-VS2-14.06.2024,U74-H3-VS2-17.5-12.5-16062024-Q=50.42mLphut-4
1564,BOD12.5,356.8656,5508,338.6,18.26558,U74-H3-VS2-14.06.2024,U74-H3-VS2-17.5-12.5-16062024-Q=50.42mLphut-4
1565,BOD12.5,354.972,5983,336.8,18.17203,U74-H3-VS2-14.06.2024,U74-H3-VS2-17.5-12.5-16062024-Q=50.42mLphut-4
1566,BOD12.5,352.9677,6455,335.3,17.66774,U74-H3-VS2-14.06.2024,U74-H3-VS2-17.5-12.5-16062024-Q=50.42mLphut-4
1567,BOD17.5,341.8571,321,325.3,16.55713,U74-H3-VS2-14.06.2024,U74-H3-VS2-17.5-12.5-16062024-Q=50.14mLphut-5
1568,BOD17.5,342.4191,796,326.2,16.21904,U74-H3-VS2-14.06.2024,U74-H3-VS2-17.5-12.5-16062024-Q=50.14mLphut-5
1569,BOD17.5,341.7889,1269,326.5,15.28889,U74-H3-VS2-14.06.2024,U74-H3-VS2-17.5-12.5-16062024-Q=50.14mLphut-5
1570,BOD17.5,342.0156,1741,326.2,15.81561,U74-H3-VS2-14.06.2024,U74-H3-VS2-17.5-12.5-16062024-Q=50.14mLphut-5
1571,BOD17.5,342.5859,2215,326.3,16.28594,U74-H3-VS2-14.06.2024,U74-H3-VS2-17.5-12.5-16062024-Q=50.14mLphut-5
1572,BOD17.5,341.4476,2688,325.7,15.74761,U74-H3-VS2-14.06.2024,U74-H3-VS2-17.5-12.5-16062024-Q=50.14mLphut-5
1573,BOD12.5,340.3492,3162,326.4,13.9492,U74-H3-VS2-14.06.2024,U74-H3-VS2-17.5-12.5-16062024-Q=50.14mLphut-5
1574,BOD12.5,339.8286,3635,326.3,13.52857,U74-H3-VS2-14.06.2024,U74-H3-VS2-17.5-12.5-16062024-Q=50.14mLphut-5
1575,BOD12.5,338.3859,4108,325.0,13.38595,U74-H3-VS2-14.06.2024,U74-H3-VS2-17.5-12.5-16062024-Q=50.14mLphut-5
1576,BOD12.5,336.7254,4583,323.1,13.6254,U74-H3-VS2-14.06.2024,U74-H3-VS2-17.5-12.5-16062024-Q=50.14mLphut-5
1577,BOD12.5,337.0391,5056,323.4,13.63908,U74-H3-VS2-14.06.2024,U74-H3-VS2-17.5-12.5-16062024-Q=50.14mLphut-5
1578,BOD12.5,335.9651,5528,323.4,12.56509,U74-H3-VS2-14.06.2024,U74-H3-VS2-17.5-12.5-16062024-Q=50.14mLphut-5
1579,BOD12.5,336.25,6003,322.8,13.44999,U74-H3-VS2-14.06.2024,U74-H3-VS2-17.5-12.5-16062024-Q=50.14mLphut-5
1580,GGA20,295.5279,301,284.98,10.54786,U75-H1-VS2-14.06.2024,U75-H1-VS2-20-12.5-17062024-Q=50.36mL-phút-4
1581,GGA20,295.3298,774,285.42,9.90978,U75-H1-VS2-14.06.2024,U75-H1-VS2-20-12.5-17062024-Q=50.36mL-phút-4
1582,GGA20,295.2783,1247,285.75,9.5283,U75-H1-VS2-14.06.2024,U75-H1-VS2-20-12.5-17062024-Q=50.36mL-phút-4
1583,GGA20,295.4053,1719,285.69,9.71532,U75-H1-VS2-14.06.2024,U75-H1-VS2-20-12.5-17062024-Q=50.36mL-phút-4
1584,GGA20,295.6541,2192,285.62,10.03405,U75-H1-VS2-14.06.2024,U75-H1-VS2-20-12.5-17062024-Q=50.36mL-phút-4
1585,GGA20,295.6362,2666,285.65,9.98618,U75-H1-VS2-14.06.2024,U75-H1-VS2-20-12.5-17062024-Q=50.36mL-phút-4
1586,GGA12.5,294.147,3137,285.75,8.39702,U75-H1-VS2-14.06.2024,U75-H1-VS2-20-12.5-17062024-Q=50.36mL-phút-4
1587,GGA12.5,294.2053,3611,285.56,8.64532,U75-H1-VS2-14.06.2024,U75-H1-VS2-20-12.5-17062024-Q=50.36mL-phút-4
1588,GGA12.5,294.3745,4087,285.83,8.54448,U75-H1-VS2-14.06.2024,U75-H1-VS2-20-12.5-17062024-Q=50.36mL-phút-4
1589,GGA12.5,294.4234,4559,285.81,8.6134,U75-H1-VS2-14.06.2024,U75-H1-VS2-20-12.5-17062024-Q=50.36mL-phút-4
1590,GGA12.5,294.4911,5033,285.79,8.70105,U75-H1-VS2-14.06.2024,U75-H1-VS2-20-12.5-17062024-Q=50.36mL-phút-4
1591,GGA12.5,294.7651,5512,286.25,8.51511,U75-H1-VS2-14.06.2024,U75-H1-VS2-20-12.5-17062024-Q=50.36mL-phút-4
1592,GGA10,290.8208,301,283.64,7.18076,U75-H1-VS2-14.06.2024,U75-H1-VS2-10-0-17062024-Q=49.88mL-phút-4
1593,GGA10,289.8223,770,282.91,6.91231,U75-H1-VS2-14.06.2024,U75-H1-VS2-10-0-17062024-Q=49.88mL-phút-4
1594,GGA10,289.7557,1243,282.89,6.86565,U75-H1-VS2-14.06.2024,U75-H1-VS2-10-0-17062024-Q=49.88mL-phút-4
1595,GGA10,290.0792,1714,283.16,6.91924,U75-H1-VS2-14.06.2024,U75-H1-VS2-10-0-17062024-Q=49.88mL-phút-4
1596,GGA10,290.0742,2189,283.07,7.00423,U75-H1-VS2-14.06.2024,U75-H1-VS2-10-0-17062024-Q=49.88mL-phút-4
1597,GGA10,289.834,2663,282.86,6.97404,U75-H1-VS2-14.06.2024,U75-H1-VS2-10-0-17062024-Q=49.88mL-phút-4
1598,GGA0,290.1105,3137,285.19,4.92046,U75-H1-VS2-14.06.2024,U75-H1-VS2-10-0-17062024-Q=49.88mL-phút-4
1599,GGA0,290.4782,3612,286.86,3.61822,U75-H1-VS2-14.06.2024,U75-H1-VS2-10-0-17062024-Q=49.88mL-phút-4
1600,GGA0,290.3856,4083,287.01,3.3756,U75-H1-VS2-14.06.2024,U75-H1-VS2-10-0-17062024-Q=49.88mL-phút-4
1601,GGA0,290.3503,4556,288.26,2.09029,U75-H1-VS2-14.06.2024,U75-H1-VS2-10-0-17062024-Q=49.88mL-phút-4
1602,GGA0,291.9547,5031,288.55,3.40471,U75-H1-VS2-14.06.2024,U75-H1-VS2-10-0-17062024-Q=49.88mL-phút-4
1603,GGA0,291.9833,5503,288.72,3.26333,U75-H1-VS2-14.06.2024,U75-H1-VS2-10-0-17062024-Q=49.88mL-phút-4
1604,GGA0,292.1252,5978,289.2,2.92514,U75-H1-VS2-14.06.2024,U75-H1-VS2-10-0-17062024-Q=49.88mL-phút-4
1605,GGA10,324.1667,301,309.7,14.46665,U76-H3-VS2-14.06.2024,U76-H3-VS2-10-0-17062024-Q=50.92mL-phút-5
1606,GGA10,323.6667,775,308.5,15.16668,U76-H3-VS2-14.06.2024,U76-H3-VS2-10-0-17062024-Q=50.92mL-phút-5
1607,GGA10,322.208,1248,307.7,14.50799,U76-H3-VS2-14.06.2024,U76-H3-VS2-10-0-17062024-Q=50.92mL-phút-5
1608,GGA10,321.614,1723,306.5,15.11396,U76-H3-VS2-14.06.2024,U76-H3-VS2-10-0-17062024-Q=50.92mL-phút-5
1609,GGA10,320.1488,2195,305.7,14.44884,U76-H3-VS2-14.06.2024,U76-H3-VS2-10-0-17062024-Q=50.92mL-phút-5
1610,GGA10,320.1619,2670,305.5,14.6619,U76-H3-VS2-14.06.2024,U76-H3-VS2-10-0-17062024-Q=50.92mL-phút-5
1611,GGA0,319.6651,3143,309.4,10.26512,U76-H3-VS2-14.06.2024,U76-H3-VS2-10-0-17062024-Q=50.92mL-phút-5
1612,GGA0,320.414,3616,311.2,9.21396,U76-H3-VS2-14.06.2024,U76-H3-VS2-10-0-17062024-Q=50.92mL-phút-5
1613,GGA0,321.0,4090,312.3,8.7,U76-H3-VS2-14.06.2024,U76-H3-VS2-10-0-17062024-Q=50.92mL-phút-5
1614,GGA0,320.2767,4569,312.2,8.07673,U76-H3-VS2-14.06.2024,U76-H3-VS2-10-0-17062024-Q=50.92mL-phút-5
1615,GGA0,321.0047,5041,313.1,7.90464,U76-H3-VS2-14.06.2024,U76-H3-VS2-10-0-17062024-Q=50.92mL-phút-5
1616,GGA0,320.436,5514,312.9,7.53598,U76-H3-VS2-14.06.2024,U76-H3-VS2-10-0-17062024-Q=50.92mL-phút-5
1617,GGA0,319.7875,5989,311.7,8.08751,U76-H3-VS2-14.06.2024,U76-H3-VS2-10-0-17062024-Q=50.92mL-phút-5
1618,GGA17.5,294.3631,301,283.05,11.31315,U77-H1-VS2-16.06.2024,U77-H1-VS2-17.5-5-18062024-Q=50.02mL-phút-4
1619,GGA17.5,294.0183,772,282.97,11.04827,U77-H1-VS2-16.06.2024,U77-H1-VS2-17.5-5-18062024-Q=50.02mL-phút-4
1620,GGA17.5,294.1282,1246,282.49,11.63825,U77-H1-VS2-16.06.2024,U77-H1-VS2-17.5-5-18062024-Q=50.02mL-phút-4
1621,GGA17.5,293.8867,1718,282.36,11.52668,U77-H1-VS2-16.06.2024,U77-H1-VS2-17.5-5-18062024-Q=50.02mL-phút-4
1622,GGA17.5,293.7596,2192,281.92,11.83961,U77-H1-VS2-16.06.2024,U77-H1-VS2-17.5-5-18062024-Q=50.02mL-phút-4
1623,GGA5,294.821,2667,285.52,9.30097,U77-H1-VS2-16.06.2024,U77-H1-VS2-17.5-5-18062024-Q=50.02mL-phút-4
1624,GGA5,294.461,3138,286.15,8.31097,U77-H1-VS2-16.06.2024,U77-H1-VS2-17.5-5-18062024-Q=50.02mL-phút-4
1625,GGA5,294.3298,3613,286.59,7.73981,U77-H1-VS2-16.06.2024,U77-H1-VS2-17.5-5-18062024-Q=50.02mL-phút-4
1626,GGA5,294.9267,4085,286.9,8.02674,U77-H1-VS2-16.06.2024,U77-H1-VS2-17.5-5-18062024-Q=50.02mL-phút-4
1627,GGA5,294.6287,4558,286.54,8.08864,U77-H1-VS2-16.06.2024,U77-H1-VS2-17.5-5-18062024-Q=50.02mL-phút-4
1628,GGA5,294.8814,5033,287.15,7.73136,U77-H1-VS2-16.06.2024,U77-H1-VS2-17.5-5-18062024-Q=50.02mL-phút-4
1629,GGA2.5,315.1978,301,299.0,16.19783,U78-H3-VS2-16.06.2024,U78-H3-VS2-2.5-0-17062024-Q=49.68mL-phút-4
1630,GGA2.5,316.413,772,299.9,16.51304,U78-H3-VS2-16.06.2024,U78-H3-VS2-2.5-0-17062024-Q=49.68mL-phút-4
1631,GGA2.5,319.4586,1251,303.4,16.05861,U78-H3-VS2-16.06.2024,U78-H3-VS2-2.5-0-17062024-Q=49.68mL-phút-4
1632,GGA2.5,316.8698,1730,301.5,15.36982,U78-H3-VS2-16.06.2024,U78-H3-VS2-2.5-0-17062024-Q=49.68mL-phút-4
1633,GGA2.5,317.483,2204,300.9,16.58301,U78-H3-VS2-16.06.2024,U78-H3-VS2-2.5-0-17062024-Q=49.68mL-phút-4
1634,GGA2.5,317.9365,2677,302.3,15.63653,U78-H3-VS2-16.06.2024,U78-H3-VS2-2.5-0-17062024-Q=49.68mL-phút-4
1635,GGA2.5,315.9096,3150,299.4,16.50962,U78-H3-VS2-16.06.2024,U78-H3-VS2-2.5-0-17062024-Q=49.68mL-phút-4
1636,GGA2.5,315.5635,3627,303.5,12.06346,U78-H3-VS2-16.06.2024,U78-H3-VS2-2.5-0-17062024-Q=49.68mL-phút-4
1637,GGA2.5,314.85,4102,305.2,9.64999,U78-H3-VS2-16.06.2024,U78-H3-VS2-2.5-0-17062024-Q=49.68mL-phút-4
1638,GGA0,316.0348,4573,305.7,10.33479,U78-H3-VS2-16.06.2024,U78-H3-VS2-2.5-0-17062024-Q=49.68mL-phút-4
1639,GGA0,315.0978,5047,303.8,11.29784,U78-H3-VS2-16.06.2024,U78-H3-VS2-2.5-0-17062024-Q=49.68mL-phút-4
1640,GGA0,314.3511,5523,303.5,10.85111,U78-H3-VS2-16.06.2024,U78-H3-VS2-2.5-0-17062024-Q=49.68mL-phút-4
1641,GGA0,314.2822,5994,303.5,10.78222,U78-H3-VS2-16.06.2024,U78-H3-VS2-2.5-0-17062024-Q=49.68mL-phút-4
1642,GGA0,313.9283,6469,304.5,9.42825,U78-H3-VS2-16.06.2024,U78-H3-VS2-2.5-0-17062024-Q=49.68mL-phút-4
1643,GGA20,294.5667,301,286.08,8.48668,U79-H1-VS2-17.06.2024,U79-H1-VS2-20-12.5-19062024-Q=50.2mL-phút-3
1644,GGA20,294.5382,771,286.29,8.24817,U79-H1-VS2-17.06.2024,U79-H1-VS2-20-12.5-19062024-Q=50.2mL-phút-3
1645,GGA20,293.212,1247,284.75,8.46197,U79-H1-VS2-17.06.2024,U79-H1-VS2-20-12.5-19062024-Q=50.2mL-phút-3
1646,GGA20,293.1155,1720,284.79,8.32551,U79-H1-VS2-17.06.2024,U79-H1-VS2-20-12.5-19062024-Q=50.2mL-phút-3
1647,GGA20,293.3645,2191,284.79,8.57447,U79-H1-VS2-17.06.2024,U79-H1-VS2-20-12.5-19062024-Q=50.2mL-phút-3
1648,GGA20,293.1588,2664,284.2,8.95878,U79-H1-VS2-17.06.2024,U79-H1-VS2-20-12.5-19062024-Q=50.2mL-phút-3
1649,GGA20,292.0108,3143,285.29,6.72078,U79-H1-VS2-17.06.2024,U79-H1-VS2-20-12.5-19062024-Q=50.2mL-phút-3
1650,GGA12.5,291.9544,3618,284.75,7.20439,U79-H1-VS2-17.06.2024,U79-H1-VS2-20-12.5-19062024-Q=50.2mL-phút-3
1651,GGA12.5,291.7983,4096,284.35,7.44824,U79-H1-VS2-17.06.2024,U79-H1-VS2-20-12.5-19062024-Q=50.2mL-phút-3
1652,GGA12.5,291.5314,4570,284.56,6.97141,U79-H1-VS2-17.06.2024,U79-H1-VS2-20-12.5-19062024-Q=50.2mL-phút-3
1653,GGA12.5,291.8553,5048,284.52,7.33527,U79-H1-VS2-17.06.2024,U79-H1-VS2-20-12.5-19062024-Q=50.2mL-phút-3
1654,GGA20,291.7611,301,282.13,9.63105,U79-H1-VS2-17.06.2024,U79-H1-VS2-20-10-19062024-Q=50.22mL-phút-4
1655,GGA20,291.6507,774,282.4,9.25071,U79-H1-VS2-17.06.2024,U79-H1-VS2-20-10-19062024-Q=50.22mL-phút-4
1656,GGA20,291.0604,1248,281.88,9.18035,U79-H1-VS2-17.06.2024,U79-H1-VS2-20-10-19062024-Q=50.22mL-phút-4
1657,GGA20,291.3451,1720,282.13,9.21509,U79-H1-VS2-17.06.2024,U79-H1-VS2-20-10-19062024-Q=50.22mL-phút-4
1658,GGA20,291.2968,2194,281.92,9.37683,U79-H1-VS2-17.06.2024,U79-H1-VS2-20-10-19062024-Q=50.22mL-phút-4
1659,GGA20,291.3413,2669,281.76,9.58132,U79-H1-VS2-17.06.2024,U79-H1-VS2-20-10-19062024-Q=50.22mL-phút-4
1660,GGA20,290.8334,3140,282.32,8.51339,U79-H1-VS2-17.06.2024,U79-H1-VS2-20-10-19062024-Q=50.22mL-phút-4
1661,GGA10,290.967,3613,283.01,7.957,U79-H1-VS2-17.06.2024,U79-H1-VS2-20-10-19062024-Q=50.22mL-phút-4
1662,GGA10,290.9864,4088,282.47,8.5164,U79-H1-VS2-17.06.2024,U79-H1-VS2-20-10-19062024-Q=50.22mL-phút-4
1663,GGA10,291.1234,4562,283.05,8.07341,U79-H1-VS2-17.06.2024,U79-H1-VS2-20-10-19062024-Q=50.22mL-phút-4
1664,GGA10,291.2608,5036,282.63,8.6308,U79-H1-VS2-17.06.2024,U79-H1-VS2-20-10-19062024-Q=50.22mL-phút-4
1665,GGA10,290.7029,5509,282.11,8.59295,U79-H1-VS2-17.06.2024,U79-H1-VS2-20-10-19062024-Q=50.22mL-phút-4
1666,GGA20,329.7925,301,298.7,31.09254,U80-H3-VS2-17.06.2024,U80-H3-VS2-20-10-19062024-Q=51.06mL-phút-5
1667,GGA20,328.647,775,296.9,31.74697,U80-H3-VS2-17.06.2024,U80-H3-VS2-20-10-19062024-Q=51.06mL-phút-5
1668,GGA20,328.0364,1247,296.7,31.33636,U80-H3-VS2-17.06.2024,U80-H3-VS2-20-10-19062024-Q=51.06mL-phút-5
1669,GGA20,324.6788,1722,292.7,31.9788,U80-H3-VS2-17.06.2024,U80-H3-VS2-20-10-19062024-Q=51.06mL-phút-5
1670,GGA20,324.2909,2195,291.5,32.79091,U80-H3-VS2-17.06.2024,U80-H3-VS2-20-10-19062024-Q=51.06mL-phút-5
1671,GGA20,322.897,2669,290.6,32.29697,U80-H3-VS2-17.06.2024,U80-H3-VS2-20-10-19062024-Q=51.06mL-phút-5
1672,GGA20,321.1273,3142,288.3,32.82726,U80-H3-VS2-17.06.2024,U80-H3-VS2-20-10-19062024-Q=51.06mL-phút-5
1673,GGA10,321.5909,3616,291.7,29.8909,U80-H3-VS2-17.06.2024,U80-H3-VS2-20-10-19062024-Q=51.06mL-phút-5
1674,GGA10,323.0182,4087,294.4,28.61817,U80-H3-VS2-17.06.2024,U80-H3-VS2-20-10-19062024-Q=51.06mL-phút-5
1675,GGA10,322.8303,4561,294.6,28.2303,U80-H3-VS2-17.06.2024,U80-H3-VS2-20-10-19062024-Q=51.06mL-phút-5
1676,GGA10,322.6242,5034,293.2,29.42425,U80-H3-VS2-17.06.2024,U80-H3-VS2-20-10-19062024-Q=51.06mL-phút-5
1677,GGA10,321.4545,5508,293.3,28.15454,U80-H3-VS2-17.06.2024,U80-H3-VS2-20-10-19062024-Q=51.06mL-phút-5
1678,GGA20,292.6085,301,281.8,10.80849,U81-H1-VS2-18.06.2024,U81-H1-VS2-20-5-20062024-Q=50.28mL-phút-4
1679,GGA20,291.5367,774,281.04,10.49666,U81-H1-VS2-18.06.2024,U81-H1-VS2-20-5-20062024-Q=50.28mL-phút-4
1680,GGA20,293.0161,1254,282.05,10.96607,U81-H1-VS2-18.06.2024,U81-H1-VS2-20-5-20062024-Q=50.28mL-phút-4
1681,GGA20,291.6735,1727,281.4,10.2735,U81-H1-VS2-18.06.2024,U81-H1-VS2-20-5-20062024-Q=50.28mL-phút-4
1682,GGA20,291.9261,2202,281.19,10.73606,U81-H1-VS2-18.06.2024,U81-H1-VS2-20-5-20062024-Q=50.28mL-phút-4
1683,GGA20,291.8609,2676,280.48,11.38093,U81-H1-VS2-18.06.2024,U81-H1-VS2-20-5-20062024-Q=50.28mL-phút-4
1684,GGA20,291.1551,3149,280.02,11.1351,U81-H1-VS2-18.06.2024,U81-H1-VS2-20-5-20062024-Q=50.28mL-phút-4
1685,GGA5,291.0998,3621,282.93,8.16982,U81-H1-VS2-18.06.2024,U81-H1-VS2-20-5-20062024-Q=50.28mL-phút-4
1686,GGA5,290.5749,4095,282.74,7.83491,U81-H1-VS2-18.06.2024,U81-H1-VS2-20-5-20062024-Q=50.28mL-phút-4
1687,GGA5,290.7538,4571,283.72,7.03377,U81-H1-VS2-18.06.2024,U81-H1-VS2-20-5-20062024-Q=50.28mL-phút-4
1688,GGA5,291.2672,5043,283.09,8.17717,U81-H1-VS2-18.06.2024,U81-H1-VS2-20-5-20062024-Q=50.28mL-phút-4
1689,GGA5,291.9747,5513,284.87,7.10472,U81-H1-VS2-18.06.2024,U81-H1-VS2-20-5-20062024-Q=50.28mL-phút-4
1690,GGA5,291.9768,5988,284.29,7.68678,U81-H1-VS2-18.06.2024,U81-H1-VS2-20-5-20062024-Q=50.28mL-phút-4
1691,GGA5,291.7709,6461,284.24,7.53095,U81-H1-VS2-18.06.2024,U81-H1-VS2-20-5-20062024-Q=50.28mL-phút-4
1692,GGA20,288.6125,301,282.17,6.44244,U81-H1-VS2-18.06.2024,U81-H1-VS2-20-0-20062024-Q=51.08mL-phút-1
1693,GGA20,287.9315,775,281.63,6.30151,U81-H1-VS2-18.06.2024,U81-H1-VS2-20-0-20062024-Q=51.08mL-phút-1
1694,GGA20,287.3523,1248,280.61,6.74227,U81-H1-VS2-18.06.2024,U81-H1-VS2-20-0-20062024-Q=51.08mL-phút-1
1695,GGA20,287.3766,1722,280.29,7.08659,U81-H1-VS2-18.06.2024,U81-H1-VS2-20-0-20062024-Q=51.08mL-phút-1
1696,GGA20,287.3966,2192,281.38,6.0166,U81-H1-VS2-18.06.2024,U81-H1-VS2-20-0-20062024-Q=51.08mL-phút-1
1697,GGA20,286.6404,2671,282.11,4.53039,U81-H1-VS2-18.06.2024,U81-H1-VS2-20-0-20062024-Q=51.08mL-phút-1
1698,GGA20,286.726,3143,282.55,4.17597,U81-H1-VS2-18.06.2024,U81-H1-VS2-20-0-20062024-Q=51.08mL-phút-1
1699,GGA0,286.6991,3618,282.24,4.45907,U81-H1-VS2-18.06.2024,U81-H1-VS2-20-0-20062024-Q=51.08mL-phút-1
1700,GGA0,286.9517,4091,282.93,4.02171,U81-H1-VS2-18.06.2024,U81-H1-VS2-20-0-20062024-Q=51.08mL-phút-1
1701,GGA0,288.0938,4560,283.14,4.95376,U81-H1-VS2-18.06.2024,U81-H1-VS2-20-0-20062024-Q=51.08mL-phút-1
1702,GGA0,288.1045,5036,283.49,4.61454,U81-H1-VS2-18.06.2024,U81-H1-VS2-20-0-20062024-Q=51.08mL-phút-1
1703,GGA20,332.4452,301,308.0,24.44516,U82-H3-VS2-18.06.2024,U82-H3-VS2-20-5-20062024-Q=50.92mL-phút-5
1704,GGA20,330.6355,773,306.3,24.33547,U82-H3-VS2-18.06.2024,U82-H3-VS2-20-5-20062024-Q=50.92mL-phút-5
1705,GGA20,330.1339,1246,305.7,24.43387,U82-H3-VS2-18.06.2024,U82-H3-VS2-20-5-20062024-Q=50.92mL-phút-5
1706,GGA20,328.7742,1719,304.9,23.8742,U82-H3-VS2-18.06.2024,U82-H3-VS2-20-5-20062024-Q=50.92mL-phút-5
1707,GGA20,327.541,2194,304.5,23.04097,U82-H3-VS2-18.06.2024,U82-H3-VS2-20-5-20062024-Q=50.92mL-phút-5
1708,GGA20,326.1246,2666,301.7,24.42459,U82-H3-VS2-18.06.2024,U82-H3-VS2-20-5-20062024-Q=50.92mL-phút-5
1709,GGA20,325.5377,3140,303.3,22.23772,U82-H3-VS2-18.06.2024,U82-H3-VS2-20-5-20062024-Q=50.92mL-phút-5
1710,GGA5,325.3565,3613,304.8,20.55645,U82-H3-VS2-18.06.2024,U82-H3-VS2-20-5-20062024-Q=50.92mL-phút-5
1711,GGA5,324.6258,4086,304.9,19.72582,U82-H3-VS2-18.06.2024,U82-H3-VS2-20-5-20062024-Q=50.92mL-phút-5
1712,GGA5,324.079,4561,304.1,19.97902,U82-H3-VS2-18.06.2024,U82-H3-VS2-20-5-20062024-Q=50.92mL-phút-5
1713,GGA5,322.2523,5033,302.7,19.5523,U82-H3-VS2-18.06.2024,U82-H3-VS2-20-5-20062024-Q=50.92mL-phút-5
1714,GGA5,320.62,5508,300.7,19.91999,U82-H3-VS2-18.06.2024,U82-H3-VS2-20-5-20062024-Q=50.92mL-phút-5
1715,GGA5,320.2923,5982,301.3,18.99232,U82-H3-VS2-18.06.2024,U82-H3-VS2-20-5-20062024-Q=50.92mL-phút-5
1716,GGA5,318.8785,6454,300.3,18.57846,U82-H3-VS2-18.06.2024,U82-H3-VS2-20-5-20062024-Q=50.92mL-phút-5
1717,GGA17.5,291.8815,301,282.15,9.73155,U83-H1-VS2-19.06.2024,U83-H1-VS2-17.5-5-L-21062024-Q=50.38mL-phút-5
1718,GGA17.5,293.3909,775,283.62,9.77089,U83-H1-VS2-19.06.2024,U83-H1-VS2-17.5-5-L-21062024-Q=50.38mL-phút-5
1719,GGA17.5,292.1774,1249,283.03,9.14744,U83-H1-VS2-19.06.2024,U83-H1-VS2-17.5-5-L-21062024-Q=50.38mL-phút-5
1720,GGA17.5,292.4121,1721,282.8,9.61207,U83-H1-VS2-19.06.2024,U83-H1-VS2-17.5-5-L-21062024-Q=50.38mL-phút-5
1721,GGA17.5,292.6219,2200,283.12,9.50189,U83-H1-VS2-19.06.2024,U83-H1-VS2-17.5-5-L-21062024-Q=50.38mL-phút-5
1722,GGA17.5,292.3308,2672,282.4,9.93078,U83-H1-VS2-19.06.2024,U83-H1-VS2-17.5-5-L-21062024-Q=50.38mL-phút-5
1723,GGA5,292.7465,3147,284.14,8.60653,U83-H1-VS2-19.06.2024,U83-H1-VS2-17.5-5-L-21062024-Q=50.38mL-phút-5
1724,GGA5,292.2567,3620,284.75,7.50673,U83-H1-VS2-19.06.2024,U83-H1-VS2-17.5-5-L-21062024-Q=50.38mL-phút-5
1725,GGA5,291.9159,4094,284.62,7.29585,U83-H1-VS2-19.06.2024,U83-H1-VS2-17.5-5-L-21062024-Q=50.38mL-phút-5
1726,GGA5,291.9338,4568,284.2,7.73377,U83-H1-VS2-19.06.2024,U83-H1-VS2-17.5-5-L-21062024-Q=50.38mL-phút-5
1727,GGA5,291.9313,5040,285.23,6.70131,U83-H1-VS2-19.06.2024,U83-H1-VS2-17.5-5-L-21062024-Q=50.38mL-phút-5
1728,GGA5,292.0138,5514,284.98,7.03383,U83-H1-VS2-19.06.2024,U83-H1-VS2-17.5-5-L-21062024-Q=50.38mL-phút-5
1729,GGA5,291.8355,5988,284.91,6.92547,U83-H1-VS2-19.06.2024,U83-H1-VS2-17.5-5-L-21062024-Q=50.38mL-phút-5
1730,GGA5,291.8491,6461,285.33,6.51907,U83-H1-VS2-19.06.2024,U83-H1-VS2-17.5-5-L-21062024-Q=50.38mL-phút-5
1731,GGA5,291.5656,6934,285.04,6.52556,U83-H1-VS2-19.06.2024,U83-H1-VS2-17.5-5-L-21062024-Q=50.38mL-phút-5
1732,GGA5,292.1472,7406,285.23,6.91716,U83-H1-VS2-19.06.2024,U83-H1-VS2-17.5-5-L-21062024-Q=50.38mL-phút-5
1733,GGA20,348.5865,303,323.3,25.28654,U84-H3-VS2-19.06.2024,U84-H3-VS2-20-2.5-21062024-Q=50.58mL-phút-4
1734,GGA20,347.6793,776,322.4,25.27925,U84-H3-VS2-19.06.2024,U84-H3-VS2-20-2.5-21062024-Q=50.58mL-phút-4
1735,GGA20,345.5434,1250,319.2,26.34339,U84-H3-VS2-19.06.2024,U84-H3-VS2-20-2.5-21062024-Q=50.58mL-phút-4
1736,GGA20,341.4673,1729,315.4,26.06731,U84-H3-VS2-19.06.2024,U84-H3-VS2-20-2.5-21062024-Q=50.58mL-phút-4
1737,GGA20,341.8558,2202,315.6,26.25576,U84-H3-VS2-19.06.2024,U84-H3-VS2-20-2.5-21062024-Q=50.58mL-phút-4
1738,GGA20,340.6472,2675,315.1,25.54716,U84-H3-VS2-19.06.2024,U84-H3-VS2-20-2.5-21062024-Q=50.58mL-phút-4
1739,GGA2.5,342.483,3148,321.8,20.68303,U84-H3-VS2-19.06.2024,U84-H3-VS2-20-2.5-21062024-Q=50.58mL-phút-4
1740,GGA2.5,341.5283,3625,321.5,20.02831,U84-H3-VS2-19.06.2024,U84-H3-VS2-20-2.5-21062024-Q=50.58mL-phút-4
1741,GGA2.5,339.9679,4097,323.0,16.96792,U84-H3-VS2-19.06.2024,U84-H3-VS2-20-2.5-21062024-Q=50.58mL-phút-4
1742,GGA2.5,337.6442,4573,319.7,17.94423,U84-H3-VS2-19.06.2024,U84-H3-VS2-20-2.5-21062024-Q=50.58mL-phút-4
1743,GGA2.5,337.7981,5046,320.1,17.69807,U84-H3-VS2-19.06.2024,U84-H3-VS2-20-2.5-21062024-Q=50.58mL-phút-4
1744,GGA2.5,337.7547,5518,320.2,17.55472,U84-H3-VS2-19.06.2024,U84-H3-VS2-20-2.5-21062024-Q=50.58mL-phút-4
1745,GGA2.5,337.2113,5991,320.0,17.21133,U84-H3-VS2-19.06.2024,U84-H3-VS2-20-2.5-21062024-Q=50.58mL-phút-4
1746,GGA2.5,335.6962,6463,320.9,14.79624,U84-H3-VS2-19.06.2024,U84-H3-VS2-20-2.5-21062024-Q=50.58mL-phút-4
1747,GGA2.5,335.8283,6937,318.7,17.12831,U84-H3-VS2-19.06.2024,U84-H3-VS2-20-2.5-21062024-Q=50.58mL-phút-4
1748,GGA15,303.2805,301,294.24,9.04055,U85-H1-VS2-20.06.2024,U85-H1-VS2-15-5-24062024-Q=49.8mL-phút-5
1749,GGA15,302.8238,775,293.57,9.25377,U85-H1-VS2-20.06.2024,U85-H1-VS2-15-5-24062024-Q=49.8mL-phút-5
1750,GGA15,303.1897,1249,293.78,9.40972,U85-H1-VS2-20.06.2024,U85-H1-VS2-15-5-24062024-Q=49.8mL-phút-5
1751,GGA15,303.0746,1721,293.86,9.2146,U85-H1-VS2-20.06.2024,U85-H1-VS2-15-5-24062024-Q=49.8mL-phút-5
1752,GGA15,303.0838,2194,293.91,9.17378,U85-H1-VS2-20.06.2024,U85-H1-VS2-15-5-24062024-Q=49.8mL-phút-5
1753,GGA5,300.2905,2673,293.66,6.63054,U85-H1-VS2-20.06.2024,U85-H1-VS2-15-5-24062024-Q=49.8mL-phút-5
1754,GGA5,300.9719,3146,294.78,6.19189,U85-H1-VS2-20.06.2024,U85-H1-VS2-15-5-24062024-Q=49.8mL-phút-5
1755,GGA5,301.4289,3620,294.72,6.70889,U85-H1-VS2-20.06.2024,U85-H1-VS2-15-5-24062024-Q=49.8mL-phút-5
1756,GGA5,301.6178,4099,295.35,6.26777,U85-H1-VS2-20.06.2024,U85-H1-VS2-15-5-24062024-Q=49.8mL-phút-5
1757,GGA5,301.7341,4571,295.16,6.57405,U85-H1-VS2-20.06.2024,U85-H1-VS2-15-5-24062024-Q=49.8mL-phút-5
1758,GGA5,301.7916,5045,295.24,6.55163,U85-H1-VS2-20.06.2024,U85-H1-VS2-15-5-24062024-Q=49.8mL-phút-5
1759,GGA20,300.0113,301,293.4,6.61126,U85-H1-VS2-20.06.2024,U85-H1-VS2-20-0-24062024-Q=50.2mL-phút-2
1760,GGA20,299.0606,780,291.19,7.87062,U85-H1-VS2-20.06.2024,U85-H1-VS2-20-0-24062024-Q=50.2mL-phút-2
1761,GGA20,298.9908,1257,292.09,6.90083,U85-H1-VS2-20.06.2024,U85-H1-VS2-20-0-24062024-Q=50.2mL-phút-2
1762,GGA20,299.3288,1727,291.56,7.76875,U85-H1-VS2-20.06.2024,U85-H1-VS2-20-0-24062024-Q=50.2mL-phút-2
1763,GGA20,299.3119,2196,292.02,7.29188,U85-H1-VS2-20.06.2024,U85-H1-VS2-20-0-24062024-Q=50.2mL-phút-2
1764,GGA20,298.9138,2675,291.17,7.74374,U85-H1-VS2-20.06.2024,U85-H1-VS2-20-0-24062024-Q=50.2mL-phút-2
1765,GGA0,302.5676,3154,297.29,5.27754,U85-H1-VS2-20.06.2024,U85-H1-VS2-20-0-24062024-Q=50.2mL-phút-2
1766,GGA0,303.1421,3630,297.78,5.36208,U85-H1-VS2-20.06.2024,U85-H1-VS2-20-0-24062024-Q=50.2mL-phút-2
1767,GGA0,302.5238,4105,298.36,4.16376,U85-H1-VS2-20.06.2024,U85-H1-VS2-20-0-24062024-Q=50.2mL-phút-2
1768,GGA0,302.3769,4578,297.65,4.72688,U85-H1-VS2-20.06.2024,U85-H1-VS2-20-0-24062024-Q=50.2mL-phút-2
1769,GGA0,302.4483,5053,297.27,5.17834,U85-H1-VS2-20.06.2024,U85-H1-VS2-20-0-24062024-Q=50.2mL-phút-2
1770,GGA0,302.3016,5521,297.44,4.86163,U85-H1-VS2-20.06.2024,U85-H1-VS2-20-0-24062024-Q=50.2mL-phút-2
1771,GGA20,378.3765,302,353.9,24.47649,U86-H3-VS2-20.06.2024,U86-H3-VS2-20-2.5-24062024-Q=49.8mL-phút-5
1772,GGA20,377.5061,775,353.2,24.30607,U86-H3-VS2-20.06.2024,U86-H3-VS2-20-2.5-24062024-Q=49.8mL-phút-5
1773,GGA20,375.0,1246,351.4,23.60001,U86-H3-VS2-20.06.2024,U86-H3-VS2-20-2.5-24062024-Q=49.8mL-phút-5
1774,GGA20,373.8824,1721,350.7,23.18237,U86-H3-VS2-20.06.2024,U86-H3-VS2-20-2.5-24062024-Q=49.8mL-phút-5
1775,GGA20,374.2324,2196,349.8,24.43237,U86-H3-VS2-20.06.2024,U86-H3-VS2-20-2.5-24062024-Q=49.8mL-phút-5
1776,GGA20,373.9788,2668,349.5,24.47879,U86-H3-VS2-20.06.2024,U86-H3-VS2-20-2.5-24062024-Q=49.8mL-phút-5
1777,GGA20,372.9382,3141,349.2,23.73822,U86-H3-VS2-20.06.2024,U86-H3-VS2-20-2.5-24062024-Q=49.8mL-phút-5
1778,GGA2.5,371.45,3620,354.9,16.55,U86-H3-VS2-20.06.2024,U86-H3-VS2-20-2.5-24062024-Q=49.8mL-phút-5
1779,GGA2.5,369.5941,4099,354.0,15.59412,U86-H3-VS2-20.06.2024,U86-H3-VS2-20-2.5-24062024-Q=49.8mL-phút-5
1780,GGA2.5,369.0333,4574,352.1,16.93333,U86-H3-VS2-20.06.2024,U86-H3-VS2-20-2.5-24062024-Q=49.8mL-phút-5
1781,GGA2.5,368.1529,5046,352.2,15.95294,U86-H3-VS2-20.06.2024,U86-H3-VS2-20-2.5-24062024-Q=49.8mL-phút-5
1782,GGA2.5,364.4324,5520,348.9,15.53236,U86-H3-VS2-20.06.2024,U86-H3-VS2-20-2.5-24062024-Q=49.8mL-phút-5
1783,GGA2.5,369.0265,5994,354.0,15.02647,U86-H3-VS2-20.06.2024,U86-H3-VS2-20-2.5-24062024-Q=49.8mL-phút-5
1784,BOD15,310.7522,246,303.48,7.27219,U87-H1-VS2-21062024,"U87-H1-VS2-15-5-25062024-Q=49,33mLphut-5"
1785,BOD15,309.7208,719,302.59,7.13082,U87-H1-VS2-21062024,"U87-H1-VS2-15-5-25062024-Q=49,33mLphut-5"
1786,BOD15,309.4376,1193,301.67,7.76759,U87-H1-VS2-21062024,"U87-H1-VS2-15-5-25062024-Q=49,33mLphut-5"
1787,BOD15,308.6274,1668,301.33,7.29741,U87-H1-VS2-21062024,"U87-H1-VS2-15-5-25062024-Q=49,33mLphut-5"
1788,BOD15,307.7998,2141,300.39,7.40979,U87-H1-VS2-21062024,"U87-H1-VS2-15-5-25062024-Q=49,33mLphut-5"
1789,BOD15,307.5818,2612,300.22,7.3618,U87-H1-VS2-21062024,"U87-H1-VS2-15-5-25062024-Q=49,33mLphut-5"
1790,BOD5,307.732,3087,301.1,6.63203,U87-H1-VS2-21062024,"U87-H1-VS2-15-5-25062024-Q=49,33mLphut-5"
1791,BOD5,307.2472,3559,300.64,6.60719,U87-H1-VS2-21062024,"U87-H1-VS2-15-5-25062024-Q=49,33mLphut-5"
1792,BOD5,307.9539,4030,301.41,6.54388,U87-H1-VS2-21062024,"U87-H1-VS2-15-5-25062024-Q=49,33mLphut-5"
1793,BOD5,307.8353,4505,301.12,6.7153,U87-H1-VS2-21062024,"U87-H1-VS2-15-5-25062024-Q=49,33mLphut-5"
1794,BOD5,307.4378,4978,300.93,6.50781,U87-H1-VS2-21062024,"U87-H1-VS2-15-5-25062024-Q=49,33mLphut-5"
1795,BOD5,307.209,5451,300.47,6.73898,U87-H1-VS2-21062024,"U87-H1-VS2-15-5-25062024-Q=49,33mLphut-5"
1796,BOD5,307.0471,5922,300.43,6.61715,U87-H1-VS2-21062024,"U87-H1-VS2-15-5-25062024-Q=49,33mLphut-5"
1797,BOD5,306.8792,6401,299.95,6.92919,U87-H1-VS2-21062024,"U87-H1-VS2-15-5-25062024-Q=49,33mLphut-5"
1798,BOD5,306.9641,6872,300.54,6.42407,U87-H1-VS2-21062024,"U87-H1-VS2-15-5-25062024-Q=49,33mLphut-5"
1799,BOD15,303.8047,374,297.04,6.76469,U87-H1-VS2-21062024,"U87-H1-VS2-15-0-25062024-Q=49,58mLphut-5"
1800,BOD15,304.1165,844,297.21,6.90654,U87-H1-VS2-21062024,"U87-H1-VS2-15-0-25062024-Q=49,58mLphut-5"
1801,BOD15,303.6988,1319,296.94,6.75877,U87-H1-VS2-21062024,"U87-H1-VS2-15-0-25062024-Q=49,58mLphut-5"
1802,BOD15,303.9067,1794,296.88,7.02674,U87-H1-VS2-21062024,"U87-H1-VS2-15-0-25062024-Q=49,58mLphut-5"
1803,BOD15,303.953,2272,296.33,7.62301,U87-H1-VS2-21062024,"U87-H1-VS2-15-0-25062024-Q=49,58mLphut-5"
1804,BOD15,303.7098,2738,296.35,7.35979,U87-H1-VS2-21062024,"U87-H1-VS2-15-0-25062024-Q=49,58mLphut-5"
1805,BOD0,303.0214,3207,297.94,5.0814,U87-H1-VS2-21062024,"U87-H1-VS2-15-0-25062024-Q=49,58mLphut-5"
1806,BOD0,303.0552,3685,298.61,4.44521,U87-H1-VS2-21062024,"U87-H1-VS2-15-0-25062024-Q=49,58mLphut-5"
1807,BOD0,302.4304,4157,298.49,3.94041,U87-H1-VS2-21062024,"U87-H1-VS2-15-0-25062024-Q=49,58mLphut-5"
1808,BOD0,302.77,4631,298.76,4.00999,U87-H1-VS2-21062024,"U87-H1-VS2-15-0-25062024-Q=49,58mLphut-5"
1809,BOD0,302.6266,5110,298.49,4.13661,U87-H1-VS2-21062024,"U87-H1-VS2-15-0-25062024-Q=49,58mLphut-5"
1810,BOD0,302.8648,5582,298.9,3.96481,U87-H1-VS2-21062024,"U87-H1-VS2-15-0-25062024-Q=49,58mLphut-5"
1811,BOD0,302.8504,6053,298.97,3.88041,U87-H1-VS2-21062024,"U87-H1-VS2-15-0-25062024-Q=49,58mLphut-5"
1812,BOD0,302.7608,6521,299.01,3.75081,U87-H1-VS2-21062024,"U87-H1-VS2-15-0-25062024-Q=49,58mLphut-5"
1813,BOD 7.5,359.4408,260,343.5,15.94079,U88-H3-VS2-21062024,U88-H3-VS2-7.5-2.5-25062024-Q=51.14mLphut-4
1814,BOD 7.5,359.0868,734,341.5,17.58684,U88-H3-VS2-21062024,U88-H3-VS2-7.5-2.5-25062024-Q=51.14mLphut-4
1815,BOD 7.5,356.5882,1212,340.2,16.38816,U88-H3-VS2-21062024,U88-H3-VS2-7.5-2.5-25062024-Q=51.14mLphut-4
1816,BOD 7.5,357.4947,1681,341.1,16.39474,U88-H3-VS2-21062024,U88-H3-VS2-7.5-2.5-25062024-Q=51.14mLphut-4
1817,BOD 7.5,355.5026,2154,339.4,16.10263,U88-H3-VS2-21062024,U88-H3-VS2-7.5-2.5-25062024-Q=51.14mLphut-4
1818,BOD 7.5,354.7526,2628,338.9,15.85263,U88-H3-VS2-21062024,U88-H3-VS2-7.5-2.5-25062024-Q=51.14mLphut-4
1819,BOD 2.5,356.1264,3102,343.1,13.0264,U88-H3-VS2-21062024,U88-H3-VS2-7.5-2.5-25062024-Q=51.14mLphut-4
1820,BOD 2.5,354.1437,3576,341.8,12.34365,U88-H3-VS2-21062024,U88-H3-VS2-7.5-2.5-25062024-Q=51.14mLphut-4
1821,BOD 2.5,353.9698,4046,341.6,12.36984,U88-H3-VS2-21062024,U88-H3-VS2-7.5-2.5-25062024-Q=51.14mLphut-4
1822,BOD 2.5,353.2221,4519,342.0,11.22214,U88-H3-VS2-21062024,U88-H3-VS2-7.5-2.5-25062024-Q=51.14mLphut-4
1823,BOD 2.5,350.4311,4994,338.7,11.73106,U88-H3-VS2-21062024,U88-H3-VS2-7.5-2.5-25062024-Q=51.14mLphut-4
1824,BOD 2.5,349.8049,5466,337.3,12.5049,U88-H3-VS2-21062024,U88-H3-VS2-7.5-2.5-25062024-Q=51.14mLphut-4
1825,BOD 2.5,348.9242,5939,337.8,11.12424,U88-H3-VS2-21062024,U88-H3-VS2-7.5-2.5-25062024-Q=51.14mLphut-4
1826,BOD 2.5,348.4712,6413,337.0,11.47121,U88-H3-VS2-21062024,U88-H3-VS2-7.5-2.5-25062024-Q=51.14mLphut-4
1827,BOD17.5,358.2952,297,335.4,22.83872,U90-H3-VS2-24062024,"U90-H3-VS2-17,5-10-26062024-Q=51.52mLphut-5"
1828,BOD17.5,355.7823,771,335.7,22.59515,U90-H3-VS2-24062024,"U90-H3-VS2-17,5-10-26062024-Q=51.52mLphut-5"
1829,BOD17.5,353.3016,1243,333.1,22.68227,U90-H3-VS2-24062024,"U90-H3-VS2-17,5-10-26062024-Q=51.52mLphut-5"
1830,BOD17.5,353.1113,1718,330.8,22.50161,U90-H3-VS2-24062024,"U90-H3-VS2-17,5-10-26062024-Q=51.52mLphut-5"
1831,BOD17.5,349.6548,2192,329.3,23.8113,U90-H3-VS2-24062024,"U90-H3-VS2-17,5-10-26062024-Q=51.52mLphut-5"
1832,BOD17.5,349.5597,2665,326.9,22.75483,U90-H3-VS2-24062024,"U90-H3-VS2-17,5-10-26062024-Q=51.52mLphut-5"
1833,BOD10,347.4694,3139,326.2,23.35967,U90-H3-VS2-24062024,"U90-H3-VS2-17,5-10-26062024-Q=51.52mLphut-5"
1834,BOD10,347.4032,3613,325.6,21.86936,U90-H3-VS2-24062024,"U90-H3-VS2-17,5-10-26062024-Q=51.52mLphut-5"
1835,BOD10,348.0419,4085,326.6,20.80324,U90-H3-VS2-24062024,"U90-H3-VS2-17,5-10-26062024-Q=51.52mLphut-5"
1836,BOD10,347.171,4557,327.4,20.64193,U90-H3-VS2-24062024,"U90-H3-VS2-17,5-10-26062024-Q=51.52mLphut-5"
1837,BOD10,344.9468,5031,325.7,21.47096,U90-H3-VS2-24062024,"U90-H3-VS2-17,5-10-26062024-Q=51.52mLphut-5"
1838,BOD10,345.8081,5504,324.5,20.44678,U90-H3-VS2-24062024,"U90-H3-VS2-17,5-10-26062024-Q=51.52mLphut-5"
1839,BOD10,344.6258,5978,324.8,21.00806,U90-H3-VS2-24062024,"U90-H3-VS2-17,5-10-26062024-Q=51.52mLphut-5"
1840,BOD10,344.0032,6452,323.6,21.02581,U90-H3-VS2-24062024,"U90-H3-VS2-17,5-10-26062024-Q=51.52mLphut-5"
1841,,,6923,323.1,20.90323,U90-H3-VS2-24062024,"U90-H3-VS2-17,5-10-26062024-Q=51.52mLphut-5"
1842,BOD10,347.4694,313,325.6,21.86936,U90-H3-VS2-24062024,U90-H3-VS2-10-2.5-26062024-Q=51.44mLphut-5
1843,BOD10,347.4032,785,326.6,20.80324,U90-H3-VS2-24062024,U90-H3-VS2-10-2.5-26062024-Q=51.44mLphut-5
1844,BOD10,348.0419,1257,327.4,20.64193,U90-H3-VS2-24062024,U90-H3-VS2-10-2.5-26062024-Q=51.44mLphut-5
1845,BOD10,347.171,1731,325.7,21.47096,U90-H3-VS2-24062024,U90-H3-VS2-10-2.5-26062024-Q=51.44mLphut-5
1846,BOD10,344.9468,11503,324.5,20.44678,U90-H3-VS2-24062024,U90-H3-VS2-10-2.5-26062024-Q=51.44mLphut-5
1847,BOD10,345.8081,11977,324.8,21.00806,U90-H3-VS2-24062024,U90-H3-VS2-10-2.5-26062024-Q=51.44mLphut-5
1848,BOD10,344.6258,12451,323.6,21.02581,U90-H3-VS2-24062024,U90-H3-VS2-10-2.5-26062024-Q=51.44mLphut-5
1849,BOD10,344.0032,12922,323.1,20.90323,U90-H3-VS2-24062024,U90-H3-VS2-10-2.5-26062024-Q=51.44mLphut-5
1850,BOD2.5,346.9645,13384,328.8,18.16453,U90-H3-VS2-24062024,U90-H3-VS2-10-2.5-26062024-Q=51.44mLphut-5
1851,BOD2.5,346.0048,13856,330.7,15.30483,U90-H3-VS2-24062024,U90-H3-VS2-10-2.5-26062024-Q=51.44mLphut-5
1852,BOD2.5,344.1823,14331,329.4,14.78226,U90-H3-VS2-24062024,U90-H3-VS2-10-2.5-26062024-Q=51.44mLphut-5
1853,BOD2.5,343.8645,14803,329.0,14.86452,U90-H3-VS2-24062024,U90-H3-VS2-10-2.5-26062024-Q=51.44mLphut-5
1854,BOD2.5,343.5143,15278,329.9,13.61429,U90-H3-VS2-24062024,U90-H3-VS2-10-2.5-26062024-Q=51.44mLphut-5
1855,BOD2.5,342.8086,15750,329.7,13.10858,U90-H3-VS2-24062024,U90-H3-VS2-10-2.5-26062024-Q=51.44mLphut-5
1856,BOD2.5,342.8695,16225,329.6,13.26948,U90-H3-VS2-24062024,U90-H3-VS2-10-2.5-26062024-Q=51.44mLphut-5
1857,BOD2.5,341.8593,16696,329.0,12.85933,U90-H3-VS2-24062024,U90-H3-VS2-10-2.5-26062024-Q=51.44mLphut-5
1858,BOD2.5,341.178,17170,327.9,13.27798,U90-H3-VS2-24062024,U90-H3-VS2-10-2.5-26062024-Q=51.44mLphut-5
1859,BOD2.5,340.51,17644,327.7,12.81001,U90-H3-VS2-24062024,U90-H3-VS2-10-2.5-26062024-Q=51.44mLphut-5
1860,BOD12.5,305.0782,240,297.04,8.03823,U89-H1-VS2-24062024,U89-H1-VS2-12.5-5-26062024-Q=49.63mLphut-5
1861,BOD12.5,304.2616,713,296.58,7.68163,U89-H1-VS2-24062024,U89-H1-VS2-12.5-5-26062024-Q=49.63mLphut-5
1862,BOD12.5,304.2531,1185,295.77,8.4831,U89-H1-VS2-24062024,U89-H1-VS2-12.5-5-26062024-Q=49.63mLphut-5
1863,BOD12.5,304.689,1662,297.34,7.34897,U89-H1-VS2-24062024,U89-H1-VS2-12.5-5-26062024-Q=49.63mLphut-5
1864,BOD12.5,304.3332,2133,296.44,7.89323,U89-H1-VS2-24062024,U89-H1-VS2-12.5-5-26062024-Q=49.63mLphut-5
1865,BOD12.5,304.0942,2607,296.48,7.61418,U89-H1-VS2-24062024,U89-H1-VS2-12.5-5-26062024-Q=49.63mLphut-5
1866,BOD5,302.0332,3064,296.14,5.8932,U89-H1-VS2-24062024,U89-H1-VS2-12.5-5-26062024-Q=49.63mLphut-5
1867,BOD5,302.4667,3542,296.77,5.69668,U89-H1-VS2-24062024,U89-H1-VS2-12.5-5-26062024-Q=49.63mLphut-5
1868,BOD5,302.2422,4013,297.25,4.9922,U89-H1-VS2-24062024,U89-H1-VS2-12.5-5-26062024-Q=49.63mLphut-5
1869,BOD5,301.3009,4485,296.44,4.86087,U89-H1-VS2-24062024,U89-H1-VS2-12.5-5-26062024-Q=49.63mLphut-5
1870,BOD5,301.8901,4959,297.04,4.85011,U89-H1-VS2-24062024,U89-H1-VS2-12.5-5-26062024-Q=49.63mLphut-5
1871,BOD5,301.4337,5433,296.42,5.01369,U89-H1-VS2-24062024,U89-H1-VS2-12.5-5-26062024-Q=49.63mLphut-5
1872,BOD5,302.239,5907,297.21,5.02903,U89-H1-VS2-24062024,U89-H1-VS2-12.5-5-26062024-Q=49.63mLphut-5
1873,BOD5,302.101,6379,297.69,4.41099,U89-H1-VS2-24062024,U89-H1-VS2-12.5-5-26062024-Q=49.63mLphut-5
1874,BOD17.5,299.543,278,291.92,7.62299,U89-H1-VS2-24062024,"U89-H1-VS2-17,5-10-26062024-Q=50.09mLphut-4"
1875,BOD17.5,299.3741,753,292.11,7.26414,U89-H1-VS2-24062024,"U89-H1-VS2-17,5-10-26062024-Q=50.09mLphut-4"
1876,BOD17.5,299.4634,1225,291.94,7.52337,U89-H1-VS2-24062024,"U89-H1-VS2-17,5-10-26062024-Q=50.09mLphut-4"
1877,BOD17.5,299.4595,1700,291.92,7.53949,U89-H1-VS2-24062024,"U89-H1-VS2-17,5-10-26062024-Q=50.09mLphut-4"
1878,BOD17.5,299.5751,2172,291.75,7.82514,U89-H1-VS2-24062024,"U89-H1-VS2-17,5-10-26062024-Q=50.09mLphut-4"
1879,BOD17.5,299.4521,2646,292.11,7.3421,U89-H1-VS2-24062024,"U89-H1-VS2-17,5-10-26062024-Q=50.09mLphut-4"
1880,BOD17.5,299.3245,3120,291.79,7.53444,U89-H1-VS2-24062024,"U89-H1-VS2-17,5-10-26062024-Q=50.09mLphut-4"
1881,BOD10,299.3925,3591,293.15,6.24249,U89-H1-VS2-24062024,"U89-H1-VS2-17,5-10-26062024-Q=50.09mLphut-4"
1882,BOD10,299.4802,4067,293.4,6.08019,U89-H1-VS2-24062024,"U89-H1-VS2-17,5-10-26062024-Q=50.09mLphut-4"
1883,BOD10,299.2871,4543,293.49,5.79707,U89-H1-VS2-24062024,"U89-H1-VS2-17,5-10-26062024-Q=50.09mLphut-4"
1884,BOD10,299.316,5012,293.72,5.59596,U89-H1-VS2-24062024,"U89-H1-VS2-17,5-10-26062024-Q=50.09mLphut-4"
1885,BOD10,299.3581,5488,293.8,5.5581,U89-H1-VS2-24062024,"U89-H1-VS2-17,5-10-26062024-Q=50.09mLphut-4"
1886,BOD10,299.4612,5959,293.93,5.5312,U89-H1-VS2-24062024,"U89-H1-VS2-17,5-10-26062024-Q=50.09mLphut-4"
1887,BOD10,299.4555,6432,293.95,5.50549,U89-H1-VS2-24062024,"U89-H1-VS2-17,5-10-26062024-Q=50.09mLphut-4"
1888,BOD10,299.3044,6907,293.66,5.6444,U89-H1-VS2-24062024,"U89-H1-VS2-17,5-10-26062024-Q=50.09mLphut-4"
1889,BOD10,299.1682,7379,293.99,5.17817,U89-H1-VS2-24062024,"U89-H1-VS2-17,5-10-26062024-Q=50.09mLphut-4"
1890,BOD10,299.2329,7851,293.8,5.43295,U89-H1-VS2-24062024,"U89-H1-VS2-17,5-10-26062024-Q=50.09mLphut-4"
1891,GGA17.5,335.8629,301,310.6,25.26285,U92-H3-VS2-25.06.2024,U92-H3-VS2-17.5-2.5-27062024-Q=50.14mL-phút-5
1892,GGA17.5,337.0912,775,310.9,26.19118,U92-H3-VS2-25.06.2024,U92-H3-VS2-17.5-2.5-27062024-Q=50.14mL-phút-5
1893,GGA17.5,336.0441,1247,310.1,25.94412,U92-H3-VS2-25.06.2024,U92-H3-VS2-17.5-2.5-27062024-Q=50.14mL-phút-5
1894,GGA17.5,335.9294,1719,310.1,25.82942,U92-H3-VS2-25.06.2024,U92-H3-VS2-17.5-2.5-27062024-Q=50.14mL-phút-5
1895,GGA17.5,335.8088,2192,309.3,26.50881,U92-H3-VS2-25.06.2024,U92-H3-VS2-17.5-2.5-27062024-Q=50.14mL-phút-5
1896,GGA17.5,336.8559,2667,316.1,20.75588,U92-H3-VS2-25.06.2024,U92-H3-VS2-17.5-2.5-27062024-Q=50.14mL-phút-5
1897,GGA17.5,336.9114,3142,317.5,19.41143,U92-H3-VS2-25.06.2024,U92-H3-VS2-17.5-2.5-27062024-Q=50.14mL-phút-5
1898,GGA2.5,334.5,3615,315.8,18.69999,U92-H3-VS2-25.06.2024,U92-H3-VS2-17.5-2.5-27062024-Q=50.14mL-phút-5
1899,GGA2.5,333.5265,4088,316.0,17.52647,U92-H3-VS2-25.06.2024,U92-H3-VS2-17.5-2.5-27062024-Q=50.14mL-phút-5
1900,GGA2.5,331.7412,4567,314.4,17.34119,U92-H3-VS2-25.06.2024,U92-H3-VS2-17.5-2.5-27062024-Q=50.14mL-phút-5
1901,GGA2.5,331.7314,5041,314.7,17.03142,U92-H3-VS2-25.06.2024,U92-H3-VS2-17.5-2.5-27062024-Q=50.14mL-phút-5
1902,GGA2.5,332.0743,5513,314.8,17.2743,U92-H3-VS2-25.06.2024,U92-H3-VS2-17.5-2.5-27062024-Q=50.14mL-phút-5
1903,GGA2.5,328.6314,5987,312.9,15.73142,U92-H3-VS2-25.06.2024,U92-H3-VS2-17.5-2.5-27062024-Q=50.14mL-phút-5
1904,GGA2.5,327.4853,6462,312.2,15.28528,U92-H3-VS2-25.06.2024,U92-H3-VS2-17.5-2.5-27062024-Q=50.14mL-phút-5
1905,GGA20,299.5774,301,283.66,15.91736,U93-H1-VS2-26.06.2024,U93-H1-VS2-20-0-28062024-Q=50.66mL-phút-3
1906,GGA20,299.1098,775,283.55,15.55983,U93-H1-VS2-26.06.2024,U93-H1-VS2-20-0-28062024-Q=50.66mL-phút-3
1907,GGA20,298.8546,1248,283.32,15.53462,U93-H1-VS2-26.06.2024,U93-H1-VS2-20-0-28062024-Q=50.66mL-phút-3
1908,GGA20,299.2915,1727,283.95,15.34147,U93-H1-VS2-26.06.2024,U93-H1-VS2-20-0-28062024-Q=50.66mL-phút-3
1909,GGA20,299.5417,2199,283.32,16.22166,U93-H1-VS2-26.06.2024,U93-H1-VS2-20-0-28062024-Q=50.66mL-phút-3
1910,GGA20,299.3734,2672,284.33,15.04341,U93-H1-VS2-26.06.2024,U93-H1-VS2-20-0-28062024-Q=50.66mL-phút-3
1911,GGA0,298.5335,3147,288.03,10.50352,U93-H1-VS2-26.06.2024,U93-H1-VS2-20-0-28062024-Q=50.66mL-phút-3
1912,GGA0,298.752,3621,291.23,7.52203,U93-H1-VS2-26.06.2024,U93-H1-VS2-20-0-28062024-Q=50.66mL-phút-3
1913,GGA0,298.9757,4093,291.67,7.30573,U93-H1-VS2-26.06.2024,U93-H1-VS2-20-0-28062024-Q=50.66mL-phút-3
1914,GGA0,298.9552,4568,291.42,7.53517,U93-H1-VS2-26.06.2024,U93-H1-VS2-20-0-28062024-Q=50.66mL-phút-3
1915,GGA0,298.5194,5041,291.0,7.51943,U93-H1-VS2-26.06.2024,U93-H1-VS2-20-0-28062024-Q=50.66mL-phút-3
1916,GGA0,298.8696,5514,291.33,7.53964,U93-H1-VS2-26.06.2024,U93-H1-VS2-20-0-28062024-Q=50.66mL-phút-3
1917,GGA0,298.5221,5988,290.58,7.94209,U93-H1-VS2-26.06.2024,U93-H1-VS2-20-0-28062024-Q=50.66mL-phút-3
1918,GGA20,337.9466,301,314.6,23.34656,U94-H3-VS2-26.06.2024,U94-H3-VS2-20-0-28062024-Q=49.72mL-phút-4
1919,GGA20,337.3328,774,313.8,23.53275,U94-H3-VS2-26.06.2024,U94-H3-VS2-20-0-28062024-Q=49.72mL-phút-4
1920,GGA20,335.7759,1249,310.5,25.27586,U94-H3-VS2-26.06.2024,U94-H3-VS2-20-0-28062024-Q=49.72mL-phút-4
1921,GGA20,336.0069,1721,311.3,24.70688,U94-H3-VS2-26.06.2024,U94-H3-VS2-20-0-28062024-Q=49.72mL-phút-4
1922,GGA20,335.6914,2195,310.7,24.99138,U94-H3-VS2-26.06.2024,U94-H3-VS2-20-0-28062024-Q=49.72mL-phút-4
1923,GGA20,333.5,2668,308.2,25.3,U94-H3-VS2-26.06.2024,U94-H3-VS2-20-0-28062024-Q=49.72mL-phút-4
1924,GGA20,333.5729,3142,307.2,26.37287,U94-H3-VS2-26.06.2024,U94-H3-VS2-20-0-28062024-Q=49.72mL-phút-4
1925,GGA0,335.1638,3615,310.9,24.26379,U94-H3-VS2-26.06.2024,U94-H3-VS2-20-0-28062024-Q=49.72mL-phút-4
1926,GGA0,333.4552,4089,314.6,18.85518,U94-H3-VS2-26.06.2024,U94-H3-VS2-20-0-28062024-Q=49.72mL-phút-4
1927,GGA0,332.8621,4563,315.4,17.46207,U94-H3-VS2-26.06.2024,U94-H3-VS2-20-0-28062024-Q=49.72mL-phút-4
1928,GGA0,332.6644,5036,316.5,16.1644,U94-H3-VS2-26.06.2024,U94-H3-VS2-20-0-28062024-Q=49.72mL-phút-4
1929,GGA0,333.3155,5509,318.3,15.01551,U94-H3-VS2-26.06.2024,U94-H3-VS2-20-0-28062024-Q=49.72mL-phút-4
1930,GGA0,331.6535,5983,317.4,14.25344,U94-H3-VS2-26.06.2024,U94-H3-VS2-20-0-28062024-Q=49.72mL-phút-4
1931,GGA0,331.4862,6457,317.2,14.2862,U94-H3-VS2-26.06.2024,U94-H3-VS2-20-0-28062024-Q=49.72mL-phút-4
1932,GGA7.5,282.9144,301,277.89,5.0244,U95-H1-VS2-27.06.2024,U95-H1-VS2-7.5-0-01072024-Q=49.24mL-phút-4
1933,GGA7.5,281.7569,776,276.63,5.12686,U95-H1-VS2-27.06.2024,U95-H1-VS2-7.5-0-01072024-Q=49.24mL-phút-4
1934,GGA7.5,281.5643,1246,276.9,4.66427,U95-H1-VS2-27.06.2024,U95-H1-VS2-7.5-0-01072024-Q=49.24mL-phút-4
1935,GGA7.5,281.6126,1720,276.8,4.8126,U95-H1-VS2-27.06.2024,U95-H1-VS2-7.5-0-01072024-Q=49.24mL-phút-4
1936,GGA7.5,280.9893,2196,276.05,4.93927,U95-H1-VS2-27.06.2024,U95-H1-VS2-7.5-0-01072024-Q=49.24mL-phút-4
1937,GGA7.5,280.9074,2668,276.13,4.77736,U95-H1-VS2-27.06.2024,U95-H1-VS2-7.5-0-01072024-Q=49.24mL-phút-4
1938,GGA0,282.1624,3146,278.16,4.00241,U95-H1-VS2-27.06.2024,U95-H1-VS2-7.5-0-01072024-Q=49.24mL-phút-4
1939,GGA0,281.9369,3617,278.68,3.25686,U95-H1-VS2-27.06.2024,U95-H1-VS2-7.5-0-01072024-Q=49.24mL-phút-4
1940,GGA0,281.049,4090,278.58,2.46901,U95-H1-VS2-27.06.2024,U95-H1-VS2-7.5-0-01072024-Q=49.24mL-phút-4
1941,GGA0,281.43,4566,278.26,3.16999,U95-H1-VS2-27.06.2024,U95-H1-VS2-7.5-0-01072024-Q=49.24mL-phút-4
1942,GGA0,281.3045,5038,278.95,2.35449,U95-H1-VS2-27.06.2024,U95-H1-VS2-7.5-0-01072024-Q=49.24mL-phút-4
1943,GGA0,280.5895,5514,278.28,2.3095,U95-H1-VS2-27.06.2024,U95-H1-VS2-7.5-0-01072024-Q=49.24mL-phút-4
1944,GGA0,282.1637,5983,278.68,3.48367,U95-H1-VS2-27.06.2024,U95-H1-VS2-7.5-0-01072024-Q=49.24mL-phút-4
1945,GGA0,281.4015,6459,278.6,2.80149,U95-H1-VS2-27.06.2024,U95-H1-VS2-7.5-0-01072024-Q=49.24mL-phút-4
1946,GGA12.5,307.7878,301,291.2,16.58775,U98-H3-VS2-28.06.2024,U98-H3-VS2-12.5-0-02072024-Q=51.2mL-phút-4
1947,GGA12.5,307.39,775,289.7,17.69,U98-H3-VS2-28.06.2024,U98-H3-VS2-12.5-0-02072024-Q=51.2mL-phút-4
1948,GGA12.5,306.0939,1254,289.3,16.79389,U98-H3-VS2-28.06.2024,U98-H3-VS2-12.5-0-02072024-Q=51.2mL-phút-4
1949,GGA12.5,306.0551,1725,288.3,17.7551,U98-H3-VS2-28.06.2024,U98-H3-VS2-12.5-0-02072024-Q=51.2mL-phút-4
1950,GGA12.5,305.1611,2199,288.0,17.16112,U98-H3-VS2-28.06.2024,U98-H3-VS2-12.5-0-02072024-Q=51.2mL-phút-4
1951,GGA12.5,305.7306,2672,288.2,17.53057,U98-H3-VS2-28.06.2024,U98-H3-VS2-12.5-0-02072024-Q=51.2mL-phút-4
1952,GGA0,303.1028,3146,285.3,17.80279,U98-H3-VS2-28.06.2024,U98-H3-VS2-12.5-0-02072024-Q=51.2mL-phút-4
1953,GGA0,306.1639,3625,294.4,11.76388,U98-H3-VS2-28.06.2024,U98-H3-VS2-12.5-0-02072024-Q=51.2mL-phút-4
1954,GGA0,306.4278,4101,294.5,11.92779,U98-H3-VS2-28.06.2024,U98-H3-VS2-12.5-0-02072024-Q=51.2mL-phút-4
1955,GGA0,305.3514,4574,295.0,10.35136,U98-H3-VS2-28.06.2024,U98-H3-VS2-12.5-0-02072024-Q=51.2mL-phút-4
1956,GGA0,306.3556,5049,294.7,11.65556,U98-H3-VS2-28.06.2024,U98-H3-VS2-12.5-0-02072024-Q=51.2mL-phút-4
1957,GGA0,305.4167,5521,295.2,10.21668,U98-H3-VS2-28.06.2024,U98-H3-VS2-12.5-0-02072024-Q=51.2mL-phút-4
1958,GGA12.5,289.725,301,282.26,7.46499,U99-H1-VS2-01.07.2024,U99-H1-VS2-12.5-0-03072024-Q=48.8mL-phút-5
1959,GGA12.5,289.895,775,281.61,8.28501,U99-H1-VS2-01.07.2024,U99-H1-VS2-12.5-0-03072024-Q=48.8mL-phút-5
1960,GGA12.5,289.1653,1247,280.65,8.51533,U99-H1-VS2-01.07.2024,U99-H1-VS2-12.5-0-03072024-Q=48.8mL-phút-5
1961,GGA12.5,289.284,1721,280.52,8.76405,U99-H1-VS2-01.07.2024,U99-H1-VS2-12.5-0-03072024-Q=48.8mL-phút-5
1962,GGA12.5,289.2523,2195,280.38,8.87234,U99-H1-VS2-01.07.2024,U99-H1-VS2-12.5-0-03072024-Q=48.8mL-phút-5
1963,GGA12.5,289.3204,2669,280.06,9.26043,U99-H1-VS2-01.07.2024,U99-H1-VS2-12.5-0-03072024-Q=48.8mL-phút-5
1964,GGA0,289.4589,3141,281.57,7.88893,U99-H1-VS2-01.07.2024,U99-H1-VS2-12.5-0-03072024-Q=48.8mL-phút-5
1965,GGA0,289.5915,3614,283.85,5.74145,U99-H1-VS2-01.07.2024,U99-H1-VS2-12.5-0-03072024-Q=48.8mL-phút-5
1966,GGA0,289.4494,4088,283.89,5.55937,U99-H1-VS2-01.07.2024,U99-H1-VS2-12.5-0-03072024-Q=48.8mL-phút-5
1967,GGA0,289.4523,4562,284.31,5.14229,U99-H1-VS2-01.07.2024,U99-H1-VS2-12.5-0-03072024-Q=48.8mL-phút-5
1968,GGA0,289.6686,5035,284.52,5.14856,U99-H1-VS2-01.07.2024,U99-H1-VS2-12.5-0-03072024-Q=48.8mL-phút-5
1969,GGA0,290.2596,5508,285.35,4.90956,U99-H1-VS2-01.07.2024,U99-H1-VS2-12.5-0-03072024-Q=48.8mL-phút-5
1970,GGA0,290.3271,5980,285.67,4.65707,U99-H1-VS2-01.07.2024,U99-H1-VS2-12.5-0-03072024-Q=48.8mL-phút-5
1971,GGA7.5,331.1576,301,295.8,35.35758,U100-H3-VS2-01.07.2024,U100-H3-VS2-7.5-2.5-03072024-Q=50.66mL-phút-5
1972,GGA7.5,329.2735,773,293.6,35.67354,U100-H3-VS2-01.07.2024,U100-H3-VS2-7.5-2.5-03072024-Q=50.66mL-phút-5
1973,GGA7.5,329.8912,1246,293.4,36.49119,U100-H3-VS2-01.07.2024,U100-H3-VS2-7.5-2.5-03072024-Q=50.66mL-phút-5
1974,GGA7.5,327.2,1719,291.3,35.9,U100-H3-VS2-01.07.2024,U100-H3-VS2-7.5-2.5-03072024-Q=50.66mL-phút-5
1975,GGA7.5,326.0177,2198,291.5,34.51765,U100-H3-VS2-01.07.2024,U100-H3-VS2-7.5-2.5-03072024-Q=50.66mL-phút-5
1976,GGA7.5,325.8,2671,291.8,34.00001,U100-H3-VS2-01.07.2024,U100-H3-VS2-7.5-2.5-03072024-Q=50.66mL-phút-5
1977,GGA2.5,319.4546,3150,293.8,25.65455,U100-H3-VS2-01.07.2024,U100-H3-VS2-7.5-2.5-03072024-Q=50.66mL-phút-5
1978,GGA2.5,319.6824,3623,294.5,25.18236,U100-H3-VS2-01.07.2024,U100-H3-VS2-7.5-2.5-03072024-Q=50.66mL-phút-5
1979,GGA2.5,318.7441,4097,293.6,25.14413,U100-H3-VS2-01.07.2024,U100-H3-VS2-7.5-2.5-03072024-Q=50.66mL-phút-5
1980,GGA2.5,318.9059,4570,295.5,23.40587,U100-H3-VS2-01.07.2024,U100-H3-VS2-7.5-2.5-03072024-Q=50.66mL-phút-5
1981,GGA2.5,317.7147,5044,294.3,23.41472,U100-H3-VS2-01.07.2024,U100-H3-VS2-7.5-2.5-03072024-Q=50.66mL-phút-5
1982,GGA15,338.6647,301,299.2,39.46471,U100-H3-VS2-01.07.2024,U100-H3-VS2-15-7.5-03072024-Q=50.21mL-phút-5
1983,GGA15,339.2824,774,298.5,40.78235,U100-H3-VS2-01.07.2024,U100-H3-VS2-15-7.5-03072024-Q=50.21mL-phút-5
1984,GGA15,339.097,1253,296.6,42.49696,U100-H3-VS2-01.07.2024,U100-H3-VS2-15-7.5-03072024-Q=50.21mL-phút-5
1985,GGA15,338.7618,1727,295.8,42.96176,U100-H3-VS2-01.07.2024,U100-H3-VS2-15-7.5-03072024-Q=50.21mL-phút-5
1986,GGA15,333.4412,2206,292.5,40.94119,U100-H3-VS2-01.07.2024,U100-H3-VS2-15-7.5-03072024-Q=50.21mL-phút-5
1987,GGA7.5,331.1576,2680,295.8,35.35758,U100-H3-VS2-01.07.2024,U100-H3-VS2-15-7.5-03072024-Q=50.21mL-phút-5
1988,GGA7.5,329.2735,3152,293.6,35.67354,U100-H3-VS2-01.07.2024,U100-H3-VS2-15-7.5-03072024-Q=50.21mL-phút-5
1989,GGA7.5,329.8912,3625,293.4,36.49119,U100-H3-VS2-01.07.2024,U100-H3-VS2-15-7.5-03072024-Q=50.21mL-phút-5
1990,GGA7.5,327.2,4098,291.3,35.9,U100-H3-VS2-01.07.2024,U100-H3-VS2-15-7.5-03072024-Q=50.21mL-phút-5
1991,GGA7.5,326.0177,4577,291.5,34.51765,U100-H3-VS2-01.07.2024,U100-H3-VS2-15-7.5-03072024-Q=50.21mL-phút-5
1992,GGA7.5,325.8,5050,291.8,34.00001,U100-H3-VS2-01.07.2024,U100-H3-VS2-15-7.5-03072024-Q=50.21mL-phút-5
1993,GGA20,288.8436,301,283.3,5.54361,U101-H1-VS2-01.07.2024,U101-H1-VS2-20-0-04072024-Q=50.2mL-phút-5
1994,GGA20,288.6114,779,283.14,5.47142,U101-H1-VS2-01.07.2024,U101-H1-VS2-20-0-04072024-Q=50.2mL-phút-5
1995,GGA20,288.5831,1249,283.2,5.38305,U101-H1-VS2-01.07.2024,U101-H1-VS2-20-0-04072024-Q=50.2mL-phút-5
1996,GGA20,288.6342,1728,282.97,5.6642,U101-H1-VS2-01.07.2024,U101-H1-VS2-20-0-04072024-Q=50.2mL-phút-5
1997,GGA20,288.4478,2199,283.01,5.43774,U101-H1-VS2-01.07.2024,U101-H1-VS2-20-0-04072024-Q=50.2mL-phút-5
1998,GGA20,288.3984,2669,284.01,4.38836,U101-H1-VS2-01.07.2024,U101-H1-VS2-20-0-04072024-Q=50.2mL-phút-5
1999,GGA0,288.9025,3148,284.45,4.45244,U101-H1-VS2-01.07.2024,U101-H1-VS2-20-0-04072024-Q=50.2mL-phút-5
2000,GGA0,289.0188,3618,284.77,4.24881,U101-H1-VS2-01.07.2024,U101-H1-VS2-20-0-04072024-Q=50.2mL-phút-5
2001,GGA0,289.61,4097,285.37,4.24,U101-H1-VS2-01.07.2024,U101-H1-VS2-20-0-04072024-Q=50.2mL-phút-5
2002,GGA0,289.4537,4568,285.27,4.18373,U101-H1-VS2-01.07.2024,U101-H1-VS2-20-0-04072024-Q=50.2mL-phút-5
2003,GGA0,289.4279,5042,285.0,4.42791,U101-H1-VS2-01.07.2024,U101-H1-VS2-20-0-04072024-Q=50.2mL-phút-5
2004,GGA7.5,286.3643,300,281.13,5.23428,U103-H1-VS2-03.07.2024,U103-H1-VS2-7.5-0-05072024-Q=50.34mL-phút-5
2005,GGA7.5,286.1941,771,281.21,4.98409,U103-H1-VS2-03.07.2024,U103-H1-VS2-7.5-0-05072024-Q=50.34mL-phút-5
2006,GGA7.5,286.0361,1244,281.09,4.94612,U103-H1-VS2-03.07.2024,U103-H1-VS2-7.5-0-05072024-Q=50.34mL-phút-5
2007,GGA7.5,286.0402,1718,280.63,5.4102,U103-H1-VS2-03.07.2024,U103-H1-VS2-7.5-0-05072024-Q=50.34mL-phút-5
2008,GGA7.5,285.8269,2192,280.23,5.59693,U103-H1-VS2-03.07.2024,U103-H1-VS2-7.5-0-05072024-Q=50.34mL-phút-5
2009,GGA7.5,285.9935,2665,280.35,5.64349,U103-H1-VS2-03.07.2024,U103-H1-VS2-7.5-0-05072024-Q=50.34mL-phút-5
2010,GGA0,285.7513,3138,279.85,5.90127,U103-H1-VS2-03.07.2024,U103-H1-VS2-7.5-0-05072024-Q=50.34mL-phút-5
2011,GGA0,285.5262,3614,281.27,4.25616,U103-H1-VS2-03.07.2024,U103-H1-VS2-7.5-0-05072024-Q=50.34mL-phút-5
2012,GGA0,285.6167,4086,281.63,3.98666,U103-H1-VS2-03.07.2024,U103-H1-VS2-7.5-0-05072024-Q=50.34mL-phút-5
2013,GGA0,285.5374,4558,281.92,3.61742,U103-H1-VS2-03.07.2024,U103-H1-VS2-7.5-0-05072024-Q=50.34mL-phút-5
2014,GGA0,285.648,5032,281.71,3.93796,U103-H1-VS2-03.07.2024,U103-H1-VS2-7.5-0-05072024-Q=50.34mL-phút-5
2015,GGA0,285.4397,5508,281.61,3.82975,U103-H1-VS2-03.07.2024,U103-H1-VS2-7.5-0-05072024-Q=50.34mL-phút-5
2016,GGA12.5,294.1084,301,260.3,33.80845,U165-H1-VS2-16.08.2024,U165-H1-VS2-12.5-7.5-20082024-Q=49.44mL-phút-5
2017,GGA12.5,293.8321,777,260.78,33.05208,U165-H1-VS2-16.08.2024,U165-H1-VS2-12.5-7.5-20082024-Q=49.44mL-phút-5
2018,GGA12.5,291.7617,1252,260.07,31.69166,U165-H1-VS2-16.08.2024,U165-H1-VS2-12.5-7.5-20082024-Q=49.44mL-phút-5
2019,GGA12.5,292.5724,1725,260.65,31.92241,U165-H1-VS2-16.08.2024,U165-H1-VS2-12.5-7.5-20082024-Q=49.44mL-phút-5
2020,GGA12.5,293.1156,2197,260.24,32.87561,U165-H1-VS2-16.08.2024,U165-H1-VS2-12.5-7.5-20082024-Q=49.44mL-phút-5
2021,GGA12.5,292.7179,2670,259.46,33.25792,U165-H1-VS2-16.08.2024,U165-H1-VS2-12.5-7.5-20082024-Q=49.44mL-phút-5
2022,GGA12.5,295.1076,3144,259.44,35.6676,U165-H1-VS2-16.08.2024,U165-H1-VS2-12.5-7.5-20082024-Q=49.44mL-phút-5
2023,GGA12.5,293.3604,3617,259.34,34.0204,U165-H1-VS2-16.08.2024,U165-H1-VS2-12.5-7.5-20082024-Q=49.44mL-phút-5
2024,GGA7.5,291.0504,4090,259.82,31.23041,U165-H1-VS2-16.08.2024,U165-H1-VS2-12.5-7.5-20082024-Q=49.44mL-phút-5
2025,GGA7.5,293.2676,4566,260.3,32.96761,U165-H1-VS2-16.08.2024,U165-H1-VS2-12.5-7.5-20082024-Q=49.44mL-phút-5
2026,GGA7.5,292.504,5037,259.78,32.724,U165-H1-VS2-16.08.2024,U165-H1-VS2-12.5-7.5-20082024-Q=49.44mL-phút-5
2027,GGA7.5,290.7992,5511,258.58,32.21921,U165-H1-VS2-16.08.2024,U165-H1-VS2-12.5-7.5-20082024-Q=49.44mL-phút-5
2028,GGA7.5,292.966,5984,259.02,33.94601,U165-H1-VS2-16.08.2024,U165-H1-VS2-12.5-7.5-20082024-Q=49.44mL-phút-5
2029,GGA7.5,290.9129,6458,259.73,31.18291,U165-H1-VS2-16.08.2024,U165-H1-VS2-12.5-7.5-20082024-Q=49.44mL-phút-5
2030,GGA7.5,290.714,6931,259.32,31.39399,U165-H1-VS2-16.08.2024,U165-H1-VS2-12.5-7.5-20082024-Q=49.44mL-phút-5
2031,GGA7.5,290.3148,7404,257.94,32.3748,U165-H1-VS2-16.08.2024,U165-H1-VS2-12.5-7.5-20082024-Q=49.44mL-phút-5
2032,GGA15,293.3082,301,266.97,26.33818,U167-H1-VS2-19.08.2024,U167-H1-VS2-15-7.5-21082024-Q=49.92mL-phút-5
2033,GGA15,293.6456,774,266.3,27.34563,U167-H1-VS2-19.08.2024,U167-H1-VS2-15-7.5-21082024-Q=49.92mL-phút-5
2034,GGA15,293.5676,1247,266.32,27.24756,U167-H1-VS2-19.08.2024,U167-H1-VS2-15-7.5-21082024-Q=49.92mL-phút-5
2035,GGA15,293.5625,1721,267.03,26.5325,U167-H1-VS2-19.08.2024,U167-H1-VS2-15-7.5-21082024-Q=49.92mL-phút-5
2036,GGA15,293.5982,2194,265.84,27.75818,U167-H1-VS2-19.08.2024,U167-H1-VS2-15-7.5-21082024-Q=49.92mL-phút-5
2037,GGA15,293.5276,2668,265.69,27.83757,U167-H1-VS2-19.08.2024,U167-H1-VS2-15-7.5-21082024-Q=49.92mL-phút-5
2038,GGA7.5,293.5806,3141,264.8,28.78061,U167-H1-VS2-19.08.2024,U167-H1-VS2-15-7.5-21082024-Q=49.92mL-phút-5
2039,GGA7.5,292.5009,3615,267.12,25.38091,U167-H1-VS2-19.08.2024,U167-H1-VS2-15-7.5-21082024-Q=49.92mL-phút-5
2040,GGA7.5,292.9069,4088,266.36,26.54688,U167-H1-VS2-19.08.2024,U167-H1-VS2-15-7.5-21082024-Q=49.92mL-phút-5
2041,GGA7.5,292.4688,4562,267.24,25.2288,U167-H1-VS2-19.08.2024,U167-H1-VS2-15-7.5-21082024-Q=49.92mL-phút-5
2042,GGA7.5,292.3972,5035,266.82,25.57718,U167-H1-VS2-19.08.2024,U167-H1-VS2-15-7.5-21082024-Q=49.92mL-phút-5
2043,GGA7.5,292.7894,5508,267.01,25.77936,U167-H1-VS2-19.08.2024,U167-H1-VS2-15-7.5-21082024-Q=49.92mL-phút-5
2044,GGA7.5,292.7342,5983,266.3,26.43425,U167-H1-VS2-19.08.2024,U167-H1-VS2-15-7.5-21082024-Q=49.92mL-phút-5
2045,GGA15,279.4524,301,258.06,21.3924,U173-H1-VS2-22.08.2024,U173-H1-VS2-15-2.5-26082024-Q=49.84mL-phút-5
2046,GGA15,279.3156,774,257.54,21.77559,U173-H1-VS2-22.08.2024,U173-H1-VS2-15-2.5-26082024-Q=49.84mL-phút-5
2047,GGA15,279.0036,1248,257.33,21.67361,U173-H1-VS2-22.08.2024,U173-H1-VS2-15-2.5-26082024-Q=49.84mL-phút-5
2048,GGA15,279.0496,1723,255.87,23.1796,U173-H1-VS2-22.08.2024,U173-H1-VS2-15-2.5-26082024-Q=49.84mL-phút-5
2049,GGA15,278.6492,2195,257.77,20.87921,U173-H1-VS2-22.08.2024,U173-H1-VS2-15-2.5-26082024-Q=49.84mL-phút-5
2050,GGA15,278.4604,2670,258.52,19.94041,U173-H1-VS2-22.08.2024,U173-H1-VS2-15-2.5-26082024-Q=49.84mL-phút-5
2051,GGA15,279.3796,3143,257.35,22.02961,U173-H1-VS2-22.08.2024,U173-H1-VS2-15-2.5-26082024-Q=49.84mL-phút-5
2052,GGA2.5,279.3675,3619,256.22,23.1475,U173-H1-VS2-22.08.2024,U173-H1-VS2-15-2.5-26082024-Q=49.84mL-phút-5
2053,GGA2.5,278.8881,4089,259.19,19.69812,U173-H1-VS2-22.08.2024,U173-H1-VS2-15-2.5-26082024-Q=49.84mL-phút-5
2054,GGA2.5,278.7744,4563,258.67,20.10436,U173-H1-VS2-22.08.2024,U173-H1-VS2-15-2.5-26082024-Q=49.84mL-phút-5
2055,GGA2.5,279.2406,5037,259.4,19.84064,U173-H1-VS2-22.08.2024,U173-H1-VS2-15-2.5-26082024-Q=49.84mL-phút-5
2056,GGA2.5,278.3713,5510,260.26,18.11124,U173-H1-VS2-22.08.2024,U173-H1-VS2-15-2.5-26082024-Q=49.84mL-phút-5
2057,GGA2.5,279.61,5983,260.63,18.98,U173-H1-VS2-22.08.2024,U173-H1-VS2-15-2.5-26082024-Q=49.84mL-phút-5
2058,GGA2.5,278.3522,6459,258.92,19.43218,U173-H1-VS2-22.08.2024,U173-H1-VS2-15-2.5-26082024-Q=49.84mL-phút-5
2059,GGA2.5,279.5981,6930,260.78,18.81813,U173-H1-VS2-22.08.2024,U173-H1-VS2-15-2.5-26082024-Q=49.84mL-phút-5
2060,GGA20,357.1429,301,309.5,47.64285,U174-H3-VS2-22.08.2024,U174-H3-VS2-20-2.5-26082024-Q=49.88mL-phút-6
2061,GGA20,353.2206,775,308.0,45.22058,U174-H3-VS2-22.08.2024,U174-H3-VS2-20-2.5-26082024-Q=49.88mL-phút-6
2062,GGA20,351.2229,1249,305.6,45.62287,U174-H3-VS2-22.08.2024,U174-H3-VS2-20-2.5-26082024-Q=49.88mL-phút-6
2063,GGA20,350.3343,1721,302.8,47.53429,U174-H3-VS2-22.08.2024,U174-H3-VS2-20-2.5-26082024-Q=49.88mL-phút-6
2064,GGA20,350.3607,2195,302.7,47.66071,U174-H3-VS2-22.08.2024,U174-H3-VS2-20-2.5-26082024-Q=49.88mL-phút-6
2065,GGA20,351.7222,2668,303.2,48.52221,U174-H3-VS2-22.08.2024,U174-H3-VS2-20-2.5-26082024-Q=49.88mL-phút-6
2066,GGA20,349.2357,3141,302.1,47.13572,U174-H3-VS2-22.08.2024,U174-H3-VS2-20-2.5-26082024-Q=49.88mL-phút-6
2067,GGA20,346.9964,3616,300.0,46.99642,U174-H3-VS2-22.08.2024,U174-H3-VS2-20-2.5-26082024-Q=49.88mL-phút-6
2068,GGA2.5,348.075,4089,304.5,43.57499,U174-H3-VS2-22.08.2024,U174-H3-VS2-20-2.5-26082024-Q=49.88mL-phút-6
2069,GGA2.5,347.7179,4561,305.1,42.61787,U174-H3-VS2-22.08.2024,U174-H3-VS2-20-2.5-26082024-Q=49.88mL-phút-6
2070,GGA2.5,347.1321,5035,307.7,39.43213,U174-H3-VS2-22.08.2024,U174-H3-VS2-20-2.5-26082024-Q=49.88mL-phút-6
2071,GGA2.5,347.1929,5508,308.9,38.29286,U174-H3-VS2-22.08.2024,U174-H3-VS2-20-2.5-26082024-Q=49.88mL-phút-6
2072,GGA2.5,346.9464,5982,307.2,39.74642,U174-H3-VS2-22.08.2024,U174-H3-VS2-20-2.5-26082024-Q=49.88mL-phút-6
2073,GGA2.5,345.5464,6455,307.2,38.34642,U174-H3-VS2-22.08.2024,U174-H3-VS2-20-2.5-26082024-Q=49.88mL-phút-6
2074,GGA2.5,343.1667,6929,305.4,37.76666,U174-H3-VS2-22.08.2024,U174-H3-VS2-20-2.5-26082024-Q=49.88mL-phút-6
2075,GGA2.5,342.3429,7404,304.5,37.84285,U174-H3-VS2-22.08.2024,U174-H3-VS2-20-2.5-26082024-Q=49.88mL-phút-6
2076,GGA2.5,347.1321,301,307.7,39.43213,U174-H3-VS2-22.08.2024,U174-H3-VS2-2.5-0-26082024-Q=49.2mL-phút-5
2077,GGA2.5,347.1929,774,308.9,38.29286,U174-H3-VS2-22.08.2024,U174-H3-VS2-2.5-0-26082024-Q=49.2mL-phút-5
2078,GGA2.5,346.9464,1248,307.2,39.74642,U174-H3-VS2-22.08.2024,U174-H3-VS2-2.5-0-26082024-Q=49.2mL-phút-5
2079,GGA2.5,345.5464,1721,307.2,38.34642,U174-H3-VS2-22.08.2024,U174-H3-VS2-2.5-0-26082024-Q=49.2mL-phút-5
2080,GGA2.5,343.1667,2195,305.4,37.76666,U174-H3-VS2-22.08.2024,U174-H3-VS2-2.5-0-26082024-Q=49.2mL-phút-5
2081,GGA2.5,342.3429,2669,304.8,37.54286,U174-H3-VS2-22.08.2024,U174-H3-VS2-2.5-0-26082024-Q=49.2mL-phút-5
2082,GGA0,342.3429,3142,304.5,37.84286,U174-H3-VS2-22.08.2024,U174-H3-VS2-2.5-0-26082024-Q=49.2mL-phút-5
2083,GGA0,344.8875,3617,309.1,35.7875,U174-H3-VS2-22.08.2024,U174-H3-VS2-2.5-0-26082024-Q=49.2mL-phút-5
2084,GGA0,345.72,4088,310.9,34.82,U174-H3-VS2-22.08.2024,U174-H3-VS2-2.5-0-26082024-Q=49.2mL-phút-5
2085,GGA0,345.0825,4564,308.6,36.48249,U174-H3-VS2-22.08.2024,U174-H3-VS2-2.5-0-26082024-Q=49.2mL-phút-5
2086,GGA0,347.0125,5034,310.1,36.91251,U174-H3-VS2-22.08.2024,U174-H3-VS2-2.5-0-26082024-Q=49.2mL-phút-5
2087,GGA0,349.4293,5508,313.0,36.42928,U174-H3-VS2-22.08.2024,U174-H3-VS2-2.5-0-26082024-Q=49.2mL-phút-5
2088,GGA0,347.4439,5982,312.3,35.1439,U174-H3-VS2-22.08.2024,U174-H3-VS2-2.5-0-26082024-Q=49.2mL-phút-5
2089,GGA0,347.2475,6455,313.0,34.24751,U174-H3-VS2-22.08.2024,U174-H3-VS2-2.5-0-26082024-Q=49.2mL-phút-5
2090,GGA20,282.7303,301,260.86,21.87031,U175-H1-VS2-23.08.2024,U175-H1-VS2-17.5-2.5-27082024-Q=50.02mL-phút-7
2091,GGA20,282.84,774,260.53,22.31,U175-H1-VS2-23.08.2024,U175-H1-VS2-17.5-2.5-27082024-Q=50.02mL-phút-7
2092,GGA20,282.7891,1249,260.57,22.21908,U175-H1-VS2-23.08.2024,U175-H1-VS2-17.5-2.5-27082024-Q=50.02mL-phút-7
2093,GGA20,282.5853,1723,259.69,22.89529,U175-H1-VS2-23.08.2024,U175-H1-VS2-17.5-2.5-27082024-Q=50.02mL-phút-7
2094,GGA20,282.583,2196,259.92,22.66302,U175-H1-VS2-23.08.2024,U175-H1-VS2-17.5-2.5-27082024-Q=50.02mL-phút-7
2095,GGA20,282.2365,2670,260.05,22.18648,U175-H1-VS2-23.08.2024,U175-H1-VS2-17.5-2.5-27082024-Q=50.02mL-phút-7
2096,GGA2.5,281.7362,3143,263.25,18.48618,U175-H1-VS2-23.08.2024,U175-H1-VS2-17.5-2.5-27082024-Q=50.02mL-phút-7
2097,GGA2.5,282.7385,3616,265.11,17.62849,U175-H1-VS2-23.08.2024,U175-H1-VS2-17.5-2.5-27082024-Q=50.02mL-phút-7
2098,GGA2.5,282.5776,4088,264.88,17.69757,U175-H1-VS2-23.08.2024,U175-H1-VS2-17.5-2.5-27082024-Q=50.02mL-phút-7
2099,GGA2.5,281.6206,4563,263.52,18.1006,U175-H1-VS2-23.08.2024,U175-H1-VS2-17.5-2.5-27082024-Q=50.02mL-phút-7
2100,GGA2.5,281.6076,5036,264.13,17.47764,U175-H1-VS2-23.08.2024,U175-H1-VS2-17.5-2.5-27082024-Q=50.02mL-phút-7
2101,GGA2.5,281.1458,5510,262.29,18.85575,U175-H1-VS2-23.08.2024,U175-H1-VS2-17.5-2.5-27082024-Q=50.02mL-phút-7
2102,GGA15,280.8544,301,258.0,22.85441,U175-H1-VS2-23.08.2024,U175-H1-VS2-15-2.5-27082024-Q=49.78mL-phút-5
2103,GGA15,280.4213,773,257.71,22.71131,U175-H1-VS2-23.08.2024,U175-H1-VS2-15-2.5-27082024-Q=49.78mL-phút-5
2104,GGA15,280.199,1248,258.25,21.949,U175-H1-VS2-23.08.2024,U175-H1-VS2-15-2.5-27082024-Q=49.78mL-phút-5
2105,GGA15,280.3613,1720,257.52,22.84129,U175-H1-VS2-23.08.2024,U175-H1-VS2-15-2.5-27082024-Q=49.78mL-phút-5
2106,GGA15,280.1277,2194,257.6,22.52768,U175-H1-VS2-23.08.2024,U175-H1-VS2-15-2.5-27082024-Q=49.78mL-phút-5
2107,GGA15,279.921,2666,258.5,21.42104,U175-H1-VS2-23.08.2024,U175-H1-VS2-15-2.5-27082024-Q=49.78mL-phút-5
2108,GGA15,279.7428,3142,255.66,24.08276,U175-H1-VS2-23.08.2024,U175-H1-VS2-15-2.5-27082024-Q=49.78mL-phút-5
2109,GGA15,279.7728,3614,256.24,23.53277,U175-H1-VS2-23.08.2024,U175-H1-VS2-15-2.5-27082024-Q=49.78mL-phút-5
2110,GGA2.5,280.0135,4088,258.77,21.24346,U175-H1-VS2-23.08.2024,U175-H1-VS2-15-2.5-27082024-Q=49.78mL-phút-5
2111,GGA2.5,279.9169,4562,259.65,20.26691,U175-H1-VS2-23.08.2024,U175-H1-VS2-15-2.5-27082024-Q=49.78mL-phút-5
2112,GGA2.5,280.1717,5034,259.96,20.21173,U175-H1-VS2-23.08.2024,U175-H1-VS2-15-2.5-27082024-Q=49.78mL-phút-5
2113,GGA2.5,279.4841,5508,259.94,19.54414,U175-H1-VS2-23.08.2024,U175-H1-VS2-15-2.5-27082024-Q=49.78mL-phút-5
2114,GGA2.5,279.7314,5979,261.03,18.70143,U175-H1-VS2-23.08.2024,U175-H1-VS2-15-2.5-27082024-Q=49.78mL-phút-5
2115,GGA2.5,279.5617,6453,259.94,19.62173,U175-H1-VS2-23.08.2024,U175-H1-VS2-15-2.5-27082024-Q=49.78mL-phút-5
2116,GGA2.5,279.4064,6927,259.78,19.62643,U175-H1-VS2-23.08.2024,U175-H1-VS2-15-2.5-27082024-Q=49.78mL-phút-5
2117,GGA2.5,279.3266,7401,259.65,19.67656,U175-H1-VS2-23.08.2024,U175-H1-VS2-15-2.5-27082024-Q=49.78mL-phút-5
2118,GGA17.5,278.6685,301,258.54,20.12851,U175-H1-VS2-23.08.2024,U175-H1-VS2-17.5-2.5-27082024-Q=50.2mL-phút-5
2119,GGA17.5,278.9496,775,258.0,20.94961,U175-H1-VS2-23.08.2024,U175-H1-VS2-17.5-2.5-27082024-Q=50.2mL-phút-5
2120,GGA17.5,279.513,1247,258.27,21.24298,U175-H1-VS2-23.08.2024,U175-H1-VS2-17.5-2.5-27082024-Q=50.2mL-phút-5
2121,GGA17.5,279.5073,1719,258.4,21.10732,U175-H1-VS2-23.08.2024,U175-H1-VS2-17.5-2.5-27082024-Q=50.2mL-phút-5
2122,GGA17.5,279.5004,2193,258.25,21.25037,U175-H1-VS2-23.08.2024,U175-H1-VS2-17.5-2.5-27082024-Q=50.2mL-phút-5
2123,GGA17.5,279.5767,2667,258.27,21.30668,U175-H1-VS2-23.08.2024,U175-H1-VS2-17.5-2.5-27082024-Q=50.2mL-phút-5
2124,GGA2.5,280.0342,3142,261.39,18.64422,U175-H1-VS2-23.08.2024,U175-H1-VS2-17.5-2.5-27082024-Q=50.2mL-phút-5
2125,GGA2.5,279.4696,3616,263.73,15.7396,U175-H1-VS2-23.08.2024,U175-H1-VS2-17.5-2.5-27082024-Q=50.2mL-phút-5
2126,GGA2.5,279.6741,4089,263.85,15.82406,U175-H1-VS2-23.08.2024,U175-H1-VS2-17.5-2.5-27082024-Q=50.2mL-phút-5
2127,GGA2.5,280.2773,4562,264.42,15.8573,U175-H1-VS2-23.08.2024,U175-H1-VS2-17.5-2.5-27082024-Q=50.2mL-phút-5
2128,GGA2.5,280.5026,5036,264.13,16.37259,U175-H1-VS2-23.08.2024,U175-H1-VS2-17.5-2.5-27082024-Q=50.2mL-phút-5
2129,GGA2.5,280.6096,5509,265.03,15.57962,U175-H1-VS2-23.08.2024,U175-H1-VS2-17.5-2.5-27082024-Q=50.2mL-phút-5
2130,GGA2.5,280.8256,5982,265.99,14.83556,U175-H1-VS2-23.08.2024,U175-H1-VS2-17.5-2.5-27082024-Q=50.2mL-phút-5
2131,GGA2.5,280.9058,6456,264.94,15.96577,U175-H1-VS2-23.08.2024,U175-H1-VS2-17.5-2.5-27082024-Q=50.2mL-phút-5
2132,GGA20,360.4487,301,292.7,67.74873,U176-H3-VS2-23.08.2024,U176-H3-VS2-20-5-27082024-Q=49.74mL-phút-6
2133,GGA20,360.2744,774,291.7,68.57435,U176-H3-VS2-23.08.2024,U176-H3-VS2-20-5-27082024-Q=49.74mL-phút-6
2134,GGA20,361.5525,1247,293.7,67.85249,U176-H3-VS2-23.08.2024,U176-H3-VS2-20-5-27082024-Q=49.74mL-phút-6
2135,GGA20,360.2564,1720,290.9,69.35642,U176-H3-VS2-23.08.2024,U176-H3-VS2-20-5-27082024-Q=49.74mL-phút-6
2136,GGA20,357.63,2199,290.4,67.23,U176-H3-VS2-23.08.2024,U176-H3-VS2-20-5-27082024-Q=49.74mL-phút-6
2137,GGA20,356.0077,2673,287.1,68.9077,U176-H3-VS2-23.08.2024,U176-H3-VS2-20-5-27082024-Q=49.74mL-phút-6
2138,GGA20,353.6564,3145,288.1,65.55641,U176-H3-VS2-23.08.2024,U176-H3-VS2-20-5-27082024-Q=49.74mL-phút-6
2139,GGA5,356.0282,3619,295.8,60.2282,U176-H3-VS2-23.08.2024,U176-H3-VS2-20-5-27082024-Q=49.74mL-phút-6
2140,GGA5,355.4795,4093,297.7,57.77949,U176-H3-VS2-23.08.2024,U176-H3-VS2-20-5-27082024-Q=49.74mL-phút-6
2141,GGA5,355.4564,4566,298.6,56.85642,U176-H3-VS2-23.08.2024,U176-H3-VS2-20-5-27082024-Q=49.74mL-phút-6
2142,GGA5,354.2425,5040,297.1,57.14249,U176-H3-VS2-23.08.2024,U176-H3-VS2-20-5-27082024-Q=49.74mL-phút-6
2143,GGA5,353.6744,5513,298.0,55.67435,U176-H3-VS2-23.08.2024,U176-H3-VS2-20-5-27082024-Q=49.74mL-phút-6
2144,GGA5,351.8205,5986,294.5,57.32053,U176-H3-VS2-23.08.2024,U176-H3-VS2-20-5-27082024-Q=49.74mL-phút-6
2145,GGA5,347.75,6460,290.6,57.15,U176-H3-VS2-23.08.2024,U176-H3-VS2-20-5-27082024-Q=49.74mL-phút-6
2146,GGA15,351.4641,301,280.6,70.86409,U176-H3-VS2-23.08.2024,U176-H3-VS2-15-5-27082024-Q=50.2mL-phút-6
2147,GGA15,351.1769,774,280.3,70.87693,U176-H3-VS2-23.08.2024,U176-H3-VS2-15-5-27082024-Q=50.2mL-phút-6
2148,GGA15,350.0725,1247,279.6,70.47251,U176-H3-VS2-23.08.2024,U176-H3-VS2-15-5-27082024-Q=50.2mL-phút-6
2149,GGA15,352.8821,1720,282.3,70.58205,U176-H3-VS2-23.08.2024,U176-H3-VS2-15-5-27082024-Q=50.2mL-phút-6
2150,GGA15,351.3872,2194,279.7,71.68717,U176-H3-VS2-23.08.2024,U176-H3-VS2-15-5-27082024-Q=50.2mL-phút-6
2151,GGA15,349.91,2667,277.9,72.00999,U176-H3-VS2-23.08.2024,U176-H3-VS2-15-5-27082024-Q=50.2mL-phút-6
2152,GGA15,348.6795,3141,277.1,71.57949,U176-H3-VS2-23.08.2024,U176-H3-VS2-15-5-27082024-Q=50.2mL-phút-6
2153,GGA15,348.2875,3614,276.5,71.78751,U176-H3-VS2-23.08.2024,U176-H3-VS2-15-5-27082024-Q=50.2mL-phút-6
2154,GGA5,348.1718,4090,285.7,62.47181,U176-H3-VS2-23.08.2024,U176-H3-VS2-15-5-27082024-Q=50.2mL-phút-6
2155,GGA5,352.6128,4561,292.4,60.21282,U176-H3-VS2-23.08.2024,U176-H3-VS2-15-5-27082024-Q=50.2mL-phút-6
2156,GGA5,353.61,5034,292.4,61.21,U176-H3-VS2-23.08.2024,U176-H3-VS2-15-5-27082024-Q=50.2mL-phút-6
2157,GGA5,352.92,5508,291.4,61.52001,U176-H3-VS2-23.08.2024,U176-H3-VS2-15-5-27082024-Q=50.2mL-phút-6
2158,GGA5,352.6128,5980,290.6,62.01282,U176-H3-VS2-23.08.2024,U176-H3-VS2-15-5-27082024-Q=50.2mL-phút-6
2159,GGA5,352.3974,6454,289.5,62.89743,U176-H3-VS2-23.08.2024,U176-H3-VS2-15-5-27082024-Q=50.2mL-phút-6
2160,GGA5,350.6325,6927,287.4,63.23249,U176-H3-VS2-23.08.2024,U176-H3-VS2-15-5-27082024-Q=50.2mL-phút-6
2161,GGA5,349.8872,7401,287.1,62.78719,U176-H3-VS2-23.08.2024,U176-H3-VS2-15-5-27082024-Q=50.2mL-phút-6
