,Tag,Doin (mV),No.peak,DOmin (mV),DDO (mV),Sheet Name,Sample Name
0,GGA2.5,299.96531,311,198.1,101.86531,U183-H5-VS2-03.09.2024,"U183-H5-VS2-GGA2.5-HH 5mg-L-06092024-Q=50,04mL-phút-1"
1,GGA2.5,295.03673,785,196.79999,98.23673999999997,U183-H5-VS2-03.09.2024,"U183-H5-VS2-GGA2.5-HH 5mg-L-06092024-Q=50,04mL-phút-1"
2,GGA2.5,293.74082,1257,195.4,98.34081999999998,U183-H5-VS2-03.09.2024,"U183-H5-VS2-GGA2.5-HH 5mg-L-06092024-Q=50,04mL-phút-1"
3,GGA2.5,292.506,1730,190.4,102.10599999999997,U183-H5-VS2-03.09.2024,"U183-H5-VS2-GGA2.5-HH 5mg-L-06092024-Q=50,04mL-phút-1"
4,GGA2.5,292.59592,2203,195.3,97.29591999999997,U183-H5-VS2-03.09.2024,"U183-H5-VS2-GGA2.5-HH 5mg-L-06092024-Q=50,04mL-phút-1"
5,GGA2.5,292.12449,2676,189.5,102.62448999999998,U183-H5-VS2-03.09.2024,"U183-H5-VS2-GGA2.5-HH 5mg-L-06092024-Q=50,04mL-phút-1"
6,GGA2.5-HH-5,293.96939,3152,213.2,80.76938999999999,U183-H5-VS2-03.09.2024,"U183-H5-VS2-GGA2.5-HH 5mg-L-06092024-Q=50,04mL-phút-1"
7,GGA2.5-HH-5,294.38776,3624,212.1,82.28776000000002,U183-H5-VS2-03.09.2024,"U183-H5-VS2-GGA2.5-HH 5mg-L-06092024-Q=50,04mL-phút-1"
8,GGA2.5-HH-5,294.226,4097,214.9,79.326,U183-H5-VS2-03.09.2024,"U183-H5-VS2-GGA2.5-HH 5mg-L-06092024-Q=50,04mL-phút-1"
9,GGA2.5-HH-5,293.42041,4571,211.60001,81.8204,U183-H5-VS2-03.09.2024,"U183-H5-VS2-GGA2.5-HH 5mg-L-06092024-Q=50,04mL-phút-1"
10,GGA2.5-HH-5,293.02653,5044,214.8,78.22652999999997,U183-H5-VS2-03.09.2024,"U183-H5-VS2-GGA2.5-HH 5mg-L-06092024-Q=50,04mL-phút-1"
11,GGA5,316.35278,313,195.2,121.15278,U184-H5-VS2-03.09.2024,U184-H5-VS2-GGA5-HH 10mg-L-09092024-Q=49.68mL-phút-1
12,GGA5,312.52703,785,191.8,120.72703000000001,U184-H5-VS2-03.09.2024,U184-H5-VS2-GGA5-HH 10mg-L-09092024-Q=49.68mL-phút-1
13,GGA5,317.60541,1254,196.3,121.30541,U184-H5-VS2-03.09.2024,U184-H5-VS2-GGA5-HH 10mg-L-09092024-Q=49.68mL-phút-1
14,GGA5,318.61892,1728,193.7,124.91892000000001,U184-H5-VS2-03.09.2024,U184-H5-VS2-GGA5-HH 10mg-L-09092024-Q=49.68mL-phút-1
15,GGA5,313.03243,2203,194.00001,119.03241999999997,U184-H5-VS2-03.09.2024,U184-H5-VS2-GGA5-HH 10mg-L-09092024-Q=49.68mL-phút-1
16,GGA5,308.74865,2676,187.00001,121.74864,U184-H5-VS2-03.09.2024,U184-H5-VS2-GGA5-HH 10mg-L-09092024-Q=49.68mL-phút-1
17,GGA5,299.02041,3149,180.99999,118.02042000000003,U184-H5-VS2-03.09.2024,U184-H5-VS2-GGA5-HH 10mg-L-09092024-Q=49.68mL-phút-1
18,GGA5,292.15918,3622,170.39999,121.75918999999999,U184-H5-VS2-03.09.2024,U184-H5-VS2-GGA5-HH 10mg-L-09092024-Q=49.68mL-phút-1
19,GGA5-HH-10,291.22449,4092,185.6,105.62449000000001,U184-H5-VS2-03.09.2024,U184-H5-VS2-GGA5-HH 10mg-L-09092024-Q=49.68mL-phút-1
20,GGA5-HH-10,289.46735,4565,187.90001,101.56734,U184-H5-VS2-03.09.2024,U184-H5-VS2-GGA5-HH 10mg-L-09092024-Q=49.68mL-phút-1
21,GGA5-HH-10,288.852,5039,193.0,95.85199999999998,U184-H5-VS2-03.09.2024,U184-H5-VS2-GGA5-HH 10mg-L-09092024-Q=49.68mL-phút-1
22,GGA5-HH-10,288.12857,5512,196.60001,91.52856000000003,U184-H5-VS2-03.09.2024,U184-H5-VS2-GGA5-HH 10mg-L-09092024-Q=49.68mL-phút-1
23,GGA5-HH-10,287.74898,5986,196.2,91.54898000000003,U184-H5-VS2-03.09.2024,U184-H5-VS2-GGA5-HH 10mg-L-09092024-Q=49.68mL-phút-1
24,GGA5-HH-10,287.64286,6459,197.8,89.84285999999997,U184-H5-VS2-03.09.2024,U184-H5-VS2-GGA5-HH 10mg-L-09092024-Q=49.68mL-phút-1
25,GGA5-HH-10,286.70816,6932,198.59999,88.10817000000003,U184-H5-VS2-03.09.2024,U184-H5-VS2-GGA5-HH 10mg-L-09092024-Q=49.68mL-phút-1
26,GGA5-HH-10,286.37,7405,199.30001,87.06999000000002,U184-H5-VS2-03.09.2024,U184-H5-VS2-GGA5-HH 10mg-L-09092024-Q=49.68mL-phút-1
27,GGA5-HH-10,286.08368,7879,197.69999,88.38369,U184-H5-VS2-03.09.2024,U184-H5-VS2-GGA5-HH 10mg-L-09092024-Q=49.68mL-phút-1
28,GGA5,306.5122,311,252.40001,54.11219,U185-H5-VS2-05.09.2024,U185-H5-VS2-GGA5-HH 15mg-L-10092024-Q=50.4mL-phút-1
29,GGA5,302.41707,783,244.0,58.417070000000024,U185-H5-VS2-05.09.2024,U185-H5-VS2-GGA5-HH 15mg-L-10092024-Q=50.4mL-phút-1
30,GGA5,304.05854,1257,250.60001,53.458529999999996,U185-H5-VS2-05.09.2024,U185-H5-VS2-GGA5-HH 15mg-L-10092024-Q=50.4mL-phút-1
31,GGA5,301.22927,1729,244.8,56.429269999999974,U185-H5-VS2-05.09.2024,U185-H5-VS2-GGA5-HH 15mg-L-10092024-Q=50.4mL-phút-1
32,GGA5,304.81951,2205,247.2,57.61950999999999,U185-H5-VS2-05.09.2024,U185-H5-VS2-GGA5-HH 15mg-L-10092024-Q=50.4mL-phút-1
33,GGA5,300.63415,2678,245.10001,55.53413999999998,U185-H5-VS2-05.09.2024,U185-H5-VS2-GGA5-HH 15mg-L-10092024-Q=50.4mL-phút-1
34,GGA5,303.33171,3152,248.4,54.93170999999998,U185-H5-VS2-05.09.2024,U185-H5-VS2-GGA5-HH 15mg-L-10092024-Q=50.4mL-phút-1
35,GGA5-HH-15,305.9881,3623,259.40001,46.588089999999966,U185-H5-VS2-05.09.2024,U185-H5-VS2-GGA5-HH 15mg-L-10092024-Q=50.4mL-phút-1
36,GGA5-HH-15,304.60488,4098,260.19999,44.404889999999966,U185-H5-VS2-05.09.2024,U185-H5-VS2-GGA5-HH 15mg-L-10092024-Q=50.4mL-phút-1
37,GGA5-HH-15,309.6878,4572,266.79999,42.88781,U185-H5-VS2-05.09.2024,U185-H5-VS2-GGA5-HH 15mg-L-10092024-Q=50.4mL-phút-1
38,GGA5-HH-15,306.22683,5044,264.29999,41.92684000000003,U185-H5-VS2-05.09.2024,U185-H5-VS2-GGA5-HH 15mg-L-10092024-Q=50.4mL-phút-1
39,GGA5-HH-15,304.16585,5518,266.7,37.46584999999999,U185-H5-VS2-05.09.2024,U185-H5-VS2-GGA5-HH 15mg-L-10092024-Q=50.4mL-phút-1
40,GGA5-HH-15,310.6,5989,270.90001,39.699990000000014,U185-H5-VS2-05.09.2024,U185-H5-VS2-GGA5-HH 15mg-L-10092024-Q=50.4mL-phút-1
41,GGA5-HH-15,306.59024,6464,268.90001,37.690229999999985,U185-H5-VS2-05.09.2024,U185-H5-VS2-GGA5-HH 15mg-L-10092024-Q=50.4mL-phút-1
42,GGA5-HH-15,306.24634,6937,267.30001,38.94632999999999,U185-H5-VS2-05.09.2024,U185-H5-VS2-GGA5-HH 15mg-L-10092024-Q=50.4mL-phút-1
43,GGA7.5,314.21163,311,248.5,65.71163000000001,U187-H5-VS2-09.09.2024,U187-H5-VS2-GGA7.5-HH 5mg-L-12092024-Q=50.12mL-phút-1
44,GGA7.5,313.40698,782,244.29999,69.10698999999997,U187-H5-VS2-09.09.2024,U187-H5-VS2-GGA7.5-HH 5mg-L-12092024-Q=50.12mL-phút-1
45,GGA7.5,310.7186,1256,243.8,66.91859999999997,U187-H5-VS2-09.09.2024,U187-H5-VS2-GGA7.5-HH 5mg-L-12092024-Q=50.12mL-phút-1
46,GGA7.5,318.53023,1730,247.70001,70.83022000000003,U187-H5-VS2-09.09.2024,U187-H5-VS2-GGA7.5-HH 5mg-L-12092024-Q=50.12mL-phút-1
47,GGA7.5,327.22558,2202,252.99999,74.22558999999998,U187-H5-VS2-09.09.2024,U187-H5-VS2-GGA7.5-HH 5mg-L-12092024-Q=50.12mL-phút-1
48,GGA7.5,333.73488,2675,259.29999,74.43489,U187-H5-VS2-09.09.2024,U187-H5-VS2-GGA7.5-HH 5mg-L-12092024-Q=50.12mL-phút-1
49,GGA7.5,335.87442,3150,260.19999,75.67442999999997,U187-H5-VS2-09.09.2024,U187-H5-VS2-GGA7.5-HH 5mg-L-12092024-Q=50.12mL-phút-1
50,GGA7.5-HH-5,347.18837,3623,299.60001,47.58836000000002,U187-H5-VS2-09.09.2024,U187-H5-VS2-GGA7.5-HH 5mg-L-12092024-Q=50.12mL-phút-1
51,GGA7.5-HH-5,347.16512,4100,303.09999,44.06513000000001,U187-H5-VS2-09.09.2024,U187-H5-VS2-GGA7.5-HH 5mg-L-12092024-Q=50.12mL-phút-1
52,GGA7.5-HH-5,344.92558,4572,303.99999,40.92559,U187-H5-VS2-09.09.2024,U187-H5-VS2-GGA7.5-HH 5mg-L-12092024-Q=50.12mL-phút-1
53,GGA7.5-HH-5,337.62791,5045,298.90001,38.72789999999998,U187-H5-VS2-09.09.2024,U187-H5-VS2-GGA7.5-HH 5mg-L-12092024-Q=50.12mL-phút-1
54,GGA7.5-HH-5,335.26047,5520,294.80001,40.46046000000001,U187-H5-VS2-09.09.2024,U187-H5-VS2-GGA7.5-HH 5mg-L-12092024-Q=50.12mL-phút-1
55,GGA7.5-HH-5,341.16744,5990,300.1,41.067439999999976,U187-H5-VS2-09.09.2024,U187-H5-VS2-GGA7.5-HH 5mg-L-12092024-Q=50.12mL-phút-1
56,GGA7.5,335.44186,311,279.19999,56.241870000000006,U187-H5-VS2-09.09.2024,U187-H5-VS2-GGA7.5-HH 10mg-L-12092024-Q=50.18mL-phút-1
57,GGA7.5,338.47442,785,281.89999,56.57443000000001,U187-H5-VS2-09.09.2024,U187-H5-VS2-GGA7.5-HH 10mg-L-12092024-Q=50.18mL-phút-1
58,GGA7.5,335.59535,1258,275.7,59.89535000000001,U187-H5-VS2-09.09.2024,U187-H5-VS2-GGA7.5-HH 10mg-L-12092024-Q=50.18mL-phút-1
59,GGA7.5,331.775,1732,273.7,58.07499999999999,U187-H5-VS2-09.09.2024,U187-H5-VS2-GGA7.5-HH 10mg-L-12092024-Q=50.18mL-phút-1
60,GGA7.5,330.7814,2205,274.10001,56.68139000000002,U187-H5-VS2-09.09.2024,U187-H5-VS2-GGA7.5-HH 10mg-L-12092024-Q=50.18mL-phút-1
61,GGA7.5,338.65814,2706,279.3,59.35813999999999,U187-H5-VS2-09.09.2024,U187-H5-VS2-GGA7.5-HH 10mg-L-12092024-Q=50.18mL-phút-1
62,GGA7.5-HH-10,345.58605,3179,292.80001,52.786040000000014,U187-H5-VS2-09.09.2024,U187-H5-VS2-GGA7.5-HH 10mg-L-12092024-Q=50.18mL-phút-1
63,GGA7.5-HH-10,343.74651,3653,297.30001,46.446500000000015,U187-H5-VS2-09.09.2024,U187-H5-VS2-GGA7.5-HH 10mg-L-12092024-Q=50.18mL-phút-1
64,GGA7.5-HH-10,343.33721,4124,297.8,45.537210000000016,U187-H5-VS2-09.09.2024,U187-H5-VS2-GGA7.5-HH 10mg-L-12092024-Q=50.18mL-phút-1
65,GGA7.5-HH-10,334.03721,4601,287.99999,46.03721999999999,U187-H5-VS2-09.09.2024,U187-H5-VS2-GGA7.5-HH 10mg-L-12092024-Q=50.18mL-phút-1
66,GGA7.5-HH-10,329.66667,5072,282.40001,47.26666,U187-H5-VS2-09.09.2024,U187-H5-VS2-GGA7.5-HH 10mg-L-12092024-Q=50.18mL-phút-1
67,GGA7.5-HH-10,329.82857,5545,280.29999,49.528580000000034,U187-H5-VS2-09.09.2024,U187-H5-VS2-GGA7.5-HH 10mg-L-12092024-Q=50.18mL-phút-1
68,GGA7.5-HH-10,326.51714,6017,277.00001,49.51713000000001,U187-H5-VS2-09.09.2024,U187-H5-VS2-GGA7.5-HH 10mg-L-12092024-Q=50.18mL-phút-1
69,GGA7.5,327.96111,313,268.7,59.26111000000003,U187-H5-VS2-09.09.2024,U187-H5-VS2-GGA2.5-HH 15mg-L-12092024-Q=50.32mL-phút-2
70,GGA7.5,328.63143,787,266.7,61.931430000000034,U187-H5-VS2-09.09.2024,U187-H5-VS2-GGA2.5-HH 15mg-L-12092024-Q=50.32mL-phút-2
71,GGA7.5,324.44167,1260,265.19999,59.241679999999974,U187-H5-VS2-09.09.2024,U187-H5-VS2-GGA2.5-HH 15mg-L-12092024-Q=50.32mL-phút-2
72,GGA7.5,330.34857,1731,265.30001,65.04856000000001,U187-H5-VS2-09.09.2024,U187-H5-VS2-GGA2.5-HH 15mg-L-12092024-Q=50.32mL-phút-2
73,GGA7.5,329.31944,2207,266.20001,63.119429999999966,U187-H5-VS2-09.09.2024,U187-H5-VS2-GGA2.5-HH 15mg-L-12092024-Q=50.32mL-phút-2
74,GGA7.5,326.96111,2680,263.90001,63.06110000000001,U187-H5-VS2-09.09.2024,U187-H5-VS2-GGA2.5-HH 15mg-L-12092024-Q=50.32mL-phút-2
75,GGA7.5,332.40278,3152,268.5,63.90278000000001,U187-H5-VS2-09.09.2024,U187-H5-VS2-GGA2.5-HH 15mg-L-12092024-Q=50.32mL-phút-2
76,GGA7.5-HH-5,328.83333,3626,273.09999,55.73334,U187-H5-VS2-09.09.2024,U187-H5-VS2-GGA2.5-HH 15mg-L-12092024-Q=50.32mL-phút-2
77,GGA7.5-HH-5,332.40286,4099,278.10001,54.30284999999998,U187-H5-VS2-09.09.2024,U187-H5-VS2-GGA2.5-HH 15mg-L-12092024-Q=50.32mL-phút-2
78,GGA7.5-HH-5,327.15278,4572,272.50001,54.65277000000003,U187-H5-VS2-09.09.2024,U187-H5-VS2-GGA2.5-HH 15mg-L-12092024-Q=50.32mL-phút-2
79,GGA7.5-HH-5,331.25135,5043,276.69999,54.55135999999999,U187-H5-VS2-09.09.2024,U187-H5-VS2-GGA2.5-HH 15mg-L-12092024-Q=50.32mL-phút-2
80,GGA7.5,316.27931,311,266.99999,49.279319999999984,U188-H5-VS2-11.09.2024,U188-H5-VS2-GGA7.5- Zn(II)5-Cr(VI)-10-Ni(II) 15mg-L-13092024-Q=50.24mL-phút-1
81,GGA7.5,315.59655,784,264.09999,51.49655999999999,U188-H5-VS2-11.09.2024,U188-H5-VS2-GGA7.5- Zn(II)5-Cr(VI)-10-Ni(II) 15mg-L-13092024-Q=50.24mL-phút-1
82,GGA7.5,320.29688,1258,267.89999,52.396889999999985,U188-H5-VS2-11.09.2024,U188-H5-VS2-GGA7.5- Zn(II)5-Cr(VI)-10-Ni(II) 15mg-L-13092024-Q=50.24mL-phút-1
83,GGA7.5,317.55091,1731,262.6,54.950909999999965,U188-H5-VS2-11.09.2024,U188-H5-VS2-GGA7.5- Zn(II)5-Cr(VI)-10-Ni(II) 15mg-L-13092024-Q=50.24mL-phút-1
84,GGA7.5,316.59273,2205,259.29999,57.29274000000004,U188-H5-VS2-11.09.2024,U188-H5-VS2-GGA7.5- Zn(II)5-Cr(VI)-10-Ni(II) 15mg-L-13092024-Q=50.24mL-phút-1
85,GGA7.5-Zn5-Cr-10-Ni15,321.13714,2677,273.99999,47.13714999999996,U188-H5-VS2-11.09.2024,U188-H5-VS2-GGA7.5- Zn(II)5-Cr(VI)-10-Ni(II) 15mg-L-13092024-Q=50.24mL-phút-1
86,GGA7.5-Zn5-Cr-10-Ni15,324.38056,3152,281.8,42.58055999999999,U188-H5-VS2-11.09.2024,U188-H5-VS2-GGA7.5- Zn(II)5-Cr(VI)-10-Ni(II) 15mg-L-13092024-Q=50.24mL-phút-1
87,GGA7.5-Zn5-Cr-10-Ni15,321.60555,3626,283.10001,38.505539999999996,U188-H5-VS2-11.09.2024,U188-H5-VS2-GGA7.5- Zn(II)5-Cr(VI)-10-Ni(II) 15mg-L-13092024-Q=50.24mL-phút-1
88,GGA7.5-Zn5-Cr-10-Ni15,322.41944,4099,284.00001,38.419430000000034,U188-H5-VS2-11.09.2024,U188-H5-VS2-GGA7.5- Zn(II)5-Cr(VI)-10-Ni(II) 15mg-L-13092024-Q=50.24mL-phút-1
89,GGA7.5-Zn5-Cr-10-Ni15,320.15278,4571,281.30001,38.85277000000002,U188-H5-VS2-11.09.2024,U188-H5-VS2-GGA7.5- Zn(II)5-Cr(VI)-10-Ni(II) 15mg-L-13092024-Q=50.24mL-phút-1
90,GGA7.5,313.95,311,266.99999,46.95000999999996,U189-H5-VS2-12.09.2024,U189-H5-VS2-GGA7.5- HH 5mg-L-16092024-Q=50.3mL-phút-2
91,GGA7.5,312.85517,785,264.80001,48.05516,U189-H5-VS2-12.09.2024,U189-H5-VS2-GGA7.5- HH 5mg-L-16092024-Q=50.3mL-phút-2
92,GGA7.5,318.77667,1259,270.70001,48.076660000000004,U189-H5-VS2-12.09.2024,U189-H5-VS2-GGA7.5- HH 5mg-L-16092024-Q=50.3mL-phút-2
93,GGA7.5,328.85333,1732,278.10001,50.75332000000003,U189-H5-VS2-12.09.2024,U189-H5-VS2-GGA7.5- HH 5mg-L-16092024-Q=50.3mL-phút-2
94,GGA7.5,334.24828,2207,282.00001,52.24827000000005,U189-H5-VS2-12.09.2024,U189-H5-VS2-GGA7.5- HH 5mg-L-16092024-Q=50.3mL-phút-2
95,GGA7.5-HH-5,343.84138,2679,299.2,44.64138000000003,U189-H5-VS2-12.09.2024,U189-H5-VS2-GGA7.5- HH 5mg-L-16092024-Q=50.3mL-phút-2
96,GGA7.5-HH-5,337.61,3152,299.80001,37.80999000000003,U189-H5-VS2-12.09.2024,U189-H5-VS2-GGA7.5- HH 5mg-L-16092024-Q=50.3mL-phút-2
97,GGA7.5-HH-5,335.55,3626,296.0,39.55000000000001,U189-H5-VS2-12.09.2024,U189-H5-VS2-GGA7.5- HH 5mg-L-16092024-Q=50.3mL-phút-2
98,GGA7.5-HH-5,338.87667,4098,301.9,36.97667000000001,U189-H5-VS2-12.09.2024,U189-H5-VS2-GGA7.5- HH 5mg-L-16092024-Q=50.3mL-phút-2
99,GGA7.5-HH-5,341.21053,4574,303.99999,37.21053999999998,U189-H5-VS2-12.09.2024,U189-H5-VS2-GGA7.5- HH 5mg-L-16092024-Q=50.3mL-phút-2
100,GGA7.5-HH-5,338.82369,5044,304.69999,34.123699999999985,U189-H5-VS2-12.09.2024,U189-H5-VS2-GGA7.5- HH 5mg-L-16092024-Q=50.3mL-phút-2
101,GGA7.5-HH-5,335.02368,5518,299.9,35.123680000000036,U189-H5-VS2-12.09.2024,U189-H5-VS2-GGA7.5- HH 5mg-L-16092024-Q=50.3mL-phút-2
102,GGA7.5-HH-5,332.3077,5991,296.09999,36.20771000000002,U189-H5-VS2-12.09.2024,U189-H5-VS2-GGA7.5- HH 5mg-L-16092024-Q=50.3mL-phút-2
103,GGA7.5,345.66923,311,298.20001,47.46922000000001,U189-H5-VS2-12.09.2024,U189-H5-VS2-GGA7.5- HH 15mg-L-16092024-Q=50.4mL-phút-2
104,GGA7.5,335.7125,782,288.8,46.912499999999966,U189-H5-VS2-12.09.2024,U189-H5-VS2-GGA7.5- HH 15mg-L-16092024-Q=50.4mL-phút-2
105,GGA7.5,333.108,1255,287.60001,45.50799000000001,U189-H5-VS2-12.09.2024,U189-H5-VS2-GGA7.5- HH 15mg-L-16092024-Q=50.4mL-phút-2
106,GGA7.5,332.356,1729,286.3,46.05599999999998,U189-H5-VS2-12.09.2024,U189-H5-VS2-GGA7.5- HH 15mg-L-16092024-Q=50.4mL-phút-2
107,GGA7.5,338.092,2201,291.20001,46.891989999999964,U189-H5-VS2-12.09.2024,U189-H5-VS2-GGA7.5- HH 15mg-L-16092024-Q=50.4mL-phút-2
108,GGA7.5,346.70417,2675,299.69999,47.00417999999996,U189-H5-VS2-12.09.2024,U189-H5-VS2-GGA7.5- HH 15mg-L-16092024-Q=50.4mL-phút-2
109,GGA7.5,351.22,3148,303.5,47.72000000000003,U189-H5-VS2-12.09.2024,U189-H5-VS2-GGA7.5- HH 15mg-L-16092024-Q=50.4mL-phút-2
110,GGA7.5,346.7125,3647,298.40001,48.31248999999997,U189-H5-VS2-12.09.2024,U189-H5-VS2-GGA7.5- HH 15mg-L-16092024-Q=50.4mL-phút-2
111,GGA7.5,349.264,4122,303.7,45.56400000000002,U189-H5-VS2-12.09.2024,U189-H5-VS2-GGA7.5- HH 15mg-L-16092024-Q=50.4mL-phút-2
112,GGA7.5-HH-15,337.152,4594,297.89999,39.252009999999984,U189-H5-VS2-12.09.2024,U189-H5-VS2-GGA7.5- HH 15mg-L-16092024-Q=50.4mL-phút-2
113,GGA7.5-HH-15,329.57916,5067,293.1,36.47915999999998,U189-H5-VS2-12.09.2024,U189-H5-VS2-GGA7.5- HH 15mg-L-16092024-Q=50.4mL-phút-2
114,GGA7.5-HH-15,326.256,5540,289.20001,37.05598999999995,U189-H5-VS2-12.09.2024,U189-H5-VS2-GGA7.5- HH 15mg-L-16092024-Q=50.4mL-phút-2
115,GGA7.5-HH-15,327.70833,6014,288.30001,39.40832,U189-H5-VS2-12.09.2024,U189-H5-VS2-GGA7.5- HH 15mg-L-16092024-Q=50.4mL-phút-2
116,GGA7.5-HH-15,323.86,6489,287.80001,36.05999000000003,U189-H5-VS2-12.09.2024,U189-H5-VS2-GGA7.5- HH 15mg-L-16092024-Q=50.4mL-phút-2
117,GGA7.5-HH-15,324.10834,6962,289.0,35.10834,U189-H5-VS2-12.09.2024,U189-H5-VS2-GGA7.5- HH 15mg-L-16092024-Q=50.4mL-phút-2
118,GGA7.5-HH-15,316.768,7458,280.80001,35.967989999999986,U189-H5-VS2-12.09.2024,U189-H5-VS2-GGA7.5- HH 15mg-L-16092024-Q=50.4mL-phút-2
119,GGA5,306.7954,301,229.6,77.1954,U190-H5-VS2-15.09.2024,U190-H5-VS2-GGA5- HH 15mg-L-17092024-Q=50.14mL-phút-2
120,GGA5,306.8969,774,225.1,81.7969,U190-H5-VS2-15.09.2024,U190-H5-VS2-GGA5- HH 15mg-L-17092024-Q=50.14mL-phút-2
121,GGA5,305.3123,1248,225.89999,78.5123,U190-H5-VS2-15.09.2024,U190-H5-VS2-GGA5- HH 15mg-L-17092024-Q=50.14mL-phút-2
122,GGA5,314.6828,1721,226.2,88.4828,U190-H5-VS2-15.09.2024,U190-H5-VS2-GGA5- HH 15mg-L-17092024-Q=50.14mL-phút-2
123,GGA5,315.2289,2195,223.5,91.7289,U190-H5-VS2-15.09.2024,U190-H5-VS2-GGA5- HH 15mg-L-17092024-Q=50.14mL-phút-2
124,GGA5,306.2865,2674,215.20001,91.0865,U190-H5-VS2-15.09.2024,U190-H5-VS2-GGA5- HH 15mg-L-17092024-Q=50.14mL-phút-2
125,GGA5,307.3804,3144,213.3,94.0804,U190-H5-VS2-15.09.2024,U190-H5-VS2-GGA5- HH 15mg-L-17092024-Q=50.14mL-phút-2
126,GGA5-HH-15,306.3294,3619,224.5,81.8294,U190-H5-VS2-15.09.2024,U190-H5-VS2-GGA5- HH 15mg-L-17092024-Q=50.14mL-phút-2
127,GGA5-HH-15,305.2098,4091,225.4,79.8098,U190-H5-VS2-15.09.2024,U190-H5-VS2-GGA5- HH 15mg-L-17092024-Q=50.14mL-phút-2
128,GGA5-HH-15,304.0745,4567,227.4,76.6745,U190-H5-VS2-15.09.2024,U190-H5-VS2-GGA5- HH 15mg-L-17092024-Q=50.14mL-phút-2
129,GGA5-HH-15,308.451,5037,230.19999,78.251,U190-H5-VS2-15.09.2024,U190-H5-VS2-GGA5- HH 15mg-L-17092024-Q=50.14mL-phút-2
130,GGA5-HH-15,309.7667,5509,231.19999,78.5667,U190-H5-VS2-15.09.2024,U190-H5-VS2-GGA5- HH 15mg-L-17092024-Q=50.14mL-phút-2
131,GGA5-HH-15,317.4157,5985,239.4,78.0157,U190-H5-VS2-15.09.2024,U190-H5-VS2-GGA5- HH 15mg-L-17092024-Q=50.14mL-phút-2
132,GGA2.5,323.87059,301,240.6,83.27059,U190-H5-VS2-15.09.2024,U190-H5-VS2-GGA2.5- HH 15mg-L-17092024-Q=50.64mL-phút-4
133,GGA2.5,324.25098,775,234.3,89.95098000000002,U190-H5-VS2-15.09.2024,U190-H5-VS2-GGA2.5- HH 15mg-L-17092024-Q=50.64mL-phút-4
134,GGA2.5,315.43269,1247,225.89999,89.53269999999998,U190-H5-VS2-15.09.2024,U190-H5-VS2-GGA2.5- HH 15mg-L-17092024-Q=50.64mL-phút-4
135,GGA2.5,308.68491,1724,222.7,85.98491000000001,U190-H5-VS2-15.09.2024,U190-H5-VS2-GGA2.5- HH 15mg-L-17092024-Q=50.64mL-phút-4
136,GGA2.5,316.47451,2204,227.59999,88.87452000000002,U190-H5-VS2-15.09.2024,U190-H5-VS2-GGA2.5- HH 15mg-L-17092024-Q=50.64mL-phút-4
137,GGA2.5-HH15,312.75098,2673,237.10001,75.65097000000003,U190-H5-VS2-15.09.2024,U190-H5-VS2-GGA2.5- HH 15mg-L-17092024-Q=50.64mL-phút-4
138,GGA2.5-HH15,310.20192,3146,236.6,73.60191999999998,U190-H5-VS2-15.09.2024,U190-H5-VS2-GGA2.5- HH 15mg-L-17092024-Q=50.64mL-phút-4
139,GGA2.5-HH15,308.10577,3619,232.2,75.90577000000002,U190-H5-VS2-15.09.2024,U190-H5-VS2-GGA2.5- HH 15mg-L-17092024-Q=50.64mL-phút-4
140,GGA2.5-HH15,308.6353,4093,232.3,76.33529999999996,U190-H5-VS2-15.09.2024,U190-H5-VS2-GGA2.5- HH 15mg-L-17092024-Q=50.64mL-phút-4
141,GGA2.5-HH15,312.2451,4566,238.6,73.64509999999999,U190-H5-VS2-15.09.2024,U190-H5-VS2-GGA2.5- HH 15mg-L-17092024-Q=50.64mL-phút-4
142,GGA10,327.196,301,300.1,27.096000000000004,U191-H5-VS2-15.09.2024,U191-H5-VS2-GGA10- HH 5mg-L-18092024-Q=50mL-phút-1
143,GGA10,326.16667,773,299.4,26.766670000000033,U191-H5-VS2-15.09.2024,U191-H5-VS2-GGA10- HH 5mg-L-18092024-Q=50mL-phút-1
144,GGA10,323.58,1247,299.0,24.579999999999984,U191-H5-VS2-15.09.2024,U191-H5-VS2-GGA10- HH 5mg-L-18092024-Q=50mL-phút-1
145,GGA10,324.32333,1719,298.0,26.32333,U191-H5-VS2-15.09.2024,U191-H5-VS2-GGA10- HH 5mg-L-18092024-Q=50mL-phút-1
146,GGA10,322.9129,2195,297.7,25.21289999999999,U191-H5-VS2-15.09.2024,U191-H5-VS2-GGA10- HH 5mg-L-18092024-Q=50mL-phút-1
147,GGA10,321.86316,2667,295.8,26.063159999999982,U191-H5-VS2-15.09.2024,U191-H5-VS2-GGA10- HH 5mg-L-18092024-Q=50mL-phút-1
148,GGA10,321.51579,3139,294.1,27.41578999999996,U191-H5-VS2-15.09.2024,U191-H5-VS2-GGA10- HH 5mg-L-18092024-Q=50mL-phút-1
149,GGA10,320.9,3614,294.6,26.299999999999955,U191-H5-VS2-15.09.2024,U191-H5-VS2-GGA10- HH 5mg-L-18092024-Q=50mL-phút-1
150,GGA10-HH5,321.432,4084,298.0,23.432000000000016,U191-H5-VS2-15.09.2024,U191-H5-VS2-GGA10- HH 5mg-L-18092024-Q=50mL-phút-1
151,GGA10-HH5,322.51667,4556,304.2,18.316669999999988,U191-H5-VS2-15.09.2024,U191-H5-VS2-GGA10- HH 5mg-L-18092024-Q=50mL-phút-1
152,GGA10-HH5,324.44,5027,307.1,17.339999999999975,U191-H5-VS2-15.09.2024,U191-H5-VS2-GGA10- HH 5mg-L-18092024-Q=50mL-phút-1
153,GGA10-HH5,325.40968,5501,309.8,15.609679999999969,U191-H5-VS2-15.09.2024,U191-H5-VS2-GGA10- HH 5mg-L-18092024-Q=50mL-phút-1
154,GGA10-HH5,325.23871,5977,309.5,15.738710000000026,U191-H5-VS2-15.09.2024,U191-H5-VS2-GGA10- HH 5mg-L-18092024-Q=50mL-phút-1
155,GGA10-HH5,323.68387,6445,309.2,14.483870000000024,U191-H5-VS2-15.09.2024,U191-H5-VS2-GGA10- HH 5mg-L-18092024-Q=50mL-phút-1
156,GGA10-HH5,321.61,6920,308.8,12.810000000000002,U191-H5-VS2-15.09.2024,U191-H5-VS2-GGA10- HH 5mg-L-18092024-Q=50mL-phút-1
157,GGA10-HH5,320.85161,7397,306.0,14.851609999999994,U191-H5-VS2-15.09.2024,U191-H5-VS2-GGA10- HH 5mg-L-18092024-Q=50mL-phút-1
158,GGA15,312.49677,301,296.0,16.496770000000026,U191-H5-VS2-15.09.2024,U191-H5-VS2-GGA15- HH 10mg-L-18092024-Q=50.67mL-phút-1
159,GGA15,311.33226,766,293.6,17.732259999999997,U191-H5-VS2-15.09.2024,U191-H5-VS2-GGA15- HH 10mg-L-18092024-Q=50.67mL-phút-1
160,GGA15,310.53226,1237,294.8,15.732259999999997,U191-H5-VS2-15.09.2024,U191-H5-VS2-GGA15- HH 10mg-L-18092024-Q=50.67mL-phút-1
161,GGA15,310.77,1710,293.4,17.370000000000005,U191-H5-VS2-15.09.2024,U191-H5-VS2-GGA15- HH 10mg-L-18092024-Q=50.67mL-phút-1
162,GGA15,309.41613,2183,293.2,16.21613000000002,U191-H5-VS2-15.09.2024,U191-H5-VS2-GGA15- HH 10mg-L-18092024-Q=50.67mL-phút-1
163,GGA15,310.40968,2656,293.9,16.509680000000003,U191-H5-VS2-15.09.2024,U191-H5-VS2-GGA15- HH 10mg-L-18092024-Q=50.67mL-phút-1
164,GGA15,310.17273,3130,293.8,16.37272999999999,U191-H5-VS2-15.09.2024,U191-H5-VS2-GGA15- HH 10mg-L-18092024-Q=50.67mL-phút-1
165,GGA15-HH10,308.8,3709,296.3,12.5,U191-H5-VS2-15.09.2024,U191-H5-VS2-GGA15- HH 10mg-L-18092024-Q=50.67mL-phút-1
166,GGA15-HH10,309.78065,4178,295.9,13.880650000000003,U191-H5-VS2-15.09.2024,U191-H5-VS2-GGA15- HH 10mg-L-18092024-Q=50.67mL-phút-1
167,GGA15-HH10,308.47097,4654,296.9,11.570970000000045,U191-H5-VS2-15.09.2024,U191-H5-VS2-GGA15- HH 10mg-L-18092024-Q=50.67mL-phút-1
168,GGA15-HH10,307.88,5127,296.2,11.680000000000007,U191-H5-VS2-15.09.2024,U191-H5-VS2-GGA15- HH 10mg-L-18092024-Q=50.67mL-phút-1
169,GGA15-HH10,304.76667,5603,292.8,11.966669999999965,U191-H5-VS2-15.09.2024,U191-H5-VS2-GGA15- HH 10mg-L-18092024-Q=50.67mL-phút-1
170,GGA10,319.34634,301,256.8,62.54633999999999,U192-H5-VS2-16.09.2024,U192-H5-VS2-GGA10- HH 5mg-L-19092024-Q=50.56mL-phút-2
171,GGA10,318.41905,774,253.8,64.61905000000002,U192-H5-VS2-16.09.2024,U192-H5-VS2-GGA10- HH 5mg-L-19092024-Q=50.56mL-phút-2
172,GGA10,317.42439,1246,252.9,64.52439000000001,U192-H5-VS2-16.09.2024,U192-H5-VS2-GGA10- HH 5mg-L-19092024-Q=50.56mL-phút-2
173,GGA10,316.07143,1721,249.1,66.97143000000003,U192-H5-VS2-16.09.2024,U192-H5-VS2-GGA10- HH 5mg-L-19092024-Q=50.56mL-phút-2
174,GGA10,315.0,2194,247.1,67.9,U192-H5-VS2-16.09.2024,U192-H5-VS2-GGA10- HH 5mg-L-19092024-Q=50.56mL-phút-2
175,GGA10,314.17073,2668,244.1,70.07073,U192-H5-VS2-16.09.2024,U192-H5-VS2-GGA10- HH 5mg-L-19092024-Q=50.56mL-phút-2
176,GGA10,314.29524,3140,245.4,68.89523999999997,U192-H5-VS2-16.09.2024,U192-H5-VS2-GGA10- HH 5mg-L-19092024-Q=50.56mL-phút-2
177,GGA10-HH5,313.74762,3616,242.2,71.54762,U192-H5-VS2-16.09.2024,U192-H5-VS2-GGA10- HH 5mg-L-19092024-Q=50.56mL-phút-2
178,GGA10-HH5,312.94524,4088,239.3,73.64524,U192-H5-VS2-16.09.2024,U192-H5-VS2-GGA10- HH 5mg-L-19092024-Q=50.56mL-phút-2
179,GGA10-HH5,313.16098,4561,238.99999,74.16099,U192-H5-VS2-16.09.2024,U192-H5-VS2-GGA10- HH 5mg-L-19092024-Q=50.56mL-phút-2
180,GGA10-HH5,316.73809,5035,252.5,64.23809,U192-H5-VS2-16.09.2024,U192-H5-VS2-GGA10- HH 5mg-L-19092024-Q=50.56mL-phút-2
181,GGA10-HH5,327.86905,5506,266.40001,61.46904000000001,U192-H5-VS2-16.09.2024,U192-H5-VS2-GGA10- HH 5mg-L-19092024-Q=50.56mL-phút-2
182,GGA10-HH5,335.33489,5981,275.20001,60.13487999999995,U192-H5-VS2-16.09.2024,U192-H5-VS2-GGA10- HH 5mg-L-19092024-Q=50.56mL-phút-2
183,GGA10-HH5,339.05,6456,278.80001,60.249990000000025,U192-H5-VS2-16.09.2024,U192-H5-VS2-GGA10- HH 5mg-L-19092024-Q=50.56mL-phút-2
184,GGA10-HH5,343.09762,6929,283.30001,59.79761000000002,U192-H5-VS2-16.09.2024,U192-H5-VS2-GGA10- HH 5mg-L-19092024-Q=50.56mL-phút-2
185,GGA10-HH5,347.16341,7401,288.70001,58.46339999999998,U192-H5-VS2-16.09.2024,U192-H5-VS2-GGA10- HH 5mg-L-19092024-Q=50.56mL-phút-2
186,GGA10-HH5,348.26341,7874,291.5,56.76341000000002,U192-H5-VS2-16.09.2024,U192-H5-VS2-GGA10- HH 5mg-L-19092024-Q=50.56mL-phút-2
187,GGA10-HH5,345.29762,8351,286.39999,58.89762999999999,U192-H5-VS2-16.09.2024,U192-H5-VS2-GGA10- HH 5mg-L-19092024-Q=50.56mL-phút-2
188,GGA10,343.05366,301,281.8,61.25365999999997,U192-H5-VS2-16.09.2024,U192-H5-VS2-GGA10- HH 10mg-L-19092024-Q=50.44mL-phút-1
189,GGA10,344.32381,775,277.00001,67.3238,U192-H5-VS2-16.09.2024,U192-H5-VS2-GGA10- HH 10mg-L-19092024-Q=50.44mL-phút-1
190,GGA10,345.11951,1249,277.39999,67.71951999999999,U192-H5-VS2-16.09.2024,U192-H5-VS2-GGA10- HH 10mg-L-19092024-Q=50.44mL-phút-1
191,GGA10,342.25854,1722,273.60001,68.65852999999998,U192-H5-VS2-16.09.2024,U192-H5-VS2-GGA10- HH 10mg-L-19092024-Q=50.44mL-phút-1
192,GGA10,337.60952,2196,269.80001,67.80950999999999,U192-H5-VS2-16.09.2024,U192-H5-VS2-GGA10- HH 10mg-L-19092024-Q=50.44mL-phút-1
193,GGA10,329.75238,2667,264.40001,65.35237000000001,U192-H5-VS2-16.09.2024,U192-H5-VS2-GGA10- HH 10mg-L-19092024-Q=50.44mL-phút-1
194,GGA10-HH10,331.40952,3145,262.49999,68.90952999999996,U192-H5-VS2-16.09.2024,U192-H5-VS2-GGA10- HH 10mg-L-19092024-Q=50.44mL-phút-1
195,GGA10-HH10,328.65238,3617,263.70001,64.95236999999997,U192-H5-VS2-16.09.2024,U192-H5-VS2-GGA10- HH 10mg-L-19092024-Q=50.44mL-phút-1
196,GGA10-HH10,327.39268,4088,263.59999,63.79268999999999,U192-H5-VS2-16.09.2024,U192-H5-VS2-GGA10- HH 10mg-L-19092024-Q=50.44mL-phút-1
197,GGA10-HH10,333.17143,4562,270.5,62.67142999999999,U192-H5-VS2-16.09.2024,U192-H5-VS2-GGA10- HH 10mg-L-19092024-Q=50.44mL-phút-1
198,GGA10-HH10,337.99048,5034,274.50001,63.490470000000016,U192-H5-VS2-16.09.2024,U192-H5-VS2-GGA10- HH 10mg-L-19092024-Q=50.44mL-phút-1
199,GGA10-HH10,334.42381,5510,266.99999,67.42381999999998,U192-H5-VS2-16.09.2024,U192-H5-VS2-GGA10- HH 10mg-L-19092024-Q=50.44mL-phút-1
200,GGA10-HH10,326.25952,5985,265.70001,60.55950999999999,U192-H5-VS2-16.09.2024,U192-H5-VS2-GGA10- HH 10mg-L-19092024-Q=50.44mL-phút-1
201,GGA10-HH10,324.05953,6455,261.09999,62.959540000000004,U192-H5-VS2-16.09.2024,U192-H5-VS2-GGA10- HH 10mg-L-19092024-Q=50.44mL-phút-1
202,GGA10,310.79268,301,263.20001,47.59267,U193-H5-VS2-18.09.2024,U193-H5-VS2-GGA10- Zn5-Cr10-Ni15 mg-L-20092024-Q=50.36mL-phút-1
203,GGA10,309.13902,775,258.89999,50.239030000000014,U193-H5-VS2-18.09.2024,U193-H5-VS2-GGA10- Zn5-Cr10-Ni15 mg-L-20092024-Q=50.36mL-phút-1
204,GGA10,308.71951,1249,258.70001,50.019499999999994,U193-H5-VS2-18.09.2024,U193-H5-VS2-GGA10- Zn5-Cr10-Ni15 mg-L-20092024-Q=50.36mL-phút-1
205,GGA10,308.13659,1721,255.10001,53.036580000000015,U193-H5-VS2-18.09.2024,U193-H5-VS2-GGA10- Zn5-Cr10-Ni15 mg-L-20092024-Q=50.36mL-phút-1
206,GGA10,306.00488,2196,257.99999,48.00488999999999,U193-H5-VS2-18.09.2024,U193-H5-VS2-GGA10- Zn5-Cr10-Ni15 mg-L-20092024-Q=50.36mL-phút-1
207,GGA10,308.81707,2670,256.39999,52.41708,U193-H5-VS2-18.09.2024,U193-H5-VS2-GGA10- Zn5-Cr10-Ni15 mg-L-20092024-Q=50.36mL-phút-1
208,GGA10,309.14884,3143,253.10001,56.04883000000001,U193-H5-VS2-18.09.2024,U193-H5-VS2-GGA10- Zn5-Cr10-Ni15 mg-L-20092024-Q=50.36mL-phút-1
209,GGA10-Zn5Cr10Ni15,302.49025,3621,254.3,48.19024999999999,U193-H5-VS2-18.09.2024,U193-H5-VS2-GGA10- Zn5-Cr10-Ni15 mg-L-20092024-Q=50.36mL-phút-1
210,GGA10-Zn5Cr10Ni15,302.81708,4092,255.0,47.817079999999976,U193-H5-VS2-18.09.2024,U193-H5-VS2-GGA10- Zn5-Cr10-Ni15 mg-L-20092024-Q=50.36mL-phút-1
211,GGA10-Zn5Cr10Ni15,298.56341,4561,259.0,39.563409999999976,U193-H5-VS2-18.09.2024,U193-H5-VS2-GGA10- Zn5-Cr10-Ni15 mg-L-20092024-Q=50.36mL-phút-1
212,GGA10-Zn5Cr10Ni15,310.18048,5035,269.6,40.580479999999966,U193-H5-VS2-18.09.2024,U193-H5-VS2-GGA10- Zn5-Cr10-Ni15 mg-L-20092024-Q=50.36mL-phút-1
213,GGA10-Zn5Cr10Ni15,322.69024,5507,279.39999,43.290250000000015,U193-H5-VS2-18.09.2024,U193-H5-VS2-GGA10- Zn5-Cr10-Ni15 mg-L-20092024-Q=50.36mL-phút-1
214,GGA10-Zn5Cr10Ni15,329.48049,5981,281.30001,48.18047999999999,U193-H5-VS2-18.09.2024,U193-H5-VS2-GGA10- Zn5-Cr10-Ni15 mg-L-20092024-Q=50.36mL-phút-1
215,GGA10-Zn5Cr10Ni15,324.30698,6456,279.19999,45.106989999999996,U193-H5-VS2-18.09.2024,U193-H5-VS2-GGA10- Zn5-Cr10-Ni15 mg-L-20092024-Q=50.36mL-phút-1
216,GGA10-Zn5Cr10Ni15,322.13415,6927,274.30001,47.83413999999999,U193-H5-VS2-18.09.2024,U193-H5-VS2-GGA10- Zn5-Cr10-Ni15 mg-L-20092024-Q=50.36mL-phút-1
217,GGA10-Zn5Cr10Ni15,317.13902,7401,271.29999,45.83903000000004,U193-H5-VS2-18.09.2024,U193-H5-VS2-GGA10- Zn5-Cr10-Ni15 mg-L-20092024-Q=50.36mL-phút-1
218,GGA10,321.76739,301,259.60001,62.16737999999998,U193-H5-VS2-18.09.2024,U193-H5-VS2-GGA10- Zn10-Cr15-Ni15 mg-L-20092024-Q=50.34mL-phút-1
219,GGA10,324.37392,773,263.8,60.57391999999999,U193-H5-VS2-18.09.2024,U193-H5-VS2-GGA10- Zn10-Cr15-Ni15 mg-L-20092024-Q=50.34mL-phút-1
220,GGA10,328.24565,1248,265.39999,62.84566000000001,U193-H5-VS2-18.09.2024,U193-H5-VS2-GGA10- Zn10-Cr15-Ni15 mg-L-20092024-Q=50.34mL-phút-1
221,GGA10,321.79348,1721,258.6,63.193479999999965,U193-H5-VS2-18.09.2024,U193-H5-VS2-GGA10- Zn10-Cr15-Ni15 mg-L-20092024-Q=50.34mL-phút-1
222,GGA10,318.92174,2194,255.9,63.021739999999994,U193-H5-VS2-18.09.2024,U193-H5-VS2-GGA10- Zn10-Cr15-Ni15 mg-L-20092024-Q=50.34mL-phút-1
223,GGA10-Zn10Cr15Ni15,320.65556,2669,253.89999,66.75556999999998,U193-H5-VS2-18.09.2024,U193-H5-VS2-GGA10- Zn10-Cr15-Ni15 mg-L-20092024-Q=50.34mL-phút-1
224,GGA10-Zn10Cr15Ni15,318.28541,3141,254.79999,63.485420000000005,U193-H5-VS2-18.09.2024,U193-H5-VS2-GGA10- Zn10-Cr15-Ni15 mg-L-20092024-Q=50.34mL-phút-1
225,GGA10-Zn10Cr15Ni15,313.51087,3620,254.09999,59.41088000000002,U193-H5-VS2-18.09.2024,U193-H5-VS2-GGA10- Zn10-Cr15-Ni15 mg-L-20092024-Q=50.34mL-phút-1
226,GGA10-Zn10Cr15Ni15,314.00889,4087,253.10001,60.90888000000001,U193-H5-VS2-18.09.2024,U193-H5-VS2-GGA10- Zn10-Cr15-Ni15 mg-L-20092024-Q=50.34mL-phút-1
227,GGA10-Zn10Cr15Ni15,319.91522,4557,264.2,55.71521999999999,U193-H5-VS2-18.09.2024,U193-H5-VS2-GGA10- Zn10-Cr15-Ni15 mg-L-20092024-Q=50.34mL-phút-1
228,GGA10-Zn10Cr15Ni15,320.16087,5032,263.50001,56.660860000000014,U193-H5-VS2-18.09.2024,U193-H5-VS2-GGA10- Zn10-Cr15-Ni15 mg-L-20092024-Q=50.34mL-phút-1
229,GGA10-Zn10Cr15Ni15,320.58913,5507,266.40001,54.18912,U193-H5-VS2-18.09.2024,U193-H5-VS2-GGA10- Zn10-Cr15-Ni15 mg-L-20092024-Q=50.34mL-phút-1
230,GGA10-Zn10Cr15Ni15,321.39565,5977,265.39999,55.99565999999999,U193-H5-VS2-18.09.2024,U193-H5-VS2-GGA10- Zn10-Cr15-Ni15 mg-L-20092024-Q=50.34mL-phút-1
231,GGA10-Zn10Cr15Ni15,328.33261,6452,272.6,55.732609999999966,U193-H5-VS2-18.09.2024,U193-H5-VS2-GGA10- Zn10-Cr15-Ni15 mg-L-20092024-Q=50.34mL-phút-1
232,GGA10,325.85334,301,274.19999,51.65334999999999,U193-H5-VS2-18.09.2024,U193-H5-VS2-GGA10- HH 15 mg-L-20092024-Q=49.86mL-phút-1
233,GGA10,326.35834,777,274.8,51.55833999999999,U193-H5-VS2-18.09.2024,U193-H5-VS2-GGA10- HH 15 mg-L-20092024-Q=49.86mL-phút-1
234,GGA10,327.52826,1249,272.8,54.72825999999998,U193-H5-VS2-18.09.2024,U193-H5-VS2-GGA10- HH 15 mg-L-20092024-Q=49.86mL-phút-1
235,GGA10,327.1587,1723,270.90001,56.25869,U193-H5-VS2-18.09.2024,U193-H5-VS2-GGA10- HH 15 mg-L-20092024-Q=49.86mL-phút-1
236,GGA10,326.68,2195,271.49999,55.18000999999998,U193-H5-VS2-18.09.2024,U193-H5-VS2-GGA10- HH 15 mg-L-20092024-Q=49.86mL-phút-1
237,GGA10,327.98666,2670,271.60001,56.386649999999975,U193-H5-VS2-18.09.2024,U193-H5-VS2-GGA10- HH 15 mg-L-20092024-Q=49.86mL-phút-1
238,GGA10,327.75652,3143,271.60001,56.156510000000026,U193-H5-VS2-18.09.2024,U193-H5-VS2-GGA10- HH 15 mg-L-20092024-Q=49.86mL-phút-1
239,GGA10-HH15,330.57111,3616,283.30001,47.27109999999999,U193-H5-VS2-18.09.2024,U193-H5-VS2-GGA10- HH 15 mg-L-20092024-Q=49.86mL-phút-1
240,GGA10-HH15,331.98723,4089,287.7,44.28723000000002,U193-H5-VS2-18.09.2024,U193-H5-VS2-GGA10- HH 15 mg-L-20092024-Q=49.86mL-phút-1
241,GGA10-HH15,330.05218,4562,286.70001,43.35217,U193-H5-VS2-18.09.2024,U193-H5-VS2-GGA10- HH 15 mg-L-20092024-Q=49.86mL-phút-1
242,GGA10-HH15,331.10652,5035,286.00001,45.106510000000014,U193-H5-VS2-18.09.2024,U193-H5-VS2-GGA10- HH 15 mg-L-20092024-Q=49.86mL-phút-1
243,GGA10-HH15,330.14667,5508,286.70001,43.44665999999995,U193-H5-VS2-18.09.2024,U193-H5-VS2-GGA10- HH 15 mg-L-20092024-Q=49.86mL-phút-1
244,GGA10-HH15,328.82174,5982,286.1,42.721739999999954,U193-H5-VS2-18.09.2024,U193-H5-VS2-GGA10- HH 15 mg-L-20092024-Q=49.86mL-phút-1
245,GGA10-HH15,324.84348,6456,280.09999,44.74349000000001,U193-H5-VS2-18.09.2024,U193-H5-VS2-GGA10- HH 15 mg-L-20092024-Q=49.86mL-phút-1
246,GGA10-HH15,324.74167,6931,281.6,43.141669999999976,U193-H5-VS2-18.09.2024,U193-H5-VS2-GGA10- HH 15 mg-L-20092024-Q=49.86mL-phút-1
247,GGA15,331.67826,301,270.90001,60.778250000000014,U194-H5-VS2-19.09.2024,U194-H5-VS2-GGA15- HH 5 mg-L-26092024-Q=50.06mL-phút-1
248,GGA15,338.08261,773,275.5,62.58260999999999,U194-H5-VS2-19.09.2024,U194-H5-VS2-GGA15- HH 5 mg-L-26092024-Q=50.06mL-phút-1
249,GGA15,342.02273,1248,278.9,63.12273000000005,U194-H5-VS2-19.09.2024,U194-H5-VS2-GGA15- HH 5 mg-L-26092024-Q=50.06mL-phút-1
250,GGA15,344.73043,1722,279.50001,65.23042000000004,U194-H5-VS2-19.09.2024,U194-H5-VS2-GGA15- HH 5 mg-L-26092024-Q=50.06mL-phút-1
251,GGA15,346.76522,2195,280.7,66.06522000000001,U194-H5-VS2-19.09.2024,U194-H5-VS2-GGA15- HH 5 mg-L-26092024-Q=50.06mL-phút-1
252,GGA15,346.9,2667,279.3,67.59999999999997,U194-H5-VS2-19.09.2024,U194-H5-VS2-GGA15- HH 5 mg-L-26092024-Q=50.06mL-phút-1
253,GGA15,342.48696,3141,276.30001,66.18695000000002,U194-H5-VS2-19.09.2024,U194-H5-VS2-GGA15- HH 5 mg-L-26092024-Q=50.06mL-phút-1
254,GGA15,341.34091,3614,273.20001,68.14089999999999,U194-H5-VS2-19.09.2024,U194-H5-VS2-GGA15- HH 5 mg-L-26092024-Q=50.06mL-phút-1
255,GGA15-HH5,342.90435,4089,282.5,60.40435000000002,U194-H5-VS2-19.09.2024,U194-H5-VS2-GGA15- HH 5 mg-L-26092024-Q=50.06mL-phút-1
256,GGA15-HH5,330.59565,4561,275.90001,54.69563999999997,U194-H5-VS2-19.09.2024,U194-H5-VS2-GGA15- HH 5 mg-L-26092024-Q=50.06mL-phút-1
257,GGA15-HH5,325.39565,5033,274.4,50.99565000000001,U194-H5-VS2-19.09.2024,U194-H5-VS2-GGA15- HH 5 mg-L-26092024-Q=50.06mL-phút-1
258,GGA15-HH5,327.75652,5506,274.6,53.15652,U194-H5-VS2-19.09.2024,U194-H5-VS2-GGA15- HH 5 mg-L-26092024-Q=50.06mL-phút-1
259,GGA15-HH5,321.06486,5978,274.19999,46.864869999999996,U194-H5-VS2-19.09.2024,U194-H5-VS2-GGA15- HH 5 mg-L-26092024-Q=50.06mL-phút-1
260,GGA15-HH5,318.57027,6452,270.90001,47.670259999999985,U194-H5-VS2-19.09.2024,U194-H5-VS2-GGA15- HH 5 mg-L-26092024-Q=50.06mL-phút-1
261,GGA15-HH5,318.51081,6925,269.2,49.310810000000004,U194-H5-VS2-19.09.2024,U194-H5-VS2-GGA15- HH 5 mg-L-26092024-Q=50.06mL-phút-1
262,GGA10,316.35405,301,260.10001,56.254039999999975,U194-H5-VS2-19.09.2024,U194-H5-VS2-GGA15- HH 10 mg-L-26092024-Q=50.22mL-phút-2
263,GGA10,316.40527,773,261.99999,54.40527999999995,U194-H5-VS2-19.09.2024,U194-H5-VS2-GGA15- HH 10 mg-L-26092024-Q=50.22mL-phút-2
264,GGA10,322.75135,1247,266.79999,55.95136000000002,U194-H5-VS2-19.09.2024,U194-H5-VS2-GGA15- HH 10 mg-L-26092024-Q=50.22mL-phút-2
265,GGA10,327.52631,1721,270.79999,56.726320000000044,U194-H5-VS2-19.09.2024,U194-H5-VS2-GGA15- HH 10 mg-L-26092024-Q=50.22mL-phút-2
266,GGA10,328.86842,2195,271.80001,57.06841000000003,U194-H5-VS2-19.09.2024,U194-H5-VS2-GGA15- HH 10 mg-L-26092024-Q=50.22mL-phút-2
267,GGA10,324.23684,2667,269.4,54.836839999999995,U194-H5-VS2-19.09.2024,U194-H5-VS2-GGA15- HH 10 mg-L-26092024-Q=50.22mL-phút-2
268,GGA10,328.52632,3141,270.00001,58.526310000000024,U194-H5-VS2-19.09.2024,U194-H5-VS2-GGA15- HH 10 mg-L-26092024-Q=50.22mL-phút-2
269,GGA10,331.48919,3614,275.20001,56.28917999999999,U194-H5-VS2-19.09.2024,U194-H5-VS2-GGA15- HH 10 mg-L-26092024-Q=50.22mL-phút-2
270,GGA10-HH10,323.09211,4089,269.6,53.49210999999997,U194-H5-VS2-19.09.2024,U194-H5-VS2-GGA15- HH 10 mg-L-26092024-Q=50.22mL-phút-2
271,GGA10-HH10,320.28421,4561,270.5,49.78420999999997,U194-H5-VS2-19.09.2024,U194-H5-VS2-GGA15- HH 10 mg-L-26092024-Q=50.22mL-phút-2
272,GGA10-HH10,322.79189,5034,274.10001,48.691880000000026,U194-H5-VS2-19.09.2024,U194-H5-VS2-GGA15- HH 10 mg-L-26092024-Q=50.22mL-phút-2
273,GGA17.5,321.23243,301,268.5,52.73243000000002,U194-H5-VS2-19.09.2024,U194-H5-VS2-GGA17.5- HH 15 mg-L-26092024-Q=50.28mL-phút-1
274,GGA17.5,328.35263,771,274.19999,54.15263999999996,U194-H5-VS2-19.09.2024,U194-H5-VS2-GGA17.5- HH 15 mg-L-26092024-Q=50.28mL-phút-1
275,GGA17.5,327.91621,1247,273.7,54.21620999999999,U194-H5-VS2-19.09.2024,U194-H5-VS2-GGA17.5- HH 15 mg-L-26092024-Q=50.28mL-phút-1
276,GGA17.5,327.1,1717,270.3,56.80000000000001,U194-H5-VS2-19.09.2024,U194-H5-VS2-GGA17.5- HH 15 mg-L-26092024-Q=50.28mL-phút-1
277,GGA17.5,324.65946,2190,272.1,52.55946,U194-H5-VS2-19.09.2024,U194-H5-VS2-GGA17.5- HH 15 mg-L-26092024-Q=50.28mL-phút-1
278,GGA17.5,322.64359,2664,269.10001,53.54358000000002,U194-H5-VS2-19.09.2024,U194-H5-VS2-GGA17.5- HH 15 mg-L-26092024-Q=50.28mL-phút-1
279,GGA17.5,327.35526,3139,273.79999,53.55527000000001,U194-H5-VS2-19.09.2024,U194-H5-VS2-GGA17.5- HH 15 mg-L-26092024-Q=50.28mL-phút-1
280,GGA17.5-HH15,329.24054,3610,276.30001,52.940530000000024,U194-H5-VS2-19.09.2024,U194-H5-VS2-GGA17.5- HH 15 mg-L-26092024-Q=50.28mL-phút-1
281,GGA17.5-HH15,328.0421,4085,279.90001,48.142089999999996,U194-H5-VS2-19.09.2024,U194-H5-VS2-GGA17.5- HH 15 mg-L-26092024-Q=50.28mL-phút-1
282,GGA17.5-HH15,330.36486,4557,281.50001,48.86485000000005,U194-H5-VS2-19.09.2024,U194-H5-VS2-GGA17.5- HH 15 mg-L-26092024-Q=50.28mL-phút-1
283,GGA17.5-HH15,324.58947,5031,278.60001,45.98946000000001,U194-H5-VS2-19.09.2024,U194-H5-VS2-GGA17.5- HH 15 mg-L-26092024-Q=50.28mL-phút-1
284,GGA17.5-HH15,317.6421,5508,272.6,45.042100000000005,U194-H5-VS2-19.09.2024,U194-H5-VS2-GGA17.5- HH 15 mg-L-26092024-Q=50.28mL-phút-1
285,GGA17.5-HH15,314.67,5979,268.7,45.97000000000003,U194-H5-VS2-19.09.2024,U194-H5-VS2-GGA17.5- HH 15 mg-L-26092024-Q=50.28mL-phút-1
286,GGA17.5-HH15,312.07105,6450,266.99999,45.07105999999999,U194-H5-VS2-19.09.2024,U194-H5-VS2-GGA17.5- HH 15 mg-L-26092024-Q=50.28mL-phút-1
287,GGA15,300.41351,301,244.39999,56.01351999999997,U195-H5-VS2-23.09.2024,U195-H5-VS2-GGA15- Zn5-Cr10-Ni15 mg-L-27092024-Q=50.16mL-phút-1
288,GGA15,298.60526,773,242.3,56.305259999999976,U195-H5-VS2-23.09.2024,U195-H5-VS2-GGA15- Zn5-Cr10-Ni15 mg-L-27092024-Q=50.16mL-phút-1
289,GGA15,297.23514,1245,242.2,55.03514000000001,U195-H5-VS2-23.09.2024,U195-H5-VS2-GGA15- Zn5-Cr10-Ni15 mg-L-27092024-Q=50.16mL-phút-1
290,GGA15,296.77297,1718,240.1,56.67296999999999,U195-H5-VS2-23.09.2024,U195-H5-VS2-GGA15- Zn5-Cr10-Ni15 mg-L-27092024-Q=50.16mL-phút-1
291,GGA15,302.53784,2192,240.6,61.93784000000002,U195-H5-VS2-23.09.2024,U195-H5-VS2-GGA15- Zn5-Cr10-Ni15 mg-L-27092024-Q=50.16mL-phút-1
292,GGA15,322.92368,2661,256.1,66.82367999999997,U195-H5-VS2-23.09.2024,U195-H5-VS2-GGA15- Zn5-Cr10-Ni15 mg-L-27092024-Q=50.16mL-phút-1
293,GGA15,325.06757,3135,260.10001,64.96755999999999,U195-H5-VS2-23.09.2024,U195-H5-VS2-GGA15- Zn5-Cr10-Ni15 mg-L-27092024-Q=50.16mL-phút-1
294,GGA15,326.02162,3606,263.59999,62.42162999999999,U195-H5-VS2-23.09.2024,U195-H5-VS2-GGA15- Zn5-Cr10-Ni15 mg-L-27092024-Q=50.16mL-phút-1
295,GGA15-Zn5-Cr10-Ni15,330.31892,4080,270.59999,59.71893,U195-H5-VS2-23.09.2024,U195-H5-VS2-GGA15- Zn5-Cr10-Ni15 mg-L-27092024-Q=50.16mL-phút-1
296,GGA15-Zn5-Cr10-Ni15,331.50541,4554,273.7,57.805409999999995,U195-H5-VS2-23.09.2024,U195-H5-VS2-GGA15- Zn5-Cr10-Ni15 mg-L-27092024-Q=50.16mL-phút-1
297,GGA15-Zn5-Cr10-Ni15,332.58461,5023,275.40001,57.18459999999999,U195-H5-VS2-23.09.2024,U195-H5-VS2-GGA15- Zn5-Cr10-Ni15 mg-L-27092024-Q=50.16mL-phút-1
298,GGA15-Zn5-Cr10-Ni15,336.81842,5498,279.00001,57.81841000000003,U195-H5-VS2-23.09.2024,U195-H5-VS2-GGA15- Zn5-Cr10-Ni15 mg-L-27092024-Q=50.16mL-phút-1
299,GGA15-Zn5-Cr10-Ni15,337.77368,5971,281.4,56.373680000000036,U195-H5-VS2-23.09.2024,U195-H5-VS2-GGA15- Zn5-Cr10-Ni15 mg-L-27092024-Q=50.16mL-phút-1
300,GGA15-Zn5-Cr10-Ni15,339.0,6444,282.40001,56.59998999999999,U195-H5-VS2-23.09.2024,U195-H5-VS2-GGA15- Zn5-Cr10-Ni15 mg-L-27092024-Q=50.16mL-phút-1
301,GGA15-Zn5-Cr10-Ni15,339.39737,6916,287.09999,52.29738000000003,U195-H5-VS2-23.09.2024,U195-H5-VS2-GGA15- Zn5-Cr10-Ni15 mg-L-27092024-Q=50.16mL-phút-1
302,GGA15-Zn5-Cr10-Ni15,339.08649,7389,285.0,54.086490000000026,U195-H5-VS2-23.09.2024,U195-H5-VS2-GGA15- Zn5-Cr10-Ni15 mg-L-27092024-Q=50.16mL-phút-1
303,GGA15-Zn5-Cr10-Ni15,337.08378,7866,286.70001,50.38376999999997,U195-H5-VS2-23.09.2024,U195-H5-VS2-GGA15- Zn5-Cr10-Ni15 mg-L-27092024-Q=50.16mL-phút-1
304,GGA15-Zn5-Cr10-Ni15,336.94359,8337,286.39999,50.54359999999997,U195-H5-VS2-23.09.2024,U195-H5-VS2-GGA15- Zn5-Cr10-Ni15 mg-L-27092024-Q=50.16mL-phút-1
305,GGA15-Zn5-Cr10-Ni15,335.25676,8809,285.0,50.256759999999986,U195-H5-VS2-23.09.2024,U195-H5-VS2-GGA15- Zn5-Cr10-Ni15 mg-L-27092024-Q=50.16mL-phút-1
306,GGA15,327.99737,301,276.30001,51.69736,U195-H5-VS2-23.09.2024,U195-H5-VS2-GGA15- Zn10-Cr15-Ni15 mg-L-27092024-Q=50.52mL-phút-1
307,GGA15,332.78649,774,280.40001,52.386480000000006,U195-H5-VS2-23.09.2024,U195-H5-VS2-GGA15- Zn10-Cr15-Ni15 mg-L-27092024-Q=50.52mL-phút-1
308,GGA15,332.54324,1249,278.29999,54.243250000000046,U195-H5-VS2-23.09.2024,U195-H5-VS2-GGA15- Zn10-Cr15-Ni15 mg-L-27092024-Q=50.52mL-phút-1
309,GGA15,336.83784,1721,277.3,59.53784000000002,U195-H5-VS2-23.09.2024,U195-H5-VS2-GGA15- Zn10-Cr15-Ni15 mg-L-27092024-Q=50.52mL-phút-1
310,GGA15,329.43684,2190,276.89999,52.536850000000015,U195-H5-VS2-23.09.2024,U195-H5-VS2-GGA15- Zn10-Cr15-Ni15 mg-L-27092024-Q=50.52mL-phút-1
311,GGA15,325.71351,2663,270.90001,54.813499999999976,U195-H5-VS2-23.09.2024,U195-H5-VS2-GGA15- Zn10-Cr15-Ni15 mg-L-27092024-Q=50.52mL-phút-1
312,GGA15-Zn5-Cr10-Ni15,322.62162,3077,270.3,52.321619999999996,U195-H5-VS2-23.09.2024,U195-H5-VS2-GGA15- Zn10-Cr15-Ni15 mg-L-27092024-Q=50.52mL-phút-1
313,GGA15-Zn5-Cr10-Ni15,324.11795,3549,277.39999,46.717960000000005,U195-H5-VS2-23.09.2024,U195-H5-VS2-GGA15- Zn10-Cr15-Ni15 mg-L-27092024-Q=50.52mL-phút-1
314,GGA15-Zn5-Cr10-Ni15,320.81351,4018,273.9,46.91351000000003,U195-H5-VS2-23.09.2024,U195-H5-VS2-GGA15- Zn10-Cr15-Ni15 mg-L-27092024-Q=50.52mL-phút-1
315,GGA15-Zn5-Cr10-Ni15,324.71053,4446,278.4,46.31053000000003,U195-H5-VS2-23.09.2024,U195-H5-VS2-GGA15- Zn10-Cr15-Ni15 mg-L-27092024-Q=50.52mL-phút-1
316,GGA17.5,324.76757,301,273.09999,51.66757999999999,U195-H5-VS2-23.09.2024,U195-H5-VS2-GGA17.5- HH 15 mg-L-27092024-Q=50.24mL-phút-2
317,GGA17.5,332.65,773,277.00001,55.64999,U195-H5-VS2-23.09.2024,U195-H5-VS2-GGA17.5- HH 15 mg-L-27092024-Q=50.24mL-phút-2
318,GGA17.5,336.86579,1244,280.2,56.665790000000015,U195-H5-VS2-23.09.2024,U195-H5-VS2-GGA17.5- HH 15 mg-L-27092024-Q=50.24mL-phút-2
319,GGA17.5,335.01053,1720,282.3,52.710530000000006,U195-H5-VS2-23.09.2024,U195-H5-VS2-GGA17.5- HH 15 mg-L-27092024-Q=50.24mL-phút-2
320,GGA17.5,340.62895,2193,287.9,52.72895,U195-H5-VS2-23.09.2024,U195-H5-VS2-GGA17.5- HH 15 mg-L-27092024-Q=50.24mL-phút-2
321,GGA17.5-HH15,332.3946,2665,283.4,48.99460000000005,U195-H5-VS2-23.09.2024,U195-H5-VS2-GGA17.5- HH 15 mg-L-27092024-Q=50.24mL-phút-2
322,GGA17.5-HH15,330.9425,3141,282.99999,47.94250999999997,U195-H5-VS2-23.09.2024,U195-H5-VS2-GGA17.5- HH 15 mg-L-27092024-Q=50.24mL-phút-2
323,GGA17.5-HH15,332.21351,3611,285.0,47.213509999999985,U195-H5-VS2-23.09.2024,U195-H5-VS2-GGA17.5- HH 15 mg-L-27092024-Q=50.24mL-phút-2
324,GGA17.5-HH15,329.15135,4089,282.40001,46.75133999999997,U195-H5-VS2-23.09.2024,U195-H5-VS2-GGA17.5- HH 15 mg-L-27092024-Q=50.24mL-phút-2
325,GGA17.5-HH15,325.92973,4562,283.2,42.72973000000002,U195-H5-VS2-23.09.2024,U195-H5-VS2-GGA17.5- HH 15 mg-L-27092024-Q=50.24mL-phút-2
326,GGA17.5-HH15,321.01892,5036,277.90001,43.11890999999997,U195-H5-VS2-23.09.2024,U195-H5-VS2-GGA17.5- HH 15 mg-L-27092024-Q=50.24mL-phút-2
327,GGA17.5-HH15,315.57297,5511,273.79999,41.77298000000002,U195-H5-VS2-23.09.2024,U195-H5-VS2-GGA17.5- HH 15 mg-L-27092024-Q=50.24mL-phút-2
328,GGA17.5-HH15,312.23684,5982,274.50001,37.73683,U195-H5-VS2-23.09.2024,U195-H5-VS2-GGA17.5- HH 15 mg-L-27092024-Q=50.24mL-phút-2
329,GGA17.5-HH15,310.665,6458,274.69999,35.96501000000001,U195-H5-VS2-23.09.2024,U195-H5-VS2-GGA17.5- HH 15 mg-L-27092024-Q=50.24mL-phút-2
330,GGA17.5-HH15,309.75526,6926,272.8,36.95526000000001,U195-H5-VS2-23.09.2024,U195-H5-VS2-GGA17.5- HH 15 mg-L-27092024-Q=50.24mL-phút-2
331,GGA20,313.04792,301,242.8,70.24791999999997,U196-H5-VS2-27.09.2024,U196-H5-VS2-GGA20-HH 5 mg-L-30092024-Q=50.1mL-phút-1
332,GGA20,317.74583,776,247.5,70.24583000000001,U196-H5-VS2-27.09.2024,U196-H5-VS2-GGA20-HH 5 mg-L-30092024-Q=50.1mL-phút-1
333,GGA20,320.22292,1248,248.60001,71.62290999999999,U196-H5-VS2-27.09.2024,U196-H5-VS2-GGA20-HH 5 mg-L-30092024-Q=50.1mL-phút-1
334,GGA20,321.674,1720,249.0,72.67399999999998,U196-H5-VS2-27.09.2024,U196-H5-VS2-GGA20-HH 5 mg-L-30092024-Q=50.1mL-phút-1
335,GGA20,320.39583,2099,248.3,72.09582999999998,U196-H5-VS2-27.09.2024,U196-H5-VS2-GGA20-HH 5 mg-L-30092024-Q=50.1mL-phút-1
336,GGA20-HH5,325.77292,2574,246.99999,78.77293,U196-H5-VS2-27.09.2024,U196-H5-VS2-GGA20-HH 5 mg-L-30092024-Q=50.1mL-phút-1
337,GGA20-HH5,328.80625,3047,264.09999,64.70625999999999,U196-H5-VS2-27.09.2024,U196-H5-VS2-GGA20-HH 5 mg-L-30092024-Q=50.1mL-phút-1
338,GGA20-HH5,331.525,3518,270.5,61.02499999999998,U196-H5-VS2-27.09.2024,U196-H5-VS2-GGA20-HH 5 mg-L-30092024-Q=50.1mL-phút-1
339,GGA20-HH5,331.125,3992,273.20001,57.92498999999998,U196-H5-VS2-27.09.2024,U196-H5-VS2-GGA20-HH 5 mg-L-30092024-Q=50.1mL-phút-1
340,GGA20-HH5,333.196,4464,273.20001,59.995990000000006,U196-H5-VS2-27.09.2024,U196-H5-VS2-GGA20-HH 5 mg-L-30092024-Q=50.1mL-phút-1
341,GGA20-HH5,331.45209,4937,266.0,65.45209,U196-H5-VS2-27.09.2024,U196-H5-VS2-GGA20-HH 5 mg-L-30092024-Q=50.1mL-phút-1
342,GGA20-HH5,331.07292,5411,272.70001,58.37290999999999,U196-H5-VS2-27.09.2024,U196-H5-VS2-GGA20-HH 5 mg-L-30092024-Q=50.1mL-phút-1
343,GGA20-HH5,331.425,5885,273.40001,58.02499,U196-H5-VS2-27.09.2024,U196-H5-VS2-GGA20-HH 5 mg-L-30092024-Q=50.1mL-phút-1
344,GGA20,333.03959,301,274.30001,58.73957999999999,U196-H5-VS2-27.09.2024,U196-H5-VS2-GGA20-HH 10 mg-L-30092024-Q=50.4mL-phút-1
345,GGA20,333.99583,773,272.89999,61.09584000000001,U196-H5-VS2-27.09.2024,U196-H5-VS2-GGA20-HH 10 mg-L-30092024-Q=50.4mL-phút-1
346,GGA20,331.23125,1237,271.4,59.83125000000001,U196-H5-VS2-27.09.2024,U196-H5-VS2-GGA20-HH 10 mg-L-30092024-Q=50.4mL-phút-1
347,GGA20,332.31458,1709,272.19999,60.114589999999964,U196-H5-VS2-27.09.2024,U196-H5-VS2-GGA20-HH 10 mg-L-30092024-Q=50.4mL-phút-1
348,GGA20,330.57708,2182,270.90001,59.677070000000015,U196-H5-VS2-27.09.2024,U196-H5-VS2-GGA20-HH 10 mg-L-30092024-Q=50.4mL-phút-1
349,GGA20,330.668,2656,270.70001,59.967989999999986,U196-H5-VS2-27.09.2024,U196-H5-VS2-GGA20-HH 10 mg-L-30092024-Q=50.4mL-phút-1
350,GGA20-HH10,332.74792,3128,273.40001,59.34791000000001,U196-H5-VS2-27.09.2024,U196-H5-VS2-GGA20-HH 10 mg-L-30092024-Q=50.4mL-phút-1
351,GGA20-HH10,330.02917,3603,266.7,63.32917000000003,U196-H5-VS2-27.09.2024,U196-H5-VS2-GGA20-HH 10 mg-L-30092024-Q=50.4mL-phút-1
352,GGA20-HH10,324.396,4073,264.40001,59.995990000000006,U196-H5-VS2-27.09.2024,U196-H5-VS2-GGA20-HH 10 mg-L-30092024-Q=50.4mL-phút-1
353,GGA20-HH10,325.716,4548,265.8,59.916,U196-H5-VS2-27.09.2024,U196-H5-VS2-GGA20-HH 10 mg-L-30092024-Q=50.4mL-phút-1
354,GGA20-HH10,324.58824,5022,267.89999,56.68824999999998,U196-H5-VS2-27.09.2024,U196-H5-VS2-GGA20-HH 10 mg-L-30092024-Q=50.4mL-phút-1
355,GGA20-HH10,326.07059,5501,270.39999,55.67059999999998,U196-H5-VS2-27.09.2024,U196-H5-VS2-GGA20-HH 10 mg-L-30092024-Q=50.4mL-phút-1
356,GGA15,336.60192,301,279.50001,57.10191000000003,U196-H5-VS2-27.09.2024,U196-H5-VS2-GGA15-HH 15 mg-L-30092024-Q=50.26mL-phút-1
357,GGA15,337.726,774,278.9,58.82600000000002,U196-H5-VS2-27.09.2024,U196-H5-VS2-GGA15-HH 15 mg-L-30092024-Q=50.26mL-phút-1
358,GGA15,338.448,1247,279.90001,58.54798999999997,U196-H5-VS2-27.09.2024,U196-H5-VS2-GGA15-HH 15 mg-L-30092024-Q=50.26mL-phút-1
359,GGA15,336.834,1721,277.59999,59.23401000000001,U196-H5-VS2-27.09.2024,U196-H5-VS2-GGA15-HH 15 mg-L-30092024-Q=50.26mL-phút-1
360,GGA15,333.986,2196,277.90001,56.08598999999998,U196-H5-VS2-27.09.2024,U196-H5-VS2-GGA15-HH 15 mg-L-30092024-Q=50.26mL-phút-1
361,GGA15,334.08628,2666,276.69999,57.386289999999974,U196-H5-VS2-27.09.2024,U196-H5-VS2-GGA15-HH 15 mg-L-30092024-Q=50.26mL-phút-1
362,GGA15,333.418,3140,274.89999,58.518010000000004,U196-H5-VS2-27.09.2024,U196-H5-VS2-GGA15-HH 15 mg-L-30092024-Q=50.26mL-phút-1
363,GGA15-HH 15,339.26731,3611,282.79999,56.46732000000003,U196-H5-VS2-27.09.2024,U196-H5-VS2-GGA15-HH 15 mg-L-30092024-Q=50.26mL-phút-1
364,GGA15-HH 15,339.488,4088,284.79999,54.68801000000002,U196-H5-VS2-27.09.2024,U196-H5-VS2-GGA15-HH 15 mg-L-30092024-Q=50.26mL-phút-1
365,GGA15-HH 15,340.218,4561,287.09999,53.11801000000003,U196-H5-VS2-27.09.2024,U196-H5-VS2-GGA15-HH 15 mg-L-30092024-Q=50.26mL-phút-1
366,GGA15-HH 15,339.036,5034,286.1,52.93599999999998,U196-H5-VS2-27.09.2024,U196-H5-VS2-GGA15-HH 15 mg-L-30092024-Q=50.26mL-phút-1
367,GGA15-HH 15,339.526,5507,287.2,52.32600000000002,U196-H5-VS2-27.09.2024,U196-H5-VS2-GGA15-HH 15 mg-L-30092024-Q=50.26mL-phút-1
368,GGA15-HH 15,340.946,5978,289.9,51.04600000000005,U196-H5-VS2-27.09.2024,U196-H5-VS2-GGA15-HH 15 mg-L-30092024-Q=50.26mL-phút-1
369,GGA15-HH 15,339.036,6455,288.19999,50.83600999999999,U196-H5-VS2-27.09.2024,U196-H5-VS2-GGA15-HH 15 mg-L-30092024-Q=50.26mL-phút-1
370,GGA15-HH 15,338.772,6926,289.5,49.27199999999999,U196-H5-VS2-27.09.2024,U196-H5-VS2-GGA15-HH 15 mg-L-30092024-Q=50.26mL-phút-1
371,GGA15-HH 15,323.492,7400,276.2,47.29200000000003,U196-H5-VS2-27.09.2024,U196-H5-VS2-GGA15-HH 15 mg-L-30092024-Q=50.26mL-phút-1
372,GGA15-HH 15,311.55192,7873,268.79999,42.751930000000016,U196-H5-VS2-27.09.2024,U196-H5-VS2-GGA15-HH 15 mg-L-30092024-Q=50.26mL-phút-1
373,GGA15-HH 15,306.746,8349,264.80001,41.945989999999995,U196-H5-VS2-27.09.2024,U196-H5-VS2-GGA15-HH 15 mg-L-30092024-Q=50.26mL-phút-1
374,GGA15-HH 15,304.18039,8821,261.90001,42.28037999999998,U196-H5-VS2-27.09.2024,U196-H5-VS2-GGA15-HH 15 mg-L-30092024-Q=50.26mL-phút-1
375,GGA20,369.92895,301,348.19999,21.728959999999972,U197-H6-VS2-29.09.2024,U197-H6-VS2-GGA20-HH 15 mg-L-30092024-Q=50.32mL-phút-1
376,GGA20,369.305,774,347.5,21.805000000000007,U197-H6-VS2-29.09.2024,U197-H6-VS2-GGA20-HH 15 mg-L-30092024-Q=50.32mL-phút-1
377,GGA20,369.51579,1249,347.5,22.01578999999998,U197-H6-VS2-29.09.2024,U197-H6-VS2-GGA20-HH 15 mg-L-30092024-Q=50.32mL-phút-1
378,GGA20,368.66486,1720,347.79999,20.864869999999996,U197-H6-VS2-29.09.2024,U197-H6-VS2-GGA20-HH 15 mg-L-30092024-Q=50.32mL-phút-1
379,GGA20,368.48421,2194,348.6,19.884209999999996,U197-H6-VS2-29.09.2024,U197-H6-VS2-GGA20-HH 15 mg-L-30092024-Q=50.32mL-phút-1
380,GGA20-HH 15,367.65,2667,349.20001,18.449989999999957,U197-H6-VS2-29.09.2024,U197-H6-VS2-GGA20-HH 15 mg-L-30092024-Q=50.32mL-phút-1
381,GGA20-HH 15,370.28421,3140,355.8,14.484209999999962,U197-H6-VS2-29.09.2024,U197-H6-VS2-GGA20-HH 15 mg-L-30092024-Q=50.32mL-phút-1
382,GGA20-HH 15,369.83421,3612,359.10001,10.734199999999987,U197-H6-VS2-29.09.2024,U197-H6-VS2-GGA20-HH 15 mg-L-30092024-Q=50.32mL-phút-1
383,GGA20-HH 15,371.48,4088,362.30001,9.179990000000032,U197-H6-VS2-29.09.2024,U197-H6-VS2-GGA20-HH 15 mg-L-30092024-Q=50.32mL-phút-1
384,GGA20-HH 15,376.88919,4562,368.09999,8.789199999999994,U197-H6-VS2-29.09.2024,U197-H6-VS2-GGA20-HH 15 mg-L-30092024-Q=50.32mL-phút-1
385,GGA20-HH 15,376.8946,5034,368.2,8.694600000000037,U197-H6-VS2-29.09.2024,U197-H6-VS2-GGA20-HH 15 mg-L-30092024-Q=50.32mL-phút-1
386,GGA15,307.31613,301,241.69999,65.61613999999997,U198-H5-VS2-29.09.2024,U198-H5-VS2-GGA15-HH 5 mg-L-01102024-Q=50.4mL-phút-2
387,GGA15,310.81613,776,246.09999,64.71614,U198-H5-VS2-29.09.2024,U198-H5-VS2-GGA15-HH 5 mg-L-01102024-Q=50.4mL-phút-2
388,GGA15,312.22083,1248,247.2,65.02082999999999,U198-H5-VS2-29.09.2024,U198-H5-VS2-GGA15-HH 5 mg-L-01102024-Q=50.4mL-phút-2
389,GGA15,312.58958,1722,248.1,64.48958000000002,U198-H5-VS2-29.09.2024,U198-H5-VS2-GGA15-HH 5 mg-L-01102024-Q=50.4mL-phút-2
390,GGA15,313.87959,2195,250.80001,63.07958000000002,U198-H5-VS2-29.09.2024,U198-H5-VS2-GGA15-HH 5 mg-L-01102024-Q=50.4mL-phút-2
391,GGA15-HH 5,318.83333,2670,248.9,69.93332999999998,U198-H5-VS2-29.09.2024,U198-H5-VS2-GGA15-HH 5 mg-L-01102024-Q=50.4mL-phút-2
392,GGA15-HH 5,319.89792,3141,256.3,63.59791999999999,U198-H5-VS2-29.09.2024,U198-H5-VS2-GGA15-HH 5 mg-L-01102024-Q=50.4mL-phút-2
393,GGA15-HH 5,319.925,3615,259.79999,60.12501000000003,U198-H5-VS2-29.09.2024,U198-H5-VS2-GGA15-HH 5 mg-L-01102024-Q=50.4mL-phút-2
394,GGA15-HH 5,321.446,4088,260.4,61.04600000000005,U198-H5-VS2-29.09.2024,U198-H5-VS2-GGA15-HH 5 mg-L-01102024-Q=50.4mL-phút-2
395,GGA15-HH 5,316.38542,4563,262.6,53.78541999999999,U198-H5-VS2-29.09.2024,U198-H5-VS2-GGA15-HH 5 mg-L-01102024-Q=50.4mL-phút-2
396,GGA15-HH 5,316.66875,5037,264.60001,52.06873999999999,U198-H5-VS2-29.09.2024,U198-H5-VS2-GGA15-HH 5 mg-L-01102024-Q=50.4mL-phút-2
397,GGA15-HH 5,319.31428,5516,267.10001,52.21427,U198-H5-VS2-29.09.2024,U198-H5-VS2-GGA15-HH 5 mg-L-01102024-Q=50.4mL-phút-2
398,GGA15,318.06458,301,262.6,55.464579999999955,U198-H5-VS2-29.09.2024,U198-H5-VS2-GGA15-HH 10 mg-L-01102024-Q=50.36mL-phút-3
399,GGA15,320.49792,774,261.90001,58.59791000000001,U198-H5-VS2-29.09.2024,U198-H5-VS2-GGA15-HH 10 mg-L-01102024-Q=50.36mL-phút-3
400,GGA15,320.72292,1249,262.49999,58.22292999999996,U198-H5-VS2-29.09.2024,U198-H5-VS2-GGA15-HH 10 mg-L-01102024-Q=50.36mL-phút-3
401,GGA15,319.8449,1720,262.30001,57.54489000000001,U198-H5-VS2-29.09.2024,U198-H5-VS2-GGA15-HH 10 mg-L-01102024-Q=50.36mL-phút-3
402,GGA15,320.22292,2192,263.50001,56.72291000000001,U198-H5-VS2-29.09.2024,U198-H5-VS2-GGA15-HH 10 mg-L-01102024-Q=50.36mL-phút-3
403,GGA15-HH 10,324.34375,2668,265.19999,59.143759999999986,U198-H5-VS2-29.09.2024,U198-H5-VS2-GGA15-HH 10 mg-L-01102024-Q=50.36mL-phút-3
404,GGA15-HH 10,321.032,3142,266.60001,54.431989999999985,U198-H5-VS2-29.09.2024,U198-H5-VS2-GGA15-HH 10 mg-L-01102024-Q=50.36mL-phút-3
405,GGA15-HH 10,320.45833,3614,264.9,55.55833000000001,U198-H5-VS2-29.09.2024,U198-H5-VS2-GGA15-HH 10 mg-L-01102024-Q=50.36mL-phút-3
406,GGA15-HH 10,320.56939,4088,269.89999,50.669399999999996,U198-H5-VS2-29.09.2024,U198-H5-VS2-GGA15-HH 10 mg-L-01102024-Q=50.36mL-phút-3
407,GGA15-HH 10,321.35102,4559,271.80001,49.55101000000002,U198-H5-VS2-29.09.2024,U198-H5-VS2-GGA15-HH 10 mg-L-01102024-Q=50.36mL-phút-3
408,GGA15-HH 10,320.80833,5035,268.20001,52.60831999999999,U198-H5-VS2-29.09.2024,U198-H5-VS2-GGA15-HH 10 mg-L-01102024-Q=50.36mL-phút-3
409,GGA15-HH 10,310.91458,5508,262.2,48.71458000000001,U198-H5-VS2-29.09.2024,U198-H5-VS2-GGA15-HH 10 mg-L-01102024-Q=50.36mL-phút-3
410,GGA15-HH 10,307.6375,5982,264.2,43.4375,U198-H5-VS2-29.09.2024,U198-H5-VS2-GGA15-HH 10 mg-L-01102024-Q=50.36mL-phút-3
411,GGA15-HH 10,311.25,6454,266.29999,44.95001000000002,U198-H5-VS2-29.09.2024,U198-H5-VS2-GGA15-HH 10 mg-L-01102024-Q=50.36mL-phút-3
412,GGA20,307.6375,301,264.2,43.4375,U198-H5-VS2-29.09.2024,U198-H5-VS2-GGA20-HH 15 mg-L-01102024-Q=50.3mL-phút-3
413,GGA20,311.25,773,266.29999,44.95001000000002,U198-H5-VS2-29.09.2024,U198-H5-VS2-GGA20-HH 15 mg-L-01102024-Q=50.3mL-phút-3
414,GGA20,308.294,1244,261.79999,46.49401,U198-H5-VS2-29.09.2024,U198-H5-VS2-GGA20-HH 15 mg-L-01102024-Q=50.3mL-phút-3
415,GGA20,309.42916,1718,263.50001,45.92915000000005,U198-H5-VS2-29.09.2024,U198-H5-VS2-GGA20-HH 15 mg-L-01102024-Q=50.3mL-phút-3
416,GGA20,305.43061,2191,257.2,48.23061000000001,U198-H5-VS2-29.09.2024,U198-H5-VS2-GGA20-HH 15 mg-L-01102024-Q=50.3mL-phút-3
417,GGA20,308.66667,2665,262.2,46.46667000000002,U198-H5-VS2-29.09.2024,U198-H5-VS2-GGA20-HH 15 mg-L-01102024-Q=50.3mL-phút-3
418,GGA20,309.46939,3140,260.6,48.86938999999995,U198-H5-VS2-29.09.2024,U198-H5-VS2-GGA20-HH 15 mg-L-01102024-Q=50.3mL-phút-3
419,GGA20,304.59375,3613,256.8,47.79374999999999,U198-H5-VS2-29.09.2024,U198-H5-VS2-GGA20-HH 15 mg-L-01102024-Q=50.3mL-phút-3
420,GGA20,303.00417,4086,256.39999,46.604179999999985,U198-H5-VS2-29.09.2024,U198-H5-VS2-GGA20-HH 15 mg-L-01102024-Q=50.3mL-phút-3
421,GGA20-HH 15,305.45,4557,259.9,45.55000000000001,U198-H5-VS2-29.09.2024,U198-H5-VS2-GGA20-HH 15 mg-L-01102024-Q=50.3mL-phút-3
422,GGA20-HH 15,312.54118,5032,255.0,57.54118,U198-H5-VS2-29.09.2024,U198-H5-VS2-GGA20-HH 15 mg-L-01102024-Q=50.3mL-phút-3
423,GGA20-HH 15,306.98269,5504,257.7,49.28269,U198-H5-VS2-29.09.2024,U198-H5-VS2-GGA20-HH 15 mg-L-01102024-Q=50.3mL-phút-3
424,GGA20-HH 15,309.63846,5979,260.6,49.038459999999986,U198-H5-VS2-29.09.2024,U198-H5-VS2-GGA20-HH 15 mg-L-01102024-Q=50.3mL-phút-3
425,GGA20-HH 15,307.24231,6451,259.29999,47.942319999999995,U198-H5-VS2-29.09.2024,U198-H5-VS2-GGA20-HH 15 mg-L-01102024-Q=50.3mL-phút-3
426,GGA20-HH 15,309.07692,6923,263.3,45.77691999999996,U198-H5-VS2-29.09.2024,U198-H5-VS2-GGA20-HH 15 mg-L-01102024-Q=50.3mL-phút-3
427,GGA20-HH 15,309.30864,7399,260.8,48.508640000000014,U198-H5-VS2-29.09.2024,U198-H5-VS2-GGA20-HH 15 mg-L-01102024-Q=50.3mL-phút-3
428,GGA20-HH 15,302.55556,7878,256.70001,45.855549999999994,U198-H5-VS2-29.09.2024,U198-H5-VS2-GGA20-HH 15 mg-L-01102024-Q=50.3mL-phút-3
429,GGA20-HH 15,291.13143,8356,250.29999,40.831440000000015,U198-H5-VS2-29.09.2024,U198-H5-VS2-GGA20-HH 15 mg-L-01102024-Q=50.3mL-phút-3
430,GGA20-HH 15,289.07714,8824,248.3,40.777139999999974,U198-H5-VS2-29.09.2024,U198-H5-VS2-GGA20-HH 15 mg-L-01102024-Q=50.3mL-phút-3
431,GGA20,377.98235,301,335.70001,42.28233999999998,U199-H6-VS2-29.09.2024,U199-H6-VS2-GGA20-HH 5 mg-L-01102024-Q=50.37mL-phút-2
432,GGA20,384.7697,775,339.1,45.66969999999998,U199-H6-VS2-29.09.2024,U199-H6-VS2-GGA20-HH 5 mg-L-01102024-Q=50.37mL-phút-2
433,GGA20,386.05294,1250,342.20001,43.85292999999996,U199-H6-VS2-29.09.2024,U199-H6-VS2-GGA20-HH 5 mg-L-01102024-Q=50.37mL-phút-2
434,GGA20,385.68529,1721,340.99999,44.685299999999984,U199-H6-VS2-29.09.2024,U199-H6-VS2-GGA20-HH 5 mg-L-01102024-Q=50.37mL-phút-2
435,GGA20,386.10294,2195,342.3,43.80293999999998,U199-H6-VS2-29.09.2024,U199-H6-VS2-GGA20-HH 5 mg-L-01102024-Q=50.37mL-phút-2
436,GGA20,385.03636,2671,339.70001,45.33634999999998,U199-H6-VS2-29.09.2024,U199-H6-VS2-GGA20-HH 5 mg-L-01102024-Q=50.37mL-phút-2
437,GGA20,383.52727,3142,338.80001,44.72726,U199-H6-VS2-29.09.2024,U199-H6-VS2-GGA20-HH 5 mg-L-01102024-Q=50.37mL-phút-2
438,GGA20-HH 5,388.83235,3621,351.1,37.73235,U199-H6-VS2-29.09.2024,U199-H6-VS2-GGA20-HH 5 mg-L-01102024-Q=50.37mL-phút-2
439,GGA20-HH 5,388.80882,4095,354.20001,34.608810000000005,U199-H6-VS2-29.09.2024,U199-H6-VS2-GGA20-HH 5 mg-L-01102024-Q=50.37mL-phút-2
440,GGA20-HH 5,387.92778,4571,352.60001,35.32776999999999,U199-H6-VS2-29.09.2024,U199-H6-VS2-GGA20-HH 5 mg-L-01102024-Q=50.37mL-phút-2
441,GGA20-HH 5,387.77059,5042,353.19999,34.57060000000001,U199-H6-VS2-29.09.2024,U199-H6-VS2-GGA20-HH 5 mg-L-01102024-Q=50.37mL-phút-2
442,GGA20-HH 5,388.85294,5521,359.69999,29.152949999999976,U199-H6-VS2-29.09.2024,U199-H6-VS2-GGA20-HH 5 mg-L-01102024-Q=50.37mL-phút-2
443,GGA20-HH 5,390.49091,5992,360.19999,30.29091999999997,U199-H6-VS2-29.09.2024,U199-H6-VS2-GGA20-HH 5 mg-L-01102024-Q=50.37mL-phút-2
444,GGA20-HH 5,389.13529,6466,358.39999,30.735299999999995,U199-H6-VS2-29.09.2024,U199-H6-VS2-GGA20-HH 5 mg-L-01102024-Q=50.37mL-phút-2
445,GGA20,386.87576,301,355.4,31.475760000000037,U199-H6-VS2-29.09.2024,U199-H6-VS2-GGA20-HH 15 mg-L-01102024-Q=50.48mL-phút-2
446,GGA20,385.25429,780,354.9,30.35429000000005,U199-H6-VS2-29.09.2024,U199-H6-VS2-GGA20-HH 15 mg-L-01102024-Q=50.48mL-phút-2
447,GGA20,383.17647,1252,353.50001,29.67646000000002,U199-H6-VS2-29.09.2024,U199-H6-VS2-GGA20-HH 15 mg-L-01102024-Q=50.48mL-phút-2
448,GGA20,382.73529,1723,351.59999,31.13530000000003,U199-H6-VS2-29.09.2024,U199-H6-VS2-GGA20-HH 15 mg-L-01102024-Q=50.48mL-phút-2
449,GGA20,383.07059,2198,352.60001,30.470579999999984,U199-H6-VS2-29.09.2024,U199-H6-VS2-GGA20-HH 15 mg-L-01102024-Q=50.48mL-phút-2
450,GGA20,383.71515,2670,353.89999,29.81515999999999,U199-H6-VS2-29.09.2024,U199-H6-VS2-GGA20-HH 15 mg-L-01102024-Q=50.48mL-phút-2
451,GGA20,383.24412,3144,353.19999,30.044129999999996,U199-H6-VS2-29.09.2024,U199-H6-VS2-GGA20-HH 15 mg-L-01102024-Q=50.48mL-phút-2
452,GGA20-HH 10,390.41515,3619,353.1,37.31514999999996,U199-H6-VS2-29.09.2024,U199-H6-VS2-GGA20-HH 15 mg-L-01102024-Q=50.48mL-phút-2
453,GGA20-HH 10,383.55588,4091,352.2,31.355880000000013,U199-H6-VS2-29.09.2024,U199-H6-VS2-GGA20-HH 15 mg-L-01102024-Q=50.48mL-phút-2
454,GGA20-HH 10,382.80556,4563,352.2,30.605560000000025,U199-H6-VS2-29.09.2024,U199-H6-VS2-GGA20-HH 15 mg-L-01102024-Q=50.48mL-phút-2
455,GGA20-HH 10,380.32424,5039,349.20001,31.124229999999955,U199-H6-VS2-29.09.2024,U199-H6-VS2-GGA20-HH 15 mg-L-01102024-Q=50.48mL-phút-2
456,GGA20-HH 10,379.49411,5513,351.1,28.394109999999955,U199-H6-VS2-29.09.2024,U199-H6-VS2-GGA20-HH 15 mg-L-01102024-Q=50.48mL-phút-2
457,GGA20-HH 10,380.05,5986,351.39999,28.65001000000001,U199-H6-VS2-29.09.2024,U199-H6-VS2-GGA20-HH 15 mg-L-01102024-Q=50.48mL-phút-2
458,GGA20-HH 10,370.38529,6458,346.1,24.285289999999975,U199-H6-VS2-29.09.2024,U199-H6-VS2-GGA20-HH 15 mg-L-01102024-Q=50.48mL-phút-2
459,GGA20-HH 10,367.14118,6932,344.19999,22.941190000000006,U199-H6-VS2-29.09.2024,U199-H6-VS2-GGA20-HH 15 mg-L-01102024-Q=50.48mL-phút-2
460,GGA20-HH 10,368.58823,7406,346.39999,22.188240000000008,U199-H6-VS2-29.09.2024,U199-H6-VS2-GGA20-HH 15 mg-L-01102024-Q=50.48mL-phút-2
461,GGA10,319.99123,301,239.0,80.99122999999997,U200-H5-VS2-27.09.2024,U200-H5-VS2-GGA10- HH 5mg-L-02102024-Q=50.25mL-phút-3
462,GGA10,327.11404,776,240.9,86.21403999999998,U200-H5-VS2-27.09.2024,U200-H5-VS2-GGA10- HH 5mg-L-02102024-Q=50.25mL-phút-3
463,GGA10,338.21163,1228,248.3,89.91163,U200-H5-VS2-27.09.2024,U200-H5-VS2-GGA10- HH 5mg-L-02102024-Q=50.25mL-phút-3
464,GGA10,336.16341,1707,249.4,86.76341,U200-H5-VS2-27.09.2024,U200-H5-VS2-GGA10- HH 5mg-L-02102024-Q=50.25mL-phút-3
465,GGA10,337.32439,2186,248.1,89.22439,U200-H5-VS2-27.09.2024,U200-H5-VS2-GGA10- HH 5mg-L-02102024-Q=50.25mL-phút-3
466,GGA10-HH5,340.53902,2659,249.1,91.43902,U200-H5-VS2-27.09.2024,U200-H5-VS2-GGA10- HH 5mg-L-02102024-Q=50.25mL-phút-3
467,GGA10-HH5,340.36341,3135,261.4,78.96341000000001,U200-H5-VS2-27.09.2024,U200-H5-VS2-GGA10- HH 5mg-L-02102024-Q=50.25mL-phút-3
468,GGA10-HH5,341.36744,3526,267.6,73.76743999999997,U200-H5-VS2-27.09.2024,U200-H5-VS2-GGA10- HH 5mg-L-02102024-Q=50.25mL-phút-3
469,GGA10-HH5,340.75122,3997,266.0,74.75121999999999,U200-H5-VS2-27.09.2024,U200-H5-VS2-GGA10- HH 5mg-L-02102024-Q=50.25mL-phút-3
470,GGA10-HH5,334.2561,4471,261.1,73.15609999999998,U200-H5-VS2-27.09.2024,U200-H5-VS2-GGA10- HH 5mg-L-02102024-Q=50.25mL-phút-3
471,GGA10-HH5,336.27805,4945,264.4,71.87805000000003,U200-H5-VS2-27.09.2024,U200-H5-VS2-GGA10- HH 5mg-L-02102024-Q=50.25mL-phút-3
472,GGA10-HH5,338.00732,5418,267.6,70.40731999999997,U200-H5-VS2-27.09.2024,U200-H5-VS2-GGA10- HH 5mg-L-02102024-Q=50.25mL-phút-3
473,GGA10-HH5,339.35854,5889,267.3,72.05854,U200-H5-VS2-27.09.2024,U200-H5-VS2-GGA10- HH 5mg-L-02102024-Q=50.25mL-phút-3
474,GGA10-HH5,339.87073,6364,269.2,70.67072999999999,U200-H5-VS2-27.09.2024,U200-H5-VS2-GGA10- HH 5mg-L-02102024-Q=50.25mL-phút-3
475,GGA10-HH5,338.30976,6838,267.6,70.70975999999996,U200-H5-VS2-27.09.2024,U200-H5-VS2-GGA10- HH 5mg-L-02102024-Q=50.25mL-phút-3
476,GGA20,330.52571,301,260.50001,70.02570000000003,U200-H5-VS2-27.09.2024,U200-H5-VS2-GGA20- Zn(II)10-Cr(VI)-15-Ni(II) 15mg-L-02102024-Q=50.3mL-phút-4
477,GGA20,333.625,776,260.89999,72.72501,U200-H5-VS2-27.09.2024,U200-H5-VS2-GGA20- Zn(II)10-Cr(VI)-15-Ni(II) 15mg-L-02102024-Q=50.3mL-phút-4
478,GGA20,328.66286,1248,257.2,71.46286000000003,U200-H5-VS2-27.09.2024,U200-H5-VS2-GGA20- Zn(II)10-Cr(VI)-15-Ni(II) 15mg-L-02102024-Q=50.3mL-phút-4
479,GGA20,326.11143,1721,253.8,72.31142999999997,U200-H5-VS2-27.09.2024,U200-H5-VS2-GGA20- Zn(II)10-Cr(VI)-15-Ni(II) 15mg-L-02102024-Q=50.3mL-phút-4
480,GGA20,330.55,2194,257.7,72.85000000000002,U200-H5-VS2-27.09.2024,U200-H5-VS2-GGA20- Zn(II)10-Cr(VI)-15-Ni(II) 15mg-L-02102024-Q=50.3mL-phút-4
481,GGA20,332.25429,2668,261.09999,71.15430000000003,U200-H5-VS2-27.09.2024,U200-H5-VS2-GGA20- Zn(II)10-Cr(VI)-15-Ni(II) 15mg-L-02102024-Q=50.3mL-phút-4
482,GGA20-Zn10-Cr15-Ni15,332.61667,3142,256.90001,75.71665999999999,U200-H5-VS2-27.09.2024,U200-H5-VS2-GGA20- Zn(II)10-Cr(VI)-15-Ni(II) 15mg-L-02102024-Q=50.3mL-phút-4
483,GGA20-Zn10-Cr15-Ni15,325.56111,3613,251.1,74.46110999999999,U200-H5-VS2-27.09.2024,U200-H5-VS2-GGA20- Zn(II)10-Cr(VI)-15-Ni(II) 15mg-L-02102024-Q=50.3mL-phút-4
484,GGA20-Zn10-Cr15-Ni15,327.70278,4086,259.79999,67.90279000000004,U200-H5-VS2-27.09.2024,U200-H5-VS2-GGA20- Zn(II)10-Cr(VI)-15-Ni(II) 15mg-L-02102024-Q=50.3mL-phút-4
485,GGA20-Zn10-Cr15-Ni15,332.47714,4560,261.09999,71.37715000000003,U200-H5-VS2-27.09.2024,U200-H5-VS2-GGA20- Zn(II)10-Cr(VI)-15-Ni(II) 15mg-L-02102024-Q=50.3mL-phút-4
486,GGA20-Zn10-Cr15-Ni15,329.76389,5036,262.10001,67.66388,U200-H5-VS2-27.09.2024,U200-H5-VS2-GGA20- Zn(II)10-Cr(VI)-15-Ni(II) 15mg-L-02102024-Q=50.3mL-phút-4
487,GGA20-Zn10-Cr15-Ni15,319.0027,5505,256.8,62.20269999999999,U200-H5-VS2-27.09.2024,U200-H5-VS2-GGA20- Zn(II)10-Cr(VI)-15-Ni(II) 15mg-L-02102024-Q=50.3mL-phút-4
488,GGA20-Zn10-Cr15-Ni15,314.89143,5981,252.60001,62.291420000000016,U200-H5-VS2-27.09.2024,U200-H5-VS2-GGA20- Zn(II)10-Cr(VI)-15-Ni(II) 15mg-L-02102024-Q=50.3mL-phút-4
489,GGA20-Zn10-Cr15-Ni15,309.82,6453,251.6,58.22,U200-H5-VS2-27.09.2024,U200-H5-VS2-GGA20- Zn(II)10-Cr(VI)-15-Ni(II) 15mg-L-02102024-Q=50.3mL-phút-4
490,GGA20-Zn10-Cr15-Ni15,308.36,6929,250.29999,58.060010000000005,U200-H5-VS2-27.09.2024,U200-H5-VS2-GGA20- Zn(II)10-Cr(VI)-15-Ni(II) 15mg-L-02102024-Q=50.3mL-phút-4
491,GGA20-Zn10-Cr15-Ni15,307.13714,7400,248.60001,58.53712999999999,U200-H5-VS2-27.09.2024,U200-H5-VS2-GGA20- Zn(II)10-Cr(VI)-15-Ni(II) 15mg-L-02102024-Q=50.3mL-phút-4
492,GGA20,334.50645,301,301.8,32.70644999999996,U201-H6-VS2-27.09.2024,U201-H6-VS2-GGA20- HH 5mg-L-02102024-Q=50.34mL-phút-3
493,GGA20,334.97419,776,298.7,36.27419000000003,U201-H6-VS2-27.09.2024,U201-H6-VS2-GGA20- HH 5mg-L-02102024-Q=50.34mL-phút-3
494,GGA20,336.31935,1245,303.9,32.41935000000001,U201-H6-VS2-27.09.2024,U201-H6-VS2-GGA20- HH 5mg-L-02102024-Q=50.34mL-phút-3
495,GGA20,333.66774,1719,303.5,30.16773999999998,U201-H6-VS2-27.09.2024,U201-H6-VS2-GGA20- HH 5mg-L-02102024-Q=50.34mL-phút-3
496,GGA20,333.03226,2190,303.0,30.032260000000008,U201-H6-VS2-27.09.2024,U201-H6-VS2-GGA20- HH 5mg-L-02102024-Q=50.34mL-phút-3
497,GGA20,338.35161,2661,306.6,31.75160999999997,U201-H6-VS2-27.09.2024,U201-H6-VS2-GGA20- HH 5mg-L-02102024-Q=50.34mL-phút-3
498,GGA20,336.9129,3133,305.9,31.012900000000002,U201-H6-VS2-27.09.2024,U201-H6-VS2-GGA20- HH 5mg-L-02102024-Q=50.34mL-phút-3
499,GGA20-HH5,335.27576,3610,306.3,28.97575999999998,U201-H6-VS2-27.09.2024,U201-H6-VS2-GGA20- HH 5mg-L-02102024-Q=50.34mL-phút-3
500,GGA20-HH5,333.09677,4084,306.0,27.096769999999992,U201-H6-VS2-27.09.2024,U201-H6-VS2-GGA20- HH 5mg-L-02102024-Q=50.34mL-phút-3
501,GGA20-HH5,326.3,4557,300.3,26.0,U201-H6-VS2-27.09.2024,U201-H6-VS2-GGA20- HH 5mg-L-02102024-Q=50.34mL-phút-3
502,GGA20-HH5,326.26129,5031,302.2,24.061289999999985,U201-H6-VS2-27.09.2024,U201-H6-VS2-GGA20- HH 5mg-L-02102024-Q=50.34mL-phút-3
503,GGA20-HH5,327.40323,5502,296.9,30.50323000000003,U201-H6-VS2-27.09.2024,U201-H6-VS2-GGA20- HH 5mg-L-02102024-Q=50.34mL-phút-3
504,GGA20-HH5,329.03226,5973,302.8,26.232259999999997,U201-H6-VS2-27.09.2024,U201-H6-VS2-GGA20- HH 5mg-L-02102024-Q=50.34mL-phút-3
505,GGA20-HH5,328.32424,6453,302.4,25.924239999999998,U201-H6-VS2-27.09.2024,U201-H6-VS2-GGA20- HH 5mg-L-02102024-Q=50.34mL-phút-3
506,GGA20-HH5,327.13871,6925,300.8,26.338709999999992,U201-H6-VS2-27.09.2024,U201-H6-VS2-GGA20- HH 5mg-L-02102024-Q=50.34mL-phút-3
507,GGA20,328.40645,301,299.7,28.706450000000018,U201-H6-VS2-27.09.2024,U201-H6-VS2-GGA20- Zn(II) 5-Cr(VI) 10-Ni(II) 15 mg-L-02102024-Q=50.41mL-phút-1
508,GGA20,327.96129,772,299.2,28.76129000000003,U201-H6-VS2-27.09.2024,U201-H6-VS2-GGA20- Zn(II) 5-Cr(VI) 10-Ni(II) 15 mg-L-02102024-Q=50.41mL-phút-1
509,GGA20,329.21935,1247,300.5,28.71935000000002,U201-H6-VS2-27.09.2024,U201-H6-VS2-GGA20- Zn(II) 5-Cr(VI) 10-Ni(II) 15 mg-L-02102024-Q=50.41mL-phút-1
510,GGA20,330.16774,1724,301.1,29.067739999999958,U201-H6-VS2-27.09.2024,U201-H6-VS2-GGA20- Zn(II) 5-Cr(VI) 10-Ni(II) 15 mg-L-02102024-Q=50.41mL-phút-1
511,GGA20,331.82581,2196,302.8,29.02580999999998,U201-H6-VS2-27.09.2024,U201-H6-VS2-GGA20- Zn(II) 5-Cr(VI) 10-Ni(II) 15 mg-L-02102024-Q=50.41mL-phút-1
512,GGA20,327.51935,2668,298.4,29.119349999999997,U201-H6-VS2-27.09.2024,U201-H6-VS2-GGA20- Zn(II) 5-Cr(VI) 10-Ni(II) 15 mg-L-02102024-Q=50.41mL-phút-1
513,GGA20,332.76774,3147,300.1,32.66773999999998,U201-H6-VS2-27.09.2024,U201-H6-VS2-GGA20- Zn(II) 5-Cr(VI) 10-Ni(II) 15 mg-L-02102024-Q=50.41mL-phút-1
514,GGA20-Zn5-Cr10-Ni15,325.65161,3623,297.89999,27.751620000000003,U201-H6-VS2-27.09.2024,U201-H6-VS2-GGA20- Zn(II) 5-Cr(VI) 10-Ni(II) 15 mg-L-02102024-Q=50.41mL-phút-1
515,GGA20-Zn5-Cr10-Ni15,317.84193,4096,293.19999,24.641939999999977,U201-H6-VS2-27.09.2024,U201-H6-VS2-GGA20- Zn(II) 5-Cr(VI) 10-Ni(II) 15 mg-L-02102024-Q=50.41mL-phút-1
516,GGA20-Zn5-Cr10-Ni15,324.37097,4566,299.29999,25.07098000000002,U201-H6-VS2-27.09.2024,U201-H6-VS2-GGA20- Zn(II) 5-Cr(VI) 10-Ni(II) 15 mg-L-02102024-Q=50.41mL-phút-1
517,GGA20-Zn5-Cr10-Ni15,326.07742,5045,300.90001,25.17741000000001,U201-H6-VS2-27.09.2024,U201-H6-VS2-GGA20- Zn(II) 5-Cr(VI) 10-Ni(II) 15 mg-L-02102024-Q=50.41mL-phút-1
518,GGA20,327.44839,301,303.40001,24.04838000000001,U201-H6-VS2-27.09.2024,U201-H6-VS2-GGA20- HH 15mg-L-02102024-Q=49.96mL-phút-5
519,GGA20,329.41935,776,304.89999,24.519360000000006,U201-H6-VS2-27.09.2024,U201-H6-VS2-GGA20- HH 15mg-L-02102024-Q=49.96mL-phút-5
520,GGA20,323.43871,1247,299.80001,23.63870000000003,U201-H6-VS2-27.09.2024,U201-H6-VS2-GGA20- HH 15mg-L-02102024-Q=49.96mL-phút-5
521,GGA20,319.95806,1721,298.5,21.45805999999999,U201-H6-VS2-27.09.2024,U201-H6-VS2-GGA20- HH 15mg-L-02102024-Q=49.96mL-phút-5
522,GGA20,324.85152,2193,300.70001,24.151509999999973,U201-H6-VS2-27.09.2024,U201-H6-VS2-GGA20- HH 15mg-L-02102024-Q=49.96mL-phút-5
523,GGA20,327.59677,2667,304.69999,22.89677999999998,U201-H6-VS2-27.09.2024,U201-H6-VS2-GGA20- HH 15mg-L-02102024-Q=49.96mL-phút-5
524,GGA20-HH15,330.49032,3141,299.29999,31.190330000000017,U201-H6-VS2-27.09.2024,U201-H6-VS2-GGA20- HH 15mg-L-02102024-Q=49.96mL-phút-5
525,GGA20-HH15,321.07097,3614,295.50001,25.570960000000014,U201-H6-VS2-27.09.2024,U201-H6-VS2-GGA20- HH 15mg-L-02102024-Q=49.96mL-phút-5
526,GGA20-HH15,322.525,4087,298.00001,24.524990000000003,U201-H6-VS2-27.09.2024,U201-H6-VS2-GGA20- HH 15mg-L-02102024-Q=49.96mL-phút-5
527,GGA20-HH15,327.03636,4559,299.2,27.836360000000013,U201-H6-VS2-27.09.2024,U201-H6-VS2-GGA20- HH 15mg-L-02102024-Q=49.96mL-phút-5
528,GGA20-HH15,319.02903,5035,292.29999,26.729039999999998,U201-H6-VS2-27.09.2024,U201-H6-VS2-GGA20- HH 15mg-L-02102024-Q=49.96mL-phút-5
529,GGA20-HH15,307.20646,5508,285.10001,22.106449999999995,U201-H6-VS2-27.09.2024,U201-H6-VS2-GGA20- HH 15mg-L-02102024-Q=49.96mL-phút-5
530,GGA20-HH15,301.27419,5981,281.30001,19.97417999999999,U201-H6-VS2-27.09.2024,U201-H6-VS2-GGA20- HH 15mg-L-02102024-Q=49.96mL-phút-5
531,GGA20-HH15,297.475,6450,279.1,18.375,U201-H6-VS2-27.09.2024,U201-H6-VS2-GGA20- HH 15mg-L-02102024-Q=49.96mL-phút-5
532,GGA20-HH15,295.58387,6930,277.59999,17.98388,U201-H6-VS2-27.09.2024,U201-H6-VS2-GGA20- HH 15mg-L-02102024-Q=49.96mL-phút-5
533,GGA20-HH15,294.3,7402,276.10001,18.199990000000014,U201-H6-VS2-27.09.2024,U201-H6-VS2-GGA20- HH 15mg-L-02102024-Q=49.96mL-phút-5
534,GGA20,299.77805,301,226.79999,72.97806,U202-H5-VS2-01.10.2024,U202-H5-VS2-GGA20- HH 5mg-L-03102024-Q=50.41mL-phút-4
535,GGA20,299.73659,774,227.50001,72.23657999999998,U202-H5-VS2-01.10.2024,U202-H5-VS2-GGA20- HH 5mg-L-03102024-Q=50.41mL-phút-4
536,GGA20,299.17561,1248,223.6,75.57561000000001,U202-H5-VS2-01.10.2024,U202-H5-VS2-GGA20- HH 5mg-L-03102024-Q=50.41mL-phút-4
537,GGA20,299.89756,1721,227.2,72.69756000000001,U202-H5-VS2-01.10.2024,U202-H5-VS2-GGA20- HH 5mg-L-03102024-Q=50.41mL-phút-4
538,GGA20,300.31707,2195,225.6,74.71707,U202-H5-VS2-01.10.2024,U202-H5-VS2-GGA20- HH 5mg-L-03102024-Q=50.41mL-phút-4
539,GGA20,296.36342,2669,231.90001,64.46341000000001,U202-H5-VS2-01.10.2024,U202-H5-VS2-GGA20- HH 5mg-L-03102024-Q=50.41mL-phút-4
540,GGA20-HH5,297.22439,3143,238.00001,59.224380000000025,U202-H5-VS2-01.10.2024,U202-H5-VS2-GGA20- HH 5mg-L-03102024-Q=50.41mL-phút-4
541,GGA20-HH5,290.49024,3614,235.2,55.29023999999998,U202-H5-VS2-01.10.2024,U202-H5-VS2-GGA20- HH 5mg-L-03102024-Q=50.41mL-phút-4
542,GGA20-HH5,291.45122,4090,231.90001,59.55120999999997,U202-H5-VS2-01.10.2024,U202-H5-VS2-GGA20- HH 5mg-L-03102024-Q=50.41mL-phút-4
543,GGA20-HH5,290.87442,4562,234.4,56.47441999999998,U202-H5-VS2-01.10.2024,U202-H5-VS2-GGA20- HH 5mg-L-03102024-Q=50.41mL-phút-4
544,GGA20-HH5,292.55366,5037,235.1,57.453659999999985,U202-H5-VS2-01.10.2024,U202-H5-VS2-GGA20- HH 5mg-L-03102024-Q=50.41mL-phút-4
545,GGA20-HH5,283.72195,5512,231.3,52.42194999999998,U202-H5-VS2-01.10.2024,U202-H5-VS2-GGA20- HH 5mg-L-03102024-Q=50.41mL-phút-4
546,GGA20-HH5,282.51951,5982,229.6,52.91951000000003,U202-H5-VS2-01.10.2024,U202-H5-VS2-GGA20- HH 5mg-L-03102024-Q=50.41mL-phút-4
547,GGA20,325.27073,301,262.10001,63.17072000000002,U202-H5-VS2-01.10.2024,U202-H5-VS2-GGA20- Zn(II) 10-Cr(VI) 5-Ni(II) 15mg-L-03102024-Q=50.12mL-phút-1
548,GGA20,329.03902,776,266.29999,62.739030000000014,U202-H5-VS2-01.10.2024,U202-H5-VS2-GGA20- Zn(II) 10-Cr(VI) 5-Ni(II) 15mg-L-03102024-Q=50.12mL-phút-1
549,GGA20,329.0439,1247,264.80001,64.24389000000002,U202-H5-VS2-01.10.2024,U202-H5-VS2-GGA20- Zn(II) 10-Cr(VI) 5-Ni(II) 15mg-L-03102024-Q=50.12mL-phút-1
550,GGA20,326.17561,1726,264.09999,62.075620000000015,U202-H5-VS2-01.10.2024,U202-H5-VS2-GGA20- Zn(II) 10-Cr(VI) 5-Ni(II) 15mg-L-03102024-Q=50.12mL-phút-1
551,GGA20-Zn10-Cr5-Ni15,332.20732,2196,265.8,66.40731999999997,U202-H5-VS2-01.10.2024,U202-H5-VS2-GGA20- Zn(II) 10-Cr(VI) 5-Ni(II) 15mg-L-03102024-Q=50.12mL-phút-1
552,GGA20-Zn10-Cr5-Ni15,330.65349,2671,265.1,65.55348999999995,U202-H5-VS2-01.10.2024,U202-H5-VS2-GGA20- Zn(II) 10-Cr(VI) 5-Ni(II) 15mg-L-03102024-Q=50.12mL-phút-1
553,GGA20-Zn10-Cr5-Ni15,321.78367,3144,261.59999,60.18367999999998,U202-H5-VS2-01.10.2024,U202-H5-VS2-GGA20- Zn(II) 10-Cr(VI) 5-Ni(II) 15mg-L-03102024-Q=50.12mL-phút-1
554,GGA20-Zn10-Cr5-Ni15,317.86122,3617,258.70001,59.16120999999998,U202-H5-VS2-01.10.2024,U202-H5-VS2-GGA20- Zn(II) 10-Cr(VI) 5-Ni(II) 15mg-L-03102024-Q=50.12mL-phút-1
555,GGA20-Zn10-Cr5-Ni15,323.82653,4090,263.8,60.02652999999998,U202-H5-VS2-01.10.2024,U202-H5-VS2-GGA20- Zn(II) 10-Cr(VI) 5-Ni(II) 15mg-L-03102024-Q=50.12mL-phút-1
556,GGA20-Zn10-Cr5-Ni15,338.18367,4564,278.69999,59.48367999999999,U202-H5-VS2-01.10.2024,U202-H5-VS2-GGA20- Zn(II) 10-Cr(VI) 5-Ni(II) 15mg-L-03102024-Q=50.12mL-phút-1
557,GGA20-Zn10-Cr5-Ni15,338.68163,5037,278.9,59.78163000000001,U202-H5-VS2-01.10.2024,U202-H5-VS2-GGA20- Zn(II) 10-Cr(VI) 5-Ni(II) 15mg-L-03102024-Q=50.12mL-phút-1
558,GGA15,329.41633,301,268.20001,61.216319999999996,U202-H5-VS2-01.10.2024,U202-H5-VS2-GGA20- Zn(II) 10-Cr(VI) 15-Ni(II) 15mg-L-03102024-Q=50.28mL-phút-2
559,GGA15,335.02353,774,269.89999,65.12353999999999,U202-H5-VS2-01.10.2024,U202-H5-VS2-GGA20- Zn(II) 10-Cr(VI) 15-Ni(II) 15mg-L-03102024-Q=50.28mL-phút-2
560,GGA15,339.14082,1249,274.10001,65.04081000000002,U202-H5-VS2-01.10.2024,U202-H5-VS2-GGA20- Zn(II) 10-Cr(VI) 15-Ni(II) 15mg-L-03102024-Q=50.28mL-phút-2
561,GGA15,333.75918,1719,274.6,59.15917999999999,U202-H5-VS2-01.10.2024,U202-H5-VS2-GGA20- Zn(II) 10-Cr(VI) 15-Ni(II) 15mg-L-03102024-Q=50.28mL-phút-2
562,GGA15,324.626,2195,267.19999,57.42600999999996,U202-H5-VS2-01.10.2024,U202-H5-VS2-GGA20- Zn(II) 10-Cr(VI) 15-Ni(II) 15mg-L-03102024-Q=50.28mL-phút-2
563,GGA15,323.86939,2667,268.3,55.56939,U202-H5-VS2-01.10.2024,U202-H5-VS2-GGA20- Zn(II) 10-Cr(VI) 15-Ni(II) 15mg-L-03102024-Q=50.28mL-phút-2
564,GGA15,331.5551,3139,272.00001,59.55509000000001,U202-H5-VS2-01.10.2024,U202-H5-VS2-GGA20- Zn(II) 10-Cr(VI) 15-Ni(II) 15mg-L-03102024-Q=50.28mL-phút-2
565,GGA20-Zn10-Cr15-Ni15,341.948,3613,275.99999,65.94800999999995,U202-H5-VS2-01.10.2024,U202-H5-VS2-GGA20- Zn(II) 10-Cr(VI) 15-Ni(II) 15mg-L-03102024-Q=50.28mL-phút-2
566,GGA20-Zn10-Cr15-Ni15,338.24706,4086,274.19999,64.04706999999996,U202-H5-VS2-01.10.2024,U202-H5-VS2-GGA20- Zn(II) 10-Cr(VI) 15-Ni(II) 15mg-L-03102024-Q=50.28mL-phút-2
567,GGA20-Zn10-Cr15-Ni15,329.90204,4562,271.49999,58.402049999999974,U202-H5-VS2-01.10.2024,U202-H5-VS2-GGA20- Zn(II) 10-Cr(VI) 15-Ni(II) 15mg-L-03102024-Q=50.28mL-phút-2
568,GGA20-Zn10-Cr15-Ni15,326.21224,5035,272.1,54.112239999999986,U202-H5-VS2-01.10.2024,U202-H5-VS2-GGA20- Zn(II) 10-Cr(VI) 15-Ni(II) 15mg-L-03102024-Q=50.28mL-phút-2
569,GGA20-Zn10-Cr15-Ni15,326.07755,5509,268.7,57.377549999999985,U202-H5-VS2-01.10.2024,U202-H5-VS2-GGA20- Zn(II) 10-Cr(VI) 15-Ni(II) 15mg-L-03102024-Q=50.28mL-phút-2
570,GGA20-Zn10-Cr15-Ni15,322.938,5983,266.60001,56.33798999999999,U202-H5-VS2-01.10.2024,U202-H5-VS2-GGA20- Zn(II) 10-Cr(VI) 15-Ni(II) 15mg-L-03102024-Q=50.28mL-phút-2
571,GGA20-Zn10-Cr15-Ni15,318.78775,6454,267.4,51.38775000000004,U202-H5-VS2-01.10.2024,U202-H5-VS2-GGA20- Zn(II) 10-Cr(VI) 15-Ni(II) 15mg-L-03102024-Q=50.28mL-phút-2
572,GGA20-Zn10-Cr15-Ni15,316.63061,6928,263.8,52.83060999999998,U202-H5-VS2-01.10.2024,U202-H5-VS2-GGA20- Zn(II) 10-Cr(VI) 15-Ni(II) 15mg-L-03102024-Q=50.28mL-phút-2
573,GGA20,361.2566,301,302.89999,58.35660999999999,U203-H6-VS2-01.10.2024,U203-H6-VS2-GGA20- HH 5mg-L-03102024-Q=50.24mL-phút-5
574,GGA20,359.54151,773,301.60001,57.94150000000002,U203-H6-VS2-01.10.2024,U203-H6-VS2-GGA20- HH 5mg-L-03102024-Q=50.24mL-phút-5
575,GGA20,360.55094,1247,303.20001,57.350930000000005,U203-H6-VS2-01.10.2024,U203-H6-VS2-GGA20- HH 5mg-L-03102024-Q=50.24mL-phút-5
576,GGA20,363.06226,1719,301.60001,61.46224999999998,U203-H6-VS2-01.10.2024,U203-H6-VS2-GGA20- HH 5mg-L-03102024-Q=50.24mL-phút-5
577,GGA20,360.90189,2193,300.3,60.60188999999997,U203-H6-VS2-01.10.2024,U203-H6-VS2-GGA20- HH 5mg-L-03102024-Q=50.24mL-phút-5
578,GGA20-HH5,356.12909,2668,300.59999,55.52910000000003,U203-H6-VS2-01.10.2024,U203-H6-VS2-GGA20- HH 5mg-L-03102024-Q=50.24mL-phút-5
579,GGA20-HH5,353.34528,3144,306.2,47.145280000000014,U203-H6-VS2-01.10.2024,U203-H6-VS2-GGA20- HH 5mg-L-03102024-Q=50.24mL-phút-5
580,GGA20-HH5,352.71698,3617,308.09999,44.61698999999999,U203-H6-VS2-01.10.2024,U203-H6-VS2-GGA20- HH 5mg-L-03102024-Q=50.24mL-phút-5
581,GGA20-HH5,351.61132,4086,307.59999,44.01132999999999,U203-H6-VS2-01.10.2024,U203-H6-VS2-GGA20- HH 5mg-L-03102024-Q=50.24mL-phút-5
582,GGA20-HH5,350.32264,4561,308.60001,41.72262999999998,U203-H6-VS2-01.10.2024,U203-H6-VS2-GGA20- HH 5mg-L-03102024-Q=50.24mL-phút-5
583,GGA20-HH5,346.14528,5036,306.2,39.945280000000025,U203-H6-VS2-01.10.2024,U203-H6-VS2-GGA20- HH 5mg-L-03102024-Q=50.24mL-phút-5
584,GGA20-HH5,343.86604,5505,305.20001,38.66602999999998,U203-H6-VS2-01.10.2024,U203-H6-VS2-GGA20- HH 5mg-L-03102024-Q=50.24mL-phút-5
585,GGA20,347.95094,301,305.90001,42.050929999999994,U203-H6-VS2-01.10.2024,U203-H6-VS2-GGA20- Zn(II) 10-Cr(VI) 5-Ni(II) 15mg-L-03102024-Q=50.24mL-phút-2
586,GGA20,353.41321,769,311.50001,41.91320000000002,U203-H6-VS2-01.10.2024,U203-H6-VS2-GGA20- Zn(II) 10-Cr(VI) 5-Ni(II) 15mg-L-03102024-Q=50.24mL-phút-2
587,GGA20,357.86727,1246,317.40001,40.46726000000001,U203-H6-VS2-01.10.2024,U203-H6-VS2-GGA20- Zn(II) 10-Cr(VI) 5-Ni(II) 15mg-L-03102024-Q=50.24mL-phút-2
588,GGA20,362.69245,1718,319.3,43.39245,U203-H6-VS2-01.10.2024,U203-H6-VS2-GGA20- Zn(II) 10-Cr(VI) 5-Ni(II) 15mg-L-03102024-Q=50.24mL-phút-2
589,GGA20,364.08302,2192,320.80001,43.28300999999999,U203-H6-VS2-01.10.2024,U203-H6-VS2-GGA20- Zn(II) 10-Cr(VI) 5-Ni(II) 15mg-L-03102024-Q=50.24mL-phút-2
590,GGA20,366.25849,2671,322.29999,43.958500000000015,U203-H6-VS2-01.10.2024,U203-H6-VS2-GGA20- Zn(II) 10-Cr(VI) 5-Ni(II) 15mg-L-03102024-Q=50.24mL-phút-2
591,GGA20,367.10377,3142,324.9,42.20377000000002,U203-H6-VS2-01.10.2024,U203-H6-VS2-GGA20- Zn(II) 10-Cr(VI) 5-Ni(II) 15mg-L-03102024-Q=50.24mL-phút-2
592,GGA20-Zn10-Cr5-Ni15,373.59811,3612,323.8,49.79811000000001,U203-H6-VS2-01.10.2024,U203-H6-VS2-GGA20- Zn(II) 10-Cr(VI) 5-Ni(II) 15mg-L-03102024-Q=50.24mL-phút-2
593,GGA20-Zn10-Cr5-Ni15,370.16226,4086,327.2,42.962260000000015,U203-H6-VS2-01.10.2024,U203-H6-VS2-GGA20- Zn(II) 10-Cr(VI) 5-Ni(II) 15mg-L-03102024-Q=50.24mL-phút-2
594,GGA20-Zn10-Cr5-Ni15,366.90727,4561,322.4,44.507270000000005,U203-H6-VS2-01.10.2024,U203-H6-VS2-GGA20- Zn(II) 10-Cr(VI) 5-Ni(II) 15mg-L-03102024-Q=50.24mL-phút-2
595,GGA20-Zn10-Cr5-Ni15,362.03207,5035,321.20001,40.832059999999956,U203-H6-VS2-01.10.2024,U203-H6-VS2-GGA20- Zn(II) 10-Cr(VI) 5-Ni(II) 15mg-L-03102024-Q=50.24mL-phút-2
596,GGA20-Zn10-Cr5-Ni15,354.00566,5509,316.39999,37.605669999999975,U203-H6-VS2-01.10.2024,U203-H6-VS2-GGA20- Zn(II) 10-Cr(VI) 5-Ni(II) 15mg-L-03102024-Q=50.24mL-phút-2
597,GGA20-Zn10-Cr5-Ni15,348.01698,5982,314.3,33.71697999999998,U203-H6-VS2-01.10.2024,U203-H6-VS2-GGA20- Zn(II) 10-Cr(VI) 5-Ni(II) 15mg-L-03102024-Q=50.24mL-phút-2
598,GGA20-Zn10-Cr5-Ni15,353.51132,6453,320.80001,32.711310000000026,U203-H6-VS2-01.10.2024,U203-H6-VS2-GGA20- Zn(II) 10-Cr(VI) 5-Ni(II) 15mg-L-03102024-Q=50.24mL-phút-2
599,GGA20-Zn10-Cr5-Ni15,357.86415,6925,324.09999,33.764160000000004,U203-H6-VS2-01.10.2024,U203-H6-VS2-GGA20- Zn(II) 10-Cr(VI) 5-Ni(II) 15mg-L-03102024-Q=50.24mL-phút-2
600,GGA20,357.72264,301,322.29999,35.42265000000003,U203-H6-VS2-01.10.2024,U203-H6-VS2-GGA20- Zn(II) 5-Cr(VI) 15-Ni(II) 15mg-L-03102024-Q=49.8mL-phút-1
601,GGA20,353.60204,780,318.4,35.20204000000001,U203-H6-VS2-01.10.2024,U203-H6-VS2-GGA20- Zn(II) 5-Cr(VI) 15-Ni(II) 15mg-L-03102024-Q=49.8mL-phút-1
602,GGA20,345.08367,1259,308.49999,36.58367999999996,U203-H6-VS2-01.10.2024,U203-H6-VS2-GGA20- Zn(II) 5-Cr(VI) 15-Ni(II) 15mg-L-03102024-Q=49.8mL-phút-1
603,GGA20,343.63469,1729,310.0,33.63468999999998,U203-H6-VS2-01.10.2024,U203-H6-VS2-GGA20- Zn(II) 5-Cr(VI) 15-Ni(II) 15mg-L-03102024-Q=49.8mL-phút-1
604,GGA20,350.11837,2206,315.29999,34.81838000000005,U203-H6-VS2-01.10.2024,U203-H6-VS2-GGA20- Zn(II) 5-Cr(VI) 15-Ni(II) 15mg-L-03102024-Q=49.8mL-phút-1
605,GGA20-Zn5-Cr15-Ni15,355.60612,2673,319.90001,35.70610999999997,U203-H6-VS2-01.10.2024,U203-H6-VS2-GGA20- Zn(II) 5-Cr(VI) 15-Ni(II) 15mg-L-03102024-Q=49.8mL-phút-1
606,GGA20-Zn5-Cr15-Ni15,350.39616,3152,314.59999,35.79617000000002,U203-H6-VS2-01.10.2024,U203-H6-VS2-GGA20- Zn(II) 5-Cr(VI) 15-Ni(II) 15mg-L-03102024-Q=49.8mL-phút-1
607,GGA20-Zn5-Cr15-Ni15,350.45714,3622,310.79999,39.65715,U203-H6-VS2-01.10.2024,U203-H6-VS2-GGA20- Zn(II) 5-Cr(VI) 15-Ni(II) 15mg-L-03102024-Q=49.8mL-phút-1
608,GGA20-Zn5-Cr15-Ni15,340.29388,4095,305.7,34.59388000000001,U203-H6-VS2-01.10.2024,U203-H6-VS2-GGA20- Zn(II) 5-Cr(VI) 15-Ni(II) 15mg-L-03102024-Q=49.8mL-phút-1
609,GGA20-Zn5-Cr15-Ni15,335.28164,4566,302.50001,32.78163000000001,U203-H6-VS2-01.10.2024,U203-H6-VS2-GGA20- Zn(II) 5-Cr(VI) 15-Ni(II) 15mg-L-03102024-Q=49.8mL-phút-1
610,GGA20-Zn5-Cr15-Ni15,336.48367,5045,306.6,29.883669999999995,U203-H6-VS2-01.10.2024,U203-H6-VS2-GGA20- Zn(II) 5-Cr(VI) 15-Ni(II) 15mg-L-03102024-Q=49.8mL-phút-1
611,GGA20-Zn5-Cr15-Ni15,326.80816,5518,301.40001,25.408149999999978,U203-H6-VS2-01.10.2024,U203-H6-VS2-GGA20- Zn(II) 5-Cr(VI) 15-Ni(II) 15mg-L-03102024-Q=49.8mL-phút-1
612,GGA20-Zn5-Cr15-Ni15,324.86123,5989,298.5,26.361229999999978,U203-H6-VS2-01.10.2024,U203-H6-VS2-GGA20- Zn(II) 5-Cr(VI) 15-Ni(II) 15mg-L-03102024-Q=49.8mL-phút-1
613,GGA20-Zn5-Cr15-Ni15,321.60981,6460,293.19999,28.409819999999968,U203-H6-VS2-01.10.2024,U203-H6-VS2-GGA20- Zn(II) 5-Cr(VI) 15-Ni(II) 15mg-L-03102024-Q=49.8mL-phút-1
614,GGA20-Zn5-Cr15-Ni15,319.77755,6938,294.9,24.877550000000042,U203-H6-VS2-01.10.2024,U203-H6-VS2-GGA20- Zn(II) 5-Cr(VI) 15-Ni(II) 15mg-L-03102024-Q=49.8mL-phút-1
615,GGA20-Zn5-Cr15-Ni15,319.02745,7410,293.50001,25.527440000000013,U203-H6-VS2-01.10.2024,U203-H6-VS2-GGA20- Zn(II) 5-Cr(VI) 15-Ni(II) 15mg-L-03102024-Q=49.8mL-phút-1
616,GGA20,295.03333,301,231.5,63.53332999999998,U204-H5-VS2-02.10.2024,U204-H5-VS2-GGA20- Zn(II) 5-Cr(VI) 10-Ni(II) 10mg-L-04102024-Q=50mL-phút-1
617,GGA20,299.70208,774,233.79999,65.90209000000002,U204-H5-VS2-02.10.2024,U204-H5-VS2-GGA20- Zn(II) 5-Cr(VI) 10-Ni(II) 10mg-L-04102024-Q=50mL-phút-1
618,GGA20,306.51875,1248,236.6,69.91875000000002,U204-H5-VS2-02.10.2024,U204-H5-VS2-GGA20- Zn(II) 5-Cr(VI) 10-Ni(II) 10mg-L-04102024-Q=50mL-phút-1
619,GGA20,315.81875,1724,242.0,73.81875000000002,U204-H5-VS2-02.10.2024,U204-H5-VS2-GGA20- Zn(II) 5-Cr(VI) 10-Ni(II) 10mg-L-04102024-Q=50mL-phút-1
620,GGA20,318.972,2194,243.8,75.17199999999997,U204-H5-VS2-02.10.2024,U204-H5-VS2-GGA20- Zn(II) 5-Cr(VI) 10-Ni(II) 10mg-L-04102024-Q=50mL-phút-1
621,GGA20-Zn5-Cr10-Ni10,320.86842,2670,245.90001,74.96841,U204-H5-VS2-02.10.2024,U204-H5-VS2-GGA20- Zn(II) 5-Cr(VI) 10-Ni(II) 10mg-L-04102024-Q=50mL-phút-1
622,GGA20-Zn5-Cr10-Ni10,317.09481,3147,254.90001,62.19479999999999,U204-H5-VS2-02.10.2024,U204-H5-VS2-GGA20- Zn(II) 5-Cr(VI) 10-Ni(II) 10mg-L-04102024-Q=50mL-phút-1
623,GGA20-Zn5-Cr10-Ni10,330.56364,3614,257.9,72.66364000000004,U204-H5-VS2-02.10.2024,U204-H5-VS2-GGA20- Zn(II) 5-Cr(VI) 10-Ni(II) 10mg-L-04102024-Q=50mL-phút-1
624,GGA20-Zn5-Cr10-Ni10,328.67091,4088,263.1,65.57090999999997,U204-H5-VS2-02.10.2024,U204-H5-VS2-GGA20- Zn(II) 5-Cr(VI) 10-Ni(II) 10mg-L-04102024-Q=50mL-phút-1
625,GGA20-Zn5-Cr10-Ni10,329.78909,4563,262.49999,67.28909999999996,U204-H5-VS2-02.10.2024,U204-H5-VS2-GGA20- Zn(II) 5-Cr(VI) 10-Ni(II) 10mg-L-04102024-Q=50mL-phút-1
626,GGA20-Zn5-Cr10-Ni10,325.20182,5037,259.79999,65.40183000000002,U204-H5-VS2-02.10.2024,U204-H5-VS2-GGA20- Zn(II) 5-Cr(VI) 10-Ni(II) 10mg-L-04102024-Q=50mL-phút-1
627,GGA20-Zn5-Cr10-Ni10,325.61111,5512,261.09999,64.51112,U204-H5-VS2-02.10.2024,U204-H5-VS2-GGA20- Zn(II) 5-Cr(VI) 10-Ni(II) 10mg-L-04102024-Q=50mL-phút-1
628,GGA20-Zn5-Cr10-Ni10,326.8,5984,263.20001,63.59998999999999,U204-H5-VS2-02.10.2024,U204-H5-VS2-GGA20- Zn(II) 5-Cr(VI) 10-Ni(II) 10mg-L-04102024-Q=50mL-phút-1
629,GGA20-Zn5-Cr10-Ni10,330.68546,6456,270.70001,59.98544999999996,U204-H5-VS2-02.10.2024,U204-H5-VS2-GGA20- Zn(II) 5-Cr(VI) 10-Ni(II) 10mg-L-04102024-Q=50mL-phút-1
630,GGA20-Zn5-Cr10-Ni10,331.23454,6931,269.2,62.03453999999999,U204-H5-VS2-02.10.2024,U204-H5-VS2-GGA20- Zn(II) 5-Cr(VI) 10-Ni(II) 10mg-L-04102024-Q=50mL-phút-1
631,GGA20,331.69637,301,270.1,61.59636999999998,U204-H5-VS2-02.10.2024,U204-H5-VS2-GGA20- Zn(II) 10-Cr(VI) 15-Ni(II) 10mg-L-04102024-Q=49.94mL-phút-2
632,GGA20,330.94,774,270.90001,60.03998999999999,U204-H5-VS2-02.10.2024,U204-H5-VS2-GGA20- Zn(II) 10-Cr(VI) 15-Ni(II) 10mg-L-04102024-Q=49.94mL-phút-2
633,GGA20,333.61273,1247,275.3,58.31272999999999,U204-H5-VS2-02.10.2024,U204-H5-VS2-GGA20- Zn(II) 10-Cr(VI) 15-Ni(II) 10mg-L-04102024-Q=49.94mL-phút-2
634,GGA20,336.28704,1720,275.40001,60.88702999999998,U204-H5-VS2-02.10.2024,U204-H5-VS2-GGA20- Zn(II) 10-Cr(VI) 15-Ni(II) 10mg-L-04102024-Q=49.94mL-phút-2
635,GGA20,336.97818,2194,276.6,60.378179999999986,U204-H5-VS2-02.10.2024,U204-H5-VS2-GGA20- Zn(II) 10-Cr(VI) 15-Ni(II) 10mg-L-04102024-Q=49.94mL-phút-2
636,GGA20-Zn10-Cr15-Ni10,335.26727,2667,273.5,61.767269999999996,U204-H5-VS2-02.10.2024,U204-H5-VS2-GGA20- Zn(II) 10-Cr(VI) 15-Ni(II) 10mg-L-04102024-Q=49.94mL-phút-2
637,GGA20-Zn10-Cr15-Ni10,334.8,3140,275.7,59.10000000000002,U204-H5-VS2-02.10.2024,U204-H5-VS2-GGA20- Zn(II) 10-Cr(VI) 15-Ni(II) 10mg-L-04102024-Q=49.94mL-phút-2
638,GGA20-Zn10-Cr15-Ni10,341.00182,3613,275.00001,66.00181000000003,U204-H5-VS2-02.10.2024,U204-H5-VS2-GGA20- Zn(II) 10-Cr(VI) 15-Ni(II) 10mg-L-04102024-Q=49.94mL-phút-2
639,GGA20-Zn10-Cr15-Ni10,336.6963,4087,279.19999,57.496309999999994,U204-H5-VS2-02.10.2024,U204-H5-VS2-GGA20- Zn(II) 10-Cr(VI) 15-Ni(II) 10mg-L-04102024-Q=49.94mL-phút-2
640,GGA20-Zn10-Cr15-Ni10,339.97778,4560,281.50001,58.47777000000002,U204-H5-VS2-02.10.2024,U204-H5-VS2-GGA20- Zn(II) 10-Cr(VI) 15-Ni(II) 10mg-L-04102024-Q=49.94mL-phút-2
641,GGA20-Zn10-Cr15-Ni10,329.46364,5033,270.90001,58.56362999999999,U204-H5-VS2-02.10.2024,U204-H5-VS2-GGA20- Zn(II) 10-Cr(VI) 15-Ni(II) 10mg-L-04102024-Q=49.94mL-phút-2
642,GGA20-Zn10-Cr15-Ni10,323.68364,5506,263.8,59.883640000000014,U204-H5-VS2-02.10.2024,U204-H5-VS2-GGA20- Zn(II) 10-Cr(VI) 15-Ni(II) 10mg-L-04102024-Q=49.94mL-phút-2
643,GGA20-Zn10-Cr15-Ni10,323.95455,5979,268.99999,54.95455999999996,U204-H5-VS2-02.10.2024,U204-H5-VS2-GGA20- Zn(II) 10-Cr(VI) 15-Ni(II) 10mg-L-04102024-Q=49.94mL-phút-2
644,GGA20-Zn10-Cr15-Ni10,329.24727,6454,273.99999,55.24727999999999,U204-H5-VS2-02.10.2024,U204-H5-VS2-GGA20- Zn(II) 10-Cr(VI) 15-Ni(II) 10mg-L-04102024-Q=49.94mL-phút-2
645,GGA20-Zn10-Cr15-Ni10,335.94727,6933,280.80001,55.14726000000002,U204-H5-VS2-02.10.2024,U204-H5-VS2-GGA20- Zn(II) 10-Cr(VI) 15-Ni(II) 10mg-L-04102024-Q=49.94mL-phút-2
646,GGA20,328.33818,301,274.4,53.938180000000045,U204-H5-VS2-02.10.2024,U204-H5-VS2-GGA20- HH15 mg-L-04102024-Q=50.18mL-phút-3
647,GGA20,333.54182,772,276.30001,57.24180999999999,U204-H5-VS2-02.10.2024,U204-H5-VS2-GGA20- HH15 mg-L-04102024-Q=50.18mL-phút-3
648,GGA20,332.27963,1248,274.30001,57.97962000000001,U204-H5-VS2-02.10.2024,U204-H5-VS2-GGA20- HH15 mg-L-04102024-Q=50.18mL-phút-3
649,GGA20,327.63148,1718,272.89999,54.73149000000001,U204-H5-VS2-02.10.2024,U204-H5-VS2-GGA20- HH15 mg-L-04102024-Q=50.18mL-phút-3
650,GGA20,322.32,2194,268.99999,53.32000999999997,U204-H5-VS2-02.10.2024,U204-H5-VS2-GGA20- HH15 mg-L-04102024-Q=50.18mL-phút-3
651,GGA20-HH15,321.25091,2668,263.3,57.950909999999965,U204-H5-VS2-02.10.2024,U204-H5-VS2-GGA20- HH15 mg-L-04102024-Q=50.18mL-phút-3
652,GGA20-HH15,326.48772,3142,271.80001,54.68771000000004,U204-H5-VS2-02.10.2024,U204-H5-VS2-GGA20- HH15 mg-L-04102024-Q=50.18mL-phút-3
653,GGA20-HH15,333.16364,3616,280.09999,53.063649999999996,U204-H5-VS2-02.10.2024,U204-H5-VS2-GGA20- HH15 mg-L-04102024-Q=50.18mL-phút-3
654,GGA20-HH15,333.77273,4088,273.79999,59.972740000000044,U204-H5-VS2-02.10.2024,U204-H5-VS2-GGA20- HH15 mg-L-04102024-Q=50.18mL-phút-3
655,GGA20-HH15,325.89643,4561,274.89999,50.99644000000001,U204-H5-VS2-02.10.2024,U204-H5-VS2-GGA20- HH15 mg-L-04102024-Q=50.18mL-phút-3
656,GGA20-HH15,319.57636,5032,270.39999,49.17637000000002,U204-H5-VS2-02.10.2024,U204-H5-VS2-GGA20- HH15 mg-L-04102024-Q=50.18mL-phút-3
657,GGA20-HH15,314.26727,5507,266.29999,47.96728000000002,U204-H5-VS2-02.10.2024,U204-H5-VS2-GGA20- HH15 mg-L-04102024-Q=50.18mL-phút-3
658,GGA20-HH15,309.19818,5987,262.49999,46.698189999999954,U204-H5-VS2-02.10.2024,U204-H5-VS2-GGA20- HH15 mg-L-04102024-Q=50.18mL-phút-3
659,GGA15,309.89649,301,250.60001,59.296479999999974,U205-H5-VS2-05.10.2024,U205-H5-VS2-GGA15- HH 5mg-L-07102024-Q=50.68mL-phút-3
660,GGA15,308.315,776,248.3,60.014999999999986,U205-H5-VS2-05.10.2024,U205-H5-VS2-GGA15- HH 5mg-L-07102024-Q=50.68mL-phút-3
661,GGA15,307.6193,1247,247.4,60.219300000000004,U205-H5-VS2-05.10.2024,U205-H5-VS2-GGA15- HH 5mg-L-07102024-Q=50.68mL-phút-3
662,GGA15,299.06316,1721,241.3,57.76315999999997,U205-H5-VS2-05.10.2024,U205-H5-VS2-GGA15- HH 5mg-L-07102024-Q=50.68mL-phút-3
663,GGA15,299.52281,2196,240.3,59.22280999999998,U205-H5-VS2-05.10.2024,U205-H5-VS2-GGA15- HH 5mg-L-07102024-Q=50.68mL-phút-3
664,GGA15,299.92759,2671,240.1,59.827590000000015,U205-H5-VS2-05.10.2024,U205-H5-VS2-GGA15- HH 5mg-L-07102024-Q=50.68mL-phút-3
665,GGA15-HH5,291.14655,3150,234.50001,56.64653999999999,U205-H5-VS2-05.10.2024,U205-H5-VS2-GGA15- HH 5mg-L-07102024-Q=50.68mL-phút-3
666,GGA15-HH5,290.56666,3629,230.9,59.66666000000001,U205-H5-VS2-05.10.2024,U205-H5-VS2-GGA15- HH 5mg-L-07102024-Q=50.68mL-phút-3
667,GGA15-HH5,292.02281,4098,246.7,45.322810000000004,U205-H5-VS2-05.10.2024,U205-H5-VS2-GGA15- HH 5mg-L-07102024-Q=50.68mL-phút-3
668,GGA15-HH5,303.56379,4573,256.70001,46.86377999999996,U205-H5-VS2-05.10.2024,U205-H5-VS2-GGA15- HH 5mg-L-07102024-Q=50.68mL-phút-3
669,GGA15-HH5,312.28246,5047,263.70001,48.582449999999994,U205-H5-VS2-05.10.2024,U205-H5-VS2-GGA15- HH 5mg-L-07102024-Q=50.68mL-phút-3
670,GGA15,325.16491,301,264.60001,60.56490000000002,U205-H5-VS2-05.10.2024,U205-H5-VS2-GGA15- Zn(II) 5-Cr(VI) 10-Ni(II) 10mg-L-07102024-Q=50.24mL-phút-1
671,GGA15,318.84035,775,257.99999,60.840359999999976,U205-H5-VS2-05.10.2024,U205-H5-VS2-GGA15- Zn(II) 5-Cr(VI) 10-Ni(II) 10mg-L-07102024-Q=50.24mL-phút-1
672,GGA15,319.41379,1251,261.20001,58.213779999999986,U205-H5-VS2-05.10.2024,U205-H5-VS2-GGA15- Zn(II) 5-Cr(VI) 10-Ni(II) 10mg-L-07102024-Q=50.24mL-phút-1
673,GGA15,326.38276,1722,267.6,58.782759999999996,U205-H5-VS2-05.10.2024,U205-H5-VS2-GGA15- Zn(II) 5-Cr(VI) 10-Ni(II) 10mg-L-07102024-Q=50.24mL-phút-1
674,GGA15,329.43859,2193,266.9,62.53859,U205-H5-VS2-05.10.2024,U205-H5-VS2-GGA15- Zn(II) 5-Cr(VI) 10-Ni(II) 10mg-L-07102024-Q=50.24mL-phút-1
675,GGA15,314.71207,2668,255.80001,58.91206,U205-H5-VS2-05.10.2024,U205-H5-VS2-GGA15- Zn(II) 5-Cr(VI) 10-Ni(II) 10mg-L-07102024-Q=50.24mL-phút-1
676,GGA15-Zn5-Cr10-Ni10,310.38421,3141,254.40001,55.98419999999999,U205-H5-VS2-05.10.2024,U205-H5-VS2-GGA15- Zn(II) 5-Cr(VI) 10-Ni(II) 10mg-L-07102024-Q=50.24mL-phút-1
677,GGA15-Zn5-Cr10-Ni10,310.41754,3615,251.1,59.31753999999998,U205-H5-VS2-05.10.2024,U205-H5-VS2-GGA15- Zn(II) 5-Cr(VI) 10-Ni(II) 10mg-L-07102024-Q=50.24mL-phút-1
678,GGA15-Zn5-Cr10-Ni10,308.14737,4089,251.19999,56.94738000000001,U205-H5-VS2-05.10.2024,U205-H5-VS2-GGA15- Zn(II) 5-Cr(VI) 10-Ni(II) 10mg-L-07102024-Q=50.24mL-phút-1
679,GGA15-Zn5-Cr10-Ni10,305.52931,4562,255.2,50.32931000000002,U205-H5-VS2-05.10.2024,U205-H5-VS2-GGA15- Zn(II) 5-Cr(VI) 10-Ni(II) 10mg-L-07102024-Q=50.24mL-phút-1
680,GGA15-Zn5-Cr10-Ni10,304.45345,5030,254.20001,50.25343999999998,U205-H5-VS2-05.10.2024,U205-H5-VS2-GGA15- Zn(II) 5-Cr(VI) 10-Ni(II) 10mg-L-07102024-Q=50.24mL-phút-1
681,GGA15-Zn5-Cr10-Ni10,305.22369,5505,256.1,49.123689999999954,U205-H5-VS2-05.10.2024,U205-H5-VS2-GGA15- Zn(II) 5-Cr(VI) 10-Ni(II) 10mg-L-07102024-Q=50.24mL-phút-1
682,GGA15-Zn5-Cr10-Ni10,303.34865,5980,250.2,53.14865000000003,U205-H5-VS2-05.10.2024,U205-H5-VS2-GGA15- Zn(II) 5-Cr(VI) 10-Ni(II) 10mg-L-07102024-Q=50.24mL-phút-1
683,GGA15-Zn5-Cr10-Ni10,303.08421,6452,250.29999,52.784219999999976,U205-H5-VS2-05.10.2024,U205-H5-VS2-GGA15- Zn(II) 5-Cr(VI) 10-Ni(II) 10mg-L-07102024-Q=50.24mL-phút-1
684,GGA15-Zn5-Cr10-Ni10,306.32631,6927,252.7,53.62630999999999,U205-H5-VS2-05.10.2024,U205-H5-VS2-GGA15- Zn(II) 5-Cr(VI) 10-Ni(II) 10mg-L-07102024-Q=50.24mL-phút-1
685,GGA15-Zn5-Cr10-Ni10,303.40526,7400,251.70001,51.70525000000001,U205-H5-VS2-05.10.2024,U205-H5-VS2-GGA15- Zn(II) 5-Cr(VI) 10-Ni(II) 10mg-L-07102024-Q=50.24mL-phút-1
686,GGA15-Zn5-Cr10-Ni10,300.28378,7872,249.50001,50.783769999999976,U205-H5-VS2-05.10.2024,U205-H5-VS2-GGA15- Zn(II) 5-Cr(VI) 10-Ni(II) 10mg-L-07102024-Q=50.24mL-phút-1
687,GGA15-Zn5-Cr10-Ni10,306.14054,8345,255.4,50.74053999999998,U205-H5-VS2-05.10.2024,U205-H5-VS2-GGA15- Zn(II) 5-Cr(VI) 10-Ni(II) 10mg-L-07102024-Q=50.24mL-phút-1
688,GGA15,307.89744,301,257.09999,50.797450000000026,U205-H5-VS2-05.10.2024,U205-H5-VS2-GGA15-Zn(II) 5-Cr(VI) 10-Ni(II) 10mg-L-07102024-Q=50.08mL-phút-2
689,GGA15,307.4075,775,254.59999,52.807510000000036,U205-H5-VS2-05.10.2024,U205-H5-VS2-GGA15-Zn(II) 5-Cr(VI) 10-Ni(II) 10mg-L-07102024-Q=50.08mL-phút-2
690,GGA15,307.49024,1246,255.0,52.49023999999997,U205-H5-VS2-05.10.2024,U205-H5-VS2-GGA15-Zn(II) 5-Cr(VI) 10-Ni(II) 10mg-L-07102024-Q=50.08mL-phút-2
691,GGA15,309.01463,1725,253.69999,55.31464,U205-H5-VS2-05.10.2024,U205-H5-VS2-GGA15-Zn(II) 5-Cr(VI) 10-Ni(II) 10mg-L-07102024-Q=50.08mL-phút-2
692,GGA15,306.84878,2195,256.8,50.048779999999965,U205-H5-VS2-05.10.2024,U205-H5-VS2-GGA15-Zn(II) 5-Cr(VI) 10-Ni(II) 10mg-L-07102024-Q=50.08mL-phút-2
693,GGA15,307.64634,2671,258.8,48.84634,U205-H5-VS2-05.10.2024,U205-H5-VS2-GGA15-Zn(II) 5-Cr(VI) 10-Ni(II) 10mg-L-07102024-Q=50.08mL-phút-2
694,GGA15-HH5,311.6,3150,256.70001,54.89999,U205-H5-VS2-05.10.2024,U205-H5-VS2-GGA15-Zn(II) 5-Cr(VI) 10-Ni(II) 10mg-L-07102024-Q=50.08mL-phút-2
695,GGA15-HH5,312.29268,3629,260.4,51.89268000000004,U205-H5-VS2-05.10.2024,U205-H5-VS2-GGA15-Zn(II) 5-Cr(VI) 10-Ni(II) 10mg-L-07102024-Q=50.08mL-phút-2
696,GGA15-HH5,310.14878,4108,266.7,43.44878,U205-H5-VS2-05.10.2024,U205-H5-VS2-GGA15-Zn(II) 5-Cr(VI) 10-Ni(II) 10mg-L-07102024-Q=50.08mL-phút-2
697,GGA15-HH5,310.6439,4585,269.6,41.04389999999995,U205-H5-VS2-05.10.2024,U205-H5-VS2-GGA15-Zn(II) 5-Cr(VI) 10-Ni(II) 10mg-L-07102024-Q=50.08mL-phút-2
698,GGA15-HH5,314.15366,5056,275.00001,39.15365000000003,U205-H5-VS2-05.10.2024,U205-H5-VS2-GGA15-Zn(II) 5-Cr(VI) 10-Ni(II) 10mg-L-07102024-Q=50.08mL-phút-2
699,GGA15-HH5,309.19024,5532,272.1,37.090239999999994,U205-H5-VS2-05.10.2024,U205-H5-VS2-GGA15-Zn(II) 5-Cr(VI) 10-Ni(II) 10mg-L-07102024-Q=50.08mL-phút-2
700,GGA15-HH5,306.55122,6001,269.10001,37.45121,U205-H5-VS2-05.10.2024,U205-H5-VS2-GGA15-Zn(II) 5-Cr(VI) 10-Ni(II) 10mg-L-07102024-Q=50.08mL-phút-2
701,GGA15-HH5,298.34634,6476,261.59999,36.74635000000001,U205-H5-VS2-05.10.2024,U205-H5-VS2-GGA15-Zn(II) 5-Cr(VI) 10-Ni(II) 10mg-L-07102024-Q=50.08mL-phút-2
702,GGA15-HH5,292.32439,6947,256.1,36.22438999999997,U205-H5-VS2-05.10.2024,U205-H5-VS2-GGA15-Zn(II) 5-Cr(VI) 10-Ni(II) 10mg-L-07102024-Q=50.08mL-phút-2
703,GGA15,370.48367,301,324.49999,45.98367999999999,U206-H6-VS2-05.10.2024,U206-H6-VS2-GGA15- HH 5mg-L-07102024-Q=50.44mL-phút-4
704,GGA15,366.31346,770,319.00001,47.313450000000046,U206-H6-VS2-05.10.2024,U206-H6-VS2-GGA15- HH 5mg-L-07102024-Q=50.44mL-phút-4
705,GGA15,364.2,1239,321.90001,42.29998999999998,U206-H6-VS2-05.10.2024,U206-H6-VS2-GGA15- HH 5mg-L-07102024-Q=50.44mL-phút-4
706,GGA15,364.12041,1717,321.20001,42.92039999999997,U206-H6-VS2-05.10.2024,U206-H6-VS2-GGA15- HH 5mg-L-07102024-Q=50.44mL-phút-4
707,GGA15,363.6449,2190,323.00001,40.64489000000003,U206-H6-VS2-05.10.2024,U206-H6-VS2-GGA15- HH 5mg-L-07102024-Q=50.44mL-phút-4
708,GGA15,361.93265,2665,317.40001,44.532640000000015,U206-H6-VS2-05.10.2024,U206-H6-VS2-GGA15- HH 5mg-L-07102024-Q=50.44mL-phút-4
709,GGA15,359.12449,3134,313.80001,45.324479999999994,U206-H6-VS2-05.10.2024,U206-H6-VS2-GGA15- HH 5mg-L-07102024-Q=50.44mL-phút-4
710,GGA15-HH5,356.06531,3610,317.99999,38.065319999999986,U206-H6-VS2-05.10.2024,U206-H6-VS2-GGA15- HH 5mg-L-07102024-Q=50.44mL-phút-4
711,GGA15-HH5,358.04878,4085,325.6,32.44878,U206-H6-VS2-05.10.2024,U206-H6-VS2-GGA15- HH 5mg-L-07102024-Q=50.44mL-phút-4
712,GGA15-HH5,361.72857,4572,322.2,39.52857,U206-H6-VS2-05.10.2024,U206-H6-VS2-GGA15- HH 5mg-L-07102024-Q=50.44mL-phút-4
713,GGA15-HH5,366.23415,5035,332.6,33.63414999999998,U206-H6-VS2-05.10.2024,U206-H6-VS2-GGA15- HH 5mg-L-07102024-Q=50.44mL-phút-4
714,GGA15-HH5,365.12927,5520,324.80001,40.32926000000003,U206-H6-VS2-05.10.2024,U206-H6-VS2-GGA15- HH 5mg-L-07102024-Q=50.44mL-phút-4
715,GGA15-HH5,367.17317,5983,327.30001,39.87316000000004,U206-H6-VS2-05.10.2024,U206-H6-VS2-GGA15- HH 5mg-L-07102024-Q=50.44mL-phút-4
716,GGA15,368.36191,301,328.5,39.86191000000002,U206-H6-VS2-05.10.2024,U206-H6-VS2-GGA15- Zn(II) 5-Cr(VI) 10-Ni(II) 10mg-L-07102024-Q=50.12mL-phút-2
717,GGA15,361.6561,780,320.6,41.05609999999996,U206-H6-VS2-05.10.2024,U206-H6-VS2-GGA15- Zn(II) 5-Cr(VI) 10-Ni(II) 10mg-L-07102024-Q=50.12mL-phút-2
718,GGA15,353.28536,1251,314.20001,39.085350000000005,U206-H6-VS2-05.10.2024,U206-H6-VS2-GGA15- Zn(II) 5-Cr(VI) 10-Ni(II) 10mg-L-07102024-Q=50.12mL-phút-2
719,GGA15,354.72683,1726,313.4,41.32683000000003,U206-H6-VS2-05.10.2024,U206-H6-VS2-GGA15- Zn(II) 5-Cr(VI) 10-Ni(II) 10mg-L-07102024-Q=50.12mL-phút-2
720,GGA15,353.66829,2197,313.2,40.468290000000025,U206-H6-VS2-05.10.2024,U206-H6-VS2-GGA15- Zn(II) 5-Cr(VI) 10-Ni(II) 10mg-L-07102024-Q=50.12mL-phút-2
721,GGA15-Zn5-Cr10-Ni10,345.19512,2672,304.19999,40.99512999999996,U206-H6-VS2-05.10.2024,U206-H6-VS2-GGA15- Zn(II) 5-Cr(VI) 10-Ni(II) 10mg-L-07102024-Q=50.12mL-phút-2
722,GGA15-Zn5-Cr10-Ni10,336.60488,3146,298.7,37.90487999999999,U206-H6-VS2-05.10.2024,U206-H6-VS2-GGA15- Zn(II) 5-Cr(VI) 10-Ni(II) 10mg-L-07102024-Q=50.12mL-phút-2
723,GGA15-Zn5-Cr10-Ni10,330.68537,3618,294.60001,36.08535999999998,U206-H6-VS2-05.10.2024,U206-H6-VS2-GGA15- Zn(II) 5-Cr(VI) 10-Ni(II) 10mg-L-07102024-Q=50.12mL-phút-2
724,GGA15-Zn5-Cr10-Ni10,327.22439,4092,289.5,37.72439000000003,U206-H6-VS2-05.10.2024,U206-H6-VS2-GGA15- Zn(II) 5-Cr(VI) 10-Ni(II) 10mg-L-07102024-Q=50.12mL-phút-2
725,GGA20,329.78597,301,296.29999,33.48598000000004,U206-H6-VS2-05.10.2024,U206-H6-VS2-GGA20- Zn(II) 10-Cr(VI) 15-Ni(II) 15mg-L-07102024-Q=50.58mL-phút-3
726,GGA20,329.45965,769,298.40001,31.05964,U206-H6-VS2-05.10.2024,U206-H6-VS2-GGA20- Zn(II) 10-Cr(VI) 15-Ni(II) 15mg-L-07102024-Q=50.58mL-phút-3
727,GGA20,333.49512,1243,300.70001,32.795109999999966,U206-H6-VS2-05.10.2024,U206-H6-VS2-GGA20- Zn(II) 10-Cr(VI) 15-Ni(II) 15mg-L-07102024-Q=50.58mL-phút-3
728,GGA20,338.18537,1719,306.2,31.98536999999999,U206-H6-VS2-05.10.2024,U206-H6-VS2-GGA20- Zn(II) 10-Cr(VI) 15-Ni(II) 15mg-L-07102024-Q=50.58mL-phút-3
729,GGA20,334.15122,2188,303.20001,30.951210000000003,U206-H6-VS2-05.10.2024,U206-H6-VS2-GGA20- Zn(II) 10-Cr(VI) 15-Ni(II) 15mg-L-07102024-Q=50.58mL-phút-3
730,GGA20-Zn10-Cr15-Ni15,340.00732,2667,302.70001,37.30730999999997,U206-H6-VS2-05.10.2024,U206-H6-VS2-GGA20- Zn(II) 10-Cr(VI) 15-Ni(II) 15mg-L-07102024-Q=50.58mL-phút-3
731,GGA20-Zn10-Cr15-Ni15,330.37442,3138,301.7,28.674419999999998,U206-H6-VS2-05.10.2024,U206-H6-VS2-GGA20- Zn(II) 10-Cr(VI) 15-Ni(II) 15mg-L-07102024-Q=50.58mL-phút-3
732,GGA20-Zn10-Cr15-Ni15,325.24878,3613,297.89999,27.348790000000008,U206-H6-VS2-05.10.2024,U206-H6-VS2-GGA20- Zn(II) 10-Cr(VI) 15-Ni(II) 15mg-L-07102024-Q=50.58mL-phút-3
733,GGA20-Zn10-Cr15-Ni15,323.29268,4094,291.20001,32.09267,U206-H6-VS2-05.10.2024,U206-H6-VS2-GGA20- Zn(II) 10-Cr(VI) 15-Ni(II) 15mg-L-07102024-Q=50.58mL-phút-3
734,GGA20-Zn10-Cr15-Ni15,325.73171,4557,297.89999,27.83172000000002,U206-H6-VS2-05.10.2024,U206-H6-VS2-GGA20- Zn(II) 10-Cr(VI) 15-Ni(II) 15mg-L-07102024-Q=50.58mL-phút-3
735,GGA20-Zn10-Cr15-Ni15,320.81951,5039,291.59999,29.21951999999999,U206-H6-VS2-05.10.2024,U206-H6-VS2-GGA20- Zn(II) 10-Cr(VI) 15-Ni(II) 15mg-L-07102024-Q=50.58mL-phút-3
736,GGA20-Zn10-Cr15-Ni15,320.63658,5518,294.40001,26.236569999999972,U206-H6-VS2-05.10.2024,U206-H6-VS2-GGA20- Zn(II) 10-Cr(VI) 15-Ni(II) 15mg-L-07102024-Q=50.58mL-phút-3
737,GGA20-Zn10-Cr15-Ni15,311.68048,5991,284.1,27.580479999999966,U206-H6-VS2-05.10.2024,U206-H6-VS2-GGA20- Zn(II) 10-Cr(VI) 15-Ni(II) 15mg-L-07102024-Q=50.58mL-phút-3
738,GGA20-Zn10-Cr15-Ni15,308.92195,6462,283.69999,25.221959999999967,U206-H6-VS2-05.10.2024,U206-H6-VS2-GGA20- Zn(II) 10-Cr(VI) 15-Ni(II) 15mg-L-07102024-Q=50.58mL-phút-3
739,GGA20-Zn10-Cr15-Ni15,297.92927,6934,275.79999,22.129279999999994,U206-H6-VS2-05.10.2024,U206-H6-VS2-GGA20- Zn(II) 10-Cr(VI) 15-Ni(II) 15mg-L-07102024-Q=50.58mL-phút-3
740,GGA20-Zn10-Cr15-Ni15,293.34651,7409,271.0,22.346510000000023,U206-H6-VS2-05.10.2024,U206-H6-VS2-GGA20- Zn(II) 10-Cr(VI) 15-Ni(II) 15mg-L-07102024-Q=50.58mL-phút-3
741,GGA15,281.4027,301,224.80001,56.602689999999996,U207-H5-VS2-06.10.2024,U207-H5-VS2-GGA15- Zn(II) 5-Cr(VI) 10-Ni(II) 10mg-L-08102024-Q=50.2mL-phút-3
742,GGA15,280.20294,775,226.1,54.10294000000002,U207-H5-VS2-06.10.2024,U207-H5-VS2-GGA15- Zn(II) 5-Cr(VI) 10-Ni(II) 10mg-L-08102024-Q=50.2mL-phút-3
743,GGA15,277.36471,1248,220.59999,56.76472000000001,U207-H5-VS2-06.10.2024,U207-H5-VS2-GGA15- Zn(II) 5-Cr(VI) 10-Ni(II) 10mg-L-08102024-Q=50.2mL-phút-3
744,GGA15,275.08529,1722,214.39999,60.685299999999984,U207-H5-VS2-06.10.2024,U207-H5-VS2-GGA15- Zn(II) 5-Cr(VI) 10-Ni(II) 10mg-L-08102024-Q=50.2mL-phút-3
745,GGA15,274.03823,2196,220.0,54.03823,U207-H5-VS2-06.10.2024,U207-H5-VS2-GGA15- Zn(II) 5-Cr(VI) 10-Ni(II) 10mg-L-08102024-Q=50.2mL-phút-3
746,GGA15,273.23823,2665,212.9,60.33822999999998,U207-H5-VS2-06.10.2024,U207-H5-VS2-GGA15- Zn(II) 5-Cr(VI) 10-Ni(II) 10mg-L-08102024-Q=50.2mL-phút-3
747,GGA15,283.86765,3138,221.7,62.16765000000004,U207-H5-VS2-06.10.2024,U207-H5-VS2-GGA15- Zn(II) 5-Cr(VI) 10-Ni(II) 10mg-L-08102024-Q=50.2mL-phút-3
748,GGA15,290.45,3612,229.0,61.44999999999999,U207-H5-VS2-06.10.2024,U207-H5-VS2-GGA15- Zn(II) 5-Cr(VI) 10-Ni(II) 10mg-L-08102024-Q=50.2mL-phút-3
749,GGA15-Zn5-Cr10-Ni10,288.47714,4091,227.1,61.377140000000026,U207-H5-VS2-06.10.2024,U207-H5-VS2-GGA15- Zn(II) 5-Cr(VI) 10-Ni(II) 10mg-L-08102024-Q=50.2mL-phút-3
750,GGA15-Zn5-Cr10-Ni10,287.98235,4565,228.8,59.182349999999985,U207-H5-VS2-06.10.2024,U207-H5-VS2-GGA15- Zn(II) 5-Cr(VI) 10-Ni(II) 10mg-L-08102024-Q=50.2mL-phút-3
751,GGA15-Zn5-Cr10-Ni10,290.72353,5041,230.0,60.72352999999998,U207-H5-VS2-06.10.2024,U207-H5-VS2-GGA15- Zn(II) 5-Cr(VI) 10-Ni(II) 10mg-L-08102024-Q=50.2mL-phút-3
752,GGA15-Zn5-Cr10-Ni10,289.34118,5512,229.0,60.34118000000001,U207-H5-VS2-06.10.2024,U207-H5-VS2-GGA15- Zn(II) 5-Cr(VI) 10-Ni(II) 10mg-L-08102024-Q=50.2mL-phút-3
753,GGA15-Zn5-Cr10-Ni10,285.43235,5987,228.6,56.83234999999999,U207-H5-VS2-06.10.2024,U207-H5-VS2-GGA15- Zn(II) 5-Cr(VI) 10-Ni(II) 10mg-L-08102024-Q=50.2mL-phút-3
754,GGA15-Zn5-Cr10-Ni10,284.73529,6461,231.90001,52.83528000000001,U207-H5-VS2-06.10.2024,U207-H5-VS2-GGA15- Zn(II) 5-Cr(VI) 10-Ni(II) 10mg-L-08102024-Q=50.2mL-phút-3
755,GGA15-Zn5-Cr10-Ni10,290.49118,6934,231.3,59.191179999999974,U207-H5-VS2-06.10.2024,U207-H5-VS2-GGA15- Zn(II) 5-Cr(VI) 10-Ni(II) 10mg-L-08102024-Q=50.2mL-phút-3
756,GGA15-Zn5-Cr10-Ni10,286.3,7407,224.5,61.80000000000001,U207-H5-VS2-06.10.2024,U207-H5-VS2-GGA15- Zn(II) 5-Cr(VI) 10-Ni(II) 10mg-L-08102024-Q=50.2mL-phút-3
757,GGA15-Zn5-Cr10-Ni10,285.13143,7880,229.6,55.53143000000003,U207-H5-VS2-06.10.2024,U207-H5-VS2-GGA15- Zn(II) 5-Cr(VI) 10-Ni(II) 10mg-L-08102024-Q=50.2mL-phút-3
758,GGA15-Zn5-Cr10-Ni10,288.77714,8340,238.7,50.077139999999986,U207-H5-VS2-06.10.2024,U207-H5-VS2-GGA15- Zn(II) 5-Cr(VI) 10-Ni(II) 10mg-L-08102024-Q=50.2mL-phút-3
759,GGA15-Zn5-Cr10-Ni10,292.68286,8815,238.90001,53.782849999999996,U207-H5-VS2-06.10.2024,U207-H5-VS2-GGA15- Zn(II) 5-Cr(VI) 10-Ni(II) 10mg-L-08102024-Q=50.2mL-phút-3
760,GGA15-Zn5-Cr10-Ni10,294.50882,9291,240.5,54.008820000000014,U207-H5-VS2-06.10.2024,U207-H5-VS2-GGA15- Zn(II) 5-Cr(VI) 10-Ni(II) 10mg-L-08102024-Q=50.2mL-phút-3
761,GGA20,295.24286,301,241.1,54.14286000000001,U207-H5-VS2-06.10.2024,U207-H5-VS2-GGA20- Zn(II) 5-Cr(VI) 15-Ni(II) 15mg-L-08102024-Q=49.92mL-phút-2
762,GGA20,292.34412,775,238.3,54.044119999999964,U207-H5-VS2-06.10.2024,U207-H5-VS2-GGA20- Zn(II) 5-Cr(VI) 15-Ni(II) 15mg-L-08102024-Q=49.92mL-phút-2
763,GGA20,295.44857,1247,241.1,54.348570000000024,U207-H5-VS2-06.10.2024,U207-H5-VS2-GGA20- Zn(II) 5-Cr(VI) 15-Ni(II) 15mg-L-08102024-Q=49.92mL-phút-2
764,GGA20,296.32059,1720,242.50001,53.82057999999998,U207-H5-VS2-06.10.2024,U207-H5-VS2-GGA20- Zn(II) 5-Cr(VI) 15-Ni(II) 15mg-L-08102024-Q=49.92mL-phút-2
765,GGA20,301.6,2196,245.8,55.80000000000001,U207-H5-VS2-06.10.2024,U207-H5-VS2-GGA20- Zn(II) 5-Cr(VI) 15-Ni(II) 15mg-L-08102024-Q=49.92mL-phút-2
766,GGA20-Zn5-Cr15-Ni15,297.72286,2667,242.0,55.722860000000026,U207-H5-VS2-06.10.2024,U207-H5-VS2-GGA20- Zn(II) 5-Cr(VI) 15-Ni(II) 15mg-L-08102024-Q=49.92mL-phút-2
767,GGA20-Zn5-Cr15-Ni15,292.83823,3143,239.99999,52.83824000000001,U207-H5-VS2-06.10.2024,U207-H5-VS2-GGA20- Zn(II) 5-Cr(VI) 15-Ni(II) 15mg-L-08102024-Q=49.92mL-phút-2
768,GGA20-Zn5-Cr15-Ni15,294.62703,3615,242.0,52.62702999999999,U207-H5-VS2-06.10.2024,U207-H5-VS2-GGA20- Zn(II) 5-Cr(VI) 15-Ni(II) 15mg-L-08102024-Q=49.92mL-phút-2
769,GGA20-Zn5-Cr15-Ni15,298.66471,4087,244.5,54.164710000000014,U207-H5-VS2-06.10.2024,U207-H5-VS2-GGA20- Zn(II) 5-Cr(VI) 15-Ni(II) 15mg-L-08102024-Q=49.92mL-phút-2
770,GGA20-Zn5-Cr15-Ni15,296.38158,4559,245.19999,51.18158999999997,U207-H5-VS2-06.10.2024,U207-H5-VS2-GGA20- Zn(II) 5-Cr(VI) 15-Ni(II) 15mg-L-08102024-Q=49.92mL-phút-2
771,GGA20-Zn5-Cr15-Ni15,294.08108,5032,244.1,49.98107999999999,U207-H5-VS2-06.10.2024,U207-H5-VS2-GGA20- Zn(II) 5-Cr(VI) 15-Ni(II) 15mg-L-08102024-Q=49.92mL-phút-2
772,GGA20-Zn5-Cr15-Ni15,294.08948,5506,244.1,49.989479999999986,U207-H5-VS2-06.10.2024,U207-H5-VS2-GGA20- Zn(II) 5-Cr(VI) 15-Ni(II) 15mg-L-08102024-Q=49.92mL-phút-2
773,GGA20-Zn5-Cr15-Ni15,300.05135,5982,249.8,50.25135,U207-H5-VS2-06.10.2024,U207-H5-VS2-GGA20- Zn(II) 5-Cr(VI) 15-Ni(II) 15mg-L-08102024-Q=49.92mL-phút-2
774,GGA20-Zn5-Cr15-Ni15,302.72433,6454,254.59999,48.12434000000002,U207-H5-VS2-06.10.2024,U207-H5-VS2-GGA20- Zn(II) 5-Cr(VI) 15-Ni(II) 15mg-L-08102024-Q=49.92mL-phút-2
775,GGA20-Zn5-Cr15-Ni15,297.235,6928,250.09999,47.13501000000002,U207-H5-VS2-06.10.2024,U207-H5-VS2-GGA20- Zn(II) 5-Cr(VI) 15-Ni(II) 15mg-L-08102024-Q=49.92mL-phút-2
776,GGA15,294.38947,301,246.5,47.88947000000002,U207-H5-VS2-06.10.2024,U207-H5-VS2-GGA15- HH 15mg-L-08102024-Q=50.56mL-phút-4
777,GGA15,290.72143,773,244.9,45.82142999999999,U207-H5-VS2-06.10.2024,U207-H5-VS2-GGA15- HH 15mg-L-08102024-Q=50.56mL-phút-4
778,GGA15,296.44146,1248,246.2,50.24146000000002,U207-H5-VS2-06.10.2024,U207-H5-VS2-GGA15- HH 15mg-L-08102024-Q=50.56mL-phút-4
779,GGA15,302.41148,1719,253.10001,49.311469999999986,U207-H5-VS2-06.10.2024,U207-H5-VS2-GGA15- HH 15mg-L-08102024-Q=50.56mL-phút-4
780,GGA15,298.30328,2193,248.60001,49.703269999999975,U207-H5-VS2-06.10.2024,U207-H5-VS2-GGA15- HH 15mg-L-08102024-Q=50.56mL-phút-4
781,GGA15,296.21967,2667,249.59999,46.61968000000002,U207-H5-VS2-06.10.2024,U207-H5-VS2-GGA15- HH 15mg-L-08102024-Q=50.56mL-phút-4
782,GGA15-HH15,301.07541,3146,245.19999,55.87541999999996,U207-H5-VS2-06.10.2024,U207-H5-VS2-GGA15- HH 15mg-L-08102024-Q=50.56mL-phút-4
783,GGA15-HH15,297.35323,3622,247.79999,49.55323999999999,U207-H5-VS2-06.10.2024,U207-H5-VS2-GGA15- HH 15mg-L-08102024-Q=50.56mL-phút-4
784,GGA15-HH15,293.56129,4098,250.60001,42.96127999999999,U207-H5-VS2-06.10.2024,U207-H5-VS2-GGA15- HH 15mg-L-08102024-Q=50.56mL-phút-4
785,GGA15-HH15,291.34426,4565,245.90001,45.44425000000001,U207-H5-VS2-06.10.2024,U207-H5-VS2-GGA15- HH 15mg-L-08102024-Q=50.56mL-phút-4
786,GGA15-HH15,286.3375,5040,239.99999,46.33750999999998,U207-H5-VS2-06.10.2024,U207-H5-VS2-GGA15- HH 15mg-L-08102024-Q=50.56mL-phút-4
787,GGA15-HH15,286.21042,5512,242.7,43.51042000000001,U207-H5-VS2-06.10.2024,U207-H5-VS2-GGA15- HH 15mg-L-08102024-Q=50.56mL-phút-4
788,GGA15-HH15,288.68541,5991,243.0,45.68540999999999,U207-H5-VS2-06.10.2024,U207-H5-VS2-GGA15- HH 15mg-L-08102024-Q=50.56mL-phút-4
789,GGA15,316.115,301,276.10001,40.01499000000001,U208-H6-VS2-06.10.2024,U208-H6-VS2-GGA5- Zn(II) 5-Cr(VI) 10-Ni(II) 10mg-L-08102024-Q=50.48mL-phút-4
790,GGA15,297.53784,780,263.70001,33.83783,U208-H6-VS2-06.10.2024,U208-H6-VS2-GGA5- Zn(II) 5-Cr(VI) 10-Ni(II) 10mg-L-08102024-Q=50.48mL-phút-4
791,GGA15,307.98378,1248,268.00001,39.98377000000005,U208-H6-VS2-06.10.2024,U208-H6-VS2-GGA5- Zn(II) 5-Cr(VI) 10-Ni(II) 10mg-L-08102024-Q=50.48mL-phút-4
792,GGA15,317.16216,1722,281.6,35.56215999999995,U208-H6-VS2-06.10.2024,U208-H6-VS2-GGA5- Zn(II) 5-Cr(VI) 10-Ni(II) 10mg-L-08102024-Q=50.48mL-phút-4
793,GGA15,322.93514,2198,279.8,43.13513999999998,U208-H6-VS2-06.10.2024,U208-H6-VS2-GGA5- Zn(II) 5-Cr(VI) 10-Ni(II) 10mg-L-08102024-Q=50.48mL-phút-4
794,GGA15,318.02051,2665,275.99999,42.020519999999976,U208-H6-VS2-06.10.2024,U208-H6-VS2-GGA5- Zn(II) 5-Cr(VI) 10-Ni(II) 10mg-L-08102024-Q=50.48mL-phút-4
795,GGA15,314.16053,3141,271.80001,42.36052000000001,U208-H6-VS2-06.10.2024,U208-H6-VS2-GGA5- Zn(II) 5-Cr(VI) 10-Ni(II) 10mg-L-08102024-Q=50.48mL-phút-4
796,GGA15-Zn5-Cr10-Ni10,317.92105,3618,280.80001,37.121039999999994,U208-H6-VS2-06.10.2024,U208-H6-VS2-GGA5- Zn(II) 5-Cr(VI) 10-Ni(II) 10mg-L-08102024-Q=50.48mL-phút-4
797,GGA15-Zn5-Cr10-Ni10,314.00541,4089,278.10001,35.905399999999986,U208-H6-VS2-06.10.2024,U208-H6-VS2-GGA5- Zn(II) 5-Cr(VI) 10-Ni(II) 10mg-L-08102024-Q=50.48mL-phút-4
798,GGA15-Zn5-Cr10-Ni10,309.26216,4561,272.1,37.16215999999997,U208-H6-VS2-06.10.2024,U208-H6-VS2-GGA5- Zn(II) 5-Cr(VI) 10-Ni(II) 10mg-L-08102024-Q=50.48mL-phút-4
799,GGA15-Zn5-Cr10-Ni10,301.97105,5037,268.3,33.67104999999998,U208-H6-VS2-06.10.2024,U208-H6-VS2-GGA5- Zn(II) 5-Cr(VI) 10-Ni(II) 10mg-L-08102024-Q=50.48mL-phút-4
800,GGA15-Zn5-Cr10-Ni10,298.54054,5507,265.70001,32.84053,U208-H6-VS2-06.10.2024,U208-H6-VS2-GGA5- Zn(II) 5-Cr(VI) 10-Ni(II) 10mg-L-08102024-Q=50.48mL-phút-4
801,GGA15-Zn5-Cr10-Ni10,299.96487,5983,266.99999,32.964879999999994,U208-H6-VS2-06.10.2024,U208-H6-VS2-GGA5- Zn(II) 5-Cr(VI) 10-Ni(II) 10mg-L-08102024-Q=50.48mL-phút-4
802,GGA15-Zn5-Cr10-Ni10,295.41351,6458,262.80001,32.61349999999999,U208-H6-VS2-06.10.2024,U208-H6-VS2-GGA5- Zn(II) 5-Cr(VI) 10-Ni(II) 10mg-L-08102024-Q=50.48mL-phút-4
803,GGA15-Zn5-Cr10-Ni10,291.56842,6936,264.2,27.368420000000015,U208-H6-VS2-06.10.2024,U208-H6-VS2-GGA5- Zn(II) 5-Cr(VI) 10-Ni(II) 10mg-L-08102024-Q=50.48mL-phút-4
804,GGA15-Zn5-Cr10-Ni10,293.93684,7392,261.20001,32.73683,U208-H6-VS2-06.10.2024,U208-H6-VS2-GGA5- Zn(II) 5-Cr(VI) 10-Ni(II) 10mg-L-08102024-Q=50.48mL-phút-4
805,GGA15-Zn5-Cr10-Ni10,296.35789,7862,264.80001,31.55788000000001,U208-H6-VS2-06.10.2024,U208-H6-VS2-GGA5- Zn(II) 5-Cr(VI) 10-Ni(II) 10mg-L-08102024-Q=50.48mL-phút-4
806,GGA15-Zn5-Cr10-Ni10,296.67895,8342,265.30001,31.37894,U208-H6-VS2-06.10.2024,U208-H6-VS2-GGA5- Zn(II) 5-Cr(VI) 10-Ni(II) 10mg-L-08102024-Q=50.48mL-phút-4
807,GGA20,303.71622,301,270.20001,33.51621,U208-H6-VS2-06.10.2024,U208-H6-VS2-GGA20- Zn(II) 5-Cr(VI) 15-Ni(II) 15mg-L-08102024-Q=50.16mL-phút-3
808,GGA20,302.67298,780,264.80001,37.87297000000001,U208-H6-VS2-06.10.2024,U208-H6-VS2-GGA20- Zn(II) 5-Cr(VI) 15-Ni(II) 15mg-L-08102024-Q=50.16mL-phút-3
809,GGA20,295.57105,1255,264.7,30.871050000000025,U208-H6-VS2-06.10.2024,U208-H6-VS2-GGA20- Zn(II) 5-Cr(VI) 15-Ni(II) 15mg-L-08102024-Q=50.16mL-phút-3
810,GGA20,296.43784,1734,266.29999,30.137850000000014,U208-H6-VS2-06.10.2024,U208-H6-VS2-GGA20- Zn(II) 5-Cr(VI) 15-Ni(II) 15mg-L-08102024-Q=50.16mL-phút-3
811,GGA20,300.64865,2194,269.2,31.448649999999986,U208-H6-VS2-06.10.2024,U208-H6-VS2-GGA20- Zn(II) 5-Cr(VI) 15-Ni(II) 15mg-L-08102024-Q=50.16mL-phút-3
812,GGA20,303.61622,2667,272.6,31.016219999999976,U208-H6-VS2-06.10.2024,U208-H6-VS2-GGA20- Zn(II) 5-Cr(VI) 15-Ni(II) 15mg-L-08102024-Q=50.16mL-phút-3
813,GGA20-Zn5-Cr15-Ni15,302.57436,3142,270.00001,32.57435000000004,U208-H6-VS2-06.10.2024,U208-H6-VS2-GGA20- Zn(II) 5-Cr(VI) 15-Ni(II) 15mg-L-08102024-Q=50.16mL-phút-3
814,GGA20-Zn5-Cr15-Ni15,292.83244,3614,264.09999,28.73245000000003,U208-H6-VS2-06.10.2024,U208-H6-VS2-GGA20- Zn(II) 5-Cr(VI) 15-Ni(II) 15mg-L-08102024-Q=50.16mL-phút-3
815,GGA20-Zn5-Cr15-Ni15,293.6579,4092,263.39999,30.25790999999998,U208-H6-VS2-06.10.2024,U208-H6-VS2-GGA20- Zn(II) 5-Cr(VI) 15-Ni(II) 15mg-L-08102024-Q=50.16mL-phút-3
816,GGA20-Zn5-Cr15-Ni15,296.17027,4562,269.6,26.570269999999994,U208-H6-VS2-06.10.2024,U208-H6-VS2-GGA20- Zn(II) 5-Cr(VI) 15-Ni(II) 15mg-L-08102024-Q=50.16mL-phút-3
817,GGA20-Zn5-Cr15-Ni15,290.91892,5040,258.19999,32.71893,U208-H6-VS2-06.10.2024,U208-H6-VS2-GGA20- Zn(II) 5-Cr(VI) 15-Ni(II) 15mg-L-08102024-Q=50.16mL-phút-3
818,GGA20-Zn5-Cr15-Ni15,287.06316,5517,258.1,28.96315999999996,U208-H6-VS2-06.10.2024,U208-H6-VS2-GGA20- Zn(II) 5-Cr(VI) 15-Ni(II) 15mg-L-08102024-Q=50.16mL-phút-3
819,GGA20-Zn5-Cr15-Ni15,286.4,5985,256.70001,29.699989999999957,U208-H6-VS2-06.10.2024,U208-H6-VS2-GGA20- Zn(II) 5-Cr(VI) 15-Ni(II) 15mg-L-08102024-Q=50.16mL-phút-3
820,GGA20-Zn5-Cr15-Ni15,291.39459,6459,263.00001,28.39458000000002,U208-H6-VS2-06.10.2024,U208-H6-VS2-GGA20- Zn(II) 5-Cr(VI) 15-Ni(II) 15mg-L-08102024-Q=50.16mL-phút-3
821,GGA15,289.44667,301,264.60001,24.846659999999986,U208-H6-VS2-06.10.2024,U208-H6-VS2-GGA15- HH 15mg-L-08102024-Q=50mL-phút-5
822,GGA15,287.66,779,264.49999,23.16001,U208-H6-VS2-06.10.2024,U208-H6-VS2-GGA15- HH 15mg-L-08102024-Q=50mL-phút-5
823,GGA15,283.88444,1253,262.4,21.484440000000006,U208-H6-VS2-06.10.2024,U208-H6-VS2-GGA15- HH 15mg-L-08102024-Q=50mL-phút-5
824,GGA15,289.56875,1724,264.7,24.868750000000034,U208-H6-VS2-06.10.2024,U208-H6-VS2-GGA15- HH 15mg-L-08102024-Q=50mL-phút-5
825,GGA15,292.63333,2197,264.9,27.733330000000024,U208-H6-VS2-06.10.2024,U208-H6-VS2-GGA15- HH 15mg-L-08102024-Q=50mL-phút-5
826,GGA15,288.36042,2672,264.40001,23.960409999999968,U208-H6-VS2-06.10.2024,U208-H6-VS2-GGA15- HH 15mg-L-08102024-Q=50mL-phút-5
827,GGA15,287.66471,3149,263.00001,24.66470000000004,U208-H6-VS2-06.10.2024,U208-H6-VS2-GGA15- HH 15mg-L-08102024-Q=50mL-phút-5
828,GGA15,291.56123,3614,266.79999,24.761240000000043,U208-H6-VS2-06.10.2024,U208-H6-VS2-GGA15- HH 15mg-L-08102024-Q=50mL-phút-5
829,GGA15-HH15,288.6875,4049,262.4,26.287500000000023,U208-H6-VS2-06.10.2024,U208-H6-VS2-GGA15- HH 15mg-L-08102024-Q=50mL-phút-5
830,GGA15-HH15,284.78542,4514,260.30001,24.48541,U208-H6-VS2-06.10.2024,U208-H6-VS2-GGA15- HH 15mg-L-08102024-Q=50mL-phút-5
831,GGA15-HH15,278.904,4989,257.0,21.903999999999996,U208-H6-VS2-06.10.2024,U208-H6-VS2-GGA15- HH 15mg-L-08102024-Q=50mL-phút-5
832,GGA15-HH15,272.79184,5460,250.0,22.79183999999998,U208-H6-VS2-06.10.2024,U208-H6-VS2-GGA15- HH 15mg-L-08102024-Q=50mL-phút-5
833,GGA15-HH15,268.79792,5932,249.0,19.797919999999976,U208-H6-VS2-06.10.2024,U208-H6-VS2-GGA15- HH 15mg-L-08102024-Q=50mL-phút-5
834,GGA15-HH15,268.53125,6407,249.0,19.53125,U208-H6-VS2-06.10.2024,U208-H6-VS2-GGA15- HH 15mg-L-08102024-Q=50mL-phút-5
835,GGA15-HH15,266.58,6884,247.4,19.17999999999998,U208-H6-VS2-06.10.2024,U208-H6-VS2-GGA15- HH 15mg-L-08102024-Q=50mL-phút-5
836,GGA10,295.52408,301,238.19999,57.32409,U209-H5-VS2-07.10.2024,U209-H5-VS2-GGA10- Zn(II) 10-Cr(VI) 15-Ni(II) 15mg-L-09102024-Q=50.34mL-phút-2
837,GGA10,294.9853,776,237.10001,57.88529,U209-H5-VS2-07.10.2024,U209-H5-VS2-GGA10- Zn(II) 10-Cr(VI) 15-Ni(II) 15mg-L-09102024-Q=50.34mL-phút-2
838,GGA10,305.92353,1249,244.8,61.12353,U209-H5-VS2-07.10.2024,U209-H5-VS2-GGA10- Zn(II) 10-Cr(VI) 15-Ni(II) 15mg-L-09102024-Q=50.34mL-phút-2
839,GGA10,309.7394,1722,247.1,62.6394,U209-H5-VS2-07.10.2024,U209-H5-VS2-GGA10- Zn(II) 10-Cr(VI) 15-Ni(II) 15mg-L-09102024-Q=50.34mL-phút-2
840,GGA10,313.15882,2193,246.3,66.85882,U209-H5-VS2-07.10.2024,U209-H5-VS2-GGA10- Zn(II) 10-Cr(VI) 15-Ni(II) 15mg-L-09102024-Q=50.34mL-phút-2
841,GGA10-Zn10-Cr15-Ni15,317.85,2668,254.79999,63.05001,U209-H5-VS2-07.10.2024,U209-H5-VS2-GGA10- Zn(II) 10-Cr(VI) 15-Ni(II) 15mg-L-09102024-Q=50.34mL-phút-2
842,GGA10-Zn10-Cr15-Ni15,319.67353,3140,255.60001,64.07352,U209-H5-VS2-07.10.2024,U209-H5-VS2-GGA10- Zn(II) 10-Cr(VI) 15-Ni(II) 15mg-L-09102024-Q=50.34mL-phút-2
843,GGA10-Zn10-Cr15-Ni15,321.04117,3614,260.8,60.24117,U209-H5-VS2-07.10.2024,U209-H5-VS2-GGA10- Zn(II) 10-Cr(VI) 15-Ni(II) 15mg-L-09102024-Q=50.34mL-phút-2
844,GGA10-Zn10-Cr15-Ni15,320.79706,4089,254.3,66.49706,U209-H5-VS2-07.10.2024,U209-H5-VS2-GGA10- Zn(II) 10-Cr(VI) 15-Ni(II) 15mg-L-09102024-Q=50.34mL-phút-2
845,GGA10-Zn10-Cr15-Ni15,321.46765,4561,258.30001,63.16764,U209-H5-VS2-07.10.2024,U209-H5-VS2-GGA10- Zn(II) 10-Cr(VI) 15-Ni(II) 15mg-L-09102024-Q=50.34mL-phút-2
846,GGA10-Zn10-Cr15-Ni15,322.78485,5035,259.29999,63.48486,U209-H5-VS2-07.10.2024,U209-H5-VS2-GGA10- Zn(II) 10-Cr(VI) 15-Ni(II) 15mg-L-09102024-Q=50.34mL-phút-2
847,GGA10-Zn10-Cr15-Ni15,323.74118,5509,264.0,59.74118,U209-H5-VS2-07.10.2024,U209-H5-VS2-GGA10- Zn(II) 10-Cr(VI) 15-Ni(II) 15mg-L-09102024-Q=50.34mL-phút-2
848,GGA10-Zn10-Cr15-Ni15,324.86667,5980,265.30001,59.56666,U209-H5-VS2-07.10.2024,U209-H5-VS2-GGA10- Zn(II) 10-Cr(VI) 15-Ni(II) 15mg-L-09102024-Q=50.34mL-phút-2
849,GGA10-Zn10-Cr15-Ni15,323.52667,6621,269.2,54.32667,U209-H5-VS2-07.10.2024,U209-H5-VS2-GGA10- Zn(II) 10-Cr(VI) 15-Ni(II) 15mg-L-09102024-Q=50.34mL-phút-2
850,GGA10-Zn10-Cr15-Ni15,319.90455,7095,263.59999,56.30456,U209-H5-VS2-07.10.2024,U209-H5-VS2-GGA10- Zn(II) 10-Cr(VI) 15-Ni(II) 15mg-L-09102024-Q=50.34mL-phút-2
851,GGA10-Zn10-Cr15-Ni15,320.94222,7568,264.7,56.24222000000003,U209-H5-VS2-07.10.2024,U209-H5-VS2-GGA10- Zn(II) 10-Cr(VI) 15-Ni(II) 15mg-L-09102024-Q=50.34mL-phút-2
852,GGA15,312.83824,301,258.30001,54.53823,U209-H5-VS2-07.10.2024,U209-H5-VS2-GGA15- Zn(II) 10-Cr(VI) 15-Ni(II) 15mg-L-09102024-Q=50.72mL-phút-3
853,GGA15,311.17541,775,256.19999,54.97542,U209-H5-VS2-07.10.2024,U209-H5-VS2-GGA15- Zn(II) 10-Cr(VI) 15-Ni(II) 15mg-L-09102024-Q=50.72mL-phút-3
854,GGA15,310.45167,1246,258.70001,51.75166,U209-H5-VS2-07.10.2024,U209-H5-VS2-GGA15- Zn(II) 10-Cr(VI) 15-Ni(II) 15mg-L-09102024-Q=50.72mL-phút-3
855,GGA15,307.41167,1717,254.59999,52.81168,U209-H5-VS2-07.10.2024,U209-H5-VS2-GGA15- Zn(II) 10-Cr(VI) 15-Ni(II) 15mg-L-09102024-Q=50.72mL-phút-3
856,GGA15,305.92419,2193,251.70001,54.22418,U209-H5-VS2-07.10.2024,U209-H5-VS2-GGA15- Zn(II) 10-Cr(VI) 15-Ni(II) 15mg-L-09102024-Q=50.72mL-phút-3
857,GGA15,306.505,2667,253.30001,53.20499,U209-H5-VS2-07.10.2024,U209-H5-VS2-GGA15- Zn(II) 10-Cr(VI) 15-Ni(II) 15mg-L-09102024-Q=50.72mL-phút-3
858,GGA15,306.25833,3138,252.0,54.25833,U209-H5-VS2-07.10.2024,U209-H5-VS2-GGA15- Zn(II) 10-Cr(VI) 15-Ni(II) 15mg-L-09102024-Q=50.72mL-phút-3
859,GGA15-Zn10-Cr15-Ni15,309.30164,3612,259.60001,49.70163,U209-H5-VS2-07.10.2024,U209-H5-VS2-GGA15- Zn(II) 10-Cr(VI) 15-Ni(II) 15mg-L-09102024-Q=50.72mL-phút-3
860,GGA15-Zn10-Cr15-Ni15,317.08197,4087,265.1,51.98197,U209-H5-VS2-07.10.2024,U209-H5-VS2-GGA15- Zn(II) 10-Cr(VI) 15-Ni(II) 15mg-L-09102024-Q=50.72mL-phút-3
861,GGA15-Zn10-Cr15-Ni15,312.65,4562,260.6,52.05,U209-H5-VS2-07.10.2024,U209-H5-VS2-GGA15- Zn(II) 10-Cr(VI) 15-Ni(II) 15mg-L-09102024-Q=50.72mL-phút-3
862,GGA15-Zn10-Cr15-Ni15,312.4371,5033,262.6,49.8371,U209-H5-VS2-07.10.2024,U209-H5-VS2-GGA15- Zn(II) 10-Cr(VI) 15-Ni(II) 15mg-L-09102024-Q=50.72mL-phút-3
863,GGA15-Zn10-Cr15-Ni15,311.52,5508,262.10001,49.41999,U209-H5-VS2-07.10.2024,U209-H5-VS2-GGA15- Zn(II) 10-Cr(VI) 15-Ni(II) 15mg-L-09102024-Q=50.72mL-phút-3
864,GGA15-Zn10-Cr15-Ni15,304.25714,5987,254.79999,49.45715,U209-H5-VS2-07.10.2024,U209-H5-VS2-GGA15- Zn(II) 10-Cr(VI) 15-Ni(II) 15mg-L-09102024-Q=50.72mL-phút-3
865,GGA15,348.10625,301,310.79999,37.30626000000001,U210-H6-VS2-07.10.2024,U210-H6-VS2-GGA15- Zn(II) 5-Cr(VI) 5-Ni(II) 10mg-L-09102024-Q=50.42mL-phút-1
866,GGA15,346.12708,775,308.9,37.22708,U210-H6-VS2-07.10.2024,U210-H6-VS2-GGA15- Zn(II) 5-Cr(VI) 5-Ni(II) 10mg-L-09102024-Q=50.42mL-phút-1
867,GGA15,352.06458,1254,314.59999,37.46458999999999,U210-H6-VS2-07.10.2024,U210-H6-VS2-GGA15- Zn(II) 5-Cr(VI) 5-Ni(II) 10mg-L-09102024-Q=50.42mL-phút-1
868,GGA15,356.41064,1730,316.00001,40.410630000000026,U210-H6-VS2-07.10.2024,U210-H6-VS2-GGA15- Zn(II) 5-Cr(VI) 5-Ni(II) 10mg-L-09102024-Q=50.42mL-phút-1
869,GGA15,359.13334,2200,318.69999,40.43334999999996,U210-H6-VS2-07.10.2024,U210-H6-VS2-GGA15- Zn(II) 5-Cr(VI) 5-Ni(II) 10mg-L-09102024-Q=50.42mL-phút-1
870,GGA15-Zn5-Cr5-Ni10,360.4875,2679,320.10001,40.387490000000014,U210-H6-VS2-07.10.2024,U210-H6-VS2-GGA15- Zn(II) 5-Cr(VI) 5-Ni(II) 10mg-L-09102024-Q=50.42mL-phút-1
871,GGA15-Zn5-Cr5-Ni10,358.325,3153,320.49999,37.82500999999996,U210-H6-VS2-07.10.2024,U210-H6-VS2-GGA15- Zn(II) 5-Cr(VI) 5-Ni(II) 10mg-L-09102024-Q=50.42mL-phút-1
872,GGA15-Zn5-Cr5-Ni10,357.68511,3628,315.60001,42.08510000000001,U210-H6-VS2-07.10.2024,U210-H6-VS2-GGA15- Zn(II) 5-Cr(VI) 5-Ni(II) 10mg-L-09102024-Q=50.42mL-phút-1
873,GGA15-Zn5-Cr5-Ni10,356.41277,4098,320.49999,35.91278,U210-H6-VS2-07.10.2024,U210-H6-VS2-GGA15- Zn(II) 5-Cr(VI) 5-Ni(II) 10mg-L-09102024-Q=50.42mL-phút-1
874,GGA15-Zn5-Cr5-Ni10,353.95532,4570,320.10001,33.855309999999974,U210-H6-VS2-07.10.2024,U210-H6-VS2-GGA15- Zn(II) 5-Cr(VI) 5-Ni(II) 10mg-L-09102024-Q=50.42mL-phút-1
875,GGA15-Zn5-Cr5-Ni10,351.51042,5043,317.7,33.81042000000002,U210-H6-VS2-07.10.2024,U210-H6-VS2-GGA15- Zn(II) 5-Cr(VI) 5-Ni(II) 10mg-L-09102024-Q=50.42mL-phút-1
876,GGA15-Zn5-Cr5-Ni10,350.63192,5518,317.60001,33.03190999999998,U210-H6-VS2-07.10.2024,U210-H6-VS2-GGA15- Zn(II) 5-Cr(VI) 5-Ni(II) 10mg-L-09102024-Q=50.42mL-phút-1
877,GGA15,333.43171,301,303.09999,30.33172000000002,U210-H6-VS2-07.10.2024,U210-H6-VS2-GGA15- Zn(II) 10-Cr(VI) 5-Ni(II) 10mg-L-09102024-Q=50.06mL-phút-1
878,GGA15,324.45366,773,291.79999,32.653670000000034,U210-H6-VS2-07.10.2024,U210-H6-VS2-GGA15- Zn(II) 10-Cr(VI) 5-Ni(II) 10mg-L-09102024-Q=50.06mL-phút-1
879,GGA15,322.03171,1251,290.49999,31.53171999999995,U210-H6-VS2-07.10.2024,U210-H6-VS2-GGA15- Zn(II) 10-Cr(VI) 5-Ni(II) 10mg-L-09102024-Q=50.06mL-phút-1
880,GGA15,320.4561,1723,290.6,29.85609999999997,U210-H6-VS2-07.10.2024,U210-H6-VS2-GGA15- Zn(II) 10-Cr(VI) 5-Ni(II) 10mg-L-09102024-Q=50.06mL-phút-1
881,GGA15,318.15122,2195,288.6,29.55122,U210-H6-VS2-07.10.2024,U210-H6-VS2-GGA15- Zn(II) 10-Cr(VI) 5-Ni(II) 10mg-L-09102024-Q=50.06mL-phút-1
882,GGA15,317.35122,2670,288.50001,28.851210000000037,U210-H6-VS2-07.10.2024,U210-H6-VS2-GGA15- Zn(II) 10-Cr(VI) 5-Ni(II) 10mg-L-09102024-Q=50.06mL-phút-1
883,GGA15,318.91708,3143,288.70001,30.21706999999998,U210-H6-VS2-07.10.2024,U210-H6-VS2-GGA15- Zn(II) 10-Cr(VI) 5-Ni(II) 10mg-L-09102024-Q=50.06mL-phút-1
884,GGA15,316.31951,3615,287.9,28.419510000000002,U210-H6-VS2-07.10.2024,U210-H6-VS2-GGA15- Zn(II) 10-Cr(VI) 5-Ni(II) 10mg-L-09102024-Q=50.06mL-phút-1
885,GGA15-Zn10-Cr5-Ni10,321.67381,4089,292.69999,28.97381999999999,U210-H6-VS2-07.10.2024,U210-H6-VS2-GGA15- Zn(II) 10-Cr(VI) 5-Ni(II) 10mg-L-09102024-Q=50.06mL-phút-1
886,GGA15-Zn10-Cr5-Ni10,329.00732,4564,294.0,35.00731999999999,U210-H6-VS2-07.10.2024,U210-H6-VS2-GGA15- Zn(II) 10-Cr(VI) 5-Ni(II) 10mg-L-09102024-Q=50.06mL-phút-1
887,GGA15-Zn10-Cr5-Ni10,330.11628,5035,296.20001,33.91627,U210-H6-VS2-07.10.2024,U210-H6-VS2-GGA15- Zn(II) 10-Cr(VI) 5-Ni(II) 10mg-L-09102024-Q=50.06mL-phút-1
888,GGA15-Zn10-Cr5-Ni10,329.38537,5510,296.40001,32.985360000000014,U210-H6-VS2-07.10.2024,U210-H6-VS2-GGA15- Zn(II) 10-Cr(VI) 5-Ni(II) 10mg-L-09102024-Q=50.06mL-phút-1
889,GGA15-Zn10-Cr5-Ni10,329.87317,5983,295.6,34.27316999999999,U210-H6-VS2-07.10.2024,U210-H6-VS2-GGA15- Zn(II) 10-Cr(VI) 5-Ni(II) 10mg-L-09102024-Q=50.06mL-phút-1
890,GGA15-Zn10-Cr5-Ni10,320.44878,6459,290.69999,29.748789999999985,U210-H6-VS2-07.10.2024,U210-H6-VS2-GGA15- Zn(II) 10-Cr(VI) 5-Ni(II) 10mg-L-09102024-Q=50.06mL-phút-1
891,GGA15-Zn10-Cr5-Ni10,316.73333,6930,287.29999,29.433340000000044,U210-H6-VS2-07.10.2024,U210-H6-VS2-GGA15- Zn(II) 10-Cr(VI) 5-Ni(II) 10mg-L-09102024-Q=50.06mL-phút-1
892,GGA15-Zn10-Cr5-Ni10,319.45853,7405,290.80001,28.65852000000001,U210-H6-VS2-07.10.2024,U210-H6-VS2-GGA15- Zn(II) 10-Cr(VI) 5-Ni(II) 10mg-L-09102024-Q=50.06mL-phút-1
893,GGA15-Zn10-Cr5-Ni10,323.21952,7873,293.90001,29.31950999999998,U210-H6-VS2-07.10.2024,U210-H6-VS2-GGA15- Zn(II) 10-Cr(VI) 5-Ni(II) 10mg-L-09102024-Q=50.06mL-phút-1
894,GGA15-Zn10-Cr5-Ni10,319.64884,8347,291.1,28.548839999999984,U210-H6-VS2-07.10.2024,U210-H6-VS2-GGA15- Zn(II) 10-Cr(VI) 5-Ni(II) 10mg-L-09102024-Q=50.06mL-phút-1
895,GGA10,304.90811,301,254.40001,50.50810000000001,U211-H5-VS2-08.10.2024,U211-H5-VS2-GGA10- HH 5mg-L-10102024-Q=50.17mL-phút-4
896,GGA10,304.00541,774,254.20001,49.80539999999999,U211-H5-VS2-08.10.2024,U211-H5-VS2-GGA10- HH 5mg-L-10102024-Q=50.17mL-phút-4
897,GGA10,303.38108,1246,252.0,51.38108,U211-H5-VS2-08.10.2024,U211-H5-VS2-GGA10- HH 5mg-L-10102024-Q=50.17mL-phút-4
898,GGA10,293.55135,1719,236.6,56.95135000000002,U211-H5-VS2-08.10.2024,U211-H5-VS2-GGA10- HH 5mg-L-10102024-Q=50.17mL-phút-4
899,GGA10,287.52973,2194,237.0,50.52972999999997,U211-H5-VS2-08.10.2024,U211-H5-VS2-GGA10- HH 5mg-L-10102024-Q=50.17mL-phút-4
900,GGA10,295.0,2668,237.8,57.19999999999999,U211-H5-VS2-08.10.2024,U211-H5-VS2-GGA10- HH 5mg-L-10102024-Q=50.17mL-phút-4
901,GGA10,301.70811,3141,244.5,57.20810999999998,U211-H5-VS2-08.10.2024,U211-H5-VS2-GGA10- HH 5mg-L-10102024-Q=50.17mL-phút-4
902,GGA10-HH5,321.66757,3620,276.30001,45.367560000000026,U211-H5-VS2-08.10.2024,U211-H5-VS2-GGA10- HH 5mg-L-10102024-Q=50.17mL-phút-4
903,GGA10-HH5,315.13685,4092,268.79999,46.33686,U211-H5-VS2-08.10.2024,U211-H5-VS2-GGA10- HH 5mg-L-10102024-Q=50.17mL-phút-4
904,GGA10-HH5,319.25946,4571,274.10001,45.15944999999999,U211-H5-VS2-08.10.2024,U211-H5-VS2-GGA10- HH 5mg-L-10102024-Q=50.17mL-phút-4
905,GGA10-HH5,323.85676,5044,277.20001,46.65674999999999,U211-H5-VS2-08.10.2024,U211-H5-VS2-GGA10- HH 5mg-L-10102024-Q=50.17mL-phút-4
906,GGA10-HH5,330.60526,5517,284.1,46.505259999999964,U211-H5-VS2-08.10.2024,U211-H5-VS2-GGA10- HH 5mg-L-10102024-Q=50.17mL-phút-4
907,GGA10,323.95676,301,272.8,51.15675999999996,U211-H5-VS2-08.10.2024,U211-H5-VS2-GGA10- Zn(II) 5-Cr(VI) 10-Ni(II) 10mg-L-10102024-Q=50.1mL-phút-1
908,GGA10,329.32973,774,279.3,50.02972999999997,U211-H5-VS2-08.10.2024,U211-H5-VS2-GGA10- Zn(II) 5-Cr(VI) 10-Ni(II) 10mg-L-10102024-Q=50.1mL-phút-1
909,GGA10,333.65526,1250,280.49999,53.15526999999997,U211-H5-VS2-08.10.2024,U211-H5-VS2-GGA10- Zn(II) 5-Cr(VI) 10-Ni(II) 10mg-L-10102024-Q=50.1mL-phút-1
910,GGA10,328.72703,1721,275.5,53.22703000000001,U211-H5-VS2-08.10.2024,U211-H5-VS2-GGA10- Zn(II) 5-Cr(VI) 10-Ni(II) 10mg-L-10102024-Q=50.1mL-phút-1
911,GGA10,324.91053,2195,269.2,55.710530000000006,U211-H5-VS2-08.10.2024,U211-H5-VS2-GGA10- Zn(II) 5-Cr(VI) 10-Ni(II) 10mg-L-10102024-Q=50.1mL-phút-1
912,GGA10,324.5275,2672,271.0,53.527499999999975,U211-H5-VS2-08.10.2024,U211-H5-VS2-GGA10- Zn(II) 5-Cr(VI) 10-Ni(II) 10mg-L-10102024-Q=50.1mL-phút-1
913,GGA10-Zn5-Cr10-Ni10,332.11352,3141,282.99999,49.11352999999997,U211-H5-VS2-08.10.2024,U211-H5-VS2-GGA10- Zn(II) 5-Cr(VI) 10-Ni(II) 10mg-L-10102024-Q=50.1mL-phút-1
914,GGA10-Zn5-Cr10-Ni10,331.53158,3616,283.80001,47.73157000000003,U211-H5-VS2-08.10.2024,U211-H5-VS2-GGA10- Zn(II) 5-Cr(VI) 10-Ni(II) 10mg-L-10102024-Q=50.1mL-phút-1
915,GGA10-Zn5-Cr10-Ni10,326.08421,4089,282.79999,43.284220000000005,U211-H5-VS2-08.10.2024,U211-H5-VS2-GGA10- Zn(II) 5-Cr(VI) 10-Ni(II) 10mg-L-10102024-Q=50.1mL-phút-1
916,GGA10-Zn5-Cr10-Ni10,322.31622,4564,277.90001,44.41620999999998,U211-H5-VS2-08.10.2024,U211-H5-VS2-GGA10- Zn(II) 5-Cr(VI) 10-Ni(II) 10mg-L-10102024-Q=50.1mL-phút-1
917,GGA10-Zn5-Cr10-Ni10,326.81351,5035,282.09999,44.71352000000002,U211-H5-VS2-08.10.2024,U211-H5-VS2-GGA10- Zn(II) 5-Cr(VI) 10-Ni(II) 10mg-L-10102024-Q=50.1mL-phút-1
918,GGA20,322.05897,301,271.9,50.15897000000001,U211-H5-VS2-08.10.2024,U211-H5-VS2-GGA20- Zn(II) 15-Cr(VI) 10-Ni(II) 10 mg-L-10102024-Q=49.98mL-phút-1
919,GGA20,318.37027,777,266.09999,52.270280000000014,U211-H5-VS2-08.10.2024,U211-H5-VS2-GGA20- Zn(II) 15-Cr(VI) 10-Ni(II) 10 mg-L-10102024-Q=49.98mL-phút-1
920,GGA20,316.41579,1247,264.49999,51.91579999999999,U211-H5-VS2-08.10.2024,U211-H5-VS2-GGA20- Zn(II) 15-Cr(VI) 10-Ni(II) 10 mg-L-10102024-Q=49.98mL-phút-1
921,GGA20,323.65526,1724,271.2,52.45526000000001,U211-H5-VS2-08.10.2024,U211-H5-VS2-GGA20- Zn(II) 15-Cr(VI) 10-Ni(II) 10 mg-L-10102024-Q=49.98mL-phút-1
922,GGA20,316.04325,2199,264.60001,51.44324,U211-H5-VS2-08.10.2024,U211-H5-VS2-GGA20- Zn(II) 15-Cr(VI) 10-Ni(II) 10 mg-L-10102024-Q=49.98mL-phút-1
923,GGA20,315.5027,2669,264.49999,51.00270999999998,U211-H5-VS2-08.10.2024,U211-H5-VS2-GGA20- Zn(II) 15-Cr(VI) 10-Ni(II) 10 mg-L-10102024-Q=49.98mL-phút-1
924,GGA20,312.51111,3142,259.20001,53.31109999999995,U211-H5-VS2-08.10.2024,U211-H5-VS2-GGA20- Zn(II) 15-Cr(VI) 10-Ni(II) 10 mg-L-10102024-Q=49.98mL-phút-1
925,GGA20-Zn15-Cr10-Ni10,312.69444,3614,267.4,45.29444000000001,U211-H5-VS2-08.10.2024,U211-H5-VS2-GGA20- Zn(II) 15-Cr(VI) 10-Ni(II) 10 mg-L-10102024-Q=49.98mL-phút-1
926,GGA20-Zn15-Cr10-Ni10,311.16546,4090,263.20001,47.965449999999976,U211-H5-VS2-08.10.2024,U211-H5-VS2-GGA20- Zn(II) 15-Cr(VI) 10-Ni(II) 10 mg-L-10102024-Q=49.98mL-phút-1
927,GGA20-Zn15-Cr10-Ni10,315.69273,4562,271.80001,43.89272,U211-H5-VS2-08.10.2024,U211-H5-VS2-GGA20- Zn(II) 15-Cr(VI) 10-Ni(II) 10 mg-L-10102024-Q=49.98mL-phút-1
928,GGA20-Zn15-Cr10-Ni10,323.64364,5037,280.2,43.443640000000016,U211-H5-VS2-08.10.2024,U211-H5-VS2-GGA20- Zn(II) 15-Cr(VI) 10-Ni(II) 10 mg-L-10102024-Q=49.98mL-phút-1
929,GGA10,340.8,301,296.7,44.10000000000002,U212-H6-VS2-08.10.2024,U212-H6-VS2-GGA10-HH 5mg-L-10102024-Q=50.08mL-phút-5
930,GGA10,338.27027,771,290.30001,47.970259999999996,U212-H6-VS2-08.10.2024,U212-H6-VS2-GGA10-HH 5mg-L-10102024-Q=50.08mL-phút-5
931,GGA10,333.38919,1246,285.29999,48.089200000000005,U212-H6-VS2-08.10.2024,U212-H6-VS2-GGA10-HH 5mg-L-10102024-Q=50.08mL-phút-5
932,GGA10,333.96389,1720,288.19999,45.76389999999998,U212-H6-VS2-08.10.2024,U212-H6-VS2-GGA10-HH 5mg-L-10102024-Q=50.08mL-phút-5
933,GGA10,340.92778,2192,291.59999,49.32778999999999,U212-H6-VS2-08.10.2024,U212-H6-VS2-GGA10-HH 5mg-L-10102024-Q=50.08mL-phút-5
934,GGA10,348.30278,2668,300.39999,47.90278999999998,U212-H6-VS2-08.10.2024,U212-H6-VS2-GGA10-HH 5mg-L-10102024-Q=50.08mL-phút-5
935,GGA10-HH5,361.33334,3141,311.50001,49.833330000000046,U212-H6-VS2-08.10.2024,U212-H6-VS2-GGA10-HH 5mg-L-10102024-Q=50.08mL-phút-5
936,GGA10-HH5,355.97838,3616,314.00001,41.97837000000004,U212-H6-VS2-08.10.2024,U212-H6-VS2-GGA10-HH 5mg-L-10102024-Q=50.08mL-phút-5
937,GGA10-HH5,357.85135,4087,316.00001,41.85134000000005,U212-H6-VS2-08.10.2024,U212-H6-VS2-GGA10-HH 5mg-L-10102024-Q=50.08mL-phút-5
938,GGA10-HH5,346.21111,4560,305.59999,40.61112000000003,U212-H6-VS2-08.10.2024,U212-H6-VS2-GGA10-HH 5mg-L-10102024-Q=50.08mL-phút-5
939,GGA10-HH5,345.41944,5036,306.6,38.819439999999986,U212-H6-VS2-08.10.2024,U212-H6-VS2-GGA10-HH 5mg-L-10102024-Q=50.08mL-phút-5
940,GGA10-HH5,341.75,5508,306.49999,35.250009999999975,U212-H6-VS2-08.10.2024,U212-H6-VS2-GGA10-HH 5mg-L-10102024-Q=50.08mL-phút-5
941,GGA10-HH5,344.625,5985,308.0,36.625,U212-H6-VS2-08.10.2024,U212-H6-VS2-GGA10-HH 5mg-L-10102024-Q=50.08mL-phút-5
942,GGA10-HH5,349.84324,6457,311.69999,38.143249999999966,U212-H6-VS2-08.10.2024,U212-H6-VS2-GGA10-HH 5mg-L-10102024-Q=50.08mL-phút-5
943,GGA10-HH5,339.85,6930,305.09999,34.75001000000003,U212-H6-VS2-08.10.2024,U212-H6-VS2-GGA10-HH 5mg-L-10102024-Q=50.08mL-phút-5
944,GGA10,337.34615,301,299.80001,37.54614000000004,U212-H6-VS2-08.10.2024,U212-H6-VS2-GGA10- Zn(II) 5-Cr(VI) 10-Ni(II) 10mg-L-10102024-Q=50mL-phút-2
945,GGA10,338.26757,776,301.0,37.26756999999998,U212-H6-VS2-08.10.2024,U212-H6-VS2-GGA10- Zn(II) 5-Cr(VI) 10-Ni(II) 10mg-L-10102024-Q=50mL-phút-2
946,GGA10,341.97838,1252,303.40001,38.57837000000001,U212-H6-VS2-08.10.2024,U212-H6-VS2-GGA10- Zn(II) 5-Cr(VI) 10-Ni(II) 10mg-L-10102024-Q=50mL-phút-2
947,GGA10,344.67222,1721,301.7,42.97221999999999,U212-H6-VS2-08.10.2024,U212-H6-VS2-GGA10- Zn(II) 5-Cr(VI) 10-Ni(II) 10mg-L-10102024-Q=50mL-phút-2
948,GGA10,337.74444,2199,295.70001,42.04442999999998,U212-H6-VS2-08.10.2024,U212-H6-VS2-GGA10- Zn(II) 5-Cr(VI) 10-Ni(II) 10mg-L-10102024-Q=50mL-phút-2
949,GGA10,333.34722,2668,292.4,40.947220000000016,U212-H6-VS2-08.10.2024,U212-H6-VS2-GGA10- Zn(II) 5-Cr(VI) 10-Ni(II) 10mg-L-10102024-Q=50mL-phút-2
950,GGA10,335.85555,3147,294.9,40.95555000000002,U212-H6-VS2-08.10.2024,U212-H6-VS2-GGA10- Zn(II) 5-Cr(VI) 10-Ni(II) 10mg-L-10102024-Q=50mL-phút-2
951,GGA10-Zn5-Cr10-Ni10,339.33056,3618,302.70001,36.63054999999997,U212-H6-VS2-08.10.2024,U212-H6-VS2-GGA10- Zn(II) 5-Cr(VI) 10-Ni(II) 10mg-L-10102024-Q=50mL-phút-2
952,GGA10-Zn5-Cr10-Ni10,335.04595,4094,298.20001,36.845939999999985,U212-H6-VS2-08.10.2024,U212-H6-VS2-GGA10- Zn(II) 5-Cr(VI) 10-Ni(II) 10mg-L-10102024-Q=50mL-phút-2
953,GGA10-Zn5-Cr10-Ni10,329.66389,4566,289.40001,40.26387999999997,U212-H6-VS2-08.10.2024,U212-H6-VS2-GGA10- Zn(II) 5-Cr(VI) 10-Ni(II) 10mg-L-10102024-Q=50mL-phút-2
954,GGA10-Zn5-Cr10-Ni10,325.48056,5038,293.1,32.38056,U212-H6-VS2-08.10.2024,U212-H6-VS2-GGA10- Zn(II) 5-Cr(VI) 10-Ni(II) 10mg-L-10102024-Q=50mL-phút-2
955,GGA10-Zn5-Cr10-Ni10,325.60278,5511,292.69999,32.90278999999998,U212-H6-VS2-08.10.2024,U212-H6-VS2-GGA10- Zn(II) 5-Cr(VI) 10-Ni(II) 10mg-L-10102024-Q=50mL-phút-2
956,GGA20,326.91666,301,287.49999,39.416669999999954,U212-H6-VS2-08.10.2024,U212-H6-VS2-GGA20- Zn(II) 5-Cr(VI) 10-Ni(II) 10mg-L-10102024-Q=49.84mL-phút-2
957,GGA20,324.78611,773,286.00001,38.78610000000003,U212-H6-VS2-08.10.2024,U212-H6-VS2-GGA20- Zn(II) 5-Cr(VI) 10-Ni(II) 10mg-L-10102024-Q=49.84mL-phút-2
958,GGA20,321.76486,1247,283.69999,38.064869999999985,U212-H6-VS2-08.10.2024,U212-H6-VS2-GGA20- Zn(II) 5-Cr(VI) 10-Ni(II) 10mg-L-10102024-Q=49.84mL-phút-2
959,GGA20,320.44054,1723,283.10001,37.34053,U212-H6-VS2-08.10.2024,U212-H6-VS2-GGA20- Zn(II) 5-Cr(VI) 10-Ni(II) 10mg-L-10102024-Q=49.84mL-phút-2
960,GGA20,323.51111,2202,285.10001,38.411099999999976,U212-H6-VS2-08.10.2024,U212-H6-VS2-GGA20- Zn(II) 5-Cr(VI) 10-Ni(II) 10mg-L-10102024-Q=49.84mL-phút-2
961,GGA20,320.67297,2674,282.09999,38.57298000000003,U212-H6-VS2-08.10.2024,U212-H6-VS2-GGA20- Zn(II) 5-Cr(VI) 10-Ni(II) 10mg-L-10102024-Q=49.84mL-phút-2
962,GGA20,318.10833,3149,281.8,36.30833000000001,U212-H6-VS2-08.10.2024,U212-H6-VS2-GGA20- Zn(II) 5-Cr(VI) 10-Ni(II) 10mg-L-10102024-Q=49.84mL-phút-2
963,GGA20-Zn5-Cr10-Ni10,318.60833,3626,283.80001,34.80832000000004,U212-H6-VS2-08.10.2024,U212-H6-VS2-GGA20- Zn(II) 5-Cr(VI) 10-Ni(II) 10mg-L-10102024-Q=49.84mL-phút-2
964,GGA20-Zn5-Cr10-Ni10,314.48919,4096,283.10001,31.38918000000001,U212-H6-VS2-08.10.2024,U212-H6-VS2-GGA20- Zn(II) 5-Cr(VI) 10-Ni(II) 10mg-L-10102024-Q=49.84mL-phút-2
965,GGA20-Zn5-Cr10-Ni10,317.88108,4567,284.3,33.581079999999986,U212-H6-VS2-08.10.2024,U212-H6-VS2-GGA20- Zn(II) 5-Cr(VI) 10-Ni(II) 10mg-L-10102024-Q=49.84mL-phút-2
966,GGA20-Zn5-Cr10-Ni10,321.44737,5048,288.6,32.847369999999955,U212-H6-VS2-08.10.2024,U212-H6-VS2-GGA20- Zn(II) 5-Cr(VI) 10-Ni(II) 10mg-L-10102024-Q=49.84mL-phút-2
967,GGA20-Zn5-Cr10-Ni10,322.90278,5514,287.0,35.90278000000001,U212-H6-VS2-08.10.2024,U212-H6-VS2-GGA20- Zn(II) 5-Cr(VI) 10-Ni(II) 10mg-L-10102024-Q=49.84mL-phút-2
968,GGA20-Zn5-Cr10-Ni10,317.57778,5988,284.70001,32.87777,U212-H6-VS2-08.10.2024,U212-H6-VS2-GGA20- Zn(II) 5-Cr(VI) 10-Ni(II) 10mg-L-10102024-Q=49.84mL-phút-2
969,GGA20-Zn5-Cr10-Ni10,313.32222,6463,280.09999,33.222230000000025,U212-H6-VS2-08.10.2024,U212-H6-VS2-GGA20- Zn(II) 5-Cr(VI) 10-Ni(II) 10mg-L-10102024-Q=49.84mL-phút-2
970,GGA20-Zn5-Cr10-Ni10,310.88333,6941,278.80001,32.083320000000015,U212-H6-VS2-08.10.2024,U212-H6-VS2-GGA20- Zn(II) 5-Cr(VI) 10-Ni(II) 10mg-L-10102024-Q=49.84mL-phút-2
971,GGA20-Zn5-Cr10-Ni10,310.31455,7412,277.5,32.81455,U212-H6-VS2-08.10.2024,U212-H6-VS2-GGA20- Zn(II) 5-Cr(VI) 10-Ni(II) 10mg-L-10102024-Q=49.84mL-phút-2
972,GGA10,294.67344,301,222.20001,72.47343000000004,U213-H5-VS2-09.10.2024,U213-H5-VS2-GGA10- Zn(II) 5-Cr(VI) 10-Ni(II) 10mg-L-11102024-Q=50.4mL-phút-3
973,GGA10,295.54032,779,229.7,65.84032000000002,U213-H5-VS2-09.10.2024,U213-H5-VS2-GGA10- Zn(II) 5-Cr(VI) 10-Ni(II) 10mg-L-11102024-Q=50.4mL-phút-3
974,GGA10,297.98549,1250,233.2,64.78549000000004,U213-H5-VS2-09.10.2024,U213-H5-VS2-GGA10- Zn(II) 5-Cr(VI) 10-Ni(II) 10mg-L-11102024-Q=50.4mL-phút-3
975,GGA10,305.41774,1726,235.49999,69.91774999999998,U213-H5-VS2-09.10.2024,U213-H5-VS2-GGA10- Zn(II) 5-Cr(VI) 10-Ni(II) 10mg-L-11102024-Q=50.4mL-phút-3
976,GGA10,315.03226,2198,241.3,73.73226,U213-H5-VS2-09.10.2024,U213-H5-VS2-GGA10- Zn(II) 5-Cr(VI) 10-Ni(II) 10mg-L-11102024-Q=50.4mL-phút-3
977,GGA10,321.92459,2669,249.3,72.62459000000001,U213-H5-VS2-09.10.2024,U213-H5-VS2-GGA10- Zn(II) 5-Cr(VI) 10-Ni(II) 10mg-L-11102024-Q=50.4mL-phút-3
978,GGA10,323.21475,3146,244.8,78.41474999999997,U213-H5-VS2-09.10.2024,U213-H5-VS2-GGA10- Zn(II) 5-Cr(VI) 10-Ni(II) 10mg-L-11102024-Q=50.4mL-phút-3
979,GGA10-Zn5-Cr10-Ni10,334.17869,3618,260.30001,73.87868000000003,U213-H5-VS2-09.10.2024,U213-H5-VS2-GGA10- Zn(II) 5-Cr(VI) 10-Ni(II) 10mg-L-11102024-Q=50.4mL-phút-3
980,GGA10-Zn5-Cr10-Ni10,336.63438,4090,268.5,68.13438000000002,U213-H5-VS2-09.10.2024,U213-H5-VS2-GGA10- Zn(II) 5-Cr(VI) 10-Ni(II) 10mg-L-11102024-Q=50.4mL-phút-3
981,GGA10-Zn5-Cr10-Ni10,337.9836,4565,266.99999,70.98361,U213-H5-VS2-09.10.2024,U213-H5-VS2-GGA10- Zn(II) 5-Cr(VI) 10-Ni(II) 10mg-L-11102024-Q=50.4mL-phút-3
982,GGA10-Zn5-Cr10-Ni10,338.73443,5040,271.4,67.33443,U213-H5-VS2-09.10.2024,U213-H5-VS2-GGA10- Zn(II) 5-Cr(VI) 10-Ni(II) 10mg-L-11102024-Q=50.4mL-phút-3
983,GGA10-Zn5-Cr10-Ni10,340.31639,5510,273.79999,66.51640000000003,U213-H5-VS2-09.10.2024,U213-H5-VS2-GGA10- Zn(II) 5-Cr(VI) 10-Ni(II) 10mg-L-11102024-Q=50.4mL-phút-3
984,GGA10-Zn5-Cr10-Ni10,340.73387,5983,277.3,63.43387000000001,U213-H5-VS2-09.10.2024,U213-H5-VS2-GGA10- Zn(II) 5-Cr(VI) 10-Ni(II) 10mg-L-11102024-Q=50.4mL-phút-3
985,GGA10-Zn5-Cr10-Ni10,340.62581,6457,277.59999,63.02582000000001,U213-H5-VS2-09.10.2024,U213-H5-VS2-GGA10- Zn(II) 5-Cr(VI) 10-Ni(II) 10mg-L-11102024-Q=50.4mL-phút-3
986,GGA10-Zn5-Cr10-Ni10,342.64098,6929,278.9,63.740980000000036,U213-H5-VS2-09.10.2024,U213-H5-VS2-GGA10- Zn(II) 5-Cr(VI) 10-Ni(II) 10mg-L-11102024-Q=50.4mL-phút-3
987,GGA10,321.88387,301,259.29999,62.58388000000002,U213-H5-VS2-09.10.2024,U213-H5-VS2-GGA10- HH 15 mg-L-11102024-Q=50.64mL-phút-2
988,GGA10,319.15322,775,255.80001,63.35320999999999,U213-H5-VS2-09.10.2024,U213-H5-VS2-GGA10- HH 15 mg-L-11102024-Q=50.64mL-phút-2
989,GGA10,317.58226,1246,257.7,59.88226000000003,U213-H5-VS2-09.10.2024,U213-H5-VS2-GGA10- HH 15 mg-L-11102024-Q=50.64mL-phút-2
990,GGA10,314.94516,1721,253.19999,61.74516999999997,U213-H5-VS2-09.10.2024,U213-H5-VS2-GGA10- HH 15 mg-L-11102024-Q=50.64mL-phút-2
991,GGA10,314.32742,2195,248.1,66.22742000000002,U213-H5-VS2-09.10.2024,U213-H5-VS2-GGA10- HH 15 mg-L-11102024-Q=50.64mL-phút-2
992,GGA10,313.73115,2664,244.8,68.93115,U213-H5-VS2-09.10.2024,U213-H5-VS2-GGA10- HH 15 mg-L-11102024-Q=50.64mL-phút-2
993,GGA10-HH15,318.41967,3139,255.60001,62.81966,U213-H5-VS2-09.10.2024,U213-H5-VS2-GGA10- HH 15 mg-L-11102024-Q=50.64mL-phút-2
994,GGA10-HH15,328.95,3614,257.80001,71.14999,U213-H5-VS2-09.10.2024,U213-H5-VS2-GGA10- HH 15 mg-L-11102024-Q=50.64mL-phút-2
995,GGA10-HH15,318.08065,4084,258.89999,59.18065999999999,U213-H5-VS2-09.10.2024,U213-H5-VS2-GGA10- HH 15 mg-L-11102024-Q=50.64mL-phút-2
996,GGA10-HH15,313.20328,4558,254.40001,58.80327,U213-H5-VS2-09.10.2024,U213-H5-VS2-GGA10- HH 15 mg-L-11102024-Q=50.64mL-phút-2
997,GGA20,313.89839,301,247.79999,66.0984,U213-H5-VS2-09.10.2024,U213-H5-VS2-GGA20- HH 15 mg-L-11102024-Q=49.92mL-phút-4
998,GGA20,311.82295,776,246.2,65.62295,U213-H5-VS2-09.10.2024,U213-H5-VS2-GGA20- HH 15 mg-L-11102024-Q=49.92mL-phút-4
999,GGA20,309.95968,1251,246.2,63.75968,U213-H5-VS2-09.10.2024,U213-H5-VS2-GGA20- HH 15 mg-L-11102024-Q=49.92mL-phút-4
1000,GGA20,309.17419,1723,243.8,65.37419,U213-H5-VS2-09.10.2024,U213-H5-VS2-GGA20- HH 15 mg-L-11102024-Q=49.92mL-phút-4
1001,GGA20,312.56667,2195,244.5,68.06666999999999,U213-H5-VS2-09.10.2024,U213-H5-VS2-GGA20- HH 15 mg-L-11102024-Q=49.92mL-phút-4
1002,GGA20,310.98666,2666,243.2,67.78665999999998,U213-H5-VS2-09.10.2024,U213-H5-VS2-GGA20- HH 15 mg-L-11102024-Q=49.92mL-phút-4
1003,GGA20,312.33409,3145,244.8,67.53408999999999,U213-H5-VS2-09.10.2024,U213-H5-VS2-GGA20- HH 15 mg-L-11102024-Q=49.92mL-phút-4
1004,GGA20-HH15,309.93556,3615,248.69999,61.235569999999996,U213-H5-VS2-09.10.2024,U213-H5-VS2-GGA20- HH 15 mg-L-11102024-Q=49.92mL-phút-4
1005,GGA20-HH15,318.37111,4088,257.60001,60.77109999999999,U213-H5-VS2-09.10.2024,U213-H5-VS2-GGA20- HH 15 mg-L-11102024-Q=49.92mL-phút-4
1006,GGA20-HH15,319.01556,4565,259.20001,59.81554999999997,U213-H5-VS2-09.10.2024,U213-H5-VS2-GGA20- HH 15 mg-L-11102024-Q=49.92mL-phút-4
1007,GGA20-HH15,318.50652,5034,259.60001,58.906510000000026,U213-H5-VS2-09.10.2024,U213-H5-VS2-GGA20- HH 15 mg-L-11102024-Q=49.92mL-phút-4
1008,GGA10,330.98421,301,280.29999,50.68422000000004,U214-H6-VS2-09.10.2024,U214-H6-VS2-GGA10- Zn(II) 5-Cr(VI) 10-Ni(II) 10mg-L-11102024-Q=50.3mL-phút-4
1009,GGA10,337.26667,773,285.60001,51.66665999999998,U214-H6-VS2-09.10.2024,U214-H6-VS2-GGA10- Zn(II) 5-Cr(VI) 10-Ni(II) 10mg-L-11102024-Q=50.3mL-phút-4
1010,GGA10,344.88448,1248,289.79999,55.08449000000002,U214-H6-VS2-09.10.2024,U214-H6-VS2-GGA10- Zn(II) 5-Cr(VI) 10-Ni(II) 10mg-L-11102024-Q=50.3mL-phút-4
1011,GGA10,349.32931,1726,294.7,54.62931000000003,U214-H6-VS2-09.10.2024,U214-H6-VS2-GGA10- Zn(II) 5-Cr(VI) 10-Ni(II) 10mg-L-11102024-Q=50.3mL-phút-4
1012,GGA10,351.39824,2196,295.19999,56.19824999999997,U214-H6-VS2-09.10.2024,U214-H6-VS2-GGA10- Zn(II) 5-Cr(VI) 10-Ni(II) 10mg-L-11102024-Q=50.3mL-phút-4
1013,GGA10-Zn5-Cr10-Ni10,357.93509,2670,309.30001,48.635080000000016,U214-H6-VS2-09.10.2024,U214-H6-VS2-GGA10- Zn(II) 5-Cr(VI) 10-Ni(II) 10mg-L-11102024-Q=50.3mL-phút-4
1014,GGA10-Zn5-Cr10-Ni10,355.318,3142,310.20001,45.11798999999996,U214-H6-VS2-09.10.2024,U214-H6-VS2-GGA10- Zn(II) 5-Cr(VI) 10-Ni(II) 10mg-L-11102024-Q=50.3mL-phút-4
1015,GGA10-Zn5-Cr10-Ni10,354.59,3604,311.69999,42.89000999999996,U214-H6-VS2-09.10.2024,U214-H6-VS2-GGA10- Zn(II) 5-Cr(VI) 10-Ni(II) 10mg-L-11102024-Q=50.3mL-phút-4
1016,GGA10-Zn5-Cr10-Ni10,354.28889,4079,315.49999,38.788899999999956,U214-H6-VS2-09.10.2024,U214-H6-VS2-GGA10- Zn(II) 5-Cr(VI) 10-Ni(II) 10mg-L-11102024-Q=50.3mL-phút-4
1017,GGA10-Zn5-Cr10-Ni10,351.72667,4550,315.49999,36.22667999999999,U214-H6-VS2-09.10.2024,U214-H6-VS2-GGA10- Zn(II) 5-Cr(VI) 10-Ni(II) 10mg-L-11102024-Q=50.3mL-phút-4
1018,GGA10-Zn5-Cr10-Ni10,349.725,5027,311.30001,38.42499000000004,U214-H6-VS2-09.10.2024,U214-H6-VS2-GGA10- Zn(II) 5-Cr(VI) 10-Ni(II) 10mg-L-11102024-Q=50.3mL-phút-4
1019,GGA10-Zn5-Cr10-Ni10,347.27174,5502,308.49999,38.77175,U214-H6-VS2-09.10.2024,U214-H6-VS2-GGA10- Zn(II) 5-Cr(VI) 10-Ni(II) 10mg-L-11102024-Q=50.3mL-phút-4
1020,GGA20,306.28889,301,264.60001,41.68887999999998,U214-H6-VS2-09.10.2024,U214-H6-VS2-GGA20- HH15 mg-L-11102024-Q=50.12 mL-phút-5
1021,GGA20,306.59546,774,263.39999,43.19547,U214-H6-VS2-09.10.2024,U214-H6-VS2-GGA20- HH15 mg-L-11102024-Q=50.12 mL-phút-5
1022,GGA20,305.62273,1245,263.39999,42.22273999999999,U214-H6-VS2-09.10.2024,U214-H6-VS2-GGA20- HH15 mg-L-11102024-Q=50.12 mL-phút-5
1023,GGA20,303.98666,1718,262.2,41.78665999999998,U214-H6-VS2-09.10.2024,U214-H6-VS2-GGA20- HH15 mg-L-11102024-Q=50.12 mL-phút-5
1024,GGA20,301.63617,2193,261.5,40.13616999999999,U214-H6-VS2-09.10.2024,U214-H6-VS2-GGA20- HH15 mg-L-11102024-Q=50.12 mL-phút-5
1025,GGA20,303.01333,2662,262.4,40.61333000000002,U214-H6-VS2-09.10.2024,U214-H6-VS2-GGA20- HH15 mg-L-11102024-Q=50.12 mL-phút-5
1026,GGA20,302.06444,3139,261.5,40.56443999999999,U214-H6-VS2-09.10.2024,U214-H6-VS2-GGA20- HH15 mg-L-11102024-Q=50.12 mL-phút-5
1027,GGA20-HH15,303.74545,3611,260.10001,43.64544000000001,U214-H6-VS2-09.10.2024,U214-H6-VS2-GGA20- HH15 mg-L-11102024-Q=50.12 mL-phút-5
1028,GGA20-HH15,299.39778,4086,261.09999,38.29779000000002,U214-H6-VS2-09.10.2024,U214-H6-VS2-GGA20- HH15 mg-L-11102024-Q=50.12 mL-phút-5
1029,GGA20-HH15,307.42045,4563,268.00001,39.42044000000004,U214-H6-VS2-09.10.2024,U214-H6-VS2-GGA20- HH15 mg-L-11102024-Q=50.12 mL-phút-5
1030,GGA20-HH15,305.53636,5033,263.8,41.73635999999999,U214-H6-VS2-09.10.2024,U214-H6-VS2-GGA20- HH15 mg-L-11102024-Q=50.12 mL-phút-5
1031,GGA20-HH15,302.92222,5509,265.50001,37.42221000000001,U214-H6-VS2-09.10.2024,U214-H6-VS2-GGA20- HH15 mg-L-11102024-Q=50.12 mL-phút-5
1032,GGA20-HH15,299.87826,5986,260.30001,39.578250000000025,U214-H6-VS2-09.10.2024,U214-H6-VS2-GGA20- HH15 mg-L-11102024-Q=50.12 mL-phút-5
1033,GGA20-HH15,296.86137,6454,257.29999,39.56138000000004,U214-H6-VS2-09.10.2024,U214-H6-VS2-GGA20- HH15 mg-L-11102024-Q=50.12 mL-phút-5
1034,GGA5,330.525,301,227.9,102.62499999999997,U215-H5-VS2-10.10.2024,"U215-H5-VS2-GGA5- Zn(II) 10-Cr(VI) 10-Ni(II) 15 mg-L-14102024-Q=49,9 mL-phút-1"
1035,GGA5,328.63065,777,222.39999,106.23066,U215-H5-VS2-10.10.2024,"U215-H5-VS2-GGA5- Zn(II) 10-Cr(VI) 10-Ni(II) 15 mg-L-14102024-Q=49,9 mL-phút-1"
1036,GGA5,331.75645,1247,217.80001,113.95643999999999,U215-H5-VS2-10.10.2024,"U215-H5-VS2-GGA5- Zn(II) 10-Cr(VI) 10-Ni(II) 15 mg-L-14102024-Q=49,9 mL-phút-1"
1037,GGA5,333.55323,1721,217.4,116.15322999999998,U215-H5-VS2-10.10.2024,"U215-H5-VS2-GGA5- Zn(II) 10-Cr(VI) 10-Ni(II) 15 mg-L-14102024-Q=49,9 mL-phút-1"
1038,GGA5,324.51129,2200,206.6,117.91128999999998,U215-H5-VS2-10.10.2024,"U215-H5-VS2-GGA5- Zn(II) 10-Cr(VI) 10-Ni(II) 15 mg-L-14102024-Q=49,9 mL-phút-1"
1039,GGA5-Zn10-Cr10-Ni15,332.5871,2679,209.3,123.28710000000001,U215-H5-VS2-10.10.2024,"U215-H5-VS2-GGA5- Zn(II) 10-Cr(VI) 10-Ni(II) 15 mg-L-14102024-Q=49,9 mL-phút-1"
1040,GGA5-Zn10-Cr10-Ni15,333.86066,3153,211.4,122.46065999999999,U215-H5-VS2-10.10.2024,"U215-H5-VS2-GGA5- Zn(II) 10-Cr(VI) 10-Ni(II) 15 mg-L-14102024-Q=49,9 mL-phút-1"
1041,GGA5-Zn10-Cr10-Ni15,334.37377,3625,213.9,120.47376999999997,U215-H5-VS2-10.10.2024,"U215-H5-VS2-GGA5- Zn(II) 10-Cr(VI) 10-Ni(II) 15 mg-L-14102024-Q=49,9 mL-phút-1"
1042,GGA5-Zn10-Cr10-Ni15,332.51935,4098,215.20001,117.31933999999998,U215-H5-VS2-10.10.2024,"U215-H5-VS2-GGA5- Zn(II) 10-Cr(VI) 10-Ni(II) 15 mg-L-14102024-Q=49,9 mL-phút-1"
1043,GGA5-Zn10-Cr10-Ni15,333.59672,4573,211.60001,121.99671000000001,U215-H5-VS2-10.10.2024,"U215-H5-VS2-GGA5- Zn(II) 10-Cr(VI) 10-Ni(II) 15 mg-L-14102024-Q=49,9 mL-phút-1"
1044,GGA5-Zn10-Cr10-Ni15,333.91936,5046,214.5,119.41935999999998,U215-H5-VS2-10.10.2024,"U215-H5-VS2-GGA5- Zn(II) 10-Cr(VI) 10-Ni(II) 15 mg-L-14102024-Q=49,9 mL-phút-1"
1045,GGA5-Zn10-Cr10-Ni15,334.80645,5518,218.5,116.30644999999998,U215-H5-VS2-10.10.2024,"U215-H5-VS2-GGA5- Zn(II) 10-Cr(VI) 10-Ni(II) 15 mg-L-14102024-Q=49,9 mL-phút-1"
1046,GGA5-Zn10-Cr10-Ni15,333.97581,5992,223.4,110.57581000000002,U215-H5-VS2-10.10.2024,"U215-H5-VS2-GGA5- Zn(II) 10-Cr(VI) 10-Ni(II) 15 mg-L-14102024-Q=49,9 mL-phút-1"
1047,GGA5-Zn10-Cr10-Ni15,332.76774,6464,227.1,105.66774000000001,U215-H5-VS2-10.10.2024,"U215-H5-VS2-GGA5- Zn(II) 10-Cr(VI) 10-Ni(II) 15 mg-L-14102024-Q=49,9 mL-phút-1"
1048,GGA5-Zn10-Cr10-Ni15,305.68226,6944,209.8,95.88225999999997,U215-H5-VS2-10.10.2024,"U215-H5-VS2-GGA5- Zn(II) 10-Cr(VI) 10-Ni(II) 15 mg-L-14102024-Q=49,9 mL-phút-1"
1049,GGA5-Zn10-Cr10-Ni15,295.75806,7414,207.1,88.65806,U215-H5-VS2-10.10.2024,"U215-H5-VS2-GGA5- Zn(II) 10-Cr(VI) 10-Ni(II) 15 mg-L-14102024-Q=49,9 mL-phút-1"
1050,GGA10,327.75645,301,223.3,104.45644999999996,U215-H5-VS2-10.10.2024,"U215-H5-VS2-GGA10- Zn(II) 10-Cr(VI) 5-Ni(II) 10mg-L-14102024-Q=50,44mL-phút-1"
1051,GGA10,330.36094,773,222.7,107.66094000000004,U215-H5-VS2-10.10.2024,"U215-H5-VS2-GGA10- Zn(II) 10-Cr(VI) 5-Ni(II) 10mg-L-14102024-Q=50,44mL-phút-1"
1052,GGA10,328.85484,1248,221.6,107.25484000000003,U215-H5-VS2-10.10.2024,"U215-H5-VS2-GGA10- Zn(II) 10-Cr(VI) 5-Ni(II) 10mg-L-14102024-Q=50,44mL-phút-1"
1053,GGA10,320.55902,1721,213.2,107.35901999999999,U215-H5-VS2-10.10.2024,"U215-H5-VS2-GGA10- Zn(II) 10-Cr(VI) 5-Ni(II) 10mg-L-14102024-Q=50,44mL-phút-1"
1054,GGA10,324.36394,2194,221.1,103.26394000000002,U215-H5-VS2-10.10.2024,"U215-H5-VS2-GGA10- Zn(II) 10-Cr(VI) 5-Ni(II) 10mg-L-14102024-Q=50,44mL-phút-1"
1055,GGA10,319.05484,2669,217.5,101.55484000000001,U215-H5-VS2-10.10.2024,"U215-H5-VS2-GGA10- Zn(II) 10-Cr(VI) 5-Ni(II) 10mg-L-14102024-Q=50,44mL-phút-1"
1056,GGA10,311.39344,3139,208.9,102.49343999999999,U215-H5-VS2-10.10.2024,"U215-H5-VS2-GGA10- Zn(II) 10-Cr(VI) 5-Ni(II) 10mg-L-14102024-Q=50,44mL-phút-1"
1057,GGA10-Zn10-Cr5-Ni10,311.58387,3611,209.09999,102.48388,U215-H5-VS2-10.10.2024,"U215-H5-VS2-GGA10- Zn(II) 10-Cr(VI) 5-Ni(II) 10mg-L-14102024-Q=50,44mL-phút-1"
1058,GGA10-Zn10-Cr5-Ni10,309.33387,4085,208.19999,101.13387999999998,U215-H5-VS2-10.10.2024,"U215-H5-VS2-GGA10- Zn(II) 10-Cr(VI) 5-Ni(II) 10mg-L-14102024-Q=50,44mL-phút-1"
1059,GGA10-Zn10-Cr5-Ni10,306.52459,4558,210.4,96.12458999999998,U215-H5-VS2-10.10.2024,"U215-H5-VS2-GGA10- Zn(II) 10-Cr(VI) 5-Ni(II) 10mg-L-14102024-Q=50,44mL-phút-1"
1060,GGA10-Zn10-Cr5-Ni10,305.30806,5031,205.50001,99.80805000000001,U215-H5-VS2-10.10.2024,"U215-H5-VS2-GGA10- Zn(II) 10-Cr(VI) 5-Ni(II) 10mg-L-14102024-Q=50,44mL-phút-1"
1061,GGA10-Zn10-Cr5-Ni10,304.75323,5506,208.29999,96.45323999999997,U215-H5-VS2-10.10.2024,"U215-H5-VS2-GGA10- Zn(II) 10-Cr(VI) 5-Ni(II) 10mg-L-14102024-Q=50,44mL-phút-1"
1062,GGA10-Zn10-Cr5-Ni10,307.4377,5976,208.7,98.73770000000002,U215-H5-VS2-10.10.2024,"U215-H5-VS2-GGA10- Zn(II) 10-Cr(VI) 5-Ni(II) 10mg-L-14102024-Q=50,44mL-phút-1"
1063,GGA10-Zn10-Cr5-Ni10,307.16613,6450,208.5,98.66613000000001,U215-H5-VS2-10.10.2024,"U215-H5-VS2-GGA10- Zn(II) 10-Cr(VI) 5-Ni(II) 10mg-L-14102024-Q=50,44mL-phút-1"
1064,GGA10-Zn10-Cr5-Ni10,306.47705,6923,207.8,98.67705000000001,U215-H5-VS2-10.10.2024,"U215-H5-VS2-GGA10- Zn(II) 10-Cr(VI) 5-Ni(II) 10mg-L-14102024-Q=50,44mL-phút-1"
1065,GGA15,309.51129,301,209.4,100.11128999999997,U215-H5-VS2-10.10.2024,"U215-H5-VS2-GGA15- Zn(II) 15-Cr(VI) 10-Ni(II) 15mg-L-14102024-Q=50,52mL-phút-1"
1066,GGA15,305.37903,775,209.09999,96.27904000000001,U215-H5-VS2-10.10.2024,"U215-H5-VS2-GGA15- Zn(II) 15-Cr(VI) 10-Ni(II) 15mg-L-14102024-Q=50,52mL-phút-1"
1067,GGA15,313.09516,1249,214.8,98.29516000000001,U215-H5-VS2-10.10.2024,"U215-H5-VS2-GGA15- Zn(II) 15-Cr(VI) 10-Ni(II) 15mg-L-14102024-Q=50,52mL-phút-1"
1068,GGA15,319.32031,1724,217.99999,101.32032000000001,U215-H5-VS2-10.10.2024,"U215-H5-VS2-GGA15- Zn(II) 15-Cr(VI) 10-Ni(II) 15mg-L-14102024-Q=50,52mL-phút-1"
1069,GGA15,324.2617,2199,224.80001,99.46169000000003,U215-H5-VS2-10.10.2024,"U215-H5-VS2-GGA15- Zn(II) 15-Cr(VI) 10-Ni(II) 15mg-L-14102024-Q=50,52mL-phút-1"
1070,GGA15,317.83261,2667,217.3,100.53260999999998,U215-H5-VS2-10.10.2024,"U215-H5-VS2-GGA15- Zn(II) 15-Cr(VI) 10-Ni(II) 15mg-L-14102024-Q=50,52mL-phút-1"
1071,GGA15,313.31064,3140,208.4,104.91063999999997,U215-H5-VS2-10.10.2024,"U215-H5-VS2-GGA15- Zn(II) 15-Cr(VI) 10-Ni(II) 15mg-L-14102024-Q=50,52mL-phút-1"
1072,GGA15-Zn15-Cr10-Ni15,320.75319,3615,213.40001,107.35318000000001,U215-H5-VS2-10.10.2024,"U215-H5-VS2-GGA15- Zn(II) 15-Cr(VI) 10-Ni(II) 15mg-L-14102024-Q=50,52mL-phút-1"
1073,GGA15-Zn15-Cr10-Ni15,327.43044,4089,225.79999,101.63044999999997,U215-H5-VS2-10.10.2024,"U215-H5-VS2-GGA15- Zn(II) 15-Cr(VI) 10-Ni(II) 15mg-L-14102024-Q=50,52mL-phút-1"
1074,GGA15-Zn15-Cr10-Ni15,329.7,4560,228.40001,101.29998999999998,U215-H5-VS2-10.10.2024,"U215-H5-VS2-GGA15- Zn(II) 15-Cr(VI) 10-Ni(II) 15mg-L-14102024-Q=50,52mL-phút-1"
1075,GGA15-Zn15-Cr10-Ni15,332.32917,5034,229.1,103.22916999999998,U215-H5-VS2-10.10.2024,"U215-H5-VS2-GGA15- Zn(II) 15-Cr(VI) 10-Ni(II) 15mg-L-14102024-Q=50,52mL-phút-1"
1076,GGA15-Zn15-Cr10-Ni15,334.74681,5508,232.2,102.54681,U215-H5-VS2-10.10.2024,"U215-H5-VS2-GGA15- Zn(II) 15-Cr(VI) 10-Ni(II) 15mg-L-14102024-Q=50,52mL-phút-1"
1077,GGA15-Zn15-Cr10-Ni15,325.3617,5982,230.7,94.6617,U215-H5-VS2-10.10.2024,"U215-H5-VS2-GGA15- Zn(II) 15-Cr(VI) 10-Ni(II) 15mg-L-14102024-Q=50,52mL-phút-1"
1078,GGA15-Zn15-Cr10-Ni15,316.39783,6453,226.1,90.29783,U215-H5-VS2-10.10.2024,"U215-H5-VS2-GGA15- Zn(II) 15-Cr(VI) 10-Ni(II) 15mg-L-14102024-Q=50,52mL-phút-1"
1079,GGA15-Zn15-Cr10-Ni15,310.98478,6928,224.5,86.48478,U215-H5-VS2-10.10.2024,"U215-H5-VS2-GGA15- Zn(II) 15-Cr(VI) 10-Ni(II) 15mg-L-14102024-Q=50,52mL-phút-1"
1080,GGA15-Zn15-Cr10-Ni15,308.58261,7400,219.8,88.78260999999998,U215-H5-VS2-10.10.2024,"U215-H5-VS2-GGA15- Zn(II) 15-Cr(VI) 10-Ni(II) 15mg-L-14102024-Q=50,52mL-phút-1"
1081,GGA15-Zn15-Cr10-Ni15,307.76087,7874,221.2,86.56087000000002,U215-H5-VS2-10.10.2024,"U215-H5-VS2-GGA15- Zn(II) 15-Cr(VI) 10-Ni(II) 15mg-L-14102024-Q=50,52mL-phút-1"
1082,GGA5,352.96769,301,281.19999,71.76769999999999,U216-H6-VS2-10.10.2024,U216-H6-VS2-GGA5- Zn(II) 10-Cr(VI) 10-Ni(II) 15mg-L-14102024-Q=49.88mL-phút-2
1083,GGA5,348.35294,776,284.1,64.25293999999997,U216-H6-VS2-10.10.2024,U216-H6-VS2-GGA5- Zn(II) 10-Cr(VI) 10-Ni(II) 15mg-L-14102024-Q=49.88mL-phút-2
1084,GGA5,354.56154,1247,286.00001,68.56153,U216-H6-VS2-10.10.2024,U216-H6-VS2-GGA5- Zn(II) 10-Cr(VI) 10-Ni(II) 15mg-L-14102024-Q=49.88mL-phút-2
1085,GGA5,355.57424,1720,286.8,68.77423999999996,U216-H6-VS2-10.10.2024,U216-H6-VS2-GGA5- Zn(II) 10-Cr(VI) 10-Ni(II) 15mg-L-14102024-Q=49.88mL-phút-2
1086,GGA5,356.6197,2192,282.00001,74.61969000000005,U216-H6-VS2-10.10.2024,U216-H6-VS2-GGA5- Zn(II) 10-Cr(VI) 10-Ni(II) 15mg-L-14102024-Q=49.88mL-phút-2
1087,GGA5,353.29077,2671,277.00001,76.29076000000003,U216-H6-VS2-10.10.2024,U216-H6-VS2-GGA5- Zn(II) 10-Cr(VI) 10-Ni(II) 15mg-L-14102024-Q=49.88mL-phút-2
1088,GGA5,345.84545,3143,273.09999,72.74546000000004,U216-H6-VS2-10.10.2024,U216-H6-VS2-GGA5- Zn(II) 10-Cr(VI) 10-Ni(II) 15mg-L-14102024-Q=49.88mL-phút-2
1089,GGA5,346.57538,3615,272.19999,74.37538999999998,U216-H6-VS2-10.10.2024,U216-H6-VS2-GGA5- Zn(II) 10-Cr(VI) 10-Ni(II) 15mg-L-14102024-Q=49.88mL-phút-2
1090,GGA5-Zn10-Cr10-Ni15,354.44308,4090,274.30001,80.14307000000002,U216-H6-VS2-10.10.2024,U216-H6-VS2-GGA5- Zn(II) 10-Cr(VI) 10-Ni(II) 15mg-L-14102024-Q=49.88mL-phút-2
1091,GGA5-Zn10-Cr10-Ni15,349.85231,4567,279.3,70.55230999999998,U216-H6-VS2-10.10.2024,U216-H6-VS2-GGA5- Zn(II) 10-Cr(VI) 10-Ni(II) 15mg-L-14102024-Q=49.88mL-phút-2
1092,GGA5-Zn10-Cr10-Ni15,341.30154,5037,276.30001,65.00153,U216-H6-VS2-10.10.2024,U216-H6-VS2-GGA5- Zn(II) 10-Cr(VI) 10-Ni(II) 15mg-L-14102024-Q=49.88mL-phút-2
1093,GGA5-Zn10-Cr10-Ni15,338.46363,5513,275.79999,62.66364000000004,U216-H6-VS2-10.10.2024,U216-H6-VS2-GGA5- Zn(II) 10-Cr(VI) 10-Ni(II) 15mg-L-14102024-Q=49.88mL-phút-2
1094,GGA5-Zn10-Cr10-Ni15,347.54474,5991,287.29999,60.24475000000001,U216-H6-VS2-10.10.2024,U216-H6-VS2-GGA5- Zn(II) 10-Cr(VI) 10-Ni(II) 15mg-L-14102024-Q=49.88mL-phút-2
1095,GGA5-Zn10-Cr10-Ni15,345.34473,6470,282.90001,62.44472000000002,U216-H6-VS2-10.10.2024,U216-H6-VS2-GGA5- Zn(II) 10-Cr(VI) 10-Ni(II) 15mg-L-14102024-Q=49.88mL-phút-2
1096,GGA5-Zn10-Cr10-Ni15,343.44054,6943,283.4,60.04054000000002,U216-H6-VS2-10.10.2024,U216-H6-VS2-GGA5- Zn(II) 10-Cr(VI) 10-Ni(II) 15mg-L-14102024-Q=49.88mL-phút-2
1097,GGA10,350.04054,301,280.40001,69.64053000000001,U216-H6-VS2-10.10.2024,U216-H6-VS2-GGA10- Zn(II) 10-Cr(VI) 5-Ni(II) 10mg-L-14102024-Q=50.42mL-phút-2
1098,GGA10,346.42894,774,281.19999,65.22895,U216-H6-VS2-10.10.2024,U216-H6-VS2-GGA10- Zn(II) 10-Cr(VI) 5-Ni(II) 10mg-L-14102024-Q=50.42mL-phút-2
1099,GGA10,335.46216,1246,270.90001,64.56214999999997,U216-H6-VS2-10.10.2024,U216-H6-VS2-GGA10- Zn(II) 10-Cr(VI) 5-Ni(II) 10mg-L-14102024-Q=50.42mL-phút-2
1100,GGA10,336.88649,1725,271.80001,65.08648,U216-H6-VS2-10.10.2024,U216-H6-VS2-GGA10- Zn(II) 10-Cr(VI) 5-Ni(II) 10mg-L-14102024-Q=50.42mL-phút-2
1101,GGA10,340.71621,2198,275.00001,65.71620000000001,U216-H6-VS2-10.10.2024,U216-H6-VS2-GGA10- Zn(II) 10-Cr(VI) 5-Ni(II) 10mg-L-14102024-Q=50.42mL-phút-2
1102,GGA10,341.52973,2674,273.9,67.62973,U216-H6-VS2-10.10.2024,U216-H6-VS2-GGA10- Zn(II) 10-Cr(VI) 5-Ni(II) 10mg-L-14102024-Q=50.42mL-phút-2
1103,GGA10,340.21842,3144,270.5,69.71841999999998,U216-H6-VS2-10.10.2024,U216-H6-VS2-GGA10- Zn(II) 10-Cr(VI) 5-Ni(II) 10mg-L-14102024-Q=50.42mL-phút-2
1104,GGA10,331.14054,3617,264.80001,66.34053,U216-H6-VS2-10.10.2024,U216-H6-VS2-GGA10- Zn(II) 10-Cr(VI) 5-Ni(II) 10mg-L-14102024-Q=50.42mL-phút-2
1105,GGA10-Zn5-Cr10-Ni10,341.32632,4097,272.8,68.52632,U216-H6-VS2-10.10.2024,U216-H6-VS2-GGA10- Zn(II) 10-Cr(VI) 5-Ni(II) 10mg-L-14102024-Q=50.42mL-phút-2
1106,GGA10-Zn5-Cr10-Ni10,333.01622,4568,269.69999,63.31622999999996,U216-H6-VS2-10.10.2024,U216-H6-VS2-GGA10- Zn(II) 10-Cr(VI) 5-Ni(II) 10mg-L-14102024-Q=50.42mL-phút-2
1107,GGA10-Zn5-Cr10-Ni10,321.55135,5039,262.10001,59.451340000000016,U216-H6-VS2-10.10.2024,U216-H6-VS2-GGA10- Zn(II) 10-Cr(VI) 5-Ni(II) 10mg-L-14102024-Q=50.42mL-phút-2
1108,GGA10-Zn5-Cr10-Ni10,317.81026,5512,259.0,58.81026000000003,U216-H6-VS2-10.10.2024,U216-H6-VS2-GGA10- Zn(II) 10-Cr(VI) 5-Ni(II) 10mg-L-14102024-Q=50.42mL-phút-2
1109,GGA10-Zn5-Cr10-Ni10,315.52162,5986,259.09999,56.42162999999999,U216-H6-VS2-10.10.2024,U216-H6-VS2-GGA10- Zn(II) 10-Cr(VI) 5-Ni(II) 10mg-L-14102024-Q=50.42mL-phút-2
1110,GGA10-Zn5-Cr10-Ni10,312.24717,6460,258.6,53.64716999999996,U216-H6-VS2-10.10.2024,U216-H6-VS2-GGA10- Zn(II) 10-Cr(VI) 5-Ni(II) 10mg-L-14102024-Q=50.42mL-phút-2
1111,GGA10-Zn5-Cr10-Ni10,309.50189,6932,257.29999,52.20190000000002,U216-H6-VS2-10.10.2024,U216-H6-VS2-GGA10- Zn(II) 10-Cr(VI) 5-Ni(II) 10mg-L-14102024-Q=50.42mL-phút-2
1112,GGA10-Zn5-Cr10-Ni10,310.28269,7407,256.39999,53.8827,U216-H6-VS2-10.10.2024,U216-H6-VS2-GGA10- Zn(II) 10-Cr(VI) 5-Ni(II) 10mg-L-14102024-Q=50.42mL-phút-2
1113,GGA15,312.03585,301,253.89999,58.13585999999998,U216-H6-VS2-10.10.2024,U216-H6-VS2-GGA15- Zn(II) 15-Cr(VI) 10-Ni(II) 15mg-L-14102024-Q=50.08mL-phút-2
1114,GGA15,309.47115,776,255.10001,54.371140000000025,U216-H6-VS2-10.10.2024,U216-H6-VS2-GGA15- Zn(II) 15-Cr(VI) 10-Ni(II) 15mg-L-14102024-Q=50.08mL-phút-2
1115,GGA15,307.20727,1248,250.60001,56.60726,U216-H6-VS2-10.10.2024,U216-H6-VS2-GGA15- Zn(II) 15-Cr(VI) 10-Ni(II) 15mg-L-14102024-Q=50.08mL-phút-2
1116,GGA15,304.50769,1721,250.0,54.507690000000025,U216-H6-VS2-10.10.2024,U216-H6-VS2-GGA15- Zn(II) 15-Cr(VI) 10-Ni(II) 15mg-L-14102024-Q=50.08mL-phút-2
1117,GGA15,320.18727,2200,260.50001,59.68726000000004,U216-H6-VS2-10.10.2024,U216-H6-VS2-GGA15- Zn(II) 15-Cr(VI) 10-Ni(II) 15mg-L-14102024-Q=50.08mL-phút-2
1118,GGA15,322.37447,2678,264.99999,57.37447999999995,U216-H6-VS2-10.10.2024,U216-H6-VS2-GGA15- Zn(II) 15-Cr(VI) 10-Ni(II) 15mg-L-14102024-Q=50.08mL-phút-2
1119,GGA15,315.96304,3149,258.1,57.863039999999955,U216-H6-VS2-10.10.2024,U216-H6-VS2-GGA15- Zn(II) 15-Cr(VI) 10-Ni(II) 15mg-L-14102024-Q=50.08mL-phút-2
1120,GGA15-Zn15-Cr10-Ni15,314.6,3620,259.7,54.900000000000034,U216-H6-VS2-10.10.2024,U216-H6-VS2-GGA15- Zn(II) 15-Cr(VI) 10-Ni(II) 15mg-L-14102024-Q=50.08mL-phút-2
1121,GGA15-Zn15-Cr10-Ni15,317.54468,4094,262.49999,55.04469,U216-H6-VS2-10.10.2024,U216-H6-VS2-GGA15- Zn(II) 15-Cr(VI) 10-Ni(II) 15mg-L-14102024-Q=50.08mL-phút-2
1122,GGA15-Zn15-Cr10-Ni15,322.99783,4566,268.3,54.69783000000001,U216-H6-VS2-10.10.2024,U216-H6-VS2-GGA15- Zn(II) 15-Cr(VI) 10-Ni(II) 15mg-L-14102024-Q=50.08mL-phút-2
1123,GGA15-Zn15-Cr10-Ni15,323.12766,5045,276.2,46.92766,U216-H6-VS2-10.10.2024,U216-H6-VS2-GGA15- Zn(II) 15-Cr(VI) 10-Ni(II) 15mg-L-14102024-Q=50.08mL-phút-2
1124,GGA15-Zn15-Cr10-Ni15,325.0,5516,278.29999,46.70001000000002,U216-H6-VS2-10.10.2024,U216-H6-VS2-GGA15- Zn(II) 15-Cr(VI) 10-Ni(II) 15mg-L-14102024-Q=50.08mL-phút-2
1125,GGA15-Zn15-Cr10-Ni15,316.45532,5993,269.10001,47.355309999999974,U216-H6-VS2-10.10.2024,U216-H6-VS2-GGA15- Zn(II) 15-Cr(VI) 10-Ni(II) 15mg-L-14102024-Q=50.08mL-phút-2
1126,GGA15-Zn15-Cr10-Ni15,304.57447,6467,261.79999,42.77448000000004,U216-H6-VS2-10.10.2024,U216-H6-VS2-GGA15- Zn(II) 15-Cr(VI) 10-Ni(II) 15mg-L-14102024-Q=50.08mL-phút-2
1127,GGA15-Zn15-Cr10-Ni15,297.91522,6944,260.6,37.315219999999954,U216-H6-VS2-10.10.2024,U216-H6-VS2-GGA15- Zn(II) 15-Cr(VI) 10-Ni(II) 15mg-L-14102024-Q=50.08mL-phút-2
1128,GGA15-Zn15-Cr10-Ni15,294.71304,7412,257.2,37.51303999999999,U216-H6-VS2-10.10.2024,U216-H6-VS2-GGA15- Zn(II) 15-Cr(VI) 10-Ni(II) 15mg-L-14102024-Q=50.08mL-phút-2
1129,GGA5,297.96418,301,225.70001,72.26417000000001,U217-H5-VS2-11.10.2024,U217-H5-VS2-GGA5- Zn(II) 5-Cr(VI) 5-Ni(II) 10mg-L-15102024-Q=50.58mL-phút-1
1130,GGA5,295.97941,776,221.8,74.17940999999996,U217-H5-VS2-11.10.2024,U217-H5-VS2-GGA5- Zn(II) 5-Cr(VI) 5-Ni(II) 10mg-L-15102024-Q=50.58mL-phút-1
1131,GGA5,294.93571,1248,218.70001,76.23569999999998,U217-H5-VS2-11.10.2024,U217-H5-VS2-GGA5- Zn(II) 5-Cr(VI) 5-Ni(II) 10mg-L-15102024-Q=50.58mL-phút-1
1132,GGA5,294.93433,1720,217.4,77.53432999999998,U217-H5-VS2-11.10.2024,U217-H5-VS2-GGA5- Zn(II) 5-Cr(VI) 5-Ni(II) 10mg-L-15102024-Q=50.58mL-phút-1
1133,GGA5,292.73088,2194,214.9,77.83088000000001,U217-H5-VS2-11.10.2024,U217-H5-VS2-GGA5- Zn(II) 5-Cr(VI) 5-Ni(II) 10mg-L-15102024-Q=50.58mL-phút-1
1134,GGA5,290.56176,2666,208.8,81.76175999999998,U217-H5-VS2-11.10.2024,U217-H5-VS2-GGA5- Zn(II) 5-Cr(VI) 5-Ni(II) 10mg-L-15102024-Q=50.58mL-phút-1
1135,GGA5,290.40746,3139,207.6,82.80746000000002,U217-H5-VS2-11.10.2024,U217-H5-VS2-GGA5- Zn(II) 5-Cr(VI) 5-Ni(II) 10mg-L-15102024-Q=50.58mL-phút-1
1136,GGA5,297.37059,3613,215.10001,82.27058,U217-H5-VS2-11.10.2024,U217-H5-VS2-GGA5- Zn(II) 5-Cr(VI) 5-Ni(II) 10mg-L-15102024-Q=50.58mL-phút-1
1137,GGA5-Zn5-Cr5-Ni10,303.25294,4086,224.80001,78.45293000000004,U217-H5-VS2-11.10.2024,U217-H5-VS2-GGA5- Zn(II) 5-Cr(VI) 5-Ni(II) 10mg-L-15102024-Q=50.58mL-phút-1
1138,GGA5-Zn5-Cr5-Ni10,311.14776,4562,244.20001,66.94775000000001,U217-H5-VS2-11.10.2024,U217-H5-VS2-GGA5- Zn(II) 5-Cr(VI) 5-Ni(II) 10mg-L-15102024-Q=50.58mL-phút-1
1139,GGA5-Zn5-Cr5-Ni10,319.11471,5034,252.5,66.61471,U217-H5-VS2-11.10.2024,U217-H5-VS2-GGA5- Zn(II) 5-Cr(VI) 5-Ni(II) 10mg-L-15102024-Q=50.58mL-phút-1
1140,GGA5-Zn5-Cr5-Ni10,323.27761,5508,257.9,65.37761,U217-H5-VS2-11.10.2024,U217-H5-VS2-GGA5- Zn(II) 5-Cr(VI) 5-Ni(II) 10mg-L-15102024-Q=50.58mL-phút-1
1141,GGA5-Zn5-Cr5-Ni10,326.27353,5981,261.79999,64.47354000000001,U217-H5-VS2-11.10.2024,U217-H5-VS2-GGA5- Zn(II) 5-Cr(VI) 5-Ni(II) 10mg-L-15102024-Q=50.58mL-phút-1
1142,GGA5-Zn5-Cr5-Ni10,328.52836,6456,262.80001,65.72835000000003,U217-H5-VS2-11.10.2024,U217-H5-VS2-GGA5- Zn(II) 5-Cr(VI) 5-Ni(II) 10mg-L-15102024-Q=50.58mL-phút-1
1143,GGA10,323.26418,301,239.3,83.96418,U217-H5-VS2-11.10.2024,U217-H5-VS2-GGA10- Zn(II) 10-Cr(VI) 10-Ni(II) 15mg-L-15102024-Q=50.24mL-phút-1
1144,GGA10,326.99265,775,242.9,84.09265000000002,U217-H5-VS2-11.10.2024,U217-H5-VS2-GGA10- Zn(II) 10-Cr(VI) 10-Ni(II) 15mg-L-15102024-Q=50.24mL-phút-1
1145,GGA10,320.28823,1248,234.50001,85.78822,U217-H5-VS2-11.10.2024,U217-H5-VS2-GGA10- Zn(II) 10-Cr(VI) 10-Ni(II) 15mg-L-15102024-Q=50.24mL-phút-1
1146,GGA10,318.77612,1722,233.2,85.57612,U217-H5-VS2-11.10.2024,U217-H5-VS2-GGA10- Zn(II) 10-Cr(VI) 10-Ni(II) 15mg-L-15102024-Q=50.24mL-phút-1
1147,GGA10,319.15072,2194,229.0,90.15071999999998,U217-H5-VS2-11.10.2024,U217-H5-VS2-GGA10- Zn(II) 10-Cr(VI) 10-Ni(II) 15mg-L-15102024-Q=50.24mL-phút-1
1148,GGA10,323.88209,2668,233.3,90.58209,U217-H5-VS2-11.10.2024,U217-H5-VS2-GGA10- Zn(II) 10-Cr(VI) 10-Ni(II) 15mg-L-15102024-Q=50.24mL-phút-1
1149,GGA10-Zn10-Cr10-Ni15,319.39853,3143,228.7,90.69853,U217-H5-VS2-11.10.2024,U217-H5-VS2-GGA10- Zn(II) 10-Cr(VI) 10-Ni(II) 15mg-L-15102024-Q=50.24mL-phút-1
1150,GGA10-Zn10-Cr10-Ni15,316.57059,3615,232.70001,83.87057999999999,U217-H5-VS2-11.10.2024,U217-H5-VS2-GGA10- Zn(II) 10-Cr(VI) 10-Ni(II) 15mg-L-15102024-Q=50.24mL-phút-1
1151,GGA10-Zn10-Cr10-Ni15,318.86176,4090,240.89999,77.96177,U217-H5-VS2-11.10.2024,U217-H5-VS2-GGA10- Zn(II) 10-Cr(VI) 10-Ni(II) 15mg-L-15102024-Q=50.24mL-phút-1
1152,GGA10-Zn10-Cr10-Ni15,323.83582,4562,246.2,77.63582000000002,U217-H5-VS2-11.10.2024,U217-H5-VS2-GGA10- Zn(II) 10-Cr(VI) 10-Ni(II) 15mg-L-15102024-Q=50.24mL-phút-1
1153,GGA10-Zn10-Cr10-Ni15,329.74117,5036,251.1,78.64117000000002,U217-H5-VS2-11.10.2024,U217-H5-VS2-GGA10- Zn(II) 10-Cr(VI) 10-Ni(II) 15mg-L-15102024-Q=50.24mL-phút-1
1154,GGA10-Zn10-Cr10-Ni15,333.38236,5511,254.5,78.88236,U217-H5-VS2-11.10.2024,U217-H5-VS2-GGA10- Zn(II) 10-Cr(VI) 10-Ni(II) 15mg-L-15102024-Q=50.24mL-phút-1
1155,GGA10-Zn10-Cr10-Ni15,332.83824,5981,256.59999,76.23825,U217-H5-VS2-11.10.2024,U217-H5-VS2-GGA10- Zn(II) 10-Cr(VI) 10-Ni(II) 15mg-L-15102024-Q=50.24mL-phút-1
1156,GGA10-Zn10-Cr10-Ni15,332.32687,6456,254.79999,77.52687999999998,U217-H5-VS2-11.10.2024,U217-H5-VS2-GGA10- Zn(II) 10-Cr(VI) 10-Ni(II) 15mg-L-15102024-Q=50.24mL-phút-1
1157,GGA10-Zn10-Cr10-Ni15,336.66765,6930,261.40001,75.26763999999997,U217-H5-VS2-11.10.2024,U217-H5-VS2-GGA10- Zn(II) 10-Cr(VI) 10-Ni(II) 15mg-L-15102024-Q=50.24mL-phút-1
1158,GGA15,332.73088,301,261.99999,70.73088999999999,U217-H5-VS2-11.10.2024,U217-H5-VS2-GGA15- Zn(II) 15-Cr(VI) 15-Ni(II) 10mg-L-15102024-Q=50.2mL-phút-1
1159,GGA15,339.42794,769,263.50001,75.92793,U217-H5-VS2-11.10.2024,U217-H5-VS2-GGA15- Zn(II) 15-Cr(VI) 15-Ni(II) 10mg-L-15102024-Q=50.2mL-phút-1
1160,GGA15,339.27463,1244,262.49999,76.77463999999998,U217-H5-VS2-11.10.2024,U217-H5-VS2-GGA15- Zn(II) 15-Cr(VI) 15-Ni(II) 10mg-L-15102024-Q=50.2mL-phút-1
1161,GGA15,336.9597,1719,259.09999,77.85971,U217-H5-VS2-11.10.2024,U217-H5-VS2-GGA15- Zn(II) 15-Cr(VI) 15-Ni(II) 10mg-L-15102024-Q=50.2mL-phút-1
1162,GGA15,332.50746,2192,255.2,77.30745999999999,U217-H5-VS2-11.10.2024,U217-H5-VS2-GGA15- Zn(II) 15-Cr(VI) 15-Ni(II) 10mg-L-15102024-Q=50.2mL-phút-1
1163,GGA15,333.20896,2666,256.39999,76.80896999999999,U217-H5-VS2-11.10.2024,U217-H5-VS2-GGA15- Zn(II) 15-Cr(VI) 15-Ni(II) 10mg-L-15102024-Q=50.2mL-phút-1
1164,GGA15,326.41642,3149,249.9,76.51642000000001,U217-H5-VS2-11.10.2024,U217-H5-VS2-GGA15- Zn(II) 15-Cr(VI) 15-Ni(II) 10mg-L-15102024-Q=50.2mL-phút-1
1165,GGA15,331.16618,3622,252.0,79.16618,U217-H5-VS2-11.10.2024,U217-H5-VS2-GGA15- Zn(II) 15-Cr(VI) 15-Ni(II) 10mg-L-15102024-Q=50.2mL-phút-1
1166,GGA15-Zn15-Cr15-Ni10,332.41765,4099,256.3,76.11764999999997,U217-H5-VS2-11.10.2024,U217-H5-VS2-GGA15- Zn(II) 15-Cr(VI) 15-Ni(II) 10mg-L-15102024-Q=50.2mL-phút-1
1167,GGA15-Zn15-Cr15-Ni10,337.34478,4572,261.3,76.04478,U217-H5-VS2-11.10.2024,U217-H5-VS2-GGA15- Zn(II) 15-Cr(VI) 15-Ni(II) 10mg-L-15102024-Q=50.2mL-phút-1
1168,GGA15-Zn15-Cr15-Ni10,332.64412,5045,260.69999,71.94412999999997,U217-H5-VS2-11.10.2024,U217-H5-VS2-GGA15- Zn(II) 15-Cr(VI) 15-Ni(II) 10mg-L-15102024-Q=50.2mL-phút-1
1169,GGA15-Zn15-Cr15-Ni10,338.96471,5517,265.19999,73.76472000000001,U217-H5-VS2-11.10.2024,U217-H5-VS2-GGA15- Zn(II) 15-Cr(VI) 15-Ni(II) 10mg-L-15102024-Q=50.2mL-phút-1
1170,GGA15-Zn15-Cr15-Ni10,336.27612,5987,265.89999,70.37612999999999,U217-H5-VS2-11.10.2024,U217-H5-VS2-GGA15- Zn(II) 15-Cr(VI) 15-Ni(II) 10mg-L-15102024-Q=50.2mL-phút-1
1171,GGA15-Zn15-Cr15-Ni10,328.47015,6466,260.10001,68.37013999999999,U217-H5-VS2-11.10.2024,U217-H5-VS2-GGA15- Zn(II) 15-Cr(VI) 15-Ni(II) 10mg-L-15102024-Q=50.2mL-phút-1
1172,GGA15-Zn15-Cr15-Ni10,331.33971,6936,259.29999,72.03972000000005,U217-H5-VS2-11.10.2024,U217-H5-VS2-GGA15- Zn(II) 15-Cr(VI) 15-Ni(II) 10mg-L-15102024-Q=50.2mL-phút-1
1173,GGA15-Zn15-Cr15-Ni10,320.82857,7409,255.29999,65.52858,U217-H5-VS2-11.10.2024,U217-H5-VS2-GGA15- Zn(II) 15-Cr(VI) 15-Ni(II) 10mg-L-15102024-Q=50.2mL-phút-1
1174,GGA15-Zn15-Cr15-Ni10,317.38529,7882,253.4,63.98528999999999,U217-H5-VS2-11.10.2024,U217-H5-VS2-GGA15- Zn(II) 15-Cr(VI) 15-Ni(II) 10mg-L-15102024-Q=50.2mL-phút-1
1175,GGA15-Zn15-Cr15-Ni10,311.68382,8361,247.70001,63.983810000000034,U217-H5-VS2-11.10.2024,U217-H5-VS2-GGA15- Zn(II) 15-Cr(VI) 15-Ni(II) 10mg-L-15102024-Q=50.2mL-phút-1
1176,GGA10,321.99259,301,260.19999,61.79259999999999,U218-H6-VS2-11.10.2024,U218-H6-VS2-GGA10- Zn(II) 5-Cr(VI) 5-Ni(II) 10mg-L-15102024-Q=50.42mL-phút-1
1177,GGA10,320.48302,775,255.0,65.48302000000001,U218-H6-VS2-11.10.2024,U218-H6-VS2-GGA10- Zn(II) 5-Cr(VI) 5-Ni(II) 10mg-L-15102024-Q=50.42mL-phút-1
1178,GGA10,322.07963,1249,254.40001,67.67962,U218-H6-VS2-11.10.2024,U218-H6-VS2-GGA10- Zn(II) 5-Cr(VI) 5-Ni(II) 10mg-L-15102024-Q=50.42mL-phút-1
1179,GGA10,320.3537,1722,255.0,65.3537,U218-H6-VS2-11.10.2024,U218-H6-VS2-GGA10- Zn(II) 5-Cr(VI) 5-Ni(II) 10mg-L-15102024-Q=50.42mL-phút-1
1180,GGA10,320.01887,2193,252.09999,67.91888,U218-H6-VS2-11.10.2024,U218-H6-VS2-GGA10- Zn(II) 5-Cr(VI) 5-Ni(II) 10mg-L-15102024-Q=50.42mL-phút-1
1181,GGA10,326.85854,2667,259.60001,67.25853000000001,U218-H6-VS2-11.10.2024,U218-H6-VS2-GGA10- Zn(II) 5-Cr(VI) 5-Ni(II) 10mg-L-15102024-Q=50.42mL-phút-1
1182,GGA10-Zn5-Cr5-Ni10,339.33846,3141,273.09999,66.23847,U218-H6-VS2-11.10.2024,U218-H6-VS2-GGA10- Zn(II) 5-Cr(VI) 5-Ni(II) 10mg-L-15102024-Q=50.42mL-phút-1
1183,GGA10-Zn5-Cr5-Ni10,346.6,3615,289.79999,56.80001000000004,U218-H6-VS2-11.10.2024,U218-H6-VS2-GGA10- Zn(II) 5-Cr(VI) 5-Ni(II) 10mg-L-15102024-Q=50.42mL-phút-1
1184,GGA10-Zn5-Cr5-Ni10,349.96923,4087,295.39999,54.56923999999998,U218-H6-VS2-11.10.2024,U218-H6-VS2-GGA10- Zn(II) 5-Cr(VI) 5-Ni(II) 10mg-L-15102024-Q=50.42mL-phút-1
1185,GGA10-Zn5-Cr5-Ni10,351.56667,4561,300.39999,51.166679999999985,U218-H6-VS2-11.10.2024,U218-H6-VS2-GGA10- Zn(II) 5-Cr(VI) 5-Ni(II) 10mg-L-15102024-Q=50.42mL-phút-1
1186,GGA10-Zn5-Cr5-Ni10,356.40769,5035,306.10001,50.307680000000005,U218-H6-VS2-11.10.2024,U218-H6-VS2-GGA10- Zn(II) 5-Cr(VI) 5-Ni(II) 10mg-L-15102024-Q=50.42mL-phút-1
1187,GGA10-Zn5-Cr5-Ni10,355.61795,5510,305.09999,50.517960000000016,U218-H6-VS2-11.10.2024,U218-H6-VS2-GGA10- Zn(II) 5-Cr(VI) 5-Ni(II) 10mg-L-15102024-Q=50.42mL-phút-1
1188,GGA10,346.59636,301,283.49999,63.09636999999998,U218-H6-VS2-11.10.2024,U218-H6-VS2-GGA10- Zn(II) 10-Cr(VI) 10-Ni(II) 15mg-L-15102024-Q=50.04mL-phút-2
1189,GGA10,350.47547,773,280.49999,69.97547999999995,U218-H6-VS2-11.10.2024,U218-H6-VS2-GGA10- Zn(II) 10-Cr(VI) 10-Ni(II) 15mg-L-15102024-Q=50.04mL-phút-2
1190,GGA10,342.89615,1245,276.6,66.29614999999995,U218-H6-VS2-11.10.2024,U218-H6-VS2-GGA10- Zn(II) 10-Cr(VI) 10-Ni(II) 15mg-L-15102024-Q=50.04mL-phút-2
1191,GGA10,339.31132,1715,272.39999,66.91133000000002,U218-H6-VS2-11.10.2024,U218-H6-VS2-GGA10- Zn(II) 10-Cr(VI) 10-Ni(II) 15mg-L-15102024-Q=50.04mL-phút-2
1192,GGA10,342.39057,2190,278.29999,64.09058000000005,U218-H6-VS2-11.10.2024,U218-H6-VS2-GGA10- Zn(II) 10-Cr(VI) 10-Ni(II) 15mg-L-15102024-Q=50.04mL-phút-2
1193,GGA10,345.72264,2665,278.4,67.32264000000004,U218-H6-VS2-11.10.2024,U218-H6-VS2-GGA10- Zn(II) 10-Cr(VI) 10-Ni(II) 15mg-L-15102024-Q=50.04mL-phút-2
1194,GGA10-Zn10-Cr10-Ni15,345.02727,3140,280.49999,64.52727999999996,U218-H6-VS2-11.10.2024,U218-H6-VS2-GGA10- Zn(II) 10-Cr(VI) 10-Ni(II) 15mg-L-15102024-Q=50.04mL-phút-2
1195,GGA10-Zn10-Cr10-Ni15,338.8434,3612,273.0,65.84339999999997,U218-H6-VS2-11.10.2024,U218-H6-VS2-GGA10- Zn(II) 10-Cr(VI) 10-Ni(II) 15mg-L-15102024-Q=50.04mL-phút-2
1196,GGA10-Zn10-Cr10-Ni15,340.01887,4085,284.3,55.71886999999998,U218-H6-VS2-11.10.2024,U218-H6-VS2-GGA10- Zn(II) 10-Cr(VI) 10-Ni(II) 15mg-L-15102024-Q=50.04mL-phút-2
1197,GGA10-Zn10-Cr10-Ni15,342.19057,4561,289.40001,52.79055999999997,U218-H6-VS2-11.10.2024,U218-H6-VS2-GGA10- Zn(II) 10-Cr(VI) 10-Ni(II) 15mg-L-15102024-Q=50.04mL-phút-2
1198,GGA10-Zn10-Cr10-Ni15,346.83962,5037,289.9,56.93962000000005,U218-H6-VS2-11.10.2024,U218-H6-VS2-GGA10- Zn(II) 10-Cr(VI) 10-Ni(II) 15mg-L-15102024-Q=50.04mL-phút-2
1199,GGA10-Zn10-Cr10-Ni15,346.88868,5508,288.8,58.08868000000001,U218-H6-VS2-11.10.2024,U218-H6-VS2-GGA10- Zn(II) 10-Cr(VI) 10-Ni(II) 15mg-L-15102024-Q=50.04mL-phút-2
1200,GGA10-Zn10-Cr10-Ni15,342.30727,5982,288.19999,54.10728,U218-H6-VS2-11.10.2024,U218-H6-VS2-GGA10- Zn(II) 10-Cr(VI) 10-Ni(II) 15mg-L-15102024-Q=50.04mL-phút-2
1201,GGA10-Zn10-Cr10-Ni15,341.98983,6452,291.1,50.88982999999996,U218-H6-VS2-11.10.2024,U218-H6-VS2-GGA10- Zn(II) 10-Cr(VI) 10-Ni(II) 15mg-L-15102024-Q=50.04mL-phút-2
1202,GGA10-Zn10-Cr10-Ni15,343.1339,6927,295.6,47.53389999999996,U218-H6-VS2-11.10.2024,U218-H6-VS2-GGA10- Zn(II) 10-Cr(VI) 10-Ni(II) 15mg-L-15102024-Q=50.04mL-phút-2
1203,GGA15,333.79831,301,283.10001,50.69830000000002,U218-H6-VS2-11.10.2024,U218-H6-VS2-GGA15- Zn(II) 15-Cr(VI) 15-Ni(II) 10mg-L-15102024-Q=50.15mL-phút-2
1204,GGA15,333.97797,774,283.6,50.377970000000005,U218-H6-VS2-11.10.2024,U218-H6-VS2-GGA15- Zn(II) 15-Cr(VI) 15-Ni(II) 10mg-L-15102024-Q=50.15mL-phút-2
1205,GGA15,333.61695,1249,282.40001,51.216939999999965,U218-H6-VS2-11.10.2024,U218-H6-VS2-GGA15- Zn(II) 15-Cr(VI) 15-Ni(II) 10mg-L-15102024-Q=50.15mL-phút-2
1206,GGA15,329.86271,1721,279.00001,50.86270000000002,U218-H6-VS2-11.10.2024,U218-H6-VS2-GGA15- Zn(II) 15-Cr(VI) 15-Ni(II) 10mg-L-15102024-Q=50.15mL-phút-2
1207,GGA15,334.93051,2198,283.69999,51.23052000000001,U218-H6-VS2-11.10.2024,U218-H6-VS2-GGA15- Zn(II) 15-Cr(VI) 15-Ni(II) 10mg-L-15102024-Q=50.15mL-phút-2
1208,GGA15-Zn15-Cr15-Ni10,331.79831,2669,281.50001,50.29830000000004,U218-H6-VS2-11.10.2024,U218-H6-VS2-GGA15- Zn(II) 15-Cr(VI) 15-Ni(II) 10mg-L-15102024-Q=50.15mL-phút-2
1209,GGA15-Zn15-Cr15-Ni10,333.27705,3148,283.4,49.87705,U218-H6-VS2-11.10.2024,U218-H6-VS2-GGA15- Zn(II) 15-Cr(VI) 15-Ni(II) 10mg-L-15102024-Q=50.15mL-phút-2
1210,GGA15-Zn15-Cr15-Ni10,326.63559,3616,282.3,44.33558999999997,U218-H6-VS2-11.10.2024,U218-H6-VS2-GGA15- Zn(II) 15-Cr(VI) 15-Ni(II) 10mg-L-15102024-Q=50.15mL-phút-2
1211,GGA15-Zn15-Cr15-Ni10,330.45424,4090,284.59999,45.854250000000036,U218-H6-VS2-11.10.2024,U218-H6-VS2-GGA15- Zn(II) 15-Cr(VI) 15-Ni(II) 10mg-L-15102024-Q=50.15mL-phút-2
1212,GGA15-Zn15-Cr15-Ni10,324.56949,4560,281.19999,43.36949999999996,U218-H6-VS2-11.10.2024,U218-H6-VS2-GGA15- Zn(II) 15-Cr(VI) 15-Ni(II) 10mg-L-15102024-Q=50.15mL-phút-2
1213,GGA15-Zn15-Cr15-Ni10,321.37166,5035,278.10001,43.27165000000002,U218-H6-VS2-11.10.2024,U218-H6-VS2-GGA15- Zn(II) 15-Cr(VI) 15-Ni(II) 10mg-L-15102024-Q=50.15mL-phút-2
1214,GGA15-Zn15-Cr15-Ni10,319.56441,5507,275.09999,44.46442000000002,U218-H6-VS2-11.10.2024,U218-H6-VS2-GGA15- Zn(II) 15-Cr(VI) 15-Ni(II) 10mg-L-15102024-Q=50.15mL-phút-2
1215,GGA15-Zn15-Cr15-Ni10,309.96066,5982,269.80001,40.16065000000003,U218-H6-VS2-11.10.2024,U218-H6-VS2-GGA15- Zn(II) 15-Cr(VI) 15-Ni(II) 10mg-L-15102024-Q=50.15mL-phút-2
1216,GGA15-Zn15-Cr15-Ni10,305.51017,6453,266.9,38.61017000000004,U218-H6-VS2-11.10.2024,U218-H6-VS2-GGA15- Zn(II) 15-Cr(VI) 15-Ni(II) 10mg-L-15102024-Q=50.15mL-phút-2
1217,GGA15-Zn15-Cr15-Ni10,301.40339,6926,261.90001,39.50337999999999,U218-H6-VS2-11.10.2024,U218-H6-VS2-GGA15- Zn(II) 15-Cr(VI) 15-Ni(II) 10mg-L-15102024-Q=50.15mL-phút-2
1218,GGA15-Zn15-Cr15-Ni10,297.75254,7402,260.89999,36.85255000000001,U218-H6-VS2-11.10.2024,U218-H6-VS2-GGA15- Zn(II) 15-Cr(VI) 15-Ni(II) 10mg-L-15102024-Q=50.15mL-phút-2
1219,GGA5,307.88983,301,238.7,69.18983000000003,U219-H5-VS2-14.10.2024,U219-H5-VS2-GGA5- Zn(II) 5-Cr(VI) 5-Ni(II) 10mg-L-16102024-Q=50.5mL-phút-2
1220,GGA5,313.76949,775,242.40001,71.36948000000001,U219-H5-VS2-14.10.2024,U219-H5-VS2-GGA5- Zn(II) 5-Cr(VI) 5-Ni(II) 10mg-L-16102024-Q=50.5mL-phút-2
1221,GGA5,318.26949,1250,243.2,75.06949000000003,U219-H5-VS2-14.10.2024,U219-H5-VS2-GGA5- Zn(II) 5-Cr(VI) 5-Ni(II) 10mg-L-16102024-Q=50.5mL-phút-2
1222,GGA5,321.04915,1722,246.4,74.64914999999999,U219-H5-VS2-14.10.2024,U219-H5-VS2-GGA5- Zn(II) 5-Cr(VI) 5-Ni(II) 10mg-L-16102024-Q=50.5mL-phút-2
1223,GGA5,321.59661,2195,247.70001,73.8966,U219-H5-VS2-14.10.2024,U219-H5-VS2-GGA5- Zn(II) 5-Cr(VI) 5-Ni(II) 10mg-L-16102024-Q=50.5mL-phút-2
1224,GGA5-Zn5-Cr5-Ni10,329.21356,2667,261.40001,67.81354999999996,U219-H5-VS2-14.10.2024,U219-H5-VS2-GGA5- Zn(II) 5-Cr(VI) 5-Ni(II) 10mg-L-16102024-Q=50.5mL-phút-2
1225,GGA5-Zn5-Cr5-Ni10,329.54918,3140,269.69999,59.849189999999965,U219-H5-VS2-14.10.2024,U219-H5-VS2-GGA5- Zn(II) 5-Cr(VI) 5-Ni(II) 10mg-L-16102024-Q=50.5mL-phút-2
1226,GGA5-Zn5-Cr5-Ni10,331.52242,3613,274.10001,57.42241000000001,U219-H5-VS2-14.10.2024,U219-H5-VS2-GGA5- Zn(II) 5-Cr(VI) 5-Ni(II) 10mg-L-16102024-Q=50.5mL-phút-2
1227,GGA5-Zn5-Cr5-Ni10,324.44746,4085,266.7,57.74745999999999,U219-H5-VS2-14.10.2024,U219-H5-VS2-GGA5- Zn(II) 5-Cr(VI) 5-Ni(II) 10mg-L-16102024-Q=50.5mL-phút-2
1228,GGA5-Zn5-Cr5-Ni10,318.50678,4562,266.20001,52.30676999999997,U219-H5-VS2-14.10.2024,U219-H5-VS2-GGA5- Zn(II) 5-Cr(VI) 5-Ni(II) 10mg-L-16102024-Q=50.5mL-phút-2
1229,GGA5-Zn5-Cr5-Ni10,311.91896,5034,260.19999,51.71897000000001,U219-H5-VS2-14.10.2024,U219-H5-VS2-GGA5- Zn(II) 5-Cr(VI) 5-Ni(II) 10mg-L-16102024-Q=50.5mL-phút-2
1230,GGA5-Zn5-Cr5-Ni10,309.22034,5508,259.09999,50.12035000000003,U219-H5-VS2-14.10.2024,U219-H5-VS2-GGA5- Zn(II) 5-Cr(VI) 5-Ni(II) 10mg-L-16102024-Q=50.5mL-phút-2
1231,GGA5-Zn5-Cr5-Ni10,314.65085,5981,261.20001,53.45083999999997,U219-H5-VS2-14.10.2024,U219-H5-VS2-GGA5- Zn(II) 5-Cr(VI) 5-Ni(II) 10mg-L-16102024-Q=50.5mL-phút-2
1232,GGA15,322.27931,301,260.89999,61.37932000000001,U219-H5-VS2-14.10.2024,U219-H5-VS2-GGA15- Zn(II) 10-Cr(VI) 10-Ni(II) 15mg-L-16102024-Q=50.72mL-phút-1
1233,GGA15,312.68448,777,250.7,61.98448000000002,U219-H5-VS2-14.10.2024,U219-H5-VS2-GGA15- Zn(II) 10-Cr(VI) 10-Ni(II) 15mg-L-16102024-Q=50.72mL-phút-1
1234,GGA15,308.87627,1248,242.2,66.67626999999999,U219-H5-VS2-14.10.2024,U219-H5-VS2-GGA15- Zn(II) 10-Cr(VI) 10-Ni(II) 15mg-L-16102024-Q=50.72mL-phút-1
1235,GGA15,307.50848,1721,248.3,59.20848000000001,U219-H5-VS2-14.10.2024,U219-H5-VS2-GGA15- Zn(II) 10-Cr(VI) 10-Ni(II) 15mg-L-16102024-Q=50.72mL-phút-1
1236,GGA15,318.6661,2200,254.59999,64.06610999999998,U219-H5-VS2-14.10.2024,U219-H5-VS2-GGA15- Zn(II) 10-Cr(VI) 10-Ni(II) 15mg-L-16102024-Q=50.72mL-phút-1
1237,GGA15,320.09322,2675,254.09999,65.99322999999998,U219-H5-VS2-14.10.2024,U219-H5-VS2-GGA15- Zn(II) 10-Cr(VI) 10-Ni(II) 15mg-L-16102024-Q=50.72mL-phút-1
1238,GGA15,310.58983,3149,251.30001,59.28982000000002,U219-H5-VS2-14.10.2024,U219-H5-VS2-GGA15- Zn(II) 10-Cr(VI) 10-Ni(II) 15mg-L-16102024-Q=50.72mL-phút-1
1239,GGA15-Zn10-Cr10-Ni15,307.79661,3621,251.50001,56.296599999999984,U219-H5-VS2-14.10.2024,U219-H5-VS2-GGA15- Zn(II) 10-Cr(VI) 10-Ni(II) 15mg-L-16102024-Q=50.72mL-phút-1
1240,GGA15-Zn10-Cr10-Ni15,305.76379,4095,252.5,53.26378999999997,U219-H5-VS2-14.10.2024,U219-H5-VS2-GGA15- Zn(II) 10-Cr(VI) 10-Ni(II) 15mg-L-16102024-Q=50.72mL-phút-1
1241,GGA15-Zn10-Cr10-Ni15,311.30509,4568,261.20001,50.10507999999999,U219-H5-VS2-14.10.2024,U219-H5-VS2-GGA15- Zn(II) 10-Cr(VI) 10-Ni(II) 15mg-L-16102024-Q=50.72mL-phút-1
1242,GGA15-Zn10-Cr10-Ni15,315.72951,5042,262.69999,53.02951999999999,U219-H5-VS2-14.10.2024,U219-H5-VS2-GGA15- Zn(II) 10-Cr(VI) 10-Ni(II) 15mg-L-16102024-Q=50.72mL-phút-1
1243,GGA15-Zn10-Cr10-Ni15,320.23621,5517,268.00001,52.23620000000005,U219-H5-VS2-14.10.2024,U219-H5-VS2-GGA15- Zn(II) 10-Cr(VI) 10-Ni(II) 15mg-L-16102024-Q=50.72mL-phút-1
1244,GGA15-Zn10-Cr10-Ni15,319.76207,5988,268.59999,51.16208,U219-H5-VS2-14.10.2024,U219-H5-VS2-GGA15- Zn(II) 10-Cr(VI) 10-Ni(II) 15mg-L-16102024-Q=50.72mL-phút-1
1245,GGA15-Zn10-Cr10-Ni15,311.32034,6464,264.40001,46.92032999999998,U219-H5-VS2-14.10.2024,U219-H5-VS2-GGA15- Zn(II) 10-Cr(VI) 10-Ni(II) 15mg-L-16102024-Q=50.72mL-phút-1
1246,GGA15-Zn10-Cr10-Ni15,306.21207,6937,259.9,46.312070000000006,U219-H5-VS2-14.10.2024,U219-H5-VS2-GGA15- Zn(II) 10-Cr(VI) 10-Ni(II) 15mg-L-16102024-Q=50.72mL-phút-1
1247,GGA20,314.42373,301,263.1,51.323729999999955,U219-H5-VS2-14.10.2024,U219-H5-VS2-GGA20- Zn(II) 15-Cr(VI) 10-Ni(II) 15mg-L-16102024-Q=50.28mL-phút-1
1248,GGA20,320.41379,777,266.5,53.913790000000006,U219-H5-VS2-14.10.2024,U219-H5-VS2-GGA20- Zn(II) 15-Cr(VI) 10-Ni(II) 15mg-L-16102024-Q=50.28mL-phút-1
1249,GGA20,321.30678,1245,272.3,49.00677999999999,U219-H5-VS2-14.10.2024,U219-H5-VS2-GGA20- Zn(II) 15-Cr(VI) 10-Ni(II) 15mg-L-16102024-Q=50.28mL-phút-1
1250,GGA20,320.24918,1719,265.30001,54.94917000000004,U219-H5-VS2-14.10.2024,U219-H5-VS2-GGA20- Zn(II) 15-Cr(VI) 10-Ni(II) 15mg-L-16102024-Q=50.28mL-phút-1
1251,GGA20,312.14407,2194,259.9,52.24407000000002,U219-H5-VS2-14.10.2024,U219-H5-VS2-GGA20- Zn(II) 15-Cr(VI) 10-Ni(II) 15mg-L-16102024-Q=50.28mL-phút-1
1252,GGA20,303.63559,2668,250.9,52.73558999999997,U219-H5-VS2-14.10.2024,U219-H5-VS2-GGA20- Zn(II) 15-Cr(VI) 10-Ni(II) 15mg-L-16102024-Q=50.28mL-phút-1
1253,GGA20,308.37966,3141,258.50001,49.87965000000003,U219-H5-VS2-14.10.2024,U219-H5-VS2-GGA20- Zn(II) 15-Cr(VI) 10-Ni(II) 15mg-L-16102024-Q=50.28mL-phút-1
1254,GGA20-Zn15-Cr10-Ni15,317.31695,3614,261.09999,56.21696000000003,U219-H5-VS2-14.10.2024,U219-H5-VS2-GGA20- Zn(II) 15-Cr(VI) 10-Ni(II) 15mg-L-16102024-Q=50.28mL-phút-1
1255,GGA20-Zn15-Cr10-Ni15,313.34237,4089,264.09999,49.242380000000026,U219-H5-VS2-14.10.2024,U219-H5-VS2-GGA20- Zn(II) 15-Cr(VI) 10-Ni(II) 15mg-L-16102024-Q=50.28mL-phút-1
1256,GGA20-Zn15-Cr10-Ni15,309.5431,4560,264.09999,45.44310999999999,U219-H5-VS2-14.10.2024,U219-H5-VS2-GGA20- Zn(II) 15-Cr(VI) 10-Ni(II) 15mg-L-16102024-Q=50.28mL-phút-1
1257,GGA20-Zn15-Cr10-Ni15,308.66393,5034,261.90001,46.763919999999985,U219-H5-VS2-14.10.2024,U219-H5-VS2-GGA20- Zn(II) 15-Cr(VI) 10-Ni(II) 15mg-L-16102024-Q=50.28mL-phút-1
1258,GGA20-Zn15-Cr10-Ni15,310.27288,5513,263.8,46.472879999999975,U219-H5-VS2-14.10.2024,U219-H5-VS2-GGA20- Zn(II) 15-Cr(VI) 10-Ni(II) 15mg-L-16102024-Q=50.28mL-phút-1
1259,GGA20,372.94861,301,312.99999,59.94861999999995,U220-H6-VS2-14.10.2024,U220-H6-VS2-GGA20- Zn(II) 5-Cr(VI) 5-Ni(II) 10mg-L-16102024-Q=50.3mL-phút-1
1260,GGA20,366.67917,774,305.90001,60.77915999999999,U220-H6-VS2-14.10.2024,U220-H6-VS2-GGA20- Zn(II) 5-Cr(VI) 5-Ni(II) 10mg-L-16102024-Q=50.3mL-phút-1
1261,GGA20,360.15833,1245,301.99999,58.15833999999995,U220-H6-VS2-14.10.2024,U220-H6-VS2-GGA20- Zn(II) 5-Cr(VI) 5-Ni(II) 10mg-L-16102024-Q=50.3mL-phút-1
1262,GGA20,361.92222,1722,302.39999,59.52222999999998,U220-H6-VS2-14.10.2024,U220-H6-VS2-GGA20- Zn(II) 5-Cr(VI) 5-Ni(II) 10mg-L-16102024-Q=50.3mL-phút-1
1263,GGA20,363.29578,2193,300.1,63.19577999999996,U220-H6-VS2-14.10.2024,U220-H6-VS2-GGA20- Zn(II) 5-Cr(VI) 5-Ni(II) 10mg-L-16102024-Q=50.3mL-phút-1
1264,GGA20,365.68889,2666,304.30001,61.38888000000003,U220-H6-VS2-14.10.2024,U220-H6-VS2-GGA20- Zn(II) 5-Cr(VI) 5-Ni(II) 10mg-L-16102024-Q=50.3mL-phút-1
1265,GGA20-Zn5-Cr5-Ni10,366.875,3142,314.00001,52.874990000000025,U220-H6-VS2-14.10.2024,U220-H6-VS2-GGA20- Zn(II) 5-Cr(VI) 5-Ni(II) 10mg-L-16102024-Q=50.3mL-phút-1
1266,GGA20-Zn5-Cr5-Ni10,359.94723,3617,314.39999,45.54723999999999,U220-H6-VS2-14.10.2024,U220-H6-VS2-GGA20- Zn(II) 5-Cr(VI) 5-Ni(II) 10mg-L-16102024-Q=50.3mL-phút-1
1267,GGA20-Zn5-Cr5-Ni10,347.89014,4089,308.49999,39.39014999999995,U220-H6-VS2-14.10.2024,U220-H6-VS2-GGA20- Zn(II) 5-Cr(VI) 5-Ni(II) 10mg-L-16102024-Q=50.3mL-phút-1
1268,GGA20-Zn5-Cr5-Ni10,343.34444,4560,304.69999,38.644450000000006,U220-H6-VS2-14.10.2024,U220-H6-VS2-GGA20- Zn(II) 5-Cr(VI) 5-Ni(II) 10mg-L-16102024-Q=50.3mL-phút-1
1269,GGA20-Zn5-Cr5-Ni10,346.79028,5039,309.50001,37.29027000000002,U220-H6-VS2-14.10.2024,U220-H6-VS2-GGA20- Zn(II) 5-Cr(VI) 5-Ni(II) 10mg-L-16102024-Q=50.3mL-phút-1
1270,GGA20-Zn5-Cr5-Ni10,346.55211,5512,308.29999,38.25212000000005,U220-H6-VS2-14.10.2024,U220-H6-VS2-GGA20- Zn(II) 5-Cr(VI) 5-Ni(II) 10mg-L-16102024-Q=50.3mL-phút-1
1271,GGA20,338.46806,301,301.80001,36.668049999999994,U220-H6-VS2-14.10.2024,U220-H6-VS2-GGA20- Zn(II) 15-Cr(VI) 10-Ni(II) 15mg-L-16102024-Q=50.32mL-phút-2
1272,GGA20,357.2,780,315.60001,41.59998999999999,U220-H6-VS2-14.10.2024,U220-H6-VS2-GGA20- Zn(II) 15-Cr(VI) 10-Ni(II) 15mg-L-16102024-Q=50.32mL-phút-2
1273,GGA20,358.07778,1252,317.5,40.57778000000002,U220-H6-VS2-14.10.2024,U220-H6-VS2-GGA20- Zn(II) 15-Cr(VI) 10-Ni(II) 15mg-L-16102024-Q=50.32mL-phút-2
1274,GGA20,357.07778,1729,317.5,39.57778000000002,U220-H6-VS2-14.10.2024,U220-H6-VS2-GGA20- Zn(II) 15-Cr(VI) 10-Ni(II) 15mg-L-16102024-Q=50.32mL-phút-2
1275,GGA20,353.88194,2201,314.39999,39.48194999999998,U220-H6-VS2-14.10.2024,U220-H6-VS2-GGA20- Zn(II) 15-Cr(VI) 10-Ni(II) 15mg-L-16102024-Q=50.32mL-phút-2
1276,GGA20,347.07703,2672,311.10001,35.97701999999998,U220-H6-VS2-14.10.2024,U220-H6-VS2-GGA20- Zn(II) 15-Cr(VI) 10-Ni(II) 15mg-L-16102024-Q=50.32mL-phút-2
1277,GGA20,342.65833,3147,304.89999,37.758339999999976,U220-H6-VS2-14.10.2024,U220-H6-VS2-GGA20- Zn(II) 15-Cr(VI) 10-Ni(II) 15mg-L-16102024-Q=50.32mL-phút-2
1278,GGA20-Zn15-Cr10-Ni15,355.92222,3621,311.19999,44.72222999999997,U220-H6-VS2-14.10.2024,U220-H6-VS2-GGA20- Zn(II) 15-Cr(VI) 10-Ni(II) 15mg-L-16102024-Q=50.32mL-phút-2
1279,GGA20-Zn15-Cr10-Ni15,355.14583,4094,315.9,39.24583000000001,U220-H6-VS2-14.10.2024,U220-H6-VS2-GGA20- Zn(II) 15-Cr(VI) 10-Ni(II) 15mg-L-16102024-Q=50.32mL-phút-2
1280,GGA20-Zn15-Cr10-Ni15,356.98889,4568,319.79999,37.18890000000005,U220-H6-VS2-14.10.2024,U220-H6-VS2-GGA20- Zn(II) 15-Cr(VI) 10-Ni(II) 15mg-L-16102024-Q=50.32mL-phút-2
1281,GGA20-Zn15-Cr10-Ni15,335.57465,5047,304.8,30.77465000000001,U220-H6-VS2-14.10.2024,U220-H6-VS2-GGA20- Zn(II) 15-Cr(VI) 10-Ni(II) 15mg-L-16102024-Q=50.32mL-phút-2
1282,GGA20-Zn15-Cr10-Ni15,338.68169,5523,306.69999,31.98169999999999,U220-H6-VS2-14.10.2024,U220-H6-VS2-GGA20- Zn(II) 15-Cr(VI) 10-Ni(II) 15mg-L-16102024-Q=50.32mL-phút-2
1283,GGA20-Zn15-Cr10-Ni15,340.45,5996,307.5,32.94999999999999,U220-H6-VS2-14.10.2024,U220-H6-VS2-GGA20- Zn(II) 15-Cr(VI) 10-Ni(II) 15mg-L-16102024-Q=50.32mL-phút-2
1284,GGA20-Zn15-Cr10-Ni15,335.71805,6466,303.0,32.718050000000005,U220-H6-VS2-14.10.2024,U220-H6-VS2-GGA20- Zn(II) 15-Cr(VI) 10-Ni(II) 15mg-L-16102024-Q=50.32mL-phút-2
1285,GGA5,293.70448,301,231.7,62.00448,U221-H5-VS2-15.10.2024,U221-H5-VS2-GGA5- Zn(II) 5-Cr(VI) 10-Ni(II) 5mg-L-17102024-Q=50.36mL-phút-1
1286,GGA5,301.9087,775,239.4,62.508700000000005,U221-H5-VS2-15.10.2024,U221-H5-VS2-GGA5- Zn(II) 5-Cr(VI) 10-Ni(II) 5mg-L-17102024-Q=50.36mL-phút-1
1287,GGA5,312.08636,1250,244.8,67.28636,U221-H5-VS2-15.10.2024,U221-H5-VS2-GGA5- Zn(II) 5-Cr(VI) 10-Ni(II) 5mg-L-17102024-Q=50.36mL-phút-1
1288,GGA5,318.5806,1721,247.89999,70.68061,U221-H5-VS2-15.10.2024,U221-H5-VS2-GGA5- Zn(II) 5-Cr(VI) 10-Ni(II) 5mg-L-17102024-Q=50.36mL-phút-1
1289,GGA5,320.32388,2197,249.9,70.42387999999997,U221-H5-VS2-15.10.2024,U221-H5-VS2-GGA5- Zn(II) 5-Cr(VI) 10-Ni(II) 5mg-L-17102024-Q=50.36mL-phút-1
1290,GGA5,325.7403,2669,250.9,74.84029999999998,U221-H5-VS2-15.10.2024,U221-H5-VS2-GGA5- Zn(II) 5-Cr(VI) 10-Ni(II) 5mg-L-17102024-Q=50.36mL-phút-1
1291,GGA5,327.89697,3144,250.60001,77.29696000000001,U221-H5-VS2-15.10.2024,U221-H5-VS2-GGA5- Zn(II) 5-Cr(VI) 10-Ni(II) 5mg-L-17102024-Q=50.36mL-phút-1
1292,GGA5-Zn5-Cr10-Ni5,334.44925,3615,244.20001,90.24924000000001,U221-H5-VS2-15.10.2024,U221-H5-VS2-GGA5- Zn(II) 5-Cr(VI) 10-Ni(II) 5mg-L-17102024-Q=50.36mL-phút-1
1293,GGA5-Zn5-Cr10-Ni5,336.54545,4090,270.59999,65.94546000000003,U221-H5-VS2-15.10.2024,U221-H5-VS2-GGA5- Zn(II) 5-Cr(VI) 10-Ni(II) 5mg-L-17102024-Q=50.36mL-phút-1
1294,GGA5-Zn5-Cr10-Ni5,334.47353,4563,279.8,54.67352999999997,U221-H5-VS2-15.10.2024,U221-H5-VS2-GGA5- Zn(II) 5-Cr(VI) 10-Ni(II) 5mg-L-17102024-Q=50.36mL-phút-1
1295,GGA5-Zn5-Cr10-Ni5,328.50895,5037,277.5,51.00895000000003,U221-H5-VS2-15.10.2024,U221-H5-VS2-GGA5- Zn(II) 5-Cr(VI) 10-Ni(II) 5mg-L-17102024-Q=50.36mL-phút-1
1296,GGA5-Zn5-Cr10-Ni5,321.50746,5510,272.50001,49.007450000000006,U221-H5-VS2-15.10.2024,U221-H5-VS2-GGA5- Zn(II) 5-Cr(VI) 10-Ni(II) 5mg-L-17102024-Q=50.36mL-phút-1
1297,GGA5-Zn5-Cr10-Ni5,328.90151,5985,285.0,43.90150999999997,U221-H5-VS2-15.10.2024,U221-H5-VS2-GGA5- Zn(II) 5-Cr(VI) 10-Ni(II) 5mg-L-17102024-Q=50.36mL-phút-1
1298,GGA5-Zn5-Cr10-Ni5,336.78788,6464,288.8,47.98787999999996,U221-H5-VS2-15.10.2024,U221-H5-VS2-GGA5- Zn(II) 5-Cr(VI) 10-Ni(II) 5mg-L-17102024-Q=50.36mL-phút-1
1299,GGA10,327.48333,301,262.89999,64.58334000000002,U221-H5-VS2-15.10.2024,U221-H5-VS2-GGA10- Zn(II) 10-Cr(VI) 10-Ni(II) 5mg-L-17102024-Q=50.32mL-phút-1
1300,GGA10,319.62089,776,257.7,61.920889999999986,U221-H5-VS2-15.10.2024,U221-H5-VS2-GGA10- Zn(II) 10-Cr(VI) 10-Ni(II) 5mg-L-17102024-Q=50.32mL-phút-1
1301,GGA10,318.40448,1249,255.4,63.00447999999997,U221-H5-VS2-15.10.2024,U221-H5-VS2-GGA10- Zn(II) 10-Cr(VI) 10-Ni(II) 5mg-L-17102024-Q=50.32mL-phút-1
1302,GGA10,317.52239,1721,253.4,64.12238999999997,U221-H5-VS2-15.10.2024,U221-H5-VS2-GGA10- Zn(II) 10-Cr(VI) 10-Ni(II) 5mg-L-17102024-Q=50.32mL-phút-1
1303,GGA10,317.12576,2195,253.6,63.52576000000002,U221-H5-VS2-15.10.2024,U221-H5-VS2-GGA10- Zn(II) 10-Cr(VI) 10-Ni(II) 5mg-L-17102024-Q=50.32mL-phút-1
1304,GGA10,317.39394,2668,253.8,63.593939999999975,U221-H5-VS2-15.10.2024,U221-H5-VS2-GGA10- Zn(II) 10-Cr(VI) 10-Ni(II) 5mg-L-17102024-Q=50.32mL-phút-1
1305,GGA10-Zn10-Cr10-Ni5,316.61912,3145,264.09999,52.51913000000002,U221-H5-VS2-15.10.2024,U221-H5-VS2-GGA10- Zn(II) 10-Cr(VI) 10-Ni(II) 5mg-L-17102024-Q=50.32mL-phút-1
1306,GGA10-Zn10-Cr10-Ni5,324.22424,3616,274.30001,49.92423000000002,U221-H5-VS2-15.10.2024,U221-H5-VS2-GGA10- Zn(II) 10-Cr(VI) 10-Ni(II) 5mg-L-17102024-Q=50.32mL-phút-1
1307,GGA10-Zn10-Cr10-Ni5,332.3,4089,282.90001,49.39999,U221-H5-VS2-15.10.2024,U221-H5-VS2-GGA10- Zn(II) 10-Cr(VI) 10-Ni(II) 5mg-L-17102024-Q=50.32mL-phút-1
1308,GGA10-Zn10-Cr10-Ni5,326.83636,4562,276.89999,49.93637000000001,U221-H5-VS2-15.10.2024,U221-H5-VS2-GGA10- Zn(II) 10-Cr(VI) 10-Ni(II) 5mg-L-17102024-Q=50.32mL-phút-1
1309,GGA10-Zn10-Cr10-Ni5,324.85909,5035,278.49999,46.359099999999955,U221-H5-VS2-15.10.2024,U221-H5-VS2-GGA10- Zn(II) 10-Cr(VI) 10-Ni(II) 5mg-L-17102024-Q=50.32mL-phút-1
1310,GGA10-Zn10-Cr10-Ni5,321.65373,5510,273.79999,47.853740000000016,U221-H5-VS2-15.10.2024,U221-H5-VS2-GGA10- Zn(II) 10-Cr(VI) 10-Ni(II) 5mg-L-17102024-Q=50.32mL-phút-1
1311,GGA10-Zn10-Cr10-Ni5,319.06364,5985,274.19999,44.86365000000001,U221-H5-VS2-15.10.2024,U221-H5-VS2-GGA10- Zn(II) 10-Cr(VI) 10-Ni(II) 5mg-L-17102024-Q=50.32mL-phút-1
1312,GGA10-Zn10-Cr10-Ni5,316.89697,6455,272.70001,44.19695999999999,U221-H5-VS2-15.10.2024,U221-H5-VS2-GGA10- Zn(II) 10-Cr(VI) 10-Ni(II) 5mg-L-17102024-Q=50.32mL-phút-1
1313,GGA20,324.74507,301,273.40001,51.34505999999999,U221-H5-VS2-15.10.2024,U221-H5-VS2-GGA20- Zn(II) 15-Cr(VI) 15-Ni(II) 10mg-L-17102024-Q=50.84mL-phút-1
1314,GGA20,326.2375,772,276.2,50.03750000000002,U221-H5-VS2-15.10.2024,U221-H5-VS2-GGA20- Zn(II) 15-Cr(VI) 15-Ni(II) 10mg-L-17102024-Q=50.84mL-phút-1
1315,GGA20,325.51528,1241,273.09999,52.41529000000003,U221-H5-VS2-15.10.2024,U221-H5-VS2-GGA20- Zn(II) 15-Cr(VI) 15-Ni(II) 10mg-L-17102024-Q=50.84mL-phút-1
1316,GGA20,322.38195,1716,272.6,49.781949999999995,U221-H5-VS2-15.10.2024,U221-H5-VS2-GGA20- Zn(II) 15-Cr(VI) 15-Ni(II) 10mg-L-17102024-Q=50.84mL-phút-1
1317,GGA20,320.60417,2192,270.70001,49.90415999999999,U221-H5-VS2-15.10.2024,U221-H5-VS2-GGA20- Zn(II) 15-Cr(VI) 15-Ni(II) 10mg-L-17102024-Q=50.84mL-phút-1
1318,GGA20,319.42778,2664,268.00001,51.42777000000001,U221-H5-VS2-15.10.2024,U221-H5-VS2-GGA20- Zn(II) 15-Cr(VI) 15-Ni(II) 10mg-L-17102024-Q=50.84mL-phút-1
1319,GGA20,320.11667,3137,266.99999,53.116679999999974,U221-H5-VS2-15.10.2024,U221-H5-VS2-GGA20- Zn(II) 15-Cr(VI) 15-Ni(II) 10mg-L-17102024-Q=50.84mL-phút-1
1320,GGA20,319.10405,3609,263.50001,55.60404,U221-H5-VS2-15.10.2024,U221-H5-VS2-GGA20- Zn(II) 15-Cr(VI) 15-Ni(II) 10mg-L-17102024-Q=50.84mL-phút-1
1321,GGA20-Zn15-Cr15-Ni10,318.20417,4086,270.00001,48.20416,U221-H5-VS2-15.10.2024,U221-H5-VS2-GGA20- Zn(II) 15-Cr(VI) 15-Ni(II) 10mg-L-17102024-Q=50.84mL-phút-1
1322,GGA20-Zn15-Cr15-Ni10,317.42361,4558,273.5,43.92361,U221-H5-VS2-15.10.2024,U221-H5-VS2-GGA20- Zn(II) 15-Cr(VI) 15-Ni(II) 10mg-L-17102024-Q=50.84mL-phút-1
1323,GGA20-Zn15-Cr15-Ni10,318.4625,5032,272.3,46.162499999999966,U221-H5-VS2-15.10.2024,U221-H5-VS2-GGA20- Zn(II) 15-Cr(VI) 15-Ni(II) 10mg-L-17102024-Q=50.84mL-phút-1
1324,GGA20-Zn15-Cr15-Ni10,319.27639,5509,276.30001,42.976380000000006,U221-H5-VS2-15.10.2024,U221-H5-VS2-GGA20- Zn(II) 15-Cr(VI) 15-Ni(II) 10mg-L-17102024-Q=50.84mL-phút-1
1325,GGA20-Zn15-Cr15-Ni10,319.22817,5978,275.59999,43.628179999999986,U221-H5-VS2-15.10.2024,U221-H5-VS2-GGA20- Zn(II) 15-Cr(VI) 15-Ni(II) 10mg-L-17102024-Q=50.84mL-phút-1
1326,GGA20-Zn15-Cr15-Ni10,318.26667,6451,276.6,41.666669999999954,U221-H5-VS2-15.10.2024,U221-H5-VS2-GGA20- Zn(II) 15-Cr(VI) 15-Ni(II) 10mg-L-17102024-Q=50.84mL-phút-1
1327,GGA20-Zn15-Cr15-Ni10,311.33784,6930,270.90001,40.43783000000002,U221-H5-VS2-15.10.2024,U221-H5-VS2-GGA20- Zn(II) 15-Cr(VI) 15-Ni(II) 10mg-L-17102024-Q=50.84mL-phút-1
1328,GGA15,323.82258,301,270.20001,53.622569999999996,U222-H6-VS2-15.10.2024,U222-H6-VS2-GGA15- Zn(II) 5-Cr(VI) 10-Ni(II) 5mg-L-17102024-Q=50.61mL-phút-1
1329,GGA15,335.03667,776,279.59999,55.436680000000024,U222-H6-VS2-15.10.2024,U222-H6-VS2-GGA15- Zn(II) 5-Cr(VI) 10-Ni(II) 5mg-L-17102024-Q=50.61mL-phút-1
1330,GGA15,344.16333,1249,286.19999,57.96333999999996,U222-H6-VS2-15.10.2024,U222-H6-VS2-GGA15- Zn(II) 5-Cr(VI) 10-Ni(II) 5mg-L-17102024-Q=50.61mL-phút-1
1331,GGA15,350.33333,1723,289.60001,60.73331999999999,U222-H6-VS2-15.10.2024,U222-H6-VS2-GGA15- Zn(II) 5-Cr(VI) 10-Ni(II) 5mg-L-17102024-Q=50.61mL-phút-1
1332,GGA15,352.01864,2200,292.0,60.018640000000005,U222-H6-VS2-15.10.2024,U222-H6-VS2-GGA15- Zn(II) 5-Cr(VI) 10-Ni(II) 5mg-L-17102024-Q=50.61mL-phút-1
1333,GGA15,354.84333,2674,291.5,63.34332999999998,U222-H6-VS2-15.10.2024,U222-H6-VS2-GGA15- Zn(II) 5-Cr(VI) 10-Ni(II) 5mg-L-17102024-Q=50.61mL-phút-1
1334,GGA15,354.65424,3146,296.29999,58.354250000000036,U222-H6-VS2-15.10.2024,U222-H6-VS2-GGA15- Zn(II) 5-Cr(VI) 10-Ni(II) 5mg-L-17102024-Q=50.61mL-phút-1
1335,GGA15-Zn5-Cr10-Ni5,358.17,3619,306.80001,51.36999000000003,U222-H6-VS2-15.10.2024,U222-H6-VS2-GGA15- Zn(II) 5-Cr(VI) 10-Ni(II) 5mg-L-17102024-Q=50.61mL-phút-1
1336,GGA15-Zn5-Cr10-Ni5,358.51017,4089,312.99999,45.51017999999999,U222-H6-VS2-15.10.2024,U222-H6-VS2-GGA15- Zn(II) 5-Cr(VI) 10-Ni(II) 5mg-L-17102024-Q=50.61mL-phút-1
1337,GGA15-Zn5-Cr10-Ni5,351.90847,4563,308.9,43.008470000000045,U222-H6-VS2-15.10.2024,U222-H6-VS2-GGA15- Zn(II) 5-Cr(VI) 10-Ni(II) 5mg-L-17102024-Q=50.61mL-phút-1
1338,GGA15-Zn5-Cr10-Ni5,344.95763,5038,307.20001,37.757619999999974,U222-H6-VS2-15.10.2024,U222-H6-VS2-GGA15- Zn(II) 5-Cr(VI) 10-Ni(II) 5mg-L-17102024-Q=50.61mL-phút-1
1339,GGA15-Zn5-Cr10-Ni5,336.92034,5512,304.10001,32.82033000000001,U222-H6-VS2-15.10.2024,U222-H6-VS2-GGA15- Zn(II) 5-Cr(VI) 10-Ni(II) 5mg-L-17102024-Q=50.61mL-phút-1
1340,GGA15-Zn5-Cr10-Ni5,341.49167,5985,305.09999,36.39168000000001,U222-H6-VS2-15.10.2024,U222-H6-VS2-GGA15- Zn(II) 5-Cr(VI) 10-Ni(II) 5mg-L-17102024-Q=50.61mL-phút-1
1341,GGA15-Zn5-Cr10-Ni5,343.42712,6458,309.1,34.32711999999998,U222-H6-VS2-15.10.2024,U222-H6-VS2-GGA15- Zn(II) 5-Cr(VI) 10-Ni(II) 5mg-L-17102024-Q=50.61mL-phút-1
1342,GGA15-Zn5-Cr10-Ni5,343.8983,6935,308.9,34.99830000000003,U222-H6-VS2-15.10.2024,U222-H6-VS2-GGA15- Zn(II) 5-Cr(VI) 10-Ni(II) 5mg-L-17102024-Q=50.61mL-phút-1
1343,GGA20,335.59661,301,294.0,41.59661,U222-H6-VS2-15.10.2024,U222-H6-VS2-GGA20- Zn(II) 10-Cr(VI) 10-Ni(II) 5mg-L-17102024-Q=50.26mL-phút-1
1344,GGA20,329.63729,776,288.30001,41.33728000000002,U222-H6-VS2-15.10.2024,U222-H6-VS2-GGA20- Zn(II) 10-Cr(VI) 10-Ni(II) 5mg-L-17102024-Q=50.26mL-phút-1
1345,GGA20,326.2459,1250,285.10001,41.14589000000001,U222-H6-VS2-15.10.2024,U222-H6-VS2-GGA20- Zn(II) 10-Cr(VI) 10-Ni(II) 5mg-L-17102024-Q=50.26mL-phút-1
1346,GGA20,324.17167,1720,282.99999,41.17167999999998,U222-H6-VS2-15.10.2024,U222-H6-VS2-GGA20- Zn(II) 10-Cr(VI) 10-Ni(II) 5mg-L-17102024-Q=50.26mL-phút-1
1347,GGA20,324.4,2199,280.49999,43.90000999999995,U222-H6-VS2-15.10.2024,U222-H6-VS2-GGA20- Zn(II) 10-Cr(VI) 10-Ni(II) 5mg-L-17102024-Q=50.26mL-phút-1
1348,GGA20-Zn10-Cr10-Ni5,328.81865,2678,286.19999,42.61865999999998,U222-H6-VS2-15.10.2024,U222-H6-VS2-GGA20- Zn(II) 10-Cr(VI) 10-Ni(II) 5mg-L-17102024-Q=50.26mL-phút-1
1349,GGA20-Zn10-Cr10-Ni5,334.16833,3145,296.60001,37.56832000000003,U222-H6-VS2-15.10.2024,U222-H6-VS2-GGA20- Zn(II) 10-Cr(VI) 10-Ni(II) 5mg-L-17102024-Q=50.26mL-phút-1
1350,GGA20-Zn10-Cr10-Ni5,327.4,3617,292.10001,35.29998999999998,U222-H6-VS2-15.10.2024,U222-H6-VS2-GGA20- Zn(II) 10-Cr(VI) 10-Ni(II) 5mg-L-17102024-Q=50.26mL-phút-1
1351,GGA20-Zn10-Cr10-Ni5,313.60508,4096,282.59999,31.005089999999996,U222-H6-VS2-15.10.2024,U222-H6-VS2-GGA20- Zn(II) 10-Cr(VI) 10-Ni(II) 5mg-L-17102024-Q=50.26mL-phút-1
1352,GGA20-Zn10-Cr10-Ni5,311.65593,4572,278.80001,32.855920000000026,U222-H6-VS2-15.10.2024,U222-H6-VS2-GGA20- Zn(II) 10-Cr(VI) 10-Ni(II) 5mg-L-17102024-Q=50.26mL-phút-1
1353,GGA20,309.69839,301,280.49999,29.198399999999992,U222-H6-VS2-15.10.2024,U222-H6-VS2-GGA20- Zn(II) 15-Cr(VI) 15-Ni(II) 10mg-L-17102024-Q=50.36mL-phút-2
1354,GGA20,318.23,775,286.59999,31.630010000000027,U222-H6-VS2-15.10.2024,U222-H6-VS2-GGA20- Zn(II) 15-Cr(VI) 15-Ni(II) 10mg-L-17102024-Q=50.36mL-phút-2
1355,GGA20,316.91834,1250,285.0,31.91834,U222-H6-VS2-15.10.2024,U222-H6-VS2-GGA20- Zn(II) 15-Cr(VI) 15-Ni(II) 10mg-L-17102024-Q=50.36mL-phút-2
1356,GGA20,314.73898,1723,283.69999,31.038990000000013,U222-H6-VS2-15.10.2024,U222-H6-VS2-GGA20- Zn(II) 15-Cr(VI) 15-Ni(II) 10mg-L-17102024-Q=50.36mL-phút-2
1357,GGA20,313.41695,2197,284.00001,29.41694000000001,U222-H6-VS2-15.10.2024,U222-H6-VS2-GGA20- Zn(II) 15-Cr(VI) 15-Ni(II) 10mg-L-17102024-Q=50.36mL-phút-2
1358,GGA20,311.415,2673,280.7,30.715000000000032,U222-H6-VS2-15.10.2024,U222-H6-VS2-GGA20- Zn(II) 15-Cr(VI) 15-Ni(II) 10mg-L-17102024-Q=50.36mL-phút-2
1359,GGA20,310.61017,3143,278.9,31.710170000000005,U222-H6-VS2-15.10.2024,U222-H6-VS2-GGA20- Zn(II) 15-Cr(VI) 15-Ni(II) 10mg-L-17102024-Q=50.36mL-phút-2
1360,GGA20,310.66229,3615,278.0,32.662289999999985,U222-H6-VS2-15.10.2024,U222-H6-VS2-GGA20- Zn(II) 15-Cr(VI) 15-Ni(II) 10mg-L-17102024-Q=50.36mL-phút-2
1361,GGA20-Zn15-Cr15-Ni10,314.93167,4090,279.19999,35.73167999999998,U222-H6-VS2-15.10.2024,U222-H6-VS2-GGA20- Zn(II) 15-Cr(VI) 15-Ni(II) 10mg-L-17102024-Q=50.36mL-phút-2
1362,GGA20-Zn15-Cr15-Ni10,309.55254,4563,280.2,29.352540000000033,U222-H6-VS2-15.10.2024,U222-H6-VS2-GGA20- Zn(II) 15-Cr(VI) 15-Ni(II) 10mg-L-17102024-Q=50.36mL-phút-2
1363,GGA20-Zn15-Cr15-Ni10,307.14833,5037,277.39999,29.748339999999985,U222-H6-VS2-15.10.2024,U222-H6-VS2-GGA20- Zn(II) 15-Cr(VI) 15-Ni(II) 10mg-L-17102024-Q=50.36mL-phút-2
1364,GGA20-Zn15-Cr15-Ni10,305.24576,5509,278.2,27.04576000000003,U222-H6-VS2-15.10.2024,U222-H6-VS2-GGA20- Zn(II) 15-Cr(VI) 15-Ni(II) 10mg-L-17102024-Q=50.36mL-phút-2
1365,GGA20-Zn15-Cr15-Ni10,305.5,5984,275.40001,30.09998999999999,U222-H6-VS2-15.10.2024,U222-H6-VS2-GGA20- Zn(II) 15-Cr(VI) 15-Ni(II) 10mg-L-17102024-Q=50.36mL-phút-2
1366,GGA20-Zn15-Cr15-Ni10,297.00339,6462,267.6,29.40339,U222-H6-VS2-15.10.2024,U222-H6-VS2-GGA20- Zn(II) 15-Cr(VI) 15-Ni(II) 10mg-L-17102024-Q=50.36mL-phút-2
1367,GGA20-Zn15-Cr15-Ni10,301.06949,6929,274.10001,26.969479999999976,U222-H6-VS2-15.10.2024,U222-H6-VS2-GGA20- Zn(II) 15-Cr(VI) 15-Ni(II) 10mg-L-17102024-Q=50.36mL-phút-2
1368,GGA20-Zn15-Cr15-Ni10,292.97796,7408,265.6,27.377959999999973,U222-H6-VS2-15.10.2024,U222-H6-VS2-GGA20- Zn(II) 15-Cr(VI) 15-Ni(II) 10mg-L-17102024-Q=50.36mL-phút-2
1369,GGA20-Zn15-Cr15-Ni10,294.92131,7883,268.59999,26.321320000000014,U222-H6-VS2-15.10.2024,U222-H6-VS2-GGA20- Zn(II) 15-Cr(VI) 15-Ni(II) 10mg-L-17102024-Q=50.36mL-phút-2
1370,GGA10,294.36123,301,238.4,55.96122999999997,U223-H5-VS2-16.10.2024,U223-H5-VS2-GGA10- Zn(II) 5-Cr(VI) 10-Ni(II) 5mg-L-21102024-Q=50.1mL-phút-1
1371,GGA10,292.92978,774,235.7,57.229780000000005,U223-H5-VS2-16.10.2024,U223-H5-VS2-GGA10- Zn(II) 5-Cr(VI) 10-Ni(II) 5mg-L-21102024-Q=50.1mL-phút-1
1372,GGA10,290.49792,1253,233.79999,56.697930000000014,U223-H5-VS2-16.10.2024,U223-H5-VS2-GGA10- Zn(II) 5-Cr(VI) 10-Ni(II) 5mg-L-21102024-Q=50.1mL-phút-1
1373,GGA10,289.57659,1726,233.0,56.57659000000001,U223-H5-VS2-16.10.2024,U223-H5-VS2-GGA10- Zn(II) 5-Cr(VI) 10-Ni(II) 5mg-L-21102024-Q=50.1mL-phút-1
1374,GGA10,293.22979,2200,238.10001,55.12977999999998,U223-H5-VS2-16.10.2024,U223-H5-VS2-GGA10- Zn(II) 5-Cr(VI) 10-Ni(II) 5mg-L-21102024-Q=50.1mL-phút-1
1375,GGA10,305.02857,2672,248.69999,56.32857999999999,U223-H5-VS2-16.10.2024,U223-H5-VS2-GGA10- Zn(II) 5-Cr(VI) 10-Ni(II) 5mg-L-21102024-Q=50.1mL-phút-1
1376,GGA10-Zn5-Cr10-Ni5,312.70638,3146,254.70001,58.00637000000003,U223-H5-VS2-16.10.2024,U223-H5-VS2-GGA10- Zn(II) 5-Cr(VI) 10-Ni(II) 5mg-L-21102024-Q=50.1mL-phút-1
1377,GGA10-Zn5-Cr10-Ni5,316.34681,3626,258.8,57.546809999999994,U223-H5-VS2-16.10.2024,U223-H5-VS2-GGA10- Zn(II) 5-Cr(VI) 10-Ni(II) 5mg-L-21102024-Q=50.1mL-phút-1
1378,GGA10-Zn5-Cr10-Ni5,316.6234,4097,261.40001,55.223389999999995,U223-H5-VS2-16.10.2024,U223-H5-VS2-GGA10- Zn(II) 5-Cr(VI) 10-Ni(II) 5mg-L-21102024-Q=50.1mL-phút-1
1379,GGA10-Zn5-Cr10-Ni5,319.64255,4566,264.49999,55.14256,U223-H5-VS2-16.10.2024,U223-H5-VS2-GGA10- Zn(II) 5-Cr(VI) 10-Ni(II) 5mg-L-21102024-Q=50.1mL-phút-1
1380,GGA10-Zn5-Cr10-Ni5,322.38723,5039,270.5,51.88722999999999,U223-H5-VS2-16.10.2024,U223-H5-VS2-GGA10- Zn(II) 5-Cr(VI) 10-Ni(II) 5mg-L-21102024-Q=50.1mL-phút-1
1381,GGA10-Zn5-Cr10-Ni5,318.01276,5512,261.40001,56.612750000000005,U223-H5-VS2-16.10.2024,U223-H5-VS2-GGA10- Zn(II) 5-Cr(VI) 10-Ni(II) 5mg-L-21102024-Q=50.1mL-phút-1
1382,GGA10-Zn5-Cr10-Ni5,312.01702,5985,262.80001,49.217010000000016,U223-H5-VS2-16.10.2024,U223-H5-VS2-GGA10- Zn(II) 5-Cr(VI) 10-Ni(II) 5mg-L-21102024-Q=50.1mL-phút-1
1383,GGA10-Zn5-Cr10-Ni5,320.71702,6457,275.40001,45.31700999999998,U223-H5-VS2-16.10.2024,U223-H5-VS2-GGA10- Zn(II) 5-Cr(VI) 10-Ni(II) 5mg-L-21102024-Q=50.1mL-phút-1
1384,GGA10-Zn5-Cr10-Ni5,323.68085,6929,275.3,48.38085000000001,U223-H5-VS2-16.10.2024,U223-H5-VS2-GGA10- Zn(II) 5-Cr(VI) 10-Ni(II) 5mg-L-21102024-Q=50.1mL-phút-1
1385,GGA15,314.04898,301,255.69999,58.34898999999996,U223-H5-VS2-16.10.2024,U223-H5-VS2-GGA15- Zn(II) 10-Cr(VI) 10-Ni(II) 5mg-L-21102024-Q=50.06mL-phút-1
1386,GGA15,315.25532,772,260.19999,55.05532999999997,U223-H5-VS2-16.10.2024,U223-H5-VS2-GGA15- Zn(II) 10-Cr(VI) 10-Ni(II) 5mg-L-21102024-Q=50.06mL-phút-1
1387,GGA15,319.24681,1245,257.40001,61.84679999999997,U223-H5-VS2-16.10.2024,U223-H5-VS2-GGA15- Zn(II) 10-Cr(VI) 10-Ni(II) 5mg-L-21102024-Q=50.06mL-phút-1
1388,GGA15,324.73542,1717,264.80001,59.93540999999999,U223-H5-VS2-16.10.2024,U223-H5-VS2-GGA15- Zn(II) 10-Cr(VI) 10-Ni(II) 5mg-L-21102024-Q=50.06mL-phút-1
1389,GGA15,320.94062,2190,263.8,57.14062000000001,U223-H5-VS2-16.10.2024,U223-H5-VS2-GGA15- Zn(II) 10-Cr(VI) 10-Ni(II) 5mg-L-21102024-Q=50.06mL-phút-1
1390,GGA15,320.74727,2662,261.3,59.44727,U223-H5-VS2-16.10.2024,U223-H5-VS2-GGA15- Zn(II) 10-Cr(VI) 10-Ni(II) 5mg-L-21102024-Q=50.06mL-phút-1
1391,GGA15,313.12,3135,252.29999,60.820009999999996,U223-H5-VS2-16.10.2024,U223-H5-VS2-GGA15- Zn(II) 10-Cr(VI) 10-Ni(II) 5mg-L-21102024-Q=50.06mL-phút-1
1392,GGA15-Zn10-Cr10-Ni5,313.76667,3613,247.70001,66.06665999999998,U223-H5-VS2-16.10.2024,U223-H5-VS2-GGA15- Zn(II) 10-Cr(VI) 10-Ni(II) 5mg-L-21102024-Q=50.06mL-phút-1
1393,GGA15-Zn10-Cr10-Ni5,322.29273,4085,259.09999,63.192740000000015,U223-H5-VS2-16.10.2024,U223-H5-VS2-GGA15- Zn(II) 10-Cr(VI) 10-Ni(II) 5mg-L-21102024-Q=50.06mL-phút-1
1394,GGA15-Zn10-Cr10-Ni5,317.04182,4557,261.20001,55.84180999999995,U223-H5-VS2-16.10.2024,U223-H5-VS2-GGA15- Zn(II) 10-Cr(VI) 10-Ni(II) 5mg-L-21102024-Q=50.06mL-phút-1
1395,GGA15-Zn10-Cr10-Ni5,311.51273,5032,252.99999,58.51273999999998,U223-H5-VS2-16.10.2024,U223-H5-VS2-GGA15- Zn(II) 10-Cr(VI) 10-Ni(II) 5mg-L-21102024-Q=50.06mL-phút-1
1396,GGA15-Zn10-Cr10-Ni5,314.01818,5504,255.10001,58.918169999999975,U223-H5-VS2-16.10.2024,U223-H5-VS2-GGA15- Zn(II) 10-Cr(VI) 10-Ni(II) 5mg-L-21102024-Q=50.06mL-phút-1
1397,GGA15-Zn10-Cr10-Ni5,308.28909,5982,256.19999,52.08909999999997,U223-H5-VS2-16.10.2024,U223-H5-VS2-GGA15- Zn(II) 10-Cr(VI) 10-Ni(II) 5mg-L-21102024-Q=50.06mL-phút-1
1398,GGA15-Zn10-Cr10-Ni5,314.10364,6461,260.89999,53.20364999999998,U223-H5-VS2-16.10.2024,U223-H5-VS2-GGA15- Zn(II) 10-Cr(VI) 10-Ni(II) 5mg-L-21102024-Q=50.06mL-phút-1
1399,GGA20,304.39091,301,250.09999,54.29092000000003,U223-H5-VS2-16.10.2024,U223-H5-VS2-GGA20- Zn(II) 15-Cr(VI) 15-Ni(II) 10mg-L-21102024-Q=50.14mL-phút-4
1400,GGA20,311.05636,773,254.59999,56.45636999999999,U223-H5-VS2-16.10.2024,U223-H5-VS2-GGA20- Zn(II) 15-Cr(VI) 15-Ni(II) 10mg-L-21102024-Q=50.14mL-phút-4
1401,GGA20,320.59535,1252,264.60001,55.99534,U223-H5-VS2-16.10.2024,U223-H5-VS2-GGA20- Zn(II) 15-Cr(VI) 15-Ni(II) 10mg-L-21102024-Q=50.14mL-phút-4
1402,GGA20,318.26901,1724,261.79999,56.46902,U223-H5-VS2-16.10.2024,U223-H5-VS2-GGA20- Zn(II) 15-Cr(VI) 15-Ni(II) 10mg-L-21102024-Q=50.14mL-phút-4
1403,GGA20,315.61408,2196,262.89999,52.71409,U223-H5-VS2-16.10.2024,U223-H5-VS2-GGA20- Zn(II) 15-Cr(VI) 15-Ni(II) 10mg-L-21102024-Q=50.14mL-phút-4
1404,GGA20,324.73261,2671,262.2,62.532610000000034,U223-H5-VS2-16.10.2024,U223-H5-VS2-GGA20- Zn(II) 15-Cr(VI) 15-Ni(II) 10mg-L-21102024-Q=50.14mL-phút-4
1405,GGA20,313.1413,3150,252.20001,60.94129000000001,U223-H5-VS2-16.10.2024,U223-H5-VS2-GGA20- Zn(II) 15-Cr(VI) 15-Ni(II) 10mg-L-21102024-Q=50.14mL-phút-4
1406,GGA20-Zn15-Cr15-Ni10,313.00445,3623,258.39999,54.60446000000002,U223-H5-VS2-16.10.2024,U223-H5-VS2-GGA20- Zn(II) 15-Cr(VI) 15-Ni(II) 10mg-L-21102024-Q=50.14mL-phút-4
1407,GGA20-Zn15-Cr15-Ni10,308.84375,4097,262.2,46.64375000000001,U223-H5-VS2-16.10.2024,U223-H5-VS2-GGA20- Zn(II) 15-Cr(VI) 15-Ni(II) 10mg-L-21102024-Q=50.14mL-phút-4
1408,GGA20-Zn15-Cr15-Ni10,307.58913,4568,261.79999,45.78914000000003,U223-H5-VS2-16.10.2024,U223-H5-VS2-GGA20- Zn(II) 15-Cr(VI) 15-Ni(II) 10mg-L-21102024-Q=50.14mL-phút-4
1409,GGA20-Zn15-Cr15-Ni10,308.34667,5046,265.70001,42.64666,U223-H5-VS2-16.10.2024,U223-H5-VS2-GGA20- Zn(II) 15-Cr(VI) 15-Ni(II) 10mg-L-21102024-Q=50.14mL-phút-4
1410,GGA20-Zn15-Cr15-Ni10,315.51087,5518,268.90001,46.61086,U223-H5-VS2-16.10.2024,U223-H5-VS2-GGA20- Zn(II) 15-Cr(VI) 15-Ni(II) 10mg-L-21102024-Q=50.14mL-phút-4
1411,GGA20-Zn15-Cr15-Ni10,315.49555,5991,266.20001,49.29553999999996,U223-H5-VS2-16.10.2024,U223-H5-VS2-GGA20- Zn(II) 15-Cr(VI) 15-Ni(II) 10mg-L-21102024-Q=50.14mL-phút-4
1412,GGA20-Zn15-Cr15-Ni10,313.71087,6463,269.2,44.51087000000001,U223-H5-VS2-16.10.2024,U223-H5-VS2-GGA20- Zn(II) 15-Cr(VI) 15-Ni(II) 10mg-L-21102024-Q=50.14mL-phút-4
1413,GGA20-Zn15-Cr15-Ni10,310.39821,6936,264.40001,45.9982,U223-H5-VS2-16.10.2024,U223-H5-VS2-GGA20- Zn(II) 15-Cr(VI) 15-Ni(II) 10mg-L-21102024-Q=50.14mL-phút-4
1414,GGA10,335.36735,301,296.60001,38.76733999999999,U224-H6-VS2-16.10.2024,U224-H6-VS2-GGA10- Zn(II) 5-Cr(VI) 10-Ni(II) 5mg-L-21102024-Q=50.33mL-phút-2
1415,GGA10,332.7551,774,294.40001,38.35509000000002,U224-H6-VS2-16.10.2024,U224-H6-VS2-GGA10- Zn(II) 5-Cr(VI) 10-Ni(II) 5mg-L-21102024-Q=50.33mL-phút-2
1416,GGA10,330.42857,1248,291.79999,38.62858,U224-H6-VS2-16.10.2024,U224-H6-VS2-GGA10- Zn(II) 5-Cr(VI) 10-Ni(II) 5mg-L-21102024-Q=50.33mL-phút-2
1417,GGA10,327.23922,1719,289.5,37.73921999999999,U224-H6-VS2-16.10.2024,U224-H6-VS2-GGA10- Zn(II) 5-Cr(VI) 10-Ni(II) 5mg-L-21102024-Q=50.33mL-phút-2
1418,GGA10,319.12245,2198,280.2,38.922450000000026,U224-H6-VS2-16.10.2024,U224-H6-VS2-GGA10- Zn(II) 5-Cr(VI) 10-Ni(II) 5mg-L-21102024-Q=50.33mL-phút-2
1419,GGA10,323.68163,2669,285.29999,38.381640000000004,U224-H6-VS2-16.10.2024,U224-H6-VS2-GGA10- Zn(II) 5-Cr(VI) 10-Ni(II) 5mg-L-21102024-Q=50.33mL-phút-2
1420,GGA10,330.71633,3146,291.1,39.616330000000005,U224-H6-VS2-16.10.2024,U224-H6-VS2-GGA10- Zn(II) 5-Cr(VI) 10-Ni(II) 5mg-L-21102024-Q=50.33mL-phút-2
1421,GGA10-Zn5-Cr10-Ni5,338.97551,3621,300.90001,38.07549999999998,U224-H6-VS2-16.10.2024,U224-H6-VS2-GGA10- Zn(II) 5-Cr(VI) 10-Ni(II) 5mg-L-21102024-Q=50.33mL-phút-2
1422,GGA10-Zn5-Cr10-Ni5,337.80384,4094,300.8,37.00383999999997,U224-H6-VS2-16.10.2024,U224-H6-VS2-GGA10- Zn(II) 5-Cr(VI) 10-Ni(II) 5mg-L-21102024-Q=50.33mL-phút-2
1423,GGA10-Zn5-Cr10-Ni5,335.98572,4567,303.7,32.285720000000026,U224-H6-VS2-16.10.2024,U224-H6-VS2-GGA10- Zn(II) 5-Cr(VI) 10-Ni(II) 5mg-L-21102024-Q=50.33mL-phút-2
1424,GGA10-Zn5-Cr10-Ni5,334.76531,5039,300.59999,34.16532000000001,U224-H6-VS2-16.10.2024,U224-H6-VS2-GGA10- Zn(II) 5-Cr(VI) 10-Ni(II) 5mg-L-21102024-Q=50.33mL-phút-2
1425,GGA10-Zn5-Cr10-Ni5,333.81837,5513,301.80001,32.01836000000003,U224-H6-VS2-16.10.2024,U224-H6-VS2-GGA10- Zn(II) 5-Cr(VI) 10-Ni(II) 5mg-L-21102024-Q=50.33mL-phút-2
1426,GGA10-Zn5-Cr10-Ni5,323.71224,5986,295.30001,28.412230000000022,U224-H6-VS2-16.10.2024,U224-H6-VS2-GGA10- Zn(II) 5-Cr(VI) 10-Ni(II) 5mg-L-21102024-Q=50.33mL-phút-2
1427,GGA10-Zn5-Cr10-Ni5,316.91837,6466,289.60001,27.318359999999984,U224-H6-VS2-16.10.2024,U224-H6-VS2-GGA10- Zn(II) 5-Cr(VI) 10-Ni(II) 5mg-L-21102024-Q=50.33mL-phút-2
1428,GGA10-Zn5-Cr10-Ni5,319.04694,6933,293.39999,25.646950000000004,U224-H6-VS2-16.10.2024,U224-H6-VS2-GGA10- Zn(II) 5-Cr(VI) 10-Ni(II) 5mg-L-21102024-Q=50.33mL-phút-2
1429,GGA10-Zn5-Cr10-Ni5,322.07059,7412,294.40001,27.670579999999973,U224-H6-VS2-16.10.2024,U224-H6-VS2-GGA10- Zn(II) 5-Cr(VI) 10-Ni(II) 5mg-L-21102024-Q=50.33mL-phút-2
1430,GGA15,319.16531,301,285.49999,33.66531999999995,U224-H6-VS2-16.10.2024,U224-H6-VS2-GGA15- Zn(II) 10-Cr(VI) 10-Ni(II) 5mg-L-21102024-Q=49.73mL-phút-2
1431,GGA15,321.64694,779,286.90001,34.74692999999996,U224-H6-VS2-16.10.2024,U224-H6-VS2-GGA15- Zn(II) 10-Cr(VI) 10-Ni(II) 5mg-L-21102024-Q=49.73mL-phút-2
1432,GGA15,321.75918,1249,284.3,37.45918,U224-H6-VS2-16.10.2024,U224-H6-VS2-GGA15- Zn(II) 10-Cr(VI) 10-Ni(II) 5mg-L-21102024-Q=49.73mL-phút-2
1433,GGA15,315.63725,1719,284.1,31.537249999999972,U224-H6-VS2-16.10.2024,U224-H6-VS2-GGA15- Zn(II) 10-Cr(VI) 10-Ni(II) 5mg-L-21102024-Q=49.73mL-phút-2
1434,GGA15,310.8102,2190,278.60001,32.21019000000001,U224-H6-VS2-16.10.2024,U224-H6-VS2-GGA15- Zn(II) 10-Cr(VI) 10-Ni(II) 5mg-L-21102024-Q=49.73mL-phút-2
1435,GGA15,318.54286,2660,279.1,39.442859999999996,U224-H6-VS2-16.10.2024,U224-H6-VS2-GGA15- Zn(II) 10-Cr(VI) 10-Ni(II) 5mg-L-21102024-Q=49.73mL-phút-2
1436,GGA15-Zn10-Cr10-Ni5,319.47347,3131,285.49999,33.973479999999995,U224-H6-VS2-16.10.2024,U224-H6-VS2-GGA15- Zn(II) 10-Cr(VI) 10-Ni(II) 5mg-L-21102024-Q=49.73mL-phút-2
1437,GGA15-Zn10-Cr10-Ni5,311.23469,3607,284.00001,27.234680000000026,U224-H6-VS2-16.10.2024,U224-H6-VS2-GGA15- Zn(II) 10-Cr(VI) 10-Ni(II) 5mg-L-21102024-Q=49.73mL-phút-2
1438,GGA15-Zn10-Cr10-Ni5,307.33878,4079,277.3,30.038779999999974,U224-H6-VS2-16.10.2024,U224-H6-VS2-GGA15- Zn(II) 10-Cr(VI) 10-Ni(II) 5mg-L-21102024-Q=49.73mL-phút-2
1439,GGA15-Zn10-Cr10-Ni5,304.91837,4553,277.90001,27.018359999999973,U224-H6-VS2-16.10.2024,U224-H6-VS2-GGA15- Zn(II) 10-Cr(VI) 10-Ni(II) 5mg-L-21102024-Q=49.73mL-phút-2
1440,GGA15-Zn10-Cr10-Ni5,305.33878,5027,279.1,26.238779999999963,U224-H6-VS2-16.10.2024,U224-H6-VS2-GGA15- Zn(II) 10-Cr(VI) 10-Ni(II) 5mg-L-21102024-Q=49.73mL-phút-2
1441,GGA15-Zn10-Cr10-Ni5,308.72549,5499,284.1,24.625489999999957,U224-H6-VS2-16.10.2024,U224-H6-VS2-GGA15- Zn(II) 10-Cr(VI) 10-Ni(II) 5mg-L-21102024-Q=49.73mL-phút-2
1442,GGA15-Zn10-Cr10-Ni5,302.76531,5981,278.2,24.56531000000001,U224-H6-VS2-16.10.2024,U224-H6-VS2-GGA15- Zn(II) 10-Cr(VI) 10-Ni(II) 5mg-L-21102024-Q=49.73mL-phút-2
1443,GGA20,309.76531,301,280.49999,29.265319999999974,U224-H6-VS2-16.10.2024,U224-H6-VS2-GGA20- Zn(II) 15-Cr(VI) 15-Ni(II) 10mg-L-21102024-Q=49.88mL-phút-5
1444,GGA20,305.8902,775,275.7,30.190200000000004,U224-H6-VS2-16.10.2024,U224-H6-VS2-GGA20- Zn(II) 15-Cr(VI) 15-Ni(II) 10mg-L-21102024-Q=49.88mL-phút-5
1445,GGA20,300.57778,1248,271.4,29.17778000000004,U224-H6-VS2-16.10.2024,U224-H6-VS2-GGA20- Zn(II) 15-Cr(VI) 15-Ni(II) 10mg-L-21102024-Q=49.88mL-phút-5
1446,GGA20,299.33333,1722,269.49999,29.833339999999964,U224-H6-VS2-16.10.2024,U224-H6-VS2-GGA20- Zn(II) 15-Cr(VI) 15-Ni(II) 10mg-L-21102024-Q=49.88mL-phút-5
1447,GGA20,300.07222,2196,270.3,29.772220000000004,U224-H6-VS2-16.10.2024,U224-H6-VS2-GGA20- Zn(II) 15-Cr(VI) 15-Ni(II) 10mg-L-21102024-Q=49.88mL-phút-5
1448,GGA20,304.05472,2668,273.20001,30.854709999999955,U224-H6-VS2-16.10.2024,U224-H6-VS2-GGA20- Zn(II) 15-Cr(VI) 15-Ni(II) 10mg-L-21102024-Q=49.88mL-phút-5
1449,GGA20,303.13704,3141,273.7,29.437040000000025,U224-H6-VS2-16.10.2024,U224-H6-VS2-GGA20- Zn(II) 15-Cr(VI) 15-Ni(II) 10mg-L-21102024-Q=49.88mL-phút-5
1450,GGA20-Zn15-Cr15-Ni10,304.96226,3614,273.79999,31.162270000000035,U224-H6-VS2-16.10.2024,U224-H6-VS2-GGA20- Zn(II) 15-Cr(VI) 15-Ni(II) 10mg-L-21102024-Q=49.88mL-phút-5
1451,GGA20-Zn15-Cr15-Ni10,298.72364,4088,273.60001,25.12362999999999,U224-H6-VS2-16.10.2024,U224-H6-VS2-GGA20- Zn(II) 15-Cr(VI) 15-Ni(II) 10mg-L-21102024-Q=49.88mL-phút-5
1452,GGA20-Zn15-Cr15-Ni10,295.74151,4564,272.19999,23.54151999999999,U224-H6-VS2-16.10.2024,U224-H6-VS2-GGA20- Zn(II) 15-Cr(VI) 15-Ni(II) 10mg-L-21102024-Q=49.88mL-phút-5
1453,GGA20-Zn15-Cr15-Ni10,294.52593,5038,273.40001,21.125920000000008,U224-H6-VS2-16.10.2024,U224-H6-VS2-GGA20- Zn(II) 15-Cr(VI) 15-Ni(II) 10mg-L-21102024-Q=49.88mL-phút-5
1454,GGA20-Zn15-Cr15-Ni10,299.51296,5508,276.4,23.112960000000044,U224-H6-VS2-16.10.2024,U224-H6-VS2-GGA20- Zn(II) 15-Cr(VI) 15-Ni(II) 10mg-L-21102024-Q=49.88mL-phút-5
1455,GGA20-Zn15-Cr15-Ni10,297.38519,5987,273.99999,23.385199999999998,U224-H6-VS2-16.10.2024,U224-H6-VS2-GGA20- Zn(II) 15-Cr(VI) 15-Ni(II) 10mg-L-21102024-Q=49.88mL-phút-5
1456,GGA20-Zn15-Cr15-Ni10,293.68302,6457,272.50001,21.183010000000024,U224-H6-VS2-16.10.2024,U224-H6-VS2-GGA20- Zn(II) 15-Cr(VI) 15-Ni(II) 10mg-L-21102024-Q=49.88mL-phút-5
1457,GGA20-Zn15-Cr15-Ni10,288.0566,6930,266.9,21.156600000000026,U224-H6-VS2-16.10.2024,U224-H6-VS2-GGA20- Zn(II) 15-Cr(VI) 15-Ni(II) 10mg-L-21102024-Q=49.88mL-phút-5
