Sample Name,Sheet Name,Block Index,peak_idx,Tag,Doin,No.peak,DOmin,DDO,phase_label
U1-GGA10-Zn(II) 5mg/L-17042024-Q=49.31mL/phút-2,U1-26.03.2024,0,0,BOD10,288.5761,301.0,283.82,4.75609,0
U1-GGA10-Zn(II) 5mg/L-17042024-Q=49.31mL/phút-2,U1-26.03.2024,0,1,,288.665,769.0,283.73,4.935,0
U1-GGA10-Zn(II) 5mg/L-17042024-Q=49.31mL/phút-2,U1-26.03.2024,0,2,,288.5954,1245.0,283.6,4.99541,0
U1-GGA10-Zn(II) 5mg/L-17042024-Q=49.31mL/phút-2,U1-26.03.2024,0,3,,288.5774,1721.0,283.54,5.03739,0
U1-GGA10-Zn(II) 5mg/L-17042024-Q=49.31mL/phút-2,U1-26.03.2024,0,4,,288.5435,2196.0,283.85,4.69348,0
U1-GGA10-Zn(II) 5mg/L-17042024-Q=49.31mL/phút-2,U1-26.03.2024,0,5,,288.5604,2662.0,283.92,4.64044,0
U1-GGA10-Zn(II) 5mg/L-17042024-Q=49.31mL/phút-2,U1-26.03.2024,0,6,Zn(II)-5mg/L,288.0804,3139.0,283.53,4.55041,1
U1-GGA10-Zn(II) 5mg/L-17042024-Q=49.31mL/phút-2,U1-26.03.2024,0,7,,288.7675,3611.0,284.45,4.3175,1
U1-GGA10-Zn(II) 5mg/L-17042024-Q=49.31mL/phút-2,U1-26.03.2024,0,8,,288.6283,4085.0,284.42,4.20833,1
U1-GGA10-Zn(II) 5mg/L-17042024-Q=49.31mL/phút-2,U1-26.03.2024,0,9,,288.5563,4557.0,284.35,4.20625,1
U1-GGA10-Zn(II) 5mg/L-17042024-Q=49.31mL/phút-2,U1-26.03.2024,0,10,,288.3813,5037.0,284.47,3.9113,1
U1-GGA10-Zn(II) 5mg/L-17042024-Q=49.31mL/phút-2,U1-26.03.2024,0,11,,288.0722,5509.0,283.89,4.18217,1
U1-GGA10-Zn(II) 5mg/L-17042024-Q=49.31mL/phút-2,U1-26.03.2024,0,12,,287.9239,5982.0,284.17,3.75391,2
U1-GGA10-Zn(II) 5mg/L-17042024-Q=49.31mL/phút-2,U1-26.03.2024,0,13,,287.9087,6453.0,283.87,4.03874,2
U1-GGA10-Zn(II) 5mg/L-17042024-Q=49.31mL/phút-2,U1-26.03.2024,0,14,,287.5467,6928.0,283.67,3.87666,2
U1-GGA10-Zn(II) 5mg/L-17042024-Q=49.31mL/phút-2,U1-26.03.2024,0,15,,287.5863,7400.0,283.67,3.91625,2
U1-GGA10-Zn(II) 5mg/L-17042024-Q=49.31mL/phút-2,U1-26.03.2024,0,16,,287.3521,7872.0,283.47,3.88208,2
U1-GGA10-Zn(II) 5mg/L-17042024-Q=49.31mL/phút-2,U1-26.03.2024,0,17,,287.3317,8346.0,283.51,3.82166,2
U1-GGA10-Zn(II) 5mg/L-17042024-Q=49.31mL/phút-2,U1-26.03.2024,0,18,,287.1861,8822.0,283.37,3.81609,2
U2-BOD10-Zn(II) 10mg/L-10042024-Q=49.32mL/phút-1,U2-03.04.2024,0,0,BOD10,288.21458,301.0,283.07,5.14458,0
U2-BOD10-Zn(II) 10mg/L-10042024-Q=49.32mL/phút-1,U2-03.04.2024,0,1,,288.34666,775.0,283.23,5.11666,0
U2-BOD10-Zn(II) 10mg/L-10042024-Q=49.32mL/phút-1,U2-03.04.2024,0,2,,288.21959,1248.0,282.82,5.39959,0
U2-BOD10-Zn(II) 10mg/L-10042024-Q=49.32mL/phút-1,U2-03.04.2024,0,3,,288.3274,1720.0,283.41,4.9174,0
U2-BOD10-Zn(II) 10mg/L-10042024-Q=49.32mL/phút-1,U2-03.04.2024,0,4,,288.32041,2194.0,283.45,4.87041,0
U2-BOD10-Zn(II) 10mg/L-10042024-Q=49.32mL/phút-1,U2-03.04.2024,0,5,,288.16565,2669.0,282.6,5.56565,0
U2-BOD10-Zn(II) 10mg/L-10042024-Q=49.32mL/phút-1,U2-03.04.2024,0,6,,288.09333,3141.0,282.85,5.24333,0
U2-BOD10-Zn(II) 10mg/L-10042024-Q=49.32mL/phút-1,U2-03.04.2024,0,7,Zn(II)-10mg/L,287.62917,3615.0,282.72,4.90917,1
U2-BOD10-Zn(II) 10mg/L-10042024-Q=49.32mL/phút-1,U2-03.04.2024,0,8,,287.39875,4088.0,283.01,4.38875,1
U2-BOD10-Zn(II) 10mg/L-10042024-Q=49.32mL/phút-1,U2-03.04.2024,0,9,,287.48042,4562.0,283.28,4.20042,1
U2-BOD10-Zn(II) 10mg/L-10042024-Q=49.32mL/phút-1,U2-03.04.2024,0,10,,287.15042,5034.0,283.32,3.83042,2
U2-BOD10-Zn(II) 10mg/L-10042024-Q=49.32mL/phút-1,U2-03.04.2024,0,11,,287.3887,5506.0,283.76,3.6287,2
U2-BOD10-Zn(II) 10mg/L-10042024-Q=49.32mL/phút-1,U2-03.04.2024,0,12,,286.9375,5981.0,283.87,3.0675,2
U2-BOD10-Zn(II) 10mg/L-10042024-Q=49.32mL/phút-1,U2-03.04.2024,0,13,,286.78208,6456.0,283.57,3.21208,2
U2-BOD10-Zn(II) 10mg/L-10042024-Q=49.32mL/phút-1,U2-03.04.2024,0,14,,286.40479,6927.0,283.66,2.74479,2
U2-BOD10-Zn(II) 10mg/L-10042024-Q=49.32mL/phút-1,U2-03.04.2024,0,15,,285.82083,7403.0,283.01,2.81083,2
U2-BOD10-Zn(II) 10mg/L-10042024-Q=49.32mL/phút-1,U2-03.04.2024,0,16,,285.35708,7875.0,282.48,2.87708,2
U2-BOD10-Zn(II) 5mg/L-11042024-Q=50.24mL/phút-1,U2-03.04.2024,1,0,BOD10,289.21042,301.0,284.81,4.40042,0
U2-BOD10-Zn(II) 5mg/L-11042024-Q=50.24mL/phút-1,U2-03.04.2024,1,1,,289.08458,775.0,284.98,4.10458,0
U2-BOD10-Zn(II) 5mg/L-11042024-Q=50.24mL/phút-1,U2-03.04.2024,1,2,,288.89625,1251.0,284.58,4.31625,0
U2-BOD10-Zn(II) 5mg/L-11042024-Q=50.24mL/phút-1,U2-03.04.2024,1,3,,288.87174,1727.0,284.7,4.17174,0
U2-BOD10-Zn(II) 5mg/L-11042024-Q=50.24mL/phút-1,U2-03.04.2024,1,4,,288.77833,2198.0,284.5,4.27833,0
U2-BOD10-Zn(II) 5mg/L-11042024-Q=50.24mL/phút-1,U2-03.04.2024,1,5,,288.58333,2670.0,284.18,4.40333,0
U2-BOD10-Zn(II) 5mg/L-11042024-Q=50.24mL/phút-1,U2-03.04.2024,1,6,,288.11217,3149.0,283.35,4.76217,0
U2-BOD10-Zn(II) 5mg/L-11042024-Q=50.24mL/phút-1,U2-03.04.2024,1,7,Zn(II)-5mg/L,286.83917,3615.0,282.7,4.13917,1
U2-BOD10-Zn(II) 5mg/L-11042024-Q=50.24mL/phút-1,U2-03.04.2024,1,8,,287.05625,4087.0,283.07,3.98625,2
U2-BOD10-Zn(II) 5mg/L-11042024-Q=50.24mL/phút-1,U2-03.04.2024,1,9,,287.17417,4561.0,283.41,3.76417,2
U2-BOD10-Zn(II) 5mg/L-11042024-Q=50.24mL/phút-1,U2-03.04.2024,1,10,,287.41583,5037.0,283.47,3.94583,2
U2-BOD10-Zn(II) 5mg/L-11042024-Q=50.24mL/phút-1,U2-03.04.2024,1,11,,287.28958,5511.0,283.28,4.00958,2
U2-BOD10-Zn(II) 5mg/L-11042024-Q=50.24mL/phút-1,U2-03.04.2024,1,12,,287.25609,5982.0,283.41,3.84609,2
U2-BOD10-Zn(II) 5mg/L-11042024-Q=50.24mL/phút-1,U2-03.04.2024,1,13,,287.16625,6455.0,283.47,3.69625,2
U2-BOD10-Ni(II) 10mg/L-11042024-Q=49.32mL/phút-1,U2-03.04.2024,2,0,BOD10,283.53167,301.0,279.27,4.26167,0
U2-BOD10-Ni(II) 10mg/L-11042024-Q=49.32mL/phút-1,U2-03.04.2024,2,1,,283.70875,775.0,279.48,4.22875,0
U2-BOD10-Ni(II) 10mg/L-11042024-Q=49.32mL/phút-1,U2-03.04.2024,2,2,,283.73417,1251.0,279.52,4.21417,0
U2-BOD10-Ni(II) 10mg/L-11042024-Q=49.32mL/phút-1,U2-03.04.2024,2,3,,283.9675,1722.0,279.83,4.1375,0
U2-BOD10-Ni(II) 10mg/L-11042024-Q=49.32mL/phút-1,U2-03.04.2024,2,4,,283.81417,2194.0,279.71,4.10417,0
U2-BOD10-Ni(II) 10mg/L-11042024-Q=49.32mL/phút-1,U2-03.04.2024,2,5,,283.49438,2671.0,279.69,3.80438,0
U2-BOD10-Ni(II) 10mg/L-11042024-Q=49.32mL/phút-1,U2-03.04.2024,2,6,,283.40241,3141.0,279.64,3.76241,0
U2-BOD10-Ni(II) 10mg/L-11042024-Q=49.32mL/phút-1,U2-03.04.2024,2,7,Ni(II)-10mg/L,282.96958,3615.0,279.52,3.44958,1
U2-BOD10-Ni(II) 10mg/L-11042024-Q=49.32mL/phút-1,U2-03.04.2024,2,8,,282.75708,4087.0,279.5,3.25708,1
U2-BOD10-Ni(II) 10mg/L-11042024-Q=49.32mL/phút-1,U2-03.04.2024,2,9,,283.09833,4561.0,279.85,3.24833,1
U2-BOD10-Ni(II) 10mg/L-11042024-Q=49.32mL/phút-1,U2-03.04.2024,2,10,,282.99565,5036.0,279.92,3.07565,1
U2-BOD10-Ni(II) 10mg/L-11042024-Q=49.32mL/phút-1,U2-03.04.2024,2,11,,282.84167,5508.0,280.0,2.84167,1
U2-BOD10-Ni(II) 10mg/L-11042024-Q=49.32mL/phút-1,U2-03.04.2024,2,12,,282.62208,5981.0,279.66,2.96208,1
U2-BOD10-Ni(II) 10mg/L-11042024-Q=49.32mL/phút-1,U2-03.04.2024,2,13,,282.85917,6452.0,280.29,2.56917,2
U2-BOD10-Ni(II) 10mg/L-11042024-Q=49.32mL/phút-1,U2-03.04.2024,2,14,,282.67458,6926.0,280.04,2.63458,2
U2-BOD10-Ni(II) 10mg/L-11042024-Q=49.32mL/phút-1,U2-03.04.2024,2,15,,282.66304,7400.0,280.02,2.64304,2
U2-BOD10-Ni(II) 10mg/L-11042024-Q=49.32mL/phút-1,U2-03.04.2024,2,16,,282.70416,7805.0,280.19,2.51416,2
U2-BOD10-Ni(II) 10mg/L-11042024-Q=49.32mL/phút-1,U2-03.04.2024,2,17,,282.56458,8277.0,280.26,2.30458,2
U2-BOD10-Ni(II) 10mg/L-11042024-Q=49.32mL/phút-1,U2-03.04.2024,2,18,,282.89261,8751.0,280.26,2.63261,2
U2-BOD10-Ni(II) 5mg/L-12042024-Q=50.57mL/phút-1,U2-03.04.2024,3,0,BOD10,284.67131,301.0,281.14,3.53131,0
U2-BOD10-Ni(II) 5mg/L-12042024-Q=50.57mL/phút-1,U2-03.04.2024,3,1,,284.695,776.0,280.89,3.805,0
U2-BOD10-Ni(II) 5mg/L-12042024-Q=50.57mL/phút-1,U2-03.04.2024,3,2,,284.69167,1248.0,280.84,3.85167,0
U2-BOD10-Ni(II) 5mg/L-12042024-Q=50.57mL/phút-1,U2-03.04.2024,3,3,,284.98792,1723.0,281.1,3.88792,0
U2-BOD10-Ni(II) 5mg/L-12042024-Q=50.57mL/phút-1,U2-03.04.2024,3,4,,284.72696,2196.0,280.64,4.08696,0
U2-BOD10-Ni(II) 5mg/L-12042024-Q=50.57mL/phút-1,U2-03.04.2024,3,5,,284.66435,2669.0,280.98,3.68435,0
U2-BOD10-Ni(II) 5mg/L-12042024-Q=50.57mL/phút-1,U2-03.04.2024,3,6,,284.02458,3141.0,280.19,3.83458,1
U2-BOD10-Ni(II) 5mg/L-12042024-Q=50.57mL/phút-1,U2-03.04.2024,3,7,,284.42652,3617.0,280.7,3.72652,1
U2-BOD10-Ni(II) 5mg/L-12042024-Q=50.57mL/phút-1,U2-03.04.2024,3,8,,284.6687,4089.0,281.0,3.6687,1
U2-BOD10-Ni(II) 5mg/L-12042024-Q=50.57mL/phút-1,U2-03.04.2024,3,9,Ni(II)-5mg/L,284.06042,4563.0,280.64,3.42042,1
U2-BOD10-Ni(II) 5mg/L-12042024-Q=50.57mL/phút-1,U2-03.04.2024,3,10,,284.55375,5037.0,280.98,3.57375,1
U2-BOD10-Ni(II) 5mg/L-12042024-Q=50.57mL/phút-1,U2-03.04.2024,3,11,,284.69959,5508.0,281.29,3.40959,1
U2-BOD10-Ni(II) 5mg/L-12042024-Q=50.57mL/phút-1,U2-03.04.2024,3,12,,284.27958,5982.0,281.1,3.17958,2
U2-BOD10-Ni(II) 5mg/L-12042024-Q=50.57mL/phút-1,U2-03.04.2024,3,13,,284.44792,6456.0,281.19,3.25792,2
U2-BOD10-Ni(II) 5mg/L-12042024-Q=50.57mL/phút-1,U2-03.04.2024,3,14,,284.50333,6929.0,281.59,2.91333,2
U2-BOD10-Ni(II) 5mg/L-12042024-Q=50.57mL/phút-1,U2-03.04.2024,3,15,,284.15875,13588.0,281.01,3.14875,2
U2-BOD10-Ni(II) 5mg/L-12042024-Q=50.57mL/phút-1,U2-03.04.2024,3,16,,284.1725,7407.0,280.98,3.1925,2
U2-BOD10-Ni(II) 5mg/L-12042024-Q=50.57mL/phút-1,U2-03.04.2024,3,17,,284.4075,7878.0,281.29,3.1175,2
U3-GGA10-Cr(VI) 5mg/L-15042024-Q=49.39mL/phút-1,U3-12.04.2024,0,0,BOD10,290.0013,301.0,282.29,7.71131,0
U3-GGA10-Cr(VI) 5mg/L-15042024-Q=49.39mL/phút-1,U3-12.04.2024,0,1,,289.4296,772.0,282.59,6.83958,0
U3-GGA10-Cr(VI) 5mg/L-15042024-Q=49.39mL/phút-1,U3-12.04.2024,0,2,,289.7138,1247.0,281.92,7.79375,0
U3-GGA10-Cr(VI) 5mg/L-15042024-Q=49.39mL/phút-1,U3-12.04.2024,0,3,,289.5363,1719.0,281.76,7.77625,0
U3-GGA10-Cr(VI) 5mg/L-15042024-Q=49.39mL/phút-1,U3-12.04.2024,0,4,,289.5913,2192.0,281.29,8.30125,0
U3-GGA10-Cr(VI) 5mg/L-15042024-Q=49.39mL/phút-1,U3-12.04.2024,0,5,,289.3304,2666.0,281.29,8.04041,0
U3-GGA10-Cr(VI) 5mg/L-15042024-Q=49.39mL/phút-1,U3-12.04.2024,0,6,,289.0831,3138.0,281.13,7.95305,0
U3-GGA10-Cr(VI) 5mg/L-15042024-Q=49.39mL/phút-1,U3-12.04.2024,0,7,Cr(VI)-5mg/L,287.8408,3610.0,278.92,8.92083,1
U3-GGA10-Cr(VI) 5mg/L-15042024-Q=49.39mL/phút-1,U3-12.04.2024,0,8,,288.0104,4087.0,279.31,8.70042,1
U3-GGA10-Cr(VI) 5mg/L-15042024-Q=49.39mL/phút-1,U3-12.04.2024,0,9,,288.4113,4558.0,279.79,8.62125,1
U3-GGA10-Cr(VI) 5mg/L-15042024-Q=49.39mL/phút-1,U3-12.04.2024,0,10,,287.8433,5032.0,279.29,8.55333,1
U3-GGA10-Cr(VI) 5mg/L-15042024-Q=49.39mL/phút-1,U3-12.04.2024,0,11,,287.6217,5506.0,279.62,8.00167,1
U3-GGA10-Cr(VI) 5mg/L-15042024-Q=49.39mL/phút-1,U3-12.04.2024,0,12,,287.7748,5978.0,280.17,7.60479,2
U3-GGA10-Cr(VI) 5mg/L-15042024-Q=49.39mL/phút-1,U3-12.04.2024,0,13,,287.757,6452.0,280.5,7.25696,2
U3-GGA10-Cr(VI) 5mg/L-15042024-Q=49.39mL/phút-1,U3-12.04.2024,0,14,,287.5829,6925.0,280.23,7.35291,2
U3-GGA10-Cr(VI) 5mg/L-15042024-Q=49.39mL/phút-1,U3-12.04.2024,0,15,,287.5092,7399.0,280.44,7.06917,2
U3-GGA10-Cr(VI) 5mg/L-15042024-Q=49.39mL/phút-1,U3-12.04.2024,0,16,,287.6813,7871.0,280.79,6.89125,2
U3-GGA10-Cr(VI) 5mg/L-15042024-Q=49.39mL/phút-1,U3-12.04.2024,0,17,,287.7157,8345.0,280.69,7.02566,2
U3-GGA10-Cr(VI) 5mg/L-15042024-Q=49.39mL/phút-1,U3-12.04.2024,0,18,,287.7667,8819.0,280.54,7.22667,2
U3-GGA10-Ni(II) 15mg/L-16042024-Q=50.63mL/phút-1,U3-12.04.2024,1,0,BOD10,288.1657,301.0,285.16,3.00565,0
U3-GGA10-Ni(II) 15mg/L-16042024-Q=50.63mL/phút-1,U3-12.04.2024,1,1,,287.8762,773.0,284.87,3.00624,0
U3-GGA10-Ni(II) 15mg/L-16042024-Q=50.63mL/phút-1,U3-12.04.2024,1,2,,288.0021,8423.0,284.87,3.13208,0
U3-GGA10-Ni(II) 15mg/L-16042024-Q=50.63mL/phút-1,U3-12.04.2024,1,3,,287.6375,1720.0,284.75,2.8875,0
U3-GGA10-Ni(II) 15mg/L-16042024-Q=50.63mL/phút-1,U3-12.04.2024,1,4,,287.5952,2192.0,284.66,2.93521,0
U3-GGA10-Ni(II) 15mg/L-16042024-Q=50.63mL/phút-1,U3-12.04.2024,1,5,,287.2083,2666.0,284.07,3.13826,0
U3-GGA10-Ni(II) 15mg/L-16042024-Q=50.63mL/phút-1,U3-12.04.2024,1,6,,287.0333,3140.0,283.92,3.11333,0
U3-GGA10-Ni(II) 15mg/L-16042024-Q=50.63mL/phút-1,U3-12.04.2024,1,7,Ni(II)-15mg/L,284.4438,3614.0,280.1,4.34375,1
U3-GGA10-Ni(II) 15mg/L-16042024-Q=50.63mL/phút-1,U3-12.04.2024,1,8,,286.7339,4087.0,284.14,2.59391,1
U3-GGA10-Ni(II) 15mg/L-16042024-Q=50.63mL/phút-1,U3-12.04.2024,1,9,,286.6638,4560.0,284.5,2.16375,1
U3-GGA10-Ni(II) 15mg/L-16042024-Q=50.63mL/phút-1,U3-12.04.2024,1,10,,286.3125,5034.0,284.41,1.9025,2
U3-GGA10-Ni(II) 15mg/L-16042024-Q=50.63mL/phút-1,U3-12.04.2024,1,11,,286.3571,5508.0,284.47,1.88708,2
U3-GGA10-Ni(II) 15mg/L-16042024-Q=50.63mL/phút-1,U3-12.04.2024,1,12,,286.2583,5980.0,284.45,1.80826,2
U3-GGA10-Ni(II) 15mg/L-16042024-Q=50.63mL/phút-1,U3-12.04.2024,1,13,,286.0774,6453.0,284.47,1.60739,2
U3-GGA10-Ni(II) 15mg/L-16042024-Q=50.63mL/phút-1,U3-12.04.2024,1,14,,286.0054,6928.0,284.31,1.69542,2
U3-GGA10-Ni(II) 15mg/L-16042024-Q=50.63mL/phút-1,U3-12.04.2024,1,15,,285.8008,7399.0,284.07,1.73083,2
U4-GGA10-Cr(VI) 10mg/L-18042024-Q=50.60mL/phút-1,U4-15.04.2024,0,0,BOD10,286.8763,301.0,277.82,9.05625,0
U4-GGA10-Cr(VI) 10mg/L-18042024-Q=50.60mL/phút-1,U4-15.04.2024,0,1,,287.0075,775.0,277.85,9.1575,0
U4-GGA10-Cr(VI) 10mg/L-18042024-Q=50.60mL/phút-1,U4-15.04.2024,0,2,,286.8721,1248.0,278.35,8.52208,0
U4-GGA10-Cr(VI) 10mg/L-18042024-Q=50.60mL/phút-1,U4-15.04.2024,0,3,,287.1604,1723.0,278.62,8.54042,0
U4-GGA10-Cr(VI) 10mg/L-18042024-Q=50.60mL/phút-1,U4-15.04.2024,0,4,,287.0392,2196.0,278.1,8.93917,0
U4-GGA10-Cr(VI) 10mg/L-18042024-Q=50.60mL/phút-1,U4-15.04.2024,0,5,,286.9604,2670.0,278.2,8.76042,0
U4-GGA10-Cr(VI) 10mg/L-18042024-Q=50.60mL/phút-1,U4-15.04.2024,0,6,Cr(VI)-10mg/L,286.7713,3143.0,277.2,9.5713,1
U4-GGA10-Cr(VI) 10mg/L-18042024-Q=50.60mL/phút-1,U4-15.04.2024,0,7,,286.7261,3614.0,277.28,9.44608,1
U4-GGA10-Cr(VI) 10mg/L-18042024-Q=50.60mL/phút-1,U4-15.04.2024,0,8,,287.2033,4088.0,277.73,9.47333,1
U4-GGA10-Cr(VI) 10mg/L-18042024-Q=50.60mL/phút-1,U4-15.04.2024,0,9,,287.1354,4560.0,278.01,9.12542,1
U4-GGA10-Cr(VI) 10mg/L-18042024-Q=50.60mL/phút-1,U4-15.04.2024,0,10,,287.0838,5034.0,277.82,9.26375,1
U4-GGA10-Cr(VI) 10mg/L-18042024-Q=50.60mL/phút-1,U4-15.04.2024,0,11,,287.0167,5507.0,278.14,8.87667,1
U4-GGA10-Cr(VI) 10mg/L-18042024-Q=50.60mL/phút-1,U4-15.04.2024,0,12,,287.0783,5982.0,278.26,8.81826,1
U4-GGA10-Cr(VI) 10mg/L-18042024-Q=50.60mL/phút-1,U4-15.04.2024,0,13,,287.0548,6454.0,278.39,8.66478,1
U4-GGA10-Cr(VI) 10mg/L-18042024-Q=50.60mL/phút-1,U4-15.04.2024,0,14,,287.0192,6927.0,278.57,8.44916,1
U4-GGA10-Cr(VI) 10mg/L-18042024-Q=50.60mL/phút-1,U4-15.04.2024,0,15,,287.0974,7400.0,279.16,7.93739,1
U4-GGA10-Cr(VI) 10mg/L-18042024-Q=50.60mL/phút-1,U4-15.04.2024,0,16,,287.2222,7874.0,279.16,8.06218,1
U4-GGA10-Cr(VI) 10mg/L-18042024-Q=50.60mL/phút-1,U4-15.04.2024,0,17,,287.2413,8346.0,279.42,7.8213,2
U4-GGA10-Cr(VI) 10mg/L-18042024-Q=50.60mL/phút-1,U4-15.04.2024,0,18,,287.1704,8822.0,279.25,7.92042,2
U4-GGA10-Cr(VI) 10mg/L-18042024-Q=50.60mL/phút-1,U4-15.04.2024,0,19,,287.0546,9294.0,279.57,7.48458,2
U4-GGA10-Cr(VI) 10mg/L-18042024-Q=50.60mL/phút-1,U4-15.04.2024,0,20,,286.9138,9767.0,279.76,7.15375,2
U4-GGA10-Cr(VI) 10mg/L-18042024-Q=50.60mL/phút-1,U4-15.04.2024,0,21,,286.8758,10241.0,279.95,6.92583,2
U4-GGA10-Cr(VI) 10mg/L-18042024-Q=50.60mL/phút-1,U4-15.04.2024,0,22,,286.6729,10714.0,279.6,7.07292,2
U5-BOD10-Cr(VI) 15mg/L-19042024-Q=50.12mL/phút-1,U5 - 17.04.2024,0,0,BOD10,288.85732,347.0,280.20999,8.64733,0
U5-BOD10-Cr(VI) 15mg/L-19042024-Q=50.12mL/phút-1,U5 - 17.04.2024,0,1,,288.71953,820.0,280.0,8.71953,0
U5-BOD10-Cr(VI) 15mg/L-19042024-Q=50.12mL/phút-1,U5 - 17.04.2024,0,2,,288.55447,1294.0,279.75,8.80447,0
U5-BOD10-Cr(VI) 15mg/L-19042024-Q=50.12mL/phút-1,U5 - 17.04.2024,0,3,,288.46572,1767.0,279.85001,8.61571,0
U5-BOD10-Cr(VI) 15mg/L-19042024-Q=50.12mL/phút-1,U5 - 17.04.2024,0,4,,288.28098,2242.0,279.32999,8.95099,0
U5-BOD10-Cr(VI) 15mg/L-19042024-Q=50.12mL/phút-1,U5 - 17.04.2024,0,5,,288.40881,2715.0,279.25,9.15881,0
U5-BOD10-Cr(VI) 15mg/L-19042024-Q=50.12mL/phút-1,U5 - 17.04.2024,0,6,BOD 10 - Cr(VI)-15,288.40667,3187.0,279.41,8.99667,1
U5-BOD10-Cr(VI) 15mg/L-19042024-Q=50.12mL/phút-1,U5 - 17.04.2024,0,7,,288.34191,3661.0,279.95999,8.38192,1
U5-BOD10-Cr(VI) 15mg/L-19042024-Q=50.12mL/phút-1,U5 - 17.04.2024,0,8,,288.37548,4135.0,279.98001,8.39547,1
U5-BOD10-Cr(VI) 15mg/L-19042024-Q=50.12mL/phút-1,U5 - 17.04.2024,0,9,,288.33095,4608.0,280.42001,7.91094,1
U5-BOD10-Cr(VI) 15mg/L-19042024-Q=50.12mL/phút-1,U5 - 17.04.2024,0,10,,288.32951,5081.0,280.76999,7.55952,1
U5-BOD10-Cr(VI) 15mg/L-19042024-Q=50.12mL/phút-1,U5 - 17.04.2024,0,11,,288.12167,5555.0,280.67001,7.45166,1
U5-BOD10-Cr(VI) 15mg/L-19042024-Q=50.12mL/phút-1,U5 - 17.04.2024,0,12,,288.01833,6029.0,280.79001,7.22832,1
U5-BOD10-Cr(VI) 15mg/L-19042024-Q=50.12mL/phút-1,U5 - 17.04.2024,0,13,,287.8119,6502.0,280.94,6.8719,2
U5-BOD10-Cr(VI) 15mg/L-19042024-Q=50.12mL/phút-1,U5 - 17.04.2024,0,14,,287.89905,6974.0,281.14999,6.74906,2
U5-BOD10-Cr(VI) 15mg/L-19042024-Q=50.12mL/phút-1,U5 - 17.04.2024,0,15,,287.81829,7449.0,280.95999,6.8583,2
U184-H5-VS2-GGA5-Ni 5mg-L-09092024-Q=50.2mL-phút-6,U184-H5-VS2-03.09.2024,0,0,GGA5,299.67083,311.0,213.7,85.97083,0
U184-H5-VS2-GGA5-Ni 5mg-L-09092024-Q=50.2mL-phút-6,U184-H5-VS2-03.09.2024,0,1,,297.77292,784.0,212.0,85.77292,0
U184-H5-VS2-GGA5-Ni 5mg-L-09092024-Q=50.2mL-phút-6,U184-H5-VS2-03.09.2024,0,2,,296.725,1258.0,212.8,83.925,0
U184-H5-VS2-GGA5-Ni 5mg-L-09092024-Q=50.2mL-phút-6,U184-H5-VS2-03.09.2024,0,3,,295.48125,1731.0,212.4,83.08125,0
U184-H5-VS2-GGA5-Ni 5mg-L-09092024-Q=50.2mL-phút-6,U184-H5-VS2-03.09.2024,0,4,,295.61667,2204.0,212.3,83.31667,0
U184-H5-VS2-GGA5-Ni 5mg-L-09092024-Q=50.2mL-phút-6,U184-H5-VS2-03.09.2024,0,5,,294.37708,2676.0,210.80001,83.57707,0
U184-H5-VS2-GGA5-Ni 5mg-L-09092024-Q=50.2mL-phút-6,U184-H5-VS2-03.09.2024,0,6,GGA5-Ni-5,297.94375,3151.0,210.2,87.74375,1
U184-H5-VS2-GGA5-Ni 5mg-L-09092024-Q=50.2mL-phút-6,U184-H5-VS2-03.09.2024,0,7,,306.85208,3622.0,225.6,81.25208,1
U184-H5-VS2-GGA5-Ni 5mg-L-09092024-Q=50.2mL-phút-6,U184-H5-VS2-03.09.2024,0,8,,312.13542,4097.0,231.90001,80.23541,1
U184-H5-VS2-GGA5-Ni 5mg-L-09092024-Q=50.2mL-phút-6,U184-H5-VS2-03.09.2024,0,9,,317.25417,4570.0,238.10001,79.15416,1
U184-H5-VS2-GGA5-Ni 5mg-L-09092024-Q=50.2mL-phút-6,U184-H5-VS2-03.09.2024,0,10,,321.48958,5044.0,243.6,77.88958,1
U184-H5-VS2-GGA5-Ni 5mg-L-09092024-Q=50.2mL-phút-6,U184-H5-VS2-03.09.2024,0,11,,317.63333,5518.0,236.6,81.03333,1
U184-H5-VS2-GGA5-Ni 5mg-L-09092024-Q=50.2mL-phút-6,U184-H5-VS2-03.09.2024,0,12,,316.225,5991.0,235.49999,80.72501,1
U184-H5-VS2-GGA5-Ni 5mg-L-09092024-Q=50.2mL-phút-6,U184-H5-VS2-03.09.2024,0,13,,317.25625,6464.0,238.7,78.55625,2
U184-H5-VS2-GGA5-Ni 5mg-L-09092024-Q=50.2mL-phút-6,U184-H5-VS2-03.09.2024,0,14,,318.76667,6939.0,242.50001,76.26666,2
U227-H5-VS2-GGA5-Zn 10mg-L-23102024-Q=50.44mL-phút-5,U227-H5-VS2-21.10.2024,0,0,GGA5,298.82885,301.0,214.5,84.32885,0
U227-H5-VS2-GGA5-Zn 10mg-L-23102024-Q=50.44mL-phút-5,U227-H5-VS2-21.10.2024,0,1,,298.69231,776.0,213.2,85.49231,0
U227-H5-VS2-GGA5-Zn 10mg-L-23102024-Q=50.44mL-phút-5,U227-H5-VS2-21.10.2024,0,2,,297.22453,1249.0,214.5,82.72453,0
U227-H5-VS2-GGA5-Zn 10mg-L-23102024-Q=50.44mL-phút-5,U227-H5-VS2-21.10.2024,0,3,,297.04615,1721.0,213.8,83.24615,0
U227-H5-VS2-GGA5-Zn 10mg-L-23102024-Q=50.44mL-phút-5,U227-H5-VS2-21.10.2024,0,4,,296.62727,2194.0,206.7,89.92727,0
U227-H5-VS2-GGA5-Zn 10mg-L-23102024-Q=50.44mL-phút-5,U227-H5-VS2-21.10.2024,0,5,,293.94039,2667.0,205.8,88.14039,0
U227-H5-VS2-GGA5-Zn 10mg-L-23102024-Q=50.44mL-phút-5,U227-H5-VS2-21.10.2024,0,6,,293.69808,3140.0,204.69999,88.99809,0
U227-H5-VS2-GGA5-Zn 10mg-L-23102024-Q=50.44mL-phút-5,U227-H5-VS2-21.10.2024,0,7,GGA5-Zn-10,284.38846,3622.0,193.6,90.78846,1
U227-H5-VS2-GGA5-Zn 10mg-L-23102024-Q=50.44mL-phút-5,U227-H5-VS2-21.10.2024,0,8,,284.36154,4092.0,188.6,95.76154,1
U227-H5-VS2-GGA5-Zn 10mg-L-23102024-Q=50.44mL-phút-5,U227-H5-VS2-21.10.2024,0,9,,291.95769,4562.0,211.0,80.95769,1
U227-H5-VS2-GGA5-Zn 10mg-L-23102024-Q=50.44mL-phút-5,U227-H5-VS2-21.10.2024,0,10,,295.37359,5034.0,222.9,72.47359,1
U227-H5-VS2-GGA5-Zn 10mg-L-23102024-Q=50.44mL-phút-5,U227-H5-VS2-21.10.2024,0,11,,295.14039,5506.0,224.09999,71.0404,1
U227-H5-VS2-GGA5-Zn 10mg-L-23102024-Q=50.44mL-phút-5,U227-H5-VS2-21.10.2024,0,12,,296.40189,5979.0,234.3,62.10189,1
U227-H5-VS2-GGA5-Zn 10mg-L-23102024-Q=50.44mL-phút-5,U227-H5-VS2-21.10.2024,0,13,,295.96538,6451.0,234.3,61.66538,2
U227-H5-VS2-GGA5-Zn 10mg-L-23102024-Q=50.44mL-phút-5,U227-H5-VS2-21.10.2024,0,14,,296.15192,6923.0,235.7,60.45192,2
U227-H5-VS2-GGA15-Cr 10mg-L-23102024-Q=50.12mL-phút-6,U227-H5-VS2-21.10.2024,1,0,GGA15,301.8423,301.0,223.19999,78.64231,0
U227-H5-VS2-GGA15-Cr 10mg-L-23102024-Q=50.12mL-phút-6,U227-H5-VS2-21.10.2024,1,1,,311.09245,770.0,232.70001,78.39244,0
U227-H5-VS2-GGA15-Cr 10mg-L-23102024-Q=50.12mL-phút-6,U227-H5-VS2-21.10.2024,1,2,,316.44423,1242.0,233.5,82.94423,0
U227-H5-VS2-GGA15-Cr 10mg-L-23102024-Q=50.12mL-phút-6,U227-H5-VS2-21.10.2024,1,3,,321.19615,1716.0,232.4,88.79615,0
U227-H5-VS2-GGA15-Cr 10mg-L-23102024-Q=50.12mL-phút-6,U227-H5-VS2-21.10.2024,1,4,,323.83462,2189.0,232.1,91.73462,0
U227-H5-VS2-GGA15-Cr 10mg-L-23102024-Q=50.12mL-phút-6,U227-H5-VS2-21.10.2024,1,5,,323.49423,2663.0,233.3,90.19423,0
U227-H5-VS2-GGA15-Cr 10mg-L-23102024-Q=50.12mL-phút-6,U227-H5-VS2-21.10.2024,1,6,GGA15-Cr-10,330.3327,3137.0,244.8,85.5327,1
U227-H5-VS2-GGA15-Cr 10mg-L-23102024-Q=50.12mL-phút-6,U227-H5-VS2-21.10.2024,1,7,,324.21731,3617.0,243.8,80.41731,1
U227-H5-VS2-GGA15-Cr 10mg-L-23102024-Q=50.12mL-phút-6,U227-H5-VS2-21.10.2024,1,8,,318.02308,4090.0,246.80001,71.22307,1
U227-H5-VS2-GGA15-Cr 10mg-L-23102024-Q=50.12mL-phút-6,U227-H5-VS2-21.10.2024,1,9,,308.94182,4561.0,243.49999,65.44183,1
U227-H5-VS2-GGA15-Cr 10mg-L-23102024-Q=50.12mL-phút-6,U227-H5-VS2-21.10.2024,1,10,,308.27115,5033.0,244.9,63.37115,1
U227-H5-VS2-GGA15-Cr 10mg-L-23102024-Q=50.12mL-phút-6,U227-H5-VS2-21.10.2024,1,11,,306.68269,5510.0,248.1,58.58269,1
U227-H5-VS2-GGA15-Cr 10mg-L-23102024-Q=50.12mL-phút-6,U227-H5-VS2-21.10.2024,1,12,,303.24231,5981.0,245.90001,57.3423,1
U227-H5-VS2-GGA15-Cr 10mg-L-23102024-Q=50.12mL-phút-6,U227-H5-VS2-21.10.2024,1,13,,302.49423,6455.0,249.8,52.69423,2
U227-H5-VS2-GGA15-Cr 10mg-L-23102024-Q=50.12mL-phút-6,U227-H5-VS2-21.10.2024,1,14,,307.28269,6927.0,253.8,53.48269,2
U227-H5-VS2-GGA20-Ni 15mg-L-23102024-Q=50.36mL-phút-7,U227-H5-VS2-21.10.2024,2,0,GGA20,304.19615,301.0,255.29999,48.89616,0
U227-H5-VS2-GGA20-Ni 15mg-L-23102024-Q=50.36mL-phút-7,U227-H5-VS2-21.10.2024,2,1,,305.725,771.0,254.20001,51.52499,0
U227-H5-VS2-GGA20-Ni 15mg-L-23102024-Q=50.36mL-phút-7,U227-H5-VS2-21.10.2024,2,2,,304.62115,1244.0,252.99999,51.62116,0
U227-H5-VS2-GGA20-Ni 15mg-L-23102024-Q=50.36mL-phút-7,U227-H5-VS2-21.10.2024,2,3,,316.92641,1714.0,271.69999,45.22642,0
U227-H5-VS2-GGA20-Ni 15mg-L-23102024-Q=50.36mL-phút-7,U227-H5-VS2-21.10.2024,2,4,,314.68077,2187.0,269.10001,45.58076,0
U227-H5-VS2-GGA20-Ni 15mg-L-23102024-Q=50.36mL-phút-7,U227-H5-VS2-21.10.2024,2,5,,314.82807,2661.0,268.79999,46.02808,0
U227-H5-VS2-GGA20-Ni 15mg-L-23102024-Q=50.36mL-phút-7,U227-H5-VS2-21.10.2024,2,6,,316.46552,3135.0,270.79999,45.66553,0
U227-H5-VS2-GGA20-Ni 15mg-L-23102024-Q=50.36mL-phút-7,U227-H5-VS2-21.10.2024,2,7,GGA20-Ni-15,302.75862,3614.0,259.29999,43.45863,1
U227-H5-VS2-GGA20-Ni 15mg-L-23102024-Q=50.36mL-phút-7,U227-H5-VS2-21.10.2024,2,8,,302.72105,4085.0,257.49999,45.22106,1
U227-H5-VS2-GGA20-Ni 15mg-L-23102024-Q=50.36mL-phút-7,U227-H5-VS2-21.10.2024,2,9,,305.30862,4557.0,259.40001,45.90861,1
U227-H5-VS2-GGA20-Ni 15mg-L-23102024-Q=50.36mL-phút-7,U227-H5-VS2-21.10.2024,2,10,,312.79152,5030.0,268.59999,44.19153,1
U227-H5-VS2-GGA20-Ni 15mg-L-23102024-Q=50.36mL-phút-7,U227-H5-VS2-21.10.2024,2,11,,309.35614,5505.0,264.99999,44.35615,1
U227-H5-VS2-GGA20-Ni 15mg-L-23102024-Q=50.36mL-phút-7,U227-H5-VS2-21.10.2024,2,12,,306.97544,5978.0,263.50001,43.47543,2
U227-H5-VS2-GGA20-Ni 15mg-L-23102024-Q=50.36mL-phút-7,U227-H5-VS2-21.10.2024,2,13,,303.07544,6457.0,259.7,43.37544,2
U228-H6-VS2-GGA15-Zn 10mg-L-23102024-Q=50.74mL-min-6,U228-H6-VS2-21.10.2024,0,0,GGA15,313.24561,301.0,287.0,26.24561,0
U228-H6-VS2-GGA15-Zn 10mg-L-23102024-Q=50.74mL-min-6,U228-H6-VS2-21.10.2024,0,1,,309.87895,776.0,283.10001,26.77894,0
U228-H6-VS2-GGA15-Zn 10mg-L-23102024-Q=50.74mL-min-6,U228-H6-VS2-21.10.2024,0,2,,307.8,1254.0,282.09999,25.70001,0
U228-H6-VS2-GGA15-Zn 10mg-L-23102024-Q=50.74mL-min-6,U228-H6-VS2-21.10.2024,0,3,,305.89322,1722.0,280.09999,25.79323,0
U228-H6-VS2-GGA15-Zn 10mg-L-23102024-Q=50.74mL-min-6,U228-H6-VS2-21.10.2024,0,4,,304.7069,2192.0,279.70001,25.00689,0
U228-H6-VS2-GGA15-Zn 10mg-L-23102024-Q=50.74mL-min-6,U228-H6-VS2-21.10.2024,0,5,GGA15-Zn-10,301.98718,2669.0,275.00001,26.98717,1
U228-H6-VS2-GGA15-Zn 10mg-L-23102024-Q=50.74mL-min-6,U228-H6-VS2-21.10.2024,0,6,,303.31539,3144.0,282.99999,20.3154,1
U228-H6-VS2-GGA15-Zn 10mg-L-23102024-Q=50.74mL-min-6,U228-H6-VS2-21.10.2024,0,7,,302.89744,3618.0,285.29999,17.59745,2
U228-H6-VS2-GGA15-Zn 10mg-L-23102024-Q=50.74mL-min-6,U228-H6-VS2-21.10.2024,0,8,,302.645,4090.0,284.90001,17.74499,2
U228-H6-VS2-GGA15-Zn 10mg-L-23102024-Q=50.74mL-min-6,U228-H6-VS2-21.10.2024,0,9,,301.3375,4562.0,284.1,17.2375,2
U228-H6-VS2-GGA20-Cr 10mg-L-23102024-Q=50.06mL-min-6,U228-H6-VS2-21.10.2024,1,0,GGA20,291.36923,301.0,268.90001,22.46922,0
U228-H6-VS2-GGA20-Cr 10mg-L-23102024-Q=50.06mL-min-6,U228-H6-VS2-21.10.2024,1,1,,289.0,769.0,266.40001,22.59999,0
U228-H6-VS2-GGA20-Cr 10mg-L-23102024-Q=50.06mL-min-6,U228-H6-VS2-21.10.2024,1,2,,286.90976,1250.0,266.5,20.40976,0
U228-H6-VS2-GGA20-Cr 10mg-L-23102024-Q=50.06mL-min-6,U228-H6-VS2-21.10.2024,1,3,,300.46154,1729.0,277.00001,23.46153,0
U228-H6-VS2-GGA20-Cr 10mg-L-23102024-Q=50.06mL-min-6,U228-H6-VS2-21.10.2024,1,4,,303.08654,2203.0,277.90001,25.18653,0
U228-H6-VS2-GGA20-Cr 10mg-L-23102024-Q=50.06mL-min-6,U228-H6-VS2-21.10.2024,1,5,,303.19039,2679.0,276.30001,26.89038,0
U228-H6-VS2-GGA20-Cr 10mg-L-23102024-Q=50.06mL-min-6,U228-H6-VS2-21.10.2024,1,6,,304.10192,3150.0,278.10001,26.00191,0
U228-H6-VS2-GGA20-Cr 10mg-L-23102024-Q=50.06mL-min-6,U228-H6-VS2-21.10.2024,1,7,GGA20-Cr-10,305.81538,3627.0,279.59999,26.21539,1
U228-H6-VS2-GGA20-Cr 10mg-L-23102024-Q=50.06mL-min-6,U228-H6-VS2-21.10.2024,1,8,,312.28846,4104.0,286.00001,26.28845,1
U228-H6-VS2-GGA20-Cr 10mg-L-23102024-Q=50.06mL-min-6,U228-H6-VS2-21.10.2024,1,9,,314.40926,4578.0,287.99999,26.40927,1
U228-H6-VS2-GGA20-Cr 10mg-L-23102024-Q=50.06mL-min-6,U228-H6-VS2-21.10.2024,1,10,,305.94038,5050.0,282.20001,23.74037,1
U228-H6-VS2-GGA20-Cr 10mg-L-23102024-Q=50.06mL-min-6,U228-H6-VS2-21.10.2024,1,11,,298.63077,5516.0,278.2,20.43077,1
U228-H6-VS2-GGA20-Cr 10mg-L-23102024-Q=50.06mL-min-6,U228-H6-VS2-21.10.2024,1,12,,297.48269,5993.0,276.2,21.28269,1
U228-H6-VS2-GGA20-Cr 10mg-L-23102024-Q=50.06mL-min-6,U228-H6-VS2-21.10.2024,1,13,,297.22885,6468.0,277.00001,20.22884,1
U228-H6-VS2-GGA20-Cr 10mg-L-23102024-Q=50.06mL-min-6,U228-H6-VS2-21.10.2024,1,14,,293.47308,6938.0,275.59999,17.87309,2
U228-H6-VS2-GGA20-Cr 10mg-L-23102024-Q=50.06mL-min-6,U228-H6-VS2-21.10.2024,1,15,,290.61346,7413.0,274.19999,16.41347,2
U228-H6-VS2-GGA20-Cr 10mg-L-23102024-Q=50.06mL-min-6,U228-H6-VS2-21.10.2024,1,16,,295.06296,7885.0,277.00001,18.06295,2
U228-H6-VS2-GGA20-Cr 10mg-L-23102024-Q=50.06mL-min-6,U228-H6-VS2-21.10.2024,1,17,,292.09423,8372.0,274.19999,17.89424,2
U229-H5-VS2-GGA5-Zn 15mg-L-24102024-Q=50.48mL-min-3,U229-H5-VS2-22.10.2024,0,0,GGA5,287.41207,301.0,235.40001,52.01206,0
U229-H5-VS2-GGA5-Zn 15mg-L-24102024-Q=50.48mL-min-3,U229-H5-VS2-22.10.2024,0,1,,287.21552,775.0,232.70001,54.51551,0
U229-H5-VS2-GGA5-Zn 15mg-L-24102024-Q=50.48mL-min-3,U229-H5-VS2-22.10.2024,0,2,,285.40172,1244.0,232.1,53.30172,0
U229-H5-VS2-GGA5-Zn 15mg-L-24102024-Q=50.48mL-min-3,U229-H5-VS2-22.10.2024,0,3,,282.47167,1718.0,229.20001,53.27166,0
U229-H5-VS2-GGA5-Zn 15mg-L-24102024-Q=50.48mL-min-3,U229-H5-VS2-22.10.2024,0,4,,281.57369,2194.0,224.3,57.27369,0
U229-H5-VS2-GGA5-Zn 15mg-L-24102024-Q=50.48mL-min-3,U229-H5-VS2-22.10.2024,0,5,,279.35173,2667.0,224.7,54.65173,0
U229-H5-VS2-GGA5-Zn 15mg-L-24102024-Q=50.48mL-min-3,U229-H5-VS2-22.10.2024,0,6,,284.49825,3137.0,226.79999,57.69826,0
U229-H5-VS2-GGA5-Zn 15mg-L-24102024-Q=50.48mL-min-3,U229-H5-VS2-22.10.2024,0,7,GGA5-Zn-15,292.84138,3613.0,238.99999,53.84139,1
U229-H5-VS2-GGA5-Zn 15mg-L-24102024-Q=50.48mL-min-3,U229-H5-VS2-22.10.2024,0,8,,299.44483,4083.0,250.29999,49.14484,1
U229-H5-VS2-GGA5-Zn 15mg-L-24102024-Q=50.48mL-min-3,U229-H5-VS2-22.10.2024,0,9,,307.53333,4558.0,257.2,50.33333,2
U229-H5-VS2-GGA5-Zn 15mg-L-24102024-Q=50.48mL-min-3,U229-H5-VS2-22.10.2024,0,10,,311.16491,5030.0,260.50001,50.6649,2
U229-H5-VS2-GGA10-Cr 10mg-L-24102024-Q=50.56mL-min-6,U229-H5-VS2-22.10.2024,1,0,GGA10,318.39483,301.0,257.99999,60.39484,0
U229-H5-VS2-GGA10-Cr 10mg-L-24102024-Q=50.56mL-min-6,U229-H5-VS2-22.10.2024,1,1,,319.01403,775.0,256.1,62.91403,0
U229-H5-VS2-GGA10-Cr 10mg-L-24102024-Q=50.56mL-min-6,U229-H5-VS2-22.10.2024,1,2,,318.35438,1248.0,252.7,65.65438,0
U229-H5-VS2-GGA10-Cr 10mg-L-24102024-Q=50.56mL-min-6,U229-H5-VS2-22.10.2024,1,3,,308.14912,1719.0,244.5,63.64912,0
U229-H5-VS2-GGA10-Cr 10mg-L-24102024-Q=50.56mL-min-6,U229-H5-VS2-22.10.2024,1,4,,307.46333,2195.0,248.2,59.26333,0
U229-H5-VS2-GGA10-Cr 10mg-L-24102024-Q=50.56mL-min-6,U229-H5-VS2-22.10.2024,1,5,,307.94211,2669.0,239.6,68.34211,0
U229-H5-VS2-GGA10-Cr 10mg-L-24102024-Q=50.56mL-min-6,U229-H5-VS2-22.10.2024,1,6,,304.82414,3141.0,240.6,64.22414,0
U229-H5-VS2-GGA10-Cr 10mg-L-24102024-Q=50.56mL-min-6,U229-H5-VS2-22.10.2024,1,7,GGA10-Cr-10,301.69825,3613.0,234.8,66.89825,1
U229-H5-VS2-GGA10-Cr 10mg-L-24102024-Q=50.56mL-min-6,U229-H5-VS2-22.10.2024,1,8,,300.65517,4086.0,242.50001,58.15516,1
U229-H5-VS2-GGA10-Cr 10mg-L-24102024-Q=50.56mL-min-6,U229-H5-VS2-22.10.2024,1,9,,304.62807,4559.0,246.90001,57.72806,1
U229-H5-VS2-GGA10-Cr 10mg-L-24102024-Q=50.56mL-min-6,U229-H5-VS2-22.10.2024,1,10,,308.5807,5035.0,253.50001,55.08069,1
U229-H5-VS2-GGA10-Cr 10mg-L-24102024-Q=50.56mL-min-6,U229-H5-VS2-22.10.2024,1,11,,310.1,5506.0,258.1,52.0,1
U229-H5-VS2-GGA10-Cr 10mg-L-24102024-Q=50.56mL-min-6,U229-H5-VS2-22.10.2024,1,12,,312.26102,5981.0,259.0,53.26102,1
U229-H5-VS2-GGA10-Cr 10mg-L-24102024-Q=50.56mL-min-6,U229-H5-VS2-22.10.2024,1,13,,314.7807,6453.0,261.59999,53.18071,1
U229-H5-VS2-GGA10-Cr 10mg-L-24102024-Q=50.56mL-min-6,U229-H5-VS2-22.10.2024,1,14,,306.81228,6927.0,256.8,50.01228,2
U229-H5-VS2-GGA10-Cr 10mg-L-24102024-Q=50.56mL-min-6,U229-H5-VS2-22.10.2024,1,15,,302.2431,7402.0,251.6,50.6431,2
U229-H5-VS2-GGA15-Ni 10mg-L-24102024-Q=50.4mL-min-6,U229-H5-VS2-22.10.2024,2,0,GGA15,304.77719,301.0,250.49999,54.2772,0
U229-H5-VS2-GGA15-Ni 10mg-L-24102024-Q=50.4mL-min-6,U229-H5-VS2-22.10.2024,2,1,,304.33966,772.0,249.2,55.13966,0
U229-H5-VS2-GGA15-Ni 10mg-L-24102024-Q=50.4mL-min-6,U229-H5-VS2-22.10.2024,2,2,,299.90345,1246.0,244.6,55.30345,0
U229-H5-VS2-GGA15-Ni 10mg-L-24102024-Q=50.4mL-min-6,U229-H5-VS2-22.10.2024,2,3,,295.10345,1719.0,241.9,53.20345,0
U229-H5-VS2-GGA15-Ni 10mg-L-24102024-Q=50.4mL-min-6,U229-H5-VS2-22.10.2024,2,4,,300.8193,2192.0,248.60001,52.21929,0
U229-H5-VS2-GGA15-Ni 10mg-L-24102024-Q=50.4mL-min-6,U229-H5-VS2-22.10.2024,2,5,GGA15-Ni-10,304.70877,2668.0,248.79999,55.90878,0
U229-H5-VS2-GGA15-Ni 10mg-L-24102024-Q=50.4mL-min-6,U229-H5-VS2-22.10.2024,2,6,,298.09667,3140.0,245.4,52.69667,0
U229-H5-VS2-GGA15-Ni 10mg-L-24102024-Q=50.4mL-min-6,U229-H5-VS2-22.10.2024,2,7,,297.32807,3614.0,243.2,54.12807,1
U229-H5-VS2-GGA15-Ni 10mg-L-24102024-Q=50.4mL-min-6,U229-H5-VS2-22.10.2024,2,8,,298.92281,4088.0,246.80001,52.1228,1
U229-H5-VS2-GGA15-Ni 10mg-L-24102024-Q=50.4mL-min-6,U229-H5-VS2-22.10.2024,2,9,,304.66379,4561.0,251.89999,52.7638,1
U229-H5-VS2-GGA15-Ni 10mg-L-24102024-Q=50.4mL-min-6,U229-H5-VS2-22.10.2024,2,10,,307.63684,5035.0,255.80001,51.83683,1
U229-H5-VS2-GGA15-Ni 10mg-L-24102024-Q=50.4mL-min-6,U229-H5-VS2-22.10.2024,2,11,,309.995,5508.0,257.99999,51.99501,1
U229-H5-VS2-GGA15-Ni 10mg-L-24102024-Q=50.4mL-min-6,U229-H5-VS2-22.10.2024,2,12,,311.41034,5982.0,259.29999,52.11035,1
U229-H5-VS2-GGA15-Ni 10mg-L-24102024-Q=50.4mL-min-6,U229-H5-VS2-22.10.2024,2,13,,313.19474,6454.0,261.99999,51.19475,1
U229-H5-VS2-GGA15-Ni 10mg-L-24102024-Q=50.4mL-min-6,U229-H5-VS2-22.10.2024,2,14,,315.04561,6927.0,263.39999,51.64562,1
U229-H5-VS2-GGA15-Ni 10mg-L-24102024-Q=50.4mL-min-6,U229-H5-VS2-22.10.2024,2,15,,306.28421,7401.0,257.40001,48.8842,2
U229-H5-VS2-GGA15-Ni 10mg-L-24102024-Q=50.4mL-min-6,U229-H5-VS2-22.10.2024,2,16,,302.07241,7875.0,255.60001,46.4724,2
U230-H6-VS2-GGA2.5-Zn 10 mg-L-24102024-Q=50.32mL-min-3,U230-H6-VS2-22.10.2024,0,0,GGA2.5,318.34912,301.0,256.70001,61.64911,0
U230-H6-VS2-GGA2.5-Zn 10 mg-L-24102024-Q=50.32mL-min-3,U230-H6-VS2-22.10.2024,0,1,,319.03684,774.0,255.29999,63.73685,0
U230-H6-VS2-GGA2.5-Zn 10 mg-L-24102024-Q=50.32mL-min-3,U230-H6-VS2-22.10.2024,0,2,,305.72632,1253.0,252.79999,52.92633,0
U230-H6-VS2-GGA2.5-Zn 10 mg-L-24102024-Q=50.32mL-min-3,U230-H6-VS2-22.10.2024,0,3,,310.3569,1729.0,246.99999,63.35691,0
U230-H6-VS2-GGA2.5-Zn 10 mg-L-24102024-Q=50.32mL-min-3,U230-H6-VS2-22.10.2024,0,4,,317.59123,2202.0,254.20001,63.39122,0
U230-H6-VS2-GGA2.5-Zn 10 mg-L-24102024-Q=50.32mL-min-3,U230-H6-VS2-22.10.2024,0,5,,319.98596,2680.0,254.20001,65.78595,0
U230-H6-VS2-GGA2.5-Zn 10 mg-L-24102024-Q=50.32mL-min-3,U230-H6-VS2-22.10.2024,0,6,GGA2.5-Zn-10,327.83684,3150.0,263.70001,64.13683,1
U230-H6-VS2-GGA2.5-Zn 10 mg-L-24102024-Q=50.32mL-min-3,U230-H6-VS2-22.10.2024,0,7,,332.90176,3622.0,269.6,63.30176,1
U230-H6-VS2-GGA2.5-Zn 10 mg-L-24102024-Q=50.32mL-min-3,U230-H6-VS2-22.10.2024,0,8,,334.89492,4097.0,277.1,57.79492,2
U230-H6-VS2-GGA2.5-Zn 10 mg-L-24102024-Q=50.32mL-min-3,U230-H6-VS2-22.10.2024,0,9,,337.71379,4576.0,282.59999,55.1138,2
U230-H6-VS2-GGA2.5-Zn 10 mg-L-24102024-Q=50.32mL-min-3,U230-H6-VS2-22.10.2024,0,10,,337.08772,5055.0,278.9,58.18772,2
U230-H6-VS2-GGA10-Cr 15 mg-L-24102024-Q=49.88mL-min-6,U230-H6-VS2-22.10.2024,1,0,GGA10,318.00175,301.0,252.5,65.50175,0
U230-H6-VS2-GGA10-Cr 15 mg-L-24102024-Q=49.88mL-min-6,U230-H6-VS2-22.10.2024,1,1,,322.73559,778.0,260.50001,62.23558,0
U230-H6-VS2-GGA10-Cr 15 mg-L-24102024-Q=49.88mL-min-6,U230-H6-VS2-22.10.2024,1,2,,314.35172,1257.0,253.19999,61.15173,0
U230-H6-VS2-GGA10-Cr 15 mg-L-24102024-Q=49.88mL-min-6,U230-H6-VS2-22.10.2024,1,3,,308.52456,1730.0,247.70001,60.82455,0
U230-H6-VS2-GGA10-Cr 15 mg-L-24102024-Q=49.88mL-min-6,U230-H6-VS2-22.10.2024,1,4,GGA10-Cr-15,311.77719,2202.0,247.70001,64.07718,0
U230-H6-VS2-GGA10-Cr 15 mg-L-24102024-Q=49.88mL-min-6,U230-H6-VS2-22.10.2024,1,5,,314.18276,2680.0,251.19999,62.98277,0
U230-H6-VS2-GGA10-Cr 15 mg-L-24102024-Q=49.88mL-min-6,U230-H6-VS2-22.10.2024,1,6,,317.91897,3150.0,260.6,57.31897,0
U230-H6-VS2-GGA10-Cr 15 mg-L-24102024-Q=49.88mL-min-6,U230-H6-VS2-22.10.2024,1,7,,318.76667,3621.0,268.99999,49.76668,1
U230-H6-VS2-GGA10-Cr 15 mg-L-24102024-Q=49.88mL-min-6,U230-H6-VS2-22.10.2024,1,8,,317.76949,4099.0,270.90001,46.86948,1
U230-H6-VS2-GGA10-Cr 15 mg-L-24102024-Q=49.88mL-min-6,U230-H6-VS2-22.10.2024,1,9,,314.44655,4573.0,271.10001,43.34654,1
U230-H6-VS2-GGA10-Cr 15 mg-L-24102024-Q=49.88mL-min-6,U230-H6-VS2-22.10.2024,1,10,,301.96897,5045.0,263.59999,38.36898,2
U230-H6-VS2-GGA10-Cr 15 mg-L-24102024-Q=49.88mL-min-6,U230-H6-VS2-22.10.2024,1,11,,294.78104,5515.0,257.29999,37.48105,2
U230-H6-VS2-GGA10-Cr 15 mg-L-24102024-Q=49.88mL-min-6,U230-H6-VS2-22.10.2024,1,12,,294.95085,5990.0,260.69999,34.25086,2
U230-H6-VS2-GGA15-Ni 15 mg-L-24102024-Q=50.1mL-min-6,U230-H6-VS2-22.10.2024,2,0,GGA15,293.68246,301.0,249.1,44.58246,0
U230-H6-VS2-GGA15-Ni 15 mg-L-24102024-Q=50.1mL-min-6,U230-H6-VS2-22.10.2024,2,1,1,294.31228,777.0,249.4,44.91228,0
U230-H6-VS2-GGA15-Ni 15 mg-L-24102024-Q=50.1mL-min-6,U230-H6-VS2-22.10.2024,2,2,7600,289.64561,1246.0,247.2,42.44561,0
U230-H6-VS2-GGA15-Ni 15 mg-L-24102024-Q=50.1mL-min-6,U230-H6-VS2-22.10.2024,2,3,,283.86842,1718.0,242.50001,41.36841,0
U230-H6-VS2-GGA15-Ni 15 mg-L-24102024-Q=50.1mL-min-6,U230-H6-VS2-22.10.2024,2,4,,289.69655,2192.0,248.1,41.59655,0
U230-H6-VS2-GGA15-Ni 15 mg-L-24102024-Q=50.1mL-min-6,U230-H6-VS2-22.10.2024,2,5,GGA15-Ni-15,293.52982,2667.0,252.09999,41.42983,0
U230-H6-VS2-GGA15-Ni 15 mg-L-24102024-Q=50.1mL-min-6,U230-H6-VS2-22.10.2024,2,6,,292.61552,3140.0,250.60001,42.01551,0
U230-H6-VS2-GGA15-Ni 15 mg-L-24102024-Q=50.1mL-min-6,U230-H6-VS2-22.10.2024,2,7,,290.42833,3616.0,253.50001,36.92832,1
U230-H6-VS2-GGA15-Ni 15 mg-L-24102024-Q=50.1mL-min-6,U230-H6-VS2-22.10.2024,2,8,,304.85614,4087.0,260.6,44.25614,1
U230-H6-VS2-GGA15-Ni 15 mg-L-24102024-Q=50.1mL-min-6,U230-H6-VS2-22.10.2024,2,9,,306.30175,4555.0,263.70001,42.60174,1
U230-H6-VS2-GGA15-Ni 15 mg-L-24102024-Q=50.1mL-min-6,U230-H6-VS2-22.10.2024,2,10,,306.94138,5030.0,265.39999,41.54139,1
U230-H6-VS2-GGA15-Ni 15 mg-L-24102024-Q=50.1mL-min-6,U230-H6-VS2-22.10.2024,2,11,,298.05518,5507.0,260.50001,37.55517,1
U230-H6-VS2-GGA15-Ni 15 mg-L-24102024-Q=50.1mL-min-6,U230-H6-VS2-22.10.2024,2,12,,293.41896,5978.0,254.20001,39.21895,1
U230-H6-VS2-GGA15-Ni 15 mg-L-24102024-Q=50.1mL-min-6,U230-H6-VS2-22.10.2024,2,13,,295.26441,6455.0,259.40001,35.8644,2
U230-H6-VS2-GGA15-Ni 15 mg-L-24102024-Q=50.1mL-min-6,U230-H6-VS2-22.10.2024,2,14,,298.24035,6930.0,263.50001,34.74034,2
U230-H6-VS2-GGA15-Ni 15 mg-L-24102024-Q=50.1mL-min-6,U230-H6-VS2-22.10.2024,2,15,,300.06897,7400.0,263.3,36.76897,2
U231-H5-VS2-GGA12.5-Zn 10 mg-L-25102024-Q=50.14mL-min-7,U231-H5-VS2-23.10.2024,0,0,GGA12.5,307.85965,301.0,231.6,76.25965,0
U231-H5-VS2-GGA12.5-Zn 10 mg-L-25102024-Q=50.14mL-min-7,U231-H5-VS2-23.10.2024,0,1,,305.78597,775.0,233.1,72.68597,0
U231-H5-VS2-GGA12.5-Zn 10 mg-L-25102024-Q=50.14mL-min-7,U231-H5-VS2-23.10.2024,0,2,,302.30351,1250.0,226.1,76.20351,0
U231-H5-VS2-GGA12.5-Zn 10 mg-L-25102024-Q=50.14mL-min-7,U231-H5-VS2-23.10.2024,0,3,,304.16724,1725.0,229.30001,74.86723,0
U231-H5-VS2-GGA12.5-Zn 10 mg-L-25102024-Q=50.14mL-min-7,U231-H5-VS2-23.10.2024,0,4,,304.64913,2197.0,226.79999,77.84914,0
U231-H5-VS2-GGA12.5-Zn 10 mg-L-25102024-Q=50.14mL-min-7,U231-H5-VS2-23.10.2024,0,5,GGA12.5-Zn-10,314.28621,2676.0,235.8,78.48621,1
U231-H5-VS2-GGA12.5-Zn 10 mg-L-25102024-Q=50.14mL-min-7,U231-H5-VS2-23.10.2024,0,6,,307.37719,3149.0,232.6,74.77719,1
U231-H5-VS2-GGA12.5-Zn 10 mg-L-25102024-Q=50.14mL-min-7,U231-H5-VS2-23.10.2024,0,7,,303.37544,3625.0,236.0,67.37544,1
U231-H5-VS2-GGA12.5-Zn 10 mg-L-25102024-Q=50.14mL-min-7,U231-H5-VS2-23.10.2024,0,8,,297.46491,4099.0,237.4,60.06491,2
U231-H5-VS2-GGA12.5-Zn 10 mg-L-25102024-Q=50.14mL-min-7,U231-H5-VS2-23.10.2024,0,9,,301.14386,4573.0,241.2,59.94386,2
U231-H5-VS2-GGA12.5-Zn 10 mg-L-25102024-Q=50.14mL-min-7,U231-H5-VS2-23.10.2024,0,10,,304.36316,5044.0,243.7,60.66316,2
U231-H5-VS2-GGA7.5-Ni 15 mg-L-25102024-Q=50.96mL-min-6,U231-H5-VS2-23.10.2024,1,0,GGA7.5,298.32632,301.0,226.4,71.92632,0
U231-H5-VS2-GGA7.5-Ni 15 mg-L-25102024-Q=50.96mL-min-6,U231-H5-VS2-23.10.2024,1,1,,300.69123,778.0,229.30001,71.39122,0
U231-H5-VS2-GGA7.5-Ni 15 mg-L-25102024-Q=50.96mL-min-6,U231-H5-VS2-23.10.2024,1,2,,301.225,1249.0,223.90001,77.32499,0
U231-H5-VS2-GGA7.5-Ni 15 mg-L-25102024-Q=50.96mL-min-6,U231-H5-VS2-23.10.2024,1,3,,302.2386,1720.0,224.80001,77.43859,0
U231-H5-VS2-GGA7.5-Ni 15 mg-L-25102024-Q=50.96mL-min-6,U231-H5-VS2-23.10.2024,1,4,,305.53966,2196.0,226.79999,78.73967,0
U231-H5-VS2-GGA7.5-Ni 15 mg-L-25102024-Q=50.96mL-min-6,U231-H5-VS2-23.10.2024,1,5,,300.46034,2670.0,223.5,76.96034,0
U231-H5-VS2-GGA7.5-Ni 15 mg-L-25102024-Q=50.96mL-min-6,U231-H5-VS2-23.10.2024,1,6,GGA7.5-Ni-15,290.45614,3149.0,215.5,74.95614,1
U231-H5-VS2-GGA7.5-Ni 15 mg-L-25102024-Q=50.96mL-min-6,U231-H5-VS2-23.10.2024,1,7,,298.26849,3622.0,225.79999,72.4685,1
U231-H5-VS2-GGA7.5-Ni 15 mg-L-25102024-Q=50.96mL-min-6,U231-H5-VS2-23.10.2024,1,8,,301.67083,4095.0,229.6,72.07083,1
U231-H5-VS2-GGA7.5-Ni 15 mg-L-25102024-Q=50.96mL-min-6,U231-H5-VS2-23.10.2024,1,9,,304.80405,4571.0,237.29999,67.50406,1
U231-H5-VS2-GGA7.5-Ni 15 mg-L-25102024-Q=50.96mL-min-6,U231-H5-VS2-23.10.2024,1,10,,307.44167,5040.0,239.80001,67.64166,1
U231-H5-VS2-GGA7.5-Ni 15 mg-L-25102024-Q=50.96mL-min-6,U231-H5-VS2-23.10.2024,1,11,,299.1,5519.0,231.7,67.4,1
U231-H5-VS2-GGA7.5-Ni 15 mg-L-25102024-Q=50.96mL-min-6,U231-H5-VS2-23.10.2024,1,12,,295.03472,5991.0,230.5,64.53472,1
U231-H5-VS2-GGA7.5-Ni 15 mg-L-25102024-Q=50.96mL-min-6,U231-H5-VS2-23.10.2024,1,13,,296.89595,6464.0,226.4,70.49595,1
U231-H5-VS2-GGA7.5-Ni 15 mg-L-25102024-Q=50.96mL-min-6,U231-H5-VS2-23.10.2024,1,14,,285.74808,6938.0,220.0,65.74808,1
U231-H5-VS2-GGA7.5-Ni 15 mg-L-25102024-Q=50.96mL-min-6,U231-H5-VS2-23.10.2024,1,15,,280.62308,7411.0,218.70001,61.92307,2
U231-H5-VS2-GGA7.5-Ni 15 mg-L-25102024-Q=50.96mL-min-6,U231-H5-VS2-23.10.2024,1,16,,278.82407,7884.0,219.9,58.92407,2
U232-H6-VS2-GGA10-Cr 10 mg-L-25102024-Q=50.24mL-min-7,U232-H6-VS2-23.10.2024,0,0,GGA10,309.66552,301.0,254.40001,55.26551,0
U232-H6-VS2-GGA10-Cr 10 mg-L-25102024-Q=50.24mL-min-7,U232-H6-VS2-23.10.2024,0,1,,310.87241,774.0,256.50001,54.3724,0
U232-H6-VS2-GGA10-Cr 10 mg-L-25102024-Q=50.24mL-min-7,U232-H6-VS2-23.10.2024,0,2,,308.3,1246.0,254.40001,53.89999,0
U232-H6-VS2-GGA10-Cr 10 mg-L-25102024-Q=50.24mL-min-7,U232-H6-VS2-23.10.2024,0,3,,306.80848,1719.0,249.1,57.70848,0
U232-H6-VS2-GGA10-Cr 10 mg-L-25102024-Q=50.24mL-min-7,U232-H6-VS2-23.10.2024,0,4,,307.54912,2192.0,251.50001,56.04911,0
U232-H6-VS2-GGA10-Cr 10 mg-L-25102024-Q=50.24mL-min-7,U232-H6-VS2-23.10.2024,0,5,,318.40526,2667.0,261.7,56.70526,0
U232-H6-VS2-GGA10-Cr 10 mg-L-25102024-Q=50.24mL-min-7,U232-H6-VS2-23.10.2024,0,6,GGA10-Cr-10,318.16491,3144.0,260.6,57.56491,1
U232-H6-VS2-GGA10-Cr 10 mg-L-25102024-Q=50.24mL-min-7,U232-H6-VS2-23.10.2024,0,7,,314.28793,3620.0,259.99999,54.28794,1
U232-H6-VS2-GGA10-Cr 10 mg-L-25102024-Q=50.24mL-min-7,U232-H6-VS2-23.10.2024,0,8,,312.06897,4092.0,260.10001,51.96896,1
U232-H6-VS2-GGA10-Cr 10 mg-L-25102024-Q=50.24mL-min-7,U232-H6-VS2-23.10.2024,0,9,,310.66316,4563.0,265.70001,44.96315,1
U232-H6-VS2-GGA10-Cr 10 mg-L-25102024-Q=50.24mL-min-7,U232-H6-VS2-23.10.2024,0,10,,308.10167,5038.0,262.6,45.50167,1
U232-H6-VS2-GGA10-Cr 10 mg-L-25102024-Q=50.24mL-min-7,U232-H6-VS2-23.10.2024,0,11,,307.96034,5515.0,264.80001,43.16033,2
U232-H6-VS2-GGA10-Cr 10 mg-L-25102024-Q=50.24mL-min-7,U232-H6-VS2-23.10.2024,0,12,,307.39649,5985.0,262.69999,44.6965,2
U232-H6-VS2-GGA10-Cr 10 mg-L-25102024-Q=50.24mL-min-7,U232-H6-VS2-23.10.2024,0,13,,306.0569,6460.0,263.00001,43.05689,2
U232-H6-VS2-GGA7.5-Ni 15 mg-L-25102024-Q=49.96mL-min-7,U232-H6-VS2-23.10.2024,1,0,GGA7.5,299.34828,301.0,254.40001,44.94827,0
U232-H6-VS2-GGA7.5-Ni 15 mg-L-25102024-Q=49.96mL-min-7,U232-H6-VS2-23.10.2024,1,1,,297.84615,775.0,250.7,47.14615,0
U232-H6-VS2-GGA7.5-Ni 15 mg-L-25102024-Q=49.96mL-min-7,U232-H6-VS2-23.10.2024,1,2,,299.76731,1246.0,256.1,43.66731,0
U232-H6-VS2-GGA7.5-Ni 15 mg-L-25102024-Q=49.96mL-min-7,U232-H6-VS2-23.10.2024,1,3,,301.37885,1718.0,257.60001,43.77884,0
U232-H6-VS2-GGA7.5-Ni 15 mg-L-25102024-Q=49.96mL-min-7,U232-H6-VS2-23.10.2024,1,4,,295.55769,2193.0,250.9,44.65769,0
U232-H6-VS2-GGA7.5-Ni 15 mg-L-25102024-Q=49.96mL-min-7,U232-H6-VS2-23.10.2024,1,5,,290.97884,2664.0,248.2,42.77884,0
U232-H6-VS2-GGA7.5-Ni 15 mg-L-25102024-Q=49.96mL-min-7,U232-H6-VS2-23.10.2024,1,6,GGA7.5-Ni-15,293.50769,3137.0,254.5,39.00769,1
U232-H6-VS2-GGA7.5-Ni 15 mg-L-25102024-Q=49.96mL-min-7,U232-H6-VS2-23.10.2024,1,7,,298.35962,3609.0,258.39999,39.95963,1
U232-H6-VS2-GGA7.5-Ni 15 mg-L-25102024-Q=49.96mL-min-7,U232-H6-VS2-23.10.2024,1,8,,299.51538,4085.0,261.20001,38.31537,1
U232-H6-VS2-GGA7.5-Ni 15 mg-L-25102024-Q=49.96mL-min-7,U232-H6-VS2-23.10.2024,1,9,,303.11923,4564.0,265.19999,37.91924,1
U232-H6-VS2-GGA7.5-Ni 15 mg-L-25102024-Q=49.96mL-min-7,U232-H6-VS2-23.10.2024,1,10,,306.18846,5033.0,269.30001,36.88845,1
U232-H6-VS2-GGA7.5-Ni 15 mg-L-25102024-Q=49.96mL-min-7,U232-H6-VS2-23.10.2024,1,11,,302.76154,5504.0,265.19999,37.56155,1
U232-H6-VS2-GGA7.5-Ni 15 mg-L-25102024-Q=49.96mL-min-7,U232-H6-VS2-23.10.2024,1,12,,297.55,5977.0,261.59999,35.95001,1
U232-H6-VS2-GGA7.5-Ni 15 mg-L-25102024-Q=49.96mL-min-7,U232-H6-VS2-23.10.2024,1,13,,295.33269,6458.0,262.4,32.93269,1
U232-H6-VS2-GGA7.5-Ni 15 mg-L-25102024-Q=49.96mL-min-7,U232-H6-VS2-23.10.2024,1,14,,289.86481,6925.0,252.79999,37.06482,1
U232-H6-VS2-GGA7.5-Ni 15 mg-L-25102024-Q=49.96mL-min-7,U232-H6-VS2-23.10.2024,1,15,,279.86154,7401.0,249.2,30.66154,2
U232-H6-VS2-GGA7.5-Ni 15 mg-L-25102024-Q=49.96mL-min-7,U232-H6-VS2-23.10.2024,1,16,,274.19807,7872.0,242.59999,31.59808,2
U232-H6-VS2-GGA7.5-Ni 15 mg-L-25102024-Q=49.96mL-min-7,U232-H6-VS2-23.10.2024,1,17,,272.00769,8344.0,240.5,31.50769,2
U233-H5-VS2-GGA10-Ni 5 mg-L-28102024-Q=50.24mL-min-6,U233-H5-VS2-24.10.2024,0,0,GGA10,311.32909,301.0,230.0,81.32909,0
U233-H5-VS2-GGA10-Ni 5 mg-L-28102024-Q=50.24mL-min-6,U233-H5-VS2-24.10.2024,0,1,,311.34364,773.0,231.99999,79.34365,0
U233-H5-VS2-GGA10-Ni 5 mg-L-28102024-Q=50.24mL-min-6,U233-H5-VS2-24.10.2024,0,2,,307.88363,1248.0,225.70001,82.18362,0
U233-H5-VS2-GGA10-Ni 5 mg-L-28102024-Q=50.24mL-min-6,U233-H5-VS2-24.10.2024,0,3,,307.30909,1727.0,227.4,79.90909,0
U233-H5-VS2-GGA10-Ni 5 mg-L-28102024-Q=50.24mL-min-6,U233-H5-VS2-24.10.2024,0,4,,300.77636,2201.0,224.99999,75.77637,0
U233-H5-VS2-GGA10-Ni 5 mg-L-28102024-Q=50.24mL-min-6,U233-H5-VS2-24.10.2024,0,5,,304.38363,2674.0,224.80001,79.58362,0
U233-H5-VS2-GGA10-Ni 5 mg-L-28102024-Q=50.24mL-min-6,U233-H5-VS2-24.10.2024,0,6,,303.89091,3148.0,219.60001,84.2909,0
U233-H5-VS2-GGA10-Ni 5 mg-L-28102024-Q=50.24mL-min-6,U233-H5-VS2-24.10.2024,0,7,GGA10-Ni-5,312.04259,3621.0,221.30001,90.74258,1
U233-H5-VS2-GGA10-Ni 5 mg-L-28102024-Q=50.24mL-min-6,U233-H5-VS2-24.10.2024,0,8,,301.58,4094.0,228.9,72.68,1
U233-H5-VS2-GGA10-Ni 5 mg-L-28102024-Q=50.24mL-min-6,U233-H5-VS2-24.10.2024,0,9,,303.30727,4567.0,227.7,75.60727,2
U233-H5-VS2-GGA10-Ni 5 mg-L-28102024-Q=50.24mL-min-6,U233-H5-VS2-24.10.2024,0,10,,305.79375,5046.0,230.6,75.19375,2
U233-H5-VS2-GGA2.5-Cr 10 mg-L-28102024-Q=50.48mL-min-4,U233-H5-VS2-24.10.2024,1,0,GGA2.5,298.55,301.0,229.30001,69.24999,0
U233-H5-VS2-GGA2.5-Cr 10 mg-L-28102024-Q=50.48mL-min-4,U233-H5-VS2-24.10.2024,1,1,,296.04375,775.0,231.5,64.54375,0
U233-H5-VS2-GGA2.5-Cr 10 mg-L-28102024-Q=50.48mL-min-4,U233-H5-VS2-24.10.2024,1,2,,296.16875,1247.0,226.4,69.76875,0
U233-H5-VS2-GGA2.5-Cr 10 mg-L-28102024-Q=50.48mL-min-4,U233-H5-VS2-24.10.2024,1,3,,292.42812,1720.0,224.90001,67.52811,0
U233-H5-VS2-GGA2.5-Cr 10 mg-L-28102024-Q=50.48mL-min-4,U233-H5-VS2-24.10.2024,1,4,,298.24688,2190.0,232.6,65.64688,0
U233-H5-VS2-GGA2.5-Cr 10 mg-L-28102024-Q=50.48mL-min-4,U233-H5-VS2-24.10.2024,1,5,,297.51562,2665.0,234.50001,63.01561,0
U233-H5-VS2-GGA2.5-Cr 10 mg-L-28102024-Q=50.48mL-min-4,U233-H5-VS2-24.10.2024,1,6,,296.9,3139.0,235.1,61.8,0
U233-H5-VS2-GGA2.5-Cr 10 mg-L-28102024-Q=50.48mL-min-4,U233-H5-VS2-24.10.2024,1,7,GGA2.5-Cr-10,298.89636,3610.0,235.0,63.89636,1
U233-H5-VS2-GGA2.5-Cr 10 mg-L-28102024-Q=50.48mL-min-4,U233-H5-VS2-24.10.2024,1,8,,298.40546,4085.0,239.6,58.80546,1
U233-H5-VS2-GGA2.5-Cr 10 mg-L-28102024-Q=50.48mL-min-4,U233-H5-VS2-24.10.2024,1,9,,295.61636,4554.0,238.4,57.21636,1
U233-H5-VS2-GGA2.5-Cr 10 mg-L-28102024-Q=50.48mL-min-4,U233-H5-VS2-24.10.2024,1,10,,294.62545,5027.0,237.0,57.62545,1
U233-H5-VS2-GGA2.5-Cr 10 mg-L-28102024-Q=50.48mL-min-4,U233-H5-VS2-24.10.2024,1,11,,292.85091,5502.0,234.59999,58.25092,1
U233-H5-VS2-GGA2.5-Cr 10 mg-L-28102024-Q=50.48mL-min-4,U233-H5-VS2-24.10.2024,1,12,,292.96545,5976.0,237.6,55.36545,2
U233-H5-VS2-GGA2.5-Cr 10 mg-L-28102024-Q=50.48mL-min-4,U233-H5-VS2-24.10.2024,1,13,,292.85818,6449.0,238.3,54.55818,2
U233-H5-VS2-GGA12.5-Zn 5 mg-L-28102024-Q=50.44mL-min-5,U233-H5-VS2-24.10.2024,2,0,GGA12.5,287.91539,301.0,220.9,67.01539,0
U233-H5-VS2-GGA12.5-Zn 5 mg-L-28102024-Q=50.44mL-min-5,U233-H5-VS2-24.10.2024,2,1,,287.53231,773.0,219.4,68.13231,0
U233-H5-VS2-GGA12.5-Zn 5 mg-L-28102024-Q=50.44mL-min-5,U233-H5-VS2-24.10.2024,2,2,,286.09692,1245.0,213.8,72.29692,0
U233-H5-VS2-GGA12.5-Zn 5 mg-L-28102024-Q=50.44mL-min-5,U233-H5-VS2-24.10.2024,2,3,,285.77692,1720.0,214.39999,71.37693,0
U233-H5-VS2-GGA12.5-Zn 5 mg-L-28102024-Q=50.44mL-min-5,U233-H5-VS2-24.10.2024,2,4,,285.50615,2195.0,215.8,69.70615,0
U233-H5-VS2-GGA12.5-Zn 5 mg-L-28102024-Q=50.44mL-min-5,U233-H5-VS2-24.10.2024,2,5,,284.88594,2669.0,207.8,77.08594,0
U233-H5-VS2-GGA12.5-Zn 5 mg-L-28102024-Q=50.44mL-min-5,U233-H5-VS2-24.10.2024,2,6,,284.17612,3140.0,209.3,74.87612,0
U233-H5-VS2-GGA12.5-Zn 5 mg-L-28102024-Q=50.44mL-min-5,U233-H5-VS2-24.10.2024,2,7,GGA12.5-Zn-5,289.51385,3619.0,225.4,64.11385,1
U233-H5-VS2-GGA12.5-Zn 5 mg-L-28102024-Q=50.44mL-min-5,U233-H5-VS2-24.10.2024,2,8,,286.63385,4091.0,224.90001,61.73384,1
U233-H5-VS2-GGA12.5-Zn 5 mg-L-28102024-Q=50.44mL-min-5,U233-H5-VS2-24.10.2024,2,9,,287.42923,4567.0,220.50001,66.92922,1
U233-H5-VS2-GGA12.5-Zn 5 mg-L-28102024-Q=50.44mL-min-5,U233-H5-VS2-24.10.2024,2,10,,286.43125,5036.0,224.3,62.13125,1
U233-H5-VS2-GGA12.5-Zn 5 mg-L-28102024-Q=50.44mL-min-5,U233-H5-VS2-24.10.2024,2,11,,286.75,5511.0,220.2,66.55,2
U233-H5-VS2-GGA12.5-Zn 5 mg-L-28102024-Q=50.44mL-min-5,U233-H5-VS2-24.10.2024,2,12,,287.20615,5980.0,222.1,65.10615,2
U233-H5-VS2-GGA12.5-Zn 5 mg-L-28102024-Q=50.44mL-min-5,U233-H5-VS2-24.10.2024,2,13,,292.34844,6454.0,225.3,67.04844,2
U234-H6-VS2-GGA10-Ni 5 mg-L-28102024-Q=50.28mL-min-7,U234-H6-VS2-24.10.2024,0,0,GGA10,373.48947,301.0,319.00001,54.48946,0
U234-H6-VS2-GGA10-Ni 5 mg-L-28102024-Q=50.28mL-min-7,U234-H6-VS2-24.10.2024,0,1,,381.77719,774.0,326.79999,54.9772,0
U234-H6-VS2-GGA10-Ni 5 mg-L-28102024-Q=50.28mL-min-7,U234-H6-VS2-24.10.2024,0,2,,382.17568,1248.0,325.30001,56.87567,0
U234-H6-VS2-GGA10-Ni 5 mg-L-28102024-Q=50.28mL-min-7,U234-H6-VS2-24.10.2024,0,3,,380.78108,1723.0,326.79999,53.98109,0
U234-H6-VS2-GGA10-Ni 5 mg-L-28102024-Q=50.28mL-min-7,U234-H6-VS2-24.10.2024,0,4,,379.42105,2193.0,326.90001,52.52104,0
U234-H6-VS2-GGA10-Ni 5 mg-L-28102024-Q=50.28mL-min-7,U234-H6-VS2-24.10.2024,0,5,,373.20408,2661.0,322.29999,50.90409,0
U234-H6-VS2-GGA10-Ni 5 mg-L-28102024-Q=50.28mL-min-7,U234-H6-VS2-24.10.2024,0,6,GGA10-Ni-5,370.28163,3140.0,326.99999,43.28164,1
U234-H6-VS2-GGA10-Ni 5 mg-L-28102024-Q=50.28mL-min-7,U234-H6-VS2-24.10.2024,0,7,,371.67647,3619.0,329.4,42.27647,1
U234-H6-VS2-GGA10-Ni 5 mg-L-28102024-Q=50.28mL-min-7,U234-H6-VS2-24.10.2024,0,8,,369.46122,4092.0,326.20001,43.26121,2
U234-H6-VS2-GGA10-Ni 5 mg-L-28102024-Q=50.28mL-min-7,U234-H6-VS2-24.10.2024,0,9,,365.62041,4571.0,322.49999,43.12042,2
U234-H6-VS2-GGA2.5-Cr  10mg-L-28102024-Q=50.16mL-min-5,U234-H6-VS2-24.10.2024,1,0,GGA2.5,366.13061,301.0,330.70001,35.4306,0
U234-H6-VS2-GGA2.5-Cr  10mg-L-28102024-Q=50.16mL-min-5,U234-H6-VS2-24.10.2024,1,1,,369.43061,780.0,331.9,37.53061,0
U234-H6-VS2-GGA2.5-Cr  10mg-L-28102024-Q=50.16mL-min-5,U234-H6-VS2-24.10.2024,1,2,,367.25306,1253.0,330.1,37.15306,0
U234-H6-VS2-GGA2.5-Cr  10mg-L-28102024-Q=50.16mL-min-5,U234-H6-VS2-24.10.2024,1,3,,364.91837,1726.0,330.3,34.61837,0
U234-H6-VS2-GGA2.5-Cr  10mg-L-28102024-Q=50.16mL-min-5,U234-H6-VS2-24.10.2024,1,4,,361.12157,2200.0,326.20001,34.92156,0
U234-H6-VS2-GGA2.5-Cr  10mg-L-28102024-Q=50.16mL-min-5,U234-H6-VS2-24.10.2024,1,5,,360.28571,2677.0,327.89999,32.38572,0
U234-H6-VS2-GGA2.5-Cr  10mg-L-28102024-Q=50.16mL-min-5,U234-H6-VS2-24.10.2024,1,6,GGA2.5-Cr-10,358.276,3150.0,325.39999,32.87601,1
U234-H6-VS2-GGA2.5-Cr  10mg-L-28102024-Q=50.16mL-min-5,U234-H6-VS2-24.10.2024,1,7,,321.27115,3629.0,294.40001,26.87114,1
U234-H6-VS2-GGA2.5-Cr  10mg-L-28102024-Q=50.16mL-min-5,U234-H6-VS2-24.10.2024,1,8,,314.09846,4106.0,287.9,26.19846,1
U234-H6-VS2-GGA2.5-Cr  10mg-L-28102024-Q=50.16mL-min-5,U234-H6-VS2-24.10.2024,1,9,,309.09539,4578.0,286.3,22.79539,2
U234-H6-VS2-GGA2.5-Cr  10mg-L-28102024-Q=50.16mL-min-5,U234-H6-VS2-24.10.2024,1,10,,306.74154,5048.0,281.89999,24.84155,2
U234-H6-VS2-GGA12.5-Zn 5 mg-L-28102024-Q=49.88mL-min-6,U234-H6-VS2-24.10.2024,2,0,GGA2.5,305.55846,301.0,277.3,28.25846,0
U234-H6-VS2-GGA12.5-Zn 5 mg-L-28102024-Q=49.88mL-min-6,U234-H6-VS2-24.10.2024,2,1,,305.86769,773.0,277.3,28.56769,0
U234-H6-VS2-GGA12.5-Zn 5 mg-L-28102024-Q=49.88mL-min-6,U234-H6-VS2-24.10.2024,2,2,,305.30923,1253.0,277.70001,27.60922,0
U234-H6-VS2-GGA12.5-Zn 5 mg-L-28102024-Q=49.88mL-min-6,U234-H6-VS2-24.10.2024,2,3,,303.42769,1721.0,274.50001,28.92768,0
U234-H6-VS2-GGA12.5-Zn 5 mg-L-28102024-Q=49.88mL-min-6,U234-H6-VS2-24.10.2024,2,4,,303.17385,2196.0,272.89999,30.27386,0
U234-H6-VS2-GGA12.5-Zn 5 mg-L-28102024-Q=49.88mL-min-6,U234-H6-VS2-24.10.2024,2,5,,303.14849,2672.0,271.4,31.74849,0
U234-H6-VS2-GGA12.5-Zn 5 mg-L-28102024-Q=49.88mL-min-6,U234-H6-VS2-24.10.2024,2,6,,301.70469,3144.0,271.49999,30.2047,0
U234-H6-VS2-GGA12.5-Zn 5 mg-L-28102024-Q=49.88mL-min-6,U234-H6-VS2-24.10.2024,2,7,,303.38209,3620.0,274.19999,29.1821,1
U234-H6-VS2-GGA12.5-Zn 5 mg-L-28102024-Q=49.88mL-min-6,U234-H6-VS2-24.10.2024,2,8,GGA2.5-Cr-10,304.00667,4088.0,277.20001,26.80666,1
U234-H6-VS2-GGA12.5-Zn 5 mg-L-28102024-Q=49.88mL-min-6,U234-H6-VS2-24.10.2024,2,9,,302.67347,4563.0,277.39999,25.27348,1
U234-H6-VS2-GGA12.5-Zn 5 mg-L-28102024-Q=49.88mL-min-6,U234-H6-VS2-24.10.2024,2,10,,302.42857,5035.0,277.79999,24.62858,1
U234-H6-VS2-GGA12.5-Zn 5 mg-L-28102024-Q=49.88mL-min-6,U234-H6-VS2-24.10.2024,2,11,,302.18163,5510.0,275.00001,27.18162,1
U234-H6-VS2-GGA12.5-Zn 5 mg-L-28102024-Q=49.88mL-min-6,U234-H6-VS2-24.10.2024,2,12,,301.972,5986.0,274.69999,27.27201,1
U234-H6-VS2-GGA12.5-Zn 5 mg-L-28102024-Q=49.88mL-min-6,U234-H6-VS2-24.10.2024,2,13,,299.52653,6458.0,275.7,23.82653,2
U234-H6-VS2-GGA12.5-Zn 5 mg-L-28102024-Q=49.88mL-min-6,U234-H6-VS2-24.10.2024,2,14,,300.46136,6931.0,275.00001,25.46135,2
U235-H5-VS2-GGA10-Ni 10 mg-L-29102024-Q=50.34mL-min-6,U235-H5-VS2-27.10.2024,0,0,GGA10,309.62456,301.0,227.8,81.82456,0
U235-H5-VS2-GGA10-Ni 10 mg-L-29102024-Q=50.34mL-min-6,U235-H5-VS2-27.10.2024,0,1,,306.95,774.0,230.9,76.05,0
U235-H5-VS2-GGA10-Ni 10 mg-L-29102024-Q=50.34mL-min-6,U235-H5-VS2-27.10.2024,0,2,,302.96207,1247.0,225.2,77.76207,0
U235-H5-VS2-GGA10-Ni 10 mg-L-29102024-Q=50.34mL-min-6,U235-H5-VS2-27.10.2024,0,3,,300.02982,1721.0,220.3,79.72982,0
U235-H5-VS2-GGA10-Ni 10 mg-L-29102024-Q=50.34mL-min-6,U235-H5-VS2-27.10.2024,0,4,,295.23729,2194.0,217.80001,77.43728,0
U235-H5-VS2-GGA10-Ni 10 mg-L-29102024-Q=50.34mL-min-6,U235-H5-VS2-27.10.2024,0,5,,290.83333,2669.0,208.7,82.13333,0
U235-H5-VS2-GGA10-Ni 10 mg-L-29102024-Q=50.34mL-min-6,U235-H5-VS2-27.10.2024,0,6,,289.06379,3140.0,206.1,82.96379,0
U235-H5-VS2-GGA10-Ni 10 mg-L-29102024-Q=50.34mL-min-6,U235-H5-VS2-27.10.2024,0,7,,286.2421,3616.0,205.0,81.2421,0
U235-H5-VS2-GGA10-Ni 10 mg-L-29102024-Q=50.34mL-min-6,U235-H5-VS2-27.10.2024,0,8,GGA10-Ni-10,284.74865,4095.0,221.30001,63.44864,1
U235-H5-VS2-GGA10-Ni 10 mg-L-29102024-Q=50.34mL-min-6,U235-H5-VS2-27.10.2024,0,9,,283.39189,4567.0,230.5,52.89189,1
U235-H5-VS2-GGA10-Ni 10 mg-L-29102024-Q=50.34mL-min-6,U235-H5-VS2-27.10.2024,0,10,,282.72631,5039.0,228.6,54.12631,2
U235-H5-VS2-GGA10-Ni 10 mg-L-29102024-Q=50.34mL-min-6,U235-H5-VS2-27.10.2024,0,11,,290.63158,5513.0,236.2,54.43158,2
U235-H5-VS2-GGA10-Ni 10 mg-L-29102024-Q=50.34mL-min-6,U235-H5-VS2-27.10.2024,0,12,,298.72308,5986.0,243.8,54.92308,2
U235-H5-VS2-GGA17.5-Zn 15 mg-L-29102024-Q=50.48mL-min-6,U235-H5-VS2-27.10.2024,1,0,GGA17.5,307.81538,301.0,238.8,69.01538,0
U235-H5-VS2-GGA17.5-Zn 15 mg-L-29102024-Q=50.48mL-min-6,U235-H5-VS2-27.10.2024,1,1,,308.24231,774.0,238.00001,70.2423,0
U235-H5-VS2-GGA17.5-Zn 15 mg-L-29102024-Q=50.48mL-min-6,U235-H5-VS2-27.10.2024,1,2,,299.16154,1253.0,222.8,76.36154,0
U235-H5-VS2-GGA17.5-Zn 15 mg-L-29102024-Q=50.48mL-min-6,U235-H5-VS2-27.10.2024,1,3,,286.42692,1728.0,222.9,63.52692,0
U235-H5-VS2-GGA17.5-Zn 15 mg-L-29102024-Q=50.48mL-min-6,U235-H5-VS2-27.10.2024,1,4,,293.86346,2201.0,216.90001,76.96345,0
U235-H5-VS2-GGA17.5-Zn 15 mg-L-29102024-Q=50.48mL-min-6,U235-H5-VS2-27.10.2024,1,5,,290.11154,2674.0,212.3,77.81154,0
U235-H5-VS2-GGA17.5-Zn 15 mg-L-29102024-Q=50.48mL-min-6,U235-H5-VS2-27.10.2024,1,6,GGA17.5-Zn-15,292.64444,3148.0,215.29999,77.34445,1
U235-H5-VS2-GGA17.5-Zn 15 mg-L-29102024-Q=50.48mL-min-6,U235-H5-VS2-27.10.2024,1,7,,290.81538,3621.0,214.9,75.91538,1
U235-H5-VS2-GGA17.5-Zn 15 mg-L-29102024-Q=50.48mL-min-6,U235-H5-VS2-27.10.2024,1,8,,293.28654,4095.0,221.1,72.18654,1
U235-H5-VS2-GGA17.5-Zn 15 mg-L-29102024-Q=50.48mL-min-6,U235-H5-VS2-27.10.2024,1,9,,299.36346,4567.0,221.30001,78.06345,1
U235-H5-VS2-GGA17.5-Zn 15 mg-L-29102024-Q=50.48mL-min-6,U235-H5-VS2-27.10.2024,1,10,,300.21346,5032.0,233.2,67.01346,1
U235-H5-VS2-GGA17.5-Zn 15 mg-L-29102024-Q=50.48mL-min-6,U235-H5-VS2-27.10.2024,1,11,,300.48077,5490.0,232.2,68.28077,1
U235-H5-VS2-GGA17.5-Zn 15 mg-L-29102024-Q=50.48mL-min-6,U235-H5-VS2-27.10.2024,1,12,,296.35962,5965.0,235.1,61.25962,2
U235-H5-VS2-GGA17.5-Zn 15 mg-L-29102024-Q=50.48mL-min-6,U235-H5-VS2-27.10.2024,1,13,,296.56296,6439.0,238.7,57.86296,2
U235-H5-VS2-GGA12.5-Cr 15 mg-L-29102024-Q=50.28mL-min-6,U235-H5-VS2-27.10.2024,2,0,GGA12.5,291.11346,301.0,218.6,72.51346,0
U235-H5-VS2-GGA12.5-Cr 15 mg-L-29102024-Q=50.28mL-min-6,U235-H5-VS2-27.10.2024,2,1,,288.3537,776.0,211.4,76.9537,0
U235-H5-VS2-GGA12.5-Cr 15 mg-L-29102024-Q=50.28mL-min-6,U235-H5-VS2-27.10.2024,2,2,,292.42692,1246.0,216.6,75.82692,0
U235-H5-VS2-GGA12.5-Cr 15 mg-L-29102024-Q=50.28mL-min-6,U235-H5-VS2-27.10.2024,2,3,,297.38269,1722.0,221.0,76.38269,0
U235-H5-VS2-GGA12.5-Cr 15 mg-L-29102024-Q=50.28mL-min-6,U235-H5-VS2-27.10.2024,2,4,,294.02884,2193.0,212.9,81.12884,0
U235-H5-VS2-GGA12.5-Cr 15 mg-L-29102024-Q=50.28mL-min-6,U235-H5-VS2-27.10.2024,2,5,,290.65192,2667.0,207.8,82.85192,0
U235-H5-VS2-GGA12.5-Cr 15 mg-L-29102024-Q=50.28mL-min-6,U235-H5-VS2-27.10.2024,2,6,GGA12.5-Cr-15,291.46154,3141.0,215.4,76.06154,1
U235-H5-VS2-GGA12.5-Cr 15 mg-L-29102024-Q=50.28mL-min-6,U235-H5-VS2-27.10.2024,2,7,,293.17115,3614.0,229.30001,63.87114,1
U235-H5-VS2-GGA12.5-Cr 15 mg-L-29102024-Q=50.28mL-min-6,U235-H5-VS2-27.10.2024,2,8,,293.06852,4087.0,230.8,62.26852,1
U235-H5-VS2-GGA12.5-Cr 15 mg-L-29102024-Q=50.28mL-min-6,U235-H5-VS2-27.10.2024,2,9,,293.05192,4562.0,233.1,59.95192,1
U235-H5-VS2-GGA12.5-Cr 15 mg-L-29102024-Q=50.28mL-min-6,U235-H5-VS2-27.10.2024,2,10,,293.86154,5035.0,234.4,59.46154,1
U235-H5-VS2-GGA12.5-Cr 15 mg-L-29102024-Q=50.28mL-min-6,U235-H5-VS2-27.10.2024,2,11,,299.66346,5507.0,242.2,57.46346,1
U235-H5-VS2-GGA12.5-Cr 15 mg-L-29102024-Q=50.28mL-min-6,U235-H5-VS2-27.10.2024,2,12,,307.46154,5981.0,244.1,63.36154,1
U235-H5-VS2-GGA12.5-Cr 15 mg-L-29102024-Q=50.28mL-min-6,U235-H5-VS2-27.10.2024,2,13,,305.05,6452.0,246.00001,59.04999,1
U235-H5-VS2-GGA12.5-Cr 15 mg-L-29102024-Q=50.28mL-min-6,U235-H5-VS2-27.10.2024,2,14,,303.04615,6927.0,246.6,56.44615,2
U235-H5-VS2-GGA12.5-Cr 15 mg-L-29102024-Q=50.28mL-min-6,U235-H5-VS2-27.10.2024,2,15,,294.86111,7399.0,239.6,55.26111,2
U236-H6-VS2-GGA10-Ni 10 mg-L-29102024-Q=50.26mL-min-7,U236-H6-VS2-27.10.2024,0,0,GGA10,337.3849,301.0,286.8,50.5849,0
U236-H6-VS2-GGA10-Ni 10 mg-L-29102024-Q=50.26mL-min-7,U236-H6-VS2-27.10.2024,0,1,,332.47359,774.0,282.3,50.17359,0
U236-H6-VS2-GGA10-Ni 10 mg-L-29102024-Q=50.26mL-min-7,U236-H6-VS2-27.10.2024,0,2,,327.10555,1250.0,276.69999,50.40556,0
U236-H6-VS2-GGA10-Ni 10 mg-L-29102024-Q=50.26mL-min-7,U236-H6-VS2-27.10.2024,0,3,,324.71429,1721.0,269.80001,54.91428,0
U236-H6-VS2-GGA10-Ni 10 mg-L-29102024-Q=50.26mL-min-7,U236-H6-VS2-27.10.2024,0,4,,323.99057,2195.0,270.70001,53.29056,0
U236-H6-VS2-GGA10-Ni 10 mg-L-29102024-Q=50.26mL-min-7,U236-H6-VS2-27.10.2024,0,5,,321.85472,2669.0,266.7,55.15472,0
U236-H6-VS2-GGA10-Ni 10 mg-L-29102024-Q=50.26mL-min-7,U236-H6-VS2-27.10.2024,0,6,,321.43585,3146.0,265.8,55.63585,0
U236-H6-VS2-GGA10-Ni 10 mg-L-29102024-Q=50.26mL-min-7,U236-H6-VS2-27.10.2024,0,7,GGA10-Ni-10,320.0463,3616.0,270.3,49.7463,1
U236-H6-VS2-GGA10-Ni 10 mg-L-29102024-Q=50.26mL-min-7,U236-H6-VS2-27.10.2024,0,8,,320.26852,4090.0,278.49999,41.76853,1
U236-H6-VS2-GGA10-Ni 10 mg-L-29102024-Q=50.26mL-min-7,U236-H6-VS2-27.10.2024,0,9,,318.63889,4564.0,281.19999,37.4389,1
U236-H6-VS2-GGA10-Ni 10 mg-L-29102024-Q=50.26mL-min-7,U236-H6-VS2-27.10.2024,0,10,,311.51481,5034.0,274.10001,37.4148,1
U236-H6-VS2-GGA10-Ni 10 mg-L-29102024-Q=50.26mL-min-7,U236-H6-VS2-27.10.2024,0,11,,313.27857,5508.0,277.79999,35.47858,2
U236-H6-VS2-GGA10-Ni 10 mg-L-29102024-Q=50.26mL-min-7,U236-H6-VS2-27.10.2024,0,12,,310.99444,5982.0,276.49999,34.49445,2
U236-H6-VS2-GGA10-Ni 10 mg-L-29102024-Q=50.26mL-min-7,U236-H6-VS2-27.10.2024,0,13,,309.46667,6458.0,273.79999,35.66668,2
U236-H6-VS2-GGA17.5-Zn 15 mg-L-29102024-Q=50.48mL-min-7,U236-H6-VS2-27.10.2024,1,0,GGA17.5,323.78889,301.0,275.3,48.48889,0
U236-H6-VS2-GGA17.5-Zn 15 mg-L-29102024-Q=50.48mL-min-7,U236-H6-VS2-27.10.2024,1,1,,325.27963,775.0,275.40001,49.87962,0
U236-H6-VS2-GGA17.5-Zn 15 mg-L-29102024-Q=50.48mL-min-7,U236-H6-VS2-27.10.2024,1,2,,319.40377,1247.0,270.90001,48.50376,0
U236-H6-VS2-GGA17.5-Zn 15 mg-L-29102024-Q=50.48mL-min-7,U236-H6-VS2-27.10.2024,1,3,,317.02453,1720.0,266.99999,50.02454,0
U236-H6-VS2-GGA17.5-Zn 15 mg-L-29102024-Q=50.48mL-min-7,U236-H6-VS2-27.10.2024,1,4,,321.11852,2193.0,273.09999,48.01853,0
U236-H6-VS2-GGA17.5-Zn 15 mg-L-29102024-Q=50.48mL-min-7,U236-H6-VS2-27.10.2024,1,5,,327.74074,2667.0,278.29999,49.44075,0
U236-H6-VS2-GGA17.5-Zn 15 mg-L-29102024-Q=50.48mL-min-7,U236-H6-VS2-27.10.2024,1,6,,322.51852,3141.0,272.89999,49.61853,0
U236-H6-VS2-GGA17.5-Zn 15 mg-L-29102024-Q=50.48mL-min-7,U236-H6-VS2-27.10.2024,1,7,,320.59074,3612.0,273.40001,47.19073,1
U236-H6-VS2-GGA17.5-Zn 15 mg-L-29102024-Q=50.48mL-min-7,U236-H6-VS2-27.10.2024,1,8,GGA17.5-Zn-15,319.59629,4088.0,276.30001,43.29628,1
U236-H6-VS2-GGA17.5-Zn 15 mg-L-29102024-Q=50.48mL-min-7,U236-H6-VS2-27.10.2024,1,9,,318.88302,4562.0,272.1,46.78302,1
U236-H6-VS2-GGA17.5-Zn 15 mg-L-29102024-Q=50.48mL-min-7,U236-H6-VS2-27.10.2024,1,10,,319.86667,5033.0,276.4,43.46667,1
U236-H6-VS2-GGA17.5-Zn 15 mg-L-29102024-Q=50.48mL-min-7,U236-H6-VS2-27.10.2024,1,11,,322.5537,5507.0,277.70001,44.85369,1
U236-H6-VS2-GGA17.5-Zn 15 mg-L-29102024-Q=50.48mL-min-7,U236-H6-VS2-27.10.2024,1,12,,323.33148,5974.0,280.7,42.63148,1
U236-H6-VS2-GGA17.5-Zn 15 mg-L-29102024-Q=50.48mL-min-7,U236-H6-VS2-27.10.2024,1,13,,321.26852,6431.0,281.69999,39.56853,2
U236-H6-VS2-GGA17.5-Zn 15 mg-L-29102024-Q=50.48mL-min-7,U236-H6-VS2-27.10.2024,1,14,,317.35,6900.0,280.2,37.15,2
U236-H6-VS2-GGA17.5-Zn 15 mg-L-29102024-Q=50.48mL-min-7,U236-H6-VS2-27.10.2024,1,15,,314.98302,7372.0,279.1,35.88302,2
U236-H6-VS2-GGA12.5-Cr 15 mg-L-29102024-Q=49.92mL-min-7,U236-H6-VS2-27.10.2024,2,0,GGA12.5,323.04074,301.0,275.5,47.54074,0
U236-H6-VS2-GGA12.5-Cr 15 mg-L-29102024-Q=49.92mL-min-7,U236-H6-VS2-27.10.2024,2,1,,319.07778,769.0,272.8,46.27778,0
U236-H6-VS2-GGA12.5-Cr 15 mg-L-29102024-Q=49.92mL-min-7,U236-H6-VS2-27.10.2024,2,2,,317.83518,1243.0,270.20001,47.63517,0
U236-H6-VS2-GGA12.5-Cr 15 mg-L-29102024-Q=49.92mL-min-7,U236-H6-VS2-27.10.2024,2,3,,316.03962,1718.0,267.6,48.43962,0
U236-H6-VS2-GGA12.5-Cr 15 mg-L-29102024-Q=49.92mL-min-7,U236-H6-VS2-27.10.2024,2,4,,318.46296,2188.0,270.20001,48.26295,0
U236-H6-VS2-GGA12.5-Cr 15 mg-L-29102024-Q=49.92mL-min-7,U236-H6-VS2-27.10.2024,2,5,,322.41852,2663.0,272.50001,49.91851,0
U236-H6-VS2-GGA12.5-Cr 15 mg-L-29102024-Q=49.92mL-min-7,U236-H6-VS2-27.10.2024,2,6,,317.90556,3137.0,269.89999,48.00557,0
U236-H6-VS2-GGA12.5-Cr 15 mg-L-29102024-Q=49.92mL-min-7,U236-H6-VS2-27.10.2024,2,7,,315.03889,3608.0,267.6,47.43889,0
U236-H6-VS2-GGA12.5-Cr 15 mg-L-29102024-Q=49.92mL-min-7,U236-H6-VS2-27.10.2024,2,8,GGA12.5-Cr-15,317.06111,4086.0,266.40001,50.6611,1
U236-H6-VS2-GGA12.5-Cr 15 mg-L-29102024-Q=49.92mL-min-7,U236-H6-VS2-27.10.2024,2,9,,305.82963,4562.0,260.69999,45.12964,1
U236-H6-VS2-GGA12.5-Cr 15 mg-L-29102024-Q=49.92mL-min-7,U236-H6-VS2-27.10.2024,2,10,,286.60179,5037.0,245.4,41.20179,1
U236-H6-VS2-GGA12.5-Cr 15 mg-L-29102024-Q=49.92mL-min-7,U236-H6-VS2-27.10.2024,2,11,,279.09074,5512.0,240.6,38.49074,1
U236-H6-VS2-GGA12.5-Cr 15 mg-L-29102024-Q=49.92mL-min-7,U236-H6-VS2-27.10.2024,2,12,,273.01111,5985.0,235.0,38.01111,1
U236-H6-VS2-GGA12.5-Cr 15 mg-L-29102024-Q=49.92mL-min-7,U236-H6-VS2-27.10.2024,2,13,,274.23704,6461.0,238.90001,35.33703,1
U236-H6-VS2-GGA12.5-Cr 15 mg-L-29102024-Q=49.92mL-min-7,U236-H6-VS2-27.10.2024,2,14,,277.11667,6932.0,243.8,33.31667,2
U236-H6-VS2-GGA12.5-Cr 15 mg-L-29102024-Q=49.92mL-min-7,U236-H6-VS2-27.10.2024,2,15,,275.04545,7404.0,240.3,34.74545,2
U236-H6-VS2-GGA12.5-Cr 15 mg-L-29102024-Q=49.92mL-min-7,U236-H6-VS2-27.10.2024,2,16,,271.77885,7878.0,238.6,33.17885,2
U237-H5-VS2-GGA12.5-Cr 5 mg-L-30102024-Q=50.36mL-min-6,U237-H5-VS2-28.10.2024,0,0,GGA12.5,267.8,301.0,172.5,95.3,0
U237-H5-VS2-GGA12.5-Cr 5 mg-L-30102024-Q=50.36mL-min-6,U237-H5-VS2-28.10.2024,0,1,,270.29167,775.0,174.4,95.89167,0
U237-H5-VS2-GGA12.5-Cr 5 mg-L-30102024-Q=50.36mL-min-6,U237-H5-VS2-28.10.2024,0,2,,280.63959,1247.0,178.7,101.93959,0
U237-H5-VS2-GGA12.5-Cr 5 mg-L-30102024-Q=50.36mL-min-6,U237-H5-VS2-28.10.2024,0,3,,283.02292,1717.0,182.4,100.62292,0
U237-H5-VS2-GGA12.5-Cr 5 mg-L-30102024-Q=50.36mL-min-6,U237-H5-VS2-28.10.2024,0,4,,289.14583,2189.0,192.20001,96.94582,0
U237-H5-VS2-GGA12.5-Cr 5 mg-L-30102024-Q=50.36mL-min-6,U237-H5-VS2-28.10.2024,0,5,,288.5333,2662.0,187.5,101.0333,0
U237-H5-VS2-GGA12.5-Cr 5 mg-L-30102024-Q=50.36mL-min-6,U237-H5-VS2-28.10.2024,0,6,GGA12.5-Cr-5,289.82083,3135.0,195.80001,94.02082,1
U237-H5-VS2-GGA12.5-Cr 5 mg-L-30102024-Q=50.36mL-min-6,U237-H5-VS2-28.10.2024,0,7,,296.43542,3607.0,196.2,100.23542,1
U237-H5-VS2-GGA12.5-Cr 5 mg-L-30102024-Q=50.36mL-min-6,U237-H5-VS2-28.10.2024,0,8,,302.24865,4081.0,203.3,98.94865,1
U237-H5-VS2-GGA12.5-Cr 5 mg-L-30102024-Q=50.36mL-min-6,U237-H5-VS2-28.10.2024,0,9,,305.32973,4553.0,215.10001,90.22972,1
U237-H5-VS2-GGA12.5-Cr 5 mg-L-30102024-Q=50.36mL-min-6,U237-H5-VS2-28.10.2024,0,10,,301.04865,5028.0,218.1,82.94865,2
U237-H5-VS2-GGA12.5-Cr 5 mg-L-30102024-Q=50.36mL-min-6,U237-H5-VS2-28.10.2024,0,11,,304.53947,5500.0,221.30001,83.23946,2
U237-H5-VS2-GGA12.5-Cr 5 mg-L-30102024-Q=50.36mL-min-6,U237-H5-VS2-28.10.2024,0,12,,307.68378,5974.0,225.5,82.18378,2
U238-H6-VS2-GGA12.5-Cr 5 mg-L-30102024-Q=50.82mL-min-7,U238-H6-VS2-28.10.2024,0,0,GGA12.5,290.28621,301.0,232.4,57.88621,0
U238-H6-VS2-GGA12.5-Cr 5 mg-L-30102024-Q=50.82mL-min-7,U238-H6-VS2-28.10.2024,0,1,,298.57544,778.0,240.2,58.37544,0
U238-H6-VS2-GGA12.5-Cr 5 mg-L-30102024-Q=50.82mL-min-7,U238-H6-VS2-28.10.2024,0,2,,309.13276,1248.0,248.3,60.83276,0
U238-H6-VS2-GGA12.5-Cr 5 mg-L-30102024-Q=50.82mL-min-7,U238-H6-VS2-28.10.2024,0,3,,313.98421,1719.0,252.60001,61.3842,0
U238-H6-VS2-GGA12.5-Cr 5 mg-L-30102024-Q=50.82mL-min-7,U238-H6-VS2-28.10.2024,0,4,,313.86667,2189.0,251.1,62.76667,0
U238-H6-VS2-GGA12.5-Cr 5 mg-L-30102024-Q=50.82mL-min-7,U238-H6-VS2-28.10.2024,0,5,,315.020862,2665.0,255.2,59.820862,0
U238-H6-VS2-GGA12.5-Cr 5 mg-L-30102024-Q=50.82mL-min-7,U238-H6-VS2-28.10.2024,0,6,GGA12.5-Cr-5,321.57242,3138.0,258.30001,63.27241,1
U238-H6-VS2-GGA12.5-Cr 5 mg-L-30102024-Q=50.82mL-min-7,U238-H6-VS2-28.10.2024,0,7,,317.87895,3612.0,262.80001,55.07894,1
U238-H6-VS2-GGA12.5-Cr 5 mg-L-30102024-Q=50.82mL-min-7,U238-H6-VS2-28.10.2024,0,8,,317.97586,4086.0,262.4,55.57586,1
U238-H6-VS2-GGA12.5-Cr 5 mg-L-30102024-Q=50.82mL-min-7,U238-H6-VS2-28.10.2024,0,9,,316.19655,4555.0,265.39999,50.79656,1
U238-H6-VS2-GGA12.5-Cr 5 mg-L-30102024-Q=50.82mL-min-7,U238-H6-VS2-28.10.2024,0,10,,313.85965,5028.0,266.29999,47.55966,1
U238-H6-VS2-GGA12.5-Cr 5 mg-L-30102024-Q=50.82mL-min-7,U238-H6-VS2-28.10.2024,0,11,,313.15614,5501.0,268.5,44.65614,1
U238-H6-VS2-GGA12.5-Cr 5 mg-L-30102024-Q=50.82mL-min-7,U238-H6-VS2-28.10.2024,0,12,,311.99649,5975.0,269.2,42.79649,1
U238-H6-VS2-GGA12.5-Cr 5 mg-L-30102024-Q=50.82mL-min-7,U238-H6-VS2-28.10.2024,0,13,,312.78596,6451.0,273.79999,38.98597,2
U238-H6-VS2-GGA12.5-Cr 5 mg-L-30102024-Q=50.82mL-min-7,U238-H6-VS2-28.10.2024,0,14,,310.50345,6921.0,272.3,38.20345,2
U239-H5-VS2-GGA2.5-Cr 5 mg-L-31102024-Q=50.14mL-min-4,U239-H5-VS2-29.10.2024,0,0,GGA2.5,322.56667,301.0,248.2,74.36667,0
U239-H5-VS2-GGA2.5-Cr 5 mg-L-31102024-Q=50.14mL-min-4,U239-H5-VS2-29.10.2024,0,1,,322.61552,777.0,248.0,74.61552,0
U239-H5-VS2-GGA2.5-Cr 5 mg-L-31102024-Q=50.14mL-min-4,U239-H5-VS2-29.10.2024,0,2,,320.72456,1249.0,241.8,78.92456,0
U239-H5-VS2-GGA2.5-Cr 5 mg-L-31102024-Q=50.14mL-min-4,U239-H5-VS2-29.10.2024,0,3,,317.86842,1722.0,247.1,70.76842,0
U239-H5-VS2-GGA2.5-Cr 5 mg-L-31102024-Q=50.14mL-min-4,U239-H5-VS2-29.10.2024,0,4,,315.91379,2194.0,246.6,69.31379,0
U239-H5-VS2-GGA2.5-Cr 5 mg-L-31102024-Q=50.14mL-min-4,U239-H5-VS2-29.10.2024,0,5,,318.18965,2666.0,250.60001,67.58964,0
U239-H5-VS2-GGA2.5-Cr 5 mg-L-31102024-Q=50.14mL-min-4,U239-H5-VS2-29.10.2024,0,6,,323.02105,3139.0,248.69999,74.32106,0
U239-H5-VS2-GGA2.5-Cr 5 mg-L-31102024-Q=50.14mL-min-4,U239-H5-VS2-29.10.2024,0,7,,320.37,3614.0,249.4,70.97,0
U239-H5-VS2-GGA2.5-Cr 5 mg-L-31102024-Q=50.14mL-min-4,U239-H5-VS2-29.10.2024,0,8,GGA2.5-Cr-5,326.90689,4086.0,253.10001,73.80688,1
U239-H5-VS2-GGA2.5-Cr 5 mg-L-31102024-Q=50.14mL-min-4,U239-H5-VS2-29.10.2024,0,9,,324.22807,4559.0,253.30001,70.92806,1
U239-H5-VS2-GGA2.5-Cr 5 mg-L-31102024-Q=50.14mL-min-4,U239-H5-VS2-29.10.2024,0,10,,324.79825,5035.0,259.9,64.89825,1
U239-H5-VS2-GGA2.5-Cr 5 mg-L-31102024-Q=50.14mL-min-4,U239-H5-VS2-29.10.2024,0,11,,324.03158,5505.0,253.10001,70.93157,1
U239-H5-VS2-GGA2.5-Cr 5 mg-L-31102024-Q=50.14mL-min-4,U239-H5-VS2-29.10.2024,0,12,,321.50702,5981.0,258.50001,63.00701,1
U239-H5-VS2-GGA2.5-Cr 5 mg-L-31102024-Q=50.14mL-min-4,U239-H5-VS2-29.10.2024,0,13,,327.48772,6452.0,262.30001,65.18771,1
U239-H5-VS2-GGA2.5-Cr 5 mg-L-31102024-Q=50.14mL-min-4,U239-H5-VS2-29.10.2024,0,14,,321.78333,6926.0,263.1,58.68333,2
U239-H5-VS2-GGA2.5-Cr 5 mg-L-31102024-Q=50.14mL-min-4,U239-H5-VS2-29.10.2024,0,15,,319.6579,7401.0,259.29999,60.35791,2
U239-H5-VS2-GGA2.5-Cr 5 mg-L-31102024-Q=50.14mL-min-4,U239-H5-VS2-29.10.2024,0,16,,316.58772,7876.0,260.19999,56.38773,2
U239-H5-VS2-GGA17.5-Zn 10 mg-L-31102024-Q=50.38mL-min-5,U239-H5-VS2-29.10.2024,1,0,GGA17.5,300.81897,301.0,231.6,69.21897,0
U239-H5-VS2-GGA17.5-Zn 10 mg-L-31102024-Q=50.38mL-min-5,U239-H5-VS2-29.10.2024,1,1,,294.82105,778.0,222.5,72.32105,0
U239-H5-VS2-GGA17.5-Zn 10 mg-L-31102024-Q=50.38mL-min-5,U239-H5-VS2-29.10.2024,1,2,,290.28947,1250.0,219.8,70.48947,0
U239-H5-VS2-GGA17.5-Zn 10 mg-L-31102024-Q=50.38mL-min-5,U239-H5-VS2-29.10.2024,1,3,,294.44655,1722.0,225.1,69.34655,0
U239-H5-VS2-GGA17.5-Zn 10 mg-L-31102024-Q=50.38mL-min-5,U239-H5-VS2-29.10.2024,1,4,,288.31724,2196.0,215.20001,73.11723,0
U239-H5-VS2-GGA17.5-Zn 10 mg-L-31102024-Q=50.38mL-min-5,U239-H5-VS2-29.10.2024,1,5,,284.05,2671.0,211.9,72.15,0
U239-H5-VS2-GGA17.5-Zn 10 mg-L-31102024-Q=50.38mL-min-5,U239-H5-VS2-29.10.2024,1,6,,278.08246,3143.0,207.0,71.08246,0
U239-H5-VS2-GGA17.5-Zn 10 mg-L-31102024-Q=50.38mL-min-5,U239-H5-VS2-29.10.2024,1,7,,277.53158,3618.0,201.7,75.83158,0
U239-H5-VS2-GGA17.5-Zn 10 mg-L-31102024-Q=50.38mL-min-5,U239-H5-VS2-29.10.2024,1,8,GGA17.5-Zn-10,282.57544,4091.0,208.10001,74.47543,1
U239-H5-VS2-GGA17.5-Zn 10 mg-L-31102024-Q=50.38mL-min-5,U239-H5-VS2-29.10.2024,1,9,,285.92069,4562.0,219.0,66.92069,1
U239-H5-VS2-GGA17.5-Zn 10 mg-L-31102024-Q=50.38mL-min-5,U239-H5-VS2-29.10.2024,1,10,,288.47018,5034.0,225.2,63.27018,1
U239-H5-VS2-GGA17.5-Zn 10 mg-L-31102024-Q=50.38mL-min-5,U239-H5-VS2-29.10.2024,1,11,,296.02667,5506.0,230.6,65.42667,1
U239-H5-VS2-GGA17.5-Zn 10 mg-L-31102024-Q=50.38mL-min-5,U239-H5-VS2-29.10.2024,1,12,,287.32241,5982.0,227.1,60.22241,1
U239-H5-VS2-GGA17.5-Zn 10 mg-L-31102024-Q=50.38mL-min-5,U239-H5-VS2-29.10.2024,1,13,,284.65439,6458.0,221.49999,63.1544,2
U239-H5-VS2-GGA17.5-Zn 10 mg-L-31102024-Q=50.38mL-min-5,U239-H5-VS2-29.10.2024,1,14,,283.04407,6931.0,219.8,63.24407,2
U239-H5-VS2-GGA20-Ni 10 mg-L-31102024-Q=50.4mL-min-7,U239-H5-VS2-29.10.2024,2,0,GGA20,309.9569,301.0,237.0,72.9569,0
U239-H5-VS2-GGA20-Ni 10 mg-L-31102024-Q=50.4mL-min-7,U239-H5-VS2-29.10.2024,2,1,,312.74468,780.0,237.6,75.14468,0
U239-H5-VS2-GGA20-Ni 10 mg-L-31102024-Q=50.4mL-min-7,U239-H5-VS2-29.10.2024,2,2,,313.93617,1253.0,237.4,76.53617,0
U239-H5-VS2-GGA20-Ni 10 mg-L-31102024-Q=50.4mL-min-7,U239-H5-VS2-29.10.2024,2,3,,316.48478,1725.0,240.2,76.28478,0
U239-H5-VS2-GGA20-Ni 10 mg-L-31102024-Q=50.4mL-min-7,U239-H5-VS2-29.10.2024,2,4,,310.90869,2199.0,232.3,78.60869,0
U239-H5-VS2-GGA20-Ni 10 mg-L-31102024-Q=50.4mL-min-7,U239-H5-VS2-29.10.2024,2,5,,303.81957,2673.0,225.79999,78.01958,0
U239-H5-VS2-GGA20-Ni 10 mg-L-31102024-Q=50.4mL-min-7,U239-H5-VS2-29.10.2024,2,6,GGA20-Ni-10,301.94348,3146.0,227.8,74.14348,1
U239-H5-VS2-GGA20-Ni 10 mg-L-31102024-Q=50.4mL-min-7,U239-H5-VS2-29.10.2024,2,7,,292.3617,3619.0,223.19999,69.16171,1
U239-H5-VS2-GGA20-Ni 10 mg-L-31102024-Q=50.4mL-min-7,U239-H5-VS2-29.10.2024,2,8,,290.39167,4094.0,228.40001,61.99166,1
U239-H5-VS2-GGA20-Ni 10 mg-L-31102024-Q=50.4mL-min-7,U239-H5-VS2-29.10.2024,2,9,,287.72553,4566.0,224.00001,63.72552,1
U239-H5-VS2-GGA20-Ni 10 mg-L-31102024-Q=50.4mL-min-7,U239-H5-VS2-29.10.2024,2,10,,288.50638,5041.0,229.8,58.70638,1
U239-H5-VS2-GGA20-Ni 10 mg-L-31102024-Q=50.4mL-min-7,U239-H5-VS2-29.10.2024,2,11,,294.72128,5513.0,230.29999,64.42129,1
U239-H5-VS2-GGA20-Ni 10 mg-L-31102024-Q=50.4mL-min-7,U239-H5-VS2-29.10.2024,2,12,,299.99575,5987.0,239.3,60.69575,2
U239-H5-VS2-GGA20-Ni 10 mg-L-31102024-Q=50.4mL-min-7,U239-H5-VS2-29.10.2024,2,13,,289.95217,6460.0,225.5,64.45217,2
U239-H5-VS2-GGA20-Ni 10 mg-L-31102024-Q=50.4mL-min-7,U239-H5-VS2-29.10.2024,2,14,,283.33061,6931.0,219.9,63.43061,2
U240-H6-VS2-GGA2.5-Cr 5 mg-L-31102024-Q=50.12mL-min-5,U240-H6-VS2-29.10.2024,0,0,GGA2.5,325.77705,301.0,279.3,46.47705,0
U240-H6-VS2-GGA2.5-Cr 5 mg-L-31102024-Q=50.12mL-min-5,U240-H6-VS2-29.10.2024,0,1,,322.81017,774.0,277.00001,45.81016,0
U240-H6-VS2-GGA2.5-Cr 5 mg-L-31102024-Q=50.12mL-min-5,U240-H6-VS2-29.10.2024,0,2,,323.94834,1247.0,277.20001,46.74833,0
U240-H6-VS2-GGA2.5-Cr 5 mg-L-31102024-Q=50.12mL-min-5,U240-H6-VS2-29.10.2024,0,3,,320.4339,1721.0,275.40001,45.03389,0
U240-H6-VS2-GGA2.5-Cr 5 mg-L-31102024-Q=50.12mL-min-5,U240-H6-VS2-29.10.2024,0,4,,322.26949,2198.0,274.69999,47.5695,0
U240-H6-VS2-GGA2.5-Cr 5 mg-L-31102024-Q=50.12mL-min-5,U240-H6-VS2-29.10.2024,0,5,,322.82712,2668.0,277.00001,45.82711,0
U240-H6-VS2-GGA2.5-Cr 5 mg-L-31102024-Q=50.12mL-min-5,U240-H6-VS2-29.10.2024,0,6,,323.67834,3143.0,275.79999,47.87835,0
U240-H6-VS2-GGA2.5-Cr 5 mg-L-31102024-Q=50.12mL-min-5,U240-H6-VS2-29.10.2024,0,7,GGA2.5-Cr-5,333.43729,3615.0,282.09999,51.3373,1
U240-H6-VS2-GGA2.5-Cr 5 mg-L-31102024-Q=50.12mL-min-5,U240-H6-VS2-29.10.2024,0,8,,321.83226,4089.0,275.00001,46.83225,1
U240-H6-VS2-GGA2.5-Cr 5 mg-L-31102024-Q=50.12mL-min-5,U240-H6-VS2-29.10.2024,0,9,,316.19322,4563.0,273.09999,43.09323,1
U240-H6-VS2-GGA2.5-Cr 5 mg-L-31102024-Q=50.12mL-min-5,U240-H6-VS2-29.10.2024,0,10,,311.72,5038.0,272.19999,39.52001,1
U240-H6-VS2-GGA2.5-Cr 5 mg-L-31102024-Q=50.12mL-min-5,U240-H6-VS2-29.10.2024,0,11,,308.70833,5509.0,268.00001,40.70832,1
U240-H6-VS2-GGA2.5-Cr 5 mg-L-31102024-Q=50.12mL-min-5,U240-H6-VS2-29.10.2024,0,12,,285.25085,5982.0,254.59999,30.65086,2
U240-H6-VS2-GGA2.5-Cr 5 mg-L-31102024-Q=50.12mL-min-5,U240-H6-VS2-29.10.2024,0,13,,299.67797,6460.0,265.1,34.57797,2
U240-H6-VS2-GGA2.5-Cr 5 mg-L-31102024-Q=50.12mL-min-5,U240-H6-VS2-29.10.2024,0,14,,294.85167,6931.0,261.79999,33.05168,2
U240-H6-VS2-GGA2.5-Cr 5 mg-L-31102024-Q=50.12mL-min-5,U240-H6-VS2-29.10.2024,0,15,,287.89516,7402.0,256.19999,31.69517,2
U240-H6-VS2-GGA17.5-Zn 10 mg-L-31102024-Q=50.06mL-min-6,U240-H6-VS2-29.10.2024,1,0,GGA17.5,281.18167,301.0,241.69999,39.48168,0
U240-H6-VS2-GGA17.5-Zn 10 mg-L-31102024-Q=50.06mL-min-6,U240-H6-VS2-29.10.2024,1,1,,280.25763,773.0,240.79999,39.45764,0
U240-H6-VS2-GGA17.5-Zn 10 mg-L-31102024-Q=50.06mL-min-6,U240-H6-VS2-29.10.2024,1,2,,272.0017,1253.0,231.8,40.2017,0
U240-H6-VS2-GGA17.5-Zn 10 mg-L-31102024-Q=50.06mL-min-6,U240-H6-VS2-29.10.2024,1,3,,272.30833,1724.0,230.7,41.60833,0
U240-H6-VS2-GGA17.5-Zn 10 mg-L-31102024-Q=50.06mL-min-6,U240-H6-VS2-29.10.2024,1,4,,274.98033,2196.0,233.1,41.88033,0
U240-H6-VS2-GGA17.5-Zn 10 mg-L-31102024-Q=50.06mL-min-6,U240-H6-VS2-29.10.2024,1,5,,278.37797,2669.0,238.19999,40.17798,0
U240-H6-VS2-GGA17.5-Zn 10 mg-L-31102024-Q=50.06mL-min-6,U240-H6-VS2-29.10.2024,1,6,,274.41864,3142.0,234.2,40.21864,0
U240-H6-VS2-GGA17.5-Zn 10 mg-L-31102024-Q=50.06mL-min-6,U240-H6-VS2-29.10.2024,1,7,GGA17.5-Zn-10,282.35932,3613.0,239.4,42.95932,1
U240-H6-VS2-GGA17.5-Zn 10 mg-L-31102024-Q=50.06mL-min-6,U240-H6-VS2-29.10.2024,1,8,,285.06833,4086.0,244.8,40.26833,1
U240-H6-VS2-GGA17.5-Zn 10 mg-L-31102024-Q=50.06mL-min-6,U240-H6-VS2-29.10.2024,1,9,,279.785,4560.0,246.09999,33.68501,1
U240-H6-VS2-GGA17.5-Zn 10 mg-L-31102024-Q=50.06mL-min-6,U240-H6-VS2-29.10.2024,1,10,,277.39016,5031.0,240.89999,36.49017,1
U240-H6-VS2-GGA17.5-Zn 10 mg-L-31102024-Q=50.06mL-min-6,U240-H6-VS2-29.10.2024,1,11,,277.55667,5505.0,243.0,34.55667,1
U240-H6-VS2-GGA17.5-Zn 10 mg-L-31102024-Q=50.06mL-min-6,U240-H6-VS2-29.10.2024,1,12,,283.51667,5978.0,250.09999,33.41668,2
U240-H6-VS2-GGA17.5-Zn 10 mg-L-31102024-Q=50.06mL-min-6,U240-H6-VS2-29.10.2024,1,13,,288.48667,6450.0,252.5,35.98667,2
U240-H6-VS2-GGA17.5-Zn 10 mg-L-31102024-Q=50.06mL-min-6,U240-H6-VS2-29.10.2024,1,14,,291.14068,6923.0,257.29999,33.84069,2
U240-H6-VS2-GGA20-Ni 10 mg-L-31102024-Q=50.2mL-min-8,U240-H6-VS2-29.10.2024,2,0,GGA20,297.08065,301.0,256.50001,40.58064,0
U240-H6-VS2-GGA20-Ni 10 mg-L-31102024-Q=50.2mL-min-8,U240-H6-VS2-29.10.2024,2,1,,298.51277,773.0,256.1,42.41277,0
U240-H6-VS2-GGA20-Ni 10 mg-L-31102024-Q=50.2mL-min-8,U240-H6-VS2-29.10.2024,2,2,,298.23044,1249.0,256.8,41.43044,0
U240-H6-VS2-GGA20-Ni 10 mg-L-31102024-Q=50.2mL-min-8,U240-H6-VS2-29.10.2024,2,3,,295.25745,1723.0,252.29999,42.95746,0
U240-H6-VS2-GGA20-Ni 10 mg-L-31102024-Q=50.2mL-min-8,U240-H6-VS2-29.10.2024,2,4,,291.7617,2194.0,245.90001,45.86169,0
U240-H6-VS2-GGA20-Ni 10 mg-L-31102024-Q=50.2mL-min-8,U240-H6-VS2-29.10.2024,2,5,GGA20-Ni-10,287.19575,2666.0,248.3,38.89575,1
U240-H6-VS2-GGA20-Ni 10 mg-L-31102024-Q=50.2mL-min-8,U240-H6-VS2-29.10.2024,2,6,,279.14681,3144.0,241.2,37.94681,1
U240-H6-VS2-GGA20-Ni 10 mg-L-31102024-Q=50.2mL-min-8,U240-H6-VS2-29.10.2024,2,7,,282.08163,3601.0,253.19999,28.88164,1
U240-H6-VS2-GGA20-Ni 10 mg-L-31102024-Q=50.2mL-min-8,U240-H6-VS2-29.10.2024,2,8,,278.2766,4072.0,249.3,28.9766,2
U240-H6-VS2-GGA20-Ni 10 mg-L-31102024-Q=50.2mL-min-8,U240-H6-VS2-29.10.2024,2,9,,278.6413,4547.0,251.1,27.5413,2
U240-H6-VS2-GGA20-Ni 10 mg-L-31102024-Q=50.2mL-min-8,U240-H6-VS2-29.10.2024,2,10,,282.85217,5017.0,254.40001,28.45216,2
U241-H5-VS2-GGA2.5-Zn 5 mg-L-01112024-Q=50.3mL-min-4,U241-H5-VS2-30.10.2024,0,0,GGA2.5,308.48644,301.0,219.50001,88.98643,0
U241-H5-VS2-GGA2.5-Zn 5 mg-L-01112024-Q=50.3mL-min-4,U241-H5-VS2-30.10.2024,0,1,,306.42931,776.0,215.20001,91.2293,0
U241-H5-VS2-GGA2.5-Zn 5 mg-L-01112024-Q=50.3mL-min-4,U241-H5-VS2-30.10.2024,0,2,,303.5807,1250.0,217.4,86.1807,0
U241-H5-VS2-GGA2.5-Zn 5 mg-L-01112024-Q=50.3mL-min-4,U241-H5-VS2-30.10.2024,0,3,,307.17758,1723.0,223.8,83.37758,0
U241-H5-VS2-GGA2.5-Zn 5 mg-L-01112024-Q=50.3mL-min-4,U241-H5-VS2-30.10.2024,0,4,,308.98772,2197.0,219.3,89.68772,0
U241-H5-VS2-GGA2.5-Zn 5 mg-L-01112024-Q=50.3mL-min-4,U241-H5-VS2-30.10.2024,0,5,,308.66379,2672.0,215.9,92.76379,0
U241-H5-VS2-GGA2.5-Zn 5 mg-L-01112024-Q=50.3mL-min-4,U241-H5-VS2-30.10.2024,0,6,GGA2.5-Zn-5,323.79825,3142.0,236.6,87.19825,1
U241-H5-VS2-GGA2.5-Zn 5 mg-L-01112024-Q=50.3mL-min-4,U241-H5-VS2-30.10.2024,0,7,,323.17457,3616.0,240.89999,82.27458,1
U241-H5-VS2-GGA2.5-Zn 5 mg-L-01112024-Q=50.3mL-min-4,U241-H5-VS2-30.10.2024,0,8,,323.72931,4095.0,240.89999,82.82932,1
U241-H5-VS2-GGA2.5-Zn 5 mg-L-01112024-Q=50.3mL-min-4,U241-H5-VS2-30.10.2024,0,9,,320.45088,4567.0,242.1,78.35088,2
U241-H5-VS2-GGA2.5-Zn 5 mg-L-01112024-Q=50.3mL-min-4,U241-H5-VS2-30.10.2024,0,10,,317.26842,5046.0,236.39999,80.86843,2
U241-H5-VS2-GGA2.5-Cr 15 mg-L-01112024-Q=50.44mL-min-4,U241-H5-VS2-30.10.2024,1,0,GGA2.5,307.94167,301.0,212.3,95.64167,0
U241-H5-VS2-GGA2.5-Cr 15 mg-L-01112024-Q=50.44mL-min-4,U241-H5-VS2-30.10.2024,1,1,,305.07414,773.0,210.89999,94.17415,0
U241-H5-VS2-GGA2.5-Cr 15 mg-L-01112024-Q=50.44mL-min-4,U241-H5-VS2-30.10.2024,1,2,,307.4193,1246.0,209.3,98.1193,0
U241-H5-VS2-GGA2.5-Cr 15 mg-L-01112024-Q=50.44mL-min-4,U241-H5-VS2-30.10.2024,1,3,,307.59649,1718.0,207.39999,100.1965,0
U241-H5-VS2-GGA2.5-Cr 15 mg-L-01112024-Q=50.44mL-min-4,U241-H5-VS2-30.10.2024,1,4,,296.8807,2192.0,206.49999,90.38071,0
U241-H5-VS2-GGA2.5-Cr 15 mg-L-01112024-Q=50.44mL-min-4,U241-H5-VS2-30.10.2024,1,5,,304.53333,2665.0,207.39999,97.13334,0
U241-H5-VS2-GGA2.5-Cr 15 mg-L-01112024-Q=50.44mL-min-4,U241-H5-VS2-30.10.2024,1,6,,312.04827,3136.0,207.1,104.94827,0
U241-H5-VS2-GGA2.5-Cr 15 mg-L-01112024-Q=50.44mL-min-4,U241-H5-VS2-30.10.2024,1,7,GGA2.5-Cr-15,308.25424,3612.0,208.7,99.55424,1
U241-H5-VS2-GGA2.5-Cr 15 mg-L-01112024-Q=50.44mL-min-4,U241-H5-VS2-30.10.2024,1,8,,300.35614,4091.0,201.19999,99.15615,1
U241-H5-VS2-GGA2.5-Cr 15 mg-L-01112024-Q=50.44mL-min-4,U241-H5-VS2-30.10.2024,1,9,,300.07193,4564.0,212.59999,87.47194,1
U241-H5-VS2-GGA2.5-Cr 15 mg-L-01112024-Q=50.44mL-min-4,U241-H5-VS2-30.10.2024,1,10,,288.60176,5040.0,216.6,72.00176,2
U241-H5-VS2-GGA2.5-Cr 15 mg-L-01112024-Q=50.44mL-min-4,U241-H5-VS2-30.10.2024,1,11,,297.14912,5509.0,226.1,71.04912,2
U241-H6-VS2-GGA12.5-Ni 15 mg-L-01112024-Q=50.28mL-min-6,U241-H5-VS2-30.10.2024,2,0,GGA12.5,267.38621,301.0,233.2,34.18621,0
U241-H6-VS2-GGA12.5-Ni 15 mg-L-01112024-Q=50.28mL-min-6,U241-H5-VS2-30.10.2024,2,1,,265.87544,774.0,231.7,34.17544,0
U241-H6-VS2-GGA12.5-Ni 15 mg-L-01112024-Q=50.28mL-min-6,U241-H5-VS2-30.10.2024,2,2,,270.02105,1247.0,235.8,34.22105,0
U241-H6-VS2-GGA12.5-Ni 15 mg-L-01112024-Q=50.28mL-min-6,U241-H5-VS2-30.10.2024,2,3,,275.21228,1719.0,241.4,33.81228,0
U241-H6-VS2-GGA12.5-Ni 15 mg-L-01112024-Q=50.28mL-min-6,U241-H5-VS2-30.10.2024,2,4,,269.6193,2195.0,237.7,31.9193,0
U241-H6-VS2-GGA12.5-Ni 15 mg-L-01112024-Q=50.28mL-min-6,U241-H5-VS2-30.10.2024,2,5,,266.38167,2667.0,231.90001,34.48166,0
U241-H6-VS2-GGA12.5-Ni 15 mg-L-01112024-Q=50.28mL-min-6,U241-H5-VS2-30.10.2024,2,6,,266.08246,3138.0,232.89999,33.18247,0
U241-H6-VS2-GGA12.5-Ni 15 mg-L-01112024-Q=50.28mL-min-6,U241-H5-VS2-30.10.2024,2,7,GGA12.5-Ni-15,276.72069,3616.0,239.80001,36.92068,1
U241-H6-VS2-GGA12.5-Ni 15 mg-L-01112024-Q=50.28mL-min-6,U241-H5-VS2-30.10.2024,2,8,,277.34386,4087.0,244.20001,33.14385,1
U241-H6-VS2-GGA12.5-Ni 15 mg-L-01112024-Q=50.28mL-min-6,U241-H5-VS2-30.10.2024,2,9,,278.48103,4563.0,244.8,33.68103,1
U241-H6-VS2-GGA12.5-Ni 15 mg-L-01112024-Q=50.28mL-min-6,U241-H5-VS2-30.10.2024,2,10,,278.36034,5038.0,245.5,32.86034,1
U241-H6-VS2-GGA12.5-Ni 15 mg-L-01112024-Q=50.28mL-min-6,U241-H5-VS2-30.10.2024,2,11,,278.705,5505.0,248.0,30.705,1
U241-H6-VS2-GGA12.5-Ni 15 mg-L-01112024-Q=50.28mL-min-6,U241-H5-VS2-30.10.2024,2,12,,280.72105,5980.0,249.1,31.62105,1
U241-H6-VS2-GGA12.5-Ni 15 mg-L-01112024-Q=50.28mL-min-6,U241-H5-VS2-30.10.2024,2,13,,282.08772,6455.0,250.49999,31.58773,1
U241-H6-VS2-GGA12.5-Ni 15 mg-L-01112024-Q=50.28mL-min-6,U241-H5-VS2-30.10.2024,2,14,,274.01071,6925.0,247.3,26.71071,2
U241-H6-VS2-GGA12.5-Ni 15 mg-L-01112024-Q=50.28mL-min-6,U241-H5-VS2-30.10.2024,2,15,,260.35714,7397.0,234.50001,25.85713,2
U242-H6-VS2-GGA2.5-Zn 5 mg-L-01112024-Q=50.42mL-min-5,U242-H6-VS2-30.10.2024,0,0,GGA2.5,306.98246,301.0,251.50001,55.48245,0
U242-H6-VS2-GGA2.5-Zn 5 mg-L-01112024-Q=50.42mL-min-5,U242-H6-VS2-30.10.2024,0,1,,304.31579,774.0,247.2,57.11579,0
U242-H6-VS2-GGA2.5-Zn 5 mg-L-01112024-Q=50.42mL-min-5,U242-H6-VS2-30.10.2024,0,2,,301.58246,1246.0,248.3,53.28246,0
U242-H6-VS2-GGA2.5-Zn 5 mg-L-01112024-Q=50.42mL-min-5,U242-H6-VS2-30.10.2024,0,3,,296.845,1723.0,243.7,53.145,0
U242-H6-VS2-GGA2.5-Zn 5 mg-L-01112024-Q=50.42mL-min-5,U242-H6-VS2-30.10.2024,0,4,,294.87895,2195.0,241.9,52.97895,0
U242-H6-VS2-GGA2.5-Zn 5 mg-L-01112024-Q=50.42mL-min-5,U242-H6-VS2-30.10.2024,0,5,,290.62241,2671.0,239.3,51.32241,0
U242-H6-VS2-GGA2.5-Zn 5 mg-L-01112024-Q=50.42mL-min-5,U242-H6-VS2-30.10.2024,0,6,,295.51035,3150.0,242.59999,52.91036,0
U242-H6-VS2-GGA2.5-Zn 5 mg-L-01112024-Q=50.42mL-min-5,U242-H6-VS2-30.10.2024,0,7,,298.47242,3623.0,245.5,52.97242,0
U242-H6-VS2-GGA2.5-Zn 5 mg-L-01112024-Q=50.42mL-min-5,U242-H6-VS2-30.10.2024,0,8,GGA2.5-Zn-5,318.57544,4095.0,264.29999,54.27545,1
U242-H6-VS2-GGA2.5-Zn 5 mg-L-01112024-Q=50.42mL-min-5,U242-H6-VS2-30.10.2024,0,9,,322.6339,4569.0,268.3,54.3339,1
U242-H6-VS2-GGA2.5-Zn 5 mg-L-01112024-Q=50.42mL-min-5,U242-H6-VS2-30.10.2024,0,10,,324.38966,5041.0,274.50001,49.88965,2
U242-H6-VS2-GGA2.5-Zn 5 mg-L-01112024-Q=50.42mL-min-5,U242-H6-VS2-30.10.2024,0,11,,324.05088,5516.0,272.39999,51.65089,2
U242-H6-VS2-GGA2.5-Zn 5 mg-L-01112024-Q=50.42mL-min-5,U242-H6-VS2-30.10.2024,0,12,,323.83684,5985.0,272.8,51.03684,2
U242-H6-VS2-GGA2.5-Cr 15 mg-L-01112024-Q=50.52mL-min-5,U242-H6-VS2-30.10.2024,1,0,GGA2.5,305.42456,300.0,247.70001,57.72455,0
U242-H6-VS2-GGA2.5-Cr 15 mg-L-01112024-Q=50.52mL-min-5,U242-H6-VS2-30.10.2024,1,1,,299.34035,773.0,241.9,57.44035,0
U242-H6-VS2-GGA2.5-Cr 15 mg-L-01112024-Q=50.52mL-min-5,U242-H6-VS2-30.10.2024,1,2,,298.38597,1249.0,241.9,56.48597,0
U242-H6-VS2-GGA2.5-Cr 15 mg-L-01112024-Q=50.52mL-min-5,U242-H6-VS2-30.10.2024,1,3,,297.70678,1722.0,242.7,55.00678,0
U242-H6-VS2-GGA2.5-Cr 15 mg-L-01112024-Q=50.52mL-min-5,U242-H6-VS2-30.10.2024,1,4,,301.02931,2197.0,243.0,58.02931,0
U242-H6-VS2-GGA2.5-Cr 15 mg-L-01112024-Q=50.52mL-min-5,U242-H6-VS2-30.10.2024,1,5,,303.58948,2667.0,246.80001,56.78947,0
U242-H6-VS2-GGA2.5-Cr 15 mg-L-01112024-Q=50.52mL-min-5,U242-H6-VS2-30.10.2024,1,6,GGA2.5-Cr-15,306.42586,3141.0,246.4,60.02586,1
U242-H6-VS2-GGA2.5-Cr 15 mg-L-01112024-Q=50.52mL-min-5,U242-H6-VS2-30.10.2024,1,7,,299.46491,3614.0,244.5,54.96491,1
U242-H6-VS2-GGA2.5-Cr 15 mg-L-01112024-Q=50.52mL-min-5,U242-H6-VS2-30.10.2024,1,8,,294.18103,4090.0,242.50001,51.68102,1
U242-H6-VS2-GGA2.5-Cr 15 mg-L-01112024-Q=50.52mL-min-5,U242-H6-VS2-30.10.2024,1,9,,286.67586,4562.0,240.5,46.17586,1
U242-H6-VS2-GGA2.5-Cr 15 mg-L-01112024-Q=50.52mL-min-5,U242-H6-VS2-30.10.2024,1,10,,284.47544,5037.0,238.99999,45.47545,1
U242-H6-VS2-GGA2.5-Cr 15 mg-L-01112024-Q=50.52mL-min-5,U242-H6-VS2-30.10.2024,1,11,,279.71404,5509.0,238.4,41.31404,1
U242-H6-VS2-GGA2.5-Cr 15 mg-L-01112024-Q=50.52mL-min-5,U242-H6-VS2-30.10.2024,1,12,,279.6386,5984.0,238.10001,41.53859,1
U242-H6-VS2-GGA2.5-Cr 15 mg-L-01112024-Q=50.52mL-min-5,U242-H6-VS2-30.10.2024,1,13,,274.5431,6458.0,235.7,38.8431,2
U242-H6-VS2-GGA2.5-Cr 15 mg-L-01112024-Q=50.52mL-min-5,U242-H6-VS2-30.10.2024,1,14,,267.89298,6928.0,230.9,36.99298,2
U242-H6-VS2-GGA2.5-Cr 15 mg-L-01112024-Q=50.52mL-min-5,U242-H6-VS2-30.10.2024,1,15,,263.7228,7400.0,231.19999,32.52281,2
U242-H5-VS2-GGA12.5-Ni 15 mg-L-01112024-Q=50.76mL-min-7,U242-H6-VS2-30.10.2024,2,0,GGA12.5,287.12758,301.0,211.3,75.82758,0
U242-H5-VS2-GGA12.5-Ni 15 mg-L-01112024-Q=50.76mL-min-7,U242-H6-VS2-30.10.2024,2,1,,286.22931,775.0,211.60001,74.6293,0
U242-H5-VS2-GGA12.5-Ni 15 mg-L-01112024-Q=50.76mL-min-7,U242-H6-VS2-30.10.2024,2,2,,295.59824,1248.0,217.09999,78.49825,0
U242-H5-VS2-GGA12.5-Ni 15 mg-L-01112024-Q=50.76mL-min-7,U242-H6-VS2-30.10.2024,2,3,,301.00176,1723.0,216.7,84.30176,0
U242-H5-VS2-GGA12.5-Ni 15 mg-L-01112024-Q=50.76mL-min-7,U242-H6-VS2-30.10.2024,2,4,,298.58667,2196.0,219.0,79.58667,0
U242-H5-VS2-GGA12.5-Ni 15 mg-L-01112024-Q=50.76mL-min-7,U242-H6-VS2-30.10.2024,2,5,,290.41897,2670.0,214.6,75.81897,0
U242-H5-VS2-GGA12.5-Ni 15 mg-L-01112024-Q=50.76mL-min-7,U242-H6-VS2-30.10.2024,2,6,,296.13333,3145.0,215.7,80.43333,0
U242-H5-VS2-GGA12.5-Ni 15 mg-L-01112024-Q=50.76mL-min-7,U242-H6-VS2-30.10.2024,2,7,GGA12.5-Ni-15,312.41563,3616.0,230.29999,82.11564,1
U242-H5-VS2-GGA12.5-Ni 15 mg-L-01112024-Q=50.76mL-min-7,U242-H6-VS2-30.10.2024,2,8,,319.88246,4090.0,244.6,75.28246,1
U242-H5-VS2-GGA12.5-Ni 15 mg-L-01112024-Q=50.76mL-min-7,U242-H6-VS2-30.10.2024,2,9,,323.83036,4562.0,250.49999,73.33037,1
U242-H5-VS2-GGA12.5-Ni 15 mg-L-01112024-Q=50.76mL-min-7,U242-H6-VS2-30.10.2024,2,10,,334.72105,5035.0,261.40001,73.32104,1
U242-H5-VS2-GGA12.5-Ni 15 mg-L-01112024-Q=50.76mL-min-7,U242-H6-VS2-30.10.2024,2,11,,333.57193,5509.0,262.49999,71.07194,1
U242-H5-VS2-GGA12.5-Ni 15 mg-L-01112024-Q=50.76mL-min-7,U242-H6-VS2-30.10.2024,2,12,,334.71429,5979.0,261.99999,72.7143,1
U242-H5-VS2-GGA12.5-Ni 15 mg-L-01112024-Q=50.76mL-min-7,U242-H6-VS2-30.10.2024,2,13,,336.26071,6451.0,263.59999,72.66072,1
U242-H5-VS2-GGA12.5-Ni 15 mg-L-01112024-Q=50.76mL-min-7,U242-H6-VS2-30.10.2024,2,14,,326.81228,6926.0,254.09999,72.71229,1
U242-H5-VS2-GGA12.5-Ni 15 mg-L-01112024-Q=50.76mL-min-7,U242-H6-VS2-30.10.2024,2,15,,314.92456,7398.0,247.6,67.32456,2
U242-H5-VS2-GGA12.5-Ni 15 mg-L-01112024-Q=50.76mL-min-7,U242-H6-VS2-30.10.2024,2,16,,303.95,7872.0,237.0,66.95,2
U243-H5-VS2-GGA5-Zn 10 mg-L-04112024-Q=50.48mL-min-5,U243-H5-VS2-02.11.2024,0,0,GGA5,282.68387,301.0,197.2,85.48387,0
U243-H5-VS2-GGA5-Zn 10 mg-L-04112024-Q=50.48mL-min-5,U243-H5-VS2-02.11.2024,0,1,,296.26591,774.0,209.4,86.86591,0
U243-H5-VS2-GGA5-Zn 10 mg-L-04112024-Q=50.48mL-min-5,U243-H5-VS2-02.11.2024,0,2,,299.15909,1248.0,210.80001,88.35908,0
U243-H5-VS2-GGA5-Zn 10 mg-L-04112024-Q=50.48mL-min-5,U243-H5-VS2-02.11.2024,0,3,,306.81818,1721.0,210.3,96.51818,0
U243-H5-VS2-GGA5-Zn 10 mg-L-04112024-Q=50.48mL-min-5,U243-H5-VS2-02.11.2024,0,4,,303.81136,2195.0,215.29999,88.51137,0
U243-H5-VS2-GGA5-Zn 10 mg-L-04112024-Q=50.48mL-min-5,U243-H5-VS2-02.11.2024,0,5,,305.98409,2670.0,217.99999,87.9841,0
U243-H5-VS2-GGA5-Zn 10 mg-L-04112024-Q=50.48mL-min-5,U243-H5-VS2-02.11.2024,0,6,,312.47046,3142.0,217.99999,94.47047,0
U243-H5-VS2-GGA5-Zn 10 mg-L-04112024-Q=50.48mL-min-5,U243-H5-VS2-02.11.2024,0,7,GGA5-Zn-10,321.45455,3613.0,233.60001,87.85454,1
U243-H5-VS2-GGA5-Zn 10 mg-L-04112024-Q=50.48mL-min-5,U243-H5-VS2-02.11.2024,0,8,,322.05909,4086.0,238.19999,83.8591,1
U243-H5-VS2-GGA5-Zn 10 mg-L-04112024-Q=50.48mL-min-5,U243-H5-VS2-02.11.2024,0,9,,318.50682,4561.0,234.8,83.70682,1
U243-H5-VS2-GGA5-Zn 10 mg-L-04112024-Q=50.48mL-min-5,U243-H5-VS2-02.11.2024,0,10,,305.71591,5034.0,220.3,85.41591,1
U243-H5-VS2-GGA5-Zn 10 mg-L-04112024-Q=50.48mL-min-5,U243-H5-VS2-02.11.2024,0,11,,304.34773,5510.0,222.29999,82.04774,1
U243-H5-VS2-GGA5-Zn 10 mg-L-04112024-Q=50.48mL-min-5,U243-H5-VS2-02.11.2024,0,12,,311.53864,5982.0,223.4,88.13864,1
U243-H5-VS2-GGA5-Zn 10 mg-L-04112024-Q=50.48mL-min-5,U243-H5-VS2-02.11.2024,0,13,,316.89546,6453.0,240.70001,76.19545,2
U243-H5-VS2-GGA5-Zn 10 mg-L-04112024-Q=50.48mL-min-5,U243-H5-VS2-02.11.2024,0,14,,323.94091,6932.0,246.09999,77.84092,2
U243-H5-VS2-GGA10-Cr 5 mg-L-04112024-Q=50.32mL-min-6,U243-H5-VS2-02.11.2024,1,0,GGA10,316.04318,301.0,230.6,85.44318,0
U243-H5-VS2-GGA10-Cr 5 mg-L-04112024-Q=50.32mL-min-6,U243-H5-VS2-02.11.2024,1,1,,307.29091,776.0,223.4,83.89091,0
U243-H5-VS2-GGA10-Cr 5 mg-L-04112024-Q=50.32mL-min-6,U243-H5-VS2-02.11.2024,1,2,,314.09545,1246.0,227.50001,86.59544,0
U243-H5-VS2-GGA10-Cr 5 mg-L-04112024-Q=50.32mL-min-6,U243-H5-VS2-02.11.2024,1,3,,315.925,1723.0,230.9,85.025,0
U243-H5-VS2-GGA10-Cr 5 mg-L-04112024-Q=50.32mL-min-6,U243-H5-VS2-02.11.2024,1,4,,298.35,2202.0,211.4,86.95,0
U243-H5-VS2-GGA10-Cr 5 mg-L-04112024-Q=50.32mL-min-6,U243-H5-VS2-02.11.2024,1,5,,300.02955,2677.0,212.50001,87.52954,0
U243-H5-VS2-GGA10-Cr 5 mg-L-04112024-Q=50.32mL-min-6,U243-H5-VS2-02.11.2024,1,6,GGA10-Cr-5,311.76364,3150.0,226.0,85.76364,1
U243-H5-VS2-GGA10-Cr 5 mg-L-04112024-Q=50.32mL-min-6,U243-H5-VS2-02.11.2024,1,7,,307.89546,3624.0,224.00001,83.89545,1
U243-H5-VS2-GGA10-Cr 5 mg-L-04112024-Q=50.32mL-min-6,U243-H5-VS2-02.11.2024,1,8,,304.25909,4096.0,230.8,73.45909,1
U243-H5-VS2-GGA10-Cr 5 mg-L-04112024-Q=50.32mL-min-6,U243-H5-VS2-02.11.2024,1,9,,302.81818,4570.0,235.49999,67.31819,1
U243-H5-VS2-GGA10-Cr 5 mg-L-04112024-Q=50.32mL-min-6,U243-H5-VS2-02.11.2024,1,10,,306.02727,5042.0,244.0,62.02727,1
U243-H5-VS2-GGA10-Cr 5 mg-L-04112024-Q=50.32mL-min-6,U243-H5-VS2-02.11.2024,1,11,,304.99091,5521.0,246.2,58.79091,2
U243-H5-VS2-GGA10-Cr 5 mg-L-04112024-Q=50.32mL-min-6,U243-H5-VS2-02.11.2024,1,12,,301.12727,5990.0,245.0,56.12727,2
U243-H5-VS2-GGA10-Cr 5 mg-L-04112024-Q=50.32mL-min-6,U243-H5-VS2-02.11.2024,1,13,,297.22666,6465.0,239.3,57.92666,2
U243-H5-VS2-GGA10-Ni 15 mg-L-04112024-Q=50.36mL-min-6,U243-H5-VS2-02.11.2024,2,0,GGA10,304.43636,301.0,247.79999,56.63637,0
U243-H5-VS2-GGA10-Ni 15 mg-L-04112024-Q=50.36mL-min-6,U243-H5-VS2-02.11.2024,2,1,,300.49318,773.0,240.2,60.29318,0
U243-H5-VS2-GGA10-Ni 15 mg-L-04112024-Q=50.36mL-min-6,U243-H5-VS2-02.11.2024,2,2,,301.60555,1244.0,238.4,63.20555,0
U243-H5-VS2-GGA10-Ni 15 mg-L-04112024-Q=50.36mL-min-6,U243-H5-VS2-02.11.2024,2,3,,301.6283,2200.0,239.99999,61.62831,0
U243-H5-VS2-GGA10-Ni 15 mg-L-04112024-Q=50.36mL-min-6,U243-H5-VS2-02.11.2024,2,4,,299.53704,1721.0,237.10001,62.43703,0
U243-H5-VS2-GGA10-Ni 15 mg-L-04112024-Q=50.36mL-min-6,U243-H5-VS2-02.11.2024,2,5,,296.22037,2674.0,236.30001,59.92036,0
U243-H5-VS2-GGA10-Ni 15 mg-L-04112024-Q=50.36mL-min-6,U243-H5-VS2-02.11.2024,2,6,GGA10-Ni-15,297.19107,3145.0,246.7,50.49107,1
U243-H5-VS2-GGA10-Ni 15 mg-L-04112024-Q=50.36mL-min-6,U243-H5-VS2-02.11.2024,2,7,,301.21296,3621.0,253.19999,48.01297,1
U243-H5-VS2-GGA10-Ni 15 mg-L-04112024-Q=50.36mL-min-6,U243-H5-VS2-02.11.2024,2,8,,301.53148,4089.0,254.40001,47.13147,1
U243-H5-VS2-GGA10-Ni 15 mg-L-04112024-Q=50.36mL-min-6,U243-H5-VS2-02.11.2024,2,9,,300.5625,4564.0,255.49999,45.06251,1
U243-H5-VS2-GGA10-Ni 15 mg-L-04112024-Q=50.36mL-min-6,U243-H5-VS2-02.11.2024,2,10,,296.90926,5035.0,251.8,45.10926,1
U243-H5-VS2-GGA10-Ni 15 mg-L-04112024-Q=50.36mL-min-6,U243-H5-VS2-02.11.2024,2,11,,293.88302,5509.0,248.4,45.48302,1
U243-H5-VS2-GGA10-Ni 15 mg-L-04112024-Q=50.36mL-min-6,U243-H5-VS2-02.11.2024,2,12,,291.81111,5983.0,250.7,41.11111,2
U243-H5-VS2-GGA10-Ni 15 mg-L-04112024-Q=50.36mL-min-6,U243-H5-VS2-02.11.2024,2,13,,291.22222,6457.0,249.9,41.32222,2
U244-H6-VS2-GGA5-Zn 10 mg-L-04112024-Q=50.24mL-min-6,U244-H6-VS2-02.11.2024,0,0,GGA5,369.6766,301.0,300.1,69.5766,0
U244-H6-VS2-GGA5-Zn 10 mg-L-04112024-Q=50.24mL-min-6,U244-H6-VS2-02.11.2024,0,1,,373.73846,771.0,307.3,66.43846,0
U244-H6-VS2-GGA5-Zn 10 mg-L-04112024-Q=50.24mL-min-6,U244-H6-VS2-02.11.2024,0,2,,377.98154,1248.0,311.10001,66.88153,0
U244-H6-VS2-GGA5-Zn 10 mg-L-04112024-Q=50.24mL-min-6,U244-H6-VS2-02.11.2024,0,3,,380.92353,1721.0,310.9,70.02353,0
U244-H6-VS2-GGA5-Zn 10 mg-L-04112024-Q=50.24mL-min-6,U244-H6-VS2-02.11.2024,0,4,,382.96515,2193.0,314.00001,68.96514,0
U244-H6-VS2-GGA5-Zn 10 mg-L-04112024-Q=50.24mL-min-6,U244-H6-VS2-02.11.2024,0,5,,379.12879,2667.0,310.20001,68.92878,0
U244-H6-VS2-GGA5-Zn 10 mg-L-04112024-Q=50.24mL-min-6,U244-H6-VS2-02.11.2024,0,6,GGA5-Zn-10,386.8,3144.0,321.79999,65.00001,1
U244-H6-VS2-GGA5-Zn 10 mg-L-04112024-Q=50.24mL-min-6,U244-H6-VS2-02.11.2024,0,7,,386.44616,3613.0,323.3,63.14616,1
U244-H6-VS2-GGA5-Zn 10 mg-L-04112024-Q=50.24mL-min-6,U244-H6-VS2-02.11.2024,0,8,,384.38923,4084.0,323.19999,61.18924,1
U244-H6-VS2-GGA5-Zn 10 mg-L-04112024-Q=50.24mL-min-6,U244-H6-VS2-02.11.2024,0,9,,377.52154,4560.0,315.0,62.52154,1
U244-H6-VS2-GGA5-Zn 10 mg-L-04112024-Q=50.24mL-min-6,U244-H6-VS2-02.11.2024,0,10,,377.27692,5034.0,311.69999,65.57693,1
U244-H6-VS2-GGA5-Zn 10 mg-L-04112024-Q=50.24mL-min-6,U244-H6-VS2-02.11.2024,0,11,,383.20746,5510.0,319.7,63.50746,1
U244-H6-VS2-GGA5-Zn 10 mg-L-04112024-Q=50.24mL-min-6,U244-H6-VS2-02.11.2024,0,12,,383.72462,5981.0,322.4,61.32462,1
U244-H6-VS2-GGA5-Zn 10 mg-L-04112024-Q=50.24mL-min-6,U244-H6-VS2-02.11.2024,0,13,,383.89077,6458.0,327.30001,56.59076,2
U244-H6-VS2-GGA5-Zn 10 mg-L-04112024-Q=50.24mL-min-6,U244-H6-VS2-02.11.2024,0,14,,383.51385,6926.0,331.7,51.81385,2
U244-H6-VS2-GGA10-Cr 5 mg-L-04112024-Q=50.61mL-min-7,U244-H6-VS2-02.11.2024,1,0,GGA10,393.13077,301.0,326.20001,66.93076,0
U244-H6-VS2-GGA10-Cr 5 mg-L-04112024-Q=50.61mL-min-7,U244-H6-VS2-02.11.2024,1,1,,384.45151,775.0,322.4,62.05151,0
U244-H6-VS2-GGA10-Cr 5 mg-L-04112024-Q=50.61mL-min-7,U244-H6-VS2-02.11.2024,1,2,,380.14091,1247.0,312.5,67.64091,0
U244-H6-VS2-GGA10-Cr 5 mg-L-04112024-Q=50.61mL-min-7,U244-H6-VS2-02.11.2024,1,3,,367.9209,1718.0,305.40001,62.52089,0
U244-H6-VS2-GGA10-Cr 5 mg-L-04112024-Q=50.61mL-min-7,U244-H6-VS2-02.11.2024,1,4,,365.65077,2191.0,304.6,61.05077,0
U244-H6-VS2-GGA10-Cr 5 mg-L-04112024-Q=50.61mL-min-7,U244-H6-VS2-02.11.2024,1,5,,375.90238,2665.0,309.89999,66.00239,0
U244-H6-VS2-GGA10-Cr 5 mg-L-04112024-Q=50.61mL-min-7,U244-H6-VS2-02.11.2024,1,6,,378.44754,3141.0,314.00001,64.44753,0
U244-H6-VS2-GGA10-Cr 5 mg-L-04112024-Q=50.61mL-min-7,U244-H6-VS2-02.11.2024,1,7,GGA10-Cr-5,370.95714,3620.0,312.40001,58.55713,1
U244-H6-VS2-GGA10-Cr 5 mg-L-04112024-Q=50.61mL-min-7,U244-H6-VS2-02.11.2024,1,8,,364.35574,4094.0,309.50001,54.85573,1
U244-H6-VS2-GGA10-Cr 5 mg-L-04112024-Q=50.61mL-min-7,U244-H6-VS2-02.11.2024,1,9,,362.45246,4568.0,313.10001,49.35245,1
U244-H6-VS2-GGA10-Cr 5 mg-L-04112024-Q=50.61mL-min-7,U244-H6-VS2-02.11.2024,1,10,,369.43115,5046.0,323.00001,46.43114,1
U244-H6-VS2-GGA10-Cr 5 mg-L-04112024-Q=50.61mL-min-7,U244-H6-VS2-02.11.2024,1,11,,371.32787,5513.0,322.60001,48.72786,1
U244-H6-VS2-GGA10-Cr 5 mg-L-04112024-Q=50.61mL-min-7,U244-H6-VS2-02.11.2024,1,12,,361.92459,5986.0,319.99999,41.9246,1
U244-H6-VS2-GGA10-Cr 5 mg-L-04112024-Q=50.61mL-min-7,U244-H6-VS2-02.11.2024,1,13,,356.01148,6463.0,315.60001,40.41147,2
U244-H6-VS2-GGA10-Cr 5 mg-L-04112024-Q=50.61mL-min-7,U244-H6-VS2-02.11.2024,1,14,,352.89032,6940.0,312.99999,39.89033,2
U244-H6-VS2-GGA10-Ni 15 mg-L-04112024-Q=50.72mL-min-7,U244-H6-VS2-02.11.2024,2,0,GGA10,352.83125,301.0,312.40001,40.43124,0
U244-H6-VS2-GGA10-Ni 15 mg-L-04112024-Q=50.72mL-min-7,U244-H6-VS2-02.11.2024,2,1,,351.8918,774.0,310.9,40.9918,0
U244-H6-VS2-GGA10-Ni 15 mg-L-04112024-Q=50.72mL-min-7,U244-H6-VS2-02.11.2024,2,2,,351.14754,1246.0,309.50001,41.64753,0
U244-H6-VS2-GGA10-Ni 15 mg-L-04112024-Q=50.72mL-min-7,U244-H6-VS2-02.11.2024,2,3,,356.00328,1719.0,312.7,43.30328,0
U244-H6-VS2-GGA10-Ni 15 mg-L-04112024-Q=50.72mL-min-7,U244-H6-VS2-02.11.2024,2,4,,355.49836,2193.0,313.6,41.89836,0
U244-H6-VS2-GGA10-Ni 15 mg-L-04112024-Q=50.72mL-min-7,U244-H6-VS2-02.11.2024,2,5,,349.89836,2669.0,308.9,40.99836,0
U244-H6-VS2-GGA10-Ni 15 mg-L-04112024-Q=50.72mL-min-7,U244-H6-VS2-02.11.2024,2,6,GGA10-Ni-15,347.98852,3138.0,306.80001,41.18851,1
U244-H6-VS2-GGA10-Ni 15 mg-L-04112024-Q=50.72mL-min-7,U244-H6-VS2-02.11.2024,2,7,,348.65082,3616.0,312.40001,36.25081,1
U244-H6-VS2-GGA10-Ni 15 mg-L-04112024-Q=50.72mL-min-7,U244-H6-VS2-02.11.2024,2,8,,343.54921,4086.0,310.09999,33.44922,1
U244-H6-VS2-GGA10-Ni 15 mg-L-04112024-Q=50.72mL-min-7,U244-H6-VS2-02.11.2024,2,9,,342.50794,4562.0,305.99999,36.50795,1
U244-H6-VS2-GGA10-Ni 15 mg-L-04112024-Q=50.72mL-min-7,U244-H6-VS2-02.11.2024,2,10,,331.69468,5031.0,299.49999,32.19469,1
U244-H6-VS2-GGA10-Ni 15 mg-L-04112024-Q=50.72mL-min-7,U244-H6-VS2-02.11.2024,2,11,,328.26808,5506.0,298.5,29.76808,2
U244-H6-VS2-GGA10-Ni 15 mg-L-04112024-Q=50.72mL-min-7,U244-H6-VS2-02.11.2024,2,12,,325.89574,5981.0,297.30001,28.59573,2
U244-H6-VS2-GGA10-Ni 15 mg-L-04112024-Q=50.72mL-min-7,U244-H6-VS2-02.11.2024,2,13,,324.40638,6453.0,297.30001,27.10637,2
U245-H5-VS2-GGA17.5-Zn 5 mg-L-05112024-Q=50.38mL-min-4,U245-H5-VS2-03.11.2024,0,0,GGA17.5,299.24035,301.0,207.7,91.54035,0
U245-H5-VS2-GGA17.5-Zn 5 mg-L-05112024-Q=50.38mL-min-4,U245-H5-VS2-03.11.2024,0,1,,296.96667,774.0,206.2,90.76667,0
U245-H5-VS2-GGA17.5-Zn 5 mg-L-05112024-Q=50.38mL-min-4,U245-H5-VS2-03.11.2024,0,2,,292.35833,1250.0,199.1,93.25833,0
U245-H5-VS2-GGA17.5-Zn 5 mg-L-05112024-Q=50.38mL-min-4,U245-H5-VS2-03.11.2024,0,3,,290.75517,1722.0,193.29999,97.45518,0
U245-H5-VS2-GGA17.5-Zn 5 mg-L-05112024-Q=50.38mL-min-4,U245-H5-VS2-03.11.2024,0,4,,289.30689,2196.0,195.7,93.60689,0
U245-H5-VS2-GGA17.5-Zn 5 mg-L-05112024-Q=50.38mL-min-4,U245-H5-VS2-03.11.2024,0,5,,284.93276,2668.0,193.29999,91.63277,0
U245-H5-VS2-GGA17.5-Zn 5 mg-L-05112024-Q=50.38mL-min-4,U245-H5-VS2-03.11.2024,0,6,GGA17.5-Zn-5,299.46724,3144.0,211.70001,87.76723,1
U245-H5-VS2-GGA17.5-Zn 5 mg-L-05112024-Q=50.38mL-min-4,U245-H5-VS2-03.11.2024,0,7,,309.31207,3612.0,224.90001,84.41206,1
U245-H5-VS2-GGA17.5-Zn 5 mg-L-05112024-Q=50.38mL-min-4,U245-H5-VS2-03.11.2024,0,8,,312.81228,4088.0,231.5,81.31228,1
U245-H5-VS2-GGA17.5-Zn 5 mg-L-05112024-Q=50.38mL-min-4,U245-H5-VS2-03.11.2024,0,9,,317.725,4560.0,236.7,81.025,1
U245-H5-VS2-GGA17.5-Zn 5 mg-L-05112024-Q=50.38mL-min-4,U245-H5-VS2-03.11.2024,0,10,,321.99138,5032.0,242.3,79.69138,1
U245-H5-VS2-GGA17.5-Zn 5 mg-L-05112024-Q=50.38mL-min-4,U245-H5-VS2-03.11.2024,0,11,,322.9807,5505.0,247.5,75.4807,1
U245-H5-VS2-GGA17.5-Zn 5 mg-L-05112024-Q=50.38mL-min-4,U245-H5-VS2-03.11.2024,0,12,,316.54211,5977.0,242.9,73.64211,2
U245-H5-VS2-GGA17.5-Zn 5 mg-L-05112024-Q=50.38mL-min-4,U245-H5-VS2-03.11.2024,0,13,,311.78597,6451.0,238.00001,73.78596,2
U245-H5-VS2-GGA7.5-Ni 10 mg-L-05112024-Q=50.58mL-min-6,U245-H5-VS2-03.11.2024,1,0,GGA7.5,348.52456,295.0,264.40001,84.12455,0
U245-H5-VS2-GGA7.5-Ni 10 mg-L-05112024-Q=50.58mL-min-6,U245-H5-VS2-03.11.2024,1,1,,345.45345,767.0,261.5,83.95345,0
U245-H5-VS2-GGA7.5-Ni 10 mg-L-05112024-Q=50.58mL-min-6,U245-H5-VS2-03.11.2024,1,2,,333.87414,1240.0,254.59999,79.27415,0
U245-H5-VS2-GGA7.5-Ni 10 mg-L-05112024-Q=50.58mL-min-6,U245-H5-VS2-03.11.2024,1,3,,336.84386,1714.0,250.7,86.14386,0
U245-H5-VS2-GGA7.5-Ni 10 mg-L-05112024-Q=50.58mL-min-6,U245-H5-VS2-03.11.2024,1,4,,342.51403,2188.0,252.20001,90.31402,0
U245-H5-VS2-GGA7.5-Ni 10 mg-L-05112024-Q=50.58mL-min-6,U245-H5-VS2-03.11.2024,1,5,GGA7.5-Ni-10,341.23276,2661.0,265.70001,75.53275,1
U245-H5-VS2-GGA7.5-Ni 10 mg-L-05112024-Q=50.58mL-min-6,U245-H5-VS2-03.11.2024,1,6,,337.60847,3136.0,270.20001,67.40846,1
U245-H5-VS2-GGA7.5-Ni 10 mg-L-05112024-Q=50.58mL-min-6,U245-H5-VS2-03.11.2024,1,7,,336.29655,3607.0,276.30001,59.99654,1
U245-H5-VS2-GGA7.5-Ni 10 mg-L-05112024-Q=50.58mL-min-6,U245-H5-VS2-03.11.2024,1,8,,333.97369,4081.0,277.3,56.67369,2
U245-H5-VS2-GGA7.5-Ni 10 mg-L-05112024-Q=50.58mL-min-6,U245-H5-VS2-03.11.2024,1,9,,340.69298,4555.0,281.89999,58.79299,2
U245-H5-VS2-GGA7.5-Ni 10 mg-L-05112024-Q=50.58mL-min-6,U245-H5-VS2-03.11.2024,1,10,,346.31897,5025.0,286.90001,59.41896,2
U245-H5-VS2-GGA12.5-Cr 10 mg-L-05112024-Q=50.4mL-min-6,U245-H5-VS2-03.11.2024,2,0,GGA12.5,336.92632,301.0,268.3,68.62632,0
U245-H5-VS2-GGA12.5-Cr 10 mg-L-05112024-Q=50.4mL-min-6,U245-H5-VS2-03.11.2024,2,1,,335.62631,772.0,268.40001,67.2263,0
U245-H5-VS2-GGA12.5-Cr 10 mg-L-05112024-Q=50.4mL-min-6,U245-H5-VS2-03.11.2024,2,2,,343.16491,1247.0,269.80001,73.3649,0
U245-H5-VS2-GGA12.5-Cr 10 mg-L-05112024-Q=50.4mL-min-6,U245-H5-VS2-03.11.2024,2,3,,338.58305,1719.0,265.70001,72.88304,0
U245-H5-VS2-GGA12.5-Cr 10 mg-L-05112024-Q=50.4mL-min-6,U245-H5-VS2-03.11.2024,2,4,,337.88965,2192.0,264.99999,72.88966,0
U245-H5-VS2-GGA12.5-Cr 10 mg-L-05112024-Q=50.4mL-min-6,U245-H5-VS2-03.11.2024,2,5,,336.23966,2663.0,262.2,74.03966,0
U245-H5-VS2-GGA12.5-Cr 10 mg-L-05112024-Q=50.4mL-min-6,U245-H5-VS2-03.11.2024,2,6,GGA12.5-Cr-10,336.18246,3139.0,270.70001,65.48245,1
U245-H5-VS2-GGA12.5-Cr 10 mg-L-05112024-Q=50.4mL-min-6,U245-H5-VS2-03.11.2024,2,7,,335.11404,3612.0,268.09999,67.01405,1
U245-H5-VS2-GGA12.5-Cr 10 mg-L-05112024-Q=50.4mL-min-6,U245-H5-VS2-03.11.2024,2,8,,329.5386,4086.0,272.70001,56.83859,1
U245-H5-VS2-GGA12.5-Cr 10 mg-L-05112024-Q=50.4mL-min-6,U245-H5-VS2-03.11.2024,2,9,,327.94737,4558.0,270.3,57.64737,1
U245-H5-VS2-GGA12.5-Cr 10 mg-L-05112024-Q=50.4mL-min-6,U245-H5-VS2-03.11.2024,2,10,,335.23276,5031.0,281.1,54.13276,1
U245-H5-VS2-GGA12.5-Cr 10 mg-L-05112024-Q=50.4mL-min-6,U245-H5-VS2-03.11.2024,2,11,,337.75172,5505.0,280.40001,57.35171,1
U245-H5-VS2-GGA12.5-Cr 10 mg-L-05112024-Q=50.4mL-min-6,U245-H5-VS2-03.11.2024,2,12,,329.35946,5981.0,277.70001,51.65945,2
U245-H5-VS2-GGA12.5-Cr 10 mg-L-05112024-Q=50.4mL-min-6,U245-H5-VS2-03.11.2024,2,13,,325.02895,6455.0,274.30001,50.72894,2
U245-H5-VS2-GGA12.5-Cr 10 mg-L-05112024-Q=50.4mL-min-6,U245-H5-VS2-03.11.2024,2,14,,323.11351,6926.0,271.0,52.11351,2
U246-H6-VS2-GGA17.5-Zn 5 mg-L-05112024-Q=50.2 L-min-5,U246-H6-VS2-03.11.2024,0,0,GGA17.5,324.29138,301.0,260.6,63.69138,0
U246-H6-VS2-GGA17.5-Zn 5 mg-L-05112024-Q=50.2 L-min-5,U246-H6-VS2-03.11.2024,0,1,,321.64035,771.0,257.40001,64.24034,0
U246-H6-VS2-GGA17.5-Zn 5 mg-L-05112024-Q=50.2 L-min-5,U246-H6-VS2-03.11.2024,0,2,,320.02069,1244.0,255.10001,64.92068,0
U246-H6-VS2-GGA17.5-Zn 5 mg-L-05112024-Q=50.2 L-min-5,U246-H6-VS2-03.11.2024,0,3,,315.77167,1716.0,251.89999,63.87168,0
U246-H6-VS2-GGA17.5-Zn 5 mg-L-05112024-Q=50.2 L-min-5,U246-H6-VS2-03.11.2024,0,4,,313.51034,2193.0,249.2,64.31034,0
U246-H6-VS2-GGA17.5-Zn 5 mg-L-05112024-Q=50.2 L-min-5,U246-H6-VS2-03.11.2024,0,5,,312.11207,2665.0,246.09999,66.01208,0
U246-H6-VS2-GGA17.5-Zn 5 mg-L-05112024-Q=50.2 L-min-5,U246-H6-VS2-03.11.2024,0,6,,318.35,3139.0,254.59999,63.75001,0
U246-H6-VS2-GGA17.5-Zn 5 mg-L-05112024-Q=50.2 L-min-5,U246-H6-VS2-03.11.2024,0,7,GGA17.5-Zn-5,334.36842,3616.0,262.49999,71.86843,1
U246-H6-VS2-GGA17.5-Zn 5 mg-L-05112024-Q=50.2 L-min-5,U246-H6-VS2-03.11.2024,0,8,,342.61579,4086.0,279.70001,62.91578,1
U246-H6-VS2-GGA17.5-Zn 5 mg-L-05112024-Q=50.2 L-min-5,U246-H6-VS2-03.11.2024,0,9,,346.40172,4561.0,284.59999,61.80173,1
U246-H6-VS2-GGA17.5-Zn 5 mg-L-05112024-Q=50.2 L-min-5,U246-H6-VS2-03.11.2024,0,10,,346.40667,5032.0,284.90001,61.50666,1
U246-H6-VS2-GGA17.5-Zn 5 mg-L-05112024-Q=50.2 L-min-5,U246-H6-VS2-03.11.2024,0,11,,347.58421,5509.0,288.89999,58.68422,1
U246-H6-VS2-GGA17.5-Zn 5 mg-L-05112024-Q=50.2 L-min-5,U246-H6-VS2-03.11.2024,0,12,,346.93684,5977.0,287.40001,59.53683,1
U246-H6-VS2-GGA17.5-Zn 5 mg-L-05112024-Q=50.2 L-min-5,U246-H6-VS2-03.11.2024,0,13,,345.96491,6453.0,285.10001,60.8649,1
U246-H6-VS2-GGA17.5-Zn 5 mg-L-05112024-Q=50.2 L-min-5,U246-H6-VS2-03.11.2024,0,14,,340.52807,6920.0,285.69999,54.82808,2
U246-H6-VS2-GGA17.5-Zn 5 mg-L-05112024-Q=50.2 L-min-5,U246-H6-VS2-03.11.2024,0,15,,337.97377,7397.0,283.80001,54.17376,2
U246-H6-VS2-GGA17.5-Zn 5 mg-L-05112024-Q=50.2 L-min-5,U246-H6-VS2-03.11.2024,0,16,,342.07705,7873.0,287.99999,54.07706,2
U246-H6-VS2-GGA7.5-Ni 10 mg-L-05112024-Q=50.54mL-min-7,U246-H6-VS2-03.11.2024,1,0,GGA7.5,346.88596,301.0,293.90001,52.98595,0
U246-H6-VS2-GGA7.5-Ni 10 mg-L-05112024-Q=50.54mL-min-7,U246-H6-VS2-03.11.2024,1,1,,337.87931,776.0,286.59999,51.27932,0
U246-H6-VS2-GGA7.5-Ni 10 mg-L-05112024-Q=50.54mL-min-7,U246-H6-VS2-03.11.2024,1,2,,336.24386,1244.0,284.1,52.14386,0
U246-H6-VS2-GGA7.5-Ni 10 mg-L-05112024-Q=50.54mL-min-7,U246-H6-VS2-03.11.2024,1,3,,340.93621,1720.0,288.1,52.83621,0
U246-H6-VS2-GGA7.5-Ni 10 mg-L-05112024-Q=50.54mL-min-7,U246-H6-VS2-03.11.2024,1,4,,338.78772,2196.0,287.2,51.58772,0
U246-H6-VS2-GGA7.5-Ni 10 mg-L-05112024-Q=50.54mL-min-7,U246-H6-VS2-03.11.2024,1,5,,337.30175,2669.0,285.2,52.10175,0
U246-H6-VS2-GGA7.5-Ni 10 mg-L-05112024-Q=50.54mL-min-7,U246-H6-VS2-03.11.2024,1,6,,331.50339,3138.0,279.39999,52.1034,0
U246-H6-VS2-GGA7.5-Ni 10 mg-L-05112024-Q=50.54mL-min-7,U246-H6-VS2-03.11.2024,1,7,GGA7.5-Ni-10,331.39828,3612.0,280.7,50.69828,1
U246-H6-VS2-GGA7.5-Ni 10 mg-L-05112024-Q=50.54mL-min-7,U246-H6-VS2-03.11.2024,1,8,,337.62456,4088.0,289.60001,48.02455,1
U246-H6-VS2-GGA7.5-Ni 10 mg-L-05112024-Q=50.54mL-min-7,U246-H6-VS2-03.11.2024,1,9,,339.16316,4562.0,296.09999,43.06317,1
U246-H6-VS2-GGA7.5-Ni 10 mg-L-05112024-Q=50.54mL-min-7,U246-H6-VS2-03.11.2024,1,10,,337.88965,5039.0,291.5,46.38965,1
U246-H6-VS2-GGA7.5-Ni 10 mg-L-05112024-Q=50.54mL-min-7,U246-H6-VS2-03.11.2024,1,11,,334.69138,5504.0,293.1,41.59138,2
U246-H6-VS2-GGA7.5-Ni 10 mg-L-05112024-Q=50.54mL-min-7,U246-H6-VS2-03.11.2024,1,12,,326.59483,5979.0,287.80001,38.79482,2
U246-H6-VS2-GGA7.5-Ni 10 mg-L-05112024-Q=50.54mL-min-7,U246-H6-VS2-03.11.2024,1,13,,335.37627,6454.0,293.39999,41.97628,2
U246-H6-VS2-GGA12.5-Cr 10 mg-L-05112024-Q=50.24mL-min-7,U246-H6-VS2-03.11.2024,2,0,GGA12.5,321.39474,301.0,268.90001,52.49473,0
U246-H6-VS2-GGA12.5-Cr 10 mg-L-05112024-Q=50.24mL-min-7,U246-H6-VS2-03.11.2024,2,1,,317.24483,772.0,265.70001,51.54482,0
U246-H6-VS2-GGA12.5-Cr 10 mg-L-05112024-Q=50.24mL-min-7,U246-H6-VS2-03.11.2024,2,2,,327.08246,1247.0,276.30001,50.78245,0
U246-H6-VS2-GGA12.5-Cr 10 mg-L-05112024-Q=50.24mL-min-7,U246-H6-VS2-03.11.2024,2,3,,331.615,1722.0,278.29999,53.31501,0
U246-H6-VS2-GGA12.5-Cr 10 mg-L-05112024-Q=50.24mL-min-7,U246-H6-VS2-03.11.2024,2,4,,327.34655,2194.0,273.09999,54.24656,0
U246-H6-VS2-GGA12.5-Cr 10 mg-L-05112024-Q=50.24mL-min-7,U246-H6-VS2-03.11.2024,2,5,,322.97369,2666.0,270.39999,52.5737,0
U246-H6-VS2-GGA12.5-Cr 10 mg-L-05112024-Q=50.24mL-min-7,U246-H6-VS2-03.11.2024,2,6,GGA12.5-Cr-10,322.15345,3141.0,268.40001,53.75344,1
U246-H6-VS2-GGA12.5-Cr 10 mg-L-05112024-Q=50.24mL-min-7,U246-H6-VS2-03.11.2024,2,7,,311.73966,3612.0,263.50001,48.23965,1
U246-H6-VS2-GGA12.5-Cr 10 mg-L-05112024-Q=50.24mL-min-7,U246-H6-VS2-03.11.2024,2,8,,311.93333,4088.0,266.60001,45.33332,1
U246-H6-VS2-GGA12.5-Cr 10 mg-L-05112024-Q=50.24mL-min-7,U246-H6-VS2-03.11.2024,2,9,,313.49655,4563.0,268.99999,44.49656,1
U246-H6-VS2-GGA12.5-Cr 10 mg-L-05112024-Q=50.24mL-min-7,U246-H6-VS2-03.11.2024,2,10,,305.32373,5033.0,262.10001,43.22372,1
U246-H6-VS2-GGA12.5-Cr 10 mg-L-05112024-Q=50.24mL-min-7,U246-H6-VS2-03.11.2024,2,11,,298.34737,5508.0,257.0,41.34737,1
U246-H6-VS2-GGA12.5-Cr 10 mg-L-05112024-Q=50.24mL-min-7,U246-H6-VS2-03.11.2024,2,12,,293.80517,5983.0,254.40001,39.40516,1
U246-H6-VS2-GGA12.5-Cr 10 mg-L-05112024-Q=50.24mL-min-7,U246-H6-VS2-03.11.2024,2,13,,291.77368,6456.0,253.8,37.97368,2
U246-H6-VS2-GGA12.5-Cr 10 mg-L-05112024-Q=50.24mL-min-7,U246-H6-VS2-03.11.2024,2,14,,290.46667,6927.0,253.6,36.86667,2
U246-H6-VS2-GGA12.5-Cr 10 mg-L-05112024-Q=50.24mL-min-7,U246-H6-VS2-03.11.2024,2,15,,285.195,7403.0,249.50001,35.69499,2
U247-H5-VS2-GGA5-Zn 15 mg-L-06112024-Q=50.54 L-min-4,U247-H5-VS2-04.11.2024,0,0,GGA5,300.93424,301.0,248.3,52.63424,0
U247-H5-VS2-GGA5-Zn 15 mg-L-06112024-Q=50.54 L-min-4,U247-H5-VS2-04.11.2024,0,1,,300.08082,775.0,245.90001,54.18081,0
U247-H5-VS2-GGA5-Zn 15 mg-L-06112024-Q=50.54 L-min-4,U247-H5-VS2-04.11.2024,0,2,,301.77534,1249.0,248.5,53.27534,0
U247-H5-VS2-GGA5-Zn 15 mg-L-06112024-Q=50.54 L-min-4,U247-H5-VS2-04.11.2024,0,3,,302.56712,1728.0,247.6,54.96712,0
U247-H5-VS2-GGA5-Zn 15 mg-L-06112024-Q=50.54 L-min-4,U247-H5-VS2-04.11.2024,0,4,,298.00548,2201.0,243.9,54.10548,0
U247-H5-VS2-GGA5-Zn 15 mg-L-06112024-Q=50.54 L-min-4,U247-H5-VS2-04.11.2024,0,5,GGA5-Zn-15,296.58195,2678.0,239.7,56.88195,1
U247-H5-VS2-GGA5-Zn 15 mg-L-06112024-Q=50.54 L-min-4,U247-H5-VS2-04.11.2024,0,6,,292.36027,3148.0,239.4,52.96027,1
U247-H5-VS2-GGA5-Zn 15 mg-L-06112024-Q=50.54 L-min-4,U247-H5-VS2-04.11.2024,0,7,,291.16389,3621.0,239.7,51.46389,1
U247-H5-VS2-GGA5-Zn 15 mg-L-06112024-Q=50.54 L-min-4,U247-H5-VS2-04.11.2024,0,8,,296.61233,4090.0,239.99999,56.61234,1
U247-H5-VS2-GGA5-Zn 15 mg-L-06112024-Q=50.54 L-min-4,U247-H5-VS2-04.11.2024,0,9,,299.79583,4565.0,249.3,50.49583,1
U247-H5-VS2-GGA5-Zn 15 mg-L-06112024-Q=50.54 L-min-4,U247-H5-VS2-04.11.2024,0,10,,296.95556,5039.0,250.7,46.25556,1
U247-H5-VS2-GGA5-Zn 15 mg-L-06112024-Q=50.54 L-min-4,U247-H5-VS2-04.11.2024,0,11,,293.73378,5511.0,255.2,38.53378,2
U247-H5-VS2-GGA5-Zn 15 mg-L-06112024-Q=50.54 L-min-4,U247-H5-VS2-04.11.2024,0,12,,302.16576,5982.0,261.20001,40.96575,2
U247-H5-VS2-GGA5-Zn 15 mg-L-06112024-Q=50.54 L-min-4,U247-H5-VS2-04.11.2024,0,13,,306.06438,6454.0,266.0,40.06438,2
U247-H5-VS2-GGA20-Cr 15 mg-L-06112024-Q=50.24mL-min-6,U247-H5-VS2-04.11.2024,1,0,GGA20,301.11233,301.0,253.6,47.51233,0
U247-H5-VS2-GGA20-Cr 15 mg-L-06112024-Q=50.24mL-min-6,U247-H5-VS2-04.11.2024,1,1,,291.81781,775.0,244.5,47.31781,0
U247-H5-VS2-GGA20-Cr 15 mg-L-06112024-Q=50.24mL-min-6,U247-H5-VS2-04.11.2024,1,2,,292.20411,1242.0,245.8,46.40411,0
U247-H5-VS2-GGA20-Cr 15 mg-L-06112024-Q=50.24mL-min-6,U247-H5-VS2-04.11.2024,1,3,,295.33056,1715.0,250.9,44.43056,0
U247-H5-VS2-GGA20-Cr 15 mg-L-06112024-Q=50.24mL-min-6,U247-H5-VS2-04.11.2024,1,4,,293.97222,2189.0,249.50001,44.47221,0
U247-H5-VS2-GGA20-Cr 15 mg-L-06112024-Q=50.24mL-min-6,U247-H5-VS2-04.11.2024,1,5,,290.15139,2668.0,242.3,47.85139,0
U247-H5-VS2-GGA20-Cr 15 mg-L-06112024-Q=50.24mL-min-6,U247-H5-VS2-04.11.2024,1,6,,295.87361,3143.0,248.79999,47.07362,0
U247-H5-VS2-GGA20-Cr 15 mg-L-06112024-Q=50.24mL-min-6,U247-H5-VS2-04.11.2024,1,7,GGA20-Cr-15,293.24109,3622.0,249.50001,43.74108,1
U247-H5-VS2-GGA20-Cr 15 mg-L-06112024-Q=50.24mL-min-6,U247-H5-VS2-04.11.2024,1,8,,290.51389,4093.0,252.99999,37.5139,1
U247-H5-VS2-GGA20-Cr 15 mg-L-06112024-Q=50.24mL-min-6,U247-H5-VS2-04.11.2024,1,9,,289.27778,4566.0,255.60001,33.67777,1
U247-H5-VS2-GGA20-Cr 15 mg-L-06112024-Q=50.24mL-min-6,U247-H5-VS2-04.11.2024,1,10,,286.69167,5039.0,255.29999,31.39168,1
U247-H5-VS2-GGA20-Cr 15 mg-L-06112024-Q=50.24mL-min-6,U247-H5-VS2-04.11.2024,1,11,,285.94247,5511.0,257.7,28.24247,2
U247-H5-VS2-GGA20-Cr 15 mg-L-06112024-Q=50.24mL-min-6,U247-H5-VS2-04.11.2024,1,12,,291.11466,5984.0,263.1,28.01466,2
U247-H5-VS2-GGA20-Cr 15 mg-L-06112024-Q=50.24mL-min-6,U247-H5-VS2-04.11.2024,1,13,,292.14054,6457.0,265.8,26.34054,2
U248-H6-VS2-GGA5-Zn 15 mg-L-06112024-Q=50.72 L-min-5,U248-H6-VS2-04.11.2024,0,0,GGA5,362.65263,301.0,308.99999,53.65264,0
U248-H6-VS2-GGA5-Zn 15 mg-L-06112024-Q=50.72 L-min-5,U248-H6-VS2-04.11.2024,0,1,,359.32241,743.0,310.99999,48.32242,0
U248-H6-VS2-GGA5-Zn 15 mg-L-06112024-Q=50.72 L-min-5,U248-H6-VS2-04.11.2024,0,2,,362.88305,1213.0,314.00001,48.88304,0
U248-H6-VS2-GGA5-Zn 15 mg-L-06112024-Q=50.72 L-min-5,U248-H6-VS2-04.11.2024,0,3,,366.83966,1690.0,315.9,50.93966,0
U248-H6-VS2-GGA5-Zn 15 mg-L-06112024-Q=50.72 L-min-5,U248-H6-VS2-04.11.2024,0,4,,359.52982,2168.0,308.49999,51.02983,0
U248-H6-VS2-GGA5-Zn 15 mg-L-06112024-Q=50.72 L-min-5,U248-H6-VS2-04.11.2024,0,5,,357.72241,2647.0,303.99999,53.72242,0
U248-H6-VS2-GGA5-Zn 15 mg-L-06112024-Q=50.72 L-min-5,U248-H6-VS2-04.11.2024,0,6,,351.65173,3120.0,296.79999,54.85174,0
U248-H6-VS2-GGA5-Zn 15 mg-L-06112024-Q=50.72 L-min-5,U248-H6-VS2-04.11.2024,0,7,GGA5-Zn-15,352.20702,3593.0,298.7,53.50702,1
U248-H6-VS2-GGA5-Zn 15 mg-L-06112024-Q=50.72 L-min-5,U248-H6-VS2-04.11.2024,0,8,,342.57167,4062.0,291.00001,51.57166,1
U248-H6-VS2-GGA5-Zn 15 mg-L-06112024-Q=50.72 L-min-5,U248-H6-VS2-04.11.2024,0,9,,347.23158,4532.0,292.80001,54.43157,1
U248-H6-VS2-GGA5-Zn 15 mg-L-06112024-Q=50.72 L-min-5,U248-H6-VS2-04.11.2024,0,10,,348.34828,5008.0,298.5,49.84828,1
U248-H6-VS2-GGA5-Zn 15 mg-L-06112024-Q=50.72 L-min-5,U248-H6-VS2-04.11.2024,0,11,,342.62586,5477.0,298.00001,44.62585,1
U248-H6-VS2-GGA5-Zn 15 mg-L-06112024-Q=50.72 L-min-5,U248-H6-VS2-04.11.2024,0,12,,337.95,5950.0,299.49999,38.45001,2
U248-H6-VS2-GGA5-Zn 15 mg-L-06112024-Q=50.72 L-min-5,U248-H6-VS2-04.11.2024,0,13,,341.0,6420.0,302.70001,38.29999,2
U248-H6-VS2-GGA20-Cr 15 mg-L-06112024-Q=50.24mL-min-7,U248-H6-VS2-04.11.2024,1,0,GGA20,327.70526,301.0,282.20001,45.50525,0
U248-H6-VS2-GGA20-Cr 15 mg-L-06112024-Q=50.24mL-min-7,U248-H6-VS2-04.11.2024,1,1,,329.54828,775.0,283.89999,45.64829,0
U248-H6-VS2-GGA20-Cr 15 mg-L-06112024-Q=50.24mL-min-7,U248-H6-VS2-04.11.2024,1,2,,329.33509,1249.0,282.79999,46.5351,0
U248-H6-VS2-GGA20-Cr 15 mg-L-06112024-Q=50.24mL-min-7,U248-H6-VS2-04.11.2024,1,3,,324.83509,1723.0,278.29999,46.5351,0
U248-H6-VS2-GGA20-Cr 15 mg-L-06112024-Q=50.24mL-min-7,U248-H6-VS2-04.11.2024,1,4,,321.1,2197.0,276.10001,44.99999,0
U248-H6-VS2-GGA20-Cr 15 mg-L-06112024-Q=50.24mL-min-7,U248-H6-VS2-04.11.2024,1,5,,324.79825,2670.0,278.9,45.89825,0
U248-H6-VS2-GGA20-Cr 15 mg-L-06112024-Q=50.24mL-min-7,U248-H6-VS2-04.11.2024,1,6,,322.74211,3142.0,275.5,47.24211,0
U248-H6-VS2-GGA20-Cr 15 mg-L-06112024-Q=50.24mL-min-7,U248-H6-VS2-04.11.2024,1,7,GGA20-Cr-15,323.57018,3616.0,279.8,43.77018,1
U248-H6-VS2-GGA20-Cr 15 mg-L-06112024-Q=50.24mL-min-7,U248-H6-VS2-04.11.2024,1,8,,316.87414,4085.0,279.19999,37.67415,1
U248-H6-VS2-GGA20-Cr 15 mg-L-06112024-Q=50.24mL-min-7,U248-H6-VS2-04.11.2024,1,9,,313.30526,4561.0,276.6,36.70526,1
U248-H6-VS2-GGA20-Cr 15 mg-L-06112024-Q=50.24mL-min-7,U248-H6-VS2-04.11.2024,1,10,,305.86897,5034.0,274.69999,31.16898,1
U248-H6-VS2-GGA20-Cr 15 mg-L-06112024-Q=50.24mL-min-7,U248-H6-VS2-04.11.2024,1,11,,300.705,5507.0,271.9,28.805,2
U248-H6-VS2-GGA20-Cr 15 mg-L-06112024-Q=50.24mL-min-7,U248-H6-VS2-04.11.2024,1,12,,304.87018,5981.0,275.40001,29.47017,2
U248-H6-VS2-GGA20-Cr 15 mg-L-06112024-Q=50.24mL-min-7,U248-H6-VS2-04.11.2024,1,13,,301.70333,6451.0,271.80001,29.90332,2
U249-H5-VS2-GGA20-Zn 15 mg-L-06112024-Q=50.08 L-min-5,U249-H5-VS2-04.11.2024,0,0,GGA20,295.8,301.0,223.19999,72.60001,0
U249-H5-VS2-GGA20-Zn 15 mg-L-06112024-Q=50.08 L-min-5,U249-H5-VS2-04.11.2024,0,1,,291.49178,775.0,214.9,76.59178,0
U249-H5-VS2-GGA20-Zn 15 mg-L-06112024-Q=50.08 L-min-5,U249-H5-VS2-04.11.2024,0,2,,290.00548,1248.0,216.5,73.50548,0
U249-H5-VS2-GGA20-Zn 15 mg-L-06112024-Q=50.08 L-min-5,U249-H5-VS2-04.11.2024,0,3,,289.732,1727.0,212.9,76.832,0
U249-H5-VS2-GGA20-Zn 15 mg-L-06112024-Q=50.08 L-min-5,U249-H5-VS2-04.11.2024,0,4,,291.71389,2199.0,214.5,77.21389,0
U249-H5-VS2-GGA20-Zn 15 mg-L-06112024-Q=50.08 L-min-5,U249-H5-VS2-04.11.2024,0,5,,282.275,2678.0,208.10001,74.17499,0
U249-H5-VS2-GGA20-Zn 15 mg-L-06112024-Q=50.08 L-min-5,U249-H5-VS2-04.11.2024,0,6,,284.82778,3153.0,206.2,78.62778,0
U249-H5-VS2-GGA20-Zn 15 mg-L-06112024-Q=50.08 L-min-5,U249-H5-VS2-04.11.2024,0,7,GGA20-Zn-15,285.93611,3623.0,224.5,61.43611,1
U249-H5-VS2-GGA20-Zn 15 mg-L-06112024-Q=50.08 L-min-5,U249-H5-VS2-04.11.2024,0,8,,293.63333,4098.0,227.0,66.63333,1
U249-H5-VS2-GGA20-Zn 15 mg-L-06112024-Q=50.08 L-min-5,U249-H5-VS2-04.11.2024,0,9,,299.14306,4569.0,236.49999,62.64307,1
U249-H5-VS2-GGA20-Zn 15 mg-L-06112024-Q=50.08 L-min-5,U249-H5-VS2-04.11.2024,0,10,,301.76901,5041.0,245.6,56.16901,1
U249-H5-VS2-GGA20-Zn 15 mg-L-06112024-Q=50.08 L-min-5,U249-H5-VS2-04.11.2024,0,11,,294.9946,5515.0,244.1,50.8946,1
U249-H5-VS2-GGA20-Zn 15 mg-L-06112024-Q=50.08 L-min-5,U249-H5-VS2-04.11.2024,0,12,,291.06379,5988.0,245.19999,45.8638,2
U249-H5-VS2-GGA20-Zn 15 mg-L-06112024-Q=50.08 L-min-5,U249-H5-VS2-04.11.2024,0,13,,287.53158,6462.0,239.6,47.93158,2
U249-H5-VS2-GGA20-Zn 15 mg-L-06112024-Q=50.08 L-min-5,U249-H5-VS2-04.11.2024,0,14,,285.62982,6935.0,238.90001,46.72981,2
U250-H5-VS2-GGA20-Zn 15 mg-L-06112024-Q=50.24 L-min-6,U250-H6-VS2-04.11.2024,0,0,GGA20,290.73472,301.0,249.2,41.53472,0
U250-H5-VS2-GGA20-Zn 15 mg-L-06112024-Q=50.24 L-min-6,U250-H6-VS2-04.11.2024,0,1,,293.13333,775.0,246.2,46.93333,0
U250-H5-VS2-GGA20-Zn 15 mg-L-06112024-Q=50.24 L-min-6,U250-H6-VS2-04.11.2024,0,2,,293.22973,1246.0,247.4,45.82973,0
U250-H5-VS2-GGA20-Zn 15 mg-L-06112024-Q=50.24 L-min-6,U250-H6-VS2-04.11.2024,0,3,,298.99296,1723.0,252.60001,46.39295,0
U250-H5-VS2-GGA20-Zn 15 mg-L-06112024-Q=50.24 L-min-6,U250-H6-VS2-04.11.2024,0,4,,296.5,2195.0,246.99999,49.50001,0
U250-H5-VS2-GGA20-Zn 15 mg-L-06112024-Q=50.24 L-min-6,U250-H6-VS2-04.11.2024,0,5,GGA20-Zn-15,301.35695,2674.0,261.20001,40.15694,1
U250-H5-VS2-GGA20-Zn 15 mg-L-06112024-Q=50.24 L-min-6,U250-H6-VS2-04.11.2024,0,6,,305.96806,3143.0,275.5,30.46806,1
U250-H5-VS2-GGA20-Zn 15 mg-L-06112024-Q=50.24 L-min-6,U250-H6-VS2-04.11.2024,0,7,,296.08194,3613.0,264.49999,31.58195,1
U250-H5-VS2-GGA20-Zn 15 mg-L-06112024-Q=50.24 L-min-6,U250-H6-VS2-04.11.2024,0,8,,290.57432,4092.0,264.7,25.87432,1
U250-H5-VS2-GGA20-Zn 15 mg-L-06112024-Q=50.24 L-min-6,U250-H6-VS2-04.11.2024,0,9,,286.81528,4563.0,262.89999,23.91529,2
U250-H5-VS2-GGA20-Zn 15 mg-L-06112024-Q=50.24 L-min-6,U250-H6-VS2-04.11.2024,0,10,,283.175,5035.0,259.79999,23.37501,2
U250-H5-VS2-GGA20-Zn 15 mg-L-06112024-Q=50.24 L-min-6,U250-H6-VS2-04.11.2024,0,11,,283.12603,5511.0,260.89999,22.22604,2
U251-H5-VS2-GGA5-Zn 5 mg-L-07112024-Q=50.24 L-min-5,U251-H5-VS2-05.11.2024,0,0,GGA5,277.15397,301.0,196.5,80.65397,0
U251-H5-VS2-GGA5-Zn 5 mg-L-07112024-Q=50.24 L-min-5,U251-H5-VS2-05.11.2024,0,1,,273.60625,774.0,192.30001,81.30624,0
U251-H5-VS2-GGA5-Zn 5 mg-L-07112024-Q=50.24 L-min-5,U251-H5-VS2-05.11.2024,0,2,,279.16191,1249.0,195.7,83.46191,0
U251-H5-VS2-GGA5-Zn 5 mg-L-07112024-Q=50.24 L-min-5,U251-H5-VS2-05.11.2024,0,3,,284.30635,1725.0,195.5,88.80635,0
U251-H5-VS2-GGA5-Zn 5 mg-L-07112024-Q=50.24 L-min-5,U251-H5-VS2-05.11.2024,0,4,,287.60159,2195.0,202.80001,84.80158,0
U251-H5-VS2-GGA5-Zn 5 mg-L-07112024-Q=50.24 L-min-5,U251-H5-VS2-05.11.2024,0,5,,287.52195,2668.0,205.59999,81.92196,0
U251-H5-VS2-GGA5-Zn 5 mg-L-07112024-Q=50.24 L-min-5,U251-H5-VS2-05.11.2024,0,6,GGA5-Zn5,299.43171,3143.0,216.5,82.93171,1
U251-H5-VS2-GGA5-Zn 5 mg-L-07112024-Q=50.24 L-min-5,U251-H5-VS2-05.11.2024,0,7,,303.36585,3615.0,228.40001,74.96584,1
U251-H5-VS2-GGA5-Zn 5 mg-L-07112024-Q=50.24 L-min-5,U251-H5-VS2-05.11.2024,0,8,,298.48871,4089.0,224.5,73.98871,1
U251-H5-VS2-GGA5-Zn 5 mg-L-07112024-Q=50.24 L-min-5,U251-H5-VS2-05.11.2024,0,9,,301.40317,4561.0,231.7,69.70317,1
U251-H5-VS2-GGA5-Zn 5 mg-L-07112024-Q=50.24 L-min-5,U251-H5-VS2-05.11.2024,0,10,,303.38889,5035.0,232.2,71.18889,1
U251-H5-VS2-GGA5-Zn 5 mg-L-07112024-Q=50.24 L-min-5,U251-H5-VS2-05.11.2024,0,11,,296.97302,5507.0,227.59999,69.37303,1
U251-H5-VS2-GGA5-Zn 5 mg-L-07112024-Q=50.24 L-min-5,U251-H5-VS2-05.11.2024,0,12,,299.99206,5981.0,228.49999,71.49207,1
U251-H5-VS2-GGA5-Zn 5 mg-L-07112024-Q=50.24 L-min-5,U251-H5-VS2-05.11.2024,0,13,,298.27619,6454.0,229.9,68.37619,1
U251-H5-VS2-GGA5-Zn 5 mg-L-07112024-Q=50.24 L-min-5,U251-H5-VS2-05.11.2024,0,14,,293.69524,6930.0,230.9,62.79524,2
U251-H5-VS2-GGA5-Zn 5 mg-L-07112024-Q=50.24 L-min-5,U251-H5-VS2-05.11.2024,0,15,,298.11746,7401.0,230.10001,68.01745,2
U251-H5-VS2-GGA5-Zn 5 mg-L-07112024-Q=50.24 L-min-5,U251-H5-VS2-05.11.2024,0,16,,290.55692,7876.0,225.5,65.05692,2
U251-H5-VS2-GGA15-Cr 5 mg-L-07112024-Q= L-min-5,U251-H5-VS2-05.11.2024,1,0,GGA15,275.04815,301.0,202.3,72.74815,0
U251-H5-VS2-GGA15-Cr 5 mg-L-07112024-Q= L-min-5,U251-H5-VS2-05.11.2024,1,1,,274.45926,772.0,202.00001,72.45925,0
U251-H5-VS2-GGA15-Cr 5 mg-L-07112024-Q= L-min-5,U251-H5-VS2-05.11.2024,1,2,,272.21482,1246.0,194.90001,77.31481,0
U251-H5-VS2-GGA15-Cr 5 mg-L-07112024-Q= L-min-5,U251-H5-VS2-05.11.2024,1,3,,275.39821,1720.0,196.60001,78.7982,0
U251-H5-VS2-GGA15-Cr 5 mg-L-07112024-Q= L-min-5,U251-H5-VS2-05.11.2024,1,4,,270.82264,2195.0,190.9,79.92264,0
U251-H5-VS2-GGA15-Cr 5 mg-L-07112024-Q= L-min-5,U251-H5-VS2-05.11.2024,1,5,,267.65741,2669.0,192.39999,75.25742,0
U251-H5-VS2-GGA15-Cr 5 mg-L-07112024-Q= L-min-5,U251-H5-VS2-05.11.2024,1,6,GGA15-Cr5,268.1463,3140.0,191.0,77.1463,0
U251-H5-VS2-GGA15-Cr 5 mg-L-07112024-Q= L-min-5,U251-H5-VS2-05.11.2024,1,7,,278.50189,3615.0,206.8,71.70189,1
U251-H5-VS2-GGA15-Cr 5 mg-L-07112024-Q= L-min-5,U251-H5-VS2-05.11.2024,1,8,,283.17037,4087.0,213.49999,69.67038,1
U251-H5-VS2-GGA15-Cr 5 mg-L-07112024-Q= L-min-5,U251-H5-VS2-05.11.2024,1,9,,277.59259,4562.0,211.3,66.29259,1
U251-H5-VS2-GGA15-Cr 5 mg-L-07112024-Q= L-min-5,U251-H5-VS2-05.11.2024,1,10,,277.67778,5033.0,219.69999,57.97779,1
U251-H5-VS2-GGA15-Cr 5 mg-L-07112024-Q= L-min-5,U251-H5-VS2-05.11.2024,1,11,,276.8,5507.0,224.6,52.2,1
U251-H5-VS2-GGA15-Cr 5 mg-L-07112024-Q= L-min-5,U251-H5-VS2-05.11.2024,1,12,,281.23333,5979.0,230.9,50.33333,1
U251-H5-VS2-GGA15-Cr 5 mg-L-07112024-Q= L-min-5,U251-H5-VS2-05.11.2024,1,13,,287.84444,6453.0,239.3,48.54444,1
U251-H5-VS2-GGA15-Cr 5 mg-L-07112024-Q= L-min-5,U251-H5-VS2-05.11.2024,1,14,,277.77736,6929.0,235.40001,42.37735,2
U251-H5-VS2-GGA15-Cr 5 mg-L-07112024-Q= L-min-5,U251-H5-VS2-05.11.2024,1,15,,276.06852,7400.0,238.00001,38.06851,2
U251-H5-VS2-GGA15-Cr 5 mg-L-07112024-Q= L-min-5,U251-H5-VS2-05.11.2024,1,16,,276.675,7877.0,236.39999,40.27501,2
U252-H6-VS2-GGA5-Zn 5 mg-L-07112024-Q=50.24 L-min-6,U252-H6-VS2-05.11.2024,0,0,GGA5,318.74,301.0,247.1,71.64,0
U252-H6-VS2-GGA5-Zn 5 mg-L-07112024-Q=50.24 L-min-6,U252-H6-VS2-05.11.2024,0,1,,323.688,776.0,247.79999,75.88801,0
U252-H6-VS2-GGA5-Zn 5 mg-L-07112024-Q=50.24 L-min-6,U252-H6-VS2-05.11.2024,0,2,,327.2,1252.0,251.89999,75.30001,0
U252-H6-VS2-GGA5-Zn 5 mg-L-07112024-Q=50.24 L-min-6,U252-H6-VS2-05.11.2024,0,3,,329.19388,1723.0,257.49999,71.69389,0
U252-H6-VS2-GGA5-Zn 5 mg-L-07112024-Q=50.24 L-min-6,U252-H6-VS2-05.11.2024,0,4,,330.79388,2200.0,255.49999,75.29389,0
U252-H6-VS2-GGA5-Zn 5 mg-L-07112024-Q=50.24 L-min-6,U252-H6-VS2-05.11.2024,0,5,,328.19804,2674.0,253.69999,74.49805,0
U252-H6-VS2-GGA5-Zn 5 mg-L-07112024-Q=50.24 L-min-6,U252-H6-VS2-05.11.2024,0,6,GGA5-Zn5,331.27551,3145.0,262.80001,68.4755,1
U252-H6-VS2-GGA5-Zn 5 mg-L-07112024-Q=50.24 L-min-6,U252-H6-VS2-05.11.2024,0,7,,331.118,3617.0,268.00001,63.11799,1
U252-H6-VS2-GGA5-Zn 5 mg-L-07112024-Q=50.24 L-min-6,U252-H6-VS2-05.11.2024,0,8,,329.76939,4092.0,268.00001,61.76938,1
U252-H6-VS2-GGA5-Zn 5 mg-L-07112024-Q=50.24 L-min-6,U252-H6-VS2-05.11.2024,0,9,,321.4551,4564.0,265.8,55.6551,1
U252-H6-VS2-GGA5-Zn 5 mg-L-07112024-Q=50.24 L-min-6,U252-H6-VS2-05.11.2024,0,10,,323.86531,5040.0,263.8,60.06531,1
U252-H6-VS2-GGA5-Zn 5 mg-L-07112024-Q=50.24 L-min-6,U252-H6-VS2-05.11.2024,0,11,,320.69388,5511.0,262.49999,58.19389,1
U252-H6-VS2-GGA5-Zn 5 mg-L-07112024-Q=50.24 L-min-6,U252-H6-VS2-05.11.2024,0,12,,318.25385,5986.0,264.80001,53.45384,2
U252-H6-VS2-GGA5-Zn 5 mg-L-07112024-Q=50.24 L-min-6,U252-H6-VS2-05.11.2024,0,13,,322.81633,6460.0,266.79999,56.01634,2
U252-H6-VS2-GGA5-Zn 5 mg-L-07112024-Q=50.24 L-min-6,U252-H6-VS2-05.11.2024,0,14,,313.704,6934.0,259.9,53.804,2
U252-H6-VS2-GGA15-Cr 5 mg-L-07112024-Q=50.24 L-min-7,U252-H6-VS2-05.11.2024,1,0,GGA15,295.00204,301.0,233.79999,61.20205,0
U252-H6-VS2-GGA15-Cr 5 mg-L-07112024-Q=50.24 L-min-7,U252-H6-VS2-05.11.2024,1,1,,295.04082,774.0,234.4,60.64082,0
U252-H6-VS2-GGA15-Cr 5 mg-L-07112024-Q=50.24 L-min-7,U252-H6-VS2-05.11.2024,1,2,,295.89796,1247.0,231.4,64.49796,0
U252-H6-VS2-GGA15-Cr 5 mg-L-07112024-Q=50.24 L-min-7,U252-H6-VS2-05.11.2024,1,3,,293.646,1720.0,230.19999,63.44601,0
U252-H6-VS2-GGA15-Cr 5 mg-L-07112024-Q=50.24 L-min-7,U252-H6-VS2-05.11.2024,1,4,,291.64694,2195.0,227.8,63.84694,0
U252-H6-VS2-GGA15-Cr 5 mg-L-07112024-Q=50.24 L-min-7,U252-H6-VS2-05.11.2024,1,5,GGA15-Cr5,306.69039,2666.0,248.0,58.69039,1
U252-H6-VS2-GGA15-Cr 5 mg-L-07112024-Q=50.24 L-min-7,U252-H6-VS2-05.11.2024,1,6,,308.714,3143.0,251.1,57.614,1
U252-H6-VS2-GGA15-Cr 5 mg-L-07112024-Q=50.24 L-min-7,U252-H6-VS2-05.11.2024,1,7,,310.83265,3614.0,272.1,38.73265,1
U252-H6-VS2-GGA15-Cr 5 mg-L-07112024-Q=50.24 L-min-7,U252-H6-VS2-05.11.2024,1,8,,294.1,4093.0,251.50001,42.59999,1
U252-H6-VS2-GGA15-Cr 5 mg-L-07112024-Q=50.24 L-min-7,U252-H6-VS2-05.11.2024,1,9,,296.56939,4567.0,255.69999,40.8694,1
U252-H6-VS2-GGA15-Cr 5 mg-L-07112024-Q=50.24 L-min-7,U252-H6-VS2-05.11.2024,1,10,,299.426,5041.0,257.29999,42.12601,1
U252-H6-VS2-GGA15-Cr 5 mg-L-07112024-Q=50.24 L-min-7,U252-H6-VS2-05.11.2024,1,11,,291.09807,5513.0,252.0,39.09807,1
U252-H6-VS2-GGA15-Cr 5 mg-L-07112024-Q=50.24 L-min-7,U252-H6-VS2-05.11.2024,1,12,,289.918,5989.0,252.79999,37.11801,2
U252-H6-VS2-GGA15-Cr 5 mg-L-07112024-Q=50.24 L-min-7,U252-H6-VS2-05.11.2024,1,13,,292.56735,6461.0,255.10001,37.46734,2
U253-H5-VS2-GGA10-Zn (II) 5 mg-L-11112024-Q=50.38 L-min-6,U253-H5-VS2-07.11.2024,0,0,GGA10,270.69857,301.0,190.1,80.59857,0
U253-H5-VS2-GGA10-Zn (II) 5 mg-L-11112024-Q=50.38 L-min-6,U253-H5-VS2-07.11.2024,0,1,,283.0169,775.0,203.79999,79.21691,0
U253-H5-VS2-GGA10-Zn (II) 5 mg-L-11112024-Q=50.38 L-min-6,U253-H5-VS2-07.11.2024,0,2,,287.11449,1248.0,198.8,88.31449,0
U253-H5-VS2-GGA10-Zn (II) 5 mg-L-11112024-Q=50.38 L-min-6,U253-H5-VS2-07.11.2024,0,3,,291.53571,1719.0,201.10001,90.4357,0
U253-H5-VS2-GGA10-Zn (II) 5 mg-L-11112024-Q=50.38 L-min-6,U253-H5-VS2-07.11.2024,0,4,,292.58261,2194.0,205.2,87.38261,0
U253-H5-VS2-GGA10-Zn (II) 5 mg-L-11112024-Q=50.38 L-min-6,U253-H5-VS2-07.11.2024,0,5,,295.17429,2668.0,214.2,80.97429,0
U253-H5-VS2-GGA10-Zn (II) 5 mg-L-11112024-Q=50.38 L-min-6,U253-H5-VS2-07.11.2024,0,6,GGA10-Zn5,303.8116,3139.0,212.9,90.9116,0
U253-H5-VS2-GGA10-Zn (II) 5 mg-L-11112024-Q=50.38 L-min-6,U253-H5-VS2-07.11.2024,0,7,,298.02143,3613.0,214.2,83.82143,1
U253-H5-VS2-GGA10-Zn (II) 5 mg-L-11112024-Q=50.38 L-min-6,U253-H5-VS2-07.11.2024,0,8,,290.80857,4086.0,210.1,80.70857,1
U253-H5-VS2-GGA10-Zn (II) 5 mg-L-11112024-Q=50.38 L-min-6,U253-H5-VS2-07.11.2024,0,9,,287.73428,4559.0,205.3,82.43428,1
U253-H5-VS2-GGA10-Zn (II) 5 mg-L-11112024-Q=50.38 L-min-6,U253-H5-VS2-07.11.2024,0,10,,292.14857,5032.0,214.9,77.24857,2
U253-H5-VS2-GGA10-Zn (II) 5 mg-L-11112024-Q=50.38 L-min-6,U253-H5-VS2-07.11.2024,0,11,,292.09143,5511.0,217.4,74.69143,2
U253-H5-VS2-GGA7.5-Cr(VI) 10 mg-L-11112024-Q=50.32 L-min-6,U253-H5-VS2-07.11.2024,1,0,GGA7.5,282.72319,301.0,198.9,83.82319,0
U253-H5-VS2-GGA7.5-Cr(VI) 10 mg-L-11112024-Q=50.32 L-min-6,U253-H5-VS2-07.11.2024,1,1,,285.42029,774.0,199.0,86.42029,0
U253-H5-VS2-GGA7.5-Cr(VI) 10 mg-L-11112024-Q=50.32 L-min-6,U253-H5-VS2-07.11.2024,1,2,,277.16286,1248.0,192.5,84.66286,0
U253-H5-VS2-GGA7.5-Cr(VI) 10 mg-L-11112024-Q=50.32 L-min-6,U253-H5-VS2-07.11.2024,1,3,,272.92143,1720.0,186.10001,86.82142,0
U253-H5-VS2-GGA7.5-Cr(VI) 10 mg-L-11112024-Q=50.32 L-min-6,U253-H5-VS2-07.11.2024,1,4,,270.91884,2195.0,184.1,86.81884,0
U253-H5-VS2-GGA7.5-Cr(VI) 10 mg-L-11112024-Q=50.32 L-min-6,U253-H5-VS2-07.11.2024,1,5,,271.49,2670.0,184.9,86.59,0
U253-H5-VS2-GGA7.5-Cr(VI) 10 mg-L-11112024-Q=50.32 L-min-6,U253-H5-VS2-07.11.2024,1,6,GGA10-Zn5,260.64286,3149.0,173.3,87.34286,1
U253-H5-VS2-GGA7.5-Cr(VI) 10 mg-L-11112024-Q=50.32 L-min-6,U253-H5-VS2-07.11.2024,1,7,,263.56,3623.0,183.3,80.26,1
U253-H5-VS2-GGA7.5-Cr(VI) 10 mg-L-11112024-Q=50.32 L-min-6,U253-H5-VS2-07.11.2024,1,8,,269.27101,4097.0,194.99999,74.27102,1
U253-H5-VS2-GGA7.5-Cr(VI) 10 mg-L-11112024-Q=50.32 L-min-6,U253-H5-VS2-07.11.2024,1,9,,277.07826,4567.0,207.8,69.27826,1
U253-H5-VS2-GGA7.5-Cr(VI) 10 mg-L-11112024-Q=50.32 L-min-6,U253-H5-VS2-07.11.2024,1,10,,276.33188,5041.0,211.0,65.33188,1
U253-H5-VS2-GGA7.5-Cr(VI) 10 mg-L-11112024-Q=50.32 L-min-6,U253-H5-VS2-07.11.2024,1,11,,275.47,5515.0,207.1,68.37,1
U253-H5-VS2-GGA7.5-Cr(VI) 10 mg-L-11112024-Q=50.32 L-min-6,U253-H5-VS2-07.11.2024,1,12,,268.8,5988.0,202.90001,65.89999,1
U253-H5-VS2-GGA7.5-Cr(VI) 10 mg-L-11112024-Q=50.32 L-min-6,U253-H5-VS2-07.11.2024,1,13,,266.80145,6460.0,204.2,62.60145,1
U253-H5-VS2-GGA7.5-Cr(VI) 10 mg-L-11112024-Q=50.32 L-min-6,U253-H5-VS2-07.11.2024,1,14,,266.76667,6934.0,205.1,61.66667,1
U253-H5-VS2-GGA7.5-Cr(VI) 10 mg-L-11112024-Q=50.32 L-min-6,U253-H5-VS2-07.11.2024,1,15,,273.18596,7408.0,218.3,54.88596,2
U253-H5-VS2-GGA7.5-Cr(VI) 10 mg-L-11112024-Q=50.32 L-min-6,U253-H5-VS2-07.11.2024,1,16,,269.87193,7879.0,211.3,58.57193,2
U254-H6-VS2-GGA10-Zn(II) 5 mg-L-11112024-Q=50.28 L-min-7,U254-H6-VS2-07.11.2024,0,0,GGA10,351.48889,301.0,277.90001,73.58888,0
U254-H6-VS2-GGA10-Zn(II) 5 mg-L-11112024-Q=50.28 L-min-7,U254-H6-VS2-07.11.2024,0,1,,360.52958,775.0,282.79999,77.72959,0
U254-H6-VS2-GGA10-Zn(II) 5 mg-L-11112024-Q=50.28 L-min-7,U254-H6-VS2-07.11.2024,0,2,,365.64861,1246.0,290.6,75.04861,0
U254-H6-VS2-GGA10-Zn(II) 5 mg-L-11112024-Q=50.28 L-min-7,U254-H6-VS2-07.11.2024,0,3,,370.49054,1720.0,295.70001,74.79053,0
U254-H6-VS2-GGA10-Zn(II) 5 mg-L-11112024-Q=50.28 L-min-7,U254-H6-VS2-07.11.2024,0,4,,373.76528,2191.0,295.39999,78.36529,0
U254-H6-VS2-GGA10-Zn(II) 5 mg-L-11112024-Q=50.28 L-min-7,U254-H6-VS2-07.11.2024,0,5,,371.79305,2664.0,296.0,75.79305,0
U254-H6-VS2-GGA10-Zn(II) 5 mg-L-11112024-Q=50.28 L-min-7,U254-H6-VS2-07.11.2024,0,6,,373.83239,3136.0,299.10001,74.73238,0
U254-H6-VS2-GGA10-Zn(II) 5 mg-L-11112024-Q=50.28 L-min-7,U254-H6-VS2-07.11.2024,0,7,GGA10-Zn5,381.95139,3609.0,307.20001,74.75138,1
U254-H6-VS2-GGA10-Zn(II) 5 mg-L-11112024-Q=50.28 L-min-7,U254-H6-VS2-07.11.2024,0,8,,366.76805,4082.0,300.1,66.66805,1
U254-H6-VS2-GGA10-Zn(II) 5 mg-L-11112024-Q=50.28 L-min-7,U254-H6-VS2-07.11.2024,0,9,,359.41945,4558.0,286.00001,73.41944,1
U254-H6-VS2-GGA10-Zn(II) 5 mg-L-11112024-Q=50.28 L-min-7,U254-H6-VS2-07.11.2024,0,10,,354.02609,5031.0,294.80001,59.22608,2
U254-H6-VS2-GGA10-Zn(II) 5 mg-L-11112024-Q=50.28 L-min-7,U254-H6-VS2-07.11.2024,0,11,,357.38772,5504.0,294.49999,62.88773,2
U254-H6-VS2-GGA10-Zn(II) 5 mg-L-11112024-Q=50.28 L-min-7,U254-H6-VS2-07.11.2024,0,12,,357.46271,5977.0,292.60001,64.8627,2
U254-H6-VS2-GGA7.5-Cr(VI) 10 mg-L-11112024-Q=50.54 L-min-7,U254-H6-VS2-07.11.2024,1,0,GGA7.5,346.08421,301.0,279.90001,66.1842,0
U254-H6-VS2-GGA7.5-Cr(VI) 10 mg-L-11112024-Q=50.54 L-min-7,U254-H6-VS2-07.11.2024,1,1,,345.59824,775.0,279.8,65.79824,0
U254-H6-VS2-GGA7.5-Cr(VI) 10 mg-L-11112024-Q=50.54 L-min-7,U254-H6-VS2-07.11.2024,1,2,,333.31053,1248.0,265.1,68.21053,0
U254-H6-VS2-GGA7.5-Cr(VI) 10 mg-L-11112024-Q=50.54 L-min-7,U254-H6-VS2-07.11.2024,1,3,,322.40175,1720.0,258.6,63.80175,0
U254-H6-VS2-GGA7.5-Cr(VI) 10 mg-L-11112024-Q=50.54 L-min-7,U254-H6-VS2-07.11.2024,1,4,,322.2,2195.0,258.8,63.4,0
U254-H6-VS2-GGA7.5-Cr(VI) 10 mg-L-11112024-Q=50.54 L-min-7,U254-H6-VS2-07.11.2024,1,5,,319.39152,2666.0,257.7,61.69152,0
U254-H6-VS2-GGA7.5-Cr(VI) 10 mg-L-11112024-Q=50.54 L-min-7,U254-H6-VS2-07.11.2024,1,6,,316.79649,3139.0,252.7,64.09649,0
U254-H6-VS2-GGA7.5-Cr(VI) 10 mg-L-11112024-Q=50.54 L-min-7,U254-H6-VS2-07.11.2024,1,7,GGA7.5-Cr10,317.54737,3607.0,254.59999,62.94738,1
U254-H6-VS2-GGA7.5-Cr(VI) 10 mg-L-11112024-Q=50.54 L-min-7,U254-H6-VS2-07.11.2024,1,8,,314.79474,4078.0,256.70001,58.09473,1
U254-H6-VS2-GGA7.5-Cr(VI) 10 mg-L-11112024-Q=50.54 L-min-7,U254-H6-VS2-07.11.2024,1,9,,316.53509,4553.0,263.3,53.23509,1
U254-H6-VS2-GGA7.5-Cr(VI) 10 mg-L-11112024-Q=50.54 L-min-7,U254-H6-VS2-07.11.2024,1,10,,322.74035,5028.0,270.90001,51.84034,1
U254-H6-VS2-GGA7.5-Cr(VI) 10 mg-L-11112024-Q=50.54 L-min-7,U254-H6-VS2-07.11.2024,1,11,,319.4193,5501.0,268.90001,50.51929,1
U254-H6-VS2-GGA7.5-Cr(VI) 10 mg-L-11112024-Q=50.54 L-min-7,U254-H6-VS2-07.11.2024,1,12,,314.91754,5973.0,267.30001,47.61753,1
U254-H6-VS2-GGA7.5-Cr(VI) 10 mg-L-11112024-Q=50.54 L-min-7,U254-H6-VS2-07.11.2024,1,13,,305.31579,6447.0,261.09999,44.2158,1
U254-H6-VS2-GGA7.5-Cr(VI) 10 mg-L-11112024-Q=50.54 L-min-7,U254-H6-VS2-07.11.2024,1,14,,302.33729,6917.0,256.39999,45.9373,1
U254-H6-VS2-GGA7.5-Cr(VI) 10 mg-L-11112024-Q=50.54 L-min-7,U254-H6-VS2-07.11.2024,1,15,,300.29474,7394.0,257.7,42.59474,2
U254-H6-VS2-GGA7.5-Cr(VI) 10 mg-L-11112024-Q=50.54 L-min-7,U254-H6-VS2-07.11.2024,1,16,,304.39298,7867.0,263.00001,41.39297,2
U254-H6-VS2-GGA7.5-Cr(VI) 10 mg-L-11112024-Q=50.54 L-min-7,U254-H6-VS2-07.11.2024,1,17,,298.78597,8343.0,256.3,42.48597,2
U255-H5-VS2-GGA7.5-Zn(II) 10 mg-L-12112024-Q=50.3 L-min-6,U255-H5-VS2-10.11.2024,0,0,GGA7.5,277.80282,301.0,176.49999,101.30283,0
U255-H5-VS2-GGA7.5-Zn(II) 10 mg-L-12112024-Q=50.3 L-min-6,U255-H5-VS2-10.11.2024,0,1,,275.19583,776.0,172.99999,102.19584,0
U255-H5-VS2-GGA7.5-Zn(II) 10 mg-L-12112024-Q=50.3 L-min-6,U255-H5-VS2-10.11.2024,0,2,,273.31389,1248.0,169.1,104.21389,0
U255-H5-VS2-GGA7.5-Zn(II) 10 mg-L-12112024-Q=50.3 L-min-6,U255-H5-VS2-10.11.2024,0,3,,281.40556,1721.0,171.4,110.00556,0
U255-H5-VS2-GGA7.5-Zn(II) 10 mg-L-12112024-Q=50.3 L-min-6,U255-H5-VS2-10.11.2024,0,4,,281.78611,2194.0,175.0,106.78611,0
U255-H5-VS2-GGA7.5-Zn(II) 10 mg-L-12112024-Q=50.3 L-min-6,U255-H5-VS2-10.11.2024,0,5,GGA7.5-Zn10,293.80694,2668.0,187.99999,105.80695,1
U255-H5-VS2-GGA7.5-Zn(II) 10 mg-L-12112024-Q=50.3 L-min-6,U255-H5-VS2-10.11.2024,0,6,,294.70833,3141.0,192.20001,102.50832,1
U255-H5-VS2-GGA7.5-Zn(II) 10 mg-L-12112024-Q=50.3 L-min-6,U255-H5-VS2-10.11.2024,0,7,,295.67361,3613.0,189.70001,105.9736,1
U255-H5-VS2-GGA7.5-Zn(II) 10 mg-L-12112024-Q=50.3 L-min-6,U255-H5-VS2-10.11.2024,0,8,,289.38028,4088.0,194.7,94.68028,1
U255-H5-VS2-GGA7.5-Zn(II) 10 mg-L-12112024-Q=50.3 L-min-6,U255-H5-VS2-10.11.2024,0,9,,299.95405,4559.0,194.8,105.15405,1
U255-H5-VS2-GGA7.5-Zn(II) 10 mg-L-12112024-Q=50.3 L-min-6,U255-H5-VS2-10.11.2024,0,10,,301.92361,5033.0,203.5,98.42361,1
U255-H5-VS2-GGA7.5-Zn(II) 10 mg-L-12112024-Q=50.3 L-min-6,U255-H5-VS2-10.11.2024,0,11,,302.34085,5505.0,207.39999,94.94086,2
U255-H5-VS2-GGA7.5-Zn(II) 10 mg-L-12112024-Q=50.3 L-min-6,U255-H5-VS2-10.11.2024,0,12,,302.9375,5978.0,211.3,91.6375,2
U255-H5-VS2-GGA20-Cr(VI) 5 mg-L-12112024-Q=50.72 L-min-6,U255-H5-VS2-10.11.2024,1,0,GGA20,295.50417,301.0,206.40001,89.10416,0
U255-H5-VS2-GGA20-Cr(VI) 5 mg-L-12112024-Q=50.72 L-min-6,U255-H5-VS2-10.11.2024,1,1,,296.2125,774.0,202.7,93.5125,0
U255-H5-VS2-GGA20-Cr(VI) 5 mg-L-12112024-Q=50.72 L-min-6,U255-H5-VS2-10.11.2024,1,2,,293.03649,1247.0,205.3,87.73649,0
U255-H5-VS2-GGA20-Cr(VI) 5 mg-L-12112024-Q=50.72 L-min-6,U255-H5-VS2-10.11.2024,1,3,,288.72222,1719.0,197.1,91.62222,0
U255-H5-VS2-GGA20-Cr(VI) 5 mg-L-12112024-Q=50.72 L-min-6,U255-H5-VS2-10.11.2024,1,4,,289.52083,2193.0,197.60001,91.92082,0
U255-H5-VS2-GGA20-Cr(VI) 5 mg-L-12112024-Q=50.72 L-min-6,U255-H5-VS2-10.11.2024,1,5,,293.19167,2666.0,203.4,89.79167,0
U255-H5-VS2-GGA20-Cr(VI) 5 mg-L-12112024-Q=50.72 L-min-6,U255-H5-VS2-10.11.2024,1,6,,298.36761,3139.0,206.2,92.16761,1
U255-H5-VS2-GGA20-Cr(VI) 5 mg-L-12112024-Q=50.72 L-min-6,U255-H5-VS2-10.11.2024,1,7,GGA20-Cr5,296.71945,3613.0,205.9,90.81945,1
U255-H5-VS2-GGA20-Cr(VI) 5 mg-L-12112024-Q=50.72 L-min-6,U255-H5-VS2-10.11.2024,1,8,,295.27222,4086.0,205.8,89.47222,1
U255-H5-VS2-GGA20-Cr(VI) 5 mg-L-12112024-Q=50.72 L-min-6,U255-H5-VS2-10.11.2024,1,9,,294.91549,4558.0,211.60001,83.31548,1
U255-H5-VS2-GGA20-Cr(VI) 5 mg-L-12112024-Q=50.72 L-min-6,U255-H5-VS2-10.11.2024,1,10,,288.59861,5032.0,209.5,79.09861,1
U255-H5-VS2-GGA20-Cr(VI) 5 mg-L-12112024-Q=50.72 L-min-6,U255-H5-VS2-10.11.2024,1,11,,285.20972,5507.0,207.30001,77.90971,1
U255-H5-VS2-GGA20-Cr(VI) 5 mg-L-12112024-Q=50.72 L-min-6,U255-H5-VS2-10.11.2024,1,12,,290.03151,5980.0,212.0,78.03151,1
U255-H5-VS2-GGA20-Cr(VI) 5 mg-L-12112024-Q=50.72 L-min-6,U255-H5-VS2-10.11.2024,1,13,,292.77887,6452.0,214.2,78.57887,1
U255-H5-VS2-GGA20-Cr(VI) 5 mg-L-12112024-Q=50.72 L-min-6,U255-H5-VS2-10.11.2024,1,14,,291.43194,6926.0,215.9,75.53194,2
U255-H5-VS2-GGA20-Cr(VI) 5 mg-L-12112024-Q=50.72 L-min-6,U255-H5-VS2-10.11.2024,1,15,,285.9125,7400.0,213.2,72.7125,2
U256-H6-VS2-GGA7.5-Zn(II) 10 mg-L-12112024-Q=50.44 L-min-7,U256-H6-VS2-10.11.2024,0,0,GGA7.5,332.7186,301.0,259.0,73.7186,0
U256-H6-VS2-GGA7.5-Zn(II) 10 mg-L-12112024-Q=50.44 L-min-7,U256-H6-VS2-10.11.2024,0,1,,338.90149,775.0,267.50001,71.40148,0
U256-H6-VS2-GGA7.5-Zn(II) 10 mg-L-12112024-Q=50.44 L-min-7,U256-H6-VS2-10.11.2024,0,2,,340.57612,1246.0,263.8,76.77612,0
U256-H6-VS2-GGA7.5-Zn(II) 10 mg-L-12112024-Q=50.44 L-min-7,U256-H6-VS2-10.11.2024,0,3,,346.325,1722.0,266.09999,80.22501,0
U256-H6-VS2-GGA7.5-Zn(II) 10 mg-L-12112024-Q=50.44 L-min-7,U256-H6-VS2-10.11.2024,0,4,,353.04559,2191.0,271.4,81.64559,0
U256-H6-VS2-GGA7.5-Zn(II) 10 mg-L-12112024-Q=50.44 L-min-7,U256-H6-VS2-10.11.2024,0,5,,356.98382,2667.0,271.80001,85.18381,0
U256-H6-VS2-GGA7.5-Zn(II) 10 mg-L-12112024-Q=50.44 L-min-7,U256-H6-VS2-10.11.2024,0,6,GGA7.5-Zn10,360.21177,3139.0,278.2,82.01177,1
U256-H6-VS2-GGA7.5-Zn(II) 10 mg-L-12112024-Q=50.44 L-min-7,U256-H6-VS2-10.11.2024,0,7,,361.48382,3610.0,282.09999,79.38383,1
U256-H6-VS2-GGA7.5-Zn(II) 10 mg-L-12112024-Q=50.44 L-min-7,U256-H6-VS2-10.11.2024,0,8,,357.36119,4085.0,279.90001,77.46118,1
U256-H6-VS2-GGA7.5-Zn(II) 10 mg-L-12112024-Q=50.44 L-min-7,U256-H6-VS2-10.11.2024,0,9,,359.17463,4564.0,281.6,77.57463,1
U256-H6-VS2-GGA7.5-Zn(II) 10 mg-L-12112024-Q=50.44 L-min-7,U256-H6-VS2-10.11.2024,0,10,,359.34328,5034.0,280.2,79.14328,1
U256-H6-VS2-GGA7.5-Zn(II) 10 mg-L-12112024-Q=50.44 L-min-7,U256-H6-VS2-10.11.2024,0,11,,354.75143,5509.0,287.0,67.75143,2
U256-H6-VS2-GGA7.5-Zn(II) 10 mg-L-12112024-Q=50.44 L-min-7,U256-H6-VS2-10.11.2024,0,12,,351.74627,5979.0,288.19999,63.54628,2
U256-H6-VS2-GGA7.5-Zn(II) 10 mg-L-12112024-Q=50.44 L-min-7,U256-H6-VS2-10.11.2024,0,13,,345.60882,6457.0,283.4,62.20882,2
U256-H6-VS2-GGA20-Cr(VI) 5 mg-L-12112024-Q=50.72 L-min-7,U256-H6-VS2-10.11.2024,1,0,GGA20,352.31471,301.0,283.4,68.91471,0
U256-H6-VS2-GGA20-Cr(VI) 5 mg-L-12112024-Q=50.72 L-min-7,U256-H6-VS2-10.11.2024,1,1,,347.6806,774.0,278.60001,69.08059,0
U256-H6-VS2-GGA20-Cr(VI) 5 mg-L-12112024-Q=50.72 L-min-7,U256-H6-VS2-10.11.2024,1,2,,347.09706,1248.0,278.4,68.69706,0
U256-H6-VS2-GGA20-Cr(VI) 5 mg-L-12112024-Q=50.72 L-min-7,U256-H6-VS2-10.11.2024,1,3,,339.74179,1722.0,270.1,69.64179,0
U256-H6-VS2-GGA20-Cr(VI) 5 mg-L-12112024-Q=50.72 L-min-7,U256-H6-VS2-10.11.2024,1,4,,337.92687,2193.0,269.80001,68.12686,0
U256-H6-VS2-GGA20-Cr(VI) 5 mg-L-12112024-Q=50.72 L-min-7,U256-H6-VS2-10.11.2024,1,5,,336.53433,2672.0,269.2,67.33433,0
U256-H6-VS2-GGA20-Cr(VI) 5 mg-L-12112024-Q=50.72 L-min-7,U256-H6-VS2-10.11.2024,1,6,GGA20-Cr5,346.925,3151.0,273.29999,73.62501,1
U256-H6-VS2-GGA20-Cr(VI) 5 mg-L-12112024-Q=50.72 L-min-7,U256-H6-VS2-10.11.2024,1,7,,341.68209,3624.0,277.79999,63.8821,1
U256-H6-VS2-GGA20-Cr(VI) 5 mg-L-12112024-Q=50.72 L-min-7,U256-H6-VS2-10.11.2024,1,8,,347.28823,4093.0,278.29999,68.98824,1
U256-H6-VS2-GGA20-Cr(VI) 5 mg-L-12112024-Q=50.72 L-min-7,U256-H6-VS2-10.11.2024,1,9,,335.46912,4566.0,271.10001,64.36911,1
U256-H6-VS2-GGA20-Cr(VI) 5 mg-L-12112024-Q=50.72 L-min-7,U256-H6-VS2-10.11.2024,1,10,,331.78824,5041.0,266.0,65.78824,1
U256-H6-VS2-GGA20-Cr(VI) 5 mg-L-12112024-Q=50.72 L-min-7,U256-H6-VS2-10.11.2024,1,11,,322.95147,5515.0,264.09999,58.85148,1
U256-H6-VS2-GGA20-Cr(VI) 5 mg-L-12112024-Q=50.72 L-min-7,U256-H6-VS2-10.11.2024,1,12,,327.46618,5989.0,268.00001,59.46617,1
U256-H6-VS2-GGA20-Cr(VI) 5 mg-L-12112024-Q=50.72 L-min-7,U256-H6-VS2-10.11.2024,1,13,,330.41642,6464.0,269.89999,60.51643,1
U256-H6-VS2-GGA20-Cr(VI) 5 mg-L-12112024-Q=50.72 L-min-7,U256-H6-VS2-10.11.2024,1,14,,324.72836,6936.0,266.7,58.02836,2
U256-H6-VS2-GGA20-Cr(VI) 5 mg-L-12112024-Q=50.72 L-min-7,U256-H6-VS2-10.11.2024,1,15,,320.49552,7412.0,263.8,56.69552,2
U257-H5-VS2-GGA10-Zn(II) 10 mg-L-13112024-Q=50.28 L-min-6,U257-H5-VS2-11.11.2024,0,0,GGA10,274.74118,301.0,191.0,83.74118,0
U257-H5-VS2-GGA10-Zn(II) 10 mg-L-13112024-Q=50.28 L-min-6,U257-H5-VS2-11.11.2024,0,1,,281.53383,776.0,201.10001,80.43382,0
U257-H5-VS2-GGA10-Zn(II) 10 mg-L-13112024-Q=50.28 L-min-6,U257-H5-VS2-11.11.2024,0,2,,285.56282,1248.0,202.00001,83.56281,0
U257-H5-VS2-GGA10-Zn(II) 10 mg-L-13112024-Q=50.28 L-min-6,U257-H5-VS2-11.11.2024,0,3,,279.52658,1722.0,193.4,86.12658,0
U257-H5-VS2-GGA10-Zn(II) 10 mg-L-13112024-Q=50.28 L-min-6,U257-H5-VS2-11.11.2024,0,4,,276.66914,2194.0,191.0,85.66914,0
U257-H5-VS2-GGA10-Zn(II) 10 mg-L-13112024-Q=50.28 L-min-6,U257-H5-VS2-11.11.2024,0,5,,269.23333,2669.0,183.0,86.23333,0
U257-H5-VS2-GGA10-Zn(II) 10 mg-L-13112024-Q=50.28 L-min-6,U257-H5-VS2-11.11.2024,0,6,GGA10-Zn10,270.88734,3142.0,185.8,85.08734,1
U257-H5-VS2-GGA10-Zn(II) 10 mg-L-13112024-Q=50.28 L-min-6,U257-H5-VS2-11.11.2024,0,7,,281.51795,3611.0,201.90001,79.61794,1
U257-H5-VS2-GGA10-Zn(II) 10 mg-L-13112024-Q=50.28 L-min-6,U257-H5-VS2-11.11.2024,0,8,,283.90127,4086.0,203.89999,80.00128,1
U257-H5-VS2-GGA10-Zn(II) 10 mg-L-13112024-Q=50.28 L-min-6,U257-H5-VS2-11.11.2024,0,9,,280.54359,4560.0,209.09999,71.4436,2
U257-H5-VS2-GGA10-Zn(II) 10 mg-L-13112024-Q=50.28 L-min-6,U257-H5-VS2-11.11.2024,0,10,,282.90253,5039.0,205.2,77.70253,2
U257-H5-VS2-GGA7.5-Cr(VI) 15 mg-L-13112024-Q=50 L-min-6,U257-H5-VS2-11.11.2024,1,0,GGA7.5,270.46282,301.0,188.6,81.86282,0
U257-H5-VS2-GGA7.5-Cr(VI) 15 mg-L-13112024-Q=50 L-min-6,U257-H5-VS2-11.11.2024,1,1,,269.48205,777.0,187.99999,81.48206,0
U257-H5-VS2-GGA7.5-Cr(VI) 15 mg-L-13112024-Q=50 L-min-6,U257-H5-VS2-11.11.2024,1,2,,263.99747,1249.0,188.80001,75.19746,0
U257-H5-VS2-GGA7.5-Cr(VI) 15 mg-L-13112024-Q=50 L-min-6,U257-H5-VS2-11.11.2024,1,3,,264.81012,1721.0,180.5,84.31012,0
U257-H5-VS2-GGA7.5-Cr(VI) 15 mg-L-13112024-Q=50 L-min-6,U257-H5-VS2-11.11.2024,1,4,,265.2,2195.0,179.10001,86.09999,0
U257-H5-VS2-GGA7.5-Cr(VI) 15 mg-L-13112024-Q=50 L-min-6,U257-H5-VS2-11.11.2024,1,5,,262.49487,2670.0,176.9,85.59487,0
U257-H5-VS2-GGA7.5-Cr(VI) 15 mg-L-13112024-Q=50 L-min-6,U257-H5-VS2-11.11.2024,1,6,,258.84359,3142.0,180.7,78.14359,0
U257-H5-VS2-GGA7.5-Cr(VI) 15 mg-L-13112024-Q=50 L-min-6,U257-H5-VS2-11.11.2024,1,7,GGA7.5-Cr15,277.73924,3621.0,209.6,68.13924,1
U257-H5-VS2-GGA7.5-Cr(VI) 15 mg-L-13112024-Q=50 L-min-6,U257-H5-VS2-11.11.2024,1,8,,271.29874,4094.0,213.2,58.09874,1
U257-H5-VS2-GGA7.5-Cr(VI) 15 mg-L-13112024-Q=50 L-min-6,U257-H5-VS2-11.11.2024,1,9,,269.08975,4571.0,200.39999,68.68976,1
U257-H5-VS2-GGA7.5-Cr(VI) 15 mg-L-13112024-Q=50 L-min-6,U257-H5-VS2-11.11.2024,1,10,,263.97051,5045.0,201.00001,62.9705,1
U257-H5-VS2-GGA7.5-Cr(VI) 15 mg-L-13112024-Q=50 L-min-6,U257-H5-VS2-11.11.2024,1,11,,261.88205,5517.0,205.8,56.08205,1
U257-H5-VS2-GGA7.5-Cr(VI) 15 mg-L-13112024-Q=50 L-min-6,U257-H5-VS2-11.11.2024,1,12,,268.8359,5989.0,212.1,56.7359,1
U257-H5-VS2-GGA7.5-Cr(VI) 15 mg-L-13112024-Q=50 L-min-6,U257-H5-VS2-11.11.2024,1,13,,274.9037,6462.0,221.6,53.3037,2
U257-H5-VS2-GGA7.5-Cr(VI) 15 mg-L-13112024-Q=50 L-min-6,U257-H5-VS2-11.11.2024,1,14,,272.45949,6937.0,215.8,56.65949,2
U257-H5-VS2-GGA7.5-Cr(VI) 15 mg-L-13112024-Q=50 L-min-6,U257-H5-VS2-11.11.2024,1,15,,268.72821,7409.0,213.59999,55.12822,2
U258-H6-VS2-GGA10-Zn(II) 10 mg-L-13112024-Q=50.06 L-min-7,U258-H6-VS2-11.11.2024,0,0,GGA10,282.21014,301.0,235.9,46.31014,0
U258-H6-VS2-GGA10-Zn(II) 10 mg-L-13112024-Q=50.06 L-min-7,U258-H6-VS2-11.11.2024,0,1,,290.95072,775.0,248.2,42.75072,0
U258-H6-VS2-GGA10-Zn(II) 10 mg-L-13112024-Q=50.06 L-min-7,U258-H6-VS2-11.11.2024,0,2,,299.41159,1248.0,256.70001,42.71158,0
U258-H6-VS2-GGA10-Zn(II) 10 mg-L-13112024-Q=50.06 L-min-7,U258-H6-VS2-11.11.2024,0,3,,305.43044,1723.0,260.8,44.63044,0
U258-H6-VS2-GGA10-Zn(II) 10 mg-L-13112024-Q=50.06 L-min-7,U258-H6-VS2-11.11.2024,0,4,,307.98551,2195.0,261.20001,46.7855,0
U258-H6-VS2-GGA10-Zn(II) 10 mg-L-13112024-Q=50.06 L-min-7,U258-H6-VS2-11.11.2024,0,5,,300.48696,2675.0,255.69999,44.78697,0
U258-H6-VS2-GGA10-Zn(II) 10 mg-L-13112024-Q=50.06 L-min-7,U258-H6-VS2-11.11.2024,0,6,,299.35915,3140.0,252.0,47.35915,0
U258-H6-VS2-GGA10-Zn(II) 10 mg-L-13112024-Q=50.06 L-min-7,U258-H6-VS2-11.11.2024,0,7,GGA10-Zn10,297.09853,3619.0,250.29999,46.79854,1
U258-H6-VS2-GGA10-Zn(II) 10 mg-L-13112024-Q=50.06 L-min-7,U258-H6-VS2-11.11.2024,0,8,,302.02206,4094.0,262.49999,39.52207,1
U258-H6-VS2-GGA10-Zn(II) 10 mg-L-13112024-Q=50.06 L-min-7,U258-H6-VS2-11.11.2024,0,9,,299.47941,4568.0,258.39999,41.07942,1
U258-H6-VS2-GGA10-Zn(II) 10 mg-L-13112024-Q=50.06 L-min-7,U258-H6-VS2-11.11.2024,0,10,,297.21324,5040.0,256.59999,40.61325,2
U258-H6-VS2-GGA10-Zn(II) 10 mg-L-13112024-Q=50.06 L-min-7,U258-H6-VS2-11.11.2024,0,11,,292.75507,5519.0,252.0,40.75507,2
U258-H6-VS2-GGA7.5-Cr(VI) 15 mg-L-13112024-Q=50 .L-min-7,U258-H6-VS2-11.11.2024,1,0,GGA7.5,288.62206,301.0,244.1,44.52206,0
U258-H6-VS2-GGA7.5-Cr(VI) 15 mg-L-13112024-Q=50 .L-min-7,U258-H6-VS2-11.11.2024,1,1,,288.23623,777.0,242.9,45.33623,0
U258-H6-VS2-GGA7.5-Cr(VI) 15 mg-L-13112024-Q=50 .L-min-7,U258-H6-VS2-11.11.2024,1,2,,280.11177,1256.0,239.80001,40.31176,0
U258-H6-VS2-GGA7.5-Cr(VI) 15 mg-L-13112024-Q=50 .L-min-7,U258-H6-VS2-11.11.2024,1,3,,279.1058,1726.0,235.40001,43.70579,0
U258-H6-VS2-GGA7.5-Cr(VI) 15 mg-L-13112024-Q=50 .L-min-7,U258-H6-VS2-11.11.2024,1,4,,278.78406,2199.0,234.0,44.78406,0
U258-H6-VS2-GGA7.5-Cr(VI) 15 mg-L-13112024-Q=50 .L-min-7,U258-H6-VS2-11.11.2024,1,5,,276.53623,2672.0,231.5,45.03623,0
U258-H6-VS2-GGA7.5-Cr(VI) 15 mg-L-13112024-Q=50 .L-min-7,U258-H6-VS2-11.11.2024,1,6,,276.56377,3145.0,231.19999,45.36378,0
U258-H6-VS2-GGA7.5-Cr(VI) 15 mg-L-13112024-Q=50 .L-min-7,U258-H6-VS2-11.11.2024,1,7,GGA7.5-Cr-15,288.46912,3624.0,254.09999,34.36913,1
U258-H6-VS2-GGA7.5-Cr(VI) 15 mg-L-13112024-Q=50 .L-min-7,U258-H6-VS2-11.11.2024,1,8,,288.38986,4097.0,255.4,32.98986,1
U258-H6-VS2-GGA7.5-Cr(VI) 15 mg-L-13112024-Q=50 .L-min-7,U258-H6-VS2-11.11.2024,1,9,,288.09594,4572.0,255.69999,32.39595,1
U258-H6-VS2-GGA7.5-Cr(VI) 15 mg-L-13112024-Q=50 .L-min-7,U258-H6-VS2-11.11.2024,1,10,,286.03461,5047.0,256.70001,29.3346,1
U258-H6-VS2-GGA7.5-Cr(VI) 15 mg-L-13112024-Q=50 .L-min-7,U258-H6-VS2-11.11.2024,1,11,,283.48077,5518.0,253.19999,30.28078,1
U258-H6-VS2-GGA7.5-Cr(VI) 15 mg-L-13112024-Q=50 .L-min-7,U258-H6-VS2-11.11.2024,1,12,,292.91346,5990.0,259.5,33.41346,1
U258-H6-VS2-GGA7.5-Cr(VI) 15 mg-L-13112024-Q=50 .L-min-7,U258-H6-VS2-11.11.2024,1,13,,294.77059,6465.0,259.9,34.87059,1
U258-H6-VS2-GGA7.5-Cr(VI) 15 mg-L-13112024-Q=50 .L-min-7,U258-H6-VS2-11.11.2024,1,14,,290.83462,6939.0,258.8,32.03462,1
U258-H6-VS2-GGA7.5-Cr(VI) 15 mg-L-13112024-Q=50 .L-min-7,U258-H6-VS2-11.11.2024,1,15,,288.59412,7407.0,258.89999,29.69413,2
U258-H6-VS2-GGA7.5-Cr(VI) 15 mg-L-13112024-Q=50 .L-min-7,U258-H6-VS2-11.11.2024,1,16,,287.66538,7883.0,256.19999,31.46539,2
U259-H5-VS2-GGA2.5-Zn(II) 10 mg-L-14112024-Q=50.76 L-min-5,U259-H5-VS2-12.11.2024,0,0,GGA2.5,278.76197,301.0,197.60001,81.16196,0
U259-H5-VS2-GGA2.5-Zn(II) 10 mg-L-14112024-Q=50.76 L-min-5,U259-H5-VS2-12.11.2024,0,1,,276.57778,773.0,193.6,82.97778,0
U259-H5-VS2-GGA2.5-Zn(II) 10 mg-L-14112024-Q=50.76 L-min-5,U259-H5-VS2-12.11.2024,0,2,,269.76389,1246.0,185.20001,84.56388,0
U259-H5-VS2-GGA2.5-Zn(II) 10 mg-L-14112024-Q=50.76 L-min-5,U259-H5-VS2-12.11.2024,0,3,,265.60972,1721.0,180.5,85.10972,0
U259-H5-VS2-GGA2.5-Zn(II) 10 mg-L-14112024-Q=50.76 L-min-5,U259-H5-VS2-12.11.2024,0,4,,271.91806,2193.0,183.3,88.61806,0
U259-H5-VS2-GGA2.5-Zn(II) 10 mg-L-14112024-Q=50.76 L-min-5,U259-H5-VS2-12.11.2024,0,5,,278.76479,2667.0,188.1,90.66479,0
U259-H5-VS2-GGA2.5-Zn(II) 10 mg-L-14112024-Q=50.76 L-min-5,U259-H5-VS2-12.11.2024,0,6,,283.66892,3142.0,192.0,91.66892,0
U259-H5-VS2-GGA2.5-Zn(II) 10 mg-L-14112024-Q=50.76 L-min-5,U259-H5-VS2-12.11.2024,0,7,GGA2.5-Zn-10,291.37451,3614.0,195.4,95.97451,1
U259-H5-VS2-GGA2.5-Zn(II) 10 mg-L-14112024-Q=50.76 L-min-5,U259-H5-VS2-12.11.2024,0,8,,301.572,4087.0,230.0,71.572,1
U259-H5-VS2-GGA2.5-Zn(II) 10 mg-L-14112024-Q=50.76 L-min-5,U259-H5-VS2-12.11.2024,0,9,,301.838,4561.0,232.89999,68.93801,1
U259-H5-VS2-GGA2.5-Zn(II) 10 mg-L-14112024-Q=50.76 L-min-5,U259-H5-VS2-12.11.2024,0,10,,297.492,5034.0,230.29999,67.19201,1
U259-H5-VS2-GGA2.5-Zn(II) 10 mg-L-14112024-Q=50.76 L-min-5,U259-H5-VS2-12.11.2024,0,11,,294.098,5508.0,231.6,62.498,1
U259-H5-VS2-GGA2.5-Zn(II) 10 mg-L-14112024-Q=50.76 L-min-5,U259-H5-VS2-12.11.2024,0,12,,290.4,5982.0,230.0,60.4,2
U259-H5-VS2-GGA2.5-Zn(II) 10 mg-L-14112024-Q=50.76 L-min-5,U259-H5-VS2-12.11.2024,0,13,,294.758,6454.0,231.4,63.358,2
U259-H5-VS2-GGA2.5-Zn(II) 10 mg-L-14112024-Q=50.76 L-min-5,U259-H5-VS2-12.11.2024,0,14,,290.972,6930.0,230.4,60.572,2
U260-H6-VS2-GGA2.5-Zn(II) 10 mg-L-14112024-Q=50.78 L-min-6,U260-H6-VS2-12.11.2024,0,0,GGA2.5,315.64444,301.0,262.2,53.44444,0
U260-H6-VS2-GGA2.5-Zn(II) 10 mg-L-14112024-Q=50.78 L-min-6,U260-H6-VS2-12.11.2024,0,1,,317.09815,778.0,263.90001,53.19814,0
U260-H6-VS2-GGA2.5-Zn(II) 10 mg-L-14112024-Q=50.78 L-min-6,U260-H6-VS2-12.11.2024,0,2,,318.04629,1248.0,258.89999,59.1463,0
U260-H6-VS2-GGA2.5-Zn(II) 10 mg-L-14112024-Q=50.78 L-min-6,U260-H6-VS2-12.11.2024,0,3,,319.44815,1724.0,263.00001,56.44814,0
U260-H6-VS2-GGA2.5-Zn(II) 10 mg-L-14112024-Q=50.78 L-min-6,U260-H6-VS2-12.11.2024,0,4,,320.37222,2196.0,266.7,53.67222,0
U260-H6-VS2-GGA2.5-Zn(II) 10 mg-L-14112024-Q=50.78 L-min-6,U260-H6-VS2-12.11.2024,0,5,,317.2963,2671.0,264.2,53.0963,0
U260-H6-VS2-GGA2.5-Zn(II) 10 mg-L-14112024-Q=50.78 L-min-6,U260-H6-VS2-12.11.2024,0,6,,319.70556,3143.0,274.30001,45.40555,0
U260-H6-VS2-GGA2.5-Zn(II) 10 mg-L-14112024-Q=50.78 L-min-6,U260-H6-VS2-12.11.2024,0,7,GGA2.5-Zn-10,319.36852,3617.0,281.50001,37.86851,1
U260-H6-VS2-GGA2.5-Zn(II) 10 mg-L-14112024-Q=50.78 L-min-6,U260-H6-VS2-12.11.2024,0,8,,322.23518,4091.0,285.29999,36.93519,1
U260-H6-VS2-GGA2.5-Zn(II) 10 mg-L-14112024-Q=50.78 L-min-6,U260-H6-VS2-12.11.2024,0,9,,316.05893,4563.0,278.80001,37.25892,1
U260-H6-VS2-GGA2.5-Zn(II) 10 mg-L-14112024-Q=50.78 L-min-6,U260-H6-VS2-12.11.2024,0,10,,308.36667,5034.0,275.00001,33.36666,1
U260-H6-VS2-GGA2.5-Zn(II) 10 mg-L-14112024-Q=50.78 L-min-6,U260-H6-VS2-12.11.2024,0,11,,308.60555,5509.0,272.39999,36.20556,1
U261-H5-VS2-GGA2.5-Zn(II) 15 mg-L-15112024-Q=50.48 L-min-5,U261-H5-VS2-13.11.2024,0,0,GGA2.5,269.725,301.0,190.69999,79.02501,0
U261-H5-VS2-GGA2.5-Zn(II) 15 mg-L-15112024-Q=50.48 L-min-5,U261-H5-VS2-13.11.2024,0,1,,269.10896,773.0,189.70001,79.40895,0
U261-H5-VS2-GGA2.5-Zn(II) 15 mg-L-15112024-Q=50.48 L-min-5,U261-H5-VS2-13.11.2024,0,2,,279.97761,1248.0,200.20001,79.7776,0
U261-H5-VS2-GGA2.5-Zn(II) 15 mg-L-15112024-Q=50.48 L-min-5,U261-H5-VS2-13.11.2024,0,3,,288.00448,1722.0,204.9,83.10448,0
U261-H5-VS2-GGA2.5-Zn(II) 15 mg-L-15112024-Q=50.48 L-min-5,U261-H5-VS2-13.11.2024,0,4,,291.51305,2194.0,210.1,81.41305,0
U261-H5-VS2-GGA2.5-Zn(II) 15 mg-L-15112024-Q=50.48 L-min-5,U261-H5-VS2-13.11.2024,0,5,,295.01343,2668.0,214.1,80.91343,0
U261-H5-VS2-GGA2.5-Zn(II) 15 mg-L-15112024-Q=50.48 L-min-5,U261-H5-VS2-13.11.2024,0,6,GGA2.5-Zn-15,295.64925,3140.0,220.59999,75.04926,1
U261-H5-VS2-GGA2.5-Zn(II) 15 mg-L-15112024-Q=50.48 L-min-5,U261-H5-VS2-13.11.2024,0,7,,297.11493,3613.0,229.20001,67.91492,1
U261-H5-VS2-GGA2.5-Zn(II) 15 mg-L-15112024-Q=50.48 L-min-5,U261-H5-VS2-13.11.2024,0,8,,298.29403,4087.0,231.90001,66.39402,1
U261-H5-VS2-GGA2.5-Zn(II) 15 mg-L-15112024-Q=50.48 L-min-5,U261-H5-VS2-13.11.2024,0,9,,299.2806,4560.0,231.00001,68.28059,2
U261-H5-VS2-GGA2.5-Zn(II) 15 mg-L-15112024-Q=50.48 L-min-5,U261-H5-VS2-13.11.2024,0,10,,299.35147,5033.0,234.0,65.35147,2
U261-H5-VS2-GGA2.5-Zn(II) 15 mg-L-15112024-Q=50.48 L-min-5,U261-H5-VS2-13.11.2024,0,11,,300.50448,5506.0,232.80001,67.70447,2
U262-H6-VS2-GGA2.5-Zn(II) 15 mg-L-15112024-Q=50 L-min-6,U262-H6-VS2-13.11.2024,0,0,GGA2.5,293.51447,301.0,240.70001,52.81446,0
U262-H6-VS2-GGA2.5-Zn(II) 15 mg-L-15112024-Q=50 L-min-6,U262-H6-VS2-13.11.2024,0,1,,294.71467,776.0,244.29999,50.41468,0
U262-H6-VS2-GGA2.5-Zn(II) 15 mg-L-15112024-Q=50 L-min-6,U262-H6-VS2-13.11.2024,0,2,,309.30267,1249.0,257.0,52.30267,0
U262-H6-VS2-GGA2.5-Zn(II) 15 mg-L-15112024-Q=50 L-min-6,U262-H6-VS2-13.11.2024,0,3,,318.38133,1721.0,263.70001,54.68132,0
U262-H6-VS2-GGA2.5-Zn(II) 15 mg-L-15112024-Q=50 L-min-6,U262-H6-VS2-13.11.2024,0,4,,320.376,2198.0,267.89999,52.47601,0
U262-H6-VS2-GGA2.5-Zn(II) 15 mg-L-15112024-Q=50 L-min-6,U262-H6-VS2-13.11.2024,0,5,,323.95844,2669.0,268.7,55.25844,0
U262-H6-VS2-GGA2.5-Zn(II) 15 mg-L-15112024-Q=50 L-min-6,U262-H6-VS2-13.11.2024,0,6,GGA2.5-Zn-15,324.60244,3140.0,265.6,59.00244,1
U262-H6-VS2-GGA2.5-Zn(II) 15 mg-L-15112024-Q=50 L-min-6,U262-H6-VS2-13.11.2024,0,7,,326.60488,3617.0,274.89999,51.70489,1
U262-H6-VS2-GGA2.5-Zn(II) 15 mg-L-15112024-Q=50 L-min-6,U262-H6-VS2-13.11.2024,0,8,,326.99,4090.0,277.90001,49.08999,1
U262-H6-VS2-GGA2.5-Zn(II) 15 mg-L-15112024-Q=50 L-min-6,U262-H6-VS2-13.11.2024,0,9,,327.34423,4563.0,280.80001,46.54422,1
U262-H6-VS2-GGA2.5-Zn(II) 15 mg-L-15112024-Q=50 L-min-6,U262-H6-VS2-13.11.2024,0,10,,329.50377,5036.0,283.69999,45.80378,2
U262-H6-VS2-GGA2.5-Zn(II) 15 mg-L-15112024-Q=50 L-min-6,U262-H6-VS2-13.11.2024,0,11,,330.31731,5509.0,284.3,46.01731,2
U262-H6-VS2-GGA2.5-Zn(II) 15 mg-L-15112024-Q=50 L-min-6,U262-H6-VS2-13.11.2024,0,12,,330.74423,5986.0,284.70001,46.04422,2
U262-H6-VS2-GGA2.5-Zn(II) 15 mg-L-15112024-Q=50 L-min-6,U262-H6-VS2-13.11.2024,0,13,,331.08461,6457.0,285.80001,45.2846,2
U263-H5-VS2-GGA20-Zn(II) 10 mg-L-18112024-Q=50.5 L-min-6,U263-H5-VS2-16.11.2024,0,0,GGA20,289.13611,301.0,177.9,111.23611,0
U263-H5-VS2-GGA20-Zn(II) 10 mg-L-18112024-Q=50.5 L-min-6,U263-H5-VS2-16.11.2024,0,1,,285.87605,773.0,170.1,115.77605,0
U263-H5-VS2-GGA20-Zn(II) 10 mg-L-18112024-Q=50.5 L-min-6,U263-H5-VS2-16.11.2024,0,2,,282.83239,1246.0,171.8,111.03239,0
U263-H5-VS2-GGA20-Zn(II) 10 mg-L-18112024-Q=50.5 L-min-6,U263-H5-VS2-16.11.2024,0,3,,281.82027,1720.0,164.9,116.92027,0
U263-H5-VS2-GGA20-Zn(II) 10 mg-L-18112024-Q=50.5 L-min-6,U263-H5-VS2-16.11.2024,0,4,,286.29861,2193.0,161.0,125.29861,0
U263-H5-VS2-GGA20-Zn(II) 10 mg-L-18112024-Q=50.5 L-min-6,U263-H5-VS2-16.11.2024,0,5,,297.96806,2668.0,176.1,121.86806,0
U263-H5-VS2-GGA20-Zn(II) 10 mg-L-18112024-Q=50.5 L-min-6,U263-H5-VS2-16.11.2024,0,6,GGA20-Zn-10,306.70972,3140.0,187.00001,119.70971,1
U263-H5-VS2-GGA20-Zn(II) 10 mg-L-18112024-Q=50.5 L-min-6,U263-H5-VS2-16.11.2024,0,7,,310.86944,3613.0,196.2,114.66944,1
U263-H5-VS2-GGA20-Zn(II) 10 mg-L-18112024-Q=50.5 L-min-6,U263-H5-VS2-16.11.2024,0,8,,315.64167,4087.0,201.6,114.04167,1
U263-H5-VS2-GGA20-Zn(II) 10 mg-L-18112024-Q=50.5 L-min-6,U263-H5-VS2-16.11.2024,0,9,,316.54789,4561.0,207.5,109.04789,1
U263-H5-VS2-GGA20-Zn(II) 10 mg-L-18112024-Q=50.5 L-min-6,U263-H5-VS2-16.11.2024,0,10,,319.37391,5034.0,204.5,114.87391,1
U263-H5-VS2-GGA20-Zn(II) 10 mg-L-18112024-Q=50.5 L-min-6,U263-H5-VS2-16.11.2024,0,11,,321.83333,5507.0,213.59999,108.23334,1
U263-H5-VS2-GGA20-Zn(II) 10 mg-L-18112024-Q=50.5 L-min-6,U263-H5-VS2-16.11.2024,0,12,,322.34255,5981.0,223.3,99.04255,1
U263-H5-VS2-GGA20-Zn(II) 10 mg-L-18112024-Q=50.5 L-min-6,U263-H5-VS2-16.11.2024,0,13,,325.72979,6455.0,232.89999,92.8298,1
U263-H5-VS2-GGA20-Zn(II) 10 mg-L-18112024-Q=50.5 L-min-6,U263-H5-VS2-16.11.2024,0,14,,325.55532,6929.0,234.8,90.75532,1
U263-H5-VS2-GGA20-Zn(II) 10 mg-L-18112024-Q=50.5 L-min-6,U263-H5-VS2-16.11.2024,0,15,,327.05957,7399.0,237.10001,89.95956,2
U263-H5-VS2-GGA20-Zn(II) 10 mg-L-18112024-Q=50.5 L-min-6,U263-H5-VS2-16.11.2024,0,16,,326.94468,7875.0,244.20001,82.74467,2
U263-H5-VS2-GGA20-Zn(II) 10 mg-L-18112024-Q=50.5 L-min-6,U263-H5-VS2-16.11.2024,0,17,,326.15,8348.0,240.89999,85.25001,2
U264-H6-VS2-GGA20-Zn(II) 10 mg-L-18112024-Q=50.32 L-min-7,U264-H6-VS2-16.11.2024,0,0,GGA20,289.24426,301.0,225.89999,63.34427,0
U264-H6-VS2-GGA20-Zn(II) 10 mg-L-18112024-Q=50.32 L-min-7,U264-H6-VS2-16.11.2024,0,1,,286.25645,775.0,227.3,58.95645,0
U264-H6-VS2-GGA20-Zn(II) 10 mg-L-18112024-Q=50.32 L-min-7,U264-H6-VS2-16.11.2024,0,2,,283.01936,1248.0,222.6,60.41936,0
U264-H6-VS2-GGA20-Zn(II) 10 mg-L-18112024-Q=50.32 L-min-7,U264-H6-VS2-16.11.2024,0,3,,279.83279,1724.0,214.8,65.03279,0
U264-H6-VS2-GGA20-Zn(II) 10 mg-L-18112024-Q=50.32 L-min-7,U264-H6-VS2-16.11.2024,0,4,,280.66775,2197.0,219.4,61.26775,0
U264-H6-VS2-GGA20-Zn(II) 10 mg-L-18112024-Q=50.32 L-min-7,U264-H6-VS2-16.11.2024,0,5,,289.21087,2669.0,226.2,63.01087,0
U264-H6-VS2-GGA20-Zn(II) 10 mg-L-18112024-Q=50.32 L-min-7,U264-H6-VS2-16.11.2024,0,6,GGA20-Zn-10,303.91522,3148.0,229.20001,74.71521,1
U264-H6-VS2-GGA20-Zn(II) 10 mg-L-18112024-Q=50.32 L-min-7,U264-H6-VS2-16.11.2024,0,7,,306.46383,3624.0,233.60001,72.86382,1
U264-H6-VS2-GGA20-Zn(II) 10 mg-L-18112024-Q=50.32 L-min-7,U264-H6-VS2-16.11.2024,0,8,,312.03404,4092.0,245.4,66.63404,1
U264-H6-VS2-GGA20-Zn(II) 10 mg-L-18112024-Q=50.32 L-min-7,U264-H6-VS2-16.11.2024,0,9,,313.4,4565.0,246.2,67.2,1
U264-H6-VS2-GGA20-Zn(II) 10 mg-L-18112024-Q=50.32 L-min-7,U264-H6-VS2-16.11.2024,0,10,,314.38298,5042.0,245.4,68.98298,1
U264-H6-VS2-GGA20-Zn(II) 10 mg-L-18112024-Q=50.32 L-min-7,U264-H6-VS2-16.11.2024,0,11,,313.51304,5513.0,248.60001,64.91303,1
U264-H6-VS2-GGA20-Zn(II) 10 mg-L-18112024-Q=50.32 L-min-7,U264-H6-VS2-16.11.2024,0,12,,312.73478,5986.0,252.09999,60.63479,1
U264-H6-VS2-GGA20-Zn(II) 10 mg-L-18112024-Q=50.32 L-min-7,U264-H6-VS2-16.11.2024,0,13,,315.35319,6464.0,257.9,57.45319,1
U264-H6-VS2-GGA20-Zn(II) 10 mg-L-18112024-Q=50.32 L-min-7,U264-H6-VS2-16.11.2024,0,14,,313.43617,6934.0,259.9,53.53617,1
U264-H6-VS2-GGA20-Zn(II) 10 mg-L-18112024-Q=50.32 L-min-7,U264-H6-VS2-16.11.2024,0,15,,311.88511,7408.0,258.30001,53.5851,1
U264-H6-VS2-GGA20-Zn(II) 10 mg-L-18112024-Q=50.32 L-min-7,U264-H6-VS2-16.11.2024,0,16,,310.58511,7884.0,258.70001,51.8851,2
U264-H6-VS2-GGA20-Zn(II) 10 mg-L-18112024-Q=50.32 L-min-7,U264-H6-VS2-16.11.2024,0,17,,308.37659,8355.0,259.5,48.87659,2
U265-H5-VS2-GGA15-Zn(II) 15 mg-L-19112024-Q=50.28 L-min-6,U265-H5-VS2-17.11.2024,0,0,GGA15,281.03334,301.0,208.10001,72.93333,0
U265-H5-VS2-GGA15-Zn(II) 15 mg-L-19112024-Q=50.28 L-min-6,U265-H5-VS2-17.11.2024,0,1,,282.63698,773.0,210.1,72.53698,0
U265-H5-VS2-GGA15-Zn(II) 15 mg-L-19112024-Q=50.28 L-min-6,U265-H5-VS2-17.11.2024,0,2,,283.63973,1245.0,207.20001,76.43972,0
U265-H5-VS2-GGA15-Zn(II) 15 mg-L-19112024-Q=50.28 L-min-6,U265-H5-VS2-17.11.2024,0,3,,284.77671,1724.0,206.30001,78.4767,0
U265-H5-VS2-GGA15-Zn(II) 15 mg-L-19112024-Q=50.28 L-min-6,U265-H5-VS2-17.11.2024,0,4,,284.2863,2196.0,208.10001,76.18629,0
U265-H5-VS2-GGA15-Zn(II) 15 mg-L-19112024-Q=50.28 L-min-6,U265-H5-VS2-17.11.2024,0,5,,285.10959,2670.0,215.6,69.50959,0
U265-H5-VS2-GGA15-Zn(II) 15 mg-L-19112024-Q=50.28 L-min-6,U265-H5-VS2-17.11.2024,0,6,GGA15-Zn-15,292.03195,3142.0,210.1,81.93195,1
U265-H5-VS2-GGA15-Zn(II) 15 mg-L-19112024-Q=50.28 L-min-6,U265-H5-VS2-17.11.2024,0,7,,292.75069,3618.0,217.89999,74.8507,1
U265-H5-VS2-GGA15-Zn(II) 15 mg-L-19112024-Q=50.28 L-min-6,U265-H5-VS2-17.11.2024,0,8,,292.22667,4090.0,206.2,86.02667,1
U265-H5-VS2-GGA15-Zn(II) 15 mg-L-19112024-Q=50.28 L-min-6,U265-H5-VS2-17.11.2024,0,9,,290.60274,4565.0,213.2,77.40274,1
U265-H5-VS2-GGA15-Zn(II) 15 mg-L-19112024-Q=50.28 L-min-6,U265-H5-VS2-17.11.2024,0,10,,288.64794,5037.0,204.4,84.24794,1
U265-H5-VS2-GGA15-Zn(II) 15 mg-L-19112024-Q=50.28 L-min-6,U265-H5-VS2-17.11.2024,0,11,,292.18356,5508.0,217.7,74.48356,1
U265-H5-VS2-GGA15-Zn(II) 15 mg-L-19112024-Q=50.28 L-min-6,U265-H5-VS2-17.11.2024,0,12,,295.3411,5987.0,217.7,77.6411,1
U265-H5-VS2-GGA15-Zn(II) 15 mg-L-19112024-Q=50.28 L-min-6,U265-H5-VS2-17.11.2024,0,13,,286.56438,6461.0,217.7,68.86438,2
U265-H5-VS2-GGA15-Zn(II) 15 mg-L-19112024-Q=50.28 L-min-6,U265-H5-VS2-17.11.2024,0,14,,281.16713,6935.0,218.1,63.06713,2
U265-H5-VS2-GGA15-Zn(II) 15 mg-L-19112024-Q=50.28 L-min-6,U265-H5-VS2-17.11.2024,0,15,,279.88904,7407.0,215.29999,64.58905,2
U266-H6-VS2-GGA15-Zn(II) 15 mg-L-19112024-Q=50.52 L-min-7,U266-H6-VS2-17.11.2024,0,0,GGA15,309.51475,301.0,262.80001,46.71474,0
U266-H6-VS2-GGA15-Zn(II) 15 mg-L-19112024-Q=50.52 L-min-7,U266-H6-VS2-17.11.2024,0,1,,314.98621,780.0,268.00001,46.9862,0
U266-H6-VS2-GGA15-Zn(II) 15 mg-L-19112024-Q=50.52 L-min-7,U266-H6-VS2-17.11.2024,0,2,,316.1069,1258.0,269.6,46.5069,0
U266-H6-VS2-GGA15-Zn(II) 15 mg-L-19112024-Q=50.52 L-min-7,U266-H6-VS2-17.11.2024,0,3,,316.55593,1729.0,270.90001,45.65592,0
U266-H6-VS2-GGA15-Zn(II) 15 mg-L-19112024-Q=50.52 L-min-7,U266-H6-VS2-17.11.2024,0,4,,316.33621,2204.0,271.10001,45.2362,0
U266-H6-VS2-GGA15-Zn(II) 15 mg-L-19112024-Q=50.52 L-min-7,U266-H6-VS2-17.11.2024,0,5,,314.82069,2677.0,268.00001,46.82068,0
U266-H6-VS2-GGA15-Zn(II) 15 mg-L-19112024-Q=50.52 L-min-7,U266-H6-VS2-17.11.2024,0,6,,326.73448,3149.0,282.59999,44.13449,1
U266-H6-VS2-GGA15-Zn(II) 15 mg-L-19112024-Q=50.52 L-min-7,U266-H6-VS2-17.11.2024,0,7,GGA15-Zn-15,322.70517,3626.0,275.79999,46.90518,1
U266-H6-VS2-GGA15-Zn(II) 15 mg-L-19112024-Q=50.52 L-min-7,U266-H6-VS2-17.11.2024,0,8,,319.84666,4096.0,275.00001,44.84665,1
U266-H6-VS2-GGA15-Zn(II) 15 mg-L-19112024-Q=50.52 L-min-7,U266-H6-VS2-17.11.2024,0,9,,317.18103,4570.0,271.49999,45.68104,1
U266-H6-VS2-GGA15-Zn(II) 15 mg-L-19112024-Q=50.52 L-min-7,U266-H6-VS2-17.11.2024,0,10,,314.58983,5045.0,266.40001,48.18982,1
U266-H6-VS2-GGA15-Zn(II) 15 mg-L-19112024-Q=50.52 L-min-7,U266-H6-VS2-17.11.2024,0,11,,318.2931,5517.0,274.30001,43.99309,1
U266-H6-VS2-GGA15-Zn(II) 15 mg-L-19112024-Q=50.52 L-min-7,U266-H6-VS2-17.11.2024,0,12,,318.43793,5990.0,274.6,43.83793,1
U266-H6-VS2-GGA15-Zn(II) 15 mg-L-19112024-Q=50.52 L-min-7,U266-H6-VS2-17.11.2024,0,13,,312.99483,6467.0,272.3,40.69483,1
U266-H6-VS2-GGA15-Zn(II) 15 mg-L-19112024-Q=50.52 L-min-7,U266-H6-VS2-17.11.2024,0,14,,303.20345,6935.0,264.80001,38.40344,1
U266-H6-VS2-GGA15-Zn(II) 15 mg-L-19112024-Q=50.52 L-min-7,U266-H6-VS2-17.11.2024,0,15,,294.52931,7408.0,260.69999,33.82932,2
U266-H6-VS2-GGA15-Zn(II) 15 mg-L-19112024-Q=50.52 L-min-7,U266-H6-VS2-17.11.2024,0,16,,291.23793,7886.0,258.70001,32.53792,2
U267-H5-VS2-GGA20-Zn(II) 5 mg-L-20112024-Q=50.3L-min-5,U267-H5-VS2-18.11.2024,0,0,GGA20,243.16538,301.0,156.20001,86.96537,0
U267-H5-VS2-GGA20-Zn(II) 5 mg-L-20112024-Q=50.3L-min-5,U267-H5-VS2-18.11.2024,0,1,,244.40784,777.0,155.9,88.50784,0
U267-H5-VS2-GGA20-Zn(II) 5 mg-L-20112024-Q=50.3L-min-5,U267-H5-VS2-18.11.2024,0,2,,253.02308,1248.0,157.8,95.22308,0
U267-H5-VS2-GGA20-Zn(II) 5 mg-L-20112024-Q=50.3L-min-5,U267-H5-VS2-18.11.2024,0,3,,248.91154,1721.0,152.1,96.81154,0
U267-H5-VS2-GGA20-Zn(II) 5 mg-L-20112024-Q=50.3L-min-5,U267-H5-VS2-18.11.2024,0,4,,244.00196,2191.0,149.29999,94.70197,0
U267-H5-VS2-GGA20-Zn(II) 5 mg-L-20112024-Q=50.3L-min-5,U267-H5-VS2-18.11.2024,0,5,,244.02157,2664.0,144.6,99.42157,0
U267-H5-VS2-GGA20-Zn(II) 5 mg-L-20112024-Q=50.3L-min-5,U267-H5-VS2-18.11.2024,0,6,GGA20-Zn-5,251.6549,3134.0,163.39999,88.25491,1
U267-H5-VS2-GGA20-Zn(II) 5 mg-L-20112024-Q=50.3L-min-5,U267-H5-VS2-18.11.2024,0,7,,255.65686,3611.0,169.6,86.05686,1
U267-H5-VS2-GGA20-Zn(II) 5 mg-L-20112024-Q=50.3L-min-5,U267-H5-VS2-18.11.2024,0,8,,252.2283,4081.0,165.00001,87.22829,1
U267-H5-VS2-GGA20-Zn(II) 5 mg-L-20112024-Q=50.3L-min-5,U267-H5-VS2-18.11.2024,0,9,,253.78269,4557.0,162.40001,91.38268,1
U267-H5-VS2-GGA20-Zn(II) 5 mg-L-20112024-Q=50.3L-min-5,U267-H5-VS2-18.11.2024,0,10,,248.71373,5029.0,158.7,90.01373,1
U267-H5-VS2-GGA20-Zn(II) 5 mg-L-20112024-Q=50.3L-min-5,U267-H5-VS2-18.11.2024,0,11,,249.09019,5505.0,164.10001,84.99018,1
U267-H5-VS2-GGA20-Zn(II) 5 mg-L-20112024-Q=50.3L-min-5,U267-H5-VS2-18.11.2024,0,12,,249.0098,5977.0,169.7,79.3098,1
U267-H5-VS2-GGA20-Zn(II) 5 mg-L-20112024-Q=50.3L-min-5,U267-H5-VS2-18.11.2024,0,13,,250.28462,6450.0,170.8,79.48462,1
U267-H5-VS2-GGA20-Zn(II) 5 mg-L-20112024-Q=50.3L-min-5,U267-H5-VS2-18.11.2024,0,14,,250.85686,6923.0,173.89999,76.95687,2
U267-H5-VS2-GGA20-Zn(II) 5 mg-L-20112024-Q=50.3L-min-5,U267-H5-VS2-18.11.2024,0,15,,254.35883,7396.0,175.3,79.05883,2
U267-H5-VS2-GGA20-Zn(II) 5 mg-L-20112024-Q=50.3L-min-5,U267-H5-VS2-18.11.2024,0,16,,248.43962,7868.0,171.10001,77.33961,2
U268-H6-VS2-GGA20-Zn(II) 5 mg-L-20112024-Q=50.82L-min-6,U268-H6-VS2-18.11.2024,0,0,GGA20,282.29412,301.0,224.99999,57.29413,0
U268-H6-VS2-GGA20-Zn(II) 5 mg-L-20112024-Q=50.82L-min-6,U268-H6-VS2-18.11.2024,0,1,,292.37059,773.0,235.3,57.07059,0
U268-H6-VS2-GGA20-Zn(II) 5 mg-L-20112024-Q=50.82L-min-6,U268-H6-VS2-18.11.2024,0,2,,293.82353,1246.0,233.4,60.42353,0
U268-H6-VS2-GGA20-Zn(II) 5 mg-L-20112024-Q=50.82L-min-6,U268-H6-VS2-18.11.2024,0,3,,289.88627,1714.0,231.8,58.08627,0
U268-H6-VS2-GGA20-Zn(II) 5 mg-L-20112024-Q=50.82L-min-6,U268-H6-VS2-18.11.2024,0,4,,284.12353,2189.0,225.79999,58.32354,0
U268-H6-VS2-GGA20-Zn(II) 5 mg-L-20112024-Q=50.82L-min-6,U268-H6-VS2-18.11.2024,0,5,,287.04039,2662.0,225.1,61.94039,0
U268-H6-VS2-GGA20-Zn(II) 5 mg-L-20112024-Q=50.82L-min-6,U268-H6-VS2-18.11.2024,0,6,GGA20-Zn-5,288.61961,3136.0,233.70001,54.9196,1
U268-H6-VS2-GGA20-Zn(II) 5 mg-L-20112024-Q=50.82L-min-6,U268-H6-VS2-18.11.2024,0,7,,285.06275,3612.0,229.39999,55.66276,1
U268-H6-VS2-GGA20-Zn(II) 5 mg-L-20112024-Q=50.82L-min-6,U268-H6-VS2-18.11.2024,0,8,,282.84038,4083.0,226.60001,56.24037,1
U268-H6-VS2-GGA20-Zn(II) 5 mg-L-20112024-Q=50.82L-min-6,U268-H6-VS2-18.11.2024,0,9,,285.4647,4554.0,228.7,56.7647,1
U268-H6-VS2-GGA20-Zn(II) 5 mg-L-20112024-Q=50.82L-min-6,U268-H6-VS2-18.11.2024,0,10,,282.09412,5029.0,224.80001,57.29411,1
U268-H6-VS2-GGA20-Zn(II) 5 mg-L-20112024-Q=50.82L-min-6,U268-H6-VS2-18.11.2024,0,11,,276.64118,5505.0,222.29999,54.34119,1
U268-H6-VS2-GGA20-Zn(II) 5 mg-L-20112024-Q=50.82L-min-6,U268-H6-VS2-18.11.2024,0,12,,281.00588,5977.0,230.10001,50.90587,1
U268-H6-VS2-GGA20-Zn(II) 5 mg-L-20112024-Q=50.82L-min-6,U268-H6-VS2-18.11.2024,0,13,,276.63726,6452.0,226.1,50.53726,1
U268-H6-VS2-GGA20-Zn(II) 5 mg-L-20112024-Q=50.82L-min-6,U268-H6-VS2-18.11.2024,0,14,,275.11177,6924.0,229.5,45.61177,2
U268-H6-VS2-GGA20-Zn(II) 5 mg-L-20112024-Q=50.82L-min-6,U268-H6-VS2-18.11.2024,0,15,,277.18628,7398.0,231.3,45.88628,2
U268-H6-VS2-GGA20-Zn(II) 5 mg-L-20112024-Q=50.82L-min-6,U268-H6-VS2-18.11.2024,0,16,,272.58823,7873.0,229.30001,43.28822,2
U269-H5-VS2-GGA15-Zn(II) 5 mg-L-21112024-Q=50.36L-min-6,U269-H5-VS2-19.11.2024,0,0,GGA15,289.33194,301.0,169.8,119.53194,0
U269-H5-VS2-GGA15-Zn(II) 5 mg-L-21112024-Q=50.36L-min-6,U269-H5-VS2-19.11.2024,0,1,,300.57465,774.0,178.6,121.97465,0
U269-H5-VS2-GGA15-Zn(II) 5 mg-L-21112024-Q=50.36L-min-6,U269-H5-VS2-19.11.2024,0,2,,307.39595,1248.0,180.2,127.19595,0
U269-H5-VS2-GGA15-Zn(II) 5 mg-L-21112024-Q=50.36L-min-6,U269-H5-VS2-19.11.2024,0,3,,308.48472,1722.0,179.00001,129.48471,0
U269-H5-VS2-GGA15-Zn(II) 5 mg-L-21112024-Q=50.36L-min-6,U269-H5-VS2-19.11.2024,0,4,,310.33194,2195.0,179.6,130.73194,0
U269-H5-VS2-GGA15-Zn(II) 5 mg-L-21112024-Q=50.36L-min-6,U269-H5-VS2-19.11.2024,0,5,,283.75,2671.0,172.7,111.05,0
U269-H5-VS2-GGA15-Zn(II) 5 mg-L-21112024-Q=50.36L-min-6,U269-H5-VS2-19.11.2024,0,6,GGA15-Zn-5,287.41111,3145.0,177.6,109.81111,1
U269-H5-VS2-GGA15-Zn(II) 5 mg-L-21112024-Q=50.36L-min-6,U269-H5-VS2-19.11.2024,0,7,,284.36111,3617.0,179.4,104.96111,1
U269-H5-VS2-GGA15-Zn(II) 5 mg-L-21112024-Q=50.36L-min-6,U269-H5-VS2-19.11.2024,0,8,,286.59583,4091.0,176.3,110.29583,1
U269-H5-VS2-GGA15-Zn(II) 5 mg-L-21112024-Q=50.36L-min-6,U269-H5-VS2-19.11.2024,0,9,,282.99583,4562.0,171.0,111.99583,1
U269-H5-VS2-GGA15-Zn(II) 5 mg-L-21112024-Q=50.36L-min-6,U269-H5-VS2-19.11.2024,0,10,,284.10417,5035.0,165.3,118.80417,1
U269-H5-VS2-GGA15-Zn(II) 5 mg-L-21112024-Q=50.36L-min-6,U269-H5-VS2-19.11.2024,0,11,,286.20811,5509.0,172.7,113.50811,1
U269-H5-VS2-GGA15-Zn(II) 5 mg-L-21112024-Q=50.36L-min-6,U269-H5-VS2-19.11.2024,0,12,,288.83472,5985.0,173.2,115.63472,1
U269-H5-VS2-GGA15-Zn(II) 5 mg-L-21112024-Q=50.36L-min-6,U269-H5-VS2-19.11.2024,0,13,,285.61389,6456.0,176.9,108.71389,2
U269-H5-VS2-GGA15-Zn(II) 5 mg-L-21112024-Q=50.36L-min-6,U269-H5-VS2-19.11.2024,0,14,,289.91549,6931.0,179.8,110.11549,2
U271-H5-VS2-GGA17.5-Zn(II) 5 mg-L-22112024-Q=50.66L-min-6,U271-H5-VS2-20.11.2024,0,0,GGA17.5,283.62639,301.0,187.80001,95.82638,0
U271-H5-VS2-GGA17.5-Zn(II) 5 mg-L-22112024-Q=50.66L-min-6,U271-H5-VS2-20.11.2024,0,1,,291.04722,775.0,187.5,103.54722,0
U271-H5-VS2-GGA17.5-Zn(II) 5 mg-L-22112024-Q=50.66L-min-6,U271-H5-VS2-20.11.2024,0,2,,295.88592,1248.0,198.8,97.08592,0
U271-H5-VS2-GGA17.5-Zn(II) 5 mg-L-22112024-Q=50.66L-min-6,U271-H5-VS2-20.11.2024,0,3,,294.13333,1722.0,191.2,102.93333,0
U271-H5-VS2-GGA17.5-Zn(II) 5 mg-L-22112024-Q=50.66L-min-6,U271-H5-VS2-20.11.2024,0,4,,285.2,2193.0,184.30001,100.89999,0
U271-H5-VS2-GGA17.5-Zn(II) 5 mg-L-22112024-Q=50.66L-min-6,U271-H5-VS2-20.11.2024,0,5,GGA17.5-Zn-5,285.70422,2667.0,191.3,94.40422,1
U271-H5-VS2-GGA17.5-Zn(II) 5 mg-L-22112024-Q=50.66L-min-6,U271-H5-VS2-20.11.2024,0,6,,282.02639,3139.0,192.0,90.02639,1
U271-H5-VS2-GGA17.5-Zn(II) 5 mg-L-22112024-Q=50.66L-min-6,U271-H5-VS2-20.11.2024,0,7,,280.62222,3612.0,188.89999,91.72223,1
U271-H5-VS2-GGA17.5-Zn(II) 5 mg-L-22112024-Q=50.66L-min-6,U271-H5-VS2-20.11.2024,0,8,,278.59595,4086.0,182.69999,95.89596,1
U271-H5-VS2-GGA17.5-Zn(II) 5 mg-L-22112024-Q=50.66L-min-6,U271-H5-VS2-20.11.2024,0,9,,279.29861,4558.0,194.00001,85.2986,1
U271-H5-VS2-GGA17.5-Zn(II) 5 mg-L-22112024-Q=50.66L-min-6,U271-H5-VS2-20.11.2024,0,10,,281.37917,5032.0,197.0,84.37917,1
U271-H5-VS2-GGA17.5-Zn(II) 5 mg-L-22112024-Q=50.66L-min-6,U271-H5-VS2-20.11.2024,0,11,,286.96528,5507.0,200.7,86.26528,1
U271-H5-VS2-GGA17.5-Zn(II) 5 mg-L-22112024-Q=50.66L-min-6,U271-H5-VS2-20.11.2024,0,12,,284.47639,5980.0,208.7,75.77639,2
U271-H5-VS2-GGA17.5-Zn(II) 5 mg-L-22112024-Q=50.66L-min-6,U271-H5-VS2-20.11.2024,0,13,,284.4625,6453.0,203.89999,80.56251,2
U271-H5-VS2-GGA17.5-Zn(II) 5 mg-L-22112024-Q=50.66L-min-6,U271-H5-VS2-20.11.2024,0,14,,288.60972,6926.0,206.2,82.40972,2
U272-H6-VS2-GGA17.5-Zn(II) 5 mg-L-22112024-Q=50.12L-min-7,U272-H6-VS2-20.11.2024,0,0,GGA17.5,296.66324,301.0,217.7,78.96324,0
U272-H6-VS2-GGA17.5-Zn(II) 5 mg-L-22112024-Q=50.12L-min-7,U272-H6-VS2-20.11.2024,0,1,,304.59394,776.0,222.6,81.99394,0
U272-H6-VS2-GGA17.5-Zn(II) 5 mg-L-22112024-Q=50.12L-min-7,U272-H6-VS2-20.11.2024,0,2,,307.45303,1249.0,226.79999,80.65304,0
U272-H6-VS2-GGA17.5-Zn(II) 5 mg-L-22112024-Q=50.12L-min-7,U272-H6-VS2-20.11.2024,0,3,,302.92121,1723.0,222.7,80.22121,0
U272-H6-VS2-GGA17.5-Zn(II) 5 mg-L-22112024-Q=50.12L-min-7,U272-H6-VS2-20.11.2024,0,4,,295.29231,2198.0,215.8,79.49231,0
U272-H6-VS2-GGA17.5-Zn(II) 5 mg-L-22112024-Q=50.12L-min-7,U272-H6-VS2-20.11.2024,0,5,GGA17.5-Zn-5,295.3697,2669.0,218.2,77.1697,1
U272-H6-VS2-GGA17.5-Zn(II) 5 mg-L-22112024-Q=50.12L-min-7,U272-H6-VS2-20.11.2024,0,6,,290.42121,3144.0,219.0,71.42121,1
U272-H6-VS2-GGA17.5-Zn(II) 5 mg-L-22112024-Q=50.12L-min-7,U272-H6-VS2-20.11.2024,0,7,,287.53333,3614.0,210.4,77.13333,1
U272-H6-VS2-GGA17.5-Zn(II) 5 mg-L-22112024-Q=50.12L-min-7,U272-H6-VS2-20.11.2024,0,8,,283.26212,4090.0,205.0,78.26212,1
U272-H6-VS2-GGA17.5-Zn(II) 5 mg-L-22112024-Q=50.12L-min-7,U272-H6-VS2-20.11.2024,0,9,,281.54394,4563.0,212.3,69.24394,1
U272-H6-VS2-GGA17.5-Zn(II) 5 mg-L-22112024-Q=50.12L-min-7,U272-H6-VS2-20.11.2024,0,10,,283.64154,5037.0,216.00001,67.64153,1
U272-H6-VS2-GGA17.5-Zn(II) 5 mg-L-22112024-Q=50.12L-min-7,U272-H6-VS2-20.11.2024,0,11,,286.94923,5510.0,222.7,64.24923,1
U272-H6-VS2-GGA17.5-Zn(II) 5 mg-L-22112024-Q=50.12L-min-7,U272-H6-VS2-20.11.2024,0,12,,282.60909,5984.0,223.5,59.10909,2
U272-H6-VS2-GGA17.5-Zn(II) 5 mg-L-22112024-Q=50.12L-min-7,U272-H6-VS2-20.11.2024,0,13,,277.81231,6455.0,218.79999,59.01232,2
U275-H5-VS2-GGA10-Zn(II) 15 mg-L-26112024-Q=50.44L-min-6,U275-H5-VS2-24.11.2024,0,0,GGA10,278.47885,301.0,186.5,91.97885,0
U275-H5-VS2-GGA10-Zn(II) 15 mg-L-26112024-Q=50.44L-min-6,U275-H5-VS2-24.11.2024,0,1,,279.80645,777.0,196.2,83.60645,0
U275-H5-VS2-GGA10-Zn(II) 15 mg-L-26112024-Q=50.44L-min-6,U275-H5-VS2-24.11.2024,0,2,,283.80968,1249.0,190.69999,93.10969,0
U275-H5-VS2-GGA10-Zn(II) 15 mg-L-26112024-Q=50.44L-min-6,U275-H5-VS2-24.11.2024,0,3,,283.13333,1722.0,190.59999,92.53334,0
U275-H5-VS2-GGA10-Zn(II) 15 mg-L-26112024-Q=50.44L-min-6,U275-H5-VS2-24.11.2024,0,4,,278.65,2196.0,180.99999,97.65001,0
U275-H5-VS2-GGA10-Zn(II) 15 mg-L-26112024-Q=50.44L-min-6,U275-H5-VS2-24.11.2024,0,5,,275.39677,2670.0,182.60001,92.79676,0
U275-H5-VS2-GGA10-Zn(II) 15 mg-L-26112024-Q=50.44L-min-6,U275-H5-VS2-24.11.2024,0,6,GGA10-Zn-15,281.58727,3131.0,202.3,79.28727,1
U275-H5-VS2-GGA10-Zn(II) 15 mg-L-26112024-Q=50.44L-min-6,U275-H5-VS2-24.11.2024,0,7,,282.30741,3605.0,219.0,63.30741,1
U275-H5-VS2-GGA10-Zn(II) 15 mg-L-26112024-Q=50.44L-min-6,U275-H5-VS2-24.11.2024,0,8,,282.38246,4078.0,219.60001,62.78245,2
U275-H5-VS2-GGA10-Zn(II) 15 mg-L-26112024-Q=50.44L-min-6,U275-H5-VS2-24.11.2024,0,9,,277.96364,4551.0,215.20001,62.76363,2
U276-H6-VS2-GGA10-Zn(II) 15 mg-L-26112024-Q=50.84L-min-7,U276-H6-VS2-24.11.2024,0,0,GGA10,307.30727,301.0,242.50001,64.80726,0
U276-H6-VS2-GGA10-Zn(II) 15 mg-L-26112024-Q=50.84L-min-7,U276-H6-VS2-24.11.2024,0,1,,315.69455,772.0,246.99999,68.69456,0
U276-H6-VS2-GGA10-Zn(II) 15 mg-L-26112024-Q=50.84L-min-7,U276-H6-VS2-24.11.2024,0,2,,309.91091,1247.0,233.2,76.71091,0
U276-H6-VS2-GGA10-Zn(II) 15 mg-L-26112024-Q=50.84L-min-7,U276-H6-VS2-24.11.2024,0,3,,302.40363,1721.0,238.3,64.10363,0
U276-H6-VS2-GGA10-Zn(II) 15 mg-L-26112024-Q=50.84L-min-7,U276-H6-VS2-24.11.2024,0,4,,301.65818,2194.0,236.2,65.45818,0
U276-H6-VS2-GGA10-Zn(II) 15 mg-L-26112024-Q=50.84L-min-7,U276-H6-VS2-24.11.2024,0,5,,299.08,2661.0,228.1,70.98,0
U276-H6-VS2-GGA10-Zn(II) 15 mg-L-26112024-Q=50.84L-min-7,U276-H6-VS2-24.11.2024,0,6,GGA10-Zn-15,301.17679,3134.0,241.60001,59.57678,1
U276-H6-VS2-GGA10-Zn(II) 15 mg-L-26112024-Q=50.84L-min-7,U276-H6-VS2-24.11.2024,0,7,,300.94182,3605.0,245.29999,55.64183,1
U276-H6-VS2-GGA10-Zn(II) 15 mg-L-26112024-Q=50.84L-min-7,U276-H6-VS2-24.11.2024,0,8,,297.56,4081.0,245.5,52.06,1
U276-H6-VS2-GGA10-Zn(II) 15 mg-L-26112024-Q=50.84L-min-7,U276-H6-VS2-24.11.2024,0,9,,304.66909,4553.0,250.0,54.66909,1
U276-H6-VS2-GGA10-Zn(II) 15 mg-L-26112024-Q=50.84L-min-7,U276-H6-VS2-24.11.2024,0,10,,300.39818,5027.0,249.3,51.09818,2
U276-H6-VS2-GGA10-Zn(II) 15 mg-L-26112024-Q=50.84L-min-7,U276-H6-VS2-24.11.2024,0,11,,296.27818,5498.0,243.9,52.37818,2
U276-H6-VS2-GGA10-Zn(II) 15 mg-L-26112024-Q=50.84L-min-7,U276-H6-VS2-24.11.2024,0,12,,296.93455,5972.0,243.2,53.73455,2
