Sample Name,Sheet Name,Block Index,peak_idx,Tag,Doin,No.peak,DOmin,DDO,phase_label
"U183-H5-VS2-GGA2.5-HH 5mg-L-06092024-Q=50,04mL-phút-1",U183-H5-VS2-03.09.2024,0,0,GGA2.5,299.96531,311.0,198.1,101.86531,0
"U183-H5-VS2-GGA2.5-HH 5mg-L-06092024-Q=50,04mL-phút-1",U183-H5-VS2-03.09.2024,0,1,,295.03673,785.0,196.79999,98.23674,0
"U183-H5-VS2-GGA2.5-HH 5mg-L-06092024-Q=50,04mL-phút-1",U183-H5-VS2-03.09.2024,0,2,,293.74082,1257.0,195.4,98.34082,0
"U183-H5-VS2-GGA2.5-HH 5mg-L-06092024-Q=50,04mL-phút-1",U183-H5-VS2-03.09.2024,0,3,,292.506,1730.0,190.4,102.106,0
"U183-H5-VS2-GGA2.5-HH 5mg-L-06092024-Q=50,04mL-phút-1",U183-H5-VS2-03.09.2024,0,4,,292.59592,2203.0,195.3,97.29592,0
"U183-H5-VS2-GGA2.5-HH 5mg-L-06092024-Q=50,04mL-phút-1",U183-H5-VS2-03.09.2024,0,5,,292.12449,2676.0,189.5,102.62449,0
"U183-H5-VS2-GGA2.5-HH 5mg-L-06092024-Q=50,04mL-phút-1",U183-H5-VS2-03.09.2024,0,6,GGA2.5-HH-5,293.96939,3152.0,213.2,80.76939,1
"U183-H5-VS2-GGA2.5-HH 5mg-L-06092024-Q=50,04mL-phút-1",U183-H5-VS2-03.09.2024,0,7,,294.38776,3624.0,212.1,82.28776,1
"U183-H5-VS2-GGA2.5-HH 5mg-L-06092024-Q=50,04mL-phút-1",U183-H5-VS2-03.09.2024,0,8,,294.226,4097.0,214.9,79.326,2
"U183-H5-VS2-GGA2.5-HH 5mg-L-06092024-Q=50,04mL-phút-1",U183-H5-VS2-03.09.2024,0,9,,293.42041,4571.0,211.60001,81.8204,2
"U183-H5-VS2-GGA2.5-HH 5mg-L-06092024-Q=50,04mL-phút-1",U183-H5-VS2-03.09.2024,0,10,,293.02653,5044.0,214.8,78.22653,2
U184-H5-VS2-GGA5-HH 10mg-L-09092024-Q=49.68mL-phút-1,U184-H5-VS2-03.09.2024,0,0,GGA5,316.35278,313.0,195.2,121.15278,0
U184-H5-VS2-GGA5-HH 10mg-L-09092024-Q=49.68mL-phút-1,U184-H5-VS2-03.09.2024,0,1,,312.52703,785.0,191.8,120.72703,0
U184-H5-VS2-GGA5-HH 10mg-L-09092024-Q=49.68mL-phút-1,U184-H5-VS2-03.09.2024,0,2,,317.60541,1254.0,196.3,121.30541,0
U184-H5-VS2-GGA5-HH 10mg-L-09092024-Q=49.68mL-phút-1,U184-H5-VS2-03.09.2024,0,3,,318.61892,1728.0,193.7,124.91892,0
U184-H5-VS2-GGA5-HH 10mg-L-09092024-Q=49.68mL-phút-1,U184-H5-VS2-03.09.2024,0,4,,313.03243,2203.0,194.00001,119.03242,0
U184-H5-VS2-GGA5-HH 10mg-L-09092024-Q=49.68mL-phút-1,U184-H5-VS2-03.09.2024,0,5,,308.74865,2676.0,187.00001,121.74864,0
U184-H5-VS2-GGA5-HH 10mg-L-09092024-Q=49.68mL-phút-1,U184-H5-VS2-03.09.2024,0,6,,299.02041,3149.0,180.99999,118.02042,0
U184-H5-VS2-GGA5-HH 10mg-L-09092024-Q=49.68mL-phút-1,U184-H5-VS2-03.09.2024,0,7,,292.15918,3622.0,170.39999,121.75919,0
U184-H5-VS2-GGA5-HH 10mg-L-09092024-Q=49.68mL-phút-1,U184-H5-VS2-03.09.2024,0,8,GGA5-HH-10,291.22449,4092.0,185.6,105.62449,1
U184-H5-VS2-GGA5-HH 10mg-L-09092024-Q=49.68mL-phút-1,U184-H5-VS2-03.09.2024,0,9,,289.46735,4565.0,187.90001,101.56734,1
U184-H5-VS2-GGA5-HH 10mg-L-09092024-Q=49.68mL-phút-1,U184-H5-VS2-03.09.2024,0,10,,288.852,5039.0,193.0,95.852,1
U184-H5-VS2-GGA5-HH 10mg-L-09092024-Q=49.68mL-phút-1,U184-H5-VS2-03.09.2024,0,11,,288.12857,5512.0,196.60001,91.52856,1
U184-H5-VS2-GGA5-HH 10mg-L-09092024-Q=49.68mL-phút-1,U184-H5-VS2-03.09.2024,0,12,,287.74898,5986.0,196.2,91.54898,1
U184-H5-VS2-GGA5-HH 10mg-L-09092024-Q=49.68mL-phút-1,U184-H5-VS2-03.09.2024,0,13,,287.64286,6459.0,197.8,89.84286,1
U184-H5-VS2-GGA5-HH 10mg-L-09092024-Q=49.68mL-phút-1,U184-H5-VS2-03.09.2024,0,14,,286.70816,6932.0,198.59999,88.10817,2
U184-H5-VS2-GGA5-HH 10mg-L-09092024-Q=49.68mL-phút-1,U184-H5-VS2-03.09.2024,0,15,,286.37,7405.0,199.30001,87.06999,2
U184-H5-VS2-GGA5-HH 10mg-L-09092024-Q=49.68mL-phút-1,U184-H5-VS2-03.09.2024,0,16,,286.08368,7879.0,197.69999,88.38369,2
U185-H5-VS2-GGA5-HH 15mg-L-10092024-Q=50.4mL-phút-1,U185-H5-VS2-05.09.2024,0,0,GGA5,306.5122,311.0,252.40001,54.11219,0
U185-H5-VS2-GGA5-HH 15mg-L-10092024-Q=50.4mL-phút-1,U185-H5-VS2-05.09.2024,0,1,,302.41707,783.0,244.0,58.41707,0
U185-H5-VS2-GGA5-HH 15mg-L-10092024-Q=50.4mL-phút-1,U185-H5-VS2-05.09.2024,0,2,,304.05854,1257.0,250.60001,53.45853,0
U185-H5-VS2-GGA5-HH 15mg-L-10092024-Q=50.4mL-phút-1,U185-H5-VS2-05.09.2024,0,3,,301.22927,1729.0,244.8,56.42927,0
U185-H5-VS2-GGA5-HH 15mg-L-10092024-Q=50.4mL-phút-1,U185-H5-VS2-05.09.2024,0,4,,304.81951,2205.0,247.2,57.61951,0
U185-H5-VS2-GGA5-HH 15mg-L-10092024-Q=50.4mL-phút-1,U185-H5-VS2-05.09.2024,0,5,,300.63415,2678.0,245.10001,55.53414,0
U185-H5-VS2-GGA5-HH 15mg-L-10092024-Q=50.4mL-phút-1,U185-H5-VS2-05.09.2024,0,6,,303.33171,3152.0,248.4,54.93171,0
U185-H5-VS2-GGA5-HH 15mg-L-10092024-Q=50.4mL-phút-1,U185-H5-VS2-05.09.2024,0,7,GGA5-HH-15,305.9881,3623.0,259.40001,46.58809,1
U185-H5-VS2-GGA5-HH 15mg-L-10092024-Q=50.4mL-phút-1,U185-H5-VS2-05.09.2024,0,8,,304.60488,4098.0,260.19999,44.40489,1
U185-H5-VS2-GGA5-HH 15mg-L-10092024-Q=50.4mL-phút-1,U185-H5-VS2-05.09.2024,0,9,,309.6878,4572.0,266.79999,42.88781,1
U185-H5-VS2-GGA5-HH 15mg-L-10092024-Q=50.4mL-phút-1,U185-H5-VS2-05.09.2024,0,10,,306.22683,5044.0,264.29999,41.92684,1
U185-H5-VS2-GGA5-HH 15mg-L-10092024-Q=50.4mL-phút-1,U185-H5-VS2-05.09.2024,0,11,,304.16585,5518.0,266.7,37.46585,1
U185-H5-VS2-GGA5-HH 15mg-L-10092024-Q=50.4mL-phút-1,U185-H5-VS2-05.09.2024,0,12,,310.6,5989.0,270.90001,39.69999,2
U185-H5-VS2-GGA5-HH 15mg-L-10092024-Q=50.4mL-phút-1,U185-H5-VS2-05.09.2024,0,13,,306.59024,6464.0,268.90001,37.69023,2
U185-H5-VS2-GGA5-HH 15mg-L-10092024-Q=50.4mL-phút-1,U185-H5-VS2-05.09.2024,0,14,,306.24634,6937.0,267.30001,38.94633,2
U187-H5-VS2-GGA7.5-HH 5mg-L-12092024-Q=50.12mL-phút-1,U187-H5-VS2-09.09.2024,0,0,GGA7.5,314.21163,311.0,248.5,65.71163,0
U187-H5-VS2-GGA7.5-HH 5mg-L-12092024-Q=50.12mL-phút-1,U187-H5-VS2-09.09.2024,0,1,,313.40698,782.0,244.29999,69.10699,0
U187-H5-VS2-GGA7.5-HH 5mg-L-12092024-Q=50.12mL-phút-1,U187-H5-VS2-09.09.2024,0,2,,310.7186,1256.0,243.8,66.9186,0
U187-H5-VS2-GGA7.5-HH 5mg-L-12092024-Q=50.12mL-phút-1,U187-H5-VS2-09.09.2024,0,3,,318.53023,1730.0,247.70001,70.83022,0
U187-H5-VS2-GGA7.5-HH 5mg-L-12092024-Q=50.12mL-phút-1,U187-H5-VS2-09.09.2024,0,4,,327.22558,2202.0,252.99999,74.22559,0
U187-H5-VS2-GGA7.5-HH 5mg-L-12092024-Q=50.12mL-phút-1,U187-H5-VS2-09.09.2024,0,5,,333.73488,2675.0,259.29999,74.43489,0
U187-H5-VS2-GGA7.5-HH 5mg-L-12092024-Q=50.12mL-phút-1,U187-H5-VS2-09.09.2024,0,6,,335.87442,3150.0,260.19999,75.67443,0
U187-H5-VS2-GGA7.5-HH 5mg-L-12092024-Q=50.12mL-phút-1,U187-H5-VS2-09.09.2024,0,7,GGA7.5-HH-5,347.18837,3623.0,299.60001,47.58836,1
U187-H5-VS2-GGA7.5-HH 5mg-L-12092024-Q=50.12mL-phút-1,U187-H5-VS2-09.09.2024,0,8,,347.16512,4100.0,303.09999,44.06513,1
U187-H5-VS2-GGA7.5-HH 5mg-L-12092024-Q=50.12mL-phút-1,U187-H5-VS2-09.09.2024,0,9,,344.92558,4572.0,303.99999,40.92559,2
U187-H5-VS2-GGA7.5-HH 5mg-L-12092024-Q=50.12mL-phút-1,U187-H5-VS2-09.09.2024,0,10,,337.62791,5045.0,298.90001,38.7279,2
U187-H5-VS2-GGA7.5-HH 5mg-L-12092024-Q=50.12mL-phút-1,U187-H5-VS2-09.09.2024,0,11,,335.26047,5520.0,294.80001,40.46046,2
U187-H5-VS2-GGA7.5-HH 5mg-L-12092024-Q=50.12mL-phút-1,U187-H5-VS2-09.09.2024,0,12,,341.16744,5990.0,300.1,41.06744,2
U187-H5-VS2-GGA7.5-HH 10mg-L-12092024-Q=50.18mL-phút-1,U187-H5-VS2-09.09.2024,1,0,GGA7.5,335.44186,311.0,279.19999,56.24187,0
U187-H5-VS2-GGA7.5-HH 10mg-L-12092024-Q=50.18mL-phút-1,U187-H5-VS2-09.09.2024,1,1,,338.47442,785.0,281.89999,56.57443,0
U187-H5-VS2-GGA7.5-HH 10mg-L-12092024-Q=50.18mL-phút-1,U187-H5-VS2-09.09.2024,1,2,,335.59535,1258.0,275.7,59.89535,0
U187-H5-VS2-GGA7.5-HH 10mg-L-12092024-Q=50.18mL-phút-1,U187-H5-VS2-09.09.2024,1,3,,331.775,1732.0,273.7,58.075,0
U187-H5-VS2-GGA7.5-HH 10mg-L-12092024-Q=50.18mL-phút-1,U187-H5-VS2-09.09.2024,1,4,,330.7814,2205.0,274.10001,56.68139,0
U187-H5-VS2-GGA7.5-HH 10mg-L-12092024-Q=50.18mL-phút-1,U187-H5-VS2-09.09.2024,1,5,,338.65814,2706.0,279.3,59.35814,0
U187-H5-VS2-GGA7.5-HH 10mg-L-12092024-Q=50.18mL-phút-1,U187-H5-VS2-09.09.2024,1,6,GGA7.5-HH-10,345.58605,3179.0,292.80001,52.78604,1
U187-H5-VS2-GGA7.5-HH 10mg-L-12092024-Q=50.18mL-phút-1,U187-H5-VS2-09.09.2024,1,7,,343.74651,3653.0,297.30001,46.4465,1
U187-H5-VS2-GGA7.5-HH 10mg-L-12092024-Q=50.18mL-phút-1,U187-H5-VS2-09.09.2024,1,8,,343.33721,4124.0,297.8,45.53721,1
U187-H5-VS2-GGA7.5-HH 10mg-L-12092024-Q=50.18mL-phút-1,U187-H5-VS2-09.09.2024,1,9,,334.03721,4601.0,287.99999,46.03722,1
U187-H5-VS2-GGA7.5-HH 10mg-L-12092024-Q=50.18mL-phút-1,U187-H5-VS2-09.09.2024,1,10,,329.66667,5072.0,282.40001,47.26666,1
U187-H5-VS2-GGA7.5-HH 10mg-L-12092024-Q=50.18mL-phút-1,U187-H5-VS2-09.09.2024,1,11,,329.82857,5545.0,280.29999,49.52858,2
U187-H5-VS2-GGA7.5-HH 10mg-L-12092024-Q=50.18mL-phút-1,U187-H5-VS2-09.09.2024,1,12,,326.51714,6017.0,277.00001,49.51713,2
U187-H5-VS2-GGA2.5-HH 15mg-L-12092024-Q=50.32mL-phút-2,U187-H5-VS2-09.09.2024,2,0,GGA7.5,327.96111,313.0,268.7,59.26111,0
U187-H5-VS2-GGA2.5-HH 15mg-L-12092024-Q=50.32mL-phút-2,U187-H5-VS2-09.09.2024,2,1,,328.63143,787.0,266.7,61.93143,0
U187-H5-VS2-GGA2.5-HH 15mg-L-12092024-Q=50.32mL-phút-2,U187-H5-VS2-09.09.2024,2,2,,324.44167,1260.0,265.19999,59.24168,0
U187-H5-VS2-GGA2.5-HH 15mg-L-12092024-Q=50.32mL-phút-2,U187-H5-VS2-09.09.2024,2,3,,330.34857,1731.0,265.30001,65.04856,0
U187-H5-VS2-GGA2.5-HH 15mg-L-12092024-Q=50.32mL-phút-2,U187-H5-VS2-09.09.2024,2,4,,329.31944,2207.0,266.20001,63.11943,0
U187-H5-VS2-GGA2.5-HH 15mg-L-12092024-Q=50.32mL-phút-2,U187-H5-VS2-09.09.2024,2,5,,326.96111,2680.0,263.90001,63.0611,0
U187-H5-VS2-GGA2.5-HH 15mg-L-12092024-Q=50.32mL-phút-2,U187-H5-VS2-09.09.2024,2,6,,332.40278,3152.0,268.5,63.90278,0
U187-H5-VS2-GGA2.5-HH 15mg-L-12092024-Q=50.32mL-phút-2,U187-H5-VS2-09.09.2024,2,7,GGA7.5-HH-5,328.83333,3626.0,273.09999,55.73334,1
U187-H5-VS2-GGA2.5-HH 15mg-L-12092024-Q=50.32mL-phút-2,U187-H5-VS2-09.09.2024,2,8,,332.40286,4099.0,278.10001,54.30285,2
U187-H5-VS2-GGA2.5-HH 15mg-L-12092024-Q=50.32mL-phút-2,U187-H5-VS2-09.09.2024,2,9,,327.15278,4572.0,272.50001,54.65277,2
U187-H5-VS2-GGA2.5-HH 15mg-L-12092024-Q=50.32mL-phút-2,U187-H5-VS2-09.09.2024,2,10,,331.25135,5043.0,276.69999,54.55136,2
U188-H5-VS2-GGA7.5- Zn(II)5-Cr(VI)-10-Ni(II) 15mg-L-13092024-Q=50.24mL-phút-1,U188-H5-VS2-11.09.2024,0,0,GGA7.5,316.27931,311.0,266.99999,49.27932,0
U188-H5-VS2-GGA7.5- Zn(II)5-Cr(VI)-10-Ni(II) 15mg-L-13092024-Q=50.24mL-phút-1,U188-H5-VS2-11.09.2024,0,1,,315.59655,784.0,264.09999,51.49656,0
U188-H5-VS2-GGA7.5- Zn(II)5-Cr(VI)-10-Ni(II) 15mg-L-13092024-Q=50.24mL-phút-1,U188-H5-VS2-11.09.2024,0,2,,320.29688,1258.0,267.89999,52.39689,0
U188-H5-VS2-GGA7.5- Zn(II)5-Cr(VI)-10-Ni(II) 15mg-L-13092024-Q=50.24mL-phút-1,U188-H5-VS2-11.09.2024,0,3,,317.55091,1731.0,262.6,54.95091,0
U188-H5-VS2-GGA7.5- Zn(II)5-Cr(VI)-10-Ni(II) 15mg-L-13092024-Q=50.24mL-phút-1,U188-H5-VS2-11.09.2024,0,4,,316.59273,2205.0,259.29999,57.29274,0
U188-H5-VS2-GGA7.5- Zn(II)5-Cr(VI)-10-Ni(II) 15mg-L-13092024-Q=50.24mL-phút-1,U188-H5-VS2-11.09.2024,0,5,GGA7.5-Zn5-Cr-10-Ni15,321.13714,2677.0,273.99999,47.13715,1
U188-H5-VS2-GGA7.5- Zn(II)5-Cr(VI)-10-Ni(II) 15mg-L-13092024-Q=50.24mL-phút-1,U188-H5-VS2-11.09.2024,0,6,,324.38056,3152.0,281.8,42.58056,1
U188-H5-VS2-GGA7.5- Zn(II)5-Cr(VI)-10-Ni(II) 15mg-L-13092024-Q=50.24mL-phút-1,U188-H5-VS2-11.09.2024,0,7,,321.60555,3626.0,283.10001,38.50554,2
U188-H5-VS2-GGA7.5- Zn(II)5-Cr(VI)-10-Ni(II) 15mg-L-13092024-Q=50.24mL-phút-1,U188-H5-VS2-11.09.2024,0,8,,322.41944,4099.0,284.00001,38.41943,2
U188-H5-VS2-GGA7.5- Zn(II)5-Cr(VI)-10-Ni(II) 15mg-L-13092024-Q=50.24mL-phút-1,U188-H5-VS2-11.09.2024,0,9,,320.15278,4571.0,281.30001,38.85277,2
U189-H5-VS2-GGA7.5- HH 5mg-L-16092024-Q=50.3mL-phút-2,U189-H5-VS2-12.09.2024,0,0,GGA7.5,313.95,311.0,266.99999,46.95001,0
U189-H5-VS2-GGA7.5- HH 5mg-L-16092024-Q=50.3mL-phút-2,U189-H5-VS2-12.09.2024,0,1,,312.85517,785.0,264.80001,48.05516,0
U189-H5-VS2-GGA7.5- HH 5mg-L-16092024-Q=50.3mL-phút-2,U189-H5-VS2-12.09.2024,0,2,,318.77667,1259.0,270.70001,48.07666,0
U189-H5-VS2-GGA7.5- HH 5mg-L-16092024-Q=50.3mL-phút-2,U189-H5-VS2-12.09.2024,0,3,,328.85333,1732.0,278.10001,50.75332,0
U189-H5-VS2-GGA7.5- HH 5mg-L-16092024-Q=50.3mL-phút-2,U189-H5-VS2-12.09.2024,0,4,,334.24828,2207.0,282.00001,52.24827,0
U189-H5-VS2-GGA7.5- HH 5mg-L-16092024-Q=50.3mL-phút-2,U189-H5-VS2-12.09.2024,0,5,GGA7.5-HH-5,343.84138,2679.0,299.2,44.64138,1
U189-H5-VS2-GGA7.5- HH 5mg-L-16092024-Q=50.3mL-phút-2,U189-H5-VS2-12.09.2024,0,6,,337.61,3152.0,299.80001,37.80999,1
U189-H5-VS2-GGA7.5- HH 5mg-L-16092024-Q=50.3mL-phút-2,U189-H5-VS2-12.09.2024,0,7,,335.55,3626.0,296.0,39.55,1
U189-H5-VS2-GGA7.5- HH 5mg-L-16092024-Q=50.3mL-phút-2,U189-H5-VS2-12.09.2024,0,8,,338.87667,4098.0,301.9,36.97667,1
U189-H5-VS2-GGA7.5- HH 5mg-L-16092024-Q=50.3mL-phút-2,U189-H5-VS2-12.09.2024,0,9,,341.21053,4574.0,303.99999,37.21054,1
U189-H5-VS2-GGA7.5- HH 5mg-L-16092024-Q=50.3mL-phút-2,U189-H5-VS2-12.09.2024,0,10,,338.82369,5044.0,304.69999,34.1237,2
U189-H5-VS2-GGA7.5- HH 5mg-L-16092024-Q=50.3mL-phút-2,U189-H5-VS2-12.09.2024,0,11,,335.02368,5518.0,299.9,35.12368,2
U189-H5-VS2-GGA7.5- HH 5mg-L-16092024-Q=50.3mL-phút-2,U189-H5-VS2-12.09.2024,0,12,,332.3077,5991.0,296.09999,36.20771,2
U189-H5-VS2-GGA7.5- HH 15mg-L-16092024-Q=50.4mL-phút-2,U189-H5-VS2-12.09.2024,1,0,GGA7.5,345.66923,311.0,298.20001,47.46922,0
U189-H5-VS2-GGA7.5- HH 15mg-L-16092024-Q=50.4mL-phút-2,U189-H5-VS2-12.09.2024,1,1,,335.7125,782.0,288.8,46.9125,0
U189-H5-VS2-GGA7.5- HH 15mg-L-16092024-Q=50.4mL-phút-2,U189-H5-VS2-12.09.2024,1,2,,333.108,1255.0,287.60001,45.50799,0
U189-H5-VS2-GGA7.5- HH 15mg-L-16092024-Q=50.4mL-phút-2,U189-H5-VS2-12.09.2024,1,3,,332.356,1729.0,286.3,46.056,0
U189-H5-VS2-GGA7.5- HH 15mg-L-16092024-Q=50.4mL-phút-2,U189-H5-VS2-12.09.2024,1,4,,338.092,2201.0,291.20001,46.89199,0
U189-H5-VS2-GGA7.5- HH 15mg-L-16092024-Q=50.4mL-phút-2,U189-H5-VS2-12.09.2024,1,5,,346.70417,2675.0,299.69999,47.00418,0
U189-H5-VS2-GGA7.5- HH 15mg-L-16092024-Q=50.4mL-phút-2,U189-H5-VS2-12.09.2024,1,6,,351.22,3148.0,303.5,47.72,0
U189-H5-VS2-GGA7.5- HH 15mg-L-16092024-Q=50.4mL-phút-2,U189-H5-VS2-12.09.2024,1,7,,346.7125,3647.0,298.40001,48.31249,0
U189-H5-VS2-GGA7.5- HH 15mg-L-16092024-Q=50.4mL-phút-2,U189-H5-VS2-12.09.2024,1,8,,349.264,4122.0,303.7,45.564,1
U189-H5-VS2-GGA7.5- HH 15mg-L-16092024-Q=50.4mL-phút-2,U189-H5-VS2-12.09.2024,1,9,GGA7.5-HH-15,337.152,4594.0,297.89999,39.25201,1
U189-H5-VS2-GGA7.5- HH 15mg-L-16092024-Q=50.4mL-phút-2,U189-H5-VS2-12.09.2024,1,10,,329.57916,5067.0,293.1,36.47916,1
U189-H5-VS2-GGA7.5- HH 15mg-L-16092024-Q=50.4mL-phút-2,U189-H5-VS2-12.09.2024,1,11,,326.256,5540.0,289.20001,37.05599,1
U189-H5-VS2-GGA7.5- HH 15mg-L-16092024-Q=50.4mL-phút-2,U189-H5-VS2-12.09.2024,1,12,,327.70833,6014.0,288.30001,39.40832,1
U189-H5-VS2-GGA7.5- HH 15mg-L-16092024-Q=50.4mL-phút-2,U189-H5-VS2-12.09.2024,1,13,,323.86,6489.0,287.80001,36.05999,2
U189-H5-VS2-GGA7.5- HH 15mg-L-16092024-Q=50.4mL-phút-2,U189-H5-VS2-12.09.2024,1,14,,324.10834,6962.0,289.0,35.10834,2
U189-H5-VS2-GGA7.5- HH 15mg-L-16092024-Q=50.4mL-phút-2,U189-H5-VS2-12.09.2024,1,15,,316.768,7458.0,280.80001,35.96799,2
U190-H5-VS2-GGA5- HH 15mg-L-17092024-Q=50.14mL-phút-2,U190-H5-VS2-15.09.2024,0,0,GGA5,306.7954,301.0,229.6,77.1954,0
U190-H5-VS2-GGA5- HH 15mg-L-17092024-Q=50.14mL-phút-2,U190-H5-VS2-15.09.2024,0,1,,306.8969,774.0,225.1,81.7969,0
U190-H5-VS2-GGA5- HH 15mg-L-17092024-Q=50.14mL-phút-2,U190-H5-VS2-15.09.2024,0,2,,305.3123,1248.0,225.89999,78.5123,0
U190-H5-VS2-GGA5- HH 15mg-L-17092024-Q=50.14mL-phút-2,U190-H5-VS2-15.09.2024,0,3,,314.6828,1721.0,226.2,88.4828,0
U190-H5-VS2-GGA5- HH 15mg-L-17092024-Q=50.14mL-phút-2,U190-H5-VS2-15.09.2024,0,4,,315.2289,2195.0,223.5,91.7289,0
U190-H5-VS2-GGA5- HH 15mg-L-17092024-Q=50.14mL-phút-2,U190-H5-VS2-15.09.2024,0,5,,306.2865,2674.0,215.20001,91.0865,0
U190-H5-VS2-GGA5- HH 15mg-L-17092024-Q=50.14mL-phút-2,U190-H5-VS2-15.09.2024,0,6,,307.3804,3144.0,213.3,94.0804,0
U190-H5-VS2-GGA5- HH 15mg-L-17092024-Q=50.14mL-phút-2,U190-H5-VS2-15.09.2024,0,7,GGA5-HH-15,306.3294,3619.0,224.5,81.8294,1
U190-H5-VS2-GGA5- HH 15mg-L-17092024-Q=50.14mL-phút-2,U190-H5-VS2-15.09.2024,0,8,,305.2098,4091.0,225.4,79.8098,1
U190-H5-VS2-GGA5- HH 15mg-L-17092024-Q=50.14mL-phút-2,U190-H5-VS2-15.09.2024,0,9,,304.0745,4567.0,227.4,76.6745,1
U190-H5-VS2-GGA5- HH 15mg-L-17092024-Q=50.14mL-phút-2,U190-H5-VS2-15.09.2024,0,10,,308.451,5037.0,230.19999,78.251,2
U190-H5-VS2-GGA5- HH 15mg-L-17092024-Q=50.14mL-phút-2,U190-H5-VS2-15.09.2024,0,11,,309.7667,5509.0,231.19999,78.5667,2
U190-H5-VS2-GGA5- HH 15mg-L-17092024-Q=50.14mL-phút-2,U190-H5-VS2-15.09.2024,0,12,,317.4157,5985.0,239.4,78.0157,2
U190-H5-VS2-GGA2.5- HH 15mg-L-17092024-Q=50.64mL-phút-4,U190-H5-VS2-15.09.2024,1,0,GGA2.5,323.87059,301.0,240.6,83.27059,0
U190-H5-VS2-GGA2.5- HH 15mg-L-17092024-Q=50.64mL-phút-4,U190-H5-VS2-15.09.2024,1,1,,324.25098,775.0,234.3,89.95098,0
U190-H5-VS2-GGA2.5- HH 15mg-L-17092024-Q=50.64mL-phút-4,U190-H5-VS2-15.09.2024,1,2,,315.43269,1247.0,225.89999,89.5327,0
U190-H5-VS2-GGA2.5- HH 15mg-L-17092024-Q=50.64mL-phút-4,U190-H5-VS2-15.09.2024,1,3,,308.68491,1724.0,222.7,85.98491,0
U190-H5-VS2-GGA2.5- HH 15mg-L-17092024-Q=50.64mL-phút-4,U190-H5-VS2-15.09.2024,1,4,,316.47451,2204.0,227.59999,88.87452,0
U190-H5-VS2-GGA2.5- HH 15mg-L-17092024-Q=50.64mL-phút-4,U190-H5-VS2-15.09.2024,1,5,GGA2.5-HH15,312.75098,2673.0,237.10001,75.65097,1
U190-H5-VS2-GGA2.5- HH 15mg-L-17092024-Q=50.64mL-phút-4,U190-H5-VS2-15.09.2024,1,6,,310.20192,3146.0,236.6,73.60192,2
U190-H5-VS2-GGA2.5- HH 15mg-L-17092024-Q=50.64mL-phút-4,U190-H5-VS2-15.09.2024,1,7,,308.10577,3619.0,232.2,75.90577,2
U190-H5-VS2-GGA2.5- HH 15mg-L-17092024-Q=50.64mL-phút-4,U190-H5-VS2-15.09.2024,1,8,,308.6353,4093.0,232.3,76.3353,2
U190-H5-VS2-GGA2.5- HH 15mg-L-17092024-Q=50.64mL-phút-4,U190-H5-VS2-15.09.2024,1,9,,312.2451,4566.0,238.6,73.6451,2
U191-H5-VS2-GGA10- HH 5mg-L-18092024-Q=50mL-phút-1,U191-H5-VS2-15.09.2024,0,0,GGA10,327.196,301.0,300.1,27.096,0
U191-H5-VS2-GGA10- HH 5mg-L-18092024-Q=50mL-phút-1,U191-H5-VS2-15.09.2024,0,1,,326.16667,773.0,299.4,26.76667,0
U191-H5-VS2-GGA10- HH 5mg-L-18092024-Q=50mL-phút-1,U191-H5-VS2-15.09.2024,0,2,,323.58,1247.0,299.0,24.58,0
U191-H5-VS2-GGA10- HH 5mg-L-18092024-Q=50mL-phút-1,U191-H5-VS2-15.09.2024,0,3,,324.32333,1719.0,298.0,26.32333,0
U191-H5-VS2-GGA10- HH 5mg-L-18092024-Q=50mL-phút-1,U191-H5-VS2-15.09.2024,0,4,,322.9129,2195.0,297.7,25.2129,0
U191-H5-VS2-GGA10- HH 5mg-L-18092024-Q=50mL-phút-1,U191-H5-VS2-15.09.2024,0,5,,321.86316,2667.0,295.8,26.06316,0
U191-H5-VS2-GGA10- HH 5mg-L-18092024-Q=50mL-phút-1,U191-H5-VS2-15.09.2024,0,6,,321.51579,3139.0,294.1,27.41579,0
U191-H5-VS2-GGA10- HH 5mg-L-18092024-Q=50mL-phút-1,U191-H5-VS2-15.09.2024,0,7,,320.9,3614.0,294.6,26.3,0
U191-H5-VS2-GGA10- HH 5mg-L-18092024-Q=50mL-phút-1,U191-H5-VS2-15.09.2024,0,8,GGA10-HH5,321.432,4084.0,298.0,23.432,1
U191-H5-VS2-GGA10- HH 5mg-L-18092024-Q=50mL-phút-1,U191-H5-VS2-15.09.2024,0,9,,322.51667,4556.0,304.2,18.31667,1
U191-H5-VS2-GGA10- HH 5mg-L-18092024-Q=50mL-phút-1,U191-H5-VS2-15.09.2024,0,10,,324.44,5027.0,307.1,17.34,1
U191-H5-VS2-GGA10- HH 5mg-L-18092024-Q=50mL-phút-1,U191-H5-VS2-15.09.2024,0,11,,325.40968,5501.0,309.8,15.60968,1
U191-H5-VS2-GGA10- HH 5mg-L-18092024-Q=50mL-phút-1,U191-H5-VS2-15.09.2024,0,12,,325.23871,5977.0,309.5,15.73871,1
U191-H5-VS2-GGA10- HH 5mg-L-18092024-Q=50mL-phút-1,U191-H5-VS2-15.09.2024,0,13,,323.68387,6445.0,309.2,14.48387,2
U191-H5-VS2-GGA10- HH 5mg-L-18092024-Q=50mL-phút-1,U191-H5-VS2-15.09.2024,0,14,,321.61,6920.0,308.8,12.81,2
U191-H5-VS2-GGA10- HH 5mg-L-18092024-Q=50mL-phút-1,U191-H5-VS2-15.09.2024,0,15,,320.85161,7397.0,306.0,14.85161,2
U191-H5-VS2-GGA15- HH 10mg-L-18092024-Q=50.67mL-phút-1,U191-H5-VS2-15.09.2024,1,0,GGA15,312.49677,301.0,296.0,16.49677,0
U191-H5-VS2-GGA15- HH 10mg-L-18092024-Q=50.67mL-phút-1,U191-H5-VS2-15.09.2024,1,1,,311.33226,766.0,293.6,17.73226,0
U191-H5-VS2-GGA15- HH 10mg-L-18092024-Q=50.67mL-phút-1,U191-H5-VS2-15.09.2024,1,2,,310.53226,1237.0,294.8,15.73226,0
U191-H5-VS2-GGA15- HH 10mg-L-18092024-Q=50.67mL-phút-1,U191-H5-VS2-15.09.2024,1,3,,310.77,1710.0,293.4,17.37,0
U191-H5-VS2-GGA15- HH 10mg-L-18092024-Q=50.67mL-phút-1,U191-H5-VS2-15.09.2024,1,4,,309.41613,2183.0,293.2,16.21613,0
U191-H5-VS2-GGA15- HH 10mg-L-18092024-Q=50.67mL-phút-1,U191-H5-VS2-15.09.2024,1,5,,310.40968,2656.0,293.9,16.50968,0
U191-H5-VS2-GGA15- HH 10mg-L-18092024-Q=50.67mL-phút-1,U191-H5-VS2-15.09.2024,1,6,,310.17273,3130.0,293.8,16.37273,0
U191-H5-VS2-GGA15- HH 10mg-L-18092024-Q=50.67mL-phút-1,U191-H5-VS2-15.09.2024,1,7,GGA15-HH10,308.8,3709.0,296.3,12.5,1
U191-H5-VS2-GGA15- HH 10mg-L-18092024-Q=50.67mL-phút-1,U191-H5-VS2-15.09.2024,1,8,,309.78065,4178.0,295.9,13.88065,1
U191-H5-VS2-GGA15- HH 10mg-L-18092024-Q=50.67mL-phút-1,U191-H5-VS2-15.09.2024,1,9,,308.47097,4654.0,296.9,11.57097,2
U191-H5-VS2-GGA15- HH 10mg-L-18092024-Q=50.67mL-phút-1,U191-H5-VS2-15.09.2024,1,10,,307.88,5127.0,296.2,11.68,2
U191-H5-VS2-GGA15- HH 10mg-L-18092024-Q=50.67mL-phút-1,U191-H5-VS2-15.09.2024,1,11,,304.76667,5603.0,292.8,11.96667,2
U192-H5-VS2-GGA10- HH 5mg-L-19092024-Q=50.56mL-phút-2,U192-H5-VS2-16.09.2024,0,0,GGA10,319.34634,301.0,256.8,62.54634,0
U192-H5-VS2-GGA10- HH 5mg-L-19092024-Q=50.56mL-phút-2,U192-H5-VS2-16.09.2024,0,1,1,318.41905,774.0,253.8,64.61905,0
U192-H5-VS2-GGA10- HH 5mg-L-19092024-Q=50.56mL-phút-2,U192-H5-VS2-16.09.2024,0,2,8551,317.42439,1246.0,252.9,64.52439,0
U192-H5-VS2-GGA10- HH 5mg-L-19092024-Q=50.56mL-phút-2,U192-H5-VS2-16.09.2024,0,3,,316.07143,1721.0,249.1,66.97143,0
U192-H5-VS2-GGA10- HH 5mg-L-19092024-Q=50.56mL-phút-2,U192-H5-VS2-16.09.2024,0,4,,315.0,2194.0,247.1,67.9,0
U192-H5-VS2-GGA10- HH 5mg-L-19092024-Q=50.56mL-phút-2,U192-H5-VS2-16.09.2024,0,5,,314.17073,2668.0,244.1,70.07073,0
U192-H5-VS2-GGA10- HH 5mg-L-19092024-Q=50.56mL-phút-2,U192-H5-VS2-16.09.2024,0,6,,314.29524,3140.0,245.4,68.89524,0
U192-H5-VS2-GGA10- HH 5mg-L-19092024-Q=50.56mL-phút-2,U192-H5-VS2-16.09.2024,0,7,GGA10-HH5,313.74762,3616.0,242.2,71.54762,1
U192-H5-VS2-GGA10- HH 5mg-L-19092024-Q=50.56mL-phút-2,U192-H5-VS2-16.09.2024,0,8,,312.94524,4088.0,239.3,73.64524,1
U192-H5-VS2-GGA10- HH 5mg-L-19092024-Q=50.56mL-phút-2,U192-H5-VS2-16.09.2024,0,9,,313.16098,4561.0,238.99999,74.16099,1
U192-H5-VS2-GGA10- HH 5mg-L-19092024-Q=50.56mL-phút-2,U192-H5-VS2-16.09.2024,0,10,,316.73809,5035.0,252.5,64.23809,1
U192-H5-VS2-GGA10- HH 5mg-L-19092024-Q=50.56mL-phút-2,U192-H5-VS2-16.09.2024,0,11,,327.86905,5506.0,266.40001,61.46904,1
U192-H5-VS2-GGA10- HH 5mg-L-19092024-Q=50.56mL-phút-2,U192-H5-VS2-16.09.2024,0,12,,335.33489,5981.0,275.20001,60.13488,1
U192-H5-VS2-GGA10- HH 5mg-L-19092024-Q=50.56mL-phút-2,U192-H5-VS2-16.09.2024,0,13,,339.05,6456.0,278.80001,60.24999,1
U192-H5-VS2-GGA10- HH 5mg-L-19092024-Q=50.56mL-phút-2,U192-H5-VS2-16.09.2024,0,14,,343.09762,6929.0,283.30001,59.79761,1
U192-H5-VS2-GGA10- HH 5mg-L-19092024-Q=50.56mL-phút-2,U192-H5-VS2-16.09.2024,0,15,,347.16341,7401.0,288.70001,58.4634,2
U192-H5-VS2-GGA10- HH 5mg-L-19092024-Q=50.56mL-phút-2,U192-H5-VS2-16.09.2024,0,16,,348.26341,7874.0,291.5,56.76341,2
U192-H5-VS2-GGA10- HH 5mg-L-19092024-Q=50.56mL-phút-2,U192-H5-VS2-16.09.2024,0,17,,345.29762,8351.0,286.39999,58.89763,2
U192-H5-VS2-GGA10- HH 10mg-L-19092024-Q=50.44mL-phút-1,U192-H5-VS2-16.09.2024,1,0,GGA10,343.05366,301.0,281.8,61.25366,0
U192-H5-VS2-GGA10- HH 10mg-L-19092024-Q=50.44mL-phút-1,U192-H5-VS2-16.09.2024,1,1,,344.32381,775.0,277.00001,67.3238,0
U192-H5-VS2-GGA10- HH 10mg-L-19092024-Q=50.44mL-phút-1,U192-H5-VS2-16.09.2024,1,2,,345.11951,1249.0,277.39999,67.71952,0
U192-H5-VS2-GGA10- HH 10mg-L-19092024-Q=50.44mL-phút-1,U192-H5-VS2-16.09.2024,1,3,,342.25854,1722.0,273.60001,68.65853,0
U192-H5-VS2-GGA10- HH 10mg-L-19092024-Q=50.44mL-phút-1,U192-H5-VS2-16.09.2024,1,4,,337.60952,2196.0,269.80001,67.80951,0
U192-H5-VS2-GGA10- HH 10mg-L-19092024-Q=50.44mL-phút-1,U192-H5-VS2-16.09.2024,1,5,,329.75238,2667.0,264.40001,65.35237,0
U192-H5-VS2-GGA10- HH 10mg-L-19092024-Q=50.44mL-phút-1,U192-H5-VS2-16.09.2024,1,6,GGA10-HH10,331.40952,3145.0,262.49999,68.90953,1
U192-H5-VS2-GGA10- HH 10mg-L-19092024-Q=50.44mL-phút-1,U192-H5-VS2-16.09.2024,1,7,,328.65238,3617.0,263.70001,64.95237,1
U192-H5-VS2-GGA10- HH 10mg-L-19092024-Q=50.44mL-phút-1,U192-H5-VS2-16.09.2024,1,8,,327.39268,4088.0,263.59999,63.79269,1
U192-H5-VS2-GGA10- HH 10mg-L-19092024-Q=50.44mL-phút-1,U192-H5-VS2-16.09.2024,1,9,,333.17143,4562.0,270.5,62.67143,1
U192-H5-VS2-GGA10- HH 10mg-L-19092024-Q=50.44mL-phút-1,U192-H5-VS2-16.09.2024,1,10,,337.99048,5034.0,274.50001,63.49047,1
U192-H5-VS2-GGA10- HH 10mg-L-19092024-Q=50.44mL-phút-1,U192-H5-VS2-16.09.2024,1,11,,334.42381,5510.0,266.99999,67.42382,1
U192-H5-VS2-GGA10- HH 10mg-L-19092024-Q=50.44mL-phút-1,U192-H5-VS2-16.09.2024,1,12,,326.25952,5985.0,265.70001,60.55951,2
U192-H5-VS2-GGA10- HH 10mg-L-19092024-Q=50.44mL-phút-1,U192-H5-VS2-16.09.2024,1,13,,324.05953,6455.0,261.09999,62.95954,2
U193-H5-VS2-GGA10- Zn5-Cr10-Ni15 mg-L-20092024-Q=50.36mL-phút-1,U193-H5-VS2-18.09.2024,0,0,GGA10,310.79268,301.0,263.20001,47.59267,0
U193-H5-VS2-GGA10- Zn5-Cr10-Ni15 mg-L-20092024-Q=50.36mL-phút-1,U193-H5-VS2-18.09.2024,0,1,,309.13902,775.0,258.89999,50.23903,0
U193-H5-VS2-GGA10- Zn5-Cr10-Ni15 mg-L-20092024-Q=50.36mL-phút-1,U193-H5-VS2-18.09.2024,0,2,,308.71951,1249.0,258.70001,50.0195,0
U193-H5-VS2-GGA10- Zn5-Cr10-Ni15 mg-L-20092024-Q=50.36mL-phút-1,U193-H5-VS2-18.09.2024,0,3,,308.13659,1721.0,255.10001,53.03658,0
U193-H5-VS2-GGA10- Zn5-Cr10-Ni15 mg-L-20092024-Q=50.36mL-phút-1,U193-H5-VS2-18.09.2024,0,4,,306.00488,2196.0,257.99999,48.00489,0
U193-H5-VS2-GGA10- Zn5-Cr10-Ni15 mg-L-20092024-Q=50.36mL-phút-1,U193-H5-VS2-18.09.2024,0,5,,308.81707,2670.0,256.39999,52.41708,0
U193-H5-VS2-GGA10- Zn5-Cr10-Ni15 mg-L-20092024-Q=50.36mL-phút-1,U193-H5-VS2-18.09.2024,0,6,,309.14884,3143.0,253.10001,56.04883,0
U193-H5-VS2-GGA10- Zn5-Cr10-Ni15 mg-L-20092024-Q=50.36mL-phút-1,U193-H5-VS2-18.09.2024,0,7,GGA10-Zn5Cr10Ni15,302.49025,3621.0,254.3,48.19025,1
U193-H5-VS2-GGA10- Zn5-Cr10-Ni15 mg-L-20092024-Q=50.36mL-phút-1,U193-H5-VS2-18.09.2024,0,8,,302.81708,4092.0,255.0,47.81708,1
U193-H5-VS2-GGA10- Zn5-Cr10-Ni15 mg-L-20092024-Q=50.36mL-phút-1,U193-H5-VS2-18.09.2024,0,9,,298.56341,4561.0,259.0,39.56341,1
U193-H5-VS2-GGA10- Zn5-Cr10-Ni15 mg-L-20092024-Q=50.36mL-phút-1,U193-H5-VS2-18.09.2024,0,10,,310.18048,5035.0,269.6,40.58048,1
U193-H5-VS2-GGA10- Zn5-Cr10-Ni15 mg-L-20092024-Q=50.36mL-phút-1,U193-H5-VS2-18.09.2024,0,11,,322.69024,5507.0,279.39999,43.29025,1
U193-H5-VS2-GGA10- Zn5-Cr10-Ni15 mg-L-20092024-Q=50.36mL-phút-1,U193-H5-VS2-18.09.2024,0,12,,329.48049,5981.0,281.30001,48.18048,1
U193-H5-VS2-GGA10- Zn5-Cr10-Ni15 mg-L-20092024-Q=50.36mL-phút-1,U193-H5-VS2-18.09.2024,0,13,,324.30698,6456.0,279.19999,45.10699,2
U193-H5-VS2-GGA10- Zn5-Cr10-Ni15 mg-L-20092024-Q=50.36mL-phút-1,U193-H5-VS2-18.09.2024,0,14,,322.13415,6927.0,274.30001,47.83414,2
U193-H5-VS2-GGA10- Zn5-Cr10-Ni15 mg-L-20092024-Q=50.36mL-phút-1,U193-H5-VS2-18.09.2024,0,15,,317.13902,7401.0,271.29999,45.83903,2
U193-H5-VS2-GGA10- Zn10-Cr15-Ni15 mg-L-20092024-Q=50.34mL-phút-1,U193-H5-VS2-18.09.2024,1,0,GGA10,321.76739,301.0,259.60001,62.16738,0
U193-H5-VS2-GGA10- Zn10-Cr15-Ni15 mg-L-20092024-Q=50.34mL-phút-1,U193-H5-VS2-18.09.2024,1,1,,324.37392,773.0,263.8,60.57392,0
U193-H5-VS2-GGA10- Zn10-Cr15-Ni15 mg-L-20092024-Q=50.34mL-phút-1,U193-H5-VS2-18.09.2024,1,2,,328.24565,1248.0,265.39999,62.84566,0
U193-H5-VS2-GGA10- Zn10-Cr15-Ni15 mg-L-20092024-Q=50.34mL-phút-1,U193-H5-VS2-18.09.2024,1,3,,321.79348,1721.0,258.6,63.19348,0
U193-H5-VS2-GGA10- Zn10-Cr15-Ni15 mg-L-20092024-Q=50.34mL-phút-1,U193-H5-VS2-18.09.2024,1,4,,318.92174,2194.0,255.9,63.02174,0
U193-H5-VS2-GGA10- Zn10-Cr15-Ni15 mg-L-20092024-Q=50.34mL-phút-1,U193-H5-VS2-18.09.2024,1,5,GGA10-Zn10Cr15Ni15,320.65556,2669.0,253.89999,66.75557,1
U193-H5-VS2-GGA10- Zn10-Cr15-Ni15 mg-L-20092024-Q=50.34mL-phút-1,U193-H5-VS2-18.09.2024,1,6,,318.28541,3141.0,254.79999,63.48542,1
U193-H5-VS2-GGA10- Zn10-Cr15-Ni15 mg-L-20092024-Q=50.34mL-phút-1,U193-H5-VS2-18.09.2024,1,7,,313.51087,3620.0,254.09999,59.41088,1
U193-H5-VS2-GGA10- Zn10-Cr15-Ni15 mg-L-20092024-Q=50.34mL-phút-1,U193-H5-VS2-18.09.2024,1,8,,314.00889,4087.0,253.10001,60.90888,1
U193-H5-VS2-GGA10- Zn10-Cr15-Ni15 mg-L-20092024-Q=50.34mL-phút-1,U193-H5-VS2-18.09.2024,1,9,,319.91522,4557.0,264.2,55.71522,1
U193-H5-VS2-GGA10- Zn10-Cr15-Ni15 mg-L-20092024-Q=50.34mL-phút-1,U193-H5-VS2-18.09.2024,1,10,,320.16087,5032.0,263.50001,56.66086,1
U193-H5-VS2-GGA10- Zn10-Cr15-Ni15 mg-L-20092024-Q=50.34mL-phút-1,U193-H5-VS2-18.09.2024,1,11,,320.58913,5507.0,266.40001,54.18912,2
U193-H5-VS2-GGA10- Zn10-Cr15-Ni15 mg-L-20092024-Q=50.34mL-phút-1,U193-H5-VS2-18.09.2024,1,12,,321.39565,5977.0,265.39999,55.99566,2
U193-H5-VS2-GGA10- Zn10-Cr15-Ni15 mg-L-20092024-Q=50.34mL-phút-1,U193-H5-VS2-18.09.2024,1,13,,328.33261,6452.0,272.6,55.73261,2
U193-H5-VS2-GGA10- HH 15 mg-L-20092024-Q=49.86mL-phút-1,U193-H5-VS2-18.09.2024,2,0,GGA10,325.85334,301.0,274.19999,51.65335,0
U193-H5-VS2-GGA10- HH 15 mg-L-20092024-Q=49.86mL-phút-1,U193-H5-VS2-18.09.2024,2,1,,326.35834,777.0,274.8,51.55834,0
U193-H5-VS2-GGA10- HH 15 mg-L-20092024-Q=49.86mL-phút-1,U193-H5-VS2-18.09.2024,2,2,,327.52826,1249.0,272.8,54.72826,0
U193-H5-VS2-GGA10- HH 15 mg-L-20092024-Q=49.86mL-phút-1,U193-H5-VS2-18.09.2024,2,3,,327.1587,1723.0,270.90001,56.25869,0
U193-H5-VS2-GGA10- HH 15 mg-L-20092024-Q=49.86mL-phút-1,U193-H5-VS2-18.09.2024,2,4,,326.68,2195.0,271.49999,55.18001,0
U193-H5-VS2-GGA10- HH 15 mg-L-20092024-Q=49.86mL-phút-1,U193-H5-VS2-18.09.2024,2,5,,327.98666,2670.0,271.60001,56.38665,0
U193-H5-VS2-GGA10- HH 15 mg-L-20092024-Q=49.86mL-phút-1,U193-H5-VS2-18.09.2024,2,6,,327.75652,3143.0,271.60001,56.15651,0
U193-H5-VS2-GGA10- HH 15 mg-L-20092024-Q=49.86mL-phút-1,U193-H5-VS2-18.09.2024,2,7,GGA10-HH15,330.57111,3616.0,283.30001,47.2711,1
U193-H5-VS2-GGA10- HH 15 mg-L-20092024-Q=49.86mL-phút-1,U193-H5-VS2-18.09.2024,2,8,,331.98723,4089.0,287.7,44.28723,1
U193-H5-VS2-GGA10- HH 15 mg-L-20092024-Q=49.86mL-phút-1,U193-H5-VS2-18.09.2024,2,9,,330.05218,4562.0,286.70001,43.35217,1
U193-H5-VS2-GGA10- HH 15 mg-L-20092024-Q=49.86mL-phút-1,U193-H5-VS2-18.09.2024,2,10,,331.10652,5035.0,286.00001,45.10651,1
U193-H5-VS2-GGA10- HH 15 mg-L-20092024-Q=49.86mL-phút-1,U193-H5-VS2-18.09.2024,2,11,,330.14667,5508.0,286.70001,43.44666,1
U193-H5-VS2-GGA10- HH 15 mg-L-20092024-Q=49.86mL-phút-1,U193-H5-VS2-18.09.2024,2,12,,328.82174,5982.0,286.1,42.72174,2
U193-H5-VS2-GGA10- HH 15 mg-L-20092024-Q=49.86mL-phút-1,U193-H5-VS2-18.09.2024,2,13,,324.84348,6456.0,280.09999,44.74349,2
U193-H5-VS2-GGA10- HH 15 mg-L-20092024-Q=49.86mL-phút-1,U193-H5-VS2-18.09.2024,2,14,,324.74167,6931.0,281.6,43.14167,2
U194-H5-VS2-GGA15- HH 5 mg-L-26092024-Q=50.06mL-phút-1,U194-H5-VS2-19.09.2024,0,0,GGA15,331.67826,301.0,270.90001,60.77825,0
U194-H5-VS2-GGA15- HH 5 mg-L-26092024-Q=50.06mL-phút-1,U194-H5-VS2-19.09.2024,0,1,,338.08261,773.0,275.5,62.58261,0
U194-H5-VS2-GGA15- HH 5 mg-L-26092024-Q=50.06mL-phút-1,U194-H5-VS2-19.09.2024,0,2,,342.02273,1248.0,278.9,63.12273,0
U194-H5-VS2-GGA15- HH 5 mg-L-26092024-Q=50.06mL-phút-1,U194-H5-VS2-19.09.2024,0,3,,344.73043,1722.0,279.50001,65.23042,0
U194-H5-VS2-GGA15- HH 5 mg-L-26092024-Q=50.06mL-phút-1,U194-H5-VS2-19.09.2024,0,4,,346.76522,2195.0,280.7,66.06522,0
U194-H5-VS2-GGA15- HH 5 mg-L-26092024-Q=50.06mL-phút-1,U194-H5-VS2-19.09.2024,0,5,,346.9,2667.0,279.3,67.6,0
U194-H5-VS2-GGA15- HH 5 mg-L-26092024-Q=50.06mL-phút-1,U194-H5-VS2-19.09.2024,0,6,,342.48696,3141.0,276.30001,66.18695,0
U194-H5-VS2-GGA15- HH 5 mg-L-26092024-Q=50.06mL-phút-1,U194-H5-VS2-19.09.2024,0,7,,341.34091,3614.0,273.20001,68.1409,0
U194-H5-VS2-GGA15- HH 5 mg-L-26092024-Q=50.06mL-phút-1,U194-H5-VS2-19.09.2024,0,8,GGA15-HH5,342.90435,4089.0,282.5,60.40435,1
U194-H5-VS2-GGA15- HH 5 mg-L-26092024-Q=50.06mL-phút-1,U194-H5-VS2-19.09.2024,0,9,,330.59565,4561.0,275.90001,54.69564,1
U194-H5-VS2-GGA15- HH 5 mg-L-26092024-Q=50.06mL-phút-1,U194-H5-VS2-19.09.2024,0,10,,325.39565,5033.0,274.4,50.99565,1
U194-H5-VS2-GGA15- HH 5 mg-L-26092024-Q=50.06mL-phút-1,U194-H5-VS2-19.09.2024,0,11,,327.75652,5506.0,274.6,53.15652,1
U194-H5-VS2-GGA15- HH 5 mg-L-26092024-Q=50.06mL-phút-1,U194-H5-VS2-19.09.2024,0,12,,321.06486,5978.0,274.19999,46.86487,2
U194-H5-VS2-GGA15- HH 5 mg-L-26092024-Q=50.06mL-phút-1,U194-H5-VS2-19.09.2024,0,13,,318.57027,6452.0,270.90001,47.67026,2
U194-H5-VS2-GGA15- HH 5 mg-L-26092024-Q=50.06mL-phút-1,U194-H5-VS2-19.09.2024,0,14,,318.51081,6925.0,269.2,49.31081,2
U194-H5-VS2-GGA15- HH 10 mg-L-26092024-Q=50.22mL-phút-2,U194-H5-VS2-19.09.2024,1,0,GGA10,316.35405,301.0,260.10001,56.25404,0
U194-H5-VS2-GGA15- HH 10 mg-L-26092024-Q=50.22mL-phút-2,U194-H5-VS2-19.09.2024,1,1,,316.40527,773.0,261.99999,54.40528,0
U194-H5-VS2-GGA15- HH 10 mg-L-26092024-Q=50.22mL-phút-2,U194-H5-VS2-19.09.2024,1,2,,322.75135,1247.0,266.79999,55.95136,0
U194-H5-VS2-GGA15- HH 10 mg-L-26092024-Q=50.22mL-phút-2,U194-H5-VS2-19.09.2024,1,3,,327.52631,1721.0,270.79999,56.72632,0
U194-H5-VS2-GGA15- HH 10 mg-L-26092024-Q=50.22mL-phút-2,U194-H5-VS2-19.09.2024,1,4,,328.86842,2195.0,271.80001,57.06841,0
U194-H5-VS2-GGA15- HH 10 mg-L-26092024-Q=50.22mL-phút-2,U194-H5-VS2-19.09.2024,1,5,,324.23684,2667.0,269.4,54.83684,0
U194-H5-VS2-GGA15- HH 10 mg-L-26092024-Q=50.22mL-phút-2,U194-H5-VS2-19.09.2024,1,6,,328.52632,3141.0,270.00001,58.52631,0
U194-H5-VS2-GGA15- HH 10 mg-L-26092024-Q=50.22mL-phút-2,U194-H5-VS2-19.09.2024,1,7,,331.48919,3614.0,275.20001,56.28918,0
U194-H5-VS2-GGA15- HH 10 mg-L-26092024-Q=50.22mL-phút-2,U194-H5-VS2-19.09.2024,1,8,GGA10-HH10,323.09211,4089.0,269.6,53.49211,1
U194-H5-VS2-GGA15- HH 10 mg-L-26092024-Q=50.22mL-phút-2,U194-H5-VS2-19.09.2024,1,9,,320.28421,4561.0,270.5,49.78421,2
U194-H5-VS2-GGA15- HH 10 mg-L-26092024-Q=50.22mL-phút-2,U194-H5-VS2-19.09.2024,1,10,,322.79189,5034.0,274.10001,48.69188,2
U194-H5-VS2-GGA17.5- HH 15 mg-L-26092024-Q=50.28mL-phút-1,U194-H5-VS2-19.09.2024,2,0,GGA17.5,321.23243,301.0,268.5,52.73243,0
U194-H5-VS2-GGA17.5- HH 15 mg-L-26092024-Q=50.28mL-phút-1,U194-H5-VS2-19.09.2024,2,1,,328.35263,771.0,274.19999,54.15264,0
U194-H5-VS2-GGA17.5- HH 15 mg-L-26092024-Q=50.28mL-phút-1,U194-H5-VS2-19.09.2024,2,2,,327.91621,1247.0,273.7,54.21621,0
U194-H5-VS2-GGA17.5- HH 15 mg-L-26092024-Q=50.28mL-phút-1,U194-H5-VS2-19.09.2024,2,3,,327.1,1717.0,270.3,56.8,0
U194-H5-VS2-GGA17.5- HH 15 mg-L-26092024-Q=50.28mL-phút-1,U194-H5-VS2-19.09.2024,2,4,,324.65946,2190.0,272.1,52.55946,0
U194-H5-VS2-GGA17.5- HH 15 mg-L-26092024-Q=50.28mL-phút-1,U194-H5-VS2-19.09.2024,2,5,,322.64359,2664.0,269.10001,53.54358,0
U194-H5-VS2-GGA17.5- HH 15 mg-L-26092024-Q=50.28mL-phút-1,U194-H5-VS2-19.09.2024,2,6,,327.35526,3139.0,273.79999,53.55527,0
U194-H5-VS2-GGA17.5- HH 15 mg-L-26092024-Q=50.28mL-phút-1,U194-H5-VS2-19.09.2024,2,7,GGA17.5-HH15,329.24054,3610.0,276.30001,52.94053,1
U194-H5-VS2-GGA17.5- HH 15 mg-L-26092024-Q=50.28mL-phút-1,U194-H5-VS2-19.09.2024,2,8,,328.0421,4085.0,279.90001,48.14209,1
U194-H5-VS2-GGA17.5- HH 15 mg-L-26092024-Q=50.28mL-phút-1,U194-H5-VS2-19.09.2024,2,9,,330.36486,4557.0,281.50001,48.86485,1
U194-H5-VS2-GGA17.5- HH 15 mg-L-26092024-Q=50.28mL-phút-1,U194-H5-VS2-19.09.2024,2,10,,324.58947,5031.0,278.60001,45.98946,1
U194-H5-VS2-GGA17.5- HH 15 mg-L-26092024-Q=50.28mL-phút-1,U194-H5-VS2-19.09.2024,2,11,,317.6421,5508.0,272.6,45.0421,2
U194-H5-VS2-GGA17.5- HH 15 mg-L-26092024-Q=50.28mL-phút-1,U194-H5-VS2-19.09.2024,2,12,,314.67,5979.0,268.7,45.97,2
U194-H5-VS2-GGA17.5- HH 15 mg-L-26092024-Q=50.28mL-phút-1,U194-H5-VS2-19.09.2024,2,13,,312.07105,6450.0,266.99999,45.07106,2
U195-H5-VS2-GGA15- Zn5-Cr10-Ni15 mg-L-27092024-Q=50.16mL-phút-1,U195-H5-VS2-23.09.2024,0,0,GGA15,300.41351,301.0,244.39999,56.01352,0
U195-H5-VS2-GGA15- Zn5-Cr10-Ni15 mg-L-27092024-Q=50.16mL-phút-1,U195-H5-VS2-23.09.2024,0,1,,298.60526,773.0,242.3,56.30526,0
U195-H5-VS2-GGA15- Zn5-Cr10-Ni15 mg-L-27092024-Q=50.16mL-phút-1,U195-H5-VS2-23.09.2024,0,2,,297.23514,1245.0,242.2,55.03514,0
U195-H5-VS2-GGA15- Zn5-Cr10-Ni15 mg-L-27092024-Q=50.16mL-phút-1,U195-H5-VS2-23.09.2024,0,3,,296.77297,1718.0,240.1,56.67297,0
U195-H5-VS2-GGA15- Zn5-Cr10-Ni15 mg-L-27092024-Q=50.16mL-phút-1,U195-H5-VS2-23.09.2024,0,4,,302.53784,2192.0,240.6,61.93784,0
U195-H5-VS2-GGA15- Zn5-Cr10-Ni15 mg-L-27092024-Q=50.16mL-phút-1,U195-H5-VS2-23.09.2024,0,5,,322.92368,2661.0,256.1,66.82368,0
U195-H5-VS2-GGA15- Zn5-Cr10-Ni15 mg-L-27092024-Q=50.16mL-phút-1,U195-H5-VS2-23.09.2024,0,6,,325.06757,3135.0,260.10001,64.96756,0
U195-H5-VS2-GGA15- Zn5-Cr10-Ni15 mg-L-27092024-Q=50.16mL-phút-1,U195-H5-VS2-23.09.2024,0,7,,326.02162,3606.0,263.59999,62.42163,0
U195-H5-VS2-GGA15- Zn5-Cr10-Ni15 mg-L-27092024-Q=50.16mL-phút-1,U195-H5-VS2-23.09.2024,0,8,GGA15-Zn5-Cr10-Ni15,330.31892,4080.0,270.59999,59.71893,1
U195-H5-VS2-GGA15- Zn5-Cr10-Ni15 mg-L-27092024-Q=50.16mL-phút-1,U195-H5-VS2-23.09.2024,0,9,,331.50541,4554.0,273.7,57.80541,1
U195-H5-VS2-GGA15- Zn5-Cr10-Ni15 mg-L-27092024-Q=50.16mL-phút-1,U195-H5-VS2-23.09.2024,0,10,,332.58461,5023.0,275.40001,57.1846,1
U195-H5-VS2-GGA15- Zn5-Cr10-Ni15 mg-L-27092024-Q=50.16mL-phút-1,U195-H5-VS2-23.09.2024,0,11,,336.81842,5498.0,279.00001,57.81841,1
U195-H5-VS2-GGA15- Zn5-Cr10-Ni15 mg-L-27092024-Q=50.16mL-phút-1,U195-H5-VS2-23.09.2024,0,12,,337.77368,5971.0,281.4,56.37368,1
U195-H5-VS2-GGA15- Zn5-Cr10-Ni15 mg-L-27092024-Q=50.16mL-phút-1,U195-H5-VS2-23.09.2024,0,13,,339.0,6444.0,282.40001,56.59999,1
U195-H5-VS2-GGA15- Zn5-Cr10-Ni15 mg-L-27092024-Q=50.16mL-phút-1,U195-H5-VS2-23.09.2024,0,14,,339.39737,6916.0,287.09999,52.29738,1
U195-H5-VS2-GGA15- Zn5-Cr10-Ni15 mg-L-27092024-Q=50.16mL-phút-1,U195-H5-VS2-23.09.2024,0,15,,339.08649,7389.0,285.0,54.08649,1
U195-H5-VS2-GGA15- Zn5-Cr10-Ni15 mg-L-27092024-Q=50.16mL-phút-1,U195-H5-VS2-23.09.2024,0,16,,337.08378,7866.0,286.70001,50.38377,2
U195-H5-VS2-GGA15- Zn5-Cr10-Ni15 mg-L-27092024-Q=50.16mL-phút-1,U195-H5-VS2-23.09.2024,0,17,,336.94359,8337.0,286.39999,50.5436,2
U195-H5-VS2-GGA15- Zn5-Cr10-Ni15 mg-L-27092024-Q=50.16mL-phút-1,U195-H5-VS2-23.09.2024,0,18,,335.25676,8809.0,285.0,50.25676,2
U195-H5-VS2-GGA15- Zn10-Cr15-Ni15 mg-L-27092024-Q=50.52mL-phút-1,U195-H5-VS2-23.09.2024,1,0,GGA15,327.99737,301.0,276.30001,51.69736,0
U195-H5-VS2-GGA15- Zn10-Cr15-Ni15 mg-L-27092024-Q=50.52mL-phút-1,U195-H5-VS2-23.09.2024,1,1,,332.78649,774.0,280.40001,52.38648,0
U195-H5-VS2-GGA15- Zn10-Cr15-Ni15 mg-L-27092024-Q=50.52mL-phút-1,U195-H5-VS2-23.09.2024,1,2,,332.54324,1249.0,278.29999,54.24325,0
U195-H5-VS2-GGA15- Zn10-Cr15-Ni15 mg-L-27092024-Q=50.52mL-phút-1,U195-H5-VS2-23.09.2024,1,3,,336.83784,1721.0,277.3,59.53784,0
U195-H5-VS2-GGA15- Zn10-Cr15-Ni15 mg-L-27092024-Q=50.52mL-phút-1,U195-H5-VS2-23.09.2024,1,4,,329.43684,2190.0,276.89999,52.53685,0
U195-H5-VS2-GGA15- Zn10-Cr15-Ni15 mg-L-27092024-Q=50.52mL-phút-1,U195-H5-VS2-23.09.2024,1,5,,325.71351,2663.0,270.90001,54.8135,0
U195-H5-VS2-GGA15- Zn10-Cr15-Ni15 mg-L-27092024-Q=50.52mL-phút-1,U195-H5-VS2-23.09.2024,1,6,GGA15-Zn5-Cr10-Ni15,322.62162,3077.0,270.3,52.32162,1
U195-H5-VS2-GGA15- Zn10-Cr15-Ni15 mg-L-27092024-Q=50.52mL-phút-1,U195-H5-VS2-23.09.2024,1,7,,324.11795,3549.0,277.39999,46.71796,2
U195-H5-VS2-GGA15- Zn10-Cr15-Ni15 mg-L-27092024-Q=50.52mL-phút-1,U195-H5-VS2-23.09.2024,1,8,,320.81351,4018.0,273.9,46.91351,2
U195-H5-VS2-GGA15- Zn10-Cr15-Ni15 mg-L-27092024-Q=50.52mL-phút-1,U195-H5-VS2-23.09.2024,1,9,,324.71053,4446.0,278.4,46.31053,2
U195-H5-VS2-GGA17.5- HH 15 mg-L-27092024-Q=50.24mL-phút-2,U195-H5-VS2-23.09.2024,2,0,GGA17.5,324.76757,301.0,273.09999,51.66758,0
U195-H5-VS2-GGA17.5- HH 15 mg-L-27092024-Q=50.24mL-phút-2,U195-H5-VS2-23.09.2024,2,1,,332.65,773.0,277.00001,55.64999,0
U195-H5-VS2-GGA17.5- HH 15 mg-L-27092024-Q=50.24mL-phút-2,U195-H5-VS2-23.09.2024,2,2,,336.86579,1244.0,280.2,56.66579,0
U195-H5-VS2-GGA17.5- HH 15 mg-L-27092024-Q=50.24mL-phút-2,U195-H5-VS2-23.09.2024,2,3,,335.01053,1720.0,282.3,52.71053,0
U195-H5-VS2-GGA17.5- HH 15 mg-L-27092024-Q=50.24mL-phút-2,U195-H5-VS2-23.09.2024,2,4,,340.62895,2193.0,287.9,52.72895,0
U195-H5-VS2-GGA17.5- HH 15 mg-L-27092024-Q=50.24mL-phút-2,U195-H5-VS2-23.09.2024,2,5,GGA17.5-HH15,332.3946,2665.0,283.4,48.9946,1
U195-H5-VS2-GGA17.5- HH 15 mg-L-27092024-Q=50.24mL-phút-2,U195-H5-VS2-23.09.2024,2,6,,330.9425,3141.0,282.99999,47.94251,1
U195-H5-VS2-GGA17.5- HH 15 mg-L-27092024-Q=50.24mL-phút-2,U195-H5-VS2-23.09.2024,2,7,,332.21351,3611.0,285.0,47.21351,1
U195-H5-VS2-GGA17.5- HH 15 mg-L-27092024-Q=50.24mL-phút-2,U195-H5-VS2-23.09.2024,2,8,,329.15135,4089.0,282.40001,46.75134,1
U195-H5-VS2-GGA17.5- HH 15 mg-L-27092024-Q=50.24mL-phút-2,U195-H5-VS2-23.09.2024,2,9,,325.92973,4562.0,283.2,42.72973,1
U195-H5-VS2-GGA17.5- HH 15 mg-L-27092024-Q=50.24mL-phút-2,U195-H5-VS2-23.09.2024,2,10,,321.01892,5036.0,277.90001,43.11891,1
U195-H5-VS2-GGA17.5- HH 15 mg-L-27092024-Q=50.24mL-phút-2,U195-H5-VS2-23.09.2024,2,11,,315.57297,5511.0,273.79999,41.77298,1
U195-H5-VS2-GGA17.5- HH 15 mg-L-27092024-Q=50.24mL-phút-2,U195-H5-VS2-23.09.2024,2,12,,312.23684,5982.0,274.50001,37.73683,2
U195-H5-VS2-GGA17.5- HH 15 mg-L-27092024-Q=50.24mL-phút-2,U195-H5-VS2-23.09.2024,2,13,,310.665,6458.0,274.69999,35.96501,2
U195-H5-VS2-GGA17.5- HH 15 mg-L-27092024-Q=50.24mL-phút-2,U195-H5-VS2-23.09.2024,2,14,,309.75526,6926.0,272.8,36.95526,2
U196-H5-VS2-GGA20-HH 5 mg-L-30092024-Q=50.1mL-phút-1,U196-H5-VS2-27.09.2024,0,0,GGA20,313.04792,301.0,242.8,70.24792,0
U196-H5-VS2-GGA20-HH 5 mg-L-30092024-Q=50.1mL-phút-1,U196-H5-VS2-27.09.2024,0,1,,317.74583,776.0,247.5,70.24583,0
U196-H5-VS2-GGA20-HH 5 mg-L-30092024-Q=50.1mL-phút-1,U196-H5-VS2-27.09.2024,0,2,,320.22292,1248.0,248.60001,71.62291,0
U196-H5-VS2-GGA20-HH 5 mg-L-30092024-Q=50.1mL-phút-1,U196-H5-VS2-27.09.2024,0,3,,321.674,1720.0,249.0,72.674,0
U196-H5-VS2-GGA20-HH 5 mg-L-30092024-Q=50.1mL-phút-1,U196-H5-VS2-27.09.2024,0,4,,320.39583,2099.0,248.3,72.09583,0
U196-H5-VS2-GGA20-HH 5 mg-L-30092024-Q=50.1mL-phút-1,U196-H5-VS2-27.09.2024,0,5,GGA20-HH5,325.77292,2574.0,246.99999,78.77293,1
U196-H5-VS2-GGA20-HH 5 mg-L-30092024-Q=50.1mL-phút-1,U196-H5-VS2-27.09.2024,0,6,,328.80625,3047.0,264.09999,64.70626,1
U196-H5-VS2-GGA20-HH 5 mg-L-30092024-Q=50.1mL-phút-1,U196-H5-VS2-27.09.2024,0,7,,331.525,3518.0,270.5,61.025,1
U196-H5-VS2-GGA20-HH 5 mg-L-30092024-Q=50.1mL-phút-1,U196-H5-VS2-27.09.2024,0,8,,331.125,3992.0,273.20001,57.92499,1
U196-H5-VS2-GGA20-HH 5 mg-L-30092024-Q=50.1mL-phút-1,U196-H5-VS2-27.09.2024,0,9,,333.196,4464.0,273.20001,59.99599,1
U196-H5-VS2-GGA20-HH 5 mg-L-30092024-Q=50.1mL-phút-1,U196-H5-VS2-27.09.2024,0,10,,331.45209,4937.0,266.0,65.45209,1
U196-H5-VS2-GGA20-HH 5 mg-L-30092024-Q=50.1mL-phút-1,U196-H5-VS2-27.09.2024,0,11,,331.07292,5411.0,272.70001,58.37291,2
U196-H5-VS2-GGA20-HH 5 mg-L-30092024-Q=50.1mL-phút-1,U196-H5-VS2-27.09.2024,0,12,,331.425,5885.0,273.40001,58.02499,2
U196-H5-VS2-GGA20-HH 10 mg-L-30092024-Q=50.4mL-phút-1,U196-H5-VS2-27.09.2024,1,0,GGA20,333.03959,301.0,274.30001,58.73958,0
U196-H5-VS2-GGA20-HH 10 mg-L-30092024-Q=50.4mL-phút-1,U196-H5-VS2-27.09.2024,1,1,,333.99583,773.0,272.89999,61.09584,0
U196-H5-VS2-GGA20-HH 10 mg-L-30092024-Q=50.4mL-phút-1,U196-H5-VS2-27.09.2024,1,2,,331.23125,1237.0,271.4,59.83125,0
U196-H5-VS2-GGA20-HH 10 mg-L-30092024-Q=50.4mL-phút-1,U196-H5-VS2-27.09.2024,1,3,,332.31458,1709.0,272.19999,60.11459,0
U196-H5-VS2-GGA20-HH 10 mg-L-30092024-Q=50.4mL-phút-1,U196-H5-VS2-27.09.2024,1,4,,330.57708,2182.0,270.90001,59.67707,0
U196-H5-VS2-GGA20-HH 10 mg-L-30092024-Q=50.4mL-phút-1,U196-H5-VS2-27.09.2024,1,5,,330.668,2656.0,270.70001,59.96799,0
U196-H5-VS2-GGA20-HH 10 mg-L-30092024-Q=50.4mL-phút-1,U196-H5-VS2-27.09.2024,1,6,GGA20-HH10,332.74792,3128.0,273.40001,59.34791,1
U196-H5-VS2-GGA20-HH 10 mg-L-30092024-Q=50.4mL-phút-1,U196-H5-VS2-27.09.2024,1,7,,330.02917,3603.0,266.7,63.32917,1
U196-H5-VS2-GGA20-HH 10 mg-L-30092024-Q=50.4mL-phút-1,U196-H5-VS2-27.09.2024,1,8,,324.396,4073.0,264.40001,59.99599,1
U196-H5-VS2-GGA20-HH 10 mg-L-30092024-Q=50.4mL-phút-1,U196-H5-VS2-27.09.2024,1,9,,325.716,4548.0,265.8,59.916,1
U196-H5-VS2-GGA20-HH 10 mg-L-30092024-Q=50.4mL-phút-1,U196-H5-VS2-27.09.2024,1,10,,324.58824,5022.0,267.89999,56.68825,2
U196-H5-VS2-GGA20-HH 10 mg-L-30092024-Q=50.4mL-phút-1,U196-H5-VS2-27.09.2024,1,11,,326.07059,5501.0,270.39999,55.6706,2
U196-H5-VS2-GGA15-HH 15 mg-L-30092024-Q=50.26mL-phút-1,U196-H5-VS2-27.09.2024,2,0,GGA15,336.60192,301.0,279.50001,57.10191,0
U196-H5-VS2-GGA15-HH 15 mg-L-30092024-Q=50.26mL-phút-1,U196-H5-VS2-27.09.2024,2,1,,337.726,774.0,278.9,58.826,0
U196-H5-VS2-GGA15-HH 15 mg-L-30092024-Q=50.26mL-phút-1,U196-H5-VS2-27.09.2024,2,2,,338.448,1247.0,279.90001,58.54799,0
U196-H5-VS2-GGA15-HH 15 mg-L-30092024-Q=50.26mL-phút-1,U196-H5-VS2-27.09.2024,2,3,,336.834,1721.0,277.59999,59.23401,0
U196-H5-VS2-GGA15-HH 15 mg-L-30092024-Q=50.26mL-phút-1,U196-H5-VS2-27.09.2024,2,4,,333.986,2196.0,277.90001,56.08599,0
U196-H5-VS2-GGA15-HH 15 mg-L-30092024-Q=50.26mL-phút-1,U196-H5-VS2-27.09.2024,2,5,,334.08628,2666.0,276.69999,57.38629,0
U196-H5-VS2-GGA15-HH 15 mg-L-30092024-Q=50.26mL-phút-1,U196-H5-VS2-27.09.2024,2,6,,333.418,3140.0,274.89999,58.51801,0
U196-H5-VS2-GGA15-HH 15 mg-L-30092024-Q=50.26mL-phút-1,U196-H5-VS2-27.09.2024,2,7,GGA15-HH 15,339.26731,3611.0,282.79999,56.46732,1
U196-H5-VS2-GGA15-HH 15 mg-L-30092024-Q=50.26mL-phút-1,U196-H5-VS2-27.09.2024,2,8,,339.488,4088.0,284.79999,54.68801,1
U196-H5-VS2-GGA15-HH 15 mg-L-30092024-Q=50.26mL-phút-1,U196-H5-VS2-27.09.2024,2,9,,340.218,4561.0,287.09999,53.11801,1
U196-H5-VS2-GGA15-HH 15 mg-L-30092024-Q=50.26mL-phút-1,U196-H5-VS2-27.09.2024,2,10,,339.036,5034.0,286.1,52.936,1
U196-H5-VS2-GGA15-HH 15 mg-L-30092024-Q=50.26mL-phút-1,U196-H5-VS2-27.09.2024,2,11,,339.526,5507.0,287.2,52.326,1
U196-H5-VS2-GGA15-HH 15 mg-L-30092024-Q=50.26mL-phút-1,U196-H5-VS2-27.09.2024,2,12,,340.946,5978.0,289.9,51.046,1
U196-H5-VS2-GGA15-HH 15 mg-L-30092024-Q=50.26mL-phút-1,U196-H5-VS2-27.09.2024,2,13,,339.036,6455.0,288.19999,50.83601,1
U196-H5-VS2-GGA15-HH 15 mg-L-30092024-Q=50.26mL-phút-1,U196-H5-VS2-27.09.2024,2,14,,338.772,6926.0,289.5,49.272,1
U196-H5-VS2-GGA15-HH 15 mg-L-30092024-Q=50.26mL-phút-1,U196-H5-VS2-27.09.2024,2,15,,323.492,7400.0,276.2,47.292,1
U196-H5-VS2-GGA15-HH 15 mg-L-30092024-Q=50.26mL-phút-1,U196-H5-VS2-27.09.2024,2,16,,311.55192,7873.0,268.79999,42.75193,2
U196-H5-VS2-GGA15-HH 15 mg-L-30092024-Q=50.26mL-phút-1,U196-H5-VS2-27.09.2024,2,17,,306.746,8349.0,264.80001,41.94599,2
U196-H5-VS2-GGA15-HH 15 mg-L-30092024-Q=50.26mL-phút-1,U196-H5-VS2-27.09.2024,2,18,,304.18039,8821.0,261.90001,42.28038,2
U197-H6-VS2-GGA20-HH 15 mg-L-30092024-Q=50.32mL-phút-1,U197-H6-VS2-29.09.2024,0,0,GGA20,369.92895,301.0,348.19999,21.72896,0
U197-H6-VS2-GGA20-HH 15 mg-L-30092024-Q=50.32mL-phút-1,U197-H6-VS2-29.09.2024,0,1,,369.305,774.0,347.5,21.805,0
U197-H6-VS2-GGA20-HH 15 mg-L-30092024-Q=50.32mL-phút-1,U197-H6-VS2-29.09.2024,0,2,,369.51579,1249.0,347.5,22.01579,0
U197-H6-VS2-GGA20-HH 15 mg-L-30092024-Q=50.32mL-phút-1,U197-H6-VS2-29.09.2024,0,3,,368.66486,1720.0,347.79999,20.86487,0
U197-H6-VS2-GGA20-HH 15 mg-L-30092024-Q=50.32mL-phút-1,U197-H6-VS2-29.09.2024,0,4,,368.48421,2194.0,348.6,19.88421,0
U197-H6-VS2-GGA20-HH 15 mg-L-30092024-Q=50.32mL-phút-1,U197-H6-VS2-29.09.2024,0,5,GGA20-HH 15,367.65,2667.0,349.20001,18.44999,1
U197-H6-VS2-GGA20-HH 15 mg-L-30092024-Q=50.32mL-phút-1,U197-H6-VS2-29.09.2024,0,6,,370.28421,3140.0,355.8,14.48421,1
U197-H6-VS2-GGA20-HH 15 mg-L-30092024-Q=50.32mL-phút-1,U197-H6-VS2-29.09.2024,0,7,,369.83421,3612.0,359.10001,10.7342,1
U197-H6-VS2-GGA20-HH 15 mg-L-30092024-Q=50.32mL-phút-1,U197-H6-VS2-29.09.2024,0,8,,371.48,4088.0,362.30001,9.17999,1
U197-H6-VS2-GGA20-HH 15 mg-L-30092024-Q=50.32mL-phút-1,U197-H6-VS2-29.09.2024,0,9,,376.88919,4562.0,368.09999,8.7892,2
U197-H6-VS2-GGA20-HH 15 mg-L-30092024-Q=50.32mL-phút-1,U197-H6-VS2-29.09.2024,0,10,,376.8946,5034.0,368.2,8.6946,2
U198-H5-VS2-GGA15-HH 5 mg-L-01102024-Q=50.4mL-phút-2,U198-H5-VS2-29.09.2024,0,0,GGA15,307.31613,301.0,241.69999,65.61614,0
U198-H5-VS2-GGA15-HH 5 mg-L-01102024-Q=50.4mL-phút-2,U198-H5-VS2-29.09.2024,0,1,,310.81613,776.0,246.09999,64.71614,0
U198-H5-VS2-GGA15-HH 5 mg-L-01102024-Q=50.4mL-phút-2,U198-H5-VS2-29.09.2024,0,2,,312.22083,1248.0,247.2,65.02083,0
U198-H5-VS2-GGA15-HH 5 mg-L-01102024-Q=50.4mL-phút-2,U198-H5-VS2-29.09.2024,0,3,,312.58958,1722.0,248.1,64.48958,0
U198-H5-VS2-GGA15-HH 5 mg-L-01102024-Q=50.4mL-phút-2,U198-H5-VS2-29.09.2024,0,4,,313.87959,2195.0,250.80001,63.07958,0
U198-H5-VS2-GGA15-HH 5 mg-L-01102024-Q=50.4mL-phút-2,U198-H5-VS2-29.09.2024,0,5,GGA15-HH 5,318.83333,2670.0,248.9,69.93333,1
U198-H5-VS2-GGA15-HH 5 mg-L-01102024-Q=50.4mL-phút-2,U198-H5-VS2-29.09.2024,0,6,,319.89792,3141.0,256.3,63.59792,1
U198-H5-VS2-GGA15-HH 5 mg-L-01102024-Q=50.4mL-phút-2,U198-H5-VS2-29.09.2024,0,7,,319.925,3615.0,259.79999,60.12501,1
U198-H5-VS2-GGA15-HH 5 mg-L-01102024-Q=50.4mL-phút-2,U198-H5-VS2-29.09.2024,0,8,,321.446,4088.0,260.4,61.046,1
U198-H5-VS2-GGA15-HH 5 mg-L-01102024-Q=50.4mL-phút-2,U198-H5-VS2-29.09.2024,0,9,,316.38542,4563.0,262.6,53.78542,1
U198-H5-VS2-GGA15-HH 5 mg-L-01102024-Q=50.4mL-phút-2,U198-H5-VS2-29.09.2024,0,10,,316.66875,5037.0,264.60001,52.06874,2
U198-H5-VS2-GGA15-HH 5 mg-L-01102024-Q=50.4mL-phút-2,U198-H5-VS2-29.09.2024,0,11,,319.31428,5516.0,267.10001,52.21427,2
U198-H5-VS2-GGA15-HH 10 mg-L-01102024-Q=50.36mL-phút-3,U198-H5-VS2-29.09.2024,1,0,GGA15,318.06458,301.0,262.6,55.46458,0
U198-H5-VS2-GGA15-HH 10 mg-L-01102024-Q=50.36mL-phút-3,U198-H5-VS2-29.09.2024,1,1,,320.49792,774.0,261.90001,58.59791,0
U198-H5-VS2-GGA15-HH 10 mg-L-01102024-Q=50.36mL-phút-3,U198-H5-VS2-29.09.2024,1,2,,320.72292,1249.0,262.49999,58.22293,0
U198-H5-VS2-GGA15-HH 10 mg-L-01102024-Q=50.36mL-phút-3,U198-H5-VS2-29.09.2024,1,3,,319.8449,1720.0,262.30001,57.54489,0
U198-H5-VS2-GGA15-HH 10 mg-L-01102024-Q=50.36mL-phút-3,U198-H5-VS2-29.09.2024,1,4,,320.22292,2192.0,263.50001,56.72291,0
U198-H5-VS2-GGA15-HH 10 mg-L-01102024-Q=50.36mL-phút-3,U198-H5-VS2-29.09.2024,1,5,GGA15-HH 10,324.34375,2668.0,265.19999,59.14376,1
U198-H5-VS2-GGA15-HH 10 mg-L-01102024-Q=50.36mL-phút-3,U198-H5-VS2-29.09.2024,1,6,,321.032,3142.0,266.60001,54.43199,1
U198-H5-VS2-GGA15-HH 10 mg-L-01102024-Q=50.36mL-phút-3,U198-H5-VS2-29.09.2024,1,7,,320.45833,3614.0,264.9,55.55833,1
U198-H5-VS2-GGA15-HH 10 mg-L-01102024-Q=50.36mL-phút-3,U198-H5-VS2-29.09.2024,1,8,,320.56939,4088.0,269.89999,50.6694,1
U198-H5-VS2-GGA15-HH 10 mg-L-01102024-Q=50.36mL-phút-3,U198-H5-VS2-29.09.2024,1,9,,321.35102,4559.0,271.80001,49.55101,1
U198-H5-VS2-GGA15-HH 10 mg-L-01102024-Q=50.36mL-phút-3,U198-H5-VS2-29.09.2024,1,10,,320.80833,5035.0,268.20001,52.60832,1
U198-H5-VS2-GGA15-HH 10 mg-L-01102024-Q=50.36mL-phút-3,U198-H5-VS2-29.09.2024,1,11,,310.91458,5508.0,262.2,48.71458,1
U198-H5-VS2-GGA15-HH 10 mg-L-01102024-Q=50.36mL-phút-3,U198-H5-VS2-29.09.2024,1,12,,307.6375,5982.0,264.2,43.4375,2
U198-H5-VS2-GGA15-HH 10 mg-L-01102024-Q=50.36mL-phút-3,U198-H5-VS2-29.09.2024,1,13,,311.25,6454.0,266.29999,44.95001,2
U198-H5-VS2-GGA20-HH 15 mg-L-01102024-Q=50.3mL-phút-1,U198-H5-VS2-29.09.2024,2,0,GGA20,307.6375,301.0,264.2,43.4375,0
U198-H5-VS2-GGA20-HH 15 mg-L-01102024-Q=50.3mL-phút-1,U198-H5-VS2-29.09.2024,2,1,,311.25,773.0,266.29999,44.95001,0
U198-H5-VS2-GGA20-HH 15 mg-L-01102024-Q=50.3mL-phút-1,U198-H5-VS2-29.09.2024,2,2,,308.294,1244.0,261.79999,46.49401,0
U198-H5-VS2-GGA20-HH 15 mg-L-01102024-Q=50.3mL-phút-1,U198-H5-VS2-29.09.2024,2,3,,309.42916,1718.0,263.50001,45.92915,0
U198-H5-VS2-GGA20-HH 15 mg-L-01102024-Q=50.3mL-phút-1,U198-H5-VS2-29.09.2024,2,4,,305.43061,2191.0,257.2,48.23061,0
U198-H5-VS2-GGA20-HH 15 mg-L-01102024-Q=50.3mL-phút-1,U198-H5-VS2-29.09.2024,2,5,,308.66667,2665.0,262.2,46.46667,0
U198-H5-VS2-GGA20-HH 15 mg-L-01102024-Q=50.3mL-phút-1,U198-H5-VS2-29.09.2024,2,6,,309.46939,3140.0,260.6,48.86939,0
U198-H5-VS2-GGA20-HH 15 mg-L-01102024-Q=50.3mL-phút-1,U198-H5-VS2-29.09.2024,2,7,,304.59375,3613.0,256.8,47.79375,0
U198-H5-VS2-GGA20-HH 15 mg-L-01102024-Q=50.3mL-phút-1,U198-H5-VS2-29.09.2024,2,8,,303.00417,4086.0,256.39999,46.60418,0
U198-H5-VS2-GGA20-HH 15 mg-L-01102024-Q=50.3mL-phút-1,U198-H5-VS2-29.09.2024,2,9,GGA20-HH 15,305.45,4557.0,259.9,45.55,1
U198-H5-VS2-GGA20-HH 15 mg-L-01102024-Q=50.3mL-phút-1,U198-H5-VS2-29.09.2024,2,10,,312.54118,5032.0,255.0,57.54118,1
U198-H5-VS2-GGA20-HH 15 mg-L-01102024-Q=50.3mL-phút-1,U198-H5-VS2-29.09.2024,2,11,,306.98269,5504.0,257.7,49.28269,1
U198-H5-VS2-GGA20-HH 15 mg-L-01102024-Q=50.3mL-phút-1,U198-H5-VS2-29.09.2024,2,12,,309.63846,5979.0,260.6,49.03846,1
U198-H5-VS2-GGA20-HH 15 mg-L-01102024-Q=50.3mL-phút-1,U198-H5-VS2-29.09.2024,2,13,,307.24231,6451.0,259.29999,47.94232,1
U198-H5-VS2-GGA20-HH 15 mg-L-01102024-Q=50.3mL-phút-1,U198-H5-VS2-29.09.2024,2,14,,309.07692,6923.0,263.3,45.77692,1
U198-H5-VS2-GGA20-HH 15 mg-L-01102024-Q=50.3mL-phút-1,U198-H5-VS2-29.09.2024,2,15,,309.30864,7399.0,260.8,48.50864,1
U198-H5-VS2-GGA20-HH 15 mg-L-01102024-Q=50.3mL-phút-1,U198-H5-VS2-29.09.2024,2,16,,302.55556,7878.0,256.70001,45.85555,1
U198-H5-VS2-GGA20-HH 15 mg-L-01102024-Q=50.3mL-phút-1,U198-H5-VS2-29.09.2024,2,17,,291.13143,8356.0,250.29999,40.83144,2
U198-H5-VS2-GGA20-HH 15 mg-L-01102024-Q=50.3mL-phút-1,U198-H5-VS2-29.09.2024,2,18,,289.07714,8824.0,248.3,40.77714,2
U199-H6-VS2-GGA20-HH 5 mg-L-01102024-Q=50.37mL-phút-2,U199-H6-VS2-29.09.2024,0,0,GGA20,377.98235,301.0,335.70001,42.28234,0
U199-H6-VS2-GGA20-HH 5 mg-L-01102024-Q=50.37mL-phút-2,U199-H6-VS2-29.09.2024,0,1,,384.7697,775.0,339.1,45.6697,0
U199-H6-VS2-GGA20-HH 5 mg-L-01102024-Q=50.37mL-phút-2,U199-H6-VS2-29.09.2024,0,2,,386.05294,1250.0,342.20001,43.85293,0
U199-H6-VS2-GGA20-HH 5 mg-L-01102024-Q=50.37mL-phút-2,U199-H6-VS2-29.09.2024,0,3,,385.68529,1721.0,340.99999,44.6853,0
U199-H6-VS2-GGA20-HH 5 mg-L-01102024-Q=50.37mL-phút-2,U199-H6-VS2-29.09.2024,0,4,,386.10294,2195.0,342.3,43.80294,0
U199-H6-VS2-GGA20-HH 5 mg-L-01102024-Q=50.37mL-phút-2,U199-H6-VS2-29.09.2024,0,5,,385.03636,2671.0,339.70001,45.33635,0
U199-H6-VS2-GGA20-HH 5 mg-L-01102024-Q=50.37mL-phút-2,U199-H6-VS2-29.09.2024,0,6,,383.52727,3142.0,338.80001,44.72726,0
U199-H6-VS2-GGA20-HH 5 mg-L-01102024-Q=50.37mL-phút-2,U199-H6-VS2-29.09.2024,0,7,GGA20-HH 5,388.83235,3621.0,351.1,37.73235,1
U199-H6-VS2-GGA20-HH 5 mg-L-01102024-Q=50.37mL-phút-2,U199-H6-VS2-29.09.2024,0,8,,388.80882,4095.0,354.20001,34.60881,1
U199-H6-VS2-GGA20-HH 5 mg-L-01102024-Q=50.37mL-phút-2,U199-H6-VS2-29.09.2024,0,9,,387.92778,4571.0,352.60001,35.32777,1
U199-H6-VS2-GGA20-HH 5 mg-L-01102024-Q=50.37mL-phút-2,U199-H6-VS2-29.09.2024,0,10,,387.77059,5042.0,353.19999,34.5706,1
U199-H6-VS2-GGA20-HH 5 mg-L-01102024-Q=50.37mL-phút-2,U199-H6-VS2-29.09.2024,0,11,,388.85294,5521.0,359.69999,29.15295,1
U199-H6-VS2-GGA20-HH 5 mg-L-01102024-Q=50.37mL-phút-2,U199-H6-VS2-29.09.2024,0,12,,390.49091,5992.0,360.19999,30.29092,2
U199-H6-VS2-GGA20-HH 5 mg-L-01102024-Q=50.37mL-phút-2,U199-H6-VS2-29.09.2024,0,13,,389.13529,6466.0,358.39999,30.7353,2
U199-H6-VS2-GGA20-HH 10 mg-L-01102024-Q=50.48mL-phút-2,U199-H6-VS2-29.09.2024,1,0,GGA20,386.87576,301.0,355.4,31.47576,0
U199-H6-VS2-GGA20-HH 10 mg-L-01102024-Q=50.48mL-phút-2,U199-H6-VS2-29.09.2024,1,1,,385.25429,780.0,354.9,30.35429,0
U199-H6-VS2-GGA20-HH 10 mg-L-01102024-Q=50.48mL-phút-2,U199-H6-VS2-29.09.2024,1,2,,383.17647,1252.0,353.50001,29.67646,0
U199-H6-VS2-GGA20-HH 10 mg-L-01102024-Q=50.48mL-phút-2,U199-H6-VS2-29.09.2024,1,3,,382.73529,1723.0,351.59999,31.1353,0
U199-H6-VS2-GGA20-HH 10 mg-L-01102024-Q=50.48mL-phút-2,U199-H6-VS2-29.09.2024,1,4,,383.07059,2198.0,352.60001,30.47058,0
U199-H6-VS2-GGA20-HH 10 mg-L-01102024-Q=50.48mL-phút-2,U199-H6-VS2-29.09.2024,1,5,,383.71515,2670.0,353.89999,29.81516,0
U199-H6-VS2-GGA20-HH 10 mg-L-01102024-Q=50.48mL-phút-2,U199-H6-VS2-29.09.2024,1,6,,383.24412,3144.0,353.19999,30.04413,0
U199-H6-VS2-GGA20-HH 10 mg-L-01102024-Q=50.48mL-phút-2,U199-H6-VS2-29.09.2024,1,7,GGA20-HH 10,390.41515,3619.0,353.1,37.31515,1
U199-H6-VS2-GGA20-HH 10 mg-L-01102024-Q=50.48mL-phút-2,U199-H6-VS2-29.09.2024,1,8,,383.55588,4091.0,352.2,31.35588,1
U199-H6-VS2-GGA20-HH 10 mg-L-01102024-Q=50.48mL-phút-2,U199-H6-VS2-29.09.2024,1,9,,382.80556,4563.0,352.2,30.60556,1
U199-H6-VS2-GGA20-HH 10 mg-L-01102024-Q=50.48mL-phút-2,U199-H6-VS2-29.09.2024,1,10,,380.32424,5039.0,349.20001,31.12423,1
U199-H6-VS2-GGA20-HH 10 mg-L-01102024-Q=50.48mL-phút-2,U199-H6-VS2-29.09.2024,1,11,,379.49411,5513.0,351.1,28.39411,1
U199-H6-VS2-GGA20-HH 10 mg-L-01102024-Q=50.48mL-phút-2,U199-H6-VS2-29.09.2024,1,12,,380.05,5986.0,351.39999,28.65001,1
U199-H6-VS2-GGA20-HH 10 mg-L-01102024-Q=50.48mL-phút-2,U199-H6-VS2-29.09.2024,1,13,,370.38529,6458.0,346.1,24.28529,1
U199-H6-VS2-GGA20-HH 10 mg-L-01102024-Q=50.48mL-phút-2,U199-H6-VS2-29.09.2024,1,14,,367.14118,6932.0,344.19999,22.94119,2
U199-H6-VS2-GGA20-HH 10 mg-L-01102024-Q=50.48mL-phút-2,U199-H6-VS2-29.09.2024,1,15,,368.58823,7406.0,346.39999,22.18824,2
U200-H5-VS2-GGA10- HH 5mg-L-02102024-Q=50.25mL-phút-3,U200-H5-VS2-27.09.2024,0,0,GGA10,319.99123,301.0,239.0,80.99123,0
U200-H5-VS2-GGA10- HH 5mg-L-02102024-Q=50.25mL-phút-3,U200-H5-VS2-27.09.2024,0,1,,327.11404,776.0,240.9,86.21404,0
U200-H5-VS2-GGA10- HH 5mg-L-02102024-Q=50.25mL-phút-3,U200-H5-VS2-27.09.2024,0,2,,338.21163,1228.0,248.3,89.91163,0
U200-H5-VS2-GGA10- HH 5mg-L-02102024-Q=50.25mL-phút-3,U200-H5-VS2-27.09.2024,0,3,,336.16341,1707.0,249.4,86.76341,0
U200-H5-VS2-GGA10- HH 5mg-L-02102024-Q=50.25mL-phút-3,U200-H5-VS2-27.09.2024,0,4,,337.32439,2186.0,248.1,89.22439,0
U200-H5-VS2-GGA10- HH 5mg-L-02102024-Q=50.25mL-phút-3,U200-H5-VS2-27.09.2024,0,5,GGA10-HH5,340.53902,2659.0,249.1,91.43902,1
U200-H5-VS2-GGA10- HH 5mg-L-02102024-Q=50.25mL-phút-3,U200-H5-VS2-27.09.2024,0,6,,340.36341,3135.0,261.4,78.96341,1
U200-H5-VS2-GGA10- HH 5mg-L-02102024-Q=50.25mL-phút-3,U200-H5-VS2-27.09.2024,0,7,,341.36744,3526.0,267.6,73.76744,1
U200-H5-VS2-GGA10- HH 5mg-L-02102024-Q=50.25mL-phút-3,U200-H5-VS2-27.09.2024,0,8,,340.75122,3997.0,266.0,74.75122,1
U200-H5-VS2-GGA10- HH 5mg-L-02102024-Q=50.25mL-phút-3,U200-H5-VS2-27.09.2024,0,9,,334.2561,4471.0,261.1,73.1561,1
U200-H5-VS2-GGA10- HH 5mg-L-02102024-Q=50.25mL-phút-3,U200-H5-VS2-27.09.2024,0,10,,336.27805,4945.0,264.4,71.87805,1
U200-H5-VS2-GGA10- HH 5mg-L-02102024-Q=50.25mL-phút-3,U200-H5-VS2-27.09.2024,0,11,,338.00732,5418.0,267.6,70.40732,1
U200-H5-VS2-GGA10- HH 5mg-L-02102024-Q=50.25mL-phút-3,U200-H5-VS2-27.09.2024,0,12,,339.35854,5889.0,267.3,72.05854,1
U200-H5-VS2-GGA10- HH 5mg-L-02102024-Q=50.25mL-phút-3,U200-H5-VS2-27.09.2024,0,13,,339.87073,6364.0,269.2,70.67073,2
U200-H5-VS2-GGA10- HH 5mg-L-02102024-Q=50.25mL-phút-3,U200-H5-VS2-27.09.2024,0,14,,338.30976,6838.0,267.6,70.70976,2
U200-H5-VS2-GGA20- Zn(II)10-Cr(VI)-15-Ni(II) 15mg-L-02102024-Q=50.3mL-phút-4,U200-H5-VS2-27.09.2024,1,0,GGA20,330.52571,301.0,260.50001,70.0257,0
U200-H5-VS2-GGA20- Zn(II)10-Cr(VI)-15-Ni(II) 15mg-L-02102024-Q=50.3mL-phút-4,U200-H5-VS2-27.09.2024,1,1,,333.625,776.0,260.89999,72.72501,0
U200-H5-VS2-GGA20- Zn(II)10-Cr(VI)-15-Ni(II) 15mg-L-02102024-Q=50.3mL-phút-4,U200-H5-VS2-27.09.2024,1,2,,328.66286,1248.0,257.2,71.46286,0
U200-H5-VS2-GGA20- Zn(II)10-Cr(VI)-15-Ni(II) 15mg-L-02102024-Q=50.3mL-phút-4,U200-H5-VS2-27.09.2024,1,3,,326.11143,1721.0,253.8,72.31143,0
U200-H5-VS2-GGA20- Zn(II)10-Cr(VI)-15-Ni(II) 15mg-L-02102024-Q=50.3mL-phút-4,U200-H5-VS2-27.09.2024,1,4,,330.55,2194.0,257.7,72.85,0
U200-H5-VS2-GGA20- Zn(II)10-Cr(VI)-15-Ni(II) 15mg-L-02102024-Q=50.3mL-phút-4,U200-H5-VS2-27.09.2024,1,5,,332.25429,2668.0,261.09999,71.1543,0
U200-H5-VS2-GGA20- Zn(II)10-Cr(VI)-15-Ni(II) 15mg-L-02102024-Q=50.3mL-phút-4,U200-H5-VS2-27.09.2024,1,6,GGA20-Zn10-Cr15-Ni15,332.61667,3142.0,256.90001,75.71666,1
U200-H5-VS2-GGA20- Zn(II)10-Cr(VI)-15-Ni(II) 15mg-L-02102024-Q=50.3mL-phút-4,U200-H5-VS2-27.09.2024,1,7,,325.56111,3613.0,251.1,74.46111,1
U200-H5-VS2-GGA20- Zn(II)10-Cr(VI)-15-Ni(II) 15mg-L-02102024-Q=50.3mL-phút-4,U200-H5-VS2-27.09.2024,1,8,,327.70278,4086.0,259.79999,67.90279,1
U200-H5-VS2-GGA20- Zn(II)10-Cr(VI)-15-Ni(II) 15mg-L-02102024-Q=50.3mL-phút-4,U200-H5-VS2-27.09.2024,1,9,,332.47714,4560.0,261.09999,71.37715,1
U200-H5-VS2-GGA20- Zn(II)10-Cr(VI)-15-Ni(II) 15mg-L-02102024-Q=50.3mL-phút-4,U200-H5-VS2-27.09.2024,1,10,,329.76389,5036.0,262.10001,67.66388,1
U200-H5-VS2-GGA20- Zn(II)10-Cr(VI)-15-Ni(II) 15mg-L-02102024-Q=50.3mL-phút-4,U200-H5-VS2-27.09.2024,1,11,,319.0027,5505.0,256.8,62.2027,1
U200-H5-VS2-GGA20- Zn(II)10-Cr(VI)-15-Ni(II) 15mg-L-02102024-Q=50.3mL-phút-4,U200-H5-VS2-27.09.2024,1,12,,314.89143,5981.0,252.60001,62.29142,1
U200-H5-VS2-GGA20- Zn(II)10-Cr(VI)-15-Ni(II) 15mg-L-02102024-Q=50.3mL-phút-4,U200-H5-VS2-27.09.2024,1,13,,309.82,6453.0,251.6,58.22,2
U200-H5-VS2-GGA20- Zn(II)10-Cr(VI)-15-Ni(II) 15mg-L-02102024-Q=50.3mL-phút-4,U200-H5-VS2-27.09.2024,1,14,,308.36,6929.0,250.29999,58.06001,2
U200-H5-VS2-GGA20- Zn(II)10-Cr(VI)-15-Ni(II) 15mg-L-02102024-Q=50.3mL-phút-4,U200-H5-VS2-27.09.2024,1,15,,307.13714,7400.0,248.60001,58.53713,2
U201-H6-VS2-GGA20- HH 5mg-L-02102024-Q=50.34mL-phút-3,U201-H6-VS2-27.09.2024,0,0,GGA20,334.50645,301.0,301.8,32.70645,0
U201-H6-VS2-GGA20- HH 5mg-L-02102024-Q=50.34mL-phút-3,U201-H6-VS2-27.09.2024,0,1,,334.97419,776.0,298.7,36.27419,0
U201-H6-VS2-GGA20- HH 5mg-L-02102024-Q=50.34mL-phút-3,U201-H6-VS2-27.09.2024,0,2,,336.31935,1245.0,303.9,32.41935,0
U201-H6-VS2-GGA20- HH 5mg-L-02102024-Q=50.34mL-phút-3,U201-H6-VS2-27.09.2024,0,3,,333.66774,1719.0,303.5,30.16774,0
U201-H6-VS2-GGA20- HH 5mg-L-02102024-Q=50.34mL-phút-3,U201-H6-VS2-27.09.2024,0,4,,333.03226,2190.0,303.0,30.03226,0
U201-H6-VS2-GGA20- HH 5mg-L-02102024-Q=50.34mL-phút-3,U201-H6-VS2-27.09.2024,0,5,,338.35161,2661.0,306.6,31.75161,1
U201-H6-VS2-GGA20- HH 5mg-L-02102024-Q=50.34mL-phút-3,U201-H6-VS2-27.09.2024,0,6,,336.9129,3133.0,305.9,31.0129,1
U201-H6-VS2-GGA20- HH 5mg-L-02102024-Q=50.34mL-phút-3,U201-H6-VS2-27.09.2024,0,7,GGA20-HH5,335.27576,3610.0,306.3,28.97576,1
U201-H6-VS2-GGA20- HH 5mg-L-02102024-Q=50.34mL-phút-3,U201-H6-VS2-27.09.2024,0,8,,333.09677,4084.0,306.0,27.09677,1
U201-H6-VS2-GGA20- HH 5mg-L-02102024-Q=50.34mL-phút-3,U201-H6-VS2-27.09.2024,0,9,,326.3,4557.0,300.3,26.0,1
U201-H6-VS2-GGA20- HH 5mg-L-02102024-Q=50.34mL-phút-3,U201-H6-VS2-27.09.2024,0,10,,326.26129,5031.0,302.2,24.06129,1
U201-H6-VS2-GGA20- HH 5mg-L-02102024-Q=50.34mL-phút-3,U201-H6-VS2-27.09.2024,0,11,,327.40323,5502.0,296.9,30.50323,1
U201-H6-VS2-GGA20- HH 5mg-L-02102024-Q=50.34mL-phút-3,U201-H6-VS2-27.09.2024,0,12,,329.03226,5973.0,302.8,26.23226,2
U201-H6-VS2-GGA20- HH 5mg-L-02102024-Q=50.34mL-phút-3,U201-H6-VS2-27.09.2024,0,13,,328.32424,6453.0,302.4,25.92424,2
U201-H6-VS2-GGA20- HH 5mg-L-02102024-Q=50.34mL-phút-3,U201-H6-VS2-27.09.2024,0,14,,327.13871,6925.0,300.8,26.33871,2
U201-H6-VS2-GGA20- Zn(II) 5-Cr(VI) 10-Ni(II) 15 mg-L-02102024-Q=50.41mL-phút-1,U201-H6-VS2-27.09.2024,1,0,GGA20,328.40645,301.0,299.7,28.70645,0
U201-H6-VS2-GGA20- Zn(II) 5-Cr(VI) 10-Ni(II) 15 mg-L-02102024-Q=50.41mL-phút-1,U201-H6-VS2-27.09.2024,1,1,,327.96129,772.0,299.2,28.76129,0
U201-H6-VS2-GGA20- Zn(II) 5-Cr(VI) 10-Ni(II) 15 mg-L-02102024-Q=50.41mL-phút-1,U201-H6-VS2-27.09.2024,1,2,,329.21935,1247.0,300.5,28.71935,0
U201-H6-VS2-GGA20- Zn(II) 5-Cr(VI) 10-Ni(II) 15 mg-L-02102024-Q=50.41mL-phút-1,U201-H6-VS2-27.09.2024,1,3,,330.16774,1724.0,301.1,29.06774,0
U201-H6-VS2-GGA20- Zn(II) 5-Cr(VI) 10-Ni(II) 15 mg-L-02102024-Q=50.41mL-phút-1,U201-H6-VS2-27.09.2024,1,4,,331.82581,2196.0,302.8,29.02581,0
U201-H6-VS2-GGA20- Zn(II) 5-Cr(VI) 10-Ni(II) 15 mg-L-02102024-Q=50.41mL-phút-1,U201-H6-VS2-27.09.2024,1,5,,327.51935,2668.0,298.4,29.11935,0
U201-H6-VS2-GGA20- Zn(II) 5-Cr(VI) 10-Ni(II) 15 mg-L-02102024-Q=50.41mL-phút-1,U201-H6-VS2-27.09.2024,1,6,,332.76774,3147.0,300.1,32.66774,1
U201-H6-VS2-GGA20- Zn(II) 5-Cr(VI) 10-Ni(II) 15 mg-L-02102024-Q=50.41mL-phút-1,U201-H6-VS2-27.09.2024,1,7,GGA20-Zn5-Cr10-Ni15,325.65161,3623.0,297.89999,27.75162,1
U201-H6-VS2-GGA20- Zn(II) 5-Cr(VI) 10-Ni(II) 15 mg-L-02102024-Q=50.41mL-phút-1,U201-H6-VS2-27.09.2024,1,8,,317.84193,4096.0,293.19999,24.64194,2
U201-H6-VS2-GGA20- Zn(II) 5-Cr(VI) 10-Ni(II) 15 mg-L-02102024-Q=50.41mL-phút-1,U201-H6-VS2-27.09.2024,1,9,,324.37097,4566.0,299.29999,25.07098,2
U201-H6-VS2-GGA20- Zn(II) 5-Cr(VI) 10-Ni(II) 15 mg-L-02102024-Q=50.41mL-phút-1,U201-H6-VS2-27.09.2024,1,10,,326.07742,5045.0,300.90001,25.17741,2
U201-H6-VS2-GGA20- HH 15mg-L-02102024-Q=49.96mL-phút-2,U201-H6-VS2-27.09.2024,2,0,GGA20,327.44839,301.0,303.40001,24.04838,0
U201-H6-VS2-GGA20- HH 15mg-L-02102024-Q=49.96mL-phút-2,U201-H6-VS2-27.09.2024,2,1,,329.41935,776.0,304.89999,24.51936,0
U201-H6-VS2-GGA20- HH 15mg-L-02102024-Q=49.96mL-phút-2,U201-H6-VS2-27.09.2024,2,2,,323.43871,1247.0,299.80001,23.6387,0
U201-H6-VS2-GGA20- HH 15mg-L-02102024-Q=49.96mL-phút-2,U201-H6-VS2-27.09.2024,2,3,,319.95806,1721.0,298.5,21.45806,0
U201-H6-VS2-GGA20- HH 15mg-L-02102024-Q=49.96mL-phút-2,U201-H6-VS2-27.09.2024,2,4,,324.85152,2193.0,300.70001,24.15151,0
U201-H6-VS2-GGA20- HH 15mg-L-02102024-Q=49.96mL-phút-2,U201-H6-VS2-27.09.2024,2,5,,327.59677,2667.0,304.69999,22.89678,0
U201-H6-VS2-GGA20- HH 15mg-L-02102024-Q=49.96mL-phút-2,U201-H6-VS2-27.09.2024,2,6,GGA20-HH15,330.49032,3141.0,299.29999,31.19033,1
U201-H6-VS2-GGA20- HH 15mg-L-02102024-Q=49.96mL-phút-2,U201-H6-VS2-27.09.2024,2,7,,321.07097,3614.0,295.50001,25.57096,1
U201-H6-VS2-GGA20- HH 15mg-L-02102024-Q=49.96mL-phút-2,U201-H6-VS2-27.09.2024,2,8,,322.525,4087.0,298.00001,24.52499,1
U201-H6-VS2-GGA20- HH 15mg-L-02102024-Q=49.96mL-phút-2,U201-H6-VS2-27.09.2024,2,9,,327.03636,4559.0,299.2,27.83636,1
U201-H6-VS2-GGA20- HH 15mg-L-02102024-Q=49.96mL-phút-2,U201-H6-VS2-27.09.2024,2,10,,319.02903,5035.0,292.29999,26.72904,1
U201-H6-VS2-GGA20- HH 15mg-L-02102024-Q=49.96mL-phút-2,U201-H6-VS2-27.09.2024,2,11,,307.20646,5508.0,285.10001,22.10645,1
U201-H6-VS2-GGA20- HH 15mg-L-02102024-Q=49.96mL-phút-2,U201-H6-VS2-27.09.2024,2,12,,301.27419,5981.0,281.30001,19.97418,1
U201-H6-VS2-GGA20- HH 15mg-L-02102024-Q=49.96mL-phút-2,U201-H6-VS2-27.09.2024,2,13,,297.475,6450.0,279.1,18.375,2
U201-H6-VS2-GGA20- HH 15mg-L-02102024-Q=49.96mL-phút-2,U201-H6-VS2-27.09.2024,2,14,,295.58387,6930.0,277.59999,17.98388,2
U201-H6-VS2-GGA20- HH 15mg-L-02102024-Q=49.96mL-phút-2,U201-H6-VS2-27.09.2024,2,15,,294.3,7402.0,276.10001,18.19999,2
U202-H5-VS2-GGA20- HH 5mg-L-03102024-Q=50.41mL-phút-4,U202-H5-VS2-01.10.2024,0,0,GGA20,299.77805,301.0,226.79999,72.97806,0
U202-H5-VS2-GGA20- HH 5mg-L-03102024-Q=50.41mL-phút-4,U202-H5-VS2-01.10.2024,0,1,,299.73659,774.0,227.50001,72.23658,0
U202-H5-VS2-GGA20- HH 5mg-L-03102024-Q=50.41mL-phút-4,U202-H5-VS2-01.10.2024,0,2,,299.17561,1248.0,223.6,75.57561,0
U202-H5-VS2-GGA20- HH 5mg-L-03102024-Q=50.41mL-phút-4,U202-H5-VS2-01.10.2024,0,3,,299.89756,1721.0,227.2,72.69756,0
U202-H5-VS2-GGA20- HH 5mg-L-03102024-Q=50.41mL-phút-4,U202-H5-VS2-01.10.2024,0,4,,300.31707,2195.0,225.6,74.71707,0
U202-H5-VS2-GGA20- HH 5mg-L-03102024-Q=50.41mL-phút-4,U202-H5-VS2-01.10.2024,0,5,,296.36342,2669.0,231.90001,64.46341,1
U202-H5-VS2-GGA20- HH 5mg-L-03102024-Q=50.41mL-phút-4,U202-H5-VS2-01.10.2024,0,6,GGA20-HH5,297.22439,3143.0,238.00001,59.22438,1
U202-H5-VS2-GGA20- HH 5mg-L-03102024-Q=50.41mL-phút-4,U202-H5-VS2-01.10.2024,0,7,,290.49024,3614.0,235.2,55.29024,1
U202-H5-VS2-GGA20- HH 5mg-L-03102024-Q=50.41mL-phút-4,U202-H5-VS2-01.10.2024,0,8,,291.45122,4090.0,231.90001,59.55121,1
U202-H5-VS2-GGA20- HH 5mg-L-03102024-Q=50.41mL-phút-4,U202-H5-VS2-01.10.2024,0,9,,290.87442,4562.0,234.4,56.47442,1
U202-H5-VS2-GGA20- HH 5mg-L-03102024-Q=50.41mL-phút-4,U202-H5-VS2-01.10.2024,0,10,,292.55366,5037.0,235.1,57.45366,1
U202-H5-VS2-GGA20- HH 5mg-L-03102024-Q=50.41mL-phút-4,U202-H5-VS2-01.10.2024,0,11,,283.72195,5512.0,231.3,52.42195,2
U202-H5-VS2-GGA20- HH 5mg-L-03102024-Q=50.41mL-phút-4,U202-H5-VS2-01.10.2024,0,12,,282.51951,5982.0,229.6,52.91951,2
U202-H5-VS2-GGA20- Zn(II) 10-Cr(VI) 5-Ni(II) 15mg-L-03102024-Q=50.12mL-phút-1,U202-H5-VS2-01.10.2024,1,0,GGA20,325.27073,301.0,262.10001,63.17072,0
U202-H5-VS2-GGA20- Zn(II) 10-Cr(VI) 5-Ni(II) 15mg-L-03102024-Q=50.12mL-phút-1,U202-H5-VS2-01.10.2024,1,1,,329.03902,776.0,266.29999,62.73903,0
U202-H5-VS2-GGA20- Zn(II) 10-Cr(VI) 5-Ni(II) 15mg-L-03102024-Q=50.12mL-phút-1,U202-H5-VS2-01.10.2024,1,2,,329.0439,1247.0,264.80001,64.24389,0
U202-H5-VS2-GGA20- Zn(II) 10-Cr(VI) 5-Ni(II) 15mg-L-03102024-Q=50.12mL-phút-1,U202-H5-VS2-01.10.2024,1,3,,326.17561,1726.0,264.09999,62.07562,0
U202-H5-VS2-GGA20- Zn(II) 10-Cr(VI) 5-Ni(II) 15mg-L-03102024-Q=50.12mL-phút-1,U202-H5-VS2-01.10.2024,1,4,GGA20-Zn10-Cr5-Ni15,332.20732,2196.0,265.8,66.40732,1
U202-H5-VS2-GGA20- Zn(II) 10-Cr(VI) 5-Ni(II) 15mg-L-03102024-Q=50.12mL-phút-1,U202-H5-VS2-01.10.2024,1,5,,330.65349,2671.0,265.1,65.55349,1
U202-H5-VS2-GGA20- Zn(II) 10-Cr(VI) 5-Ni(II) 15mg-L-03102024-Q=50.12mL-phút-1,U202-H5-VS2-01.10.2024,1,6,,321.78367,3144.0,261.59999,60.18368,1
U202-H5-VS2-GGA20- Zn(II) 10-Cr(VI) 5-Ni(II) 15mg-L-03102024-Q=50.12mL-phút-1,U202-H5-VS2-01.10.2024,1,7,,317.86122,3617.0,258.70001,59.16121,1
U202-H5-VS2-GGA20- Zn(II) 10-Cr(VI) 5-Ni(II) 15mg-L-03102024-Q=50.12mL-phút-1,U202-H5-VS2-01.10.2024,1,8,,323.82653,4090.0,263.8,60.02653,1
U202-H5-VS2-GGA20- Zn(II) 10-Cr(VI) 5-Ni(II) 15mg-L-03102024-Q=50.12mL-phút-1,U202-H5-VS2-01.10.2024,1,9,,338.18367,4564.0,278.69999,59.48368,2
U202-H5-VS2-GGA20- Zn(II) 10-Cr(VI) 5-Ni(II) 15mg-L-03102024-Q=50.12mL-phút-1,U202-H5-VS2-01.10.2024,1,10,,338.68163,5037.0,278.9,59.78163,2
U202-H5-VS2-GGA20- Zn(II) 10-Cr(VI) 15-Ni(II) 15mg-L-03102024-Q=50.28mL-phút-2,U202-H5-VS2-01.10.2024,2,0,GGA15,329.41633,301.0,268.20001,61.21632,0
U202-H5-VS2-GGA20- Zn(II) 10-Cr(VI) 15-Ni(II) 15mg-L-03102024-Q=50.28mL-phút-2,U202-H5-VS2-01.10.2024,2,1,,335.02353,774.0,269.89999,65.12354,0
U202-H5-VS2-GGA20- Zn(II) 10-Cr(VI) 15-Ni(II) 15mg-L-03102024-Q=50.28mL-phút-2,U202-H5-VS2-01.10.2024,2,2,,339.14082,1249.0,274.10001,65.04081,0
U202-H5-VS2-GGA20- Zn(II) 10-Cr(VI) 15-Ni(II) 15mg-L-03102024-Q=50.28mL-phút-2,U202-H5-VS2-01.10.2024,2,3,,333.75918,1719.0,274.6,59.15918,0
U202-H5-VS2-GGA20- Zn(II) 10-Cr(VI) 15-Ni(II) 15mg-L-03102024-Q=50.28mL-phút-2,U202-H5-VS2-01.10.2024,2,4,,324.626,2195.0,267.19999,57.42601,0
U202-H5-VS2-GGA20- Zn(II) 10-Cr(VI) 15-Ni(II) 15mg-L-03102024-Q=50.28mL-phút-2,U202-H5-VS2-01.10.2024,2,5,,323.86939,2667.0,268.3,55.56939,0
U202-H5-VS2-GGA20- Zn(II) 10-Cr(VI) 15-Ni(II) 15mg-L-03102024-Q=50.28mL-phút-2,U202-H5-VS2-01.10.2024,2,6,,331.5551,3139.0,272.00001,59.55509,0
U202-H5-VS2-GGA20- Zn(II) 10-Cr(VI) 15-Ni(II) 15mg-L-03102024-Q=50.28mL-phút-2,U202-H5-VS2-01.10.2024,2,7,GGA20-Zn10-Cr15-Ni15,341.948,3613.0,275.99999,65.94801,1
U202-H5-VS2-GGA20- Zn(II) 10-Cr(VI) 15-Ni(II) 15mg-L-03102024-Q=50.28mL-phút-2,U202-H5-VS2-01.10.2024,2,8,,338.24706,4086.0,274.19999,64.04707,1
U202-H5-VS2-GGA20- Zn(II) 10-Cr(VI) 15-Ni(II) 15mg-L-03102024-Q=50.28mL-phút-2,U202-H5-VS2-01.10.2024,2,9,,329.90204,4562.0,271.49999,58.40205,1
U202-H5-VS2-GGA20- Zn(II) 10-Cr(VI) 15-Ni(II) 15mg-L-03102024-Q=50.28mL-phút-2,U202-H5-VS2-01.10.2024,2,10,,326.21224,5035.0,272.1,54.11224,1
U202-H5-VS2-GGA20- Zn(II) 10-Cr(VI) 15-Ni(II) 15mg-L-03102024-Q=50.28mL-phút-2,U202-H5-VS2-01.10.2024,2,11,,326.07755,5509.0,268.7,57.37755,1
U202-H5-VS2-GGA20- Zn(II) 10-Cr(VI) 15-Ni(II) 15mg-L-03102024-Q=50.28mL-phút-2,U202-H5-VS2-01.10.2024,2,12,,322.938,5983.0,266.60001,56.33799,1
U202-H5-VS2-GGA20- Zn(II) 10-Cr(VI) 15-Ni(II) 15mg-L-03102024-Q=50.28mL-phút-2,U202-H5-VS2-01.10.2024,2,13,,318.78775,6454.0,267.4,51.38775,2
U202-H5-VS2-GGA20- Zn(II) 10-Cr(VI) 15-Ni(II) 15mg-L-03102024-Q=50.28mL-phút-2,U202-H5-VS2-01.10.2024,2,14,,316.63061,6928.0,263.8,52.83061,2
U203-H6-VS2-GGA20- HH 5mg-L-03102024-Q=50.24mL-phút-5,U203-H6-VS2-01.10.2024,0,0,GGA20,361.2566,301.0,302.89999,58.35661,0
U203-H6-VS2-GGA20- HH 5mg-L-03102024-Q=50.24mL-phút-5,U203-H6-VS2-01.10.2024,0,1,,359.54151,773.0,301.60001,57.9415,0
U203-H6-VS2-GGA20- HH 5mg-L-03102024-Q=50.24mL-phút-5,U203-H6-VS2-01.10.2024,0,2,,360.55094,1247.0,303.20001,57.35093,0
U203-H6-VS2-GGA20- HH 5mg-L-03102024-Q=50.24mL-phút-5,U203-H6-VS2-01.10.2024,0,3,,363.06226,1719.0,301.60001,61.46225,0
U203-H6-VS2-GGA20- HH 5mg-L-03102024-Q=50.24mL-phút-5,U203-H6-VS2-01.10.2024,0,4,,360.90189,2193.0,300.3,60.60189,0
U203-H6-VS2-GGA20- HH 5mg-L-03102024-Q=50.24mL-phút-5,U203-H6-VS2-01.10.2024,0,5,GGA20-HH5,356.12909,2668.0,300.59999,55.5291,1
U203-H6-VS2-GGA20- HH 5mg-L-03102024-Q=50.24mL-phút-5,U203-H6-VS2-01.10.2024,0,6,,353.34528,3144.0,306.2,47.14528,1
U203-H6-VS2-GGA20- HH 5mg-L-03102024-Q=50.24mL-phút-5,U203-H6-VS2-01.10.2024,0,7,,352.71698,3617.0,308.09999,44.61699,1
U203-H6-VS2-GGA20- HH 5mg-L-03102024-Q=50.24mL-phút-5,U203-H6-VS2-01.10.2024,0,8,,351.61132,4086.0,307.59999,44.01133,1
U203-H6-VS2-GGA20- HH 5mg-L-03102024-Q=50.24mL-phút-5,U203-H6-VS2-01.10.2024,0,9,,350.32264,4561.0,308.60001,41.72263,1
U203-H6-VS2-GGA20- HH 5mg-L-03102024-Q=50.24mL-phút-5,U203-H6-VS2-01.10.2024,0,10,,346.14528,5036.0,306.2,39.94528,2
U203-H6-VS2-GGA20- HH 5mg-L-03102024-Q=50.24mL-phút-5,U203-H6-VS2-01.10.2024,0,11,,343.86604,5505.0,305.20001,38.66603,2
U203-H6-VS2-GGA20- Zn(II) 10-Cr(VI) 5-Ni(II) 15mg-L-03102024-Q=50.24mL-phút-2,U203-H6-VS2-01.10.2024,1,0,GGA20,347.95094,301.0,305.90001,42.05093,0
U203-H6-VS2-GGA20- Zn(II) 10-Cr(VI) 5-Ni(II) 15mg-L-03102024-Q=50.24mL-phút-2,U203-H6-VS2-01.10.2024,1,1,,353.41321,769.0,311.50001,41.9132,0
U203-H6-VS2-GGA20- Zn(II) 10-Cr(VI) 5-Ni(II) 15mg-L-03102024-Q=50.24mL-phút-2,U203-H6-VS2-01.10.2024,1,2,,357.86727,1246.0,317.40001,40.46726,0
U203-H6-VS2-GGA20- Zn(II) 10-Cr(VI) 5-Ni(II) 15mg-L-03102024-Q=50.24mL-phút-2,U203-H6-VS2-01.10.2024,1,3,,362.69245,1718.0,319.3,43.39245,0
U203-H6-VS2-GGA20- Zn(II) 10-Cr(VI) 5-Ni(II) 15mg-L-03102024-Q=50.24mL-phút-2,U203-H6-VS2-01.10.2024,1,4,,364.08302,2192.0,320.80001,43.28301,0
U203-H6-VS2-GGA20- Zn(II) 10-Cr(VI) 5-Ni(II) 15mg-L-03102024-Q=50.24mL-phút-2,U203-H6-VS2-01.10.2024,1,5,,366.25849,2671.0,322.29999,43.9585,0
U203-H6-VS2-GGA20- Zn(II) 10-Cr(VI) 5-Ni(II) 15mg-L-03102024-Q=50.24mL-phút-2,U203-H6-VS2-01.10.2024,1,6,,367.10377,3142.0,324.9,42.20377,0
U203-H6-VS2-GGA20- Zn(II) 10-Cr(VI) 5-Ni(II) 15mg-L-03102024-Q=50.24mL-phút-2,U203-H6-VS2-01.10.2024,1,7,GGA20-Zn10-Cr5-Ni15,373.59811,3612.0,323.8,49.79811,1
U203-H6-VS2-GGA20- Zn(II) 10-Cr(VI) 5-Ni(II) 15mg-L-03102024-Q=50.24mL-phút-2,U203-H6-VS2-01.10.2024,1,8,,370.16226,4086.0,327.2,42.96226,1
U203-H6-VS2-GGA20- Zn(II) 10-Cr(VI) 5-Ni(II) 15mg-L-03102024-Q=50.24mL-phút-2,U203-H6-VS2-01.10.2024,1,9,,366.90727,4561.0,322.4,44.50727,1
U203-H6-VS2-GGA20- Zn(II) 10-Cr(VI) 5-Ni(II) 15mg-L-03102024-Q=50.24mL-phút-2,U203-H6-VS2-01.10.2024,1,10,,362.03207,5035.0,321.20001,40.83206,1
U203-H6-VS2-GGA20- Zn(II) 10-Cr(VI) 5-Ni(II) 15mg-L-03102024-Q=50.24mL-phút-2,U203-H6-VS2-01.10.2024,1,11,,354.00566,5509.0,316.39999,37.60567,1
U203-H6-VS2-GGA20- Zn(II) 10-Cr(VI) 5-Ni(II) 15mg-L-03102024-Q=50.24mL-phút-2,U203-H6-VS2-01.10.2024,1,12,,348.01698,5982.0,314.3,33.71698,2
U203-H6-VS2-GGA20- Zn(II) 10-Cr(VI) 5-Ni(II) 15mg-L-03102024-Q=50.24mL-phút-2,U203-H6-VS2-01.10.2024,1,13,,353.51132,6453.0,320.80001,32.71131,2
U203-H6-VS2-GGA20- Zn(II) 10-Cr(VI) 5-Ni(II) 15mg-L-03102024-Q=50.24mL-phút-2,U203-H6-VS2-01.10.2024,1,14,,357.86415,6925.0,324.09999,33.76416,2
U203-H6-VS2-GGA20- Zn(II) 5-Cr(VI) 15-Ni(II) 15mg-L-03102024-Q=49.8mL-phút-1,U203-H6-VS2-01.10.2024,2,0,GGA20,357.72264,301.0,322.29999,35.42265,0
U203-H6-VS2-GGA20- Zn(II) 5-Cr(VI) 15-Ni(II) 15mg-L-03102024-Q=49.8mL-phút-1,U203-H6-VS2-01.10.2024,2,1,,353.60204,780.0,318.4,35.20204,0
U203-H6-VS2-GGA20- Zn(II) 5-Cr(VI) 15-Ni(II) 15mg-L-03102024-Q=49.8mL-phút-1,U203-H6-VS2-01.10.2024,2,2,,345.08367,1259.0,308.49999,36.58368,0
U203-H6-VS2-GGA20- Zn(II) 5-Cr(VI) 15-Ni(II) 15mg-L-03102024-Q=49.8mL-phút-1,U203-H6-VS2-01.10.2024,2,3,,343.63469,1729.0,310.0,33.63469,0
U203-H6-VS2-GGA20- Zn(II) 5-Cr(VI) 15-Ni(II) 15mg-L-03102024-Q=49.8mL-phút-1,U203-H6-VS2-01.10.2024,2,4,,350.11837,2206.0,315.29999,34.81838,0
U203-H6-VS2-GGA20- Zn(II) 5-Cr(VI) 15-Ni(II) 15mg-L-03102024-Q=49.8mL-phút-1,U203-H6-VS2-01.10.2024,2,5,GGA20-Zn5-Cr15-Ni15,355.60612,2673.0,319.90001,35.70611,1
U203-H6-VS2-GGA20- Zn(II) 5-Cr(VI) 15-Ni(II) 15mg-L-03102024-Q=49.8mL-phút-1,U203-H6-VS2-01.10.2024,2,6,,350.39616,3152.0,314.59999,35.79617,1
U203-H6-VS2-GGA20- Zn(II) 5-Cr(VI) 15-Ni(II) 15mg-L-03102024-Q=49.8mL-phút-1,U203-H6-VS2-01.10.2024,2,7,,350.45714,3622.0,310.79999,39.65715,1
U203-H6-VS2-GGA20- Zn(II) 5-Cr(VI) 15-Ni(II) 15mg-L-03102024-Q=49.8mL-phút-1,U203-H6-VS2-01.10.2024,2,8,,340.29388,4095.0,305.7,34.59388,1
U203-H6-VS2-GGA20- Zn(II) 5-Cr(VI) 15-Ni(II) 15mg-L-03102024-Q=49.8mL-phút-1,U203-H6-VS2-01.10.2024,2,9,,335.28164,4566.0,302.50001,32.78163,1
U203-H6-VS2-GGA20- Zn(II) 5-Cr(VI) 15-Ni(II) 15mg-L-03102024-Q=49.8mL-phút-1,U203-H6-VS2-01.10.2024,2,10,,336.48367,5045.0,306.6,29.88367,1
U203-H6-VS2-GGA20- Zn(II) 5-Cr(VI) 15-Ni(II) 15mg-L-03102024-Q=49.8mL-phút-1,U203-H6-VS2-01.10.2024,2,11,,326.80816,5518.0,301.40001,25.40815,1
U203-H6-VS2-GGA20- Zn(II) 5-Cr(VI) 15-Ni(II) 15mg-L-03102024-Q=49.8mL-phút-1,U203-H6-VS2-01.10.2024,2,12,,324.86123,5989.0,298.5,26.36123,1
U203-H6-VS2-GGA20- Zn(II) 5-Cr(VI) 15-Ni(II) 15mg-L-03102024-Q=49.8mL-phút-1,U203-H6-VS2-01.10.2024,2,13,,321.60981,6460.0,293.19999,28.40982,1
U203-H6-VS2-GGA20- Zn(II) 5-Cr(VI) 15-Ni(II) 15mg-L-03102024-Q=49.8mL-phút-1,U203-H6-VS2-01.10.2024,2,14,,319.77755,6938.0,294.9,24.87755,2
U203-H6-VS2-GGA20- Zn(II) 5-Cr(VI) 15-Ni(II) 15mg-L-03102024-Q=49.8mL-phút-1,U203-H6-VS2-01.10.2024,2,15,,319.02745,7410.0,293.50001,25.52744,2
U204-H5-VS2-GGA20- Zn(II) 5-Cr(VI) 10-Ni(II) 10mg-L-04102024-Q=50mL-phút-1,U204-H5-VS2-02.10.2024,0,0,GGA20,295.03333,301.0,231.5,63.53333,0
U204-H5-VS2-GGA20- Zn(II) 5-Cr(VI) 10-Ni(II) 10mg-L-04102024-Q=50mL-phút-1,U204-H5-VS2-02.10.2024,0,1,,299.70208,774.0,233.79999,65.90209,0
U204-H5-VS2-GGA20- Zn(II) 5-Cr(VI) 10-Ni(II) 10mg-L-04102024-Q=50mL-phút-1,U204-H5-VS2-02.10.2024,0,2,,306.51875,1248.0,236.6,69.91875,0
U204-H5-VS2-GGA20- Zn(II) 5-Cr(VI) 10-Ni(II) 10mg-L-04102024-Q=50mL-phút-1,U204-H5-VS2-02.10.2024,0,3,,315.81875,1724.0,242.0,73.81875,0
U204-H5-VS2-GGA20- Zn(II) 5-Cr(VI) 10-Ni(II) 10mg-L-04102024-Q=50mL-phút-1,U204-H5-VS2-02.10.2024,0,4,,318.972,2194.0,243.8,75.172,0
U204-H5-VS2-GGA20- Zn(II) 5-Cr(VI) 10-Ni(II) 10mg-L-04102024-Q=50mL-phút-1,U204-H5-VS2-02.10.2024,0,5,GGA20-Zn5-Cr10-Ni10,320.86842,2670.0,245.90001,74.96841,1
U204-H5-VS2-GGA20- Zn(II) 5-Cr(VI) 10-Ni(II) 10mg-L-04102024-Q=50mL-phút-1,U204-H5-VS2-02.10.2024,0,6,,317.09481,3147.0,254.90001,62.1948,1
U204-H5-VS2-GGA20- Zn(II) 5-Cr(VI) 10-Ni(II) 10mg-L-04102024-Q=50mL-phút-1,U204-H5-VS2-02.10.2024,0,7,,330.56364,3614.0,257.9,72.66364,1
U204-H5-VS2-GGA20- Zn(II) 5-Cr(VI) 10-Ni(II) 10mg-L-04102024-Q=50mL-phút-1,U204-H5-VS2-02.10.2024,0,8,,328.67091,4088.0,263.1,65.57091,1
U204-H5-VS2-GGA20- Zn(II) 5-Cr(VI) 10-Ni(II) 10mg-L-04102024-Q=50mL-phút-1,U204-H5-VS2-02.10.2024,0,9,,329.78909,4563.0,262.49999,67.2891,1
U204-H5-VS2-GGA20- Zn(II) 5-Cr(VI) 10-Ni(II) 10mg-L-04102024-Q=50mL-phút-1,U204-H5-VS2-02.10.2024,0,10,,325.20182,5037.0,259.79999,65.40183,1
U204-H5-VS2-GGA20- Zn(II) 5-Cr(VI) 10-Ni(II) 10mg-L-04102024-Q=50mL-phút-1,U204-H5-VS2-02.10.2024,0,11,,325.61111,5512.0,261.09999,64.51112,1
U204-H5-VS2-GGA20- Zn(II) 5-Cr(VI) 10-Ni(II) 10mg-L-04102024-Q=50mL-phút-1,U204-H5-VS2-02.10.2024,0,12,,326.8,5984.0,263.20001,63.59999,1
U204-H5-VS2-GGA20- Zn(II) 5-Cr(VI) 10-Ni(II) 10mg-L-04102024-Q=50mL-phút-1,U204-H5-VS2-02.10.2024,0,13,,330.68546,6456.0,270.70001,59.98545,2
U204-H5-VS2-GGA20- Zn(II) 5-Cr(VI) 10-Ni(II) 10mg-L-04102024-Q=50mL-phút-1,U204-H5-VS2-02.10.2024,0,14,,331.23454,6931.0,269.2,62.03454,2
U204-H5-VS2-GGA20- Zn(II) 10-Cr(VI) 15-Ni(II) 15mg-L-04102024-Q=49.94mL-phút-2,U204-H5-VS2-02.10.2024,1,0,GGA20,331.69637,301.0,270.1,61.59637,0
U204-H5-VS2-GGA20- Zn(II) 10-Cr(VI) 15-Ni(II) 15mg-L-04102024-Q=49.94mL-phút-2,U204-H5-VS2-02.10.2024,1,1,,330.94,774.0,270.90001,60.03999,0
U204-H5-VS2-GGA20- Zn(II) 10-Cr(VI) 15-Ni(II) 15mg-L-04102024-Q=49.94mL-phút-2,U204-H5-VS2-02.10.2024,1,2,,333.61273,1247.0,275.3,58.31273,0
U204-H5-VS2-GGA20- Zn(II) 10-Cr(VI) 15-Ni(II) 15mg-L-04102024-Q=49.94mL-phút-2,U204-H5-VS2-02.10.2024,1,3,,336.28704,1720.0,275.40001,60.88703,0
U204-H5-VS2-GGA20- Zn(II) 10-Cr(VI) 15-Ni(II) 15mg-L-04102024-Q=49.94mL-phút-2,U204-H5-VS2-02.10.2024,1,4,,336.97818,2194.0,276.6,60.37818,0
U204-H5-VS2-GGA20- Zn(II) 10-Cr(VI) 15-Ni(II) 15mg-L-04102024-Q=49.94mL-phút-2,U204-H5-VS2-02.10.2024,1,5,GGA20-Zn10-Cr15-Ni10,335.26727,2667.0,273.5,61.76727,0
U204-H5-VS2-GGA20- Zn(II) 10-Cr(VI) 15-Ni(II) 15mg-L-04102024-Q=49.94mL-phút-2,U204-H5-VS2-02.10.2024,1,6,,334.8,3140.0,275.7,59.1,0
U204-H5-VS2-GGA20- Zn(II) 10-Cr(VI) 15-Ni(II) 15mg-L-04102024-Q=49.94mL-phút-2,U204-H5-VS2-02.10.2024,1,7,,341.00182,3613.0,275.00001,66.00181,1
U204-H5-VS2-GGA20- Zn(II) 10-Cr(VI) 15-Ni(II) 15mg-L-04102024-Q=49.94mL-phút-2,U204-H5-VS2-02.10.2024,1,8,,336.6963,4087.0,279.19999,57.49631,1
U204-H5-VS2-GGA20- Zn(II) 10-Cr(VI) 15-Ni(II) 15mg-L-04102024-Q=49.94mL-phút-2,U204-H5-VS2-02.10.2024,1,9,,339.97778,4560.0,281.50001,58.47777,1
U204-H5-VS2-GGA20- Zn(II) 10-Cr(VI) 15-Ni(II) 15mg-L-04102024-Q=49.94mL-phút-2,U204-H5-VS2-02.10.2024,1,10,,329.46364,5033.0,270.90001,58.56363,1
U204-H5-VS2-GGA20- Zn(II) 10-Cr(VI) 15-Ni(II) 15mg-L-04102024-Q=49.94mL-phút-2,U204-H5-VS2-02.10.2024,1,11,,323.68364,5506.0,263.8,59.88364,1
U204-H5-VS2-GGA20- Zn(II) 10-Cr(VI) 15-Ni(II) 15mg-L-04102024-Q=49.94mL-phút-2,U204-H5-VS2-02.10.2024,1,12,,323.95455,5979.0,268.99999,54.95456,1
U204-H5-VS2-GGA20- Zn(II) 10-Cr(VI) 15-Ni(II) 15mg-L-04102024-Q=49.94mL-phút-2,U204-H5-VS2-02.10.2024,1,13,,329.24727,6454.0,273.99999,55.24728,2
U204-H5-VS2-GGA20- Zn(II) 10-Cr(VI) 15-Ni(II) 15mg-L-04102024-Q=49.94mL-phút-2,U204-H5-VS2-02.10.2024,1,14,,335.94727,6933.0,280.80001,55.14726,2
U204-H5-VS2-GGA15- HH15 mg-L-04102024-Q=50.18mL-phút-2,U204-H5-VS2-02.10.2024,2,0,GGA20,328.33818,301.0,274.4,53.93818,0
U204-H5-VS2-GGA15- HH15 mg-L-04102024-Q=50.18mL-phút-2,U204-H5-VS2-02.10.2024,2,1,,333.54182,772.0,276.30001,57.24181,0
U204-H5-VS2-GGA15- HH15 mg-L-04102024-Q=50.18mL-phút-2,U204-H5-VS2-02.10.2024,2,2,,332.27963,1248.0,274.30001,57.97962,0
U204-H5-VS2-GGA15- HH15 mg-L-04102024-Q=50.18mL-phút-2,U204-H5-VS2-02.10.2024,2,3,,327.63148,1718.0,272.89999,54.73149,0
U204-H5-VS2-GGA15- HH15 mg-L-04102024-Q=50.18mL-phút-2,U204-H5-VS2-02.10.2024,2,4,,322.32,2194.0,268.99999,53.32001,0
U204-H5-VS2-GGA15- HH15 mg-L-04102024-Q=50.18mL-phút-2,U204-H5-VS2-02.10.2024,2,5,GGA20-HH15,321.25091,2668.0,263.3,57.95091,1
U204-H5-VS2-GGA15- HH15 mg-L-04102024-Q=50.18mL-phút-2,U204-H5-VS2-02.10.2024,2,6,,326.48772,3142.0,271.80001,54.68771,1
U204-H5-VS2-GGA15- HH15 mg-L-04102024-Q=50.18mL-phút-2,U204-H5-VS2-02.10.2024,2,7,,333.16364,3616.0,280.09999,53.06365,1
U204-H5-VS2-GGA15- HH15 mg-L-04102024-Q=50.18mL-phút-2,U204-H5-VS2-02.10.2024,2,8,,333.77273,4088.0,273.79999,59.97274,1
U204-H5-VS2-GGA15- HH15 mg-L-04102024-Q=50.18mL-phút-2,U204-H5-VS2-02.10.2024,2,9,,325.89643,4561.0,274.89999,50.99644,1
U204-H5-VS2-GGA15- HH15 mg-L-04102024-Q=50.18mL-phút-2,U204-H5-VS2-02.10.2024,2,10,,319.57636,5032.0,270.39999,49.17637,2
U204-H5-VS2-GGA15- HH15 mg-L-04102024-Q=50.18mL-phút-2,U204-H5-VS2-02.10.2024,2,11,,314.26727,5507.0,266.29999,47.96728,2
U204-H5-VS2-GGA15- HH15 mg-L-04102024-Q=50.18mL-phút-2,U204-H5-VS2-02.10.2024,2,12,,309.19818,5987.0,262.49999,46.69819,2
U205-H5-VS2-GGA15- HH 5mg-L-07102024-Q=50.68mL-phút-3,U205-H5-VS2-05.10.2024,0,0,GGA15,309.89649,301.0,250.60001,59.29648,0
U205-H5-VS2-GGA15- HH 5mg-L-07102024-Q=50.68mL-phút-3,U205-H5-VS2-05.10.2024,0,1,,308.315,776.0,248.3,60.015,0
U205-H5-VS2-GGA15- HH 5mg-L-07102024-Q=50.68mL-phút-3,U205-H5-VS2-05.10.2024,0,2,,307.6193,1247.0,247.4,60.2193,0
U205-H5-VS2-GGA15- HH 5mg-L-07102024-Q=50.68mL-phút-3,U205-H5-VS2-05.10.2024,0,3,,299.06316,1721.0,241.3,57.76316,0
U205-H5-VS2-GGA15- HH 5mg-L-07102024-Q=50.68mL-phút-3,U205-H5-VS2-05.10.2024,0,4,,299.52281,2196.0,240.3,59.22281,0
U205-H5-VS2-GGA15- HH 5mg-L-07102024-Q=50.68mL-phút-3,U205-H5-VS2-05.10.2024,0,5,,299.92759,2671.0,240.1,59.82759,0
U205-H5-VS2-GGA15- HH 5mg-L-07102024-Q=50.68mL-phút-3,U205-H5-VS2-05.10.2024,0,6,GGA15-HH5,291.14655,3150.0,234.50001,56.64654,1
U205-H5-VS2-GGA15- HH 5mg-L-07102024-Q=50.68mL-phút-3,U205-H5-VS2-05.10.2024,0,7,,290.56666,3629.0,230.9,59.66666,1
U205-H5-VS2-GGA15- HH 5mg-L-07102024-Q=50.68mL-phút-3,U205-H5-VS2-05.10.2024,0,8,,292.02281,4098.0,246.7,45.32281,2
U205-H5-VS2-GGA15- HH 5mg-L-07102024-Q=50.68mL-phút-3,U205-H5-VS2-05.10.2024,0,9,,303.56379,4573.0,256.70001,46.86378,2
U205-H5-VS2-GGA15- HH 5mg-L-07102024-Q=50.68mL-phút-3,U205-H5-VS2-05.10.2024,0,10,,312.28246,5047.0,263.70001,48.58245,2
U205-H5-VS2-GGA15- Zn(II) 5-Cr(VI) 10-Ni(II) 10mg-L-07102024-Q=50.24mL-phút-1,U205-H5-VS2-05.10.2024,1,0,GGA15,325.16491,301.0,264.60001,60.5649,0
U205-H5-VS2-GGA15- Zn(II) 5-Cr(VI) 10-Ni(II) 10mg-L-07102024-Q=50.24mL-phút-1,U205-H5-VS2-05.10.2024,1,1,,318.84035,775.0,257.99999,60.84036,0
U205-H5-VS2-GGA15- Zn(II) 5-Cr(VI) 10-Ni(II) 10mg-L-07102024-Q=50.24mL-phút-1,U205-H5-VS2-05.10.2024,1,2,,319.41379,1251.0,261.20001,58.21378,0
U205-H5-VS2-GGA15- Zn(II) 5-Cr(VI) 10-Ni(II) 10mg-L-07102024-Q=50.24mL-phút-1,U205-H5-VS2-05.10.2024,1,3,,326.38276,1722.0,267.6,58.78276,0
U205-H5-VS2-GGA15- Zn(II) 5-Cr(VI) 10-Ni(II) 10mg-L-07102024-Q=50.24mL-phút-1,U205-H5-VS2-05.10.2024,1,4,,329.43859,2193.0,266.9,62.53859,0
U205-H5-VS2-GGA15- Zn(II) 5-Cr(VI) 10-Ni(II) 10mg-L-07102024-Q=50.24mL-phút-1,U205-H5-VS2-05.10.2024,1,5,,314.71207,2668.0,255.80001,58.91206,0
U205-H5-VS2-GGA15- Zn(II) 5-Cr(VI) 10-Ni(II) 10mg-L-07102024-Q=50.24mL-phút-1,U205-H5-VS2-05.10.2024,1,6,GGA15-Zn5-Cr10-Ni10,310.38421,3141.0,254.40001,55.9842,1
U205-H5-VS2-GGA15- Zn(II) 5-Cr(VI) 10-Ni(II) 10mg-L-07102024-Q=50.24mL-phút-1,U205-H5-VS2-05.10.2024,1,7,,310.41754,3615.0,251.1,59.31754,1
U205-H5-VS2-GGA15- Zn(II) 5-Cr(VI) 10-Ni(II) 10mg-L-07102024-Q=50.24mL-phút-1,U205-H5-VS2-05.10.2024,1,8,,308.14737,4089.0,251.19999,56.94738,1
U205-H5-VS2-GGA15- Zn(II) 5-Cr(VI) 10-Ni(II) 10mg-L-07102024-Q=50.24mL-phút-1,U205-H5-VS2-05.10.2024,1,9,,305.52931,4562.0,255.2,50.32931,1
U205-H5-VS2-GGA15- Zn(II) 5-Cr(VI) 10-Ni(II) 10mg-L-07102024-Q=50.24mL-phút-1,U205-H5-VS2-05.10.2024,1,10,,304.45345,5030.0,254.20001,50.25344,1
U205-H5-VS2-GGA15- Zn(II) 5-Cr(VI) 10-Ni(II) 10mg-L-07102024-Q=50.24mL-phút-1,U205-H5-VS2-05.10.2024,1,11,,305.22369,5505.0,256.1,49.12369,1
U205-H5-VS2-GGA15- Zn(II) 5-Cr(VI) 10-Ni(II) 10mg-L-07102024-Q=50.24mL-phút-1,U205-H5-VS2-05.10.2024,1,12,,303.34865,5980.0,250.2,53.14865,1
U205-H5-VS2-GGA15- Zn(II) 5-Cr(VI) 10-Ni(II) 10mg-L-07102024-Q=50.24mL-phút-1,U205-H5-VS2-05.10.2024,1,13,,303.08421,6452.0,250.29999,52.78422,1
U205-H5-VS2-GGA15- Zn(II) 5-Cr(VI) 10-Ni(II) 10mg-L-07102024-Q=50.24mL-phút-1,U205-H5-VS2-05.10.2024,1,14,,306.32631,6927.0,252.7,53.62631,1
U205-H5-VS2-GGA15- Zn(II) 5-Cr(VI) 10-Ni(II) 10mg-L-07102024-Q=50.24mL-phút-1,U205-H5-VS2-05.10.2024,1,15,,303.40526,7400.0,251.70001,51.70525,1
U205-H5-VS2-GGA15- Zn(II) 5-Cr(VI) 10-Ni(II) 10mg-L-07102024-Q=50.24mL-phút-1,U205-H5-VS2-05.10.2024,1,16,,300.28378,7872.0,249.50001,50.78377,2
U205-H5-VS2-GGA15- Zn(II) 5-Cr(VI) 10-Ni(II) 10mg-L-07102024-Q=50.24mL-phút-1,U205-H5-VS2-05.10.2024,1,17,,306.14054,8345.0,255.4,50.74054,2
U205-H5-VS2-GGA20-Zn(II) 10-Cr(VI) 15-Ni(II) 15mg-L-07102024-Q=50.08mL-phút-3,U205-H5-VS2-05.10.2024,2,0,GGA20,307.89744,301.0,257.09999,50.79745,0
U205-H5-VS2-GGA20-Zn(II) 10-Cr(VI) 15-Ni(II) 15mg-L-07102024-Q=50.08mL-phút-3,U205-H5-VS2-05.10.2024,2,1,,307.4075,775.0,254.59999,52.80751,0
U205-H5-VS2-GGA20-Zn(II) 10-Cr(VI) 15-Ni(II) 15mg-L-07102024-Q=50.08mL-phút-3,U205-H5-VS2-05.10.2024,2,2,,307.49024,1246.0,255.0,52.49024,0
U205-H5-VS2-GGA20-Zn(II) 10-Cr(VI) 15-Ni(II) 15mg-L-07102024-Q=50.08mL-phút-3,U205-H5-VS2-05.10.2024,2,3,,309.01463,1725.0,253.69999,55.31464,0
U205-H5-VS2-GGA20-Zn(II) 10-Cr(VI) 15-Ni(II) 15mg-L-07102024-Q=50.08mL-phút-3,U205-H5-VS2-05.10.2024,2,4,,306.84878,2195.0,256.8,50.04878,0
U205-H5-VS2-GGA20-Zn(II) 10-Cr(VI) 15-Ni(II) 15mg-L-07102024-Q=50.08mL-phút-3,U205-H5-VS2-05.10.2024,2,5,,307.64634,2671.0,258.8,48.84634,1
U205-H5-VS2-GGA20-Zn(II) 10-Cr(VI) 15-Ni(II) 15mg-L-07102024-Q=50.08mL-phút-3,U205-H5-VS2-05.10.2024,2,6,GGA20-Zn10-Cr15-Ni15,311.6,3150.0,256.70001,54.89999,1
U205-H5-VS2-GGA20-Zn(II) 10-Cr(VI) 15-Ni(II) 15mg-L-07102024-Q=50.08mL-phút-3,U205-H5-VS2-05.10.2024,2,7,,312.29268,3629.0,260.4,51.89268,1
U205-H5-VS2-GGA20-Zn(II) 10-Cr(VI) 15-Ni(II) 15mg-L-07102024-Q=50.08mL-phút-3,U205-H5-VS2-05.10.2024,2,8,,310.14878,4108.0,266.7,43.44878,1
U205-H5-VS2-GGA20-Zn(II) 10-Cr(VI) 15-Ni(II) 15mg-L-07102024-Q=50.08mL-phút-3,U205-H5-VS2-05.10.2024,2,9,,310.6439,4585.0,269.6,41.0439,1
U205-H5-VS2-GGA20-Zn(II) 10-Cr(VI) 15-Ni(II) 15mg-L-07102024-Q=50.08mL-phút-3,U205-H5-VS2-05.10.2024,2,10,,314.15366,5056.0,275.00001,39.15365,1
U205-H5-VS2-GGA20-Zn(II) 10-Cr(VI) 15-Ni(II) 15mg-L-07102024-Q=50.08mL-phút-3,U205-H5-VS2-05.10.2024,2,11,,309.19024,5532.0,272.1,37.09024,1
U205-H5-VS2-GGA20-Zn(II) 10-Cr(VI) 15-Ni(II) 15mg-L-07102024-Q=50.08mL-phút-3,U205-H5-VS2-05.10.2024,2,12,,306.55122,6001.0,269.10001,37.45121,1
U205-H5-VS2-GGA20-Zn(II) 10-Cr(VI) 15-Ni(II) 15mg-L-07102024-Q=50.08mL-phút-3,U205-H5-VS2-05.10.2024,2,13,,298.34634,6476.0,261.59999,36.74635,2
U205-H5-VS2-GGA20-Zn(II) 10-Cr(VI) 15-Ni(II) 15mg-L-07102024-Q=50.08mL-phút-3,U205-H5-VS2-05.10.2024,2,14,,292.32439,6947.0,256.1,36.22439,2
U206-H6-VS2-GGA15- HH 5mg-L-07102024-Q=50.44mL-phút-4,U206-H6-VS2-05.10.2024,0,0,GGA15,370.48367,301.0,324.49999,45.98368,0
U206-H6-VS2-GGA15- HH 5mg-L-07102024-Q=50.44mL-phút-4,U206-H6-VS2-05.10.2024,0,1,,366.31346,770.0,319.00001,47.31345,0
U206-H6-VS2-GGA15- HH 5mg-L-07102024-Q=50.44mL-phút-4,U206-H6-VS2-05.10.2024,0,2,,364.2,1239.0,321.90001,42.29999,0
U206-H6-VS2-GGA15- HH 5mg-L-07102024-Q=50.44mL-phút-4,U206-H6-VS2-05.10.2024,0,3,,364.12041,1717.0,321.20001,42.9204,0
U206-H6-VS2-GGA15- HH 5mg-L-07102024-Q=50.44mL-phút-4,U206-H6-VS2-05.10.2024,0,4,,363.6449,2190.0,323.00001,40.64489,0
U206-H6-VS2-GGA15- HH 5mg-L-07102024-Q=50.44mL-phút-4,U206-H6-VS2-05.10.2024,0,5,,361.93265,2665.0,317.40001,44.53264,0
U206-H6-VS2-GGA15- HH 5mg-L-07102024-Q=50.44mL-phút-4,U206-H6-VS2-05.10.2024,0,6,,359.12449,3134.0,313.80001,45.32448,0
U206-H6-VS2-GGA15- HH 5mg-L-07102024-Q=50.44mL-phút-4,U206-H6-VS2-05.10.2024,0,7,GGA15-HH5,356.06531,3610.0,317.99999,38.06532,1
U206-H6-VS2-GGA15- HH 5mg-L-07102024-Q=50.44mL-phút-4,U206-H6-VS2-05.10.2024,0,8,,358.04878,4085.0,325.6,32.44878,1
U206-H6-VS2-GGA15- HH 5mg-L-07102024-Q=50.44mL-phút-4,U206-H6-VS2-05.10.2024,0,9,,361.72857,4572.0,322.2,39.52857,1
U206-H6-VS2-GGA15- HH 5mg-L-07102024-Q=50.44mL-phút-4,U206-H6-VS2-05.10.2024,0,10,,366.23415,5035.0,332.6,33.63415,1
U206-H6-VS2-GGA15- HH 5mg-L-07102024-Q=50.44mL-phút-4,U206-H6-VS2-05.10.2024,0,11,,365.12927,5520.0,324.80001,40.32926,2
U206-H6-VS2-GGA15- HH 5mg-L-07102024-Q=50.44mL-phút-4,U206-H6-VS2-05.10.2024,0,12,,367.17317,5983.0,327.30001,39.87316,2
U206-H6-VS2-GGA15- Zn(II) 5-Cr(VI) 10-Ni(II) 10mg-L-07102024-Q=50.12mL-phút-2,U206-H6-VS2-05.10.2024,1,0,GGA15,368.36191,301.0,328.5,39.86191,0
U206-H6-VS2-GGA15- Zn(II) 5-Cr(VI) 10-Ni(II) 10mg-L-07102024-Q=50.12mL-phút-2,U206-H6-VS2-05.10.2024,1,1,,361.6561,780.0,320.6,41.0561,0
U206-H6-VS2-GGA15- Zn(II) 5-Cr(VI) 10-Ni(II) 10mg-L-07102024-Q=50.12mL-phút-2,U206-H6-VS2-05.10.2024,1,2,,353.28536,1251.0,314.20001,39.08535,0
U206-H6-VS2-GGA15- Zn(II) 5-Cr(VI) 10-Ni(II) 10mg-L-07102024-Q=50.12mL-phút-2,U206-H6-VS2-05.10.2024,1,3,,354.72683,1726.0,313.4,41.32683,0
U206-H6-VS2-GGA15- Zn(II) 5-Cr(VI) 10-Ni(II) 10mg-L-07102024-Q=50.12mL-phút-2,U206-H6-VS2-05.10.2024,1,4,,353.66829,2197.0,313.2,40.46829,0
U206-H6-VS2-GGA15- Zn(II) 5-Cr(VI) 10-Ni(II) 10mg-L-07102024-Q=50.12mL-phút-2,U206-H6-VS2-05.10.2024,1,5,GGA15-Zn5-Cr10-Ni10,345.19512,2672.0,304.19999,40.99513,1
U206-H6-VS2-GGA15- Zn(II) 5-Cr(VI) 10-Ni(II) 10mg-L-07102024-Q=50.12mL-phút-2,U206-H6-VS2-05.10.2024,1,6,,336.60488,3146.0,298.7,37.90488,2
U206-H6-VS2-GGA15- Zn(II) 5-Cr(VI) 10-Ni(II) 10mg-L-07102024-Q=50.12mL-phút-2,U206-H6-VS2-05.10.2024,1,7,,330.68537,3618.0,294.60001,36.08536,2
U206-H6-VS2-GGA15- Zn(II) 5-Cr(VI) 10-Ni(II) 10mg-L-07102024-Q=50.12mL-phút-2,U206-H6-VS2-05.10.2024,1,8,,327.22439,4092.0,289.5,37.72439,2
U206-H6-VS2-GGA20- Zn(II) 10-Cr(VI) 15-Ni(II) 15mg-L-07102024-Q=50.58mL-phút-4,U206-H6-VS2-05.10.2024,2,0,GGA20,329.78597,301.0,296.29999,33.48598,0
U206-H6-VS2-GGA20- Zn(II) 10-Cr(VI) 15-Ni(II) 15mg-L-07102024-Q=50.58mL-phút-4,U206-H6-VS2-05.10.2024,2,1,,329.45965,769.0,298.40001,31.05964,0
U206-H6-VS2-GGA20- Zn(II) 10-Cr(VI) 15-Ni(II) 15mg-L-07102024-Q=50.58mL-phút-4,U206-H6-VS2-05.10.2024,2,2,,333.49512,1243.0,300.70001,32.79511,0
U206-H6-VS2-GGA20- Zn(II) 10-Cr(VI) 15-Ni(II) 15mg-L-07102024-Q=50.58mL-phút-4,U206-H6-VS2-05.10.2024,2,3,,338.18537,1719.0,306.2,31.98537,0
U206-H6-VS2-GGA20- Zn(II) 10-Cr(VI) 15-Ni(II) 15mg-L-07102024-Q=50.58mL-phút-4,U206-H6-VS2-05.10.2024,2,4,,334.15122,2188.0,303.20001,30.95121,0
U206-H6-VS2-GGA20- Zn(II) 10-Cr(VI) 15-Ni(II) 15mg-L-07102024-Q=50.58mL-phút-4,U206-H6-VS2-05.10.2024,2,5,GGA20-Zn10-Cr15-Ni15,340.00732,2667.0,302.70001,37.30731,1
U206-H6-VS2-GGA20- Zn(II) 10-Cr(VI) 15-Ni(II) 15mg-L-07102024-Q=50.58mL-phút-4,U206-H6-VS2-05.10.2024,2,6,,330.37442,3138.0,301.7,28.67442,1
U206-H6-VS2-GGA20- Zn(II) 10-Cr(VI) 15-Ni(II) 15mg-L-07102024-Q=50.58mL-phút-4,U206-H6-VS2-05.10.2024,2,7,,325.24878,3613.0,297.89999,27.34879,1
U206-H6-VS2-GGA20- Zn(II) 10-Cr(VI) 15-Ni(II) 15mg-L-07102024-Q=50.58mL-phút-4,U206-H6-VS2-05.10.2024,2,8,,323.29268,4094.0,291.20001,32.09267,1
U206-H6-VS2-GGA20- Zn(II) 10-Cr(VI) 15-Ni(II) 15mg-L-07102024-Q=50.58mL-phút-4,U206-H6-VS2-05.10.2024,2,9,,325.73171,4557.0,297.89999,27.83172,1
U206-H6-VS2-GGA20- Zn(II) 10-Cr(VI) 15-Ni(II) 15mg-L-07102024-Q=50.58mL-phút-4,U206-H6-VS2-05.10.2024,2,10,,320.81951,5039.0,291.59999,29.21952,1
U206-H6-VS2-GGA20- Zn(II) 10-Cr(VI) 15-Ni(II) 15mg-L-07102024-Q=50.58mL-phút-4,U206-H6-VS2-05.10.2024,2,11,,320.63658,5518.0,294.40001,26.23657,1
U206-H6-VS2-GGA20- Zn(II) 10-Cr(VI) 15-Ni(II) 15mg-L-07102024-Q=50.58mL-phút-4,U206-H6-VS2-05.10.2024,2,12,,311.68048,5991.0,284.1,27.58048,1
U206-H6-VS2-GGA20- Zn(II) 10-Cr(VI) 15-Ni(II) 15mg-L-07102024-Q=50.58mL-phút-4,U206-H6-VS2-05.10.2024,2,13,,308.92195,6462.0,283.69999,25.22196,1
U206-H6-VS2-GGA20- Zn(II) 10-Cr(VI) 15-Ni(II) 15mg-L-07102024-Q=50.58mL-phút-4,U206-H6-VS2-05.10.2024,2,14,,297.92927,6934.0,275.79999,22.12928,2
U206-H6-VS2-GGA20- Zn(II) 10-Cr(VI) 15-Ni(II) 15mg-L-07102024-Q=50.58mL-phút-4,U206-H6-VS2-05.10.2024,2,15,,293.34651,7409.0,271.0,22.34651,2
U207-H5-VS2-GGA15- Zn(II) 5-Cr(VI) 10-Ni(II) 10mg-L-08102024-Q=50.2mL-phút-3,U207-H5-VS2-06.10.2024,0,0,GGA15,281.4027,301.0,224.80001,56.60269,0
U207-H5-VS2-GGA15- Zn(II) 5-Cr(VI) 10-Ni(II) 10mg-L-08102024-Q=50.2mL-phút-3,U207-H5-VS2-06.10.2024,0,1,,280.20294,775.0,226.1,54.10294,0
U207-H5-VS2-GGA15- Zn(II) 5-Cr(VI) 10-Ni(II) 10mg-L-08102024-Q=50.2mL-phút-3,U207-H5-VS2-06.10.2024,0,2,,277.36471,1248.0,220.59999,56.76472,0
U207-H5-VS2-GGA15- Zn(II) 5-Cr(VI) 10-Ni(II) 10mg-L-08102024-Q=50.2mL-phút-3,U207-H5-VS2-06.10.2024,0,3,,275.08529,1722.0,214.39999,60.6853,0
U207-H5-VS2-GGA15- Zn(II) 5-Cr(VI) 10-Ni(II) 10mg-L-08102024-Q=50.2mL-phút-3,U207-H5-VS2-06.10.2024,0,4,,274.03823,2196.0,220.0,54.03823,0
U207-H5-VS2-GGA15- Zn(II) 5-Cr(VI) 10-Ni(II) 10mg-L-08102024-Q=50.2mL-phút-3,U207-H5-VS2-06.10.2024,0,5,,273.23823,2665.0,212.9,60.33823,0
U207-H5-VS2-GGA15- Zn(II) 5-Cr(VI) 10-Ni(II) 10mg-L-08102024-Q=50.2mL-phút-3,U207-H5-VS2-06.10.2024,0,6,,283.86765,3138.0,221.7,62.16765,0
U207-H5-VS2-GGA15- Zn(II) 5-Cr(VI) 10-Ni(II) 10mg-L-08102024-Q=50.2mL-phút-3,U207-H5-VS2-06.10.2024,0,7,,290.45,3612.0,229.0,61.45,0
U207-H5-VS2-GGA15- Zn(II) 5-Cr(VI) 10-Ni(II) 10mg-L-08102024-Q=50.2mL-phút-3,U207-H5-VS2-06.10.2024,0,8,GGA15-Zn5-Cr10-Ni10,288.47714,4091.0,227.1,61.37714,1
U207-H5-VS2-GGA15- Zn(II) 5-Cr(VI) 10-Ni(II) 10mg-L-08102024-Q=50.2mL-phút-3,U207-H5-VS2-06.10.2024,0,9,,287.98235,4565.0,228.8,59.18235,1
U207-H5-VS2-GGA15- Zn(II) 5-Cr(VI) 10-Ni(II) 10mg-L-08102024-Q=50.2mL-phút-3,U207-H5-VS2-06.10.2024,0,10,,290.72353,5041.0,230.0,60.72353,1
U207-H5-VS2-GGA15- Zn(II) 5-Cr(VI) 10-Ni(II) 10mg-L-08102024-Q=50.2mL-phút-3,U207-H5-VS2-06.10.2024,0,11,,289.34118,5512.0,229.0,60.34118,1
U207-H5-VS2-GGA15- Zn(II) 5-Cr(VI) 10-Ni(II) 10mg-L-08102024-Q=50.2mL-phút-3,U207-H5-VS2-06.10.2024,0,12,,285.43235,5987.0,228.6,56.83235,1
U207-H5-VS2-GGA15- Zn(II) 5-Cr(VI) 10-Ni(II) 10mg-L-08102024-Q=50.2mL-phút-3,U207-H5-VS2-06.10.2024,0,13,,284.73529,6461.0,231.90001,52.83528,1
U207-H5-VS2-GGA15- Zn(II) 5-Cr(VI) 10-Ni(II) 10mg-L-08102024-Q=50.2mL-phút-3,U207-H5-VS2-06.10.2024,0,14,,290.49118,6934.0,231.3,59.19118,1
U207-H5-VS2-GGA15- Zn(II) 5-Cr(VI) 10-Ni(II) 10mg-L-08102024-Q=50.2mL-phút-3,U207-H5-VS2-06.10.2024,0,15,,286.3,7407.0,224.5,61.8,1
U207-H5-VS2-GGA15- Zn(II) 5-Cr(VI) 10-Ni(II) 10mg-L-08102024-Q=50.2mL-phút-3,U207-H5-VS2-06.10.2024,0,16,,285.13143,7880.0,229.6,55.53143,1
U207-H5-VS2-GGA15- Zn(II) 5-Cr(VI) 10-Ni(II) 10mg-L-08102024-Q=50.2mL-phút-3,U207-H5-VS2-06.10.2024,0,17,,288.77714,8340.0,238.7,50.07714,1
U207-H5-VS2-GGA15- Zn(II) 5-Cr(VI) 10-Ni(II) 10mg-L-08102024-Q=50.2mL-phút-3,U207-H5-VS2-06.10.2024,0,18,,292.68286,8815.0,238.90001,53.78285,2
U207-H5-VS2-GGA15- Zn(II) 5-Cr(VI) 10-Ni(II) 10mg-L-08102024-Q=50.2mL-phút-3,U207-H5-VS2-06.10.2024,0,19,,294.50882,9291.0,240.5,54.00882,2
U207-H5-VS2-GGA20- Zn(II) 5-Cr(VI) 15-Ni(II) 15mg-L-08102024-Q=49.92mL-phút-2,U207-H5-VS2-06.10.2024,1,0,GGA20,295.24286,301.0,241.1,54.14286,0
U207-H5-VS2-GGA20- Zn(II) 5-Cr(VI) 15-Ni(II) 15mg-L-08102024-Q=49.92mL-phút-2,U207-H5-VS2-06.10.2024,1,1,,292.34412,775.0,238.3,54.04412,0
U207-H5-VS2-GGA20- Zn(II) 5-Cr(VI) 15-Ni(II) 15mg-L-08102024-Q=49.92mL-phút-2,U207-H5-VS2-06.10.2024,1,2,,295.44857,1247.0,241.1,54.34857,0
U207-H5-VS2-GGA20- Zn(II) 5-Cr(VI) 15-Ni(II) 15mg-L-08102024-Q=49.92mL-phút-2,U207-H5-VS2-06.10.2024,1,3,,296.32059,1720.0,242.50001,53.82058,0
U207-H5-VS2-GGA20- Zn(II) 5-Cr(VI) 15-Ni(II) 15mg-L-08102024-Q=49.92mL-phút-2,U207-H5-VS2-06.10.2024,1,4,,301.6,2196.0,245.8,55.8,0
U207-H5-VS2-GGA20- Zn(II) 5-Cr(VI) 15-Ni(II) 15mg-L-08102024-Q=49.92mL-phút-2,U207-H5-VS2-06.10.2024,1,5,GGA20-Zn5-Cr15-Ni15,297.72286,2667.0,242.0,55.72286,1
U207-H5-VS2-GGA20- Zn(II) 5-Cr(VI) 15-Ni(II) 15mg-L-08102024-Q=49.92mL-phút-2,U207-H5-VS2-06.10.2024,1,6,,292.83823,3143.0,239.99999,52.83824,1
U207-H5-VS2-GGA20- Zn(II) 5-Cr(VI) 15-Ni(II) 15mg-L-08102024-Q=49.92mL-phút-2,U207-H5-VS2-06.10.2024,1,7,,294.62703,3615.0,242.0,52.62703,1
U207-H5-VS2-GGA20- Zn(II) 5-Cr(VI) 15-Ni(II) 15mg-L-08102024-Q=49.92mL-phút-2,U207-H5-VS2-06.10.2024,1,8,,298.66471,4087.0,244.5,54.16471,1
U207-H5-VS2-GGA20- Zn(II) 5-Cr(VI) 15-Ni(II) 15mg-L-08102024-Q=49.92mL-phút-2,U207-H5-VS2-06.10.2024,1,9,,296.38158,4559.0,245.19999,51.18159,1
U207-H5-VS2-GGA20- Zn(II) 5-Cr(VI) 15-Ni(II) 15mg-L-08102024-Q=49.92mL-phút-2,U207-H5-VS2-06.10.2024,1,10,,294.08108,5032.0,244.1,49.98108,1
U207-H5-VS2-GGA20- Zn(II) 5-Cr(VI) 15-Ni(II) 15mg-L-08102024-Q=49.92mL-phút-2,U207-H5-VS2-06.10.2024,1,11,,294.08948,5506.0,244.1,49.98948,1
U207-H5-VS2-GGA20- Zn(II) 5-Cr(VI) 15-Ni(II) 15mg-L-08102024-Q=49.92mL-phút-2,U207-H5-VS2-06.10.2024,1,12,,300.05135,5982.0,249.8,50.25135,1
U207-H5-VS2-GGA20- Zn(II) 5-Cr(VI) 15-Ni(II) 15mg-L-08102024-Q=49.92mL-phút-2,U207-H5-VS2-06.10.2024,1,13,,302.72433,6454.0,254.59999,48.12434,2
U207-H5-VS2-GGA20- Zn(II) 5-Cr(VI) 15-Ni(II) 15mg-L-08102024-Q=49.92mL-phút-2,U207-H5-VS2-06.10.2024,1,14,,297.235,6928.0,250.09999,47.13501,2
U207-H5-VS2-GGA15- HH 15mg-L-08102024-Q=50.56mL-phút-3,U207-H5-VS2-06.10.2024,2,0,GGA15,294.38947,301.0,246.5,47.88947,0
U207-H5-VS2-GGA15- HH 15mg-L-08102024-Q=50.56mL-phút-3,U207-H5-VS2-06.10.2024,2,1,,290.72143,773.0,244.9,45.82143,0
U207-H5-VS2-GGA15- HH 15mg-L-08102024-Q=50.56mL-phút-3,U207-H5-VS2-06.10.2024,2,2,,296.44146,1248.0,246.2,50.24146,0
U207-H5-VS2-GGA15- HH 15mg-L-08102024-Q=50.56mL-phút-3,U207-H5-VS2-06.10.2024,2,3,,302.41148,1719.0,253.10001,49.31147,0
U207-H5-VS2-GGA15- HH 15mg-L-08102024-Q=50.56mL-phút-3,U207-H5-VS2-06.10.2024,2,4,,298.30328,2193.0,248.60001,49.70327,0
U207-H5-VS2-GGA15- HH 15mg-L-08102024-Q=50.56mL-phút-3,U207-H5-VS2-06.10.2024,2,5,,296.21967,2667.0,249.59999,46.61968,0
U207-H5-VS2-GGA15- HH 15mg-L-08102024-Q=50.56mL-phút-3,U207-H5-VS2-06.10.2024,2,6,GGA15-HH15,301.07541,3146.0,245.19999,55.87542,1
U207-H5-VS2-GGA15- HH 15mg-L-08102024-Q=50.56mL-phút-3,U207-H5-VS2-06.10.2024,2,7,,297.35323,3622.0,247.79999,49.55324,1
U207-H5-VS2-GGA15- HH 15mg-L-08102024-Q=50.56mL-phút-3,U207-H5-VS2-06.10.2024,2,8,,293.56129,4098.0,250.60001,42.96128,1
U207-H5-VS2-GGA15- HH 15mg-L-08102024-Q=50.56mL-phút-3,U207-H5-VS2-06.10.2024,2,9,,291.34426,4565.0,245.90001,45.44425,1
U207-H5-VS2-GGA15- HH 15mg-L-08102024-Q=50.56mL-phút-3,U207-H5-VS2-06.10.2024,2,10,,286.3375,5040.0,239.99999,46.33751,2
U207-H5-VS2-GGA15- HH 15mg-L-08102024-Q=50.56mL-phút-3,U207-H5-VS2-06.10.2024,2,11,,286.21042,5512.0,242.7,43.51042,2
U207-H5-VS2-GGA15- HH 15mg-L-08102024-Q=50.56mL-phút-3,U207-H5-VS2-06.10.2024,2,12,,288.68541,5991.0,243.0,45.68541,2
U208-H6-VS2-GGA5- Zn(II) 5-Cr(VI) 10-Ni(II) 10mg-L-08102024-Q=50.48mL-phút-4,U208-H6-VS2-06.10.2024,0,0,GGA15,316.115,301.0,276.10001,40.01499,0
U208-H6-VS2-GGA5- Zn(II) 5-Cr(VI) 10-Ni(II) 10mg-L-08102024-Q=50.48mL-phút-4,U208-H6-VS2-06.10.2024,0,1,,297.53784,780.0,263.70001,33.83783,0
U208-H6-VS2-GGA5- Zn(II) 5-Cr(VI) 10-Ni(II) 10mg-L-08102024-Q=50.48mL-phút-4,U208-H6-VS2-06.10.2024,0,2,,307.98378,1248.0,268.00001,39.98377,0
U208-H6-VS2-GGA5- Zn(II) 5-Cr(VI) 10-Ni(II) 10mg-L-08102024-Q=50.48mL-phút-4,U208-H6-VS2-06.10.2024,0,3,,317.16216,1722.0,281.6,35.56216,0
U208-H6-VS2-GGA5- Zn(II) 5-Cr(VI) 10-Ni(II) 10mg-L-08102024-Q=50.48mL-phút-4,U208-H6-VS2-06.10.2024,0,4,,322.93514,2198.0,279.8,43.13514,0
U208-H6-VS2-GGA5- Zn(II) 5-Cr(VI) 10-Ni(II) 10mg-L-08102024-Q=50.48mL-phút-4,U208-H6-VS2-06.10.2024,0,5,,318.02051,2665.0,275.99999,42.02052,0
U208-H6-VS2-GGA5- Zn(II) 5-Cr(VI) 10-Ni(II) 10mg-L-08102024-Q=50.48mL-phút-4,U208-H6-VS2-06.10.2024,0,6,,314.16053,3141.0,271.80001,42.36052,0
U208-H6-VS2-GGA5- Zn(II) 5-Cr(VI) 10-Ni(II) 10mg-L-08102024-Q=50.48mL-phút-4,U208-H6-VS2-06.10.2024,0,7,GGA15-Zn5-Cr10-Ni10,317.92105,3618.0,280.80001,37.12104,1
U208-H6-VS2-GGA5- Zn(II) 5-Cr(VI) 10-Ni(II) 10mg-L-08102024-Q=50.48mL-phút-4,U208-H6-VS2-06.10.2024,0,8,,314.00541,4089.0,278.10001,35.9054,1
U208-H6-VS2-GGA5- Zn(II) 5-Cr(VI) 10-Ni(II) 10mg-L-08102024-Q=50.48mL-phút-4,U208-H6-VS2-06.10.2024,0,9,,309.26216,4561.0,272.1,37.16216,1
U208-H6-VS2-GGA5- Zn(II) 5-Cr(VI) 10-Ni(II) 10mg-L-08102024-Q=50.48mL-phút-4,U208-H6-VS2-06.10.2024,0,10,,301.97105,5037.0,268.3,33.67105,1
U208-H6-VS2-GGA5- Zn(II) 5-Cr(VI) 10-Ni(II) 10mg-L-08102024-Q=50.48mL-phút-4,U208-H6-VS2-06.10.2024,0,11,,298.54054,5507.0,265.70001,32.84053,1
U208-H6-VS2-GGA5- Zn(II) 5-Cr(VI) 10-Ni(II) 10mg-L-08102024-Q=50.48mL-phút-4,U208-H6-VS2-06.10.2024,0,12,,299.96487,5983.0,266.99999,32.96488,1
U208-H6-VS2-GGA5- Zn(II) 5-Cr(VI) 10-Ni(II) 10mg-L-08102024-Q=50.48mL-phút-4,U208-H6-VS2-06.10.2024,0,13,,295.41351,6458.0,262.80001,32.6135,1
U208-H6-VS2-GGA5- Zn(II) 5-Cr(VI) 10-Ni(II) 10mg-L-08102024-Q=50.48mL-phút-4,U208-H6-VS2-06.10.2024,0,14,,291.56842,6936.0,264.2,27.36842,1
U208-H6-VS2-GGA5- Zn(II) 5-Cr(VI) 10-Ni(II) 10mg-L-08102024-Q=50.48mL-phút-4,U208-H6-VS2-06.10.2024,0,15,,293.93684,7392.0,261.20001,32.73683,1
U208-H6-VS2-GGA5- Zn(II) 5-Cr(VI) 10-Ni(II) 10mg-L-08102024-Q=50.48mL-phút-4,U208-H6-VS2-06.10.2024,0,16,,296.35789,7862.0,264.80001,31.55788,2
U208-H6-VS2-GGA5- Zn(II) 5-Cr(VI) 10-Ni(II) 10mg-L-08102024-Q=50.48mL-phút-4,U208-H6-VS2-06.10.2024,0,17,,296.67895,8342.0,265.30001,31.37894,2
U208-H6-VS2-GGA20- Zn(II) 5-Cr(VI) 15-Ni(II) 15mg-L-08102024-Q=50.16mL-phút-3,U208-H6-VS2-06.10.2024,1,0,GGA20,303.71622,301.0,270.20001,33.51621,0
U208-H6-VS2-GGA20- Zn(II) 5-Cr(VI) 15-Ni(II) 15mg-L-08102024-Q=50.16mL-phút-3,U208-H6-VS2-06.10.2024,1,1,,302.67298,780.0,264.80001,37.87297,1
U208-H6-VS2-GGA20- Zn(II) 5-Cr(VI) 15-Ni(II) 15mg-L-08102024-Q=50.16mL-phút-3,U208-H6-VS2-06.10.2024,1,2,,295.57105,1255.0,264.7,30.87105,1
U208-H6-VS2-GGA20- Zn(II) 5-Cr(VI) 15-Ni(II) 15mg-L-08102024-Q=50.16mL-phút-3,U208-H6-VS2-06.10.2024,1,3,,296.43784,1734.0,266.29999,30.13785,1
U208-H6-VS2-GGA20- Zn(II) 5-Cr(VI) 15-Ni(II) 15mg-L-08102024-Q=50.16mL-phút-3,U208-H6-VS2-06.10.2024,1,4,,300.64865,2194.0,269.2,31.44865,1
U208-H6-VS2-GGA20- Zn(II) 5-Cr(VI) 15-Ni(II) 15mg-L-08102024-Q=50.16mL-phút-3,U208-H6-VS2-06.10.2024,1,5,,303.61622,2667.0,272.6,31.01622,1
U208-H6-VS2-GGA20- Zn(II) 5-Cr(VI) 15-Ni(II) 15mg-L-08102024-Q=50.16mL-phút-3,U208-H6-VS2-06.10.2024,1,6,GGA20-Zn5-Cr15-Ni15,302.57436,3142.0,270.00001,32.57435,1
U208-H6-VS2-GGA20- Zn(II) 5-Cr(VI) 15-Ni(II) 15mg-L-08102024-Q=50.16mL-phút-3,U208-H6-VS2-06.10.2024,1,7,,292.83244,3614.0,264.09999,28.73245,1
U208-H6-VS2-GGA20- Zn(II) 5-Cr(VI) 15-Ni(II) 15mg-L-08102024-Q=50.16mL-phút-3,U208-H6-VS2-06.10.2024,1,8,,293.6579,4092.0,263.39999,30.25791,1
U208-H6-VS2-GGA20- Zn(II) 5-Cr(VI) 15-Ni(II) 15mg-L-08102024-Q=50.16mL-phút-3,U208-H6-VS2-06.10.2024,1,9,,296.17027,4562.0,269.6,26.57027,1
U208-H6-VS2-GGA20- Zn(II) 5-Cr(VI) 15-Ni(II) 15mg-L-08102024-Q=50.16mL-phút-3,U208-H6-VS2-06.10.2024,1,10,,290.91892,5040.0,258.19999,32.71893,1
U208-H6-VS2-GGA20- Zn(II) 5-Cr(VI) 15-Ni(II) 15mg-L-08102024-Q=50.16mL-phút-3,U208-H6-VS2-06.10.2024,1,11,,287.06316,5517.0,258.1,28.96316,2
U208-H6-VS2-GGA20- Zn(II) 5-Cr(VI) 15-Ni(II) 15mg-L-08102024-Q=50.16mL-phút-3,U208-H6-VS2-06.10.2024,1,12,,286.4,5985.0,256.70001,29.69999,2
U208-H6-VS2-GGA20- Zn(II) 5-Cr(VI) 15-Ni(II) 15mg-L-08102024-Q=50.16mL-phút-3,U208-H6-VS2-06.10.2024,1,13,,291.39459,6459.0,263.00001,28.39458,2
U208-H6-VS2-GGA15- HH 15mg-L-08102024-Q=50mL-phút-4,U208-H6-VS2-06.10.2024,2,0,GGA15,289.44667,301.0,264.60001,24.84666,0
U208-H6-VS2-GGA15- HH 15mg-L-08102024-Q=50mL-phút-4,U208-H6-VS2-06.10.2024,2,1,,287.66,779.0,264.49999,23.16001,0
U208-H6-VS2-GGA15- HH 15mg-L-08102024-Q=50mL-phút-4,U208-H6-VS2-06.10.2024,2,2,,283.88444,1253.0,262.4,21.48444,1
U208-H6-VS2-GGA15- HH 15mg-L-08102024-Q=50mL-phút-4,U208-H6-VS2-06.10.2024,2,3,,289.56875,1724.0,264.7,24.86875,1
U208-H6-VS2-GGA15- HH 15mg-L-08102024-Q=50mL-phút-4,U208-H6-VS2-06.10.2024,2,4,,292.63333,2197.0,264.9,27.73333,1
U208-H6-VS2-GGA15- HH 15mg-L-08102024-Q=50mL-phút-4,U208-H6-VS2-06.10.2024,2,5,,288.36042,2672.0,264.40001,23.96041,1
U208-H6-VS2-GGA15- HH 15mg-L-08102024-Q=50mL-phút-4,U208-H6-VS2-06.10.2024,2,6,,287.66471,3149.0,263.00001,24.6647,1
U208-H6-VS2-GGA15- HH 15mg-L-08102024-Q=50mL-phút-4,U208-H6-VS2-06.10.2024,2,7,,291.56123,3614.0,266.79999,24.76124,1
U208-H6-VS2-GGA15- HH 15mg-L-08102024-Q=50mL-phút-4,U208-H6-VS2-06.10.2024,2,8,GGA15-HH15,288.6875,4049.0,262.4,26.2875,1
U208-H6-VS2-GGA15- HH 15mg-L-08102024-Q=50mL-phút-4,U208-H6-VS2-06.10.2024,2,9,,284.78542,4514.0,260.30001,24.48541,1
U208-H6-VS2-GGA15- HH 15mg-L-08102024-Q=50mL-phút-4,U208-H6-VS2-06.10.2024,2,10,,278.904,4989.0,257.0,21.904,1
U208-H6-VS2-GGA15- HH 15mg-L-08102024-Q=50mL-phút-4,U208-H6-VS2-06.10.2024,2,11,,272.79184,5460.0,250.0,22.79184,1
U208-H6-VS2-GGA15- HH 15mg-L-08102024-Q=50mL-phút-4,U208-H6-VS2-06.10.2024,2,12,,268.79792,5932.0,249.0,19.79792,2
U208-H6-VS2-GGA15- HH 15mg-L-08102024-Q=50mL-phút-4,U208-H6-VS2-06.10.2024,2,13,,268.53125,6407.0,249.0,19.53125,2
U208-H6-VS2-GGA15- HH 15mg-L-08102024-Q=50mL-phút-4,U208-H6-VS2-06.10.2024,2,14,,266.58,6884.0,247.4,19.18,2
U209-H5-VS2-GGA10- Zn(II) 10-Cr(VI) 15-Ni(II) 15mg-L-09102024-Q=50.34mL-phút-2,U209-H5-VS2-07.10.2024,0,0,GGA10,295.52408,301.0,238.19999,57.32409,1
U209-H5-VS2-GGA10- Zn(II) 10-Cr(VI) 15-Ni(II) 15mg-L-09102024-Q=50.34mL-phút-2,U209-H5-VS2-07.10.2024,0,1,,294.9853,776.0,237.10001,57.88529,1
U209-H5-VS2-GGA10- Zn(II) 10-Cr(VI) 15-Ni(II) 15mg-L-09102024-Q=50.34mL-phút-2,U209-H5-VS2-07.10.2024,0,2,,305.92353,1249.0,244.8,61.12353,1
U209-H5-VS2-GGA10- Zn(II) 10-Cr(VI) 15-Ni(II) 15mg-L-09102024-Q=50.34mL-phút-2,U209-H5-VS2-07.10.2024,0,3,,309.7394,1722.0,247.1,62.6394,1
U209-H5-VS2-GGA10- Zn(II) 10-Cr(VI) 15-Ni(II) 15mg-L-09102024-Q=50.34mL-phút-2,U209-H5-VS2-07.10.2024,0,4,,313.15882,2193.0,246.3,66.85882,1
U209-H5-VS2-GGA10- Zn(II) 10-Cr(VI) 15-Ni(II) 15mg-L-09102024-Q=50.34mL-phút-2,U209-H5-VS2-07.10.2024,0,5,GGA10-Zn10-Cr15-Ni15,317.85,2668.0,254.79999,63.05001,1
U209-H5-VS2-GGA10- Zn(II) 10-Cr(VI) 15-Ni(II) 15mg-L-09102024-Q=50.34mL-phút-2,U209-H5-VS2-07.10.2024,0,6,,319.67353,3140.0,255.60001,64.07352,1
U209-H5-VS2-GGA10- Zn(II) 10-Cr(VI) 15-Ni(II) 15mg-L-09102024-Q=50.34mL-phút-2,U209-H5-VS2-07.10.2024,0,7,,321.04117,3614.0,260.8,60.24117,1
U209-H5-VS2-GGA10- Zn(II) 10-Cr(VI) 15-Ni(II) 15mg-L-09102024-Q=50.34mL-phút-2,U209-H5-VS2-07.10.2024,0,8,,320.79706,4089.0,254.3,66.49706,1
U209-H5-VS2-GGA10- Zn(II) 10-Cr(VI) 15-Ni(II) 15mg-L-09102024-Q=50.34mL-phút-2,U209-H5-VS2-07.10.2024,0,9,,321.46765,4561.0,258.30001,63.16764,1
U209-H5-VS2-GGA10- Zn(II) 10-Cr(VI) 15-Ni(II) 15mg-L-09102024-Q=50.34mL-phút-2,U209-H5-VS2-07.10.2024,0,10,,322.78485,5035.0,259.29999,63.48486,1
U209-H5-VS2-GGA10- Zn(II) 10-Cr(VI) 15-Ni(II) 15mg-L-09102024-Q=50.34mL-phút-2,U209-H5-VS2-07.10.2024,0,11,,323.74118,5509.0,264.0,59.74118,1
U209-H5-VS2-GGA10- Zn(II) 10-Cr(VI) 15-Ni(II) 15mg-L-09102024-Q=50.34mL-phút-2,U209-H5-VS2-07.10.2024,0,12,,324.86667,5980.0,265.30001,59.56666,1
U209-H5-VS2-GGA10- Zn(II) 10-Cr(VI) 15-Ni(II) 15mg-L-09102024-Q=50.34mL-phút-2,U209-H5-VS2-07.10.2024,0,13,,323.52667,6621.0,269.2,54.32667,1
U209-H5-VS2-GGA10- Zn(II) 10-Cr(VI) 15-Ni(II) 15mg-L-09102024-Q=50.34mL-phút-2,U209-H5-VS2-07.10.2024,0,14,,319.90455,7095.0,263.59999,56.30456,1
U209-H5-VS2-GGA10- Zn(II) 10-Cr(VI) 15-Ni(II) 15mg-L-09102024-Q=50.34mL-phút-2,U209-H5-VS2-07.10.2024,0,15,,320.94222,7568.0,264.7,56.24222000000003,2
U210-H6-VS2-GGA15- Zn(II) 5-Cr(VI) 5-Ni(II) 10mg-L-09102024-Q=50.42mL-phút-1,U210-H6-VS2-07.10.2024,0,0,GGA15,348.10625,301.0,310.79999,37.30626000000001,0
U210-H6-VS2-GGA15- Zn(II) 5-Cr(VI) 5-Ni(II) 10mg-L-09102024-Q=50.42mL-phút-1,U210-H6-VS2-07.10.2024,0,1,,346.12708,775.0,308.9,37.22708,0
U210-H6-VS2-GGA15- Zn(II) 5-Cr(VI) 5-Ni(II) 10mg-L-09102024-Q=50.42mL-phút-1,U210-H6-VS2-07.10.2024,0,2,,352.06458,1254.0,314.59999,37.46458999999999,0
U210-H6-VS2-GGA15- Zn(II) 5-Cr(VI) 5-Ni(II) 10mg-L-09102024-Q=50.42mL-phút-1,U210-H6-VS2-07.10.2024,0,3,,356.41064,1730.0,316.00001,40.410630000000026,0
U210-H6-VS2-GGA15- Zn(II) 5-Cr(VI) 5-Ni(II) 10mg-L-09102024-Q=50.42mL-phút-1,U210-H6-VS2-07.10.2024,0,4,,359.13334,2200.0,318.69999,40.43334999999996,0
U210-H6-VS2-GGA15- Zn(II) 5-Cr(VI) 5-Ni(II) 10mg-L-09102024-Q=50.42mL-phút-1,U210-H6-VS2-07.10.2024,0,5,GGA15-Zn5-Cr5-Ni10,360.4875,2679.0,320.10001,40.387490000000014,1
U210-H6-VS2-GGA15- Zn(II) 5-Cr(VI) 5-Ni(II) 10mg-L-09102024-Q=50.42mL-phút-1,U210-H6-VS2-07.10.2024,0,6,,358.325,3153.0,320.49999,37.82500999999996,1
U210-H6-VS2-GGA15- Zn(II) 5-Cr(VI) 5-Ni(II) 10mg-L-09102024-Q=50.42mL-phút-1,U210-H6-VS2-07.10.2024,0,7,,357.68511,3628.0,315.60001,42.08510000000001,1
U210-H6-VS2-GGA15- Zn(II) 5-Cr(VI) 5-Ni(II) 10mg-L-09102024-Q=50.42mL-phút-1,U210-H6-VS2-07.10.2024,0,8,,356.41277,4098.0,320.49999,35.91278,1
U210-H6-VS2-GGA15- Zn(II) 5-Cr(VI) 5-Ni(II) 10mg-L-09102024-Q=50.42mL-phút-1,U210-H6-VS2-07.10.2024,0,9,,353.95532,4570.0,320.10001,33.855309999999974,2
U210-H6-VS2-GGA15- Zn(II) 5-Cr(VI) 5-Ni(II) 10mg-L-09102024-Q=50.42mL-phút-1,U210-H6-VS2-07.10.2024,0,10,,351.51042,5043.0,317.7,33.81042000000002,2
U210-H6-VS2-GGA15- Zn(II) 5-Cr(VI) 5-Ni(II) 10mg-L-09102024-Q=50.42mL-phút-1,U210-H6-VS2-07.10.2024,0,11,,350.63192,5518.0,317.60001,33.03190999999998,2
U210-H6-VS2-GGA15- Zn(II) 10-Cr(VI) 5-Ni(II) 10mg-L-09102024-Q=50.06mL-phút-1,U210-H6-VS2-07.10.2024,1,0,GGA15,333.43171,301.0,303.09999,30.33172000000002,0
U210-H6-VS2-GGA15- Zn(II) 10-Cr(VI) 5-Ni(II) 10mg-L-09102024-Q=50.06mL-phút-1,U210-H6-VS2-07.10.2024,1,1,,324.45366,773.0,291.79999,32.653670000000034,0
U210-H6-VS2-GGA15- Zn(II) 10-Cr(VI) 5-Ni(II) 10mg-L-09102024-Q=50.06mL-phút-1,U210-H6-VS2-07.10.2024,1,2,,322.03171,1251.0,290.49999,31.53171999999995,0
U210-H6-VS2-GGA15- Zn(II) 10-Cr(VI) 5-Ni(II) 10mg-L-09102024-Q=50.06mL-phút-1,U210-H6-VS2-07.10.2024,1,3,,320.4561,1723.0,290.6,29.85609999999997,0
U210-H6-VS2-GGA15- Zn(II) 10-Cr(VI) 5-Ni(II) 10mg-L-09102024-Q=50.06mL-phút-1,U210-H6-VS2-07.10.2024,1,4,,318.15122,2195.0,288.6,29.55122,0
U210-H6-VS2-GGA15- Zn(II) 10-Cr(VI) 5-Ni(II) 10mg-L-09102024-Q=50.06mL-phút-1,U210-H6-VS2-07.10.2024,1,5,,317.35122,2670.0,288.50001,28.851210000000037,0
U210-H6-VS2-GGA15- Zn(II) 10-Cr(VI) 5-Ni(II) 10mg-L-09102024-Q=50.06mL-phút-1,U210-H6-VS2-07.10.2024,1,6,,318.91708,3143.0,288.70001,30.21706999999998,0
U210-H6-VS2-GGA15- Zn(II) 10-Cr(VI) 5-Ni(II) 10mg-L-09102024-Q=50.06mL-phút-1,U210-H6-VS2-07.10.2024,1,7,,316.31951,3615.0,287.9,28.419510000000002,0
U210-H6-VS2-GGA15- Zn(II) 10-Cr(VI) 5-Ni(II) 10mg-L-09102024-Q=50.06mL-phút-1,U210-H6-VS2-07.10.2024,1,8,GGA15-Zn10-Cr5-Ni10,321.67381,4089.0,292.69999,28.97381999999999,1
U210-H6-VS2-GGA15- Zn(II) 10-Cr(VI) 5-Ni(II) 10mg-L-09102024-Q=50.06mL-phút-1,U210-H6-VS2-07.10.2024,1,9,,329.00732,4564.0,294.0,35.00731999999999,1
U210-H6-VS2-GGA15- Zn(II) 10-Cr(VI) 5-Ni(II) 10mg-L-09102024-Q=50.06mL-phút-1,U210-H6-VS2-07.10.2024,1,10,,330.11628,5035.0,296.20001,33.91627,1
U210-H6-VS2-GGA15- Zn(II) 10-Cr(VI) 5-Ni(II) 10mg-L-09102024-Q=50.06mL-phút-1,U210-H6-VS2-07.10.2024,1,11,,329.38537,5510.0,296.40001,32.985360000000014,1
U210-H6-VS2-GGA15- Zn(II) 10-Cr(VI) 5-Ni(II) 10mg-L-09102024-Q=50.06mL-phút-1,U210-H6-VS2-07.10.2024,1,12,,329.87317,5983.0,295.6,34.27316999999999,1
U210-H6-VS2-GGA15- Zn(II) 10-Cr(VI) 5-Ni(II) 10mg-L-09102024-Q=50.06mL-phút-1,U210-H6-VS2-07.10.2024,1,13,,320.44878,6459.0,290.69999,29.748789999999985,1
U210-H6-VS2-GGA15- Zn(II) 10-Cr(VI) 5-Ni(II) 10mg-L-09102024-Q=50.06mL-phút-1,U210-H6-VS2-07.10.2024,1,14,,316.73333,6930.0,287.29999,29.433340000000044,1
U210-H6-VS2-GGA15- Zn(II) 10-Cr(VI) 5-Ni(II) 10mg-L-09102024-Q=50.06mL-phút-1,U210-H6-VS2-07.10.2024,1,15,,319.45853,7405.0,290.80001,28.65852000000001,2
U210-H6-VS2-GGA15- Zn(II) 10-Cr(VI) 5-Ni(II) 10mg-L-09102024-Q=50.06mL-phút-1,U210-H6-VS2-07.10.2024,1,16,,323.21952,7873.0,293.90001,29.31950999999998,2
U210-H6-VS2-GGA15- Zn(II) 10-Cr(VI) 5-Ni(II) 10mg-L-09102024-Q=50.06mL-phút-1,U210-H6-VS2-07.10.2024,1,17,,319.64884,8347.0,291.1,28.548839999999984,2
U211-H5-VS2-GGA10- HH 5mg-L-10102024-Q=50.17mL-phút-4,U211-H5-VS2-08.10.2024,0,0,GGA10,304.90811,301.0,254.40001,50.50810000000001,0
U211-H5-VS2-GGA10- HH 5mg-L-10102024-Q=50.17mL-phút-4,U211-H5-VS2-08.10.2024,0,1,,304.00541,774.0,254.20001,49.80539999999999,0
U211-H5-VS2-GGA10- HH 5mg-L-10102024-Q=50.17mL-phút-4,U211-H5-VS2-08.10.2024,0,2,,303.38108,1246.0,252.0,51.38108,0
U211-H5-VS2-GGA10- HH 5mg-L-10102024-Q=50.17mL-phút-4,U211-H5-VS2-08.10.2024,0,3,,293.55135,1719.0,236.6,56.95135000000002,0
U211-H5-VS2-GGA10- HH 5mg-L-10102024-Q=50.17mL-phút-4,U211-H5-VS2-08.10.2024,0,4,,287.52973,2194.0,237.0,50.52972999999997,0
U211-H5-VS2-GGA10- HH 5mg-L-10102024-Q=50.17mL-phút-4,U211-H5-VS2-08.10.2024,0,5,,295.0,2668.0,237.8,57.19999999999999,0
U211-H5-VS2-GGA10- HH 5mg-L-10102024-Q=50.17mL-phút-4,U211-H5-VS2-08.10.2024,0,6,,301.70811,3141.0,244.5,57.20810999999998,0
U211-H5-VS2-GGA10- HH 5mg-L-10102024-Q=50.17mL-phút-4,U211-H5-VS2-08.10.2024,0,7,GGA10-HH5,321.66757,3620.0,276.30001,45.367560000000026,1
U211-H5-VS2-GGA10- HH 5mg-L-10102024-Q=50.17mL-phút-4,U211-H5-VS2-08.10.2024,0,8,,315.13685,4092.0,268.79999,46.33686,1
U211-H5-VS2-GGA10- HH 5mg-L-10102024-Q=50.17mL-phút-4,U211-H5-VS2-08.10.2024,0,9,,319.25946,4571.0,274.10001,45.15944999999999,2
U211-H5-VS2-GGA10- HH 5mg-L-10102024-Q=50.17mL-phút-4,U211-H5-VS2-08.10.2024,0,10,,323.85676,5044.0,277.20001,46.65674999999999,2
U211-H5-VS2-GGA10- HH 5mg-L-10102024-Q=50.17mL-phút-4,U211-H5-VS2-08.10.2024,0,11,,330.60526,5517.0,284.1,46.505259999999964,2
U211-H5-VS2-GGA10- Zn(II) 5-Cr(VI) 10-Ni(II) 10mg-L-10102024-Q=50.1mL-phút-1,U211-H5-VS2-08.10.2024,1,0,GGA10,323.95676,301.0,272.8,51.15675999999996,0
U211-H5-VS2-GGA10- Zn(II) 5-Cr(VI) 10-Ni(II) 10mg-L-10102024-Q=50.1mL-phút-1,U211-H5-VS2-08.10.2024,1,1,,329.32973,774.0,279.3,50.02972999999997,0
U211-H5-VS2-GGA10- Zn(II) 5-Cr(VI) 10-Ni(II) 10mg-L-10102024-Q=50.1mL-phút-1,U211-H5-VS2-08.10.2024,1,2,,333.65526,1250.0,280.49999,53.15526999999997,0
U211-H5-VS2-GGA10- Zn(II) 5-Cr(VI) 10-Ni(II) 10mg-L-10102024-Q=50.1mL-phút-1,U211-H5-VS2-08.10.2024,1,3,,328.72703,1721.0,275.5,53.22703000000001,0
U211-H5-VS2-GGA10- Zn(II) 5-Cr(VI) 10-Ni(II) 10mg-L-10102024-Q=50.1mL-phút-1,U211-H5-VS2-08.10.2024,1,4,,324.91053,2195.0,269.2,55.710530000000006,0
U211-H5-VS2-GGA10- Zn(II) 5-Cr(VI) 10-Ni(II) 10mg-L-10102024-Q=50.1mL-phút-1,U211-H5-VS2-08.10.2024,1,5,,324.5275,2672.0,271.0,53.527499999999975,0
U211-H5-VS2-GGA10- Zn(II) 5-Cr(VI) 10-Ni(II) 10mg-L-10102024-Q=50.1mL-phút-1,U211-H5-VS2-08.10.2024,1,6,GGA10-Zn5-Cr10-Ni10,332.11352,3141.0,282.99999,49.11352999999997,1
U211-H5-VS2-GGA10- Zn(II) 5-Cr(VI) 10-Ni(II) 10mg-L-10102024-Q=50.1mL-phút-1,U211-H5-VS2-08.10.2024,1,7,,331.53158,3616.0,283.80001,47.73157000000003,1
U211-H5-VS2-GGA10- Zn(II) 5-Cr(VI) 10-Ni(II) 10mg-L-10102024-Q=50.1mL-phút-1,U211-H5-VS2-08.10.2024,1,8,,326.08421,4089.0,282.79999,43.284220000000005,1
U211-H5-VS2-GGA10- Zn(II) 5-Cr(VI) 10-Ni(II) 10mg-L-10102024-Q=50.1mL-phút-1,U211-H5-VS2-08.10.2024,1,9,,322.31622,4564.0,277.90001,44.41620999999998,2
U211-H5-VS2-GGA10- Zn(II) 5-Cr(VI) 10-Ni(II) 10mg-L-10102024-Q=50.1mL-phút-1,U211-H5-VS2-08.10.2024,1,10,,326.81351,5035.0,282.09999,44.71352000000002,2
U211-H5-VS2-GGA20- Zn(II) 15-Cr(VI) 10-Ni(II) 10 mg-L-10102024-Q=49.98mL-phút-1,U211-H5-VS2-08.10.2024,2,0,GGA20,322.05897,301.0,271.9,50.15897000000001,0
U211-H5-VS2-GGA20- Zn(II) 15-Cr(VI) 10-Ni(II) 10 mg-L-10102024-Q=49.98mL-phút-1,U211-H5-VS2-08.10.2024,2,1,,318.37027,777.0,266.09999,52.270280000000014,0
U211-H5-VS2-GGA20- Zn(II) 15-Cr(VI) 10-Ni(II) 10 mg-L-10102024-Q=49.98mL-phút-1,U211-H5-VS2-08.10.2024,2,2,,316.41579,1247.0,264.49999,51.91579999999999,0
U211-H5-VS2-GGA20- Zn(II) 15-Cr(VI) 10-Ni(II) 10 mg-L-10102024-Q=49.98mL-phút-1,U211-H5-VS2-08.10.2024,2,3,,323.65526,1724.0,271.2,52.45526000000001,0
U211-H5-VS2-GGA20- Zn(II) 15-Cr(VI) 10-Ni(II) 10 mg-L-10102024-Q=49.98mL-phút-1,U211-H5-VS2-08.10.2024,2,4,,316.04325,2199.0,264.60001,51.44324,0
U211-H5-VS2-GGA20- Zn(II) 15-Cr(VI) 10-Ni(II) 10 mg-L-10102024-Q=49.98mL-phút-1,U211-H5-VS2-08.10.2024,2,5,,315.5027,2669.0,264.49999,51.00270999999998,0
U211-H5-VS2-GGA20- Zn(II) 15-Cr(VI) 10-Ni(II) 10 mg-L-10102024-Q=49.98mL-phút-1,U211-H5-VS2-08.10.2024,2,6,,312.51111,3142.0,259.20001,53.31109999999995,0
U211-H5-VS2-GGA20- Zn(II) 15-Cr(VI) 10-Ni(II) 10 mg-L-10102024-Q=49.98mL-phút-1,U211-H5-VS2-08.10.2024,2,7,GGA20-Zn15-Cr10-Ni10,312.69444,3614.0,267.4,45.29444000000001,1
U211-H5-VS2-GGA20- Zn(II) 15-Cr(VI) 10-Ni(II) 10 mg-L-10102024-Q=49.98mL-phút-1,U211-H5-VS2-08.10.2024,2,8,,311.16546,4090.0,263.20001,47.965449999999976,1
U211-H5-VS2-GGA20- Zn(II) 15-Cr(VI) 10-Ni(II) 10 mg-L-10102024-Q=49.98mL-phút-1,U211-H5-VS2-08.10.2024,2,9,,315.69273,4562.0,271.80001,43.89272,2
U211-H5-VS2-GGA20- Zn(II) 15-Cr(VI) 10-Ni(II) 10 mg-L-10102024-Q=49.98mL-phút-1,U211-H5-VS2-08.10.2024,2,10,,323.64364,5037.0,280.2,43.443640000000016,2
U212-H6-VS2-GGA10-HH 5mg-L-10102024-Q=50.08mL-phút-5,U212-H6-VS2-08.10.2024,0,0,GGA10,340.8,301.0,296.7,44.10000000000002,0
U212-H6-VS2-GGA10-HH 5mg-L-10102024-Q=50.08mL-phút-5,U212-H6-VS2-08.10.2024,0,1,,338.27027,771.0,290.30001,47.970259999999996,0
U212-H6-VS2-GGA10-HH 5mg-L-10102024-Q=50.08mL-phút-5,U212-H6-VS2-08.10.2024,0,2,,333.38919,1246.0,285.29999,48.089200000000005,0
U212-H6-VS2-GGA10-HH 5mg-L-10102024-Q=50.08mL-phút-5,U212-H6-VS2-08.10.2024,0,3,,333.96389,1720.0,288.19999,45.76389999999998,0
U212-H6-VS2-GGA10-HH 5mg-L-10102024-Q=50.08mL-phút-5,U212-H6-VS2-08.10.2024,0,4,,340.92778,2192.0,291.59999,49.32778999999999,0
U212-H6-VS2-GGA10-HH 5mg-L-10102024-Q=50.08mL-phút-5,U212-H6-VS2-08.10.2024,0,5,,348.30278,2668.0,300.39999,47.90278999999998,0
U212-H6-VS2-GGA10-HH 5mg-L-10102024-Q=50.08mL-phút-5,U212-H6-VS2-08.10.2024,0,6,GGA10-HH5,361.33334,3141.0,311.50001,49.833330000000046,1
U212-H6-VS2-GGA10-HH 5mg-L-10102024-Q=50.08mL-phút-5,U212-H6-VS2-08.10.2024,0,7,,355.97838,3616.0,314.00001,41.97837000000004,1
U212-H6-VS2-GGA10-HH 5mg-L-10102024-Q=50.08mL-phút-5,U212-H6-VS2-08.10.2024,0,8,,357.85135,4087.0,316.00001,41.85134000000005,1
U212-H6-VS2-GGA10-HH 5mg-L-10102024-Q=50.08mL-phút-5,U212-H6-VS2-08.10.2024,0,9,,346.21111,4560.0,305.59999,40.61112000000003,1
U212-H6-VS2-GGA10-HH 5mg-L-10102024-Q=50.08mL-phút-5,U212-H6-VS2-08.10.2024,0,10,,345.41944,5036.0,306.6,38.819439999999986,1
U212-H6-VS2-GGA10-HH 5mg-L-10102024-Q=50.08mL-phút-5,U212-H6-VS2-08.10.2024,0,11,,341.75,5508.0,306.49999,35.250009999999975,2
U212-H6-VS2-GGA10-HH 5mg-L-10102024-Q=50.08mL-phút-5,U212-H6-VS2-08.10.2024,0,12,,344.625,5985.0,308.0,36.625,2
U212-H6-VS2-GGA10-HH 5mg-L-10102024-Q=50.08mL-phút-5,U212-H6-VS2-08.10.2024,0,13,,349.84324,6457.0,311.69999,38.143249999999966,2
U212-H6-VS2-GGA10-HH 5mg-L-10102024-Q=50.08mL-phút-5,U212-H6-VS2-08.10.2024,0,14,,339.85,6930.0,305.09999,34.75001000000003,2
U212-H6-VS2-GGA10- Zn(II) 5-Cr(VI) 10-Ni(II) 10mg-L-10102024-Q=50mL-phút-2,U212-H6-VS2-08.10.2024,1,0,GGA10,337.34615,301.0,299.80001,37.54614000000004,0
U212-H6-VS2-GGA10- Zn(II) 5-Cr(VI) 10-Ni(II) 10mg-L-10102024-Q=50mL-phút-2,U212-H6-VS2-08.10.2024,1,1,,338.26757,776.0,301.0,37.26756999999998,0
U212-H6-VS2-GGA10- Zn(II) 5-Cr(VI) 10-Ni(II) 10mg-L-10102024-Q=50mL-phút-2,U212-H6-VS2-08.10.2024,1,2,,341.97838,1252.0,303.40001,38.57837000000001,0
U212-H6-VS2-GGA10- Zn(II) 5-Cr(VI) 10-Ni(II) 10mg-L-10102024-Q=50mL-phút-2,U212-H6-VS2-08.10.2024,1,3,,344.67222,1721.0,301.7,42.97221999999999,0
U212-H6-VS2-GGA10- Zn(II) 5-Cr(VI) 10-Ni(II) 10mg-L-10102024-Q=50mL-phút-2,U212-H6-VS2-08.10.2024,1,4,,337.74444,2199.0,295.70001,42.04442999999998,0
U212-H6-VS2-GGA10- Zn(II) 5-Cr(VI) 10-Ni(II) 10mg-L-10102024-Q=50mL-phút-2,U212-H6-VS2-08.10.2024,1,5,,333.34722,2668.0,292.4,40.947220000000016,0
U212-H6-VS2-GGA10- Zn(II) 5-Cr(VI) 10-Ni(II) 10mg-L-10102024-Q=50mL-phút-2,U212-H6-VS2-08.10.2024,1,6,,335.85555,3147.0,294.9,40.95555000000002,0
U212-H6-VS2-GGA10- Zn(II) 5-Cr(VI) 10-Ni(II) 10mg-L-10102024-Q=50mL-phút-2,U212-H6-VS2-08.10.2024,1,7,GGA10-Zn5-Cr10-Ni10,339.33056,3618.0,302.70001,36.63054999999997,1
U212-H6-VS2-GGA10- Zn(II) 5-Cr(VI) 10-Ni(II) 10mg-L-10102024-Q=50mL-phút-2,U212-H6-VS2-08.10.2024,1,8,,335.04595,4094.0,298.20001,36.845939999999985,1
U212-H6-VS2-GGA10- Zn(II) 5-Cr(VI) 10-Ni(II) 10mg-L-10102024-Q=50mL-phút-2,U212-H6-VS2-08.10.2024,1,9,,329.66389,4566.0,289.40001,40.26387999999997,1
U212-H6-VS2-GGA10- Zn(II) 5-Cr(VI) 10-Ni(II) 10mg-L-10102024-Q=50mL-phút-2,U212-H6-VS2-08.10.2024,1,10,,325.48056,5038.0,293.1,32.38056,2
U212-H6-VS2-GGA10- Zn(II) 5-Cr(VI) 10-Ni(II) 10mg-L-10102024-Q=50mL-phút-2,U212-H6-VS2-08.10.2024,1,11,,325.60278,5511.0,292.69999,32.90278999999998,2
U212-H6-VS2-GGA20- Zn(II) 5-Cr(VI) 10-Ni(II) 10mg-L-10102024-Q=49.84mL-phút-2,U212-H6-VS2-08.10.2024,2,0,GGA20,326.91666,301.0,287.49999,39.416669999999954,0
U212-H6-VS2-GGA20- Zn(II) 5-Cr(VI) 10-Ni(II) 10mg-L-10102024-Q=49.84mL-phút-2,U212-H6-VS2-08.10.2024,2,1,,324.78611,773.0,286.00001,38.78610000000003,0
U212-H6-VS2-GGA20- Zn(II) 5-Cr(VI) 10-Ni(II) 10mg-L-10102024-Q=49.84mL-phút-2,U212-H6-VS2-08.10.2024,2,2,,321.76486,1247.0,283.69999,38.064869999999985,0
U212-H6-VS2-GGA20- Zn(II) 5-Cr(VI) 10-Ni(II) 10mg-L-10102024-Q=49.84mL-phút-2,U212-H6-VS2-08.10.2024,2,3,,320.44054,1723.0,283.10001,37.34053,0
U212-H6-VS2-GGA20- Zn(II) 5-Cr(VI) 10-Ni(II) 10mg-L-10102024-Q=49.84mL-phút-2,U212-H6-VS2-08.10.2024,2,4,,323.51111,2202.0,285.10001,38.411099999999976,0
U212-H6-VS2-GGA20- Zn(II) 5-Cr(VI) 10-Ni(II) 10mg-L-10102024-Q=49.84mL-phút-2,U212-H6-VS2-08.10.2024,2,5,,320.67297,2674.0,282.09999,38.57298000000003,0
U212-H6-VS2-GGA20- Zn(II) 5-Cr(VI) 10-Ni(II) 10mg-L-10102024-Q=49.84mL-phút-2,U212-H6-VS2-08.10.2024,2,6,,318.10833,3149.0,281.8,36.30833000000001,0
U212-H6-VS2-GGA20- Zn(II) 5-Cr(VI) 10-Ni(II) 10mg-L-10102024-Q=49.84mL-phút-2,U212-H6-VS2-08.10.2024,2,7,GGA20-Zn5-Cr10-Ni10,318.60833,3626.0,283.80001,34.80832000000004,1
U212-H6-VS2-GGA20- Zn(II) 5-Cr(VI) 10-Ni(II) 10mg-L-10102024-Q=49.84mL-phút-2,U212-H6-VS2-08.10.2024,2,8,,314.48919,4096.0,283.10001,31.38918000000001,1
U212-H6-VS2-GGA20- Zn(II) 5-Cr(VI) 10-Ni(II) 10mg-L-10102024-Q=49.84mL-phút-2,U212-H6-VS2-08.10.2024,2,9,,317.88108,4567.0,284.3,33.581079999999986,1
U212-H6-VS2-GGA20- Zn(II) 5-Cr(VI) 10-Ni(II) 10mg-L-10102024-Q=49.84mL-phút-2,U212-H6-VS2-08.10.2024,2,10,,321.44737,5048.0,288.6,32.847369999999955,1
U212-H6-VS2-GGA20- Zn(II) 5-Cr(VI) 10-Ni(II) 10mg-L-10102024-Q=49.84mL-phút-2,U212-H6-VS2-08.10.2024,2,11,,322.90278,5514.0,287.0,35.90278000000001,1
U212-H6-VS2-GGA20- Zn(II) 5-Cr(VI) 10-Ni(II) 10mg-L-10102024-Q=49.84mL-phút-2,U212-H6-VS2-08.10.2024,2,12,,317.57778,5988.0,284.70001,32.87777,1
U212-H6-VS2-GGA20- Zn(II) 5-Cr(VI) 10-Ni(II) 10mg-L-10102024-Q=49.84mL-phút-2,U212-H6-VS2-08.10.2024,2,13,,313.32222,6463.0,280.09999,33.222230000000025,1
U212-H6-VS2-GGA20- Zn(II) 5-Cr(VI) 10-Ni(II) 10mg-L-10102024-Q=49.84mL-phút-2,U212-H6-VS2-08.10.2024,2,14,,310.88333,6941.0,278.80001,32.083320000000015,2
U212-H6-VS2-GGA20- Zn(II) 5-Cr(VI) 10-Ni(II) 10mg-L-10102024-Q=49.84mL-phút-2,U212-H6-VS2-08.10.2024,2,15,,310.31455,7412.0,277.5,32.81455,2
U213-H5-VS2-GGA10- Zn(II) 5-Cr(VI) 10-Ni(II) 10mg-L-11102024-Q=50.4mL-phút-3,U213-H5-VS2-09.10.2024,0,0,GGA10,294.67344,301.0,222.20001,72.47343000000004,0
U213-H5-VS2-GGA10- Zn(II) 5-Cr(VI) 10-Ni(II) 10mg-L-11102024-Q=50.4mL-phút-3,U213-H5-VS2-09.10.2024,0,1,,295.54032,779.0,229.7,65.84032000000002,0
U213-H5-VS2-GGA10- Zn(II) 5-Cr(VI) 10-Ni(II) 10mg-L-11102024-Q=50.4mL-phút-3,U213-H5-VS2-09.10.2024,0,2,,297.98549,1250.0,233.2,64.78549000000004,0
U213-H5-VS2-GGA10- Zn(II) 5-Cr(VI) 10-Ni(II) 10mg-L-11102024-Q=50.4mL-phút-3,U213-H5-VS2-09.10.2024,0,3,,305.41774,1726.0,235.49999,69.91774999999998,0
U213-H5-VS2-GGA10- Zn(II) 5-Cr(VI) 10-Ni(II) 10mg-L-11102024-Q=50.4mL-phút-3,U213-H5-VS2-09.10.2024,0,4,,315.03226,2198.0,241.3,73.73226,0
U213-H5-VS2-GGA10- Zn(II) 5-Cr(VI) 10-Ni(II) 10mg-L-11102024-Q=50.4mL-phút-3,U213-H5-VS2-09.10.2024,0,5,,321.92459,2669.0,249.3,72.62459000000001,0
U213-H5-VS2-GGA10- Zn(II) 5-Cr(VI) 10-Ni(II) 10mg-L-11102024-Q=50.4mL-phút-3,U213-H5-VS2-09.10.2024,0,6,,323.21475,3146.0,244.8,78.41474999999997,0
U213-H5-VS2-GGA10- Zn(II) 5-Cr(VI) 10-Ni(II) 10mg-L-11102024-Q=50.4mL-phút-3,U213-H5-VS2-09.10.2024,0,7,GGA10-Zn5-Cr10-Ni10,334.17869,3618.0,260.30001,73.87868000000003,1
U213-H5-VS2-GGA10- Zn(II) 5-Cr(VI) 10-Ni(II) 10mg-L-11102024-Q=50.4mL-phút-3,U213-H5-VS2-09.10.2024,0,8,,336.63438,4090.0,268.5,68.13438000000002,1
U213-H5-VS2-GGA10- Zn(II) 5-Cr(VI) 10-Ni(II) 10mg-L-11102024-Q=50.4mL-phút-3,U213-H5-VS2-09.10.2024,0,9,,337.9836,4565.0,266.99999,70.98361,1
U213-H5-VS2-GGA10- Zn(II) 5-Cr(VI) 10-Ni(II) 10mg-L-11102024-Q=50.4mL-phút-3,U213-H5-VS2-09.10.2024,0,10,,338.73443,5040.0,271.4,67.33443,1
U213-H5-VS2-GGA10- Zn(II) 5-Cr(VI) 10-Ni(II) 10mg-L-11102024-Q=50.4mL-phút-3,U213-H5-VS2-09.10.2024,0,11,,340.31639,5510.0,273.79999,66.51640000000003,1
U213-H5-VS2-GGA10- Zn(II) 5-Cr(VI) 10-Ni(II) 10mg-L-11102024-Q=50.4mL-phút-3,U213-H5-VS2-09.10.2024,0,12,,340.73387,5983.0,277.3,63.43387000000001,2
U213-H5-VS2-GGA10- Zn(II) 5-Cr(VI) 10-Ni(II) 10mg-L-11102024-Q=50.4mL-phút-3,U213-H5-VS2-09.10.2024,0,13,,340.62581,6457.0,277.59999,63.02582000000001,2
U213-H5-VS2-GGA10- Zn(II) 5-Cr(VI) 10-Ni(II) 10mg-L-11102024-Q=50.4mL-phút-3,U213-H5-VS2-09.10.2024,0,14,,342.64098,6929.0,278.9,63.740980000000036,2
U213-H5-VS2-GGA10- HH 15 mg-L-11102024-Q=50.64mL-phút-2,U213-H5-VS2-09.10.2024,1,0,GGA10,321.88387,301.0,259.29999,62.58388000000002,0
U213-H5-VS2-GGA10- HH 15 mg-L-11102024-Q=50.64mL-phút-2,U213-H5-VS2-09.10.2024,1,1,,319.15322,775.0,255.80001,63.35320999999999,0
U213-H5-VS2-GGA10- HH 15 mg-L-11102024-Q=50.64mL-phút-2,U213-H5-VS2-09.10.2024,1,2,,317.58226,1246.0,257.7,59.88226000000003,0
U213-H5-VS2-GGA10- HH 15 mg-L-11102024-Q=50.64mL-phút-2,U213-H5-VS2-09.10.2024,1,3,,314.94516,1721.0,253.19999,61.74516999999997,0
U213-H5-VS2-GGA10- HH 15 mg-L-11102024-Q=50.64mL-phút-2,U213-H5-VS2-09.10.2024,1,4,,314.32742,2195.0,248.1,66.22742000000002,0
U213-H5-VS2-GGA10- HH 15 mg-L-11102024-Q=50.64mL-phút-2,U213-H5-VS2-09.10.2024,1,5,,313.73115,2664.0,244.8,68.93115,0
U213-H5-VS2-GGA10- HH 15 mg-L-11102024-Q=50.64mL-phút-2,U213-H5-VS2-09.10.2024,1,6,GGA10-HH15,318.41967,3139.0,255.60001,62.81966,1
U213-H5-VS2-GGA10- HH 15 mg-L-11102024-Q=50.64mL-phút-2,U213-H5-VS2-09.10.2024,1,7,,328.95,3614.0,257.80001,71.14999,1
U213-H5-VS2-GGA10- HH 15 mg-L-11102024-Q=50.64mL-phút-2,U213-H5-VS2-09.10.2024,1,8,,318.08065,4084.0,258.89999,59.18065999999999,2
U213-H5-VS2-GGA10- HH 15 mg-L-11102024-Q=50.64mL-phút-2,U213-H5-VS2-09.10.2024,1,9,,313.20328,4558.0,254.40001,58.80327,2
U213-H5-VS2-GGA20- HH 15 mg-L-11102024-Q=49.92mL-phút-3,U213-H5-VS2-09.10.2024,2,0,GGA20,313.89839,301.0,247.79999,66.0984,0
U213-H5-VS2-GGA20- HH 15 mg-L-11102024-Q=49.92mL-phút-3,U213-H5-VS2-09.10.2024,2,1,,311.82295,776.0,246.2,65.62295,0
U213-H5-VS2-GGA20- HH 15 mg-L-11102024-Q=49.92mL-phút-3,U213-H5-VS2-09.10.2024,2,2,,309.95968,1251.0,246.2,63.75968,0
U213-H5-VS2-GGA20- HH 15 mg-L-11102024-Q=49.92mL-phút-3,U213-H5-VS2-09.10.2024,2,3,,309.17419,1723.0,243.8,65.37419,0
U213-H5-VS2-GGA20- HH 15 mg-L-11102024-Q=49.92mL-phút-3,U213-H5-VS2-09.10.2024,2,4,,312.56667,2195.0,244.5,68.06666999999999,0
U213-H5-VS2-GGA20- HH 15 mg-L-11102024-Q=49.92mL-phút-3,U213-H5-VS2-09.10.2024,2,5,,310.98666,2666.0,243.2,67.78665999999998,0
U213-H5-VS2-GGA20- HH 15 mg-L-11102024-Q=49.92mL-phút-3,U213-H5-VS2-09.10.2024,2,6,,312.33409,3145.0,244.8,67.53408999999999,0
U213-H5-VS2-GGA20- HH 15 mg-L-11102024-Q=49.92mL-phút-3,U213-H5-VS2-09.10.2024,2,7,GGA20-HH15,309.93556,3615.0,248.69999,61.235569999999996,1
U213-H5-VS2-GGA20- HH 15 mg-L-11102024-Q=49.92mL-phút-3,U213-H5-VS2-09.10.2024,2,8,,318.37111,4088.0,257.60001,60.77109999999999,1
U213-H5-VS2-GGA20- HH 15 mg-L-11102024-Q=49.92mL-phút-3,U213-H5-VS2-09.10.2024,2,9,,319.01556,4565.0,259.20001,59.81554999999997,2
U213-H5-VS2-GGA20- HH 15 mg-L-11102024-Q=49.92mL-phút-3,U213-H5-VS2-09.10.2024,2,10,,318.50652,5034.0,259.60001,58.906510000000026,2
U214-H6-VS2-GGA10- Zn(II) 5-Cr(VI) 10-Ni(II) 10mg-L-11102024-Q=50.3mL-phút-4,U214-H6-VS2-09.10.2024,0,0,GGA10,330.98421,301.0,280.29999,50.68422000000004,0
U214-H6-VS2-GGA10- Zn(II) 5-Cr(VI) 10-Ni(II) 10mg-L-11102024-Q=50.3mL-phút-4,U214-H6-VS2-09.10.2024,0,1,,337.26667,773.0,285.60001,51.66665999999998,0
U214-H6-VS2-GGA10- Zn(II) 5-Cr(VI) 10-Ni(II) 10mg-L-11102024-Q=50.3mL-phút-4,U214-H6-VS2-09.10.2024,0,2,,344.88448,1248.0,289.79999,55.08449000000002,0
U214-H6-VS2-GGA10- Zn(II) 5-Cr(VI) 10-Ni(II) 10mg-L-11102024-Q=50.3mL-phút-4,U214-H6-VS2-09.10.2024,0,3,,349.32931,1726.0,294.7,54.62931000000003,0
U214-H6-VS2-GGA10- Zn(II) 5-Cr(VI) 10-Ni(II) 10mg-L-11102024-Q=50.3mL-phút-4,U214-H6-VS2-09.10.2024,0,4,,351.39824,2196.0,295.19999,56.19824999999997,0
U214-H6-VS2-GGA10- Zn(II) 5-Cr(VI) 10-Ni(II) 10mg-L-11102024-Q=50.3mL-phút-4,U214-H6-VS2-09.10.2024,0,5,GGA10-Zn5-Cr10-Ni10,357.93509,2670.0,309.30001,48.635080000000016,1
U214-H6-VS2-GGA10- Zn(II) 5-Cr(VI) 10-Ni(II) 10mg-L-11102024-Q=50.3mL-phút-4,U214-H6-VS2-09.10.2024,0,6,,355.318,3142.0,310.20001,45.11798999999996,1
U214-H6-VS2-GGA10- Zn(II) 5-Cr(VI) 10-Ni(II) 10mg-L-11102024-Q=50.3mL-phút-4,U214-H6-VS2-09.10.2024,0,7,,354.59,3604.0,311.69999,42.89000999999996,1
U214-H6-VS2-GGA10- Zn(II) 5-Cr(VI) 10-Ni(II) 10mg-L-11102024-Q=50.3mL-phút-4,U214-H6-VS2-09.10.2024,0,8,,354.28889,4079.0,315.49999,38.788899999999956,1
U214-H6-VS2-GGA10- Zn(II) 5-Cr(VI) 10-Ni(II) 10mg-L-11102024-Q=50.3mL-phút-4,U214-H6-VS2-09.10.2024,0,9,,351.72667,4550.0,315.49999,36.22667999999999,1
U214-H6-VS2-GGA10- Zn(II) 5-Cr(VI) 10-Ni(II) 10mg-L-11102024-Q=50.3mL-phút-4,U214-H6-VS2-09.10.2024,0,10,,349.725,5027.0,311.30001,38.42499000000004,2
U214-H6-VS2-GGA10- Zn(II) 5-Cr(VI) 10-Ni(II) 10mg-L-11102024-Q=50.3mL-phút-4,U214-H6-VS2-09.10.2024,0,11,,347.27174,5502.0,308.49999,38.77175,2
U214-H6-VS2-GGA20- HH15 mg-L-11102024-Q=50.12 mL-phút-4,U214-H6-VS2-09.10.2024,1,0,GGA20,306.28889,301.0,264.60001,41.68887999999998,0
U214-H6-VS2-GGA20- HH15 mg-L-11102024-Q=50.12 mL-phút-4,U214-H6-VS2-09.10.2024,1,1,,306.59546,774.0,263.39999,43.19547,0
U214-H6-VS2-GGA20- HH15 mg-L-11102024-Q=50.12 mL-phút-4,U214-H6-VS2-09.10.2024,1,2,,305.62273,1245.0,263.39999,42.22273999999999,0
U214-H6-VS2-GGA20- HH15 mg-L-11102024-Q=50.12 mL-phút-4,U214-H6-VS2-09.10.2024,1,3,,303.98666,1718.0,262.2,41.78665999999998,0
U214-H6-VS2-GGA20- HH15 mg-L-11102024-Q=50.12 mL-phút-4,U214-H6-VS2-09.10.2024,1,4,,301.63617,2193.0,261.5,40.13616999999999,0
U214-H6-VS2-GGA20- HH15 mg-L-11102024-Q=50.12 mL-phút-4,U214-H6-VS2-09.10.2024,1,5,,303.01333,2662.0,262.4,40.61333000000002,0
U214-H6-VS2-GGA20- HH15 mg-L-11102024-Q=50.12 mL-phút-4,U214-H6-VS2-09.10.2024,1,6,,302.06444,3139.0,261.5,40.56443999999999,0
U214-H6-VS2-GGA20- HH15 mg-L-11102024-Q=50.12 mL-phút-4,U214-H6-VS2-09.10.2024,1,7,GGA20-HH15,303.74545,3611.0,260.10001,43.64544000000001,1
U214-H6-VS2-GGA20- HH15 mg-L-11102024-Q=50.12 mL-phút-4,U214-H6-VS2-09.10.2024,1,8,,299.39778,4086.0,261.09999,38.29779000000002,1
U214-H6-VS2-GGA20- HH15 mg-L-11102024-Q=50.12 mL-phút-4,U214-H6-VS2-09.10.2024,1,9,,307.42045,4563.0,268.00001,39.42044000000004,1
U214-H6-VS2-GGA20- HH15 mg-L-11102024-Q=50.12 mL-phút-4,U214-H6-VS2-09.10.2024,1,10,,305.53636,5033.0,263.8,41.73635999999999,1
U214-H6-VS2-GGA20- HH15 mg-L-11102024-Q=50.12 mL-phút-4,U214-H6-VS2-09.10.2024,1,11,,302.92222,5509.0,265.50001,37.42221000000001,2
U214-H6-VS2-GGA20- HH15 mg-L-11102024-Q=50.12 mL-phút-4,U214-H6-VS2-09.10.2024,1,12,,299.87826,5986.0,260.30001,39.578250000000025,2
U214-H6-VS2-GGA20- HH15 mg-L-11102024-Q=50.12 mL-phút-4,U214-H6-VS2-09.10.2024,1,13,,296.86137,6454.0,257.29999,39.56138000000004,2
"U215-H5-VS2-GGA5- Zn(II) 10-Cr(VI) 10-Ni(II) 15 mg-L-14102024-Q=49,9 mL-phút-1",U215-H5-VS2-10.10.2024,0,0,GGA5,330.525,301.0,227.9,102.625,0
"U215-H5-VS2-GGA5- Zn(II) 10-Cr(VI) 10-Ni(II) 15 mg-L-14102024-Q=49,9 mL-phút-1",U215-H5-VS2-10.10.2024,0,1,,328.63065,777.0,222.39999,106.23066,0
"U215-H5-VS2-GGA5- Zn(II) 10-Cr(VI) 10-Ni(II) 15 mg-L-14102024-Q=49,9 mL-phút-1",U215-H5-VS2-10.10.2024,0,2,,331.75645,1247.0,217.80001,113.95644,0
"U215-H5-VS2-GGA5- Zn(II) 10-Cr(VI) 10-Ni(II) 15 mg-L-14102024-Q=49,9 mL-phút-1",U215-H5-VS2-10.10.2024,0,3,,333.55323,1721.0,217.4,116.15323,0
"U215-H5-VS2-GGA5- Zn(II) 10-Cr(VI) 10-Ni(II) 15 mg-L-14102024-Q=49,9 mL-phút-1",U215-H5-VS2-10.10.2024,0,4,,324.51129,2200.0,206.6,117.91129,0
"U215-H5-VS2-GGA5- Zn(II) 10-Cr(VI) 10-Ni(II) 15 mg-L-14102024-Q=49,9 mL-phút-1",U215-H5-VS2-10.10.2024,0,5,GGA5-Zn10-Cr10-Ni15,332.5871,2679.0,209.3,123.2871,1
"U215-H5-VS2-GGA5- Zn(II) 10-Cr(VI) 10-Ni(II) 15 mg-L-14102024-Q=49,9 mL-phút-1",U215-H5-VS2-10.10.2024,0,6,,333.86066,3153.0,211.4,122.46066,1
"U215-H5-VS2-GGA5- Zn(II) 10-Cr(VI) 10-Ni(II) 15 mg-L-14102024-Q=49,9 mL-phút-1",U215-H5-VS2-10.10.2024,0,7,,334.37377,3625.0,213.9,120.47377,1
"U215-H5-VS2-GGA5- Zn(II) 10-Cr(VI) 10-Ni(II) 15 mg-L-14102024-Q=49,9 mL-phút-1",U215-H5-VS2-10.10.2024,0,8,,332.51935,4098.0,215.20001,117.31934,1
"U215-H5-VS2-GGA5- Zn(II) 10-Cr(VI) 10-Ni(II) 15 mg-L-14102024-Q=49,9 mL-phút-1",U215-H5-VS2-10.10.2024,0,9,,333.59672,4573.0,211.60001,121.99671,1
"U215-H5-VS2-GGA5- Zn(II) 10-Cr(VI) 10-Ni(II) 15 mg-L-14102024-Q=49,9 mL-phút-1",U215-H5-VS2-10.10.2024,0,10,,333.91936,5046.0,214.5,119.41936,1
"U215-H5-VS2-GGA5- Zn(II) 10-Cr(VI) 10-Ni(II) 15 mg-L-14102024-Q=49,9 mL-phút-1",U215-H5-VS2-10.10.2024,0,11,,334.80645,5518.0,218.5,116.30645,1
"U215-H5-VS2-GGA5- Zn(II) 10-Cr(VI) 10-Ni(II) 15 mg-L-14102024-Q=49,9 mL-phút-1",U215-H5-VS2-10.10.2024,0,12,,333.97581,5992.0,223.4,110.57581,1
"U215-H5-VS2-GGA5- Zn(II) 10-Cr(VI) 10-Ni(II) 15 mg-L-14102024-Q=49,9 mL-phút-1",U215-H5-VS2-10.10.2024,0,13,,332.76774,6464.0,227.1,105.66774,1
"U215-H5-VS2-GGA5- Zn(II) 10-Cr(VI) 10-Ni(II) 15 mg-L-14102024-Q=49,9 mL-phút-1",U215-H5-VS2-10.10.2024,0,14,,305.68226,6944.0,209.8,95.88226,2
"U215-H5-VS2-GGA5- Zn(II) 10-Cr(VI) 10-Ni(II) 15 mg-L-14102024-Q=49,9 mL-phút-1",U215-H5-VS2-10.10.2024,0,15,,295.75806,7414.0,207.1,88.65806,2
"U215-H5-VS2-GGA10- Zn(II) 10-Cr(VI) 5-Ni(II) 10mg-L-14102024-Q=50,44mL-phút-1",U215-H5-VS2-10.10.2024,1,0,GGA10,327.75645,301.0,223.3,104.45645,0
"U215-H5-VS2-GGA10- Zn(II) 10-Cr(VI) 5-Ni(II) 10mg-L-14102024-Q=50,44mL-phút-1",U215-H5-VS2-10.10.2024,1,1,,330.36094,773.0,222.7,107.66094,0
"U215-H5-VS2-GGA10- Zn(II) 10-Cr(VI) 5-Ni(II) 10mg-L-14102024-Q=50,44mL-phút-1",U215-H5-VS2-10.10.2024,1,2,,328.85484,1248.0,221.6,107.25484,0
"U215-H5-VS2-GGA10- Zn(II) 10-Cr(VI) 5-Ni(II) 10mg-L-14102024-Q=50,44mL-phút-1",U215-H5-VS2-10.10.2024,1,3,,320.55902,1721.0,213.2,107.35902,0
"U215-H5-VS2-GGA10- Zn(II) 10-Cr(VI) 5-Ni(II) 10mg-L-14102024-Q=50,44mL-phút-1",U215-H5-VS2-10.10.2024,1,4,,324.36394,2194.0,221.1,103.26394,0
"U215-H5-VS2-GGA10- Zn(II) 10-Cr(VI) 5-Ni(II) 10mg-L-14102024-Q=50,44mL-phút-1",U215-H5-VS2-10.10.2024,1,5,,319.05484,2669.0,217.5,101.55484,0
"U215-H5-VS2-GGA10- Zn(II) 10-Cr(VI) 5-Ni(II) 10mg-L-14102024-Q=50,44mL-phút-1",U215-H5-VS2-10.10.2024,1,6,,311.39344,3139.0,208.9,102.49344,0
"U215-H5-VS2-GGA10- Zn(II) 10-Cr(VI) 5-Ni(II) 10mg-L-14102024-Q=50,44mL-phút-1",U215-H5-VS2-10.10.2024,1,7,GGA10-Zn10-Cr5-Ni10,311.58387,3611.0,209.09999,102.48388,1
"U215-H5-VS2-GGA10- Zn(II) 10-Cr(VI) 5-Ni(II) 10mg-L-14102024-Q=50,44mL-phút-1",U215-H5-VS2-10.10.2024,1,8,,309.33387,4085.0,208.19999,101.13388,1
"U215-H5-VS2-GGA10- Zn(II) 10-Cr(VI) 5-Ni(II) 10mg-L-14102024-Q=50,44mL-phút-1",U215-H5-VS2-10.10.2024,1,9,,306.52459,4558.0,210.4,96.12459,1
"U215-H5-VS2-GGA10- Zn(II) 10-Cr(VI) 5-Ni(II) 10mg-L-14102024-Q=50,44mL-phút-1",U215-H5-VS2-10.10.2024,1,10,,305.30806,5031.0,205.50001,99.80805,1
"U215-H5-VS2-GGA10- Zn(II) 10-Cr(VI) 5-Ni(II) 10mg-L-14102024-Q=50,44mL-phút-1",U215-H5-VS2-10.10.2024,1,11,,304.75323,5506.0,208.29999,96.45324,1
"U215-H5-VS2-GGA10- Zn(II) 10-Cr(VI) 5-Ni(II) 10mg-L-14102024-Q=50,44mL-phút-1",U215-H5-VS2-10.10.2024,1,12,,307.4377,5976.0,208.7,98.7377,2
"U215-H5-VS2-GGA10- Zn(II) 10-Cr(VI) 5-Ni(II) 10mg-L-14102024-Q=50,44mL-phút-1",U215-H5-VS2-10.10.2024,1,13,,307.16613,6450.0,208.5,98.66613,2
"U215-H5-VS2-GGA10- Zn(II) 10-Cr(VI) 5-Ni(II) 10mg-L-14102024-Q=50,44mL-phút-1",U215-H5-VS2-10.10.2024,1,14,,306.47705,6923.0,207.8,98.67705,2
"U215-H5-VS2-GGA15- Zn(II) 15-Cr(VI) 10-Ni(II) 15mg-L-14102024-Q=50,52mL-phút-1",U215-H5-VS2-10.10.2024,2,0,GGA15,309.51129,301.0,209.4,100.11129,0
"U215-H5-VS2-GGA15- Zn(II) 15-Cr(VI) 10-Ni(II) 15mg-L-14102024-Q=50,52mL-phút-1",U215-H5-VS2-10.10.2024,2,1,,305.37903,775.0,209.09999,96.27904,0
"U215-H5-VS2-GGA15- Zn(II) 15-Cr(VI) 10-Ni(II) 15mg-L-14102024-Q=50,52mL-phút-1",U215-H5-VS2-10.10.2024,2,2,,313.09516,1249.0,214.8,98.29516,0
"U215-H5-VS2-GGA15- Zn(II) 15-Cr(VI) 10-Ni(II) 15mg-L-14102024-Q=50,52mL-phút-1",U215-H5-VS2-10.10.2024,2,3,,319.32031,1724.0,217.99999,101.32032,0
"U215-H5-VS2-GGA15- Zn(II) 15-Cr(VI) 10-Ni(II) 15mg-L-14102024-Q=50,52mL-phút-1",U215-H5-VS2-10.10.2024,2,4,,324.2617,2199.0,224.80001,99.46169,0
"U215-H5-VS2-GGA15- Zn(II) 15-Cr(VI) 10-Ni(II) 15mg-L-14102024-Q=50,52mL-phút-1",U215-H5-VS2-10.10.2024,2,5,,317.83261,2667.0,217.3,100.53261,0
"U215-H5-VS2-GGA15- Zn(II) 15-Cr(VI) 10-Ni(II) 15mg-L-14102024-Q=50,52mL-phút-1",U215-H5-VS2-10.10.2024,2,6,,313.31064,3140.0,208.4,104.91064,0
"U215-H5-VS2-GGA15- Zn(II) 15-Cr(VI) 10-Ni(II) 15mg-L-14102024-Q=50,52mL-phút-1",U215-H5-VS2-10.10.2024,2,7,GGA15-Zn15-Cr10-Ni15,320.75319,3615.0,213.40001,107.35318,1
"U215-H5-VS2-GGA15- Zn(II) 15-Cr(VI) 10-Ni(II) 15mg-L-14102024-Q=50,52mL-phút-1",U215-H5-VS2-10.10.2024,2,8,,327.43044,4089.0,225.79999,101.63045,1
"U215-H5-VS2-GGA15- Zn(II) 15-Cr(VI) 10-Ni(II) 15mg-L-14102024-Q=50,52mL-phút-1",U215-H5-VS2-10.10.2024,2,9,,329.7,4560.0,228.40001,101.29999,1
"U215-H5-VS2-GGA15- Zn(II) 15-Cr(VI) 10-Ni(II) 15mg-L-14102024-Q=50,52mL-phút-1",U215-H5-VS2-10.10.2024,2,10,,332.32917,5034.0,229.1,103.22917,1
"U215-H5-VS2-GGA15- Zn(II) 15-Cr(VI) 10-Ni(II) 15mg-L-14102024-Q=50,52mL-phút-1",U215-H5-VS2-10.10.2024,2,11,,334.74681,5508.0,232.2,102.54681,1
"U215-H5-VS2-GGA15- Zn(II) 15-Cr(VI) 10-Ni(II) 15mg-L-14102024-Q=50,52mL-phút-1",U215-H5-VS2-10.10.2024,2,12,,325.3617,5982.0,230.7,94.6617,1
"U215-H5-VS2-GGA15- Zn(II) 15-Cr(VI) 10-Ni(II) 15mg-L-14102024-Q=50,52mL-phút-1",U215-H5-VS2-10.10.2024,2,13,,316.39783,6453.0,226.1,90.29783,1
"U215-H5-VS2-GGA15- Zn(II) 15-Cr(VI) 10-Ni(II) 15mg-L-14102024-Q=50,52mL-phút-1",U215-H5-VS2-10.10.2024,2,14,,310.98478,6928.0,224.5,86.48478,2
"U215-H5-VS2-GGA15- Zn(II) 15-Cr(VI) 10-Ni(II) 15mg-L-14102024-Q=50,52mL-phút-1",U215-H5-VS2-10.10.2024,2,15,,308.58261,7400.0,219.8,88.78261,2
"U215-H5-VS2-GGA15- Zn(II) 15-Cr(VI) 10-Ni(II) 15mg-L-14102024-Q=50,52mL-phút-1",U215-H5-VS2-10.10.2024,2,16,,307.76087,7874.0,221.2,86.56087,2
U216-H6-VS2-GGA5- Zn(II) 10-Cr(VI) 10-Ni(II) 15mg-L-14102024-Q=49.88mL-phút-2,U216-H6-VS2-10.10.2024,0,0,GGA5,352.96769,301.0,281.19999,71.7677,0
U216-H6-VS2-GGA5- Zn(II) 10-Cr(VI) 10-Ni(II) 15mg-L-14102024-Q=49.88mL-phút-2,U216-H6-VS2-10.10.2024,0,1,,348.35294,776.0,284.1,64.25294,0
U216-H6-VS2-GGA5- Zn(II) 10-Cr(VI) 10-Ni(II) 15mg-L-14102024-Q=49.88mL-phút-2,U216-H6-VS2-10.10.2024,0,2,,354.56154,1247.0,286.00001,68.56153,0
U216-H6-VS2-GGA5- Zn(II) 10-Cr(VI) 10-Ni(II) 15mg-L-14102024-Q=49.88mL-phút-2,U216-H6-VS2-10.10.2024,0,3,,355.57424,1720.0,286.8,68.77424,0
U216-H6-VS2-GGA5- Zn(II) 10-Cr(VI) 10-Ni(II) 15mg-L-14102024-Q=49.88mL-phút-2,U216-H6-VS2-10.10.2024,0,4,,356.6197,2192.0,282.00001,74.61969,0
U216-H6-VS2-GGA5- Zn(II) 10-Cr(VI) 10-Ni(II) 15mg-L-14102024-Q=49.88mL-phút-2,U216-H6-VS2-10.10.2024,0,5,,353.29077,2671.0,277.00001,76.29076,0
U216-H6-VS2-GGA5- Zn(II) 10-Cr(VI) 10-Ni(II) 15mg-L-14102024-Q=49.88mL-phút-2,U216-H6-VS2-10.10.2024,0,6,,345.84545,3143.0,273.09999,72.74546,0
U216-H6-VS2-GGA5- Zn(II) 10-Cr(VI) 10-Ni(II) 15mg-L-14102024-Q=49.88mL-phút-2,U216-H6-VS2-10.10.2024,0,7,,346.57538,3615.0,272.19999,74.37539,0
U216-H6-VS2-GGA5- Zn(II) 10-Cr(VI) 10-Ni(II) 15mg-L-14102024-Q=49.88mL-phút-2,U216-H6-VS2-10.10.2024,0,8,GGA5-Zn10-Cr10-Ni15,354.44308,4090.0,274.30001,80.14307,1
U216-H6-VS2-GGA5- Zn(II) 10-Cr(VI) 10-Ni(II) 15mg-L-14102024-Q=49.88mL-phút-2,U216-H6-VS2-10.10.2024,0,9,,349.85231,4567.0,279.3,70.55231,1
U216-H6-VS2-GGA5- Zn(II) 10-Cr(VI) 10-Ni(II) 15mg-L-14102024-Q=49.88mL-phút-2,U216-H6-VS2-10.10.2024,0,10,,341.30154,5037.0,276.30001,65.00153,1
U216-H6-VS2-GGA5- Zn(II) 10-Cr(VI) 10-Ni(II) 15mg-L-14102024-Q=49.88mL-phút-2,U216-H6-VS2-10.10.2024,0,11,,338.46363,5513.0,275.79999,62.66364,1
U216-H6-VS2-GGA5- Zn(II) 10-Cr(VI) 10-Ni(II) 15mg-L-14102024-Q=49.88mL-phút-2,U216-H6-VS2-10.10.2024,0,12,,347.54474,5991.0,287.29999,60.24475,2
U216-H6-VS2-GGA5- Zn(II) 10-Cr(VI) 10-Ni(II) 15mg-L-14102024-Q=49.88mL-phút-2,U216-H6-VS2-10.10.2024,0,13,,345.34473,6470.0,282.90001,62.44472,2
U216-H6-VS2-GGA5- Zn(II) 10-Cr(VI) 10-Ni(II) 15mg-L-14102024-Q=49.88mL-phút-2,U216-H6-VS2-10.10.2024,0,14,,343.44054,6943.0,283.4,60.04054,2
U216-H6-VS2-GGA10- Zn(II) 10-Cr(VI) 5-Ni(II) 10mg-L-14102024-Q=50.42mL-phút-2,U216-H6-VS2-10.10.2024,1,0,GGA10,350.04054,301.0,280.40001,69.64053,0
U216-H6-VS2-GGA10- Zn(II) 10-Cr(VI) 5-Ni(II) 10mg-L-14102024-Q=50.42mL-phút-2,U216-H6-VS2-10.10.2024,1,1,,346.42894,774.0,281.19999,65.22895,0
U216-H6-VS2-GGA10- Zn(II) 10-Cr(VI) 5-Ni(II) 10mg-L-14102024-Q=50.42mL-phút-2,U216-H6-VS2-10.10.2024,1,2,,335.46216,1246.0,270.90001,64.56215,0
U216-H6-VS2-GGA10- Zn(II) 10-Cr(VI) 5-Ni(II) 10mg-L-14102024-Q=50.42mL-phút-2,U216-H6-VS2-10.10.2024,1,3,,336.88649,1725.0,271.80001,65.08648,0
U216-H6-VS2-GGA10- Zn(II) 10-Cr(VI) 5-Ni(II) 10mg-L-14102024-Q=50.42mL-phút-2,U216-H6-VS2-10.10.2024,1,4,,340.71621,2198.0,275.00001,65.7162,0
U216-H6-VS2-GGA10- Zn(II) 10-Cr(VI) 5-Ni(II) 10mg-L-14102024-Q=50.42mL-phút-2,U216-H6-VS2-10.10.2024,1,5,,341.52973,2674.0,273.9,67.62973,0
U216-H6-VS2-GGA10- Zn(II) 10-Cr(VI) 5-Ni(II) 10mg-L-14102024-Q=50.42mL-phút-2,U216-H6-VS2-10.10.2024,1,6,,340.21842,3144.0,270.5,69.71842,0
U216-H6-VS2-GGA10- Zn(II) 10-Cr(VI) 5-Ni(II) 10mg-L-14102024-Q=50.42mL-phút-2,U216-H6-VS2-10.10.2024,1,7,,331.14054,3617.0,264.80001,66.34053,0
U216-H6-VS2-GGA10- Zn(II) 10-Cr(VI) 5-Ni(II) 10mg-L-14102024-Q=50.42mL-phút-2,U216-H6-VS2-10.10.2024,1,8,GGA10-Zn5-Cr10-Ni10,341.32632,4097.0,272.8,68.52632,1
U216-H6-VS2-GGA10- Zn(II) 10-Cr(VI) 5-Ni(II) 10mg-L-14102024-Q=50.42mL-phút-2,U216-H6-VS2-10.10.2024,1,9,,333.01622,4568.0,269.69999,63.31623,1
U216-H6-VS2-GGA10- Zn(II) 10-Cr(VI) 5-Ni(II) 10mg-L-14102024-Q=50.42mL-phút-2,U216-H6-VS2-10.10.2024,1,10,,321.55135,5039.0,262.10001,59.45134,1
U216-H6-VS2-GGA10- Zn(II) 10-Cr(VI) 5-Ni(II) 10mg-L-14102024-Q=50.42mL-phút-2,U216-H6-VS2-10.10.2024,1,11,,317.81026,5512.0,259.0,58.81026,1
U216-H6-VS2-GGA10- Zn(II) 10-Cr(VI) 5-Ni(II) 10mg-L-14102024-Q=50.42mL-phút-2,U216-H6-VS2-10.10.2024,1,12,,315.52162,5986.0,259.09999,56.42163,1
U216-H6-VS2-GGA10- Zn(II) 10-Cr(VI) 5-Ni(II) 10mg-L-14102024-Q=50.42mL-phút-2,U216-H6-VS2-10.10.2024,1,13,,312.24717,6460.0,258.6,53.64717,2
U216-H6-VS2-GGA10- Zn(II) 10-Cr(VI) 5-Ni(II) 10mg-L-14102024-Q=50.42mL-phút-2,U216-H6-VS2-10.10.2024,1,14,,309.50189,6932.0,257.29999,52.2019,2
U216-H6-VS2-GGA10- Zn(II) 10-Cr(VI) 5-Ni(II) 10mg-L-14102024-Q=50.42mL-phút-2,U216-H6-VS2-10.10.2024,1,15,,310.28269,7407.0,256.39999,53.8827,2
U216-H6-VS2-GGA15- Zn(II) 15-Cr(VI) 10-Ni(II) 15mg-L-14102024-Q=50.08mL-phút-2,U216-H6-VS2-10.10.2024,2,0,GGA15,312.03585,301.0,253.89999,58.13586,0
U216-H6-VS2-GGA15- Zn(II) 15-Cr(VI) 10-Ni(II) 15mg-L-14102024-Q=50.08mL-phút-2,U216-H6-VS2-10.10.2024,2,1,,309.47115,776.0,255.10001,54.37114,0
U216-H6-VS2-GGA15- Zn(II) 15-Cr(VI) 10-Ni(II) 15mg-L-14102024-Q=50.08mL-phút-2,U216-H6-VS2-10.10.2024,2,2,,307.20727,1248.0,250.60001,56.60726,0
U216-H6-VS2-GGA15- Zn(II) 15-Cr(VI) 10-Ni(II) 15mg-L-14102024-Q=50.08mL-phút-2,U216-H6-VS2-10.10.2024,2,3,,304.50769,1721.0,250.0,54.50769,0
U216-H6-VS2-GGA15- Zn(II) 15-Cr(VI) 10-Ni(II) 15mg-L-14102024-Q=50.08mL-phút-2,U216-H6-VS2-10.10.2024,2,4,,320.18727,2200.0,260.50001,59.68726,0
U216-H6-VS2-GGA15- Zn(II) 15-Cr(VI) 10-Ni(II) 15mg-L-14102024-Q=50.08mL-phút-2,U216-H6-VS2-10.10.2024,2,5,,322.37447,2678.0,264.99999,57.37448,0
U216-H6-VS2-GGA15- Zn(II) 15-Cr(VI) 10-Ni(II) 15mg-L-14102024-Q=50.08mL-phút-2,U216-H6-VS2-10.10.2024,2,6,,315.96304,3149.0,258.1,57.86304,0
U216-H6-VS2-GGA15- Zn(II) 15-Cr(VI) 10-Ni(II) 15mg-L-14102024-Q=50.08mL-phút-2,U216-H6-VS2-10.10.2024,2,7,GGA15-Zn15-Cr10-Ni15,314.6,3620.0,259.7,54.9,1
U216-H6-VS2-GGA15- Zn(II) 15-Cr(VI) 10-Ni(II) 15mg-L-14102024-Q=50.08mL-phút-2,U216-H6-VS2-10.10.2024,2,8,,317.54468,4094.0,262.49999,55.04469,1
U216-H6-VS2-GGA15- Zn(II) 15-Cr(VI) 10-Ni(II) 15mg-L-14102024-Q=50.08mL-phút-2,U216-H6-VS2-10.10.2024,2,9,,322.99783,4566.0,268.3,54.69783,1
U216-H6-VS2-GGA15- Zn(II) 15-Cr(VI) 10-Ni(II) 15mg-L-14102024-Q=50.08mL-phút-2,U216-H6-VS2-10.10.2024,2,10,,323.12766,5045.0,276.2,46.92766,1
U216-H6-VS2-GGA15- Zn(II) 15-Cr(VI) 10-Ni(II) 15mg-L-14102024-Q=50.08mL-phút-2,U216-H6-VS2-10.10.2024,2,11,,325.0,5516.0,278.29999,46.70001,1
U216-H6-VS2-GGA15- Zn(II) 15-Cr(VI) 10-Ni(II) 15mg-L-14102024-Q=50.08mL-phút-2,U216-H6-VS2-10.10.2024,2,12,,316.45532,5993.0,269.10001,47.35531,1
U216-H6-VS2-GGA15- Zn(II) 15-Cr(VI) 10-Ni(II) 15mg-L-14102024-Q=50.08mL-phút-2,U216-H6-VS2-10.10.2024,2,13,,304.57447,6467.0,261.79999,42.77448,1
U216-H6-VS2-GGA15- Zn(II) 15-Cr(VI) 10-Ni(II) 15mg-L-14102024-Q=50.08mL-phút-2,U216-H6-VS2-10.10.2024,2,14,,297.91522,6944.0,260.6,37.31522,2
U216-H6-VS2-GGA15- Zn(II) 15-Cr(VI) 10-Ni(II) 15mg-L-14102024-Q=50.08mL-phút-2,U216-H6-VS2-10.10.2024,2,15,,294.71304,7412.0,257.2,37.51304,2
U217-H5-VS2-GGA5- Zn(II) 5-Cr(VI) 5-Ni(II) 10mg-L-15102024-Q=50.58mL-phút-1,U217-H5-VS2-11.10.2024,0,0,GGA5,297.96418,301.0,225.70001,72.26417,0
U217-H5-VS2-GGA5- Zn(II) 5-Cr(VI) 5-Ni(II) 10mg-L-15102024-Q=50.58mL-phút-1,U217-H5-VS2-11.10.2024,0,1,,295.97941,776.0,221.8,74.17941,0
U217-H5-VS2-GGA5- Zn(II) 5-Cr(VI) 5-Ni(II) 10mg-L-15102024-Q=50.58mL-phút-1,U217-H5-VS2-11.10.2024,0,2,,294.93571,1248.0,218.70001,76.2357,0
U217-H5-VS2-GGA5- Zn(II) 5-Cr(VI) 5-Ni(II) 10mg-L-15102024-Q=50.58mL-phút-1,U217-H5-VS2-11.10.2024,0,3,,294.93433,1720.0,217.4,77.53433,0
U217-H5-VS2-GGA5- Zn(II) 5-Cr(VI) 5-Ni(II) 10mg-L-15102024-Q=50.58mL-phút-1,U217-H5-VS2-11.10.2024,0,4,,292.73088,2194.0,214.9,77.83088,0
U217-H5-VS2-GGA5- Zn(II) 5-Cr(VI) 5-Ni(II) 10mg-L-15102024-Q=50.58mL-phút-1,U217-H5-VS2-11.10.2024,0,5,,290.56176,2666.0,208.8,81.76176,0
U217-H5-VS2-GGA5- Zn(II) 5-Cr(VI) 5-Ni(II) 10mg-L-15102024-Q=50.58mL-phút-1,U217-H5-VS2-11.10.2024,0,6,,290.40746,3139.0,207.6,82.80746,0
U217-H5-VS2-GGA5- Zn(II) 5-Cr(VI) 5-Ni(II) 10mg-L-15102024-Q=50.58mL-phút-1,U217-H5-VS2-11.10.2024,0,7,,297.37059,3613.0,215.10001,82.27058,0
U217-H5-VS2-GGA5- Zn(II) 5-Cr(VI) 5-Ni(II) 10mg-L-15102024-Q=50.58mL-phút-1,U217-H5-VS2-11.10.2024,0,8,GGA5-Zn5-Cr5-Ni10,303.25294,4086.0,224.80001,78.45293,1
U217-H5-VS2-GGA5- Zn(II) 5-Cr(VI) 5-Ni(II) 10mg-L-15102024-Q=50.58mL-phút-1,U217-H5-VS2-11.10.2024,0,9,,311.14776,4562.0,244.20001,66.94775,1
U217-H5-VS2-GGA5- Zn(II) 5-Cr(VI) 5-Ni(II) 10mg-L-15102024-Q=50.58mL-phút-1,U217-H5-VS2-11.10.2024,0,10,,319.11471,5034.0,252.5,66.61471,1
U217-H5-VS2-GGA5- Zn(II) 5-Cr(VI) 5-Ni(II) 10mg-L-15102024-Q=50.58mL-phút-1,U217-H5-VS2-11.10.2024,0,11,,323.27761,5508.0,257.9,65.37761,2
U217-H5-VS2-GGA5- Zn(II) 5-Cr(VI) 5-Ni(II) 10mg-L-15102024-Q=50.58mL-phút-1,U217-H5-VS2-11.10.2024,0,12,,326.27353,5981.0,261.79999,64.47354,2
U217-H5-VS2-GGA5- Zn(II) 5-Cr(VI) 5-Ni(II) 10mg-L-15102024-Q=50.58mL-phút-1,U217-H5-VS2-11.10.2024,0,13,,328.52836,6456.0,262.80001,65.72835,2
U217-H5-VS2-GGA10- Zn(II) 10-Cr(VI) 10-Ni(II) 15mg-L-15102024-Q=50.24mL-phút-1,U217-H5-VS2-11.10.2024,1,0,GGA10,323.26418,301.0,239.3,83.96418,0
U217-H5-VS2-GGA10- Zn(II) 10-Cr(VI) 10-Ni(II) 15mg-L-15102024-Q=50.24mL-phút-1,U217-H5-VS2-11.10.2024,1,1,1,326.99265,775.0,242.9,84.09265,0
U217-H5-VS2-GGA10- Zn(II) 10-Cr(VI) 10-Ni(II) 15mg-L-15102024-Q=50.24mL-phút-1,U217-H5-VS2-11.10.2024,1,2,7130,320.28823,1248.0,234.50001,85.78822,0
U217-H5-VS2-GGA10- Zn(II) 10-Cr(VI) 10-Ni(II) 15mg-L-15102024-Q=50.24mL-phút-1,U217-H5-VS2-11.10.2024,1,3,,318.77612,1722.0,233.2,85.57612,0
U217-H5-VS2-GGA10- Zn(II) 10-Cr(VI) 10-Ni(II) 15mg-L-15102024-Q=50.24mL-phút-1,U217-H5-VS2-11.10.2024,1,4,,319.15072,2194.0,229.0,90.15072,0
U217-H5-VS2-GGA10- Zn(II) 10-Cr(VI) 10-Ni(II) 15mg-L-15102024-Q=50.24mL-phút-1,U217-H5-VS2-11.10.2024,1,5,,323.88209,2668.0,233.3,90.58209,0
U217-H5-VS2-GGA10- Zn(II) 10-Cr(VI) 10-Ni(II) 15mg-L-15102024-Q=50.24mL-phút-1,U217-H5-VS2-11.10.2024,1,6,GGA10-Zn10-Cr10-Ni15,319.39853,3143.0,228.7,90.69853,1
U217-H5-VS2-GGA10- Zn(II) 10-Cr(VI) 10-Ni(II) 15mg-L-15102024-Q=50.24mL-phút-1,U217-H5-VS2-11.10.2024,1,7,,316.57059,3615.0,232.70001,83.87058,1
U217-H5-VS2-GGA10- Zn(II) 10-Cr(VI) 10-Ni(II) 15mg-L-15102024-Q=50.24mL-phút-1,U217-H5-VS2-11.10.2024,1,8,,318.86176,4090.0,240.89999,77.96177,1
U217-H5-VS2-GGA10- Zn(II) 10-Cr(VI) 10-Ni(II) 15mg-L-15102024-Q=50.24mL-phút-1,U217-H5-VS2-11.10.2024,1,9,,323.83582,4562.0,246.2,77.63582,1
U217-H5-VS2-GGA10- Zn(II) 10-Cr(VI) 10-Ni(II) 15mg-L-15102024-Q=50.24mL-phút-1,U217-H5-VS2-11.10.2024,1,10,,329.74117,5036.0,251.1,78.64117,1
U217-H5-VS2-GGA10- Zn(II) 10-Cr(VI) 10-Ni(II) 15mg-L-15102024-Q=50.24mL-phút-1,U217-H5-VS2-11.10.2024,1,11,,333.38236,5511.0,254.5,78.88236,1
U217-H5-VS2-GGA10- Zn(II) 10-Cr(VI) 10-Ni(II) 15mg-L-15102024-Q=50.24mL-phút-1,U217-H5-VS2-11.10.2024,1,12,,332.83824,5981.0,256.59999,76.23825,2
U217-H5-VS2-GGA10- Zn(II) 10-Cr(VI) 10-Ni(II) 15mg-L-15102024-Q=50.24mL-phút-1,U217-H5-VS2-11.10.2024,1,13,,332.32687,6456.0,254.79999,77.52688,2
U217-H5-VS2-GGA10- Zn(II) 10-Cr(VI) 10-Ni(II) 15mg-L-15102024-Q=50.24mL-phút-1,U217-H5-VS2-11.10.2024,1,14,,336.66765,6930.0,261.40001,75.26764,2
U217-H5-VS2-GGA15- Zn(II) 15-Cr(VI) 15-Ni(II) 10mg-L-15102024-Q=50.2mL-phút-1,U217-H5-VS2-11.10.2024,2,0,GGA15,332.73088,301.0,261.99999,70.73089,0
U217-H5-VS2-GGA15- Zn(II) 15-Cr(VI) 15-Ni(II) 10mg-L-15102024-Q=50.2mL-phút-1,U217-H5-VS2-11.10.2024,2,1,,339.42794,769.0,263.50001,75.92793,0
U217-H5-VS2-GGA15- Zn(II) 15-Cr(VI) 15-Ni(II) 10mg-L-15102024-Q=50.2mL-phút-1,U217-H5-VS2-11.10.2024,2,2,,339.27463,1244.0,262.49999,76.77464,0
U217-H5-VS2-GGA15- Zn(II) 15-Cr(VI) 15-Ni(II) 10mg-L-15102024-Q=50.2mL-phút-1,U217-H5-VS2-11.10.2024,2,3,,336.9597,1719.0,259.09999,77.85971,0
U217-H5-VS2-GGA15- Zn(II) 15-Cr(VI) 15-Ni(II) 10mg-L-15102024-Q=50.2mL-phút-1,U217-H5-VS2-11.10.2024,2,4,,332.50746,2192.0,255.2,77.30746,0
U217-H5-VS2-GGA15- Zn(II) 15-Cr(VI) 15-Ni(II) 10mg-L-15102024-Q=50.2mL-phút-1,U217-H5-VS2-11.10.2024,2,5,,333.20896,2666.0,256.39999,76.80897,0
U217-H5-VS2-GGA15- Zn(II) 15-Cr(VI) 15-Ni(II) 10mg-L-15102024-Q=50.2mL-phút-1,U217-H5-VS2-11.10.2024,2,6,,326.41642,3149.0,249.9,76.51642,0
U217-H5-VS2-GGA15- Zn(II) 15-Cr(VI) 15-Ni(II) 10mg-L-15102024-Q=50.2mL-phút-1,U217-H5-VS2-11.10.2024,2,7,,331.16618,3622.0,252.0,79.16618,0
U217-H5-VS2-GGA15- Zn(II) 15-Cr(VI) 15-Ni(II) 10mg-L-15102024-Q=50.2mL-phút-1,U217-H5-VS2-11.10.2024,2,8,GGA15-Zn15-Cr15-Ni10,332.41765,4099.0,256.3,76.11765,1
U217-H5-VS2-GGA15- Zn(II) 15-Cr(VI) 15-Ni(II) 10mg-L-15102024-Q=50.2mL-phút-1,U217-H5-VS2-11.10.2024,2,9,,337.34478,4572.0,261.3,76.04478,1
U217-H5-VS2-GGA15- Zn(II) 15-Cr(VI) 15-Ni(II) 10mg-L-15102024-Q=50.2mL-phút-1,U217-H5-VS2-11.10.2024,2,10,,332.64412,5045.0,260.69999,71.94413,1
U217-H5-VS2-GGA15- Zn(II) 15-Cr(VI) 15-Ni(II) 10mg-L-15102024-Q=50.2mL-phút-1,U217-H5-VS2-11.10.2024,2,11,,338.96471,5517.0,265.19999,73.76472,1
U217-H5-VS2-GGA15- Zn(II) 15-Cr(VI) 15-Ni(II) 10mg-L-15102024-Q=50.2mL-phút-1,U217-H5-VS2-11.10.2024,2,12,,336.27612,5987.0,265.89999,70.37613,1
U217-H5-VS2-GGA15- Zn(II) 15-Cr(VI) 15-Ni(II) 10mg-L-15102024-Q=50.2mL-phút-1,U217-H5-VS2-11.10.2024,2,13,,328.47015,6466.0,260.10001,68.37014,1
U217-H5-VS2-GGA15- Zn(II) 15-Cr(VI) 15-Ni(II) 10mg-L-15102024-Q=50.2mL-phút-1,U217-H5-VS2-11.10.2024,2,14,,331.33971,6936.0,259.29999,72.03972,1
U217-H5-VS2-GGA15- Zn(II) 15-Cr(VI) 15-Ni(II) 10mg-L-15102024-Q=50.2mL-phút-1,U217-H5-VS2-11.10.2024,2,15,,320.82857,7409.0,255.29999,65.52858,1
U217-H5-VS2-GGA15- Zn(II) 15-Cr(VI) 15-Ni(II) 10mg-L-15102024-Q=50.2mL-phút-1,U217-H5-VS2-11.10.2024,2,16,,317.38529,7882.0,253.4,63.98529,2
U217-H5-VS2-GGA15- Zn(II) 15-Cr(VI) 15-Ni(II) 10mg-L-15102024-Q=50.2mL-phút-1,U217-H5-VS2-11.10.2024,2,17,,311.68382,8361.0,247.70001,63.98381,2
U218-H6-VS2-GGA10- Zn(II) 5-Cr(VI) 5-Ni(II) 10mg-L-15102024-Q=50.42mL-phút-1,U218-H6-VS2-11.10.2024,0,0,GGA10,321.99259,301.0,260.19999,61.7926,0
U218-H6-VS2-GGA10- Zn(II) 5-Cr(VI) 5-Ni(II) 10mg-L-15102024-Q=50.42mL-phút-1,U218-H6-VS2-11.10.2024,0,1,,320.48302,775.0,255.0,65.48302,0
U218-H6-VS2-GGA10- Zn(II) 5-Cr(VI) 5-Ni(II) 10mg-L-15102024-Q=50.42mL-phút-1,U218-H6-VS2-11.10.2024,0,2,,322.07963,1249.0,254.40001,67.67962,0
U218-H6-VS2-GGA10- Zn(II) 5-Cr(VI) 5-Ni(II) 10mg-L-15102024-Q=50.42mL-phút-1,U218-H6-VS2-11.10.2024,0,3,,320.3537,1722.0,255.0,65.3537,0
U218-H6-VS2-GGA10- Zn(II) 5-Cr(VI) 5-Ni(II) 10mg-L-15102024-Q=50.42mL-phút-1,U218-H6-VS2-11.10.2024,0,4,,320.01887,2193.0,252.09999,67.91888,0
U218-H6-VS2-GGA10- Zn(II) 5-Cr(VI) 5-Ni(II) 10mg-L-15102024-Q=50.42mL-phút-1,U218-H6-VS2-11.10.2024,0,5,,326.85854,2667.0,259.60001,67.25853,0
U218-H6-VS2-GGA10- Zn(II) 5-Cr(VI) 5-Ni(II) 10mg-L-15102024-Q=50.42mL-phút-1,U218-H6-VS2-11.10.2024,0,6,GGA10-Zn5-Cr5-Ni10,339.33846,3141.0,273.09999,66.23847,1
U218-H6-VS2-GGA10- Zn(II) 5-Cr(VI) 5-Ni(II) 10mg-L-15102024-Q=50.42mL-phút-1,U218-H6-VS2-11.10.2024,0,7,,346.6,3615.0,289.79999,56.80001,1
U218-H6-VS2-GGA10- Zn(II) 5-Cr(VI) 5-Ni(II) 10mg-L-15102024-Q=50.42mL-phút-1,U218-H6-VS2-11.10.2024,0,8,,349.96923,4087.0,295.39999,54.56924,1
U218-H6-VS2-GGA10- Zn(II) 5-Cr(VI) 5-Ni(II) 10mg-L-15102024-Q=50.42mL-phút-1,U218-H6-VS2-11.10.2024,0,9,,351.56667,4561.0,300.39999,51.16668,1
U218-H6-VS2-GGA10- Zn(II) 5-Cr(VI) 5-Ni(II) 10mg-L-15102024-Q=50.42mL-phút-1,U218-H6-VS2-11.10.2024,0,10,,356.40769,5035.0,306.10001,50.30768,2
U218-H6-VS2-GGA10- Zn(II) 5-Cr(VI) 5-Ni(II) 10mg-L-15102024-Q=50.42mL-phút-1,U218-H6-VS2-11.10.2024,0,11,,355.61795,5510.0,305.09999,50.51796,2
U218-H6-VS2-GGA10- Zn(II) 10-Cr(VI) 10-Ni(II) 15mg-L-15102024-Q=50.04mL-phút-2,U218-H6-VS2-11.10.2024,1,0,GGA10,346.59636,301.0,283.49999,63.09637,0
U218-H6-VS2-GGA10- Zn(II) 10-Cr(VI) 10-Ni(II) 15mg-L-15102024-Q=50.04mL-phút-2,U218-H6-VS2-11.10.2024,1,1,,350.47547,773.0,280.49999,69.97548,0
U218-H6-VS2-GGA10- Zn(II) 10-Cr(VI) 10-Ni(II) 15mg-L-15102024-Q=50.04mL-phút-2,U218-H6-VS2-11.10.2024,1,2,,342.89615,1245.0,276.6,66.29615,0
U218-H6-VS2-GGA10- Zn(II) 10-Cr(VI) 10-Ni(II) 15mg-L-15102024-Q=50.04mL-phút-2,U218-H6-VS2-11.10.2024,1,3,,339.31132,1715.0,272.39999,66.91133,0
U218-H6-VS2-GGA10- Zn(II) 10-Cr(VI) 10-Ni(II) 15mg-L-15102024-Q=50.04mL-phút-2,U218-H6-VS2-11.10.2024,1,4,,342.39057,2190.0,278.29999,64.09058,0
U218-H6-VS2-GGA10- Zn(II) 10-Cr(VI) 10-Ni(II) 15mg-L-15102024-Q=50.04mL-phút-2,U218-H6-VS2-11.10.2024,1,5,,345.72264,2665.0,278.4,67.32264,0
U218-H6-VS2-GGA10- Zn(II) 10-Cr(VI) 10-Ni(II) 15mg-L-15102024-Q=50.04mL-phút-2,U218-H6-VS2-11.10.2024,1,6,GGA10-Zn10-Cr10-Ni15,345.02727,3140.0,280.49999,64.52728,1
U218-H6-VS2-GGA10- Zn(II) 10-Cr(VI) 10-Ni(II) 15mg-L-15102024-Q=50.04mL-phút-2,U218-H6-VS2-11.10.2024,1,7,,338.8434,3612.0,273.0,65.8434,1
U218-H6-VS2-GGA10- Zn(II) 10-Cr(VI) 10-Ni(II) 15mg-L-15102024-Q=50.04mL-phút-2,U218-H6-VS2-11.10.2024,1,8,,340.01887,4085.0,284.3,55.71887,1
U218-H6-VS2-GGA10- Zn(II) 10-Cr(VI) 10-Ni(II) 15mg-L-15102024-Q=50.04mL-phút-2,U218-H6-VS2-11.10.2024,1,9,,342.19057,4561.0,289.40001,52.79056,1
U218-H6-VS2-GGA10- Zn(II) 10-Cr(VI) 10-Ni(II) 15mg-L-15102024-Q=50.04mL-phút-2,U218-H6-VS2-11.10.2024,1,10,,346.83962,5037.0,289.9,56.93962,1
U218-H6-VS2-GGA10- Zn(II) 10-Cr(VI) 10-Ni(II) 15mg-L-15102024-Q=50.04mL-phút-2,U218-H6-VS2-11.10.2024,1,11,,346.88868,5508.0,288.8,58.08868,1
U218-H6-VS2-GGA10- Zn(II) 10-Cr(VI) 10-Ni(II) 15mg-L-15102024-Q=50.04mL-phút-2,U218-H6-VS2-11.10.2024,1,12,,342.30727,5982.0,288.19999,54.10728,1
U218-H6-VS2-GGA10- Zn(II) 10-Cr(VI) 10-Ni(II) 15mg-L-15102024-Q=50.04mL-phút-2,U218-H6-VS2-11.10.2024,1,13,,341.98983,6452.0,291.1,50.88983,2
U218-H6-VS2-GGA10- Zn(II) 10-Cr(VI) 10-Ni(II) 15mg-L-15102024-Q=50.04mL-phút-2,U218-H6-VS2-11.10.2024,1,14,,343.1339,6927.0,295.6,47.5339,2
U218-H6-VS2-GGA15- Zn(II) 15-Cr(VI) 15-Ni(II) 10mg-L-15102024-Q=50.15mL-phút-2,U218-H6-VS2-11.10.2024,2,0,GGA15,333.79831,301.0,283.10001,50.6983,0
U218-H6-VS2-GGA15- Zn(II) 15-Cr(VI) 15-Ni(II) 10mg-L-15102024-Q=50.15mL-phút-2,U218-H6-VS2-11.10.2024,2,1,,333.97797,774.0,283.6,50.37797,0
U218-H6-VS2-GGA15- Zn(II) 15-Cr(VI) 15-Ni(II) 10mg-L-15102024-Q=50.15mL-phút-2,U218-H6-VS2-11.10.2024,2,2,,333.61695,1249.0,282.40001,51.21694,0
U218-H6-VS2-GGA15- Zn(II) 15-Cr(VI) 15-Ni(II) 10mg-L-15102024-Q=50.15mL-phút-2,U218-H6-VS2-11.10.2024,2,3,,329.86271,1721.0,279.00001,50.8627,0
U218-H6-VS2-GGA15- Zn(II) 15-Cr(VI) 15-Ni(II) 10mg-L-15102024-Q=50.15mL-phút-2,U218-H6-VS2-11.10.2024,2,4,,334.93051,2198.0,283.69999,51.23052,0
U218-H6-VS2-GGA15- Zn(II) 15-Cr(VI) 15-Ni(II) 10mg-L-15102024-Q=50.15mL-phút-2,U218-H6-VS2-11.10.2024,2,5,GGA15-Zn15-Cr15-Ni10,331.79831,2669.0,281.50001,50.2983,1
U218-H6-VS2-GGA15- Zn(II) 15-Cr(VI) 15-Ni(II) 10mg-L-15102024-Q=50.15mL-phút-2,U218-H6-VS2-11.10.2024,2,6,,333.27705,3148.0,283.4,49.87705,1
U218-H6-VS2-GGA15- Zn(II) 15-Cr(VI) 15-Ni(II) 10mg-L-15102024-Q=50.15mL-phút-2,U218-H6-VS2-11.10.2024,2,7,,326.63559,3616.0,282.3,44.33559,1
U218-H6-VS2-GGA15- Zn(II) 15-Cr(VI) 15-Ni(II) 10mg-L-15102024-Q=50.15mL-phút-2,U218-H6-VS2-11.10.2024,2,8,,330.45424,4090.0,284.59999,45.85425,1
U218-H6-VS2-GGA15- Zn(II) 15-Cr(VI) 15-Ni(II) 10mg-L-15102024-Q=50.15mL-phút-2,U218-H6-VS2-11.10.2024,2,9,,324.56949,4560.0,281.19999,43.3695,1
U218-H6-VS2-GGA15- Zn(II) 15-Cr(VI) 15-Ni(II) 10mg-L-15102024-Q=50.15mL-phút-2,U218-H6-VS2-11.10.2024,2,10,,321.37166,5035.0,278.10001,43.27165,1
U218-H6-VS2-GGA15- Zn(II) 15-Cr(VI) 15-Ni(II) 10mg-L-15102024-Q=50.15mL-phút-2,U218-H6-VS2-11.10.2024,2,11,,319.56441,5507.0,275.09999,44.46442,1
U218-H6-VS2-GGA15- Zn(II) 15-Cr(VI) 15-Ni(II) 10mg-L-15102024-Q=50.15mL-phút-2,U218-H6-VS2-11.10.2024,2,12,,309.96066,5982.0,269.80001,40.16065,1
U218-H6-VS2-GGA15- Zn(II) 15-Cr(VI) 15-Ni(II) 10mg-L-15102024-Q=50.15mL-phút-2,U218-H6-VS2-11.10.2024,2,13,,305.51017,6453.0,266.9,38.61017,2
U218-H6-VS2-GGA15- Zn(II) 15-Cr(VI) 15-Ni(II) 10mg-L-15102024-Q=50.15mL-phút-2,U218-H6-VS2-11.10.2024,2,14,,301.40339,6926.0,261.90001,39.50338,2
U218-H6-VS2-GGA15- Zn(II) 15-Cr(VI) 15-Ni(II) 10mg-L-15102024-Q=50.15mL-phút-2,U218-H6-VS2-11.10.2024,2,15,,297.75254,7402.0,260.89999,36.85255,2
U219-H5-VS2-GGA5- Zn(II) 5-Cr(VI) 5-Ni(II) 10mg-L-16102024-Q=50.5mL-phút-2,U219-H5-VS2-14.10.2024,0,0,GGA5,307.88983,301.0,238.7,69.18983,0
U219-H5-VS2-GGA5- Zn(II) 5-Cr(VI) 5-Ni(II) 10mg-L-16102024-Q=50.5mL-phút-2,U219-H5-VS2-14.10.2024,0,1,,313.76949,775.0,242.40001,71.36948,0
U219-H5-VS2-GGA5- Zn(II) 5-Cr(VI) 5-Ni(II) 10mg-L-16102024-Q=50.5mL-phút-2,U219-H5-VS2-14.10.2024,0,2,,318.26949,1250.0,243.2,75.06949,0
U219-H5-VS2-GGA5- Zn(II) 5-Cr(VI) 5-Ni(II) 10mg-L-16102024-Q=50.5mL-phút-2,U219-H5-VS2-14.10.2024,0,3,,321.04915,1722.0,246.4,74.64915,0
U219-H5-VS2-GGA5- Zn(II) 5-Cr(VI) 5-Ni(II) 10mg-L-16102024-Q=50.5mL-phút-2,U219-H5-VS2-14.10.2024,0,4,,321.59661,2195.0,247.70001,73.8966,0
U219-H5-VS2-GGA5- Zn(II) 5-Cr(VI) 5-Ni(II) 10mg-L-16102024-Q=50.5mL-phút-2,U219-H5-VS2-14.10.2024,0,5,GGA5-Zn5-Cr5-Ni10,329.21356,2667.0,261.40001,67.81355,1
U219-H5-VS2-GGA5- Zn(II) 5-Cr(VI) 5-Ni(II) 10mg-L-16102024-Q=50.5mL-phút-2,U219-H5-VS2-14.10.2024,0,6,,329.54918,3140.0,269.69999,59.84919,1
U219-H5-VS2-GGA5- Zn(II) 5-Cr(VI) 5-Ni(II) 10mg-L-16102024-Q=50.5mL-phút-2,U219-H5-VS2-14.10.2024,0,7,,331.52242,3613.0,274.10001,57.42241,1
U219-H5-VS2-GGA5- Zn(II) 5-Cr(VI) 5-Ni(II) 10mg-L-16102024-Q=50.5mL-phút-2,U219-H5-VS2-14.10.2024,0,8,,324.44746,4085.0,266.7,57.74746,1
U219-H5-VS2-GGA5- Zn(II) 5-Cr(VI) 5-Ni(II) 10mg-L-16102024-Q=50.5mL-phút-2,U219-H5-VS2-14.10.2024,0,9,,318.50678,4562.0,266.20001,52.30677,1
U219-H5-VS2-GGA5- Zn(II) 5-Cr(VI) 5-Ni(II) 10mg-L-16102024-Q=50.5mL-phút-2,U219-H5-VS2-14.10.2024,0,10,,311.91896,5034.0,260.19999,51.71897,2
U219-H5-VS2-GGA5- Zn(II) 5-Cr(VI) 5-Ni(II) 10mg-L-16102024-Q=50.5mL-phút-2,U219-H5-VS2-14.10.2024,0,11,,309.22034,5508.0,259.09999,50.12035,2
U219-H5-VS2-GGA5- Zn(II) 5-Cr(VI) 5-Ni(II) 10mg-L-16102024-Q=50.5mL-phút-2,U219-H5-VS2-14.10.2024,0,12,,314.65085,5981.0,261.20001,53.45084,2
U219-H5-VS2-GGA15- Zn(II) 10-Cr(VI) 10-Ni(II) 15mg-L-16102024-Q=50.72mL-phút-1,U219-H5-VS2-14.10.2024,1,0,GGA15,322.27931,301.0,260.89999,61.37932,0
U219-H5-VS2-GGA15- Zn(II) 10-Cr(VI) 10-Ni(II) 15mg-L-16102024-Q=50.72mL-phút-1,U219-H5-VS2-14.10.2024,1,1,,312.68448,777.0,250.7,61.98448,0
U219-H5-VS2-GGA15- Zn(II) 10-Cr(VI) 10-Ni(II) 15mg-L-16102024-Q=50.72mL-phút-1,U219-H5-VS2-14.10.2024,1,2,,308.87627,1248.0,242.2,66.67627,0
U219-H5-VS2-GGA15- Zn(II) 10-Cr(VI) 10-Ni(II) 15mg-L-16102024-Q=50.72mL-phút-1,U219-H5-VS2-14.10.2024,1,3,,307.50848,1721.0,248.3,59.20848,0
U219-H5-VS2-GGA15- Zn(II) 10-Cr(VI) 10-Ni(II) 15mg-L-16102024-Q=50.72mL-phút-1,U219-H5-VS2-14.10.2024,1,4,,318.6661,2200.0,254.59999,64.06611,0
U219-H5-VS2-GGA15- Zn(II) 10-Cr(VI) 10-Ni(II) 15mg-L-16102024-Q=50.72mL-phút-1,U219-H5-VS2-14.10.2024,1,5,,320.09322,2675.0,254.09999,65.99323,0
U219-H5-VS2-GGA15- Zn(II) 10-Cr(VI) 10-Ni(II) 15mg-L-16102024-Q=50.72mL-phút-1,U219-H5-VS2-14.10.2024,1,6,,310.58983,3149.0,251.30001,59.28982,0
U219-H5-VS2-GGA15- Zn(II) 10-Cr(VI) 10-Ni(II) 15mg-L-16102024-Q=50.72mL-phút-1,U219-H5-VS2-14.10.2024,1,7,GGA15-Zn10-Cr10-Ni15,307.79661,3621.0,251.50001,56.2966,1
U219-H5-VS2-GGA15- Zn(II) 10-Cr(VI) 10-Ni(II) 15mg-L-16102024-Q=50.72mL-phút-1,U219-H5-VS2-14.10.2024,1,8,,305.76379,4095.0,252.5,53.26379,1
U219-H5-VS2-GGA15- Zn(II) 10-Cr(VI) 10-Ni(II) 15mg-L-16102024-Q=50.72mL-phút-1,U219-H5-VS2-14.10.2024,1,9,,311.30509,4568.0,261.20001,50.10508,1
U219-H5-VS2-GGA15- Zn(II) 10-Cr(VI) 10-Ni(II) 15mg-L-16102024-Q=50.72mL-phút-1,U219-H5-VS2-14.10.2024,1,10,,315.72951,5042.0,262.69999,53.02952,1
U219-H5-VS2-GGA15- Zn(II) 10-Cr(VI) 10-Ni(II) 15mg-L-16102024-Q=50.72mL-phút-1,U219-H5-VS2-14.10.2024,1,11,,320.23621,5517.0,268.00001,52.2362,1
U219-H5-VS2-GGA15- Zn(II) 10-Cr(VI) 10-Ni(II) 15mg-L-16102024-Q=50.72mL-phút-1,U219-H5-VS2-14.10.2024,1,12,,319.76207,5988.0,268.59999,51.16208,1
U219-H5-VS2-GGA15- Zn(II) 10-Cr(VI) 10-Ni(II) 15mg-L-16102024-Q=50.72mL-phút-1,U219-H5-VS2-14.10.2024,1,13,,311.32034,6464.0,264.40001,46.92033,2
U219-H5-VS2-GGA15- Zn(II) 10-Cr(VI) 10-Ni(II) 15mg-L-16102024-Q=50.72mL-phút-1,U219-H5-VS2-14.10.2024,1,14,,306.21207,6937.0,259.9,46.31207,2
U219-H5-VS2-GGA20- Zn(II) 15-Cr(VI) 10-Ni(II) 15mg-L-16102024-Q=50.28mL-phút-1,U219-H5-VS2-14.10.2024,2,0,GGA20,314.42373,301.0,263.1,51.32373,0
U219-H5-VS2-GGA20- Zn(II) 15-Cr(VI) 10-Ni(II) 15mg-L-16102024-Q=50.28mL-phút-1,U219-H5-VS2-14.10.2024,2,1,,320.41379,777.0,266.5,53.91379,0
U219-H5-VS2-GGA20- Zn(II) 15-Cr(VI) 10-Ni(II) 15mg-L-16102024-Q=50.28mL-phút-1,U219-H5-VS2-14.10.2024,2,2,,321.30678,1245.0,272.3,49.00678,0
U219-H5-VS2-GGA20- Zn(II) 15-Cr(VI) 10-Ni(II) 15mg-L-16102024-Q=50.28mL-phút-1,U219-H5-VS2-14.10.2024,2,3,,320.24918,1719.0,265.30001,54.94917,0
U219-H5-VS2-GGA20- Zn(II) 15-Cr(VI) 10-Ni(II) 15mg-L-16102024-Q=50.28mL-phút-1,U219-H5-VS2-14.10.2024,2,4,,312.14407,2194.0,259.9,52.24407,0
U219-H5-VS2-GGA20- Zn(II) 15-Cr(VI) 10-Ni(II) 15mg-L-16102024-Q=50.28mL-phút-1,U219-H5-VS2-14.10.2024,2,5,,303.63559,2668.0,250.9,52.73559,0
U219-H5-VS2-GGA20- Zn(II) 15-Cr(VI) 10-Ni(II) 15mg-L-16102024-Q=50.28mL-phút-1,U219-H5-VS2-14.10.2024,2,6,,308.37966,3141.0,258.50001,49.87965,0
U219-H5-VS2-GGA20- Zn(II) 15-Cr(VI) 10-Ni(II) 15mg-L-16102024-Q=50.28mL-phút-1,U219-H5-VS2-14.10.2024,2,7,GGA20-Zn15-Cr10-Ni15,317.31695,3614.0,261.09999,56.21696,1
U219-H5-VS2-GGA20- Zn(II) 15-Cr(VI) 10-Ni(II) 15mg-L-16102024-Q=50.28mL-phút-1,U219-H5-VS2-14.10.2024,2,8,,313.34237,4089.0,264.09999,49.24238,1
U219-H5-VS2-GGA20- Zn(II) 15-Cr(VI) 10-Ni(II) 15mg-L-16102024-Q=50.28mL-phút-1,U219-H5-VS2-14.10.2024,2,9,,309.5431,4560.0,264.09999,45.44311,1
U219-H5-VS2-GGA20- Zn(II) 15-Cr(VI) 10-Ni(II) 15mg-L-16102024-Q=50.28mL-phút-1,U219-H5-VS2-14.10.2024,2,10,,308.66393,5034.0,261.90001,46.76392,2
U219-H5-VS2-GGA20- Zn(II) 15-Cr(VI) 10-Ni(II) 15mg-L-16102024-Q=50.28mL-phút-1,U219-H5-VS2-14.10.2024,2,11,,310.27288,5513.0,263.8,46.47288,2
U220-H6-VS2-GGA20- Zn(II) 5-Cr(VI) 5-Ni(II) 10mg-L-16102024-Q=50.3mL-phút-1,U220-H6-VS2-14.10.2024,0,0,GGA20,372.94861,301.0,312.99999,59.94862,0
U220-H6-VS2-GGA20- Zn(II) 5-Cr(VI) 5-Ni(II) 10mg-L-16102024-Q=50.3mL-phút-1,U220-H6-VS2-14.10.2024,0,1,,366.67917,774.0,305.90001,60.77916,0
U220-H6-VS2-GGA20- Zn(II) 5-Cr(VI) 5-Ni(II) 10mg-L-16102024-Q=50.3mL-phút-1,U220-H6-VS2-14.10.2024,0,2,,360.15833,1245.0,301.99999,58.15834,0
U220-H6-VS2-GGA20- Zn(II) 5-Cr(VI) 5-Ni(II) 10mg-L-16102024-Q=50.3mL-phút-1,U220-H6-VS2-14.10.2024,0,3,,361.92222,1722.0,302.39999,59.52223,0
U220-H6-VS2-GGA20- Zn(II) 5-Cr(VI) 5-Ni(II) 10mg-L-16102024-Q=50.3mL-phút-1,U220-H6-VS2-14.10.2024,0,4,,363.29578,2193.0,300.1,63.19578,0
U220-H6-VS2-GGA20- Zn(II) 5-Cr(VI) 5-Ni(II) 10mg-L-16102024-Q=50.3mL-phút-1,U220-H6-VS2-14.10.2024,0,5,,365.68889,2666.0,304.30001,61.38888,0
U220-H6-VS2-GGA20- Zn(II) 5-Cr(VI) 5-Ni(II) 10mg-L-16102024-Q=50.3mL-phút-1,U220-H6-VS2-14.10.2024,0,6,GGA20-Zn5-Cr5-Ni10,366.875,3142.0,314.00001,52.87499,1
U220-H6-VS2-GGA20- Zn(II) 5-Cr(VI) 5-Ni(II) 10mg-L-16102024-Q=50.3mL-phút-1,U220-H6-VS2-14.10.2024,0,7,,359.94723,3617.0,314.39999,45.54724,1
U220-H6-VS2-GGA20- Zn(II) 5-Cr(VI) 5-Ni(II) 10mg-L-16102024-Q=50.3mL-phút-1,U220-H6-VS2-14.10.2024,0,8,,347.89014,4089.0,308.49999,39.39015,1
U220-H6-VS2-GGA20- Zn(II) 5-Cr(VI) 5-Ni(II) 10mg-L-16102024-Q=50.3mL-phút-1,U220-H6-VS2-14.10.2024,0,9,,343.34444,4560.0,304.69999,38.64445,2
U220-H6-VS2-GGA20- Zn(II) 5-Cr(VI) 5-Ni(II) 10mg-L-16102024-Q=50.3mL-phút-1,U220-H6-VS2-14.10.2024,0,10,,346.79028,5039.0,309.50001,37.29027,2
U220-H6-VS2-GGA20- Zn(II) 5-Cr(VI) 5-Ni(II) 10mg-L-16102024-Q=50.3mL-phút-1,U220-H6-VS2-14.10.2024,0,11,,346.55211,5512.0,308.29999,38.25212,2
U220-H6-VS2-GGA20- Zn(II) 15-Cr(VI) 10-Ni(II) 15mg-L-16102024-Q=50.32mL-phút-2,U220-H6-VS2-14.10.2024,1,0,GGA20,338.46806,301.0,301.80001,36.66805,0
U220-H6-VS2-GGA20- Zn(II) 15-Cr(VI) 10-Ni(II) 15mg-L-16102024-Q=50.32mL-phút-2,U220-H6-VS2-14.10.2024,1,1,,357.2,780.0,315.60001,41.59999,0
U220-H6-VS2-GGA20- Zn(II) 15-Cr(VI) 10-Ni(II) 15mg-L-16102024-Q=50.32mL-phút-2,U220-H6-VS2-14.10.2024,1,2,,358.07778,1252.0,317.5,40.57778,0
U220-H6-VS2-GGA20- Zn(II) 15-Cr(VI) 10-Ni(II) 15mg-L-16102024-Q=50.32mL-phút-2,U220-H6-VS2-14.10.2024,1,3,,357.07778,1729.0,317.5,39.57778,0
U220-H6-VS2-GGA20- Zn(II) 15-Cr(VI) 10-Ni(II) 15mg-L-16102024-Q=50.32mL-phút-2,U220-H6-VS2-14.10.2024,1,4,,353.88194,2201.0,314.39999,39.48195,0
U220-H6-VS2-GGA20- Zn(II) 15-Cr(VI) 10-Ni(II) 15mg-L-16102024-Q=50.32mL-phút-2,U220-H6-VS2-14.10.2024,1,5,,347.07703,2672.0,311.10001,35.97702,0
U220-H6-VS2-GGA20- Zn(II) 15-Cr(VI) 10-Ni(II) 15mg-L-16102024-Q=50.32mL-phút-2,U220-H6-VS2-14.10.2024,1,6,,342.65833,3147.0,304.89999,37.75834,0
U220-H6-VS2-GGA20- Zn(II) 15-Cr(VI) 10-Ni(II) 15mg-L-16102024-Q=50.32mL-phút-2,U220-H6-VS2-14.10.2024,1,7,GGA20-Zn15-Cr10-Ni15,355.92222,3621.0,311.19999,44.72223,1
U220-H6-VS2-GGA20- Zn(II) 15-Cr(VI) 10-Ni(II) 15mg-L-16102024-Q=50.32mL-phút-2,U220-H6-VS2-14.10.2024,1,8,,355.14583,4094.0,315.9,39.24583,1
U220-H6-VS2-GGA20- Zn(II) 15-Cr(VI) 10-Ni(II) 15mg-L-16102024-Q=50.32mL-phút-2,U220-H6-VS2-14.10.2024,1,9,,356.98889,4568.0,319.79999,37.1889,1
U220-H6-VS2-GGA20- Zn(II) 15-Cr(VI) 10-Ni(II) 15mg-L-16102024-Q=50.32mL-phút-2,U220-H6-VS2-14.10.2024,1,10,,335.57465,5047.0,304.8,30.77465,1
U220-H6-VS2-GGA20- Zn(II) 15-Cr(VI) 10-Ni(II) 15mg-L-16102024-Q=50.32mL-phút-2,U220-H6-VS2-14.10.2024,1,11,,338.68169,5523.0,306.69999,31.9817,1
U220-H6-VS2-GGA20- Zn(II) 15-Cr(VI) 10-Ni(II) 15mg-L-16102024-Q=50.32mL-phút-2,U220-H6-VS2-14.10.2024,1,12,,340.45,5996.0,307.5,32.95,2
U220-H6-VS2-GGA20- Zn(II) 15-Cr(VI) 10-Ni(II) 15mg-L-16102024-Q=50.32mL-phút-2,U220-H6-VS2-14.10.2024,1,13,,335.71805,6466.0,303.0,32.71805,2
U221-H5-VS2-GGA5- Zn(II) 5-Cr(VI) 10-Ni(II) 5mg-L-17102024-Q=50.36mL-phút-1,U221-H5-VS2-15.10.2024,0,0,GGA5,293.70448,301.0,231.7,62.00448,0
U221-H5-VS2-GGA5- Zn(II) 5-Cr(VI) 10-Ni(II) 5mg-L-17102024-Q=50.36mL-phút-1,U221-H5-VS2-15.10.2024,0,1,,301.9087,775.0,239.4,62.5087,0
U221-H5-VS2-GGA5- Zn(II) 5-Cr(VI) 10-Ni(II) 5mg-L-17102024-Q=50.36mL-phút-1,U221-H5-VS2-15.10.2024,0,2,,312.08636,1250.0,244.8,67.28636,0
U221-H5-VS2-GGA5- Zn(II) 5-Cr(VI) 10-Ni(II) 5mg-L-17102024-Q=50.36mL-phút-1,U221-H5-VS2-15.10.2024,0,3,,318.5806,1721.0,247.89999,70.68061,0
U221-H5-VS2-GGA5- Zn(II) 5-Cr(VI) 10-Ni(II) 5mg-L-17102024-Q=50.36mL-phút-1,U221-H5-VS2-15.10.2024,0,4,,320.32388,2197.0,249.9,70.42388,0
U221-H5-VS2-GGA5- Zn(II) 5-Cr(VI) 10-Ni(II) 5mg-L-17102024-Q=50.36mL-phút-1,U221-H5-VS2-15.10.2024,0,5,,325.7403,2669.0,250.9,74.8403,0
U221-H5-VS2-GGA5- Zn(II) 5-Cr(VI) 10-Ni(II) 5mg-L-17102024-Q=50.36mL-phút-1,U221-H5-VS2-15.10.2024,0,6,,327.89697,3144.0,250.60001,77.29696,0
U221-H5-VS2-GGA5- Zn(II) 5-Cr(VI) 10-Ni(II) 5mg-L-17102024-Q=50.36mL-phút-1,U221-H5-VS2-15.10.2024,0,7,GGA5-Zn5-Cr10-Ni5,334.44925,3615.0,244.20001,90.24924,1
U221-H5-VS2-GGA5- Zn(II) 5-Cr(VI) 10-Ni(II) 5mg-L-17102024-Q=50.36mL-phút-1,U221-H5-VS2-15.10.2024,0,8,,336.54545,4090.0,270.59999,65.94546,1
U221-H5-VS2-GGA5- Zn(II) 5-Cr(VI) 10-Ni(II) 5mg-L-17102024-Q=50.36mL-phút-1,U221-H5-VS2-15.10.2024,0,9,,334.47353,4563.0,279.8,54.67353,1
U221-H5-VS2-GGA5- Zn(II) 5-Cr(VI) 10-Ni(II) 5mg-L-17102024-Q=50.36mL-phút-1,U221-H5-VS2-15.10.2024,0,10,,328.50895,5037.0,277.5,51.00895,1
U221-H5-VS2-GGA5- Zn(II) 5-Cr(VI) 10-Ni(II) 5mg-L-17102024-Q=50.36mL-phút-1,U221-H5-VS2-15.10.2024,0,11,,321.50746,5510.0,272.50001,49.00745,2
U221-H5-VS2-GGA5- Zn(II) 5-Cr(VI) 10-Ni(II) 5mg-L-17102024-Q=50.36mL-phút-1,U221-H5-VS2-15.10.2024,0,12,,328.90151,5985.0,285.0,43.90151,2
U221-H5-VS2-GGA5- Zn(II) 5-Cr(VI) 10-Ni(II) 5mg-L-17102024-Q=50.36mL-phút-1,U221-H5-VS2-15.10.2024,0,13,,336.78788,6464.0,288.8,47.98788,2
U221-H5-VS2-GGA10- Zn(II) 10-Cr(VI) 10-Ni(II) 5mg-L-17102024-Q=50.32mL-phút-1,U221-H5-VS2-15.10.2024,1,0,GGA10,327.48333,301.0,262.89999,64.58334,0
U221-H5-VS2-GGA10- Zn(II) 10-Cr(VI) 10-Ni(II) 5mg-L-17102024-Q=50.32mL-phút-1,U221-H5-VS2-15.10.2024,1,1,,319.62089,776.0,257.7,61.92089,0
U221-H5-VS2-GGA10- Zn(II) 10-Cr(VI) 10-Ni(II) 5mg-L-17102024-Q=50.32mL-phút-1,U221-H5-VS2-15.10.2024,1,2,,318.40448,1249.0,255.4,63.00448,0
U221-H5-VS2-GGA10- Zn(II) 10-Cr(VI) 10-Ni(II) 5mg-L-17102024-Q=50.32mL-phút-1,U221-H5-VS2-15.10.2024,1,3,,317.52239,1721.0,253.4,64.12239,0
U221-H5-VS2-GGA10- Zn(II) 10-Cr(VI) 10-Ni(II) 5mg-L-17102024-Q=50.32mL-phút-1,U221-H5-VS2-15.10.2024,1,4,,317.12576,2195.0,253.6,63.52576,0
U221-H5-VS2-GGA10- Zn(II) 10-Cr(VI) 10-Ni(II) 5mg-L-17102024-Q=50.32mL-phút-1,U221-H5-VS2-15.10.2024,1,5,,317.39394,2668.0,253.8,63.59394,0
U221-H5-VS2-GGA10- Zn(II) 10-Cr(VI) 10-Ni(II) 5mg-L-17102024-Q=50.32mL-phút-1,U221-H5-VS2-15.10.2024,1,6,GGA10-Zn10-Cr10-Ni5,316.61912,3145.0,264.09999,52.51913,1
U221-H5-VS2-GGA10- Zn(II) 10-Cr(VI) 10-Ni(II) 5mg-L-17102024-Q=50.32mL-phút-1,U221-H5-VS2-15.10.2024,1,7,,324.22424,3616.0,274.30001,49.92423,1
U221-H5-VS2-GGA10- Zn(II) 10-Cr(VI) 10-Ni(II) 5mg-L-17102024-Q=50.32mL-phút-1,U221-H5-VS2-15.10.2024,1,8,,332.3,4089.0,282.90001,49.39999,1
U221-H5-VS2-GGA10- Zn(II) 10-Cr(VI) 10-Ni(II) 5mg-L-17102024-Q=50.32mL-phút-1,U221-H5-VS2-15.10.2024,1,9,,326.83636,4562.0,276.89999,49.93637,1
U221-H5-VS2-GGA10- Zn(II) 10-Cr(VI) 10-Ni(II) 5mg-L-17102024-Q=50.32mL-phút-1,U221-H5-VS2-15.10.2024,1,10,,324.85909,5035.0,278.49999,46.3591,1
U221-H5-VS2-GGA10- Zn(II) 10-Cr(VI) 10-Ni(II) 5mg-L-17102024-Q=50.32mL-phút-1,U221-H5-VS2-15.10.2024,1,11,,321.65373,5510.0,273.79999,47.85374,1
U221-H5-VS2-GGA10- Zn(II) 10-Cr(VI) 10-Ni(II) 5mg-L-17102024-Q=50.32mL-phút-1,U221-H5-VS2-15.10.2024,1,12,,319.06364,5985.0,274.19999,44.86365,2
U221-H5-VS2-GGA10- Zn(II) 10-Cr(VI) 10-Ni(II) 5mg-L-17102024-Q=50.32mL-phút-1,U221-H5-VS2-15.10.2024,1,13,,316.89697,6455.0,272.70001,44.19696,2
U221-H5-VS2-GGA20- Zn(II) 15-Cr(VI) 15-Ni(II) 10mg-L-17102024-Q=50.84mL-phút-1,U221-H5-VS2-15.10.2024,2,0,GGA20,324.74507,301.0,273.40001,51.34506,0
U221-H5-VS2-GGA20- Zn(II) 15-Cr(VI) 15-Ni(II) 10mg-L-17102024-Q=50.84mL-phút-1,U221-H5-VS2-15.10.2024,2,1,,326.2375,772.0,276.2,50.0375,0
U221-H5-VS2-GGA20- Zn(II) 15-Cr(VI) 15-Ni(II) 10mg-L-17102024-Q=50.84mL-phút-1,U221-H5-VS2-15.10.2024,2,2,,325.51528,1241.0,273.09999,52.41529,0
U221-H5-VS2-GGA20- Zn(II) 15-Cr(VI) 15-Ni(II) 10mg-L-17102024-Q=50.84mL-phút-1,U221-H5-VS2-15.10.2024,2,3,,322.38195,1716.0,272.6,49.78195,0
U221-H5-VS2-GGA20- Zn(II) 15-Cr(VI) 15-Ni(II) 10mg-L-17102024-Q=50.84mL-phút-1,U221-H5-VS2-15.10.2024,2,4,,320.60417,2192.0,270.70001,49.90416,0
U221-H5-VS2-GGA20- Zn(II) 15-Cr(VI) 15-Ni(II) 10mg-L-17102024-Q=50.84mL-phút-1,U221-H5-VS2-15.10.2024,2,5,,319.42778,2664.0,268.00001,51.42777,0
U221-H5-VS2-GGA20- Zn(II) 15-Cr(VI) 15-Ni(II) 10mg-L-17102024-Q=50.84mL-phút-1,U221-H5-VS2-15.10.2024,2,6,,320.11667,3137.0,266.99999,53.11668,0
U221-H5-VS2-GGA20- Zn(II) 15-Cr(VI) 15-Ni(II) 10mg-L-17102024-Q=50.84mL-phút-1,U221-H5-VS2-15.10.2024,2,7,,319.10405,3609.0,263.50001,55.60404,0
U221-H5-VS2-GGA20- Zn(II) 15-Cr(VI) 15-Ni(II) 10mg-L-17102024-Q=50.84mL-phút-1,U221-H5-VS2-15.10.2024,2,8,GGA20-Zn15-Cr15-Ni10,318.20417,4086.0,270.00001,48.20416,1
U221-H5-VS2-GGA20- Zn(II) 15-Cr(VI) 15-Ni(II) 10mg-L-17102024-Q=50.84mL-phút-1,U221-H5-VS2-15.10.2024,2,9,,317.42361,4558.0,273.5,43.92361,1
U221-H5-VS2-GGA20- Zn(II) 15-Cr(VI) 15-Ni(II) 10mg-L-17102024-Q=50.84mL-phút-1,U221-H5-VS2-15.10.2024,2,10,,318.4625,5032.0,272.3,46.1625,1
U221-H5-VS2-GGA20- Zn(II) 15-Cr(VI) 15-Ni(II) 10mg-L-17102024-Q=50.84mL-phút-1,U221-H5-VS2-15.10.2024,2,11,,319.27639,5509.0,276.30001,42.97638,1
U221-H5-VS2-GGA20- Zn(II) 15-Cr(VI) 15-Ni(II) 10mg-L-17102024-Q=50.84mL-phút-1,U221-H5-VS2-15.10.2024,2,12,,319.22817,5978.0,275.59999,43.62818,1
U221-H5-VS2-GGA20- Zn(II) 15-Cr(VI) 15-Ni(II) 10mg-L-17102024-Q=50.84mL-phút-1,U221-H5-VS2-15.10.2024,2,13,,318.26667,6451.0,276.6,41.66667,2
U221-H5-VS2-GGA20- Zn(II) 15-Cr(VI) 15-Ni(II) 10mg-L-17102024-Q=50.84mL-phút-1,U221-H5-VS2-15.10.2024,2,14,,311.33784,6930.0,270.90001,40.43783,2
U222-H6-VS2-GGA15- Zn(II) 5-Cr(VI) 10-Ni(II) 5mg-L-17102024-Q=50.61mL-phút-1,U222-H6-VS2-15.10.2024,0,0,GGA15,323.82258,301.0,270.20001,53.62257,0
U222-H6-VS2-GGA15- Zn(II) 5-Cr(VI) 10-Ni(II) 5mg-L-17102024-Q=50.61mL-phút-1,U222-H6-VS2-15.10.2024,0,1,,335.03667,776.0,279.59999,55.43668,0
U222-H6-VS2-GGA15- Zn(II) 5-Cr(VI) 10-Ni(II) 5mg-L-17102024-Q=50.61mL-phút-1,U222-H6-VS2-15.10.2024,0,2,,344.16333,1249.0,286.19999,57.96334,0
U222-H6-VS2-GGA15- Zn(II) 5-Cr(VI) 10-Ni(II) 5mg-L-17102024-Q=50.61mL-phút-1,U222-H6-VS2-15.10.2024,0,3,,350.33333,1723.0,289.60001,60.73332,0
U222-H6-VS2-GGA15- Zn(II) 5-Cr(VI) 10-Ni(II) 5mg-L-17102024-Q=50.61mL-phút-1,U222-H6-VS2-15.10.2024,0,4,,352.01864,2200.0,292.0,60.01864,0
U222-H6-VS2-GGA15- Zn(II) 5-Cr(VI) 10-Ni(II) 5mg-L-17102024-Q=50.61mL-phút-1,U222-H6-VS2-15.10.2024,0,5,,354.84333,2674.0,291.5,63.34333,0
U222-H6-VS2-GGA15- Zn(II) 5-Cr(VI) 10-Ni(II) 5mg-L-17102024-Q=50.61mL-phút-1,U222-H6-VS2-15.10.2024,0,6,,354.65424,3146.0,296.29999,58.35425,0
U222-H6-VS2-GGA15- Zn(II) 5-Cr(VI) 10-Ni(II) 5mg-L-17102024-Q=50.61mL-phút-1,U222-H6-VS2-15.10.2024,0,7,GGA15-Zn5-Cr10-Ni5,358.17,3619.0,306.80001,51.36999,1
U222-H6-VS2-GGA15- Zn(II) 5-Cr(VI) 10-Ni(II) 5mg-L-17102024-Q=50.61mL-phút-1,U222-H6-VS2-15.10.2024,0,8,,358.51017,4089.0,312.99999,45.51018,1
U222-H6-VS2-GGA15- Zn(II) 5-Cr(VI) 10-Ni(II) 5mg-L-17102024-Q=50.61mL-phút-1,U222-H6-VS2-15.10.2024,0,9,,351.90847,4563.0,308.9,43.00847,1
U222-H6-VS2-GGA15- Zn(II) 5-Cr(VI) 10-Ni(II) 5mg-L-17102024-Q=50.61mL-phút-1,U222-H6-VS2-15.10.2024,0,10,,344.95763,5038.0,307.20001,37.75762,1
U222-H6-VS2-GGA15- Zn(II) 5-Cr(VI) 10-Ni(II) 5mg-L-17102024-Q=50.61mL-phút-1,U222-H6-VS2-15.10.2024,0,11,,336.92034,5512.0,304.10001,32.82033,1
U222-H6-VS2-GGA15- Zn(II) 5-Cr(VI) 10-Ni(II) 5mg-L-17102024-Q=50.61mL-phút-1,U222-H6-VS2-15.10.2024,0,12,,341.49167,5985.0,305.09999,36.39168,1
U222-H6-VS2-GGA15- Zn(II) 5-Cr(VI) 10-Ni(II) 5mg-L-17102024-Q=50.61mL-phút-1,U222-H6-VS2-15.10.2024,0,13,,343.42712,6458.0,309.1,34.32712,2
U222-H6-VS2-GGA15- Zn(II) 5-Cr(VI) 10-Ni(II) 5mg-L-17102024-Q=50.61mL-phút-1,U222-H6-VS2-15.10.2024,0,14,,343.8983,6935.0,308.9,34.9983,2
U222-H6-VS2-GGA20- Zn(II) 10-Cr(VI) 10-Ni(II) 5mg-L-17102024-Q=50.26mL-phút-1,U222-H6-VS2-15.10.2024,1,0,GGA20,335.59661,301.0,294.0,41.59661,0
U222-H6-VS2-GGA20- Zn(II) 10-Cr(VI) 10-Ni(II) 5mg-L-17102024-Q=50.26mL-phút-1,U222-H6-VS2-15.10.2024,1,1,,329.63729,776.0,288.30001,41.33728,0
U222-H6-VS2-GGA20- Zn(II) 10-Cr(VI) 10-Ni(II) 5mg-L-17102024-Q=50.26mL-phút-1,U222-H6-VS2-15.10.2024,1,2,,326.2459,1250.0,285.10001,41.14589,0
U222-H6-VS2-GGA20- Zn(II) 10-Cr(VI) 10-Ni(II) 5mg-L-17102024-Q=50.26mL-phút-1,U222-H6-VS2-15.10.2024,1,3,,324.17167,1720.0,282.99999,41.17168,0
U222-H6-VS2-GGA20- Zn(II) 10-Cr(VI) 10-Ni(II) 5mg-L-17102024-Q=50.26mL-phút-1,U222-H6-VS2-15.10.2024,1,4,,324.4,2199.0,280.49999,43.90001,0
U222-H6-VS2-GGA20- Zn(II) 10-Cr(VI) 10-Ni(II) 5mg-L-17102024-Q=50.26mL-phút-1,U222-H6-VS2-15.10.2024,1,5,GGA20-Zn10-Cr10-Ni5,328.81865,2678.0,286.19999,42.61866,1
U222-H6-VS2-GGA20- Zn(II) 10-Cr(VI) 10-Ni(II) 5mg-L-17102024-Q=50.26mL-phút-1,U222-H6-VS2-15.10.2024,1,6,,334.16833,3145.0,296.60001,37.56832,1
U222-H6-VS2-GGA20- Zn(II) 10-Cr(VI) 10-Ni(II) 5mg-L-17102024-Q=50.26mL-phút-1,U222-H6-VS2-15.10.2024,1,7,,327.4,3617.0,292.10001,35.29999,1
U222-H6-VS2-GGA20- Zn(II) 10-Cr(VI) 10-Ni(II) 5mg-L-17102024-Q=50.26mL-phút-1,U222-H6-VS2-15.10.2024,1,8,,313.60508,4096.0,282.59999,31.00509,2
U222-H6-VS2-GGA20- Zn(II) 10-Cr(VI) 10-Ni(II) 5mg-L-17102024-Q=50.26mL-phút-1,U222-H6-VS2-15.10.2024,1,9,,311.65593,4572.0,278.80001,32.85592,2
U222-H6-VS2-GGA20- Zn(II) 15-Cr(VI) 15-Ni(II) 10mg-L-17102024-Q=50.36mL-phút-2,U222-H6-VS2-15.10.2024,2,0,GGA20,309.69839,301.0,280.49999,29.1984,0
U222-H6-VS2-GGA20- Zn(II) 15-Cr(VI) 15-Ni(II) 10mg-L-17102024-Q=50.36mL-phút-2,U222-H6-VS2-15.10.2024,2,1,,318.23,775.0,286.59999,31.63001,0
U222-H6-VS2-GGA20- Zn(II) 15-Cr(VI) 15-Ni(II) 10mg-L-17102024-Q=50.36mL-phút-2,U222-H6-VS2-15.10.2024,2,2,,316.91834,1250.0,285.0,31.91834,0
U222-H6-VS2-GGA20- Zn(II) 15-Cr(VI) 15-Ni(II) 10mg-L-17102024-Q=50.36mL-phút-2,U222-H6-VS2-15.10.2024,2,3,,314.73898,1723.0,283.69999,31.03899,0
U222-H6-VS2-GGA20- Zn(II) 15-Cr(VI) 15-Ni(II) 10mg-L-17102024-Q=50.36mL-phút-2,U222-H6-VS2-15.10.2024,2,4,,313.41695,2197.0,284.00001,29.41694,0
U222-H6-VS2-GGA20- Zn(II) 15-Cr(VI) 15-Ni(II) 10mg-L-17102024-Q=50.36mL-phút-2,U222-H6-VS2-15.10.2024,2,5,,311.415,2673.0,280.7,30.715,0
U222-H6-VS2-GGA20- Zn(II) 15-Cr(VI) 15-Ni(II) 10mg-L-17102024-Q=50.36mL-phút-2,U222-H6-VS2-15.10.2024,2,6,,310.61017,3143.0,278.9,31.71017,0
U222-H6-VS2-GGA20- Zn(II) 15-Cr(VI) 15-Ni(II) 10mg-L-17102024-Q=50.36mL-phút-2,U222-H6-VS2-15.10.2024,2,7,,310.66229,3615.0,278.0,32.66229,0
U222-H6-VS2-GGA20- Zn(II) 15-Cr(VI) 15-Ni(II) 10mg-L-17102024-Q=50.36mL-phút-2,U222-H6-VS2-15.10.2024,2,8,GGA20-Zn15-Cr15-Ni10,314.93167,4090.0,279.19999,35.73168,1
U222-H6-VS2-GGA20- Zn(II) 15-Cr(VI) 15-Ni(II) 10mg-L-17102024-Q=50.36mL-phút-2,U222-H6-VS2-15.10.2024,2,9,,309.55254,4563.0,280.2,29.35254,1
U222-H6-VS2-GGA20- Zn(II) 15-Cr(VI) 15-Ni(II) 10mg-L-17102024-Q=50.36mL-phút-2,U222-H6-VS2-15.10.2024,2,10,,307.14833,5037.0,277.39999,29.74834,1
U222-H6-VS2-GGA20- Zn(II) 15-Cr(VI) 15-Ni(II) 10mg-L-17102024-Q=50.36mL-phút-2,U222-H6-VS2-15.10.2024,2,11,,305.24576,5509.0,278.2,27.04576,1
U222-H6-VS2-GGA20- Zn(II) 15-Cr(VI) 15-Ni(II) 10mg-L-17102024-Q=50.36mL-phút-2,U222-H6-VS2-15.10.2024,2,12,,305.5,5984.0,275.40001,30.09999,1
U222-H6-VS2-GGA20- Zn(II) 15-Cr(VI) 15-Ni(II) 10mg-L-17102024-Q=50.36mL-phút-2,U222-H6-VS2-15.10.2024,2,13,,297.00339,6462.0,267.6,29.40339,1
U222-H6-VS2-GGA20- Zn(II) 15-Cr(VI) 15-Ni(II) 10mg-L-17102024-Q=50.36mL-phút-2,U222-H6-VS2-15.10.2024,2,14,,301.06949,6929.0,274.10001,26.96948,2
U222-H6-VS2-GGA20- Zn(II) 15-Cr(VI) 15-Ni(II) 10mg-L-17102024-Q=50.36mL-phút-2,U222-H6-VS2-15.10.2024,2,15,,292.97796,7408.0,265.6,27.37796,2
U222-H6-VS2-GGA20- Zn(II) 15-Cr(VI) 15-Ni(II) 10mg-L-17102024-Q=50.36mL-phút-2,U222-H6-VS2-15.10.2024,2,16,,294.92131,7883.0,268.59999,26.32132,2
U223-H5-VS2-GGA10- Zn(II) 5-Cr(VI) 10-Ni(II) 5mg-L-21102024-Q=50.1mL-phút-1,U223-H5-VS2-16.10.2024,0,0,GGA10,294.36123,301.0,238.4,55.96123,0
U223-H5-VS2-GGA10- Zn(II) 5-Cr(VI) 10-Ni(II) 5mg-L-21102024-Q=50.1mL-phút-1,U223-H5-VS2-16.10.2024,0,1,,292.92978,774.0,235.7,57.22978,0
U223-H5-VS2-GGA10- Zn(II) 5-Cr(VI) 10-Ni(II) 5mg-L-21102024-Q=50.1mL-phút-1,U223-H5-VS2-16.10.2024,0,2,,290.49792,1253.0,233.79999,56.69793,0
U223-H5-VS2-GGA10- Zn(II) 5-Cr(VI) 10-Ni(II) 5mg-L-21102024-Q=50.1mL-phút-1,U223-H5-VS2-16.10.2024,0,3,,289.57659,1726.0,233.0,56.57659,0
U223-H5-VS2-GGA10- Zn(II) 5-Cr(VI) 10-Ni(II) 5mg-L-21102024-Q=50.1mL-phút-1,U223-H5-VS2-16.10.2024,0,4,,293.22979,2200.0,238.10001,55.12978,0
U223-H5-VS2-GGA10- Zn(II) 5-Cr(VI) 10-Ni(II) 5mg-L-21102024-Q=50.1mL-phút-1,U223-H5-VS2-16.10.2024,0,5,,305.02857,2672.0,248.69999,56.32858,0
U223-H5-VS2-GGA10- Zn(II) 5-Cr(VI) 10-Ni(II) 5mg-L-21102024-Q=50.1mL-phút-1,U223-H5-VS2-16.10.2024,0,6,GGA10-Zn5-Cr10-Ni5,312.70638,3146.0,254.70001,58.00637,1
U223-H5-VS2-GGA10- Zn(II) 5-Cr(VI) 10-Ni(II) 5mg-L-21102024-Q=50.1mL-phút-1,U223-H5-VS2-16.10.2024,0,7,,316.34681,3626.0,258.8,57.54681,1
U223-H5-VS2-GGA10- Zn(II) 5-Cr(VI) 10-Ni(II) 5mg-L-21102024-Q=50.1mL-phút-1,U223-H5-VS2-16.10.2024,0,8,,316.6234,4097.0,261.40001,55.22339,1
U223-H5-VS2-GGA10- Zn(II) 5-Cr(VI) 10-Ni(II) 5mg-L-21102024-Q=50.1mL-phút-1,U223-H5-VS2-16.10.2024,0,9,,319.64255,4566.0,264.49999,55.14256,1
U223-H5-VS2-GGA10- Zn(II) 5-Cr(VI) 10-Ni(II) 5mg-L-21102024-Q=50.1mL-phút-1,U223-H5-VS2-16.10.2024,0,10,,322.38723,5039.0,270.5,51.88723,1
U223-H5-VS2-GGA10- Zn(II) 5-Cr(VI) 10-Ni(II) 5mg-L-21102024-Q=50.1mL-phút-1,U223-H5-VS2-16.10.2024,0,11,,318.01276,5512.0,261.40001,56.61275,1
U223-H5-VS2-GGA10- Zn(II) 5-Cr(VI) 10-Ni(II) 5mg-L-21102024-Q=50.1mL-phút-1,U223-H5-VS2-16.10.2024,0,12,,312.01702,5985.0,262.80001,49.21701,2
U223-H5-VS2-GGA10- Zn(II) 5-Cr(VI) 10-Ni(II) 5mg-L-21102024-Q=50.1mL-phút-1,U223-H5-VS2-16.10.2024,0,13,,320.71702,6457.0,275.40001,45.31701,2
U223-H5-VS2-GGA10- Zn(II) 5-Cr(VI) 10-Ni(II) 5mg-L-21102024-Q=50.1mL-phút-1,U223-H5-VS2-16.10.2024,0,14,,323.68085,6929.0,275.3,48.38085,2
U223-H5-VS2-GGA15- Zn(II) 10-Cr(VI) 10-Ni(II) 5mg-L-21102024-Q=50.06mL-phút-1,U223-H5-VS2-16.10.2024,1,0,GGA15,314.04898,301.0,255.69999,58.34899,0
U223-H5-VS2-GGA15- Zn(II) 10-Cr(VI) 10-Ni(II) 5mg-L-21102024-Q=50.06mL-phút-1,U223-H5-VS2-16.10.2024,1,1,,315.25532,772.0,260.19999,55.05533,0
U223-H5-VS2-GGA15- Zn(II) 10-Cr(VI) 10-Ni(II) 5mg-L-21102024-Q=50.06mL-phút-1,U223-H5-VS2-16.10.2024,1,2,,319.24681,1245.0,257.40001,61.8468,0
U223-H5-VS2-GGA15- Zn(II) 10-Cr(VI) 10-Ni(II) 5mg-L-21102024-Q=50.06mL-phút-1,U223-H5-VS2-16.10.2024,1,3,,324.73542,1717.0,264.80001,59.93541,0
U223-H5-VS2-GGA15- Zn(II) 10-Cr(VI) 10-Ni(II) 5mg-L-21102024-Q=50.06mL-phút-1,U223-H5-VS2-16.10.2024,1,4,,320.94062,2190.0,263.8,57.14062,0
U223-H5-VS2-GGA15- Zn(II) 10-Cr(VI) 10-Ni(II) 5mg-L-21102024-Q=50.06mL-phút-1,U223-H5-VS2-16.10.2024,1,5,,320.74727,2662.0,261.3,59.44727,0
U223-H5-VS2-GGA15- Zn(II) 10-Cr(VI) 10-Ni(II) 5mg-L-21102024-Q=50.06mL-phút-1,U223-H5-VS2-16.10.2024,1,6,,313.12,3135.0,252.29999,60.82001,0
U223-H5-VS2-GGA15- Zn(II) 10-Cr(VI) 10-Ni(II) 5mg-L-21102024-Q=50.06mL-phút-1,U223-H5-VS2-16.10.2024,1,7,GGA15-Zn10-Cr10-Ni5,313.76667,3613.0,247.70001,66.06666,1
U223-H5-VS2-GGA15- Zn(II) 10-Cr(VI) 10-Ni(II) 5mg-L-21102024-Q=50.06mL-phút-1,U223-H5-VS2-16.10.2024,1,8,,322.29273,4085.0,259.09999,63.19274,1
U223-H5-VS2-GGA15- Zn(II) 10-Cr(VI) 10-Ni(II) 5mg-L-21102024-Q=50.06mL-phút-1,U223-H5-VS2-16.10.2024,1,9,,317.04182,4557.0,261.20001,55.84181,1
U223-H5-VS2-GGA15- Zn(II) 10-Cr(VI) 10-Ni(II) 5mg-L-21102024-Q=50.06mL-phút-1,U223-H5-VS2-16.10.2024,1,10,,311.51273,5032.0,252.99999,58.51274,1
U223-H5-VS2-GGA15- Zn(II) 10-Cr(VI) 10-Ni(II) 5mg-L-21102024-Q=50.06mL-phút-1,U223-H5-VS2-16.10.2024,1,11,,314.01818,5504.0,255.10001,58.91817,1
U223-H5-VS2-GGA15- Zn(II) 10-Cr(VI) 10-Ni(II) 5mg-L-21102024-Q=50.06mL-phút-1,U223-H5-VS2-16.10.2024,1,12,,308.28909,5982.0,256.19999,52.0891,2
U223-H5-VS2-GGA15- Zn(II) 10-Cr(VI) 10-Ni(II) 5mg-L-21102024-Q=50.06mL-phút-1,U223-H5-VS2-16.10.2024,1,13,,314.10364,6461.0,260.89999,53.20365,2
U223-H5-VS2-GGA20- Zn(II) 15-Cr(VI) 15-Ni(II) 10mg-L-21102024-Q=50.14mL-phút-4,U223-H5-VS2-16.10.2024,2,0,GGA20,304.39091,301.0,250.09999,54.29092,0
U223-H5-VS2-GGA20- Zn(II) 15-Cr(VI) 15-Ni(II) 10mg-L-21102024-Q=50.14mL-phút-4,U223-H5-VS2-16.10.2024,2,1,,311.05636,773.0,254.59999,56.45637,0
U223-H5-VS2-GGA20- Zn(II) 15-Cr(VI) 15-Ni(II) 10mg-L-21102024-Q=50.14mL-phút-4,U223-H5-VS2-16.10.2024,2,2,,320.59535,1252.0,264.60001,55.99534,0
U223-H5-VS2-GGA20- Zn(II) 15-Cr(VI) 15-Ni(II) 10mg-L-21102024-Q=50.14mL-phút-4,U223-H5-VS2-16.10.2024,2,3,,318.26901,1724.0,261.79999,56.46902,0
U223-H5-VS2-GGA20- Zn(II) 15-Cr(VI) 15-Ni(II) 10mg-L-21102024-Q=50.14mL-phút-4,U223-H5-VS2-16.10.2024,2,4,,315.61408,2196.0,262.89999,52.71409,0
U223-H5-VS2-GGA20- Zn(II) 15-Cr(VI) 15-Ni(II) 10mg-L-21102024-Q=50.14mL-phút-4,U223-H5-VS2-16.10.2024,2,5,,324.73261,2671.0,262.2,62.53261,0
U223-H5-VS2-GGA20- Zn(II) 15-Cr(VI) 15-Ni(II) 10mg-L-21102024-Q=50.14mL-phút-4,U223-H5-VS2-16.10.2024,2,6,,313.1413,3150.0,252.20001,60.94129,0
U223-H5-VS2-GGA20- Zn(II) 15-Cr(VI) 15-Ni(II) 10mg-L-21102024-Q=50.14mL-phút-4,U223-H5-VS2-16.10.2024,2,7,GGA20-Zn15-Cr15-Ni10,313.00445,3623.0,258.39999,54.60446,1
U223-H5-VS2-GGA20- Zn(II) 15-Cr(VI) 15-Ni(II) 10mg-L-21102024-Q=50.14mL-phút-4,U223-H5-VS2-16.10.2024,2,8,,308.84375,4097.0,262.2,46.64375,1
U223-H5-VS2-GGA20- Zn(II) 15-Cr(VI) 15-Ni(II) 10mg-L-21102024-Q=50.14mL-phút-4,U223-H5-VS2-16.10.2024,2,9,,307.58913,4568.0,261.79999,45.78914,1
U223-H5-VS2-GGA20- Zn(II) 15-Cr(VI) 15-Ni(II) 10mg-L-21102024-Q=50.14mL-phút-4,U223-H5-VS2-16.10.2024,2,10,,308.34667,5046.0,265.70001,42.64666,1
U223-H5-VS2-GGA20- Zn(II) 15-Cr(VI) 15-Ni(II) 10mg-L-21102024-Q=50.14mL-phút-4,U223-H5-VS2-16.10.2024,2,11,,315.51087,5518.0,268.90001,46.61086,1
U223-H5-VS2-GGA20- Zn(II) 15-Cr(VI) 15-Ni(II) 10mg-L-21102024-Q=50.14mL-phút-4,U223-H5-VS2-16.10.2024,2,12,,315.49555,5991.0,266.20001,49.29554,1
U223-H5-VS2-GGA20- Zn(II) 15-Cr(VI) 15-Ni(II) 10mg-L-21102024-Q=50.14mL-phút-4,U223-H5-VS2-16.10.2024,2,13,,313.71087,6463.0,269.2,44.51087,2
U223-H5-VS2-GGA20- Zn(II) 15-Cr(VI) 15-Ni(II) 10mg-L-21102024-Q=50.14mL-phút-4,U223-H5-VS2-16.10.2024,2,14,,310.39821,6936.0,264.40001,45.9982,2
U224-H6-VS2-GGA10- Zn(II) 5-Cr(VI) 10-Ni(II) 5mg-L-21102024-Q=50.33mL-phút-2,U224-H6-VS2-16.10.2024,0,0,GGA10,335.36735,301.0,296.60001,38.76734,0
U224-H6-VS2-GGA10- Zn(II) 5-Cr(VI) 10-Ni(II) 5mg-L-21102024-Q=50.33mL-phút-2,U224-H6-VS2-16.10.2024,0,1,,332.7551,774.0,294.40001,38.35509,0
U224-H6-VS2-GGA10- Zn(II) 5-Cr(VI) 10-Ni(II) 5mg-L-21102024-Q=50.33mL-phút-2,U224-H6-VS2-16.10.2024,0,2,,330.42857,1248.0,291.79999,38.62858,0
U224-H6-VS2-GGA10- Zn(II) 5-Cr(VI) 10-Ni(II) 5mg-L-21102024-Q=50.33mL-phút-2,U224-H6-VS2-16.10.2024,0,3,,327.23922,1719.0,289.5,37.73922,0
U224-H6-VS2-GGA10- Zn(II) 5-Cr(VI) 10-Ni(II) 5mg-L-21102024-Q=50.33mL-phút-2,U224-H6-VS2-16.10.2024,0,4,,319.12245,2198.0,280.2,38.92245,0
U224-H6-VS2-GGA10- Zn(II) 5-Cr(VI) 10-Ni(II) 5mg-L-21102024-Q=50.33mL-phút-2,U224-H6-VS2-16.10.2024,0,5,,323.68163,2669.0,285.29999,38.38164,0
U224-H6-VS2-GGA10- Zn(II) 5-Cr(VI) 10-Ni(II) 5mg-L-21102024-Q=50.33mL-phút-2,U224-H6-VS2-16.10.2024,0,6,,330.71633,3146.0,291.1,39.61633,0
U224-H6-VS2-GGA10- Zn(II) 5-Cr(VI) 10-Ni(II) 5mg-L-21102024-Q=50.33mL-phút-2,U224-H6-VS2-16.10.2024,0,7,GGA10-Zn5-Cr10-Ni5,338.97551,3621.0,300.90001,38.0755,1
U224-H6-VS2-GGA10- Zn(II) 5-Cr(VI) 10-Ni(II) 5mg-L-21102024-Q=50.33mL-phút-2,U224-H6-VS2-16.10.2024,0,8,,337.80384,4094.0,300.8,37.00384,1
U224-H6-VS2-GGA10- Zn(II) 5-Cr(VI) 10-Ni(II) 5mg-L-21102024-Q=50.33mL-phút-2,U224-H6-VS2-16.10.2024,0,9,,335.98572,4567.0,303.7,32.28572,1
U224-H6-VS2-GGA10- Zn(II) 5-Cr(VI) 10-Ni(II) 5mg-L-21102024-Q=50.33mL-phút-2,U224-H6-VS2-16.10.2024,0,10,,334.76531,5039.0,300.59999,34.16532,1
U224-H6-VS2-GGA10- Zn(II) 5-Cr(VI) 10-Ni(II) 5mg-L-21102024-Q=50.33mL-phút-2,U224-H6-VS2-16.10.2024,0,11,,333.81837,5513.0,301.80001,32.01836,1
U224-H6-VS2-GGA10- Zn(II) 5-Cr(VI) 10-Ni(II) 5mg-L-21102024-Q=50.33mL-phút-2,U224-H6-VS2-16.10.2024,0,12,,323.71224,5986.0,295.30001,28.41223,1
U224-H6-VS2-GGA10- Zn(II) 5-Cr(VI) 10-Ni(II) 5mg-L-21102024-Q=50.33mL-phút-2,U224-H6-VS2-16.10.2024,0,13,,316.91837,6466.0,289.60001,27.31836,2
U224-H6-VS2-GGA10- Zn(II) 5-Cr(VI) 10-Ni(II) 5mg-L-21102024-Q=50.33mL-phút-2,U224-H6-VS2-16.10.2024,0,14,,319.04694,6933.0,293.39999,25.64695,2
U224-H6-VS2-GGA10- Zn(II) 5-Cr(VI) 10-Ni(II) 5mg-L-21102024-Q=50.33mL-phút-2,U224-H6-VS2-16.10.2024,0,15,,322.07059,7412.0,294.40001,27.67058,2
U224-H6-VS2-GGA15- Zn(II) 10-Cr(VI) 10-Ni(II) 5mg-L-21102024-Q=49.73mL-phút-2,U224-H6-VS2-16.10.2024,1,0,GGA15,319.16531,301.0,285.49999,33.66532,0
U224-H6-VS2-GGA15- Zn(II) 10-Cr(VI) 10-Ni(II) 5mg-L-21102024-Q=49.73mL-phút-2,U224-H6-VS2-16.10.2024,1,1,,321.64694,779.0,286.90001,34.74693,0
U224-H6-VS2-GGA15- Zn(II) 10-Cr(VI) 10-Ni(II) 5mg-L-21102024-Q=49.73mL-phút-2,U224-H6-VS2-16.10.2024,1,2,,321.75918,1249.0,284.3,37.45918,0
U224-H6-VS2-GGA15- Zn(II) 10-Cr(VI) 10-Ni(II) 5mg-L-21102024-Q=49.73mL-phút-2,U224-H6-VS2-16.10.2024,1,3,,315.63725,1719.0,284.1,31.53725,0
U224-H6-VS2-GGA15- Zn(II) 10-Cr(VI) 10-Ni(II) 5mg-L-21102024-Q=49.73mL-phút-2,U224-H6-VS2-16.10.2024,1,4,,310.8102,2190.0,278.60001,32.21019,0
U224-H6-VS2-GGA15- Zn(II) 10-Cr(VI) 10-Ni(II) 5mg-L-21102024-Q=49.73mL-phút-2,U224-H6-VS2-16.10.2024,1,5,,318.54286,2660.0,279.1,39.44286,0
U224-H6-VS2-GGA15- Zn(II) 10-Cr(VI) 10-Ni(II) 5mg-L-21102024-Q=49.73mL-phút-2,U224-H6-VS2-16.10.2024,1,6,GGA15-Zn10-Cr10-Ni5,319.47347,3131.0,285.49999,33.97348,1
U224-H6-VS2-GGA15- Zn(II) 10-Cr(VI) 10-Ni(II) 5mg-L-21102024-Q=49.73mL-phút-2,U224-H6-VS2-16.10.2024,1,7,,311.23469,3607.0,284.00001,27.23468,1
U224-H6-VS2-GGA15- Zn(II) 10-Cr(VI) 10-Ni(II) 5mg-L-21102024-Q=49.73mL-phút-2,U224-H6-VS2-16.10.2024,1,8,,307.33878,4079.0,277.3,30.03878,1
U224-H6-VS2-GGA15- Zn(II) 10-Cr(VI) 10-Ni(II) 5mg-L-21102024-Q=49.73mL-phút-2,U224-H6-VS2-16.10.2024,1,9,,304.91837,4553.0,277.90001,27.01836,1
U224-H6-VS2-GGA15- Zn(II) 10-Cr(VI) 10-Ni(II) 5mg-L-21102024-Q=49.73mL-phút-2,U224-H6-VS2-16.10.2024,1,10,,305.33878,5027.0,279.1,26.23878,1
U224-H6-VS2-GGA15- Zn(II) 10-Cr(VI) 10-Ni(II) 5mg-L-21102024-Q=49.73mL-phút-2,U224-H6-VS2-16.10.2024,1,11,,308.72549,5499.0,284.1,24.62549,2
U224-H6-VS2-GGA15- Zn(II) 10-Cr(VI) 10-Ni(II) 5mg-L-21102024-Q=49.73mL-phút-2,U224-H6-VS2-16.10.2024,1,12,,302.76531,5981.0,278.2,24.56531,2
U224-H6-VS2-GGA20- Zn(II) 15-Cr(VI) 15-Ni(II) 10mg-L-21102024-Q=49.88mL-phút-5,U224-H6-VS2-16.10.2024,2,0,GGA20,309.76531,301.0,280.49999,29.26532,0
U224-H6-VS2-GGA20- Zn(II) 15-Cr(VI) 15-Ni(II) 10mg-L-21102024-Q=49.88mL-phút-5,U224-H6-VS2-16.10.2024,2,1,,305.8902,775.0,275.7,30.1902,0
U224-H6-VS2-GGA20- Zn(II) 15-Cr(VI) 15-Ni(II) 10mg-L-21102024-Q=49.88mL-phút-5,U224-H6-VS2-16.10.2024,2,2,,300.57778,1248.0,271.4,29.17778,0
U224-H6-VS2-GGA20- Zn(II) 15-Cr(VI) 15-Ni(II) 10mg-L-21102024-Q=49.88mL-phút-5,U224-H6-VS2-16.10.2024,2,3,,299.33333,1722.0,269.49999,29.83334,0
U224-H6-VS2-GGA20- Zn(II) 15-Cr(VI) 15-Ni(II) 10mg-L-21102024-Q=49.88mL-phút-5,U224-H6-VS2-16.10.2024,2,4,,300.07222,2196.0,270.3,29.77222,0
U224-H6-VS2-GGA20- Zn(II) 15-Cr(VI) 15-Ni(II) 10mg-L-21102024-Q=49.88mL-phút-5,U224-H6-VS2-16.10.2024,2,5,,304.05472,2668.0,273.20001,30.85471,0
U224-H6-VS2-GGA20- Zn(II) 15-Cr(VI) 15-Ni(II) 10mg-L-21102024-Q=49.88mL-phút-5,U224-H6-VS2-16.10.2024,2,6,,303.13704,3141.0,273.7,29.43704,0
U224-H6-VS2-GGA20- Zn(II) 15-Cr(VI) 15-Ni(II) 10mg-L-21102024-Q=49.88mL-phút-5,U224-H6-VS2-16.10.2024,2,7,GGA20-Zn15-Cr15-Ni10,304.96226,3614.0,273.79999,31.16227,1
U224-H6-VS2-GGA20- Zn(II) 15-Cr(VI) 15-Ni(II) 10mg-L-21102024-Q=49.88mL-phút-5,U224-H6-VS2-16.10.2024,2,8,,298.72364,4088.0,273.60001,25.12363,1
U224-H6-VS2-GGA20- Zn(II) 15-Cr(VI) 15-Ni(II) 10mg-L-21102024-Q=49.88mL-phút-5,U224-H6-VS2-16.10.2024,2,9,,295.74151,4564.0,272.19999,23.54152,1
U224-H6-VS2-GGA20- Zn(II) 15-Cr(VI) 15-Ni(II) 10mg-L-21102024-Q=49.88mL-phút-5,U224-H6-VS2-16.10.2024,2,10,,294.52593,5038.0,273.40001,21.12592,1
U224-H6-VS2-GGA20- Zn(II) 15-Cr(VI) 15-Ni(II) 10mg-L-21102024-Q=49.88mL-phút-5,U224-H6-VS2-16.10.2024,2,11,,299.51296,5508.0,276.4,23.11296,1
U224-H6-VS2-GGA20- Zn(II) 15-Cr(VI) 15-Ni(II) 10mg-L-21102024-Q=49.88mL-phút-5,U224-H6-VS2-16.10.2024,2,12,,297.38519,5987.0,273.99999,23.3852,1
U224-H6-VS2-GGA20- Zn(II) 15-Cr(VI) 15-Ni(II) 10mg-L-21102024-Q=49.88mL-phút-5,U224-H6-VS2-16.10.2024,2,13,,293.68302,6457.0,272.50001,21.18301,2
U224-H6-VS2-GGA20- Zn(II) 15-Cr(VI) 15-Ni(II) 10mg-L-21102024-Q=49.88mL-phút-5,U224-H6-VS2-16.10.2024,2,14,,288.0566,6930.0,266.9,21.1566,2
U225-H5-VS2-GGA10- Zn(II) 5-Cr(VI) 10-Ni(II) 5mg-L-22102024-Q=50.56mL-phút-3,U225-H5-VS2-18.10.2024,0,0,GGA10,303.14177,301.0,234.2,68.94177,0
U225-H5-VS2-GGA10- Zn(II) 5-Cr(VI) 10-Ni(II) 5mg-L-22102024-Q=50.56mL-phút-3,U225-H5-VS2-18.10.2024,0,1,,299.34935,771.0,233.1,66.24935,0
U225-H5-VS2-GGA10- Zn(II) 5-Cr(VI) 10-Ni(II) 5mg-L-22102024-Q=50.56mL-phút-3,U225-H5-VS2-18.10.2024,0,2,,303.60898,1259.0,230.9,72.70898,0
U225-H5-VS2-GGA10- Zn(II) 5-Cr(VI) 10-Ni(II) 5mg-L-22102024-Q=50.56mL-phút-3,U225-H5-VS2-18.10.2024,0,3,,298.1026,1718.0,236.39999,61.70261,0
U225-H5-VS2-GGA10- Zn(II) 5-Cr(VI) 10-Ni(II) 5mg-L-22102024-Q=50.56mL-phút-3,U225-H5-VS2-18.10.2024,0,4,,300.23507,2195.0,227.2,73.03507,0
U225-H5-VS2-GGA10- Zn(II) 5-Cr(VI) 10-Ni(II) 5mg-L-22102024-Q=50.56mL-phút-3,U225-H5-VS2-18.10.2024,0,5,,298.89351,2665.0,230.8,68.09351,0
U225-H5-VS2-GGA10- Zn(II) 5-Cr(VI) 10-Ni(II) 5mg-L-22102024-Q=50.56mL-phút-3,U225-H5-VS2-18.10.2024,0,6,,294.39481,3139.0,222.39999,71.99482,0
U225-H5-VS2-GGA10- Zn(II) 5-Cr(VI) 10-Ni(II) 5mg-L-22102024-Q=50.56mL-phút-3,U225-H5-VS2-18.10.2024,0,7,GGA10-Zn5-Cr10-Ni5,297.33117,3614.0,236.30001,61.03116,1
U225-H5-VS2-GGA10- Zn(II) 5-Cr(VI) 10-Ni(II) 5mg-L-22102024-Q=50.56mL-phút-3,U225-H5-VS2-18.10.2024,0,8,,302.65974,4085.0,246.4,56.25974,1
U225-H5-VS2-GGA10- Zn(II) 5-Cr(VI) 10-Ni(II) 5mg-L-22102024-Q=50.56mL-phút-3,U225-H5-VS2-18.10.2024,0,9,,301.9948,4559.0,249.9,52.0948,1
U225-H5-VS2-GGA10- Zn(II) 5-Cr(VI) 10-Ni(II) 5mg-L-22102024-Q=50.56mL-phút-3,U225-H5-VS2-18.10.2024,0,10,,295.25065,5033.0,247.2,48.05065,2
U225-H5-VS2-GGA10- Zn(II) 5-Cr(VI) 10-Ni(II) 5mg-L-22102024-Q=50.56mL-phút-3,U225-H5-VS2-18.10.2024,0,11,,296.01558,5512.0,246.80001,49.21557,2
U225-H5-VS2-GGA10- Zn(II) 5-Cr(VI) 10-Ni(II) 5mg-L-22102024-Q=50.56mL-phút-3,U225-H5-VS2-18.10.2024,0,12,,299.0961,5983.0,250.9,48.1961,2
U225-H5-VS2-GGA15- Zn(II) 10-Cr(VI) 10-Ni(II) 5mg-L-22102024-Q=50.42mL-phút-3,U225-H5-VS2-18.10.2024,1,0,GGA15,307.28701,301.0,247.3,59.98701,0
U225-H5-VS2-GGA15- Zn(II) 10-Cr(VI) 10-Ni(II) 5mg-L-22102024-Q=50.42mL-phút-3,U225-H5-VS2-18.10.2024,1,1,,315.62598,770.0,258.6,57.02598,0
U225-H5-VS2-GGA15- Zn(II) 10-Cr(VI) 10-Ni(II) 5mg-L-22102024-Q=50.42mL-phút-3,U225-H5-VS2-18.10.2024,1,2,,321.16493,1242.0,259.5,61.66493,0
U225-H5-VS2-GGA15- Zn(II) 10-Cr(VI) 10-Ni(II) 5mg-L-22102024-Q=50.42mL-phút-3,U225-H5-VS2-18.10.2024,1,3,,317.82987,1715.0,256.59999,61.22988,0
U225-H5-VS2-GGA15- Zn(II) 10-Cr(VI) 10-Ni(II) 5mg-L-22102024-Q=50.42mL-phút-3,U225-H5-VS2-18.10.2024,1,4,,314.15769,2190.0,246.00001,68.15768,0
U225-H5-VS2-GGA15- Zn(II) 10-Cr(VI) 10-Ni(II) 5mg-L-22102024-Q=50.42mL-phút-3,U225-H5-VS2-18.10.2024,1,5,,310.61688,2663.0,243.49999,67.11689,0
U225-H5-VS2-GGA15- Zn(II) 10-Cr(VI) 10-Ni(II) 5mg-L-22102024-Q=50.42mL-phút-3,U225-H5-VS2-18.10.2024,1,6,,317.04935,3140.0,247.70001,69.34934,0
U225-H5-VS2-GGA15- Zn(II) 10-Cr(VI) 10-Ni(II) 5mg-L-22102024-Q=50.42mL-phút-3,U225-H5-VS2-18.10.2024,1,7,GGA15-Zn10-Cr10-Ni5,317.24545,3619.0,237.5,79.74545,1
U225-H5-VS2-GGA15- Zn(II) 10-Cr(VI) 10-Ni(II) 5mg-L-22102024-Q=50.42mL-phút-3,U225-H5-VS2-18.10.2024,1,8,,311.03117,4091.0,244.1,66.93117,1
U225-H5-VS2-GGA15- Zn(II) 10-Cr(VI) 10-Ni(II) 5mg-L-22102024-Q=50.42mL-phút-3,U225-H5-VS2-18.10.2024,1,9,,310.07403,4563.0,250.99999,59.07404,1
U225-H5-VS2-GGA15- Zn(II) 10-Cr(VI) 10-Ni(II) 5mg-L-22102024-Q=50.42mL-phút-3,U225-H5-VS2-18.10.2024,1,10,,312.58052,5038.0,253.89999,58.68053,1
U225-H5-VS2-GGA15- Zn(II) 10-Cr(VI) 10-Ni(II) 5mg-L-22102024-Q=50.42mL-phút-3,U225-H5-VS2-18.10.2024,1,11,,315.5,5514.0,249.59999,65.90001,1
U225-H5-VS2-GGA15- Zn(II) 10-Cr(VI) 10-Ni(II) 5mg-L-22102024-Q=50.42mL-phút-3,U225-H5-VS2-18.10.2024,1,12,,317.37273,5984.0,252.9,64.47273,1
U225-H5-VS2-GGA15- Zn(II) 10-Cr(VI) 10-Ni(II) 5mg-L-22102024-Q=50.42mL-phút-3,U225-H5-VS2-18.10.2024,1,13,,313.06364,6459.0,254.20001,58.86363,2
U225-H5-VS2-GGA15- Zn(II) 10-Cr(VI) 10-Ni(II) 5mg-L-22102024-Q=50.42mL-phút-3,U225-H5-VS2-18.10.2024,1,14,,310.70909,6929.0,252.79999,57.9091,2
U225-H5-VS2-GGA15- Zn(II) 10-Cr(VI) 10-Ni(II) 5mg-L-22102024-Q=50.42mL-phút-3,U225-H5-VS2-18.10.2024,1,15,,309.29221,7404.0,250.40001,58.8922,2
U225-H5-VS2-GGA20- Zn(II) 15-Cr(VI) 5-Ni(II) 15mg-L-22102024-Q=50.3mL-phút-1,U225-H5-VS2-18.10.2024,2,0,GGA20,311.62468,301.0,249.2,62.42468,0
U225-H5-VS2-GGA20- Zn(II) 15-Cr(VI) 5-Ni(II) 15mg-L-22102024-Q=50.3mL-phút-1,U225-H5-VS2-18.10.2024,2,1,,315.12597,776.0,248.1,67.02597,0
U225-H5-VS2-GGA20- Zn(II) 15-Cr(VI) 5-Ni(II) 15mg-L-22102024-Q=50.3mL-phút-1,U225-H5-VS2-18.10.2024,2,2,,306.41039,1251.0,243.9,62.51039,0
U225-H5-VS2-GGA20- Zn(II) 15-Cr(VI) 5-Ni(II) 15mg-L-22102024-Q=50.3mL-phút-1,U225-H5-VS2-18.10.2024,2,3,,305.14935,1730.0,242.1,63.04935,0
U225-H5-VS2-GGA20- Zn(II) 15-Cr(VI) 5-Ni(II) 15mg-L-22102024-Q=50.3mL-phút-1,U225-H5-VS2-18.10.2024,2,4,,303.9151,2205.0,243.49999,60.41511,0
U225-H5-VS2-GGA20- Zn(II) 15-Cr(VI) 5-Ni(II) 15mg-L-22102024-Q=50.3mL-phút-1,U225-H5-VS2-18.10.2024,2,5,,305.06793,2675.0,243.2,61.86793,0
U225-H5-VS2-GGA20- Zn(II) 15-Cr(VI) 5-Ni(II) 15mg-L-22102024-Q=50.3mL-phút-1,U225-H5-VS2-18.10.2024,2,6,GGA20-Zn15-Cr5-Ni15,302.94717,3153.0,249.4,53.54717,1
U225-H5-VS2-GGA20- Zn(II) 15-Cr(VI) 5-Ni(II) 15mg-L-22102024-Q=50.3mL-phút-1,U225-H5-VS2-18.10.2024,2,7,,309.53962,3623.0,249.50001,60.03961,1
U225-H5-VS2-GGA20- Zn(II) 15-Cr(VI) 5-Ni(II) 15mg-L-22102024-Q=50.3mL-phút-1,U225-H5-VS2-18.10.2024,2,8,,316.23396,4100.0,253.69999,62.53397,1
U225-H5-VS2-GGA20- Zn(II) 15-Cr(VI) 5-Ni(II) 15mg-L-22102024-Q=50.3mL-phút-1,U225-H5-VS2-18.10.2024,2,9,,313.7,4571.0,258.89999,54.80001,1
U225-H5-VS2-GGA20- Zn(II) 15-Cr(VI) 5-Ni(II) 15mg-L-22102024-Q=50.3mL-phút-1,U225-H5-VS2-18.10.2024,2,10,,310.74364,5042.0,258.30001,52.44363,2
U225-H5-VS2-GGA20- Zn(II) 15-Cr(VI) 5-Ni(II) 15mg-L-22102024-Q=50.3mL-phút-1,U225-H5-VS2-18.10.2024,2,11,,309.23396,5519.0,256.50001,52.73395,2
U226-H6-VS2-GGA5- Zn(II) 5-Cr(VI) 10-Ni(II) 5mg-L-22102024-Q=50.28mL-phút-2,U226-H6-VS2-18.10.2024,0,0,GGA5,347.00854,301.0,269.6,77.40854,0
U226-H6-VS2-GGA5- Zn(II) 5-Cr(VI) 10-Ni(II) 5mg-L-22102024-Q=50.28mL-phút-2,U226-H6-VS2-18.10.2024,0,1,,347.60494,775.0,261.5,86.10494,0
U226-H6-VS2-GGA5- Zn(II) 5-Cr(VI) 10-Ni(II) 5mg-L-22102024-Q=50.28mL-phút-2,U226-H6-VS2-18.10.2024,0,2,,345.23951,1250.0,265.39999,79.83952,0
U226-H6-VS2-GGA5- Zn(II) 5-Cr(VI) 10-Ni(II) 5mg-L-22102024-Q=50.28mL-phút-2,U226-H6-VS2-18.10.2024,0,3,,345.91951,1721.0,259.0,86.91951,0
U226-H6-VS2-GGA5- Zn(II) 5-Cr(VI) 10-Ni(II) 5mg-L-22102024-Q=50.28mL-phút-2,U226-H6-VS2-18.10.2024,0,4,,343.17108,2195.0,261.79999,81.37109,0
U226-H6-VS2-GGA5- Zn(II) 5-Cr(VI) 10-Ni(II) 5mg-L-22102024-Q=50.28mL-phút-2,U226-H6-VS2-18.10.2024,0,5,,336.89136,2669.0,264.40001,72.49135,0
U226-H6-VS2-GGA5- Zn(II) 5-Cr(VI) 10-Ni(II) 5mg-L-22102024-Q=50.28mL-phút-2,U226-H6-VS2-18.10.2024,0,6,,338.06543,3145.0,250.29999,87.76544,0
U226-H6-VS2-GGA5- Zn(II) 5-Cr(VI) 10-Ni(II) 5mg-L-22102024-Q=50.28mL-phút-2,U226-H6-VS2-18.10.2024,0,7,,335.06098,3624.0,251.19999,83.86099,0
U226-H6-VS2-GGA5- Zn(II) 5-Cr(VI) 10-Ni(II) 5mg-L-22102024-Q=50.28mL-phút-2,U226-H6-VS2-18.10.2024,0,8,GGA5-Zn5-Cr10-Ni5,332.98781,4100.0,262.6,70.38781,1
U226-H6-VS2-GGA5- Zn(II) 5-Cr(VI) 10-Ni(II) 5mg-L-22102024-Q=50.28mL-phút-2,U226-H6-VS2-18.10.2024,0,9,,322.7642,4572.0,268.7,54.0642,1
U226-H6-VS2-GGA5- Zn(II) 5-Cr(VI) 10-Ni(II) 5mg-L-22102024-Q=50.28mL-phút-2,U226-H6-VS2-18.10.2024,0,10,,319.69383,5044.0,265.30001,54.39382,1
U226-H6-VS2-GGA5- Zn(II) 5-Cr(VI) 10-Ni(II) 5mg-L-22102024-Q=50.28mL-phút-2,U226-H6-VS2-18.10.2024,0,11,,311.09756,5521.0,258.30001,52.79755,1
U226-H6-VS2-GGA5- Zn(II) 5-Cr(VI) 10-Ni(II) 5mg-L-22102024-Q=50.28mL-phút-2,U226-H6-VS2-18.10.2024,0,12,,306.80854,5993.0,260.69999,46.10855,2
U226-H6-VS2-GGA5- Zn(II) 5-Cr(VI) 10-Ni(II) 5mg-L-22102024-Q=50.28mL-phút-2,U226-H6-VS2-18.10.2024,0,13,,302.69756,6464.0,255.80001,46.89755,2
U226-H6-VS2-GGA10- Zn(II) 10-Cr(VI) 10-Ni(II) 5mg-L-22102024-Q=50.66mL-phút-2,U226-H6-VS2-18.10.2024,1,0,GGA10,319.41481,301.0,268.20001,51.2148,0
U226-H6-VS2-GGA10- Zn(II) 10-Cr(VI) 10-Ni(II) 5mg-L-22102024-Q=50.66mL-phút-2,U226-H6-VS2-18.10.2024,1,1,,315.95802,776.0,260.69999,55.25803,0
U226-H6-VS2-GGA10- Zn(II) 10-Cr(VI) 10-Ni(II) 5mg-L-22102024-Q=50.66mL-phút-2,U226-H6-VS2-18.10.2024,1,2,,313.90976,1249.0,257.29999,56.60977,0
U226-H6-VS2-GGA10- Zn(II) 10-Cr(VI) 10-Ni(II) 5mg-L-22102024-Q=50.66mL-phút-2,U226-H6-VS2-18.10.2024,1,3,,311.29259,1723.0,261.99999,49.2926,0
U226-H6-VS2-GGA10- Zn(II) 10-Cr(VI) 10-Ni(II) 5mg-L-22102024-Q=50.66mL-phút-2,U226-H6-VS2-18.10.2024,1,4,,315.19268,2198.0,258.6,56.59268,0
U226-H6-VS2-GGA10- Zn(II) 10-Cr(VI) 10-Ni(II) 5mg-L-22102024-Q=50.66mL-phút-2,U226-H6-VS2-18.10.2024,1,5,,317.53537,2667.0,260.10001,57.43536,0
U226-H6-VS2-GGA10- Zn(II) 10-Cr(VI) 10-Ni(II) 5mg-L-22102024-Q=50.66mL-phút-2,U226-H6-VS2-18.10.2024,1,6,GGA10-Zn10-Cr10-Ni5,311.84197,3140.0,255.49999,56.34198,1
U226-H6-VS2-GGA10- Zn(II) 10-Cr(VI) 10-Ni(II) 5mg-L-22102024-Q=50.66mL-phút-2,U226-H6-VS2-18.10.2024,1,7,,303.77561,3613.0,256.00001,47.7756,1
U226-H6-VS2-GGA10- Zn(II) 10-Cr(VI) 10-Ni(II) 5mg-L-22102024-Q=50.66mL-phút-2,U226-H6-VS2-18.10.2024,1,8,,295.35062,4086.0,250.0,45.35062,1
U226-H6-VS2-GGA10- Zn(II) 10-Cr(VI) 10-Ni(II) 5mg-L-22102024-Q=50.66mL-phút-2,U226-H6-VS2-18.10.2024,1,9,,294.38889,4564.0,245.8,48.58889,1
U226-H6-VS2-GGA10- Zn(II) 10-Cr(VI) 10-Ni(II) 5mg-L-22102024-Q=50.66mL-phút-2,U226-H6-VS2-18.10.2024,1,10,,297.23049,5033.0,251.8,45.43049,1
U226-H6-VS2-GGA10- Zn(II) 10-Cr(VI) 10-Ni(II) 5mg-L-22102024-Q=50.66mL-phút-2,U226-H6-VS2-18.10.2024,1,11,,293.41728,5505.0,251.39999,42.01729,2
U226-H6-VS2-GGA10- Zn(II) 10-Cr(VI) 10-Ni(II) 5mg-L-22102024-Q=50.66mL-phút-2,U226-H6-VS2-18.10.2024,1,12,,291.9,5979.0,250.09999,41.80001,2
U226-H6-VS2-GGA10- Zn(II) 10-Cr(VI) 10-Ni(II) 5mg-L-22102024-Q=50.66mL-phút-2,U226-H6-VS2-18.10.2024,1,13,,287.9561,6454.0,248.1,39.8561,2
U226-H6-VS2-GGA20- Zn(II) 15-Cr(VI) 5-Ni(II) 15mg-L-22102024-Q=50.22mL-phút-2,U226-H6-VS2-18.10.2024,2,0,GGA20,293.77778,301.0,247.4,46.37778,0
U226-H6-VS2-GGA20- Zn(II) 15-Cr(VI) 5-Ni(II) 15mg-L-22102024-Q=50.22mL-phút-2,U226-H6-VS2-18.10.2024,2,1,,298.07334,773.0,250.49999,47.57335,0
U226-H6-VS2-GGA20- Zn(II) 15-Cr(VI) 5-Ni(II) 15mg-L-22102024-Q=50.22mL-phút-2,U226-H6-VS2-18.10.2024,2,2,,295.584,1246.0,248.5,47.084,0
U226-H6-VS2-GGA20- Zn(II) 15-Cr(VI) 5-Ni(II) 15mg-L-22102024-Q=50.22mL-phút-2,U226-H6-VS2-18.10.2024,2,3,,294.28,1722.0,245.7,48.58,0
U226-H6-VS2-GGA20- Zn(II) 15-Cr(VI) 5-Ni(II) 15mg-L-22102024-Q=50.22mL-phút-2,U226-H6-VS2-18.10.2024,2,4,,288.12338,2197.0,238.99999,49.12339,0
U226-H6-VS2-GGA20- Zn(II) 15-Cr(VI) 5-Ni(II) 15mg-L-22102024-Q=50.22mL-phút-2,U226-H6-VS2-18.10.2024,2,5,,288.13774,2668.0,235.49999,52.63775,0
U226-H6-VS2-GGA20- Zn(II) 15-Cr(VI) 5-Ni(II) 15mg-L-22102024-Q=50.22mL-phút-2,U226-H6-VS2-18.10.2024,2,6,GGA20-Zn15-Cr5-Ni15,288.94038,3151.0,233.60001,55.34037,1
U226-H6-VS2-GGA20- Zn(II) 15-Cr(VI) 5-Ni(II) 15mg-L-22102024-Q=50.22mL-phút-2,U226-H6-VS2-18.10.2024,2,7,,290.08113,3613.0,239.7,50.38113,1
U226-H6-VS2-GGA20- Zn(II) 15-Cr(VI) 5-Ni(II) 15mg-L-22102024-Q=50.22mL-phút-2,U226-H6-VS2-18.10.2024,2,8,,294.08113,4087.0,245.90001,48.18112,1
U226-H6-VS2-GGA20- Zn(II) 15-Cr(VI) 5-Ni(II) 15mg-L-22102024-Q=50.22mL-phút-2,U226-H6-VS2-18.10.2024,2,9,,296.93397,4563.0,249.2,47.73397,1
U226-H6-VS2-GGA20- Zn(II) 15-Cr(VI) 5-Ni(II) 15mg-L-22102024-Q=50.22mL-phút-2,U226-H6-VS2-18.10.2024,2,10,,292.41509,5034.0,249.59999,42.8151,2
U226-H6-VS2-GGA20- Zn(II) 15-Cr(VI) 5-Ni(II) 15mg-L-22102024-Q=50.22mL-phút-2,U226-H6-VS2-18.10.2024,2,11,,289.70727,5504.0,244.5,45.20727,2
U226-H6-VS2-GGA20- Zn(II) 15-Cr(VI) 5-Ni(II) 15mg-L-22102024-Q=50.22mL-phút-2,U226-H6-VS2-18.10.2024,2,12,,289.80566,5977.0,245.8,44.00566,2
U226-H6-VS2-GGA20- Zn(II) 15-Cr(VI) 5-Ni(II) 15mg-L-22102024-Q=50.22mL-phút-2,U226-H6-VS2-18.10.2024,2,13,,289.08113,6453.0,246.99999,42.08114,2
U237-H5-VS2-GGA15- Zn(II) 10-Cr(VI) 5-Ni(II) 5mg-L-30102024-Q=50.31mL-phút-1,U237-H5-VS2-28.10.2024,0,0,GGA15,301.94054,301.0,224.09999,77.84055000000001,0
U237-H5-VS2-GGA15- Zn(II) 10-Cr(VI) 5-Ni(II) 5mg-L-30102024-Q=50.31mL-phút-1,U237-H5-VS2-28.10.2024,0,1,,298.68378,778.0,216.7,81.98378000000002,0
U237-H5-VS2-GGA15- Zn(II) 10-Cr(VI) 5-Ni(II) 5mg-L-30102024-Q=50.31mL-phút-1,U237-H5-VS2-28.10.2024,0,2,,292.87631,1257.0,215.20001,77.6763,0
U237-H5-VS2-GGA15- Zn(II) 10-Cr(VI) 5-Ni(II) 5mg-L-30102024-Q=50.31mL-phút-1,U237-H5-VS2-28.10.2024,0,3,,297.42973,1728.0,220.59999,76.82974000000002,0
U237-H5-VS2-GGA15- Zn(II) 10-Cr(VI) 5-Ni(II) 5mg-L-30102024-Q=50.31mL-phút-1,U237-H5-VS2-28.10.2024,0,4,,298.15789,2202.0,218.5,79.65789000000001,0
U237-H5-VS2-GGA15- Zn(II) 10-Cr(VI) 5-Ni(II) 5mg-L-30102024-Q=50.31mL-phút-1,U237-H5-VS2-28.10.2024,0,5,,295.53947,2676.0,216.8,78.73946999999998,0
U237-H5-VS2-GGA15- Zn(II) 10-Cr(VI) 5-Ni(II) 5mg-L-30102024-Q=50.31mL-phút-1,U237-H5-VS2-28.10.2024,0,6,GGA15-Zn10-Cr5-Ni5,307.62894,3148.0,233.2,74.42894000000001,1
U237-H5-VS2-GGA15- Zn(II) 10-Cr(VI) 5-Ni(II) 5mg-L-30102024-Q=50.31mL-phút-1,U237-H5-VS2-28.10.2024,0,7,,312.71622,3624.0,249.0,63.71622000000002,2
U237-H5-VS2-GGA15- Zn(II) 10-Cr(VI) 5-Ni(II) 5mg-L-30102024-Q=50.31mL-phút-1,U237-H5-VS2-28.10.2024,0,8,,309.65135,4097.0,245.8,63.85134999999997,2
U237-H5-VS2-GGA15- Zn(II) 10-Cr(VI) 5-Ni(II) 5mg-L-30102024-Q=50.31mL-phút-1,U237-H5-VS2-28.10.2024,0,9,,305.84167,4569.0,242.0,63.84167000000002,2
U237-H5-VS2-GGA15- Zn(II) 15-Cr(VI) 15-Ni(II) 10mg-L-30102024-Q=50.72mL-phút-3,U237-H5-VS2-28.10.2024,1,0,GGA15,303.54167,301.0,240.79999,62.74168,0
U237-H5-VS2-GGA15- Zn(II) 15-Cr(VI) 15-Ni(II) 10mg-L-30102024-Q=50.72mL-phút-3,U237-H5-VS2-28.10.2024,1,1,,307.31875,776.0,241.60001,65.71874000000003,0
U237-H5-VS2-GGA15- Zn(II) 15-Cr(VI) 15-Ni(II) 10mg-L-30102024-Q=50.72mL-phút-3,U237-H5-VS2-28.10.2024,1,2,,311.32083,1249.0,244.9,66.42083,0
U237-H5-VS2-GGA15- Zn(II) 15-Cr(VI) 15-Ni(II) 10mg-L-30102024-Q=50.72mL-phút-3,U237-H5-VS2-28.10.2024,1,3,,303.4875,1728.0,236.2,67.28750000000002,0
U237-H5-VS2-GGA15- Zn(II) 15-Cr(VI) 15-Ni(II) 10mg-L-30102024-Q=50.72mL-phút-3,U237-H5-VS2-28.10.2024,1,4,,298.2125,2201.0,231.7,66.51249999999999,0
U237-H5-VS2-GGA15- Zn(II) 15-Cr(VI) 15-Ni(II) 10mg-L-30102024-Q=50.72mL-phút-3,U237-H5-VS2-28.10.2024,1,5,,302.00417,2673.0,238.4,63.60416999999998,0
U237-H5-VS2-GGA15- Zn(II) 15-Cr(VI) 15-Ni(II) 10mg-L-30102024-Q=50.72mL-phút-3,U237-H5-VS2-28.10.2024,1,6,GGA15-Zn115-Cr15-Ni10,303.5,3145.0,237.29999,66.20000999999999,1
U237-H5-VS2-GGA15- Zn(II) 15-Cr(VI) 15-Ni(II) 10mg-L-30102024-Q=50.72mL-phút-3,U237-H5-VS2-28.10.2024,1,7,,306.27083,3620.0,245.29999,60.97083999999998,1
U237-H5-VS2-GGA15- Zn(II) 15-Cr(VI) 15-Ni(II) 10mg-L-30102024-Q=50.72mL-phút-3,U237-H5-VS2-28.10.2024,1,8,,307.68085,4094.0,242.0,65.68085000000002,1
U237-H5-VS2-GGA15- Zn(II) 15-Cr(VI) 15-Ni(II) 10mg-L-30102024-Q=50.72mL-phút-3,U237-H5-VS2-28.10.2024,1,9,,305.55208,4567.0,239.80001,65.75207,1
U237-H5-VS2-GGA15- Zn(II) 15-Cr(VI) 15-Ni(II) 10mg-L-30102024-Q=50.72mL-phút-3,U237-H5-VS2-28.10.2024,1,10,,293.28929,5038.0,236.0,57.289289999999994,2
U237-H5-VS2-GGA15- Zn(II) 15-Cr(VI) 15-Ni(II) 10mg-L-30102024-Q=50.72mL-phút-3,U237-H5-VS2-28.10.2024,1,11,,289.63571,5510.0,233.0,56.63571000000002,2
U237-H5-VS2-GGA15- Zn(II) 15-Cr(VI) 15-Ni(II) 10mg-L-30102024-Q=50.72mL-phút-3,U237-H5-VS2-28.10.2024,1,12,,285.56071,5983.0,226.79999,58.760719999999964,2
U238-H6-VS2-GGA15- Zn(II) 10-Cr(VI) 5-Ni(II) 5mg-L-30102024-Q=50.4mL-phút-2,U238-H6-VS2-28.10.2024,0,0,GGA15,308.96207,301.0,268.99999,39.96207999999996,0
U238-H6-VS2-GGA15- Zn(II) 10-Cr(VI) 5-Ni(II) 5mg-L-30102024-Q=50.4mL-phút-2,U238-H6-VS2-28.10.2024,0,1,,297.8,775.0,257.49999,40.300009999999986,0
U238-H6-VS2-GGA15- Zn(II) 10-Cr(VI) 5-Ni(II) 5mg-L-30102024-Q=50.4mL-phút-2,U238-H6-VS2-28.10.2024,0,2,,297.07368,1246.0,254.20001,42.87367000000003,0
U238-H6-VS2-GGA15- Zn(II) 10-Cr(VI) 5-Ni(II) 5mg-L-30102024-Q=50.4mL-phút-2,U238-H6-VS2-28.10.2024,0,3,,297.62667,1720.0,259.0,38.62666999999999,0
U238-H6-VS2-GGA15- Zn(II) 10-Cr(VI) 5-Ni(II) 5mg-L-30102024-Q=50.4mL-phút-2,U238-H6-VS2-28.10.2024,0,4,,299.87,2194.0,261.79999,38.070010000000025,0
U238-H6-VS2-GGA15- Zn(II) 10-Cr(VI) 5-Ni(II) 5mg-L-30102024-Q=50.4mL-phút-2,U238-H6-VS2-28.10.2024,0,5,,294.99333,2669.0,254.90001,40.093320000000006,0
U238-H6-VS2-GGA15- Zn(II) 10-Cr(VI) 5-Ni(II) 5mg-L-30102024-Q=50.4mL-phút-2,U238-H6-VS2-28.10.2024,0,6,,295.48,3142.0,254.09999,41.38001000000003,0
U238-H6-VS2-GGA15- Zn(II) 10-Cr(VI) 5-Ni(II) 5mg-L-30102024-Q=50.4mL-phút-2,U238-H6-VS2-28.10.2024,0,7,GGA15-Zn10-Cr5-Ni5,299.96,3617.0,265.19999,34.760009999999966,1
U238-H6-VS2-GGA15- Zn(II) 10-Cr(VI) 5-Ni(II) 5mg-L-30102024-Q=50.4mL-phút-2,U238-H6-VS2-28.10.2024,0,8,,300.95,4092.0,268.7,32.25,1
U238-H6-VS2-GGA15- Zn(II) 10-Cr(VI) 5-Ni(II) 5mg-L-30102024-Q=50.4mL-phút-2,U238-H6-VS2-28.10.2024,0,9,,297.21,4559.0,268.3,28.909999999999968,2
U238-H6-VS2-GGA15- Zn(II) 10-Cr(VI) 5-Ni(II) 5mg-L-30102024-Q=50.4mL-phút-2,U238-H6-VS2-28.10.2024,0,10,,291.00139,5030.0,262.4,28.601390000000038,2
U238-H6-VS2-GGA15- Zn(II) 15-Cr(VI) 15-Ni(II) 10mg-L-30102024-Q=50.36mL-phút-4,U238-H6-VS2-28.10.2024,1,0,GGA15,290.96528,301.0,259.79999,31.165290000000027,0
U238-H6-VS2-GGA15- Zn(II) 15-Cr(VI) 15-Ni(II) 10mg-L-30102024-Q=50.36mL-phút-4,U238-H6-VS2-28.10.2024,1,1,,291.21127,779.0,257.7,33.511270000000025,0
U238-H6-VS2-GGA15- Zn(II) 15-Cr(VI) 15-Ni(II) 10mg-L-30102024-Q=50.36mL-phút-4,U238-H6-VS2-28.10.2024,1,2,,287.11607,1251.0,257.7,29.41606999999999,0
U238-H6-VS2-GGA15- Zn(II) 15-Cr(VI) 15-Ni(II) 10mg-L-30102024-Q=50.36mL-phút-4,U238-H6-VS2-28.10.2024,1,3,,294.51071,1720.0,264.40001,30.11070000000001,0
U238-H6-VS2-GGA15- Zn(II) 15-Cr(VI) 15-Ni(II) 10mg-L-30102024-Q=50.36mL-phút-4,U238-H6-VS2-28.10.2024,1,4,,291.88214,2195.0,265.1,26.78213999999997,0
U238-H6-VS2-GGA15- Zn(II) 15-Cr(VI) 15-Ni(II) 10mg-L-30102024-Q=50.36mL-phút-4,U238-H6-VS2-28.10.2024,1,5,,297.71818,2668.0,265.39999,32.318190000000016,0
U238-H6-VS2-GGA15- Zn(II) 15-Cr(VI) 15-Ni(II) 10mg-L-30102024-Q=50.36mL-phút-4,U238-H6-VS2-28.10.2024,1,6,GGA15-Zn115-Cr15-Ni10,294.38182,3138.0,264.0,30.381820000000005,1
U238-H6-VS2-GGA15- Zn(II) 15-Cr(VI) 15-Ni(II) 10mg-L-30102024-Q=50.36mL-phút-4,U238-H6-VS2-28.10.2024,1,7,,290.28392,3617.0,263.00001,27.28391000000005,1
U238-H6-VS2-GGA15- Zn(II) 15-Cr(VI) 15-Ni(II) 10mg-L-30102024-Q=50.36mL-phút-4,U238-H6-VS2-28.10.2024,1,8,,287.94286,4080.0,260.89999,27.042869999999994,1
U238-H6-VS2-GGA15- Zn(II) 15-Cr(VI) 15-Ni(II) 10mg-L-30102024-Q=50.36mL-phút-4,U238-H6-VS2-28.10.2024,1,9,,270.32322,4559.0,246.7,23.623220000000003,1
U238-H6-VS2-GGA15- Zn(II) 15-Cr(VI) 15-Ni(II) 10mg-L-30102024-Q=50.36mL-phút-4,U238-H6-VS2-28.10.2024,1,10,,259.40357,5034.0,238.99999,20.403580000000005,2
U238-H6-VS2-GGA15- Zn(II) 15-Cr(VI) 15-Ni(II) 10mg-L-30102024-Q=50.36mL-phút-4,U238-H6-VS2-28.10.2024,1,11,,252.28214,5510.0,232.70001,19.582130000000006,2
U238-H6-VS2-GGA15- Zn(II) 15-Cr(VI) 15-Ni(II) 10mg-L-30102024-Q=50.36mL-phút-4,U238-H6-VS2-28.10.2024,1,12,,248.6375,5986.0,228.0,20.63749999999999,2
U251-H5-VS2-GGA20- Zn(II) 15-Cr(VI) 10-Ni(II) 10mg-L-07112024-Q=50.36mL-phút-3,U251-H5-VS2-05.11.2024,0,0,GGA20,282.9,301.0,232.4,50.5,0
U251-H5-VS2-GGA20- Zn(II) 15-Cr(VI) 10-Ni(II) 10mg-L-07112024-Q=50.36mL-phút-3,U251-H5-VS2-05.11.2024,0,1,,282.00645,775.0,230.9,51.10645,0
U251-H5-VS2-GGA20- Zn(II) 15-Cr(VI) 10-Ni(II) 10mg-L-07112024-Q=50.36mL-phút-3,U251-H5-VS2-05.11.2024,0,2,,279.7082,1248.0,230.19999,49.50821,0
U251-H5-VS2-GGA20- Zn(II) 15-Cr(VI) 10-Ni(II) 10mg-L-07112024-Q=50.36mL-phút-3,U251-H5-VS2-05.11.2024,0,3,,284.72787,1720.0,233.4,51.32787,0
U251-H5-VS2-GGA20- Zn(II) 15-Cr(VI) 10-Ni(II) 10mg-L-07112024-Q=50.36mL-phút-3,U251-H5-VS2-05.11.2024,0,4,,287.72187,2197.0,236.39999,51.32188,0
U251-H5-VS2-GGA20- Zn(II) 15-Cr(VI) 10-Ni(II) 10mg-L-07112024-Q=50.36mL-phút-3,U251-H5-VS2-05.11.2024,0,5,,284.91967,2670.0,233.1,51.81967,0
U251-H5-VS2-GGA20- Zn(II) 15-Cr(VI) 10-Ni(II) 10mg-L-07112024-Q=50.36mL-phút-3,U251-H5-VS2-05.11.2024,0,6,GGA20-Zn15-Cr10-Ni10,287.36774,3142.0,232.4,54.96774,1
U251-H5-VS2-GGA20- Zn(II) 15-Cr(VI) 10-Ni(II) 10mg-L-07112024-Q=50.36mL-phút-3,U251-H5-VS2-05.11.2024,0,7,,292.04426,3616.0,250.60001,41.44425,1
U251-H5-VS2-GGA20- Zn(II) 15-Cr(VI) 10-Ni(II) 10mg-L-07112024-Q=50.36mL-phút-3,U251-H5-VS2-05.11.2024,0,8,,289.06557,4089.0,253.6,35.46557,1
U251-H5-VS2-GGA20- Zn(II) 15-Cr(VI) 10-Ni(II) 10mg-L-07112024-Q=50.36mL-phút-3,U251-H5-VS2-05.11.2024,0,9,,288.86774,4565.0,255.10001,33.76773,1
U251-H5-VS2-GGA20- Zn(II) 15-Cr(VI) 10-Ni(II) 10mg-L-07112024-Q=50.36mL-phút-3,U251-H5-VS2-05.11.2024,0,10,,280.8541,5039.0,251.50001,29.35409,1
U251-H5-VS2-GGA20- Zn(II) 15-Cr(VI) 10-Ni(II) 10mg-L-07112024-Q=50.36mL-phút-3,U251-H5-VS2-05.11.2024,0,11,,278.45968,5509.0,251.19999,27.25969,1
U251-H5-VS2-GGA20- Zn(II) 15-Cr(VI) 10-Ni(II) 10mg-L-07112024-Q=50.36mL-phút-3,U251-H5-VS2-05.11.2024,0,12,,276.02295,5982.0,250.9,25.12295,2
U251-H5-VS2-GGA20- Zn(II) 15-Cr(VI) 10-Ni(II) 10mg-L-07112024-Q=50.36mL-phút-3,U251-H5-VS2-05.11.2024,0,13,,275.46613,6455.0,251.19999,24.26614,2
U251-H5-VS2-GGA20- Zn(II) 15-Cr(VI) 10-Ni(II) 10mg-L-07112024-Q=50.36mL-phút-3,U251-H5-VS2-05.11.2024,0,14,,274.98594,6929.0,251.19999,23.78595,2
U252-H5-VS2-GGA20- Zn(II) 15-Cr(VI) 10-Ni(II) 10mg-L-07112024-Q=50.44mL-phút-4,U252-H6-VS2-05.11.2024,0,0,GGA20,294.3898,301.0,249.0,45.3898,0
U252-H5-VS2-GGA20- Zn(II) 15-Cr(VI) 10-Ni(II) 10mg-L-07112024-Q=50.44mL-phút-4,U252-H6-VS2-05.11.2024,0,1,,292.618,775.0,249.9,42.718,0
U252-H5-VS2-GGA20- Zn(II) 15-Cr(VI) 10-Ni(II) 10mg-L-07112024-Q=50.44mL-phút-4,U252-H6-VS2-05.11.2024,0,2,,289.28163,1249.0,246.4,42.88163,0
U252-H5-VS2-GGA20- Zn(II) 15-Cr(VI) 10-Ni(II) 10mg-L-07112024-Q=50.44mL-phút-4,U252-H6-VS2-05.11.2024,0,3,,298.33726,1724.0,255.29999,43.03727,0
U252-H5-VS2-GGA20- Zn(II) 15-Cr(VI) 10-Ni(II) 10mg-L-07112024-Q=50.44mL-phút-4,U252-H6-VS2-05.11.2024,0,4,,300.8898,2195.0,255.60001,45.28979,0
U252-H5-VS2-GGA20- Zn(II) 15-Cr(VI) 10-Ni(II) 10mg-L-07112024-Q=50.44mL-phút-4,U252-H6-VS2-05.11.2024,0,5,,299.85714,2668.0,252.60001,47.25713,0
U252-H5-VS2-GGA20- Zn(II) 15-Cr(VI) 10-Ni(II) 10mg-L-07112024-Q=50.44mL-phút-4,U252-H6-VS2-05.11.2024,0,6,GGA20-Zn15-Cr10-Ni10,303.01429,3141.0,258.6,44.41429,1
U252-H5-VS2-GGA20- Zn(II) 15-Cr(VI) 10-Ni(II) 10mg-L-07112024-Q=50.44mL-phút-4,U252-H6-VS2-05.11.2024,0,7,,304.21429,3616.0,275.99999,28.2143,1
U252-H5-VS2-GGA20- Zn(II) 15-Cr(VI) 10-Ni(II) 10mg-L-07112024-Q=50.44mL-phút-4,U252-H6-VS2-05.11.2024,0,8,,296.24082,4086.0,272.1,24.14082,1
U252-H5-VS2-GGA20- Zn(II) 15-Cr(VI) 10-Ni(II) 10mg-L-07112024-Q=50.44mL-phút-4,U252-H6-VS2-05.11.2024,0,9,,290.89592,4559.0,266.40001,24.49591,1
U252-H5-VS2-GGA20- Zn(II) 15-Cr(VI) 10-Ni(II) 10mg-L-07112024-Q=50.44mL-phút-4,U252-H6-VS2-05.11.2024,0,10,,280.62308,5037.0,259.29999,21.32309,1
U252-H5-VS2-GGA20- Zn(II) 15-Cr(VI) 10-Ni(II) 10mg-L-07112024-Q=50.44mL-phút-4,U252-H6-VS2-05.11.2024,0,11,,274.3898,5509.0,255.2,19.1898,2
U252-H5-VS2-GGA20- Zn(II) 15-Cr(VI) 10-Ni(II) 10mg-L-07112024-Q=50.44mL-phút-4,U252-H6-VS2-05.11.2024,0,12,,268.89388,5984.0,250.29999,18.59389,2
U252-H5-VS2-GGA20- Zn(II) 15-Cr(VI) 10-Ni(II) 10mg-L-07112024-Q=50.44mL-phút-4,U252-H6-VS2-05.11.2024,0,13,,265.31961,6455.0,248.1,17.21961,2
U253-H5-VS2-GGA15- Zn(II) 15-Cr(VI) 5-Ni(II) 5mg-L-11112024-Q=50.16mL-phút-1,U253-H5-VS2-07.11.2024,0,0,GGA15,273.69649,301.0,210.2,63.49649,0
U253-H5-VS2-GGA15- Zn(II) 15-Cr(VI) 5-Ni(II) 5mg-L-11112024-Q=50.16mL-phút-1,U253-H5-VS2-07.11.2024,0,1,,269.20678,780.0,208.10001,61.10677,0
U253-H5-VS2-GGA15- Zn(II) 15-Cr(VI) 5-Ni(II) 5mg-L-11112024-Q=50.16mL-phút-1,U253-H5-VS2-07.11.2024,0,2,,276.57018,1253.0,211.4,65.17018,0
U253-H5-VS2-GGA15- Zn(II) 15-Cr(VI) 5-Ni(II) 5mg-L-11112024-Q=50.16mL-phút-1,U253-H5-VS2-07.11.2024,0,3,,270.8,1724.0,206.2,64.6,0
U253-H5-VS2-GGA15- Zn(II) 15-Cr(VI) 5-Ni(II) 5mg-L-11112024-Q=50.16mL-phút-1,U253-H5-VS2-07.11.2024,0,4,,275.66491,2199.0,208.5,67.16491,0
U253-H5-VS2-GGA15- Zn(II) 15-Cr(VI) 5-Ni(II) 5mg-L-11112024-Q=50.16mL-phút-1,U253-H5-VS2-07.11.2024,0,5,,282.91228,2672.0,212.0,70.91228,0
U253-H5-VS2-GGA15- Zn(II) 15-Cr(VI) 5-Ni(II) 5mg-L-11112024-Q=50.16mL-phút-1,U253-H5-VS2-07.11.2024,0,6,,282.42281,3151.0,229.7,52.72281,1
U253-H5-VS2-GGA15- Zn(II) 15-Cr(VI) 5-Ni(II) 5mg-L-11112024-Q=50.16mL-phút-1,U253-H5-VS2-07.11.2024,0,7,GGA15-Zn15-Cr5-Ni5,281.4614,3621.0,228.6,52.8614,1
U253-H5-VS2-GGA15- Zn(II) 15-Cr(VI) 5-Ni(II) 5mg-L-11112024-Q=50.16mL-phút-1,U253-H5-VS2-07.11.2024,0,8,,279.74386,4096.0,231.99999,47.74387,1
U253-H5-VS2-GGA15- Zn(II) 15-Cr(VI) 5-Ni(II) 5mg-L-11112024-Q=50.16mL-phút-1,U253-H5-VS2-07.11.2024,0,9,,278.72105,4570.0,233.70001,45.02104,1
U253-H5-VS2-GGA15- Zn(II) 15-Cr(VI) 5-Ni(II) 5mg-L-11112024-Q=50.16mL-phút-1,U253-H5-VS2-07.11.2024,0,10,,285.47017,5043.0,243.49999,41.97018,2
U253-H5-VS2-GGA15- Zn(II) 15-Cr(VI) 5-Ni(II) 5mg-L-11112024-Q=50.16mL-phút-1,U253-H5-VS2-07.11.2024,0,11,,280.80351,5522.0,240.70001,40.1035,2
U253-H5-VS2-GGA15- Zn(II) 15-Cr(VI) 5-Ni(II) 5mg-L-11112024-Q=50.16mL-phút-1,U253-H5-VS2-07.11.2024,0,12,,280.50847,5997.0,239.09999,41.40848,2
U254-H6-VS2-GGA15- Zn(II) 15-Cr(VI) 15-Ni(II) 10mg-L-11112024-Q=50.34mL-phút-2,U254-H6-VS2-07.11.2024,0,0,GGA15,298.20351,301.0,263.90001,34.303499999999985,0
U254-H6-VS2-GGA15- Zn(II) 15-Cr(VI) 15-Ni(II) 10mg-L-11112024-Q=50.34mL-phút-2,U254-H6-VS2-07.11.2024,0,1,,296.73051,772.0,264.40001,32.33049999999997,0
U254-H6-VS2-GGA15- Zn(II) 15-Cr(VI) 15-Ni(II) 10mg-L-11112024-Q=50.34mL-phút-2,U254-H6-VS2-07.11.2024,0,2,,302.25088,1247.0,268.59999,33.650890000000004,0
U254-H6-VS2-GGA15- Zn(II) 15-Cr(VI) 15-Ni(II) 10mg-L-11112024-Q=50.34mL-phút-2,U254-H6-VS2-07.11.2024,0,3,,299.28596,1720.0,266.40001,32.88594999999998,0
U254-H6-VS2-GGA15- Zn(II) 15-Cr(VI) 15-Ni(II) 10mg-L-11112024-Q=50.34mL-phút-2,U254-H6-VS2-07.11.2024,0,4,,300.76666,2194.0,269.89999,30.86667,0
U254-H6-VS2-GGA15- Zn(II) 15-Cr(VI) 15-Ni(II) 10mg-L-11112024-Q=50.34mL-phút-2,U254-H6-VS2-07.11.2024,0,5,,303.98246,2666.0,268.90001,35.082449999999994,0
U254-H6-VS2-GGA15- Zn(II) 15-Cr(VI) 15-Ni(II) 10mg-L-11112024-Q=50.34mL-phút-2,U254-H6-VS2-07.11.2024,0,6,,296.89153,3139.0,263.8,33.09152999999998,0
U254-H6-VS2-GGA15- Zn(II) 15-Cr(VI) 15-Ni(II) 10mg-L-11112024-Q=50.34mL-phút-2,U254-H6-VS2-07.11.2024,0,7,GGA15-Zn15-Cr15-Ni10,304.89298,3616.0,269.2,35.692980000000034,1
U254-H6-VS2-GGA15- Zn(II) 15-Cr(VI) 15-Ni(II) 10mg-L-11112024-Q=50.34mL-phút-2,U254-H6-VS2-07.11.2024,0,8,,302.64211,4092.0,269.89999,32.74212,1
U254-H6-VS2-GGA15- Zn(II) 15-Cr(VI) 15-Ni(II) 10mg-L-11112024-Q=50.34mL-phút-2,U254-H6-VS2-07.11.2024,0,9,,301.22631,4563.0,266.79999,34.42632000000003,1
U254-H6-VS2-GGA15- Zn(II) 15-Cr(VI) 15-Ni(II) 10mg-L-11112024-Q=50.34mL-phút-2,U254-H6-VS2-07.11.2024,0,10,,299.29474,5034.0,265.39999,33.89474999999999,1
U254-H6-VS2-GGA15- Zn(II) 15-Cr(VI) 15-Ni(II) 10mg-L-11112024-Q=50.34mL-phút-2,U254-H6-VS2-07.11.2024,0,11,,302.89649,5511.0,269.89999,32.99649999999997,1
U254-H6-VS2-GGA15- Zn(II) 15-Cr(VI) 15-Ni(II) 10mg-L-11112024-Q=50.34mL-phút-2,U254-H6-VS2-07.11.2024,0,12,,295.80351,5978.0,264.80001,31.00350000000003,1
U254-H6-VS2-GGA15- Zn(II) 15-Cr(VI) 15-Ni(II) 10mg-L-11112024-Q=50.34mL-phút-2,U254-H6-VS2-07.11.2024,0,13,,292.43509,6455.0,262.30001,30.135080000000016,1
U254-H6-VS2-GGA15- Zn(II) 15-Cr(VI) 15-Ni(II) 10mg-L-11112024-Q=50.34mL-phút-2,U254-H6-VS2-07.11.2024,0,14,,291.93684,6928.0,264.40001,27.53683000000001,2
U254-H6-VS2-GGA15- Zn(II) 15-Cr(VI) 15-Ni(II) 10mg-L-11112024-Q=50.34mL-phút-2,U254-H6-VS2-07.11.2024,0,15,,291.66102,7402.0,261.7,29.96102000000002,2
U255-H5-VS2-GGA15- Zn(II) 15-Cr(VI) 10-Ni(II) 10mg-L-12112024-Q=50.18mL-phút-1,U255-H5-VS2-10.11.2024,0,0,GGA15,291.43194,301.0,215.9,75.53194,0
U255-H5-VS2-GGA15- Zn(II) 15-Cr(VI) 10-Ni(II) 10mg-L-12112024-Q=50.18mL-phút-1,U255-H5-VS2-10.11.2024,0,1,,285.9125,775.0,213.2,72.7125,0
U255-H5-VS2-GGA15- Zn(II) 15-Cr(VI) 10-Ni(II) 10mg-L-12112024-Q=50.18mL-phút-1,U255-H5-VS2-10.11.2024,0,2,,282.09722,1249.0,207.0,75.09722,0
U255-H5-VS2-GGA15- Zn(II) 15-Cr(VI) 10-Ni(II) 10mg-L-12112024-Q=50.18mL-phút-1,U255-H5-VS2-10.11.2024,0,3,,286.20555,1724.0,210.2,76.00555,0
U255-H5-VS2-GGA15- Zn(II) 15-Cr(VI) 10-Ni(II) 10mg-L-12112024-Q=50.18mL-phút-1,U255-H5-VS2-10.11.2024,0,4,,290.04583,2195.0,213.7,76.34583,0
U255-H5-VS2-GGA15- Zn(II) 15-Cr(VI) 10-Ni(II) 10mg-L-12112024-Q=50.18mL-phút-1,U255-H5-VS2-10.11.2024,0,5,,292.90694,2667.0,212.1,80.80694,0
U255-H5-VS2-GGA15- Zn(II) 15-Cr(VI) 10-Ni(II) 10mg-L-12112024-Q=50.18mL-phút-1,U255-H5-VS2-10.11.2024,0,6,,288.09178,3142.0,203.70001,84.39177,0
U255-H5-VS2-GGA15- Zn(II) 15-Cr(VI) 10-Ni(II) 10mg-L-12112024-Q=50.18mL-phút-1,U255-H5-VS2-10.11.2024,0,7,,282.58958,3614.0,201.90001,80.68957,0
U255-H5-VS2-GGA15- Zn(II) 15-Cr(VI) 10-Ni(II) 10mg-L-12112024-Q=50.18mL-phút-1,U255-H5-VS2-10.11.2024,0,8,,280.13469,4089.0,203.4,76.73469,0
U255-H5-VS2-GGA15- Zn(II) 15-Cr(VI) 10-Ni(II) 10mg-L-12112024-Q=50.18mL-phút-1,U255-H5-VS2-10.11.2024,0,9,GGA15-Zn15-Cr10-Ni10,290.45,4561.0,212.3,78.15,1
U255-H5-VS2-GGA15- Zn(II) 15-Cr(VI) 10-Ni(II) 10mg-L-12112024-Q=50.18mL-phút-1,U255-H5-VS2-10.11.2024,0,10,,293.65,5033.0,221.0,72.65,1
U255-H5-VS2-GGA15- Zn(II) 15-Cr(VI) 10-Ni(II) 10mg-L-12112024-Q=50.18mL-phút-1,U255-H5-VS2-10.11.2024,0,11,,290.125,5506.0,226.5,63.625,1
U255-H5-VS2-GGA15- Zn(II) 15-Cr(VI) 10-Ni(II) 10mg-L-12112024-Q=50.18mL-phút-1,U255-H5-VS2-10.11.2024,0,12,,285.36042,5983.0,224.5,60.86042,1
U255-H5-VS2-GGA15- Zn(II) 15-Cr(VI) 10-Ni(II) 10mg-L-12112024-Q=50.18mL-phút-1,U255-H5-VS2-10.11.2024,0,13,,294.49583,6455.0,233.79999,60.69584,1
U255-H5-VS2-GGA15- Zn(II) 15-Cr(VI) 10-Ni(II) 10mg-L-12112024-Q=50.18mL-phút-1,U255-H5-VS2-10.11.2024,0,14,,298.356,6930.0,235.40001,62.95599,1
U255-H5-VS2-GGA15- Zn(II) 15-Cr(VI) 10-Ni(II) 10mg-L-12112024-Q=50.18mL-phút-1,U255-H5-VS2-10.11.2024,0,15,,302.48979,7403.0,241.3,61.18979,1
U255-H5-VS2-GGA15- Zn(II) 15-Cr(VI) 10-Ni(II) 10mg-L-12112024-Q=50.18mL-phút-1,U255-H5-VS2-10.11.2024,0,16,,295.18542,7875.0,238.8,56.38542,2
U255-H5-VS2-GGA15- Zn(II) 15-Cr(VI) 10-Ni(II) 10mg-L-12112024-Q=50.18mL-phút-1,U255-H5-VS2-10.11.2024,0,17,,294.30392,8354.0,242.2,52.10392,2
U255-H5-VS2-GGA15- Zn(II) 15-Cr(VI) 10-Ni(II) 10mg-L-12112024-Q=50.18mL-phút-1,U255-H5-VS2-10.11.2024,0,18,,292.09583,8826.0,233.5,58.59583,2
U256-H6-VS2-GGA15- Zn(II) 15-Cr(VI) 10-Ni(II) 10mg-L-12112024-Q=50.18mL-phút-2,U256-H6-VS2-10.11.2024,0,0,GGA15,324.72836,301.0,266.7,58.02836,0
U256-H6-VS2-GGA15- Zn(II) 15-Cr(VI) 10-Ni(II) 10mg-L-12112024-Q=50.18mL-phút-2,U256-H6-VS2-10.11.2024,0,1,,320.49552,777.0,263.8,56.69552,0
U256-H6-VS2-GGA15- Zn(II) 15-Cr(VI) 10-Ni(II) 10mg-L-12112024-Q=50.18mL-phút-2,U256-H6-VS2-10.11.2024,0,2,,320.47681,1247.0,261.3,59.17681,0
U256-H6-VS2-GGA15- Zn(II) 15-Cr(VI) 10-Ni(II) 10mg-L-12112024-Q=50.18mL-phút-2,U256-H6-VS2-10.11.2024,0,3,,325.09412,1721.0,266.0,59.09412,0
U256-H6-VS2-GGA15- Zn(II) 15-Cr(VI) 10-Ni(II) 10mg-L-12112024-Q=50.18mL-phút-2,U256-H6-VS2-10.11.2024,0,4,,327.68824,2195.0,266.40001,61.28823,0
U256-H6-VS2-GGA15- Zn(II) 15-Cr(VI) 10-Ni(II) 10mg-L-12112024-Q=50.18mL-phút-2,U256-H6-VS2-10.11.2024,0,5,,329.30147,2670.0,269.89999,59.40148,0
U256-H6-VS2-GGA15- Zn(II) 15-Cr(VI) 10-Ni(II) 10mg-L-12112024-Q=50.18mL-phút-2,U256-H6-VS2-10.11.2024,0,6,,323.59714,3142.0,259.9,63.69714,0
U256-H6-VS2-GGA15- Zn(II) 15-Cr(VI) 10-Ni(II) 10mg-L-12112024-Q=50.18mL-phút-2,U256-H6-VS2-10.11.2024,0,7,,317.88333,3618.0,256.90001,60.98332,0
U256-H6-VS2-GGA15- Zn(II) 15-Cr(VI) 10-Ni(II) 10mg-L-12112024-Q=50.18mL-phút-2,U256-H6-VS2-10.11.2024,0,8,GGA15-Zn15-Cr10-Ni10,317.24375,4091.0,259.9,57.34375,0
U256-H6-VS2-GGA15- Zn(II) 15-Cr(VI) 10-Ni(II) 10mg-L-12112024-Q=50.18mL-phút-2,U256-H6-VS2-10.11.2024,0,9,,319.8375,4562.0,264.40001,55.43749,1
U256-H6-VS2-GGA15- Zn(II) 15-Cr(VI) 10-Ni(II) 10mg-L-12112024-Q=50.18mL-phút-2,U256-H6-VS2-10.11.2024,0,10,,318.38367,5037.0,267.30001,51.08366,1
U256-H6-VS2-GGA15- Zn(II) 15-Cr(VI) 10-Ni(II) 10mg-L-12112024-Q=50.18mL-phút-2,U256-H6-VS2-10.11.2024,0,11,,318.74584,5509.0,267.6,51.14584,1
U256-H6-VS2-GGA15- Zn(II) 15-Cr(VI) 10-Ni(II) 10mg-L-12112024-Q=50.18mL-phút-2,U256-H6-VS2-10.11.2024,0,12,,311.13061,5980.0,266.0,45.13061,1
U256-H6-VS2-GGA15- Zn(II) 15-Cr(VI) 10-Ni(II) 10mg-L-12112024-Q=50.18mL-phút-2,U256-H6-VS2-10.11.2024,0,13,,315.058,6455.0,269.6,45.458,1
U256-H6-VS2-GGA15- Zn(II) 15-Cr(VI) 10-Ni(II) 10mg-L-12112024-Q=50.18mL-phút-2,U256-H6-VS2-10.11.2024,0,14,,317.88958,6934.0,270.59999,47.28959,1
U256-H6-VS2-GGA15- Zn(II) 15-Cr(VI) 10-Ni(II) 10mg-L-12112024-Q=50.18mL-phút-2,U256-H6-VS2-10.11.2024,0,15,,317.1125,7406.0,270.59999,46.51251,1
U256-H6-VS2-GGA15- Zn(II) 15-Cr(VI) 10-Ni(II) 10mg-L-12112024-Q=50.18mL-phút-2,U256-H6-VS2-10.11.2024,0,16,,313.53125,7880.0,270.90001,42.63124,1
U256-H6-VS2-GGA15- Zn(II) 15-Cr(VI) 10-Ni(II) 10mg-L-12112024-Q=50.18mL-phút-2,U256-H6-VS2-10.11.2024,0,17,,308.31224,8353.0,267.10001,41.21223,1
U256-H6-VS2-GGA15- Zn(II) 15-Cr(VI) 10-Ni(II) 10mg-L-12112024-Q=50.18mL-phút-2,U256-H6-VS2-10.11.2024,0,18,,311.24792,8823.0,271.2,40.04792,2
U256-H6-VS2-GGA15- Zn(II) 15-Cr(VI) 10-Ni(II) 10mg-L-12112024-Q=50.18mL-phút-2,U256-H6-VS2-10.11.2024,0,19,,302.28649,9294.0,262.4,39.88649,2
U257-H5-VS2-GGA15- Zn(II) 15-Cr(VI) 15-Ni(II) 10mg-L-13112024-Q=50.26mL-phút-6,U257-H5-VS2-11.11.2024,0,0,GGA15,276.86962,301.0,219.0,57.86962,0
U257-H5-VS2-GGA15- Zn(II) 15-Cr(VI) 15-Ni(II) 10mg-L-13112024-Q=50.26mL-phút-6,U257-H5-VS2-11.11.2024,0,1,,283.30759,775.0,225.6,57.70759,0
U257-H5-VS2-GGA15- Zn(II) 15-Cr(VI) 15-Ni(II) 10mg-L-13112024-Q=50.26mL-phút-6,U257-H5-VS2-11.11.2024,0,2,,280.43077,1249.0,224.2,56.23077,0
U257-H5-VS2-GGA15- Zn(II) 15-Cr(VI) 15-Ni(II) 10mg-L-13112024-Q=50.26mL-phút-6,U257-H5-VS2-11.11.2024,0,3,,278.27342,1722.0,216.10001,62.17341,0
U257-H5-VS2-GGA15- Zn(II) 15-Cr(VI) 15-Ni(II) 10mg-L-13112024-Q=50.26mL-phút-6,U257-H5-VS2-11.11.2024,0,4,,277.49375,2195.0,212.4,65.09375,0
U257-H5-VS2-GGA15- Zn(II) 15-Cr(VI) 15-Ni(II) 10mg-L-13112024-Q=50.26mL-phút-6,U257-H5-VS2-11.11.2024,0,5,,282.36836,2667.0,216.00001,66.36835,0
U257-H5-VS2-GGA15- Zn(II) 15-Cr(VI) 15-Ni(II) 10mg-L-13112024-Q=50.26mL-phút-6,U257-H5-VS2-11.11.2024,0,6,,288.8175,3142.0,221.8,67.0175,0
U257-H5-VS2-GGA15- Zn(II) 15-Cr(VI) 15-Ni(II) 10mg-L-13112024-Q=50.26mL-phút-6,U257-H5-VS2-11.11.2024,0,7,GGA15-Zn15-Cr15-Ni10,286.82125,3613.0,231.7,55.12125,1
U257-H5-VS2-GGA15- Zn(II) 15-Cr(VI) 15-Ni(II) 10mg-L-13112024-Q=50.26mL-phút-6,U257-H5-VS2-11.11.2024,0,8,,289.6525,4085.0,235.40001,54.25249,1
U257-H5-VS2-GGA15- Zn(II) 15-Cr(VI) 15-Ni(II) 10mg-L-13112024-Q=50.26mL-phút-6,U257-H5-VS2-11.11.2024,0,9,,286.67,4559.0,241.1,45.57,1
U257-H5-VS2-GGA15- Zn(II) 15-Cr(VI) 15-Ni(II) 10mg-L-13112024-Q=50.26mL-phút-6,U257-H5-VS2-11.11.2024,0,10,,290.365,5035.0,243.2,47.165,1
U257-H5-VS2-GGA15- Zn(II) 15-Cr(VI) 15-Ni(II) 10mg-L-13112024-Q=50.26mL-phút-6,U257-H5-VS2-11.11.2024,0,11,,297.33875,5505.0,254.00001,43.33874,2
U257-H5-VS2-GGA15- Zn(II) 15-Cr(VI) 15-Ni(II) 10mg-L-13112024-Q=50.26mL-phút-6,U257-H5-VS2-11.11.2024,0,12,,294.54431,5979.0,252.5,42.04431,2
U257-H5-VS2-GGA15- Zn(II) 15-Cr(VI) 15-Ni(II) 10mg-L-13112024-Q=50.26mL-phút-6,U257-H5-VS2-11.11.2024,0,13,,287.92317,6458.0,244.5,43.42317,2
U258-H6-VS2-GGA15- Zn(II) 15-Cr(VI) 15-Ni(II) 10mg-L-13112024-Q=50.8mL-phút-7,U258-H6-VS2-11.11.2024,0,0,GGA15,299.41569,301.0,266.79999,32.6157,0
U258-H6-VS2-GGA15- Zn(II) 15-Cr(VI) 15-Ni(II) 10mg-L-13112024-Q=50.8mL-phút-7,U258-H6-VS2-11.11.2024,0,1,,292.70196,778.0,260.19999,32.50197,0
U258-H6-VS2-GGA15- Zn(II) 15-Cr(VI) 15-Ni(II) 10mg-L-13112024-Q=50.8mL-phút-7,U258-H6-VS2-11.11.2024,0,2,,290.36923,1248.0,258.30001,32.06922,0
U258-H6-VS2-GGA15- Zn(II) 15-Cr(VI) 15-Ni(II) 10mg-L-13112024-Q=50.8mL-phút-7,U258-H6-VS2-11.11.2024,0,3,,289.71923,1722.0,259.0,30.71923,0
U258-H6-VS2-GGA15- Zn(II) 15-Cr(VI) 15-Ni(II) 10mg-L-13112024-Q=50.8mL-phút-7,U258-H6-VS2-11.11.2024,0,4,,295.82549,2196.0,261.99999,33.8255,0
U258-H6-VS2-GGA15- Zn(II) 15-Cr(VI) 15-Ni(II) 10mg-L-13112024-Q=50.8mL-phút-7,U258-H6-VS2-11.11.2024,0,5,,300.00196,2666.0,264.2,35.80196,0
U258-H6-VS2-GGA15- Zn(II) 15-Cr(VI) 15-Ni(II) 10mg-L-13112024-Q=50.8mL-phút-7,U258-H6-VS2-11.11.2024,0,6,,289.23269,3142.0,254.09999,35.1327,0
U258-H6-VS2-GGA15- Zn(II) 15-Cr(VI) 15-Ni(II) 10mg-L-13112024-Q=50.8mL-phút-7,U258-H6-VS2-11.11.2024,0,7,GGA15-Zn15-Cr15-Ni10,297.16923,3614.0,260.89999,36.26924,1
U258-H6-VS2-GGA15- Zn(II) 15-Cr(VI) 15-Ni(II) 10mg-L-13112024-Q=50.8mL-phút-7,U258-H6-VS2-11.11.2024,0,8,,294.6549,4087.0,263.59999,31.05491,1
U258-H6-VS2-GGA15- Zn(II) 15-Cr(VI) 15-Ni(II) 10mg-L-13112024-Q=50.8mL-phút-7,U258-H6-VS2-11.11.2024,0,9,,297.53947,4561.0,267.30001,30.23946,1
U258-H6-VS2-GGA15- Zn(II) 15-Cr(VI) 15-Ni(II) 10mg-L-13112024-Q=50.8mL-phút-7,U258-H6-VS2-11.11.2024,0,10,,302.75263,5034.0,272.8,29.95263,1
U258-H6-VS2-GGA15- Zn(II) 15-Cr(VI) 15-Ni(II) 10mg-L-13112024-Q=50.8mL-phút-7,U258-H6-VS2-11.11.2024,0,11,,298.444,5510.0,270.20001,28.24399,1
U258-H6-VS2-GGA15- Zn(II) 15-Cr(VI) 15-Ni(II) 10mg-L-13112024-Q=50.8mL-phút-7,U258-H6-VS2-11.11.2024,0,12,,295.01467,5980.0,266.0,29.01467,1
U258-H6-VS2-GGA15- Zn(II) 15-Cr(VI) 15-Ni(II) 10mg-L-13112024-Q=50.8mL-phút-7,U258-H6-VS2-11.11.2024,0,13,,292.29875,6456.0,264.40001,27.89874,2
U258-H6-VS2-GGA15- Zn(II) 15-Cr(VI) 15-Ni(II) 10mg-L-13112024-Q=50.8mL-phút-7,U258-H6-VS2-11.11.2024,0,14,,290.135,6927.0,266.0,24.135,2
U258-H6-VS2-GGA15- Zn(II) 15-Cr(VI) 15-Ni(II) 10mg-L-13112024-Q=50.8mL-phút-7,U258-H6-VS2-11.11.2024,0,15,,282.42805,7400.0,258.89999,23.52806,2
U259-H5-VS2-GGA10- Zn(II) 10-Cr(VI) 5-Ni(II) 5mg-L-14112024-Q=50.72mL-phút-1,U259-H5-VS2-12.11.2024,0,0,GGA10,269.9353,301.0,206.49999,63.43531,0
U259-H5-VS2-GGA10- Zn(II) 10-Cr(VI) 5-Ni(II) 5mg-L-14112024-Q=50.72mL-phút-1,U259-H5-VS2-12.11.2024,0,1,,269.254,774.0,204.9,64.354,0
U259-H5-VS2-GGA10- Zn(II) 10-Cr(VI) 5-Ni(II) 5mg-L-14112024-Q=50.72mL-phút-1,U259-H5-VS2-12.11.2024,0,2,,266.984,1246.0,204.0,62.984,0
U259-H5-VS2-GGA10- Zn(II) 10-Cr(VI) 5-Ni(II) 5mg-L-14112024-Q=50.72mL-phút-1,U259-H5-VS2-12.11.2024,0,3,,264.838,1719.0,201.19999,63.63801,0
U259-H5-VS2-GGA10- Zn(II) 10-Cr(VI) 5-Ni(II) 5mg-L-14112024-Q=50.72mL-phút-1,U259-H5-VS2-12.11.2024,0,4,,266.208,2195.0,199.1,67.108,0
U259-H5-VS2-GGA10- Zn(II) 10-Cr(VI) 5-Ni(II) 5mg-L-14112024-Q=50.72mL-phút-1,U259-H5-VS2-12.11.2024,0,5,,262.626,2667.0,199.1,63.526,0
U259-H5-VS2-GGA10- Zn(II) 10-Cr(VI) 5-Ni(II) 5mg-L-14112024-Q=50.72mL-phút-1,U259-H5-VS2-12.11.2024,0,6,,257.83462,3140.0,193.7,64.13462,0
U259-H5-VS2-GGA10- Zn(II) 10-Cr(VI) 5-Ni(II) 5mg-L-14112024-Q=50.72mL-phút-1,U259-H5-VS2-12.11.2024,0,7,GGA10-Zn10-Cr5-Ni5,273.218,3612.0,213.8,59.418,1
U259-H5-VS2-GGA10- Zn(II) 10-Cr(VI) 5-Ni(II) 5mg-L-14112024-Q=50.72mL-phút-1,U259-H5-VS2-12.11.2024,0,8,,275.814,4086.0,222.29999,53.51401,1
U259-H5-VS2-GGA10- Zn(II) 10-Cr(VI) 5-Ni(II) 5mg-L-14112024-Q=50.72mL-phút-1,U259-H5-VS2-12.11.2024,0,9,,276.522,4557.0,227.1,49.422,1
U259-H5-VS2-GGA10- Zn(II) 10-Cr(VI) 5-Ni(II) 5mg-L-14112024-Q=50.72mL-phút-1,U259-H5-VS2-12.11.2024,0,10,,281.89019,5033.0,228.0,53.89019,1
U259-H5-VS2-GGA10- Zn(II) 10-Cr(VI) 5-Ni(II) 5mg-L-14112024-Q=50.72mL-phút-1,U259-H5-VS2-12.11.2024,0,11,,277.094,5505.0,226.3,50.794,1
U259-H5-VS2-GGA10- Zn(II) 10-Cr(VI) 5-Ni(II) 5mg-L-14112024-Q=50.72mL-phút-1,U259-H5-VS2-12.11.2024,0,12,,274.554,5979.0,227.1,47.454,2
U259-H5-VS2-GGA10- Zn(II) 10-Cr(VI) 5-Ni(II) 5mg-L-14112024-Q=50.72mL-phút-1,U259-H5-VS2-12.11.2024,0,13,,276.078,6453.0,224.2,51.878,2
U259-H5-VS2-GGA10- Zn(II) 10-Cr(VI) 5-Ni(II) 5mg-L-14112024-Q=50.72mL-phút-1,U259-H5-VS2-12.11.2024,0,14,,277.21,6925.0,227.4,49.81,2
U259-H5-VS2-GGA15- Zn(II) 15-Cr(VI) 5-Ni(II) 15mg-L-14112024-Q=50.36mL-phút-1,U259-H5-VS2-12.11.2024,1,0,GGA15,307.564,301.0,245.4,62.164,0
U259-H5-VS2-GGA15- Zn(II) 15-Cr(VI) 5-Ni(II) 15mg-L-14112024-Q=50.36mL-phút-1,U259-H5-VS2-12.11.2024,1,1,,312.788,775.0,250.80001,61.98799,0
U259-H5-VS2-GGA15- Zn(II) 15-Cr(VI) 5-Ni(II) 15mg-L-14112024-Q=50.36mL-phút-1,U259-H5-VS2-12.11.2024,1,2,,309.15,1245.0,248.0,61.15,0
U259-H5-VS2-GGA15- Zn(II) 15-Cr(VI) 5-Ni(II) 15mg-L-14112024-Q=50.36mL-phút-1,U259-H5-VS2-12.11.2024,1,3,,302.072,1723.0,239.7,62.372,0
U259-H5-VS2-GGA15- Zn(II) 15-Cr(VI) 5-Ni(II) 15mg-L-14112024-Q=50.36mL-phút-1,U259-H5-VS2-12.11.2024,1,4,,299.50192,2195.0,237.0,62.50192,0
U259-H5-VS2-GGA15- Zn(II) 15-Cr(VI) 5-Ni(II) 15mg-L-14112024-Q=50.36mL-phút-1,U259-H5-VS2-12.11.2024,1,5,,303.714,2667.0,241.69999,62.01401,0
U259-H5-VS2-GGA15- Zn(II) 15-Cr(VI) 5-Ni(II) 15mg-L-14112024-Q=50.36mL-phút-1,U259-H5-VS2-12.11.2024,1,6,GGA15-Zn15-Cr5-Ni15,317.78,3142.0,259.9,57.88,1
U259-H5-VS2-GGA15- Zn(II) 15-Cr(VI) 5-Ni(II) 15mg-L-14112024-Q=50.36mL-phút-1,U259-H5-VS2-12.11.2024,1,7,,314.7902,3616.0,261.79999,52.99021,1
U259-H5-VS2-GGA15- Zn(II) 15-Cr(VI) 5-Ni(II) 15mg-L-14112024-Q=50.36mL-phút-1,U259-H5-VS2-12.11.2024,1,8,,313.554,4089.0,254.70001,58.85399,1
U259-H5-VS2-GGA15- Zn(II) 15-Cr(VI) 5-Ni(II) 15mg-L-14112024-Q=50.36mL-phút-1,U259-H5-VS2-12.11.2024,1,9,,311.586,4563.0,260.4,51.186,1
U259-H5-VS2-GGA15- Zn(II) 15-Cr(VI) 5-Ni(II) 15mg-L-14112024-Q=50.36mL-phút-1,U259-H5-VS2-12.11.2024,1,10,,318.5,5037.0,261.79999,56.70001,1
U259-H5-VS2-GGA15- Zn(II) 15-Cr(VI) 5-Ni(II) 15mg-L-14112024-Q=50.36mL-phút-1,U259-H5-VS2-12.11.2024,1,11,,320.976,5509.0,269.4,51.576,1
U259-H5-VS2-GGA15- Zn(II) 15-Cr(VI) 5-Ni(II) 15mg-L-14112024-Q=50.36mL-phút-1,U259-H5-VS2-12.11.2024,1,12,,323.98,5983.0,267.6,56.38,1
U259-H5-VS2-GGA15- Zn(II) 15-Cr(VI) 5-Ni(II) 15mg-L-14112024-Q=50.36mL-phút-1,U259-H5-VS2-12.11.2024,1,13,,326.798,6455.0,271.69999,55.09801,1
U259-H5-VS2-GGA15- Zn(II) 15-Cr(VI) 5-Ni(II) 15mg-L-14112024-Q=50.36mL-phút-1,U259-H5-VS2-12.11.2024,1,14,,321.262,6929.0,264.60001,56.66199,1
U259-H5-VS2-GGA15- Zn(II) 15-Cr(VI) 5-Ni(II) 15mg-L-14112024-Q=50.36mL-phút-1,U259-H5-VS2-12.11.2024,1,15,,319.9425,7403.0,262.4,57.5425,1
U259-H5-VS2-GGA15- Zn(II) 15-Cr(VI) 5-Ni(II) 15mg-L-14112024-Q=50.36mL-phút-1,U259-H5-VS2-12.11.2024,1,16,,307.0175,7874.0,256.90001,50.11749,2
U259-H5-VS2-GGA15- Zn(II) 15-Cr(VI) 5-Ni(II) 15mg-L-14112024-Q=50.36mL-phút-1,U259-H5-VS2-12.11.2024,1,17,,303.4275,8347.0,254.70001,48.72749,2
U260-H6-VS2-GGA10- Zn(II) 10-Cr(VI) 5-Ni(II) 5mg-L-14112024-Q=50.52mL-phút-2,U260-H6-VS2-12.11.2024,0,0,GGA10,300.30741,301.0,261.20001,39.1074,0
U260-H6-VS2-GGA10- Zn(II) 10-Cr(VI) 5-Ni(II) 5mg-L-14112024-Q=50.52mL-phút-2,U260-H6-VS2-12.11.2024,0,1,,300.17407,777.0,258.89999,41.27408,0
U260-H6-VS2-GGA10- Zn(II) 10-Cr(VI) 5-Ni(II) 5mg-L-14112024-Q=50.52mL-phút-2,U260-H6-VS2-12.11.2024,0,2,,297.75926,1250.0,257.29999,40.45927,0
U260-H6-VS2-GGA10- Zn(II) 10-Cr(VI) 5-Ni(II) 5mg-L-14112024-Q=50.52mL-phút-2,U260-H6-VS2-12.11.2024,0,3,,300.20185,1723.0,258.89999,41.30186,0
U260-H6-VS2-GGA10- Zn(II) 10-Cr(VI) 5-Ni(II) 5mg-L-14112024-Q=50.52mL-phút-2,U260-H6-VS2-12.11.2024,0,4,,297.62037,2198.0,255.60001,42.02036,0
U260-H6-VS2-GGA10- Zn(II) 10-Cr(VI) 5-Ni(II) 5mg-L-14112024-Q=50.52mL-phút-2,U260-H6-VS2-12.11.2024,0,5,,297.38889,2670.0,257.60001,39.78888,0
U260-H6-VS2-GGA10- Zn(II) 10-Cr(VI) 5-Ni(II) 5mg-L-14112024-Q=50.52mL-phút-2,U260-H6-VS2-12.11.2024,0,6,GGA10-Zn10-Cr5-Ni5,301.50556,3141.0,261.79999,39.70557,1
U260-H6-VS2-GGA10- Zn(II) 10-Cr(VI) 5-Ni(II) 5mg-L-14112024-Q=50.52mL-phút-2,U260-H6-VS2-12.11.2024,0,7,,299.76481,3619.0,265.19999,34.56482,1
U260-H6-VS2-GGA10- Zn(II) 10-Cr(VI) 5-Ni(II) 5mg-L-14112024-Q=50.52mL-phút-2,U260-H6-VS2-12.11.2024,0,8,,297.1963,4090.0,264.80001,32.39629,1
U260-H6-VS2-GGA10- Zn(II) 10-Cr(VI) 5-Ni(II) 5mg-L-14112024-Q=50.52mL-phút-2,U260-H6-VS2-12.11.2024,0,9,,301.9,4566.0,268.59999,33.30001,1
U260-H6-VS2-GGA10- Zn(II) 10-Cr(VI) 5-Ni(II) 5mg-L-14112024-Q=50.52mL-phút-2,U260-H6-VS2-12.11.2024,0,10,,299.22222,5037.0,268.59999,30.62223,2
U260-H6-VS2-GGA10- Zn(II) 10-Cr(VI) 5-Ni(II) 5mg-L-14112024-Q=50.52mL-phút-2,U260-H6-VS2-12.11.2024,0,11,,295.2463,5508.0,266.40001,28.84629,2
U260-H6-VS2-GGA10- Zn(II) 10-Cr(VI) 5-Ni(II) 5mg-L-14112024-Q=50.52mL-phút-2,U260-H6-VS2-12.11.2024,0,12,,300.83333,5982.0,270.20001,30.63332,2
U260-H6-VS2-GGA15- HH 15mg-L-14112024-Q=50.2mL-phút-5,U260-H6-VS2-12.11.2024,1,0,GGA15,303.30556,301.0,261.7,41.60556,0
U260-H6-VS2-GGA15- HH 15mg-L-14112024-Q=50.2mL-phút-5,U260-H6-VS2-12.11.2024,1,1,,306.18704,773.0,264.80001,41.38703,0
U260-H6-VS2-GGA15- HH 15mg-L-14112024-Q=50.2mL-phút-5,U260-H6-VS2-12.11.2024,1,2,,309.91481,1250.0,267.6,42.31481,0
U260-H6-VS2-GGA15- HH 15mg-L-14112024-Q=50.2mL-phút-5,U260-H6-VS2-12.11.2024,1,3,,311.50741,1723.0,271.49999,40.00742,0
U260-H6-VS2-GGA15- HH 15mg-L-14112024-Q=50.2mL-phút-5,U260-H6-VS2-12.11.2024,1,4,,306.51482,2194.0,266.0,40.51482,0
U260-H6-VS2-GGA15- HH 15mg-L-14112024-Q=50.2mL-phút-5,U260-H6-VS2-12.11.2024,1,5,,299.80926,2669.0,260.19999,39.60927,0
U260-H6-VS2-GGA15- HH 15mg-L-14112024-Q=50.2mL-phút-5,U260-H6-VS2-12.11.2024,1,6,,302.64815,3140.0,263.70001,38.94814,0
U260-H6-VS2-GGA15- HH 15mg-L-14112024-Q=50.2mL-phút-5,U260-H6-VS2-12.11.2024,1,7,GGA15-HH15,313.2,4094.0,275.3,37.9,1
U260-H6-VS2-GGA15- HH 15mg-L-14112024-Q=50.2mL-phút-5,U260-H6-VS2-12.11.2024,1,8,,313.24815,3619.0,277.59999,35.64816,1
U260-H6-VS2-GGA15- HH 15mg-L-14112024-Q=50.2mL-phút-5,U260-H6-VS2-12.11.2024,1,9,,309.99259,4564.0,275.79999,34.1926,1
U260-H6-VS2-GGA15- HH 15mg-L-14112024-Q=50.2mL-phút-5,U260-H6-VS2-12.11.2024,1,10,,309.69629,5036.0,276.10001,33.59628,1
U260-H6-VS2-GGA15- HH 15mg-L-14112024-Q=50.2mL-phút-5,U260-H6-VS2-12.11.2024,1,11,,313.52222,5512.0,277.90001,35.62221,1
U260-H6-VS2-GGA15- HH 15mg-L-14112024-Q=50.2mL-phút-5,U260-H6-VS2-12.11.2024,1,12,,314.55926,5985.0,280.49999,34.05927,1
U260-H6-VS2-GGA15- HH 15mg-L-14112024-Q=50.2mL-phút-5,U260-H6-VS2-12.11.2024,1,13,,316.57593,6455.0,281.8,34.77593,1
U260-H6-VS2-GGA15- HH 15mg-L-14112024-Q=50.2mL-phút-5,U260-H6-VS2-12.11.2024,1,14,,312.69259,6930.0,279.50001,33.19258,1
U260-H6-VS2-GGA15- HH 15mg-L-14112024-Q=50.2mL-phút-5,U260-H6-VS2-12.11.2024,1,15,,311.91964,7404.0,279.50001,32.41963,1
U260-H6-VS2-GGA15- HH 15mg-L-14112024-Q=50.2mL-phút-5,U260-H6-VS2-12.11.2024,1,16,,302.22963,7878.0,272.19999,30.02964,1
U260-H6-VS2-GGA15- HH 15mg-L-14112024-Q=50.2mL-phút-5,U260-H6-VS2-12.11.2024,1,17,,291.21667,8351.0,265.6,25.61667,2
U260-H6-VS2-GGA15- HH 15mg-L-14112024-Q=50.2mL-phút-5,U260-H6-VS2-12.11.2024,1,18,,286.37222,8827.0,260.69999,25.67223,2
U260-H6-VS2-GGA15- HH 15mg-L-14112024-Q=50.2mL-phút-5,U260-H6-VS2-12.11.2024,1,19,,284.68704,9302.0,259.5,25.18704,2
U261-H5-VS2-GGA10- Zn(II) 10-Cr(VI) 5-Ni(II) 10mg-L-15112024-Q=50.44mL-phút-3,U261-H5-VS2-13.11.2024,0,0,GGA10,284.40746,301.0,203.6,80.80746,0
U261-H5-VS2-GGA10- Zn(II) 10-Cr(VI) 5-Ni(II) 10mg-L-15112024-Q=50.44mL-phút-3,U261-H5-VS2-13.11.2024,0,1,,275.44118,776.0,194.6,80.84118,0
U261-H5-VS2-GGA10- Zn(II) 10-Cr(VI) 5-Ni(II) 10mg-L-15112024-Q=50.44mL-phút-3,U261-H5-VS2-13.11.2024,0,2,,269.56324,1250.0,190.50001,79.06323,0
U261-H5-VS2-GGA10- Zn(II) 10-Cr(VI) 5-Ni(II) 10mg-L-15112024-Q=50.44mL-phút-3,U261-H5-VS2-13.11.2024,0,3,,270.48824,1721.0,192.7,77.78824,0
U261-H5-VS2-GGA10- Zn(II) 10-Cr(VI) 5-Ni(II) 10mg-L-15112024-Q=50.44mL-phút-3,U261-H5-VS2-13.11.2024,0,4,,266.82836,2196.0,187.19999,79.62837,0
U261-H5-VS2-GGA10- Zn(II) 10-Cr(VI) 5-Ni(II) 10mg-L-15112024-Q=50.44mL-phút-3,U261-H5-VS2-13.11.2024,0,5,,269.70286,2668.0,186.5,83.20286,0
U261-H5-VS2-GGA10- Zn(II) 10-Cr(VI) 5-Ni(II) 10mg-L-15112024-Q=50.44mL-phút-3,U261-H5-VS2-13.11.2024,0,6,GGA10-Zn10-Cr5-Ni10,276.53676,3143.0,200.5,76.03676,1
U261-H5-VS2-GGA10- Zn(II) 10-Cr(VI) 5-Ni(II) 10mg-L-15112024-Q=50.44mL-phút-3,U261-H5-VS2-13.11.2024,0,7,,275.94179,3617.0,207.8,68.14179,1
U261-H5-VS2-GGA10- Zn(II) 10-Cr(VI) 5-Ni(II) 10mg-L-15112024-Q=50.44mL-phút-3,U261-H5-VS2-13.11.2024,0,8,,276.92388,4089.0,216.5,60.42388,1
U261-H5-VS2-GGA10- Zn(II) 10-Cr(VI) 5-Ni(II) 10mg-L-15112024-Q=50.44mL-phút-3,U261-H5-VS2-13.11.2024,0,9,,277.51045,4564.0,217.80001,59.71044,1
U261-H5-VS2-GGA10- Zn(II) 10-Cr(VI) 5-Ni(II) 10mg-L-15112024-Q=50.44mL-phút-3,U261-H5-VS2-13.11.2024,0,10,,276.6612,5040.0,224.2,52.4612,2
U261-H5-VS2-GGA10- Zn(II) 10-Cr(VI) 5-Ni(II) 10mg-L-15112024-Q=50.44mL-phút-3,U261-H5-VS2-13.11.2024,0,11,,273.40882,5511.0,220.50001,52.90881,2
U261-H5-VS2-GGA10- Zn(II) 10-Cr(VI) 5-Ni(II) 10mg-L-15112024-Q=50.44mL-phút-3,U261-H5-VS2-13.11.2024,0,12,,273.08955,5985.0,220.59999,52.48956,2
U261-H5-VS2-GGA15- Zn(II) 15-Cr(VI) 10-Ni(II) 15mg-L-15112024-Q=50.48mL-phút-3,U261-H5-VS2-13.11.2024,1,0,GGA15,262.46596,301.0,200.7,61.76596,0
U261-H5-VS2-GGA15- Zn(II) 15-Cr(VI) 10-Ni(II) 15mg-L-15112024-Q=50.48mL-phút-3,U261-H5-VS2-13.11.2024,1,1,,260.74468,773.0,200.29999,60.44469,0
U261-H5-VS2-GGA15- Zn(II) 15-Cr(VI) 10-Ni(II) 15mg-L-15112024-Q=50.48mL-phút-3,U261-H5-VS2-13.11.2024,1,2,,255.82553,1248.0,195.2,60.62553,0
U261-H5-VS2-GGA15- Zn(II) 15-Cr(VI) 10-Ni(II) 15mg-L-15112024-Q=50.48mL-phút-3,U261-H5-VS2-13.11.2024,1,3,,260.44468,1727.0,196.9,63.54468,0
U261-H5-VS2-GGA15- Zn(II) 15-Cr(VI) 10-Ni(II) 15mg-L-15112024-Q=50.48mL-phút-3,U261-H5-VS2-13.11.2024,1,4,,261.6617,2198.0,194.6,67.0617,0
U261-H5-VS2-GGA15- Zn(II) 15-Cr(VI) 10-Ni(II) 15mg-L-15112024-Q=50.48mL-phút-3,U261-H5-VS2-13.11.2024,1,5,,260.85957,2672.0,192.30001,68.55956,0
U261-H5-VS2-GGA15- Zn(II) 15-Cr(VI) 10-Ni(II) 15mg-L-15112024-Q=50.48mL-phút-3,U261-H5-VS2-13.11.2024,1,6,,259.6587,3145.0,194.3,65.3587,0
U261-H5-VS2-GGA15- Zn(II) 15-Cr(VI) 10-Ni(II) 15mg-L-15112024-Q=50.48mL-phút-3,U261-H5-VS2-13.11.2024,1,7,GGA15-Zn15-Cr10-Ni15,268.07447,3624.0,211.1,56.97447,1
U261-H5-VS2-GGA15- Zn(II) 15-Cr(VI) 10-Ni(II) 15mg-L-15112024-Q=50.48mL-phút-3,U261-H5-VS2-13.11.2024,1,8,,271.70851,4098.0,221.6,50.10851,1
U261-H5-VS2-GGA15- Zn(II) 15-Cr(VI) 10-Ni(II) 15mg-L-15112024-Q=50.48mL-phút-3,U261-H5-VS2-13.11.2024,1,9,,273.1913,4572.0,223.6,49.5913,2
U261-H5-VS2-GGA15- Zn(II) 15-Cr(VI) 10-Ni(II) 15mg-L-15112024-Q=50.48mL-phút-3,U261-H5-VS2-13.11.2024,1,10,,271.11064,5051.0,223.0,48.11064,2
U261-H5-VS2-GGA15- Zn(II) 15-Cr(VI) 10-Ni(II) 15mg-L-15112024-Q=50.48mL-phút-3,U261-H5-VS2-13.11.2024,1,11,,270.44043,5522.0,220.59999,49.84044,2
U262-H6-VS2-GGA10- Zn(II) 10-Cr(VI) 5-Ni(II) 10mg-L-15112024-Q=50.04mL-phút-4,U262-H6-VS2-13.11.2024,0,0,GGA10,326.48269,301.0,270.3,56.18269,0
U262-H6-VS2-GGA10- Zn(II) 10-Cr(VI) 5-Ni(II) 10mg-L-15112024-Q=50.04mL-phút-4,U262-H6-VS2-13.11.2024,0,1,,315.16923,775.0,260.8,54.36923,0
U262-H6-VS2-GGA10- Zn(II) 10-Cr(VI) 5-Ni(II) 10mg-L-15112024-Q=50.04mL-phút-4,U262-H6-VS2-13.11.2024,0,2,,304.37308,1252.0,253.19999,51.17309,0
U262-H6-VS2-GGA10- Zn(II) 10-Cr(VI) 5-Ni(II) 10mg-L-15112024-Q=50.04mL-phút-4,U262-H6-VS2-13.11.2024,0,3,,298.49811,1721.0,246.4,52.09811,0
U262-H6-VS2-GGA10- Zn(II) 10-Cr(VI) 5-Ni(II) 10mg-L-15112024-Q=50.04mL-phút-4,U262-H6-VS2-13.11.2024,0,4,,296.17547,2195.0,244.29999,51.87548,0
U262-H6-VS2-GGA10- Zn(II) 10-Cr(VI) 5-Ni(II) 10mg-L-15112024-Q=50.04mL-phút-4,U262-H6-VS2-13.11.2024,0,5,,294.35,2668.0,242.8,51.55,0
U262-H6-VS2-GGA10- Zn(II) 10-Cr(VI) 5-Ni(II) 10mg-L-15112024-Q=50.04mL-phút-4,U262-H6-VS2-13.11.2024,0,6,,296.44038,3141.0,240.6,55.84038,0
U262-H6-VS2-GGA10- Zn(II) 10-Cr(VI) 5-Ni(II) 10mg-L-15112024-Q=50.04mL-phút-4,U262-H6-VS2-13.11.2024,0,7,GGA10-Zn10-Cr5-Ni10,300.56793,3615.0,252.60001,47.96792,1
U262-H6-VS2-GGA10- Zn(II) 10-Cr(VI) 5-Ni(II) 10mg-L-15112024-Q=50.04mL-phút-4,U262-H6-VS2-13.11.2024,0,8,,297.84808,4091.0,259.09999,38.74809,1
U262-H6-VS2-GGA10- Zn(II) 10-Cr(VI) 5-Ni(II) 10mg-L-15112024-Q=50.04mL-phút-4,U262-H6-VS2-13.11.2024,0,9,,298.85,4565.0,262.6,36.25,1
U262-H6-VS2-GGA10- Zn(II) 10-Cr(VI) 5-Ni(II) 10mg-L-15112024-Q=50.04mL-phút-4,U262-H6-VS2-13.11.2024,0,10,,299.29423,5035.0,265.70001,33.59422,1
U262-H6-VS2-GGA10- Zn(II) 10-Cr(VI) 5-Ni(II) 10mg-L-15112024-Q=50.04mL-phút-4,U262-H6-VS2-13.11.2024,0,11,,298.63585,5508.0,266.40001,32.23584,2
U262-H6-VS2-GGA10- Zn(II) 10-Cr(VI) 5-Ni(II) 10mg-L-15112024-Q=50.04mL-phút-4,U262-H6-VS2-13.11.2024,0,12,,295.46227,5982.0,264.09999,31.36228,2
U262-H6-VS2-GGA10- Zn(II) 10-Cr(VI) 5-Ni(II) 10mg-L-15112024-Q=50.04mL-phút-4,U262-H6-VS2-13.11.2024,0,13,,296.84039,6458.0,266.29999,30.5404,2
U262-H6-VS2-GGA15- Zn(II) 15-Cr(VI) 10-Ni(II) 15mg-L-15112024-Q=50.4mL-phút-4,U262-H6-VS2-13.11.2024,1,0,GGA15,289.23409,301.0,249.2,40.03409,0
U262-H6-VS2-GGA15- Zn(II) 15-Cr(VI) 10-Ni(II) 15mg-L-15112024-Q=50.4mL-phút-4,U262-H6-VS2-13.11.2024,1,1,,292.625,780.0,248.9,43.725,0
U262-H6-VS2-GGA15- Zn(II) 15-Cr(VI) 10-Ni(II) 15mg-L-15112024-Q=50.4mL-phút-4,U262-H6-VS2-13.11.2024,1,2,,292.95,1254.0,248.60001,44.34999,0
U262-H6-VS2-GGA15- Zn(II) 15-Cr(VI) 10-Ni(II) 15mg-L-15112024-Q=50.4mL-phút-4,U262-H6-VS2-13.11.2024,1,3,,292.63409,1725.0,250.49999,42.1341,0
U262-H6-VS2-GGA15- Zn(II) 15-Cr(VI) 10-Ni(II) 15mg-L-15112024-Q=50.4mL-phút-4,U262-H6-VS2-13.11.2024,1,4,,289.72727,2199.0,246.2,43.52727,0
U262-H6-VS2-GGA15- Zn(II) 15-Cr(VI) 10-Ni(II) 15mg-L-15112024-Q=50.4mL-phút-4,U262-H6-VS2-13.11.2024,1,5,,293.61956,2671.0,248.1,45.51956,0
U262-H6-VS2-GGA15- Zn(II) 15-Cr(VI) 10-Ni(II) 15mg-L-15112024-Q=50.4mL-phút-4,U262-H6-VS2-13.11.2024,1,6,GGA15-Zn15-Cr10-Ni15,293.35106,3146.0,256.90001,36.45105,1
U262-H6-VS2-GGA15- Zn(II) 15-Cr(VI) 10-Ni(II) 15mg-L-15112024-Q=50.4mL-phút-4,U262-H6-VS2-13.11.2024,1,7,,293.74468,3618.0,258.70001,35.04467,1
U262-H6-VS2-GGA15- Zn(II) 15-Cr(VI) 10-Ni(II) 15mg-L-15112024-Q=50.4mL-phút-4,U262-H6-VS2-13.11.2024,1,8,,293.23192,4094.0,260.19999,33.03193,1
U262-H6-VS2-GGA15- Zn(II) 15-Cr(VI) 10-Ni(II) 15mg-L-15112024-Q=50.4mL-phút-4,U262-H6-VS2-13.11.2024,1,9,,292.35745,4567.0,261.79999,30.55746,1
U262-H6-VS2-GGA15- Zn(II) 15-Cr(VI) 10-Ni(II) 15mg-L-15112024-Q=50.4mL-phút-4,U262-H6-VS2-13.11.2024,1,10,,292.22766,5042.0,262.30001,29.92765,1
U262-H6-VS2-GGA15- Zn(II) 15-Cr(VI) 10-Ni(II) 15mg-L-15112024-Q=50.4mL-phút-4,U262-H6-VS2-13.11.2024,1,11,,290.77391,5511.0,259.7,31.07391,1
U262-H6-VS2-GGA15- Zn(II) 15-Cr(VI) 10-Ni(II) 15mg-L-15112024-Q=50.4mL-phút-4,U262-H6-VS2-13.11.2024,1,12,,285.48085,5986.0,257.2,28.28085,2
U262-H6-VS2-GGA15- Zn(II) 15-Cr(VI) 10-Ni(II) 15mg-L-15112024-Q=50.4mL-phút-4,U262-H6-VS2-13.11.2024,1,13,,281.69348,6463.0,252.99999,28.69349,2
U263-H5-VS72-GGA15- Zn(II) 10-Cr(VI) 5-Ni(II) 10mg-L-18112024-Q=50.3mL-phút-2,U263-H5-VS2-16.11.2024,0,0,GGA15,321.77755,301.0,232.5,89.27755,0
U263-H5-VS72-GGA15- Zn(II) 10-Cr(VI) 5-Ni(II) 10mg-L-18112024-Q=50.3mL-phút-2,U263-H5-VS2-16.11.2024,0,1,,320.12391,773.0,234.2,85.92391,0
U263-H5-VS72-GGA15- Zn(II) 10-Cr(VI) 5-Ni(II) 10mg-L-18112024-Q=50.3mL-phút-2,U263-H5-VS2-16.11.2024,0,2,,311.45,1248.0,227.59999,83.85001,0
U263-H5-VS72-GGA15- Zn(II) 10-Cr(VI) 5-Ni(II) 10mg-L-18112024-Q=50.3mL-phút-2,U263-H5-VS2-16.11.2024,0,3,,310.51702,1719.0,223.0,87.51702,0
U263-H5-VS72-GGA15- Zn(II) 10-Cr(VI) 5-Ni(II) 10mg-L-18112024-Q=50.3mL-phút-2,U263-H5-VS2-16.11.2024,0,4,,306.00851,2194.0,217.2,88.80851,0
U263-H5-VS72-GGA15- Zn(II) 10-Cr(VI) 5-Ni(II) 10mg-L-18112024-Q=50.3mL-phút-2,U263-H5-VS2-16.11.2024,0,5,,304.34043,2667.0,216.19999,88.14044,0
U263-H5-VS72-GGA15- Zn(II) 10-Cr(VI) 5-Ni(II) 10mg-L-18112024-Q=50.3mL-phút-2,U263-H5-VS2-16.11.2024,0,6,,305.06596,3141.0,218.6,86.46596,0
U263-H5-VS72-GGA15- Zn(II) 10-Cr(VI) 5-Ni(II) 10mg-L-18112024-Q=50.3mL-phút-2,U263-H5-VS2-16.11.2024,0,7,GGA15-Zn10-Cr5-Ni10,312.03617,3612.0,223.90001,88.13616,1
U263-H5-VS72-GGA15- Zn(II) 10-Cr(VI) 5-Ni(II) 10mg-L-18112024-Q=50.3mL-phút-2,U263-H5-VS2-16.11.2024,0,8,,310.72131,4085.0,238.7,72.02131,1
U263-H5-VS72-GGA15- Zn(II) 10-Cr(VI) 5-Ni(II) 10mg-L-18112024-Q=50.3mL-phút-2,U263-H5-VS2-16.11.2024,0,9,,316.38438,4557.0,257.99999,58.38439,1
U263-H5-VS72-GGA15- Zn(II) 10-Cr(VI) 5-Ni(II) 10mg-L-18112024-Q=50.3mL-phút-2,U263-H5-VS2-16.11.2024,0,10,,322.64677,5032.0,266.40001,56.24676,1
U263-H5-VS72-GGA15- Zn(II) 10-Cr(VI) 5-Ni(II) 10mg-L-18112024-Q=50.3mL-phút-2,U263-H5-VS2-16.11.2024,0,11,,324.62742,5505.0,270.1,54.52742,1
U263-H5-VS72-GGA15- Zn(II) 10-Cr(VI) 5-Ni(II) 10mg-L-18112024-Q=50.3mL-phút-2,U263-H5-VS2-16.11.2024,0,12,,325.75,5980.0,273.0,52.75,1
U263-H5-VS72-GGA15- Zn(II) 10-Cr(VI) 5-Ni(II) 10mg-L-18112024-Q=50.3mL-phút-2,U263-H5-VS2-16.11.2024,0,13,,327.83548,6454.0,279.19999,48.63549,2
U263-H5-VS72-GGA15- Zn(II) 10-Cr(VI) 5-Ni(II) 10mg-L-18112024-Q=50.3mL-phút-2,U263-H5-VS2-16.11.2024,0,14,,329.26557,6925.0,282.40001,46.86556,2
U263-H5-VS72-GGA15- Zn(II) 10-Cr(VI) 5-Ni(II) 10mg-L-18112024-Q=50.3mL-phút-2,U263-H5-VS2-16.11.2024,0,15,,330.5371,7400.0,286.59999,43.93711,2
U263-H5-VS72-GGA20- Zn(II) 15-Cr(VI) 10-Ni(II) 15mg-L-18112024-Q=50.62mL-phút-3,U263-H5-VS2-16.11.2024,1,0,GGA20,323.77742,301.0,265.8,57.97742,0
U263-H5-VS72-GGA20- Zn(II) 15-Cr(VI) 10-Ni(II) 15mg-L-18112024-Q=50.62mL-phút-3,U263-H5-VS2-16.11.2024,1,1,,318.67705,773.0,260.8,57.87705,0
U263-H5-VS72-GGA20- Zn(II) 15-Cr(VI) 10-Ni(II) 15mg-L-18112024-Q=50.62mL-phút-3,U263-H5-VS2-16.11.2024,1,2,,325.15484,1248.0,262.30001,62.85483,0
U263-H5-VS72-GGA20- Zn(II) 15-Cr(VI) 10-Ni(II) 15mg-L-18112024-Q=50.62mL-phút-3,U263-H5-VS2-16.11.2024,1,3,,327.29524,1722.0,264.7,62.59524,0
U263-H5-VS72-GGA20- Zn(II) 15-Cr(VI) 10-Ni(II) 15mg-L-18112024-Q=50.62mL-phút-3,U263-H5-VS2-16.11.2024,1,4,,328.30893,2194.0,273.29999,55.00894,0
U263-H5-VS72-GGA20- Zn(II) 15-Cr(VI) 10-Ni(II) 15mg-L-18112024-Q=50.62mL-phút-3,U263-H5-VS2-16.11.2024,1,5,,331.575,2670.0,270.39999,61.17501,0
U263-H5-VS72-GGA20- Zn(II) 15-Cr(VI) 10-Ni(II) 15mg-L-18112024-Q=50.62mL-phút-3,U263-H5-VS2-16.11.2024,1,6,,333.16607,3141.0,270.5,62.66607,0
U263-H5-VS72-GGA20- Zn(II) 15-Cr(VI) 10-Ni(II) 15mg-L-18112024-Q=50.62mL-phút-3,U263-H5-VS2-16.11.2024,1,7,GGA20-Zn15-Cr10-Ni15,333.75536,3615.0,276.30001,57.45535,1
U263-H5-VS72-GGA20- Zn(II) 15-Cr(VI) 10-Ni(II) 15mg-L-18112024-Q=50.62mL-phút-3,U263-H5-VS2-16.11.2024,1,8,,332.32143,4088.0,278.0,54.32143,1
U263-H5-VS72-GGA20- Zn(II) 15-Cr(VI) 10-Ni(II) 15mg-L-18112024-Q=50.62mL-phút-3,U263-H5-VS2-16.11.2024,1,9,,335.33036,4561.0,285.69999,49.63037,1
U263-H5-VS72-GGA20- Zn(II) 15-Cr(VI) 10-Ni(II) 15mg-L-18112024-Q=50.62mL-phút-3,U263-H5-VS2-16.11.2024,1,10,,337.11429,5037.0,290.4,46.71429,1
U263-H5-VS72-GGA20- Zn(II) 15-Cr(VI) 10-Ni(II) 15mg-L-18112024-Q=50.62mL-phút-3,U263-H5-VS2-16.11.2024,1,11,,339.72857,5508.0,293.19999,46.52858,1
U263-H5-VS72-GGA20- Zn(II) 15-Cr(VI) 10-Ni(II) 15mg-L-18112024-Q=50.62mL-phút-3,U263-H5-VS2-16.11.2024,1,12,,342.82321,5982.0,298.20001,44.6232,2
U263-H5-VS72-GGA20- Zn(II) 15-Cr(VI) 10-Ni(II) 15mg-L-18112024-Q=50.62mL-phút-3,U263-H5-VS2-16.11.2024,1,13,,344.56786,6457.0,302.39999,42.16787,2
U263-H5-VS72-GGA20- Zn(II) 15-Cr(VI) 10-Ni(II) 15mg-L-18112024-Q=50.62mL-phút-3,U263-H5-VS2-16.11.2024,1,14,,346.37321,6927.0,302.1,44.27321,2
U264-H6-VS2-GGA15- Zn(II) 10-Cr(VI) 5-Ni(II) 10mg-L-18112024-Q=50.6mL-phút-3,U264-H6-VS2-16.11.2024,0,0,GGA15,313.18478,301.0,261.5,51.68478,0
U264-H6-VS2-GGA15- Zn(II) 10-Cr(VI) 5-Ni(II) 10mg-L-18112024-Q=50.6mL-phút-3,U264-H6-VS2-16.11.2024,0,1,,304.27447,776.0,256.3,47.97447,0
U264-H6-VS2-GGA15- Zn(II) 10-Cr(VI) 5-Ni(II) 10mg-L-18112024-Q=50.6mL-phút-3,U264-H6-VS2-16.11.2024,0,2,,300.02174,1250.0,251.50001,48.52173,0
U264-H6-VS2-GGA15- Zn(II) 10-Cr(VI) 5-Ni(II) 10mg-L-18112024-Q=50.6mL-phút-3,U264-H6-VS2-16.11.2024,0,3,,297.72128,1722.0,248.79999,48.92129,0
U264-H6-VS2-GGA15- Zn(II) 10-Cr(VI) 5-Ni(II) 10mg-L-18112024-Q=50.6mL-phút-3,U264-H6-VS2-16.11.2024,0,4,,294.82128,2197.0,243.49999,51.32129,0
U264-H6-VS2-GGA15- Zn(II) 10-Cr(VI) 5-Ni(II) 10mg-L-18112024-Q=50.6mL-phút-3,U264-H6-VS2-16.11.2024,0,5,,297.17021,2669.0,245.0,52.17021,0
U264-H6-VS2-GGA15- Zn(II) 10-Cr(VI) 5-Ni(II) 10mg-L-18112024-Q=50.6mL-phút-3,U264-H6-VS2-16.11.2024,0,6,GGA15-Zn10-Cr5-Ni10,302.27391,3142.0,249.3,52.97391,1
U264-H6-VS2-GGA15- Zn(II) 10-Cr(VI) 5-Ni(II) 10mg-L-18112024-Q=50.6mL-phút-3,U264-H6-VS2-16.11.2024,0,7,,297.72826,3618.0,259.20001,38.52825,1
U264-H6-VS2-GGA15- Zn(II) 10-Cr(VI) 5-Ni(II) 10mg-L-18112024-Q=50.6mL-phút-3,U264-H6-VS2-16.11.2024,0,8,,301.14894,4087.0,263.20001,37.94893,1
U264-H6-VS2-GGA15- Zn(II) 10-Cr(VI) 5-Ni(II) 10mg-L-18112024-Q=50.6mL-phút-3,U264-H6-VS2-16.11.2024,0,9,,303.95532,4564.0,268.90001,35.05531,1
U264-H6-VS2-GGA15- Zn(II) 10-Cr(VI) 5-Ni(II) 10mg-L-18112024-Q=50.6mL-phút-3,U264-H6-VS2-16.11.2024,0,10,,306.09362,5039.0,273.5,32.59362,1
U264-H6-VS2-GGA15- Zn(II) 10-Cr(VI) 5-Ni(II) 10mg-L-18112024-Q=50.6mL-phút-3,U264-H6-VS2-16.11.2024,0,11,,307.33479,5511.0,275.00001,32.33478,1
U264-H6-VS2-GGA15- Zn(II) 10-Cr(VI) 5-Ni(II) 10mg-L-18112024-Q=50.6mL-phút-3,U264-H6-VS2-16.11.2024,0,12,,307.6383,5984.0,280.09999,27.53831,2
U264-H6-VS2-GGA15- Zn(II) 10-Cr(VI) 5-Ni(II) 10mg-L-18112024-Q=50.6mL-phút-3,U264-H6-VS2-16.11.2024,0,13,,308.0383,6460.0,280.40001,27.63829,2
U264-H6-VS2-GGA15- Zn(II) 10-Cr(VI) 5-Ni(II) 10mg-L-18112024-Q=50.6mL-phút-3,U264-H6-VS2-16.11.2024,0,14,,308.54468,6932.0,282.59999,25.94469,2
U264-H6-VS2-GGA20- Zn(II) 15-Cr(VI) 10-Ni(II) 15mg-L-18112024-Q=50.08mL-phút-4,U264-H6-VS2-16.11.2024,1,0,GGA20,301.77826,301.0,264.7,37.07826,0
U264-H6-VS2-GGA20- Zn(II) 15-Cr(VI) 10-Ni(II) 15mg-L-18112024-Q=50.08mL-phút-4,U264-H6-VS2-16.11.2024,1,1,,298.24256,773.0,260.19999,38.04257,0
U264-H6-VS2-GGA20- Zn(II) 15-Cr(VI) 10-Ni(II) 15mg-L-18112024-Q=50.08mL-phút-4,U264-H6-VS2-16.11.2024,1,2,,302.10217,1245.0,263.20001,38.90216,0
U264-H6-VS2-GGA20- Zn(II) 15-Cr(VI) 10-Ni(II) 15mg-L-18112024-Q=50.08mL-phút-4,U264-H6-VS2-16.11.2024,1,3,,307.33404,1720.0,269.69999,37.63405,0
U264-H6-VS2-GGA20- Zn(II) 15-Cr(VI) 10-Ni(II) 15mg-L-18112024-Q=50.08mL-phút-4,U264-H6-VS2-16.11.2024,1,4,,309.22127,2197.0,271.0,38.22127,0
U264-H6-VS2-GGA20- Zn(II) 15-Cr(VI) 10-Ni(II) 15mg-L-18112024-Q=50.08mL-phút-4,U264-H6-VS2-16.11.2024,1,5,,309.19565,2669.0,270.20001,38.99564,0
U264-H6-VS2-GGA20- Zn(II) 15-Cr(VI) 10-Ni(II) 15mg-L-18112024-Q=50.08mL-phút-4,U264-H6-VS2-16.11.2024,1,6,,309.74043,3143.0,273.09999,36.64044,0
U264-H6-VS2-GGA20- Zn(II) 15-Cr(VI) 10-Ni(II) 15mg-L-18112024-Q=50.08mL-phút-4,U264-H6-VS2-16.11.2024,1,7,GGA20-Zn15-Cr10-Ni15,311.13261,3617.0,268.90001,42.2326,1
U264-H6-VS2-GGA20- Zn(II) 15-Cr(VI) 10-Ni(II) 15mg-L-18112024-Q=50.08mL-phút-4,U264-H6-VS2-16.11.2024,1,8,,309.86957,4086.0,276.69999,33.16958,1
U264-H6-VS2-GGA20- Zn(II) 15-Cr(VI) 10-Ni(II) 15mg-L-18112024-Q=50.08mL-phút-4,U264-H6-VS2-16.11.2024,1,9,,310.82978,4563.0,278.49999,32.32979,1
U264-H6-VS2-GGA20- Zn(II) 15-Cr(VI) 10-Ni(II) 15mg-L-18112024-Q=50.08mL-phút-4,U264-H6-VS2-16.11.2024,1,10,,311.26122,5037.0,280.9,30.36122,1
U264-H6-VS2-GGA20- Zn(II) 15-Cr(VI) 10-Ni(II) 15mg-L-18112024-Q=50.08mL-phút-4,U264-H6-VS2-16.11.2024,1,11,,313.63192,5510.0,286.90001,26.73191,2
U264-H6-VS2-GGA20- Zn(II) 15-Cr(VI) 10-Ni(II) 15mg-L-18112024-Q=50.08mL-phút-4,U264-H6-VS2-16.11.2024,1,12,,315.16327,5983.0,287.2,27.96327,2
U264-H6-VS2-GGA20- Zn(II) 15-Cr(VI) 10-Ni(II) 15mg-L-18112024-Q=50.08mL-phút-4,U264-H6-VS2-16.11.2024,1,13,,312.95526,6457.0,285.29999,27.65527,2
U265-H5-VS2-GGA20- Zn(II) 10-Cr(VI) 5-Ni(II) 10mg-L-19112024-Q=50.54mL-phút-1,U265-H5-VS2-17.11.2024,0,0,GGA20,262.55753,301.0,192.6,69.95753,0
U265-H5-VS2-GGA20- Zn(II) 10-Cr(VI) 5-Ni(II) 10mg-L-19112024-Q=50.54mL-phút-1,U265-H5-VS2-17.11.2024,0,1,,259.92192,774.0,196.79999,63.12193,0
U265-H5-VS2-GGA20- Zn(II) 10-Cr(VI) 5-Ni(II) 10mg-L-19112024-Q=50.54mL-phút-1,U265-H5-VS2-17.11.2024,0,2,,263.57671,1247.0,200.0,63.57671,0
U265-H5-VS2-GGA20- Zn(II) 10-Cr(VI) 5-Ni(II) 10mg-L-19112024-Q=50.54mL-phút-1,U265-H5-VS2-17.11.2024,0,3,,260.90685,1719.0,185.6,75.30685,0
U265-H5-VS2-GGA20- Zn(II) 10-Cr(VI) 5-Ni(II) 10mg-L-19112024-Q=50.54mL-phút-1,U265-H5-VS2-17.11.2024,0,4,,257.89655,2193.0,191.0,66.89655,0
U265-H5-VS2-GGA20- Zn(II) 10-Cr(VI) 5-Ni(II) 10mg-L-19112024-Q=50.54mL-phút-1,U265-H5-VS2-17.11.2024,0,5,,260.18621,2667.0,186.4,73.78621,0
U265-H5-VS2-GGA20- Zn(II) 10-Cr(VI) 5-Ni(II) 10mg-L-19112024-Q=50.54mL-phút-1,U265-H5-VS2-17.11.2024,0,6,,256.23934,3140.0,182.1,74.13934,0
U265-H5-VS2-GGA20- Zn(II) 10-Cr(VI) 5-Ni(II) 10mg-L-19112024-Q=50.54mL-phút-1,U265-H5-VS2-17.11.2024,0,7,GGA20-Zn10-Cr5-Ni10,263.84746,3612.0,203.89999,59.94747,1
U265-H5-VS2-GGA20- Zn(II) 10-Cr(VI) 5-Ni(II) 10mg-L-19112024-Q=50.54mL-phút-1,U265-H5-VS2-17.11.2024,0,8,,264.49492,4089.0,218.3,46.19492,1
U265-H5-VS2-GGA20- Zn(II) 10-Cr(VI) 5-Ni(II) 10mg-L-19112024-Q=50.54mL-phút-1,U265-H5-VS2-17.11.2024,0,9,,269.48644,4563.0,223.3,46.18644,1
U265-H5-VS2-GGA20- Zn(II) 10-Cr(VI) 5-Ni(II) 10mg-L-19112024-Q=50.54mL-phút-1,U265-H5-VS2-17.11.2024,0,10,,269.88793,5033.0,226.9,42.98793,2
U265-H5-VS2-GGA20- Zn(II) 10-Cr(VI) 5-Ni(II) 10mg-L-19112024-Q=50.54mL-phút-1,U265-H5-VS2-17.11.2024,0,11,,270.38448,5508.0,225.2,45.18448,2
U265-H5-VS2-GGA20- Zn(II) 10-Cr(VI) 5-Ni(II) 10mg-L-19112024-Q=50.54mL-phút-1,U265-H5-VS2-17.11.2024,0,12,,270.33621,5980.0,225.3,45.03621,2
U265-H5-VS2-GGA20- Zn(II) 15-Cr(VI) 10-Ni(II) 15mg-L-19112024-Q=50.42mL-phút-5,U265-H5-VS2-17.11.2024,1,0,GGA20,264.58965,301.0,214.5,50.08965,0
U265-H5-VS2-GGA20- Zn(II) 15-Cr(VI) 10-Ni(II) 15mg-L-19112024-Q=50.42mL-phút-5,U265-H5-VS2-17.11.2024,1,1,,260.98793,773.0,209.7,51.28793,0
U265-H5-VS2-GGA20- Zn(II) 15-Cr(VI) 10-Ni(II) 15mg-L-19112024-Q=50.42mL-phút-5,U265-H5-VS2-17.11.2024,1,2,,259.09483,1249.0,214.2,44.89483,0
U265-H5-VS2-GGA20- Zn(II) 15-Cr(VI) 10-Ni(II) 15mg-L-19112024-Q=50.42mL-phút-5,U265-H5-VS2-17.11.2024,1,3,,258.24483,1722.0,208.7,49.54483,0
U265-H5-VS2-GGA20- Zn(II) 15-Cr(VI) 10-Ni(II) 15mg-L-19112024-Q=50.42mL-phút-5,U265-H5-VS2-17.11.2024,1,4,,257.07069,2195.0,212.59999,44.4707,0
U265-H5-VS2-GGA20- Zn(II) 15-Cr(VI) 10-Ni(II) 15mg-L-19112024-Q=50.42mL-phút-5,U265-H5-VS2-17.11.2024,1,5,,258.10169,2670.0,209.4,48.70169,0
U265-H5-VS2-GGA20- Zn(II) 15-Cr(VI) 10-Ni(II) 15mg-L-19112024-Q=50.42mL-phút-5,U265-H5-VS2-17.11.2024,1,6,GGA20-Zn15-Cr10-Ni15,265.13448,3141.0,219.60001,45.53447,1
U265-H5-VS2-GGA20- Zn(II) 15-Cr(VI) 10-Ni(II) 15mg-L-19112024-Q=50.42mL-phút-5,U265-H5-VS2-17.11.2024,1,7,,268.7,3614.0,232.6,36.1,1
U265-H5-VS2-GGA20- Zn(II) 15-Cr(VI) 10-Ni(II) 15mg-L-19112024-Q=50.42mL-phút-5,U265-H5-VS2-17.11.2024,1,8,,268.0678,4089.0,234.50001,33.56779,1
U265-H5-VS2-GGA20- Zn(II) 15-Cr(VI) 10-Ni(II) 15mg-L-19112024-Q=50.42mL-phút-5,U265-H5-VS2-17.11.2024,1,9,,267.5069,4559.0,237.5,30.0069,1
U265-H5-VS2-GGA20- Zn(II) 15-Cr(VI) 10-Ni(II) 15mg-L-19112024-Q=50.42mL-phút-5,U265-H5-VS2-17.11.2024,1,10,,274.41552,5034.0,245.0,29.41552,1
U265-H5-VS2-GGA20- Zn(II) 15-Cr(VI) 10-Ni(II) 15mg-L-19112024-Q=50.42mL-phút-5,U265-H5-VS2-17.11.2024,1,11,,272.73448,5507.0,240.3,32.43448,1
U265-H5-VS2-GGA20- Zn(II) 15-Cr(VI) 10-Ni(II) 15mg-L-19112024-Q=50.42mL-phút-5,U265-H5-VS2-17.11.2024,1,12,,275.48667,5978.0,247.1,28.38667,2
U265-H5-VS2-GGA20- Zn(II) 15-Cr(VI) 10-Ni(II) 15mg-L-19112024-Q=50.42mL-phút-5,U265-H5-VS2-17.11.2024,1,13,,271.21277,6454.0,242.8,28.41277,2
U266-H6-VS2-GGA20- Zn(II) 10-Cr(VI) 5-Ni(II) 10mg-L-19112024-Q=50.48mL-phút-2,U266-H6-VS2-17.11.2024,0,0,GGA20,289.93051,301.0,250.49999,39.43052,0
U266-H6-VS2-GGA20- Zn(II) 10-Cr(VI) 5-Ni(II) 10mg-L-19112024-Q=50.48mL-phút-2,U266-H6-VS2-17.11.2024,0,1,,282.3661,776.0,244.20001,38.16609,0
U266-H6-VS2-GGA20- Zn(II) 10-Cr(VI) 5-Ni(II) 10mg-L-19112024-Q=50.48mL-phút-2,U266-H6-VS2-17.11.2024,0,2,,289.56207,1254.0,249.50001,40.06206,0
U266-H6-VS2-GGA20- Zn(II) 10-Cr(VI) 5-Ni(II) 10mg-L-19112024-Q=50.48mL-phút-2,U266-H6-VS2-17.11.2024,0,3,,283.92758,1723.0,243.8,40.12758,0
U266-H6-VS2-GGA20- Zn(II) 10-Cr(VI) 5-Ni(II) 10mg-L-19112024-Q=50.48mL-phút-2,U266-H6-VS2-17.11.2024,0,4,,286.94311,2199.0,249.3,37.64311,0
U266-H6-VS2-GGA20- Zn(II) 10-Cr(VI) 5-Ni(II) 10mg-L-19112024-Q=50.48mL-phút-2,U266-H6-VS2-17.11.2024,0,5,,288.56271,2671.0,246.09999,42.46272,0
U266-H6-VS2-GGA20- Zn(II) 10-Cr(VI) 5-Ni(II) 10mg-L-19112024-Q=50.48mL-phút-2,U266-H6-VS2-17.11.2024,0,6,,284.51,3148.0,245.0,39.51,0
U266-H6-VS2-GGA20- Zn(II) 10-Cr(VI) 5-Ni(II) 10mg-L-19112024-Q=50.48mL-phút-2,U266-H6-VS2-17.11.2024,0,7,GGA20-Zn10-Cr5-Ni10,283.65862,3616.0,247.4,36.25862,1
U266-H6-VS2-GGA20- Zn(II) 10-Cr(VI) 5-Ni(II) 10mg-L-19112024-Q=50.48mL-phút-2,U266-H6-VS2-17.11.2024,0,8,,281.86552,4090.0,249.59999,32.26553,1
U266-H6-VS2-GGA20- Zn(II) 10-Cr(VI) 5-Ni(II) 10mg-L-19112024-Q=50.48mL-phút-2,U266-H6-VS2-17.11.2024,0,9,,288.02881,4570.0,257.99999,30.02882,1
U266-H6-VS2-GGA20- Zn(II) 10-Cr(VI) 5-Ni(II) 10mg-L-19112024-Q=50.48mL-phút-2,U266-H6-VS2-17.11.2024,0,10,,285.39138,5039.0,257.29999,28.09139,2
U266-H6-VS2-GGA20- Zn(II) 10-Cr(VI) 5-Ni(II) 10mg-L-19112024-Q=50.48mL-phút-2,U266-H6-VS2-17.11.2024,0,11,,285.28965,5517.0,257.40001,27.88964,2
U266-H6-VS2-GGA20- Zn(II) 10-Cr(VI) 5-Ni(II) 10mg-L-19112024-Q=50.48mL-phút-2,U266-H6-VS2-17.11.2024,0,12,,287.07759,5987.0,260.6,26.47759,2
U266-H6-VS2-GGA20- Zn(II) 15-Cr(VI) 10-Ni(II) 15mg-L-19112024-Q=50.42mL-phút-6,U266-H6-VS2-17.11.2024,1,0,GGA20,285.25172,301.0,251.70001,33.55171,0
U266-H6-VS2-GGA20- Zn(II) 15-Cr(VI) 10-Ni(II) 15mg-L-19112024-Q=50.42mL-phút-6,U266-H6-VS2-17.11.2024,1,1,,284.46379,775.0,250.49999,33.9638,0
U266-H6-VS2-GGA20- Zn(II) 15-Cr(VI) 10-Ni(II) 15mg-L-19112024-Q=50.42mL-phút-6,U266-H6-VS2-17.11.2024,1,2,,281.00833,1249.0,249.1,31.90833,0
U266-H6-VS2-GGA20- Zn(II) 15-Cr(VI) 10-Ni(II) 15mg-L-19112024-Q=50.42mL-phút-6,U266-H6-VS2-17.11.2024,1,3,,279.82667,1722.0,246.09999,33.72668,0
U266-H6-VS2-GGA20- Zn(II) 15-Cr(VI) 10-Ni(II) 15mg-L-19112024-Q=50.42mL-phút-6,U266-H6-VS2-17.11.2024,1,4,,283.94267,2197.0,251.50001,32.44266,0
U266-H6-VS2-GGA20- Zn(II) 15-Cr(VI) 10-Ni(II) 15mg-L-19112024-Q=50.42mL-phút-6,U266-H6-VS2-17.11.2024,1,5,,281.16351,2670.0,249.4,31.76351,0
U266-H6-VS2-GGA20- Zn(II) 15-Cr(VI) 10-Ni(II) 15mg-L-19112024-Q=50.42mL-phút-6,U266-H6-VS2-17.11.2024,1,6,GGA20-Zn15-Cr10-Ni15,283.65405,3144.0,250.29999,33.35406,1
U266-H6-VS2-GGA20- Zn(II) 15-Cr(VI) 10-Ni(II) 15mg-L-19112024-Q=50.42mL-phút-6,U266-H6-VS2-17.11.2024,1,7,,282.79054,3618.0,256.50001,26.29053,1
U266-H6-VS2-GGA20- Zn(II) 15-Cr(VI) 10-Ni(II) 15mg-L-19112024-Q=50.42mL-phút-6,U266-H6-VS2-17.11.2024,1,8,,282.54865,4094.0,259.9,22.64865,1
U266-H6-VS2-GGA20- Zn(II) 15-Cr(VI) 10-Ni(II) 15mg-L-19112024-Q=50.42mL-phút-6,U266-H6-VS2-17.11.2024,1,9,,281.21867,4566.0,258.89999,22.31868,1
U266-H6-VS2-GGA20- Zn(II) 15-Cr(VI) 10-Ni(II) 15mg-L-19112024-Q=50.42mL-phút-6,U266-H6-VS2-17.11.2024,1,10,,289.22533,5038.0,264.9,24.32533,1
U266-H6-VS2-GGA20- Zn(II) 15-Cr(VI) 10-Ni(II) 15mg-L-19112024-Q=50.42mL-phút-6,U266-H6-VS2-17.11.2024,1,11,,285.03784,5511.0,262.49999,22.53785,1
U266-H6-VS2-GGA20- Zn(II) 15-Cr(VI) 10-Ni(II) 15mg-L-19112024-Q=50.42mL-phút-6,U266-H6-VS2-17.11.2024,1,12,,288.33026,5985.0,267.50001,20.83025,2
U266-H6-VS2-GGA20- Zn(II) 15-Cr(VI) 10-Ni(II) 15mg-L-19112024-Q=50.42mL-phút-6,U266-H6-VS2-17.11.2024,1,13,,283.97162,6460.0,264.60001,19.37161,2
U266-H6-VS2-GGA20- Zn(II) 15-Cr(VI) 10-Ni(II) 15mg-L-19112024-Q=50.42mL-phút-6,U266-H6-VS2-17.11.2024,1,14,,281.3527,6931.0,260.89999,20.45271,2
U267-H5-VS2-GGA15- Zn(II) 10-Cr(VI) 15-Ni(II) 5mg-L-20112024-Q=50.56mL-phút-1,U267-H5-VS2-18.11.2024,0,0,GGA15,245.74615,301.0,163.20001,82.54614,0
U267-H5-VS2-GGA15- Zn(II) 10-Cr(VI) 15-Ni(II) 5mg-L-20112024-Q=50.56mL-phút-1,U267-H5-VS2-18.11.2024,0,1,,246.07059,775.0,168.2,77.87059,0
U267-H5-VS2-GGA15- Zn(II) 10-Cr(VI) 15-Ni(II) 5mg-L-20112024-Q=50.56mL-phút-1,U267-H5-VS2-18.11.2024,0,2,,244.28269,1248.0,164.29999,79.9827,0
U267-H5-VS2-GGA15- Zn(II) 10-Cr(VI) 15-Ni(II) 5mg-L-20112024-Q=50.56mL-phút-1,U267-H5-VS2-18.11.2024,0,3,,240.99216,1720.0,154.0,86.99216,0
U267-H5-VS2-GGA15- Zn(II) 10-Cr(VI) 15-Ni(II) 5mg-L-20112024-Q=50.56mL-phút-1,U267-H5-VS2-18.11.2024,0,4,,238.34808,2193.0,155.6,82.74808,0
U267-H5-VS2-GGA15- Zn(II) 10-Cr(VI) 15-Ni(II) 5mg-L-20112024-Q=50.56mL-phút-1,U267-H5-VS2-18.11.2024,0,5,,245.30784,2667.0,157.3,88.00784,0
U267-H5-VS2-GGA15- Zn(II) 10-Cr(VI) 15-Ni(II) 5mg-L-20112024-Q=50.56mL-phút-1,U267-H5-VS2-18.11.2024,0,6,,236.97547,3140.0,149.6,87.37547,0
U267-H5-VS2-GGA15- Zn(II) 10-Cr(VI) 15-Ni(II) 5mg-L-20112024-Q=50.56mL-phút-1,U267-H5-VS2-18.11.2024,0,7,GGA15-Zn10-Cr15-Ni5,252.27255,3619.0,189.9,62.37255,1
U267-H5-VS2-GGA15- Zn(II) 10-Cr(VI) 15-Ni(II) 5mg-L-20112024-Q=50.56mL-phút-1,U267-H5-VS2-18.11.2024,0,8,,253.62692,4093.0,206.7,46.92692,1
U267-H5-VS2-GGA15- Zn(II) 10-Cr(VI) 15-Ni(II) 5mg-L-20112024-Q=50.56mL-phút-1,U267-H5-VS2-18.11.2024,0,9,,257.62308,4565.0,212.0,45.62308,1
U267-H5-VS2-GGA15- Zn(II) 10-Cr(VI) 15-Ni(II) 5mg-L-20112024-Q=50.56mL-phút-1,U267-H5-VS2-18.11.2024,0,10,,262.66274,5039.0,223.0,39.66274,1
U267-H5-VS2-GGA15- Zn(II) 10-Cr(VI) 15-Ni(II) 5mg-L-20112024-Q=50.56mL-phút-1,U267-H5-VS2-18.11.2024,0,11,,262.27843,5513.0,227.3,34.97843,2
U267-H5-VS2-GGA15- Zn(II) 10-Cr(VI) 15-Ni(II) 5mg-L-20112024-Q=50.56mL-phút-1,U267-H5-VS2-18.11.2024,0,12,,260.39423,5985.0,223.0,37.39423,2
U267-H5-VS2-GGA15- Zn(II) 10-Cr(VI) 15-Ni(II) 5mg-L-20112024-Q=50.56mL-phút-1,U267-H5-VS2-18.11.2024,0,13,,259.69412,6461.0,226.2,33.49412,2
U267-H5-VS2-GGA20- Zn(II) 15-Cr(VI) 15-Ni(II) 5mg-L-20112024-Q=50.04mL-phút-1,U267-H5-VS2-18.11.2024,1,0,GGA20,273.09039,301.0,213.49999,59.5904,0
U267-H5-VS2-GGA20- Zn(II) 15-Cr(VI) 15-Ni(II) 5mg-L-20112024-Q=50.04mL-phút-1,U267-H5-VS2-18.11.2024,1,1,,277.97255,775.0,217.4,60.57255,0
U267-H5-VS2-GGA20- Zn(II) 15-Cr(VI) 15-Ni(II) 5mg-L-20112024-Q=50.04mL-phút-1,U267-H5-VS2-18.11.2024,1,2,,273.67358,1249.0,213.9,59.77358,0
U267-H5-VS2-GGA20- Zn(II) 15-Cr(VI) 15-Ni(II) 5mg-L-20112024-Q=50.04mL-phút-1,U267-H5-VS2-18.11.2024,1,3,,269.60164,1723.0,214.39999,55.20165,0
U267-H5-VS2-GGA20- Zn(II) 15-Cr(VI) 15-Ni(II) 5mg-L-20112024-Q=50.04mL-phút-1,U267-H5-VS2-18.11.2024,1,4,,276.66721,2196.0,210.3,66.36721,0
U267-H5-VS2-GGA20- Zn(II) 15-Cr(VI) 15-Ni(II) 5mg-L-20112024-Q=50.04mL-phút-1,U267-H5-VS2-18.11.2024,1,5,,272.6,2670.0,210.89999,61.70001,0
U267-H5-VS2-GGA20- Zn(II) 15-Cr(VI) 15-Ni(II) 5mg-L-20112024-Q=50.04mL-phút-1,U267-H5-VS2-18.11.2024,1,6,GGA20-Zn15-Cr15-Ni5,277.07419,3144.0,225.4,51.67419,1
U267-H5-VS2-GGA20- Zn(II) 15-Cr(VI) 15-Ni(II) 5mg-L-20112024-Q=50.04mL-phút-1,U267-H5-VS2-18.11.2024,1,7,,281.39672,3616.0,237.9,43.49672,1
U267-H5-VS2-GGA20- Zn(II) 15-Cr(VI) 15-Ni(II) 5mg-L-20112024-Q=50.04mL-phút-1,U267-H5-VS2-18.11.2024,1,8,,284.53548,4089.0,241.2,43.33548,1
U267-H5-VS2-GGA20- Zn(II) 15-Cr(VI) 15-Ni(II) 5mg-L-20112024-Q=50.04mL-phút-1,U267-H5-VS2-18.11.2024,1,9,,282.4459,4563.0,241.69999,40.74591,1
U267-H5-VS2-GGA20- Zn(II) 15-Cr(VI) 15-Ni(II) 5mg-L-20112024-Q=50.04mL-phút-1,U267-H5-VS2-18.11.2024,1,10,,281.77213,5036.0,240.70001,41.07212,1
U267-H5-VS2-GGA20- Zn(II) 15-Cr(VI) 15-Ni(II) 5mg-L-20112024-Q=50.04mL-phút-1,U267-H5-VS2-18.11.2024,1,11,,275.72097,5511.0,233.9,41.82097,1
U267-H5-VS2-GGA20- Zn(II) 15-Cr(VI) 15-Ni(II) 5mg-L-20112024-Q=50.04mL-phút-1,U267-H5-VS2-18.11.2024,1,12,,272.51129,5982.0,234.69999,37.8113,2
U267-H5-VS2-GGA20- Zn(II) 15-Cr(VI) 15-Ni(II) 5mg-L-20112024-Q=50.04mL-phút-1,U267-H5-VS2-18.11.2024,1,13,,268.76349,6456.0,231.6,37.16349,2
U268-H6-VS2-GGA15- Zn(II) 10-Cr(VI) 15-Ni(II) 5mg-L-20112024-Q=50.68mL-phút-2,U268-H6-VS2-18.11.2024,0,0,GGA15,280.65294,301.0,229.5,51.15294,0
U268-H6-VS2-GGA15- Zn(II) 10-Cr(VI) 15-Ni(II) 5mg-L-20112024-Q=50.68mL-phút-2,U268-H6-VS2-18.11.2024,0,1,,277.67885,777.0,229.1,48.57885,0
U268-H6-VS2-GGA15- Zn(II) 10-Cr(VI) 15-Ni(II) 5mg-L-20112024-Q=50.68mL-phút-2,U268-H6-VS2-18.11.2024,0,2,,276.45098,1251.0,224.2,52.25098,0
U268-H6-VS2-GGA15- Zn(II) 10-Cr(VI) 15-Ni(II) 5mg-L-20112024-Q=50.68mL-phút-2,U268-H6-VS2-18.11.2024,0,3,,274.74314,1718.0,226.79999,47.94315,0
U268-H6-VS2-GGA15- Zn(II) 10-Cr(VI) 15-Ni(II) 5mg-L-20112024-Q=50.68mL-phút-2,U268-H6-VS2-18.11.2024,0,4,,279.10196,2196.0,227.4,51.70196,0
U268-H6-VS2-GGA15- Zn(II) 10-Cr(VI) 15-Ni(II) 5mg-L-20112024-Q=50.68mL-phút-2,U268-H6-VS2-18.11.2024,0,5,,275.13077,2667.0,223.3,51.83077,0
U268-H6-VS2-GGA15- Zn(II) 10-Cr(VI) 15-Ni(II) 5mg-L-20112024-Q=50.68mL-phút-2,U268-H6-VS2-18.11.2024,0,6,,272.07736,3142.0,221.9,50.17736,0
U268-H6-VS2-GGA15- Zn(II) 10-Cr(VI) 15-Ni(II) 5mg-L-20112024-Q=50.68mL-phút-2,U268-H6-VS2-18.11.2024,0,7,,282.0,3614.0,240.6,41.4,1
U268-H6-VS2-GGA15- Zn(II) 10-Cr(VI) 15-Ni(II) 5mg-L-20112024-Q=50.68mL-phút-2,U268-H6-VS2-18.11.2024,0,8,GGA15-Zn10-Cr15-Ni5,280.21569,4089.0,253.50001,26.71568,1
U268-H6-VS2-GGA15- Zn(II) 10-Cr(VI) 15-Ni(II) 5mg-L-20112024-Q=50.68mL-phút-2,U268-H6-VS2-18.11.2024,0,9,,281.12745,4562.0,257.29999,23.82746,1
U268-H6-VS2-GGA15- Zn(II) 10-Cr(VI) 15-Ni(II) 5mg-L-20112024-Q=50.68mL-phút-2,U268-H6-VS2-18.11.2024,0,10,,286.74808,5033.0,263.00001,23.74807,1
U268-H6-VS2-GGA15- Zn(II) 10-Cr(VI) 15-Ni(II) 5mg-L-20112024-Q=50.68mL-phút-2,U268-H6-VS2-18.11.2024,0,11,,285.83269,5508.0,260.89999,24.9327,1
U268-H6-VS2-GGA15- Zn(II) 10-Cr(VI) 15-Ni(II) 5mg-L-20112024-Q=50.68mL-phút-2,U268-H6-VS2-18.11.2024,0,12,,280.23529,5978.0,260.89999,19.3353,2
U268-H6-VS2-GGA15- Zn(II) 10-Cr(VI) 15-Ni(II) 5mg-L-20112024-Q=50.68mL-phút-2,U268-H6-VS2-18.11.2024,0,13,,282.81961,6456.0,264.29999,18.51962,2
U268-H6-VS2-GGA20- Zn(II) 15-Cr(VI) 15-Ni(II) 5mg-L-20112024-Q=50.44mL-phút-2,U268-H6-VS2-18.11.2024,1,0,GGA20,283.18235,301.0,253.8,29.38235,0
U268-H6-VS2-GGA20- Zn(II) 15-Cr(VI) 15-Ni(II) 5mg-L-20112024-Q=50.44mL-phút-2,U268-H6-VS2-18.11.2024,1,1,,286.52745,773.0,255.4,31.12745,0
U268-H6-VS2-GGA20- Zn(II) 15-Cr(VI) 15-Ni(II) 5mg-L-20112024-Q=50.44mL-phút-2,U268-H6-VS2-18.11.2024,1,2,,282.01296,1249.0,252.20001,29.81295,0
U268-H6-VS2-GGA20- Zn(II) 15-Cr(VI) 15-Ni(II) 5mg-L-20112024-Q=50.44mL-phút-2,U268-H6-VS2-18.11.2024,1,3,,278.93269,1726.0,248.69999,30.2327,0
U268-H6-VS2-GGA20- Zn(II) 15-Cr(VI) 15-Ni(II) 5mg-L-20112024-Q=50.44mL-phút-2,U268-H6-VS2-18.11.2024,1,4,,284.89615,2203.0,254.40001,30.49614,0
U268-H6-VS2-GGA20- Zn(II) 15-Cr(VI) 15-Ni(II) 5mg-L-20112024-Q=50.44mL-phút-2,U268-H6-VS2-18.11.2024,1,5,,280.46079,2669.0,248.1,32.36079,0
U268-H6-VS2-GGA20- Zn(II) 15-Cr(VI) 15-Ni(II) 5mg-L-20112024-Q=50.44mL-phút-2,U268-H6-VS2-18.11.2024,1,6,GGA20-Zn15-Cr15-Ni5,287.05769,3140.0,261.3,25.75769,1
U268-H6-VS2-GGA20- Zn(II) 15-Cr(VI) 15-Ni(II) 5mg-L-20112024-Q=50.44mL-phút-2,U268-H6-VS2-18.11.2024,1,7,,285.43529,3616.0,261.00001,24.43528,1
U268-H6-VS2-GGA20- Zn(II) 15-Cr(VI) 15-Ni(II) 5mg-L-20112024-Q=50.44mL-phút-2,U268-H6-VS2-18.11.2024,1,8,,282.21961,4085.0,259.7,22.51961,1
U268-H6-VS2-GGA20- Zn(II) 15-Cr(VI) 15-Ni(II) 5mg-L-20112024-Q=50.44mL-phút-2,U268-H6-VS2-18.11.2024,1,9,,281.51177,4563.0,261.79999,19.71178,1
U268-H6-VS2-GGA20- Zn(II) 15-Cr(VI) 15-Ni(II) 5mg-L-20112024-Q=50.44mL-phút-2,U268-H6-VS2-18.11.2024,1,10,,279.80189,5034.0,258.1,21.70189,1
U268-H6-VS2-GGA20- Zn(II) 15-Cr(VI) 15-Ni(II) 5mg-L-20112024-Q=50.44mL-phút-2,U268-H6-VS2-18.11.2024,1,11,,272.92195,5506.0,255.10001,17.82194,2
U268-H6-VS2-GGA20- Zn(II) 15-Cr(VI) 15-Ni(II) 5mg-L-20112024-Q=50.44mL-phút-2,U268-H6-VS2-18.11.2024,1,12,,270.70244,5981.0,253.4,17.30244,2
U268-H6-VS2-GGA20- Zn(II) 15-Cr(VI) 15-Ni(II) 5mg-L-20112024-Q=50.44mL-phút-2,U268-H6-VS2-18.11.2024,1,13,,268.37273,6455.0,250.60001,17.77272,2
U269-H5-VS2-GGA20- Zn(II) 10-Cr(VI) 5-Ni(II) 10 mg-L-21112024-Q=50.4mL-phút-3,U269-H5-VS2-19.11.2024,0,0,GGA20,280.36667,301.0,148.9,131.46667,0
U269-H5-VS2-GGA20- Zn(II) 10-Cr(VI) 5-Ni(II) 10 mg-L-21112024-Q=50.4mL-phút-3,U269-H5-VS2-19.11.2024,0,1,,281.28649,775.0,163.29999,117.9865,0
U269-H5-VS2-GGA20- Zn(II) 10-Cr(VI) 5-Ni(II) 10 mg-L-21112024-Q=50.4mL-phút-3,U269-H5-VS2-19.11.2024,0,2,,281.22361,1245.0,152.70001,128.5236,0
U269-H5-VS2-GGA20- Zn(II) 10-Cr(VI) 5-Ni(II) 10 mg-L-21112024-Q=50.4mL-phút-3,U269-H5-VS2-19.11.2024,0,3,,280.68788,1724.0,161.1,119.58788,0
U269-H5-VS2-GGA20- Zn(II) 10-Cr(VI) 5-Ni(II) 10 mg-L-21112024-Q=50.4mL-phút-3,U269-H5-VS2-19.11.2024,0,4,,276.65606,2195.0,151.4,125.25606,0
U269-H5-VS2-GGA20- Zn(II) 10-Cr(VI) 5-Ni(II) 10 mg-L-21112024-Q=50.4mL-phút-3,U269-H5-VS2-19.11.2024,0,5,,271.56667,2669.0,152.0,119.56667,0
U269-H5-VS2-GGA20- Zn(II) 10-Cr(VI) 5-Ni(II) 10 mg-L-21112024-Q=50.4mL-phút-3,U269-H5-VS2-19.11.2024,0,6,,287.94091,3142.0,190.1,97.84091,1
U269-H5-VS2-GGA20- Zn(II) 10-Cr(VI) 5-Ni(II) 10 mg-L-21112024-Q=50.4mL-phút-3,U269-H5-VS2-19.11.2024,0,7,,289.47121,3615.0,212.2,77.27121,1
U269-H5-VS2-GGA20- Zn(II) 10-Cr(VI) 5-Ni(II) 10 mg-L-21112024-Q=50.4mL-phút-3,U269-H5-VS2-19.11.2024,0,8,GGA20-Zn10-Cr5-Ni10,289.68939,4088.0,222.39999,67.2894,1
U269-H5-VS2-GGA20- Zn(II) 10-Cr(VI) 5-Ni(II) 10 mg-L-21112024-Q=50.4mL-phút-3,U269-H5-VS2-19.11.2024,0,9,,294.08485,4564.0,229.30001,64.78484,1
U269-H5-VS2-GGA20- Zn(II) 10-Cr(VI) 5-Ni(II) 10 mg-L-21112024-Q=50.4mL-phút-3,U269-H5-VS2-19.11.2024,0,10,,294.60735,5035.0,235.0,59.60735,1
U269-H5-VS2-GGA20- Zn(II) 10-Cr(VI) 5-Ni(II) 10 mg-L-21112024-Q=50.4mL-phút-3,U269-H5-VS2-19.11.2024,0,11,,291.98636,5509.0,234.50001,57.48635,1
U269-H5-VS2-GGA20- Zn(II) 10-Cr(VI) 5-Ni(II) 10 mg-L-21112024-Q=50.4mL-phút-3,U269-H5-VS2-19.11.2024,0,12,,294.46364,5981.0,234.2,60.26364,1
U269-H5-VS2-GGA20- Zn(II) 10-Cr(VI) 5-Ni(II) 10 mg-L-21112024-Q=50.4mL-phút-3,U269-H5-VS2-19.11.2024,0,13,,295.54091,6455.0,240.70001,54.8409,2
U269-H5-VS2-GGA20- Zn(II) 10-Cr(VI) 5-Ni(II) 10 mg-L-21112024-Q=50.4mL-phút-3,U269-H5-VS2-19.11.2024,0,14,,291.21667,6930.0,236.30001,54.91666,2
U269-H5-VS2-GGA15- Zn(II) 15-Cr(VI) 15-Ni(II) 5mg-L-21112024-Q=50.36mL-phút-1,U269-H5-VS2-19.11.2024,1,0,GGA15,284.01493,301.0,215.9,68.11493,0
U269-H5-VS2-GGA15- Zn(II) 15-Cr(VI) 15-Ni(II) 5mg-L-21112024-Q=50.36mL-phút-1,U269-H5-VS2-19.11.2024,1,1,,273.79394,775.0,211.79999,61.99395,0
U269-H5-VS2-GGA15- Zn(II) 15-Cr(VI) 15-Ni(II) 5mg-L-21112024-Q=50.36mL-phút-1,U269-H5-VS2-19.11.2024,1,2,,282.27273,1254.0,210.4,71.87273,0
U269-H5-VS2-GGA15- Zn(II) 15-Cr(VI) 15-Ni(II) 5mg-L-21112024-Q=50.36mL-phút-1,U269-H5-VS2-19.11.2024,1,3,,278.54559,1727.0,206.8,71.74559,0
U269-H5-VS2-GGA15- Zn(II) 15-Cr(VI) 15-Ni(II) 5mg-L-21112024-Q=50.36mL-phút-1,U269-H5-VS2-19.11.2024,1,4,,282.40633,2201.0,208.7,73.70633,0
U269-H5-VS2-GGA15- Zn(II) 15-Cr(VI) 15-Ni(II) 5mg-L-21112024-Q=50.36mL-phút-1,U269-H5-VS2-19.11.2024,1,5,,280.18355,2673.0,206.9,73.28355,0
U269-H5-VS2-GGA15- Zn(II) 15-Cr(VI) 15-Ni(II) 5mg-L-21112024-Q=50.36mL-phút-1,U269-H5-VS2-19.11.2024,1,6,GGA15-Zn15-Cr15-Ni5,306.515,3152.0,266.20001,40.31499,1
U269-H5-VS2-GGA15- Zn(II) 15-Cr(VI) 15-Ni(II) 5mg-L-21112024-Q=50.36mL-phút-1,U269-H5-VS2-19.11.2024,1,7,,301.32625,3630.0,262.80001,38.52624,1
U269-H5-VS2-GGA15- Zn(II) 15-Cr(VI) 15-Ni(II) 5mg-L-21112024-Q=50.36mL-phút-1,U269-H5-VS2-19.11.2024,1,8,,301.47089,4100.0,265.19999,36.2709,1
U269-H5-VS2-GGA15- Zn(II) 15-Cr(VI) 15-Ni(II) 5mg-L-21112024-Q=50.36mL-phút-1,U269-H5-VS2-19.11.2024,1,9,,306.10125,4573.0,270.70001,35.40124,1
U269-H5-VS2-GGA15- Zn(II) 15-Cr(VI) 15-Ni(II) 5mg-L-21112024-Q=50.36mL-phút-1,U269-H5-VS2-19.11.2024,1,10,,306.25317,5046.0,269.89999,36.35318,1
U269-H5-VS2-GGA15- Zn(II) 15-Cr(VI) 15-Ni(II) 5mg-L-21112024-Q=50.36mL-phút-1,U269-H5-VS2-19.11.2024,1,11,,303.2925,5522.0,272.50001,30.79249,2
U269-H5-VS2-GGA15- Zn(II) 15-Cr(VI) 15-Ni(II) 5mg-L-21112024-Q=50.36mL-phút-1,U269-H5-VS2-19.11.2024,1,12,,309.92839,5994.0,279.00001,30.92838,2
U270-H6-VS2-GGA20- Zn(II) 10-Cr(VI) 5-Ni(II) 10 mg-L-21112024-Q=50.2mL-phút-4,U270-H6-VS2-19.11.2024,0,0,GGA20,282.64666,301.0,192.39999,90.24667,0
U270-H6-VS2-GGA20- Zn(II) 10-Cr(VI) 5-Ni(II) 10 mg-L-21112024-Q=50.2mL-phút-4,U270-H6-VS2-19.11.2024,0,1,,275.93867,773.0,187.99999,87.93868,0
U270-H6-VS2-GGA20- Zn(II) 10-Cr(VI) 5-Ni(II) 10 mg-L-21112024-Q=50.2mL-phút-4,U270-H6-VS2-19.11.2024,0,2,,280.68266,1246.0,188.1,92.58266,0
U270-H6-VS2-GGA20- Zn(II) 10-Cr(VI) 5-Ni(II) 10 mg-L-21112024-Q=50.2mL-phút-4,U270-H6-VS2-19.11.2024,0,3,,276.38,1721.0,186.9,89.48,0
U270-H6-VS2-GGA20- Zn(II) 10-Cr(VI) 5-Ni(II) 10 mg-L-21112024-Q=50.2mL-phút-4,U270-H6-VS2-19.11.2024,0,4,,280.11067,2194.0,188.89999,91.21068,0
U270-H6-VS2-GGA20- Zn(II) 10-Cr(VI) 5-Ni(II) 10 mg-L-21112024-Q=50.2mL-phút-4,U270-H6-VS2-19.11.2024,0,5,,276.23766,2665.0,181.70001,94.53765,0
U270-H6-VS2-GGA20- Zn(II) 10-Cr(VI) 5-Ni(II) 10 mg-L-21112024-Q=50.2mL-phút-4,U270-H6-VS2-19.11.2024,0,6,,277.70667,3141.0,186.6,91.10667,0
U270-H6-VS2-GGA20- Zn(II) 10-Cr(VI) 5-Ni(II) 10 mg-L-21112024-Q=50.2mL-phút-4,U270-H6-VS2-19.11.2024,0,7,GGA20-Zn10-Cr5-Ni10,285.34,3614.0,207.1,78.24,1
U270-H6-VS2-GGA20- Zn(II) 10-Cr(VI) 5-Ni(II) 10 mg-L-21112024-Q=50.2mL-phút-4,U270-H6-VS2-19.11.2024,0,8,,284.28,4089.0,227.7,56.58,1
U270-H6-VS2-GGA20- Zn(II) 10-Cr(VI) 5-Ni(II) 10 mg-L-21112024-Q=50.2mL-phút-4,U270-H6-VS2-19.11.2024,0,9,,285.19333,4561.0,234.0,51.19333,1
U270-H6-VS2-GGA20- Zn(II) 10-Cr(VI) 5-Ni(II) 10 mg-L-21112024-Q=50.2mL-phút-4,U270-H6-VS2-19.11.2024,0,10,,289.82667,5038.0,244.8,45.02667,1
U270-H6-VS2-GGA20- Zn(II) 10-Cr(VI) 5-Ni(II) 10 mg-L-21112024-Q=50.2mL-phút-4,U270-H6-VS2-19.11.2024,0,11,,287.7,5509.0,240.70001,46.99999,1
U270-H6-VS2-GGA20- Zn(II) 10-Cr(VI) 5-Ni(II) 10 mg-L-21112024-Q=50.2mL-phút-4,U270-H6-VS2-19.11.2024,0,12,,283.148,5981.0,241.1,42.048,1
U270-H6-VS2-GGA20- Zn(II) 10-Cr(VI) 5-Ni(II) 10 mg-L-21112024-Q=50.2mL-phút-4,U270-H6-VS2-19.11.2024,0,13,,284.37467,6458.0,245.0,39.37467,2
U270-H6-VS2-GGA20- Zn(II) 10-Cr(VI) 5-Ni(II) 10 mg-L-21112024-Q=50.2mL-phút-4,U270-H6-VS2-19.11.2024,0,14,,283.57067,6929.0,245.10001,38.47066,2
U270-H6-VS2-GGA20- Zn(II) 10-Cr(VI) 5-Ni(II) 10 mg-L-21112024-Q=50.2mL-phút-4,U270-H6-VS2-19.11.2024,0,15,,280.12987,7402.0,242.1,38.02987,2
U270-H6-VS2-GGA15- Zn(II) 15-Cr(VI) 15-Ni(II) 5mg-L-21112024-Q=50.5mL-phút-2,U270-H6-VS2-19.11.2024,1,0,GGA15,277.63333,301.0,218.5,59.13333,0
U270-H6-VS2-GGA15- Zn(II) 15-Cr(VI) 15-Ni(II) 5mg-L-21112024-Q=50.5mL-phút-2,U270-H6-VS2-19.11.2024,1,1,,274.64474,776.0,217.09999,57.54475,0
U270-H6-VS2-GGA15- Zn(II) 15-Cr(VI) 15-Ni(II) 5mg-L-21112024-Q=50.5mL-phút-2,U270-H6-VS2-19.11.2024,1,2,,273.08441,1246.0,217.7,55.38441,0
U270-H6-VS2-GGA15- Zn(II) 15-Cr(VI) 15-Ni(II) 5mg-L-21112024-Q=50.5mL-phút-2,U270-H6-VS2-19.11.2024,1,3,,276.17733,1723.0,215.29999,60.87734,0
U270-H6-VS2-GGA15- Zn(II) 15-Cr(VI) 15-Ni(II) 5mg-L-21112024-Q=50.5mL-phút-2,U270-H6-VS2-19.11.2024,1,4,,273.13467,2196.0,214.5,58.63467,0
U270-H6-VS2-GGA15- Zn(II) 15-Cr(VI) 15-Ni(II) 5mg-L-21112024-Q=50.5mL-phút-2,U270-H6-VS2-19.11.2024,1,5,GGA15-Zn15-Cr15-Ni5,278.86316,2668.0,232.3,46.56316,1
U270-H6-VS2-GGA15- Zn(II) 15-Cr(VI) 15-Ni(II) 5mg-L-21112024-Q=50.5mL-phút-2,U270-H6-VS2-19.11.2024,1,6,,285.352,3140.0,243.6,41.752,1
U270-H6-VS2-GGA15- Zn(II) 15-Cr(VI) 15-Ni(II) 5mg-L-21112024-Q=50.5mL-phút-2,U270-H6-VS2-19.11.2024,1,7,,281.54,3615.0,246.90001,34.63999,1
U270-H6-VS2-GGA15- Zn(II) 15-Cr(VI) 15-Ni(II) 5mg-L-21112024-Q=50.5mL-phút-2,U270-H6-VS2-19.11.2024,1,8,,282.02133,4087.0,248.2,33.82133,1
U270-H6-VS2-GGA15- Zn(II) 15-Cr(VI) 15-Ni(II) 5mg-L-21112024-Q=50.5mL-phút-2,U270-H6-VS2-19.11.2024,1,9,,288.05867,4563.0,252.79999,35.25868,1
U270-H6-VS2-GGA15- Zn(II) 15-Cr(VI) 15-Ni(II) 5mg-L-21112024-Q=50.5mL-phút-2,U270-H6-VS2-19.11.2024,1,10,,289.0171,5035.0,254.79999,34.21711,1
U270-H6-VS2-GGA15- Zn(II) 15-Cr(VI) 15-Ni(II) 5mg-L-21112024-Q=50.5mL-phút-2,U270-H6-VS2-19.11.2024,1,11,,285.00933,5509.0,253.50001,31.50932,2
U270-H6-VS2-GGA15- Zn(II) 15-Cr(VI) 15-Ni(II) 5mg-L-21112024-Q=50.5mL-phút-2,U270-H6-VS2-19.11.2024,1,12,,289.27013,5981.0,257.49999,31.77014,2
U271-H5-VS2-GGA15- Zn(II) 10-Cr(VI) 5-Ni(II) 15 mg-L-22112024-Q=50.09 mL-phút-1,U271-H5-VS2-20.11.2024,0,0,GGA15,284.54444,301.0,201.7,82.84444,0
U271-H5-VS2-GGA15- Zn(II) 10-Cr(VI) 5-Ni(II) 15 mg-L-22112024-Q=50.09 mL-phút-1,U271-H5-VS2-20.11.2024,0,1,,283.06111,775.0,195.89999,87.16112,0
U271-H5-VS2-GGA15- Zn(II) 10-Cr(VI) 5-Ni(II) 15 mg-L-22112024-Q=50.09 mL-phút-1,U271-H5-VS2-20.11.2024,0,2,,281.77083,1247.0,194.4,87.37083,0
U271-H5-VS2-GGA15- Zn(II) 10-Cr(VI) 5-Ni(II) 15 mg-L-22112024-Q=50.09 mL-phút-1,U271-H5-VS2-20.11.2024,0,3,,277.95417,1720.0,190.59999,87.35418,0
U271-H5-VS2-GGA15- Zn(II) 10-Cr(VI) 5-Ni(II) 15 mg-L-22112024-Q=50.09 mL-phút-1,U271-H5-VS2-20.11.2024,0,4,,277.18194,2195.0,189.60001,87.58193,0
U271-H5-VS2-GGA15- Zn(II) 10-Cr(VI) 5-Ni(II) 15 mg-L-22112024-Q=50.09 mL-phút-1,U271-H5-VS2-20.11.2024,0,5,GGA15-Zn10-Cr5-Ni15,287.4875,2666.0,205.59999,81.88751,1
U271-H5-VS2-GGA15- Zn(II) 10-Cr(VI) 5-Ni(II) 15 mg-L-22112024-Q=50.09 mL-phút-1,U271-H5-VS2-20.11.2024,0,6,,285.33195,3137.0,218.79999,66.53196,1
U271-H5-VS2-GGA15- Zn(II) 10-Cr(VI) 5-Ni(II) 15 mg-L-22112024-Q=50.09 mL-phút-1,U271-H5-VS2-20.11.2024,0,7,,284.40141,3612.0,228.2,56.20141,1
U271-H5-VS2-GGA15- Zn(II) 10-Cr(VI) 5-Ni(II) 15 mg-L-22112024-Q=50.09 mL-phút-1,U271-H5-VS2-20.11.2024,0,8,,288.60676,4084.0,240.6,48.00676,1
U271-H5-VS2-GGA15- Zn(II) 10-Cr(VI) 5-Ni(II) 15 mg-L-22112024-Q=50.09 mL-phút-1,U271-H5-VS2-20.11.2024,0,9,,290.56805,4556.0,245.10001,45.46804,2
U271-H5-VS2-GGA15- Zn(II) 10-Cr(VI) 5-Ni(II) 15 mg-L-22112024-Q=50.09 mL-phút-1,U271-H5-VS2-20.11.2024,0,10,,288.46389,5029.0,241.2,47.26389,2
U271-H5-VS2-GGA15- Zn(II) 10-Cr(VI) 5-Ni(II) 15 mg-L-22112024-Q=50.09 mL-phút-1,U271-H5-VS2-20.11.2024,0,11,,286.46338,5504.0,241.60001,44.86337,2
U271-H5-VS2-GGA20- Zn(II) 15-Cr(VI) 10-Ni(II) 5mg-L-22112024-Q=50.42mL-phút-1,U271-H5-VS2-20.11.2024,1,0,GGA20,278.77917,301.0,214.2,64.57917,0
U271-H5-VS2-GGA20- Zn(II) 15-Cr(VI) 10-Ni(II) 5mg-L-22112024-Q=50.42mL-phút-1,U271-H5-VS2-20.11.2024,1,1,,277.73194,773.0,213.0,64.73194,0
U271-H5-VS2-GGA20- Zn(II) 15-Cr(VI) 10-Ni(II) 5mg-L-22112024-Q=50.42mL-phút-1,U271-H5-VS2-20.11.2024,1,2,,277.10694,1247.0,213.8,63.30694,0
U271-H5-VS2-GGA20- Zn(II) 15-Cr(VI) 10-Ni(II) 5mg-L-22112024-Q=50.42mL-phút-1,U271-H5-VS2-20.11.2024,1,3,,275.69167,1720.0,208.7,66.99167,0
U271-H5-VS2-GGA20- Zn(II) 15-Cr(VI) 10-Ni(II) 5mg-L-22112024-Q=50.42mL-phút-1,U271-H5-VS2-20.11.2024,1,4,,274.46666,2195.0,210.4,64.06666,0
U271-H5-VS2-GGA20- Zn(II) 15-Cr(VI) 10-Ni(II) 5mg-L-22112024-Q=50.42mL-phút-1,U271-H5-VS2-20.11.2024,1,5,GGA20-Zn15-Cr10-Ni5,286.47222,2667.0,231.90001,54.57221,1
U271-H5-VS2-GGA20- Zn(II) 15-Cr(VI) 10-Ni(II) 5mg-L-22112024-Q=50.42mL-phút-1,U271-H5-VS2-20.11.2024,1,6,,284.37083,3139.0,237.7,46.67083,1
U271-H5-VS2-GGA20- Zn(II) 15-Cr(VI) 10-Ni(II) 5mg-L-22112024-Q=50.42mL-phút-1,U271-H5-VS2-20.11.2024,1,7,,284.22391,3613.0,242.40001,41.8239,1
U271-H5-VS2-GGA20- Zn(II) 15-Cr(VI) 10-Ni(II) 5mg-L-22112024-Q=50.42mL-phút-1,U271-H5-VS2-20.11.2024,1,8,,289.4617,4086.0,248.3,41.1617,1
U271-H5-VS2-GGA20- Zn(II) 15-Cr(VI) 10-Ni(II) 5mg-L-22112024-Q=50.42mL-phút-1,U271-H5-VS2-20.11.2024,1,9,,289.88511,4558.0,251.19999,38.68512,1
U271-H5-VS2-GGA20- Zn(II) 15-Cr(VI) 10-Ni(II) 5mg-L-22112024-Q=50.42mL-phút-1,U271-H5-VS2-20.11.2024,1,10,,286.81739,5035.0,247.1,39.71739,1
U271-H5-VS2-GGA20- Zn(II) 15-Cr(VI) 10-Ni(II) 5mg-L-22112024-Q=50.42mL-phút-1,U271-H5-VS2-20.11.2024,1,11,,286.53617,5508.0,249.4,37.13617,2
U271-H5-VS2-GGA20- Zn(II) 15-Cr(VI) 10-Ni(II) 5mg-L-22112024-Q=50.42mL-phút-1,U271-H5-VS2-20.11.2024,1,12,,291.81277,5980.0,254.09999,37.71278,2
U272-H6-VS2-GGA15- Zn(II) 10-Cr(VI) 5-Ni(II) 15 mg-L-22112024-Q=50.08 mL-phút-2,U272-H6-VS2-20.11.2024,0,0,GGA15,287.35,301.0,225.2,62.15,0
U272-H6-VS2-GGA15- Zn(II) 10-Cr(VI) 5-Ni(II) 15 mg-L-22112024-Q=50.08 mL-phút-2,U272-H6-VS2-20.11.2024,0,1,,281.26615,775.0,220.3,60.96615,0
U272-H6-VS2-GGA15- Zn(II) 10-Cr(VI) 5-Ni(II) 15 mg-L-22112024-Q=50.08 mL-phút-2,U272-H6-VS2-20.11.2024,0,2,,277.87727,1247.0,214.30001,63.57726,0
U272-H6-VS2-GGA15- Zn(II) 10-Cr(VI) 5-Ni(II) 15 mg-L-22112024-Q=50.08 mL-phút-2,U272-H6-VS2-20.11.2024,0,3,,278.40909,1720.0,215.5,62.90909,0
U272-H6-VS2-GGA15- Zn(II) 10-Cr(VI) 5-Ni(II) 15 mg-L-22112024-Q=50.08 mL-phút-2,U272-H6-VS2-20.11.2024,0,4,,275.47384,2193.0,211.9,63.57384,0
U272-H6-VS2-GGA15- Zn(II) 10-Cr(VI) 5-Ni(II) 15 mg-L-22112024-Q=50.08 mL-phút-2,U272-H6-VS2-20.11.2024,0,5,,276.16667,2668.0,211.0,65.16667,0
U272-H6-VS2-GGA15- Zn(II) 10-Cr(VI) 5-Ni(II) 15 mg-L-22112024-Q=50.08 mL-phút-2,U272-H6-VS2-20.11.2024,0,6,GGA15-Zn10-Cr5-Ni15,286.38,3140.0,232.6,53.78,1
U272-H6-VS2-GGA15- Zn(II) 10-Cr(VI) 5-Ni(II) 15 mg-L-22112024-Q=50.08 mL-phút-2,U272-H6-VS2-20.11.2024,0,7,,284.94462,3611.0,242.8,42.14462,1
U272-H6-VS2-GGA15- Zn(II) 10-Cr(VI) 5-Ni(II) 15 mg-L-22112024-Q=50.08 mL-phút-2,U272-H6-VS2-20.11.2024,0,8,,282.11045,4083.0,243.49999,38.61046,1
U272-H6-VS2-GGA15- Zn(II) 10-Cr(VI) 5-Ni(II) 15 mg-L-22112024-Q=50.08 mL-phút-2,U272-H6-VS2-20.11.2024,0,9,,286.87121,4556.0,252.5,34.37121,1
U272-H6-VS2-GGA15- Zn(II) 10-Cr(VI) 5-Ni(II) 15 mg-L-22112024-Q=50.08 mL-phút-2,U272-H6-VS2-20.11.2024,0,10,,287.72462,5030.0,254.09999,33.62463,2
U272-H6-VS2-GGA15- Zn(II) 10-Cr(VI) 5-Ni(II) 15 mg-L-22112024-Q=50.08 mL-phút-2,U272-H6-VS2-20.11.2024,0,11,,283.93788,5504.0,249.0,34.93788,2
U272-H6-VS2-GGA15- Zn(II) 10-Cr(VI) 5-Ni(II) 15 mg-L-22112024-Q=50.08 mL-phút-2,U272-H6-VS2-20.11.2024,0,12,,282.19538,5977.0,249.59999,32.59539,2
U272-H6-VS2-GGA20- Zn(II) 15-Cr(VI) 10-Ni(II) 5mg-L-22112024-Q=50.12mL-phút-2,U272-H6-VS2-20.11.2024,1,0,GGA20,281.01087,301.0,235.7,45.31087,0
U272-H6-VS2-GGA20- Zn(II) 15-Cr(VI) 10-Ni(II) 5mg-L-22112024-Q=50.12mL-phút-2,U272-H6-VS2-20.11.2024,1,1,,276.88478,774.0,231.09999,45.78479,0
U272-H6-VS2-GGA20- Zn(II) 15-Cr(VI) 10-Ni(II) 5mg-L-22112024-Q=50.12mL-phút-2,U272-H6-VS2-20.11.2024,1,2,,274.10222,1245.0,230.7,43.40222,0
U272-H6-VS2-GGA20- Zn(II) 15-Cr(VI) 10-Ni(II) 5mg-L-22112024-Q=50.12mL-phút-2,U272-H6-VS2-20.11.2024,1,3,,273.23913,1719.0,229.5,43.73913,0
U272-H6-VS2-GGA20- Zn(II) 15-Cr(VI) 10-Ni(II) 5mg-L-22112024-Q=50.12mL-phút-2,U272-H6-VS2-20.11.2024,1,4,,275.63913,2193.0,231.90001,43.73912,0
U272-H6-VS2-GGA20- Zn(II) 15-Cr(VI) 10-Ni(II) 5mg-L-22112024-Q=50.12mL-phút-2,U272-H6-VS2-20.11.2024,1,5,GGA20-Zn15-Cr10-Ni5,285.10217,2671.0,242.0,43.10217,1
U272-H6-VS2-GGA20- Zn(II) 15-Cr(VI) 10-Ni(II) 5mg-L-22112024-Q=50.12mL-phút-2,U272-H6-VS2-20.11.2024,1,6,,281.08298,3142.0,246.90001,34.18297,1
U272-H6-VS2-GGA20- Zn(II) 15-Cr(VI) 10-Ni(II) 5mg-L-22112024-Q=50.12mL-phút-2,U272-H6-VS2-20.11.2024,1,7,,281.2587,3617.0,250.2,31.0587,1
U272-H6-VS2-GGA20- Zn(II) 15-Cr(VI) 10-Ni(II) 5mg-L-22112024-Q=50.12mL-phút-2,U272-H6-VS2-20.11.2024,1,8,,288.67778,4087.0,255.69999,32.97779,1
U272-H6-VS2-GGA20- Zn(II) 15-Cr(VI) 10-Ni(II) 5mg-L-22112024-Q=50.12mL-phút-2,U272-H6-VS2-20.11.2024,1,9,,286.21957,4562.0,252.29999,33.91958,1
U272-H6-VS2-GGA20- Zn(II) 15-Cr(VI) 10-Ni(II) 5mg-L-22112024-Q=50.12mL-phút-2,U272-H6-VS2-20.11.2024,1,10,,283.1326,5037.0,253.8,29.3326,1
U272-H6-VS2-GGA20- Zn(II) 15-Cr(VI) 10-Ni(II) 5mg-L-22112024-Q=50.12mL-phút-2,U272-H6-VS2-20.11.2024,1,11,,283.74565,5508.0,254.40001,29.34564,1
U272-H6-VS2-GGA20- Zn(II) 15-Cr(VI) 10-Ni(II) 5mg-L-22112024-Q=50.12mL-phút-2,U272-H6-VS2-20.11.2024,1,12,,285.54,5980.0,256.3,29.24,1
U272-H6-VS2-GGA20- Zn(II) 15-Cr(VI) 10-Ni(II) 5mg-L-22112024-Q=50.12mL-phút-2,U272-H6-VS2-20.11.2024,1,13,,280.06216,6456.0,254.79999,25.26217,2
U272-H6-VS2-GGA20- Zn(II) 15-Cr(VI) 10-Ni(II) 5mg-L-22112024-Q=50.12mL-phút-2,U272-H6-VS2-20.11.2024,1,14,,271.2825,6930.0,246.6,24.6825,2
U273-H5-VS2-GGA15- Zn(II) 5-Cr(VI) 5-Ni(II) 10 mg-L-25112024-Q=50.28 mL-phút-2,U273-H5-VS2-23.11.2024,0,0,GGA15,275.30597,301.0,182.3,93.00597,0
U273-H5-VS2-GGA15- Zn(II) 5-Cr(VI) 5-Ni(II) 10 mg-L-25112024-Q=50.28 mL-phút-2,U273-H5-VS2-23.11.2024,0,1,,271.69706,775.0,186.29999,85.39707,0
U273-H5-VS2-GGA15- Zn(II) 5-Cr(VI) 5-Ni(II) 10 mg-L-25112024-Q=50.28 mL-phút-2,U273-H5-VS2-23.11.2024,0,2,,282.04627,1247.0,193.9,88.14627,0
U273-H5-VS2-GGA15- Zn(II) 5-Cr(VI) 5-Ni(II) 10 mg-L-25112024-Q=50.28 mL-phút-2,U273-H5-VS2-23.11.2024,0,3,,291.09403,1722.0,208.29999,82.79404,0
U273-H5-VS2-GGA15- Zn(II) 5-Cr(VI) 5-Ni(II) 10 mg-L-25112024-Q=50.28 mL-phút-2,U273-H5-VS2-23.11.2024,0,4,,291.85294,2194.0,197.1,94.75294,0
U273-H5-VS2-GGA15- Zn(II) 5-Cr(VI) 5-Ni(II) 10 mg-L-25112024-Q=50.28 mL-phút-2,U273-H5-VS2-23.11.2024,0,5,,295.9806,2667.0,196.60001,99.38059,0
U273-H5-VS2-GGA15- Zn(II) 5-Cr(VI) 5-Ni(II) 10 mg-L-25112024-Q=50.28 mL-phút-2,U273-H5-VS2-23.11.2024,0,6,,295.42239,3141.0,203.79999,91.6224,0
U273-H5-VS2-GGA15- Zn(II) 5-Cr(VI) 5-Ni(II) 10 mg-L-25112024-Q=50.28 mL-phút-2,U273-H5-VS2-23.11.2024,0,7,GGA15-Zn5-Cr5-Ni10,306.78714,3613.0,225.89999,80.88715,1
U273-H5-VS2-GGA15- Zn(II) 5-Cr(VI) 5-Ni(II) 10 mg-L-25112024-Q=50.28 mL-phút-2,U273-H5-VS2-23.11.2024,0,8,,310.42273,4087.0,242.0,68.42273,1
U273-H5-VS2-GGA15- Zn(II) 5-Cr(VI) 5-Ni(II) 10 mg-L-25112024-Q=50.28 mL-phút-2,U273-H5-VS2-23.11.2024,0,9,,314.09538,4560.0,251.8,62.29538,1
U273-H5-VS2-GGA15- Zn(II) 5-Cr(VI) 5-Ni(II) 10 mg-L-25112024-Q=50.28 mL-phút-2,U273-H5-VS2-23.11.2024,0,10,,309.49692,5035.0,250.7,58.79692,1
U273-H5-VS2-GGA15- Zn(II) 5-Cr(VI) 5-Ni(II) 10 mg-L-25112024-Q=50.28 mL-phút-2,U273-H5-VS2-23.11.2024,0,11,,308.65909,5509.0,256.00001,52.65908,1
U273-H5-VS2-GGA15- Zn(II) 5-Cr(VI) 5-Ni(II) 10 mg-L-25112024-Q=50.28 mL-phút-2,U273-H5-VS2-23.11.2024,0,12,,300.69242,5982.0,250.49999,50.19243,2
U273-H5-VS2-GGA15- Zn(II) 5-Cr(VI) 5-Ni(II) 10 mg-L-25112024-Q=50.28 mL-phút-2,U273-H5-VS2-23.11.2024,0,13,,302.29848,6453.0,251.30001,50.99847,2
U273-H5-VS2-GGA20- Zn(II) 5-Cr(VI) 15-Ni(II) 10 mg-L-25112024-Q=50.64mL-phút-1,U273-H5-VS2-23.11.2024,1,0,GGA20,297.92424,301.0,233.9,64.02424,0
U273-H5-VS2-GGA20- Zn(II) 5-Cr(VI) 15-Ni(II) 10 mg-L-25112024-Q=50.64mL-phút-1,U273-H5-VS2-23.11.2024,1,1,,292.9197,775.0,228.49999,64.41971,0
U273-H5-VS2-GGA20- Zn(II) 5-Cr(VI) 15-Ni(II) 10 mg-L-25112024-Q=50.64mL-phút-1,U273-H5-VS2-23.11.2024,1,2,,297.31077,1250.0,238.8,58.51077,0
U273-H5-VS2-GGA20- Zn(II) 5-Cr(VI) 15-Ni(II) 10 mg-L-25112024-Q=50.64mL-phút-1,U273-H5-VS2-23.11.2024,1,3,,292.83692,1722.0,232.2,60.63692,0
U273-H5-VS2-GGA20- Zn(II) 5-Cr(VI) 15-Ni(II) 10 mg-L-25112024-Q=50.64mL-phút-1,U273-H5-VS2-23.11.2024,1,4,,294.54697,2195.0,228.0,66.54697,0
U273-H5-VS2-GGA20- Zn(II) 5-Cr(VI) 15-Ni(II) 10 mg-L-25112024-Q=50.64mL-phút-1,U273-H5-VS2-23.11.2024,1,5,,289.77424,2668.0,225.70001,64.07423,0
U273-H5-VS2-GGA20- Zn(II) 5-Cr(VI) 15-Ni(II) 10 mg-L-25112024-Q=50.64mL-phút-1,U273-H5-VS2-23.11.2024,1,6,,291.85147,3141.0,228.1,63.75147,0
U273-H5-VS2-GGA20- Zn(II) 5-Cr(VI) 15-Ni(II) 10 mg-L-25112024-Q=50.64mL-phút-1,U273-H5-VS2-23.11.2024,1,7,GGA20-Zn5-Cr15-Ni10,297.49546,3614.0,235.9,61.59546,1
U273-H5-VS2-GGA20- Zn(II) 5-Cr(VI) 15-Ni(II) 10 mg-L-25112024-Q=50.64mL-phút-1,U273-H5-VS2-23.11.2024,1,8,,299.40606,4088.0,248.3,51.10606,1
U273-H5-VS2-GGA20- Zn(II) 5-Cr(VI) 15-Ni(II) 10 mg-L-25112024-Q=50.64mL-phút-1,U273-H5-VS2-23.11.2024,1,9,,296.7303,4561.0,248.69999,48.03031,1
U273-H5-VS2-GGA20- Zn(II) 5-Cr(VI) 15-Ni(II) 10 mg-L-25112024-Q=50.64mL-phút-1,U273-H5-VS2-23.11.2024,1,10,,302.00758,5036.0,258.1,43.90758,1
U273-H5-VS2-GGA20- Zn(II) 5-Cr(VI) 15-Ni(II) 10 mg-L-25112024-Q=50.64mL-phút-1,U273-H5-VS2-23.11.2024,1,11,,293.71061,5507.0,252.29999,41.41062,1
U273-H5-VS2-GGA20- Zn(II) 5-Cr(VI) 15-Ni(II) 10 mg-L-25112024-Q=50.64mL-phút-1,U273-H5-VS2-23.11.2024,1,12,,289.01384,5981.0,245.19999,43.81385,1
U273-H5-VS2-GGA20- Zn(II) 5-Cr(VI) 15-Ni(II) 10 mg-L-25112024-Q=50.64mL-phút-1,U273-H5-VS2-23.11.2024,1,13,,294.65455,6456.0,252.29999,42.35456,1
U273-H5-VS2-GGA20- Zn(II) 5-Cr(VI) 15-Ni(II) 10 mg-L-25112024-Q=50.64mL-phút-1,U273-H5-VS2-23.11.2024,1,14,,291.30769,6930.0,252.20001,39.10768,2
U273-H5-VS2-GGA20- Zn(II) 5-Cr(VI) 15-Ni(II) 10 mg-L-25112024-Q=50.64mL-phút-1,U273-H5-VS2-23.11.2024,1,15,,294.71642,7402.0,254.79999,39.91643,2
U273-H5-VS2-GGA15- Zn(II) 15-Cr(VI) 15-Ni(II) 5 mg-L-25112024-Q=50.6mL-phút-3,U273-H5-VS2-23.11.2024,2,0,GGA15,287.66615,301.0,242.50001,45.16614,0
U273-H5-VS2-GGA15- Zn(II) 15-Cr(VI) 15-Ni(II) 5 mg-L-25112024-Q=50.6mL-phút-3,U273-H5-VS2-23.11.2024,2,1,,285.96323,774.0,240.4,45.56323,0
U273-H5-VS2-GGA15- Zn(II) 15-Cr(VI) 15-Ni(II) 5 mg-L-25112024-Q=50.6mL-phút-3,U273-H5-VS2-23.11.2024,2,2,,291.96326,1247.0,245.19999,46.76327,0
U273-H5-VS2-GGA15- Zn(II) 15-Cr(VI) 15-Ni(II) 5 mg-L-25112024-Q=50.6mL-phút-3,U273-H5-VS2-23.11.2024,2,3,,286.19375,1720.0,244.5,41.69375,0
U273-H5-VS2-GGA15- Zn(II) 15-Cr(VI) 15-Ni(II) 5 mg-L-25112024-Q=50.6mL-phút-3,U273-H5-VS2-23.11.2024,2,4,,287.08958,2194.0,240.79999,46.28959,0
U273-H5-VS2-GGA15- Zn(II) 15-Cr(VI) 15-Ni(II) 5 mg-L-25112024-Q=50.6mL-phút-3,U273-H5-VS2-23.11.2024,2,5,,290.41458,2667.0,240.3,50.11458,1
U273-H5-VS2-GGA15- Zn(II) 15-Cr(VI) 15-Ni(II) 5 mg-L-25112024-Q=50.6mL-phút-3,U273-H5-VS2-23.11.2024,2,6,,285.46326,3141.0,243.1,42.36326,1
U273-H5-VS2-GGA15- Zn(II) 15-Cr(VI) 15-Ni(II) 5 mg-L-25112024-Q=50.6mL-phút-3,U273-H5-VS2-23.11.2024,2,7,GGA15-Zn15-Cr15-Ni5,283.33877,3613.0,244.20001,39.13876,1
U273-H5-VS2-GGA15- Zn(II) 15-Cr(VI) 15-Ni(II) 5 mg-L-25112024-Q=50.6mL-phút-3,U273-H5-VS2-23.11.2024,2,8,,290.86042,4087.0,252.60001,38.26041,1
U273-H5-VS2-GGA15- Zn(II) 15-Cr(VI) 15-Ni(II) 5 mg-L-25112024-Q=50.6mL-phút-3,U273-H5-VS2-23.11.2024,2,9,,290.46122,4561.0,246.7,43.76122,1
U273-H5-VS2-GGA15- Zn(II) 15-Cr(VI) 15-Ni(II) 5 mg-L-25112024-Q=50.6mL-phút-3,U273-H5-VS2-23.11.2024,2,10,,289.57143,5034.0,247.5,42.07143,1
U273-H5-VS2-GGA15- Zn(II) 15-Cr(VI) 15-Ni(II) 5 mg-L-25112024-Q=50.6mL-phút-3,U273-H5-VS2-23.11.2024,2,11,,290.1653,5509.0,250.49999,39.66531,1
U273-H5-VS2-GGA15- Zn(II) 15-Cr(VI) 15-Ni(II) 5 mg-L-25112024-Q=50.6mL-phút-3,U273-H5-VS2-23.11.2024,2,12,,289.47083,5982.0,248.3,41.17083,1
U273-H5-VS2-GGA15- Zn(II) 15-Cr(VI) 15-Ni(II) 5 mg-L-25112024-Q=50.6mL-phút-3,U273-H5-VS2-23.11.2024,2,13,,281.90833,6453.0,246.3,35.60833,2
U273-H5-VS2-GGA15- Zn(II) 15-Cr(VI) 15-Ni(II) 5 mg-L-25112024-Q=50.6mL-phút-3,U273-H5-VS2-23.11.2024,2,14,,277.86667,6926.0,241.9,35.96667,2
U274-H6-VS2-GGA15- Zn(II) 5-Cr(VI) 5-Ni(II) 10 mg-L-25112024-Q=50.68 mL-phút-3,U274-H6-VS2-23.11.2024,0,0,GGA15,293.91639,301.0,233.79999,60.1164,0
U274-H6-VS2-GGA15- Zn(II) 5-Cr(VI) 5-Ni(II) 10 mg-L-25112024-Q=50.68 mL-phút-3,U274-H6-VS2-23.11.2024,0,1,,293.44167,776.0,234.50001,58.94166,0
U274-H6-VS2-GGA15- Zn(II) 5-Cr(VI) 5-Ni(II) 10 mg-L-25112024-Q=50.68 mL-phút-3,U274-H6-VS2-23.11.2024,0,2,,307.25667,1248.0,249.50001,57.75666,0
U274-H6-VS2-GGA15- Zn(II) 5-Cr(VI) 5-Ni(II) 10 mg-L-25112024-Q=50.68 mL-phút-3,U274-H6-VS2-23.11.2024,0,3,,317.02131,1723.0,251.6,65.42131,0
U274-H6-VS2-GGA15- Zn(II) 5-Cr(VI) 5-Ni(II) 10 mg-L-25112024-Q=50.68 mL-phút-3,U274-H6-VS2-23.11.2024,0,4,,310.48833,2195.0,248.2,62.28833,0
U274-H6-VS2-GGA15- Zn(II) 5-Cr(VI) 5-Ni(II) 10 mg-L-25112024-Q=50.68 mL-phút-3,U274-H6-VS2-23.11.2024,0,5,,314.20833,2669.0,250.80001,63.40832,0
U274-H6-VS2-GGA15- Zn(II) 5-Cr(VI) 5-Ni(II) 10 mg-L-25112024-Q=50.68 mL-phút-3,U274-H6-VS2-23.11.2024,0,6,,314.94,3145.0,252.40001,62.53999,0
U274-H6-VS2-GGA15- Zn(II) 5-Cr(VI) 5-Ni(II) 10 mg-L-25112024-Q=50.68 mL-phút-3,U274-H6-VS2-23.11.2024,0,7,GGA15-Zn5-Cr5-Ni10,325.54834,3616.0,271.69999,53.84835,1
U274-H6-VS2-GGA15- Zn(II) 5-Cr(VI) 5-Ni(II) 10 mg-L-25112024-Q=50.68 mL-phút-3,U274-H6-VS2-23.11.2024,0,8,,329.5,4087.0,285.0,44.5,1
U274-H6-VS2-GGA15- Zn(II) 5-Cr(VI) 5-Ni(II) 10 mg-L-25112024-Q=50.68 mL-phút-3,U274-H6-VS2-23.11.2024,0,9,,331.22131,4567.0,291.20001,40.0213,1
U274-H6-VS2-GGA15- Zn(II) 5-Cr(VI) 5-Ni(II) 10 mg-L-25112024-Q=50.68 mL-phút-3,U274-H6-VS2-23.11.2024,0,10,,324.38871,5038.0,288.39999,35.98872,1
U274-H6-VS2-GGA15- Zn(II) 5-Cr(VI) 5-Ni(II) 10 mg-L-25112024-Q=50.68 mL-phút-3,U274-H6-VS2-23.11.2024,0,11,,321.52833,5510.0,287.40001,34.12832,2
U274-H6-VS2-GGA15- Zn(II) 5-Cr(VI) 5-Ni(II) 10 mg-L-25112024-Q=50.68 mL-phút-3,U274-H6-VS2-23.11.2024,0,12,,314.63167,5983.0,284.39999,30.23168,2
U274-H6-VS2-GGA15- Zn(II) 5-Cr(VI) 5-Ni(II) 10 mg-L-25112024-Q=50.68 mL-phút-3,U274-H6-VS2-23.11.2024,0,13,,313.32167,6456.0,280.0,33.32167,2
U274-H6-VS2-GGA20- Zn(II) 5-Cr(VI) 15-Ni(II) 10 mg-L-25112024-Q=50.28mL-phút-2,U274-H6-VS2-23.11.2024,1,0,GGA20,306.03115,301.0,265.39999,40.63116,0
U274-H6-VS2-GGA20- Zn(II) 5-Cr(VI) 15-Ni(II) 10 mg-L-25112024-Q=50.28mL-phút-2,U274-H6-VS2-23.11.2024,1,1,,301.43442,773.0,260.30001,41.13441,0
U274-H6-VS2-GGA20- Zn(II) 5-Cr(VI) 15-Ni(II) 10 mg-L-25112024-Q=50.28mL-phút-2,U274-H6-VS2-23.11.2024,1,2,,306.90159,1246.0,267.10001,39.80158,0
U274-H6-VS2-GGA20- Zn(II) 5-Cr(VI) 15-Ni(II) 10 mg-L-25112024-Q=50.28mL-phút-2,U274-H6-VS2-23.11.2024,1,3,,301.54918,1722.0,263.90001,37.64917,0
U274-H6-VS2-GGA20- Zn(II) 5-Cr(VI) 15-Ni(II) 10 mg-L-25112024-Q=50.28mL-phút-2,U274-H6-VS2-23.11.2024,1,4,,302.26557,2194.0,262.6,39.66557,0
U274-H6-VS2-GGA20- Zn(II) 5-Cr(VI) 15-Ni(II) 10 mg-L-25112024-Q=50.28mL-phút-2,U274-H6-VS2-23.11.2024,1,5,,298.18525,2669.0,259.60001,38.58524,0
U274-H6-VS2-GGA20- Zn(II) 5-Cr(VI) 15-Ni(II) 10 mg-L-25112024-Q=50.28mL-phút-2,U274-H6-VS2-23.11.2024,1,6,,298.36885,3142.0,256.59999,41.76886,0
U274-H6-VS2-GGA20- Zn(II) 5-Cr(VI) 15-Ni(II) 10 mg-L-25112024-Q=50.28mL-phút-2,U274-H6-VS2-23.11.2024,1,7,GGA20-Zn5-Cr15-Ni10,303.17167,3618.0,263.70001,39.47166,1
U274-H6-VS2-GGA20- Zn(II) 5-Cr(VI) 15-Ni(II) 10 mg-L-25112024-Q=50.28mL-phút-2,U274-H6-VS2-23.11.2024,1,8,,304.7623,4090.0,270.90001,33.86229,1
U274-H6-VS2-GGA20- Zn(II) 5-Cr(VI) 15-Ni(II) 10 mg-L-25112024-Q=50.28mL-phút-2,U274-H6-VS2-23.11.2024,1,9,,304.665,4562.0,275.09999,29.56501,1
U274-H6-VS2-GGA20- Zn(II) 5-Cr(VI) 15-Ni(II) 10 mg-L-25112024-Q=50.28mL-phút-2,U274-H6-VS2-23.11.2024,1,10,,308.14667,5034.0,278.80001,29.34666,1
U274-H6-VS2-GGA20- Zn(II) 5-Cr(VI) 15-Ni(II) 10 mg-L-25112024-Q=50.28mL-phút-2,U274-H6-VS2-23.11.2024,1,11,,299.51639,5508.0,273.40001,26.11638,1
U274-H6-VS2-GGA20- Zn(II) 5-Cr(VI) 15-Ni(II) 10 mg-L-25112024-Q=50.28mL-phút-2,U274-H6-VS2-23.11.2024,1,12,,296.55873,5983.0,270.39999,26.15874,1
U274-H6-VS2-GGA20- Zn(II) 5-Cr(VI) 15-Ni(II) 10 mg-L-25112024-Q=50.28mL-phút-2,U274-H6-VS2-23.11.2024,1,13,,300.69667,6457.0,276.30001,24.39666,2
U274-H6-VS2-GGA20- Zn(II) 5-Cr(VI) 15-Ni(II) 10 mg-L-25112024-Q=50.28mL-phút-2,U274-H6-VS2-23.11.2024,1,14,,296.58667,6931.0,272.39999,24.18668,2
U274-H6-VS2-GGA15- Zn(II) 15-Cr(VI) 15-Ni(II) 5 mg-L-25112024-Q=50.64mL-phút-4,U274-H6-VS2-23.11.2024,2,0,GGA15,293.45873,301.0,263.20001,30.25872,0
U274-H6-VS2-GGA15- Zn(II) 15-Cr(VI) 15-Ni(II) 5 mg-L-25112024-Q=50.64mL-phút-4,U274-H6-VS2-23.11.2024,2,1,,299.22,774.0,266.99999,32.22001,0
U274-H6-VS2-GGA15- Zn(II) 15-Cr(VI) 15-Ni(II) 5 mg-L-25112024-Q=50.64mL-phút-4,U274-H6-VS2-23.11.2024,2,2,,294.445,1247.0,263.39999,31.04501,0
U274-H6-VS2-GGA15- Zn(II) 15-Cr(VI) 15-Ni(II) 5 mg-L-25112024-Q=50.64mL-phút-4,U274-H6-VS2-23.11.2024,2,3,,292.585,1722.0,259.99999,32.58501,0
U274-H6-VS2-GGA15- Zn(II) 15-Cr(VI) 15-Ni(II) 5 mg-L-25112024-Q=50.64mL-phút-4,U274-H6-VS2-23.11.2024,2,4,,295.75082,2193.0,262.89999,32.85083,0
U274-H6-VS2-GGA15- Zn(II) 15-Cr(VI) 15-Ni(II) 5 mg-L-25112024-Q=50.64mL-phút-4,U274-H6-VS2-23.11.2024,2,5,GGA15-Zn15-Cr15-Ni5,296.265,2667.0,266.9,29.365,1
U274-H6-VS2-GGA15- Zn(II) 15-Cr(VI) 15-Ni(II) 5 mg-L-25112024-Q=50.64mL-phút-4,U274-H6-VS2-23.11.2024,2,6,,293.68167,3139.0,267.30001,26.38166,1
U274-H6-VS2-GGA15- Zn(II) 15-Cr(VI) 15-Ni(II) 5 mg-L-25112024-Q=50.64mL-phút-4,U274-H6-VS2-23.11.2024,2,7,,299.20492,3612.0,271.2,28.00492,1
U274-H6-VS2-GGA15- Zn(II) 15-Cr(VI) 15-Ni(II) 5 mg-L-25112024-Q=50.64mL-phút-4,U274-H6-VS2-23.11.2024,2,8,,296.99344,4083.0,269.89999,27.09345,1
U274-H6-VS2-GGA15- Zn(II) 15-Cr(VI) 15-Ni(II) 5 mg-L-25112024-Q=50.64mL-phút-4,U274-H6-VS2-23.11.2024,2,9,,294.75902,4561.0,269.89999,24.85903,1
U274-H6-VS2-GGA15- Zn(II) 15-Cr(VI) 15-Ni(II) 5 mg-L-25112024-Q=50.64mL-phút-4,U274-H6-VS2-23.11.2024,2,10,,293.79032,5036.0,268.20001,25.59031,2
U274-H6-VS2-GGA15- Zn(II) 15-Cr(VI) 15-Ni(II) 5 mg-L-25112024-Q=50.64mL-phút-4,U274-H6-VS2-23.11.2024,2,11,,290.54286,5507.0,264.80001,25.74285,2
U275-H5-VS2-GGA15- Zn(II) 5-Cr(VI) 5-Ni(II) 10 mg-L-26112024-Q=50.54 mL-min-4,U275-H5-VS2-23.11.2024,0,0,GGA15,274.95263,301.0,195.89999,79.05264,0
U275-H5-VS2-GGA15- Zn(II) 5-Cr(VI) 5-Ni(II) 10 mg-L-26112024-Q=50.54 mL-min-4,U275-H5-VS2-23.11.2024,0,1,,274.46727,774.0,193.6,80.86727,0
U275-H5-VS2-GGA15- Zn(II) 5-Cr(VI) 5-Ni(II) 10 mg-L-26112024-Q=50.54 mL-min-4,U275-H5-VS2-23.11.2024,0,2,,271.86667,1249.0,195.7,76.16667,0
U275-H5-VS2-GGA15- Zn(II) 5-Cr(VI) 5-Ni(II) 10 mg-L-26112024-Q=50.54 mL-min-4,U275-H5-VS2-23.11.2024,0,3,,276.23818,1721.0,194.5,81.73818,0
U275-H5-VS2-GGA15- Zn(II) 5-Cr(VI) 5-Ni(II) 10 mg-L-26112024-Q=50.54 mL-min-4,U275-H5-VS2-23.11.2024,0,4,,271.28909,2194.0,188.4,82.88909,0
U275-H5-VS2-GGA15- Zn(II) 5-Cr(VI) 5-Ni(II) 10 mg-L-26112024-Q=50.54 mL-min-4,U275-H5-VS2-23.11.2024,0,5,,271.07273,2669.0,196.79999,74.27274,0
U275-H5-VS2-GGA15- Zn(II) 5-Cr(VI) 5-Ni(II) 10 mg-L-26112024-Q=50.54 mL-min-4,U275-H5-VS2-23.11.2024,0,6,GGA15-Zn5-Cr5-Ni10,271.22182,3143.0,197.8,73.42182,1
U275-H5-VS2-GGA15- Zn(II) 5-Cr(VI) 5-Ni(II) 10 mg-L-26112024-Q=50.54 mL-min-4,U275-H5-VS2-23.11.2024,0,7,,279.18909,3614.0,218.5,60.68909,1
U275-H5-VS2-GGA15- Zn(II) 5-Cr(VI) 5-Ni(II) 10 mg-L-26112024-Q=50.54 mL-min-4,U275-H5-VS2-23.11.2024,0,8,,283.56852,4088.0,226.1,57.46852,1
U275-H5-VS2-GGA15- Zn(II) 5-Cr(VI) 5-Ni(II) 10 mg-L-26112024-Q=50.54 mL-min-4,U275-H5-VS2-23.11.2024,0,9,,278.40926,4562.0,222.20001,56.20925,1
U275-H5-VS2-GGA15- Zn(II) 5-Cr(VI) 5-Ni(II) 10 mg-L-26112024-Q=50.54 mL-min-4,U275-H5-VS2-23.11.2024,0,10,,276.24259,5034.0,221.9,54.34259,1
U275-H5-VS2-GGA15- Zn(II) 5-Cr(VI) 5-Ni(II) 10 mg-L-26112024-Q=50.54 mL-min-4,U275-H5-VS2-23.11.2024,0,11,,276.36482,5508.0,225.3,51.06482,1
U275-H5-VS2-GGA15- Zn(II) 5-Cr(VI) 5-Ni(II) 10 mg-L-26112024-Q=50.54 mL-min-4,U275-H5-VS2-23.11.2024,0,12,,280.59445,5981.0,225.5,55.09445,1
U275-H5-VS2-GGA15- Zn(II) 5-Cr(VI) 5-Ni(II) 10 mg-L-26112024-Q=50.54 mL-min-4,U275-H5-VS2-23.11.2024,0,13,,278.99818,6456.0,226.9,52.09818,2
U275-H5-VS2-GGA15- Zn(II) 5-Cr(VI) 5-Ni(II) 10 mg-L-26112024-Q=50.54 mL-min-4,U275-H5-VS2-23.11.2024,0,14,,277.13818,6928.0,224.90001,52.23817,2
U275-H5-VS2-GGA20- Zn(II) 15-Cr(VI) 15-Ni(II) 5 mg-L-26112024-Q=50.36 mL-min-3,U275-H5-VS2-23.11.2024,1,0,GGA20,283.2,301.0,214.5,68.7,0
U275-H5-VS2-GGA20- Zn(II) 15-Cr(VI) 15-Ni(II) 5 mg-L-26112024-Q=50.36 mL-min-3,U275-H5-VS2-23.11.2024,1,1,,282.70714,772.0,214.7,68.00714,0
U275-H5-VS2-GGA20- Zn(II) 15-Cr(VI) 15-Ni(II) 5 mg-L-26112024-Q=50.36 mL-min-3,U275-H5-VS2-23.11.2024,1,2,,282.91296,1246.0,211.3,71.61296,0
U275-H5-VS2-GGA20- Zn(II) 15-Cr(VI) 15-Ni(II) 5 mg-L-26112024-Q=50.36 mL-min-3,U275-H5-VS2-23.11.2024,1,3,,288.76,1719.0,216.7,72.06,0
U275-H5-VS2-GGA20- Zn(II) 15-Cr(VI) 15-Ni(II) 5 mg-L-26112024-Q=50.36 mL-min-3,U275-H5-VS2-23.11.2024,1,4,,283.55273,2194.0,212.3,71.25273,0
U275-H5-VS2-GGA20- Zn(II) 15-Cr(VI) 15-Ni(II) 5 mg-L-26112024-Q=50.36 mL-min-3,U275-H5-VS2-23.11.2024,1,5,,281.53333,2666.0,212.3,69.23333,0
U275-H5-VS2-GGA20- Zn(II) 15-Cr(VI) 15-Ni(II) 5 mg-L-26112024-Q=50.36 mL-min-3,U275-H5-VS2-23.11.2024,1,6,GGA20-Zn15-Cr15-Ni5,290.62281,3139.0,218.6,72.02281,1
U275-H5-VS2-GGA20- Zn(II) 15-Cr(VI) 15-Ni(II) 5 mg-L-26112024-Q=50.36 mL-min-3,U275-H5-VS2-23.11.2024,1,7,,286.19545,3614.0,223.5,62.69545,1
U275-H5-VS2-GGA20- Zn(II) 15-Cr(VI) 15-Ni(II) 5 mg-L-26112024-Q=50.36 mL-min-3,U275-H5-VS2-23.11.2024,1,8,,285.28333,4086.0,225.5,59.78333,1
U275-H5-VS2-GGA20- Zn(II) 15-Cr(VI) 15-Ni(II) 5 mg-L-26112024-Q=50.36 mL-min-3,U275-H5-VS2-23.11.2024,1,9,,285.28615,4562.0,227.8,57.48615,1
U275-H5-VS2-GGA20- Zn(II) 15-Cr(VI) 15-Ni(II) 5 mg-L-26112024-Q=50.36 mL-min-3,U275-H5-VS2-23.11.2024,1,10,,283.38923,5034.0,229.1,54.28923,1
U275-H5-VS2-GGA20- Zn(II) 15-Cr(VI) 15-Ni(II) 5 mg-L-26112024-Q=50.36 mL-min-3,U275-H5-VS2-23.11.2024,1,11,,292.99846,5506.0,238.7,54.29846,1
U275-H5-VS2-GGA20- Zn(II) 15-Cr(VI) 15-Ni(II) 5 mg-L-26112024-Q=50.36 mL-min-3,U275-H5-VS2-23.11.2024,1,12,,290.21212,5979.0,237.9,52.31212,2
U275-H5-VS2-GGA20- Zn(II) 15-Cr(VI) 15-Ni(II) 5 mg-L-26112024-Q=50.36 mL-min-3,U275-H5-VS2-23.11.2024,1,13,,286.48,6453.0,234.1,52.38,2
U275-H5-VS2-GGA20- Zn(II) 15-Cr(VI) 15-Ni(II) 5 mg-L-26112024-Q=50.36 mL-min-3,U275-H5-VS2-23.11.2024,1,14,,287.46818,6927.0,236.1,51.36818,2
U276-H6-VS2-GGA15- Zn(II) 5-Cr(VI) 5-Ni(II) 10 mg-L-26112024-Q=50.46 mL-min-5,U276-H6-VS2-24.11.2024,0,0,GGA15,294.52963,301.0,235.9,58.62963,0
U276-H6-VS2-GGA15- Zn(II) 5-Cr(VI) 5-Ni(II) 10 mg-L-26112024-Q=50.46 mL-min-5,U276-H6-VS2-24.11.2024,0,1,,292.46182,774.0,234.4,58.06182,0
U276-H6-VS2-GGA15- Zn(II) 5-Cr(VI) 5-Ni(II) 10 mg-L-26112024-Q=50.46 mL-min-5,U276-H6-VS2-24.11.2024,0,2,,292.17454,1249.0,236.0,56.17454,0
U276-H6-VS2-GGA15- Zn(II) 5-Cr(VI) 5-Ni(II) 10 mg-L-26112024-Q=50.46 mL-min-5,U276-H6-VS2-24.11.2024,0,3,,296.96909,1723.0,236.7,60.26909,0
U276-H6-VS2-GGA15- Zn(II) 5-Cr(VI) 5-Ni(II) 10 mg-L-26112024-Q=50.46 mL-min-5,U276-H6-VS2-24.11.2024,0,4,,290.67636,2196.0,231.09999,59.57637,0
U276-H6-VS2-GGA15- Zn(II) 5-Cr(VI) 5-Ni(II) 10 mg-L-26112024-Q=50.46 mL-min-5,U276-H6-VS2-24.11.2024,0,5,,286.83091,2669.0,229.8,57.03091,0
U276-H6-VS2-GGA15- Zn(II) 5-Cr(VI) 5-Ni(II) 10 mg-L-26112024-Q=50.46 mL-min-5,U276-H6-VS2-24.11.2024,0,6,GGA15-Zn5-Cr5-Ni10,287.77408,3143.0,239.3,48.47408,1
U276-H6-VS2-GGA15- Zn(II) 5-Cr(VI) 5-Ni(II) 10 mg-L-26112024-Q=50.46 mL-min-5,U276-H6-VS2-24.11.2024,0,7,,296.29273,3617.0,254.00001,42.29272,1
U276-H6-VS2-GGA15- Zn(II) 5-Cr(VI) 5-Ni(II) 10 mg-L-26112024-Q=50.46 mL-min-5,U276-H6-VS2-24.11.2024,0,8,,299.77895,4090.0,257.0,42.77895,1
U276-H6-VS2-GGA15- Zn(II) 5-Cr(VI) 5-Ni(II) 10 mg-L-26112024-Q=50.46 mL-min-5,U276-H6-VS2-24.11.2024,0,9,,290.21272,4562.0,252.7,37.51272,1
U276-H6-VS2-GGA15- Zn(II) 5-Cr(VI) 5-Ni(II) 10 mg-L-26112024-Q=50.46 mL-min-5,U276-H6-VS2-24.11.2024,0,10,,286.79444,5034.0,250.29999,36.49445,1
U276-H6-VS2-GGA15- Zn(II) 5-Cr(VI) 5-Ni(II) 10 mg-L-26112024-Q=50.46 mL-min-5,U276-H6-VS2-24.11.2024,0,11,,289.43454,5511.0,255.80001,33.63453,1
U276-H6-VS2-GGA15- Zn(II) 5-Cr(VI) 5-Ni(II) 10 mg-L-26112024-Q=50.46 mL-min-5,U276-H6-VS2-24.11.2024,0,12,,290.37454,5983.0,252.40001,37.97453,1
U276-H6-VS2-GGA15- Zn(II) 5-Cr(VI) 5-Ni(II) 10 mg-L-26112024-Q=50.46 mL-min-5,U276-H6-VS2-24.11.2024,0,13,,288.42545,6458.0,254.70001,33.72544,2
U276-H6-VS2-GGA15- Zn(II) 5-Cr(VI) 5-Ni(II) 10 mg-L-26112024-Q=50.46 mL-min-5,U276-H6-VS2-24.11.2024,0,14,,286.88364,6931.0,254.40001,32.48363,2
U276-H6-VS2-GGA20- Zn(II) 15-Cr(VI) 15-Ni(II) 5 mg-L-26112024-Q=50.36 mL-min-4,U276-H6-VS2-24.11.2024,1,0,GGA20,290.93509,301.0,246.5,44.43509,0
U276-H6-VS2-GGA20- Zn(II) 15-Cr(VI) 15-Ni(II) 5 mg-L-26112024-Q=50.36 mL-min-4,U276-H6-VS2-24.11.2024,1,1,,289.84,772.0,246.00001,43.83999,0
U276-H6-VS2-GGA20- Zn(II) 15-Cr(VI) 15-Ni(II) 5 mg-L-26112024-Q=50.36 mL-min-4,U276-H6-VS2-24.11.2024,1,2,,287.16546,1244.0,244.0,43.16546,0
U276-H6-VS2-GGA20- Zn(II) 15-Cr(VI) 15-Ni(II) 5 mg-L-26112024-Q=50.36 mL-min-4,U276-H6-VS2-24.11.2024,1,3,,286.66481,1720.0,242.7,43.96481,0
U276-H6-VS2-GGA20- Zn(II) 15-Cr(VI) 15-Ni(II) 5 mg-L-26112024-Q=50.36 mL-min-4,U276-H6-VS2-24.11.2024,1,4,,290.3037,2192.0,244.8,45.5037,0
U276-H6-VS2-GGA20- Zn(II) 15-Cr(VI) 15-Ni(II) 5 mg-L-26112024-Q=50.36 mL-min-4,U276-H6-VS2-24.11.2024,1,5,,287.73091,2667.0,240.6,47.13091,0
U276-H6-VS2-GGA20- Zn(II) 15-Cr(VI) 15-Ni(II) 5 mg-L-26112024-Q=50.36 mL-min-4,U276-H6-VS2-24.11.2024,1,6,,284.1,3140.0,240.1,44.0,0
U276-H6-VS2-GGA20- Zn(II) 15-Cr(VI) 15-Ni(II) 5 mg-L-26112024-Q=50.36 mL-min-4,U276-H6-VS2-24.11.2024,1,7,GGA20-Zn15-Cr15-Ni5,292.24727,3613.0,246.99999,45.24728,1
U276-H6-VS2-GGA20- Zn(II) 15-Cr(VI) 15-Ni(II) 5 mg-L-26112024-Q=50.36 mL-min-4,U276-H6-VS2-24.11.2024,1,8,,290.88727,4086.0,252.60001,38.28726,1
U276-H6-VS2-GGA20- Zn(II) 15-Cr(VI) 15-Ni(II) 5 mg-L-26112024-Q=50.36 mL-min-4,U276-H6-VS2-24.11.2024,1,9,,289.27593,4561.0,255.10001,34.17592,1
U276-H6-VS2-GGA20- Zn(II) 15-Cr(VI) 15-Ni(II) 5 mg-L-26112024-Q=50.36 mL-min-4,U276-H6-VS2-24.11.2024,1,10,,289.65272,5033.0,252.20001,37.45271,1
U276-H6-VS2-GGA20- Zn(II) 15-Cr(VI) 15-Ni(II) 5 mg-L-26112024-Q=50.36 mL-min-4,U276-H6-VS2-24.11.2024,1,11,,291.27091,5506.0,257.7,33.57091,1
U276-H6-VS2-GGA20- Zn(II) 15-Cr(VI) 15-Ni(II) 5 mg-L-26112024-Q=50.36 mL-min-4,U276-H6-VS2-24.11.2024,1,12,,297.5,5981.0,262.30001,35.19999,1
U276-H6-VS2-GGA20- Zn(II) 15-Cr(VI) 15-Ni(II) 5 mg-L-26112024-Q=50.36 mL-min-4,U276-H6-VS2-24.11.2024,1,13,,292.20545,6454.0,259.7,32.50545,2
U276-H6-VS2-GGA20- Zn(II) 15-Cr(VI) 15-Ni(II) 5 mg-L-26112024-Q=50.36 mL-min-4,U276-H6-VS2-24.11.2024,1,14,,290.09636,6927.0,257.99999,32.09637,2
U276-H6-VS2-GGA20- Zn(II) 15-Cr(VI) 15-Ni(II) 5 mg-L-26112024-Q=50.36 mL-min-4,U276-H6-VS2-24.11.2024,1,15,,288.72983,7400.0,256.70001,32.02982,2
U277-H5-VS2-GGA5- HH15 mg-L-27112024-Q=50.64 mL-min-2,U277-H5-VS2-25.11.2024,0,0,GGA5,277.37222,301.0,221.6,55.77222,0
U277-H5-VS2-GGA5- HH15 mg-L-27112024-Q=50.64 mL-min-2,U277-H5-VS2-25.11.2024,0,1,,276.48784,775.0,219.0,57.48784,0
U277-H5-VS2-GGA5- HH15 mg-L-27112024-Q=50.64 mL-min-2,U277-H5-VS2-25.11.2024,0,2,,284.74444,1248.0,221.0,63.74444,0
U277-H5-VS2-GGA5- HH15 mg-L-27112024-Q=50.64 mL-min-2,U277-H5-VS2-25.11.2024,0,3,,286.88056,1720.0,224.7,62.18056,0
U277-H5-VS2-GGA5- HH15 mg-L-27112024-Q=50.64 mL-min-2,U277-H5-VS2-25.11.2024,0,4,,287.95278,2194.0,229.7,58.25278,0
U277-H5-VS2-GGA5- HH15 mg-L-27112024-Q=50.64 mL-min-2,U277-H5-VS2-25.11.2024,0,5,,285.18292,2666.0,223.10001,62.08291,0
U277-H5-VS2-GGA5- HH15 mg-L-27112024-Q=50.64 mL-min-2,U277-H5-VS2-25.11.2024,0,6,GGA5-HH5,285.64146,3141.0,234.0,51.64146,1
U277-H5-VS2-GGA5- HH15 mg-L-27112024-Q=50.64 mL-min-2,U277-H5-VS2-25.11.2024,0,7,,292.52439,3613.0,244.5,48.02439,1
U277-H5-VS2-GGA5- HH15 mg-L-27112024-Q=50.64 mL-min-2,U277-H5-VS2-25.11.2024,0,8,,290.91707,4086.0,244.1,46.81707,1
U277-H5-VS2-GGA5- HH15 mg-L-27112024-Q=50.64 mL-min-2,U277-H5-VS2-25.11.2024,0,9,,287.9,4562.0,244.1,43.8,1
U277-H5-VS2-GGA5- HH15 mg-L-27112024-Q=50.64 mL-min-2,U277-H5-VS2-25.11.2024,0,10,,290.25116,5034.0,246.4,43.85116,2
U277-H5-VS2-GGA5- HH15 mg-L-27112024-Q=50.64 mL-min-2,U277-H5-VS2-25.11.2024,0,11,,289.82927,5506.0,248.4,41.42927,2
U277-H5-VS2-GGA5- HH15 mg-L-27112024-Q=50.64 mL-min-2,U277-H5-VS2-25.11.2024,0,12,,287.34048,5982.0,244.9,42.44048,2
U277-H5-VS2-GGA10- Zn(II) 10-Cr(VI) 5-Ni(II) 15 mg-L-27112024-Q=50.5 mL-min-1,U277-H5-VS2-25.11.2024,1,0,GGA10,287.76346,301.0,232.4,55.36346,0
U277-H5-VS2-GGA10- Zn(II) 10-Cr(VI) 5-Ni(II) 15 mg-L-27112024-Q=50.5 mL-min-1,U277-H5-VS2-25.11.2024,1,1,,281.15577,776.0,227.2,53.95577,0
U277-H5-VS2-GGA10- Zn(II) 10-Cr(VI) 5-Ni(II) 15 mg-L-27112024-Q=50.5 mL-min-1,U277-H5-VS2-25.11.2024,1,2,,279.76863,1247.0,223.90001,55.86862,0
U277-H5-VS2-GGA10- Zn(II) 10-Cr(VI) 5-Ni(II) 15 mg-L-27112024-Q=50.5 mL-min-1,U277-H5-VS2-25.11.2024,1,3,,279.0098,1721.0,222.39999,56.60981,0
U277-H5-VS2-GGA10- Zn(II) 10-Cr(VI) 5-Ni(II) 15 mg-L-27112024-Q=50.5 mL-min-1,U277-H5-VS2-25.11.2024,1,4,,282.87059,2193.0,224.5,58.37059,0
U277-H5-VS2-GGA10- Zn(II) 10-Cr(VI) 5-Ni(II) 15 mg-L-27112024-Q=50.5 mL-min-1,U277-H5-VS2-25.11.2024,1,5,,278.32308,2666.0,221.0,57.32308,0
U277-H5-VS2-GGA10- Zn(II) 10-Cr(VI) 5-Ni(II) 15 mg-L-27112024-Q=50.5 mL-min-1,U277-H5-VS2-25.11.2024,1,6,GGA10-Zn10-Cr5-Ni15,276.73137,3140.0,218.3,58.43137,1
U277-H5-VS2-GGA10- Zn(II) 10-Cr(VI) 5-Ni(II) 15 mg-L-27112024-Q=50.5 mL-min-1,U277-H5-VS2-25.11.2024,1,7,,285.89039,3619.0,234.2,51.69039,1
U277-H5-VS2-GGA10- Zn(II) 10-Cr(VI) 5-Ni(II) 15 mg-L-27112024-Q=50.5 mL-min-1,U277-H5-VS2-25.11.2024,1,8,,286.05384,4091.0,235.1,50.95384,1
U277-H5-VS2-GGA10- Zn(II) 10-Cr(VI) 5-Ni(II) 15 mg-L-27112024-Q=50.5 mL-min-1,U277-H5-VS2-25.11.2024,1,9,,284.49412,4565.0,242.9,41.59412,1
U277-H5-VS2-GGA10- Zn(II) 10-Cr(VI) 5-Ni(II) 15 mg-L-27112024-Q=50.5 mL-min-1,U277-H5-VS2-25.11.2024,1,10,,285.59412,5041.0,239.7,45.89412,1
U277-H5-VS2-GGA10- Zn(II) 10-Cr(VI) 5-Ni(II) 15 mg-L-27112024-Q=50.5 mL-min-1,U277-H5-VS2-25.11.2024,1,11,,285.45849,5516.0,239.6,45.85849,2
U277-H5-VS2-GGA10- Zn(II) 10-Cr(VI) 5-Ni(II) 15 mg-L-27112024-Q=50.5 mL-min-1,U277-H5-VS2-25.11.2024,1,12,,282.97843,5988.0,237.10001,45.87842,2
U277-H5-VS2-GGA10- Zn(II) 10-Cr(VI) 5-Ni(II) 15 mg-L-27112024-Q=50.5 mL-min-1,U277-H5-VS2-25.11.2024,1,13,,282.14706,6460.0,237.4,44.74706,2
U277-H5-VS2-GGA15- Zn(II) 15-Cr(VI) 10-Ni(II) 15 mg-L-27112024-Q=50.52 mL-min-5,U277-H5-VS2-25.11.2024,2,0,GGA15,282.72157,301.0,231.09999,51.62158,0
U277-H5-VS2-GGA15- Zn(II) 15-Cr(VI) 10-Ni(II) 15 mg-L-27112024-Q=50.52 mL-min-5,U277-H5-VS2-25.11.2024,2,1,,283.25686,771.0,232.80001,50.45685,0
U277-H5-VS2-GGA15- Zn(II) 15-Cr(VI) 10-Ni(II) 15 mg-L-27112024-Q=50.52 mL-min-5,U277-H5-VS2-25.11.2024,2,2,,284.55294,1246.0,231.6,52.95294,0
U277-H5-VS2-GGA15- Zn(II) 15-Cr(VI) 10-Ni(II) 15 mg-L-27112024-Q=50.52 mL-min-5,U277-H5-VS2-25.11.2024,2,3,,281.11154,1718.0,230.10001,51.01153,0
U277-H5-VS2-GGA15- Zn(II) 15-Cr(VI) 10-Ni(II) 15 mg-L-27112024-Q=50.52 mL-min-5,U277-H5-VS2-25.11.2024,2,4,,285.47451,2197.0,230.6,54.87451,0
U277-H5-VS2-GGA15- Zn(II) 15-Cr(VI) 10-Ni(II) 15 mg-L-27112024-Q=50.52 mL-min-5,U277-H5-VS2-25.11.2024,2,5,,288.59756,2667.0,232.2,56.39756,0
U277-H5-VS2-GGA15- Zn(II) 15-Cr(VI) 10-Ni(II) 15 mg-L-27112024-Q=50.52 mL-min-5,U277-H5-VS2-25.11.2024,2,6,GGA15-Zn15-Cr10-Ni15,287.93902,3140.0,242.1,45.83902,1
U277-H5-VS2-GGA15- Zn(II) 15-Cr(VI) 10-Ni(II) 15 mg-L-27112024-Q=50.52 mL-min-5,U277-H5-VS2-25.11.2024,2,7,,285.5439,3613.0,243.0,42.5439,1
U277-H5-VS2-GGA15- Zn(II) 15-Cr(VI) 10-Ni(II) 15 mg-L-27112024-Q=50.52 mL-min-5,U277-H5-VS2-25.11.2024,2,8,,292.30732,4088.0,248.3,44.00732,1
U277-H5-VS2-GGA15- Zn(II) 15-Cr(VI) 10-Ni(II) 15 mg-L-27112024-Q=50.52 mL-min-5,U277-H5-VS2-25.11.2024,2,9,,293.94634,4562.0,250.60001,43.34633,1
U277-H5-VS2-GGA15- Zn(II) 15-Cr(VI) 10-Ni(II) 15 mg-L-27112024-Q=50.52 mL-min-5,U277-H5-VS2-25.11.2024,2,10,,290.01667,5036.0,248.4,41.61667,2
U277-H5-VS2-GGA15- Zn(II) 15-Cr(VI) 10-Ni(II) 15 mg-L-27112024-Q=50.52 mL-min-5,U277-H5-VS2-25.11.2024,2,11,,289.45853,5506.0,247.4,42.05853,2
U277-H5-VS2-GGA15- Zn(II) 15-Cr(VI) 10-Ni(II) 15 mg-L-27112024-Q=50.52 mL-min-5,U277-H5-VS2-25.11.2024,2,12,,297.36098,5981.0,254.5,42.86098,2
U278-H6-VS2-GGA5- HH5 mg-L-27112024-Q=50.56 mL-min-3,U278-H6-VS2-25.11.2024,0,0,GGA5,301.90588,301.0,248.9,53.00588,0
U278-H6-VS2-GGA5- HH5 mg-L-27112024-Q=50.56 mL-min-3,U278-H6-VS2-25.11.2024,0,1,,299.0434,775.0,244.8,54.2434,0
U278-H6-VS2-GGA5- HH5 mg-L-27112024-Q=50.56 mL-min-3,U278-H6-VS2-25.11.2024,0,2,,295.73137,1248.0,244.20001,51.53136,0
U278-H6-VS2-GGA5- HH5 mg-L-27112024-Q=50.56 mL-min-3,U278-H6-VS2-25.11.2024,0,3,,307.0902,1723.0,252.0,55.0902,0
U278-H6-VS2-GGA5- HH5 mg-L-27112024-Q=50.56 mL-min-3,U278-H6-VS2-25.11.2024,0,4,,311.39019,2196.0,251.8,59.59019,0
U278-H6-VS2-GGA5- HH5 mg-L-27112024-Q=50.56 mL-min-3,U278-H6-VS2-25.11.2024,0,5,,310.69423,2669.0,254.5,56.19423,0
U278-H6-VS2-GGA5- HH5 mg-L-27112024-Q=50.56 mL-min-3,U278-H6-VS2-25.11.2024,0,6,,306.61961,3143.0,249.1,57.51961,0
U278-H6-VS2-GGA5- HH5 mg-L-27112024-Q=50.56 mL-min-3,U278-H6-VS2-25.11.2024,0,7,GGA5-HH5,307.36471,3616.0,258.30001,49.0647,1
U278-H6-VS2-GGA5- HH5 mg-L-27112024-Q=50.56 mL-min-3,U278-H6-VS2-25.11.2024,0,8,,312.91765,4090.0,266.99999,45.91766,1
U278-H6-VS2-GGA5- HH5 mg-L-27112024-Q=50.56 mL-min-3,U278-H6-VS2-25.11.2024,0,9,,309.69216,4562.0,267.10001,42.59215,1
U278-H6-VS2-GGA5- HH5 mg-L-27112024-Q=50.56 mL-min-3,U278-H6-VS2-25.11.2024,0,10,,304.49445,5035.0,266.40001,38.09444,1
U278-H6-VS2-GGA5- HH5 mg-L-27112024-Q=50.56 mL-min-3,U278-H6-VS2-25.11.2024,0,11,,306.26079,5509.0,269.6,36.66079,2
U278-H6-VS2-GGA5- HH5 mg-L-27112024-Q=50.56 mL-min-3,U278-H6-VS2-25.11.2024,0,12,,308.03137,5983.0,272.1,35.93137,2
U278-H6-VS2-GGA5- HH5 mg-L-27112024-Q=50.56 mL-min-3,U278-H6-VS2-25.11.2024,0,13,,305.43333,6457.0,272.39999,33.03334,2
U278-H6-VS2-GGA10- Zn(II) 10-Cr(VI) 5-Ni(II) 15 mg-L-27112024-Q=50.46 mL-min-2,U278-H6-VS2-25.11.2024,1,0,GGA10,299.57059,301.0,256.70001,42.87058,0
U278-H6-VS2-GGA10- Zn(II) 10-Cr(VI) 5-Ni(II) 15 mg-L-27112024-Q=50.46 mL-min-2,U278-H6-VS2-25.11.2024,1,1,,292.12453,771.0,250.7,41.42453,0
U278-H6-VS2-GGA10- Zn(II) 10-Cr(VI) 5-Ni(II) 15 mg-L-27112024-Q=50.46 mL-min-2,U278-H6-VS2-25.11.2024,1,2,,289.09608,1246.0,249.0,40.09608,0
U278-H6-VS2-GGA10- Zn(II) 10-Cr(VI) 5-Ni(II) 15 mg-L-27112024-Q=50.46 mL-min-2,U278-H6-VS2-25.11.2024,1,3,,290.92745,1720.0,250.60001,40.32744,0
U278-H6-VS2-GGA10- Zn(II) 10-Cr(VI) 5-Ni(II) 15 mg-L-27112024-Q=50.46 mL-min-2,U278-H6-VS2-25.11.2024,1,4,,294.42745,2193.0,252.79999,41.62746,0
U278-H6-VS2-GGA10- Zn(II) 10-Cr(VI) 5-Ni(II) 15 mg-L-27112024-Q=50.46 mL-min-2,U278-H6-VS2-25.11.2024,1,5,,291.66731,2666.0,249.9,41.76731,0
U278-H6-VS2-GGA10- Zn(II) 10-Cr(VI) 5-Ni(II) 15 mg-L-27112024-Q=50.46 mL-min-2,U278-H6-VS2-25.11.2024,1,6,,291.12885,3141.0,248.60001,42.52884,0
U278-H6-VS2-GGA10- Zn(II) 10-Cr(VI) 5-Ni(II) 15 mg-L-27112024-Q=50.46 mL-min-2,U278-H6-VS2-25.11.2024,1,7,GGA10-Zn10-Cr5-Ni15,296.35098,3611.0,260.69999,35.65099,1
U278-H6-VS2-GGA10- Zn(II) 10-Cr(VI) 5-Ni(II) 15 mg-L-27112024-Q=50.46 mL-min-2,U278-H6-VS2-25.11.2024,1,8,,298.23921,4083.0,262.49999,35.73922,1
U278-H6-VS2-GGA10- Zn(II) 10-Cr(VI) 5-Ni(II) 15 mg-L-27112024-Q=50.46 mL-min-2,U278-H6-VS2-25.11.2024,1,9,,295.90769,4560.0,263.3,32.60769,1
U278-H6-VS2-GGA10- Zn(II) 10-Cr(VI) 5-Ni(II) 15 mg-L-27112024-Q=50.46 mL-min-2,U278-H6-VS2-25.11.2024,1,10,,296.52593,5032.0,264.7,31.82593,1
U278-H6-VS2-GGA10- Zn(II) 10-Cr(VI) 5-Ni(II) 15 mg-L-27112024-Q=50.46 mL-min-2,U278-H6-VS2-25.11.2024,1,11,,294.36538,5506.0,266.99999,27.36539,1
U278-H6-VS2-GGA10- Zn(II) 10-Cr(VI) 5-Ni(II) 15 mg-L-27112024-Q=50.46 mL-min-2,U278-H6-VS2-25.11.2024,1,12,,291.77692,5979.0,266.7,25.07692,1
U278-H6-VS2-GGA10- Zn(II) 10-Cr(VI) 5-Ni(II) 15 mg-L-27112024-Q=50.46 mL-min-2,U278-H6-VS2-25.11.2024,1,13,,289.83077,6453.0,260.6,29.23077,1
U278-H6-VS2-GGA10- Zn(II) 10-Cr(VI) 5-Ni(II) 15 mg-L-27112024-Q=50.46 mL-min-2,U278-H6-VS2-25.11.2024,1,14,,289.85098,6929.0,265.50001,24.35097,2
U278-H6-VS2-GGA10- Zn(II) 10-Cr(VI) 5-Ni(II) 15 mg-L-27112024-Q=50.46 mL-min-2,U278-H6-VS2-25.11.2024,1,15,,296.55098,7400.0,272.19999,24.35099,2
U278-H6-VS2-GGA15- Zn(II) 15-Cr(VI) 10-Ni(II) 15 mg-L-27112024-Q=50.80 mL-min-6,U278-H6-VS2-25.11.2024,2,0,GGA15,297.00926,301.0,268.59999,28.40927,0
U278-H6-VS2-GGA15- Zn(II) 15-Cr(VI) 10-Ni(II) 15 mg-L-27112024-Q=50.80 mL-min-6,U278-H6-VS2-25.11.2024,2,1,,299.21176,774.0,270.39999,28.81177,0
U278-H6-VS2-GGA15- Zn(II) 15-Cr(VI) 10-Ni(II) 15 mg-L-27112024-Q=50.80 mL-min-6,U278-H6-VS2-25.11.2024,2,2,,295.21731,1245.0,264.40001,30.8173,0
U278-H6-VS2-GGA15- Zn(II) 15-Cr(VI) 10-Ni(II) 15 mg-L-27112024-Q=50.80 mL-min-6,U278-H6-VS2-25.11.2024,2,3,,293.43922,1717.0,265.50001,27.93921,0
U278-H6-VS2-GGA15- Zn(II) 15-Cr(VI) 10-Ni(II) 15 mg-L-27112024-Q=50.80 mL-min-6,U278-H6-VS2-25.11.2024,2,4,,300.08846,2197.0,270.79999,29.28847,0
U278-H6-VS2-GGA15- Zn(II) 15-Cr(VI) 10-Ni(II) 15 mg-L-27112024-Q=50.80 mL-min-6,U278-H6-VS2-25.11.2024,2,5,,300.93137,2668.0,265.89999,35.03138,0
U278-H6-VS2-GGA15- Zn(II) 15-Cr(VI) 10-Ni(II) 15 mg-L-27112024-Q=50.80 mL-min-6,U278-H6-VS2-25.11.2024,2,6,,296.25098,3139.0,265.6,30.65098,1
U278-H6-VS2-GGA15- Zn(II) 15-Cr(VI) 10-Ni(II) 15 mg-L-27112024-Q=50.80 mL-min-6,U278-H6-VS2-25.11.2024,2,7,GGA15-Zn15-Cr10-Ni15,294.07308,3611.0,265.39999,28.67309,1
U278-H6-VS2-GGA15- Zn(II) 15-Cr(VI) 10-Ni(II) 15 mg-L-27112024-Q=50.80 mL-min-6,U278-H6-VS2-25.11.2024,2,8,,299.54902,4083.0,273.60001,25.94901,1
U278-H6-VS2-GGA15- Zn(II) 15-Cr(VI) 10-Ni(II) 15 mg-L-27112024-Q=50.80 mL-min-6,U278-H6-VS2-25.11.2024,2,9,,300.17647,4560.0,270.1,30.07647,1
U278-H6-VS2-GGA15- Zn(II) 15-Cr(VI) 10-Ni(II) 15 mg-L-27112024-Q=50.80 mL-min-6,U278-H6-VS2-25.11.2024,2,10,,297.80385,5029.0,270.3,27.50385,1
U278-H6-VS2-GGA15- Zn(II) 15-Cr(VI) 10-Ni(II) 15 mg-L-27112024-Q=50.80 mL-min-6,U278-H6-VS2-25.11.2024,2,11,,296.75577,5506.0,270.20001,26.55576,2
U278-H6-VS2-GGA15- Zn(II) 15-Cr(VI) 10-Ni(II) 15 mg-L-27112024-Q=50.80 mL-min-6,U278-H6-VS2-25.11.2024,2,12,,303.17074,5976.0,276.2,26.97074,2
U279-H5-VS2-GGA15- Zn(II) 10-Cr(VI) 10-Ni(II) 5 mg-L-28112024-Q=50.16 mL-min-4,U279-H5-VS2-26.11.2024,0,0,GGA15,306.31765,301.0,269.4,36.91765,0
U279-H5-VS2-GGA15- Zn(II) 10-Cr(VI) 10-Ni(II) 5 mg-L-28112024-Q=50.16 mL-min-4,U279-H5-VS2-26.11.2024,0,1,,306.39756,772.0,266.99999,39.39757,0
U279-H5-VS2-GGA15- Zn(II) 10-Cr(VI) 10-Ni(II) 5 mg-L-28112024-Q=50.16 mL-min-4,U279-H5-VS2-26.11.2024,0,2,,303.0,1249.0,264.7,38.3,0
U279-H5-VS2-GGA15- Zn(II) 10-Cr(VI) 10-Ni(II) 5 mg-L-28112024-Q=50.16 mL-min-4,U279-H5-VS2-26.11.2024,0,3,,293.27073,1720.0,261.00001,32.27072,0
U279-H5-VS2-GGA15- Zn(II) 10-Cr(VI) 10-Ni(II) 5 mg-L-28112024-Q=50.16 mL-min-4,U279-H5-VS2-26.11.2024,0,4,,286.40244,2193.0,253.50001,32.90243,0
U279-H5-VS2-GGA15- Zn(II) 10-Cr(VI) 10-Ni(II) 5 mg-L-28112024-Q=50.16 mL-min-4,U279-H5-VS2-26.11.2024,0,5,,288.08809,2665.0,257.49999,30.5881,0
U279-H5-VS2-GGA15- Zn(II) 10-Cr(VI) 10-Ni(II) 5 mg-L-28112024-Q=50.16 mL-min-4,U279-H5-VS2-26.11.2024,0,6,,295.5,3139.0,259.0,36.5,0
U279-H5-VS2-GGA15- Zn(II) 10-Cr(VI) 10-Ni(II) 5 mg-L-28112024-Q=50.16 mL-min-4,U279-H5-VS2-26.11.2024,0,7,GGA15-Zn10-Cr10-Ni5,299.97317,3615.0,257.2,42.77317,1
U279-H5-VS2-GGA15- Zn(II) 10-Cr(VI) 10-Ni(II) 5 mg-L-28112024-Q=50.16 mL-min-4,U279-H5-VS2-26.11.2024,0,8,,295.1439,4086.0,258.89999,36.24391,1
U279-H5-VS2-GGA15- Zn(II) 10-Cr(VI) 10-Ni(II) 5 mg-L-28112024-Q=50.16 mL-min-4,U279-H5-VS2-26.11.2024,0,9,,289.12093,4560.0,259.20001,29.92092,1
U279-H5-VS2-GGA15- Zn(II) 10-Cr(VI) 10-Ni(II) 5 mg-L-28112024-Q=50.16 mL-min-4,U279-H5-VS2-26.11.2024,0,10,,294.26586,5030.0,265.39999,28.86587,1
U279-H5-VS2-GGA15- Zn(II) 10-Cr(VI) 10-Ni(II) 5 mg-L-28112024-Q=50.16 mL-min-4,U279-H5-VS2-26.11.2024,0,11,,298.62439,5508.0,269.4,29.22439,1
U279-H5-VS2-GGA15- Zn(II) 10-Cr(VI) 10-Ni(II) 5 mg-L-28112024-Q=50.16 mL-min-4,U279-H5-VS2-26.11.2024,0,12,,298.98049,5982.0,269.49999,29.4805,1
U279-H5-VS2-GGA15- Zn(II) 10-Cr(VI) 10-Ni(II) 5 mg-L-28112024-Q=50.16 mL-min-4,U279-H5-VS2-26.11.2024,0,13,,301.71708,6454.0,269.89999,31.81709,1
U279-H5-VS2-GGA15- Zn(II) 10-Cr(VI) 10-Ni(II) 5 mg-L-28112024-Q=50.16 mL-min-4,U279-H5-VS2-26.11.2024,0,14,,293.30488,6927.0,266.9,26.40488,2
U279-H5-VS2-GGA15- Zn(II) 10-Cr(VI) 10-Ni(II) 5 mg-L-28112024-Q=50.16 mL-min-4,U279-H5-VS2-26.11.2024,0,15,,284.97073,7399.0,259.9,25.07073,2
U281-H5-VS2-GGA5- HH5 mg-L-29112024-Q=50.48 mL-min-4,U281-H5-VS2-27.11.2024,0,0,GGA5,274.43333,301.0,212.3,62.13333,0
U281-H5-VS2-GGA5- HH5 mg-L-29112024-Q=50.48 mL-min-4,U281-H5-VS2-27.11.2024,0,1,,271.03846,777.0,217.3,53.73846,0
U281-H5-VS2-GGA5- HH5 mg-L-29112024-Q=50.48 mL-min-4,U281-H5-VS2-27.11.2024,0,2,,267.74528,1251.0,208.4,59.34528,0
U281-H5-VS2-GGA5- HH5 mg-L-29112024-Q=50.48 mL-min-4,U281-H5-VS2-27.11.2024,0,3,,261.425,1723.0,205.2,56.225,0
U281-H5-VS2-GGA5- HH5 mg-L-29112024-Q=50.48 mL-min-4,U281-H5-VS2-27.11.2024,0,4,,270.47308,2195.0,214.8,55.67308,0
U281-H5-VS2-GGA5- HH5 mg-L-29112024-Q=50.48 mL-min-4,U281-H5-VS2-27.11.2024,0,5,,275.80385,2668.0,209.99999,65.80386,0
U281-H5-VS2-GGA5- HH5 mg-L-29112024-Q=50.48 mL-min-4,U281-H5-VS2-27.11.2024,0,6,,272.08462,3144.0,206.49999,65.58463,0
U281-H5-VS2-GGA5- HH5 mg-L-29112024-Q=50.48 mL-min-4,U281-H5-VS2-27.11.2024,0,7,GGA5-HH5,275.20196,3614.0,223.3,51.90196,1
U281-H5-VS2-GGA5- HH5 mg-L-29112024-Q=50.48 mL-min-4,U281-H5-VS2-27.11.2024,0,8,,283.7647,4090.0,230.29999,53.46471,1
U281-H5-VS2-GGA5- HH5 mg-L-29112024-Q=50.48 mL-min-4,U281-H5-VS2-27.11.2024,0,9,,281.68077,4560.0,236.0,45.68077,1
U281-H5-VS2-GGA5- HH5 mg-L-29112024-Q=50.48 mL-min-4,U281-H5-VS2-27.11.2024,0,10,,279.10784,5036.0,235.49999,43.60785,1
U281-H5-VS2-GGA5- HH5 mg-L-29112024-Q=50.48 mL-min-4,U281-H5-VS2-27.11.2024,0,11,,282.97692,5508.0,245.4,37.57692,1
U281-H5-VS2-GGA5- HH5 mg-L-29112024-Q=50.48 mL-min-4,U281-H5-VS2-27.11.2024,0,12,,279.44902,5983.0,238.00001,41.44901,1
U281-H5-VS2-GGA5- HH5 mg-L-29112024-Q=50.48 mL-min-4,U281-H5-VS2-27.11.2024,0,13,,273.45882,6455.0,238.90001,34.55881,2
U281-H5-VS2-GGA5- HH5 mg-L-29112024-Q=50.48 mL-min-4,U281-H5-VS2-27.11.2024,0,14,,277.98236,6926.0,247.1,30.88236,2
U281-H5-VS2-GGA5- HH5 mg-L-29112024-Q=50.48 mL-min-4,U281-H5-VS2-27.11.2024,0,15,,279.19423,7404.0,244.8,34.39423,2
U281-H5-VS2-GGA15- Zn(II) 10-Cr(VI) 5-Ni(II) 10 mg-L-29112024-Q=50.36 mL-min-4,U281-H5-VS2-27.11.2024,1,0,GGA15,272.32549,301.0,223.6,48.72549,0
U281-H5-VS2-GGA15- Zn(II) 10-Cr(VI) 5-Ni(II) 10 mg-L-29112024-Q=50.36 mL-min-4,U281-H5-VS2-27.11.2024,1,1,,271.85,776.0,224.3,47.55,0
U281-H5-VS2-GGA15- Zn(II) 10-Cr(VI) 5-Ni(II) 10 mg-L-29112024-Q=50.36 mL-min-4,U281-H5-VS2-27.11.2024,1,2,,272.17647,1249.0,227.1,45.07647,0
U281-H5-VS2-GGA15- Zn(II) 10-Cr(VI) 5-Ni(II) 10 mg-L-29112024-Q=50.36 mL-min-4,U281-H5-VS2-27.11.2024,1,3,,270.11373,1722.0,222.9,47.21373,0
U281-H5-VS2-GGA15- Zn(II) 10-Cr(VI) 5-Ni(II) 10 mg-L-29112024-Q=50.36 mL-min-4,U281-H5-VS2-27.11.2024,1,4,,268.92941,2196.0,221.30001,47.6294,0
U281-H5-VS2-GGA15- Zn(II) 10-Cr(VI) 5-Ni(II) 10 mg-L-29112024-Q=50.36 mL-min-4,U281-H5-VS2-27.11.2024,1,5,,268.41373,2669.0,223.19999,45.21374,0
U281-H5-VS2-GGA15- Zn(II) 10-Cr(VI) 5-Ni(II) 10 mg-L-29112024-Q=50.36 mL-min-4,U281-H5-VS2-27.11.2024,1,6,,272.92157,3143.0,231.6,41.32157,1
U281-H5-VS2-GGA15- Zn(II) 10-Cr(VI) 5-Ni(II) 10 mg-L-29112024-Q=50.36 mL-min-4,U281-H5-VS2-27.11.2024,1,7,GGA15-Zn10-Cr5-Ni10,273.48462,3615.0,245.0,28.48462,1
U281-H5-VS2-GGA15- Zn(II) 10-Cr(VI) 5-Ni(II) 10 mg-L-29112024-Q=50.36 mL-min-4,U281-H5-VS2-27.11.2024,1,8,,284.11961,4088.0,254.00001,30.1196,1
U281-H5-VS2-GGA15- Zn(II) 10-Cr(VI) 5-Ni(II) 10 mg-L-29112024-Q=50.36 mL-min-4,U281-H5-VS2-27.11.2024,1,9,,291.25385,4562.0,262.30001,28.95384,1
U281-H5-VS2-GGA15- Zn(II) 10-Cr(VI) 5-Ni(II) 10 mg-L-29112024-Q=50.36 mL-min-4,U281-H5-VS2-27.11.2024,1,10,,291.44231,5038.0,259.79999,31.64232,1
U281-H5-VS2-GGA15- Zn(II) 10-Cr(VI) 5-Ni(II) 10 mg-L-29112024-Q=50.36 mL-min-4,U281-H5-VS2-27.11.2024,1,11,,283.97255,5510.0,255.69999,28.27256,2
U281-H5-VS2-GGA15- Zn(II) 10-Cr(VI) 5-Ni(II) 10 mg-L-29112024-Q=50.36 mL-min-4,U281-H5-VS2-27.11.2024,1,12,,280.18627,5985.0,255.29999,24.88628,2
U281-H5-VS2-GGA15- Zn(II) 10-Cr(VI) 5-Ni(II) 10 mg-L-29112024-Q=50.36 mL-min-4,U281-H5-VS2-27.11.2024,1,13,,286.0,6458.0,256.90001,29.09999,2
U281-H5-VS2-GGA20- Zn(II) 15-Cr(VI) 5-Ni(II) 15 mg-L-29112024-Q=50.42 mL-min-3,U281-H5-VS2-27.11.2024,2,0,GGA20,295.0549,301.0,252.20001,42.85489,0
U281-H5-VS2-GGA20- Zn(II) 15-Cr(VI) 5-Ni(II) 15 mg-L-29112024-Q=50.42 mL-min-3,U281-H5-VS2-27.11.2024,2,1,,290.42453,776.0,248.0,42.42453,0
U281-H5-VS2-GGA20- Zn(II) 15-Cr(VI) 5-Ni(II) 15 mg-L-29112024-Q=50.42 mL-min-3,U281-H5-VS2-27.11.2024,2,2,,286.62656,1248.0,245.0,41.62656,0
U281-H5-VS2-GGA20- Zn(II) 15-Cr(VI) 5-Ni(II) 15 mg-L-29112024-Q=50.42 mL-min-3,U281-H5-VS2-27.11.2024,2,3,,290.2,1720.0,249.2,41.0,0
U281-H5-VS2-GGA20- Zn(II) 15-Cr(VI) 5-Ni(II) 15 mg-L-29112024-Q=50.42 mL-min-3,U281-H5-VS2-27.11.2024,2,4,,296.09375,2193.0,249.1,46.99375,0
U281-H5-VS2-GGA20- Zn(II) 15-Cr(VI) 5-Ni(II) 15 mg-L-29112024-Q=50.42 mL-min-3,U281-H5-VS2-27.11.2024,2,5,,292.68906,2667.0,246.5,46.18906,0
U281-H5-VS2-GGA20- Zn(II) 15-Cr(VI) 5-Ni(II) 15 mg-L-29112024-Q=50.42 mL-min-3,U281-H5-VS2-27.11.2024,2,6,GGA20-Zn15-Cr5-Ni15,287.6,3141.0,243.30001,44.29999,1
U281-H5-VS2-GGA20- Zn(II) 15-Cr(VI) 5-Ni(II) 15 mg-L-29112024-Q=50.42 mL-min-3,U281-H5-VS2-27.11.2024,2,7,,287.9,3615.0,250.9,37.0,1
U281-H5-VS2-GGA20- Zn(II) 15-Cr(VI) 5-Ni(II) 15 mg-L-29112024-Q=50.42 mL-min-3,U281-H5-VS2-27.11.2024,2,8,,288.0127,4087.0,255.60001,32.41269,1
U281-H5-VS2-GGA20- Zn(II) 15-Cr(VI) 5-Ni(II) 15 mg-L-29112024-Q=50.42 mL-min-3,U281-H5-VS2-27.11.2024,2,9,,295.03281,4563.0,262.69999,32.33282,1
U281-H5-VS2-GGA20- Zn(II) 15-Cr(VI) 5-Ni(II) 15 mg-L-29112024-Q=50.42 mL-min-3,U281-H5-VS2-27.11.2024,2,10,,299.84531,5034.0,265.70001,34.1453,1
U281-H5-VS2-GGA20- Zn(II) 15-Cr(VI) 5-Ni(II) 15 mg-L-29112024-Q=50.42 mL-min-3,U281-H5-VS2-27.11.2024,2,11,,296.4625,5512.0,267.30001,29.16249,1
U281-H5-VS2-GGA20- Zn(II) 15-Cr(VI) 5-Ni(II) 15 mg-L-29112024-Q=50.42 mL-min-3,U281-H5-VS2-27.11.2024,2,12,,291.79077,5980.0,261.00001,30.79076,1
U281-H5-VS2-GGA20- Zn(II) 15-Cr(VI) 5-Ni(II) 15 mg-L-29112024-Q=50.42 mL-min-3,U281-H5-VS2-27.11.2024,2,13,,290.25781,6452.0,262.80001,27.4578,2
U281-H5-VS2-GGA20- Zn(II) 15-Cr(VI) 5-Ni(II) 15 mg-L-29112024-Q=50.42 mL-min-3,U281-H5-VS2-27.11.2024,2,14,,287.75312,6924.0,262.4,25.35312,2
U281-H5-VS2-GGA20- Zn(II) 15-Cr(VI) 5-Ni(II) 15 mg-L-29112024-Q=50.42 mL-min-3,U281-H5-VS2-27.11.2024,2,15,,285.925,7397.0,259.9,26.025,2
U282-H6-VS2-GGA5- HH5 mg-L-29112024-Q=50.22 mL-min-5,U282-H6-VS2-27.11.2024,0,0,GGA5,301.44706,301.0,247.5,53.94706,0
U282-H6-VS2-GGA5- HH5 mg-L-29112024-Q=50.22 mL-min-5,U282-H6-VS2-27.11.2024,0,1,,295.00392,772.0,243.8,51.20392,0
U282-H6-VS2-GGA5- HH5 mg-L-29112024-Q=50.22 mL-min-5,U282-H6-VS2-27.11.2024,0,2,,290.81538,1249.0,237.10001,53.71537,0
U282-H6-VS2-GGA5- HH5 mg-L-29112024-Q=50.22 mL-min-5,U282-H6-VS2-27.11.2024,0,3,,288.82264,1720.0,236.0,52.82264,0
U282-H6-VS2-GGA5- HH5 mg-L-29112024-Q=50.22 mL-min-5,U282-H6-VS2-27.11.2024,0,4,,283.69231,2193.0,230.29999,53.39232,0
U282-H6-VS2-GGA5- HH5 mg-L-29112024-Q=50.22 mL-min-5,U282-H6-VS2-27.11.2024,0,5,,296.11708,2672.0,240.6,55.51708,0
U282-H6-VS2-GGA5- HH5 mg-L-29112024-Q=50.22 mL-min-5,U282-H6-VS2-27.11.2024,0,6,,289.60732,3147.0,233.9,55.70732,0
U282-H6-VS2-GGA5- HH5 mg-L-29112024-Q=50.22 mL-min-5,U282-H6-VS2-27.11.2024,0,7,GGA5-HH5,299.59512,3621.0,247.4,52.19512,1
U282-H6-VS2-GGA5- HH5 mg-L-29112024-Q=50.22 mL-min-5,U282-H6-VS2-27.11.2024,0,8,,305.1439,4093.0,258.8,46.3439,1
U282-H6-VS2-GGA5- HH5 mg-L-29112024-Q=50.22 mL-min-5,U282-H6-VS2-27.11.2024,0,9,,299.86097,4567.0,260.50001,39.36096,1
U282-H6-VS2-GGA5- HH5 mg-L-29112024-Q=50.22 mL-min-5,U282-H6-VS2-27.11.2024,0,10,,297.86098,5040.0,259.79999,38.06099,1
U282-H6-VS2-GGA5- HH5 mg-L-29112024-Q=50.22 mL-min-5,U282-H6-VS2-27.11.2024,0,11,,301.71951,5513.0,264.60001,37.1195,1
U282-H6-VS2-GGA5- HH5 mg-L-29112024-Q=50.22 mL-min-5,U282-H6-VS2-27.11.2024,0,12,,298.26667,5986.0,264.2,34.06667,2
U282-H6-VS2-GGA5- HH5 mg-L-29112024-Q=50.22 mL-min-5,U282-H6-VS2-27.11.2024,0,13,,297.38537,6457.0,263.50001,33.88536,2
U282-H6-VS2-GGA15- Zn(II) 10-Cr(VI) 5-Ni(II) 10 mg-L-29112024-Q=50.36 mL-min-5,U282-H6-VS2-27.11.2024,1,0,GGA15,289.27073,301.0,243.8,45.47073,0
U282-H6-VS2-GGA15- Zn(II) 10-Cr(VI) 5-Ni(II) 10 mg-L-29112024-Q=50.36 mL-min-5,U282-H6-VS2-27.11.2024,1,1,,289.3439,772.0,243.8,45.5439,0
U282-H6-VS2-GGA15- Zn(II) 10-Cr(VI) 5-Ni(II) 10 mg-L-29112024-Q=50.36 mL-min-5,U282-H6-VS2-27.11.2024,1,2,,287.85366,1246.0,243.1,44.75366,0
U282-H6-VS2-GGA15- Zn(II) 10-Cr(VI) 5-Ni(II) 10 mg-L-29112024-Q=50.36 mL-min-5,U282-H6-VS2-27.11.2024,1,3,,285.04634,1720.0,238.99999,46.04635,0
U282-H6-VS2-GGA15- Zn(II) 10-Cr(VI) 5-Ni(II) 10 mg-L-29112024-Q=50.36 mL-min-5,U282-H6-VS2-27.11.2024,1,4,,283.82195,2193.0,235.3,48.52195,0
U282-H6-VS2-GGA15- Zn(II) 10-Cr(VI) 5-Ni(II) 10 mg-L-29112024-Q=50.36 mL-min-5,U282-H6-VS2-27.11.2024,1,5,,282.52927,2667.0,237.4,45.12927,0
U282-H6-VS2-GGA15- Zn(II) 10-Cr(VI) 5-Ni(II) 10 mg-L-29112024-Q=50.36 mL-min-5,U282-H6-VS2-27.11.2024,1,6,GGA15-Zn10-Cr5-Ni10,288.24146,3140.0,244.9,43.34146,1
U282-H6-VS2-GGA15- Zn(II) 10-Cr(VI) 5-Ni(II) 10 mg-L-29112024-Q=50.36 mL-min-5,U282-H6-VS2-27.11.2024,1,7,,292.59756,3613.0,256.8,35.79756,1
U282-H6-VS2-GGA15- Zn(II) 10-Cr(VI) 5-Ni(II) 10 mg-L-29112024-Q=50.36 mL-min-5,U282-H6-VS2-27.11.2024,1,8,,300.43171,4091.0,265.8,34.63171,1
U282-H6-VS2-GGA15- Zn(II) 10-Cr(VI) 5-Ni(II) 10 mg-L-29112024-Q=50.36 mL-min-5,U282-H6-VS2-27.11.2024,1,9,,304.82683,4559.0,272.1,32.72683,1
U282-H6-VS2-GGA15- Zn(II) 10-Cr(VI) 5-Ni(II) 10 mg-L-29112024-Q=50.36 mL-min-5,U282-H6-VS2-27.11.2024,1,10,,299.28049,5038.0,269.6,29.68049,2
U282-H6-VS2-GGA15- Zn(II) 10-Cr(VI) 5-Ni(II) 10 mg-L-29112024-Q=50.36 mL-min-5,U282-H6-VS2-27.11.2024,1,11,,295.75366,5514.0,267.89999,27.85367,2
U282-H6-VS2-GGA20- Zn(II) 15-Cr(VI) 5-Ni(II) 15 mg-L-29112024-Q=50.56 mL-min-4,U282-H6-VS2-27.11.2024,2,0,GGA20,300.72812,301.0,263.50001,37.22811,0
U282-H6-VS2-GGA20- Zn(II) 15-Cr(VI) 5-Ni(II) 15 mg-L-29112024-Q=50.56 mL-min-4,U282-H6-VS2-27.11.2024,2,1,,294.98889,772.0,259.09999,35.8889,0
U282-H6-VS2-GGA20- Zn(II) 15-Cr(VI) 5-Ni(II) 15 mg-L-29112024-Q=50.56 mL-min-4,U282-H6-VS2-27.11.2024,2,2,,290.78594,1244.0,255.29999,35.48595,0
U282-H6-VS2-GGA20- Zn(II) 15-Cr(VI) 5-Ni(II) 15 mg-L-29112024-Q=50.56 mL-min-4,U282-H6-VS2-27.11.2024,2,3,,294.2125,1719.0,258.19999,36.01251,0
U282-H6-VS2-GGA20- Zn(II) 15-Cr(VI) 5-Ni(II) 15 mg-L-29112024-Q=50.56 mL-min-4,U282-H6-VS2-27.11.2024,2,4,,299.15,2189.0,263.20001,35.94999,0
U282-H6-VS2-GGA20- Zn(II) 15-Cr(VI) 5-Ni(II) 15 mg-L-29112024-Q=50.56 mL-min-4,U282-H6-VS2-27.11.2024,2,5,,293.23594,2664.0,255.0,38.23594,0
U282-H6-VS2-GGA20- Zn(II) 15-Cr(VI) 5-Ni(II) 15 mg-L-29112024-Q=50.56 mL-min-4,U282-H6-VS2-27.11.2024,2,6,,289.06719,3138.0,251.89999,37.1672,0
U282-H6-VS2-GGA20- Zn(II) 15-Cr(VI) 5-Ni(II) 15 mg-L-29112024-Q=50.56 mL-min-4,U282-H6-VS2-27.11.2024,2,7,GGA20-Zn15-Cr5-Ni15,294.41094,3611.0,262.2,32.21094,1
U282-H6-VS2-GGA20- Zn(II) 15-Cr(VI) 5-Ni(II) 15 mg-L-29112024-Q=50.56 mL-min-4,U282-H6-VS2-27.11.2024,2,8,,296.99063,4084.0,266.7,30.29063,1
U282-H6-VS2-GGA20- Zn(II) 15-Cr(VI) 5-Ni(II) 15 mg-L-29112024-Q=50.56 mL-min-4,U282-H6-VS2-27.11.2024,2,9,,301.70937,4557.0,271.69999,30.00938,1
U282-H6-VS2-GGA20- Zn(II) 15-Cr(VI) 5-Ni(II) 15 mg-L-29112024-Q=50.56 mL-min-4,U282-H6-VS2-27.11.2024,2,10,,304.87879,5027.0,273.20001,31.67878,1
U282-H6-VS2-GGA20- Zn(II) 15-Cr(VI) 5-Ni(II) 15 mg-L-29112024-Q=50.56 mL-min-4,U282-H6-VS2-27.11.2024,2,11,,301.47059,5503.0,274.30001,27.17058,1
U282-H6-VS2-GGA20- Zn(II) 15-Cr(VI) 5-Ni(II) 15 mg-L-29112024-Q=50.56 mL-min-4,U282-H6-VS2-27.11.2024,2,12,,297.36667,5979.0,270.20001,27.16666,1
U282-H6-VS2-GGA20- Zn(II) 15-Cr(VI) 5-Ni(II) 15 mg-L-29112024-Q=50.56 mL-min-4,U282-H6-VS2-27.11.2024,2,13,,295.98235,6450.0,271.0,24.98235,2
U282-H6-VS2-GGA20- Zn(II) 15-Cr(VI) 5-Ni(II) 15 mg-L-29112024-Q=50.56 mL-min-4,U282-H6-VS2-27.11.2024,2,14,,294.03922,6929.0,268.59999,25.43923,2
U282-H6-VS2-GGA20- Zn(II) 15-Cr(VI) 5-Ni(II) 15 mg-L-29112024-Q=50.56 mL-min-4,U282-H6-VS2-27.11.2024,2,15,,292.1549,7396.0,267.6,24.5549,2
U283-H5-VS2-GGA15- Zn(II) 10-Cr(VI) 5-Ni(II) 5 mg-L-02122024-Q=50.8 mL-min-3,U283-H5-VS2-30.11.2024,1,0,GGA15,297.3623,301.0,252.20001,45.16229,0
U283-H5-VS2-GGA15- Zn(II) 10-Cr(VI) 5-Ni(II) 5 mg-L-02122024-Q=50.8 mL-min-3,U283-H5-VS2-30.11.2024,1,1,,296.32167,773.0,251.50001,44.82166,0
U283-H5-VS2-GGA15- Zn(II) 10-Cr(VI) 5-Ni(II) 5 mg-L-02122024-Q=50.8 mL-min-3,U283-H5-VS2-30.11.2024,1,2,,296.57167,1245.0,250.9,45.67167,0
U283-H5-VS2-GGA15- Zn(II) 10-Cr(VI) 5-Ni(II) 5 mg-L-02122024-Q=50.8 mL-min-3,U283-H5-VS2-30.11.2024,1,3,,292.72951,1723.0,246.99999,45.72952,0
U283-H5-VS2-GGA15- Zn(II) 10-Cr(VI) 5-Ni(II) 5 mg-L-02122024-Q=50.8 mL-min-3,U283-H5-VS2-30.11.2024,1,4,,292.88033,2202.0,248.9,43.98033,0
U283-H5-VS2-GGA15- Zn(II) 10-Cr(VI) 5-Ni(II) 5 mg-L-02122024-Q=50.8 mL-min-3,U283-H5-VS2-30.11.2024,1,5,,295.43771,2675.0,254.40001,41.0377,0
U283-H5-VS2-GGA15- Zn(II) 10-Cr(VI) 5-Ni(II) 5 mg-L-02122024-Q=50.8 mL-min-3,U283-H5-VS2-30.11.2024,1,6,GGA15-Zn10-Cr5-Ni15,297.47834,3154.0,261.5,35.97834,1
U283-H5-VS2-GGA15- Zn(II) 10-Cr(VI) 5-Ni(II) 5 mg-L-02122024-Q=50.8 mL-min-3,U283-H5-VS2-30.11.2024,1,7,,294.22787,3626.0,259.0,35.22787,1
U283-H5-VS2-GGA15- Zn(II) 10-Cr(VI) 5-Ni(II) 5 mg-L-02122024-Q=50.8 mL-min-3,U283-H5-VS2-30.11.2024,1,8,,291.57903,4102.0,257.29999,34.27904,1
U283-H5-VS2-GGA15- Zn(II) 10-Cr(VI) 5-Ni(II) 5 mg-L-02122024-Q=50.8 mL-min-3,U283-H5-VS2-30.11.2024,1,9,,291.31167,4572.0,255.29999,36.01168,1
U283-H5-VS2-GGA15- Zn(II) 10-Cr(VI) 5-Ni(II) 5 mg-L-02122024-Q=50.8 mL-min-3,U283-H5-VS2-30.11.2024,1,10,,293.29344,5047.0,261.40001,31.89343,2
U283-H5-VS2-GGA15- Zn(II) 10-Cr(VI) 5-Ni(II) 5 mg-L-02122024-Q=50.8 mL-min-3,U283-H5-VS2-30.11.2024,1,11,,291.05333,5519.0,261.5,29.55333,2
U283-H5-VS2-GGA15- Zn(II) 10-Cr(VI) 5-Ni(II) 5 mg-L-02122024-Q=50.8 mL-min-3,U283-H5-VS2-30.11.2024,1,12,,297.04167,5994.0,265.19999,31.84168,2
U283-H5-VS2-GGA20- Zn(II) 15-Cr(VI) 15-Ni(II) 5 mg-L-02122024-Q=50.28 mL-min-5,U283-H5-VS2-30.11.2024,2,0,GGA20,292.185,301.0,254.09999,38.08501,0
U283-H5-VS2-GGA20- Zn(II) 15-Cr(VI) 15-Ni(II) 5 mg-L-02122024-Q=50.28 mL-min-5,U283-H5-VS2-30.11.2024,2,1,,291.12167,774.0,252.99999,38.12168,0
U283-H5-VS2-GGA20- Zn(II) 15-Cr(VI) 15-Ni(II) 5 mg-L-02122024-Q=50.28 mL-min-5,U283-H5-VS2-30.11.2024,2,2,,293.84737,1246.0,254.90001,38.94736,0
U283-H5-VS2-GGA20- Zn(II) 15-Cr(VI) 15-Ni(II) 5 mg-L-02122024-Q=50.28 mL-min-5,U283-H5-VS2-30.11.2024,2,3,,291.0,1722.0,253.69999,37.30001,0
U283-H5-VS2-GGA20- Zn(II) 15-Cr(VI) 15-Ni(II) 5 mg-L-02122024-Q=50.28 mL-min-5,U283-H5-VS2-30.11.2024,2,4,,290.77193,2192.0,251.70001,39.07192,0
U283-H5-VS2-GGA20- Zn(II) 15-Cr(VI) 15-Ni(II) 5 mg-L-02122024-Q=50.28 mL-min-5,U283-H5-VS2-30.11.2024,2,5,GGA20-Zn15-Cr15-Ni5,291.09649,2668.0,257.99999,33.0965,1
U283-H5-VS2-GGA20- Zn(II) 15-Cr(VI) 15-Ni(II) 5 mg-L-02122024-Q=50.28 mL-min-5,U283-H5-VS2-30.11.2024,2,6,,296.24737,3141.0,259.5,36.74737,1
U283-H5-VS2-GGA20- Zn(II) 15-Cr(VI) 15-Ni(II) 5 mg-L-02122024-Q=50.28 mL-min-5,U283-H5-VS2-30.11.2024,2,7,,298.61754,3613.0,265.6,33.01754,1
U283-H5-VS2-GGA20- Zn(II) 15-Cr(VI) 15-Ni(II) 5 mg-L-02122024-Q=50.28 mL-min-5,U283-H5-VS2-30.11.2024,2,8,,296.56491,4084.0,266.40001,30.1649,2
U283-H5-VS2-GGA20- Zn(II) 15-Cr(VI) 15-Ni(II) 5 mg-L-02122024-Q=50.28 mL-min-5,U283-H5-VS2-30.11.2024,2,9,,293.22456,4559.0,263.1,30.12456,2
U283-H5-VS2-GGA20- Zn(II) 15-Cr(VI) 15-Ni(II) 5 mg-L-02122024-Q=50.28 mL-min-5,U283-H5-VS2-30.11.2024,2,10,,291.31525,5033.0,258.19999,33.11526,2
U283-H5-VS2-GGA20- Zn(II) 15-Cr(VI) 15-Ni(II) 5 mg-L-02122024-Q=50.28 mL-min-5,U283-H5-VS2-30.11.2024,2,11,,296.07966,5507.0,265.89999,30.17967,2
U284-H6-VS2-GGA10- Zn(II) 5-Cr(VI) 5-Ni(II) 10 mg-L-02122024-Q=50.48 mL-min-3,U284-H6-VS2-30.11.2024,0,0,GGA10,306.04667,301.0,248.4,57.64667,0
U284-H6-VS2-GGA10- Zn(II) 5-Cr(VI) 5-Ni(II) 10 mg-L-02122024-Q=50.48 mL-min-3,U284-H6-VS2-30.11.2024,0,1,,303.6381,774.0,244.8,58.8381,0
U284-H6-VS2-GGA10- Zn(II) 5-Cr(VI) 5-Ni(II) 10 mg-L-02122024-Q=50.48 mL-min-3,U284-H6-VS2-30.11.2024,0,2,,301.83333,1248.0,244.5,57.33333,0
U284-H6-VS2-GGA10- Zn(II) 5-Cr(VI) 5-Ni(II) 10 mg-L-02122024-Q=50.48 mL-min-3,U284-H6-VS2-30.11.2024,0,3,,300.28852,1722.0,242.9,57.38852,0
U284-H6-VS2-GGA10- Zn(II) 5-Cr(VI) 5-Ni(II) 10 mg-L-02122024-Q=50.48 mL-min-3,U284-H6-VS2-30.11.2024,0,4,,297.815,2196.0,241.60001,56.21499,0
U284-H6-VS2-GGA10- Zn(II) 5-Cr(VI) 5-Ni(II) 10 mg-L-02122024-Q=50.48 mL-min-3,U284-H6-VS2-30.11.2024,0,5,,296.05902,2668.0,241.4,54.65902,0
U284-H6-VS2-GGA10- Zn(II) 5-Cr(VI) 5-Ni(II) 10 mg-L-02122024-Q=50.48 mL-min-3,U284-H6-VS2-30.11.2024,0,6,,294.9,3143.0,241.50001,53.39999,0
U284-H6-VS2-GGA10- Zn(II) 5-Cr(VI) 5-Ni(II) 10 mg-L-02122024-Q=50.48 mL-min-3,U284-H6-VS2-30.11.2024,0,7,GGA10-Zn5-Cr5-Ni10,293.52459,3619.0,253.19999,40.3246,1
U284-H6-VS2-GGA10- Zn(II) 5-Cr(VI) 5-Ni(II) 10 mg-L-02122024-Q=50.48 mL-min-3,U284-H6-VS2-30.11.2024,0,8,,295.7082,4089.0,266.40001,29.30819,1
U284-H6-VS2-GGA10- Zn(II) 5-Cr(VI) 5-Ni(II) 10 mg-L-02122024-Q=50.48 mL-min-3,U284-H6-VS2-30.11.2024,0,9,,303.98525,4563.0,278.0,25.98525,1
U284-H6-VS2-GGA10- Zn(II) 5-Cr(VI) 5-Ni(II) 10 mg-L-02122024-Q=50.48 mL-min-3,U284-H6-VS2-30.11.2024,0,10,,313.61905,5037.0,289.99999,23.61906,1
U284-H6-VS2-GGA10- Zn(II) 5-Cr(VI) 5-Ni(II) 10 mg-L-02122024-Q=50.48 mL-min-3,U284-H6-VS2-30.11.2024,0,11,,316.8,5511.0,291.5,25.3,1
U284-H6-VS2-GGA10- Zn(II) 5-Cr(VI) 5-Ni(II) 10 mg-L-02122024-Q=50.48 mL-min-3,U284-H6-VS2-30.11.2024,0,12,,320.98167,5981.0,296.0,24.98167,1
U284-H6-VS2-GGA10- Zn(II) 5-Cr(VI) 5-Ni(II) 10 mg-L-02122024-Q=50.48 mL-min-3,U284-H6-VS2-30.11.2024,0,13,,322.23,6458.0,299.49999,22.73001,1
U284-H6-VS2-GGA10- Zn(II) 5-Cr(VI) 5-Ni(II) 10 mg-L-02122024-Q=50.48 mL-min-3,U284-H6-VS2-30.11.2024,0,14,,324.805,6930.0,300.50001,24.30499,1
U284-H6-VS2-GGA10- Zn(II) 5-Cr(VI) 5-Ni(II) 10 mg-L-02122024-Q=50.48 mL-min-3,U284-H6-VS2-30.11.2024,0,15,,325.31147,7408.0,304.10001,21.21146,2
U284-H6-VS2-GGA10- Zn(II) 5-Cr(VI) 5-Ni(II) 10 mg-L-02122024-Q=50.48 mL-min-3,U284-H6-VS2-30.11.2024,0,16,,315.25,7879.0,297.69999,17.55001,2
U284-H6-VS2-GGA10- Zn(II) 5-Cr(VI) 5-Ni(II) 10 mg-L-02122024-Q=50.48 mL-min-3,U284-H6-VS2-30.11.2024,0,17,,316.925,8352.0,293.00001,23.92499,2
U284-H6-VS2-GGA10- Zn(II) 5-Cr(VI) 5-Ni(II) 10 mg-L-02122024-Q=50.48 mL-min-3,U284-H6-VS2-30.11.2024,0,18,,313.30656,8824.0,291.00001,22.30655,2
U284-H6-VS2-GGA15- Zn(II) 10-Cr(VI) 5-Ni(II) 15 mg-L-02122024-Q=50.48 mL-min-4,U284-H6-VS2-30.11.2024,1,0,GGA15,311.18667,301.0,283.69999,27.48668,0
U284-H6-VS2-GGA15- Zn(II) 10-Cr(VI) 5-Ni(II) 15 mg-L-02122024-Q=50.48 mL-min-4,U284-H6-VS2-30.11.2024,1,1,,309.90492,777.0,282.79999,27.10493,0
U284-H6-VS2-GGA15- Zn(II) 10-Cr(VI) 5-Ni(II) 15 mg-L-02122024-Q=50.48 mL-min-4,U284-H6-VS2-30.11.2024,1,2,,308.43934,1250.0,280.2,28.23934,0
U284-H6-VS2-GGA15- Zn(II) 10-Cr(VI) 5-Ni(II) 15 mg-L-02122024-Q=50.48 mL-min-4,U284-H6-VS2-30.11.2024,1,3,,306.82333,1724.0,278.60001,28.22332,0
U284-H6-VS2-GGA15- Zn(II) 10-Cr(VI) 5-Ni(II) 15 mg-L-02122024-Q=50.48 mL-min-4,U284-H6-VS2-30.11.2024,1,4,,310.36833,2197.0,281.19999,29.16834,0
U284-H6-VS2-GGA15- Zn(II) 10-Cr(VI) 5-Ni(II) 15 mg-L-02122024-Q=50.48 mL-min-4,U284-H6-VS2-30.11.2024,1,5,,304.38033,2671.0,276.49999,27.88034,0
U284-H6-VS2-GGA15- Zn(II) 10-Cr(VI) 5-Ni(II) 15 mg-L-02122024-Q=50.48 mL-min-4,U284-H6-VS2-30.11.2024,1,6,,306.45873,3143.0,279.3,27.15873,0
U284-H6-VS2-GGA15- Zn(II) 10-Cr(VI) 5-Ni(II) 15 mg-L-02122024-Q=50.48 mL-min-4,U284-H6-VS2-30.11.2024,1,7,GGA15-Zn10-Cr5-Ni15,310.77541,3619.0,278.10001,32.6754,1
U284-H6-VS2-GGA15- Zn(II) 10-Cr(VI) 5-Ni(II) 15 mg-L-02122024-Q=50.48 mL-min-4,U284-H6-VS2-30.11.2024,1,8,,307.38421,4090.0,282.09999,25.28422,1
U284-H6-VS2-GGA15- Zn(II) 10-Cr(VI) 5-Ni(II) 15 mg-L-02122024-Q=50.48 mL-min-4,U284-H6-VS2-30.11.2024,1,9,,303.7614,4564.0,279.59999,24.16141,1
U284-H6-VS2-GGA15- Zn(II) 10-Cr(VI) 5-Ni(II) 15 mg-L-02122024-Q=50.48 mL-min-4,U284-H6-VS2-30.11.2024,1,10,,301.74737,5035.0,278.10001,23.64736,1
U284-H6-VS2-GGA15- Zn(II) 10-Cr(VI) 5-Ni(II) 15 mg-L-02122024-Q=50.48 mL-min-4,U284-H6-VS2-30.11.2024,1,11,,299.94561,5509.0,277.1,22.84561,1
U284-H6-VS2-GGA15- Zn(II) 10-Cr(VI) 5-Ni(II) 15 mg-L-02122024-Q=50.48 mL-min-4,U284-H6-VS2-30.11.2024,1,12,,302.94912,5987.0,280.40001,22.54911,1
U284-H6-VS2-GGA15- Zn(II) 10-Cr(VI) 5-Ni(II) 15 mg-L-02122024-Q=50.48 mL-min-4,U284-H6-VS2-30.11.2024,1,13,,301.5193,6463.0,280.9,20.6193,2
U284-H6-VS2-GGA15- Zn(II) 10-Cr(VI) 5-Ni(II) 15 mg-L-02122024-Q=50.48 mL-min-4,U284-H6-VS2-30.11.2024,1,14,,304.33684,6933.0,283.10001,21.23683,2
U284-H6-VS2-GGA20- Zn(II) 15-Cr(VI) 15-Ni(II) 5 mg-L-02122024-Q=50.52 mL-min-6,U284-H6-VS2-30.11.2024,2,0,GGA20,303.66316,301.0,276.80001,26.86315,0
U284-H6-VS2-GGA20- Zn(II) 15-Cr(VI) 15-Ni(II) 5 mg-L-02122024-Q=50.52 mL-min-6,U284-H6-VS2-30.11.2024,2,1,,301.37018,778.0,274.89999,26.47019,0
U284-H6-VS2-GGA20- Zn(II) 15-Cr(VI) 15-Ni(II) 5 mg-L-02122024-Q=50.52 mL-min-6,U284-H6-VS2-30.11.2024,2,2,,299.51017,1249.0,273.60001,25.91016,0
U284-H6-VS2-GGA20- Zn(II) 15-Cr(VI) 15-Ni(II) 5 mg-L-02122024-Q=50.52 mL-min-6,U284-H6-VS2-30.11.2024,2,3,,302.81404,1719.0,275.99999,26.81405,0
U284-H6-VS2-GGA20- Zn(II) 15-Cr(VI) 15-Ni(II) 5 mg-L-02122024-Q=50.52 mL-min-6,U284-H6-VS2-30.11.2024,2,4,,299.48772,2194.0,272.50001,26.98771,0
U284-H6-VS2-GGA20- Zn(II) 15-Cr(VI) 15-Ni(II) 5 mg-L-02122024-Q=50.52 mL-min-6,U284-H6-VS2-30.11.2024,2,5,,296.67018,2666.0,272.6,24.07018,0
U284-H6-VS2-GGA20- Zn(II) 15-Cr(VI) 15-Ni(II) 5 mg-L-02122024-Q=50.52 mL-min-6,U284-H6-VS2-30.11.2024,2,6,GGA20-Zn15-Cr15-Ni5,297.57018,3142.0,275.00001,22.57017,1
U284-H6-VS2-GGA20- Zn(II) 15-Cr(VI) 15-Ni(II) 5 mg-L-02122024-Q=50.52 mL-min-6,U284-H6-VS2-30.11.2024,2,7,,301.80175,3614.0,278.9,22.90175,1
U284-H6-VS2-GGA20- Zn(II) 15-Cr(VI) 15-Ni(II) 5 mg-L-02122024-Q=50.52 mL-min-6,U284-H6-VS2-30.11.2024,2,8,,303.78947,4087.0,281.8,21.98947,1
U284-H6-VS2-GGA20- Zn(II) 15-Cr(VI) 15-Ni(II) 5 mg-L-02122024-Q=50.52 mL-min-6,U284-H6-VS2-30.11.2024,2,9,,303.23684,4557.0,282.00001,21.23683,1
U284-H6-VS2-GGA20- Zn(II) 15-Cr(VI) 15-Ni(II) 5 mg-L-02122024-Q=50.52 mL-min-6,U284-H6-VS2-30.11.2024,2,10,,298.00176,5033.0,278.10001,19.90175,2
U284-H6-VS2-GGA20- Zn(II) 15-Cr(VI) 15-Ni(II) 5 mg-L-02122024-Q=50.52 mL-min-6,U284-H6-VS2-30.11.2024,2,11,,294.97544,5506.0,277.39999,17.57545,2
U284-H6-VS2-GGA20- Zn(II) 15-Cr(VI) 15-Ni(II) 5 mg-L-02122024-Q=50.52 mL-min-6,U284-H6-VS2-30.11.2024,2,12,,302.30509,5979.0,280.49999,21.8051,2
U285-H5-VS2-GGA5- Zn(II) 5-Cr(VI) 5-Ni(II) 10 mg-L-03122024-Q=50.8 mL-min-3,U285-H5-VS2-01.12.2024,0,0,GGA5,297.45224,301.0,226.2,71.25224,0
U285-H5-VS2-GGA5- Zn(II) 5-Cr(VI) 5-Ni(II) 10 mg-L-03122024-Q=50.8 mL-min-3,U285-H5-VS2-01.12.2024,0,1,,296.88235,775.0,225.3,71.58235,0
U285-H5-VS2-GGA5- Zn(II) 5-Cr(VI) 5-Ni(II) 10 mg-L-03122024-Q=50.8 mL-min-3,U285-H5-VS2-01.12.2024,0,2,,297.56857,1247.0,224.2,73.36857,0
U285-H5-VS2-GGA5- Zn(II) 5-Cr(VI) 5-Ni(II) 10 mg-L-03122024-Q=50.8 mL-min-3,U285-H5-VS2-01.12.2024,0,3,,305.92206,1726.0,232.4,73.52206,0
U285-H5-VS2-GGA5- Zn(II) 5-Cr(VI) 5-Ni(II) 10 mg-L-03122024-Q=50.8 mL-min-3,U285-H5-VS2-01.12.2024,0,4,,313.65075,2200.0,240.70001,72.95074,0
U285-H5-VS2-GGA5- Zn(II) 5-Cr(VI) 5-Ni(II) 10 mg-L-03122024-Q=50.8 mL-min-3,U285-H5-VS2-01.12.2024,0,5,,308.12941,2674.0,236.8,71.32941,0
U285-H5-VS2-GGA5- Zn(II) 5-Cr(VI) 5-Ni(II) 10 mg-L-03122024-Q=50.8 mL-min-3,U285-H5-VS2-01.12.2024,0,6,GGA5-Zn5-Cr5-Ni10,310.51323,3146.0,239.09999,71.41324,1
U285-H5-VS2-GGA5- Zn(II) 5-Cr(VI) 5-Ni(II) 10 mg-L-03122024-Q=50.8 mL-min-3,U285-H5-VS2-01.12.2024,0,7,,311.5647,3618.0,256.1,55.4647,1
U285-H5-VS2-GGA5- Zn(II) 5-Cr(VI) 5-Ni(II) 10 mg-L-03122024-Q=50.8 mL-min-3,U285-H5-VS2-01.12.2024,0,8,,308.89403,4091.0,259.60001,49.29402,1
U285-H5-VS2-GGA5- Zn(II) 5-Cr(VI) 5-Ni(II) 10 mg-L-03122024-Q=50.8 mL-min-3,U285-H5-VS2-01.12.2024,0,9,,305.29559,4567.0,261.7,43.59559,1
U285-H5-VS2-GGA5- Zn(II) 5-Cr(VI) 5-Ni(II) 10 mg-L-03122024-Q=50.8 mL-min-3,U285-H5-VS2-01.12.2024,0,10,,305.85286,5038.0,260.89999,44.95287,1
U285-H5-VS2-GGA5- Zn(II) 5-Cr(VI) 5-Ni(II) 10 mg-L-03122024-Q=50.8 mL-min-3,U285-H5-VS2-01.12.2024,0,11,,309.41591,5513.0,272.3,37.11591,2
U285-H5-VS2-GGA5- Zn(II) 5-Cr(VI) 5-Ni(II) 10 mg-L-03122024-Q=50.8 mL-min-3,U285-H5-VS2-01.12.2024,0,12,,317.26445,5988.0,277.5,39.76445,2
U285-H5-VS2-GGA5- Zn(II) 5-Cr(VI) 5-Ni(II) 10 mg-L-03122024-Q=50.8 mL-min-3,U285-H5-VS2-01.12.2024,0,13,,311.20455,6459.0,275.5,35.70455,2
U285-H5-VS2-GGA15- Zn(II) 10-Cr(VI) 10-Ni(II) 5 mg-L-03122024-Q=50.28 mL-min-5,U285-H5-VS2-01.12.2024,1,0,GGA15,301.6,301.0,251.8,49.8,0
U285-H5-VS2-GGA15- Zn(II) 10-Cr(VI) 10-Ni(II) 5 mg-L-03122024-Q=50.28 mL-min-5,U285-H5-VS2-01.12.2024,1,1,,301.13182,774.0,248.3,52.83182,0
U285-H5-VS2-GGA15- Zn(II) 10-Cr(VI) 10-Ni(II) 5 mg-L-03122024-Q=50.28 mL-min-5,U285-H5-VS2-01.12.2024,1,2,,299.33864,1248.0,241.8,57.53864,0
U285-H5-VS2-GGA15- Zn(II) 10-Cr(VI) 10-Ni(II) 5 mg-L-03122024-Q=50.28 mL-min-5,U285-H5-VS2-01.12.2024,1,3,,294.82046,1723.0,243.30001,51.52045,0
U285-H5-VS2-GGA15- Zn(II) 10-Cr(VI) 10-Ni(II) 5 mg-L-03122024-Q=50.28 mL-min-5,U285-H5-VS2-01.12.2024,1,4,,295.74545,2194.0,241.1,54.64545,0
U285-H5-VS2-GGA15- Zn(II) 10-Cr(VI) 10-Ni(II) 5 mg-L-03122024-Q=50.28 mL-min-5,U285-H5-VS2-01.12.2024,1,5,,293.41591,2671.0,237.7,55.71591,0
U285-H5-VS2-GGA15- Zn(II) 10-Cr(VI) 10-Ni(II) 5 mg-L-03122024-Q=50.28 mL-min-5,U285-H5-VS2-01.12.2024,1,6,GGA15-Zn10-Cr10-Ni5,296.11136,3141.0,250.9,45.21136,1
U285-H5-VS2-GGA15- Zn(II) 10-Cr(VI) 10-Ni(II) 5 mg-L-03122024-Q=50.28 mL-min-5,U285-H5-VS2-01.12.2024,1,7,,298.66364,3612.0,257.80001,40.86363,1
U285-H5-VS2-GGA15- Zn(II) 10-Cr(VI) 10-Ni(II) 5 mg-L-03122024-Q=50.28 mL-min-5,U285-H5-VS2-01.12.2024,1,8,,296.04091,4086.0,268.59999,27.44092,1
U285-H5-VS2-GGA15- Zn(II) 10-Cr(VI) 10-Ni(II) 5 mg-L-03122024-Q=50.28 mL-min-5,U285-H5-VS2-01.12.2024,1,9,,298.60217,4562.0,264.2,34.40217,1
U285-H5-VS2-GGA15- Zn(II) 10-Cr(VI) 10-Ni(II) 5 mg-L-03122024-Q=50.28 mL-min-5,U285-H5-VS2-01.12.2024,1,10,,296.00227,5034.0,261.5,34.50227,1
U285-H5-VS2-GGA15- Zn(II) 10-Cr(VI) 10-Ni(II) 5 mg-L-03122024-Q=50.28 mL-min-5,U285-H5-VS2-01.12.2024,1,11,,299.31136,5506.0,260.6,38.71136,1
U285-H5-VS2-GGA15- Zn(II) 10-Cr(VI) 10-Ni(II) 5 mg-L-03122024-Q=50.28 mL-min-5,U285-H5-VS2-01.12.2024,1,12,,298.55454,5980.0,263.8,34.75454,1
U285-H5-VS2-GGA15- Zn(II) 10-Cr(VI) 10-Ni(II) 5 mg-L-03122024-Q=50.28 mL-min-5,U285-H5-VS2-01.12.2024,1,13,,299.20227,6453.0,265.89999,33.30228,2
U285-H5-VS2-GGA15- Zn(II) 10-Cr(VI) 10-Ni(II) 5 mg-L-03122024-Q=50.28 mL-min-5,U285-H5-VS2-01.12.2024,1,14,,296.12667,6928.0,264.7,31.42667,2
U285-H5-VS2-GGA15- Zn(II) 10-Cr(VI) 10-Ni(II) 5 mg-L-03122024-Q=50.28 mL-min-5,U285-H5-VS2-01.12.2024,1,15,,300.76137,7400.0,268.3,32.46137,2
U285-H5-VS2-GGA20- Zn(II) 15-Cr(VI) 15-Ni(II) 10 mg-L-03122024-Q=50.34 mL-min-5,U285-H5-VS2-01.12.2024,2,0,GGA20,297.68864,301.0,256.70001,40.98863,0
U285-H5-VS2-GGA20- Zn(II) 15-Cr(VI) 15-Ni(II) 10 mg-L-03122024-Q=50.34 mL-min-5,U285-H5-VS2-01.12.2024,2,1,,295.52,774.0,258.1,37.42,0
U285-H5-VS2-GGA20- Zn(II) 15-Cr(VI) 15-Ni(II) 10 mg-L-03122024-Q=50.34 mL-min-5,U285-H5-VS2-01.12.2024,2,2,,298.33778,1248.0,255.60001,42.73777,0
U285-H5-VS2-GGA20- Zn(II) 15-Cr(VI) 15-Ni(II) 10 mg-L-03122024-Q=50.34 mL-min-5,U285-H5-VS2-01.12.2024,2,3,,296.92045,1720.0,253.30001,43.62044,0
U285-H5-VS2-GGA20- Zn(II) 15-Cr(VI) 15-Ni(II) 10 mg-L-03122024-Q=50.34 mL-min-5,U285-H5-VS2-01.12.2024,2,4,,298.16591,2195.0,252.79999,45.36592,0
U285-H5-VS2-GGA20- Zn(II) 15-Cr(VI) 15-Ni(II) 10 mg-L-03122024-Q=50.34 mL-min-5,U285-H5-VS2-01.12.2024,2,5,,298.50227,2666.0,253.4,45.10227,0
U285-H5-VS2-GGA20- Zn(II) 15-Cr(VI) 15-Ni(II) 10 mg-L-03122024-Q=50.34 mL-min-5,U285-H5-VS2-01.12.2024,2,6,,295.74894,3140.0,250.09999,45.64895,0
U285-H5-VS2-GGA20- Zn(II) 15-Cr(VI) 15-Ni(II) 10 mg-L-03122024-Q=50.34 mL-min-5,U285-H5-VS2-01.12.2024,2,7,GGA20-Zn15-Cr15-Ni10,299.05652,3617.0,262.49999,36.55653,1
U285-H5-VS2-GGA20- Zn(II) 15-Cr(VI) 15-Ni(II) 10 mg-L-03122024-Q=50.34 mL-min-5,U285-H5-VS2-01.12.2024,2,8,,299.84131,4089.0,268.00001,31.8413,1
U285-H5-VS2-GGA20- Zn(II) 15-Cr(VI) 15-Ni(II) 10 mg-L-03122024-Q=50.34 mL-min-5,U285-H5-VS2-01.12.2024,2,9,,298.75652,4561.0,267.6,31.15652,1
U285-H5-VS2-GGA20- Zn(II) 15-Cr(VI) 15-Ni(II) 10 mg-L-03122024-Q=50.34 mL-min-5,U285-H5-VS2-01.12.2024,2,10,,297.87234,5035.0,266.5,31.37234,1
U285-H5-VS2-GGA20- Zn(II) 15-Cr(VI) 15-Ni(II) 10 mg-L-03122024-Q=50.34 mL-min-5,U285-H5-VS2-01.12.2024,2,11,,298.28511,5507.0,268.5,29.78511,2
U285-H5-VS2-GGA20- Zn(II) 15-Cr(VI) 15-Ni(II) 10 mg-L-03122024-Q=50.34 mL-min-5,U285-H5-VS2-01.12.2024,2,12,,297.58043,5979.0,269.49999,28.08044,2
U286-H6-VS2-GGA5- Zn(II) 5-Cr(VI) 5-Ni(II) 10 mg-L-03122024-Q=50.22 mL-min-4,U286-H6-VS2-01.12.2024,0,0,GGA5,317.47347,301.0,266.60001,50.87346,0
U286-H6-VS2-GGA5- Zn(II) 5-Cr(VI) 5-Ni(II) 10 mg-L-03122024-Q=50.22 mL-min-4,U286-H6-VS2-01.12.2024,0,1,,316.47234,771.0,268.59999,47.87235,0
U286-H6-VS2-GGA5- Zn(II) 5-Cr(VI) 5-Ni(II) 10 mg-L-03122024-Q=50.22 mL-min-4,U286-H6-VS2-01.12.2024,0,2,,320.7766,1245.0,271.2,49.5766,0
U286-H6-VS2-GGA5- Zn(II) 5-Cr(VI) 5-Ni(II) 10 mg-L-03122024-Q=50.22 mL-min-4,U286-H6-VS2-01.12.2024,0,3,,328.9383,1720.0,276.69999,52.23831,0
U286-H6-VS2-GGA5- Zn(II) 5-Cr(VI) 5-Ni(II) 10 mg-L-03122024-Q=50.22 mL-min-4,U286-H6-VS2-01.12.2024,0,4,,338.08913,2195.0,283.2,54.88913,0
U286-H6-VS2-GGA5- Zn(II) 5-Cr(VI) 5-Ni(II) 10 mg-L-03122024-Q=50.22 mL-min-4,U286-H6-VS2-01.12.2024,0,5,,332.24042,2665.0,277.20001,55.04041,0
U286-H6-VS2-GGA5- Zn(II) 5-Cr(VI) 5-Ni(II) 10 mg-L-03122024-Q=50.22 mL-min-4,U286-H6-VS2-01.12.2024,0,6,GGA5-Zn5-Cr5-Ni10,328.34255,3141.0,282.5,45.84255,1
U286-H6-VS2-GGA5- Zn(II) 5-Cr(VI) 5-Ni(II) 10 mg-L-03122024-Q=50.22 mL-min-4,U286-H6-VS2-01.12.2024,0,7,,327.94043,3617.0,291.79999,36.14044,1
U286-H6-VS2-GGA5- Zn(II) 5-Cr(VI) 5-Ni(II) 10 mg-L-03122024-Q=50.22 mL-min-4,U286-H6-VS2-01.12.2024,0,8,,324.32609,4090.0,292.9,31.42609,1
U286-H6-VS2-GGA5- Zn(II) 5-Cr(VI) 5-Ni(II) 10 mg-L-03122024-Q=50.22 mL-min-4,U286-H6-VS2-01.12.2024,0,9,,323.85714,4561.0,295.89999,27.95715,1
U286-H6-VS2-GGA5- Zn(II) 5-Cr(VI) 5-Ni(II) 10 mg-L-03122024-Q=50.22 mL-min-4,U286-H6-VS2-01.12.2024,0,10,,320.6383,5034.0,293.3,27.3383,2
U286-H6-VS2-GGA5- Zn(II) 5-Cr(VI) 5-Ni(II) 10 mg-L-03122024-Q=50.22 mL-min-4,U286-H6-VS2-01.12.2024,0,11,,328.81739,5507.0,302.1,26.71739,2
U286-H6-VS2-GGA5- Zn(II) 5-Cr(VI) 5-Ni(II) 10 mg-L-03122024-Q=50.22 mL-min-4,U286-H6-VS2-01.12.2024,0,12,,335.5,5981.0,308.49999,27.00001,2
U286-H6-VS2-GGA15- Zn(II) 10-Cr(VI) 10-Ni(II) 15 mg-L-03122024-Q=50.52 mL-min-6,U286-H6-VS2-01.12.2024,1,0,GGA15,315.625,301.0,277.20001,38.42499,0
U286-H6-VS2-GGA15- Zn(II) 10-Cr(VI) 10-Ni(II) 15 mg-L-03122024-Q=50.52 mL-min-6,U286-H6-VS2-01.12.2024,1,1,,314.20213,774.0,276.69999,37.50214,0
U286-H6-VS2-GGA15- Zn(II) 10-Cr(VI) 10-Ni(II) 15 mg-L-03122024-Q=50.52 mL-min-6,U286-H6-VS2-01.12.2024,1,2,,313.25532,1249.0,275.40001,37.85531,0
U286-H6-VS2-GGA15- Zn(II) 10-Cr(VI) 10-Ni(II) 15 mg-L-03122024-Q=50.52 mL-min-6,U286-H6-VS2-01.12.2024,1,3,,308.26383,1721.0,271.4,36.86383,0
U286-H6-VS2-GGA15- Zn(II) 10-Cr(VI) 10-Ni(II) 15 mg-L-03122024-Q=50.52 mL-min-6,U286-H6-VS2-01.12.2024,1,4,,306.17174,2194.0,266.09999,40.07175,0
U286-H6-VS2-GGA15- Zn(II) 10-Cr(VI) 10-Ni(II) 15 mg-L-03122024-Q=50.52 mL-min-6,U286-H6-VS2-01.12.2024,1,5,,305.75532,2666.0,265.6,40.15532,0
U286-H6-VS2-GGA15- Zn(II) 10-Cr(VI) 10-Ni(II) 15 mg-L-03122024-Q=50.52 mL-min-6,U286-H6-VS2-01.12.2024,1,6,,305.46383,3142.0,266.7,38.76383,0
U286-H6-VS2-GGA15- Zn(II) 10-Cr(VI) 10-Ni(II) 15 mg-L-03122024-Q=50.52 mL-min-6,U286-H6-VS2-01.12.2024,1,7,GGA15-Zn10-Cr10-Ni15,306.26809,3615.0,274.10001,32.16808,1
U286-H6-VS2-GGA15- Zn(II) 10-Cr(VI) 10-Ni(II) 15 mg-L-03122024-Q=50.52 mL-min-6,U286-H6-VS2-01.12.2024,1,8,,307.44131,4089.0,280.2,27.24131,1
U286-H6-VS2-GGA15- Zn(II) 10-Cr(VI) 10-Ni(II) 15 mg-L-03122024-Q=50.52 mL-min-6,U286-H6-VS2-01.12.2024,1,9,,304.67755,4563.0,280.60001,24.07754,1
U286-H6-VS2-GGA15- Zn(II) 10-Cr(VI) 10-Ni(II) 15 mg-L-03122024-Q=50.52 mL-min-6,U286-H6-VS2-01.12.2024,1,10,,307.0234,5038.0,279.19999,27.82341,1
U286-H6-VS2-GGA15- Zn(II) 10-Cr(VI) 10-Ni(II) 15 mg-L-03122024-Q=50.52 mL-min-6,U286-H6-VS2-01.12.2024,1,11,,306.99787,5510.0,285.10001,21.89786,1
U286-H6-VS2-GGA15- Zn(II) 10-Cr(VI) 10-Ni(II) 15 mg-L-03122024-Q=50.52 mL-min-6,U286-H6-VS2-01.12.2024,1,12,,305.64468,5981.0,283.6,22.04468,1
U286-H6-VS2-GGA15- Zn(II) 10-Cr(VI) 10-Ni(II) 15 mg-L-03122024-Q=50.52 mL-min-6,U286-H6-VS2-01.12.2024,1,13,,305.91702,6457.0,282.5,23.41702,1
U286-H6-VS2-GGA15- Zn(II) 10-Cr(VI) 10-Ni(II) 15 mg-L-03122024-Q=50.52 mL-min-6,U286-H6-VS2-01.12.2024,1,14,,305.77872,6927.0,284.39999,21.37873,2
U286-H6-VS2-GGA15- Zn(II) 10-Cr(VI) 10-Ni(II) 15 mg-L-03122024-Q=50.52 mL-min-6,U286-H6-VS2-01.12.2024,1,15,,301.61522,7403.0,280.40001,21.21521,2
U286-H6-VS2-GGA20- Zn(II) 15-Cr(VI) 15-Ni(II) 10 mg-L-03122024-Q=50.6 mL-min-6,U286-H6-VS2-01.12.2024,2,0,GGA20,306.87872,301.0,281.19999,25.67873,0
U286-H6-VS2-GGA20- Zn(II) 15-Cr(VI) 15-Ni(II) 10 mg-L-03122024-Q=50.6 mL-min-6,U286-H6-VS2-01.12.2024,2,1,,307.68936,775.0,281.8,25.88936,0
U286-H6-VS2-GGA20- Zn(II) 15-Cr(VI) 15-Ni(II) 10 mg-L-03122024-Q=50.6 mL-min-6,U286-H6-VS2-01.12.2024,2,2,,307.12979,1248.0,280.09999,27.0298,0
U286-H6-VS2-GGA20- Zn(II) 15-Cr(VI) 15-Ni(II) 10 mg-L-03122024-Q=50.6 mL-min-6,U286-H6-VS2-01.12.2024,2,3,,307.1766,1720.0,278.4,28.7766,0
U286-H6-VS2-GGA20- Zn(II) 15-Cr(VI) 15-Ni(II) 10 mg-L-03122024-Q=50.6 mL-min-6,U286-H6-VS2-01.12.2024,2,4,,305.79575,2195.0,276.6,29.19575,0
U286-H6-VS2-GGA20- Zn(II) 15-Cr(VI) 15-Ni(II) 10 mg-L-03122024-Q=50.6 mL-min-6,U286-H6-VS2-01.12.2024,2,5,,305.54694,2666.0,277.59999,27.94695,0
U286-H6-VS2-GGA20- Zn(II) 15-Cr(VI) 15-Ni(II) 10 mg-L-03122024-Q=50.6 mL-min-6,U286-H6-VS2-01.12.2024,2,6,,303.64043,3143.0,275.00001,28.64042,0
U286-H6-VS2-GGA20- Zn(II) 15-Cr(VI) 15-Ni(II) 10 mg-L-03122024-Q=50.6 mL-min-6,U286-H6-VS2-01.12.2024,2,7,GGA20-Zn15-Cr15-Ni10,304.57021,3616.0,279.70001,24.8702,1
U286-H6-VS2-GGA20- Zn(II) 15-Cr(VI) 15-Ni(II) 10 mg-L-03122024-Q=50.6 mL-min-6,U286-H6-VS2-01.12.2024,2,8,,306.02391,4092.0,285.49999,20.52392,1
U286-H6-VS2-GGA20- Zn(II) 15-Cr(VI) 15-Ni(II) 10 mg-L-03122024-Q=50.6 mL-min-6,U286-H6-VS2-01.12.2024,2,9,,304.55957,4567.0,285.69999,18.85958,1
U286-H6-VS2-GGA20- Zn(II) 15-Cr(VI) 15-Ni(II) 10 mg-L-03122024-Q=50.6 mL-min-6,U286-H6-VS2-01.12.2024,2,10,,303.19149,5039.0,284.59999,18.5915,1
U286-H6-VS2-GGA20- Zn(II) 15-Cr(VI) 15-Ni(II) 10 mg-L-03122024-Q=50.6 mL-min-6,U286-H6-VS2-01.12.2024,2,11,,302.85106,5508.0,283.69999,19.15107,1
U286-H6-VS2-GGA20- Zn(II) 15-Cr(VI) 15-Ni(II) 10 mg-L-03122024-Q=50.6 mL-min-6,U286-H6-VS2-01.12.2024,2,12,,303.41522,5985.0,284.79999,18.61523,2
U286-H6-VS2-GGA20- Zn(II) 15-Cr(VI) 15-Ni(II) 10 mg-L-03122024-Q=50.6 mL-min-6,U286-H6-VS2-01.12.2024,2,13,,302.91915,6456.0,284.39999,18.51916,2
U286-H6-VS2-GGA20- Zn(II) 15-Cr(VI) 15-Ni(II) 10 mg-L-03122024-Q=50.6 mL-min-6,U286-H6-VS2-01.12.2024,2,14,,299.28367,6930.0,280.80001,18.48366,2
U287-H5-VS2-GGA5- Zn(II) 5-Cr(VI) 5-Ni(II) 10 mg-L-04122024-Q=50.42 mL-min-6,U287-H5-VS2-02.12.2024,0,0,GGA5,285.57083,301.0,229.30001,56.27082,0
U287-H5-VS2-GGA5- Zn(II) 5-Cr(VI) 5-Ni(II) 10 mg-L-04122024-Q=50.42 mL-min-6,U287-H5-VS2-02.12.2024,0,1,,282.22027,773.0,225.4,56.82027,0
U287-H5-VS2-GGA5- Zn(II) 5-Cr(VI) 5-Ni(II) 10 mg-L-04122024-Q=50.42 mL-min-6,U287-H5-VS2-02.12.2024,0,2,,281.28611,1247.0,221.8,59.48611,0
U287-H5-VS2-GGA5- Zn(II) 5-Cr(VI) 5-Ni(II) 10 mg-L-04122024-Q=50.42 mL-min-6,U287-H5-VS2-02.12.2024,0,3,,279.75916,1721.0,223.90001,55.85915,0
U287-H5-VS2-GGA5- Zn(II) 5-Cr(VI) 5-Ni(II) 10 mg-L-04122024-Q=50.42 mL-min-6,U287-H5-VS2-02.12.2024,0,4,,277.16111,2193.0,224.6,52.56111,0
U287-H5-VS2-GGA5- Zn(II) 5-Cr(VI) 5-Ni(II) 10 mg-L-04122024-Q=50.42 mL-min-6,U287-H5-VS2-02.12.2024,0,5,,283.44445,2667.0,230.0,53.44445,0
U287-H5-VS2-GGA5- Zn(II) 5-Cr(VI) 5-Ni(II) 10 mg-L-04122024-Q=50.42 mL-min-6,U287-H5-VS2-02.12.2024,0,6,,282.93611,3140.0,223.19999,59.73612,0
U287-H5-VS2-GGA5- Zn(II) 5-Cr(VI) 5-Ni(II) 10 mg-L-04122024-Q=50.42 mL-min-6,U287-H5-VS2-02.12.2024,0,7,GGA5-Zn5-Cr5-Ni10,288.54861,3612.0,245.10001,43.4486,1
U287-H5-VS2-GGA5- Zn(II) 5-Cr(VI) 5-Ni(II) 10 mg-L-04122024-Q=50.42 mL-min-6,U287-H5-VS2-02.12.2024,0,8,,290.12916,4086.0,254.40001,35.72915,1
U287-H5-VS2-GGA5- Zn(II) 5-Cr(VI) 5-Ni(II) 10 mg-L-04122024-Q=50.42 mL-min-6,U287-H5-VS2-02.12.2024,0,9,,291.41667,4557.0,259.60001,31.81666,2
U287-H5-VS2-GGA5- Zn(II) 5-Cr(VI) 5-Ni(II) 10 mg-L-04122024-Q=50.42 mL-min-6,U287-H5-VS2-02.12.2024,0,10,,291.90541,5034.0,257.99999,33.90542,2
U287-H5-VS2-GGA5- Zn(II) 5-Cr(VI) 5-Ni(II) 10 mg-L-04122024-Q=50.42 mL-min-6,U287-H5-VS2-02.12.2024,0,11,,289.70972,5503.0,255.10001,34.60971,2
U287-H5-VS2-GGA5- Zn(II) 5-Cr(VI) 5-Ni(II) 10 mg-L-04122024-Q=50.42 mL-min-6,U287-H5-VS2-02.12.2024,0,12,,287.99014,5978.0,256.1,31.89014,2
U287-H5-VS2-GGA20- Zn(II) 15-Cr(VI) 10-Ni(II) 10 mg-L-04122024-Q=50.50.16 mL-min-3,U287-H5-VS2-02.12.2024,1,0,GGA20,295.66786,301.0,259.60001,36.06785,0
U287-H5-VS2-GGA20- Zn(II) 15-Cr(VI) 10-Ni(II) 10 mg-L-04122024-Q=50.50.16 mL-min-3,U287-H5-VS2-02.12.2024,1,1,,293.49286,771.0,257.40001,36.09285,0
U287-H5-VS2-GGA20- Zn(II) 15-Cr(VI) 10-Ni(II) 10 mg-L-04122024-Q=50.50.16 mL-min-3,U287-H5-VS2-02.12.2024,1,2,,300.37678,1248.0,259.40001,40.97677,0
U287-H5-VS2-GGA20- Zn(II) 15-Cr(VI) 10-Ni(II) 10 mg-L-04122024-Q=50.50.16 mL-min-3,U287-H5-VS2-02.12.2024,1,3,,305.0,1721.0,267.6,37.4,0
U287-H5-VS2-GGA20- Zn(II) 15-Cr(VI) 10-Ni(II) 10 mg-L-04122024-Q=50.50.16 mL-min-3,U287-H5-VS2-02.12.2024,1,4,,305.51455,2192.0,265.89999,39.61456,0
U287-H5-VS2-GGA20- Zn(II) 15-Cr(VI) 10-Ni(II) 10 mg-L-04122024-Q=50.50.16 mL-min-3,U287-H5-VS2-02.12.2024,1,5,,300.8,2667.0,260.19999,40.60001,0
U287-H5-VS2-GGA20- Zn(II) 15-Cr(VI) 10-Ni(II) 10 mg-L-04122024-Q=50.50.16 mL-min-3,U287-H5-VS2-02.12.2024,1,6,,297.21754,3139.0,259.09999,38.11755,0
U287-H5-VS2-GGA20- Zn(II) 15-Cr(VI) 10-Ni(II) 10 mg-L-04122024-Q=50.50.16 mL-min-3,U287-H5-VS2-02.12.2024,1,7,GGA20-Zn15-Cr10-Ni10,297.94107,3613.0,263.50001,34.44106,1
U287-H5-VS2-GGA20- Zn(II) 15-Cr(VI) 10-Ni(II) 10 mg-L-04122024-Q=50.50.16 mL-min-3,U287-H5-VS2-02.12.2024,1,8,,297.24107,4086.0,269.2,28.04107,1
U287-H5-VS2-GGA20- Zn(II) 15-Cr(VI) 10-Ni(II) 10 mg-L-04122024-Q=50.50.16 mL-min-3,U287-H5-VS2-02.12.2024,1,9,,302.71429,4559.0,275.99999,26.7143,1
U287-H5-VS2-GGA20- Zn(II) 15-Cr(VI) 10-Ni(II) 10 mg-L-04122024-Q=50.50.16 mL-min-3,U287-H5-VS2-02.12.2024,1,10,,309.19107,5035.0,278.0,31.19107,1
U287-H5-VS2-GGA20- Zn(II) 15-Cr(VI) 10-Ni(II) 10 mg-L-04122024-Q=50.50.16 mL-min-3,U287-H5-VS2-02.12.2024,1,11,,300.41964,5506.0,273.99999,26.41965,1
U287-H5-VS2-GGA20- Zn(II) 15-Cr(VI) 10-Ni(II) 10 mg-L-04122024-Q=50.50.16 mL-min-3,U287-H5-VS2-02.12.2024,1,12,,295.50182,5981.0,269.4,26.10182,1
U287-H5-VS2-GGA20- Zn(II) 15-Cr(VI) 10-Ni(II) 10 mg-L-04122024-Q=50.50.16 mL-min-3,U287-H5-VS2-02.12.2024,1,13,,294.55965,6453.0,266.5,28.05965,1
U287-H5-VS2-GGA20- Zn(II) 15-Cr(VI) 10-Ni(II) 10 mg-L-04122024-Q=50.50.16 mL-min-3,U287-H5-VS2-02.12.2024,1,14,,292.59825,6925.0,266.9,25.69825,2
U287-H5-VS2-GGA20- Zn(II) 15-Cr(VI) 10-Ni(II) 10 mg-L-04122024-Q=50.50.16 mL-min-3,U287-H5-VS2-02.12.2024,1,15,,291.56143,7399.0,265.70001,25.86142,2
U288-H6-VS2-GGA5- Zn(II) 5-Cr(VI) 5-Ni(II) 10 mg-L-04122024-Q=50.02 mL-min-7,U288-H6-VS2-02.12.2024,0,0,GGA5,300.21831,301.0,266.99999,33.21832,0
U288-H6-VS2-GGA5- Zn(II) 5-Cr(VI) 5-Ni(II) 10 mg-L-04122024-Q=50.02 mL-min-7,U288-H6-VS2-02.12.2024,0,1,,297.32676,774.0,263.8,33.52676,0
U288-H6-VS2-GGA5- Zn(II) 5-Cr(VI) 5-Ni(II) 10 mg-L-04122024-Q=50.02 mL-min-7,U288-H6-VS2-02.12.2024,0,2,,295.28513,1248.0,264.99999,30.28514,0
U288-H6-VS2-GGA5- Zn(II) 5-Cr(VI) 5-Ni(II) 10 mg-L-04122024-Q=50.02 mL-min-7,U288-H6-VS2-02.12.2024,0,3,,295.81572,1719.0,265.70001,30.11571,0
U288-H6-VS2-GGA5- Zn(II) 5-Cr(VI) 5-Ni(II) 10 mg-L-04122024-Q=50.02 mL-min-7,U288-H6-VS2-02.12.2024,0,4,,306.1125,2198.0,271.69999,34.41251,0
U288-H6-VS2-GGA5- Zn(II) 5-Cr(VI) 5-Ni(II) 10 mg-L-04122024-Q=50.02 mL-min-7,U288-H6-VS2-02.12.2024,0,5,,300.66428,2672.0,268.3,32.36428,0
U288-H6-VS2-GGA5- Zn(II) 5-Cr(VI) 5-Ni(II) 10 mg-L-04122024-Q=50.02 mL-min-7,U288-H6-VS2-02.12.2024,0,6,GGA5-Zn5-Cr5-Ni10,302.59268,3149.0,276.69999,25.89269,1
U288-H6-VS2-GGA5- Zn(II) 5-Cr(VI) 5-Ni(II) 10 mg-L-04122024-Q=50.02 mL-min-7,U288-H6-VS2-02.12.2024,0,7,,302.82715,3620.0,283.4,19.42715,1
U288-H6-VS2-GGA5- Zn(II) 5-Cr(VI) 5-Ni(II) 10 mg-L-04122024-Q=50.02 mL-min-7,U288-H6-VS2-02.12.2024,0,8,,302.62754,4094.0,284.1,18.52754,1
U288-H6-VS2-GGA5- Zn(II) 5-Cr(VI) 5-Ni(II) 10 mg-L-04122024-Q=50.02 mL-min-7,U288-H6-VS2-02.12.2024,0,9,,301.11304,4566.0,281.89999,19.21305,1
U288-H6-VS2-GGA5- Zn(II) 5-Cr(VI) 5-Ni(II) 10 mg-L-04122024-Q=50.02 mL-min-7,U288-H6-VS2-02.12.2024,0,10,,302.63857,5041.0,284.5,18.13857,2
U288-H6-VS2-GGA5- Zn(II) 5-Cr(VI) 5-Ni(II) 10 mg-L-04122024-Q=50.02 mL-min-7,U288-H6-VS2-02.12.2024,0,11,,302.01831,5512.0,283.4,18.61831,2
U288-H6-VS2-GGA20- Zn(II) 15-Cr(VI) 10-Ni(II) 10 mg-L-04122024-Q=50.32 mL-min-4,U288-H6-VS2-02.12.2024,1,0,GGA20,306.03913,301.0,276.30001,29.73912,0
U288-H6-VS2-GGA20- Zn(II) 15-Cr(VI) 10-Ni(II) 10 mg-L-04122024-Q=50.32 mL-min-4,U288-H6-VS2-02.12.2024,1,1,,310.25,774.0,280.40001,29.84999,0
U288-H6-VS2-GGA20- Zn(II) 15-Cr(VI) 10-Ni(II) 10 mg-L-04122024-Q=50.32 mL-min-4,U288-H6-VS2-02.12.2024,1,2,,310.00428,1248.0,277.3,32.70428,0
U288-H6-VS2-GGA20- Zn(II) 15-Cr(VI) 10-Ni(II) 10 mg-L-04122024-Q=50.32 mL-min-4,U288-H6-VS2-02.12.2024,1,3,,306.22174,1723.0,273.7,32.52174,0
U288-H6-VS2-GGA20- Zn(II) 15-Cr(VI) 10-Ni(II) 10 mg-L-04122024-Q=50.32 mL-min-4,U288-H6-VS2-02.12.2024,1,4,,302.05286,2195.0,273.60001,28.45285,0
U288-H6-VS2-GGA20- Zn(II) 15-Cr(VI) 10-Ni(II) 10 mg-L-04122024-Q=50.32 mL-min-4,U288-H6-VS2-02.12.2024,1,5,,297.89,2668.0,268.79999,29.09001,0
U288-H6-VS2-GGA20- Zn(II) 15-Cr(VI) 10-Ni(II) 10 mg-L-04122024-Q=50.32 mL-min-4,U288-H6-VS2-02.12.2024,1,6,,299.76338,3143.0,274.69999,25.06339,1
U288-H6-VS2-GGA20- Zn(II) 15-Cr(VI) 10-Ni(II) 10 mg-L-04122024-Q=50.32 mL-min-4,U288-H6-VS2-02.12.2024,1,7,GGA20-Zn15-Cr10-Ni10,304.70714,3615.0,283.4,21.30714,1
U288-H6-VS2-GGA20- Zn(II) 15-Cr(VI) 10-Ni(II) 10 mg-L-04122024-Q=50.32 mL-min-4,U288-H6-VS2-02.12.2024,1,8,,308.27143,4086.0,286.00001,22.27142,1
U288-H6-VS2-GGA20- Zn(II) 15-Cr(VI) 10-Ni(II) 10 mg-L-04122024-Q=50.32 mL-min-4,U288-H6-VS2-02.12.2024,1,9,,303.83928,4566.0,282.20001,21.63927,1
U288-H6-VS2-GGA20- Zn(II) 15-Cr(VI) 10-Ni(II) 10 mg-L-04122024-Q=50.32 mL-min-4,U288-H6-VS2-02.12.2024,1,10,,296.91786,5035.0,277.90001,19.01785,1
U288-H6-VS2-GGA20- Zn(II) 15-Cr(VI) 10-Ni(II) 10 mg-L-04122024-Q=50.32 mL-min-4,U288-H6-VS2-02.12.2024,1,11,,294.13272,5509.0,276.10001,18.03271,2
U288-H6-VS2-GGA20- Zn(II) 15-Cr(VI) 10-Ni(II) 10 mg-L-04122024-Q=50.32 mL-min-4,U288-H6-VS2-02.12.2024,1,12,,292.10175,5980.0,274.19999,17.90176,2
U288-H6-VS2-GGA20- Zn(II) 15-Cr(VI) 10-Ni(II) 10 mg-L-04122024-Q=50.32 mL-min-4,U288-H6-VS2-02.12.2024,1,13,,291.00364,6453.0,274.69999,16.30365,2
U289-H5-VS2-GGA15- Zn(II) 10-Cr(VI) 10-Ni(II) 15 mg-L-04122024-Q=50.26 mL-min-2,U289-H5-VS2-02.12.2024,0,0,GGA15,286.97703,301.0,254.90001,32.07702,0
U289-H5-VS2-GGA15- Zn(II) 10-Cr(VI) 10-Ni(II) 15 mg-L-04122024-Q=50.26 mL-min-2,U289-H5-VS2-02.12.2024,0,1,,282.95139,774.0,255.60001,27.35138,0
U289-H5-VS2-GGA15- Zn(II) 10-Cr(VI) 10-Ni(II) 15 mg-L-04122024-Q=50.26 mL-min-2,U289-H5-VS2-02.12.2024,0,2,,285.95694,1248.0,258.30001,27.65693,0
U289-H5-VS2-GGA15- Zn(II) 10-Cr(VI) 10-Ni(II) 15 mg-L-04122024-Q=50.26 mL-min-2,U289-H5-VS2-02.12.2024,0,3,,286.61528,1724.0,254.40001,32.21527,0
U289-H5-VS2-GGA15- Zn(II) 10-Cr(VI) 10-Ni(II) 15 mg-L-04122024-Q=50.26 mL-min-2,U289-H5-VS2-02.12.2024,0,4,,295.25695,2197.0,261.3,33.95695,0
U289-H5-VS2-GGA15- Zn(II) 10-Cr(VI) 10-Ni(II) 15 mg-L-04122024-Q=50.26 mL-min-2,U289-H5-VS2-02.12.2024,0,5,,299.78333,2668.0,268.00001,31.78332,0
U289-H5-VS2-GGA15- Zn(II) 10-Cr(VI) 10-Ni(II) 15 mg-L-04122024-Q=50.26 mL-min-2,U289-H5-VS2-02.12.2024,0,6,GGA15-Zn10-Cr10-Ni15,302.00845,3143.0,268.99999,33.00846,1
U289-H5-VS2-GGA15- Zn(II) 10-Cr(VI) 10-Ni(II) 15 mg-L-04122024-Q=50.26 mL-min-2,U289-H5-VS2-02.12.2024,0,7,,297.67361,3615.0,270.1,27.57361,1
U289-H5-VS2-GGA15- Zn(II) 10-Cr(VI) 10-Ni(II) 15 mg-L-04122024-Q=50.26 mL-min-2,U289-H5-VS2-02.12.2024,0,8,,296.11111,4088.0,268.00001,28.1111,1
U289-H5-VS2-GGA15- Zn(II) 10-Cr(VI) 10-Ni(II) 15 mg-L-04122024-Q=50.26 mL-min-2,U289-H5-VS2-02.12.2024,0,9,,294.98243,4561.0,270.90001,24.08242,1
U289-H5-VS2-GGA15- Zn(II) 10-Cr(VI) 10-Ni(II) 15 mg-L-04122024-Q=50.26 mL-min-2,U289-H5-VS2-02.12.2024,0,10,,294.69718,5036.0,272.70001,21.99717,2
U289-H5-VS2-GGA15- Zn(II) 10-Cr(VI) 10-Ni(II) 15 mg-L-04122024-Q=50.26 mL-min-2,U289-H5-VS2-02.12.2024,0,11,,300.49861,5509.0,278.29999,22.19862,2
U289-H5-VS2-GGA15- Zn(II) 10-Cr(VI) 10-Ni(II) 15 mg-L-04122024-Q=50.26 mL-min-2,U289-H5-VS2-02.12.2024,0,12,,298.01389,5981.0,275.40001,22.61388,2
U289-H5-VS2-GGA15- Zn(II) 10-Cr(VI) 10-Ni(II) 15 mg-L-04122024-Q=50.26 mL-min-2,U289-H5-VS2-02.12.2024,0,13,,297.04722,6455.0,275.7,21.34722,2
U290-H6-VS2-GGA15- Zn(II) 10-Cr(VI) 10-Ni(II) 15 mg-L-04122024-Q=50.18 mL-min-3,U290-H6-VS2-02.12.2024,0,0,GGA15,303.77246,301.0,259.7,44.07246,0
U290-H6-VS2-GGA15- Zn(II) 10-Cr(VI) 10-Ni(II) 15 mg-L-04122024-Q=50.18 mL-min-3,U290-H6-VS2-02.12.2024,0,1,,306.81739,778.0,265.1,41.71739,0
U290-H6-VS2-GGA15- Zn(II) 10-Cr(VI) 10-Ni(II) 15 mg-L-04122024-Q=50.18 mL-min-3,U290-H6-VS2-02.12.2024,0,2,,305.72,1247.0,263.00001,42.71999,0
U290-H6-VS2-GGA15- Zn(II) 10-Cr(VI) 10-Ni(II) 15 mg-L-04122024-Q=50.18 mL-min-3,U290-H6-VS2-02.12.2024,0,3,,298.38841,1721.0,259.09999,39.28842,0
U290-H6-VS2-GGA15- Zn(II) 10-Cr(VI) 10-Ni(II) 15 mg-L-04122024-Q=50.18 mL-min-3,U290-H6-VS2-02.12.2024,0,4,,299.62429,2196.0,251.19999,48.4243,0
U290-H6-VS2-GGA15- Zn(II) 10-Cr(VI) 10-Ni(II) 15 mg-L-04122024-Q=50.18 mL-min-3,U290-H6-VS2-02.12.2024,0,5,,290.74428,2668.0,252.7,38.04428,0
U290-H6-VS2-GGA15- Zn(II) 10-Cr(VI) 10-Ni(II) 15 mg-L-04122024-Q=50.18 mL-min-3,U290-H6-VS2-02.12.2024,0,6,GGA15-Zn10-Cr10-Ni15,291.03188,3141.0,267.10001,23.93187,1
U290-H6-VS2-GGA15- Zn(II) 10-Cr(VI) 10-Ni(II) 15 mg-L-04122024-Q=50.18 mL-min-3,U290-H6-VS2-02.12.2024,0,7,,304.06338,3617.0,281.1,22.96338,1
U290-H6-VS2-GGA15- Zn(II) 10-Cr(VI) 10-Ni(II) 15 mg-L-04122024-Q=50.18 mL-min-3,U290-H6-VS2-02.12.2024,0,8,,301.39143,4088.0,280.80001,20.59142,1
U290-H6-VS2-GGA15- Zn(II) 10-Cr(VI) 10-Ni(II) 15 mg-L-04122024-Q=50.18 mL-min-3,U290-H6-VS2-02.12.2024,0,9,,299.31739,4564.0,278.9,20.41739,1
U290-H6-VS2-GGA15- Zn(II) 10-Cr(VI) 10-Ni(II) 15 mg-L-04122024-Q=50.18 mL-min-3,U290-H6-VS2-02.12.2024,0,10,,297.91572,5038.0,279.70001,18.21571,2
U290-H6-VS2-GGA15- Zn(II) 10-Cr(VI) 10-Ni(II) 15 mg-L-04122024-Q=50.18 mL-min-3,U290-H6-VS2-02.12.2024,0,11,,297.42464,5508.0,278.2,19.22464,2
U291-H5-VS2-GGA10- Zn(II) 5-Cr(VI) 5-Ni(II) 10 mg-L-05122024-Q=50.04 mL-min-4,U291-H5-VS2-03.12.2024,0,0,GGA10,376.32639,301.0,348.50001,27.82638,0
U291-H5-VS2-GGA10- Zn(II) 5-Cr(VI) 5-Ni(II) 10 mg-L-05122024-Q=50.04 mL-min-4,U291-H5-VS2-03.12.2024,0,1,,375.26197,768.0,347.5,27.76197,0
U291-H5-VS2-GGA10- Zn(II) 5-Cr(VI) 5-Ni(II) 10 mg-L-05122024-Q=50.04 mL-min-4,U291-H5-VS2-03.12.2024,0,2,,373.12916,1245.0,348.50001,24.62915,0
U291-H5-VS2-GGA10- Zn(II) 5-Cr(VI) 5-Ni(II) 10 mg-L-05122024-Q=50.04 mL-min-4,U291-H5-VS2-03.12.2024,0,3,,375.23611,1711.0,347.79999,27.43612,0
U291-H5-VS2-GGA10- Zn(II) 5-Cr(VI) 5-Ni(II) 10 mg-L-05122024-Q=50.04 mL-min-4,U291-H5-VS2-03.12.2024,0,4,,375.36111,2188.0,347.09999,28.26112,0
U291-H5-VS2-GGA10- Zn(II) 5-Cr(VI) 5-Ni(II) 10 mg-L-05122024-Q=50.04 mL-min-4,U291-H5-VS2-03.12.2024,0,5,,373.85139,2662.0,346.70001,27.15138,0
U291-H5-VS2-GGA10- Zn(II) 5-Cr(VI) 5-Ni(II) 10 mg-L-05122024-Q=50.04 mL-min-4,U291-H5-VS2-03.12.2024,0,6,GGA10-Zn5-Cr5-Ni10,381.34306,3136.0,355.50001,25.84305,1
U291-H5-VS2-GGA10- Zn(II) 5-Cr(VI) 5-Ni(II) 10 mg-L-05122024-Q=50.04 mL-min-4,U291-H5-VS2-03.12.2024,0,7,,394.29155,3610.0,374.8,19.49155,1
U291-H5-VS2-GGA10- Zn(II) 5-Cr(VI) 5-Ni(II) 10 mg-L-05122024-Q=50.04 mL-min-4,U291-H5-VS2-03.12.2024,0,8,,390.22055,4085.0,373.9,16.32055,2
U291-H5-VS2-GGA10- Zn(II) 5-Cr(VI) 5-Ni(II) 10 mg-L-05122024-Q=50.04 mL-min-4,U291-H5-VS2-03.12.2024,0,9,,383.08055,4558.0,368.2,14.88055,2
U291-H5-VS2-GGA10- Zn(II) 5-Cr(VI) 5-Ni(II) 10 mg-L-05122024-Q=50.04 mL-min-4,U291-H5-VS2-03.12.2024,0,10,,379.61111,5037.0,363.09999,16.51112,2
U291-H5-VS2-GGA20- Zn(II) 10-Cr(VI) 10-Ni(II) 5 mg-L-05122024-Q=50.12 mL-min-2,U291-H5-VS2-03.12.2024,1,0,GGA20,372.35278,301.0,349.20001,23.15277,0
U291-H5-VS2-GGA20- Zn(II) 10-Cr(VI) 10-Ni(II) 5 mg-L-05122024-Q=50.12 mL-min-2,U291-H5-VS2-03.12.2024,1,1,,377.76667,776.0,355.8,21.96667,0
U291-H5-VS2-GGA20- Zn(II) 10-Cr(VI) 10-Ni(II) 5 mg-L-05122024-Q=50.12 mL-min-2,U291-H5-VS2-03.12.2024,1,2,,375.99722,1249.0,351.79999,24.19723,0
U291-H5-VS2-GGA20- Zn(II) 10-Cr(VI) 10-Ni(II) 5 mg-L-05122024-Q=50.12 mL-min-2,U291-H5-VS2-03.12.2024,1,3,,373.45139,1720.0,351.00001,22.45138,0
U291-H5-VS2-GGA20- Zn(II) 10-Cr(VI) 10-Ni(II) 5 mg-L-05122024-Q=50.12 mL-min-2,U291-H5-VS2-03.12.2024,1,4,,369.67917,2193.0,349.99999,19.67918,0
U291-H5-VS2-GGA20- Zn(II) 10-Cr(VI) 10-Ni(II) 5 mg-L-05122024-Q=50.12 mL-min-2,U291-H5-VS2-03.12.2024,1,5,,372.73803,2670.0,350.10001,22.63802,0
U291-H5-VS2-GGA20- Zn(II) 10-Cr(VI) 10-Ni(II) 5 mg-L-05122024-Q=50.12 mL-min-2,U291-H5-VS2-03.12.2024,1,6,GGA20-Zn10-Cr10-Ni5,371.62466,3140.0,350.69999,20.92467,1
U291-H5-VS2-GGA20- Zn(II) 10-Cr(VI) 10-Ni(II) 5 mg-L-05122024-Q=50.12 mL-min-2,U291-H5-VS2-03.12.2024,1,7,,364.8507,3612.0,343.6,21.2507,1
U291-H5-VS2-GGA20- Zn(II) 10-Cr(VI) 10-Ni(II) 5 mg-L-05122024-Q=50.12 mL-min-2,U291-H5-VS2-03.12.2024,1,8,,364.02083,4092.0,344.3,19.72083,1
U291-H5-VS2-GGA20- Zn(II) 10-Cr(VI) 10-Ni(II) 5 mg-L-05122024-Q=50.12 mL-min-2,U291-H5-VS2-03.12.2024,1,9,,355.38169,4565.0,336.49999,18.8817,1
U291-H5-VS2-GGA20- Zn(II) 10-Cr(VI) 10-Ni(II) 5 mg-L-05122024-Q=50.12 mL-min-2,U291-H5-VS2-03.12.2024,1,10,,352.63333,5034.0,333.9,18.73333,1
U291-H5-VS2-GGA20- Zn(II) 10-Cr(VI) 10-Ni(II) 5 mg-L-05122024-Q=50.12 mL-min-2,U291-H5-VS2-03.12.2024,1,11,,348.19722,5507.0,330.39999,17.79723,2
U291-H5-VS2-GGA20- Zn(II) 10-Cr(VI) 10-Ni(II) 5 mg-L-05122024-Q=50.12 mL-min-2,U291-H5-VS2-03.12.2024,1,12,,342.51528,5986.0,324.2,18.31528,2
U291-H5-VS2-GGA20- Zn(II) 10-Cr(VI) 10-Ni(II) 5 mg-L-05122024-Q=50.12 mL-min-2,U291-H5-VS2-03.12.2024,1,13,,339.26761,6460.0,322.0,17.26761,2
U291-H5-VS2-GGA15- Zn(II) 15-Cr(VI) 5-Ni(II) 15 mg-L-05122024-Q=50.76 mL-min-2,U291-H5-VS2-03.12.2024,2,0,GGA15,341.23889,301.0,318.8,22.43889,0
U291-H5-VS2-GGA15- Zn(II) 15-Cr(VI) 5-Ni(II) 15 mg-L-05122024-Q=50.76 mL-min-2,U291-H5-VS2-03.12.2024,2,1,,343.51528,761.0,315.29999,28.21529,0
U291-H5-VS2-GGA15- Zn(II) 15-Cr(VI) 5-Ni(II) 15 mg-L-05122024-Q=50.76 mL-min-2,U291-H5-VS2-03.12.2024,2,2,,343.62361,1251.0,319.79999,23.82362,0
U291-H5-VS2-GGA15- Zn(II) 15-Cr(VI) 5-Ni(II) 15 mg-L-05122024-Q=50.76 mL-min-2,U291-H5-VS2-03.12.2024,2,3,,341.92917,1723.0,317.7,24.22917,0
U291-H5-VS2-GGA15- Zn(II) 15-Cr(VI) 5-Ni(II) 15 mg-L-05122024-Q=50.76 mL-min-2,U291-H5-VS2-03.12.2024,2,4,,339.84306,2201.0,320.2,19.64306,0
U291-H5-VS2-GGA15- Zn(II) 15-Cr(VI) 5-Ni(II) 15 mg-L-05122024-Q=50.76 mL-min-2,U291-H5-VS2-03.12.2024,2,5,,339.59166,2674.0,314.79999,24.79167,0
U291-H5-VS2-GGA15- Zn(II) 15-Cr(VI) 5-Ni(II) 15 mg-L-05122024-Q=50.76 mL-min-2,U291-H5-VS2-03.12.2024,2,6,GGA15-Zn15-Cr5-Ni15,341.87703,3145.0,315.29999,26.57704,1
U291-H5-VS2-GGA15- Zn(II) 15-Cr(VI) 5-Ni(II) 15 mg-L-05122024-Q=50.76 mL-min-2,U291-H5-VS2-03.12.2024,2,7,,340.8,3613.0,319.3,21.5,1
U291-H5-VS2-GGA15- Zn(II) 15-Cr(VI) 5-Ni(II) 15 mg-L-05122024-Q=50.76 mL-min-2,U291-H5-VS2-03.12.2024,2,8,,339.78028,4089.0,317.79999,21.98029,1
U291-H5-VS2-GGA15- Zn(II) 15-Cr(VI) 5-Ni(II) 15 mg-L-05122024-Q=50.76 mL-min-2,U291-H5-VS2-03.12.2024,2,9,,336.64324,4564.0,317.20001,19.44323,2
U291-H5-VS2-GGA15- Zn(II) 15-Cr(VI) 5-Ni(II) 15 mg-L-05122024-Q=50.76 mL-min-2,U291-H5-VS2-03.12.2024,2,10,,335.5,5037.0,316.19999,19.30001,2
U292-H6-VS2-GGA10- Zn(II) 5-Cr(VI) 5-Ni(II) 10 mg-L-05122024-Q=50.76 mL-min-5,U292-H6-VS2-03.12.2024,0,0,GGA10,303.29167,301.0,263.1,40.19167,0
U292-H6-VS2-GGA10- Zn(II) 5-Cr(VI) 5-Ni(II) 10 mg-L-05122024-Q=50.76 mL-min-5,U292-H6-VS2-03.12.2024,0,1,,300.27361,776.0,258.39999,41.87362,0
U292-H6-VS2-GGA10- Zn(II) 5-Cr(VI) 5-Ni(II) 10 mg-L-05122024-Q=50.76 mL-min-5,U292-H6-VS2-03.12.2024,0,2,,300.13099,1249.0,255.0,45.13099,0
U292-H6-VS2-GGA10- Zn(II) 5-Cr(VI) 5-Ni(II) 10 mg-L-05122024-Q=50.76 mL-min-5,U292-H6-VS2-03.12.2024,0,3,,297.23611,1720.0,256.3,40.93611,0
U292-H6-VS2-GGA10- Zn(II) 5-Cr(VI) 5-Ni(II) 10 mg-L-05122024-Q=50.76 mL-min-5,U292-H6-VS2-03.12.2024,0,4,,294.94305,2195.0,255.10001,39.84304,0
U292-H6-VS2-GGA10- Zn(II) 5-Cr(VI) 5-Ni(II) 10 mg-L-05122024-Q=50.76 mL-min-5,U292-H6-VS2-03.12.2024,0,5,,305.02195,2195.0,255.10001,49.92194,0
U292-H6-VS2-GGA10- Zn(II) 5-Cr(VI) 5-Ni(II) 10 mg-L-05122024-Q=50.76 mL-min-5,U292-H6-VS2-03.12.2024,0,6,GGA10-Zn5-Cr5-Ni10,317.70732,2669.0,265.89999,51.80733,0
U292-H6-VS2-GGA10- Zn(II) 5-Cr(VI) 5-Ni(II) 10 mg-L-05122024-Q=50.76 mL-min-5,U292-H6-VS2-03.12.2024,0,7,,317.86977,3143.0,273.5,44.36977,1
U292-H6-VS2-GGA10- Zn(II) 5-Cr(VI) 5-Ni(II) 10 mg-L-05122024-Q=50.76 mL-min-5,U292-H6-VS2-03.12.2024,0,8,,315.33096,3620.0,287.0,28.33096,1
U292-H6-VS2-GGA10- Zn(II) 5-Cr(VI) 5-Ni(II) 10 mg-L-05122024-Q=50.76 mL-min-5,U292-H6-VS2-03.12.2024,0,9,,312.19268,4088.0,289.5,22.69268,2
U292-H6-VS2-GGA10- Zn(II) 5-Cr(VI) 5-Ni(II) 10 mg-L-05122024-Q=50.76 mL-min-5,U292-H6-VS2-03.12.2024,0,10,,310.10732,4565.0,290.80001,19.30731,2
U292-H6-VS2-GGA10- Zn(II) 5-Cr(VI) 5-Ni(II) 10 mg-L-05122024-Q=50.76 mL-min-5,U292-H6-VS2-03.12.2024,0,11,,309.94231,5040.0,288.39999,21.54232,2
U292-H6-VS2-GGA20- Zn(II) 10-Cr(VI) 10-Ni(II) 5 mg-L-05122024-Q=50.72 mL-min-3,U292-H6-VS2-03.12.2024,1,0,GGA20,296.25962,301.0,270.1,26.15962,0
U292-H6-VS2-GGA20- Zn(II) 10-Cr(VI) 10-Ni(II) 5 mg-L-05122024-Q=50.72 mL-min-3,U292-H6-VS2-03.12.2024,1,1,,302.91177,772.0,275.09999,27.81178,0
U292-H6-VS2-GGA20- Zn(II) 10-Cr(VI) 10-Ni(II) 5 mg-L-05122024-Q=50.72 mL-min-3,U292-H6-VS2-03.12.2024,1,2,,300.7,1244.0,271.80001,28.89999,0
U292-H6-VS2-GGA20- Zn(II) 10-Cr(VI) 10-Ni(II) 5 mg-L-05122024-Q=50.72 mL-min-3,U292-H6-VS2-03.12.2024,1,3,,298.6,1716.0,270.90001,27.69999,0
U292-H6-VS2-GGA20- Zn(II) 10-Cr(VI) 10-Ni(II) 5 mg-L-05122024-Q=50.72 mL-min-3,U292-H6-VS2-03.12.2024,1,4,,294.47647,2186.0,268.20001,26.27646,0
U292-H6-VS2-GGA20- Zn(II) 10-Cr(VI) 10-Ni(II) 5 mg-L-05122024-Q=50.72 mL-min-3,U292-H6-VS2-03.12.2024,1,5,,298.52692,2667.0,268.59999,29.92693,0
U292-H6-VS2-GGA20- Zn(II) 10-Cr(VI) 10-Ni(II) 5 mg-L-05122024-Q=50.72 mL-min-3,U292-H6-VS2-03.12.2024,1,6,GGA20-Zn10-Cr10-Ni5,296.92353,3138.0,272.70001,24.22352,1
U292-H6-VS2-GGA20- Zn(II) 10-Cr(VI) 10-Ni(II) 5 mg-L-05122024-Q=50.72 mL-min-3,U292-H6-VS2-03.12.2024,1,7,,295.06154,3610.0,269.2,25.86154,1
U292-H6-VS2-GGA20- Zn(II) 10-Cr(VI) 10-Ni(II) 5 mg-L-05122024-Q=50.72 mL-min-3,U292-H6-VS2-03.12.2024,1,8,,300.25882,4083.0,277.00001,23.25881,1
U292-H6-VS2-GGA20- Zn(II) 10-Cr(VI) 10-Ni(II) 5 mg-L-05122024-Q=50.72 mL-min-3,U292-H6-VS2-03.12.2024,1,9,,297.86471,4555.0,276.10001,21.7647,1
U292-H6-VS2-GGA20- Zn(II) 10-Cr(VI) 10-Ni(II) 5 mg-L-05122024-Q=50.72 mL-min-3,U292-H6-VS2-03.12.2024,1,10,,298.02549,5028.0,276.80001,21.22548,1
U292-H6-VS2-GGA20- Zn(II) 10-Cr(VI) 10-Ni(II) 5 mg-L-05122024-Q=50.72 mL-min-3,U292-H6-VS2-03.12.2024,1,11,,295.20577,5504.0,274.19999,21.00578,1
U292-H6-VS2-GGA20- Zn(II) 10-Cr(VI) 10-Ni(II) 5 mg-L-05122024-Q=50.72 mL-min-3,U292-H6-VS2-03.12.2024,1,12,,295.45192,5978.0,275.40001,20.05191,2
U292-H6-VS2-GGA20- Zn(II) 10-Cr(VI) 10-Ni(II) 5 mg-L-05122024-Q=50.72 mL-min-3,U292-H6-VS2-03.12.2024,1,13,,296.1098,6449.0,275.79999,20.30981,2
U292-H6-VS2-GGA15- Zn(II) 15-Cr(VI) 5-Ni(II) 15 mg-L-05122024-Q=50.16 mL-min-3,U292-H6-VS2-03.12.2024,2,0,GGA15,290.27115,301.0,265.70001,24.57114,0
U292-H6-VS2-GGA15- Zn(II) 15-Cr(VI) 5-Ni(II) 15 mg-L-05122024-Q=50.16 mL-min-3,U292-H6-VS2-03.12.2024,2,1,,292.76731,774.0,268.79999,23.96732,0
U292-H6-VS2-GGA15- Zn(II) 15-Cr(VI) 5-Ni(II) 15 mg-L-05122024-Q=50.16 mL-min-3,U292-H6-VS2-03.12.2024,2,2,,292.43846,1246.0,266.7,25.73846,0
U292-H6-VS2-GGA15- Zn(II) 15-Cr(VI) 5-Ni(II) 15 mg-L-05122024-Q=50.16 mL-min-3,U292-H6-VS2-03.12.2024,2,3,,290.40784,1719.0,263.1,27.30784,0
U292-H6-VS2-GGA15- Zn(II) 15-Cr(VI) 5-Ni(II) 15 mg-L-05122024-Q=50.16 mL-min-3,U292-H6-VS2-03.12.2024,2,4,,288.10961,2193.0,262.30001,25.8096,0
U292-H6-VS2-GGA15- Zn(II) 15-Cr(VI) 5-Ni(II) 15 mg-L-05122024-Q=50.16 mL-min-3,U292-H6-VS2-03.12.2024,2,5,,285.74314,2667.0,258.89999,26.84315,0
U292-H6-VS2-GGA15- Zn(II) 15-Cr(VI) 5-Ni(II) 15 mg-L-05122024-Q=50.16 mL-min-3,U292-H6-VS2-03.12.2024,2,6,GGA15-Zn15-Cr5-Ni15,296.08039,3141.0,267.89999,28.1804,1
U292-H6-VS2-GGA15- Zn(II) 15-Cr(VI) 5-Ni(II) 15 mg-L-05122024-Q=50.16 mL-min-3,U292-H6-VS2-03.12.2024,2,7,,296.81569,3617.0,275.7,21.11569,1
U292-H6-VS2-GGA15- Zn(II) 15-Cr(VI) 5-Ni(II) 15 mg-L-05122024-Q=50.16 mL-min-3,U292-H6-VS2-03.12.2024,2,8,,298.77255,4089.0,277.3,21.47255,1
U292-H6-VS2-GGA15- Zn(II) 15-Cr(VI) 5-Ni(II) 15 mg-L-05122024-Q=50.16 mL-min-3,U292-H6-VS2-03.12.2024,2,9,,297.69216,4562.0,278.10001,19.59215,2
U292-H6-VS2-GGA15- Zn(II) 15-Cr(VI) 5-Ni(II) 15 mg-L-05122024-Q=50.16 mL-min-3,U292-H6-VS2-03.12.2024,2,10,,298.29608,5036.0,279.50001,18.79607,2
U292-H6-VS2-GGA15- Zn(II) 15-Cr(VI) 5-Ni(II) 15 mg-L-05122024-Q=50.16 mL-min-3,U292-H6-VS2-03.12.2024,2,11,,298.5549,5507.0,279.1,19.4549,2
U293-H5-VS2-GGA5- Zn(II) 5-Cr(VI) 5-Ni(II) 10 mg-L-06122024-Q=50.52 mL-min-8,U293-H5-VS2-04.12.2024,0,0,GGA5,317.06944,301.0,236.7,80.36944,0
U293-H5-VS2-GGA5- Zn(II) 5-Cr(VI) 5-Ni(II) 10 mg-L-06122024-Q=50.52 mL-min-8,U293-H5-VS2-04.12.2024,0,1,,314.74444,775.0,237.10001,77.64443,0
U293-H5-VS2-GGA5- Zn(II) 5-Cr(VI) 5-Ni(II) 10 mg-L-06122024-Q=50.52 mL-min-8,U293-H5-VS2-04.12.2024,0,2,,315.225,1249.0,231.99999,83.22501,0
U293-H5-VS2-GGA5- Zn(II) 5-Cr(VI) 5-Ni(II) 10 mg-L-06122024-Q=50.52 mL-min-8,U293-H5-VS2-04.12.2024,0,3,,312.57639,1723.0,237.5,75.07639,0
U293-H5-VS2-GGA5- Zn(II) 5-Cr(VI) 5-Ni(II) 10 mg-L-06122024-Q=50.52 mL-min-8,U293-H5-VS2-04.12.2024,0,4,,314.63333,2195.0,233.4,81.23333,0
U293-H5-VS2-GGA5- Zn(II) 5-Cr(VI) 5-Ni(II) 10 mg-L-06122024-Q=50.52 mL-min-8,U293-H5-VS2-04.12.2024,0,5,,320.3875,2666.0,237.4,82.9875,0
U293-H5-VS2-GGA5- Zn(II) 5-Cr(VI) 5-Ni(II) 10 mg-L-06122024-Q=50.52 mL-min-8,U293-H5-VS2-04.12.2024,0,6,,319.52703,3142.0,240.89999,78.62704,0
U293-H5-VS2-GGA5- Zn(II) 5-Cr(VI) 5-Ni(II) 10 mg-L-06122024-Q=50.52 mL-min-8,U293-H5-VS2-04.12.2024,0,7,GGA5-Zn5-Cr5-Ni10,320.61806,3615.0,259.99999,60.61807,1
U293-H5-VS2-GGA5- Zn(II) 5-Cr(VI) 5-Ni(II) 10 mg-L-06122024-Q=50.52 mL-min-8,U293-H5-VS2-04.12.2024,0,8,,321.30282,4087.0,273.79999,47.50283,1
U293-H5-VS2-GGA5- Zn(II) 5-Cr(VI) 5-Ni(II) 10 mg-L-06122024-Q=50.52 mL-min-8,U293-H5-VS2-04.12.2024,0,9,,322.03194,4563.0,279.39999,42.63195,1
U293-H5-VS2-GGA5- Zn(II) 5-Cr(VI) 5-Ni(II) 10 mg-L-06122024-Q=50.52 mL-min-8,U293-H5-VS2-04.12.2024,0,10,,324.46945,5035.0,287.0,37.46945,1
U293-H5-VS2-GGA5- Zn(II) 5-Cr(VI) 5-Ni(II) 10 mg-L-06122024-Q=50.52 mL-min-8,U293-H5-VS2-04.12.2024,0,11,,323.76111,5507.0,287.0,36.76111,1
U293-H5-VS2-GGA5- Zn(II) 5-Cr(VI) 5-Ni(II) 10 mg-L-06122024-Q=50.52 mL-min-8,U293-H5-VS2-04.12.2024,0,12,,323.09583,5980.0,291.59999,31.49584,1
U293-H5-VS2-GGA5- Zn(II) 5-Cr(VI) 5-Ni(II) 10 mg-L-06122024-Q=50.52 mL-min-8,U293-H5-VS2-04.12.2024,0,13,,320.55,6455.0,291.3,29.25,1
U293-H5-VS2-GGA5- Zn(II) 5-Cr(VI) 5-Ni(II) 10 mg-L-06122024-Q=50.52 mL-min-8,U293-H5-VS2-04.12.2024,0,14,,318.40416,6929.0,292.9,25.50416,2
U293-H5-VS2-GGA5- Zn(II) 5-Cr(VI) 5-Ni(II) 10 mg-L-06122024-Q=50.52 mL-min-8,U293-H5-VS2-04.12.2024,0,15,,317.06944,7402.0,290.49999,26.56945,2
U293-H5-VS2-GGA15- HH10 mg-L-06122024-Q=50.02 mL-min-4,U293-H5-VS2-04.12.2024,1,0,GGA15,309.67361,301.0,257.0,52.67361,0
U293-H5-VS2-GGA15- HH10 mg-L-06122024-Q=50.02 mL-min-4,U293-H5-VS2-04.12.2024,1,1,,309.4169,778.0,252.79999,56.61691,0
U293-H5-VS2-GGA15- HH10 mg-L-06122024-Q=50.02 mL-min-4,U293-H5-VS2-04.12.2024,1,2,,310.8,1251.0,256.70001,54.09999,0
U293-H5-VS2-GGA15- HH10 mg-L-06122024-Q=50.02 mL-min-4,U293-H5-VS2-04.12.2024,1,3,,310.76479,1722.0,252.7,58.06479,0
U293-H5-VS2-GGA15- HH10 mg-L-06122024-Q=50.02 mL-min-4,U293-H5-VS2-04.12.2024,1,4,,310.48889,2197.0,250.29999,60.1889,0
U293-H5-VS2-GGA15- HH10 mg-L-06122024-Q=50.02 mL-min-4,U293-H5-VS2-04.12.2024,1,5,,309.68611,2669.0,250.99999,58.68612,0
U293-H5-VS2-GGA15- HH10 mg-L-06122024-Q=50.02 mL-min-4,U293-H5-VS2-04.12.2024,1,6,,306.56351,3143.0,248.0,58.56351,0
U293-H5-VS2-GGA15- HH10 mg-L-06122024-Q=50.02 mL-min-4,U293-H5-VS2-04.12.2024,1,7,GGA15-HH10,309.31268,3616.0,261.40001,47.91267,1
U293-H5-VS2-GGA15- HH10 mg-L-06122024-Q=50.02 mL-min-4,U293-H5-VS2-04.12.2024,1,8,,308.91667,4089.0,268.00001,40.91666,1
U293-H5-VS2-GGA15- HH10 mg-L-06122024-Q=50.02 mL-min-4,U293-H5-VS2-04.12.2024,1,9,,312.05833,4564.0,275.79999,36.25834,1
U293-H5-VS2-GGA15- HH10 mg-L-06122024-Q=50.02 mL-min-4,U293-H5-VS2-04.12.2024,1,10,,317.41528,5035.0,281.30001,36.11527,1
U293-H5-VS2-GGA15- HH10 mg-L-06122024-Q=50.02 mL-min-4,U293-H5-VS2-04.12.2024,1,11,,314.34722,5509.0,277.59999,36.74723,1
U293-H5-VS2-GGA15- HH10 mg-L-06122024-Q=50.02 mL-min-4,U293-H5-VS2-04.12.2024,1,12,,310.30694,5984.0,277.1,33.20694,2
U293-H5-VS2-GGA15- HH10 mg-L-06122024-Q=50.02 mL-min-4,U293-H5-VS2-04.12.2024,1,13,,315.30556,6455.0,283.4,31.90556,2
U293-H5-VS2-GGA15- HH10 mg-L-06122024-Q=50.02 mL-min-4,U293-H5-VS2-04.12.2024,1,14,,314.66528,6928.0,281.6,33.06528,2
U293-H5-VS2-GGA20- HH15 mg-L-06122024-Q=50.8 mL-min-5,U293-H5-VS2-04.12.2024,2,0,GGA20,317.60972,301.0,273.0,44.60972,0
U293-H5-VS2-GGA20- HH15 mg-L-06122024-Q=50.8 mL-min-5,U293-H5-VS2-04.12.2024,2,1,,315.19028,774.0,271.2,43.99028,0
U293-H5-VS2-GGA20- HH15 mg-L-06122024-Q=50.8 mL-min-5,U293-H5-VS2-04.12.2024,2,2,,311.3125,1249.0,268.20001,43.11249,0
U293-H5-VS2-GGA20- HH15 mg-L-06122024-Q=50.8 mL-min-5,U293-H5-VS2-04.12.2024,2,3,,315.91944,1723.0,267.4,48.51944,0
U293-H5-VS2-GGA20- HH15 mg-L-06122024-Q=50.8 mL-min-5,U293-H5-VS2-04.12.2024,2,4,,312.1,2193.0,265.39999,46.70001,0
U293-H5-VS2-GGA20- HH15 mg-L-06122024-Q=50.8 mL-min-5,U293-H5-VS2-04.12.2024,2,5,,310.51806,2670.0,264.09999,46.41807,0
U293-H5-VS2-GGA20- HH15 mg-L-06122024-Q=50.8 mL-min-5,U293-H5-VS2-04.12.2024,2,6,GGA20-HH15,314.98378,3139.0,266.09999,48.88379,1
U293-H5-VS2-GGA20- HH15 mg-L-06122024-Q=50.8 mL-min-5,U293-H5-VS2-04.12.2024,2,7,,316.24028,3614.0,281.50001,34.74027,1
U293-H5-VS2-GGA20- HH15 mg-L-06122024-Q=50.8 mL-min-5,U293-H5-VS2-04.12.2024,2,8,,314.6375,4087.0,282.3,32.3375,1
U293-H5-VS2-GGA20- HH15 mg-L-06122024-Q=50.8 mL-min-5,U293-H5-VS2-04.12.2024,2,9,,314.69861,4556.0,284.20001,30.4986,1
U293-H5-VS2-GGA20- HH15 mg-L-06122024-Q=50.8 mL-min-5,U293-H5-VS2-04.12.2024,2,10,,315.2027,5030.0,285.60001,29.60269,1
U293-H5-VS2-GGA20- HH15 mg-L-06122024-Q=50.8 mL-min-5,U293-H5-VS2-04.12.2024,2,11,,307.75139,5506.0,279.19999,28.5514,2
U293-H5-VS2-GGA20- HH15 mg-L-06122024-Q=50.8 mL-min-5,U293-H5-VS2-04.12.2024,2,12,,304.50563,5976.0,278.4,26.10563,2
U293-H5-VS2-GGA20- HH15 mg-L-06122024-Q=50.8 mL-min-5,U293-H5-VS2-04.12.2024,2,13,,302.70946,6449.0,274.30001,28.40945,2
U294-H6-VS2-GGA15- HH10 mg-L-06122024-Q=50.38 mL-min-5,U294-H6-VS2-04.12.2024,1,0,GGA15,281.06111,301.0,245.29999,35.76112,0
U294-H6-VS2-GGA15- HH10 mg-L-06122024-Q=50.38 mL-min-5,U294-H6-VS2-04.12.2024,1,1,,284.28333,772.0,248.2,36.08333,0
U294-H6-VS2-GGA15- HH10 mg-L-06122024-Q=50.38 mL-min-5,U294-H6-VS2-04.12.2024,1,2,,283.11528,1247.0,247.2,35.91528,0
U294-H6-VS2-GGA15- HH10 mg-L-06122024-Q=50.38 mL-min-5,U294-H6-VS2-04.12.2024,1,3,,282.97917,1720.0,246.6,36.37917,0
U294-H6-VS2-GGA15- HH10 mg-L-06122024-Q=50.38 mL-min-5,U294-H6-VS2-04.12.2024,1,4,,282.17945,2192.0,242.2,39.97945,0
U294-H6-VS2-GGA15- HH10 mg-L-06122024-Q=50.38 mL-min-5,U294-H6-VS2-04.12.2024,1,5,,279.69167,2666.0,241.3,38.39167,0
U294-H6-VS2-GGA15- HH10 mg-L-06122024-Q=50.38 mL-min-5,U294-H6-VS2-04.12.2024,1,6,GGA15-HH10,283.48194,3140.0,253.30001,30.18193,1
U294-H6-VS2-GGA15- HH10 mg-L-06122024-Q=50.38 mL-min-5,U294-H6-VS2-04.12.2024,1,7,,282.9875,3613.0,257.99999,24.98751,1
U294-H6-VS2-GGA15- HH10 mg-L-06122024-Q=50.38 mL-min-5,U294-H6-VS2-04.12.2024,1,8,,288.47222,4089.0,265.50001,22.97221,1
U294-H6-VS2-GGA15- HH10 mg-L-06122024-Q=50.38 mL-min-5,U294-H6-VS2-04.12.2024,1,9,,291.73472,4557.0,267.6,24.13472,1
U294-H6-VS2-GGA15- HH10 mg-L-06122024-Q=50.38 mL-min-5,U294-H6-VS2-04.12.2024,1,10,,287.44583,5036.0,263.1,24.34583,1
U294-H6-VS2-GGA15- HH10 mg-L-06122024-Q=50.38 mL-min-5,U294-H6-VS2-04.12.2024,1,11,,284.33472,5509.0,262.2,22.13472,1
U294-H6-VS2-GGA15- HH10 mg-L-06122024-Q=50.38 mL-min-5,U294-H6-VS2-04.12.2024,1,12,,290.54929,5980.0,268.79999,21.7493,2
U294-H6-VS2-GGA15- HH10 mg-L-06122024-Q=50.38 mL-min-5,U294-H6-VS2-04.12.2024,1,13,,288.02916,6456.0,266.40001,21.62915,2
U294-H6-VS2-GGA20- HH15 mg-L-06122024-Q=50.8 mL-min-6,U294-H6-VS2-04.12.2024,2,0,GGA20,282.82083,301.0,252.7,30.12083,0
U294-H6-VS2-GGA20- HH15 mg-L-06122024-Q=50.8 mL-min-6,U294-H6-VS2-04.12.2024,2,1,,283.91111,772.0,254.79999,29.11112,0
U294-H6-VS2-GGA20- HH15 mg-L-06122024-Q=50.8 mL-min-6,U294-H6-VS2-04.12.2024,2,2,,281.21945,1247.0,252.09999,29.11946,0
U294-H6-VS2-GGA20- HH15 mg-L-06122024-Q=50.8 mL-min-6,U294-H6-VS2-04.12.2024,2,3,,277.94028,1722.0,249.50001,28.44027,0
U294-H6-VS2-GGA20- HH15 mg-L-06122024-Q=50.8 mL-min-6,U294-H6-VS2-04.12.2024,2,4,,282.96806,2196.0,250.09999,32.86807,0
U294-H6-VS2-GGA20- HH15 mg-L-06122024-Q=50.8 mL-min-6,U294-H6-VS2-04.12.2024,2,5,,278.1875,2669.0,246.90001,31.28749,0
U294-H6-VS2-GGA20- HH15 mg-L-06122024-Q=50.8 mL-min-6,U294-H6-VS2-04.12.2024,2,6,,275.70278,3140.0,244.1,31.60278,0
U294-H6-VS2-GGA20- HH15 mg-L-06122024-Q=50.8 mL-min-6,U294-H6-VS2-04.12.2024,2,7,GGA20-HH15,282.67973,3613.0,256.39999,26.27974,1
U294-H6-VS2-GGA20- HH15 mg-L-06122024-Q=50.8 mL-min-6,U294-H6-VS2-04.12.2024,2,8,,283.78591,4083.0,259.9,23.88591,1
U294-H6-VS2-GGA20- HH15 mg-L-06122024-Q=50.8 mL-min-6,U294-H6-VS2-04.12.2024,2,9,,283.71944,4560.0,260.8,22.91944,1
U294-H6-VS2-GGA20- HH15 mg-L-06122024-Q=50.8 mL-min-6,U294-H6-VS2-04.12.2024,2,10,,284.65278,5032.0,262.89999,21.75279,1
U294-H6-VS2-GGA20- HH15 mg-L-06122024-Q=50.8 mL-min-6,U294-H6-VS2-04.12.2024,2,11,,284.18784,5509.0,262.69999,21.48785,1
U294-H6-VS2-GGA20- HH15 mg-L-06122024-Q=50.8 mL-min-6,U294-H6-VS2-04.12.2024,2,12,,275.33195,5976.0,257.80001,17.53194,2
U294-H6-VS2-GGA20- HH15 mg-L-06122024-Q=50.8 mL-min-6,U294-H6-VS2-04.12.2024,2,13,,270.70278,6448.0,254.00001,16.70277,2
U294-H6-VS2-GGA20- HH15 mg-L-06122024-Q=50.8 mL-min-6,U294-H6-VS2-04.12.2024,2,14,,268.85135,6923.0,251.50001,17.35134,2
U295-H5-VS2-GGA5- Zn(II) 10-Cr(VI) 5-Ni(II) 5 mg-L-09122024-Q=50.56 mL-min-1,U295-H5-VS2-07.12.2024,0,0,GGA5,304.92361,301.0,221.6,83.32361,0
U295-H5-VS2-GGA5- Zn(II) 10-Cr(VI) 5-Ni(II) 5 mg-L-09122024-Q=50.56 mL-min-1,U295-H5-VS2-07.12.2024,0,1,,303.05211,774.0,223.90001,79.1521,0
U295-H5-VS2-GGA5- Zn(II) 10-Cr(VI) 5-Ni(II) 5 mg-L-09122024-Q=50.56 mL-min-1,U295-H5-VS2-07.12.2024,0,2,,303.18611,1248.0,224.3,78.88611,0
U295-H5-VS2-GGA5- Zn(II) 10-Cr(VI) 5-Ni(II) 5 mg-L-09122024-Q=50.56 mL-min-1,U295-H5-VS2-07.12.2024,0,3,,300.87162,1720.0,225.3,75.57162,0
U295-H5-VS2-GGA5- Zn(II) 10-Cr(VI) 5-Ni(II) 5 mg-L-09122024-Q=50.56 mL-min-1,U295-H5-VS2-07.12.2024,0,4,,298.5625,2195.0,219.0,79.5625,0
U295-H5-VS2-GGA5- Zn(II) 10-Cr(VI) 5-Ni(II) 5 mg-L-09122024-Q=50.56 mL-min-1,U295-H5-VS2-07.12.2024,0,5,,302.08936,2668.0,221.7,80.38936,0
U295-H5-VS2-GGA5- Zn(II) 10-Cr(VI) 5-Ni(II) 5 mg-L-09122024-Q=50.56 mL-min-1,U295-H5-VS2-07.12.2024,0,6,GGA5-Zn10-Cr5-Ni5,310.17021,3141.0,230.9,79.27021,1
U295-H5-VS2-GGA5- Zn(II) 10-Cr(VI) 5-Ni(II) 5 mg-L-09122024-Q=50.56 mL-min-1,U295-H5-VS2-07.12.2024,0,7,,321.13617,3616.0,249.3,71.83617,1
U295-H5-VS2-GGA5- Zn(II) 10-Cr(VI) 5-Ni(II) 5 mg-L-09122024-Q=50.56 mL-min-1,U295-H5-VS2-07.12.2024,0,8,,324.42979,4088.0,255.10001,69.32978,1
U295-H5-VS2-GGA5- Zn(II) 10-Cr(VI) 5-Ni(II) 5 mg-L-09122024-Q=50.56 mL-min-1,U295-H5-VS2-07.12.2024,0,9,,329.32553,4561.0,268.5,60.82553,1
U295-H5-VS2-GGA5- Zn(II) 10-Cr(VI) 5-Ni(II) 5 mg-L-09122024-Q=50.56 mL-min-1,U295-H5-VS2-07.12.2024,0,10,,330.32766,5035.0,268.7,61.62766,1
U295-H5-VS2-GGA5- Zn(II) 10-Cr(VI) 5-Ni(II) 5 mg-L-09122024-Q=50.56 mL-min-1,U295-H5-VS2-07.12.2024,0,11,,324.01064,5511.0,265.8,58.21064,1
U295-H5-VS2-GGA5- Zn(II) 10-Cr(VI) 5-Ni(II) 5 mg-L-09122024-Q=50.56 mL-min-1,U295-H5-VS2-07.12.2024,0,12,,320.83061,5981.0,263.1,57.73061,1
U295-H5-VS2-GGA5- Zn(II) 10-Cr(VI) 5-Ni(II) 5 mg-L-09122024-Q=50.56 mL-min-1,U295-H5-VS2-07.12.2024,0,13,,324.62391,6457.0,268.09999,56.52392,2
U295-H5-VS2-GGA5- Zn(II) 10-Cr(VI) 5-Ni(II) 5 mg-L-09122024-Q=50.56 mL-min-1,U295-H5-VS2-07.12.2024,0,14,,326.44042,6931.0,271.49999,54.94043,2
U295-H5-VS2-GGA15- Zn(II) 15-Cr(VI) 5-Ni(II) 10 mg-L-09122024-Q=50.4 mL-min-1,U295-H5-VS2-07.12.2024,1,0,GGA15,314.32128,301.0,250.80001,63.52127,0
U295-H5-VS2-GGA15- Zn(II) 15-Cr(VI) 5-Ni(II) 10 mg-L-09122024-Q=50.4 mL-min-1,U295-H5-VS2-07.12.2024,1,1,,313.74043,773.0,249.2,64.54043,0
U295-H5-VS2-GGA15- Zn(II) 15-Cr(VI) 5-Ni(II) 10 mg-L-09122024-Q=50.4 mL-min-1,U295-H5-VS2-07.12.2024,1,2,,310.50816,1246.0,246.99999,63.50817,0
U295-H5-VS2-GGA15- Zn(II) 15-Cr(VI) 5-Ni(II) 10 mg-L-09122024-Q=50.4 mL-min-1,U295-H5-VS2-07.12.2024,1,3,,308.18723,1721.0,241.60001,66.58722,0
U295-H5-VS2-GGA15- Zn(II) 15-Cr(VI) 5-Ni(II) 10 mg-L-09122024-Q=50.4 mL-min-1,U295-H5-VS2-07.12.2024,1,4,,313.13696,2193.0,247.6,65.53696,0
U295-H5-VS2-GGA15- Zn(II) 15-Cr(VI) 5-Ni(II) 10 mg-L-09122024-Q=50.4 mL-min-1,U295-H5-VS2-07.12.2024,1,5,,308.82766,2666.0,241.0,67.82766,0
U295-H5-VS2-GGA15- Zn(II) 15-Cr(VI) 5-Ni(II) 10 mg-L-09122024-Q=50.4 mL-min-1,U295-H5-VS2-07.12.2024,1,6,GGA15-Zn15-Cr5-Ni10,307.78085,3145.0,239.4,68.38085,1
U295-H5-VS2-GGA15- Zn(II) 15-Cr(VI) 5-Ni(II) 10 mg-L-09122024-Q=50.4 mL-min-1,U295-H5-VS2-07.12.2024,1,7,,311.19348,3619.0,254.20001,56.99347,1
U295-H5-VS2-GGA15- Zn(II) 15-Cr(VI) 5-Ni(II) 10 mg-L-09122024-Q=50.4 mL-min-1,U295-H5-VS2-07.12.2024,1,8,,313.01064,4089.0,255.10001,57.91063,1
U295-H5-VS2-GGA15- Zn(II) 15-Cr(VI) 5-Ni(II) 10 mg-L-09122024-Q=50.4 mL-min-1,U295-H5-VS2-07.12.2024,1,9,,310.82766,4563.0,257.0,53.82766,1
U295-H5-VS2-GGA15- Zn(II) 15-Cr(VI) 5-Ni(II) 10 mg-L-09122024-Q=50.4 mL-min-1,U295-H5-VS2-07.12.2024,1,10,,308.34082,5038.0,260.19999,48.14083,1
U295-H5-VS2-GGA15- Zn(II) 15-Cr(VI) 5-Ni(II) 10 mg-L-09122024-Q=50.4 mL-min-1,U295-H5-VS2-07.12.2024,1,11,,307.76596,5511.0,257.60001,50.16595,1
U295-H5-VS2-GGA15- Zn(II) 15-Cr(VI) 5-Ni(II) 10 mg-L-09122024-Q=50.4 mL-min-1,U295-H5-VS2-07.12.2024,1,12,,310.92766,5981.0,259.60001,51.32765,1
U295-H5-VS2-GGA15- Zn(II) 15-Cr(VI) 5-Ni(II) 10 mg-L-09122024-Q=50.4 mL-min-1,U295-H5-VS2-07.12.2024,1,13,,307.52609,6456.0,258.8,48.72609,2
U295-H5-VS2-GGA15- Zn(II) 15-Cr(VI) 5-Ni(II) 10 mg-L-09122024-Q=50.4 mL-min-1,U295-H5-VS2-07.12.2024,1,14,,305.74681,6930.0,257.40001,48.3468,2
U295-H5-VS2-GGA15- Zn(II) 15-Cr(VI) 5-Ni(II) 10 mg-L-09122024-Q=50.4 mL-min-1,U295-H5-VS2-07.12.2024,1,15,,307.51277,7405.0,262.2,45.31277,2
U295-H5-VS2-GGA15- Zn(II) 15-Cr(VI) 5-Ni(II) 10 mg-L-09122024-Q=50.4 mL-min-1,U295-H5-VS2-07.12.2024,1,16,,308.88936,7876.0,262.6,46.28936,2
U295-H5-VS2-GGA20-  Zn(II) 10-Cr(VI) 10-Ni(II) 15 mg-L-09122024-Q=50.54 mL-min-1,U295-H5-VS2-07.12.2024,2,0,GGA20,306.35107,301.0,252.60001,53.75106,0
U295-H5-VS2-GGA20-  Zn(II) 10-Cr(VI) 10-Ni(II) 15 mg-L-09122024-Q=50.54 mL-min-1,U295-H5-VS2-07.12.2024,2,1,,306.46596,775.0,252.60001,53.86595,0
U295-H5-VS2-GGA20-  Zn(II) 10-Cr(VI) 10-Ni(II) 15 mg-L-09122024-Q=50.54 mL-min-1,U295-H5-VS2-07.12.2024,2,2,,307.64681,1247.0,249.8,57.84681,0
U295-H5-VS2-GGA20-  Zn(II) 10-Cr(VI) 10-Ni(II) 15 mg-L-09122024-Q=50.54 mL-min-1,U295-H5-VS2-07.12.2024,2,3,,307.63404,1720.0,251.8,55.83404,0
U295-H5-VS2-GGA20-  Zn(II) 10-Cr(VI) 10-Ni(II) 15 mg-L-09122024-Q=50.54 mL-min-1,U295-H5-VS2-07.12.2024,2,4,,306.93405,2195.0,254.70001,52.23404,0
U295-H5-VS2-GGA20-  Zn(II) 10-Cr(VI) 10-Ni(II) 15 mg-L-09122024-Q=50.54 mL-min-1,U295-H5-VS2-07.12.2024,2,5,,305.2,2669.0,249.3,55.9,0
U295-H5-VS2-GGA20-  Zn(II) 10-Cr(VI) 10-Ni(II) 15 mg-L-09122024-Q=50.54 mL-min-1,U295-H5-VS2-07.12.2024,2,6,GGA20-Zn10-Cr10-Ni15,307.98044,3140.0,246.5,61.48044,1
U295-H5-VS2-GGA20-  Zn(II) 10-Cr(VI) 10-Ni(II) 15 mg-L-09122024-Q=50.54 mL-min-1,U295-H5-VS2-07.12.2024,2,7,,310.04255,3613.0,259.29999,50.74256,1
U295-H5-VS2-GGA20-  Zn(II) 10-Cr(VI) 10-Ni(II) 15 mg-L-09122024-Q=50.54 mL-min-1,U295-H5-VS2-07.12.2024,2,8,,309.82127,4088.0,257.29999,52.52128,1
U295-H5-VS2-GGA20-  Zn(II) 10-Cr(VI) 10-Ni(II) 15 mg-L-09122024-Q=50.54 mL-min-1,U295-H5-VS2-07.12.2024,2,9,,308.10204,4560.0,263.00001,45.10203,1
U295-H5-VS2-GGA20-  Zn(II) 10-Cr(VI) 10-Ni(II) 15 mg-L-09122024-Q=50.54 mL-min-1,U295-H5-VS2-07.12.2024,2,10,,307.38572,5033.0,261.79999,45.58573,1
U295-H5-VS2-GGA20-  Zn(II) 10-Cr(VI) 10-Ni(II) 15 mg-L-09122024-Q=50.54 mL-min-1,U295-H5-VS2-07.12.2024,2,11,,308.3,5506.0,260.4,47.9,1
U295-H5-VS2-GGA20-  Zn(II) 10-Cr(VI) 10-Ni(II) 15 mg-L-09122024-Q=50.54 mL-min-1,U295-H5-VS2-07.12.2024,2,12,,307.33572,5980.0,264.40001,42.93571,2
U295-H5-VS2-GGA20-  Zn(II) 10-Cr(VI) 10-Ni(II) 15 mg-L-09122024-Q=50.54 mL-min-1,U295-H5-VS2-07.12.2024,2,13,,307.07455,6454.0,263.39999,43.67456,2
U295-H5-VS2-GGA20-  Zn(II) 10-Cr(VI) 10-Ni(II) 15 mg-L-09122024-Q=50.54 mL-min-1,U295-H5-VS2-07.12.2024,2,14,,306.65965,6928.0,265.89999,40.75966,2
U296-H6-VS2-GGA5- Zn(II) 10-Cr(VI) 5-Ni(II) 5 mg-L-09122024-Q=50.38 mL-min-2,U296-H6-VS2-07.12.2024,0,0,GGA5,309.83191,301.0,253.50001,56.3319,0
U296-H6-VS2-GGA5- Zn(II) 10-Cr(VI) 5-Ni(II) 5 mg-L-09122024-Q=50.38 mL-min-2,U296-H6-VS2-07.12.2024,0,1,,307.5149,774.0,253.10001,54.41489,0
U296-H6-VS2-GGA5- Zn(II) 10-Cr(VI) 5-Ni(II) 5 mg-L-09122024-Q=50.38 mL-min-2,U296-H6-VS2-07.12.2024,0,2,,305.72766,1248.0,249.50001,56.22765,0
U296-H6-VS2-GGA5- Zn(II) 10-Cr(VI) 5-Ni(II) 5 mg-L-09122024-Q=50.38 mL-min-2,U296-H6-VS2-07.12.2024,0,3,,304.97447,1721.0,252.5,52.47447,0
U296-H6-VS2-GGA5- Zn(II) 10-Cr(VI) 5-Ni(II) 5 mg-L-09122024-Q=50.38 mL-min-2,U296-H6-VS2-07.12.2024,0,4,,302.14255,2194.0,248.79999,53.34256,0
U296-H6-VS2-GGA5- Zn(II) 10-Cr(VI) 5-Ni(II) 5 mg-L-09122024-Q=50.38 mL-min-2,U296-H6-VS2-07.12.2024,0,5,,300.33191,2668.0,244.6,55.73191,0
U296-H6-VS2-GGA5- Zn(II) 10-Cr(VI) 5-Ni(II) 5 mg-L-09122024-Q=50.38 mL-min-2,U296-H6-VS2-07.12.2024,0,6,,307.52553,3145.0,250.29999,57.22554,0
U296-H6-VS2-GGA5- Zn(II) 10-Cr(VI) 5-Ni(II) 5 mg-L-09122024-Q=50.38 mL-min-2,U296-H6-VS2-07.12.2024,0,7,GGA5-Zn10-Cr5-Ni5,319.52826,3617.0,264.0,55.52826,1
U296-H6-VS2-GGA5- Zn(II) 10-Cr(VI) 5-Ni(II) 5 mg-L-09122024-Q=50.38 mL-min-2,U296-H6-VS2-07.12.2024,0,8,,327.04043,4090.0,273.79999,53.24044,1
U296-H6-VS2-GGA5- Zn(II) 10-Cr(VI) 5-Ni(II) 5 mg-L-09122024-Q=50.38 mL-min-2,U296-H6-VS2-07.12.2024,0,9,,331.65319,4567.0,286.19999,45.4532,1
U296-H6-VS2-GGA5- Zn(II) 10-Cr(VI) 5-Ni(II) 5 mg-L-09122024-Q=50.38 mL-min-2,U296-H6-VS2-07.12.2024,0,10,,334.00213,5036.0,290.6,43.40213,1
U296-H6-VS2-GGA5- Zn(II) 10-Cr(VI) 5-Ni(II) 5 mg-L-09122024-Q=50.38 mL-min-2,U296-H6-VS2-07.12.2024,0,11,,335.09348,5510.0,290.80001,44.29347,1
U296-H6-VS2-GGA5- Zn(II) 10-Cr(VI) 5-Ni(II) 5 mg-L-09122024-Q=50.38 mL-min-2,U296-H6-VS2-07.12.2024,0,12,,328.00638,5985.0,290.80001,37.20637,1
U296-H6-VS2-GGA5- Zn(II) 10-Cr(VI) 5-Ni(II) 5 mg-L-09122024-Q=50.38 mL-min-2,U296-H6-VS2-07.12.2024,0,13,,326.2625,6458.0,290.80001,35.46249,1
U296-H6-VS2-GGA5- Zn(II) 10-Cr(VI) 5-Ni(II) 5 mg-L-09122024-Q=50.38 mL-min-2,U296-H6-VS2-07.12.2024,0,14,,329.775,6930.0,295.6,34.175,2
U296-H6-VS2-GGA5- Zn(II) 10-Cr(VI) 5-Ni(II) 5 mg-L-09122024-Q=50.38 mL-min-2,U296-H6-VS2-07.12.2024,0,15,,327.85,7404.0,293.8,34.05,2
U296-H6-VS2-GGA15- Zn(II) 15-Cr(VI) 5-Ni(II) 10 mg-L-09122024-Q=50.32 mL-min-2,U296-H6-VS2-07.12.2024,1,0,GGA15,307.42064,301.0,267.50001,39.92063,0
U296-H6-VS2-GGA15- Zn(II) 15-Cr(VI) 5-Ni(II) 10 mg-L-09122024-Q=50.32 mL-min-2,U296-H6-VS2-07.12.2024,1,1,,306.82656,776.0,265.39999,41.42657,0
U296-H6-VS2-GGA15- Zn(II) 15-Cr(VI) 5-Ni(II) 10 mg-L-09122024-Q=50.32 mL-min-2,U296-H6-VS2-07.12.2024,1,2,,303.49688,1250.0,263.8,39.69688,0
U296-H6-VS2-GGA15- Zn(II) 15-Cr(VI) 5-Ni(II) 10 mg-L-09122024-Q=50.32 mL-min-2,U296-H6-VS2-07.12.2024,1,3,,310.07936,1722.0,263.3,46.77936,0
U296-H6-VS2-GGA15- Zn(II) 15-Cr(VI) 5-Ni(II) 10 mg-L-09122024-Q=50.32 mL-min-2,U296-H6-VS2-07.12.2024,1,4,,304.39532,2197.0,262.69999,41.69533,0
U296-H6-VS2-GGA15- Zn(II) 15-Cr(VI) 5-Ni(II) 10 mg-L-09122024-Q=50.32 mL-min-2,U296-H6-VS2-07.12.2024,1,5,,300.72769,2670.0,258.8,41.92769,0
U296-H6-VS2-GGA15- Zn(II) 15-Cr(VI) 5-Ni(II) 10 mg-L-09122024-Q=50.32 mL-min-2,U296-H6-VS2-07.12.2024,1,6,,302.9875,3145.0,266.99999,35.98751,1
U296-H6-VS2-GGA15- Zn(II) 15-Cr(VI) 5-Ni(II) 10 mg-L-09122024-Q=50.32 mL-min-2,U296-H6-VS2-07.12.2024,1,7,GGA15-Zn15-Cr5-Ni10,306.83281,3616.0,273.20001,33.6328,1
U296-H6-VS2-GGA15- Zn(II) 15-Cr(VI) 5-Ni(II) 10 mg-L-09122024-Q=50.32 mL-min-2,U296-H6-VS2-07.12.2024,1,8,,308.45,4089.0,277.59999,30.85001,1
U296-H6-VS2-GGA15- Zn(II) 15-Cr(VI) 5-Ni(II) 10 mg-L-09122024-Q=50.32 mL-min-2,U296-H6-VS2-07.12.2024,1,9,,308.41094,4564.0,278.80001,29.61093,1
U296-H6-VS2-GGA15- Zn(II) 15-Cr(VI) 5-Ni(II) 10 mg-L-09122024-Q=50.32 mL-min-2,U296-H6-VS2-07.12.2024,1,10,,305.92188,5033.0,277.00001,28.92187,1
U296-H6-VS2-GGA15- Zn(II) 15-Cr(VI) 5-Ni(II) 10 mg-L-09122024-Q=50.32 mL-min-2,U296-H6-VS2-07.12.2024,1,11,,301.90313,5510.0,274.10001,27.80312,1
U296-H6-VS2-GGA15- Zn(II) 15-Cr(VI) 5-Ni(II) 10 mg-L-09122024-Q=50.32 mL-min-2,U296-H6-VS2-07.12.2024,1,12,,308.12969,5983.0,283.10001,25.02968,1
U296-H6-VS2-GGA15- Zn(II) 15-Cr(VI) 5-Ni(II) 10 mg-L-09122024-Q=50.32 mL-min-2,U296-H6-VS2-07.12.2024,1,13,,304.02656,6453.0,279.59999,24.42657,2
U296-H6-VS2-GGA15- Zn(II) 15-Cr(VI) 5-Ni(II) 10 mg-L-09122024-Q=50.32 mL-min-2,U296-H6-VS2-07.12.2024,1,14,,301.98281,6928.0,278.2,23.78281,2
U296-H6-VS2-GGA15- Zn(II) 15-Cr(VI) 5-Ni(II) 10 mg-L-09122024-Q=50.32 mL-min-2,U296-H6-VS2-07.12.2024,1,15,,301.20757,7401.0,277.20001,24.00756,2
U296-H6-VS2-GGA20-  Zn(II) 10-Cr(VI) 10-Ni(II) 15 mg-L-09122024-Q=50.34 mL-min-2,U296-H6-VS2-07.12.2024,2,0,GGA20,298.43334,301.0,268.90001,29.53333,0
U296-H6-VS2-GGA20-  Zn(II) 10-Cr(VI) 10-Ni(II) 15 mg-L-09122024-Q=50.34 mL-min-2,U296-H6-VS2-07.12.2024,2,1,,301.33333,773.0,271.49999,29.83334,0
U296-H6-VS2-GGA20-  Zn(II) 10-Cr(VI) 10-Ni(II) 15 mg-L-09122024-Q=50.34 mL-min-2,U296-H6-VS2-07.12.2024,2,2,,297.98,1248.0,265.70001,32.27999,0
U296-H6-VS2-GGA20-  Zn(II) 10-Cr(VI) 10-Ni(II) 15 mg-L-09122024-Q=50.34 mL-min-2,U296-H6-VS2-07.12.2024,2,3,,297.13333,1720.0,267.89999,29.23334,0
U296-H6-VS2-GGA20-  Zn(II) 10-Cr(VI) 10-Ni(II) 15 mg-L-09122024-Q=50.34 mL-min-2,U296-H6-VS2-07.12.2024,2,4,,295.45797,2197.0,264.0,31.45797,0
U296-H6-VS2-GGA20-  Zn(II) 10-Cr(VI) 10-Ni(II) 15 mg-L-09122024-Q=50.34 mL-min-2,U296-H6-VS2-07.12.2024,2,5,GGA20-Zn10-Cr10-Ni15,302.35714,2676.0,275.79999,26.55715,1
U296-H6-VS2-GGA20-  Zn(II) 10-Cr(VI) 10-Ni(II) 15 mg-L-09122024-Q=50.34 mL-min-2,U296-H6-VS2-07.12.2024,2,6,,302.82464,3151.0,276.69999,26.12465,1
U296-H6-VS2-GGA20-  Zn(II) 10-Cr(VI) 10-Ni(II) 15 mg-L-09122024-Q=50.34 mL-min-2,U296-H6-VS2-07.12.2024,2,7,,303.06857,3620.0,277.70001,25.36856,1
U296-H6-VS2-GGA20-  Zn(II) 10-Cr(VI) 10-Ni(II) 15 mg-L-09122024-Q=50.34 mL-min-2,U296-H6-VS2-07.12.2024,2,8,,301.22222,4096.0,278.29999,22.92223,1
U296-H6-VS2-GGA20-  Zn(II) 10-Cr(VI) 10-Ni(II) 15 mg-L-09122024-Q=50.34 mL-min-2,U296-H6-VS2-07.12.2024,2,9,,299.65454,4569.0,274.19999,25.45455,1
U296-H6-VS2-GGA20-  Zn(II) 10-Cr(VI) 10-Ni(II) 15 mg-L-09122024-Q=50.34 mL-min-2,U296-H6-VS2-07.12.2024,2,10,,299.64,5044.0,277.79999,21.84001,2
U296-H6-VS2-GGA20-  Zn(II) 10-Cr(VI) 10-Ni(II) 15 mg-L-09122024-Q=50.34 mL-min-2,U296-H6-VS2-07.12.2024,2,11,,299.16786,5514.0,275.3,23.86786,2
U296-H6-VS2-GGA20-  Zn(II) 10-Cr(VI) 10-Ni(II) 15 mg-L-09122024-Q=50.34 mL-min-2,U296-H6-VS2-07.12.2024,2,12,,298.45,5992.0,277.59999,20.85001,2
U297-H5-VS2-GGA10- Zn(II) 10-Cr(VI) 5-Ni(II) 5 mg-L-10122024-Q=50.3 mL-min-3,U297-H5-VS2-08.12.2024,0,0,GGA10,298.48194,301.0,226.4,72.08194,0
U297-H5-VS2-GGA10- Zn(II) 10-Cr(VI) 5-Ni(II) 5 mg-L-10122024-Q=50.3 mL-min-3,U297-H5-VS2-08.12.2024,0,1,,298.75972,775.0,230.10001,68.65971,0
U297-H5-VS2-GGA10- Zn(II) 10-Cr(VI) 5-Ni(II) 5 mg-L-10122024-Q=50.3 mL-min-3,U297-H5-VS2-08.12.2024,0,2,,298.93889,1248.0,225.5,73.43889,0
U297-H5-VS2-GGA10- Zn(II) 10-Cr(VI) 5-Ni(II) 5 mg-L-10122024-Q=50.3 mL-min-3,U297-H5-VS2-08.12.2024,0,3,,301.48592,1721.0,223.5,77.98592,0
U297-H5-VS2-GGA10- Zn(II) 10-Cr(VI) 5-Ni(II) 5 mg-L-10122024-Q=50.3 mL-min-3,U297-H5-VS2-08.12.2024,0,4,,308.10555,2200.0,229.5,78.60555,0
U297-H5-VS2-GGA10- Zn(II) 10-Cr(VI) 5-Ni(II) 5 mg-L-10122024-Q=50.3 mL-min-3,U297-H5-VS2-08.12.2024,0,5,,310.67808,2675.0,236.9,73.77808,0
U297-H5-VS2-GGA10- Zn(II) 10-Cr(VI) 5-Ni(II) 5 mg-L-10122024-Q=50.3 mL-min-3,U297-H5-VS2-08.12.2024,0,6,GGA10-Zn10-Cr5-Ni5,318.46143,3154.0,273.79999,44.66144,1
U297-H5-VS2-GGA10- Zn(II) 10-Cr(VI) 5-Ni(II) 5 mg-L-10122024-Q=50.3 mL-min-3,U297-H5-VS2-08.12.2024,0,7,,316.22609,3631.0,276.80001,39.42608,1
U297-H5-VS2-GGA10- Zn(II) 10-Cr(VI) 5-Ni(II) 5 mg-L-10122024-Q=50.3 mL-min-3,U297-H5-VS2-08.12.2024,0,8,,317.15,4104.0,273.40001,43.74999,1
U297-H5-VS2-GGA10- Zn(II) 10-Cr(VI) 5-Ni(II) 5 mg-L-10122024-Q=50.3 mL-min-3,U297-H5-VS2-08.12.2024,0,9,,315.41739,4576.0,277.5,37.91739,2
U297-H5-VS2-GGA10- Zn(II) 10-Cr(VI) 5-Ni(II) 5 mg-L-10122024-Q=50.3 mL-min-3,U297-H5-VS2-08.12.2024,0,10,,318.70145,5051.0,280.9,37.80145,2
U297-H5-VS2-GGA15- Zn(II) 15-Cr(VI) 10-Ni(II) 5 mg-L-10122024-Q=50.66 mL-min-1,U297-H5-VS2-08.12.2024,1,0,GGA15,318.05217,301.0,272.19999,45.85218,0
U297-H5-VS2-GGA15- Zn(II) 15-Cr(VI) 10-Ni(II) 5 mg-L-10122024-Q=50.66 mL-min-1,U297-H5-VS2-08.12.2024,1,1,,314.7,774.0,270.20001,44.49999,0
U297-H5-VS2-GGA15- Zn(II) 15-Cr(VI) 10-Ni(II) 5 mg-L-10122024-Q=50.66 mL-min-1,U297-H5-VS2-08.12.2024,1,2,,314.16286,1248.0,265.30001,48.86285,0
U297-H5-VS2-GGA15- Zn(II) 15-Cr(VI) 10-Ni(II) 5 mg-L-10122024-Q=50.66 mL-min-1,U297-H5-VS2-08.12.2024,1,3,,313.38406,1721.0,267.19999,46.18407,0
U297-H5-VS2-GGA15- Zn(II) 15-Cr(VI) 10-Ni(II) 5 mg-L-10122024-Q=50.66 mL-min-1,U297-H5-VS2-08.12.2024,1,4,,316.34783,2195.0,266.0,50.34783,0
U297-H5-VS2-GGA15- Zn(II) 15-Cr(VI) 10-Ni(II) 5 mg-L-10122024-Q=50.66 mL-min-1,U297-H5-VS2-08.12.2024,1,5,,311.35217,2668.0,263.3,48.05217,0
U297-H5-VS2-GGA15- Zn(II) 15-Cr(VI) 10-Ni(II) 5 mg-L-10122024-Q=50.66 mL-min-1,U297-H5-VS2-08.12.2024,1,6,GGA15-Zn15-Cr10-Ni5,310.73333,3142.0,265.70001,45.03332,1
U297-H5-VS2-GGA15- Zn(II) 15-Cr(VI) 10-Ni(II) 5 mg-L-10122024-Q=50.66 mL-min-1,U297-H5-VS2-08.12.2024,1,7,,314.72676,3614.0,270.90001,43.82675,1
U297-H5-VS2-GGA15- Zn(II) 15-Cr(VI) 10-Ni(II) 5 mg-L-10122024-Q=50.66 mL-min-1,U297-H5-VS2-08.12.2024,1,8,,314.7,4089.0,271.4,43.3,1
U297-H5-VS2-GGA15- Zn(II) 15-Cr(VI) 10-Ni(II) 5 mg-L-10122024-Q=50.66 mL-min-1,U297-H5-VS2-08.12.2024,1,9,,315.55,4561.0,274.6,40.95,1
U297-H5-VS2-GGA15- Zn(II) 15-Cr(VI) 10-Ni(II) 5 mg-L-10122024-Q=50.66 mL-min-1,U297-H5-VS2-08.12.2024,1,10,,320.09275,5033.0,279.39999,40.69276,1
U297-H5-VS2-GGA15- Zn(II) 15-Cr(VI) 10-Ni(II) 5 mg-L-10122024-Q=50.66 mL-min-1,U297-H5-VS2-08.12.2024,1,11,,313.7029,5509.0,274.4,39.3029,1
U297-H5-VS2-GGA15- Zn(II) 15-Cr(VI) 10-Ni(II) 5 mg-L-10122024-Q=50.66 mL-min-1,U297-H5-VS2-08.12.2024,1,12,,310.64857,5984.0,271.29999,39.34858,1
U297-H5-VS2-GGA15- Zn(II) 15-Cr(VI) 10-Ni(II) 5 mg-L-10122024-Q=50.66 mL-min-1,U297-H5-VS2-08.12.2024,1,13,,309.16522,6456.0,273.09999,36.06523,2
U297-H5-VS2-GGA15- Zn(II) 15-Cr(VI) 10-Ni(II) 5 mg-L-10122024-Q=50.66 mL-min-1,U297-H5-VS2-08.12.2024,1,14,,308.98857,6927.0,272.1,36.88857,2
U297-H5-VS2-GGA20-  Zn(II) 15-Cr(VI) 10-Ni(II) 10 mg-L-10122024-Q=50.34 mL-min-5,U297-H5-VS2-08.12.2024,2,0,GGA20,310.80563,301.0,270.20001,40.60562,0
U297-H5-VS2-GGA20-  Zn(II) 15-Cr(VI) 10-Ni(II) 10 mg-L-10122024-Q=50.34 mL-min-5,U297-H5-VS2-08.12.2024,2,1,,315.42174,773.0,275.00001,40.42173,0
U297-H5-VS2-GGA20-  Zn(II) 15-Cr(VI) 10-Ni(II) 10 mg-L-10122024-Q=50.34 mL-min-5,U297-H5-VS2-08.12.2024,2,2,,312.37101,1247.0,271.80001,40.571,0
U297-H5-VS2-GGA20-  Zn(II) 15-Cr(VI) 10-Ni(II) 10 mg-L-10122024-Q=50.34 mL-min-5,U297-H5-VS2-08.12.2024,2,3,,310.14571,1723.0,266.9,43.24571,0
U297-H5-VS2-GGA20-  Zn(II) 15-Cr(VI) 10-Ni(II) 10 mg-L-10122024-Q=50.34 mL-min-5,U297-H5-VS2-08.12.2024,2,4,,306.71143,2196.0,266.0,40.71143,0
U297-H5-VS2-GGA20-  Zn(II) 15-Cr(VI) 10-Ni(II) 10 mg-L-10122024-Q=50.34 mL-min-5,U297-H5-VS2-08.12.2024,2,5,,305.47826,2668.0,263.1,42.37826,0
U297-H5-VS2-GGA20-  Zn(II) 15-Cr(VI) 10-Ni(II) 10 mg-L-10122024-Q=50.34 mL-min-5,U297-H5-VS2-08.12.2024,2,6,GGA20-Zn15-Cr10-Ni10,310.84722,3142.0,268.59999,42.24723,1
U297-H5-VS2-GGA20-  Zn(II) 15-Cr(VI) 10-Ni(II) 10 mg-L-10122024-Q=50.34 mL-min-5,U297-H5-VS2-08.12.2024,2,7,,307.955,3615.0,269.10001,38.85499,1
U297-H5-VS2-GGA20-  Zn(II) 15-Cr(VI) 10-Ni(II) 10 mg-L-10122024-Q=50.34 mL-min-5,U297-H5-VS2-08.12.2024,2,8,,308.36066,4089.0,270.90001,37.46065,1
U297-H5-VS2-GGA20-  Zn(II) 15-Cr(VI) 10-Ni(II) 10 mg-L-10122024-Q=50.34 mL-min-5,U297-H5-VS2-08.12.2024,2,9,,313.96066,4562.0,275.20001,38.76065,1
U297-H5-VS2-GGA20-  Zn(II) 15-Cr(VI) 10-Ni(II) 10 mg-L-10122024-Q=50.34 mL-min-5,U297-H5-VS2-08.12.2024,2,10,,315.70333,5036.0,276.89999,38.80334,1
U297-H5-VS2-GGA20-  Zn(II) 15-Cr(VI) 10-Ni(II) 10 mg-L-10122024-Q=50.34 mL-min-5,U297-H5-VS2-08.12.2024,2,11,,312.325,5507.0,277.3,35.025,2
U297-H5-VS2-GGA20-  Zn(II) 15-Cr(VI) 10-Ni(II) 10 mg-L-10122024-Q=50.34 mL-min-5,U297-H5-VS2-08.12.2024,2,12,,309.87377,5983.0,277.5,32.37377,2
U297-H5-VS2-GGA20-  Zn(II) 15-Cr(VI) 10-Ni(II) 10 mg-L-10122024-Q=50.34 mL-min-5,U297-H5-VS2-08.12.2024,2,13,,308.285,6456.0,272.70001,35.58499,2
U297-H5-VS2-GGA20-  Zn(II) 15-Cr(VI) 10-Ni(II) 10 mg-L-10122024-Q=50.34 mL-min-5,U297-H5-VS2-08.12.2024,2,14,,312.02581,6929.0,276.69999,35.32582,2
U298-H6-VS2-GGA10- Zn(II) 10-Cr(VI) 5-Ni(II) 5 mg-L-10122024-Q=50.42 mL-min-3,U298-H6-VS2-08.12.2024,0,0,GGA10,298.48286,301.0,239.4,59.08286,0
U298-H6-VS2-GGA10- Zn(II) 10-Cr(VI) 5-Ni(II) 5 mg-L-10122024-Q=50.42 mL-min-3,U298-H6-VS2-08.12.2024,0,1,,295.63428,776.0,239.99999,55.63429,0
U298-H6-VS2-GGA10- Zn(II) 10-Cr(VI) 5-Ni(II) 5 mg-L-10122024-Q=50.42 mL-min-3,U298-H6-VS2-08.12.2024,0,2,,293.48985,1250.0,235.7,57.78985,0
U298-H6-VS2-GGA10- Zn(II) 10-Cr(VI) 5-Ni(II) 5 mg-L-10122024-Q=50.42 mL-min-3,U298-H6-VS2-08.12.2024,0,3,,294.92958,1722.0,239.99999,54.92959,0
U298-H6-VS2-GGA10- Zn(II) 10-Cr(VI) 5-Ni(II) 5 mg-L-10122024-Q=50.42 mL-min-3,U298-H6-VS2-08.12.2024,0,4,,294.14,2195.0,232.70001,61.43999,0
U298-H6-VS2-GGA10- Zn(II) 10-Cr(VI) 5-Ni(II) 5 mg-L-10122024-Q=50.42 mL-min-3,U298-H6-VS2-08.12.2024,0,5,GGA10-Zn10-Cr5-Ni5,301.73623,2665.0,265.1,36.63623,1
U298-H6-VS2-GGA10- Zn(II) 10-Cr(VI) 5-Ni(II) 5 mg-L-10122024-Q=50.42 mL-min-3,U298-H6-VS2-08.12.2024,0,6,,304.13768,3139.0,266.99999,37.13769,1
U298-H6-VS2-GGA10- Zn(II) 10-Cr(VI) 5-Ni(II) 5 mg-L-10122024-Q=50.42 mL-min-3,U298-H6-VS2-08.12.2024,0,7,,303.16286,3612.0,270.3,32.86286,1
U298-H6-VS2-GGA10- Zn(II) 10-Cr(VI) 5-Ni(II) 5 mg-L-10122024-Q=50.42 mL-min-3,U298-H6-VS2-08.12.2024,0,8,,304.32609,4087.0,271.0,33.32609,1
U298-H6-VS2-GGA10- Zn(II) 10-Cr(VI) 5-Ni(II) 5 mg-L-10122024-Q=50.42 mL-min-3,U298-H6-VS2-08.12.2024,0,9,,302.75067,4561.0,270.90001,31.85066,1
U298-H6-VS2-GGA10- Zn(II) 10-Cr(VI) 5-Ni(II) 5 mg-L-10122024-Q=50.42 mL-min-3,U298-H6-VS2-08.12.2024,0,10,,305.992,5032.0,275.7,30.292,2
U298-H6-VS2-GGA10- Zn(II) 10-Cr(VI) 5-Ni(II) 5 mg-L-10122024-Q=50.42 mL-min-3,U298-H6-VS2-08.12.2024,0,11,,303.10267,5508.0,272.6,30.50267,2
U298-H6-VS2-GGA15- Zn(II) 15-Cr(VI) 10-Ni(II) 5 mg-L-10122024-Q=50.78 mL-min-2,U298-H6-VS2-08.12.2024,1,0,GGA15,301.12533,301.0,264.80001,36.32532,0
U298-H6-VS2-GGA15- Zn(II) 15-Cr(VI) 10-Ni(II) 5 mg-L-10122024-Q=50.78 mL-min-2,U298-H6-VS2-08.12.2024,1,1,,299.56133,775.0,266.29999,33.26134,0
U298-H6-VS2-GGA15- Zn(II) 15-Cr(VI) 10-Ni(II) 5 mg-L-10122024-Q=50.78 mL-min-2,U298-H6-VS2-08.12.2024,1,2,,296.548,1247.0,259.60001,36.94799,0
U298-H6-VS2-GGA15- Zn(II) 15-Cr(VI) 10-Ni(II) 5 mg-L-10122024-Q=50.78 mL-min-2,U298-H6-VS2-08.12.2024,1,3,,296.93553,1720.0,261.59999,35.33554,0
U298-H6-VS2-GGA15- Zn(II) 15-Cr(VI) 10-Ni(II) 5 mg-L-10122024-Q=50.78 mL-min-2,U298-H6-VS2-08.12.2024,1,4,,298.64533,2194.0,261.20001,37.44532,0
U298-H6-VS2-GGA15- Zn(II) 15-Cr(VI) 10-Ni(II) 5 mg-L-10122024-Q=50.78 mL-min-2,U298-H6-VS2-08.12.2024,1,5,,293.32208,2668.0,257.80001,35.52207,0
U298-H6-VS2-GGA15- Zn(II) 15-Cr(VI) 10-Ni(II) 5 mg-L-10122024-Q=50.78 mL-min-2,U298-H6-VS2-08.12.2024,1,6,GGA15-Zn15-Cr10-Ni5,293.78,3140.0,259.99999,33.78001,1
U298-H6-VS2-GGA15- Zn(II) 15-Cr(VI) 10-Ni(II) 5 mg-L-10122024-Q=50.78 mL-min-2,U298-H6-VS2-08.12.2024,1,7,,300.37213,3618.0,269.2,31.17213,1
U298-H6-VS2-GGA15- Zn(II) 15-Cr(VI) 10-Ni(II) 5 mg-L-10122024-Q=50.78 mL-min-2,U298-H6-VS2-08.12.2024,1,8,,300.11333,4090.0,269.89999,30.21334,1
U298-H6-VS2-GGA15- Zn(II) 15-Cr(VI) 10-Ni(II) 5 mg-L-10122024-Q=50.78 mL-min-2,U298-H6-VS2-08.12.2024,1,9,,303.785,4563.0,274.10001,29.68499,1
U298-H6-VS2-GGA15- Zn(II) 15-Cr(VI) 10-Ni(II) 5 mg-L-10122024-Q=50.78 mL-min-2,U298-H6-VS2-08.12.2024,1,10,,306.45167,5038.0,273.0,33.45167,1
U298-H6-VS2-GGA15- Zn(II) 15-Cr(VI) 10-Ni(II) 5 mg-L-10122024-Q=50.78 mL-min-2,U298-H6-VS2-08.12.2024,1,11,,297.79672,5510.0,266.79999,30.99673,1
U298-H6-VS2-GGA15- Zn(II) 15-Cr(VI) 10-Ni(II) 5 mg-L-10122024-Q=50.78 mL-min-2,U298-H6-VS2-08.12.2024,1,12,,296.15167,5982.0,265.39999,30.75168,1
U298-H6-VS2-GGA15- Zn(II) 15-Cr(VI) 10-Ni(II) 5 mg-L-10122024-Q=50.78 mL-min-2,U298-H6-VS2-08.12.2024,1,13,,295.30656,6458.0,266.9,28.40656,2
U298-H6-VS2-GGA15- Zn(II) 15-Cr(VI) 10-Ni(II) 5 mg-L-10122024-Q=50.78 mL-min-2,U298-H6-VS2-08.12.2024,1,14,,300.12258,6929.0,270.20001,29.92257,2
U298-H6-VS2-GGA20-  Zn(II) 15-Cr(VI) 10-Ni(II) 10 mg-L-10122024-Q=50.55 mL-min-6,U298-H6-VS2-08.12.2024,2,0,GGA20,297.11667,301.0,265.1,32.01667,0
U298-H6-VS2-GGA20-  Zn(II) 15-Cr(VI) 10-Ni(II) 10 mg-L-10122024-Q=50.55 mL-min-6,U298-H6-VS2-08.12.2024,2,1,,302.635,774.0,267.8,34.835,0
U298-H6-VS2-GGA20-  Zn(II) 15-Cr(VI) 10-Ni(II) 10 mg-L-10122024-Q=50.55 mL-min-6,U298-H6-VS2-08.12.2024,2,2,,297.87167,1246.0,265.19999,32.67168,0
U298-H6-VS2-GGA20-  Zn(II) 15-Cr(VI) 10-Ni(II) 10 mg-L-10122024-Q=50.55 mL-min-6,U298-H6-VS2-08.12.2024,2,3,,294.51333,1718.0,260.8,33.71333,0
U298-H6-VS2-GGA20-  Zn(II) 15-Cr(VI) 10-Ni(II) 10 mg-L-10122024-Q=50.55 mL-min-6,U298-H6-VS2-08.12.2024,2,4,,292.93,2192.0,261.40001,31.52999,0
U298-H6-VS2-GGA20-  Zn(II) 15-Cr(VI) 10-Ni(II) 10 mg-L-10122024-Q=50.55 mL-min-6,U298-H6-VS2-08.12.2024,2,5,,292.24754,2664.0,258.70001,33.54753,0
U298-H6-VS2-GGA20-  Zn(II) 15-Cr(VI) 10-Ni(II) 10 mg-L-10122024-Q=50.55 mL-min-6,U298-H6-VS2-08.12.2024,2,6,GGA20-Zn15-Cr10-Ni10,296.07581,3139.0,263.1,32.97581,1
U298-H6-VS2-GGA20-  Zn(II) 15-Cr(VI) 10-Ni(II) 10 mg-L-10122024-Q=50.55 mL-min-6,U298-H6-VS2-08.12.2024,2,7,,296.30667,3613.0,267.19999,29.10668,1
U298-H6-VS2-GGA20-  Zn(II) 15-Cr(VI) 10-Ni(II) 10 mg-L-10122024-Q=50.55 mL-min-6,U298-H6-VS2-08.12.2024,2,8,,297.25246,4084.0,270.70001,26.55245,1
U298-H6-VS2-GGA20-  Zn(II) 15-Cr(VI) 10-Ni(II) 10 mg-L-10122024-Q=50.55 mL-min-6,U298-H6-VS2-08.12.2024,2,9,,305.31639,4562.0,277.3,28.01639,1
U298-H6-VS2-GGA20-  Zn(II) 15-Cr(VI) 10-Ni(II) 10 mg-L-10122024-Q=50.55 mL-min-6,U298-H6-VS2-08.12.2024,2,10,,304.145,5032.0,273.79999,30.34501,1
U298-H6-VS2-GGA20-  Zn(II) 15-Cr(VI) 10-Ni(II) 10 mg-L-10122024-Q=50.55 mL-min-6,U298-H6-VS2-08.12.2024,2,11,,300.27541,5508.0,273.0,27.27541,1
U298-H6-VS2-GGA20-  Zn(II) 15-Cr(VI) 10-Ni(II) 10 mg-L-10122024-Q=50.55 mL-min-6,U298-H6-VS2-08.12.2024,2,12,,297.74098,5980.0,271.80001,25.94097,2
U298-H6-VS2-GGA20-  Zn(II) 15-Cr(VI) 10-Ni(II) 10 mg-L-10122024-Q=50.55 mL-min-6,U298-H6-VS2-08.12.2024,2,13,,294.34,6454.0,268.90001,25.43999,2
U298-H6-VS2-GGA20-  Zn(II) 15-Cr(VI) 10-Ni(II) 10 mg-L-10122024-Q=50.55 mL-min-6,U298-H6-VS2-08.12.2024,2,14,,299.61167,6926.0,274.10001,25.51166,2
U299-H5-VS2-GGA10- Zn(II) 10-Cr(VI) 5-Ni(II) 5 mg-L-11122024-Q=50.48 mL-min-5,U299-H5-VS2-09.12.2024,0,0,GGA10,310.34167,301.0,233.9,76.44167,0
U299-H5-VS2-GGA10- Zn(II) 10-Cr(VI) 5-Ni(II) 5 mg-L-11122024-Q=50.48 mL-min-5,U299-H5-VS2-09.12.2024,0,1,,308.17222,776.0,231.7,76.47222,0
U299-H5-VS2-GGA10- Zn(II) 10-Cr(VI) 5-Ni(II) 5 mg-L-11122024-Q=50.48 mL-min-5,U299-H5-VS2-09.12.2024,0,2,,306.76945,1250.0,229.39999,77.36946,0
U299-H5-VS2-GGA10- Zn(II) 10-Cr(VI) 5-Ni(II) 5 mg-L-11122024-Q=50.48 mL-min-5,U299-H5-VS2-09.12.2024,0,3,,305.58472,1722.0,226.60001,78.98471,0
U299-H5-VS2-GGA10- Zn(II) 10-Cr(VI) 5-Ni(II) 5 mg-L-11122024-Q=50.48 mL-min-5,U299-H5-VS2-09.12.2024,0,4,,304.02027,2196.0,225.70001,78.32026,0
U299-H5-VS2-GGA10- Zn(II) 10-Cr(VI) 5-Ni(II) 5 mg-L-11122024-Q=50.48 mL-min-5,U299-H5-VS2-09.12.2024,0,5,GGA10-Zn10-Cr5-Ni5,310.69861,2675.0,246.09999,64.59862,1
U299-H5-VS2-GGA10- Zn(II) 10-Cr(VI) 5-Ni(II) 5 mg-L-11122024-Q=50.48 mL-min-5,U299-H5-VS2-09.12.2024,0,6,,309.11127,3148.0,255.69999,53.41128,1
U299-H5-VS2-GGA10- Zn(II) 10-Cr(VI) 5-Ni(II) 5 mg-L-11122024-Q=50.48 mL-min-5,U299-H5-VS2-09.12.2024,0,7,,307.62917,3621.0,258.89999,48.72918,1
U299-H5-VS2-GGA10- Zn(II) 10-Cr(VI) 5-Ni(II) 5 mg-L-11122024-Q=50.48 mL-min-5,U299-H5-VS2-09.12.2024,0,8,,304.79028,4094.0,260.6,44.19028,2
U299-H5-VS2-GGA10- Zn(II) 10-Cr(VI) 5-Ni(II) 5 mg-L-11122024-Q=50.48 mL-min-5,U299-H5-VS2-09.12.2024,0,9,,309.57361,4569.0,264.7,44.87361,2
U299-H5-VS2-GGA15- Zn(II) 15-Cr(VI) 10-Ni(II) 5 mg-L-11122024-Q=50.38 mL-min-3,U299-H5-VS2-09.12.2024,1,0,GGA15,319.89296,301.0,269.30001,50.59295,0
U299-H5-VS2-GGA15- Zn(II) 15-Cr(VI) 10-Ni(II) 5 mg-L-11122024-Q=50.38 mL-min-3,U299-H5-VS2-09.12.2024,1,1,,319.75139,775.0,268.40001,51.35138,0
U299-H5-VS2-GGA15- Zn(II) 15-Cr(VI) 10-Ni(II) 5 mg-L-11122024-Q=50.38 mL-min-3,U299-H5-VS2-09.12.2024,1,2,,315.21389,1252.0,262.6,52.61389,0
U299-H5-VS2-GGA15- Zn(II) 15-Cr(VI) 10-Ni(II) 5 mg-L-11122024-Q=50.38 mL-min-3,U299-H5-VS2-09.12.2024,1,3,,312.18592,1724.0,261.5,50.68592,0
U299-H5-VS2-GGA15- Zn(II) 15-Cr(VI) 10-Ni(II) 5 mg-L-11122024-Q=50.38 mL-min-3,U299-H5-VS2-09.12.2024,1,4,,308.51528,2198.0,258.39999,50.11529,0
U299-H5-VS2-GGA15- Zn(II) 15-Cr(VI) 10-Ni(II) 5 mg-L-11122024-Q=50.38 mL-min-3,U299-H5-VS2-09.12.2024,1,5,,307.79306,2669.0,256.70001,51.09305,0
U299-H5-VS2-GGA15- Zn(II) 15-Cr(VI) 10-Ni(II) 5 mg-L-11122024-Q=50.38 mL-min-3,U299-H5-VS2-09.12.2024,1,6,GGA15-Zn15-Cr10-Ni5,313.90417,3144.0,262.89999,51.00418,1
U299-H5-VS2-GGA15- Zn(II) 15-Cr(VI) 10-Ni(II) 5 mg-L-11122024-Q=50.38 mL-min-3,U299-H5-VS2-09.12.2024,1,7,,320.02639,3615.0,274.69999,45.3264,1
U299-H5-VS2-GGA15- Zn(II) 15-Cr(VI) 10-Ni(II) 5 mg-L-11122024-Q=50.38 mL-min-3,U299-H5-VS2-09.12.2024,1,8,,315.08194,4090.0,268.3,46.78194,1
U299-H5-VS2-GGA15- Zn(II) 15-Cr(VI) 10-Ni(II) 5 mg-L-11122024-Q=50.38 mL-min-3,U299-H5-VS2-09.12.2024,1,9,,303.98514,4566.0,264.40001,39.58513,1
U299-H5-VS2-GGA15- Zn(II) 15-Cr(VI) 10-Ni(II) 5 mg-L-11122024-Q=50.38 mL-min-3,U299-H5-VS2-09.12.2024,1,10,,302.19828,5037.0,264.2,37.99828,1
U299-H5-VS2-GGA15- Zn(II) 15-Cr(VI) 10-Ni(II) 5 mg-L-11122024-Q=50.38 mL-min-3,U299-H5-VS2-09.12.2024,1,11,,304.77414,5510.0,263.8,40.97414,1
U299-H5-VS2-GGA15- Zn(II) 15-Cr(VI) 10-Ni(II) 5 mg-L-11122024-Q=50.38 mL-min-3,U299-H5-VS2-09.12.2024,1,12,,303.5431,5984.0,265.70001,37.84309,1
U299-H5-VS2-GGA15- Zn(II) 15-Cr(VI) 10-Ni(II) 5 mg-L-11122024-Q=50.38 mL-min-3,U299-H5-VS2-09.12.2024,1,13,,310.38103,6463.0,273.79999,36.58104,1
U299-H5-VS2-GGA15- Zn(II) 15-Cr(VI) 10-Ni(II) 5 mg-L-11122024-Q=50.38 mL-min-3,U299-H5-VS2-09.12.2024,1,14,,310.17931,6933.0,275.5,34.67931,2
U299-H5-VS2-GGA15- Zn(II) 15-Cr(VI) 10-Ni(II) 5 mg-L-11122024-Q=50.38 mL-min-3,U299-H5-VS2-09.12.2024,1,15,,315.53966,7409.0,281.19999,34.33967,2
U300-H6-VS2-GGA10- Zn(II) 10-Cr(VI) 5-Ni(II) 5 mg-L-11122024-Q=50.64 mL-min-6,U300-H6-VS2-09.12.2024,0,0,GGA10,302.67917,301.0,244.5,58.17917,0
U300-H6-VS2-GGA10- Zn(II) 10-Cr(VI) 5-Ni(II) 5 mg-L-11122024-Q=50.64 mL-min-6,U300-H6-VS2-09.12.2024,0,1,,306.825,773.0,249.59999,57.22501,0
U300-H6-VS2-GGA10- Zn(II) 10-Cr(VI) 5-Ni(II) 5 mg-L-11122024-Q=50.64 mL-min-6,U300-H6-VS2-09.12.2024,0,2,,302.75106,1248.0,246.7,56.05106,0
U300-H6-VS2-GGA10- Zn(II) 10-Cr(VI) 5-Ni(II) 5 mg-L-11122024-Q=50.64 mL-min-6,U300-H6-VS2-09.12.2024,0,3,,299.05833,1723.0,242.59999,56.45834,0
U300-H6-VS2-GGA10- Zn(II) 10-Cr(VI) 5-Ni(II) 5 mg-L-11122024-Q=50.64 mL-min-6,U300-H6-VS2-09.12.2024,0,4,,295.97872,2196.0,236.49999,59.47873,0
U300-H6-VS2-GGA10- Zn(II) 10-Cr(VI) 5-Ni(II) 5 mg-L-11122024-Q=50.64 mL-min-6,U300-H6-VS2-09.12.2024,0,5,,293.02674,2667.0,239.3,53.72674,0
U300-H6-VS2-GGA10- Zn(II) 10-Cr(VI) 5-Ni(II) 5 mg-L-11122024-Q=50.64 mL-min-6,U300-H6-VS2-09.12.2024,0,6,,291.17701,3141.0,234.9,56.27701,0
U300-H6-VS2-GGA10- Zn(II) 10-Cr(VI) 5-Ni(II) 5 mg-L-11122024-Q=50.64 mL-min-6,U300-H6-VS2-09.12.2024,0,7,GGA10-Zn10-Cr5-Ni5,299.04167,3615.0,241.3,57.74167,1
U300-H6-VS2-GGA10- Zn(II) 10-Cr(VI) 5-Ni(II) 5 mg-L-11122024-Q=50.64 mL-min-6,U300-H6-VS2-09.12.2024,0,8,,301.58276,4089.0,260.50001,41.08275,1
U300-H6-VS2-GGA10- Zn(II) 10-Cr(VI) 5-Ni(II) 5 mg-L-11122024-Q=50.64 mL-min-6,U300-H6-VS2-09.12.2024,0,9,,302.30848,4563.0,267.50001,34.80847,1
U300-H6-VS2-GGA10- Zn(II) 10-Cr(VI) 5-Ni(II) 5 mg-L-11122024-Q=50.64 mL-min-6,U300-H6-VS2-09.12.2024,0,10,,300.86379,5035.0,267.30001,33.56378,1
U300-H6-VS2-GGA10- Zn(II) 10-Cr(VI) 5-Ni(II) 5 mg-L-11122024-Q=50.64 mL-min-6,U300-H6-VS2-09.12.2024,0,11,,298.19828,5509.0,268.00001,30.19827,1
U300-H6-VS2-GGA10- Zn(II) 10-Cr(VI) 5-Ni(II) 5 mg-L-11122024-Q=50.64 mL-min-6,U300-H6-VS2-09.12.2024,0,12,,307.20862,5983.0,278.10001,29.10861,1
U300-H6-VS2-GGA10- Zn(II) 10-Cr(VI) 5-Ni(II) 5 mg-L-11122024-Q=50.64 mL-min-6,U300-H6-VS2-09.12.2024,0,13,,315.1431,6459.0,285.29999,29.84311,1
U300-H6-VS2-GGA10- Zn(II) 10-Cr(VI) 5-Ni(II) 5 mg-L-11122024-Q=50.64 mL-min-6,U300-H6-VS2-09.12.2024,0,14,,320.26034,6931.0,291.5,28.76034,2
U300-H6-VS2-GGA10- Zn(II) 10-Cr(VI) 5-Ni(II) 5 mg-L-11122024-Q=50.64 mL-min-6,U300-H6-VS2-09.12.2024,0,15,,316.60345,7403.0,287.80001,28.80344,2
U300-H6-VS2-GGA15- Zn(II) 15-Cr(VI) 10-Ni(II) 5 mg-L-11122024-Q=50 mL-min-3,U300-H6-VS2-09.12.2024,1,0,GGA15,312.93833,301.0,280.80001,32.13832,0
U300-H6-VS2-GGA15- Zn(II) 15-Cr(VI) 10-Ni(II) 5 mg-L-11122024-Q=50 mL-min-3,U300-H6-VS2-09.12.2024,1,1,,316.63621,775.0,281.6,35.03621,0
U300-H6-VS2-GGA15- Zn(II) 15-Cr(VI) 10-Ni(II) 5 mg-L-11122024-Q=50 mL-min-3,U300-H6-VS2-09.12.2024,1,2,,311.27966,1254.0,275.90001,35.37965,0
U300-H6-VS2-GGA15- Zn(II) 15-Cr(VI) 10-Ni(II) 5 mg-L-11122024-Q=50 mL-min-3,U300-H6-VS2-09.12.2024,1,3,,306.92759,1727.0,270.5,36.42759,0
U300-H6-VS2-GGA15- Zn(II) 15-Cr(VI) 10-Ni(II) 5 mg-L-11122024-Q=50 mL-min-3,U300-H6-VS2-09.12.2024,1,4,,302.33448,2200.0,266.79999,35.53449,0
U300-H6-VS2-GGA15- Zn(II) 15-Cr(VI) 10-Ni(II) 5 mg-L-11122024-Q=50 mL-min-3,U300-H6-VS2-09.12.2024,1,5,,300.1362,2674.0,263.90001,36.23619,0
U300-H6-VS2-GGA15- Zn(II) 15-Cr(VI) 10-Ni(II) 5 mg-L-11122024-Q=50 mL-min-3,U300-H6-VS2-09.12.2024,1,6,GGA15-Zn15-Cr10-Ni5,308.3069,3149.0,276.6,31.7069,1
U300-H6-VS2-GGA15- Zn(II) 15-Cr(VI) 10-Ni(II) 5 mg-L-11122024-Q=50 mL-min-3,U300-H6-VS2-09.12.2024,1,7,,317.56035,3628.0,285.0,32.56035,1
U300-H6-VS2-GGA15- Zn(II) 15-Cr(VI) 10-Ni(II) 5 mg-L-11122024-Q=50 mL-min-3,U300-H6-VS2-09.12.2024,1,8,,311.66724,4097.0,284.90001,26.76723,1
U300-H6-VS2-GGA15- Zn(II) 15-Cr(VI) 10-Ni(II) 5 mg-L-11122024-Q=50 mL-min-3,U300-H6-VS2-09.12.2024,1,9,,309.27333,4566.0,281.19999,28.07334,1
U300-H6-VS2-GGA15- Zn(II) 15-Cr(VI) 10-Ni(II) 5 mg-L-11122024-Q=50 mL-min-3,U300-H6-VS2-09.12.2024,1,10,,308.56207,5040.0,278.9,29.66207,1
U300-H6-VS2-GGA15- Zn(II) 15-Cr(VI) 10-Ni(II) 5 mg-L-11122024-Q=50 mL-min-3,U300-H6-VS2-09.12.2024,1,11,,309.14483,5513.0,280.2,28.94483,1
U300-H6-VS2-GGA15- Zn(II) 15-Cr(VI) 10-Ni(II) 5 mg-L-11122024-Q=50 mL-min-3,U300-H6-VS2-09.12.2024,1,12,,308.92069,5990.0,283.30001,25.62068,1
U300-H6-VS2-GGA15- Zn(II) 15-Cr(VI) 10-Ni(II) 5 mg-L-11122024-Q=50 mL-min-3,U300-H6-VS2-09.12.2024,1,13,,306.5638,6461.0,280.2,26.3638,1
U300-H6-VS2-GGA15- Zn(II) 15-Cr(VI) 10-Ni(II) 5 mg-L-11122024-Q=50 mL-min-3,U300-H6-VS2-09.12.2024,1,14,,306.38966,6935.0,281.69999,24.68967,2
U300-H6-VS2-GGA15- Zn(II) 15-Cr(VI) 10-Ni(II) 5 mg-L-11122024-Q=50 mL-min-3,U300-H6-VS2-09.12.2024,1,15,,305.92712,7408.0,281.50001,24.42711,2
U301-H5-VS2-GGA5- Zn(II) 10-Cr(VI) 5-Ni(II) 5 mg-L-12122024-Q=50.6 mL-min-3,U301-H5-VS2-10.12.2024,0,0,GGA5,309.18333,301.0,222.9,86.28333,0
U301-H5-VS2-GGA5- Zn(II) 10-Cr(VI) 5-Ni(II) 5 mg-L-12122024-Q=50.6 mL-min-3,U301-H5-VS2-10.12.2024,0,1,,307.38056,773.0,219.60001,87.78055,0
U301-H5-VS2-GGA5- Zn(II) 10-Cr(VI) 5-Ni(II) 5 mg-L-12122024-Q=50.6 mL-min-3,U301-H5-VS2-10.12.2024,0,2,,303.41806,1248.0,218.2,85.21806,0
U301-H5-VS2-GGA5- Zn(II) 10-Cr(VI) 5-Ni(II) 5 mg-L-12122024-Q=50.6 mL-min-3,U301-H5-VS2-10.12.2024,0,3,,304.44167,1721.0,220.9,83.54167,0
U301-H5-VS2-GGA5- Zn(II) 10-Cr(VI) 5-Ni(II) 5 mg-L-12122024-Q=50.6 mL-min-3,U301-H5-VS2-10.12.2024,0,4,,308.24028,2194.0,217.5,90.74028,0
U301-H5-VS2-GGA5- Zn(II) 10-Cr(VI) 5-Ni(II) 5 mg-L-12122024-Q=50.6 mL-min-3,U301-H5-VS2-10.12.2024,0,5,,317.03611,2667.0,225.6,91.43611,0
U301-H5-VS2-GGA5- Zn(II) 10-Cr(VI) 5-Ni(II) 5 mg-L-12122024-Q=50.6 mL-min-3,U301-H5-VS2-10.12.2024,0,6,GGA5-Zn10-Cr5-Ni5,323.24085,3140.0,230.0,93.24085,1
U301-H5-VS2-GGA5- Zn(II) 10-Cr(VI) 5-Ni(II) 5 mg-L-12122024-Q=50.6 mL-min-3,U301-H5-VS2-10.12.2024,0,7,,327.84722,3614.0,269.49999,58.34723,1
U301-H5-VS2-GGA5- Zn(II) 10-Cr(VI) 5-Ni(II) 5 mg-L-12122024-Q=50.6 mL-min-3,U301-H5-VS2-10.12.2024,0,8,,324.43919,4087.0,273.5,50.93919,1
U301-H5-VS2-GGA5- Zn(II) 10-Cr(VI) 5-Ni(II) 5 mg-L-12122024-Q=50.6 mL-min-3,U301-H5-VS2-10.12.2024,0,9,,323.48889,4559.0,276.69999,46.7889,1
U301-H5-VS2-GGA5- Zn(II) 10-Cr(VI) 5-Ni(II) 5 mg-L-12122024-Q=50.6 mL-min-3,U301-H5-VS2-10.12.2024,0,10,,321.9338,5036.0,275.90001,46.03379,1
U301-H5-VS2-GGA5- Zn(II) 10-Cr(VI) 5-Ni(II) 5 mg-L-12122024-Q=50.6 mL-min-3,U301-H5-VS2-10.12.2024,0,11,,325.55555,5508.0,281.50001,44.05554,1
U301-H5-VS2-GGA5- Zn(II) 10-Cr(VI) 5-Ni(II) 5 mg-L-12122024-Q=50.6 mL-min-3,U301-H5-VS2-10.12.2024,0,12,,325.03195,5981.0,283.30001,41.73194,2
U301-H5-VS2-GGA5- Zn(II) 10-Cr(VI) 5-Ni(II) 5 mg-L-12122024-Q=50.6 mL-min-3,U301-H5-VS2-10.12.2024,0,13,,322.00833,6454.0,279.39999,42.60834,2
U301-H5-VS2-GGA5- Zn(II) 10-Cr(VI) 5-Ni(II) 5 mg-L-12122024-Q=50.6 mL-min-3,U301-H5-VS2-10.12.2024,0,14,,323.2625,6926.0,282.79999,40.46251,2
U301-H5-VS2-GGA15- Zn(II) 15-Cr(VI) 10-Ni(II) 10 mg-L-12122024-Q=50.48 mL-min-5,U301-H5-VS2-10.12.2024,1,0,GGA15,305.37273,301.0,220.59999,84.77274,0
U301-H5-VS2-GGA15- Zn(II) 15-Cr(VI) 10-Ni(II) 10 mg-L-12122024-Q=50.48 mL-min-5,U301-H5-VS2-10.12.2024,1,1,,303.86786,773.0,221.30001,82.56785,0
U301-H5-VS2-GGA15- Zn(II) 15-Cr(VI) 10-Ni(II) 10 mg-L-12122024-Q=50.48 mL-min-5,U301-H5-VS2-10.12.2024,1,2,,304.27857,1247.0,221.6,82.67857,0
U301-H5-VS2-GGA15- Zn(II) 15-Cr(VI) 10-Ni(II) 10 mg-L-12122024-Q=50.48 mL-min-5,U301-H5-VS2-10.12.2024,1,3,,304.14909,1720.0,218.70001,85.44908,0
U301-H5-VS2-GGA15- Zn(II) 15-Cr(VI) 10-Ni(II) 10 mg-L-12122024-Q=50.48 mL-min-5,U301-H5-VS2-10.12.2024,1,4,,303.65,2193.0,217.3,86.35,0
U301-H5-VS2-GGA15- Zn(II) 15-Cr(VI) 10-Ni(II) 10 mg-L-12122024-Q=50.48 mL-min-5,U301-H5-VS2-10.12.2024,1,5,,302.95,2667.0,218.4,84.55,0
U301-H5-VS2-GGA15- Zn(II) 15-Cr(VI) 10-Ni(II) 10 mg-L-12122024-Q=50.48 mL-min-5,U301-H5-VS2-10.12.2024,1,6,,308.67143,3140.0,227.1,81.57143,0
U301-H5-VS2-GGA15- Zn(II) 15-Cr(VI) 10-Ni(II) 10 mg-L-12122024-Q=50.48 mL-min-5,U301-H5-VS2-10.12.2024,1,7,GGA15-Zn15-Cr10-Ni10,305.79655,3612.0,238.00001,67.79654,1
U301-H5-VS2-GGA15- Zn(II) 15-Cr(VI) 10-Ni(II) 10 mg-L-12122024-Q=50.48 mL-min-5,U301-H5-VS2-10.12.2024,1,8,,307.01333,4086.0,240.1,66.91333,1
U301-H5-VS2-GGA15- Zn(II) 15-Cr(VI) 10-Ni(II) 10 mg-L-12122024-Q=50.48 mL-min-5,U301-H5-VS2-10.12.2024,1,9,,307.07333,4560.0,239.80001,67.27332,1
U301-H5-VS2-GGA15- Zn(II) 15-Cr(VI) 10-Ni(II) 10 mg-L-12122024-Q=50.48 mL-min-5,U301-H5-VS2-10.12.2024,1,10,,307.32666,5031.0,243.2,64.12666,1
U301-H5-VS2-GGA15- Zn(II) 15-Cr(VI) 10-Ni(II) 10 mg-L-12122024-Q=50.48 mL-min-5,U301-H5-VS2-10.12.2024,1,11,,308.12,5505.0,244.1,64.02,1
U301-H5-VS2-GGA15- Zn(II) 15-Cr(VI) 10-Ni(II) 10 mg-L-12122024-Q=50.48 mL-min-5,U301-H5-VS2-10.12.2024,1,12,,307.03111,5979.0,244.0,63.03111,1
U301-H5-VS2-GGA15- Zn(II) 15-Cr(VI) 10-Ni(II) 10 mg-L-12122024-Q=50.48 mL-min-5,U301-H5-VS2-10.12.2024,1,13,,305.8383,6452.0,240.89999,64.93831,1
U301-H5-VS2-GGA15- Zn(II) 15-Cr(VI) 10-Ni(II) 10 mg-L-12122024-Q=50.48 mL-min-5,U301-H5-VS2-10.12.2024,1,14,,306.47727,6925.0,245.4,61.07727,2
U301-H5-VS2-GGA15- Zn(II) 15-Cr(VI) 10-Ni(II) 10 mg-L-12122024-Q=50.48 mL-min-5,U301-H5-VS2-10.12.2024,1,15,,306.75111,7399.0,244.20001,62.5511,2
U302-H6-VS2-GGA5- Zn(II) 10-Cr(VI) 5-Ni(II) 5 mg-L-12122024-Q=50.42 mL-min-4,U302-H6-VS2-10.12.2024,0,0,GGA5,302.53103,301.0,246.2,56.33103,0
U302-H6-VS2-GGA5- Zn(II) 10-Cr(VI) 5-Ni(II) 5 mg-L-12122024-Q=50.42 mL-min-4,U302-H6-VS2-10.12.2024,0,1,,302.10536,774.0,242.7,59.40536,0
U302-H6-VS2-GGA5- Zn(II) 10-Cr(VI) 5-Ni(II) 5 mg-L-12122024-Q=50.42 mL-min-4,U302-H6-VS2-10.12.2024,0,2,,298.975,1248.0,239.3,59.675,0
U302-H6-VS2-GGA5- Zn(II) 10-Cr(VI) 5-Ni(II) 5 mg-L-12122024-Q=50.42 mL-min-4,U302-H6-VS2-10.12.2024,0,3,,295.83928,1720.0,239.2,56.63928,0
U302-H6-VS2-GGA5- Zn(II) 10-Cr(VI) 5-Ni(II) 5 mg-L-12122024-Q=50.42 mL-min-4,U302-H6-VS2-10.12.2024,0,4,,295.74,2194.0,239.89999,55.84001,0
U302-H6-VS2-GGA5- Zn(II) 10-Cr(VI) 5-Ni(II) 5 mg-L-12122024-Q=50.42 mL-min-4,U302-H6-VS2-10.12.2024,0,5,,303.62143,2670.0,248.60001,55.02142,0
U302-H6-VS2-GGA5- Zn(II) 10-Cr(VI) 5-Ni(II) 5 mg-L-12122024-Q=50.42 mL-min-4,U302-H6-VS2-10.12.2024,0,6,,313.07857,3140.0,257.7,55.37857,0
U302-H6-VS2-GGA5- Zn(II) 10-Cr(VI) 5-Ni(II) 5 mg-L-12122024-Q=50.42 mL-min-4,U302-H6-VS2-10.12.2024,0,7,GGA5-Zn10-Cr5-Ni5,322.19091,3615.0,274.19999,47.99092,1
U302-H6-VS2-GGA5- Zn(II) 10-Cr(VI) 5-Ni(II) 5 mg-L-12122024-Q=50.42 mL-min-4,U302-H6-VS2-10.12.2024,0,8,,327.8875,4090.0,289.29999,38.58751,1
U302-H6-VS2-GGA5- Zn(II) 10-Cr(VI) 5-Ni(II) 5 mg-L-12122024-Q=50.42 mL-min-4,U302-H6-VS2-10.12.2024,0,9,,324.625,4565.0,293.19999,31.42501,1
U302-H6-VS2-GGA5- Zn(II) 10-Cr(VI) 5-Ni(II) 5 mg-L-12122024-Q=50.42 mL-min-4,U302-H6-VS2-10.12.2024,0,10,,322.01964,5033.0,291.20001,30.81963,1
U302-H6-VS2-GGA5- Zn(II) 10-Cr(VI) 5-Ni(II) 5 mg-L-12122024-Q=50.42 mL-min-4,U302-H6-VS2-10.12.2024,0,11,,323.37143,5509.0,294.99999,28.37144,1
U302-H6-VS2-GGA5- Zn(II) 10-Cr(VI) 5-Ni(II) 5 mg-L-12122024-Q=50.42 mL-min-4,U302-H6-VS2-10.12.2024,0,12,,328.07273,5984.0,301.80001,26.27272,2
U302-H6-VS2-GGA5- Zn(II) 10-Cr(VI) 5-Ni(II) 5 mg-L-12122024-Q=50.42 mL-min-4,U302-H6-VS2-10.12.2024,0,13,,325.04545,6456.0,298.90001,26.14544,2
U302-H6-VS2-GGA5- Zn(II) 10-Cr(VI) 5-Ni(II) 5 mg-L-12122024-Q=50.42 mL-min-4,U302-H6-VS2-10.12.2024,0,14,,321.56429,6930.0,295.70001,25.86428,2
U302-H6-VS2-GGA15- Zn(II) 15-Cr(VI) 10-Ni(II) 10 mg-L-12122024-Q=50.48 mL-min-6,U302-H6-VS2-10.12.2024,1,0,GGA15,298.43091,301.0,250.60001,47.8309,0
U302-H6-VS2-GGA15- Zn(II) 15-Cr(VI) 10-Ni(II) 10 mg-L-12122024-Q=50.48 mL-min-6,U302-H6-VS2-10.12.2024,1,1,,296.08393,776.0,249.4,46.68393,0
U302-H6-VS2-GGA15- Zn(II) 15-Cr(VI) 10-Ni(II) 10 mg-L-12122024-Q=50.48 mL-min-6,U302-H6-VS2-10.12.2024,1,2,,293.12069,1248.0,245.6,47.52069,0
U302-H6-VS2-GGA15- Zn(II) 15-Cr(VI) 10-Ni(II) 10 mg-L-12122024-Q=50.48 mL-min-6,U302-H6-VS2-10.12.2024,1,3,,293.17679,1721.0,245.4,47.77679,0
U302-H6-VS2-GGA15- Zn(II) 15-Cr(VI) 10-Ni(II) 10 mg-L-12122024-Q=50.48 mL-min-6,U302-H6-VS2-10.12.2024,1,4,,292.28393,2196.0,244.8,47.48393,0
U302-H6-VS2-GGA15- Zn(II) 15-Cr(VI) 10-Ni(II) 10 mg-L-12122024-Q=50.48 mL-min-6,U302-H6-VS2-10.12.2024,1,5,,290.95536,2668.0,242.7,48.25536,0
U302-H6-VS2-GGA15- Zn(II) 15-Cr(VI) 10-Ni(II) 10 mg-L-12122024-Q=50.48 mL-min-6,U302-H6-VS2-10.12.2024,1,6,GGA15-Zn15-Cr10-Ni10,300.52363,3141.0,257.80001,42.72362,1
U302-H6-VS2-GGA15- Zn(II) 15-Cr(VI) 10-Ni(II) 10 mg-L-12122024-Q=50.48 mL-min-6,U302-H6-VS2-10.12.2024,1,7,,299.6069,3614.0,264.40001,35.20689,1
U302-H6-VS2-GGA15- Zn(II) 15-Cr(VI) 10-Ni(II) 10 mg-L-12122024-Q=50.48 mL-min-6,U302-H6-VS2-10.12.2024,1,8,,298.94822,4090.0,263.50001,35.44821,1
U302-H6-VS2-GGA15- Zn(II) 15-Cr(VI) 10-Ni(II) 10 mg-L-12122024-Q=50.48 mL-min-6,U302-H6-VS2-10.12.2024,1,9,,300.50178,4562.0,264.2,36.30178,1
U302-H6-VS2-GGA15- Zn(II) 15-Cr(VI) 10-Ni(II) 10 mg-L-12122024-Q=50.48 mL-min-6,U302-H6-VS2-10.12.2024,1,10,,299.60535,5037.0,263.39999,36.20536,1
U302-H6-VS2-GGA15- Zn(II) 15-Cr(VI) 10-Ni(II) 10 mg-L-12122024-Q=50.48 mL-min-6,U302-H6-VS2-10.12.2024,1,11,,299.25179,5509.0,264.29999,34.9518,1
U302-H6-VS2-GGA15- Zn(II) 15-Cr(VI) 10-Ni(II) 10 mg-L-12122024-Q=50.48 mL-min-6,U302-H6-VS2-10.12.2024,1,12,,299.46364,5984.0,264.7,34.76364,1
U302-H6-VS2-GGA15- Zn(II) 15-Cr(VI) 10-Ni(II) 10 mg-L-12122024-Q=50.48 mL-min-6,U302-H6-VS2-10.12.2024,1,13,,298.69091,6456.0,265.70001,32.9909,2
U302-H6-VS2-GGA15- Zn(II) 15-Cr(VI) 10-Ni(II) 10 mg-L-12122024-Q=50.48 mL-min-6,U302-H6-VS2-10.12.2024,1,14,,298.69778,6929.0,266.40001,32.29777,2
U302-H6-VS2-GGA15- Zn(II) 15-Cr(VI) 10-Ni(II) 10 mg-L-12122024-Q=50.48 mL-min-6,U302-H6-VS2-10.12.2024,1,15,,295.01064,7403.0,262.6,32.41064,2
U303-H5-VS2-GGA10- Zn(II) 15-Cr(VI) 10-Ni(II) 5 mg-L-12122024-Q=50.52 mL-min-1,U303-H5-VS2-10.12.2024,0,0,GGA10,308.97639,301.0,241.50001,67.47638,0
U303-H5-VS2-GGA10- Zn(II) 15-Cr(VI) 10-Ni(II) 5 mg-L-12122024-Q=50.52 mL-min-1,U303-H5-VS2-10.12.2024,0,1,,308.69167,775.0,243.8,64.89167,0
U303-H5-VS2-GGA10- Zn(II) 15-Cr(VI) 10-Ni(II) 5 mg-L-12122024-Q=50.52 mL-min-1,U303-H5-VS2-10.12.2024,0,2,,307.59583,1249.0,238.4,69.19583,0
U303-H5-VS2-GGA10- Zn(II) 15-Cr(VI) 10-Ni(II) 5 mg-L-12122024-Q=50.52 mL-min-1,U303-H5-VS2-10.12.2024,0,3,,308.12778,1722.0,238.10001,70.02777,0
U303-H5-VS2-GGA10- Zn(II) 15-Cr(VI) 10-Ni(II) 5 mg-L-12122024-Q=50.52 mL-min-1,U303-H5-VS2-10.12.2024,0,4,,301.46774,2195.0,235.1,66.36774,0
U303-H5-VS2-GGA10- Zn(II) 15-Cr(VI) 10-Ni(II) 5 mg-L-12122024-Q=50.52 mL-min-1,U303-H5-VS2-10.12.2024,0,5,,304.1625,2668.0,234.50001,69.66249,0
U303-H5-VS2-GGA10- Zn(II) 15-Cr(VI) 10-Ni(II) 5 mg-L-12122024-Q=50.52 mL-min-1,U303-H5-VS2-10.12.2024,0,6,GGA10-Zn15-Cr10-Ni5,304.63572,3144.0,245.6,59.03572,1
U303-H5-VS2-GGA10- Zn(II) 15-Cr(VI) 10-Ni(II) 5 mg-L-12122024-Q=50.52 mL-min-1,U303-H5-VS2-10.12.2024,0,7,,303.08103,3616.0,260.19999,42.88104,1
U303-H5-VS2-GGA10- Zn(II) 15-Cr(VI) 10-Ni(II) 5 mg-L-12122024-Q=50.52 mL-min-1,U303-H5-VS2-10.12.2024,0,8,,304.78393,4090.0,263.8,40.98393,1
U303-H5-VS2-GGA10- Zn(II) 15-Cr(VI) 10-Ni(II) 5 mg-L-12122024-Q=50.52 mL-min-1,U303-H5-VS2-10.12.2024,0,9,,303.16546,4561.0,266.99999,36.16547,2
U303-H5-VS2-GGA10- Zn(II) 15-Cr(VI) 10-Ni(II) 5 mg-L-12122024-Q=50.52 mL-min-1,U303-H5-VS2-10.12.2024,0,10,,305.77679,5033.0,266.7,39.07679,2
U304-H6-VS2-GGA10- Zn(II) 15-Cr(VI) 10-Ni(II) 5 mg-L-12122024-Q=50.28 mL-min-2,U304-H6-VS2-10.12.2024,0,0,GGA10,306.64465,301.0,242.3,64.34465,0
U304-H6-VS2-GGA10- Zn(II) 15-Cr(VI) 10-Ni(II) 5 mg-L-12122024-Q=50.28 mL-min-2,U304-H6-VS2-10.12.2024,0,1,,304.90182,770.0,239.6,65.30182,0
U304-H6-VS2-GGA10- Zn(II) 15-Cr(VI) 10-Ni(II) 5 mg-L-12122024-Q=50.28 mL-min-2,U304-H6-VS2-10.12.2024,0,2,,302.17857,1243.0,238.7,63.47857,0
U304-H6-VS2-GGA10- Zn(II) 15-Cr(VI) 10-Ni(II) 5 mg-L-12122024-Q=50.28 mL-min-2,U304-H6-VS2-10.12.2024,0,3,,301.30517,1722.0,234.8,66.50517,0
U304-H6-VS2-GGA10- Zn(II) 15-Cr(VI) 10-Ni(II) 5 mg-L-12122024-Q=50.28 mL-min-2,U304-H6-VS2-10.12.2024,0,4,,301.01429,2197.0,233.0,68.01429,0
U304-H6-VS2-GGA10- Zn(II) 15-Cr(VI) 10-Ni(II) 5 mg-L-12122024-Q=50.28 mL-min-2,U304-H6-VS2-10.12.2024,0,5,,300.16909,2669.0,235.2,64.96909,0
U304-H6-VS2-GGA10- Zn(II) 15-Cr(VI) 10-Ni(II) 5 mg-L-12122024-Q=50.28 mL-min-2,U304-H6-VS2-10.12.2024,0,6,GGA10-Zn15-Cr10-Ni5,300.40357,3144.0,248.79999,51.60358,1
U304-H6-VS2-GGA10- Zn(II) 15-Cr(VI) 10-Ni(II) 5 mg-L-12122024-Q=50.28 mL-min-2,U304-H6-VS2-10.12.2024,0,7,,303.51964,3617.0,265.6,37.91964,1
U304-H6-VS2-GGA10- Zn(II) 15-Cr(VI) 10-Ni(II) 5 mg-L-12122024-Q=50.28 mL-min-2,U304-H6-VS2-10.12.2024,0,8,,302.79286,4089.0,266.7,36.09286,1
U304-H6-VS2-GGA10- Zn(II) 15-Cr(VI) 10-Ni(II) 5 mg-L-12122024-Q=50.28 mL-min-2,U304-H6-VS2-10.12.2024,0,9,,304.14464,4561.0,270.90001,33.24463,1
U304-H6-VS2-GGA10- Zn(II) 15-Cr(VI) 10-Ni(II) 5 mg-L-12122024-Q=50.28 mL-min-2,U304-H6-VS2-10.12.2024,0,10,,306.6125,5034.0,274.69999,31.91251,2
U304-H6-VS2-GGA10- Zn(II) 15-Cr(VI) 10-Ni(II) 5 mg-L-12122024-Q=50.28 mL-min-2,U304-H6-VS2-10.12.2024,0,11,,305.16786,5510.0,272.19999,32.96787,2
U305-H5-VS2-GGA5- Zn(II) 10-Cr(VI) 5-Ni(II) 5 mg-L-13122024-Q=50.5 mL-min-5,U305-H5-VS2-11.12.2024,0,0,GGA5,302.44306,301.0,202.5,99.94306,0
U305-H5-VS2-GGA5- Zn(II) 10-Cr(VI) 5-Ni(II) 5 mg-L-13122024-Q=50.5 mL-min-5,U305-H5-VS2-11.12.2024,0,1,,302.2973,776.0,201.3,100.9973,0
U305-H5-VS2-GGA5- Zn(II) 10-Cr(VI) 5-Ni(II) 5 mg-L-13122024-Q=50.5 mL-min-5,U305-H5-VS2-11.12.2024,0,2,,300.49028,1249.0,202.90001,97.59027,0
U305-H5-VS2-GGA5- Zn(II) 10-Cr(VI) 5-Ni(II) 5 mg-L-13122024-Q=50.5 mL-min-5,U305-H5-VS2-11.12.2024,0,3,,299.12639,1723.0,193.29999,105.8264,0
U305-H5-VS2-GGA5- Zn(II) 10-Cr(VI) 5-Ni(II) 5 mg-L-13122024-Q=50.5 mL-min-5,U305-H5-VS2-11.12.2024,0,4,,297.79167,2195.0,199.39999,98.39168,0
U305-H5-VS2-GGA5- Zn(II) 10-Cr(VI) 5-Ni(II) 5 mg-L-13122024-Q=50.5 mL-min-5,U305-H5-VS2-11.12.2024,0,5,,297.97639,2669.0,197.3,100.67639,0
U305-H5-VS2-GGA5- Zn(II) 10-Cr(VI) 5-Ni(II) 5 mg-L-13122024-Q=50.5 mL-min-5,U305-H5-VS2-11.12.2024,0,6,GGA5-Zn10-Cr5-Ni5,300.47361,3142.0,208.8,91.67361,1
U305-H5-VS2-GGA5- Zn(II) 10-Cr(VI) 5-Ni(II) 5 mg-L-13122024-Q=50.5 mL-min-5,U305-H5-VS2-11.12.2024,0,7,,302.37917,3617.0,234.9,67.47917,1
U305-H5-VS2-GGA5- Zn(II) 10-Cr(VI) 5-Ni(II) 5 mg-L-13122024-Q=50.5 mL-min-5,U305-H5-VS2-11.12.2024,0,8,,301.48194,4090.0,247.70001,53.78193,1
U305-H5-VS2-GGA5- Zn(II) 10-Cr(VI) 5-Ni(II) 5 mg-L-13122024-Q=50.5 mL-min-5,U305-H5-VS2-11.12.2024,0,9,,310.40139,4563.0,261.59999,48.8014,1
U305-H5-VS2-GGA5- Zn(II) 10-Cr(VI) 5-Ni(II) 5 mg-L-13122024-Q=50.5 mL-min-5,U305-H5-VS2-11.12.2024,0,10,,317.5,5037.0,268.59999,48.90001,1
U305-H5-VS2-GGA5- Zn(II) 10-Cr(VI) 5-Ni(II) 5 mg-L-13122024-Q=50.5 mL-min-5,U305-H5-VS2-11.12.2024,0,11,,315.02113,5508.0,267.6,47.42113,1
U305-H5-VS2-GGA5- Zn(II) 10-Cr(VI) 5-Ni(II) 5 mg-L-13122024-Q=50.5 mL-min-5,U305-H5-VS2-11.12.2024,0,12,,314.1375,5983.0,268.59999,45.53751,2
U305-H5-VS2-GGA5- Zn(II) 10-Cr(VI) 5-Ni(II) 5 mg-L-13122024-Q=50.5 mL-min-5,U305-H5-VS2-11.12.2024,0,13,,311.38611,6457.0,269.89999,41.48612,2
U305-H5-VS2-GGA5- Zn(II) 10-Cr(VI) 5-Ni(II) 5 mg-L-13122024-Q=50.5 mL-min-5,U305-H5-VS2-11.12.2024,0,14,,311.16528,6929.0,266.99999,44.16529,2
U305-H5-VS2-GGA15- Zn(II) 10-Cr(VI) 5-Ni(II) 15 mg-L-13122024-Q=50.28 mL-min-5,U305-H5-VS2-11.12.2024,1,0,GGA15,308.01,301.0,258.30001,49.70999,0
U305-H5-VS2-GGA15- Zn(II) 10-Cr(VI) 5-Ni(II) 15 mg-L-13122024-Q=50.28 mL-min-5,U305-H5-VS2-11.12.2024,1,1,,306.214,772.0,257.0,49.214,0
U305-H5-VS2-GGA15- Zn(II) 10-Cr(VI) 5-Ni(II) 15 mg-L-13122024-Q=50.28 mL-min-5,U305-H5-VS2-11.12.2024,1,2,,306.6451,1245.0,254.79999,51.84511,0
U305-H5-VS2-GGA15- Zn(II) 10-Cr(VI) 5-Ni(II) 15 mg-L-13122024-Q=50.28 mL-min-5,U305-H5-VS2-11.12.2024,1,3,,305.818,1719.0,252.5,53.318,0
U305-H5-VS2-GGA15- Zn(II) 10-Cr(VI) 5-Ni(II) 15 mg-L-13122024-Q=50.28 mL-min-5,U305-H5-VS2-11.12.2024,1,4,,305.412,2192.0,250.29999,55.11201,0
U305-H5-VS2-GGA15- Zn(II) 10-Cr(VI) 5-Ni(II) 15 mg-L-13122024-Q=50.28 mL-min-5,U305-H5-VS2-11.12.2024,1,5,,305.526,2661.0,246.7,58.826,0
U305-H5-VS2-GGA15- Zn(II) 10-Cr(VI) 5-Ni(II) 15 mg-L-13122024-Q=50.28 mL-min-5,U305-H5-VS2-11.12.2024,1,6,GGA15-Zn10-Cr5-Ni15,306.448,3136.0,256.59999,49.84801,1
U305-H5-VS2-GGA15- Zn(II) 10-Cr(VI) 5-Ni(II) 15 mg-L-13122024-Q=50.28 mL-min-5,U305-H5-VS2-11.12.2024,1,7,,304.848,3607.0,259.20001,45.64799,1
U305-H5-VS2-GGA15- Zn(II) 10-Cr(VI) 5-Ni(II) 15 mg-L-13122024-Q=50.28 mL-min-5,U305-H5-VS2-11.12.2024,1,8,,306.038,4081.0,261.00001,45.03799,1
U305-H5-VS2-GGA15- Zn(II) 10-Cr(VI) 5-Ni(II) 15 mg-L-13122024-Q=50.28 mL-min-5,U305-H5-VS2-11.12.2024,1,9,,306.784,4555.0,261.90001,44.88399,1
U305-H5-VS2-GGA15- Zn(II) 10-Cr(VI) 5-Ni(II) 15 mg-L-13122024-Q=50.28 mL-min-5,U305-H5-VS2-11.12.2024,1,10,,305.77,5029.0,261.79999,43.97001,1
U305-H5-VS2-GGA15- Zn(II) 10-Cr(VI) 5-Ni(II) 15 mg-L-13122024-Q=50.28 mL-min-5,U305-H5-VS2-11.12.2024,1,11,,306.69216,5500.0,261.20001,45.49215,1
U305-H5-VS2-GGA15- Zn(II) 10-Cr(VI) 5-Ni(II) 15 mg-L-13122024-Q=50.28 mL-min-5,U305-H5-VS2-11.12.2024,1,12,,305.146,5974.0,263.70001,41.44599,2
U305-H5-VS2-GGA15- Zn(II) 10-Cr(VI) 5-Ni(II) 15 mg-L-13122024-Q=50.28 mL-min-5,U305-H5-VS2-11.12.2024,1,13,,309.27,6449.0,268.40001,40.86999,2
U305-H5-VS2-GGA15-  HH15 mg-L-13122024-Q=50.22 mL-min-6,U305-H5-VS2-11.12.2024,2,0,GGA15,315.51459,301.0,266.7,48.81459,0
U305-H5-VS2-GGA15-  HH15 mg-L-13122024-Q=50.22 mL-min-6,U305-H5-VS2-11.12.2024,2,1,,313.40217,775.0,265.1,48.30217,0
U305-H5-VS2-GGA15-  HH15 mg-L-13122024-Q=50.22 mL-min-6,U305-H5-VS2-11.12.2024,2,2,,311.3413,1248.0,262.49999,48.84131,0
U305-H5-VS2-GGA15-  HH15 mg-L-13122024-Q=50.22 mL-min-6,U305-H5-VS2-11.12.2024,2,3,,309.94444,1722.0,259.29999,50.64445,0
U305-H5-VS2-GGA15-  HH15 mg-L-13122024-Q=50.22 mL-min-6,U305-H5-VS2-11.12.2024,2,4,,316.91778,2195.0,267.6,49.31778,0
U305-H5-VS2-GGA15-  HH15 mg-L-13122024-Q=50.22 mL-min-6,U305-H5-VS2-11.12.2024,2,5,GGA15-HH15,323.18696,2671.0,277.59999,45.58697,1
U305-H5-VS2-GGA15-  HH15 mg-L-13122024-Q=50.22 mL-min-6,U305-H5-VS2-11.12.2024,2,6,,319.58889,3142.0,275.00001,44.58888,1
U305-H5-VS2-GGA15-  HH15 mg-L-13122024-Q=50.22 mL-min-6,U305-H5-VS2-11.12.2024,2,7,,317.12444,3615.0,276.69999,40.42445,1
U305-H5-VS2-GGA15-  HH15 mg-L-13122024-Q=50.22 mL-min-6,U305-H5-VS2-11.12.2024,2,8,,318.20889,4086.0,273.79999,44.4089,1
U305-H5-VS2-GGA15-  HH15 mg-L-13122024-Q=50.22 mL-min-6,U305-H5-VS2-11.12.2024,2,9,,317.89565,4560.0,274.10001,43.79564,1
U305-H5-VS2-GGA15-  HH15 mg-L-13122024-Q=50.22 mL-min-6,U305-H5-VS2-11.12.2024,2,10,,316.88044,5034.0,272.8,44.08044,1
U305-H5-VS2-GGA15-  HH15 mg-L-13122024-Q=50.22 mL-min-6,U305-H5-VS2-11.12.2024,2,11,,315.17609,5507.0,275.59999,39.5761,2
U305-H5-VS2-GGA15-  HH15 mg-L-13122024-Q=50.22 mL-min-6,U305-H5-VS2-11.12.2024,2,12,,321.3087,5982.0,282.20001,39.10869,2
U305-H5-VS2-GGA15-  HH15 mg-L-13122024-Q=50.22 mL-min-6,U305-H5-VS2-11.12.2024,2,13,,320.94167,6461.0,282.20001,38.74166,2
U306-H6-VS2-GGA5- Zn(II) 10-Cr(VI) 5-Ni(II) 5 mg-L-13122024-Q=50.66 mL-min-6,U306-H6-VS2-11.12.2024,0,0,GGA5,292.80667,301.0,232.1,60.70667,0
U306-H6-VS2-GGA5- Zn(II) 10-Cr(VI) 5-Ni(II) 5 mg-L-13122024-Q=50.66 mL-min-6,U306-H6-VS2-11.12.2024,0,1,,290.63043,775.0,229.7,60.93043,0
U306-H6-VS2-GGA5- Zn(II) 10-Cr(VI) 5-Ni(II) 5 mg-L-13122024-Q=50.66 mL-min-6,U306-H6-VS2-11.12.2024,0,2,,286.55111,1249.0,226.0,60.55111,0
U306-H6-VS2-GGA5- Zn(II) 10-Cr(VI) 5-Ni(II) 5 mg-L-13122024-Q=50.66 mL-min-6,U306-H6-VS2-11.12.2024,0,3,,284.66222,1721.0,224.5,60.16222,0
U306-H6-VS2-GGA5- Zn(II) 10-Cr(VI) 5-Ni(II) 5 mg-L-13122024-Q=50.66 mL-min-6,U306-H6-VS2-11.12.2024,0,4,,282.18696,2195.0,217.09999,65.08697,0
U306-H6-VS2-GGA5- Zn(II) 10-Cr(VI) 5-Ni(II) 5 mg-L-13122024-Q=50.66 mL-min-6,U306-H6-VS2-11.12.2024,0,5,,283.59565,2668.0,220.0,63.59565,0
U306-H6-VS2-GGA5- Zn(II) 10-Cr(VI) 5-Ni(II) 5 mg-L-13122024-Q=50.66 mL-min-6,U306-H6-VS2-11.12.2024,0,6,GGA5-Zn10-Cr5-Ni5,286.61739,3141.0,235.3,51.31739,1
U306-H6-VS2-GGA5- Zn(II) 10-Cr(VI) 5-Ni(II) 5 mg-L-13122024-Q=50.66 mL-min-6,U306-H6-VS2-11.12.2024,0,7,,288.62222,3614.0,248.2,40.42222,1
U306-H6-VS2-GGA5- Zn(II) 10-Cr(VI) 5-Ni(II) 5 mg-L-13122024-Q=50.66 mL-min-6,U306-H6-VS2-11.12.2024,0,8,,287.90218,4088.0,256.39999,31.50219,1
U306-H6-VS2-GGA5- Zn(II) 10-Cr(VI) 5-Ni(II) 5 mg-L-13122024-Q=50.66 mL-min-6,U306-H6-VS2-11.12.2024,0,9,,301.27555,4562.0,270.79999,30.47556,1
U306-H6-VS2-GGA5- Zn(II) 10-Cr(VI) 5-Ni(II) 5 mg-L-13122024-Q=50.66 mL-min-6,U306-H6-VS2-11.12.2024,0,10,,308.86666,5035.0,277.1,31.76666,1
U306-H6-VS2-GGA5- Zn(II) 10-Cr(VI) 5-Ni(II) 5 mg-L-13122024-Q=50.66 mL-min-6,U306-H6-VS2-11.12.2024,0,11,,307.00667,5511.0,279.00001,28.00666,1
U306-H6-VS2-GGA5- Zn(II) 10-Cr(VI) 5-Ni(II) 5 mg-L-13122024-Q=50.66 mL-min-6,U306-H6-VS2-11.12.2024,0,12,,303.24348,5986.0,276.10001,27.14347,2
U306-H6-VS2-GGA5- Zn(II) 10-Cr(VI) 5-Ni(II) 5 mg-L-13122024-Q=50.66 mL-min-6,U306-H6-VS2-11.12.2024,0,13,,299.98261,6456.0,272.19999,27.78262,2
U306-H6-VS2-GGA15- Zn(II) 10-Cr(VI) 5-Ni(II) 15 mg-L-13122024-Q=50.52 mL-min-6,U306-H6-VS2-11.12.2024,1,0,GGA15,292.90698,301.0,249.1,43.80698,0
U306-H6-VS2-GGA15- Zn(II) 10-Cr(VI) 5-Ni(II) 15 mg-L-13122024-Q=50.52 mL-min-6,U306-H6-VS2-11.12.2024,1,1,,292.15814,772.0,248.4,43.75814,0
U306-H6-VS2-GGA15- Zn(II) 10-Cr(VI) 5-Ni(II) 15 mg-L-13122024-Q=50.52 mL-min-6,U306-H6-VS2-11.12.2024,1,2,,291.48605,1246.0,246.99999,44.48606,0
U306-H6-VS2-GGA15- Zn(II) 10-Cr(VI) 5-Ni(II) 15 mg-L-13122024-Q=50.52 mL-min-6,U306-H6-VS2-11.12.2024,1,3,,292.83023,1721.0,247.4,45.43023,0
U306-H6-VS2-GGA15- Zn(II) 10-Cr(VI) 5-Ni(II) 15 mg-L-13122024-Q=50.52 mL-min-6,U306-H6-VS2-11.12.2024,1,4,,294.39302,2191.0,244.9,49.49302,0
U306-H6-VS2-GGA15- Zn(II) 10-Cr(VI) 5-Ni(II) 15 mg-L-13122024-Q=50.52 mL-min-6,U306-H6-VS2-11.12.2024,1,5,GGA15-Zn10-Cr5-Ni15,294.44186,2664.0,253.19999,41.24187,1
U306-H6-VS2-GGA15- Zn(II) 10-Cr(VI) 5-Ni(II) 15 mg-L-13122024-Q=50.52 mL-min-6,U306-H6-VS2-11.12.2024,1,6,,294.81556,3138.0,257.49999,37.31557,1
U306-H6-VS2-GGA15- Zn(II) 10-Cr(VI) 5-Ni(II) 15 mg-L-13122024-Q=50.52 mL-min-6,U306-H6-VS2-11.12.2024,1,7,,294.41395,3612.0,257.7,36.71395,1
U306-H6-VS2-GGA15- Zn(II) 10-Cr(VI) 5-Ni(II) 15 mg-L-13122024-Q=50.52 mL-min-6,U306-H6-VS2-11.12.2024,1,8,,296.6907,4085.0,261.5,35.1907,1
U306-H6-VS2-GGA15- Zn(II) 10-Cr(VI) 5-Ni(II) 15 mg-L-13122024-Q=50.52 mL-min-6,U306-H6-VS2-11.12.2024,1,9,,295.93489,4559.0,260.30001,35.63488,1
U306-H6-VS2-GGA15- Zn(II) 10-Cr(VI) 5-Ni(II) 15 mg-L-13122024-Q=50.52 mL-min-6,U306-H6-VS2-11.12.2024,1,10,,292.8093,5030.0,260.10001,32.70929,2
U306-H6-VS2-GGA15- Zn(II) 10-Cr(VI) 5-Ni(II) 15 mg-L-13122024-Q=50.52 mL-min-6,U306-H6-VS2-11.12.2024,1,11,,291.42093,5505.0,258.6,32.82093,2
U306-H6-VS2-GGA15- Zn(II) 10-Cr(VI) 5-Ni(II) 15 mg-L-13122024-Q=50.52 mL-min-6,U306-H6-VS2-11.12.2024,1,12,,298.3721,5977.0,266.5,31.8721,2
U306-H6-VS2-GGA15- HH 15 mg-L-13122024-Q=50.7 mL-min-7,U306-H6-VS2-11.12.2024,2,0,GGA15,302.31628,301.0,259.29999,43.01629,0
U306-H6-VS2-GGA15- HH 15 mg-L-13122024-Q=50.7 mL-min-7,U306-H6-VS2-11.12.2024,2,1,,298.94186,774.0,256.1,42.84186,0
U306-H6-VS2-GGA15- HH 15 mg-L-13122024-Q=50.7 mL-min-7,U306-H6-VS2-11.12.2024,2,2,,296.22558,1248.0,254.90001,41.32557,0
U306-H6-VS2-GGA15- HH 15 mg-L-13122024-Q=50.7 mL-min-7,U306-H6-VS2-11.12.2024,2,3,,294.32558,1721.0,253.8,40.52558,0
U306-H6-VS2-GGA15- HH 15 mg-L-13122024-Q=50.7 mL-min-7,U306-H6-VS2-11.12.2024,2,4,,303.4093,2195.0,261.3,42.1093,0
U306-H6-VS2-GGA15- HH 15 mg-L-13122024-Q=50.7 mL-min-7,U306-H6-VS2-11.12.2024,2,5,GGA15-HH15,311.28605,2667.0,271.49999,39.78606,1
U306-H6-VS2-GGA15- HH 15 mg-L-13122024-Q=50.7 mL-min-7,U306-H6-VS2-11.12.2024,2,6,,310.10465,3140.0,276.6,33.50465,1
U306-H6-VS2-GGA15- HH 15 mg-L-13122024-Q=50.7 mL-min-7,U306-H6-VS2-11.12.2024,2,7,,308.25909,3612.0,276.30001,31.95908,1
U306-H6-VS2-GGA15- HH 15 mg-L-13122024-Q=50.7 mL-min-7,U306-H6-VS2-11.12.2024,2,8,,308.19768,4086.0,276.10001,32.09767,1
U306-H6-VS2-GGA15- HH 15 mg-L-13122024-Q=50.7 mL-min-7,U306-H6-VS2-11.12.2024,2,9,,309.15814,4560.0,276.89999,32.25815,1
U306-H6-VS2-GGA15- HH 15 mg-L-13122024-Q=50.7 mL-min-7,U306-H6-VS2-11.12.2024,2,10,,308.8,5032.0,279.00001,29.79999,2
U306-H6-VS2-GGA15- HH 15 mg-L-13122024-Q=50.7 mL-min-7,U306-H6-VS2-11.12.2024,2,11,,307.34546,5504.0,278.29999,29.04547,2
U306-H6-VS2-GGA15- HH 15 mg-L-13122024-Q=50.7 mL-min-7,U306-H6-VS2-11.12.2024,2,12,,316.18837,5980.0,289.0,27.18837,2
U307-H5-VS2-GGA10- Zn(II) 5-Cr(VI) 10-Ni(II) 5 mg-L-16122024-Q=50.36 mL-min-4,U307-H5-VS2-14.12.2024,0,0,GGA10,323.41695,301.0,267.30001,56.11694,0
U307-H5-VS2-GGA10- Zn(II) 5-Cr(VI) 10-Ni(II) 5 mg-L-16122024-Q=50.36 mL-min-4,U307-H5-VS2-14.12.2024,0,1,,321.34833,772.0,267.50001,53.84832,0
U307-H5-VS2-GGA10- Zn(II) 5-Cr(VI) 10-Ni(II) 5 mg-L-16122024-Q=50.36 mL-min-4,U307-H5-VS2-14.12.2024,0,2,,319.69833,1249.0,265.70001,53.99832,0
U307-H5-VS2-GGA10- Zn(II) 5-Cr(VI) 10-Ni(II) 5 mg-L-16122024-Q=50.36 mL-min-4,U307-H5-VS2-14.12.2024,0,3,,317.72712,1719.0,263.20001,54.52711,0
U307-H5-VS2-GGA10- Zn(II) 5-Cr(VI) 10-Ni(II) 5 mg-L-16122024-Q=50.36 mL-min-4,U307-H5-VS2-14.12.2024,0,4,,318.67333,2194.0,262.2,56.47333,0
U307-H5-VS2-GGA10- Zn(II) 5-Cr(VI) 10-Ni(II) 5 mg-L-16122024-Q=50.36 mL-min-4,U307-H5-VS2-14.12.2024,0,5,,316.06949,2669.0,260.4,55.66949,0
U307-H5-VS2-GGA10- Zn(II) 5-Cr(VI) 10-Ni(II) 5 mg-L-16122024-Q=50.36 mL-min-4,U307-H5-VS2-14.12.2024,0,6,GGA10-Zn5-Cr10-Ni5,315.96102,3139.0,262.49999,53.46103,1
U307-H5-VS2-GGA10- Zn(II) 5-Cr(VI) 10-Ni(II) 5 mg-L-16122024-Q=50.36 mL-min-4,U307-H5-VS2-14.12.2024,0,7,,313.89492,3612.0,267.69999,46.19493,1
U307-H5-VS2-GGA10- Zn(II) 5-Cr(VI) 10-Ni(II) 5 mg-L-16122024-Q=50.36 mL-min-4,U307-H5-VS2-14.12.2024,0,8,,313.01333,4088.0,269.2,43.81333,1
U307-H5-VS2-GGA10- Zn(II) 5-Cr(VI) 10-Ni(II) 5 mg-L-16122024-Q=50.36 mL-min-4,U307-H5-VS2-14.12.2024,0,9,,312.66721,4561.0,270.59999,42.06722,1
U307-H5-VS2-GGA10- Zn(II) 5-Cr(VI) 10-Ni(II) 5 mg-L-16122024-Q=50.36 mL-min-4,U307-H5-VS2-14.12.2024,0,10,,312.64407,5034.0,270.79999,41.84408,1
U307-H5-VS2-GGA10- Zn(II) 5-Cr(VI) 10-Ni(II) 5 mg-L-16122024-Q=50.36 mL-min-4,U307-H5-VS2-14.12.2024,0,11,,311.5339,5506.0,271.2,40.3339,1
U307-H5-VS2-GGA10- Zn(II) 5-Cr(VI) 10-Ni(II) 5 mg-L-16122024-Q=50.36 mL-min-4,U307-H5-VS2-14.12.2024,0,12,,311.00169,5977.0,268.20001,42.80168,1
U307-H5-VS2-GGA10- Zn(II) 5-Cr(VI) 10-Ni(II) 5 mg-L-16122024-Q=50.36 mL-min-4,U307-H5-VS2-14.12.2024,0,13,,309.12,6449.0,269.10001,40.01999,2
U307-H5-VS2-GGA10- Zn(II) 5-Cr(VI) 10-Ni(II) 5 mg-L-16122024-Q=50.36 mL-min-4,U307-H5-VS2-14.12.2024,0,14,,318.22542,6923.0,276.89999,41.32543,2
U307-H5-VS2-GGA10- Zn(II) 10-Cr(VI) 15-Ni(II) 10 mg-L-16122024-Q=50.6 mL-min-1,U307-H5-VS2-14.12.2024,1,0,GGA10,323.4,301.0,276.89999,46.50001,0
U307-H5-VS2-GGA10- Zn(II) 10-Cr(VI) 15-Ni(II) 10 mg-L-16122024-Q=50.6 mL-min-1,U307-H5-VS2-14.12.2024,1,1,,322.63559,773.0,276.80001,45.83558,0
U307-H5-VS2-GGA10- Zn(II) 10-Cr(VI) 15-Ni(II) 10 mg-L-16122024-Q=50.6 mL-min-1,U307-H5-VS2-14.12.2024,1,2,,320.44833,1251.0,272.50001,47.94832,0
U307-H5-VS2-GGA10- Zn(II) 10-Cr(VI) 15-Ni(II) 10 mg-L-16122024-Q=50.6 mL-min-1,U307-H5-VS2-14.12.2024,1,3,,319.00508,1723.0,272.8,46.20508,0
U307-H5-VS2-GGA10- Zn(II) 10-Cr(VI) 15-Ni(II) 10 mg-L-16122024-Q=50.6 mL-min-1,U307-H5-VS2-14.12.2024,1,4,,323.31017,2195.0,275.00001,48.31016,0
U307-H5-VS2-GGA10- Zn(II) 10-Cr(VI) 15-Ni(II) 10 mg-L-16122024-Q=50.6 mL-min-1,U307-H5-VS2-14.12.2024,1,5,GGA10-Zn10-Cr15-Ni10,324.37833,2669.0,277.90001,46.47832,1
U307-H5-VS2-GGA10- Zn(II) 10-Cr(VI) 15-Ni(II) 10 mg-L-16122024-Q=50.6 mL-min-1,U307-H5-VS2-14.12.2024,1,6,,322.97966,3141.0,278.9,44.07966,1
U307-H5-VS2-GGA10- Zn(II) 10-Cr(VI) 15-Ni(II) 10 mg-L-16122024-Q=50.6 mL-min-1,U307-H5-VS2-14.12.2024,1,7,,324.91356,3615.0,281.69999,43.21357,2
U307-H5-VS2-GGA10- Zn(II) 10-Cr(VI) 15-Ni(II) 10 mg-L-16122024-Q=50.6 mL-min-1,U307-H5-VS2-14.12.2024,1,8,,319.82881,4094.0,275.79999,44.02882,2
U307-H5-VS2-GGA15- Zn(II) 10-Cr(VI) 15-Ni(II) 15 mg-L-16122024-Q=50.2 mL-min-4,U307-H5-VS2-14.12.2024,2,0,GGA15,312.63051,301.0,264.99999,47.63052,0
U307-H5-VS2-GGA15- Zn(II) 10-Cr(VI) 15-Ni(II) 15 mg-L-16122024-Q=50.2 mL-min-4,U307-H5-VS2-14.12.2024,2,1,,312.47541,773.0,265.50001,46.9754,0
U307-H5-VS2-GGA15- Zn(II) 10-Cr(VI) 15-Ni(II) 15 mg-L-16122024-Q=50.2 mL-min-4,U307-H5-VS2-14.12.2024,2,2,,312.95333,1250.0,267.6,45.35333,0
U307-H5-VS2-GGA15- Zn(II) 10-Cr(VI) 15-Ni(II) 15 mg-L-16122024-Q=50.2 mL-min-4,U307-H5-VS2-14.12.2024,2,3,,312.315,1720.0,267.4,44.915,0
U307-H5-VS2-GGA15- Zn(II) 10-Cr(VI) 15-Ni(II) 15 mg-L-16122024-Q=50.2 mL-min-4,U307-H5-VS2-14.12.2024,2,4,,310.98525,2194.0,264.40001,46.58524,0
U307-H5-VS2-GGA15- Zn(II) 10-Cr(VI) 15-Ni(II) 15 mg-L-16122024-Q=50.2 mL-min-4,U307-H5-VS2-14.12.2024,2,5,,312.22394,2665.0,259.7,52.52394,0
U307-H5-VS2-GGA15- Zn(II) 10-Cr(VI) 15-Ni(II) 15 mg-L-16122024-Q=50.2 mL-min-4,U307-H5-VS2-14.12.2024,2,6,GGA15-Zn10-Cr15-Ni15,311.6831,3140.0,262.6,49.0831,1
U307-H5-VS2-GGA15- Zn(II) 10-Cr(VI) 15-Ni(II) 15 mg-L-16122024-Q=50.2 mL-min-4,U307-H5-VS2-14.12.2024,2,7,,312.49014,3611.0,265.19999,47.29015,1
U307-H5-VS2-GGA15- Zn(II) 10-Cr(VI) 15-Ni(II) 15 mg-L-16122024-Q=50.2 mL-min-4,U307-H5-VS2-14.12.2024,2,8,,312.07887,4086.0,269.2,42.87887,1
U307-H5-VS2-GGA15- Zn(II) 10-Cr(VI) 15-Ni(II) 15 mg-L-16122024-Q=50.2 mL-min-4,U307-H5-VS2-14.12.2024,2,9,,312.42778,4558.0,268.99999,43.42779,1
U307-H5-VS2-GGA15- Zn(II) 10-Cr(VI) 15-Ni(II) 15 mg-L-16122024-Q=50.2 mL-min-4,U307-H5-VS2-14.12.2024,2,10,,312.6831,5033.0,267.89999,44.78311,1
U307-H5-VS2-GGA15- Zn(II) 10-Cr(VI) 15-Ni(II) 15 mg-L-16122024-Q=50.2 mL-min-4,U307-H5-VS2-14.12.2024,2,11,,313.6375,5507.0,270.79999,42.83751,1
U307-H5-VS2-GGA15- Zn(II) 10-Cr(VI) 15-Ni(II) 15 mg-L-16122024-Q=50.2 mL-min-4,U307-H5-VS2-14.12.2024,2,12,,313.35634,5980.0,269.89999,43.45635,1
U307-H5-VS2-GGA15- Zn(II) 10-Cr(VI) 15-Ni(II) 15 mg-L-16122024-Q=50.2 mL-min-4,U307-H5-VS2-14.12.2024,2,13,,312.56986,6453.0,269.69999,42.86987,1
U307-H5-VS2-GGA15- Zn(II) 10-Cr(VI) 15-Ni(II) 15 mg-L-16122024-Q=50.2 mL-min-4,U307-H5-VS2-14.12.2024,2,14,,313.28451,6927.0,270.39999,42.88452,1
U307-H5-VS2-GGA15- Zn(II) 10-Cr(VI) 15-Ni(II) 15 mg-L-16122024-Q=50.2 mL-min-4,U307-H5-VS2-14.12.2024,2,15,,312.86056,7400.0,271.10001,41.76055,2
U307-H5-VS2-GGA15- Zn(II) 10-Cr(VI) 15-Ni(II) 15 mg-L-16122024-Q=50.2 mL-min-4,U307-H5-VS2-14.12.2024,2,16,,313.31233,7873.0,274.89999,38.41234,2
U308-H6-VS2-GGA10- Zn(II) 5-Cr(VI) 10-Ni(II) 5 mg-L-16122024-Q=50.36 mL-min-5,U308-H6-VS2-14.12.2024,0,0,GGA10,316.455,301.0,284.70001,31.75499,0
U308-H6-VS2-GGA10- Zn(II) 5-Cr(VI) 10-Ni(II) 5 mg-L-16122024-Q=50.36 mL-min-5,U308-H6-VS2-14.12.2024,0,1,,313.98644,778.0,283.10001,30.88643,0
U308-H6-VS2-GGA10- Zn(II) 5-Cr(VI) 10-Ni(II) 5 mg-L-16122024-Q=50.36 mL-min-5,U308-H6-VS2-14.12.2024,0,2,,313.15167,1250.0,281.19999,31.95168,0
U308-H6-VS2-GGA10- Zn(II) 5-Cr(VI) 10-Ni(II) 5 mg-L-16122024-Q=50.36 mL-min-5,U308-H6-VS2-14.12.2024,0,3,,310.55085,1723.0,278.29999,32.25086,0
U308-H6-VS2-GGA10- Zn(II) 5-Cr(VI) 10-Ni(II) 5 mg-L-16122024-Q=50.36 mL-min-5,U308-H6-VS2-14.12.2024,0,4,,309.49333,2198.0,276.89999,32.59334,0
U308-H6-VS2-GGA10- Zn(II) 5-Cr(VI) 10-Ni(II) 5 mg-L-16122024-Q=50.36 mL-min-5,U308-H6-VS2-14.12.2024,0,5,,308.68475,2671.0,277.59999,31.08476,0
U308-H6-VS2-GGA10- Zn(II) 5-Cr(VI) 10-Ni(II) 5 mg-L-16122024-Q=50.36 mL-min-5,U308-H6-VS2-14.12.2024,0,6,GGA10-Zn5-Cr10-Ni5,308.29661,3143.0,275.7,32.59661,0
U308-H6-VS2-GGA10- Zn(II) 5-Cr(VI) 10-Ni(II) 5 mg-L-16122024-Q=50.36 mL-min-5,U308-H6-VS2-14.12.2024,0,7,,307.56271,3618.0,277.20001,30.3627,1
U308-H6-VS2-GGA10- Zn(II) 5-Cr(VI) 10-Ni(II) 5 mg-L-16122024-Q=50.36 mL-min-5,U308-H6-VS2-14.12.2024,0,8,,306.97627,4093.0,274.10001,32.87626,1
U308-H6-VS2-GGA10- Zn(II) 5-Cr(VI) 10-Ni(II) 5 mg-L-16122024-Q=50.36 mL-min-5,U308-H6-VS2-14.12.2024,0,9,,307.31312,4565.0,279.59999,27.71313,1
U308-H6-VS2-GGA10- Zn(II) 5-Cr(VI) 10-Ni(II) 5 mg-L-16122024-Q=50.36 mL-min-5,U308-H6-VS2-14.12.2024,0,10,,307.78814,5039.0,282.09999,25.68815,1
U308-H6-VS2-GGA10- Zn(II) 5-Cr(VI) 10-Ni(II) 5 mg-L-16122024-Q=50.36 mL-min-5,U308-H6-VS2-14.12.2024,0,11,,305.81525,5516.0,280.80001,25.01524,1
U308-H6-VS2-GGA10- Zn(II) 5-Cr(VI) 10-Ni(II) 5 mg-L-16122024-Q=50.36 mL-min-5,U308-H6-VS2-14.12.2024,0,12,,304.79322,5985.0,280.40001,24.39321,2
U308-H6-VS2-GGA10- Zn(II) 5-Cr(VI) 10-Ni(II) 5 mg-L-16122024-Q=50.36 mL-min-5,U308-H6-VS2-14.12.2024,0,13,,303.9661,6457.0,281.1,22.8661,2
U308-H6-VS2-GGA10- Zn(II) 10-Cr(VI) 15-Ni(II) 10 mg-L-16122024-Q=50.6 mL-min-2,U308-H6-VS2-14.12.2024,1,0,GGA10,324.935,301.0,291.70001,33.23499,0
U308-H6-VS2-GGA10- Zn(II) 10-Cr(VI) 15-Ni(II) 10 mg-L-16122024-Q=50.6 mL-min-2,U308-H6-VS2-14.12.2024,1,1,,321.89344,772.0,289.09999,32.79345,0
U308-H6-VS2-GGA10- Zn(II) 10-Cr(VI) 15-Ni(II) 10 mg-L-16122024-Q=50.6 mL-min-2,U308-H6-VS2-14.12.2024,1,2,,321.6322,1244.0,286.59999,35.03221,0
U308-H6-VS2-GGA10- Zn(II) 10-Cr(VI) 15-Ni(II) 10 mg-L-16122024-Q=50.6 mL-min-2,U308-H6-VS2-14.12.2024,1,3,,322.65763,1722.0,287.99999,34.65764,0
U308-H6-VS2-GGA10- Zn(II) 10-Cr(VI) 15-Ni(II) 10 mg-L-16122024-Q=50.6 mL-min-2,U308-H6-VS2-14.12.2024,1,4,,322.9339,2193.0,289.9,33.0339,0
U308-H6-VS2-GGA10- Zn(II) 10-Cr(VI) 15-Ni(II) 10 mg-L-16122024-Q=50.6 mL-min-2,U308-H6-VS2-14.12.2024,1,5,,320.54068,2665.0,287.7,32.84068,0
U308-H6-VS2-GGA10- Zn(II) 10-Cr(VI) 15-Ni(II) 10 mg-L-16122024-Q=50.6 mL-min-2,U308-H6-VS2-14.12.2024,1,6,GGA10-Zn10-Cr15-Ni10,322.08136,3144.0,290.10001,31.98135,1
U308-H6-VS2-GGA10- Zn(II) 10-Cr(VI) 15-Ni(II) 10 mg-L-16122024-Q=50.6 mL-min-2,U308-H6-VS2-14.12.2024,1,7,,325.99322,3618.0,293.8,32.19322,1
U308-H6-VS2-GGA10- Zn(II) 10-Cr(VI) 15-Ni(II) 10 mg-L-16122024-Q=50.6 mL-min-2,U308-H6-VS2-14.12.2024,1,8,,322.35082,4091.0,289.99999,32.35083,1
U308-H6-VS2-GGA10- Zn(II) 10-Cr(VI) 15-Ni(II) 10 mg-L-16122024-Q=50.6 mL-min-2,U308-H6-VS2-14.12.2024,1,9,,319.32881,4563.0,291.79999,27.52882,2
U308-H6-VS2-GGA10- Zn(II) 10-Cr(VI) 15-Ni(II) 10 mg-L-16122024-Q=50.6 mL-min-2,U308-H6-VS2-14.12.2024,1,10,,317.65254,5038.0,288.8,28.85254,2
U308-H6-VS2-GGA10- Zn(II) 10-Cr(VI) 15-Ni(II) 10 mg-L-16122024-Q=50.6 mL-min-2,U308-H6-VS2-14.12.2024,1,11,,315.51667,5508.0,288.19999,27.31668,2
U308-H6-VS2-GGA15- HH 15 mg-L-16122024-Q=50.68 mL-min-8,U308-H6-VS2-14.12.2024,2,0,GGA15,313.92623,301.0,286.00001,27.92622,0
U308-H6-VS2-GGA15- HH 15 mg-L-16122024-Q=50.68 mL-min-8,U308-H6-VS2-14.12.2024,2,1,,315.19831,777.0,286.59999,28.59832,0
U308-H6-VS2-GGA15- HH 15 mg-L-16122024-Q=50.68 mL-min-8,U308-H6-VS2-14.12.2024,2,2,,314.18475,1252.0,286.3,27.88475,0
U308-H6-VS2-GGA15- HH 15 mg-L-16122024-Q=50.68 mL-min-8,U308-H6-VS2-14.12.2024,2,3,,313.48525,1724.0,285.69999,27.78526,0
U308-H6-VS2-GGA15- HH 15 mg-L-16122024-Q=50.68 mL-min-8,U308-H6-VS2-14.12.2024,2,4,,312.33898,2198.0,283.89999,28.43899,0
U308-H6-VS2-GGA15- HH 15 mg-L-16122024-Q=50.68 mL-min-8,U308-H6-VS2-14.12.2024,2,5,,312.12542,2668.0,282.3,29.82542,0
U308-H6-VS2-GGA15- HH 15 mg-L-16122024-Q=50.68 mL-min-8,U308-H6-VS2-14.12.2024,2,6,GGA15-HH15,313.97288,3142.0,285.2,28.77288,1
U308-H6-VS2-GGA15- HH 15 mg-L-16122024-Q=50.68 mL-min-8,U308-H6-VS2-14.12.2024,2,7,,313.09661,3616.0,283.89999,29.19662,1
U308-H6-VS2-GGA15- HH 15 mg-L-16122024-Q=50.68 mL-min-8,U308-H6-VS2-14.12.2024,2,8,,312.47119,4092.0,284.00001,28.47118,1
U308-H6-VS2-GGA15- HH 15 mg-L-16122024-Q=50.68 mL-min-8,U308-H6-VS2-14.12.2024,2,9,,312.85,4565.0,284.39999,28.45001,1
U308-H6-VS2-GGA15- HH 15 mg-L-16122024-Q=50.68 mL-min-8,U308-H6-VS2-14.12.2024,2,10,,313.89153,5037.0,284.20001,29.69152,1
U308-H6-VS2-GGA15- HH 15 mg-L-16122024-Q=50.68 mL-min-8,U308-H6-VS2-14.12.2024,2,11,,313.90508,5511.0,285.69999,28.20509,1
U308-H6-VS2-GGA15- HH 15 mg-L-16122024-Q=50.68 mL-min-8,U308-H6-VS2-14.12.2024,2,12,,313.27213,5984.0,286.8,26.47213,1
U308-H6-VS2-GGA15- HH 15 mg-L-16122024-Q=50.68 mL-min-8,U308-H6-VS2-14.12.2024,2,13,,313.24407,6458.0,284.70001,28.54406,1
U308-H6-VS2-GGA15- HH 15 mg-L-16122024-Q=50.68 mL-min-8,U308-H6-VS2-14.12.2024,2,14,,314.52542,6931.0,287.60001,26.92541,2
U308-H6-VS2-GGA15- HH 15 mg-L-16122024-Q=50.68 mL-min-8,U308-H6-VS2-14.12.2024,2,15,,315.235,7403.0,288.8,26.435,2
U309-H5-VS2-GGA10- Zn(II) 5-Cr(VI) 5-Ni(II) 15 mg-L-17122024-Q=50.56 mL-min-1,U309-H5-VS2-15.12.2024,0,0,GGA10,323.37627,301.0,258.19999,65.17628,0
U309-H5-VS2-GGA10- Zn(II) 5-Cr(VI) 5-Ni(II) 15 mg-L-17122024-Q=50.56 mL-min-1,U309-H5-VS2-15.12.2024,0,1,,323.07833,776.0,259.7,63.37833,0
U309-H5-VS2-GGA10- Zn(II) 5-Cr(VI) 5-Ni(II) 15 mg-L-17122024-Q=50.56 mL-min-1,U309-H5-VS2-15.12.2024,0,2,,321.24516,1249.0,258.8,62.44516,0
U309-H5-VS2-GGA10- Zn(II) 5-Cr(VI) 5-Ni(II) 15 mg-L-17122024-Q=50.56 mL-min-1,U309-H5-VS2-15.12.2024,0,3,,319.4,1724.0,259.09999,60.30001,0
U309-H5-VS2-GGA10- Zn(II) 5-Cr(VI) 5-Ni(II) 15 mg-L-17122024-Q=50.56 mL-min-1,U309-H5-VS2-15.12.2024,0,4,,320.29667,2196.0,259.20001,61.09666,0
U309-H5-VS2-GGA10- Zn(II) 5-Cr(VI) 5-Ni(II) 15 mg-L-17122024-Q=50.56 mL-min-1,U309-H5-VS2-15.12.2024,0,5,,318.42203,2668.0,255.10001,63.32202,0
U309-H5-VS2-GGA10- Zn(II) 5-Cr(VI) 5-Ni(II) 15 mg-L-17122024-Q=50.56 mL-min-1,U309-H5-VS2-15.12.2024,0,6,GGA10-Zn5-Cr5-Ni15,317.76834,3142.0,258.89999,58.86835,1
U309-H5-VS2-GGA10- Zn(II) 5-Cr(VI) 5-Ni(II) 15 mg-L-17122024-Q=50.56 mL-min-1,U309-H5-VS2-15.12.2024,0,7,,319.78293,3616.0,275.5,44.28293,1
U309-H5-VS2-GGA10- Zn(II) 5-Cr(VI) 5-Ni(II) 15 mg-L-17122024-Q=50.56 mL-min-1,U309-H5-VS2-15.12.2024,0,8,,318.40244,4093.0,279.90001,38.50243,1
U309-H5-VS2-GGA10- Zn(II) 5-Cr(VI) 5-Ni(II) 15 mg-L-17122024-Q=50.56 mL-min-1,U309-H5-VS2-15.12.2024,0,9,,320.9561,4563.0,282.00001,38.95609,1
U309-H5-VS2-GGA10- Zn(II) 5-Cr(VI) 5-Ni(II) 15 mg-L-17122024-Q=50.56 mL-min-1,U309-H5-VS2-15.12.2024,0,10,,318.66219,5035.0,283.69999,34.9622,2
U309-H5-VS2-GGA10- Zn(II) 5-Cr(VI) 5-Ni(II) 15 mg-L-17122024-Q=50.56 mL-min-1,U309-H5-VS2-15.12.2024,0,11,,325.3,5509.0,289.20001,36.09999,2
U309-H5-VS2-GGA10- Zn(II) 5-Cr(VI) 5-Ni(II) 15 mg-L-17122024-Q=50.56 mL-min-1,U309-H5-VS2-15.12.2024,0,12,,328.94286,5984.0,292.69999,36.24287,2
U309-H5-VS2-GGA10- HH 10 mg-L-17122024-Q=50.8 mL-min-2,U309-H5-VS2-15.12.2024,1,0,GGA10,324.22759,301.0,281.6,42.62759,0
U309-H5-VS2-GGA10- HH 10 mg-L-17122024-Q=50.8 mL-min-2,U309-H5-VS2-15.12.2024,1,1,,320.03103,773.0,276.80001,43.23102,0
U309-H5-VS2-GGA10- HH 10 mg-L-17122024-Q=50.8 mL-min-2,U309-H5-VS2-15.12.2024,1,2,,316.85,1248.0,275.3,41.55,0
U309-H5-VS2-GGA10- HH 10 mg-L-17122024-Q=50.8 mL-min-2,U309-H5-VS2-15.12.2024,1,3,,315.38621,1722.0,274.6,40.78621,0
U309-H5-VS2-GGA10- HH 10 mg-L-17122024-Q=50.8 mL-min-2,U309-H5-VS2-15.12.2024,1,4,,313.96897,2194.0,271.9,42.06897,0
U309-H5-VS2-GGA10- HH 10 mg-L-17122024-Q=50.8 mL-min-2,U309-H5-VS2-15.12.2024,1,5,,314.53729,2668.0,269.4,45.13729,0
U309-H5-VS2-GGA10- HH 10 mg-L-17122024-Q=50.8 mL-min-2,U309-H5-VS2-15.12.2024,1,6,GGA10-HH10,313.88448,3139.0,275.40001,38.48447,1
U309-H5-VS2-GGA10- HH 10 mg-L-17122024-Q=50.8 mL-min-2,U309-H5-VS2-15.12.2024,1,7,,312.03729,3613.0,277.20001,34.83728,1
U309-H5-VS2-GGA10- HH 10 mg-L-17122024-Q=50.8 mL-min-2,U309-H5-VS2-15.12.2024,1,8,,311.16233,4088.0,276.69999,34.46234,1
U309-H5-VS2-GGA10- HH 10 mg-L-17122024-Q=50.8 mL-min-2,U309-H5-VS2-15.12.2024,1,9,,312.11948,4559.0,277.1,35.01948,1
U309-H5-VS2-GGA10- HH 10 mg-L-17122024-Q=50.8 mL-min-2,U309-H5-VS2-15.12.2024,1,10,,309.97532,5035.0,277.70001,32.27531,2
U309-H5-VS2-GGA10- HH 10 mg-L-17122024-Q=50.8 mL-min-2,U309-H5-VS2-15.12.2024,1,11,,309.64935,5507.0,273.09999,36.54936,2
U309-H5-VS2-GGA10- HH 10 mg-L-17122024-Q=50.8 mL-min-2,U309-H5-VS2-15.12.2024,1,12,,309.76923,5980.0,272.50001,37.26922,2
U309-H5-VS2-GGA15- Zn(II) 15-Cr(VI) 15-Ni(II) 5 mg-L-17122024-Q=50.72 mL-min-5,U309-H5-VS2-15.12.2024,2,0,GGA15,309.56078,301.0,269.6,39.96078,0
U309-H5-VS2-GGA15- Zn(II) 15-Cr(VI) 15-Ni(II) 5 mg-L-17122024-Q=50.72 mL-min-5,U309-H5-VS2-15.12.2024,2,1,,308.63137,774.0,268.00001,40.63136,0
U309-H5-VS2-GGA15- Zn(II) 15-Cr(VI) 15-Ni(II) 5 mg-L-17122024-Q=50.72 mL-min-5,U309-H5-VS2-15.12.2024,2,2,,307.6902,1249.0,271.80001,35.89019,0
U309-H5-VS2-GGA15- Zn(II) 15-Cr(VI) 15-Ni(II) 5 mg-L-17122024-Q=50.72 mL-min-5,U309-H5-VS2-15.12.2024,2,3,,309.48824,1721.0,271.10001,38.38823,0
U309-H5-VS2-GGA15- Zn(II) 15-Cr(VI) 15-Ni(II) 5 mg-L-17122024-Q=50.72 mL-min-5,U309-H5-VS2-15.12.2024,2,4,,308.93585,2195.0,268.59999,40.33586,0
U309-H5-VS2-GGA15- Zn(II) 15-Cr(VI) 15-Ni(II) 5 mg-L-17122024-Q=50.72 mL-min-5,U309-H5-VS2-15.12.2024,2,5,,307.7,2667.0,267.30001,40.39999,0
U309-H5-VS2-GGA15- Zn(II) 15-Cr(VI) 15-Ni(II) 5 mg-L-17122024-Q=50.72 mL-min-5,U309-H5-VS2-15.12.2024,2,6,GGA15-Zn15-Cr15-Ni5,308.90377,3141.0,270.5,38.40377,1
U309-H5-VS2-GGA15- Zn(II) 15-Cr(VI) 15-Ni(II) 5 mg-L-17122024-Q=50.72 mL-min-5,U309-H5-VS2-15.12.2024,2,7,,309.92581,3613.0,270.79999,39.12582,1
U309-H5-VS2-GGA15- Zn(II) 15-Cr(VI) 15-Ni(II) 5 mg-L-17122024-Q=50.72 mL-min-5,U309-H5-VS2-15.12.2024,2,8,,313.70161,4087.0,279.1,34.60161,1
U309-H5-VS2-GGA15- Zn(II) 15-Cr(VI) 15-Ni(II) 5 mg-L-17122024-Q=50.72 mL-min-5,U309-H5-VS2-15.12.2024,2,9,,314.96774,4561.0,277.90001,37.06773,1
U309-H5-VS2-GGA15- Zn(II) 15-Cr(VI) 15-Ni(II) 5 mg-L-17122024-Q=50.72 mL-min-5,U309-H5-VS2-15.12.2024,2,10,,310.86935,5033.0,278.49999,32.36936,2
U309-H5-VS2-GGA15- Zn(II) 15-Cr(VI) 15-Ni(II) 5 mg-L-17122024-Q=50.72 mL-min-5,U309-H5-VS2-15.12.2024,2,11,,310.74262,5505.0,278.60001,32.14261,2
U310-H6-VS2-GGA10- Zn(II) 5-Cr(VI) 5-Ni(II) 15 mg-L-17122024-Q=50.72 mL-min-2,U310-H6-VS2-15.12.2024,0,0,GGA10,315.86923,301.0,261.59999,54.26924,0
U310-H6-VS2-GGA10- Zn(II) 5-Cr(VI) 5-Ni(II) 15 mg-L-17122024-Q=50.72 mL-min-2,U310-H6-VS2-15.12.2024,0,1,,313.35962,773.0,264.7,48.65962,0
U310-H6-VS2-GGA10- Zn(II) 5-Cr(VI) 5-Ni(II) 15 mg-L-17122024-Q=50.72 mL-min-2,U310-H6-VS2-15.12.2024,0,2,,312.56346,1248.0,261.90001,50.66345,0
U310-H6-VS2-GGA10- Zn(II) 5-Cr(VI) 5-Ni(II) 15 mg-L-17122024-Q=50.72 mL-min-2,U310-H6-VS2-15.12.2024,0,3,,312.39804,1719.0,258.6,53.79804,0
U310-H6-VS2-GGA10- Zn(II) 5-Cr(VI) 5-Ni(II) 15 mg-L-17122024-Q=50.72 mL-min-2,U310-H6-VS2-15.12.2024,0,4,,312.27647,2192.0,255.9,56.37647,0
U310-H6-VS2-GGA10- Zn(II) 5-Cr(VI) 5-Ni(II) 15 mg-L-17122024-Q=50.72 mL-min-2,U310-H6-VS2-15.12.2024,0,5,,312.08431,2667.0,258.50001,53.5843,0
U310-H6-VS2-GGA10- Zn(II) 5-Cr(VI) 5-Ni(II) 15 mg-L-17122024-Q=50.72 mL-min-2,U310-H6-VS2-15.12.2024,0,6,,310.11373,3139.0,254.59999,55.51374,0
U310-H6-VS2-GGA10- Zn(II) 5-Cr(VI) 5-Ni(II) 15 mg-L-17122024-Q=50.72 mL-min-2,U310-H6-VS2-15.12.2024,0,7,GGA10-Zn5-Cr5-Ni15,311.47884,3613.0,274.10001,37.37883,1
U310-H6-VS2-GGA10- Zn(II) 5-Cr(VI) 5-Ni(II) 15 mg-L-17122024-Q=50.72 mL-min-2,U310-H6-VS2-15.12.2024,0,8,,313.31923,4087.0,287.99999,25.31924,1
U310-H6-VS2-GGA10- Zn(II) 5-Cr(VI) 5-Ni(II) 15 mg-L-17122024-Q=50.72 mL-min-2,U310-H6-VS2-15.12.2024,0,9,,311.70192,4561.0,291.70001,20.00191,1
U310-H6-VS2-GGA10- Zn(II) 5-Cr(VI) 5-Ni(II) 15 mg-L-17122024-Q=50.72 mL-min-2,U310-H6-VS2-15.12.2024,0,10,,315.71569,5036.0,293.50001,22.21568,1
U310-H6-VS2-GGA10- Zn(II) 5-Cr(VI) 5-Ni(II) 15 mg-L-17122024-Q=50.72 mL-min-2,U310-H6-VS2-15.12.2024,0,11,,310.44902,5513.0,293.00001,17.44901,2
U310-H6-VS2-GGA10- Zn(II) 5-Cr(VI) 5-Ni(II) 15 mg-L-17122024-Q=50.72 mL-min-2,U310-H6-VS2-15.12.2024,0,12,,322.84118,5982.0,305.09999,17.74119,2
U310-H6-VS2-GGA10- HH 10 mg-L-17122024-Q=50.24 mL-min-3,U310-H6-VS2-15.12.2024,1,0,GGA10,328.68431,301.0,299.4,29.28431,0
U310-H6-VS2-GGA10- HH 10 mg-L-17122024-Q=50.24 mL-min-3,U310-H6-VS2-15.12.2024,1,1,,323.81346,776.0,294.99999,28.81347,0
U310-H6-VS2-GGA10- HH 10 mg-L-17122024-Q=50.24 mL-min-3,U310-H6-VS2-15.12.2024,1,2,,319.96078,1250.0,289.20001,30.76077,0
U310-H6-VS2-GGA10- HH 10 mg-L-17122024-Q=50.24 mL-min-3,U310-H6-VS2-15.12.2024,1,3,,320.62308,1721.0,290.49999,30.12309,0
U310-H6-VS2-GGA10- HH 10 mg-L-17122024-Q=50.24 mL-min-3,U310-H6-VS2-15.12.2024,1,4,,317.55294,2196.0,285.29999,32.25295,0
U310-H6-VS2-GGA10- HH 10 mg-L-17122024-Q=50.24 mL-min-3,U310-H6-VS2-15.12.2024,1,5,,318.96667,2671.0,285.2,33.76667,0
U310-H6-VS2-GGA10- HH 10 mg-L-17122024-Q=50.24 mL-min-3,U310-H6-VS2-15.12.2024,1,6,GGA10-HH10,317.73529,3144.0,291.1,26.63529,1
U310-H6-VS2-GGA10- HH 10 mg-L-17122024-Q=50.24 mL-min-3,U310-H6-VS2-15.12.2024,1,7,,314.44313,3619.0,289.40001,25.04312,1
U310-H6-VS2-GGA10- HH 10 mg-L-17122024-Q=50.24 mL-min-3,U310-H6-VS2-15.12.2024,1,8,,315.15,4093.0,290.49999,24.65001,1
U310-H6-VS2-GGA10- HH 10 mg-L-17122024-Q=50.24 mL-min-3,U310-H6-VS2-15.12.2024,1,9,,315.49608,4565.0,291.3,24.19608,1
U310-H6-VS2-GGA10- HH 10 mg-L-17122024-Q=50.24 mL-min-3,U310-H6-VS2-15.12.2024,1,10,,316.76154,5040.0,292.4,24.36154,2
U310-H6-VS2-GGA10- HH 10 mg-L-17122024-Q=50.24 mL-min-3,U310-H6-VS2-15.12.2024,1,11,,314.78039,5512.0,291.5,23.28039,2
U310-H6-VS2-GGA10- HH 10 mg-L-17122024-Q=50.24 mL-min-3,U310-H6-VS2-15.12.2024,1,12,,314.9451,5985.0,292.10001,22.84509,2
U310-H6-VS2-GGA15- Zn(II) 15-Cr(VI) 15-Ni(II) 5 mg-L-17122024-Q=50.2 mL-min-6,U310-H6-VS2-15.12.2024,2,0,GGA15,310.66923,301.0,280.80001,29.86922,0
U310-H6-VS2-GGA15- Zn(II) 15-Cr(VI) 15-Ni(II) 5 mg-L-17122024-Q=50.2 mL-min-6,U310-H6-VS2-15.12.2024,2,1,,311.21372,777.0,280.29999,30.91373,0
U310-H6-VS2-GGA15- Zn(II) 15-Cr(VI) 15-Ni(II) 5 mg-L-17122024-Q=50.2 mL-min-6,U310-H6-VS2-15.12.2024,2,2,,311.02549,1252.0,283.4,27.62549,0
U310-H6-VS2-GGA15- Zn(II) 15-Cr(VI) 15-Ni(II) 5 mg-L-17122024-Q=50.2 mL-min-6,U310-H6-VS2-15.12.2024,2,3,,311.44117,1720.0,281.50001,29.94116,0
U310-H6-VS2-GGA15- Zn(II) 15-Cr(VI) 15-Ni(II) 5 mg-L-17122024-Q=50.2 mL-min-6,U310-H6-VS2-15.12.2024,2,4,,311.38235,2197.0,281.1,30.28235,0
U310-H6-VS2-GGA15- Zn(II) 15-Cr(VI) 15-Ni(II) 5 mg-L-17122024-Q=50.2 mL-min-6,U310-H6-VS2-15.12.2024,2,5,,311.39412,2668.0,280.29999,31.09413,0
U310-H6-VS2-GGA15- Zn(II) 15-Cr(VI) 15-Ni(II) 5 mg-L-17122024-Q=50.2 mL-min-6,U310-H6-VS2-15.12.2024,2,6,GGA15-Zn15-Cr15-Ni5,310.97407,3142.0,280.80001,30.17406,1
U310-H6-VS2-GGA15- Zn(II) 15-Cr(VI) 15-Ni(II) 5 mg-L-17122024-Q=50.2 mL-min-6,U310-H6-VS2-15.12.2024,2,7,,312.32353,3613.0,283.89999,28.42354,1
U310-H6-VS2-GGA15- Zn(II) 15-Cr(VI) 15-Ni(II) 5 mg-L-17122024-Q=50.2 mL-min-6,U310-H6-VS2-15.12.2024,2,8,,317.81765,4090.0,292.10001,25.71764,1
U310-H6-VS2-GGA15- Zn(II) 15-Cr(VI) 15-Ni(II) 5 mg-L-17122024-Q=50.2 mL-min-6,U310-H6-VS2-15.12.2024,2,9,,314.61568,4564.0,287.09999,27.51569,1
U310-H6-VS2-GGA15- Zn(II) 15-Cr(VI) 15-Ni(II) 5 mg-L-17122024-Q=50.2 mL-min-6,U310-H6-VS2-15.12.2024,2,10,,313.88628,5034.0,289.5,24.38628,2
U310-H6-VS2-GGA15- Zn(II) 15-Cr(VI) 15-Ni(II) 5 mg-L-17122024-Q=50.2 mL-min-6,U310-H6-VS2-15.12.2024,2,11,,312.96863,5508.0,287.60001,25.36862,2
U310-H6-VS2-GGA15- Zn(II) 15-Cr(VI) 15-Ni(II) 5 mg-L-17122024-Q=50.2 mL-min-6,U310-H6-VS2-15.12.2024,2,12,,313.20377,5981.0,289.20001,24.00376,2
U311-H5-VS2-GGA10- Zn(II) 5-Cr(VI) 5-Ni(II) 15 mg-L-18122024-Q=50.56 mL-min-3,U311-H5-VS2-16.12.2024,0,0,GGA10,316.35972,301.0,237.8,78.55972,0
U311-H5-VS2-GGA10- Zn(II) 5-Cr(VI) 5-Ni(II) 15 mg-L-18122024-Q=50.56 mL-min-3,U311-H5-VS2-16.12.2024,0,1,,315.30417,775.0,238.19999,77.10418,0
U311-H5-VS2-GGA10- Zn(II) 5-Cr(VI) 5-Ni(II) 15 mg-L-18122024-Q=50.56 mL-min-3,U311-H5-VS2-16.12.2024,0,2,,315.27042,1247.0,235.49999,79.77043,0
U311-H5-VS2-GGA10- Zn(II) 5-Cr(VI) 5-Ni(II) 15 mg-L-18122024-Q=50.56 mL-min-3,U311-H5-VS2-16.12.2024,0,3,,310.57778,1720.0,235.1,75.47778,0
U311-H5-VS2-GGA10- Zn(II) 5-Cr(VI) 5-Ni(II) 15 mg-L-18122024-Q=50.56 mL-min-3,U311-H5-VS2-16.12.2024,0,4,,311.83194,2195.0,236.30001,75.53193,0
U311-H5-VS2-GGA10- Zn(II) 5-Cr(VI) 5-Ni(II) 15 mg-L-18122024-Q=50.56 mL-min-3,U311-H5-VS2-16.12.2024,0,5,,314.06056,2665.0,238.6,75.46056,0
U311-H5-VS2-GGA10- Zn(II) 5-Cr(VI) 5-Ni(II) 15 mg-L-18122024-Q=50.56 mL-min-3,U311-H5-VS2-16.12.2024,0,6,GGA10-Zn5-Cr5-Ni15,311.65,3139.0,236.0,75.65,1
U311-H5-VS2-GGA10- Zn(II) 5-Cr(VI) 5-Ni(II) 15 mg-L-18122024-Q=50.56 mL-min-3,U311-H5-VS2-16.12.2024,0,7,,313.33889,3611.0,254.09999,59.2389,1
U311-H5-VS2-GGA10- Zn(II) 5-Cr(VI) 5-Ni(II) 15 mg-L-18122024-Q=50.56 mL-min-3,U311-H5-VS2-16.12.2024,0,8,,315.44861,4086.0,266.0,49.44861,1
U311-H5-VS2-GGA10- Zn(II) 5-Cr(VI) 5-Ni(II) 15 mg-L-18122024-Q=50.56 mL-min-3,U311-H5-VS2-16.12.2024,0,9,,317.95972,4561.0,278.0,39.95972,1
U311-H5-VS2-GGA10- Zn(II) 5-Cr(VI) 5-Ni(II) 15 mg-L-18122024-Q=50.56 mL-min-3,U311-H5-VS2-16.12.2024,0,10,,321.70556,5033.0,279.50001,42.20555,1
U311-H5-VS2-GGA10- Zn(II) 5-Cr(VI) 5-Ni(II) 15 mg-L-18122024-Q=50.56 mL-min-3,U311-H5-VS2-16.12.2024,0,11,,329.09583,5509.0,287.09999,41.99584,1
U311-H5-VS2-GGA10- Zn(II) 5-Cr(VI) 5-Ni(II) 15 mg-L-18122024-Q=50.56 mL-min-3,U311-H5-VS2-16.12.2024,0,12,,326.00694,5979.0,285.2,40.80694,1
U311-H5-VS2-GGA10- Zn(II) 5-Cr(VI) 5-Ni(II) 15 mg-L-18122024-Q=50.56 mL-min-3,U311-H5-VS2-16.12.2024,0,13,,324.81972,6455.0,284.70001,40.11971,1
U311-H5-VS2-GGA10- Zn(II) 5-Cr(VI) 5-Ni(II) 15 mg-L-18122024-Q=50.56 mL-min-3,U311-H5-VS2-16.12.2024,0,14,,323.59722,6926.0,286.70001,36.89721,2
U311-H5-VS2-GGA10- Zn(II) 5-Cr(VI) 5-Ni(II) 15 mg-L-18122024-Q=50.56 mL-min-3,U311-H5-VS2-16.12.2024,0,15,,321.65278,7400.0,283.4,38.25278,2
U311-H5-VS2-GGA20- HH 10 mg-L-18122024-Q=50.32 mL-min-3,U311-H5-VS2-16.12.2024,1,0,GGA20,325.85278,301.0,274.10001,51.75277,0
U311-H5-VS2-GGA20- HH 10 mg-L-18122024-Q=50.32 mL-min-3,U311-H5-VS2-16.12.2024,1,1,,324.22222,775.0,270.90001,53.32221,0
U311-H5-VS2-GGA20- HH 10 mg-L-18122024-Q=50.32 mL-min-3,U311-H5-VS2-16.12.2024,1,2,,322.36056,1246.0,268.90001,53.46055,0
U311-H5-VS2-GGA20- HH 10 mg-L-18122024-Q=50.32 mL-min-3,U311-H5-VS2-16.12.2024,1,3,,321.46944,1719.0,267.6,53.86944,0
U311-H5-VS2-GGA20- HH 10 mg-L-18122024-Q=50.32 mL-min-3,U311-H5-VS2-16.12.2024,1,4,,319.17917,2193.0,265.30001,53.87916,0
U311-H5-VS2-GGA20- HH 10 mg-L-18122024-Q=50.32 mL-min-3,U311-H5-VS2-16.12.2024,1,5,,327.18195,2667.0,270.5,56.68195,0
U311-H5-VS2-GGA20- HH 10 mg-L-18122024-Q=50.32 mL-min-3,U311-H5-VS2-16.12.2024,1,6,GGA20-HH10,325.14167,3142.0,277.79999,47.34168,1
U311-H5-VS2-GGA20- HH 10 mg-L-18122024-Q=50.32 mL-min-3,U311-H5-VS2-16.12.2024,1,7,,323.8473,3615.0,278.49999,45.34731,1
U311-H5-VS2-GGA20- HH 10 mg-L-18122024-Q=50.32 mL-min-3,U311-H5-VS2-16.12.2024,1,8,,322.93889,4088.0,281.6,41.33889,1
U311-H5-VS2-GGA20- HH 10 mg-L-18122024-Q=50.32 mL-min-3,U311-H5-VS2-16.12.2024,1,9,,322.77084,4559.0,284.90001,37.87083,1
U311-H5-VS2-GGA20- HH 10 mg-L-18122024-Q=50.32 mL-min-3,U311-H5-VS2-16.12.2024,1,10,,328.95972,5035.0,289.09999,39.85973,1
U311-H5-VS2-GGA20- HH 10 mg-L-18122024-Q=50.32 mL-min-3,U311-H5-VS2-16.12.2024,1,11,,326.35972,5508.0,285.69999,40.65973,1
U311-H5-VS2-GGA20- HH 10 mg-L-18122024-Q=50.32 mL-min-3,U311-H5-VS2-16.12.2024,1,12,,324.50833,5982.0,287.09999,37.40834,2
U311-H5-VS2-GGA20- HH 10 mg-L-18122024-Q=50.32 mL-min-3,U311-H5-VS2-16.12.2024,1,13,,322.98733,6454.0,283.4,39.58733,2
U311-H5-VS2-GGA15- Zn(II) 15-Cr(VI) 5-Ni(II) 15 mg-L-18122024-Q=50.5 mL-min-4,U311-H5-VS2-16.12.2024,2,0,GGA15,316.18611,301.0,275.7,40.48611,0
U311-H5-VS2-GGA15- Zn(II) 15-Cr(VI) 5-Ni(II) 15 mg-L-18122024-Q=50.5 mL-min-4,U311-H5-VS2-16.12.2024,2,1,,321.93195,774.0,282.40001,39.53194,0
U311-H5-VS2-GGA15- Zn(II) 15-Cr(VI) 5-Ni(II) 15 mg-L-18122024-Q=50.5 mL-min-4,U311-H5-VS2-16.12.2024,2,2,,321.52917,1247.0,278.60001,42.92916,0
U311-H5-VS2-GGA15- Zn(II) 15-Cr(VI) 5-Ni(II) 15 mg-L-18122024-Q=50.5 mL-min-4,U311-H5-VS2-16.12.2024,2,3,,318.92917,1721.0,276.30001,42.62916,0
U311-H5-VS2-GGA15- Zn(II) 15-Cr(VI) 5-Ni(II) 15 mg-L-18122024-Q=50.5 mL-min-4,U311-H5-VS2-16.12.2024,2,4,,317.89487,2195.0,275.79999,42.09488,0
U311-H5-VS2-GGA15- Zn(II) 15-Cr(VI) 5-Ni(II) 15 mg-L-18122024-Q=50.5 mL-min-4,U311-H5-VS2-16.12.2024,2,5,GGA15-Zn15-Cr5-Ni15,318.54594,2667.0,271.2,47.34594,1
U311-H5-VS2-GGA15- Zn(II) 15-Cr(VI) 5-Ni(II) 15 mg-L-18122024-Q=50.5 mL-min-4,U311-H5-VS2-16.12.2024,2,6,,315.95238,3139.0,280.2,35.75238,1
U311-H5-VS2-GGA15- Zn(II) 15-Cr(VI) 5-Ni(II) 15 mg-L-18122024-Q=50.5 mL-min-4,U311-H5-VS2-16.12.2024,2,7,,315.72539,3613.0,278.9,36.82539,1
U311-H5-VS2-GGA15- Zn(II) 15-Cr(VI) 5-Ni(II) 15 mg-L-18122024-Q=50.5 mL-min-4,U311-H5-VS2-16.12.2024,2,8,,315.95238,4088.0,280.49999,35.45239,2
U311-H5-VS2-GGA15- Zn(II) 15-Cr(VI) 5-Ni(II) 15 mg-L-18122024-Q=50.5 mL-min-4,U311-H5-VS2-16.12.2024,2,9,,315.37302,4560.0,278.4,36.97302,2
U311-H5-VS2-GGA15- Zn(II) 15-Cr(VI) 5-Ni(II) 15 mg-L-18122024-Q=50.5 mL-min-4,U311-H5-VS2-16.12.2024,2,10,,313.9254,5035.0,280.60001,33.32539,2
U312-H6-VS2-GGA10- Zn(II) 5-Cr(VI) 5-Ni(II) 15 mg-L-18122024-Q=50.4 mL-min-4,U312-H6-VS2-16.12.2024,0,0,GGA10,317.54359,301.0,253.50001,64.04358,0
U312-H6-VS2-GGA10- Zn(II) 5-Cr(VI) 5-Ni(II) 15 mg-L-18122024-Q=50.4 mL-min-4,U312-H6-VS2-16.12.2024,0,1,,314.68974,774.0,250.40001,64.28973,0
U312-H6-VS2-GGA10- Zn(II) 5-Cr(VI) 5-Ni(II) 15 mg-L-18122024-Q=50.4 mL-min-4,U312-H6-VS2-16.12.2024,0,2,,312.16842,1249.0,248.1,64.06842,0
U312-H6-VS2-GGA10- Zn(II) 5-Cr(VI) 5-Ni(II) 15 mg-L-18122024-Q=50.4 mL-min-4,U312-H6-VS2-16.12.2024,0,3,,314.88421,1722.0,255.10001,59.7842,0
U312-H6-VS2-GGA10- Zn(II) 5-Cr(VI) 5-Ni(II) 15 mg-L-18122024-Q=50.4 mL-min-4,U312-H6-VS2-16.12.2024,0,4,,313.3718,2196.0,250.9,62.4718,0
U312-H6-VS2-GGA10- Zn(II) 5-Cr(VI) 5-Ni(II) 15 mg-L-18122024-Q=50.4 mL-min-4,U312-H6-VS2-16.12.2024,0,5,,311.70769,2669.0,248.79999,62.9077,0
U312-H6-VS2-GGA10- Zn(II) 5-Cr(VI) 5-Ni(II) 15 mg-L-18122024-Q=50.4 mL-min-4,U312-H6-VS2-16.12.2024,0,6,GGA10-Zn5-Cr5-Ni15,312.94872,3142.0,254.40001,58.54871,1
U312-H6-VS2-GGA10- Zn(II) 5-Cr(VI) 5-Ni(II) 15 mg-L-18122024-Q=50.4 mL-min-4,U312-H6-VS2-16.12.2024,0,7,,313.13333,3617.0,271.60001,41.53332,1
U312-H6-VS2-GGA10- Zn(II) 5-Cr(VI) 5-Ni(II) 15 mg-L-18122024-Q=50.4 mL-min-4,U312-H6-VS2-16.12.2024,0,8,,315.83684,4087.0,278.60001,37.23683,1
U312-H6-VS2-GGA10- Zn(II) 5-Cr(VI) 5-Ni(II) 15 mg-L-18122024-Q=50.4 mL-min-4,U312-H6-VS2-16.12.2024,0,9,,320.07017,4563.0,285.0,35.07017,1
U312-H6-VS2-GGA10- Zn(II) 5-Cr(VI) 5-Ni(II) 15 mg-L-18122024-Q=50.4 mL-min-4,U312-H6-VS2-16.12.2024,0,10,,326.86316,5037.0,293.19999,33.66317,1
U312-H6-VS2-GGA10- Zn(II) 5-Cr(VI) 5-Ni(II) 15 mg-L-18122024-Q=50.4 mL-min-4,U312-H6-VS2-16.12.2024,0,11,,335.58947,5512.0,302.1,33.48947,1
U312-H6-VS2-GGA10- Zn(II) 5-Cr(VI) 5-Ni(II) 15 mg-L-18122024-Q=50.4 mL-min-4,U312-H6-VS2-16.12.2024,0,12,,330.63333,5982.0,300.8,29.83333,2
U312-H6-VS2-GGA10- Zn(II) 5-Cr(VI) 5-Ni(II) 15 mg-L-18122024-Q=50.4 mL-min-4,U312-H6-VS2-16.12.2024,0,13,,328.91579,6455.0,296.0,32.91579,2
U312-H6-VS2-GGA10- Zn(II) 5-Cr(VI) 5-Ni(II) 15 mg-L-18122024-Q=50.4 mL-min-4,U312-H6-VS2-16.12.2024,0,14,,326.59649,6933.0,297.30001,29.29648,2
U312-H6-VS2-GGA20- HH 10 mg-L-18122024-Q=50.46 mL-min-4,U312-H6-VS2-16.12.2024,1,0,GGA20,336.57368,301.0,298.20001,38.37367,0
U312-H6-VS2-GGA20- HH 10 mg-L-18122024-Q=50.46 mL-min-4,U312-H6-VS2-16.12.2024,1,1,,331.43684,774.0,294.80001,36.63683,0
U312-H6-VS2-GGA20- HH 10 mg-L-18122024-Q=50.46 mL-min-4,U312-H6-VS2-16.12.2024,1,2,,328.39155,1248.0,290.4,37.99155,0
U312-H6-VS2-GGA20- HH 10 mg-L-18122024-Q=50.46 mL-min-4,U312-H6-VS2-16.12.2024,1,3,,325.45634,1722.0,286.3,39.15634,0
U312-H6-VS2-GGA20- HH 10 mg-L-18122024-Q=50.46 mL-min-4,U312-H6-VS2-16.12.2024,1,4,,322.33,2196.0,284.1,38.23,0
U312-H6-VS2-GGA20- HH 10 mg-L-18122024-Q=50.46 mL-min-4,U312-H6-VS2-16.12.2024,1,5,,321.995,2668.0,284.79999,37.19501,0
U312-H6-VS2-GGA20- HH 10 mg-L-18122024-Q=50.46 mL-min-4,U312-H6-VS2-16.12.2024,1,6,GGA20-HH10,328.71875,3147.0,295.70001,33.01874,1
U312-H6-VS2-GGA20- HH 10 mg-L-18122024-Q=50.46 mL-min-4,U312-H6-VS2-16.12.2024,1,7,,327.24125,3619.0,295.19999,32.04126,1
U312-H6-VS2-GGA20- HH 10 mg-L-18122024-Q=50.46 mL-min-4,U312-H6-VS2-16.12.2024,1,8,,326.07927,4091.0,296.60001,29.47926,1
U312-H6-VS2-GGA20- HH 10 mg-L-18122024-Q=50.46 mL-min-4,U312-H6-VS2-16.12.2024,1,9,,329.39839,4565.0,301.40001,27.99838,1
U312-H6-VS2-GGA20- HH 10 mg-L-18122024-Q=50.46 mL-min-4,U312-H6-VS2-16.12.2024,1,10,,334.04603,5040.0,306.89999,27.14604,1
U312-H6-VS2-GGA20- HH 10 mg-L-18122024-Q=50.46 mL-min-4,U312-H6-VS2-16.12.2024,1,11,,329.32699,5513.0,304.10001,25.22698,1
U312-H6-VS2-GGA20- HH 10 mg-L-18122024-Q=50.46 mL-min-4,U312-H6-VS2-16.12.2024,1,12,,326.99365,5988.0,302.70001,24.29364,2
U312-H6-VS2-GGA20- HH 10 mg-L-18122024-Q=50.46 mL-min-4,U312-H6-VS2-16.12.2024,1,13,,325.23968,6460.0,301.80001,23.43967,2
U312-H6-VS2-GGA15- Zn(II) 15-Cr(VI) 5-Ni(II) 15 mg-L-18122024-Q=50.38 mL-min-5,U312-H6-VS2-16.12.2024,2,0,GGA15,324.11406,301.0,294.7,29.41406,0
U312-H6-VS2-GGA15- Zn(II) 15-Cr(VI) 5-Ni(II) 15 mg-L-18122024-Q=50.38 mL-min-5,U312-H6-VS2-16.12.2024,2,1,,329.08226,777.0,299.10001,29.98225,0
U312-H6-VS2-GGA15- Zn(II) 15-Cr(VI) 5-Ni(II) 15 mg-L-18122024-Q=50.38 mL-min-5,U312-H6-VS2-16.12.2024,2,2,,325.59841,1248.0,293.39999,32.19842,0
U312-H6-VS2-GGA15- Zn(II) 15-Cr(VI) 5-Ni(II) 15 mg-L-18122024-Q=50.38 mL-min-5,U312-H6-VS2-16.12.2024,2,3,,324.71746,1724.0,291.5,33.21746,0
U312-H6-VS2-GGA15- Zn(II) 15-Cr(VI) 5-Ni(II) 15 mg-L-18122024-Q=50.38 mL-min-5,U312-H6-VS2-16.12.2024,2,4,,323.75556,2196.0,292.10001,31.65555,0
U312-H6-VS2-GGA15- Zn(II) 15-Cr(VI) 5-Ni(II) 15 mg-L-18122024-Q=50.38 mL-min-5,U312-H6-VS2-16.12.2024,2,5,GGA15-Zn15-Cr5-Ni15,323.42308,2669.0,290.80001,32.62307,1
U312-H6-VS2-GGA15- Zn(II) 15-Cr(VI) 5-Ni(II) 15 mg-L-18122024-Q=50.38 mL-min-5,U312-H6-VS2-16.12.2024,2,6,,321.5129,3143.0,294.09999,27.41291,1
U312-H6-VS2-GGA15- Zn(II) 15-Cr(VI) 5-Ni(II) 15 mg-L-18122024-Q=50.38 mL-min-5,U312-H6-VS2-16.12.2024,2,7,,321.41746,3617.0,294.49999,26.91747,1
U312-H6-VS2-GGA15- Zn(II) 15-Cr(VI) 5-Ni(II) 15 mg-L-18122024-Q=50.38 mL-min-5,U312-H6-VS2-16.12.2024,2,8,,321.22258,4089.0,293.1,28.12258,1
U312-H6-VS2-GGA15- Zn(II) 15-Cr(VI) 5-Ni(II) 15 mg-L-18122024-Q=50.38 mL-min-5,U312-H6-VS2-16.12.2024,2,9,,321.43065,4566.0,296.40001,25.03064,1
U312-H6-VS2-GGA15- Zn(II) 15-Cr(VI) 5-Ni(II) 15 mg-L-18122024-Q=50.38 mL-min-5,U312-H6-VS2-16.12.2024,2,10,,322.09683,5038.0,297.6,24.49683,2
U312-H6-VS2-GGA15- Zn(II) 15-Cr(VI) 5-Ni(II) 15 mg-L-18122024-Q=50.38 mL-min-5,U312-H6-VS2-16.12.2024,2,11,,328.98064,5510.0,304.6,24.38064,2
U312-H6-VS2-GGA15- Zn(II) 15-Cr(VI) 5-Ni(II) 15 mg-L-18122024-Q=50.38 mL-min-5,U312-H6-VS2-16.12.2024,2,12,,327.61746,5982.0,302.8,24.81746,2
U313-H5-VS2-GGA10- Zn(II) 15-Cr(VI) 5-Ni(II) 5 mg-L-19122024-Q=50.26 mL-min-1,U313-H5-VS2-17.12.2024,0,0,GGA10,311.51549,301.0,225.3,86.21549,0
U313-H5-VS2-GGA10- Zn(II) 15-Cr(VI) 5-Ni(II) 5 mg-L-19122024-Q=50.26 mL-min-1,U313-H5-VS2-17.12.2024,0,1,,320.8,774.0,231.09999,89.70001,0
U313-H5-VS2-GGA10- Zn(II) 15-Cr(VI) 5-Ni(II) 5 mg-L-19122024-Q=50.26 mL-min-1,U313-H5-VS2-17.12.2024,0,2,,325.11667,1246.0,231.90001,93.21666,0
U313-H5-VS2-GGA10- Zn(II) 15-Cr(VI) 5-Ni(II) 5 mg-L-19122024-Q=50.26 mL-min-1,U313-H5-VS2-17.12.2024,0,3,,322.54865,1720.0,226.69999,95.84866,0
U313-H5-VS2-GGA10- Zn(II) 15-Cr(VI) 5-Ni(II) 5 mg-L-19122024-Q=50.26 mL-min-1,U313-H5-VS2-17.12.2024,0,4,,324.2375,2193.0,234.2,90.0375,0
U313-H5-VS2-GGA10- Zn(II) 15-Cr(VI) 5-Ni(II) 5 mg-L-19122024-Q=50.26 mL-min-1,U313-H5-VS2-17.12.2024,0,5,GGA10-Zn15-Cr5-Ni5,331.77778,2665.0,264.9,66.87778,1
U313-H5-VS2-GGA10- Zn(II) 15-Cr(VI) 5-Ni(II) 5 mg-L-19122024-Q=50.26 mL-min-1,U313-H5-VS2-17.12.2024,0,6,,332.7,3139.0,282.20001,50.49999,1
U313-H5-VS2-GGA10- Zn(II) 15-Cr(VI) 5-Ni(II) 5 mg-L-19122024-Q=50.26 mL-min-1,U313-H5-VS2-17.12.2024,0,7,,333.37083,3613.0,291.79999,41.57084,1
U313-H5-VS2-GGA10- Zn(II) 15-Cr(VI) 5-Ni(II) 5 mg-L-19122024-Q=50.26 mL-min-1,U313-H5-VS2-17.12.2024,0,8,,336.15833,4086.0,297.6,38.55833,1
U313-H5-VS2-GGA10- Zn(II) 15-Cr(VI) 5-Ni(II) 5 mg-L-19122024-Q=50.26 mL-min-1,U313-H5-VS2-17.12.2024,0,9,,335.12817,4560.0,296.5,38.62817,1
U313-H5-VS2-GGA10- Zn(II) 15-Cr(VI) 5-Ni(II) 5 mg-L-19122024-Q=50.26 mL-min-1,U313-H5-VS2-17.12.2024,0,10,,331.14861,5033.0,295.50001,35.6486,2
U313-H5-VS2-GGA10- Zn(II) 15-Cr(VI) 5-Ni(II) 5 mg-L-19122024-Q=50.26 mL-min-1,U313-H5-VS2-17.12.2024,0,11,,332.05,5507.0,298.3,33.75,2
U313-H5-VS2-GGA10- Zn(II) 15-Cr(VI) 5-Ni(II) 5 mg-L-19122024-Q=50.26 mL-min-1,U313-H5-VS2-17.12.2024,0,12,,333.59028,5981.0,297.6,35.99028,2
U313-H5-VS2-GGA15-Zn(II) 10-Cr(VI) 10-Ni(II) 15 mg-L-19122024-Q=50.04 mL-min-4,U313-H5-VS2-17.12.2024,1,0,GGA15,332.43472,301.0,284.39999,48.03473,0
U313-H5-VS2-GGA15-Zn(II) 10-Cr(VI) 10-Ni(II) 15 mg-L-19122024-Q=50.04 mL-min-4,U313-H5-VS2-17.12.2024,1,1,,328.80139,775.0,279.8,49.00139,0
U313-H5-VS2-GGA15-Zn(II) 10-Cr(VI) 10-Ni(II) 15 mg-L-19122024-Q=50.04 mL-min-4,U313-H5-VS2-17.12.2024,1,2,,321.59444,1247.0,269.80001,51.79443,0
U313-H5-VS2-GGA15-Zn(II) 10-Cr(VI) 10-Ni(II) 15 mg-L-19122024-Q=50.04 mL-min-4,U313-H5-VS2-17.12.2024,1,3,,313.87639,1720.0,262.69999,51.1764,0
U313-H5-VS2-GGA15-Zn(II) 10-Cr(VI) 10-Ni(II) 15 mg-L-19122024-Q=50.04 mL-min-4,U313-H5-VS2-17.12.2024,1,4,,312.12958,2192.0,264.40001,47.72957,0
U313-H5-VS2-GGA15-Zn(II) 10-Cr(VI) 10-Ni(II) 15 mg-L-19122024-Q=50.04 mL-min-4,U313-H5-VS2-17.12.2024,1,5,GGA15-Zn10-Cr10-Ni15,308.88611,2666.0,267.19999,41.68612,1
U313-H5-VS2-GGA15-Zn(II) 10-Cr(VI) 10-Ni(II) 15 mg-L-19122024-Q=50.04 mL-min-4,U313-H5-VS2-17.12.2024,1,6,,310.74054,3140.0,269.10001,41.64053,1
U313-H5-VS2-GGA15-Zn(II) 10-Cr(VI) 10-Ni(II) 15 mg-L-19122024-Q=50.04 mL-min-4,U313-H5-VS2-17.12.2024,1,7,,309.79014,3614.0,274.4,35.39014,1
U313-H5-VS2-GGA15-Zn(II) 10-Cr(VI) 10-Ni(II) 15 mg-L-19122024-Q=50.04 mL-min-4,U313-H5-VS2-17.12.2024,1,8,,306.20972,4088.0,272.50001,33.70971,1
U313-H5-VS2-GGA15-Zn(II) 10-Cr(VI) 10-Ni(II) 15 mg-L-19122024-Q=50.04 mL-min-4,U313-H5-VS2-17.12.2024,1,9,,305.6375,4558.0,273.7,31.9375,2
U313-H5-VS2-GGA15-Zn(II) 10-Cr(VI) 10-Ni(II) 15 mg-L-19122024-Q=50.04 mL-min-4,U313-H5-VS2-17.12.2024,1,10,,304.54085,5036.0,270.5,34.04085,2
U313-H5-VS2-GGA15-Zn(II) 10-Cr(VI) 10-Ni(II) 15 mg-L-19122024-Q=50.04 mL-min-4,U313-H5-VS2-17.12.2024,1,11,,304.65,5507.0,273.29999,31.35001,2
U313-H5-VS2-GGA15- Zn(II) 15-Cr(VI) 5-Ni(II) 15 mg-L-19122024-Q=50 mL-min-6,U313-H5-VS2-17.12.2024,2,0,GGA15,330.63333,301.0,285.29999,45.33334,0
U313-H5-VS2-GGA15- Zn(II) 15-Cr(VI) 5-Ni(II) 15 mg-L-19122024-Q=50 mL-min-6,U313-H5-VS2-17.12.2024,2,1,,327.59583,776.0,284.1,43.49583,0
U313-H5-VS2-GGA15- Zn(II) 15-Cr(VI) 5-Ni(II) 15 mg-L-19122024-Q=50 mL-min-6,U313-H5-VS2-17.12.2024,2,2,,324.16111,1250.0,280.9,43.26111,0
U313-H5-VS2-GGA15- Zn(II) 15-Cr(VI) 5-Ni(II) 15 mg-L-19122024-Q=50 mL-min-6,U313-H5-VS2-17.12.2024,2,3,,323.43889,1721.0,278.80001,44.63888,0
U313-H5-VS2-GGA15- Zn(II) 15-Cr(VI) 5-Ni(II) 15 mg-L-19122024-Q=50 mL-min-6,U313-H5-VS2-17.12.2024,2,4,,323.175,2195.0,276.69999,46.47501,0
U313-H5-VS2-GGA15- Zn(II) 15-Cr(VI) 5-Ni(II) 15 mg-L-19122024-Q=50 mL-min-6,U313-H5-VS2-17.12.2024,2,5,GGA15-Zn15-Cr5-Ni15,326.42639,2666.0,283.30001,43.12638,1
U313-H5-VS2-GGA15- Zn(II) 15-Cr(VI) 5-Ni(II) 15 mg-L-19122024-Q=50 mL-min-6,U313-H5-VS2-17.12.2024,2,6,,328.09028,3142.0,290.2,37.89028,1
U313-H5-VS2-GGA15- Zn(II) 15-Cr(VI) 5-Ni(II) 15 mg-L-19122024-Q=50 mL-min-6,U313-H5-VS2-17.12.2024,2,7,,334.07838,3613.0,296.7,37.37838,1
U313-H5-VS2-GGA15- Zn(II) 15-Cr(VI) 5-Ni(II) 15 mg-L-19122024-Q=50 mL-min-6,U313-H5-VS2-17.12.2024,2,8,,330.81667,4086.0,294.99999,35.81668,1
U313-H5-VS2-GGA15- Zn(II) 15-Cr(VI) 5-Ni(II) 15 mg-L-19122024-Q=50 mL-min-6,U313-H5-VS2-17.12.2024,2,9,,331.54167,4560.0,297.89999,33.64168,2
U313-H5-VS2-GGA15- Zn(II) 15-Cr(VI) 5-Ni(II) 15 mg-L-19122024-Q=50 mL-min-6,U313-H5-VS2-17.12.2024,2,10,,331.67083,5031.0,297.6,34.07083,2
U314-H6-VS2-GGA10- Zn(II) 15-Cr(VI) 5-Ni(II) 5 mg-L-19122024-Q=50.26 mL-min-1,U314-H6-VS2-17.12.2024,0,0,GGA10,311.38611,301.0,259.0,52.38611,0
U314-H6-VS2-GGA10- Zn(II) 15-Cr(VI) 5-Ni(II) 5 mg-L-19122024-Q=50.26 mL-min-1,U314-H6-VS2-17.12.2024,0,1,,307.55139,773.0,255.69999,51.8514,0
U314-H6-VS2-GGA10- Zn(II) 15-Cr(VI) 5-Ni(II) 5 mg-L-19122024-Q=50.26 mL-min-1,U314-H6-VS2-17.12.2024,0,2,,306.59306,1247.0,256.00001,50.59305,0
U314-H6-VS2-GGA10- Zn(II) 15-Cr(VI) 5-Ni(II) 5 mg-L-19122024-Q=50.26 mL-min-1,U314-H6-VS2-17.12.2024,0,3,,320.46389,1722.0,265.1,55.36389,0
U314-H6-VS2-GGA10- Zn(II) 15-Cr(VI) 5-Ni(II) 5 mg-L-19122024-Q=50.26 mL-min-1,U314-H6-VS2-17.12.2024,0,4,,331.28108,2201.0,272.50001,58.78107,0
U314-H6-VS2-GGA10- Zn(II) 15-Cr(VI) 5-Ni(II) 5 mg-L-19122024-Q=50.26 mL-min-1,U314-H6-VS2-17.12.2024,0,5,,332.80139,2673.0,273.9,58.90139,0
U314-H6-VS2-GGA10- Zn(II) 15-Cr(VI) 5-Ni(II) 5 mg-L-19122024-Q=50.26 mL-min-1,U314-H6-VS2-17.12.2024,0,6,,333.84507,3146.0,276.30001,57.54506,0
U314-H6-VS2-GGA10- Zn(II) 15-Cr(VI) 5-Ni(II) 5 mg-L-19122024-Q=50.26 mL-min-1,U314-H6-VS2-17.12.2024,0,7,GGA10-Zn15-Cr5-Ni5,341.48889,3623.0,294.09999,47.3889,1
U314-H6-VS2-GGA10- Zn(II) 15-Cr(VI) 5-Ni(II) 5 mg-L-19122024-Q=50.26 mL-min-1,U314-H6-VS2-17.12.2024,0,8,,344.48194,4094.0,311.8,32.68194,1
U314-H6-VS2-GGA10- Zn(II) 15-Cr(VI) 5-Ni(II) 5 mg-L-19122024-Q=50.26 mL-min-1,U314-H6-VS2-17.12.2024,0,9,,345.41831,4569.0,318.10001,27.3183,1
U314-H6-VS2-GGA10- Zn(II) 15-Cr(VI) 5-Ni(II) 5 mg-L-19122024-Q=50.26 mL-min-1,U314-H6-VS2-17.12.2024,0,10,,346.61111,5044.0,321.3,25.31111,1
U314-H6-VS2-GGA10- Zn(II) 15-Cr(VI) 5-Ni(II) 5 mg-L-19122024-Q=50.26 mL-min-1,U314-H6-VS2-17.12.2024,0,11,,347.10278,5515.0,322.80001,24.30277,1
U314-H6-VS2-GGA10- Zn(II) 15-Cr(VI) 5-Ni(II) 5 mg-L-19122024-Q=50.26 mL-min-1,U314-H6-VS2-17.12.2024,0,12,,341.77361,5987.0,322.49999,19.27362,2
U314-H6-VS2-GGA10- Zn(II) 15-Cr(VI) 5-Ni(II) 5 mg-L-19122024-Q=50.26 mL-min-1,U314-H6-VS2-17.12.2024,0,13,,343.73333,6464.0,324.40001,19.33332,2
U314-H6-VS2-GGA15-Zn(II) 10-Cr(VI) 10-Ni(II) 15 mg-L-19122024-Q=50.04 mL-min-5,U314-H6-VS2-17.12.2024,1,0,GGA15,344.97042,301.0,321.70001,23.27041,0
U314-H6-VS2-GGA15-Zn(II) 10-Cr(VI) 10-Ni(II) 15 mg-L-19122024-Q=50.04 mL-min-5,U314-H6-VS2-17.12.2024,1,1,,345.82222,774.0,320.10001,25.72221,0
U314-H6-VS2-GGA15-Zn(II) 10-Cr(VI) 10-Ni(II) 15 mg-L-19122024-Q=50.04 mL-min-5,U314-H6-VS2-17.12.2024,1,2,,345.09028,1248.0,320.10001,24.99027,0
U314-H6-VS2-GGA15-Zn(II) 10-Cr(VI) 10-Ni(II) 15 mg-L-19122024-Q=50.04 mL-min-5,U314-H6-VS2-17.12.2024,1,3,,338.97222,1719.0,314.1,24.87222,0
U314-H6-VS2-GGA15-Zn(II) 10-Cr(VI) 10-Ni(II) 15 mg-L-19122024-Q=50.04 mL-min-5,U314-H6-VS2-17.12.2024,1,4,,328.825,2196.0,303.7,25.125,0
U314-H6-VS2-GGA15-Zn(II) 10-Cr(VI) 10-Ni(II) 15 mg-L-19122024-Q=50.04 mL-min-5,U314-H6-VS2-17.12.2024,1,5,,319.04167,2665.0,296.9,22.14167,0
U314-H6-VS2-GGA15-Zn(II) 10-Cr(VI) 10-Ni(II) 15 mg-L-19122024-Q=50.04 mL-min-5,U314-H6-VS2-17.12.2024,1,6,GGA15-Zn10-Cr10-Ni15,321.55,3140.0,296.7,24.85,1
U314-H6-VS2-GGA15-Zn(II) 10-Cr(VI) 10-Ni(II) 15 mg-L-19122024-Q=50.04 mL-min-5,U314-H6-VS2-17.12.2024,1,7,,318.33472,3613.0,300.1,18.23472,1
U314-H6-VS2-GGA15-Zn(II) 10-Cr(VI) 10-Ni(II) 15 mg-L-19122024-Q=50.04 mL-min-5,U314-H6-VS2-17.12.2024,1,8,,320.00556,4091.0,301.7,18.30556,1
U314-H6-VS2-GGA15-Zn(II) 10-Cr(VI) 10-Ni(II) 15 mg-L-19122024-Q=50.04 mL-min-5,U314-H6-VS2-17.12.2024,1,9,,319.0125,4561.0,301.40001,17.61249,1
U314-H6-VS2-GGA15-Zn(II) 10-Cr(VI) 10-Ni(II) 15 mg-L-19122024-Q=50.04 mL-min-5,U314-H6-VS2-17.12.2024,1,10,,316.33803,5036.0,301.09999,15.23804,1
U314-H6-VS2-GGA15-Zn(II) 10-Cr(VI) 10-Ni(II) 15 mg-L-19122024-Q=50.04 mL-min-5,U314-H6-VS2-17.12.2024,1,11,,314.64722,5510.0,299.69999,14.94723,1
U314-H6-VS2-GGA15-Zn(II) 10-Cr(VI) 10-Ni(II) 15 mg-L-19122024-Q=50.04 mL-min-5,U314-H6-VS2-17.12.2024,1,12,,313.07778,5979.0,299.69999,13.37779,2
U314-H6-VS2-GGA15-Zn(II) 10-Cr(VI) 10-Ni(II) 15 mg-L-19122024-Q=50.04 mL-min-5,U314-H6-VS2-17.12.2024,1,13,,314.25278,6456.0,300.50001,13.75277,2
U314-H6-VS2-GGA15- Zn(II) 15-Cr(VI) 5-Ni(II) 15 mg-L-19122024-Q=50.36 mL-min-7,U314-H6-VS2-17.12.2024,2,0,GGA15,334.3,301.0,312.40001,21.89999,0
U314-H6-VS2-GGA15- Zn(II) 15-Cr(VI) 5-Ni(II) 15 mg-L-19122024-Q=50.36 mL-min-7,U314-H6-VS2-17.12.2024,2,1,,336.85417,773.0,312.99999,23.85418,0
U314-H6-VS2-GGA15- Zn(II) 15-Cr(VI) 5-Ni(II) 15 mg-L-19122024-Q=50.36 mL-min-7,U314-H6-VS2-17.12.2024,2,2,,333.60417,1247.0,310.5,23.10417,0
U314-H6-VS2-GGA15- Zn(II) 15-Cr(VI) 5-Ni(II) 15 mg-L-19122024-Q=50.36 mL-min-7,U314-H6-VS2-17.12.2024,2,3,,329.79028,1719.0,307.59999,22.19029,0
U314-H6-VS2-GGA15- Zn(II) 15-Cr(VI) 5-Ni(II) 15 mg-L-19122024-Q=50.36 mL-min-7,U314-H6-VS2-17.12.2024,2,4,,325.5,2195.0,301.49999,24.00001,0
U314-H6-VS2-GGA15- Zn(II) 15-Cr(VI) 5-Ni(II) 15 mg-L-19122024-Q=50.36 mL-min-7,U314-H6-VS2-17.12.2024,2,5,,324.39181,2670.0,302.30001,22.0918,0
U314-H6-VS2-GGA15- Zn(II) 15-Cr(VI) 5-Ni(II) 15 mg-L-19122024-Q=50.36 mL-min-7,U314-H6-VS2-17.12.2024,2,6,GGA15-Zn15-Cr5-Ni15,328.18853,3139.0,306.30001,21.88852,1
U314-H6-VS2-GGA15- Zn(II) 15-Cr(VI) 5-Ni(II) 15 mg-L-19122024-Q=50.36 mL-min-7,U314-H6-VS2-17.12.2024,2,7,,330.86,3612.0,312.90001,17.95999,1
U314-H6-VS2-GGA15- Zn(II) 15-Cr(VI) 5-Ni(II) 15 mg-L-19122024-Q=50.36 mL-min-7,U314-H6-VS2-17.12.2024,2,8,,335.29365,4087.0,315.9,19.39365,1
U314-H6-VS2-GGA15- Zn(II) 15-Cr(VI) 5-Ni(II) 15 mg-L-19122024-Q=50.36 mL-min-7,U314-H6-VS2-17.12.2024,2,9,,331.59833,4561.0,315.29999,16.29834,2
U314-H6-VS2-GGA15- Zn(II) 15-Cr(VI) 5-Ni(II) 15 mg-L-19122024-Q=50.36 mL-min-7,U314-H6-VS2-17.12.2024,2,10,,332.69333,5032.0,316.90001,15.79332,2
U314-H6-VS2-GGA15- Zn(II) 15-Cr(VI) 5-Ni(II) 15 mg-L-19122024-Q=50.36 mL-min-7,U314-H6-VS2-17.12.2024,2,11,,329.49672,5507.0,312.59999,16.89673,2
U315-H5-VS2-GGA5- Zn(II) 5-Cr(VI) 5-Ni(II) 10 mg-L-20122024-Q=50.08 mL-min-5,U315-H5-VS2-18.12.2024,0,0,GGA5,317.66197,301.0,241.60001,76.06196,0
U315-H5-VS2-GGA5- Zn(II) 5-Cr(VI) 5-Ni(II) 10 mg-L-20122024-Q=50.08 mL-min-5,U315-H5-VS2-18.12.2024,0,1,,313.25139,774.0,242.40001,70.85138,0
U315-H5-VS2-GGA5- Zn(II) 5-Cr(VI) 5-Ni(II) 10 mg-L-20122024-Q=50.08 mL-min-5,U315-H5-VS2-18.12.2024,0,2,,309.93889,1247.0,240.4,69.53889,0
U315-H5-VS2-GGA5- Zn(II) 5-Cr(VI) 5-Ni(II) 10 mg-L-20122024-Q=50.08 mL-min-5,U315-H5-VS2-18.12.2024,0,3,,308.85135,1721.0,239.80001,69.05134,0
U315-H5-VS2-GGA5- Zn(II) 5-Cr(VI) 5-Ni(II) 10 mg-L-20122024-Q=50.08 mL-min-5,U315-H5-VS2-18.12.2024,0,4,,311.45278,2194.0,238.4,73.05278,0
U315-H5-VS2-GGA5- Zn(II) 5-Cr(VI) 5-Ni(II) 10 mg-L-20122024-Q=50.08 mL-min-5,U315-H5-VS2-18.12.2024,0,5,,310.36885,2666.0,241.0,69.36885,0
U315-H5-VS2-GGA5- Zn(II) 5-Cr(VI) 5-Ni(II) 10 mg-L-20122024-Q=50.08 mL-min-5,U315-H5-VS2-18.12.2024,0,6,GGA5-Zn5-Cr5-Ni10,310.74426,3141.0,257.99999,52.74427,1
U315-H5-VS2-GGA5- Zn(II) 5-Cr(VI) 5-Ni(II) 10 mg-L-20122024-Q=50.08 mL-min-5,U315-H5-VS2-18.12.2024,0,7,,311.52951,3614.0,271.49999,40.02952,1
U315-H5-VS2-GGA5- Zn(II) 5-Cr(VI) 5-Ni(II) 10 mg-L-20122024-Q=50.08 mL-min-5,U315-H5-VS2-18.12.2024,0,8,,314.29833,4085.0,282.09999,32.19834,1
U315-H5-VS2-GGA5- Zn(II) 5-Cr(VI) 5-Ni(II) 10 mg-L-20122024-Q=50.08 mL-min-5,U315-H5-VS2-18.12.2024,0,9,,314.8623,4561.0,284.70001,30.16229,1
U315-H5-VS2-GGA5- Zn(II) 5-Cr(VI) 5-Ni(II) 10 mg-L-20122024-Q=50.08 mL-min-5,U315-H5-VS2-18.12.2024,0,10,,312.19833,5033.0,285.2,26.99833,1
U315-H5-VS2-GGA5- Zn(II) 5-Cr(VI) 5-Ni(II) 10 mg-L-20122024-Q=50.08 mL-min-5,U315-H5-VS2-18.12.2024,0,11,,312.09667,5508.0,283.4,28.69667,1
U315-H5-VS2-GGA5- Zn(II) 5-Cr(VI) 5-Ni(II) 10 mg-L-20122024-Q=50.08 mL-min-5,U315-H5-VS2-18.12.2024,0,12,,312.81148,5978.0,288.89999,23.91149,2
U315-H5-VS2-GGA5- Zn(II) 5-Cr(VI) 5-Ni(II) 10 mg-L-20122024-Q=50.08 mL-min-5,U315-H5-VS2-18.12.2024,0,13,,311.33115,6455.0,288.50001,22.83114,2
U315-H5-VS2-GGA5- Zn(II) 5-Cr(VI) 5-Ni(II) 10 mg-L-20122024-Q=50.08 mL-min-5,U315-H5-VS2-18.12.2024,0,14,,311.65873,6927.0,287.80001,23.85872,2
U315-H5-VS2-GGA10-HH 10 mg-L-20122024-Q=50 mL-min-4,U315-H5-VS2-18.12.2024,1,0,GGA10,307.77869,301.0,275.79999,31.9787,0
U315-H5-VS2-GGA10-HH 10 mg-L-20122024-Q=50 mL-min-4,U315-H5-VS2-18.12.2024,1,1,,305.03,775.0,273.99999,31.03001,0
U315-H5-VS2-GGA10-HH 10 mg-L-20122024-Q=50 mL-min-4,U315-H5-VS2-18.12.2024,1,2,,305.365,1249.0,271.80001,33.56499,0
U315-H5-VS2-GGA10-HH 10 mg-L-20122024-Q=50 mL-min-4,U315-H5-VS2-18.12.2024,1,3,,305.33834,1721.0,272.50001,32.83833,0
U315-H5-VS2-GGA10-HH 10 mg-L-20122024-Q=50 mL-min-4,U315-H5-VS2-18.12.2024,1,4,,306.595,2194.0,273.60001,32.99499,0
U315-H5-VS2-GGA10-HH 10 mg-L-20122024-Q=50 mL-min-4,U315-H5-VS2-18.12.2024,1,5,,302.09032,2667.0,270.20001,31.89031,0
U315-H5-VS2-GGA10-HH 10 mg-L-20122024-Q=50 mL-min-4,U315-H5-VS2-18.12.2024,1,6,GGA10-HH10,304.81147,3142.0,277.3,27.51147,1
U315-H5-VS2-GGA10-HH 10 mg-L-20122024-Q=50 mL-min-4,U315-H5-VS2-18.12.2024,1,7,,311.45082,3614.0,286.00001,25.45081,1
U315-H5-VS2-GGA10-HH 10 mg-L-20122024-Q=50 mL-min-4,U315-H5-VS2-18.12.2024,1,8,,317.01667,4087.0,292.4,24.61667,1
U315-H5-VS2-GGA10-HH 10 mg-L-20122024-Q=50 mL-min-4,U315-H5-VS2-18.12.2024,1,9,,315.30714,4561.0,292.49999,22.80715,1
U315-H5-VS2-GGA10-HH 10 mg-L-20122024-Q=50 mL-min-4,U315-H5-VS2-18.12.2024,1,10,,311.98333,5036.0,292.10001,19.88332,2
U315-H5-VS2-GGA10-HH 10 mg-L-20122024-Q=50 mL-min-4,U315-H5-VS2-18.12.2024,1,11,,311.40353,5506.0,292.69999,18.70354,2
U315-H5-VS2-GGA15- Zn(II) 10-Cr(VI) 15-Ni(II) 10 mg-L-20122024-Q=50.54 mL-min-1,U315-H5-VS2-18.12.2024,2,0,GGA15,312.62024,301.0,281.6,31.02024,0
U315-H5-VS2-GGA15- Zn(II) 10-Cr(VI) 15-Ni(II) 10 mg-L-20122024-Q=50.54 mL-min-1,U315-H5-VS2-18.12.2024,2,1,,313.15176,774.0,279.90001,33.25175,0
U315-H5-VS2-GGA15- Zn(II) 10-Cr(VI) 15-Ni(II) 10 mg-L-20122024-Q=50.54 mL-min-1,U315-H5-VS2-18.12.2024,2,2,,312.28809,1246.0,279.00001,33.28808,0
U315-H5-VS2-GGA15- Zn(II) 10-Cr(VI) 15-Ni(II) 10 mg-L-20122024-Q=50.54 mL-min-1,U315-H5-VS2-18.12.2024,2,3,,313.19762,1719.0,281.19999,31.99763,0
U315-H5-VS2-GGA15- Zn(II) 10-Cr(VI) 15-Ni(II) 10 mg-L-20122024-Q=50.54 mL-min-1,U315-H5-VS2-18.12.2024,2,4,,318.3,2193.0,284.79999,33.50001,0
U315-H5-VS2-GGA15- Zn(II) 10-Cr(VI) 15-Ni(II) 10 mg-L-20122024-Q=50.54 mL-min-1,U315-H5-VS2-18.12.2024,2,5,,316.43176,2671.0,281.30001,35.13175,0
U315-H5-VS2-GGA15- Zn(II) 10-Cr(VI) 15-Ni(II) 10 mg-L-20122024-Q=50.54 mL-min-1,U315-H5-VS2-18.12.2024,2,6,GGA15-Zn10-Cr15-Ni10,315.51628,3139.0,281.6,33.91628,0
U315-H5-VS2-GGA15- Zn(II) 10-Cr(VI) 15-Ni(II) 10 mg-L-20122024-Q=50.54 mL-min-1,U315-H5-VS2-18.12.2024,2,7,,317.08929,3615.0,287.29999,29.7893,1
U315-H5-VS2-GGA15- Zn(II) 10-Cr(VI) 15-Ni(II) 10 mg-L-20122024-Q=50.54 mL-min-1,U315-H5-VS2-18.12.2024,2,8,,317.46071,4086.0,291.70001,25.7607,1
U315-H5-VS2-GGA15- Zn(II) 10-Cr(VI) 15-Ni(II) 10 mg-L-20122024-Q=50.54 mL-min-1,U315-H5-VS2-18.12.2024,2,9,,316.27262,4560.0,292.10001,24.17261,1
U315-H5-VS2-GGA15- Zn(II) 10-Cr(VI) 15-Ni(II) 10 mg-L-20122024-Q=50.54 mL-min-1,U315-H5-VS2-18.12.2024,2,10,,322.78452,5037.0,296.9,25.88452,1
U315-H5-VS2-GGA15- Zn(II) 10-Cr(VI) 15-Ni(II) 10 mg-L-20122024-Q=50.54 mL-min-1,U315-H5-VS2-18.12.2024,2,11,,318.74353,5508.0,295.8,22.94353,2
U315-H5-VS2-GGA15- Zn(II) 10-Cr(VI) 15-Ni(II) 10 mg-L-20122024-Q=50.54 mL-min-1,U315-H5-VS2-18.12.2024,2,12,,317.86905,5980.0,294.40001,23.46904,2
U315-H5-VS2-GGA15- Zn(II) 10-Cr(VI) 15-Ni(II) 10 mg-L-20122024-Q=50.54 mL-min-1,U315-H5-VS2-18.12.2024,2,13,,317.19643,6455.0,294.80001,22.39642,2
U316-H6-VS2-GGA5- Zn(II) 5-Cr(VI) 5-Ni(II) 15 mg-L-20122024-Q=50.52 mL-min-1,U316-H6-VS2-18.12.2024,0,0,GGA5,321.50952,301.0,262.80001,58.70951,0
U316-H6-VS2-GGA5- Zn(II) 5-Cr(VI) 5-Ni(II) 15 mg-L-20122024-Q=50.52 mL-min-1,U316-H6-VS2-18.12.2024,0,1,,319.91905,776.0,262.2,57.71905,0
U316-H6-VS2-GGA5- Zn(II) 5-Cr(VI) 5-Ni(II) 15 mg-L-20122024-Q=50.52 mL-min-1,U316-H6-VS2-18.12.2024,0,2,,315.99059,1249.0,258.8,57.19059,0
U316-H6-VS2-GGA5- Zn(II) 5-Cr(VI) 5-Ni(II) 15 mg-L-20122024-Q=50.52 mL-min-1,U316-H6-VS2-18.12.2024,0,3,,314.57976,1722.0,261.7,52.87976,0
U316-H6-VS2-GGA5- Zn(II) 5-Cr(VI) 5-Ni(II) 15 mg-L-20122024-Q=50.52 mL-min-1,U316-H6-VS2-18.12.2024,0,4,,312.53837,2197.0,257.60001,54.93836,0
U316-H6-VS2-GGA5- Zn(II) 5-Cr(VI) 5-Ni(II) 15 mg-L-20122024-Q=50.52 mL-min-1,U316-H6-VS2-18.12.2024,0,5,,311.06905,2669.0,259.5,51.56905,0
U316-H6-VS2-GGA5- Zn(II) 5-Cr(VI) 5-Ni(II) 15 mg-L-20122024-Q=50.52 mL-min-1,U316-H6-VS2-18.12.2024,0,6,,309.89643,3143.0,254.59999,55.29644,0
U316-H6-VS2-GGA5- Zn(II) 5-Cr(VI) 5-Ni(II) 15 mg-L-20122024-Q=50.52 mL-min-1,U316-H6-VS2-18.12.2024,0,7,GGA5-Zn5-Cr5-Ni15,310.46353,3617.0,272.1,38.36353,1
U316-H6-VS2-GGA5- Zn(II) 5-Cr(VI) 5-Ni(II) 15 mg-L-20122024-Q=50.52 mL-min-1,U316-H6-VS2-18.12.2024,0,8,,312.77381,4091.0,288.6,24.17381,1
U316-H6-VS2-GGA5- Zn(II) 5-Cr(VI) 5-Ni(II) 15 mg-L-20122024-Q=50.52 mL-min-1,U316-H6-VS2-18.12.2024,0,9,,314.68588,4563.0,292.10001,22.58587,1
U316-H6-VS2-GGA5- Zn(II) 5-Cr(VI) 5-Ni(II) 15 mg-L-20122024-Q=50.52 mL-min-1,U316-H6-VS2-18.12.2024,0,10,,317.29647,5036.0,296.60001,20.69646,1
U316-H6-VS2-GGA5- Zn(II) 5-Cr(VI) 5-Ni(II) 15 mg-L-20122024-Q=50.52 mL-min-1,U316-H6-VS2-18.12.2024,0,11,,314.48353,5510.0,297.50001,16.98352,2
U316-H6-VS2-GGA5- Zn(II) 5-Cr(VI) 5-Ni(II) 15 mg-L-20122024-Q=50.52 mL-min-1,U316-H6-VS2-18.12.2024,0,12,,313.70357,5986.0,295.89999,17.80358,2
U316-H6-VS2-GGA5- Zn(II) 5-Cr(VI) 5-Ni(II) 15 mg-L-20122024-Q=50.52 mL-min-1,U316-H6-VS2-18.12.2024,0,13,,315.51548,6463.0,298.59999,16.91549,2
U316-H6-VS2-GGA5- Zn(II) 5-Cr(VI) 5-Ni(II) 15 mg-L-20122024-Q=50.52 mL-min-1,U316-H6-VS2-18.12.2024,0,14,,314.86744,6930.0,300.3,14.56744,2
U316-H6-VS2-GGA10- Zn(II) 10-Cr(VI) 15-Ni(II) 10 mg-L-20122024-Q=50.58 mL-min-3,U316-H6-VS2-18.12.2024,1,0,GGA10,310.02588,301.0,286.70001,23.32587,0
U316-H6-VS2-GGA10- Zn(II) 10-Cr(VI) 15-Ni(II) 10 mg-L-20122024-Q=50.58 mL-min-3,U316-H6-VS2-18.12.2024,1,1,,308.38571,776.0,285.10001,23.2857,0
U316-H6-VS2-GGA10- Zn(II) 10-Cr(VI) 15-Ni(II) 10 mg-L-20122024-Q=50.58 mL-min-3,U316-H6-VS2-18.12.2024,1,2,,307.40353,1247.0,283.4,24.00353,0
U316-H6-VS2-GGA10- Zn(II) 10-Cr(VI) 15-Ni(II) 10 mg-L-20122024-Q=50.58 mL-min-3,U316-H6-VS2-18.12.2024,1,3,,307.91548,1721.0,282.99999,24.91549,0
U316-H6-VS2-GGA10- Zn(II) 10-Cr(VI) 15-Ni(II) 10 mg-L-20122024-Q=50.58 mL-min-3,U316-H6-VS2-18.12.2024,1,4,,309.07093,2196.0,283.30001,25.77092,0
U316-H6-VS2-GGA10- Zn(II) 10-Cr(VI) 15-Ni(II) 10 mg-L-20122024-Q=50.58 mL-min-3,U316-H6-VS2-18.12.2024,1,5,,306.96429,2669.0,282.90001,24.06428,0
U316-H6-VS2-GGA10- Zn(II) 10-Cr(VI) 15-Ni(II) 10 mg-L-20122024-Q=50.58 mL-min-3,U316-H6-VS2-18.12.2024,1,6,GGA10-Zn10-Cr15-Ni10,307.2,3141.0,285.4,21.8,1
U316-H6-VS2-GGA10- Zn(II) 10-Cr(VI) 15-Ni(II) 10 mg-L-20122024-Q=50.58 mL-min-3,U316-H6-VS2-18.12.2024,1,7,,317.00833,3616.0,295.19999,21.80834,1
U316-H6-VS2-GGA10- Zn(II) 10-Cr(VI) 15-Ni(II) 10 mg-L-20122024-Q=50.58 mL-min-3,U316-H6-VS2-18.12.2024,1,8,,321.16667,4090.0,298.79999,22.36668,1
U316-H6-VS2-GGA10- Zn(II) 10-Cr(VI) 15-Ni(II) 10 mg-L-20122024-Q=50.58 mL-min-3,U316-H6-VS2-18.12.2024,1,9,,320.1082,4568.0,299.49999,20.60821,1
U316-H6-VS2-GGA10- Zn(II) 10-Cr(VI) 15-Ni(II) 10 mg-L-20122024-Q=50.58 mL-min-3,U316-H6-VS2-18.12.2024,1,10,,317.25667,5035.0,299.60001,17.65666,2
U316-H6-VS2-GGA10- Zn(II) 10-Cr(VI) 15-Ni(II) 10 mg-L-20122024-Q=50.58 mL-min-3,U316-H6-VS2-18.12.2024,1,11,,315.06557,5509.0,296.29999,18.76558,2
U316-H6-VS2-GGA10- Zn(II) 10-Cr(VI) 15-Ni(II) 10 mg-L-20122024-Q=50.58 mL-min-3,U316-H6-VS2-18.12.2024,1,12,,314.11167,5982.0,295.39999,18.71168,2
U316-H6-VS2-GGA10- Zn(II) 10-Cr(VI) 15-Ni(II) 10 mg-L-20122024-Q=50.58 mL-min-3,U316-H6-VS2-18.12.2024,1,13,,313.57213,6455.0,295.89999,17.67214,2
U316-H6-VS2-GGA15- Zn(II) 10-Cr(VI) 15-Ni(II) 15 mg-L-20122024-Q=50.64 mL-min-5,U316-H6-VS2-18.12.2024,2,0,GGA15,311.82,301.0,289.79999,22.02001,0
U316-H6-VS2-GGA15- Zn(II) 10-Cr(VI) 15-Ni(II) 15 mg-L-20122024-Q=50.64 mL-min-5,U316-H6-VS2-18.12.2024,2,1,,312.37377,776.0,289.5,22.87377,0
U316-H6-VS2-GGA15- Zn(II) 10-Cr(VI) 15-Ni(II) 15 mg-L-20122024-Q=50.64 mL-min-5,U316-H6-VS2-18.12.2024,2,2,,312.445,1248.0,290.4,22.045,0
U316-H6-VS2-GGA15- Zn(II) 10-Cr(VI) 15-Ni(II) 15 mg-L-20122024-Q=50.64 mL-min-5,U316-H6-VS2-18.12.2024,2,3,,318.94754,1722.0,293.39999,25.54755,0
U316-H6-VS2-GGA15- Zn(II) 10-Cr(VI) 15-Ni(II) 15 mg-L-20122024-Q=50.64 mL-min-5,U316-H6-VS2-18.12.2024,2,4,,315.80333,2195.0,293.50001,22.30332,0
U316-H6-VS2-GGA15- Zn(II) 10-Cr(VI) 15-Ni(II) 15 mg-L-20122024-Q=50.64 mL-min-5,U316-H6-VS2-18.12.2024,2,5,,313.71905,2668.0,290.30001,23.41904,0
U316-H6-VS2-GGA15- Zn(II) 10-Cr(VI) 15-Ni(II) 15 mg-L-20122024-Q=50.64 mL-min-5,U316-H6-VS2-18.12.2024,2,6,GGA15-Zn10-Cr15-Ni15,314.99,3143.0,295.50001,19.48999,1
U316-H6-VS2-GGA15- Zn(II) 10-Cr(VI) 15-Ni(II) 15 mg-L-20122024-Q=50.64 mL-min-5,U316-H6-VS2-18.12.2024,2,7,,316.02787,3617.0,297.50001,18.52786,1
U316-H6-VS2-GGA15- Zn(II) 10-Cr(VI) 15-Ni(II) 15 mg-L-20122024-Q=50.64 mL-min-5,U316-H6-VS2-18.12.2024,2,8,,315.745,4085.0,299.49999,16.24501,1
U316-H6-VS2-GGA15- Zn(II) 10-Cr(VI) 15-Ni(II) 15 mg-L-20122024-Q=50.64 mL-min-5,U316-H6-VS2-18.12.2024,2,9,,321.76833,4567.0,305.79999,15.96834,1
U316-H6-VS2-GGA15- Zn(II) 10-Cr(VI) 15-Ni(II) 15 mg-L-20122024-Q=50.64 mL-min-5,U316-H6-VS2-18.12.2024,2,10,,316.87,5036.0,302.1,14.77,1
U316-H6-VS2-GGA15- Zn(II) 10-Cr(VI) 15-Ni(II) 15 mg-L-20122024-Q=50.64 mL-min-5,U316-H6-VS2-18.12.2024,2,11,,314.27213,5508.0,299.60001,14.67212,2
U316-H6-VS2-GGA15- Zn(II) 10-Cr(VI) 15-Ni(II) 15 mg-L-20122024-Q=50.64 mL-min-5,U316-H6-VS2-18.12.2024,2,12,,313.5541,5982.0,299.29999,14.25411,2
U316-H6-VS2-GGA15- Zn(II) 10-Cr(VI) 15-Ni(II) 15 mg-L-20122024-Q=50.64 mL-min-5,U316-H6-VS2-18.12.2024,2,13,,314.03871,6458.0,299.4,14.63871,2
U317-H5-VS2-GGA10- Zn(II) 5-Cr(VI) 5-Ni(II) 10 mg-L-23122024-Q=50.28 mL-min-6,U317-H5-VS2-21.12.2024,0,0,GGA10,315.34028,301.0,240.5,74.84028,0
U317-H5-VS2-GGA10- Zn(II) 5-Cr(VI) 5-Ni(II) 10 mg-L-23122024-Q=50.28 mL-min-6,U317-H5-VS2-21.12.2024,0,1,,313.50563,774.0,233.2,80.30563,0
U317-H5-VS2-GGA10- Zn(II) 5-Cr(VI) 5-Ni(II) 10 mg-L-23122024-Q=50.28 mL-min-6,U317-H5-VS2-21.12.2024,0,2,,311.30278,1248.0,237.5,73.80278,0
U317-H5-VS2-GGA10- Zn(II) 5-Cr(VI) 5-Ni(II) 10 mg-L-23122024-Q=50.28 mL-min-6,U317-H5-VS2-21.12.2024,0,3,,308.70417,1720.0,228.49999,80.20418,0
U317-H5-VS2-GGA10- Zn(II) 5-Cr(VI) 5-Ni(II) 10 mg-L-23122024-Q=50.28 mL-min-6,U317-H5-VS2-21.12.2024,0,4,,313.54583,2193.0,239.4,74.14583,0
U317-H5-VS2-GGA10- Zn(II) 5-Cr(VI) 5-Ni(II) 10 mg-L-23122024-Q=50.28 mL-min-6,U317-H5-VS2-21.12.2024,0,5,,323.16056,2666.0,240.4,82.76056,0
U317-H5-VS2-GGA10- Zn(II) 5-Cr(VI) 5-Ni(II) 10 mg-L-23122024-Q=50.28 mL-min-6,U317-H5-VS2-21.12.2024,0,6,GGA10-Zn5-Cr5-Ni10,321.42778,3140.0,262.2,59.22778,1
U317-H5-VS2-GGA10- Zn(II) 5-Cr(VI) 5-Ni(II) 10 mg-L-23122024-Q=50.28 mL-min-6,U317-H5-VS2-21.12.2024,0,7,,321.90972,3614.0,268.59999,53.30973,1
U317-H5-VS2-GGA10- Zn(II) 5-Cr(VI) 5-Ni(II) 10 mg-L-23122024-Q=50.28 mL-min-6,U317-H5-VS2-21.12.2024,0,8,,320.14189,4087.0,277.59999,42.5419,1
U317-H5-VS2-GGA10- Zn(II) 5-Cr(VI) 5-Ni(II) 10 mg-L-23122024-Q=50.28 mL-min-6,U317-H5-VS2-21.12.2024,0,9,,320.01528,4561.0,278.60001,41.41527,1
U317-H5-VS2-GGA10- Zn(II) 5-Cr(VI) 5-Ni(II) 10 mg-L-23122024-Q=50.28 mL-min-6,U317-H5-VS2-21.12.2024,0,10,,319.52083,5034.0,283.80001,35.72082,2
U317-H5-VS2-GGA10- Zn(II) 5-Cr(VI) 5-Ni(II) 10 mg-L-23122024-Q=50.28 mL-min-6,U317-H5-VS2-21.12.2024,0,11,,323.76945,5506.0,288.50001,35.26944,2
U317-H5-VS2-GGA10- Zn(II) 5-Cr(VI) 5-Ni(II) 10 mg-L-23122024-Q=50.28 mL-min-6,U317-H5-VS2-21.12.2024,0,12,,319.48056,5980.0,287.29999,32.18057,2
U317-H5-VS2-GGA15- Zn(II) 5-Cr(VI) 10-Ni(II) 15 mg-L-23122024-Q=50.48 mL-min-2,U317-H5-VS2-21.12.2024,1,0,GGA15,324.1027,301.0,268.5,55.6027,0
U317-H5-VS2-GGA15- Zn(II) 5-Cr(VI) 10-Ni(II) 15 mg-L-23122024-Q=50.48 mL-min-2,U317-H5-VS2-21.12.2024,1,1,,320.91806,775.0,268.00001,52.91805,0
U317-H5-VS2-GGA15- Zn(II) 5-Cr(VI) 10-Ni(II) 15 mg-L-23122024-Q=50.48 mL-min-2,U317-H5-VS2-21.12.2024,1,2,,318.81831,1249.0,264.09999,54.71832,0
U317-H5-VS2-GGA15- Zn(II) 5-Cr(VI) 10-Ni(II) 15 mg-L-23122024-Q=50.48 mL-min-2,U317-H5-VS2-21.12.2024,1,3,,317.17778,1722.0,259.7,57.47778,0
U317-H5-VS2-GGA15- Zn(II) 5-Cr(VI) 10-Ni(II) 15 mg-L-23122024-Q=50.48 mL-min-2,U317-H5-VS2-21.12.2024,1,4,,322.81111,2195.0,268.3,54.51111,0
U317-H5-VS2-GGA15- Zn(II) 5-Cr(VI) 10-Ni(II) 15 mg-L-23122024-Q=50.48 mL-min-2,U317-H5-VS2-21.12.2024,1,5,,321.34722,2668.0,261.09999,60.24723,0
U317-H5-VS2-GGA15- Zn(II) 5-Cr(VI) 10-Ni(II) 15 mg-L-23122024-Q=50.48 mL-min-2,U317-H5-VS2-21.12.2024,1,6,GGA15-Zn5-Cr10-Ni15,317.35278,3139.0,267.6,49.75278,1
U317-H5-VS2-GGA15- Zn(II) 5-Cr(VI) 10-Ni(II) 15 mg-L-23122024-Q=50.48 mL-min-2,U317-H5-VS2-21.12.2024,1,7,,318.19028,3613.0,272.1,46.09028,1
U317-H5-VS2-GGA15- Zn(II) 5-Cr(VI) 10-Ni(II) 15 mg-L-23122024-Q=50.48 mL-min-2,U317-H5-VS2-21.12.2024,1,8,,317.18451,4087.0,274.30001,42.8845,1
U317-H5-VS2-GGA15- Zn(II) 5-Cr(VI) 10-Ni(II) 15 mg-L-23122024-Q=50.48 mL-min-2,U317-H5-VS2-21.12.2024,1,9,,316.63333,4562.0,277.20001,39.43332,1
U317-H5-VS2-GGA15- Zn(II) 5-Cr(VI) 10-Ni(II) 15 mg-L-23122024-Q=50.48 mL-min-2,U317-H5-VS2-21.12.2024,1,10,,318.53889,5031.0,284.00001,34.53888,2
U317-H5-VS2-GGA15- Zn(II) 5-Cr(VI) 10-Ni(II) 15 mg-L-23122024-Q=50.48 mL-min-2,U317-H5-VS2-21.12.2024,1,11,,322.84658,5504.0,287.9,34.94658,2
U317-H5-VS2-GGA15- Zn(II) 5-Cr(VI) 10-Ni(II) 15 mg-L-23122024-Q=50.48 mL-min-2,U317-H5-VS2-21.12.2024,1,12,,320.94444,5971.0,286.59999,34.34445,2
U317-H5-VS2-GGA20- Zn(II) 10-Cr(VI) 15-Ni(II) 10 mg-L-23122024-Q=50.38 mL-min-5,U317-H5-VS2-21.12.2024,2,0,GGA20,316.1324,301.0,262.69999,53.43241,0
U317-H5-VS2-GGA20- Zn(II) 10-Cr(VI) 15-Ni(II) 10 mg-L-23122024-Q=50.38 mL-min-5,U317-H5-VS2-21.12.2024,2,1,,314.92222,775.0,257.60001,57.32221,0
U317-H5-VS2-GGA20- Zn(II) 10-Cr(VI) 15-Ni(II) 10 mg-L-23122024-Q=50.38 mL-min-5,U317-H5-VS2-21.12.2024,2,2,,314.42361,1249.0,258.30001,56.1236,0
U317-H5-VS2-GGA20- Zn(II) 10-Cr(VI) 15-Ni(II) 10 mg-L-23122024-Q=50.38 mL-min-5,U317-H5-VS2-21.12.2024,2,3,,313.92083,1722.0,257.29999,56.62084,0
U317-H5-VS2-GGA20- Zn(II) 10-Cr(VI) 15-Ni(II) 10 mg-L-23122024-Q=50.38 mL-min-5,U317-H5-VS2-21.12.2024,2,4,,315.325,2194.0,260.69999,54.62501,0
U317-H5-VS2-GGA20- Zn(II) 10-Cr(VI) 15-Ni(II) 10 mg-L-23122024-Q=50.38 mL-min-5,U317-H5-VS2-21.12.2024,2,5,GGA20-Zn10-Cr15-Ni10,314.08055,2669.0,266.99999,47.08056,1
U317-H5-VS2-GGA20- Zn(II) 10-Cr(VI) 15-Ni(II) 10 mg-L-23122024-Q=50.38 mL-min-5,U317-H5-VS2-21.12.2024,2,6,,314.55417,3143.0,270.5,44.05417,1
U317-H5-VS2-GGA20- Zn(II) 10-Cr(VI) 15-Ni(II) 10 mg-L-23122024-Q=50.38 mL-min-5,U317-H5-VS2-21.12.2024,2,7,,315.52027,3615.0,271.49999,44.02028,1
U317-H5-VS2-GGA20- Zn(II) 10-Cr(VI) 15-Ni(II) 10 mg-L-23122024-Q=50.38 mL-min-5,U317-H5-VS2-21.12.2024,2,8,,318.58333,4086.0,273.5,45.08333,1
U317-H5-VS2-GGA20- Zn(II) 10-Cr(VI) 15-Ni(II) 10 mg-L-23122024-Q=50.38 mL-min-5,U317-H5-VS2-21.12.2024,2,9,,325.46604,4559.0,282.3,43.16604,1
U317-H5-VS2-GGA20- Zn(II) 10-Cr(VI) 15-Ni(II) 10 mg-L-23122024-Q=50.38 mL-min-5,U317-H5-VS2-21.12.2024,2,10,,322.73019,5034.0,279.59999,43.1302,1
U317-H5-VS2-GGA20- Zn(II) 10-Cr(VI) 15-Ni(II) 10 mg-L-23122024-Q=50.38 mL-min-5,U317-H5-VS2-21.12.2024,2,11,,318.79259,5508.0,277.3,41.49259,1
U317-H5-VS2-GGA20- Zn(II) 10-Cr(VI) 15-Ni(II) 10 mg-L-23122024-Q=50.38 mL-min-5,U317-H5-VS2-21.12.2024,2,12,,317.96607,5981.0,277.79999,40.16608,1
U317-H5-VS2-GGA20- Zn(II) 10-Cr(VI) 15-Ni(II) 10 mg-L-23122024-Q=50.38 mL-min-5,U317-H5-VS2-21.12.2024,2,13,,313.28049,6454.0,274.4,38.88049,2
U317-H5-VS2-GGA20- Zn(II) 10-Cr(VI) 15-Ni(II) 10 mg-L-23122024-Q=50.38 mL-min-5,U317-H5-VS2-21.12.2024,2,14,,315.3369,6927.0,276.30001,39.03689,2
U318-H6-VS2-GGA10- Zn(II) 5-Cr(VI) 5-Ni(II) 15 mg-L-23122024-Q=50.38 mL-min-5,U318-H6-VS2-21.12.2024,0,0,GGA10,317.18056,301.0,281.89999,35.28057,0
U318-H6-VS2-GGA10- Zn(II) 5-Cr(VI) 5-Ni(II) 15 mg-L-23122024-Q=50.38 mL-min-5,U318-H6-VS2-21.12.2024,0,1,,315.34583,774.0,283.30001,32.04582,0
U318-H6-VS2-GGA10- Zn(II) 5-Cr(VI) 5-Ni(II) 15 mg-L-23122024-Q=50.38 mL-min-5,U318-H6-VS2-21.12.2024,0,2,,311.92361,1247.0,279.19999,32.72362,0
U318-H6-VS2-GGA10- Zn(II) 5-Cr(VI) 5-Ni(II) 15 mg-L-23122024-Q=50.38 mL-min-5,U318-H6-VS2-21.12.2024,0,3,,309.70694,1720.0,278.49999,31.20695,0
U318-H6-VS2-GGA10- Zn(II) 5-Cr(VI) 5-Ni(II) 15 mg-L-23122024-Q=50.38 mL-min-5,U318-H6-VS2-21.12.2024,0,4,,307.19167,2194.0,275.40001,31.79166,0
U318-H6-VS2-GGA10- Zn(II) 5-Cr(VI) 5-Ni(II) 15 mg-L-23122024-Q=50.38 mL-min-5,U318-H6-VS2-21.12.2024,0,5,,320.50232,2667.0,287.9,32.60232,0
U318-H6-VS2-GGA10- Zn(II) 5-Cr(VI) 5-Ni(II) 15 mg-L-23122024-Q=50.38 mL-min-5,U318-H6-VS2-21.12.2024,0,6,GGA10-Zn5-Cr5-Ni15,326.22353,3144.0,293.00001,33.22352,1
U318-H6-VS2-GGA10- Zn(II) 5-Cr(VI) 5-Ni(II) 15 mg-L-23122024-Q=50.38 mL-min-5,U318-H6-VS2-21.12.2024,0,7,,324.56269,3616.0,297.6,26.96269,1
U318-H6-VS2-GGA10- Zn(II) 5-Cr(VI) 5-Ni(II) 15 mg-L-23122024-Q=50.38 mL-min-5,U318-H6-VS2-21.12.2024,0,8,,321.4194,4089.0,299.80001,21.61939,1
U318-H6-VS2-GGA10- Zn(II) 5-Cr(VI) 5-Ni(II) 15 mg-L-23122024-Q=50.38 mL-min-5,U318-H6-VS2-21.12.2024,0,9,,319.90448,4560.0,299.10001,20.80447,1
U318-H6-VS2-GGA10- Zn(II) 5-Cr(VI) 5-Ni(II) 15 mg-L-23122024-Q=50.38 mL-min-5,U318-H6-VS2-21.12.2024,0,10,,319.43731,5035.0,299.49999,19.93732,2
U318-H6-VS2-GGA10- Zn(II) 5-Cr(VI) 5-Ni(II) 15 mg-L-23122024-Q=50.38 mL-min-5,U318-H6-VS2-21.12.2024,0,11,,323.4853,5507.0,303.99999,19.48531,2
U318-H6-VS2-GGA15- Zn(II) 5-Cr(VI) 15-Ni(II) 15 mg-L-23122024-Q=50.48 mL-min-1,U318-H6-VS2-21.12.2024,1,0,GGA15,316.24925,301.0,292.10001,24.14924,0
U318-H6-VS2-GGA15- Zn(II) 5-Cr(VI) 15-Ni(II) 15 mg-L-23122024-Q=50.48 mL-min-1,U318-H6-VS2-21.12.2024,1,1,,315.13582,776.0,290.69999,24.43583,0
U318-H6-VS2-GGA15- Zn(II) 5-Cr(VI) 15-Ni(II) 15 mg-L-23122024-Q=50.48 mL-min-1,U318-H6-VS2-21.12.2024,1,2,,317.63731,1247.0,291.70001,25.9373,0
U318-H6-VS2-GGA15- Zn(II) 5-Cr(VI) 15-Ni(II) 15 mg-L-23122024-Q=50.48 mL-min-1,U318-H6-VS2-21.12.2024,1,3,,320.17206,1723.0,296.79999,23.37207,0
U318-H6-VS2-GGA15- Zn(II) 5-Cr(VI) 15-Ni(II) 15 mg-L-23122024-Q=50.48 mL-min-1,U318-H6-VS2-21.12.2024,1,4,,317.86567,2198.0,293.00001,24.86566,0
U318-H6-VS2-GGA15- Zn(II) 5-Cr(VI) 15-Ni(II) 15 mg-L-23122024-Q=50.48 mL-min-1,U318-H6-VS2-21.12.2024,1,5,GGA15-Zn5-Cr15-Ni15,317.3403,2669.0,293.1,24.2403,1
U318-H6-VS2-GGA15- Zn(II) 5-Cr(VI) 15-Ni(II) 15 mg-L-23122024-Q=50.48 mL-min-1,U318-H6-VS2-21.12.2024,1,6,,315.67911,3141.0,289.79999,25.87912,1
U318-H6-VS2-GGA15- Zn(II) 5-Cr(VI) 15-Ni(II) 15 mg-L-23122024-Q=50.48 mL-min-1,U318-H6-VS2-21.12.2024,1,7,,315.22647,3613.0,293.1,22.12647,1
U318-H6-VS2-GGA15- Zn(II) 5-Cr(VI) 15-Ni(II) 15 mg-L-23122024-Q=50.48 mL-min-1,U318-H6-VS2-21.12.2024,1,8,,314.07794,4087.0,294.0,20.07794,1
U318-H6-VS2-GGA15- Zn(II) 5-Cr(VI) 15-Ni(II) 15 mg-L-23122024-Q=50.48 mL-min-1,U318-H6-VS2-21.12.2024,1,9,,317.62609,4560.0,297.69999,19.9261,2
U318-H6-VS2-GGA15- Zn(II) 5-Cr(VI) 15-Ni(II) 15 mg-L-23122024-Q=50.48 mL-min-1,U318-H6-VS2-21.12.2024,1,10,,318.20147,5031.0,297.4,20.80147,2
U318-H6-VS2-GGA15- Zn(II) 5-Cr(VI) 15-Ni(II) 15 mg-L-23122024-Q=50.48 mL-min-1,U318-H6-VS2-21.12.2024,1,11,,315.68209,5502.0,297.10001,18.58208,2
U318-H6-VS2-GGA20- Zn(II) 10-Cr(VI) 15-Ni(II) 15 mg-L-23122024-Q=50.22 mL-min-5,U318-H6-VS2-21.12.2024,2,0,GGA20,318.49104,301.0,293.39999,25.09105,0
U318-H6-VS2-GGA20- Zn(II) 10-Cr(VI) 15-Ni(II) 15 mg-L-23122024-Q=50.22 mL-min-5,U318-H6-VS2-21.12.2024,2,1,,318.23134,773.0,294.0,24.23134,0
U318-H6-VS2-GGA20- Zn(II) 10-Cr(VI) 15-Ni(II) 15 mg-L-23122024-Q=50.22 mL-min-5,U318-H6-VS2-21.12.2024,2,2,,316.79565,1248.0,294.7,22.09565,0
U318-H6-VS2-GGA20- Zn(II) 10-Cr(VI) 15-Ni(II) 15 mg-L-23122024-Q=50.22 mL-min-5,U318-H6-VS2-21.12.2024,2,3,,314.82687,1724.0,290.49999,24.32688,0
U318-H6-VS2-GGA20- Zn(II) 10-Cr(VI) 15-Ni(II) 15 mg-L-23122024-Q=50.22 mL-min-5,U318-H6-VS2-21.12.2024,2,4,,315.26716,2195.0,289.29999,25.96717,0
U318-H6-VS2-GGA20- Zn(II) 10-Cr(VI) 15-Ni(II) 15 mg-L-23122024-Q=50.22 mL-min-5,U318-H6-VS2-21.12.2024,2,5,,314.06716,2671.0,290.2,23.86716,0
U318-H6-VS2-GGA20- Zn(II) 10-Cr(VI) 15-Ni(II) 15 mg-L-23122024-Q=50.22 mL-min-5,U318-H6-VS2-21.12.2024,2,6,GGA20-Zn10-Cr15-Ni15,317.10588,3144.0,291.5,25.60588,1
U318-H6-VS2-GGA20- Zn(II) 10-Cr(VI) 15-Ni(II) 15 mg-L-23122024-Q=50.22 mL-min-5,U318-H6-VS2-21.12.2024,2,7,,315.97941,3614.0,291.3,24.67941,1
U318-H6-VS2-GGA20- Zn(II) 10-Cr(VI) 15-Ni(II) 15 mg-L-23122024-Q=50.22 mL-min-5,U318-H6-VS2-21.12.2024,2,8,,313.77857,4088.0,289.5,24.27857,1
U318-H6-VS2-GGA20- Zn(II) 10-Cr(VI) 15-Ni(II) 15 mg-L-23122024-Q=50.22 mL-min-5,U318-H6-VS2-21.12.2024,2,9,,313.50746,4559.0,290.2,23.30746,1
U318-H6-VS2-GGA20- Zn(II) 10-Cr(VI) 15-Ni(II) 15 mg-L-23122024-Q=50.22 mL-min-5,U318-H6-VS2-21.12.2024,2,10,,319.53088,5035.0,298.59999,20.93089,1
U318-H6-VS2-GGA20- Zn(II) 10-Cr(VI) 15-Ni(II) 15 mg-L-23122024-Q=50.22 mL-min-5,U318-H6-VS2-21.12.2024,2,11,,322.91045,5510.0,300.70001,22.21044,1
U318-H6-VS2-GGA20- Zn(II) 10-Cr(VI) 15-Ni(II) 15 mg-L-23122024-Q=50.22 mL-min-5,U318-H6-VS2-21.12.2024,2,12,,321.95224,5982.0,300.19999,21.75225,1
U318-H6-VS2-GGA20- Zn(II) 10-Cr(VI) 15-Ni(II) 15 mg-L-23122024-Q=50.22 mL-min-5,U318-H6-VS2-21.12.2024,2,13,,319.99265,6455.0,297.8,22.19265,1
U318-H6-VS2-GGA20- Zn(II) 10-Cr(VI) 15-Ni(II) 15 mg-L-23122024-Q=50.22 mL-min-5,U318-H6-VS2-21.12.2024,2,14,,315.32754,6929.0,294.99999,20.32755,1
U318-H6-VS2-GGA20- Zn(II) 10-Cr(VI) 15-Ni(II) 15 mg-L-23122024-Q=50.22 mL-min-5,U318-H6-VS2-21.12.2024,2,15,,306.84118,7403.0,289.9,16.94118,2
U318-H6-VS2-GGA20- Zn(II) 10-Cr(VI) 15-Ni(II) 15 mg-L-23122024-Q=50.22 mL-min-5,U318-H6-VS2-21.12.2024,2,16,,310.26508,7877.0,294.0,16.26508,2
U319-H5-VS2-GGA5- Zn(II) 5-Cr(VI) 5-Ni(II) 10 mg-L-24122024-Q=50.28 mL-min-6,U319-H5-VS2-22.12.2024,0,0,GGA5,322.70541,301.0,257.40001,65.3054,0
U319-H5-VS2-GGA5- Zn(II) 5-Cr(VI) 5-Ni(II) 10 mg-L-24122024-Q=50.28 mL-min-6,U319-H5-VS2-22.12.2024,0,1,,321.05416,773.0,252.09999,68.95417,0
U319-H5-VS2-GGA5- Zn(II) 5-Cr(VI) 5-Ni(II) 10 mg-L-24122024-Q=50.28 mL-min-6,U319-H5-VS2-22.12.2024,0,2,,318.54167,1246.0,250.29999,68.24168,0
U319-H5-VS2-GGA5- Zn(II) 5-Cr(VI) 5-Ni(II) 10 mg-L-24122024-Q=50.28 mL-min-6,U319-H5-VS2-22.12.2024,0,3,,316.96944,1719.0,250.60001,66.36943,0
U319-H5-VS2-GGA5- Zn(II) 5-Cr(VI) 5-Ni(II) 10 mg-L-24122024-Q=50.28 mL-min-6,U319-H5-VS2-22.12.2024,0,4,,314.9875,2193.0,245.0,69.9875,0
U319-H5-VS2-GGA5- Zn(II) 5-Cr(VI) 5-Ni(II) 10 mg-L-24122024-Q=50.28 mL-min-6,U319-H5-VS2-22.12.2024,0,5,GGA5-Zn5-Cr5-Ni10,320.05814,2666.0,260.6,59.45814,1
U319-H5-VS2-GGA5- Zn(II) 5-Cr(VI) 5-Ni(II) 10 mg-L-24122024-Q=50.28 mL-min-6,U319-H5-VS2-22.12.2024,0,6,,332.66512,3138.0,291.79999,40.86513,1
U319-H5-VS2-GGA5- Zn(II) 5-Cr(VI) 5-Ni(II) 10 mg-L-24122024-Q=50.28 mL-min-6,U319-H5-VS2-22.12.2024,0,7,,340.63256,3612.0,298.5,42.13256,1
U319-H5-VS2-GGA5- Zn(II) 5-Cr(VI) 5-Ni(II) 10 mg-L-24122024-Q=50.28 mL-min-6,U319-H5-VS2-22.12.2024,0,8,,336.13953,4086.0,298.7,37.43953,2
U319-H5-VS2-GGA5- Zn(II) 5-Cr(VI) 5-Ni(II) 10 mg-L-24122024-Q=50.28 mL-min-6,U319-H5-VS2-22.12.2024,0,9,,333.2,4559.0,298.09999,35.10001,2
U319-H5-VS2-GGA5- Zn(II) 5-Cr(VI) 5-Ni(II) 10 mg-L-24122024-Q=50.28 mL-min-6,U319-H5-VS2-22.12.2024,0,10,,333.12667,5032.0,295.30001,37.82666,2
U319-H5-VS2-GGA15- Zn(II) 5-Cr(VI) 15-Ni(II) 15 mg-L-24122024-Q=50.04 mL-min-5,U319-H5-VS2-22.12.2024,1,0,GGA10,324.14546,301.0,274.4,49.74546,0
U319-H5-VS2-GGA15- Zn(II) 5-Cr(VI) 15-Ni(II) 15 mg-L-24122024-Q=50.04 mL-min-5,U319-H5-VS2-22.12.2024,1,1,,322.54186,774.0,273.40001,49.14185,0
U319-H5-VS2-GGA15- Zn(II) 5-Cr(VI) 15-Ni(II) 15 mg-L-24122024-Q=50.04 mL-min-5,U319-H5-VS2-22.12.2024,1,2,,321.63953,1249.0,270.90001,50.73952,0
U319-H5-VS2-GGA15- Zn(II) 5-Cr(VI) 15-Ni(II) 15 mg-L-24122024-Q=50.04 mL-min-5,U319-H5-VS2-22.12.2024,1,3,,322.33488,1722.0,270.20001,52.13487,0
U319-H5-VS2-GGA15- Zn(II) 5-Cr(VI) 15-Ni(II) 15 mg-L-24122024-Q=50.04 mL-min-5,U319-H5-VS2-22.12.2024,1,4,,322.37907,2195.0,270.5,51.87907,0
U319-H5-VS2-GGA15- Zn(II) 5-Cr(VI) 15-Ni(II) 15 mg-L-24122024-Q=50.04 mL-min-5,U319-H5-VS2-22.12.2024,1,5,,321.88139,2669.0,272.3,49.58139,0
U319-H5-VS2-GGA15- Zn(II) 5-Cr(VI) 15-Ni(II) 15 mg-L-24122024-Q=50.04 mL-min-5,U319-H5-VS2-22.12.2024,1,6,GGA10-Zn15-Cr10-Ni10,327.33488,3148.0,281.4,45.93488,1
U319-H5-VS2-GGA15- Zn(II) 5-Cr(VI) 15-Ni(II) 15 mg-L-24122024-Q=50.04 mL-min-5,U319-H5-VS2-22.12.2024,1,7,,325.06977,3620.0,284.39999,40.66978,1
U319-H5-VS2-GGA15- Zn(II) 5-Cr(VI) 15-Ni(II) 15 mg-L-24122024-Q=50.04 mL-min-5,U319-H5-VS2-22.12.2024,1,8,,323.41555,4095.0,283.30001,40.11554,1
U319-H5-VS2-GGA15- Zn(II) 5-Cr(VI) 15-Ni(II) 15 mg-L-24122024-Q=50.04 mL-min-5,U319-H5-VS2-22.12.2024,1,9,,322.92245,4568.0,281.30001,41.62244,1
U319-H5-VS2-GGA15- Zn(II) 5-Cr(VI) 15-Ni(II) 15 mg-L-24122024-Q=50.04 mL-min-5,U319-H5-VS2-22.12.2024,1,10,,323.974,5043.0,284.70001,39.27399,2
U319-H5-VS2-GGA15- Zn(II) 5-Cr(VI) 15-Ni(II) 15 mg-L-24122024-Q=50.04 mL-min-5,U319-H5-VS2-22.12.2024,1,11,,324.268,5516.0,281.8,42.468,2
U319-H5-VS2-GGA15- Zn(II) 5-Cr(VI) 15-Ni(II) 15 mg-L-24122024-Q=50.04 mL-min-5,U319-H5-VS2-22.12.2024,1,12,,324.10816,5989.0,285.69999,38.40817,2
U320-H6-VS2-GGA5- Zn(II) 5-Cr(VI) 5-Ni(II) 15 mg-L-24122024-Q=50.8 mL-min-2,U320-H6-VS2-22.12.2024,0,0,GGA5,312.38182,301.0,263.70001,48.68181,0
U320-H6-VS2-GGA5- Zn(II) 5-Cr(VI) 5-Ni(II) 15 mg-L-24122024-Q=50.8 mL-min-2,U320-H6-VS2-22.12.2024,0,1,,309.29535,774.0,259.99999,49.29536,0
U320-H6-VS2-GGA5- Zn(II) 5-Cr(VI) 5-Ni(II) 15 mg-L-24122024-Q=50.8 mL-min-2,U320-H6-VS2-22.12.2024,0,2,,308.70465,1249.0,262.2,46.50465,0
U320-H6-VS2-GGA5- Zn(II) 5-Cr(VI) 5-Ni(II) 15 mg-L-24122024-Q=50.8 mL-min-2,U320-H6-VS2-22.12.2024,0,3,,307.82326,1721.0,259.99999,47.82327,0
U320-H6-VS2-GGA5- Zn(II) 5-Cr(VI) 5-Ni(II) 15 mg-L-24122024-Q=50.8 mL-min-2,U320-H6-VS2-22.12.2024,0,4,,307.39767,2195.0,259.29999,48.09768,0
U320-H6-VS2-GGA5- Zn(II) 5-Cr(VI) 5-Ni(II) 15 mg-L-24122024-Q=50.8 mL-min-2,U320-H6-VS2-22.12.2024,0,5,GGA5-Zn5-Cr5-Ni15,315.59767,2669.0,273.20001,42.39766,1
U320-H6-VS2-GGA5- Zn(II) 5-Cr(VI) 5-Ni(II) 15 mg-L-24122024-Q=50.8 mL-min-2,U320-H6-VS2-22.12.2024,0,6,,330.15117,3142.0,294.7,35.45117,1
U320-H6-VS2-GGA5- Zn(II) 5-Cr(VI) 5-Ni(II) 15 mg-L-24122024-Q=50.8 mL-min-2,U320-H6-VS2-22.12.2024,0,7,,334.4403,3617.0,302.30001,32.14029,1
U320-H6-VS2-GGA5- Zn(II) 5-Cr(VI) 5-Ni(II) 15 mg-L-24122024-Q=50.8 mL-min-2,U320-H6-VS2-22.12.2024,0,8,,331.60588,4090.0,301.40001,30.20587,2
U320-H6-VS2-GGA5- Zn(II) 5-Cr(VI) 5-Ni(II) 15 mg-L-24122024-Q=50.8 mL-min-2,U320-H6-VS2-22.12.2024,0,9,,328.98382,4563.0,299.2,29.78382,2
U320-H6-VS2-GGA5- Zn(II) 5-Cr(VI) 5-Ni(II) 15 mg-L-24122024-Q=50.8 mL-min-2,U320-H6-VS2-22.12.2024,0,10,,329.65073,5035.0,299.29999,30.35074,2
U320-H6-VS2-GGA10- Zn(II) 15-Cr(VI) 10-Ni(II) 10 mg-L-24122024-Q=50.42 mL-min-1,U320-H6-VS2-22.12.2024,1,0,GGA10,326.85,301.0,274.6,52.25,0
U320-H6-VS2-GGA10- Zn(II) 15-Cr(VI) 10-Ni(II) 10 mg-L-24122024-Q=50.42 mL-min-1,U320-H6-VS2-22.12.2024,1,1,,324.49552,774.0,270.79999,53.69553,0
U320-H6-VS2-GGA10- Zn(II) 15-Cr(VI) 10-Ni(II) 10 mg-L-24122024-Q=50.42 mL-min-1,U320-H6-VS2-22.12.2024,1,2,,326.84857,1247.0,269.30001,57.54856,0
U320-H6-VS2-GGA10- Zn(II) 15-Cr(VI) 10-Ni(II) 10 mg-L-24122024-Q=50.42 mL-min-1,U320-H6-VS2-22.12.2024,1,3,,326.79253,1722.0,268.3,58.49253,0
U320-H6-VS2-GGA10- Zn(II) 15-Cr(VI) 10-Ni(II) 10 mg-L-24122024-Q=50.42 mL-min-1,U320-H6-VS2-22.12.2024,1,4,,327.71492,2195.0,270.20001,57.51491,0
U320-H6-VS2-GGA10- Zn(II) 15-Cr(VI) 10-Ni(II) 10 mg-L-24122024-Q=50.42 mL-min-1,U320-H6-VS2-22.12.2024,1,5,,327.51912,2668.0,268.00001,59.51911,0
U320-H6-VS2-GGA10- Zn(II) 15-Cr(VI) 10-Ni(II) 10 mg-L-24122024-Q=50.42 mL-min-1,U320-H6-VS2-22.12.2024,1,6,GGA10-Zn15-Cr10-Ni10,322.75323,3147.0,272.50001,50.25322,1
U320-H6-VS2-GGA10- Zn(II) 15-Cr(VI) 10-Ni(II) 10 mg-L-24122024-Q=50.42 mL-min-1,U320-H6-VS2-22.12.2024,1,7,,325.96557,3623.0,275.99999,49.96558,1
U320-H6-VS2-GGA10- Zn(II) 15-Cr(VI) 10-Ni(II) 10 mg-L-24122024-Q=50.42 mL-min-1,U320-H6-VS2-22.12.2024,1,8,,327.58361,4094.0,280.0,47.58361,1
U320-H6-VS2-GGA10- Zn(II) 15-Cr(VI) 10-Ni(II) 10 mg-L-24122024-Q=50.42 mL-min-1,U320-H6-VS2-22.12.2024,1,9,,327.15238,4568.0,280.9,46.25238,1
U320-H6-VS2-GGA10- Zn(II) 15-Cr(VI) 10-Ni(II) 10 mg-L-24122024-Q=50.42 mL-min-1,U320-H6-VS2-22.12.2024,1,10,,325.95082,5041.0,278.4,47.55082,1
U320-H6-VS2-GGA10- Zn(II) 15-Cr(VI) 10-Ni(II) 10 mg-L-24122024-Q=50.42 mL-min-1,U320-H6-VS2-22.12.2024,1,11,,326.25082,5515.0,279.00001,47.25081,1
U320-H6-VS2-GGA10- Zn(II) 15-Cr(VI) 10-Ni(II) 10 mg-L-24122024-Q=50.42 mL-min-1,U320-H6-VS2-22.12.2024,1,12,,328.42623,5989.0,279.50001,48.92622,1
U320-H6-VS2-GGA10- Zn(II) 15-Cr(VI) 10-Ni(II) 10 mg-L-24122024-Q=50.42 mL-min-1,U320-H6-VS2-22.12.2024,1,13,,327.3,6462.0,282.40001,44.89999,2
U320-H6-VS2-GGA10- Zn(II) 15-Cr(VI) 10-Ni(II) 10 mg-L-24122024-Q=50.42 mL-min-1,U320-H6-VS2-22.12.2024,1,14,,326.68594,6934.0,280.80001,45.88593,2
U321-H5-VS2-GGA5- Zn(II) 15-Cr(VI) 5-Ni(II) 15 mg-L-26122024-Q=50.28 mL-min-1,U321-H5-VS2-24.12.2024,0,0,GGA5,319.36479,301.0,239.2,80.16479,0
U321-H5-VS2-GGA5- Zn(II) 15-Cr(VI) 5-Ni(II) 15 mg-L-26122024-Q=50.28 mL-min-1,U321-H5-VS2-24.12.2024,0,1,,317.23889,775.0,234.9,82.33889,0
U321-H5-VS2-GGA5- Zn(II) 15-Cr(VI) 5-Ni(II) 15 mg-L-26122024-Q=50.28 mL-min-1,U321-H5-VS2-24.12.2024,0,2,,315.05,1249.0,244.5,70.55,0
U321-H5-VS2-GGA5- Zn(II) 15-Cr(VI) 5-Ni(II) 15 mg-L-26122024-Q=50.28 mL-min-1,U321-H5-VS2-24.12.2024,0,3,,314.17568,1722.0,241.60001,72.57567,0
U321-H5-VS2-GGA5- Zn(II) 15-Cr(VI) 5-Ni(II) 15 mg-L-26122024-Q=50.28 mL-min-1,U321-H5-VS2-24.12.2024,0,4,,312.29028,2196.0,238.3,73.99028,0
U321-H5-VS2-GGA5- Zn(II) 15-Cr(VI) 5-Ni(II) 15 mg-L-26122024-Q=50.28 mL-min-1,U321-H5-VS2-24.12.2024,0,5,,309.09861,2669.0,233.5,75.59861,0
U321-H5-VS2-GGA5- Zn(II) 15-Cr(VI) 5-Ni(II) 15 mg-L-26122024-Q=50.28 mL-min-1,U321-H5-VS2-24.12.2024,0,6,GGA5-Zn15-Cr5-Ni15,315.17347,3142.0,267.89999,47.27348,1
U321-H5-VS2-GGA5- Zn(II) 15-Cr(VI) 5-Ni(II) 15 mg-L-26122024-Q=50.28 mL-min-1,U321-H5-VS2-24.12.2024,0,7,,324.97551,3616.0,282.40001,42.5755,1
U321-H5-VS2-GGA5- Zn(II) 15-Cr(VI) 5-Ni(II) 15 mg-L-26122024-Q=50.28 mL-min-1,U321-H5-VS2-24.12.2024,0,8,,331.20656,4089.0,292.10001,39.10655,1
U321-H5-VS2-GGA5- Zn(II) 15-Cr(VI) 5-Ni(II) 15 mg-L-26122024-Q=50.28 mL-min-1,U321-H5-VS2-24.12.2024,0,9,,336.5377,4564.0,298.90001,37.63769,1
U321-H5-VS2-GGA5- Zn(II) 15-Cr(VI) 5-Ni(II) 15 mg-L-26122024-Q=50.28 mL-min-1,U321-H5-VS2-24.12.2024,0,10,,332.33934,5036.0,297.50001,34.83933,1
U321-H5-VS2-GGA5- Zn(II) 15-Cr(VI) 5-Ni(II) 15 mg-L-26122024-Q=50.28 mL-min-1,U321-H5-VS2-24.12.2024,0,11,,328.54167,5510.0,295.30001,33.24166,1
U321-H5-VS2-GGA5- Zn(II) 15-Cr(VI) 5-Ni(II) 15 mg-L-26122024-Q=50.28 mL-min-1,U321-H5-VS2-24.12.2024,0,12,,331.095,5986.0,301.40001,29.69499,2
U321-H5-VS2-GGA5- Zn(II) 15-Cr(VI) 5-Ni(II) 15 mg-L-26122024-Q=50.28 mL-min-1,U321-H5-VS2-24.12.2024,0,13,,333.44921,6458.0,305.20001,28.2492,2
U321-H5-VS2-GGA10- Zn(II) 10-Cr(VI) 15-Ni(II) 5 mg-L-26122024-Q=50.04 mL-min-1,U321-H5-VS2-24.12.2024,1,0,GGA10,331.88525,301.0,291.39999,40.48526,0
U321-H5-VS2-GGA10- Zn(II) 10-Cr(VI) 15-Ni(II) 5 mg-L-26122024-Q=50.04 mL-min-1,U321-H5-VS2-24.12.2024,1,1,,328.37167,774.0,286.59999,41.77168,0
U321-H5-VS2-GGA10- Zn(II) 10-Cr(VI) 15-Ni(II) 5 mg-L-26122024-Q=50.04 mL-min-1,U321-H5-VS2-24.12.2024,1,2,,325.82295,1248.0,281.6,44.22295,0
U321-H5-VS2-GGA10- Zn(II) 10-Cr(VI) 15-Ni(II) 5 mg-L-26122024-Q=50.04 mL-min-1,U321-H5-VS2-24.12.2024,1,3,,323.88667,1723.0,283.4,40.48667,0
U321-H5-VS2-GGA10- Zn(II) 10-Cr(VI) 15-Ni(II) 5 mg-L-26122024-Q=50.04 mL-min-1,U321-H5-VS2-24.12.2024,1,4,,323.13,2194.0,283.69999,39.43001,0
U321-H5-VS2-GGA10- Zn(II) 10-Cr(VI) 15-Ni(II) 5 mg-L-26122024-Q=50.04 mL-min-1,U321-H5-VS2-24.12.2024,1,5,,322.65238,2667.0,280.9,41.75238,0
U321-H5-VS2-GGA10- Zn(II) 10-Cr(VI) 15-Ni(II) 5 mg-L-26122024-Q=50.04 mL-min-1,U321-H5-VS2-24.12.2024,1,6,,329.07,3140.0,290.2,38.87,0
U321-H5-VS2-GGA10- Zn(II) 10-Cr(VI) 15-Ni(II) 5 mg-L-26122024-Q=50.04 mL-min-1,U321-H5-VS2-24.12.2024,1,7,GGA10-Zn10-Cr15-Ni5,332.09,3616.0,292.29999,39.79001,1
U321-H5-VS2-GGA10- Zn(II) 10-Cr(VI) 15-Ni(II) 5 mg-L-26122024-Q=50.04 mL-min-1,U321-H5-VS2-24.12.2024,1,8,,326.0623,4090.0,294.99999,31.06231,1
U321-H5-VS2-GGA10- Zn(II) 10-Cr(VI) 15-Ni(II) 5 mg-L-26122024-Q=50.04 mL-min-1,U321-H5-VS2-24.12.2024,1,9,,321.57333,4563.0,289.5,32.07333,1
U321-H5-VS2-GGA10- Zn(II) 10-Cr(VI) 15-Ni(II) 5 mg-L-26122024-Q=50.04 mL-min-1,U321-H5-VS2-24.12.2024,1,10,,325.57705,5036.0,296.20001,29.37704,1
U321-H5-VS2-GGA10- Zn(II) 10-Cr(VI) 15-Ni(II) 5 mg-L-26122024-Q=50.04 mL-min-1,U321-H5-VS2-24.12.2024,1,11,,328.80328,5510.0,299.49999,29.30329,1
U321-H5-VS2-GGA10- Zn(II) 10-Cr(VI) 15-Ni(II) 5 mg-L-26122024-Q=50.04 mL-min-1,U321-H5-VS2-24.12.2024,1,12,,323.31667,5981.0,298.3,25.01667,2
U321-H5-VS2-GGA10- Zn(II) 10-Cr(VI) 15-Ni(II) 5 mg-L-26122024-Q=50.04 mL-min-1,U321-H5-VS2-24.12.2024,1,13,,320.11833,6456.0,293.39999,26.71834,2
U321-H5-VS2-GGA10- Zn(II) 10-Cr(VI) 15-Ni(II) 5 mg-L-26122024-Q=50.04 mL-min-1,U321-H5-VS2-24.12.2024,1,14,,323.055,6927.0,295.50001,27.55499,2
U321-H5-VS2-GGA10- Zn(II) 15-Cr(VI) 15-Ni(II) 10 mg-L-26122024-Q=50.28 mL-min-1,U321-H5-VS2-24.12.2024,2,0,GGA10,328.26875,301.0,288.89999,39.36876,0
U321-H5-VS2-GGA10- Zn(II) 15-Cr(VI) 15-Ni(II) 10 mg-L-26122024-Q=50.28 mL-min-1,U321-H5-VS2-24.12.2024,2,1,,325.25313,771.0,287.40001,37.85312,0
U321-H5-VS2-GGA10- Zn(II) 15-Cr(VI) 15-Ni(II) 10 mg-L-26122024-Q=50.28 mL-min-1,U321-H5-VS2-24.12.2024,2,2,,323.91429,1246.0,283.4,40.51429,0
U321-H5-VS2-GGA10- Zn(II) 15-Cr(VI) 15-Ni(II) 10 mg-L-26122024-Q=50.28 mL-min-1,U321-H5-VS2-24.12.2024,2,3,,321.69062,1718.0,283.30001,38.39061,0
U321-H5-VS2-GGA10- Zn(II) 15-Cr(VI) 15-Ni(II) 10 mg-L-26122024-Q=50.28 mL-min-1,U321-H5-VS2-24.12.2024,2,4,,319.95313,2193.0,279.70001,40.25312,0
U321-H5-VS2-GGA10- Zn(II) 15-Cr(VI) 15-Ni(II) 10 mg-L-26122024-Q=50.28 mL-min-1,U321-H5-VS2-24.12.2024,2,5,GGA10-Zn15-Cr15-Ni10,327.02344,2665.0,293.90001,33.12343,1
U321-H5-VS2-GGA10- Zn(II) 15-Cr(VI) 15-Ni(II) 10 mg-L-26122024-Q=50.28 mL-min-1,U321-H5-VS2-24.12.2024,2,6,,328.19524,3136.0,294.80001,33.39523,1
U321-H5-VS2-GGA10- Zn(II) 15-Cr(VI) 15-Ni(II) 10 mg-L-26122024-Q=50.28 mL-min-1,U321-H5-VS2-24.12.2024,2,7,,325.14375,3611.0,295.39999,29.74376,1
U321-H5-VS2-GGA10- Zn(II) 15-Cr(VI) 15-Ni(II) 10 mg-L-26122024-Q=50.28 mL-min-1,U321-H5-VS2-24.12.2024,2,8,,322.91562,4084.0,293.8,29.11562,1
U321-H5-VS2-GGA10- Zn(II) 15-Cr(VI) 15-Ni(II) 10 mg-L-26122024-Q=50.28 mL-min-1,U321-H5-VS2-24.12.2024,2,9,,329.43594,4559.0,299.9,29.53594,1
U321-H5-VS2-GGA10- Zn(II) 15-Cr(VI) 15-Ni(II) 10 mg-L-26122024-Q=50.28 mL-min-1,U321-H5-VS2-24.12.2024,2,10,,329.15313,5031.0,298.5,30.65313,1
U321-H5-VS2-GGA10- Zn(II) 15-Cr(VI) 15-Ni(II) 10 mg-L-26122024-Q=50.28 mL-min-1,U321-H5-VS2-24.12.2024,2,11,,327.82121,5504.0,300.00001,27.8212,1
U321-H5-VS2-GGA10- Zn(II) 15-Cr(VI) 15-Ni(II) 10 mg-L-26122024-Q=50.28 mL-min-1,U321-H5-VS2-24.12.2024,2,12,,324.03921,5979.0,294.2,29.83921,1
U321-H5-VS2-GGA10- Zn(II) 15-Cr(VI) 15-Ni(II) 10 mg-L-26122024-Q=50.28 mL-min-1,U321-H5-VS2-24.12.2024,2,13,,321.37255,6451.0,295.30001,26.07254,2
U321-H5-VS2-GGA10- Zn(II) 15-Cr(VI) 15-Ni(II) 10 mg-L-26122024-Q=50.28 mL-min-1,U321-H5-VS2-24.12.2024,2,14,,314.77059,6923.0,289.09999,25.6706,2
U322-H6-VS2-GGA5- Zn(II) 15-Cr(VI) 5-Ni(II) 10 mg-L-26122024-Q=50.32 mL-min-1,U322-H6-VS2-24.12.2024,0,0,GGA5,309.78852,301.0,223.6,86.18852,0
U322-H6-VS2-GGA5- Zn(II) 15-Cr(VI) 5-Ni(II) 10 mg-L-26122024-Q=50.32 mL-min-1,U322-H6-VS2-24.12.2024,0,1,,308.63166,775.0,223.3,85.33166,0
U322-H6-VS2-GGA5- Zn(II) 15-Cr(VI) 5-Ni(II) 10 mg-L-26122024-Q=50.32 mL-min-1,U322-H6-VS2-24.12.2024,0,2,,306.42,1249.0,219.0,87.42,0
U322-H6-VS2-GGA5- Zn(II) 15-Cr(VI) 5-Ni(II) 10 mg-L-26122024-Q=50.32 mL-min-1,U322-H6-VS2-24.12.2024,0,3,,305.12131,1722.0,223.19999,81.92132,0
U322-H6-VS2-GGA5- Zn(II) 15-Cr(VI) 5-Ni(II) 10 mg-L-26122024-Q=50.32 mL-min-1,U322-H6-VS2-24.12.2024,0,4,,302.09355,2195.0,218.4,83.69355,0
U322-H6-VS2-GGA5- Zn(II) 15-Cr(VI) 5-Ni(II) 10 mg-L-26122024-Q=50.32 mL-min-1,U322-H6-VS2-24.12.2024,0,5,,302.635,2669.0,219.2,83.435,0
U322-H6-VS2-GGA5- Zn(II) 15-Cr(VI) 5-Ni(II) 10 mg-L-26122024-Q=50.32 mL-min-1,U322-H6-VS2-24.12.2024,0,6,,301.76167,3143.0,217.4,84.36167,0
U322-H6-VS2-GGA5- Zn(II) 15-Cr(VI) 5-Ni(II) 10 mg-L-26122024-Q=50.32 mL-min-1,U322-H6-VS2-24.12.2024,0,7,GGA5-Zn15-Cr5-Ni10,312.13607,3616.0,249.2,62.93607,1
U322-H6-VS2-GGA5- Zn(II) 15-Cr(VI) 5-Ni(II) 10 mg-L-26122024-Q=50.32 mL-min-1,U322-H6-VS2-24.12.2024,0,8,,321.91311,4089.0,272.50001,49.4131,1
U322-H6-VS2-GGA5- Zn(II) 15-Cr(VI) 5-Ni(II) 10 mg-L-26122024-Q=50.32 mL-min-1,U322-H6-VS2-24.12.2024,0,9,,327.835,4565.0,284.70001,43.13499,1
U322-H6-VS2-GGA5- Zn(II) 15-Cr(VI) 5-Ni(II) 10 mg-L-26122024-Q=50.32 mL-min-1,U322-H6-VS2-24.12.2024,0,10,,332.66452,5036.0,292.4,40.26452,1
U322-H6-VS2-GGA5- Zn(II) 15-Cr(VI) 5-Ni(II) 10 mg-L-26122024-Q=50.32 mL-min-1,U322-H6-VS2-24.12.2024,0,11,,329.17292,5509.0,292.10001,37.07291,1
U322-H6-VS2-GGA5- Zn(II) 15-Cr(VI) 5-Ni(II) 10 mg-L-26122024-Q=50.32 mL-min-1,U322-H6-VS2-24.12.2024,0,12,,326.2125,5982.0,290.10001,36.11249,1
U322-H6-VS2-GGA5- Zn(II) 15-Cr(VI) 5-Ni(II) 10 mg-L-26122024-Q=50.32 mL-min-1,U322-H6-VS2-24.12.2024,0,13,,330.02292,6457.0,296.5,33.52292,2
U322-H6-VS2-GGA5- Zn(II) 15-Cr(VI) 5-Ni(II) 10 mg-L-26122024-Q=50.32 mL-min-1,U322-H6-VS2-24.12.2024,0,14,,333.176,6932.0,300.8,32.376,2
U322-H6-VS2-GGA10- Zn(II) 10-Cr(VI) 15-Ni(II) 10 mg-L-26122024-Q=50.76 mL-min-4,U322-H6-VS2-24.12.2024,1,0,GGA10,334.85208,301.0,297.8,37.05208,0
U322-H6-VS2-GGA10- Zn(II) 10-Cr(VI) 15-Ni(II) 10 mg-L-26122024-Q=50.76 mL-min-4,U322-H6-VS2-24.12.2024,1,1,,331.56875,774.0,294.99999,36.56876,0
U322-H6-VS2-GGA10- Zn(II) 10-Cr(VI) 15-Ni(II) 10 mg-L-26122024-Q=50.76 mL-min-4,U322-H6-VS2-24.12.2024,1,2,,329.00833,1249.0,292.10001,36.90832,0
U322-H6-VS2-GGA10- Zn(II) 10-Cr(VI) 15-Ni(II) 10 mg-L-26122024-Q=50.76 mL-min-4,U322-H6-VS2-24.12.2024,1,3,,326.29791,1720.0,287.40001,38.8979,0
U322-H6-VS2-GGA10- Zn(II) 10-Cr(VI) 15-Ni(II) 10 mg-L-26122024-Q=50.76 mL-min-4,U322-H6-VS2-24.12.2024,1,4,,324.79583,2195.0,286.00001,38.79582,0
U322-H6-VS2-GGA10- Zn(II) 10-Cr(VI) 15-Ni(II) 10 mg-L-26122024-Q=50.76 mL-min-4,U322-H6-VS2-24.12.2024,1,5,,326.776,2669.0,288.30001,38.47599,0
U322-H6-VS2-GGA10- Zn(II) 10-Cr(VI) 15-Ni(II) 10 mg-L-26122024-Q=50.76 mL-min-4,U322-H6-VS2-24.12.2024,1,6,,331.71489,3140.0,291.1,40.61489,0
U322-H6-VS2-GGA10- Zn(II) 10-Cr(VI) 15-Ni(II) 10 mg-L-26122024-Q=50.76 mL-min-4,U322-H6-VS2-24.12.2024,1,7,GGA10-Zn10-Cr15-Ni10,334.55833,3614.0,296.99999,37.55834,1
U322-H6-VS2-GGA10- Zn(II) 10-Cr(VI) 15-Ni(II) 10 mg-L-26122024-Q=50.76 mL-min-4,U322-H6-VS2-24.12.2024,1,8,,331.23542,4088.0,297.30001,33.93541,1
U322-H6-VS2-GGA10- Zn(II) 10-Cr(VI) 15-Ni(II) 10 mg-L-26122024-Q=50.76 mL-min-4,U322-H6-VS2-24.12.2024,1,9,,325.45417,4562.0,296.7,28.75417,1
U322-H6-VS2-GGA10- Zn(II) 10-Cr(VI) 15-Ni(II) 10 mg-L-26122024-Q=50.76 mL-min-4,U322-H6-VS2-24.12.2024,1,10,,332.09167,5035.0,302.39999,29.69168,1
U322-H6-VS2-GGA10- Zn(II) 10-Cr(VI) 15-Ni(II) 10 mg-L-26122024-Q=50.76 mL-min-4,U322-H6-VS2-24.12.2024,1,11,,335.47292,5507.0,306.30001,29.17291,1
U322-H6-VS2-GGA10- Zn(II) 10-Cr(VI) 15-Ni(II) 10 mg-L-26122024-Q=50.76 mL-min-4,U322-H6-VS2-24.12.2024,1,12,,330.01875,5982.0,303.0,27.01875,1
U322-H6-VS2-GGA10- Zn(II) 10-Cr(VI) 15-Ni(II) 10 mg-L-26122024-Q=50.76 mL-min-4,U322-H6-VS2-24.12.2024,1,13,,326.56875,6455.0,300.50001,26.06874,2
U322-H6-VS2-GGA10- Zn(II) 10-Cr(VI) 15-Ni(II) 10 mg-L-26122024-Q=50.76 mL-min-4,U322-H6-VS2-24.12.2024,1,14,,330.48541,6928.0,304.6,25.88541,2
U322-H6-VS2-GGA10- HH15 mg-L-26122024-Q=50.46 mL-min-3,U322-H6-VS2-24.12.2024,2,0,GGA10,338.05312,301.0,300.00001,38.05311,0
U322-H6-VS2-GGA10- HH15 mg-L-26122024-Q=50.46 mL-min-3,U322-H6-VS2-24.12.2024,2,1,,333.87937,772.0,295.6,38.27937,0
U322-H6-VS2-GGA10- HH15 mg-L-26122024-Q=50.46 mL-min-3,U322-H6-VS2-24.12.2024,2,2,,331.14219,1246.0,290.2,40.94219,0
U322-H6-VS2-GGA10- HH15 mg-L-26122024-Q=50.46 mL-min-3,U322-H6-VS2-24.12.2024,2,3,,328.99531,1721.0,289.29999,39.69532,0
U322-H6-VS2-GGA10- HH15 mg-L-26122024-Q=50.46 mL-min-3,U322-H6-VS2-24.12.2024,2,4,,327.66818,2193.0,288.6,39.06818,0
U322-H6-VS2-GGA10- HH15 mg-L-26122024-Q=50.46 mL-min-3,U322-H6-VS2-24.12.2024,2,5,GGA10-HH15,335.62656,2666.0,298.7,36.92656,1
U322-H6-VS2-GGA10- HH15 mg-L-26122024-Q=50.46 mL-min-3,U322-H6-VS2-24.12.2024,2,6,,336.14444,3140.0,301.09999,35.04445,1
U322-H6-VS2-GGA10- HH15 mg-L-26122024-Q=50.46 mL-min-3,U322-H6-VS2-24.12.2024,2,7,,333.25469,3613.0,299.60001,33.65468,1
U322-H6-VS2-GGA10- HH15 mg-L-26122024-Q=50.46 mL-min-3,U322-H6-VS2-24.12.2024,2,8,,330.8375,4088.0,301.49999,29.33751,1
U322-H6-VS2-GGA10- HH15 mg-L-26122024-Q=50.46 mL-min-3,U322-H6-VS2-24.12.2024,2,9,,339.55781,4561.0,308.49999,31.05782,1
U322-H6-VS2-GGA10- HH15 mg-L-26122024-Q=50.46 mL-min-3,U322-H6-VS2-24.12.2024,2,10,,337.34062,5035.0,305.59999,31.74063,1
U322-H6-VS2-GGA10- HH15 mg-L-26122024-Q=50.46 mL-min-3,U322-H6-VS2-24.12.2024,2,11,,333.99849,5507.0,302.19999,31.7985,1
U322-H6-VS2-GGA10- HH15 mg-L-26122024-Q=50.46 mL-min-3,U322-H6-VS2-24.12.2024,2,12,,331.69063,5980.0,301.0,30.69063,1
U322-H6-VS2-GGA10- HH15 mg-L-26122024-Q=50.46 mL-min-3,U322-H6-VS2-24.12.2024,2,13,,325.17619,6450.0,296.09999,29.0762,2
U322-H6-VS2-GGA10- HH15 mg-L-26122024-Q=50.46 mL-min-3,U322-H6-VS2-24.12.2024,2,14,,316.89375,6924.0,289.40001,27.49374,2
U323-H5-VS2-GGA5- Zn(II) 15-Cr(VI) 5-Ni(II) 10 mg-L-27122024-Q=50.48 mL-min-2,U323-H5-VS2-25.12.2024,0,0,GGA5,319.08772,301.0,244.5,74.58772,0
U323-H5-VS2-GGA5- Zn(II) 15-Cr(VI) 5-Ni(II) 10 mg-L-27122024-Q=50.48 mL-min-2,U323-H5-VS2-25.12.2024,0,1,,316.81695,777.0,243.49999,73.31696,0
U323-H5-VS2-GGA5- Zn(II) 15-Cr(VI) 5-Ni(II) 10 mg-L-27122024-Q=50.48 mL-min-2,U323-H5-VS2-25.12.2024,0,2,,314.68245,1250.0,243.49999,71.18246,0
U323-H5-VS2-GGA5- Zn(II) 15-Cr(VI) 5-Ni(II) 10 mg-L-27122024-Q=50.48 mL-min-2,U323-H5-VS2-25.12.2024,0,3,,311.77368,1722.0,245.8,65.97368,0
U323-H5-VS2-GGA5- Zn(II) 15-Cr(VI) 5-Ni(II) 10 mg-L-27122024-Q=50.48 mL-min-2,U323-H5-VS2-25.12.2024,0,4,,307.29474,2195.0,239.3,67.99474,0
U323-H5-VS2-GGA5- Zn(II) 15-Cr(VI) 5-Ni(II) 10 mg-L-27122024-Q=50.48 mL-min-2,U323-H5-VS2-25.12.2024,0,5,,312.08421,2670.0,241.9,70.18421,0
U323-H5-VS2-GGA5- Zn(II) 15-Cr(VI) 5-Ni(II) 10 mg-L-27122024-Q=50.48 mL-min-2,U323-H5-VS2-25.12.2024,0,6,,321.41579,3142.0,250.60001,70.81578,0
U323-H5-VS2-GGA5- Zn(II) 15-Cr(VI) 5-Ni(II) 10 mg-L-27122024-Q=50.48 mL-min-2,U323-H5-VS2-25.12.2024,0,7,GGA5-Zn15-Cr5-Ni10,330.05439,3616.0,273.29999,56.7544,1
U323-H5-VS2-GGA5- Zn(II) 15-Cr(VI) 5-Ni(II) 10 mg-L-27122024-Q=50.48 mL-min-2,U323-H5-VS2-25.12.2024,0,8,,335.20175,4089.0,281.19999,54.00176,1
U323-H5-VS2-GGA5- Zn(II) 15-Cr(VI) 5-Ni(II) 10 mg-L-27122024-Q=50.48 mL-min-2,U323-H5-VS2-25.12.2024,0,9,,329.08597,4563.0,279.00001,50.08596,1
U323-H5-VS2-GGA5- Zn(II) 15-Cr(VI) 5-Ni(II) 10 mg-L-27122024-Q=50.48 mL-min-2,U323-H5-VS2-25.12.2024,0,10,,327.25932,5036.0,279.19999,48.05933,1
U323-H5-VS2-GGA5- Zn(II) 15-Cr(VI) 5-Ni(II) 10 mg-L-27122024-Q=50.48 mL-min-2,U323-H5-VS2-25.12.2024,0,11,,326.00702,5510.0,279.19999,46.80703,1
U323-H5-VS2-GGA5- Zn(II) 15-Cr(VI) 5-Ni(II) 10 mg-L-27122024-Q=50.48 mL-min-2,U323-H5-VS2-25.12.2024,0,12,,324.44912,5983.0,279.19999,45.24913,2
U323-H5-VS2-GGA5- Zn(II) 15-Cr(VI) 5-Ni(II) 10 mg-L-27122024-Q=50.48 mL-min-2,U323-H5-VS2-25.12.2024,0,13,,330.60526,6458.0,285.69999,44.90527,2
U323-H5-VS2-GGA5- Zn(II) 15-Cr(VI) 5-Ni(II) 10 mg-L-27122024-Q=50.48 mL-min-2,U323-H5-VS2-25.12.2024,0,14,,326.35614,6930.0,280.99999,45.35615,2
U323-H5-VS2-GGA10- Zn(II) 10-Cr(VI) 10-Ni(II) 15 mg-L-27122024-Q=50.58 mL-min-3,U323-H5-VS2-25.12.2024,1,0,GGA10,334.23685,301.0,270.90001,63.33684,0
U323-H5-VS2-GGA10- Zn(II) 10-Cr(VI) 10-Ni(II) 15 mg-L-27122024-Q=50.58 mL-min-3,U323-H5-VS2-25.12.2024,1,1,,327.76316,775.0,263.3,64.46316,0
U323-H5-VS2-GGA10- Zn(II) 10-Cr(VI) 10-Ni(II) 15 mg-L-27122024-Q=50.58 mL-min-3,U323-H5-VS2-25.12.2024,1,2,,325.85789,1249.0,259.40001,66.45788,0
U323-H5-VS2-GGA10- Zn(II) 10-Cr(VI) 10-Ni(II) 15 mg-L-27122024-Q=50.58 mL-min-3,U323-H5-VS2-25.12.2024,1,3,,327.25789,1722.0,266.7,60.55789,0
U323-H5-VS2-GGA10- Zn(II) 10-Cr(VI) 10-Ni(II) 15 mg-L-27122024-Q=50.58 mL-min-3,U323-H5-VS2-25.12.2024,1,4,,332.95614,2194.0,265.89999,67.05615,0
U323-H5-VS2-GGA10- Zn(II) 10-Cr(VI) 10-Ni(II) 15 mg-L-27122024-Q=50.58 mL-min-3,U323-H5-VS2-25.12.2024,1,5,,326.78596,2669.0,260.30001,66.48595,0
U323-H5-VS2-GGA10- Zn(II) 10-Cr(VI) 10-Ni(II) 15 mg-L-27122024-Q=50.58 mL-min-3,U323-H5-VS2-25.12.2024,1,6,GGA10-Zn10-Cr10-Ni15,328.69825,3141.0,259.60001,69.09824,1
U323-H5-VS2-GGA10- Zn(II) 10-Cr(VI) 10-Ni(II) 15 mg-L-27122024-Q=50.58 mL-min-3,U323-H5-VS2-25.12.2024,1,7,,326.06316,3614.0,266.7,59.36316,1
U323-H5-VS2-GGA10- Zn(II) 10-Cr(VI) 10-Ni(II) 15 mg-L-27122024-Q=50.58 mL-min-3,U323-H5-VS2-25.12.2024,1,8,,327.33559,4088.0,270.20001,57.13558,1
U323-H5-VS2-GGA10- Zn(II) 10-Cr(VI) 10-Ni(II) 15 mg-L-27122024-Q=50.58 mL-min-3,U323-H5-VS2-25.12.2024,1,9,,336.1807,4561.0,278.49999,57.68071,1
U323-H5-VS2-GGA10- Zn(II) 10-Cr(VI) 10-Ni(II) 15 mg-L-27122024-Q=50.58 mL-min-3,U323-H5-VS2-25.12.2024,1,10,,331.07719,5034.0,278.29999,52.7772,1
U323-H5-VS2-GGA10- Zn(II) 10-Cr(VI) 10-Ni(II) 15 mg-L-27122024-Q=50.58 mL-min-3,U323-H5-VS2-25.12.2024,1,11,,328.06666,5507.0,276.10001,51.96665,1
U323-H5-VS2-GGA10- Zn(II) 10-Cr(VI) 10-Ni(II) 15 mg-L-27122024-Q=50.58 mL-min-3,U323-H5-VS2-25.12.2024,1,12,,325.24211,5981.0,273.7,51.54211,1
U323-H5-VS2-GGA10- Zn(II) 10-Cr(VI) 10-Ni(II) 15 mg-L-27122024-Q=50.58 mL-min-3,U323-H5-VS2-25.12.2024,1,13,,321.7193,6456.0,276.6,45.1193,2
U323-H5-VS2-GGA10- Zn(II) 10-Cr(VI) 10-Ni(II) 15 mg-L-27122024-Q=50.58 mL-min-3,U323-H5-VS2-25.12.2024,1,14,,321.25438,6931.0,272.1,49.15438,2
U323-H5-VS2-GGA10- HH15 mg-L-27122024-Q=50.28 mL-min-4,U323-H5-VS2-25.12.2024,2,0,GGA10,321.51403,301.0,268.59999,52.91404,0
U323-H5-VS2-GGA10- HH15 mg-L-27122024-Q=50.28 mL-min-4,U323-H5-VS2-25.12.2024,2,1,,319.32631,774.0,268.3,51.02631,0
U323-H5-VS2-GGA10- HH15 mg-L-27122024-Q=50.28 mL-min-4,U323-H5-VS2-25.12.2024,2,2,,318.77544,1247.0,265.89999,52.87545,0
U323-H5-VS2-GGA10- HH15 mg-L-27122024-Q=50.28 mL-min-4,U323-H5-VS2-25.12.2024,2,3,,318.49474,1721.0,266.29999,52.19475,0
U323-H5-VS2-GGA10- HH15 mg-L-27122024-Q=50.28 mL-min-4,U323-H5-VS2-25.12.2024,2,4,,319.15424,2194.0,266.40001,52.75423,0
U323-H5-VS2-GGA10- HH15 mg-L-27122024-Q=50.28 mL-min-4,U323-H5-VS2-25.12.2024,2,5,GGA10-HH15,322.80147,2666.0,277.00001,45.80146,1
U323-H5-VS2-GGA10- HH15 mg-L-27122024-Q=50.28 mL-min-4,U323-H5-VS2-25.12.2024,2,6,,321.97681,3140.0,276.6,45.37681,1
U323-H5-VS2-GGA10- HH15 mg-L-27122024-Q=50.28 mL-min-4,U323-H5-VS2-25.12.2024,2,7,,328.97246,3619.0,281.30001,47.67245,1
U323-H5-VS2-GGA10- HH15 mg-L-27122024-Q=50.28 mL-min-4,U323-H5-VS2-25.12.2024,2,8,,329.16765,4092.0,286.59999,42.56766,1
U323-H5-VS2-GGA10- HH15 mg-L-27122024-Q=50.28 mL-min-4,U323-H5-VS2-25.12.2024,2,9,,328.91015,4568.0,289.20001,39.71014,2
U323-H5-VS2-GGA10- HH15 mg-L-27122024-Q=50.28 mL-min-4,U323-H5-VS2-25.12.2024,2,10,,327.41617,5038.0,283.80001,43.61616,2
U323-H5-VS2-GGA10- HH15 mg-L-27122024-Q=50.28 mL-min-4,U323-H5-VS2-25.12.2024,2,11,,326.62941,5515.0,286.3,40.32941,2
U324-H6-VS2-GGA5- Zn(II) 15-Cr(VI) 5-Ni(II) 5 mg-L-27122024-Q=50.58 mL-min-2,U324-H6-VS2-25.12.2024,0,0,GGA5,309.79298,301.0,230.6,79.19298,0
U324-H6-VS2-GGA5- Zn(II) 15-Cr(VI) 5-Ni(II) 5 mg-L-27122024-Q=50.58 mL-min-2,U324-H6-VS2-25.12.2024,0,1,,309.97368,774.0,227.9,82.07368,0
U324-H6-VS2-GGA5- Zn(II) 15-Cr(VI) 5-Ni(II) 5 mg-L-27122024-Q=50.58 mL-min-2,U324-H6-VS2-25.12.2024,0,2,,310.01186,1248.0,230.0,80.01186,0
U324-H6-VS2-GGA5- Zn(II) 15-Cr(VI) 5-Ni(II) 5 mg-L-27122024-Q=50.58 mL-min-2,U324-H6-VS2-25.12.2024,0,3,,307.38596,1720.0,225.5,81.88596,0
U324-H6-VS2-GGA5- Zn(II) 15-Cr(VI) 5-Ni(II) 5 mg-L-27122024-Q=50.58 mL-min-2,U324-H6-VS2-25.12.2024,0,4,,307.41053,2193.0,225.3,82.11053,0
U324-H6-VS2-GGA5- Zn(II) 15-Cr(VI) 5-Ni(II) 5 mg-L-27122024-Q=50.58 mL-min-2,U324-H6-VS2-25.12.2024,0,5,,306.28071,2669.0,230.4,75.88071,0
U324-H6-VS2-GGA5- Zn(II) 15-Cr(VI) 5-Ni(II) 5 mg-L-27122024-Q=50.58 mL-min-2,U324-H6-VS2-25.12.2024,0,6,GGA5-Zn15-Cr5-Ni5,321.46667,3148.0,264.7,56.76667,1
U324-H6-VS2-GGA5- Zn(II) 15-Cr(VI) 5-Ni(II) 5 mg-L-27122024-Q=50.58 mL-min-2,U324-H6-VS2-25.12.2024,0,7,,327.91053,3622.0,275.09999,52.81054,2
U324-H6-VS2-GGA5- Zn(II) 15-Cr(VI) 5-Ni(II) 5 mg-L-27122024-Q=50.58 mL-min-2,U324-H6-VS2-25.12.2024,0,8,,322.57895,4095.0,269.4,53.17895,2
U324-H6-VS2-GGA5- Zn(II) 15-Cr(VI) 5-Ni(II) 5 mg-L-27122024-Q=50.58 mL-min-2,U324-H6-VS2-25.12.2024,0,9,,321.00678,4568.0,265.8,55.20678,2
U324-H6-VS2-GGA5- Zn(II) 15-Cr(VI) 5-Ni(II) 5 mg-L-27122024-Q=50.58 mL-min-2,U324-H6-VS2-25.12.2024,0,10,,319.90877,5041.0,266.99999,52.90878,2
U324-H6-VS2-GGA10- HH10 mg-L-27122024-Q=50.68 mL-min-6,U324-H6-VS2-25.12.2024,1,0,GGA10,336.87368,301.0,265.39999,71.47369,0
U324-H6-VS2-GGA10- HH10 mg-L-27122024-Q=50.68 mL-min-6,U324-H6-VS2-25.12.2024,1,1,,332.2579,774.0,259.09999,73.15791,0
U324-H6-VS2-GGA10- HH10 mg-L-27122024-Q=50.68 mL-min-6,U324-H6-VS2-25.12.2024,1,2,,329.02807,1247.0,252.7,76.32807,0
U324-H6-VS2-GGA10- HH10 mg-L-27122024-Q=50.68 mL-min-6,U324-H6-VS2-25.12.2024,1,3,,334.16667,1720.0,259.7,74.46667,0
U324-H6-VS2-GGA10- HH10 mg-L-27122024-Q=50.68 mL-min-6,U324-H6-VS2-25.12.2024,1,4,,337.88772,2194.0,262.30001,75.58771,0
U324-H6-VS2-GGA10- HH10 mg-L-27122024-Q=50.68 mL-min-6,U324-H6-VS2-25.12.2024,1,5,,332.20176,2667.0,253.30001,78.90175,0
U324-H6-VS2-GGA10- HH10 mg-L-27122024-Q=50.68 mL-min-6,U324-H6-VS2-25.12.2024,1,6,GGA10-HH10,331.92106,3140.0,254.59999,77.32107,1
U324-H6-VS2-GGA10- HH10 mg-L-27122024-Q=50.68 mL-min-6,U324-H6-VS2-25.12.2024,1,7,,329.64912,3614.0,261.20001,68.44911,1
U324-H6-VS2-GGA10- HH10 mg-L-27122024-Q=50.68 mL-min-6,U324-H6-VS2-25.12.2024,1,8,,332.65424,4089.0,269.30001,63.35423,1
U324-H6-VS2-GGA10- HH10 mg-L-27122024-Q=50.68 mL-min-6,U324-H6-VS2-25.12.2024,1,9,,337.40175,4562.0,275.20001,62.20174,1
U324-H6-VS2-GGA10- HH10 mg-L-27122024-Q=50.68 mL-min-6,U324-H6-VS2-25.12.2024,1,10,,331.32456,5036.0,273.9,57.42456,2
U324-H6-VS2-GGA10- HH10 mg-L-27122024-Q=50.68 mL-min-6,U324-H6-VS2-25.12.2024,1,11,,329.17193,5508.0,272.00001,57.17192,2
U324-H6-VS2-GGA10- Zn(II) 15-Cr(VI) 15-Ni(II) 10 mg-L-27122024-Q=50.44 mL-min-2,U324-H6-VS2-25.12.2024,2,0,GGA10,335.72281,301.0,271.2,64.52281,0
U324-H6-VS2-GGA10- Zn(II) 15-Cr(VI) 15-Ni(II) 10 mg-L-27122024-Q=50.44 mL-min-2,U324-H6-VS2-25.12.2024,2,1,,334.48597,776.0,272.8,61.68597,0
U324-H6-VS2-GGA10- Zn(II) 15-Cr(VI) 15-Ni(II) 10 mg-L-27122024-Q=50.44 mL-min-2,U324-H6-VS2-25.12.2024,2,2,,332.17544,1248.0,270.39999,61.77545,0
U324-H6-VS2-GGA10- Zn(II) 15-Cr(VI) 15-Ni(II) 10 mg-L-27122024-Q=50.44 mL-min-2,U324-H6-VS2-25.12.2024,2,3,,330.35965,1722.0,267.30001,63.05964,0
U324-H6-VS2-GGA10- Zn(II) 15-Cr(VI) 15-Ni(II) 10 mg-L-27122024-Q=50.44 mL-min-2,U324-H6-VS2-25.12.2024,2,4,,329.42456,2196.0,267.10001,62.32455,0
U324-H6-VS2-GGA10- Zn(II) 15-Cr(VI) 15-Ni(II) 10 mg-L-27122024-Q=50.44 mL-min-2,U324-H6-VS2-25.12.2024,2,5,,329.80339,2669.0,268.00001,61.80338,0
U324-H6-VS2-GGA10- Zn(II) 15-Cr(VI) 15-Ni(II) 10 mg-L-27122024-Q=50.44 mL-min-2,U324-H6-VS2-25.12.2024,2,6,GGA10-Zn15-Cr15-Ni10,332.57193,3142.0,274.69999,57.87194,1
U324-H6-VS2-GGA10- Zn(II) 15-Cr(VI) 15-Ni(II) 10 mg-L-27122024-Q=50.44 mL-min-2,U324-H6-VS2-25.12.2024,2,7,,333.09474,3616.0,280.40001,52.69473,1
U324-H6-VS2-GGA10- Zn(II) 15-Cr(VI) 15-Ni(II) 10 mg-L-27122024-Q=50.44 mL-min-2,U324-H6-VS2-25.12.2024,2,8,,340.37018,4091.0,287.40001,52.97017,1
U324-H6-VS2-GGA10- Zn(II) 15-Cr(VI) 15-Ni(II) 10 mg-L-27122024-Q=50.44 mL-min-2,U324-H6-VS2-25.12.2024,2,9,,336.03158,4565.0,282.59999,53.43159,1
U324-H6-VS2-GGA10- Zn(II) 15-Cr(VI) 15-Ni(II) 10 mg-L-27122024-Q=50.44 mL-min-2,U324-H6-VS2-25.12.2024,2,10,,336.85965,5037.0,283.4,53.45965,1
U324-H6-VS2-GGA10- Zn(II) 15-Cr(VI) 15-Ni(II) 10 mg-L-27122024-Q=50.44 mL-min-2,U324-H6-VS2-25.12.2024,2,11,,338.31228,5510.0,286.59999,51.71229,1
U324-H6-VS2-GGA10- Zn(II) 15-Cr(VI) 15-Ni(II) 10 mg-L-27122024-Q=50.44 mL-min-2,U324-H6-VS2-25.12.2024,2,12,,336.33898,5984.0,287.60001,48.73897,2
U324-H6-VS2-GGA10- Zn(II) 15-Cr(VI) 15-Ni(II) 10 mg-L-27122024-Q=50.44 mL-min-2,U324-H6-VS2-25.12.2024,2,13,,334.52222,6457.0,284.39999,50.12223,2
U324-H6-VS2-GGA10- Zn(II) 15-Cr(VI) 15-Ni(II) 10 mg-L-27122024-Q=50.44 mL-min-2,U324-H6-VS2-25.12.2024,2,14,,327.63958,6930.0,280.60001,47.03957,2
U325-H5-VS2-GGA10- Zn(II) 15-Cr(VI) 5-Ni(II) 10 mg-L-30122024-Q=50.48 mL-min-1,U325-H5-VS2-28.12.2024,0,0,GGA10,333.54722,301.0,225.4,108.14722,0
U325-H5-VS2-GGA10- Zn(II) 15-Cr(VI) 5-Ni(II) 10 mg-L-30122024-Q=50.48 mL-min-1,U325-H5-VS2-28.12.2024,0,1,,331.63239,775.0,221.7,109.93239,0
U325-H5-VS2-GGA10- Zn(II) 15-Cr(VI) 5-Ni(II) 10 mg-L-30122024-Q=50.48 mL-min-1,U325-H5-VS2-28.12.2024,0,2,,334.59028,1250.0,229.0,105.59028,0
U325-H5-VS2-GGA10- Zn(II) 15-Cr(VI) 5-Ni(II) 10 mg-L-30122024-Q=50.48 mL-min-1,U325-H5-VS2-28.12.2024,0,3,,338.9375,1723.0,228.49999,110.43751,0
U325-H5-VS2-GGA10- Zn(II) 15-Cr(VI) 5-Ni(II) 10 mg-L-30122024-Q=50.48 mL-min-1,U325-H5-VS2-28.12.2024,0,4,,342.15775,2195.0,235.59999,106.55776,0
U325-H5-VS2-GGA10- Zn(II) 15-Cr(VI) 5-Ni(II) 10 mg-L-30122024-Q=50.48 mL-min-1,U325-H5-VS2-28.12.2024,0,5,,341.71944,2670.0,235.49999,106.21945,0
U325-H5-VS2-GGA10- Zn(II) 15-Cr(VI) 5-Ni(II) 10 mg-L-30122024-Q=50.48 mL-min-1,U325-H5-VS2-28.12.2024,0,6,GGA10-Zn15-Cr5-Ni10,338.74861,3143.0,243.1,95.64861,1
U325-H5-VS2-GGA10- Zn(II) 15-Cr(VI) 5-Ni(II) 10 mg-L-30122024-Q=50.48 mL-min-1,U325-H5-VS2-28.12.2024,0,7,,337.92535,3615.0,262.2,75.72535,1
U325-H5-VS2-GGA10- Zn(II) 15-Cr(VI) 5-Ni(II) 10 mg-L-30122024-Q=50.48 mL-min-1,U325-H5-VS2-28.12.2024,0,8,,341.83333,4090.0,274.4,67.43333,1
U325-H5-VS2-GGA10- Zn(II) 15-Cr(VI) 5-Ni(II) 10 mg-L-30122024-Q=50.48 mL-min-1,U325-H5-VS2-28.12.2024,0,9,,344.41216,4563.0,284.39999,60.01217,1
U325-H5-VS2-GGA10- Zn(II) 15-Cr(VI) 5-Ni(II) 10 mg-L-30122024-Q=50.48 mL-min-1,U325-H5-VS2-28.12.2024,0,10,,346.91667,5037.0,291.59999,55.31668,1
U325-H5-VS2-GGA10- Zn(II) 15-Cr(VI) 5-Ni(II) 10 mg-L-30122024-Q=50.48 mL-min-1,U325-H5-VS2-28.12.2024,0,11,,337.59028,5509.0,284.70001,52.89027,1
U325-H5-VS2-GGA10- Zn(II) 15-Cr(VI) 5-Ni(II) 10 mg-L-30122024-Q=50.48 mL-min-1,U325-H5-VS2-28.12.2024,0,12,,334.04861,5982.0,282.40001,51.6486,2
U325-H5-VS2-GGA10- Zn(II) 15-Cr(VI) 5-Ni(II) 10 mg-L-30122024-Q=50.48 mL-min-1,U325-H5-VS2-28.12.2024,0,13,,338.30139,6455.0,287.9,50.40139,2
U325-H5-VS2-GGA10- Zn(II) 10-Cr(VI) 15-Ni(II) 5 mg-L-30122024-Q=50.48 mL-min-1,U325-H5-VS2-28.12.2024,1,0,GGA10,339.40141,301.0,276.4,63.00141,0
U325-H5-VS2-GGA10- Zn(II) 10-Cr(VI) 15-Ni(II) 5 mg-L-30122024-Q=50.48 mL-min-1,U325-H5-VS2-28.12.2024,1,1,,338.86216,775.0,273.29999,65.56217,0
U325-H5-VS2-GGA10- Zn(II) 10-Cr(VI) 15-Ni(II) 5 mg-L-30122024-Q=50.48 mL-min-1,U325-H5-VS2-28.12.2024,1,2,,334.31806,1248.0,268.99999,65.31807,0
U325-H5-VS2-GGA10- Zn(II) 10-Cr(VI) 15-Ni(II) 5 mg-L-30122024-Q=50.48 mL-min-1,U325-H5-VS2-28.12.2024,1,3,,331.5662,1722.0,272.50001,59.06619,0
U325-H5-VS2-GGA10- Zn(II) 10-Cr(VI) 15-Ni(II) 5 mg-L-30122024-Q=50.48 mL-min-1,U325-H5-VS2-28.12.2024,1,4,,335.30141,2195.0,271.49999,63.80142,0
U325-H5-VS2-GGA10- Zn(II) 10-Cr(VI) 15-Ni(II) 5 mg-L-30122024-Q=50.48 mL-min-1,U325-H5-VS2-28.12.2024,1,5,,337.4375,2669.0,277.1,60.3375,0
U325-H5-VS2-GGA10- Zn(II) 10-Cr(VI) 15-Ni(II) 5 mg-L-30122024-Q=50.48 mL-min-1,U325-H5-VS2-28.12.2024,1,6,GGA10-Zn15-Cr15-Ni5,337.47917,3141.0,285.69999,51.77918,1
U325-H5-VS2-GGA10- Zn(II) 10-Cr(VI) 15-Ni(II) 5 mg-L-30122024-Q=50.48 mL-min-1,U325-H5-VS2-28.12.2024,1,7,,338.34028,3615.0,291.70001,46.64027,1
U325-H5-VS2-GGA10- Zn(II) 10-Cr(VI) 15-Ni(II) 5 mg-L-30122024-Q=50.48 mL-min-1,U325-H5-VS2-28.12.2024,1,8,,337.74167,4088.0,292.9,44.84167,1
U325-H5-VS2-GGA10- Zn(II) 10-Cr(VI) 15-Ni(II) 5 mg-L-30122024-Q=50.48 mL-min-1,U325-H5-VS2-28.12.2024,1,9,,339.63056,4562.0,292.29999,47.33057,1
U325-H5-VS2-GGA10- Zn(II) 10-Cr(VI) 15-Ni(II) 5 mg-L-30122024-Q=50.48 mL-min-1,U325-H5-VS2-28.12.2024,1,10,,330.25695,5038.0,293.1,37.15695,2
U325-H5-VS2-GGA10- Zn(II) 10-Cr(VI) 15-Ni(II) 5 mg-L-30122024-Q=50.48 mL-min-1,U325-H5-VS2-28.12.2024,1,11,,326.06757,5509.0,288.6,37.46757,2
U325-H5-VS2-GGA15- Zn(II) 10-Cr(VI) 15-Ni(II) 15 mg-L-30122024-Q=50.3 mL-min-6,U325-H5-VS2-28.12.2024,2,0,GGA15,335.28472,301.0,280.2,55.08472,0
U325-H5-VS2-GGA15- Zn(II) 10-Cr(VI) 15-Ni(II) 15 mg-L-30122024-Q=50.3 mL-min-6,U325-H5-VS2-28.12.2024,2,1,,331.1303,777.0,272.50001,58.63029,0
U325-H5-VS2-GGA15- Zn(II) 10-Cr(VI) 15-Ni(II) 15 mg-L-30122024-Q=50.3 mL-min-6,U325-H5-VS2-28.12.2024,2,2,,327.17424,1249.0,270.20001,56.97423,0
U325-H5-VS2-GGA15- Zn(II) 10-Cr(VI) 15-Ni(II) 15 mg-L-30122024-Q=50.3 mL-min-6,U325-H5-VS2-28.12.2024,2,3,,326.43088,1724.0,268.59999,57.83089,0
U325-H5-VS2-GGA15- Zn(II) 10-Cr(VI) 15-Ni(II) 15 mg-L-30122024-Q=50.3 mL-min-6,U325-H5-VS2-28.12.2024,2,4,,331.37164,2197.0,278.60001,52.77163,0
U325-H5-VS2-GGA15- Zn(II) 10-Cr(VI) 15-Ni(II) 15 mg-L-30122024-Q=50.3 mL-min-6,U325-H5-VS2-28.12.2024,2,5,,334.62576,2670.0,274.8,59.82576,0
U325-H5-VS2-GGA15- Zn(II) 10-Cr(VI) 15-Ni(II) 15 mg-L-30122024-Q=50.3 mL-min-6,U325-H5-VS2-28.12.2024,2,6,GGA15-Zn10-Cr15-Ni15,333.0,3143.0,282.79999,50.20001,1
U325-H5-VS2-GGA15- Zn(II) 10-Cr(VI) 15-Ni(II) 15 mg-L-30122024-Q=50.3 mL-min-6,U325-H5-VS2-28.12.2024,2,7,,329.07647,3616.0,281.1,47.97647,1
U325-H5-VS2-GGA15- Zn(II) 10-Cr(VI) 15-Ni(II) 15 mg-L-30122024-Q=50.3 mL-min-6,U325-H5-VS2-28.12.2024,2,8,,331.10546,4087.0,284.70001,46.40545,1
U325-H5-VS2-GGA15- Zn(II) 10-Cr(VI) 15-Ni(II) 15 mg-L-30122024-Q=50.3 mL-min-6,U325-H5-VS2-28.12.2024,2,9,,335.49636,4561.0,289.79999,45.69637,1
U325-H5-VS2-GGA15- Zn(II) 10-Cr(VI) 15-Ni(II) 15 mg-L-30122024-Q=50.3 mL-min-6,U325-H5-VS2-28.12.2024,2,10,,330.30182,5037.0,289.79999,40.50183,1
U325-H5-VS2-GGA15- Zn(II) 10-Cr(VI) 15-Ni(II) 15 mg-L-30122024-Q=50.3 mL-min-6,U325-H5-VS2-28.12.2024,2,11,,326.68364,5508.0,287.09999,39.58365,1
U325-H5-VS2-GGA15- Zn(II) 10-Cr(VI) 15-Ni(II) 15 mg-L-30122024-Q=50.3 mL-min-6,U325-H5-VS2-28.12.2024,2,12,,331.70926,5984.0,294.0,37.70926,2
U325-H5-VS2-GGA15- Zn(II) 10-Cr(VI) 15-Ni(II) 15 mg-L-30122024-Q=50.3 mL-min-6,U325-H5-VS2-28.12.2024,2,13,,335.73704,6455.0,299.29999,36.43705,2
U326-H6-VS2-GGA10- Zn(II) 15-Cr(VI) 5-Ni(II) 5 mg-L-30122024-Q=50.38 mL-min-3,U326-H6-VS2-28.12.2024,0,0,GGA10,328.50943,301.0,248.60001,79.90942,0
U326-H6-VS2-GGA10- Zn(II) 15-Cr(VI) 5-Ni(II) 5 mg-L-30122024-Q=50.38 mL-min-3,U326-H6-VS2-28.12.2024,0,1,,325.29615,773.0,244.8,80.49615,0
U326-H6-VS2-GGA10- Zn(II) 15-Cr(VI) 5-Ni(II) 5 mg-L-30122024-Q=50.38 mL-min-3,U326-H6-VS2-28.12.2024,0,2,,323.48679,1246.0,236.1,87.38679,0
U326-H6-VS2-GGA10- Zn(II) 15-Cr(VI) 5-Ni(II) 5 mg-L-30122024-Q=50.38 mL-min-3,U326-H6-VS2-28.12.2024,0,3,,328.41132,1721.0,242.3,86.11132,0
U326-H6-VS2-GGA10- Zn(II) 15-Cr(VI) 5-Ni(II) 5 mg-L-30122024-Q=50.38 mL-min-3,U326-H6-VS2-28.12.2024,0,4,,332.55661,2194.0,246.80001,85.7566,0
U326-H6-VS2-GGA10- Zn(II) 15-Cr(VI) 5-Ni(II) 5 mg-L-30122024-Q=50.38 mL-min-3,U326-H6-VS2-28.12.2024,0,5,,335.65192,2669.0,256.1,79.55192,0
U326-H6-VS2-GGA10- Zn(II) 15-Cr(VI) 5-Ni(II) 5 mg-L-30122024-Q=50.38 mL-min-3,U326-H6-VS2-28.12.2024,0,6,,334.81698,3142.0,246.99999,87.81699,0
U326-H6-VS2-GGA10- Zn(II) 15-Cr(VI) 5-Ni(II) 5 mg-L-30122024-Q=50.38 mL-min-3,U326-H6-VS2-28.12.2024,0,7,GGA10-Zn15-Cr5-Ni5,333.09057,3615.0,255.80001,77.29056,1
U326-H6-VS2-GGA10- Zn(II) 15-Cr(VI) 5-Ni(II) 5 mg-L-30122024-Q=50.38 mL-min-3,U326-H6-VS2-28.12.2024,0,8,,333.26792,4088.0,269.2,64.06792,1
U326-H6-VS2-GGA10- Zn(II) 15-Cr(VI) 5-Ni(II) 5 mg-L-30122024-Q=50.38 mL-min-3,U326-H6-VS2-28.12.2024,0,9,,335.70961,4561.0,279.39999,56.30962,1
U326-H6-VS2-GGA10- Zn(II) 15-Cr(VI) 5-Ni(II) 5 mg-L-30122024-Q=50.38 mL-min-3,U326-H6-VS2-28.12.2024,0,10,,338.12593,5036.0,284.70001,53.42592,1
U326-H6-VS2-GGA10- Zn(II) 15-Cr(VI) 5-Ni(II) 5 mg-L-30122024-Q=50.38 mL-min-3,U326-H6-VS2-28.12.2024,0,11,,341.2,5509.0,290.69999,50.50001,1
U326-H6-VS2-GGA10- Zn(II) 15-Cr(VI) 5-Ni(II) 5 mg-L-30122024-Q=50.38 mL-min-3,U326-H6-VS2-28.12.2024,0,12,,333.63059,5982.0,289.0,44.63059,1
U326-H6-VS2-GGA10- Zn(II) 15-Cr(VI) 5-Ni(II) 5 mg-L-30122024-Q=50.38 mL-min-3,U326-H6-VS2-28.12.2024,0,13,,330.28727,6455.0,286.70001,43.58726,2
U326-H6-VS2-GGA10- Zn(II) 15-Cr(VI) 5-Ni(II) 5 mg-L-30122024-Q=50.38 mL-min-3,U326-H6-VS2-28.12.2024,0,14,,334.16546,6930.0,292.4,41.76546,2
U326-H6-VS2-GGA10- Zn(II) 10-Cr(VI) 15-Ni(II) 5 mg-L-30122024-Q=50.22 mL-min-2,U326-H6-VS2-28.12.2024,1,0,GGA10,337.71296,301.0,282.3,55.41296,0
U326-H6-VS2-GGA10- Zn(II) 10-Cr(VI) 15-Ni(II) 5 mg-L-30122024-Q=50.22 mL-min-2,U326-H6-VS2-28.12.2024,1,1,,338.35263,774.0,280.2,58.15263,0
U326-H6-VS2-GGA10- Zn(II) 10-Cr(VI) 15-Ni(II) 5 mg-L-30122024-Q=50.22 mL-min-2,U326-H6-VS2-28.12.2024,1,2,,333.06111,1250.0,277.90001,55.1611,0
U326-H6-VS2-GGA10- Zn(II) 10-Cr(VI) 15-Ni(II) 5 mg-L-30122024-Q=50.22 mL-min-2,U326-H6-VS2-28.12.2024,1,3,,330.58909,1722.0,275.7,54.88909,0
U326-H6-VS2-GGA10- Zn(II) 10-Cr(VI) 15-Ni(II) 5 mg-L-30122024-Q=50.22 mL-min-2,U326-H6-VS2-28.12.2024,1,4,,334.67778,2196.0,276.4,58.27778,0
U326-H6-VS2-GGA10- Zn(II) 10-Cr(VI) 15-Ni(II) 5 mg-L-30122024-Q=50.22 mL-min-2,U326-H6-VS2-28.12.2024,1,5,,336.87273,2670.0,275.00001,61.87272,0
U326-H6-VS2-GGA10- Zn(II) 10-Cr(VI) 15-Ni(II) 5 mg-L-30122024-Q=50.22 mL-min-2,U326-H6-VS2-28.12.2024,1,6,GGA10-Zn10-Cr15-Ni5,341.24,3141.0,288.1,53.14,1
U326-H6-VS2-GGA10- Zn(II) 10-Cr(VI) 15-Ni(II) 5 mg-L-30122024-Q=50.22 mL-min-2,U326-H6-VS2-28.12.2024,1,7,,340.97455,3615.0,295.30001,45.67454,1
U326-H6-VS2-GGA10- Zn(II) 10-Cr(VI) 15-Ni(II) 5 mg-L-30122024-Q=50.22 mL-min-2,U326-H6-VS2-28.12.2024,1,8,,342.56182,4088.0,297.8,44.76182,1
U326-H6-VS2-GGA10- Zn(II) 10-Cr(VI) 15-Ni(II) 5 mg-L-30122024-Q=50.22 mL-min-2,U326-H6-VS2-28.12.2024,1,9,,342.63273,4562.0,296.40001,46.23272,1
U326-H6-VS2-GGA10- Zn(II) 10-Cr(VI) 15-Ni(II) 5 mg-L-30122024-Q=50.22 mL-min-2,U326-H6-VS2-28.12.2024,1,10,,335.72593,5035.0,293.50001,42.22592,2
U326-H6-VS2-GGA10- Zn(II) 10-Cr(VI) 15-Ni(II) 5 mg-L-30122024-Q=50.22 mL-min-2,U326-H6-VS2-28.12.2024,1,11,,331.75091,5508.0,293.59999,38.15092,2
U326-H6-VS2-GGA10- Zn(II) 10-Cr(VI) 15-Ni(II) 5 mg-L-30122024-Q=50.22 mL-min-2,U326-H6-VS2-28.12.2024,1,12,,337.05636,5982.0,296.9,40.15636,2
U326-H6-VS2-GGA15- Zn(II) 10-Cr(VI) 15-Ni(II) 10 mg-L-30122024-Q=50 mL-min-2,U326-H6-VS2-28.12.2024,2,0,GGA15,337.94815,301.0,285.29999,52.64816,0
U326-H6-VS2-GGA15- Zn(II) 10-Cr(VI) 15-Ni(II) 10 mg-L-30122024-Q=50 mL-min-2,U326-H6-VS2-28.12.2024,2,1,,336.12545,774.0,286.59999,49.52546,0
U326-H6-VS2-GGA15- Zn(II) 10-Cr(VI) 15-Ni(II) 10 mg-L-30122024-Q=50 mL-min-2,U326-H6-VS2-28.12.2024,2,2,,334.36182,1248.0,282.99999,51.36183,0
U326-H6-VS2-GGA15- Zn(II) 10-Cr(VI) 15-Ni(II) 10 mg-L-30122024-Q=50 mL-min-2,U326-H6-VS2-28.12.2024,2,3,,334.55536,1722.0,282.59999,51.95537,0
U326-H6-VS2-GGA15- Zn(II) 10-Cr(VI) 15-Ni(II) 10 mg-L-30122024-Q=50 mL-min-2,U326-H6-VS2-28.12.2024,2,4,,338.92182,2195.0,286.1,52.82182,0
U326-H6-VS2-GGA15- Zn(II) 10-Cr(VI) 15-Ni(II) 10 mg-L-30122024-Q=50 mL-min-2,U326-H6-VS2-28.12.2024,2,5,,340.71273,2669.0,289.20001,51.51272,0
U326-H6-VS2-GGA15- Zn(II) 10-Cr(VI) 15-Ni(II) 10 mg-L-30122024-Q=50 mL-min-2,U326-H6-VS2-28.12.2024,2,6,GGA15-Zn10-Cr15-Ni10,342.99818,3142.0,290.30001,52.69817,1
U326-H6-VS2-GGA15- Zn(II) 10-Cr(VI) 15-Ni(II) 10 mg-L-30122024-Q=50 mL-min-2,U326-H6-VS2-28.12.2024,2,7,,338.0,3614.0,292.4,45.6,1
U326-H6-VS2-GGA15- Zn(II) 10-Cr(VI) 15-Ni(II) 10 mg-L-30122024-Q=50 mL-min-2,U326-H6-VS2-28.12.2024,2,8,,341.57818,4088.0,299.80001,41.77817,1
U326-H6-VS2-GGA15- Zn(II) 10-Cr(VI) 15-Ni(II) 10 mg-L-30122024-Q=50 mL-min-2,U326-H6-VS2-28.12.2024,2,9,,343.54909,4562.0,300.59999,42.9491,1
U326-H6-VS2-GGA15- Zn(II) 10-Cr(VI) 15-Ni(II) 10 mg-L-30122024-Q=50 mL-min-2,U326-H6-VS2-28.12.2024,2,10,,340.17818,5035.0,301.0,39.17818,1
U326-H6-VS2-GGA15- Zn(II) 10-Cr(VI) 15-Ni(II) 10 mg-L-30122024-Q=50 mL-min-2,U326-H6-VS2-28.12.2024,2,11,,335.18246,5508.0,297.89999,37.28247,2
U326-H6-VS2-GGA15- Zn(II) 10-Cr(VI) 15-Ni(II) 10 mg-L-30122024-Q=50 mL-min-2,U326-H6-VS2-28.12.2024,2,12,,341.66545,5981.0,303.40001,38.26544,2
U327-H5-VS2-GGA10- Zn(II) 15-Cr(VI) 5-Ni(II) 5 mg-L-31122024-Q=50.68 mL-min-2,U327-H5-VS2-29.12.2024,0,0,GGA10,328.00972,301.0,256.70001,71.30971,0
U327-H5-VS2-GGA10- Zn(II) 15-Cr(VI) 5-Ni(II) 5 mg-L-31122024-Q=50.68 mL-min-2,U327-H5-VS2-29.12.2024,0,1,,326.575,774.0,255.69999,70.87501,0
U327-H5-VS2-GGA10- Zn(II) 15-Cr(VI) 5-Ni(II) 5 mg-L-31122024-Q=50.68 mL-min-2,U327-H5-VS2-29.12.2024,0,2,,325.83378,1247.0,251.6,74.23378,0
U327-H5-VS2-GGA10- Zn(II) 15-Cr(VI) 5-Ni(II) 5 mg-L-31122024-Q=50.68 mL-min-2,U327-H5-VS2-29.12.2024,0,3,,323.75775,1720.0,250.80001,72.95774,0
U327-H5-VS2-GGA10- Zn(II) 15-Cr(VI) 5-Ni(II) 5 mg-L-31122024-Q=50.68 mL-min-2,U327-H5-VS2-29.12.2024,0,4,,321.6875,2193.0,246.99999,74.68751,0
U327-H5-VS2-GGA10- Zn(II) 15-Cr(VI) 5-Ni(II) 5 mg-L-31122024-Q=50.68 mL-min-2,U327-H5-VS2-29.12.2024,0,5,,320.35139,2668.0,242.2,78.15139,0
U327-H5-VS2-GGA10- Zn(II) 15-Cr(VI) 5-Ni(II) 5 mg-L-31122024-Q=50.68 mL-min-2,U327-H5-VS2-29.12.2024,0,6,,318.94305,3140.0,250.7,68.24305,1
U327-H5-VS2-GGA10- Zn(II) 15-Cr(VI) 5-Ni(II) 5 mg-L-31122024-Q=50.68 mL-min-2,U327-H5-VS2-29.12.2024,0,7,GGA10-Zn15-Cr5-Ni5,320.60139,3613.0,279.90001,40.70138,1
U327-H5-VS2-GGA10- Zn(II) 15-Cr(VI) 5-Ni(II) 5 mg-L-31122024-Q=50.68 mL-min-2,U327-H5-VS2-29.12.2024,0,8,,329.25278,4089.0,288.39999,40.85279,1
U327-H5-VS2-GGA10- Zn(II) 15-Cr(VI) 5-Ni(II) 5 mg-L-31122024-Q=50.68 mL-min-2,U327-H5-VS2-29.12.2024,0,9,,334.38889,4562.0,294.09999,40.2889,1
U327-H5-VS2-GGA10- Zn(II) 15-Cr(VI) 5-Ni(II) 5 mg-L-31122024-Q=50.68 mL-min-2,U327-H5-VS2-29.12.2024,0,10,,338.13472,5035.0,298.5,39.63472,2
U327-H5-VS2-GGA10- Zn(II) 15-Cr(VI) 5-Ni(II) 5 mg-L-31122024-Q=50.68 mL-min-2,U327-H5-VS2-29.12.2024,0,11,,337.79577,5508.0,297.69999,40.09578,2
U327-H5-VS2-GGA10- Zn(II) 15-Cr(VI) 5-Ni(II) 5 mg-L-31122024-Q=50.68 mL-min-2,U327-H5-VS2-29.12.2024,0,12,,335.01667,5982.0,296.60001,38.41666,2
U327-H5-VS2-GGA15- Zn(II) 10-Cr(VI) 10-Ni(II) 15 mg-L-31122024-Q=50.32 mL-min-6,U327-H5-VS2-29.12.2024,1,0,GGA15,325.75556,301.0,278.60001,47.15555,0
U327-H5-VS2-GGA15- Zn(II) 10-Cr(VI) 10-Ni(II) 15 mg-L-31122024-Q=50.32 mL-min-6,U327-H5-VS2-29.12.2024,1,1,,330.9375,776.0,282.79999,48.13751,0
U327-H5-VS2-GGA15- Zn(II) 10-Cr(VI) 10-Ni(II) 15 mg-L-31122024-Q=50.32 mL-min-6,U327-H5-VS2-29.12.2024,1,2,,333.70556,1247.0,286.1,47.60556,0
U327-H5-VS2-GGA15- Zn(II) 10-Cr(VI) 10-Ni(II) 15 mg-L-31122024-Q=50.32 mL-min-6,U327-H5-VS2-29.12.2024,1,3,,338.39155,1721.0,279.50001,58.89154,0
U327-H5-VS2-GGA15- Zn(II) 10-Cr(VI) 10-Ni(II) 15 mg-L-31122024-Q=50.32 mL-min-6,U327-H5-VS2-29.12.2024,1,4,,330.18611,2194.0,279.50001,50.6861,0
U327-H5-VS2-GGA15- Zn(II) 10-Cr(VI) 10-Ni(II) 15 mg-L-31122024-Q=50.32 mL-min-6,U327-H5-VS2-29.12.2024,1,5,GGA15-Zn10-Cr10-Ni15,327.26056,2669.0,278.49999,48.76057,1
U327-H5-VS2-GGA15- Zn(II) 10-Cr(VI) 10-Ni(II) 15 mg-L-31122024-Q=50.32 mL-min-6,U327-H5-VS2-29.12.2024,1,6,,326.18611,3141.0,280.7,45.48611,1
U327-H5-VS2-GGA15- Zn(II) 10-Cr(VI) 10-Ni(II) 15 mg-L-31122024-Q=50.32 mL-min-6,U327-H5-VS2-29.12.2024,1,7,,335.17838,3615.0,288.6,46.57838,1
U327-H5-VS2-GGA15- Zn(II) 10-Cr(VI) 10-Ni(II) 15 mg-L-31122024-Q=50.32 mL-min-6,U327-H5-VS2-29.12.2024,1,8,,336.35139,4087.0,290.89999,45.4514,1
U327-H5-VS2-GGA15- Zn(II) 10-Cr(VI) 10-Ni(II) 15 mg-L-31122024-Q=50.32 mL-min-6,U327-H5-VS2-29.12.2024,1,9,,331.59487,4561.0,290.2,41.39487,1
U327-H5-VS2-GGA15- Zn(II) 10-Cr(VI) 10-Ni(II) 15 mg-L-31122024-Q=50.32 mL-min-6,U327-H5-VS2-29.12.2024,1,10,,329.67662,5035.0,283.80001,45.87661,1
U327-H5-VS2-GGA15- Zn(II) 10-Cr(VI) 10-Ni(II) 15 mg-L-31122024-Q=50.32 mL-min-6,U327-H5-VS2-29.12.2024,1,11,,332.41429,5507.0,290.2,42.21429,2
U327-H5-VS2-GGA15- Zn(II) 10-Cr(VI) 10-Ni(II) 15 mg-L-31122024-Q=50.32 mL-min-6,U327-H5-VS2-29.12.2024,1,12,,335.0359,5982.0,292.2,42.8359,2
U327-H5-VS2-GGA15- Zn(II) 10-Cr(VI) 10-Ni(II) 15 mg-L-31122024-Q=50.32 mL-min-6,U327-H5-VS2-29.12.2024,1,13,,332.20385,6453.0,289.7,42.50385,2
U327-H5-VS2-GGA20- Zn(II) 10-Cr(VI) 15-Ni(II) 15 mg-L-31122024-Q=50.32 mL-min-6,U327-H5-VS2-29.12.2024,2,0,GGA20,325.35195,301.0,275.40001,49.95194,0
U327-H5-VS2-GGA20- Zn(II) 10-Cr(VI) 15-Ni(II) 15 mg-L-31122024-Q=50.32 mL-min-6,U327-H5-VS2-29.12.2024,2,1,,329.45128,773.0,279.50001,49.95127,0
U327-H5-VS2-GGA20- Zn(II) 10-Cr(VI) 15-Ni(II) 15 mg-L-31122024-Q=50.32 mL-min-6,U327-H5-VS2-29.12.2024,2,2,,331.62564,1247.0,277.59999,54.02565,0
U327-H5-VS2-GGA20- Zn(II) 10-Cr(VI) 15-Ni(II) 15 mg-L-31122024-Q=50.32 mL-min-6,U327-H5-VS2-29.12.2024,2,3,,327.2013,1722.0,273.40001,53.80129,0
U327-H5-VS2-GGA20- Zn(II) 10-Cr(VI) 15-Ni(II) 15 mg-L-31122024-Q=50.32 mL-min-6,U327-H5-VS2-29.12.2024,2,4,,325.07013,2194.0,273.7,51.37013,0
U327-H5-VS2-GGA20- Zn(II) 10-Cr(VI) 15-Ni(II) 15 mg-L-31122024-Q=50.32 mL-min-6,U327-H5-VS2-29.12.2024,2,5,,321.74744,2668.0,267.50001,54.24743,0
U327-H5-VS2-GGA20- Zn(II) 10-Cr(VI) 15-Ni(II) 15 mg-L-31122024-Q=50.32 mL-min-6,U327-H5-VS2-29.12.2024,2,6,GGA20-Zn10-Cr15-Ni15,326.18701,3140.0,276.49999,49.68702,1
U327-H5-VS2-GGA20- Zn(II) 10-Cr(VI) 15-Ni(II) 15 mg-L-31122024-Q=50.32 mL-min-6,U327-H5-VS2-29.12.2024,2,7,,332.25769,3614.0,278.29999,53.9577,1
U327-H5-VS2-GGA20- Zn(II) 10-Cr(VI) 15-Ni(II) 15 mg-L-31122024-Q=50.32 mL-min-6,U327-H5-VS2-29.12.2024,2,8,,329.75,4088.0,279.1,50.65,1
U327-H5-VS2-GGA20- Zn(II) 10-Cr(VI) 15-Ni(II) 15 mg-L-31122024-Q=50.32 mL-min-6,U327-H5-VS2-29.12.2024,2,9,,325.12051,4561.0,273.09999,52.02052,1
U327-H5-VS2-GGA20- Zn(II) 10-Cr(VI) 15-Ni(II) 15 mg-L-31122024-Q=50.32 mL-min-6,U327-H5-VS2-29.12.2024,2,10,,329.21299,5033.0,274.69999,54.513,1
U327-H5-VS2-GGA20- Zn(II) 10-Cr(VI) 15-Ni(II) 15 mg-L-31122024-Q=50.32 mL-min-6,U327-H5-VS2-29.12.2024,2,11,,331.44937,5509.0,281.1,50.34937,1
U327-H5-VS2-GGA20- Zn(II) 10-Cr(VI) 15-Ni(II) 15 mg-L-31122024-Q=50.32 mL-min-6,U327-H5-VS2-29.12.2024,2,12,,329.80385,5981.0,283.80001,46.00384,1
U327-H5-VS2-GGA20- Zn(II) 10-Cr(VI) 15-Ni(II) 15 mg-L-31122024-Q=50.32 mL-min-6,U327-H5-VS2-29.12.2024,2,13,,326.8641,6455.0,279.00001,47.86409,2
U327-H5-VS2-GGA20- Zn(II) 10-Cr(VI) 15-Ni(II) 15 mg-L-31122024-Q=50.32 mL-min-6,U327-H5-VS2-29.12.2024,2,14,,329.23333,6927.0,281.1,48.13333,2
U328-H6-VS2-GGA10- Zn(II) 15-Cr(VI) 5-Ni(II) 5 mg-L-31122024-Q=50.28 mL-min-4,U328-H6-VS2-29.12.2024,0,0,GGA10,319.14156,301.0,242.59999,76.54157,0
U328-H6-VS2-GGA10- Zn(II) 15-Cr(VI) 5-Ni(II) 5 mg-L-31122024-Q=50.28 mL-min-4,U328-H6-VS2-29.12.2024,0,1,,318.53506,775.0,238.19999,80.33507,0
U328-H6-VS2-GGA10- Zn(II) 15-Cr(VI) 5-Ni(II) 5 mg-L-31122024-Q=50.28 mL-min-4,U328-H6-VS2-29.12.2024,0,2,,316.08846,1248.0,241.4,74.68846,0
U328-H6-VS2-GGA10- Zn(II) 15-Cr(VI) 5-Ni(II) 5 mg-L-31122024-Q=50.28 mL-min-4,U328-H6-VS2-29.12.2024,0,3,,312.84125,1722.0,237.10001,75.74124,0
U328-H6-VS2-GGA10- Zn(II) 15-Cr(VI) 5-Ni(II) 5 mg-L-31122024-Q=50.28 mL-min-4,U328-H6-VS2-29.12.2024,0,4,,312.27308,2196.0,238.6,73.67308,0
U328-H6-VS2-GGA10- Zn(II) 15-Cr(VI) 5-Ni(II) 5 mg-L-31122024-Q=50.28 mL-min-4,U328-H6-VS2-29.12.2024,0,5,,309.83377,2669.0,234.69999,75.13378,0
U328-H6-VS2-GGA10- Zn(II) 15-Cr(VI) 5-Ni(II) 5 mg-L-31122024-Q=50.28 mL-min-4,U328-H6-VS2-29.12.2024,0,6,,310.38571,3142.0,231.90001,78.4857,0
U328-H6-VS2-GGA10- Zn(II) 15-Cr(VI) 5-Ni(II) 5 mg-L-31122024-Q=50.28 mL-min-4,U328-H6-VS2-29.12.2024,0,7,GGA10-Zn15-Cr5-Ni5,310.7026,3616.0,246.99999,63.70261,1
U328-H6-VS2-GGA10- Zn(II) 15-Cr(VI) 5-Ni(II) 5 mg-L-31122024-Q=50.28 mL-min-4,U328-H6-VS2-29.12.2024,0,8,,312.15714,4089.0,264.80001,47.35713,1
U328-H6-VS2-GGA10- Zn(II) 15-Cr(VI) 5-Ni(II) 5 mg-L-31122024-Q=50.28 mL-min-4,U328-H6-VS2-29.12.2024,0,9,,323.59744,4563.0,279.19999,44.39745,1
U328-H6-VS2-GGA10- Zn(II) 15-Cr(VI) 5-Ni(II) 5 mg-L-31122024-Q=50.28 mL-min-4,U328-H6-VS2-29.12.2024,0,10,,331.46154,5037.0,286.50001,44.96153,1
U328-H6-VS2-GGA10- Zn(II) 15-Cr(VI) 5-Ni(II) 5 mg-L-31122024-Q=50.28 mL-min-4,U328-H6-VS2-29.12.2024,0,11,,336.41169,5511.0,293.70001,42.71168,2
U328-H6-VS2-GGA10- Zn(II) 15-Cr(VI) 5-Ni(II) 5 mg-L-31122024-Q=50.28 mL-min-4,U328-H6-VS2-29.12.2024,0,12,,333.91411,5983.0,290.49999,43.41412,2
U328-H6-VS2-GGA15- HH 10 mg-L-31122024-Q=50.44 mL-min-6,U328-H6-VS2-29.12.2024,1,0,GGA15,330.61948,301.0,284.39999,46.21949,0
U328-H6-VS2-GGA15- HH 10 mg-L-31122024-Q=50.44 mL-min-6,U328-H6-VS2-29.12.2024,1,1,,328.58442,776.0,283.2,45.38442,0
U328-H6-VS2-GGA15- HH 10 mg-L-31122024-Q=50.44 mL-min-6,U328-H6-VS2-29.12.2024,1,2,,326.5974,1250.0,278.0,48.5974,0
U328-H6-VS2-GGA15- HH 10 mg-L-31122024-Q=50.44 mL-min-6,U328-H6-VS2-29.12.2024,1,3,,332.80898,1723.0,280.9,51.90898,0
U328-H6-VS2-GGA15- HH 10 mg-L-31122024-Q=50.44 mL-min-6,U328-H6-VS2-29.12.2024,1,4,,336.4948,2198.0,279.50001,56.99479,0
U328-H6-VS2-GGA15- HH 10 mg-L-31122024-Q=50.44 mL-min-6,U328-H6-VS2-29.12.2024,1,5,,335.15,2671.0,278.2,56.95,0
U328-H6-VS2-GGA15- HH 10 mg-L-31122024-Q=50.44 mL-min-6,U328-H6-VS2-29.12.2024,1,6,,330.72436,3144.0,274.50001,56.22435,0
U328-H6-VS2-GGA15- HH 10 mg-L-31122024-Q=50.44 mL-min-6,U328-H6-VS2-29.12.2024,1,7,GGA15-HH10,330.57308,3618.0,273.0,57.57308,1
U328-H6-VS2-GGA15- HH 10 mg-L-31122024-Q=50.44 mL-min-6,U328-H6-VS2-29.12.2024,1,8,,330.53038,4090.0,281.4,49.13038,1
U328-H6-VS2-GGA15- HH 10 mg-L-31122024-Q=50.44 mL-min-6,U328-H6-VS2-29.12.2024,1,9,,335.66753,4563.0,286.8,48.86753,1
U328-H6-VS2-GGA15- HH 10 mg-L-31122024-Q=50.44 mL-min-6,U328-H6-VS2-29.12.2024,1,10,,337.34935,5037.0,288.6,48.74935,1
U328-H6-VS2-GGA15- HH 10 mg-L-31122024-Q=50.44 mL-min-6,U328-H6-VS2-29.12.2024,1,11,,334.35,5510.0,287.9,46.45,1
U328-H6-VS2-GGA15- HH 10 mg-L-31122024-Q=50.44 mL-min-6,U328-H6-VS2-29.12.2024,1,12,,330.51667,5982.0,285.10001,45.41666,2
U328-H6-VS2-GGA15- HH 10 mg-L-31122024-Q=50.44 mL-min-6,U328-H6-VS2-29.12.2024,1,13,,336.68589,6457.0,292.60001,44.08588,2
U328-H6-VS2-GGA15- HH 10 mg-L-31122024-Q=50.44 mL-min-6,U328-H6-VS2-29.12.2024,1,14,,336.39221,6931.0,291.20001,45.1922,2
U328-H6-VS2-GGA15- HH 10 mg-L-31122024-Q=50.44 mL-min-6,U328-H6-VS2-29.12.2024,1,15,,334.07722,7405.0,288.89999,45.17723,2
U328-H6-VS2-GGA20- Zn(II) 10-Cr(VI) 15-Ni(II) 10 mg-L-31122024-Q=50.44 mL-min-2,U328-H6-VS2-29.12.2024,2,0,GGA20,340.77308,301.0,287.80001,52.97307,0
U328-H6-VS2-GGA20- Zn(II) 10-Cr(VI) 15-Ni(II) 10 mg-L-31122024-Q=50.44 mL-min-2,U328-H6-VS2-29.12.2024,2,1,,339.38077,774.0,288.89999,50.48078,0
U328-H6-VS2-GGA20- Zn(II) 10-Cr(VI) 15-Ni(II) 10 mg-L-31122024-Q=50.44 mL-min-2,U328-H6-VS2-29.12.2024,2,2,,335.91282,1248.0,285.0,50.91282,0
U328-H6-VS2-GGA20- Zn(II) 10-Cr(VI) 15-Ni(II) 10 mg-L-31122024-Q=50.44 mL-min-2,U328-H6-VS2-29.12.2024,2,3,,331.45641,1721.0,282.59999,48.85642,0
U328-H6-VS2-GGA20- Zn(II) 10-Cr(VI) 15-Ni(II) 10 mg-L-31122024-Q=50.44 mL-min-2,U328-H6-VS2-29.12.2024,2,4,,329.4,2194.0,278.60001,50.79999,0
U328-H6-VS2-GGA20- Zn(II) 10-Cr(VI) 15-Ni(II) 10 mg-L-31122024-Q=50.44 mL-min-2,U328-H6-VS2-29.12.2024,2,5,GGA20-Zn10-Cr15-Ni10,337.61818,2668.0,284.00001,53.61817,1
U328-H6-VS2-GGA20- Zn(II) 10-Cr(VI) 15-Ni(II) 10 mg-L-31122024-Q=50.44 mL-min-2,U328-H6-VS2-29.12.2024,2,6,,341.15625,3141.0,289.5,51.65625,1
U328-H6-VS2-GGA20- Zn(II) 10-Cr(VI) 15-Ni(II) 10 mg-L-31122024-Q=50.44 mL-min-2,U328-H6-VS2-29.12.2024,2,7,,336.50769,3615.0,287.40001,49.10768,1
U328-H6-VS2-GGA20- Zn(II) 10-Cr(VI) 15-Ni(II) 10 mg-L-31122024-Q=50.44 mL-min-2,U328-H6-VS2-29.12.2024,2,8,,332.53462,4088.0,282.3,50.23462,1
U328-H6-VS2-GGA20- Zn(II) 10-Cr(VI) 15-Ni(II) 10 mg-L-31122024-Q=50.44 mL-min-2,U328-H6-VS2-29.12.2024,2,9,,331.48182,4562.0,284.5,46.98182,1
U328-H6-VS2-GGA20- Zn(II) 10-Cr(VI) 15-Ni(II) 10 mg-L-31122024-Q=50.44 mL-min-2,U328-H6-VS2-29.12.2024,2,10,,337.75844,5035.0,290.6,47.15844,1
U328-H6-VS2-GGA20- Zn(II) 10-Cr(VI) 15-Ni(II) 10 mg-L-31122024-Q=50.44 mL-min-2,U328-H6-VS2-29.12.2024,2,11,,339.8975,5508.0,290.49999,49.39751,1
U328-H6-VS2-GGA20- Zn(II) 10-Cr(VI) 15-Ni(II) 10 mg-L-31122024-Q=50.44 mL-min-2,U328-H6-VS2-29.12.2024,2,12,,336.74487,5982.0,291.00001,45.74486,1
U328-H6-VS2-GGA20- Zn(II) 10-Cr(VI) 15-Ni(II) 10 mg-L-31122024-Q=50.44 mL-min-2,U328-H6-VS2-29.12.2024,2,13,,332.68462,6456.0,288.6,44.08462,1
U328-H6-VS2-GGA20- Zn(II) 10-Cr(VI) 15-Ni(II) 10 mg-L-31122024-Q=50.44 mL-min-2,U328-H6-VS2-29.12.2024,2,14,,332.8141,6929.0,289.5,43.3141,2
U328-H6-VS2-GGA20- Zn(II) 10-Cr(VI) 15-Ni(II) 10 mg-L-31122024-Q=50.44 mL-min-2,U328-H6-VS2-29.12.2024,2,15,,328.76962,7402.0,286.8,41.96962,2
U329-H5-VS2-GGA15- Zn(II) 5-Cr(VI) 15-Ni(II) 10 mg-L-02012025-Q=50.8 mL-min-1,U329-H5-VS2-31.12.2024,0,0,GGA15,328.06389,301.0,269.89999,58.1639,0
U329-H5-VS2-GGA15- Zn(II) 5-Cr(VI) 15-Ni(II) 10 mg-L-02012025-Q=50.8 mL-min-1,U329-H5-VS2-31.12.2024,0,1,,331.7875,774.0,267.10001,64.68749,0
U329-H5-VS2-GGA15- Zn(II) 5-Cr(VI) 15-Ni(II) 10 mg-L-02012025-Q=50.8 mL-min-1,U329-H5-VS2-31.12.2024,0,2,,327.46621,1246.0,266.99999,60.46622,0
U329-H5-VS2-GGA15- Zn(II) 5-Cr(VI) 15-Ni(II) 10 mg-L-02012025-Q=50.8 mL-min-1,U329-H5-VS2-31.12.2024,0,3,,323.655,1720.0,263.8,59.855,0
U329-H5-VS2-GGA15- Zn(II) 5-Cr(VI) 15-Ni(II) 10 mg-L-02012025-Q=50.8 mL-min-1,U329-H5-VS2-31.12.2024,0,4,,324.97288,2194.0,263.50001,61.47287,0
U329-H5-VS2-GGA15- Zn(II) 5-Cr(VI) 15-Ni(II) 10 mg-L-02012025-Q=50.8 mL-min-1,U329-H5-VS2-31.12.2024,0,5,,329.28,2667.0,268.00001,61.27999,0
U329-H5-VS2-GGA15- Zn(II) 5-Cr(VI) 15-Ni(II) 10 mg-L-02012025-Q=50.8 mL-min-1,U329-H5-VS2-31.12.2024,0,6,GGA15-Zn5-Cr15-Ni10,329.32712,3139.0,267.89999,61.42713,1
U329-H5-VS2-GGA15- Zn(II) 5-Cr(VI) 15-Ni(II) 10 mg-L-02012025-Q=50.8 mL-min-1,U329-H5-VS2-31.12.2024,0,7,,325.5356,3613.0,271.9,53.6356,1
U329-H5-VS2-GGA15- Zn(II) 5-Cr(VI) 15-Ni(II) 10 mg-L-02012025-Q=50.8 mL-min-1,U329-H5-VS2-31.12.2024,0,8,,324.215,4086.0,272.70001,51.51499,1
U329-H5-VS2-GGA15- Zn(II) 5-Cr(VI) 15-Ni(II) 10 mg-L-02012025-Q=50.8 mL-min-1,U329-H5-VS2-31.12.2024,0,9,,324.38305,4561.0,278.60001,45.78304,1
U329-H5-VS2-GGA15- Zn(II) 5-Cr(VI) 15-Ni(II) 10 mg-L-02012025-Q=50.8 mL-min-1,U329-H5-VS2-31.12.2024,0,10,,328.6339,5033.0,281.30001,47.33389,1
U329-H5-VS2-GGA15- Zn(II) 5-Cr(VI) 15-Ni(II) 10 mg-L-02012025-Q=50.8 mL-min-1,U329-H5-VS2-31.12.2024,0,11,,326.66167,5506.0,280.80001,45.86166,2
U329-H5-VS2-GGA15- Zn(II) 5-Cr(VI) 15-Ni(II) 10 mg-L-02012025-Q=50.8 mL-min-1,U329-H5-VS2-31.12.2024,0,12,,326.45085,5980.0,280.80001,45.65084,2
U329-H5-VS2-GGA15- Zn(II) 5-Cr(VI) 15-Ni(II) 10 mg-L-02012025-Q=50.8 mL-min-1,U329-H5-VS2-31.12.2024,0,13,,323.42034,6453.0,278.2,45.22034,2
U329-H5-VS2-GGA20-Zn(II) 10-Cr(VI) 15-Ni(II) 10 mg-L-02012025-Q=50 mL-min-3,U329-H5-VS2-31.12.2024,1,0,GGA20,324.425,301.0,284.5,39.925,0
U329-H5-VS2-GGA20-Zn(II) 10-Cr(VI) 15-Ni(II) 10 mg-L-02012025-Q=50 mL-min-3,U329-H5-VS2-31.12.2024,1,1,,321.9339,773.0,279.50001,42.43389,0
U329-H5-VS2-GGA20-Zn(II) 10-Cr(VI) 15-Ni(II) 10 mg-L-02012025-Q=50 mL-min-3,U329-H5-VS2-31.12.2024,1,2,,327.75333,1248.0,286.59999,41.15334,0
U329-H5-VS2-GGA20-Zn(II) 10-Cr(VI) 15-Ni(II) 10 mg-L-02012025-Q=50 mL-min-3,U329-H5-VS2-31.12.2024,1,3,,330.81833,1722.0,286.8,44.01833,0
U329-H5-VS2-GGA20-Zn(II) 10-Cr(VI) 15-Ni(II) 10 mg-L-02012025-Q=50 mL-min-3,U329-H5-VS2-31.12.2024,1,4,,327.23226,2195.0,288.1,39.13226,0
U329-H5-VS2-GGA20-Zn(II) 10-Cr(VI) 15-Ni(II) 10 mg-L-02012025-Q=50 mL-min-3,U329-H5-VS2-31.12.2024,1,5,,324.97333,2668.0,285.4,39.57333,0
U329-H5-VS2-GGA20-Zn(II) 10-Cr(VI) 15-Ni(II) 10 mg-L-02012025-Q=50 mL-min-3,U329-H5-VS2-31.12.2024,1,6,GGA20-Zn10-Cr15-Ni10,324.09333,3139.0,286.50001,37.59332,1
U329-H5-VS2-GGA20-Zn(II) 10-Cr(VI) 15-Ni(II) 10 mg-L-02012025-Q=50 mL-min-3,U329-H5-VS2-31.12.2024,1,7,,327.09152,3613.0,292.0,35.09152,1
U329-H5-VS2-GGA20-Zn(II) 10-Cr(VI) 15-Ni(II) 10 mg-L-02012025-Q=50 mL-min-3,U329-H5-VS2-31.12.2024,1,8,,331.35968,4085.0,296.0,35.35968,1
U329-H5-VS2-GGA20-Zn(II) 10-Cr(VI) 15-Ni(II) 10 mg-L-02012025-Q=50 mL-min-3,U329-H5-VS2-31.12.2024,1,9,,327.63273,4560.0,293.1,34.53273,1
U329-H5-VS2-GGA20-Zn(II) 10-Cr(VI) 15-Ni(II) 10 mg-L-02012025-Q=50 mL-min-3,U329-H5-VS2-31.12.2024,1,10,,325.56727,5032.0,291.5,34.06727,2
U329-H5-VS2-GGA20-Zn(II) 10-Cr(VI) 15-Ni(II) 10 mg-L-02012025-Q=50 mL-min-3,U329-H5-VS2-31.12.2024,1,11,,324.16182,5506.0,291.20001,32.96181,2
U329-H5-VS2-GGA20-Zn(II) 10-Cr(VI) 15-Ni(II) 10 mg-L-02012025-Q=50 mL-min-3,U329-H5-VS2-31.12.2024,1,12,,324.06852,5980.0,290.80001,33.26851,2
U330-H6-VS2-GGA15- Zn(II) 5-Cr(VI) 15-Ni(II) 5 mg-L-02012025-Q=50.42 mL-min-1,U330-H6-VS2-31.12.2024,0,0,GGA15,327.30333,301.0,278.29999,49.00334,0
U330-H6-VS2-GGA15- Zn(II) 5-Cr(VI) 15-Ni(II) 5 mg-L-02012025-Q=50.42 mL-min-1,U330-H6-VS2-31.12.2024,0,1,,328.84746,775.0,280.60001,48.24745,0
U330-H6-VS2-GGA15- Zn(II) 5-Cr(VI) 15-Ni(II) 5 mg-L-02012025-Q=50.42 mL-min-1,U330-H6-VS2-31.12.2024,0,2,,325.67049,1248.0,276.69999,48.9705,0
U330-H6-VS2-GGA15- Zn(II) 5-Cr(VI) 15-Ni(II) 5 mg-L-02012025-Q=50.42 mL-min-1,U330-H6-VS2-31.12.2024,0,3,,322.67119,1720.0,271.80001,50.87118,0
U330-H6-VS2-GGA15- Zn(II) 5-Cr(VI) 15-Ni(II) 5 mg-L-02012025-Q=50.42 mL-min-1,U330-H6-VS2-31.12.2024,0,4,,327.67333,2196.0,275.09999,52.57334,0
U330-H6-VS2-GGA15- Zn(II) 5-Cr(VI) 15-Ni(II) 5 mg-L-02012025-Q=50.42 mL-min-1,U330-H6-VS2-31.12.2024,0,5,,329.62881,2670.0,277.90001,51.7288,0
U330-H6-VS2-GGA15- Zn(II) 5-Cr(VI) 15-Ni(II) 5 mg-L-02012025-Q=50.42 mL-min-1,U330-H6-VS2-31.12.2024,0,6,GGA15-Zn5-Cr15-Ni5,330.88305,3143.0,283.6,47.28305,1
U330-H6-VS2-GGA15- Zn(II) 5-Cr(VI) 15-Ni(II) 5 mg-L-02012025-Q=50.42 mL-min-1,U330-H6-VS2-31.12.2024,0,7,,325.79153,3616.0,282.3,43.49153,1
U330-H6-VS2-GGA15- Zn(II) 5-Cr(VI) 15-Ni(II) 5 mg-L-02012025-Q=50.42 mL-min-1,U330-H6-VS2-31.12.2024,0,8,,324.27627,4090.0,284.3,39.97627,1
U330-H6-VS2-GGA15- Zn(II) 5-Cr(VI) 15-Ni(II) 5 mg-L-02012025-Q=50.42 mL-min-1,U330-H6-VS2-31.12.2024,0,9,,327.57627,4564.0,286.59999,40.97628,1
U330-H6-VS2-GGA15- Zn(II) 5-Cr(VI) 15-Ni(II) 5 mg-L-02012025-Q=50.42 mL-min-1,U330-H6-VS2-31.12.2024,0,10,,332.20333,5038.0,292.60001,39.60332,1
U330-H6-VS2-GGA15- Zn(II) 5-Cr(VI) 15-Ni(II) 5 mg-L-02012025-Q=50.42 mL-min-1,U330-H6-VS2-31.12.2024,0,11,,329.66271,5510.0,289.79999,39.86272,1
U330-H6-VS2-GGA15- Zn(II) 5-Cr(VI) 15-Ni(II) 5 mg-L-02012025-Q=50.42 mL-min-1,U330-H6-VS2-31.12.2024,0,12,,326.94754,5984.0,287.7,39.24754,1
U330-H6-VS2-GGA15- Zn(II) 5-Cr(VI) 15-Ni(II) 5 mg-L-02012025-Q=50.42 mL-min-1,U330-H6-VS2-31.12.2024,0,13,,327.09667,6457.0,288.89999,38.19668,2
U330-H6-VS2-GGA15- Zn(II) 5-Cr(VI) 15-Ni(II) 5 mg-L-02012025-Q=50.42 mL-min-1,U330-H6-VS2-31.12.2024,0,14,,331.73,6931.0,293.19999,38.53001,2
U330-H6-VS2-GGA20-Zn(II) 10-Cr(VI) 15-Ni(II) 5 mg-L-02012025-Q=50.2 mL-min-1,U330-H6-VS2-31.12.2024,1,0,GGA20,326.07333,301.0,285.69999,40.37334,0
U330-H6-VS2-GGA20-Zn(II) 10-Cr(VI) 15-Ni(II) 5 mg-L-02012025-Q=50.2 mL-min-1,U330-H6-VS2-31.12.2024,1,1,,324.61,774.0,286.8,37.81,0
U330-H6-VS2-GGA20-Zn(II) 10-Cr(VI) 15-Ni(II) 5 mg-L-02012025-Q=50.2 mL-min-1,U330-H6-VS2-31.12.2024,1,2,,330.26833,1248.0,289.09999,41.16834,0
U330-H6-VS2-GGA20-Zn(II) 10-Cr(VI) 15-Ni(II) 5 mg-L-02012025-Q=50.2 mL-min-1,U330-H6-VS2-31.12.2024,1,3,,331.87288,1721.0,289.40001,42.47287,0
U330-H6-VS2-GGA20-Zn(II) 10-Cr(VI) 15-Ni(II) 5 mg-L-02012025-Q=50.2 mL-min-1,U330-H6-VS2-31.12.2024,1,4,,329.42951,2195.0,288.70001,40.7295,0
U330-H6-VS2-GGA20-Zn(II) 10-Cr(VI) 15-Ni(II) 5 mg-L-02012025-Q=50.2 mL-min-1,U330-H6-VS2-31.12.2024,1,5,,325.27119,2669.0,286.59999,38.6712,0
U330-H6-VS2-GGA20-Zn(II) 10-Cr(VI) 15-Ni(II) 5 mg-L-02012025-Q=50.2 mL-min-1,U330-H6-VS2-31.12.2024,1,6,GGA20-Zn10-Cr15-Ni5,325.17636,3144.0,283.4,41.77636,1
U330-H6-VS2-GGA20-Zn(II) 10-Cr(VI) 15-Ni(II) 5 mg-L-02012025-Q=50.2 mL-min-1,U330-H6-VS2-31.12.2024,1,7,,331.58421,3617.0,295.70001,35.8842,1
U330-H6-VS2-GGA20-Zn(II) 10-Cr(VI) 15-Ni(II) 5 mg-L-02012025-Q=50.2 mL-min-1,U330-H6-VS2-31.12.2024,1,8,,334.41273,4090.0,293.8,40.61273,1
U330-H6-VS2-GGA20-Zn(II) 10-Cr(VI) 15-Ni(II) 5 mg-L-02012025-Q=50.2 mL-min-1,U330-H6-VS2-31.12.2024,1,9,,329.74909,4563.0,290.10001,39.64908,1
U330-H6-VS2-GGA20-Zn(II) 10-Cr(VI) 15-Ni(II) 5 mg-L-02012025-Q=50.2 mL-min-1,U330-H6-VS2-31.12.2024,1,10,,326.53818,5037.0,286.39999,40.13819,1
U330-H6-VS2-GGA20-Zn(II) 10-Cr(VI) 15-Ni(II) 5 mg-L-02012025-Q=50.2 mL-min-1,U330-H6-VS2-31.12.2024,1,11,,325.35185,5511.0,285.60001,39.75184,1
U330-H6-VS2-GGA20-Zn(II) 10-Cr(VI) 15-Ni(II) 5 mg-L-02012025-Q=50.2 mL-min-1,U330-H6-VS2-31.12.2024,1,12,,325.23637,5983.0,285.69999,39.53638,1
U330-H6-VS2-GGA20-Zn(II) 10-Cr(VI) 15-Ni(II) 5 mg-L-02012025-Q=50.2 mL-min-1,U330-H6-VS2-31.12.2024,1,13,,326.15636,6458.0,289.79999,36.35637,1
U330-H6-VS2-GGA20-Zn(II) 10-Cr(VI) 15-Ni(II) 5 mg-L-02012025-Q=50.2 mL-min-1,U330-H6-VS2-31.12.2024,1,14,,326.62727,6934.0,292.80001,33.82726,2
U330-H6-VS2-GGA20-Zn(II) 10-Cr(VI) 15-Ni(II) 5 mg-L-02012025-Q=50.2 mL-min-1,U330-H6-VS2-31.12.2024,1,15,,323.13509,7407.0,290.6,32.53509,2
U331-H5-VS2-GGA10- Zn(II) 5-Cr(VI) 15-Ni(II) 10 mg-L-03012025-Q=49.96 mL-min-1,U331-H5-VS2-01.01.2025,0,0,GGA10,339.38169,301.0,277.1,62.28169,0
U331-H5-VS2-GGA10- Zn(II) 5-Cr(VI) 15-Ni(II) 10 mg-L-03012025-Q=49.96 mL-min-1,U331-H5-VS2-01.01.2025,0,1,,341.10278,775.0,278.60001,62.50277,0
U331-H5-VS2-GGA10- Zn(II) 5-Cr(VI) 15-Ni(II) 10 mg-L-03012025-Q=49.96 mL-min-1,U331-H5-VS2-01.01.2025,0,2,,341.16528,1247.0,280.49999,60.66529,0
U331-H5-VS2-GGA10- Zn(II) 5-Cr(VI) 15-Ni(II) 10 mg-L-03012025-Q=49.96 mL-min-1,U331-H5-VS2-01.01.2025,0,3,,341.81127,1720.0,280.09999,61.71128,0
U331-H5-VS2-GGA10- Zn(II) 5-Cr(VI) 15-Ni(II) 10 mg-L-03012025-Q=49.96 mL-min-1,U331-H5-VS2-01.01.2025,0,4,,335.3446,2194.0,273.79999,61.54461,0
U331-H5-VS2-GGA10- Zn(II) 5-Cr(VI) 15-Ni(II) 10 mg-L-03012025-Q=49.96 mL-min-1,U331-H5-VS2-01.01.2025,0,5,,330.88591,2667.0,269.6,61.28591,0
U331-H5-VS2-GGA10- Zn(II) 5-Cr(VI) 15-Ni(II) 10 mg-L-03012025-Q=49.96 mL-min-1,U331-H5-VS2-01.01.2025,0,6,GGA10-Zn5-Cr15-Ni10,337.72778,3141.0,280.80001,56.92777,1
U331-H5-VS2-GGA10- Zn(II) 5-Cr(VI) 15-Ni(II) 10 mg-L-03012025-Q=49.96 mL-min-1,U331-H5-VS2-01.01.2025,0,7,,341.18334,3614.0,297.89999,43.28335,1
U331-H5-VS2-GGA10- Zn(II) 5-Cr(VI) 15-Ni(II) 10 mg-L-03012025-Q=49.96 mL-min-1,U331-H5-VS2-01.01.2025,0,8,,339.63889,4089.0,298.20001,41.43888,1
U331-H5-VS2-GGA10- Zn(II) 5-Cr(VI) 15-Ni(II) 10 mg-L-03012025-Q=49.96 mL-min-1,U331-H5-VS2-01.01.2025,0,9,,334.20972,4562.0,297.30001,36.90971,1
U331-H5-VS2-GGA10- Zn(II) 5-Cr(VI) 15-Ni(II) 10 mg-L-03012025-Q=49.96 mL-min-1,U331-H5-VS2-01.01.2025,0,10,,333.63521,5035.0,299.10001,34.5352,2
U331-H5-VS2-GGA10- Zn(II) 5-Cr(VI) 15-Ni(II) 10 mg-L-03012025-Q=49.96 mL-min-1,U331-H5-VS2-01.01.2025,0,11,,336.70139,5510.0,299.2,37.50139,2
U331-H5-VS2-GGA10- Zn(II) 5-Cr(VI) 15-Ni(II) 10 mg-L-03012025-Q=49.96 mL-min-1,U331-H5-VS2-01.01.2025,0,12,,338.98472,5983.0,303.99999,34.98473,2
U331-H5-VS2-GGA10- Zn(II) 5-Cr(VI) 15-Ni(II) 10 mg-L-03012025-Q=49.96 mL-min-1,U331-H5-VS2-01.01.2025,0,13,,334.78513,6457.0,301.09999,33.68514,2
U331-H5-VS2-GGA10-Zn(II) 10-Cr(VI) 15-Ni(II) 15 mg-L-03012025-Q=50.42 mL-min-3,U331-H5-VS2-01.01.2025,1,0,GGA10,332.80606,301.0,290.49999,42.30607,0
U331-H5-VS2-GGA10-Zn(II) 10-Cr(VI) 15-Ni(II) 15 mg-L-03012025-Q=50.42 mL-min-3,U331-H5-VS2-01.01.2025,1,1,,329.05606,774.0,285.69999,43.35607,0
U331-H5-VS2-GGA10-Zn(II) 10-Cr(VI) 15-Ni(II) 15 mg-L-03012025-Q=50.42 mL-min-3,U331-H5-VS2-01.01.2025,1,2,,326.45758,1250.0,283.4,43.05758,0
U331-H5-VS2-GGA10-Zn(II) 10-Cr(VI) 15-Ni(II) 15 mg-L-03012025-Q=50.42 mL-min-3,U331-H5-VS2-01.01.2025,1,3,,334.07727,1721.0,290.6,43.47727,0
U331-H5-VS2-GGA10-Zn(II) 10-Cr(VI) 15-Ni(II) 15 mg-L-03012025-Q=50.42 mL-min-3,U331-H5-VS2-01.01.2025,1,4,,338.00909,2196.0,291.39999,46.6091,0
U331-H5-VS2-GGA10-Zn(II) 10-Cr(VI) 15-Ni(II) 15 mg-L-03012025-Q=50.42 mL-min-3,U331-H5-VS2-01.01.2025,1,5,,335.03333,2669.0,288.1,46.93333,0
U331-H5-VS2-GGA10-Zn(II) 10-Cr(VI) 15-Ni(II) 15 mg-L-03012025-Q=50.42 mL-min-3,U331-H5-VS2-01.01.2025,1,6,GGA10-Zn10-Cr15-Ni15,333.69265,3143.0,291.3,42.39265,1
U331-H5-VS2-GGA10-Zn(II) 10-Cr(VI) 15-Ni(II) 15 mg-L-03012025-Q=50.42 mL-min-3,U331-H5-VS2-01.01.2025,1,7,,332.18209,3617.0,291.00001,41.18208,1
U331-H5-VS2-GGA10-Zn(II) 10-Cr(VI) 15-Ni(II) 15 mg-L-03012025-Q=50.42 mL-min-3,U331-H5-VS2-01.01.2025,1,8,,331.10758,4090.0,292.10001,39.00757,1
U331-H5-VS2-GGA10-Zn(II) 10-Cr(VI) 15-Ni(II) 15 mg-L-03012025-Q=50.42 mL-min-3,U331-H5-VS2-01.01.2025,1,9,,329.58382,4564.0,290.6,38.98382,1
U331-H5-VS2-GGA10-Zn(II) 10-Cr(VI) 15-Ni(II) 15 mg-L-03012025-Q=50.42 mL-min-3,U331-H5-VS2-01.01.2025,1,10,,336.59824,5038.0,297.50001,39.09823,1
U331-H5-VS2-GGA10-Zn(II) 10-Cr(VI) 15-Ni(II) 15 mg-L-03012025-Q=50.42 mL-min-3,U331-H5-VS2-01.01.2025,1,11,,342.14483,5511.0,304.10001,38.04482,1
U331-H5-VS2-GGA10-Zn(II) 10-Cr(VI) 15-Ni(II) 15 mg-L-03012025-Q=50.42 mL-min-3,U331-H5-VS2-01.01.2025,1,12,,335.4931,5983.0,298.40001,37.09309,2
U331-H5-VS2-GGA10-Zn(II) 10-Cr(VI) 15-Ni(II) 15 mg-L-03012025-Q=50.42 mL-min-3,U331-H5-VS2-01.01.2025,1,13,,330.49298,6456.0,297.19999,33.29299,2
U331-H5-VS2-GGA10-Zn(II) 10-Cr(VI) 15-Ni(II) 15 mg-L-03012025-Q=50.42 mL-min-3,U331-H5-VS2-01.01.2025,1,14,,329.18305,6930.0,293.3,35.88305,2
U332-H6-VS2-GGA10- Zn(II) 5-Cr(VI) 15-Ni(II) 5 mg-L-03012025-Q=50.8 mL-min-1,U332-H6-VS2-01.01.2025,0,0,GGA10,335.3,301.0,274.69999,60.60001,0
U332-H6-VS2-GGA10- Zn(II) 5-Cr(VI) 15-Ni(II) 5 mg-L-03012025-Q=50.8 mL-min-1,U332-H6-VS2-01.01.2025,0,1,,337.3106,773.0,278.9,58.4106,0
U332-H6-VS2-GGA10- Zn(II) 5-Cr(VI) 15-Ni(II) 5 mg-L-03012025-Q=50.8 mL-min-1,U332-H6-VS2-01.01.2025,0,2,,339.03939,1246.0,280.9,58.13939,0
U332-H6-VS2-GGA10- Zn(II) 5-Cr(VI) 15-Ni(II) 5 mg-L-03012025-Q=50.8 mL-min-1,U332-H6-VS2-01.01.2025,0,3,,339.16323,1720.0,281.19999,57.96324,0
U332-H6-VS2-GGA10- Zn(II) 5-Cr(VI) 15-Ni(II) 5 mg-L-03012025-Q=50.8 mL-min-1,U332-H6-VS2-01.01.2025,0,4,,334.70455,2194.0,275.00001,59.70454,0
U332-H6-VS2-GGA10- Zn(II) 5-Cr(VI) 15-Ni(II) 5 mg-L-03012025-Q=50.8 mL-min-1,U332-H6-VS2-01.01.2025,0,5,,329.86901,2667.0,267.6,62.26901,0
U332-H6-VS2-GGA10- Zn(II) 5-Cr(VI) 15-Ni(II) 5 mg-L-03012025-Q=50.8 mL-min-1,U332-H6-VS2-01.01.2025,0,6,GGA10-Zn5-Cr15-Ni5,338.85417,3139.0,281.89999,56.95418,1
U332-H6-VS2-GGA10- Zn(II) 5-Cr(VI) 15-Ni(II) 5 mg-L-03012025-Q=50.8 mL-min-1,U332-H6-VS2-01.01.2025,0,7,,341.84648,3613.0,295.1,46.74648,1
U332-H6-VS2-GGA10- Zn(II) 5-Cr(VI) 15-Ni(II) 5 mg-L-03012025-Q=50.8 mL-min-1,U332-H6-VS2-01.01.2025,0,8,,338.01944,4087.0,293.50001,44.51943,1
U332-H6-VS2-GGA10- Zn(II) 5-Cr(VI) 15-Ni(II) 5 mg-L-03012025-Q=50.8 mL-min-1,U332-H6-VS2-01.01.2025,0,9,,333.15556,4560.0,293.39999,39.75557,1
U332-H6-VS2-GGA10- Zn(II) 5-Cr(VI) 15-Ni(II) 5 mg-L-03012025-Q=50.8 mL-min-1,U332-H6-VS2-01.01.2025,0,10,,333.76057,5033.0,296.40001,37.36056,2
U332-H6-VS2-GGA10- Zn(II) 5-Cr(VI) 15-Ni(II) 5 mg-L-03012025-Q=50.8 mL-min-1,U332-H6-VS2-01.01.2025,0,11,,337.86944,5507.0,299.2,38.66944,2
U332-H6-VS2-GGA10- Zn(II) 5-Cr(VI) 15-Ni(II) 5 mg-L-03012025-Q=50.8 mL-min-1,U332-H6-VS2-01.01.2025,0,12,,339.83889,5981.0,300.1,39.73889,2
U332-H6-VS2-GGA10- Zn(II) 5-Cr(VI) 15-Ni(II) 5 mg-L-03012025-Q=50.8 mL-min-1,U332-H6-VS2-01.01.2025,0,13,,334.83836,6454.0,297.4,37.43836,2
U332-H6-VS2-GGA10-Zn(II) 10-Cr(VI) 15-Ni(II) 10 mg-L-03012025-Q=50.36 mL-min-5,U332-H6-VS2-01.01.2025,1,0,GGA10,332.89167,301.0,289.20001,43.69166,0
U332-H6-VS2-GGA10-Zn(II) 10-Cr(VI) 15-Ni(II) 10 mg-L-03012025-Q=50.36 mL-min-5,U332-H6-VS2-01.01.2025,1,1,,330.04306,777.0,287.0,43.04306,0
U332-H6-VS2-GGA10-Zn(II) 10-Cr(VI) 15-Ni(II) 10 mg-L-03012025-Q=50.36 mL-min-5,U332-H6-VS2-01.01.2025,1,2,,327.225,1250.0,283.69999,43.52501,0
U332-H6-VS2-GGA10-Zn(II) 10-Cr(VI) 15-Ni(II) 10 mg-L-03012025-Q=50.36 mL-min-5,U332-H6-VS2-01.01.2025,1,3,,323.67747,1724.0,277.5,46.17747,0
U332-H6-VS2-GGA10-Zn(II) 10-Cr(VI) 15-Ni(II) 10 mg-L-03012025-Q=50.36 mL-min-5,U332-H6-VS2-01.01.2025,1,4,,331.18611,2197.0,281.4,49.78611,0
U332-H6-VS2-GGA10-Zn(II) 10-Cr(VI) 15-Ni(II) 10 mg-L-03012025-Q=50.36 mL-min-5,U332-H6-VS2-01.01.2025,1,5,,334.52917,2673.0,288.89999,45.62918,0
U332-H6-VS2-GGA10-Zn(II) 10-Cr(VI) 15-Ni(II) 10 mg-L-03012025-Q=50.36 mL-min-5,U332-H6-VS2-01.01.2025,1,6,GGA10-Zn10-Cr15-Ni10,334.00564,3145.0,291.5,42.50564,1
U332-H6-VS2-GGA10-Zn(II) 10-Cr(VI) 15-Ni(II) 10 mg-L-03012025-Q=50.36 mL-min-5,U332-H6-VS2-01.01.2025,1,7,,333.51757,3618.0,292.10001,41.41756,1
U332-H6-VS2-GGA10-Zn(II) 10-Cr(VI) 15-Ni(II) 10 mg-L-03012025-Q=50.36 mL-min-5,U332-H6-VS2-01.01.2025,1,8,,330.01528,4092.0,292.9,37.11528,1
U332-H6-VS2-GGA10-Zn(II) 10-Cr(VI) 15-Ni(II) 10 mg-L-03012025-Q=50.36 mL-min-5,U332-H6-VS2-01.01.2025,1,9,,330.50833,4566.0,292.4,38.10833,1
U332-H6-VS2-GGA10-Zn(II) 10-Cr(VI) 15-Ni(II) 10 mg-L-03012025-Q=50.36 mL-min-5,U332-H6-VS2-01.01.2025,1,10,,329.8274,5040.0,293.50001,36.32739,1
U332-H6-VS2-GGA10-Zn(II) 10-Cr(VI) 15-Ni(II) 10 mg-L-03012025-Q=50.36 mL-min-5,U332-H6-VS2-01.01.2025,1,11,,336.87361,5511.0,301.09999,35.77362,1
U332-H6-VS2-GGA10-Zn(II) 10-Cr(VI) 15-Ni(II) 10 mg-L-03012025-Q=50.36 mL-min-5,U332-H6-VS2-01.01.2025,1,12,,341.10278,5985.0,302.39999,38.70279,1
U332-H6-VS2-GGA10-Zn(II) 10-Cr(VI) 15-Ni(II) 10 mg-L-03012025-Q=50.36 mL-min-5,U332-H6-VS2-01.01.2025,1,13,,334.31945,6461.0,301.2,33.11945,2
U332-H6-VS2-GGA10-Zn(II) 10-Cr(VI) 15-Ni(II) 10 mg-L-03012025-Q=50.36 mL-min-5,U332-H6-VS2-01.01.2025,1,14,,325.52361,6934.0,294.49999,31.02362,2
U332-H6-VS2-GGA10-Zn(II) 10-Cr(VI) 15-Ni(II) 10 mg-L-03012025-Q=50.36 mL-min-5,U332-H6-VS2-01.01.2025,1,15,,324.47162,7405.0,286.39999,38.07163,2
U333-H5-VS2-GGA5- Zn(II) 5-Cr(VI) 10-Ni(II) 10 mg-L-06012025-Q=50.52 mL-min-1,U333-H5-VS2-04.01.2025,0,0,GGA5,336.39565,301.0,275.99999,60.39566,0
U333-H5-VS2-GGA5- Zn(II) 5-Cr(VI) 10-Ni(II) 10 mg-L-06012025-Q=50.52 mL-min-1,U333-H5-VS2-04.01.2025,0,1,,333.89276,772.0,277.1,56.79276,0
U333-H5-VS2-GGA5- Zn(II) 5-Cr(VI) 10-Ni(II) 10 mg-L-06012025-Q=50.52 mL-min-1,U333-H5-VS2-04.01.2025,0,2,,331.70882,1245.0,270.59999,61.10883,0
U333-H5-VS2-GGA5- Zn(II) 5-Cr(VI) 10-Ni(II) 10 mg-L-06012025-Q=50.52 mL-min-1,U333-H5-VS2-04.01.2025,0,3,,336.26377,1718.0,277.90001,58.36376,0
U333-H5-VS2-GGA5- Zn(II) 5-Cr(VI) 10-Ni(II) 10 mg-L-06012025-Q=50.52 mL-min-1,U333-H5-VS2-04.01.2025,0,4,,341.00725,2192.0,279.50001,61.50724,0
U333-H5-VS2-GGA5- Zn(II) 5-Cr(VI) 10-Ni(II) 10 mg-L-06012025-Q=50.52 mL-min-1,U333-H5-VS2-04.01.2025,0,5,,344.09155,2667.0,283.4,60.69155,0
U333-H5-VS2-GGA5- Zn(II) 5-Cr(VI) 10-Ni(II) 10 mg-L-06012025-Q=50.52 mL-min-1,U333-H5-VS2-04.01.2025,0,6,,344.29275,3141.0,282.90001,61.39274,0
U333-H5-VS2-GGA5- Zn(II) 5-Cr(VI) 10-Ni(II) 10 mg-L-06012025-Q=50.52 mL-min-1,U333-H5-VS2-04.01.2025,0,7,GGA5-Zn5-Cr10-Ni10,347.60147,3612.0,299.29999,48.30148,1
U333-H5-VS2-GGA5- Zn(II) 5-Cr(VI) 10-Ni(II) 10 mg-L-06012025-Q=50.52 mL-min-1,U333-H5-VS2-04.01.2025,0,8,,350.3,4085.0,306.6,43.7,1
U333-H5-VS2-GGA5- Zn(II) 5-Cr(VI) 10-Ni(II) 10 mg-L-06012025-Q=50.52 mL-min-1,U333-H5-VS2-04.01.2025,0,9,,348.88823,4559.0,311.10001,37.78822,1
U333-H5-VS2-GGA5- Zn(II) 5-Cr(VI) 10-Ni(II) 10 mg-L-06012025-Q=50.52 mL-min-1,U333-H5-VS2-04.01.2025,0,10,,342.04118,5033.0,307.90001,34.14117,1
U333-H5-VS2-GGA5- Zn(II) 5-Cr(VI) 10-Ni(II) 10 mg-L-06012025-Q=50.52 mL-min-1,U333-H5-VS2-04.01.2025,0,11,,345.52174,5505.0,312.59999,32.92175,1
U333-H5-VS2-GGA5- Zn(II) 5-Cr(VI) 10-Ni(II) 10 mg-L-06012025-Q=50.52 mL-min-1,U333-H5-VS2-04.01.2025,0,12,,342.30735,5981.0,308.49999,33.80736,2
U333-H5-VS2-GGA5- Zn(II) 5-Cr(VI) 10-Ni(II) 10 mg-L-06012025-Q=50.52 mL-min-1,U333-H5-VS2-04.01.2025,0,13,,343.48529,6455.0,314.3,29.18529,2
U333-H5-VS2-GGA5- Zn(II) 5-Cr(VI) 10-Ni(II) 10 mg-L-06012025-Q=50.52 mL-min-1,U333-H5-VS2-04.01.2025,0,14,,345.82143,6927.0,312.40001,33.42142,2
U333-H5-VS2-GGA10-HH 15 mg-L-06012025-Q=50.8 mL-min-5,U333-H5-VS2-04.01.2025,1,0,GGA10,346.27206,301.0,304.10001,42.17205,0
U333-H5-VS2-GGA10-HH 15 mg-L-06012025-Q=50.8 mL-min-5,U333-H5-VS2-04.01.2025,1,1,,350.06471,776.0,304.50001,45.5647,0
U333-H5-VS2-GGA10-HH 15 mg-L-06012025-Q=50.8 mL-min-5,U333-H5-VS2-04.01.2025,1,2,,344.18775,1247.0,300.1,44.08775,0
U333-H5-VS2-GGA10-HH 15 mg-L-06012025-Q=50.8 mL-min-5,U333-H5-VS2-04.01.2025,1,3,,345.63673,1721.0,301.40001,44.23672,0
U333-H5-VS2-GGA10-HH 15 mg-L-06012025-Q=50.8 mL-min-5,U333-H5-VS2-04.01.2025,1,4,,345.38775,2194.0,300.19999,45.18776,0
U333-H5-VS2-GGA10-HH 15 mg-L-06012025-Q=50.8 mL-min-5,U333-H5-VS2-04.01.2025,1,5,,341.99184,2668.0,296.29999,45.69185,0
U333-H5-VS2-GGA10-HH 15 mg-L-06012025-Q=50.8 mL-min-5,U333-H5-VS2-04.01.2025,1,6,GGA10-HH15,347.92041,3141.0,298.5,49.42041,1
U333-H5-VS2-GGA10-HH 15 mg-L-06012025-Q=50.8 mL-min-5,U333-H5-VS2-04.01.2025,1,7,,347.4102,3615.0,304.10001,43.31019,1
U333-H5-VS2-GGA10-HH 15 mg-L-06012025-Q=50.8 mL-min-5,U333-H5-VS2-04.01.2025,1,8,,342.78367,4087.0,301.40001,41.38366,1
U333-H5-VS2-GGA10-HH 15 mg-L-06012025-Q=50.8 mL-min-5,U333-H5-VS2-04.01.2025,1,9,,345.32245,4561.0,305.20001,40.12244,1
U333-H5-VS2-GGA10-HH 15 mg-L-06012025-Q=50.8 mL-min-5,U333-H5-VS2-04.01.2025,1,10,,348.31225,5034.0,312.09999,36.21226,1
U333-H5-VS2-GGA10-HH 15 mg-L-06012025-Q=50.8 mL-min-5,U333-H5-VS2-04.01.2025,1,11,,347.18775,5505.0,312.5,34.68775,1
U333-H5-VS2-GGA10-HH 15 mg-L-06012025-Q=50.8 mL-min-5,U333-H5-VS2-04.01.2025,1,12,,347.89388,5981.0,310.40001,37.49387,1
U333-H5-VS2-GGA10-HH 15 mg-L-06012025-Q=50.8 mL-min-5,U333-H5-VS2-04.01.2025,1,13,,348.47143,6454.0,314.3,34.17143,2
U333-H5-VS2-GGA10-HH 15 mg-L-06012025-Q=50.8 mL-min-5,U333-H5-VS2-04.01.2025,1,14,,347.26863,6925.0,317.5,29.76863,2
U334-H6-VS2-GGA5- Zn(II) 5-Cr(VI) 10-Ni(II) 5 mg-L-06012025-Q=50.52 mL-min-3,U334-H6-VS2-04.01.2025,0,0,GGA5,313.81837,301.0,269.69999,44.11838,0
U334-H6-VS2-GGA5- Zn(II) 5-Cr(VI) 10-Ni(II) 5 mg-L-06012025-Q=50.52 mL-min-3,U334-H6-VS2-04.01.2025,0,1,,312.21633,776.0,269.4,42.81633,0
U334-H6-VS2-GGA5- Zn(II) 5-Cr(VI) 10-Ni(II) 5 mg-L-06012025-Q=50.52 mL-min-3,U334-H6-VS2-04.01.2025,0,2,,313.79702,1255.0,271.60001,42.19701,0
U334-H6-VS2-GGA5- Zn(II) 5-Cr(VI) 10-Ni(II) 5 mg-L-06012025-Q=50.52 mL-min-3,U334-H6-VS2-04.01.2025,0,3,,319.26471,1728.0,272.19999,47.06472,0
U334-H6-VS2-GGA5- Zn(II) 5-Cr(VI) 10-Ni(II) 5 mg-L-06012025-Q=50.52 mL-min-3,U334-H6-VS2-04.01.2025,0,4,,321.61594,2202.0,277.70001,43.91593,0
U334-H6-VS2-GGA5- Zn(II) 5-Cr(VI) 10-Ni(II) 5 mg-L-06012025-Q=50.52 mL-min-3,U334-H6-VS2-04.01.2025,0,5,,323.87911,2677.0,277.39999,46.47912,0
U334-H6-VS2-GGA5- Zn(II) 5-Cr(VI) 10-Ni(II) 5 mg-L-06012025-Q=50.52 mL-min-3,U334-H6-VS2-04.01.2025,0,6,GGA5-Zn5-Cr10-Ni5,327.82836,3149.0,289.7,38.12836,1
U334-H6-VS2-GGA5- Zn(II) 5-Cr(VI) 10-Ni(II) 5 mg-L-06012025-Q=50.52 mL-min-3,U334-H6-VS2-04.01.2025,0,7,,330.725,3621.0,297.6,33.125,2
U334-H6-VS2-GGA5- Zn(II) 5-Cr(VI) 10-Ni(II) 5 mg-L-06012025-Q=50.52 mL-min-3,U334-H6-VS2-04.01.2025,0,8,,333.87647,4100.0,301.9,31.97647,2
U334-H6-VS2-GGA5- Zn(II) 5-Cr(VI) 10-Ni(II) 5 mg-L-06012025-Q=50.52 mL-min-3,U334-H6-VS2-04.01.2025,0,9,,337.42537,4571.0,303.5,33.92537,2
U334-H6-VS2-GGA10-Zn(II) 15-Cr(VI) 15-Ni(II) 10 mg-L-06012025-Q=49.96 mL-min-3,U334-H6-VS2-04.01.2025,1,0,GGA10,340.8347,301.0,308.7,32.1347,0
U334-H6-VS2-GGA10-Zn(II) 15-Cr(VI) 15-Ni(II) 10 mg-L-06012025-Q=49.96 mL-min-3,U334-H6-VS2-04.01.2025,1,1,,337.29183,780.0,306.30001,30.99182,0
U334-H6-VS2-GGA10-Zn(II) 15-Cr(VI) 15-Ni(II) 10 mg-L-06012025-Q=49.96 mL-min-3,U334-H6-VS2-04.01.2025,1,2,,337.37959,1259.0,304.89999,32.4796,0
U334-H6-VS2-GGA10-Zn(II) 15-Cr(VI) 15-Ni(II) 10 mg-L-06012025-Q=49.96 mL-min-3,U334-H6-VS2-04.01.2025,1,3,,339.89592,1734.0,306.49999,33.39593,0
U334-H6-VS2-GGA10-Zn(II) 15-Cr(VI) 15-Ni(II) 10 mg-L-06012025-Q=49.96 mL-min-3,U334-H6-VS2-04.01.2025,1,4,,338.1449,2207.0,305.79999,32.34491,0
U334-H6-VS2-GGA10-Zn(II) 15-Cr(VI) 15-Ni(II) 10 mg-L-06012025-Q=49.96 mL-min-3,U334-H6-VS2-04.01.2025,1,5,GGA10-Zn5-Cr10-Ni5,345.12653,2677.0,306.2,38.92653,1
U334-H6-VS2-GGA10-Zn(II) 15-Cr(VI) 15-Ni(II) 10 mg-L-06012025-Q=49.96 mL-min-3,U334-H6-VS2-04.01.2025,1,6,,344.51429,3151.0,308.9,35.61429,1
U334-H6-VS2-GGA10-Zn(II) 15-Cr(VI) 15-Ni(II) 10 mg-L-06012025-Q=49.96 mL-min-3,U334-H6-VS2-04.01.2025,1,7,,344.54898,3628.0,313.80001,30.74897,1
U334-H6-VS2-GGA10-Zn(II) 15-Cr(VI) 15-Ni(II) 10 mg-L-06012025-Q=49.96 mL-min-3,U334-H6-VS2-04.01.2025,1,8,,342.31837,4104.0,312.40001,29.91836,1
U334-H6-VS2-GGA10-Zn(II) 15-Cr(VI) 15-Ni(II) 10 mg-L-06012025-Q=49.96 mL-min-3,U334-H6-VS2-04.01.2025,1,9,,346.88775,4575.0,315.2,31.68775,1
U334-H6-VS2-GGA10-Zn(II) 15-Cr(VI) 15-Ni(II) 10 mg-L-06012025-Q=49.96 mL-min-3,U334-H6-VS2-04.01.2025,1,10,,346.22041,5048.0,312.99999,33.22042,1
U334-H6-VS2-GGA10-Zn(II) 15-Cr(VI) 15-Ni(II) 10 mg-L-06012025-Q=49.96 mL-min-3,U334-H6-VS2-04.01.2025,1,11,,344.45714,5521.0,313.69999,30.75715,2
U334-H6-VS2-GGA10-Zn(II) 15-Cr(VI) 15-Ni(II) 10 mg-L-06012025-Q=49.96 mL-min-3,U334-H6-VS2-04.01.2025,1,12,,335.23137,5993.0,305.79999,29.43138,2
U335-H5-VS2-GGA10- Zn(II) 5-Cr(VI) 10-Ni(II) 15 mg-L-07012025-Q=50.64 mL-min-2,U335-H5-VS2-05.01.2025,0,0,GGA10,319.81111,301.0,239.09999,80.71112,0
U335-H5-VS2-GGA10- Zn(II) 5-Cr(VI) 10-Ni(II) 15 mg-L-07012025-Q=50.64 mL-min-2,U335-H5-VS2-05.01.2025,0,1,,322.95833,775.0,238.8,84.15833,0
U335-H5-VS2-GGA10- Zn(II) 5-Cr(VI) 10-Ni(II) 15 mg-L-07012025-Q=50.64 mL-min-2,U335-H5-VS2-05.01.2025,0,2,,330.20833,1249.0,242.3,87.90833,0
U335-H5-VS2-GGA10- Zn(II) 5-Cr(VI) 10-Ni(II) 15 mg-L-07012025-Q=50.64 mL-min-2,U335-H5-VS2-05.01.2025,0,3,,336.72083,1722.0,251.89999,84.82084,0
U335-H5-VS2-GGA10- Zn(II) 5-Cr(VI) 10-Ni(II) 15 mg-L-07012025-Q=50.64 mL-min-2,U335-H5-VS2-05.01.2025,0,4,,339.525,2195.0,251.19999,88.32501,0
U335-H5-VS2-GGA10- Zn(II) 5-Cr(VI) 10-Ni(II) 15 mg-L-07012025-Q=50.64 mL-min-2,U335-H5-VS2-05.01.2025,0,5,,341.76528,2669.0,250.29999,91.46529,0
U335-H5-VS2-GGA10- Zn(II) 5-Cr(VI) 10-Ni(II) 15 mg-L-07012025-Q=50.64 mL-min-2,U335-H5-VS2-05.01.2025,0,6,GGA10-Zn5-Cr10-Ni15,344.56479,3142.0,271.80001,72.76478,1
U335-H5-VS2-GGA10- Zn(II) 5-Cr(VI) 10-Ni(II) 15 mg-L-07012025-Q=50.64 mL-min-2,U335-H5-VS2-05.01.2025,0,7,,346.38055,3614.0,286.3,60.08055,1
U335-H5-VS2-GGA10- Zn(II) 5-Cr(VI) 10-Ni(II) 15 mg-L-07012025-Q=50.64 mL-min-2,U335-H5-VS2-05.01.2025,0,8,,346.01549,4088.0,297.69999,48.3155,1
U335-H5-VS2-GGA10- Zn(II) 5-Cr(VI) 10-Ni(II) 15 mg-L-07012025-Q=50.64 mL-min-2,U335-H5-VS2-05.01.2025,0,9,,346.76849,4561.0,300.90001,45.86848,1
U335-H5-VS2-GGA10- Zn(II) 5-Cr(VI) 10-Ni(II) 15 mg-L-07012025-Q=50.64 mL-min-2,U335-H5-VS2-05.01.2025,0,10,,347.87361,5034.0,306.69999,41.17362,1
U335-H5-VS2-GGA10- Zn(II) 5-Cr(VI) 10-Ni(II) 15 mg-L-07012025-Q=50.64 mL-min-2,U335-H5-VS2-05.01.2025,0,11,,348.37361,5508.0,310.79999,37.57362,1
U335-H5-VS2-GGA10- Zn(II) 5-Cr(VI) 10-Ni(II) 15 mg-L-07012025-Q=50.64 mL-min-2,U335-H5-VS2-05.01.2025,0,12,,347.78333,5982.0,312.99999,34.78334,1
U335-H5-VS2-GGA10- Zn(II) 5-Cr(VI) 10-Ni(II) 15 mg-L-07012025-Q=50.64 mL-min-2,U335-H5-VS2-05.01.2025,0,13,,348.9875,6453.0,316.90001,32.08749,2
U335-H5-VS2-GGA10- Zn(II) 5-Cr(VI) 10-Ni(II) 15 mg-L-07012025-Q=50.64 mL-min-2,U335-H5-VS2-05.01.2025,0,14,,344.57606,6929.0,312.40001,32.17605,2
U335-H5-VS2-GGA10-Zn(II) 15-Cr(VI) 5-Ni(II) 15 mg-L-07012025-Q=50.72 mL-min-1,U335-H5-VS2-05.01.2025,1,0,GGA10,327.70417,301.0,286.3,41.40417,0
U335-H5-VS2-GGA10-Zn(II) 15-Cr(VI) 5-Ni(II) 15 mg-L-07012025-Q=50.72 mL-min-1,U335-H5-VS2-05.01.2025,1,1,,332.8919,773.0,293.00001,39.89189,0
U335-H5-VS2-GGA10-Zn(II) 15-Cr(VI) 5-Ni(II) 15 mg-L-07012025-Q=50.72 mL-min-1,U335-H5-VS2-05.01.2025,1,2,,335.15278,1247.0,294.09999,41.05279,0
U335-H5-VS2-GGA10-Zn(II) 15-Cr(VI) 5-Ni(II) 15 mg-L-07012025-Q=50.72 mL-min-1,U335-H5-VS2-05.01.2025,1,3,,336.83472,1721.0,293.39999,43.43473,0
U335-H5-VS2-GGA10-Zn(II) 15-Cr(VI) 5-Ni(II) 15 mg-L-07012025-Q=50.72 mL-min-1,U335-H5-VS2-05.01.2025,1,4,,332.14445,2193.0,289.79999,42.34446,0
U335-H5-VS2-GGA10-Zn(II) 15-Cr(VI) 5-Ni(II) 15 mg-L-07012025-Q=50.72 mL-min-1,U335-H5-VS2-05.01.2025,1,5,,328.25694,2667.0,284.00001,44.25693,0
U335-H5-VS2-GGA10-Zn(II) 15-Cr(VI) 5-Ni(II) 15 mg-L-07012025-Q=50.72 mL-min-1,U335-H5-VS2-05.01.2025,1,6,,327.90141,3138.0,285.9,42.00141,0
U335-H5-VS2-GGA10-Zn(II) 15-Cr(VI) 5-Ni(II) 15 mg-L-07012025-Q=50.72 mL-min-1,U335-H5-VS2-05.01.2025,1,7,GGA10-Zn15-Cr5-Ni15,333.10556,3612.0,290.49999,42.60557,1
U335-H5-VS2-GGA10-Zn(II) 15-Cr(VI) 5-Ni(II) 15 mg-L-07012025-Q=50.72 mL-min-1,U335-H5-VS2-05.01.2025,1,8,,333.86528,4086.0,298.5,35.36528,1
U335-H5-VS2-GGA10-Zn(II) 15-Cr(VI) 5-Ni(II) 15 mg-L-07012025-Q=50.72 mL-min-1,U335-H5-VS2-05.01.2025,1,9,,334.45417,4560.0,299.69999,34.75418,1
U335-H5-VS2-GGA10-Zn(II) 15-Cr(VI) 5-Ni(II) 15 mg-L-07012025-Q=50.72 mL-min-1,U335-H5-VS2-05.01.2025,1,10,,330.44167,5033.0,295.89999,34.54168,1
U335-H5-VS2-GGA10-Zn(II) 15-Cr(VI) 5-Ni(II) 15 mg-L-07012025-Q=50.72 mL-min-1,U335-H5-VS2-05.01.2025,1,11,,326.21486,5505.0,294.7,31.51486,2
U335-H5-VS2-GGA10-Zn(II) 15-Cr(VI) 5-Ni(II) 15 mg-L-07012025-Q=50.72 mL-min-1,U335-H5-VS2-05.01.2025,1,12,,326.91408,5979.0,295.89999,31.01409,2
U335-H5-VS2-GGA15-Zn(II) 10-Cr(VI) 15-Ni(II) 10 mg-L-07012025-Q=49.96 mL-min-3,U335-H5-VS2-05.01.2025,2,0,GGA15,331.59437,301.0,292.69999,38.89438,0
U335-H5-VS2-GGA15-Zn(II) 10-Cr(VI) 15-Ni(II) 10 mg-L-07012025-Q=49.96 mL-min-3,U335-H5-VS2-05.01.2025,2,1,,328.98056,775.0,287.29999,41.68057,0
U335-H5-VS2-GGA15-Zn(II) 10-Cr(VI) 15-Ni(II) 10 mg-L-07012025-Q=49.96 mL-min-3,U335-H5-VS2-05.01.2025,2,2,,325.93333,1250.0,282.3,43.63333,0
U335-H5-VS2-GGA15-Zn(II) 10-Cr(VI) 15-Ni(II) 10 mg-L-07012025-Q=49.96 mL-min-3,U335-H5-VS2-05.01.2025,2,3,,324.98356,1722.0,283.89999,41.08357,0
U335-H5-VS2-GGA15-Zn(II) 10-Cr(VI) 15-Ni(II) 10 mg-L-07012025-Q=49.96 mL-min-3,U335-H5-VS2-05.01.2025,2,4,,331.68194,2198.0,292.0,39.68194,0
U335-H5-VS2-GGA15-Zn(II) 10-Cr(VI) 15-Ni(II) 10 mg-L-07012025-Q=49.96 mL-min-3,U335-H5-VS2-05.01.2025,2,5,,329.12222,2670.0,287.80001,41.32221,0
U335-H5-VS2-GGA15-Zn(II) 10-Cr(VI) 15-Ni(II) 10 mg-L-07012025-Q=49.96 mL-min-3,U335-H5-VS2-05.01.2025,2,6,GGA15-Zn10-Cr15-Ni10,327.83472,3145.0,281.8,46.03472,1
U335-H5-VS2-GGA15-Zn(II) 10-Cr(VI) 15-Ni(II) 10 mg-L-07012025-Q=49.96 mL-min-3,U335-H5-VS2-05.01.2025,2,7,,327.10563,3619.0,285.49999,41.60564,1
U335-H5-VS2-GGA15-Zn(II) 10-Cr(VI) 15-Ni(II) 10 mg-L-07012025-Q=49.96 mL-min-3,U335-H5-VS2-05.01.2025,2,8,,323.82639,4091.0,285.60001,38.22638,1
U335-H5-VS2-GGA15-Zn(II) 10-Cr(VI) 15-Ni(II) 10 mg-L-07012025-Q=49.96 mL-min-3,U335-H5-VS2-05.01.2025,2,9,,329.43195,4562.0,292.49999,36.93196,1
U335-H5-VS2-GGA15-Zn(II) 10-Cr(VI) 15-Ni(II) 10 mg-L-07012025-Q=49.96 mL-min-3,U335-H5-VS2-05.01.2025,2,10,,334.10694,5036.0,294.40001,39.70693,1
U335-H5-VS2-GGA15-Zn(II) 10-Cr(VI) 15-Ni(II) 10 mg-L-07012025-Q=49.96 mL-min-3,U335-H5-VS2-05.01.2025,2,11,,332.88379,5510.0,293.8,39.08379,1
U335-H5-VS2-GGA15-Zn(II) 10-Cr(VI) 15-Ni(II) 10 mg-L-07012025-Q=49.96 mL-min-3,U335-H5-VS2-05.01.2025,2,12,,330.32456,5984.0,295.1,35.22456,1
U335-H5-VS2-GGA15-Zn(II) 10-Cr(VI) 15-Ni(II) 10 mg-L-07012025-Q=49.96 mL-min-3,U335-H5-VS2-05.01.2025,2,13,,324.1,6459.0,286.50001,37.59999,1
U335-H5-VS2-GGA15-Zn(II) 10-Cr(VI) 15-Ni(II) 10 mg-L-07012025-Q=49.96 mL-min-3,U335-H5-VS2-05.01.2025,2,14,,325.75263,6928.0,290.80001,34.95262,2
U335-H5-VS2-GGA15-Zn(II) 10-Cr(VI) 15-Ni(II) 10 mg-L-07012025-Q=49.96 mL-min-3,U335-H5-VS2-05.01.2025,2,15,,324.23,7401.0,290.30001,33.92999,2
U336-H6-VS2-GGA10-Zn(II) 15-Cr(VI) 5-Ni(II) 10 mg-L-07012025-Q=50.72 mL-min-3,U336-H6-VS2-05.01.2025,1,0,GGA10,341.65833,301.0,295.8,45.85833,0
U336-H6-VS2-GGA10-Zn(II) 15-Cr(VI) 5-Ni(II) 10 mg-L-07012025-Q=50.72 mL-min-3,U336-H6-VS2-05.01.2025,1,1,,339.25833,776.0,291.59999,47.65834,0
U336-H6-VS2-GGA10-Zn(II) 15-Cr(VI) 5-Ni(II) 10 mg-L-07012025-Q=50.72 mL-min-3,U336-H6-VS2-05.01.2025,1,2,,334.6875,1250.0,287.9,46.7875,0
U336-H6-VS2-GGA10-Zn(II) 15-Cr(VI) 5-Ni(II) 10 mg-L-07012025-Q=50.72 mL-min-3,U336-H6-VS2-05.01.2025,1,3,,330.13194,1722.0,281.50001,48.63193,0
U336-H6-VS2-GGA10-Zn(II) 15-Cr(VI) 5-Ni(II) 10 mg-L-07012025-Q=50.72 mL-min-3,U336-H6-VS2-05.01.2025,1,4,,331.21806,2195.0,285.69999,45.51807,0
U336-H6-VS2-GGA10-Zn(II) 15-Cr(VI) 5-Ni(II) 10 mg-L-07012025-Q=50.72 mL-min-3,U336-H6-VS2-05.01.2025,1,5,,339.45694,2668.0,292.29999,47.15695,0
U336-H6-VS2-GGA10-Zn(II) 15-Cr(VI) 5-Ni(II) 10 mg-L-07012025-Q=50.72 mL-min-3,U336-H6-VS2-05.01.2025,1,6,GGA10-Zn15-Cr5-Ni10,339.95833,3141.0,297.8,42.15833,1
U336-H6-VS2-GGA10-Zn(II) 15-Cr(VI) 5-Ni(II) 10 mg-L-07012025-Q=50.72 mL-min-3,U336-H6-VS2-05.01.2025,1,7,,341.85278,3615.0,301.99999,39.85279,1
U336-H6-VS2-GGA10-Zn(II) 15-Cr(VI) 5-Ni(II) 10 mg-L-07012025-Q=50.72 mL-min-3,U336-H6-VS2-05.01.2025,1,8,,335.22778,4088.0,300.19999,35.02779,1
U336-H6-VS2-GGA10-Zn(II) 15-Cr(VI) 5-Ni(II) 10 mg-L-07012025-Q=50.72 mL-min-3,U336-H6-VS2-05.01.2025,1,9,,331.21111,4561.0,295.6,35.61111,2
U336-H6-VS2-GGA10-Zn(II) 15-Cr(VI) 5-Ni(II) 10 mg-L-07012025-Q=50.72 mL-min-3,U336-H6-VS2-05.01.2025,1,10,,333.12027,5036.0,298.5,34.62027,2
U336-H6-VS2-GGA10-Zn(II) 15-Cr(VI) 5-Ni(II) 10 mg-L-07012025-Q=50.72 mL-min-3,U336-H6-VS2-05.01.2025,1,11,,335.89722,5511.0,298.90001,36.99721,2
U336-H6-VS2-GGA15-Zn(II) 10-Cr(VI) 15-Ni(II) 5 mg-L-07012025-Q=50.4 mL-min-3,U336-H6-VS2-05.01.2025,2,0,GGA15,334.22361,301.0,280.40001,53.8236,0
U336-H6-VS2-GGA15-Zn(II) 10-Cr(VI) 15-Ni(II) 5 mg-L-07012025-Q=50.4 mL-min-3,U336-H6-VS2-05.01.2025,2,1,,337.34028,774.0,281.89999,55.44029,0
U336-H6-VS2-GGA15-Zn(II) 10-Cr(VI) 15-Ni(II) 5 mg-L-07012025-Q=50.4 mL-min-3,U336-H6-VS2-05.01.2025,2,2,,333.25556,1248.0,277.1,56.15556,0
U336-H6-VS2-GGA15-Zn(II) 10-Cr(VI) 15-Ni(II) 5 mg-L-07012025-Q=50.4 mL-min-3,U336-H6-VS2-05.01.2025,2,3,,331.49722,1721.0,276.89999,54.59723,0
U336-H6-VS2-GGA15-Zn(II) 10-Cr(VI) 15-Ni(II) 5 mg-L-07012025-Q=50.4 mL-min-3,U336-H6-VS2-05.01.2025,2,4,,323.2,2195.0,277.59999,45.60001,0
U336-H6-VS2-GGA15-Zn(II) 10-Cr(VI) 15-Ni(II) 5 mg-L-07012025-Q=50.4 mL-min-3,U336-H6-VS2-05.01.2025,2,5,,329.45139,2669.0,282.59999,46.8514,0
U336-H6-VS2-GGA15-Zn(II) 10-Cr(VI) 15-Ni(II) 5 mg-L-07012025-Q=50.4 mL-min-3,U336-H6-VS2-05.01.2025,2,6,,327.75417,3144.0,282.40001,45.35416,0
U336-H6-VS2-GGA15-Zn(II) 10-Cr(VI) 15-Ni(II) 5 mg-L-07012025-Q=50.4 mL-min-3,U336-H6-VS2-05.01.2025,2,7,GGA15-Zn10-Cr15-Ni5,331.73521,3613.0,286.00001,45.7352,1
U336-H6-VS2-GGA15-Zn(II) 10-Cr(VI) 15-Ni(II) 5 mg-L-07012025-Q=50.4 mL-min-3,U336-H6-VS2-05.01.2025,2,8,,331.9375,4088.0,288.6,43.3375,1
U336-H6-VS2-GGA15-Zn(II) 10-Cr(VI) 15-Ni(II) 5 mg-L-07012025-Q=50.4 mL-min-3,U336-H6-VS2-05.01.2025,2,9,,328.43889,4561.0,287.49999,40.9389,1
U336-H6-VS2-GGA15-Zn(II) 10-Cr(VI) 15-Ni(II) 5 mg-L-07012025-Q=50.4 mL-min-3,U336-H6-VS2-05.01.2025,2,10,,333.16761,5035.0,291.5,41.66761,1
U336-H6-VS2-GGA15-Zn(II) 10-Cr(VI) 15-Ni(II) 5 mg-L-07012025-Q=50.4 mL-min-3,U336-H6-VS2-05.01.2025,2,11,,338.35,5509.0,299.10001,39.24999,1
U336-H6-VS2-GGA15-Zn(II) 10-Cr(VI) 15-Ni(II) 5 mg-L-07012025-Q=50.4 mL-min-3,U336-H6-VS2-05.01.2025,2,12,,335.93425,5980.0,294.29999,41.63426,1
U336-H6-VS2-GGA15-Zn(II) 10-Cr(VI) 15-Ni(II) 5 mg-L-07012025-Q=50.4 mL-min-3,U336-H6-VS2-05.01.2025,2,13,,333.93056,6455.0,292.60001,41.33055,1
U336-H6-VS2-GGA15-Zn(II) 10-Cr(VI) 15-Ni(II) 5 mg-L-07012025-Q=50.4 mL-min-3,U336-H6-VS2-05.01.2025,2,14,,328.88873,6928.0,290.4,38.48873,2
U336-H6-VS2-GGA15-Zn(II) 10-Cr(VI) 15-Ni(II) 5 mg-L-07012025-Q=50.4 mL-min-3,U336-H6-VS2-05.01.2025,2,15,,325.44306,7401.0,288.19999,37.24307,2
U336-H6-VS2-GGA15-Zn(II) 10-Cr(VI) 15-Ni(II) 5 mg-L-07012025-Q=50.4 mL-min-3,U336-H6-VS2-05.01.2025,2,16,,323.29583,7873.0,285.0,38.29583,2
U337-H5-VS2-GGA10- Zn(II) 5-Cr(VI) 15-Ni(II) 10 mg-L-08012025-Q=50 mL-min-2,U337-H5-VS2-06.01.2025,0,0,GGA10,330.94189,301.0,270.79999,60.1419,0
U337-H5-VS2-GGA10- Zn(II) 5-Cr(VI) 15-Ni(II) 10 mg-L-08012025-Q=50 mL-min-2,U337-H5-VS2-06.01.2025,0,1,,328.40139,773.0,269.6,58.80139,0
U337-H5-VS2-GGA10- Zn(II) 5-Cr(VI) 15-Ni(II) 10 mg-L-08012025-Q=50 mL-min-2,U337-H5-VS2-06.01.2025,0,2,,326.63944,1246.0,264.29999,62.33945,0
U337-H5-VS2-GGA10- Zn(II) 5-Cr(VI) 15-Ni(II) 10 mg-L-08012025-Q=50 mL-min-2,U337-H5-VS2-06.01.2025,0,3,,323.48611,1720.0,265.1,58.38611,0
U337-H5-VS2-GGA10- Zn(II) 5-Cr(VI) 15-Ni(II) 10 mg-L-08012025-Q=50 mL-min-2,U337-H5-VS2-06.01.2025,0,4,,321.12778,2194.0,259.40001,61.72777,0
U337-H5-VS2-GGA10- Zn(II) 5-Cr(VI) 15-Ni(II) 10 mg-L-08012025-Q=50 mL-min-2,U337-H5-VS2-06.01.2025,0,5,,326.24722,2666.0,261.00001,65.24721,0
U337-H5-VS2-GGA10- Zn(II) 5-Cr(VI) 15-Ni(II) 10 mg-L-08012025-Q=50 mL-min-2,U337-H5-VS2-06.01.2025,0,6,GGA10-Zn5-Cr15-Ni10,330.28056,3140.0,274.69999,55.58057,1
U337-H5-VS2-GGA10- Zn(II) 5-Cr(VI) 15-Ni(II) 10 mg-L-08012025-Q=50 mL-min-2,U337-H5-VS2-06.01.2025,0,7,,328.92639,3613.0,275.00001,53.92638,1
U337-H5-VS2-GGA10- Zn(II) 5-Cr(VI) 15-Ni(II) 10 mg-L-08012025-Q=50 mL-min-2,U337-H5-VS2-06.01.2025,0,8,,326.12535,4086.0,276.89999,49.22536,1
U337-H5-VS2-GGA10- Zn(II) 5-Cr(VI) 15-Ni(II) 10 mg-L-08012025-Q=50 mL-min-2,U337-H5-VS2-06.01.2025,0,9,,322.97361,4560.0,278.80001,44.1736,1
U337-H5-VS2-GGA10- Zn(II) 5-Cr(VI) 15-Ni(II) 10 mg-L-08012025-Q=50 mL-min-2,U337-H5-VS2-06.01.2025,0,10,,319.74189,5035.0,276.30001,43.44188,2
U337-H5-VS2-GGA10- Zn(II) 5-Cr(VI) 15-Ni(II) 10 mg-L-08012025-Q=50 mL-min-2,U337-H5-VS2-06.01.2025,0,11,,320.05555,5507.0,275.3,44.75555,2
U337-H5-VS2-GGA10- Zn(II) 5-Cr(VI) 15-Ni(II) 10 mg-L-08012025-Q=50 mL-min-2,U337-H5-VS2-06.01.2025,0,12,,322.75972,5981.0,280.2,42.55972,2
U337-H5-VS2-GGA10-Zn(II) 15-Cr(VI) 15-Ni(II) 10 mg-L-08012025-Q=50.36 mL-min-4,U337-H5-VS2-06.01.2025,1,0,GGA10,326.74084,301.0,280.49999,46.24085,0
U337-H5-VS2-GGA10-Zn(II) 15-Cr(VI) 15-Ni(II) 10 mg-L-08012025-Q=50.36 mL-min-4,U337-H5-VS2-06.01.2025,1,1,,324.24722,774.0,276.6,47.64722,0
U337-H5-VS2-GGA10-Zn(II) 15-Cr(VI) 15-Ni(II) 10 mg-L-08012025-Q=50.36 mL-min-4,U337-H5-VS2-06.01.2025,1,2,,321.56389,1246.0,273.79999,47.7639,0
U337-H5-VS2-GGA10-Zn(II) 15-Cr(VI) 15-Ni(II) 10 mg-L-08012025-Q=50.36 mL-min-4,U337-H5-VS2-06.01.2025,1,3,,320.21528,1720.0,270.70001,49.51527,0
U337-H5-VS2-GGA10-Zn(II) 15-Cr(VI) 15-Ni(II) 10 mg-L-08012025-Q=50.36 mL-min-4,U337-H5-VS2-06.01.2025,1,4,,323.50139,2194.0,275.99999,47.5014,0
U337-H5-VS2-GGA10-Zn(II) 15-Cr(VI) 15-Ni(II) 10 mg-L-08012025-Q=50.36 mL-min-4,U337-H5-VS2-06.01.2025,1,5,,327.73378,2669.0,278.29999,49.43379,0
U337-H5-VS2-GGA10-Zn(II) 15-Cr(VI) 15-Ni(II) 10 mg-L-08012025-Q=50.36 mL-min-4,U337-H5-VS2-06.01.2025,1,6,GGA10-Zn15-Cr15-Ni10,324.954,3140.0,277.59999,47.35401,1
U337-H5-VS2-GGA10-Zn(II) 15-Cr(VI) 15-Ni(II) 10 mg-L-08012025-Q=50.36 mL-min-4,U337-H5-VS2-06.01.2025,1,7,,324.63168,3613.0,281.50001,43.13167,1
U337-H5-VS2-GGA10-Zn(II) 15-Cr(VI) 15-Ni(II) 10 mg-L-08012025-Q=50.36 mL-min-4,U337-H5-VS2-06.01.2025,1,8,,323.95644,4086.0,281.8,42.15644,1
U337-H5-VS2-GGA10-Zn(II) 15-Cr(VI) 15-Ni(II) 10 mg-L-08012025-Q=50.36 mL-min-4,U337-H5-VS2-06.01.2025,1,9,,323.698,4560.0,281.4,42.298,1
U337-H5-VS2-GGA10-Zn(II) 15-Cr(VI) 15-Ni(II) 10 mg-L-08012025-Q=50.36 mL-min-4,U337-H5-VS2-06.01.2025,1,10,,320.731,5033.0,282.7,38.031,1
U337-H5-VS2-GGA10-Zn(II) 15-Cr(VI) 15-Ni(II) 10 mg-L-08012025-Q=50.36 mL-min-4,U337-H5-VS2-06.01.2025,1,11,,327.59703,5506.0,286.8,40.79703,1
U337-H5-VS2-GGA10-Zn(II) 15-Cr(VI) 15-Ni(II) 10 mg-L-08012025-Q=50.36 mL-min-4,U337-H5-VS2-06.01.2025,1,12,,332.6099,5979.0,291.39999,41.20991,1
U337-H5-VS2-GGA10-Zn(II) 15-Cr(VI) 15-Ni(II) 10 mg-L-08012025-Q=50.36 mL-min-4,U337-H5-VS2-06.01.2025,1,13,,327.994,6452.0,289.9,38.094,2
U337-H5-VS2-GGA10-Zn(II) 15-Cr(VI) 15-Ni(II) 10 mg-L-08012025-Q=50.36 mL-min-4,U337-H5-VS2-06.01.2025,1,14,,325.22773,6926.0,284.20001,41.02772,2
U337-H5-VS2-GGA10-Zn(II) 15-Cr(VI) 15-Ni(II) 10 mg-L-08012025-Q=50.36 mL-min-4,U337-H5-VS2-06.01.2025,1,15,,324.03235,7401.0,283.30001,40.73234,2
U338-H6-VS2-GGA10- Zn(II) 5-Cr(VI) 15-Ni(II) 5 mg-L-08012025-Q=50.4 mL-min-2,U338-H6-VS2-06.01.2025,0,0,GGA10,325.13611,301.0,267.30001,57.8361,0
U338-H6-VS2-GGA10- Zn(II) 5-Cr(VI) 15-Ni(II) 5 mg-L-08012025-Q=50.4 mL-min-2,U338-H6-VS2-06.01.2025,0,1,,321.63889,776.0,265.1,56.53889,0
U338-H6-VS2-GGA10- Zn(II) 5-Cr(VI) 15-Ni(II) 5 mg-L-08012025-Q=50.4 mL-min-2,U338-H6-VS2-06.01.2025,0,2,,319.02639,1250.0,261.59999,57.4264,0
U338-H6-VS2-GGA10- Zn(II) 5-Cr(VI) 15-Ni(II) 5 mg-L-08012025-Q=50.4 mL-min-2,U338-H6-VS2-06.01.2025,0,3,,316.70845,1725.0,256.50001,60.20844,0
U338-H6-VS2-GGA10- Zn(II) 5-Cr(VI) 15-Ni(II) 5 mg-L-08012025-Q=50.4 mL-min-2,U338-H6-VS2-06.01.2025,0,4,,314.04583,2196.0,253.50001,60.54582,0
U338-H6-VS2-GGA10- Zn(II) 5-Cr(VI) 15-Ni(II) 5 mg-L-08012025-Q=50.4 mL-min-2,U338-H6-VS2-06.01.2025,0,5,,323.49444,2669.0,259.40001,64.09443,0
U338-H6-VS2-GGA10- Zn(II) 5-Cr(VI) 15-Ni(II) 5 mg-L-08012025-Q=50.4 mL-min-2,U338-H6-VS2-06.01.2025,0,6,GGA10-Zn5-Cr15-Ni5,325.57606,3144.0,268.20001,57.37605,1
U338-H6-VS2-GGA10- Zn(II) 5-Cr(VI) 15-Ni(II) 5 mg-L-08012025-Q=50.4 mL-min-2,U338-H6-VS2-06.01.2025,0,7,,323.39167,3617.0,273.09999,50.29168,1
U338-H6-VS2-GGA10- Zn(II) 5-Cr(VI) 15-Ni(II) 5 mg-L-08012025-Q=50.4 mL-min-2,U338-H6-VS2-06.01.2025,0,8,,320.35811,4090.0,270.3,50.05811,1
U338-H6-VS2-GGA10- Zn(II) 5-Cr(VI) 15-Ni(II) 5 mg-L-08012025-Q=50.4 mL-min-2,U338-H6-VS2-06.01.2025,0,9,,318.6,4563.0,272.00001,46.59999,1
U338-H6-VS2-GGA10- Zn(II) 5-Cr(VI) 15-Ni(II) 5 mg-L-08012025-Q=50.4 mL-min-2,U338-H6-VS2-06.01.2025,0,10,,315.03239,5037.0,269.2,45.83239,1
U338-H6-VS2-GGA10- Zn(II) 5-Cr(VI) 15-Ni(II) 5 mg-L-08012025-Q=50.4 mL-min-2,U338-H6-VS2-06.01.2025,0,11,,314.80423,5508.0,270.1,44.70423,2
U338-H6-VS2-GGA10- Zn(II) 5-Cr(VI) 15-Ni(II) 5 mg-L-08012025-Q=50.4 mL-min-2,U338-H6-VS2-06.01.2025,0,12,,318.95833,5983.0,275.3,43.65833,2
U338-H6-VS2-GGA10-Zn(II) 15-Cr(VI) 15-Ni(II) 5 mg-L-08012025-Q=50.4 mL-min-2,U338-H6-VS2-06.01.2025,1,0,GGA10,324.93333,301.0,277.90001,47.03332,0
U338-H6-VS2-GGA10-Zn(II) 15-Cr(VI) 15-Ni(II) 5 mg-L-08012025-Q=50.4 mL-min-2,U338-H6-VS2-06.01.2025,1,1,,322.95139,777.0,275.09999,47.8514,0
U338-H6-VS2-GGA10-Zn(II) 15-Cr(VI) 15-Ni(II) 5 mg-L-08012025-Q=50.4 mL-min-2,U338-H6-VS2-06.01.2025,1,2,,320.6,1251.0,274.6,46.0,0
U338-H6-VS2-GGA10-Zn(II) 15-Cr(VI) 15-Ni(II) 5 mg-L-08012025-Q=50.4 mL-min-2,U338-H6-VS2-06.01.2025,1,3,,317.79189,1724.0,272.6,45.19189,0
U338-H6-VS2-GGA10-Zn(II) 15-Cr(VI) 15-Ni(II) 5 mg-L-08012025-Q=50.4 mL-min-2,U338-H6-VS2-06.01.2025,1,4,,323.67917,2197.0,272.1,51.57917,0
U338-H6-VS2-GGA10-Zn(II) 15-Cr(VI) 15-Ni(II) 5 mg-L-08012025-Q=50.4 mL-min-2,U338-H6-VS2-06.01.2025,1,5,,326.61757,2671.0,276.80001,49.81756,0
U338-H6-VS2-GGA10-Zn(II) 15-Cr(VI) 15-Ni(II) 5 mg-L-08012025-Q=50.4 mL-min-2,U338-H6-VS2-06.01.2025,1,6,GGA10-Zn15-Cr15-Ni5,323.90278,3144.0,276.80001,47.10277,1
U338-H6-VS2-GGA10-Zn(II) 15-Cr(VI) 15-Ni(II) 5 mg-L-08012025-Q=50.4 mL-min-2,U338-H6-VS2-06.01.2025,1,7,,323.16667,3617.0,279.90001,43.26666,1
U338-H6-VS2-GGA10-Zn(II) 15-Cr(VI) 15-Ni(II) 5 mg-L-08012025-Q=50.4 mL-min-2,U338-H6-VS2-06.01.2025,1,8,,322.02222,4089.0,280.09999,41.92223,1
U338-H6-VS2-GGA10-Zn(II) 15-Cr(VI) 15-Ni(II) 5 mg-L-08012025-Q=50.4 mL-min-2,U338-H6-VS2-06.01.2025,1,9,,321.05139,4563.0,282.09999,38.9514,1
U338-H6-VS2-GGA10-Zn(II) 15-Cr(VI) 15-Ni(II) 5 mg-L-08012025-Q=50.4 mL-min-2,U338-H6-VS2-06.01.2025,1,10,,319.85555,5037.0,281.4,38.45555,1
U338-H6-VS2-GGA10-Zn(II) 15-Cr(VI) 15-Ni(II) 5 mg-L-08012025-Q=50.4 mL-min-2,U338-H6-VS2-06.01.2025,1,11,,325.59861,5511.0,285.0,40.59861,1
U338-H6-VS2-GGA10-Zn(II) 15-Cr(VI) 15-Ni(II) 5 mg-L-08012025-Q=50.4 mL-min-2,U338-H6-VS2-06.01.2025,1,12,,330.36056,5983.0,289.5,40.86056,1
U338-H6-VS2-GGA10-Zn(II) 15-Cr(VI) 15-Ni(II) 5 mg-L-08012025-Q=50.4 mL-min-2,U338-H6-VS2-06.01.2025,1,13,,325.18333,6457.0,286.3,38.88333,2
U338-H6-VS2-GGA10-Zn(II) 15-Cr(VI) 15-Ni(II) 5 mg-L-08012025-Q=50.4 mL-min-2,U338-H6-VS2-06.01.2025,1,14,,323.26528,6931.0,287.60001,35.66527,2
U338-H6-VS2-GGA10-Zn(II) 15-Cr(VI) 15-Ni(II) 5 mg-L-08012025-Q=50.4 mL-min-2,U338-H6-VS2-06.01.2025,1,15,,322.58378,7404.0,284.59999,37.98379,2
U339-H5-VS2-GGA10- Zn(II) 5-Cr(VI) 10-Ni(II) 10 mg-L-09012025-Q=50.16 mL-min-6,U339-H6-VS2-07.01.2025,0,0,GGA10,342.31111,301.0,280.09999,62.21112,0
U339-H5-VS2-GGA10- Zn(II) 5-Cr(VI) 10-Ni(II) 10 mg-L-09012025-Q=50.16 mL-min-6,U339-H6-VS2-07.01.2025,0,1,,342.09583,775.0,284.59999,57.49584,0
U339-H5-VS2-GGA10- Zn(II) 5-Cr(VI) 10-Ni(II) 10 mg-L-09012025-Q=50.16 mL-min-6,U339-H6-VS2-07.01.2025,0,2,,342.50972,1251.0,282.00001,60.50971,0
U339-H5-VS2-GGA10- Zn(II) 5-Cr(VI) 10-Ni(II) 10 mg-L-09012025-Q=50.16 mL-min-6,U339-H6-VS2-07.01.2025,0,3,,343.36197,1722.0,282.59999,60.76198,0
U339-H5-VS2-GGA10- Zn(II) 5-Cr(VI) 10-Ni(II) 10 mg-L-09012025-Q=50.16 mL-min-6,U339-H6-VS2-07.01.2025,0,4,,344.11081,2196.0,282.40001,61.7108,0
U339-H5-VS2-GGA10- Zn(II) 5-Cr(VI) 10-Ni(II) 10 mg-L-09012025-Q=50.16 mL-min-6,U339-H6-VS2-07.01.2025,0,5,,343.94445,2669.0,279.3,64.64445,0
U339-H5-VS2-GGA10- Zn(II) 5-Cr(VI) 10-Ni(II) 10 mg-L-09012025-Q=50.16 mL-min-6,U339-H6-VS2-07.01.2025,0,6,,346.13889,3143.0,284.20001,61.93888,0
U339-H5-VS2-GGA10- Zn(II) 5-Cr(VI) 10-Ni(II) 10 mg-L-09012025-Q=50.16 mL-min-6,U339-H6-VS2-07.01.2025,0,7,GGA10-Zn5-Cr10-Ni10,346.14306,3616.0,286.8,59.34306,1
U339-H5-VS2-GGA10- Zn(II) 5-Cr(VI) 10-Ni(II) 10 mg-L-09012025-Q=50.16 mL-min-6,U339-H6-VS2-07.01.2025,0,8,,345.64167,4089.0,294.9,50.74167,1
U339-H5-VS2-GGA10- Zn(II) 5-Cr(VI) 10-Ni(II) 10 mg-L-09012025-Q=50.16 mL-min-6,U339-H6-VS2-07.01.2025,0,9,,345.39305,4561.0,298.79999,46.59306,1
U339-H5-VS2-GGA10- Zn(II) 5-Cr(VI) 10-Ni(II) 10 mg-L-09012025-Q=50.16 mL-min-6,U339-H6-VS2-07.01.2025,0,10,,343.14722,5037.0,297.6,45.54722,1
U339-H5-VS2-GGA10- Zn(II) 5-Cr(VI) 10-Ni(II) 10 mg-L-09012025-Q=50.16 mL-min-6,U339-H6-VS2-07.01.2025,0,11,,345.77887,5509.0,301.09999,44.67888,2
U339-H5-VS2-GGA10- Zn(II) 5-Cr(VI) 10-Ni(II) 10 mg-L-09012025-Q=50.16 mL-min-6,U339-H6-VS2-07.01.2025,0,12,,348.05,5982.0,301.09999,46.95001,2
U339-H5-VS2-GGA10- Zn(II) 5-Cr(VI) 10-Ni(II) 10 mg-L-09012025-Q=50.16 mL-min-6,U339-H6-VS2-07.01.2025,0,13,,347.22567,6455.0,301.40001,45.82566,2
U337-H5-VS2-GGA10-Zn(II) 10-Cr(VI) 15-Ni(II) 10 mg-L-09012025-Q=50.04 mL-min-4,U339-H6-VS2-07.01.2025,1,0,GGA10,338.02639,301.0,282.59999,55.4264,0
U337-H5-VS2-GGA10-Zn(II) 10-Cr(VI) 15-Ni(II) 10 mg-L-09012025-Q=50.04 mL-min-4,U339-H6-VS2-07.01.2025,1,1,,338.99583,773.0,281.19999,57.79584,0
U337-H5-VS2-GGA10-Zn(II) 10-Cr(VI) 15-Ni(II) 10 mg-L-09012025-Q=50.04 mL-min-4,U339-H6-VS2-07.01.2025,1,2,,339.79583,1246.0,285.80001,53.99582,0
U337-H5-VS2-GGA10-Zn(II) 10-Cr(VI) 15-Ni(II) 10 mg-L-09012025-Q=50.04 mL-min-4,U339-H6-VS2-07.01.2025,1,3,,343.45556,1720.0,285.0,58.45556,0
U337-H5-VS2-GGA10-Zn(II) 10-Cr(VI) 15-Ni(II) 10 mg-L-09012025-Q=50.04 mL-min-4,U339-H6-VS2-07.01.2025,1,4,,344.00563,2194.0,284.70001,59.30562,0
U337-H5-VS2-GGA10-Zn(II) 10-Cr(VI) 15-Ni(II) 10 mg-L-09012025-Q=50.04 mL-min-4,U339-H6-VS2-07.01.2025,1,5,,346.18472,2665.0,287.9,58.28472,0
U337-H5-VS2-GGA10-Zn(II) 10-Cr(VI) 15-Ni(II) 10 mg-L-09012025-Q=50.04 mL-min-4,U339-H6-VS2-07.01.2025,1,6,GGA10-Zn15-Cr15-Ni10,344.39028,3141.0,283.10001,61.29027,1
U337-H5-VS2-GGA10-Zn(II) 10-Cr(VI) 15-Ni(II) 10 mg-L-09012025-Q=50.04 mL-min-4,U339-H6-VS2-07.01.2025,1,7,,342.48767,3612.0,286.59999,55.88768,1
U337-H5-VS2-GGA10-Zn(II) 10-Cr(VI) 15-Ni(II) 10 mg-L-09012025-Q=50.04 mL-min-4,U339-H6-VS2-07.01.2025,1,8,,343.89305,4086.0,291.20001,52.69304,1
U337-H5-VS2-GGA10-Zn(II) 10-Cr(VI) 15-Ni(II) 10 mg-L-09012025-Q=50.04 mL-min-4,U339-H6-VS2-07.01.2025,1,9,,346.56081,4558.0,290.2,56.36081,1
U337-H5-VS2-GGA10-Zn(II) 10-Cr(VI) 15-Ni(II) 10 mg-L-09012025-Q=50.04 mL-min-4,U339-H6-VS2-07.01.2025,1,10,,344.65555,5032.0,289.7,54.95555,1
U337-H5-VS2-GGA10-Zn(II) 10-Cr(VI) 15-Ni(II) 10 mg-L-09012025-Q=50.04 mL-min-4,U339-H6-VS2-07.01.2025,1,11,,343.04028,5505.0,293.00001,50.04027,1
U337-H5-VS2-GGA10-Zn(II) 10-Cr(VI) 15-Ni(II) 10 mg-L-09012025-Q=50.04 mL-min-4,U339-H6-VS2-07.01.2025,1,12,,346.39028,5977.0,298.3,48.09028,1
U337-H5-VS2-GGA10-Zn(II) 10-Cr(VI) 15-Ni(II) 10 mg-L-09012025-Q=50.04 mL-min-4,U339-H6-VS2-07.01.2025,1,13,,345.7625,6452.0,298.79999,46.96251,2
U337-H5-VS2-GGA10-Zn(II) 10-Cr(VI) 15-Ni(II) 10 mg-L-09012025-Q=50.04 mL-min-4,U339-H6-VS2-07.01.2025,1,14,,348.34444,6925.0,304.10001,44.24443,2
U337-H5-VS2-GGA10-Zn(II) 10-Cr(VI) 15-Ni(II) 10 mg-L-09012025-Q=50.04 mL-min-4,U339-H6-VS2-07.01.2025,1,15,,345.98611,7399.0,299.69999,46.28612,2
U340-H6-VS2-GGA10- Zn(II) 5-Cr(VI) 10-Ni(II) 5 mg-L-09012025-Q=50.02 mL-min-6,U340-H6-VS2-07.01.2025,0,0,GGA10,344.44028,301.0,289.99999,54.44029,0
U340-H6-VS2-GGA10- Zn(II) 5-Cr(VI) 10-Ni(II) 5 mg-L-09012025-Q=50.02 mL-min-6,U340-H6-VS2-07.01.2025,0,1,,345.46389,776.0,289.20001,56.26388,0
U340-H6-VS2-GGA10- Zn(II) 5-Cr(VI) 10-Ni(II) 5 mg-L-09012025-Q=50.02 mL-min-6,U340-H6-VS2-07.01.2025,0,2,,345.25417,1250.0,288.6,56.65417,0
U340-H6-VS2-GGA10- Zn(II) 5-Cr(VI) 10-Ni(II) 5 mg-L-09012025-Q=50.02 mL-min-6,U340-H6-VS2-07.01.2025,0,3,,345.81486,1721.0,288.89999,56.91487,0
U340-H6-VS2-GGA10- Zn(II) 5-Cr(VI) 10-Ni(II) 5 mg-L-09012025-Q=50.02 mL-min-6,U340-H6-VS2-07.01.2025,0,4,,346.16056,2194.0,291.5,54.66056,0
U340-H6-VS2-GGA10- Zn(II) 5-Cr(VI) 10-Ni(II) 5 mg-L-09012025-Q=50.02 mL-min-6,U340-H6-VS2-07.01.2025,0,5,,346.53194,2668.0,290.30001,56.23193,0
U340-H6-VS2-GGA10- Zn(II) 5-Cr(VI) 10-Ni(II) 5 mg-L-09012025-Q=50.02 mL-min-6,U340-H6-VS2-07.01.2025,0,6,GGA10-Zn5-Cr10-Ni5,351.3125,3141.0,285.69999,65.61251,1
U340-H6-VS2-GGA10- Zn(II) 5-Cr(VI) 10-Ni(II) 5 mg-L-09012025-Q=50.02 mL-min-6,U340-H6-VS2-07.01.2025,0,7,,351.00833,3616.0,295.70001,55.30832,1
U340-H6-VS2-GGA10- Zn(II) 5-Cr(VI) 10-Ni(II) 5 mg-L-09012025-Q=50.02 mL-min-6,U340-H6-VS2-07.01.2025,0,8,,350.15915,4087.0,300.8,49.35915,1
U340-H6-VS2-GGA10- Zn(II) 5-Cr(VI) 10-Ni(II) 5 mg-L-09012025-Q=50.02 mL-min-6,U340-H6-VS2-07.01.2025,0,9,,350.22361,4560.0,303.79999,46.42362,1
U340-H6-VS2-GGA10- Zn(II) 5-Cr(VI) 10-Ni(II) 5 mg-L-09012025-Q=50.02 mL-min-6,U340-H6-VS2-07.01.2025,0,10,,350.1625,5032.0,308.60001,41.56249,1
U340-H6-VS2-GGA10- Zn(II) 5-Cr(VI) 10-Ni(II) 5 mg-L-09012025-Q=50.02 mL-min-6,U340-H6-VS2-07.01.2025,0,11,,351.10282,5509.0,307.1,44.00282,1
U340-H6-VS2-GGA10- Zn(II) 5-Cr(VI) 10-Ni(II) 5 mg-L-09012025-Q=50.02 mL-min-6,U340-H6-VS2-07.01.2025,0,12,,349.34445,5981.0,307.59999,41.74446,2
U340-H6-VS2-GGA10- Zn(II) 5-Cr(VI) 10-Ni(II) 5 mg-L-09012025-Q=50.02 mL-min-6,U340-H6-VS2-07.01.2025,0,13,,348.22973,6454.0,308.80001,39.42972,2
U340-H6-VS2-GGA15-Zn(II) 10-Cr(VI) 15-Ni(II) 5 mg-L-09012025-Q=50.04 mL-min-4,U340-H6-VS2-07.01.2025,1,0,GGA15,345.69861,301.0,290.80001,54.8986,0
U340-H6-VS2-GGA15-Zn(II) 10-Cr(VI) 15-Ni(II) 5 mg-L-09012025-Q=50.04 mL-min-4,U340-H6-VS2-07.01.2025,1,1,,347.38889,775.0,290.2,57.18889,0
U340-H6-VS2-GGA15-Zn(II) 10-Cr(VI) 15-Ni(II) 5 mg-L-09012025-Q=50.04 mL-min-4,U340-H6-VS2-07.01.2025,1,2,,343.30972,1246.0,290.49999,52.80973,0
U340-H6-VS2-GGA15-Zn(II) 10-Cr(VI) 15-Ni(II) 5 mg-L-09012025-Q=50.04 mL-min-4,U340-H6-VS2-07.01.2025,1,3,,345.34444,1720.0,293.1,52.24444,0
U340-H6-VS2-GGA15-Zn(II) 10-Cr(VI) 15-Ni(II) 5 mg-L-09012025-Q=50.04 mL-min-4,U340-H6-VS2-07.01.2025,1,4,,347.30972,2194.0,292.60001,54.70971,0
U340-H6-VS2-GGA15-Zn(II) 10-Cr(VI) 15-Ni(II) 5 mg-L-09012025-Q=50.04 mL-min-4,U340-H6-VS2-07.01.2025,1,5,,348.19445,2667.0,294.09999,54.09446,0
U340-H6-VS2-GGA15-Zn(II) 10-Cr(VI) 15-Ni(II) 5 mg-L-09012025-Q=50.04 mL-min-4,U340-H6-VS2-07.01.2025,1,6,GGA15-Zn10-Cr15-Ni5,345.05972,3140.0,289.9,55.15972,1
U340-H6-VS2-GGA15-Zn(II) 10-Cr(VI) 15-Ni(II) 5 mg-L-09012025-Q=50.04 mL-min-4,U340-H6-VS2-07.01.2025,1,7,,345.27083,3615.0,292.10001,53.17082,1
U340-H6-VS2-GGA15-Zn(II) 10-Cr(VI) 15-Ni(II) 5 mg-L-09012025-Q=50.04 mL-min-4,U340-H6-VS2-07.01.2025,1,8,,347.18108,4088.0,295.70001,51.48107,1
U340-H6-VS2-GGA15-Zn(II) 10-Cr(VI) 15-Ni(II) 5 mg-L-09012025-Q=50.04 mL-min-4,U340-H6-VS2-07.01.2025,1,9,,349.26622,4561.0,300.8,48.46622,1
U340-H6-VS2-GGA15-Zn(II) 10-Cr(VI) 15-Ni(II) 5 mg-L-09012025-Q=50.04 mL-min-4,U340-H6-VS2-07.01.2025,1,10,,345.92253,5032.0,297.30001,48.62252,1
U340-H6-VS2-GGA15-Zn(II) 10-Cr(VI) 15-Ni(II) 5 mg-L-09012025-Q=50.04 mL-min-4,U340-H6-VS2-07.01.2025,1,11,,344.30422,5505.0,296.09999,48.20423,1
U340-H6-VS2-GGA15-Zn(II) 10-Cr(VI) 15-Ni(II) 5 mg-L-09012025-Q=50.04 mL-min-4,U340-H6-VS2-07.01.2025,1,12,,346.95278,5982.0,301.40001,45.55277,2
U340-H6-VS2-GGA15-Zn(II) 10-Cr(VI) 15-Ni(II) 5 mg-L-09012025-Q=50.04 mL-min-4,U340-H6-VS2-07.01.2025,1,13,,349.28889,6454.0,301.09999,48.1889,2
U340-H6-VS2-GGA15-Zn(II) 10-Cr(VI) 15-Ni(II) 5 mg-L-09012025-Q=50.04 mL-min-4,U340-H6-VS2-07.01.2025,1,14,,348.99445,6927.0,304.69999,44.29446,2
U341-H5-VS2-GGA5- Zn(II) 5-Cr(VI) 5-Ni(II) 15 mg-L-10012025-Q=50.56 mL-min-3,U341-H5-VS2-08.01.2025,0,0,GGA5,325.86944,301.0,249.59999,76.26945,0
U341-H5-VS2-GGA5- Zn(II) 5-Cr(VI) 5-Ni(II) 15 mg-L-10012025-Q=50.56 mL-min-3,U341-H5-VS2-08.01.2025,0,1,,323.52083,776.0,246.6,76.92083,0
U341-H5-VS2-GGA5- Zn(II) 5-Cr(VI) 5-Ni(II) 15 mg-L-10012025-Q=50.56 mL-min-3,U341-H5-VS2-08.01.2025,0,2,,320.97083,1250.0,248.60001,72.37082,0
U341-H5-VS2-GGA5- Zn(II) 5-Cr(VI) 5-Ni(II) 15 mg-L-10012025-Q=50.56 mL-min-3,U341-H5-VS2-08.01.2025,0,3,,320.29861,1723.0,244.29999,75.99862,0
U341-H5-VS2-GGA5- Zn(II) 5-Cr(VI) 5-Ni(II) 15 mg-L-10012025-Q=50.56 mL-min-3,U341-H5-VS2-08.01.2025,0,4,,318.45278,2197.0,242.0,76.45278,0
U341-H5-VS2-GGA5- Zn(II) 5-Cr(VI) 5-Ni(II) 15 mg-L-10012025-Q=50.56 mL-min-3,U341-H5-VS2-08.01.2025,0,5,,317.04722,2670.0,237.20001,79.84721,0
U341-H5-VS2-GGA5- Zn(II) 5-Cr(VI) 5-Ni(II) 15 mg-L-10012025-Q=50.56 mL-min-3,U341-H5-VS2-08.01.2025,0,6,GGA5-Zn5-Cr5-Ni15,316.39028,3142.0,250.09999,66.29029,1
U341-H5-VS2-GGA5- Zn(II) 5-Cr(VI) 5-Ni(II) 15 mg-L-10012025-Q=50.56 mL-min-3,U341-H5-VS2-08.01.2025,0,7,,316.78056,3616.0,260.89999,55.88057,1
U341-H5-VS2-GGA5- Zn(II) 5-Cr(VI) 5-Ni(II) 15 mg-L-10012025-Q=50.56 mL-min-3,U341-H5-VS2-08.01.2025,0,8,,313.35139,4088.0,267.8,45.55139,1
U341-H5-VS2-GGA5- Zn(II) 5-Cr(VI) 5-Ni(II) 15 mg-L-10012025-Q=50.56 mL-min-3,U341-H5-VS2-08.01.2025,0,9,,312.61409,4562.0,270.39999,42.2141,1
U341-H5-VS2-GGA5- Zn(II) 5-Cr(VI) 5-Ni(II) 15 mg-L-10012025-Q=50.56 mL-min-3,U341-H5-VS2-08.01.2025,0,10,,316.5137,5036.0,279.39999,37.11371,1
U341-H5-VS2-GGA5- Zn(II) 5-Cr(VI) 5-Ni(II) 15 mg-L-10012025-Q=50.56 mL-min-3,U341-H5-VS2-08.01.2025,0,11,,324.13944,5508.0,287.29999,36.83945,1
U341-H5-VS2-GGA5- Zn(II) 5-Cr(VI) 5-Ni(II) 15 mg-L-10012025-Q=50.56 mL-min-3,U341-H5-VS2-08.01.2025,0,12,,330.15493,5982.0,296.9,33.25493,2
U341-H5-VS2-GGA5- Zn(II) 5-Cr(VI) 5-Ni(II) 15 mg-L-10012025-Q=50.56 mL-min-3,U341-H5-VS2-08.01.2025,0,13,,332.10282,6457.0,300.1,32.00282,2
U341-H5-VS2-GGA10-Zn(II) 5-Cr(VI) 15-Ni(II) 10 mg-L-10012025-Q=50.56 mL-min-3,U341-H5-VS2-08.01.2025,1,0,GGA10,331.21389,301.0,287.49999,43.7139,0
U341-H5-VS2-GGA10-Zn(II) 5-Cr(VI) 15-Ni(II) 10 mg-L-10012025-Q=50.56 mL-min-3,U341-H5-VS2-08.01.2025,1,1,,333.39595,773.0,289.20001,44.19594,0
U341-H5-VS2-GGA10-Zn(II) 5-Cr(VI) 15-Ni(II) 10 mg-L-10012025-Q=50.56 mL-min-3,U341-H5-VS2-08.01.2025,1,2,,325.38611,1245.0,277.00001,48.3861,0
U341-H5-VS2-GGA10-Zn(II) 5-Cr(VI) 15-Ni(II) 10 mg-L-10012025-Q=50.56 mL-min-3,U341-H5-VS2-08.01.2025,1,3,,322.6831,1718.0,273.79999,48.88311,0
U341-H5-VS2-GGA10-Zn(II) 5-Cr(VI) 15-Ni(II) 10 mg-L-10012025-Q=50.56 mL-min-3,U341-H5-VS2-08.01.2025,1,4,,320.75694,2192.0,272.1,48.65694,0
U341-H5-VS2-GGA10-Zn(II) 5-Cr(VI) 15-Ni(II) 10 mg-L-10012025-Q=50.56 mL-min-3,U341-H5-VS2-08.01.2025,1,5,,321.2169,2664.0,275.00001,46.21689,0
U341-H5-VS2-GGA10-Zn(II) 5-Cr(VI) 15-Ni(II) 10 mg-L-10012025-Q=50.56 mL-min-3,U341-H5-VS2-08.01.2025,1,6,GGA10-Zn5-Cr15-Ni10,329.90555,3143.0,280.49999,49.40556,1
U341-H5-VS2-GGA10-Zn(II) 5-Cr(VI) 15-Ni(II) 10 mg-L-10012025-Q=50.56 mL-min-3,U341-H5-VS2-08.01.2025,1,7,,324.50972,3617.0,276.69999,47.80973,1
U341-H5-VS2-GGA10-Zn(II) 5-Cr(VI) 15-Ni(II) 10 mg-L-10012025-Q=50.56 mL-min-3,U341-H5-VS2-08.01.2025,1,8,,322.39584,4091.0,281.69999,40.69585,1
U341-H5-VS2-GGA10-Zn(II) 5-Cr(VI) 15-Ni(II) 10 mg-L-10012025-Q=50.56 mL-min-3,U341-H5-VS2-08.01.2025,1,9,,320.16389,4564.0,277.79999,42.3639,1
U341-H5-VS2-GGA10-Zn(II) 5-Cr(VI) 15-Ni(II) 10 mg-L-10012025-Q=50.56 mL-min-3,U341-H5-VS2-08.01.2025,1,10,,319.3527,5038.0,278.9,40.4527,2
U341-H5-VS2-GGA10-Zn(II) 5-Cr(VI) 15-Ni(II) 10 mg-L-10012025-Q=50.56 mL-min-3,U341-H5-VS2-08.01.2025,1,11,,322.59861,5511.0,280.99999,41.59862,2
U341-H5-VS2-GGA10-Zn(II) 5-Cr(VI) 15-Ni(II) 10 mg-L-10012025-Q=50.56 mL-min-3,U341-H5-VS2-08.01.2025,1,12,,325.74167,5985.0,285.69999,40.04168,2
U341-H5-VS2-GGA10-Zn(II) 5-Cr(VI) 15-Ni(II) 10 mg-L-10012025-Q=50.56 mL-min-3,U341-H5-VS2-08.01.2025,1,13,,321.05972,6459.0,281.69999,39.35973,2
U341-H5-VS2-GGA10-Zn(II) 15-Cr(VI) 15-Ni(II) 10 mg-L-10012025-Q=50.12 mL-min-5,U341-H5-VS2-08.01.2025,2,0,GGA10,340.79306,301.0,294.2,46.59306,0
U341-H5-VS2-GGA10-Zn(II) 15-Cr(VI) 15-Ni(II) 10 mg-L-10012025-Q=50.12 mL-min-5,U341-H5-VS2-08.01.2025,2,1,,343.02568,775.0,294.49999,48.52569,0
U341-H5-VS2-GGA10-Zn(II) 15-Cr(VI) 15-Ni(II) 10 mg-L-10012025-Q=50.12 mL-min-5,U341-H5-VS2-08.01.2025,2,2,,345.81944,1248.0,296.60001,49.21943,0
U341-H5-VS2-GGA10-Zn(II) 15-Cr(VI) 15-Ni(II) 10 mg-L-10012025-Q=50.12 mL-min-5,U341-H5-VS2-08.01.2025,2,3,,346.8625,1721.0,297.50001,49.36249,0
U341-H5-VS2-GGA10-Zn(II) 15-Cr(VI) 15-Ni(II) 10 mg-L-10012025-Q=50.12 mL-min-5,U341-H5-VS2-08.01.2025,2,4,,347.71944,2196.0,298.90001,48.81943,0
U341-H5-VS2-GGA10-Zn(II) 15-Cr(VI) 15-Ni(II) 10 mg-L-10012025-Q=50.12 mL-min-5,U341-H5-VS2-08.01.2025,2,5,,350.99583,2669.0,306.10001,44.89582,0
U341-H5-VS2-GGA10-Zn(II) 15-Cr(VI) 15-Ni(II) 10 mg-L-10012025-Q=50.12 mL-min-5,U341-H5-VS2-08.01.2025,2,6,GGA10-Zn15-Cr15-Ni10,350.80556,3143.0,309.8,41.00556,1
U341-H5-VS2-GGA10-Zn(II) 15-Cr(VI) 15-Ni(II) 10 mg-L-10012025-Q=50.12 mL-min-5,U341-H5-VS2-08.01.2025,2,7,,351.72877,3615.0,309.1,42.62877,1
U341-H5-VS2-GGA10-Zn(II) 15-Cr(VI) 15-Ni(II) 10 mg-L-10012025-Q=50.12 mL-min-5,U341-H5-VS2-08.01.2025,2,8,,352.91509,4091.0,311.69999,41.2151,1
U341-H5-VS2-GGA10-Zn(II) 15-Cr(VI) 15-Ni(II) 10 mg-L-10012025-Q=50.12 mL-min-5,U341-H5-VS2-08.01.2025,2,9,,351.96415,4560.0,310.7,41.26415,1
U341-H5-VS2-GGA10-Zn(II) 15-Cr(VI) 15-Ni(II) 10 mg-L-10012025-Q=50.12 mL-min-5,U341-H5-VS2-08.01.2025,2,10,,353.17736,5035.0,312.09999,41.07737,1
U341-H5-VS2-GGA10-Zn(II) 15-Cr(VI) 15-Ni(II) 10 mg-L-10012025-Q=50.12 mL-min-5,U341-H5-VS2-08.01.2025,2,11,,354.13019,5508.0,313.49999,40.6302,2
U341-H5-VS2-GGA10-Zn(II) 15-Cr(VI) 15-Ni(II) 10 mg-L-10012025-Q=50.12 mL-min-5,U341-H5-VS2-08.01.2025,2,12,,350.34151,5983.0,310.9,39.44151,2
U342-H6-VS2-GGA10- Zn(II) 5-Cr(VI) 15-Ni(II) 5 mg-L-10012025-Q=50 mL-min-3,U342-H6-VS2-08.01.2025,0,0,GGA10,328.56761,301.0,279.90001,48.6676,0
U342-H6-VS2-GGA10- Zn(II) 5-Cr(VI) 15-Ni(II) 5 mg-L-10012025-Q=50 mL-min-3,U342-H6-VS2-08.01.2025,0,1,,322.96081,775.0,269.2,53.76081,0
U342-H6-VS2-GGA10- Zn(II) 5-Cr(VI) 15-Ni(II) 5 mg-L-10012025-Q=50 mL-min-3,U342-H6-VS2-08.01.2025,0,2,,319.80563,1250.0,270.20001,49.60562,0
U342-H6-VS2-GGA10- Zn(II) 5-Cr(VI) 15-Ni(II) 5 mg-L-10012025-Q=50 mL-min-3,U342-H6-VS2-08.01.2025,0,3,,318.28889,1726.0,266.5,51.78889,0
U342-H6-VS2-GGA10- Zn(II) 5-Cr(VI) 15-Ni(II) 5 mg-L-10012025-Q=50 mL-min-3,U342-H6-VS2-08.01.2025,0,4,,318.40556,2198.0,267.6,50.80556,0
U342-H6-VS2-GGA10- Zn(II) 5-Cr(VI) 15-Ni(II) 5 mg-L-10012025-Q=50 mL-min-3,U342-H6-VS2-08.01.2025,0,5,,323.78611,2671.0,271.80001,51.9861,0
U342-H6-VS2-GGA10- Zn(II) 5-Cr(VI) 15-Ni(II) 5 mg-L-10012025-Q=50 mL-min-3,U342-H6-VS2-08.01.2025,0,6,GGA10-Zn5-Cr15-Ni5,328.93194,3146.0,268.90001,60.03193,1
U342-H6-VS2-GGA10- Zn(II) 5-Cr(VI) 15-Ni(II) 5 mg-L-10012025-Q=50 mL-min-3,U342-H6-VS2-08.01.2025,0,7,,321.97361,3616.0,276.10001,45.8736,1
U342-H6-VS2-GGA10- Zn(II) 5-Cr(VI) 15-Ni(II) 5 mg-L-10012025-Q=50 mL-min-3,U342-H6-VS2-08.01.2025,0,8,,319.56667,4090.0,273.79999,45.76668,1
U342-H6-VS2-GGA10- Zn(II) 5-Cr(VI) 15-Ni(II) 5 mg-L-10012025-Q=50 mL-min-3,U342-H6-VS2-08.01.2025,0,9,,317.09861,4561.0,275.99999,41.09862,1
U342-H6-VS2-GGA10- Zn(II) 5-Cr(VI) 15-Ni(II) 5 mg-L-10012025-Q=50 mL-min-3,U342-H6-VS2-08.01.2025,0,10,,318.04722,5037.0,279.19999,38.84723,2
U342-H6-VS2-GGA10- Zn(II) 5-Cr(VI) 15-Ni(II) 5 mg-L-10012025-Q=50 mL-min-3,U342-H6-VS2-08.01.2025,0,11,,324.41757,5510.0,283.10001,41.31756,2
U342-H6-VS2-GGA10- Zn(II) 5-Cr(VI) 15-Ni(II) 5 mg-L-10012025-Q=50 mL-min-3,U342-H6-VS2-08.01.2025,0,12,,327.75139,5982.0,283.80001,43.95138,2
U342-H6-VS2-GGA10- Zn(II) 5-Cr(VI) 15-Ni(II) 5 mg-L-10012025-Q=50 mL-min-3,U342-H6-VS2-08.01.2025,0,13,,320.74028,6457.0,282.20001,38.54027,2
U342-H6-VS2-GGA10-Zn(II) 15-Cr(VI) 15-Ni(II) 5 mg-L-10012025-Q=50.12 mL-min-3,U342-H6-VS2-08.01.2025,1,0,GGA10,333.62361,301.0,291.59999,42.02362,0
U342-H6-VS2-GGA10-Zn(II) 15-Cr(VI) 15-Ni(II) 5 mg-L-10012025-Q=50.12 mL-min-3,U342-H6-VS2-08.01.2025,1,1,,336.3375,774.0,291.00001,45.33749,0
U342-H6-VS2-GGA10-Zn(II) 15-Cr(VI) 15-Ni(II) 5 mg-L-10012025-Q=50.12 mL-min-3,U342-H6-VS2-08.01.2025,1,2,,337.90694,1251.0,295.30001,42.60693,0
U342-H6-VS2-GGA10-Zn(II) 15-Cr(VI) 15-Ni(II) 5 mg-L-10012025-Q=50.12 mL-min-3,U342-H6-VS2-08.01.2025,1,3,,341.72838,1721.0,299.80001,41.92837,0
U342-H6-VS2-GGA10-Zn(II) 15-Cr(VI) 15-Ni(II) 5 mg-L-10012025-Q=50.12 mL-min-3,U342-H6-VS2-08.01.2025,1,4,,343.69859,2193.0,304.30001,39.39858,0
U342-H6-VS2-GGA10-Zn(II) 15-Cr(VI) 15-Ni(II) 5 mg-L-10012025-Q=50.12 mL-min-3,U342-H6-VS2-08.01.2025,1,5,,346.50833,2668.0,306.10001,40.40832,0
U342-H6-VS2-GGA10-Zn(II) 15-Cr(VI) 15-Ni(II) 5 mg-L-10012025-Q=50.12 mL-min-3,U342-H6-VS2-08.01.2025,1,6,GGA10-Zn15-Cr15-Ni5,346.21818,3144.0,305.7,40.51818,1
U342-H6-VS2-GGA10-Zn(II) 15-Cr(VI) 15-Ni(II) 5 mg-L-10012025-Q=50.12 mL-min-3,U342-H6-VS2-08.01.2025,1,7,,347.18333,3617.0,310.0,37.18333,1
U342-H6-VS2-GGA10-Zn(II) 15-Cr(VI) 15-Ni(II) 5 mg-L-10012025-Q=50.12 mL-min-3,U342-H6-VS2-08.01.2025,1,8,,347.43636,4087.0,315.10001,32.33635,1
U342-H6-VS2-GGA10-Zn(II) 15-Cr(VI) 15-Ni(II) 5 mg-L-10012025-Q=50.12 mL-min-3,U342-H6-VS2-08.01.2025,1,9,,347.86212,4560.0,310.79999,37.06213,1
U342-H6-VS2-GGA10-Zn(II) 15-Cr(VI) 15-Ni(II) 5 mg-L-10012025-Q=50.12 mL-min-3,U342-H6-VS2-08.01.2025,1,10,,345.76515,5033.0,314.70001,31.06514,1
U342-H6-VS2-GGA10-Zn(II) 15-Cr(VI) 15-Ni(II) 5 mg-L-10012025-Q=50.12 mL-min-3,U342-H6-VS2-08.01.2025,1,11,,347.67727,5510.0,319.90001,27.77726,2
U342-H6-VS2-GGA10-Zn(II) 15-Cr(VI) 15-Ni(II) 5 mg-L-10012025-Q=50.12 mL-min-3,U342-H6-VS2-08.01.2025,1,12,,347.03283,5979.0,320.6,26.43283,2
U343-H5-VS2-GGA10- Zn(II) 15-Cr(VI) 5-Ni(II) 10 mg-L-13012025-Q=50.56 mL-min-4,U343-H5-VS2-11.01.2025,0,0,GGA10,324.72778,301.0,250.2,74.52778,0
U343-H5-VS2-GGA10- Zn(II) 15-Cr(VI) 5-Ni(II) 10 mg-L-13012025-Q=50.56 mL-min-4,U343-H5-VS2-11.01.2025,0,1,,321.96389,775.0,249.8,72.16389,0
U343-H5-VS2-GGA10- Zn(II) 15-Cr(VI) 5-Ni(II) 10 mg-L-13012025-Q=50.56 mL-min-4,U343-H5-VS2-11.01.2025,0,2,,320.97324,1247.0,242.2,78.77324,0
U343-H5-VS2-GGA10- Zn(II) 15-Cr(VI) 5-Ni(II) 10 mg-L-13012025-Q=50.56 mL-min-4,U343-H5-VS2-11.01.2025,0,3,,318.3507,1719.0,240.5,77.8507,0
U343-H5-VS2-GGA10- Zn(II) 15-Cr(VI) 5-Ni(II) 10 mg-L-13012025-Q=50.56 mL-min-4,U343-H5-VS2-11.01.2025,0,4,,316.70676,2192.0,242.0,74.70676,0
U343-H5-VS2-GGA10- Zn(II) 15-Cr(VI) 5-Ni(II) 10 mg-L-13012025-Q=50.56 mL-min-4,U343-H5-VS2-11.01.2025,0,5,,315.73889,2664.0,240.4,75.33889,0
U343-H5-VS2-GGA10- Zn(II) 15-Cr(VI) 5-Ni(II) 10 mg-L-13012025-Q=50.56 mL-min-4,U343-H5-VS2-11.01.2025,0,6,GGA10-Zn15-Cr5-Ni10,313.8625,3140.0,254.59999,59.26251,1
U343-H5-VS2-GGA10- Zn(II) 15-Cr(VI) 5-Ni(II) 10 mg-L-13012025-Q=50.56 mL-min-4,U343-H5-VS2-11.01.2025,0,7,,324.70834,3615.0,279.8,44.90834,1
U343-H5-VS2-GGA10- Zn(II) 15-Cr(VI) 5-Ni(II) 10 mg-L-13012025-Q=50.56 mL-min-4,U343-H5-VS2-11.01.2025,0,8,,333.7324,4087.0,293.1,40.6324,1
U343-H5-VS2-GGA10- Zn(II) 15-Cr(VI) 5-Ni(II) 10 mg-L-13012025-Q=50.56 mL-min-4,U343-H5-VS2-11.01.2025,0,9,,338.97361,4561.0,302.50001,36.4736,1
U343-H5-VS2-GGA10- Zn(II) 15-Cr(VI) 5-Ni(II) 10 mg-L-13012025-Q=50.56 mL-min-4,U343-H5-VS2-11.01.2025,0,10,,341.4875,5035.0,306.10001,35.38749,1
U343-H5-VS2-GGA10- Zn(II) 15-Cr(VI) 5-Ni(II) 10 mg-L-13012025-Q=50.56 mL-min-4,U343-H5-VS2-11.01.2025,0,11,,342.17778,5509.0,308.49999,33.67779,2
U343-H5-VS2-GGA10- Zn(II) 15-Cr(VI) 5-Ni(II) 10 mg-L-13012025-Q=50.56 mL-min-4,U343-H5-VS2-11.01.2025,0,12,,342.39296,5982.0,309.1,33.29296,2
U343-H5-VS2-GGA10-Zn(II) 5-Cr(VI) 15-Ni(II) 10 mg-L-13012025-Q=50.44 mL-min-4,U343-H5-VS2-11.01.2025,1,0,GGA10,326.17639,301.0,281.6,44.57639,0
U343-H5-VS2-GGA10-Zn(II) 5-Cr(VI) 15-Ni(II) 10 mg-L-13012025-Q=50.44 mL-min-4,U343-H5-VS2-11.01.2025,1,1,,323.55695,776.0,278.60001,44.95694,0
U343-H5-VS2-GGA10-Zn(II) 5-Cr(VI) 15-Ni(II) 10 mg-L-13012025-Q=50.44 mL-min-4,U343-H5-VS2-11.01.2025,1,2,,321.46111,1249.0,275.7,45.76111,0
U343-H5-VS2-GGA10-Zn(II) 5-Cr(VI) 15-Ni(II) 10 mg-L-13012025-Q=50.44 mL-min-4,U343-H5-VS2-11.01.2025,1,3,,320.16389,1722.0,270.59999,49.5639,0
U343-H5-VS2-GGA10-Zn(II) 5-Cr(VI) 15-Ni(II) 10 mg-L-13012025-Q=50.44 mL-min-4,U343-H5-VS2-11.01.2025,1,4,,319.70556,2196.0,269.89999,49.80557,0
U343-H5-VS2-GGA10-Zn(II) 5-Cr(VI) 15-Ni(II) 10 mg-L-13012025-Q=50.44 mL-min-4,U343-H5-VS2-11.01.2025,1,5,,319.2,2669.0,270.20001,48.99999,0
U343-H5-VS2-GGA10-Zn(II) 5-Cr(VI) 15-Ni(II) 10 mg-L-13012025-Q=50.44 mL-min-4,U343-H5-VS2-11.01.2025,1,6,GGA10-Zn5-Cr15-Ni10,316.62973,3143.0,277.1,39.52973,1
U343-H5-VS2-GGA10-Zn(II) 5-Cr(VI) 15-Ni(II) 10 mg-L-13012025-Q=50.44 mL-min-4,U343-H5-VS2-11.01.2025,1,7,,322.03472,3615.0,285.0,37.03472,1
U343-H5-VS2-GGA10-Zn(II) 5-Cr(VI) 15-Ni(II) 10 mg-L-13012025-Q=50.44 mL-min-4,U343-H5-VS2-11.01.2025,1,8,,319.49305,4089.0,280.80001,38.69304,1
U343-H5-VS2-GGA10-Zn(II) 5-Cr(VI) 15-Ni(II) 10 mg-L-13012025-Q=50.44 mL-min-4,U343-H5-VS2-11.01.2025,1,9,,318.14722,4564.0,280.9,37.24722,1
U343-H5-VS2-GGA10-Zn(II) 5-Cr(VI) 15-Ni(II) 10 mg-L-13012025-Q=50.44 mL-min-4,U343-H5-VS2-11.01.2025,1,10,,316.85,5037.0,281.89999,34.95001,2
U343-H5-VS2-GGA10-Zn(II) 5-Cr(VI) 15-Ni(II) 10 mg-L-13012025-Q=50.44 mL-min-4,U343-H5-VS2-11.01.2025,1,11,,319.3831,5510.0,284.39999,34.98311,2
U343-H5-VS2-GGA15-Zn(II) 5-Cr(VI) 15-Ni(II) 15 mg-L-13012025-Q=50.8 mL-min-2,U343-H5-VS2-11.01.2025,2,0,GGA15,338.12535,301.0,293.1,45.02535,0
U343-H5-VS2-GGA15-Zn(II) 5-Cr(VI) 15-Ni(II) 15 mg-L-13012025-Q=50.8 mL-min-2,U343-H5-VS2-11.01.2025,2,1,,332.97917,777.0,283.30001,49.67916,0
U343-H5-VS2-GGA15-Zn(II) 5-Cr(VI) 15-Ni(II) 15 mg-L-13012025-Q=50.8 mL-min-2,U343-H5-VS2-11.01.2025,2,2,,333.96528,1251.0,286.90001,47.06527,0
U343-H5-VS2-GGA15-Zn(II) 5-Cr(VI) 15-Ni(II) 15 mg-L-13012025-Q=50.8 mL-min-2,U343-H5-VS2-11.01.2025,2,3,,330.87465,1728.0,284.70001,46.17464,0
U343-H5-VS2-GGA15-Zn(II) 5-Cr(VI) 15-Ni(II) 15 mg-L-13012025-Q=50.8 mL-min-2,U343-H5-VS2-11.01.2025,2,4,,337.29375,2202.0,289.09999,48.19376,0
U343-H5-VS2-GGA15-Zn(II) 5-Cr(VI) 15-Ni(II) 15 mg-L-13012025-Q=50.8 mL-min-2,U343-H5-VS2-11.01.2025,2,5,GGA15-Zn5-Cr15-Ni15,332.95833,2675.0,289.40001,43.55832,1
U343-H5-VS2-GGA15-Zn(II) 5-Cr(VI) 15-Ni(II) 15 mg-L-13012025-Q=50.8 mL-min-2,U343-H5-VS2-11.01.2025,2,6,,330.47917,3148.0,290.80001,39.67916,1
U343-H5-VS2-GGA15-Zn(II) 5-Cr(VI) 15-Ni(II) 15 mg-L-13012025-Q=50.8 mL-min-2,U343-H5-VS2-11.01.2025,2,7,,336.30208,3619.0,296.79999,39.50209,1
U343-H5-VS2-GGA15-Zn(II) 5-Cr(VI) 15-Ni(II) 15 mg-L-13012025-Q=50.8 mL-min-2,U343-H5-VS2-11.01.2025,2,8,,337.04,4093.0,297.89999,39.14001,1
U343-H5-VS2-GGA15-Zn(II) 5-Cr(VI) 15-Ni(II) 15 mg-L-13012025-Q=50.8 mL-min-2,U343-H5-VS2-11.01.2025,2,9,,332.56833,4568.0,296.9,35.66833,1
U343-H5-VS2-GGA15-Zn(II) 5-Cr(VI) 15-Ni(II) 15 mg-L-13012025-Q=50.8 mL-min-2,U343-H5-VS2-11.01.2025,2,10,,337.19333,5039.0,297.89999,39.29334,1
U343-H5-VS2-GGA15-Zn(II) 5-Cr(VI) 15-Ni(II) 15 mg-L-13012025-Q=50.8 mL-min-2,U343-H5-VS2-11.01.2025,2,11,,335.09333,5508.0,300.70001,34.39332,1
U343-H5-VS2-GGA15-Zn(II) 5-Cr(VI) 15-Ni(II) 15 mg-L-13012025-Q=50.8 mL-min-2,U343-H5-VS2-11.01.2025,2,12,,337.44833,5980.0,305.40001,32.04832,2
U343-H5-VS2-GGA15-Zn(II) 5-Cr(VI) 15-Ni(II) 15 mg-L-13012025-Q=50.8 mL-min-2,U343-H5-VS2-11.01.2025,2,13,,336.50635,6452.0,305.99999,30.50636,2
U344-H6-VS2-GGA10- Zn(II) 15-Cr(VI) 5-Ni(II) 10 mg-L-13012025-Q=50.44 mL-min-5,U344-H6-VS2-11.01.2025,0,0,GGA10,327.49375,301.0,252.29999,75.19376,0
U344-H6-VS2-GGA10- Zn(II) 15-Cr(VI) 5-Ni(II) 10 mg-L-13012025-Q=50.44 mL-min-5,U344-H6-VS2-11.01.2025,0,1,,324.2,775.0,252.9,71.3,0
U344-H6-VS2-GGA10- Zn(II) 15-Cr(VI) 5-Ni(II) 10 mg-L-13012025-Q=50.44 mL-min-5,U344-H6-VS2-11.01.2025,0,2,,323.10417,1247.0,245.19999,77.90418,0
U344-H6-VS2-GGA10- Zn(II) 15-Cr(VI) 5-Ni(II) 10 mg-L-13012025-Q=50.44 mL-min-5,U344-H6-VS2-11.01.2025,0,3,,316.70851,1726.0,243.2,73.50851,0
U344-H6-VS2-GGA10- Zn(II) 15-Cr(VI) 5-Ni(II) 10 mg-L-13012025-Q=50.44 mL-min-5,U344-H6-VS2-11.01.2025,0,4,,315.85834,2200.0,243.39999,72.45835,0
U344-H6-VS2-GGA10- Zn(II) 15-Cr(VI) 5-Ni(II) 10 mg-L-13012025-Q=50.44 mL-min-5,U344-H6-VS2-11.01.2025,0,5,,314.69167,2673.0,241.69999,72.99168,0
U344-H6-VS2-GGA10- Zn(II) 15-Cr(VI) 5-Ni(II) 10 mg-L-13012025-Q=50.44 mL-min-5,U344-H6-VS2-11.01.2025,0,6,GGA10-Zn15-Cr5-Ni10,315.124,3146.0,248.3,66.824,1
U344-H6-VS2-GGA10- Zn(II) 15-Cr(VI) 5-Ni(II) 10 mg-L-13012025-Q=50.44 mL-min-5,U344-H6-VS2-11.01.2025,0,7,,329.10834,3619.0,272.1,57.00834,1
U344-H6-VS2-GGA10- Zn(II) 15-Cr(VI) 5-Ni(II) 10 mg-L-13012025-Q=50.44 mL-min-5,U344-H6-VS2-11.01.2025,0,8,,336.06809,4094.0,288.30001,47.76808,1
U344-H6-VS2-GGA10- Zn(II) 15-Cr(VI) 5-Ni(II) 10 mg-L-13012025-Q=50.44 mL-min-5,U344-H6-VS2-11.01.2025,0,9,,341.72083,4566.0,297.30001,44.42082,1
U344-H6-VS2-GGA10- Zn(II) 15-Cr(VI) 5-Ni(II) 10 mg-L-13012025-Q=50.44 mL-min-5,U344-H6-VS2-11.01.2025,0,10,,344.47292,5041.0,304.69999,39.77293,1
U344-H6-VS2-GGA10- Zn(II) 15-Cr(VI) 5-Ni(II) 10 mg-L-13012025-Q=50.44 mL-min-5,U344-H6-VS2-11.01.2025,0,11,,345.14791,5514.0,308.2,36.94791,2
U344-H6-VS2-GGA10- Zn(II) 15-Cr(VI) 5-Ni(II) 10 mg-L-13012025-Q=50.44 mL-min-5,U344-H6-VS2-11.01.2025,0,12,,347.5375,5986.0,311.4,36.1375,2
U344-H6-VS2-GGA10- Zn(II) 15-Cr(VI) 5-Ni(II) 10 mg-L-13012025-Q=50.44 mL-min-5,U344-H6-VS2-11.01.2025,0,13,,348.908,6464.0,312.40001,36.50799,2
U344-H6-VS2-GGA10-Zn(II) 5-Cr(VI) 15-Ni(II) 5 mg-L-13012025-Q=50.44 mL-min-4,U344-H6-VS2-11.01.2025,1,0,GGA10,332.42951,301.0,291.3,41.12951,0
U344-H6-VS2-GGA10-Zn(II) 5-Cr(VI) 15-Ni(II) 5 mg-L-13012025-Q=50.44 mL-min-4,U344-H6-VS2-11.01.2025,1,1,,328.0541,772.0,290.89999,37.15411,0
U344-H6-VS2-GGA10-Zn(II) 5-Cr(VI) 15-Ni(II) 5 mg-L-13012025-Q=50.44 mL-min-4,U344-H6-VS2-11.01.2025,1,2,,324.70667,14701.0,280.0,44.70667,0
U344-H6-VS2-GGA10-Zn(II) 5-Cr(VI) 15-Ni(II) 5 mg-L-13012025-Q=50.44 mL-min-4,U344-H6-VS2-11.01.2025,1,3,,324.17049,15173.0,274.30001,49.87048,0
U344-H6-VS2-GGA10-Zn(II) 5-Cr(VI) 15-Ni(II) 5 mg-L-13012025-Q=50.44 mL-min-4,U344-H6-VS2-11.01.2025,1,4,,325.67936,15646.0,275.79999,49.87937,0
U344-H6-VS2-GGA10-Zn(II) 5-Cr(VI) 15-Ni(II) 5 mg-L-13012025-Q=50.44 mL-min-4,U344-H6-VS2-11.01.2025,1,5,GGA10-Zn5-Cr15-Ni5,323.96,16119.0,287.40001,36.55999,1
U344-H6-VS2-GGA10-Zn(II) 5-Cr(VI) 15-Ni(II) 5 mg-L-13012025-Q=50.44 mL-min-4,U344-H6-VS2-11.01.2025,1,6,,328.76885,16593.0,293.70001,35.06884,1
U344-H6-VS2-GGA10-Zn(II) 5-Cr(VI) 15-Ni(II) 5 mg-L-13012025-Q=50.44 mL-min-4,U344-H6-VS2-11.01.2025,1,7,,323.55082,17065.0,291.5,32.05082,1
U344-H6-VS2-GGA10-Zn(II) 5-Cr(VI) 15-Ni(II) 5 mg-L-13012025-Q=50.44 mL-min-4,U344-H6-VS2-11.01.2025,1,8,,321.945,17539.0,291.79999,30.14501,1
U344-H6-VS2-GGA10-Zn(II) 5-Cr(VI) 15-Ni(II) 5 mg-L-13012025-Q=50.44 mL-min-4,U344-H6-VS2-11.01.2025,1,9,,320.91333,18014.0,290.89999,30.01334,1
U344-H6-VS2-GGA10-Zn(II) 5-Cr(VI) 15-Ni(II) 5 mg-L-13012025-Q=50.44 mL-min-4,U344-H6-VS2-11.01.2025,1,10,,325.95574,18488.0,298.3,27.65574,2
U344-H6-VS2-GGA10-Zn(II) 5-Cr(VI) 15-Ni(II) 5 mg-L-13012025-Q=50.44 mL-min-4,U344-H6-VS2-11.01.2025,1,11,,331.81833,18961.0,303.5,28.31833,2
U344-H6-VS2-GGA15-Zn(II) 5-Cr(VI) 15-Ni(II) 10 mg-L-13012025-Q=50.44 mL-min-2,U344-H6-VS2-11.01.2025,2,0,GGA15,351.66667,301.0,305.20001,46.46666,0
U344-H6-VS2-GGA15-Zn(II) 5-Cr(VI) 15-Ni(II) 10 mg-L-13012025-Q=50.44 mL-min-2,U344-H6-VS2-11.01.2025,2,1,,353.07705,774.0,305.00001,48.07704,0
U344-H6-VS2-GGA15-Zn(II) 5-Cr(VI) 15-Ni(II) 10 mg-L-13012025-Q=50.44 mL-min-2,U344-H6-VS2-11.01.2025,2,2,,353.14833,1247.0,307.70001,45.44832,0
U344-H6-VS2-GGA15-Zn(II) 5-Cr(VI) 15-Ni(II) 10 mg-L-13012025-Q=50.44 mL-min-2,U344-H6-VS2-11.01.2025,2,3,,346.01311,1721.0,301.0,45.01311,0
U344-H6-VS2-GGA15-Zn(II) 5-Cr(VI) 15-Ni(II) 10 mg-L-13012025-Q=50.44 mL-min-2,U344-H6-VS2-11.01.2025,2,4,,349.80164,2196.0,302.1,47.70164,0
U344-H6-VS2-GGA15-Zn(II) 5-Cr(VI) 15-Ni(II) 10 mg-L-13012025-Q=50.44 mL-min-2,U344-H6-VS2-11.01.2025,2,5,,348.595,2668.0,303.79999,44.79501,0
U344-H6-VS2-GGA15-Zn(II) 5-Cr(VI) 15-Ni(II) 10 mg-L-13012025-Q=50.44 mL-min-2,U344-H6-VS2-11.01.2025,2,6,GGA15-Zn5-Cr15-Ni10,350.42333,3147.0,310.29999,40.12334,1
U344-H6-VS2-GGA15-Zn(II) 5-Cr(VI) 15-Ni(II) 10 mg-L-13012025-Q=50.44 mL-min-2,U344-H6-VS2-11.01.2025,2,7,,350.26885,3623.0,312.7,37.56885,1
U344-H6-VS2-GGA15-Zn(II) 5-Cr(VI) 15-Ni(II) 10 mg-L-13012025-Q=50.44 mL-min-2,U344-H6-VS2-11.01.2025,2,8,,354.47619,4093.0,315.4,39.07619,1
U344-H6-VS2-GGA15-Zn(II) 5-Cr(VI) 15-Ni(II) 10 mg-L-13012025-Q=50.44 mL-min-2,U344-H6-VS2-11.01.2025,2,9,,355.63,4567.0,314.3,41.33,1
U344-H6-VS2-GGA15-Zn(II) 5-Cr(VI) 15-Ni(II) 10 mg-L-13012025-Q=50.44 mL-min-2,U344-H6-VS2-11.01.2025,2,10,,349.60492,5040.0,314.5,35.10492,1
U344-H6-VS2-GGA15-Zn(II) 5-Cr(VI) 15-Ni(II) 10 mg-L-13012025-Q=50.44 mL-min-2,U344-H6-VS2-11.01.2025,2,11,,353.44167,5513.0,317.5,35.94167,1
U344-H6-VS2-GGA15-Zn(II) 5-Cr(VI) 15-Ni(II) 10 mg-L-13012025-Q=50.44 mL-min-2,U344-H6-VS2-11.01.2025,2,12,,347.33934,5986.0,312.7,34.63934,1
U344-H6-VS2-GGA15-Zn(II) 5-Cr(VI) 15-Ni(II) 10 mg-L-13012025-Q=50.44 mL-min-2,U344-H6-VS2-11.01.2025,2,13,,351.045,6460.0,318.19999,32.84501,2
U344-H6-VS2-GGA15-Zn(II) 5-Cr(VI) 15-Ni(II) 10 mg-L-13012025-Q=50.44 mL-min-2,U344-H6-VS2-11.01.2025,2,14,,345.62295,6931.0,314.59999,31.02296,2
U345-H5-VS2-GGA10- Zn(II) 15-Cr(VI) 5-Ni(II) 10 mg-L-14012025-Q=50.42 mL-min-5,U345-H5-VS2-12.01.2025,0,0,GGA10,336.2375,301.0,276.4,59.8375,0
U345-H5-VS2-GGA10- Zn(II) 15-Cr(VI) 5-Ni(II) 10 mg-L-14012025-Q=50.42 mL-min-5,U345-H5-VS2-12.01.2025,0,1,,336.62083,773.0,279.70001,56.92082,0
U345-H5-VS2-GGA10- Zn(II) 15-Cr(VI) 5-Ni(II) 10 mg-L-14012025-Q=50.42 mL-min-5,U345-H5-VS2-12.01.2025,0,2,,334.61111,1247.0,273.7,60.91111,0
U345-H5-VS2-GGA10- Zn(II) 15-Cr(VI) 5-Ni(II) 10 mg-L-14012025-Q=50.42 mL-min-5,U345-H5-VS2-12.01.2025,0,3,,332.68784,1720.0,272.50001,60.18783,0
U345-H5-VS2-GGA10- Zn(II) 15-Cr(VI) 5-Ni(II) 10 mg-L-14012025-Q=50.42 mL-min-5,U345-H5-VS2-12.01.2025,0,4,,331.39306,2193.0,273.40001,57.99305,0
U345-H5-VS2-GGA10- Zn(II) 15-Cr(VI) 5-Ni(II) 10 mg-L-14012025-Q=50.42 mL-min-5,U345-H5-VS2-12.01.2025,0,5,,330.11944,2668.0,266.40001,63.71943,0
U345-H5-VS2-GGA10- Zn(II) 15-Cr(VI) 5-Ni(II) 10 mg-L-14012025-Q=50.42 mL-min-5,U345-H5-VS2-12.01.2025,0,6,GGA10-Zn15-Cr5-Ni10,339.92353,3140.0,291.20001,48.72352,1
U345-H5-VS2-GGA10- Zn(II) 15-Cr(VI) 5-Ni(II) 10 mg-L-14012025-Q=50.42 mL-min-5,U345-H5-VS2-12.01.2025,0,7,,347.82059,3615.0,307.70001,40.12058,1
U345-H5-VS2-GGA10- Zn(II) 15-Cr(VI) 5-Ni(II) 10 mg-L-14012025-Q=50.42 mL-min-5,U345-H5-VS2-12.01.2025,0,8,,352.96666,4087.0,317.7,35.26666,1
U345-H5-VS2-GGA10- Zn(II) 15-Cr(VI) 5-Ni(II) 10 mg-L-14012025-Q=50.42 mL-min-5,U345-H5-VS2-12.01.2025,0,9,,356.91471,4560.0,323.59999,33.31472,1
U345-H5-VS2-GGA10- Zn(II) 15-Cr(VI) 5-Ni(II) 10 mg-L-14012025-Q=50.42 mL-min-5,U345-H5-VS2-12.01.2025,0,10,,356.16324,5033.0,325.50001,30.66323,1
U345-H5-VS2-GGA10- Zn(II) 15-Cr(VI) 5-Ni(II) 10 mg-L-14012025-Q=50.42 mL-min-5,U345-H5-VS2-12.01.2025,0,11,,357.85797,5507.0,328.3,29.55797,2
U345-H5-VS2-GGA10- Zn(II) 15-Cr(VI) 5-Ni(II) 10 mg-L-14012025-Q=50.42 mL-min-5,U345-H5-VS2-12.01.2025,0,12,,358.51857,5979.0,331.09999,27.41858,2
U345-H5-VS2-GGA15-Zn(II) 5-Cr(VI) 15-Ni(II) 15 mg-L-14012025-Q=50.56 mL-min-3,U345-H5-VS2-12.01.2025,1,0,GGA15,333.37059,301.0,300.1,33.27059,0
U345-H5-VS2-GGA15-Zn(II) 5-Cr(VI) 15-Ni(II) 15 mg-L-14012025-Q=50.56 mL-min-3,U345-H5-VS2-12.01.2025,1,1,,337.11324,773.0,303.60001,33.51323,0
U345-H5-VS2-GGA15-Zn(II) 5-Cr(VI) 15-Ni(II) 15 mg-L-14012025-Q=50.56 mL-min-3,U345-H5-VS2-12.01.2025,1,2,,333.29855,1248.0,298.90001,34.39854,0
U345-H5-VS2-GGA15-Zn(II) 5-Cr(VI) 15-Ni(II) 15 mg-L-14012025-Q=50.56 mL-min-3,U345-H5-VS2-12.01.2025,1,3,,336.26377,1722.0,301.9,34.36377,0
U345-H5-VS2-GGA15-Zn(II) 5-Cr(VI) 15-Ni(II) 15 mg-L-14012025-Q=50.56 mL-min-3,U345-H5-VS2-12.01.2025,1,4,,333.34265,2196.0,298.3,35.04265,0
U345-H5-VS2-GGA15-Zn(II) 5-Cr(VI) 15-Ni(II) 15 mg-L-14012025-Q=50.56 mL-min-3,U345-H5-VS2-12.01.2025,1,5,,336.11176,2670.0,298.5,37.61176,0
U345-H5-VS2-GGA15-Zn(II) 5-Cr(VI) 15-Ni(II) 15 mg-L-14012025-Q=50.56 mL-min-3,U345-H5-VS2-12.01.2025,1,6,GGA15-Zn5-Cr15-Ni15,338.10294,3142.0,304.69999,33.40295,1
U345-H5-VS2-GGA15-Zn(II) 5-Cr(VI) 15-Ni(II) 15 mg-L-14012025-Q=50.56 mL-min-3,U345-H5-VS2-12.01.2025,1,7,,341.31304,3616.0,309.30001,32.01303,1
U345-H5-VS2-GGA15-Zn(II) 5-Cr(VI) 15-Ni(II) 15 mg-L-14012025-Q=50.56 mL-min-3,U345-H5-VS2-12.01.2025,1,8,,335.34507,4090.0,307.1,28.24507,1
U345-H5-VS2-GGA15-Zn(II) 5-Cr(VI) 15-Ni(II) 15 mg-L-14012025-Q=50.56 mL-min-3,U345-H5-VS2-12.01.2025,1,9,,341.27183,4563.0,312.09999,29.17184,1
U345-H5-VS2-GGA15-Zn(II) 5-Cr(VI) 15-Ni(II) 15 mg-L-14012025-Q=50.56 mL-min-3,U345-H5-VS2-12.01.2025,1,10,,338.40735,5037.0,312.40001,26.00734,1
U345-H5-VS2-GGA15-Zn(II) 5-Cr(VI) 15-Ni(II) 15 mg-L-14012025-Q=50.56 mL-min-3,U345-H5-VS2-12.01.2025,1,11,,344.14348,5508.0,317.9,26.24348,1
U345-H5-VS2-GGA15-Zn(II) 5-Cr(VI) 15-Ni(II) 15 mg-L-14012025-Q=50.56 mL-min-3,U345-H5-VS2-12.01.2025,1,12,,337.82464,5983.0,312.00001,25.82463,2
U345-H5-VS2-GGA15-Zn(II) 5-Cr(VI) 15-Ni(II) 15 mg-L-14012025-Q=50.56 mL-min-3,U345-H5-VS2-12.01.2025,1,13,,337.26618,6459.0,314.59999,22.66619,2
U345-H5-VS2-GGA15-Zn(II) 5-Cr(VI) 15-Ni(II) 15 mg-L-14012025-Q=50.56 mL-min-3,U345-H5-VS2-12.01.2025,1,14,,337.46323,6933.0,312.09999,25.36324,2
U345-H5-VS2-GGA10-Zn(II) 10-Cr(VI) 5-Ni(II) 15 mg-L-14012025-Q=50.32 mL-min-3,U345-H5-VS2-12.01.2025,2,0,GGA10,355.67353,301.0,320.89999,34.77354,0
U345-H5-VS2-GGA10-Zn(II) 10-Cr(VI) 5-Ni(II) 15 mg-L-14012025-Q=50.32 mL-min-3,U345-H5-VS2-12.01.2025,2,1,,350.81618,774.0,318.89999,31.91619,0
U345-H5-VS2-GGA10-Zn(II) 10-Cr(VI) 5-Ni(II) 15 mg-L-14012025-Q=50.32 mL-min-3,U345-H5-VS2-12.01.2025,2,2,,353.58676,1248.0,318.8,34.78676,0
U345-H5-VS2-GGA10-Zn(II) 10-Cr(VI) 5-Ni(II) 15 mg-L-14012025-Q=50.32 mL-min-3,U345-H5-VS2-12.01.2025,2,3,,353.92059,1722.0,318.89999,35.0206,0
U345-H5-VS2-GGA10-Zn(II) 10-Cr(VI) 5-Ni(II) 15 mg-L-14012025-Q=50.32 mL-min-3,U345-H5-VS2-12.01.2025,2,4,,347.73333,2195.0,313.10001,34.63332,0
U345-H5-VS2-GGA10-Zn(II) 10-Cr(VI) 5-Ni(II) 15 mg-L-14012025-Q=50.32 mL-min-3,U345-H5-VS2-12.01.2025,2,5,,352.72286,2668.0,318.19999,34.52287,0
U345-H5-VS2-GGA10-Zn(II) 10-Cr(VI) 5-Ni(II) 15 mg-L-14012025-Q=50.32 mL-min-3,U345-H5-VS2-12.01.2025,2,6,GGA10-Zn10-Cr5-Ni15,354.81618,3142.0,322.49999,32.31619,1
U345-H5-VS2-GGA10-Zn(II) 10-Cr(VI) 5-Ni(II) 15 mg-L-14012025-Q=50.32 mL-min-3,U345-H5-VS2-12.01.2025,2,7,,347.91029,3615.0,319.99999,27.9103,1
U345-H5-VS2-GGA10-Zn(II) 10-Cr(VI) 5-Ni(II) 15 mg-L-14012025-Q=50.32 mL-min-3,U345-H5-VS2-12.01.2025,2,8,,342.41912,4088.0,316.90001,25.51911,1
U345-H5-VS2-GGA10-Zn(II) 10-Cr(VI) 5-Ni(II) 15 mg-L-14012025-Q=50.32 mL-min-3,U345-H5-VS2-12.01.2025,2,9,,339.14559,4559.0,316.90001,22.24558,2
U345-H5-VS2-GGA10-Zn(II) 10-Cr(VI) 5-Ni(II) 15 mg-L-14012025-Q=50.32 mL-min-3,U345-H5-VS2-12.01.2025,2,10,,342.24264,5034.0,318.6,23.64264,2
U345-H5-VS2-GGA10-Zn(II) 10-Cr(VI) 5-Ni(II) 15 mg-L-14012025-Q=50.32 mL-min-3,U345-H5-VS2-12.01.2025,2,11,,338.92206,5509.0,315.0,23.92206,2
U346-H6-VS2-GGA10- Zn(II) 15-Cr(VI) 5-Ni(II) 5 mg-L-14012025-Q=50.12 mL-min-6,U346-H6-VS2-12.01.2025,0,0,GGA10,326.76176,301.0,273.99999,52.76177,0
U346-H6-VS2-GGA10- Zn(II) 15-Cr(VI) 5-Ni(II) 5 mg-L-14012025-Q=50.12 mL-min-6,U346-H6-VS2-12.01.2025,0,1,,326.48088,771.0,271.80001,54.68087,0
U346-H6-VS2-GGA10- Zn(II) 15-Cr(VI) 5-Ni(II) 5 mg-L-14012025-Q=50.12 mL-min-6,U346-H6-VS2-12.01.2025,0,2,,325.36029,1245.0,266.20001,59.16028,0
U346-H6-VS2-GGA10- Zn(II) 15-Cr(VI) 5-Ni(II) 5 mg-L-14012025-Q=50.12 mL-min-6,U346-H6-VS2-12.01.2025,0,3,,323.83676,1719.0,266.29999,57.53677,0
U346-H6-VS2-GGA10- Zn(II) 15-Cr(VI) 5-Ni(II) 5 mg-L-14012025-Q=50.12 mL-min-6,U346-H6-VS2-12.01.2025,0,4,,323.04265,2192.0,266.5,56.54265,0
U346-H6-VS2-GGA10- Zn(II) 15-Cr(VI) 5-Ni(II) 5 mg-L-14012025-Q=50.12 mL-min-6,U346-H6-VS2-12.01.2025,0,5,,322.42941,2664.0,266.7,55.72941,0
U346-H6-VS2-GGA10- Zn(II) 15-Cr(VI) 5-Ni(II) 5 mg-L-14012025-Q=50.12 mL-min-6,U346-H6-VS2-12.01.2025,0,6,GGA10-Zn15-Cr5-Ni5,337.80986,3142.0,287.29999,50.50987,1
U346-H6-VS2-GGA10- Zn(II) 15-Cr(VI) 5-Ni(II) 5 mg-L-14012025-Q=50.12 mL-min-6,U346-H6-VS2-12.01.2025,0,7,,350.03089,3617.0,309.39999,40.6309,1
U346-H6-VS2-GGA10- Zn(II) 15-Cr(VI) 5-Ni(II) 5 mg-L-14012025-Q=50.12 mL-min-6,U346-H6-VS2-12.01.2025,0,8,,353.96232,4087.0,317.09999,36.86233,1
U346-H6-VS2-GGA10- Zn(II) 15-Cr(VI) 5-Ni(II) 5 mg-L-14012025-Q=50.12 mL-min-6,U346-H6-VS2-12.01.2025,0,9,,358.97647,4560.0,324.7,34.27647,2
U346-H6-VS2-GGA10- Zn(II) 15-Cr(VI) 5-Ni(II) 5 mg-L-14012025-Q=50.12 mL-min-6,U346-H6-VS2-12.01.2025,0,10,,360.98261,5032.0,329.80001,31.1826,2
U346-H6-VS2-GGA10- Zn(II) 15-Cr(VI) 5-Ni(II) 5 mg-L-14012025-Q=50.12 mL-min-6,U346-H6-VS2-12.01.2025,0,11,,364.33676,5507.0,331.99999,32.33677,2
U346-H6-VS2-GGA10- Zn(II) 15-Cr(VI) 5-Ni(II) 5 mg-L-14012025-Q=50.12 mL-min-6,U346-H6-VS2-12.01.2025,0,12,,366.98235,5979.0,332.70001,34.28234,2
U346-H6-VS2-GGA10-Zn(II) 10-Cr(VI) 5-Ni(II) 10 mg-L-14012025-Q=50.52 mL-min-5,U346-H6-VS2-12.01.2025,1,0,GGA10,364.89855,301.0,324.60001,40.29854,0
U346-H6-VS2-GGA10-Zn(II) 10-Cr(VI) 5-Ni(II) 10 mg-L-14012025-Q=50.52 mL-min-5,U346-H6-VS2-12.01.2025,1,1,,363.4029,776.0,322.2,41.2029,0
U346-H6-VS2-GGA10-Zn(II) 10-Cr(VI) 5-Ni(II) 10 mg-L-14012025-Q=50.52 mL-min-5,U346-H6-VS2-12.01.2025,1,2,,360.90294,1248.0,321.39999,39.50295,0
U346-H6-VS2-GGA10-Zn(II) 10-Cr(VI) 5-Ni(II) 10 mg-L-14012025-Q=50.52 mL-min-5,U346-H6-VS2-12.01.2025,1,3,,361.67794,1719.0,321.59999,40.07795,0
U346-H6-VS2-GGA10-Zn(II) 10-Cr(VI) 5-Ni(II) 10 mg-L-14012025-Q=50.52 mL-min-5,U346-H6-VS2-12.01.2025,1,4,,363.37206,2194.0,321.70001,41.67205,0
U346-H6-VS2-GGA10-Zn(II) 10-Cr(VI) 5-Ni(II) 10 mg-L-14012025-Q=50.52 mL-min-5,U346-H6-VS2-12.01.2025,1,5,,356.80735,2668.0,316.90001,39.90734,0
U346-H6-VS2-GGA10-Zn(II) 10-Cr(VI) 5-Ni(II) 10 mg-L-14012025-Q=50.52 mL-min-5,U346-H6-VS2-12.01.2025,1,6,GGA10-Zn10-Cr5-Ni10,364.13676,3142.0,329.4,34.73676,1
U346-H6-VS2-GGA10-Zn(II) 10-Cr(VI) 5-Ni(II) 10 mg-L-14012025-Q=50.52 mL-min-5,U346-H6-VS2-12.01.2025,1,7,,365.14366,3615.0,328.39999,36.74367,1
U346-H6-VS2-GGA10-Zn(II) 10-Cr(VI) 5-Ni(II) 10 mg-L-14012025-Q=50.52 mL-min-5,U346-H6-VS2-12.01.2025,1,8,,357.05218,4088.0,324.2,32.85218,1
U346-H6-VS2-GGA10-Zn(II) 10-Cr(VI) 5-Ni(II) 10 mg-L-14012025-Q=50.52 mL-min-5,U346-H6-VS2-12.01.2025,1,9,,352.31912,4562.0,322.4,29.91912,1
U346-H6-VS2-GGA10-Zn(II) 10-Cr(VI) 5-Ni(II) 10 mg-L-14012025-Q=50.52 mL-min-5,U346-H6-VS2-12.01.2025,1,10,,347.02609,5037.0,320.80001,26.22608,2
U346-H6-VS2-GGA10-Zn(II) 10-Cr(VI) 5-Ni(II) 10 mg-L-14012025-Q=50.52 mL-min-5,U346-H6-VS2-12.01.2025,1,11,,353.82647,5509.0,323.00001,30.82646,2
U346-H6-VS2-GGA10-Zn(II) 10-Cr(VI) 5-Ni(II) 10 mg-L-14012025-Q=50.52 mL-min-5,U346-H6-VS2-12.01.2025,1,12,,348.89706,5980.0,322.29999,26.59707,2
U346-H6-VS2-GGA10-Zn(II) 10-Cr(VI) 5-Ni(II) 10 mg-L-14012025-Q=50.52 mL-min-5,U346-H6-VS2-12.01.2025,1,13,,354.38382,6456.0,325.39999,28.98383,2
U346-H6-VS2-GGA15-Zn(II) 5-Cr(VI) 15-Ni(II) 10 mg-L-14012025-Q=50.32 mL-min-3,U346-H6-VS2-12.01.2025,2,0,GGA15,348.41304,301.0,309.1,39.31304,0
U346-H6-VS2-GGA15-Zn(II) 5-Cr(VI) 15-Ni(II) 10 mg-L-14012025-Q=50.32 mL-min-3,U346-H6-VS2-12.01.2025,2,1,,351.82206,776.0,312.99999,38.82207,0
U346-H6-VS2-GGA15-Zn(II) 5-Cr(VI) 15-Ni(II) 10 mg-L-14012025-Q=50.32 mL-min-3,U346-H6-VS2-12.01.2025,2,2,,346.90147,1249.0,309.30001,37.60146,0
U346-H6-VS2-GGA15-Zn(II) 5-Cr(VI) 15-Ni(II) 10 mg-L-14012025-Q=50.32 mL-min-3,U346-H6-VS2-12.01.2025,2,3,,352.05588,1722.0,307.79999,44.25589,0
U346-H6-VS2-GGA15-Zn(II) 5-Cr(VI) 15-Ni(II) 10 mg-L-14012025-Q=50.32 mL-min-3,U346-H6-VS2-12.01.2025,2,4,,346.81304,2196.0,304.30001,42.51303,0
U346-H6-VS2-GGA15-Zn(II) 5-Cr(VI) 15-Ni(II) 10 mg-L-14012025-Q=50.32 mL-min-3,U346-H6-VS2-12.01.2025,2,5,,349.39706,2670.0,307.20001,42.19705,0
U346-H6-VS2-GGA15-Zn(II) 5-Cr(VI) 15-Ni(II) 10 mg-L-14012025-Q=50.32 mL-min-3,U346-H6-VS2-12.01.2025,2,6,GGA15-Zn5-Cr15-Ni10,351.00735,3142.0,312.99999,38.00736,1
U346-H6-VS2-GGA15-Zn(II) 5-Cr(VI) 15-Ni(II) 10 mg-L-14012025-Q=50.32 mL-min-3,U346-H6-VS2-12.01.2025,2,7,,352.85294,3615.0,318.8,34.05294,1
U346-H6-VS2-GGA15-Zn(II) 5-Cr(VI) 15-Ni(II) 10 mg-L-14012025-Q=50.32 mL-min-3,U346-H6-VS2-12.01.2025,2,8,,348.37429,4087.0,317.40001,30.97428,1
U346-H6-VS2-GGA15-Zn(II) 5-Cr(VI) 15-Ni(II) 10 mg-L-14012025-Q=50.32 mL-min-3,U346-H6-VS2-12.01.2025,2,9,,354.18286,4562.0,323.3,30.88286,1
U346-H6-VS2-GGA15-Zn(II) 5-Cr(VI) 15-Ni(II) 10 mg-L-14012025-Q=50.32 mL-min-3,U346-H6-VS2-12.01.2025,2,10,,350.46324,5037.0,321.20001,29.26323,1
U346-H6-VS2-GGA15-Zn(II) 5-Cr(VI) 15-Ni(II) 10 mg-L-14012025-Q=50.32 mL-min-3,U346-H6-VS2-12.01.2025,2,11,,355.93824,5511.0,326.5,29.43824,1
U346-H6-VS2-GGA15-Zn(II) 5-Cr(VI) 15-Ni(II) 10 mg-L-14012025-Q=50.32 mL-min-3,U346-H6-VS2-12.01.2025,2,12,,349.26618,5982.0,321.79999,27.46619,2
U346-H6-VS2-GGA15-Zn(II) 5-Cr(VI) 15-Ni(II) 10 mg-L-14012025-Q=50.32 mL-min-3,U346-H6-VS2-12.01.2025,2,13,,353.40435,6455.0,325.70001,27.70434,2
U347-H5-VS2-GGA10- Zn(II) 15-Cr(VI) 5-Ni(II) 10 mg-L-16012025-Q=50.46 mL-min-3,U347-H5-VS2-14.01.2025,0,0,GGA5,317.27222,301.0,246.99999,70.27223,0
U347-H5-VS2-GGA10- Zn(II) 15-Cr(VI) 5-Ni(II) 10 mg-L-16012025-Q=50.46 mL-min-3,U347-H5-VS2-14.01.2025,0,1,,315.97222,774.0,245.19999,70.77223,0
U347-H5-VS2-GGA10- Zn(II) 15-Cr(VI) 5-Ni(II) 10 mg-L-16012025-Q=50.46 mL-min-3,U347-H5-VS2-14.01.2025,0,2,,314.63333,1248.0,243.0,71.63333,0
U347-H5-VS2-GGA10- Zn(II) 15-Cr(VI) 5-Ni(II) 10 mg-L-16012025-Q=50.46 mL-min-3,U347-H5-VS2-14.01.2025,0,3,,312.55972,1721.0,241.9,70.65972,0
U347-H5-VS2-GGA10- Zn(II) 15-Cr(VI) 5-Ni(II) 10 mg-L-16012025-Q=50.46 mL-min-3,U347-H5-VS2-14.01.2025,0,4,,321.78194,2195.0,249.2,72.58194,0
U347-H5-VS2-GGA10- Zn(II) 15-Cr(VI) 5-Ni(II) 10 mg-L-16012025-Q=50.46 mL-min-3,U347-H5-VS2-14.01.2025,0,5,,329.97703,2668.0,254.70001,75.27702,1
U347-H5-VS2-GGA10- Zn(II) 15-Cr(VI) 5-Ni(II) 10 mg-L-16012025-Q=50.46 mL-min-3,U347-H5-VS2-14.01.2025,0,6,GGA5-Zn15-Cr5-Ni10,335.18472,3142.0,273.99999,61.18473,1
U347-H5-VS2-GGA10- Zn(II) 15-Cr(VI) 5-Ni(II) 10 mg-L-16012025-Q=50.46 mL-min-3,U347-H5-VS2-14.01.2025,0,7,,338.95352,3615.0,293.00001,45.95351,1
U347-H5-VS2-GGA10- Zn(II) 15-Cr(VI) 5-Ni(II) 10 mg-L-16012025-Q=50.46 mL-min-3,U347-H5-VS2-14.01.2025,0,8,,342.66389,4086.0,305.20001,37.46388,1
U347-H5-VS2-GGA10- Zn(II) 15-Cr(VI) 5-Ni(II) 10 mg-L-16012025-Q=50.46 mL-min-3,U347-H5-VS2-14.01.2025,0,9,,343.63472,4561.0,308.80001,34.83471,2
U347-H5-VS2-GGA10- Zn(II) 15-Cr(VI) 5-Ni(II) 10 mg-L-16012025-Q=50.46 mL-min-3,U347-H5-VS2-14.01.2025,0,10,,344.20282,5035.0,309.6,34.60282,2
U347-H5-VS2-GGA10-Zn(II) 10-Cr(VI) 5-Ni(II) 15 mg-L-16012025-Q=50.8 mL-min-4,U347-H5-VS2-14.01.2025,1,0,GGA10,340.11806,301.0,294.60001,45.51805,0
U347-H5-VS2-GGA10-Zn(II) 10-Cr(VI) 5-Ni(II) 15 mg-L-16012025-Q=50.8 mL-min-4,U347-H5-VS2-14.01.2025,1,1,,340.23195,775.0,290.2,50.03195,0
U347-H5-VS2-GGA10-Zn(II) 10-Cr(VI) 5-Ni(II) 15 mg-L-16012025-Q=50.8 mL-min-4,U347-H5-VS2-14.01.2025,1,2,,339.06111,1249.0,294.29999,44.76112,0
U347-H5-VS2-GGA10-Zn(II) 10-Cr(VI) 5-Ni(II) 15 mg-L-16012025-Q=50.8 mL-min-4,U347-H5-VS2-14.01.2025,1,3,,338.34507,1721.0,291.1,47.24507,0
U347-H5-VS2-GGA10-Zn(II) 10-Cr(VI) 5-Ni(II) 15 mg-L-16012025-Q=50.8 mL-min-4,U347-H5-VS2-14.01.2025,1,4,,339.20556,2196.0,287.2,52.00556,0
U347-H5-VS2-GGA10-Zn(II) 10-Cr(VI) 5-Ni(II) 15 mg-L-16012025-Q=50.8 mL-min-4,U347-H5-VS2-14.01.2025,1,5,,341.95208,2668.0,292.9,49.05208,0
U347-H5-VS2-GGA10-Zn(II) 10-Cr(VI) 5-Ni(II) 15 mg-L-16012025-Q=50.8 mL-min-4,U347-H5-VS2-14.01.2025,1,6,GGA10-Zn10-Cr5-Ni15,342.79167,3142.0,303.0,39.79167,1
U347-H5-VS2-GGA10-Zn(II) 10-Cr(VI) 5-Ni(II) 15 mg-L-16012025-Q=50.8 mL-min-4,U347-H5-VS2-14.01.2025,1,7,,341.84167,3614.0,305.7,36.14167,1
U347-H5-VS2-GGA10-Zn(II) 10-Cr(VI) 5-Ni(II) 15 mg-L-16012025-Q=50.8 mL-min-4,U347-H5-VS2-14.01.2025,1,8,,341.862,4088.0,305.40001,36.46199,1
U347-H5-VS2-GGA10-Zn(II) 10-Cr(VI) 5-Ni(II) 15 mg-L-16012025-Q=50.8 mL-min-4,U347-H5-VS2-14.01.2025,1,9,,340.06809,4562.0,306.30001,33.76808,1
U347-H5-VS2-GGA10-Zn(II) 10-Cr(VI) 5-Ni(II) 15 mg-L-16012025-Q=50.8 mL-min-4,U347-H5-VS2-14.01.2025,1,10,,340.24583,5035.0,307.59999,32.64584,2
U347-H5-VS2-GGA10-Zn(II) 10-Cr(VI) 5-Ni(II) 15 mg-L-16012025-Q=50.8 mL-min-4,U347-H5-VS2-14.01.2025,1,11,,338.96596,5508.0,307.90001,31.06595,2
U347-H5-VS2-GGA15-Zn(II) 5-Cr(VI) 15-Ni(II) 15 mg-L-16012025-Q=50.28 mL-min-4,U347-H5-VS2-14.01.2025,2,0,GGA15,325.2875,301.0,279.1,46.1875,0
U347-H5-VS2-GGA15-Zn(II) 5-Cr(VI) 15-Ni(II) 15 mg-L-16012025-Q=50.28 mL-min-4,U347-H5-VS2-14.01.2025,2,1,,327.504,775.0,280.29999,47.20401,0
U347-H5-VS2-GGA15-Zn(II) 5-Cr(VI) 15-Ni(II) 15 mg-L-16012025-Q=50.28 mL-min-4,U347-H5-VS2-14.01.2025,2,2,,326.28542,1247.0,280.49999,45.78543,0
U347-H5-VS2-GGA15-Zn(II) 5-Cr(VI) 15-Ni(II) 15 mg-L-16012025-Q=50.28 mL-min-4,U347-H5-VS2-14.01.2025,2,3,,323.70834,1721.0,275.99999,47.70835,0
U347-H5-VS2-GGA15-Zn(II) 5-Cr(VI) 15-Ni(II) 15 mg-L-16012025-Q=50.28 mL-min-4,U347-H5-VS2-14.01.2025,2,4,,320.14583,2195.0,275.3,44.84583,0
U347-H5-VS2-GGA15-Zn(II) 5-Cr(VI) 15-Ni(II) 15 mg-L-16012025-Q=50.28 mL-min-4,U347-H5-VS2-14.01.2025,2,5,,317.11042,2664.0,271.80001,45.31041,0
U347-H5-VS2-GGA15-Zn(II) 5-Cr(VI) 15-Ni(II) 15 mg-L-16012025-Q=50.28 mL-min-4,U347-H5-VS2-14.01.2025,2,6,GGA15-Zn5-Cr15-Ni15,326.85,3136.0,284.00001,42.84999,1
U347-H5-VS2-GGA15-Zn(II) 5-Cr(VI) 15-Ni(II) 15 mg-L-16012025-Q=50.28 mL-min-4,U347-H5-VS2-14.01.2025,2,7,,330.012,3610.0,293.8,36.212,1
U347-H5-VS2-GGA15-Zn(II) 5-Cr(VI) 15-Ni(II) 15 mg-L-16012025-Q=50.28 mL-min-4,U347-H5-VS2-14.01.2025,2,8,,325.48182,4081.0,290.2,35.28182,1
U347-H5-VS2-GGA15-Zn(II) 5-Cr(VI) 15-Ni(II) 15 mg-L-16012025-Q=50.28 mL-min-4,U347-H5-VS2-14.01.2025,2,9,,323.64091,4555.0,289.09999,34.54092,1
U347-H5-VS2-GGA15-Zn(II) 5-Cr(VI) 15-Ni(II) 15 mg-L-16012025-Q=50.28 mL-min-4,U347-H5-VS2-14.01.2025,2,10,,322.18182,5028.0,287.49999,34.68183,1
U347-H5-VS2-GGA15-Zn(II) 5-Cr(VI) 15-Ni(II) 15 mg-L-16012025-Q=50.28 mL-min-4,U347-H5-VS2-14.01.2025,2,11,,320.01666,5501.0,290.49999,29.51667,2
U347-H5-VS2-GGA15-Zn(II) 5-Cr(VI) 15-Ni(II) 15 mg-L-16012025-Q=50.28 mL-min-4,U347-H5-VS2-14.01.2025,2,12,,325.73485,5977.0,296.60001,29.13484,2
U347-H5-VS2-GGA15-Zn(II) 5-Cr(VI) 15-Ni(II) 15 mg-L-16012025-Q=50.28 mL-min-4,U347-H5-VS2-14.01.2025,2,13,,328.08939,6447.0,297.6,30.48939,2
U347-H5-VS2-GGA15-Zn(II) 5-Cr(VI) 15-Ni(II) 15 mg-L-16012025-Q=50.28 mL-min-4,U347-H5-VS2-14.01.2025,2,14,,330.01364,6923.0,300.90001,29.11363,2
U348-H6-VS2-GGA5- Zn(II) 15-Cr(VI) 5-Ni(II) 5 mg-L-16012025-Q=50.42 mL-min-3,U348-H6-VS2-14.01.2025,0,0,GGA5,311.83194,301.0,245.7,66.13194,0
U348-H6-VS2-GGA5- Zn(II) 15-Cr(VI) 5-Ni(II) 5 mg-L-16012025-Q=50.42 mL-min-3,U348-H6-VS2-14.01.2025,0,1,,310.13611,774.0,243.2,66.93611,0
U348-H6-VS2-GGA5- Zn(II) 15-Cr(VI) 5-Ni(II) 5 mg-L-16012025-Q=50.42 mL-min-3,U348-H6-VS2-14.01.2025,0,2,,307.49306,1246.0,243.0,64.49306,0
U348-H6-VS2-GGA5- Zn(II) 15-Cr(VI) 5-Ni(II) 5 mg-L-16012025-Q=50.42 mL-min-3,U348-H6-VS2-14.01.2025,0,3,,306.21528,1720.0,233.70001,72.51527,0
U348-H6-VS2-GGA5- Zn(II) 15-Cr(VI) 5-Ni(II) 5 mg-L-16012025-Q=50.42 mL-min-3,U348-H6-VS2-14.01.2025,0,4,,304.59861,2194.0,231.4,73.19861,0
U348-H6-VS2-GGA5- Zn(II) 15-Cr(VI) 5-Ni(II) 5 mg-L-16012025-Q=50.42 mL-min-3,U348-H6-VS2-14.01.2025,0,5,,319.03611,2668.0,243.2,75.83611,0
U348-H6-VS2-GGA5- Zn(II) 15-Cr(VI) 5-Ni(II) 5 mg-L-16012025-Q=50.42 mL-min-3,U348-H6-VS2-14.01.2025,0,6,GGA5-Zn15-Cr5-Ni5,327.86081,3141.0,252.0,75.86081,1
U348-H6-VS2-GGA5- Zn(II) 15-Cr(VI) 5-Ni(II) 5 mg-L-16012025-Q=50.42 mL-min-3,U348-H6-VS2-14.01.2025,0,7,,335.54722,3614.0,272.39999,63.14723,1
U348-H6-VS2-GGA5- Zn(II) 15-Cr(VI) 5-Ni(II) 5 mg-L-16012025-Q=50.42 mL-min-3,U348-H6-VS2-14.01.2025,0,8,,341.14167,4088.0,293.1,48.04167,1
U348-H6-VS2-GGA5- Zn(II) 15-Cr(VI) 5-Ni(II) 5 mg-L-16012025-Q=50.42 mL-min-3,U348-H6-VS2-14.01.2025,0,9,,342.8197,4563.0,300.59999,42.21971,1
U348-H6-VS2-GGA5- Zn(II) 15-Cr(VI) 5-Ni(II) 5 mg-L-16012025-Q=50.42 mL-min-3,U348-H6-VS2-14.01.2025,0,10,,343.47727,5036.0,305.7,37.77727,2
U348-H6-VS2-GGA5- Zn(II) 15-Cr(VI) 5-Ni(II) 5 mg-L-16012025-Q=50.42 mL-min-3,U348-H6-VS2-14.01.2025,0,11,,344.67727,5509.0,305.99999,38.67728,2
U348-H6-VS2-GGA5- Zn(II) 15-Cr(VI) 5-Ni(II) 5 mg-L-16012025-Q=50.42 mL-min-3,U348-H6-VS2-14.01.2025,0,12,,346.68333,5984.0,310.20001,36.48332,2
U348-H6-VS2-GGA10-Zn(II) 10-Cr(VI) 5-Ni(II) 10 mg-L-16012025-Q=50.28 mL-min-6,U348-H6-VS2-14.01.2025,1,0,GGA10,342.51667,301.0,288.19999,54.31668,0
U348-H6-VS2-GGA10-Zn(II) 10-Cr(VI) 5-Ni(II) 10 mg-L-16012025-Q=50.28 mL-min-6,U348-H6-VS2-14.01.2025,1,1,,341.15303,775.0,286.59999,54.55304,0
U348-H6-VS2-GGA10-Zn(II) 10-Cr(VI) 5-Ni(II) 10 mg-L-16012025-Q=50.28 mL-min-6,U348-H6-VS2-14.01.2025,1,2,,342.36212,1247.0,287.29999,55.06213,0
U348-H6-VS2-GGA10-Zn(II) 10-Cr(VI) 5-Ni(II) 10 mg-L-16012025-Q=50.28 mL-min-6,U348-H6-VS2-14.01.2025,1,3,,341.01212,1721.0,292.10001,48.91211,0
U348-H6-VS2-GGA10-Zn(II) 10-Cr(VI) 5-Ni(II) 10 mg-L-16012025-Q=50.28 mL-min-6,U348-H6-VS2-14.01.2025,1,4,,340.8697,2197.0,290.2,50.6697,0
U348-H6-VS2-GGA10-Zn(II) 10-Cr(VI) 5-Ni(II) 10 mg-L-16012025-Q=50.28 mL-min-6,U348-H6-VS2-14.01.2025,1,5,,345.09242,2671.0,286.8,58.29242,0
U348-H6-VS2-GGA10-Zn(II) 10-Cr(VI) 5-Ni(II) 10 mg-L-16012025-Q=50.28 mL-min-6,U348-H6-VS2-14.01.2025,1,6,GGA10-Zn10-Cr5-Ni10,344.06866,3142.0,303.0,41.06866,1
U348-H6-VS2-GGA10-Zn(II) 10-Cr(VI) 5-Ni(II) 10 mg-L-16012025-Q=50.28 mL-min-6,U348-H6-VS2-14.01.2025,1,7,,344.08637,3616.0,303.5,40.58637,1
U348-H6-VS2-GGA10-Zn(II) 10-Cr(VI) 5-Ni(II) 10 mg-L-16012025-Q=50.28 mL-min-6,U348-H6-VS2-14.01.2025,1,8,,342.52879,4090.0,305.90001,36.62878,1
U348-H6-VS2-GGA10-Zn(II) 10-Cr(VI) 5-Ni(II) 10 mg-L-16012025-Q=50.28 mL-min-6,U348-H6-VS2-14.01.2025,1,9,,342.05606,4562.0,305.3,36.75606,1
U348-H6-VS2-GGA10-Zn(II) 10-Cr(VI) 5-Ni(II) 10 mg-L-16012025-Q=50.28 mL-min-6,U348-H6-VS2-14.01.2025,1,10,,342.49254,5036.0,306.89999,35.59255,1
U348-H6-VS2-GGA10-Zn(II) 10-Cr(VI) 5-Ni(II) 10 mg-L-16012025-Q=50.28 mL-min-6,U348-H6-VS2-14.01.2025,1,11,,341.58485,5514.0,308.09999,33.48486,2
U348-H6-VS2-GGA10-Zn(II) 10-Cr(VI) 5-Ni(II) 10 mg-L-16012025-Q=50.28 mL-min-6,U348-H6-VS2-14.01.2025,1,12,,332.07121,5985.0,299.10001,32.9712,2
U348-H6-VS2-GGA15-Zn(II) 5-Cr(VI) 15-Ni(II) 10 mg-L-16012025-Q=50.62 mL-min-4,U348-H6-VS2-14.01.2025,2,0,GGA15,325.2303,301.0,275.20001,50.03029,0
U348-H6-VS2-GGA15-Zn(II) 5-Cr(VI) 15-Ni(II) 10 mg-L-16012025-Q=50.62 mL-min-4,U348-H6-VS2-14.01.2025,2,1,,327.30758,774.0,277.1,50.20758,0
U348-H6-VS2-GGA15-Zn(II) 5-Cr(VI) 15-Ni(II) 10 mg-L-16012025-Q=50.62 mL-min-4,U348-H6-VS2-14.01.2025,2,2,,323.95303,1247.0,272.8,51.15303,0
U348-H6-VS2-GGA15-Zn(II) 5-Cr(VI) 15-Ni(II) 10 mg-L-16012025-Q=50.62 mL-min-4,U348-H6-VS2-14.01.2025,2,3,,320.94179,1720.0,268.7,52.24179,0
U348-H6-VS2-GGA15-Zn(II) 5-Cr(VI) 15-Ni(II) 10 mg-L-16012025-Q=50.62 mL-min-4,U348-H6-VS2-14.01.2025,2,4,,320.48788,2193.0,269.2,51.28788,0
U348-H6-VS2-GGA15-Zn(II) 5-Cr(VI) 15-Ni(II) 10 mg-L-16012025-Q=50.62 mL-min-4,U348-H6-VS2-14.01.2025,2,5,,319.85606,2662.0,266.09999,53.75607,0
U348-H6-VS2-GGA15-Zn(II) 5-Cr(VI) 15-Ni(II) 10 mg-L-16012025-Q=50.62 mL-min-4,U348-H6-VS2-14.01.2025,2,6,GGA15-Zn5-Cr15-Ni10,330.85606,3137.0,288.30001,42.55605,1
U348-H6-VS2-GGA15-Zn(II) 5-Cr(VI) 15-Ni(II) 10 mg-L-16012025-Q=50.62 mL-min-4,U348-H6-VS2-14.01.2025,2,7,,334.79849,3609.0,301.9,32.89849,1
U348-H6-VS2-GGA15-Zn(II) 5-Cr(VI) 15-Ni(II) 10 mg-L-16012025-Q=50.62 mL-min-4,U348-H6-VS2-14.01.2025,2,8,,329.55444,4083.0,301.7,27.85444,1
U348-H6-VS2-GGA15-Zn(II) 5-Cr(VI) 15-Ni(II) 10 mg-L-16012025-Q=50.62 mL-min-4,U348-H6-VS2-14.01.2025,2,9,,324.75889,4558.0,299.80001,24.95888,1
U348-H6-VS2-GGA15-Zn(II) 5-Cr(VI) 15-Ni(II) 10 mg-L-16012025-Q=50.62 mL-min-4,U348-H6-VS2-14.01.2025,2,10,,323.37222,5030.0,300.1,23.27222,1
U348-H6-VS2-GGA15-Zn(II) 5-Cr(VI) 15-Ni(II) 10 mg-L-16012025-Q=50.62 mL-min-4,U348-H6-VS2-14.01.2025,2,11,,324.42778,5503.0,302.6,21.82778,2
U348-H6-VS2-GGA15-Zn(II) 5-Cr(VI) 15-Ni(II) 10 mg-L-16012025-Q=50.62 mL-min-4,U348-H6-VS2-14.01.2025,2,12,,330.48,5978.0,306.80001,23.67999,2
U348-H6-VS2-GGA15-Zn(II) 5-Cr(VI) 15-Ni(II) 10 mg-L-16012025-Q=50.62 mL-min-4,U348-H6-VS2-14.01.2025,2,13,,332.43333,6452.0,309.89999,22.53334,2
U348-H6-VS2-GGA15-Zn(II) 5-Cr(VI) 15-Ni(II) 10 mg-L-16012025-Q=50.62 mL-min-4,U348-H6-VS2-14.01.2025,2,14,,332.58,6922.0,310.40001,22.17999,2
U349-H5-VS2-GGA10- Zn(II) 5-Cr(VI) 15-Ni(II) 10 mg-L-20012025-Q=50.2 mL-min-5,U349-H5-VS2-18.01.2025,0,0,GGA10,324.38333,301.0,247.5,76.88333,0
U349-H5-VS2-GGA10- Zn(II) 5-Cr(VI) 15-Ni(II) 10 mg-L-20012025-Q=50.2 mL-min-5,U349-H5-VS2-18.01.2025,0,1,,322.48889,774.0,242.8,79.68889,0
U349-H5-VS2-GGA10- Zn(II) 5-Cr(VI) 15-Ni(II) 10 mg-L-20012025-Q=50.2 mL-min-5,U349-H5-VS2-18.01.2025,0,2,,321.50972,1247.0,241.2,80.30972,0
U349-H5-VS2-GGA10- Zn(II) 5-Cr(VI) 15-Ni(II) 10 mg-L-20012025-Q=50.2 mL-min-5,U349-H5-VS2-18.01.2025,0,3,,318.64722,1721.0,241.69999,76.94723,0
U349-H5-VS2-GGA10- Zn(II) 5-Cr(VI) 15-Ni(II) 10 mg-L-20012025-Q=50.2 mL-min-5,U349-H5-VS2-18.01.2025,0,4,,319.95556,2195.0,235.7,84.25556,0
U349-H5-VS2-GGA10- Zn(II) 5-Cr(VI) 15-Ni(II) 10 mg-L-20012025-Q=50.2 mL-min-5,U349-H5-VS2-18.01.2025,0,5,,327.47639,2668.0,245.7,81.77639,0
U349-H5-VS2-GGA10- Zn(II) 5-Cr(VI) 15-Ni(II) 10 mg-L-20012025-Q=50.2 mL-min-5,U349-H5-VS2-18.01.2025,0,6,GGA10-Zn5-Cr15-Ni10,335.90972,3142.0,259.99999,75.90973,1
U349-H5-VS2-GGA10- Zn(II) 5-Cr(VI) 15-Ni(II) 10 mg-L-20012025-Q=50.2 mL-min-5,U349-H5-VS2-18.01.2025,0,7,,338.46338,3615.0,275.40001,63.06337,1
U349-H5-VS2-GGA10- Zn(II) 5-Cr(VI) 15-Ni(II) 10 mg-L-20012025-Q=50.2 mL-min-5,U349-H5-VS2-18.01.2025,0,8,,338.07297,4087.0,283.10001,54.97296,1
U349-H5-VS2-GGA10- Zn(II) 5-Cr(VI) 15-Ni(II) 10 mg-L-20012025-Q=50.2 mL-min-5,U349-H5-VS2-18.01.2025,0,9,,335.67083,4563.0,289.40001,46.27082,1
U349-H5-VS2-GGA10- Zn(II) 5-Cr(VI) 15-Ni(II) 10 mg-L-20012025-Q=50.2 mL-min-5,U349-H5-VS2-18.01.2025,0,10,,332.72958,5035.0,290.10001,42.62957,1
U349-H5-VS2-GGA10- Zn(II) 5-Cr(VI) 15-Ni(II) 10 mg-L-20012025-Q=50.2 mL-min-5,U349-H5-VS2-18.01.2025,0,11,,329.94445,5508.0,289.99999,39.94446,2
U349-H5-VS2-GGA10- Zn(II) 5-Cr(VI) 15-Ni(II) 10 mg-L-20012025-Q=50.2 mL-min-5,U349-H5-VS2-18.01.2025,0,12,,329.29306,5982.0,291.1,38.19306,2
U349-H5-VS2-GGA15-Zn(II) 5-Cr(VI) 15-Ni(II) 15 mg-L-20012025-Q=50.2 mL-min-5,U349-H5-VS2-18.01.2025,1,0,GGA15,334.22639,301.0,277.90001,56.32638,0
U349-H5-VS2-GGA15-Zn(II) 5-Cr(VI) 15-Ni(II) 15 mg-L-20012025-Q=50.2 mL-min-5,U349-H5-VS2-18.01.2025,1,1,,330.8,773.0,278.10001,52.69999,0
U349-H5-VS2-GGA15-Zn(II) 5-Cr(VI) 15-Ni(II) 15 mg-L-20012025-Q=50.2 mL-min-5,U349-H5-VS2-18.01.2025,1,2,,331.23195,1246.0,274.8,56.43195,0
U349-H5-VS2-GGA15-Zn(II) 5-Cr(VI) 15-Ni(II) 15 mg-L-20012025-Q=50.2 mL-min-5,U349-H5-VS2-18.01.2025,1,3,,335.65417,1721.0,278.60001,57.05416,0
U349-H5-VS2-GGA15-Zn(II) 5-Cr(VI) 15-Ni(II) 15 mg-L-20012025-Q=50.2 mL-min-5,U349-H5-VS2-18.01.2025,1,4,,340.68611,2194.0,282.99999,57.68612,0
U349-H5-VS2-GGA15-Zn(II) 5-Cr(VI) 15-Ni(II) 15 mg-L-20012025-Q=50.2 mL-min-5,U349-H5-VS2-18.01.2025,1,5,,338.95556,2668.0,274.6,64.35556,0
U349-H5-VS2-GGA15-Zn(II) 5-Cr(VI) 15-Ni(II) 15 mg-L-20012025-Q=50.2 mL-min-5,U349-H5-VS2-18.01.2025,1,6,,337.04722,3139.0,277.00001,60.04721,0
U349-H5-VS2-GGA15-Zn(II) 5-Cr(VI) 15-Ni(II) 15 mg-L-20012025-Q=50.2 mL-min-5,U349-H5-VS2-18.01.2025,1,7,GGA15-Zn5-Cr15-Ni15,335.97639,3614.0,276.49999,59.4764,1
U349-H5-VS2-GGA15-Zn(II) 5-Cr(VI) 15-Ni(II) 15 mg-L-20012025-Q=50.2 mL-min-5,U349-H5-VS2-18.01.2025,1,8,,333.80972,4087.0,288.19999,45.60973,1
U349-H5-VS2-GGA15-Zn(II) 5-Cr(VI) 15-Ni(II) 15 mg-L-20012025-Q=50.2 mL-min-5,U349-H5-VS2-18.01.2025,1,9,,331.71944,4562.0,291.5,40.21944,1
U349-H5-VS2-GGA15-Zn(II) 5-Cr(VI) 15-Ni(II) 15 mg-L-20012025-Q=50.2 mL-min-5,U349-H5-VS2-18.01.2025,1,10,,337.18493,5034.0,296.99999,40.18494,1
U349-H5-VS2-GGA15-Zn(II) 5-Cr(VI) 15-Ni(II) 15 mg-L-20012025-Q=50.2 mL-min-5,U349-H5-VS2-18.01.2025,1,11,,342.25278,5508.0,304.4,37.85278,2
U349-H5-VS2-GGA15-Zn(II) 5-Cr(VI) 15-Ni(II) 15 mg-L-20012025-Q=50.2 mL-min-5,U349-H5-VS2-18.01.2025,1,12,,338.18194,5981.0,302.19999,35.98195,2
U349-H5-VS2-GGA15-Zn(II) 5-Cr(VI) 15-Ni(II) 15 mg-L-20012025-Q=50.2 mL-min-5,U349-H5-VS2-18.01.2025,1,13,,335.875,6453.0,298.59999,37.27501,2
U349-H5-VS2-GGA20-Zn(II) 10-Cr(VI) 10-Ni(II) 15 mg-L-20012025-Q=50.8 mL-min-3,U349-H5-VS2-18.01.2025,2,0,GGA20,341.36389,301.0,293.90001,47.46388,0
U349-H5-VS2-GGA20-Zn(II) 10-Cr(VI) 10-Ni(II) 15 mg-L-20012025-Q=50.8 mL-min-3,U349-H5-VS2-18.01.2025,2,1,,335.5662,776.0,288.89999,46.66621,0
U349-H5-VS2-GGA20-Zn(II) 10-Cr(VI) 10-Ni(II) 15 mg-L-20012025-Q=50.8 mL-min-3,U349-H5-VS2-18.01.2025,2,2,,330.72639,1250.0,280.99999,49.7264,0
U349-H5-VS2-GGA20-Zn(II) 10-Cr(VI) 10-Ni(II) 15 mg-L-20012025-Q=50.8 mL-min-3,U349-H5-VS2-18.01.2025,2,3,,329.44722,1722.0,281.30001,48.14721,0
U349-H5-VS2-GGA20-Zn(II) 10-Cr(VI) 10-Ni(II) 15 mg-L-20012025-Q=50.8 mL-min-3,U349-H5-VS2-18.01.2025,2,4,,328.65695,2196.0,280.7,47.95695,0
U349-H5-VS2-GGA20-Zn(II) 10-Cr(VI) 10-Ni(II) 15 mg-L-20012025-Q=50.8 mL-min-3,U349-H5-VS2-18.01.2025,2,5,,329.9875,2668.0,282.00001,47.98749,0
U349-H5-VS2-GGA20-Zn(II) 10-Cr(VI) 10-Ni(II) 15 mg-L-20012025-Q=50.8 mL-min-3,U349-H5-VS2-18.01.2025,2,6,GGA20-Zn10-Cr10-Ni15,337.975,3143.0,291.70001,46.27499,1
U349-H5-VS2-GGA20-Zn(II) 10-Cr(VI) 10-Ni(II) 15 mg-L-20012025-Q=50.8 mL-min-3,U349-H5-VS2-18.01.2025,2,7,,337.98889,3614.0,294.99999,42.9889,1
U349-H5-VS2-GGA20-Zn(II) 10-Cr(VI) 10-Ni(II) 15 mg-L-20012025-Q=50.8 mL-min-3,U349-H5-VS2-18.01.2025,2,8,,336.0,4088.0,294.7,41.3,1
U349-H5-VS2-GGA20-Zn(II) 10-Cr(VI) 10-Ni(II) 15 mg-L-20012025-Q=50.8 mL-min-3,U349-H5-VS2-18.01.2025,2,9,,334.75139,4556.0,295.6,39.15139,1
U349-H5-VS2-GGA20-Zn(II) 10-Cr(VI) 10-Ni(II) 15 mg-L-20012025-Q=50.8 mL-min-3,U349-H5-VS2-18.01.2025,2,10,,332.67297,5028.0,294.0,38.67297,1
U349-H5-VS2-GGA20-Zn(II) 10-Cr(VI) 10-Ni(II) 15 mg-L-20012025-Q=50.8 mL-min-3,U349-H5-VS2-18.01.2025,2,11,,330.20167,5500.0,293.70001,36.50166,1
U349-H5-VS2-GGA20-Zn(II) 10-Cr(VI) 10-Ni(II) 15 mg-L-20012025-Q=50.8 mL-min-3,U349-H5-VS2-18.01.2025,2,12,,328.39508,5976.0,292.80001,35.59507,1
U349-H5-VS2-GGA20-Zn(II) 10-Cr(VI) 10-Ni(II) 15 mg-L-20012025-Q=50.8 mL-min-3,U349-H5-VS2-18.01.2025,2,13,,333.395,6450.0,298.7,34.695,2
U349-H5-VS2-GGA20-Zn(II) 10-Cr(VI) 10-Ni(II) 15 mg-L-20012025-Q=50.8 mL-min-3,U349-H5-VS2-18.01.2025,2,14,,338.3541,6921.0,303.99999,34.35411,2
U350-H6-VS2-GGA10- Zn(II) 5-Cr(VI) 15-Ni(II) 5 mg-L-20012025-Q=50 mL-min-5,U350-H6-VS2-18.01.2025,0,0,GGA10,300.33333,301.0,248.4,51.93333,0
U350-H6-VS2-GGA10- Zn(II) 5-Cr(VI) 15-Ni(II) 5 mg-L-20012025-Q=50 mL-min-5,U350-H6-VS2-18.01.2025,0,1,,296.95139,774.0,246.99999,49.9514,0
U350-H6-VS2-GGA10- Zn(II) 5-Cr(VI) 15-Ni(II) 5 mg-L-20012025-Q=50 mL-min-5,U350-H6-VS2-18.01.2025,0,2,,294.36528,1248.0,241.0,53.36528,0
U350-H6-VS2-GGA10- Zn(II) 5-Cr(VI) 15-Ni(II) 5 mg-L-20012025-Q=50 mL-min-5,U350-H6-VS2-18.01.2025,0,3,,299.79583,1721.0,245.0,54.79583,0
U350-H6-VS2-GGA10- Zn(II) 5-Cr(VI) 15-Ni(II) 5 mg-L-20012025-Q=50 mL-min-5,U350-H6-VS2-18.01.2025,0,4,,308.89792,2194.0,252.5,56.39792,0
U350-H6-VS2-GGA10- Zn(II) 5-Cr(VI) 15-Ni(II) 5 mg-L-20012025-Q=50 mL-min-5,U350-H6-VS2-18.01.2025,0,5,GGA10-Zn5-Cr15-Ni5,322.73333,2673.0,259.09999,63.63334,1
U350-H6-VS2-GGA10- Zn(II) 5-Cr(VI) 15-Ni(II) 5 mg-L-20012025-Q=50 mL-min-5,U350-H6-VS2-18.01.2025,0,6,,316.13617,3149.0,268.09999,48.03618,1
U350-H6-VS2-GGA10- Zn(II) 5-Cr(VI) 15-Ni(II) 5 mg-L-20012025-Q=50 mL-min-5,U350-H6-VS2-18.01.2025,0,7,,312.16875,3620.0,272.00001,40.16874,1
U350-H6-VS2-GGA10- Zn(II) 5-Cr(VI) 15-Ni(II) 5 mg-L-20012025-Q=50 mL-min-5,U350-H6-VS2-18.01.2025,0,8,,309.57708,4098.0,276.4,33.17708,1
U350-H6-VS2-GGA10- Zn(II) 5-Cr(VI) 15-Ni(II) 5 mg-L-20012025-Q=50 mL-min-5,U350-H6-VS2-18.01.2025,0,9,,306.30417,4567.0,275.99999,30.30418,1
U350-H6-VS2-GGA10- Zn(II) 5-Cr(VI) 15-Ni(II) 5 mg-L-20012025-Q=50 mL-min-5,U350-H6-VS2-18.01.2025,0,10,,304.93542,5042.0,275.09999,29.83543,2
U350-H6-VS2-GGA10- Zn(II) 5-Cr(VI) 15-Ni(II) 5 mg-L-20012025-Q=50 mL-min-5,U350-H6-VS2-18.01.2025,0,11,,310.78958,5515.0,281.69999,29.08959,2
U350-H6-VS2-GGA20- HH 10mg-L-20012025-Q=50.4 mL-min-5,U350-H6-VS2-18.01.2025,1,0,GGA20,313.20845,301.0,279.00001,34.20844,0
U350-H6-VS2-GGA20- HH 10mg-L-20012025-Q=50.4 mL-min-5,U350-H6-VS2-18.01.2025,1,1,,308.62592,774.0,275.00001,33.62591,0
U350-H6-VS2-GGA20- HH 10mg-L-20012025-Q=50.4 mL-min-5,U350-H6-VS2-18.01.2025,1,2,,306.10185,1247.0,272.50001,33.60184,0
U350-H6-VS2-GGA20- HH 10mg-L-20012025-Q=50.4 mL-min-5,U350-H6-VS2-18.01.2025,1,3,,303.57222,1723.0,270.1,33.47222,0
U350-H6-VS2-GGA20- HH 10mg-L-20012025-Q=50.4 mL-min-5,U350-H6-VS2-18.01.2025,1,4,,302.72963,2194.0,268.79999,33.92964,0
U350-H6-VS2-GGA20- HH 10mg-L-20012025-Q=50.4 mL-min-5,U350-H6-VS2-18.01.2025,1,5,,303.39074,2667.0,267.19999,36.19075,0
U350-H6-VS2-GGA20- HH 10mg-L-20012025-Q=50.4 mL-min-5,U350-H6-VS2-18.01.2025,1,6,GGA20-HH10,310.48889,3140.0,277.59999,32.8889,1
U350-H6-VS2-GGA20- HH 10mg-L-20012025-Q=50.4 mL-min-5,U350-H6-VS2-18.01.2025,1,7,,309.89444,3617.0,278.69999,31.19445,1
U350-H6-VS2-GGA20- HH 10mg-L-20012025-Q=50.4 mL-min-5,U350-H6-VS2-18.01.2025,1,8,,308.38704,4087.0,278.0,30.38704,1
U350-H6-VS2-GGA20- HH 10mg-L-20012025-Q=50.4 mL-min-5,U350-H6-VS2-18.01.2025,1,9,,307.38704,4556.0,277.3,30.08704,1
U350-H6-VS2-GGA20- HH 10mg-L-20012025-Q=50.4 mL-min-5,U350-H6-VS2-18.01.2025,1,10,,308.59821,5029.0,278.60001,29.9982,1
U350-H6-VS2-GGA20- HH 10mg-L-20012025-Q=50.4 mL-min-5,U350-H6-VS2-18.01.2025,1,11,,306.47593,5502.0,277.90001,28.57592,1
U350-H6-VS2-GGA20- HH 10mg-L-20012025-Q=50.4 mL-min-5,U350-H6-VS2-18.01.2025,1,12,,307.22963,5975.0,275.90001,31.32962,1
U350-H6-VS2-GGA20- HH 10mg-L-20012025-Q=50.4 mL-min-5,U350-H6-VS2-18.01.2025,1,13,,308.26296,6449.0,280.0,28.26296,2
U350-H6-VS2-GGA20- HH 10mg-L-20012025-Q=50.4 mL-min-5,U350-H6-VS2-18.01.2025,1,14,,310.22679,6920.0,284.1,26.12679,2
U350-H6-VS2-GGA20- HH 10mg-L-20012025-Q=50.4 mL-min-5,U350-H6-VS2-18.01.2025,1,15,,310.22941,7395.0,281.4,28.82941,2
U351-H5-VS2-GGA5- Zn(II) 15-Cr(VI) 5-Ni(II) 5 mg-L-21012025-Q=50.48 mL-min-4,U351-H5-VS2-19.01.2025,0,0,GGA5,332.625,301.0,261.59999,71.02501,0
U351-H5-VS2-GGA5- Zn(II) 15-Cr(VI) 5-Ni(II) 5 mg-L-21012025-Q=50.48 mL-min-4,U351-H5-VS2-19.01.2025,0,1,,329.87361,777.0,256.39999,73.47362,0
U351-H5-VS2-GGA5- Zn(II) 15-Cr(VI) 5-Ni(II) 5 mg-L-21012025-Q=50.48 mL-min-4,U351-H5-VS2-19.01.2025,0,2,,327.08472,1249.0,253.30001,73.78471,0
U351-H5-VS2-GGA5- Zn(II) 15-Cr(VI) 5-Ni(II) 5 mg-L-21012025-Q=50.48 mL-min-4,U351-H5-VS2-19.01.2025,0,3,,325.67084,1724.0,253.89999,71.77085,0
U351-H5-VS2-GGA5- Zn(II) 15-Cr(VI) 5-Ni(II) 5 mg-L-21012025-Q=50.48 mL-min-4,U351-H5-VS2-19.01.2025,0,4,,323.15972,2196.0,249.69999,73.45973,0
U351-H5-VS2-GGA5- Zn(II) 15-Cr(VI) 5-Ni(II) 5 mg-L-21012025-Q=50.48 mL-min-4,U351-H5-VS2-19.01.2025,0,5,,328.59445,2669.0,252.79999,75.79446,0
U351-H5-VS2-GGA5- Zn(II) 15-Cr(VI) 5-Ni(II) 5 mg-L-21012025-Q=50.48 mL-min-4,U351-H5-VS2-19.01.2025,0,6,GGA5-Zn15-Cr5-Ni5,333.94054,3148.0,263.00001,70.94053,1
U351-H5-VS2-GGA5- Zn(II) 15-Cr(VI) 5-Ni(II) 5 mg-L-21012025-Q=50.48 mL-min-4,U351-H5-VS2-19.01.2025,0,7,,332.77639,3620.0,277.5,55.27639,1
U351-H5-VS2-GGA5- Zn(II) 15-Cr(VI) 5-Ni(II) 5 mg-L-21012025-Q=50.48 mL-min-4,U351-H5-VS2-19.01.2025,0,8,,333.12639,4094.0,285.2,47.92639,1
U351-H5-VS2-GGA5- Zn(II) 15-Cr(VI) 5-Ni(II) 5 mg-L-21012025-Q=50.48 mL-min-4,U351-H5-VS2-19.01.2025,0,9,,331.52639,4566.0,287.29999,44.2264,1
U351-H5-VS2-GGA5- Zn(II) 15-Cr(VI) 5-Ni(II) 5 mg-L-21012025-Q=50.48 mL-min-4,U351-H5-VS2-19.01.2025,0,10,,331.69155,5041.0,288.70001,42.99154,1
U351-H5-VS2-GGA5- Zn(II) 15-Cr(VI) 5-Ni(II) 5 mg-L-21012025-Q=50.48 mL-min-4,U351-H5-VS2-19.01.2025,0,11,,330.09296,5514.0,288.30001,41.79295,1
U351-H5-VS2-GGA5- Zn(II) 15-Cr(VI) 5-Ni(II) 5 mg-L-21012025-Q=50.48 mL-min-4,U351-H5-VS2-19.01.2025,0,12,,328.0875,5985.0,287.0,41.0875,1
U351-H5-VS2-GGA5- Zn(II) 15-Cr(VI) 5-Ni(II) 5 mg-L-21012025-Q=50.48 mL-min-4,U351-H5-VS2-19.01.2025,0,13,,327.10694,6459.0,288.19999,38.90695,2
U351-H5-VS2-GGA5- Zn(II) 15-Cr(VI) 5-Ni(II) 5 mg-L-21012025-Q=50.48 mL-min-4,U351-H5-VS2-19.01.2025,0,14,,329.8973,6932.0,290.2,39.6973,2
U351-H5-VS2-GGA15-Zn(II) 15-Cr(VI) 5-Ni(II) 15 mg-L-21012025-Q=49.96 mL-min-2,U351-H5-VS2-19.01.2025,1,0,GGA10,322.19014,301.0,272.50001,49.69013,0
U351-H5-VS2-GGA15-Zn(II) 15-Cr(VI) 5-Ni(II) 15 mg-L-21012025-Q=49.96 mL-min-2,U351-H5-VS2-19.01.2025,1,1,,320.04445,775.0,266.79999,53.24446,0
U351-H5-VS2-GGA15-Zn(II) 15-Cr(VI) 5-Ni(II) 15 mg-L-21012025-Q=49.96 mL-min-2,U351-H5-VS2-19.01.2025,1,2,,318.35,1250.0,268.40001,49.94999,0
U351-H5-VS2-GGA15-Zn(II) 15-Cr(VI) 5-Ni(II) 15 mg-L-21012025-Q=49.96 mL-min-2,U351-H5-VS2-19.01.2025,1,3,,321.01549,1722.0,268.7,52.31549,0
U351-H5-VS2-GGA15-Zn(II) 15-Cr(VI) 5-Ni(II) 15 mg-L-21012025-Q=49.96 mL-min-2,U351-H5-VS2-19.01.2025,1,4,,326.31111,2196.0,271.80001,54.5111,0
U351-H5-VS2-GGA15-Zn(II) 15-Cr(VI) 5-Ni(II) 15 mg-L-21012025-Q=49.96 mL-min-2,U351-H5-VS2-19.01.2025,1,5,,320.70704,2671.0,265.6,55.10704,0
U351-H5-VS2-GGA15-Zn(II) 15-Cr(VI) 5-Ni(II) 15 mg-L-21012025-Q=49.96 mL-min-2,U351-H5-VS2-19.01.2025,1,6,GGA10-Zn15-Cr5-Ni15,322.17568,3142.0,279.8,42.37568,1
U351-H5-VS2-GGA15-Zn(II) 15-Cr(VI) 5-Ni(II) 15 mg-L-21012025-Q=49.96 mL-min-2,U351-H5-VS2-19.01.2025,1,7,,323.64722,3612.0,282.09999,41.54723,1
U351-H5-VS2-GGA15-Zn(II) 15-Cr(VI) 5-Ni(II) 15 mg-L-21012025-Q=49.96 mL-min-2,U351-H5-VS2-19.01.2025,1,8,,321.35833,4086.0,280.99999,40.35834,1
U351-H5-VS2-GGA15-Zn(II) 15-Cr(VI) 5-Ni(II) 15 mg-L-21012025-Q=49.96 mL-min-2,U351-H5-VS2-19.01.2025,1,9,,321.55694,4561.0,282.79999,38.75695,1
U351-H5-VS2-GGA15-Zn(II) 15-Cr(VI) 5-Ni(II) 15 mg-L-21012025-Q=49.96 mL-min-2,U351-H5-VS2-19.01.2025,1,10,,323.77084,5035.0,286.19999,37.57085,2
U351-H5-VS2-GGA15-Zn(II) 15-Cr(VI) 5-Ni(II) 15 mg-L-21012025-Q=49.96 mL-min-2,U351-H5-VS2-19.01.2025,1,11,,323.28611,5508.0,285.69999,37.58612,2
U351-H5-VS2-GGA20- Zn(II) 5-Cr(VI) 15-Ni(II) 15mg-L-21012025-Q=50.04 mL-min-5,U351-H5-VS2-19.01.2025,2,0,GGA20,312.91667,301.0,263.39999,49.51668,0
U351-H5-VS2-GGA20- Zn(II) 5-Cr(VI) 15-Ni(II) 15mg-L-21012025-Q=50.04 mL-min-5,U351-H5-VS2-19.01.2025,2,1,,314.67222,775.0,271.2,43.47222,0
U351-H5-VS2-GGA20- Zn(II) 5-Cr(VI) 15-Ni(II) 15mg-L-21012025-Q=50.04 mL-min-5,U351-H5-VS2-19.01.2025,2,2,,324.69584,1248.0,276.4,48.29584,0
U351-H5-VS2-GGA20- Zn(II) 5-Cr(VI) 15-Ni(II) 15mg-L-21012025-Q=50.04 mL-min-5,U351-H5-VS2-19.01.2025,2,3,,323.76479,1722.0,272.3,51.46479,0
U351-H5-VS2-GGA20- Zn(II) 5-Cr(VI) 15-Ni(II) 15mg-L-21012025-Q=50.04 mL-min-5,U351-H5-VS2-19.01.2025,2,4,,321.87361,2194.0,270.20001,51.6736,0
U351-H5-VS2-GGA20- Zn(II) 5-Cr(VI) 15-Ni(II) 15mg-L-21012025-Q=50.04 mL-min-5,U351-H5-VS2-19.01.2025,2,5,,317.48451,2668.0,268.00001,49.4845,0
U351-H5-VS2-GGA20- Zn(II) 5-Cr(VI) 15-Ni(II) 15mg-L-21012025-Q=50.04 mL-min-5,U351-H5-VS2-19.01.2025,2,6,GGA20-Zn5-Cr15-Ni15,318.81944,3141.0,271.80001,47.01943,1
U351-H5-VS2-GGA20- Zn(II) 5-Cr(VI) 15-Ni(II) 15mg-L-21012025-Q=50.04 mL-min-5,U351-H5-VS2-19.01.2025,2,7,,317.64722,3614.0,274.6,43.04722,1
U351-H5-VS2-GGA20- Zn(II) 5-Cr(VI) 15-Ni(II) 15mg-L-21012025-Q=50.04 mL-min-5,U351-H5-VS2-19.01.2025,2,8,,314.85541,4089.0,273.40001,41.4554,1
U351-H5-VS2-GGA20- Zn(II) 5-Cr(VI) 15-Ni(II) 15mg-L-21012025-Q=50.04 mL-min-5,U351-H5-VS2-19.01.2025,2,9,,314.33056,4562.0,276.2,38.13056,1
U351-H5-VS2-GGA20- Zn(II) 5-Cr(VI) 15-Ni(II) 15mg-L-21012025-Q=50.04 mL-min-5,U351-H5-VS2-19.01.2025,2,10,,320.86197,5035.0,281.50001,39.36196,1
U351-H5-VS2-GGA20- Zn(II) 5-Cr(VI) 15-Ni(II) 15mg-L-21012025-Q=50.04 mL-min-5,U351-H5-VS2-19.01.2025,2,11,,322.31945,5509.0,284.59999,37.71946,2
U351-H5-VS2-GGA20- Zn(II) 5-Cr(VI) 15-Ni(II) 15mg-L-21012025-Q=50.04 mL-min-5,U351-H5-VS2-19.01.2025,2,12,,321.43194,5981.0,282.79999,38.63195,2
U351-H5-VS2-GGA20- Zn(II) 5-Cr(VI) 15-Ni(II) 15mg-L-21012025-Q=50.04 mL-min-5,U351-H5-VS2-19.01.2025,2,13,,317.86439,6457.0,279.90001,37.96438,2
U352-H6-VS2-GGA10- Zn(II) 15-Cr(VI) 5-Ni(II) 10 mg-L-21012025-Q=50.44 mL-min-6,U352-H6-VS2-19.01.2025,0,0,GGA10,311.31806,301.0,254.90001,56.41805,0
U352-H6-VS2-GGA10- Zn(II) 15-Cr(VI) 5-Ni(II) 10 mg-L-21012025-Q=50.44 mL-min-6,U352-H6-VS2-19.01.2025,0,1,,309.07361,775.0,255.69999,53.37362,0
U352-H6-VS2-GGA10- Zn(II) 15-Cr(VI) 5-Ni(II) 10 mg-L-21012025-Q=50.44 mL-min-6,U352-H6-VS2-19.01.2025,0,2,,308.53333,1249.0,250.49999,58.03334,0
U352-H6-VS2-GGA10- Zn(II) 15-Cr(VI) 5-Ni(II) 10 mg-L-21012025-Q=50.44 mL-min-6,U352-H6-VS2-19.01.2025,0,3,,312.96528,1723.0,252.40001,60.56527,0
U352-H6-VS2-GGA10- Zn(II) 15-Cr(VI) 5-Ni(II) 10 mg-L-21012025-Q=50.44 mL-min-6,U352-H6-VS2-19.01.2025,0,4,,316.71528,2196.0,258.8,57.91528,0
U352-H6-VS2-GGA10- Zn(II) 15-Cr(VI) 5-Ni(II) 10 mg-L-21012025-Q=50.44 mL-min-6,U352-H6-VS2-19.01.2025,0,5,,313.57042,2668.0,256.90001,56.67041,0
U352-H6-VS2-GGA10- Zn(II) 15-Cr(VI) 5-Ni(II) 10 mg-L-21012025-Q=50.44 mL-min-6,U352-H6-VS2-19.01.2025,0,6,GGA10-Zn15-Cr5-Ni10,308.5625,3144.0,262.10001,46.46249,1
U352-H6-VS2-GGA10- Zn(II) 15-Cr(VI) 5-Ni(II) 10 mg-L-21012025-Q=50.44 mL-min-6,U352-H6-VS2-19.01.2025,0,7,,308.90972,3617.0,266.7,42.20972,1
U352-H6-VS2-GGA10- Zn(II) 15-Cr(VI) 5-Ni(II) 10 mg-L-21012025-Q=50.44 mL-min-6,U352-H6-VS2-19.01.2025,0,8,,308.10278,4091.0,267.6,40.50278,1
U352-H6-VS2-GGA10- Zn(II) 15-Cr(VI) 5-Ni(II) 10 mg-L-21012025-Q=50.44 mL-min-6,U352-H6-VS2-19.01.2025,0,9,,305.27297,4564.0,267.50001,37.77296,2
U352-H6-VS2-GGA10- Zn(II) 15-Cr(VI) 5-Ni(II) 10 mg-L-21012025-Q=50.44 mL-min-6,U352-H6-VS2-19.01.2025,0,10,,311.92222,5038.0,275.99999,35.92223,2
U352-H6-VS2-GGA10- Zn(II) 15-Cr(VI) 5-Ni(II) 10 mg-L-21012025-Q=50.44 mL-min-6,U352-H6-VS2-19.01.2025,0,11,,312.13099,5511.0,273.99999,38.131,2
U352-H6-VS2-GGA10- Zn(II) 15-Cr(VI) 5-Ni(II) 10 mg-L-21012025-Q=50.44 mL-min-6,U352-H6-VS2-19.01.2025,0,12,,310.6507,5984.0,272.1,38.5507,2
U352-H6-VS2-GGA20-Zn(II) 5-Cr(VI) 15-Ni(II) 10 mg-L-21012025-Q=50.04 mL-min-3,U352-H6-VS2-19.01.2025,1,0,GGA20,307.81805,301.0,262.2,45.61805,0
U352-H6-VS2-GGA20-Zn(II) 5-Cr(VI) 15-Ni(II) 10 mg-L-21012025-Q=50.04 mL-min-3,U352-H6-VS2-19.01.2025,1,1,,308.65135,775.0,263.8,44.85135,0
U352-H6-VS2-GGA20-Zn(II) 5-Cr(VI) 15-Ni(II) 10 mg-L-21012025-Q=50.04 mL-min-3,U352-H6-VS2-19.01.2025,1,2,,316.05417,1247.0,266.9,49.15417,0
U352-H6-VS2-GGA20-Zn(II) 5-Cr(VI) 15-Ni(II) 10 mg-L-21012025-Q=50.04 mL-min-3,U352-H6-VS2-19.01.2025,1,3,,317.56056,1722.0,269.6,47.96056,0
U352-H6-VS2-GGA20-Zn(II) 5-Cr(VI) 15-Ni(II) 10 mg-L-21012025-Q=50.04 mL-min-3,U352-H6-VS2-19.01.2025,1,4,,315.58056,2196.0,272.8,42.78056,0
U352-H6-VS2-GGA20-Zn(II) 5-Cr(VI) 15-Ni(II) 10 mg-L-21012025-Q=50.04 mL-min-3,U352-H6-VS2-19.01.2025,1,5,,312.50141,2668.0,267.50001,45.0014,0
U352-H6-VS2-GGA20-Zn(II) 5-Cr(VI) 15-Ni(II) 10 mg-L-21012025-Q=50.04 mL-min-3,U352-H6-VS2-19.01.2025,1,6,GGA20-Zn5-Cr15-Ni10,312.05,3141.0,266.99999,45.05001,1
U352-H6-VS2-GGA20-Zn(II) 5-Cr(VI) 15-Ni(II) 10 mg-L-21012025-Q=50.04 mL-min-3,U352-H6-VS2-19.01.2025,1,7,,312.79306,3613.0,268.40001,44.39305,1
U352-H6-VS2-GGA20-Zn(II) 5-Cr(VI) 15-Ni(II) 10 mg-L-21012025-Q=50.04 mL-min-3,U352-H6-VS2-19.01.2025,1,8,,312.46389,4086.0,266.7,45.76389,1
U352-H6-VS2-GGA20-Zn(II) 5-Cr(VI) 15-Ni(II) 10 mg-L-21012025-Q=50.04 mL-min-3,U352-H6-VS2-19.01.2025,1,9,,313.61408,4561.0,269.89999,43.71409,1
U352-H6-VS2-GGA20-Zn(II) 5-Cr(VI) 15-Ni(II) 10 mg-L-21012025-Q=50.04 mL-min-3,U352-H6-VS2-19.01.2025,1,10,,318.15405,5033.0,275.99999,42.15406,1
U352-H6-VS2-GGA20-Zn(II) 5-Cr(VI) 15-Ni(II) 10 mg-L-21012025-Q=50.04 mL-min-3,U352-H6-VS2-19.01.2025,1,11,,321.07916,5507.0,277.70001,43.37915,1
U352-H6-VS2-GGA20-Zn(II) 5-Cr(VI) 15-Ni(II) 10 mg-L-21012025-Q=50.04 mL-min-3,U352-H6-VS2-19.01.2025,1,12,,318.51667,5980.0,276.2,42.31667,1
U352-H6-VS2-GGA20-Zn(II) 5-Cr(VI) 15-Ni(II) 10 mg-L-21012025-Q=50.04 mL-min-3,U352-H6-VS2-19.01.2025,1,13,,315.39583,6453.0,277.1,38.29583,2
U352-H6-VS2-GGA20-Zn(II) 5-Cr(VI) 15-Ni(II) 10 mg-L-21012025-Q=50.04 mL-min-3,U352-H6-VS2-19.01.2025,1,14,,312.4625,6927.0,275.40001,37.06249,2
U353-H5-VS2-GGA10- Zn(II) 5-Cr(VI) 15-Ni(II) 10 mg-L-22012025-Q=50.8 mL-min-6,U353-H5-VS2-20.01.2025,0,0,GGA10,326.29861,301.0,269.10001,57.1986,0
U353-H5-VS2-GGA10- Zn(II) 5-Cr(VI) 15-Ni(II) 10 mg-L-22012025-Q=50.8 mL-min-6,U353-H5-VS2-20.01.2025,0,1,,324.32361,774.0,266.0,58.32361,0
U353-H5-VS2-GGA10- Zn(II) 5-Cr(VI) 15-Ni(II) 10 mg-L-22012025-Q=50.8 mL-min-6,U353-H5-VS2-20.01.2025,0,2,,322.57703,1248.0,263.39999,59.17704,0
U353-H5-VS2-GGA10- Zn(II) 5-Cr(VI) 15-Ni(II) 10 mg-L-22012025-Q=50.8 mL-min-6,U353-H5-VS2-20.01.2025,0,3,,320.73333,1720.0,261.7,59.03333,0
U353-H5-VS2-GGA10- Zn(II) 5-Cr(VI) 15-Ni(II) 10 mg-L-22012025-Q=50.8 mL-min-6,U353-H5-VS2-20.01.2025,0,4,,318.16528,2195.0,259.09999,59.06529,0
U353-H5-VS2-GGA10- Zn(II) 5-Cr(VI) 15-Ni(II) 10 mg-L-22012025-Q=50.8 mL-min-6,U353-H5-VS2-20.01.2025,0,5,,318.425,2668.0,258.30001,60.12499,0
U353-H5-VS2-GGA10- Zn(II) 5-Cr(VI) 15-Ni(II) 10 mg-L-22012025-Q=50.8 mL-min-6,U353-H5-VS2-20.01.2025,0,6,,328.19166,3142.0,265.39999,62.79167,0
U353-H5-VS2-GGA10- Zn(II) 5-Cr(VI) 15-Ni(II) 10 mg-L-22012025-Q=50.8 mL-min-6,U353-H5-VS2-20.01.2025,0,7,GGA10-Zn5-Cr15-Ni10,337.84861,3617.0,287.60001,50.2486,1
U353-H5-VS2-GGA10- Zn(II) 5-Cr(VI) 15-Ni(II) 10 mg-L-22012025-Q=50.8 mL-min-6,U353-H5-VS2-20.01.2025,0,8,,343.05972,4090.0,296.99999,46.05973,1
U353-H5-VS2-GGA10- Zn(II) 5-Cr(VI) 15-Ni(II) 10 mg-L-22012025-Q=50.8 mL-min-6,U353-H5-VS2-20.01.2025,0,9,,336.40555,4563.0,297.10001,39.30554,1
U353-H5-VS2-GGA10- Zn(II) 5-Cr(VI) 15-Ni(II) 10 mg-L-22012025-Q=50.8 mL-min-6,U353-H5-VS2-20.01.2025,0,10,,333.83944,5035.0,297.30001,36.53943,2
U353-H5-VS2-GGA10- Zn(II) 5-Cr(VI) 15-Ni(II) 10 mg-L-22012025-Q=50.8 mL-min-6,U353-H5-VS2-20.01.2025,0,11,,331.59445,5509.0,294.29999,37.29446,2
U353-H5-VS2-GGA10- Zn(II) 5-Cr(VI) 15-Ni(II) 10 mg-L-22012025-Q=50.8 mL-min-6,U353-H5-VS2-20.01.2025,0,12,,329.94109,5982.0,295.8,34.14109,2
U353-H5-VS2-GGA15-Zn(II) 10-Cr(VI) 5-Ni(II) 10 mg-L-22012025-Q=50.8 mL-min-6,U353-H5-VS2-20.01.2025,1,0,GGA15,324.2625,301.0,275.99999,48.26251,0
U353-H5-VS2-GGA15-Zn(II) 10-Cr(VI) 5-Ni(II) 10 mg-L-22012025-Q=50.8 mL-min-6,U353-H5-VS2-20.01.2025,1,1,,323.41528,776.0,274.19999,49.21529,0
U353-H5-VS2-GGA15-Zn(II) 10-Cr(VI) 5-Ni(II) 10 mg-L-22012025-Q=50.8 mL-min-6,U353-H5-VS2-20.01.2025,1,2,,320.70833,1250.0,274.10001,46.60832,0
U353-H5-VS2-GGA15-Zn(II) 10-Cr(VI) 5-Ni(II) 10 mg-L-22012025-Q=50.8 mL-min-6,U353-H5-VS2-20.01.2025,1,3,,323.23333,1723.0,273.99999,49.23334,0
U353-H5-VS2-GGA15-Zn(II) 10-Cr(VI) 5-Ni(II) 10 mg-L-22012025-Q=50.8 mL-min-6,U353-H5-VS2-20.01.2025,1,4,,327.41667,2197.0,276.89999,50.51668,0
U353-H5-VS2-GGA15-Zn(II) 10-Cr(VI) 5-Ni(II) 10 mg-L-22012025-Q=50.8 mL-min-6,U353-H5-VS2-20.01.2025,1,5,,327.28055,2670.0,279.19999,48.08056,0
U353-H5-VS2-GGA15-Zn(II) 10-Cr(VI) 5-Ni(II) 10 mg-L-22012025-Q=50.8 mL-min-6,U353-H5-VS2-20.01.2025,1,6,GGA15-Zn10-Cr5-Ni10,328.78919,3141.0,281.30001,47.48918,1
U353-H5-VS2-GGA15-Zn(II) 10-Cr(VI) 5-Ni(II) 10 mg-L-22012025-Q=50.8 mL-min-6,U353-H5-VS2-20.01.2025,1,7,,325.77917,3616.0,278.49999,47.27918,1
U353-H5-VS2-GGA15-Zn(II) 10-Cr(VI) 5-Ni(II) 10 mg-L-22012025-Q=50.8 mL-min-6,U353-H5-VS2-20.01.2025,1,8,,319.33611,4091.0,276.10001,43.2361,1
U353-H5-VS2-GGA15-Zn(II) 10-Cr(VI) 5-Ni(II) 10 mg-L-22012025-Q=50.8 mL-min-6,U353-H5-VS2-20.01.2025,1,9,,322.79296,4561.0,278.10001,44.69295,1
U353-H5-VS2-GGA15-Zn(II) 10-Cr(VI) 5-Ni(II) 10 mg-L-22012025-Q=50.8 mL-min-6,U353-H5-VS2-20.01.2025,1,10,,324.12778,5036.0,281.19999,42.92779,1
U353-H5-VS2-GGA15-Zn(II) 10-Cr(VI) 5-Ni(II) 10 mg-L-22012025-Q=50.8 mL-min-6,U353-H5-VS2-20.01.2025,1,11,,316.06197,5509.0,275.09999,40.96198,2
U353-H5-VS2-GGA15-Zn(II) 10-Cr(VI) 5-Ni(II) 10 mg-L-22012025-Q=50.8 mL-min-6,U353-H5-VS2-20.01.2025,1,12,,318.17639,5983.0,278.29999,39.8764,2
U353-H5-VS2-GGA15-Zn(II) 10-Cr(VI) 5-Ni(II) 10 mg-L-22012025-Q=50.8 mL-min-6,U353-H5-VS2-20.01.2025,1,13,,316.98889,6456.0,275.90001,41.08888,2
U353-H5-VS2-GGA20- Zn(II) 15-Cr(VI) 5-Ni(II) 15 mg-L-22012025-Q=49.96 mL-min-5,U353-H5-VS2-20.01.2025,2,0,GGA20,318.09718,301.0,268.59999,49.49719,0
U353-H5-VS2-GGA20- Zn(II) 15-Cr(VI) 5-Ni(II) 15 mg-L-22012025-Q=49.96 mL-min-5,U353-H5-VS2-20.01.2025,2,1,,314.12535,774.0,266.20001,47.92534,0
U353-H5-VS2-GGA20- Zn(II) 15-Cr(VI) 5-Ni(II) 15 mg-L-22012025-Q=49.96 mL-min-5,U353-H5-VS2-20.01.2025,2,2,,311.67778,1248.0,262.4,49.27778,0
U353-H5-VS2-GGA20- Zn(II) 15-Cr(VI) 5-Ni(II) 15 mg-L-22012025-Q=49.96 mL-min-5,U353-H5-VS2-20.01.2025,2,3,,310.60282,1722.0,261.5,49.10282,0
U353-H5-VS2-GGA20- Zn(II) 15-Cr(VI) 5-Ni(II) 15 mg-L-22012025-Q=49.96 mL-min-5,U353-H5-VS2-20.01.2025,2,4,,313.24723,2196.0,264.40001,48.84722,0
U353-H5-VS2-GGA20- Zn(II) 15-Cr(VI) 5-Ni(II) 15 mg-L-22012025-Q=49.96 mL-min-5,U353-H5-VS2-20.01.2025,2,5,GGA20-Zn15-Cr5-Ni15,317.90141,2668.0,268.59999,49.30142,1
U353-H5-VS2-GGA20- Zn(II) 15-Cr(VI) 5-Ni(II) 15 mg-L-22012025-Q=49.96 mL-min-5,U353-H5-VS2-20.01.2025,2,6,,316.83333,3142.0,271.4,45.43333,1
U353-H5-VS2-GGA20- Zn(II) 15-Cr(VI) 5-Ni(II) 15 mg-L-22012025-Q=49.96 mL-min-5,U353-H5-VS2-20.01.2025,2,7,,314.80556,3617.0,270.20001,44.60555,1
U353-H5-VS2-GGA20- Zn(II) 15-Cr(VI) 5-Ni(II) 15 mg-L-22012025-Q=49.96 mL-min-5,U353-H5-VS2-20.01.2025,2,8,,313.075,4090.0,269.6,43.475,2
U353-H5-VS2-GGA20- Zn(II) 15-Cr(VI) 5-Ni(II) 15 mg-L-22012025-Q=49.96 mL-min-5,U353-H5-VS2-20.01.2025,2,9,,313.12466,4562.0,268.59999,44.52467,2
U353-H5-VS2-GGA20- Zn(II) 15-Cr(VI) 5-Ni(II) 15 mg-L-22012025-Q=49.96 mL-min-5,U353-H5-VS2-20.01.2025,2,10,,323.57778,5041.0,279.90001,43.67777,2
U354-H6-VS2-GGA10- Zn(II) 5-Cr(VI) 15-Ni(II) 5 mg-L-22012025-Q=50.44 mL-min-6,U354-H6-VS2-20.01.2025,0,0,GGA10,309.6493,301.0,243.9,65.7493,0
U354-H6-VS2-GGA10- Zn(II) 5-Cr(VI) 15-Ni(II) 5 mg-L-22012025-Q=50.44 mL-min-6,U354-H6-VS2-20.01.2025,0,1,,307.60278,774.0,246.09999,61.50279,0
U354-H6-VS2-GGA10- Zn(II) 5-Cr(VI) 15-Ni(II) 5 mg-L-22012025-Q=50.44 mL-min-6,U354-H6-VS2-20.01.2025,0,2,,305.37945,1249.0,245.4,59.97945,0
U354-H6-VS2-GGA10- Zn(II) 5-Cr(VI) 15-Ni(II) 5 mg-L-22012025-Q=50.44 mL-min-6,U354-H6-VS2-20.01.2025,0,3,,303.64366,1721.0,239.5,64.14366,0
U354-H6-VS2-GGA10- Zn(II) 5-Cr(VI) 15-Ni(II) 5 mg-L-22012025-Q=50.44 mL-min-6,U354-H6-VS2-20.01.2025,0,4,,302.84861,2195.0,241.60001,61.2486,0
U354-H6-VS2-GGA10- Zn(II) 5-Cr(VI) 15-Ni(II) 5 mg-L-22012025-Q=50.44 mL-min-6,U354-H6-VS2-20.01.2025,0,5,,302.23056,2669.0,242.8,59.43056,0
U354-H6-VS2-GGA10- Zn(II) 5-Cr(VI) 15-Ni(II) 5 mg-L-22012025-Q=50.44 mL-min-6,U354-H6-VS2-20.01.2025,0,6,,313.04583,3144.0,246.4,66.64583,0
U354-H6-VS2-GGA10- Zn(II) 5-Cr(VI) 15-Ni(II) 5 mg-L-22012025-Q=50.44 mL-min-6,U354-H6-VS2-20.01.2025,0,7,GGA10-Zn5-Cr15-Ni5,322.54861,3616.0,268.59999,53.94862,1
U354-H6-VS2-GGA10- Zn(II) 5-Cr(VI) 15-Ni(II) 5 mg-L-22012025-Q=50.44 mL-min-6,U354-H6-VS2-20.01.2025,0,8,,326.16806,4088.0,277.3,48.86806,1
U354-H6-VS2-GGA10- Zn(II) 5-Cr(VI) 15-Ni(II) 5 mg-L-22012025-Q=50.44 mL-min-6,U354-H6-VS2-20.01.2025,0,9,,316.17917,4564.0,274.8,41.37917,1
U354-H6-VS2-GGA10- Zn(II) 5-Cr(VI) 15-Ni(II) 5 mg-L-22012025-Q=50.44 mL-min-6,U354-H6-VS2-20.01.2025,0,10,,314.70833,5037.0,274.30001,40.40832,2
U354-H6-VS2-GGA10- Zn(II) 5-Cr(VI) 15-Ni(II) 5 mg-L-22012025-Q=50.44 mL-min-6,U354-H6-VS2-20.01.2025,0,11,,317.49861,5510.0,278.10001,39.3986,2
U354-H6-VS2-GGA15-Zn(II) 10-Cr(VI) 5-Ni(II) 5 mg-L-22012025-Q=50.4 mL-min-3,U354-H6-VS2-20.01.2025,1,0,GGA15,318.30282,301.0,271.4,46.90282,0
U354-H6-VS2-GGA15-Zn(II) 10-Cr(VI) 5-Ni(II) 5 mg-L-22012025-Q=50.4 mL-min-3,U354-H6-VS2-20.01.2025,1,1,,313.24305,775.0,270.00001,43.24304,0
U354-H6-VS2-GGA15-Zn(II) 10-Cr(VI) 5-Ni(II) 5 mg-L-22012025-Q=50.4 mL-min-3,U354-H6-VS2-20.01.2025,1,2,,310.22958,1247.0,266.5,43.72958,0
U354-H6-VS2-GGA15-Zn(II) 10-Cr(VI) 5-Ni(II) 5 mg-L-22012025-Q=50.4 mL-min-3,U354-H6-VS2-20.01.2025,1,3,,307.68056,1722.0,264.80001,42.88055,0
U354-H6-VS2-GGA15-Zn(II) 10-Cr(VI) 5-Ni(II) 5 mg-L-22012025-Q=50.4 mL-min-3,U354-H6-VS2-20.01.2025,1,4,,315.04167,2195.0,269.49999,45.54168,0
U354-H6-VS2-GGA15-Zn(II) 10-Cr(VI) 5-Ni(II) 5 mg-L-22012025-Q=50.4 mL-min-3,U354-H6-VS2-20.01.2025,1,5,,318.21389,2669.0,268.90001,49.31388,0
U354-H6-VS2-GGA15-Zn(II) 10-Cr(VI) 5-Ni(II) 5 mg-L-22012025-Q=50.4 mL-min-3,U354-H6-VS2-20.01.2025,1,6,,321.16901,3143.0,273.9,47.26901,0
U354-H6-VS2-GGA15-Zn(II) 10-Cr(VI) 5-Ni(II) 5 mg-L-22012025-Q=50.4 mL-min-3,U354-H6-VS2-20.01.2025,1,7,GGA15-Zn10-Cr5-Ni5,318.42027,3616.0,268.90001,49.52026,1
U354-H6-VS2-GGA15-Zn(II) 10-Cr(VI) 5-Ni(II) 5 mg-L-22012025-Q=50.4 mL-min-3,U354-H6-VS2-20.01.2025,1,8,,312.82113,4089.0,268.90001,43.92112,1
U354-H6-VS2-GGA15-Zn(II) 10-Cr(VI) 5-Ni(II) 5 mg-L-22012025-Q=50.4 mL-min-3,U354-H6-VS2-20.01.2025,1,9,,311.49028,4563.0,266.60001,44.89027,1
U354-H6-VS2-GGA15-Zn(II) 10-Cr(VI) 5-Ni(II) 5 mg-L-22012025-Q=50.4 mL-min-3,U354-H6-VS2-20.01.2025,1,10,,318.53611,5035.0,271.29999,47.23612,1
U354-H6-VS2-GGA15-Zn(II) 10-Cr(VI) 5-Ni(II) 5 mg-L-22012025-Q=50.4 mL-min-3,U354-H6-VS2-20.01.2025,1,11,,319.17083,5510.0,275.99999,43.17084,1
U354-H6-VS2-GGA15-Zn(II) 10-Cr(VI) 5-Ni(II) 5 mg-L-22012025-Q=50.4 mL-min-3,U354-H6-VS2-20.01.2025,1,12,,321.18055,5983.0,278.69999,42.48056,1
U354-H6-VS2-GGA15-Zn(II) 10-Cr(VI) 5-Ni(II) 5 mg-L-22012025-Q=50.4 mL-min-3,U354-H6-VS2-20.01.2025,1,13,,315.70139,6456.0,275.7,40.00139,2
U354-H6-VS2-GGA15-Zn(II) 10-Cr(VI) 5-Ni(II) 5 mg-L-22012025-Q=50.4 mL-min-3,U354-H6-VS2-20.01.2025,1,14,,312.03194,6930.0,273.7,38.33194,2
U354-H6-VS2-GGA20- Zn(II) 15-Cr(VI) 5-Ni(II) 10 mg-L-22012025-Q=49.8 mL-min-1,U354-H6-VS2-20.01.2025,2,0,GGA20,316.04861,301.0,268.3,47.74861,0
U354-H6-VS2-GGA20- Zn(II) 15-Cr(VI) 5-Ni(II) 10 mg-L-22012025-Q=49.8 mL-min-1,U354-H6-VS2-20.01.2025,2,1,,320.04028,775.0,266.7,53.34028,0
U354-H6-VS2-GGA20- Zn(II) 15-Cr(VI) 5-Ni(II) 10 mg-L-22012025-Q=49.8 mL-min-1,U354-H6-VS2-20.01.2025,2,2,,316.30278,1249.0,265.1,51.20278,0
U354-H6-VS2-GGA20- Zn(II) 15-Cr(VI) 5-Ni(II) 10 mg-L-22012025-Q=49.8 mL-min-1,U354-H6-VS2-20.01.2025,2,3,,313.42083,1720.0,262.69999,50.72084,0
U354-H6-VS2-GGA20- Zn(II) 15-Cr(VI) 5-Ni(II) 10 mg-L-22012025-Q=49.8 mL-min-1,U354-H6-VS2-20.01.2025,2,4,,313.27917,2193.0,261.00001,52.27916,0
U354-H6-VS2-GGA20- Zn(II) 15-Cr(VI) 5-Ni(II) 10 mg-L-22012025-Q=49.8 mL-min-1,U354-H6-VS2-20.01.2025,2,5,,314.70141,2667.0,264.80001,49.9014,0
U354-H6-VS2-GGA20- Zn(II) 15-Cr(VI) 5-Ni(II) 10 mg-L-22012025-Q=49.8 mL-min-1,U354-H6-VS2-20.01.2025,2,6,GGA20-Zn15-Cr5-Ni15,320.80833,3140.0,269.80001,51.00832,1
U354-H6-VS2-GGA20- Zn(II) 15-Cr(VI) 5-Ni(II) 10 mg-L-22012025-Q=49.8 mL-min-1,U354-H6-VS2-20.01.2025,2,7,,320.0507,3614.0,269.6,50.4507,1
U354-H6-VS2-GGA20- Zn(II) 15-Cr(VI) 5-Ni(II) 10 mg-L-22012025-Q=49.8 mL-min-1,U354-H6-VS2-20.01.2025,2,8,,318.8027,4086.0,268.99999,49.80271,1
U354-H6-VS2-GGA20- Zn(II) 15-Cr(VI) 5-Ni(II) 10 mg-L-22012025-Q=49.8 mL-min-1,U354-H6-VS2-20.01.2025,2,9,,317.25833,4562.0,271.29999,45.95834,1
U354-H6-VS2-GGA20- Zn(II) 15-Cr(VI) 5-Ni(II) 10 mg-L-22012025-Q=49.8 mL-min-1,U354-H6-VS2-20.01.2025,2,10,,313.33513,5035.0,267.30001,46.03512,1
U354-H6-VS2-GGA20- Zn(II) 15-Cr(VI) 5-Ni(II) 10 mg-L-22012025-Q=49.8 mL-min-1,U354-H6-VS2-20.01.2025,2,11,,316.39722,5507.0,276.2,40.19722,2
U354-H6-VS2-GGA20- Zn(II) 15-Cr(VI) 5-Ni(II) 10 mg-L-22012025-Q=49.8 mL-min-1,U354-H6-VS2-20.01.2025,2,12,,319.8875,5980.0,282.00001,37.88749,2
U354-H6-VS2-GGA20- Zn(II) 15-Cr(VI) 5-Ni(II) 10 mg-L-22012025-Q=49.8 mL-min-1,U354-H6-VS2-20.01.2025,2,13,,321.02083,6456.0,277.90001,43.12082,2
U354-H6-VS2-GGA20- Zn(II) 15-Cr(VI) 5-Ni(II) 10 mg-L-22012025-Q=49.8 mL-min-1,U354-H6-VS2-20.01.2025,2,14,,321.52639,6928.0,278.69999,42.8264,2
U355-H5-VS2-GGA5- Zn(II) 15-Cr(VI) 5-Ni(II) 10 mg-L-23012025-Q=50.4 mL-min-4,U355-H5-VS2-21.01.2025,0,0,GGA5,324.27183,301.0,245.0,79.27183,0
U355-H5-VS2-GGA5- Zn(II) 15-Cr(VI) 5-Ni(II) 10 mg-L-23012025-Q=50.4 mL-min-4,U355-H5-VS2-21.01.2025,0,1,,321.24306,775.0,240.89999,80.34307,0
U355-H5-VS2-GGA5- Zn(II) 15-Cr(VI) 5-Ni(II) 10 mg-L-23012025-Q=50.4 mL-min-4,U355-H5-VS2-21.01.2025,0,2,,320.5831,1248.0,236.39999,84.18311,0
U355-H5-VS2-GGA5- Zn(II) 15-Cr(VI) 5-Ni(II) 10 mg-L-23012025-Q=50.4 mL-min-4,U355-H5-VS2-21.01.2025,0,3,,318.14324,1721.0,238.7,79.44324,0
U355-H5-VS2-GGA5- Zn(II) 15-Cr(VI) 5-Ni(II) 10 mg-L-23012025-Q=50.4 mL-min-4,U355-H5-VS2-21.01.2025,0,4,,316.45139,2194.0,230.5,85.95139,0
U355-H5-VS2-GGA5- Zn(II) 15-Cr(VI) 5-Ni(II) 10 mg-L-23012025-Q=50.4 mL-min-4,U355-H5-VS2-21.01.2025,0,5,,314.17222,2668.0,231.90001,82.27221,0
U355-H5-VS2-GGA5- Zn(II) 15-Cr(VI) 5-Ni(II) 10 mg-L-23012025-Q=50.4 mL-min-4,U355-H5-VS2-21.01.2025,0,6,GGA5-Zn15-Cr5-Ni10,316.47747,3140.0,239.99999,76.47748,1
U355-H5-VS2-GGA5- Zn(II) 15-Cr(VI) 5-Ni(II) 10 mg-L-23012025-Q=50.4 mL-min-4,U355-H5-VS2-21.01.2025,0,7,,327.98889,3614.0,261.20001,66.78888,1
U355-H5-VS2-GGA5- Zn(II) 15-Cr(VI) 5-Ni(II) 10 mg-L-23012025-Q=50.4 mL-min-4,U355-H5-VS2-21.01.2025,0,8,,335.01389,4087.0,273.79999,61.2139,1
U355-H5-VS2-GGA5- Zn(II) 15-Cr(VI) 5-Ni(II) 10 mg-L-23012025-Q=50.4 mL-min-4,U355-H5-VS2-21.01.2025,0,9,,331.52639,4561.0,277.3,54.22639,1
U355-H5-VS2-GGA5- Zn(II) 15-Cr(VI) 5-Ni(II) 10 mg-L-23012025-Q=50.4 mL-min-4,U355-H5-VS2-21.01.2025,0,10,,330.51806,5034.0,276.4,54.11806,1
U355-H5-VS2-GGA5- Zn(II) 15-Cr(VI) 5-Ni(II) 10 mg-L-23012025-Q=50.4 mL-min-4,U355-H5-VS2-21.01.2025,0,11,,329.89722,5508.0,277.79999,52.09723,1
U355-H5-VS2-GGA5- Zn(II) 15-Cr(VI) 5-Ni(II) 10 mg-L-23012025-Q=50.4 mL-min-4,U355-H5-VS2-21.01.2025,0,12,,328.96389,5982.0,278.49999,50.4639,2
U355-H5-VS2-GGA5- Zn(II) 15-Cr(VI) 5-Ni(II) 10 mg-L-23012025-Q=50.4 mL-min-4,U355-H5-VS2-21.01.2025,0,13,,329.27432,6454.0,277.3,51.97432,2
U355-H5-VS2-GGA15-Zn(II) 5-Cr(VI) 10-Ni(II) 15 mg-L-23012025-Q=50.2 mL-min-3,U355-H5-VS2-21.01.2025,1,0,GGA15,323.93889,301.0,257.2,66.73889,0
U355-H5-VS2-GGA15-Zn(II) 5-Cr(VI) 10-Ni(II) 15 mg-L-23012025-Q=50.2 mL-min-3,U355-H5-VS2-21.01.2025,1,1,,321.91805,775.0,253.8,68.11805,0
U355-H5-VS2-GGA15-Zn(II) 5-Cr(VI) 10-Ni(II) 15 mg-L-23012025-Q=50.2 mL-min-3,U355-H5-VS2-21.01.2025,1,2,,320.48889,1247.0,250.9,69.58889,0
U355-H5-VS2-GGA15-Zn(II) 5-Cr(VI) 10-Ni(II) 15 mg-L-23012025-Q=50.2 mL-min-3,U355-H5-VS2-21.01.2025,1,3,,320.23333,1722.0,250.9,69.33333,0
U355-H5-VS2-GGA15-Zn(II) 5-Cr(VI) 10-Ni(II) 15 mg-L-23012025-Q=50.2 mL-min-3,U355-H5-VS2-21.01.2025,1,4,,320.22817,2195.0,244.5,75.72817,0
U355-H5-VS2-GGA15-Zn(II) 5-Cr(VI) 10-Ni(II) 15 mg-L-23012025-Q=50.2 mL-min-3,U355-H5-VS2-21.01.2025,1,5,,319.82222,2668.0,240.89999,78.92223,0
U355-H5-VS2-GGA15-Zn(II) 5-Cr(VI) 10-Ni(II) 15 mg-L-23012025-Q=50.2 mL-min-3,U355-H5-VS2-21.01.2025,1,6,GGA15-Zn5-Cr10-Ni15,322.03472,3141.0,255.0,67.03472,1
U355-H5-VS2-GGA15-Zn(II) 5-Cr(VI) 10-Ni(II) 15 mg-L-23012025-Q=50.2 mL-min-3,U355-H5-VS2-21.01.2025,1,7,,321.97838,3615.0,258.50001,63.47837,1
U355-H5-VS2-GGA15-Zn(II) 5-Cr(VI) 10-Ni(II) 15 mg-L-23012025-Q=50.2 mL-min-3,U355-H5-VS2-21.01.2025,1,8,,321.87222,4089.0,257.0,64.87222,1
U355-H5-VS2-GGA15-Zn(II) 5-Cr(VI) 10-Ni(II) 15 mg-L-23012025-Q=50.2 mL-min-3,U355-H5-VS2-21.01.2025,1,9,,321.51666,4561.0,257.7,63.81666,2
U355-H5-VS2-GGA15-Zn(II) 5-Cr(VI) 10-Ni(II) 15 mg-L-23012025-Q=50.2 mL-min-3,U355-H5-VS2-21.01.2025,1,10,,322.58169,5035.0,261.5,61.08169,2
U355-H5-VS2-GGA15-Zn(II) 5-Cr(VI) 10-Ni(II) 15 mg-L-23012025-Q=50.2 mL-min-3,U355-H5-VS2-21.01.2025,1,11,,320.31389,5509.0,257.2,63.11389,2
U355-H5-VS2-GGA20- Zn(II) 5-Cr(VI) 15-Ni(II) 15 mg-L-23012025-Q=50.48 mL-min-6,U355-H5-VS2-21.01.2025,2,0,GGA20,318.03889,301.0,255.0,63.03889,0
U355-H5-VS2-GGA20- Zn(II) 5-Cr(VI) 15-Ni(II) 15 mg-L-23012025-Q=50.48 mL-min-6,U355-H5-VS2-21.01.2025,2,1,,318.5375,771.0,257.7,60.8375,0
U355-H5-VS2-GGA20- Zn(II) 5-Cr(VI) 15-Ni(II) 15 mg-L-23012025-Q=50.48 mL-min-6,U355-H5-VS2-21.01.2025,2,2,,317.26216,1244.0,252.29999,64.96217,0
U355-H5-VS2-GGA20- Zn(II) 5-Cr(VI) 15-Ni(II) 15 mg-L-23012025-Q=50.48 mL-min-6,U355-H5-VS2-21.01.2025,2,3,,315.16056,1716.0,250.9,64.26056,0
U355-H5-VS2-GGA20- Zn(II) 5-Cr(VI) 15-Ni(II) 15 mg-L-23012025-Q=50.48 mL-min-6,U355-H5-VS2-21.01.2025,2,4,,311.42361,2190.0,247.6,63.82361,0
U355-H5-VS2-GGA20- Zn(II) 5-Cr(VI) 15-Ni(II) 15 mg-L-23012025-Q=50.48 mL-min-6,U355-H5-VS2-21.01.2025,2,5,,311.125,2663.0,244.7,66.425,0
U355-H5-VS2-GGA20- Zn(II) 5-Cr(VI) 15-Ni(II) 15 mg-L-23012025-Q=50.48 mL-min-6,U355-H5-VS2-21.01.2025,2,6,,311.88472,3136.0,248.2,63.68472,0
U355-H5-VS2-GGA20- Zn(II) 5-Cr(VI) 15-Ni(II) 15 mg-L-23012025-Q=50.48 mL-min-6,U355-H5-VS2-21.01.2025,2,7,GGA20-Zn5-Cr15-Ni15,314.83195,3609.0,250.60001,64.23194,1
U355-H5-VS2-GGA20- Zn(II) 5-Cr(VI) 15-Ni(II) 15 mg-L-23012025-Q=50.48 mL-min-6,U355-H5-VS2-21.01.2025,2,8,,321.70862,4088.0,257.7,64.00862,1
U355-H5-VS2-GGA20- Zn(II) 5-Cr(VI) 15-Ni(II) 15 mg-L-23012025-Q=50.48 mL-min-6,U355-H5-VS2-21.01.2025,2,9,,321.82759,4560.0,260.89999,60.9276,1
U355-H5-VS2-GGA20- Zn(II) 5-Cr(VI) 15-Ni(II) 15 mg-L-23012025-Q=50.48 mL-min-6,U355-H5-VS2-21.01.2025,2,10,,319.81052,5035.0,261.79999,58.01053,1
U355-H5-VS2-GGA20- Zn(II) 5-Cr(VI) 15-Ni(II) 15 mg-L-23012025-Q=50.48 mL-min-6,U355-H5-VS2-21.01.2025,2,11,,319.46491,5510.0,262.6,56.86491,2
U355-H5-VS2-GGA20- Zn(II) 5-Cr(VI) 15-Ni(II) 15 mg-L-23012025-Q=50.48 mL-min-6,U355-H5-VS2-21.01.2025,2,12,,317.57586,5980.0,262.4,55.17586,2
U355-H5-VS2-GGA20- Zn(II) 5-Cr(VI) 15-Ni(II) 15 mg-L-23012025-Q=50.48 mL-min-6,U355-H5-VS2-21.01.2025,2,13,,316.1807,6454.0,260.10001,56.08069,2
U356-H6-VS2-GGA5- Zn(II) 15-Cr(VI) 5-Ni(II) 5 mg-L-23012025-Q=50.32 mL-min-3,U356-H6-VS2-21.01.2025,0,0,GGA5,316.77083,301.0,258.70001,58.07082,0
U356-H6-VS2-GGA5- Zn(II) 15-Cr(VI) 5-Ni(II) 5 mg-L-23012025-Q=50.32 mL-min-3,U356-H6-VS2-21.01.2025,0,1,,314.61389,774.0,254.79999,59.8139,0
U356-H6-VS2-GGA5- Zn(II) 15-Cr(VI) 5-Ni(II) 5 mg-L-23012025-Q=50.32 mL-min-3,U356-H6-VS2-21.01.2025,0,2,,311.24028,1248.0,248.79999,62.44029,0
U356-H6-VS2-GGA5- Zn(II) 15-Cr(VI) 5-Ni(II) 5 mg-L-23012025-Q=50.32 mL-min-3,U356-H6-VS2-21.01.2025,0,3,,309.83611,1722.0,245.7,64.13611,0
U356-H6-VS2-GGA5- Zn(II) 15-Cr(VI) 5-Ni(II) 5 mg-L-23012025-Q=50.32 mL-min-3,U356-H6-VS2-21.01.2025,0,4,,307.6338,2195.0,241.2,66.4338,0
U356-H6-VS2-GGA5- Zn(II) 15-Cr(VI) 5-Ni(II) 5 mg-L-23012025-Q=50.32 mL-min-3,U356-H6-VS2-21.01.2025,0,5,,306.86849,2669.0,235.49999,71.3685,0
U356-H6-VS2-GGA5- Zn(II) 15-Cr(VI) 5-Ni(II) 5 mg-L-23012025-Q=50.32 mL-min-3,U356-H6-VS2-21.01.2025,0,6,,304.82639,3143.0,229.39999,75.4264,0
U356-H6-VS2-GGA5- Zn(II) 15-Cr(VI) 5-Ni(II) 5 mg-L-23012025-Q=50.32 mL-min-3,U356-H6-VS2-21.01.2025,0,7,GGA5-Zn15-Cr5-Ni5,305.52084,3622.0,244.29999,61.22085,1
U356-H6-VS2-GGA5- Zn(II) 15-Cr(VI) 5-Ni(II) 5 mg-L-23012025-Q=50.32 mL-min-3,U356-H6-VS2-21.01.2025,0,8,,317.88333,4095.0,268.09999,49.78334,1
U356-H6-VS2-GGA5- Zn(II) 15-Cr(VI) 5-Ni(II) 5 mg-L-23012025-Q=50.32 mL-min-3,U356-H6-VS2-21.01.2025,0,9,,322.49306,4571.0,275.40001,47.09305,1
U356-H6-VS2-GGA5- Zn(II) 15-Cr(VI) 5-Ni(II) 5 mg-L-23012025-Q=50.32 mL-min-3,U356-H6-VS2-21.01.2025,0,10,,320.60695,5042.0,272.89999,47.70696,1
U356-H6-VS2-GGA5- Zn(II) 15-Cr(VI) 5-Ni(II) 5 mg-L-23012025-Q=50.32 mL-min-3,U356-H6-VS2-21.01.2025,0,11,,318.02778,5517.0,274.4,43.62778,1
U356-H6-VS2-GGA5- Zn(II) 15-Cr(VI) 5-Ni(II) 5 mg-L-23012025-Q=50.32 mL-min-3,U356-H6-VS2-21.01.2025,0,12,,316.88194,5990.0,275.40001,41.48193,2
U356-H6-VS2-GGA5- Zn(II) 15-Cr(VI) 5-Ni(II) 5 mg-L-23012025-Q=50.32 mL-min-3,U356-H6-VS2-21.01.2025,0,13,,317.36528,6464.0,276.4,40.96528,2
U356-H6-VS2-GGA5- Zn(II) 15-Cr(VI) 5-Ni(II) 5 mg-L-23012025-Q=50.32 mL-min-3,U356-H6-VS2-21.01.2025,0,14,,318.27432,6935.0,277.1,41.17432,2
U356-H6-VS2-GGA15-Zn(II) 5-Cr(VI) 10-Ni(II) 10 mg-L-23012025-Q=50.8 mL-min-2,U356-H6-VS2-21.01.2025,1,0,GGA15,311.50833,301.0,252.0,59.50833,0
U356-H6-VS2-GGA15-Zn(II) 5-Cr(VI) 10-Ni(II) 10 mg-L-23012025-Q=50.8 mL-min-2,U356-H6-VS2-21.01.2025,1,1,,310.08889,775.0,249.9,60.18889,0
U356-H6-VS2-GGA15-Zn(II) 5-Cr(VI) 10-Ni(II) 10 mg-L-23012025-Q=50.8 mL-min-2,U356-H6-VS2-21.01.2025,1,2,,308.54444,1247.0,250.60001,57.94443,0
U356-H6-VS2-GGA15-Zn(II) 5-Cr(VI) 10-Ni(II) 10 mg-L-23012025-Q=50.8 mL-min-2,U356-H6-VS2-21.01.2025,1,3,,306.69861,1721.0,243.49999,63.19862,0
U356-H6-VS2-GGA15-Zn(II) 5-Cr(VI) 10-Ni(II) 10 mg-L-23012025-Q=50.8 mL-min-2,U356-H6-VS2-21.01.2025,1,4,,306.29861,2194.0,241.9,64.39861,0
U356-H6-VS2-GGA15-Zn(II) 5-Cr(VI) 10-Ni(II) 10 mg-L-23012025-Q=50.8 mL-min-2,U356-H6-VS2-21.01.2025,1,5,,306.55278,2668.0,240.1,66.45278,0
U356-H6-VS2-GGA15-Zn(II) 5-Cr(VI) 10-Ni(II) 10 mg-L-23012025-Q=50.8 mL-min-2,U356-H6-VS2-21.01.2025,1,6,,306.23333,3141.0,238.5,67.73333,0
U356-H6-VS2-GGA15-Zn(II) 5-Cr(VI) 10-Ni(II) 10 mg-L-23012025-Q=50.8 mL-min-2,U356-H6-VS2-21.01.2025,1,7,GGA15-Zn5-Cr10-Ni10,308.26944,3615.0,251.50001,56.76943,1
U356-H6-VS2-GGA15-Zn(II) 5-Cr(VI) 10-Ni(II) 10 mg-L-23012025-Q=50.8 mL-min-2,U356-H6-VS2-21.01.2025,1,8,,308.25405,4087.0,252.99999,55.25406,1
U356-H6-VS2-GGA15-Zn(II) 5-Cr(VI) 10-Ni(II) 10 mg-L-23012025-Q=50.8 mL-min-2,U356-H6-VS2-21.01.2025,1,9,,306.5493,4561.0,252.5,54.0493,1
U356-H6-VS2-GGA15-Zn(II) 5-Cr(VI) 10-Ni(II) 10 mg-L-23012025-Q=50.8 mL-min-2,U356-H6-VS2-21.01.2025,1,10,,307.93472,5034.0,253.89999,54.03473,2
U356-H6-VS2-GGA15-Zn(II) 5-Cr(VI) 10-Ni(II) 10 mg-L-23012025-Q=50.8 mL-min-2,U356-H6-VS2-21.01.2025,1,11,,307.74167,5508.0,254.5,53.24167,2
U356-H6-VS2-GGA15-Zn(II) 5-Cr(VI) 10-Ni(II) 10 mg-L-23012025-Q=50.8 mL-min-2,U356-H6-VS2-21.01.2025,1,12,,307.57465,5982.0,253.50001,54.07464,2
U356-H6-VS2-GGA20- Zn(II) 5-Cr(VI) 10-Ni(II) 15 mg-L-23012025-Q=50.44 mL-min-4,U356-H6-VS2-21.01.2025,2,0,GGA20,312.08784,301.0,247.5,64.58784,0
U356-H6-VS2-GGA20- Zn(II) 5-Cr(VI) 10-Ni(II) 15 mg-L-23012025-Q=50.44 mL-min-4,U356-H6-VS2-21.01.2025,2,1,,310.05972,774.0,245.8,64.25972,0
U356-H6-VS2-GGA20- Zn(II) 5-Cr(VI) 10-Ni(II) 15 mg-L-23012025-Q=50.44 mL-min-4,U356-H6-VS2-21.01.2025,2,2,,307.89167,1247.0,241.0,66.89167,0
U356-H6-VS2-GGA20- Zn(II) 5-Cr(VI) 10-Ni(II) 15 mg-L-23012025-Q=50.44 mL-min-4,U356-H6-VS2-21.01.2025,2,3,,305.74306,1722.0,240.6,65.14306,0
U356-H6-VS2-GGA20- Zn(II) 5-Cr(VI) 10-Ni(II) 15 mg-L-23012025-Q=50.44 mL-min-4,U356-H6-VS2-21.01.2025,2,4,,305.33195,2194.0,240.79999,64.53196,0
U356-H6-VS2-GGA20- Zn(II) 5-Cr(VI) 10-Ni(II) 15 mg-L-23012025-Q=50.44 mL-min-4,U356-H6-VS2-21.01.2025,2,5,,308.54189,2668.0,246.09999,62.4419,1
U356-H6-VS2-GGA20- Zn(II) 5-Cr(VI) 10-Ni(II) 15 mg-L-23012025-Q=50.44 mL-min-4,U356-H6-VS2-21.01.2025,2,6,,315.5807,3147.0,256.3,59.2807,1
U356-H6-VS2-GGA20- Zn(II) 5-Cr(VI) 10-Ni(II) 15 mg-L-23012025-Q=50.44 mL-min-4,U356-H6-VS2-21.01.2025,2,7,GGA20-Zn5-Cr10-Ni15,316.44211,3620.0,258.8,57.64211,1
U356-H6-VS2-GGA20- Zn(II) 5-Cr(VI) 10-Ni(II) 15 mg-L-23012025-Q=50.44 mL-min-4,U356-H6-VS2-21.01.2025,2,8,,314.15345,4092.0,258.6,55.55345,1
U356-H6-VS2-GGA20- Zn(II) 5-Cr(VI) 10-Ni(II) 15 mg-L-23012025-Q=50.44 mL-min-4,U356-H6-VS2-21.01.2025,2,9,,312.51034,4566.0,255.29999,57.21035,1
U356-H6-VS2-GGA20- Zn(II) 5-Cr(VI) 10-Ni(II) 15 mg-L-23012025-Q=50.44 mL-min-4,U356-H6-VS2-21.01.2025,2,10,,309.98596,5038.0,256.70001,53.28595,2
U356-H6-VS2-GGA20- Zn(II) 5-Cr(VI) 10-Ni(II) 15 mg-L-23012025-Q=50.44 mL-min-4,U356-H6-VS2-21.01.2025,2,11,,309.19649,5514.0,254.40001,54.79648,2
U356-H6-VS2-GGA20- Zn(II) 5-Cr(VI) 10-Ni(II) 15 mg-L-23012025-Q=50.44 mL-min-4,U356-H6-VS2-21.01.2025,2,12,,308.48666,5987.0,254.5,53.98666,2
U357-H5-VS2-GGA10- Zn(II) 15-Cr(VI) 10-Ni(II) 10 mg-L-04022025-Q=50.4 mL-min-2,U357-H5-VS2-02.02.2025,0,0,GGA10,323.01525,301.0,246.09999,76.91526,0
U357-H5-VS2-GGA10- Zn(II) 15-Cr(VI) 10-Ni(II) 10 mg-L-04022025-Q=50.4 mL-min-2,U357-H5-VS2-02.02.2025,0,1,,321.70169,774.0,247.4,74.30169,0
U357-H5-VS2-GGA10- Zn(II) 15-Cr(VI) 10-Ni(II) 10 mg-L-04022025-Q=50.4 mL-min-2,U357-H5-VS2-02.02.2025,0,2,,322.02787,1248.0,249.9,72.12787,0
U357-H5-VS2-GGA10- Zn(II) 15-Cr(VI) 10-Ni(II) 10 mg-L-04022025-Q=50.4 mL-min-2,U357-H5-VS2-02.02.2025,0,3,,331.95763,1720.0,250.99999,80.95764,0
U357-H5-VS2-GGA10- Zn(II) 15-Cr(VI) 10-Ni(II) 10 mg-L-04022025-Q=50.4 mL-min-2,U357-H5-VS2-02.02.2025,0,4,,337.28644,2194.0,255.10001,82.18643,0
U357-H5-VS2-GGA10- Zn(II) 15-Cr(VI) 10-Ni(II) 10 mg-L-04022025-Q=50.4 mL-min-2,U357-H5-VS2-02.02.2025,0,5,,340.52034,2668.0,256.3,84.22034,0
U357-H5-VS2-GGA10- Zn(II) 15-Cr(VI) 10-Ni(II) 10 mg-L-04022025-Q=50.4 mL-min-2,U357-H5-VS2-02.02.2025,0,6,,341.20833,3142.0,253.50001,87.70832,0
U357-H5-VS2-GGA10- Zn(II) 15-Cr(VI) 10-Ni(II) 10 mg-L-04022025-Q=50.4 mL-min-2,U357-H5-VS2-02.02.2025,0,7,GGA10-Zn15-Cr10-Ni10,342.31186,3615.0,264.09999,78.21187,1
U357-H5-VS2-GGA10- Zn(II) 15-Cr(VI) 10-Ni(II) 10 mg-L-04022025-Q=50.4 mL-min-2,U357-H5-VS2-02.02.2025,0,8,,341.05424,4090.0,274.89999,66.15425,1
U357-H5-VS2-GGA10- Zn(II) 15-Cr(VI) 10-Ni(II) 10 mg-L-04022025-Q=50.4 mL-min-2,U357-H5-VS2-02.02.2025,0,9,,343.40678,4564.0,284.70001,58.70677,1
U357-H5-VS2-GGA10- Zn(II) 15-Cr(VI) 10-Ni(II) 10 mg-L-04022025-Q=50.4 mL-min-2,U357-H5-VS2-02.02.2025,0,10,,343.33898,5037.0,290.69999,52.63899,1
U357-H5-VS2-GGA10- Zn(II) 15-Cr(VI) 10-Ni(II) 10 mg-L-04022025-Q=50.4 mL-min-2,U357-H5-VS2-02.02.2025,0,11,,344.0,5509.0,293.70001,50.29999,1
U357-H5-VS2-GGA10- Zn(II) 15-Cr(VI) 10-Ni(II) 10 mg-L-04022025-Q=50.4 mL-min-2,U357-H5-VS2-02.02.2025,0,12,,345.69672,5983.0,296.29999,49.39673,2
U357-H5-VS2-GGA10- Zn(II) 15-Cr(VI) 10-Ni(II) 10 mg-L-04022025-Q=50.4 mL-min-2,U357-H5-VS2-02.02.2025,0,13,,339.20848,6455.0,291.70001,47.50847,2
U357-H5-VS2-GGA15-Zn(II) 15-Cr(VI) 5-Ni(II) 10 mg-L-04022025-Q=50.24 mL-min-3,U357-H5-VS2-02.02.2025,1,0,GGA15,339.67119,301.0,275.99999,63.6712,0
U357-H5-VS2-GGA15-Zn(II) 15-Cr(VI) 5-Ni(II) 10 mg-L-04022025-Q=50.24 mL-min-3,U357-H5-VS2-02.02.2025,1,1,,338.85424,772.0,276.80001,62.05423,0
U357-H5-VS2-GGA15-Zn(II) 15-Cr(VI) 5-Ni(II) 10 mg-L-04022025-Q=50.24 mL-min-3,U357-H5-VS2-02.02.2025,1,2,,338.72373,1247.0,279.19999,59.52374,0
U357-H5-VS2-GGA15-Zn(II) 15-Cr(VI) 5-Ni(II) 10 mg-L-04022025-Q=50.24 mL-min-3,U357-H5-VS2-02.02.2025,1,3,,336.8918,1721.0,275.90001,60.99179,0
U357-H5-VS2-GGA15-Zn(II) 15-Cr(VI) 5-Ni(II) 10 mg-L-04022025-Q=50.24 mL-min-3,U357-H5-VS2-02.02.2025,1,4,,337.915,2194.0,275.5,62.415,0
U357-H5-VS2-GGA15-Zn(II) 15-Cr(VI) 5-Ni(II) 10 mg-L-04022025-Q=50.24 mL-min-3,U357-H5-VS2-02.02.2025,1,5,,338.21695,2669.0,275.7,62.51695,0
U357-H5-VS2-GGA15-Zn(II) 15-Cr(VI) 5-Ni(II) 10 mg-L-04022025-Q=50.24 mL-min-3,U357-H5-VS2-02.02.2025,1,6,,338.74,3140.0,273.20001,65.53999,0
U357-H5-VS2-GGA15-Zn(II) 15-Cr(VI) 5-Ni(II) 10 mg-L-04022025-Q=50.24 mL-min-3,U357-H5-VS2-02.02.2025,1,7,GGA15-Zn15-Cr5-Ni10,338.36,3613.0,279.39999,58.96001,1
U357-H5-VS2-GGA15-Zn(II) 15-Cr(VI) 5-Ni(II) 10 mg-L-04022025-Q=50.24 mL-min-3,U357-H5-VS2-02.02.2025,1,8,,338.7983,4085.0,284.59999,54.19831,1
U357-H5-VS2-GGA15-Zn(II) 15-Cr(VI) 5-Ni(II) 10 mg-L-04022025-Q=50.24 mL-min-3,U357-H5-VS2-02.02.2025,1,9,,338.25762,4561.0,288.50001,49.75761,1
U357-H5-VS2-GGA15-Zn(II) 15-Cr(VI) 5-Ni(II) 10 mg-L-04022025-Q=50.24 mL-min-3,U357-H5-VS2-02.02.2025,1,10,,338.25333,5033.0,290.49999,47.75334,1
U357-H5-VS2-GGA15-Zn(II) 15-Cr(VI) 5-Ni(II) 10 mg-L-04022025-Q=50.24 mL-min-3,U357-H5-VS2-02.02.2025,1,11,,338.64576,5507.0,294.60001,44.04575,2
U357-H5-VS2-GGA15-Zn(II) 15-Cr(VI) 5-Ni(II) 10 mg-L-04022025-Q=50.24 mL-min-3,U357-H5-VS2-02.02.2025,1,12,,336.75667,5981.0,292.60001,44.15666,2
U357-H5-VS2-GGA20- Zn(II) 10-Cr(VI) 15-Ni(II) 15 mg-L-04022025-Q=50.44 mL-min-7,U357-H5-VS2-02.02.2025,2,0,GGA20,339.79492,301.0,286.00001,53.79491,0
U357-H5-VS2-GGA20- Zn(II) 10-Cr(VI) 15-Ni(II) 15 mg-L-04022025-Q=50.44 mL-min-7,U357-H5-VS2-02.02.2025,2,1,,340.21695,773.0,285.29999,54.91696,0
U357-H5-VS2-GGA20- Zn(II) 10-Cr(VI) 15-Ni(II) 15 mg-L-04022025-Q=50.44 mL-min-7,U357-H5-VS2-02.02.2025,2,2,,340.73167,1248.0,283.69999,57.03168,0
U357-H5-VS2-GGA20- Zn(II) 10-Cr(VI) 15-Ni(II) 15 mg-L-04022025-Q=50.44 mL-min-7,U357-H5-VS2-02.02.2025,2,3,,341.74,1720.0,278.29999,63.44001,0
U357-H5-VS2-GGA20- Zn(II) 10-Cr(VI) 15-Ni(II) 15 mg-L-04022025-Q=50.44 mL-min-7,U357-H5-VS2-02.02.2025,2,4,,342.45932,2193.0,282.09999,60.35933,0
U357-H5-VS2-GGA20- Zn(II) 10-Cr(VI) 15-Ni(II) 15 mg-L-04022025-Q=50.44 mL-min-7,U357-H5-VS2-02.02.2025,2,5,,342.41333,2667.0,279.39999,63.01334,0
U357-H5-VS2-GGA20- Zn(II) 10-Cr(VI) 15-Ni(II) 15 mg-L-04022025-Q=50.44 mL-min-7,U357-H5-VS2-02.02.2025,2,6,GGA20-Zn10-Cr15-Ni15,345.14746,3140.0,284.1,61.04746,1
U357-H5-VS2-GGA20- Zn(II) 10-Cr(VI) 15-Ni(II) 15 mg-L-04022025-Q=50.44 mL-min-7,U357-H5-VS2-02.02.2025,2,7,,344.82542,3614.0,286.39999,58.42543,1
U357-H5-VS2-GGA20- Zn(II) 10-Cr(VI) 15-Ni(II) 15 mg-L-04022025-Q=50.44 mL-min-7,U357-H5-VS2-02.02.2025,2,8,,346.25763,4085.0,296.60001,49.65762,1
U357-H5-VS2-GGA20- Zn(II) 10-Cr(VI) 15-Ni(II) 15 mg-L-04022025-Q=50.44 mL-min-7,U357-H5-VS2-02.02.2025,2,9,,345.5459,4560.0,295.30001,50.24589,1
U357-H5-VS2-GGA20- Zn(II) 10-Cr(VI) 15-Ni(II) 15 mg-L-04022025-Q=50.44 mL-min-7,U357-H5-VS2-02.02.2025,2,10,,345.71666,5034.0,295.89999,49.81667,1
U357-H5-VS2-GGA20- Zn(II) 10-Cr(VI) 15-Ni(II) 15 mg-L-04022025-Q=50.44 mL-min-7,U357-H5-VS2-02.02.2025,2,11,,347.2,5506.0,297.6,49.6,1
U357-H5-VS2-GGA20- Zn(II) 10-Cr(VI) 15-Ni(II) 15 mg-L-04022025-Q=50.44 mL-min-7,U357-H5-VS2-02.02.2025,2,12,,345.14394,5981.0,302.1,43.04394,2
U357-H5-VS2-GGA20- Zn(II) 10-Cr(VI) 15-Ni(II) 15 mg-L-04022025-Q=50.44 mL-min-7,U357-H5-VS2-02.02.2025,2,13,,344.27121,6453.0,302.39999,41.87122,2
U357-H5-VS2-GGA20- Zn(II) 10-Cr(VI) 15-Ni(II) 15 mg-L-04022025-Q=50.44 mL-min-7,U357-H5-VS2-02.02.2025,2,14,,347.48529,6925.0,303.7,43.78529,2
U358-H6-VS2-GGA10- Zn(II) 15-Cr(VI) 10-Ni(II) 5 mg-L-04022025-Q=50.32 mL-min-3,U358-H6-VS2-02.02.2025,0,0,GGA10,318.89167,301.0,246.90001,71.99166,0
U358-H6-VS2-GGA10- Zn(II) 15-Cr(VI) 10-Ni(II) 5 mg-L-04022025-Q=50.32 mL-min-3,U358-H6-VS2-02.02.2025,0,1,,317.15932,774.0,250.9,66.25932,0
U358-H6-VS2-GGA10- Zn(II) 15-Cr(VI) 10-Ni(II) 5 mg-L-04022025-Q=50.32 mL-min-3,U358-H6-VS2-02.02.2025,0,2,,322.31475,1248.0,252.99999,69.31476,0
U358-H6-VS2-GGA10- Zn(II) 15-Cr(VI) 10-Ni(II) 5 mg-L-04022025-Q=50.32 mL-min-3,U358-H6-VS2-02.02.2025,0,3,,327.89322,1720.0,255.2,72.69322,0
U358-H6-VS2-GGA10- Zn(II) 15-Cr(VI) 10-Ni(II) 5 mg-L-04022025-Q=50.32 mL-min-3,U358-H6-VS2-02.02.2025,0,4,,333.62204,2196.0,256.1,77.52204,0
U358-H6-VS2-GGA10- Zn(II) 15-Cr(VI) 10-Ni(II) 5 mg-L-04022025-Q=50.32 mL-min-3,U358-H6-VS2-02.02.2025,0,5,,335.38475,2670.0,254.40001,80.98474,0
U358-H6-VS2-GGA10- Zn(II) 15-Cr(VI) 10-Ni(II) 5 mg-L-04022025-Q=50.32 mL-min-3,U358-H6-VS2-02.02.2025,0,6,,334.99831,3142.0,252.60001,82.3983,0
U358-H6-VS2-GGA10- Zn(II) 15-Cr(VI) 10-Ni(II) 5 mg-L-04022025-Q=50.32 mL-min-3,U358-H6-VS2-02.02.2025,0,7,GGA10-Zn15-Cr10-Ni5,337.88833,3618.0,265.6,72.28833,1
U358-H6-VS2-GGA10- Zn(II) 15-Cr(VI) 10-Ni(II) 5 mg-L-04022025-Q=50.32 mL-min-3,U358-H6-VS2-02.02.2025,0,8,,341.62833,4089.0,280.99999,60.62834,1
U358-H6-VS2-GGA10- Zn(II) 15-Cr(VI) 10-Ni(II) 5 mg-L-04022025-Q=50.32 mL-min-3,U358-H6-VS2-02.02.2025,0,9,,341.58,4564.0,287.0,54.58,1
U358-H6-VS2-GGA10- Zn(II) 15-Cr(VI) 10-Ni(II) 5 mg-L-04022025-Q=50.32 mL-min-3,U358-H6-VS2-02.02.2025,0,10,,342.56271,5037.0,293.00001,49.5627,2
U358-H6-VS2-GGA10- Zn(II) 15-Cr(VI) 10-Ni(II) 5 mg-L-04022025-Q=50.32 mL-min-3,U358-H6-VS2-02.02.2025,0,11,,343.80509,5510.0,294.9,48.90509,2
U358-H6-VS2-GGA10- Zn(II) 15-Cr(VI) 10-Ni(II) 5 mg-L-04022025-Q=50.32 mL-min-3,U358-H6-VS2-02.02.2025,0,12,,342.7371,5984.0,293.1,49.6371,2
U358-H6-VS2-GGA15-Zn(II) 15-Cr(VI) 5-Ni(II) 5 mg-L-04022025-Q=50.8 mL-min-2,U358-H6-VS2-02.02.2025,1,0,GGA15,345.76333,301.0,284.70001,61.06332,0
U358-H6-VS2-GGA15-Zn(II) 15-Cr(VI) 5-Ni(II) 5 mg-L-04022025-Q=50.8 mL-min-2,U358-H6-VS2-02.02.2025,1,1,,347.82034,772.0,285.9,61.92034,0
U358-H6-VS2-GGA15-Zn(II) 15-Cr(VI) 5-Ni(II) 5 mg-L-04022025-Q=50.8 mL-min-2,U358-H6-VS2-02.02.2025,1,2,,348.28333,1248.0,284.70001,63.58332,0
U358-H6-VS2-GGA15-Zn(II) 15-Cr(VI) 5-Ni(II) 5 mg-L-04022025-Q=50.8 mL-min-2,U358-H6-VS2-02.02.2025,1,3,,348.7983,1721.0,281.8,66.9983,0
U358-H6-VS2-GGA15-Zn(II) 15-Cr(VI) 5-Ni(II) 5 mg-L-04022025-Q=50.8 mL-min-2,U358-H6-VS2-02.02.2025,1,4,,349.17742,2195.0,284.1,65.07742,0
U358-H6-VS2-GGA15-Zn(II) 15-Cr(VI) 5-Ni(II) 5 mg-L-04022025-Q=50.8 mL-min-2,U358-H6-VS2-02.02.2025,1,5,,346.245,2674.0,288.50001,57.74499,0
U358-H6-VS2-GGA15-Zn(II) 15-Cr(VI) 5-Ni(II) 5 mg-L-04022025-Q=50.8 mL-min-2,U358-H6-VS2-02.02.2025,1,6,,347.58305,3147.0,288.8,58.78305,0
U358-H6-VS2-GGA15-Zn(II) 15-Cr(VI) 5-Ni(II) 5 mg-L-04022025-Q=50.8 mL-min-2,U358-H6-VS2-02.02.2025,1,7,GGA15-Zn15-Cr5-Ni5,355.94333,3621.0,294.99999,60.94334,1
U358-H6-VS2-GGA15-Zn(II) 15-Cr(VI) 5-Ni(II) 5 mg-L-04022025-Q=50.8 mL-min-2,U358-H6-VS2-02.02.2025,1,8,,353.37833,4095.0,299.10001,54.27832,1
U358-H6-VS2-GGA15-Zn(II) 15-Cr(VI) 5-Ni(II) 5 mg-L-04022025-Q=50.8 mL-min-2,U358-H6-VS2-02.02.2025,1,9,,347.01187,4570.0,301.9,45.11187,1
U358-H6-VS2-GGA15-Zn(II) 15-Cr(VI) 5-Ni(II) 5 mg-L-04022025-Q=50.8 mL-min-2,U358-H6-VS2-02.02.2025,1,10,,346.83729,5043.0,304.30001,42.53728,1
U358-H6-VS2-GGA15-Zn(II) 15-Cr(VI) 5-Ni(II) 5 mg-L-04022025-Q=50.8 mL-min-2,U358-H6-VS2-02.02.2025,1,11,,347.995,5517.0,306.69999,41.29501,1
U358-H6-VS2-GGA15-Zn(II) 15-Cr(VI) 5-Ni(II) 5 mg-L-04022025-Q=50.8 mL-min-2,U358-H6-VS2-02.02.2025,1,12,,343.97796,5991.0,301.09999,42.87797,1
U358-H6-VS2-GGA15-Zn(II) 15-Cr(VI) 5-Ni(II) 5 mg-L-04022025-Q=50.8 mL-min-2,U358-H6-VS2-02.02.2025,1,13,,338.92203,6462.0,300.00001,38.92202,2
U358-H6-VS2-GGA15-Zn(II) 15-Cr(VI) 5-Ni(II) 5 mg-L-04022025-Q=50.8 mL-min-2,U358-H6-VS2-02.02.2025,1,14,,340.22787,6936.0,303.99999,36.22788,2
U358-H6-VS2-GGA15-Zn(II) 15-Cr(VI) 5-Ni(II) 5 mg-L-04022025-Q=50.8 mL-min-2,U358-H6-VS2-02.02.2025,1,15,,342.46129,7410.0,302.8,39.66129,2
U358-H6-VS2-GGA20- Zn(II) 10-Cr(VI) 15-Ni(II) 10 mg-L-04022025-Q=50.44 mL-min-4,U358-H6-VS2-02.02.2025,2,0,GGA20,346.98688,301.0,286.8,60.18688,0
U358-H6-VS2-GGA20- Zn(II) 10-Cr(VI) 15-Ni(II) 10 mg-L-04022025-Q=50.44 mL-min-4,U358-H6-VS2-02.02.2025,2,1,,348.05645,774.0,286.3,61.75645,0
U358-H6-VS2-GGA20- Zn(II) 10-Cr(VI) 15-Ni(II) 10 mg-L-04022025-Q=50.44 mL-min-4,U358-H6-VS2-02.02.2025,2,2,,348.05484,1247.0,288.70001,59.35483,0
U358-H6-VS2-GGA20- Zn(II) 10-Cr(VI) 15-Ni(II) 10 mg-L-04022025-Q=50.44 mL-min-4,U358-H6-VS2-02.02.2025,2,3,,348.56129,1721.0,287.9,60.66129,0
U358-H6-VS2-GGA20- Zn(II) 10-Cr(VI) 15-Ni(II) 10 mg-L-04022025-Q=50.44 mL-min-4,U358-H6-VS2-02.02.2025,2,4,,348.75968,2196.0,290.49999,58.25969,0
U358-H6-VS2-GGA20- Zn(II) 10-Cr(VI) 15-Ni(II) 10 mg-L-04022025-Q=50.44 mL-min-4,U358-H6-VS2-02.02.2025,2,5,,345.79375,2668.0,290.6,55.19375,0
U358-H6-VS2-GGA20- Zn(II) 10-Cr(VI) 15-Ni(II) 10 mg-L-04022025-Q=50.44 mL-min-4,U358-H6-VS2-02.02.2025,2,6,GGA20-Zn10-Cr15-Ni10,351.49672,3142.0,289.99999,61.49673,1
U358-H6-VS2-GGA20- Zn(II) 10-Cr(VI) 15-Ni(II) 10 mg-L-04022025-Q=50.44 mL-min-4,U358-H6-VS2-02.02.2025,2,7,,347.54426,3617.0,300.39999,47.14427,1
U358-H6-VS2-GGA20- Zn(II) 10-Cr(VI) 15-Ni(II) 10 mg-L-04022025-Q=50.44 mL-min-4,U358-H6-VS2-02.02.2025,2,8,,350.47258,4089.0,303.09999,47.37259,1
U358-H6-VS2-GGA20- Zn(II) 10-Cr(VI) 15-Ni(II) 10 mg-L-04022025-Q=50.44 mL-min-4,U358-H6-VS2-02.02.2025,2,9,,348.17097,4563.0,304.89999,43.27098,1
U358-H6-VS2-GGA20- Zn(II) 10-Cr(VI) 15-Ni(II) 10 mg-L-04022025-Q=50.44 mL-min-4,U358-H6-VS2-02.02.2025,2,10,,350.00164,5036.0,306.6,43.40164,1
U358-H6-VS2-GGA20- Zn(II) 10-Cr(VI) 15-Ni(II) 10 mg-L-04022025-Q=50.44 mL-min-4,U358-H6-VS2-02.02.2025,2,11,,348.96818,5509.0,307.39999,41.56819,1
U358-H6-VS2-GGA20- Zn(II) 10-Cr(VI) 15-Ni(II) 10 mg-L-04022025-Q=50.44 mL-min-4,U358-H6-VS2-02.02.2025,2,12,,350.79849,5984.0,312.7,38.09849,2
U358-H6-VS2-GGA20- Zn(II) 10-Cr(VI) 15-Ni(II) 10 mg-L-04022025-Q=50.44 mL-min-4,U358-H6-VS2-02.02.2025,2,13,,347.22121,6456.0,315.0,32.22121,2
U358-H6-VS2-GGA20- Zn(II) 10-Cr(VI) 15-Ni(II) 10 mg-L-04022025-Q=50.44 mL-min-4,U358-H6-VS2-02.02.2025,2,14,,347.95,6928.0,311.8,36.15,2
U359-H5-VS2-GGA5- Zn(II) 15-Cr(VI) 5-Ni(II) 10 mg-L-05022025-Q=50.04 mL-min-5,U359-H5-VS2-03.02.2025,0,0,GGA5,328.15972,301.0,271.60001,56.55971,0
U359-H5-VS2-GGA5- Zn(II) 15-Cr(VI) 5-Ni(II) 10 mg-L-05022025-Q=50.04 mL-min-5,U359-H5-VS2-03.02.2025,0,1,,332.86945,773.0,270.20001,62.66944,0
U359-H5-VS2-GGA5- Zn(II) 15-Cr(VI) 5-Ni(II) 10 mg-L-05022025-Q=50.04 mL-min-5,U359-H5-VS2-03.02.2025,0,2,,334.83056,1247.0,268.3,66.53056,0
U359-H5-VS2-GGA5- Zn(II) 15-Cr(VI) 5-Ni(II) 10 mg-L-05022025-Q=50.04 mL-min-5,U359-H5-VS2-03.02.2025,0,3,,336.71549,1721.0,262.6,74.11549,0
U359-H5-VS2-GGA5- Zn(II) 15-Cr(VI) 5-Ni(II) 10 mg-L-05022025-Q=50.04 mL-min-5,U359-H5-VS2-03.02.2025,0,4,,338.08472,2193.0,264.40001,73.68471,0
U359-H5-VS2-GGA5- Zn(II) 15-Cr(VI) 5-Ni(II) 10 mg-L-05022025-Q=50.04 mL-min-5,U359-H5-VS2-03.02.2025,0,5,GGA5-Zn15-Cr5-Ni10,341.63889,2665.0,286.19999,55.4389,1
U359-H5-VS2-GGA5- Zn(II) 15-Cr(VI) 5-Ni(II) 10 mg-L-05022025-Q=50.04 mL-min-5,U359-H5-VS2-03.02.2025,0,6,,343.55417,3137.0,287.60001,55.95416,1
U359-H5-VS2-GGA5- Zn(II) 15-Cr(VI) 5-Ni(II) 10 mg-L-05022025-Q=50.04 mL-min-5,U359-H5-VS2-03.02.2025,0,7,,342.8625,3614.0,291.79999,51.06251,1
U359-H5-VS2-GGA5- Zn(II) 15-Cr(VI) 5-Ni(II) 10 mg-L-05022025-Q=50.04 mL-min-5,U359-H5-VS2-03.02.2025,0,8,,343.20405,4085.0,292.60001,50.60404,1
U359-H5-VS2-GGA5- Zn(II) 15-Cr(VI) 5-Ni(II) 10 mg-L-05022025-Q=50.04 mL-min-5,U359-H5-VS2-03.02.2025,0,9,,337.8375,4558.0,291.3,46.5375,2
U359-H5-VS2-GGA5- Zn(II) 15-Cr(VI) 5-Ni(II) 10 mg-L-05022025-Q=50.04 mL-min-5,U359-H5-VS2-03.02.2025,0,10,,339.68472,5031.0,292.4,47.28472,2
U359-H5-VS2-GGA5- Zn(II) 15-Cr(VI) 5-Ni(II) 10 mg-L-05022025-Q=50.04 mL-min-5,U359-H5-VS2-03.02.2025,0,11,,337.375,5505.0,290.10001,47.27499,2
U359-H5-VS2-GGA15-Zn(II) 5-Cr(VI) 10-Ni(II) 10 mg-L-05022025-Q=50.2 mL-min-6,U359-H5-VS2-03.02.2025,1,0,GGA15,326.17778,301.0,264.0,62.17778,0
U359-H5-VS2-GGA15-Zn(II) 5-Cr(VI) 10-Ni(II) 10 mg-L-05022025-Q=50.2 mL-min-6,U359-H5-VS2-03.02.2025,1,1,,326.84366,774.0,266.99999,59.84367,0
U359-H5-VS2-GGA15-Zn(II) 5-Cr(VI) 10-Ni(II) 10 mg-L-05022025-Q=50.2 mL-min-6,U359-H5-VS2-03.02.2025,1,2,,323.26165,1248.0,258.8,64.46165,0
U359-H5-VS2-GGA15-Zn(II) 5-Cr(VI) 10-Ni(II) 10 mg-L-05022025-Q=50.2 mL-min-6,U359-H5-VS2-03.02.2025,1,3,,318.65972,1720.0,257.0,61.65972,0
U359-H5-VS2-GGA15-Zn(II) 5-Cr(VI) 10-Ni(II) 10 mg-L-05022025-Q=50.2 mL-min-6,U359-H5-VS2-03.02.2025,1,4,,320.11127,2194.0,257.7,62.41127,0
U359-H5-VS2-GGA15-Zn(II) 5-Cr(VI) 10-Ni(II) 10 mg-L-05022025-Q=50.2 mL-min-6,U359-H5-VS2-03.02.2025,1,5,,324.19028,2666.0,260.10001,64.09027,0
U359-H5-VS2-GGA15-Zn(II) 5-Cr(VI) 10-Ni(II) 10 mg-L-05022025-Q=50.2 mL-min-6,U359-H5-VS2-03.02.2025,1,6,GGA15-Zn5-Cr10-Ni10,325.94861,3141.0,268.90001,57.0486,1
U359-H5-VS2-GGA15-Zn(II) 5-Cr(VI) 10-Ni(II) 10 mg-L-05022025-Q=50.2 mL-min-6,U359-H5-VS2-03.02.2025,1,7,,326.82222,3615.0,275.40001,51.42221,1
U359-H5-VS2-GGA15-Zn(II) 5-Cr(VI) 10-Ni(II) 10 mg-L-05022025-Q=50.2 mL-min-6,U359-H5-VS2-03.02.2025,1,8,,327.81127,4087.0,275.5,52.31127,1
U359-H5-VS2-GGA15-Zn(II) 5-Cr(VI) 10-Ni(II) 10 mg-L-05022025-Q=50.2 mL-min-6,U359-H5-VS2-03.02.2025,1,9,,321.38611,4561.0,270.79999,50.58612,2
U359-H5-VS2-GGA15-Zn(II) 5-Cr(VI) 10-Ni(II) 10 mg-L-05022025-Q=50.2 mL-min-6,U359-H5-VS2-03.02.2025,1,10,,321.275,5035.0,270.00001,51.27499,2
U359-H5-VS2-GGA15-Zn(II) 5-Cr(VI) 10-Ni(II) 10 mg-L-05022025-Q=50.2 mL-min-6,U359-H5-VS2-03.02.2025,1,11,,325.2831,5509.0,274.69999,50.58311,2
U359-H5-VS2-GGA20- Zn(II) 5-Cr(VI) 15-Ni(II) 10 mg-L-05022025-Q=50.76 mL-min-5,U359-H5-VS2-03.02.2025,2,0,GGA20,333.97465,301.0,277.70001,56.27464,0
U359-H5-VS2-GGA20- Zn(II) 5-Cr(VI) 15-Ni(II) 10 mg-L-05022025-Q=50.76 mL-min-5,U359-H5-VS2-03.02.2025,2,1,,334.62223,774.0,277.70001,56.92222,0
U359-H5-VS2-GGA20- Zn(II) 5-Cr(VI) 15-Ni(II) 10 mg-L-05022025-Q=50.76 mL-min-5,U359-H5-VS2-03.02.2025,2,2,,332.93472,1247.0,273.7,59.23472,0
U359-H5-VS2-GGA20- Zn(II) 5-Cr(VI) 15-Ni(II) 10 mg-L-05022025-Q=50.76 mL-min-5,U359-H5-VS2-03.02.2025,2,3,,324.48243,1723.0,271.2,53.28243,0
U359-H5-VS2-GGA20- Zn(II) 5-Cr(VI) 15-Ni(II) 10 mg-L-05022025-Q=50.76 mL-min-5,U359-H5-VS2-03.02.2025,2,4,,320.72778,2195.0,265.6,55.12778,0
U359-H5-VS2-GGA20- Zn(II) 5-Cr(VI) 15-Ni(II) 10 mg-L-05022025-Q=50.76 mL-min-5,U359-H5-VS2-03.02.2025,2,5,,322.65972,2668.0,266.60001,56.05971,0
U359-H5-VS2-GGA20- Zn(II) 5-Cr(VI) 15-Ni(II) 10 mg-L-05022025-Q=50.76 mL-min-5,U359-H5-VS2-03.02.2025,2,6,GGA20-Zn5-Cr15-Ni10,326.17432,3141.0,273.7,52.47432,1
U359-H5-VS2-GGA20- Zn(II) 5-Cr(VI) 15-Ni(II) 10 mg-L-05022025-Q=50.76 mL-min-5,U359-H5-VS2-03.02.2025,2,7,,328.88308,3616.0,276.30001,52.58307,1
U359-H5-VS2-GGA20- Zn(II) 5-Cr(VI) 15-Ni(II) 10 mg-L-05022025-Q=50.76 mL-min-5,U359-H5-VS2-03.02.2025,2,8,,329.05539,4089.0,275.59999,53.4554,1
U359-H5-VS2-GGA20- Zn(II) 5-Cr(VI) 15-Ni(II) 10 mg-L-05022025-Q=50.76 mL-min-5,U359-H5-VS2-03.02.2025,2,9,,324.76,4561.0,271.2,53.56,1
U359-H5-VS2-GGA20- Zn(II) 5-Cr(VI) 15-Ni(II) 10 mg-L-05022025-Q=50.76 mL-min-5,U359-H5-VS2-03.02.2025,2,10,,320.64769,5036.0,272.50001,48.14768,2
U359-H5-VS2-GGA20- Zn(II) 5-Cr(VI) 15-Ni(II) 10 mg-L-05022025-Q=50.76 mL-min-5,U359-H5-VS2-03.02.2025,2,11,,324.90616,5508.0,276.30001,48.60615,2
U359-H5-VS2-GGA20- Zn(II) 5-Cr(VI) 15-Ni(II) 10 mg-L-05022025-Q=50.76 mL-min-5,U359-H5-VS2-03.02.2025,2,12,,326.77384,5982.0,278.29999,48.47385,2
U360-H6-VS2-GGA5- Zn(II) 15-Cr(VI) 5-Ni(II) 5 mg-L-05022025-Q=50.42 mL-min-6,U360-H6-VS2-03.02.2025,0,0,GGA5,325.18733,301.0,262.80001,62.38732,0
U360-H6-VS2-GGA5- Zn(II) 15-Cr(VI) 5-Ni(II) 5 mg-L-05022025-Q=50.42 mL-min-6,U360-H6-VS2-03.02.2025,0,1,,334.27778,773.0,264.60001,69.67777,0
U360-H6-VS2-GGA5- Zn(II) 15-Cr(VI) 5-Ni(II) 5 mg-L-05022025-Q=50.42 mL-min-6,U360-H6-VS2-03.02.2025,0,2,,337.99028,1247.0,263.50001,74.49027,0
U360-H6-VS2-GGA5- Zn(II) 15-Cr(VI) 5-Ni(II) 5 mg-L-05022025-Q=50.42 mL-min-6,U360-H6-VS2-03.02.2025,0,3,,339.77222,1719.0,259.9,79.87222,0
U360-H6-VS2-GGA5- Zn(II) 15-Cr(VI) 5-Ni(II) 5 mg-L-05022025-Q=50.42 mL-min-6,U360-H6-VS2-03.02.2025,0,4,,334.64583,2194.0,261.79999,72.84584,0
U360-H6-VS2-GGA5- Zn(II) 15-Cr(VI) 5-Ni(II) 5 mg-L-05022025-Q=50.42 mL-min-6,U360-H6-VS2-03.02.2025,0,5,GGA5-Zn15-Cr5-Ni5,338.04444,2668.0,290.10001,47.94443,1
U360-H6-VS2-GGA5- Zn(II) 15-Cr(VI) 5-Ni(II) 5 mg-L-05022025-Q=50.42 mL-min-6,U360-H6-VS2-03.02.2025,0,6,,337.97324,3140.0,294.60001,43.37323,1
U360-H6-VS2-GGA5- Zn(II) 15-Cr(VI) 5-Ni(II) 5 mg-L-05022025-Q=50.42 mL-min-6,U360-H6-VS2-03.02.2025,0,7,,339.01806,3614.0,299.49999,39.51807,1
U360-H6-VS2-GGA5- Zn(II) 15-Cr(VI) 5-Ni(II) 5 mg-L-05022025-Q=50.42 mL-min-6,U360-H6-VS2-03.02.2025,0,8,,339.93288,4089.0,299.10001,40.83287,1
U360-H6-VS2-GGA5- Zn(II) 15-Cr(VI) 5-Ni(II) 5 mg-L-05022025-Q=50.42 mL-min-6,U360-H6-VS2-03.02.2025,0,9,,333.54028,4562.0,295.8,37.74028,2
U360-H6-VS2-GGA5- Zn(II) 15-Cr(VI) 5-Ni(II) 5 mg-L-05022025-Q=50.42 mL-min-6,U360-H6-VS2-03.02.2025,0,10,,334.30704,5035.0,298.09999,36.20705,2
U360-H6-VS2-GGA5- Zn(II) 15-Cr(VI) 5-Ni(II) 5 mg-L-05022025-Q=50.42 mL-min-6,U360-H6-VS2-03.02.2025,0,11,,331.09859,5507.0,293.1,37.99859,2
U360-H6-VS2-GGA15-Zn(II) 5-Cr(VI) 10-Ni(II) 5 mg-L-05022025-Q=50.3 mL-min-2,U360-H6-VS2-03.02.2025,1,0,GGA15,324.43944,301.0,268.59999,55.83945,0
U360-H6-VS2-GGA15-Zn(II) 5-Cr(VI) 10-Ni(II) 5 mg-L-05022025-Q=50.3 mL-min-2,U360-H6-VS2-03.02.2025,1,1,,324.54722,773.0,267.30001,57.24721,0
U360-H6-VS2-GGA15-Zn(II) 5-Cr(VI) 10-Ni(II) 5 mg-L-05022025-Q=50.3 mL-min-2,U360-H6-VS2-03.02.2025,1,2,,319.02162,1247.0,266.0,53.02162,0
U360-H6-VS2-GGA15-Zn(II) 5-Cr(VI) 10-Ni(II) 5 mg-L-05022025-Q=50.3 mL-min-2,U360-H6-VS2-03.02.2025,1,3,,315.96944,1718.0,263.00001,52.96943,0
U360-H6-VS2-GGA15-Zn(II) 5-Cr(VI) 10-Ni(II) 5 mg-L-05022025-Q=50.3 mL-min-2,U360-H6-VS2-03.02.2025,1,4,,319.71528,2193.0,266.0,53.71528,0
U360-H6-VS2-GGA15-Zn(II) 5-Cr(VI) 10-Ni(II) 5 mg-L-05022025-Q=50.3 mL-min-2,U360-H6-VS2-03.02.2025,1,5,GGA15-Zn5-Cr10-Ni5,328.48611,2672.0,273.9,54.58611,1
U360-H6-VS2-GGA15-Zn(II) 5-Cr(VI) 10-Ni(II) 5 mg-L-05022025-Q=50.3 mL-min-2,U360-H6-VS2-03.02.2025,1,6,,330.10282,3145.0,278.29999,51.80283,1
U360-H6-VS2-GGA15-Zn(II) 5-Cr(VI) 10-Ni(II) 5 mg-L-05022025-Q=50.3 mL-min-2,U360-H6-VS2-03.02.2025,1,7,,329.43611,3619.0,275.79999,53.63612,1
U360-H6-VS2-GGA15-Zn(II) 5-Cr(VI) 10-Ni(II) 5 mg-L-05022025-Q=50.3 mL-min-2,U360-H6-VS2-03.02.2025,1,8,,326.27222,4092.0,273.9,52.37222,1
U360-H6-VS2-GGA15-Zn(II) 5-Cr(VI) 10-Ni(II) 5 mg-L-05022025-Q=50.3 mL-min-2,U360-H6-VS2-03.02.2025,1,9,,320.09444,4567.0,271.80001,48.29443,1
U360-H6-VS2-GGA15-Zn(II) 5-Cr(VI) 10-Ni(II) 5 mg-L-05022025-Q=50.3 mL-min-2,U360-H6-VS2-03.02.2025,1,10,,324.97083,5040.0,275.5,49.47083,2
U360-H6-VS2-GGA15-Zn(II) 5-Cr(VI) 10-Ni(II) 5 mg-L-05022025-Q=50.3 mL-min-2,U360-H6-VS2-03.02.2025,1,11,,326.39722,5514.0,282.20001,44.19721,2
U360-H6-VS2-GGA15-Zn(II) 5-Cr(VI) 10-Ni(II) 5 mg-L-05022025-Q=50.3 mL-min-2,U360-H6-VS2-03.02.2025,1,12,,327.79722,5985.0,280.2,47.59722,2
U360-H6-VS2-GGA20- Zn(II) 5-Cr(VI) 15-Ni(II) 5 mg-L-05022025-Q=50.36 mL-min-1,U360-H6-VS2-03.02.2025,2,0,GGA20,329.00139,301.0,277.20001,51.80138,0
U360-H6-VS2-GGA20- Zn(II) 5-Cr(VI) 15-Ni(II) 5 mg-L-05022025-Q=50.36 mL-min-1,U360-H6-VS2-03.02.2025,2,1,,329.27083,775.0,277.3,51.97083,0
U360-H6-VS2-GGA20- Zn(II) 5-Cr(VI) 15-Ni(II) 5 mg-L-05022025-Q=50.36 mL-min-1,U360-H6-VS2-03.02.2025,2,2,,326.68333,1249.0,274.50001,52.18332,0
U360-H6-VS2-GGA20- Zn(II) 5-Cr(VI) 15-Ni(II) 5 mg-L-05022025-Q=50.36 mL-min-1,U360-H6-VS2-03.02.2025,2,3,,322.70564,1721.0,271.49999,51.20565,0
U360-H6-VS2-GGA20- Zn(II) 5-Cr(VI) 15-Ni(II) 5 mg-L-05022025-Q=50.36 mL-min-1,U360-H6-VS2-03.02.2025,2,4,,317.00845,2195.0,270.90001,46.10844,0
U360-H6-VS2-GGA20- Zn(II) 5-Cr(VI) 15-Ni(II) 5 mg-L-05022025-Q=50.36 mL-min-1,U360-H6-VS2-03.02.2025,2,5,,322.69048,2670.0,269.89999,52.79049,0
U360-H6-VS2-GGA20- Zn(II) 5-Cr(VI) 15-Ni(II) 5 mg-L-05022025-Q=50.36 mL-min-1,U360-H6-VS2-03.02.2025,2,6,GGA20-Zn5-Cr15-Ni5,324.03693,3142.0,273.79999,50.23694,1
U360-H6-VS2-GGA20- Zn(II) 5-Cr(VI) 15-Ni(II) 5 mg-L-05022025-Q=50.36 mL-min-1,U360-H6-VS2-03.02.2025,2,7,,324.70769,3614.0,278.9,45.80769,1
U360-H6-VS2-GGA20- Zn(II) 5-Cr(VI) 15-Ni(II) 5 mg-L-05022025-Q=50.36 mL-min-1,U360-H6-VS2-03.02.2025,2,8,,324.24769,4090.0,275.09999,49.1477,1
U360-H6-VS2-GGA20- Zn(II) 5-Cr(VI) 15-Ni(II) 5 mg-L-05022025-Q=50.36 mL-min-1,U360-H6-VS2-03.02.2025,2,9,,320.89846,4563.0,277.1,43.79846,1
U360-H6-VS2-GGA20- Zn(II) 5-Cr(VI) 15-Ni(II) 5 mg-L-05022025-Q=50.36 mL-min-1,U360-H6-VS2-03.02.2025,2,10,,317.85385,5036.0,272.50001,45.35384,1
U360-H6-VS2-GGA20- Zn(II) 5-Cr(VI) 15-Ni(II) 5 mg-L-05022025-Q=50.36 mL-min-1,U360-H6-VS2-03.02.2025,2,11,,319.80308,5509.0,275.3,44.50308,2
U360-H6-VS2-GGA20- Zn(II) 5-Cr(VI) 15-Ni(II) 5 mg-L-05022025-Q=50.36 mL-min-1,U360-H6-VS2-03.02.2025,2,12,,319.17846,5983.0,279.50001,39.67845,2
U360-H6-VS2-GGA20- Zn(II) 5-Cr(VI) 15-Ni(II) 5 mg-L-05022025-Q=50.36 mL-min-1,U360-H6-VS2-03.02.2025,2,13,,323.2612,6457.0,278.9,44.3612,2
U361-H5-VS2-GGA5- Zn(II) 5-Cr(VI) 10-Ni(II) 10 mg-L-06022025-Q=50.22 mL-min-2,U361-H5-VS2-04.02.2025,0,0,GGA5,329.75417,301.0,282.99999,46.75418,0
U361-H5-VS2-GGA5- Zn(II) 5-Cr(VI) 10-Ni(II) 10 mg-L-06022025-Q=50.22 mL-min-2,U361-H5-VS2-04.02.2025,0,1,,328.31549,771.0,279.50001,48.81548,0
U361-H5-VS2-GGA5- Zn(II) 5-Cr(VI) 10-Ni(II) 10 mg-L-06022025-Q=50.22 mL-min-2,U361-H5-VS2-04.02.2025,0,2,,330.00694,1246.0,285.0,45.00694,0
U361-H5-VS2-GGA5- Zn(II) 5-Cr(VI) 10-Ni(II) 10 mg-L-06022025-Q=50.22 mL-min-2,U361-H5-VS2-04.02.2025,0,3,,341.92394,1719.0,287.7,54.22394,0
U361-H5-VS2-GGA5- Zn(II) 5-Cr(VI) 10-Ni(II) 10 mg-L-06022025-Q=50.22 mL-min-2,U361-H5-VS2-04.02.2025,0,4,,344.7,2192.0,298.59999,46.10001,0
U361-H5-VS2-GGA5- Zn(II) 5-Cr(VI) 10-Ni(II) 10 mg-L-06022025-Q=50.22 mL-min-2,U361-H5-VS2-04.02.2025,0,5,GGA5-Zn5-Cr10-Ni10,351.77917,2665.0,297.30001,54.47916,1
U361-H5-VS2-GGA5- Zn(II) 5-Cr(VI) 10-Ni(II) 10 mg-L-06022025-Q=50.22 mL-min-2,U361-H5-VS2-04.02.2025,0,6,,353.02778,3139.0,308.2,44.82778,1
U361-H5-VS2-GGA5- Zn(II) 5-Cr(VI) 10-Ni(II) 10 mg-L-06022025-Q=50.22 mL-min-2,U361-H5-VS2-04.02.2025,0,7,,344.5,3613.0,301.9,42.6,1
U361-H5-VS2-GGA5- Zn(II) 5-Cr(VI) 10-Ni(II) 10 mg-L-06022025-Q=50.22 mL-min-2,U361-H5-VS2-04.02.2025,0,8,,341.1125,4089.0,304.19999,36.91251,1
U361-H5-VS2-GGA5- Zn(II) 5-Cr(VI) 10-Ni(II) 10 mg-L-06022025-Q=50.22 mL-min-2,U361-H5-VS2-04.02.2025,0,9,,337.50141,4561.0,301.09999,36.40142,1
U361-H5-VS2-GGA5- Zn(II) 5-Cr(VI) 10-Ni(II) 10 mg-L-06022025-Q=50.22 mL-min-2,U361-H5-VS2-04.02.2025,0,10,,341.56389,5034.0,306.89999,34.6639,2
U361-H5-VS2-GGA5- Zn(II) 5-Cr(VI) 10-Ni(II) 10 mg-L-06022025-Q=50.22 mL-min-2,U361-H5-VS2-04.02.2025,0,11,,344.41216,5507.0,310.29999,34.11217,2
U361-H5-VS2-GGA10-Zn(II) 15-Cr(VI) 5-Ni(II) 10 mg-L-06022025-Q=50.5 mL-min-7,U361-H5-VS2-04.02.2025,1,0,GGA10,325.65167,301.0,268.5,57.15167,0
U361-H5-VS2-GGA10-Zn(II) 15-Cr(VI) 5-Ni(II) 10 mg-L-06022025-Q=50.5 mL-min-7,U361-H5-VS2-04.02.2025,1,1,,328.40833,775.0,270.1,58.30833,0
U361-H5-VS2-GGA10-Zn(II) 15-Cr(VI) 5-Ni(II) 10 mg-L-06022025-Q=50.5 mL-min-7,U361-H5-VS2-04.02.2025,1,2,,331.58,1248.0,271.2,60.38,0
U361-H5-VS2-GGA10-Zn(II) 15-Cr(VI) 5-Ni(II) 10 mg-L-06022025-Q=50.5 mL-min-7,U361-H5-VS2-04.02.2025,1,3,,333.17167,1721.0,271.2,61.97167,0
U361-H5-VS2-GGA10-Zn(II) 15-Cr(VI) 5-Ni(II) 10 mg-L-06022025-Q=50.5 mL-min-7,U361-H5-VS2-04.02.2025,1,4,,332.57541,2194.0,270.00001,62.5754,0
U361-H5-VS2-GGA10-Zn(II) 15-Cr(VI) 5-Ni(II) 10 mg-L-06022025-Q=50.5 mL-min-7,U361-H5-VS2-04.02.2025,1,5,GGA10-Zn15-Cr5-Ni10,334.545,2668.0,280.49999,54.04501,1
U361-H5-VS2-GGA10-Zn(II) 15-Cr(VI) 5-Ni(II) 10 mg-L-06022025-Q=50.5 mL-min-7,U361-H5-VS2-04.02.2025,1,6,,333.51333,3140.0,284.5,49.01333,1
U361-H5-VS2-GGA10-Zn(II) 15-Cr(VI) 5-Ni(II) 10 mg-L-06022025-Q=50.5 mL-min-7,U361-H5-VS2-04.02.2025,1,7,,332.65167,3614.0,283.89999,48.75168,1
U361-H5-VS2-GGA10-Zn(II) 15-Cr(VI) 5-Ni(II) 10 mg-L-06022025-Q=50.5 mL-min-7,U361-H5-VS2-04.02.2025,1,8,,334.395,4088.0,288.6,45.795,1
U361-H5-VS2-GGA10-Zn(II) 15-Cr(VI) 5-Ni(II) 10 mg-L-06022025-Q=50.5 mL-min-7,U361-H5-VS2-04.02.2025,1,9,,332.88689,4560.0,288.8,44.08689,1
U361-H5-VS2-GGA10-Zn(II) 15-Cr(VI) 5-Ni(II) 10 mg-L-06022025-Q=50.5 mL-min-7,U361-H5-VS2-04.02.2025,1,10,,333.525,5034.0,289.9,43.625,2
U361-H5-VS2-GGA10-Zn(II) 15-Cr(VI) 5-Ni(II) 10 mg-L-06022025-Q=50.5 mL-min-7,U361-H5-VS2-04.02.2025,1,11,,334.21167,5506.0,288.39999,45.81168,2
U361-H5-VS2-GGA10-Zn(II) 15-Cr(VI) 5-Ni(II) 10 mg-L-06022025-Q=50.5 mL-min-7,U361-H5-VS2-04.02.2025,1,12,,335.13,5980.0,292.80001,42.32999,2
U361-H5-VS2-GGA15- Zn(II) 10-Cr(VI) 15-Ni(II) 10 mg-L-06022025-Q=50.36 mL-min-5,U361-H5-VS2-04.02.2025,2,0,GGA15,322.83333,301.0,273.09999,49.73334,0
U361-H5-VS2-GGA15- Zn(II) 10-Cr(VI) 15-Ni(II) 10 mg-L-06022025-Q=50.36 mL-min-5,U361-H5-VS2-04.02.2025,2,1,,323.56,776.0,275.79999,47.76001,0
U361-H5-VS2-GGA15- Zn(II) 10-Cr(VI) 15-Ni(II) 10 mg-L-06022025-Q=50.36 mL-min-5,U361-H5-VS2-04.02.2025,2,2,,325.465,1248.0,278.2,47.265,0
U361-H5-VS2-GGA15- Zn(II) 10-Cr(VI) 15-Ni(II) 10 mg-L-06022025-Q=50.36 mL-min-5,U361-H5-VS2-04.02.2025,2,3,,328.05738,1723.0,273.99999,54.05739,0
U361-H5-VS2-GGA15- Zn(II) 10-Cr(VI) 15-Ni(II) 10 mg-L-06022025-Q=50.36 mL-min-5,U361-H5-VS2-04.02.2025,2,4,,325.66,2195.0,272.19999,53.46001,0
U361-H5-VS2-GGA15- Zn(II) 10-Cr(VI) 15-Ni(II) 10 mg-L-06022025-Q=50.36 mL-min-5,U361-H5-VS2-04.02.2025,2,5,,323.33279,2669.0,270.70001,52.63278,0
U361-H5-VS2-GGA15- Zn(II) 10-Cr(VI) 15-Ni(II) 10 mg-L-06022025-Q=50.36 mL-min-5,U361-H5-VS2-04.02.2025,2,6,,320.49667,3141.0,267.30001,53.19666,0
U361-H5-VS2-GGA15- Zn(II) 10-Cr(VI) 15-Ni(II) 10 mg-L-06022025-Q=50.36 mL-min-5,U361-H5-VS2-04.02.2025,2,7,GGA15-Zn10-Cr15-Ni10,328.07258,3616.0,278.10001,49.97257,1
U361-H5-VS2-GGA15- Zn(II) 10-Cr(VI) 15-Ni(II) 10 mg-L-06022025-Q=50.36 mL-min-5,U361-H5-VS2-04.02.2025,2,8,,329.56111,4089.0,280.49999,49.06112,1
U361-H5-VS2-GGA15- Zn(II) 10-Cr(VI) 15-Ni(II) 10 mg-L-06022025-Q=50.36 mL-min-5,U361-H5-VS2-04.02.2025,2,9,,330.1625,4565.0,284.70001,45.46249,1
U361-H5-VS2-GGA15- Zn(II) 10-Cr(VI) 15-Ni(II) 10 mg-L-06022025-Q=50.36 mL-min-5,U361-H5-VS2-04.02.2025,2,10,,329.4125,5036.0,285.69999,43.71251,1
U361-H5-VS2-GGA15- Zn(II) 10-Cr(VI) 15-Ni(II) 10 mg-L-06022025-Q=50.36 mL-min-5,U361-H5-VS2-04.02.2025,2,11,,332.94167,5510.0,286.59999,46.34168,1
U361-H5-VS2-GGA15- Zn(II) 10-Cr(VI) 15-Ni(II) 10 mg-L-06022025-Q=50.36 mL-min-5,U361-H5-VS2-04.02.2025,2,12,,328.0,5982.0,285.69999,42.30001,2
U361-H5-VS2-GGA15- Zn(II) 10-Cr(VI) 15-Ni(II) 10 mg-L-06022025-Q=50.36 mL-min-5,U361-H5-VS2-04.02.2025,2,13,,325.04861,6453.0,281.50001,43.5486,2
U361-H5-VS2-GGA15- Zn(II) 10-Cr(VI) 15-Ni(II) 10 mg-L-06022025-Q=50.36 mL-min-5,U361-H5-VS2-04.02.2025,2,14,,325.30845,6928.0,281.50001,43.80844,2
U362-H6-VS2-GGA5- Zn(II) 5-Cr(VI) 10-Ni(II) 5 mg-L-06022025-Q=50.42 mL-min-4,U362-H6-VS2-04.02.2025,0,0,GGA5,314.44754,301.0,253.69999,60.74755,0
U362-H6-VS2-GGA5- Zn(II) 5-Cr(VI) 10-Ni(II) 5 mg-L-06022025-Q=50.42 mL-min-4,U362-H6-VS2-04.02.2025,0,1,,311.5127,775.0,251.89999,59.61271,0
U362-H6-VS2-GGA5- Zn(II) 5-Cr(VI) 10-Ni(II) 5 mg-L-06022025-Q=50.42 mL-min-4,U362-H6-VS2-04.02.2025,0,2,,312.41833,1248.0,245.0,67.41833,0
U362-H6-VS2-GGA5- Zn(II) 5-Cr(VI) 10-Ni(II) 5 mg-L-06022025-Q=50.42 mL-min-4,U362-H6-VS2-04.02.2025,0,3,,313.395,1721.0,249.3,64.095,0
U362-H6-VS2-GGA5- Zn(II) 5-Cr(VI) 10-Ni(II) 5 mg-L-06022025-Q=50.42 mL-min-4,U362-H6-VS2-04.02.2025,0,4,,322.2918,2195.0,252.5,69.7918,0
U362-H6-VS2-GGA5- Zn(II) 5-Cr(VI) 10-Ni(II) 5 mg-L-06022025-Q=50.42 mL-min-4,U362-H6-VS2-04.02.2025,0,5,,326.60333,2669.0,259.29999,67.30334,0
U362-H6-VS2-GGA5- Zn(II) 5-Cr(VI) 10-Ni(II) 5 mg-L-06022025-Q=50.42 mL-min-4,U362-H6-VS2-04.02.2025,0,6,GGA5-Zn5-Cr10-Ni5,335.84262,3142.0,260.19999,75.64263,1
U362-H6-VS2-GGA5- Zn(II) 5-Cr(VI) 10-Ni(II) 5 mg-L-06022025-Q=50.42 mL-min-4,U362-H6-VS2-04.02.2025,0,7,,338.97833,3615.0,287.0,51.97833,1
U362-H6-VS2-GGA5- Zn(II) 5-Cr(VI) 10-Ni(II) 5 mg-L-06022025-Q=50.42 mL-min-4,U362-H6-VS2-04.02.2025,0,8,,331.88667,4088.0,289.79999,42.08668,1
U362-H6-VS2-GGA5- Zn(II) 5-Cr(VI) 10-Ni(II) 5 mg-L-06022025-Q=50.42 mL-min-4,U362-H6-VS2-04.02.2025,0,9,,329.41833,4561.0,291.20001,38.21832,1
U362-H6-VS2-GGA5- Zn(II) 5-Cr(VI) 10-Ni(II) 5 mg-L-06022025-Q=50.42 mL-min-4,U362-H6-VS2-04.02.2025,0,10,,327.28833,5037.0,291.79999,35.48834,2
U362-H6-VS2-GGA5- Zn(II) 5-Cr(VI) 10-Ni(II) 5 mg-L-06022025-Q=50.42 mL-min-4,U362-H6-VS2-04.02.2025,0,11,,329.29016,5509.0,294.9,34.39016,2
U362-H6-VS2-GGA5- Zn(II) 5-Cr(VI) 10-Ni(II) 5 mg-L-06022025-Q=50.42 mL-min-4,U362-H6-VS2-04.02.2025,0,12,,328.76,5985.0,296.7,32.06,2
U362-H6-VS2-GGA10-Zn(II) 15-Cr(VI) 5-Ni(II) 5 mg-L-06022025-Q=50.5 mL-min-7,U362-H6-VS2-04.02.2025,1,0,GGA10,329.27541,301.0,272.50001,56.7754,0
U362-H6-VS2-GGA10-Zn(II) 15-Cr(VI) 5-Ni(II) 5 mg-L-06022025-Q=50.5 mL-min-7,U362-H6-VS2-04.02.2025,1,1,,324.91,773.0,264.29999,60.61001,0
U362-H6-VS2-GGA10-Zn(II) 15-Cr(VI) 5-Ni(II) 5 mg-L-06022025-Q=50.5 mL-min-7,U362-H6-VS2-04.02.2025,1,2,,325.83935,1248.0,268.59999,57.23936,0
U362-H6-VS2-GGA10-Zn(II) 15-Cr(VI) 5-Ni(II) 5 mg-L-06022025-Q=50.5 mL-min-7,U362-H6-VS2-04.02.2025,1,3,,328.36885,1720.0,269.6,58.76885,0
U362-H6-VS2-GGA10-Zn(II) 15-Cr(VI) 5-Ni(II) 5 mg-L-06022025-Q=50.5 mL-min-7,U362-H6-VS2-04.02.2025,1,4,,329.99836,2193.0,268.99999,60.99837,0
U362-H6-VS2-GGA10-Zn(II) 15-Cr(VI) 5-Ni(II) 5 mg-L-06022025-Q=50.5 mL-min-7,U362-H6-VS2-04.02.2025,1,5,,331.3918,2668.0,275.3,56.0918,0
U362-H6-VS2-GGA10-Zn(II) 15-Cr(VI) 5-Ni(II) 5 mg-L-06022025-Q=50.5 mL-min-7,U362-H6-VS2-04.02.2025,1,6,GGA10-Zn15-Cr5-Ni5,335.88667,3141.0,274.4,61.48667,1
U362-H6-VS2-GGA10-Zn(II) 15-Cr(VI) 5-Ni(II) 5 mg-L-06022025-Q=50.5 mL-min-7,U362-H6-VS2-04.02.2025,1,7,,335.55,3615.0,281.19999,54.35001,1
U362-H6-VS2-GGA10-Zn(II) 15-Cr(VI) 5-Ni(II) 5 mg-L-06022025-Q=50.5 mL-min-7,U362-H6-VS2-04.02.2025,1,8,,335.14833,4087.0,284.5,50.64833,1
U362-H6-VS2-GGA10-Zn(II) 15-Cr(VI) 5-Ni(II) 5 mg-L-06022025-Q=50.5 mL-min-7,U362-H6-VS2-04.02.2025,1,9,,333.65667,4563.0,283.4,50.25667,1
U362-H6-VS2-GGA10-Zn(II) 15-Cr(VI) 5-Ni(II) 5 mg-L-06022025-Q=50.5 mL-min-7,U362-H6-VS2-04.02.2025,1,10,,334.47167,5037.0,291.1,43.37167,2
U362-H6-VS2-GGA10-Zn(II) 15-Cr(VI) 5-Ni(II) 5 mg-L-06022025-Q=50.5 mL-min-7,U362-H6-VS2-04.02.2025,1,11,,334.89833,5509.0,287.7,47.19833,2
U362-H6-VS2-GGA10-Zn(II) 15-Cr(VI) 5-Ni(II) 5 mg-L-06022025-Q=50.5 mL-min-7,U362-H6-VS2-04.02.2025,1,12,,335.98525,5983.0,291.1,44.88525,2
U362-H6-VS2-GGA15- Zn(II) 10-Cr(VI) 15-Ni(II) 5 mg-L-06022025-Q=50.36 mL-min-5,U362-H6-VS2-04.02.2025,2,0,GGA15,325.83871,301.0,270.00001,55.8387,0
U362-H6-VS2-GGA15- Zn(II) 10-Cr(VI) 15-Ni(II) 5 mg-L-06022025-Q=50.36 mL-min-5,U362-H6-VS2-04.02.2025,2,1,,329.33167,775.0,270.79999,58.53168,0
U362-H6-VS2-GGA15- Zn(II) 10-Cr(VI) 15-Ni(II) 5 mg-L-06022025-Q=50.36 mL-min-5,U362-H6-VS2-04.02.2025,2,2,,331.1541,1248.0,272.50001,58.65409,0
U362-H6-VS2-GGA15- Zn(II) 10-Cr(VI) 15-Ni(II) 5 mg-L-06022025-Q=50.36 mL-min-5,U362-H6-VS2-04.02.2025,2,3,,332.81148,1722.0,272.89999,59.91149,0
U362-H6-VS2-GGA15- Zn(II) 10-Cr(VI) 15-Ni(II) 5 mg-L-06022025-Q=50.36 mL-min-5,U362-H6-VS2-04.02.2025,2,4,,331.655,2196.0,273.29999,58.35501,0
U362-H6-VS2-GGA15- Zn(II) 10-Cr(VI) 15-Ni(II) 5 mg-L-06022025-Q=50.36 mL-min-5,U362-H6-VS2-04.02.2025,2,5,,329.34754,2669.0,271.2,58.14754,0
U362-H6-VS2-GGA15- Zn(II) 10-Cr(VI) 15-Ni(II) 5 mg-L-06022025-Q=50.36 mL-min-5,U362-H6-VS2-04.02.2025,2,6,,325.485,3143.0,270.5,54.985,0
U362-H6-VS2-GGA15- Zn(II) 10-Cr(VI) 15-Ni(II) 5 mg-L-06022025-Q=50.36 mL-min-5,U362-H6-VS2-04.02.2025,2,7,GGA15-Zn10-Cr15-Ni5,331.70807,3615.0,278.10001,53.60806,1
U362-H6-VS2-GGA15- Zn(II) 10-Cr(VI) 15-Ni(II) 5 mg-L-06022025-Q=50.36 mL-min-5,U362-H6-VS2-04.02.2025,2,8,,335.10139,4088.0,279.59999,55.5014,1
U362-H6-VS2-GGA15- Zn(II) 10-Cr(VI) 15-Ni(II) 5 mg-L-06022025-Q=50.36 mL-min-5,U362-H6-VS2-04.02.2025,2,9,,335.15694,4562.0,282.09999,53.05695,1
U362-H6-VS2-GGA15- Zn(II) 10-Cr(VI) 15-Ni(II) 5 mg-L-06022025-Q=50.36 mL-min-5,U362-H6-VS2-04.02.2025,2,10,,335.00556,5036.0,280.40001,54.60555,1
U362-H6-VS2-GGA15- Zn(II) 10-Cr(VI) 15-Ni(II) 5 mg-L-06022025-Q=50.36 mL-min-5,U362-H6-VS2-04.02.2025,2,11,,336.67778,5508.0,287.40001,49.27777,1
U362-H6-VS2-GGA15- Zn(II) 10-Cr(VI) 15-Ni(II) 5 mg-L-06022025-Q=50.36 mL-min-5,U362-H6-VS2-04.02.2025,2,12,,332.9831,5982.0,281.19999,51.78311,1
U362-H6-VS2-GGA15- Zn(II) 10-Cr(VI) 15-Ni(II) 5 mg-L-06022025-Q=50.36 mL-min-5,U362-H6-VS2-04.02.2025,2,13,,329.16111,6455.0,279.50001,49.6611,2
U362-H6-VS2-GGA15- Zn(II) 10-Cr(VI) 15-Ni(II) 5 mg-L-06022025-Q=50.36 mL-min-5,U362-H6-VS2-04.02.2025,2,14,,326.09155,6930.0,279.1,46.99155,2
U362-H6-VS2-GGA15- Zn(II) 10-Cr(VI) 15-Ni(II) 5 mg-L-06022025-Q=50.36 mL-min-5,U362-H6-VS2-04.02.2025,2,15,,331.0,7404.0,283.69999,47.30001,2
U363-H5-VS2-GGA5- Zn(II) 10-Cr(VI) 5-Ni(II) 15 mg-L-07022025-Q=50.48 mL-min-1,U363-H5-VS2-05.02.2025,0,0,GGA5,331.4375,301.0,267.6,63.8375,0
U363-H5-VS2-GGA5- Zn(II) 10-Cr(VI) 5-Ni(II) 15 mg-L-07022025-Q=50.48 mL-min-1,U363-H5-VS2-05.02.2025,0,1,,328.84595,775.0,266.09999,62.74596,0
U363-H5-VS2-GGA5- Zn(II) 10-Cr(VI) 5-Ni(II) 15 mg-L-07022025-Q=50.48 mL-min-1,U363-H5-VS2-05.02.2025,0,2,,328.81127,1247.0,264.60001,64.21126,0
U363-H5-VS2-GGA5- Zn(II) 10-Cr(VI) 5-Ni(II) 15 mg-L-07022025-Q=50.48 mL-min-1,U363-H5-VS2-05.02.2025,0,3,,326.93056,1720.0,263.1,63.83056,0
U363-H5-VS2-GGA5- Zn(II) 10-Cr(VI) 5-Ni(II) 15 mg-L-07022025-Q=50.48 mL-min-1,U363-H5-VS2-05.02.2025,0,4,,324.855,2194.0,263.50001,61.35499,0
U363-H5-VS2-GGA5- Zn(II) 10-Cr(VI) 5-Ni(II) 15 mg-L-07022025-Q=50.48 mL-min-1,U363-H5-VS2-05.02.2025,0,5,,325.57333,2668.0,263.1,62.47333,0
U363-H5-VS2-GGA5- Zn(II) 10-Cr(VI) 5-Ni(II) 15 mg-L-07022025-Q=50.48 mL-min-1,U363-H5-VS2-05.02.2025,0,6,GGA5-Zn10-Cr5-Ni15,334.65334,3143.0,284.39999,50.25335,1
U363-H5-VS2-GGA5- Zn(II) 10-Cr(VI) 5-Ni(II) 15 mg-L-07022025-Q=50.48 mL-min-1,U363-H5-VS2-05.02.2025,0,7,,340.67541,3615.0,292.69999,47.97542,1
U363-H5-VS2-GGA5- Zn(II) 10-Cr(VI) 5-Ni(II) 15 mg-L-07022025-Q=50.48 mL-min-1,U363-H5-VS2-05.02.2025,0,8,,343.17377,4089.0,298.90001,44.27376,1
U363-H5-VS2-GGA5- Zn(II) 10-Cr(VI) 5-Ni(II) 15 mg-L-07022025-Q=50.48 mL-min-1,U363-H5-VS2-05.02.2025,0,9,,343.45167,4562.0,302.70001,40.75166,1
U363-H5-VS2-GGA5- Zn(II) 10-Cr(VI) 5-Ni(II) 15 mg-L-07022025-Q=50.48 mL-min-1,U363-H5-VS2-05.02.2025,0,10,,340.74667,5036.0,301.99999,38.74668,1
U363-H5-VS2-GGA5- Zn(II) 10-Cr(VI) 5-Ni(II) 15 mg-L-07022025-Q=50.48 mL-min-1,U363-H5-VS2-05.02.2025,0,11,,338.23333,5509.0,300.00001,38.23332,1
U363-H5-VS2-GGA5- Zn(II) 10-Cr(VI) 5-Ni(II) 15 mg-L-07022025-Q=50.48 mL-min-1,U363-H5-VS2-05.02.2025,0,12,,334.47377,5983.0,300.50001,33.97376,2
U363-H5-VS2-GGA5- Zn(II) 10-Cr(VI) 5-Ni(II) 15 mg-L-07022025-Q=50.48 mL-min-1,U363-H5-VS2-05.02.2025,0,13,,331.225,6456.0,297.50001,33.72499,2
U363-H5-VS2-GGA10-Zn(II) 5-Cr(VI) 15-Ni(II) 10 mg-L-07022025-Q=50.32 mL-min-6,U363-H5-VS2-05.02.2025,1,0,GGA10,337.765,301.0,287.40001,50.36499,0
U363-H5-VS2-GGA10-Zn(II) 5-Cr(VI) 15-Ni(II) 10 mg-L-07022025-Q=50.32 mL-min-6,U363-H5-VS2-05.02.2025,1,1,,334.7164,772.0,286.90001,47.81639,0
U363-H5-VS2-GGA10-Zn(II) 5-Cr(VI) 15-Ni(II) 10 mg-L-07022025-Q=50.32 mL-min-6,U363-H5-VS2-05.02.2025,1,2,,333.45968,1246.0,283.49999,49.95969,0
U363-H5-VS2-GGA10-Zn(II) 5-Cr(VI) 15-Ni(II) 10 mg-L-07022025-Q=50.32 mL-min-6,U363-H5-VS2-05.02.2025,1,3,,336.70333,1719.0,285.4,51.30333,0
U363-H5-VS2-GGA10-Zn(II) 5-Cr(VI) 15-Ni(II) 10 mg-L-07022025-Q=50.32 mL-min-6,U363-H5-VS2-05.02.2025,1,4,,338.27869,2193.0,283.69999,54.5787,0
U363-H5-VS2-GGA10-Zn(II) 5-Cr(VI) 15-Ni(II) 10 mg-L-07022025-Q=50.32 mL-min-6,U363-H5-VS2-05.02.2025,1,5,GGA10-Zn5-Cr15-Ni10,340.25,2667.0,284.90001,55.34999,1
U363-H5-VS2-GGA10-Zn(II) 5-Cr(VI) 15-Ni(II) 10 mg-L-07022025-Q=50.32 mL-min-6,U363-H5-VS2-05.02.2025,1,6,,341.16393,3142.0,289.9,51.26393,1
U363-H5-VS2-GGA10-Zn(II) 5-Cr(VI) 15-Ni(II) 10 mg-L-07022025-Q=50.32 mL-min-6,U363-H5-VS2-05.02.2025,1,7,,332.91,3614.0,282.3,50.61,1
U363-H5-VS2-GGA10-Zn(II) 5-Cr(VI) 15-Ni(II) 10 mg-L-07022025-Q=50.32 mL-min-6,U363-H5-VS2-05.02.2025,1,8,,327.62,4089.0,275.79999,51.82001,1
U363-H5-VS2-GGA10-Zn(II) 5-Cr(VI) 15-Ni(II) 10 mg-L-07022025-Q=50.32 mL-min-6,U363-H5-VS2-05.02.2025,1,9,,328.77334,4562.0,281.50001,47.27333,1
U363-H5-VS2-GGA10-Zn(II) 5-Cr(VI) 15-Ni(II) 10 mg-L-07022025-Q=50.32 mL-min-6,U363-H5-VS2-05.02.2025,1,10,,333.335,5035.0,288.1,45.235,1
U363-H5-VS2-GGA10-Zn(II) 5-Cr(VI) 15-Ni(II) 10 mg-L-07022025-Q=50.32 mL-min-6,U363-H5-VS2-05.02.2025,1,11,,336.615,5510.0,289.09999,47.51501,1
U363-H5-VS2-GGA10-Zn(II) 5-Cr(VI) 15-Ni(II) 10 mg-L-07022025-Q=50.32 mL-min-6,U363-H5-VS2-05.02.2025,1,12,,337.36129,5983.0,294.40001,42.96128,2
U363-H5-VS2-GGA10-Zn(II) 5-Cr(VI) 15-Ni(II) 10 mg-L-07022025-Q=50.32 mL-min-6,U363-H5-VS2-05.02.2025,1,13,,335.94,6453.0,294.40001,41.53999,2
U363-H5-VS2-GGA20- Zn(II) 5-Cr(VI) 10-Ni(II) 15 mg-L-07022025-Q=50.36 mL-min-2,U363-H5-VS2-05.02.2025,2,0,GGA20,335.8,301.0,286.00001,49.79999,0
U363-H5-VS2-GGA20- Zn(II) 5-Cr(VI) 10-Ni(II) 15 mg-L-07022025-Q=50.36 mL-min-2,U363-H5-VS2-05.02.2025,2,1,,336.90328,774.0,282.7,54.20328,0
U363-H5-VS2-GGA20- Zn(II) 5-Cr(VI) 10-Ni(II) 15 mg-L-07022025-Q=50.36 mL-min-2,U363-H5-VS2-05.02.2025,2,2,,330.19667,1248.0,281.50001,48.69666,0
U363-H5-VS2-GGA20- Zn(II) 5-Cr(VI) 10-Ni(II) 15 mg-L-07022025-Q=50.36 mL-min-2,U363-H5-VS2-05.02.2025,2,3,,326.74333,1722.0,276.69999,50.04334,0
U363-H5-VS2-GGA20- Zn(II) 5-Cr(VI) 10-Ni(II) 15 mg-L-07022025-Q=50.36 mL-min-2,U363-H5-VS2-05.02.2025,2,4,,328.78852,2195.0,273.79999,54.98853,0
U363-H5-VS2-GGA20- Zn(II) 5-Cr(VI) 10-Ni(II) 15 mg-L-07022025-Q=50.36 mL-min-2,U363-H5-VS2-05.02.2025,2,5,,330.91148,2669.0,278.60001,52.31147,0
U363-H5-VS2-GGA20- Zn(II) 5-Cr(VI) 10-Ni(II) 15 mg-L-07022025-Q=50.36 mL-min-2,U363-H5-VS2-05.02.2025,2,6,GGA20-Zn5-Cr10-Ni15,335.67541,3142.0,279.59999,56.07542,1
U363-H5-VS2-GGA20- Zn(II) 5-Cr(VI) 10-Ni(II) 15 mg-L-07022025-Q=50.36 mL-min-2,U363-H5-VS2-05.02.2025,2,7,,335.64286,3614.0,285.69999,49.94287,1
U363-H5-VS2-GGA20- Zn(II) 5-Cr(VI) 10-Ni(II) 15 mg-L-07022025-Q=50.36 mL-min-2,U363-H5-VS2-05.02.2025,2,8,,332.15139,4086.0,285.0,47.15139,1
U363-H5-VS2-GGA20- Zn(II) 5-Cr(VI) 10-Ni(II) 15 mg-L-07022025-Q=50.36 mL-min-2,U363-H5-VS2-05.02.2025,2,9,,328.57361,4560.0,283.6,44.97361,1
U363-H5-VS2-GGA20- Zn(II) 5-Cr(VI) 10-Ni(II) 15 mg-L-07022025-Q=50.36 mL-min-2,U363-H5-VS2-05.02.2025,2,10,,327.22083,5034.0,282.3,44.92083,1
U363-H5-VS2-GGA20- Zn(II) 5-Cr(VI) 10-Ni(II) 15 mg-L-07022025-Q=50.36 mL-min-2,U363-H5-VS2-05.02.2025,2,11,,330.26667,5508.0,286.39999,43.86668,2
U363-H5-VS2-GGA20- Zn(II) 5-Cr(VI) 10-Ni(II) 15 mg-L-07022025-Q=50.36 mL-min-2,U363-H5-VS2-05.02.2025,2,12,,334.725,5980.0,291.00001,43.72499,2
U364-H6-VS2-GGA5- Zn(II) 10-Cr(VI) 5-Ni(II) 10 mg-L-07022025-Q=50.56 mL-min-1,U364-H6-VS2-05.02.2025,0,0,GGA5,336.67555,301.0,263.1,73.57555,0
U364-H6-VS2-GGA5- Zn(II) 10-Cr(VI) 5-Ni(II) 10 mg-L-07022025-Q=50.56 mL-min-1,U364-H6-VS2-05.02.2025,0,1,,330.50326,774.0,263.20001,67.30325,0
U364-H6-VS2-GGA5- Zn(II) 10-Cr(VI) 5-Ni(II) 10 mg-L-07022025-Q=50.56 mL-min-1,U364-H6-VS2-05.02.2025,0,2,,334.95,1246.0,266.9,68.05,0
U364-H6-VS2-GGA5- Zn(II) 10-Cr(VI) 5-Ni(II) 10 mg-L-07022025-Q=50.56 mL-min-1,U364-H6-VS2-05.02.2025,0,3,,333.92528,1720.0,260.4,73.52528,0
U364-H6-VS2-GGA5- Zn(II) 10-Cr(VI) 5-Ni(II) 10 mg-L-07022025-Q=50.56 mL-min-1,U364-H6-VS2-05.02.2025,0,4,,332.20222,2194.0,260.30001,71.90221,0
U364-H6-VS2-GGA5- Zn(II) 10-Cr(VI) 5-Ni(II) 10 mg-L-07022025-Q=50.56 mL-min-1,U364-H6-VS2-05.02.2025,0,5,,330.47333,2668.0,260.19999,70.27334,0
U364-H6-VS2-GGA5- Zn(II) 10-Cr(VI) 5-Ni(II) 10 mg-L-07022025-Q=50.56 mL-min-1,U364-H6-VS2-05.02.2025,0,6,,330.35556,3140.0,258.89999,71.45557,0
U364-H6-VS2-GGA5- Zn(II) 10-Cr(VI) 5-Ni(II) 10 mg-L-07022025-Q=50.56 mL-min-1,U364-H6-VS2-05.02.2025,0,7,GGA5-Zn10-Cr5-Ni10,342.10778,3615.0,282.99999,59.10779,1
U364-H6-VS2-GGA5- Zn(II) 10-Cr(VI) 5-Ni(II) 10 mg-L-07022025-Q=50.56 mL-min-1,U364-H6-VS2-05.02.2025,0,8,,349.18222,4087.0,297.69999,51.48223,1
U364-H6-VS2-GGA5- Zn(II) 10-Cr(VI) 5-Ni(II) 10 mg-L-07022025-Q=50.56 mL-min-1,U364-H6-VS2-05.02.2025,0,9,,352.72667,4561.0,307.70001,45.02666,1
U364-H6-VS2-GGA5- Zn(II) 10-Cr(VI) 5-Ni(II) 10 mg-L-07022025-Q=50.56 mL-min-1,U364-H6-VS2-05.02.2025,0,10,,354.20778,5034.0,312.3,41.90778,1
U364-H6-VS2-GGA5- Zn(II) 10-Cr(VI) 5-Ni(II) 10 mg-L-07022025-Q=50.56 mL-min-1,U364-H6-VS2-05.02.2025,0,11,,351.34783,5507.0,308.9,42.44783,1
U364-H6-VS2-GGA5- Zn(II) 10-Cr(VI) 5-Ni(II) 10 mg-L-07022025-Q=50.56 mL-min-1,U364-H6-VS2-05.02.2025,0,12,,349.18444,5981.0,307.5,41.68444,1
U364-H6-VS2-GGA5- Zn(II) 10-Cr(VI) 5-Ni(II) 10 mg-L-07022025-Q=50.56 mL-min-1,U364-H6-VS2-05.02.2025,0,13,,346.35444,6456.0,307.5,38.85444,2
U364-H6-VS2-GGA5- Zn(II) 10-Cr(VI) 5-Ni(II) 10 mg-L-07022025-Q=50.56 mL-min-1,U364-H6-VS2-05.02.2025,0,14,,340.29889,6930.0,304.69999,35.5989,2
U364-H6-VS2-GGA5- Zn(II) 10-Cr(VI) 5-Ni(II) 10 mg-L-07022025-Q=50.56 mL-min-1,U364-H6-VS2-05.02.2025,0,15,,346.59444,7402.0,310.0,36.59444,2
U364-H6-VS2-GGA15-Zn(II) 5-Cr(VI) 15-Ni(II) 5 mg-L-07022025-Q=50.32 mL-min-2,U364-H6-VS2-05.02.2025,1,0,GGA15,339.25111,301.0,291.20001,48.0511,0
U364-H6-VS2-GGA15-Zn(II) 5-Cr(VI) 15-Ni(II) 5 mg-L-07022025-Q=50.32 mL-min-2,U364-H6-VS2-05.02.2025,1,1,,332.53,776.0,282.59999,49.93001,0
U364-H6-VS2-GGA15-Zn(II) 5-Cr(VI) 15-Ni(II) 5 mg-L-07022025-Q=50.32 mL-min-2,U364-H6-VS2-05.02.2025,1,2,,328.82391,1249.0,278.0,50.82391,0
U364-H6-VS2-GGA15-Zn(II) 5-Cr(VI) 15-Ni(II) 5 mg-L-07022025-Q=50.32 mL-min-2,U364-H6-VS2-05.02.2025,1,3,,330.48556,1723.0,276.6,53.88556,0
U364-H6-VS2-GGA15-Zn(II) 5-Cr(VI) 15-Ni(II) 5 mg-L-07022025-Q=50.32 mL-min-2,U364-H6-VS2-05.02.2025,1,4,,333.83473,2196.0,279.3,54.53473,0
U364-H6-VS2-GGA15-Zn(II) 5-Cr(VI) 15-Ni(II) 5 mg-L-07022025-Q=50.32 mL-min-2,U364-H6-VS2-05.02.2025,1,5,,335.49861,2670.0,279.19999,56.29862,0
U364-H6-VS2-GGA15-Zn(II) 5-Cr(VI) 15-Ni(II) 5 mg-L-07022025-Q=50.32 mL-min-2,U364-H6-VS2-05.02.2025,1,6,GGA15-Zn5-Cr15-Ni5,340.11528,3144.0,280.40001,59.71527,1
U364-H6-VS2-GGA15-Zn(II) 5-Cr(VI) 15-Ni(II) 5 mg-L-07022025-Q=50.32 mL-min-2,U364-H6-VS2-05.02.2025,1,7,,338.4625,3618.0,282.09999,56.36251,1
U364-H6-VS2-GGA15-Zn(II) 5-Cr(VI) 15-Ni(II) 5 mg-L-07022025-Q=50.32 mL-min-2,U364-H6-VS2-05.02.2025,1,8,,333.87639,4088.0,283.2,50.67639,1
U364-H6-VS2-GGA15-Zn(II) 5-Cr(VI) 15-Ni(II) 5 mg-L-07022025-Q=50.32 mL-min-2,U364-H6-VS2-05.02.2025,1,9,,329.79859,4564.0,279.00001,50.79858,1
U364-H6-VS2-GGA15-Zn(II) 5-Cr(VI) 15-Ni(II) 5 mg-L-07022025-Q=50.32 mL-min-2,U364-H6-VS2-05.02.2025,1,10,,331.23056,5038.0,279.39999,51.83057,1
U364-H6-VS2-GGA15-Zn(II) 5-Cr(VI) 15-Ni(II) 5 mg-L-07022025-Q=50.32 mL-min-2,U364-H6-VS2-05.02.2025,1,11,,318.85211,5510.0,272.1,46.75211,2
U364-H6-VS2-GGA15-Zn(II) 5-Cr(VI) 15-Ni(II) 5 mg-L-07022025-Q=50.32 mL-min-2,U364-H6-VS2-05.02.2025,1,12,,317.92162,5985.0,271.80001,46.12161,2
U364-H6-VS2-GGA20- Zn(II) 5-Cr(VI) 10-Ni(II) 10 mg-L-07022025-Q=50.76 mL-min-2,U364-H6-VS2-05.02.2025,2,0,GGA20,333.51389,301.0,279.50001,54.01388,0
U364-H6-VS2-GGA20- Zn(II) 5-Cr(VI) 10-Ni(II) 10 mg-L-07022025-Q=50.76 mL-min-2,U364-H6-VS2-05.02.2025,2,1,,335.48889,775.0,284.70001,50.78888,0
U364-H6-VS2-GGA20- Zn(II) 5-Cr(VI) 10-Ni(II) 10 mg-L-07022025-Q=50.76 mL-min-2,U364-H6-VS2-05.02.2025,2,2,,333.53521,1247.0,282.90001,50.6352,0
U364-H6-VS2-GGA20- Zn(II) 5-Cr(VI) 10-Ni(II) 10 mg-L-07022025-Q=50.76 mL-min-2,U364-H6-VS2-05.02.2025,2,3,,328.1169,1721.0,275.79999,52.31691,0
U364-H6-VS2-GGA20- Zn(II) 5-Cr(VI) 10-Ni(II) 10 mg-L-07022025-Q=50.76 mL-min-2,U364-H6-VS2-05.02.2025,2,4,,324.2,2196.0,274.4,49.8,0
U364-H6-VS2-GGA20- Zn(II) 5-Cr(VI) 10-Ni(II) 10 mg-L-07022025-Q=50.76 mL-min-2,U364-H6-VS2-05.02.2025,2,5,,328.14459,2666.0,275.99999,52.1446,0
U364-H6-VS2-GGA20- Zn(II) 5-Cr(VI) 10-Ni(II) 10 mg-L-07022025-Q=50.76 mL-min-2,U364-H6-VS2-05.02.2025,2,6,,331.58028,3141.0,277.1,54.48028,0
U364-H6-VS2-GGA20- Zn(II) 5-Cr(VI) 10-Ni(II) 10 mg-L-07022025-Q=50.76 mL-min-2,U364-H6-VS2-05.02.2025,2,7,GGA20-Zn5-Cr10-Ni10,336.65694,3613.0,280.2,56.45694,1
U364-H6-VS2-GGA20- Zn(II) 5-Cr(VI) 10-Ni(II) 10 mg-L-07022025-Q=50.76 mL-min-2,U364-H6-VS2-05.02.2025,2,8,,338.45,4086.0,282.09999,56.35001,1
U364-H6-VS2-GGA20- Zn(II) 5-Cr(VI) 10-Ni(II) 10 mg-L-07022025-Q=50.76 mL-min-2,U364-H6-VS2-05.02.2025,2,9,,333.07887,4559.0,283.69999,49.37888,1
U364-H6-VS2-GGA20- Zn(II) 5-Cr(VI) 10-Ni(II) 10 mg-L-07022025-Q=50.76 mL-min-2,U364-H6-VS2-05.02.2025,2,10,,329.38333,5035.0,280.80001,48.58332,1
U364-H6-VS2-GGA20- Zn(II) 5-Cr(VI) 10-Ni(II) 10 mg-L-07022025-Q=50.76 mL-min-2,U364-H6-VS2-05.02.2025,2,11,,327.59861,5508.0,281.6,45.99861,1
U364-H6-VS2-GGA20- Zn(II) 5-Cr(VI) 10-Ni(II) 10 mg-L-07022025-Q=50.76 mL-min-2,U364-H6-VS2-05.02.2025,2,12,,332.60556,5981.0,283.10001,49.50555,1
U364-H6-VS2-GGA20- Zn(II) 5-Cr(VI) 10-Ni(II) 10 mg-L-07022025-Q=50.76 mL-min-2,U364-H6-VS2-05.02.2025,2,13,,336.22361,6453.0,287.60001,48.6236,2
U364-H6-VS2-GGA20- Zn(II) 5-Cr(VI) 10-Ni(II) 10 mg-L-07022025-Q=50.76 mL-min-2,U364-H6-VS2-05.02.2025,2,14,,338.71111,6928.0,289.99999,48.71112,2
U365-H5-VS2-GGA10- Zn(II) 10-Cr(VI) 10-Ni(II) 15 mg-L-10022025-Q=50.46 mL-min-4,U365-H5-VS2-08.02.2025,0,0,GGA10,327.96667,301.0,264.09999,63.86668,0
U365-H5-VS2-GGA10- Zn(II) 10-Cr(VI) 10-Ni(II) 15 mg-L-10022025-Q=50.46 mL-min-4,U365-H5-VS2-08.02.2025,0,1,,327.23889,775.0,263.90001,63.33888,0
U365-H5-VS2-GGA10- Zn(II) 10-Cr(VI) 10-Ni(II) 15 mg-L-10022025-Q=50.46 mL-min-4,U365-H5-VS2-08.02.2025,0,2,,326.20278,1248.0,264.40001,61.80277,0
U365-H5-VS2-GGA10- Zn(II) 10-Cr(VI) 10-Ni(II) 15 mg-L-10022025-Q=50.46 mL-min-4,U365-H5-VS2-08.02.2025,0,3,,325.62361,1721.0,263.00001,62.6236,0
U365-H5-VS2-GGA10- Zn(II) 10-Cr(VI) 10-Ni(II) 15 mg-L-10022025-Q=50.46 mL-min-4,U365-H5-VS2-08.02.2025,0,4,,323.84507,2194.0,257.9,65.94507,0
U365-H5-VS2-GGA10- Zn(II) 10-Cr(VI) 10-Ni(II) 15 mg-L-10022025-Q=50.46 mL-min-4,U365-H5-VS2-08.02.2025,0,5,,327.79773,2667.0,261.90001,65.89772,0
U365-H5-VS2-GGA10- Zn(II) 10-Cr(VI) 10-Ni(II) 15 mg-L-10022025-Q=50.46 mL-min-4,U365-H5-VS2-08.02.2025,0,6,GGA10-Zn10-Cr10-Ni15,338.81778,3141.0,288.8,50.01778,1
U365-H5-VS2-GGA10- Zn(II) 10-Cr(VI) 10-Ni(II) 15 mg-L-10022025-Q=50.46 mL-min-4,U365-H5-VS2-08.02.2025,0,7,,342.67273,3614.0,307.1,35.57273,1
U365-H5-VS2-GGA10- Zn(II) 10-Cr(VI) 10-Ni(II) 15 mg-L-10022025-Q=50.46 mL-min-4,U365-H5-VS2-08.02.2025,0,8,,347.06977,4090.0,315.0,32.06977,1
U365-H5-VS2-GGA10- Zn(II) 10-Cr(VI) 10-Ni(II) 15 mg-L-10022025-Q=50.46 mL-min-4,U365-H5-VS2-08.02.2025,0,9,,349.55116,4564.0,320.4,29.15116,2
U365-H5-VS2-GGA10- Zn(II) 10-Cr(VI) 10-Ni(II) 15 mg-L-10022025-Q=50.46 mL-min-4,U365-H5-VS2-08.02.2025,0,10,,347.20909,5036.0,317.5,29.70909,2
U365-H5-VS2-GGA10-Zn(II) 15-Cr(VI) 10-Ni(II) 15 mg-L-10022025-Q=50.68 mL-min-1,U365-H5-VS2-08.02.2025,1,0,GGA10,345.4381,301.0,308.7,36.7381,0
U365-H5-VS2-GGA10-Zn(II) 15-Cr(VI) 10-Ni(II) 15 mg-L-10022025-Q=50.68 mL-min-1,U365-H5-VS2-08.02.2025,1,1,,345.70968,774.0,310.09999,35.60969,0
U365-H5-VS2-GGA10-Zn(II) 15-Cr(VI) 10-Ni(II) 15 mg-L-10022025-Q=50.68 mL-min-1,U365-H5-VS2-08.02.2025,1,2,,346.29365,1245.0,308.60001,37.69364,0
U365-H5-VS2-GGA10-Zn(II) 15-Cr(VI) 10-Ni(II) 15 mg-L-10022025-Q=50.68 mL-min-1,U365-H5-VS2-08.02.2025,1,3,,346.4129,1721.0,309.8,36.6129,0
U365-H5-VS2-GGA10-Zn(II) 15-Cr(VI) 10-Ni(II) 15 mg-L-10022025-Q=50.68 mL-min-1,U365-H5-VS2-08.02.2025,1,4,,347.0873,2193.0,310.09999,36.98731,0
U365-H5-VS2-GGA10-Zn(II) 15-Cr(VI) 10-Ni(II) 15 mg-L-10022025-Q=50.68 mL-min-1,U365-H5-VS2-08.02.2025,1,5,,349.09365,2668.0,309.19999,39.89366,0
U365-H5-VS2-GGA10-Zn(II) 15-Cr(VI) 10-Ni(II) 15 mg-L-10022025-Q=50.68 mL-min-1,U365-H5-VS2-08.02.2025,1,6,GGA10-Zn15-Cr10-Ni15,349.25079,3140.0,316.39999,32.8508,1
U365-H5-VS2-GGA10-Zn(II) 15-Cr(VI) 10-Ni(II) 15 mg-L-10022025-Q=50.68 mL-min-1,U365-H5-VS2-08.02.2025,1,7,,349.14678,3612.0,316.90001,32.24677,1
U365-H5-VS2-GGA10-Zn(II) 15-Cr(VI) 10-Ni(II) 15 mg-L-10022025-Q=50.68 mL-min-1,U365-H5-VS2-08.02.2025,1,8,,347.72769,4086.0,319.3,28.42769,1
U365-H5-VS2-GGA10-Zn(II) 15-Cr(VI) 10-Ni(II) 15 mg-L-10022025-Q=50.68 mL-min-1,U365-H5-VS2-08.02.2025,1,9,,347.66613,4560.0,319.79999,27.86614,1
U365-H5-VS2-GGA10-Zn(II) 15-Cr(VI) 10-Ni(II) 15 mg-L-10022025-Q=50.68 mL-min-1,U365-H5-VS2-08.02.2025,1,10,,347.41587,5035.0,318.4,29.01587,1
U365-H5-VS2-GGA10-Zn(II) 15-Cr(VI) 10-Ni(II) 15 mg-L-10022025-Q=50.68 mL-min-1,U365-H5-VS2-08.02.2025,1,11,,347.10952,5505.0,320.30001,26.80951,1
U365-H5-VS2-GGA10-Zn(II) 15-Cr(VI) 10-Ni(II) 15 mg-L-10022025-Q=50.68 mL-min-1,U365-H5-VS2-08.02.2025,1,12,,347.98412,5978.0,323.70001,24.28411,2
U365-H5-VS2-GGA10-Zn(II) 15-Cr(VI) 10-Ni(II) 15 mg-L-10022025-Q=50.68 mL-min-1,U365-H5-VS2-08.02.2025,1,13,,346.9,6453.0,322.80001,24.09999,2
U365-H5-VS2-GGA20- Zn(II) 10-Cr(VI) 15-Ni(II) 10 mg-L-10022025-Q=50.34 mL-min-5,U365-H5-VS2-08.02.2025,2,0,GGA20,346.74839,301.0,305.3,41.44839,0
U365-H5-VS2-GGA20- Zn(II) 10-Cr(VI) 15-Ni(II) 10 mg-L-10022025-Q=50.34 mL-min-5,U365-H5-VS2-08.02.2025,2,1,,346.46984,773.0,306.4,40.06984,0
U365-H5-VS2-GGA20- Zn(II) 10-Cr(VI) 15-Ni(II) 10 mg-L-10022025-Q=50.34 mL-min-5,U365-H5-VS2-08.02.2025,2,2,,348.40923,1247.0,306.80001,41.60922,0
U365-H5-VS2-GGA20- Zn(II) 10-Cr(VI) 15-Ni(II) 10 mg-L-10022025-Q=50.34 mL-min-5,U365-H5-VS2-08.02.2025,2,3,,348.92064,1720.0,307.20001,41.72063,0
U365-H5-VS2-GGA20- Zn(II) 10-Cr(VI) 15-Ni(II) 10 mg-L-10022025-Q=50.34 mL-min-5,U365-H5-VS2-08.02.2025,2,4,,349.88889,2194.0,308.80001,41.08888,0
U365-H5-VS2-GGA20- Zn(II) 10-Cr(VI) 15-Ni(II) 10 mg-L-10022025-Q=50.34 mL-min-5,U365-H5-VS2-08.02.2025,2,5,GGA20-Zn10-Cr15-Ni10,349.90476,2668.0,316.1,33.80476,1
U365-H5-VS2-GGA20- Zn(II) 10-Cr(VI) 15-Ni(II) 10 mg-L-10022025-Q=50.34 mL-min-5,U365-H5-VS2-08.02.2025,2,6,,352.27258,3141.0,319.59999,32.67259,1
U365-H5-VS2-GGA20- Zn(II) 10-Cr(VI) 15-Ni(II) 10 mg-L-10022025-Q=50.34 mL-min-5,U365-H5-VS2-08.02.2025,2,7,,350.64194,3613.0,317.9,32.74194,1
U365-H5-VS2-GGA20- Zn(II) 10-Cr(VI) 15-Ni(II) 10 mg-L-10022025-Q=50.34 mL-min-5,U365-H5-VS2-08.02.2025,2,8,,351.9746,4087.0,319.00001,32.97459,1
U365-H5-VS2-GGA20- Zn(II) 10-Cr(VI) 15-Ni(II) 10 mg-L-10022025-Q=50.34 mL-min-5,U365-H5-VS2-08.02.2025,2,9,,353.24193,4560.0,323.39999,29.84194,1
U365-H5-VS2-GGA20- Zn(II) 10-Cr(VI) 15-Ni(II) 10 mg-L-10022025-Q=50.34 mL-min-5,U365-H5-VS2-08.02.2025,2,10,,352.40794,5032.0,324.09999,28.30795,2
U365-H5-VS2-GGA20- Zn(II) 10-Cr(VI) 15-Ni(II) 10 mg-L-10022025-Q=50.34 mL-min-5,U365-H5-VS2-08.02.2025,2,11,,353.68307,5506.0,323.00001,30.68306,2
U365-H5-VS2-GGA20- Zn(II) 10-Cr(VI) 15-Ni(II) 10 mg-L-10022025-Q=50.34 mL-min-5,U365-H5-VS2-08.02.2025,2,12,,355.08438,5981.0,325.70001,29.38437,2
U366-H6-VS2-GGA10-Zn(II) 15-Cr(VI) 10-Ni(II) 15 mg-L-10022025-Q=50.6 mL-min-3,U366-H6-VS2-08.02.2025,1,0,GGA10,340.57937,301.0,292.10001,48.47936,0
U366-H6-VS2-GGA10-Zn(II) 15-Cr(VI) 10-Ni(II) 15 mg-L-10022025-Q=50.6 mL-min-3,U366-H6-VS2-08.02.2025,1,1,,341.20645,773.0,296.29999,44.90646,0
U366-H6-VS2-GGA10-Zn(II) 15-Cr(VI) 10-Ni(II) 15 mg-L-10022025-Q=50.6 mL-min-3,U366-H6-VS2-08.02.2025,1,2,,341.99683,1248.0,297.19999,44.79684,0
U366-H6-VS2-GGA10-Zn(II) 15-Cr(VI) 10-Ni(II) 15 mg-L-10022025-Q=50.6 mL-min-3,U366-H6-VS2-08.02.2025,1,3,,343.5127,1721.0,297.6,45.9127,0
U366-H6-VS2-GGA10-Zn(II) 15-Cr(VI) 10-Ni(II) 15 mg-L-10022025-Q=50.6 mL-min-3,U366-H6-VS2-08.02.2025,1,4,,343.36349,2194.0,295.50001,47.86348,0
U366-H6-VS2-GGA10-Zn(II) 15-Cr(VI) 10-Ni(II) 15 mg-L-10022025-Q=50.6 mL-min-3,U366-H6-VS2-08.02.2025,1,5,,343.76191,2671.0,299.60001,44.1619,0
U366-H6-VS2-GGA10-Zn(II) 15-Cr(VI) 10-Ni(II) 15 mg-L-10022025-Q=50.6 mL-min-3,U366-H6-VS2-08.02.2025,1,6,,348.05079,3143.0,298.40001,49.65078,0
U366-H6-VS2-GGA10-Zn(II) 15-Cr(VI) 10-Ni(II) 15 mg-L-10022025-Q=50.6 mL-min-3,U366-H6-VS2-08.02.2025,1,7,GGA10-Zn15-Cr10-Ni15,347.08923,3615.0,304.4,42.68923,1
U366-H6-VS2-GGA10-Zn(II) 15-Cr(VI) 10-Ni(II) 15 mg-L-10022025-Q=50.6 mL-min-3,U366-H6-VS2-08.02.2025,1,8,,346.49516,4089.0,304.8,41.69516,1
U366-H6-VS2-GGA10-Zn(II) 15-Cr(VI) 10-Ni(II) 15 mg-L-10022025-Q=50.6 mL-min-3,U366-H6-VS2-08.02.2025,1,9,,345.56666,4561.0,311.69999,33.86667,1
U366-H6-VS2-GGA10-Zn(II) 15-Cr(VI) 10-Ni(II) 15 mg-L-10022025-Q=50.6 mL-min-3,U366-H6-VS2-08.02.2025,1,10,,346.3129,5037.0,314.20001,32.11289,1
U366-H6-VS2-GGA10-Zn(II) 15-Cr(VI) 10-Ni(II) 15 mg-L-10022025-Q=50.6 mL-min-3,U366-H6-VS2-08.02.2025,1,11,,346.62698,5509.0,314.1,32.52698,1
U366-H6-VS2-GGA10-Zn(II) 15-Cr(VI) 10-Ni(II) 15 mg-L-10022025-Q=50.6 mL-min-3,U366-H6-VS2-08.02.2025,1,12,,347.18413,5981.0,317.9,29.28413,1
U366-H6-VS2-GGA10-Zn(II) 15-Cr(VI) 10-Ni(II) 15 mg-L-10022025-Q=50.6 mL-min-3,U366-H6-VS2-08.02.2025,1,13,,345.9746,6457.0,319.09999,26.87461,2
U366-H6-VS2-GGA10-Zn(II) 15-Cr(VI) 10-Ni(II) 15 mg-L-10022025-Q=50.6 mL-min-3,U366-H6-VS2-08.02.2025,1,14,,346.37581,6933.0,319.90001,26.4758,2
U366-H6-VS2-GGA20- Zn(II) 10-Cr(VI) 15-Ni(II) 5 mg-L-10022025-Q=50.53 mL-min-2,U366-H6-VS2-08.02.2025,2,0,GGA20,354.12222,301.0,302.1,52.02222,0
U366-H6-VS2-GGA20- Zn(II) 10-Cr(VI) 15-Ni(II) 5 mg-L-10022025-Q=50.53 mL-min-2,U366-H6-VS2-08.02.2025,2,1,,354.43809,771.0,303.60001,50.83808,0
U366-H6-VS2-GGA20- Zn(II) 10-Cr(VI) 15-Ni(II) 5 mg-L-10022025-Q=50.53 mL-min-2,U366-H6-VS2-08.02.2025,2,2,,352.47419,1248.0,296.7,55.77419,0
U366-H6-VS2-GGA20- Zn(II) 10-Cr(VI) 15-Ni(II) 5 mg-L-10022025-Q=50.53 mL-min-2,U366-H6-VS2-08.02.2025,2,3,,352.26984,1721.0,294.99999,57.26985,0
U366-H6-VS2-GGA20- Zn(II) 10-Cr(VI) 15-Ni(II) 5 mg-L-10022025-Q=50.53 mL-min-2,U366-H6-VS2-08.02.2025,2,4,,352.13809,2194.0,300.1,52.03809,0
U366-H6-VS2-GGA20- Zn(II) 10-Cr(VI) 15-Ni(II) 5 mg-L-10022025-Q=50.53 mL-min-2,U366-H6-VS2-08.02.2025,2,5,,351.59063,2667.0,297.50001,54.09062,0
U366-H6-VS2-GGA20- Zn(II) 10-Cr(VI) 15-Ni(II) 5 mg-L-10022025-Q=50.53 mL-min-2,U366-H6-VS2-08.02.2025,2,6,,350.27937,3142.0,295.1,55.17937,0
U366-H6-VS2-GGA20- Zn(II) 10-Cr(VI) 15-Ni(II) 5 mg-L-10022025-Q=50.53 mL-min-2,U366-H6-VS2-08.02.2025,2,7,GGA20-Zn10-Cr15-Ni5,355.5873,3615.0,302.19999,53.38731,1
U366-H6-VS2-GGA20- Zn(II) 10-Cr(VI) 15-Ni(II) 5 mg-L-10022025-Q=50.53 mL-min-2,U366-H6-VS2-08.02.2025,2,8,,353.13809,4088.0,308.0,45.13809,1
U366-H6-VS2-GGA20- Zn(II) 10-Cr(VI) 15-Ni(II) 5 mg-L-10022025-Q=50.53 mL-min-2,U366-H6-VS2-08.02.2025,2,9,,354.75238,4561.0,315.29999,39.45239,1
U366-H6-VS2-GGA20- Zn(II) 10-Cr(VI) 15-Ni(II) 5 mg-L-10022025-Q=50.53 mL-min-2,U366-H6-VS2-08.02.2025,2,10,,355.01774,5035.0,314.20001,40.81773,1
U366-H6-VS2-GGA20- Zn(II) 10-Cr(VI) 15-Ni(II) 5 mg-L-10022025-Q=50.53 mL-min-2,U366-H6-VS2-08.02.2025,2,11,,355.06667,5512.0,315.49999,39.56668,1
U366-H6-VS2-GGA20- Zn(II) 10-Cr(VI) 15-Ni(II) 5 mg-L-10022025-Q=50.53 mL-min-2,U366-H6-VS2-08.02.2025,2,12,,356.08548,5983.0,318.89999,37.18549,2
U366-H6-VS2-GGA20- Zn(II) 10-Cr(VI) 15-Ni(II) 5 mg-L-10022025-Q=50.53 mL-min-2,U366-H6-VS2-08.02.2025,2,13,,357.4746,6456.0,322.80001,34.67459,2
U366-H6-VS2-GGA20- Zn(II) 10-Cr(VI) 15-Ni(II) 5 mg-L-10022025-Q=50.53 mL-min-2,U366-H6-VS2-08.02.2025,2,14,,357.69206,6931.0,322.4,35.29206,2
U367-H5-VS2-GGA10-Zn(II) 15-Cr(VI) 10-Ni(II) 15 mg-L-11022025-Q=50.44 mL-min-2,U367-H5-VS2-09.02.2025,0,0,GGA10,335.225,301.0,273.79999,61.42501,0
U367-H5-VS2-GGA10-Zn(II) 15-Cr(VI) 10-Ni(II) 15 mg-L-11022025-Q=50.44 mL-min-2,U367-H5-VS2-09.02.2025,0,1,,332.90417,776.0,272.50001,60.40416,0
U367-H5-VS2-GGA10-Zn(II) 15-Cr(VI) 10-Ni(II) 15 mg-L-11022025-Q=50.44 mL-min-2,U367-H5-VS2-09.02.2025,0,2,,330.53944,1248.0,273.09999,57.43945,0
U367-H5-VS2-GGA10-Zn(II) 15-Cr(VI) 10-Ni(II) 15 mg-L-11022025-Q=50.44 mL-min-2,U367-H5-VS2-09.02.2025,0,3,,330.82639,1719.0,270.3,60.52639,0
U367-H5-VS2-GGA10-Zn(II) 15-Cr(VI) 10-Ni(II) 15 mg-L-11022025-Q=50.44 mL-min-2,U367-H5-VS2-09.02.2025,0,4,,329.19452,2193.0,271.2,57.99452,0
U367-H5-VS2-GGA10-Zn(II) 15-Cr(VI) 10-Ni(II) 15 mg-L-11022025-Q=50.44 mL-min-2,U367-H5-VS2-09.02.2025,0,5,,337.81805,2667.0,275.90001,61.91804,0
U367-H5-VS2-GGA10-Zn(II) 15-Cr(VI) 10-Ni(II) 15 mg-L-11022025-Q=50.44 mL-min-2,U367-H5-VS2-09.02.2025,0,6,GGA10-Zn15-Cr10-Ni15,343.39444,3141.0,300.19999,43.19445,1
U367-H5-VS2-GGA10-Zn(II) 15-Cr(VI) 10-Ni(II) 15 mg-L-11022025-Q=50.44 mL-min-2,U367-H5-VS2-09.02.2025,0,7,,346.53662,3616.0,309.70001,36.83661,1
U367-H5-VS2-GGA10-Zn(II) 15-Cr(VI) 10-Ni(II) 15 mg-L-11022025-Q=50.44 mL-min-2,U367-H5-VS2-09.02.2025,0,8,,349.07778,4091.0,315.69999,33.37779,1
U367-H5-VS2-GGA10-Zn(II) 15-Cr(VI) 10-Ni(II) 15 mg-L-11022025-Q=50.44 mL-min-2,U367-H5-VS2-09.02.2025,0,9,,350.79444,4562.0,315.60001,35.19443,1
U367-H5-VS2-GGA10-Zn(II) 15-Cr(VI) 10-Ni(II) 15 mg-L-11022025-Q=50.44 mL-min-2,U367-H5-VS2-09.02.2025,0,10,,349.52361,5036.0,316.59999,32.92362,2
U367-H5-VS2-GGA10-Zn(II) 15-Cr(VI) 10-Ni(II) 15 mg-L-11022025-Q=50.44 mL-min-2,U367-H5-VS2-09.02.2025,0,11,,350.12361,5509.0,319.7,30.42361,2
U367-H5-VS2-GGA10-Zn(II) 15-Cr(VI) 15-Ni(II) 10 mg-L-11022025-Q=50.32 mL-min-6,U367-H5-VS2-09.02.2025,1,0,GGA10,352.89722,301.0,315.69999,37.19723,0
U367-H5-VS2-GGA10-Zn(II) 15-Cr(VI) 15-Ni(II) 10 mg-L-11022025-Q=50.32 mL-min-6,U367-H5-VS2-09.02.2025,1,1,,353.125,776.0,317.29999,35.82501,0
U367-H5-VS2-GGA10-Zn(II) 15-Cr(VI) 15-Ni(II) 10 mg-L-11022025-Q=50.32 mL-min-6,U367-H5-VS2-09.02.2025,1,2,,353.08611,1249.0,313.69999,39.38612,0
U367-H5-VS2-GGA10-Zn(II) 15-Cr(VI) 15-Ni(II) 10 mg-L-11022025-Q=50.32 mL-min-6,U367-H5-VS2-09.02.2025,1,3,,352.25833,1721.0,311.69999,40.55834,0
U367-H5-VS2-GGA10-Zn(II) 15-Cr(VI) 15-Ni(II) 10 mg-L-11022025-Q=50.32 mL-min-6,U367-H5-VS2-09.02.2025,1,4,,352.05634,2196.0,309.89999,42.15635,0
U367-H5-VS2-GGA10-Zn(II) 15-Cr(VI) 15-Ni(II) 10 mg-L-11022025-Q=50.32 mL-min-6,U367-H5-VS2-09.02.2025,1,5,,351.34167,2670.0,310.5,40.84167,0
U367-H5-VS2-GGA10-Zn(II) 15-Cr(VI) 15-Ni(II) 10 mg-L-11022025-Q=50.32 mL-min-6,U367-H5-VS2-09.02.2025,1,6,GGA10-Zn15-Cr15-Ni10,354.19306,3143.0,308.2,45.99306,1
U367-H5-VS2-GGA10-Zn(II) 15-Cr(VI) 15-Ni(II) 10 mg-L-11022025-Q=50.32 mL-min-6,U367-H5-VS2-09.02.2025,1,7,,352.96479,3616.0,310.79999,42.1648,1
U367-H5-VS2-GGA10-Zn(II) 15-Cr(VI) 15-Ni(II) 10 mg-L-11022025-Q=50.32 mL-min-6,U367-H5-VS2-09.02.2025,1,8,,353.66338,4089.0,316.00001,37.66337,1
U367-H5-VS2-GGA10-Zn(II) 15-Cr(VI) 15-Ni(II) 10 mg-L-11022025-Q=50.32 mL-min-6,U367-H5-VS2-09.02.2025,1,9,,353.26622,4562.0,314.90001,38.36621,1
U367-H5-VS2-GGA10-Zn(II) 15-Cr(VI) 15-Ni(II) 10 mg-L-11022025-Q=50.32 mL-min-6,U367-H5-VS2-09.02.2025,1,10,,353.20555,5036.0,316.90001,36.30554,1
U367-H5-VS2-GGA10-Zn(II) 15-Cr(VI) 15-Ni(II) 10 mg-L-11022025-Q=50.32 mL-min-6,U367-H5-VS2-09.02.2025,1,11,,352.44167,5510.0,317.7,34.74167,2
U367-H5-VS2-GGA10-Zn(II) 15-Cr(VI) 15-Ni(II) 10 mg-L-11022025-Q=50.32 mL-min-6,U367-H5-VS2-09.02.2025,1,12,,353.14583,5982.0,320.4,32.74583,2
U367-H5-VS2-GGA10-Zn(II) 15-Cr(VI) 15-Ni(II) 10 mg-L-11022025-Q=50.32 mL-min-6,U367-H5-VS2-09.02.2025,1,13,,352.65694,6456.0,318.50001,34.15693,2
U367-H5-VS2-GGA20- Zn(II) 10-Cr(VI) 15-Ni(II) 10 mg-L-11022025-Q=50.48 mL-min-6,U367-H5-VS2-09.02.2025,2,0,GGA20,354.24722,301.0,312.5,41.74722,0
U367-H5-VS2-GGA20- Zn(II) 10-Cr(VI) 15-Ni(II) 10 mg-L-11022025-Q=50.48 mL-min-6,U367-H5-VS2-09.02.2025,2,1,,353.80135,775.0,309.6,44.20135,0
U367-H5-VS2-GGA20- Zn(II) 10-Cr(VI) 15-Ni(II) 10 mg-L-11022025-Q=50.48 mL-min-6,U367-H5-VS2-09.02.2025,2,2,,355.02361,1246.0,311.6,43.42361,0
U367-H5-VS2-GGA20- Zn(II) 10-Cr(VI) 15-Ni(II) 10 mg-L-11022025-Q=50.48 mL-min-6,U367-H5-VS2-09.02.2025,2,3,,353.73889,1722.0,305.3,48.43889,0
U367-H5-VS2-GGA20- Zn(II) 10-Cr(VI) 15-Ni(II) 10 mg-L-11022025-Q=50.48 mL-min-6,U367-H5-VS2-09.02.2025,2,4,,354.65915,2195.0,308.29999,46.35916,0
U367-H5-VS2-GGA20- Zn(II) 10-Cr(VI) 15-Ni(II) 10 mg-L-11022025-Q=50.48 mL-min-6,U367-H5-VS2-09.02.2025,2,5,,356.47747,2667.0,313.4,43.07747,0
U367-H5-VS2-GGA20- Zn(II) 10-Cr(VI) 15-Ni(II) 10 mg-L-11022025-Q=50.48 mL-min-6,U367-H5-VS2-09.02.2025,2,6,GGA20-Zn10-Cr15-Ni10,358.97361,3142.0,313.69999,45.27362,1
U367-H5-VS2-GGA20- Zn(II) 10-Cr(VI) 15-Ni(II) 10 mg-L-11022025-Q=50.48 mL-min-6,U367-H5-VS2-09.02.2025,2,7,,357.48334,3615.0,315.49999,41.98335,1
U367-H5-VS2-GGA20- Zn(II) 10-Cr(VI) 15-Ni(II) 10 mg-L-11022025-Q=50.48 mL-min-6,U367-H5-VS2-09.02.2025,2,8,,357.65135,4092.0,317.29999,40.35136,1
U367-H5-VS2-GGA20- Zn(II) 10-Cr(VI) 15-Ni(II) 10 mg-L-11022025-Q=50.48 mL-min-6,U367-H5-VS2-09.02.2025,2,9,,358.4407,4563.0,319.20001,39.24069,1
U367-H5-VS2-GGA20- Zn(II) 10-Cr(VI) 15-Ni(II) 10 mg-L-11022025-Q=50.48 mL-min-6,U367-H5-VS2-09.02.2025,2,10,,357.50698,5035.0,317.5,40.00698,1
U367-H5-VS2-GGA20- Zn(II) 10-Cr(VI) 15-Ni(II) 10 mg-L-11022025-Q=50.48 mL-min-6,U367-H5-VS2-09.02.2025,2,11,,357.78605,5511.0,315.69999,42.08606,1
U367-H5-VS2-GGA20- Zn(II) 10-Cr(VI) 15-Ni(II) 10 mg-L-11022025-Q=50.48 mL-min-6,U367-H5-VS2-09.02.2025,2,12,,351.55465,5982.0,315.0,36.55465,1
U367-H5-VS2-GGA20- Zn(II) 10-Cr(VI) 15-Ni(II) 10 mg-L-11022025-Q=50.48 mL-min-6,U367-H5-VS2-09.02.2025,2,13,,353.01046,6457.0,318.19999,34.81047,2
U367-H5-VS2-GGA20- Zn(II) 10-Cr(VI) 15-Ni(II) 10 mg-L-11022025-Q=50.48 mL-min-6,U367-H5-VS2-09.02.2025,2,14,,349.20115,6930.0,314.00001,35.20114,2
U367-H5-VS2-GGA20- Zn(II) 10-Cr(VI) 15-Ni(II) 10 mg-L-11022025-Q=50.48 mL-min-6,U367-H5-VS2-09.02.2025,2,15,,347.15568,7403.0,315.2,31.95568,2
U368-H6-VS2-GGA10-Zn(II) 15-Cr(VI) 10-Ni(II) 10 mg-L-11022025-Q=50.58 mL-min-4,U368-H6-VS2-09.02.2025,0,0,GGA10,312.94444,301.0,235.9,77.04444,0
U368-H6-VS2-GGA10-Zn(II) 15-Cr(VI) 10-Ni(II) 10 mg-L-11022025-Q=50.58 mL-min-4,U368-H6-VS2-09.02.2025,0,1,,312.27973,775.0,235.3,76.97973,0
U368-H6-VS2-GGA10-Zn(II) 15-Cr(VI) 10-Ni(II) 10 mg-L-11022025-Q=50.58 mL-min-4,U368-H6-VS2-09.02.2025,0,2,,310.87222,1247.0,231.90001,78.97221,0
U368-H6-VS2-GGA10-Zn(II) 15-Cr(VI) 10-Ni(II) 10 mg-L-11022025-Q=50.58 mL-min-4,U368-H6-VS2-09.02.2025,0,3,,311.4875,1722.0,234.2,77.2875,0
U368-H6-VS2-GGA10-Zn(II) 15-Cr(VI) 10-Ni(II) 10 mg-L-11022025-Q=50.58 mL-min-4,U368-H6-VS2-09.02.2025,0,4,,310.13099,2195.0,228.7,81.43099,0
U368-H6-VS2-GGA10-Zn(II) 15-Cr(VI) 10-Ni(II) 10 mg-L-11022025-Q=50.58 mL-min-4,U368-H6-VS2-09.02.2025,0,5,,310.86667,2669.0,232.70001,78.16666,0
U368-H6-VS2-GGA10-Zn(II) 15-Cr(VI) 10-Ni(II) 10 mg-L-11022025-Q=50.58 mL-min-4,U368-H6-VS2-09.02.2025,0,6,GGA10-Zn15-Cr10-Ni10,323.68169,3143.0,256.8,66.88169,1
U368-H6-VS2-GGA10-Zn(II) 15-Cr(VI) 10-Ni(II) 10 mg-L-11022025-Q=50.58 mL-min-4,U368-H6-VS2-09.02.2025,0,7,,328.67917,3616.0,288.39999,40.27918,1
U368-H6-VS2-GGA10-Zn(II) 15-Cr(VI) 10-Ni(II) 10 mg-L-11022025-Q=50.58 mL-min-4,U368-H6-VS2-09.02.2025,0,8,,331.08592,4090.0,297.30001,33.78591,1
U368-H6-VS2-GGA10-Zn(II) 15-Cr(VI) 10-Ni(II) 10 mg-L-11022025-Q=50.58 mL-min-4,U368-H6-VS2-09.02.2025,0,9,,333.39306,4564.0,301.99999,31.39307,1
U368-H6-VS2-GGA10-Zn(II) 15-Cr(VI) 10-Ni(II) 10 mg-L-11022025-Q=50.58 mL-min-4,U368-H6-VS2-09.02.2025,0,10,,335.17778,5035.0,305.20001,29.97777,2
U368-H6-VS2-GGA10-Zn(II) 15-Cr(VI) 10-Ni(II) 10 mg-L-11022025-Q=50.58 mL-min-4,U368-H6-VS2-09.02.2025,0,11,,332.68514,5511.0,305.00001,27.68513,2
U368-H6-VS2-GGA10-Zn(II) 15-Cr(VI) 10-Ni(II) 10 mg-L-11022025-Q=50.58 mL-min-4,U368-H6-VS2-09.02.2025,0,12,,334.72639,5983.0,306.69999,28.0264,2
U368-H6-VS2-GGA10-Zn(II) 15-Cr(VI) 15-Ni(II) 5 mg-L-11022025-Q=50.56 mL-min-4,U368-H6-VS2-09.02.2025,1,0,GGA10,336.60704,301.0,305.5,31.10704,0
U368-H6-VS2-GGA10-Zn(II) 15-Cr(VI) 15-Ni(II) 5 mg-L-11022025-Q=50.56 mL-min-4,U368-H6-VS2-09.02.2025,1,1,,335.19167,775.0,302.70001,32.49166,0
U368-H6-VS2-GGA10-Zn(II) 15-Cr(VI) 15-Ni(II) 5 mg-L-11022025-Q=50.56 mL-min-4,U368-H6-VS2-09.02.2025,1,2,,335.73472,1248.0,304.69999,31.03473,0
U368-H6-VS2-GGA10-Zn(II) 15-Cr(VI) 15-Ni(II) 5 mg-L-11022025-Q=50.56 mL-min-4,U368-H6-VS2-09.02.2025,1,3,,333.79722,1721.0,299.2,34.59722,0
U368-H6-VS2-GGA10-Zn(II) 15-Cr(VI) 15-Ni(II) 5 mg-L-11022025-Q=50.56 mL-min-4,U368-H6-VS2-09.02.2025,1,4,,332.8125,2197.0,300.8,32.0125,0
U368-H6-VS2-GGA10-Zn(II) 15-Cr(VI) 15-Ni(II) 5 mg-L-11022025-Q=50.56 mL-min-4,U368-H6-VS2-09.02.2025,1,5,,333.86622,2668.0,296.29999,37.56623,0
U368-H6-VS2-GGA10-Zn(II) 15-Cr(VI) 15-Ni(II) 5 mg-L-11022025-Q=50.56 mL-min-4,U368-H6-VS2-09.02.2025,1,6,GGA10-Zn15-Cr15-Ni5,336.99583,3144.0,295.6,41.39583,1
U368-H6-VS2-GGA10-Zn(II) 15-Cr(VI) 15-Ni(II) 5 mg-L-11022025-Q=50.56 mL-min-4,U368-H6-VS2-09.02.2025,1,7,,336.28732,3621.0,306.30001,29.98731,1
U368-H6-VS2-GGA10-Zn(II) 15-Cr(VI) 15-Ni(II) 5 mg-L-11022025-Q=50.56 mL-min-4,U368-H6-VS2-09.02.2025,1,8,,336.30563,4090.0,308.80001,27.50562,1
U368-H6-VS2-GGA10-Zn(II) 15-Cr(VI) 15-Ni(II) 5 mg-L-11022025-Q=50.56 mL-min-4,U368-H6-VS2-09.02.2025,1,9,,335.87778,4562.0,307.20001,28.67777,1
U368-H6-VS2-GGA10-Zn(II) 15-Cr(VI) 15-Ni(II) 5 mg-L-11022025-Q=50.56 mL-min-4,U368-H6-VS2-09.02.2025,1,10,,334.74445,5038.0,307.70001,27.04444,1
U368-H6-VS2-GGA10-Zn(II) 15-Cr(VI) 15-Ni(II) 5 mg-L-11022025-Q=50.56 mL-min-4,U368-H6-VS2-09.02.2025,1,11,,336.27778,5509.0,311.10001,25.17777,1
U368-H6-VS2-GGA10-Zn(II) 15-Cr(VI) 15-Ni(II) 5 mg-L-11022025-Q=50.56 mL-min-4,U368-H6-VS2-09.02.2025,1,12,,335.60972,5981.0,312.09999,23.50973,2
U368-H6-VS2-GGA10-Zn(II) 15-Cr(VI) 15-Ni(II) 5 mg-L-11022025-Q=50.56 mL-min-4,U368-H6-VS2-09.02.2025,1,13,,335.55676,6461.0,312.20001,23.35675,2
U368-H6-VS2-GGA20- Zn(II) 10-Cr(VI) 15-Ni(II) 5 mg-L-11022025-Q=50.48 mL-min-3,U368-H6-VS2-09.02.2025,2,0,GGA20,333.93333,301.0,293.70001,40.23332,0
U368-H6-VS2-GGA20- Zn(II) 10-Cr(VI) 15-Ni(II) 5 mg-L-11022025-Q=50.48 mL-min-3,U368-H6-VS2-09.02.2025,2,1,,333.90834,773.0,293.3,40.60834,0
U368-H6-VS2-GGA20- Zn(II) 10-Cr(VI) 15-Ni(II) 5 mg-L-11022025-Q=50.48 mL-min-3,U368-H6-VS2-09.02.2025,2,2,,333.12535,1246.0,291.3,41.82535,0
U368-H6-VS2-GGA20- Zn(II) 10-Cr(VI) 15-Ni(II) 5 mg-L-11022025-Q=50.48 mL-min-3,U368-H6-VS2-09.02.2025,2,3,,333.30556,1719.0,295.70001,37.60555,0
U368-H6-VS2-GGA20- Zn(II) 10-Cr(VI) 15-Ni(II) 5 mg-L-11022025-Q=50.48 mL-min-3,U368-H6-VS2-09.02.2025,2,4,,333.07222,2198.0,293.8,39.27222,0
U368-H6-VS2-GGA20- Zn(II) 10-Cr(VI) 15-Ni(II) 5 mg-L-11022025-Q=50.48 mL-min-3,U368-H6-VS2-09.02.2025,2,5,,333.79028,2668.0,295.50001,38.29027,0
U368-H6-VS2-GGA20- Zn(II) 10-Cr(VI) 15-Ni(II) 5 mg-L-11022025-Q=50.48 mL-min-3,U368-H6-VS2-09.02.2025,2,6,,335.95139,3142.0,297.8,38.15139,0
U368-H6-VS2-GGA20- Zn(II) 10-Cr(VI) 15-Ni(II) 5 mg-L-11022025-Q=50.48 mL-min-3,U368-H6-VS2-09.02.2025,2,7,GGA20-Zn10-Cr15-Ni5,339.85479,3613.0,300.90001,38.95478,1
U368-H6-VS2-GGA20- Zn(II) 10-Cr(VI) 15-Ni(II) 5 mg-L-11022025-Q=50.48 mL-min-3,U368-H6-VS2-09.02.2025,2,8,,337.50556,4087.0,303.7,33.80556,1
U368-H6-VS2-GGA20- Zn(II) 10-Cr(VI) 15-Ni(II) 5 mg-L-11022025-Q=50.48 mL-min-3,U368-H6-VS2-09.02.2025,2,9,,337.61351,4560.0,304.4,33.21351,1
U368-H6-VS2-GGA20- Zn(II) 10-Cr(VI) 15-Ni(II) 5 mg-L-11022025-Q=50.48 mL-min-3,U368-H6-VS2-09.02.2025,2,10,,338.03889,5035.0,306.2,31.83889,1
U368-H6-VS2-GGA20- Zn(II) 10-Cr(VI) 15-Ni(II) 5 mg-L-11022025-Q=50.48 mL-min-3,U368-H6-VS2-09.02.2025,2,11,,339.55555,5513.0,306.30001,33.25554,1
U368-H6-VS2-GGA20- Zn(II) 10-Cr(VI) 15-Ni(II) 5 mg-L-11022025-Q=50.48 mL-min-3,U368-H6-VS2-09.02.2025,2,12,,340.50139,5981.0,310.40001,30.10138,1
U368-H6-VS2-GGA20- Zn(II) 10-Cr(VI) 15-Ni(II) 5 mg-L-11022025-Q=50.48 mL-min-3,U368-H6-VS2-09.02.2025,2,13,,331.725,6456.0,304.10001,27.62499,2
U368-H6-VS2-GGA20- Zn(II) 10-Cr(VI) 15-Ni(II) 5 mg-L-11022025-Q=50.48 mL-min-3,U368-H6-VS2-09.02.2025,2,14,,333.10973,6927.0,306.30001,26.80972,2
U368-H6-VS2-GGA20- Zn(II) 10-Cr(VI) 15-Ni(II) 5 mg-L-11022025-Q=50.48 mL-min-3,U368-H6-VS2-09.02.2025,2,15,,329.25972,7402.0,300.1,29.15972,2
U369-H5-VS2-GGA10-Zn(II) 10-Cr(VI) 15-Ni(II) 10 mg-L-13022025-Q=50.2 mL-min-6,U369-H5-VS2-11.02.2025,0,0,GGA10,339.78873,301.0,289.79999,49.98874,0
U369-H5-VS2-GGA10-Zn(II) 10-Cr(VI) 15-Ni(II) 10 mg-L-13022025-Q=50.2 mL-min-6,U369-H5-VS2-11.02.2025,0,1,,340.23056,774.0,288.8,51.43056,0
U369-H5-VS2-GGA10-Zn(II) 10-Cr(VI) 15-Ni(II) 10 mg-L-13022025-Q=50.2 mL-min-6,U369-H5-VS2-11.02.2025,0,2,,337.90972,1248.0,285.69999,52.20973,0
U369-H5-VS2-GGA10-Zn(II) 10-Cr(VI) 15-Ni(II) 10 mg-L-13022025-Q=50.2 mL-min-6,U369-H5-VS2-11.02.2025,0,3,,335.50278,1722.0,279.59999,55.90279,0
U369-H5-VS2-GGA10-Zn(II) 10-Cr(VI) 15-Ni(II) 10 mg-L-13022025-Q=50.2 mL-min-6,U369-H5-VS2-11.02.2025,0,4,,334.96111,2196.0,285.10001,49.8611,0
U369-H5-VS2-GGA10-Zn(II) 10-Cr(VI) 15-Ni(II) 10 mg-L-13022025-Q=50.2 mL-min-6,U369-H5-VS2-11.02.2025,0,5,,332.43611,2669.0,279.50001,52.9361,0
U369-H5-VS2-GGA10-Zn(II) 10-Cr(VI) 15-Ni(II) 10 mg-L-13022025-Q=50.2 mL-min-6,U369-H5-VS2-11.02.2025,0,6,,332.37183,3141.0,274.50001,57.87182,0
U369-H5-VS2-GGA10-Zn(II) 10-Cr(VI) 15-Ni(II) 10 mg-L-13022025-Q=50.2 mL-min-6,U369-H5-VS2-11.02.2025,0,7,GGA10-Zn10-Cr15-Ni10,331.73919,3615.0,279.59999,52.1392,1
U369-H5-VS2-GGA10-Zn(II) 10-Cr(VI) 15-Ni(II) 10 mg-L-13022025-Q=50.2 mL-min-6,U369-H5-VS2-11.02.2025,0,8,,331.85634,4088.0,294.2,37.65634,1
U369-H5-VS2-GGA10-Zn(II) 10-Cr(VI) 15-Ni(II) 10 mg-L-13022025-Q=50.2 mL-min-6,U369-H5-VS2-11.02.2025,0,9,,331.17083,4563.0,299.10001,32.07082,1
U369-H5-VS2-GGA10-Zn(II) 10-Cr(VI) 15-Ni(II) 10 mg-L-13022025-Q=50.2 mL-min-6,U369-H5-VS2-11.02.2025,0,10,,329.72113,5036.0,298.90001,30.82112,1
U369-H5-VS2-GGA10-Zn(II) 10-Cr(VI) 15-Ni(II) 10 mg-L-13022025-Q=50.2 mL-min-6,U369-H5-VS2-11.02.2025,0,11,,330.35,5509.0,303.09999,27.25001,2
U369-H5-VS2-GGA10-Zn(II) 10-Cr(VI) 15-Ni(II) 10 mg-L-13022025-Q=50.2 mL-min-6,U369-H5-VS2-11.02.2025,0,12,,328.36389,5984.0,299.9,28.46389,2
U369-H5-VS2-GGA10-Zn(II) 10-Cr(VI) 15-Ni(II) 10 mg-L-13022025-Q=50.2 mL-min-6,U369-H5-VS2-11.02.2025,0,13,,328.52639,6456.0,301.40001,27.12638,2
U369-H5-VS2-GGA10-Zn(II) 15-Cr(VI) 15-Ni(II) 10 mg-L-13022025-Q=50.3 mL-min-7,U369-H5-VS2-11.02.2025,1,0,GGA10,352.69444,301.0,315.80001,36.89443,0
U369-H5-VS2-GGA10-Zn(II) 15-Cr(VI) 15-Ni(II) 10 mg-L-13022025-Q=50.3 mL-min-7,U369-H5-VS2-11.02.2025,1,1,,353.74225,774.0,318.8,34.94225,0
U369-H5-VS2-GGA10-Zn(II) 15-Cr(VI) 15-Ni(II) 10 mg-L-13022025-Q=50.3 mL-min-7,U369-H5-VS2-11.02.2025,1,2,,353.52222,1247.0,318.8,34.72222,0
U369-H5-VS2-GGA10-Zn(II) 15-Cr(VI) 15-Ni(II) 10 mg-L-13022025-Q=50.3 mL-min-7,U369-H5-VS2-11.02.2025,1,3,,356.6125,1722.0,318.19999,38.41251,0
U369-H5-VS2-GGA10-Zn(II) 15-Cr(VI) 15-Ni(II) 10 mg-L-13022025-Q=50.3 mL-min-7,U369-H5-VS2-11.02.2025,1,4,,357.27183,2197.0,318.19999,39.07184,0
U369-H5-VS2-GGA10-Zn(II) 15-Cr(VI) 15-Ni(II) 10 mg-L-13022025-Q=50.3 mL-min-7,U369-H5-VS2-11.02.2025,1,5,,357.78028,2669.0,323.00001,34.78027,0
U369-H5-VS2-GGA10-Zn(II) 15-Cr(VI) 15-Ni(II) 10 mg-L-13022025-Q=50.3 mL-min-7,U369-H5-VS2-11.02.2025,1,6,GGA10-Zn15-Cr15-Ni10,360.51806,3142.0,325.30001,35.21805,1
U369-H5-VS2-GGA10-Zn(II) 15-Cr(VI) 15-Ni(II) 10 mg-L-13022025-Q=50.3 mL-min-7,U369-H5-VS2-11.02.2025,1,7,,361.18784,3616.0,324.9,36.28784,1
U369-H5-VS2-GGA10-Zn(II) 15-Cr(VI) 15-Ni(II) 10 mg-L-13022025-Q=50.3 mL-min-7,U369-H5-VS2-11.02.2025,1,8,,360.65695,4089.0,324.40001,36.25694,1
U369-H5-VS2-GGA10-Zn(II) 15-Cr(VI) 15-Ni(II) 10 mg-L-13022025-Q=50.3 mL-min-7,U369-H5-VS2-11.02.2025,1,9,,359.75326,4562.0,325.39999,34.35327,1
U369-H5-VS2-GGA10-Zn(II) 15-Cr(VI) 15-Ni(II) 10 mg-L-13022025-Q=50.3 mL-min-7,U369-H5-VS2-11.02.2025,1,10,,358.08393,5037.0,325.1,32.98393,1
U369-H5-VS2-GGA10-Zn(II) 15-Cr(VI) 15-Ni(II) 10 mg-L-13022025-Q=50.3 mL-min-7,U369-H5-VS2-11.02.2025,1,11,,358.82027,5510.0,327.2,31.62027,2
U369-H5-VS2-GGA10-Zn(II) 15-Cr(VI) 15-Ni(II) 10 mg-L-13022025-Q=50.3 mL-min-7,U369-H5-VS2-11.02.2025,1,12,,359.44054,5982.0,329.29999,30.14055,2
U369-H5-VS2-GGA20- Zn(II) 15-Cr(VI) 5-Ni(II) 15 mg-L-1322025-Q=50.60 mL-min-6,U369-H5-VS2-11.02.2025,2,0,GGA20,349.40811,301.0,301.80001,47.6081,0
U369-H5-VS2-GGA20- Zn(II) 15-Cr(VI) 5-Ni(II) 15 mg-L-1322025-Q=50.60 mL-min-6,U369-H5-VS2-11.02.2025,2,1,,353.98289,773.0,307.70001,46.28288,0
U369-H5-VS2-GGA20- Zn(II) 15-Cr(VI) 5-Ni(II) 15 mg-L-1322025-Q=50.60 mL-min-6,U369-H5-VS2-11.02.2025,2,2,,353.78513,1246.0,305.59999,48.18514,0
U369-H5-VS2-GGA20- Zn(II) 15-Cr(VI) 5-Ni(II) 15 mg-L-1322025-Q=50.60 mL-min-6,U369-H5-VS2-11.02.2025,2,3,,349.86892,1719.0,303.99999,45.86893,0
U369-H5-VS2-GGA20- Zn(II) 15-Cr(VI) 5-Ni(II) 15 mg-L-1322025-Q=50.60 mL-min-6,U369-H5-VS2-11.02.2025,2,4,,342.63514,2193.0,293.50001,49.13513,0
U369-H5-VS2-GGA20- Zn(II) 15-Cr(VI) 5-Ni(II) 15 mg-L-1322025-Q=50.60 mL-min-6,U369-H5-VS2-11.02.2025,2,5,,337.35405,2668.0,287.29999,50.05406,0
U369-H5-VS2-GGA20- Zn(II) 15-Cr(VI) 5-Ni(II) 15 mg-L-1322025-Q=50.60 mL-min-6,U369-H5-VS2-11.02.2025,2,6,GGA20-Zn15-Cr5-Ni15,344.41216,3140.0,293.50001,50.91215,1
U369-H5-VS2-GGA20- Zn(II) 15-Cr(VI) 5-Ni(II) 15 mg-L-1322025-Q=50.60 mL-min-6,U369-H5-VS2-11.02.2025,2,7,,347.42533,3613.0,300.00001,47.42532,1
U369-H5-VS2-GGA20- Zn(II) 15-Cr(VI) 5-Ni(II) 15 mg-L-1322025-Q=50.60 mL-min-6,U369-H5-VS2-11.02.2025,2,8,,348.03553,4088.0,300.50001,47.53552,1
U369-H5-VS2-GGA20- Zn(II) 15-Cr(VI) 5-Ni(II) 15 mg-L-1322025-Q=50.60 mL-min-6,U369-H5-VS2-11.02.2025,2,9,,350.02247,4562.0,302.8,47.22247,1
U369-H5-VS2-GGA20- Zn(II) 15-Cr(VI) 5-Ni(II) 15 mg-L-1322025-Q=50.60 mL-min-6,U369-H5-VS2-11.02.2025,2,10,,351.32967,5034.0,305.09999,46.22968,1
U369-H5-VS2-GGA20- Zn(II) 15-Cr(VI) 5-Ni(II) 15 mg-L-1322025-Q=50.60 mL-min-6,U369-H5-VS2-11.02.2025,2,11,,353.11011,5508.0,310.5,42.61011,2
U369-H5-VS2-GGA20- Zn(II) 15-Cr(VI) 5-Ni(II) 15 mg-L-1322025-Q=50.60 mL-min-6,U369-H5-VS2-11.02.2025,2,12,,353.46067,5982.0,307.59999,45.86068,2
U369-H5-VS2-GGA20- Zn(II) 15-Cr(VI) 5-Ni(II) 15 mg-L-1322025-Q=50.60 mL-min-6,U369-H5-VS2-11.02.2025,2,13,,350.72247,6456.0,303.20001,47.52246,2
U369-H5-VS2-GGA20- Zn(II) 15-Cr(VI) 5-Ni(II) 15 mg-L-1322025-Q=50.60 mL-min-6,U369-H5-VS2-11.02.2025,2,14,,339.88901,6929.0,296.60001,43.289,2
U370-H6-VS2-GGA10-Zn(II) 10-Cr(VI) 15-Ni(II) 15 mg-L-13022025-Q=50.40 mL-min-3,U370-H6-VS2-11.02.2025,0,0,GGA10,330.82973,301.0,252.5,78.32973,0
U370-H6-VS2-GGA10-Zn(II) 10-Cr(VI) 15-Ni(II) 15 mg-L-13022025-Q=50.40 mL-min-3,U370-H6-VS2-11.02.2025,0,1,,329.77162,774.0,251.8,77.97162,0
U370-H6-VS2-GGA10-Zn(II) 10-Cr(VI) 15-Ni(II) 15 mg-L-13022025-Q=50.40 mL-min-3,U370-H6-VS2-11.02.2025,0,2,,326.63108,1248.0,246.80001,79.83107,0
U370-H6-VS2-GGA10-Zn(II) 10-Cr(VI) 15-Ni(II) 15 mg-L-13022025-Q=50.40 mL-min-3,U370-H6-VS2-11.02.2025,0,3,,326.42162,1720.0,246.7,79.72162,0
U370-H6-VS2-GGA10-Zn(II) 10-Cr(VI) 15-Ni(II) 15 mg-L-13022025-Q=50.40 mL-min-3,U370-H6-VS2-11.02.2025,0,4,,326.47368,2194.0,247.4,79.07368,0
U370-H6-VS2-GGA10-Zn(II) 10-Cr(VI) 15-Ni(II) 15 mg-L-13022025-Q=50.40 mL-min-3,U370-H6-VS2-11.02.2025,0,5,GGA10-Zn10-Cr15-Ni5,328.31622,2667.0,249.69999,78.61623,1
U370-H6-VS2-GGA10-Zn(II) 10-Cr(VI) 15-Ni(II) 15 mg-L-13022025-Q=50.40 mL-min-3,U370-H6-VS2-11.02.2025,0,6,,327.47973,3140.0,264.40001,63.07972,1
U370-H6-VS2-GGA10-Zn(II) 10-Cr(VI) 15-Ni(II) 15 mg-L-13022025-Q=50.40 mL-min-3,U370-H6-VS2-11.02.2025,0,7,,326.21757,3614.0,270.00001,56.21756,1
U370-H6-VS2-GGA10-Zn(II) 10-Cr(VI) 15-Ni(II) 15 mg-L-13022025-Q=50.40 mL-min-3,U370-H6-VS2-11.02.2025,0,8,,325.79865,4088.0,272.50001,53.29864,1
U370-H6-VS2-GGA10-Zn(II) 10-Cr(VI) 15-Ni(II) 15 mg-L-13022025-Q=50.40 mL-min-3,U370-H6-VS2-11.02.2025,0,9,,325.35676,4563.0,277.70001,47.65675,1
U370-H6-VS2-GGA10-Zn(II) 10-Cr(VI) 15-Ni(II) 15 mg-L-13022025-Q=50.40 mL-min-3,U370-H6-VS2-11.02.2025,0,10,,324.06351,5034.0,277.1,46.96351,1
U370-H6-VS2-GGA10-Zn(II) 10-Cr(VI) 15-Ni(II) 15 mg-L-13022025-Q=50.40 mL-min-3,U370-H6-VS2-11.02.2025,0,11,,323.32027,5510.0,278.4,44.92027,2
U370-H6-VS2-GGA10-Zn(II) 10-Cr(VI) 15-Ni(II) 15 mg-L-13022025-Q=50.40 mL-min-3,U370-H6-VS2-11.02.2025,0,12,,322.2,5983.0,280.40001,41.79999,2
U370-H6-VS2-GGA10-Zn(II) 15-Cr(VI) 15-Ni(II) 5 mg-L-13022025-Q=50.4 mL-min-5,U370-H6-VS2-11.02.2025,1,0,GGA10,341.10676,301.0,296.9,44.20676,0
U370-H6-VS2-GGA10-Zn(II) 15-Cr(VI) 15-Ni(II) 5 mg-L-13022025-Q=50.4 mL-min-5,U370-H6-VS2-11.02.2025,1,1,,343.26486,774.0,293.3,49.96486,0
U370-H6-VS2-GGA10-Zn(II) 15-Cr(VI) 15-Ni(II) 5 mg-L-13022025-Q=50.4 mL-min-5,U370-H6-VS2-11.02.2025,1,2,,344.51351,1249.0,302.39999,42.11352,0
U370-H6-VS2-GGA10-Zn(II) 15-Cr(VI) 15-Ni(II) 5 mg-L-13022025-Q=50.4 mL-min-5,U370-H6-VS2-11.02.2025,1,3,,345.612,1721.0,301.7,43.912,0
U370-H6-VS2-GGA10-Zn(II) 15-Cr(VI) 15-Ni(II) 5 mg-L-13022025-Q=50.4 mL-min-5,U370-H6-VS2-11.02.2025,1,4,,346.08919,2196.0,304.10001,41.98918,0
U370-H6-VS2-GGA10-Zn(II) 15-Cr(VI) 15-Ni(II) 5 mg-L-13022025-Q=50.4 mL-min-5,U370-H6-VS2-11.02.2025,1,5,,347.8527,2669.0,306.30001,41.55269,0
U370-H6-VS2-GGA10-Zn(II) 15-Cr(VI) 15-Ni(II) 5 mg-L-13022025-Q=50.4 mL-min-5,U370-H6-VS2-11.02.2025,1,6,,352.62105,3141.0,307.1,45.52105,0
U370-H6-VS2-GGA10-Zn(II) 15-Cr(VI) 15-Ni(II) 5 mg-L-13022025-Q=50.4 mL-min-5,U370-H6-VS2-11.02.2025,1,7,GGA10-Zn15-Cr15-Ni5,352.27567,3615.0,314.20001,38.07566,1
U370-H6-VS2-GGA10-Zn(II) 15-Cr(VI) 15-Ni(II) 5 mg-L-13022025-Q=50.4 mL-min-5,U370-H6-VS2-11.02.2025,1,8,,351.72838,4087.0,316.1,35.62838,1
U370-H6-VS2-GGA10-Zn(II) 15-Cr(VI) 15-Ni(II) 5 mg-L-13022025-Q=50.4 mL-min-5,U370-H6-VS2-11.02.2025,1,9,,350.73867,4562.0,313.30001,37.43866,1
U370-H6-VS2-GGA10-Zn(II) 15-Cr(VI) 15-Ni(II) 5 mg-L-13022025-Q=50.4 mL-min-5,U370-H6-VS2-11.02.2025,1,10,,350.86216,5036.0,315.0,35.86216,1
U370-H6-VS2-GGA10-Zn(II) 15-Cr(VI) 15-Ni(II) 5 mg-L-13022025-Q=50.4 mL-min-5,U370-H6-VS2-11.02.2025,1,11,,350.528,5509.0,317.9,32.628,2
U370-H6-VS2-GGA10-Zn(II) 15-Cr(VI) 15-Ni(II) 5 mg-L-13022025-Q=50.4 mL-min-5,U370-H6-VS2-11.02.2025,1,12,,349.86351,5983.0,316.3,33.56351,2
U370-H6-VS2-GGA20- Zn(II) 15-Cr(VI) 5-Ni(II) 10 mg-L-1322025-Q=50.62 mL-min-2,U370-H6-VS2-11.02.2025,2,0,GGA20,351.52027,301.0,296.7,54.82027,0
U370-H6-VS2-GGA20- Zn(II) 15-Cr(VI) 5-Ni(II) 10 mg-L-1322025-Q=50.62 mL-min-2,U370-H6-VS2-11.02.2025,2,1,,350.20135,773.0,296.60001,53.60134,0
U370-H6-VS2-GGA20- Zn(II) 15-Cr(VI) 5-Ni(II) 10 mg-L-1322025-Q=50.62 mL-min-2,U370-H6-VS2-11.02.2025,2,2,,349.53784,1247.0,294.80001,54.73783,0
U370-H6-VS2-GGA20- Zn(II) 15-Cr(VI) 5-Ni(II) 10 mg-L-1322025-Q=50.62 mL-min-2,U370-H6-VS2-11.02.2025,2,3,,348.34459,1719.0,289.7,58.64459,0
U370-H6-VS2-GGA20- Zn(II) 15-Cr(VI) 5-Ni(II) 10 mg-L-1322025-Q=50.62 mL-min-2,U370-H6-VS2-11.02.2025,2,4,,341.14595,2195.0,287.29999,53.84596,0
U370-H6-VS2-GGA20- Zn(II) 15-Cr(VI) 5-Ni(II) 10 mg-L-1322025-Q=50.62 mL-min-2,U370-H6-VS2-11.02.2025,2,5,,338.36351,2667.0,285.29999,53.06352,0
U370-H6-VS2-GGA20- Zn(II) 15-Cr(VI) 5-Ni(II) 10 mg-L-1322025-Q=50.62 mL-min-2,U370-H6-VS2-11.02.2025,2,6,GGA20-Zn15-Cr5-Ni10,339.6973,3143.0,285.49999,54.19731,1
U370-H6-VS2-GGA20- Zn(II) 15-Cr(VI) 5-Ni(II) 10 mg-L-1322025-Q=50.62 mL-min-2,U370-H6-VS2-11.02.2025,2,7,,346.66053,3616.0,294.80001,51.86052,1
U370-H6-VS2-GGA20- Zn(II) 15-Cr(VI) 5-Ni(II) 10 mg-L-1322025-Q=50.62 mL-min-2,U370-H6-VS2-11.02.2025,2,8,,344.89865,4090.0,294.99999,49.89866,1
U370-H6-VS2-GGA20- Zn(II) 15-Cr(VI) 5-Ni(II) 10 mg-L-1322025-Q=50.62 mL-min-2,U370-H6-VS2-11.02.2025,2,9,,343.84474,4564.0,296.29999,47.54475,1
U370-H6-VS2-GGA20- Zn(II) 15-Cr(VI) 5-Ni(II) 10 mg-L-1322025-Q=50.62 mL-min-2,U370-H6-VS2-11.02.2025,2,10,,345.78513,5036.0,297.89999,47.88514,2
U370-H6-VS2-GGA20- Zn(II) 15-Cr(VI) 5-Ni(II) 10 mg-L-1322025-Q=50.62 mL-min-2,U370-H6-VS2-11.02.2025,2,11,,347.08243,5510.0,299.4,47.68243,2
U370-H6-VS2-GGA20- Zn(II) 15-Cr(VI) 5-Ni(II) 10 mg-L-1322025-Q=50.62 mL-min-2,U370-H6-VS2-11.02.2025,2,12,,348.55676,5986.0,301.29999,47.25677,2
U371-H5-VS2-GGA10-Zn(II) 5-Cr(VI) 10-Ni(II) 10 mg-L-14022025-Q=50.44 mL-min-3,U371-H5-VS2-12.02.2025,0,0,GGA10,336.49459,301.0,257.7,78.79459,0
U371-H5-VS2-GGA10-Zn(II) 5-Cr(VI) 10-Ni(II) 10 mg-L-14022025-Q=50.44 mL-min-3,U371-H5-VS2-12.02.2025,0,1,,335.80135,775.0,265.89999,69.90136,0
U371-H5-VS2-GGA10-Zn(II) 5-Cr(VI) 10-Ni(II) 10 mg-L-14022025-Q=50.44 mL-min-3,U371-H5-VS2-12.02.2025,0,2,,334.75658,1248.0,262.30001,72.45657,0
U371-H5-VS2-GGA10-Zn(II) 5-Cr(VI) 10-Ni(II) 10 mg-L-14022025-Q=50.44 mL-min-3,U371-H5-VS2-12.02.2025,0,3,,328.24324,1721.0,255.10001,73.14323,0
U371-H5-VS2-GGA10-Zn(II) 5-Cr(VI) 10-Ni(II) 10 mg-L-14022025-Q=50.44 mL-min-3,U371-H5-VS2-12.02.2025,0,4,,328.18784,2193.0,251.50001,76.68783,0
U371-H5-VS2-GGA10-Zn(II) 5-Cr(VI) 10-Ni(II) 10 mg-L-14022025-Q=50.44 mL-min-3,U371-H5-VS2-12.02.2025,0,5,,326.3054,2668.0,254.40001,71.90539,0
U371-H5-VS2-GGA10-Zn(II) 5-Cr(VI) 10-Ni(II) 10 mg-L-14022025-Q=50.44 mL-min-3,U371-H5-VS2-12.02.2025,0,6,GGA10-Zn5-Cr10-Ni10,326.10405,3141.0,253.6,72.50405,1
U371-H5-VS2-GGA10-Zn(II) 5-Cr(VI) 10-Ni(II) 10 mg-L-14022025-Q=50.44 mL-min-3,U371-H5-VS2-12.02.2025,0,7,,325.35676,3614.0,265.39999,59.95677,1
U371-H5-VS2-GGA10-Zn(II) 5-Cr(VI) 10-Ni(II) 10 mg-L-14022025-Q=50.44 mL-min-3,U371-H5-VS2-12.02.2025,0,8,,325.10135,4089.0,269.2,55.90135,1
U371-H5-VS2-GGA10-Zn(II) 5-Cr(VI) 10-Ni(II) 10 mg-L-14022025-Q=50.44 mL-min-3,U371-H5-VS2-12.02.2025,0,9,,328.61757,4561.0,280.49999,48.11758,1
U371-H5-VS2-GGA10-Zn(II) 5-Cr(VI) 10-Ni(II) 10 mg-L-14022025-Q=50.44 mL-min-3,U371-H5-VS2-12.02.2025,0,10,,336.53243,5035.0,287.9,48.63243,1
U371-H5-VS2-GGA10-Zn(II) 5-Cr(VI) 10-Ni(II) 10 mg-L-14022025-Q=50.44 mL-min-3,U371-H5-VS2-12.02.2025,0,11,,341.23334,5509.0,295.30001,45.93333,1
U371-H5-VS2-GGA10-Zn(II) 5-Cr(VI) 10-Ni(II) 10 mg-L-14022025-Q=50.44 mL-min-3,U371-H5-VS2-12.02.2025,0,12,,342.96316,5983.0,300.19999,42.76317,2
U371-H5-VS2-GGA10-Zn(II) 5-Cr(VI) 10-Ni(II) 10 mg-L-14022025-Q=50.44 mL-min-3,U371-H5-VS2-12.02.2025,0,13,,344.776,6458.0,300.90001,43.87599,2
U371-H5-VS2-GGA10-Zn(II) 5-Cr(VI) 10-Ni(II) 10 mg-L-14022025-Q=50.44 mL-min-3,U371-H5-VS2-12.02.2025,0,14,,345.23513,6930.0,303.09999,42.13514,2
U371-H5-VS2-GGA10-Zn(II) 5-Cr(VI) 10-Ni(II) 15 mg-L-14022025-Q=50.52 mL-min-3,U371-H5-VS2-12.02.2025,1,0,GGA10,349.61351,301.0,299.80001,49.8135,0
U371-H5-VS2-GGA10-Zn(II) 5-Cr(VI) 10-Ni(II) 15 mg-L-14022025-Q=50.52 mL-min-3,U371-H5-VS2-12.02.2025,1,1,,349.85067,774.0,298.5,51.35067,0
U371-H5-VS2-GGA10-Zn(II) 5-Cr(VI) 10-Ni(II) 15 mg-L-14022025-Q=50.52 mL-min-3,U371-H5-VS2-12.02.2025,1,2,,351.59324,1247.0,297.6,53.99324,0
U371-H5-VS2-GGA10-Zn(II) 5-Cr(VI) 10-Ni(II) 15 mg-L-14022025-Q=50.52 mL-min-3,U371-H5-VS2-12.02.2025,1,3,,353.11622,1720.0,300.90001,52.21621,0
U371-H5-VS2-GGA10-Zn(II) 5-Cr(VI) 10-Ni(II) 15 mg-L-14022025-Q=50.52 mL-min-3,U371-H5-VS2-12.02.2025,1,4,,353.47105,2194.0,302.70001,50.77104,0
U371-H5-VS2-GGA10-Zn(II) 5-Cr(VI) 10-Ni(II) 15 mg-L-14022025-Q=50.52 mL-min-3,U371-H5-VS2-12.02.2025,1,5,,354.33648,2667.0,302.70001,51.63647,0
U371-H5-VS2-GGA10-Zn(II) 5-Cr(VI) 10-Ni(II) 15 mg-L-14022025-Q=50.52 mL-min-3,U371-H5-VS2-12.02.2025,1,6,,354.01216,3142.0,305.79999,48.21217,0
U371-H5-VS2-GGA10-Zn(II) 5-Cr(VI) 10-Ni(II) 15 mg-L-14022025-Q=50.52 mL-min-3,U371-H5-VS2-12.02.2025,1,7,GGA10-Zn5-Cr10-Ni15,352.82933,3615.0,302.19999,50.62934,1
U371-H5-VS2-GGA10-Zn(II) 5-Cr(VI) 10-Ni(II) 15 mg-L-14022025-Q=50.52 mL-min-3,U371-H5-VS2-12.02.2025,1,8,,350.05811,4090.0,304.4,45.65811,1
U371-H5-VS2-GGA10-Zn(II) 5-Cr(VI) 10-Ni(II) 15 mg-L-14022025-Q=50.52 mL-min-3,U371-H5-VS2-12.02.2025,1,9,,350.95946,4563.0,304.19999,46.75947,1
U371-H5-VS2-GGA10-Zn(II) 5-Cr(VI) 10-Ni(II) 15 mg-L-14022025-Q=50.52 mL-min-3,U371-H5-VS2-12.02.2025,1,10,,354.01081,5033.0,306.6,47.41081,1
U371-H5-VS2-GGA10-Zn(II) 5-Cr(VI) 10-Ni(II) 15 mg-L-14022025-Q=50.52 mL-min-3,U371-H5-VS2-12.02.2025,1,11,,353.56756,5507.0,305.7,47.86756,1
U371-H5-VS2-GGA10-Zn(II) 5-Cr(VI) 10-Ni(II) 15 mg-L-14022025-Q=50.52 mL-min-3,U371-H5-VS2-12.02.2025,1,12,,353.37702,5980.0,305.99999,47.37703,1
U371-H5-VS2-GGA10-Zn(II) 5-Cr(VI) 10-Ni(II) 15 mg-L-14022025-Q=50.52 mL-min-3,U371-H5-VS2-12.02.2025,1,13,,351.388,6454.0,303.99999,47.38801,2
U371-H5-VS2-GGA10-Zn(II) 5-Cr(VI) 10-Ni(II) 15 mg-L-14022025-Q=50.52 mL-min-3,U371-H5-VS2-12.02.2025,1,14,,349.23289,6926.0,303.99999,45.2329,2
U371-H5-VS2-GGA10-Zn(II) 5-Cr(VI) 10-Ni(II) 15 mg-L-14022025-Q=50.52 mL-min-3,U371-H5-VS2-12.02.2025,1,15,,349.67568,7401.0,302.8,46.87568,2
U371-H5-VS2-GGA20- Zn(II) 10-Cr(VI) 10-Ni(II) 15 mg-L-1422025-Q=50.4 mL-min-4,U371-H5-VS2-12.02.2025,2,0,GGA20,349.16757,301.0,296.60001,52.56756,0
U371-H5-VS2-GGA20- Zn(II) 10-Cr(VI) 10-Ni(II) 15 mg-L-1422025-Q=50.4 mL-min-4,U371-H5-VS2-12.02.2025,2,1,,350.90811,774.0,295.6,55.30811,0
U371-H5-VS2-GGA20- Zn(II) 10-Cr(VI) 10-Ni(II) 15 mg-L-1422025-Q=50.4 mL-min-4,U371-H5-VS2-12.02.2025,2,2,,353.73648,1246.0,299.2,54.53648,0
U371-H5-VS2-GGA20- Zn(II) 10-Cr(VI) 10-Ni(II) 15 mg-L-1422025-Q=50.4 mL-min-4,U371-H5-VS2-12.02.2025,2,3,,350.44533,1722.0,301.2,49.24533,0
U371-H5-VS2-GGA20- Zn(II) 10-Cr(VI) 10-Ni(II) 15 mg-L-1422025-Q=50.4 mL-min-4,U371-H5-VS2-12.02.2025,2,4,,348.29594,2194.0,292.69999,55.59595,0
U371-H5-VS2-GGA20- Zn(II) 10-Cr(VI) 10-Ni(II) 15 mg-L-1422025-Q=50.4 mL-min-4,U371-H5-VS2-12.02.2025,2,5,,352.07297,2667.0,298.40001,53.67296,0
U371-H5-VS2-GGA20- Zn(II) 10-Cr(VI) 10-Ni(II) 15 mg-L-1422025-Q=50.4 mL-min-4,U371-H5-VS2-12.02.2025,2,6,GGA20-Zn10-Cr10-Ni15,355.93947,3138.0,301.80001,54.13946,1
U371-H5-VS2-GGA20- Zn(II) 10-Cr(VI) 10-Ni(II) 15 mg-L-1422025-Q=50.4 mL-min-4,U371-H5-VS2-12.02.2025,2,7,,353.52703,3614.0,298.7,54.82703,1
U371-H5-VS2-GGA20- Zn(II) 10-Cr(VI) 10-Ni(II) 15 mg-L-1422025-Q=50.4 mL-min-4,U371-H5-VS2-12.02.2025,2,8,,348.21351,4088.0,299.2,49.01351,1
U371-H5-VS2-GGA20- Zn(II) 10-Cr(VI) 10-Ni(II) 15 mg-L-1422025-Q=50.4 mL-min-4,U371-H5-VS2-12.02.2025,2,9,,351.2473,4563.0,300.59999,50.64731,1
U371-H5-VS2-GGA20- Zn(II) 10-Cr(VI) 10-Ni(II) 15 mg-L-1422025-Q=50.4 mL-min-4,U371-H5-VS2-12.02.2025,2,10,,352.93553,5035.0,307.3,45.63553,1
U371-H5-VS2-GGA20- Zn(II) 10-Cr(VI) 10-Ni(II) 15 mg-L-1422025-Q=50.4 mL-min-4,U371-H5-VS2-12.02.2025,2,11,,352.1,5509.0,302.19999,49.90001,1
U371-H5-VS2-GGA20- Zn(II) 10-Cr(VI) 10-Ni(II) 15 mg-L-1422025-Q=50.4 mL-min-4,U371-H5-VS2-12.02.2025,2,12,,347.31622,5982.0,301.60001,45.71621,1
U371-H5-VS2-GGA20- Zn(II) 10-Cr(VI) 10-Ni(II) 15 mg-L-1422025-Q=50.4 mL-min-4,U371-H5-VS2-12.02.2025,2,13,,349.76081,6455.0,303.7,46.06081,1
U371-H5-VS2-GGA20- Zn(II) 10-Cr(VI) 10-Ni(II) 15 mg-L-1422025-Q=50.4 mL-min-4,U371-H5-VS2-12.02.2025,2,14,,352.67432,6931.0,308.7,43.97432,2
U371-H5-VS2-GGA20- Zn(II) 10-Cr(VI) 10-Ni(II) 15 mg-L-1422025-Q=50.4 mL-min-4,U371-H5-VS2-12.02.2025,2,15,,351.41892,7406.0,308.9,42.51892,2
U372-H6-VS2-GGA10-Zn(II) 5-Cr(VI) 10-Ni(II) 5 mg-L-14022025-Q=50.44 mL-min-5,U372-H6-VS2-12.02.2025,0,0,GGA10,322.28514,301.0,246.00001,76.28513,0
U372-H6-VS2-GGA10-Zn(II) 5-Cr(VI) 10-Ni(II) 5 mg-L-14022025-Q=50.44 mL-min-5,U372-H6-VS2-12.02.2025,0,1,,320.88816,774.0,239.89999,80.98817,0
U372-H6-VS2-GGA10-Zn(II) 5-Cr(VI) 10-Ni(II) 5 mg-L-14022025-Q=50.44 mL-min-5,U372-H6-VS2-12.02.2025,0,2,,317.40406,1249.0,244.9,72.50406,0
U372-H6-VS2-GGA10-Zn(II) 5-Cr(VI) 10-Ni(II) 5 mg-L-14022025-Q=50.44 mL-min-5,U372-H6-VS2-12.02.2025,0,3,,316.52973,1722.0,246.7,69.82973,0
U372-H6-VS2-GGA10-Zn(II) 5-Cr(VI) 10-Ni(II) 5 mg-L-14022025-Q=50.44 mL-min-5,U372-H6-VS2-12.02.2025,0,4,,315.8,2194.0,234.8,81.0,0
U372-H6-VS2-GGA10-Zn(II) 5-Cr(VI) 10-Ni(II) 5 mg-L-14022025-Q=50.44 mL-min-5,U372-H6-VS2-12.02.2025,0,5,,317.39324,2668.0,245.6,71.79324,0
U372-H6-VS2-GGA10-Zn(II) 5-Cr(VI) 10-Ni(II) 5 mg-L-14022025-Q=50.44 mL-min-5,U372-H6-VS2-12.02.2025,0,6,GGA10-Zn5-Cr10-Ni5,313.56486,3142.0,249.0,64.56486,1
U372-H6-VS2-GGA10-Zn(II) 5-Cr(VI) 10-Ni(II) 5 mg-L-14022025-Q=50.44 mL-min-5,U372-H6-VS2-12.02.2025,0,7,,312.70405,3617.0,254.09999,58.60406,1
U372-H6-VS2-GGA10-Zn(II) 5-Cr(VI) 10-Ni(II) 5 mg-L-14022025-Q=50.44 mL-min-5,U372-H6-VS2-12.02.2025,0,8,,316.97432,4092.0,269.80001,47.17431,2
U372-H6-VS2-GGA10-Zn(II) 5-Cr(VI) 10-Ni(II) 5 mg-L-14022025-Q=50.44 mL-min-5,U372-H6-VS2-12.02.2025,0,9,,322.30135,4564.0,269.49999,52.80136,2
U372-H6-VS2-GGA10-Zn(II) 5-Cr(VI) 10-Ni(II) 5 mg-L-14022025-Q=50.44 mL-min-5,U372-H6-VS2-12.02.2025,0,10,,324.65541,5040.0,273.20001,51.4554,2
U372-H6-VS2-GGA10-Zn(II) 5-Cr(VI) 10-Ni(II) 15 mg-L-14022025-Q=50.08 mL-min-4,U372-H6-VS2-12.02.2025,1,0,GGA10,346.41333,301.0,300.00001,46.41332,0
U372-H6-VS2-GGA10-Zn(II) 5-Cr(VI) 10-Ni(II) 15 mg-L-14022025-Q=50.08 mL-min-4,U372-H6-VS2-12.02.2025,1,1,,347.05405,775.0,304.30001,42.75404,0
U372-H6-VS2-GGA10-Zn(II) 5-Cr(VI) 10-Ni(II) 15 mg-L-14022025-Q=50.08 mL-min-4,U372-H6-VS2-12.02.2025,1,2,,346.06216,1249.0,303.79999,42.26217,0
U372-H6-VS2-GGA10-Zn(II) 5-Cr(VI) 10-Ni(II) 15 mg-L-14022025-Q=50.08 mL-min-4,U372-H6-VS2-12.02.2025,1,3,,347.12703,1723.0,305.90001,41.22702,0
U372-H6-VS2-GGA10-Zn(II) 5-Cr(VI) 10-Ni(II) 15 mg-L-14022025-Q=50.08 mL-min-4,U372-H6-VS2-12.02.2025,1,4,,347.03243,2196.0,305.90001,41.13242,0
U372-H6-VS2-GGA10-Zn(II) 5-Cr(VI) 10-Ni(II) 15 mg-L-14022025-Q=50.08 mL-min-4,U372-H6-VS2-12.02.2025,1,5,,348.83514,2674.0,311.89999,36.93515,0
U372-H6-VS2-GGA10-Zn(II) 5-Cr(VI) 10-Ni(II) 15 mg-L-14022025-Q=50.08 mL-min-4,U372-H6-VS2-12.02.2025,1,6,GGA10-Zn5-Cr10-Ni15,349.63649,3140.0,300.50001,49.13648,1
U372-H6-VS2-GGA10-Zn(II) 5-Cr(VI) 10-Ni(II) 15 mg-L-14022025-Q=50.08 mL-min-4,U372-H6-VS2-12.02.2025,1,7,,346.41757,3618.0,302.70001,43.71756,1
U372-H6-VS2-GGA10-Zn(II) 5-Cr(VI) 10-Ni(II) 15 mg-L-14022025-Q=50.08 mL-min-4,U372-H6-VS2-12.02.2025,1,8,,347.64342,4089.0,307.70001,39.94341,1
U372-H6-VS2-GGA10-Zn(II) 5-Cr(VI) 10-Ni(II) 15 mg-L-14022025-Q=50.08 mL-min-4,U372-H6-VS2-12.02.2025,1,9,,347.13378,4565.0,309.19999,37.93379,1
U372-H6-VS2-GGA10-Zn(II) 5-Cr(VI) 10-Ni(II) 15 mg-L-14022025-Q=50.08 mL-min-4,U372-H6-VS2-12.02.2025,1,10,,347.12297,5036.0,310.0,37.12297,1
U372-H6-VS2-GGA10-Zn(II) 5-Cr(VI) 10-Ni(II) 15 mg-L-14022025-Q=50.08 mL-min-4,U372-H6-VS2-12.02.2025,1,11,,347.63784,5511.0,312.09999,35.53785,1
U372-H6-VS2-GGA10-Zn(II) 5-Cr(VI) 10-Ni(II) 15 mg-L-14022025-Q=50.08 mL-min-4,U372-H6-VS2-12.02.2025,1,12,,343.18243,5983.0,307.1,36.08243,1
U372-H6-VS2-GGA10-Zn(II) 5-Cr(VI) 10-Ni(II) 15 mg-L-14022025-Q=50.08 mL-min-4,U372-H6-VS2-12.02.2025,1,13,,342.40676,6458.0,309.8,32.60676,2
U372-H6-VS2-GGA10-Zn(II) 5-Cr(VI) 10-Ni(II) 15 mg-L-14022025-Q=50.08 mL-min-4,U372-H6-VS2-12.02.2025,1,14,,344.20541,6933.0,312.20001,32.0054,2
U372-H6-VS2-GGA20- Zn(II) 10-Cr(VI) 15-Ni(II) 5 mg-L-1422025-Q=50.64 mL-min-4,U372-H6-VS2-12.02.2025,2,0,GGA20,345.97162,301.0,302.70001,43.27161,0
U372-H6-VS2-GGA20- Zn(II) 10-Cr(VI) 15-Ni(II) 5 mg-L-1422025-Q=50.64 mL-min-4,U372-H6-VS2-12.02.2025,2,1,,347.34342,773.0,303.29999,44.04343,0
U372-H6-VS2-GGA20- Zn(II) 10-Cr(VI) 15-Ni(II) 5 mg-L-1422025-Q=50.64 mL-min-4,U372-H6-VS2-12.02.2025,2,2,,344.33513,1248.0,298.20001,46.13512,0
U372-H6-VS2-GGA20- Zn(II) 10-Cr(VI) 15-Ni(II) 5 mg-L-1422025-Q=50.64 mL-min-4,U372-H6-VS2-12.02.2025,2,3,,341.652,1722.0,298.40001,43.25199,0
U372-H6-VS2-GGA20- Zn(II) 10-Cr(VI) 15-Ni(II) 5 mg-L-1422025-Q=50.64 mL-min-4,U372-H6-VS2-12.02.2025,2,4,,345.54324,2194.0,302.39999,43.14325,0
U372-H6-VS2-GGA20- Zn(II) 10-Cr(VI) 15-Ni(II) 5 mg-L-1422025-Q=50.64 mL-min-4,U372-H6-VS2-12.02.2025,2,5,GGA20-Zn10-Cr15-Ni5,350.98784,2668.0,303.0,47.98784,1
U372-H6-VS2-GGA20- Zn(II) 10-Cr(VI) 15-Ni(II) 5 mg-L-1422025-Q=50.64 mL-min-4,U372-H6-VS2-12.02.2025,2,6,,346.76216,3141.0,305.20001,41.56215,1
U372-H6-VS2-GGA20- Zn(II) 10-Cr(VI) 15-Ni(II) 5 mg-L-1422025-Q=50.64 mL-min-4,U372-H6-VS2-12.02.2025,2,7,,342.95135,3613.0,303.40001,39.55134,1
U372-H6-VS2-GGA20- Zn(II) 10-Cr(VI) 15-Ni(II) 5 mg-L-1422025-Q=50.64 mL-min-4,U372-H6-VS2-12.02.2025,2,8,,346.81316,4088.0,306.89999,39.91317,1
U372-H6-VS2-GGA20- Zn(II) 10-Cr(VI) 15-Ni(II) 5 mg-L-1422025-Q=50.64 mL-min-4,U372-H6-VS2-12.02.2025,2,9,,348.59865,4563.0,309.8,38.79865,1
U372-H6-VS2-GGA20- Zn(II) 10-Cr(VI) 15-Ni(II) 5 mg-L-1422025-Q=50.64 mL-min-4,U372-H6-VS2-12.02.2025,2,10,,346.41622,5034.0,307.90001,38.51621,1
U372-H6-VS2-GGA20- Zn(II) 10-Cr(VI) 15-Ni(II) 5 mg-L-1422025-Q=50.64 mL-min-4,U372-H6-VS2-12.02.2025,2,11,,342.812,5508.0,306.10001,36.71199,1
U372-H6-VS2-GGA20- Zn(II) 10-Cr(VI) 15-Ni(II) 5 mg-L-1422025-Q=50.64 mL-min-4,U372-H6-VS2-12.02.2025,2,12,,346.12973,5982.0,311.4,34.72973,2
U372-H6-VS2-GGA20- Zn(II) 10-Cr(VI) 15-Ni(II) 5 mg-L-1422025-Q=50.64 mL-min-4,U372-H6-VS2-12.02.2025,2,13,,347.24054,6455.0,313.69999,33.54055,2
U372-H6-VS2-GGA20- Zn(II) 10-Cr(VI) 15-Ni(II) 5 mg-L-1422025-Q=50.64 mL-min-4,U372-H6-VS2-12.02.2025,2,14,,348.26316,6928.0,312.99999,35.26317,2
U373-H5-VS2-GGA5-Zn(II) 5-Cr(VI) 5-Ni(II) 15 mg-L-17022025-Q=50.38 mL-min-4,U373-H5-VS2-15.02.2025,0,0,GGA5,327.40675,301.0,257.09999,70.30676,0
U373-H5-VS2-GGA5-Zn(II) 5-Cr(VI) 5-Ni(II) 15 mg-L-17022025-Q=50.38 mL-min-4,U373-H5-VS2-15.02.2025,0,1,,325.61352,774.0,255.80001,69.81351,0
U373-H5-VS2-GGA5-Zn(II) 5-Cr(VI) 5-Ni(II) 15 mg-L-17022025-Q=50.38 mL-min-4,U373-H5-VS2-15.02.2025,0,2,,322.69067,1249.0,256.00001,66.69066,0
U373-H5-VS2-GGA5-Zn(II) 5-Cr(VI) 5-Ni(II) 15 mg-L-17022025-Q=50.38 mL-min-4,U373-H5-VS2-15.02.2025,0,3,,321.15789,1721.0,249.9,71.25789,0
U373-H5-VS2-GGA5-Zn(II) 5-Cr(VI) 5-Ni(II) 15 mg-L-17022025-Q=50.38 mL-min-4,U373-H5-VS2-15.02.2025,0,4,,330.09865,2194.0,262.69999,67.39866,0
U373-H5-VS2-GGA5-Zn(II) 5-Cr(VI) 5-Ni(II) 15 mg-L-17022025-Q=50.38 mL-min-4,U373-H5-VS2-15.02.2025,0,5,,336.62433,2666.0,267.69999,68.92434,0
U373-H5-VS2-GGA5-Zn(II) 5-Cr(VI) 5-Ni(II) 15 mg-L-17022025-Q=50.38 mL-min-4,U373-H5-VS2-15.02.2025,0,6,GGA5-Zn5-Cr5-Ni15,339.22027,3142.0,265.1,74.12027,1
U373-H5-VS2-GGA5-Zn(II) 5-Cr(VI) 5-Ni(II) 15 mg-L-17022025-Q=50.38 mL-min-4,U373-H5-VS2-15.02.2025,0,7,,340.5973,3616.0,284.70001,55.89729,1
U373-H5-VS2-GGA5-Zn(II) 5-Cr(VI) 5-Ni(II) 15 mg-L-17022025-Q=50.38 mL-min-4,U373-H5-VS2-15.02.2025,0,8,,343.46757,4089.0,295.1,48.36757,1
U373-H5-VS2-GGA5-Zn(II) 5-Cr(VI) 5-Ni(II) 15 mg-L-17022025-Q=50.38 mL-min-4,U373-H5-VS2-15.02.2025,0,9,,344.70946,4561.0,302.30001,42.40945,1
U373-H5-VS2-GGA5-Zn(II) 5-Cr(VI) 5-Ni(II) 15 mg-L-17022025-Q=50.38 mL-min-4,U373-H5-VS2-15.02.2025,0,10,,345.22297,5037.0,308.09999,37.12298,1
U373-H5-VS2-GGA5-Zn(II) 5-Cr(VI) 5-Ni(II) 15 mg-L-17022025-Q=50.38 mL-min-4,U373-H5-VS2-15.02.2025,0,11,,346.12297,5509.0,314.3,31.82297,1
U373-H5-VS2-GGA5-Zn(II) 5-Cr(VI) 5-Ni(II) 15 mg-L-17022025-Q=50.38 mL-min-4,U373-H5-VS2-15.02.2025,0,12,,345.5554,5984.0,314.90001,30.65539,1
U373-H5-VS2-GGA5-Zn(II) 5-Cr(VI) 5-Ni(II) 15 mg-L-17022025-Q=50.38 mL-min-4,U373-H5-VS2-15.02.2025,0,13,,345.82105,6456.0,317.60001,28.22104,2
U373-H5-VS2-GGA5-Zn(II) 5-Cr(VI) 5-Ni(II) 15 mg-L-17022025-Q=50.38 mL-min-4,U373-H5-VS2-15.02.2025,0,14,,345.25811,6930.0,318.30001,26.9581,2
U373-H5-VS2-GGA10-Zn(II) 5-Cr(VI) 10-Ni(II) 15 mg-L-17022025-Q=50.76 mL-min-5,U373-H5-VS2-15.02.2025,1,0,GGA10,340.94189,301.0,304.6,36.34189,0
U373-H5-VS2-GGA10-Zn(II) 5-Cr(VI) 10-Ni(II) 15 mg-L-17022025-Q=50.76 mL-min-5,U373-H5-VS2-15.02.2025,1,1,,341.58379,773.0,307.59999,33.9838,0
U373-H5-VS2-GGA10-Zn(II) 5-Cr(VI) 10-Ni(II) 15 mg-L-17022025-Q=50.76 mL-min-5,U373-H5-VS2-15.02.2025,1,2,,342.41757,1247.0,305.5,36.91757,0
U373-H5-VS2-GGA10-Zn(II) 5-Cr(VI) 10-Ni(II) 15 mg-L-17022025-Q=50.76 mL-min-5,U373-H5-VS2-15.02.2025,1,3,,342.56892,1721.0,303.99999,38.56893,0
U373-H5-VS2-GGA10-Zn(II) 5-Cr(VI) 10-Ni(II) 15 mg-L-17022025-Q=50.76 mL-min-5,U373-H5-VS2-15.02.2025,1,4,,342.85,2193.0,302.6,40.25,0
U373-H5-VS2-GGA10-Zn(II) 5-Cr(VI) 10-Ni(II) 15 mg-L-17022025-Q=50.76 mL-min-5,U373-H5-VS2-15.02.2025,1,5,,342.52703,2667.0,303.40001,39.12702,0
U373-H5-VS2-GGA10-Zn(II) 5-Cr(VI) 10-Ni(II) 15 mg-L-17022025-Q=50.76 mL-min-5,U373-H5-VS2-15.02.2025,1,6,GGA10-Zn5-Cr10-Ni15,345.32162,3141.0,305.3,40.02162,1
U373-H5-VS2-GGA10-Zn(II) 5-Cr(VI) 10-Ni(II) 15 mg-L-17022025-Q=50.76 mL-min-5,U373-H5-VS2-15.02.2025,1,7,,344.892,3612.0,313.49999,31.39201,1
U373-H5-VS2-GGA10-Zn(II) 5-Cr(VI) 10-Ni(II) 15 mg-L-17022025-Q=50.76 mL-min-5,U373-H5-VS2-15.02.2025,1,8,,343.5973,4086.0,316.70001,26.89729,1
U373-H5-VS2-GGA10-Zn(II) 5-Cr(VI) 10-Ni(II) 15 mg-L-17022025-Q=50.76 mL-min-5,U373-H5-VS2-15.02.2025,1,9,,344.03514,4556.0,320.89999,23.13515,1
U373-H5-VS2-GGA10-Zn(II) 5-Cr(VI) 10-Ni(II) 15 mg-L-17022025-Q=50.76 mL-min-5,U373-H5-VS2-15.02.2025,1,10,,345.44324,5029.0,325.1,20.34324,2
U373-H5-VS2-GGA10-Zn(II) 5-Cr(VI) 10-Ni(II) 15 mg-L-17022025-Q=50.76 mL-min-5,U373-H5-VS2-15.02.2025,1,11,,344.64459,5504.0,325.89999,18.7446,2
U373-H5-VS2-GGA20- Zn(II) 10-Cr(VI) 10-Ni(II) 15 mg-L-1722025-Q=50.46 mL-min-5,U373-H5-VS2-15.02.2025,2,0,GGA20,342.82838,301.0,306.30001,36.52837,0
U373-H5-VS2-GGA20- Zn(II) 10-Cr(VI) 10-Ni(II) 15 mg-L-1722025-Q=50.46 mL-min-5,U373-H5-VS2-15.02.2025,2,1,,342.50667,775.0,304.69999,37.80668,0
U373-H5-VS2-GGA20- Zn(II) 10-Cr(VI) 10-Ni(II) 15 mg-L-1722025-Q=50.46 mL-min-5,U373-H5-VS2-15.02.2025,2,2,,344.01621,1247.0,309.50001,34.5162,0
U373-H5-VS2-GGA20- Zn(II) 10-Cr(VI) 10-Ni(II) 15 mg-L-1722025-Q=50.46 mL-min-5,U373-H5-VS2-15.02.2025,2,3,,344.12567,1722.0,304.10001,40.02566,0
U373-H5-VS2-GGA20- Zn(II) 10-Cr(VI) 10-Ni(II) 15 mg-L-1722025-Q=50.46 mL-min-5,U373-H5-VS2-15.02.2025,2,4,,344.30811,2196.0,305.00001,39.3081,0
U373-H5-VS2-GGA20- Zn(II) 10-Cr(VI) 10-Ni(II) 15 mg-L-1722025-Q=50.46 mL-min-5,U373-H5-VS2-15.02.2025,2,5,,344.47162,2671.0,307.39999,37.07163,0
U373-H5-VS2-GGA20- Zn(II) 10-Cr(VI) 10-Ni(II) 15 mg-L-1722025-Q=50.46 mL-min-5,U373-H5-VS2-15.02.2025,2,6,GGA20-Zn10-Cr10-Ni15,350.08919,3139.0,317.40001,32.68918,1
U373-H5-VS2-GGA20- Zn(II) 10-Cr(VI) 10-Ni(II) 15 mg-L-1722025-Q=50.46 mL-min-5,U373-H5-VS2-15.02.2025,2,7,,349.17368,3615.0,321.1,28.07368,1
U373-H5-VS2-GGA20- Zn(II) 10-Cr(VI) 10-Ni(II) 15 mg-L-1722025-Q=50.46 mL-min-5,U373-H5-VS2-15.02.2025,2,8,,348.97432,4090.0,321.39999,27.57433,1
U373-H5-VS2-GGA20- Zn(II) 10-Cr(VI) 10-Ni(II) 15 mg-L-1722025-Q=50.46 mL-min-5,U373-H5-VS2-15.02.2025,2,9,,349.94869,4560.0,325.19999,24.7487,1
U373-H5-VS2-GGA20- Zn(II) 10-Cr(VI) 10-Ni(II) 15 mg-L-1722025-Q=50.46 mL-min-5,U373-H5-VS2-15.02.2025,2,10,,350.3427,5031.0,330.1,20.2427,1
U373-H5-VS2-GGA20- Zn(II) 10-Cr(VI) 10-Ni(II) 15 mg-L-1722025-Q=50.46 mL-min-5,U373-H5-VS2-15.02.2025,2,11,,349.45843,5507.0,327.49999,21.95844,1
U373-H5-VS2-GGA20- Zn(II) 10-Cr(VI) 10-Ni(II) 15 mg-L-1722025-Q=50.46 mL-min-5,U373-H5-VS2-15.02.2025,2,12,,349.67865,5984.0,328.3,21.37865,1
U373-H5-VS2-GGA20- Zn(II) 10-Cr(VI) 10-Ni(II) 15 mg-L-1722025-Q=50.46 mL-min-5,U373-H5-VS2-15.02.2025,2,13,,351.02921,6454.0,331.60001,19.4292,2
U373-H5-VS2-GGA20- Zn(II) 10-Cr(VI) 10-Ni(II) 15 mg-L-1722025-Q=50.46 mL-min-5,U373-H5-VS2-15.02.2025,2,14,,349.85169,6929.0,329.9,19.95169,2
U374-H6-VS2-GGA5-Zn(II) 5-Cr(VI) 10-Ni(II) 5 mg-L-17022025-Q=50.38 mL-min-6,U374-H6-VS2-15.02.2025,0,0,GGA5,309.11892,301.0,243.6,65.51892,0
U374-H6-VS2-GGA5-Zn(II) 5-Cr(VI) 10-Ni(II) 5 mg-L-17022025-Q=50.38 mL-min-6,U374-H6-VS2-15.02.2025,0,1,,307.72568,772.0,243.9,63.82568,0
U374-H6-VS2-GGA5-Zn(II) 5-Cr(VI) 10-Ni(II) 5 mg-L-17022025-Q=50.38 mL-min-6,U374-H6-VS2-15.02.2025,0,2,,306.20946,1248.0,241.9,64.30946,0
U374-H6-VS2-GGA5-Zn(II) 5-Cr(VI) 10-Ni(II) 5 mg-L-17022025-Q=50.38 mL-min-6,U374-H6-VS2-15.02.2025,0,3,,304.44865,1720.0,241.2,63.24865,0
U374-H6-VS2-GGA5-Zn(II) 5-Cr(VI) 10-Ni(II) 5 mg-L-17022025-Q=50.38 mL-min-6,U374-H6-VS2-15.02.2025,0,4,,302.7079,2195.0,238.7,64.0079,0
U374-H6-VS2-GGA5-Zn(II) 5-Cr(VI) 10-Ni(II) 5 mg-L-17022025-Q=50.38 mL-min-6,U374-H6-VS2-15.02.2025,0,5,,309.12703,2667.0,243.8,65.32703,0
U374-H6-VS2-GGA5-Zn(II) 5-Cr(VI) 10-Ni(II) 5 mg-L-17022025-Q=50.38 mL-min-6,U374-H6-VS2-15.02.2025,0,6,GGA5-Zn5-Cr10-Ni5,324.16217,3146.0,271.49999,52.66218,1
U374-H6-VS2-GGA5-Zn(II) 5-Cr(VI) 10-Ni(II) 5 mg-L-17022025-Q=50.38 mL-min-6,U374-H6-VS2-15.02.2025,0,7,,325.62432,3618.0,283.6,42.02432,1
U374-H6-VS2-GGA5-Zn(II) 5-Cr(VI) 10-Ni(II) 5 mg-L-17022025-Q=50.38 mL-min-6,U374-H6-VS2-15.02.2025,0,8,,328.22567,4093.0,289.5,38.72567,1
U374-H6-VS2-GGA5-Zn(II) 5-Cr(VI) 10-Ni(II) 5 mg-L-17022025-Q=50.38 mL-min-6,U374-H6-VS2-15.02.2025,0,9,,328.86081,4566.0,294.9,33.96081,1
U374-H6-VS2-GGA5-Zn(II) 5-Cr(VI) 10-Ni(II) 5 mg-L-17022025-Q=50.38 mL-min-6,U374-H6-VS2-15.02.2025,0,10,,329.41892,5040.0,297.89999,31.51893,1
U374-H6-VS2-GGA5-Zn(II) 5-Cr(VI) 10-Ni(II) 5 mg-L-17022025-Q=50.38 mL-min-6,U374-H6-VS2-15.02.2025,0,11,,329.93333,5514.0,300.39999,29.53334,1
U374-H6-VS2-GGA5-Zn(II) 5-Cr(VI) 10-Ni(II) 5 mg-L-17022025-Q=50.38 mL-min-6,U374-H6-VS2-15.02.2025,0,12,,330.60658,5987.0,305.90001,24.70657,2
U374-H6-VS2-GGA5-Zn(II) 5-Cr(VI) 10-Ni(II) 5 mg-L-17022025-Q=50.38 mL-min-6,U374-H6-VS2-15.02.2025,0,13,,330.08648,6460.0,308.9,21.18648,2
U374-H6-VS2-GGA10-Zn(II) 10-Cr(VI) 15-Ni(II) 5 mg-L-17022025-Q=50.4 mL-min-4,U374-H6-VS2-15.02.2025,1,0,GGA10,336.49054,301.0,303.40001,33.09053,0
U374-H6-VS2-GGA10-Zn(II) 10-Cr(VI) 15-Ni(II) 5 mg-L-17022025-Q=50.4 mL-min-4,U374-H6-VS2-15.02.2025,1,1,,337.1473,773.0,302.70001,34.44729,0
U374-H6-VS2-GGA10-Zn(II) 10-Cr(VI) 15-Ni(II) 5 mg-L-17022025-Q=50.4 mL-min-4,U374-H6-VS2-15.02.2025,1,2,,336.93784,1249.0,306.2,30.73784,0
U374-H6-VS2-GGA10-Zn(II) 10-Cr(VI) 15-Ni(II) 5 mg-L-17022025-Q=50.4 mL-min-4,U374-H6-VS2-15.02.2025,1,3,,335.77703,1721.0,302.89999,32.87704,0
U374-H6-VS2-GGA10-Zn(II) 10-Cr(VI) 15-Ni(II) 5 mg-L-17022025-Q=50.4 mL-min-4,U374-H6-VS2-15.02.2025,1,4,,336.05395,2197.0,303.9,32.15395,0
U374-H6-VS2-GGA10-Zn(II) 10-Cr(VI) 15-Ni(II) 5 mg-L-17022025-Q=50.4 mL-min-4,U374-H6-VS2-15.02.2025,1,5,,334.87973,2670.0,302.39999,32.47974,0
U374-H6-VS2-GGA10-Zn(II) 10-Cr(VI) 15-Ni(II) 5 mg-L-17022025-Q=50.4 mL-min-4,U374-H6-VS2-15.02.2025,1,6,GGA10-Zn10-Cr15-Ni5,342.62027,3141.0,298.40001,44.22026,1
U374-H6-VS2-GGA10-Zn(II) 10-Cr(VI) 15-Ni(II) 5 mg-L-17022025-Q=50.4 mL-min-4,U374-H6-VS2-15.02.2025,1,7,,337.62973,3617.0,304.69999,32.92974,1
U374-H6-VS2-GGA10-Zn(II) 10-Cr(VI) 15-Ni(II) 5 mg-L-17022025-Q=50.4 mL-min-4,U374-H6-VS2-15.02.2025,1,8,,335.83108,4093.0,307.70001,28.13107,1
U374-H6-VS2-GGA10-Zn(II) 10-Cr(VI) 15-Ni(II) 5 mg-L-17022025-Q=50.4 mL-min-4,U374-H6-VS2-15.02.2025,1,9,,335.31081,4559.0,310.09999,25.21082,1
U374-H6-VS2-GGA10-Zn(II) 10-Cr(VI) 15-Ni(II) 5 mg-L-17022025-Q=50.4 mL-min-4,U374-H6-VS2-15.02.2025,1,10,,333.51622,5031.0,310.79999,22.71623,2
U374-H6-VS2-GGA10-Zn(II) 10-Cr(VI) 15-Ni(II) 5 mg-L-17022025-Q=50.4 mL-min-4,U374-H6-VS2-15.02.2025,1,11,,332.49865,5509.0,310.79999,21.69866,2
U374-H6-VS2-GGA20- Zn(II) 10-Cr(VI) 10-Ni(II) 15 mg-L-1722025-Q=50.44 mL-min-6,U374-H6-VS2-15.02.2025,2,0,GGA20,330.86892,301.0,296.5,34.36892,0
U374-H6-VS2-GGA20- Zn(II) 10-Cr(VI) 10-Ni(II) 15 mg-L-1722025-Q=50.44 mL-min-6,U374-H6-VS2-15.02.2025,2,1,,330.83067,772.0,296.29999,34.53068,0
U374-H6-VS2-GGA20- Zn(II) 10-Cr(VI) 10-Ni(II) 15 mg-L-1722025-Q=50.44 mL-min-6,U374-H6-VS2-15.02.2025,2,2,,332.22838,1245.0,295.6,36.62838,0
U374-H6-VS2-GGA20- Zn(II) 10-Cr(VI) 10-Ni(II) 15 mg-L-1722025-Q=50.44 mL-min-6,U374-H6-VS2-15.02.2025,2,3,,332.85676,1719.0,300.39999,32.45677,0
U374-H6-VS2-GGA20- Zn(II) 10-Cr(VI) 10-Ni(II) 15 mg-L-1722025-Q=50.44 mL-min-6,U374-H6-VS2-15.02.2025,2,4,,334.02297,2191.0,303.40001,30.62296,0
U374-H6-VS2-GGA20- Zn(II) 10-Cr(VI) 10-Ni(II) 15 mg-L-1722025-Q=50.44 mL-min-6,U374-H6-VS2-15.02.2025,2,5,,334.35541,2664.0,305.00001,29.3554,0
U374-H6-VS2-GGA20- Zn(II) 10-Cr(VI) 10-Ni(II) 15 mg-L-1722025-Q=50.44 mL-min-6,U374-H6-VS2-15.02.2025,2,6,GGA20-Zn10-Cr10-Ni15,340.44324,3142.0,308.0,32.44324,1
U374-H6-VS2-GGA20- Zn(II) 10-Cr(VI) 10-Ni(II) 15 mg-L-1722025-Q=50.44 mL-min-6,U374-H6-VS2-15.02.2025,2,7,,339.12933,3612.0,313.2,25.92933,1
U374-H6-VS2-GGA20- Zn(II) 10-Cr(VI) 10-Ni(II) 15 mg-L-1722025-Q=50.44 mL-min-6,U374-H6-VS2-15.02.2025,2,8,,337.84026,4086.0,315.10001,22.74025,1
U374-H6-VS2-GGA20- Zn(II) 10-Cr(VI) 10-Ni(II) 15 mg-L-1722025-Q=50.44 mL-min-6,U374-H6-VS2-15.02.2025,2,9,,337.83158,4560.0,314.59999,23.23159,1
U374-H6-VS2-GGA20- Zn(II) 10-Cr(VI) 10-Ni(II) 15 mg-L-1722025-Q=50.44 mL-min-6,U374-H6-VS2-15.02.2025,2,10,,337.36351,5029.0,316.59999,20.76352,1
U374-H6-VS2-GGA20- Zn(II) 10-Cr(VI) 10-Ni(II) 15 mg-L-1722025-Q=50.44 mL-min-6,U374-H6-VS2-15.02.2025,2,11,,337.56892,5506.0,316.8,20.76892,1
U374-H6-VS2-GGA20- Zn(II) 10-Cr(VI) 10-Ni(II) 15 mg-L-1722025-Q=50.44 mL-min-6,U374-H6-VS2-15.02.2025,2,12,,337.24865,5980.0,318.4,18.84865,1
U374-H6-VS2-GGA20- Zn(II) 10-Cr(VI) 10-Ni(II) 15 mg-L-1722025-Q=50.44 mL-min-6,U374-H6-VS2-15.02.2025,2,13,,336.3973,6454.0,316.90001,19.49729,2
U374-H6-VS2-GGA20- Zn(II) 10-Cr(VI) 10-Ni(II) 15 mg-L-1722025-Q=50.44 mL-min-6,U374-H6-VS2-15.02.2025,2,14,,335.16486,6926.0,320.49999,14.66487,2
U374-H6-VS2-GGA20- Zn(II) 10-Cr(VI) 10-Ni(II) 15 mg-L-1722025-Q=50.44 mL-min-6,U374-H6-VS2-15.02.2025,2,15,,332.34595,7404.0,313.80001,18.54594,2
U375-H5-VS2-GGA5-Zn(II) 5-Cr(VI) 10-Ni(II) 15 mg-L-18022025-Q=50 mL-min-1,U375-H5-VS2-16.02.2025,0,0,GGA5,329.38919,301.0,257.7,71.68919,0
U375-H5-VS2-GGA5-Zn(II) 5-Cr(VI) 10-Ni(II) 15 mg-L-18022025-Q=50 mL-min-1,U375-H5-VS2-16.02.2025,0,1,,332.71216,775.0,257.40001,75.31215,0
U375-H5-VS2-GGA5-Zn(II) 5-Cr(VI) 10-Ni(II) 15 mg-L-18022025-Q=50 mL-min-1,U375-H5-VS2-16.02.2025,0,2,,334.73553,1247.0,262.6,72.13553,0
U375-H5-VS2-GGA5-Zn(II) 5-Cr(VI) 10-Ni(II) 15 mg-L-18022025-Q=50 mL-min-1,U375-H5-VS2-16.02.2025,0,3,,334.98378,1721.0,261.90001,73.08377,0
U375-H5-VS2-GGA5-Zn(II) 5-Cr(VI) 10-Ni(II) 15 mg-L-18022025-Q=50 mL-min-1,U375-H5-VS2-16.02.2025,0,4,,335.52162,2195.0,259.7,75.82162,0
U375-H5-VS2-GGA5-Zn(II) 5-Cr(VI) 10-Ni(II) 15 mg-L-18022025-Q=50 mL-min-1,U375-H5-VS2-16.02.2025,0,5,,335.96486,2668.0,262.2,73.76486,0
U375-H5-VS2-GGA5-Zn(II) 5-Cr(VI) 10-Ni(II) 15 mg-L-18022025-Q=50 mL-min-1,U375-H5-VS2-16.02.2025,0,6,GGA5-Zn5-Cr10-Ni15,339.78108,3138.0,284.20001,55.58107,1
U375-H5-VS2-GGA5-Zn(II) 5-Cr(VI) 10-Ni(II) 15 mg-L-18022025-Q=50 mL-min-1,U375-H5-VS2-16.02.2025,0,7,,340.36081,3612.0,295.50001,44.8608,1
U375-H5-VS2-GGA5-Zn(II) 5-Cr(VI) 10-Ni(II) 15 mg-L-18022025-Q=50 mL-min-1,U375-H5-VS2-16.02.2025,0,8,,339.62297,4086.0,301.29999,38.32298,1
U375-H5-VS2-GGA5-Zn(II) 5-Cr(VI) 10-Ni(II) 15 mg-L-18022025-Q=50 mL-min-1,U375-H5-VS2-16.02.2025,0,9,,340.95811,4559.0,303.79999,37.15812,1
U375-H5-VS2-GGA5-Zn(II) 5-Cr(VI) 10-Ni(II) 15 mg-L-18022025-Q=50 mL-min-1,U375-H5-VS2-16.02.2025,0,10,,341.77027,5033.0,307.5,34.27027,1
U375-H5-VS2-GGA5-Zn(II) 5-Cr(VI) 10-Ni(II) 15 mg-L-18022025-Q=50 mL-min-1,U375-H5-VS2-16.02.2025,0,11,,341.76081,5505.0,308.99999,32.76082,2
U375-H5-VS2-GGA5-Zn(II) 5-Cr(VI) 10-Ni(II) 15 mg-L-18022025-Q=50 mL-min-1,U375-H5-VS2-16.02.2025,0,12,,341.12895,5978.0,309.6,31.52895,2
U375-H5-VS2-GGA15-Zn(II) 15-Cr(VI) 5-Ni(II) 10 mg-L-18022025-Q=50.32 mL-min-4,U375-H5-VS2-16.02.2025,1,0,GGA15,339.29054,301.0,290.6,48.69054,0
U375-H5-VS2-GGA15-Zn(II) 15-Cr(VI) 5-Ni(II) 10 mg-L-18022025-Q=50.32 mL-min-4,U375-H5-VS2-16.02.2025,1,1,,338.57838,772.0,294.29999,44.27839,0
U375-H5-VS2-GGA15-Zn(II) 15-Cr(VI) 5-Ni(II) 10 mg-L-18022025-Q=50.32 mL-min-4,U375-H5-VS2-16.02.2025,1,2,,338.59865,1246.0,289.79999,48.79866,0
U375-H5-VS2-GGA15-Zn(II) 15-Cr(VI) 5-Ni(II) 10 mg-L-18022025-Q=50.32 mL-min-4,U375-H5-VS2-16.02.2025,1,3,,339.96351,1721.0,289.60001,50.3635,0
U375-H5-VS2-GGA15-Zn(II) 15-Cr(VI) 5-Ni(II) 10 mg-L-18022025-Q=50.32 mL-min-4,U375-H5-VS2-16.02.2025,1,4,,339.22432,2194.0,288.70001,50.52431,0
U375-H5-VS2-GGA15-Zn(II) 15-Cr(VI) 5-Ni(II) 10 mg-L-18022025-Q=50.32 mL-min-4,U375-H5-VS2-16.02.2025,1,5,,339.86622,2667.0,292.60001,47.26621,0
U375-H5-VS2-GGA15-Zn(II) 15-Cr(VI) 5-Ni(II) 10 mg-L-18022025-Q=50.32 mL-min-4,U375-H5-VS2-16.02.2025,1,6,GGA15-Zn15-Cr5-Ni10,338.26622,3140.0,293.1,45.16622,1
U375-H5-VS2-GGA15-Zn(II) 15-Cr(VI) 5-Ni(II) 10 mg-L-18022025-Q=50.32 mL-min-4,U375-H5-VS2-16.02.2025,1,7,,337.73378,3612.0,299.2,38.53378,1
U375-H5-VS2-GGA15-Zn(II) 15-Cr(VI) 5-Ni(II) 10 mg-L-18022025-Q=50.32 mL-min-4,U375-H5-VS2-16.02.2025,1,8,,339.57027,4087.0,305.3,34.27027,1
U375-H5-VS2-GGA15-Zn(II) 15-Cr(VI) 5-Ni(II) 10 mg-L-18022025-Q=50.32 mL-min-4,U375-H5-VS2-16.02.2025,1,9,,339.83378,4558.0,305.00001,34.83377,1
U375-H5-VS2-GGA15-Zn(II) 15-Cr(VI) 5-Ni(II) 10 mg-L-18022025-Q=50.32 mL-min-4,U375-H5-VS2-16.02.2025,1,10,,342.07297,5034.0,308.09999,33.97298,1
U375-H5-VS2-GGA15-Zn(II) 15-Cr(VI) 5-Ni(II) 10 mg-L-18022025-Q=50.32 mL-min-4,U375-H5-VS2-16.02.2025,1,11,,343.2527,5507.0,310.99999,32.25271,1
U375-H5-VS2-GGA15-Zn(II) 15-Cr(VI) 5-Ni(II) 10 mg-L-18022025-Q=50.32 mL-min-4,U375-H5-VS2-16.02.2025,1,12,,335.75405,5980.0,305.90001,29.85404,2
U375-H5-VS2-GGA15-Zn(II) 15-Cr(VI) 5-Ni(II) 10 mg-L-18022025-Q=50.32 mL-min-4,U375-H5-VS2-16.02.2025,1,13,,332.03243,6453.0,303.0,29.03243,2
U375-H5-VS2-GGA20- Zn(II) 10-Cr(VI) 5-Ni(II) 15 mg-L-1822025-Q=50.2 mL-min-3,U375-H5-VS2-16.02.2025,2,0,GGA20,334.00811,301.0,281.8,52.20811,0
U375-H5-VS2-GGA20- Zn(II) 10-Cr(VI) 5-Ni(II) 15 mg-L-1822025-Q=50.2 mL-min-3,U375-H5-VS2-16.02.2025,2,1,,337.25,772.0,286.59999,50.65001,0
U375-H5-VS2-GGA20- Zn(II) 10-Cr(VI) 5-Ni(II) 15 mg-L-1822025-Q=50.2 mL-min-3,U375-H5-VS2-16.02.2025,2,2,,339.44595,1246.0,290.30001,49.14594,0
U375-H5-VS2-GGA20- Zn(II) 10-Cr(VI) 5-Ni(II) 15 mg-L-1822025-Q=50.2 mL-min-3,U375-H5-VS2-16.02.2025,2,3,,336.92567,1719.0,287.0,49.92567,0
U375-H5-VS2-GGA20- Zn(II) 10-Cr(VI) 5-Ni(II) 15 mg-L-1822025-Q=50.2 mL-min-3,U375-H5-VS2-16.02.2025,2,4,,332.36487,2194.0,287.09999,45.26488,0
U375-H5-VS2-GGA20- Zn(II) 10-Cr(VI) 5-Ni(II) 15 mg-L-1822025-Q=50.2 mL-min-3,U375-H5-VS2-16.02.2025,2,5,,330.50405,2668.0,279.8,50.70405,0
U375-H5-VS2-GGA20- Zn(II) 10-Cr(VI) 5-Ni(II) 15 mg-L-1822025-Q=50.2 mL-min-3,U375-H5-VS2-16.02.2025,2,6,GGA20-Zn10-Cr5-Ni15,327.39079,3147.0,280.9,46.49079,1
U375-H5-VS2-GGA20- Zn(II) 10-Cr(VI) 5-Ni(II) 15 mg-L-1822025-Q=50.2 mL-min-3,U375-H5-VS2-16.02.2025,2,7,,330.18989,3622.0,284.70001,45.48988,1
U375-H5-VS2-GGA20- Zn(II) 10-Cr(VI) 5-Ni(II) 15 mg-L-1822025-Q=50.2 mL-min-3,U375-H5-VS2-16.02.2025,2,8,,332.08652,4095.0,289.5,42.58652,1
U375-H5-VS2-GGA20- Zn(II) 10-Cr(VI) 5-Ni(II) 15 mg-L-1822025-Q=50.2 mL-min-3,U375-H5-VS2-16.02.2025,2,9,,335.30337,4568.0,293.1,42.20337,1
U375-H5-VS2-GGA20- Zn(II) 10-Cr(VI) 5-Ni(II) 15 mg-L-1822025-Q=50.2 mL-min-3,U375-H5-VS2-16.02.2025,2,10,,338.59775,5042.0,297.6,40.99775,1
U375-H5-VS2-GGA20- Zn(II) 10-Cr(VI) 5-Ni(II) 15 mg-L-1822025-Q=50.2 mL-min-3,U375-H5-VS2-16.02.2025,2,11,,336.55393,5513.0,296.60001,39.95392,1
U375-H5-VS2-GGA20- Zn(II) 10-Cr(VI) 5-Ni(II) 15 mg-L-1822025-Q=50.2 mL-min-3,U375-H5-VS2-16.02.2025,2,12,,333.47143,5986.0,294.99999,38.47144,2
U375-H5-VS2-GGA20- Zn(II) 10-Cr(VI) 5-Ni(II) 15 mg-L-1822025-Q=50.2 mL-min-3,U375-H5-VS2-16.02.2025,2,13,,331.58989,6460.0,295.1,36.48989,2
U375-H5-VS2-GGA20- Zn(II) 10-Cr(VI) 5-Ni(II) 15 mg-L-1822025-Q=50.2 mL-min-3,U375-H5-VS2-16.02.2025,2,14,,328.85955,6933.0,291.79999,37.05956,2
U376-H6-VS2-GGA5-Zn(II) 5-Cr(VI) 10-Ni(II) 10 mg-L-18022025-Q=50 mL-min-4,U376-H6-VS2-16.02.2025,0,0,GGA5,322.56216,301.0,263.50001,59.06215,0
U376-H6-VS2-GGA5-Zn(II) 5-Cr(VI) 10-Ni(II) 10 mg-L-18022025-Q=50 mL-min-4,U376-H6-VS2-16.02.2025,0,1,,326.38919,774.0,268.3,58.08919,0
U376-H6-VS2-GGA5-Zn(II) 5-Cr(VI) 10-Ni(II) 10 mg-L-18022025-Q=50 mL-min-4,U376-H6-VS2-16.02.2025,0,2,,326.81448,1248.0,267.30001,59.51447,0
U376-H6-VS2-GGA5-Zn(II) 5-Cr(VI) 10-Ni(II) 10 mg-L-18022025-Q=50 mL-min-4,U376-H6-VS2-16.02.2025,0,3,,327.61757,1721.0,270.39999,57.21758,0
U376-H6-VS2-GGA5-Zn(II) 5-Cr(VI) 10-Ni(II) 10 mg-L-18022025-Q=50 mL-min-4,U376-H6-VS2-16.02.2025,0,4,,329.0973,2195.0,272.8,56.2973,0
U376-H6-VS2-GGA5-Zn(II) 5-Cr(VI) 10-Ni(II) 10 mg-L-18022025-Q=50 mL-min-4,U376-H6-VS2-16.02.2025,0,5,,328.49054,2668.0,272.39999,56.09055,0
U376-H6-VS2-GGA5-Zn(II) 5-Cr(VI) 10-Ni(II) 10 mg-L-18022025-Q=50 mL-min-4,U376-H6-VS2-16.02.2025,0,6,GGA5-Zn5-Cr10-Ni10,333.85541,3140.0,286.3,47.55541,1
U376-H6-VS2-GGA5-Zn(II) 5-Cr(VI) 10-Ni(II) 10 mg-L-18022025-Q=50 mL-min-4,U376-H6-VS2-16.02.2025,0,7,,335.25405,3614.0,301.09999,34.15406,1
U376-H6-VS2-GGA5-Zn(II) 5-Cr(VI) 10-Ni(II) 10 mg-L-18022025-Q=50 mL-min-4,U376-H6-VS2-16.02.2025,0,8,,334.42703,4088.0,304.4,30.02703,1
U376-H6-VS2-GGA5-Zn(II) 5-Cr(VI) 10-Ni(II) 10 mg-L-18022025-Q=50 mL-min-4,U376-H6-VS2-16.02.2025,0,9,,334.07162,4561.0,307.59999,26.47163,1
U376-H6-VS2-GGA5-Zn(II) 5-Cr(VI) 10-Ni(II) 10 mg-L-18022025-Q=50 mL-min-4,U376-H6-VS2-16.02.2025,0,10,,333.55406,5037.0,309.39999,24.15407,2
U376-H6-VS2-GGA5-Zn(II) 5-Cr(VI) 10-Ni(II) 10 mg-L-18022025-Q=50 mL-min-4,U376-H6-VS2-16.02.2025,0,11,,335.84459,5507.0,312.00001,23.84458,2
U376-H6-VS2-GGA5-Zn(II) 5-Cr(VI) 10-Ni(II) 10 mg-L-18022025-Q=50 mL-min-4,U376-H6-VS2-16.02.2025,0,12,,337.78784,5981.0,316.59999,21.18785,2
U376-H6-VS2-GGA15-Zn(II) 15-Cr(VI) 5-Ni(II) 5 mg-L-18022025-Q=50.24 mL-min-3,U376-H6-VS2-16.02.2025,1,0,GGA15,337.47162,301.0,303.7,33.77162,0
U376-H6-VS2-GGA15-Zn(II) 15-Cr(VI) 5-Ni(II) 5 mg-L-18022025-Q=50.24 mL-min-3,U376-H6-VS2-16.02.2025,1,1,,337.3054,774.0,303.20001,34.10539,0
U376-H6-VS2-GGA15-Zn(II) 15-Cr(VI) 5-Ni(II) 5 mg-L-18022025-Q=50.24 mL-min-3,U376-H6-VS2-16.02.2025,1,2,,337.62162,1247.0,301.40001,36.22161,0
U376-H6-VS2-GGA15-Zn(II) 15-Cr(VI) 5-Ni(II) 5 mg-L-18022025-Q=50.24 mL-min-3,U376-H6-VS2-16.02.2025,1,3,,338.53243,1721.0,303.7,34.83243,0
U376-H6-VS2-GGA15-Zn(II) 15-Cr(VI) 5-Ni(II) 5 mg-L-18022025-Q=50.24 mL-min-3,U376-H6-VS2-16.02.2025,1,4,,338.85467,2196.0,304.6,34.25467,0
U376-H6-VS2-GGA15-Zn(II) 15-Cr(VI) 5-Ni(II) 5 mg-L-18022025-Q=50.24 mL-min-3,U376-H6-VS2-16.02.2025,1,5,,337.98108,2670.0,303.79999,34.18109,0
U376-H6-VS2-GGA15-Zn(II) 15-Cr(VI) 5-Ni(II) 5 mg-L-18022025-Q=50.24 mL-min-3,U376-H6-VS2-16.02.2025,1,6,GGA15-Zn15-Cr5-Ni5,344.37433,3140.0,304.69999,39.67434,1
U376-H6-VS2-GGA15-Zn(II) 15-Cr(VI) 5-Ni(II) 5 mg-L-18022025-Q=50.24 mL-min-3,U376-H6-VS2-16.02.2025,1,7,,342.97027,3618.0,308.60001,34.37026,1
U376-H6-VS2-GGA15-Zn(II) 15-Cr(VI) 5-Ni(II) 5 mg-L-18022025-Q=50.24 mL-min-3,U376-H6-VS2-16.02.2025,1,8,,341.41579,4089.0,309.89999,31.5158,1
U376-H6-VS2-GGA15-Zn(II) 15-Cr(VI) 5-Ni(II) 5 mg-L-18022025-Q=50.24 mL-min-3,U376-H6-VS2-16.02.2025,1,9,,341.3446,4561.0,311.4,29.9446,1
U376-H6-VS2-GGA15-Zn(II) 15-Cr(VI) 5-Ni(II) 5 mg-L-18022025-Q=50.24 mL-min-3,U376-H6-VS2-16.02.2025,1,10,,340.79595,5034.0,313.69999,27.09596,1
U376-H6-VS2-GGA15-Zn(II) 15-Cr(VI) 5-Ni(II) 5 mg-L-18022025-Q=50.24 mL-min-3,U376-H6-VS2-16.02.2025,1,11,,340.77162,5510.0,314.59999,26.17163,2
U376-H6-VS2-GGA15-Zn(II) 15-Cr(VI) 5-Ni(II) 5 mg-L-18022025-Q=50.24 mL-min-3,U376-H6-VS2-16.02.2025,1,12,,335.66892,5985.0,310.09999,25.56893,2
U376-H6-VS2-GGA15-Zn(II) 15-Cr(VI) 5-Ni(II) 5 mg-L-18022025-Q=50.24 mL-min-3,U376-H6-VS2-16.02.2025,1,13,,332.02973,6456.0,307.59999,24.42974,2
U376-H6-VS2-GGA20- Zn(II) 10-Cr(VI) 10-Ni(II) 5 mg-L-1822025-Q=50.64 mL-min-4,U376-H6-VS2-16.02.2025,2,0,GGA20,320.41622,301.0,279.50001,40.91621,0
U376-H6-VS2-GGA20- Zn(II) 10-Cr(VI) 10-Ni(II) 5 mg-L-1822025-Q=50.64 mL-min-4,U376-H6-VS2-16.02.2025,2,1,,320.99054,775.0,282.90001,38.09053,0
U376-H6-VS2-GGA20- Zn(II) 10-Cr(VI) 10-Ni(II) 5 mg-L-1822025-Q=50.64 mL-min-4,U376-H6-VS2-16.02.2025,2,2,,322.80135,1250.0,284.1,38.70135,0
U376-H6-VS2-GGA20- Zn(II) 10-Cr(VI) 10-Ni(II) 5 mg-L-1822025-Q=50.64 mL-min-4,U376-H6-VS2-16.02.2025,2,3,,323.82027,1722.0,281.1,42.72027,0
U376-H6-VS2-GGA20- Zn(II) 10-Cr(VI) 10-Ni(II) 5 mg-L-1822025-Q=50.64 mL-min-4,U376-H6-VS2-16.02.2025,2,4,,318.73919,2196.0,280.49999,38.2392,0
U376-H6-VS2-GGA20- Zn(II) 10-Cr(VI) 10-Ni(II) 5 mg-L-1822025-Q=50.64 mL-min-4,U376-H6-VS2-16.02.2025,2,5,,316.35676,2668.0,275.90001,40.45675,0
U376-H6-VS2-GGA20- Zn(II) 10-Cr(VI) 10-Ni(II) 5 mg-L-1822025-Q=50.64 mL-min-4,U376-H6-VS2-16.02.2025,2,6,GGA20-Zn10-Cr10-Ni5,318.05132,3147.0,278.2,39.85132,1
U376-H6-VS2-GGA20- Zn(II) 10-Cr(VI) 10-Ni(II) 5 mg-L-1822025-Q=50.64 mL-min-4,U376-H6-VS2-16.02.2025,2,7,,319.73919,3618.0,280.60001,39.13918,1
U376-H6-VS2-GGA20- Zn(II) 10-Cr(VI) 10-Ni(II) 5 mg-L-1822025-Q=50.64 mL-min-4,U376-H6-VS2-16.02.2025,2,8,,322.74324,4093.0,288.30001,34.44323,1
U376-H6-VS2-GGA20- Zn(II) 10-Cr(VI) 10-Ni(II) 5 mg-L-1822025-Q=50.64 mL-min-4,U376-H6-VS2-16.02.2025,2,9,,325.85676,4566.0,292.4,33.45676,1
U376-H6-VS2-GGA20- Zn(II) 10-Cr(VI) 10-Ni(II) 5 mg-L-1822025-Q=50.64 mL-min-4,U376-H6-VS2-16.02.2025,2,10,,326.46081,5037.0,291.5,34.96081,1
U376-H6-VS2-GGA20- Zn(II) 10-Cr(VI) 10-Ni(II) 5 mg-L-1822025-Q=50.64 mL-min-4,U376-H6-VS2-16.02.2025,2,11,,321.74189,5513.0,291.70001,30.04188,1
U376-H6-VS2-GGA20- Zn(II) 10-Cr(VI) 10-Ni(II) 5 mg-L-1822025-Q=50.64 mL-min-4,U376-H6-VS2-16.02.2025,2,12,,319.28816,5985.0,288.30001,30.98815,1
U376-H6-VS2-GGA20- Zn(II) 10-Cr(VI) 10-Ni(II) 5 mg-L-1822025-Q=50.64 mL-min-4,U376-H6-VS2-16.02.2025,2,13,,317.1661,6460.0,289.9,27.2661,2
U376-H6-VS2-GGA20- Zn(II) 10-Cr(VI) 10-Ni(II) 5 mg-L-1822025-Q=50.64 mL-min-4,U376-H6-VS2-16.02.2025,2,14,,314.4082,6935.0,285.69999,28.70821,2
U377-H5-VS2-GGA5-Zn(II) 5-Cr(VI) 5-Ni(II) 15 mg-L-19022025-Q=50.60 mL-min-5,U377-H5-VS2-17.02.2025,0,0,GGA5,329.23378,301.0,252.5,76.73378,0
U377-H5-VS2-GGA5-Zn(II) 5-Cr(VI) 5-Ni(II) 15 mg-L-19022025-Q=50.60 mL-min-5,U377-H5-VS2-17.02.2025,0,1,,328.14267,775.0,248.2,79.94267,0
U377-H5-VS2-GGA5-Zn(II) 5-Cr(VI) 5-Ni(II) 15 mg-L-19022025-Q=50.60 mL-min-5,U377-H5-VS2-17.02.2025,0,2,,332.5473,1254.0,252.9,79.6473,0
U377-H5-VS2-GGA5-Zn(II) 5-Cr(VI) 5-Ni(II) 15 mg-L-19022025-Q=50.60 mL-min-5,U377-H5-VS2-17.02.2025,0,3,,338.06081,1727.0,260.4,77.66081,0
U377-H5-VS2-GGA5-Zn(II) 5-Cr(VI) 5-Ni(II) 15 mg-L-19022025-Q=50.60 mL-min-5,U377-H5-VS2-17.02.2025,0,4,,341.05946,2201.0,261.99999,79.05947,0
U377-H5-VS2-GGA5-Zn(II) 5-Cr(VI) 5-Ni(II) 15 mg-L-19022025-Q=50.60 mL-min-5,U377-H5-VS2-17.02.2025,0,5,,343.35811,2674.0,266.0,77.35811,0
U377-H5-VS2-GGA5-Zn(II) 5-Cr(VI) 5-Ni(II) 15 mg-L-19022025-Q=50.60 mL-min-5,U377-H5-VS2-17.02.2025,0,6,GGA5-Zn5-Cr5-Ni15,345.75405,3148.0,283.49999,62.25406,1
U377-H5-VS2-GGA5-Zn(II) 5-Cr(VI) 5-Ni(II) 15 mg-L-19022025-Q=50.60 mL-min-5,U377-H5-VS2-17.02.2025,0,7,,348.68649,3616.0,300.1,48.58649,1
U377-H5-VS2-GGA5-Zn(II) 5-Cr(VI) 5-Ni(II) 15 mg-L-19022025-Q=50.60 mL-min-5,U377-H5-VS2-17.02.2025,0,8,,351.40541,4089.0,306.6,44.80541,1
U377-H5-VS2-GGA5-Zn(II) 5-Cr(VI) 5-Ni(II) 15 mg-L-19022025-Q=50.60 mL-min-5,U377-H5-VS2-17.02.2025,0,9,,352.42297,4563.0,313.30001,39.12296,1
U377-H5-VS2-GGA5-Zn(II) 5-Cr(VI) 5-Ni(II) 15 mg-L-19022025-Q=50.60 mL-min-5,U377-H5-VS2-17.02.2025,0,10,,352.85405,5038.0,317.60001,35.25404,1
U377-H5-VS2-GGA5-Zn(II) 5-Cr(VI) 5-Ni(II) 15 mg-L-19022025-Q=50.60 mL-min-5,U377-H5-VS2-17.02.2025,0,11,,354.06184,5511.0,322.60001,31.46183,2
U377-H5-VS2-GGA5-Zn(II) 5-Cr(VI) 5-Ni(II) 15 mg-L-19022025-Q=50.60 mL-min-5,U377-H5-VS2-17.02.2025,0,12,,353.06351,5984.0,326.00001,27.0635,2
U377-H5-VS2-GGA15-Zn(II) 15-Cr(VI) 10-Ni(II) 5 mg-L-19022025-Q=50.13 mL-min-3,U377-H5-VS2-17.02.2025,1,0,GGA15,340.37027,301.0,288.19999,52.17028,0
U377-H5-VS2-GGA15-Zn(II) 15-Cr(VI) 10-Ni(II) 5 mg-L-19022025-Q=50.13 mL-min-3,U377-H5-VS2-17.02.2025,1,1,,343.00676,773.0,287.9,55.10676,0
U377-H5-VS2-GGA15-Zn(II) 15-Cr(VI) 10-Ni(II) 5 mg-L-19022025-Q=50.13 mL-min-3,U377-H5-VS2-17.02.2025,1,2,,345.27162,1246.0,291.5,53.77162,0
U377-H5-VS2-GGA15-Zn(II) 15-Cr(VI) 10-Ni(II) 5 mg-L-19022025-Q=50.13 mL-min-3,U377-H5-VS2-17.02.2025,1,3,,346.15658,1720.0,290.30001,55.85657,0
U377-H5-VS2-GGA15-Zn(II) 15-Cr(VI) 10-Ni(II) 5 mg-L-19022025-Q=50.13 mL-min-3,U377-H5-VS2-17.02.2025,1,4,,346.49324,2194.0,292.10001,54.39323,0
U377-H5-VS2-GGA15-Zn(II) 15-Cr(VI) 10-Ni(II) 5 mg-L-19022025-Q=50.13 mL-min-3,U377-H5-VS2-17.02.2025,1,5,,350.77297,2666.0,298.00001,52.77296,0
U377-H5-VS2-GGA15-Zn(II) 15-Cr(VI) 10-Ni(II) 5 mg-L-19022025-Q=50.13 mL-min-3,U377-H5-VS2-17.02.2025,1,6,GGA15-Zn5-Cr10-Ni5,345.05946,3140.0,300.3,44.75946,1
U377-H5-VS2-GGA15-Zn(II) 15-Cr(VI) 10-Ni(II) 5 mg-L-19022025-Q=50.13 mL-min-3,U377-H5-VS2-17.02.2025,1,7,,340.30811,3613.0,298.00001,42.3081,1
U377-H5-VS2-GGA15-Zn(II) 15-Cr(VI) 10-Ni(II) 5 mg-L-19022025-Q=50.13 mL-min-3,U377-H5-VS2-17.02.2025,1,8,,337.60405,4085.0,301.0,36.60405,1
U377-H5-VS2-GGA15-Zn(II) 15-Cr(VI) 10-Ni(II) 5 mg-L-19022025-Q=50.13 mL-min-3,U377-H5-VS2-17.02.2025,1,9,,334.95406,4560.0,297.30001,37.65405,1
U377-H5-VS2-GGA15-Zn(II) 15-Cr(VI) 10-Ni(II) 5 mg-L-19022025-Q=50.13 mL-min-3,U377-H5-VS2-17.02.2025,1,10,,333.71757,5034.0,297.89999,35.81758,2
U377-H5-VS2-GGA15-Zn(II) 15-Cr(VI) 10-Ni(II) 5 mg-L-19022025-Q=50.13 mL-min-3,U377-H5-VS2-17.02.2025,1,11,,331.78919,5506.0,298.99999,32.7892,2
U377-H5-VS2-GGA15-Zn(II) 15-Cr(VI) 10-Ni(II) 5 mg-L-19022025-Q=50.13 mL-min-3,U377-H5-VS2-17.02.2025,1,12,,334.10395,5981.0,299.69999,34.40396,2
U377-H5-VS2-GGA20- Zn(II) 15-Cr(VI) 5-Ni(II) 10 mg-L-1822025-Q=50.36 mL-min-3,U377-H5-VS2-17.02.2025,2,0,GGA20,341.15541,301.0,286.00001,55.1554,0
U377-H5-VS2-GGA20- Zn(II) 15-Cr(VI) 5-Ni(II) 10 mg-L-1822025-Q=50.36 mL-min-3,U377-H5-VS2-17.02.2025,2,1,,335.67838,774.0,279.19999,56.47839,0
U377-H5-VS2-GGA20- Zn(II) 15-Cr(VI) 5-Ni(II) 10 mg-L-1822025-Q=50.36 mL-min-3,U377-H5-VS2-17.02.2025,2,2,,333.70135,1247.0,279.19999,54.50136,0
U377-H5-VS2-GGA20- Zn(II) 15-Cr(VI) 5-Ni(II) 10 mg-L-1822025-Q=50.36 mL-min-3,U377-H5-VS2-17.02.2025,2,3,,331.84459,1721.0,273.7,58.14459,0
U377-H5-VS2-GGA20- Zn(II) 15-Cr(VI) 5-Ni(II) 10 mg-L-1822025-Q=50.36 mL-min-3,U377-H5-VS2-17.02.2025,2,4,,330.76487,2194.0,272.89999,57.86488,0
U377-H5-VS2-GGA20- Zn(II) 15-Cr(VI) 5-Ni(II) 10 mg-L-1822025-Q=50.36 mL-min-3,U377-H5-VS2-17.02.2025,2,5,,327.82703,2667.0,273.09999,54.72704,0
U377-H5-VS2-GGA20- Zn(II) 15-Cr(VI) 5-Ni(II) 10 mg-L-1822025-Q=50.36 mL-min-3,U377-H5-VS2-17.02.2025,2,6,GGA20-Zn15-Cr5-Ni10,330.01842,3139.0,283.69999,46.31843,1
U377-H5-VS2-GGA20- Zn(II) 15-Cr(VI) 5-Ni(II) 10 mg-L-1822025-Q=50.36 mL-min-3,U377-H5-VS2-17.02.2025,2,7,,334.92703,3614.0,296.99999,37.92704,1
U377-H5-VS2-GGA20- Zn(II) 15-Cr(VI) 5-Ni(II) 10 mg-L-1822025-Q=50.36 mL-min-3,U377-H5-VS2-17.02.2025,2,8,,339.63514,4089.0,301.9,37.73514,1
U377-H5-VS2-GGA20- Zn(II) 15-Cr(VI) 5-Ni(II) 10 mg-L-1822025-Q=50.36 mL-min-3,U377-H5-VS2-17.02.2025,2,9,,340.97027,4560.0,306.30001,34.67026,1
U377-H5-VS2-GGA20- Zn(II) 15-Cr(VI) 5-Ni(II) 10 mg-L-1822025-Q=50.36 mL-min-3,U377-H5-VS2-17.02.2025,2,10,,343.1473,5032.0,308.49999,34.64731,1
U377-H5-VS2-GGA20- Zn(II) 15-Cr(VI) 5-Ni(II) 10 mg-L-1822025-Q=50.36 mL-min-3,U377-H5-VS2-17.02.2025,2,11,,338.5081,5507.0,305.59999,32.90811,1
U377-H5-VS2-GGA20- Zn(II) 15-Cr(VI) 5-Ni(II) 10 mg-L-1822025-Q=50.36 mL-min-3,U377-H5-VS2-17.02.2025,2,12,,337.17027,5980.0,307.20001,29.97026,1
U377-H5-VS2-GGA20- Zn(II) 15-Cr(VI) 5-Ni(II) 10 mg-L-1822025-Q=50.36 mL-min-3,U377-H5-VS2-17.02.2025,2,13,,333.15406,6454.0,305.59999,27.55407,2
U377-H5-VS2-GGA20- Zn(II) 15-Cr(VI) 5-Ni(II) 10 mg-L-1822025-Q=50.36 mL-min-3,U377-H5-VS2-17.02.2025,2,14,,331.82703,6926.0,303.7,28.12703,2
U377-H5-VS2-GGA20- Zn(II) 15-Cr(VI) 5-Ni(II) 10 mg-L-1822025-Q=50.36 mL-min-3,U377-H5-VS2-17.02.2025,2,15,,332.65946,7400.0,303.29999,29.35947,2
U378-H6-VS2-GGA5-Zn(II) 10-Cr(VI) 5-Ni(II) 10 mg-L-19022025-Q=50.62 mL-min-2,U378-H6-VS2-17.02.2025,0,0,GGA5,326.0973,301.0,248.3,77.7973,0
U378-H6-VS2-GGA5-Zn(II) 10-Cr(VI) 5-Ni(II) 10 mg-L-19022025-Q=50.62 mL-min-2,U378-H6-VS2-17.02.2025,0,1,,325.016,775.0,246.4,78.616,0
U378-H6-VS2-GGA5-Zn(II) 10-Cr(VI) 5-Ni(II) 10 mg-L-19022025-Q=50.62 mL-min-2,U378-H6-VS2-17.02.2025,0,2,,323.79079,1247.0,242.3,81.49079,0
U378-H6-VS2-GGA5-Zn(II) 10-Cr(VI) 5-Ni(II) 10 mg-L-19022025-Q=50.62 mL-min-2,U378-H6-VS2-17.02.2025,0,3,,331.18379,1723.0,252.60001,78.58378,0
U378-H6-VS2-GGA5-Zn(II) 10-Cr(VI) 5-Ni(II) 10 mg-L-19022025-Q=50.62 mL-min-2,U378-H6-VS2-17.02.2025,0,4,,335.33867,2196.0,254.90001,80.43866,0
U378-H6-VS2-GGA5-Zn(II) 10-Cr(VI) 5-Ni(II) 10 mg-L-19022025-Q=50.62 mL-min-2,U378-H6-VS2-17.02.2025,0,5,,339.82973,2668.0,258.30001,81.52972,0
U378-H6-VS2-GGA5-Zn(II) 10-Cr(VI) 5-Ni(II) 10 mg-L-19022025-Q=50.62 mL-min-2,U378-H6-VS2-17.02.2025,0,6,,346.392,3143.0,275.5,70.892,0
U378-H6-VS2-GGA5-Zn(II) 10-Cr(VI) 5-Ni(II) 10 mg-L-19022025-Q=50.62 mL-min-2,U378-H6-VS2-17.02.2025,0,7,GGA5-Zn10-Cr5-Ni10,348.52568,3615.0,295.19999,53.32569,1
U378-H6-VS2-GGA5-Zn(II) 10-Cr(VI) 5-Ni(II) 10 mg-L-19022025-Q=50.62 mL-min-2,U378-H6-VS2-17.02.2025,0,8,,351.35541,4089.0,311.4,39.95541,1
U378-H6-VS2-GGA5-Zn(II) 10-Cr(VI) 5-Ni(II) 10 mg-L-19022025-Q=50.62 mL-min-2,U378-H6-VS2-17.02.2025,0,9,,353.37567,4562.0,322.80001,30.57566,1
U378-H6-VS2-GGA5-Zn(II) 10-Cr(VI) 5-Ni(II) 10 mg-L-19022025-Q=50.62 mL-min-2,U378-H6-VS2-17.02.2025,0,10,,353.8054,5037.0,327.2,26.6054,1
U378-H6-VS2-GGA5-Zn(II) 10-Cr(VI) 5-Ni(II) 10 mg-L-19022025-Q=50.62 mL-min-2,U378-H6-VS2-17.02.2025,0,11,,355.41621,5509.0,329.9,25.51621,2
U378-H6-VS2-GGA5-Zn(II) 10-Cr(VI) 5-Ni(II) 10 mg-L-19022025-Q=50.62 mL-min-2,U378-H6-VS2-17.02.2025,0,12,,356.16711,5985.0,333.0,23.16711,2
U378-H6-VS2-GGA5-Zn(II) 10-Cr(VI) 5-Ni(II) 10 mg-L-19022025-Q=50.62 mL-min-2,U378-H6-VS2-17.02.2025,0,13,,357.04324,6458.0,335.3,21.74324,2
U378-H6-VS2-GGA15-Zn(II) 15-Cr(VI) 5-Ni(II) 5 mg-L-19022025-Q=50.16 mL-min-1,U378-H6-VS2-17.02.2025,1,0,GGA15,346.94865,301.0,307.20001,39.74864,0
U378-H6-VS2-GGA15-Zn(II) 15-Cr(VI) 5-Ni(II) 5 mg-L-19022025-Q=50.16 mL-min-1,U378-H6-VS2-17.02.2025,1,1,,348.57432,773.0,307.3,41.27432,0
U378-H6-VS2-GGA15-Zn(II) 15-Cr(VI) 5-Ni(II) 5 mg-L-19022025-Q=50.16 mL-min-1,U378-H6-VS2-17.02.2025,1,2,,350.58947,1248.0,309.89999,40.68948,0
U378-H6-VS2-GGA15-Zn(II) 15-Cr(VI) 5-Ni(II) 5 mg-L-19022025-Q=50.16 mL-min-1,U378-H6-VS2-17.02.2025,1,3,,352.93649,1721.0,311.19999,41.7365,0
U378-H6-VS2-GGA15-Zn(II) 15-Cr(VI) 5-Ni(II) 5 mg-L-19022025-Q=50.16 mL-min-1,U378-H6-VS2-17.02.2025,1,4,,359.97162,2195.0,317.0,42.97162,0
U378-H6-VS2-GGA15-Zn(II) 15-Cr(VI) 5-Ni(II) 5 mg-L-19022025-Q=50.16 mL-min-1,U378-H6-VS2-17.02.2025,1,5,GGA15-Zn15-Cr5-Ni5,353.30933,2667.0,315.10001,38.20932,1
U378-H6-VS2-GGA15-Zn(II) 15-Cr(VI) 5-Ni(II) 5 mg-L-19022025-Q=50.16 mL-min-1,U378-H6-VS2-17.02.2025,1,6,,348.7473,3142.0,315.29999,33.44731,1
U378-H6-VS2-GGA15-Zn(II) 15-Cr(VI) 5-Ni(II) 5 mg-L-19022025-Q=50.16 mL-min-1,U378-H6-VS2-17.02.2025,1,7,,347.30405,3615.0,315.29999,32.00406,1
U378-H6-VS2-GGA15-Zn(II) 15-Cr(VI) 5-Ni(II) 5 mg-L-19022025-Q=50.16 mL-min-1,U378-H6-VS2-17.02.2025,1,8,,342.08514,4087.0,316.00001,26.08513,2
U378-H6-VS2-GGA15-Zn(II) 15-Cr(VI) 5-Ni(II) 5 mg-L-19022025-Q=50.16 mL-min-1,U378-H6-VS2-17.02.2025,1,9,,340.90811,4562.0,314.90001,26.0081,2
U378-H6-VS2-GGA20- Zn(II) 15-Cr(VI) 10-Ni(II) 5 mg-L-1922025-Q=50.36 mL-min-1,U378-H6-VS2-17.02.2025,2,0,GGA20,355.06486,301.0,310.60001,44.46485,0
U378-H6-VS2-GGA20- Zn(II) 15-Cr(VI) 10-Ni(II) 5 mg-L-1922025-Q=50.36 mL-min-1,U378-H6-VS2-17.02.2025,2,1,,349.30811,776.0,305.00001,44.3081,0
U378-H6-VS2-GGA20- Zn(II) 15-Cr(VI) 10-Ni(II) 5 mg-L-1922025-Q=50.36 mL-min-1,U378-H6-VS2-17.02.2025,2,2,,347.59733,1250.0,303.79999,43.79734,0
U378-H6-VS2-GGA20- Zn(II) 15-Cr(VI) 10-Ni(II) 5 mg-L-1922025-Q=50.36 mL-min-1,U378-H6-VS2-17.02.2025,2,3,,345.95405,1722.0,302.70001,43.25404,0
U378-H6-VS2-GGA20- Zn(II) 15-Cr(VI) 10-Ni(II) 5 mg-L-1922025-Q=50.36 mL-min-1,U378-H6-VS2-17.02.2025,2,4,,345.23784,2195.0,300.00001,45.23783,0
U378-H6-VS2-GGA20- Zn(II) 15-Cr(VI) 10-Ni(II) 5 mg-L-1922025-Q=50.36 mL-min-1,U378-H6-VS2-17.02.2025,2,5,,341.5527,2669.0,296.5,45.0527,0
U378-H6-VS2-GGA20- Zn(II) 15-Cr(VI) 10-Ni(II) 5 mg-L-1922025-Q=50.36 mL-min-1,U378-H6-VS2-17.02.2025,2,6,GGA20-Zn15-Cr10-Ni5,341.72763,3142.0,304.4,37.32763,1
U378-H6-VS2-GGA20- Zn(II) 15-Cr(VI) 10-Ni(II) 5 mg-L-1922025-Q=50.36 mL-min-1,U378-H6-VS2-17.02.2025,2,7,,345.86892,3615.0,310.99999,34.86893,1
U378-H6-VS2-GGA20- Zn(II) 15-Cr(VI) 10-Ni(II) 5 mg-L-1922025-Q=50.36 mL-min-1,U378-H6-VS2-17.02.2025,2,8,,346.96487,4091.0,314.39999,32.56488,1
U378-H6-VS2-GGA20- Zn(II) 15-Cr(VI) 10-Ni(II) 5 mg-L-1922025-Q=50.36 mL-min-1,U378-H6-VS2-17.02.2025,2,9,,350.29459,4562.0,319.00001,31.29458,1
U378-H6-VS2-GGA20- Zn(II) 15-Cr(VI) 10-Ni(II) 5 mg-L-1922025-Q=50.36 mL-min-1,U378-H6-VS2-17.02.2025,2,10,,351.91081,5037.0,318.69999,33.21082,1
U378-H6-VS2-GGA20- Zn(II) 15-Cr(VI) 10-Ni(II) 5 mg-L-1922025-Q=50.36 mL-min-1,U378-H6-VS2-17.02.2025,2,11,,348.5946,5512.0,318.8,29.7946,1
U378-H6-VS2-GGA20- Zn(II) 15-Cr(VI) 10-Ni(II) 5 mg-L-1922025-Q=50.36 mL-min-1,U378-H6-VS2-17.02.2025,2,12,,345.61467,5984.0,318.6,27.01467,1
U378-H6-VS2-GGA20- Zn(II) 15-Cr(VI) 10-Ni(II) 5 mg-L-1922025-Q=50.36 mL-min-1,U378-H6-VS2-17.02.2025,2,13,,342.29459,6457.0,317.20001,25.09458,2
U378-H6-VS2-GGA20- Zn(II) 15-Cr(VI) 10-Ni(II) 5 mg-L-1922025-Q=50.36 mL-min-1,U378-H6-VS2-17.02.2025,2,14,,341.29605,6930.0,315.60001,25.69604,2
U379-H5-VS2-GGA5-Zn(II) 5-Cr(VI) 5-Ni(II) 15 mg-L-20022025-Q=50.62 mL-min-6,U379-H5-VS2-18.02.2025,0,0,GGA5,344.86216,301.0,263.20001,81.66215,0
U379-H5-VS2-GGA5-Zn(II) 5-Cr(VI) 5-Ni(II) 15 mg-L-20022025-Q=50.62 mL-min-6,U379-H5-VS2-18.02.2025,0,1,,342.86757,774.0,259.9,82.96757,0
U379-H5-VS2-GGA5-Zn(II) 5-Cr(VI) 5-Ni(II) 15 mg-L-20022025-Q=50.62 mL-min-6,U379-H5-VS2-18.02.2025,0,2,,339.98784,1249.0,258.89999,81.08785,0
U379-H5-VS2-GGA5-Zn(II) 5-Cr(VI) 5-Ni(II) 15 mg-L-20022025-Q=50.62 mL-min-6,U379-H5-VS2-18.02.2025,0,3,,338.14667,1721.0,255.10001,83.04666,0
U379-H5-VS2-GGA5-Zn(II) 5-Cr(VI) 5-Ni(II) 15 mg-L-20022025-Q=50.62 mL-min-6,U379-H5-VS2-18.02.2025,0,4,,331.34211,2196.0,252.7,78.64211,0
U379-H5-VS2-GGA5-Zn(II) 5-Cr(VI) 5-Ni(II) 15 mg-L-20022025-Q=50.62 mL-min-6,U379-H5-VS2-18.02.2025,0,5,,338.20811,2668.0,251.6,86.60811,0
U379-H5-VS2-GGA5-Zn(II) 5-Cr(VI) 5-Ni(II) 15 mg-L-20022025-Q=50.62 mL-min-6,U379-H5-VS2-18.02.2025,0,6,,342.11467,3142.0,264.09999,78.01468,0
U379-H5-VS2-GGA5-Zn(II) 5-Cr(VI) 5-Ni(II) 15 mg-L-20022025-Q=50.62 mL-min-6,U379-H5-VS2-18.02.2025,0,7,GGA5-Zn5-Cr5-Ni15,346.72297,3615.0,276.80001,69.92296,1
U379-H5-VS2-GGA5-Zn(II) 5-Cr(VI) 5-Ni(II) 15 mg-L-20022025-Q=50.62 mL-min-6,U379-H5-VS2-18.02.2025,0,8,,351.11622,4084.0,294.7,56.41622,1
U379-H5-VS2-GGA5-Zn(II) 5-Cr(VI) 5-Ni(II) 15 mg-L-20022025-Q=50.62 mL-min-6,U379-H5-VS2-18.02.2025,0,9,,353.85811,4557.0,303.20001,50.6581,1
U379-H5-VS2-GGA5-Zn(II) 5-Cr(VI) 5-Ni(II) 15 mg-L-20022025-Q=50.62 mL-min-6,U379-H5-VS2-18.02.2025,0,10,,352.14324,5030.0,302.30001,49.84323,1
U379-H5-VS2-GGA5-Zn(II) 5-Cr(VI) 5-Ni(II) 15 mg-L-20022025-Q=50.62 mL-min-6,U379-H5-VS2-18.02.2025,0,11,,352.31621,5504.0,304.89999,47.41622,1
U379-H5-VS2-GGA5-Zn(II) 5-Cr(VI) 5-Ni(II) 15 mg-L-20022025-Q=50.62 mL-min-6,U379-H5-VS2-18.02.2025,0,12,,353.44,5977.0,308.49999,44.94001,1
U379-H5-VS2-GGA5-Zn(II) 5-Cr(VI) 5-Ni(II) 15 mg-L-20022025-Q=50.62 mL-min-6,U379-H5-VS2-18.02.2025,0,13,,353.63918,6450.0,310.29999,43.33919,1
U379-H5-VS2-GGA5-Zn(II) 5-Cr(VI) 5-Ni(II) 15 mg-L-20022025-Q=50.62 mL-min-6,U379-H5-VS2-18.02.2025,0,14,,353.15135,6924.0,313.2,39.95135,2
U379-H5-VS2-GGA5-Zn(II) 5-Cr(VI) 5-Ni(II) 15 mg-L-20022025-Q=50.62 mL-min-6,U379-H5-VS2-18.02.2025,0,15,,352.3,7398.0,313.69999,38.60001,2
U379-H5-VS2-GGA15-Zn(II) 5-Cr(VI) 10-Ni(II) 15 mg-L-20022025-Q=50.24 mL-min-4,U379-H5-VS2-18.02.2025,1,0,GGA15,345.92973,301.0,289.5,56.42973,0
U379-H5-VS2-GGA15-Zn(II) 5-Cr(VI) 10-Ni(II) 15 mg-L-20022025-Q=50.24 mL-min-4,U379-H5-VS2-18.02.2025,1,1,,344.48649,772.0,290.49999,53.9865,0
U379-H5-VS2-GGA15-Zn(II) 5-Cr(VI) 10-Ni(II) 15 mg-L-20022025-Q=50.24 mL-min-4,U379-H5-VS2-18.02.2025,1,2,,344.8473,1247.0,289.0,55.8473,0
U379-H5-VS2-GGA15-Zn(II) 5-Cr(VI) 10-Ni(II) 15 mg-L-20022025-Q=50.24 mL-min-4,U379-H5-VS2-18.02.2025,1,3,,345.70811,1720.0,291.1,54.60811,0
U379-H5-VS2-GGA15-Zn(II) 5-Cr(VI) 10-Ni(II) 15 mg-L-20022025-Q=50.24 mL-min-4,U379-H5-VS2-18.02.2025,1,4,,344.456,2192.0,289.29999,55.15601,0
U379-H5-VS2-GGA15-Zn(II) 5-Cr(VI) 10-Ni(II) 15 mg-L-20022025-Q=50.24 mL-min-4,U379-H5-VS2-18.02.2025,1,5,,343.74,2665.0,292.9,50.84,0
U379-H5-VS2-GGA15-Zn(II) 5-Cr(VI) 10-Ni(II) 15 mg-L-20022025-Q=50.24 mL-min-4,U379-H5-VS2-18.02.2025,1,6,GGA15-Zn5-Cr10-Ni15,348.55946,3139.0,294.49999,54.05947,1
U379-H5-VS2-GGA15-Zn(II) 5-Cr(VI) 10-Ni(II) 15 mg-L-20022025-Q=50.24 mL-min-4,U379-H5-VS2-18.02.2025,1,7,,350.14605,3612.0,301.80001,48.34604,1
U379-H5-VS2-GGA15-Zn(II) 5-Cr(VI) 10-Ni(II) 15 mg-L-20022025-Q=50.24 mL-min-4,U379-H5-VS2-18.02.2025,1,8,,350.74595,4085.0,306.4,44.34595,1
U379-H5-VS2-GGA15-Zn(II) 5-Cr(VI) 10-Ni(II) 15 mg-L-20022025-Q=50.24 mL-min-4,U379-H5-VS2-18.02.2025,1,9,,350.248,4558.0,307.00001,43.24799,1
U379-H5-VS2-GGA15-Zn(II) 5-Cr(VI) 10-Ni(II) 15 mg-L-20022025-Q=50.24 mL-min-4,U379-H5-VS2-18.02.2025,1,10,,348.9,5033.0,305.20001,43.69999,1
U379-H5-VS2-GGA15-Zn(II) 5-Cr(VI) 10-Ni(II) 15 mg-L-20022025-Q=50.24 mL-min-4,U379-H5-VS2-18.02.2025,1,11,,349.71081,5506.0,311.8,37.91081,1
U379-H5-VS2-GGA15-Zn(II) 5-Cr(VI) 10-Ni(II) 15 mg-L-20022025-Q=50.24 mL-min-4,U379-H5-VS2-18.02.2025,1,12,,350.07027,5978.0,313.30001,36.77026,1
U379-H5-VS2-GGA15-Zn(II) 5-Cr(VI) 10-Ni(II) 15 mg-L-20022025-Q=50.24 mL-min-4,U379-H5-VS2-18.02.2025,1,13,,350.07297,6451.0,315.4,34.67297,2
U379-H5-VS2-GGA15-Zn(II) 5-Cr(VI) 10-Ni(II) 15 mg-L-20022025-Q=50.24 mL-min-4,U379-H5-VS2-18.02.2025,1,14,,351.25811,6924.0,317.9,33.35811,2
U379-H5-VS2-GGA20- Zn(II) 15-Cr(VI) 10-Ni(II) 5 mg-L-20022025-Q=50.72 mL-min-3,U379-H5-VS2-18.02.2025,2,0,GGA20,346.10946,301.0,303.20001,42.90945,0
U379-H5-VS2-GGA20- Zn(II) 15-Cr(VI) 10-Ni(II) 5 mg-L-20022025-Q=50.72 mL-min-3,U379-H5-VS2-18.02.2025,2,1,,346.00405,774.0,298.5,47.50405,0
U379-H5-VS2-GGA20- Zn(II) 15-Cr(VI) 10-Ni(II) 5 mg-L-20022025-Q=50.72 mL-min-3,U379-H5-VS2-18.02.2025,2,2,,348.15467,1245.0,301.7,46.45467,0
U379-H5-VS2-GGA20- Zn(II) 15-Cr(VI) 10-Ni(II) 5 mg-L-20022025-Q=50.72 mL-min-3,U379-H5-VS2-18.02.2025,2,3,,348.24324,1719.0,297.89999,50.34325,0
U379-H5-VS2-GGA20- Zn(II) 15-Cr(VI) 10-Ni(II) 5 mg-L-20022025-Q=50.72 mL-min-3,U379-H5-VS2-18.02.2025,2,4,,348.43784,2193.0,296.60001,51.83783,0
U379-H5-VS2-GGA20- Zn(II) 15-Cr(VI) 10-Ni(II) 5 mg-L-20022025-Q=50.72 mL-min-3,U379-H5-VS2-18.02.2025,2,5,,349.31216,2665.0,301.40001,47.91215,0
U379-H5-VS2-GGA20- Zn(II) 15-Cr(VI) 10-Ni(II) 5 mg-L-20022025-Q=50.72 mL-min-3,U379-H5-VS2-18.02.2025,2,6,GGA20-Zn15-Cr10-Ni5,349.70676,3140.0,301.09999,48.60677,1
U379-H5-VS2-GGA20- Zn(II) 15-Cr(VI) 10-Ni(II) 5 mg-L-20022025-Q=50.72 mL-min-3,U379-H5-VS2-18.02.2025,2,7,,350.71892,3612.0,306.6,44.11892,1
U379-H5-VS2-GGA20- Zn(II) 15-Cr(VI) 10-Ni(II) 5 mg-L-20022025-Q=50.72 mL-min-3,U379-H5-VS2-18.02.2025,2,8,,350.41892,4085.0,310.7,39.71892,1
U379-H5-VS2-GGA20- Zn(II) 15-Cr(VI) 10-Ni(II) 5 mg-L-20022025-Q=50.72 mL-min-3,U379-H5-VS2-18.02.2025,2,9,,350.42703,4559.0,310.99999,39.42704,1
U379-H5-VS2-GGA20- Zn(II) 15-Cr(VI) 10-Ni(II) 5 mg-L-20022025-Q=50.72 mL-min-3,U379-H5-VS2-18.02.2025,2,10,,350.0473,5033.0,311.10001,38.94729,1
U379-H5-VS2-GGA20- Zn(II) 15-Cr(VI) 10-Ni(II) 5 mg-L-20022025-Q=50.72 mL-min-3,U379-H5-VS2-18.02.2025,2,11,,351.11757,5504.0,314.70001,36.41756,1
U379-H5-VS2-GGA20- Zn(II) 15-Cr(VI) 10-Ni(II) 5 mg-L-20022025-Q=50.72 mL-min-3,U379-H5-VS2-18.02.2025,2,12,,350.91757,5979.0,316.8,34.11757,2
U379-H5-VS2-GGA20- Zn(II) 15-Cr(VI) 10-Ni(II) 5 mg-L-20022025-Q=50.72 mL-min-3,U379-H5-VS2-18.02.2025,2,13,,352.18919,6452.0,316.1,36.08919,2
U379-H5-VS2-GGA20- Zn(II) 15-Cr(VI) 10-Ni(II) 5 mg-L-20022025-Q=50.72 mL-min-3,U379-H5-VS2-18.02.2025,2,14,,352.06351,6925.0,318.30001,33.7635,2
U380-H6-VS2-GGA10- HH 5 mg-L-20022025-Q=50.41 mL-min-6,U380-H6-VS2-18.02.2025,0,0,GGA10,320.31216,301.0,253.69999,66.61217,0
U380-H6-VS2-GGA10- HH 5 mg-L-20022025-Q=50.41 mL-min-6,U380-H6-VS2-18.02.2025,0,1,,317.86892,776.0,251.19999,66.66893,0
U380-H6-VS2-GGA10- HH 5 mg-L-20022025-Q=50.41 mL-min-6,U380-H6-VS2-18.02.2025,0,2,,315.15467,1247.0,245.8,69.35467,0
U380-H6-VS2-GGA10- HH 5 mg-L-20022025-Q=50.41 mL-min-6,U380-H6-VS2-18.02.2025,0,3,,310.91053,1722.0,244.6,66.31053,0
U380-H6-VS2-GGA10- HH 5 mg-L-20022025-Q=50.41 mL-min-6,U380-H6-VS2-18.02.2025,0,4,,318.03513,2194.0,247.4,70.63513,0
U380-H6-VS2-GGA10- HH 5 mg-L-20022025-Q=50.41 mL-min-6,U380-H6-VS2-18.02.2025,0,5,,322.82297,2668.0,247.1,75.72297,0
U380-H6-VS2-GGA10- HH 5 mg-L-20022025-Q=50.41 mL-min-6,U380-H6-VS2-18.02.2025,0,6,,332.80135,3140.0,282.79999,50.00136,1
U380-H6-VS2-GGA10- HH 5 mg-L-20022025-Q=50.41 mL-min-6,U380-H6-VS2-18.02.2025,0,7,GGA10-HH5,335.05946,3611.0,298.20001,36.85945,1
U380-H6-VS2-GGA10- HH 5 mg-L-20022025-Q=50.41 mL-min-6,U380-H6-VS2-18.02.2025,0,8,,334.38513,4087.0,300.8,33.58513,1
U380-H6-VS2-GGA10- HH 5 mg-L-20022025-Q=50.41 mL-min-6,U380-H6-VS2-18.02.2025,0,9,,331.25,4558.0,301.80001,29.44999,1
U380-H6-VS2-GGA10- HH 5 mg-L-20022025-Q=50.41 mL-min-6,U380-H6-VS2-18.02.2025,0,10,,333.24865,5032.0,306.6,26.64865,1
U380-H6-VS2-GGA10- HH 5 mg-L-20022025-Q=50.41 mL-min-6,U380-H6-VS2-18.02.2025,0,11,,334.81351,5505.0,309.6,25.21351,1
U380-H6-VS2-GGA10- HH 5 mg-L-20022025-Q=50.41 mL-min-6,U380-H6-VS2-18.02.2025,0,12,,336.13108,5978.0,311.50001,24.63107,2
U380-H6-VS2-GGA10- HH 5 mg-L-20022025-Q=50.41 mL-min-6,U380-H6-VS2-18.02.2025,0,13,,335.13816,6454.0,313.10001,22.03815,2
U380-H6-VS2-GGA15-Zn(II) 5-Cr(VI) 15-Ni(II) 5 mg-L-20022025-Q=50.24 mL-min-3,U380-H6-VS2-18.02.2025,1,0,GGA15,329.56081,301.0,287.80001,41.7608,0
U380-H6-VS2-GGA15-Zn(II) 5-Cr(VI) 15-Ni(II) 5 mg-L-20022025-Q=50.24 mL-min-3,U380-H6-VS2-18.02.2025,1,1,,329.14933,774.0,286.50001,42.64932,0
U380-H6-VS2-GGA15-Zn(II) 5-Cr(VI) 15-Ni(II) 5 mg-L-20022025-Q=50.24 mL-min-3,U380-H6-VS2-18.02.2025,1,2,,328.50541,1247.0,286.19999,42.30542,0
U380-H6-VS2-GGA15-Zn(II) 5-Cr(VI) 15-Ni(II) 5 mg-L-20022025-Q=50.24 mL-min-3,U380-H6-VS2-18.02.2025,1,3,,326.96081,1722.0,282.7,44.26081,0
U380-H6-VS2-GGA15-Zn(II) 5-Cr(VI) 15-Ni(II) 5 mg-L-20022025-Q=50.24 mL-min-3,U380-H6-VS2-18.02.2025,1,4,,328.67838,2194.0,284.20001,44.47837,0
U380-H6-VS2-GGA15-Zn(II) 5-Cr(VI) 15-Ni(II) 5 mg-L-20022025-Q=50.24 mL-min-3,U380-H6-VS2-18.02.2025,1,5,,329.60541,2667.0,285.80001,43.8054,0
U380-H6-VS2-GGA15-Zn(II) 5-Cr(VI) 15-Ni(II) 5 mg-L-20022025-Q=50.24 mL-min-3,U380-H6-VS2-18.02.2025,1,6,GGA15-Zn5-Cr15-Ni5,336.88266,3142.0,289.5,47.38266,1
U380-H6-VS2-GGA15-Zn(II) 5-Cr(VI) 15-Ni(II) 5 mg-L-20022025-Q=50.24 mL-min-3,U380-H6-VS2-18.02.2025,1,7,,335.30131,3616.0,294.40001,40.9013,1
U380-H6-VS2-GGA15-Zn(II) 5-Cr(VI) 15-Ni(II) 5 mg-L-20022025-Q=50.24 mL-min-3,U380-H6-VS2-18.02.2025,1,8,,334.85676,4089.0,298.00001,36.85675,1
U380-H6-VS2-GGA15-Zn(II) 5-Cr(VI) 15-Ni(II) 5 mg-L-20022025-Q=50.24 mL-min-3,U380-H6-VS2-18.02.2025,1,9,,335.66216,4562.0,298.5,37.16216,1
U380-H6-VS2-GGA15-Zn(II) 5-Cr(VI) 15-Ni(II) 5 mg-L-20022025-Q=50.24 mL-min-3,U380-H6-VS2-18.02.2025,1,10,,335.39324,5038.0,301.40001,33.99323,1
U380-H6-VS2-GGA15-Zn(II) 5-Cr(VI) 15-Ni(II) 5 mg-L-20022025-Q=50.24 mL-min-3,U380-H6-VS2-18.02.2025,1,11,,335.88513,5510.0,305.00001,30.88512,2
U380-H6-VS2-GGA15-Zn(II) 5-Cr(VI) 15-Ni(II) 5 mg-L-20022025-Q=50.24 mL-min-3,U380-H6-VS2-18.02.2025,1,12,,336.72703,5982.0,304.69999,32.02704,2
U380-H6-VS2-GGA15-Zn(II) 5-Cr(VI) 15-Ni(II) 5 mg-L-20022025-Q=50.24 mL-min-3,U380-H6-VS2-18.02.2025,1,13,,336.40135,6457.0,306.4,30.00135,2
U380-H6-VS2-GGA20- Zn(II) 15-Cr(VI) 10-Ni(II) 5 mg-L-20022025-Q=50.72 mL-min-4,U380-H6-VS2-18.02.2025,2,0,GGA20,340.37867,301.0,299.2,41.17867,0
U380-H6-VS2-GGA20- Zn(II) 15-Cr(VI) 10-Ni(II) 5 mg-L-20022025-Q=50.72 mL-min-4,U380-H6-VS2-18.02.2025,2,1,,343.01081,775.0,302.39999,40.61082,0
U380-H6-VS2-GGA20- Zn(II) 15-Cr(VI) 10-Ni(II) 5 mg-L-20022025-Q=50.72 mL-min-4,U380-H6-VS2-18.02.2025,2,2,,341.03784,1247.0,298.90001,42.13783,0
U380-H6-VS2-GGA20- Zn(II) 15-Cr(VI) 10-Ni(II) 5 mg-L-20022025-Q=50.72 mL-min-4,U380-H6-VS2-18.02.2025,2,3,,341.35811,1721.0,300.90001,40.4581,0
U380-H6-VS2-GGA20- Zn(II) 15-Cr(VI) 10-Ni(II) 5 mg-L-20022025-Q=50.72 mL-min-4,U380-H6-VS2-18.02.2025,2,4,,341.66216,2195.0,299.10001,42.56215,0
U380-H6-VS2-GGA20- Zn(II) 15-Cr(VI) 10-Ni(II) 5 mg-L-20022025-Q=50.72 mL-min-4,U380-H6-VS2-18.02.2025,2,5,,341.60135,2667.0,300.8,40.80135,0
U380-H6-VS2-GGA20- Zn(II) 15-Cr(VI) 10-Ni(II) 5 mg-L-20022025-Q=50.72 mL-min-4,U380-H6-VS2-18.02.2025,2,6,GGA20-Zn15-Cr10-Ni5,346.76133,3141.0,296.99999,49.76134,1
U380-H6-VS2-GGA20- Zn(II) 15-Cr(VI) 10-Ni(II) 5 mg-L-20022025-Q=50.72 mL-min-4,U380-H6-VS2-18.02.2025,2,7,,343.35263,3616.0,299.80001,43.55262,1
U380-H6-VS2-GGA20- Zn(II) 15-Cr(VI) 10-Ni(II) 5 mg-L-20022025-Q=50.72 mL-min-4,U380-H6-VS2-18.02.2025,2,8,,341.12298,4088.0,301.80001,39.32297,1
U380-H6-VS2-GGA20- Zn(II) 15-Cr(VI) 10-Ni(II) 5 mg-L-20022025-Q=50.72 mL-min-4,U380-H6-VS2-18.02.2025,2,9,,341.65946,4562.0,302.1,39.55946,1
U380-H6-VS2-GGA20- Zn(II) 15-Cr(VI) 10-Ni(II) 5 mg-L-20022025-Q=50.72 mL-min-4,U380-H6-VS2-18.02.2025,2,10,,341.98378,5034.0,305.20001,36.78377,1
U380-H6-VS2-GGA20- Zn(II) 15-Cr(VI) 10-Ni(II) 5 mg-L-20022025-Q=50.72 mL-min-4,U380-H6-VS2-18.02.2025,2,11,,342.42533,5509.0,307.39999,35.02534,1
U380-H6-VS2-GGA20- Zn(II) 15-Cr(VI) 10-Ni(II) 5 mg-L-20022025-Q=50.72 mL-min-4,U380-H6-VS2-18.02.2025,2,12,,343.29189,5982.0,310.0,33.29189,1
U380-H6-VS2-GGA20- Zn(II) 15-Cr(VI) 10-Ni(II) 5 mg-L-20022025-Q=50.72 mL-min-4,U380-H6-VS2-18.02.2025,2,13,,340.52973,6457.0,308.99999,31.52974,1
U380-H6-VS2-GGA20- Zn(II) 15-Cr(VI) 10-Ni(II) 5 mg-L-20022025-Q=50.72 mL-min-4,U380-H6-VS2-18.02.2025,2,14,,337.4473,6930.0,308.0,29.4473,2
U380-H6-VS2-GGA20- Zn(II) 15-Cr(VI) 10-Ni(II) 5 mg-L-20022025-Q=50.72 mL-min-4,U380-H6-VS2-18.02.2025,2,15,,334.44869,7403.0,306.89999,27.5487,2
