1	332.100004
2	331.9999874
3	332.3000073
4	332.1999907
5	332.1999907
6	332.3000073
7	332.3000073
8	332.3999941
9	332.3999941
10	332.3999941
11	332.5000107
12	332.3000073
13	332.1999907
14	332.3999941
15	332.3999941
16	332.3000073
17	332.3999941
18	332.1999907
19	332.1999907
20	332.100004
21	332.100004
22	331.9999874
23	331.9000006
24	331.9999874
25	332.1999907
26	332.3999941
27	332.3000073
28	332.1999907
29	332.100004
30	332.100004
31	332.1999907
32	332.3000073
33	332.1999907
34	332.3000073
35	332.1999907
36	332.1999907
37	332.1999907
38	332.100004
39	332.100004
40	332.3999941
41	332.100004
42	332.3000073
43	332.1999907
44	332.100004
45	332.3999941
46	332.1999907
47	332.100004
48	332.100004
49	331.9000006
50	331.8000138
51	331.9000006
52	331.9000006
53	331.9000006
54	331.8000138
55	331.8000138
56	331.9000006
57	331.9000006
58	331.8000138
59	331.8000138
60	331.8000138
61	331.4999938
62	331.4999938
63	331.4999938
64	331.8000138
65	331.6999972
66	331.6000104
67	331.6000104
68	331.6000104
69	331.6000104
70	331.4999938
71	331.2999904
72	331.400007
73	331.2999904
74	331.4999938
75	331.2999904
76	331.400007
77	331.400007
78	331.2999904
79	331.2999904
80	331.2000036
81	331.099987
82	331.0000002
83	331.0000002
84	330.7999969
85	330.7999969
86	330.9000134
87	330.9000134
88	330.7999969
89	330.7999969
90	331.2000036
91	331.2000036
92	331.2000036
93	331.2999904
94	331.2000036
95	331.4999938
96	331.2000036
97	331.2000036
98	331.4999938
99	331.4999938
100	331.2000036
101	330.9000134
102	330.7999969
103	330.5000067
104	330.1999867
105	330.1999867
106	330.0999999
107	329.8999965
108	329.8000097
109	329.8000097
110	329.8999965
111	329.6999931
112	329.8999965
113	329.8999965
114	330.3000033
115	330.5000067
116	331.0000002
117	331.2000036
118	331.4999938
119	331.4999938
120	331.4999938
121	331.6999972
122	331.6999972
123	331.6000104
124	331.6000104
125	331.400007
126	331.2000036
127	331.2000036
128	331.2000036
129	331.400007
130	331.2999904
131	331.4999938
132	331.6000104
133	331.4999938
134	331.6000104
135	331.8000138
136	331.6000104
137	331.8000138
138	331.8000138
139	331.8000138
140	331.8000138
141	331.6000104
142	331.4999938
143	331.6000104
144	331.400007
145	331.6000104
146	331.6999972
147	331.8000138
148	331.8000138
149	331.6999972
150	331.8000138
151	331.8000138
152	331.400007
153	331.4999938
154	331.400007
155	331.4999938
156	330.9000134
157	331.099987
158	331.0000002
159	331.0000002
160	331.2000036
161	331.2999904
162	331.2000036
163	331.099987
164	331.099987
165	330.7999969
166	330.5999935
167	330.5000067
168	330.5000067
169	330.5999935
170	330.5000067
171	330.5000067
172	330.7999969
173	330.7000101
174	330.7999969
175	331.0000002
176	330.7999969
177	330.7999969
178	330.9000134
179	330.9000134
180	331.0000002
181	331.099987
182	331.099987
183	331.2000036
184	331.099987
185	331.2000036
186	331.2000036
187	331.2000036
188	331.099987
189	330.7999969
190	330.7999969
191	330.7000101
192	330.5000067
193	330.7999969
194	330.5999935
195	330.5999935
196	330.3000033
197	330.1999867
198	330.3999901
199	330.5000067
200	330.3000033
201	330.3999901
202	330.3999901
203	330.3000033
204	330.3000033
205	330.1999867
206	330.0999999
207	330.0999999
208	330.1999867
209	330.0000131
210	330.0000131
211	330.1999867
212	330.5000067
213	330.3999901
214	330.5000067
215	330.5000067
216	330.5000067
217	330.3000033
218	330.3000033
219	330.1999867
220	330.3000033
221	330.3999901
222	330.1999867
223	330.5000067
224	330.5999935
225	330.7999969
226	330.7000101
227	330.5999935
228	330.5999935
229	330.5999935
230	330.3999901
231	330.5000067
232	330.5000067
233	330.5999935
234	330.5000067
235	330.3999901
236	330.5000067
237	330.5000067
238	330.1999867
239	330.3999901
240	330.3000033
241	330.0999999
242	330.0000131
243	329.8999965
244	330.0000131
245	330.0999999
246	329.8999965
247	329.8999965
248	330.0000131
249	330.1999867
250	330.0000131
251	330.0000131
252	330.0999999
253	329.8999965
254	329.8000097
255	329.8999965
256	330.0000131
257	329.8999965
258	329.8999965
259	329.8999965
260	329.8999965
261	330.0000131
262	329.8000097
263	329.8999965
264	329.8999965
265	329.8000097
266	329.8999965
267	329.8000097
268	329.8000097
269	329.8999965
270	330.0999999
271	329.8999965
272	329.8999965
273	330.0000131
274	329.8999965
275	329.8000097
276	329.8000097
277	330.0999999
278	330.1999867
279	330.5999935
280	330.7000101
281	330.9000134
282	331.2000036
283	331.4999938
284	331.6000104
285	331.8000138
286	331.8000138
287	331.4999938
288	330.5999935
289	330.0000131
290	328.2999992
291	326.700002
292	324.9999881
293	324.0999877
294	322.2999871
295	321.2000132
296	319.7999895
297	319.0999925
298	318.3999956
299	317.900002
300	317.6000118
301	317.4999952
302	317.6999986
303	317.9999888
304	318.1999922
305	318.599999
306	319.2000091
307	319.7999895
308	319.9999928
309	320.4999864
310	321.0000098
311	321.5000033
312	321.5999901
313	322.4000037
314	322.8999972
315	323.1000006
316	323.5000074
317	323.9000142
318	324.2000043
319	324.4000077
320	324.4999945
321	324.9999881
322	325.1000047
323	325.3000081
324	325.3999949
325	325.7000148
326	325.8000016
327	326.000005
328	326.2000084
329	326.2000084
330	326.5999854
331	326.5999854
332	326.700002
333	326.7999887
334	326.9999921
335	326.9999921
336	326.7999887
337	326.700002
338	326.5999854
339	326.9999921
340	326.9999921
341	327.3000121
342	327.3000121
343	327.1000087
344	327.1999955
345	326.9999921
346	327.1000087
347	326.9000053
348	327.1000087
349	327.3000121
350	327.3000121
351	327.4999857
352	327.3999989
353	327.4999857
354	327.4999857
355	327.3000121
356	327.3000121
357	327.6000023
358	327.6000023
359	327.8000057
360	327.8999925
361	327.8000057
362	327.8000057
363	327.6999891
364	327.8999925
365	327.8999925
366	327.8999925
367	327.8999925
368	327.8000057
369	327.6999891
370	327.6000023
371	327.6000023
372	327.8000057
373	327.6000023
374	327.6000023
375	327.6000023
376	327.6999891
377	327.6999891
378	327.6000023
379	327.6000023
380	327.8000057
381	327.8999925
382	327.6000023
383	327.4999857
384	327.4999857
385	327.4999857
386	327.4999857
387	327.4999857
388	327.3000121
389	327.3999989
390	327.3000121
391	327.3000121
392	327.1999955
393	327.3000121
394	327.4999857
395	327.4999857
396	327.3999989
397	327.6000023
398	327.6000023
399	327.6000023
400	327.4999857
401	327.4999857
402	327.4999857
403	327.3999989
404	327.3000121
405	327.1000087
406	326.9999921
407	326.9000053
408	326.9000053
409	326.9999921
410	326.9999921
411	327.1000087
412	327.3000121
413	327.4999857
414	327.3000121
415	327.3999989
416	327.3000121
417	327.6000023
418	327.6000023
419	327.6000023
420	327.3999989
421	327.3000121
422	327.4999857
423	327.3999989
424	327.3999989
425	327.6000023
426	327.6000023
427	327.6000023
428	327.4999857
429	327.3000121
430	327.1000087
431	327.1000087
432	327.1999955
433	327.3000121
434	327.4999857
435	327.3000121
436	327.3000121
437	327.3999989
438	327.1999955
439	327.3000121
440	327.1999955
441	327.3999989
442	327.1999955
443	326.9999921
444	326.9999921
445	326.9999921
446	326.9999921
447	327.1000087
448	327.1999955
449	326.9999921
450	326.9999921
451	327.1999955
452	327.1999955
453	327.3000121
454	327.3999989
455	327.6000023
456	327.6000023
457	327.3000121
458	327.3000121
459	327.3000121
460	327.1000087
461	327.1999955
462	327.1000087
463	327.1999955
464	327.1999955
465	327.3000121
466	327.1000087
467	327.1000087
468	327.1000087
469	326.9999921
470	326.9999921
471	326.9999921
472	327.1000087
473	327.1000087
474	327.1000087
475	327.1000087
476	326.9000053
477	326.9000053
478	326.700002
479	326.700002
480	326.5999854
481	326.5999854
482	326.700002
483	326.700002
484	326.700002
485	326.9000053
486	326.9999921
487	326.9000053
488	326.9000053
489	326.700002
490	326.700002
491	326.9000053
492	326.7999887
493	326.9999921
494	326.7999887
495	326.5999854
496	326.5999854
497	326.5999854
498	326.4000118
499	326.2999952
500	326.4000118
501	326.2000084
502	326.2999952
503	326.0999918
504	326.000005
505	326.2000084
506	326.000005
507	325.8000016
508	325.8999884
509	326.000005
510	326.0999918
511	326.2000084
512	326.2999952
513	326.2999952
514	326.4999986
515	326.5999854
516	326.700002
517	326.7999887
518	326.5999854
519	326.4000118
520	326.4000118
521	326.2999952
522	326.2999952
523	326.2999952
524	326.4999986
525	326.2999952
526	326.2999952
527	326.0999918
528	326.4000118
529	326.2999952
530	326.2999952
531	326.2999952
532	326.0999918
533	326.2000084
534	326.2000084
535	326.2999952
536	326.4000118
537	326.700002
538	326.5999854
539	326.700002
540	326.700002
541	326.700002
542	326.5999854
543	326.2999952
544	326.2000084
545	326.2000084
546	326.4999986
547	326.2999952
548	326.2999952
549	326.2000084
550	326.0999918
551	326.0999918
552	326.0999918
553	326.0999918
554	326.2000084
555	326.2000084
556	326.2999952
557	326.2999952
558	326.2999952
559	326.5999854
560	326.700002
561	326.4000118
562	326.4999986
563	326.5999854
564	326.4999986
565	326.4000118
566	326.4000118
567	326.2000084
568	326.0999918
569	326.0999918
570	326.000005
571	326.2999952
572	326.2999952
573	326.2999952
574	325.8999884
575	325.3999949
576	325.3999949
577	325.1000047
578	324.9000013
579	324.9000013
580	324.8000145
581	324.8000145
582	324.6999979
583	325.1000047
584	325.3000081
585	325.3000081
586	325.7000148
587	325.8999884
588	326.000005
589	326.0999918
590	326.2999952
591	326.2999952
592	326.4999986
593	326.4999986
594	326.4999986
595	326.4000118
596	326.4000118
597	326.2999952
598	326.4999986
599	326.4999986
600	326.700002
601	326.5999854
602	326.4000118
603	326.4999986
604	326.700002
605	326.9000053
606	326.9000053
607	326.700002
608	326.5999854
609	326.700002
610	326.700002
611	326.700002
612	326.5999854
613	326.5999854
614	326.700002
615	326.4999986
616	326.4000118
617	326.4000118
618	326.4999986
619	326.5999854
620	326.700002
621	326.700002
622	326.5999854
623	326.7999887
624	326.700002
625	326.700002
626	326.700002
627	326.7999887
628	326.5999854
629	326.700002
630	326.700002
631	326.700002
632	326.700002
633	326.4999986
634	326.5999854
635	326.700002
636	326.700002
637	326.700002
638	326.5999854
639	326.4999986
640	326.4000118
641	326.2000084
642	326.2999952
643	326.2999952
644	326.4000118
645	326.5999854
646	326.5999854
647	326.5999854
648	328.0000091
649	326.5999854
650	326.2000084
651	326.2000084
652	326.2000084
653	326.2999952
654	326.2999952
655	326.0999918
656	326.2999952
657	326.4000118
658	326.4999986
659	326.2999952
660	326.4000118
661	326.5999854
662	326.2999952
663	326.2000084
664	326.2000084
665	326.2999952
666	326.4000118
667	326.0999918
668	326.000005
669	326.000005
670	326.0999918
671	326.4000118
672	326.2999952
673	326.0999918
674	326.000005
675	325.8000016
676	325.8000016
677	325.7000148
678	325.8000016
679	325.8000016
680	325.5999982
681	325.7000148
682	326.000005
683	325.8999884
684	325.7000148
685	325.8000016
686	325.8000016
687	325.8000016
688	326.000005
689	325.8000016
690	325.7000148
691	325.5000114
692	325.5000114
693	325.5999982
694	325.5999982
695	325.7000148
696	325.5999982
697	325.5999982
698	325.3999949
699	325.8000016
700	325.7000148
701	325.8000016
702	325.5999982
703	325.5000114
704	325.5999982
705	325.3999949
706	325.3999949
707	325.3999949
708	325.5000114
709	325.7000148
710	325.7000148
711	325.7000148
712	325.7000148
713	325.7000148
714	325.5999982
715	325.5999982
716	325.5999982
717	325.8000016
718	325.8000016
719	325.8000016
720	326.000005
721	325.8999884
722	325.7000148
723	325.3999949
724	325.5999982
725	325.7000148
726	325.8000016
727	326.000005
728	325.8999884
729	325.8999884
730	325.8999884
731	325.7000148
732	325.5999982
733	325.7000148
734	325.7000148
735	325.3999949
736	325.3999949
737	324.9999881
738	324.9999881
739	325.3000081
740	325.3999949
741	325.7000148
742	325.7000148
743	325.7000148
744	325.7000148
745	325.7000148
746	325.3999949
747	325.1000047
748	324.9000013
749	324.9999881
750	325.1000047
751	325.7000148
752	326.2000084
753	326.4000118
754	326.4999986
755	326.700002
756	326.9000053
757	327.1999955
758	327.4999857
759	327.6000023
760	327.6000023
761	327.1999955
762	326.000005
763	324.4000077
764	323.3999908
765	321.5000033
766	319.5999861
767	317.9999888
768	317.2000051
769	315.8000112
770	314.9000108
771	314.0999973
772	313.8999939
773	313.6000037
774	313.3000135
775	313.6000037
776	313.4999871
777	313.6999905
778	314.0999973
779	314.7000074
780	314.9000108
781	315.8000112
782	316.3000047
783	316.9000149
784	317.2000051
785	317.7999854
786	317.9999888
787	318.1999922
788	318.5000122
789	318.8999891
790	319.2000091
791	319.4000125
792	319.4999993
793	319.7000027
794	320.1999962
795	320.3000128
796	320.6999898
797	320.8999932
798	321.2000132
799	321.5000033
800	321.5000033
801	321.5000033
802	321.9999969
803	321.9999969
804	322.4000037
805	322.6000071
806	322.8000104
807	322.6999938
808	322.8000104
809	322.8999972
810	322.8999972
811	322.8000104
812	323.0000138
813	323.1000006
814	323.0000138
815	323.1000006
816	323.1000006
817	323.1000006
818	323.1000006
819	323.1000006
820	323.300004
821	323.5000074
822	323.3999908
823	323.5000074
824	323.7999976
825	323.5999942
826	323.7000108
827	323.7000108
828	323.5000074
829	323.7999976
830	323.7999976
831	323.9000142
832	323.9000142
833	323.9000142
834	323.9000142
835	324.0999877
836	324.0999877
837	323.9000142
838	324.0999877
839	324.000001
840	324.000001
841	324.000001
842	323.9000142
843	324.000001
844	324.000001
845	324.0999877
846	324.0999877
847	324.2000043
848	324.0999877
849	324.2000043
850	324.0999877
851	324.0999877
852	324.0999877
853	324.2000043
854	324.0999877
855	324.2000043
856	324.0999877
857	324.0999877
858	324.0999877
859	324.2000043
860	324.4000077
861	324.2999911
862	324.2999911
863	324.2999911
864	324.0999877
865	324.000001
866	324.0999877
867	324.0999877
868	324.0999877
869	324.0999877
870	324.2000043
871	324.0999877
872	324.0999877
873	324.2000043
874	324.2000043
875	324.2999911
876	324.2000043
877	324.4000077
878	324.4000077
879	324.2000043
880	324.0999877
881	324.0999877
882	324.2000043
883	324.2000043
884	324.2999911
885	324.4000077
886	324.2999911
887	324.2999911
888	324.4000077
889	324.2999911
890	324.2999911
891	324.2000043
892	324.2000043
893	324.2000043
894	324.0999877
895	324.2999911
896	324.4000077
897	324.0999877
898	324.000001
899	324.000001
900	323.9000142
901	323.9000142
902	324.000001
903	324.0999877
904	324.0999877
905	323.7999976
906	323.7999976
907	323.7999976
908	323.7999976
909	323.9000142
910	323.7999976
911	323.9000142
912	323.7999976
913	324.000001
914	323.7999976
915	323.9000142
916	323.7999976
917	323.7999976
918	323.7999976
919	323.5999942
920	323.7000108
921	323.7000108
922	323.7999976
923	323.5999942
924	323.7999976
925	323.7000108
926	323.7999976
927	323.7999976
928	323.7000108
929	323.7999976
930	323.7000108
931	323.7000108
932	323.7999976
933	323.7999976
934	323.9000142
935	323.7999976
936	323.7999976
937	323.7000108
938	323.7999976
939	323.7999976
940	323.7000108
941	323.7000108
942	323.5999942
943	323.5999942
944	321.3999867
945	321.5000033
946	321.5000033
947	321.5000033
948	321.3999867
949	321.3
950	321.3
951	321.3999867
952	321.3999867
953	321.3
954	321.2000132
955	321.2000132
956	321.3
957	321.2000132
958	321.3999867
959	321.3999867
960	321.3999867
961	321.5000033
962	321.5000033
963	321.5000033
964	321.5000033
965	321.3
966	321.5000033
967	321.3999867
968	321.2000132
969	321.2000132
970	321.2000132
971	321.3
972	321.3
973	321.3999867
974	321.3
975	321.3
976	321.5000033
977	321.5000033
978	321.5000033
979	321.5999901
980	321.3999867
981	321.5000033
982	321.3
983	321.3999867
984	321.3
985	321.3
986	321.3
987	321.2000132
988	321.2000132
989	321.2000132
990	321.2000132
991	321.3
992	321.3999867
993	321.5999901
994	321.3
995	321.3
996	321.3
997	321.3
998	321.2000132
999	321.2000132
1000	321.0999966
1001	321.2000132
1002	321.2000132
1003	321.2000132
1004	321.3
1005	321.3
1006	321.2000132
1007	321.2000132
1008	321.2000132
1009	321.2000132
1010	321.2000132
1011	321.0999966
1012	321.5000033
1013	321.5000033
1014	321.2000132
1015	321.3
1016	321.3
1017	321.2000132
1018	321.2000132
1019	321.0999966
1020	321.0999966
1021	321.3
1022	321.3
1023	321.3999867
1024	321.5000033
1025	321.3
1026	321.3
1027	321.3999867
1028	321.3
1029	321.5000033
1030	321.5000033
1031	321.3999867
1032	321.3999867
1033	321.3999867
1034	321.5000033
1035	321.5000033
1036	321.3
1037	321.5000033
1038	321.5000033
1039	321.5000033
1040	321.3999867
1041	321.5000033
1042	321.5000033
1043	321.5000033
1044	321.5000033
1045	321.5000033
1046	320.3000128
1047	321.3
1048	321.3999867
1049	321.3999867
1050	321.3
1051	321.2000132
1052	320.8000064
1053	320.1999962
1054	319.7000027
1055	319.5999861
1056	319.2000091
1057	319.0000057
1058	319.0000057
1059	319.0999925
1060	319.4999993
1061	319.7999895
1062	319.9000061
1063	320.1999962
1064	320.3999996
1065	320.8999932
1066	321.0000098
1067	321.2000132
1068	321.0999966
1069	321.3
1070	321.3
1071	321.5000033
1072	321.7000067
1073	321.7000067
1074	321.9000101
1075	321.9999969
1076	322.1000135
1077	322.2999871
1078	322.2000003
1079	322.2999871
1080	322.1000135
1081	321.9000101
1082	321.9999969
1083	321.9999969
1084	322.1000135
1085	321.9999969
1086	321.9999969
1087	321.9000101
1088	321.7999935
1089	322.1000135
1090	322.4000037
1091	322.4999905
1092	322.4000037
1093	322.2999871
1094	322.2000003
1095	321.9999969
1096	322.1000135
1097	321.9999969
1098	321.7999935
1099	321.9000101
1100	322.1000135
1101	322.1000135
1102	322.1000135
1103	321.9999969
1104	321.9000101
1105	321.9999969
1106	321.7999935
1107	321.9000101
1108	321.7999935
1109	321.7000067
1110	321.3999867
1111	321.0000098
1112	321.0999966
1113	321.3999867
1114	321.5999901
1115	321.7999935
1116	321.7999935
1117	321.9999969
1118	321.9000101
1119	321.7999935
1120	321.7999935
1121	321.5999901
1122	321.7999935
1123	321.7999935
1124	321.7000067
1125	321.7000067
1126	321.7999935
1127	321.7000067
1128	321.7000067
1129	321.5000033
1130	321.5000033
1131	321.5000033
1132	321.5000033
1133	321.3999867
1134	321.2000132
1135	321.2000132
1136	321.2000132
1137	321.2000132
1138	321.3
1139	321.3
1140	321.3999867
1141	321.5000033
1142	321.5999901
1143	321.5999901
1144	321.7000067
1145	321.7999935
1146	321.7999935
1147	321.5999901
1148	321.7000067
1149	321.7999935
1150	321.9000101
1151	321.7999935
1152	321.9999969
1153	321.9999969
1154	322.1000135
1155	321.9999969
1156	321.7999935
1157	321.7999935
1158	321.7000067
1159	321.5999901
1160	321.5000033
1161	321.3999867
1162	321.3999867
1163	321.5000033
1164	321.5000033
1165	321.7000067
1166	321.5000033
1167	321.3999867
1168	321.5000033
1169	321.5999901
1170	321.5000033
1171	321.5000033
1172	321.5999901
1173	321.5999901
1174	321.3999867
1175	321.3999867
1176	321.3999867
1177	321.5000033
1178	321.5000033
1179	321.7999935
1180	321.7999935
1181	321.7999935
1182	321.9999969
1183	322.1000135
1184	321.7999935
1185	321.7999935
1186	321.7999935
1187	321.9999969
1188	321.9000101
1189	321.7999935
1190	321.5000033
1191	321.3
1192	321.5000033
1193	321.5000033
1194	321.2000132
1195	321.5000033
1196	321.3999867
1197	321.5000033
1198	321.5000033
1199	321.3999867
1200	321.2000132
1201	321.3
1202	321.3
1203	321.3
1204	321.2000132
1205	321.5000033
1206	321.5000033
1207	321.5999901
1208	321.5999901
1209	321.5000033
1210	321.2000132
1211	321.2000132
1212	321.2000132
1213	321.3999867
1214	321.5000033
1215	321.5000033
1216	321.3999867
1217	321.3
1218	321.2000132
1219	321.3
1220	321.2000132
1221	321.3
1222	321.5000033
1223	321.3999867
1224	321.0999966
1225	321.2000132
1226	321.0000098
1227	320.8999932
1228	321.3999867
1229	321.7999935
1230	322.1000135
1231	322.4000037
1232	322.6999938
1233	322.8000104
1234	323.300004
1235	323.300004
1236	323.7999976
1237	323.7000108
1238	323.5000074
1239	323.1000006
1240	321.5999901
1241	319.7999895
1242	318.8000023
1243	316.7999983
1244	314.9000108
1245	313.3000135
1246	312.5
1247	311.1000061
1248	310.2000058
1249	309.3000054
1250	309.1000021
1251	308.8999987
1252	308.8999987
1253	308.8000119
1254	308.9999855
1255	309.3999922
1256	309.8999858
1257	310.2999926
1258	310.4999959
1259	311.1000061
1260	311.6999865
1261	312.2000098
1262	312.5
1263	313.1000102
1264	313.6000037
1265	313.8999939
1266	314.3999875
1267	314.9000108
1268	315.4000044
1269	315.4999912
1270	316.0000145
1271	316.3000047
1272	316.3999915
1273	316.3999915
1274	316.7000115
1275	317.2000051
1276	317.2999918
1277	317.2999918
1278	317.6000118
1279	317.6000118
1280	317.7999854
1281	317.9999888
1282	317.9999888
1283	318.1999922
1284	318.1999922
1285	318.3000088
1286	318.3999956
1287	318.3000088
1288	318.5000122
1289	318.599999
1290	318.3999956
1291	318.599999
1292	318.599999
1293	318.8999891
1294	319.2000091
1295	319.2000091
1296	319.2999959
1297	319.2999959
1298	319.4000125
1299	319.2999959
1300	319.4999993
1301	319.5999861
1302	319.7999895
1303	319.9999928
1304	319.9999928
1305	319.9999928
1306	319.9999928
1307	320.1000094
1308	319.9999928
1309	320.1999962
1310	320.1999962
1311	319.9999928
1312	319.9000061
1313	319.9000061
1314	319.9000061
1315	320.1999962
1316	319.9999928
1317	319.7999895
1318	320.1000094
1319	319.9000061
1320	319.9000061
1321	320.1000094
1322	320.1999962
1323	320.1999962
1324	320.3000128
1325	320.1999962
1326	320.1999962
1327	320.3999996
1328	320.4999864
1329	320.4999864
1330	320.3999996
1331	320.4999864
1332	320.3999996
1333	320.3999996
1334	320.4999864
1335	320.3999996
1336	320.4999864
1337	320.4999864
1338	320.4999864
1339	320.3000128
1340	320.3000128
1341	320.600003
1342	320.4999864
1343	320.6999898
1344	320.6999898
1345	320.4999864
1346	320.4999864
1347	320.4999864
1348	320.3000128
1349	320.1999962
1350	320.1999962
1351	320.1999962
1352	320.1000094
1353	320.1999962
1354	320.3999996
1355	320.4999864
1356	320.4999864
1357	320.3999996
1358	320.1999962
1359	320.3999996
1360	320.4999864
1361	320.3999996
1362	320.4999864
1363	320.1999962
1364	320.3999996
1365	320.3999996
1366	320.4999864
1367	320.6999898
1368	320.4999864
1369	320.3999996
1370	320.3000128
1371	320.3000128
1372	320.3999996
1373	320.4999864
1374	320.1999962
1375	320.3999996
1376	320.4999864
1377	320.4999864
1378	320.4999864
1379	320.6999898
1380	320.8999932
1381	320.8000064
1382	320.600003
1383	320.4999864
1384	320.3999996
1385	320.3000128
1386	320.3000128
1387	320.1999962
1388	320.3999996
1389	320.600003
1390	320.4999864
1391	320.4999864
1392	320.4999864
1393	320.4999864
1394	320.4999864
1395	320.3000128
1396	320.4999864
1397	320.4999864
1398	320.6999898
1399	320.6999898
1400	320.600003
1401	320.8999932
1402	320.8999932
1403	320.8000064
1404	320.8999932
1405	321.0000098
1406	321.0000098
1407	320.8999932
1408	320.8999932
1409	320.8999932
1410	320.8999932
1411	320.6999898
1412	320.4999864
1413	320.4999864
1414	320.4999864
1415	320.3999996
1416	320.3999996
1417	320.4999864
1418	320.3999996
1419	320.4999864
1420	320.4999864
1421	320.4999864
1422	320.4999864
1423	320.600003
1424	320.6999898
1425	320.6999898
1426	320.8000064
1427	320.600003
1428	320.6999898
1429	320.6999898
1430	320.8000064
1431	320.8999932
1432	320.6999898
1433	320.8999932
1434	320.8999932
1435	320.8999932
1436	320.8999932
1437	320.6999898
1438	320.6999898
1439	320.600003
1440	320.600003
1441	320.4999864
1442	320.4999864
1443	320.600003
1444	320.8000064
1445	321.0000098
1446	320.8000064
1447	320.8999932
1448	320.8000064
1449	320.8000064
1450	320.6999898
1451	320.8999932
1452	320.8999932
1453	320.8000064
1454	320.8999932
1455	320.4999864
1456	320.4999864
1457	320.3000128
1458	320.3000128
1459	320.4999864
1460	320.4999864
1461	320.3999996
1462	320.4999864
1463	320.4999864
1464	320.3999996
1465	320.3999996
1466	320.6999898
1467	320.600003
1468	320.4999864
1469	320.4999864
1470	320.3999996
1471	320.600003
1472	320.4999864
1473	320.8000064
1474	320.8000064
1475	320.8999932
1476	320.6999898
1477	320.600003
1478	320.4999864
1479	320.4999864
1480	320.600003
1481	320.6999898
1482	320.600003
1483	320.600003
1484	320.4999864
1485	320.4999864
1486	320.4999864
1487	320.4999864
1488	320.600003
1489	320.4999864
1490	320.4999864
1491	320.4999864
1492	320.3999996
1493	320.3000128
1494	320.3999996
1495	320.3000128
1496	320.3000128
1497	320.3000128
1498	320.1999962
1499	320.1999962
1500	320.3999996
1501	320.3000128
1502	320.4999864
1503	320.3999996
1504	320.3999996
1505	320.1999962
1506	320.3999996
1507	320.3000128
1508	320.3999996
1509	320.1999962
1510	320.3000128
1511	320.3000128
1512	320.1999962
1513	320.3999996
1514	320.1000094
1515	319.9000061
1516	320.1999962
1517	320.1999962
1518	320.1999962
1519	319.9999928
1520	319.5999861
1521	319.5999861
1522	319.7999895
1523	319.9000061
1524	319.5999861
1525	319.5999861
1526	319.2000091
1527	319.0000057
1528	318.8999891
1529	318.8999891
1530	318.8999891
1531	318.8999891
1532	318.8000023
1533	318.8999891
1534	318.8000023
1535	318.8000023
1536	318.8999891
1537	318.8999891
1538	319.0000057
1539	319.0000057
1540	319.4999993
1541	319.7000027
1542	320.1999962
1543	320.1999962
1544	320.600003
1545	320.4999864
1546	320.600003
1547	320.8000064
1548	320.8000064
1549	321.0000098
1550	321.0000098
1551	321.3
1552	321.3
1553	321.3999867
1554	321.5000033
1555	321.2000132
1556	321.0000098
1557	320.8999932
1558	321.0000098
1559	320.8000064
1560	320.8999932
1561	320.8999932
1562	321.0000098
1563	321.3999867
1564	321.3999867
1565	321.3999867
1566	321.5000033
1567	321.5999901
1568	321.3999867
1569	321.3
1570	321.5000033
1571	321.3999867
1572	321.5000033
1573	321.5999901
1574	321.5000033
1575	321.3
1576	321.5000033
1577	321.5000033
1578	321.5999901
1579	321.5000033
1580	321.3
1581	321.3
1582	321.5000033
1583	321.5000033
1584	321.5000033
1585	321.3999867
1586	321.2000132
1587	321.2000132
1588	321.0999966
1589	320.8999932
1590	321.0000098
1591	321.0000098
1592	321.2000132
1593	321.0999966
1594	320.8999932
1595	321.0999966
1596	320.8999932
1597	320.6999898
1598	320.8000064
1599	320.600003
1600	320.4999864
1601	320.4999864
1602	320.4999864
1603	320.3999996
1604	320.600003
1605	320.6999898
1606	320.8999932
1607	320.8999932
1608	321.0000098
1609	321.0999966
1610	321.3
1611	321.5000033
1612	321.3999867
1613	321.3
1614	321.3999867
1615	321.2000132
1616	321.0999966
1617	321.0000098
1618	320.8999932
1619	320.8999932
1620	321.0000098
1621	321.0999966
1622	321.2000132
1623	321.3999867
1624	321.3999867
1625	321.0999966
1626	321.0999966
1627	321.2000132
1628	320.8999932
1629	320.8999932
1630	320.8999932
1631	320.8999932
1632	320.8999932
1633	320.8999932
1634	321.2000132
1635	321.0999966
1636	321.0000098
1637	320.8999932
1638	320.8999932
1639	320.6999898
1640	320.6999898
1641	320.6999898
1642	320.8000064
1643	320.6999898
1644	320.8999932
1645	320.8999932
1646	321.2000132
1647	320.8999932
1648	321.0999966
1649	321.0999966
1650	321.0999966
1651	320.8999932
1652	320.4999864
1653	320.600003
1654	320.3000128
1655	320.4999864
1656	320.3000128
1657	320.1999962
1658	320.3000128
1659	320.4999864
1660	320.1999962
1661	320.3000128
1662	320.3000128
1663	320.3000128
1664	320.4999864
1665	320.600003
1666	320.3000128
1667	320.4999864
1668	320.4999864
1669	320.4999864
1670	320.4999864
1671	320.4999864
1672	320.4999864
1673	320.4999864
1674	320.3000128
1675	320.4999864
1676	320.4999864
1677	320.4999864
1678	320.3999996
1679	320.3999996
1680	320.1000094
1681	319.9999928
1682	320.1000094
1683	320.3000128
1684	320.4999864
1685	320.4999864
1686	320.600003
1687	320.3999996
1688	320.600003
1689	320.4999864
1690	320.600003
1691	320.600003
1692	320.4999864
1693	320.6999898
1694	320.8999932
1695	320.8999932
1696	321.0999966
1697	321.0999966
1698	320.8000064
1699	320.8000064
1700	320.8000064
1701	321.0000098
1702	321.3999867
1703	321.7999935
1704	321.9999969
1705	322.2000003
1706	322.4999905
1707	322.8000104
1708	323.1000006
1709	323.5999942
1710	323.5999942
1711	323.3999908
1712	323.0000138
1713	321.7000067
1714	320.8999932
1715	319.4000125
1716	317.6000118
1717	315.4999912
1718	314.3999875
1719	312.5
1720	311.1000061
1721	309.8999858
1722	309.5999956
1723	308.8000119
1724	308.2000017
1725	308.0999851
1726	308.0999851
1727	308.2999885
1728	308.6000085
1729	308.8999987
1730	309.1999888
1731	309.5999956
1732	310.2000058
1733	310.4000092
1734	311.1000061
1735	311.8000031
1736	312.5
1737	312.7999902
1738	313.3000135
1739	313.8000071
1740	314.0999973
1741	314.3999875
1742	314.7999942
1743	315.2999878
1744	315.6000078
1745	315.6000078
1746	315.8000112
1747	316.1000013
1748	316.0000145
1749	316.3000047
1750	316.3999915
1751	316.5999949
1752	316.9000149
1753	317.0000017
1754	317.2999918
1755	317.4000084
1756	317.6000118
1757	317.6999986
1758	317.7999854
1759	317.6999986
1760	317.9999888
1761	317.7999854
1762	317.900002
1763	317.9999888
1764	317.9999888
1765	318.1999922
1766	318.3000088
1767	318.599999
1768	318.599999
1769	318.6999857
1770	318.8999891
1771	318.6999857
1772	318.8999891
1773	318.8999891
1774	319.0999925
1775	319.0000057
1776	319.0999925
1777	319.2000091
1778	319.2000091
1779	319.4000125
1780	319.2999959
1781	319.2999959
1782	319.2000091
1783	319.0999925
1784	319.2999959
1785	319.4000125
1786	319.4000125
1787	319.4000125
1788	319.4000125
1789	319.4999993
1790	319.4999993
1791	319.5999861
1792	319.4999993
1793	319.4000125
1794	319.5999861
1795	319.5999861
1796	319.5999861
1797	319.5999861
1798	319.5999861
1799	319.4999993
1800	319.5999861
1801	319.4000125
1802	319.4000125
1803	319.5999861
1804	319.4999993
1805	319.4999993
1806	319.5999861
1807	319.5999861
1808	319.5999861
1809	319.5999861
1810	319.5999861
1811	319.5999861
1812	319.7000027
1813	319.9000061
1814	319.9000061
1815	319.9000061
1816	319.9000061
1817	319.9000061
1818	319.7999895
1819	319.9000061
1820	319.7999895
1821	319.7000027
1822	319.9000061
1823	319.7999895
1824	319.7999895
1825	319.9000061
1826	319.7999895
1827	319.9000061
1828	319.9000061
1829	319.7000027
1830	319.7000027
1831	319.7999895
1832	319.9000061
1833	319.7999895
1834	319.7999895
1835	319.7000027
1836	319.7999895
1837	319.7999895
1838	319.5999861
1839	319.9000061
1840	320.1000094
1841	319.9000061
1842	319.9000061
1843	319.9000061
1844	319.9000061
1845	319.7000027
1846	319.5999861
1847	319.7000027
1848	319.9000061
1849	319.7999895
1850	319.7999895
1851	319.7000027
1852	319.5999861
1853	319.5999861
1854	319.5999861
1855	319.5999861
1856	319.5999861
1857	319.5999861
1858	319.5999861
1859	319.5999861
1860	319.7000027
1861	319.5999861
1862	319.5999861
1863	319.5999861
1864	319.5999861
1865	319.7000027
1866	319.7999895
1867	319.7999895
1868	319.5999861
1869	319.7000027
1870	319.7999895
1871	319.7999895
1872	319.7999895
1873	319.7000027
1874	319.5999861
1875	319.5999861
1876	319.5999861
1877	319.4000125
1878	319.4000125
1879	319.4000125
1880	319.5999861
1881	319.5999861
1882	319.9000061
1883	319.7999895
1884	319.7000027
1885	319.7000027
1886	319.5999861
1887	319.7999895
1888	319.9000061
1889	319.9000061
1890	319.9999928
1891	319.9999928
1892	320.1000094
1893	319.9999928
1894	319.9000061
1895	319.9000061
1896	319.9000061
1897	319.7999895
1898	319.7000027
1899	319.9000061
1900	319.9000061
1901	319.9000061
1902	319.9000061
1903	319.9000061
1904	319.9000061
1905	320.1000094
1906	319.9000061
1907	319.7999895
1908	319.7999895
1909	319.7999895
1910	319.7999895
1911	319.7999895
1912	319.7999895
1913	319.7000027
1914	319.9000061
1915	319.9000061
1916	319.9999928
1917	319.9000061
1918	320.1000094
1919	319.9000061
1920	319.7999895
1921	319.5999861
1922	319.7999895
1923	319.7000027
1924	319.7999895
1925	319.7000027
1926	319.7000027
1927	319.7999895
1928	319.7999895
1929	319.9000061
1930	319.9000061
1931	319.9000061
1932	319.9000061
1933	319.9000061
1934	320.1000094
1935	319.9999928
1936	319.9000061
1937	320.1000094
1938	320.1999962
1939	320.1999962
1940	320.1000094
1941	320.1000094
1942	319.9000061
1943	319.9000061
1944	319.9000061
1945	319.9000061
1946	319.7000027
1947	319.5999861
1948	319.5999861
1949	319.7000027
1950	319.5999861
1951	319.7999895
1952	319.7999895
1953	319.7000027
1954	319.7000027
1955	319.5999861
1956	319.7000027
1957	319.5999861
1958	319.7000027
1959	319.7000027
1960	319.7000027
1961	319.5999861
1962	319.9000061
1963	319.9000061
1964	319.9000061
1965	319.7999895
1966	319.7000027
1967	319.7000027
1968	319.5999861
1969	319.5999861
1970	319.4999993
1971	319.5999861
1972	319.4000125
1973	319.5999861
1974	319.5999861
1975	319.5999861
1976	319.4000125
1977	319.4999993
1978	319.4999993
1979	319.4999993
1980	319.4999993
1981	319.5999861
1982	319.7000027
1983	319.5999861
1984	319.5999861
1985	319.5999861
1986	319.7000027
1987	319.5999861
1988	319.5999861
1989	319.5999861
1990	319.7000027
1991	319.7000027
1992	319.5999861
1993	319.7000027
1994	319.5999861
1995	319.5999861
1996	319.9000061
1997	319.7999895
1998	319.5999861
1999	319.0000057
2000	318.8000023
2001	318.599999
2002	318.3000088
2003	318.3000088
2004	318.3000088
2005	318.3000088
2006	318.5000122
2007	318.599999
2008	318.6999857
2009	318.8999891
2010	319.0999925
2011	319.2999959
2012	319.4000125
2013	319.4999993
2014	319.7000027
2015	319.9000061
2016	319.9999928
2017	320.1999962
2018	320.3000128
2019	320.4999864
2020	320.4999864
2021	320.4999864
2022	320.600003
2023	320.4999864
2024	320.4999864
2025	320.6999898
2026	320.8000064
2027	320.6999898
2028	320.8000064
2029	320.8999932
2030	320.8999932
2031	320.8000064
2032	320.600003
2033	320.4999864
2034	320.3999996
2035	320.4999864
2036	320.600003
2037	320.600003
2038	320.6999898
2039	320.8999932
2040	321.0000098
2041	320.8999932
2042	320.8999932
2043	321.0000098
2044	320.8999932
2045	320.8999932
2046	321.0000098
2047	320.8999932
2048	320.8000064
2049	320.4999864
2050	320.8000064
2051	320.6999898
2052	320.8000064
2053	320.8000064
2054	320.8999932
2055	320.8999932
2056	321.0999966
2057	320.8999932
2058	321.0999966
2059	321.0999966
2060	321.2000132
2061	321.0999966
2062	320.8999932
2063	320.8999932
2064	320.600003
2065	320.6999898
2066	320.4999864
2067	320.3000128
2068	320.4999864
2069	320.4999864
2070	320.8000064
2071	320.600003
2072	320.6999898
2073	321.0000098
2074	320.8000064
2075	321.2000132
2076	321.2000132
2077	321.0999966
2078	320.8999932
2079	321.0999966
2080	320.8999932
2081	320.8999932
2082	321.0999966
2083	321.0999966
2084	320.8999932
2085	320.8999932
2086	320.8000064
2087	320.600003
2088	320.1999962
2089	320.1999962
2090	319.9000061
2091	319.9999928
2092	320.3000128
2093	320.3000128
2094	320.1999962
2095	320.1000094
2096	320.1000094
2097	320.1999962
2098	320.3999996
2099	320.4999864
2100	320.3999996
2101	320.1999962
2102	320.1999962
2103	320.1999962
2104	320.4999864
2105	320.4999864
2106	320.3999996
2107	319.9999928
2108	320.1999962
2109	320.3000128
2110	320.3000128
2111	320.3999996
2112	320.4999864
2113	320.1999962
2114	320.3999996
2115	320.3000128
2116	320.3000128
2117	320.3000128
2118	320.1999962
2119	320.3000128
2120	320.1999962
2121	320.1999962
2122	320.3999996
2123	320.4999864
2124	320.4999864
2125	320.4999864
2126	320.3999996
2127	320.3999996
2128	320.3000128
2129	320.4999864
2130	320.3999996
2131	320.3000128
2132	320.4999864
2133	320.4999864
2134	320.4999864
2135	320.3999996
2136	320.4999864
2137	320.3999996
2138	320.6999898
2139	320.8000064
2140	320.4999864
2141	320.3999996
2142	320.3999996
2143	320.3999996
2144	320.3000128
2145	320.3000128
2146	320.3999996
2147	320.4999864
2148	320.4999864
2149	320.4999864
2150	320.600003
2151	320.600003
2152	320.600003
2153	320.600003
2154	320.4999864
2155	320.4999864
2156	320.6999898
2157	320.600003
2158	320.4999864
2159	320.4999864
2160	320.4999864
2161	320.3000128
2162	320.3999996
2163	320.4999864
2164	320.4999864
2165	320.4999864
2166	320.3999996
2167	320.4999864
2168	320.3999996
2169	320.3999996
2170	320.3000128
2171	320.3000128
2172	319.9000061
2173	319.5999861
2174	319.7000027
2175	319.9999928
2176	320.8000064
2177	321.2000132
2178	321.3999867
2179	321.7000067
2180	322.1000135
2181	322.4000037
2182	322.6000071
2183	323.1000006
2184	322.4999905
2185	322.4999905
2186	321.9000101
2187	320.4999864
2188	318.599999
2189	317.4999952
2190	315.4000044
2191	313.4999871
2192	311.6999865
2193	310.6999993
2194	309.5000088
2195	308.4999919
2196	307.7999949
2197	307.5000048
2198	307.3000014
2199	307.3999882
2200	307.7999949
2201	307.9999983
2202	308.4000051
2203	308.8999987
2204	309.3000054
2205	309.7000122
2206	310.2000058
2207	310.7999861
2208	310.9999895
2209	311.5000129
2210	312.0999932
2211	312.5
2212	312.9000068
2213	313.3000135
2214	313.8999939
2215	314.2000139
2216	314.3999875
2217	314.7000074
2218	315.1000142
2219	315.4000044
2220	315.4000044
2221	315.6999946
2222	316.0000145
2223	316.0000145
2224	316.0000145
2225	316.3000047
2226	316.5999949
2227	316.5999949
2228	316.7000115
2229	317.0000017
2230	317.0000017
2231	317.0000017
2232	316.9000149
2233	317.0000017
2234	317.2999918
2235	317.4000084
2236	317.6000118
2237	317.6000118
2238	317.7999854
2239	317.9999888
2240	317.9999888
2241	318.1000054
2242	318.1999922
2243	318.3000088
2244	318.3000088
2245	318.3000088
2246	318.3000088
2247	318.3000088
2248	318.3000088
2249	318.3000088
2250	318.3000088
2251	318.3000088
2252	318.3000088
2253	318.3999956
2254	318.3999956
2255	318.3999956
2256	318.3999956
2257	318.599999
2258	318.599999
2259	318.599999
2260	318.599999
2261	318.3000088
2262	318.3999956
2263	318.599999
2264	318.599999
2265	318.599999
2266	318.8000023
2267	318.599999
2268	318.6999857
2269	318.599999
2270	318.599999
2271	318.6999857
2272	318.8000023
2273	318.8000023
2274	318.8000023
2275	318.8999891
2276	318.6999857
2277	318.599999
2278	318.8000023
2279	318.599999
2280	317.9999888
2281	318.1999922
2282	318.1000054
2283	318.1999922
2284	318.1999922
2285	318.3000088
2286	318.1999922
2287	318.3000088
2288	317.9999888
2289	317.9999888
2290	317.9999888
2291	318.1000054
2292	318.6999857
2293	318.8999891
2294	318.8000023
2295	318.8000023
2296	318.8999891
2297	318.8999891
2298	318.8000023
2299	318.8000023
2300	318.8000023
2301	318.8000023
2302	318.599999
2303	318.5000122
2304	318.599999
2305	318.6999857
2306	318.599999
2307	318.6999857
2308	318.599999
2309	318.6999857
2310	318.599999
2311	318.599999
2312	318.5000122
2313	318.599999
2314	318.599999
2315	318.599999
2316	318.6999857
2317	318.599999
2318	318.599999
2319	318.599999
2320	318.6999857
2321	318.599999
2322	318.599999
2323	318.599999
2324	318.599999
2325	318.599999
2326	318.6999857
2327	318.599999
2328	318.599999
2329	318.599999
2330	318.3999956
2331	318.5000122
2332	318.5000122
2333	318.3999956
2334	318.599999
2335	318.8000023
2336	318.8000023
2337	318.8000023
2338	318.599999
2339	318.599999
2340	318.599999
2341	318.599999
2342	318.6999857
2343	318.6999857
2344	318.599999
2345	318.599999
2346	318.599999
2347	318.5000122
2348	318.599999
2349	318.599999
2350	318.599999
2351	318.5000122
2352	318.5000122
2353	318.599999
2354	318.599999
2355	318.599999
2356	318.599999
2357	318.5000122
2358	318.3000088
2359	318.3999956
2360	318.5000122
2361	318.3999956
2362	318.3999956
2363	318.5000122
2364	318.5000122
2365	318.3000088
2366	318.3000088
2367	318.1000054
2368	318.1999922
2369	318.3000088
2370	318.3999956
2371	318.3000088
2372	318.3999956
2373	318.599999
2374	318.5000122
2375	318.5000122
2376	318.599999
2377	318.599999
2378	318.3999956
2379	318.3000088
2380	318.3999956
2381	318.3000088
2382	318.3999956
2383	318.3000088
2384	318.3999956
2385	318.3999956
2386	318.3999956
2387	318.3999956
2388	318.3999956
2389	318.599999
2390	318.5000122
2391	318.1999922
2392	318.1999922
2393	318.3000088
2394	318.3000088
2395	318.1000054
2396	318.1000054
2397	318.3999956
2398	318.3000088
2399	318.3999956
2400	318.599999
2401	318.599999
2402	318.599999
2403	318.599999
2404	318.599999
2405	318.5000122
2406	318.599999
2407	318.3000088
2408	318.3000088
2409	318.3000088
2410	318.3000088
2411	318.3000088
2412	318.3000088
2413	318.3000088
2414	318.3000088
2415	318.3000088
2416	318.1000054
2417	318.1000054
2418	317.9999888
2419	318.1999922
2420	318.1000054
2421	318.1000054
2422	318.3000088
2423	318.3000088
2424	317.9999888
2425	318.1000054
2426	317.9999888
2427	317.9999888
2428	318.1000054
2429	318.1999922
2430	318.3000088
2431	318.3999956
2432	318.3000088
2433	318.3000088
2434	318.1000054
2435	318.3000088
2436	318.3000088
2437	318.3000088
2438	318.3999956
2439	318.5000122
2440	318.3999956
2441	318.599999
2442	318.599999
2443	318.599999
2444	318.5000122
2445	318.5000122
2446	318.5000122
2447	318.3000088
2448	318.3000088
2449	318.1999922
2450	318.1999922
2451	317.9999888
2452	318.1000054
2453	318.1999922
2454	318.1999922
2455	318.1999922
2456	318.1999922
2457	318.1999922
2458	318.1999922
2459	318.3000088
2460	318.1999922
2461	318.1000054
2462	318.1999922
2463	318.1999922
2464	318.1999922
2465	318.1999922
2466	318.1000054
2467	318.1999922
2468	318.3000088
2469	318.3000088
2470	318.599999
2471	318.1999922
2472	317.6000118
2473	317.2999918
2474	317.0999885
2475	317.0000017
2476	316.7000115
2477	316.5000081
2478	316.5999949
2479	316.5999949
2480	316.7000115
2481	316.7000115
2482	316.9000149
2483	317.0000017
2484	317.2000051
2485	317.4000084
2486	317.6000118
2487	317.7999854
2488	317.9999888
2489	317.9999888
2490	318.1000054
2491	318.1000054
2492	318.3000088
2493	318.1999922
2494	318.3999956
2495	318.599999
2496	318.8999891
2497	319.2000091
2498	319.2000091
2499	319.0999925
2500	319.0999925
2501	318.8000023
2502	318.8000023
2503	318.8999891
2504	318.8999891
2505	319.2000091
2506	319.2000091
2507	319.2999959
2508	319.0999925
2509	318.8999891
2510	319.0999925
2511	319.0000057
2512	318.8999891
2513	318.8000023
2514	318.6999857
2515	318.6999857
2516	318.8999891
2517	318.6999857
2518	318.6999857
2519	318.5000122
2520	318.3999956
2521	318.3000088
2522	318.3999956
2523	318.5000122
2524	318.599999
2525	318.599999
2526	318.599999
2527	318.599999
2528	318.599999
2529	318.6999857
2530	318.5000122
2531	318.599999
2532	318.599999
2533	318.599999
2534	318.6999857
2535	318.599999
2536	319.0000057
2537	319.0000057
2538	318.8999891
2539	319.0999925
2540	319.0000057
2541	319.2000091
2542	319.0999925
2543	319.0000057
2544	319.0000057
2545	318.8999891
2546	319.0000057
2547	318.8999891
2548	319.0000057
2549	318.8999891
2550	318.8000023
2551	318.8999891
2552	318.8999891
2553	319.0000057
2554	318.8999891
2555	318.8999891
2556	318.8999891
2557	318.8999891
2558	318.6999857
2559	318.8999891
2560	318.8000023
2561	318.8999891
2562	318.3999956
2563	318.3000088
2564	318.599999
2565	318.599999
2566	318.599999
2567	318.5000122
2568	318.599999
2569	318.5000122
2570	319.2000091
2571	318.8999891
2572	318.8999891
2573	319.0000057
2574	319.2000091
2575	319.0999925
2576	319.0999925
2577	318.8999891
2578	319.0000057
2579	319.0999925
2580	319.2000091
2581	319.2000091
2582	319.0000057
2583	318.8999891
2584	318.599999
2585	318.5000122
2586	318.6999857
2587	318.599999
2588	318.8000023
2589	318.8000023
2590	319.0000057
2591	318.8999891
2592	319.0000057
2593	318.8999891
2594	318.8000023
2595	318.6999857
2596	318.599999
2597	318.8999891
2598	318.8999891
2599	318.8999891
2600	319.2000091
2601	319.0999925
2602	319.2000091
2603	319.4000125
2604	319.0999925
2605	319.0000057
2606	319.0000057
2607	318.8000023
2608	318.8000023
2609	318.6999857
2610	318.599999
2611	318.599999
2612	318.599999
2613	318.5000122
2614	318.599999
2615	318.8000023
2616	318.8999891
2617	318.8999891
2618	319.0000057
2619	318.6999857
2620	318.8000023
2621	319.0999925
2622	319.2000091
2623	318.8999891
2624	319.2000091
2625	318.8999891
2626	318.8999891
2627	318.6999857
2628	318.8999891
2629	318.8999891
2630	319.0999925
2631	318.8999891
2632	319.0000057
2633	318.8999891
2634	319.0000057
2635	318.8000023
2636	318.6999857
2637	318.8000023
2638	318.6999857
2639	318.6999857
2640	318.599999
2641	318.8000023
2642	318.5000122
2643	318.599999
2644	318.8999891
2645	318.8000023
2646	318.6999857
2647	318.599999
2648	318.6999857
2649	319.0999925
2650	319.2000091
2651	319.5999861
2652	319.9999928
2653	320.1000094
2654	320.4999864
2655	321.0000098
2656	321.3999867
2657	321.2000132
2658	321.2000132
2659	320.4999864
2660	319.2000091
2661	318.3000088
2662	316.1999881
2663	314.2000139
2664	313.1000102
2665	311.1999929
2666	309.5999956
2667	308.2000017
2668	307.5999916
2669	306.6999912
2670	306.1000109
2671	305.5999875
2672	305.7000041
2673	305.5000007
2674	305.7000041
2675	306.3000143
2676	306.400001
2677	307.0000112
2678	307.5000048
2679	307.9999983
2680	308.2999885
2681	309.1999888
2682	309.799999
2683	310.4000092
2684	310.6000125
2685	311.1999929
2686	311.5999997
2687	311.6999865
2688	312.0999932
2689	312.5999868
2690	312.9000068
2691	312.9000068
2692	313.4000003
2693	313.6000037
2694	313.8000071
2695	313.8999939
2696	314.3000007
2697	314.3999875
2698	314.5999908
2699	314.7999942
2700	315.1000142
2701	315.1000142
2702	315.4000044
2703	315.4999912
2704	315.4000044
2705	315.4000044
2706	315.4000044
2707	315.4999912
2708	315.6999946
2709	315.8999979
2710	316.0000145
2711	316.1000013
2712	316.1000013
2713	316.0000145
2714	316.0000145
2715	316.0000145
2716	316.1000013
2717	316.1999881
2718	316.1000013
2719	316.1999881
2720	316.5999949
2721	316.5999949
2722	316.7000115
2723	316.7000115
2724	316.7000115
2725	316.7999983
2726	316.7000115
2727	316.7999983
2728	317.0000017
2729	317.0000017
2730	316.5999949
2731	316.3999915
2732	314.7000074
2733	313.8000071
2734	312.9000068
2735	313.3000135
2736	314.3999875
2737	314.5999908
2738	315.2999878
2739	315.6999946
2740	315.8999979
2741	316.0000145
2742	316.1999881
2743	316.3000047
2744	316.3000047
2745	316.3999915
2746	316.3999915
2747	316.5000081
2748	316.5000081
2749	316.7000115
2750	316.5999949
2751	316.7000115
2752	316.7000115
2753	316.5999949
2754	316.5999949
2755	316.5999949
2756	316.5000081
2757	316.7000115
2758	316.7999983
2759	316.7000115
2760	316.7000115
2761	316.7999983
2762	316.7999983
2763	316.9000149
2764	316.7999983
2765	316.7000115
2766	317.2999918
2767	317.0999885
2768	317.4000084
2769	316.5000081
2770	316.1999881
2771	315.8000112
2772	315.4999912
2773	315.200001
2774	314.9000108
2775	314.5999908
2776	314.3000007
2777	313.8999939
2778	313.8000071
2779	313.6999905
2780	313.4000003
2781	312.9999936
2782	312.7999902
2783	312.7000034
2784	312.5
2785	312.2000098
2786	312.0999932
2787	312.0000064
2788	311.8999898
2789	311.8000031
2790	311.6999865
2791	311.8000031
2792	311.3999963
2793	311.5000129
2794	311.5000129
2795	311.5000129
2796	311.1999929
2797	311.1000061
2798	311.1000061
2799	311.1999929
2800	311.1999929
2801	311.3000095
2802	311.1999929
2803	310.9999895
2804	311.1999929
2805	311.1999929
2806	311.1999929
2807	311.1000061
2808	311.1000061
2809	310.9000027
2810	310.9999895
2811	311.1999929
2812	310.9000027
2813	310.9999895
2814	310.9999895
2815	311.3000095
2816	311.3999963
2817	311.5999997
2818	311.6999865
2819	312.9000068
2820	312.9000068
2821	312.7999902
2822	312.7999902
2823	312.5999868
2824	312.7000034
2825	312.5999868
2826	312.9000068
2827	312.5
2828	312.7999902
2829	312.9000068
2830	312.5999868
2831	312.5999868
2832	312.9000068
2833	312.9000068
2834	312.5999868
2835	312.9000068
2836	312.9999936
2837	313.1000102
2838	312.9000068
2839	313.1999969
2840	313.1000102
2841	313.3000135
2842	313.1999969
2843	313.3000135
2844	313.1999969
2845	313.1999969
2846	312.9999936
2847	313.1999969
2848	313.3000135
2849	313.4000003
2850	313.4999871
2851	313.6000037
2852	313.4999871
2853	313.8000071
2854	313.6000037
2855	313.4999871
2856	313.4999871
2857	313.4000003
2858	313.6000037
2859	313.4999871
2860	313.6999905
2861	313.6000037
2862	313.6999905
2863	313.8000071
2864	313.6999905
2865	313.8000071
2866	313.8999939
2867	313.8000071
2868	313.8000071
2869	313.6999905
2870	313.8000071
2871	313.8000071
2872	314.0000105
2873	314.0000105
2874	314.0999973
2875	314.0000105
2876	313.8999939
2877	314.0999973
2878	313.8999939
2879	314.0999973
2880	314.0999973
2881	314.3999875
2882	314.3000007
2883	314.0999973
2884	314.2000139
2885	314.2000139
2886	314.0999973
2887	314.0000105
2888	314.0999973
2889	314.0000105
2890	314.0000105
2891	313.8999939
2892	314.0000105
2893	314.3000007
2894	314.2000139
2895	314.5000041
2896	314.5000041
2897	314.5000041
2898	314.5000041
2899	314.5999908
2900	314.3999875
2901	314.3999875
2902	314.2000139
2903	314.3999875
2904	314.7000074
2905	314.7000074
2906	314.7000074
2907	314.7999942
2908	314.7000074
2909	314.7000074
2910	314.9000108
2911	314.9000108
2912	315.1000142
2913	315.1000142
2914	314.9999976
2915	315.1000142
2916	315.2999878
2917	315.4000044
2918	315.4000044
2919	315.200001
2920	315.6000078
2921	315.4999912
2922	315.6000078
2923	315.6999946
2924	315.6000078
2925	315.4999912
2926	315.2999878
2927	315.6000078
2928	315.6999946
2929	315.4999912
2930	315.4000044
2931	315.200001
2932	315.4000044
2933	315.4000044
2934	315.4000044
2935	315.6999946
2936	315.8000112
2937	315.8000112
2938	315.6999946
2939	315.6999946
2940	315.6999946
2941	315.6000078
2942	315.6000078
2943	316.0000145
2944	315.6999946
2945	315.6999946
2946	315.1000142
2947	314.9000108
2948	314.7000074
2949	314.5999908
2950	314.3999875
2951	314.7000074
2952	314.5999908
2953	314.7000074
2954	314.9000108
2955	315.1000142
2956	315.4000044
2957	315.4999912
2958	315.8999979
2959	316.1999881
2960	316.3000047
2961	316.5999949
2962	316.7999983
2963	317.0000017
2964	317.2000051
2965	317.2999918
2966	317.6000118
2967	317.6000118
2968	317.6000118
2969	317.6999986
2970	317.6000118
2971	317.4000084
2972	317.7999854
2973	318.1000054
2974	318.3999956
2975	318.3000088
2976	318.3000088
2977	318.3000088
2978	318.1000054
2979	317.9999888
2980	318.3999956
2981	318.599999
2982	318.5000122
2983	318.5000122
2984	318.6999857
2985	318.8999891
2986	318.8999891
2987	319.0000057
2988	319.0000057
2989	319.0999925
2990	319.2000091
2991	319.0999925
2992	319.2000091
2993	319.2000091
2994	319.2999959
2995	319.4000125
2996	319.2999959
2997	319.2000091
2998	319.2999959
2999	319.5999861
3000	319.5999861
3001	319.2999959
3002	319.4999993
3003	319.4999993
3004	319.2000091
3005	319.0999925
3006	319.2000091
3007	319.4000125
3008	319.4000125
3009	319.5999861
3010	319.5999861
3011	319.9000061
3012	319.7999895
3013	319.7999895
3014	319.9000061
3015	319.9000061
3016	319.7000027
3017	319.5999861
3018	319.4999993
3019	319.4999993
3020	319.4999993
3021	319.4999993
3022	319.4000125
3023	319.2000091
3024	319.2999959
3025	319.4999993
3026	319.4999993
3027	319.5999861
3028	319.5999861
3029	319.4000125
3030	319.2000091
3031	319.2000091
3032	319.2000091
3033	319.2000091
3034	319.0000057
3035	319.2000091
3036	319.0999925
3037	319.4999993
3038	319.4000125
3039	319.5999861
3040	319.4999993
3041	319.5999861
3042	319.5999861
3043	319.9000061
3044	319.9000061
3045	319.9999928
3046	319.9999928
3047	319.7999895
3048	319.7999895
3049	319.9000061
3050	319.5999861
3051	319.2000091
3052	319.2000091
3053	319.2000091
3054	319.4000125
3055	319.4999993
3056	319.7999895
3057	319.5999861
3058	319.7000027
3059	319.7000027
3060	319.5999861
3061	319.7000027
3062	319.4999993
3063	319.4999993
3064	319.4999993
3065	319.2000091
3066	319.2000091
3067	319.2000091
3068	319.4000125
3069	319.5999861
3070	319.7000027
3071	319.9000061
3072	319.9999928
3073	319.7999895
3074	319.2999959
3075	319.2999959
3076	319.2000091
3077	319.2000091
3078	319.2999959
3079	319.4000125
3080	319.9000061
3081	320.1000094
3082	319.9999928
3083	319.9999928
3084	319.9000061
3085	319.7000027
3086	319.9000061
3087	319.7999895
3088	319.9000061
3089	319.9000061
3090	319.9000061
3091	319.9000061
3092	319.7999895
3093	320.1000094
3094	319.9999928
3095	319.9000061
3096	319.9999928
3097	319.9999928
3098	319.9999928
3099	319.9000061
3100	319.9000061
3101	319.9000061
3102	319.7000027
3103	319.7000027
3104	319.9999928
3105	319.9999928
3106	320.1999962
3107	319.9999928
3108	320.1000094
3109	319.9999928
3110	319.7000027
3111	319.5999861
3112	319.4000125
3113	319.4999993
3114	319.5999861
3115	319.5999861
3116	319.5999861
3117	319.5999861
3118	319.5999861
3119	319.5999861
3120	319.2999959
3121	319.5999861
3122	320.1000094
3123	320.4999864
3124	320.8999932
3125	321.2000132
3126	321.3
3127	321.7000067
3128	321.7000067
3129	321.9999969
3130	322.1000135
3131	321.7000067
3132	321.2000132
3133	319.7000027
3134	317.9999888
3135	315.8000112
3136	314.5000041
3137	312.2999966
3138	310.0999892
3139	308.2999885
3140	307.5000048
3141	306.1000109
3142	305.0000072
3143	304.3000102
3144	303.9999902
3145	303.7999868
3146	303.7999868
3147	303.7999868
3148	303.9999902
3149	304.399997
3150	304.8000038
3151	305.0999939
3152	305.9000075
3153	306.6999912
3154	307.2000146
3155	307.5000048
3156	308.0999851
3157	308.6000085
3158	309.1999888
3159	309.3999922
3160	310.0999892
3161	310.6000125
3162	311.1999929
3163	311.3999963
3164	311.6999865
3165	311.8000031
3166	312.2000098
3167	312.2999966
3168	312.5999868
3169	312.7999902
3170	312.7999902
3171	313.1000102
3172	313.4999871
3173	313.8000071
3174	313.6999905
3175	314.0999973
3176	314.0000105
3177	314.0000105
3178	314.0999973
3179	314.3999875
3180	314.5999908
3181	314.9999976
3182	315.1000142
3183	315.2999878
3184	315.4000044
3185	315.4000044
3186	315.4999912
3187	315.4999912
3188	315.6999946
3189	315.8000112
3190	315.8999979
3191	315.8000112
3192	316.0000145
3193	316.0000145
3194	316.1000013
3195	316.3000047
3196	316.1000013
3197	316.0000145
3198	316.1999881
3199	316.3999915
3200	316.1000013
3201	316.1999881
3202	316.1999881
3203	316.3000047
3204	316.5999949
3205	316.5999949
3206	316.5000081
3207	316.3999915
3208	316.5999949
3209	316.3999915
3210	316.7000115
3211	316.7000115
3212	316.7000115
3213	316.7000115
3214	316.7000115
3215	316.7000115
3216	316.7000115
3217	316.7000115
3218	316.7999983
3219	316.7999983
3220	316.9000149
3221	316.7000115
3222	316.5000081
3223	316.7000115
3224	316.7000115
3225	316.7000115
3226	316.7000115
3227	316.5999949
3228	316.7000115
3229	316.7000115
3230	316.7999983
3231	316.7000115
3232	316.9000149
3233	316.7999983
3234	317.0000017
3235	317.0000017
3236	317.0000017
3237	317.0999885
3238	317.2000051
3239	316.9000149
3240	317.0000017
3241	317.0000017
3242	316.9000149
3243	316.7999983
3244	316.9000149
3245	316.9000149
3246	316.7999983
3247	316.9000149
3248	316.9000149
3249	317.0999885
3250	317.0999885
3251	317.2000051
3252	317.2999918
3253	317.4000084
3254	317.4999952
3255	317.4999952
3256	317.4000084
3257	317.4999952
3258	317.4999952
3259	317.6000118
3260	317.6000118
3261	317.4999952
3262	317.4999952
3263	317.4000084
3264	317.4999952
3265	317.4000084
3266	317.2999918
3267	317.4999952
3268	317.4000084
3269	317.4999952
3270	317.6000118
3271	317.2999918
3272	317.2999918
3273	317.2999918
3274	317.4999952
3275	317.6000118
3276	317.6999986
3277	317.6000118
3278	317.6000118
3279	317.6000118
3280	317.6000118
3281	317.6999986
3282	317.6000118
3283	317.6000118
3284	317.6000118
3285	317.2999918
3286	317.6000118
3287	317.4000084
3288	317.6000118
3289	317.6000118
3290	317.6999986
3291	317.6999986
3292	317.7999854
3293	317.7999854
3294	317.7999854
3295	317.900002
3296	317.900002
3297	317.900002
3298	317.7999854
3299	317.9999888
3300	317.9999888
3301	317.9999888
3302	318.1000054
3303	317.9999888
3304	317.7999854
3305	317.7999854
3306	317.900002
3307	317.900002
3308	317.6000118
3309	317.9999888
3310	317.9999888
3311	317.900002
3312	317.9999888
3313	317.7999854
3314	317.6000118
3315	317.6000118
3316	317.4999952
3317	317.4999952
3318	317.4000084
3319	317.4999952
3320	317.4000084
3321	317.6000118
3322	317.7999854
3323	317.6000118
3324	317.7999854
3325	317.7999854
3326	317.900002
3327	317.9999888
3328	317.9999888
3329	317.9999888
3330	317.9999888
3331	317.9999888
3332	318.1000054
3333	318.1000054
3334	317.7999854
3335	317.7999854
3336	317.6999986
3337	317.6999986
3338	317.6000118
3339	317.6000118
3340	317.6000118
3341	317.6999986
3342	317.900002
3343	317.7999854
3344	317.900002
3345	317.7999854
3346	317.6999986
3347	317.6999986
3348	317.6000118
3349	317.4999952
3350	317.2999918
3351	317.2000051
3352	317.0999885
3353	317.2999918
3354	317.4000084
3355	317.7999854
3356	317.900002
3357	317.900002
3358	317.900002
3359	317.7999854
3360	317.900002
3361	317.9999888
3362	317.9999888
3363	317.900002
3364	317.7999854
3365	317.6999986
3366	317.6000118
3367	317.6000118
3368	317.6999986
3369	317.900002
3370	317.9999888
3371	317.9999888
3372	317.900002
3373	318.1000054
3374	317.9999888
3375	317.7999854
3376	317.9999888
3377	317.900002
3378	317.9999888
3379	317.9999888
3380	317.900002
3381	317.900002
3382	317.7999854
3383	317.9999888
3384	317.9999888
3385	317.9999888
3386	318.1999922
3387	317.9999888
3388	317.9999888
3389	317.9999888
3390	317.7999854
3391	317.900002
3392	317.900002
3393	317.9999888
3394	318.1000054
3395	317.9999888
3396	318.1000054
3397	317.9999888
3398	318.1999922
3399	317.9999888
3400	317.900002
3401	317.7999854
3402	317.6000118
3403	317.4999952
3404	317.4000084
3405	317.6999986
3406	317.7999854
3407	317.6000118
3408	317.6000118
3409	317.6000118
3410	317.6999986
3411	317.7999854
3412	317.6000118
3413	317.6999986
3414	317.6000118
3415	317.900002
3416	317.900002
3417	317.9999888
3418	317.900002
3419	317.4000084
3420	317.4999952
3421	317.0000017
3422	316.7000115
3423	316.5000081
3424	316.3999915
3425	316.3999915
3426	316.5000081
3427	316.5999949
3428	316.5999949
3429	316.5999949
3430	316.7000115
3431	316.9000149
3432	317.2000051
3433	317.2999918
3434	317.4999952
3435	317.7999854
3436	317.9999888
3437	318.1999922
3438	318.5000122
3439	318.6999857
3440	318.8000023
3441	318.8000023
3442	318.6999857
3443	319.0000057
3444	318.8999891
3445	319.2000091
3446	319.2999959
3447	319.4000125
3448	319.2000091
3449	319.2000091
3450	319.0999925
3451	319.0999925
3452	319.0000057
3453	319.0999925
3454	319.0000057
3455	319.2000091
3456	319.2999959
3457	319.4000125
3458	319.2000091
3459	319.4000125
3460	319.2000091
3461	319.2999959
3462	319.2000091
3463	319.2999959
3464	319.4999993
3465	319.4000125
3466	319.5999861
3467	319.2000091
3468	319.4000125
3469	319.4000125
3470	319.4999993
3471	319.5999861
3472	319.7000027
3473	319.7000027
3474	319.5999861
3475	319.4999993
3476	319.4000125
3477	319.2999959
3478	319.2999959
3479	319.2999959
3480	319.5999861
3481	319.5999861
3482	319.7000027
3483	319.5999861
3484	319.4999993
3485	319.5999861
3486	319.5999861
3487	319.7999895
3488	319.9000061
3489	320.1000094
3490	319.7999895
3491	319.5999861
3492	319.7000027
3493	319.5999861
3494	319.5999861
3495	319.5999861
3496	319.9000061
3497	319.7000027
3498	319.5999861
3499	319.2000091
3500	319.2999959
3501	319.2999959
3502	319.4000125
3503	319.4000125
3504	319.5999861
3505	319.4000125
3506	319.4999993
3507	319.2999959
3508	319.4999993
3509	319.5999861
3510	319.5999861
3511	319.5999861
3512	319.5999861
3513	319.5999861
3514	319.7000027
3515	319.4999993
3516	319.5999861
3517	319.4999993
3518	319.5999861
3519	319.4999993
3520	319.4000125
3521	319.4999993
3522	319.5999861
3523	319.7000027
3524	319.7000027
3525	319.5999861
3526	319.4999993
3527	319.5999861
3528	319.7000027
3529	319.5999861
3530	319.4000125
3531	319.5999861
3532	319.4999993
3533	319.5999861
3534	319.9000061
3535	319.7999895
3536	319.9000061
3537	319.9999928
3538	319.9000061
3539	319.9000061
3540	319.5999861
3541	319.7000027
3542	319.9000061
3543	319.9000061
3544	319.7999895
3545	319.9000061
3546	319.7000027
3547	319.4999993
3548	319.5999861
3549	319.5999861
3550	319.5999861
3551	319.7000027
3552	319.7000027
3553	319.5999861
3554	319.4000125
3555	319.5999861
3556	319.2999959
3557	319.2000091
3558	319.4000125
3559	319.4000125
3560	319.5999861
3561	319.4999993
3562	319.4999993
3563	319.4000125
3564	319.4000125
3565	319.5999861
3566	319.4000125
3567	319.4000125
3568	319.4999993
3569	319.5999861
3570	319.5999861
3571	319.5999861
3572	319.5999861
3573	319.4000125
3574	319.5999861
3575	319.2000091
3576	319.2000091
3577	319.2000091
3578	319.4000125
3579	319.2999959
3580	319.4999993
3581	319.7000027
3582	319.5999861
3583	319.5999861
3584	319.7000027
3585	319.5999861
3586	319.4999993
3587	319.5999861
3588	319.5999861
3589	319.7999895
3590	319.7999895
3591	319.5999861
3592	319.5999861
3593	319.2999959
3594	319.5999861
3595	319.9000061
3596	320.1999962
3597	320.4999864
3598	320.8999932
3599	321.0000098
3600	321.2000132
3601	321.3999867
3602	321.5000033
3603	321.5000033
3604	321.5999901
3605	321.0999966
3606	320.1000094
3607	319.2000091
3608	317.2999918
3609	314.9999976
3610	312.5
3611	311.3000095
3612	309.3000054
3613	307.7999949
3614	306.6000044
3615	305.9999943
3616	305.2000105
3617	304.8000038
3618	304.5000136
3619	304.5000136
3620	304.6999872
3621	304.8999906
3622	305.5000007
3623	305.7000041
3624	306.400001
3625	306.8000078
3626	307.099998
3627	307.7000082
3628	308.2000017
3629	308.6999953
3630	308.9999855
3631	309.5000088
3632	309.8999858
3633	310.4000092
3634	310.6000125
3635	311.1000061
3636	311.3000095
3637	311.6999865
3638	311.8000031
3639	311.8999898
3640	312.2000098
3641	312.4000132
3642	312.5
3643	312.7000034
3644	312.9000068
3645	313.3000135
3646	313.3000135
3647	313.6999905
3648	313.8000071
3649	314.2000139
3650	314.3999875
3651	314.3999875
3652	314.5000041
3653	314.7000074
3654	314.7000074
3655	314.7000074
3656	314.7000074
3657	314.7999942
3658	315.200001
3659	315.1000142
3660	315.1000142
3661	315.1000142
3662	315.4000044
3663	315.4000044
3664	315.4999912
3665	315.6000078
3666	315.6999946
3667	315.8000112
3668	315.8999979
3669	316.0000145
3670	315.8999979
3671	315.6999946
3672	315.4000044
3673	315.6000078
3674	315.6999946
3675	315.6999946
3676	315.6999946
3677	316.0000145
3678	316.1999881
3679	316.0000145
3680	316.1999881
3681	316.1999881
3682	316.0000145
3683	316.0000145
3684	316.0000145
3685	316.1999881
3686	316.1000013
3687	316.0000145
3688	316.1000013
3689	316.3000047
3690	316.1999881
3691	316.1999881
3692	316.1999881
3693	316.3000047
3694	316.3999915
3695	316.3999915
3696	316.3999915
3697	316.7000115
3698	316.7000115
3699	316.7000115
3700	316.7000115
3701	316.5999949
3702	316.7000115
3703	317.0000017
3704	317.0000017
3705	317.2999918
3706	317.2000051
3707	317.0000017
3708	317.0000017
3709	317.0000017
3710	316.7999983
3711	316.9000149
3712	317.0000017
3713	317.0000017
3714	317.0000017
3715	317.0999885
3716	317.0000017
3717	317.0000017
3718	316.7999983
3719	316.9000149
3720	316.7999983
3721	317.0000017
3722	317.2000051
3723	317.0999885
3724	317.0999885
3725	317.2000051
3726	317.2000051
3727	317.2999918
3728	317.2999918
3729	317.6000118
3730	317.2999918
3731	317.4000084
3732	317.4999952
3733	317.2999918
3734	317.2999918
3735	317.2999918
3736	317.2000051
3737	317.2000051
3738	317.0999885
3739	316.9000149
3740	316.7000115
3741	316.5999949
3742	316.7000115
3743	316.7000115
3744	317.0000017
3745	317.0000017
3746	317.0999885
3747	317.0999885
3748	317.0000017
3749	317.0000017
3750	317.0000017
3751	316.7000115
3752	316.7000115
3753	316.5999949
3754	316.3999915
3755	316.3999915
3756	316.5000081
3757	316.5000081
3758	316.5000081
3759	316.5000081
3760	316.5999949
3761	316.5000081
3762	316.7000115
3763	316.7999983
3764	316.7999983
3765	316.9000149
3766	316.7999983
3767	317.0000017
3768	317.0000017
3769	317.0000017
3770	316.9000149
3771	317.0000017
3772	316.9000149
3773	317.0000017
3774	316.9000149
3775	316.7999983
3776	316.9000149
3777	316.7000115
3778	316.7000115
3779	316.7999983
3780	316.7999983
3781	316.9000149
3782	316.9000149
3783	317.0000017
3784	317.0000017
3785	317.0000017
3786	317.0000017
3787	317.0000017
3788	317.0000017
3789	317.0999885
3790	317.2000051
3791	317.2000051
3792	317.2000051
3793	317.2999918
3794	317.2999918
3795	317.4000084
3796	317.6000118
3797	317.6000118
3798	317.6000118
3799	317.6000118
3800	317.4999952
3801	317.4000084
3802	317.6000118
3803	317.4000084
3804	317.2999918
3805	317.4999952
3806	317.6000118
3807	317.6000118
3808	317.4000084
3809	317.6000118
3810	317.4999952
3811	317.6000118
3812	317.6000118
3813	317.7999854
3814	317.6000118
3815	317.900002
3816	317.7999854
3817	317.7999854
3818	317.7999854
3819	317.6999986
3820	317.7999854
3821	317.7999854
3822	317.900002
3823	317.9999888
3824	317.900002
3825	317.900002
3826	317.7999854
3827	317.6999986
3828	317.9999888
3829	317.900002
3830	317.900002
3831	317.6000118
3832	317.6000118
3833	317.4000084
3834	317.2999918
3835	317.4999952
3836	317.4999952
3837	317.6999986
3838	317.4000084
3839	317.6000118
3840	317.4999952
3841	317.2999918
3842	317.2999918
3843	317.4999952
3844	317.6000118
3845	317.6000118
3846	317.6000118
3847	317.6000118
3848	317.4999952
3849	317.6000118
3850	317.6999986
3851	317.6999986
3852	317.4999952
3853	317.4999952
3854	317.4000084
3855	317.2999918
3856	317.2999918
3857	317.2999918
3858	317.2999918
3859	317.4000084
3860	317.4000084
3861	317.6000118
3862	317.6000118
3863	317.6000118
3864	317.6000118
3865	317.6000118
3866	317.6000118
3867	317.4999952
3868	317.6999986
3869	317.6999986
3870	317.6999986
3871	317.6999986
3872	317.6000118
3873	317.6000118
3874	317.6000118
3875	317.4999952
3876	317.4999952
3877	317.4000084
3878	317.6000118
3879	317.6000118
3880	317.6000118
3881	317.4000084
3882	317.6000118
3883	317.4999952
3884	317.6999986
3885	317.6000118
3886	317.6000118
3887	317.6000118
3888	317.6999986
3889	317.9999888
3890	317.900002
3891	317.7999854
3892	317.2999918
3893	316.7999983
3894	316.5999949
3895	316.3999915
3896	316.1000013
3897	316.3000047
3898	316.3000047
3899	316.0000145
3900	316.3999915
3901	316.5999949
3902	316.7000115
3903	317.0000017
3904	317.2999918
3905	317.2999918
3906	317.2999918
3907	317.4999952
3908	317.9999888
3909	318.3000088
3910	318.1999922
3911	318.3000088
3912	318.599999
3913	318.3999956
3914	318.3999956
3915	318.3999956
3916	318.5000122
3917	318.599999
3918	318.599999
3919	318.599999
3920	318.8000023
3921	318.8999891
3922	318.8999891
3923	319.0000057
3924	319.2000091
3925	319.4999993
3926	319.4999993
3927	319.2000091
3928	319.5999861
3929	319.4000125
3930	319.4000125
3931	319.2999959
3932	319.2999959
3933	319.5999861
3934	319.5999861
3935	319.4999993
3936	319.2000091
3937	319.2000091
3938	319.2000091
3939	319.0999925
3940	319.0000057
3941	319.0999925
3942	319.0999925
3943	319.2000091
3944	319.2000091
3945	319.0999925
3946	318.6999857
3947	318.5000122
3948	318.8000023
3949	318.599999
3950	318.599999
3951	318.6999857
3952	318.599999
3953	318.599999
3954	318.8000023
3955	319.0000057
3956	318.8999891
3957	319.0000057
3958	318.8999891
3959	318.8999891
3960	318.8999891
3961	318.6999857
3962	318.6999857
3963	318.8999891
3964	318.599999
3965	318.599999
3966	318.599999
3967	318.3999956
3968	318.599999
3969	318.599999
3970	318.8000023
3971	318.6999857
3972	318.8999891
3973	319.2000091
3974	319.2000091
3975	319.2000091
3976	319.4000125
3977	319.0999925
3978	319.0000057
3979	319.0999925
3980	319.0999925
3981	318.8999891
3982	318.8999891
3983	318.8000023
3984	318.8000023
3985	318.8000023
3986	318.8000023
3987	318.599999
3988	318.6999857
3989	318.599999
3990	318.8000023
3991	318.8999891
3992	318.8999891
3993	319.2000091
3994	319.2999959
3995	319.2999959
3996	319.2000091
3997	318.8999891
3998	319.0000057
3999	318.599999
4000	318.6999857
4001	318.8999891
4002	318.8000023
4003	318.8000023
4004	318.6999857
4005	318.599999
4006	318.599999
4007	318.599999
4008	318.6999857
4009	318.8999891
4010	318.8999891
4011	318.599999
4012	318.6999857
4013	318.6999857
4014	318.6999857
4015	318.6999857
4016	318.8999891
4017	318.8999891
4018	318.8999891
4019	318.8999891
4020	319.0999925
4021	319.2000091
4022	319.0000057
4023	319.0000057
4024	319.0000057
4025	319.2000091
4026	319.0000057
4027	319.0000057
4028	319.0000057
4029	319.2000091
4030	319.0999925
4031	319.2000091
4032	319.2000091
4033	319.2999959
4034	319.4999993
4035	319.4000125
4036	319.2000091
4037	319.0999925
4038	319.2000091
4039	319.0000057
4040	318.8999891
4041	318.8000023
4042	318.8999891
4043	318.599999
4044	318.6999857
4045	318.5000122
4046	318.6999857
4047	318.6999857
4048	318.599999
4049	318.6999857
4050	318.8999891
4051	319.0000057
4052	318.8000023
4053	319.0000057
4054	319.0999925
4055	319.0999925
4056	319.0999925
4057	319.0000057
4058	318.8999891
4059	318.8999891
4060	318.6999857
4061	318.599999
4062	318.599999
4063	318.599999
4064	317.0000017
4065	318.8000023
4066	318.599999
4067	318.5000122
4068	318.6999857
4069	319.2000091
4070	319.9000061
4071	319.9999928
4072	320.3000128
4073	320.4999864
4074	320.8000064
4075	320.8999932
4076	321.2000132
4077	321.0999966
4078	320.6999898
4079	320.3999996
4080	319.4000125
4081	317.9999888
4082	316.1000013
4083	315.4000044
4084	312.7999902
4085	310.6000125
4086	308.8999987
4087	308.0999851
4088	306.6000044
4089	305.7000041
4090	305.4000139
4091	305.0999939
4092	305.0000072
4093	305.0999939
4094	305.4000139
4095	305.7000041
4096	306.3000143
4097	306.6999912
4098	307.0000112
4099	307.3999882
4100	307.9000115
4101	308.2999885
4102	308.6000085
4103	309.3000054
4104	309.8999858
4105	310.4000092
4106	310.6000125
4107	311.1000061
4108	311.5000129
4109	311.8000031
4110	312.0000064
4111	312.2999966
4112	312.5999868
4113	312.7999902
4114	312.9999936
4115	313.4000003
4116	313.6000037
4117	313.6999905
4118	313.8000071
4119	314.0999973
4120	314.3999875
4121	314.3999875
4122	314.7000074
4123	314.7000074
4124	314.7999942
4125	314.7000074
4126	314.7000074
4127	314.9000108
4128	314.9000108
4129	315.1000142
4130	315.1000142
4131	315.4000044
4132	315.4000044
4133	315.1000142
4134	315.1000142
4135	315.1000142
4136	315.200001
4137	315.200001
4138	315.200001
4139	315.6000078
4140	315.6000078
4141	315.4999912
4142	315.4000044
4143	315.4000044
4144	315.4000044
4145	315.4000044
4146	315.2999878
4147	315.4999912
4148	315.4999912
4149	315.6000078
4150	315.6999946
4151	315.8999979
4152	316.0000145
4153	316.1000013
4154	316.3000047
4155	316.3999915
4156	316.5000081
4157	316.5999949
4158	316.3999915
4159	316.5000081
4160	316.5999949
4161	316.5999949
4162	316.5999949
4163	316.5999949
4164	316.5999949
4165	316.3999915
4166	316.5000081
4167	316.3999915
4168	316.5999949
4169	316.5000081
4170	316.5999949
4171	316.3999915
4172	316.5999949
4173	316.5999949
4174	316.7000115
4175	316.5999949
4176	316.7999983
4177	316.9000149
4178	316.9000149
4179	316.7000115
4180	316.7000115
4181	316.7999983
4182	316.5999949
4183	316.5999949
4184	316.3999915
4185	316.3000047
4186	316.3000047
4187	316.3000047
4188	316.3000047
4189	316.5000081
4190	316.5000081
4191	316.7000115
4192	316.7000115
4193	316.7999983
4194	316.7999983
4195	316.7999983
4196	316.7000115
4197	316.5999949
4198	316.7000115
4199	316.7999983
4200	317.0000017
4201	316.9000149
4202	316.7999983
4203	316.9000149
4204	317.0999885
4205	317.0000017
4206	317.0000017
4207	316.9000149
4208	316.9000149
4209	316.9000149
4210	316.9000149
4211	316.7999983
4212	316.7000115
4213	316.7000115
4214	316.7000115
4215	316.3999915
4216	316.3999915
4217	316.5999949
4218	316.5000081
4219	316.5000081
4220	316.5999949
4221	316.5999949
4222	316.7999983
4223	316.7999983
4224	316.5999949
4225	316.7000115
4226	316.9000149
4227	316.5000081
4228	316.5000081
4229	316.3999915
4230	316.5000081
4231	316.5999949
4232	316.7000115
4233	316.7000115
4234	316.7000115
4235	317.0000017
4236	317.2000051
4237	317.0000017
4238	317.2999918
4239	317.2999918
4240	317.4999952
4241	317.4000084
4242	317.6000118
4243	317.6000118
4244	317.6000118
4245	317.4000084
4246	317.2999918
4247	317.4000084
4248	317.2999918
4249	317.2999918
4250	317.4000084
4251	317.2999918
4252	317.2999918
4253	317.2999918
4254	317.2999918
4255	317.2999918
4256	317.4999952
4257	317.2000051
4258	317.4000084
4259	317.2999918
4260	317.2999918
4261	317.4000084
4262	317.2999918
4263	317.4999952
4264	317.6000118
4265	317.6000118
4266	317.4999952
4267	317.6000118
4268	317.6000118
4269	317.4999952
4270	317.6000118
4271	317.6000118
4272	317.6999986
4273	317.6999986
4274	317.6000118
4275	317.4999952
4276	317.6000118
4277	317.6000118
4278	317.4000084
4279	317.4999952
4280	317.4000084
4281	317.4999952
4282	317.2999918
4283	317.2999918
4284	317.4000084
4285	317.2999918
4286	317.4999952
4287	317.2999918
4288	317.2999918
4289	317.2999918
4290	317.2000051
4291	317.2000051
4292	317.2999918
4293	317.2999918
4294	317.2000051
4295	317.2999918
4296	317.2999918
4297	317.2999918
4298	317.2999918
4299	317.2999918
4300	317.2999918
4301	317.2999918
4302	317.4000084
4303	317.4999952
4304	317.6000118
4305	317.4000084
4306	317.4000084
4307	317.4000084
4308	317.2999918
4309	317.2999918
4310	317.2000051
4311	317.0000017
4312	317.2999918
4313	317.0000017
4314	317.2999918
4315	317.2999918
4316	317.2999918
4317	317.2999918
4318	317.4000084
4319	317.4000084
4320	317.4000084
4321	317.2999918
4322	317.2999918
4323	317.2999918
4324	317.4000084
4325	317.2000051
4326	317.2999918
4327	317.2000051
4328	317.2999918
4329	317.0999885
4330	317.0000017
4331	316.9000149
4332	316.9000149
4333	317.0000017
4334	317.0000017
4335	317.0000017
4336	317.0000017
4337	316.9000149
4338	316.7000115
4339	316.7000115
4340	316.7000115
4341	317.0000017
4342	317.0000017
4343	317.0999885
4344	317.2000051
4345	317.0999885
4346	317.2000051
4347	317.0999885
4348	317.2999918
4349	317.2000051
4350	317.2999918
4351	317.2999918
4352	317.4000084
4353	317.2999918
4354	317.2999918
4355	317.2999918
4356	317.2999918
4357	317.2999918
4358	317.2000051
4359	317.0999885
4360	317.2000051
4361	317.2000051
4362	317.2999918
4363	317.4999952
4364	317.2999918
4365	317.0000017
4366	316.7999983
4367	316.3999915
4368	316.3000047
4369	315.8000112
4370	315.6999946
4371	315.6000078
4372	315.6000078
4373	315.4999912
4374	315.6999946
4375	315.8999979
4376	316.3000047
4377	316.5999949
4378	316.7000115
4379	317.0000017
4380	317.2999918
4381	317.4999952
4382	317.900002
4383	317.7999854
4384	317.9999888
4385	318.1000054
4386	317.900002
4387	317.900002
4388	317.7999854
4389	317.9999888
4390	318.1000054
4391	318.1999922
4392	318.3000088
4393	318.3000088
4394	318.3999956
4395	318.3999956
4396	318.3000088
4397	318.5000122
4398	318.8000023
4399	318.8999891
4400	318.599999
4401	318.599999
4402	318.3999956
4403	318.1999922
4404	317.9999888
4405	317.900002
4406	318.1000054
4407	318.3000088
4408	318.3000088
4409	318.3000088
4410	318.3999956
4411	318.599999
4412	318.599999
4413	318.8000023
4414	318.5000122
4415	318.1999922
4416	318.3000088
4417	318.3999956
4418	318.599999
4419	318.599999
4420	318.5000122
4421	318.5000122
4422	318.3000088
4423	318.599999
4424	318.3000088
4425	318.1000054
4426	317.9999888
4427	318.1000054
4428	317.9999888
4429	318.1000054
4430	317.9999888
4431	318.1999922
4432	318.1999922
4433	318.3000088
4434	318.1999922
4435	318.3000088
4436	317.900002
4437	317.6000118
4438	317.6000118
4439	317.6999986
4440	317.900002
4441	317.9999888
4442	318.1999922
4443	318.3000088
4444	318.3000088
4445	318.1999922
4446	318.3000088
4447	318.3000088
4448	318.1999922
4449	318.1000054
4450	317.9999888
4451	317.900002
4452	317.900002
4453	317.7999854
4454	317.6000118
4455	317.4000084
4456	317.6000118
4457	317.6000118
4458	317.6999986
4459	317.6999986
4460	317.900002
4461	317.7999854
4462	317.6999986
4463	317.900002
4464	318.3999956
4465	318.3000088
4466	318.3999956
4467	318.3000088
4468	318.3000088
4469	318.3000088
4470	318.3000088
4471	318.3999956
4472	318.599999
4473	318.599999
4474	318.599999
4475	318.599999
4476	318.599999
4477	318.599999
4478	318.5000122
4479	318.3000088
4480	318.1999922
4481	318.1999922
4482	318.3000088
4483	317.9999888
4484	318.1000054
4485	317.9999888
4486	317.7999854
4487	317.7999854
4488	317.6999986
4489	317.7999854
4490	317.900002
4491	317.900002
4492	317.9999888
4493	317.900002
4494	317.7999854
4495	317.6999986
4496	317.6000118
4497	317.6000118
4498	317.6000118
4499	317.4999952
4500	317.6999986
4501	317.7999854
4502	317.6999986
4503	317.6000118
4504	317.6000118
4505	317.4999952
4506	317.6999986
4507	317.7999854
4508	317.6999986
4509	317.4000084
4510	317.6000118
4511	317.4999952
4512	317.4999952
4513	317.900002
4514	318.1000054
4515	318.1999922
4516	318.3000088
4517	318.1000054
4518	317.6999986
4519	317.6000118
4520	317.6000118
4521	317.6999986
4522	317.6999986
4523	317.7999854
4524	317.6999986
4525	317.900002
4526	317.9999888
4527	317.9999888
4528	317.7999854
4529	317.900002
4530	317.9999888
4531	317.9999888
4532	317.9999888
4533	318.1999922
4534	317.9999888
4535	317.900002
4536	317.6999986
4537	317.900002
4538	317.9999888
4539	317.6999986
4540	317.4000084
4541	317.7999854
4542	318.1999922
4543	318.5000122
4544	318.8999891
4545	319.2999959
4546	319.7999895
4547	319.7999895
4548	319.9999928
4549	320.1999962
4550	320.3000128
4551	320.1999962
4552	319.4999993
4553	318.3000088
4554	317.6999986
4555	315.6999946
4556	313.8000071
4557	311.8000031
4558	310.9999895
4559	309.1999888
4560	307.7000082
4561	306.8000078
4562	306.3000143
4563	305.5000007
4564	305.2000105
4565	305.2000105
4566	305.0999939
4567	305.2000105
4568	305.5000007
4569	305.7000041
4570	305.9000075
4571	306.6000044
4572	307.099998
4573	307.3999882
4574	307.9999983
4575	308.6000085
4576	309.1000021
4577	309.3000054
4578	309.8999858
4579	310.2000058
4580	310.7999861
4581	310.9000027
4582	311.5000129
4583	311.8000031
4584	312.0999932
4585	312.2000098
4586	312.4000132
4587	312.5999868
4588	312.7999902
4589	312.9999936
4590	312.9999936
4591	313.1000102
4592	313.3000135
4593	313.1999969
4594	313.6000037
4595	313.6000037
4596	313.8000071
4597	313.8999939
4598	314.0999973
4599	314.0999973
4600	314.3000007
4601	314.3000007
4602	314.5000041
4603	314.3999875
4604	314.3999875
4605	314.3999875
4606	314.3999875
4607	314.5000041
4608	314.5000041
4609	314.3999875
4610	314.7000074
4611	314.7000074
4612	314.9000108
4613	315.1000142
4614	315.1000142
4615	315.200001
4616	315.2999878
4617	315.1000142
4618	315.1000142
4619	315.1000142
4620	315.1000142
4621	315.4000044
4622	315.4000044
4623	315.4000044
4624	315.4000044
4625	315.4000044
4626	315.2999878
4627	315.4000044
4628	315.4000044
4629	315.4000044
4630	315.4999912
4631	315.4000044
4632	315.4000044
4633	315.4000044
4634	315.6000078
4635	315.4000044
4636	315.6000078
4637	315.4999912
4638	315.6000078
4639	315.6999946
4640	315.8000112
4641	315.6999946
4642	315.6999946
4643	315.4999912
4644	315.2999878
4645	315.4000044
4646	315.4000044
4647	315.4000044
4648	315.4000044
4649	315.6999946
4650	315.4000044
4651	315.6000078
4652	315.6999946
4653	315.8000112
4654	315.6999946
4655	315.8000112
4656	315.8999979
4657	316.0000145
4658	316.0000145
4659	316.0000145
4660	315.8000112
4661	315.8000112
4662	315.8999979
4663	315.8999979
4664	315.8000112
4665	315.6999946
4666	315.6000078
4667	315.4000044
4668	315.4999912
4669	315.6999946
4670	315.8000112
4671	316.0000145
4672	315.8000112
4673	316.0000145
4674	315.8999979
4675	315.8999979
4676	315.8999979
4677	316.1000013
4678	316.0000145
4679	316.1000013
4680	316.3000047
4681	316.3000047
4682	316.1999881
4683	316.3000047
4684	316.0000145
4685	316.0000145
4686	315.8999979
4687	316.0000145
4688	316.0000145
4689	316.0000145
4690	316.1000013
4691	316.3000047
4692	316.1999881
4693	316.1000013
4694	316.1000013
4695	315.8999979
4696	316.1999881
4697	316.1999881
4698	316.1999881
4699	316.0000145
4700	315.8999979
4701	316.0000145
4702	316.0000145
4703	316.1000013
4704	316.0000145
4705	316.1000013
4706	315.8999979
4707	315.8999979
4708	316.0000145
4709	315.8000112
4710	316.3999915
4711	316.3000047
4712	316.1000013
4713	316.0000145
4714	316.0000145
4715	316.0000145
4716	315.8999979
4717	315.8000112
4718	315.8999979
4719	316.0000145
4720	316.0000145
4721	315.8999979
4722	315.8999979
4723	316.0000145
4724	316.1000013
4725	316.1000013
4726	316.1000013
4727	316.1999881
4728	316.1000013
4729	316.0000145
4730	316.0000145
4731	316.0000145
4732	315.8999979
4733	316.0000145
4734	316.1000013
4735	316.1999881
4736	316.0000145
4737	316.0000145
4738	316.0000145
4739	316.0000145
4740	315.8999979
4741	315.8000112
4742	315.8999979
4743	316.0000145
4744	316.0000145
4745	316.0000145
4746	316.3000047
4747	316.3000047
4748	316.1000013
4749	316.3999915
4750	316.3000047
4751	316.1999881
4752	316.1000013
4753	316.0000145
4754	316.0000145
4755	316.0000145
4756	315.8000112
4757	315.8000112
4758	315.8000112
4759	316.0000145
4760	316.3000047
4761	316.3000047
4762	316.3999915
4763	316.1999881
4764	316.1999881
4765	316.1999881
4766	316.1000013
4767	316.1000013
4768	316.1000013
4769	316.1000013
4770	316.1000013
4771	316.1999881
4772	316.1000013
4773	316.0000145
4774	315.8999979
4775	315.8999979
4776	316.1000013
4777	316.0000145
4778	316.1000013
4779	316.3000047
4780	316.1000013
4781	315.8999979
4782	315.8000112
4783	316.0000145
4784	316.0000145
4785	316.1999881
4786	316.1000013
4787	315.8000112
4788	316.0000145
4789	316.0000145
4790	316.0000145
4791	316.1000013
4792	316.0000145
4793	316.1999881
4794	316.0000145
4795	316.1000013
4796	316.1000013
4797	316.1000013
4798	316.0000145
4799	316.1999881
4800	316.1000013
4801	316.1999881
4802	316.1999881
4803	316.1000013
4804	316.0000145
4805	316.1000013
4806	316.1000013
4807	316.0000145
4808	316.1999881
4809	316.1999881
4810	316.0000145
4811	316.0000145
4812	316.1000013
4813	316.0000145
4814	315.6999946
4815	316.0000145
4816	316.0000145
4817	316.0000145
4818	315.8999979
4819	316.0000145
4820	315.6999946
4821	315.6999946
4822	315.6999946
4823	315.8000112
4824	316.0000145
4825	316.0000145
4826	316.1000013
4827	316.0000145
4828	316.1000013
4829	316.1999881
4830	316.1999881
4831	316.3000047
4832	316.3000047
4833	316.0000145
4834	316.1999881
4835	316.1000013
4836	316.3000047
4837	316.1000013
4838	316.0000145
4839	315.8999979
4840	315.4999912
4841	315.4000044
4842	315.1000142
4843	314.7000074
4844	314.7000074
4845	314.7999942
4846	314.9000108
4847	314.9000108
4848	315.1000142
4849	315.200001
4850	315.4000044
4851	315.2999878
4852	315.8000112
4853	315.8999979
4854	316.3000047
4855	316.3999915
4856	316.7000115
4857	316.7000115
4858	317.0999885
4859	317.2999918
4860	317.4000084
4861	317.2999918
4862	317.0000017
4863	317.0999885
4864	317.2999918
4865	317.2000051
4866	317.0000017
4867	317.0999885
4868	317.2999918
4869	317.4000084
4870	317.2999918
4871	317.2999918
4872	317.2000051
4873	317.2999918
4874	317.6000118
4875	317.6000118
4876	317.7999854
4877	317.900002
4878	317.7999854
4879	317.7999854
4880	317.900002
4881	317.7999854
4882	317.9999888
4883	317.900002
4884	317.7999854
4885	317.6000118
4886	317.6000118
4887	317.4000084
4888	317.4000084
4889	317.4000084
4890	317.2999918
4891	317.4000084
4892	317.2999918
4893	317.2999918
4894	317.2999918
4895	317.2000051
4896	316.9000149
4897	317.0000017
4898	317.0000017
4899	317.0000017
4900	317.0000017
4901	316.7999983
4902	316.9000149
4903	317.0000017
4904	317.0000017
4905	317.2000051
4906	317.2999918
4907	317.2999918
4908	317.2999918
4909	317.2000051
4910	317.0999885
4911	317.2000051
4912	317.0000017
4913	317.0000017
4914	317.2000051
4915	317.2000051
4916	317.0000017
4917	317.0000017
4918	317.0000017
4919	317.2000051
4920	317.4000084
4921	317.2999918
4922	317.2999918
4923	317.4999952
4924	317.2000051
4925	317.2000051
4926	317.0000017
4927	316.7999983
4928	316.7999983
4929	317.0000017
4930	317.2000051
4931	317.4000084
4932	317.2999918
4933	317.0999885
4934	317.0999885
4935	317.0000017
4936	317.0000017
4937	317.2999918
4938	317.2999918
4939	317.0000017
4940	316.9000149
4941	316.9000149
4942	316.9000149
4943	317.0000017
4944	317.0000017
4945	317.0000017
4946	316.9000149
4947	317.0000017
4948	316.9000149
4949	316.7999983
4950	317.0000017
4951	317.0000017
4952	316.9000149
4953	317.0000017
4954	316.9000149
4955	316.7000115
4956	316.7000115
4957	316.7000115
4958	316.7000115
4959	316.7999983
4960	316.9000149
4961	316.7999983
4962	316.7000115
4963	316.7000115
4964	316.7000115
4965	316.7999983
4966	316.7000115
4967	317.0000017
4968	317.0000017
4969	317.0000017
4970	317.0000017
4971	316.9000149
4972	317.0000017
4973	317.0000017
4974	316.9000149
4975	316.7000115
4976	316.7000115
4977	316.9000149
4978	316.7999983
4979	316.7000115
4980	316.7000115
4981	316.7999983
4982	316.7000115
4983	316.7000115
4984	316.7000115
4985	316.9000149
4986	317.0000017
4987	316.9000149
4988	317.0999885
4989	317.0999885
4990	317.0000017
4991	317.0000017
4992	316.7000115
4993	316.7000115
4994	316.7000115
4995	316.7999983
4996	316.7999983
4997	316.7000115
4998	316.9000149
4999	316.7999983
5000	316.7999983
5001	317.0000017
5002	317.0999885
5003	317.0999885
5004	317.2000051
5005	317.0999885
5006	316.9000149
5007	316.7999983
5008	316.5999949
5009	316.3999915
5010	316.5999949
5011	316.5999949
5012	316.1999881
5013	316.3999915
5014	316.3999915
5015	316.7999983
5016	317.2999918
5017	317.6000118
5018	317.900002
5019	317.9999888
5020	318.3999956
5021	318.8999891
5022	318.8999891
5023	318.8999891
5024	318.8999891
5025	318.5000122
5026	317.9999888
5027	316.3999915
5028	314.5999908
5029	312.7999902
5030	311.8000031
5031	309.7000122
5032	308.2000017
5033	307.5999916
5034	306.1000109
5035	305.0999939
5036	304.5000136
5037	304.3000102
5038	304.1000068
5039	304.1000068
5040	304.399997
5041	304.5000136
5042	305.0999939
5043	305.5999875
5044	306.1000109
5045	306.400001
5046	306.6999912
5047	307.3000014
5048	307.7000082
5049	307.9999983
5050	308.4999919
5051	308.8000119
5052	309.3000054
5053	309.5999956
5054	310.0999892
5055	310.6000125
5056	310.6000125
5057	310.9999895
5058	311.3000095
5059	311.5999997
5060	311.8000031
5061	311.8999898
5062	312.2999966
5063	312.2000098
5064	312.2000098
5065	312.4000132
5066	312.5
5067	312.7999902
5068	312.5999868
5069	312.9000068
5070	313.1000102
5071	312.9999936
5072	313.1000102
5073	313.3000135
5074	313.1000102
5075	313.3000135
5076	313.4000003
5077	313.4999871
5078	313.6000037
5079	313.6000037
5080	313.8000071
5081	313.8999939
5082	313.8999939
5083	314.0000105
5084	314.0999973
5085	314.0999973
5086	314.3000007
5087	314.2000139
5088	314.3999875
5089	314.3999875
5090	314.3999875
5091	314.2000139
5092	314.3999875
5093	314.5000041
5094	314.3999875
5095	314.5000041
5096	314.5999908
5097	314.7000074
5098	314.7999942
5099	314.7000074
5100	314.7000074
5101	314.7999942
5102	314.7000074
5103	314.7000074
5104	314.9000108
5105	314.7999942
5106	314.9000108
5107	315.1000142
5108	314.9999976
5109	315.1000142
5110	314.9999976
5111	315.1000142
5112	314.9999976
5113	315.1000142
5114	315.1000142
5115	315.1000142
5116	314.9999976
5117	315.1000142
5118	315.1000142
5119	315.200001
5120	315.1000142
5121	315.1000142
5122	315.1000142
5123	315.1000142
5124	315.200001
5125	315.1000142
5126	315.1000142
5127	315.1000142
5128	315.200001
5129	315.1000142
5130	315.200001
5131	315.2999878
5132	315.4000044
5133	315.2999878
5134	315.2999878
5135	315.2999878
5136	315.4000044
5137	315.4999912
5138	315.6000078
5139	315.4000044
5140	315.4000044
5141	315.4000044
5142	315.6000078
5143	315.6000078
5144	315.6000078
5145	315.4999912
5146	315.6999946
5147	315.6000078
5148	315.6000078
5149	315.4999912
5150	315.4000044
5151	315.4999912
5152	315.4999912
5153	315.4000044
5154	315.4000044
5155	315.6000078
5156	315.6000078
5157	315.6000078
5158	315.6999946
5159	315.4000044
5160	315.4999912
5161	315.6000078
5162	315.4999912
5163	315.6000078
5164	315.4999912
5165	315.4000044
5166	315.4000044
5167	315.4000044
5168	315.4999912
5169	315.6000078
5170	315.8000112
5171	315.6999946
5172	316.0000145
5173	315.8999979
5174	316.0000145
5175	316.0000145
5176	316.0000145
5177	315.6999946
5178	316.0000145
5179	315.8000112
5180	316.0000145
5181	316.0000145
5182	316.1000013
5183	316.1000013
5184	316.0000145
5185	316.1999881
5186	316.0000145
5187	316.0000145
5188	316.1000013
5189	316.0000145
5190	316.1999881
5191	316.0000145
5192	316.0000145
5193	316.0000145
5194	316.0000145
5195	315.8000112
5196	315.6999946
5197	315.8999979
5198	315.8999979
5199	315.8999979
5200	315.8999979
5201	315.8999979
5202	315.8999979
5203	315.8000112
5204	315.6999946
5205	315.6000078
5206	315.6000078
5207	315.8000112
5208	315.6999946
5209	315.6999946
5210	315.6000078
5211	315.6999946
5212	315.6999946
5213	315.6000078
5214	315.4000044
5215	315.6999946
5216	315.6999946
5217	315.6999946
5218	315.6999946
5219	315.6999946
5220	315.4999912
5221	315.6000078
5222	315.6999946
5223	315.6999946
5224	315.6999946
5225	315.6999946
5226	315.6999946
5227	315.6000078
5228	315.6999946
5229	315.6000078
5230	315.4000044
5231	315.6000078
5232	315.6999946
5233	315.6999946
5234	315.6999946
5235	315.6000078
5236	315.6999946
5237	315.6999946
5238	315.6999946
5239	315.6999946
5240	315.6000078
5241	315.6000078
5242	315.6000078
5243	315.6000078
5244	315.6999946
5245	316.0000145
5246	315.8000112
5247	316.0000145
5248	315.8000112
5249	315.6999946
5250	315.6999946
5251	315.6999946
5252	315.6999946
5253	315.8000112
5254	315.6999946
5255	315.6999946
5256	315.6999946
5257	315.6999946
5258	315.6000078
5259	315.6999946
5260	315.6999946
5261	315.8999979
5262	315.6999946
5263	315.8000112
5264	315.6999946
5265	316.0000145
5266	315.8000112
5267	315.8999979
5268	316.0000145
5269	316.1000013
5270	316.1999881
5271	316.0000145
5272	316.3000047
5273	316.1000013
5274	316.3000047
5275	316.1000013
5276	316.1000013
5277	316.1000013
5278	316.0000145
5279	316.0000145
5280	316.1000013
5281	315.8000112
5282	315.8000112
5283	315.8999979
5284	315.6999946
5285	315.6999946
5286	315.8000112
5287	315.6999946
5288	315.6999946
5289	316.0000145
5290	315.8000112
5291	315.8000112
5292	315.8000112
5293	315.8000112
5294	315.6000078
5295	315.6000078
5296	315.6999946
5297	315.4999912
5298	315.6000078
5299	315.6000078
5300	315.6000078
5301	315.6999946
5302	315.4999912
5303	315.6000078
5304	315.6999946
5305	315.6999946
5306	315.8000112
5307	315.6000078
5308	315.6000078
5309	315.4999912
5310	315.6999946
5311	315.2999878
5312	314.9000108
5313	314.7000074
5314	314.3999875
5315	313.8999939
5316	313.8000071
5317	313.8000071
5318	313.8000071
5319	313.8000071
5320	313.8999939
5321	314.0999973
5322	314.0999973
5323	314.3999875
5324	314.7000074
5325	314.7999942
5326	315.1000142
5327	315.200001
5328	315.6000078
5329	315.6999946
5330	315.8999979
5331	315.6999946
5332	315.6999946
5333	315.4999912
5334	315.6999946
5335	315.6999946
5336	315.6999946
5337	315.6999946
5338	315.6000078
5339	315.6999946
5340	315.8000112
5341	315.8999979
5342	316.1999881
5343	315.8999979
5344	316.0000145
5345	316.0000145
5346	316.0000145
5347	316.0000145
5348	316.1000013
5349	316.1000013
5350	316.1999881
5351	316.1999881
5352	316.3999915
5353	316.3000047
5354	316.1000013
5355	316.0000145
5356	315.8999979
5357	315.6999946
5358	315.6999946
5359	315.8000112
5360	315.6999946
5361	315.6999946
5362	316.0000145
5363	316.0000145
5364	316.1000013
5365	316.0000145
5366	316.1000013
5367	316.0000145
5368	315.8999979
5369	315.8000112
5370	315.8999979
5371	315.6999946
5372	315.4000044
5373	315.1000142
5374	315.1000142
5375	314.9000108
5376	314.7999942
5377	314.9000108
5378	314.9999976
5379	315.1000142
5380	315.200001
5381	315.200001
5382	315.200001
5383	315.6000078
5384	315.6999946
5385	315.8999979
5386	315.8000112
5387	315.8999979
5388	315.8000112
5389	316.0000145
5390	315.6999946
5391	315.8000112
5392	315.6999946
5393	315.8000112
5394	315.6999946
5395	315.6000078
5396	315.6000078
5397	315.4999912
5398	315.4000044
5399	315.2999878
5400	315.1000142
5401	315.2999878
5402	315.4999912
5403	315.8000112
5404	315.8000112
5405	315.8999979
5406	315.8999979
5407	315.6999946
5408	315.4999912
5409	315.6000078
5410	315.4000044
5411	315.2999878
5412	315.4999912
5413	315.6000078
5414	315.6999946
5415	315.8000112
5416	315.8999979
5417	316.0000145
5418	316.1000013
5419	316.0000145
5420	315.6999946
5421	315.6999946
5422	315.6999946
5423	315.6999946
5424	315.6999946
5425	315.8000112
5426	315.6000078
5427	315.6999946
5428	315.6999946
5429	315.8999979
5430	315.8000112
5431	316.1000013
5432	316.0000145
5433	316.1999881
5434	316.1000013
5435	316.3000047
5436	316.0000145
5437	316.0000145
5438	316.1000013
5439	316.1000013
5440	316.3999915
5441	316.3999915
5442	316.5000081
5443	316.5000081
5444	316.5000081
5445	316.3000047
5446	316.1999881
5447	316.1999881
5448	316.5000081
5449	316.3000047
5450	316.5000081
5451	316.3999915
5452	316.1999881
5453	316.3000047
5454	316.1999881
5455	316.1999881
5456	316.1999881
5457	316.1999881
5458	316.0000145
5459	315.8000112
5460	315.8000112
5461	315.6999946
5462	315.8000112
5463	315.8000112
5464	316.0000145
5465	315.8000112
5466	315.8000112
5467	316.0000145
5468	316.3000047
5469	316.1999881
5470	316.3999915
5471	316.1999881
5472	316.0000145
5473	316.3999915
5474	316.3000047
5475	316.3000047
5476	316.1000013
5477	316.1999881
5478	316.1999881
5479	316.0000145
5480	316.0000145
5481	316.0000145
5482	316.0000145
5483	316.0000145
5484	316.1000013
5485	316.3999915
5486	316.3999915
5487	316.3999915
5488	316.5000081
5489	316.7000115
5490	316.7999983
5491	317.2999918
5492	317.6000118
5493	317.6999986
5494	317.9999888
5495	318.1999922
5496	318.3999956
5497	318.599999
5498	318.5000122
5499	317.9999888
5500	316.7000115
5501	316.0000145
5502	314.0999973
5503	312.2000098
5504	310.6000125
5505	309.5000088
5506	307.9999983
5507	306.8000078
5508	305.9000075
5509	305.4000139
5510	304.8999906
5511	304.6999872
5512	304.6000004
5513	304.6999872
5514	304.8999906
5515	305.0999939
5516	305.4000139
5517	305.7999909
5518	306.4999878
5519	307.0000112
5520	307.3000014
5521	307.7999949
5522	308.2999885
5523	308.6000085
5524	308.8999987
5525	309.3000054
5526	309.3999922
5527	309.8999858
5528	309.8999858
5529	310.2999926
5530	310.6000125
5531	310.7999861
5532	310.9999895
5533	310.9999895
5534	311.1999929
5535	311.3000095
5536	311.5000129
5537	311.5999997
5538	311.8999898
5539	311.8999898
5540	312.2000098
5541	312.2999966
5542	312.4000132
5543	312.5
5544	312.7000034
5545	312.7999902
5546	312.9000068
5547	312.9000068
5548	313.1000102
5549	313.1999969
5550	313.4999871
5551	313.3000135
5552	313.3000135
5553	313.4999871
5554	313.6000037
5555	313.4999871
5556	313.4999871
5557	313.4000003
5558	313.8000071
5559	313.6999905
5560	313.8000071
5561	313.8000071
5562	313.6999905
5563	313.6999905
5564	313.8000071
5565	313.8999939
5566	314.0000105
5567	314.0999973
5568	314.0999973
5569	314.0999973
5570	314.0999973
5571	314.2000139
5572	314.2000139
5573	314.3000007
5574	314.2000139
5575	314.3000007
5576	314.3000007
5577	314.3999875
5578	314.3999875
5579	314.5000041
5580	314.3999875
5581	314.5000041
5582	314.5000041
5583	314.5000041
5584	314.3999875
5585	314.3999875
5586	314.5000041
5587	314.5000041
5588	314.3999875
5589	314.3999875
5590	314.5000041
5591	314.7999942
5592	314.5000041
5593	314.5000041
5594	314.5000041
5595	314.3999875
5596	314.3999875
5597	314.3999875
5598	314.3999875
5599	314.3999875
5600	314.5000041
5601	314.3999875
5602	314.3000007
5603	314.2000139
5604	314.2000139
5605	314.0999973
5606	314.3999875
5607	314.5000041
5608	314.5000041
5609	314.5000041
5610	314.5999908
5611	314.3999875
5612	314.3999875
5613	314.3999875
5614	314.3999875
5615	314.5999908
5616	314.7000074
5617	314.7000074
5618	314.7000074
5619	314.7000074
5620	314.9000108
5621	314.7999942
5622	314.7000074
5623	314.7000074
5624	314.7999942
5625	314.5000041
5626	314.7000074
5627	314.9000108
5628	314.9000108
5629	314.7000074
5630	314.7999942
5631	314.7999942
5632	314.9000108
5633	314.9999976
5634	314.9999976
5635	314.9999976
5636	314.7000074
5637	314.9999976
5638	314.7999942
5639	315.1000142
5640	314.9999976
5641	315.1000142
5642	315.1000142
5643	315.1000142
5644	315.1000142
5645	314.9999976
5646	314.9000108
5647	314.9999976
5648	314.9000108
5649	314.7999942
5650	314.7999942
5651	314.7999942
5652	314.7000074
5653	314.7000074
5654	314.7000074
5655	314.5999908
5656	314.7000074
5657	314.7000074
5658	314.5000041
5659	314.7000074
5660	314.5999908
5661	314.5000041
5662	314.3999875
5663	314.7000074
5664	314.5999908
5665	314.5999908
5666	314.5000041
5667	314.7000074
5668	314.5999908
5669	314.5999908
5670	314.5999908
5671	314.5999908
5672	314.5000041
5673	314.5000041
5674	314.7000074
5675	314.5999908
5676	314.7999942
5677	314.7000074
5678	314.7999942
5679	314.7999942
5680	314.7000074
5681	314.7999942
5682	314.7999942
5683	314.9999976
5684	314.9999976
5685	314.7999942
5686	314.9999976
5687	314.7999942
5688	315.1000142
5689	314.9999976
5690	314.9000108
5691	314.9000108
5692	314.9999976
5693	314.9000108
5694	314.9999976
5695	314.7999942
5696	314.7999942
5697	314.7000074
5698	314.9000108
5699	314.7999942
5700	314.7999942
5701	314.9999976
5702	314.7999942
5703	315.1000142
5704	314.9000108
5705	315.1000142
5706	314.7999942
5707	314.7000074
5708	314.7999942
5709	314.9999976
5710	314.7999942
5711	314.7000074
5712	314.7999942
5713	314.7999942
5714	314.7999942
5715	314.7000074
5716	314.9999976
5717	314.9999976
5718	314.9000108
5719	315.1000142
5720	315.1000142
5721	314.9000108
5722	315.4000044
5723	315.4000044
5724	315.4000044
5725	315.4999912
5726	315.4000044
5727	315.4000044
5728	315.200001
5729	315.4000044
5730	315.4000044
5731	315.4000044
5732	315.2999878
5733	315.2999878
5734	315.4000044
5735	315.2999878
5736	315.1000142
5737	315.1000142
5738	315.200001
5739	315.200001
5740	315.1000142
5741	315.1000142
5742	315.1000142
5743	315.1000142
5744	315.2999878
5745	315.1000142
5746	315.1000142
5747	315.1000142
5748	315.1000142
5749	315.1000142
5750	315.1000142
5751	315.1000142
5752	315.1000142
5753	315.1000142
5754	315.2999878
5755	315.2999878
5756	315.1000142
5757	315.1000142
5758	315.1000142
5759	315.1000142
5760	315.1000142
5761	315.200001
5762	315.2999878
5763	315.1000142
5764	314.9999976
5765	314.9999976
5766	315.1000142
5767	315.2999878
5768	315.4000044
5769	315.4000044
5770	315.4000044
5771	315.1000142
5772	315.1000142
5773	315.200001
5774	315.200001
5775	315.4000044
5776	315.200001
5777	315.2999878
5778	315.200001
5779	315.200001
5780	315.4000044
5781	315.4000044
5782	315.4999912
5783	315.4000044
5784	315.4000044
5785	315.1000142
5786	314.5000041
5787	314.0999973
5788	313.8000071
5789	313.6999905
5790	313.3000135
5791	313.1999969
5792	313.3000135
5793	313.1999969
5794	313.4000003
5795	313.4999871
5796	313.6999905
5797	313.8000071
5798	313.8000071
5799	314.0999973
5800	314.3999875
5801	314.7999942
5802	315.2999878
5803	315.2999878
5804	315.4000044
5805	315.4000044
5806	315.6999946
5807	316.0000145
5808	316.0000145
5809	316.0000145
5810	316.1000013
5811	316.1000013
5812	316.1999881
5813	316.1000013
5814	316.3000047
5815	316.1000013
5816	316.3000047
5817	316.0000145
5818	316.0000145
5819	316.0000145
5820	316.1999881
5821	316.1999881
5822	316.1000013
5823	316.3000047
5824	316.3000047
5825	316.1999881
5826	316.1999881
5827	316.1000013
5828	316.3000047
5829	316.0000145
5830	316.0000145
5831	316.0000145
5832	315.8000112
5833	315.8999979
5834	315.8999979
5835	315.8999979
5836	315.6999946
5837	315.6000078
5838	315.6000078
5839	315.4999912
5840	315.6000078
5841	315.6999946
5842	315.6999946
5843	315.6999946
5844	315.6000078
5845	315.6999946
5846	315.8000112
5847	315.8000112
5848	315.6999946
5849	315.6999946
5850	315.8000112
5851	315.6000078
5852	315.4000044
5853	315.4000044
5854	315.2999878
5855	315.6999946
5856	315.6999946
5857	315.8000112
5858	315.6999946
5859	315.8999979
5860	315.8000112
5861	315.6999946
5862	315.8000112
5863	315.6999946
5864	315.6999946
5865	315.4999912
5866	315.6000078
5867	315.6999946
5868	315.6999946
5869	315.8000112
5870	315.8999979
5871	315.8999979
5872	315.8000112
5873	315.8999979
5874	315.6000078
5875	315.4999912
5876	315.4999912
5877	315.4999912
5878	315.4000044
5879	315.4000044
5880	315.4000044
5881	315.4999912
5882	315.6999946
5883	315.6000078
5884	315.6999946
5885	315.6000078
5886	315.6999946
5887	315.8000112
5888	315.6999946
5889	316.0000145
5890	316.0000145
5891	315.8000112
5892	315.8000112
5893	315.4999912
5894	315.2999878
5895	315.4000044
5896	315.4000044
5897	315.4999912
5898	315.6999946
5899	315.8000112
5900	315.8000112
5901	315.8999979
5902	316.0000145
5903	316.0000145
5904	316.1999881
5905	316.1999881
5906	316.1000013
5907	316.0000145
5908	316.0000145
5909	316.0000145
5910	316.3999915
5911	316.5000081
5912	316.7000115
5913	316.7999983
5914	317.0000017
5915	317.0999885
5916	317.0999885
5917	317.2999918
5918	317.2999918
5919	317.2999918
5920	317.2000051
5921	317.2999918
5922	317.2999918
5923	317.2999918
5924	317.2000051
5925	317.2999918
5926	317.0000017
5927	317.0000017
5928	317.0999885
5929	317.0000017
5930	317.0000017
5931	317.0000017
5932	316.9000149
5933	317.0000017
5934	316.7000115
5935	316.7000115
5936	317.0000017
5937	316.9000149
5938	316.9000149
5939	316.7999983
5940	316.7999983
5941	316.3999915
5942	316.3000047
5943	316.1000013
5944	316.1000013
5945	316.0000145
5946	316.0000145
5947	316.1999881
5948	316.3999915
5949	316.3999915
5950	316.3999915
5951	316.3000047
5952	316.1000013
5953	316.1999881
5954	316.0000145
5955	316.0000145
5956	316.1999881
5957	316.0000145
5958	316.1000013
5959	316.1999881
5960	316.1999881
5961	316.3999915
5962	316.7000115
5963	317.0000017
5964	317.4000084
5965	317.6000118
5966	317.900002
5967	318.1999922
5968	318.5000122
5969	318.599999
5970	318.8999891
5971	318.5000122
5972	317.9999888
5973	317.6000118
5974	316.1999881
5975	314.7000074
5976	313.8999939
5977	312.0999932
5978	310.2000058
5979	308.2999885
5980	307.7999949
5981	306.6000044
5982	305.5999875
5983	304.6999872
5984	304.6000004
5985	304.1999936
5986	304.1000068
5987	304.399997
5988	304.6999872
5989	305.0999939
5990	305.5000007
5991	306.3000143
5992	306.6000044
5993	307.0000112
5994	307.7000082
5995	308.0999851
5996	308.2999885
5997	308.9999855
5998	309.5000088
5999	309.5999956
6000	309.8999858
6001	310.2000058
6002	310.4999959
6003	310.6999993
6004	310.7999861
6005	311.1000061
6006	311.3000095
6007	311.5000129
6008	311.8000031
6009	311.8999898
6010	312.0999932
6011	312.2000098
6012	312.5
6013	312.7999902
6014	312.9999936
6015	312.9000068
6016	313.1999969
6017	313.1999969
6018	313.1000102
6019	313.1999969
6020	313.4999871
6021	313.6999905
6022	313.8999939
6023	313.6999905
6024	313.8000071
6025	314.0000105
6026	314.0999973
6027	314.0000105
6028	314.0999973
6029	314.0000105
6030	314.2000139
6031	314.0999973
6032	314.2000139
6033	314.3000007
6034	314.3999875
6035	314.3999875
6036	314.3000007
6037	314.5000041
6038	314.5000041
6039	314.7000074
6040	314.7000074
6041	314.7000074
6042	314.9000108
6043	314.9999976
6044	314.9000108
6045	314.7000074
6046	314.9000108
6047	314.7000074
6048	314.7999942
6049	314.7000074
6050	314.7000074
6051	314.5999908
6052	314.5999908
6053	314.7000074
6054	314.9000108
6055	314.7999942
6056	314.9000108
6057	314.9999976
6058	315.1000142
6059	314.9999976
6060	315.1000142
6061	315.1000142
6062	315.1000142
6063	315.200001
6064	315.200001
6065	315.1000142
6066	314.9999976
6067	315.1000142
6068	315.1000142
6069	315.200001
6070	315.4000044
6071	315.2999878
6072	315.2999878
6073	315.2999878
6074	315.200001
6075	315.1000142
6076	315.200001
6077	315.200001
6078	315.4000044
6079	315.1000142
6080	315.2999878
6081	315.4000044
6082	315.1000142
6083	315.1000142
6084	315.1000142
6085	315.200001
6086	315.1000142
6087	315.200001
6088	315.4000044
6089	315.2999878
6090	315.2999878
6091	315.4000044
6092	315.4000044
6093	315.2999878
6094	315.2999878
6095	315.4000044
6096	315.2999878
6097	315.200001
6098	315.200001
6099	315.200001
6100	315.4000044
6101	315.200001
6102	315.200001
6103	315.1000142
6104	315.1000142
6105	315.1000142
6106	315.1000142
6107	315.1000142
6108	315.2999878
6109	315.1000142
6110	315.4000044
6111	315.200001
6112	315.4999912
6113	315.4000044
6114	315.4000044
6115	315.6999946
6116	315.6000078
6117	315.6999946
6118	315.6000078
6119	315.6999946
6120	315.6999946
6121	315.4999912
6122	315.6999946
6123	315.4999912
6124	315.4000044
6125	315.4999912
6126	315.4999912
6127	315.6999946
6128	315.6000078
6129	315.6000078
6130	315.4000044
6131	315.4000044
6132	315.6000078
6133	315.4999912
6134	315.4000044
6135	315.4000044
6136	315.4000044
6137	315.4000044
6138	315.4999912
6139	315.4999912
6140	315.4999912
6141	315.6999946
6142	315.6999946
6143	315.6000078
6144	315.6999946
6145	315.6000078
6146	315.4000044
6147	315.4000044
6148	315.6000078
6149	315.6000078
6150	315.6000078
6151	315.6999946
6152	315.4999912
6153	315.4000044
6154	315.6999946
6155	315.4999912
6156	315.4000044
6157	315.4999912
6158	315.4999912
6159	315.4999912
6160	315.4999912
6161	315.6999946
6162	315.4999912
6163	315.6000078
6164	315.4999912
6165	315.6000078
6166	315.4999912
6167	315.4999912
6168	315.6000078
6169	315.6999946
6170	315.6999946
6171	315.6000078
6172	315.6999946
6173	315.6000078
6174	315.4999912
6175	315.6000078
6176	315.4999912
6177	315.4999912
6178	315.4000044
6179	315.4999912
6180	315.4000044
6181	315.6999946
6182	315.4000044
6183	315.4000044
6184	315.6000078
6185	315.6999946
6186	315.6999946
6187	315.6999946
6188	315.8000112
6189	315.8999979
6190	315.8000112
6191	315.6999946
6192	315.8999979
6193	315.8999979
6194	316.0000145
6195	315.8000112
6196	315.6999946
6197	315.8000112
6198	315.6999946
6199	315.6999946
6200	315.6999946
6201	315.8000112
6202	315.6000078
6203	315.6999946
6204	315.6999946
6205	315.6999946
6206	315.6999946
6207	315.4999912
6208	315.6999946
6209	315.6000078
6210	315.6999946
6211	315.6999946
6212	315.6999946
6213	315.4999912
6214	315.8000112
6215	315.6000078
6216	315.6000078
6217	315.4000044
6218	315.6000078
6219	315.6000078
6220	315.6999946
6221	315.6999946
6222	315.6999946
6223	315.6999946
6224	315.6999946
6225	315.6000078
6226	315.6000078
6227	315.6000078
6228	315.6999946
6229	315.6999946
6230	315.8000112
6231	315.8000112
6232	315.6999946
6233	315.6999946
6234	315.6999946
6235	315.4999912
6236	315.6999946
6237	315.6000078
6238	315.6999946
6239	315.8000112
6240	315.6000078
6241	315.6000078
6242	315.4999912
6243	315.4999912
6244	315.6000078
6245	315.4999912
6246	315.6000078
6247	315.6000078
6248	315.6999946
6249	315.4999912
6250	315.6999946
6251	315.6999946
6252	315.6999946
6253	315.6999946
6254	315.6000078
6255	315.6999946
6256	315.8000112
6257	315.6999946
6258	315.4000044
6259	314.9999976
6260	314.9000108
6261	314.7000074
6262	314.3999875
6263	314.0999973
6264	314.0000105
6265	313.8000071
6266	313.8000071
6267	313.8999939
6268	314.0999973
6269	314.3999875
6270	314.3999875
6271	314.3999875
6272	314.5000041
6273	314.7000074
6274	315.2999878
6275	315.4999912
6276	315.4999912
6277	315.6000078
6278	315.6999946
6279	315.6000078
6280	315.6000078
6281	315.4999912
6282	315.6999946
6283	315.6999946
6284	315.6999946
6285	315.6000078
6286	315.6999946
6287	315.8000112
6288	315.8999979
6289	316.0000145
6290	316.0000145
6291	316.0000145
6292	316.1000013
6293	316.3000047
6294	316.0000145
6295	315.8999979
6296	316.3999915
6297	315.8000112
6298	315.8999979
6299	315.6999946
6300	315.6999946
6301	315.6999946
6302	315.6999946
6303	315.6999946
6304	315.6999946
6305	315.6999946
6306	315.6999946
6307	315.6999946
6308	315.8999979
6309	316.0000145
6310	316.0000145
6311	316.0000145
6312	316.0000145
6313	316.0000145
6314	315.8999979
6315	315.6999946
6316	315.6999946
6317	315.6999946
6318	315.6999946
6319	315.6000078
6320	315.6000078
6321	315.6999946
6322	315.6999946
6323	315.4999912
6324	315.4999912
6325	315.6000078
6326	315.4999912
6327	315.4000044
6328	315.4999912
6329	315.4000044
6330	315.2999878
6331	315.200001
6332	315.4000044
6333	315.200001
6334	315.2999878
6335	315.6000078
6336	315.6000078
6337	315.6999946
6338	315.6999946
6339	315.6999946
6340	315.6000078
6341	315.4000044
6342	315.6000078
6343	315.6000078
6344	315.6999946
6345	315.6999946
6346	315.6999946
6347	315.6000078
6348	315.4999912
6349	315.4000044
6350	315.4000044
6351	315.4000044
6352	315.4999912
6353	315.4000044
6354	315.2999878
6355	315.2999878
6356	315.2999878
6357	315.2999878
6358	315.1000142
6359	314.9999976
6360	314.9999976
6361	314.9000108
6362	315.1000142
6363	314.9000108
6364	314.9000108
6365	314.9000108
6366	315.200001
6367	315.2999878
6368	315.4000044
6369	315.4000044
6370	315.4000044
6371	315.4000044
6372	315.4999912
6373	315.4999912
6374	315.4999912
6375	315.4999912
6376	315.4000044
6377	315.4000044
6378	315.4000044
6379	315.4000044
6380	315.200001
6381	315.1000142
6382	315.2999878
6383	315.2999878
6384	315.2999878
6385	315.4000044
6386	315.6999946
6387	315.6999946
6388	315.6000078
6389	315.4999912
6390	315.6000078
6391	315.4000044
6392	315.6000078
6393	315.8999979
6394	316.0000145
6395	316.0000145
6396	315.6999946
6397	315.8000112
6398	315.8000112
6399	315.6999946
6400	315.6000078
6401	315.6000078
6402	315.6999946
6403	315.6999946
6404	315.8000112
6405	316.0000145
6406	315.8000112
6407	316.0000145
6408	316.1000013
6409	316.0000145
6410	316.1999881
6411	316.3000047
6412	316.0000145
6413	316.0000145
6414	315.8999979
6415	316.0000145
6416	316.1000013
6417	316.1999881
6418	316.0000145
6419	315.6999946
6420	315.4999912
6421	315.4000044
6422	315.2999878
6423	315.200001
6424	315.2999878
6425	315.4000044
6426	315.6999946
6427	315.8000112
6428	315.6999946
6429	315.6000078
6430	315.4000044
6431	315.4999912
6432	315.4999912
6433	315.4000044
6434	315.4000044
6435	316.0000145
6436	316.1999881
6437	316.5999949
6438	317.0999885
6439	317.4999952
6440	317.6000118
6441	317.9999888
6442	317.9999888
6443	318.599999
6444	318.5000122
6445	318.3999956
6446	317.7999854
6447	316.3000047
6448	315.6999946
6449	313.6999905
6450	311.6999865
6451	309.8999858
6452	308.8999987
6453	307.3999882
6454	306.1999977
6455	305.4000139
6456	304.8999906
6457	304.399997
6458	304.3000102
6459	304.1000068
6460	304.3000102
6461	304.399997
6462	304.6999872
6463	304.8000038
6464	305.2999973
6465	305.7999909
6466	306.3000143
6467	306.4999878
6468	307.099998
6469	307.7000082
6470	308.0999851
6471	308.4000051
6472	308.6999953
6473	309.1999888
6474	309.3999922
6475	309.5000088
6476	309.8999858
6477	309.8999858
6478	310.4000092
6479	310.2999926
6480	310.6000125
6481	310.7999861
6482	310.7999861
6483	311.1999929
6484	311.5000129
6485	311.6999865
6486	311.8000031
6487	311.8000031
6488	312.0000064
6489	312.2000098
6490	312.2000098
6491	312.5
6492	312.4000132
6493	312.5
6494	312.4000132
6495	312.5
6496	312.5999868
6497	312.5
6498	312.5999868
6499	312.7999902
6500	312.7999902
6501	312.9999936
6502	312.9999936
6503	313.1000102
6504	312.9999936
6505	313.1000102
6506	313.1000102
6507	313.3000135
6508	313.4999871
6509	313.4999871
6510	313.3000135
6511	313.3000135
6512	313.4999871
6513	313.4000003
6514	313.4999871
6515	313.4999871
6516	313.4000003
6517	313.4999871
6518	313.4999871
6519	313.6000037
6520	313.6000037
6521	313.8000071
6522	313.8000071
6523	313.8000071
6524	313.8000071
6525	313.6999905
6526	313.8000071
6527	313.8000071
6528	313.6999905
6529	313.8000071
6530	313.8999939
6531	313.8000071
6532	313.8000071
6533	314.0000105
6534	314.0000105
6535	314.0999973
6536	314.0999973
6537	314.2000139
6538	314.2000139
6539	313.8000071
6540	313.8000071
6541	313.8999939
6542	313.8999939
6543	314.0000105
6544	314.0000105
6545	314.2000139
6546	314.2000139
6547	314.3999875
6548	314.3000007
6549	314.0999973
6550	314.0999973
6551	314.3000007
6552	314.0999973
6553	314.0999973
6554	314.3000007
6555	314.3999875
6556	314.3999875
6557	314.3999875
6558	314.5000041
6559	314.5999908
6560	314.3999875
6561	314.3999875
6562	314.3999875
6563	314.3999875
6564	314.3999875
6565	314.3999875
6566	314.3999875
6567	314.2000139
6568	314.3000007
6569	314.3000007
6570	314.3000007
6571	314.3000007
6572	314.2000139
6573	314.0999973
6574	314.2000139
6575	314.0999973
6576	314.2000139
6577	314.2000139
6578	314.3000007
6579	314.0999973
6580	314.0999973
6581	314.0999973
6582	314.0999973
6583	314.2000139
6584	314.0999973
6585	314.2000139
6586	314.3999875
6587	314.2000139
6588	314.0999973
6589	314.3000007
6590	314.0999973
6591	314.0999973
6592	314.0999973
6593	314.0999973
6594	314.0999973
6595	314.2000139
6596	314.3999875
6597	314.0999973
6598	314.3999875
6599	314.5000041
6600	314.3999875
6601	314.3000007
6602	314.3999875
6603	314.3999875
6604	314.3999875
6605	314.3999875
6606	314.3000007
6607	314.3000007
6608	314.3999875
6609	314.3999875
6610	314.3000007
6611	314.3999875
6612	314.2000139
6613	314.3999875
6614	314.2000139
6615	314.2000139
6616	314.0000105
6617	314.0999973
6618	314.0999973
6619	314.0000105
6620	314.0999973
6621	312.9000068
6622	314.2000139
6623	314.3000007
6624	314.3000007
6625	314.3999875
6626	314.2000139
6627	314.0999973
6628	314.0000105
6629	314.0999973
6630	314.0999973
6631	314.0000105
6632	314.0999973
6633	314.0999973
6634	314.0000105
6635	314.0999973
6636	313.8000071
6637	314.0999973
6638	314.2000139
6639	314.0999973
6640	314.0000105
6641	314.2000139
6642	314.2000139
6643	314.2000139
6644	314.2000139
6645	314.3000007
6646	314.0999973
6647	314.0999973
6648	314.0999973
6649	314.3000007
6650	314.2000139
6651	314.0999973
6652	314.3000007
6653	314.3000007
6654	314.2000139
6655	314.3999875
6656	314.0999973
6657	314.2000139
6658	314.3000007
6659	314.2000139