1	50.11999893
2	50.13999939
3	50.11999893
4	49.95000076
5	49.97000122
6	49.90999985
7	49.86999893
8	50.00999832
9	50.04999924
10	49.88999939
11	49.95000076
12	49.88999939
13	49.86999893
14	49.88999939
15	49.88999939
16	50.04999924
17	50.00999832
18	49.99000168
19	50.00999832
20	49.99000168
21	50.06000137
22	50.15999985
23	50.18000031
24	50.11999893
25	50.11999893
26	50.34999847
27	50.29000092
28	50.29000092
29	50.25999832
30	50.34999847
31	50.38999939
32	50.43000031
33	50.33000183
34	50.33000183
35	49.86999893
36	50.00999832
37	49.95000076
38	49.99000168
39	49.93000031
40	49.99000168
41	49.97000122
42	49.93000031
43	49.93000031
44	49.97000122
45	50.15999985
46	50.33000183
47	50.38999939
48	50.29000092
49	49.90999985
50	49.95000076
51	49.97000122
52	49.99000168
53	49.95000076
54	50.02999878
55	50.02999878
56	50.15999985
57	50.31000137
58	50.25999832
59	49.84999847
60	50.02999878
61	49.97000122
62	50.02999878
63	50.09999847
64	49.90999985
65	50.00999832
66	50.02999878
67	49.99000168
68	50.38999939
69	49.97000122
70	49.86999893
71	50.00999832
72	49.97000122
73	50.00999832
74	50.24000168
75	50.20000076
76	49.84999847
77	49.84000015
78	50.04999924
79	50.15999985
80	49.97000122
81	50.00999832
82	50.04999924
83	50.15999985
84	50.18000031
85	50.04999924
86	49.93000031
87	49.93000031
88	50.08000183
89	50.06000137
90	49.81999969
91	49.93000031
92	49.95000076
93	50.31000137
94	50.06000137
95	50.02999878
96	50.13999939
97	50.25999832
98	50.00999832
99	49.99000168
100	50.08000183
101	50.02999878
102	49.86999893
103	49.99000168
104	50.04999924
105	50.08000183
106	50.09999847
107	50.20000076
108	50.22000122
109	50.31000137
110	50.40999985
111	50.40999985
112	50.72999954
113	50.5
114	50.52000046
115	50.56000137
116	50.70999908
117	50.54000092
118	50.56000137
119	50.86999893
120	50.54000092
121	50.79000092
122	50.79000092
123	50.84999847
124	50.56000137
125	50.70999908
126	50.66999817
127	50.81000137
128	50.88000107
129	50.81000137
130	50.58000183
131	50.79000092
132	50.90000153
133	50.91999817
134	50.66999817
135	50.52000046
136	50.70999908
137	50.81000137
138	50.97999954
139	50.97999954
140	50.77000046
141	50.65999985
142	50.70999908
143	50.61999893
144	50.66999817
145	50.68999863
146	50.97999954
147	50.84999847
148	50.72999954
149	50.72999954
150	50.79000092
151	50.77000046
152	50.79000092
153	50.93999863
154	50.91999817
155	50.91999817
156	50.93999863
157	50.95999908
158	51.09000015
159	51.08000183
160	50.77000046
161	50.79000092
162	50.72999954
163	50.70999908
164	50.84999847
165	50.68999863
166	50.72999954
167	50.72999954
168	50.68999863
169	50.81000137
170	50.81000137
171	50.84999847
172	50.79000092
173	50.70999908
174	51.06000137
175	51.08000183
176	51.08000183
177	50.97999954
178	50.95999908
179	50.81000137
180	50.88000107
181	50.70999908
182	50.72999954
183	50.77000046
184	50.77000046
185	50.79000092
186	50.97999954
187	51.13000107
188	51.02000046
189	50.93999863
190	50.77000046
191	50.66999817
192	50.86999893
193	50.84999847
194	50.86999893
195	50.95999908
196	51.13000107
197	50.75
198	50.63999939
199	50.84999847
200	50.86999893
201	50.84999847
202	51.09000015
203	51.13000107
204	50.91999817
205	51
206	50.68999863
207	50.79000092
208	50.81000137
209	50.81000137
210	50.77000046
211	50.91999817
212	50.79000092
213	50.65999985
214	50.70999908
215	50.75
216	50.83000183
217	51.06000137
218	51.02000046
219	50.90000153
220	50.61999893
221	50.70999908
222	50.72999954
223	50.65999985
224	50.72999954
225	50.81000137
226	50.81000137
227	51
228	51.06000137
229	50.65999985
230	50.66999817
231	50.68999863
232	50.72999954
233	50.70999908
234	51
235	51
236	51.04000092
237	50.86999893
238	50.90000153
239	50.65999985
240	50.66999817
241	50.63999939
242	50.72999954
243	50.77000046
244	50.95999908
245	50.95999908
246	50.93999863
247	50.68999863
248	50.95999908
249	51
250	50.84999847
251	50.75
252	50.77000046
253	50.83000183
254	50.75
255	50.77000046
256	50.84999847
257	50.95999908
258	50.84999847
259	50.88000107
260	50.77000046
261	50.61999893
262	50.72999954
263	50.66999817
264	50.63999939
265	50.70999908
266	50.90000153
267	50.79000092
268	50.66999817
269	50.66999817
270	50.86999893
271	50.93999863
272	50.93999863
273	50.75
274	50.59999847
275	50.68999863
276	50.77000046
277	50.84999847
278	50.95999908
279	50.81000137
280	50.81000137
281	50.84999847
282	50.79000092
283	50.95999908
284	50.79000092
285	50.47999954
286	50.52000046
287	50.18000031
288	50.09999847
289	49.40000153
290	49.27999878
291	48.88000107
292	48.66999817
293	48.52000046
294	48.06000137
295	47.90999985
296	47.95000076
297	47.93000031
298	48.02000046
299	48.09999847
300	47.83000183
301	47.81000137
302	47.84999847
303	48
304	48.20000076
305	48.20000076
306	48.56000137
307	48.5
308	48.33000183
309	48.5
310	48.58000183
311	48.59999847
312	48.79000092
313	48.63000107
314	48.65000153
315	48.68999863
316	48.77000046
317	48.77000046
318	49.02000046
319	49.02999878
320	48.93999863
321	48.90000153
322	48.90000153
323	49
324	49.09000015
325	49.20999908
326	49.43000031
327	49.59000015
328	49.56999969
329	49.31999969
330	49.22999954
331	49.47000122
332	49.34000015
333	49.29999924
334	49.56999969
335	49.68000031
336	49.36000061
337	49.27999878
338	49.22999954
339	49.31999969
340	49.41999817
341	49.63000107
342	49.61000061
343	49.70000076
344	49.74000168
345	49.38000107
346	49.43000031
347	49.29999924
348	49.40000153
349	49.41999817
350	49.52999878
351	49.70000076
352	49.70000076
353	49.68000031
354	49.56999969
355	49.49000168
356	49.54999924
357	49.56999969
358	49.63000107
359	49.56999969
360	49.59000015
361	49.72000122
362	49.88999939
363	49.41999817
364	49.50999832
365	49.49000168
366	49.56999969
367	49.61000061
368	49.84000015
369	49.74000168
370	49.45000076
371	49.41999817
372	49.47000122
373	49.72000122
374	49.81999969
375	49.84000015
376	49.75999832
377	49.56999969
378	49.63000107
379	49.65999985
380	49.81999969
381	49.59000015
382	49.65999985
383	49.59000015
384	49.86999893
385	49.75999832
386	49.52999878
387	49.50999832
388	49.86999893
389	49.68000031
390	49.41999817
391	49.63999939
392	49.81999969
393	49.52999878
394	49.54999924
395	49.59000015
396	49.86999893
397	49.56999969
398	49.63000107
399	49.63999939
400	49.81999969
401	49.65999985
402	49.50999832
403	49.77999878
404	49.56999969
405	49.70000076
406	49.59000015
407	49.50999832
408	49.84000015
409	49.88999939
410	49.61000061
411	49.63000107
412	49.84999847
413	49.79999924
414	49.65999985
415	49.47000122
416	49.84000015
417	49.88999939
418	49.75999832
419	49.49000168
420	49.63999939
421	49.72000122
422	49.56999969
423	49.88999939
424	49.63000107
425	49.47000122
426	49.63999939
427	49.63000107
428	49.84999847
429	49.93000031
430	49.63999939
431	49.54999924
432	49.54999924
433	49.65999985
434	49.54999924
435	49.68000031
436	49.56999969
437	49.75999832
438	49.45000076
439	49.47000122
440	49.56999969
441	49.50999832
442	49.63999939
443	49.70000076
444	49.54999924
445	49.56999969
446	49.61000061
447	49.93000031
448	49.79999924
449	49.74000168
450	49.63999939
451	49.52999878
452	49.68000031
453	49.63999939
454	49.72000122
455	49.56999969
456	49.54999924
457	49.59000015
458	49.63999939
459	49.45000076
460	49.75999832
461	49.75999832
462	49.72000122
463	49.52999878
464	49.50999832
465	49.54999924
466	49.52999878
467	49.50999832
468	49.54999924
469	49.59000015
470	49.63999939
471	49.43000031
472	49.36000061
473	49.45000076
474	49.59000015
475	49.70000076
476	49.84000015
477	49.74000168
478	49.41999817
479	49.45000076
480	49.49000168
481	49.74000168
482	49.74000168
483	49.50999832
484	49.49000168
485	49.63999939
486	49.81999969
487	49.36000061
488	49.59000015
489	49.63000107
490	49.63000107
491	49.36000061
492	49.54999924
493	49.81999969
494	49.54999924
495	49.47000122
496	49.41999817
497	49.63999939
498	49.43000031
499	49.49000168
500	49.56999969
501	49.63000107
502	49.52999878
503	49.50999832
504	49.70000076
505	49.50999832
506	49.61000061
507	49.54999924
508	49.59000015
509	49.54999924
510	49.75999832
511	49.52999878
512	49.61000061
513	49.93000031
514	49.56999969
515	49.45000076
516	49.50999832
517	49.50999832
518	49.84000015
519	49.61000061
520	49.52999878
521	49.56999969
522	49.95000076
523	49.52999878
524	49.63000107
525	49.52999878
526	49.88999939
527	49.59000015
528	49.61000061
529	49.52999878
530	49.52999878
531	49.81999969
532	49.77999878
533	49.54999924
534	49.63000107
535	49.79999924
536	49.88999939
537	49.77999878
538	49.65999985
539	49.65999985
540	49.77999878
541	49.59000015
542	49.61000061
543	49.84000015
544	49.54999924
545	49.56999969
546	49.65999985
547	49.63999939
548	49.77999878
549	49.93000031
550	49.93000031
551	49.97000122
552	50.06000137
553	49.90999985
554	50.02999878
555	50.04999924
556	49.86999893
557	49.52999878
558	49.61000061
559	49.65999985
560	49.65999985
561	49.77999878
562	49.75999832
563	49.72000122
564	49.84999847
565	49.90999985
566	49.95000076
567	49.90999985
568	49.81999969
569	49.74000168
570	49.65999985
571	49.68000031
572	49.65999985
573	49.77999878
574	49.77999878
575	49.79999924
576	49.93000031
577	50.06000137
578	50.04999924
579	50.08000183
580	49.99000168
581	49.81999969
582	49.93000031
583	50.04999924
584	50.09999847
585	50.34999847
586	50.5
587	50.45000076
588	50.24000168
589	50.20000076
590	50.34999847
591	50.38999939
592	50.29000092
593	50.56000137
594	50.45000076
595	50.40999985
596	50.24000168
597	50.40999985
598	50.47999954
599	50.54000092
600	50.63999939
601	50.34999847
602	50.47999954
603	50.45000076
604	50.75
605	50.61999893
606	50.33000183
607	50.54000092
608	50.77000046
609	50.59999847
610	50.34999847
611	50.47999954
612	50.61999893
613	50.59999847
614	50.79000092
615	50.63999939
616	50.29000092
617	50.61999893
618	50.83000183
619	50.5
620	50.54000092
621	50.45999908
622	50.83000183
623	50.45999908
624	50.45999908
625	50.84999847
626	50.77000046
627	50.56000137
628	50.56000137
629	50.70999908
630	50.63999939
631	50.54000092
632	50.79000092
633	50.58000183
634	50.45999908
635	50.72999954
636	50.59999847
637	50.54000092
638	50.54000092
639	50.65999985
640	50.88000107
641	50.56000137
642	50.56000137
643	50.91999817
644	50.56000137
645	50.65999985
646	50.70999908
647	50.75
648	50.70999908
649	50.45000076
650	50.45999908
651	50.75
652	50.88000107
653	50.79000092
654	50.25999832
655	50.58000183
656	50.59999847
657	50.56000137
658	50.83000183
659	50.5
660	50.45999908
661	50.45000076
662	50.58000183
663	50.54000092
664	50.65999985
665	50.88000107
666	50.63999939
667	50.75
668	50.47999954
669	50.54000092
670	50.56000137
671	50.65999985
672	50.5
673	50.81000137
674	50.72999954
675	50.93999863
676	50.70999908
677	50.56000137
678	50.38999939
679	50.61999893
680	50.5
681	50.68999863
682	50.77000046
683	50.83000183
684	50.5
685	50.52000046
686	50.40999985
687	50.63999939
688	50.61999893
689	50.63999939
690	50.63999939
691	50.68999863
692	50.54000092
693	50.38999939
694	50.63999939
695	50.43000031
696	50.61999893
697	50.79000092
698	50.86999893
699	50.5
700	50.58000183
701	50.72999954
702	50.54000092
703	50.91999817
704	50.75
705	50.47999954
706	50.65999985
707	50.58000183
708	50.58000183
709	50.79000092
710	50.90000153
711	50.84999847
712	50.52000046
713	50.66999817
714	50.90000153
715	50.84999847
716	50.59999847
717	50.56000137
718	50.66999817
719	50.93999863
720	50.58000183
721	50.59999847
722	50.65999985
723	50.68999863
724	50.54000092
725	50.58000183
726	50.5
727	50.77000046
728	50.47999954
729	50.59999847
730	50.59999847
731	50.84999847
732	50.77000046
733	50.63999939
734	50.58000183
735	50.77000046
736	50.52000046
737	50.45000076
738	50.81000137
739	50.70999908
740	50.52000046
741	50.61999893
742	50.59999847
743	50.59999847
744	50.56000137
745	50.77000046
746	50.43000031
747	50.59999847
748	50.77000046
749	50.36999893
750	50.56000137
751	50.81000137
752	50.81000137
753	50.54000092
754	50.58000183
755	50.56000137
756	50.61999893
757	50.45000076
758	50.45999908
759	50.40999985
760	50.38999939
761	49.97000122
762	49.63999939
763	49.31999969
764	49.18999863
765	49.06999969
766	48.58000183
767	48.18000031
768	47.95000076
769	47.90999985
770	47.77999878
771	47.81000137
772	47.88999939
773	47.79000092
774	47.54999924
775	47.50999832
776	47.72000122
777	47.84999847
778	47.97000122
779	47.90999985
780	48.20000076
781	48.33000183
782	48.5
783	48.54000092
784	48.29000092
785	48.31000137
786	48.29000092
787	48.41999817
788	48.38999939
789	48.65000153
790	48.65000153
791	48.75
792	48.77000046
793	48.90000153
794	49.13000107
795	49.13000107
796	49.13000107
797	49.02000046
798	48.95999908
799	49.04999924
800	49.04999924
801	49.13000107
802	49.06999969
803	49.31999969
804	49.45000076
805	49.52999878
806	49.45000076
807	49.31999969
808	49.36000061
809	49.25999832
810	49.22999954
811	49.34000015
812	49.18999863
813	49.20999908
814	49.18999863
815	49.56999969
816	49.24000168
817	49.22999954
818	49.16999817
819	49.40000153
820	49.41999817
821	49.45000076
822	49.56999969
823	49.54999924
824	49.41999817
825	49.40000153
826	49.40000153
827	49.38000107
828	49.41999817
829	49.49000168
830	49.56999969
831	49.29999924
832	49.25999832
833	49.45000076
834	49.40000153
835	49.63000107
836	49.59000015
837	49.38000107
838	49.36000061
839	49.43000031
840	49.79999924
841	49.54999924
842	49.43000031
843	49.24000168
844	49.52999878
845	49.52999878
846	49.47000122
847	49.72000122
848	49.31999969
849	49.49000168
850	49.43000031
851	49.74000168
852	49.65999985
853	49.43000031
854	49.52999878
855	49.56999969
856	49.88999939
857	49.59000015
858	49.47000122
859	49.43000031
860	49.63000107
861	49.63000107
862	49.38000107
863	49.49000168
864	49.47000122
865	49.59000015
866	49.77999878
867	49.43000031
868	49.43000031
869	49.54999924
870	49.47000122
871	49.70000076
872	49.63000107
873	49.29999924
874	49.49000168
875	49.41999817
876	49.72000122
877	49.63000107
878	49.43000031
879	49.36000061
880	49.61000061
881	49.56999969
882	49.88999939
883	49.72000122
884	49.84999847
885	49.50999832
886	49.50999832
887	49.49000168
888	49.81999969
889	49.74000168
890	49.52999878
891	49.77999878
892	49.59000015
893	49.88999939
894	49.77999878
895	49.54999924
896	49.61000061
897	49.75999832
898	49.84000015
899	49.43000031
900	49.61000061
901	49.72000122
902	49.88999939
903	49.77999878
904	49.47000122
905	49.74000168
906	49.52999878
907	49.86999893
908	49.61000061
909	49.65999985
910	49.97000122
911	49.75999832
912	49.63000107
913	49.63000107
914	49.93000031
915	49.43000031
916	49.68000031
917	49.59000015
918	49.65999985
919	49.65999985
920	49.63999939
921	49.84999847
922	49.59000015
923	49.61000061
924	49.61000061
925	49.86999893
926	49.50999832
927	49.68000031
928	49.77999878
929	49.84000015
930	49.49000168
931	49.65999985
932	49.77999878
933	49.52999878
934	49.61000061
935	49.65999985
936	49.52999878
937	49.63000107
938	49.61000061
939	49.84000015
940	49.86999893
941	49.72000122
942	49.52999878
943	49.72000122
944	49.61000061
945	49.54999924
946	49.50999832
947	49.63999939
948	49.63000107
949	49.74000168
950	49.77999878
951	49.47000122
952	49.63000107
953	49.65999985
954	49.56999969
955	49.88999939
956	49.65999985
957	49.41999817
958	49.52999878
959	49.54999924
960	49.63999939
961	49.72000122
962	49.74000168
963	49.93000031
964	49.47000122
965	49.56999969
966	49.50999832
967	49.65999985
968	49.63000107
969	49.74000168
970	49.75999832
971	49.81999969
972	49.86999893
973	49.68000031
974	49.50999832
975	49.54999924
976	49.61000061
977	49.56999969
978	49.63000107
979	49.59000015
980	49.70000076
981	49.50999832
982	49.74000168
983	49.63999939
984	49.65999985
985	49.70000076
986	49.72000122
987	49.84000015
988	49.99000168
989	49.88999939
990	49.88999939
991	49.90999985
992	49.54999924
993	49.72000122
994	49.75999832
995	49.70000076
996	49.79999924
997	49.75999832
998	49.97000122
999	49.97000122
1000	49.88999939
1001	49.77999878
1002	49.79999924
1003	49.59000015
1004	49.45000076
1005	49.70000076
1006	49.63000107
1007	49.65999985
1008	49.84000015
1009	49.90999985
1010	49.56999969
1011	49.54999924
1012	49.70000076
1013	49.61000061
1014	49.68000031
1015	49.81999969
1016	49.86999893
1017	49.75999832
1018	49.63000107
1019	49.52999878
1020	49.79999924
1021	49.75999832
1022	49.86999893
1023	49.86999893
1024	49.63999939
1025	49.75999832
1026	49.70000076
1027	49.84999847
1028	49.70000076
1029	49.68000031
1030	49.65999985
1031	49.90999985
1032	49.81999969
1033	49.65999985
1034	49.63999939
1035	50.04999924
1036	49.81999969
1037	49.54999924
1038	49.54999924
1039	49.70000076
1040	49.68000031
1041	49.95000076
1042	49.70000076
1043	49.84000015
1044	50.06000137
1045	49.74000168
1046	49.77999878
1047	50.11999893
1048	49.68000031
1049	49.90999985
1050	50.09999847
1051	50.20000076
1052	49.93000031
1053	50.08000183
1054	50.36999893
1055	50.11999893
1056	50.36999893
1057	50.33000183
1058	50.27000046
1059	50.54000092
1060	50.70999908
1061	50.45999908
1062	50.63999939
1063	50.68999863
1064	50.79000092
1065	50.52000046
1066	50.56000137
1067	50.83000183
1068	50.43000031
1069	50.63999939
1070	50.91999817
1071	50.58000183
1072	50.72999954
1073	50.58000183
1074	50.95999908
1075	50.54000092
1076	50.81000137
1077	50.61999893
1078	50.77000046
1079	50.63999939
1080	50.72999954
1081	50.70999908
1082	50.70999908
1083	50.93999863
1084	50.5
1085	50.68999863
1086	50.70999908
1087	51.08000183
1088	51
1089	50.63999939
1090	50.77000046
1091	50.83000183
1092	50.97999954
1093	50.79000092
1094	50.66999817
1095	50.68999863
1096	50.79000092
1097	50.75
1098	50.68999863
1099	50.75
1100	50.86999893
1101	51.09000015
1102	50.66999817
1103	50.77000046
1104	50.79000092
1105	50.77000046
1106	50.88000107
1107	51.20999908
1108	51
1109	50.95999908
1110	50.83000183
1111	50.79000092
1112	50.88000107
1113	50.81000137
1114	50.70999908
1115	50.91999817
1116	50.90000153
1117	50.75
1118	50.68999863
1119	50.65999985
1120	50.70999908
1121	50.83000183
1122	50.83000183
1123	50.84999847
1124	50.97999954
1125	51.04000092
1126	50.75
1127	50.72999954
1128	50.79000092
1129	50.86999893
1130	51.08000183
1131	51.02000046
1132	50.70999908
1133	50.77000046
1134	50.90000153
1135	50.84999847
1136	50.95999908
1137	51.13000107
1138	51.18999863
1139	50.79000092
1140	50.68999863
1141	50.81000137
1142	50.72999954
1143	50.81000137
1144	50.84999847
1145	50.75
1146	50.56000137
1147	50.91999817
1148	50.97999954
1149	51.06000137
1150	51.08000183
1151	50.75
1152	50.81000137
1153	50.91999817
1154	50.83000183
1155	51.04000092
1156	51
1157	50.75
1158	50.81000137
1159	50.83000183
1160	51
1161	51.18999863
1162	50.83000183
1163	50.91999817
1164	50.97999954
1165	51.18999863
1166	50.90000153
1167	50.88000107
1168	50.88000107
1169	51.34000015
1170	51.11000061
1171	50.81000137
1172	50.77000046
1173	51.15000153
1174	51.15000153
1175	51.02000046
1176	50.90000153
1177	51.04000092
1178	51.22999954
1179	51
1180	50.75
1181	50.83000183
1182	51.15000153
1183	50.68999863
1184	50.72999954
1185	50.84999847
1186	50.68999863
1187	50.88000107
1188	51.09000015
1189	51.18999863
1190	50.95999908
1191	51.22999954
1192	50.88000107
1193	50.84999847
1194	50.90000153
1195	51.04000092
1196	51.11000061
1197	50.88000107
1198	50.84999847
1199	51.06000137
1200	50.75
1201	50.88000107
1202	50.77000046
1203	51.08000183
1204	50.68999863
1205	50.95999908
1206	50.97999954
1207	50.90000153
1208	51.08000183
1209	50.95999908
1210	50.83000183
1211	50.81000137
1212	50.83000183
1213	50.93999863
1214	51
1215	51.11000061
1216	51.04000092
1217	51.18999863
1218	50.77000046
1219	50.86999893
1220	50.91999817
1221	50.68999863
1222	50.66999817
1223	50.68999863
1224	51
1225	50.95999908
1226	50.88000107
1227	51.08000183
1228	51.09000015
1229	51.02000046
1230	50.86999893
1231	50.75
1232	50.24000168
1233	49.90999985
1234	49.65999985
1235	49.15000153
1236	48.81999969
1237	48.81000137
1238	48.36999893
1239	48.22999954
1240	48.02000046
1241	48.11999893
1242	48.31000137
1243	48.29000092
1244	48.02000046
1245	47.84999847
1246	48.18000031
1247	48.04000092
1248	48.36999893
1249	48.52000046
1250	48.27000046
1251	48.54000092
1252	48.56000137
1253	48.66999817
1254	48.91999817
1255	48.77000046
1256	48.86000061
1257	49
1258	49.31999969
1259	49.02000046
1260	48.95999908
1261	49.20999908
1262	49.15000153
1263	49.31999969
1264	49.40000153
1265	49.02000046
1266	49.34000015
1267	49.49000168
1268	49.29999924
1269	49.31999969
1270	49.59000015
1271	49.38000107
1272	49.49000168
1273	49.70000076
1274	49.27999878
1275	49.43000031
1276	49.41999817
1277	49.77999878
1278	49.52999878
1279	49.74000168
1280	49.52999878
1281	49.75999832
1282	49.61000061
1283	49.61000061
1284	49.52999878
1285	49.61000061
1286	49.79999924
1287	49.56999969
1288	49.43000031
1289	49.81999969
1290	49.74000168
1291	49.88999939
1292	49.70000076
1293	49.68000031
1294	49.56999969
1295	49.70000076
1296	49.79999924
1297	49.79999924
1298	49.77999878
1299	49.68000031
1300	49.63999939
1301	49.86999893
1302	49.74000168
1303	49.74000168
1304	49.61000061
1305	49.84000015
1306	49.79999924
1307	50.02999878
1308	49.93000031
1309	49.86999893
1310	49.56999969
1311	49.84000015
1312	49.68000031
1313	49.68000031
1314	49.79999924
1315	50.00999832
1316	50.06000137
1317	50.02999878
1318	49.99000168
1319	49.99000168
1320	49.75999832
1321	49.75999832
1322	49.65999985
1323	49.74000168
1324	49.72000122
1325	49.84999847
1326	50.00999832
1327	49.75999832
1328	49.65999985
1329	49.84999847
1330	49.81999969
1331	49.74000168
1332	49.84000015
1333	49.93000031
1334	50.06000137
1335	50.08000183
1336	50.08000183
1337	50.02999878
1338	49.65999985
1339	49.72000122
1340	49.84000015
1341	49.70000076
1342	49.77999878
1343	49.77999878
1344	49.95000076
1345	49.93000031
1346	49.99000168
1347	49.74000168
1348	49.88999939
1349	49.75999832
1350	49.84999847
1351	49.99000168
1352	49.61000061
1353	49.84999847
1354	49.90999985
1355	49.84999847
1356	50.06000137
1357	49.77999878
1358	49.77999878
1359	49.81999969
1360	50.06000137
1361	49.81999969
1362	49.77999878
1363	49.99000168
1364	49.81999969
1365	49.81999969
1366	50.00999832
1367	49.86999893
1368	49.70000076
1369	49.77999878
1370	49.88999939
1371	49.70000076
1372	49.72000122
1373	49.75999832
1374	50.02999878
1375	49.72000122
1376	49.81999969
1377	50.11999893
1378	49.65999985
1379	49.75999832
1380	49.75999832
1381	49.86999893
1382	49.93000031
1383	50.18000031
1384	50.00999832
1385	49.88999939
1386	49.90999985
1387	49.81999969
1388	49.81999969
1389	49.93000031
1390	50.22000122
1391	49.75999832
1392	49.75999832
1393	50.08000183
1394	49.97000122
1395	49.86999893
1396	49.88999939
1397	50.09999847
1398	49.77999878
1399	49.84000015
1400	49.99000168
1401	50.04999924
1402	50.04999924
1403	49.84999847
1404	50.09999847
1405	50.09999847
1406	49.81999969
1407	49.79999924
1408	50.18000031
1409	50.02999878
1410	49.63000107
1411	49.90999985
1412	50.11999893
1413	49.97000122
1414	49.79999924
1415	49.81999969
1416	49.93000031
1417	49.86999893
1418	49.84000015
1419	49.86999893
1420	49.84999847
1421	49.75999832
1422	49.88999939
1423	49.99000168
1424	49.95000076
1425	50.20000076
1426	49.99000168
1427	49.86999893
1428	49.81999969
1429	49.88999939
1430	50.24000168
1431	50.18000031
1432	50.02999878
1433	49.70000076
1434	50.02999878
1435	49.95000076
1436	50.02999878
1437	49.93000031
1438	49.86999893
1439	49.79999924
1440	49.77999878
1441	50.04999924
1442	50.25999832
1443	50.08000183
1444	49.84000015
1445	49.97000122
1446	49.93000031
1447	49.88999939
1448	50.11999893
1449	49.84999847
1450	49.77999878
1451	49.99000168
1452	49.84999847
1453	49.97000122
1454	50.27000046
1455	50.24000168
1456	49.84999847
1457	49.79999924
1458	49.95000076
1459	49.90999985
1460	50.06000137
1461	50.09999847
1462	50.04999924
1463	49.70000076
1464	50.08000183
1465	49.84000015
1466	49.95000076
1467	50.08000183
1468	49.97000122
1469	49.84000015
1470	49.75999832
1471	50.02999878
1472	50.06000137
1473	49.90999985
1474	49.84000015
1475	49.90999985
1476	49.88999939
1477	50.04999924
1478	49.74000168
1479	50.02999878
1480	49.93000031
1481	50.11999893
1482	49.79999924
1483	49.99000168
1484	49.84999847
1485	49.90999985
1486	50.06000137
1487	49.77999878
1488	50.02999878
1489	50.08000183
1490	49.99000168
1491	49.79999924
1492	49.88999939
1493	50.11999893
1494	49.75999832
1495	49.93000031
1496	49.99000168
1497	49.88999939
1498	49.99000168
1499	50.20000076
1500	49.90999985
1501	49.93000031
1502	50.18000031
1503	49.81999969
1504	50.15999985
1505	49.86999893
1506	49.77999878
1507	49.90999985
1508	50.04999924
1509	49.72000122
1510	49.88999939
1511	49.72000122
1512	50.15999985
1513	49.84000015
1514	49.97000122
1515	50.09999847
1516	49.86999893
1517	49.72000122
1518	49.88999939
1519	49.79999924
1520	49.72000122
1521	49.74000168
1522	49.88999939
1523	49.77999878
1524	50.22000122
1525	49.95000076
1526	49.95000076
1527	49.93000031
1528	50.29000092
1529	50.31000137
1530	50.08000183
1531	50.02999878
1532	50.13999939
1533	50.63999939
1534	50.45999908
1535	50.20000076
1536	50.13999939
1537	50.29000092
1538	50.31000137
1539	50.47999954
1540	50.52000046
1541	50.20000076
1542	50.15999985
1543	50.31000137
1544	50.40999985
1545	50.38999939
1546	50.36999893
1547	50.5
1548	50.81000137
1549	50.66999817
1550	50.47999954
1551	50.34999847
1552	50.29000092
1553	50.27000046
1554	50.27000046
1555	50.45999908
1556	50.56000137
1557	50.45000076
1558	50.43000031
1559	50.38999939
1560	50.81000137
1561	50.61999893
1562	50.58000183
1563	50.65999985
1564	50.47999954
1565	50.36999893
1566	50.52000046
1567	50.43000031
1568	50.52000046
1569	50.5
1570	50.58000183
1571	50.61999893
1572	50.61999893
1573	50.63999939
1574	50.43000031
1575	50.36999893
1576	50.56000137
1577	50.54000092
1578	50.59999847
1579	50.58000183
1580	50.68999863
1581	50.59999847
1582	50.66999817
1583	50.40999985
1584	50.40999985
1585	50.29000092
1586	50.45999908
1587	50.63999939
1588	50.79000092
1589	50.54000092
1590	50.58000183
1591	50.43000031
1592	50.40999985
1593	50.86999893
1594	50.72999954
1595	50.31000137
1596	50.33000183
1597	50.45000076
1598	50.72999954
1599	50.52000046
1600	50.27000046
1601	50.47999954
1602	50.61999893
1603	50.34999847
1604	50.45000076
1605	50.47999954
1606	50.72999954
1607	50.40999985
1608	50.56000137
1609	50.43000031
1610	50.66999817
1611	50.36999893
1612	50.43000031
1613	50.63999939
1614	50.54000092
1615	50.5
1616	50.79000092
1617	50.40999985
1618	50.38999939
1619	50.56000137
1620	50.61999893
1621	50.29000092
1622	50.45999908
1623	50.43000031
1624	50.36999893
1625	50.33000183
1626	50.34999847
1627	50.79000092
1628	50.34999847
1629	50.36999893
1630	50.88000107
1631	50.65999985
1632	50.31000137
1633	50.43000031
1634	50.63999939
1635	50.43000031
1636	50.56000137
1637	50.33000183
1638	50.63999939
1639	50.58000183
1640	50.34999847
1641	50.45000076
1642	50.36999893
1643	50.68999863
1644	50.72999954
1645	50.29000092
1646	50.34999847
1647	50.34999847
1648	50.58000183
1649	50.72999954
1650	50.75
1651	50.38999939
1652	50.45999908
1653	50.43000031
1654	50.47999954
1655	50.52000046
1656	50.65999985
1657	50.59999847
1658	50.68999863
1659	50.43000031
1660	50.65999985
1661	50.31000137
1662	50.38999939
1663	50.45999908
1664	50.33000183
1665	50.47999954
1666	50.58000183
1667	50.45000076
1668	50.54000092
1669	50.59999847
1670	50.72999954
1671	50.45000076
1672	50.31000137
1673	50.47999954
1674	50.36999893
1675	50.45999908
1676	50.58000183
1677	50.5
1678	50.5
1679	50.40999985
1680	50.56000137
1681	50.65999985
1682	50.58000183
1683	50.70999908
1684	50.54000092
1685	50.52000046
1686	50.59999847
1687	50.34999847
1688	50.61999893
1689	50.63999939
1690	50.31000137
1691	50.29000092
1692	50.36999893
1693	50.33000183
1694	50.52000046
1695	50.79000092
1696	50.70999908
1697	50.45000076
1698	50.59999847
1699	50.61999893
1700	50.58000183
1701	50.93999863
1702	50.83000183
1703	50.27000046
1704	50.34999847
1705	50.09999847
1706	49.93000031
1707	49.84999847
1708	49.22999954
1709	48.91999817
1710	48.65000153
1711	48.38999939
1712	48.33000183
1713	47.84999847
1714	47.77999878
1715	47.75999832
1716	47.86999893
1717	47.99000168
1718	47.95000076
1719	47.84999847
1720	48.08000183
1721	48.20999908
1722	48.31000137
1723	48.22999954
1724	48.38999939
1725	48.43999863
1726	48.34999847
1727	48.63000107
1728	48.5
1729	48.97999954
1730	48.72999954
1731	48.81999969
1732	49.16999817
1733	48.81999969
1734	48.81000137
1735	49.22999954
1736	48.95999908
1737	49.02999878
1738	49.02999878
1739	49.18999863
1740	49.09000015
1741	49.47000122
1742	49.11000061
1743	49.45000076
1744	49.22999954
1745	49.15000153
1746	49.40000153
1747	49.52999878
1748	49.25999832
1749	49.22999954
1750	49.84999847
1751	49.38000107
1752	49.41999817
1753	49.41999817
1754	49.31999969
1755	49.45000076
1756	49.36000061
1757	49.68000031
1758	49.47000122
1759	49.50999832
1760	49.50999832
1761	49.74000168
1762	49.49000168
1763	49.49000168
1764	49.54999924
1765	49.40000153
1766	49.47000122
1767	49.59000015
1768	49.34000015
1769	49.61000061
1770	49.56999969
1771	49.93000031
1772	49.45000076
1773	49.59000015
1774	49.49000168
1775	49.86999893
1776	49.77999878
1777	49.52999878
1778	49.36000061
1779	49.68000031
1780	49.63999939
1781	49.68000031
1782	49.47000122
1783	49.56999969
1784	49.59000015
1785	49.54999924
1786	49.74000168
1787	49.86999893
1788	49.75999832
1789	49.52999878
1790	49.45000076
1791	49.54999924
1792	49.68000031
1793	49.81999969
1794	49.63000107
1795	49.63000107
1796	49.81999969
1797	49.72000122
1798	49.59000015
1799	49.50999832
1800	49.68000031
1801	49.68000031
1802	49.61000061
1803	49.47000122
1804	49.54999924
1805	49.56999969
1806	49.63999939
1807	49.79999924
1808	49.90999985
1809	49.72000122
1810	49.88999939
1811	49.86999893
1812	49.95000076
1813	49.63000107
1814	49.56999969
1815	49.68000031
1816	49.54999924
1817	49.65999985
1818	49.93000031
1819	49.86999893
1820	49.65999985
1821	49.88999939
1822	49.63999939
1823	49.97000122
1824	49.84999847
1825	50.08000183
1826	49.84000015
1827	49.84999847
1828	49.74000168
1829	49.86999893
1830	49.97000122
1831	50.02999878
1832	49.74000168
1833	49.56999969
1834	49.59000015
1835	49.63000107
1836	49.70000076
1837	49.68000031
1838	49.56999969
1839	49.63999939
1840	49.63999939
1841	49.63999939
1842	49.63999939
1843	49.75999832
1844	49.84999847
1845	49.84999847
1846	49.72000122
1847	49.47000122
1848	49.63999939
1849	49.68000031
1850	49.79999924
1851	49.56999969
1852	49.63999939
1853	49.72000122
1854	49.93000031
1855	49.68000031
1856	49.54999924
1857	49.61000061
1858	49.63000107
1859	49.61000061
1860	49.90999985
1861	49.84000015
1862	49.61000061
1863	49.52999878
1864	49.61000061
1865	49.72000122
1866	49.88999939
1867	49.79999924
1868	49.61000061
1869	49.54999924
1870	49.95000076
1871	50.06000137
1872	49.75999832
1873	49.43000031
1874	49.70000076
1875	49.54999924
1876	49.75999832
1877	49.75999832
1878	49.72000122
1879	49.75999832
1880	49.75999832
1881	49.90999985
1882	49.61000061
1883	49.61000061
1884	49.86999893
1885	49.86999893
1886	49.79999924
1887	49.50999832
1888	49.63999939
1889	49.75999832
1890	49.72000122
1891	49.90999985
1892	49.72000122
1893	49.63000107
1894	49.61000061
1895	49.63999939
1896	49.90999985
1897	49.63999939
1898	49.61000061
1899	49.61000061
1900	49.68000031
1901	49.70000076
1902	49.61000061
1903	49.41999817
1904	49.63999939
1905	49.61000061
1906	49.63999939
1907	49.63000107
1908	49.77999878
1909	49.70000076
1910	49.79999924
1911	49.95000076
1912	49.81999969
1913	49.75999832
1914	49.49000168
1915	49.59000015
1916	49.68000031
1917	49.63999939
1918	50.00999832
1919	49.88999939
1920	49.41999817
1921	49.63000107
1922	49.75999832
1923	49.68000031
1924	49.63000107
1925	50.02999878
1926	49.84999847
1927	49.77999878
1928	49.65999985
1929	49.68000031
1930	49.63000107
1931	49.68000031
1932	49.74000168
1933	49.63999939
1934	49.74000168
1935	49.70000076
1936	49.79999924
1937	49.84999847
1938	49.86999893
1939	49.50999832
1940	49.49000168
1941	49.56999969
1942	49.54999924
1943	49.54999924
1944	49.56999969
1945	49.61000061
1946	49.52999878
1947	49.61000061
1948	49.63000107
1949	49.72000122
1950	49.68000031
1951	49.63000107
1952	49.70000076
1953	49.63999939
1954	49.63000107
1955	49.75999832
1956	49.50999832
1957	49.84999847
1958	49.72000122
1959	49.81999969
1960	49.81999969
1961	49.90999985
1962	49.68000031
1963	49.84000015
1964	49.86999893
1965	49.97000122
1966	49.56999969
1967	49.43000031
1968	49.49000168
1969	49.47000122
1970	49.45000076
1971	49.41999817
1972	49.41999817
1973	49.54999924
1974	49.63999939
1975	49.63000107
1976	49.56999969
1977	49.72000122
1978	49.72000122
1979	49.74000168
1980	49.52999878
1981	49.68000031
1982	49.65999985
1983	49.70000076
1984	49.61000061
1985	49.75999832
1986	49.90999985
1987	50.00999832
1988	49.88999939
1989	49.50999832
1990	49.47000122
1991	49.54999924
1992	49.43000031
1993	49.36000061
1994	49.61000061
1995	49.63000107
1996	49.63000107
1997	49.74000168
1998	49.88999939
1999	49.93000031
2000	49.95000076
2001	50.04999924
2002	50.00999832
2003	49.81999969
2004	50.02999878
2005	50.00999832
2006	50.11999893
2007	49.97000122
2008	50.02999878
2009	49.99000168
2010	50.22000122
2011	50.29000092
2012	50.00999832
2013	49.95000076
2014	49.97000122
2015	50.02999878
2016	50.18000031
2017	50.25999832
2018	50.45999908
2019	50.45999908
2020	50.31000137
2021	50.11999893
2022	50.15999985
2023	50.04999924
2024	50.18000031
2025	50.20000076
2026	50.15999985
2027	50.29000092
2028	50.06000137
2029	50.09999847
2030	50.34999847
2031	50.43000031
2032	50.54000092
2033	50.47999954
2034	50.40999985
2035	50.27000046
2036	50.45000076
2037	50.31000137
2038	50.11999893
2039	50.20000076
2040	50.20000076
2041	50.33000183
2042	50.29000092
2043	50.33000183
2044	50.40999985
2045	50.45999908
2046	50.47999954
2047	50.65999985
2048	50.34999847
2049	50.27000046
2050	50.36999893
2051	50.27000046
2052	50.27000046
2053	50.61999893
2054	50.02999878
2055	50.02999878
2056	50.27000046
2057	50.13999939
2058	50.20000076
2059	50.54000092
2060	50.20000076
2061	50.11999893
2062	50.20000076
2063	50.40999985
2064	50.45999908
2065	50.27000046
2066	50.11999893
2067	50.13999939
2068	50.20000076
2069	50.27000046
2070	50.36999893
2071	50.20000076
2072	49.99000168
2073	50.25999832
2074	50.52000046
2075	50.56000137
2076	50.31000137
2077	50.27000046
2078	50.31000137
2079	50.40999985
2080	50.38999939
2081	50.15999985
2082	50.20000076
2083	50.27000046
2084	50.31000137
2085	50.40999985
2086	50.22000122
2087	50.18000031
2088	50.15999985
2089	50.33000183
2090	50.45999908
2091	50.13999939
2092	50.04999924
2093	50.43000031
2094	50.25999832
2095	50.08000183
2096	50.20000076
2097	50.45000076
2098	50.13999939
2099	50.02999878
2100	50.34999847
2101	50.33000183
2102	50.11999893
2103	50.25999832
2104	50.45999908
2105	50.24000168
2106	50.18000031
2107	50.18000031
2108	50.33000183
2109	50.20000076
2110	50.22000122
2111	50.40999985
2112	50.33000183
2113	50.20000076
2114	50.31000137
2115	50.20000076
2116	50.25999832
2117	50.13999939
2118	50.52000046
2119	50.06000137
2120	50.08000183
2121	50.40999985
2122	50.34999847
2123	50.25999832
2124	50.15999985
2125	50.36999893
2126	50.20000076
2127	50.02999878
2128	50.18000031
2129	50.61999893
2130	50.43000031
2131	50.06000137
2132	50.22000122
2133	50.25999832
2134	50.40999985
2135	50.27000046
2136	50.11999893
2137	50.25999832
2138	50.27000046
2139	50.20000076
2140	50.36999893
2141	50.27000046
2142	50.43000031
2143	50.40999985
2144	50.22000122
2145	49.97000122
2146	50.15999985
2147	50.11999893
2148	50.13999939
2149	50.25999832
2150	50.43000031
2151	50.18000031
2152	50.08000183
2153	49.97000122
2154	50.06000137
2155	50.06000137
2156	50.25999832
2157	50.09999847
2158	50.08000183
2159	50.13999939
2160	50.33000183
2161	50.33000183
2162	50.20000076
2163	50.09999847
2164	50.18000031
2165	50.04999924
2166	50.09999847
2167	50.09999847
2168	50.13999939
2169	50.13999939
2170	50.15999985
2171	50.56000137
2172	50.5
2173	50.5
2174	50.22000122
2175	50.18000031
2176	50.20000076
2177	50.22000122
2178	50.11999893
2179	49.84999847
2180	49.61000061
2181	49.43000031
2182	49.20999908
2183	49
2184	48.90000153
2185	48.47999954
2186	48.33000183
2187	48.06000137
2188	47.70000076
2189	47.70000076
2190	47.74000168
2191	47.59999847
2192	47.50999832
2193	47.54999924
2194	47.79000092
2195	47.95000076
2196	47.88999939
2197	47.47000122
2198	47.65999985
2199	47.72000122
2200	47.88999939
2201	48.02000046
2202	48.25
2203	48.40000153
2204	48.54000092
2205	48.47999954
2206	48.27000046
2207	48.20999908
2208	48.36999893
2209	48.47999954
2210	48.56000137
2211	48.81000137
2212	48.68999863
2213	48.75
2214	48.72999954
2215	48.68999863
2216	48.88000107
2217	48.97999954
2218	49.15000153
2219	49.09000015
2220	48.84000015
2221	49.02000046
2222	48.97999954
2223	49.09000015
2224	49.02000046
2225	49.09000015
2226	48.97999954
2227	49.15000153
2228	49.06999969
2229	49.20999908
2230	49.04999924
2231	49.09000015
2232	49.06999969
2233	49.20999908
2234	49.11000061
2235	49.04999924
2236	49.11000061
2237	49.18999863
2238	49.36000061
2239	49.02000046
2240	49.02000046
2241	49.22999954
2242	49.22999954
2243	49.11000061
2244	49.04999924
2245	49.15000153
2246	49.11000061
2247	49.56999969
2248	49.11000061
2249	49.29999924
2250	49.18999863
2251	49.43000031
2252	49.36000061
2253	49.25999832
2254	49.29999924
2255	49.24000168
2256	49.56999969
2257	49.04999924
2258	49.22999954
2259	49.22999954
2260	49.38000107
2261	49.70000076
2262	49.11000061
2263	49.18999863
2264	49.24000168
2265	49.61000061
2266	49.40000153
2267	49.25999832
2268	49.24000168
2269	49.61000061
2270	49.54999924
2271	49.24000168
2272	49.29999924
2273	49.49000168
2274	49.25999832
2275	49.16999817
2276	49.24000168
2277	49.29999924
2278	49.25999832
2279	49.50999832
2280	49.29999924
2281	49.22999954
2282	49.43000031
2283	49.27999878
2284	49.20999908
2285	49.47000122
2286	49.16999817
2287	49.11000061
2288	49.24000168
2289	49.49000168
2290	49.06999969
2291	49.36000061
2292	49.72000122
2293	49.45000076
2294	49.31999969
2295	49.49000168
2296	49.63000107
2297	49.25999832
2298	49.22999954
2299	49.50999832
2300	49.24000168
2301	49.29999924
2302	49.25999832
2303	49.11000061
2304	49.16999817
2305	49.20999908
2306	49.40000153
2307	49.13000107
2308	49.16999817
2309	49.45000076
2310	49.38000107
2311	49.43000031
2312	49.45000076
2313	49.63000107
2314	49.29999924
2315	49.18999863
2316	49.36000061
2317	49.47000122
2318	49.34000015
2319	49.20999908
2320	49.24000168
2321	49.27999878
2322	49.45000076
2323	49.22999954
2324	49.18999863
2325	49.20999908
2326	49.29999924
2327	49.29999924
2328	49.41999817
2329	49.25999832
2330	49.31999969
2331	49.40000153
2332	49.24000168
2333	49.27999878
2334	49.29999924
2335	49.38000107
2336	49.47000122
2337	49.29999924
2338	49.25999832
2339	49.40000153
2340	49.47000122
2341	49.40000153
2342	49.15000153
2343	49.25999832
2344	49.40000153
2345	49.25999832
2346	49.13000107
2347	49.24000168
2348	49.40000153
2349	49.47000122
2350	49.27999878
2351	49.25999832
2352	49.36000061
2353	49.13000107
2354	49.31999969
2355	49.18999863
2356	49.36000061
2357	49.29999924
2358	49.36000061
2359	49.63000107
2360	49.45000076
2361	49.25999832
2362	49.31999969
2363	49.31999969
2364	49.38000107
2365	49.47000122
2366	49.34000015
2367	49.29999924
2368	49.16999817
2369	49.22999954
2370	49.36000061
2371	49.45000076
2372	49.47000122
2373	49.63000107
2374	49.47000122
2375	49.43000031
2376	49.18999863
2377	49.22999954
2378	49.29999924
2379	49.31999969
2380	49.40000153
2381	49.36000061
2382	49.36000061
2383	49.49000168
2384	49.47000122
2385	49.52999878
2386	49.47000122
2387	49.20999908
2388	49.18999863
2389	49.09000015
2390	49.27999878
2391	49.24000168
2392	49.56999969
2393	49.50999832
2394	49.22999954
2395	49.15000153
2396	49.36000061
2397	49.36000061
2398	49.25999832
2399	49.50999832
2400	49.52999878
2401	49.25999832
2402	49.24000168
2403	49.47000122
2404	49.68000031
2405	49.45000076
2406	49.38000107
2407	49.45000076
2408	49.56999969
2409	49.24000168
2410	49.15000153
2411	49.38000107
2412	49.27999878
2413	49.29999924
2414	49.22999954
2415	49.13000107
2416	49.24000168
2417	49.41999817
2418	49.50999832
2419	49.15000153
2420	49.38000107
2421	49.45000076
2422	49.47000122
2423	49.20999908
2424	49.22999954
2425	49.45000076
2426	49.43000031
2427	49.18999863
2428	49.31999969
2429	49.56999969
2430	49.29999924
2431	49.31999969
2432	49.24000168
2433	49.41999817
2434	49.47000122
2435	49.04999924
2436	49.18999863
2437	49.22999954
2438	49.11000061
2439	49.22999954
2440	49.56999969
2441	49.27999878
2442	49.40000153
2443	49.75999832
2444	49.18999863
2445	49.24000168
2446	49.36000061
2447	49.38000107
2448	49.15000153
2449	49.22999954
2450	49.31999969
2451	49.31999969
2452	49.15000153
2453	49.20999908
2454	49.40000153
2455	49.36000061
2456	49.56999969
2457	49.40000153
2458	49.15000153
2459	49.18999863
2460	49.20999908
2461	49.25999832
2462	49.24000168
2463	49.49000168
2464	49.40000153
2465	49.16999817
2466	49.31999969
2467	49.31999969
2468	49.31999969
2469	49.36000061
2470	49.36000061
2471	49.52999878
2472	49.63999939
2473	49.56999969
2474	49.34000015
2475	49.36000061
2476	49.52999878
2477	49.63000107
2478	49.63000107
2479	49.70000076
2480	49.84999847
2481	49.77999878
2482	49.86999893
2483	50.09999847
2484	49.79999924
2485	49.84000015
2486	49.84000015
2487	49.90999985
2488	49.75999832
2489	49.70000076
2490	49.72000122
2491	49.72000122
2492	49.97000122
2493	49.72000122
2494	49.74000168
2495	49.74000168
2496	49.84000015
2497	49.70000076
2498	50.00999832
2499	49.99000168
2500	50.02999878
2501	50.09999847
2502	50.00999832
2503	50.15999985
2504	50.25999832
2505	50.15999985
2506	50.20000076
2507	50.06000137
2508	50.27000046
2509	50.24000168
2510	50.15999985
2511	49.65999985
2512	49.86999893
2513	49.75999832
2514	50.08000183
2515	49.99000168
2516	49.95000076
2517	50.02999878
2518	50.02999878
2519	50.11999893
2520	50.29000092
2521	50.13999939
2522	49.84999847
2523	49.84999847
2524	49.81999969
2525	49.97000122
2526	49.90999985
2527	49.93000031
2528	49.90999985
2529	49.93000031
2530	49.97000122
2531	49.95000076
2532	50.00999832
2533	49.90999985
2534	49.99000168
2535	49.99000168
2536	50.25999832
2537	50.09999847
2538	49.97000122
2539	50.02999878
2540	50.00999832
2541	50.15999985
2542	50.22000122
2543	49.93000031
2544	50.00999832
2545	50.00999832
2546	50.20000076
2547	50.33000183
2548	49.86999893
2549	50.00999832
2550	49.99000168
2551	50.13999939
2552	50.15999985
2553	49.90999985
2554	50.13999939
2555	50.13999939
2556	50.29000092
2557	49.99000168
2558	49.90999985
2559	50.08000183
2560	50.06000137
2561	49.90999985
2562	49.93000031
2563	50.13999939
2564	49.84999847
2565	49.75999832
2566	49.90999985
2567	49.90999985
2568	50.08000183
2569	50.06000137
2570	49.75999832
2571	50.27000046
2572	50.29000092
2573	49.79999924
2574	49.84000015
2575	50.02999878
2576	49.88999939
2577	50.08000183
2578	50.06000137
2579	50.20000076
2580	50.04999924
2581	50.13999939
2582	50.34999847
2583	49.88999939
2584	49.84999847
2585	50.31000137
2586	50.15999985
2587	50.00999832
2588	50.04999924
2589	50.04999924
2590	49.99000168
2591	49.95000076
2592	50.08000183
2593	50.00999832
2594	50.18000031
2595	49.99000168
2596	49.93000031
2597	49.97000122
2598	50.11999893
2599	50.00999832
2600	50.02999878
2601	49.97000122
2602	50.06000137
2603	50.00999832
2604	50.31000137
2605	50.27000046
2606	50.29000092
2607	49.88999939
2608	49.90999985
2609	49.95000076
2610	50.09999847
2611	50.31000137
2612	50.20000076
2613	49.81999969
2614	50.20000076
2615	50.20000076
2616	50.02999878
2617	49.97000122
2618	50.36999893
2619	50.22000122
2620	50.04999924
2621	50.04999924
2622	49.99000168
2623	49.93000031
2624	50.06000137
2625	50.33000183
2626	50.38999939
2627	49.90999985
2628	49.84000015
2629	49.99000168
2630	50.08000183
2631	50.04999924
2632	50.08000183
2633	50.13999939
2634	50.34999847
2635	49.97000122
2636	49.95000076
2637	50.04999924
2638	50.06000137
2639	50.15999985
2640	50.18000031
2641	50.34999847
2642	50.08000183
2643	50.02999878
2644	50.04999924
2645	50.40999985
2646	50.24000168
2647	50.34999847
2648	50.47999954
2649	50.47999954
2650	50.25999832
2651	50.34999847
2652	50.20000076
2653	49.86999893
2654	49.86999893
2655	49.74000168
2656	49.20999908
2657	48.79000092
2658	48.63000107
2659	48.56000137
2660	48.38999939
2661	48.31000137
2662	48.09999847
2663	47.50999832
2664	47.52999878
2665	47.58000183
2666	47.56999969
2667	47.63999939
2668	47.93000031
2669	47.81000137
2670	47.68000031
2671	47.72000122
2672	47.93000031
2673	47.97000122
2674	48.27000046
2675	48.34999847
2676	48.06000137
2677	48.31000137
2678	48.66999817
2679	48.66999817
2680	48.34999847
2681	48.59999847
2682	48.81000137
2683	48.66999817
2684	48.68999863
2685	48.61000061
2686	48.72999954
2687	49.15000153
2688	48.79000092
2689	48.91999817
2690	49.02999878
2691	49.16999817
2692	48.79000092
2693	48.95999908
2694	49.22999954
2695	49.16999817
2696	49
2697	49.29999924
2698	49.11000061
2699	48.93999863
2700	49.22999954
2701	49.38000107
2702	48.93999863
2703	49.09000015
2704	49.13000107
2705	49.63999939
2706	49.36000061
2707	49.16999817
2708	49.27999878
2709	49.59000015
2710	48.95999908
2711	49.38000107
2712	49.27999878
2713	49.63999939
2714	49.63000107
2715	49.16999817
2716	49.31999969
2717	49.61000061
2718	49.70000076
2719	49.16999817
2720	49.45000076
2721	49.29999924
2722	49.54999924
2723	49.59000015
2724	49.34000015
2725	49.45000076
2726	49.31999969
2727	49.41999817
2728	49.24000168
2729	49.25999832
2730	49.25999832
2731	49.43000031
2732	49.52999878
2733	49.15000153
2734	49.15000153
2735	49.27999878
2736	49.27999878
2737	49.36000061
2738	49.38000107
2739	49.16999817
2740	49.29999924
2741	49.43000031
2742	49.43000031
2743	49.77999878
2744	49.65999985
2745	49.34000015
2746	49.29999924
2747	49.38000107
2748	49.45000076
2749	49.84000015
2750	49.38000107
2751	49.16999817
2752	49.47000122
2753	49.49000168
2754	49.75999832
2755	49.72000122
2756	49.20999908
2757	49.54999924
2758	49.47000122
2759	49.52999878
2760	49.38000107
2761	49.27999878
2762	49
2763	48.5
2764	48.15999985
2765	48.20000076
2766	48.27000046
2767	47.95000076
2768	48.20999908
2769	48.59999847
2770	48.79000092
2771	48.86000061
2772	48.81999969
2773	49.02999878
2774	49.09000015
2775	49.40000153
2776	49.43000031
2777	49.15000153
2778	49.18999863
2779	49.34000015
2780	49.56999969
2781	49.31999969
2782	49.22999954
2783	49.11000061
2784	49.47000122
2785	49.54999924
2786	49.63000107
2787	49.18999863
2788	49.16999817
2789	49.47000122
2790	49.52999878
2791	49.15000153
2792	49.11000061
2793	49.47000122
2794	49.74000168
2795	49.27999878
2796	49.25999832
2797	49.41999817
2798	49.72000122
2799	49.56999969
2800	49.29999924
2801	49.27999878
2802	49.29999924
2803	49.45000076
2804	49.52999878
2805	49.16999817
2806	49.27999878
2807	49.38000107
2808	49.34000015
2809	49.18999863
2810	49.34000015
2811	49.25999832
2812	49.47000122
2813	48.97999954
2814	49.04999924
2815	49.16999817
2816	49.47000122
2817	49.11000061
2818	49.02000046
2819	49.11000061
2820	49.24000168
2821	49.02999878
2822	48.88000107
2823	49
2824	48.97999954
2825	48.93999863
2826	48.68999863
2827	48.81000137
2828	48.88000107
2829	49.22999954
2830	48.59999847
2831	48.79000092
2832	48.91999817
2833	48.93999863
2834	49.16999817
2835	48.70999908
2836	48.81999969
2837	48.88000107
2838	48.95999908
2839	49.24000168
2840	48.81999969
2841	48.68999863
2842	48.95999908
2843	48.84000015
2844	49.22999954
2845	48.97999954
2846	48.81999969
2847	48.88000107
2848	48.93999863
2849	49.06999969
2850	48.91999817
2851	48.72999954
2852	48.90000153
2853	48.91999817
2854	49.27999878
2855	48.95999908
2856	48.86000061
2857	48.81999969
2858	48.81999969
2859	48.88000107
2860	49.11000061
2861	49.09000015
2862	48.81999969
2863	48.86000061
2864	49.06999969
2865	49.11000061
2866	49.34000015
2867	48.70999908
2868	49
2869	49.04999924
2870	49.41999817
2871	49.25999832
2872	48.88000107
2873	49.06999969
2874	49.11000061
2875	49.31999969
2876	48.68999863
2877	48.91999817
2878	49.06999969
2879	48.95999908
2880	49.09000015
2881	49.16999817
2882	48.91999817
2883	48.95999908
2884	49.09000015
2885	49.20999908
2886	49.09000015
2887	48.81999969
2888	48.93999863
2889	49.02000046
2890	49.27999878
2891	49.34000015
2892	48.95999908
2893	49.02000046
2894	49.09000015
2895	49.36000061
2896	49.36000061
2897	49.20999908
2898	48.97999954
2899	49.02000046
2900	49.02000046
2901	49.09000015
2902	49.50999832
2903	49.15000153
2904	48.95999908
2905	49.15000153
2906	49.24000168
2907	49.38000107
2908	49.52999878
2909	48.84000015
2910	48.97999954
2911	49.11000061
2912	49
2913	49.29999924
2914	48.95999908
2915	49.13000107
2916	49.11000061
2917	49.31999969
2918	49.40000153
2919	49.11000061
2920	49
2921	49
2922	49.20999908
2923	49.43000031
2924	49.04999924
2925	49.18999863
2926	49.25999832
2927	49.49000168
2928	49.02000046
2929	48.95999908
2930	48.97999954
2931	49.02999878
2932	49.34000015
2933	49.09000015
2934	48.97999954
2935	49
2936	49.02999878
2937	49.36000061
2938	49.40000153
2939	49.15000153
2940	48.93999863
2941	48.95999908
2942	49.13000107
2943	49.38000107
2944	49.31999969
2945	49.13000107
2946	49.27999878
2947	49.40000153
2948	49.49000168
2949	49.63999939
2950	49.52999878
2951	49.40000153
2952	49.47000122
2953	49.63999939
2954	49.65999985
2955	49.63000107
2956	49.81999969
2957	49.75999832
2958	49.81999969
2959	49.95000076
2960	49.70000076
2961	49.63999939
2962	49.68000031
2963	49.77999878
2964	49.99000168
2965	49.95000076
2966	49.86999893
2967	50.06000137
2968	50.09999847
2969	50.09999847
2970	49.86999893
2971	49.90999985
2972	49.84999847
2973	49.86999893
2974	50.02999878
2975	50.20000076
2976	50.02999878
2977	50.09999847
2978	49.88999939
2979	49.97000122
2980	50.04999924
2981	50.13999939
2982	49.99000168
2983	50.36999893
2984	50.34999847
2985	50.18000031
2986	50.06000137
2987	49.77999878
2988	49.97000122
2989	50.00999832
2990	50.08000183
2991	50.00999832
2992	49.95000076
2993	50.20000076
2994	50.24000168
2995	50.25999832
2996	50.25999832
2997	50.04999924
2998	49.95000076
2999	49.88999939
3000	50.11999893
3001	50.08000183
3002	50.09999847
3003	50.20000076
3004	50.25999832
3005	50.34999847
3006	50.18000031
3007	49.95000076
3008	49.86999893
3009	49.90999985
3010	50.02999878
3011	50.25999832
3012	50.31000137
3013	50.5
3014	50.29000092
3015	49.99000168
3016	50.00999832
3017	50.09999847
3018	50.13999939
3019	50.47999954
3020	50.31000137
3021	49.93000031
3022	50.08000183
3023	50.11999893
3024	50.43000031
3025	50.33000183
3026	50.00999832
3027	50.15999985
3028	50.25999832
3029	50.38999939
3030	50.04999924
3031	50.00999832
3032	49.99000168
3033	50.13999939
3034	50.22000122
3035	50.09999847
3036	50.06000137
3037	50.24000168
3038	50.52000046
3039	49.93000031
3040	50.08000183
3041	50.29000092
3042	50.43000031
3043	50.06000137
3044	50.20000076
3045	50.31000137
3046	50.00999832
3047	50.18000031
3048	50.31000137
3049	50.06000137
3050	50.13999939
3051	50.29000092
3052	50.13999939
3053	49.93000031
3054	50.24000168
3055	50.36999893
3056	50.06000137
3057	50.47999954
3058	50.00999832
3059	50.22000122
3060	50.38999939
3061	49.84000015
3062	50.13999939
3063	50.38999939
3064	49.97000122
3065	49.93000031
3066	50.22000122
3067	50.45999908
3068	50.09999847
3069	50.06000137
3070	50.31000137
3071	50.33000183
3072	50.08000183
3073	50.15999985
3074	50.15999985
3075	50.40999985
3076	50.45999908
3077	50.27000046
3078	50.04999924
3079	50.27000046
3080	50.58000183
3081	50.29000092
3082	49.95000076
3083	50.11999893
3084	50.27000046
3085	50.5
3086	50.25999832
3087	49.97000122
3088	49.93000031
3089	50.24000168
3090	50.18000031
3091	50.25999832
3092	50.29000092
3093	50.33000183
3094	50.20000076
3095	49.97000122
3096	49.99000168
3097	50.22000122
3098	50.15999985
3099	50.45999908
3100	50.43000031
3101	50.40999985
3102	50.24000168
3103	49.93000031
3104	50.18000031
3105	50.27000046
3106	50.15999985
3107	50.47999954
3108	50.43000031
3109	50.34999847
3110	49.93000031
3111	50.02999878
3112	50.02999878
3113	50.00999832
3114	50.20000076
3115	50.38999939
3116	49.86999893
3117	49.86999893
3118	49.99000168
3119	50.06000137
3120	50.18000031
3121	50.38999939
3122	50.38999939
3123	50.04999924
3124	49.95000076
3125	49.86999893
3126	49.72000122
3127	49.43000031
3128	49.38000107
3129	48.91999817
3130	48.86000061
3131	48.27000046
3132	48
3133	47.50999832
3134	47.29999924
3135	47.25999832
3136	47.36999893
3137	47.50999832
3138	47.29999924
3139	47.13000107
3140	47.24000168
3141	47.29999924
3142	47.22000122
3143	47.36999893
3144	47.50999832
3145	47.52999878
3146	47.61999893
3147	47.52999878
3148	47.56999969
3149	47.86999893
3150	47.83000183
3151	47.97000122
3152	48.33000183
3153	47.95000076
3154	47.95000076
3155	48.13999939
3156	48.25
3157	48.36999893
3158	48.59999847
3159	48.15999985
3160	48.31000137
3161	48.58000183
3162	48.61000061
3163	48.75
3164	48.68999863
3165	48.47999954
3166	48.38999939
3167	48.59999847
3168	48.86000061
3169	48.81999969
3170	48.65000153
3171	48.65000153
3172	48.75
3173	48.81000137
3174	48.65000153
3175	48.90000153
3176	48.93999863
3177	48.79000092
3178	48.84000015
3179	48.86000061
3180	48.91999817
3181	48.59999847
3182	48.65000153
3183	48.79000092
3184	48.81000137
3185	48.97999954
3186	49.09000015
3187	49.09000015
3188	49
3189	48.65000153
3190	48.81000137
3191	48.77000046
3192	49.02000046
3193	49.18999863
3194	49.02000046
3195	48.86000061
3196	48.86000061
3197	48.86000061
3198	49.02999878
3199	49.34000015
3200	48.91999817
3201	48.68999863
3202	48.75
3203	48.86000061
3204	49.11000061
3205	49.16999817
3206	49.20999908
3207	49.13000107
3208	48.84000015
3209	48.93999863
3210	48.97999954
3211	49.02000046
3212	49.02000046
3213	49.24000168
3214	49.20999908
3215	49.02999878
3216	48.77000046
3217	48.72999954
3218	49.02999878
3219	49.04999924
3220	49.13000107
3221	49.02000046
3222	48.88000107
3223	48.59999847
3224	48.81999969
3225	48.72999954
3226	48.81000137
3227	48.72999954
3228	49.04999924
3229	48.93999863
3230	48.88000107
3231	48.84000015
3232	48.81000137
3233	48.86000061
3234	48.68999863
3235	48.88000107
3236	48.97999954
3237	48.61000061
3238	48.77000046
3239	48.72999954
3240	48.81000137
3241	49.04999924
3242	48.81999969
3243	48.54000092
3244	48.72999954
3245	48.75
3246	48.79000092
3247	49
3248	48.88000107
3249	48.68999863
3250	48.72999954
3251	48.90000153
3252	48.88000107
3253	48.63000107
3254	48.77000046
3255	48.97999954
3256	48.91999817
3257	48.65000153
3258	48.79000092
3259	48.79000092
3260	49.02000046
3261	48.61000061
3262	48.66999817
3263	48.86000061
3264	48.72999954
3265	48.79000092
3266	48.81999969
3267	48.86000061
3268	49
3269	48.79000092
3270	48.86000061
3271	48.81000137
3272	49.02999878
3273	48.81000137
3274	48.79000092
3275	49.04999924
3276	48.66999817
3277	48.58000183
3278	48.84000015
3279	48.79000092
3280	48.72999954
3281	48.75
3282	48.75
3283	48.95999908
3284	48.58000183
3285	48.63000107
3286	48.72999954
3287	48.54000092
3288	48.5
3289	48.72999954
3290	48.81000137
3291	48.84000015
3292	48.81999969
3293	48.59999847
3294	48.79000092
3295	48.86000061
3296	48.81999969
3297	48.65000153
3298	48.70999908
3299	48.79000092
3300	48.86000061
3301	48.56000137
3302	48.66999817
3303	48.81000137
3304	48.91999817
3305	49.09000015
3306	48.66999817
3307	48.63000107
3308	48.72999954
3309	48.75
3310	49.02999878
3311	48.66999817
3312	48.79000092
3313	48.86000061
3314	48.91999817
3315	48.72999954
3316	48.84000015
3317	48.81999969
3318	48.90000153
3319	49.09000015
3320	48.75
3321	48.66999817
3322	48.81000137
3323	48.81999969
3324	49.02000046
3325	48.90000153
3326	48.70999908
3327	48.81000137
3328	48.86000061
3329	49
3330	49.02000046
3331	48.65000153
3332	48.63000107
3333	48.59999847
3334	48.72999954
3335	48.81000137
3336	48.90000153
3337	48.88000107
3338	49.11000061
3339	49.09000015
3340	49.02999878
3341	49
3342	49.04999924
3343	48.72999954
3344	48.70999908
3345	48.77000046
3346	48.81999969
3347	48.5
3348	48.66999817
3349	48.63000107
3350	48.81999969
3351	48.70999908
3352	48.91999817
3353	48.95999908
3354	49.02000046
3355	49.02000046
3356	49.06999969
3357	49.09000015
3358	49.18999863
3359	49.16999817
3360	48.91999817
3361	48.95999908
3362	48.88000107
3363	48.91999817
3364	48.79000092
3365	48.81999969
3366	49.04999924
3367	48.88000107
3368	48.86000061
3369	48.79000092
3370	48.81999969
3371	49
3372	48.95999908
3373	48.95999908
3374	48.93999863
3375	49.36000061
3376	49.11000061
3377	48.90000153
3378	48.95999908
3379	48.93999863
3380	48.90000153
3381	48.95999908
3382	48.72999954
3383	48.61000061
3384	48.84000015
3385	48.81999969
3386	48.81000137
3387	48.79000092
3388	48.88000107
3389	48.90000153
3390	48.81000137
3391	48.84000015
3392	48.68999863
3393	48.70999908
3394	48.68999863
3395	48.81000137
3396	48.81999969
3397	48.86000061
3398	48.81000137
3399	48.81000137
3400	48.72999954
3401	48.79000092
3402	48.81999969
3403	48.86000061
3404	48.97999954
3405	48.84000015
3406	48.75
3407	48.75
3408	49.16999817
3409	49.25999832
3410	49.02000046
3411	48.91999817
3412	48.65000153
3413	48.70999908
3414	48.56000137
3415	48.52000046
3416	48.75
3417	48.86000061
3418	48.91999817
3419	48.84000015
3420	48.81999969
3421	48.93999863
3422	48.88000107
3423	48.93999863
3424	48.95999908
3425	48.91999817
3426	49.13000107
3427	49.31999969
3428	49.29999924
3429	49.15000153
3430	49.24000168
3431	49.29999924
3432	49.29999924
3433	49.40000153
3434	49.29999924
3435	49.43000031
3436	49.25999832
3437	49.27999878
3438	49.41999817
3439	49.50999832
3440	49.47000122
3441	49.45000076
3442	49.40000153
3443	49.45000076
3444	49.72000122
3445	49.56999969
3446	49.43000031
3447	49.56999969
3448	49.45000076
3449	49.47000122
3450	49.43000031
3451	49.41999817
3452	49.52999878
3453	49.63000107
3454	49.47000122
3455	49.41999817
3456	49.54999924
3457	49.59000015
3458	49.75999832
3459	49.77999878
3460	49.72000122
3461	49.72000122
3462	49.81999969
3463	49.31999969
3464	49.27999878
3465	49.43000031
3466	49.54999924
3467	49.54999924
3468	49.43000031
3469	49.63999939
3470	49.52999878
3471	49.63999939
3472	49.74000168
3473	49.75999832
3474	49.68000031
3475	49.50999832
3476	49.50999832
3477	49.65999985
3478	49.77999878
3479	49.72000122
3480	49.68000031
3481	49.54999924
3482	49.52999878
3483	49.38000107
3484	49.25999832
3485	49.31999969
3486	49.49000168
3487	49.65999985
3488	49.49000168
3489	49.59000015
3490	49.65999985
3491	49.36000061
3492	49.40000153
3493	49.41999817
3494	49.22999954
3495	49.50999832
3496	49.52999878
3497	49.34000015
3498	49.38000107
3499	49.56999969
3500	49.63000107
3501	49.43000031
3502	49.25999832
3503	49.29999924
3504	49.31999969
3505	49.52999878
3506	49.65999985
3507	49.74000168
3508	49.74000168
3509	49.40000153
3510	49.29999924
3511	49.38000107
3512	49.43000031
3513	49.31999969
3514	49.34000015
3515	49.40000153
3516	49.56999969
3517	49.59000015
3518	49.63000107
3519	49.63000107
3520	49.77999878
3521	49.74000168
3522	49.63000107
3523	49.34000015
3524	49.29999924
3525	49.56999969
3526	49.47000122
3527	49.41999817
3528	49.61000061
3529	49.72000122
3530	49.86999893
3531	49.74000168
3532	49.27999878
3533	49.38000107
3534	49.49000168
3535	49.63999939
3536	49.43000031
3537	49.47000122
3538	49.56999969
3539	49.65999985
3540	49.70000076
3541	49.74000168
3542	49.40000153
3543	49.40000153
3544	49.27999878
3545	49.31999969
3546	49.54999924
3547	49.52999878
3548	49.63000107
3549	49.72000122
3550	49.84999847
3551	49.70000076
3552	49.63999939
3553	49.52999878
3554	49.38000107
3555	49.41999817
3556	49.36000061
3557	49.45000076
3558	49.38000107
3559	49.41999817
3560	49.43000031
3561	49.49000168
3562	49.50999832
3563	49.31999969
3564	49.45000076
3565	49.59000015
3566	49.65999985
3567	49.70000076
3568	49.70000076
3569	49.40000153
3570	49.34000015
3571	49.20999908
3572	49.34000015
3573	49.22999954
3574	49.40000153
3575	49.56999969
3576	49.41999817
3577	49.41999817
3578	49.49000168
3579	49.47000122
3580	49.29999924
3581	49.36000061
3582	49.31999969
3583	49.36000061
3584	49.54999924
3585	49.70000076
3586	49.52999878
3587	49.50999832
3588	49.20999908
3589	49.24000168
3590	49.38000107
3591	49.34000015
3592	49.41999817
3593	49.50999832
3594	49.72000122
3595	49.74000168
3596	49.63000107
3597	49.36000061
3598	49.40000153
3599	49.25999832
3600	48.97999954
3601	48.90000153
3602	48.52000046
3603	48
3604	47.70000076
3605	47.65999985
3606	47.38999939
3607	47.50999832
3608	47.34000015
3609	46.99000168
3610	46.86000061
3611	46.66999817
3612	46.52000046
3613	46.59000015
3614	46.75999832
3615	46.90000153
3616	46.90000153
3617	47.16999817
3618	47.20000076
3619	47.15000153
3620	46.93999863
3621	47.25999832
3622	47.29999924
3623	47.36000061
3624	47.49000168
3625	47.47000122
3626	47.52999878
3627	47.47000122
3628	47.70000076
3629	47.70000076
3630	47.88999939
3631	48.04000092
3632	48.04000092
3633	48
3634	47.84999847
3635	47.79000092
3636	48.04000092
3637	48.04000092
3638	48.11999893
3639	47.84999847
3640	47.77999878
3641	47.79000092
3642	47.90999985
3643	48
3644	48.06000137
3645	48.20000076
3646	48.11999893
3647	48.13999939
3648	48.11999893
3649	48.02000046
3650	48.08000183
3651	48.09999847
3652	48.33000183
3653	48.40000153
3654	48.29000092
3655	48.33000183
3656	48.33000183
3657	47.95000076
3658	48.02000046
3659	48.08000183
3660	48.22999954
3661	48.25
3662	48.18000031
3663	48.20999908
3664	48.25
3665	48.34999847
3666	48.33000183
3667	48.18000031
3668	48.11999893
3669	48.20000076
3670	48.20000076
3671	48.09999847
3672	48.20000076
3673	48.27000046
3674	48.27000046
3675	48.31000137
3676	48.34999847
3677	48.47999954
3678	48.58000183
3679	48.59999847
3680	48.15999985
3681	48.15999985
3682	48.20000076
3683	48.33000183
3684	48.25
3685	48.13999939
3686	48.20000076
3687	48.18000031
3688	48.25
3689	48.33000183
3690	48.31000137
3691	48.34999847
3692	48.33000183
3693	48.43999863
3694	48.43999863
3695	48.40000153
3696	48.31000137
3697	48.33000183
3698	48.33000183
3699	48.52000046
3700	48.61000061
3701	48.33000183
3702	48.34999847
3703	48.63000107
3704	48.33000183
3705	48.43999863
3706	48.33000183
3707	48.59999847
3708	48.31000137
3709	48.38999939
3710	48.20000076
3711	48.29000092
3712	48.25
3713	48.47999954
3714	48.27000046
3715	48.40000153
3716	48.45999908
3717	48.5
3718	48.5
3719	48.18000031
3720	48.22999954
3721	48.08000183
3722	48.41999817
3723	48.43999863
3724	48.38999939
3725	48.38999939
3726	48.41999817
3727	48.56000137
3728	48.65000153
3729	48.70999908
3730	48.41999817
3731	48.13999939
3732	48.31000137
3733	48.18000031
3734	48.09999847
3735	48.27000046
3736	48.47999954
3737	48.36999893
3738	48.27000046
3739	48.31000137
3740	48.52000046
3741	48.45999908
3742	48.47999954
3743	48.58000183
3744	48.40000153
3745	48.36999893
3746	48.34999847
3747	48.38999939
3748	48.43999863
3749	48.41999817
3750	48.43999863
3751	48.25
3752	48.22999954
3753	48.15999985
3754	48.36999893
3755	48.27000046
3756	48.29000092
3757	48.31000137
3758	48.29000092
3759	48.47999954
3760	48.66999817
3761	48.59999847
3762	48.52000046
3763	48.11999893
3764	48.13999939
3765	48.20999908
3766	48.31000137
3767	48.29000092
3768	48.40000153
3769	48.70999908
3770	48.52000046
3771	48.5
3772	48.40000153
3773	48.29000092
3774	48.34999847
3775	48.29000092
3776	48.34999847
3777	48.38999939
3778	48.45999908
3779	48.58000183
3780	48.58000183
3781	48.5
3782	48.40000153
3783	48.36999893
3784	48.18000031
3785	48.20000076
3786	48.15999985
3787	48.27000046
3788	48.34999847
3789	48.20000076
3790	48.29000092
3791	48.41999817
3792	48.61000061
3793	48.66999817
3794	48.58000183
3795	48.43999863
3796	48.06000137
3797	48.27000046
3798	48.31000137
3799	48.33000183
3800	48.25
3801	48.25
3802	48.43999863
3803	48.59999847
3804	48.58000183
3805	48.58000183
3806	48.56000137
3807	48.38999939
3808	48.25
3809	48.15999985
3810	48.29000092
3811	48.41999817
3812	48.41999817
3813	48.58000183
3814	48.33000183
3815	48.25
3816	48.15999985
3817	48.20999908
3818	48.33000183
3819	48.34999847
3820	48.40000153
3821	48.33000183
3822	48.38999939
3823	48.34999847
3824	48.20000076
3825	48.09999847
3826	48.20000076
3827	48.31000137
3828	48.34999847
3829	48.52000046
3830	48.5
3831	48.41999817
3832	48.25
3833	48.25
3834	48.29000092
3835	48.33000183
3836	48.38999939
3837	48.15999985
3838	48.20000076
3839	48.15999985
3840	48.22999954
3841	48.31000137
3842	48.31000137
3843	48.31000137
3844	48.38999939
3845	48.43999863
3846	48.33000183
3847	48.33000183
3848	48.18000031
3849	48.18000031
3850	48.31000137
3851	48.36999893
3852	48.54000092
3853	48.59999847
3854	48.59999847
3855	48.33000183
3856	48.20999908
3857	48.27000046
3858	48.20000076
3859	48.22999954
3860	48.33000183
3861	48.36999893
3862	48.40000153
3863	48.5
3864	48.54000092
3865	48.38999939
3866	48.18000031
3867	48.02000046
3868	48.13999939
3869	48.04000092
3870	48.34999847
3871	48.34999847
3872	48.63000107
3873	48.63000107
3874	48.11999893
3875	48.29000092
3876	48.33000183
3877	48.36999893
3878	48.33000183
3879	48.5
3880	48.59999847
3881	48.70999908
3882	48.20000076
3883	48.27000046
3884	48.27000046
3885	48.31000137
3886	48.47999954
3887	48.45999908
3888	48.06000137
3889	48.20000076
3890	48.22999954
3891	48.38999939
3892	48.54000092
3893	48.29000092
3894	48.31000137
3895	48.38999939
3896	48.59999847
3897	48.72999954
3898	48.75
3899	48.70999908
3900	48.47999954
3901	48.56000137
3902	48.75
3903	48.84000015
3904	48.81000137
3905	49.09000015
3906	49.02999878
3907	48.56000137
3908	48.77000046
3909	48.84000015
3910	48.81999969
3911	49.18999863
3912	49.02999878
3913	48.66999817
3914	48.77000046
3915	48.77000046
3916	48.88000107
3917	49
3918	48.95999908
3919	48.97999954
3920	49.11000061
3921	49.11000061
3922	49.29999924
3923	49.27999878
3924	49.06999969
3925	48.77000046
3926	48.72999954
3927	48.79000092
3928	48.90000153
3929	48.84000015
3930	48.91999817
3931	48.93999863
3932	48.95999908
3933	49.18999863
3934	49.02000046
3935	48.79000092
3936	48.79000092
3937	49.02000046
3938	49.02999878
3939	49.04999924
3940	48.91999817
3941	48.93999863
3942	49.16999817
3943	49.34000015
3944	48.86000061
3945	48.93999863
3946	49.02999878
3947	49
3948	49.13000107
3949	48.97999954
3950	48.81000137
3951	48.90000153
3952	49.04999924
3953	48.91999817
3954	48.95999908
3955	49.02000046
3956	49.18999863
3957	48.81999969
3958	48.86000061
3959	48.84000015
3960	48.93999863
3961	48.91999817
3962	49.24000168
3963	49.02000046
3964	48.75
3965	48.86000061
3966	48.93999863
3967	49.04999924
3968	49.15000153
3969	49.13000107
3970	48.95999908
3971	48.93999863
3972	48.93999863
3973	48.97999954
3974	49.06999969
3975	49.22999954
3976	49.24000168
3977	49.18999863
3978	48.97999954
3979	48.88000107
3980	49
3981	49.02000046
3982	49.29999924
3983	49.24000168
3984	49
3985	48.88000107
3986	49.02000046
3987	49.11000061
3988	49.02999878
3989	49.02999878
3990	49.38000107
3991	49.27999878
3992	49.13000107
3993	49.16999817
3994	48.86000061
3995	48.79000092
3996	48.79000092
3997	48.81000137
3998	48.77000046
3999	48.91999817
4000	48.84000015
4001	48.95999908
4002	48.90000153
4003	48.86000061
4004	48.97999954
4005	48.90000153
4006	49.02999878
4007	49.13000107
4008	49
4009	48.86000061
4010	48.88000107
4011	48.84000015
4012	48.81999969
4013	48.90000153
4014	48.93999863
4015	48.81999969
4016	49.02999878
4017	49.11000061
4018	49.04999924
4019	49.31999969
4020	49.20999908
4021	48.79000092
4022	48.90000153
4023	48.88000107
4024	49
4025	48.97999954
4026	48.91999817
4027	49.27999878
4028	49.18999863
4029	48.93999863
4030	48.72999954
4031	48.93999863
4032	48.91999817
4033	48.93999863
4034	48.97999954
4035	49.02000046
4036	49.27999878
4037	49.13000107
4038	49.25999832
4039	49.13000107
4040	49.11000061
4041	48.81000137
4042	48.93999863
4043	48.95999908
4044	49.02000046
4045	48.95999908
4046	49.02000046
4047	49.11000061
4048	49.16999817
4049	49.29999924
4050	49.18999863
4051	49.16999817
4052	49.15000153
4053	49.15000153
4054	48.81999969
4055	49.02999878
4056	49
4057	49.13000107
4058	49.13000107
4059	49.04999924
4060	49.02000046
4061	49.09000015
4062	49.25999832
4063	49.15000153
4064	49.18999863
4065	49.09000015
4066	49.02000046
4067	49.22999954
4068	49
4069	49.02999878
4070	49
4071	48.90000153
4072	48.95999908
4073	48.63000107
4074	48.52000046
4075	48.20999908
4076	47.86999893
4077	47.86999893
4078	47.27999878
4079	46.93999863
4080	46.68999863
4081	46.59000015
4082	46.54999924
4083	46.56999969
4084	46.45999908
4085	46.40000153
4086	46.40000153
4087	46.43999863
4088	46.56999969
4089	46.65000153
4090	46.72999954
4091	46.95999908
4092	47.00999832
4093	47.15000153
4094	47.27999878
4095	47.22000122
4096	46.81999969
4097	47.02999878
4098	47.09000015
4099	47.16999817
4100	47.20000076
4101	47.36999893
4102	47.36000061
4103	47.52999878
4104	47.70000076
4105	47.47000122
4106	47.43000031
4107	47.36999893
4108	47.29999924
4109	47.38999939
4110	47.50999832
4111	47.45000076
4112	47.47000122
4113	47.54999924
4114	47.68000031
4115	47.68000031
4116	47.72000122
4117	47.79000092
4118	47.99000168
4119	47.75999832
4120	47.72000122
4121	47.61999893
4122	47.63999939
4123	47.61999893
4124	47.83000183
4125	47.79000092
4126	47.84999847
4127	47.74000168
4128	47.93000031
4129	47.88999939
4130	47.88999939
4131	47.99000168
4132	47.81000137
4133	47.95000076
4134	47.95000076
4135	47.93000031
4136	47.90999985
4137	47.81000137
4138	47.99000168
4139	47.88999939
4140	47.95000076
4141	47.90999985
4142	48.09999847
4143	48.20999908
4144	48.09999847
4145	48.18000031
4146	48.20999908
4147	48.31000137
4148	48.20000076
4149	48.18000031
4150	48
4151	47.79000092
4152	47.83000183
4153	47.95000076
4154	47.93000031
4155	48.18000031
4156	48.08000183
4157	48.20000076
4158	48.33000183
4159	48.38999939
4160	48.29000092
4161	47.88999939
4162	47.77999878
4163	47.88999939
4164	47.84999847
4165	48.04000092
4166	48.22999954
4167	48.06000137
4168	48.15999985
4169	48.13999939
4170	48.33000183
4171	48.41999817
4172	48.13999939
4173	48.04000092
4174	47.99000168
4175	48.09999847
4176	48.08000183
4177	48.11999893
4178	48.11999893
4179	48.22999954
4180	48.29000092
4181	48.13999939
4182	47.99000168
4183	48.06000137
4184	48.11999893
4185	47.93000031
4186	47.79000092
4187	47.88999939
4188	48.08000183
4189	47.93000031
4190	48.09999847
4191	48.13999939
4192	48.27000046
4193	48.06000137
4194	47.88999939
4195	47.90999985
4196	48.06000137
4197	48.08000183
4198	48.22999954
4199	48.20999908
4200	48.11999893
4201	48.02000046
4202	48.02000046
4203	48.04000092
4204	48.15999985
4205	48.06000137
4206	48.09999847
4207	48.11999893
4208	47.99000168
4209	47.83000183
4210	48.02000046
4211	48.06000137
4212	48.34999847
4213	48.22999954
4214	48.22999954
4215	48.04000092
4216	47.99000168
4217	48.06000137
4218	48.08000183
4219	47.99000168
4220	48.18000031
4221	47.95000076
4222	47.75999832
4223	47.95000076
4224	48.06000137
4225	48.04000092
4226	48.09999847
4227	48.25
4228	48.27000046
4229	48.13999939
4230	47.90999985
4231	48.04000092
4232	48.11999893
4233	48.09999847
4234	48.09999847
4235	47.99000168
4236	47.90999985
4237	47.99000168
4238	48.02000046
4239	47.99000168
4240	48.31000137
4241	48.38999939
4242	48.13999939
4243	48
4244	47.90999985
4245	47.97000122
4246	48.08000183
4247	48.09999847
4248	47.90999985
4249	47.83000183
4250	47.97000122
4251	48.02000046
4252	48.06000137
4253	48.02000046
4254	48.06000137
4255	48.02000046
4256	47.99000168
4257	48.31000137
4258	47.97000122
4259	48.04000092
4260	48
4261	48.13999939
4262	47.86999893
4263	47.90999985
4264	47.97000122
4265	48.06000137
4266	48.33000183
4267	47.90999985
4268	47.95000076
4269	48
4270	48.31000137
4271	48.22999954
4272	48.13999939
4273	48.02000046
4274	48.18000031
4275	48.13999939
4276	48.09999847
4277	48.08000183
4278	48.41999817
4279	48.08000183
4280	47.81000137
4281	47.95000076
4282	48.02000046
4283	47.93000031
4284	48.20999908
4285	47.90999985
4286	47.97000122
4287	47.84999847
4288	48.22999954
4289	48
4290	48.02000046
4291	47.95000076
4292	48.22999954
4293	48.06000137
4294	47.88999939
4295	48.08000183
4296	48.13999939
4297	48.22999954
4298	48.02000046
4299	47.99000168
4300	47.97000122
4301	48.06000137
4302	48.36999893
4303	47.88999939
4304	48.06000137
4305	48
4306	48.20999908
4307	47.83000183
4308	48.04000092
4309	48.06000137
4310	48.22999954
4311	47.84999847
4312	47.95000076
4313	48.20999908
4314	48.13999939
4315	47.90999985
4316	47.79000092
4317	48.02000046
4318	48.18000031
4319	48.08000183
4320	47.90999985
4321	47.81000137
4322	47.97000122
4323	48.22999954
4324	48.04000092
4325	47.77999878
4326	48.09999847
4327	48.18000031
4328	48.02000046
4329	47.88999939
4330	47.95000076
4331	47.93000031
4332	48
4333	47.77999878
4334	47.90999985
4335	47.97000122
4336	47.97000122
4337	47.72000122
4338	47.93000031
4339	47.97000122
4340	48.20000076
4341	47.95000076
4342	47.79000092
4343	47.97000122
4344	47.93000031
4345	47.99000168
4346	47.90999985
4347	47.84999847
4348	48.04000092
4349	48.15999985
4350	47.86999893
4351	47.86999893
4352	47.95000076
4353	48.20000076
4354	48.29000092
4355	47.86999893
4356	47.90999985
4357	47.97000122
4358	48.11999893
4359	47.70000076
4360	47.90999985
4361	48.02000046
4362	48.02000046
4363	48.25
4364	47.70000076
4365	47.75999832
4366	48.13999939
4367	47.93000031
4368	48.11999893
4369	48.02000046
4370	47.95000076
4371	48.27000046
4372	48.20000076
4373	48.29000092
4374	48.15999985
4375	48.29000092
4376	48.20999908
4377	48.36999893
4378	48.36999893
4379	48.54000092
4380	48.58000183
4381	48.56000137
4382	48.31000137
4383	48.31000137
4384	48.41999817
4385	48.40000153
4386	48.40000153
4387	48.5
4388	48.61000061
4389	48.61000061
4390	48.66999817
4391	48.65000153
4392	48.54000092
4393	48.27000046
4394	48.40000153
4395	48.54000092
4396	48.47999954
4397	48.81000137
4398	48.79000092
4399	48.43999863
4400	48.38999939
4401	48.47999954
4402	48.65000153
4403	48.47999954
4404	48.75
4405	48.84000015
4406	48.40000153
4407	48.54000092
4408	48.59999847
4409	48.54000092
4410	48.45999908
4411	48.33000183
4412	48.56000137
4413	48.56000137
4414	48.58000183
4415	48.93999863
4416	48.61000061
4417	48.54000092
4418	48.33000183
4419	48.65000153
4420	48.63000107
4421	48.77000046
4422	48.41999817
4423	48.58000183
4424	48.54000092
4425	48.75
4426	48.77000046
4427	48.33000183
4428	48.43999863
4429	48.56000137
4430	48.81000137
4431	48.45999908
4432	48.40000153
4433	48.52000046
4434	48.68999863
4435	48.86000061
4436	48.34999847
4437	48.40000153
4438	48.47999954
4439	48.45999908
4440	48.75
4441	48.86000061
4442	48.5
4443	48.59999847
4444	48.58000183
4445	48.79000092
4446	48.43999863
4447	48.61000061
4448	48.5
4449	48.81000137
4450	48.66999817
4451	48.38999939
4452	48.58000183
4453	48.52000046
4454	48.66999817
4455	48.81000137
4456	48.70999908
4457	48.54000092
4458	48.54000092
4459	48.65000153
4460	48.79000092
4461	48.45999908
4462	48.52000046
4463	48.66999817
4464	48.65000153
4465	48.63000107
4466	48.52000046
4467	48.41999817
4468	48.56000137
4469	48.75
4470	48.36999893
4471	48.56000137
4472	48.68999863
4473	48.75
4474	48.56000137
4475	48.33000183
4476	48.56000137
4477	48.58000183
4478	48.77000046
4479	48.66999817
4480	48.56000137
4481	48.86000061
4482	48.66999817
4483	48.45999908
4484	48.59999847
4485	48.79000092
4486	48.43999863
4487	48.58000183
4488	48.72999954
4489	48.58000183
4490	48.45999908
4491	48.52000046
4492	48.52000046
4493	48.40000153
4494	48.43999863
4495	48.58000183
4496	48.65000153
4497	48.81000137
4498	48.36999893
4499	48.54000092
4500	48.54000092
4501	48.68999863
4502	48.81000137
4503	48.38999939
4504	48.52000046
4505	48.54000092
4506	48.84000015
4507	48.36999893
4508	48.54000092
4509	48.5
4510	48.61000061
4511	48.77000046
4512	48.77000046
4513	48.45999908
4514	48.45999908
4515	48.31000137
4516	48.59999847
4517	48.68999863
4518	48.63000107
4519	48.34999847
4520	48.52000046
4521	48.56000137
4522	48.79000092
4523	48.70999908
4524	48.40000153
4525	48.27000046
4526	48.54000092
4527	48.61000061
4528	48.63000107
4529	48.70999908
4530	48.36999893
4531	48.40000153
4532	48.43999863
4533	48.58000183
4534	48.5
4535	48.54000092
4536	48.38999939
4537	48.54000092
4538	48.52000046
4539	48.68999863
4540	48.79000092
4541	48.70999908
4542	48.5
4543	48.52000046
4544	48.56000137
4545	48.59999847
4546	48.43999863
4547	48.36999893
4548	48.09999847
4549	47.52999878
4550	47.47000122
4551	47.16999817
4552	46.95999908
4553	46.84000015
4554	46.75
4555	46.47999954
4556	46.18999863
4557	46
4558	46.09999847
4559	46.18999863
4560	46.45999908
4561	46.33000183
4562	46.20999908
4563	46.18999863
4564	46.41999817
4565	46.45999908
4566	46.68999863
4567	46.45999908
4568	46.45999908
4569	46.72999954
4570	46.72999954
4571	46.72999954
4572	47.02999878
4573	47.18000031
4574	46.95999908
4575	46.75999832
4576	46.99000168
4577	47.04999924
4578	47.20000076
4579	47.22000122
4580	46.86000061
4581	47.15000153
4582	47.22000122
4583	47.36999893
4584	47.20000076
4585	47.06999969
4586	47.25999832
4587	47.27999878
4588	47.38999939
4589	47.40999985
4590	47.31999969
4591	47.36000061
4592	47.36000061
4593	47.56999969
4594	47.50999832
4595	47.36000061
4596	47.40999985
4597	47.47000122
4598	47.81000137
4599	47.65999985
4600	47.43000031
4601	47.50999832
4602	47.58000183
4603	47.68000031
4604	47.40999985
4605	47.43000031
4606	47.56999969
4607	47.72000122
4608	47.77999878
4609	47.54999924
4610	47.40999985
4611	47.47000122
4612	47.61999893
4613	47.65999985
4614	47.49000168
4615	47.49000168
4616	47.56999969
4617	47.54999924
4618	47.68000031
4619	47.36999893
4620	47.70000076
4621	47.61999893
4622	47.72000122
4623	47.49000168
4624	47.58000183
4625	47.52999878
4626	47.49000168
4627	47.43000031
4628	47.47000122
4629	47.56999969
4630	47.70000076
4631	47.75999832
4632	47.49000168
4633	47.47000122
4634	47.72000122
4635	47.59999847
4636	47.59999847
4637	47.47000122
4638	47.52999878
4639	47.59999847
4640	47.88999939
4641	47.45000076
4642	47.58000183
4643	47.75999832
4644	47.77999878
4645	47.81000137
4646	47.43000031
4647	47.56999969
4648	47.59999847
4649	47.83000183
4650	47.40999985
4651	47.74000168
4652	47.54999924
4653	48
4654	47.40999985
4655	47.63999939
4656	47.81000137
4657	47.45000076
4658	47.65999985
4659	47.72000122
4660	47.47000122
4661	47.65999985
4662	47.83000183
4663	47.56999969
4664	47.70000076
4665	47.70000076
4666	47.74000168
4667	47.63999939
4668	47.90999985
4669	47.47000122
4670	47.59999847
4671	47.65999985
4672	47.63999939
4673	47.72000122
4674	47.86999893
4675	47.54999924
4676	47.74000168
4677	47.90999985
4678	47.40999985
4679	47.68000031
4680	47.88999939
4681	47.54999924
4682	47.61999893
4683	47.97000122
4684	47.49000168
4685	47.40999985
4686	47.63999939
4687	47.38999939
4688	47.54999924
4689	47.68000031
4690	47.99000168
4691	47.59999847
4692	47.72000122
4693	47.61999893
4694	47.84999847
4695	47.54999924
4696	47.49000168
4697	47.83000183
4698	47.63999939
4699	47.59999847
4700	47.58000183
4701	47.68000031
4702	47.45000076
4703	47.54999924
4704	47.81000137
4705	47.83000183
4706	47.52999878
4707	47.58000183
4708	47.68000031
4709	47.93000031
4710	47.61999893
4711	47.58000183
4712	47.59999847
4713	47.84999847
4714	47.97000122
4715	47.58000183
4716	47.83000183
4717	47.65999985
4718	47.79000092
4719	47.99000168
4720	47.50999832
4721	47.70000076
4722	47.74000168
4723	47.65999985
4724	47.79000092
4725	47.47000122
4726	47.45000076
4727	47.68000031
4728	47.65999985
4729	47.75999832
4730	47.77999878
4731	47.75999832
4732	47.43000031
4733	47.58000183
4734	47.68000031
4735	47.84999847
4736	47.54999924
4737	47.47000122
4738	47.72000122
4739	47.86999893
4740	47.68000031
4741	47.47000122
4742	47.59999847
4743	47.81000137
4744	47.70000076
4745	47.49000168
4746	47.63999939
4747	47.83000183
4748	47.83000183
4749	47.49000168
4750	47.65999985
4751	47.58000183
4752	47.68000031
4753	47.52999878
4754	47.61999893
4755	47.81000137
4756	47.72000122
4757	47.56999969
4758	47.74000168
4759	47.70000076
4760	47.47000122
4761	47.90999985
4762	47.54999924
4763	47.52999878
4764	47.79000092
4765	47.79000092
4766	47.47000122
4767	47.65999985
4768	47.68000031
4769	47.61999893
4770	47.65999985
4771	47.93000031
4772	47.50999832
4773	47.72000122
4774	47.81000137
4775	47.54999924
4776	47.75999832
4777	47.83000183
4778	47.90999985
4779	47.45000076
4780	47.68000031
4781	47.68000031
4782	47.83000183
4783	47.59999847
4784	47.56999969
4785	47.75999832
4786	47.84999847
4787	47.83000183
4788	47.52999878
4789	47.63999939
4790	47.61999893
4791	47.77999878
4792	47.83000183
4793	47.84999847
4794	47.70000076
4795	47.63999939
4796	47.84999847
4797	47.84999847
4798	47.58000183
4799	47.70000076
4800	47.75999832
4801	47.86999893
4802	47.63999939
4803	47.43000031
4804	47.59999847
4805	47.79000092
4806	47.90999985
4807	47.47000122
4808	47.61999893
4809	47.63999939
4810	47.90999985
4811	47.65999985
4812	47.52999878
4813	47.74000168
4814	47.86999893
4815	47.70000076
4816	47.56999969
4817	47.59999847
4818	47.63999939
4819	47.79000092
4820	47.99000168
4821	47.59999847
4822	47.52999878
4823	47.58000183
4824	47.77999878
4825	47.81000137
4826	47.61999893
4827	47.52999878
4828	47.54999924
4829	47.65999985
4830	47.61999893
4831	47.77999878
4832	47.83000183
4833	47.75999832
4834	47.68000031
4835	47.54999924
4836	47.65999985
4837	47.65999985
4838	47.74000168
4839	47.56999969
4840	47.74000168
4841	47.70000076
4842	47.72000122
4843	47.83000183
4844	48.02000046
4845	47.90999985
4846	47.93000031
4847	47.99000168
4848	48.02000046
4849	48.04000092
4850	48.09999847
4851	48.09999847
4852	48.11999893
4853	48.18000031
4854	48.13999939
4855	48.09999847
4856	48.09999847
4857	48.11999893
4858	48.31000137
4859	48.36999893
4860	48.31000137
4861	48.09999847
4862	48.22999954
4863	47.99000168
4864	47.93000031
4865	48.08000183
4866	48.09999847
4867	48.18000031
4868	48.22999954
4869	48.33000183
4870	48.31000137
4871	48.18000031
4872	48.02000046
4873	48.22999954
4874	48.15999985
4875	48.20999908
4876	48.40000153
4877	48.43999863
4878	48.43999863
4879	48.38999939
4880	48.18000031
4881	48.13999939
4882	48.20999908
4883	48.15999985
4884	48.31000137
4885	48.45999908
4886	47.97000122
4887	48.09999847
4888	48.25
4889	48.22999954
4890	48.20999908
4891	48.27000046
4892	48.06000137
4893	48.02000046
4894	48.08000183
4895	48.22999954
4896	48.41999817
4897	48.34999847
4898	48.22999954
4899	48.13999939
4900	47.99000168
4901	48.09999847
4902	48.34999847
4903	48.11999893
4904	48.36999893
4905	48.36999893
4906	47.99000168
4907	48.04000092
4908	48.18000031
4909	48.52000046
4910	48.34999847
4911	48.08000183
4912	48.06000137
4913	48.22999954
4914	48.20999908
4915	48.20999908
4916	48.25
4917	48.41999817
4918	48.06000137
4919	47.97000122
4920	48.20000076
4921	48.04000092
4922	48.02000046
4923	48.20000076
4924	48.13999939
4925	48.20999908
4926	48.22999954
4927	48.20000076
4928	48.18000031
4929	48.20000076
4930	48.27000046
4931	48.34999847
4932	48.27000046
4933	48.09999847
4934	48.20999908
4935	48.02000046
4936	47.93000031
4937	48.34999847
4938	48.08000183
4939	48.11999893
4940	48.25
4941	48.20000076
4942	48.40000153
4943	48.40000153
4944	48.52000046
4945	48.29000092
4946	48.08000183
4947	48.13999939
4948	48.25
4949	48.13999939
4950	48.11999893
4951	48.36999893
4952	48.31000137
4953	48.20000076
4954	48.08000183
4955	48.11999893
4956	48.18000031
4957	48.22999954
4958	48.41999817
4959	48.43999863
4960	48.08000183
4961	48.13999939
4962	47.97000122
4963	48.13999939
4964	48.13999939
4965	48.36999893
4966	48.36999893
4967	48.20999908
4968	48.06000137
4969	48.13999939
4970	48.13999939
4971	48.22999954
4972	48.41999817
4973	48.34999847
4974	48.58000183
4975	48.18000031
4976	48.09999847
4977	48.02000046
4978	48.20000076
4979	48.22999954
4980	48.20999908
4981	48.45999908
4982	48.33000183
4983	48.09999847
4984	48.09999847
4985	48.02000046
4986	48.09999847
4987	48.13999939
4988	48.20999908
4989	48.18000031
4990	48.31000137
4991	48.20999908
4992	48.33000183
4993	48.5
4994	48.25
4995	48.18000031
4996	48.09999847
4997	47.97000122
4998	48
4999	48.08000183
5000	48.11999893
5001	48.15999985
5002	48.40000153
5003	48.34999847
5004	48.36999893
5005	48.25
5006	48.08000183
5007	48.22999954
5008	48.09999847
5009	48.20000076
5010	48.25
5011	48.38999939
5012	48.43999863
5013	48.29000092
5014	48.33000183
5015	48.25
5016	48.31000137
5017	48.20000076
5018	48.29000092
5019	48.04000092
5020	48
5021	47.84999847
5022	47.77999878
5023	47.29999924
5024	46.99000168
5025	46.66999817
5026	46.18999863
5027	46.02000046
5028	46.04000092
5029	46
5030	45.97999954
5031	45.93999863
5032	46.02000046
5033	46.02000046
5034	46.06000137
5035	46.09999847
5036	46.16999817
5037	46.13999939
5038	46.66999817
5039	46.61000061
5040	46.63000107
5041	46.63000107
5042	46.70999908
5043	46.38000107
5044	46.47999954
5045	46.63000107
5046	46.66999817
5047	46.79999924
5048	46.79999924
5049	46.88000107
5050	46.97000122
5051	47.15000153
5052	46.93999863
5053	46.86000061
5054	46.86000061
5055	46.88000107
5056	47.02999878
5057	47.06999969
5058	47.27999878
5059	47.22000122
5060	47.20000076
5061	46.99000168
5062	47.20000076
5063	47.09000015
5064	47.45000076
5065	47.40999985
5066	46.91999817
5067	47.18000031
5068	47.24000168
5069	47.13000107
5070	47.27999878
5071	47.29999924
5072	47.04999924
5073	47.00999832
5074	47.11000061
5075	47.18000031
5076	47.25999832
5077	47.47000122
5078	47.47000122
5079	47.11000061
5080	47.24000168
5081	47.31999969
5082	47.34000015
5083	47.52999878
5084	47.45000076
5085	47.22000122
5086	47.24000168
5087	47.36000061
5088	47.29999924
5089	47.72000122
5090	47.43000031
5091	47.29999924
5092	47.15000153
5093	47.20000076
5094	47.29999924
5095	47.34000015
5096	47.45000076
5097	47.63999939
5098	47.56999969
5099	47.25999832
5100	47.36999893
5101	47.43000031
5102	47.47000122
5103	47.20000076
5104	47.36000061
5105	47.40999985
5106	47.34000015
5107	47.56999969
5108	47.52999878
5109	47.36999893
5110	47.31999969
5111	47.27999878
5112	47.56999969
5113	47.58000183
5114	47.43000031
5115	47.27999878
5116	47.27999878
5117	47.58000183
5118	47.59999847
5119	47.15000153
5120	47.31999969
5121	47.40999985
5122	47.58000183
5123	47.27999878
5124	47.29999924
5125	47.40999985
5126	47.58000183
5127	47.31999969
5128	47.27999878
5129	47.40999985
5130	47.45000076
5131	47.40999985
5132	47.54999924
5133	47.49000168
5134	47.15000153
5135	47.47000122
5136	47.59999847
5137	47.61999893
5138	47.27999878
5139	47.43000031
5140	47.63999939
5141	47.49000168
5142	47.24000168
5143	47.34000015
5144	47.36999893
5145	47.68000031
5146	47.58000183
5147	47.49000168
5148	47.22000122
5149	47.56999969
5150	47.63999939
5151	47.58000183
5152	47.58000183
5153	47.43000031
5154	47.27999878
5155	47.43000031
5156	47.52999878
5157	47.72000122
5158	47.86999893
5159	47.24000168
5160	47.58000183
5161	47.43000031
5162	47.58000183
5163	47.29999924
5164	47.47000122
5165	47.47000122
5166	47.63999939
5167	47.54999924
5168	47.31999969
5169	47.27999878
5170	47.43000031
5171	47.63999939
5172	47.20000076
5173	47.36000061
5174	47.40999985
5175	47.74000168
5176	47.36999893
5177	47.49000168
5178	47.38999939
5179	47.79000092
5180	47.22000122
5181	47.11000061
5182	47.38999939
5183	47.58000183
5184	47.52999878
5185	47.29999924
5186	47.49000168
5187	47.74000168
5188	47.47000122
5189	47.31999969
5190	47.43000031
5191	47.63999939
5192	47.75999832
5193	47.16999817
5194	47.36000061
5195	47.45000076
5196	47.56999969
5197	47.31999969
5198	47.50999832
5199	47.49000168
5200	47.36999893
5201	47.36999893
5202	47.47000122
5203	47.49000168
5204	47.65999985
5205	47.65999985
5206	47.25999832
5207	47.40999985
5208	47.36999893
5209	47.36000061
5210	47.27999878
5211	47.40999985
5212	47.50999832
5213	47.63999939
5214	47.20000076
5215	47.43000031
5216	47.49000168
5217	47.68000031
5218	47.56999969
5219	47.29999924
5220	47.38999939
5221	47.58000183
5222	47.54999924
5223	47.31999969
5224	47.40999985
5225	47.40999985
5226	47.63999939
5227	47.40999985
5228	47.40999985
5229	47.47000122
5230	47.36999893
5231	47.65999985
5232	47.24000168
5233	47.43000031
5234	47.45000076
5235	47.36000061
5236	47.54999924
5237	47.34000015
5238	47.27999878
5239	47.38999939
5240	47.38999939
5241	47.36000061
5242	47.40999985
5243	47.22000122
5244	47.22000122
5245	47.20000076
5246	47.40999985
5247	47.52999878
5248	47.70000076
5249	47.40999985
5250	47.18000031
5251	47.31999969
5252	47.36999893
5253	47.65999985
5254	47.54999924
5255	47.45000076
5256	47.43000031
5257	47.36000061
5258	47.36999893
5259	47.43000031
5260	47.56999969
5261	47.36999893
5262	47.22000122
5263	47.29999924
5264	47.31999969
5265	47.45000076
5266	47.36000061
5267	47.61999893
5268	47.68000031
5269	47.24000168
5270	47.31999969
5271	47.31999969
5272	47.43000031
5273	47.38999939
5274	47.74000168
5275	47.54999924
5276	47.45000076
5277	47.38999939
5278	47.18000031
5279	47.47000122
5280	47.36000061
5281	47.43000031
5282	47.29999924
5283	47.81000137
5284	47.36000061
5285	47.38999939
5286	47.25999832
5287	47.38999939
5288	47.31999969
5289	47.47000122
5290	47.45000076
5291	47.45000076
5292	47.49000168
5293	47.68000031
5294	47.58000183
5295	47.47000122
5296	47.47000122
5297	47.34000015
5298	47.47000122
5299	47.47000122
5300	47.40999985
5301	47.61999893
5302	47.47000122
5303	47.54999924
5304	47.58000183
5305	47.22000122
5306	47.68000031
5307	47.52999878
5308	47.56999969
5309	47.59999847
5310	47.49000168
5311	47.31999969
5312	47.47000122
5313	47.43000031
5314	47.63999939
5315	47.54999924
5316	47.83000183
5317	47.83000183
5318	47.83000183
5319	47.72000122
5320	47.45000076
5321	47.56999969
5322	47.58000183
5323	47.72000122
5324	47.74000168
5325	47.86999893
5326	48
5327	48.06000137
5328	48.11999893
5329	47.77999878
5330	47.72000122
5331	47.95000076
5332	47.88999939
5333	47.81000137
5334	48.11999893
5335	48.20999908
5336	48.13999939
5337	48.08000183
5338	48.06000137
5339	47.72000122
5340	47.81000137
5341	47.84999847
5342	47.93000031
5343	47.93000031
5344	47.97000122
5345	47.99000168
5346	47.93000031
5347	48.18000031
5348	47.93000031
5349	47.93000031
5350	47.72000122
5351	47.83000183
5352	47.83000183
5353	47.93000031
5354	47.95000076
5355	47.99000168
5356	48.04000092
5357	48.20000076
5358	48.11999893
5359	47.93000031
5360	47.83000183
5361	47.83000183
5362	47.83000183
5363	47.77999878
5364	47.77999878
5365	47.77999878
5366	47.88999939
5367	47.86999893
5368	47.97000122
5369	48.11999893
5370	47.99000168
5371	48.08000183
5372	47.95000076
5373	47.83000183
5374	47.79000092
5375	47.83000183
5376	48.02000046
5377	47.86999893
5378	47.97000122
5379	48.06000137
5380	48.02000046
5381	47.90999985
5382	47.84999847
5383	47.90999985
5384	47.83000183
5385	48.13999939
5386	48.08000183
5387	47.88999939
5388	47.93000031
5389	47.99000168
5390	48.04000092
5391	47.88999939
5392	47.90999985
5393	47.75999832
5394	47.93000031
5395	47.99000168
5396	48.06000137
5397	48.22999954
5398	48.22999954
5399	48.29000092
5400	48.20999908
5401	48.31000137
5402	47.83000183
5403	48.04000092
5404	48.08000183
5405	47.90999985
5406	48.02000046
5407	48.20999908
5408	47.83000183
5409	47.79000092
5410	48
5411	48.08000183
5412	48.04000092
5413	48.22999954
5414	48.09999847
5415	47.84999847
5416	47.84999847
5417	47.99000168
5418	48.40000153
5419	48.22999954
5420	48.02000046
5421	47.88999939
5422	47.93000031
5423	47.93000031
5424	48.22999954
5425	48.27000046
5426	47.79000092
5427	47.84999847
5428	48.02000046
5429	48
5430	48.18000031
5431	47.88999939
5432	47.83000183
5433	47.99000168
5434	48.02000046
5435	47.97000122
5436	48.22999954
5437	48.22999954
5438	48.06000137
5439	47.99000168
5440	47.99000168
5441	47.88999939
5442	47.93000031
5443	47.90999985
5444	48.06000137
5445	47.95000076
5446	47.84999847
5447	47.88999939
5448	47.93000031
5449	48.09999847
5450	48.11999893
5451	48.27000046
5452	48.15999985
5453	48
5454	47.95000076
5455	47.97000122
5456	48.04000092
5457	47.99000168
5458	48.13999939
5459	47.95000076
5460	47.99000168
5461	48.06000137
5462	48.18000031
5463	48.04000092
5464	47.93000031
5465	48
5466	47.83000183
5467	47.74000168
5468	47.95000076
5469	48.09999847
5470	48.04000092
5471	47.84999847
5472	47.95000076
5473	48.13999939
5474	48.04000092
5475	48.20000076
5476	48.18000031
5477	47.74000168
5478	47.75999832
5479	47.75999832
5480	47.75999832
5481	47.77999878
5482	47.84999847
5483	47.99000168
5484	47.86999893
5485	48.06000137
5486	48.06000137
5487	48.08000183
5488	48.20999908
5489	48.13999939
5490	48.20999908
5491	47.75999832
5492	47.70000076
5493	47.68000031
5494	47.56999969
5495	47.38999939
5496	47.02999878
5497	46.77999878
5498	46.70999908
5499	46.75
5500	46.08000183
5501	45.97999954
5502	45.97999954
5503	45.93999863
5504	45.83000183
5505	46.04000092
5506	46.08000183
5507	46.20999908
5508	46.06000137
5509	45.84999847
5510	46.04000092
5511	46
5512	45.97999954
5513	46.16999817
5514	46.40000153
5515	46.38000107
5516	46.27000046
5517	46.22999954
5518	46.22999954
5519	46.43999863
5520	46.47999954
5521	46.59000015
5522	46.77999878
5523	46.77999878
5524	46.47999954
5525	46.68999863
5526	46.59000015
5527	46.72999954
5528	46.59000015
5529	46.54999924
5530	46.86000061
5531	46.88000107
5532	46.93999863
5533	46.91999817
5534	46.68999863
5535	46.72999954
5536	47.00999832
5537	47.20000076
5538	47.16999817
5539	46.88000107
5540	46.81999969
5541	46.95999908
5542	47.36000061
5543	47.06999969
5544	46.88000107
5545	47.06999969
5546	47.09000015
5547	47.25999832
5548	46.91999817
5549	46.97000122
5550	47.13000107
5551	47.16999817
5552	47.06999969
5553	47.04999924
5554	47.04999924
5555	47.18000031
5556	47.02999878
5557	47.09000015
5558	47.27999878
5559	46.97000122
5560	46.95999908
5561	47.11000061
5562	47.31999969
5563	47.16999817
5564	47.04999924
5565	47.06999969
5566	47.18000031
5567	47.36999893
5568	47.34000015
5569	46.97000122
5570	47.06999969
5571	47.36000061
5572	47.36999893
5573	47.36000061
5574	47.02999878
5575	47.11000061
5576	47.29999924
5577	47.47000122
5578	47.27999878
5579	47.06999969
5580	47.04999924
5581	47.22000122
5582	47.25999832
5583	47.04999924
5584	47.06999969
5585	47.40999985
5586	47.16999817
5587	47.02999878
5588	47.11000061
5589	47.40999985
5590	46.95999908
5591	47.06999969
5592	47.24000168
5593	47.34000015
5594	47.45000076
5595	47.22000122
5596	47.06999969
5597	47.38999939
5598	47.18000031
5599	46.95999908
5600	47.09000015
5601	47.47000122
5602	46.99000168
5603	47.15000153
5604	47.27999878
5605	47.27999878
5606	47.04999924
5607	47.18000031
5608	47.40999985
5609	47.20000076
5610	47.11000061
5611	47.52999878
5612	47.04999924
5613	47.13000107
5614	47.31999969
5615	47.16999817
5616	47.13000107
5617	47.13000107
5618	47.18000031
5619	47.52999878
5620	47.36999893
5621	47.18000031
5622	47.20000076
5623	47.56999969
5624	47.18000031
5625	47.18000031
5626	47.52999878
5627	47.16999817
5628	47.18000031
5629	47.13000107
5630	47.18000031
5631	47.36000061
5632	47.50999832
5633	47.20000076
5634	47.22000122
5635	47.15000153
5636	47.43000031
5637	47.36000061
5638	47.04999924
5639	47.20000076
5640	47.34000015
5641	47.40999985
5642	47.25999832
5643	47.11000061
5644	47.24000168
5645	47.29999924
5646	47.61999893
5647	47.56999969
5648	47.02999878
5649	47.31999969
5650	47.27999878
5651	47.24000168
5652	47.47000122
5653	47.00999832
5654	47.15000153
5655	47.20000076
5656	47.29999924
5657	47.38999939
5658	47.47000122
5659	47.34000015
5660	47.11000061
5661	47.16999817
5662	47.16999817
5663	47.36999893
5664	47.49000168
5665	47.45000076
5666	47.36000061
5667	47.06999969
5668	47.15000153
5669	47.27999878
5670	47.18000031
5671	47.13000107
5672	47.31999969
5673	47.45000076
5674	47.43000031
5675	47.43000031
5676	47.02999878
5677	47.20000076
5678	47.22000122
5679	47.24000168
5680	47.20000076
5681	47.45000076
5682	47.43000031
5683	47.24000168
5684	47.20000076
5685	47.04999924
5686	47.27999878
5687	47.29999924
5688	47.18000031
5689	47.29999924
5690	47.38999939
5691	47.22000122
5692	47.24000168
5693	47.47000122
5694	47.36000061
5695	47.20000076
5696	47.06999969
5697	47.04999924
5698	47.04999924
5699	47.29999924
5700	47.36000061
5701	47.16999817
5702	47.40999985
5703	47.40999985
5704	47.25999832
5705	47.13000107
5706	47.15000153
5707	46.93999863
5708	47.20000076
5709	47.15000153
5710	47.11000061
5711	47.15000153
5712	47.18000031
5713	47.36000061
5714	47.36999893
5715	47.54999924
5716	47.38999939
5717	47.34000015
5718	46.93999863
5719	47.00999832
5720	47.04999924
5721	47.13000107
5722	47.11000061
5723	47.20000076
5724	47.16999817
5725	47.15000153
5726	47.22000122
5727	47.13000107
5728	47.22000122
5729	47.22000122
5730	47.13000107
5731	47.16999817
5732	47.09000015
5733	47.06999969
5734	47.16999817
5735	47.20000076
5736	47.43000031
5737	47.36999893
5738	47.36999893
5739	47.36999893
5740	47.49000168
5741	47.31999969
5742	47.13000107
5743	47.25999832
5744	47.15000153
5745	47.18000031
5746	47.22000122
5747	47.24000168
5748	47.15000153
5749	47.18000031
5750	47.45000076
5751	47.40999985
5752	47.40999985
5753	47.65999985
5754	46.97000122
5755	47.04999924
5756	47.00999832
5757	47.11000061
5758	47.02999878
5759	47.11000061
5760	47.18000031
5761	47.18000031
5762	47.18000031
5763	47.04999924
5764	47.36000061
5765	47.43000031
5766	47.31999969
5767	47.25999832
5768	47.36999893
5769	47.45000076
5770	47.47000122
5771	47.36000061
5772	47.45000076
5773	46.93999863
5774	47.13000107
5775	47.04999924
5776	47.09000015
5777	47.00999832
5778	47.13000107
5779	47.15000153
5780	47.20000076
5781	47.11000061
5782	47.31999969
5783	47.36000061
5784	47.40999985
5785	47.40999985
5786	47.36999893
5787	47.45000076
5788	47.56999969
5789	47.52999878
5790	47.59999847
5791	47.29999924
5792	47.36999893
5793	47.38999939
5794	47.52999878
5795	47.34000015
5796	47.54999924
5797	47.65999985
5798	47.68000031
5799	47.59999847
5800	47.50999832
5801	47.65999985
5802	47.70000076
5803	47.75999832
5804	47.61999893
5805	47.68000031
5806	47.58000183
5807	47.54999924
5808	47.58000183
5809	47.81000137
5810	47.36999893
5811	47.50999832
5812	47.45000076
5813	47.50999832
5814	47.47000122
5815	47.49000168
5816	47.45000076
5817	47.50999832
5818	47.54999924
5819	47.52999878
5820	47.49000168
5821	47.56999969
5822	47.56999969
5823	47.61999893
5824	47.81000137
5825	47.54999924
5826	47.59999847
5827	47.61999893
5828	47.59999847
5829	47.56999969
5830	47.52999878
5831	47.50999832
5832	47.45000076
5833	47.63999939
5834	47.59999847
5835	47.45000076
5836	47.45000076
5837	47.52999878
5838	47.59999847
5839	47.50999832
5840	47.56999969
5841	47.54999924
5842	47.59999847
5843	47.70000076
5844	47.65999985
5845	47.63999939
5846	47.61999893
5847	47.81000137
5848	47.74000168
5849	47.81000137
5850	47.81000137
5851	47.77999878
5852	47.45000076
5853	47.54999924
5854	47.65999985
5855	47.59999847
5856	47.86999893
5857	47.77999878
5858	47.59999847
5859	47.61999893
5860	47.38999939
5861	47.59999847
5862	47.74000168
5863	47.56999969
5864	47.52999878
5865	47.79000092
5866	47.49000168
5867	47.43000031
5868	47.52999878
5869	47.59999847
5870	47.74000168
5871	47.81000137
5872	47.68000031
5873	47.50999832
5874	47.47000122
5875	47.58000183
5876	47.72000122
5877	47.81000137
5878	47.95000076
5879	47.40999985
5880	47.52999878
5881	47.56999969
5882	47.68000031
5883	47.50999832
5884	47.75999832
5885	47.83000183
5886	47.84999847
5887	47.50999832
5888	47.58000183
5889	47.65999985
5890	47.58000183
5891	47.59999847
5892	47.70000076
5893	47.58000183
5894	47.47000122
5895	47.40999985
5896	47.40999985
5897	47.50999832
5898	47.58000183
5899	47.50999832
5900	47.56999969
5901	47.54999924
5902	47.88999939
5903	47.81000137
5904	47.84999847
5905	47.54999924
5906	47.59999847
5907	47.74000168
5908	47.70000076
5909	47.77999878
5910	47.83000183
5911	47.68000031
5912	47.38999939
5913	47.49000168
5914	47.31999969
5915	47.36999893
5916	47.50999832
5917	47.49000168
5918	47.58000183
5919	47.75999832
5920	47.68000031
5921	47.74000168
5922	47.79000092
5923	47.72000122
5924	47.56999969
5925	47.54999924
5926	47.49000168
5927	47.58000183
5928	47.58000183
5929	47.54999924
5930	47.68000031
5931	47.72000122
5932	47.36999893
5933	47.34000015
5934	47.36000061
5935	47.54999924
5936	47.49000168
5937	47.52999878
5938	47.68000031
5939	47.45000076
5940	47.40999985
5941	47.36000061
5942	47.36999893
5943	47.45000076
5944	47.52999878
5945	47.59999847
5946	47.81000137
5947	47.74000168
5948	47.70000076
5949	47.36999893
5950	47.36999893
5951	47.43000031
5952	47.43000031
5953	47.68000031
5954	47.68000031
5955	47.68000031
5956	47.61999893
5957	47.59999847
5958	47.54999924
5959	47.52999878
5960	47.52999878
5961	47.47000122
5962	47.47000122
5963	47.61999893
5964	47.63999939
5965	47.50999832
5966	47.31999969
5967	47.22000122
5968	47.13000107
5969	46.91999817
5970	46.77999878
5971	46.68999863
5972	45.97999954
5973	45.86999893
5974	45.79000092
5975	45.79000092
5976	45.63999939
5977	45.83000183
5978	45.81000137
5979	45.72999954
5980	45.56000137
5981	45.65999985
5982	45.72999954
5983	45.61999893
5984	45.83000183
5985	45.75
5986	45.72999954
5987	45.75
5988	46
5989	46.08000183
5990	46.22999954
5991	46.15000153
5992	46.04000092
5993	46.06000137
5994	46.25
5995	46.33000183
5996	46.56999969
5997	46.56999969
5998	46.54000092
5999	46.36000061
6000	46.38000107
6001	46.5
6002	46.45999908
6003	46.56999969
6004	46.65000153
6005	46.34000015
6006	46.38000107
6007	46.54000092
6008	46.63000107
6009	46.91999817
6010	46.68999863
6011	46.5
6012	46.40000153
6013	46.65000153
6014	46.68999863
6015	46.97000122
6016	46.99000168
6017	46.79999924
6018	46.63000107
6019	46.54000092
6020	46.68999863
6021	46.90000153
6022	46.84000015
6023	46.77999878
6024	46.59000015
6025	46.70999908
6026	46.88000107
6027	47.04999924
6028	46.66999817
6029	46.68999863
6030	46.86000061
6031	46.79999924
6032	46.93999863
6033	46.68999863
6034	46.59000015
6035	46.93999863
6036	47.11000061
6037	46.75999832
6038	46.72999954
6039	46.68999863
6040	46.75
6041	47.00999832
6042	47.04999924
6043	46.75999832
6044	46.81999969
6045	46.86000061
6046	47.18000031
6047	46.70999908
6048	46.81999969
6049	46.88000107
6050	47.00999832
6051	46.72999954
6052	46.91999817
6053	46.86000061
6054	46.90000153
6055	46.91999817
6056	46.97000122
6057	46.79999924
6058	46.68999863
6059	47.15000153
6060	47.29999924
6061	46.99000168
6062	46.79999924
6063	46.77999878
6064	47.06999969
6065	47.11000061
6066	46.81999969
6067	46.70999908
6068	46.93999863
6069	47.16999817
6070	46.84000015
6071	46.79999924
6072	46.75999832
6073	46.95999908
6074	46.84000015
6075	46.79999924
6076	46.97000122
6077	46.86000061
6078	47.20000076
6079	46.95999908
6080	47.02999878
6081	47.00999832
6082	47.04999924
6083	46.95999908
6084	47.09000015
6085	46.70999908
6086	46.86000061
6087	47.11000061
6088	47.02999878
6089	47.00999832
6090	46.91999817
6091	47.18000031
6092	46.84000015
6093	47.09000015
6094	47.04999924
6095	47.18000031
6096	46.81999969
6097	46.95999908
6098	46.95999908
6099	47.13000107
6100	46.95999908
6101	46.95999908
6102	46.97000122
6103	47.16999817
6104	47.04999924
6105	46.81999969
6106	46.95999908
6107	46.95999908
6108	47.25999832
6109	47.09000015
6110	46.88000107
6111	46.81999969
6112	46.93999863
6113	47.34000015
6114	47.15000153
6115	47.20000076
6116	46.95999908
6117	46.86000061
6118	46.97000122
6119	46.99000168
6120	47.18000031
6121	47.16999817
6122	46.93999863
6123	46.68999863
6124	46.86000061
6125	47.00999832
6126	47.02999878
6127	47.09000015
6128	47.20000076
6129	47.04999924
6130	46.84000015
6131	46.84000015
6132	46.86000061
6133	46.90000153
6134	47.04999924
6135	46.88000107
6136	46.91999817
6137	47.15000153
6138	47.02999878
6139	47.00999832
6140	46.91999817
6141	46.90000153
6142	46.93999863
6143	46.99000168
6144	47.00999832
6145	46.90000153
6146	47.09000015
6147	46.97000122
6148	46.81999969
6149	46.84000015
6150	46.84000015
6151	46.86000061
6152	47.09000015
6153	46.97000122
6154	46.90000153
6155	46.99000168
6156	47.11000061
6157	46.95999908
6158	46.99000168
6159	46.91999817
6160	46.84000015
6161	46.93999863
6162	46.86000061
6163	47.06999969
6164	47.13000107
6165	47.06999969
6166	47.06999969
6167	46.97000122
6168	46.79999924
6169	46.75
6170	46.93999863
6171	46.93999863
6172	46.95999908
6173	46.97000122
6174	46.95999908
6175	46.91999817
6176	46.93999863
6177	46.99000168
6178	47.13000107
6179	47.22000122
6180	46.86000061
6181	46.90000153
6182	46.93999863
6183	47.00999832
6184	47.02999878
6185	47.16999817
6186	47.34000015
6187	47.20000076
6188	47.06999969
6189	46.88000107
6190	46.93999863
6191	46.79999924
6192	46.68999863
6193	47.00999832
6194	46.99000168
6195	47.02999878
6196	47.11000061
6197	47.31999969
6198	46.79999924
6199	46.90000153
6200	47.02999878
6201	47.00999832
6202	47.06999969
6203	47.09000015
6204	46.90000153
6205	46.79999924
6206	47.02999878
6207	46.99000168
6208	47.20000076
6209	47.25999832
6210	46.95999908
6211	46.86000061
6212	46.77999878
6213	46.81999969
6214	46.99000168
6215	47.06999969
6216	47.29999924
6217	47.18000031
6218	46.91999817
6219	46.97000122
6220	47.06999969
6221	47.00999832
6222	47.29999924
6223	47.15000153
6224	46.88000107
6225	46.91999817
6226	46.95999908
6227	47.09000015
6228	46.90000153
6229	47.13000107
6230	47.22000122
6231	47.22000122
6232	47.27999878
6233	47.27999878
6234	47.36999893
6235	46.86000061
6236	47.00999832
6237	46.84000015
6238	46.88000107
6239	46.88000107
6240	46.99000168
6241	47.09000015
6242	47.06999969
6243	47.29999924
6244	46.97000122
6245	46.97000122
6246	46.95999908
6247	47.00999832
6248	46.97000122
6249	46.99000168
6250	47.02999878
6251	46.88000107
6252	47.02999878
6253	47.09000015
6254	47.00999832
6255	46.95999908
6256	46.70999908
6257	46.95999908
6258	46.99000168
6259	46.95999908
6260	47.27999878
6261	47.24000168
6262	47.36000061
6263	46.97000122
6264	47.29999924
6265	47.20000076
6266	47.22000122
6267	47.47000122
6268	47.43000031
6269	47.20000076
6270	47.18000031
6271	47.09000015
6272	47.20000076
6273	47.27999878
6274	47.24000168
6275	47.29999924
6276	47.52999878
6277	47.31999969
6278	47.09000015
6279	47.29999924
6280	47.22000122
6281	47.43000031
6282	47.49000168
6283	47.45000076
6284	47.34000015
6285	47.47000122
6286	47.20000076
6287	47.36000061
6288	47.54999924
6289	47.36999893
6290	47.36999893
6291	47.63999939
6292	47.52999878
6293	47.52999878
6294	47.36000061
6295	47.27999878
6296	47.43000031
6297	47.40999985
6298	47.24000168
6299	47.40999985
6300	47.59999847
6301	47.54999924
6302	47.50999832
6303	47.40999985
6304	47.20000076
6305	47.18000031
6306	47.25999832
6307	47.36000061
6308	47.36999893
6309	47.27999878
6310	47.47000122
6311	47.49000168
6312	47.31999969
6313	47.59999847
6314	47.58000183
6315	47.52999878
6316	47.65999985
6317	47.61999893
6318	47.34000015
6319	47.24000168
6320	47.29999924
6321	47.27999878
6322	47.20000076
6323	47.36000061
6324	47.31999969
6325	47.36999893
6326	47.24000168
6327	47.36000061
6328	47.36999893
6329	47.36999893
6330	47.36000061
6331	47.47000122
6332	47.49000168
6333	47.54999924
6334	47.68000031
6335	47.63999939
6336	47.68000031
6337	47.27999878
6338	47.20000076
6339	47.27999878
6340	47.20000076
6341	47.36999893
6342	47.31999969
6343	47.36999893
6344	47.45000076
6345	47.36999893
6346	47.36000061
6347	47.38999939
6348	47.31999969
6349	47.29999924
6350	47.38999939
6351	47.54999924
6352	47.54999924
6353	47.52999878
6354	47.65999985
6355	47.36999893
6356	47.29999924
6357	47.29999924
6358	47.34000015
6359	47.36999893
6360	47.34000015
6361	47.24000168
6362	47.20000076
6363	47.43000031
6364	47.34000015
6365	47.43000031
6366	47.45000076
6367	47.52999878
6368	47.52999878
6369	47.47000122
6370	47.47000122
6371	47.36999893
6372	47.27999878
6373	47.15000153
6374	47.40999985
6375	47.50999832
6376	47.34000015
6377	47.29999924
6378	47.54999924
6379	47.63999939
6380	47.50999832
6381	47.43000031
6382	47.54999924
6383	47.56999969
6384	47.49000168
6385	47.47000122
6386	47.49000168
6387	47.20000076
6388	47.18000031
6389	47.27999878
6390	47.31999969
6391	47.29999924
6392	47.34000015
6393	47.38999939
6394	47.29999924
6395	47.45000076
6396	47.52999878
6397	47.65999985
6398	47.52999878
6399	47.45000076
6400	47.36999893
6401	47.13000107
6402	47.22000122
6403	47.34000015
6404	47.27999878
6405	47.38999939
6406	47.27999878
6407	47.31999969
6408	47.36000061
6409	47.27999878
6410	47.81000137
6411	47.61999893
6412	47.61999893
6413	47.59999847
6414	47.61999893
6415	47.25999832
6416	47.22000122
6417	47.31999969
6418	47.25999832
6419	47.31999969
6420	47.20000076
6421	47.36999893
6422	47.31999969
6423	47.36000061
6424	47.52999878
6425	47.54999924
6426	47.61999893
6427	47.50999832
6428	47.49000168
6429	47.29999924
6430	47.36000061
6431	47.31999969
6432	47.38999939
6433	47.49000168
6434	47.59999847
6435	47.59999847
6436	47.70000076
6437	47.58000183
6438	47.15000153
6439	47.00999832
6440	46.88000107
6441	46.86000061
6442	46.40000153
6443	46.31000137
6444	46.09999847
6445	45.97999954
6446	45.81000137
6447	45.97999954
6448	45.95999908
6449	45.83000183
6450	45.72999954
6451	45.68000031
6452	45.43000031
6453	45.52000046
6454	45.59999847
6455	45.70000076
6456	45.72000122
6457	45.90999985
6458	46.25
6459	46.08000183
6460	46.15000153
6461	45.88999939
6462	45.83000183
6463	45.93999863
6464	45.97999954
6465	46.06000137
6466	46.15000153
6467	46.11999893
6468	46.16999817
6469	46.25
6470	46.36000061
6471	46.54000092
6472	46.5
6473	46.45999908
6474	46.38000107
6475	46.31000137
6476	46.45999908
6477	46.38000107
6478	46.40000153
6479	46.47999954
6480	46.52000046
6481	46.63000107
6482	46.68999863
6483	46.70999908
6484	46.45999908
6485	46.43999863
6486	46.29000092
6487	46.38000107
6488	46.68999863
6489	46.36000061
6490	46.52000046
6491	46.59000015
6492	46.90000153
6493	46.84000015
6494	46.43999863
6495	46.41999817
6496	46.45999908
6497	46.54999924
6498	46.65000153
6499	46.68999863
6500	46.75999832
6501	46.95999908
6502	46.75999832
6503	46.5
6504	46.61000061
6505	46.63000107
6506	46.63000107
6507	46.84000015
6508	46.93999863
6509	46.70999908
6510	46.54999924
6511	46.43999863
6512	46.52000046
6513	46.59000015
6514	46.86000061
6515	46.88000107
6516	46.81999969
6517	46.54999924
6518	46.63000107
6519	46.75
6520	46.70999908
6521	46.61000061
6522	46.79999924
6523	46.88000107
6524	46.75
6525	46.56999969
6526	46.72999954
6527	46.72999954
6528	46.79999924
6529	46.90000153
6530	46.93999863
6531	46.59000015
6532	46.84000015
6533	46.70999908
6534	46.68999863
6535	47.00999832
6536	46.63000107
6537	46.61000061
6538	46.59000015
6539	46.81999969
6540	46.65000153
6541	46.72999954
6542	46.91999817
6543	46.84000015
6544	46.63000107
6545	46.68999863
6546	46.68999863
6547	46.90000153
6548	46.70999908
6549	46.72999954
6550	46.75
6551	46.95999908
6552	46.72999954
6553	46.5
6554	46.63000107
6555	46.72999954
6556	46.88000107
6557	46.63000107
6558	46.66999817
6559	46.79999924
6560	46.84000015
6561	46.54000092
6562	46.5
6563	46.65000153
6564	46.77999878
6565	46.61000061
6566	46.43999863
6567	46.66999817
6568	46.81999969
6569	46.47999954
6570	46.66999817
6571	46.61000061
6572	46.54999924
6573	46.68999863